frame,occluded,evaluated,accept,reason,psr_bolme,psr_ratio,peak,dr_bin,dc_bin,resp00_over_peak,est_row,est_col,est_h,est_w,truth_row,truth_col,truth_h,truth_w,iou,centre_err,published,scale_idx,scale_conf,scale_reason,rails,accum_max,fch0_max,h_max,job,anchor,resp_max,rails_fch,rails_accum,rails_resp,rails_h
0,0,0,0,ZERO_RESPONSE,0.0000,0.0000,0,0,0,0.0000,497.00,640.00,406.00,224.00,497.00,640.00,406.00,224.00,1.0000,0.00,1,0,0.0000,NOT_RUN,0,0,15376,21419,0,0,0,0,0,0,0
1,0,1,1,ACCEPT,24.2826,5.0838,1881,0,2,0.6773,497.00,654.00,406.00,224.00,504.00,650.00,414.00,228.00,0.9332,8.06,1,0,2.8235,ACCEPT,0,949,13434,20125,0,0,1881,0,0,0,0
2,0,1,1,ACCEPT,8.5468,2.1764,1567,0,4,0.1327,497.00,682.00,422.24,232.96,504.50,681.50,429.00,229.00,0.9494,7.52,1,1,2.0430,ACCEPT,0,3690,11702,21225,0,0,1567,0,0,0,0
3,0,1,1,ACCEPT,9.4458,2.4516,2633,0,2,0.7068,497.00,696.56,422.24,232.96,498.50,698.00,441.00,220.00,0.9063,2.08,1,0,2.0284,ACCEPT,0,4762,9865,21878,0,0,2633,0,0,0,0
4,0,1,1,ACCEPT,7.6240,1.5501,2305,-1,-1,0.8473,483.81,689.28,422.24,232.96,492.50,699.00,453.00,200.00,0.8080,13.04,1,0,1.5825,LOW_CONF,0,5242,9168,12238,0,0,2305,0,0,0,0
5,0,1,1,ACCEPT,7.9138,1.6283,2628,0,1,0.7938,483.81,696.56,422.24,232.96,493.50,715.50,415.00,193.00,0.7929,21.27,1,0,2.5598,ACCEPT,0,3770,8503,11971,0,0,2628,0,0,0,0
6,0,1,1,ACCEPT,4.4839,1.0088,1606,5,-4,0.5386,549.75,667.44,422.24,232.96,466.50,732.50,271.00,185.00,0.3427,105.66,1,7,1.9866,MAX_STEP,0,6094,7455,10000,0,0,1606,0,0,0,0
7,0,1,1,ACCEPT,5.1549,1.1552,1295,3,1,0.5629,589.31,674.72,422.24,232.96,418.00,719.00,254.00,174.00,0.2289,176.94,1,0,2.6950,ACCEPT,0,3778,5131,11080,0,0,1295,0,0,0,0
8,0,1,1,ACCEPT,6.8318,1.6393,1677,2,8,0.2892,615.69,732.97,422.24,232.96,407.50,705.00,307.00,184.00,0.2230,210.06,1,0,2.2811,ACCEPT,0,2576,4159,13707,0,0,1677,0,0,0,0
9,0,1,1,ACCEPT,9.6779,1.7937,2348,2,0,0.4715,642.06,732.97,422.24,232.96,404.00,703.00,344.00,190.00,0.1916,239.94,1,0,2.1247,ACCEPT,0,2746,2890,14939,0,0,2348,0,0,0,0
10,0,1,1,ACCEPT,8.4605,1.4813,2213,2,2,0.6774,668.44,747.53,422.24,232.96,414.00,718.50,372.00,203.00,0.1835,256.09,1,1,1.6842,LOW_CONF,0,3057,3024,17944,0,0,2213,0,0,0,0
11,0,1,0,NEGATIVE_PEAK,-7.3582,1.2352,-2374,-5,11,0.7536,668.44,747.53,422.24,232.96,425.00,733.00,382.00,204.00,0.2249,243.87,0,0,0.0000,NOT_RUN,0,4416,2997,0,0,0,2374,0,0,0,0
12,0,1,0,NEGATIVE_PEAK,-7.3435,1.6430,-2844,-4,9,0.2180,668.44,747.53,422.24,232.96,435.00,725.50,404.00,183.00,0.2359,234.47,0,0,0.0000,NOT_RUN,0,5500,2524,0,0,0,2844,0,0,0,0
13,0,1,0,NEGATIVE_PEAK,-7.0825,1.3949,-3006,-3,9,0.3739,668.44,747.53,422.24,232.96,445.00,727.00,426.00,176.00,0.2559,224.38,0,0,0.0000,NOT_RUN,0,6760,2512,0,0,0,3006,0,0,0,0
14,0,1,0,NEGATIVE_PEAK,-5.8833,1.2481,-2098,-10,4,0.5219,668.44,747.53,422.24,232.96,417.00,713.50,392.00,165.00,0.1869,253.73,0,0,0.0000,NOT_RUN,0,5414,2561,0,0,0,2098,0,0,0,0
15,0,1,1,ACCEPT,7.0552,1.0236,2124,-6,-10,0.1502,589.31,674.72,422.24,232.96,395.00,705.50,344.00,161.00,0.2464,196.74,1,0,1.6990,LOW_CONF,0,4323,2615,17156,0,0,2124,0,0,0,0
16,0,1,1,ACCEPT,6.6394,1.3005,1744,-1,2,0.2729,576.12,689.28,439.13,242.28,390.00,726.00,236.00,170.00,0.2123,189.71,1,1,2.8144,ACCEPT,0,3372,2960,14529,0,0,1744,0,0,0,0
17,0,1,0,NEGATIVE_PEAK,-6.4548,1.0692,-1514,6,-1,0.4273,576.12,689.28,439.13,242.28,363.00,735.00,188.00,170.00,0.1318,217.97,0,0,0.0000,NOT_RUN,0,2971,3143,0,0,0,1514,0,0,0,0
18,0,1,0,NEGATIVE_PEAK,-5.9067,1.0021,-1411,-3,11,0.6485,576.12,689.28,439.13,242.28,351.50,724.50,217.00,179.00,0.1428,227.37,0,0,0.0000,NOT_RUN,0,2723,2957,0,0,0,1411,0,0,0,0
19,0,1,1,ACCEPT,5.7353,1.1044,1375,-11,-1,0.9025,425.22,681.70,422.24,232.96,353.50,716.00,231.00,192.00,0.4053,79.50,1,-1,2.7418,ACCEPT,0,3046,2729,13691,0,0,1375,0,0,0,0
20,0,1,1,ACCEPT,6.8323,1.0497,1647,0,2,0.7395,425.22,696.27,422.24,232.96,357.00,724.00,234.00,200.00,0.4373,73.64,1,0,2.8109,ACCEPT,0,3119,2451,12487,0,0,1647,0,0,0,0
21,0,1,1,ACCEPT,7.9844,1.3326,1867,0,-1,0.9122,425.22,688.98,406.00,224.00,351.50,718.00,245.00,198.00,0.4700,79.22,1,-1,2.1357,ACCEPT,0,2909,2525,12955,0,0,1867,0,0,0,0
22,0,1,1,ACCEPT,6.3168,1.1983,1644,-1,-3,0.5803,412.53,667.98,406.00,224.00,349.50,701.50,263.00,191.00,0.4795,71.39,1,5,2.6465,MAX_STEP,0,3039,2704,12791,0,0,1644,0,0,0,0
23,0,1,1,ACCEPT,7.3785,1.0453,2237,0,-1,0.9727,412.53,660.98,406.00,224.00,353.00,702.00,278.00,174.00,0.4604,72.29,1,5,2.2434,MAX_STEP,0,3774,2791,12737,0,0,2237,0,0,0,0
24,0,1,1,ACCEPT,9.3208,1.8147,2958,0,1,0.8269,412.53,667.98,390.38,215.38,356.50,704.00,289.00,154.00,0.4880,66.61,1,-1,2.3682,ACCEPT,0,4143,3009,12801,0,0,2958,0,0,0,0
25,0,1,1,ACCEPT,8.3590,1.4702,2686,0,-1,0.9423,412.53,661.25,360.93,199.14,351.50,693.50,255.00,147.00,0.4662,69.03,1,-2,2.1238,ACCEPT,0,4125,3165,12499,0,0,2686,0,0,0,0
26,0,1,1,ACCEPT,5.4273,1.0509,1630,4,-7,0.3362,457.66,617.72,360.93,199.14,362.00,672.50,148.00,129.00,0.2163,110.23,1,-12,2.2114,MAX_STEP,0,4915,3537,8774,0,0,1630,0,0,0,0
27,0,1,1,ACCEPT,7.0653,1.2609,1474,0,-1,0.9796,457.66,611.50,360.93,199.14,365.00,666.50,158.00,125.00,0.2264,107.75,1,-3,1.1385,MAX_STEP,0,3026,3563,9868,0,0,1474,0,0,0,0
28,0,1,1,ACCEPT,7.4893,1.5022,1741,5,12,0.4314,514.06,686.12,360.93,199.14,364.50,669.00,193.00,148.00,0.2311,150.54,1,0,2.4492,ACCEPT,0,2951,3371,10286,0,0,1741,0,0,0,0
29,0,1,1,ACCEPT,8.2637,1.6730,1862,1,2,0.8093,525.34,698.56,360.93,199.14,363.50,680.00,213.00,162.00,0.2354,162.90,1,0,2.0930,ACCEPT,0,3324,3090,12215,0,0,1862,0,0,0,0
30,0,1,1,ACCEPT,5.4185,1.0463,1265,9,-2,0.8451,626.88,686.12,375.37,207.10,368.50,691.50,231.00,187.00,0.0744,258.43,1,1,2.0393,ACCEPT,0,2957,2798,12194,0,0,1265,0,0,0,0
31,0,1,1,ACCEPT,8.7148,1.7137,1628,1,3,0.3397,638.61,705.53,375.37,207.10,375.00,718.00,230.00,190.00,0.0637,263.90,1,2,1.8338,LOW_CONF,0,2438,1799,12849,0,0,1628,0,0,0,0
32,0,1,1,ACCEPT,9.9759,1.7961,1735,0,-2,0.7660,638.61,692.59,375.37,207.10,375.50,713.50,241.00,191.00,0.0694,263.94,1,1,1.9908,LOW_CONF,0,2256,1951,13441,0,0,1735,0,0,0,0
33,0,1,1,ACCEPT,10.1435,1.7305,1926,0,-1,0.9081,638.61,686.12,390.38,215.38,374.50,710.00,245.00,180.00,0.0784,265.19,1,1,2.0360,ACCEPT,0,2467,2065,14818,0,0,1926,0,0,0,0
34,0,1,1,ACCEPT,8.9613,1.5384,1823,1,3,0.3758,650.81,706.33,390.38,215.38,382.00,733.50,254.00,167.00,0.0744,270.18,1,3,1.7393,MAX_STEP,0,2761,2261,14009,0,0,1823,0,0,0,0
35,0,1,1,ACCEPT,10.1492,2.1508,1897,0,0,1.0000,650.81,706.33,390.38,215.38,365.00,721.00,232.00,148.00,0.0328,286.19,1,2,1.9308,LOW_CONF,0,2654,2518,16281,0,0,1897,0,0,0,0
36,0,1,1,ACCEPT,12.3386,2.4865,2387,1,-3,0.2061,663.02,686.12,390.38,215.38,360.00,693.00,172.00,132.00,0.0000,303.09,1,2,1.5063,LOW_CONF,0,2804,2169,17010,0,0,2387,0,0,0,0
37,0,1,1,ACCEPT,12.9653,2.1912,2625,0,1,0.8869,663.02,692.86,406.00,224.00,345.50,701.50,137.00,133.00,0.0000,317.63,1,1,2.1359,ACCEPT,0,3042,1708,18119,0,0,2625,0,0,0,0
38,0,1,1,ACCEPT,12.9629,2.1968,2735,1,1,0.7386,675.70,699.86,422.24,232.96,348.50,707.00,157.00,132.00,0.0000,327.28,1,1,2.3722,ACCEPT,0,3502,1783,16036,0,0,2735,0,0,0,0
39,0,1,1,ACCEPT,13.1601,1.8410,2467,1,3,0.3482,688.89,721.70,439.13,242.28,355.50,722.50,171.00,133.00,0.0000,333.39,1,1,2.3270,ACCEPT,0,2997,1789,18073,0,0,2467,0,0,0,0
40,0,1,1,ACCEPT,12.4956,2.0876,2622,0,-1,0.9157,688.89,714.12,439.13,242.28,365.50,712.50,179.00,131.00,0.0000,323.39,1,0,2.4365,ACCEPT,0,3123,1554,18422,0,0,2622,0,0,0,0
41,0,1,1,ACCEPT,12.3609,2.0091,2648,1,1,0.9705,702.61,721.70,439.13,242.28,369.00,714.50,180.00,131.00,0.0000,333.69,1,4,1.7386,MAX_STEP,0,3256,1491,18425,0,0,2648,0,0,0,0
42,0,1,1,ACCEPT,15.7151,2.6351,3307,0,-2,0.7363,702.61,706.55,456.69,251.97,377.00,701.50,190.00,127.00,0.0000,325.65,1,1,2.3827,ACCEPT,0,3324,1555,18107,0,0,3307,0,0,0,0
43,0,1,1,ACCEPT,13.9393,2.2854,2923,1,-2,0.6996,716.88,690.80,456.69,251.97,385.00,682.00,194.00,112.00,0.0000,331.99,1,3,1.9211,MAX_STEP,0,3342,1591,17241,0,0,2923,0,0,0,0
44,0,1,1,ACCEPT,13.6940,2.1609,2418,1,1,0.8375,731.14,698.67,493.96,272.53,401.50,681.00,191.00,94.00,0.0080,330.11,1,2,2.3615,ACCEPT,0,2977,1872,15743,0,0,2418,0,0,0,0
45,0,1,1,ACCEPT,9.0375,1.9065,1386,1,1,0.6825,746.58,707.19,493.96,272.53,391.00,685.50,178.00,87.00,0.0000,356.24,1,3,2.3322,MAX_STEP,0,2510,2562,10859,0,0,1386,0,0,0,0
46,0,1,1,ACCEPT,10.1019,1.7720,1026,0,0,1.0000,746.58,707.19,493.96,272.53,365.50,682.00,143.00,84.00,0.0000,381.91,1,3,2.2359,MAX_STEP,0,1722,2366,10712,0,0,1026,0,0,0,0
47,0,1,1,ACCEPT,10.5134,2.0113,1064,0,0,1.0000,746.58,707.19,534.27,294.77,355.00,682.50,154.00,95.00,0.0000,392.36,1,2,2.3741,ACCEPT,0,1775,2366,11989,0,0,1064,0,0,0,0
48,0,1,1,ACCEPT,9.1006,1.5236,841,1,1,0.9061,763.28,716.41,534.27,294.77,353.50,688.00,193.00,110.00,0.0000,410.76,1,4,2.1817,MAX_STEP,0,1340,2538,11897,0,0,841,0,0,0,0
49,0,1,1,ACCEPT,8.9011,1.2791,834,0,0,1.0000,763.28,716.41,534.27,294.77,355.50,698.50,201.00,111.00,0.0000,408.17,1,5,2.1917,MAX_STEP,0,1455,2228,11377,0,0,834,0,0,0,0
50,0,1,1,ACCEPT,9.6527,1.7873,815,0,1,0.8736,763.28,725.62,534.27,294.77,356.50,709.50,201.00,121.00,0.0000,407.10,1,6,2.2902,MAX_STEP,0,1400,2258,12141,0,0,815,0,0,0,0
51,0,1,1,ACCEPT,11.5914,2.1530,943,0,0,1.0000,763.28,725.62,534.27,294.77,361.00,705.00,210.00,124.00,0.0000,402.81,1,5,2.3501,MAX_STEP,0,1254,2192,12927,0,0,943,0,0,0,0
52,0,1,1,ACCEPT,12.7078,1.8832,1403,0,-2,0.8140,763.28,707.19,534.27,294.77,360.50,688.50,213.00,123.00,0.0000,403.21,1,3,2.3475,MAX_STEP,0,1947,2001,11820,0,0,1403,0,0,0,0
53,0,1,1,ACCEPT,11.4625,1.7601,1181,0,0,1.0000,763.28,707.19,577.86,318.82,358.00,682.50,212.00,119.00,0.0000,406.03,1,2,2.3970,ACCEPT,0,1835,2190,12304,0,0,1181,0,0,0,0
54,0,1,1,ACCEPT,11.1501,1.8797,906,1,0,0.8576,781.34,707.19,577.86,318.82,344.00,683.50,194.00,103.00,0.0000,437.98,1,5,2.2294,MAX_STEP,0,1173,2689,10196,0,0,906,0,0,0,0
55,0,1,1,ACCEPT,13.9641,2.4045,957,0,1,0.8683,781.34,717.16,577.86,318.82,342.00,687.00,152.00,96.00,0.0000,440.38,1,5,2.3063,MAX_STEP,0,1128,2390,10606,0,0,957,0,0,0,0
56,0,1,1,ACCEPT,14.4650,2.2518,939,0,1,0.8956,781.34,727.12,577.86,318.82,321.00,691.00,118.00,94.00,0.0000,461.76,1,5,2.3512,MAX_STEP,0,1077,2164,10523,0,0,939,0,0,0,0
57,0,1,1,ACCEPT,14.1855,2.4173,1199,0,0,1.0000,781.34,727.12,577.86,318.82,313.50,692.00,129.00,86.00,0.0000,469.16,1,3,2.4831,MAX_STEP,0,1609,2163,9996,0,0,1199,0,0,0,0
58,0,1,1,ACCEPT,15.0356,2.4397,1154,0,-1,0.8969,781.34,717.16,625.02,344.84,316.00,684.00,148.00,94.00,0.0000,466.52,1,2,2.5160,ACCEPT,0,1414,2120,9980,0,0,1154,0,0,0,0
59,0,1,1,ACCEPT,14.6999,3.1715,758,1,0,0.8391,800.88,717.16,625.02,344.84,320.50,674.00,147.00,94.00,0.0000,482.31,1,5,2.4486,MAX_STEP,0,840,2743,8310,0,0,758,0,0,0,0
60,0,1,1,ACCEPT,12.5195,1.7817,800,0,-1,0.9525,800.88,706.38,625.02,344.84,315.50,670.00,147.00,92.00,0.0000,486.74,1,7,2.3498,MAX_STEP,0,1038,2228,11178,0,0,800,0,0,0,0
61,0,1,1,ACCEPT,15.4316,2.4022,1093,0,1,0.9689,800.88,717.16,625.02,344.84,312.00,671.00,156.00,92.00,0.0000,491.05,1,7,2.4294,MAX_STEP,0,1260,2132,11045,0,0,1093,0,0,0,0
62,0,1,1,ACCEPT,16.2077,2.4964,1051,-1,-1,0.9734,781.34,706.38,625.02,344.84,306.00,667.00,158.00,82.00,0.0000,476.97,1,3,2.4561,MAX_STEP,0,1136,2044,10538,0,0,1051,0,0,0,0
63,0,1,1,ACCEPT,15.2508,2.2372,877,1,1,0.9042,800.88,717.16,625.02,344.84,302.50,670.50,155.00,77.00,0.0000,500.55,1,6,2.4120,MAX_STEP,0,999,2402,9875,0,0,877,0,0,0,0
64,0,1,1,ACCEPT,18.1481,2.8771,1030,0,0,1.0000,800.88,717.16,625.02,344.84,291.50,663.50,117.00,75.00,0.0000,512.19,1,6,2.4101,MAX_STEP,0,1049,2088,10998,0,0,1030,0,0,0,0
65,0,1,1,ACCEPT,15.1315,2.5354,1075,-1,-1,0.9907,781.34,706.38,625.02,344.84,273.00,658.00,118.00,78.00,0.0000,510.64,1,3,2.5990,MAX_STEP,0,1400,2147,11228,0,0,1075,0,0,0,0
66,0,1,1,ACCEPT,20.8345,3.5806,999,1,-1,0.7447,800.88,695.59,625.02,344.84,273.50,643.00,135.00,88.00,0.0000,529.99,1,6,2.4181,MAX_STEP,0,851,2223,10014,0,0,999,0,0,0,0
67,0,1,1,ACCEPT,20.0710,3.3705,1028,0,1,0.9815,800.88,706.38,625.02,344.84,283.50,653.00,135.00,92.00,0.0000,520.12,1,4,2.4196,MAX_STEP,0,852,1848,11882,0,0,1028,0,0,0,0
68,0,1,1,ACCEPT,18.1926,2.6983,1252,1,-1,0.8522,820.41,695.59,625.02,344.84,294.00,644.50,140.00,93.00,0.0000,528.88,1,6,2.5188,MAX_STEP,0,1278,2130,9243,0,0,1252,0,0,0,0
69,0,1,1,ACCEPT,19.4799,2.9548,981,0,0,1.0000,820.41,695.59,625.02,344.84,297.00,641.50,146.00,93.00,0.0000,526.19,1,6,2.4657,MAX_STEP,0,1022,1899,11586,0,0,981,0,0,0,0
70,0,1,1,ACCEPT,19.6133,2.7313,986,0,-1,0.9260,820.41,684.81,625.02,344.84,306.00,640.50,160.00,89.00,0.0000,516.31,1,5,2.4131,MAX_STEP,0,904,1728,11026,0,0,986,0,0,0,0
71,0,1,1,ACCEPT,18.0665,2.7834,1272,0,0,1.0000,820.41,684.81,625.02,344.84,306.00,644.00,160.00,84.00,0.0000,516.02,1,3,2.4468,MAX_STEP,0,1382,2016,10029,0,0,1272,0,0,0,0
72,0,1,1,ACCEPT,15.1723,2.5473,1103,0,0,1.0000,820.41,684.81,676.02,372.98,297.50,635.50,153.00,75.00,0.0000,525.23,1,2,2.5593,ACCEPT,0,1099,2159,9684,0,0,1103,0,0,0,0
73,0,1,1,ACCEPT,18.2642,4.0491,907,1,1,0.8556,841.53,696.47,676.02,372.98,288.00,640.50,136.00,71.00,0.0000,556.35,1,5,2.4692,MAX_STEP,0,688,2773,7313,0,0,907,0,0,0,0
74,0,1,1,ACCEPT,14.2093,3.3149,779,0,0,1.0000,841.53,696.47,676.02,372.98,290.50,640.00,87.00,78.00,0.0000,553.92,1,4,2.3971,MAX_STEP,0,908,2364,8572,0,0,779,0,0,0,0
75,0,1,1,ACCEPT,13.1834,3.0989,846,0,0,1.0000,841.53,696.47,676.02,372.98,286.50,641.00,93.00,76.00,0.0000,557.80,1,4,2.4147,MAX_STEP,0,869,2126,9469,0,0,846,0,0,0,0
76,0,1,1,ACCEPT,18.8834,3.6667,979,0,0,1.0000,841.53,696.47,676.02,372.98,286.00,638.50,106.00,75.00,0.0000,558.55,1,3,2.4836,MAX_STEP,0,827,2438,8907,0,0,979,0,0,0,0
77,0,1,1,ACCEPT,7.7671,1.2466,647,2,0,0.6461,883.78,696.47,676.02,372.98,292.50,636.50,107.00,73.00,0.0000,594.31,1,-3,1.4460,MAX_STEP,0,2211,3516,21512,0,0,647,0,0,0,0
78,0,1,1,ACCEPT,8.0137,1.3169,1039,0,0,1.0000,883.78,696.47,676.02,372.98,299.00,644.00,100.00,70.00,0.0000,587.13,1,-4,1.4252,MAX_STEP,0,2939,3500,29896,0,0,1039,0,0,0,0
79,0,1,1,ACCEPT,8.1676,1.3375,1716,0,-1,0.9277,883.78,684.81,676.02,372.98,300.00,629.00,108.00,66.00,0.0000,586.44,1,-4,1.4722,MAX_STEP,0,4684,5831,9100,0,0,1716,0,0,0,0
80,0,1,1,ACCEPT,9.2639,1.4403,700,0,-1,0.8557,883.78,673.16,676.02,372.98,300.00,621.50,114.00,61.00,0.0000,586.06,1,-4,1.4155,MAX_STEP,0,1395,3033,17096,0,0,700,0,0,0,0
81,0,1,1,ACCEPT,7.7471,1.2921,1119,0,1,0.9759,883.78,684.81,676.02,372.98,298.00,623.50,108.00,61.00,0.0000,588.98,1,-4,1.4274,MAX_STEP,0,2431,4062,11620,0,0,1119,0,0,0,0
82,0,1,1,ACCEPT,9.7229,1.7470,870,0,0,1.0000,883.78,684.81,676.02,372.98,288.50,623.50,97.00,63.00,0.0000,598.43,1,-5,1.4005,MAX_STEP,0,1604,4032,13640,0,0,870,0,0,0,0
83,0,1,1,ACCEPT,8.2172,1.3618,990,1,-2,0.7273,904.91,661.50,676.02,372.98,287.00,613.50,92.00,65.00,0.0000,619.77,1,-2,1.2778,LOW_CONF,0,1688,3415,13382,0,0,990,0,0,0,0
84,0,1,1,ACCEPT,9.3564,1.8521,1165,0,1,0.9622,904.91,673.16,676.02,372.98,286.50,608.50,99.00,63.00,0.0000,621.78,1,-2,1.2954,LOW_CONF,0,2118,3207,13335,0,0,1165,0,0,0,0
85,0,1,1,ACCEPT,6.0172,1.0055,550,1,-9,0.8218,926.03,568.25,676.02,372.98,287.50,606.50,95.00,59.00,0.0000,639.68,1,0,1.6049,LOW_CONF,0,1407,4116,11478,0,0,550,0,0,0,0
86,0,1,1,ACCEPT,20.7099,1.7947,874,-2,8,0.0126,883.78,661.50,676.02,372.98,296.00,601.00,96.00,52.00,0.0000,590.89,1,-16,2.4345,AT_SEARCH_RAIL,0,536,1559,13242,0,0,874,0,0,0,0
87,0,1,1,ACCEPT,21.9124,1.8462,672,1,-1,0.6384,904.91,649.84,676.02,372.98,303.50,594.00,95.00,54.00,0.0000,603.99,1,-15,2.6331,MAX_STEP,0,366,2851,6067,0,0,672,0,0,0,0
88,0,1,1,ACCEPT,23.1856,2.2183,630,0,0,1.0000,904.91,649.84,676.02,372.98,311.00,601.00,104.00,54.00,0.0000,595.91,1,-16,2.0560,AT_SEARCH_RAIL,0,361,2290,7724,0,0,630,0,0,0,0
89,0,1,1,ACCEPT,22.4075,2.0794,786,0,1,0.7112,904.91,661.50,676.02,372.98,307.00,614.50,100.00,55.00,0.0000,599.75,1,-16,2.2150,AT_SEARCH_RAIL,0,492,1973,9829,0,0,786,0,0,0,0
90,0,1,1,ACCEPT,23.3255,2.2783,786,0,-1,0.8944,904.91,649.84,676.02,372.98,305.50,605.00,101.00,56.00,0.0000,601.08,1,-15,2.8503,MAX_STEP,0,526,1982,9307,0,0,786,0,0,0,0
91,0,1,1,ACCEPT,23.4194,2.2216,802,0,-1,0.8080,904.91,638.19,676.02,372.98,302.00,594.50,94.00,57.00,0.0000,604.49,1,-15,2.6767,MAX_STEP,0,557,1870,9295,0,0,802,0,0,0,0
92,0,1,1,ACCEPT,22.4067,2.1751,770,0,-2,0.5299,904.91,614.88,676.02,372.98,301.50,574.00,75.00,64.00,0.0000,604.79,1,-16,2.5700,AT_SEARCH_RAIL,0,492,1969,9310,0,0,770,0,0,0,0
93,0,1,1,ACCEPT,23.8379,2.0175,922,0,-1,0.8330,904.91,603.22,676.02,372.98,296.50,557.50,67.00,73.00,0.0000,610.12,1,-16,2.4246,AT_SEARCH_RAIL,0,564,1682,10227,0,0,922,0,0,0,0
94,0,1,1,ACCEPT,24.2727,2.0731,879,0,0,1.0000,904.91,603.22,676.02,372.98,287.00,554.50,62.00,79.00,0.0000,619.82,1,-14,2.4341,MAX_STEP,0,604,1411,12532,0,0,879,0,0,0,0
95,0,1,1,ACCEPT,25.1916,2.2815,997,-1,0,0.9559,883.78,603.22,676.02,372.98,281.50,554.00,57.00,82.00,0.0000,604.29,1,-16,2.4477,AT_SEARCH_RAIL,0,621,1422,11667,0,0,997,0,0,0,0
96,0,1,1,ACCEPT,26.7191,2.5142,973,0,-1,0.8417,883.78,591.56,676.02,372.98,280.50,548.50,57.00,95.00,0.0000,604.82,1,-16,2.3283,AT_SEARCH_RAIL,0,570,1845,10544,0,0,973,0,0,0,0
97,0,1,1,ACCEPT,25.5372,2.2806,1081,1,0,0.8418,904.91,591.56,676.02,372.98,290.00,547.50,58.00,109.00,0.0000,616.48,1,-15,2.6853,MAX_STEP,0,545,1913,10746,0,0,1081,0,0,0,0
98,0,1,1,ACCEPT,27.4629,2.1068,1026,1,-1,0.5809,926.03,579.91,676.02,372.98,307.50,528.00,65.00,108.00,0.0000,620.71,1,-15,2.6151,MAX_STEP,0,505,1447,13436,0,0,1026,0,0,0,0
99,0,1,1,ACCEPT,28.8876,2.4755,1312,0,0,1.0000,926.03,579.91,676.02,372.98,307.50,537.00,53.00,110.00,0.0000,620.02,1,-15,2.4098,MAX_STEP,0,616,1023,14937,0,0,1312,0,0,0,0
100,0,1,1,ACCEPT,27.9556,2.6338,1230,0,-3,0.1919,926.03,544.94,676.02,372.98,315.00,500.50,54.00,107.00,0.0000,612.64,1,16,2.4600,AT_SEARCH_RAIL,0,610,1290,16484,0,0,1230,0,0,0,0
101,0,1,1,ACCEPT,24.8780,2.2512,1416,0,-1,0.8658,926.03,533.28,676.02,372.98,308.00,483.00,54.00,108.00,0.0000,620.07,1,-16,2.4927,AT_SEARCH_RAIL,0,807,1221,12294,0,0,1416,0,0,0,0
102,0,1,1,ACCEPT,25.8074,2.5114,1208,0,-1,0.9387,926.03,521.62,676.02,372.98,306.00,472.00,56.00,114.00,0.0000,622.01,1,-16,2.1806,AT_SEARCH_RAIL,0,729,1269,14562,0,0,1208,0,0,0,0
103,0,1,1,ACCEPT,27.6836,2.2866,1500,0,1,0.8627,926.03,533.28,676.02,372.98,304.50,491.00,59.00,140.00,0.0000,622.97,1,-15,2.3643,MAX_STEP,0,839,1268,14127,0,0,1500,0,0,0,0
104,0,1,1,ACCEPT,29.1953,2.4223,1434,-1,2,0.2483,904.91,556.59,676.02,372.98,278.50,508.50,57.00,137.00,0.0000,628.25,1,-15,2.2439,MAX_STEP,0,680,1000,17703,0,0,1434,0,0,0,0
105,0,1,1,ACCEPT,28.9949,2.4046,1664,0,0,1.0000,904.91,556.59,676.02,372.98,278.00,505.50,66.00,139.00,0.0000,628.98,1,-15,2.2536,MAX_STEP,0,872,1406,13620,0,0,1664,0,0,0,0
106,0,1,1,ACCEPT,30.2284,2.7567,1439,0,0,1.0000,904.91,556.59,676.02,372.98,271.50,508.00,67.00,130.00,0.0000,635.27,1,-14,2.3433,MAX_STEP,0,861,1339,15532,0,0,1439,0,0,0,0
107,0,1,1,ACCEPT,30.8060,2.8113,1639,0,1,0.7706,904.91,568.25,676.02,372.98,269.00,512.50,74.00,133.00,0.0000,638.35,1,-14,2.3446,MAX_STEP,0,884,1260,13797,0,0,1639,0,0,0,0
108,0,1,1,ACCEPT,29.5180,2.6975,1400,-1,0,0.9779,883.78,568.25,676.02,372.98,263.50,514.00,83.00,134.00,0.0000,622.65,1,-16,2.4092,AT_SEARCH_RAIL,0,700,1379,12814,0,0,1400,0,0,0,0
109,0,1,1,ACCEPT,31.9439,2.9530,1509,0,1,0.7840,883.78,579.91,676.02,372.98,259.50,531.00,93.00,134.00,0.0000,626.19,1,-16,2.5675,AT_SEARCH_RAIL,0,721,1726,12239,0,0,1509,0,0,0,0
110,0,1,1,ACCEPT,32.9753,2.8891,1641,1,3,0.0774,904.91,614.88,676.02,372.98,261.00,557.50,106.00,147.00,0.0000,646.46,1,-15,2.4460,MAX_STEP,0,844,1755,12095,0,0,1641,0,0,0,0
111,0,1,1,ACCEPT,33.6324,2.8434,1453,0,0,1.0000,904.91,614.88,676.02,372.98,263.00,557.50,110.00,147.00,0.0000,644.47,1,-15,2.6895,MAX_STEP,0,629,1482,12371,0,0,1453,0,0,0,0
112,0,1,1,ACCEPT,30.9793,3.1678,1454,0,0,1.0000,904.91,614.88,676.02,372.98,262.00,561.50,114.00,159.00,0.0000,645.12,1,-16,2.4293,AT_SEARCH_RAIL,0,723,1455,13528,0,0,1454,0,0,0,0
113,0,1,1,ACCEPT,34.2619,3.3173,1725,1,0,0.9786,926.03,614.88,676.02,372.98,263.50,554.50,109.00,169.00,0.0000,665.28,1,-15,2.4118,MAX_STEP,0,736,1419,14894,0,0,1725,0,0,0,0
114,0,1,1,ACCEPT,33.1809,3.1398,1774,0,0,1.0000,926.03,614.88,676.02,372.98,261.50,556.50,115.00,165.00,0.0000,667.09,1,-15,2.4000,MAX_STEP,0,822,1052,16984,0,0,1774,0,0,0,0
115,0,1,1,ACCEPT,35.5144,3.1029,1930,0,0,1.0000,926.03,614.88,676.02,372.98,259.50,561.50,107.00,165.00,0.0000,668.66,1,-15,2.2612,MAX_STEP,0,995,1202,16767,0,0,1930,0,0,0,0
116,0,1,1,ACCEPT,34.0835,3.2160,1965,0,0,1.0000,926.03,614.88,676.02,372.98,256.50,564.00,101.00,136.00,0.0000,671.46,1,-15,2.5722,MAX_STEP,0,1074,1276,15818,0,0,1965,0,0,0,0
117,0,1,1,ACCEPT,37.5543,3.3255,1972,0,1,0.8474,926.03,626.53,676.02,372.98,247.50,561.50,105.00,119.00,0.0000,681.64,1,-15,2.6972,MAX_STEP,0,1015,1227,16423,0,0,1972,0,0,0,0
118,0,1,1,ACCEPT,31.6929,2.9642,1823,0,0,1.0000,926.03,626.53,676.02,372.98,248.50,573.50,115.00,93.00,0.0000,679.60,1,-16,1.9443,AT_SEARCH_RAIL,0,928,1239,15617,0,0,1823,0,0,0,0
119,0,1,1,ACCEPT,32.4074,3.3653,1861,0,0,1.0000,926.03,626.53,676.02,372.98,250.00,580.50,130.00,79.00,0.0000,677.60,1,16,2.3829,AT_SEARCH_RAIL,0,994,1252,17121,0,0,1861,0,0,0,0
120,0,1,1,ACCEPT,19.9178,2.8369,2105,1,0,0.9401,947.16,626.53,676.02,372.98,247.50,588.50,139.00,79.00,0.0000,700.69,1,-15,1.3922,MAX_STEP,0,1702,1155,28643,0,0,2105,0,0,0,0
121,0,1,1,ACCEPT,7.3394,1.0376,2044,12,0,0.7818,1200.66,626.53,676.02,372.98,250.00,587.50,140.00,79.00,0.0000,951.46,1,-2,1.9790,LOW_CONF,0,4821,1544,24898,0,0,2044,0,0,0,0
122,0,1,1,ACCEPT,8.1790,1.1009,1658,13,1,0.4379,1475.28,638.19,676.02,372.98,251.00,592.00,140.00,88.00,0.0000,1225.15,1,-2,1.7781,LOW_CONF,0,3806,6495,663,0,0,1658,0,0,0,0
123,0,1,1,ACCEPT,8.3412,1.1136,49,13,2,0.3265,1749.91,661.50,676.02,372.98,256.50,596.00,137.00,86.00,0.0000,1494.84,1,-1,1.4879,LOW_CONF,0,102,6420,515,0,0,49,0,0,0,0
124,0,1,1,ACCEPT,8.3811,1.0952,23,11,0,0.3913,1982.28,661.50,650.02,358.63,259.50,590.00,139.00,88.00,0.0000,1724.26,1,-1,2.4765,ACCEPT,0,48,5747,582,0,0,23,0,0,0,0
125,0,1,1,ACCEPT,8.1927,1.1304,26,14,0,0.4231,2266.66,661.50,625.02,344.84,257.50,588.00,145.00,74.00,0.0000,2010.50,1,-1,2.7437,ACCEPT,0,62,4955,630,0,0,26,0,0,0,0
126,0,1,1,ACCEPT,8.3144,1.1600,29,13,0,0.4138,2520.56,661.50,600.98,331.57,259.00,591.00,150.00,68.00,0.0000,2262.66,1,-1,2.7637,ACCEPT,0,62,4210,658,0,0,29,0,0,0,0
127,0,1,1,ACCEPT,7.2643,1.0500,21,10,-2,0.1905,2708.38,640.78,577.86,318.82,258.50,578.50,157.00,71.00,0.0000,2450.67,1,-1,2.7408,ACCEPT,0,54,3520,733,0,0,21,0,0,0,0
128,0,1,1,ACCEPT,7.1721,1.0909,24,11,1,0.3750,2907.06,650.75,555.64,306.56,255.50,596.50,163.00,75.00,0.0000,2652.12,1,-1,2.7788,ACCEPT,0,65,3326,688,0,0,24,0,0,0,0
129,0,1,1,ACCEPT,7.2979,1.1667,21,14,1,0.4286,3150.09,660.33,577.86,318.82,257.00,590.50,162.00,91.00,0.0000,2893.94,1,1,2.2331,ACCEPT,0,56,2751,748,0,0,21,0,0,0,0
130,0,1,1,ACCEPT,7.5015,1.0526,20,10,-2,0.2500,3330.72,640.39,555.64,306.56,249.00,593.00,176.00,80.00,0.0000,3082.08,1,-1,2.7393,ACCEPT,0,52,2279,816,0,0,20,0,0,0,0
131,0,1,1,ACCEPT,7.4933,1.0909,24,14,2,0.3333,3573.75,659.55,577.86,318.82,249.00,597.00,170.00,84.00,0.0000,3325.34,1,1,2.8642,ACCEPT,0,67,2535,747,0,0,24,0,0,0,0
132,0,1,1,ACCEPT,7.2767,1.0556,19,11,0,0.4211,3772.44,659.55,555.64,306.56,255.00,618.50,158.00,75.00,0.0000,3517.68,1,-1,2.9804,ACCEPT,0,49,2225,783,0,0,19,0,0,0,0
133,0,1,1,ACCEPT,7.4725,1.1000,22,11,1,0.3636,3963.39,669.12,534.27,294.77,258.00,632.00,150.00,80.00,0.0000,3705.58,1,-1,2.9643,ACCEPT,0,56,2588,783,0,0,22,0,0,0,0
134,0,1,1,ACCEPT,7.6040,1.1000,22,10,3,0.0000,4130.42,696.78,513.72,283.43,269.50,651.50,129.00,83.00,0.0000,3861.19,1,-1,3.0745,ACCEPT,0,57,2445,761,0,0,22,0,0,0,0
135,0,1,1,ACCEPT,6.6874,1.1429,16,11,0,0.4375,4306.94,696.78,513.72,283.43,271.50,641.00,127.00,92.00,0.0000,4035.82,1,0,3.1457,ACCEPT,0,51,2386,817,0,0,16,0,0,0,0
136,0,1,1,ACCEPT,6.7008,1.0000,19,9,1,0.4737,4451.36,705.64,534.27,294.77,268.00,635.50,128.00,107.00,0.0000,4183.95,1,1,2.7012,ACCEPT,0,59,2594,809,0,0,19,0,0,0,0
137,0,1,1,ACCEPT,7.3147,1.0556,19,9,-2,0.2105,4601.69,687.20,513.72,283.43,271.50,625.00,127.00,94.00,0.0000,4330.63,1,-1,2.9729,ACCEPT,0,53,2468,825,0,0,19,0,0,0,0
138,0,1,1,ACCEPT,7.0399,1.0000,20,9,-2,0.4000,4746.11,669.48,493.96,272.53,271.50,604.50,129.00,103.00,0.0000,4475.08,1,-1,2.8628,ACCEPT,0,55,2553,764,0,0,20,0,0,0,0
139,0,1,1,ACCEPT,7.5165,1.1053,21,12,1,0.4762,4931.36,678.00,493.96,272.53,270.50,607.00,131.00,92.00,0.0000,4661.40,1,0,3.0332,ACCEPT,0,55,2711,761,0,0,21,0,0,0,0
140,0,1,1,ACCEPT,6.4443,1.0625,17,9,1,0.4706,5070.30,686.52,513.72,283.43,273.50,605.00,131.00,100.00,0.0000,4797.49,1,1,2.4299,ACCEPT,0,55,2725,785,0,0,17,0,0,0,0
141,0,1,1,ACCEPT,7.1617,1.0000,18,9,-2,0.2222,5214.72,668.80,493.96,272.53,278.50,595.50,141.00,83.00,0.0000,4936.76,1,-1,3.0663,ACCEPT,0,50,2524,791,0,0,18,0,0,0,0
142,0,1,1,ACCEPT,7.2176,1.0556,19,9,1,0.4737,5353.66,677.31,493.96,272.53,281.00,604.00,144.00,70.00,0.0000,5073.19,1,0,3.1507,ACCEPT,0,53,2663,794,0,0,19,0,0,0,0
143,0,1,1,ACCEPT,7.2013,1.0556,19,9,1,0.5263,5492.59,685.83,493.96,272.53,284.50,612.50,145.00,69.00,0.0000,5208.61,1,0,3.0565,ACCEPT,0,52,2694,778,0,0,19,0,0,0,0
144,0,1,1,ACCEPT,7.7626,1.1111,20,9,2,0.3500,5631.53,702.86,493.96,272.53,291.50,636.00,141.00,66.00,0.0000,5340.45,1,0,3.1878,ACCEPT,0,49,2588,776,0,0,20,0,0,0,0
145,0,1,1,ACCEPT,7.9999,1.1765,20,11,2,0.3500,5801.34,719.89,493.96,272.53,297.50,653.50,143.00,67.00,0.0000,5504.24,1,0,3.0880,ACCEPT,0,49,2566,801,0,0,20,0,0,0,0
146,0,1,1,ACCEPT,7.7589,1.0500,21,9,2,0.2381,5940.28,736.92,474.96,262.05,300.50,676.50,123.00,73.00,0.0000,5640.10,1,-1,3.0493,ACCEPT,0,56,2677,772,0,0,21,0,0,0,0
147,0,1,1,ACCEPT,7.2601,1.1875,19,10,0,0.5263,6088.72,736.92,474.96,262.05,301.00,680.50,118.00,83.00,0.0000,5787.99,1,0,3.0355,ACCEPT,0,54,2900,753,0,0,19,0,0,0,0
148,0,1,1,ACCEPT,7.3799,1.0000,17,7,-2,0.1765,6192.62,720.55,474.96,262.05,299.50,670.50,119.00,95.00,0.0000,5893.34,1,0,3.0023,ACCEPT,0,49,2640,821,0,0,17,0,0,0,0
149,0,1,1,ACCEPT,7.0538,1.0588,18,8,-1,0.5000,6311.38,712.36,474.96,262.05,293.50,660.00,119.00,98.00,0.0000,6018.10,1,0,2.9202,ACCEPT,0,53,2626,791,0,0,18,0,0,0,0
150,0,1,1,ACCEPT,7.1475,1.1250,18,9,1,0.5556,6444.97,720.55,474.96,262.05,283.50,665.00,125.00,104.00,0.0000,6161.72,1,0,3.0204,ACCEPT,0,51,2701,760,0,0,18,0,0,0,0
151,0,1,1,ACCEPT,7.0338,1.1333,17,10,0,0.5294,6593.41,720.55,456.69,251.97,274.50,670.50,127.00,99.00,0.0000,6319.10,1,-1,3.0077,ACCEPT,0,46,2600,783,0,0,17,0,0,0,0
152,0,1,1,ACCEPT,6.5024,1.0667,16,8,0,0.5625,6707.53,720.55,456.69,251.97,256.50,662.00,135.00,98.00,0.0000,6451.30,1,0,2.7946,ACCEPT,0,51,2613,800,0,0,16,0,0,0,0
153,0,1,1,ACCEPT,7.7694,1.2000,6,7,2,0.0000,6807.39,736.30,456.69,251.97,247.50,672.50,143.00,85.00,0.0000,6560.20,1,0,2.3158,ACCEPT,0,12,1049,2010,0,0,6,0,0,0,0
154,0,1,0,NEGATIVE_PEAK,-4.2653,1.0000,-3,0,0,1.0000,6807.39,736.30,456.69,251.97,229.50,674.50,167.00,87.00,0.0000,6578.18,0,0,0.0000,NOT_RUN,0,5,824,0,0,0,4,0,0,0,0
155,0,1,0,NEGATIVE_PEAK,-4.3228,1.0000,-3,-31,-1,0.6667,6807.39,736.30,456.69,251.97,225.00,666.50,158.00,85.00,0.0000,6582.76,0,0,0.0000,NOT_RUN,0,9,777,0,0,0,4,0,0,0,0
156,0,1,0,NEGATIVE_PEAK,-3.7764,1.0000,-3,5,7,0.6667,6807.39,736.30,456.69,251.97,225.00,667.50,154.00,67.00,0.0000,6582.75,0,0,0.0000,NOT_RUN,0,13,701,0,0,0,4,0,0,0,0
157,0,1,0,NEGATIVE_PEAK,-3.7082,1.0000,-4,0,-1,0.7500,6807.39,736.30,456.69,251.97,239.00,684.00,152.00,60.00,0.0000,6568.60,0,0,0.0000,NOT_RUN,0,18,797,0,0,0,4,0,0,0,0
158,0,1,0,NEGATIVE_PEAK,-3.2964,1.0000,-3,1,21,0.6667,6807.39,736.30,456.69,251.97,244.50,684.00,135.00,56.00,0.0000,6563.10,0,0,0.0000,NOT_RUN,0,12,757,0,0,0,4,0,0,0,0
159,0,1,0,NEGATIVE_PEAK,-4.4236,1.0000,-3,-26,-1,0.6667,6807.39,736.30,456.69,251.97,246.50,673.50,125.00,67.00,0.0000,6561.19,0,0,0.0000,NOT_RUN,0,8,486,0,0,0,4,0,0,0,0
160,0,1,0,NEGATIVE_PEAK,-4.2341,1.0000,-3,25,-1,0.6667,6807.39,736.30,456.69,251.97,243.00,677.00,132.00,70.00,0.0000,6564.66,0,0,0.0000,NOT_RUN,0,10,353,0,0,0,4,0,0,0,0
161,0,1,0,NEGATIVE_PEAK,-4.1127,1.0000,-3,26,-1,0.6667,6807.39,736.30,456.69,251.97,244.50,679.50,135.00,75.00,0.0000,6563.14,0,0,0.0000,NOT_RUN,0,9,406,0,0,0,4,0,0,0,0
162,0,1,0,NEGATIVE_PEAK,-4.4612,1.5000,-3,-18,-1,0.3333,6807.39,736.30,456.69,251.97,239.00,660.50,132.00,71.00,0.0000,6568.83,0,0,0.0000,NOT_RUN,0,9,518,0,0,0,4,0,0,0,0
163,0,1,0,NEGATIVE_PEAK,-4.3876,1.0000,-3,-27,-1,0.6667,6807.39,736.30,456.69,251.97,234.00,655.00,146.00,72.00,0.0000,6573.89,0,0,0.0000,NOT_RUN,0,7,507,0,0,0,4,0,0,0,0
164,0,1,0,NEGATIVE_PEAK,-4.6751,1.0000,-4,0,-1,0.7500,6807.39,736.30,456.69,251.97,217.50,658.50,149.00,65.00,0.0000,6590.35,0,0,0.0000,NOT_RUN,0,11,489,0,0,0,4,0,0,0,0
165,0,1,1,ACCEPT,4.1695,1.0000,13,7,0,0.5385,6907.25,736.30,456.69,251.97,200.00,666.00,162.00,68.00,0.0000,6707.62,1,0,3.0014,ACCEPT,0,88,4776,673,0,0,14,0,0,0,0
166,0,1,0,NEGATIVE_PEAK,-5.7417,1.0000,-5,5,0,0.8000,6907.25,736.30,456.69,251.97,160.50,678.00,159.00,68.00,0.0000,6747.00,0,0,0.0000,NOT_RUN,0,11,8601,0,0,0,5,0,0,0,0
167,0,1,0,NEGATIVE_PEAK,-3.9149,1.3333,-4,-1,0,0.5000,6907.25,736.30,456.69,251.97,157.00,679.00,152.00,64.00,0.0000,6750.49,0,0,0.0000,NOT_RUN,0,17,2182,0,0,0,4,0,0,0,0
168,0,1,0,NEGATIVE_PEAK,-4.4205,1.0000,-3,0,-1,0.6667,6907.25,736.30,456.69,251.97,158.00,686.00,130.00,60.00,0.0000,6749.44,0,0,0.0000,NOT_RUN,0,8,1475,0,0,0,4,0,0,0,0
169,0,1,0,NEGATIVE_PEAK,-4.2742,1.0000,-3,0,-1,0.6667,6907.25,736.30,456.69,251.97,158.50,684.00,125.00,60.00,0.0000,6748.95,0,0,0.0000,NOT_RUN,0,8,1487,0,0,0,4,0,0,0,0
170,0,1,0,NEGATIVE_PEAK,-2.7356,1.0000,-2,0,0,1.0000,6907.25,736.30,456.69,251.97,158.50,681.50,135.00,65.00,0.0000,6748.97,0,0,0.0000,NOT_RUN,0,7,1956,0,0,0,3,0,0,0,0
171,0,1,0,NEGATIVE_PEAK,-4.1847,1.0000,-3,0,-1,0.6667,6907.25,736.30,456.69,251.97,155.00,670.50,144.00,73.00,0.0000,6752.57,0,0,0.0000,NOT_RUN,0,8,1478,0,0,0,4,0,0,0,0
172,0,1,0,NEGATIVE_PEAK,-4.1005,1.0000,-3,-9,-1,0.6667,6907.25,736.30,456.69,251.97,148.00,692.50,150.00,93.00,0.0000,6759.39,0,0,0.0000,NOT_RUN,0,8,820,0,0,0,4,0,0,0,0
173,0,1,0,NEGATIVE_PEAK,-4.5284,1.5000,-3,0,-1,0.6667,6907.25,736.30,456.69,251.97,144.00,705.00,160.00,94.00,0.0000,6763.32,0,0,0.0000,NOT_RUN,0,8,476,0,0,0,4,0,0,0,0
174,0,1,0,NEGATIVE_PEAK,-4.2873,1.0000,-3,0,-1,0.6667,6907.25,736.30,456.69,251.97,131.00,710.50,174.00,91.00,0.0000,6776.30,0,0,0.0000,NOT_RUN,0,6,496,0,0,0,4,0,0,0,0
175,0,1,0,NEGATIVE_PEAK,-3.6667,1.0000,-3,0,-1,0.6667,6907.25,736.30,456.69,251.97,123.50,717.00,185.00,92.00,0.0000,6783.78,0,0,0.0000,NOT_RUN,0,8,542,0,0,0,4,0,0,0,0
176,0,1,0,NEGATIVE_PEAK,-4.4382,1.0000,-3,0,-1,0.6667,6907.25,736.30,456.69,251.97,123.50,713.50,179.00,81.00,0.0000,6783.79,0,0,0.0000,NOT_RUN,0,5,763,0,0,0,4,0,0,0,0
177,0,1,0,NEGATIVE_PEAK,-4.3858,1.5000,-3,-5,-1,0.6667,6907.25,736.30,456.69,251.97,132.50,693.00,159.00,72.00,0.0000,6774.89,0,0,0.0000,NOT_RUN,0,6,832,0,0,0,3,0,0,0,0
178,0,1,0,NEGATIVE_PEAK,-4.3412,1.0000,-3,0,-1,0.6667,6907.25,736.30,456.69,251.97,141.50,674.00,145.00,60.00,0.0000,6766.04,0,0,0.0000,NOT_RUN,0,2,435,0,0,0,4,0,0,0,0
179,0,1,0,NEGATIVE_PEAK,-4.1924,1.0000,-3,0,0,1.0000,6907.25,736.30,456.69,251.97,146.00,678.00,148.00,64.00,0.0000,6761.50,0,0,0.0000,NOT_RUN,0,8,393,0,0,0,4,0,0,0,0
180,0,1,0,NEGATIVE_PEAK,-4.4954,1.0000,-3,0,-1,0.6667,6907.25,736.30,456.69,251.97,152.00,686.00,148.00,70.00,0.0000,6755.44,0,0,0.0000,NOT_RUN,0,7,291,0,0,0,4,0,0,0,0
181,0,1,0,NEGATIVE_PEAK,-4.4312,1.0000,-3,30,-1,0.6667,6907.25,736.30,456.69,251.97,162.50,675.00,151.00,68.00,0.0000,6745.03,0,0,0.0000,NOT_RUN,0,8,289,0,0,0,4,0,0,0,0
182,0,1,0,NEGATIVE_PEAK,-2.8391,1.0000,-2,21,-1,0.5000,6907.25,736.30,456.69,251.97,164.00,660.00,158.00,78.00,0.0000,6743.68,0,0,0.0000,NOT_RUN,0,4,786,0,0,0,2,0,0,0,0
183,0,1,0,NEGATIVE_PEAK,-2.6981,1.0000,-2,0,-2,0.5000,6907.25,736.30,456.69,251.97,172.00,666.00,170.00,76.00,0.0000,6735.62,0,0,0.0000,NOT_RUN,0,5,846,0,0,0,4,0,0,0,0
184,0,1,0,NEGATIVE_PEAK,-5.2342,1.0000,-4,0,-1,0.7500,6907.25,736.30,456.69,251.97,165.00,664.50,178.00,79.00,0.0000,6742.63,0,0,0.0000,NOT_RUN,0,9,378,0,0,0,4,0,0,0,0
185,0,1,0,NEGATIVE_PEAK,-4.4593,1.0000,-3,-29,-1,0.6667,6907.25,736.30,456.69,251.97,163.50,681.00,193.00,80.00,0.0000,6743.98,0,0,0.0000,NOT_RUN,0,5,310,0,0,0,4,0,0,0,0
186,0,1,0,NEGATIVE_PEAK,-3.7927,1.0000,-3,2,5,0.6667,6907.25,736.30,456.69,251.97,163.50,671.50,187.00,81.00,0.0000,6744.06,0,0,0.0000,NOT_RUN,0,9,389,0,0,0,4,0,0,0,0
187,0,1,0,NEGATIVE_PEAK,-3.7834,1.0000,-3,10,5,0.6667,6907.25,736.30,456.69,251.97,172.00,663.00,178.00,84.00,0.0000,6735.65,0,0,0.0000,NOT_RUN,0,9,308,0,0,0,4,0,0,0,0
188,0,1,0,NEGATIVE_PEAK,-4.7231,1.0000,-4,0,0,1.0000,6907.25,736.30,456.69,251.97,176.00,669.50,166.00,81.00,0.0000,6731.58,0,0,0.0000,NOT_RUN,0,11,444,0,0,0,4,0,0,0,0
189,0,1,0,NEGATIVE_PEAK,-3.7726,1.0000,-3,0,0,1.0000,6907.25,736.30,456.69,251.97,168.00,676.00,176.00,76.00,0.0000,6739.52,0,0,0.0000,NOT_RUN,0,10,415,0,0,0,4,0,0,0,0
190,0,1,0,NEGATIVE_PEAK,-3.9183,1.0000,-3,0,-1,0.6667,6907.25,736.30,456.69,251.97,165.50,685.50,189.00,71.00,0.0000,6741.94,0,0,0.0000,NOT_RUN,0,11,378,0,0,0,4,0,0,0,0
191,0,1,0,NEGATIVE_PEAK,-4.2189,1.0000,-3,0,0,1.0000,6907.25,736.30,456.69,251.97,162.00,693.50,192.00,73.00,0.0000,6745.39,0,0,0.0000,NOT_RUN,0,7,261,0,0,0,4,0,0,0,0
192,0,1,0,NEGATIVE_PEAK,-3.8619,1.0000,-3,0,0,1.0000,6907.25,736.30,456.69,251.97,164.50,685.50,203.00,75.00,0.0000,6742.94,0,0,0.0000,NOT_RUN,0,9,459,0,0,0,4,0,0,0,0
193,0,1,0,NEGATIVE_PEAK,-3.7127,1.0000,-3,4,1,0.6667,6907.25,736.30,456.69,251.97,155.00,680.50,212.00,75.00,0.0000,6752.48,0,0,0.0000,NOT_RUN,0,11,417,0,0,0,4,0,0,0,0
194,0,1,0,NEGATIVE_PEAK,-4.5843,1.0000,-3,-7,-1,0.6667,6907.25,736.30,456.69,251.97,149.00,675.50,236.00,73.00,0.0000,6758.52,0,0,0.0000,NOT_RUN,0,6,223,0,0,0,4,0,0,0,0
195,0,1,0,NEGATIVE_PEAK,-3.9601,1.0000,-3,0,-1,0.6667,6907.25,736.30,456.69,251.97,142.00,678.00,222.00,74.00,0.0000,6765.50,0,0,0.0000,NOT_RUN,0,7,451,0,0,0,4,0,0,0,0
196,0,1,0,NEGATIVE_PEAK,-4.6027,1.5000,-3,-18,-1,0.3333,6907.25,736.30,456.69,251.97,150.00,683.50,204.00,77.00,0.0000,6757.46,0,0,0.0000,NOT_RUN,0,6,234,0,0,0,3,0,0,0,0
197,0,1,0,NEGATIVE_PEAK,-4.3121,1.0000,-3,0,-1,0.6667,6907.25,736.30,456.69,251.97,149.50,680.50,185.00,75.00,0.0000,6757.98,0,0,0.0000,NOT_RUN,0,7,408,0,0,0,4,0,0,0,0
198,0,1,0,NEGATIVE_PEAK,-4.5041,1.0000,-3,-27,-1,0.3333,6907.25,736.30,456.69,251.97,129.50,676.50,199.00,81.00,0.0000,6778.01,0,0,0.0000,NOT_RUN,0,8,344,0,0,0,4,0,0,0,0
199,0,1,1,ACCEPT,5.2277,1.0556,19,7,-3,0.1579,7007.11,712.67,439.13,242.28,121.50,673.50,207.00,87.00,0.0000,6885.72,1,-1,2.5682,ACCEPT,0,76,2808,836,0,0,19,0,0,0,0
200,0,1,1,ACCEPT,5.6310,1.1429,16,9,-1,0.4375,7130.58,705.09,439.13,242.28,119.00,663.00,212.00,88.00,0.0000,7011.70,1,0,3.2627,ACCEPT,0,63,3206,666,0,0,16,0,0,0,0
201,0,1,0,NEGATIVE_PEAK,-4.3236,1.1000,-11,6,-13,0.4545,7130.58,705.09,439.13,242.28,119.00,659.00,220.00,90.00,0.0000,7011.73,0,0,0.0000,NOT_RUN,0,52,3369,0,0,0,11,0,0,0,0
202,0,1,0,NEGATIVE_PEAK,-4.6295,1.5000,-3,-6,-1,0.6667,7130.58,705.09,439.13,242.28,126.00,659.50,234.00,89.00,0.0000,7004.73,0,0,0.0000,NOT_RUN,0,5,576,0,0,0,3,0,0,0,0
203,0,1,0,NEGATIVE_PEAK,-4.6277,1.5000,-3,-18,-1,0.3333,7130.58,705.09,439.13,242.28,135.00,649.00,242.00,86.00,0.0000,6995.80,0,0,0.0000,NOT_RUN,0,7,958,0,0,0,3,0,0,0,0
204,0,1,0,NEGATIVE_PEAK,-4.5791,1.0000,-3,0,-1,0.6667,7130.58,705.09,439.13,242.28,151.00,647.50,246.00,95.00,0.0000,6979.82,0,0,0.0000,NOT_RUN,0,2,813,0,0,0,4,0,0,0,0
205,0,1,0,NEGATIVE_PEAK,-2.8244,1.0000,-2,0,0,1.0000,7130.58,705.09,439.13,242.28,178.50,650.00,237.00,94.00,0.0000,6952.30,0,0,0.0000,NOT_RUN,0,1,897,0,0,0,3,0,0,0,0
206,0,1,0,NEGATIVE_PEAK,-4.3889,1.0000,-3,0,-1,0.6667,7130.58,705.09,439.13,242.28,179.00,646.50,224.00,103.00,0.0000,6951.83,0,0,0.0000,NOT_RUN,0,5,914,0,0,0,4,0,0,0,0
207,0,1,0,NEGATIVE_PEAK,-2.7769,1.0000,-2,0,0,1.0000,7130.58,705.09,439.13,242.28,175.00,656.00,228.00,98.00,0.0000,6955.75,0,0,0.0000,NOT_RUN,0,7,758,0,0,0,3,0,0,0,0
208,0,1,0,NEGATIVE_PEAK,-4.4734,1.0000,-3,0,0,1.0000,7130.58,705.09,439.13,242.28,168.00,659.00,224.00,98.00,0.0000,6962.73,0,0,0.0000,NOT_RUN,0,2,551,0,0,0,4,0,0,0,0
209,0,1,0,NEGATIVE_PEAK,-4.4877,1.0000,-3,0,-1,0.6667,7130.58,705.09,439.13,242.28,172.50,645.00,237.00,98.00,0.0000,6958.34,0,0,0.0000,NOT_RUN,0,5,516,0,0,0,4,0,0,0,0
210,0,1,0,NEGATIVE_PEAK,-4.0985,1.0000,-3,0,-1,0.6667,7130.58,705.09,439.13,242.28,177.00,643.00,250.00,104.00,0.0000,6953.86,0,0,0.0000,NOT_RUN,0,8,574,0,0,0,4,0,0,0,0
211,0,1,0,NEGATIVE_PEAK,-5.2928,1.0000,-4,0,-1,0.7500,7130.58,705.09,439.13,242.28,178.50,644.50,255.00,99.00,0.0000,6952.34,0,0,0.0000,NOT_RUN,0,10,604,0,0,0,4,0,0,0,0
212,0,1,0,NEGATIVE_PEAK,-4.4895,1.0000,-3,0,-1,0.6667,7130.58,705.09,439.13,242.28,161.50,645.00,281.00,96.00,0.0000,6969.34,0,0,0.0000,NOT_RUN,0,3,400,0,0,0,4,0,0,0,0
213,0,1,0,NEGATIVE_PEAK,-4.4862,1.5000,-3,-6,-1,0.6667,7130.58,705.09,439.13,242.28,165.00,650.00,280.00,94.00,0.0000,6965.80,0,0,0.0000,NOT_RUN,0,8,569,0,0,0,4,0,0,0,0
214,0,1,0,NEGATIVE_PEAK,-2.8435,1.0000,-2,0,0,1.0000,7130.58,705.09,439.13,242.28,187.50,670.50,279.00,89.00,0.0000,6943.16,0,0,0.0000,NOT_RUN,0,4,422,0,0,0,3,0,0,0,0
215,0,1,0,NEGATIVE_PEAK,-4.5019,1.0000,-3,0,-1,0.6667,7130.58,705.09,439.13,242.28,201.00,665.50,256.00,95.00,0.0000,6929.69,0,0,0.0000,NOT_RUN,0,6,573,0,0,0,4,0,0,0,0
216,0,1,0,NEGATIVE_PEAK,-4.1950,1.0000,-3,-26,-1,0.6667,7130.58,705.09,439.13,242.28,215.50,656.50,267.00,91.00,0.0000,6915.25,0,0,0.0000,NOT_RUN,0,6,439,0,0,0,4,0,0,0,0
217,0,1,0,NEGATIVE_PEAK,-2.6777,1.0000,-2,0,0,1.0000,7130.58,705.09,439.13,242.28,235.00,663.50,268.00,89.00,0.0000,6895.70,0,0,0.0000,NOT_RUN,0,7,561,0,0,0,3,0,0,0,0
218,0,1,0,NEGATIVE_PEAK,-4.0959,1.3333,-4,0,-1,0.7500,7130.58,705.09,439.13,242.28,279.50,685.00,281.00,86.00,0.0000,6851.11,0,0,0.0000,NOT_RUN,0,14,10213,0,0,0,4,0,0,0,0
219,0,1,0,NEGATIVE_PEAK,-4.1669,1.0000,-3,-29,-1,0.3333,7130.58,705.09,439.13,242.28,300.50,718.00,293.00,90.00,0.0000,6830.09,0,0,0.0000,NOT_RUN,0,9,2768,0,0,0,4,0,0,0,0
220,0,1,0,NEGATIVE_PEAK,-3.6752,1.2000,-6,6,-9,0.5000,7130.58,705.09,439.13,242.28,305.50,719.00,301.00,96.00,0.0000,6825.09,0,0,0.0000,NOT_RUN,0,25,3145,0,0,0,6,0,0,0,0
221,0,1,1,ACCEPT,5.0514,1.0000,6,3,11,0.1667,7171.73,788.45,439.13,242.28,301.50,713.00,327.00,100.00,0.0000,6870.65,1,0,2.6824,ACCEPT,0,22,3148,837,0,0,6,0,0,0,0
222,0,1,1,ACCEPT,6.1390,1.1667,14,9,14,0.5714,7295.20,894.55,439.13,242.28,313.00,684.50,320.00,105.00,0.0000,6985.36,1,0,2.3820,ACCEPT,0,35,2421,828,0,0,14,0,0,0,0
223,0,1,0,NEGATIVE_PEAK,-3.7010,1.0000,-4,6,10,0.5000,7295.20,894.55,439.13,242.28,307.00,662.00,310.00,108.00,0.0000,6992.07,0,0,0.0000,NOT_RUN,0,17,2580,0,0,0,4,0,0,0,0
224,0,1,0,NEGATIVE_PEAK,-6.9430,1.1000,-11,6,-10,0.0000,7295.20,894.55,439.13,242.28,296.00,659.00,316.00,118.00,0.0000,7003.17,0,0,0.0000,NOT_RUN,0,34,2699,0,0,0,11,0,0,0,0
225,0,1,1,ACCEPT,4.8642,1.1818,13,9,13,0.5385,7418.67,993.06,422.24,232.96,289.00,662.00,324.00,114.00,0.0000,7137.35,1,-1,2.8011,ACCEPT,0,70,7680,568,0,0,13,0,0,0,0
226,0,1,1,ACCEPT,5.3063,1.1429,8,9,19,0.2500,7537.36,1131.41,439.13,242.28,281.00,656.00,330.00,120.00,0.0000,7271.92,1,1,2.4709,ACCEPT,0,39,8548,580,0,0,8,0,0,0,0
227,0,1,0,NEGATIVE_PEAK,-4.8746,1.1111,-10,8,6,0.6000,7537.36,1131.41,439.13,242.28,274.00,646.50,340.00,119.00,0.0000,7279.53,0,0,0.0000,NOT_RUN,0,48,7132,0,0,0,10,0,0,0,0
228,0,1,1,ACCEPT,4.7886,1.0000,3,5,25,0.6667,7605.95,1320.86,439.13,242.28,259.50,633.50,363.00,121.00,0.0000,7378.54,1,-3,2.2952,MAX_STEP,0,16,705,4092,0,0,4,0,0,0,0
229,0,1,0,NEGATIVE_PEAK,-5.2648,1.0000,-5,5,-2,0.4000,7605.95,1320.86,439.13,242.28,248.50,633.50,371.00,119.00,0.0000,7389.49,0,0,0.0000,NOT_RUN,0,14,4051,0,0,0,5,0,0,0,0
230,0,1,0,NEGATIVE_PEAK,-3.7467,1.0000,-3,3,-14,0.6667,7605.95,1320.86,439.13,242.28,237.50,653.00,393.00,116.00,0.0000,7398.66,0,0,0.0000,NOT_RUN,0,11,4814,0,0,0,4,0,0,0,0
231,0,1,0,NEGATIVE_PEAK,-3.4374,1.0000,-3,1,-11,0.6667,7605.95,1320.86,439.13,242.28,238.00,657.50,384.00,117.00,0.0000,7397.75,0,0,0.0000,NOT_RUN,0,16,4050,0,0,0,3,0,0,0,0
232,0,1,0,NEGATIVE_PEAK,-4.2074,1.0000,-3,-26,-1,0.3333,7605.95,1320.86,439.13,242.28,243.50,642.50,373.00,113.00,0.0000,7393.64,0,0,0.0000,NOT_RUN,0,11,3277,0,0,0,3,0,0,0,0
233,0,1,0,NEGATIVE_PEAK,-4.3861,1.0000,-4,4,-9,0.2500,7605.95,1320.86,439.13,242.28,244.00,638.00,354.00,114.00,0.0000,7393.55,0,0,0.0000,NOT_RUN,0,19,2927,0,0,0,4,0,0,0,0
234,0,1,0,NEGATIVE_PEAK,-3.2171,1.0000,-3,0,-1,0.6667,7605.95,1320.86,439.13,242.28,240.00,644.50,362.00,117.00,0.0000,7396.94,0,0,0.0000,NOT_RUN,0,17,2744,0,0,0,4,0,0,0,0
235,0,1,0,NEGATIVE_PEAK,-4.4580,1.0000,-3,-26,-1,0.3333,7605.95,1320.86,439.13,242.28,238.50,633.50,377.00,115.00,0.0000,7399.45,0,0,0.0000,NOT_RUN,0,10,2609,0,0,0,4,0,0,0,0
236,0,1,0,NEGATIVE_PEAK,-4.1293,1.0000,-3,1,-2,0.3333,7605.95,1320.86,439.13,242.28,229.50,634.00,397.00,118.00,0.0000,7408.36,0,0,0.0000,NOT_RUN,0,11,2269,0,0,0,4,0,0,0,0
237,0,1,0,NEGATIVE_PEAK,-3.5049,1.0000,-3,0,-1,0.6667,7605.95,1320.86,439.13,242.28,223.00,626.50,414.00,119.00,0.0000,7415.53,0,0,0.0000,NOT_RUN,0,13,1936,0,0,0,4,0,0,0,0
238,0,1,0,NEGATIVE_PEAK,-2.7926,1.0000,-3,0,-2,0.6667,7605.95,1320.86,439.13,242.28,216.00,621.00,432.00,122.00,0.0000,7423.02,0,0,0.0000,NOT_RUN,0,20,1800,0,0,0,4,0,0,0,0
239,0,1,0,NEGATIVE_PEAK,-3.5114,1.0000,-3,3,-5,0.3333,7605.95,1320.86,439.13,242.28,219.50,621.50,439.00,135.00,0.0000,7419.49,0,0,0.0000,NOT_RUN,0,15,1374,0,0,0,4,0,0,0,0
240,0,1,0,NEGATIVE_PEAK,-3.0692,1.0000,-3,1,-5,0.3333,7605.95,1320.86,439.13,242.28,223.00,627.00,446.00,136.00,0.0000,7415.49,0,0,0.0000,NOT_RUN,0,16,1382,0,0,0,4,0,0,0,0
0,0,0,0,ZERO_RESPONSE,0.0000,0.0000,0,0,0,0.0000,356.50,709.50,201.00,121.00,356.50,709.50,201.00,121.00,1.0000,0.00,1,0,0.0000,NOT_RUN,0,0,18352,8648,1,50,0,0,0,0,0
1,0,1,1,ACCEPT,14.1943,2.9866,1114,0,-1,0.8250,356.50,705.72,201.00,121.00,361.00,705.00,210.00,124.00,0.9340,4.56,1,0,3.1108,ACCEPT,0,1704,15741,6743,1,50,1114,0,0,0,0
2,0,1,1,ACCEPT,9.8076,1.9111,946,0,-6,0.1966,356.50,683.03,209.04,125.84,360.50,688.50,213.00,123.00,0.8833,6.78,1,1,2.8832,ACCEPT,0,1203,13461,9003,1,50,946,0,0,0,0
3,0,1,1,ACCEPT,6.8997,1.1083,880,-6,-6,0.7955,317.31,659.41,209.04,125.84,358.00,682.50,212.00,119.00,0.4866,46.78,1,-1,1.8413,LOW_CONF,0,1691,12635,7271,1,50,880,0,0,0,0
4,0,1,1,ACCEPT,7.3581,1.4981,806,0,2,0.4690,317.31,667.28,201.00,121.00,344.00,683.50,194.00,103.00,0.5855,31.23,1,-1,2.0584,ACCEPT,0,1474,10838,7337,1,50,806,0,0,0,0
5,0,1,0,NEGATIVE_PEAK,-5.8504,1.1625,-744,2,-5,0.2702,317.31,667.28,201.00,121.00,342.00,687.00,152.00,96.00,0.5299,31.60,0,0,0.0000,NOT_RUN,0,1974,10024,0,1,50,744,0,0,0,0
6,0,1,0,NEGATIVE_PEAK,-6.8802,1.4917,-895,2,1,0.5832,317.31,667.28,201.00,121.00,321.00,691.00,118.00,94.00,0.3873,24.00,0,0,0.0000,NOT_RUN,0,1886,8438,0,1,50,895,0,0,0,0
7,0,1,0,NEGATIVE_PEAK,-5.5510,1.2244,-693,0,4,0.4156,317.31,667.28,201.00,121.00,313.50,692.00,129.00,86.00,0.4025,25.01,0,0,0.0000,NOT_RUN,0,1774,7047,0,1,50,693,0,0,0,0
8,0,1,0,NEGATIVE_PEAK,-5.3768,1.4178,-716,0,3,0.6006,317.31,667.28,201.00,121.00,316.00,684.00,148.00,94.00,0.5418,16.77,0,0,0.0000,NOT_RUN,0,1847,6131,0,1,50,716,0,0,0,0
9,0,1,0,NEGATIVE_PEAK,-5.1073,1.2811,-711,0,2,0.8720,317.31,667.28,201.00,121.00,320.50,674.00,147.00,94.00,0.5682,7.44,0,0,0.0000,NOT_RUN,0,1952,5139,0,1,50,711,0,0,0,0
10,0,1,1,ACCEPT,5.7029,1.0145,768,3,1,0.3372,336.16,671.06,201.00,121.00,315.50,670.00,147.00,92.00,0.5561,20.68,1,0,2.0829,ACCEPT,0,1990,3733,12041,1,50,768,0,0,0,0
11,0,1,0,NEGATIVE_PEAK,-5.9526,1.0018,-1102,1,-6,0.9338,336.16,671.06,201.00,121.00,312.00,671.00,156.00,92.00,0.5802,24.16,0,0,0.0000,NOT_RUN,0,2600,4074,0,1,50,1102,0,0,0,0
12,0,1,1,ACCEPT,5.8759,1.1183,1257,-1,1,0.8592,329.88,674.84,201.00,121.00,306.00,667.00,158.00,82.00,0.5205,25.13,1,6,1.6280,MAX_STEP,0,3196,4740,12346,1,50,1257,0,0,0,0
13,0,1,1,ACCEPT,6.5647,1.2796,1295,-1,1,0.8625,323.59,678.62,201.00,121.00,302.50,670.50,155.00,77.00,0.4907,22.60,1,0,2.4989,ACCEPT,0,2720,4574,13002,1,50,1295,0,0,0,0
14,0,1,0,NEGATIVE_PEAK,-5.4273,1.0534,-1066,-6,-9,0.8152,323.59,678.62,201.00,121.00,291.50,663.50,117.00,75.00,0.3608,35.48,0,0,0.0000,NOT_RUN,0,2757,4720,0,1,50,1066,0,0,0,0
15,0,1,1,ACCEPT,6.7026,1.3923,1267,4,4,0.0268,348.72,693.75,209.04,125.84,273.00,658.00,118.00,78.00,0.1956,83.73,1,1,2.6125,ACCEPT,0,2817,4583,10827,1,50,1267,0,0,0,0
16,0,1,1,ACCEPT,9.5970,2.0504,1384,2,-3,0.4075,361.78,681.94,209.04,125.84,273.50,643.00,135.00,88.00,0.1752,96.49,1,0,2.8619,ACCEPT,0,1509,3535,13069,1,50,1384,0,0,0,0
17,0,1,1,ACCEPT,10.8098,1.8697,1780,2,2,0.3039,374.84,689.81,201.00,121.00,283.50,653.00,135.00,92.00,0.1701,98.48,1,-1,2.5950,ACCEPT,0,2157,3451,13683,1,50,1780,0,0,0,0
18,0,1,1,ACCEPT,11.0764,1.7935,1607,2,-1,0.6217,387.41,686.03,185.84,111.87,294.00,644.50,140.00,93.00,0.1431,102.22,1,-2,2.8949,ACCEPT,0,1549,3229,12265,1,50,1607,0,0,0,0
19,0,1,1,ACCEPT,12.4693,2.4382,1636,0,-1,0.8875,387.41,682.53,185.84,111.87,297.00,641.50,146.00,93.00,0.1560,99.28,1,0,3.0134,ACCEPT,0,1645,3242,12794,1,50,1636,0,0,0,0
20,0,1,1,ACCEPT,12.5777,2.6322,1682,1,-1,0.8288,393.22,679.03,185.84,111.87,306.00,640.50,160.00,89.00,0.1785,95.35,1,0,3.0867,ACCEPT,0,1764,3361,12857,1,50,1682,0,0,0,0
21,0,1,1,ACCEPT,12.2052,2.5093,1488,1,0,0.9993,399.03,679.03,185.84,111.87,306.00,644.00,160.00,84.00,0.1721,99.41,1,0,3.0652,ACCEPT,0,1768,3627,14618,1,50,1488,0,0,0,0
22,0,1,1,ACCEPT,12.2184,2.4211,1535,-2,-3,0.4039,387.41,668.53,201.00,121.00,297.50,635.50,153.00,75.00,0.1878,95.78,1,2,2.2302,ACCEPT,0,1842,3638,13175,1,50,1535,0,0,0,0
23,0,1,1,ACCEPT,13.9604,2.5796,1620,-2,1,0.5759,374.84,672.31,201.00,121.00,288.00,640.50,136.00,71.00,0.1824,92.49,1,0,2.2431,ACCEPT,0,1820,4250,12886,1,50,1620,0,0,0,0
24,0,1,1,ACCEPT,10.8249,1.9699,1245,-4,1,0.1012,349.72,676.09,201.00,121.00,290.50,640.00,87.00,78.00,0.2089,69.35,1,0,2.3528,ACCEPT,0,1856,4411,10112,1,50,1245,0,0,0,0
25,0,1,1,ACCEPT,9.3877,1.3703,988,-2,-1,0.6316,337.16,672.31,201.00,121.00,286.50,641.00,93.00,76.00,0.2485,59.55,1,0,2.4634,ACCEPT,0,1927,4142,10507,1,50,988,0,0,0,0
26,0,1,1,ACCEPT,9.2684,1.2084,922,-4,-1,0.0228,312.03,668.53,201.00,121.00,286.00,638.50,106.00,75.00,0.2874,39.74,1,0,2.2526,ACCEPT,0,1442,3721,11449,1,50,922,0,0,0,0
27,0,1,1,ACCEPT,13.7367,1.9482,1167,-2,-1,0.6752,299.47,664.75,193.27,116.35,292.50,636.50,107.00,73.00,0.3065,29.10,1,-1,2.7098,ACCEPT,0,1111,3447,12939,1,50,1167,0,0,0,0
28,0,1,1,ACCEPT,11.8809,1.4504,1388,0,2,0.6369,299.47,672.03,193.27,116.35,299.00,644.00,100.00,70.00,0.2836,28.04,1,0,2.5019,ACCEPT,0,1474,3178,16794,1,50,1388,0,0,0,0
29,0,1,1,ACCEPT,14.1231,1.6000,1696,0,-4,0.0283,299.47,657.47,201.00,121.00,300.00,629.00,108.00,66.00,0.2875,28.47,1,1,2.3271,ACCEPT,0,1551,3292,12980,1,50,1696,0,0,0,0
30,0,1,1,ACCEPT,13.8329,1.9386,1547,1,-2,0.7175,305.75,649.91,193.27,116.35,300.00,621.50,114.00,61.00,0.3044,28.98,1,-1,2.9214,ACCEPT,0,1675,3472,15810,1,50,1547,0,0,0,0
31,0,1,1,ACCEPT,10.3015,1.5230,1721,1,1,0.8170,311.80,653.55,185.84,111.87,298.00,623.50,108.00,61.00,0.2861,33.06,1,-1,3.0879,ACCEPT,0,2626,3477,16315,1,50,1721,0,0,0,0
32,0,1,1,ACCEPT,10.7952,1.6322,1611,1,0,0.9944,317.61,653.55,178.69,107.57,288.50,623.50,97.00,63.00,0.2682,41.84,1,-1,3.2766,ACCEPT,0,2557,3783,14315,1,50,1611,0,0,0,0
33,0,1,1,ACCEPT,15.3455,2.1877,1772,0,-3,0.3126,317.61,643.47,178.69,107.57,287.00,613.50,92.00,65.00,0.2588,42.84,1,0,3.2129,ACCEPT,0,1997,3710,14340,1,50,1772,0,0,0,0
34,0,1,1,ACCEPT,13.8468,2.1747,1718,5,-3,0.6321,345.50,633.39,178.69,107.57,286.50,608.50,99.00,63.00,0.2337,64.04,1,0,2.4245,ACCEPT,0,2133,3499,13406,1,50,1718,0,0,0,0
35,0,1,1,ACCEPT,15.5857,2.7300,1739,2,-1,0.7458,356.66,630.03,178.69,107.57,287.50,606.50,95.00,59.00,0.1917,73.05,1,0,2.5002,ACCEPT,0,1736,3670,13553,1,50,1739,0,0,0,0
36,0,1,1,ACCEPT,17.9702,3.2750,1798,2,-2,0.4894,367.81,623.31,178.69,107.57,296.00,601.00,96.00,52.00,0.1638,75.20,1,0,2.4559,ACCEPT,0,1514,3530,13521,1,50,1798,0,0,0,0
37,0,1,1,ACCEPT,16.7737,2.9214,1636,1,-2,0.6907,373.39,616.59,178.69,107.57,303.50,594.00,95.00,54.00,0.1744,73.45,1,0,2.5081,ACCEPT,0,1399,3446,14880,1,50,1636,0,0,0,0
38,0,1,1,ACCEPT,16.8991,2.3879,2376,1,2,0.6254,378.97,623.31,178.69,107.57,311.00,601.00,104.00,54.00,0.1898,71.54,1,0,2.4757,ACCEPT,0,2032,3813,15060,1,50,2376,0,0,0,0
39,0,1,1,ACCEPT,16.4525,2.9793,2741,-1,5,0.0770,373.39,640.11,178.69,107.57,307.00,614.50,100.00,55.00,0.1938,71.16,1,0,2.3524,ACCEPT,0,2436,4206,13861,1,50,2741,0,0,0,0
40,0,1,1,ACCEPT,17.0930,2.5487,2225,0,-3,0.5321,373.39,630.03,178.69,107.57,305.50,605.00,101.00,56.00,0.1933,72.36,1,0,2.4511,ACCEPT,0,2229,4073,16261,1,50,2225,0,0,0,0
41,0,1,1,ACCEPT,17.6179,3.3506,2456,-1,-3,0.3037,367.81,619.95,178.69,107.57,302.00,594.50,94.00,57.00,0.1949,70.56,1,1,1.9882,LOW_CONF,0,2478,4175,13635,1,50,2456,0,0,0,0
42,0,1,1,ACCEPT,18.9498,3.6911,1864,-2,-5,0.0043,356.66,603.16,178.69,107.57,301.50,574.00,75.00,64.00,0.2034,62.39,1,0,2.5607,ACCEPT,0,1909,3935,11388,1,50,1864,0,0,0,0
43,0,1,1,ACCEPT,20.2402,3.2942,1601,-4,-4,0.0525,334.34,589.72,178.69,107.57,296.50,557.50,67.00,73.00,0.1924,49.70,1,0,2.6754,ACCEPT,0,1619,3909,10801,1,50,1601,0,0,0,0
44,0,1,1,ACCEPT,16.6982,2.4204,1520,-3,-1,0.3191,317.61,586.36,185.84,111.87,287.00,554.50,62.00,79.00,0.1813,44.18,1,1,2.2735,ACCEPT,0,1614,3920,11573,1,50,1520,0,0,0,0
45,0,1,1,ACCEPT,15.8306,2.2096,1708,-1,1,0.8519,311.80,589.86,185.84,111.87,281.50,554.00,57.00,82.00,0.1584,46.94,1,0,2.2105,ACCEPT,0,1804,3904,10308,1,50,1708,0,0,0,0
46,0,1,1,ACCEPT,13.2277,1.6508,1073,-1,-1,0.9795,305.98,586.36,185.84,111.87,280.50,548.50,57.00,95.00,0.1664,45.64,1,0,1.9208,LOW_CONF,0,1404,3825,10934,1,50,1073,0,0,0,0
47,0,1,1,ACCEPT,12.0542,1.4041,1084,1,0,0.8054,311.80,586.36,185.84,111.87,290.00,547.50,58.00,109.00,0.1808,44.56,1,0,1.9348,LOW_CONF,0,1510,3747,11409,1,50,1084,0,0,0,0
48,0,1,1,ACCEPT,15.2450,2.0904,1133,3,-4,0.1395,329.23,572.36,185.84,111.87,307.50,528.00,65.00,108.00,0.1810,49.40,1,0,1.8455,LOW_CONF,0,1389,3761,8976,1,50,1133,0,0,0,0
49,0,1,1,ACCEPT,11.9474,1.3485,979,0,2,0.7875,329.23,579.36,185.84,111.87,307.50,537.00,53.00,110.00,0.1581,47.61,1,0,1.5470,LOW_CONF,0,1189,3763,9868,1,50,979,0,0,0,0
50,0,1,1,ACCEPT,11.0529,1.4385,456,2,-9,0.0175,340.86,547.86,185.84,111.87,315.00,500.50,54.00,107.00,0.1444,53.96,1,6,1.8178,MAX_STEP,0,644,3622,8580,1,50,456,0,0,0,0
51,0,1,1,ACCEPT,12.1766,1.1243,570,-2,-11,0.0930,329.23,509.36,185.84,111.87,308.00,483.00,54.00,108.00,0.2041,33.85,1,-1,1.9048,LOW_CONF,0,729,3633,9690,1,50,570,0,0,0,0
52,0,1,1,ACCEPT,13.0279,1.3371,1182,0,-3,0.5643,329.23,498.86,185.84,111.87,306.00,472.00,56.00,114.00,0.2156,35.51,1,0,2.1448,ACCEPT,0,1337,3847,12088,1,50,1182,0,0,0,0
53,0,1,1,ACCEPT,13.3281,1.4022,1426,-1,3,0.5533,323.42,509.36,185.84,111.87,304.50,491.00,59.00,140.00,0.2796,26.36,1,0,2.3750,ACCEPT,0,1718,3815,11967,1,50,1426,0,0,0,0
54,0,1,1,ACCEPT,11.6192,1.5678,1306,-4,7,0.1095,300.17,533.86,185.84,111.87,278.50,508.50,57.00,137.00,0.2461,33.36,1,0,2.3408,ACCEPT,0,1611,3951,13192,1,50,1306,0,0,0,0
55,0,1,1,ACCEPT,10.6020,1.0813,1170,2,4,0.3684,311.80,547.86,193.27,116.35,278.00,505.50,66.00,139.00,0.2163,54.19,1,1,2.0128,ACCEPT,0,1268,3613,16155,1,50,1170,0,0,0,0
56,0,1,1,ACCEPT,11.0764,1.3840,1330,0,1,0.9278,311.80,551.50,201.00,121.00,271.50,508.00,67.00,130.00,0.1995,59.30,1,1,2.6953,ACCEPT,0,1411,3752,15355,1,50,1330,0,0,0,0
57,0,1,1,ACCEPT,9.7478,1.0421,1139,4,-6,0.8938,336.92,528.81,201.00,121.00,269.00,512.50,74.00,133.00,0.2910,69.85,1,2,1.4787,LOW_CONF,0,1478,3896,14335,1,50,1139,0,0,0,0
58,0,1,1,ACCEPT,9.5821,1.0721,1383,0,-1,0.8062,336.92,525.03,201.00,121.00,263.50,514.00,83.00,134.00,0.2909,74.25,1,2,1.8620,LOW_CONF,0,1974,4085,15811,1,50,1383,0,0,0,0
59,0,1,1,ACCEPT,11.6928,1.4741,1875,0,4,0.0117,336.92,540.16,217.40,130.87,259.50,531.00,93.00,134.00,0.3061,77.96,1,2,2.0001,ACCEPT,0,2519,4184,14947,1,50,1875,0,0,0,0
60,0,1,1,ACCEPT,12.0844,1.5803,1604,-2,8,0.4938,323.33,572.91,217.40,130.87,261.00,557.50,106.00,147.00,0.3865,64.20,1,-2,1.6722,LOW_CONF,0,2369,4379,12870,1,50,1604,0,0,0,0
61,0,1,1,ACCEPT,10.2562,1.1072,1425,1,5,0.8365,330.12,593.38,209.04,125.84,263.00,557.50,110.00,147.00,0.2799,76.11,1,-1,2.0205,ACCEPT,0,2094,4499,13533,1,50,1425,0,0,0,0
62,0,1,1,ACCEPT,13.9008,2.0181,1782,1,1,0.9141,336.66,597.31,201.00,121.00,262.00,561.50,114.00,159.00,0.2552,82.80,1,-1,2.2339,ACCEPT,0,2271,4566,13903,1,50,1782,0,0,0,0
63,0,1,1,ACCEPT,16.1530,2.9852,1812,0,-2,0.5949,336.66,589.75,201.00,121.00,263.50,554.50,109.00,169.00,0.2661,81.21,1,0,3.2234,ACCEPT,0,2106,4516,14074,1,50,1812,0,0,0,0
64,0,1,1,ACCEPT,14.2333,2.3783,1798,-1,2,0.7002,330.38,597.31,201.00,121.00,261.50,556.50,115.00,165.00,0.2664,80.06,1,0,3.1676,ACCEPT,0,2264,4808,12629,1,50,1798,0,0,0,0
65,0,1,1,ACCEPT,15.2804,2.9370,1539,0,1,0.9929,330.38,601.09,201.00,121.00,259.50,561.50,107.00,165.00,0.2575,81.18,1,0,3.0815,ACCEPT,0,1900,4761,12801,1,50,1539,0,0,0,0
66,0,1,1,ACCEPT,13.5209,1.9297,1208,-2,1,0.6647,317.81,604.88,201.00,121.00,256.50,564.00,101.00,136.00,0.2602,73.69,1,0,2.5700,ACCEPT,0,1634,4786,13363,1,50,1208,0,0,0,0
67,0,1,1,ACCEPT,13.4805,1.8765,1291,-1,2,0.5562,311.53,612.44,201.00,121.00,247.50,561.50,105.00,119.00,0.2003,81.82,1,0,2.5859,ACCEPT,0,1734,4819,10996,1,50,1291,0,0,0,0
68,0,1,1,ACCEPT,12.0656,1.3796,1014,-1,0,0.8619,305.25,612.44,201.00,121.00,248.50,573.50,115.00,93.00,0.2450,68.82,1,0,2.5446,ACCEPT,0,1447,4756,13142,1,50,1014,0,0,0,0
69,0,1,1,ACCEPT,11.1975,1.2665,1283,-2,1,0.7553,292.69,616.22,201.00,121.00,250.00,580.50,130.00,79.00,0.2957,55.66,1,0,2.5421,ACCEPT,0,1882,4737,14075,1,50,1283,0,0,0,0
70,0,1,1,ACCEPT,11.6802,1.0978,1381,4,-4,0.4975,317.81,601.09,201.00,121.00,247.50,588.50,139.00,79.00,0.2871,71.43,1,0,2.6417,ACCEPT,0,1788,4462,15846,1,50,1381,0,0,0,0
71,0,1,1,ACCEPT,13.9223,2.0772,1722,1,0,0.9890,324.09,601.09,201.00,121.00,250.00,587.50,140.00,79.00,0.2743,75.33,1,0,2.6941,ACCEPT,0,1982,4616,15282,1,50,1722,0,0,0,0
72,0,1,1,ACCEPT,14.5925,2.5343,1845,1,2,0.5339,330.38,608.66,201.00,121.00,251.00,592.00,140.00,88.00,0.2795,81.10,1,0,2.4073,ACCEPT,0,2160,4528,15589,1,50,1845,0,0,0,0
73,0,1,1,ACCEPT,14.9364,2.2119,1889,0,2,0.7321,330.38,616.22,201.00,121.00,256.50,596.00,137.00,86.00,0.2811,76.59,1,0,2.6053,ACCEPT,0,2204,4365,16540,1,50,1889,0,0,0,0
74,0,1,1,ACCEPT,17.5158,2.1506,2271,1,1,0.9124,336.66,620.00,201.00,121.00,259.50,590.00,139.00,88.00,0.2334,82.78,1,0,2.1425,ACCEPT,0,2216,4295,17539,1,50,2271,0,0,0,0
75,0,1,1,ACCEPT,17.0669,1.9633,2299,0,-1,0.9417,336.66,616.22,193.27,116.35,257.50,588.00,145.00,74.00,0.2216,84.04,1,-1,2.3037,ACCEPT,0,2397,4282,16944,1,50,2299,0,0,0,0
76,0,1,1,ACCEPT,17.7705,2.0088,2290,2,-1,0.8895,348.75,612.58,193.27,116.35,259.00,591.00,150.00,68.00,0.2053,92.31,1,0,1.9069,LOW_CONF,0,2355,4102,15691,1,50,2290,0,0,0,0
77,0,1,1,ACCEPT,16.8193,2.2635,1761,0,-5,0.2771,348.75,594.38,193.27,116.35,258.50,578.50,157.00,71.00,0.2183,91.64,1,-1,1.5236,LOW_CONF,0,1859,4000,14026,1,50,1761,0,0,0,0
78,0,1,1,ACCEPT,19.2369,2.5733,2177,1,3,0.3298,354.80,605.30,193.27,116.35,255.50,596.50,163.00,75.00,0.2053,99.69,1,0,2.6388,ACCEPT,0,2053,3915,15888,1,50,2177,0,0,0,0
79,0,1,1,ACCEPT,21.6323,3.5748,2413,0,1,0.9333,354.80,608.94,193.27,116.35,257.00,590.50,162.00,91.00,0.2237,99.52,1,0,2.7282,ACCEPT,0,2049,3953,17615,1,50,2413,0,0,0,0
80,0,1,1,ACCEPT,18.4238,2.4278,2372,-1,0,0.9895,348.75,608.94,193.27,116.35,249.00,593.00,176.00,80.00,0.2281,101.02,1,0,2.6049,ACCEPT,0,2141,3931,18587,1,50,2372,0,0,0,0
81,0,1,1,ACCEPT,17.9936,2.2967,2547,0,2,0.7161,348.75,616.22,193.27,116.35,249.00,597.00,170.00,84.00,0.2200,101.58,1,0,2.7455,ACCEPT,0,2282,4063,16918,1,50,2547,0,0,0,0
82,0,1,1,ACCEPT,16.2743,1.9566,2432,0,3,0.4848,348.75,627.14,193.27,116.35,255.00,618.50,158.00,75.00,0.2178,94.15,1,0,2.7880,ACCEPT,0,2150,4064,14836,1,50,2432,0,0,0,0
83,0,1,1,ACCEPT,17.4075,2.2598,2409,1,4,0.3740,354.80,641.70,193.27,116.35,258.00,632.00,150.00,80.00,0.2101,97.28,1,0,2.7523,ACCEPT,0,1992,4141,14132,1,50,2409,0,0,0,0
84,0,1,1,ACCEPT,15.7478,2.0048,2077,0,6,0.1623,354.80,663.55,201.00,121.00,269.50,651.50,129.00,83.00,0.2328,86.14,1,1,2.7792,ACCEPT,0,1979,4203,13330,1,50,2077,0,0,0,0
85,0,1,1,ACCEPT,20.4737,3.7058,1990,1,-1,0.8472,361.08,659.77,201.00,121.00,271.50,641.00,127.00,92.00,0.2215,91.52,1,0,2.8328,ACCEPT,0,1653,4291,14025,1,50,1990,0,0,0,0
86,0,1,1,ACCEPT,18.7517,3.5822,1895,0,0,1.0000,361.08,659.77,201.00,121.00,268.00,635.50,128.00,107.00,0.2028,96.19,1,0,2.8214,ACCEPT,0,1861,4396,13013,1,50,1895,0,0,0,0
87,0,1,1,ACCEPT,21.8406,3.6991,1672,0,-4,0.3469,361.08,644.64,209.04,125.84,271.50,625.00,127.00,94.00,0.2273,91.71,1,1,2.7885,ACCEPT,0,1391,4291,11205,1,50,1672,0,0,0,0
88,0,1,1,ACCEPT,19.7853,2.7988,1363,0,-3,0.5216,361.08,632.83,217.40,130.87,271.50,604.50,129.00,103.00,0.2158,93.95,1,1,2.8016,ACCEPT,0,1225,4307,11200,1,50,1363,0,0,0,0
89,0,1,1,ACCEPT,19.1442,2.7636,1426,0,0,1.0000,361.08,632.83,217.40,130.87,270.50,607.00,131.00,92.00,0.2147,94.19,1,0,3.0250,ACCEPT,0,1272,4399,13040,1,50,1426,0,0,0,0
90,0,1,1,ACCEPT,19.2965,3.1863,1727,1,1,0.9166,367.88,636.92,209.04,125.84,273.50,605.00,131.00,100.00,0.1841,99.63,1,-1,2.6423,ACCEPT,0,1609,4463,12855,1,50,1727,0,0,0,0
91,0,1,1,ACCEPT,22.0915,4.4877,1647,0,-3,0.4208,367.88,625.11,209.04,125.84,278.50,595.50,141.00,83.00,0.2027,94.15,1,0,2.9195,ACCEPT,0,1254,4288,13290,1,50,1647,0,0,0,0
92,0,1,1,ACCEPT,18.9482,2.3064,1912,1,2,0.8609,374.41,632.98,209.04,125.84,281.00,604.00,144.00,70.00,0.1869,97.80,1,0,2.7703,ACCEPT,0,1961,4340,14560,1,50,1912,0,0,0,0
93,0,1,1,ACCEPT,20.5530,3.7021,2162,0,1,0.9450,374.41,636.92,209.04,125.84,284.50,612.50,145.00,69.00,0.1984,93.16,1,0,2.7059,ACCEPT,0,2039,4338,13886,1,50,2162,0,0,0,0
94,0,1,1,ACCEPT,20.6186,3.8431,2302,1,6,0.1981,380.94,660.55,201.00,121.00,291.50,636.00,141.00,66.00,0.1906,92.74,1,-1,2.6215,ACCEPT,0,1989,4352,14061,1,50,2302,0,0,0,0
95,0,1,1,ACCEPT,19.6104,3.9254,2104,0,4,0.4620,380.94,675.67,201.00,121.00,297.50,653.50,143.00,67.00,0.2122,86.33,1,0,2.5940,ACCEPT,0,1792,4136,14252,1,50,2104,0,0,0,0
96,0,1,1,ACCEPT,18.9676,2.8721,2134,0,7,0.0876,380.94,702.14,201.00,121.00,300.50,676.50,123.00,73.00,0.2118,84.43,1,0,2.5624,ACCEPT,0,1731,4111,14390,1,50,2134,0,0,0,0
97,0,1,1,ACCEPT,19.0701,2.2918,1893,0,3,0.6307,380.94,713.48,193.27,116.35,301.00,680.50,118.00,83.00,0.1854,86.48,1,-1,2.7088,ACCEPT,0,1501,4114,15971,1,50,1893,0,0,0,0
98,0,1,1,ACCEPT,19.2644,2.9872,1634,-1,-3,0.5092,374.89,702.56,193.27,116.35,299.50,670.50,119.00,95.00,0.2134,81.93,1,0,2.7626,ACCEPT,0,1313,3846,15460,1,50,1634,0,0,0,0
99,0,1,1,ACCEPT,22.3522,3.1973,2139,0,-2,0.6980,374.89,695.28,185.84,111.87,293.50,660.00,119.00,98.00,0.1799,88.71,1,-1,3.0464,ACCEPT,0,1450,3855,16239,1,50,2139,0,0,0,0
100,0,1,1,ACCEPT,17.5551,3.0507,1925,-2,2,0.4499,363.27,702.28,185.84,111.87,283.50,665.00,125.00,104.00,0.1879,88.05,1,0,2.9248,ACCEPT,0,1799,3797,16884,1,50,1925,0,0,0,0
101,0,1,1,ACCEPT,16.8803,2.5475,2145,0,2,0.6256,363.27,709.28,178.69,107.57,274.50,670.50,127.00,99.00,0.1494,96.87,1,-1,3.0756,ACCEPT,0,1967,3875,16553,1,50,2145,0,0,0,0
102,0,1,1,ACCEPT,19.1744,2.8574,1943,-3,0,0.3160,346.53,709.28,178.69,107.57,256.50,662.00,135.00,98.00,0.1290,101.69,1,0,3.3101,ACCEPT,0,1888,3641,15485,1,50,1943,0,0,0,0
103,0,1,1,ACCEPT,18.9333,2.8547,1964,-2,1,0.5229,335.38,712.64,178.69,107.57,247.50,672.50,143.00,85.00,0.1502,96.61,1,0,3.1155,ACCEPT,0,1785,3687,15264,1,50,1964,0,0,0,0
104,0,1,1,ACCEPT,18.9377,2.6071,1898,-2,0,0.5948,324.22,712.64,178.69,107.57,229.50,674.50,167.00,87.00,0.1586,102.11,1,0,2.9039,ACCEPT,0,1480,3539,16297,1,50,1898,0,0,0,0
105,0,1,1,ACCEPT,21.2146,2.8043,2064,-1,-2,0.6933,318.64,705.92,178.69,107.57,225.00,666.50,158.00,85.00,0.1496,101.60,1,0,2.9518,ACCEPT,0,1534,3369,16843,1,50,2064,0,0,0,0
106,0,1,1,ACCEPT,14.3769,1.7191,1683,-1,-2,0.7285,313.06,699.20,178.69,107.57,225.00,667.50,154.00,67.00,0.1727,93.60,1,0,3.0013,ACCEPT,0,1708,3377,17929,1,50,1683,0,0,0,0
107,0,1,1,ACCEPT,12.6132,1.4925,1994,0,3,0.4935,313.06,709.28,171.82,103.43,239.00,684.00,152.00,60.00,0.2260,78.26,1,-1,2.9562,ACCEPT,0,2493,3569,16029,1,50,1994,0,0,0,0
108,0,1,1,ACCEPT,14.8420,2.3433,2034,-1,1,0.9090,307.69,712.52,171.82,103.43,244.50,684.00,135.00,56.00,0.2230,69.32,1,0,3.1502,ACCEPT,0,2367,3623,13881,1,50,2034,0,0,0,0
109,0,1,1,ACCEPT,16.1497,2.5485,1733,0,-2,0.6059,307.69,706.05,165.21,99.45,246.50,673.50,125.00,67.00,0.2069,69.31,1,-1,3.1467,ACCEPT,0,1912,3494,13243,1,50,1733,0,0,0,0
110,0,1,1,ACCEPT,14.3196,1.9534,1719,-1,1,0.8319,302.53,709.16,165.21,99.45,243.00,677.00,132.00,70.00,0.2231,67.66,1,0,3.0577,ACCEPT,0,1903,3879,13737,1,50,1719,0,0,0,0
111,0,1,1,ACCEPT,15.7517,1.7838,2046,0,1,0.8690,302.53,712.27,165.21,99.45,244.50,679.50,135.00,75.00,0.2328,66.64,1,0,3.0097,ACCEPT,0,1912,4022,13637,1,50,2046,0,0,0,0
112,0,1,1,ACCEPT,16.0630,2.8566,1414,-1,-5,0.0955,297.38,696.72,165.21,99.45,239.00,660.50,132.00,71.00,0.2068,68.70,1,0,3.1657,ACCEPT,0,1354,3410,14215,1,50,1414,0,0,0,0
113,0,1,1,ACCEPT,16.0898,2.5383,1622,-1,-3,0.5499,292.22,687.39,165.21,99.45,234.00,655.00,146.00,72.00,0.2388,66.62,1,0,3.1158,ACCEPT,0,1534,3423,14493,1,50,1622,0,0,0,0
114,0,1,1,ACCEPT,14.6752,2.5244,1704,-3,1,0.5675,276.75,690.50,165.21,99.45,217.50,658.50,149.00,65.00,0.2318,67.34,1,0,3.0638,ACCEPT,0,1668,3411,17989,1,50,1704,0,0,0,0
115,0,1,1,ACCEPT,17.8126,2.7696,2548,-2,1,0.5534,266.44,693.61,158.85,95.63,200.00,666.00,162.00,68.00,0.2413,71.95,1,-1,2.7564,ACCEPT,0,2102,3520,20028,1,50,2548,0,0,0,0
116,0,1,1,ACCEPT,13.3522,1.5961,2051,-7,4,0.0385,231.66,705.55,152.74,91.95,160.50,678.00,159.00,68.00,0.2176,76.30,1,-1,2.5798,ACCEPT,0,2373,3600,12620,1,50,2051,0,0,0,0
117,0,1,1,ACCEPT,14.7100,1.4748,1609,-2,0,0.7595,222.12,705.55,152.74,91.95,157.00,679.00,152.00,64.00,0.2327,70.33,1,0,2.9778,ACCEPT,0,1576,3563,14425,1,50,1609,0,0,0,0
118,0,1,1,ACCEPT,15.2001,1.9101,2019,-2,0,0.7717,212.59,705.55,152.74,91.95,158.00,686.00,130.00,60.00,0.2889,57.99,1,0,3.1065,ACCEPT,0,1812,3955,14675,1,50,2019,0,0,0,0
119,0,1,1,ACCEPT,14.2870,2.3151,2153,1,0,0.9401,217.36,705.55,146.87,88.41,158.50,684.00,125.00,60.00,0.2471,62.68,1,-1,2.7468,ACCEPT,0,2174,4028,14695,1,50,2153,0,0,0,0
120,0,1,1,ACCEPT,15.8847,2.1020,2020,0,-3,0.7010,217.36,697.25,141.22,85.01,158.50,681.50,135.00,65.00,0.2920,60.93,1,-1,3.0482,ACCEPT,0,1953,3649,15535,1,50,2020,0,0,0,0
121,0,1,1,ACCEPT,16.7828,2.4988,2004,0,-3,0.4426,217.36,689.28,135.79,81.74,155.00,670.50,144.00,73.00,0.2661,65.13,1,-1,3.0783,ACCEPT,0,2065,3443,15495,1,50,2004,0,0,0,0
122,0,1,1,ACCEPT,11.4165,2.1509,1824,-1,9,0.2007,213.11,712.20,130.57,78.60,148.00,692.50,150.00,93.00,0.2582,68.03,1,-1,3.1718,ACCEPT,0,2696,3967,12426,1,50,1824,0,0,0,0
123,0,1,1,ACCEPT,13.1839,1.8149,1735,0,6,0.2519,213.11,726.92,125.54,75.58,144.00,705.00,160.00,94.00,0.2327,72.50,1,-1,2.9282,ACCEPT,0,2240,3919,12650,1,50,1735,0,0,0,0
124,0,1,1,ACCEPT,16.0019,3.1965,1643,-2,1,0.6050,205.27,729.28,120.72,72.67,131.00,710.50,174.00,91.00,0.2305,76.60,1,-1,2.9899,ACCEPT,0,1856,3608,11295,1,50,1643,0,0,0,0
125,0,1,1,ACCEPT,14.2006,2.0996,1665,-1,5,0.1285,201.50,740.61,116.07,69.87,123.50,717.00,185.00,92.00,0.1983,81.49,1,-1,3.1430,ACCEPT,0,2008,4027,12435,1,50,1665,0,0,0,0
126,0,1,1,ACCEPT,15.7171,2.2649,1599,0,-2,0.7661,201.50,736.23,111.61,67.19,123.50,713.50,179.00,81.00,0.1864,81.25,1,-1,3.0917,ACCEPT,0,1929,3322,15207,1,50,1599,0,0,0,0
127,0,1,1,ACCEPT,16.2502,2.3599,1626,-1,-7,0.2017,198.02,721.58,111.61,67.19,132.50,693.00,159.00,72.00,0.1780,71.48,1,0,3.1655,ACCEPT,0,2035,3037,13359,1,50,1626,0,0,0,0
128,0,1,1,ACCEPT,15.7833,2.4649,1474,0,-8,0.1723,198.02,704.83,111.61,67.19,141.50,674.00,145.00,60.00,0.1699,64.38,1,0,3.2276,ACCEPT,0,1515,3155,13359,1,50,1474,0,0,0,0
129,0,1,1,ACCEPT,11.9161,1.9166,1815,1,1,0.8298,201.50,706.92,111.61,67.19,146.00,678.00,148.00,64.00,0.1913,62.58,1,0,3.2868,ACCEPT,0,2346,4488,14620,1,50,1815,0,0,0,0
130,0,1,1,ACCEPT,8.0812,1.1615,1546,0,3,0.0880,201.50,713.20,116.07,69.87,152.00,686.00,148.00,70.00,0.2360,56.48,1,1,2.4501,ACCEPT,0,2450,4730,13393,1,50,1546,0,0,0,0
131,0,1,1,ACCEPT,10.1027,1.2084,1438,5,-7,0.0417,219.62,697.89,107.32,64.60,162.50,675.00,151.00,68.00,0.2222,61.54,1,-2,2.7186,ACCEPT,0,2186,4056,15359,1,50,1438,0,0,0,0
132,0,1,1,ACCEPT,13.4828,1.5639,1639,1,-9,0.2257,222.98,679.75,103.19,62.12,164.00,660.00,158.00,78.00,0.2381,62.20,1,-1,3.2161,ACCEPT,0,1756,3670,13909,1,50,1639,0,0,0,0
133,0,1,1,ACCEPT,9.4856,1.2915,1666,-2,6,0.4892,216.55,691.38,103.19,62.12,172.00,666.00,170.00,76.00,0.2627,51.27,1,0,2.0875,ACCEPT,0,3551,4445,12015,1,50,1666,0,0,0,0
134,0,1,1,ACCEPT,12.6344,1.8797,1688,-1,0,0.9526,213.33,691.38,107.32,64.60,165.00,664.50,178.00,79.00,0.2529,55.30,1,1,2.4898,ACCEPT,0,2404,4043,12262,1,50,1688,0,0,0,0
135,0,1,1,ACCEPT,10.4666,1.7111,1925,3,3,0.2738,223.41,697.42,107.32,64.60,163.50,681.00,193.00,80.00,0.2910,62.12,1,-2,3.0222,OUT_OF_RANGE,0,2978,4173,10045,1,50,1925,0,0,0,0
136,0,1,1,ACCEPT,11.8299,1.2925,1308,3,-2,0.4327,233.48,693.39,107.32,64.60,163.50,671.50,187.00,81.00,0.2165,73.33,1,-10,1.9147,MAX_STEP,0,1684,3884,11651,1,50,1308,0,0,0,0
137,0,1,1,ACCEPT,14.2033,1.8728,1575,-1,-4,0.1740,230.12,685.33,107.32,64.60,172.00,663.00,178.00,84.00,0.2512,62.27,1,-10,2.0971,MAX_STEP,0,2009,3802,10871,1,50,1575,0,0,0,0
138,0,1,1,ACCEPT,10.7770,1.6609,1528,0,5,0.0576,230.12,695.41,107.32,64.60,176.00,669.50,166.00,81.00,0.2344,60.01,1,0,1.6871,LOW_CONF,0,2097,4142,10001,1,50,1528,0,0,0,0
139,0,1,1,ACCEPT,15.7480,3.4761,1745,-1,3,0.4951,226.77,701.45,107.32,64.60,168.00,676.00,176.00,76.00,0.2241,64.04,1,0,2.4212,ACCEPT,0,2277,4269,8424,1,50,1745,0,0,0,0
140,0,1,1,ACCEPT,14.4087,2.3128,1612,0,7,0.2909,226.77,715.56,107.32,64.60,165.50,685.50,189.00,71.00,0.1921,68.24,1,1,1.5129,LOW_CONF,0,2026,4691,10682,1,50,1612,0,0,0,0
141,0,1,1,ACCEPT,17.5578,2.7493,2106,0,4,0.0005,226.77,723.62,107.32,64.60,162.00,693.50,192.00,73.00,0.1859,71.43,1,1,1.5203,LOW_CONF,0,2346,4119,14905,1,50,2106,0,0,0,0
142,0,1,1,ACCEPT,18.5447,2.6045,2753,1,-5,0.0073,230.12,713.55,107.32,64.60,164.50,685.50,203.00,75.00,0.2030,71.37,1,0,2.5007,ACCEPT,0,2336,3657,15489,1,50,2753,0,0,0,0
143,0,1,1,ACCEPT,19.2678,3.4853,2607,0,-1,0.7372,230.12,711.53,107.32,64.60,155.00,680.50,212.00,75.00,0.1676,81.28,1,0,2.8855,ACCEPT,0,2488,3533,18835,1,50,2607,0,0,0,0
144,0,1,1,ACCEPT,20.8733,4.2040,3359,-1,-1,0.8035,226.77,709.52,107.32,64.60,149.00,675.50,236.00,73.00,0.1563,84.88,1,0,2.8924,ACCEPT,0,2963,3863,15846,1,50,3359,0,0,0,0
145,0,1,1,ACCEPT,23.1629,3.4256,3566,-1,1,0.8382,223.41,711.53,107.32,64.60,142.00,678.00,222.00,74.00,0.1461,88.04,1,0,2.8587,ACCEPT,0,2799,4173,15975,1,50,3566,0,0,0,0
146,0,1,1,ACCEPT,13.6358,1.9966,2332,-2,5,0.1642,216.69,721.61,107.32,64.60,150.00,683.50,204.00,77.00,0.1474,76.81,1,0,2.7234,ACCEPT,0,2963,4780,12316,1,50,2332,0,0,0,0
147,0,1,1,ACCEPT,14.9144,1.8590,1727,-3,-3,0.3144,206.61,715.56,107.32,64.60,149.50,680.50,185.00,75.00,0.1746,67.01,1,0,3.0923,ACCEPT,0,1747,4078,11478,1,50,1727,0,0,0,0
148,0,1,1,ACCEPT,13.2590,1.8779,1123,-6,-3,0.2609,186.45,709.52,107.32,64.60,129.50,676.50,199.00,81.00,0.1991,65.83,1,0,3.1460,ACCEPT,0,1270,4212,11745,1,50,1123,0,0,0,0
149,0,1,1,ACCEPT,14.9643,2.3933,1570,-3,-2,0.7191,176.38,705.48,107.32,64.60,121.50,673.50,207.00,87.00,0.2190,63.52,1,0,3.1872,ACCEPT,0,1656,4383,11870,1,50,1570,0,0,0,0
150,0,1,1,ACCEPT,14.0337,1.6683,1745,-1,-5,0.1771,173.02,695.41,107.32,64.60,119.00,663.00,212.00,88.00,0.2213,62.99,1,0,2.8967,ACCEPT,0,1806,4092,11590,1,50,1745,0,0,0,0
151,0,1,1,ACCEPT,13.6579,1.7343,1906,0,-2,0.5341,173.02,691.38,107.32,64.60,119.00,659.00,220.00,90.00,0.2200,62.97,1,0,2.6908,ACCEPT,0,2383,4586,9242,1,50,1906,0,0,0,0
152,0,1,1,ACCEPT,11.4911,1.6981,1423,0,2,0.5777,173.02,695.41,107.32,64.60,126.00,659.50,234.00,89.00,0.1878,59.16,1,0,2.8500,ACCEPT,0,2125,4490,10032,1,50,1423,0,0,0,0
153,0,1,1,ACCEPT,11.0947,1.2688,1383,6,-7,0.0311,193.17,681.30,107.32,64.60,135.00,649.00,242.00,86.00,0.1995,66.54,1,0,2.9279,ACCEPT,0,2106,4296,10516,1,50,1383,0,0,0,0
154,0,1,1,ACCEPT,10.7738,1.0075,1878,3,0,0.6512,203.25,681.30,107.32,64.60,151.00,647.50,246.00,95.00,0.1946,62.23,1,0,2.5485,ACCEPT,0,2200,4757,11449,1,50,1878,0,0,0,0
155,0,1,1,ACCEPT,9.9427,1.0137,1632,11,0,0.7316,240.20,681.30,107.32,64.60,178.50,650.00,237.00,94.00,0.2141,69.19,1,0,3.1292,ACCEPT,0,2296,4824,11225,1,50,1632,0,0,0,0
156,0,1,1,ACCEPT,17.5300,1.7075,1868,0,-2,0.6445,240.20,677.27,107.32,64.60,179.00,646.50,224.00,103.00,0.2264,68.50,1,0,2.9868,ACCEPT,0,1881,4420,12359,1,50,1868,0,0,0,0
157,0,1,1,ACCEPT,20.2940,1.9978,2757,1,3,0.1186,243.56,683.31,107.32,64.60,175.00,656.00,228.00,98.00,0.2236,73.80,1,0,2.8359,ACCEPT,0,2630,4586,12911,1,50,2757,0,0,0,0
158,0,1,1,ACCEPT,13.0962,1.6163,2355,1,3,0.2730,246.92,689.36,107.32,64.60,168.00,659.00,224.00,98.00,0.1806,84.56,1,0,2.6775,ACCEPT,0,2975,4627,12316,1,50,2355,0,0,0,0
159,0,1,1,ACCEPT,20.0369,3.1681,2563,2,-6,0.0195,253.64,677.27,107.32,64.60,172.50,645.00,237.00,98.00,0.1737,87.32,1,0,2.7965,ACCEPT,0,2494,3947,14264,1,50,2563,0,0,0,0
160,0,1,1,ACCEPT,18.1654,3.1968,3005,1,-1,0.8676,257.00,675.25,107.32,64.60,177.00,643.00,250.00,104.00,0.1847,86.26,1,0,2.3641,ACCEPT,0,2827,4491,13569,1,50,3005,0,0,0,0
161,0,1,1,ACCEPT,17.1572,2.3168,2984,2,1,0.6977,263.72,677.27,107.32,64.60,178.50,644.50,255.00,99.00,0.1712,91.30,1,0,2.5457,ACCEPT,0,2824,4320,15945,1,50,2984,0,0,0,0
162,0,1,1,ACCEPT,20.7728,4.5691,3404,-1,3,0.1522,260.36,683.31,103.19,62.12,161.50,645.00,281.00,96.00,0.1284,106.02,1,-1,2.7070,ACCEPT,0,2596,4485,15669,1,50,3404,0,0,0,0
163,0,1,1,ACCEPT,16.7890,3.1030,2833,1,3,0.4321,263.58,689.12,103.19,62.12,165.00,650.00,280.00,94.00,0.1244,106.06,1,0,2.7093,ACCEPT,0,2961,4717,12082,1,50,2833,0,0,0,0
164,0,1,1,ACCEPT,10.0269,1.6994,1645,1,12,0.0122,266.80,712.38,103.19,62.12,187.50,670.50,279.00,89.00,0.1252,89.67,1,0,2.5349,ACCEPT,0,2470,5532,8437,1,50,1645,0,0,0,0
165,0,1,1,ACCEPT,16.9673,2.6973,1613,1,0,0.9417,270.02,712.38,103.19,62.12,201.00,665.50,256.00,95.00,0.1191,83.43,1,0,2.7072,ACCEPT,0,1597,4802,11602,1,50,1613,0,0,0,0
166,0,1,1,ACCEPT,17.5879,1.9696,2334,5,-6,0.0476,286.11,700.75,103.19,62.12,215.50,656.50,267.00,91.00,0.1218,83.33,1,0,3.0727,ACCEPT,0,1781,4754,14397,1,50,2334,0,0,0,0
167,0,1,1,ACCEPT,14.3396,2.5921,2898,6,3,0.3050,305.42,706.56,103.19,62.12,235.00,663.50,268.00,89.00,0.1246,82.54,1,0,3.0031,ACCEPT,0,3179,5467,10394,1,50,2898,0,0,0,0
168,0,1,1,ACCEPT,9.2480,1.2481,1444,12,9,0.0125,344.05,724.00,103.19,62.12,279.50,685.00,281.00,86.00,0.1342,75.41,1,0,2.9665,ACCEPT,0,2448,5749,8200,1,50,1444,0,0,0,0
169,0,1,1,ACCEPT,7.1288,1.1542,973,8,19,0.0606,369.80,760.81,103.19,62.12,300.50,718.00,293.00,90.00,0.1169,81.46,1,-1,2.5405,OUT_OF_RANGE,0,1816,6640,8500,1,50,973,0,0,0,0
170,0,1,1,ACCEPT,23.0622,3.8437,2656,8,1,0.0986,395.55,762.75,103.19,62.12,305.50,719.00,301.00,96.00,0.1151,100.11,1,-1,2.2972,OUT_OF_RANGE,0,1814,5350,14513,1,50,2656,0,0,0,0
171,0,1,1,ACCEPT,17.9070,3.9783,3302,2,-3,0.1230,401.98,756.94,107.32,64.60,301.50,713.00,327.00,100.00,0.1159,109.67,1,1,2.4773,ACCEPT,0,2859,4659,15273,1,50,3302,0,0,0,0
172,0,1,1,ACCEPT,5.0637,1.0495,912,1,-16,0.1107,405.34,724.69,107.32,64.60,313.00,684.50,320.00,105.00,0.1339,100.71,1,0,2.6709,ACCEPT,0,2482,4314,8213,1,50,912,0,0,0,0
173,0,1,1,ACCEPT,13.0727,2.3444,1198,-4,-10,0.2295,391.91,704.53,107.32,64.60,307.00,662.00,310.00,108.00,0.1315,94.96,1,0,2.5110,ACCEPT,0,1179,4679,11630,1,50,1198,0,0,0,0
174,0,1,1,ACCEPT,12.5201,2.7810,1816,-3,-1,0.3420,381.83,702.52,107.32,64.60,296.00,659.00,316.00,118.00,0.1312,96.23,1,0,2.9834,ACCEPT,0,2369,3410,9839,1,50,1816,0,0,0,0
175,0,1,1,ACCEPT,18.0694,4.1104,1973,-2,2,0.4207,375.11,706.55,107.32,64.60,289.00,662.00,324.00,114.00,0.1229,96.95,1,0,2.9638,ACCEPT,0,1933,3561,11561,1,50,1973,0,0,0,0
176,0,1,1,ACCEPT,15.0227,1.9483,2297,-2,-5,0.0997,368.39,696.47,107.32,64.60,281.00,656.00,330.00,120.00,0.1358,96.31,1,0,2.9137,ACCEPT,0,2340,3646,11064,1,50,2297,0,0,0,0
177,0,1,1,ACCEPT,10.1964,1.2723,1701,-2,-6,0.0312,361.67,684.38,107.32,64.60,274.00,646.50,340.00,119.00,0.1391,95.50,1,0,2.7261,ACCEPT,0,2218,3588,12755,1,50,1701,0,0,0,0
178,0,1,1,ACCEPT,13.5016,1.5697,2309,3,-2,0.1542,371.75,680.34,107.32,64.60,259.50,633.50,363.00,121.00,0.1074,121.63,1,0,2.9128,ACCEPT,0,2476,3714,12456,1,50,2309,0,0,0,0
179,0,1,1,ACCEPT,14.0124,1.9963,2184,1,0,0.9666,375.11,680.34,107.32,64.60,248.50,633.50,371.00,119.00,0.1043,135.00,1,0,2.8979,ACCEPT,0,2300,4159,12410,1,50,2184,0,0,0,0
180,0,1,1,ACCEPT,12.4651,1.9679,1714,-1,8,0.1383,371.75,696.47,107.32,64.60,237.50,653.00,393.00,116.00,0.1058,141.11,1,0,2.9498,ACCEPT,0,2250,5183,9299,1,50,1714,0,0,0,0
181,0,1,1,ACCEPT,11.6618,1.5545,1155,-2,5,0.4346,365.03,706.55,107.32,64.60,238.00,657.50,384.00,117.00,0.0946,136.17,1,0,3.5426,ACCEPT,0,1602,4801,10135,1,50,1155,0,0,0,0
182,0,1,1,ACCEPT,17.4527,2.3840,1819,-3,-5,0.0291,354.95,696.47,107.32,64.60,243.50,642.50,373.00,113.00,0.0824,123.83,1,0,3.2336,ACCEPT,0,2067,4158,12337,1,50,1819,0,0,0,0
183,0,1,1,ACCEPT,21.4808,2.9424,2198,-3,-1,0.4363,344.88,694.45,107.32,64.60,244.00,638.00,354.00,114.00,0.0805,115.60,1,0,3.1267,ACCEPT,0,1647,4525,12632,1,50,2198,0,0,0,0
184,0,1,1,ACCEPT,17.5410,2.5027,2300,-3,4,0.0135,334.80,702.52,107.32,64.60,240.00,644.50,362.00,117.00,0.0769,111.14,1,0,3.1374,ACCEPT,0,2240,4731,12196,1,50,2300,0,0,0,0
185,0,1,1,ACCEPT,21.4682,3.3864,2191,-2,-7,0.1114,328.08,688.41,107.32,64.60,238.50,633.50,377.00,115.00,0.0805,105.07,1,0,2.9801,ACCEPT,0,1596,3866,12559,1,50,2191,0,0,0,0
186,0,1,1,ACCEPT,21.0530,3.1960,3017,-1,0,0.9128,324.72,688.41,107.32,64.60,229.50,634.00,397.00,118.00,0.0795,109.67,1,0,2.9420,ACCEPT,0,2521,4635,13938,1,50,3017,0,0,0,0
187,0,1,1,ACCEPT,27.7853,3.1615,3269,-2,-4,0.0006,318.00,680.34,107.32,64.60,223.00,626.50,414.00,119.00,0.0781,109.20,1,0,3.0129,ACCEPT,0,2200,3736,15796,1,50,3269,0,0,0,0
188,0,1,1,ACCEPT,20.5903,2.6706,3624,0,-1,0.7362,318.00,678.33,107.32,64.60,216.00,621.00,432.00,122.00,0.0692,117.01,1,0,3.1929,ACCEPT,0,3517,4305,16749,1,50,3624,0,0,0,0
189,0,1,1,ACCEPT,20.3283,2.6527,3613,2,-1,0.6892,324.72,676.31,107.32,64.60,219.50,621.50,439.00,135.00,0.0787,118.64,1,0,3.1775,ACCEPT,0,3545,4349,16252,1,50,3613,0,0,0,0
190,0,1,1,ACCEPT,19.5322,2.4064,3174,1,1,0.6125,328.08,678.33,107.32,64.60,223.00,627.00,446.00,136.00,0.0843,116.94,1,0,3.2248,ACCEPT,0,3184,4484,17157,1,50,3174,0,0,0,0
0,0,0,0,ZERO_RESPONSE,0.0000,0.0000,0,0,0,0.0000,315.00,500.50,54.00,107.00,315.00,500.50,54.00,107.00,1.0000,0.00,1,0,0.0000,NOT_RUN,0,0,23675,3887,2,100,0,0,0,0,0
1,0,1,1,ACCEPT,9.8385,2.3810,350,-3,-3,0.2114,309.94,490.47,54.00,107.00,308.00,483.00,54.00,108.00,0.8135,7.72,1,0,2.6777,ACCEPT,0,533,19682,3893,2,100,350,0,0,0,0
2,0,1,1,ACCEPT,9.9641,2.0404,404,-1,-2,0.5347,308.25,483.78,54.00,107.00,306.00,472.00,56.00,114.00,0.7488,11.99,1,0,2.8533,ACCEPT,0,766,17772,6176,2,100,404,0,0,0,0
3,0,1,1,ACCEPT,6.9137,1.9913,687,-2,2,0.2999,304.88,490.47,54.00,107.00,304.50,491.00,59.00,140.00,0.6995,0.65,1,0,2.8236,ACCEPT,0,1597,14988,10872,2,100,687,0,0,0,0
4,0,1,1,ACCEPT,8.8204,1.8432,905,-11,7,0.1215,286.31,513.88,54.00,107.00,278.50,508.50,57.00,137.00,0.6014,9.48,1,0,2.4810,ACCEPT,0,1403,10949,9412,2,100,905,0,0,0,0
5,0,1,1,ACCEPT,8.3631,1.8861,1043,-2,-2,0.3116,282.94,507.19,54.00,107.00,278.00,505.50,66.00,139.00,0.6298,5.22,1,0,2.6156,ACCEPT,0,1643,11385,12389,2,100,1043,0,0,0,0
6,0,1,1,ACCEPT,8.4641,1.5344,1404,-1,0,0.9181,281.25,507.19,54.00,107.00,271.50,508.00,67.00,130.00,0.5995,9.78,1,0,2.3746,ACCEPT,0,2654,9773,8715,2,100,1404,0,0,0,0
7,0,1,1,ACCEPT,12.2733,2.4112,1589,0,3,0.2014,281.25,517.22,54.00,107.00,269.00,512.50,74.00,133.00,0.5492,13.13,1,0,2.8601,ACCEPT,0,2039,8707,8514,2,100,1589,0,0,0,0
8,0,1,1,ACCEPT,10.0540,1.9429,1294,-1,-1,0.8570,279.56,513.88,54.00,107.00,263.50,514.00,83.00,134.00,0.4970,16.06,1,0,2.6877,ACCEPT,0,1685,8286,8173,2,100,1294,0,0,0,0
9,0,1,1,ACCEPT,9.4127,1.6193,1093,0,5,0.1830,279.56,530.59,54.00,107.00,259.50,531.00,93.00,134.00,0.4566,20.07,1,0,2.8380,ACCEPT,0,1489,7295,9060,2,100,1093,0,0,0,0
10,0,1,1,ACCEPT,8.9097,1.6744,869,2,8,0.2785,282.94,557.34,54.00,107.00,261.00,557.50,106.00,147.00,0.3708,21.94,1,0,2.7332,ACCEPT,0,1353,5954,9811,2,100,869,0,0,0,0
11,0,1,1,ACCEPT,8.9449,1.6797,1075,3,-1,0.5107,288.00,554.00,54.00,107.00,263.00,557.50,110.00,147.00,0.3573,25.24,1,0,2.6845,ACCEPT,0,1804,7187,7975,2,100,1075,0,0,0,0
12,0,1,1,ACCEPT,8.0040,1.4628,866,3,0,0.7425,293.06,554.00,54.00,107.00,262.00,561.50,114.00,159.00,0.3105,31.96,1,0,2.6005,ACCEPT,0,1686,5915,6891,2,100,866,0,0,0,0
13,0,1,1,ACCEPT,7.7383,1.5795,725,4,-2,0.0772,299.81,547.31,54.00,107.00,263.50,554.50,109.00,169.00,0.2497,37.02,1,0,2.6987,ACCEPT,0,1523,5368,6467,2,100,725,0,0,0,0
14,0,1,1,ACCEPT,8.4234,1.8632,708,0,1,0.8715,299.81,550.66,54.00,107.00,261.50,556.50,115.00,165.00,0.2495,38.76,1,0,2.4881,ACCEPT,0,1305,4048,10350,2,100,708,0,0,0,0
15,0,1,1,ACCEPT,8.2303,1.7063,1034,-2,0,0.8907,296.44,550.66,54.00,107.00,259.50,561.50,107.00,165.00,0.2483,38.50,1,0,2.5123,ACCEPT,0,1942,3779,11296,2,100,1034,0,0,0,0
16,0,1,1,ACCEPT,5.9847,1.1154,831,-2,2,0.5030,293.06,557.34,56.16,111.28,256.50,564.00,101.00,136.00,0.3054,37.16,1,1,2.3579,ACCEPT,0,1613,3510,13489,2,100,831,0,0,0,0
17,0,1,0,NEGATIVE_PEAK,-5.0990,1.0277,-927,3,12,0.3894,293.06,557.34,56.16,111.28,247.50,561.50,105.00,119.00,0.2616,45.75,0,0,0.0000,NOT_RUN,0,2051,3667,0,2,100,927,0,0,0,0
18,0,1,1,ACCEPT,7.7388,1.4378,1225,-1,5,0.3159,291.31,574.77,56.16,111.28,248.50,573.50,115.00,93.00,0.3067,42.83,1,0,2.7592,ACCEPT,0,2160,3256,10611,2,100,1225,0,0,0,0
19,0,1,1,ACCEPT,9.1902,1.5006,1271,-1,-1,0.9607,289.56,571.28,56.16,111.28,250.00,580.50,130.00,79.00,0.3440,40.62,1,0,3.0384,ACCEPT,0,1920,3107,10669,2,100,1271,0,0,0,0
20,0,1,1,ACCEPT,8.8914,1.5269,1191,1,3,0.3955,291.31,581.73,56.16,111.28,247.50,588.50,139.00,79.00,0.3272,44.33,1,0,2.8616,ACCEPT,0,2343,3555,10170,2,100,1191,0,0,0,0
21,0,1,1,ACCEPT,7.9940,1.5023,975,3,0,0.7990,296.56,581.73,56.16,111.28,250.00,587.50,140.00,79.00,0.3074,46.92,1,0,2.8404,ACCEPT,0,2307,3764,11204,2,100,975,0,0,0,0
22,0,1,1,ACCEPT,6.9023,1.2872,977,3,2,0.6919,301.81,588.70,56.16,111.28,251.00,592.00,140.00,88.00,0.2887,50.92,1,0,2.9607,ACCEPT,0,2469,3954,11768,2,100,977,0,0,0,0
23,0,1,1,ACCEPT,5.9283,1.0686,950,2,3,0.5663,305.31,599.16,56.16,111.28,256.50,596.00,137.00,86.00,0.2950,48.91,1,0,2.8954,ACCEPT,0,2350,3901,13884,2,100,950,0,0,0,0
24,0,1,1,ACCEPT,6.0280,1.0610,1183,1,1,0.6923,307.06,602.64,56.16,111.28,259.50,590.00,139.00,88.00,0.3080,49.21,1,0,2.5081,ACCEPT,0,2582,3766,13156,2,100,1183,0,0,0,0
25,0,1,1,ACCEPT,5.8118,1.1710,1027,-1,-6,0.8539,305.31,581.73,56.16,111.28,257.50,588.00,145.00,74.00,0.2987,48.22,1,0,2.8384,ACCEPT,0,2358,3912,13030,2,100,1027,0,0,0,0
26,0,1,0,NEGATIVE_PEAK,-5.1308,1.0282,-911,-9,-2,0.8375,305.31,581.73,56.16,111.28,259.00,591.00,150.00,68.00,0.3024,47.23,0,0,0.0000,NOT_RUN,0,2084,3820,0,2,100,911,0,0,0,0
27,0,1,1,ACCEPT,7.4141,1.2844,1147,1,0,0.9695,307.06,581.73,56.16,111.28,258.50,578.50,157.00,71.00,0.2974,48.67,1,0,2.7981,ACCEPT,0,2268,3693,15946,2,100,1147,0,0,0,0
28,0,1,1,ACCEPT,6.3511,1.2468,1061,-1,2,0.5042,305.31,588.70,56.16,111.28,255.50,596.50,163.00,75.00,0.2953,50.42,1,0,3.3849,ACCEPT,0,2679,3582,14910,2,100,1061,0,0,0,0
29,0,1,0,NEGATIVE_PEAK,-5.9827,1.1913,-928,-4,9,0.6261,305.31,588.70,56.16,111.28,257.00,590.50,162.00,91.00,0.3218,48.35,0,0,0.0000,NOT_RUN,0,2504,3489,0,2,100,928,0,0,0,0
30,0,1,1,ACCEPT,6.0800,1.0539,1055,-2,4,0.2540,301.81,602.64,58.41,115.73,249.00,593.00,176.00,80.00,0.2890,53.69,1,1,2.7261,ACCEPT,0,2735,3442,15564,2,100,1055,0,0,0,0
31,0,1,1,ACCEPT,7.6792,1.3578,1404,-2,2,0.4053,298.16,609.86,60.74,120.36,249.00,597.00,170.00,84.00,0.3094,50.81,1,1,2.5821,ACCEPT,0,2945,3317,14832,2,100,1404,0,0,0,0
32,0,1,1,ACCEPT,8.7660,1.3805,1865,2,2,0.5164,301.94,617.39,63.17,125.17,255.00,618.50,158.00,75.00,0.3154,46.95,1,1,2.3264,ACCEPT,0,3654,3097,14016,2,100,1865,0,0,0,0
33,0,1,1,ACCEPT,9.3793,1.5878,1791,1,4,0.2658,303.91,633.02,65.70,130.18,258.00,632.00,150.00,80.00,0.3177,45.92,1,1,2.4049,ACCEPT,0,3087,3254,17067,2,100,1791,0,0,0,0
34,0,1,1,ACCEPT,8.4936,1.5705,2073,1,4,0.2436,305.95,649.27,68.33,135.39,269.50,651.50,129.00,83.00,0.3490,36.52,1,1,2.4368,ACCEPT,0,3709,3234,16764,2,100,2073,0,0,0,0
35,0,1,1,ACCEPT,9.0810,1.5612,1836,1,-1,0.8606,308.09,645.03,71.06,140.80,271.50,641.00,127.00,92.00,0.3602,36.82,1,1,2.1900,ACCEPT,0,2969,3136,18827,2,100,1836,0,0,0,0
36,0,1,0,NEGATIVE_PEAK,-6.7899,1.1961,-1763,-1,9,0.7720,308.09,645.03,71.06,140.80,268.00,635.50,128.00,107.00,0.3667,41.21,0,0,0.0000,NOT_RUN,0,3119,2987,0,2,100,1763,0,0,0,0
37,0,1,1,ACCEPT,6.5760,1.0025,1591,-2,-5,0.4419,303.66,623.00,73.90,146.44,271.50,625.00,127.00,94.00,0.3929,32.22,1,1,2.1769,ACCEPT,0,2578,2724,21210,2,100,1591,0,0,0,0
38,0,1,1,ACCEPT,8.4992,1.3297,2057,0,-3,0.4424,303.66,609.27,76.86,152.29,271.50,604.50,129.00,103.00,0.4118,32.51,1,1,2.2260,ACCEPT,0,2600,2628,21210,2,100,2057,0,0,0,0
39,0,1,1,ACCEPT,9.3361,1.4236,2161,0,0,1.0000,303.66,609.27,79.93,158.39,270.50,607.00,131.00,92.00,0.3684,33.23,1,1,2.4545,ACCEPT,0,2691,2677,21138,2,100,2161,0,0,0,0
40,0,1,1,ACCEPT,9.9774,1.6232,1904,1,1,0.9349,306.16,614.22,83.13,164.72,273.50,605.00,131.00,100.00,0.3845,33.93,1,1,2.6552,ACCEPT,0,2500,2552,21920,2,100,1904,0,0,0,0
41,0,1,1,ACCEPT,12.4636,1.9766,2279,1,-2,0.6744,308.75,603.94,86.46,171.31,278.50,595.50,141.00,83.00,0.3538,31.40,1,1,2.7238,ACCEPT,0,2423,2362,20095,2,100,2279,0,0,0,0
42,0,1,1,ACCEPT,14.0516,1.8801,2414,2,1,0.6508,314.16,609.30,89.91,178.16,281.00,604.00,144.00,70.00,0.2899,33.58,1,1,2.5210,ACCEPT,0,2740,2407,20097,2,100,2414,0,0,0,0
43,0,1,1,ACCEPT,13.3282,1.8148,2303,1,2,0.6049,316.97,620.42,89.91,178.16,284.50,612.50,145.00,69.00,0.2909,33.42,1,0,2.5010,ACCEPT,0,2625,2196,19887,2,100,2303,0,0,0,0
44,0,1,1,ACCEPT,14.2330,2.1608,2459,1,4,0.0366,319.78,642.67,89.91,178.16,291.50,636.00,141.00,66.00,0.2940,29.06,1,0,2.5162,ACCEPT,0,2570,2190,20955,2,100,2459,0,0,0,0
45,0,1,1,ACCEPT,14.6434,2.4785,2647,0,3,0.4054,319.78,659.36,89.91,178.16,297.50,653.50,143.00,67.00,0.3077,23.04,1,0,2.6458,ACCEPT,0,2600,2182,22744,2,100,2647,0,0,0,0
46,0,1,1,ACCEPT,15.8942,2.6770,3100,1,5,0.0519,322.59,687.17,89.91,178.16,300.50,676.50,123.00,73.00,0.3269,24.54,1,0,2.8047,ACCEPT,0,2549,2144,22443,2,100,3100,0,0,0,0
47,0,1,1,ACCEPT,17.1719,2.9760,3601,-1,1,0.9009,319.78,692.73,89.91,178.16,301.00,680.50,118.00,83.00,0.3772,22.41,1,0,2.7547,ACCEPT,0,3060,2389,18736,2,100,3601,0,0,0,0
48,0,1,1,ACCEPT,14.7922,2.5894,2403,-2,-3,0.4973,314.16,676.05,89.91,178.16,299.50,670.50,119.00,95.00,0.4539,15.67,1,0,2.7737,ACCEPT,0,2236,1991,24959,2,100,2403,0,0,0,0
49,0,1,1,ACCEPT,13.6541,1.9694,3541,0,0,1.0000,314.16,676.05,89.91,178.16,293.50,660.00,119.00,98.00,0.4218,26.16,1,0,2.6743,ACCEPT,0,3720,2149,22473,2,100,3541,0,0,0,0
50,0,1,1,ACCEPT,13.0253,1.9480,2848,-2,1,0.7065,308.53,681.61,89.91,178.16,283.50,665.00,125.00,104.00,0.4192,30.04,1,0,2.6356,ACCEPT,0,3387,2120,21439,2,100,2848,0,0,0,0
51,0,1,1,ACCEPT,15.8925,2.6168,3148,-2,1,0.6798,302.91,687.17,89.91,178.16,274.50,670.50,127.00,99.00,0.3835,32.94,1,0,2.7234,ACCEPT,0,3296,2261,22632,2,100,3148,0,0,0,0
52,0,1,1,ACCEPT,17.2165,2.4695,3403,-5,0,0.2524,288.84,687.17,89.91,178.16,256.50,662.00,135.00,98.00,0.3669,40.98,1,0,2.8221,ACCEPT,0,3196,2436,21078,2,100,3403,0,0,0,0
53,0,1,1,ACCEPT,15.1970,2.2723,2620,-2,1,0.7107,283.22,692.73,89.91,178.16,247.50,672.50,143.00,85.00,0.3220,41.05,1,0,2.8748,ACCEPT,0,2812,2398,22210,2,100,2620,0,0,0,0
54,0,1,1,ACCEPT,14.0959,2.0321,2786,-4,1,0.4325,271.97,698.30,89.91,178.16,229.50,674.50,167.00,87.00,0.3243,48.68,1,0,2.8061,ACCEPT,0,2986,2243,22229,2,100,2786,0,0,0,0
55,0,1,1,ACCEPT,15.1892,2.3456,3197,-1,-1,0.9115,269.16,692.73,89.91,178.16,225.00,666.50,158.00,85.00,0.2993,51.36,1,0,2.9499,ACCEPT,0,2771,2085,22111,2,100,3197,0,0,0,0
56,0,1,1,ACCEPT,13.0219,2.2443,2471,-1,-1,0.9126,266.34,687.17,89.91,178.16,225.00,667.50,154.00,67.00,0.2580,45.79,1,0,2.8838,ACCEPT,0,2952,1834,26259,2,100,2471,0,0,0,0
57,0,1,1,ACCEPT,13.6780,2.2870,3554,0,2,0.5577,266.34,698.30,89.91,178.16,239.00,684.00,152.00,60.00,0.2732,30.86,1,0,2.7202,ACCEPT,0,4104,2268,24972,2,100,3554,0,0,0,0
58,0,1,1,ACCEPT,15.3695,2.4488,4398,0,1,0.9773,266.34,703.86,89.91,178.16,244.50,684.00,135.00,56.00,0.2715,29.52,1,0,2.7363,ACCEPT,0,4219,2511,22910,2,100,4398,0,0,0,0
59,0,1,1,ACCEPT,16.4411,2.5690,4786,0,-2,0.7773,266.34,692.73,89.91,178.16,246.50,673.50,125.00,67.00,0.3169,27.64,1,0,2.7029,ACCEPT,0,4190,2623,21479,2,100,4786,0,0,0,0
60,0,1,1,ACCEPT,14.8371,2.6313,4360,-1,1,0.9495,263.53,698.30,89.91,178.16,243.00,677.00,132.00,70.00,0.3319,29.58,1,0,2.7380,ACCEPT,0,4142,2948,23881,2,100,4360,0,0,0,0
61,0,1,1,ACCEPT,15.8984,2.6099,5225,0,0,1.0000,263.53,698.30,89.91,178.16,244.50,679.50,135.00,75.00,0.3476,26.75,1,0,2.7295,ACCEPT,0,4620,3042,19940,2,100,5225,0,0,0,0
62,0,1,1,ACCEPT,17.2825,3.7594,3985,-2,-3,0.0550,257.91,681.61,89.91,178.16,239.00,660.50,132.00,71.00,0.3359,28.34,1,0,2.8396,ACCEPT,0,3833,2702,21553,2,100,3985,0,0,0,0
63,0,1,1,ACCEPT,17.4993,2.6834,4551,-1,-1,0.6708,255.09,676.05,89.91,178.16,234.00,655.00,146.00,72.00,0.3228,29.80,1,0,2.7266,ACCEPT,0,4101,2549,25158,2,100,4551,0,0,0,0
64,0,1,1,ACCEPT,19.7672,3.5789,5261,-5,0,0.0278,241.03,676.05,89.91,178.16,217.50,658.50,149.00,65.00,0.2943,29.35,1,0,2.7301,ACCEPT,0,4701,2518,20796,2,100,5261,0,0,0,0
65,0,1,1,ACCEPT,18.7622,2.8431,4239,-5,1,0.2456,226.97,681.61,89.91,178.16,200.00,666.00,162.00,68.00,0.2922,31.16,1,0,2.6392,ACCEPT,0,4248,2646,19867,2,100,4239,0,0,0,0
66,0,1,1,ACCEPT,15.4569,2.9054,3347,-12,2,0.0550,193.22,692.73,93.51,185.29,160.50,678.00,159.00,68.00,0.2920,35.88,1,1,2.6020,ACCEPT,0,3837,2481,14807,2,100,3347,0,0,0,0
67,0,1,1,ACCEPT,19.8696,3.2921,3460,-3,0,0.4821,184.45,692.73,93.51,185.29,157.00,679.00,152.00,64.00,0.2840,30.70,1,0,2.7851,ACCEPT,0,3029,2890,17310,2,100,3460,0,0,0,0
68,0,1,1,ACCEPT,19.6035,3.2604,4395,-4,-1,0.3254,172.77,686.94,93.51,185.29,158.00,686.00,130.00,60.00,0.2875,14.80,1,0,2.7039,ACCEPT,0,4032,3285,14946,2,100,4395,0,0,0,0
69,0,1,1,ACCEPT,18.7017,3.6865,4081,0,0,1.0000,172.77,686.94,93.51,185.29,158.50,684.00,125.00,60.00,0.2920,14.56,1,0,2.7765,ACCEPT,0,3593,3558,16172,2,100,4081,0,0,0,0
70,0,1,1,ACCEPT,16.2450,2.8899,3910,0,-1,0.8895,172.77,681.14,93.51,185.29,158.50,681.50,135.00,65.00,0.3036,14.27,1,0,2.7345,ACCEPT,0,3550,3058,16662,2,100,3910,0,0,0,0
71,0,1,1,ACCEPT,15.3708,2.2583,3663,-1,-2,0.5547,169.84,669.55,93.51,185.29,155.00,670.50,144.00,73.00,0.3249,14.87,1,0,2.8545,ACCEPT,0,3558,2786,16596,2,100,3663,0,0,0,0
72,0,1,1,ACCEPT,16.9120,2.2070,3679,-2,4,0.2221,164.00,692.73,93.51,185.29,148.00,692.50,150.00,93.00,0.3851,16.00,1,0,2.7984,ACCEPT,0,3548,2706,18594,2,100,3679,0,0,0,0
73,0,1,1,ACCEPT,17.3428,2.5507,4127,-1,2,0.6765,161.08,704.33,93.51,185.29,144.00,705.00,160.00,94.00,0.3728,17.09,1,0,2.9034,ACCEPT,0,3875,2587,20256,2,100,4127,0,0,0,0
74,0,1,1,ACCEPT,15.4622,2.2910,4220,-3,0,0.5097,152.31,704.33,93.51,185.29,131.00,710.50,174.00,91.00,0.3452,22.19,1,0,2.6283,ACCEPT,0,4000,2897,20597,2,100,4220,0,0,0,0
75,0,1,1,ACCEPT,14.8879,2.2212,4287,-1,2,0.5680,149.39,715.92,93.51,185.29,123.50,717.00,185.00,92.00,0.3342,25.91,1,0,2.8652,ACCEPT,0,4470,3336,17641,2,100,4287,0,0,0,0
76,0,1,1,ACCEPT,14.1601,2.2495,3552,0,-1,0.9690,149.39,710.12,93.51,185.29,123.50,713.50,179.00,81.00,0.3123,26.11,1,0,2.8874,ACCEPT,0,4545,3198,19033,2,100,3552,0,0,0,0
77,0,1,1,ACCEPT,17.0568,2.3871,4865,2,-2,0.4943,155.23,698.53,93.51,185.29,132.50,693.00,159.00,72.00,0.3055,23.40,1,0,2.8421,ACCEPT,0,4883,3422,17359,2,100,4865,0,0,0,0
78,0,1,1,ACCEPT,13.6947,2.2872,3870,0,-3,0.4354,155.23,681.14,93.51,185.29,141.50,674.00,145.00,60.00,0.2748,15.48,1,0,2.9058,ACCEPT,0,4499,3670,18558,2,100,3870,0,0,0,0
79,0,1,1,ACCEPT,13.9563,2.0555,4000,3,0,0.5633,164.00,681.14,97.25,192.70,146.00,678.00,148.00,64.00,0.2831,18.27,1,1,2.6545,ACCEPT,0,4627,3879,17746,2,100,4000,0,0,0,0
80,0,1,1,ACCEPT,15.4492,2.0531,4174,3,2,0.3311,173.14,693.17,97.25,192.70,152.00,686.00,148.00,70.00,0.3054,22.32,1,0,2.8157,ACCEPT,0,4293,3671,18130,2,100,4174,0,0,0,0
81,0,1,1,ACCEPT,14.5881,2.2578,3845,3,-2,0.4505,182.28,681.14,97.25,192.70,162.50,675.00,151.00,68.00,0.2953,20.71,1,0,2.7917,ACCEPT,0,4268,3541,19017,2,100,3845,0,0,0,0
82,0,1,1,ACCEPT,17.0256,2.6916,4355,2,-2,0.5855,188.38,669.11,97.25,192.70,164.00,660.00,158.00,78.00,0.3231,26.02,1,0,2.7592,ACCEPT,0,4636,3182,19609,2,100,4355,0,0,0,0
83,0,1,1,ACCEPT,15.3775,1.7512,4068,0,1,0.8638,188.38,675.12,97.25,192.70,172.00,666.00,170.00,76.00,0.3045,18.75,1,0,2.9439,ACCEPT,0,4385,3205,20168,2,100,4068,0,0,0,0
84,0,1,1,ACCEPT,13.8669,1.6289,3924,-1,1,0.9256,185.33,681.14,97.25,192.70,165.00,664.50,178.00,79.00,0.3059,26.27,1,0,2.9555,ACCEPT,0,4160,3477,21163,2,100,3924,0,0,0,0
85,0,1,1,ACCEPT,17.1946,2.4227,4889,0,2,0.6210,185.33,693.17,97.25,192.70,163.50,681.00,193.00,80.00,0.2947,24.99,1,0,3.0938,ACCEPT,0,4413,3736,19845,2,100,4889,0,0,0,0
86,0,1,1,ACCEPT,15.1079,2.8109,3924,0,-2,0.8010,185.33,681.14,97.25,192.70,163.50,671.50,187.00,81.00,0.3029,23.86,1,0,3.0464,ACCEPT,0,4207,3834,19932,2,100,3924,0,0,0,0
87,0,1,1,ACCEPT,11.4686,2.1540,3272,0,-1,0.8487,185.33,675.12,97.25,192.70,172.00,663.00,178.00,84.00,0.3201,18.02,1,0,3.0050,ACCEPT,0,4532,4181,17656,2,100,3272,0,0,0,0
88,0,1,1,ACCEPT,9.5287,1.9528,2564,0,0,1.0000,185.33,675.12,97.25,192.70,176.00,669.50,166.00,81.00,0.3240,10.89,1,0,2.8206,ACCEPT,0,4312,4231,14208,2,100,2564,0,0,0,0
89,0,1,1,ACCEPT,10.5300,1.4475,2235,-1,1,0.8975,182.28,681.14,97.25,192.70,168.00,676.00,176.00,76.00,0.2989,15.18,1,0,2.8252,ACCEPT,0,3504,4465,12120,2,100,2235,0,0,0,0
90,0,1,1,ACCEPT,11.1544,1.7654,2152,-2,2,0.7528,176.19,693.17,97.25,192.70,165.50,685.50,189.00,71.00,0.2734,13.16,1,0,2.8986,ACCEPT,0,3050,4165,14017,2,100,2152,0,0,0,0
91,0,1,1,ACCEPT,11.1369,1.5395,2437,-1,1,0.8863,173.14,699.19,97.25,192.70,162.00,693.50,192.00,73.00,0.2767,12.51,1,0,2.9327,ACCEPT,0,3363,3811,13914,2,100,2437,0,0,0,0
92,0,1,1,ACCEPT,17.6076,2.7576,3356,0,-2,0.7011,173.14,687.16,97.25,192.70,164.50,685.50,203.00,75.00,0.2735,8.80,1,0,2.9416,ACCEPT,0,3055,3653,15514,2,100,3356,0,0,0,0
93,0,1,1,ACCEPT,18.5118,2.8013,3468,0,0,1.0000,173.14,687.16,97.25,192.70,155.00,680.50,212.00,75.00,0.2667,19.32,1,0,3.0126,ACCEPT,0,3188,3725,17286,2,100,3468,0,0,0,0
94,0,1,1,ACCEPT,18.8180,3.4996,4602,-1,-1,0.8822,170.09,681.14,97.25,192.70,149.00,675.50,236.00,73.00,0.2459,21.83,1,0,2.9196,ACCEPT,0,4179,4156,15623,2,100,4602,0,0,0,0
95,0,1,1,ACCEPT,17.4018,3.5637,4223,-1,1,0.9294,167.05,687.16,97.25,192.70,142.00,678.00,222.00,74.00,0.2573,26.67,1,0,2.9801,ACCEPT,0,3734,4205,17504,2,100,4223,0,0,0,0
96,0,1,1,ACCEPT,18.0474,3.4811,4616,-2,1,0.5968,160.95,693.17,97.25,192.70,150.00,683.50,204.00,77.00,0.2778,14.61,1,0,2.9034,ACCEPT,0,4185,4438,15077,2,100,4616,0,0,0,0
97,0,1,1,ACCEPT,19.0791,3.7553,4266,-2,0,0.6932,154.86,693.17,97.25,192.70,149.50,680.50,185.00,75.00,0.2880,13.76,1,0,2.9319,ACCEPT,0,3613,4680,15153,2,100,4266,0,0,0,0
98,0,1,1,ACCEPT,14.9870,2.3858,3562,-6,0,0.2807,136.58,693.17,97.25,192.70,129.50,676.50,199.00,81.00,0.2919,18.11,1,0,2.7139,ACCEPT,0,4036,4820,12764,2,100,3562,0,0,0,0
99,0,1,1,ACCEPT,16.3146,2.7181,3028,-4,0,0.3365,124.39,693.17,97.25,192.70,121.50,673.50,207.00,87.00,0.2991,19.88,1,0,3.0187,ACCEPT,0,3105,4834,13045,2,100,3028,0,0,0,0
100,0,1,1,ACCEPT,18.1269,3.4110,3237,0,-2,0.8057,124.39,681.14,97.25,192.70,119.00,663.00,212.00,88.00,0.2968,18.92,1,0,2.9619,ACCEPT,0,2648,4139,16508,2,100,3237,0,0,0,0
101,0,1,1,ACCEPT,19.7168,4.4491,4111,1,0,0.9316,127.44,681.14,97.25,192.70,119.00,659.00,220.00,90.00,0.2938,23.69,1,0,3.0483,ACCEPT,0,3561,4097,18740,2,100,4111,0,0,0,0
102,0,1,1,ACCEPT,18.2231,2.5947,4481,4,0,0.3664,139.62,681.14,97.25,192.70,126.00,659.50,234.00,89.00,0.2800,25.57,1,0,2.8784,ACCEPT,0,3544,3865,22448,2,100,4481,0,0,0,0
103,0,1,1,ACCEPT,19.2318,2.8120,5191,4,-2,0.2466,151.81,669.11,97.25,192.70,135.00,649.00,242.00,86.00,0.2682,26.21,1,0,3.0098,ACCEPT,0,4072,4149,18486,2,100,5191,0,0,0,0
104,0,1,1,ACCEPT,15.6326,2.9167,3923,5,0,0.0512,167.05,669.11,97.25,192.70,151.00,647.50,246.00,95.00,0.2811,26.92,1,0,2.9473,ACCEPT,0,3835,4960,18687,2,100,3923,0,0,0,0
105,0,1,1,ACCEPT,13.6903,2.6555,3577,3,0,0.3366,176.19,669.11,97.25,192.70,178.50,650.00,237.00,94.00,0.2868,19.25,1,0,2.9956,ACCEPT,0,3933,5000,15589,2,100,3577,0,0,0,0
106,0,1,1,ACCEPT,13.5794,2.0418,2883,-1,-2,0.7405,173.14,657.08,97.25,192.70,179.00,646.50,224.00,103.00,0.3150,12.09,1,0,2.8181,ACCEPT,0,3381,5130,17456,2,100,2883,0,0,0,0
107,0,1,1,ACCEPT,11.8018,2.1344,2653,0,1,0.9616,173.14,663.09,97.25,192.70,175.00,656.00,228.00,98.00,0.3020,7.33,1,0,2.9143,ACCEPT,0,3751,5414,17129,2,100,2653,0,0,0,0
108,0,1,1,ACCEPT,11.3879,1.7593,2792,-1,-1,0.8370,170.09,657.08,97.25,192.70,168.00,659.00,224.00,98.00,0.3058,2.84,1,0,2.9296,ACCEPT,0,3370,4941,23200,2,100,2792,0,0,0,0
109,0,1,1,ACCEPT,10.2739,1.5741,3260,0,-2,0.5475,170.09,645.05,97.25,192.70,172.50,645.00,237.00,98.00,0.2938,2.41,1,0,2.9085,ACCEPT,0,4072,4046,26677,2,100,3260,0,0,0,0
110,0,1,1,ACCEPT,15.0657,2.2068,4941,2,0,0.8138,176.19,645.05,97.25,192.70,177.00,643.00,250.00,104.00,0.2921,2.20,1,0,3.0034,ACCEPT,0,5278,3661,27416,2,100,4941,0,0,0,0
111,0,1,1,ACCEPT,16.3887,2.4294,5386,2,0,0.7150,182.28,645.05,97.25,192.70,178.50,644.50,255.00,99.00,0.2802,3.82,1,0,3.0501,ACCEPT,0,5730,3722,24938,2,100,5386,0,0,0,0
112,0,1,1,ACCEPT,16.9143,2.4895,5330,0,1,0.9698,182.28,651.06,97.25,192.70,161.50,645.00,281.00,96.00,0.2566,21.65,1,0,3.0982,ACCEPT,0,5225,4249,25971,2,100,5330,0,0,0,0
113,0,1,1,ACCEPT,18.1179,2.9754,5805,1,1,0.8065,185.33,657.08,97.25,192.70,165.00,650.00,280.00,94.00,0.2545,21.53,1,0,3.0354,ACCEPT,0,5483,4036,24184,2,100,5805,0,0,0,0
114,0,1,1,ACCEPT,18.2175,2.4684,5475,1,5,0.0004,188.38,687.16,97.25,192.70,187.50,670.50,279.00,89.00,0.2479,16.68,1,0,3.0538,ACCEPT,0,4433,3954,25997,2,100,5475,0,0,0,0
115,0,1,1,ACCEPT,19.1623,2.8011,6633,1,0,0.9151,191.42,687.16,97.25,192.70,201.00,665.50,256.00,95.00,0.2732,23.68,1,0,3.0202,ACCEPT,0,5172,4553,21898,2,100,6633,0,0,0,0
116,0,1,1,ACCEPT,18.7114,3.2201,5471,4,-2,0.0574,203.61,675.12,97.25,192.70,215.50,656.50,267.00,91.00,0.2589,22.10,1,0,3.0309,ACCEPT,0,4530,4365,21606,2,100,5471,0,0,0,0
117,0,1,1,ACCEPT,13.7188,1.8812,4432,8,2,0.1178,227.98,687.16,97.25,192.70,235.00,663.50,268.00,89.00,0.2550,24.67,1,0,3.0639,ACCEPT,0,4640,4229,20883,2,100,4432,0,0,0,0
118,0,1,1,ACCEPT,9.0335,1.4161,2474,14,3,0.0024,270.64,705.20,97.25,192.70,279.50,685.00,281.00,86.00,0.2421,22.06,1,0,3.1194,ACCEPT,0,3262,2828,18170,2,100,2474,0,0,0,0
119,0,1,1,ACCEPT,13.8222,2.0915,3062,8,6,0.1290,295.02,741.30,97.25,192.70,300.50,718.00,293.00,90.00,0.2407,23.93,1,0,3.0390,ACCEPT,0,4087,3332,17967,2,100,3062,0,0,0,0
120,0,1,1,ACCEPT,16.9215,2.9884,3592,7,0,0.0587,316.34,741.30,97.25,192.70,305.50,719.00,301.00,96.00,0.2438,24.79,1,0,3.0607,ACCEPT,0,4241,3172,25607,2,100,3592,0,0,0,0
121,0,1,1,ACCEPT,18.4918,3.4597,5795,1,-1,0.7978,319.39,735.28,97.25,192.70,301.50,713.00,327.00,100.00,0.2331,28.57,1,0,3.1471,ACCEPT,0,5795,3900,21791,2,100,5795,0,0,0,0
122,0,1,1,ACCEPT,19.2023,3.6162,4343,0,-5,0.0640,319.39,705.20,97.25,192.70,313.00,684.50,320.00,105.00,0.2424,21.67,1,0,3.1417,ACCEPT,0,3872,3481,19735,2,100,4343,0,0,0,0
123,0,1,1,ACCEPT,15.8638,2.9027,3817,-4,-4,0.1651,307.20,681.14,97.25,192.70,307.00,662.00,310.00,108.00,0.2518,19.14,1,0,3.1326,ACCEPT,0,4370,4597,13341,2,100,3817,0,0,0,0
124,0,1,1,ACCEPT,17.1907,2.6467,2877,-4,-1,0.2138,295.02,675.12,97.25,192.70,296.00,659.00,316.00,118.00,0.2576,16.16,1,0,3.1040,ACCEPT,0,2993,5143,14300,2,100,2877,0,0,0,0
125,0,1,1,ACCEPT,18.1967,2.7500,3047,-2,-1,0.7995,288.92,669.11,97.25,192.70,289.00,662.00,324.00,114.00,0.2486,7.11,1,0,3.0196,ACCEPT,0,2820,5006,14782,2,100,3047,0,0,0,0
126,0,1,1,ACCEPT,16.0621,2.2367,2646,-1,-2,0.6704,285.88,657.08,97.25,192.70,281.00,656.00,330.00,120.00,0.2501,4.99,1,0,3.0765,ACCEPT,0,2776,4663,14454,2,100,2646,0,0,0,0
127,0,1,1,ACCEPT,18.1564,2.5337,2967,-1,-2,0.5595,282.83,645.05,97.25,192.70,274.00,646.50,340.00,119.00,0.2430,8.95,1,0,3.1045,ACCEPT,0,2679,4450,15281,2,100,2967,0,0,0,0
128,0,1,1,ACCEPT,16.7010,2.3510,2800,-2,-2,0.6221,276.73,633.02,97.25,192.70,259.50,633.50,363.00,121.00,0.2312,17.24,1,0,2.9822,ACCEPT,0,2915,4230,16723,2,100,2800,0,0,0,0
129,0,1,1,ACCEPT,16.6073,2.7387,2977,-1,0,0.8683,273.69,633.02,97.25,192.70,248.50,633.50,371.00,119.00,0.2255,25.19,1,0,3.0713,ACCEPT,0,2986,4030,15334,2,100,2977,0,0,0,0
130,0,1,1,ACCEPT,20.7491,3.5998,3571,0,3,0.4551,273.69,651.06,97.25,192.70,237.50,653.00,393.00,116.00,0.2127,36.24,1,0,3.0270,ACCEPT,0,2675,3812,16437,2,100,3571,0,0,0,0
131,0,1,1,ACCEPT,19.5854,3.4899,3982,-2,1,0.6487,267.59,657.08,97.25,192.70,238.00,657.50,384.00,117.00,0.2176,29.60,1,0,3.1212,ACCEPT,0,3235,4027,16808,2,100,3982,0,0,0,0
132,0,1,1,ACCEPT,16.1149,2.8713,3638,-3,-1,0.5264,258.45,651.06,97.25,192.70,243.50,642.50,373.00,113.00,0.2202,17.23,1,0,3.1040,ACCEPT,0,4033,4318,17770,2,100,3638,0,0,0,0
133,0,1,1,ACCEPT,15.8228,2.8300,3829,-3,1,0.2405,249.31,657.08,97.25,192.70,244.00,638.00,354.00,114.00,0.2309,19.80,1,0,2.8452,ACCEPT,0,4706,4215,18523,2,100,3829,0,0,0,0
134,0,1,1,ACCEPT,14.5710,2.5827,3905,-3,2,0.4917,240.17,669.11,97.25,192.70,240.00,644.50,362.00,117.00,0.2289,24.61,1,0,3.0112,ACCEPT,0,5385,4582,19536,2,100,3905,0,0,0,0
135,0,1,1,ACCEPT,15.2908,2.0891,4550,-1,-1,0.7921,237.12,663.09,97.25,192.70,238.50,633.50,377.00,115.00,0.2197,29.63,1,0,3.0726,ACCEPT,0,5490,4177,20438,2,100,4550,0,0,0,0
136,0,1,1,ACCEPT,13.4852,1.8124,4453,-2,1,0.5307,231.03,669.11,97.25,192.70,229.50,634.00,397.00,118.00,0.2121,35.14,1,0,3.1262,ACCEPT,0,5423,3813,21323,2,100,4453,0,0,0,0
137,0,1,1,ACCEPT,14.5101,1.7534,4664,-2,-1,0.5787,224.94,663.09,97.25,192.70,223.00,626.50,414.00,119.00,0.2051,36.65,1,0,3.1160,ACCEPT,0,5553,3674,20517,2,100,4664,0,0,0,0
138,0,1,1,ACCEPT,14.2833,1.6711,4639,-1,-1,0.9909,221.89,657.08,97.25,192.70,216.00,621.00,432.00,122.00,0.1977,36.56,1,0,3.1536,ACCEPT,0,5864,3696,22437,2,100,4639,0,0,0,0
139,0,1,1,ACCEPT,13.1213,2.0652,4750,2,0,0.6246,227.98,657.08,97.25,192.70,219.50,621.50,439.00,135.00,0.1904,36.58,1,0,3.2848,ACCEPT,0,6139,3524,22996,2,100,4750,0,0,0,0
140,0,1,1,ACCEPT,13.9561,2.2034,5103,1,0,0.8528,231.03,657.08,97.25,192.70,223.00,627.00,446.00,136.00,0.1968,31.13,1,0,3.3023,ACCEPT,0,6531,3389,23974,2,100,5103,0,0,0,0
0,0,0,0,ZERO_RESPONSE,0.0000,0.0000,0,0,0,0.0000,283.50,665.00,125.00,104.00,283.50,665.00,125.00,104.00,1.0000,0.00,1,0,0.0000,NOT_RUN,0,0,20832,4706,3,150,0,0,0,0,0
1,0,1,1,ACCEPT,14.8610,4.2165,409,2,-1,0.5330,291.31,661.75,125.00,104.00,293.50,660.00,119.00,98.00,0.8971,2.80,1,0,2.9203,ACCEPT,0,554,18469,4495,3,150,409,0,0,0,0
2,0,1,1,ACCEPT,13.9309,2.8768,584,1,2,0.6712,295.22,668.25,125.00,104.00,299.50,670.50,119.00,95.00,0.8523,4.84,1,0,2.8857,ACCEPT,0,581,16294,4784,3,150,584,0,0,0,0
3,0,1,1,ACCEPT,8.6386,1.9067,511,2,4,0.2446,303.03,681.25,120.19,100.00,301.00,680.50,118.00,83.00,0.8032,2.17,1,-1,2.6331,ACCEPT,0,720,14388,5495,3,150,511,0,0,0,0
4,0,1,1,ACCEPT,9.7124,2.1101,671,0,-2,0.8092,303.03,675.00,115.57,96.15,300.50,676.50,123.00,73.00,0.7239,2.94,1,-1,2.3398,ACCEPT,0,877,12586,6289,3,150,671,0,0,0,0
5,0,1,1,ACCEPT,7.4935,1.8139,575,-1,-9,0.1130,299.42,648.00,115.57,96.15,297.50,653.50,143.00,67.00,0.5979,5.83,1,0,2.4054,ACCEPT,0,1110,10583,7134,3,150,575,0,0,0,0
6,0,1,1,ACCEPT,9.3565,2.2118,710,1,-5,0.2859,303.03,633.00,111.12,92.46,291.50,636.00,141.00,66.00,0.5989,11.92,1,-1,2.4390,ACCEPT,0,1127,9708,8354,3,150,710,0,0,0,0
7,0,1,1,ACCEPT,8.9771,1.6694,828,-2,-8,0.1256,296.09,609.88,111.12,92.46,284.50,612.50,145.00,69.00,0.6080,11.89,1,0,2.6742,ACCEPT,0,1376,8146,10757,3,150,828,0,0,0,0
8,0,1,1,ACCEPT,7.5892,1.3667,887,-1,-4,0.5953,292.62,598.31,111.12,92.46,281.00,604.00,144.00,70.00,0.6186,12.94,1,0,2.8327,ACCEPT,0,1517,8027,10612,3,150,887,0,0,0,0
9,0,1,1,ACCEPT,9.2880,1.9168,1106,-1,-1,0.9014,289.16,595.42,111.12,92.46,278.50,595.50,141.00,83.00,0.7232,10.66,1,0,2.7517,ACCEPT,0,1559,6898,10727,3,150,1106,0,0,0,0
10,0,1,1,ACCEPT,8.2617,1.5330,952,-1,5,0.4496,285.69,609.88,111.12,92.46,273.50,605.00,131.00,100.00,0.7407,13.13,1,0,2.7339,ACCEPT,0,1367,5890,10830,3,150,952,0,0,0,0
11,0,1,1,ACCEPT,10.5692,1.9477,1192,0,-2,0.8440,285.69,604.09,111.12,92.46,270.50,607.00,131.00,92.00,0.7348,15.46,1,0,2.6567,ACCEPT,0,1416,5036,11972,3,150,1192,0,0,0,0
12,0,1,1,ACCEPT,10.0389,1.8000,1170,0,1,0.9111,285.69,606.98,111.12,92.46,271.50,604.50,129.00,103.00,0.7108,14.40,1,0,2.5256,ACCEPT,0,1485,4694,12705,3,150,1170,0,0,0,0
13,0,1,1,ACCEPT,9.8020,1.7270,1259,0,4,0.3598,285.69,618.55,111.12,92.46,271.50,625.00,127.00,94.00,0.6941,15.59,1,0,2.7727,ACCEPT,0,1472,3972,12296,3,150,1259,0,0,0,0
14,0,1,1,ACCEPT,9.8919,1.7687,1185,-1,5,0.3764,282.22,633.00,111.12,92.46,268.00,635.50,128.00,107.00,0.6844,14.44,1,0,2.8344,ACCEPT,0,1514,3552,14175,3,150,1185,0,0,0,0
15,0,1,1,ACCEPT,7.4019,1.3261,1045,0,0,1.0000,282.22,633.00,111.12,92.46,271.50,641.00,127.00,92.00,0.7111,13.38,1,0,2.9255,ACCEPT,0,1766,3348,14426,3,150,1045,0,0,0,0
16,0,1,1,ACCEPT,5.7087,1.0940,1024,-5,-6,0.6914,264.88,615.66,111.12,92.46,269.50,651.50,129.00,83.00,0.3789,36.14,1,0,2.7469,ACCEPT,0,1997,2604,14343,3,150,1024,0,0,0,0
17,0,1,1,ACCEPT,7.0376,1.4371,1085,-2,-7,0.4387,257.94,595.42,111.12,92.46,258.00,632.00,150.00,80.00,0.3293,36.58,1,0,3.0284,ACCEPT,0,1884,2174,16093,3,150,1085,0,0,0,0
18,0,1,1,ACCEPT,9.8792,2.1271,1489,-1,-4,0.4903,254.47,583.86,111.12,92.46,255.00,618.50,158.00,75.00,0.3272,34.64,1,0,3.1088,ACCEPT,0,2128,1934,15469,3,150,1489,0,0,0,0
19,0,1,1,ACCEPT,9.8537,1.9657,1431,-2,-4,0.3613,247.53,572.30,111.12,92.46,249.00,597.00,170.00,84.00,0.4035,24.75,1,0,3.2732,ACCEPT,0,2129,1804,20404,3,150,1431,0,0,0,0
20,0,1,1,ACCEPT,8.4725,1.6614,1580,0,-2,0.5190,247.53,566.52,111.12,92.46,249.00,593.00,176.00,80.00,0.3748,26.53,1,0,3.2011,ACCEPT,0,3426,1968,23779,3,150,1580,0,0,0,0
21,0,1,1,ACCEPT,5.4923,1.0907,1166,8,5,0.3979,275.28,580.97,111.12,92.46,257.00,590.50,162.00,91.00,0.5751,20.62,1,0,3.0125,ACCEPT,0,4950,2316,20721,3,150,1166,0,0,0,0
22,0,1,1,ACCEPT,7.8599,1.3631,1633,1,1,0.9969,278.75,583.86,111.12,92.46,255.50,596.50,163.00,75.00,0.5411,26.46,1,0,3.1153,ACCEPT,0,3563,1825,22588,3,150,1633,0,0,0,0
23,0,1,1,ACCEPT,7.0800,1.4475,1750,1,-5,0.0731,282.22,569.41,111.12,92.46,258.50,578.50,157.00,71.00,0.5766,25.40,1,0,2.9600,ACCEPT,0,3442,1948,24105,3,150,1750,0,0,0,0
24,0,1,0,NEGATIVE_PEAK,-5.9460,1.2645,-1807,-12,-8,0.4062,282.22,569.41,111.12,92.46,259.00,591.00,150.00,68.00,0.4439,31.71,0,0,0.0000,NOT_RUN,0,3888,2354,0,3,150,1807,0,0,0,0
25,0,1,1,ACCEPT,4.7924,1.0470,1714,-5,-9,0.3559,264.88,543.39,111.12,92.46,257.50,588.00,145.00,74.00,0.2568,45.21,1,-8,1.6495,MAX_STEP,0,4169,2523,19708,3,150,1714,0,0,0,0
26,0,1,1,ACCEPT,6.6220,1.1679,1224,-2,0,0.5997,257.94,543.39,106.85,88.90,259.50,590.00,139.00,88.00,0.2590,46.64,1,-1,2.4551,ACCEPT,0,2741,2331,22409,3,150,1224,0,0,0,0
27,0,1,0,NEGATIVE_PEAK,-5.6671,1.2528,-1239,-3,-4,0.1356,257.94,543.39,106.85,88.90,256.50,596.00,137.00,86.00,0.2120,52.63,0,0,0.0000,NOT_RUN,0,2870,2419,0,3,150,1239,0,0,0,0
28,0,1,0,NEGATIVE_PEAK,-6.0226,1.1349,-1371,-6,-6,0.0350,257.94,543.39,106.85,88.90,251.00,592.00,140.00,88.00,0.2424,49.10,0,0,0.0000,NOT_RUN,0,3090,2780,0,3,150,1371,0,0,0,0
29,0,1,0,NEGATIVE_PEAK,-4.8858,1.0611,-1181,-14,-4,0.0644,257.94,543.39,106.85,88.90,250.00,587.50,140.00,79.00,0.2611,44.82,0,0,0.0000,NOT_RUN,0,3497,2820,0,3,150,1181,0,0,0,0
30,0,1,0,NEGATIVE_PEAK,-5.6099,1.0432,-1375,-2,-7,0.0218,257.94,543.39,106.85,88.90,247.50,588.50,139.00,79.00,0.2541,46.30,0,0,0.0000,NOT_RUN,0,4065,3099,0,3,150,1375,0,0,0,0
31,0,1,0,NEGATIVE_PEAK,-6.1482,1.2484,-1774,-2,-9,0.0902,257.94,543.39,106.85,88.90,250.00,580.50,130.00,79.00,0.3390,37.95,0,0,0.0000,NOT_RUN,0,3971,3017,0,3,150,1774,0,0,0,0
32,0,1,0,NEGATIVE_PEAK,-5.5845,1.1929,-1614,-3,-10,0.1134,257.94,543.39,106.85,88.90,248.50,573.50,115.00,93.00,0.4404,31.55,0,0,0.0000,NOT_RUN,0,4445,3147,0,3,150,1614,0,0,0,0
33,0,1,0,NEGATIVE_PEAK,-6.0759,1.6381,-1756,-1,-10,0.0774,257.94,543.39,106.85,88.90,247.50,561.50,105.00,119.00,0.5941,20.90,0,0,0.0000,NOT_RUN,0,5195,3091,0,3,150,1756,0,0,0,0
34,0,1,0,NEGATIVE_PEAK,-4.7090,1.2685,-1271,0,-11,0.3958,257.94,543.39,106.85,88.90,256.50,564.00,101.00,136.00,0.6298,20.66,0,0,0.0000,NOT_RUN,0,4856,2885,0,3,150,1271,0,0,0,0
35,0,1,0,NEGATIVE_PEAK,-5.9741,1.5035,-1917,1,-12,0.0668,257.94,543.39,106.85,88.90,259.50,561.50,107.00,165.00,0.5266,18.18,0,0,0.0000,NOT_RUN,0,6285,2877,0,3,150,1917,0,0,0,0
36,0,1,1,ACCEPT,4.5819,1.0072,1540,-3,-4,0.1006,247.91,532.27,106.85,88.90,261.50,556.50,115.00,165.00,0.4365,27.79,1,0,2.5614,ACCEPT,0,6474,2820,17932,3,150,1540,0,0,0,0
37,0,1,1,ACCEPT,6.4675,1.3983,1492,1,-2,0.7855,251.25,526.70,106.85,88.90,263.50,554.50,109.00,169.00,0.4381,30.38,1,0,2.7088,ACCEPT,0,4393,2244,19980,3,150,1492,0,0,0,0
38,0,1,1,ACCEPT,9.0686,1.9267,1892,-1,2,0.7532,247.91,532.27,106.85,88.90,262.00,561.50,114.00,159.00,0.4493,32.45,1,0,2.5782,ACCEPT,0,3677,2613,16297,3,150,1892,0,0,0,0
39,0,1,1,ACCEPT,6.6965,1.3219,1314,-2,2,0.7823,241.22,537.83,106.85,88.90,263.00,557.50,110.00,147.00,0.4287,29.35,1,0,2.8346,ACCEPT,0,3161,2428,18686,3,150,1314,0,0,0,0
40,0,1,1,ACCEPT,7.7619,1.5389,1522,0,3,0.7530,241.22,546.17,106.85,88.90,261.00,557.50,106.00,147.00,0.4432,22.80,1,0,2.7684,ACCEPT,0,3271,1953,20625,3,150,1522,0,0,0,0
41,0,1,1,ACCEPT,5.2353,1.1271,1401,-1,-1,0.9322,237.88,543.39,106.85,88.90,259.50,531.00,93.00,134.00,0.4641,24.92,1,0,3.0504,ACCEPT,0,2991,1561,25261,3,150,1401,0,0,0,0
42,0,1,1,ACCEPT,6.9756,1.4397,1791,1,-5,0.4908,241.22,529.48,106.85,88.90,263.50,514.00,83.00,134.00,0.4560,27.13,1,0,2.9841,ACCEPT,0,2648,1847,27087,3,150,1791,0,0,0,0
43,0,1,1,ACCEPT,5.1105,1.1092,1584,-7,-4,0.0107,217.81,518.36,106.85,88.90,269.00,512.50,74.00,133.00,0.2200,51.52,1,0,2.2736,ACCEPT,0,4049,1912,24390,3,150,1584,0,0,0,0
44,0,1,1,ACCEPT,10.3353,1.9888,2134,1,-4,0.2858,221.16,507.23,106.85,88.90,271.50,508.00,67.00,130.00,0.2174,50.35,1,0,2.3523,ACCEPT,0,3661,2227,22014,3,150,2134,0,0,0,0
45,0,1,1,ACCEPT,9.3432,1.4693,1769,2,0,0.6631,227.84,507.23,106.85,88.90,278.00,505.50,66.00,139.00,0.2087,50.19,1,0,2.4749,ACCEPT,0,3414,1892,20087,3,150,1769,0,0,0,0
46,0,1,1,ACCEPT,9.4312,1.3226,1603,2,2,0.6613,234.53,512.80,106.85,88.90,278.50,508.50,57.00,137.00,0.2422,44.18,1,0,2.5300,ACCEPT,0,3250,1708,17896,3,150,1603,0,0,0,0
47,0,1,1,ACCEPT,9.7074,1.9750,1185,7,-6,0.2236,257.94,496.11,106.85,88.90,304.50,491.00,59.00,140.00,0.2225,46.84,1,0,2.5770,ACCEPT,0,3400,2373,12866,3,150,1185,0,0,0,0
48,0,1,1,ACCEPT,10.5267,1.7486,1217,1,-5,0.2958,261.28,482.20,106.85,88.90,306.00,472.00,56.00,114.00,0.2586,45.87,1,0,2.6333,ACCEPT,0,2499,1585,18494,3,150,1217,0,0,0,0
49,0,1,1,ACCEPT,9.9770,1.4096,1645,1,1,0.8821,264.62,484.98,106.85,88.90,308.00,483.00,54.00,108.00,0.2736,43.42,1,0,2.7695,ACCEPT,0,3258,1627,17763,3,150,1645,0,0,0,0
50,0,1,1,ACCEPT,10.7643,1.4917,1699,1,3,0.6698,267.97,493.33,111.12,92.46,315.00,500.50,54.00,107.00,0.2573,47.57,1,1,2.4763,ACCEPT,0,3362,1789,15969,3,150,1699,0,0,0,0
51,0,1,1,ACCEPT,11.2541,1.7372,1454,0,8,0.3948,267.97,516.45,111.12,92.46,307.50,537.00,53.00,110.00,0.2708,44.55,1,0,2.6521,ACCEPT,0,2578,1878,15615,3,150,1454,0,0,0,0
52,0,1,1,ACCEPT,11.9519,2.3499,1941,0,-1,0.9444,267.97,513.56,111.12,92.46,307.50,528.00,65.00,108.00,0.3171,42.09,1,0,2.6863,ACCEPT,0,3151,1784,16298,3,150,1941,0,0,0,0
53,0,1,1,ACCEPT,12.1675,1.8951,1861,-4,5,0.2579,254.09,528.02,111.12,92.46,290.00,547.50,58.00,109.00,0.3127,40.85,1,0,2.6784,ACCEPT,0,2713,1887,19372,3,150,1861,0,0,0,0
54,0,1,1,ACCEPT,13.4355,2.5492,2437,-2,-1,0.7333,247.16,525.12,111.12,92.46,280.50,548.50,57.00,95.00,0.2944,40.72,1,0,2.7211,ACCEPT,0,3673,1717,20730,3,150,2437,0,0,0,0
55,0,1,1,ACCEPT,8.8674,1.7707,1645,0,2,0.8815,247.16,530.91,111.12,92.46,281.50,554.00,57.00,82.00,0.2712,41.39,1,0,3.0191,ACCEPT,0,3756,1637,15126,3,150,1645,0,0,0,0
56,0,1,1,ACCEPT,5.7184,1.0360,978,-1,10,0.8252,243.69,559.81,111.12,92.46,287.00,554.50,62.00,79.00,0.2907,43.64,1,0,2.6364,ACCEPT,0,2962,1736,17546,3,150,978,0,0,0,0
57,0,1,1,ACCEPT,10.8375,1.9823,1570,2,-1,0.7204,250.62,556.92,111.12,92.46,296.50,557.50,67.00,73.00,0.2625,45.88,1,0,2.9390,ACCEPT,0,3268,2014,15757,3,150,1570,0,0,0,0
58,0,1,1,ACCEPT,7.7222,1.4347,944,2,5,0.4661,257.56,571.38,111.12,92.46,301.50,574.00,75.00,64.00,0.2635,44.02,1,0,2.9664,ACCEPT,0,2003,1343,19888,3,150,944,0,0,0,0
59,0,1,1,ACCEPT,6.7627,1.2751,1307,-4,5,0.3290,243.69,585.83,111.12,92.46,302.00,594.50,94.00,57.00,0.1924,58.95,1,0,3.0068,ACCEPT,0,2845,1617,21889,3,150,1307,0,0,0,0
60,0,1,1,ACCEPT,9.3312,1.8595,1813,-1,3,0.6282,240.22,594.50,111.12,92.46,305.50,605.00,101.00,56.00,0.1674,66.12,1,0,3.0395,ACCEPT,0,2989,1756,20245,3,150,1813,0,0,0,0
61,0,1,1,ACCEPT,9.5698,1.8414,1475,2,1,0.8020,247.16,597.39,111.12,92.46,307.00,614.50,100.00,55.00,0.1896,62.24,1,0,2.5546,ACCEPT,0,2586,1964,19006,3,150,1475,0,0,0,0
62,0,1,1,ACCEPT,10.0998,1.6974,1582,0,-5,0.2914,247.16,582.94,111.12,92.46,311.00,601.00,104.00,54.00,0.1745,66.35,1,0,2.5079,ACCEPT,0,2434,2112,19891,3,150,1582,0,0,0,0
63,0,1,1,ACCEPT,11.4694,1.9142,1941,-1,-2,0.6837,243.69,577.16,111.12,92.46,303.50,594.00,95.00,54.00,0.1787,62.14,1,0,2.2533,ACCEPT,0,2571,2172,22796,3,150,1941,0,0,0,0
64,0,1,1,ACCEPT,15.2120,2.5917,2615,-2,2,0.5086,236.75,582.94,106.85,88.90,296.00,601.00,96.00,52.00,0.1783,61.94,1,-1,2.5692,ACCEPT,0,3266,1976,23773,3,150,2615,0,0,0,0
65,0,1,1,ACCEPT,13.9411,2.2127,2684,-1,1,0.8867,233.41,585.72,106.85,88.90,287.50,606.50,95.00,59.00,0.1974,57.95,1,0,2.8357,ACCEPT,0,3591,1944,23119,3,150,2684,0,0,0,0
66,0,1,1,ACCEPT,12.0514,2.0523,2393,-1,0,0.9799,230.06,585.72,106.85,88.90,286.50,608.50,99.00,63.00,0.1863,60.86,1,0,2.8579,ACCEPT,0,3521,1552,23888,3,150,2393,0,0,0,0
67,0,1,1,ACCEPT,9.3935,2.0652,1648,3,1,0.7087,240.09,588.50,106.85,88.90,287.00,613.50,92.00,65.00,0.2140,53.15,1,0,2.8037,ACCEPT,0,3380,1647,23257,3,150,1648,0,0,0,0
68,0,1,1,ACCEPT,6.5997,1.2130,1247,1,4,0.0449,243.44,599.62,111.12,92.46,288.50,623.50,97.00,63.00,0.2406,51.00,1,1,2.7036,ACCEPT,0,3712,1912,21749,3,150,1247,0,0,0,0
69,0,1,1,ACCEPT,6.5335,1.0558,1420,5,1,0.0894,260.78,602.52,111.12,92.46,298.00,623.50,108.00,61.00,0.3143,42.73,1,0,2.9356,ACCEPT,0,3738,1782,22259,3,150,1420,0,0,0,0
70,0,1,1,ACCEPT,7.8774,1.2560,2340,1,-2,0.6598,264.25,596.73,111.12,92.46,300.00,621.50,114.00,61.00,0.3015,43.49,1,0,3.0282,ACCEPT,0,5465,2212,26874,3,150,2340,0,0,0,0
71,0,1,1,ACCEPT,9.2060,1.5951,2222,1,3,0.6526,267.72,605.41,111.12,92.46,300.00,629.00,108.00,66.00,0.3281,39.98,1,0,2.7919,ACCEPT,0,4032,1517,21520,3,150,2222,0,0,0,0
72,0,1,1,ACCEPT,10.5679,1.6980,1805,0,5,0.0587,267.72,619.86,111.12,92.46,299.00,644.00,100.00,70.00,0.3254,39.51,1,0,2.5576,ACCEPT,0,2408,1471,23656,3,150,1805,0,0,0,0
73,0,1,1,ACCEPT,8.6880,1.4833,2805,-2,-2,0.2082,260.78,614.08,111.12,92.46,292.50,636.50,107.00,73.00,0.3475,38.84,1,0,2.5891,ACCEPT,0,4530,2046,22144,3,150,2805,0,0,0,0
74,0,1,1,ACCEPT,11.3630,2.1250,2907,0,1,0.9969,260.78,616.97,111.12,92.46,286.00,638.50,106.00,75.00,0.3975,33.16,1,0,2.5767,ACCEPT,0,3496,1839,19585,3,150,2907,0,0,0,0
75,0,1,1,ACCEPT,11.0577,1.7874,2783,0,0,1.0000,260.78,616.97,111.12,92.46,286.50,641.00,93.00,76.00,0.3605,35.20,1,0,2.8003,ACCEPT,0,4358,2407,21384,3,150,2783,0,0,0,0
76,0,1,1,ACCEPT,6.9726,1.1647,2129,-7,5,0.7426,236.50,631.42,111.12,92.46,290.50,640.00,87.00,78.00,0.2539,54.68,1,0,2.7517,ACCEPT,0,5205,2724,23035,3,150,2129,0,0,0,0
77,0,1,1,ACCEPT,7.9916,1.6664,2473,-8,-2,0.2511,208.75,625.64,111.12,92.46,288.00,640.50,136.00,71.00,0.1746,80.63,1,0,2.7506,ACCEPT,0,5964,2400,25928,3,150,2473,0,0,0,0
78,0,1,1,ACCEPT,11.9159,2.0303,2684,0,-2,0.8558,208.75,619.86,111.12,92.46,297.50,635.50,153.00,75.00,0.1569,90.12,1,0,2.8200,ACCEPT,0,3780,1725,22535,3,150,2684,0,0,0,0
79,0,1,1,ACCEPT,14.5537,2.7076,2797,1,-2,0.8556,212.22,614.08,111.12,92.46,306.00,644.00,160.00,84.00,0.1145,98.44,1,0,2.7915,ACCEPT,0,3213,1891,22734,3,150,2797,0,0,0,0
80,0,1,1,ACCEPT,16.8082,3.0863,3219,1,-3,0.6800,215.69,605.41,106.85,88.90,306.00,640.50,160.00,89.00,0.1084,96.89,1,-1,2.5215,ACCEPT,0,3090,1953,25067,3,150,3219,0,0,0,0
81,0,1,1,ACCEPT,13.9617,2.3504,3206,-1,-1,0.8238,212.34,602.62,102.74,85.48,297.00,641.50,146.00,93.00,0.0982,93.16,1,-1,2.4729,ACCEPT,0,3416,1993,30043,3,150,3206,0,0,0,0
82,0,1,1,ACCEPT,15.3447,2.2892,3594,0,1,0.9747,212.34,605.30,102.74,85.48,294.00,644.50,140.00,93.00,0.1003,90.58,1,0,2.7741,ACCEPT,0,3638,1888,29132,3,150,3594,0,0,0,0
83,0,1,1,ACCEPT,11.0982,2.0260,3118,-2,3,0.2704,205.94,613.31,102.74,85.48,283.50,653.00,135.00,92.00,0.1057,87.13,1,0,3.0019,ACCEPT,0,4904,1405,29711,3,150,3118,0,0,0,0
84,0,1,1,ACCEPT,11.1140,1.5400,3348,-3,-2,0.7222,196.33,607.97,102.74,85.48,273.50,643.00,135.00,88.00,0.1165,84.75,1,0,2.8045,ACCEPT,0,5775,1652,27426,3,150,3348,0,0,0,0
85,0,1,1,ACCEPT,9.8190,2.0474,1470,4,10,0.2687,209.14,634.69,102.74,85.48,273.00,658.00,118.00,78.00,0.1780,67.98,1,0,2.8365,ACCEPT,0,2395,2533,20466,3,150,1470,0,0,0,0
86,0,1,1,ACCEPT,11.6041,2.1008,1647,3,4,0.1536,218.75,645.38,106.85,88.90,291.50,663.50,117.00,75.00,0.1585,74.97,1,1,2.3651,ACCEPT,0,2569,2101,21523,3,150,1647,0,0,0,0
87,0,1,1,ACCEPT,10.5399,1.4420,1791,-2,11,0.0704,212.06,675.97,106.85,88.90,302.50,670.50,155.00,77.00,0.1702,90.60,1,0,2.9233,ACCEPT,0,2929,2100,24047,3,150,1791,0,0,0,0
88,0,1,1,ACCEPT,12.7990,2.2478,3030,1,1,0.9663,215.41,678.75,106.85,88.90,306.00,667.00,158.00,82.00,0.1591,91.35,1,0,2.7249,ACCEPT,0,3907,1489,26747,3,150,3030,0,0,0,0
89,0,1,1,ACCEPT,13.1923,2.1090,3328,2,3,0.5183,222.09,687.09,106.85,88.90,312.00,671.00,156.00,92.00,0.1487,91.34,1,0,2.7349,ACCEPT,0,4794,1635,26785,3,150,3328,0,0,0,0
90,0,1,1,ACCEPT,14.7407,2.3941,3821,2,-1,0.6470,228.78,684.31,106.85,88.90,315.50,670.00,147.00,92.00,0.1534,87.89,1,0,2.9526,ACCEPT,0,4369,1440,32607,3,150,3821,0,0,0,0
91,0,1,1,ACCEPT,16.8544,3.1817,4623,2,1,0.8196,235.47,687.09,106.85,88.90,320.50,674.00,147.00,94.00,0.1639,86.03,1,0,2.9659,ACCEPT,0,5075,1503,28606,3,150,4623,0,0,0,0
92,0,1,1,ACCEPT,14.0528,1.9729,4011,-1,1,0.7669,232.12,689.88,106.85,88.90,316.00,684.00,148.00,94.00,0.1893,84.08,1,0,2.9814,ACCEPT,0,5072,1444,27483,3,150,4011,0,0,0,0
93,0,1,1,ACCEPT,10.6857,1.6852,2521,3,1,0.5518,242.16,692.66,102.74,85.48,313.50,692.00,129.00,86.00,0.2355,71.35,1,-1,2.4659,ACCEPT,0,3077,2325,26795,3,150,2521,0,0,0,0
94,0,1,1,ACCEPT,9.6926,1.5619,2599,3,-2,0.4940,251.77,687.31,102.74,85.48,321.00,691.00,118.00,94.00,0.2150,69.33,1,0,2.7865,ACCEPT,0,3687,1961,25299,3,150,2599,0,0,0,0
95,0,1,1,ACCEPT,12.2978,2.0810,3288,2,-9,0.3385,258.17,663.27,102.74,85.48,342.00,687.00,152.00,96.00,0.1426,87.12,1,0,2.9113,ACCEPT,0,5591,2278,21418,3,150,3288,0,0,0,0
96,0,1,1,ACCEPT,9.5750,1.3638,3085,-4,-8,0.1135,245.36,641.89,102.74,85.48,344.00,683.50,194.00,103.00,0.1001,107.06,1,0,2.9850,ACCEPT,0,6296,2861,23407,3,150,3085,0,0,0,0
97,0,1,1,ACCEPT,11.6505,1.4737,2912,1,-4,0.8173,248.56,631.20,102.74,85.48,358.00,682.50,212.00,119.00,0.0774,120.86,1,0,2.9691,ACCEPT,0,3975,1930,31295,3,150,2912,0,0,0,0
98,0,1,1,ACCEPT,12.4087,1.5325,4475,0,0,1.0000,248.56,631.20,102.74,85.48,360.50,688.50,213.00,123.00,0.0657,125.75,1,0,2.8428,ACCEPT,0,5312,2064,27110,3,150,4475,0,0,0,0
99,0,1,1,ACCEPT,14.2687,1.6166,3917,-1,6,0.0189,245.36,647.23,102.74,85.48,361.00,705.00,210.00,124.00,0.0581,129.27,1,0,2.9514,ACCEPT,0,3818,1962,28994,3,150,3917,0,0,0,0
100,0,1,1,ACCEPT,14.5559,2.2144,4617,0,3,0.5647,245.36,655.25,102.74,85.48,356.50,709.50,201.00,121.00,0.0641,123.67,1,0,3.0149,ACCEPT,0,5344,1928,26737,3,150,4617,0,0,0,0
101,0,1,1,ACCEPT,19.0339,3.6346,4834,0,0,1.0000,245.36,655.25,102.74,85.48,355.50,698.50,201.00,111.00,0.0797,118.33,1,0,3.0921,ACCEPT,0,4327,1703,25086,3,150,4834,0,0,0,0
102,0,1,1,ACCEPT,15.5855,2.3209,3978,1,1,0.8072,248.56,657.92,102.74,85.48,353.50,688.00,193.00,110.00,0.1072,109.16,1,0,3.0068,ACCEPT,0,4295,1414,26569,3,150,3978,0,0,0,0
103,0,1,1,ACCEPT,16.0219,2.6342,3385,5,2,0.2715,264.58,663.27,102.74,85.48,355.00,682.50,154.00,95.00,0.1301,92.44,1,0,2.9599,ACCEPT,0,3299,1670,26772,3,150,3385,0,0,0,0
104,0,1,1,ACCEPT,15.9399,2.6606,3685,6,1,0.1997,283.80,665.94,102.74,85.48,365.50,682.00,143.00,84.00,0.1574,83.27,1,0,3.0656,ACCEPT,0,3547,1780,28654,3,150,3685,0,0,0,0
105,0,1,1,ACCEPT,8.2998,1.0341,3036,8,0,0.3323,309.42,665.94,102.74,85.48,391.00,685.50,178.00,87.00,0.1927,83.89,1,0,2.9157,ACCEPT,0,6227,2626,20674,3,150,3036,0,0,0,0
106,0,1,1,ACCEPT,7.7529,1.2666,3136,0,-2,0.8724,309.42,660.59,102.74,85.48,401.50,681.00,191.00,94.00,0.1656,94.31,1,0,2.8984,ACCEPT,0,6555,3892,18832,3,150,3136,0,0,0,0
107,0,1,1,ACCEPT,6.8645,1.0921,2847,-4,0,0.3955,296.61,660.59,102.74,85.48,385.00,682.00,194.00,112.00,0.1793,90.95,1,0,2.9590,ACCEPT,0,7268,3584,17486,3,150,2847,0,0,0,0
108,0,1,1,ACCEPT,8.6936,1.0780,2349,-1,-2,0.6901,293.41,655.25,102.74,85.48,377.00,701.50,190.00,127.00,0.1292,95.54,1,0,2.6482,ACCEPT,0,3758,2747,22164,3,150,2349,0,0,0,0
109,0,1,1,ACCEPT,13.6651,2.1564,3709,0,4,0.4252,293.41,665.94,102.74,85.48,369.00,714.50,180.00,131.00,0.1380,89.85,1,0,2.7298,ACCEPT,0,4821,2247,17822,3,150,3709,0,0,0,0
110,0,1,1,ACCEPT,12.4776,1.8645,2903,1,-2,0.8546,296.61,660.59,102.74,85.48,365.50,712.50,179.00,131.00,0.1439,86.26,1,0,2.7923,ACCEPT,0,4026,2815,18314,3,150,2903,0,0,0,0
111,0,1,1,ACCEPT,13.9189,2.1700,3216,1,1,0.8228,299.81,663.27,102.74,85.48,355.50,722.50,171.00,133.00,0.1478,81.30,1,0,3.0268,ACCEPT,0,4033,2932,17505,3,150,3216,0,0,0,0
112,0,1,1,ACCEPT,10.9840,1.8208,3008,-1,-6,0.3078,296.61,647.23,102.74,85.48,348.50,707.00,157.00,132.00,0.1487,79.15,1,0,3.2537,ACCEPT,0,4345,3455,15404,3,150,3008,0,0,0,0
113,0,1,1,ACCEPT,13.1378,1.8355,2443,-1,-2,0.5522,293.41,641.89,102.74,85.48,345.50,701.50,137.00,133.00,0.1423,79.16,1,0,2.6499,ACCEPT,0,3184,3633,13113,3,150,2443,0,0,0,0
114,0,1,1,ACCEPT,11.1106,1.4433,1882,1,-4,0.4049,296.61,631.20,102.74,85.48,360.00,693.00,172.00,132.00,0.1240,88.53,1,0,3.0962,ACCEPT,0,2871,4444,14263,3,150,1882,0,0,0,0
115,0,1,1,ACCEPT,12.3667,1.6378,2116,-1,6,0.1886,293.41,647.23,102.74,85.48,365.00,721.00,232.00,148.00,0.1055,102.80,1,0,2.9117,ACCEPT,0,2886,4662,16588,3,150,2116,0,0,0,0
116,0,1,1,ACCEPT,8.7479,1.0665,2309,-15,7,0.7033,245.36,665.94,102.74,85.48,382.00,733.50,254.00,167.00,0.0502,152.43,1,0,2.9937,ACCEPT,0,5156,5302,13768,3,150,2309,0,0,0,0
117,0,1,1,ACCEPT,7.6708,1.1535,1638,-1,-6,0.3852,242.16,649.91,102.74,85.48,374.50,710.00,245.00,180.00,0.0605,145.35,1,0,2.8362,ACCEPT,0,3128,3477,17885,3,150,1638,0,0,0,0
118,0,1,1,ACCEPT,8.2982,1.0522,2217,2,-4,0.7294,248.56,639.22,102.74,85.48,375.50,713.50,241.00,191.00,0.0553,147.07,1,0,2.8572,ACCEPT,0,3711,2792,16031,3,150,2217,0,0,0,0
119,0,1,1,ACCEPT,10.5759,1.5303,2528,0,-3,0.5886,248.56,631.20,102.74,85.48,375.00,718.00,230.00,190.00,0.0403,153.36,1,0,2.9692,ACCEPT,0,3994,2731,14087,3,150,2528,0,0,0,0
120,0,1,1,ACCEPT,7.8449,1.0454,1933,-2,1,0.4827,242.16,633.88,102.74,85.48,368.50,691.50,231.00,187.00,0.0653,138.86,1,0,3.0279,ACCEPT,0,3407,2938,16667,3,150,1933,0,0,0,0
121,0,1,1,ACCEPT,10.3550,1.4017,2174,1,2,0.7420,245.36,639.22,102.74,85.48,363.50,680.00,213.00,162.00,0.0824,124.98,1,0,2.9694,ACCEPT,0,3356,3106,18115,3,150,2174,0,0,0,0
122,0,1,1,ACCEPT,11.8490,1.4984,2282,4,-2,0.2866,258.17,633.88,102.74,85.48,364.50,669.00,193.00,148.00,0.0998,111.98,1,0,2.9954,ACCEPT,0,2691,2803,17898,3,150,2282,0,0,0,0
123,0,1,1,ACCEPT,14.1404,2.0192,2524,6,4,0.0297,277.39,644.56,102.74,85.48,365.00,666.50,158.00,125.00,0.1427,90.31,1,0,3.1304,ACCEPT,0,2553,2656,20402,3,150,2524,0,0,0,0
124,0,1,1,ACCEPT,11.5307,1.4334,2560,3,2,0.2762,287.00,649.91,102.74,85.48,362.00,672.50,148.00,129.00,0.1806,78.33,1,0,3.1627,ACCEPT,0,3068,3938,15705,3,150,2560,0,0,0,0
125,0,1,1,ACCEPT,11.5339,1.3043,2019,4,0,0.2189,299.81,649.91,102.74,85.48,351.50,693.50,255.00,147.00,0.1923,67.62,1,0,3.0097,ACCEPT,0,2488,3231,14391,3,150,2019,0,0,0,0
126,0,1,1,ACCEPT,15.9368,2.4872,2711,-1,5,0.1586,296.61,663.27,102.74,85.48,356.50,704.00,289.00,154.00,0.1797,72.43,1,0,3.0368,ACCEPT,0,2330,3218,14828,3,150,2711,0,0,0,0
127,0,1,1,ACCEPT,13.3545,1.7676,3157,-2,-3,0.1394,290.20,655.25,102.74,85.48,353.00,702.00,278.00,174.00,0.1753,78.29,1,0,3.0744,ACCEPT,0,3629,3337,14943,3,150,3157,0,0,0,0
128,0,1,1,ACCEPT,14.8709,1.6563,3248,0,-2,0.7340,290.20,649.91,102.74,85.48,349.50,701.50,263.00,191.00,0.1748,78.60,1,0,3.1182,ACCEPT,0,3684,3438,13887,3,150,3248,0,0,0,0
129,0,1,1,ACCEPT,16.6556,2.9529,2882,1,5,0.0621,293.41,663.27,102.74,85.48,351.50,718.00,245.00,198.00,0.1810,79.82,1,0,3.0605,ACCEPT,0,2794,2131,15941,3,150,2882,0,0,0,0
130,0,1,1,ACCEPT,18.6249,3.3930,3410,1,2,0.5792,296.61,668.61,102.74,85.48,357.00,724.00,234.00,200.00,0.1877,81.95,1,0,2.9803,ACCEPT,0,2991,2500,15628,3,150,3410,0,0,0,0
131,0,1,1,ACCEPT,10.2231,1.2812,2169,2,-6,0.6556,303.02,652.58,102.74,85.48,353.50,716.00,231.00,192.00,0.1705,81.06,1,0,2.8206,ACCEPT,0,3590,3606,16167,3,150,2169,0,0,0,0
132,0,1,1,ACCEPT,12.4532,2.1492,2665,2,-1,0.5722,309.42,649.91,102.74,85.48,351.50,724.50,217.00,179.00,0.1420,85.64,1,0,3.0272,ACCEPT,0,3320,2935,15818,3,150,2665,0,0,0,0
133,0,1,1,ACCEPT,13.6154,2.1805,2610,1,3,0.4023,312.62,657.92,102.74,85.48,363.00,735.00,188.00,170.00,0.1339,92.08,1,0,3.2858,ACCEPT,0,2806,3096,15677,3,150,2610,0,0,0,0
134,0,1,1,ACCEPT,9.6701,1.1183,2495,0,-3,0.2673,312.62,649.91,102.74,85.48,390.00,726.00,236.00,170.00,0.1076,108.52,1,0,3.3642,ACCEPT,0,3643,4548,16937,3,150,2495,0,0,0,0
135,0,1,1,ACCEPT,6.7337,1.0163,1874,0,-7,0.2380,312.62,631.20,102.74,85.48,395.00,705.50,344.00,161.00,0.0850,110.93,1,0,3.0795,ACCEPT,0,5498,4977,16893,3,150,1874,0,0,0,0
136,0,1,1,ACCEPT,10.2641,1.6191,2576,1,1,0.8168,315.83,633.88,102.74,85.48,417.00,713.50,392.00,165.00,0.0681,128.75,1,0,3.1628,ACCEPT,0,4053,5339,18293,3,150,2576,0,0,0,0
137,0,1,1,ACCEPT,7.1745,1.2830,2244,2,3,0.0521,322.23,641.89,102.74,85.48,445.00,727.00,426.00,176.00,0.0593,149.38,1,0,3.0860,ACCEPT,0,5730,5662,18337,3,150,2244,0,0,0,0
138,0,1,0,NEGATIVE_PEAK,-8.0127,1.0988,-3293,3,3,0.5415,322.23,641.89,102.74,85.48,435.00,725.50,404.00,183.00,0.0671,140.38,0,0,0.0000,NOT_RUN,0,5499,4311,0,3,150,3293,0,0,0,0
139,0,1,1,ACCEPT,9.8461,1.3176,2315,-16,-1,0.0700,270.98,639.22,102.74,85.48,425.00,733.00,382.00,204.00,0.0548,180.32,1,0,3.1475,ACCEPT,0,2825,4420,15374,3,150,2315,0,0,0,0
140,0,1,1,ACCEPT,9.4887,1.3008,2227,-13,1,0.2272,229.34,641.89,102.74,85.48,414.00,718.50,372.00,203.00,0.0442,199.92,1,0,3.2561,ACCEPT,0,4162,5556,12953,3,150,2227,0,0,0,0
141,0,1,1,ACCEPT,11.1941,1.5698,2248,-2,9,0.1125,222.94,665.94,102.74,85.48,404.00,703.00,344.00,190.00,0.0513,184.82,1,0,2.8727,ACCEPT,0,3888,2945,18275,3,150,2248,0,0,0,0
142,0,1,1,ACCEPT,13.5543,2.1599,2391,7,7,0.1138,245.36,684.64,102.74,85.48,407.50,705.00,307.00,184.00,0.0593,163.41,1,0,3.0201,ACCEPT,0,2887,1534,19379,3,150,2391,0,0,0,0
143,0,1,1,ACCEPT,5.1340,1.1329,810,13,10,0.1914,287.00,711.36,102.74,85.48,418.00,719.00,254.00,174.00,0.0828,131.22,1,0,3.0667,ACCEPT,0,1836,1551,17711,3,150,810,0,0,0,0
144,0,1,1,ACCEPT,7.2122,1.4683,1066,12,4,0.4728,325.44,722.05,102.74,85.48,466.50,732.50,271.00,185.00,0.0712,141.45,1,0,3.0856,ACCEPT,0,2819,3835,11375,3,150,1066,0,0,0,0
145,0,1,1,ACCEPT,8.3297,1.3647,1437,-11,8,0.1677,290.20,743.42,102.74,85.48,493.50,715.50,415.00,193.00,0.0565,205.21,1,0,3.3270,ACCEPT,0,2168,4323,16518,3,150,1437,0,0,0,0
146,0,1,1,ACCEPT,9.5351,1.3711,2298,-10,-7,0.0279,258.17,724.72,102.74,85.48,492.50,699.00,453.00,200.00,0.0389,235.74,1,0,3.2533,ACCEPT,0,4031,4007,16824,3,150,2298,0,0,0,0
147,0,1,1,ACCEPT,11.0253,1.3857,2019,5,-2,0.6474,274.19,719.38,102.74,85.48,498.50,698.00,441.00,220.00,0.0400,225.33,1,0,2.4389,ACCEPT,0,3169,3445,12597,3,150,2019,0,0,0,0
148,0,1,1,ACCEPT,18.3333,2.8839,2584,3,-2,0.6022,283.80,714.03,102.74,85.48,504.50,681.50,429.00,229.00,0.0374,223.09,1,0,3.4002,ACCEPT,0,2695,3461,15169,3,150,2584,0,0,0,0
149,0,1,1,ACCEPT,17.4410,2.8915,2958,1,-9,0.1146,287.00,689.98,102.74,85.48,504.00,650.00,414.00,228.00,0.0355,220.65,1,0,3.2373,ACCEPT,0,2652,4313,13353,3,150,2958,0,0,0,0
150,0,1,1,ACCEPT,14.6756,1.4824,2772,4,-4,0.3939,299.81,679.30,102.74,85.48,497.00,640.00,406.00,224.00,0.0515,201.07,1,0,3.2373,ACCEPT,0,2947,4426,13185,3,150,2772,0,0,0,0
0,0,0,0,ZERO_RESPONSE,0.0000,0.0000,0,0,0,0.0000,223.00,627.00,446.00,136.00,223.00,627.00,446.00,136.00,1.0000,0.00,1,0,0.0000,NOT_RUN,0,0,16782,3985,4,240,0,0,0,0,0
1,0,1,1,ACCEPT,29.3441,5.3048,992,0,-1,0.8942,223.00,622.75,446.00,136.00,219.50,621.50,439.00,135.00,0.9664,3.72,1,0,3.3054,ACCEPT,0,885,15007,3940,4,240,992,0,0,0,0
2,0,1,1,ACCEPT,11.2133,2.7662,899,0,0,1.0000,223.00,622.75,446.00,136.00,216.00,621.00,432.00,122.00,0.8689,7.22,1,0,3.1420,ACCEPT,0,2436,12917,10008,4,240,899,0,0,0,0
3,0,1,1,ACCEPT,7.1828,1.6197,1563,1,-2,0.8560,236.94,614.25,446.00,136.00,223.00,626.50,414.00,119.00,0.7670,18.56,1,0,2.3042,ACCEPT,0,3818,12743,7851,4,240,1563,0,0,0,0
4,0,1,1,ACCEPT,8.4003,1.7726,1333,0,2,0.8725,236.94,622.75,446.00,136.00,229.50,634.00,397.00,118.00,0.7466,13.49,1,0,3.0527,ACCEPT,0,2027,11217,7960,4,240,1333,0,0,0,0
5,0,1,1,ACCEPT,9.9920,2.3476,1479,0,0,1.0000,236.94,622.75,446.00,136.00,238.50,633.50,377.00,115.00,0.7121,10.86,1,0,2.9034,ACCEPT,0,1851,9965,9425,4,240,1479,0,0,0,0
6,0,1,1,ACCEPT,9.8213,2.5987,1632,0,3,0.5006,236.94,635.50,446.00,136.00,240.00,644.50,362.00,117.00,0.6983,9.51,1,0,2.7915,ACCEPT,0,2622,8555,8720,4,240,1632,0,0,0,0
7,0,1,1,ACCEPT,9.0657,1.8294,1330,0,0,1.0000,236.94,635.50,446.00,136.00,244.00,638.00,354.00,114.00,0.6653,7.49,1,0,2.7302,ACCEPT,0,2018,7799,10454,4,240,1330,0,0,0,0
8,0,1,1,ACCEPT,8.3730,1.7927,1522,1,0,0.9028,250.88,635.50,446.00,136.00,243.50,642.50,373.00,113.00,0.6949,10.17,1,0,2.8161,ACCEPT,0,2659,6791,11668,4,240,1522,0,0,0,0
9,0,1,1,ACCEPT,8.6575,1.3546,1723,1,3,0.3337,264.81,648.25,446.00,136.00,238.00,657.50,384.00,117.00,0.7407,28.36,1,0,2.8122,ACCEPT,0,2900,5036,12943,4,240,1723,0,0,0,0
10,0,1,1,ACCEPT,8.4847,1.3246,2175,0,0,1.0000,264.81,648.25,446.00,136.00,237.50,653.00,393.00,116.00,0.7489,27.72,1,0,2.8697,ACCEPT,0,3231,4528,12499,4,240,2175,0,0,0,0
11,0,1,1,ACCEPT,8.4099,1.2196,2366,1,7,0.1885,278.75,678.00,446.00,136.00,248.50,633.50,371.00,119.00,0.4161,53.81,1,0,2.4696,ACCEPT,0,3550,3670,15982,4,240,2366,0,0,0,0
12,0,1,1,ACCEPT,9.6924,1.6010,3021,0,0,1.0000,278.75,678.00,446.00,136.00,259.50,633.50,363.00,121.00,0.4116,48.49,1,0,2.6737,ACCEPT,0,3251,3957,15316,4,240,3021,0,0,0,0
13,0,1,1,ACCEPT,10.2964,1.6247,3173,1,3,0.1677,292.69,690.75,446.00,136.00,274.00,646.50,340.00,119.00,0.3887,48.03,1,0,2.9535,ACCEPT,0,3454,3977,14921,4,240,3173,0,0,0,0
14,0,1,1,ACCEPT,11.5040,2.0691,3172,0,3,0.2052,292.69,703.50,428.85,130.77,281.00,656.00,330.00,120.00,0.3673,48.92,1,-1,2.5140,ACCEPT,0,3152,3934,14722,4,240,3172,0,0,0,0
15,0,1,1,ACCEPT,10.9451,1.7660,2566,0,2,0.5686,292.69,711.69,428.85,130.77,289.00,662.00,324.00,114.00,0.3391,49.82,1,0,2.4329,ACCEPT,0,2891,3817,15433,4,240,2566,0,0,0,0
16,0,1,1,ACCEPT,9.8247,1.4797,2039,0,-1,0.9240,292.69,707.59,428.85,130.77,296.00,659.00,316.00,118.00,0.3450,48.71,1,0,2.8624,ACCEPT,0,2391,4006,14369,4,240,2039,0,0,0,0
17,0,1,1,ACCEPT,9.3901,1.1664,1472,1,-11,0.7371,306.09,662.56,428.85,130.77,307.00,662.00,310.00,108.00,0.5970,1.07,1,0,2.6263,ACCEPT,0,2079,3468,12549,4,240,1472,0,0,0,0
18,0,1,1,ACCEPT,16.0718,2.3085,2140,1,5,0.0369,319.50,683.03,428.85,130.77,313.00,684.50,320.00,105.00,0.5991,6.66,1,0,2.5761,ACCEPT,0,1798,3027,12152,4,240,2140,0,0,0,0
19,0,1,1,ACCEPT,18.1117,2.4950,2475,0,6,0.0453,319.50,707.59,412.35,125.74,301.50,713.00,327.00,100.00,0.6307,18.79,1,-1,2.5910,ACCEPT,0,1685,3301,14380,4,240,2475,0,0,0,0
20,0,1,1,ACCEPT,18.3541,4.1531,3310,0,1,0.9782,319.50,711.52,412.35,125.74,305.50,719.00,301.00,96.00,0.5573,15.88,1,0,2.7698,ACCEPT,0,2277,3069,14928,4,240,3310,0,0,0,0
21,0,1,1,ACCEPT,14.1710,2.9519,2763,-2,-1,0.6174,293.72,707.59,412.35,125.74,300.50,718.00,293.00,90.00,0.5086,12.42,1,0,2.6939,ACCEPT,0,2986,3001,13860,4,240,2763,0,0,0,0
22,0,1,1,ACCEPT,10.9173,1.7660,1819,-2,-9,0.1545,267.94,672.30,412.35,125.74,279.50,685.00,281.00,86.00,0.4661,17.18,1,0,3.0667,ACCEPT,0,2711,3202,11232,4,240,1819,0,0,0,0
23,0,1,1,ACCEPT,11.6500,2.1309,2003,-3,-4,0.1248,229.27,656.61,412.35,125.74,235.00,663.50,268.00,89.00,0.4600,8.96,1,0,2.5730,ACCEPT,0,2717,4252,11073,4,240,2003,0,0,0,0
24,0,1,1,ACCEPT,11.6788,2.1667,2067,-2,-2,0.3662,203.48,648.77,412.35,125.74,215.50,656.50,267.00,91.00,0.4686,14.29,1,0,2.4618,ACCEPT,0,2492,4246,12313,4,240,2067,0,0,0,0
25,0,1,1,ACCEPT,11.9029,2.5689,2032,-1,3,0.5030,190.59,660.53,412.35,125.74,201.00,665.50,256.00,95.00,0.4691,11.53,1,0,2.5701,ACCEPT,0,2086,4063,10577,4,240,2032,0,0,0,0
26,0,1,1,ACCEPT,11.4337,1.7798,1746,-1,1,0.9072,177.70,664.45,412.35,125.74,187.50,670.50,279.00,89.00,0.4789,11.51,1,0,2.6552,ACCEPT,0,1638,4052,10198,4,240,1746,0,0,0,0
27,0,1,1,ACCEPT,9.0568,1.2613,1477,0,-6,0.1083,177.70,640.92,412.35,125.74,165.00,650.00,280.00,94.00,0.5076,15.61,1,0,2.6557,ACCEPT,0,1787,4383,11081,4,240,1477,0,0,0,0
28,0,1,1,ACCEPT,10.5775,1.2556,1778,0,-1,0.9978,177.70,637.00,412.35,125.74,161.50,645.00,281.00,96.00,0.5203,18.07,1,0,2.9238,ACCEPT,0,1725,4598,12430,4,240,1778,0,0,0,0
29,0,1,1,ACCEPT,9.9131,1.1465,2136,0,0,1.0000,177.70,637.00,412.35,125.74,178.50,644.50,255.00,99.00,0.4869,7.54,1,0,2.9068,ACCEPT,0,2511,3814,14397,4,240,2136,0,0,0,0
30,0,1,1,ACCEPT,10.6307,1.2991,2124,0,0,1.0000,177.70,637.00,412.35,125.74,177.00,643.00,250.00,104.00,0.5015,6.04,1,0,3.0197,ACCEPT,0,2537,3596,14651,4,240,2124,0,0,0,0
31,0,1,1,ACCEPT,9.9247,1.2841,1826,-1,1,0.8604,164.81,640.92,412.35,125.74,172.50,645.00,237.00,98.00,0.4480,8.70,1,0,2.7643,ACCEPT,0,2431,3711,13674,4,240,1826,0,0,0,0
32,0,1,1,ACCEPT,10.6525,1.6563,1701,0,3,0.5185,164.81,652.69,412.35,125.74,168.00,659.00,224.00,98.00,0.4234,7.07,1,0,2.7454,ACCEPT,0,2313,3695,12222,4,240,1701,0,0,0,0
33,0,1,1,ACCEPT,9.6537,1.8099,1828,0,-1,0.9486,164.81,648.77,396.49,120.90,175.00,656.00,228.00,98.00,0.4661,12.49,1,-1,2.2664,ACCEPT,0,2830,4623,11570,4,240,1828,0,0,0,0
34,0,1,1,ACCEPT,10.3897,1.7037,1857,0,-1,0.9505,164.81,644.98,381.24,116.25,179.00,646.50,224.00,103.00,0.5206,14.27,1,-1,2.2460,ACCEPT,0,2892,4511,11476,4,240,1857,0,0,0,0
35,0,1,1,ACCEPT,13.4240,2.6173,2366,0,1,0.9345,164.81,648.62,381.24,116.25,178.50,650.00,237.00,94.00,0.5027,13.76,1,0,2.4073,ACCEPT,0,2783,4680,10328,4,240,2366,0,0,0,0
36,0,1,1,ACCEPT,14.4784,3.0974,2258,0,0,1.0000,164.81,648.62,366.58,111.78,151.00,647.50,246.00,95.00,0.5703,13.86,1,-1,2.2859,ACCEPT,0,2736,4607,10835,4,240,2258,0,0,0,0
37,0,1,1,ACCEPT,17.1070,2.3046,2459,-1,-1,0.8101,153.36,645.12,366.58,111.78,135.00,649.00,242.00,86.00,0.5079,18.76,1,0,2.6349,ACCEPT,0,2275,4487,12310,4,240,2459,0,0,0,0
38,0,1,1,ACCEPT,13.2608,1.7442,2686,-2,3,0.3336,130.45,655.62,366.58,111.78,126.00,659.50,234.00,89.00,0.5082,5.90,1,0,2.9080,ACCEPT,0,2977,4300,11900,4,240,2686,0,0,0,0
39,0,1,1,ACCEPT,11.4234,1.6888,1981,-1,-2,0.8137,119.00,648.62,366.58,111.78,119.00,659.00,220.00,90.00,0.4832,10.38,1,0,3.0205,ACCEPT,0,2634,4326,10142,4,240,1981,0,0,0,0
40,0,1,1,ACCEPT,12.0697,1.9807,1947,0,1,0.9101,119.00,652.12,366.58,111.78,119.00,663.00,212.00,88.00,0.4553,10.88,1,0,3.0227,ACCEPT,0,2422,4092,9844,4,240,1947,0,0,0,0
41,0,1,1,ACCEPT,13.2888,2.0586,2038,0,3,0.5530,119.00,662.62,366.58,111.78,121.50,673.50,207.00,87.00,0.4395,11.16,1,0,2.8230,ACCEPT,0,2454,3921,10187,4,240,2038,0,0,0,0
42,0,1,1,ACCEPT,13.7161,2.1096,2156,1,0,0.8734,130.45,662.62,366.58,111.78,129.50,676.50,199.00,81.00,0.3934,13.91,1,0,2.7778,ACCEPT,0,2551,3945,10035,4,240,2156,0,0,0,0
43,0,1,1,ACCEPT,14.4105,2.4677,2142,2,1,0.6410,153.36,666.12,366.58,111.78,149.50,680.50,185.00,75.00,0.3386,14.88,1,0,2.8070,ACCEPT,0,2029,4047,10544,4,240,2142,0,0,0,0
44,0,1,1,ACCEPT,14.3058,1.9903,2048,0,2,0.6885,153.36,673.12,366.58,111.78,150.00,683.50,204.00,77.00,0.3833,10.91,1,0,2.8174,ACCEPT,0,1942,4539,11108,4,240,2048,0,0,0,0
45,0,1,1,ACCEPT,10.4900,1.6825,1632,0,-2,0.7819,153.36,666.12,366.58,111.78,142.00,678.00,222.00,74.00,0.4009,16.43,1,0,2.8001,ACCEPT,0,1940,4662,10973,4,240,1632,0,0,0,0
46,0,1,1,ACCEPT,13.8890,1.9490,2218,0,0,1.0000,153.36,666.12,366.58,111.78,149.00,675.50,236.00,73.00,0.4204,10.34,1,0,2.7665,ACCEPT,0,2093,4506,13381,4,240,2218,0,0,0,0
47,0,1,1,ACCEPT,14.3342,1.9409,2494,0,2,0.7851,153.36,673.12,366.58,111.78,155.00,680.50,212.00,75.00,0.3880,7.56,1,0,2.7557,ACCEPT,0,2246,4542,13471,4,240,2494,0,0,0,0
48,0,1,1,ACCEPT,15.8731,2.0575,2253,1,1,0.8593,164.81,676.62,366.58,111.78,164.50,685.50,203.00,75.00,0.3715,8.88,1,0,2.7800,ACCEPT,0,1941,4828,11081,4,240,2253,0,0,0,0
49,0,1,1,ACCEPT,17.0146,2.9256,1770,-1,3,0.4401,153.36,687.12,366.58,111.78,162.00,693.50,192.00,73.00,0.3420,10.74,1,0,2.8057,ACCEPT,0,1583,5363,9195,4,240,1770,0,0,0,0
50,0,1,1,ACCEPT,14.6346,2.7289,1359,0,-2,0.6681,153.36,680.12,366.58,111.78,165.50,685.50,189.00,71.00,0.3275,13.28,1,0,2.7408,ACCEPT,0,1678,5007,10820,4,240,1359,0,0,0,0
51,0,1,1,ACCEPT,12.3134,2.2826,1486,0,-3,0.4724,153.36,669.62,366.58,111.78,168.00,676.00,176.00,76.00,0.3264,15.97,1,0,2.8552,ACCEPT,0,2006,4672,11367,4,240,1486,0,0,0,0
52,0,1,1,ACCEPT,11.1528,2.1398,1408,1,-1,0.8601,164.81,666.12,366.58,111.78,176.00,669.50,166.00,81.00,0.3281,11.69,1,0,2.6864,ACCEPT,0,1943,4432,11118,4,240,1408,0,0,0,0
53,0,1,1,ACCEPT,12.0219,2.0197,1432,0,-1,0.9148,164.81,662.62,366.58,111.78,172.00,663.00,178.00,84.00,0.3649,7.20,1,0,2.7017,ACCEPT,0,1545,5245,10294,4,240,1432,0,0,0,0
54,0,1,1,ACCEPT,11.0149,1.6545,1269,1,2,0.7541,176.27,669.62,352.48,107.48,163.50,671.50,187.00,81.00,0.3998,12.90,1,-1,2.6444,ACCEPT,0,1437,4850,10444,4,240,1269,0,0,0,0
55,0,1,1,ACCEPT,14.0784,2.0917,1529,0,1,0.9444,176.27,672.98,352.48,107.48,163.50,681.00,193.00,80.00,0.4075,15.07,1,0,2.6388,ACCEPT,0,1497,4827,12046,4,240,1529,0,0,0,0
56,0,1,1,ACCEPT,16.1198,2.4866,1763,0,-5,0.0777,176.27,656.19,352.48,107.48,165.00,664.50,178.00,79.00,0.3712,14.00,1,0,2.7093,ACCEPT,0,1658,4745,11198,4,240,1763,0,0,0,0
57,0,1,1,ACCEPT,16.6009,2.5660,1827,0,0,1.0000,176.27,656.19,352.48,107.48,172.00,666.00,170.00,76.00,0.3410,10.70,1,0,2.9015,ACCEPT,0,1437,4977,10841,4,240,1827,0,0,0,0
58,0,1,1,ACCEPT,16.9699,3.1503,1761,0,-2,0.6570,176.27,649.47,352.48,107.48,164.00,660.00,158.00,78.00,0.3253,16.17,1,0,3.0256,ACCEPT,0,1530,4928,10427,4,240,1761,0,0,0,0
59,0,1,1,ACCEPT,17.7416,2.6122,1455,-1,5,0.0777,165.25,666.27,352.48,107.48,162.50,675.00,151.00,68.00,0.2710,9.16,1,0,2.8656,ACCEPT,0,1509,5054,9147,4,240,1455,0,0,0,0
60,0,1,1,ACCEPT,15.9761,1.9782,1268,0,3,0.2981,165.25,676.34,352.48,107.48,152.00,686.00,148.00,70.00,0.2735,16.40,1,0,2.8169,ACCEPT,0,1409,5051,10054,4,240,1268,0,0,0,0
61,0,1,1,ACCEPT,10.4298,1.6329,1143,-1,-2,0.5319,154.23,669.62,352.48,107.48,146.00,678.00,148.00,64.00,0.2500,11.75,1,0,2.8319,ACCEPT,0,1605,5019,10677,4,240,1143,0,0,0,0
62,0,1,1,ACCEPT,11.5068,1.6091,1416,0,-2,0.7790,154.23,662.91,352.48,107.48,141.50,674.00,145.00,60.00,0.2296,16.89,1,0,3.0430,ACCEPT,0,1733,5138,10853,4,240,1416,0,0,0,0
63,0,1,1,ACCEPT,14.3900,1.9969,1286,-1,4,0.0614,143.22,676.34,352.48,107.48,132.50,693.00,159.00,72.00,0.3022,19.81,1,0,2.6305,ACCEPT,0,1878,5217,8495,4,240,1286,0,0,0,0
64,0,1,1,ACCEPT,14.1403,1.7985,955,1,5,0.0440,154.23,693.14,352.48,107.48,123.50,713.50,179.00,81.00,0.3377,36.87,1,0,3.0431,ACCEPT,0,1325,5096,9940,4,240,955,0,0,0,0
65,0,1,1,ACCEPT,8.8896,1.3838,822,-1,5,0.3516,143.22,709.94,352.48,107.48,123.50,717.00,185.00,92.00,0.4492,20.95,1,0,2.5486,ACCEPT,0,1092,5151,10127,4,240,822,0,0,0,0
66,0,1,1,ACCEPT,10.6733,1.7528,929,0,-2,0.7524,143.22,703.22,338.92,103.35,131.00,710.50,174.00,91.00,0.4441,14.22,1,-1,2.6794,ACCEPT,0,1172,5352,8767,4,240,929,0,0,0,0
67,0,1,1,ACCEPT,10.9495,1.7013,883,1,0,0.9241,153.81,703.22,338.92,103.35,144.00,705.00,160.00,94.00,0.4294,9.97,1,0,2.8661,ACCEPT,0,980,4905,9556,4,240,883,0,0,0,0
68,0,1,1,ACCEPT,13.2904,2.3320,1145,0,-3,0.5214,153.81,693.52,338.92,103.35,148.00,692.50,150.00,93.00,0.3983,5.90,1,0,2.9961,ACCEPT,0,1339,4930,9316,4,240,1145,0,0,0,0
69,0,1,1,ACCEPT,13.6338,2.3600,1062,0,-9,0.1111,153.81,664.41,338.92,103.35,155.00,670.50,144.00,73.00,0.3001,6.21,1,0,2.9833,ACCEPT,0,1490,5097,9328,4,240,1062,0,0,0,0
70,0,1,1,ACCEPT,12.8261,1.7593,1089,0,3,0.5721,153.81,674.11,338.92,103.35,158.50,681.50,135.00,65.00,0.2505,8.75,1,0,3.0414,ACCEPT,0,1047,4869,9584,4,240,1089,0,0,0,0
71,0,1,1,ACCEPT,14.7855,2.2624,1371,0,1,0.9117,153.81,677.34,338.92,103.35,158.50,684.00,125.00,60.00,0.2141,8.14,1,0,2.9860,ACCEPT,0,1195,5069,10704,4,240,1371,0,0,0,0
72,0,1,1,ACCEPT,16.3755,2.5632,1602,0,0,1.0000,153.81,677.34,338.92,103.35,158.00,686.00,130.00,60.00,0.2227,9.62,1,0,2.9526,ACCEPT,0,1367,4901,11254,4,240,1602,0,0,0,0
73,0,1,1,ACCEPT,13.8369,2.0283,1292,2,-1,0.6741,175.00,674.11,325.89,99.37,157.00,679.00,152.00,64.00,0.3004,18.65,1,-1,2.9134,ACCEPT,0,1316,5045,10690,4,240,1292,0,0,0,0
74,0,1,1,ACCEPT,15.0894,2.3033,1382,0,-1,0.9573,175.00,671.00,325.89,99.37,160.50,678.00,159.00,68.00,0.3339,16.10,1,0,3.0504,ACCEPT,0,1348,5137,11697,4,240,1382,0,0,0,0
75,0,1,1,ACCEPT,14.9003,2.1267,1410,4,-4,0.2241,215.75,658.56,325.89,99.37,200.00,666.00,162.00,68.00,0.3402,17.42,1,0,2.9838,ACCEPT,0,1370,4830,12800,4,240,1410,0,0,0,0
76,0,1,1,ACCEPT,15.1831,1.9291,1578,1,-3,0.1654,225.94,649.23,325.89,99.37,217.50,658.50,149.00,65.00,0.2991,12.53,1,0,3.1241,ACCEPT,0,1620,4756,13151,4,240,1578,0,0,0,0
77,0,1,1,ACCEPT,14.0478,1.8784,1236,2,-1,0.6926,246.31,646.12,325.89,99.37,234.00,655.00,146.00,72.00,0.3246,15.18,1,0,3.2545,ACCEPT,0,1246,4601,11990,4,240,1236,0,0,0,0
78,0,1,1,ACCEPT,12.6594,1.6711,1011,0,2,0.7596,246.31,652.34,325.89,99.37,239.00,660.50,132.00,71.00,0.2894,10.95,1,0,3.2612,ACCEPT,0,1473,4744,10188,4,240,1011,0,0,0,0
79,0,1,1,ACCEPT,11.0569,1.9136,687,1,7,0.0306,256.50,674.11,325.89,99.37,244.50,679.50,135.00,75.00,0.3126,13.16,1,0,2.9918,ACCEPT,0,1388,4806,8519,4,240,687,0,0,0,0
80,0,1,1,ACCEPT,10.1872,1.4722,608,0,-1,0.8849,256.50,671.00,325.89,99.37,243.00,677.00,132.00,70.00,0.2853,14.77,1,0,2.9475,ACCEPT,0,988,4751,9663,4,240,608,0,0,0,0
81,0,1,1,ACCEPT,12.1927,1.9868,753,-1,2,0.9309,246.31,677.22,325.89,99.37,246.50,673.50,125.00,67.00,0.2586,3.72,1,0,2.8004,ACCEPT,0,1264,4669,10217,4,240,753,0,0,0,0
82,0,1,1,ACCEPT,12.3754,1.5287,827,0,2,0.8730,246.31,683.44,325.89,99.37,244.50,684.00,135.00,56.00,0.2334,1.90,1,0,2.8594,ACCEPT,0,1228,4752,11561,4,240,827,0,0,0,0
83,0,1,1,ACCEPT,14.4593,2.2894,1147,0,0,1.0000,246.31,683.44,325.89,99.37,239.00,684.00,152.00,60.00,0.2816,7.33,1,0,2.8801,ACCEPT,0,1283,4806,12007,4,240,1147,0,0,0,0
84,0,1,1,ACCEPT,16.4946,2.9745,1401,1,-3,0.2991,256.50,674.11,325.89,99.37,225.00,667.50,154.00,67.00,0.3186,32.19,1,0,2.7560,ACCEPT,0,1267,5055,11605,4,240,1401,0,0,0,0
85,0,1,1,ACCEPT,16.3734,1.9770,1461,0,3,0.2854,256.50,683.44,325.89,99.37,225.00,666.50,158.00,85.00,0.3505,35.76,1,0,2.8467,ACCEPT,0,1192,4876,11308,4,240,1461,0,0,0,0
86,0,1,1,ACCEPT,13.1651,1.3742,1267,0,4,0.2005,256.50,695.88,325.89,99.37,229.50,674.50,167.00,87.00,0.3434,34.44,1,0,2.8836,ACCEPT,0,1179,4971,13326,4,240,1267,0,0,0,0
87,0,1,1,ACCEPT,10.3269,1.1686,1109,1,1,0.8043,266.69,698.98,325.89,99.37,247.50,672.50,143.00,85.00,0.2673,32.70,1,0,2.9146,ACCEPT,0,1219,4820,10976,4,240,1109,0,0,0,0
88,0,1,1,ACCEPT,9.0267,1.0774,821,0,-10,0.8843,266.69,667.89,325.89,99.37,256.50,662.00,135.00,98.00,0.3786,11.77,1,0,2.9971,ACCEPT,0,1089,4921,9887,4,240,821,0,0,0,0
89,0,1,1,ACCEPT,11.8699,1.8733,813,2,3,0.1759,287.06,677.22,325.89,99.37,274.50,670.50,127.00,99.00,0.3536,14.25,1,0,2.9732,ACCEPT,0,752,4532,10190,4,240,813,0,0,0,0
90,0,1,1,ACCEPT,12.9349,1.8742,849,1,-2,0.8375,297.25,671.00,325.89,99.37,283.50,665.00,125.00,104.00,0.3579,15.00,1,0,2.9568,ACCEPT,0,892,4600,10551,4,240,849,0,0,0,0
91,0,1,1,ACCEPT,15.7899,2.8235,1056,0,-1,0.8977,297.25,667.89,325.89,99.37,293.50,660.00,119.00,98.00,0.3250,8.74,1,0,3.0133,ACCEPT,0,1021,4702,9880,4,240,1056,0,0,0,0
92,0,1,1,ACCEPT,12.5956,2.1653,786,1,1,0.8282,307.44,671.00,325.89,99.37,299.50,670.50,119.00,95.00,0.3491,7.95,1,0,2.9377,ACCEPT,0,1107,4701,8726,4,240,786,0,0,0,0
93,0,1,1,ACCEPT,16.1665,2.7546,898,0,4,0.4087,307.44,683.44,325.89,99.37,301.00,680.50,118.00,83.00,0.3024,7.08,1,0,2.9362,ACCEPT,0,1119,4870,8006,4,240,898,0,0,0,0
94,0,1,1,ACCEPT,16.0251,2.9662,789,1,-2,0.8213,317.62,677.22,325.89,99.37,300.50,676.50,123.00,73.00,0.2773,17.14,1,0,2.8933,ACCEPT,0,728,4562,8086,4,240,789,0,0,0,0
95,0,1,1,ACCEPT,10.9168,1.3079,616,-1,-9,0.6916,307.44,649.23,325.89,99.37,297.50,653.50,143.00,67.00,0.2958,10.81,1,0,2.9007,ACCEPT,0,848,4776,7995,4,240,616,0,0,0,0
96,0,1,1,ACCEPT,11.0898,1.1004,592,0,-6,0.8936,307.44,630.58,325.89,99.37,291.50,636.00,141.00,66.00,0.2874,16.83,1,0,2.8631,ACCEPT,0,794,4687,8300,4,240,592,0,0,0,0
97,0,1,1,ACCEPT,11.8673,1.2531,718,0,-2,0.7340,307.44,624.36,325.89,99.37,284.50,612.50,145.00,69.00,0.3089,25.82,1,0,3.1015,ACCEPT,0,975,4860,8090,4,240,718,0,0,0,0
98,0,1,1,ACCEPT,11.5874,1.6344,675,0,-4,0.4681,307.44,611.92,325.89,99.37,281.00,604.00,144.00,70.00,0.3113,27.60,1,0,3.0720,ACCEPT,0,1097,4873,8026,4,240,675,0,0,0,0
99,0,1,1,ACCEPT,13.1924,1.7545,779,-1,-3,0.6534,297.25,602.59,325.89,99.37,278.50,595.50,141.00,83.00,0.3614,20.05,1,0,2.8970,ACCEPT,0,1081,5028,8263,4,240,779,0,0,0,0
100,0,1,1,ACCEPT,14.3246,2.0294,759,0,4,0.3347,297.25,615.03,325.89,99.37,273.50,605.00,131.00,100.00,0.3481,25.78,1,0,2.9944,ACCEPT,0,964,4853,8375,4,240,759,0,0,0,0
101,0,1,1,ACCEPT,12.0121,1.8115,692,0,0,1.0000,297.25,615.03,325.89,99.37,270.50,607.00,131.00,92.00,0.3485,27.93,1,0,3.0663,ACCEPT,0,1035,5002,8070,4,240,692,0,0,0,0
102,0,1,1,ACCEPT,12.2594,2.0850,638,0,0,1.0000,297.25,615.03,325.89,99.37,271.50,604.50,129.00,103.00,0.3442,27.82,1,0,3.0653,ACCEPT,0,941,4925,8149,4,240,638,0,0,0,0
103,0,1,1,ACCEPT,10.9154,1.3125,672,0,5,0.4375,297.25,630.58,325.89,99.37,271.50,625.00,127.00,94.00,0.3533,26.35,1,0,3.0582,ACCEPT,0,989,4988,7469,4,240,672,0,0,0,0
104,0,1,1,ACCEPT,11.2107,1.3326,633,0,5,0.3981,297.25,646.12,325.89,99.37,268.00,635.50,128.00,107.00,0.3461,31.12,1,0,2.9399,ACCEPT,0,836,4918,8158,4,240,633,0,0,0,0
105,0,1,1,ACCEPT,10.2071,1.1827,615,0,1,0.9285,297.25,649.23,325.89,99.37,271.50,641.00,127.00,92.00,0.3369,27.03,1,0,2.9267,ACCEPT,0,873,4842,8425,4,240,615,0,0,0,0
106,0,1,1,ACCEPT,9.2625,1.0513,574,0,3,0.8188,297.25,658.56,325.89,99.37,269.50,651.50,129.00,83.00,0.3306,28.63,1,0,2.8640,ACCEPT,0,840,4738,9133,4,240,574,0,0,0,0
107,0,1,1,ACCEPT,11.5447,1.6562,631,-1,-7,0.1727,287.06,636.80,325.89,99.37,258.00,632.00,150.00,80.00,0.3705,29.46,1,0,3.0391,ACCEPT,0,1233,5184,7737,4,240,631,0,0,0,0
108,0,1,1,ACCEPT,9.3391,1.0148,481,0,-4,0.3119,287.06,624.36,325.89,99.37,255.00,618.50,158.00,75.00,0.3659,32.59,1,0,3.0592,ACCEPT,0,961,5133,7373,4,240,481,0,0,0,0
109,0,1,1,ACCEPT,11.4985,1.4970,497,0,-8,0.4769,287.06,599.48,325.89,99.37,249.00,597.00,170.00,84.00,0.4409,38.14,1,0,2.9279,ACCEPT,0,847,5182,8602,4,240,497,0,0,0,0
110,0,1,1,ACCEPT,15.8153,2.0356,800,0,-2,0.6750,287.06,593.27,325.89,99.37,249.00,593.00,176.00,80.00,0.4348,38.06,1,0,3.1669,ACCEPT,0,873,5049,11300,4,240,800,0,0,0,0
111,0,1,1,ACCEPT,20.3725,3.3292,1335,0,1,0.9670,287.06,596.38,325.89,99.37,257.00,590.50,162.00,91.00,0.4430,30.63,1,0,3.1272,ACCEPT,0,1112,5039,10528,4,240,1335,0,0,0,0
112,0,1,1,ACCEPT,19.6402,3.1777,1198,0,0,1.0000,287.06,596.38,325.89,99.37,255.50,596.50,163.00,75.00,0.3775,31.56,1,0,3.1258,ACCEPT,0,1063,5045,9103,4,240,1198,0,0,0,0
113,0,1,1,ACCEPT,13.9652,1.4652,737,0,-4,0.4193,287.06,583.94,325.89,99.37,258.50,578.50,157.00,71.00,0.3442,29.08,1,0,3.1847,ACCEPT,0,905,5045,10283,4,240,737,0,0,0,0
114,0,1,1,ACCEPT,14.2078,1.4044,1021,0,0,1.0000,287.06,583.94,325.89,99.37,259.00,591.00,150.00,68.00,0.3150,28.94,1,0,3.2514,ACCEPT,0,1130,4898,11197,4,240,1021,0,0,0,0
115,0,1,1,ACCEPT,14.7175,1.5369,1291,-1,0,0.9070,276.88,583.94,325.89,99.37,257.50,588.00,145.00,74.00,0.3313,19.80,1,0,2.7862,ACCEPT,0,1352,4986,12847,4,240,1291,0,0,0,0
116,0,1,1,ACCEPT,15.2102,1.6429,1449,0,1,0.9220,276.88,587.05,325.89,99.37,259.50,590.00,139.00,88.00,0.3777,17.62,1,0,2.8076,ACCEPT,0,1549,4975,13757,4,240,1449,0,0,0,0
117,0,1,1,ACCEPT,19.0800,2.3732,1844,-1,-1,0.8899,266.69,583.94,325.89,99.37,256.50,596.00,137.00,86.00,0.3335,15.79,1,0,2.7247,ACCEPT,0,1781,5184,12549,4,240,1844,0,0,0,0
118,0,1,1,ACCEPT,19.4101,3.0621,1727,0,-1,0.8361,266.69,580.83,325.89,99.37,251.00,592.00,140.00,88.00,0.3485,19.26,1,0,2.6324,ACCEPT,0,1430,4936,13253,4,240,1727,0,0,0,0
119,0,1,1,ACCEPT,14.8374,2.5220,1319,-1,-3,0.5694,256.50,571.50,325.89,99.37,250.00,587.50,140.00,79.00,0.3086,17.27,1,0,2.6707,ACCEPT,0,1472,4977,12899,4,240,1319,0,0,0,0
120,0,1,1,ACCEPT,17.4754,3.8082,1489,-1,-1,0.9409,246.31,568.39,325.89,99.37,247.50,588.50,139.00,79.00,0.2844,20.14,1,0,2.6761,ACCEPT,0,1428,4992,12532,4,240,1489,0,0,0,0
121,0,1,1,ACCEPT,13.4545,2.2595,1254,1,-1,0.8740,256.50,565.28,325.89,99.37,250.00,580.50,130.00,79.00,0.2910,16.55,1,0,2.4519,ACCEPT,0,1525,4998,11438,4,240,1254,0,0,0,0
122,0,1,1,ACCEPT,12.2292,1.9511,1077,-1,-1,0.9387,246.31,562.17,325.89,99.37,248.50,573.50,115.00,93.00,0.2929,11.54,1,0,2.6443,ACCEPT,0,1577,5178,9749,4,240,1077,0,0,0,0
123,0,1,1,ACCEPT,14.6365,2.5599,983,0,0,1.0000,246.31,562.17,325.89,99.37,247.50,561.50,105.00,119.00,0.3029,1.36,1,0,2.7686,ACCEPT,0,1232,5120,10252,4,240,983,0,0,0,0
124,0,1,1,ACCEPT,12.7270,1.8931,939,1,-1,0.9084,256.50,559.06,325.89,99.37,256.50,564.00,101.00,136.00,0.2782,4.94,1,0,2.8501,ACCEPT,0,1226,5076,11130,4,240,939,0,0,0,0
125,0,1,1,ACCEPT,9.7132,1.6649,959,0,0,1.0000,256.50,559.06,325.89,99.37,259.50,561.50,107.00,165.00,0.2698,3.87,1,0,3.1142,ACCEPT,0,1596,4730,11131,4,240,959,0,0,0,0
126,0,1,1,ACCEPT,11.2806,2.0038,1056,0,1,0.8864,256.50,562.17,325.89,99.37,261.50,556.50,115.00,165.00,0.2862,7.56,1,0,3.1686,ACCEPT,0,1590,4566,10535,4,240,1056,0,0,0,0
127,0,1,1,ACCEPT,9.6888,1.7786,948,0,-1,0.9230,256.50,559.06,325.89,99.37,263.50,554.50,109.00,169.00,0.2710,8.36,1,0,3.0166,ACCEPT,0,1480,4506,10774,4,240,948,0,0,0,0
128,0,1,1,ACCEPT,13.9464,1.8809,1326,0,2,0.7285,256.50,565.28,325.89,99.37,262.00,561.50,114.00,159.00,0.2891,6.67,1,0,3.0522,ACCEPT,0,1447,4555,10954,4,240,1326,0,0,0,0
129,0,1,1,ACCEPT,16.6626,2.5279,1403,0,-1,0.9986,256.50,562.17,325.89,99.37,263.00,557.50,110.00,147.00,0.2905,8.00,1,0,3.0105,ACCEPT,0,1244,4784,11084,4,240,1403,0,0,0,0
130,0,1,1,ACCEPT,14.6864,2.1031,1102,0,2,0.8230,256.50,568.39,325.89,99.37,261.00,557.50,106.00,147.00,0.2814,11.78,1,0,3.0368,ACCEPT,0,1077,4900,9771,4,240,1102,0,0,0,0
131,0,1,1,ACCEPT,13.4411,2.0291,767,0,-8,0.0847,256.50,543.52,325.89,99.37,259.50,531.00,93.00,134.00,0.2596,12.87,1,0,3.0353,ACCEPT,0,1031,5264,8791,4,240,767,0,0,0,0
132,0,1,1,ACCEPT,12.1015,1.6685,614,0,-6,0.1270,256.50,524.86,325.89,99.37,263.50,514.00,83.00,134.00,0.2339,12.92,1,0,3.1871,ACCEPT,0,860,5206,8948,4,240,614,0,0,0,0
133,0,1,1,ACCEPT,10.1605,1.6625,527,1,2,0.6774,266.69,531.08,325.89,99.37,269.00,512.50,74.00,133.00,0.2064,18.72,1,0,2.9105,ACCEPT,0,748,5178,9530,4,240,527,0,0,0,0
134,0,1,1,ACCEPT,11.7239,2.0671,585,0,-4,0.3949,266.69,518.64,325.89,99.37,271.50,508.00,67.00,130.00,0.1933,11.68,1,0,2.9283,ACCEPT,0,883,5275,9628,4,240,585,0,0,0,0
135,0,1,1,ACCEPT,11.1645,1.5342,583,-1,-1,0.8045,256.50,515.53,325.89,99.37,278.00,505.50,66.00,139.00,0.1874,23.73,1,0,2.8729,ACCEPT,0,773,5191,9121,4,240,583,0,0,0,0
136,0,1,1,ACCEPT,12.3552,1.4910,583,0,3,0.7204,256.50,524.86,325.89,99.37,278.50,508.50,57.00,137.00,0.1640,27.42,1,0,2.9728,ACCEPT,0,682,5066,7047,4,240,583,0,0,0,0
137,0,1,1,ACCEPT,12.5015,2.1768,431,2,-7,0.2135,276.88,503.09,325.89,99.37,304.50,491.00,59.00,140.00,0.1686,30.16,1,0,3.1242,ACCEPT,0,697,5124,6169,4,240,431,0,0,0,0
138,0,1,1,ACCEPT,13.4445,1.8193,433,0,-4,0.3510,276.88,490.66,325.89,99.37,306.00,472.00,56.00,114.00,0.1457,34.59,1,0,3.1590,ACCEPT,0,515,5058,7530,4,240,433,0,0,0,0
139,0,1,1,ACCEPT,14.4512,1.4946,553,0,1,0.9548,276.88,493.77,325.89,99.37,308.00,483.00,54.00,108.00,0.1511,32.93,1,0,3.1811,ACCEPT,0,541,4945,7025,4,240,553,0,0,0,0
140,0,1,1,ACCEPT,15.3185,1.6796,561,1,4,0.5312,287.06,506.20,325.89,99.37,315.00,500.50,54.00,107.00,0.1600,28.51,1,0,3.1314,ACCEPT,0,499,4797,7449,4,240,561,0,0,0,0
141,0,1,1,ACCEPT,11.4178,1.2406,495,0,11,0.4424,287.06,540.41,325.89,99.37,307.50,537.00,53.00,110.00,0.1599,20.72,1,0,2.9301,ACCEPT,0,620,4922,6390,4,240,495,0,0,0,0
142,0,1,1,ACCEPT,16.1406,2.2451,568,0,-2,0.7975,287.06,534.19,325.89,99.37,307.50,528.00,65.00,108.00,0.1917,21.35,1,0,2.9903,ACCEPT,0,555,4988,6254,4,240,568,0,0,0,0
143,0,1,1,ACCEPT,12.4775,1.2944,510,-2,5,0.1529,266.69,549.73,325.89,99.37,290.00,547.50,58.00,109.00,0.1750,23.42,1,0,3.0398,ACCEPT,0,573,5074,7513,4,240,510,0,0,0,0
144,0,1,1,ACCEPT,13.3570,1.5577,567,0,-1,0.9030,266.69,546.62,325.89,99.37,280.50,548.50,57.00,95.00,0.1672,13.94,1,0,2.9726,ACCEPT,0,661,5091,7246,4,240,567,0,0,0,0
145,0,1,1,ACCEPT,12.5316,1.4271,548,0,1,0.9471,266.69,549.73,325.89,99.37,281.50,554.00,57.00,82.00,0.1443,15.41,1,0,2.9860,ACCEPT,0,652,4983,7060,4,240,548,0,0,0,0
146,0,1,1,ACCEPT,14.7700,2.1866,621,0,0,1.0000,266.69,549.73,325.89,99.37,287.00,554.50,62.00,79.00,0.1512,20.86,1,0,2.9954,ACCEPT,0,692,4949,7313,4,240,621,0,0,0,0
147,0,1,1,ACCEPT,14.2612,2.0675,643,0,2,0.9238,266.69,555.95,325.89,99.37,296.50,557.50,67.00,73.00,0.1510,29.85,1,0,3.0800,ACCEPT,0,732,4767,6867,4,240,643,0,0,0,0
148,0,1,1,ACCEPT,14.3894,2.6878,637,1,5,0.3093,276.88,571.50,325.89,99.37,301.50,574.00,75.00,64.00,0.1482,24.75,1,0,3.0010,ACCEPT,0,735,4731,9020,4,240,637,0,0,0,0
149,0,1,1,ACCEPT,14.3907,2.3281,887,0,7,0.1950,276.88,593.27,325.89,99.37,302.00,594.50,94.00,57.00,0.1654,25.16,1,0,2.7136,ACCEPT,0,899,4824,9474,4,240,887,0,0,0,0
150,0,1,1,ACCEPT,12.8690,2.0064,935,0,3,0.4396,276.88,602.59,325.89,99.37,305.50,605.00,101.00,56.00,0.1747,28.73,1,0,2.5383,ACCEPT,0,1153,4717,10985,4,240,935,0,0,0,0
151,0,1,1,ACCEPT,15.4024,1.9590,1146,1,2,0.5332,287.06,608.81,325.89,99.37,307.00,614.50,100.00,55.00,0.1698,20.73,1,0,2.3332,ACCEPT,0,1080,4670,11337,4,240,1146,0,0,0,0
152,0,1,1,ACCEPT,12.9621,1.5726,1159,1,-5,0.0475,297.25,593.27,325.89,99.37,311.00,601.00,104.00,54.00,0.1734,15.78,1,0,2.3012,ACCEPT,0,1264,4882,10579,4,240,1159,0,0,0,0
153,0,1,1,ACCEPT,15.4060,2.6748,872,-1,-1,0.8968,287.06,590.16,325.89,99.37,303.50,594.00,95.00,54.00,0.1584,16.88,1,0,2.6338,ACCEPT,0,902,4960,11219,4,240,872,0,0,0,0
154,0,1,1,ACCEPT,15.9497,2.8042,945,-1,2,0.7196,276.88,596.38,338.92,103.35,296.00,601.00,96.00,52.00,0.1425,19.68,1,1,2.4338,ACCEPT,0,945,4864,10149,4,240,945,0,0,0,0
155,0,1,1,ACCEPT,13.4922,2.1421,799,-1,2,0.7647,266.28,602.84,338.92,103.35,287.50,606.50,95.00,59.00,0.1600,21.53,1,0,2.6304,ACCEPT,0,966,5216,9856,4,240,799,0,0,0,0
156,0,1,1,ACCEPT,18.0335,2.7670,1223,0,0,1.0000,266.28,602.84,338.92,103.35,286.50,608.50,99.00,63.00,0.1781,21.00,1,0,2.8219,ACCEPT,0,1088,5024,10145,4,240,1223,0,0,0,0
157,0,1,1,ACCEPT,20.5631,3.2494,1368,0,1,0.9254,266.28,606.08,338.92,103.35,287.00,613.50,92.00,65.00,0.1707,22.01,1,0,2.9211,ACCEPT,0,1126,5073,11072,4,240,1368,0,0,0,0
158,0,1,1,ACCEPT,15.2224,2.1769,1317,0,3,0.2817,266.28,615.78,338.92,103.35,288.50,623.50,97.00,63.00,0.1745,23.52,1,0,2.9672,ACCEPT,0,1460,5039,11706,4,240,1317,0,0,0,0
159,0,1,1,ACCEPT,10.0962,1.7793,1137,2,0,0.9033,287.47,615.78,338.92,103.35,298.00,623.50,108.00,61.00,0.1881,13.06,1,0,2.7896,ACCEPT,0,1891,4795,14356,4,240,1137,0,0,0,0
160,0,1,1,ACCEPT,9.3569,1.5256,1132,1,-1,0.8454,298.06,612.55,338.92,103.35,300.00,621.50,114.00,61.00,0.1985,9.16,1,0,2.9801,ACCEPT,0,1878,4997,14642,4,240,1132,0,0,0,0
161,0,1,1,ACCEPT,11.5672,2.0614,1142,1,2,0.6375,308.66,619.02,338.92,103.35,300.00,629.00,108.00,66.00,0.2035,13.21,1,0,3.0211,ACCEPT,0,1525,4959,12370,4,240,1142,0,0,0,0
162,0,1,1,ACCEPT,11.8686,1.9011,827,0,4,0.2443,308.66,631.95,338.92,103.35,299.00,644.00,100.00,70.00,0.1998,15.44,1,0,3.0525,ACCEPT,0,1000,5037,12530,4,240,827,0,0,0,0
163,0,1,1,ACCEPT,10.0939,1.3507,828,-1,-2,0.5990,298.06,625.48,338.92,103.35,292.50,636.50,107.00,73.00,0.2230,12.34,1,0,3.0377,ACCEPT,0,1235,5072,12349,4,240,828,0,0,0,0
164,0,1,1,ACCEPT,10.0732,1.2605,808,0,1,0.8515,298.06,628.72,338.92,103.35,286.00,638.50,106.00,75.00,0.2270,15.53,1,0,3.0178,ACCEPT,0,1278,5036,12334,4,240,808,0,0,0,0
165,0,1,1,ACCEPT,10.1494,1.1252,908,-1,1,0.9339,287.47,631.95,338.92,103.35,286.50,641.00,93.00,76.00,0.2018,9.10,1,0,2.9660,ACCEPT,0,1320,4896,12688,4,240,908,0,0,0,0
166,0,1,1,ACCEPT,12.8197,1.8305,1091,-2,1,0.8478,266.28,635.19,338.92,103.35,290.50,640.00,87.00,78.00,0.1937,24.69,1,0,2.9267,ACCEPT,0,1524,4811,12347,4,240,1091,0,0,0,0
167,0,1,1,ACCEPT,10.8987,1.6487,1103,-1,0,0.9746,255.69,635.19,352.48,107.48,288.00,640.50,136.00,71.00,0.2549,32.75,1,1,2.4868,ACCEPT,0,1696,4554,15240,4,240,1103,0,0,0,0
168,0,1,1,ACCEPT,11.1906,1.5664,1344,0,-2,0.8385,255.69,628.47,366.58,111.78,297.50,635.50,153.00,75.00,0.2800,42.40,1,1,2.3315,ACCEPT,0,1976,4772,13883,4,240,1344,0,0,0,0
169,0,1,1,ACCEPT,15.3127,2.1463,1423,0,0,1.0000,255.69,628.47,366.58,111.78,306.00,644.00,160.00,84.00,0.3195,52.66,1,0,2.6446,ACCEPT,0,1460,4779,13271,4,240,1423,0,0,0,0
170,0,1,1,ACCEPT,12.7939,2.3082,1101,0,-1,0.8619,255.69,624.97,366.58,111.78,306.00,640.50,160.00,89.00,0.3261,52.66,1,0,2.8193,ACCEPT,0,1395,4936,11926,4,240,1101,0,0,0,0
171,0,1,1,ACCEPT,10.0754,1.8558,785,-1,-3,0.6510,244.23,614.47,366.58,111.78,297.00,641.50,146.00,93.00,0.2526,59.29,1,0,2.8148,ACCEPT,0,1124,5292,12973,4,240,785,0,0,0,0
172,0,1,1,ACCEPT,12.6587,2.4751,943,0,1,0.9099,244.23,617.97,366.58,111.78,294.00,644.50,140.00,93.00,0.2448,56.40,1,0,2.8348,ACCEPT,0,1120,5306,9675,4,240,943,0,0,0,0
173,0,1,1,ACCEPT,13.6936,2.3274,917,-1,3,0.5747,232.78,628.47,366.58,111.78,283.50,653.00,135.00,92.00,0.2431,56.34,1,0,2.9722,ACCEPT,0,1243,5158,11271,4,240,917,0,0,0,0
174,0,1,1,ACCEPT,14.9932,2.0952,1408,0,0,1.0000,232.78,628.47,366.58,111.78,273.50,643.00,135.00,88.00,0.2788,43.23,1,0,3.0814,ACCEPT,0,1364,5047,12249,4,240,1408,0,0,0,0
175,0,1,1,ACCEPT,18.2608,3.2431,1641,1,7,0.0146,244.23,652.97,366.58,111.78,273.00,658.00,118.00,78.00,0.2246,29.20,1,0,2.8348,ACCEPT,0,1531,4780,11198,4,240,1641,0,0,0,0
176,0,1,1,ACCEPT,13.8505,2.1449,1465,2,3,0.4389,267.14,663.47,366.58,111.78,291.50,663.50,117.00,75.00,0.2141,24.36,1,0,2.6403,ACCEPT,0,1779,4720,11970,4,240,1465,0,0,0,0
177,0,1,1,ACCEPT,9.8707,1.3824,1352,3,1,0.4815,301.50,666.97,366.58,111.78,302.50,670.50,155.00,77.00,0.2913,3.67,1,0,2.8285,ACCEPT,0,2232,4565,13500,4,240,1352,0,0,0,0
178,0,1,1,ACCEPT,11.5853,1.5712,1678,1,-2,0.6949,312.95,659.97,366.58,111.78,306.00,667.00,158.00,82.00,0.3162,9.89,1,0,2.5962,ACCEPT,0,2299,4664,12939,4,240,1678,0,0,0,0
179,0,1,1,ACCEPT,11.1362,1.5977,1120,-1,1,0.9973,301.50,663.47,366.58,111.78,312.00,671.00,156.00,92.00,0.3502,12.92,1,0,2.9221,ACCEPT,0,1459,4664,12649,4,240,1120,0,0,0,0
180,0,1,1,ACCEPT,9.9471,1.3935,1027,5,-5,0.7683,358.77,645.97,366.58,111.78,315.50,670.00,147.00,92.00,0.2658,49.49,1,0,2.7485,ACCEPT,0,1329,4886,11985,4,240,1027,0,0,0,0
181,0,1,1,ACCEPT,12.7531,2.1616,1284,1,-1,0.9883,370.22,642.47,352.48,107.48,320.50,674.00,147.00,94.00,0.2450,58.87,1,-1,2.7371,ACCEPT,0,1411,4499,13270,4,240,1284,0,0,0,0
182,0,1,1,ACCEPT,9.5354,1.5495,987,0,3,0.3880,370.22,652.55,352.48,107.48,316.00,684.00,148.00,94.00,0.2468,62.68,1,0,2.8598,ACCEPT,0,1727,4277,10037,4,240,987,0,0,0,0
183,0,1,1,ACCEPT,12.2145,2.2911,1031,-4,8,0.1804,326.16,679.42,352.48,107.48,313.50,692.00,129.00,86.00,0.2848,17.84,1,0,2.9397,ACCEPT,0,1356,4156,11043,4,240,1031,0,0,0,0
184,0,1,1,ACCEPT,9.7156,1.2099,1153,-1,0,0.9506,315.14,679.42,352.48,107.48,321.00,691.00,118.00,94.00,0.2736,12.98,1,0,2.8216,ACCEPT,0,1798,4015,11142,4,240,1153,0,0,0,0
185,0,1,1,ACCEPT,9.6148,1.5189,1203,-2,-2,0.7664,293.11,672.70,352.48,107.48,342.00,687.00,152.00,96.00,0.3392,50.94,1,0,2.7443,ACCEPT,0,2228,3766,12071,4,240,1203,0,0,0,0
186,0,1,1,ACCEPT,10.4531,1.5700,1300,-1,-3,0.5792,282.09,662.62,366.58,111.78,344.00,683.50,194.00,103.00,0.3799,65.33,1,1,2.4969,ACCEPT,0,2161,3828,15262,4,240,1300,0,0,0,0
187,0,1,1,ACCEPT,13.8880,2.2412,1533,0,-2,0.6471,282.09,655.62,366.58,111.78,358.00,682.50,212.00,119.00,0.3956,80.52,1,0,2.8689,ACCEPT,0,1920,4287,15407,4,240,1533,0,0,0,0
188,0,1,1,ACCEPT,15.0918,3.2591,1434,0,-1,0.9679,282.09,652.12,366.58,111.78,360.50,688.50,213.00,123.00,0.3422,86.43,1,0,2.7242,ACCEPT,0,1891,4601,12679,4,240,1434,0,0,0,0
189,0,1,1,ACCEPT,12.5448,2.0314,1036,-1,4,0.2317,270.64,666.12,366.58,111.78,361.00,705.00,210.00,124.00,0.3044,98.37,1,0,2.7012,ACCEPT,0,1341,5016,12081,4,240,1036,0,0,0,0
190,0,1,1,ACCEPT,10.1537,1.3098,1074,0,1,0.8966,270.64,669.62,366.58,111.78,356.50,709.50,201.00,121.00,0.3020,94.67,1,0,3.0100,ACCEPT,0,1558,4717,13032,4,240,1074,0,0,0,0
191,0,1,1,ACCEPT,16.3499,2.8199,1675,1,0,0.9045,282.09,669.62,366.58,111.78,355.50,698.50,201.00,111.00,0.3551,78.88,1,0,2.8174,ACCEPT,0,1811,4471,12233,4,240,1675,0,0,0,0
192,0,1,1,ACCEPT,15.2049,2.2814,1581,1,0,0.9526,293.55,669.62,366.58,111.78,353.50,688.00,193.00,110.00,0.4026,62.71,1,0,2.6160,ACCEPT,0,1885,3994,13338,4,240,1581,0,0,0,0
193,0,1,1,ACCEPT,13.8781,2.5592,1492,1,1,0.8097,305.00,673.12,366.58,111.78,355.00,682.50,154.00,95.00,0.3520,50.87,1,0,2.8901,ACCEPT,0,2028,3445,14873,4,240,1492,0,0,0,0
194,0,1,1,ACCEPT,13.0143,2.5008,1568,1,2,0.5944,316.45,680.12,366.58,111.78,365.50,682.00,143.00,84.00,0.2931,49.08,1,0,2.9331,ACCEPT,0,2166,3203,15003,4,240,1568,0,0,0,0
195,0,1,1,ACCEPT,8.7081,1.2667,1197,3,1,0.4436,350.81,683.62,381.24,116.25,391.00,685.50,178.00,87.00,0.3494,40.23,1,1,2.6464,ACCEPT,0,2424,2918,16035,4,240,1197,0,0,0,0
196,0,1,1,ACCEPT,8.5291,1.2474,1331,0,-2,0.7498,350.81,676.34,396.49,120.90,401.50,681.00,191.00,94.00,0.3745,50.90,1,1,2.2754,ACCEPT,0,2490,3300,15447,4,240,1331,0,0,0,0
197,0,1,1,ACCEPT,8.1076,1.2074,1048,4,-4,0.4055,400.38,661.22,396.49,120.90,385.00,682.00,194.00,112.00,0.3632,25.85,1,0,2.4950,ACCEPT,0,1879,3888,15076,4,240,1048,0,0,0,0
198,0,1,1,ACCEPT,9.9672,1.6477,1300,1,2,0.6746,412.77,668.78,412.35,125.74,377.00,701.50,190.00,127.00,0.3058,48.47,1,1,2.4860,ACCEPT,0,2167,3524,16879,4,240,1300,0,0,0,0
199,0,1,1,ACCEPT,8.5208,1.3655,1218,0,0,1.0000,412.77,668.78,412.35,125.74,369.00,714.50,180.00,131.00,0.2457,63.29,1,0,2.6553,ACCEPT,0,2344,3564,15896,4,240,1218,0,0,0,0
200,0,1,1,ACCEPT,8.9559,1.3823,1215,0,0,1.0000,412.77,668.78,412.35,125.74,365.50,712.50,179.00,131.00,0.2519,64.38,1,0,2.7033,ACCEPT,0,2144,3414,14693,4,240,1215,0,0,0,0
201,0,1,1,ACCEPT,8.7273,1.5160,946,1,2,0.6670,425.66,676.62,412.35,125.74,355.50,722.50,171.00,133.00,0.2367,83.82,1,0,2.3730,ACCEPT,0,1545,3526,15235,4,240,946,0,0,0,0
202,0,1,1,ACCEPT,9.8977,1.4976,1234,-6,4,0.1297,348.31,692.31,412.35,125.74,348.50,707.00,157.00,132.00,0.3280,14.69,1,0,2.6255,ACCEPT,0,2000,3824,14250,4,240,1234,0,0,0,0
203,0,1,1,ACCEPT,11.4397,1.7866,1390,-1,0,0.9094,335.42,692.31,412.35,125.74,345.50,701.50,137.00,133.00,0.3072,13.64,1,0,2.7156,ACCEPT,0,1839,3243,12817,4,240,1390,0,0,0,0
204,0,1,1,ACCEPT,9.4504,1.1061,1241,-2,-2,0.4915,309.64,684.47,412.35,125.74,360.00,693.00,172.00,132.00,0.3843,51.08,1,0,2.8469,ACCEPT,0,1927,3186,12675,4,240,1241,0,0,0,0
205,0,1,1,ACCEPT,12.2002,1.4915,1320,-2,1,0.5773,283.86,688.39,412.35,125.74,365.00,721.00,232.00,148.00,0.3902,87.45,1,0,2.8425,ACCEPT,0,1617,3324,16338,4,240,1320,0,0,0,0
206,0,1,1,ACCEPT,14.2787,2.0945,1552,0,-1,0.9768,283.86,684.47,412.35,125.74,382.00,733.50,254.00,167.00,0.3205,109.71,1,0,2.7840,ACCEPT,0,1977,3729,12408,4,240,1552,0,0,0,0
207,0,1,1,ACCEPT,12.4622,1.7864,1054,0,-6,0.1347,283.86,660.94,412.35,125.74,374.50,710.00,245.00,180.00,0.3469,103.07,1,0,2.8357,ACCEPT,0,1253,3779,13616,4,240,1054,0,0,0,0
208,0,1,1,ACCEPT,11.3798,1.6963,1089,0,-1,0.9780,283.86,657.02,412.35,125.74,375.50,713.50,241.00,191.00,0.3239,107.65,1,0,2.8052,ACCEPT,0,1649,3932,13510,4,240,1089,0,0,0,0
209,0,1,1,ACCEPT,10.9862,1.7571,1114,-1,-3,0.5772,270.97,645.25,412.35,125.74,375.00,718.00,230.00,190.00,0.2398,126.95,1,0,2.8014,ACCEPT,0,1467,4056,12238,4,240,1114,0,0,0,0
210,0,1,1,ACCEPT,7.9575,1.0183,945,0,-5,0.9302,270.97,625.64,396.49,120.90,368.50,691.50,231.00,187.00,0.2642,117.69,1,-1,2.8443,ACCEPT,0,1489,3724,13378,4,240,945,0,0,0,0
211,0,1,1,ACCEPT,12.1450,1.8108,1503,1,2,0.6301,283.36,633.20,396.49,120.90,363.50,680.00,213.00,162.00,0.3237,92.80,1,0,2.7820,ACCEPT,0,2022,3340,12580,4,240,1503,0,0,0,0
212,0,1,1,ACCEPT,11.5684,2.0069,1445,1,1,0.8415,295.75,636.98,396.49,120.90,364.50,669.00,193.00,148.00,0.3485,75.84,1,0,2.8747,ACCEPT,0,2099,2801,19440,4,240,1445,0,0,0,0
213,0,1,1,ACCEPT,11.0211,1.2007,2142,3,1,0.4188,332.92,640.77,396.49,120.90,365.00,666.50,158.00,125.00,0.2935,41.12,1,0,2.8985,ACCEPT,0,3036,2502,18852,4,240,2142,0,0,0,0
214,0,1,1,ACCEPT,12.6955,1.8230,2709,1,2,0.6349,345.31,648.33,412.35,125.74,362.00,672.50,148.00,129.00,0.2744,29.37,1,1,2.5772,ACCEPT,0,3585,2826,16056,4,240,2709,0,0,0,0
215,0,1,1,ACCEPT,8.8576,1.1864,1540,5,0,0.0468,409.77,648.33,412.35,125.74,351.50,693.50,255.00,147.00,0.3519,73.73,1,0,2.1698,ACCEPT,0,2606,2364,21555,4,240,1540,0,0,0,0
216,0,1,1,ACCEPT,7.8728,1.0876,2447,0,3,0.8051,409.77,660.09,412.35,125.74,356.50,704.00,289.00,154.00,0.4042,69.03,1,0,2.8229,ACCEPT,0,4969,2565,21808,4,240,2447,0,0,0,0
217,0,1,1,ACCEPT,9.3616,1.2390,2981,0,-3,0.7702,409.77,648.33,412.35,125.74,353.00,702.00,278.00,174.00,0.3640,78.12,1,0,2.6809,ACCEPT,0,5303,2628,21177,4,240,2981,0,0,0,0
218,0,1,1,ACCEPT,10.4078,1.4901,2560,-1,-2,0.8777,396.88,640.48,412.35,125.74,349.50,701.50,263.00,191.00,0.3348,77.25,1,0,2.7014,ACCEPT,0,4454,2056,24466,4,240,2560,0,0,0,0
219,0,1,1,ACCEPT,12.1857,2.3018,2967,0,2,0.8514,396.88,648.33,396.49,120.90,351.50,718.00,245.00,198.00,0.2954,83.14,1,-1,2.7297,ACCEPT,0,4545,2001,23220,4,240,2967,0,0,0,0
220,0,1,1,ACCEPT,10.6238,1.7543,2656,0,2,0.8983,396.88,655.89,396.49,120.90,357.00,724.00,234.00,200.00,0.2955,78.92,1,0,2.8066,ACCEPT,0,4228,1972,21293,4,240,2656,0,0,0,0
221,0,1,1,ACCEPT,8.9944,1.2772,2502,0,8,0.0895,396.88,686.14,396.49,120.90,353.50,716.00,231.00,192.00,0.4339,52.66,1,0,1.6609,LOW_CONF,0,4304,1904,20745,4,240,2502,0,0,0,0
222,0,1,1,ACCEPT,10.1477,2.0823,2909,-1,3,0.7580,384.48,697.48,396.49,120.90,351.50,724.50,217.00,179.00,0.4333,42.64,1,-14,1.5592,MAX_STEP,0,4399,2530,19352,4,240,2909,0,0,0,0
223,0,1,1,ACCEPT,8.4532,1.4468,2503,-1,1,0.8582,372.09,701.27,396.49,120.90,363.00,735.00,188.00,170.00,0.3566,34.94,1,4,1.8885,MAX_STEP,0,4590,3232,16088,4,240,2503,0,0,0,0
224,0,1,1,ACCEPT,8.1358,1.6100,2407,-5,1,0.4238,310.14,705.05,396.49,120.90,390.00,726.00,236.00,170.00,0.4794,82.56,1,0,2.6131,ACCEPT,0,6264,3753,16156,4,240,2407,0,0,0,0
225,0,1,1,ACCEPT,6.4888,1.0623,2403,7,7,0.2817,396.88,731.52,396.49,120.90,395.00,705.50,344.00,161.00,0.6199,26.08,1,0,2.6528,ACCEPT,0,6111,2784,23856,4,240,2403,0,0,0,0
226,0,1,1,ACCEPT,10.6538,2.3113,5212,2,1,0.8711,421.66,735.30,412.35,125.74,417.00,713.50,392.00,165.00,0.7114,22.29,1,1,2.3084,ACCEPT,0,11604,3337,22960,4,240,5212,0,0,0,0
227,0,1,1,ACCEPT,9.7669,1.8179,3205,5,6,0.3816,486.11,758.83,412.35,125.74,445.00,727.00,426.00,176.00,0.5501,51.99,1,0,2.9440,ACCEPT,0,6305,2794,24112,4,240,3205,0,0,0,0
228,0,1,1,ACCEPT,11.9550,1.7920,4238,4,4,0.7319,537.67,774.52,428.85,130.77,435.00,725.50,404.00,183.00,0.3519,113.77,1,1,2.1821,ACCEPT,0,6601,2821,26477,4,240,4238,0,0,0,0
229,0,1,1,ACCEPT,16.7707,2.9737,5082,0,6,0.0146,537.67,799.08,428.85,130.77,425.00,733.00,382.00,204.00,0.2842,130.62,1,0,1.7465,LOW_CONF,0,5477,2171,28168,4,240,5082,0,0,0,0
230,0,1,1,ACCEPT,16.8657,2.1214,4805,-1,-1,0.8327,524.27,794.98,428.85,130.77,414.00,718.50,372.00,203.00,0.2489,134.20,1,0,2.3251,ACCEPT,0,4420,1577,23901,4,240,4805,0,0,0,0
231,0,1,1,ACCEPT,10.8961,1.0892,2345,-1,-3,0.3987,510.86,782.70,428.85,130.77,404.00,703.00,344.00,190.00,0.2281,133.31,1,-6,0.9276,MAX_STEP,0,3106,2367,23528,4,240,2345,0,0,0,0
232,0,1,1,ACCEPT,9.2069,1.1525,2343,-1,-1,0.8237,497.45,778.61,428.85,130.77,407.50,705.00,307.00,184.00,0.2608,116.23,1,0,2.5632,ACCEPT,0,3139,2302,22476,4,240,2343,0,0,0,0
233,0,1,1,ACCEPT,7.3252,1.0983,2548,-4,2,0.1499,443.83,786.80,428.85,130.77,418.00,719.00,254.00,174.00,0.2727,72.55,1,0,2.7515,ACCEPT,0,5567,3701,20885,4,240,2548,0,0,0,0
234,0,1,1,ACCEPT,7.2906,1.1272,2676,-1,4,0.6465,430.42,803.17,428.85,130.77,466.50,732.50,271.00,185.00,0.2862,79.35,1,3,1.6632,MAX_STEP,0,6135,4917,14720,4,240,2676,0,0,0,0
235,0,1,0,NEGATIVE_PEAK,-8.0967,1.2531,-2421,-6,7,0.0227,430.42,803.17,428.85,130.77,493.50,715.50,415.00,193.00,0.2431,108.01,0,0,0.0000,NOT_RUN,0,3881,4503,0,4,240,2421,0,0,0,0
236,0,1,0,NEGATIVE_PEAK,-7.7197,1.0554,-2323,-7,4,0.6083,430.42,803.17,428.85,130.77,492.50,699.00,453.00,200.00,0.1878,121.27,0,0,0.0000,NOT_RUN,0,4050,4367,0,4,240,2323,0,0,0,0
237,0,1,0,NEGATIVE_PEAK,-7.9934,1.0163,-2062,-6,4,0.3817,430.42,803.17,428.85,130.77,498.50,698.00,441.00,220.00,0.2023,125.28,0,0,0.0000,NOT_RUN,0,3328,3921,0,4,240,2062,0,0,0,0
238,0,1,1,ACCEPT,13.0923,1.2149,2058,-7,-8,0.1006,336.58,770.42,446.00,136.00,504.50,681.50,429.00,229.00,0.1887,190.01,1,1,2.1165,ACCEPT,0,2376,3305,17368,4,240,2058,0,0,0,0
239,0,1,1,ACCEPT,12.3620,1.1076,2347,0,-6,0.0021,336.58,744.92,446.00,136.00,504.00,650.00,414.00,228.00,0.1730,192.46,1,0,2.9557,ACCEPT,0,2500,2884,18759,4,240,2347,0,0,0,0
240,0,1,1,ACCEPT,10.3688,1.4019,2595,2,-2,0.4243,364.45,736.42,463.84,141.44,497.00,640.00,406.00,224.00,0.2000,163.91,1,1,2.7553,ACCEPT,0,3503,2916,18439,4,240,2595,0,0,0,0
