frame,occluded,evaluated,accept,reason,psr_bolme,psr_ratio,peak,dr_bin,dc_bin,resp00_over_peak,est_row,est_col,est_h,est_w,truth_row,truth_col,truth_h,truth_w,iou,centre_err,published,scale_idx,scale_conf,scale_reason,rails,accum_max,fch0_max,h_max,job,anchor,resp_max,rails_fch,rails_accum,rails_resp,rails_h
0,0,0,0,ZERO_RESPONSE,0.0000,0.0000,0,0,0,0.0000,37.50,213.50,37.00,61.00,37.50,213.50,37.00,61.00,1.0000,0.00,1,0,0.0000,NOT_RUN,0,0,14688,6318,0,0,0,0,0,0,0
1,0,1,1,ACCEPT,40.7768,8.9213,1927,1,0,0.7935,38.66,213.50,37.00,61.00,40.00,212.00,34.00,60.00,0.8756,2.01,1,0,3.1426,ACCEPT,0,797,12985,6787,0,0,1927,0,0,0,0
2,0,1,1,ACCEPT,25.4627,5.7712,1766,2,0,0.6274,40.97,213.50,37.00,61.00,40.50,211.50,33.00,63.00,0.8404,2.05,1,0,2.9739,ACCEPT,0,1076,11504,7518,0,0,1766,0,0,0,0
3,0,1,1,ACCEPT,25.4282,4.9372,1807,2,0,0.7233,43.28,213.50,37.00,61.00,42.00,210.50,34.00,63.00,0.8383,3.26,1,0,2.7500,ACCEPT,0,1078,9986,7915,0,0,1807,0,0,0,0
4,0,1,1,ACCEPT,26.6256,4.8966,1895,2,-1,0.6734,45.59,211.59,37.00,61.00,43.50,212.00,33.00,60.00,0.8726,2.13,1,0,2.9635,ACCEPT,0,1063,8659,8567,0,0,1895,0,0,0,0
5,0,1,1,ACCEPT,27.1724,5.4213,2033,0,0,1.0000,45.59,211.59,37.00,61.00,45.50,211.50,35.00,59.00,0.9149,0.13,1,0,2.9146,ACCEPT,0,1266,7901,8294,0,0,2033,0,0,0,0
6,0,1,1,ACCEPT,26.7934,5.3370,1932,2,0,0.7697,47.91,211.59,37.00,61.00,46.00,211.00,32.00,60.00,0.8482,2.00,1,0,2.7472,ACCEPT,0,1137,6928,8576,0,0,1932,0,0,0,0
7,0,1,1,ACCEPT,27.3310,4.8880,1877,2,-1,0.7938,50.22,209.69,37.00,61.00,45.50,210.50,33.00,61.00,0.7447,4.79,1,0,2.9785,ACCEPT,0,1217,5951,9281,0,0,1877,0,0,0,0
8,0,1,1,ACCEPT,26.5665,5.0389,1945,1,0,0.8946,51.38,209.69,37.00,61.00,48.00,209.50,32.00,63.00,0.7996,3.38,1,0,2.9677,ACCEPT,0,1354,5878,8621,0,0,1945,0,0,0,0
9,0,1,1,ACCEPT,27.0506,5.5833,1876,2,0,0.7671,53.69,209.69,37.00,61.00,50.00,210.00,30.00,62.00,0.7912,3.70,1,0,2.7761,ACCEPT,0,1186,5402,8688,0,0,1876,0,0,0,0
10,0,1,1,ACCEPT,25.3537,6.5556,1829,1,0,0.9820,54.84,209.69,37.00,61.00,51.00,209.00,30.00,60.00,0.7769,3.90,1,0,2.7634,ACCEPT,0,1038,5297,8905,0,0,1829,0,0,0,0
11,0,1,1,ACCEPT,22.9268,5.1348,1828,1,-1,0.9185,56.00,207.78,37.00,61.00,53.50,208.00,33.00,64.00,0.8307,2.51,1,0,2.9585,ACCEPT,0,1210,5441,9210,0,0,1828,0,0,0,0
12,0,1,1,ACCEPT,24.9104,5.7192,1996,1,0,0.9228,57.16,207.78,37.00,61.00,54.00,210.50,32.00,65.00,0.7720,4.17,1,0,2.9609,ACCEPT,0,1236,5347,9692,0,0,1996,0,0,0,0
13,0,1,1,ACCEPT,23.7626,4.6472,1989,1,0,0.8376,58.31,207.78,37.00,61.00,55.50,209.00,33.00,64.00,0.8162,3.07,1,0,2.9309,ACCEPT,0,1246,5420,10122,0,0,1989,0,0,0,0
14,0,1,1,ACCEPT,22.0867,3.7888,2099,1,0,0.8199,59.47,207.78,37.00,61.00,56.50,209.00,33.00,64.00,0.8090,3.21,1,0,2.9422,ACCEPT,0,1326,5408,10216,0,0,2099,0,0,0,0
15,0,1,1,ACCEPT,22.8287,3.6616,2164,2,0,0.6982,61.78,207.78,37.00,61.00,57.50,209.50,33.00,69.00,0.7044,4.61,1,0,2.7605,ACCEPT,0,1377,5245,10477,0,0,2164,0,0,0,0
16,0,1,1,ACCEPT,22.6735,3.7764,2145,0,0,1.0000,61.78,207.78,37.00,61.00,60.00,208.00,34.00,66.00,0.8415,1.79,1,0,2.7625,ACCEPT,0,1424,5035,11044,0,0,2145,0,0,0,0
17,0,1,1,ACCEPT,24.4031,5.0764,2457,1,0,0.8531,62.94,207.78,37.00,61.00,60.00,209.50,34.00,69.00,0.7591,3.40,1,0,2.6047,ACCEPT,0,1536,4890,11052,0,0,2457,0,0,0,0
18,0,1,1,ACCEPT,23.0385,4.3689,2333,1,0,0.8388,64.09,207.78,37.00,61.00,62.50,210.50,31.00,67.00,0.7740,3.15,1,0,2.5989,ACCEPT,0,1290,4834,10612,0,0,2333,0,0,0,0
19,0,1,1,ACCEPT,22.1647,3.9364,2228,1,0,0.8478,65.25,207.78,37.00,61.00,63.50,209.00,31.00,68.00,0.7643,2.13,1,0,2.6710,ACCEPT,0,1347,4650,11874,0,0,2228,0,0,0,0
20,0,1,1,ACCEPT,22.0068,3.6262,2270,1,0,0.8784,66.41,207.78,37.00,61.00,65.00,205.00,32.00,64.00,0.7982,3.12,1,0,2.6513,ACCEPT,0,1336,4597,11318,0,0,2270,0,0,0,0
21,0,1,1,ACCEPT,22.0142,3.7000,2072,1,0,0.8277,67.56,207.78,37.00,61.00,67.00,207.00,34.00,62.00,0.8974,0.96,1,0,2.6970,ACCEPT,0,1329,4378,11108,0,0,2072,0,0,0,0
22,0,1,1,ACCEPT,24.0680,4.5752,2068,1,0,0.9961,68.72,207.78,37.00,61.00,68.50,207.50,35.00,63.00,0.9175,0.36,1,0,2.7063,ACCEPT,0,1321,4352,10256,0,0,2068,0,0,0,0
23,0,1,1,ACCEPT,23.1715,3.9845,2060,1,-1,0.8927,69.88,205.88,37.00,61.00,70.00,207.50,36.00,65.00,0.9146,1.63,1,0,2.6818,ACCEPT,0,1694,4538,12080,0,0,2060,0,0,0,0
24,0,1,1,ACCEPT,23.5001,3.8175,2531,2,0,0.8250,72.19,205.88,38.48,63.44,70.50,208.50,33.00,65.00,0.7960,3.12,1,1,2.7244,ACCEPT,0,1762,4534,12445,0,0,2531,0,0,0,0
25,0,1,1,ACCEPT,25.9280,4.9421,2817,1,0,0.9333,73.39,205.88,38.48,63.44,72.50,208.00,37.00,64.00,0.8938,2.30,1,0,2.8293,ACCEPT,0,1821,4461,12003,0,0,2817,0,0,0,0
26,0,1,1,ACCEPT,24.8852,4.4776,2794,1,0,0.9492,74.59,205.88,38.48,63.44,73.00,209.50,36.00,67.00,0.8262,3.96,1,0,2.7538,ACCEPT,0,1831,4307,12175,0,0,2794,0,0,0,0
27,0,1,1,ACCEPT,24.2647,4.7482,2678,0,0,1.0000,74.59,205.88,38.48,63.44,74.00,209.00,36.00,70.00,0.8530,3.18,1,0,2.6070,ACCEPT,0,1753,4283,12030,0,0,2678,0,0,0,0
28,0,1,1,ACCEPT,25.7229,5.1293,2816,1,0,0.8917,75.80,205.88,38.48,63.44,75.50,208.50,33.00,69.00,0.7976,2.64,1,0,2.6520,ACCEPT,0,1699,4299,12170,0,0,2816,0,0,0,0
29,0,1,1,ACCEPT,27.1608,5.4356,3082,1,0,0.9215,77.00,205.88,38.48,63.44,75.50,208.50,33.00,67.00,0.7986,3.02,1,0,2.6617,ACCEPT,0,1885,4421,12694,0,0,3082,0,0,0,0
30,0,1,1,ACCEPT,25.7004,4.0727,3250,1,0,0.9548,78.20,205.88,38.48,63.44,76.00,208.00,32.00,68.00,0.7847,3.06,1,0,2.7834,ACCEPT,0,2223,4349,13172,0,0,3250,0,0,0,0
31,0,1,1,ACCEPT,26.2864,4.0644,3536,0,0,1.0000,78.20,205.88,38.48,63.44,76.50,207.50,33.00,67.00,0.8182,2.35,1,0,2.8182,ACCEPT,0,2326,4336,12889,0,0,3536,0,0,0,0
32,0,1,1,ACCEPT,25.0423,3.4450,3662,0,0,1.0000,78.20,205.88,38.48,63.44,75.50,206.00,33.00,70.00,0.7877,2.71,1,0,2.7147,ACCEPT,0,2449,4370,11907,0,0,3662,0,0,0,0
33,0,1,1,ACCEPT,22.8266,3.3288,3392,0,0,1.0000,78.20,205.88,38.48,63.44,76.00,207.00,32.00,72.00,0.7477,2.47,1,0,2.6575,ACCEPT,0,2472,4365,10635,0,0,3392,0,0,0,0
34,0,1,1,ACCEPT,20.0324,3.1063,3156,-1,0,0.9981,77.00,205.88,38.48,63.44,76.00,205.50,32.00,69.00,0.7751,1.07,1,0,2.7022,ACCEPT,0,2643,4533,10971,0,0,3156,0,0,0,0
35,0,1,1,ACCEPT,17.4078,3.1716,3530,0,-1,0.9705,77.00,203.89,38.48,63.44,75.50,204.50,37.00,67.00,0.8771,1.62,1,0,2.6818,ACCEPT,0,3577,4762,10060,0,0,3530,0,0,0,0
36,0,1,1,ACCEPT,18.0663,3.4148,3828,0,1,0.9992,77.00,205.88,38.48,63.44,77.50,204.50,35.00,67.00,0.8654,1.46,1,0,2.6569,ACCEPT,0,3533,4829,10321,0,0,3828,0,0,0,0
37,0,1,1,ACCEPT,17.9454,3.2759,3990,0,0,1.0000,77.00,205.88,38.48,63.44,77.00,205.50,34.00,67.00,0.8418,0.38,1,0,2.7565,ACCEPT,0,3775,4851,10738,0,0,3990,0,0,0,0
38,0,1,1,ACCEPT,17.7544,3.4721,4170,0,0,1.0000,77.00,205.88,38.48,63.44,76.00,206.50,34.00,69.00,0.8201,1.18,1,0,2.7009,ACCEPT,0,3777,4784,10734,0,0,4170,0,0,0,0
39,0,1,1,ACCEPT,18.0670,3.4050,4069,0,0,1.0000,77.00,205.88,38.48,63.44,76.00,209.50,34.00,73.00,0.7798,3.76,1,0,2.7396,ACCEPT,0,3584,4747,10854,0,0,4069,0,0,0,0
40,0,1,1,ACCEPT,17.8122,3.3387,3913,0,1,0.9824,77.00,207.86,38.48,63.44,74.50,208.50,35.00,71.00,0.7887,2.58,1,0,2.7323,ACCEPT,0,3484,4705,11170,0,0,3913,0,0,0,0
41,0,1,1,ACCEPT,16.4552,3.1567,3687,0,0,1.0000,77.00,207.86,38.48,63.44,74.50,209.50,35.00,71.00,0.7887,2.99,1,0,2.7558,ACCEPT,0,3315,4601,11542,0,0,3687,0,0,0,0
42,0,1,1,ACCEPT,16.3736,3.2246,3718,0,0,1.0000,77.00,207.86,38.48,63.44,75.50,207.50,35.00,67.00,0.8654,1.54,1,0,2.8059,ACCEPT,0,3238,4600,11305,0,0,3718,0,0,0,0
43,0,1,1,ACCEPT,17.5895,3.1687,3945,0,0,1.0000,77.00,207.86,38.48,63.44,75.50,212.00,35.00,74.00,0.7900,4.40,1,0,2.7839,ACCEPT,0,3232,4669,11486,0,0,3945,0,0,0,0
44,0,1,1,ACCEPT,16.5330,3.4160,3884,0,1,0.9804,77.00,209.84,38.48,63.44,75.00,211.50,36.00,71.00,0.8096,2.60,1,0,2.8428,ACCEPT,0,3314,4531,11144,0,0,3884,0,0,0,0
45,0,1,1,ACCEPT,18.6052,3.8590,4187,0,0,1.0000,77.00,209.84,38.48,63.44,74.50,213.00,35.00,70.00,0.7989,4.03,1,0,2.8205,ACCEPT,0,3296,4597,10788,0,0,4187,0,0,0,0
46,0,1,1,ACCEPT,18.0551,3.9887,3877,1,0,0.9928,78.20,209.84,38.48,63.44,75.50,212.00,35.00,68.00,0.8112,3.46,1,0,2.7345,ACCEPT,0,3342,4521,10633,0,0,3877,0,0,0,0
47,0,1,1,ACCEPT,17.0240,3.9146,3711,0,0,1.0000,78.20,209.84,38.48,63.44,75.50,209.50,37.00,63.00,0.8575,2.72,1,0,2.6634,ACCEPT,0,3054,4262,10602,0,0,3711,0,0,0,0
48,0,1,1,ACCEPT,18.4052,3.9461,3512,0,1,0.9112,78.20,211.83,38.48,63.44,75.50,211.50,37.00,65.00,0.8473,2.72,1,0,2.7097,ACCEPT,0,2746,4321,10809,0,0,3512,0,0,0,0
49,0,1,1,ACCEPT,17.6910,4.1076,3397,0,0,1.0000,78.20,211.83,38.48,63.44,75.50,213.50,37.00,65.00,0.8255,3.18,1,0,2.7662,ACCEPT,0,2757,4248,10547,0,0,3397,0,0,0,0
50,0,1,1,ACCEPT,17.3658,3.6587,3227,0,1,0.9786,78.20,213.81,38.48,63.44,75.50,212.00,35.00,60.00,0.8149,3.25,1,0,2.7744,ACCEPT,0,2721,4187,11123,0,0,3227,0,0,0,0
51,0,1,1,ACCEPT,18.5213,3.9135,3393,0,0,1.0000,78.20,213.81,38.48,63.44,75.50,212.50,37.00,61.00,0.8322,3.00,1,0,2.7918,ACCEPT,0,2712,4125,10777,0,0,3393,0,0,0,0
52,0,1,1,ACCEPT,18.7932,3.8611,3224,0,1,0.9730,78.20,215.80,38.48,63.44,75.50,214.00,37.00,62.00,0.8208,3.25,1,0,2.6936,ACCEPT,0,2600,4242,11304,0,0,3224,0,0,0,0
53,0,1,1,ACCEPT,19.3946,3.9907,3428,-1,0,0.9837,77.00,215.80,38.48,63.44,75.50,215.00,39.00,60.00,0.8773,1.70,1,0,2.8641,ACCEPT,0,2643,4292,11195,0,0,3428,0,0,0,0
54,0,1,1,ACCEPT,20.3095,3.9507,3603,0,1,0.9284,77.00,217.78,38.48,63.44,73.00,219.00,40.00,60.00,0.7754,4.18,1,0,2.7033,ACCEPT,0,2586,4152,12076,0,0,3603,0,0,0,0
55,0,1,1,ACCEPT,18.0811,3.4840,3261,-1,0,0.9304,75.80,217.78,38.48,63.44,73.00,218.00,42.00,60.00,0.8276,2.81,1,0,2.6714,ACCEPT,0,2672,4180,12400,0,0,3261,0,0,0,0
56,0,1,1,ACCEPT,17.7693,3.3486,3218,-1,1,0.8745,74.59,219.77,38.48,63.44,72.50,220.50,43.00,61.00,0.8640,2.22,1,0,2.7996,ACCEPT,0,2647,4273,13232,0,0,3218,0,0,0,0
57,0,1,1,ACCEPT,17.4480,3.3544,3284,-1,1,0.8959,73.39,221.75,38.48,63.44,72.50,222.00,43.00,60.00,0.8512,0.93,1,0,2.8655,ACCEPT,0,2738,4213,13395,0,0,3284,0,0,0,0
58,0,1,1,ACCEPT,17.4770,3.6430,3133,0,1,0.9518,73.39,223.73,38.48,63.44,73.00,224.50,40.00,59.00,0.8971,0.86,1,0,2.7299,ACCEPT,0,2730,4256,12863,0,0,3133,0,0,0,0
59,0,1,1,ACCEPT,13.7060,2.6035,2502,0,0,1.0000,73.39,223.73,38.48,63.44,72.50,221.50,39.00,51.00,0.7722,2.41,1,0,2.6833,ACCEPT,0,2562,3724,14033,0,0,2502,0,0,0,0
60,0,1,1,ACCEPT,14.6418,2.4587,2589,-1,1,0.8567,72.19,225.72,38.48,63.44,71.50,222.50,39.00,49.00,0.7495,3.29,1,0,2.7223,ACCEPT,0,2549,3839,14111,0,0,2589,0,0,0,0
61,0,1,1,ACCEPT,15.8677,2.7646,2690,-1,1,0.8699,70.98,227.70,38.48,63.44,71.00,223.50,38.00,49.00,0.7627,4.20,1,0,2.8509,ACCEPT,0,2519,3807,14487,0,0,2690,0,0,0,0
62,0,1,1,ACCEPT,15.8540,2.9385,2677,-1,0,0.9462,69.78,227.70,38.48,63.44,70.00,224.50,40.00,49.00,0.7495,3.21,1,0,2.9022,ACCEPT,0,2522,3732,15025,0,0,2677,0,0,0,0
63,0,1,1,ACCEPT,17.0632,3.3167,2985,-1,1,0.9028,68.58,229.69,37.00,61.00,69.00,226.50,40.00,49.00,0.7542,3.22,1,-1,2.8107,ACCEPT,0,2662,3977,14601,0,0,2985,0,0,0,0
64,0,1,1,ACCEPT,15.5991,3.3787,2659,0,0,1.0000,68.58,229.69,37.00,61.00,68.50,228.00,43.00,52.00,0.7489,1.69,1,0,2.8711,ACCEPT,0,2665,4122,13879,0,0,2659,0,0,0,0
65,0,1,1,ACCEPT,15.9508,3.1952,2684,0,1,0.9903,68.58,231.59,37.00,61.00,68.50,228.50,43.00,51.00,0.7362,3.09,1,0,3.0249,ACCEPT,0,2852,3907,14112,0,0,2684,0,0,0,0
66,0,1,1,ACCEPT,15.7679,3.3135,2621,0,0,1.0000,68.58,231.59,37.00,61.00,68.50,228.00,43.00,50.00,0.7235,3.59,1,0,3.0715,ACCEPT,0,2657,3801,14438,0,0,2621,0,0,0,0
67,0,1,1,ACCEPT,17.0462,3.8217,2958,0,0,1.0000,68.58,231.59,37.00,61.00,69.00,227.00,44.00,46.00,0.6599,4.61,1,0,3.0329,ACCEPT,0,2771,3951,13960,0,0,2958,0,0,0,0
68,0,1,1,ACCEPT,16.2358,3.4540,2853,0,0,1.0000,68.58,231.59,37.00,61.00,68.50,230.00,45.00,50.00,0.6963,1.60,1,0,3.0058,ACCEPT,0,2925,4026,13286,0,0,2853,0,0,0,0
69,0,1,1,ACCEPT,14.8986,3.0091,2639,-1,1,0.9841,67.42,233.50,37.00,61.00,68.50,229.00,41.00,50.00,0.7530,4.63,1,0,2.6402,ACCEPT,0,2734,4064,13119,0,0,2639,0,0,0,0
70,0,1,1,ACCEPT,15.5052,2.9538,2812,1,0,0.8570,68.58,233.50,37.00,61.00,68.50,227.50,41.00,47.00,0.7112,6.00,1,0,2.6057,ACCEPT,0,2914,3968,12917,0,0,2812,0,0,0,0
71,0,1,1,ACCEPT,15.2809,2.7507,2792,0,0,1.0000,68.58,233.50,37.00,61.00,68.50,228.00,45.00,44.00,0.6240,5.50,1,0,2.3550,ACCEPT,0,2489,3555,13220,0,0,2792,0,0,0,0
72,0,1,1,ACCEPT,16.5181,3.1354,2963,0,0,1.0000,68.58,233.50,38.48,63.44,69.00,227.00,44.00,40.00,0.5782,6.51,1,1,2.2319,ACCEPT,0,2558,3629,11929,0,0,2963,0,0,0,0
73,0,1,1,ACCEPT,17.2671,3.3444,3030,-1,1,0.9838,67.38,235.48,40.02,65.98,68.00,229.00,42.00,42.00,0.6171,6.51,1,1,2.4011,ACCEPT,0,2928,3499,12893,0,0,3030,0,0,0,0
74,0,1,1,ACCEPT,17.9355,3.2572,3166,1,1,0.7385,68.62,237.55,40.02,65.98,70.00,230.50,42.00,43.00,0.6215,7.18,1,0,2.7062,ACCEPT,0,3090,3354,12725,0,0,3166,0,0,0,0
75,0,1,1,ACCEPT,16.4278,3.1331,2989,0,0,1.0000,68.62,237.55,40.02,65.98,70.00,230.00,42.00,40.00,0.5797,7.67,1,0,2.8011,ACCEPT,0,3124,3206,13454,0,0,2989,0,0,0,0
76,0,1,1,ACCEPT,17.3015,3.1005,2961,0,0,1.0000,68.62,237.55,40.02,65.98,69.50,229.50,43.00,39.00,0.5662,8.09,1,0,2.6302,ACCEPT,0,2955,3238,14540,0,0,2961,0,0,0,0
77,0,1,1,ACCEPT,18.0906,3.1894,3250,0,1,0.9511,68.62,239.61,40.02,65.98,70.50,230.00,39.00,38.00,0.5312,9.79,1,0,2.8457,ACCEPT,0,3109,3161,13971,0,0,3250,0,0,0,0
78,0,1,1,ACCEPT,20.0795,3.6842,3301,0,0,1.0000,68.62,239.61,40.02,65.98,71.00,231.00,38.00,38.00,0.5171,8.93,1,0,2.7906,ACCEPT,0,2853,3112,13345,0,0,3301,0,0,0,0
79,0,1,1,ACCEPT,20.4659,3.4961,3115,0,0,1.0000,68.62,239.61,40.02,65.98,71.00,230.50,38.00,35.00,0.4770,9.41,1,0,2.6316,ACCEPT,0,2696,3141,12304,0,0,3115,0,0,0,0
80,0,1,1,ACCEPT,22.3573,3.8738,3254,0,1,0.8949,68.62,241.67,40.02,65.98,70.50,231.50,39.00,35.00,0.4900,10.34,1,0,2.8653,ACCEPT,0,2654,3126,12282,0,0,3254,0,0,0,0
81,0,1,1,ACCEPT,21.5854,4.0913,3138,0,0,1.0000,68.62,241.67,40.02,65.98,70.50,232.50,39.00,35.00,0.4900,9.36,1,0,2.5944,ACCEPT,0,2636,3061,11601,0,0,3138,0,0,0,0
82,0,1,1,ACCEPT,23.3113,4.4359,3287,0,1,0.8707,68.62,243.73,40.02,65.98,69.50,233.50,41.00,35.00,0.5160,10.27,1,0,2.7700,ACCEPT,0,2694,3179,11149,0,0,3287,0,0,0,0
83,0,1,1,ACCEPT,21.8115,4.2099,3069,-1,1,0.9407,67.38,245.80,40.02,65.98,70.00,234.00,40.00,36.00,0.4922,12.09,1,0,2.8165,ACCEPT,0,2461,3086,11002,0,0,3069,0,0,0,0
84,0,1,1,ACCEPT,22.9002,4.7358,2922,1,0,0.9168,68.62,245.80,40.02,65.98,69.00,236.00,42.00,36.00,0.5313,9.80,1,0,2.8588,ACCEPT,0,2305,2970,10054,0,0,2922,0,0,0,0
85,0,1,1,ACCEPT,23.9573,4.9541,2913,-1,1,0.8363,67.38,247.86,40.02,65.98,68.50,237.00,41.00,36.00,0.5254,10.92,1,0,2.8688,ACCEPT,0,2129,3109,10634,0,0,2913,0,0,0,0
86,0,1,1,ACCEPT,24.2601,4.5835,3048,0,1,0.9688,67.38,249.92,40.02,65.98,69.50,239.00,39.00,36.00,0.4987,11.13,1,0,3.0272,ACCEPT,0,2173,2919,10808,0,0,3048,0,0,0,0
87,0,1,1,ACCEPT,24.3926,4.6431,3083,0,0,1.0000,67.38,249.92,40.02,65.98,69.50,240.00,39.00,36.00,0.4987,10.15,1,0,2.9240,ACCEPT,0,2114,2921,11604,0,0,3083,0,0,0,0
88,0,1,1,ACCEPT,22.9638,4.6632,3129,0,1,0.9859,67.38,251.98,40.02,65.98,68.00,241.00,42.00,36.00,0.5313,11.00,1,0,3.1140,ACCEPT,0,2140,2974,11579,0,0,3129,0,0,0,0
89,0,1,1,ACCEPT,17.6865,3.3251,2690,-1,0,0.9911,66.12,251.98,40.02,65.98,68.50,241.00,41.00,32.00,0.4467,11.24,1,0,3.0556,ACCEPT,0,2119,2811,13447,0,0,2690,0,0,0,0
90,0,1,1,ACCEPT,16.8316,2.9056,2740,0,0,1.0000,66.12,251.98,40.02,65.98,68.00,241.50,40.00,33.00,0.4658,10.65,1,0,3.0793,ACCEPT,0,2324,2724,16133,0,0,2740,0,0,0,0
91,0,1,1,ACCEPT,15.3392,2.5398,2875,0,0,1.0000,66.12,251.98,40.02,65.98,68.00,243.00,40.00,36.00,0.5070,9.18,1,0,3.0657,ACCEPT,0,2665,2655,17284,0,0,2875,0,0,0,0
92,0,1,1,ACCEPT,13.7354,2.6673,3022,0,0,1.0000,66.12,251.98,40.02,65.98,67.00,241.50,42.00,37.00,0.5457,10.52,1,0,3.0986,ACCEPT,0,3061,2671,15172,0,0,3022,0,0,0,0
93,0,1,1,ACCEPT,14.9472,3.3351,3205,-1,1,0.9042,64.88,254.05,40.02,65.98,65.50,240.00,43.00,34.00,0.4963,14.06,1,0,2.9506,ACCEPT,0,2881,2298,14628,0,0,3205,0,0,0,0
94,0,1,1,ACCEPT,17.2103,3.7164,3564,-1,0,0.8903,63.62,254.05,40.02,65.98,64.00,240.00,44.00,32.00,0.4627,14.05,1,0,3.0091,ACCEPT,0,3015,1970,17630,0,0,3564,0,0,0,0
95,0,1,1,ACCEPT,16.8058,3.5206,3253,-1,0,0.9585,62.38,254.05,40.02,65.98,63.50,241.00,43.00,32.00,0.4681,13.10,1,0,2.9831,ACCEPT,0,3118,1927,16503,0,0,3253,0,0,0,0
96,0,1,1,ACCEPT,17.8956,3.3813,3104,0,0,1.0000,62.38,254.05,40.02,65.98,63.50,241.00,41.00,32.00,0.4682,13.10,1,0,3.0405,ACCEPT,0,2814,1856,17888,0,0,3104,0,0,0,0
97,0,1,1,ACCEPT,18.7871,3.6638,3400,-1,0,0.9429,61.12,254.05,40.02,65.98,63.00,241.50,40.00,35.00,0.4933,12.69,1,0,2.9891,ACCEPT,0,3052,1891,17772,0,0,3400,0,0,0,0
98,0,1,1,ACCEPT,18.9267,3.7494,3322,-1,-1,0.9621,59.88,251.98,40.02,65.98,61.50,240.50,41.00,37.00,0.5292,11.60,1,0,3.0254,ACCEPT,0,2961,1862,19205,0,0,3322,0,0,0,0
99,0,1,1,ACCEPT,20.0734,3.7605,3595,-1,0,0.9602,58.62,251.98,40.02,65.98,60.50,240.00,43.00,40.00,0.5713,12.13,1,0,2.9789,ACCEPT,0,2989,1933,18941,0,0,3595,0,0,0,0
100,0,1,1,ACCEPT,19.5564,3.8452,3503,-1,0,0.9486,57.38,251.98,40.02,65.98,60.50,239.00,41.00,44.00,0.5464,13.36,1,0,2.9484,ACCEPT,0,2963,1852,20581,0,0,3503,0,0,0,0
101,0,1,1,ACCEPT,18.6052,3.6285,3545,0,-1,0.9487,57.38,249.92,40.02,65.98,59.00,239.00,42.00,38.00,0.5463,11.04,1,0,3.0315,ACCEPT,0,3094,1793,20832,0,0,3545,0,0,0,0
102,0,1,1,ACCEPT,18.6142,3.9146,3758,-2,0,0.7241,54.88,249.92,40.02,65.98,57.00,240.00,44.00,40.00,0.5688,10.15,1,0,3.0048,ACCEPT,0,3275,1716,23259,0,0,3758,0,0,0,0
103,0,1,1,ACCEPT,18.5741,3.7151,3834,-2,-1,0.7021,52.38,247.86,40.02,65.98,56.50,238.00,41.00,36.00,0.4667,10.69,1,0,3.1302,ACCEPT,0,3222,1795,22916,0,0,3834,0,0,0,0
104,0,1,1,ACCEPT,16.0889,3.0960,3353,-1,-1,0.8780,51.12,245.80,40.02,65.98,54.50,238.00,39.00,40.00,0.5246,8.50,1,0,3.1344,ACCEPT,0,2988,1892,21664,0,0,3353,0,0,0,0
105,0,1,1,ACCEPT,13.1663,3.1067,2678,-1,-1,0.8226,49.88,243.73,40.02,65.98,49.50,235.00,37.00,34.00,0.4764,8.74,1,0,3.1383,ACCEPT,0,2793,2060,18331,0,0,2678,0,0,0,0
106,0,1,1,ACCEPT,11.8347,2.4850,2147,-2,0,0.8435,47.38,243.73,40.02,65.98,48.00,233.00,36.00,34.00,0.4636,10.75,1,0,3.2657,ACCEPT,0,2445,1731,19862,0,0,2147,0,0,0,0
107,0,1,1,ACCEPT,10.6219,1.9023,1752,-2,0,0.9401,44.88,243.73,40.02,65.98,50.00,230.00,42.00,30.00,0.3812,14.66,1,0,3.2471,ACCEPT,0,2439,1796,21749,0,0,1752,0,0,0,0
108,0,1,1,ACCEPT,11.4437,2.1751,1901,-1,-1,0.9348,43.62,241.67,40.02,65.98,48.00,230.50,42.00,29.00,0.3800,12.00,1,0,3.1393,ACCEPT,0,2482,1817,20540,0,0,1901,0,0,0,0
109,0,1,1,ACCEPT,13.0072,2.4508,2044,-1,0,0.9119,42.38,241.67,40.02,65.98,47.00,227.00,42.00,24.00,0.3147,15.38,1,0,3.0927,ACCEPT,0,2263,1833,21064,0,0,2044,0,0,0,0
110,0,1,1,ACCEPT,14.1297,3.1751,2248,-1,0,0.9533,41.12,241.67,40.02,65.98,45.50,227.50,41.00,25.00,0.3271,14.83,1,0,3.1658,ACCEPT,0,2252,1746,20543,0,0,2248,0,0,0,0
111,0,1,1,ACCEPT,13.8825,3.1940,2124,-1,0,0.8691,39.88,241.67,40.02,65.98,44.50,227.00,43.00,26.00,0.3426,15.38,1,0,3.2694,ACCEPT,0,2067,1702,19822,0,0,2124,0,0,0,0
112,0,1,1,ACCEPT,14.1200,3.4851,2227,-2,0,0.7575,37.38,241.67,40.02,65.98,43.00,225.50,42.00,23.00,0.2914,17.12,1,0,3.3772,ACCEPT,0,2277,1689,19344,0,0,2227,0,0,0,0
113,0,1,1,ACCEPT,14.6347,2.7433,2266,0,0,1.0000,37.38,241.67,40.02,65.98,37.50,227.00,51.00,24.00,0.3307,14.67,1,0,3.3996,ACCEPT,0,2155,1683,19923,0,0,2266,0,0,0,0
114,0,1,1,ACCEPT,15.6881,2.6510,2712,-1,0,0.9510,36.12,241.67,40.02,65.98,35.50,227.00,45.00,26.00,0.3756,14.69,1,0,3.3739,ACCEPT,0,2508,1754,20038,0,0,2712,0,0,0,0
115,0,1,1,ACCEPT,15.8487,2.6155,2911,-1,0,0.8866,34.88,241.67,40.02,65.98,35.00,226.00,52.00,22.00,0.3032,15.67,1,0,3.3856,ACCEPT,0,2464,1700,19056,0,0,2911,0,0,0,0
116,0,1,1,ACCEPT,15.5561,2.6218,2593,-2,0,0.8245,32.38,241.67,40.02,65.98,33.50,224.50,51.00,19.00,0.2669,17.21,1,0,3.4149,ACCEPT,0,2275,1777,17387,0,0,2593,0,0,0,0
117,0,1,1,ACCEPT,17.2064,3.3205,2414,0,0,1.0000,32.38,241.67,40.02,65.98,32.50,224.00,49.00,20.00,0.2838,17.67,1,0,3.2908,ACCEPT,0,2046,1843,16048,0,0,2414,0,0,0,0
118,0,1,1,ACCEPT,16.0835,3.2623,2189,-1,0,0.8392,31.12,241.67,40.02,65.98,28.00,222.00,52.00,14.00,0.1995,19.92,1,0,3.1980,ACCEPT,0,2141,1868,16722,0,0,2189,0,0,0,0
119,0,1,1,ACCEPT,14.0820,2.9922,1927,-2,0,0.8007,28.62,241.67,40.02,65.98,31.00,222.50,48.00,15.00,0.2175,19.32,1,0,3.1739,ACCEPT,0,2133,1731,15857,0,0,1927,0,0,0,0
120,0,1,1,ACCEPT,14.4476,2.8795,1768,-1,0,0.8671,27.38,241.67,40.02,65.98,28.50,223.50,51.00,13.00,0.1869,18.21,1,0,3.1386,ACCEPT,0,1894,1744,16572,0,0,1768,0,0,0,0
121,0,1,1,ACCEPT,14.8987,2.8622,1952,-1,0,0.9068,26.12,241.67,40.02,65.98,28.00,223.50,52.00,13.00,0.1861,18.27,1,0,3.0508,ACCEPT,0,2026,1831,16884,0,0,1952,0,0,0,0
122,0,1,1,ACCEPT,14.7519,2.8729,2034,-1,1,0.8520,24.88,243.73,40.02,65.98,30.00,222.00,48.00,14.00,0.1967,22.33,1,0,3.2183,ACCEPT,0,2150,1875,16846,0,0,2034,0,0,0,0
123,0,1,1,ACCEPT,13.9102,2.8338,1995,-2,0,0.7769,22.38,243.73,40.02,65.98,30.00,224.00,44.00,12.00,0.1497,21.16,1,0,3.2321,ACCEPT,0,2253,1890,16364,0,0,1995,0,0,0,0
124,0,1,1,ACCEPT,13.0085,2.7843,1665,-1,0,0.9249,21.12,243.73,40.02,65.98,28.50,225.00,43.00,12.00,0.1491,20.13,1,0,3.0852,ACCEPT,0,2080,2000,15326,0,0,1665,0,0,0,0
125,0,1,1,ACCEPT,12.7753,2.5448,1649,-2,1,0.7216,18.62,245.80,40.02,65.98,29.50,226.00,41.00,14.00,0.1482,22.59,1,0,3.2153,ACCEPT,0,2065,2078,15485,0,0,1649,0,0,0,0
126,0,1,1,ACCEPT,12.9579,2.8110,1636,-1,0,0.8331,17.38,245.80,40.02,65.98,28.00,226.50,44.00,13.00,0.1455,22.03,1,0,3.1692,ACCEPT,0,2282,2105,14264,0,0,1636,0,0,0,0
127,0,1,1,ACCEPT,12.0317,3.0022,1354,-1,1,0.9232,16.12,247.86,40.02,65.98,29.00,228.00,42.00,14.00,0.1390,23.67,1,0,3.1464,ACCEPT,0,2042,2148,13879,0,0,1354,0,0,0,0
128,0,1,1,ACCEPT,11.0338,3.0109,1385,-1,0,0.9018,14.88,247.86,40.02,65.98,26.50,229.50,41.00,13.00,0.1342,21.73,1,0,3.1939,ACCEPT,0,2176,2234,14529,0,0,1385,0,0,0,0
129,0,1,1,ACCEPT,10.6433,2.4085,1474,-1,0,0.8474,13.62,247.86,40.02,65.98,27.00,231.00,40.00,18.00,0.1664,21.52,1,0,3.0519,ACCEPT,0,2269,2190,14377,0,0,1474,0,0,0,0
130,0,1,1,ACCEPT,12.2431,2.9295,1746,-1,1,0.8293,12.38,249.92,40.02,65.98,26.50,232.50,45.00,15.00,0.1473,22.43,1,0,3.1883,ACCEPT,0,2439,2342,13550,0,0,1746,0,0,0,0
131,0,1,1,ACCEPT,11.8850,2.7153,1526,-1,0,0.9928,11.12,249.92,40.02,65.98,29.00,234.00,42.00,14.00,0.1115,23.94,1,0,3.0538,ACCEPT,0,2242,2589,12256,0,0,1526,0,0,0,0
132,0,1,1,ACCEPT,11.7959,2.3748,1337,0,1,0.9432,11.12,251.98,40.02,65.98,29.00,235.00,44.00,14.00,0.1158,24.66,1,0,3.0987,ACCEPT,0,1979,2378,13082,0,0,1337,0,0,0,0
133,0,1,1,ACCEPT,10.7835,2.1467,1273,-1,1,0.9356,9.88,254.05,40.02,65.98,28.00,241.00,48.00,20.00,0.1679,22.33,1,0,2.9809,ACCEPT,0,2026,2532,11533,0,0,1273,0,0,0,0
134,0,1,1,ACCEPT,11.3100,2.4286,1292,0,0,1.0000,9.88,254.05,40.02,65.98,28.00,243.00,48.00,22.00,0.1821,21.23,1,0,3.1662,ACCEPT,0,1867,2540,13203,0,0,1292,0,0,0,0
135,0,1,1,ACCEPT,9.4901,2.0116,1213,-1,1,0.9101,8.62,256.11,40.02,65.98,32.00,240.00,46.00,14.00,0.0913,28.39,1,0,2.9504,ACCEPT,0,2122,2462,11331,0,0,1213,0,0,0,0
136,0,1,1,ACCEPT,10.9978,2.3835,982,-1,0,0.9898,7.38,256.11,40.02,65.98,33.50,240.50,45.00,11.00,0.0610,30.43,1,0,3.0403,ACCEPT,0,1735,2782,8903,0,0,982,0,0,0,0
137,0,1,1,ACCEPT,12.8750,2.3879,831,1,1,0.9049,8.62,258.17,40.02,65.98,36.50,241.00,45.00,14.00,0.0668,32.74,1,0,2.8330,ACCEPT,0,1320,2729,8171,0,0,831,0,0,0,0
138,0,1,1,ACCEPT,14.3711,2.8716,850,-1,0,0.8706,7.38,258.17,40.02,65.98,39.00,242.50,46.00,13.00,0.0479,35.30,1,0,3.0143,ACCEPT,0,1305,2956,8254,0,0,850,0,0,0,0
139,0,1,1,ACCEPT,15.2122,3.6123,820,0,1,0.9207,7.38,260.23,40.02,65.98,42.50,244.00,53.00,12.00,0.0435,38.70,1,0,2.9314,ACCEPT,0,1185,2693,9584,0,0,820,0,0,0,0
140,0,1,1,ACCEPT,15.6599,4.1781,915,0,1,0.9934,7.38,262.30,40.02,65.98,43.50,246.50,51.00,11.00,0.0333,39.43,1,0,2.6786,ACCEPT,0,1372,2802,9087,0,0,915,0,0,0,0
141,0,1,1,ACCEPT,15.7253,4.3413,903,0,0,1.0000,7.38,262.30,40.02,65.98,45.00,247.00,52.00,14.00,0.0361,40.62,1,0,2.9575,ACCEPT,0,1273,3068,8519,0,0,903,0,0,0,0
142,0,1,1,ACCEPT,16.7800,4.1164,955,-1,1,0.9037,6.12,264.36,40.02,65.98,42.50,250.00,71.00,14.00,0.0796,39.11,1,0,2.8194,ACCEPT,0,1254,3101,9783,0,0,955,0,0,0,0
143,0,1,1,ACCEPT,11.7506,2.9819,826,0,1,0.9915,6.12,266.42,38.48,63.44,49.50,251.00,81.00,14.00,0.0685,46.04,1,-1,2.7202,ACCEPT,0,1332,2583,11984,0,0,826,0,0,0,0
144,0,1,1,ACCEPT,11.7060,3.0193,782,0,0,1.0000,6.12,266.42,38.48,63.44,50.00,250.50,84.00,13.00,0.0683,46.67,1,0,2.9550,ACCEPT,0,1343,2512,11081,0,0,782,0,0,0,0
145,0,1,1,ACCEPT,12.4146,3.3591,739,-1,0,0.9824,4.92,266.42,38.48,63.44,53.00,251.50,88.00,13.00,0.0582,50.34,1,0,2.8045,ACCEPT,0,1222,2517,11671,0,0,739,0,0,0,0
146,0,1,1,ACCEPT,13.7662,2.7955,861,0,1,0.9942,4.92,268.41,38.48,63.44,55.50,252.50,93.00,13.00,0.0571,53.02,1,0,2.9206,ACCEPT,0,1222,2393,10433,0,0,861,0,0,0,0
147,0,1,1,ACCEPT,14.5477,3.4094,866,-1,0,0.9365,3.72,268.41,38.48,63.44,63.00,253.50,90.00,15.00,0.0200,61.13,1,0,2.9017,ACCEPT,0,1120,2308,11677,0,0,866,0,0,0,0
148,0,1,1,ACCEPT,13.6252,3.2392,826,0,1,0.9879,3.72,270.39,38.48,63.44,65.00,253.00,96.00,14.00,0.0225,63.70,1,0,2.8493,ACCEPT,0,1112,2455,9928,0,0,826,0,0,0,0
149,0,1,1,ACCEPT,15.1958,3.2946,794,-1,0,0.9786,2.52,270.39,38.48,63.44,70.00,254.00,96.00,14.00,0.0000,69.45,1,0,2.9060,ACCEPT,0,974,2423,10111,0,0,794,0,0,0,0
150,0,1,1,ACCEPT,15.0902,3.7811,760,-1,0,0.9303,1.31,270.39,38.48,63.44,75.00,253.50,100.00,13.00,0.0000,75.60,1,0,2.9257,ACCEPT,0,936,2509,9527,0,0,760,0,0,0,0
151,0,1,1,ACCEPT,15.0930,3.0248,732,0,0,1.0000,1.31,270.39,38.48,63.44,73.00,252.50,100.00,13.00,0.0000,73.89,1,0,2.9962,ACCEPT,0,880,2584,9626,0,0,732,0,0,0,0
152,0,1,1,ACCEPT,16.2170,3.9052,824,-1,0,0.8811,0.11,270.39,38.48,63.44,74.50,253.50,107.00,13.00,0.0000,76.28,1,0,2.9929,ACCEPT,0,901,2582,10877,0,0,824,0,0,0,0
153,0,1,1,ACCEPT,16.7725,3.8219,944,-1,0,0.8549,-1.09,270.39,38.48,63.44,85.00,253.00,102.00,16.00,0.0000,87.83,1,0,2.9718,ACCEPT,0,971,2476,11970,0,0,944,0,0,0,0
154,0,1,1,ACCEPT,16.8988,3.5352,1004,-2,0,0.7580,-3.50,270.39,38.48,63.44,84.00,252.50,100.00,13.00,0.0000,89.31,1,0,2.9487,ACCEPT,0,967,2422,13813,0,0,1004,0,0,0,0
155,0,1,1,ACCEPT,13.1751,2.6645,818,0,0,1.0000,-3.50,270.39,38.48,63.44,98.50,252.00,87.00,12.00,0.0000,103.64,1,0,2.9704,ACCEPT,0,1046,2358,11695,0,0,818,0,0,0,0
156,0,1,1,ACCEPT,16.0544,3.2582,795,-1,0,0.8101,-4.70,270.39,38.48,63.44,97.00,252.00,92.00,14.00,0.0000,103.35,1,0,2.9719,ACCEPT,0,914,2524,12311,0,0,795,0,0,0,0
157,0,1,1,ACCEPT,18.5248,4.3384,859,-1,0,0.8894,-5.91,270.39,38.48,63.44,112.50,251.50,71.00,17.00,0.0000,119.90,1,0,2.8881,ACCEPT,0,940,2584,12304,0,0,859,0,0,0,0
158,0,1,1,ACCEPT,18.3225,4.1626,845,-1,0,0.9361,-7.11,270.39,38.48,63.44,112.00,253.00,76.00,18.00,0.0000,120.37,1,0,2.7793,ACCEPT,0,930,2604,12049,0,0,845,0,0,0,0
159,0,1,1,ACCEPT,18.2131,3.3083,837,0,0,1.0000,-7.11,270.39,38.48,63.44,116.50,253.00,61.00,18.00,0.0000,124.83,1,0,2.7180,ACCEPT,0,897,2493,12214,0,0,837,0,0,0,0
160,0,1,1,ACCEPT,19.7114,4.2772,864,0,0,1.0000,-7.11,270.39,38.48,63.44,121.00,253.00,70.00,18.00,0.0000,129.28,1,0,2.6755,ACCEPT,0,872,2522,12454,0,0,864,0,0,0,0
161,0,1,1,ACCEPT,19.4717,4.0917,892,0,0,1.0000,-7.11,270.39,38.48,63.44,124.00,251.50,76.00,19.00,0.0000,132.46,1,0,2.6331,ACCEPT,0,890,2619,11874,0,0,892,0,0,0,0
162,0,1,1,ACCEPT,18.6597,4.4536,815,0,0,1.0000,-7.11,270.39,38.48,63.44,131.50,252.00,59.00,16.00,0.0000,139.82,1,0,2.5573,ACCEPT,0,867,2689,11323,0,0,815,0,0,0,0
163,0,1,1,ACCEPT,18.1839,4.3333,780,0,-1,0.9821,-7.11,268.41,38.48,63.44,133.00,251.50,58.00,17.00,0.0000,141.13,1,0,2.7032,ACCEPT,0,822,2594,10975,0,0,780,0,0,0,0
164,0,1,1,ACCEPT,17.9568,4.3804,714,0,0,1.0000,-7.11,268.41,38.48,63.44,139.50,251.50,63.00,13.00,0.0000,147.58,1,0,2.6503,ACCEPT,0,743,2635,10416,0,0,714,0,0,0,0
165,0,1,1,ACCEPT,17.4240,3.8152,702,1,-1,0.9387,-5.91,266.42,38.48,63.44,139.50,250.00,65.00,12.00,0.0000,146.33,1,0,2.8863,ACCEPT,0,788,2613,11393,0,0,702,0,0,0,0
166,0,1,1,ACCEPT,18.1591,3.5665,831,0,0,1.0000,-5.91,266.42,38.48,63.44,145.00,251.00,66.00,16.00,0.0000,151.69,1,0,2.8847,ACCEPT,0,958,2472,11626,0,0,831,0,0,0,0
167,0,1,1,ACCEPT,17.1806,3.2470,802,1,-1,0.8030,-4.70,264.44,38.48,63.44,144.00,249.50,72.00,19.00,0.0000,149.45,1,0,3.3428,ACCEPT,0,927,2729,12950,0,0,802,0,0,0,0
168,0,1,1,ACCEPT,17.6114,3.2559,967,0,-1,0.9866,-4.70,262.45,38.48,63.44,147.00,248.00,76.00,18.00,0.0000,152.39,1,0,3.0034,ACCEPT,0,1080,2732,13001,0,0,967,0,0,0,0
169,0,1,1,ACCEPT,18.3550,3.1313,1049,0,0,1.0000,-4.70,262.45,38.48,63.44,147.50,245.00,77.00,18.00,0.0000,153.20,1,0,3.0974,ACCEPT,0,1079,2685,13473,0,0,1049,0,0,0,0
170,0,1,1,ACCEPT,18.2083,3.0765,1126,0,-1,0.9805,-4.70,260.47,38.48,63.44,150.50,244.00,81.00,18.00,0.0000,156.07,1,0,3.0003,ACCEPT,0,1130,2607,14365,0,0,1126,0,0,0,0
171,0,1,1,ACCEPT,19.3986,3.3454,1201,1,0,0.9475,-3.50,260.47,38.48,63.44,152.00,240.50,78.00,23.00,0.0000,156.78,1,0,3.1208,ACCEPT,0,1067,2281,15320,0,0,1201,0,0,0,0
172,0,1,1,ACCEPT,19.7227,3.5980,1414,0,-1,0.9866,-3.50,258.48,38.48,63.44,161.00,239.50,64.00,17.00,0.0000,165.59,1,0,3.1630,ACCEPT,0,1212,2208,17418,0,0,1414,0,0,0,0
173,0,1,1,ACCEPT,20.2570,4.2114,1474,0,0,1.0000,-3.50,258.48,38.48,63.44,162.50,240.00,61.00,20.00,0.0000,167.03,1,0,3.2058,ACCEPT,0,1143,2006,18638,0,0,1474,0,0,0,0
174,0,1,1,ACCEPT,19.1579,3.0061,1488,1,0,0.9086,-2.30,258.48,38.48,63.44,163.50,236.50,57.00,21.00,0.0000,167.25,1,0,3.1432,ACCEPT,0,1291,1605,19819,0,0,1488,0,0,0,0
175,0,1,1,ACCEPT,19.7081,2.7015,1656,-1,-1,0.9523,-3.50,256.50,38.48,63.44,166.00,235.00,56.00,22.00,0.0000,170.86,1,0,3.0910,ACCEPT,0,1226,1242,23676,0,0,1656,0,0,0,0
176,0,1,1,ACCEPT,18.2775,2.3223,1477,1,-1,0.7461,-2.30,254.52,40.02,65.98,169.50,234.00,55.00,26.00,0.0000,173.02,1,1,2.5767,ACCEPT,0,1122,1386,22340,0,0,1477,0,0,0,0
177,0,1,1,ACCEPT,18.2213,2.4259,1686,0,1,0.9300,-2.30,256.58,40.02,65.98,170.50,232.00,57.00,28.00,0.0000,174.54,1,0,2.7477,ACCEPT,0,1431,1254,30028,0,0,1686,0,0,0,0
178,0,1,1,ACCEPT,17.6924,2.1333,1873,0,0,1.0000,-2.30,256.58,40.02,65.98,171.00,231.00,54.00,30.00,0.0000,175.17,1,0,2.6296,ACCEPT,0,1743,1431,32767,0,0,1873,0,0,0,0
179,0,1,1,ACCEPT,15.4883,2.0989,1782,0,0,1.0000,-2.30,256.58,40.02,65.98,173.00,230.00,56.00,32.00,0.0000,177.30,1,0,2.6440,ACCEPT,0,1829,1310,32767,0,0,1782,0,0,0,0
180,0,1,1,ACCEPT,14.5411,2.0000,1442,0,0,1.0000,-2.30,256.58,40.02,65.98,174.50,229.50,57.00,31.00,0.0000,178.86,1,0,2.6160,ACCEPT,0,1634,1393,32767,0,0,1442,0,0,0,0
181,0,1,1,ACCEPT,13.5155,1.9109,1244,1,0,0.8899,-1.05,256.58,40.02,65.98,176.50,230.00,57.00,30.00,0.0000,179.53,1,0,3.2304,ACCEPT,0,1489,1594,32767,0,0,1244,0,0,0,0
182,0,1,1,ACCEPT,13.3487,1.9359,1299,0,-1,0.9453,-1.05,254.52,40.02,65.98,179.50,226.50,57.00,35.00,0.0000,182.71,1,0,2.9345,ACCEPT,0,1553,1622,32767,0,0,1299,0,0,0,0
183,0,1,1,ACCEPT,15.5719,2.6076,1309,1,0,0.8060,0.20,254.52,40.02,65.98,184.50,226.00,53.00,34.00,0.0000,186.49,1,0,3.0260,ACCEPT,0,1412,1899,31564,0,0,1309,0,0,0,0
184,0,1,1,ACCEPT,15.6107,2.4947,1407,1,0,0.8195,1.45,254.52,40.02,65.98,185.50,226.00,53.00,34.00,0.0000,186.24,1,0,3.0603,ACCEPT,0,1514,1950,32526,0,0,1407,0,0,0,0
185,0,1,1,ACCEPT,13.3836,2.0326,1246,1,0,0.8435,2.70,254.52,40.02,65.98,188.00,225.50,52.00,35.00,0.0000,187.55,1,0,2.9967,ACCEPT,0,1365,2017,28791,0,0,1246,0,0,0,0
186,0,1,1,ACCEPT,13.1662,2.4483,1185,1,0,0.8861,3.95,254.52,40.02,65.98,189.50,225.00,55.00,36.00,0.0000,187.88,1,0,3.0056,ACCEPT,0,1347,2003,26174,0,0,1185,0,0,0,0
187,0,1,1,ACCEPT,12.9934,2.2668,1147,1,0,0.8492,5.20,254.52,40.02,65.98,194.00,224.00,56.00,40.00,0.0000,191.25,1,0,3.0910,ACCEPT,0,1362,2277,23456,0,0,1147,0,0,0,0
188,0,1,1,ACCEPT,15.3410,2.8496,1137,1,-1,0.8100,6.45,252.45,40.02,65.98,195.50,223.50,57.00,43.00,0.0000,191.25,1,0,3.1708,ACCEPT,0,1263,2528,18964,0,0,1137,0,0,0,0
189,0,1,1,ACCEPT,14.2452,3.1579,900,1,1,0.8256,7.70,254.52,40.02,65.98,198.00,224.00,56.00,46.00,0.0000,192.73,1,0,3.0773,ACCEPT,0,1155,1866,21578,0,0,900,0,0,0,0
190,0,1,1,ACCEPT,12.3180,2.2071,927,1,0,0.9374,8.95,254.52,40.02,65.98,200.50,223.50,57.00,49.00,0.0000,194.04,1,0,3.0932,ACCEPT,0,1223,2131,22060,0,0,927,0,0,0,0
191,0,1,1,ACCEPT,13.7889,2.3717,1091,1,0,0.8882,10.20,254.52,40.02,65.98,204.50,222.50,51.00,53.00,0.0000,196.92,1,0,3.1801,ACCEPT,0,1273,1381,30145,0,0,1091,0,0,0,0
192,0,1,1,ACCEPT,15.5887,2.5198,1275,1,0,0.9216,11.45,254.52,40.02,65.98,205.50,222.50,53.00,55.00,0.0000,196.67,1,0,3.1803,ACCEPT,0,1416,1523,30008,0,0,1275,0,0,0,0
193,0,1,1,ACCEPT,16.3523,2.7661,1372,1,0,0.9315,12.70,254.52,40.02,65.98,206.00,221.00,52.00,56.00,0.0000,196.18,1,0,3.1604,ACCEPT,0,1496,1576,27331,0,0,1372,0,0,0,0
194,0,1,1,ACCEPT,17.3224,2.8755,1409,0,0,1.0000,12.70,254.52,40.02,65.98,207.00,218.50,52.00,59.00,0.0000,197.61,1,0,3.1656,ACCEPT,0,1531,1738,25082,0,0,1409,0,0,0,0
195,0,1,1,ACCEPT,18.2259,3.1445,1393,0,0,1.0000,12.70,254.52,40.02,65.98,207.00,217.00,52.00,60.00,0.0000,197.89,1,0,3.1085,ACCEPT,0,1330,1801,23691,0,0,1393,0,0,0,0
196,0,1,1,ACCEPT,18.3224,3.3089,1489,0,-1,0.9671,12.70,252.45,40.02,65.98,206.50,213.00,53.00,72.00,0.0000,197.77,1,0,3.1161,ACCEPT,0,1288,2028,21465,0,0,1489,0,0,0,0
197,0,1,1,ACCEPT,19.9728,3.4427,1563,-1,0,0.9974,11.45,252.45,40.02,65.98,208.00,209.50,54.00,73.00,0.0000,201.19,1,0,3.1023,ACCEPT,0,1279,1971,21031,0,0,1563,0,0,0,0
198,0,1,1,ACCEPT,19.7062,3.4506,1501,1,0,0.9507,12.70,252.45,40.02,65.98,208.00,210.00,56.00,70.00,0.0000,199.86,1,0,3.0135,ACCEPT,0,1259,1703,20746,0,0,1501,0,0,0,0
199,0,1,1,ACCEPT,21.6448,4.1905,1584,-1,-1,0.8213,11.45,250.39,40.02,65.98,208.50,208.50,53.00,67.00,0.0000,201.45,1,0,3.1401,ACCEPT,0,1319,1903,21106,0,0,1584,0,0,0,0
200,0,1,1,ACCEPT,21.6541,4.1208,1467,1,-1,0.9284,12.70,248.33,40.02,65.98,208.50,208.50,55.00,65.00,0.0000,199.81,1,0,3.1465,ACCEPT,0,1174,1571,23471,0,0,1467,0,0,0,0
201,0,1,1,ACCEPT,21.9939,4.2245,1618,-1,0,0.9808,11.45,248.33,40.02,65.98,208.50,204.50,55.00,71.00,0.0000,201.86,1,0,3.1002,ACCEPT,0,1333,1689,23224,0,0,1618,0,0,0,0
202,0,1,1,ACCEPT,22.5817,4.1906,1517,1,-1,0.8583,12.70,246.27,40.02,65.98,209.50,202.50,55.00,75.00,0.0000,201.60,1,0,3.1445,ACCEPT,0,1128,1484,24640,0,0,1517,0,0,0,0
203,0,1,1,ACCEPT,20.5919,4.9690,1441,0,-1,0.9743,12.70,244.20,40.02,65.98,211.00,198.00,54.00,76.00,0.0000,203.61,1,0,3.1108,ACCEPT,0,1144,1744,22382,0,0,1441,0,0,0,0
204,0,1,1,ACCEPT,22.5630,5.7171,1475,0,0,1.0000,12.70,244.20,40.02,65.98,210.00,196.50,52.00,77.00,0.0000,202.98,1,0,3.1394,ACCEPT,0,1121,1576,22712,0,0,1475,0,0,0,0
205,0,1,1,ACCEPT,21.9064,5.4902,1400,1,-1,0.8036,13.95,242.14,40.02,65.98,213.00,190.00,52.00,80.00,0.0000,205.76,1,0,3.1593,ACCEPT,0,1080,1472,21679,0,0,1400,0,0,0,0
206,0,1,1,ACCEPT,21.3109,4.9430,1300,1,-1,0.7615,15.20,240.08,40.02,65.98,215.00,190.50,54.00,81.00,0.0000,205.86,1,0,3.2060,ACCEPT,0,1072,1412,20624,0,0,1300,0,0,0,0
207,0,1,1,ACCEPT,22.6295,5.0951,1340,1,-1,0.7724,16.45,238.02,40.02,65.98,215.50,184.50,53.00,85.00,0.0000,206.12,1,0,3.1877,ACCEPT,0,1056,1510,19931,0,0,1340,0,0,0,0
208,0,1,1,ACCEPT,22.1483,4.9276,1429,2,-1,0.7600,18.95,235.95,40.02,65.98,217.50,181.00,51.00,84.00,0.0000,206.01,1,0,3.1587,ACCEPT,0,1171,1504,20715,0,0,1429,0,0,0,0
209,0,1,1,ACCEPT,23.4716,5.3179,1606,0,-1,0.9465,18.95,233.89,40.02,65.98,220.50,178.00,53.00,86.00,0.0000,209.15,1,0,3.1433,ACCEPT,0,1285,1989,20055,0,0,1606,0,0,0,0
210,0,1,1,ACCEPT,22.3644,4.8230,1471,2,0,0.7906,21.45,233.89,40.02,65.98,221.00,175.50,50.00,95.00,0.0000,207.91,1,0,3.0840,ACCEPT,0,1155,1855,22381,0,0,1471,0,0,0,0
211,0,1,1,ACCEPT,21.2681,4.2655,1510,1,-1,0.7967,22.70,231.83,40.02,65.98,224.00,176.00,52.00,90.00,0.0000,208.90,1,0,3.1502,ACCEPT,0,1342,1997,23463,0,0,1510,0,0,0,0
212,0,1,1,ACCEPT,19.8063,3.0648,1655,1,-1,0.9468,23.95,229.77,40.02,65.98,224.50,169.00,49.00,96.00,0.0000,209.55,1,0,3.0928,ACCEPT,0,1385,1858,26833,0,0,1655,0,0,0,0
213,0,1,1,ACCEPT,20.4079,3.5218,1937,1,0,0.8998,25.20,229.77,40.02,65.98,226.50,166.50,51.00,97.00,0.0000,211.00,1,0,3.1448,ACCEPT,0,1402,1999,25529,0,0,1937,0,0,0,0
214,0,1,1,ACCEPT,22.5709,4.0053,2271,1,-1,0.8010,26.45,227.70,40.02,65.98,226.50,166.50,51.00,97.00,0.0000,209.20,1,0,3.2417,ACCEPT,0,1562,1892,27003,0,0,2271,0,0,0,0
215,0,1,1,ACCEPT,22.6048,6.3147,2488,1,0,0.8907,27.70,227.70,40.02,65.98,231.50,163.00,53.00,100.00,0.0000,213.82,1,0,3.1788,ACCEPT,0,1548,2140,24226,0,0,2488,0,0,0,0
216,0,1,1,ACCEPT,24.5260,6.5896,2537,0,-1,0.9074,27.70,225.64,40.02,65.98,232.00,161.50,54.00,95.00,0.0000,214.13,1,0,3.2242,ACCEPT,0,1518,2041,24616,0,0,2537,0,0,0,0
217,0,1,1,ACCEPT,22.3288,5.1706,2394,1,-1,0.8989,28.95,223.58,40.02,65.98,233.00,160.50,54.00,95.00,0.0000,213.57,1,0,3.1786,ACCEPT,0,1561,2055,25164,0,0,2394,0,0,0,0
218,0,1,1,ACCEPT,20.2729,4.5248,2371,1,-1,0.9528,30.20,221.52,40.02,65.98,234.50,158.50,55.00,93.00,0.0000,213.79,1,0,3.1563,ACCEPT,0,1730,2040,25304,0,0,2371,0,0,0,0
219,0,1,1,ACCEPT,22.3538,5.2697,2677,0,-1,0.9372,30.20,219.45,40.02,65.98,236.50,156.50,53.00,93.00,0.0000,215.69,1,0,3.1821,ACCEPT,0,1682,1958,23957,0,0,2677,0,0,0,0
220,0,1,1,ACCEPT,20.9779,4.6029,2504,0,0,1.0000,30.20,219.45,40.02,65.98,237.00,155.00,54.00,92.00,0.0000,216.61,1,0,3.0589,ACCEPT,0,1737,1851,26678,0,0,2504,0,0,0,0
221,0,1,1,ACCEPT,22.9483,5.3971,2650,0,-1,0.9094,30.20,217.39,40.02,65.98,237.50,152.50,55.00,91.00,0.0000,217.22,1,0,3.1212,ACCEPT,0,1693,1839,24358,0,0,2650,0,0,0,0
222,0,1,1,ACCEPT,20.4237,4.8309,2343,0,0,1.0000,30.20,217.39,40.02,65.98,236.50,153.50,57.00,91.00,0.0000,215.96,1,0,2.9542,ACCEPT,0,1675,1926,19521,0,0,2343,0,0,0,0
223,0,1,1,ACCEPT,21.5859,4.7110,2266,0,-1,0.9629,30.20,215.33,40.02,65.98,236.50,153.50,59.00,95.00,0.0000,215.36,1,0,3.1899,ACCEPT,0,1554,1923,19525,0,0,2266,0,0,0,0
224,0,1,1,ACCEPT,20.5862,4.5721,2030,0,0,1.0000,30.20,215.33,40.02,65.98,239.50,152.00,55.00,96.00,0.0000,218.67,1,0,3.1295,ACCEPT,0,1436,1933,20446,0,0,2030,0,0,0,0
225,0,1,1,ACCEPT,21.6352,4.9032,2128,1,-1,0.9868,31.45,213.27,40.02,65.98,240.00,152.00,56.00,98.00,0.0000,217.36,1,0,3.2163,ACCEPT,0,1452,1960,20544,0,0,2128,0,0,0,0
226,0,1,1,ACCEPT,23.9477,5.9973,2249,0,0,1.0000,31.45,213.27,40.02,65.98,242.50,151.50,57.00,95.00,0.0000,219.90,1,0,3.1966,ACCEPT,0,1414,1937,21088,0,0,2249,0,0,0,0
227,0,1,1,ACCEPT,22.6284,4.8118,2122,0,0,1.0000,31.45,213.27,40.02,65.98,243.50,151.00,57.00,100.00,0.0000,221.00,1,0,3.2015,ACCEPT,0,1512,2513,17992,0,0,2122,0,0,0,0
228,0,1,1,ACCEPT,22.9961,5.0377,2136,1,-1,0.9228,32.70,211.20,40.02,65.98,245.00,146.00,56.00,102.00,0.0000,222.08,1,0,3.2254,ACCEPT,0,1336,2407,19707,0,0,2136,0,0,0,0
229,0,1,1,ACCEPT,22.4265,5.2249,2184,0,-1,0.8723,32.70,209.14,40.02,65.98,247.50,144.50,57.00,101.00,0.0000,224.31,1,0,3.2254,ACCEPT,0,1567,2379,20628,0,0,2184,0,0,0,0
230,0,1,1,ACCEPT,22.6770,5.5811,2305,-1,-1,0.8668,31.45,207.08,40.02,65.98,249.00,143.00,58.00,102.00,0.0000,226.79,1,0,3.2261,ACCEPT,0,1691,2424,20642,0,0,2305,0,0,0,0
231,0,1,1,ACCEPT,22.3023,4.8543,2199,1,-1,0.7540,32.70,205.02,40.02,65.98,252.50,140.00,61.00,106.00,0.0000,229.21,1,0,3.1937,ACCEPT,0,1426,2323,21652,0,0,2199,0,0,0,0
232,0,1,1,ACCEPT,21.3380,4.5709,2322,1,-2,0.7364,33.95,200.89,40.02,65.98,255.50,131.00,61.00,114.00,0.0000,232.31,1,0,3.2146,ACCEPT,0,1668,2251,21710,0,0,2322,0,0,0,0
233,0,1,1,ACCEPT,19.6900,3.3328,2183,1,-2,0.8539,35.20,196.77,40.02,65.98,257.00,126.00,62.00,110.00,0.0000,232.81,1,0,3.1334,ACCEPT,0,1523,2194,22208,0,0,2183,0,0,0,0
234,0,1,1,ACCEPT,17.6984,3.0934,2187,-1,-1,0.8688,33.95,194.70,40.02,65.98,256.50,124.00,63.00,116.00,0.0000,233.51,1,0,3.1338,ACCEPT,0,1799,2262,18402,0,0,2187,0,0,0,0
235,0,1,1,ACCEPT,19.4917,3.6566,2300,0,-1,0.8917,33.95,192.64,40.02,65.98,256.00,121.00,60.00,114.00,0.0000,233.32,1,0,3.1229,ACCEPT,0,1874,2209,17728,0,0,2300,0,0,0,0
236,0,1,1,ACCEPT,19.8740,3.5505,2496,0,-1,0.8954,33.95,190.58,40.02,65.98,256.50,126.50,61.00,101.00,0.0000,231.59,1,0,3.0855,ACCEPT,0,2096,2286,16666,0,0,2496,0,0,0,0
237,0,1,1,ACCEPT,19.4847,3.6835,2409,-1,-1,0.8676,32.70,188.52,40.02,65.98,256.00,126.50,64.00,97.00,0.0000,231.75,1,0,2.9818,ACCEPT,0,2168,2453,16651,0,0,2409,0,0,0,0
238,0,1,1,ACCEPT,18.9412,3.9634,2493,-1,0,0.8740,31.45,188.52,40.02,65.98,254.50,124.50,63.00,99.00,0.0000,232.05,1,0,3.1345,ACCEPT,0,2415,2485,16971,0,0,2493,0,0,0,0
239,0,1,1,ACCEPT,15.1787,3.0549,1946,0,-1,0.9620,31.45,186.45,40.02,65.98,256.00,121.50,66.00,103.00,0.0000,233.75,1,0,3.0152,ACCEPT,0,1596,1885,19565,0,0,1946,0,0,0,0
240,0,1,1,ACCEPT,16.4480,3.3652,1972,0,0,1.0000,31.45,186.45,40.02,65.98,254.00,120.50,64.00,101.00,0.0000,232.11,1,0,3.1528,ACCEPT,0,1537,1925,20355,0,0,1972,0,0,0,0
241,0,1,1,ACCEPT,17.5811,3.6797,2068,0,0,1.0000,31.45,186.45,40.02,65.98,256.00,118.50,68.00,105.00,0.0000,234.60,1,0,3.1339,ACCEPT,0,1606,1829,20936,0,0,2068,0,0,0,0
242,0,1,1,ACCEPT,19.2816,4.0941,2088,0,0,1.0000,31.45,186.45,40.02,65.98,254.50,121.00,63.00,102.00,0.0000,232.45,1,0,3.1348,ACCEPT,0,1593,1746,19992,0,0,2088,0,0,0,0
243,0,1,1,ACCEPT,19.6171,3.9760,1984,0,0,1.0000,31.45,186.45,40.02,65.98,255.00,119.00,68.00,104.00,0.0000,233.50,1,0,3.0534,ACCEPT,0,1559,1713,20148,0,0,1984,0,0,0,0
244,0,1,1,ACCEPT,18.1551,4.5307,1844,-1,0,0.9729,30.20,186.45,38.48,63.44,253.00,118.50,64.00,97.00,0.0000,232.93,1,-1,2.9988,ACCEPT,0,1721,1668,20759,0,0,1844,0,0,0,0
245,0,1,1,ACCEPT,16.0635,4.1394,1544,-1,-1,0.8504,29.00,184.47,38.48,63.44,249.50,118.00,63.00,98.00,0.0000,230.30,1,0,3.2488,ACCEPT,0,1753,1737,18309,0,0,1544,0,0,0,0
246,0,1,1,ACCEPT,15.3896,3.5681,1520,-1,0,0.9822,27.80,184.47,38.48,63.44,251.50,117.00,63.00,98.00,0.0000,233.66,1,0,3.1778,ACCEPT,0,1579,1869,16862,0,0,1520,0,0,0,0
247,0,1,1,ACCEPT,14.1297,3.2277,1304,-1,1,0.9425,26.59,186.45,38.48,63.44,247.00,116.50,60.00,97.00,0.0000,231.24,1,0,3.1800,ACCEPT,0,1572,1921,16556,0,0,1304,0,0,0,0
248,0,1,1,ACCEPT,13.7760,3.3731,1302,-1,1,0.9662,25.39,188.44,38.48,63.44,245.50,117.00,55.00,96.00,0.0000,231.41,1,0,3.2123,ACCEPT,0,1389,1813,17669,0,0,1302,0,0,0,0
249,0,1,1,ACCEPT,13.7446,2.9980,1505,0,0,1.0000,25.39,188.44,38.48,63.44,244.50,114.00,55.00,92.00,0.0000,231.41,1,0,3.2083,ACCEPT,0,1673,1897,18590,0,0,1505,0,0,0,0
250,0,1,1,ACCEPT,14.3181,2.7329,1719,0,0,1.0000,25.39,188.44,38.48,63.44,245.50,111.00,57.00,92.00,0.0000,233.33,1,0,3.2180,ACCEPT,0,1935,1682,20249,0,0,1719,0,0,0,0
251,0,1,1,ACCEPT,12.0124,2.0153,1451,0,0,1.0000,25.39,188.44,38.48,63.44,244.50,107.00,51.00,96.00,0.0000,233.75,1,0,3.1979,ACCEPT,0,2054,2002,16908,0,0,1451,0,0,0,0
252,0,1,1,ACCEPT,11.6980,1.9897,1349,0,0,1.0000,25.39,188.44,38.48,63.44,248.50,102.00,61.00,98.00,0.0000,239.27,1,0,3.2929,ACCEPT,0,2160,2101,16544,0,0,1349,0,0,0,0
253,0,1,1,ACCEPT,9.3353,1.6244,1103,0,-1,0.9429,25.39,186.45,38.48,63.44,247.50,97.00,59.00,96.00,0.0000,239.45,1,0,3.1889,ACCEPT,0,1994,2135,16335,0,0,1103,0,0,0,0
254,0,1,1,ACCEPT,10.5029,2.1169,1141,0,0,1.0000,25.39,186.45,38.48,63.44,246.50,95.00,59.00,94.00,0.0000,239.28,1,0,3.2144,ACCEPT,0,1889,2242,14667,0,0,1141,0,0,0,0
255,0,1,1,ACCEPT,11.2013,2.2157,1099,1,0,0.9918,26.59,186.45,38.48,63.44,252.50,92.00,53.00,90.00,0.0000,244.86,1,0,3.1766,ACCEPT,0,1620,2042,15340,0,0,1099,0,0,0,0
256,0,1,1,ACCEPT,12.2493,2.5573,1138,-1,1,0.8963,25.39,188.44,38.48,63.44,249.00,89.50,52.00,91.00,0.0000,244.52,1,0,3.1870,ACCEPT,0,1495,2067,13490,0,0,1138,0,0,0,0
257,0,1,1,ACCEPT,13.2614,2.6335,1006,1,0,0.9115,26.59,188.44,38.48,63.44,252.00,90.00,54.00,90.00,0.0000,245.96,1,0,3.1482,ACCEPT,0,1290,1945,14807,0,0,1006,0,0,0,0
258,0,1,1,ACCEPT,17.2183,2.9195,1197,0,1,0.9733,26.59,190.42,38.48,63.44,250.00,87.00,56.00,92.00,0.0000,246.18,1,0,3.1601,ACCEPT,0,1264,1944,12829,0,0,1197,0,0,0,0
259,0,1,1,ACCEPT,19.8140,4.3473,1352,1,0,0.9179,27.80,190.42,38.48,63.44,252.50,84.00,53.00,88.00,0.0000,248.63,1,0,3.0702,ACCEPT,0,1261,1922,12295,0,0,1352,0,0,0,0
260,0,1,1,ACCEPT,18.1807,3.8102,1265,1,2,0.6522,29.00,194.39,38.48,63.44,253.50,84.50,53.00,87.00,0.0000,249.95,1,0,3.1188,ACCEPT,0,1227,1993,12110,0,0,1265,0,0,0,0
261,0,1,1,ACCEPT,18.0684,3.1127,1270,0,2,0.5528,29.00,198.36,38.48,63.44,249.50,84.50,47.00,81.00,0.0000,248.16,1,0,3.0972,ACCEPT,0,1334,2178,10346,0,0,1270,0,0,0,0
262,0,1,1,ACCEPT,17.6868,4.1065,1195,1,2,0.4946,30.20,202.33,38.48,63.44,254.50,87.00,43.00,78.00,0.0000,252.21,1,0,3.0816,ACCEPT,0,1157,1810,12627,0,0,1195,0,0,0,0
263,0,1,1,ACCEPT,16.6722,3.9164,1124,3,2,0.1370,33.81,206.30,38.48,63.44,254.50,106.00,41.00,100.00,0.0000,242.41,1,0,3.1356,ACCEPT,0,976,1863,10984,0,0,1124,0,0,0,0
264,0,1,1,ACCEPT,19.6623,4.7899,1140,1,2,0.4561,35.02,210.27,38.48,63.44,256.50,108.00,47.00,104.00,0.0000,243.95,1,0,3.1456,ACCEPT,0,1039,1788,9654,0,0,1140,0,0,0,0
265,0,1,1,ACCEPT,18.9127,4.6008,1095,2,3,0.1306,37.42,216.22,38.48,63.44,257.00,108.00,48.00,102.00,0.0000,244.80,1,0,3.1528,ACCEPT,0,917,1902,10014,0,0,1095,0,0,0,0
266,0,1,1,ACCEPT,20.5073,4.7241,1233,1,3,0.2895,38.62,222.17,38.48,63.44,255.00,117.00,46.00,98.00,0.0000,240.58,1,0,3.1070,ACCEPT,0,1019,2255,8361,0,0,1233,0,0,0,0
267,0,1,1,ACCEPT,21.0965,4.0510,1191,0,3,0.3745,38.62,228.12,38.48,63.44,257.50,121.00,39.00,98.00,0.0000,243.68,1,0,3.1492,ACCEPT,0,932,2097,8193,0,0,1191,0,0,0,0
268,0,1,1,ACCEPT,22.9347,4.9323,1238,1,3,0.2884,39.83,234.08,38.48,63.44,259.50,129.00,39.00,98.00,0.0000,243.51,1,0,3.1292,ACCEPT,0,869,2060,9082,0,0,1238,0,0,0,0
269,0,1,1,ACCEPT,24.5198,5.6337,1369,0,2,0.4463,39.83,238.05,38.48,63.44,259.50,129.00,39.00,96.00,0.0000,245.25,1,0,3.1063,ACCEPT,0,954,2155,8956,0,0,1369,0,0,0,0
270,0,1,1,ACCEPT,27.2267,6.0901,1419,0,3,0.3080,39.83,244.00,38.48,63.44,258.00,138.00,36.00,100.00,0.0000,242.56,1,0,3.1628,ACCEPT,0,961,2110,9509,0,0,1419,0,0,0,0
271,0,1,1,ACCEPT,21.0605,3.9729,1172,1,3,0.2824,41.03,249.95,38.48,63.44,255.50,140.00,37.00,108.00,0.0000,241.01,1,0,3.1610,ACCEPT,0,935,2320,8598,0,0,1172,0,0,0,0
272,0,1,1,ACCEPT,22.2274,5.0086,1167,1,3,0.2339,42.23,255.91,38.48,63.44,256.00,144.50,42.00,103.00,0.0000,241.05,1,0,3.1145,ACCEPT,0,937,2229,8668,0,0,1167,0,0,0,0
273,0,1,1,ACCEPT,22.3932,3.9670,1202,0,2,0.4235,42.23,259.88,38.48,63.44,256.50,149.00,37.00,106.00,0.0000,241.25,1,0,3.1168,ACCEPT,0,947,2108,8516,0,0,1202,0,0,0,0
274,0,1,1,ACCEPT,23.0588,4.1374,1295,0,2,0.5660,42.23,263.84,38.48,63.44,256.00,150.50,40.00,107.00,0.0000,241.96,1,0,3.1726,ACCEPT,0,999,2157,8536,0,0,1295,0,0,0,0
275,0,1,1,ACCEPT,25.0727,5.3584,1495,1,1,0.6609,43.44,265.83,38.48,63.44,254.50,153.50,39.00,107.00,0.0000,239.09,1,0,3.1676,ACCEPT,0,974,1986,11730,0,0,1495,0,0,0,0
276,0,1,1,ACCEPT,25.7423,5.5839,1731,0,1,0.8157,43.44,267.81,38.48,63.44,256.50,155.50,43.00,105.00,0.0000,240.85,1,0,3.1676,ACCEPT,0,1201,1881,11248,0,0,1731,0,0,0,0
277,0,1,1,ACCEPT,28.1681,6.2737,1788,0,2,0.6270,43.44,271.78,38.48,63.44,254.50,156.50,41.00,109.00,0.0000,240.49,1,0,3.2261,ACCEPT,0,1110,1968,10509,0,0,1788,0,0,0,0
278,0,1,1,ACCEPT,27.7278,5.9932,1756,0,1,0.9174,43.44,273.77,38.48,63.44,251.00,161.50,46.00,109.00,0.0000,235.98,1,0,3.2303,ACCEPT,0,1137,1952,10281,0,0,1756,0,0,0,0
279,0,1,1,ACCEPT,26.8257,5.4916,1642,0,0,1.0000,43.44,273.77,38.48,63.44,248.50,161.50,45.00,109.00,0.0000,233.78,1,0,3.2177,ACCEPT,0,1109,1882,10078,0,0,1642,0,0,0,0
280,0,1,1,ACCEPT,27.9159,6.4096,1596,1,0,0.9492,44.64,273.77,38.48,63.44,246.50,164.50,47.00,101.00,0.0000,229.53,1,0,3.2084,ACCEPT,0,1011,1922,9911,0,0,1596,0,0,0,0
281,0,1,1,ACCEPT,28.2894,6.1506,1593,-1,1,0.7859,43.44,275.75,38.48,63.44,243.50,166.00,47.00,102.00,0.0000,228.19,1,0,3.2029,ACCEPT,0,1006,2032,9655,0,0,1593,0,0,0,0
282,0,1,1,ACCEPT,28.3472,5.7964,1623,0,1,0.8835,43.44,277.73,38.48,63.44,241.00,167.00,48.00,102.00,0.0000,226.48,1,0,3.2558,ACCEPT,0,973,2083,9976,0,0,1623,0,0,0,0
283,0,1,1,ACCEPT,27.4336,6.5941,1576,0,1,0.9886,43.44,279.72,38.48,63.44,238.00,170.50,50.00,97.00,0.0000,223.12,1,0,3.1849,ACCEPT,0,1023,2124,9368,0,0,1576,0,0,0,0
284,0,1,1,ACCEPT,27.8900,6.1542,1557,-1,0,0.9274,42.23,279.72,38.48,63.44,236.50,170.00,51.00,102.00,0.0000,223.11,1,0,3.2434,ACCEPT,0,956,2095,9424,0,0,1557,0,0,0,0
285,0,1,1,ACCEPT,25.4032,5.5815,1507,-1,1,0.9237,41.03,281.70,38.48,63.44,234.50,172.50,51.00,97.00,0.0000,222.16,1,0,3.2094,ACCEPT,0,923,2113,10122,0,0,1507,0,0,0,0
286,0,1,1,ACCEPT,24.9465,5.8717,1556,-1,0,0.9518,39.83,281.70,38.48,63.44,232.50,172.50,53.00,97.00,0.0000,221.47,1,0,3.2150,ACCEPT,0,991,2048,10465,0,0,1556,0,0,0,0
287,0,1,1,ACCEPT,28.6334,6.7319,1582,0,0,1.0000,39.83,281.70,38.48,63.44,231.00,189.00,54.00,66.00,0.0000,212.46,1,0,3.2145,ACCEPT,0,947,2018,12589,0,0,1582,0,0,0,0
288,0,1,1,ACCEPT,30.0346,6.7576,1784,0,0,1.0000,39.83,281.70,38.48,63.44,232.00,188.00,56.00,66.00,0.0000,213.80,1,0,3.2109,ACCEPT,0,1049,1977,11886,0,0,1784,0,0,0,0
289,0,1,1,ACCEPT,31.6194,7.2656,1751,0,0,1.0000,39.83,281.70,38.48,63.44,232.00,188.50,58.00,65.00,0.0000,213.58,1,0,3.2178,ACCEPT,0,991,1982,11301,0,0,1751,0,0,0,0
290,0,1,1,ACCEPT,33.5029,7.5415,1727,0,0,1.0000,39.83,281.70,38.48,63.44,232.00,188.50,56.00,67.00,0.0000,213.58,1,0,3.2619,ACCEPT,0,913,2004,11443,0,0,1727,0,0,0,0
291,0,1,1,ACCEPT,33.5121,7.1991,1663,0,0,1.0000,39.83,281.70,38.48,63.44,231.50,190.00,55.00,66.00,0.0000,212.48,1,0,3.2260,ACCEPT,0,868,2083,11182,0,0,1663,0,0,0,0
292,0,1,1,ACCEPT,34.4348,6.9160,1646,0,0,1.0000,39.83,281.70,38.48,63.44,230.50,190.00,55.00,66.00,0.0000,211.58,1,0,3.2261,ACCEPT,0,833,2090,11681,0,0,1646,0,0,0,0
293,0,1,1,ACCEPT,35.6814,7.6103,1621,0,0,1.0000,39.83,281.70,38.48,63.44,230.50,191.00,55.00,66.00,0.0000,211.15,1,0,3.2239,ACCEPT,0,825,2089,11488,0,0,1621,0,0,0,0
294,0,1,1,ACCEPT,34.2639,8.1070,1516,0,0,1.0000,39.83,281.70,38.48,63.44,231.00,195.00,56.00,60.00,0.0000,209.91,1,0,3.2248,ACCEPT,0,757,2029,12384,0,0,1516,0,0,0,0
295,0,1,1,ACCEPT,32.7260,7.7353,1578,0,1,0.9430,39.83,283.69,38.48,63.44,230.50,196.00,57.00,62.00,0.0000,209.87,1,0,3.2352,ACCEPT,0,764,2278,11739,0,0,1578,0,0,0,0
296,0,1,1,ACCEPT,33.4199,8.7676,1622,0,0,1.0000,39.83,283.69,38.48,63.44,230.00,198.50,54.00,59.00,0.0000,208.38,1,0,3.2544,ACCEPT,0,788,2218,11700,0,0,1622,0,0,0,0
297,0,1,1,ACCEPT,33.3329,7.7745,1586,0,0,1.0000,39.83,283.69,38.48,63.44,230.50,198.00,55.00,64.00,0.0000,209.04,1,0,3.1889,ACCEPT,0,766,2245,11677,0,0,1586,0,0,0,0
298,0,1,1,ACCEPT,32.7277,7.7349,1663,0,1,0.8827,39.83,285.67,38.48,63.44,230.50,202.50,55.00,57.00,0.0000,208.02,1,0,3.2320,ACCEPT,0,843,2252,12255,0,0,1663,0,0,0,0
299,0,1,1,ACCEPT,26.0180,6.5000,1677,-1,1,0.8962,38.62,287.66,38.48,63.44,228.00,188.50,56.00,91.00,0.0000,213.76,1,0,3.2005,ACCEPT,0,880,2137,12630,0,0,1677,0,0,0,0
300,0,1,1,ACCEPT,26.2562,6.0874,1741,0,1,0.9799,38.62,289.64,38.48,63.44,228.50,194.50,55.00,97.00,0.0000,212.38,1,0,3.1795,ACCEPT,0,976,2095,11879,0,0,1741,0,0,0,0
301,0,1,1,ACCEPT,28.5345,6.8760,1719,0,0,1.0000,38.62,289.64,38.48,63.44,227.00,199.00,54.00,92.00,0.0000,209.05,1,0,3.1856,ACCEPT,0,997,2142,11125,0,0,1719,0,0,0,0
302,0,1,1,ACCEPT,31.7060,6.9160,1729,-1,1,0.8282,37.42,291.62,38.48,63.44,226.50,200.50,55.00,93.00,0.0000,209.89,1,0,3.2050,ACCEPT,0,910,2096,11523,0,0,1729,0,0,0,0
303,0,1,1,ACCEPT,31.3429,7.2049,1758,1,0,0.8965,38.62,291.62,38.48,63.44,228.00,201.50,54.00,93.00,0.0000,209.73,1,0,3.1818,ACCEPT,0,937,2151,11050,0,0,1758,0,0,0,0
304,0,1,1,ACCEPT,33.3700,8.3073,1811,0,1,0.9056,38.62,293.61,38.48,63.44,228.50,205.00,55.00,90.00,0.0000,209.53,1,0,3.2226,ACCEPT,0,961,2174,10257,0,0,1811,0,0,0,0
305,0,1,1,ACCEPT,32.4349,7.5907,1632,0,1,0.9700,38.62,295.59,38.48,63.44,230.00,207.00,54.00,80.00,0.0000,210.89,1,0,3.2059,ACCEPT,0,876,2171,10119,0,0,1632,0,0,0,0
306,0,1,1,ACCEPT,32.0033,8.0808,1600,1,0,0.9762,39.83,295.59,38.48,63.44,230.50,209.00,53.00,80.00,0.0000,209.41,1,0,3.1600,ACCEPT,0,831,2184,10810,0,0,1600,0,0,0,0
307,0,1,1,ACCEPT,33.2149,8.1185,1713,0,1,0.8284,39.83,297.58,38.48,63.44,230.50,208.50,57.00,89.00,0.0000,210.45,1,0,3.1819,ACCEPT,0,872,2281,10553,0,0,1713,0,0,0,0
308,0,1,1,ACCEPT,33.0279,9.2258,1716,1,1,0.7716,41.03,299.56,38.48,63.44,230.50,215.50,55.00,79.00,0.0000,207.28,1,0,3.2117,ACCEPT,0,897,2276,10564,0,0,1716,0,0,0,0
309,0,1,1,ACCEPT,32.3279,8.6263,1708,0,1,0.8964,41.03,301.55,38.48,63.44,227.50,219.50,53.00,75.00,0.0000,203.72,1,0,3.2065,ACCEPT,0,905,2438,9408,0,0,1708,0,0,0,0
310,0,1,1,ACCEPT,31.6944,7.4528,1580,0,1,0.9259,41.03,303.53,38.48,63.44,227.00,221.50,54.00,77.00,0.0000,203.26,1,0,3.2311,ACCEPT,0,878,2558,8812,0,0,1580,0,0,0,0
311,0,1,1,ACCEPT,26.3970,4.5879,1436,0,1,0.9499,41.03,305.52,38.48,63.44,225.50,226.50,59.00,85.00,0.0000,200.68,1,0,3.1950,ACCEPT,0,755,2127,11505,0,0,1436,0,0,0,0
312,0,1,1,ACCEPT,28.2784,5.4139,1635,-1,0,0.9737,39.83,305.52,38.48,63.44,223.50,226.50,59.00,87.00,0.0000,199.95,1,0,3.0606,ACCEPT,0,866,2070,12255,0,0,1635,0,0,0,0
313,0,1,1,ACCEPT,29.9449,5.5094,1752,0,1,0.8128,39.83,307.50,38.48,63.44,223.00,225.50,56.00,83.00,0.0000,200.69,1,0,3.1384,ACCEPT,0,827,2114,11758,0,0,1752,0,0,0,0
314,0,1,1,ACCEPT,31.2061,6.2185,1679,0,1,0.7588,39.83,309.48,38.48,63.44,220.00,227.00,60.00,84.00,0.0000,198.16,1,0,3.0867,ACCEPT,0,787,2075,11196,0,0,1679,0,0,0,0
315,0,1,1,ACCEPT,28.9290,6.4457,1663,-1,2,0.5069,38.62,313.45,38.48,63.44,217.50,228.00,59.00,80.00,0.0000,198.24,1,0,3.1905,ACCEPT,0,802,2014,11372,0,0,1663,0,0,0,0
316,0,1,1,ACCEPT,28.7185,6.4961,1663,-1,1,0.7949,37.42,315.44,38.48,63.44,217.00,238.50,60.00,73.00,0.0000,195.37,1,0,3.1811,ACCEPT,0,829,2051,10374,0,0,1663,0,0,0,0
317,0,1,1,ACCEPT,29.9271,6.9573,1468,1,1,0.7895,38.62,317.42,38.48,63.44,214.00,237.00,60.00,72.00,0.0000,192.94,1,0,3.1701,ACCEPT,0,773,2162,9217,0,0,1468,0,0,0,0
318,0,1,1,ACCEPT,29.6085,6.9299,1483,-1,1,0.8031,37.42,319.41,38.48,63.44,213.00,239.00,54.00,76.00,0.0000,193.11,1,0,3.1518,ACCEPT,0,807,2211,9704,0,0,1483,0,0,0,0
319,0,1,1,ACCEPT,28.4992,7.2033,1311,1,1,0.6491,38.62,321.39,38.48,63.44,215.00,240.50,58.00,77.00,0.0000,194.04,1,0,3.1068,ACCEPT,0,700,2158,10151,0,0,1311,0,0,0,0
320,0,1,1,ACCEPT,24.9267,5.4072,1195,0,2,0.5623,38.62,325.36,38.48,63.44,212.00,245.50,56.00,77.00,0.0000,190.88,1,0,3.0770,ACCEPT,0,727,2116,11010,0,0,1195,0,0,0,0
321,0,1,1,ACCEPT,24.1412,5.5048,1145,0,2,0.5694,38.62,329.33,38.48,63.44,214.00,254.00,60.00,70.00,0.0000,190.87,1,0,3.0922,ACCEPT,0,695,2094,10441,0,0,1145,0,0,0,0
322,0,1,1,ACCEPT,21.9508,4.4375,1065,1,2,0.6563,39.83,333.30,38.48,63.44,214.00,259.50,56.00,71.00,0.0000,189.16,1,0,3.2041,ACCEPT,0,683,2112,9884,0,0,1065,0,0,0,0
323,0,1,1,ACCEPT,22.6005,4.0147,1092,1,1,0.6731,41.03,335.28,38.48,63.44,213.50,259.50,61.00,83.00,0.0000,188.38,1,0,3.1324,ACCEPT,0,652,2253,10295,0,0,1092,0,0,0,0
324,0,1,1,ACCEPT,22.9155,3.8136,1125,0,1,0.7796,41.03,337.27,38.48,63.44,214.50,264.50,63.00,81.00,0.0000,188.11,1,0,3.0574,ACCEPT,0,708,2224,10735,0,0,1125,0,0,0,0
325,0,1,1,ACCEPT,24.8382,4.4891,1239,0,1,0.7772,41.03,339.25,38.48,63.44,215.00,266.00,66.00,84.00,0.0000,188.76,1,0,3.0821,ACCEPT,0,735,2185,11390,0,0,1239,0,0,0,0
326,0,1,1,ACCEPT,26.9831,4.9508,1307,1,1,0.7047,42.23,341.23,38.48,63.44,216.00,269.50,68.00,85.00,0.0000,187.99,1,0,3.1144,ACCEPT,0,750,2184,12308,0,0,1307,0,0,0,0
327,0,1,1,ACCEPT,24.3010,4.8561,1282,0,2,0.7028,42.23,345.20,38.48,63.44,215.50,273.00,65.00,86.00,0.0000,187.71,1,0,3.2625,ACCEPT,0,833,2220,12449,0,0,1282,0,0,0,0
328,0,1,1,ACCEPT,28.0901,5.4274,1346,1,1,0.8581,43.44,347.19,38.48,63.44,211.50,276.50,61.00,83.00,0.0000,182.32,1,0,3.2672,ACCEPT,0,789,2105,13400,0,0,1346,0,0,0,0
329,0,1,1,ACCEPT,26.8549,4.7552,1360,0,1,0.7963,43.44,349.17,38.48,63.44,214.50,277.00,73.00,92.00,0.0000,185.66,1,0,3.1676,ACCEPT,0,828,2177,14362,0,0,1360,0,0,0,0
330,0,1,1,ACCEPT,27.3008,5.4037,1459,-1,2,0.6642,42.23,353.14,38.48,63.44,208.50,278.50,65.00,93.00,0.0000,182.25,1,0,3.2244,ACCEPT,0,911,2239,13774,0,0,1459,0,0,0,0
331,0,1,1,ACCEPT,29.8034,5.4835,1497,0,2,0.7348,42.23,357.11,38.48,63.44,203.00,283.50,62.00,95.00,0.0000,176.82,1,0,3.2517,ACCEPT,0,839,2228,14345,0,0,1497,0,0,0,0
332,0,1,1,ACCEPT,29.4432,5.1795,1616,-1,1,0.7389,41.03,359.09,38.48,63.44,201.50,287.50,61.00,95.00,0.0000,175.72,1,0,3.1938,ACCEPT,0,935,2234,15037,0,0,1616,0,0,0,0
333,0,1,1,ACCEPT,25.3971,4.9516,1535,-2,2,0.4782,38.62,363.06,38.48,63.44,198.00,289.00,62.00,100.00,0.0000,175.74,1,0,3.2323,ACCEPT,0,1010,2302,14554,0,0,1535,0,0,0,0
334,0,1,1,ACCEPT,27.3506,5.6528,1498,-2,2,0.6228,36.22,367.03,38.48,63.44,193.00,296.50,56.00,95.00,0.0000,171.92,1,0,3.1710,ACCEPT,0,894,2116,14639,0,0,1498,0,0,0,0
335,0,1,1,ACCEPT,19.5945,5.2435,1206,0,1,0.8416,36.22,369.02,38.48,63.44,189.00,303.00,54.00,94.00,0.0000,166.43,1,0,3.1612,ACCEPT,0,1068,2560,12740,0,0,1206,0,0,0,0
336,0,1,1,ACCEPT,15.4377,4.1952,1053,-2,2,0.7160,33.81,372.98,38.48,63.44,186.00,306.50,52.00,89.00,0.0000,166.08,1,0,3.2245,ACCEPT,0,1204,2510,11228,0,0,1053,0,0,0,0
337,0,1,1,ACCEPT,16.5524,3.6312,955,-1,2,0.5476,32.61,376.95,38.48,63.44,181.00,319.00,48.00,98.00,0.0000,159.31,1,0,3.1991,ACCEPT,0,875,2357,10827,0,0,955,0,0,0,0
338,0,1,1,ACCEPT,16.8499,2.7809,990,-3,3,0.0081,29.00,382.91,38.48,63.44,178.00,333.00,52.00,84.00,0.0000,157.14,1,0,2.9266,ACCEPT,0,782,2086,13701,0,0,990,0,0,0,0
339,0,1,1,ACCEPT,18.2448,3.3963,1294,-1,3,0.3153,27.80,388.86,38.48,63.44,172.50,330.00,53.00,106.00,0.0000,156.22,1,0,3.0928,ACCEPT,0,1037,2293,15354,0,0,1294,0,0,0,0
340,0,1,1,ACCEPT,18.9202,3.5772,1506,-1,2,0.4641,26.59,392.83,38.48,63.44,169.50,335.00,55.00,110.00,0.0000,154.16,1,0,3.0522,ACCEPT,0,1054,2332,15233,0,0,1506,0,0,0,0
341,0,1,1,ACCEPT,21.4922,4.9878,1641,-1,3,0.2267,25.39,398.78,38.48,63.44,167.50,340.00,57.00,110.00,0.0000,153.79,1,0,3.0430,ACCEPT,0,1103,2460,14451,0,0,1641,0,0,0,0
342,0,1,1,ACCEPT,20.4423,4.5872,1500,-1,3,0.3360,24.19,404.73,38.48,63.44,165.00,351.00,58.00,100.00,0.0000,150.72,1,0,3.1297,ACCEPT,0,1286,2411,14488,0,0,1500,0,0,0,0
343,0,1,1,ACCEPT,20.3038,4.5128,1408,-1,2,0.5874,22.98,408.70,38.48,63.44,162.50,356.00,57.00,104.00,0.0000,149.14,1,0,3.0768,ACCEPT,0,1120,2436,14686,0,0,1408,0,0,0,0
344,0,1,1,ACCEPT,19.4565,4.2500,1411,-1,2,0.6010,21.78,412.67,38.48,63.44,162.50,362.00,63.00,104.00,0.0000,149.56,1,0,2.9553,ACCEPT,0,1082,2503,13653,0,0,1411,0,0,0,0
345,0,1,1,ACCEPT,18.6407,4.0428,1322,0,2,0.6225,21.78,416.64,38.48,63.44,162.00,369.00,62.00,100.00,0.0000,148.09,1,0,3.0424,ACCEPT,0,1042,2554,12062,0,0,1322,0,0,0,0
346,0,1,1,ACCEPT,17.7932,4.2233,1267,-1,2,0.7285,20.58,420.61,38.48,63.44,159.50,374.00,61.00,98.00,0.0000,146.53,1,0,3.0977,ACCEPT,0,1039,2389,11437,0,0,1267,0,0,0,0
347,0,1,1,ACCEPT,19.5932,4.6486,1376,-1,2,0.7515,19.38,424.58,38.48,63.44,161.00,375.50,66.00,103.00,0.0000,149.89,1,0,3.1253,ACCEPT,0,1122,1706,16993,0,0,1376,0,0,0,0
348,0,1,1,ACCEPT,18.5716,3.4431,1725,0,1,0.8806,19.38,426.56,38.48,63.44,162.00,378.00,70.00,100.00,0.0000,150.67,1,0,3.0191,ACCEPT,0,1201,1923,15830,0,0,1725,0,0,0,0
349,0,1,1,ACCEPT,19.4555,3.8653,1894,1,1,0.8136,20.58,428.55,38.48,63.44,159.50,383.00,67.00,104.00,0.0000,146.20,1,0,3.0520,ACCEPT,0,1342,1963,16005,0,0,1894,0,0,0,0
350,0,1,1,ACCEPT,18.9760,4.1648,1895,0,1,0.8723,20.58,430.53,38.48,63.44,161.50,384.00,69.00,102.00,0.0000,148.41,1,0,2.8852,ACCEPT,0,1508,1974,18426,0,0,1895,0,0,0,0
351,0,1,1,ACCEPT,19.6410,3.3333,1980,1,1,0.8333,21.78,432.52,38.48,63.44,162.50,386.50,73.00,103.00,0.0000,148.05,1,0,2.9374,ACCEPT,0,1819,2045,18448,0,0,1980,0,0,0,0
352,0,1,1,ACCEPT,17.6083,3.1543,2044,1,1,0.9560,22.98,434.50,38.48,63.44,160.50,389.50,69.00,103.00,0.0000,144.69,1,0,3.0056,ACCEPT,0,1930,2160,17299,0,0,2044,0,0,0,0
353,0,1,1,ACCEPT,15.2006,2.7513,2069,1,1,0.8932,24.19,436.48,38.48,63.44,158.50,393.00,69.00,106.00,0.0000,141.18,1,0,3.0785,ACCEPT,0,2248,2420,19360,0,0,2069,0,0,0,0
354,0,1,1,ACCEPT,9.9525,2.2509,1884,1,1,0.8822,25.39,438.47,38.48,63.44,161.50,389.50,75.00,109.00,0.0000,144.65,1,0,3.0972,ACCEPT,0,3316,3039,18282,0,0,1884,0,0,0,0
355,0,1,1,ACCEPT,13.3484,2.5803,2490,1,1,0.9422,26.59,440.45,38.48,63.44,159.00,389.00,78.00,104.00,0.0000,142.05,1,0,3.2058,ACCEPT,0,3225,3062,16391,0,0,2490,0,0,0,0
356,0,1,1,ACCEPT,12.4859,2.1070,2225,1,0,0.9555,27.80,440.45,38.48,63.44,156.50,386.00,73.00,108.00,0.0000,139.75,1,0,3.2016,ACCEPT,0,3157,3188,16999,0,0,2225,0,0,0,0
357,0,1,1,ACCEPT,11.6360,1.6267,1926,0,1,0.9377,27.80,442.44,38.48,63.44,156.00,392.50,74.00,107.00,0.0000,137.59,1,0,3.1472,ACCEPT,0,2700,3292,14516,0,0,1926,0,0,0,0
358,0,1,1,ACCEPT,9.3595,1.2302,1539,1,0,0.9636,29.00,442.44,40.02,65.98,158.00,388.00,80.00,102.00,0.0000,140.02,1,1,3.0704,ACCEPT,0,2196,3183,14383,0,0,1539,0,0,0,0
359,0,1,1,ACCEPT,9.7618,1.8886,1322,5,0,0.4932,35.25,442.44,40.02,65.98,154.00,387.50,78.00,115.00,0.0000,130.84,1,0,3.3402,ACCEPT,0,2604,2455,28119,0,0,1322,0,0,0,0
360,0,1,1,ACCEPT,12.3040,2.6768,2120,1,0,0.9019,36.50,442.44,40.02,65.98,154.50,387.50,79.00,111.00,0.0000,130.16,1,0,3.3829,ACCEPT,0,2790,1915,32767,0,0,2120,0,0,0,0
361,0,1,1,ACCEPT,14.3494,2.9632,2418,0,0,1.0000,36.50,442.44,40.02,65.98,154.50,386.00,75.00,112.00,0.0000,130.80,1,0,3.2769,ACCEPT,0,2790,1769,31609,0,0,2418,0,0,0,0
362,0,1,1,ACCEPT,14.6004,3.0232,2216,2,0,0.7324,39.00,442.44,40.02,65.98,153.50,387.50,79.00,109.00,0.0000,127.00,1,0,3.3313,ACCEPT,0,2572,1797,32767,0,0,2216,0,0,0,0
363,0,1,1,ACCEPT,16.4830,3.5740,2777,1,0,0.8383,40.25,442.44,40.02,65.98,154.00,386.00,80.00,112.00,0.0000,126.98,1,0,3.3255,ACCEPT,0,2584,1730,32767,0,0,2777,0,0,0,0
364,0,1,1,ACCEPT,17.5051,3.6034,2789,2,-1,0.7056,42.75,440.38,40.02,65.98,151.50,385.00,73.00,112.00,0.0000,122.04,1,0,3.3195,ACCEPT,0,2798,1729,32767,0,0,2789,0,0,0,0
365,0,1,1,ACCEPT,18.5511,3.6576,2959,0,1,0.9983,42.75,442.44,40.02,65.98,151.50,384.50,77.00,115.00,0.0000,123.22,1,0,3.2914,ACCEPT,0,2622,1781,31602,0,0,2959,0,0,0,0
0,0,0,0,ZERO_RESPONSE,0.0000,0.0000,0,0,0,0.0000,75.50,212.00,35.00,60.00,75.50,212.00,35.00,60.00,1.0000,0.00,1,0,0.0000,NOT_RUN,0,0,12375,5585,1,50,0,0,0,0,0
1,0,1,1,ACCEPT,54.8183,9.4037,1514,0,1,0.9696,75.50,213.88,35.00,60.00,75.50,212.50,37.00,61.00,0.9046,1.38,1,0,3.1868,ACCEPT,0,582,10881,6047,1,50,1514,0,0,0,0
2,0,1,1,ACCEPT,41.9902,8.6590,1498,0,0,1.0000,75.50,213.88,35.00,60.00,75.50,214.00,37.00,62.00,0.9154,0.12,1,0,3.1185,ACCEPT,0,543,9468,6520,1,50,1498,0,0,0,0
3,0,1,1,ACCEPT,29.7516,5.5543,1433,-1,1,0.9107,74.41,215.75,35.00,60.00,75.50,215.00,39.00,60.00,0.8764,1.33,1,0,3.0248,ACCEPT,0,683,8234,7247,1,50,1433,0,0,0,0
4,0,1,1,ACCEPT,24.5389,5.4235,1524,0,0,1.0000,74.41,215.75,35.00,60.00,73.00,219.00,40.00,60.00,0.7902,3.54,1,0,3.0109,ACCEPT,0,771,7118,8612,1,50,1524,0,0,0,0
5,0,1,1,ACCEPT,24.7126,5.0282,1785,0,1,0.8605,74.41,217.62,35.00,60.00,73.00,218.00,42.00,60.00,0.8238,1.46,1,0,2.7365,ACCEPT,0,1059,6038,9326,1,50,1785,0,0,0,0
6,0,1,1,ACCEPT,22.0165,4.6807,1671,-1,1,0.8833,73.31,219.50,35.00,60.00,72.50,220.50,43.00,61.00,0.7887,1.29,1,0,2.6269,ACCEPT,0,1136,5544,10889,1,50,1671,0,0,0,0
7,0,1,1,ACCEPT,19.7574,3.9032,1733,-1,1,0.8719,72.22,221.38,35.00,60.00,72.50,222.00,43.00,60.00,0.7987,0.69,1,0,2.5657,ACCEPT,0,1487,5034,12435,1,50,1733,0,0,0,0
8,0,1,1,ACCEPT,18.1615,4.0252,1759,-1,1,0.8698,71.12,223.25,35.00,60.00,73.00,224.50,40.00,59.00,0.8420,2.25,1,0,2.7125,ACCEPT,0,1677,4761,12637,1,50,1759,0,0,0,0
9,0,1,1,ACCEPT,14.3326,3.4318,1510,0,1,0.9788,71.12,225.12,35.00,60.00,72.50,221.50,39.00,51.00,0.7747,3.88,1,0,2.7116,ACCEPT,0,1619,4159,13957,1,50,1510,0,0,0,0
10,0,1,1,ACCEPT,15.2933,3.8209,1429,-1,0,0.9664,70.03,225.12,35.00,60.00,71.50,222.50,39.00,49.00,0.7470,3.01,1,0,2.7778,ACCEPT,0,1308,4186,14629,1,50,1429,0,0,0,0
11,0,1,1,ACCEPT,16.2677,4.1899,1500,-1,1,0.8467,68.94,227.00,35.00,60.00,71.00,223.50,38.00,49.00,0.7419,4.06,1,0,2.9627,ACCEPT,0,1267,4249,14640,1,50,1500,0,0,0,0
12,0,1,1,ACCEPT,16.1436,4.2676,1451,-1,1,0.9655,67.84,228.88,35.00,60.00,70.00,224.50,40.00,49.00,0.7313,4.88,1,0,3.2337,ACCEPT,0,1147,4144,14890,1,50,1451,0,0,0,0
13,0,1,1,ACCEPT,17.6508,3.8605,1660,0,0,1.0000,67.84,228.88,35.00,60.00,69.00,226.50,40.00,49.00,0.7313,2.64,1,0,3.0937,ACCEPT,0,1178,4292,13620,1,50,1660,0,0,0,0
14,0,1,1,ACCEPT,15.9931,3.8297,1417,-1,1,0.9407,66.75,230.75,35.00,60.00,68.50,228.00,43.00,52.00,0.7234,3.26,1,0,3.3642,ACCEPT,0,1267,4376,12962,1,50,1417,0,0,0,0
15,0,1,1,ACCEPT,17.0991,3.8939,1468,0,0,1.0000,66.75,230.75,35.00,60.00,68.50,228.50,43.00,51.00,0.7117,2.85,1,0,3.4734,ACCEPT,0,1282,4056,13293,1,50,1468,0,0,0,0
16,0,1,1,ACCEPT,16.7102,4.0751,1520,0,0,1.0000,66.75,230.75,35.00,60.00,68.50,228.00,43.00,50.00,0.7000,3.26,1,0,3.5378,ACCEPT,0,1352,4040,9439,1,50,1520,0,0,0,0
17,0,1,1,ACCEPT,17.7899,4.3099,1530,0,0,1.0000,66.75,230.75,35.00,60.00,69.00,227.00,44.00,46.00,0.6404,4.37,1,0,3.4890,ACCEPT,0,1244,4234,8079,1,50,1530,0,0,0,0
18,0,1,1,ACCEPT,17.1179,3.9241,1448,0,0,1.0000,66.75,230.75,35.00,60.00,68.50,230.00,45.00,50.00,0.6731,1.90,1,0,3.2575,ACCEPT,0,1287,4286,7718,1,50,1448,0,0,0,0
19,0,1,1,ACCEPT,16.8307,3.8852,1422,0,1,0.9290,66.75,232.62,35.00,60.00,68.50,229.00,41.00,50.00,0.7292,4.03,1,0,3.2824,ACCEPT,0,1215,4281,7162,1,50,1422,0,0,0,0
20,0,1,1,ACCEPT,16.5012,2.9682,1398,0,0,1.0000,66.75,232.62,35.00,60.00,68.50,227.50,41.00,47.00,0.6906,5.42,1,0,3.2647,ACCEPT,0,1309,4148,7019,1,50,1398,0,0,0,0
21,0,1,1,ACCEPT,15.8497,2.8988,1232,0,0,1.0000,66.75,232.62,35.00,60.00,68.50,228.00,45.00,44.00,0.6063,4.95,1,0,2.7977,ACCEPT,0,1097,3723,7422,1,50,1232,0,0,0,0
22,0,1,1,ACCEPT,16.9198,3.1520,1286,1,0,0.9891,67.84,232.62,35.00,60.00,69.00,227.00,44.00,40.00,0.5691,5.74,1,0,2.9147,ACCEPT,0,1076,3809,7615,1,50,1286,0,0,0,0
23,0,1,1,ACCEPT,17.7780,3.6752,1437,-1,1,0.9805,66.75,234.50,35.00,60.00,68.00,229.00,42.00,42.00,0.6140,5.64,1,0,2.6382,ACCEPT,0,1284,3777,7537,1,50,1437,0,0,0,0
24,0,1,1,ACCEPT,17.3911,3.4949,1370,0,0,1.0000,66.75,234.50,35.00,60.00,70.00,230.50,42.00,43.00,0.6268,5.15,1,0,2.6636,ACCEPT,0,1278,3632,7682,1,50,1370,0,0,0,0
25,0,1,1,ACCEPT,15.5529,2.8988,1403,0,0,1.0000,66.75,234.50,35.00,60.00,70.00,230.00,42.00,40.00,0.5882,5.55,1,0,2.6575,ACCEPT,0,1450,3558,7292,1,50,1403,0,0,0,0
26,0,1,1,ACCEPT,16.6641,3.2553,1390,0,1,0.9187,66.75,236.38,35.00,60.00,69.50,229.50,43.00,39.00,0.5659,7.40,1,0,2.9169,ACCEPT,0,1367,3572,8153,1,50,1390,0,0,0,0
27,0,1,1,ACCEPT,15.6912,3.2636,1498,0,1,0.9740,66.75,238.25,36.40,62.40,70.50,230.00,39.00,38.00,0.5237,9.06,1,1,2.9880,ACCEPT,0,1626,3362,8756,1,50,1498,0,0,0,0
28,0,1,1,ACCEPT,16.9592,3.2756,1664,0,0,1.0000,66.75,238.25,36.40,62.40,71.00,231.00,38.00,38.00,0.5083,8.40,1,0,3.0929,ACCEPT,0,1535,3261,10120,1,50,1664,0,0,0,0
29,0,1,1,ACCEPT,18.4385,3.4263,1905,0,0,1.0000,66.75,238.25,36.40,62.40,71.00,230.50,38.00,35.00,0.4711,8.84,1,0,2.8335,ACCEPT,0,1677,3248,9335,1,50,1905,0,0,0,0
30,0,1,1,ACCEPT,18.8956,3.9052,1894,0,1,0.9293,66.75,240.20,36.40,62.40,70.50,231.50,39.00,35.00,0.4854,9.48,1,0,3.0730,ACCEPT,0,1646,3212,9447,1,50,1894,0,0,0,0
31,0,1,1,ACCEPT,18.7121,3.8506,1856,0,0,1.0000,66.75,240.20,36.40,62.40,70.50,232.50,39.00,35.00,0.4854,8.57,1,0,2.8263,ACCEPT,0,1638,3152,9983,1,50,1856,0,0,0,0
32,0,1,1,ACCEPT,20.0854,3.9885,2086,0,1,0.9094,66.75,242.16,36.40,62.40,69.50,233.50,41.00,35.00,0.5140,9.08,1,0,2.9444,ACCEPT,0,1799,3234,10397,1,50,2086,0,0,0,0
33,0,1,1,ACCEPT,19.9038,3.5438,2183,-1,1,0.9368,65.61,244.11,36.40,62.40,70.00,234.00,40.00,36.00,0.4880,11.02,1,0,3.0261,ACCEPT,0,1829,3163,10986,1,50,2183,0,0,0,0
34,0,1,1,ACCEPT,22.0060,4.0860,2517,0,0,1.0000,65.61,244.11,36.40,62.40,69.00,236.00,42.00,36.00,0.5168,8.79,1,0,2.8723,ACCEPT,0,2003,3123,10484,1,50,2517,0,0,0,0
35,0,1,1,ACCEPT,22.9943,4.1853,2507,0,1,0.9226,65.61,246.06,36.40,62.40,68.50,237.00,41.00,36.00,0.5244,9.51,1,0,3.0263,ACCEPT,0,1857,3140,10936,1,50,2507,0,0,0,0
36,0,1,1,ACCEPT,22.8883,4.0262,2609,-1,1,0.9613,64.47,248.02,36.40,62.40,69.50,239.00,39.00,36.00,0.4706,10.32,1,0,3.1225,ACCEPT,0,1901,3005,11385,1,50,2609,0,0,0,0
37,0,1,1,ACCEPT,23.8287,4.1088,2605,1,0,0.9313,65.61,248.02,36.40,62.40,69.50,240.00,39.00,36.00,0.4951,8.91,1,0,2.8572,ACCEPT,0,1774,2919,11555,1,50,2605,0,0,0,0
38,0,1,1,ACCEPT,19.6110,3.8097,2282,-1,0,0.9036,64.47,248.02,36.40,62.40,68.00,241.00,42.00,36.00,0.5138,7.85,1,0,2.4882,ACCEPT,0,1695,3077,11939,1,50,2282,0,0,0,0
39,0,1,1,ACCEPT,15.7938,3.2395,2015,0,1,0.9727,64.47,249.97,36.40,62.40,68.50,241.00,41.00,32.00,0.4484,9.83,1,0,3.1358,ACCEPT,0,1613,2718,13112,1,50,2015,0,0,0,0
40,0,1,1,ACCEPT,14.3948,2.8870,1839,0,0,1.0000,64.47,249.97,36.40,62.40,68.00,241.50,40.00,33.00,0.4675,9.18,1,0,3.2279,ACCEPT,0,1594,2665,14252,1,50,1839,0,0,0,0
41,0,1,1,ACCEPT,13.4381,2.5527,1718,0,0,1.0000,64.47,249.97,36.40,62.40,68.00,243.00,40.00,36.00,0.5067,7.81,1,0,3.2200,ACCEPT,0,1618,2621,13584,1,50,1718,0,0,0,0
42,0,1,1,ACCEPT,11.6892,2.6620,1701,0,0,1.0000,64.47,249.97,36.40,62.40,67.00,241.50,42.00,37.00,0.5434,8.84,1,0,3.2839,ACCEPT,0,1787,2587,12723,1,50,1701,0,0,0,0
43,0,1,1,ACCEPT,12.8348,3.0341,2136,-1,1,0.8947,63.33,251.92,36.40,62.40,65.50,240.00,43.00,34.00,0.4959,12.12,1,0,3.2799,ACCEPT,0,2164,2215,15249,1,50,2136,0,0,0,0
44,0,1,1,ACCEPT,14.8237,3.5093,2646,-1,0,0.8704,62.19,251.92,36.40,62.40,64.00,240.00,44.00,32.00,0.4632,12.06,1,0,3.3303,ACCEPT,0,2505,1895,17320,1,50,2646,0,0,0,0
45,0,1,1,ACCEPT,15.4469,3.8411,2466,-1,0,0.9574,61.05,251.92,36.40,62.40,63.50,241.00,43.00,32.00,0.4692,11.19,1,0,3.3121,ACCEPT,0,2405,1781,17016,1,50,2466,0,0,0,0
46,0,1,1,ACCEPT,16.5600,3.8912,2611,-1,0,0.9242,59.91,251.92,36.40,62.40,63.50,241.00,41.00,32.00,0.4567,11.50,1,0,3.2794,ACCEPT,0,2472,1773,18698,1,50,2611,0,0,0,0
47,0,1,1,ACCEPT,17.6427,3.8478,2932,-1,0,0.9171,58.77,251.92,36.40,62.40,63.00,241.50,40.00,35.00,0.4789,11.25,1,0,3.1695,ACCEPT,0,2644,1777,18872,1,50,2932,0,0,0,0
48,0,1,1,ACCEPT,17.9911,4.0201,2999,-1,-1,0.9040,57.62,249.97,36.40,62.40,61.50,240.50,41.00,37.00,0.5154,10.23,1,0,3.0080,ACCEPT,0,2681,1760,18941,1,50,2999,0,0,0,0
49,0,1,1,ACCEPT,19.1895,4.2168,3209,-1,0,0.9265,56.48,249.97,37.86,64.90,60.50,240.00,43.00,40.00,0.5354,10.75,1,1,3.0449,ACCEPT,0,2674,1777,17441,1,50,3209,0,0,0,0
50,0,1,1,ACCEPT,19.9627,4.8726,3099,0,0,1.0000,56.48,249.97,37.86,64.90,60.50,239.00,41.00,44.00,0.5659,11.68,1,0,3.1757,ACCEPT,0,2519,1908,19778,1,50,3099,0,0,0,0
51,0,1,1,ACCEPT,18.9224,4.2380,3365,-1,-1,0.8847,55.30,247.94,37.86,64.90,59.00,239.00,42.00,38.00,0.5144,9.67,1,0,3.1992,ACCEPT,0,2909,1845,19521,1,50,3365,0,0,0,0
52,0,1,1,ACCEPT,19.2234,3.9977,3446,-2,0,0.7150,52.92,247.94,37.86,64.90,57.00,240.00,44.00,40.00,0.5374,8.92,1,0,3.3229,ACCEPT,0,3011,1712,20719,1,50,3446,0,0,0,0
53,0,1,1,ACCEPT,18.1534,3.1823,3230,-2,-1,0.7604,50.55,245.91,37.86,64.90,56.50,238.00,41.00,36.00,0.4418,9.90,1,0,3.3356,ACCEPT,0,2848,1763,19240,1,50,3230,0,0,0,0
54,0,1,1,ACCEPT,15.3293,2.8086,2598,-1,-1,0.8283,49.36,243.88,37.86,64.90,54.50,238.00,39.00,40.00,0.4959,7.81,1,0,3.2203,ACCEPT,0,2469,1879,18038,1,50,2598,0,0,0,0
55,0,1,1,ACCEPT,13.4762,3.1571,2090,-1,-1,0.8737,48.17,241.84,37.86,64.90,49.50,235.00,37.00,34.00,0.4935,6.97,1,0,3.1225,ACCEPT,0,2211,2018,15374,1,50,2090,0,0,0,0
56,0,1,1,ACCEPT,12.0026,2.3384,1693,-2,0,0.8452,45.80,241.84,37.86,64.90,48.00,233.00,36.00,34.00,0.4722,9.11,1,0,3.1543,ACCEPT,0,2041,1725,13643,1,50,1693,0,0,0,0
57,0,1,1,ACCEPT,10.5658,1.7195,1312,-2,0,0.9253,43.42,241.84,37.86,64.90,50.00,230.00,42.00,30.00,0.3683,13.55,1,0,3.2864,ACCEPT,0,1891,1796,14943,1,50,1312,0,0,0,0
58,0,1,1,ACCEPT,11.5282,1.9808,1446,0,0,1.0000,43.42,241.84,37.86,64.90,48.00,230.50,42.00,29.00,0.3869,12.23,1,0,3.3682,ACCEPT,0,1925,1852,14975,1,50,1446,0,0,0,0
59,0,1,1,ACCEPT,12.9031,2.1338,1643,-1,-1,0.8874,42.23,239.81,37.86,64.90,47.00,227.00,42.00,24.00,0.3220,13.67,1,0,3.1650,ACCEPT,0,1917,1817,15865,1,50,1643,0,0,0,0
60,0,1,1,ACCEPT,13.8291,2.7493,1864,-2,0,0.8106,39.86,239.81,37.86,64.90,45.50,227.50,41.00,25.00,0.3203,13.54,1,0,3.2187,ACCEPT,0,2073,1759,17939,1,50,1864,0,0,0,0
61,0,1,1,ACCEPT,14.2720,2.9670,2157,-1,0,0.8484,38.67,239.81,37.86,64.90,44.50,227.00,43.00,26.00,0.3363,14.08,1,0,3.3242,ACCEPT,0,2249,1753,18212,1,50,2157,0,0,0,0
62,0,1,1,ACCEPT,14.0631,3.0623,2358,-2,0,0.7540,36.30,239.81,37.86,64.90,43.00,225.50,42.00,23.00,0.2874,15.80,1,0,3.3122,ACCEPT,0,2624,1737,17731,1,50,2358,0,0,0,0
63,0,1,1,ACCEPT,14.0194,2.7412,2415,0,0,1.0000,36.30,239.81,37.86,64.90,37.50,227.00,51.00,24.00,0.3277,12.87,1,0,3.2807,ACCEPT,0,2573,1740,19047,1,50,2415,0,0,0,0
64,0,1,1,ACCEPT,15.3182,2.6943,2961,-1,0,0.9531,35.11,239.81,37.86,64.90,35.50,227.00,45.00,26.00,0.3725,12.82,1,0,3.2014,ACCEPT,0,2827,1796,17922,1,50,2961,0,0,0,0
65,0,1,1,ACCEPT,15.7005,2.5544,2958,-1,0,0.8753,33.92,239.81,37.86,64.90,35.00,226.00,52.00,22.00,0.3009,13.85,1,0,3.2525,ACCEPT,0,2653,1740,17096,1,50,2958,0,0,0,0
66,0,1,1,ACCEPT,15.4767,2.4976,2650,-2,0,0.8045,31.55,239.81,37.86,64.90,33.50,224.50,51.00,19.00,0.2658,15.44,1,0,3.3130,ACCEPT,0,2564,1832,16155,1,50,2650,0,0,0,0
67,0,1,1,ACCEPT,17.2478,3.2982,2411,-1,0,0.9179,30.36,239.81,37.86,64.90,32.50,224.00,49.00,20.00,0.2826,15.96,1,0,3.2736,ACCEPT,0,2005,1873,15679,1,50,2411,0,0,0,0
68,0,1,1,ACCEPT,16.8393,3.4261,2179,-1,0,0.9683,29.17,239.81,37.86,64.90,28.00,222.00,52.00,14.00,0.1996,17.85,1,0,3.2377,ACCEPT,0,1926,1899,16158,1,50,2179,0,0,0,0
69,0,1,1,ACCEPT,13.4166,2.4673,1700,-1,0,0.9441,27.98,239.81,36.40,62.40,31.00,222.50,48.00,15.00,0.2233,17.57,1,-1,3.1049,ACCEPT,0,1934,1776,13712,1,50,1700,0,0,0,0
70,0,1,1,ACCEPT,14.8697,2.7573,1704,-2,0,0.8322,25.70,239.81,36.40,62.40,28.50,223.50,51.00,13.00,0.1923,16.55,1,0,3.2712,ACCEPT,0,1756,1761,12825,1,50,1704,0,0,0,0
71,0,1,1,ACCEPT,15.7810,2.8253,1763,-1,0,0.8486,24.56,239.81,36.40,62.40,28.00,223.50,52.00,13.00,0.1913,16.67,1,0,3.2013,ACCEPT,0,1752,1824,12942,1,50,1763,0,0,0,0
72,0,1,1,ACCEPT,15.5794,3.0117,1807,-2,0,0.7897,22.28,239.81,36.40,62.40,30.00,222.00,48.00,14.00,0.1962,19.41,1,0,3.1519,ACCEPT,0,1814,1884,12589,1,50,1807,0,0,0,0
73,0,1,1,ACCEPT,14.2621,2.9002,1540,0,0,1.0000,22.28,239.81,35.00,60.00,30.00,224.00,44.00,12.00,0.1698,17.60,1,-1,3.0201,ACCEPT,0,1668,1959,12963,1,50,1540,0,0,0,0
74,0,1,1,ACCEPT,12.9213,2.5304,1331,-1,1,0.8745,21.19,241.69,35.00,60.00,28.50,225.00,43.00,12.00,0.1701,18.22,1,0,3.2428,ACCEPT,0,1566,2054,11787,1,50,1331,0,0,0,0
75,0,1,1,ACCEPT,11.9251,2.0984,1194,-2,0,0.7831,19.00,241.69,35.00,60.00,29.50,226.00,41.00,14.00,0.1682,18.88,1,0,3.1592,ACCEPT,0,1573,2127,11395,1,50,1194,0,0,0,0
76,0,1,1,ACCEPT,11.9127,2.1971,1059,-2,0,0.8414,16.81,241.69,35.00,60.00,28.00,226.50,44.00,13.00,0.1598,18.86,1,0,3.1004,ACCEPT,0,1567,2137,11116,1,50,1059,0,0,0,0
77,0,1,1,ACCEPT,11.1228,2.5028,901,-1,1,0.8779,15.72,243.56,35.00,60.00,29.00,228.00,42.00,14.00,0.1512,20.46,1,0,3.3110,ACCEPT,0,1443,2179,11369,1,50,901,0,0,0,0
78,0,1,1,ACCEPT,8.9202,2.2371,821,-1,0,0.9135,14.62,243.56,35.00,60.00,26.50,229.50,41.00,13.00,0.1481,18.41,1,0,3.4552,ACCEPT,0,1525,2243,12851,1,50,821,0,0,0,0
79,0,1,1,ACCEPT,7.9729,1.9437,863,-1,0,0.8980,13.53,243.56,35.00,60.00,27.00,231.00,40.00,18.00,0.1812,18.42,1,0,3.4263,ACCEPT,0,1688,2259,13979,1,50,863,0,0,0,0
80,0,1,1,ACCEPT,9.1566,1.7366,1101,-1,1,0.8256,12.44,245.44,35.00,60.00,26.50,232.50,45.00,15.00,0.1631,19.11,1,0,3.4275,ACCEPT,0,1921,2328,14259,1,50,1101,0,0,0,0
81,0,1,1,ACCEPT,8.8180,1.8094,1006,-1,1,0.9334,11.34,247.31,35.00,60.00,29.00,234.00,42.00,14.00,0.1218,22.11,1,0,3.0707,ACCEPT,0,1836,2429,11907,1,50,1006,0,0,0,0
82,0,1,1,ACCEPT,8.5027,2.0141,858,0,0,1.0000,11.34,247.31,35.00,60.00,29.00,235.00,44.00,14.00,0.1269,21.53,1,0,3.2408,ACCEPT,0,1694,2193,12618,1,50,858,0,0,0,0
83,0,1,1,ACCEPT,8.8177,2.0692,867,-1,1,0.8328,10.25,249.19,35.00,60.00,28.00,241.00,48.00,20.00,0.1838,19.55,1,0,3.1114,ACCEPT,0,1646,2268,10835,1,50,867,0,0,0,0
84,0,1,1,ACCEPT,9.1535,1.9913,914,0,1,0.9617,10.25,251.06,35.00,60.00,28.00,243.00,48.00,22.00,0.1984,19.50,1,0,3.1477,ACCEPT,0,1637,2332,14235,1,50,914,0,0,0,0
85,0,1,1,ACCEPT,6.7028,1.6517,844,-1,1,0.9882,9.16,252.94,35.00,60.00,32.00,240.00,46.00,14.00,0.0990,26.25,1,0,2.9742,ACCEPT,0,2039,2341,12280,1,50,844,0,0,0,0
86,0,1,1,ACCEPT,7.8597,1.7519,692,0,0,1.0000,9.16,252.94,35.00,60.00,33.50,240.50,45.00,11.00,0.0711,27.34,1,0,3.2203,ACCEPT,0,1650,2717,8966,1,50,692,0,0,0,0
87,0,1,1,ACCEPT,9.6636,1.8910,607,-1,1,0.8699,8.06,254.81,35.00,60.00,36.50,241.00,45.00,14.00,0.0630,31.61,1,0,2.9554,ACCEPT,0,1276,2705,8388,1,50,607,0,0,0,0
88,0,1,1,ACCEPT,10.5501,2.2869,574,0,0,1.0000,8.06,254.81,35.00,60.00,39.00,242.50,46.00,13.00,0.0483,33.30,1,0,3.1591,ACCEPT,0,1184,2753,8198,1,50,574,0,0,0,0
89,0,1,1,ACCEPT,11.7989,2.7533,625,0,1,0.9328,8.06,256.69,35.00,60.00,42.50,244.00,53.00,12.00,0.0438,36.70,1,0,3.1399,ACCEPT,0,1119,2555,9595,1,50,625,0,0,0,0
90,0,1,1,ACCEPT,11.6297,2.9234,687,-1,0,0.9738,6.97,256.69,35.00,60.00,43.50,246.50,51.00,11.00,0.0275,37.93,1,0,3.0256,ACCEPT,0,1375,2689,9119,1,50,687,0,0,0,0
91,0,1,1,ACCEPT,12.1890,3.0837,700,0,1,0.9143,6.97,258.56,35.00,60.00,45.00,247.00,52.00,14.00,0.0278,39.75,1,0,3.1714,ACCEPT,0,1224,2730,8555,1,50,700,0,0,0,0
92,0,1,1,ACCEPT,13.1522,3.4167,738,0,1,0.9661,6.97,260.44,35.00,60.00,42.50,250.00,71.00,14.00,0.0858,37.03,1,0,3.0419,ACCEPT,0,1237,2802,9152,1,50,738,0,0,0,0
93,0,1,1,ACCEPT,9.5806,2.4180,619,-1,1,0.8772,5.88,262.31,35.00,60.00,49.50,251.00,81.00,14.00,0.0664,45.07,1,0,2.8476,ACCEPT,0,1189,2334,10774,1,50,619,0,0,0,0
94,0,1,1,ACCEPT,8.9302,2.4274,602,0,0,1.0000,5.88,262.31,35.00,60.00,50.00,250.50,84.00,13.00,0.0668,45.68,1,0,2.9887,ACCEPT,0,1280,2248,9795,1,50,602,0,0,0,0
95,0,1,1,ACCEPT,9.9997,2.4467,597,0,1,0.9313,5.88,264.19,35.00,60.00,53.00,251.50,88.00,13.00,0.0611,48.80,1,0,3.0090,ACCEPT,0,1193,2268,11417,1,50,597,0,0,0,0
96,0,1,1,ACCEPT,11.4688,2.4277,755,-1,0,0.9298,4.78,264.19,35.00,60.00,55.50,252.50,93.00,13.00,0.0551,52.05,1,0,3.1131,ACCEPT,0,1278,2156,9184,1,50,755,0,0,0,0
97,0,1,1,ACCEPT,12.4277,2.9000,696,-1,1,0.9282,3.69,266.06,35.00,60.00,63.00,253.50,90.00,15.00,0.0141,60.63,1,0,3.0575,ACCEPT,0,1030,2053,9810,1,50,696,0,0,0,0
98,0,1,1,ACCEPT,11.8228,3.0193,625,0,0,1.0000,3.69,266.06,35.00,60.00,65.00,253.00,96.00,14.00,0.0173,62.69,1,0,3.1125,ACCEPT,0,1063,2188,8028,1,50,625,0,0,0,0
99,0,1,1,ACCEPT,12.8062,2.7150,562,0,1,0.9626,3.69,267.94,35.00,60.00,70.00,254.00,96.00,14.00,0.0000,67.76,1,0,2.9147,ACCEPT,0,852,2177,8662,1,50,562,0,0,0,0
100,0,1,1,ACCEPT,12.8264,2.9091,608,-1,0,0.8618,2.59,267.94,35.00,60.00,75.00,253.50,100.00,13.00,0.0000,73.83,1,0,3.0229,ACCEPT,0,930,2314,8797,1,50,608,0,0,0,0
101,0,1,1,ACCEPT,13.5649,3.0482,695,-2,0,0.7885,0.41,267.94,35.00,60.00,73.00,252.50,100.00,13.00,0.0000,74.22,1,0,3.1024,ACCEPT,0,937,2387,9294,1,50,695,0,0,0,0
102,0,1,1,ACCEPT,13.4148,3.3283,659,0,0,1.0000,0.41,267.94,35.00,60.00,74.50,253.50,107.00,13.00,0.0000,75.49,1,0,3.1102,ACCEPT,0,989,2353,9605,1,50,659,0,0,0,0
103,0,1,1,ACCEPT,14.2403,3.2258,700,-1,0,0.9300,-0.69,267.94,35.00,60.00,85.00,253.00,102.00,16.00,0.0000,86.98,1,0,3.1230,ACCEPT,0,920,2250,11121,1,50,700,0,0,0,0
104,0,1,1,ACCEPT,14.3964,3.0769,800,-2,0,0.8125,-2.88,267.94,35.00,60.00,84.00,252.50,100.00,13.00,0.0000,88.24,1,0,3.1584,ACCEPT,0,973,2174,12391,1,50,800,0,0,0,0
105,0,1,1,ACCEPT,11.9067,2.8814,729,-1,0,0.8477,-3.97,267.94,35.00,60.00,98.50,252.00,87.00,12.00,0.0000,103.70,1,0,3.1035,ACCEPT,0,1073,2135,11309,1,50,729,0,0,0,0
106,0,1,1,ACCEPT,14.0053,3.1408,669,-1,0,0.8356,-5.06,267.94,35.00,60.00,97.00,252.00,92.00,14.00,0.0000,103.30,1,0,3.0814,ACCEPT,0,943,2204,11476,1,50,669,0,0,0,0
107,0,1,1,ACCEPT,15.6490,3.9769,688,-1,0,0.9113,-6.16,267.94,35.00,60.00,112.50,251.50,71.00,17.00,0.0000,119.79,1,0,3.0039,ACCEPT,0,955,2377,10342,1,50,688,0,0,0,0
108,0,1,1,ACCEPT,15.6633,3.7917,637,-1,0,0.9827,-7.25,267.94,35.00,60.00,112.00,253.00,76.00,18.00,0.0000,120.18,1,0,2.8964,ACCEPT,0,888,2444,9983,1,50,637,0,0,0,0
109,0,1,1,ACCEPT,16.3633,3.2657,676,0,0,1.0000,-7.25,267.94,35.00,60.00,116.50,253.00,61.00,18.00,0.0000,124.65,1,0,2.8321,ACCEPT,0,860,2333,10781,1,50,676,0,0,0,0
110,0,1,1,ACCEPT,17.0364,3.9402,725,0,0,1.0000,-7.25,267.94,35.00,60.00,121.00,253.00,70.00,18.00,0.0000,129.12,1,0,2.7679,ACCEPT,0,910,2343,10515,1,50,725,0,0,0,0
111,0,1,1,ACCEPT,16.5623,4.0405,699,0,0,1.0000,-7.25,267.94,35.00,60.00,124.00,251.50,76.00,19.00,0.0000,132.28,1,0,2.7117,ACCEPT,0,878,2511,9245,1,50,699,0,0,0,0
112,0,1,1,ACCEPT,15.2992,3.5148,594,0,0,1.0000,-7.25,267.94,35.00,60.00,131.50,252.00,59.00,16.00,0.0000,139.66,1,0,2.6093,ACCEPT,0,843,2599,8938,1,50,594,0,0,0,0
113,0,1,1,ACCEPT,14.9345,3.3515,553,0,-1,0.9910,-7.25,266.06,35.00,60.00,133.00,251.50,58.00,17.00,0.0000,141.00,1,0,2.7448,ACCEPT,0,774,2523,8674,1,50,553,0,0,0,0
114,0,1,1,ACCEPT,14.8555,3.3571,517,1,0,0.9961,-6.16,266.06,35.00,60.00,139.50,251.50,63.00,13.00,0.0000,146.38,1,0,2.6574,ACCEPT,0,695,2488,8588,1,50,517,0,0,0,0
115,0,1,1,ACCEPT,15.7718,3.8973,569,0,-1,0.9947,-6.16,264.19,35.00,60.00,139.50,250.00,65.00,12.00,0.0000,146.35,1,0,2.9019,ACCEPT,0,715,2538,10671,1,50,569,0,0,0,0
116,0,1,1,ACCEPT,14.7787,3.2995,650,0,0,1.0000,-6.16,264.19,35.00,60.00,145.00,251.00,66.00,16.00,0.0000,151.73,1,0,2.8536,ACCEPT,0,989,2398,10556,1,50,650,0,0,0,0
117,0,1,1,ACCEPT,14.1047,2.7907,600,1,-1,0.7617,-5.06,262.31,35.00,60.00,144.00,249.50,72.00,19.00,0.0000,149.61,1,0,3.5019,ACCEPT,0,885,2616,11520,1,50,600,0,0,0,0
118,0,1,1,ACCEPT,14.5267,2.5918,762,0,-1,0.9711,-5.06,260.44,35.00,60.00,147.00,248.00,76.00,18.00,0.0000,152.57,1,0,3.3465,ACCEPT,0,1113,2644,10816,1,50,762,0,0,0,0
119,0,1,1,ACCEPT,15.2453,2.5587,806,0,0,1.0000,-5.06,260.44,35.00,60.00,147.50,245.00,77.00,18.00,0.0000,153.34,1,0,3.2723,ACCEPT,0,1070,2508,11076,1,50,806,0,0,0,0
120,0,1,1,ACCEPT,15.3685,2.4081,891,0,-1,0.9843,-5.06,258.56,35.00,60.00,150.50,244.00,81.00,18.00,0.0000,156.24,1,0,3.2858,ACCEPT,0,1154,2549,11276,1,50,891,0,0,0,0
121,0,1,1,ACCEPT,16.4421,2.5757,953,1,-1,0.8930,-3.97,256.69,35.00,60.00,152.00,240.50,78.00,23.00,0.0000,156.81,1,0,3.3452,ACCEPT,0,1108,2347,11815,1,50,953,0,0,0,0
122,0,1,1,ACCEPT,17.3485,2.7100,1084,0,0,1.0000,-3.97,256.69,35.00,60.00,161.00,239.50,64.00,17.00,0.0000,165.86,1,0,3.3800,ACCEPT,0,1066,2166,13145,1,50,1084,0,0,0,0
123,0,1,1,ACCEPT,16.9770,3.0136,1106,0,0,1.0000,-3.97,256.69,35.00,60.00,162.50,240.00,61.00,20.00,0.0000,167.30,1,0,3.3416,ACCEPT,0,1045,1972,12971,1,50,1106,0,0,0,0
124,0,1,1,ACCEPT,16.0252,2.8086,1042,1,-1,0.8349,-2.88,254.81,35.00,60.00,163.50,236.50,57.00,21.00,0.0000,167.38,1,0,3.2604,ACCEPT,0,1095,1625,13317,1,50,1042,0,0,0,0
125,0,1,1,ACCEPT,16.1514,2.9187,1077,0,0,1.0000,-2.88,254.81,35.00,60.00,166.00,235.00,56.00,22.00,0.0000,170.03,1,0,3.0290,ACCEPT,0,925,1278,15177,1,50,1077,0,0,0,0
126,0,1,1,ACCEPT,15.3805,2.4482,1087,1,0,0.9338,-1.78,254.81,35.00,60.00,169.50,234.00,55.00,26.00,0.0000,172.54,1,0,2.8456,ACCEPT,0,907,1421,16449,1,50,1087,0,0,0,0
127,0,1,1,ACCEPT,14.2868,2.3142,1171,0,0,1.0000,-1.78,254.81,35.00,60.00,170.50,232.00,57.00,28.00,0.0000,173.79,1,0,2.5105,ACCEPT,0,1249,1373,18803,1,50,1171,0,0,0,0
128,0,1,1,ACCEPT,13.7983,1.8360,1131,0,0,1.0000,-1.78,254.81,35.00,60.00,171.00,231.00,54.00,30.00,0.0000,174.41,1,0,2.3852,ACCEPT,0,1252,1464,20395,1,50,1131,0,0,0,0
129,0,1,1,ACCEPT,12.3872,1.8730,1150,1,0,0.9574,-0.69,254.81,35.00,60.00,173.00,230.00,56.00,32.00,0.0000,175.45,1,0,2.6355,ACCEPT,0,1476,1275,25749,1,50,1150,0,0,0,0
130,0,1,1,ACCEPT,12.0698,2.0439,1257,0,0,1.0000,-0.69,254.81,36.40,62.40,174.50,229.50,57.00,31.00,0.0000,177.01,1,1,2.8291,ACCEPT,0,1797,1409,26092,1,50,1257,0,0,0,0
131,0,1,1,ACCEPT,12.3346,2.0908,1313,0,0,1.0000,-0.69,254.81,36.40,62.40,176.50,230.00,57.00,30.00,0.0000,178.92,1,0,3.3072,ACCEPT,0,1913,1626,25314,1,50,1313,0,0,0,0
132,0,1,1,ACCEPT,11.6830,1.8861,1126,0,-1,0.9654,-0.69,252.86,36.40,62.40,179.50,226.50,57.00,35.00,0.0000,182.11,1,0,2.6184,ACCEPT,0,1646,1626,24067,1,50,1126,0,0,0,0
133,0,1,1,ACCEPT,14.1036,2.3933,1077,1,0,0.9062,0.45,252.86,36.40,62.40,184.50,226.00,53.00,34.00,0.0000,186.00,1,0,2.9347,ACCEPT,0,1344,1885,21841,1,50,1077,0,0,0,0
134,0,1,1,ACCEPT,14.6288,2.5649,1126,1,0,0.9112,1.59,252.86,36.40,62.40,185.50,226.00,53.00,34.00,0.0000,185.86,1,0,2.9888,ACCEPT,0,1369,1935,23430,1,50,1126,0,0,0,0
135,0,1,1,ACCEPT,12.6678,2.2343,1106,0,0,1.0000,1.59,252.86,36.40,62.40,188.00,225.50,52.00,35.00,0.0000,188.40,1,0,2.9808,ACCEPT,0,1439,2073,21518,1,50,1106,0,0,0,0
136,0,1,1,ACCEPT,11.5701,2.3995,895,1,0,0.7698,2.73,252.86,36.40,62.40,189.50,225.00,55.00,36.00,0.0000,188.83,1,0,3.0472,ACCEPT,0,1221,2015,18743,1,50,895,0,0,0,0
137,0,1,1,ACCEPT,10.7039,2.4089,754,1,0,0.7918,3.88,252.86,36.40,62.40,194.00,224.00,56.00,40.00,0.0000,192.30,1,0,3.1073,ACCEPT,0,1109,2273,16893,1,50,754,0,0,0,0
138,0,1,1,ACCEPT,13.1057,2.4887,774,1,-1,0.7287,5.02,250.91,36.40,62.40,195.50,223.50,57.00,43.00,0.0000,192.45,1,0,3.2184,ACCEPT,0,1011,2459,14036,1,50,774,0,0,0,0
139,0,1,1,ACCEPT,12.6140,2.7300,647,2,0,0.7202,7.30,250.91,36.40,62.40,198.00,224.00,56.00,46.00,0.0000,192.59,1,0,3.1973,ACCEPT,0,960,1906,16883,1,50,647,0,0,0,0
140,0,1,1,ACCEPT,11.3292,2.2632,688,1,0,0.9259,8.44,250.91,36.40,62.40,200.50,223.50,57.00,49.00,0.0000,194.01,1,0,3.2342,ACCEPT,0,959,2032,18817,1,50,688,0,0,0,0
141,0,1,1,ACCEPT,13.4047,2.5534,932,1,0,0.9056,9.58,250.91,36.40,62.40,204.50,222.50,51.00,53.00,0.0000,196.98,1,0,3.2142,ACCEPT,0,1104,1191,25521,1,50,932,0,0,0,0
142,0,1,1,ACCEPT,15.0686,2.8221,1126,0,0,1.0000,9.58,250.91,36.40,62.40,205.50,222.50,53.00,55.00,0.0000,197.97,1,0,3.1608,ACCEPT,0,1339,1357,24836,1,50,1126,0,0,0,0
143,0,1,1,ACCEPT,15.1575,2.8388,1127,1,0,0.9689,10.72,250.91,36.40,62.40,206.00,221.00,52.00,56.00,0.0000,197.56,1,0,3.2011,ACCEPT,0,1335,1358,22364,1,50,1127,0,0,0,0
144,0,1,1,ACCEPT,16.7920,3.0951,1139,0,0,1.0000,10.72,250.91,36.40,62.40,207.00,218.50,52.00,59.00,0.0000,198.94,1,0,3.1785,ACCEPT,0,1257,1471,20817,1,50,1139,0,0,0,0
145,0,1,1,ACCEPT,18.5449,3.5225,1173,0,0,1.0000,10.72,250.91,36.40,62.40,207.00,217.00,52.00,60.00,0.0000,199.19,1,0,3.1597,ACCEPT,0,1070,1600,19106,1,50,1173,0,0,0,0
146,0,1,1,ACCEPT,17.8360,3.5806,1221,0,0,1.0000,10.72,250.91,36.40,62.40,206.50,213.00,53.00,72.00,0.0000,199.42,1,0,3.1819,ACCEPT,0,1050,1752,17256,1,50,1221,0,0,0,0
147,0,1,1,ACCEPT,19.5860,3.6551,1155,0,-1,0.9299,10.72,248.95,36.40,62.40,208.00,209.50,54.00,73.00,0.0000,201.19,1,0,3.1822,ACCEPT,0,930,1721,16378,1,50,1155,0,0,0,0
148,0,1,1,ACCEPT,18.6517,3.9391,1099,0,0,1.0000,10.72,248.95,36.40,62.40,208.00,210.00,56.00,70.00,0.0000,201.09,1,0,3.1658,ACCEPT,0,1002,1644,16587,1,50,1099,0,0,0,0
149,0,1,1,ACCEPT,19.9209,4.4598,1164,0,-1,0.8866,10.72,247.00,36.40,62.40,208.50,208.50,53.00,67.00,0.0000,201.49,1,0,3.2076,ACCEPT,0,1003,1654,16666,1,50,1164,0,0,0,0
150,0,1,1,ACCEPT,21.6525,4.8294,1217,0,-1,0.9753,10.72,245.05,36.40,62.40,208.50,208.50,55.00,65.00,0.0000,201.13,1,0,3.1943,ACCEPT,0,1040,1483,19029,1,50,1217,0,0,0,0
151,0,1,1,ACCEPT,22.1184,5.0630,1367,0,0,1.0000,10.72,245.05,36.40,62.40,208.50,204.50,55.00,71.00,0.0000,201.89,1,0,3.1595,ACCEPT,0,1100,1495,18938,1,50,1367,0,0,0,0
152,0,1,1,ACCEPT,22.7036,4.7808,1396,0,-1,0.9076,10.72,243.09,36.40,62.40,209.50,202.50,55.00,75.00,0.0000,202.88,1,0,3.1938,ACCEPT,0,1077,1390,20017,1,50,1396,0,0,0,0
153,0,1,1,ACCEPT,20.0222,5.5814,1200,0,-1,0.9658,10.72,241.14,36.40,62.40,211.00,198.00,54.00,76.00,0.0000,204.87,1,0,3.1883,ACCEPT,0,925,1613,17368,1,50,1200,0,0,0,0
154,0,1,1,ACCEPT,22.0420,5.6073,1228,1,0,0.9178,11.86,241.14,36.40,62.40,210.00,196.50,52.00,77.00,0.0000,203.11,1,0,3.1725,ACCEPT,0,911,1591,19016,1,50,1228,0,0,0,0
155,0,1,1,ACCEPT,21.2144,5.1004,1270,1,-1,0.8055,13.00,239.19,36.40,62.40,213.00,190.00,52.00,80.00,0.0000,205.96,1,0,3.2290,ACCEPT,0,1042,1486,18830,1,50,1270,0,0,0,0
156,0,1,1,ACCEPT,21.2683,5.4866,1229,1,-1,0.7697,14.14,237.23,36.40,62.40,215.00,190.50,54.00,81.00,0.0000,206.22,1,0,3.2566,ACCEPT,0,1051,1427,18013,1,50,1229,0,0,0,0
157,0,1,1,ACCEPT,23.0581,6.3582,1278,1,-1,0.7723,15.28,235.28,36.40,62.40,215.50,184.50,53.00,85.00,0.0000,206.56,1,0,3.2357,ACCEPT,0,1037,1511,17460,1,50,1278,0,0,0,0
158,0,1,1,ACCEPT,22.7551,4.8094,1337,1,-1,0.7532,16.42,233.33,36.40,62.40,217.50,181.00,51.00,84.00,0.0000,207.78,1,0,3.2120,ACCEPT,0,1135,1448,17654,1,50,1337,0,0,0,0
159,0,1,1,ACCEPT,23.1255,4.3333,1417,2,-1,0.7375,18.70,231.38,36.40,62.40,220.50,178.00,53.00,86.00,0.0000,208.74,1,0,3.2225,ACCEPT,0,1130,1802,17555,1,50,1417,0,0,0,0
160,0,1,1,ACCEPT,22.9137,4.8350,1465,1,0,0.9686,19.84,231.38,36.40,62.40,221.00,175.50,50.00,95.00,0.0000,208.77,1,0,3.0878,ACCEPT,0,1212,1841,19002,1,50,1465,0,0,0,0
161,0,1,1,ACCEPT,20.9541,4.1293,1437,1,-1,0.8065,20.98,229.42,36.40,62.40,224.00,176.00,52.00,90.00,0.0000,209.93,1,0,3.1686,ACCEPT,0,1254,1889,20916,1,50,1437,0,0,0,0
162,0,1,1,ACCEPT,18.1414,3.6120,1499,1,0,0.8519,22.12,229.42,36.40,62.40,224.50,169.00,49.00,96.00,0.0000,211.20,1,0,3.0168,ACCEPT,0,1201,1772,24920,1,50,1499,0,0,0,0
163,0,1,1,ACCEPT,18.3315,4.1495,1776,1,-1,0.7342,23.27,227.47,36.40,62.40,226.50,166.50,51.00,97.00,0.0000,212.18,1,0,3.1602,ACCEPT,0,1370,1800,23273,1,50,1776,0,0,0,0
164,0,1,1,ACCEPT,19.9792,4.6993,2063,2,-1,0.6723,25.55,225.52,36.40,62.40,226.50,166.50,51.00,97.00,0.0000,209.44,1,0,3.2603,ACCEPT,0,1491,1932,22819,1,50,2063,0,0,0,0
165,0,1,1,ACCEPT,21.7496,4.6796,2527,0,-1,0.9311,25.55,223.56,36.40,62.40,231.50,163.00,53.00,100.00,0.0000,214.67,1,0,3.1880,ACCEPT,0,1632,2152,21909,1,50,2527,0,0,0,0
166,0,1,1,ACCEPT,22.0448,4.9219,2584,1,0,0.9915,26.69,223.56,36.40,62.40,232.00,161.50,54.00,95.00,0.0000,214.49,1,0,3.2380,ACCEPT,0,1638,2180,23695,1,50,2584,0,0,0,0
167,0,1,1,ACCEPT,21.1674,4.2504,2665,1,-1,0.8503,27.83,221.61,36.40,62.40,233.00,160.50,54.00,95.00,0.0000,214.08,1,0,3.2482,ACCEPT,0,1814,2089,23374,1,50,2665,0,0,0,0
168,0,1,1,ACCEPT,19.9012,4.5118,2486,0,-1,0.9224,27.83,219.66,36.40,62.40,234.50,158.50,55.00,93.00,0.0000,215.53,1,0,3.2319,ACCEPT,0,1769,2095,23469,1,50,2486,0,0,0,0
169,0,1,1,ACCEPT,20.8849,4.4404,2531,0,-1,0.9036,27.83,217.70,36.40,62.40,236.50,156.50,53.00,93.00,0.0000,217.46,1,0,3.2506,ACCEPT,0,1739,2000,22911,1,50,2531,0,0,0,0
170,0,1,1,ACCEPT,19.8735,4.0835,2397,1,-1,0.8986,28.97,215.75,36.40,62.40,237.00,155.00,54.00,92.00,0.0000,216.72,1,0,3.2500,ACCEPT,0,1818,1881,26576,1,50,2397,0,0,0,0
171,0,1,1,ACCEPT,22.4028,5.0664,2670,0,-1,0.9573,28.97,213.80,36.40,62.40,237.50,152.50,55.00,91.00,0.0000,217.35,1,0,3.2615,ACCEPT,0,1775,1832,25292,1,50,2670,0,0,0,0
172,0,1,1,ACCEPT,19.6366,4.0017,2405,0,0,1.0000,28.97,213.80,36.40,62.40,236.50,153.50,57.00,91.00,0.0000,216.11,1,0,3.1701,ACCEPT,0,1792,1910,21862,1,50,2405,0,0,0,0
173,0,1,1,ACCEPT,19.7848,3.7065,2235,0,-1,0.9902,28.97,211.84,36.40,62.40,236.50,153.50,59.00,95.00,0.0000,215.58,1,0,3.3278,ACCEPT,0,1684,1920,20735,1,50,2235,0,0,0,0
174,0,1,1,ACCEPT,19.2126,3.7667,2034,0,0,1.0000,28.97,211.84,36.40,62.40,239.50,152.00,55.00,96.00,0.0000,218.87,1,0,3.2899,ACCEPT,0,1557,1931,20943,1,50,2034,0,0,0,0
175,0,1,1,ACCEPT,20.3907,4.1777,2139,0,0,1.0000,28.97,211.84,36.40,62.40,240.00,152.00,56.00,98.00,0.0000,219.35,1,0,3.2353,ACCEPT,0,1553,1925,21173,1,50,2139,0,0,0,0
176,0,1,1,ACCEPT,21.5843,4.7680,2117,0,0,1.0000,28.97,211.84,36.40,62.40,242.50,151.50,57.00,95.00,0.0000,221.89,1,0,3.1707,ACCEPT,0,1503,1851,21867,1,50,2117,0,0,0,0
177,0,1,1,ACCEPT,20.6373,4.9392,1951,1,-1,0.8780,30.11,209.89,36.40,62.40,243.50,151.00,57.00,100.00,0.0000,221.37,1,0,3.2850,ACCEPT,0,1382,2357,18718,1,50,1951,0,0,0,0
178,0,1,1,ACCEPT,20.5011,4.3811,1989,0,-1,0.9829,30.11,207.94,36.40,62.40,245.00,146.00,56.00,102.00,0.0000,223.64,1,0,3.2292,ACCEPT,0,1395,2346,20219,1,50,1989,0,0,0,0
179,0,1,1,ACCEPT,20.6953,4.0174,2077,1,-1,0.8931,31.25,205.98,36.40,62.40,247.50,144.50,57.00,101.00,0.0000,224.82,1,0,3.2589,ACCEPT,0,1363,2285,21596,1,50,2077,0,0,0,0
180,0,1,1,ACCEPT,21.4748,4.5654,2269,0,-1,0.9189,31.25,204.03,36.40,62.40,249.00,143.00,58.00,102.00,0.0000,226.14,1,0,3.2331,ACCEPT,0,1526,2331,22375,1,50,2269,0,0,0,0
181,0,1,1,ACCEPT,20.7628,4.9581,2246,0,-1,0.8829,31.25,202.08,36.40,62.40,252.50,140.00,61.00,106.00,0.0000,229.79,1,0,3.1767,ACCEPT,0,1581,2345,22052,1,50,2246,0,0,0,0
182,0,1,1,ACCEPT,19.6571,4.3320,2205,1,-2,0.7456,32.39,198.17,36.40,62.40,255.50,131.00,61.00,114.00,0.0000,233.00,1,0,3.1334,ACCEPT,0,1898,2205,22676,1,50,2205,0,0,0,0
183,0,1,1,ACCEPT,18.2660,3.2212,2126,1,-2,0.8631,33.53,194.27,36.40,62.40,257.00,126.00,62.00,110.00,0.0000,233.66,1,0,3.0601,ACCEPT,0,1796,2226,22327,1,50,2126,0,0,0,0
184,0,1,1,ACCEPT,16.8580,3.1138,2161,-1,-1,0.7658,32.39,192.31,36.40,62.40,256.50,124.00,63.00,116.00,0.0000,234.29,1,0,3.0018,ACCEPT,0,1797,2271,17133,1,50,2161,0,0,0,0
185,0,1,1,ACCEPT,18.3940,3.5000,2128,0,-1,0.9511,32.39,190.36,36.40,62.40,256.00,121.00,60.00,114.00,0.0000,234.12,1,0,3.0233,ACCEPT,0,1656,2317,18946,1,50,2128,0,0,0,0
186,0,1,1,ACCEPT,19.0791,3.4392,2459,0,-1,0.9532,32.39,188.41,36.40,62.40,256.50,126.50,61.00,101.00,0.0000,232.50,1,0,3.0130,ACCEPT,0,1909,2405,18826,1,50,2459,0,0,0,0
187,0,1,1,ACCEPT,19.1889,3.2989,2494,0,-1,0.9459,32.39,186.45,36.40,62.40,256.00,126.50,64.00,97.00,0.0000,231.51,1,0,3.0390,ACCEPT,0,2103,2506,19005,1,50,2494,0,0,0,0
188,0,1,1,ACCEPT,17.9056,3.6921,2566,-1,0,0.7751,31.25,186.45,36.40,62.40,254.50,124.50,63.00,99.00,0.0000,231.69,1,0,3.0525,ACCEPT,0,2658,2634,18393,1,50,2566,0,0,0,0
189,0,1,1,ACCEPT,13.9956,2.7260,1930,-1,-1,0.8715,30.11,184.50,36.40,62.40,256.00,121.50,66.00,103.00,0.0000,234.51,1,0,3.2179,ACCEPT,0,1863,1889,21207,1,50,1930,0,0,0,0
190,0,1,1,ACCEPT,14.9274,3.0230,1844,0,-1,0.9740,30.11,182.55,36.40,62.40,254.00,120.50,64.00,101.00,0.0000,232.33,1,0,3.2835,ACCEPT,0,1701,1890,21534,1,50,1844,0,0,0,0
191,0,1,1,ACCEPT,15.9783,3.0164,1843,-1,0,0.9962,28.97,182.55,36.40,62.40,256.00,118.50,68.00,105.00,0.0000,235.89,1,0,3.3013,ACCEPT,0,1573,1799,23402,1,50,1843,0,0,0,0
192,0,1,1,ACCEPT,17.8358,3.6826,1926,0,0,1.0000,28.97,182.55,36.40,62.40,254.50,121.00,63.00,102.00,0.0000,233.78,1,0,3.3374,ACCEPT,0,1576,1779,23191,1,50,1926,0,0,0,0
193,0,1,1,ACCEPT,18.2408,3.6607,1834,0,0,1.0000,28.97,182.55,36.40,62.40,255.00,119.00,68.00,104.00,0.0000,234.79,1,0,3.3262,ACCEPT,0,1559,1678,22713,1,50,1834,0,0,0,0
194,0,1,1,ACCEPT,17.1735,4.4263,1682,0,0,1.0000,28.97,182.55,36.40,62.40,253.00,118.50,64.00,97.00,0.0000,233.01,1,0,3.1985,ACCEPT,0,1545,1652,22289,1,50,1682,0,0,0,0
195,0,1,1,ACCEPT,15.5802,3.9638,1423,-1,-1,0.8510,27.83,180.59,36.40,62.40,249.50,118.00,63.00,98.00,0.0000,230.34,1,0,3.2729,ACCEPT,0,1542,1758,21143,1,50,1423,0,0,0,0
196,0,1,1,ACCEPT,15.6416,3.8568,1481,-1,1,0.8947,26.69,182.55,36.40,62.40,251.50,117.00,63.00,98.00,0.0000,234.17,1,0,3.1958,ACCEPT,0,1607,1893,19494,1,50,1481,0,0,0,0
197,0,1,1,ACCEPT,14.4320,3.5027,1275,-1,0,0.9412,25.55,182.55,36.40,62.40,247.00,116.50,60.00,97.00,0.0000,231.09,1,0,3.2792,ACCEPT,0,1546,1922,19733,1,50,1275,0,0,0,0
198,0,1,1,ACCEPT,14.0740,3.4016,1279,-1,1,0.8944,24.41,184.50,36.40,62.40,245.50,117.00,55.00,96.00,0.0000,231.17,1,0,3.2936,ACCEPT,0,1465,1889,22807,1,50,1279,0,0,0,0
199,0,1,1,ACCEPT,13.9960,3.2242,1625,0,0,1.0000,24.41,184.50,36.40,62.40,244.50,114.00,55.00,92.00,0.0000,231.11,1,0,3.3295,ACCEPT,0,1937,1978,23711,1,50,1625,0,0,0,0
200,0,1,1,ACCEPT,14.7129,2.9357,1826,0,1,0.9808,24.41,186.45,36.40,62.40,245.50,111.00,57.00,92.00,0.0000,233.61,1,0,3.2787,ACCEPT,0,2155,1758,27133,1,50,1826,0,0,0,0
201,0,1,1,ACCEPT,11.7079,1.9497,1552,0,0,1.0000,24.41,186.45,36.40,62.40,244.50,107.00,51.00,96.00,0.0000,234.00,1,0,3.1667,ACCEPT,0,2242,2040,21573,1,50,1552,0,0,0,0
202,0,1,1,ACCEPT,10.8783,1.8421,1330,0,-1,0.9932,24.41,184.50,36.40,62.40,248.50,102.00,61.00,98.00,0.0000,238.80,1,0,3.3510,ACCEPT,0,2247,2108,19496,1,50,1330,0,0,0,0
203,0,1,1,ACCEPT,8.6816,1.5521,1012,0,-1,0.9565,24.41,182.55,36.40,62.40,247.50,97.00,59.00,96.00,0.0000,238.93,1,0,3.2312,ACCEPT,0,1929,2112,18995,1,50,1012,0,0,0,0
204,0,1,1,ACCEPT,10.0171,1.9852,1076,0,0,1.0000,24.41,182.55,36.40,62.40,246.50,95.00,59.00,94.00,0.0000,238.73,1,0,3.3526,ACCEPT,0,1826,2227,17304,1,50,1076,0,0,0,0
205,0,1,1,ACCEPT,10.8974,2.0520,1065,0,1,0.9803,24.41,184.50,36.40,62.40,252.50,92.00,53.00,90.00,0.0000,246.14,1,0,3.3250,ACCEPT,0,1548,2095,17698,1,50,1065,0,0,0,0
206,0,1,1,ACCEPT,11.4699,2.3171,1045,0,0,1.0000,24.41,184.50,36.40,62.40,249.00,89.50,52.00,91.00,0.0000,243.86,1,0,3.3041,ACCEPT,0,1547,2071,13535,1,50,1045,0,0,0,0
207,0,1,1,ACCEPT,13.1372,2.6131,959,1,1,0.9155,25.55,186.45,36.40,62.40,252.00,90.00,54.00,90.00,0.0000,246.14,1,0,3.2780,ACCEPT,0,1248,1956,13373,1,50,959,0,0,0,0
208,0,1,1,ACCEPT,16.7969,2.7802,1012,0,0,1.0000,25.55,186.45,36.40,62.40,250.00,87.00,56.00,92.00,0.0000,245.50,1,0,3.1874,ACCEPT,0,1114,1944,10633,1,50,1012,0,0,0,0
209,0,1,1,ACCEPT,18.8386,3.8843,1041,1,1,0.8838,26.69,188.41,36.40,62.40,252.50,84.00,53.00,88.00,0.0000,248.78,1,0,3.1862,ACCEPT,0,1007,1973,11088,1,50,1041,0,0,0,0
210,0,1,1,ACCEPT,17.5572,3.6818,1053,1,1,0.7616,27.83,190.36,36.40,62.40,253.50,84.50,53.00,87.00,0.0000,249.27,1,0,3.2195,ACCEPT,0,1099,1963,11610,1,50,1053,0,0,0,0
211,0,1,1,ACCEPT,17.3116,2.7113,1033,0,3,0.3562,27.83,196.22,36.40,62.40,249.50,84.50,47.00,81.00,0.0000,248.23,1,0,3.1922,ACCEPT,0,1218,2203,10972,1,50,1033,0,0,0,0
212,0,1,1,ACCEPT,16.7286,3.8439,1034,1,2,0.6122,28.97,200.12,36.40,62.40,254.50,87.00,43.00,78.00,0.0000,252.31,1,0,3.1767,ACCEPT,0,1118,1869,13824,1,50,1034,0,0,0,0
213,0,1,1,ACCEPT,15.6646,3.5752,951,3,2,0.2387,32.39,204.03,36.40,62.40,254.50,106.00,41.00,100.00,0.0000,242.78,1,0,3.1486,ACCEPT,0,863,1888,12107,1,50,951,0,0,0,0
214,0,1,1,ACCEPT,17.7297,4.2825,955,2,2,0.4241,34.67,207.94,36.40,62.40,256.50,108.00,47.00,104.00,0.0000,243.30,1,0,3.1854,ACCEPT,0,913,1814,10738,1,50,955,0,0,0,0
215,0,1,1,ACCEPT,18.5086,4.8084,1029,2,2,0.2653,36.95,211.84,36.40,62.40,257.00,108.00,48.00,102.00,0.0000,243.32,1,0,3.2623,ACCEPT,0,886,1905,11646,1,50,1029,0,0,0,0
216,0,1,1,ACCEPT,17.7891,3.9480,1062,0,4,0.1996,36.95,219.66,36.40,62.40,255.00,117.00,46.00,98.00,0.0000,241.00,1,0,3.1472,ACCEPT,0,1097,2297,8781,1,50,1062,0,0,0,0
217,0,1,1,ACCEPT,19.6310,3.7786,1058,0,3,0.3592,36.95,225.52,36.40,62.40,257.50,121.00,39.00,98.00,0.0000,244.06,1,0,3.2212,ACCEPT,0,878,2147,9028,1,50,1058,0,0,0,0
218,0,1,1,ACCEPT,20.9084,4.6481,1083,1,3,0.2678,38.09,231.38,36.40,62.40,259.50,129.00,39.00,98.00,0.0000,243.93,1,0,3.2223,ACCEPT,0,805,2130,10115,1,50,1083,0,0,0,0
219,0,1,1,ACCEPT,23.9249,5.4260,1210,1,3,0.2628,39.23,237.23,36.40,62.40,259.50,129.00,39.00,96.00,0.0000,245.42,1,0,3.1324,ACCEPT,0,847,2173,10087,1,50,1210,0,0,0,0
220,0,1,1,ACCEPT,25.6084,5.6637,1263,0,2,0.4806,39.23,241.14,36.40,62.40,258.00,138.00,36.00,100.00,0.0000,241.86,1,0,3.2366,ACCEPT,0,932,2132,9943,1,50,1263,0,0,0,0
221,0,1,1,ACCEPT,19.2858,3.8306,927,1,3,0.2179,40.38,247.00,36.40,62.40,255.50,140.00,37.00,108.00,0.0000,240.27,1,0,3.1960,ACCEPT,0,800,2333,9114,1,50,927,0,0,0,0
222,0,1,1,ACCEPT,20.7421,4.8713,984,1,3,0.1535,41.52,252.86,36.40,62.40,256.00,144.50,42.00,103.00,0.0000,240.30,1,0,3.1969,ACCEPT,0,859,2328,8566,1,50,984,0,0,0,0
223,0,1,1,ACCEPT,20.8087,3.6942,1027,-1,2,0.3262,40.38,256.77,36.40,62.40,256.50,149.00,37.00,106.00,0.0000,241.50,1,0,3.1605,ACCEPT,0,887,2134,8923,1,50,1027,0,0,0,0
224,0,1,1,ACCEPT,21.6923,4.5787,1076,1,2,0.4126,41.52,260.67,36.40,62.40,256.00,150.50,40.00,107.00,0.0000,241.13,1,0,3.2497,ACCEPT,0,863,2196,9144,1,50,1076,0,0,0,0
225,0,1,1,ACCEPT,23.8934,5.3468,1326,0,1,0.7451,41.52,262.62,36.40,62.40,254.50,153.50,39.00,107.00,0.0000,239.31,1,0,3.2065,ACCEPT,0,925,2024,12768,1,50,1326,0,0,0,0
226,0,1,1,ACCEPT,24.2518,5.5018,1535,0,1,0.7739,41.52,264.58,36.40,62.40,256.50,155.50,43.00,105.00,0.0000,241.07,1,0,3.1909,ACCEPT,0,1116,1986,12159,1,50,1535,0,0,0,0
227,0,1,1,ACCEPT,27.5441,6.4023,1639,0,2,0.5491,41.52,268.48,36.40,62.40,254.50,156.50,41.00,109.00,0.0000,240.63,1,0,3.2526,ACCEPT,0,1028,2057,11316,1,50,1639,0,0,0,0
228,0,1,1,ACCEPT,26.1318,5.9211,1575,0,1,0.7505,41.52,270.44,36.40,62.40,251.00,161.50,46.00,109.00,0.0000,236.12,1,0,3.2503,ACCEPT,0,1045,2065,10714,1,50,1575,0,0,0,0
229,0,1,1,ACCEPT,26.3701,6.0152,1588,1,0,0.9981,42.66,270.44,36.40,62.40,248.50,161.50,45.00,109.00,0.0000,232.89,1,0,3.2601,ACCEPT,0,1083,2006,10357,1,50,1588,0,0,0,0
230,0,1,1,ACCEPT,27.4383,6.1308,1594,0,1,0.8934,42.66,272.39,36.40,62.40,246.50,164.50,47.00,101.00,0.0000,230.64,1,0,3.2395,ACCEPT,0,1041,2021,9307,1,50,1594,0,0,0,0
231,0,1,1,ACCEPT,26.7828,6.0081,1478,0,1,0.9581,42.66,274.34,36.40,62.40,243.50,166.00,47.00,102.00,0.0000,228.20,1,0,3.1680,ACCEPT,0,1004,2038,9179,1,50,1478,0,0,0,0
232,0,1,1,ACCEPT,26.5450,5.5302,1554,-1,1,0.9106,41.52,276.30,36.40,62.40,241.00,167.00,48.00,102.00,0.0000,227.46,1,0,3.1870,ACCEPT,0,1031,2083,9276,1,50,1554,0,0,0,0
233,0,1,1,ACCEPT,27.1181,6.3663,1547,0,0,1.0000,41.52,276.30,36.40,62.40,238.00,170.50,50.00,97.00,0.0000,223.16,1,0,3.2674,ACCEPT,0,1038,2104,8690,1,50,1547,0,0,0,0
234,0,1,1,ACCEPT,28.6823,6.3292,1519,-1,1,0.8209,40.38,278.25,36.40,62.40,236.50,170.00,51.00,102.00,0.0000,224.02,1,0,3.2501,ACCEPT,0,912,2110,9137,1,50,1519,0,0,0,0
235,0,1,1,ACCEPT,25.2398,5.2292,1574,0,0,1.0000,40.38,278.25,36.40,62.40,234.50,172.50,51.00,97.00,0.0000,221.06,1,0,3.2364,ACCEPT,0,992,2128,9925,1,50,1574,0,0,0,0
236,0,1,1,ACCEPT,24.5106,5.4036,1513,-1,0,0.9570,39.23,278.25,36.40,62.40,232.50,172.50,53.00,97.00,0.0000,220.31,1,0,3.2477,ACCEPT,0,999,2056,9800,1,50,1513,0,0,0,0
237,0,1,1,ACCEPT,26.7497,6.1880,1448,0,0,1.0000,39.23,278.25,36.40,62.40,231.00,189.00,54.00,66.00,0.0000,211.52,1,0,3.2272,ACCEPT,0,908,2179,12273,1,50,1448,0,0,0,0
238,0,1,1,ACCEPT,28.7932,6.2968,1782,0,0,1.0000,39.23,278.25,36.40,62.40,232.00,188.00,56.00,66.00,0.0000,212.85,1,0,3.2282,ACCEPT,0,1084,2116,11875,1,50,1782,0,0,0,0
239,0,1,1,ACCEPT,30.5701,7.0285,1729,0,0,1.0000,39.23,278.25,36.40,62.40,232.00,188.50,58.00,65.00,0.0000,212.64,1,0,3.2343,ACCEPT,0,1013,2125,11811,1,50,1729,0,0,0,0
240,0,1,1,ACCEPT,31.6323,7.1261,1696,0,0,1.0000,39.23,278.25,36.40,62.40,232.00,188.50,56.00,67.00,0.0000,212.64,1,0,3.2769,ACCEPT,0,949,2156,12292,1,50,1696,0,0,0,0
241,0,1,1,ACCEPT,31.9337,6.7787,1715,0,1,0.9201,39.23,280.20,36.40,62.40,231.50,190.00,55.00,66.00,0.0000,212.37,1,0,3.1910,ACCEPT,0,916,2205,11781,1,50,1715,0,0,0,0
242,0,1,1,ACCEPT,33.0437,6.6562,1704,0,0,1.0000,39.23,280.20,36.40,62.40,230.50,190.00,55.00,66.00,0.0000,211.47,1,0,3.1924,ACCEPT,0,911,2138,12360,1,50,1704,0,0,0,0
243,0,1,1,ACCEPT,34.5356,7.2783,1674,0,0,1.0000,39.23,280.20,36.40,62.40,230.50,191.00,55.00,66.00,0.0000,211.04,1,0,3.1960,ACCEPT,0,898,2113,12143,1,50,1674,0,0,0,0
244,0,1,1,ACCEPT,33.6263,7.7621,1599,0,0,1.0000,39.23,280.20,36.40,62.40,231.00,195.00,56.00,60.00,0.0000,209.84,1,0,3.2097,ACCEPT,0,824,2075,13137,1,50,1599,0,0,0,0
245,0,1,1,ACCEPT,32.1071,7.6111,1644,0,0,1.0000,39.23,280.20,36.40,62.40,230.50,196.00,57.00,62.00,0.0000,208.98,1,0,3.2904,ACCEPT,0,849,2253,12200,1,50,1644,0,0,0,0
246,0,1,1,ACCEPT,31.8774,7.3139,1631,0,1,0.9540,39.23,282.16,36.40,62.40,230.00,198.50,54.00,59.00,0.0000,208.30,1,0,3.2094,ACCEPT,0,813,2301,11974,1,50,1631,0,0,0,0
247,0,1,1,ACCEPT,33.7162,7.3826,1698,0,0,1.0000,39.23,282.16,36.40,62.40,230.50,198.00,55.00,64.00,0.0000,208.96,1,0,3.2842,ACCEPT,0,847,2236,11682,1,50,1698,0,0,0,0
248,0,1,1,ACCEPT,31.4431,7.3182,1610,-1,1,0.9957,38.09,284.11,36.40,62.40,230.50,202.50,55.00,57.00,0.0000,209.00,1,0,3.2357,ACCEPT,0,858,2256,11538,1,50,1610,0,0,0,0
249,0,1,1,ACCEPT,23.8538,6.1389,1547,0,0,1.0000,38.09,284.11,36.40,62.40,228.00,188.50,56.00,91.00,0.0000,212.62,1,0,3.2361,ACCEPT,0,880,2139,11324,1,50,1547,0,0,0,0
250,0,1,1,ACCEPT,25.7689,6.0179,1679,0,1,0.8273,38.09,286.06,36.40,62.40,228.50,194.50,55.00,97.00,0.0000,211.28,1,0,3.2367,ACCEPT,0,952,2122,10908,1,50,1679,0,0,0,0
251,0,1,1,ACCEPT,27.9254,7.1489,1680,0,1,0.8863,38.09,288.02,36.40,62.40,227.00,199.00,54.00,92.00,0.0000,208.83,1,0,3.2164,ACCEPT,0,968,2180,10478,1,50,1680,0,0,0,0
252,0,1,1,ACCEPT,29.3698,6.5787,1671,-1,1,0.9390,36.95,289.97,36.40,62.40,226.50,200.50,55.00,93.00,0.0000,209.60,1,0,3.1694,ACCEPT,0,919,2109,11707,1,50,1671,0,0,0,0
253,0,1,1,ACCEPT,30.3723,6.5858,1765,0,0,1.0000,36.95,289.97,36.40,62.40,228.00,201.50,54.00,93.00,0.0000,210.54,1,0,3.2379,ACCEPT,0,988,2203,10920,1,50,1765,0,0,0,0
254,0,1,1,ACCEPT,30.5473,7.3289,1649,1,0,0.9460,38.09,289.97,36.40,62.40,228.50,205.00,55.00,90.00,0.0000,208.50,1,0,3.2439,ACCEPT,0,894,2155,10942,1,50,1649,0,0,0,0
255,0,1,1,ACCEPT,32.2303,7.4064,1622,0,1,0.8157,38.09,291.92,36.40,62.40,230.00,207.00,54.00,80.00,0.0000,209.86,1,0,3.2429,ACCEPT,0,837,2182,10866,1,50,1622,0,0,0,0
256,0,1,1,ACCEPT,31.1451,7.7190,1621,1,1,0.8297,39.23,293.88,36.40,62.40,230.50,209.00,53.00,80.00,0.0000,209.25,1,0,3.2419,ACCEPT,0,813,2246,11646,1,50,1621,0,0,0,0
257,0,1,1,ACCEPT,30.5453,7.3333,1716,0,1,0.9528,39.23,295.83,36.40,62.40,230.50,208.50,57.00,89.00,0.0000,210.26,1,0,3.2185,ACCEPT,0,914,2315,11677,1,50,1716,0,0,0,0
258,0,1,1,ACCEPT,30.3364,7.4009,1717,1,1,0.8759,40.38,297.78,36.40,62.40,230.50,215.50,55.00,79.00,0.0000,207.17,1,0,3.1980,ACCEPT,0,947,2294,11334,1,50,1717,0,0,0,0
259,0,1,1,ACCEPT,29.5332,7.1454,1622,0,1,0.9994,40.38,299.73,36.40,62.40,227.50,219.50,53.00,75.00,0.0000,203.60,1,0,3.2080,ACCEPT,0,920,2443,10567,1,50,1622,0,0,0,0
260,0,1,1,ACCEPT,29.9414,6.9602,1573,0,0,1.0000,40.38,299.73,36.40,62.40,227.00,221.50,54.00,77.00,0.0000,202.36,1,0,3.1977,ACCEPT,0,910,2539,10091,1,50,1573,0,0,0,0
261,0,1,1,ACCEPT,25.0940,4.8733,1423,0,1,0.7892,40.38,301.69,36.40,62.40,225.50,226.50,59.00,85.00,0.0000,199.81,1,0,3.2562,ACCEPT,0,756,2195,11854,1,50,1423,0,0,0,0
262,0,1,1,ACCEPT,27.3474,5.3045,1655,-1,1,0.8767,39.23,303.64,36.40,62.40,223.50,226.50,59.00,87.00,0.0000,199.76,1,0,3.2464,ACCEPT,0,871,2131,11223,1,50,1655,0,0,0,0
263,0,1,1,ACCEPT,28.6367,5.8233,1648,0,1,0.9272,39.23,305.59,36.40,62.40,223.00,225.50,56.00,83.00,0.0000,200.46,1,0,3.2544,ACCEPT,0,830,2146,10748,1,50,1648,0,0,0,0
264,0,1,1,ACCEPT,30.6557,5.6713,1639,0,1,0.8572,39.23,307.55,36.40,62.40,220.00,227.00,60.00,84.00,0.0000,197.90,1,0,3.2410,ACCEPT,0,793,2125,10890,1,50,1639,0,0,0,0
265,0,1,1,ACCEPT,28.3831,6.5781,1684,-1,1,0.7524,38.09,309.50,36.40,62.40,217.50,228.00,59.00,80.00,0.0000,197.05,1,0,3.2130,ACCEPT,0,858,2012,11277,1,50,1684,0,0,0,0
266,0,1,1,ACCEPT,28.3959,6.7236,1654,-1,1,0.7570,36.95,311.45,36.40,62.40,217.00,238.50,60.00,73.00,0.0000,194.27,1,0,3.1425,ACCEPT,0,862,2058,10995,1,50,1654,0,0,0,0
267,0,1,1,ACCEPT,28.5192,6.5658,1497,0,2,0.6713,36.95,315.36,36.40,62.40,214.00,237.00,60.00,72.00,0.0000,193.61,1,0,3.2438,ACCEPT,0,835,2210,11196,1,50,1497,0,0,0,0
268,0,1,1,ACCEPT,29.5886,7.5507,1563,0,1,0.9475,36.95,317.31,36.40,62.40,213.00,239.00,54.00,76.00,0.0000,192.68,1,0,3.2419,ACCEPT,0,901,2201,12500,1,50,1563,0,0,0,0
269,0,1,1,ACCEPT,28.1120,6.2017,1445,0,1,0.8208,36.95,319.27,36.40,62.40,215.00,240.50,58.00,77.00,0.0000,194.69,1,0,3.1811,ACCEPT,0,821,2144,13382,1,50,1445,0,0,0,0
270,0,1,1,ACCEPT,25.3776,5.5238,1276,1,2,0.6042,38.09,323.17,36.40,62.40,212.00,245.50,56.00,77.00,0.0000,190.46,1,0,3.1958,ACCEPT,0,778,2136,13623,1,50,1276,0,0,0,0
271,0,1,1,ACCEPT,24.0703,5.2371,1215,0,2,0.6823,38.09,327.08,36.40,62.40,214.00,254.00,60.00,70.00,0.0000,190.48,1,0,3.1771,ACCEPT,0,767,2042,11791,1,50,1215,0,0,0,0
272,0,1,1,ACCEPT,22.3485,4.5161,1120,1,1,0.7402,39.23,329.03,36.40,62.40,214.00,259.50,56.00,71.00,0.0000,188.09,1,0,3.1008,ACCEPT,0,759,2087,11023,1,50,1120,0,0,0,0
273,0,1,1,ACCEPT,21.7073,4.0734,1165,1,2,0.4970,40.38,332.94,36.40,62.40,213.50,259.50,61.00,83.00,0.0000,188.06,1,0,3.2366,ACCEPT,0,728,2337,11001,1,50,1165,0,0,0,0
274,0,1,1,ACCEPT,23.3759,4.2049,1190,0,1,0.8479,40.38,334.89,36.40,62.40,214.50,264.50,63.00,81.00,0.0000,187.81,1,0,3.1866,ACCEPT,0,733,2238,11293,1,50,1190,0,0,0,0
275,0,1,1,ACCEPT,24.9235,4.5836,1233,0,1,0.8394,40.38,336.84,36.40,62.40,215.00,266.00,66.00,84.00,0.0000,188.45,1,0,3.2028,ACCEPT,0,723,2207,12404,1,50,1233,0,0,0,0
276,0,1,1,ACCEPT,27.1751,5.0606,1336,1,1,0.7672,41.52,338.80,36.40,62.40,216.00,269.50,68.00,85.00,0.0000,187.74,1,0,3.2197,ACCEPT,0,760,2219,13001,1,50,1336,0,0,0,0
277,0,1,1,ACCEPT,23.9064,4.5445,1277,0,1,0.8058,41.52,340.75,37.86,64.90,215.50,273.00,65.00,86.00,0.0000,186.71,1,1,3.0782,ACCEPT,0,880,2200,13160,1,50,1277,0,0,0,0
278,0,1,1,ACCEPT,30.6861,5.3028,1506,0,2,0.6315,41.52,344.81,37.86,64.90,211.50,276.50,61.00,83.00,0.0000,183.20,1,0,3.2344,ACCEPT,0,876,2139,14039,1,50,1506,0,0,0,0
279,0,1,1,ACCEPT,30.2248,5.3551,1478,0,1,0.8018,41.52,346.84,37.86,64.90,214.50,277.00,73.00,92.00,0.0000,186.55,1,0,3.2612,ACCEPT,0,805,2144,14160,1,50,1478,0,0,0,0
280,0,1,1,ACCEPT,31.3393,5.9960,1481,-1,2,0.6989,40.33,350.91,37.86,64.90,208.50,278.50,65.00,93.00,0.0000,183.10,1,0,3.2216,ACCEPT,0,845,2177,13338,1,50,1481,0,0,0,0
281,0,1,1,ACCEPT,32.9814,6.3514,1410,1,1,0.6773,41.52,352.94,37.86,64.90,203.00,283.50,62.00,95.00,0.0000,175.78,1,0,3.2791,ACCEPT,0,738,2234,12939,1,50,1410,0,0,0,0
282,0,1,1,ACCEPT,31.6877,5.2199,1519,-2,2,0.4082,39.14,357.00,37.86,64.90,201.50,287.50,61.00,95.00,0.0000,176.61,1,0,3.2627,ACCEPT,0,922,2273,12827,1,50,1519,0,0,0,0
283,0,1,1,ACCEPT,29.6669,5.0974,1361,-1,2,0.6414,37.95,361.06,37.86,64.90,198.00,289.00,62.00,100.00,0.0000,175.52,1,0,3.1903,ACCEPT,0,804,2272,13236,1,50,1361,0,0,0,0
284,0,1,1,ACCEPT,31.6250,5.9530,1393,-1,1,0.6755,36.77,363.09,37.86,64.90,193.00,296.50,56.00,95.00,0.0000,169.83,1,0,3.2746,ACCEPT,0,798,2120,13389,1,50,1393,0,0,0,0
285,0,1,1,ACCEPT,17.6285,4.9852,1012,-1,2,0.6077,35.58,367.16,37.86,64.90,189.00,303.00,54.00,94.00,0.0000,166.30,1,0,3.1819,ACCEPT,0,1036,2673,10055,1,50,1012,0,0,0,0
286,0,1,1,ACCEPT,15.4236,4.1333,806,-2,1,0.5955,33.20,369.19,37.86,64.90,186.00,306.50,52.00,89.00,0.0000,165.16,1,0,3.2424,ACCEPT,0,914,2498,12117,1,50,806,0,0,0,0
287,0,1,1,ACCEPT,16.5972,3.5357,891,-1,3,0.2536,32.02,375.28,37.86,64.90,181.00,319.00,48.00,98.00,0.0000,159.26,1,0,3.1201,ACCEPT,0,814,2432,12024,1,50,891,0,0,0,0
288,0,1,1,ACCEPT,17.6541,3.1780,982,-3,3,0.0682,28.45,381.38,37.86,64.90,178.00,333.00,52.00,84.00,0.0000,157.18,1,0,3.1942,ACCEPT,0,735,2070,13967,1,50,982,0,0,0,0
289,0,1,1,ACCEPT,18.8520,3.4005,1265,-1,3,0.3170,27.27,387.47,37.86,64.90,172.50,330.00,53.00,106.00,0.0000,156.19,1,0,3.1930,ACCEPT,0,940,2356,14087,1,50,1265,0,0,0,0
290,0,1,1,ACCEPT,20.5813,3.6127,1427,-1,2,0.4555,26.08,391.53,37.86,64.90,169.50,335.00,55.00,110.00,0.0000,154.16,1,0,3.2019,ACCEPT,0,942,2319,15355,1,50,1427,0,0,0,0
291,0,1,1,ACCEPT,23.3746,4.9390,1620,-1,2,0.4086,24.89,395.59,37.86,64.90,167.50,340.00,57.00,110.00,0.0000,153.06,1,0,3.1402,ACCEPT,0,1072,2341,15059,1,50,1620,0,0,0,0
292,0,1,1,ACCEPT,21.6902,4.6677,1503,-1,3,0.2202,23.70,401.69,37.86,64.90,165.00,351.00,58.00,100.00,0.0000,150.11,1,0,3.2045,ACCEPT,0,1226,2370,14966,1,50,1503,0,0,0,0
293,0,1,1,ACCEPT,21.6816,4.8311,1459,-2,2,0.4613,21.33,405.75,37.86,64.90,162.50,356.00,57.00,104.00,0.0000,149.68,1,0,3.0948,ACCEPT,0,1133,2395,16380,1,50,1459,0,0,0,0
294,0,1,1,ACCEPT,20.5662,4.1851,1515,0,2,0.5472,21.33,409.81,37.86,64.90,162.50,362.00,63.00,104.00,0.0000,149.05,1,0,3.0874,ACCEPT,0,1087,2487,15225,1,50,1515,0,0,0,0
295,0,1,1,ACCEPT,19.8855,4.0767,1488,0,2,0.5571,21.33,413.88,37.86,64.90,162.00,369.00,62.00,100.00,0.0000,147.66,1,0,3.1643,ACCEPT,0,1149,2641,13928,1,50,1488,0,0,0,0
296,0,1,1,ACCEPT,19.4131,4.3578,1486,-1,2,0.6689,20.14,417.94,37.86,64.90,159.50,374.00,61.00,98.00,0.0000,146.12,1,0,3.1995,ACCEPT,0,1166,2477,13148,1,50,1486,0,0,0,0
297,0,1,1,ACCEPT,20.7433,4.9653,1574,-1,2,0.7408,18.95,422.00,37.86,64.90,161.00,375.50,66.00,103.00,0.0000,149.46,1,0,3.2643,ACCEPT,0,1197,1772,18290,1,50,1574,0,0,0,0
298,0,1,1,ACCEPT,19.2966,4.3176,1835,0,1,0.9204,18.95,424.03,37.86,64.90,162.00,378.00,70.00,100.00,0.0000,150.27,1,0,3.2387,ACCEPT,0,1301,1970,16266,1,50,1835,0,0,0,0
299,0,1,1,ACCEPT,20.2346,4.0021,1937,0,1,0.9066,18.95,426.06,37.86,64.90,159.50,383.00,67.00,104.00,0.0000,147.00,1,0,3.1390,ACCEPT,0,1396,1992,17505,1,50,1937,0,0,0,0
300,0,1,1,ACCEPT,20.5430,4.3085,1969,1,1,0.7583,20.14,428.09,37.86,64.90,161.50,384.00,69.00,102.00,0.0000,148.08,1,0,3.1053,ACCEPT,0,1484,2023,19298,1,50,1969,0,0,0,0
301,0,1,1,ACCEPT,20.1672,3.3795,1977,1,1,0.8164,21.33,430.12,37.86,64.90,162.50,386.50,73.00,103.00,0.0000,147.76,1,0,3.1266,ACCEPT,0,1715,2088,19293,1,50,1977,0,0,0,0
302,0,1,1,ACCEPT,17.8041,3.1812,1966,1,1,0.9161,22.52,432.16,37.86,64.90,160.50,389.50,69.00,103.00,0.0000,144.43,1,0,3.1653,ACCEPT,0,1783,2174,17496,1,50,1966,0,0,0,0
303,0,1,1,ACCEPT,15.3952,2.9756,1955,0,1,0.9708,22.52,434.19,37.86,64.90,158.50,393.00,69.00,106.00,0.0000,142.09,1,0,3.1326,ACCEPT,0,1955,2348,18138,1,50,1955,0,0,0,0
304,0,1,1,ACCEPT,10.8780,2.2853,1730,1,1,0.9532,23.70,436.22,37.86,64.90,161.50,389.50,75.00,109.00,0.0000,145.50,1,0,3.1286,ACCEPT,0,2717,2870,16618,1,50,1730,0,0,0,0
305,0,1,1,ACCEPT,13.6464,2.4070,2147,1,0,0.9702,24.89,436.22,37.86,64.90,159.00,389.00,78.00,104.00,0.0000,142.18,1,0,3.1415,ACCEPT,0,2689,2875,14997,1,50,2147,0,0,0,0
306,0,1,1,ACCEPT,13.5573,2.1309,2018,2,1,0.7121,27.27,438.25,37.86,64.90,156.50,386.00,73.00,108.00,0.0000,139.40,1,0,3.2238,ACCEPT,0,2723,2952,15128,1,50,2018,0,0,0,0
307,0,1,1,ACCEPT,11.7943,1.5877,1621,0,0,1.0000,27.27,438.25,37.86,64.90,156.00,392.50,74.00,107.00,0.0000,136.62,1,0,3.1459,ACCEPT,0,2179,3135,13957,1,50,1621,0,0,0,0
308,0,1,1,ACCEPT,9.8730,1.3653,1409,1,1,0.9077,28.45,440.28,37.86,64.90,158.00,388.00,80.00,102.00,0.0000,139.70,1,0,3.1206,ACCEPT,0,1862,2922,12827,1,50,1409,0,0,0,0
309,0,1,1,ACCEPT,9.7533,1.9832,1184,5,0,0.4324,34.39,440.28,37.86,64.90,154.00,387.50,78.00,115.00,0.0000,130.74,1,0,3.1805,ACCEPT,0,2353,2225,22995,1,50,1184,0,0,0,0
310,0,1,1,ACCEPT,11.8672,2.4081,1717,1,-1,0.9039,35.58,438.25,37.86,64.90,154.50,387.50,79.00,111.00,0.0000,129.30,1,0,3.2531,ACCEPT,0,2279,1917,28414,1,50,1717,0,0,0,0
311,0,1,1,ACCEPT,14.9371,2.9470,2278,1,0,0.9842,36.77,438.25,37.86,64.90,154.50,386.00,75.00,112.00,0.0000,128.81,1,0,3.2857,ACCEPT,0,2425,1858,21364,1,50,2278,0,0,0,0
312,0,1,1,ACCEPT,14.8081,3.4286,1728,1,0,0.8634,37.95,438.25,37.86,64.90,153.50,387.50,79.00,109.00,0.0000,126.20,1,0,3.2462,ACCEPT,0,1876,1788,24356,1,50,1728,0,0,0,0
313,0,1,1,ACCEPT,16.6133,3.9770,2251,1,0,0.8139,39.14,438.25,37.86,64.90,154.00,386.00,80.00,112.00,0.0000,126.19,1,0,3.2460,ACCEPT,0,2134,1772,23080,1,50,2251,0,0,0,0
314,0,1,1,ACCEPT,18.1599,3.8863,2324,2,0,0.6463,41.52,438.25,37.86,64.90,151.50,385.00,73.00,112.00,0.0000,122.20,1,0,3.1915,ACCEPT,0,2276,1796,23477,1,50,2324,0,0,0,0
315,0,1,1,ACCEPT,18.9507,3.8844,2486,0,0,1.0000,41.52,438.25,37.86,64.90,151.50,384.50,77.00,115.00,0.0000,122.42,1,0,3.2274,ACCEPT,0,2193,1805,21952,1,50,2486,0,0,0,0
0,0,0,0,ZERO_RESPONSE,0.0000,0.0000,0,0,0,0.0000,60.50,239.00,41.00,44.00,60.50,239.00,41.00,44.00,1.0000,0.00,1,0,0.0000,NOT_RUN,0,0,7363,8017,2,100,0,0,0,0,0
1,0,1,1,ACCEPT,47.9615,10.4098,1270,-1,-1,0.7937,59.22,237.62,41.00,44.00,59.00,239.00,42.00,38.00,0.8458,1.39,1,0,3.2448,ACCEPT,0,547,6742,8341,2,100,1270,0,0,0,0
2,0,1,1,ACCEPT,29.2814,7.3388,1343,-1,-1,0.7647,57.94,236.25,39.42,42.31,57.00,240.00,44.00,40.00,0.7549,3.87,1,-1,2.9324,ACCEPT,0,925,5873,17406,2,100,1343,0,0,0,0
3,0,1,1,ACCEPT,21.5999,5.3688,2271,-2,-1,0.6314,55.47,234.92,37.91,40.68,56.50,238.00,41.00,36.00,0.7950,3.25,1,-1,2.8630,ACCEPT,0,1474,5401,26722,2,100,2271,0,0,0,0
4,0,1,1,ACCEPT,15.7169,3.3357,2842,0,-2,0.5947,55.47,232.39,36.45,39.12,54.50,238.00,39.00,40.00,0.7077,5.69,1,-1,2.6023,ACCEPT,0,3094,4335,32768,2,100,2842,0,0,0,0
5,0,1,1,ACCEPT,12.5173,2.4757,2649,-2,-1,0.6168,53.19,231.17,35.05,37.61,49.50,235.00,37.00,34.00,0.6705,5.32,1,-1,2.3756,ACCEPT,0,3236,4053,31343,2,100,2649,0,0,0,0
6,0,1,1,ACCEPT,10.7557,2.3279,2151,0,-3,0.3668,53.19,227.66,32.40,34.77,48.00,233.00,36.00,34.00,0.5587,7.45,1,-2,2.1094,ACCEPT,0,3379,3362,27773,2,100,2151,0,0,0,0
7,0,1,1,ACCEPT,10.7307,2.3691,1945,-2,-2,0.3470,51.16,225.47,31.16,33.44,50.00,230.00,42.00,30.00,0.5823,4.68,1,-1,2.2460,ACCEPT,0,2242,2344,31412,2,100,1945,0,0,0,0
8,0,1,1,ACCEPT,10.1071,2.5945,1785,0,-2,0.7395,51.16,223.38,29.96,32.15,48.00,230.50,42.00,29.00,0.4751,7.79,1,-1,2.2417,ACCEPT,0,2105,1952,32767,2,100,1785,0,0,0,0
9,0,1,1,ACCEPT,9.7834,2.6375,1717,-1,-1,0.7828,50.22,222.38,28.81,30.91,47.00,227.00,42.00,24.00,0.5301,5.63,1,-1,2.0377,ACCEPT,0,2174,1932,26005,2,100,1717,0,0,0,0
10,0,1,1,ACCEPT,9.0721,2.3717,1359,-1,-1,0.8072,49.31,221.41,27.70,29.72,45.50,227.50,41.00,25.00,0.4678,7.19,1,-1,2.0955,ACCEPT,0,1656,1431,29311,2,100,1359,0,0,0,0
11,0,1,1,ACCEPT,9.4698,2.1268,1493,-2,-1,0.6283,47.59,220.48,26.63,28.58,44.50,227.00,43.00,26.00,0.4173,7.21,1,-1,2.3346,ACCEPT,0,1758,1366,28842,2,100,1493,0,0,0,0
12,0,1,1,ACCEPT,7.4539,1.3620,1170,-1,0,0.9094,46.77,220.48,25.61,27.48,43.00,225.50,42.00,23.00,0.4497,6.27,1,-1,2.4576,ACCEPT,0,1746,1560,31591,2,100,1170,0,0,0,0
13,0,1,1,ACCEPT,6.4770,1.0837,1385,-5,4,0.9567,42.78,223.92,25.61,27.48,37.50,227.00,51.00,24.00,0.4307,6.11,1,0,2.8994,ACCEPT,0,2542,1597,32436,2,100,1385,0,0,0,0
14,0,1,1,ACCEPT,5.8419,1.0631,1448,0,0,1.0000,42.78,223.92,25.61,27.48,35.50,227.00,45.00,26.00,0.4780,7.91,1,0,2.6559,ACCEPT,0,2590,1480,30417,2,100,1448,0,0,0,0
15,0,1,1,ACCEPT,8.5626,1.5612,1658,-2,-1,0.7732,41.19,223.06,24.62,26.43,35.00,226.00,52.00,22.00,0.4122,6.85,1,-1,2.7013,ACCEPT,0,2379,1555,30630,2,100,1658,0,0,0,0
16,0,1,1,ACCEPT,9.9251,1.7097,1920,-1,1,0.9104,40.42,223.89,23.68,25.41,33.50,224.50,51.00,19.00,0.4014,6.95,1,-1,2.4656,ACCEPT,0,2816,1636,30674,2,100,1920,0,0,0,0
17,0,1,1,ACCEPT,10.1121,1.9957,1866,0,0,1.0000,40.42,223.89,23.68,25.41,32.50,224.00,49.00,20.00,0.4273,7.92,1,0,2.6802,ACCEPT,0,2810,1638,26750,2,100,1866,0,0,0,0
18,0,1,1,ACCEPT,9.8541,1.6383,1658,-2,1,0.7696,38.95,224.69,22.77,24.43,28.00,222.00,52.00,14.00,0.3301,11.28,1,-1,2.6663,ACCEPT,0,2574,1625,25541,2,100,1658,0,0,0,0
19,0,1,1,ACCEPT,11.0726,2.1589,1753,-3,0,0.6492,36.80,224.69,22.77,24.43,31.00,222.50,48.00,15.00,0.3653,6.20,1,0,2.8654,ACCEPT,0,2810,1891,19570,2,100,1753,0,0,0,0
20,0,1,1,ACCEPT,11.6650,2.1453,1521,-1,0,0.9264,36.08,224.69,22.77,24.43,28.50,223.50,51.00,13.00,0.3206,7.67,1,0,2.8992,ACCEPT,0,2286,1939,15305,2,100,1521,0,0,0,0
21,0,1,1,ACCEPT,11.2285,1.7248,1404,-2,1,0.7265,34.64,225.45,22.77,24.43,28.00,223.50,52.00,13.00,0.3161,6.92,1,0,2.8883,ACCEPT,0,1981,1727,14365,2,100,1404,0,0,0,0
22,0,1,1,ACCEPT,9.1236,1.2921,1243,-1,2,0.4385,33.92,226.98,22.77,24.43,30.00,222.00,48.00,14.00,0.3504,6.34,1,0,2.7959,ACCEPT,0,2291,1814,12356,2,100,1243,0,0,0,0
23,0,1,1,ACCEPT,8.7568,1.3637,1241,-2,0,0.7857,32.48,226.98,21.89,23.49,30.00,224.00,44.00,12.00,0.3370,3.88,1,-1,2.7392,ACCEPT,0,2234,1859,10350,2,100,1241,0,0,0,0
24,0,1,1,ACCEPT,8.1439,1.3896,1070,1,1,0.8486,33.17,227.72,21.89,23.49,28.50,225.00,43.00,12.00,0.3422,5.41,1,0,2.8290,ACCEPT,0,2015,2007,7850,2,100,1070,0,0,0,0
25,0,1,1,ACCEPT,7.3540,1.0859,872,1,1,0.7683,33.86,228.45,21.05,22.59,29.50,226.00,41.00,14.00,0.3904,5.00,1,-1,2.7154,ACCEPT,0,1419,2131,8061,2,100,872,0,0,0,0
26,0,1,1,ACCEPT,7.4155,1.2493,867,-3,3,0.4221,31.89,230.56,21.05,22.59,28.00,226.50,44.00,13.00,0.3536,5.63,1,0,2.9387,ACCEPT,0,1488,2306,9539,2,100,867,0,0,0,0
27,0,1,1,ACCEPT,7.7486,1.1699,1081,-2,0,0.8881,30.58,230.56,21.05,22.59,29.00,228.00,42.00,14.00,0.3833,3.01,1,0,3.0423,ACCEPT,0,1891,2323,8509,2,100,1081,0,0,0,0
28,0,1,1,ACCEPT,7.7244,1.2228,1235,-2,2,0.3895,29.27,231.97,21.05,22.59,26.50,229.50,41.00,13.00,0.3724,3.71,1,0,3.0587,ACCEPT,0,2507,2553,7994,2,100,1235,0,0,0,0
29,0,1,1,ACCEPT,9.6503,1.6481,1452,0,2,0.3588,29.27,233.38,21.05,22.59,27.00,231.00,40.00,18.00,0.4609,3.28,1,0,3.0391,ACCEPT,0,2423,2469,7242,2,100,1452,0,0,0,0
30,0,1,1,ACCEPT,9.4664,1.7566,1393,-1,3,0.2218,28.61,235.48,21.05,22.59,26.50,232.50,45.00,15.00,0.3782,3.65,1,0,3.1701,ACCEPT,0,2201,1972,9379,2,100,1393,0,0,0,0
31,0,1,1,ACCEPT,6.6396,1.2479,1203,-2,2,0.5628,27.30,236.89,21.05,22.59,29.00,234.00,42.00,14.00,0.3833,3.36,1,0,3.1999,ACCEPT,0,2723,2604,8646,2,100,1203,0,0,0,0
32,0,1,1,ACCEPT,5.4500,1.1542,786,1,1,0.8651,27.95,237.59,21.05,22.59,29.00,235.00,44.00,14.00,0.3698,2.80,1,0,3.1431,ACCEPT,0,2146,1668,10809,2,100,786,0,0,0,0
33,0,1,1,ACCEPT,5.3108,1.1071,703,12,3,0.1223,35.83,239.70,21.05,22.59,28.00,241.00,48.00,20.00,0.4149,7.93,1,1,1.6297,LOW_CONF,0,2143,1816,11082,2,100,703,0,0,0,0
34,0,1,1,ACCEPT,6.7511,1.5577,1106,2,2,0.2043,37.14,241.11,21.05,22.59,28.00,243.00,48.00,22.00,0.3897,9.33,1,2,1.6156,LOW_CONF,0,2305,2775,10440,2,100,1106,0,0,0,0
35,0,1,1,ACCEPT,7.6838,1.7821,1333,1,2,0.2911,37.80,242.52,21.89,23.49,32.00,240.00,46.00,14.00,0.3598,6.32,1,1,2.1713,ACCEPT,0,2554,2724,10508,2,100,1333,0,0,0,0
36,0,1,1,ACCEPT,7.2599,1.3936,1264,-1,1,0.7342,37.11,243.25,22.77,24.43,33.50,240.50,45.00,11.00,0.3127,4.54,1,1,2.2997,ACCEPT,0,2693,2509,10804,2,100,1264,0,0,0,0
37,0,1,1,ACCEPT,7.2330,1.2637,1428,0,2,0.4391,37.11,244.78,22.77,24.43,36.50,241.00,45.00,14.00,0.3674,3.83,1,0,2.6550,ACCEPT,0,2973,2900,10213,2,100,1428,0,0,0,0
38,0,1,1,ACCEPT,8.0201,1.6699,1391,0,2,0.7340,37.11,246.31,22.77,24.43,39.00,242.50,46.00,13.00,0.3448,4.26,1,0,3.0584,ACCEPT,0,2514,3147,10719,2,100,1391,0,0,0,0
39,0,1,1,ACCEPT,9.0092,1.6641,1714,0,2,0.4831,37.11,247.84,22.77,24.43,42.50,244.00,53.00,12.00,0.2973,6.62,1,0,3.1508,ACCEPT,0,2773,2492,14775,2,100,1714,0,0,0,0
40,0,1,1,ACCEPT,8.2502,1.6645,1771,-1,1,0.7493,36.39,248.61,22.77,24.43,43.50,246.50,51.00,11.00,0.2889,7.42,1,0,3.2736,ACCEPT,0,3054,2245,12806,2,100,1771,0,0,0,0
41,0,1,1,ACCEPT,8.4406,2.0069,1746,0,1,0.7749,36.39,249.38,22.77,24.43,45.00,247.00,52.00,14.00,0.3301,8.93,1,0,3.1949,ACCEPT,0,2754,2208,13754,2,100,1746,0,0,0,0
42,0,1,1,ACCEPT,7.4415,1.3103,1727,-1,3,0.0660,35.67,251.67,22.77,24.43,42.50,250.00,71.00,14.00,0.2588,7.03,1,0,3.3290,ACCEPT,0,2854,2601,14372,2,100,1727,0,0,0,0
43,0,1,1,ACCEPT,8.3634,1.5970,1942,-1,2,0.6576,34.95,253.20,22.77,24.43,49.50,251.00,81.00,14.00,0.2324,14.71,1,0,3.2233,ACCEPT,0,2678,2445,18947,2,100,1942,0,0,0,0
44,0,1,1,ACCEPT,9.5214,1.8531,2624,0,2,0.8373,34.95,254.73,22.77,24.43,50.00,250.50,84.00,13.00,0.2189,15.63,1,0,3.2307,ACCEPT,0,3670,2471,23718,2,100,2624,0,0,0,0
45,0,1,1,ACCEPT,10.4949,1.9531,2748,-1,0,0.9753,34.23,254.73,22.77,24.43,53.00,251.50,88.00,13.00,0.2108,19.04,1,0,3.2165,ACCEPT,0,3962,2702,25758,2,100,2748,0,0,0,0
46,0,1,1,ACCEPT,10.5264,2.0740,2719,0,1,0.8647,34.23,255.50,22.77,24.43,55.50,252.50,93.00,13.00,0.2014,21.48,1,0,3.3932,ACCEPT,0,4002,3173,25508,2,100,2719,0,0,0,0
47,0,1,1,ACCEPT,7.7117,1.4881,2125,-1,1,0.6358,33.52,256.27,22.77,24.43,63.00,253.50,90.00,15.00,0.2182,29.61,1,0,3.4868,ACCEPT,0,4481,3378,25730,2,100,2125,0,0,0,0
48,0,1,1,ACCEPT,9.0045,1.8852,2415,-2,2,0.2849,32.08,257.80,22.77,24.43,65.00,253.00,96.00,14.00,0.2015,33.27,1,0,3.4632,ACCEPT,0,4353,3495,23075,2,100,2415,0,0,0,0
49,0,1,1,ACCEPT,11.0328,1.9389,2918,0,0,1.0000,32.08,257.80,22.77,24.43,70.00,254.00,96.00,14.00,0.1878,38.11,1,0,3.4729,ACCEPT,0,4432,3810,26282,2,100,2918,0,0,0,0
50,0,1,1,ACCEPT,11.9428,2.0023,3440,-2,0,0.5628,30.64,257.80,22.77,24.43,75.00,253.50,100.00,13.00,0.1354,44.57,1,0,3.3704,ACCEPT,0,4536,3954,20337,2,100,3440,0,0,0,0
51,0,1,1,ACCEPT,14.1026,2.5741,3076,-2,0,0.4896,29.20,257.80,22.77,24.43,73.00,252.50,100.00,13.00,0.1405,44.12,1,0,3.3981,ACCEPT,0,3696,3789,22324,2,100,3076,0,0,0,0
52,0,1,1,ACCEPT,15.2550,2.5786,3659,-1,0,0.8685,28.48,257.80,22.77,24.43,74.50,253.50,107.00,13.00,0.1441,46.22,1,0,3.3939,ACCEPT,0,4288,3467,29030,2,100,3659,0,0,0,0
53,0,1,1,ACCEPT,13.4572,2.0201,3812,-1,0,0.8140,27.77,257.80,22.77,24.43,85.00,253.00,102.00,16.00,0.0376,57.44,1,0,3.3979,ACCEPT,0,5980,3621,22958,2,100,3812,0,0,0,0
54,0,1,1,ACCEPT,14.7312,2.1463,3595,-3,0,0.2097,25.61,257.80,22.77,24.43,84.00,252.50,100.00,13.00,0.0214,58.63,1,0,3.3971,ACCEPT,0,4974,3574,22986,2,100,3595,0,0,0,0
55,0,1,1,ACCEPT,15.2100,2.5252,3601,-2,1,0.5482,24.17,258.56,22.77,24.43,98.50,252.00,87.00,12.00,0.0000,74.62,1,0,3.3022,ACCEPT,0,3880,3120,32768,2,100,3601,0,0,0,0
56,0,1,1,ACCEPT,15.3484,2.5157,3683,0,0,1.0000,24.17,258.56,22.77,24.43,97.00,252.00,92.00,14.00,0.0000,73.12,1,0,3.3846,ACCEPT,0,4276,3177,32768,2,100,3683,0,0,0,0
57,0,1,1,ACCEPT,17.8086,2.5338,4429,-1,0,0.7442,23.45,258.56,22.77,24.43,112.50,251.50,71.00,17.00,0.0000,89.33,1,0,3.3670,ACCEPT,0,4340,3221,31990,2,100,4429,0,0,0,0
58,0,1,1,ACCEPT,19.3692,3.5565,4435,-1,0,0.8273,22.73,258.56,22.77,24.43,112.00,253.00,76.00,18.00,0.0000,89.44,1,0,3.3755,ACCEPT,0,4329,3292,32767,2,100,4435,0,0,0,0
59,0,1,1,ACCEPT,20.7220,3.4652,4633,-2,-1,0.6518,21.30,257.80,22.77,24.43,116.50,253.00,61.00,18.00,0.0000,95.32,1,0,3.3691,ACCEPT,0,4018,3362,32766,2,100,4633,0,0,0,0
60,0,1,1,ACCEPT,23.2299,3.3566,5780,1,0,0.8396,22.02,257.80,22.77,24.43,121.00,253.00,70.00,18.00,0.0000,99.10,1,0,3.3688,ACCEPT,0,4518,3325,30216,2,100,5780,0,0,0,0
61,0,1,1,ACCEPT,24.0418,3.1429,5189,-1,0,0.9383,21.30,257.80,22.77,24.43,124.00,251.50,76.00,19.00,0.0000,102.90,1,0,3.3481,ACCEPT,0,4183,3445,25201,2,100,5189,0,0,0,0
62,0,1,1,ACCEPT,24.6941,3.0000,4896,1,-1,0.8150,22.02,257.03,22.77,24.43,131.50,252.00,59.00,16.00,0.0000,109.60,1,0,3.3689,ACCEPT,0,3698,3584,24553,2,100,4896,0,0,0,0
63,0,1,1,ACCEPT,23.9946,3.0310,4504,-1,-1,0.8999,21.30,256.27,22.77,24.43,133.00,251.50,58.00,17.00,0.0000,111.80,1,0,3.3524,ACCEPT,0,3530,3469,25276,2,100,4504,0,0,0,0
64,0,1,1,ACCEPT,23.1136,3.3563,4333,1,-1,0.5754,22.02,255.50,22.77,24.43,139.50,251.50,63.00,13.00,0.0000,117.55,1,0,3.3605,ACCEPT,0,3572,3706,22693,2,100,4333,0,0,0,0
65,0,1,1,ACCEPT,23.6093,4.7306,4196,1,-2,0.4979,22.73,253.97,22.77,24.43,139.50,250.00,65.00,12.00,0.0000,116.83,1,0,3.3816,ACCEPT,0,3466,3919,22354,2,100,4196,0,0,0,0
66,0,1,1,ACCEPT,21.9347,3.8874,4074,0,-1,0.8552,22.73,253.20,22.77,24.43,145.00,251.00,66.00,16.00,0.0000,122.29,1,0,3.3597,ACCEPT,0,3301,3757,22802,2,100,4074,0,0,0,0
67,0,1,1,ACCEPT,22.2914,3.3822,4867,1,-2,0.6731,23.45,251.67,22.77,24.43,144.00,249.50,72.00,19.00,0.0000,120.57,1,0,3.3471,ACCEPT,0,4079,3122,25383,2,100,4867,0,0,0,0
68,0,1,1,ACCEPT,22.6715,4.0606,5023,1,-2,0.5242,24.17,250.14,22.77,24.43,147.00,248.00,76.00,18.00,0.0000,122.85,1,0,3.3562,ACCEPT,0,4254,3019,22710,2,100,5023,0,0,0,0
69,0,1,1,ACCEPT,21.9437,4.1274,4309,0,-1,0.9835,24.17,249.38,22.77,24.43,147.50,245.00,77.00,18.00,0.0000,123.41,1,0,3.3457,ACCEPT,0,3467,2819,23214,2,100,4309,0,0,0,0
70,0,1,1,ACCEPT,24.4186,5.0540,4680,0,-1,0.9286,24.17,248.61,22.77,24.43,150.50,244.00,81.00,18.00,0.0000,126.41,1,0,3.3333,ACCEPT,0,3449,2583,24985,2,100,4680,0,0,0,0
71,0,1,1,ACCEPT,23.5984,4.3908,4685,0,-3,0.4446,24.17,246.31,22.77,24.43,152.00,240.50,78.00,23.00,0.0000,127.96,1,0,3.3495,ACCEPT,0,3485,2738,25646,2,100,4685,0,0,0,0
72,0,1,1,ACCEPT,24.1300,4.4283,4632,0,-1,0.9896,24.17,245.55,22.77,24.43,161.00,239.50,64.00,17.00,0.0000,136.96,1,0,3.3481,ACCEPT,0,3486,2424,26565,2,100,4632,0,0,0,0
73,0,1,1,ACCEPT,24.0450,4.2545,5016,1,-2,0.5506,24.89,244.02,22.77,24.43,162.50,240.00,61.00,20.00,0.0000,137.67,1,0,3.3696,ACCEPT,0,3461,2565,25275,2,100,5016,0,0,0,0
74,0,1,1,ACCEPT,25.2670,4.5712,5234,0,-1,0.8821,24.89,243.25,22.77,24.43,163.50,236.50,57.00,21.00,0.0000,138.77,1,0,3.3330,ACCEPT,0,3393,2554,25985,2,100,5234,0,0,0,0
75,0,1,1,ACCEPT,24.6349,4.5065,5588,0,-1,0.9023,24.89,242.48,22.77,24.43,166.00,235.00,56.00,22.00,0.0000,141.31,1,0,3.3316,ACCEPT,0,3850,2828,21133,2,100,5588,0,0,0,0
76,0,1,1,ACCEPT,26.4034,5.2801,5486,1,-1,0.7135,25.61,241.72,22.77,24.43,169.50,234.00,55.00,26.00,0.0000,144.10,1,0,3.3060,ACCEPT,0,3564,3168,19204,2,100,5486,0,0,0,0
77,0,1,1,ACCEPT,26.5433,5.4008,5417,0,-1,0.8935,25.61,240.95,22.77,24.43,170.50,232.00,57.00,28.00,0.0000,145.17,1,0,3.3233,ACCEPT,0,3542,3215,18125,2,100,5417,0,0,0,0
78,0,1,1,ACCEPT,25.7749,5.8082,5088,0,0,1.0000,25.61,240.95,22.77,24.43,171.00,231.00,54.00,30.00,0.0000,145.73,1,0,3.3261,ACCEPT,0,3373,3031,19953,2,100,5088,0,0,0,0
79,0,1,1,ACCEPT,26.0007,5.8597,5262,0,-1,0.8808,25.61,240.19,22.77,24.43,173.00,230.00,56.00,32.00,0.0000,147.74,1,0,3.3398,ACCEPT,0,3886,3176,21030,2,100,5262,0,0,0,0
80,0,1,1,ACCEPT,26.0647,5.6868,5283,0,0,1.0000,25.61,240.19,22.77,24.43,174.50,229.50,57.00,31.00,0.0000,149.27,1,0,3.3529,ACCEPT,0,3834,3183,20680,2,100,5283,0,0,0,0
81,0,1,1,ACCEPT,26.7498,6.6168,4956,2,0,0.7278,27.05,240.19,22.77,24.43,176.50,230.00,57.00,30.00,0.0000,149.80,1,0,3.3583,ACCEPT,0,3632,3373,19951,2,100,4956,0,0,0,0
82,0,1,1,ACCEPT,27.0442,5.9109,4646,1,-1,0.7680,27.77,239.42,22.77,24.43,179.50,226.50,57.00,35.00,0.0000,152.28,1,0,3.3653,ACCEPT,0,3468,3570,17690,2,100,4646,0,0,0,0
83,0,1,1,ACCEPT,26.5126,6.5672,4203,2,0,0.7323,29.20,239.42,22.77,24.43,184.50,226.00,53.00,34.00,0.0000,155.88,1,0,3.3547,ACCEPT,0,3083,3758,16349,2,100,4203,0,0,0,0
84,0,1,1,ACCEPT,24.3481,5.0532,3891,2,-1,0.6348,30.64,238.66,22.77,24.43,185.50,226.00,53.00,34.00,0.0000,155.38,1,0,3.3295,ACCEPT,0,2843,3834,17909,2,100,3891,0,0,0,0
85,0,1,1,ACCEPT,26.2078,6.6312,4171,0,-1,0.8211,30.64,237.89,22.77,24.43,188.00,225.50,52.00,35.00,0.0000,157.85,1,0,3.3752,ACCEPT,0,2855,3921,19194,2,100,4171,0,0,0,0
86,0,1,1,ACCEPT,27.1663,5.6978,4752,3,0,0.2222,32.80,237.89,22.77,24.43,189.50,225.00,55.00,36.00,0.0000,157.23,1,0,3.3769,ACCEPT,0,3037,3636,21796,2,100,4752,0,0,0,0
87,0,1,1,ACCEPT,24.4878,5.0464,4456,2,-1,0.6028,34.23,237.12,22.77,24.43,194.00,224.00,56.00,40.00,0.0000,160.30,1,0,3.3527,ACCEPT,0,3111,3867,19027,2,100,4456,0,0,0,0
88,0,1,1,ACCEPT,25.2463,5.1622,4011,2,0,0.6158,35.67,237.12,22.77,24.43,195.50,223.50,57.00,43.00,0.0000,160.41,1,0,3.3547,ACCEPT,0,2661,3888,17306,2,100,4011,0,0,0,0
89,0,1,1,ACCEPT,23.4395,4.1722,3634,2,0,0.7889,37.11,237.12,22.77,24.43,198.00,224.00,56.00,46.00,0.0000,161.43,1,0,3.3654,ACCEPT,0,2331,3651,18214,2,100,3634,0,0,0,0
90,0,1,1,ACCEPT,20.5399,5.2660,2970,3,0,0.4286,39.27,237.12,22.77,24.43,200.50,223.50,57.00,49.00,0.0000,161.81,1,0,3.3132,ACCEPT,0,2258,3455,16335,2,100,2970,0,0,0,0
91,0,1,1,ACCEPT,22.1520,4.5332,3205,1,0,0.8222,39.98,237.12,22.77,24.43,204.50,222.50,51.00,53.00,0.0000,165.16,1,0,3.3680,ACCEPT,0,2536,3473,18091,2,100,3205,0,0,0,0
92,0,1,1,ACCEPT,24.4647,5.6113,3883,1,0,0.9168,40.70,237.12,22.77,24.43,205.50,222.50,53.00,55.00,0.0000,165.44,1,0,3.3504,ACCEPT,0,2930,3496,18824,2,100,3883,0,0,0,0
93,0,1,1,ACCEPT,23.2722,5.2789,3653,0,0,1.0000,40.70,237.12,22.77,24.43,206.00,221.00,52.00,56.00,0.0000,166.08,1,0,3.3802,ACCEPT,0,3031,3471,16695,2,100,3653,0,0,0,0
94,0,1,1,ACCEPT,23.5407,4.6819,3385,1,0,0.8830,41.42,237.12,22.77,24.43,207.00,218.50,52.00,59.00,0.0000,166.62,1,0,3.3597,ACCEPT,0,2680,3258,18266,2,100,3385,0,0,0,0
95,0,1,1,ACCEPT,24.4008,4.4974,3418,1,-1,0.7920,42.14,236.36,22.77,24.43,207.00,217.00,52.00,60.00,0.0000,165.99,1,0,3.3389,ACCEPT,0,2435,3345,19623,2,100,3418,0,0,0,0
96,0,1,1,ACCEPT,24.1101,4.2602,3357,-1,-1,0.9455,41.42,235.59,22.77,24.43,206.50,213.00,53.00,72.00,0.0000,166.62,1,0,3.3454,ACCEPT,0,2256,3625,17061,2,100,3357,0,0,0,0
97,0,1,1,ACCEPT,25.8941,4.7713,3192,0,-3,0.5226,41.42,233.30,22.77,24.43,208.00,209.50,54.00,73.00,0.0000,168.27,1,0,3.3027,ACCEPT,0,2215,3661,14134,2,100,3192,0,0,0,0
98,0,1,1,ACCEPT,26.1794,5.4908,2998,0,0,1.0000,41.42,233.30,22.77,24.43,208.00,210.00,56.00,70.00,0.0000,168.20,1,0,3.3322,ACCEPT,0,1867,3588,16828,2,100,2998,0,0,0,0
99,0,1,1,ACCEPT,26.6160,4.5620,3125,0,-2,0.7050,41.42,231.77,22.77,24.43,208.50,208.50,53.00,67.00,0.0000,168.69,1,0,3.3234,ACCEPT,0,1863,3636,16905,2,100,3125,0,0,0,0
100,0,1,1,ACCEPT,27.3905,6.0188,3196,0,-2,0.6233,41.42,230.23,22.77,24.43,208.50,208.50,55.00,65.00,0.0000,168.49,1,0,3.3345,ACCEPT,0,2019,3606,18620,2,100,3196,0,0,0,0
101,0,1,1,ACCEPT,28.0882,5.6073,3684,0,-2,0.6515,41.42,228.70,22.77,24.43,208.50,204.50,55.00,71.00,0.0000,168.82,1,0,3.3338,ACCEPT,0,2379,3575,19632,2,100,3684,0,0,0,0
102,0,1,1,ACCEPT,27.8733,5.4499,3755,0,-2,0.5310,41.42,227.17,22.77,24.43,209.50,202.50,55.00,75.00,0.0000,169.88,1,0,3.3264,ACCEPT,0,2338,3663,19224,2,100,3755,0,0,0,0
103,0,1,1,ACCEPT,22.0855,4.4114,3163,0,-2,0.7240,41.42,225.64,22.77,24.43,211.00,198.00,54.00,76.00,0.0000,171.82,1,0,3.3229,ACCEPT,0,2366,3874,23791,2,100,3163,0,0,0,0
104,0,1,1,ACCEPT,22.6503,5.1003,3203,2,-3,0.0631,42.86,223.34,22.77,24.43,210.00,196.50,52.00,77.00,0.0000,169.28,1,0,3.3076,ACCEPT,0,2314,3857,26178,2,100,3203,0,0,0,0
105,0,1,1,ACCEPT,23.8177,5.4655,3323,0,-1,0.9016,42.86,222.58,22.77,24.43,213.00,190.00,52.00,80.00,0.0000,173.23,1,0,3.3862,ACCEPT,0,2463,3936,25351,2,100,3323,0,0,0,0
106,0,1,1,ACCEPT,25.3450,5.9981,3185,2,-4,0.0678,44.30,219.52,22.77,24.43,215.00,190.50,54.00,81.00,0.0000,173.15,1,0,3.3477,ACCEPT,0,2131,3677,25515,2,100,3185,0,0,0,0
107,0,1,1,ACCEPT,24.0765,4.6757,2941,2,-3,0.0813,45.73,217.22,22.77,24.43,215.50,184.50,53.00,85.00,0.0000,172.89,1,0,3.3618,ACCEPT,0,1987,3949,23789,2,100,2941,0,0,0,0
108,0,1,1,ACCEPT,21.0974,3.8922,2779,2,-1,0.5991,47.17,216.45,22.77,24.43,217.50,181.00,51.00,84.00,0.0000,173.98,1,0,3.3439,ACCEPT,0,2004,4160,21909,2,100,2779,0,0,0,0
109,0,1,1,ACCEPT,22.5001,4.7810,2773,2,-3,0.2304,48.61,214.16,22.77,24.43,220.50,178.00,53.00,86.00,0.0000,175.65,1,0,3.3788,ACCEPT,0,2087,4179,21740,2,100,2773,0,0,0,0
110,0,1,1,ACCEPT,23.2169,3.9509,2896,1,-2,0.4862,49.33,212.62,22.77,24.43,221.00,175.50,50.00,95.00,0.0000,175.64,1,0,3.4072,ACCEPT,0,2060,4086,22046,2,100,2896,0,0,0,0
111,0,1,1,ACCEPT,22.0301,4.4376,2667,4,-3,0.1072,52.20,210.33,22.77,24.43,224.00,176.00,52.00,90.00,0.0000,175.19,1,0,3.3341,ACCEPT,0,1933,4254,19325,2,100,2667,0,0,0,0
112,0,1,1,ACCEPT,23.2672,5.0859,2665,1,-1,0.7535,52.92,209.56,22.77,24.43,224.50,169.00,49.00,96.00,0.0000,176.31,1,0,3.3848,ACCEPT,0,1941,4176,20482,2,100,2665,0,0,0,0
113,0,1,1,ACCEPT,20.3387,3.7317,2392,1,-2,0.5769,53.64,208.03,22.77,24.43,226.50,166.50,51.00,97.00,0.0000,177.78,1,0,3.3739,ACCEPT,0,1952,4390,18906,2,100,2392,0,0,0,0
114,0,1,1,ACCEPT,18.8556,3.8108,2256,2,-1,0.6321,55.08,207.27,22.77,24.43,226.50,166.50,51.00,97.00,0.0000,176.20,1,0,3.3638,ACCEPT,0,1864,4456,18758,2,100,2256,0,0,0,0
115,0,1,1,ACCEPT,22.0586,3.4475,2596,1,-1,0.6676,55.80,206.50,22.77,24.43,231.50,163.00,53.00,100.00,0.0000,181.01,1,0,3.3782,ACCEPT,0,2091,4205,19562,2,100,2596,0,0,0,0
116,0,1,1,ACCEPT,22.8781,4.4686,2489,1,-3,0.2507,56.52,204.20,22.77,24.43,232.00,161.50,54.00,95.00,0.0000,180.61,1,0,3.3540,ACCEPT,0,2106,4076,19911,2,100,2489,0,0,0,0
117,0,1,1,ACCEPT,20.7242,3.1642,2351,1,-2,0.7393,57.23,202.67,22.77,24.43,233.00,160.50,54.00,95.00,0.0000,180.75,1,0,3.3654,ACCEPT,0,1927,4263,18217,2,100,2351,0,0,0,0
118,0,1,1,ACCEPT,22.1439,4.5568,2406,2,-3,0.1916,58.67,200.38,22.77,24.43,234.50,158.50,55.00,93.00,0.0000,180.75,1,0,3.3573,ACCEPT,0,1762,4056,19631,2,100,2406,0,0,0,0
119,0,1,1,ACCEPT,21.7347,4.0220,2562,-1,-3,0.4758,57.95,198.08,22.77,24.43,236.50,156.50,53.00,93.00,0.0000,183.32,1,0,3.3819,ACCEPT,0,1775,3963,22308,2,100,2562,0,0,0,0
120,0,1,1,ACCEPT,21.1493,3.0466,3138,1,-4,0.0468,58.67,195.02,22.77,24.43,237.00,155.00,54.00,92.00,0.0000,182.76,1,0,3.3587,ACCEPT,0,1930,3569,25087,2,100,3138,0,0,0,0
121,0,1,1,ACCEPT,23.6878,5.0507,2889,0,-2,0.5715,58.67,193.48,22.77,24.43,237.50,152.50,55.00,91.00,0.0000,183.46,1,0,3.3694,ACCEPT,0,1951,3433,26029,2,100,2889,0,0,0,0
122,0,1,1,ACCEPT,24.4065,5.7486,3018,0,-1,0.9162,58.67,192.72,22.77,24.43,236.50,153.50,57.00,91.00,0.0000,182.10,1,0,3.3820,ACCEPT,0,1971,3657,27338,2,100,3018,0,0,0,0
123,0,1,1,ACCEPT,21.1440,3.5889,2785,-1,-2,0.7077,57.95,191.19,22.77,24.43,236.50,153.50,59.00,95.00,0.0000,182.48,1,0,3.3755,ACCEPT,0,2101,3864,23330,2,100,2785,0,0,0,0
124,0,1,1,ACCEPT,21.6355,3.6422,3023,2,0,0.6044,59.39,191.19,22.77,24.43,239.50,152.00,55.00,96.00,0.0000,184.32,1,0,3.3742,ACCEPT,0,2223,3838,25566,2,100,3023,0,0,0,0
125,0,1,1,ACCEPT,23.8645,4.1966,3437,1,-1,0.7879,60.11,190.42,22.77,24.43,240.00,152.00,56.00,98.00,0.0000,183.95,1,0,3.3621,ACCEPT,0,2215,3832,23318,2,100,3437,0,0,0,0
126,0,1,1,ACCEPT,26.2259,4.5675,3453,0,0,1.0000,60.11,190.42,22.77,24.43,242.50,151.50,57.00,95.00,0.0000,186.50,1,0,3.3760,ACCEPT,0,2108,3909,23033,2,100,3453,0,0,0,0
127,0,1,1,ACCEPT,28.5118,4.9838,3379,0,0,1.0000,60.11,190.42,22.77,24.43,243.50,151.00,57.00,100.00,0.0000,187.58,1,0,3.3899,ACCEPT,0,2177,3890,22204,2,100,3379,0,0,0,0
128,0,1,1,ACCEPT,21.5668,2.7135,2624,2,-1,0.4809,61.55,189.66,22.77,24.43,245.00,146.00,56.00,102.00,0.0000,188.58,1,0,3.3717,ACCEPT,0,1936,4035,22561,2,100,2624,0,0,0,0
129,0,1,1,ACCEPT,19.7013,2.2351,2919,0,-5,0.0209,61.55,185.83,22.77,24.43,247.50,144.50,57.00,101.00,0.0000,190.49,1,0,3.3808,ACCEPT,0,2194,3834,25069,2,100,2919,0,0,0,0
130,0,1,1,ACCEPT,22.5692,3.8606,2714,-1,-3,0.5346,60.83,183.53,22.77,24.43,249.00,143.00,58.00,102.00,0.0000,192.49,1,0,3.4191,ACCEPT,0,2182,3740,24036,2,100,2714,0,0,0,0
131,0,1,1,ACCEPT,21.1140,3.7034,2722,2,-4,0.0749,62.27,180.47,22.77,24.43,252.50,140.00,61.00,106.00,0.0000,194.49,1,0,3.4097,ACCEPT,0,1964,3798,22484,2,100,2722,0,0,0,0
132,0,1,1,ACCEPT,19.7575,2.4333,2971,3,-3,0.0932,64.42,178.17,22.77,24.43,255.50,131.00,61.00,114.00,0.0000,196.81,1,0,3.4205,ACCEPT,0,2053,3600,24722,2,100,2971,0,0,0,0
133,0,1,1,ACCEPT,21.6860,3.7545,2478,2,-5,0.2365,65.86,174.34,22.77,24.43,257.00,126.00,62.00,110.00,0.0000,197.16,1,0,3.3882,ACCEPT,0,1665,3577,20032,2,100,2478,0,0,0,0
134,0,1,1,ACCEPT,21.3072,2.7907,2280,-1,-4,0.3689,65.14,171.28,22.77,24.43,256.50,124.00,63.00,116.00,0.0000,197.11,1,0,3.4248,ACCEPT,0,1657,3869,20467,2,100,2280,0,0,0,0
135,0,1,1,ACCEPT,22.9700,4.7667,2779,0,-4,0.1608,65.14,168.22,22.77,24.43,256.00,121.00,60.00,114.00,0.0000,196.61,1,0,3.4156,ACCEPT,0,2000,4000,19000,2,100,2779,0,0,0,0
136,0,1,1,ACCEPT,23.0512,4.0275,2489,0,-2,0.6264,65.14,166.69,22.77,24.43,256.50,126.50,61.00,101.00,0.0000,195.53,1,0,3.4145,ACCEPT,0,1912,3934,17722,2,100,2489,0,0,0,0
137,0,1,1,ACCEPT,22.2053,3.9286,2475,-2,-3,0.2760,63.70,164.39,22.77,24.43,256.00,126.50,64.00,97.00,0.0000,195.99,1,0,3.4131,ACCEPT,0,1691,4080,16654,2,100,2475,0,0,0,0
138,0,1,1,ACCEPT,24.0825,4.9108,2588,-2,0,0.7566,62.27,164.39,22.77,24.43,254.50,124.50,63.00,99.00,0.0000,196.33,1,0,3.4642,ACCEPT,0,1698,4010,17283,2,100,2588,0,0,0,0
139,0,1,1,ACCEPT,20.8608,3.6903,2764,0,-1,0.7956,62.27,163.62,22.77,24.43,256.00,121.50,66.00,103.00,0.0000,198.26,1,0,3.4215,ACCEPT,0,1838,3816,16267,2,100,2764,0,0,0,0
140,0,1,1,ACCEPT,20.5825,3.5501,2872,0,-2,0.6052,62.27,162.09,22.77,24.43,254.00,120.50,64.00,101.00,0.0000,196.19,1,0,3.3459,ACCEPT,0,2132,3599,16426,2,100,2872,0,0,0,0
141,0,1,1,ACCEPT,22.7933,3.7896,3062,-1,0,0.9236,61.55,162.09,22.77,24.43,256.00,118.50,68.00,105.00,0.0000,199.28,1,0,3.4025,ACCEPT,0,2127,3878,14815,2,100,3062,0,0,0,0
142,0,1,1,ACCEPT,23.4940,4.3047,3108,-1,-1,0.9254,60.83,161.33,22.77,24.43,254.50,121.00,63.00,102.00,0.0000,197.83,1,0,3.4814,ACCEPT,0,2186,3806,14689,2,100,3108,0,0,0,0
143,0,1,1,ACCEPT,26.0992,5.0095,3171,0,0,1.0000,60.83,161.33,22.77,24.43,255.00,119.00,68.00,104.00,0.0000,198.73,1,0,3.4776,ACCEPT,0,1847,3517,15243,2,100,3171,0,0,0,0
144,0,1,1,ACCEPT,27.5571,5.4096,3170,-1,-1,0.7659,60.11,160.56,22.77,24.43,253.00,118.50,64.00,97.00,0.0000,197.42,1,0,3.4726,ACCEPT,0,1839,3580,16207,2,100,3170,0,0,0,0
145,0,1,1,ACCEPT,25.8060,5.8121,2970,-1,-1,0.8030,59.39,159.80,22.77,24.43,249.50,118.00,63.00,98.00,0.0000,194.65,1,0,3.4087,ACCEPT,0,1745,3605,15609,2,100,2970,0,0,0,0
146,0,1,1,ACCEPT,24.4092,4.4009,2953,-1,1,0.8584,58.67,160.56,22.77,24.43,251.50,117.00,63.00,98.00,0.0000,197.69,1,0,3.4241,ACCEPT,0,1731,4309,14706,2,100,2953,0,0,0,0
147,0,1,1,ACCEPT,25.1761,4.9750,2985,-2,1,0.7039,57.23,161.33,22.77,24.43,247.00,116.50,60.00,97.00,0.0000,194.99,1,0,3.4463,ACCEPT,0,1762,4258,16205,2,100,2985,0,0,0,0
148,0,1,1,ACCEPT,28.1520,4.8886,3334,0,2,0.7606,57.23,162.86,22.77,24.43,245.50,117.00,55.00,96.00,0.0000,193.77,1,0,3.4347,ACCEPT,0,1766,4136,18377,2,100,3334,0,0,0,0
149,0,1,1,ACCEPT,30.2379,5.6628,3392,-1,0,0.9275,56.52,162.86,22.77,24.43,244.50,114.00,55.00,92.00,0.0000,194.23,1,0,3.4169,ACCEPT,0,1783,4098,19547,2,100,3392,0,0,0,0
150,0,1,1,ACCEPT,32.1335,4.8346,3244,-1,0,0.9263,55.80,162.86,22.77,24.43,245.50,111.00,57.00,92.00,0.0000,196.66,1,0,3.4741,ACCEPT,0,1757,4012,21195,2,100,3244,0,0,0,0
151,0,1,1,ACCEPT,20.8454,3.7870,2685,1,-1,0.8142,56.52,162.09,22.77,24.43,244.50,107.00,51.00,96.00,0.0000,195.89,1,0,3.4220,ACCEPT,0,1756,3974,16094,2,100,2685,0,0,0,0
152,0,1,1,ACCEPT,20.0981,3.5009,1943,-1,-1,0.8878,55.80,161.33,22.77,24.43,248.50,102.00,61.00,98.00,0.0000,201.63,1,0,3.4292,ACCEPT,0,1531,3998,15249,2,100,1943,0,0,0,0
153,0,1,1,ACCEPT,20.2301,2.9813,2078,0,0,1.0000,55.80,161.33,22.77,24.43,247.50,97.00,59.00,96.00,0.0000,202.21,1,0,3.4292,ACCEPT,0,1518,3942,14947,2,100,2078,0,0,0,0
154,0,1,1,ACCEPT,18.6930,3.0627,1954,0,0,1.0000,55.80,161.33,22.77,24.43,246.50,95.00,59.00,94.00,0.0000,201.91,1,0,3.4112,ACCEPT,0,1500,3969,15826,2,100,1954,0,0,0,0
155,0,1,1,ACCEPT,20.7441,3.3797,2163,0,0,1.0000,55.80,161.33,22.77,24.43,252.50,92.00,53.00,90.00,0.0000,208.56,1,0,3.4165,ACCEPT,0,1593,3696,18243,2,100,2163,0,0,0,0
156,0,1,1,ACCEPT,18.0321,2.1312,2193,1,1,0.8554,56.52,162.09,22.77,24.43,249.00,89.50,52.00,91.00,0.0000,205.72,1,0,3.3994,ACCEPT,0,1606,3510,18622,2,100,2193,0,0,0,0
157,0,1,1,ACCEPT,19.6098,2.3751,2121,0,1,0.9477,56.52,162.86,22.77,24.43,252.00,90.00,54.00,90.00,0.0000,208.62,1,0,3.3860,ACCEPT,0,1651,3509,18679,2,100,2121,0,0,0,0
158,0,1,1,ACCEPT,19.9589,2.3171,2243,1,0,0.8770,57.23,162.86,22.77,24.43,250.00,87.00,56.00,92.00,0.0000,207.16,1,0,3.3895,ACCEPT,0,1648,3518,18068,2,100,2243,0,0,0,0
159,0,1,1,ACCEPT,21.0629,2.6414,2195,3,1,0.4756,59.39,163.62,22.77,24.43,252.50,84.00,53.00,88.00,0.0000,208.88,1,0,3.4101,ACCEPT,0,1597,3380,17905,2,100,2195,0,0,0,0
160,0,1,1,ACCEPT,19.0436,2.7056,1875,1,4,0.3435,60.11,166.69,22.77,24.43,253.50,84.50,53.00,87.00,0.0000,210.13,1,0,3.4048,ACCEPT,0,1451,3298,20912,2,100,1875,0,0,0,0
161,0,1,1,ACCEPT,15.5117,2.0895,1845,1,6,0.4217,60.83,171.28,22.77,24.43,249.50,84.50,47.00,81.00,0.0000,207.67,1,0,3.4219,ACCEPT,0,1454,3254,21198,2,100,1845,0,0,0,0
162,0,1,1,ACCEPT,17.1190,2.6697,2045,2,6,0.1653,62.27,175.88,22.77,24.43,254.50,87.00,43.00,78.00,0.0000,211.78,1,0,3.4465,ACCEPT,0,1632,3107,23223,2,100,2045,0,0,0,0
163,0,1,1,ACCEPT,13.6446,1.9673,1806,3,4,0.1777,64.42,178.94,22.77,24.43,254.50,106.00,41.00,100.00,0.0000,203.59,1,0,3.4167,ACCEPT,0,1748,2940,23752,2,100,1806,0,0,0,0
164,0,1,1,ACCEPT,13.8330,1.7823,1916,3,5,0.0224,66.58,182.77,22.77,24.43,256.50,108.00,47.00,104.00,0.0000,204.11,1,0,3.4214,ACCEPT,0,1701,2825,24538,2,100,1916,0,0,0,0
165,0,1,1,ACCEPT,14.1664,1.9080,1887,2,7,0.2570,68.02,188.12,22.77,24.43,257.00,108.00,48.00,102.00,0.0000,205.27,1,0,3.4292,ACCEPT,0,1611,2938,24167,2,100,1887,0,0,0,0
166,0,1,1,ACCEPT,12.5727,1.7478,1386,1,9,0.3701,68.73,195.02,22.77,24.43,255.00,117.00,46.00,98.00,0.0000,201.94,1,0,3.4270,ACCEPT,0,1598,3076,13968,2,100,1386,0,0,0,0
167,0,1,1,ACCEPT,12.8708,2.1025,1005,1,8,0.4418,69.45,201.14,22.77,24.43,257.50,121.00,39.00,98.00,0.0000,204.41,1,0,3.4060,ACCEPT,0,1015,3325,16766,2,100,1005,0,0,0,0
168,0,1,1,ACCEPT,13.2405,1.9541,1108,2,7,0.3421,70.89,206.50,22.77,24.43,259.50,129.00,39.00,98.00,0.0000,203.91,1,0,3.3958,ACCEPT,0,1045,3257,15785,2,100,1108,0,0,0,0
169,0,1,1,ACCEPT,13.7788,2.0144,1116,0,6,0.4498,70.89,211.09,22.77,24.43,259.50,129.00,39.00,96.00,0.0000,205.70,1,0,3.4116,ACCEPT,0,995,3536,17431,2,100,1116,0,0,0,0
170,0,1,1,ACCEPT,14.6642,2.3142,1333,0,7,0.3668,70.89,216.45,22.77,24.43,258.00,138.00,36.00,100.00,0.0000,202.89,1,0,3.4384,ACCEPT,0,1217,3406,16757,2,100,1333,0,0,0,0
171,0,1,1,ACCEPT,14.2918,2.4894,1297,1,9,0.2822,71.61,223.34,22.77,24.43,255.50,140.00,37.00,108.00,0.0000,201.90,1,0,3.4371,ACCEPT,0,1242,3759,16292,2,100,1297,0,0,0,0
172,0,1,1,ACCEPT,19.1701,3.3687,1873,1,7,0.1313,72.33,228.70,22.77,24.43,256.00,144.50,42.00,103.00,0.0000,202.05,1,0,3.4750,ACCEPT,0,1500,3854,17765,2,100,1873,0,0,0,0
173,0,1,1,ACCEPT,22.2567,3.2855,2290,1,5,0.2009,73.05,232.53,22.77,24.43,256.50,149.00,37.00,106.00,0.0000,201.58,1,0,3.4393,ACCEPT,0,1597,3639,18269,2,100,2290,0,0,0,0
174,0,1,1,ACCEPT,18.1985,2.4891,2168,1,4,0.3450,73.77,235.59,22.77,24.43,256.00,150.50,40.00,107.00,0.0000,201.12,1,0,3.4014,ACCEPT,0,1843,3765,20487,2,100,2168,0,0,0,0
175,0,1,1,ACCEPT,21.3785,2.8735,3135,0,3,0.4884,73.77,237.89,22.77,24.43,254.50,153.50,39.00,107.00,0.0000,199.47,1,0,3.4325,ACCEPT,0,1948,3414,28287,2,100,3135,0,0,0,0
176,0,1,1,ACCEPT,19.0471,3.6030,3567,0,3,0.4472,73.77,240.19,22.77,24.43,256.50,155.50,43.00,105.00,0.0000,201.40,1,0,3.4541,ACCEPT,0,2710,3354,27647,2,100,3567,0,0,0,0
177,0,1,1,ACCEPT,19.5672,2.8964,3551,0,5,0.1495,73.77,244.02,22.77,24.43,254.50,156.50,41.00,109.00,0.0000,200.81,1,0,3.4540,ACCEPT,0,2797,3688,21608,2,100,3551,0,0,0,0
178,0,1,1,ACCEPT,18.9162,2.7950,3273,0,2,0.7284,73.77,245.55,22.77,24.43,251.00,161.50,46.00,109.00,0.0000,196.15,1,0,3.4779,ACCEPT,0,2439,3466,27510,2,100,3273,0,0,0,0
179,0,1,1,ACCEPT,18.2293,3.2271,4008,1,-1,0.7819,74.48,244.78,22.77,24.43,248.50,161.50,45.00,109.00,0.0000,192.92,1,0,3.4452,ACCEPT,0,3391,3661,24329,2,100,4008,0,0,0,0
180,0,1,1,ACCEPT,21.4123,3.6181,4150,1,2,0.7913,75.20,246.31,22.77,24.43,246.50,164.50,47.00,101.00,0.0000,189.83,1,0,3.4198,ACCEPT,0,2838,3491,25190,2,100,4150,0,0,0,0
181,0,1,1,ACCEPT,23.3083,4.0059,4102,-2,2,0.3786,73.77,247.84,22.77,24.43,243.50,166.00,47.00,102.00,0.0000,188.44,1,0,3.4593,ACCEPT,0,2626,3568,24438,2,100,4102,0,0,0,0
182,0,1,1,ACCEPT,25.2066,5.2311,3939,-1,1,0.7212,73.05,248.61,22.77,24.43,241.00,167.00,48.00,102.00,0.0000,186.73,1,0,3.4337,ACCEPT,0,2735,3371,25869,2,100,3939,0,0,0,0
183,0,1,1,ACCEPT,19.4960,3.4892,3388,-1,1,0.8338,72.33,249.38,22.77,24.43,238.00,170.50,50.00,97.00,0.0000,183.49,1,0,3.4173,ACCEPT,0,3008,3266,26838,2,100,3388,0,0,0,0
184,0,1,1,ACCEPT,19.0656,3.3627,3319,-1,2,0.5833,71.61,250.91,22.77,24.43,236.50,170.00,51.00,102.00,0.0000,183.67,1,0,3.4341,ACCEPT,0,2840,3182,27777,2,100,3319,0,0,0,0
185,0,1,1,ACCEPT,21.2164,5.0315,3512,-2,0,0.6236,70.17,250.91,22.77,24.43,234.50,172.50,51.00,97.00,0.0000,182.07,1,0,3.4364,ACCEPT,0,2775,3268,25548,2,100,3512,0,0,0,0
186,0,1,1,ACCEPT,20.9553,4.7693,3267,-1,1,0.8910,69.45,251.67,22.77,24.43,232.50,172.50,53.00,97.00,0.0000,181.25,1,0,3.4153,ACCEPT,0,2535,3158,25188,2,100,3267,0,0,0,0
187,0,1,1,ACCEPT,19.0985,3.2030,2809,1,1,0.9188,70.17,252.44,22.77,24.43,231.00,189.00,54.00,66.00,0.0000,172.89,1,0,3.3927,ACCEPT,0,2508,3464,19503,2,100,2809,0,0,0,0
188,0,1,1,ACCEPT,20.6773,3.8562,2950,-1,0,0.9851,69.45,252.44,22.77,24.43,232.00,188.00,56.00,66.00,0.0000,174.85,1,0,3.3798,ACCEPT,0,2325,3523,19125,2,100,2950,0,0,0,0
189,0,1,1,ACCEPT,20.4079,3.6253,3125,1,0,0.9555,70.17,252.44,22.77,24.43,232.00,188.50,58.00,65.00,0.0000,174.00,1,0,3.3354,ACCEPT,0,2607,3613,15811,2,100,3125,0,0,0,0
190,0,1,1,ACCEPT,23.3514,4.6409,3063,-1,0,0.9585,69.45,252.44,22.77,24.43,232.00,188.50,56.00,67.00,0.0000,174.67,1,0,3.3585,ACCEPT,0,2096,3690,16887,2,100,3063,0,0,0,0
191,0,1,1,ACCEPT,22.9219,3.9882,3382,1,2,0.6561,70.17,253.97,22.77,24.43,231.50,190.00,55.00,66.00,0.0000,173.55,1,0,3.2938,ACCEPT,0,2402,3816,17292,2,100,3382,0,0,0,0
192,0,1,1,ACCEPT,25.2443,5.1350,3348,0,0,1.0000,70.17,253.97,22.77,24.43,230.50,190.00,55.00,66.00,0.0000,172.62,1,0,3.2929,ACCEPT,0,2267,3795,17822,2,100,3348,0,0,0,0
193,0,1,1,ACCEPT,24.9610,4.3129,3308,-1,0,0.9141,69.45,253.97,22.77,24.43,230.50,191.00,55.00,66.00,0.0000,172.92,1,0,3.3399,ACCEPT,0,2339,4078,16005,2,100,3308,0,0,0,0
194,0,1,1,ACCEPT,25.1011,4.4429,3190,0,0,1.0000,69.45,253.97,22.77,24.43,231.00,195.00,56.00,60.00,0.0000,171.97,1,0,3.3395,ACCEPT,0,1993,3996,15978,2,100,3190,0,0,0,0
195,0,1,1,ACCEPT,26.9680,4.9519,3194,1,1,0.9740,70.17,254.73,22.77,24.43,230.50,196.00,57.00,62.00,0.0000,170.75,1,0,3.3356,ACCEPT,0,1932,4031,15034,2,100,3194,0,0,0,0
196,0,1,1,ACCEPT,28.8311,5.3490,3081,0,0,1.0000,70.17,254.73,22.77,24.43,230.00,198.50,54.00,59.00,0.0000,169.43,1,0,3.3344,ACCEPT,0,1790,3915,15529,2,100,3081,0,0,0,0
197,0,1,1,ACCEPT,26.2044,5.4444,3087,-1,1,0.7898,69.45,255.50,22.77,24.43,230.50,198.00,55.00,64.00,0.0000,171.00,1,0,3.3436,ACCEPT,0,2018,4125,14158,2,100,3087,0,0,0,0
198,0,1,1,ACCEPT,27.7576,5.0664,2974,0,1,0.8716,69.45,256.27,22.77,24.43,230.50,202.50,55.00,57.00,0.0000,169.78,1,0,3.3332,ACCEPT,0,1859,3823,16557,2,100,2974,0,0,0,0
199,0,1,1,ACCEPT,19.8559,3.6767,2695,1,3,0.4438,70.17,258.56,22.77,24.43,228.00,188.50,56.00,91.00,0.0000,172.68,1,0,3.2602,ACCEPT,0,2254,3650,17432,2,100,2695,0,0,0,0
200,0,1,1,ACCEPT,21.9781,3.9005,2863,-1,1,0.6622,69.45,259.33,22.77,24.43,228.50,194.50,55.00,97.00,0.0000,171.75,1,0,3.2785,ACCEPT,0,2065,3293,17968,2,100,2863,0,0,0,0
201,0,1,1,ACCEPT,28.1106,4.7145,3352,0,3,0.3425,69.45,261.62,22.77,24.43,227.00,199.00,54.00,92.00,0.0000,169.54,1,0,3.3077,ACCEPT,0,1896,3365,19215,2,100,3352,0,0,0,0
202,0,1,1,ACCEPT,24.8236,3.8489,3260,-1,0,0.9015,68.73,261.62,22.77,24.43,226.50,200.50,55.00,93.00,0.0000,169.19,1,0,3.3359,ACCEPT,0,2153,3149,18377,2,100,3260,0,0,0,0
203,0,1,1,ACCEPT,26.5577,4.5164,3035,0,2,0.7012,68.73,263.16,22.77,24.43,228.00,201.50,54.00,93.00,0.0000,170.78,1,0,3.3457,ACCEPT,0,1877,3022,20056,2,100,3035,0,0,0,0
204,0,1,1,ACCEPT,27.2086,4.4457,3272,0,2,0.6143,68.73,264.69,22.77,24.43,228.50,205.00,55.00,90.00,0.0000,170.55,1,0,3.3462,ACCEPT,0,1775,2901,20723,2,100,3272,0,0,0,0
205,0,1,1,ACCEPT,27.5271,5.2197,3278,1,1,0.9179,69.45,265.45,22.77,24.43,230.00,207.00,54.00,80.00,0.0000,170.86,1,0,3.3035,ACCEPT,0,1845,2663,19840,2,100,3278,0,0,0,0
206,0,1,1,ACCEPT,30.7095,5.8663,3379,2,3,0.3368,70.89,267.75,22.77,24.43,230.50,209.00,53.00,80.00,0.0000,170.08,1,0,3.2707,ACCEPT,0,1812,2759,18623,2,100,3379,0,0,0,0
207,0,1,1,ACCEPT,31.8596,4.5131,3096,0,1,0.8388,70.89,268.52,22.77,24.43,230.50,208.50,57.00,89.00,0.0000,170.52,1,0,3.3170,ACCEPT,0,1639,2897,21249,2,100,3096,0,0,0,0
208,0,1,1,ACCEPT,29.6678,4.7118,3515,1,2,0.5855,71.61,270.05,22.77,24.43,230.50,215.50,55.00,79.00,0.0000,167.99,1,0,3.3197,ACCEPT,0,1956,2832,21173,2,100,3515,0,0,0,0
209,0,1,1,ACCEPT,32.7404,5.7605,3583,0,3,0.4078,71.61,272.34,22.77,24.43,227.50,219.50,53.00,75.00,0.0000,164.60,1,0,3.3422,ACCEPT,0,1834,3036,19691,2,100,3583,0,0,0,0
210,0,1,1,ACCEPT,33.1561,5.6300,3485,0,2,0.5182,71.61,273.88,22.77,24.43,227.00,221.50,54.00,77.00,0.0000,163.98,1,0,3.2931,ACCEPT,0,1742,3137,19375,2,100,3485,0,0,0,0
211,0,1,1,ACCEPT,22.9813,4.8743,2793,-2,2,0.5657,70.17,275.41,22.77,24.43,225.50,226.50,59.00,85.00,0.0000,162.85,1,0,3.3897,ACCEPT,0,1900,3362,15784,2,100,2793,0,0,0,0
212,0,1,1,ACCEPT,25.0214,5.0359,2523,0,2,0.5450,70.17,276.94,22.77,24.43,223.50,226.50,59.00,87.00,0.0000,161.41,1,0,3.3467,ACCEPT,0,1626,3336,18058,2,100,2523,0,0,0,0
213,0,1,1,ACCEPT,30.3110,6.0647,3281,0,2,0.6245,70.17,278.47,22.77,24.43,223.00,225.50,56.00,83.00,0.0000,161.75,1,0,3.3422,ACCEPT,0,1857,3552,17131,2,100,3281,0,0,0,0
214,0,1,1,ACCEPT,27.6530,5.3507,2868,-1,4,0.2259,69.45,281.53,22.77,24.43,220.00,227.00,60.00,84.00,0.0000,160.12,1,0,3.3525,ACCEPT,0,1855,3603,16655,2,100,2868,0,0,0,0
215,0,1,1,ACCEPT,29.0676,6.0934,3065,0,1,0.8561,69.45,282.30,22.77,24.43,217.50,228.00,59.00,80.00,0.0000,157.69,1,0,3.3198,ACCEPT,0,1713,3625,17853,2,100,3065,0,0,0,0
216,0,1,1,ACCEPT,22.8986,5.3423,2575,-1,4,0.1410,68.73,285.36,22.77,24.43,217.00,238.50,60.00,73.00,0.0000,155.49,1,0,3.3017,ACCEPT,0,1999,3480,18413,2,100,2575,0,0,0,0
217,0,1,1,ACCEPT,20.5663,4.2391,2340,-1,3,0.3252,68.02,287.66,22.77,24.43,214.00,237.00,60.00,72.00,0.0000,154.52,1,0,3.3127,ACCEPT,0,1899,3358,17522,2,100,2340,0,0,0,0
218,0,1,1,ACCEPT,20.8092,4.5404,2302,1,2,0.7780,68.73,289.19,22.77,24.43,213.00,239.00,54.00,76.00,0.0000,152.75,1,0,3.2951,ACCEPT,0,1677,3172,18508,2,100,2302,0,0,0,0
219,0,1,1,ACCEPT,23.4354,4.6047,2376,0,3,0.2887,68.73,291.48,22.77,24.43,215.00,240.50,58.00,77.00,0.0000,154.90,1,0,3.3356,ACCEPT,0,1563,3141,17034,2,100,2376,0,0,0,0
220,0,1,1,ACCEPT,21.8036,4.7532,2215,1,4,0.1874,69.45,294.55,22.77,24.43,212.00,245.50,56.00,77.00,0.0000,150.75,1,0,3.3825,ACCEPT,0,1598,3069,15957,2,100,2215,0,0,0,0
221,0,1,1,ACCEPT,23.0906,4.9687,2380,2,3,0.2908,70.89,296.84,22.77,24.43,214.00,254.00,60.00,70.00,0.0000,149.39,1,0,3.2716,ACCEPT,0,1589,3176,15392,2,100,2380,0,0,0,0
222,0,1,1,ACCEPT,24.2006,4.8174,2322,0,4,0.1064,70.89,299.91,22.77,24.43,214.00,259.50,56.00,71.00,0.0000,148.70,1,0,3.2974,ACCEPT,0,1528,3302,14965,2,100,2322,0,0,0,0
223,0,1,1,ACCEPT,18.7653,3.7159,2014,1,4,0.1822,71.61,302.97,22.77,24.43,213.50,259.50,61.00,83.00,0.0000,148.40,1,0,3.3220,ACCEPT,0,1890,3477,17657,2,100,2014,0,0,0,0
224,0,1,1,ACCEPT,21.2124,4.2196,2536,-1,3,0.3356,70.89,305.27,22.77,24.43,214.50,264.50,63.00,81.00,0.0000,149.28,1,0,3.4860,ACCEPT,0,2045,3445,16616,2,100,2536,0,0,0,0
225,0,1,1,ACCEPT,19.4999,3.5227,2406,1,3,0.5017,71.61,307.56,22.77,24.43,215.00,266.00,66.00,84.00,0.0000,149.29,1,0,3.3509,ACCEPT,0,1953,3535,15307,2,100,2406,0,0,0,0
226,0,1,1,ACCEPT,21.8031,4.1252,2537,0,1,0.8435,71.61,308.33,22.77,24.43,216.00,269.50,68.00,85.00,0.0000,149.52,1,0,3.4437,ACCEPT,0,1677,3477,17053,2,100,2537,0,0,0,0
227,0,1,1,ACCEPT,21.3466,3.6254,2574,1,4,0.1853,72.33,311.39,22.77,24.43,215.50,273.00,65.00,86.00,0.0000,148.23,1,0,3.4455,ACCEPT,0,2101,3693,15143,2,100,2574,0,0,0,0
228,0,1,1,ACCEPT,20.0647,2.8075,2392,1,4,0.2738,73.05,314.45,22.77,24.43,211.50,276.50,61.00,83.00,0.0000,143.56,1,0,3.3839,ACCEPT,0,1970,3383,14694,2,100,2392,0,0,0,0
229,0,1,1,ACCEPT,22.1362,3.7032,2296,0,3,0.2979,73.05,316.75,22.77,24.43,214.50,277.00,73.00,92.00,0.0000,146.93,1,0,3.3351,ACCEPT,0,1807,3458,14487,2,100,2296,0,0,0,0
230,0,1,1,ACCEPT,23.8126,3.6290,2250,0,3,0.3631,73.05,319.05,22.77,24.43,208.50,278.50,65.00,93.00,0.0000,141.39,1,0,3.3080,ACCEPT,0,1544,3412,13794,2,100,2250,0,0,0,0
231,0,1,1,ACCEPT,17.3661,3.2595,1545,-1,5,0.1236,72.33,322.88,22.77,24.43,203.00,283.50,62.00,95.00,0.0000,136.48,1,0,3.3697,ACCEPT,0,1495,3570,14352,2,100,1545,0,0,0,0
232,0,1,1,ACCEPT,20.6404,4.1660,1958,-2,3,0.2416,70.89,325.17,22.77,24.43,201.50,287.50,61.00,95.00,0.0000,135.93,1,0,3.2120,ACCEPT,0,1493,3422,14998,2,100,1958,0,0,0,0
233,0,1,1,ACCEPT,22.4832,3.4329,2022,-2,4,0.1414,69.45,328.23,22.77,24.43,198.00,289.00,62.00,100.00,0.0000,134.40,1,0,3.3031,ACCEPT,0,1437,3260,15053,2,100,2022,0,0,0,0
234,0,1,1,ACCEPT,20.9195,3.4406,1796,-1,5,0.1086,68.73,332.06,22.77,24.43,193.00,296.50,56.00,95.00,0.0000,129.25,1,0,3.2711,ACCEPT,0,1370,3233,15482,2,100,1796,0,0,0,0
235,0,1,1,ACCEPT,17.8813,4.4423,1577,-5,3,0.0089,65.14,334.36,22.77,24.43,189.00,303.00,54.00,94.00,0.0000,127.77,1,0,3.3786,ACCEPT,0,1874,3765,11025,2,100,1577,0,0,0,0
236,0,1,1,ACCEPT,18.9424,4.2640,1518,-3,4,0.2088,62.98,337.42,22.77,24.43,186.00,306.50,52.00,89.00,0.0000,126.84,1,0,3.3558,ACCEPT,0,1456,3475,12807,2,100,1518,0,0,0,0
237,0,1,1,ACCEPT,17.7507,4.5108,1466,-2,7,0.1698,61.55,342.78,22.77,24.43,181.00,319.00,48.00,98.00,0.0000,121.80,1,0,3.3687,ACCEPT,0,1896,3407,12193,2,100,1466,0,0,0,0
238,0,1,1,ACCEPT,17.1854,4.2815,1460,-4,7,0.1726,58.67,348.14,22.77,24.43,178.00,333.00,52.00,84.00,0.0000,120.28,1,0,3.4375,ACCEPT,0,1959,3830,10757,2,100,1460,0,0,0,0
239,0,1,1,ACCEPT,18.2791,5.0142,1414,-3,8,0.1577,56.52,354.27,22.77,24.43,172.50,330.00,53.00,106.00,0.0000,118.50,1,0,3.4252,ACCEPT,0,1688,3860,11203,2,100,1414,0,0,0,0
240,0,1,1,ACCEPT,21.7452,5.0355,1702,-2,6,0.0834,55.08,358.86,22.77,24.43,169.50,335.00,55.00,110.00,0.0000,116.88,1,0,3.5156,ACCEPT,0,1594,3661,12852,2,100,1702,0,0,0,0
241,0,1,1,ACCEPT,18.3746,3.5746,1630,0,6,0.1362,55.08,363.45,22.77,24.43,167.50,340.00,57.00,110.00,0.0000,114.84,1,0,3.3693,ACCEPT,0,1787,3707,12511,2,100,1630,0,0,0,0
242,0,1,1,ACCEPT,18.2288,4.1671,1571,-3,7,0.2126,52.92,368.81,22.77,24.43,165.00,351.00,58.00,100.00,0.0000,113.48,1,0,3.4818,ACCEPT,0,1990,3757,13544,2,100,1571,0,0,0,0
243,0,1,1,ACCEPT,22.4987,4.3228,1915,-1,5,0.0527,52.20,372.64,22.77,24.43,162.50,356.00,57.00,104.00,0.0000,111.55,1,0,3.4402,ACCEPT,0,1740,3606,14910,2,100,1915,0,0,0,0
244,0,1,1,ACCEPT,21.0436,4.3453,1812,0,5,0.1286,52.20,376.47,22.77,24.43,162.50,362.00,63.00,104.00,0.0000,111.24,1,0,3.3758,ACCEPT,0,1893,3625,14525,2,100,1812,0,0,0,0
245,0,1,1,ACCEPT,20.9819,4.7967,1770,-1,6,0.0175,51.48,381.06,22.77,24.43,162.00,369.00,62.00,100.00,0.0000,111.17,1,0,3.3941,ACCEPT,0,1808,3838,13786,2,100,1770,0,0,0,0
246,0,1,1,ACCEPT,19.3511,3.8323,1828,-1,3,0.1690,50.77,383.36,22.77,24.43,159.50,374.00,61.00,98.00,0.0000,109.14,1,0,3.2903,ACCEPT,0,1565,3832,15705,2,100,1828,0,0,0,0
247,0,1,1,ACCEPT,17.3330,3.4661,1993,-1,4,0.0125,50.05,386.42,22.77,24.43,161.00,375.50,66.00,103.00,0.0000,111.49,1,0,3.2839,ACCEPT,0,1290,2884,22922,2,100,1993,0,0,0,0
248,0,1,1,ACCEPT,18.2056,3.3830,2473,0,3,0.2604,50.05,388.72,22.77,24.43,162.00,378.00,70.00,100.00,0.0000,112.47,1,0,3.3755,ACCEPT,0,1895,2491,25713,2,100,2473,0,0,0,0
249,0,1,1,ACCEPT,17.9287,2.8639,2294,1,2,0.5955,50.77,390.25,22.77,24.43,159.50,383.00,67.00,104.00,0.0000,108.98,1,0,3.4009,ACCEPT,0,1906,2330,22322,2,100,2294,0,0,0,0
250,0,1,1,ACCEPT,18.1113,3.1708,2321,1,3,0.2387,51.48,392.55,22.77,24.43,161.50,384.00,69.00,102.00,0.0000,110.35,1,0,3.4782,ACCEPT,0,1772,2544,19677,2,100,2321,0,0,0,0
251,0,1,1,ACCEPT,19.2035,3.5227,2561,2,2,0.3284,52.92,394.08,22.77,24.43,162.50,386.50,73.00,103.00,0.0000,109.84,1,0,3.2871,ACCEPT,0,1874,2532,19934,2,100,2561,0,0,0,0
252,0,1,1,ACCEPT,17.5697,3.2191,2556,1,3,0.3568,53.64,396.38,22.77,24.43,160.50,389.50,69.00,103.00,0.0000,107.08,1,0,3.4365,ACCEPT,0,1777,2524,19723,2,100,2556,0,0,0,0
253,0,1,1,ACCEPT,15.8346,2.6810,2303,2,3,0.5471,55.08,398.67,22.77,24.43,158.50,393.00,69.00,106.00,0.0000,103.58,1,0,3.4692,ACCEPT,0,1873,2564,18153,2,100,2303,0,0,0,0
254,0,1,1,ACCEPT,18.0349,3.2229,2140,1,0,0.8570,55.80,398.67,22.77,24.43,161.50,389.50,75.00,109.00,0.0000,106.10,1,0,3.3719,ACCEPT,0,1645,2192,19850,2,100,2140,0,0,0,0
255,0,1,1,ACCEPT,16.9647,2.7958,2122,2,2,0.6828,57.23,400.20,22.77,24.43,159.00,389.00,78.00,104.00,0.0000,102.38,1,0,3.4558,ACCEPT,0,1573,2187,18812,2,100,2122,0,0,0,0
256,0,1,1,ACCEPT,19.2875,2.8912,2313,2,1,0.5508,58.67,400.97,22.77,24.43,156.50,386.00,73.00,108.00,0.0000,98.97,1,0,3.4536,ACCEPT,0,1580,2002,19482,2,100,2313,0,0,0,0
257,0,1,1,ACCEPT,20.1301,3.3755,2427,2,1,0.7256,60.11,401.73,22.77,24.43,156.00,392.50,74.00,107.00,0.0000,96.33,1,0,3.4659,ACCEPT,0,1572,2217,19508,2,100,2427,0,0,0,0
258,0,1,1,ACCEPT,19.5588,3.6368,2433,2,0,0.6194,61.55,401.73,22.77,24.43,158.00,388.00,80.00,102.00,0.0000,97.43,1,0,3.3603,ACCEPT,0,1752,2399,22101,2,100,2433,0,0,0,0
259,0,1,1,ACCEPT,12.9901,2.8026,2343,2,0,0.7917,62.98,401.73,22.77,24.43,154.00,387.50,78.00,115.00,0.0000,92.12,1,0,3.4187,ACCEPT,0,2607,2950,15166,2,100,2343,0,0,0,0
260,0,1,1,ACCEPT,17.8084,3.6185,2352,3,-1,0.3116,65.14,400.97,22.77,24.43,154.50,387.50,79.00,111.00,0.0000,90.37,1,0,3.4011,ACCEPT,0,2301,2991,17279,2,100,2352,0,0,0,0
261,0,1,1,ACCEPT,21.0398,3.4125,2730,3,0,0.3029,67.30,400.97,22.77,24.43,154.50,386.00,75.00,112.00,0.0000,88.48,1,0,3.3864,ACCEPT,0,2321,3175,16334,2,100,2730,0,0,0,0
262,0,1,1,ACCEPT,20.6009,3.5782,2655,2,-1,0.5770,68.73,400.20,22.77,24.43,153.50,387.50,79.00,109.00,0.0000,85.71,1,0,3.3608,ACCEPT,0,2171,2867,15784,2,100,2655,0,0,0,0
263,0,1,1,ACCEPT,22.5378,3.8927,2830,2,0,0.5074,70.17,400.20,22.77,24.43,154.00,386.00,80.00,112.00,0.0000,85.02,1,0,3.4468,ACCEPT,0,1842,2697,16361,2,100,2830,0,0,0,0
264,0,1,1,ACCEPT,24.0118,4.2813,3074,3,0,0.3230,72.33,400.20,22.77,24.43,151.50,385.00,73.00,112.00,0.0000,80.62,1,0,3.4196,ACCEPT,0,2005,2441,18181,2,100,3074,0,0,0,0
265,0,1,1,ACCEPT,25.8948,6.1109,3196,1,0,0.8576,73.05,400.20,22.77,24.43,151.50,384.50,77.00,115.00,0.0000,80.01,1,0,3.4221,ACCEPT,0,2117,2774,18501,2,100,3196,0,0,0,0
0,0,0,0,ZERO_RESPONSE,0.0000,0.0000,0,0,0,0.0000,75.00,253.50,100.00,13.00,75.00,253.50,100.00,13.00,1.0000,0.00,1,0,0.0000,NOT_RUN,0,0,5467,17243,3,150,0,0,0,0,0
1,0,1,1,ACCEPT,18.9153,3.7222,871,0,-1,0.9874,75.00,253.09,104.00,13.52,73.00,252.50,100.00,13.00,0.8799,2.09,1,1,3.0588,ACCEPT,0,613,5445,12336,3,150,871,0,0,0,0
2,0,1,1,ACCEPT,10.6432,2.2308,522,-1,3,0.7318,71.75,254.36,100.00,13.00,74.50,253.50,107.00,13.00,0.8220,2.88,1,-1,3.0945,ACCEPT,0,568,4950,14105,3,150,522,0,0,0,0
3,0,1,1,ACCEPT,11.6815,2.1207,685,0,1,0.8569,71.75,254.77,100.00,13.00,85.00,253.00,102.00,16.00,0.6158,13.37,1,0,3.3293,ACCEPT,0,702,4506,10994,3,150,685,0,0,0,0
4,0,1,1,ACCEPT,7.4745,1.5212,575,0,-3,0.3617,71.75,253.55,104.00,13.52,84.00,252.50,100.00,13.00,0.6808,12.29,1,1,2.9660,ACCEPT,0,863,3587,12963,3,150,575,0,0,0,0
5,0,1,1,ACCEPT,5.0598,1.0056,542,-1,-2,0.5443,68.50,252.70,100.00,13.00,98.50,252.00,87.00,12.00,0.4697,30.01,1,-1,3.0534,ACCEPT,0,1386,2647,18515,3,150,542,0,0,0,0
6,0,1,0,NEGATIVE_PEAK,-5.6878,1.0947,-682,4,-14,0.6891,68.50,252.70,100.00,13.00,97.00,252.00,92.00,14.00,0.5010,28.51,0,0,0.0000,NOT_RUN,0,1823,2408,0,3,150,682,0,0,0,0
7,0,1,0,NEGATIVE_PEAK,-3.9223,1.0049,-413,-5,6,0.4818,68.50,252.70,100.00,13.00,112.50,251.50,71.00,17.00,0.2742,44.02,0,0,0.0000,NOT_RUN,0,1551,1987,0,3,150,413,0,0,0,0
8,0,1,0,NEGATIVE_PEAK,-4.1709,1.0022,-455,-5,5,0.6593,68.50,252.70,100.00,13.00,112.00,253.00,76.00,18.00,0.2769,43.50,0,0,0.0000,NOT_RUN,0,1643,1284,0,3,150,455,0,0,0,0
9,0,1,0,NEGATIVE_PEAK,-4.3843,1.0373,-473,7,-9,0.5307,68.50,252.70,100.00,13.00,116.50,253.00,61.00,18.00,0.2139,48.00,0,0,0.0000,NOT_RUN,0,1716,1438,0,3,150,473,0,0,0,0
10,0,1,0,NEGATIVE_PEAK,-4.4621,1.0966,-454,7,-10,0.5595,68.50,252.70,100.00,13.00,121.00,253.00,70.00,18.00,0.1977,52.50,0,0,0.0000,NOT_RUN,0,1651,1699,0,3,150,454,0,0,0,0
11,0,1,1,ACCEPT,3.9756,1.0178,400,-1,-4,0.3400,65.38,251.08,100.00,13.00,124.00,251.50,76.00,19.00,0.1617,58.63,1,0,3.1443,ACCEPT,0,1482,1725,11802,3,150,400,0,0,0,0
12,0,1,1,ACCEPT,4.9821,1.2596,262,0,-2,0.8779,65.38,250.27,100.00,13.00,131.50,252.00,59.00,16.00,0.0824,66.15,1,0,3.2078,ACCEPT,0,729,1550,9265,3,150,262,0,0,0,0
13,0,1,1,ACCEPT,6.2359,1.3318,293,0,-1,0.8805,65.38,249.86,100.00,13.00,133.00,251.50,58.00,17.00,0.0692,67.64,1,0,3.1728,ACCEPT,0,555,1553,10518,3,150,293,0,0,0,0
14,0,1,1,ACCEPT,7.4659,1.5213,429,1,-4,0.1049,68.50,248.23,104.00,13.52,139.50,251.50,63.00,13.00,0.0595,71.08,1,1,2.6852,ACCEPT,0,652,1748,13923,3,150,429,0,0,0,0
15,0,1,1,ACCEPT,8.1345,1.6905,568,0,-4,0.0246,68.50,246.55,104.00,13.52,139.50,250.00,65.00,12.00,0.0610,71.08,1,0,3.0597,ACCEPT,0,839,1573,12311,3,150,568,0,0,0,0
16,0,1,1,ACCEPT,10.0924,2.1633,636,0,-5,0.0079,68.50,244.44,104.00,13.52,145.00,251.00,66.00,16.00,0.0291,76.78,1,0,3.0629,ACCEPT,0,753,1695,11671,3,150,636,0,0,0,0
17,0,1,1,ACCEPT,9.0620,1.9713,550,0,-1,0.9836,68.50,244.02,104.00,13.52,144.00,249.50,72.00,19.00,0.0510,75.70,1,0,3.1167,ACCEPT,0,655,1768,12083,3,150,550,0,0,0,0
18,0,1,1,ACCEPT,11.3958,2.3596,630,0,-4,0.1841,68.50,242.33,100.00,13.00,147.00,248.00,76.00,18.00,0.0363,78.70,1,-1,3.0723,ACCEPT,0,653,1749,11696,3,150,630,0,0,0,0
19,0,1,1,ACCEPT,12.5202,2.7090,661,0,-2,0.7458,68.50,241.52,100.00,13.00,147.50,245.00,77.00,18.00,0.0444,79.08,1,0,3.2166,ACCEPT,0,600,1825,10911,3,150,661,0,0,0,0
20,0,1,1,ACCEPT,14.4811,2.8093,663,0,-5,0.0649,68.50,239.48,100.00,13.00,150.50,244.00,81.00,18.00,0.0350,82.12,1,0,3.1368,ACCEPT,0,566,1836,13183,3,150,663,0,0,0,0
21,0,1,1,ACCEPT,13.7229,2.9068,686,0,-3,0.5379,68.50,238.27,100.00,13.00,152.00,240.50,78.00,23.00,0.0237,83.53,1,0,3.0636,ACCEPT,0,649,1856,10056,3,150,686,0,0,0,0
22,0,1,1,ACCEPT,14.2765,3.0282,536,0,-4,0.2612,68.50,236.64,100.00,13.00,161.00,239.50,64.00,17.00,0.0000,92.54,1,0,3.0357,ACCEPT,0,499,1901,10599,3,150,536,0,0,0,0
23,0,1,1,ACCEPT,14.6726,2.9949,590,1,-4,0.0475,71.62,235.02,104.00,13.52,162.50,240.00,61.00,20.00,0.0000,91.01,1,1,2.9593,ACCEPT,0,506,1972,12512,3,150,590,0,0,0,0
24,0,1,1,ACCEPT,15.3686,2.7634,619,0,-4,0.0485,71.62,233.33,104.00,13.52,163.50,236.50,57.00,21.00,0.0000,91.93,1,0,3.1572,ACCEPT,0,515,1920,11184,3,150,619,0,0,0,0
25,0,1,1,ACCEPT,16.7047,2.8429,597,0,-3,0.3300,71.62,232.06,104.00,13.52,166.00,235.00,56.00,22.00,0.0000,94.42,1,0,3.1708,ACCEPT,0,494,1967,10481,3,150,597,0,0,0,0
26,0,1,1,ACCEPT,17.6852,3.3404,628,0,-4,0.0748,71.62,230.38,104.00,13.52,169.50,234.00,55.00,26.00,0.0000,97.94,1,0,3.1039,ACCEPT,0,480,2162,11069,3,150,628,0,0,0,0
27,0,1,1,ACCEPT,17.4120,3.3756,665,0,-1,0.9173,71.62,229.95,104.00,13.52,170.50,232.00,57.00,28.00,0.0000,98.90,1,0,3.1803,ACCEPT,0,497,2168,10040,3,150,665,0,0,0,0
28,0,1,1,ACCEPT,18.5189,3.3627,649,0,-2,0.6040,71.62,229.11,104.00,13.52,171.00,231.00,54.00,30.00,0.0000,99.39,1,0,3.1590,ACCEPT,0,467,2156,9277,3,150,649,0,0,0,0
29,0,1,1,ACCEPT,18.9658,3.9543,692,0,-3,0.4205,71.62,227.84,104.00,13.52,173.00,230.00,56.00,32.00,0.0000,101.40,1,0,3.0952,ACCEPT,0,503,2413,11506,3,150,692,0,0,0,0
30,0,1,1,ACCEPT,19.7143,3.6160,857,0,-2,0.6313,71.62,227.00,100.00,13.00,174.50,229.50,57.00,31.00,0.0000,102.91,1,-1,2.9312,ACCEPT,0,549,2405,10203,3,150,857,0,0,0,0
31,0,1,1,ACCEPT,17.0360,3.1535,678,1,1,0.9764,74.75,227.41,104.00,13.52,176.50,230.00,57.00,30.00,0.0000,101.78,1,1,2.6870,ACCEPT,0,522,2315,11276,3,150,678,0,0,0,0
32,0,1,1,ACCEPT,20.4733,4.3876,781,0,-3,0.3201,74.75,226.14,104.00,13.52,179.50,226.50,57.00,35.00,0.0000,104.75,1,0,3.1639,ACCEPT,0,506,2389,10504,3,150,781,0,0,0,0
33,0,1,1,ACCEPT,20.3473,4.1923,763,0,-3,0.3683,74.75,224.88,100.00,13.00,184.50,226.00,53.00,34.00,0.0000,109.76,1,-1,2.8895,ACCEPT,0,548,2465,9616,3,150,763,0,0,0,0
34,0,1,1,ACCEPT,17.7809,4.1111,666,1,-1,0.8348,77.88,224.47,104.00,13.52,185.50,226.00,53.00,34.00,0.0000,107.64,1,1,2.8506,ACCEPT,0,622,2320,10268,3,150,666,0,0,0,0
35,0,1,1,ACCEPT,20.3625,3.9635,761,0,-3,0.4284,77.88,223.20,104.00,13.52,188.00,225.50,52.00,35.00,0.0000,110.15,1,0,3.0315,ACCEPT,0,598,2322,10619,3,150,761,0,0,0,0
36,0,1,1,ACCEPT,19.7482,4.2874,716,1,-2,0.5992,81.12,222.36,108.16,14.06,189.50,225.00,55.00,36.00,0.0000,108.41,1,1,2.8956,ACCEPT,0,588,2334,9944,3,150,716,0,0,0,0
37,0,1,1,ACCEPT,22.5845,3.9554,799,0,-1,0.9499,81.12,221.92,104.00,13.52,194.00,224.00,56.00,40.00,0.0000,112.89,1,-1,3.0035,ACCEPT,0,508,2160,10933,3,150,799,0,0,0,0
38,0,1,1,ACCEPT,19.2457,4.3728,739,1,-3,0.3627,84.38,220.66,108.16,14.06,195.50,223.50,57.00,43.00,0.0000,111.16,1,1,2.8399,ACCEPT,0,604,2229,9474,3,150,739,0,0,0,0
39,0,1,1,ACCEPT,23.9252,4.5892,849,0,-2,0.6455,84.38,219.78,104.00,13.52,198.00,224.00,56.00,46.00,0.0000,113.70,1,-1,2.8769,ACCEPT,0,550,2037,9867,3,150,849,0,0,0,0
40,0,1,1,ACCEPT,19.6459,3.9252,840,1,-1,0.7726,87.62,219.36,108.16,14.06,200.50,223.50,57.00,49.00,0.0000,112.95,1,1,2.9012,ACCEPT,0,569,2126,8882,3,150,840,0,0,0,0
41,0,1,1,ACCEPT,19.4072,3.7478,847,0,1,0.8701,87.62,219.80,108.16,14.06,204.50,222.50,51.00,53.00,0.0000,116.91,1,0,3.0891,ACCEPT,0,561,1970,11900,3,150,847,0,0,0,0
42,0,1,1,ACCEPT,24.3048,4.5985,1214,0,-3,0.3468,87.62,218.48,104.00,13.52,205.50,222.50,53.00,55.00,0.0000,117.94,1,-1,2.8771,ACCEPT,0,784,1996,11741,3,150,1214,0,0,0,0
43,0,1,1,ACCEPT,21.9484,4.4077,1146,0,0,1.0000,87.62,218.48,100.00,13.00,206.00,221.00,52.00,56.00,0.0000,118.40,1,-1,2.7089,ACCEPT,0,740,2079,10867,3,150,1146,0,0,0,0
44,0,1,1,ACCEPT,18.6740,3.5847,889,0,-1,0.9303,87.62,218.08,96.15,12.50,207.00,218.50,52.00,59.00,0.0000,119.38,1,-1,2.7385,ACCEPT,0,724,2207,9278,3,150,889,0,0,0,0
45,0,1,1,ACCEPT,16.5017,3.6609,637,0,-5,0.2088,87.62,216.12,96.15,12.50,207.00,217.00,52.00,60.00,0.0000,119.38,1,0,2.7302,ACCEPT,0,644,2322,8565,3,150,637,0,0,0,0
46,0,1,1,ACCEPT,16.9679,3.7455,618,0,-3,0.5712,87.62,214.95,96.15,12.50,206.50,213.00,53.00,72.00,0.0000,118.89,1,0,2.7799,ACCEPT,0,596,2361,8882,3,150,618,0,0,0,0
47,0,1,1,ACCEPT,17.3367,3.8312,590,0,-5,0.1288,87.62,213.00,96.15,12.50,208.00,209.50,54.00,73.00,0.0000,120.43,1,0,2.7775,ACCEPT,0,529,2297,8679,3,150,590,0,0,0,0
48,0,1,1,ACCEPT,20.1754,4.2579,677,0,-5,0.0620,87.62,211.05,100.00,13.00,208.00,210.00,56.00,70.00,0.0000,120.38,1,1,2.7712,ACCEPT,0,522,2295,9429,3,150,677,0,0,0,0
49,0,1,1,ACCEPT,21.6526,4.3353,737,0,-4,0.4179,87.62,209.42,100.00,13.00,208.50,208.50,53.00,67.00,0.0000,120.88,1,0,2.8883,ACCEPT,0,548,2212,9058,3,150,737,0,0,0,0
50,0,1,1,ACCEPT,23.9348,4.6258,754,0,-4,0.3859,87.62,207.80,100.00,13.00,208.50,208.50,55.00,65.00,0.0000,120.88,1,0,2.9334,ACCEPT,0,477,2169,9007,3,150,754,0,0,0,0
51,0,1,1,ACCEPT,23.9567,3.9891,734,0,-6,0.0599,87.62,205.36,100.00,13.00,208.50,204.50,55.00,71.00,0.0000,120.88,1,0,2.9467,ACCEPT,0,473,2132,9174,3,150,734,0,0,0,0
52,0,1,1,ACCEPT,24.7235,4.5028,815,0,-4,0.3141,87.62,203.73,100.00,13.00,209.50,202.50,55.00,75.00,0.0000,121.88,1,0,3.0353,ACCEPT,0,503,2239,9595,3,150,815,0,0,0,0
53,0,1,1,ACCEPT,23.5805,4.7192,689,0,-6,0.0697,87.62,201.30,100.00,13.00,211.00,198.00,54.00,76.00,0.0000,123.42,1,0,2.8924,ACCEPT,0,508,2402,7961,3,150,689,0,0,0,0
54,0,1,1,ACCEPT,23.1867,5.1711,786,1,-5,0.1005,90.75,199.27,104.00,13.52,210.00,196.50,52.00,77.00,0.0000,119.28,1,1,2.6967,ACCEPT,0,526,2290,9553,3,150,786,0,0,0,0
55,0,1,1,ACCEPT,21.5940,4.1033,755,0,-7,0.0397,90.75,196.31,100.00,13.00,213.00,190.00,52.00,80.00,0.0000,122.41,1,-1,2.8168,ACCEPT,0,526,2090,9074,3,150,755,0,0,0,0
56,0,1,1,ACCEPT,22.5833,4.8383,808,0,-5,0.1411,90.75,194.28,96.15,12.50,215.00,190.50,54.00,81.00,0.0000,124.31,1,-1,2.7450,ACCEPT,0,549,2297,8873,3,150,808,0,0,0,0
57,0,1,1,ACCEPT,21.6573,4.8667,730,1,-8,0.0740,93.75,191.16,100.00,13.00,215.50,184.50,53.00,85.00,0.0000,121.93,1,1,2.8462,ACCEPT,0,546,2174,9124,3,150,730,0,0,0,0
58,0,1,1,ACCEPT,23.9570,5.5172,800,0,-7,0.0350,93.75,188.31,96.15,12.50,217.50,181.00,51.00,84.00,0.0000,123.97,1,-1,2.8321,ACCEPT,0,550,2252,8386,3,150,800,0,0,0,0
59,0,1,1,ACCEPT,23.3153,4.9649,849,1,-6,0.0377,96.75,185.97,100.00,13.00,220.50,178.00,53.00,86.00,0.0000,124.01,1,1,2.8801,ACCEPT,0,567,2267,8816,3,150,849,0,0,0,0
60,0,1,1,ACCEPT,25.8421,5.2632,1100,0,-5,0.1200,96.75,183.94,96.15,12.50,221.00,175.50,50.00,95.00,0.0000,124.54,1,-1,2.7271,ACCEPT,0,714,2366,9769,3,150,1100,0,0,0,0
61,0,1,1,ACCEPT,23.9263,5.5497,1060,1,-7,0.0972,99.75,181.20,100.00,13.00,224.00,176.00,52.00,90.00,0.0000,124.36,1,1,2.8993,ACCEPT,0,643,2218,8055,3,150,1060,0,0,0,0
62,0,1,1,ACCEPT,28.3143,5.7947,1101,1,-4,0.2062,102.88,179.58,108.16,14.06,224.50,169.00,49.00,96.00,0.0000,122.08,1,2,2.6937,ACCEPT,0,655,2284,8459,3,150,1101,0,0,0,0
63,0,1,1,ACCEPT,22.7588,4.3773,963,0,-5,0.1578,102.88,177.39,104.00,13.52,226.50,166.50,51.00,97.00,0.0000,124.10,1,-1,2.9021,ACCEPT,0,677,2180,8263,3,150,963,0,0,0,0
64,0,1,1,ACCEPT,23.1621,4.6395,1081,0,-3,0.4551,102.88,176.12,100.00,13.00,226.50,166.50,51.00,97.00,0.0000,124.00,1,-1,2.8406,ACCEPT,0,725,2421,6695,3,150,1081,0,0,0,0
65,0,1,1,ACCEPT,26.0650,4.4667,871,1,-5,0.2285,106.00,174.09,104.00,13.52,231.50,163.00,53.00,100.00,0.0000,125.99,1,1,2.7489,ACCEPT,0,587,2549,5719,3,150,871,0,0,0,0
66,0,1,1,ACCEPT,26.6120,5.1020,750,0,-6,0.0640,106.00,171.56,104.00,13.52,232.00,161.50,54.00,95.00,0.0000,126.40,1,0,2.8668,ACCEPT,0,479,2692,5919,3,150,750,0,0,0,0
67,0,1,1,ACCEPT,27.0565,4.9313,789,0,-6,0.1242,106.00,169.03,100.00,13.00,233.00,160.50,54.00,95.00,0.0000,127.29,1,-1,2.8452,ACCEPT,0,512,2638,6397,3,150,789,0,0,0,0
68,0,1,1,ACCEPT,27.0757,5.3354,843,0,-5,0.2064,106.00,167.00,96.15,12.50,234.50,158.50,55.00,93.00,0.0000,128.78,1,-1,2.7843,ACCEPT,0,597,2749,6229,3,150,843,0,0,0,0
69,0,1,1,ACCEPT,24.6979,5.3258,703,1,-8,0.0768,109.00,163.88,104.00,13.52,236.50,156.50,53.00,93.00,0.0000,127.71,1,2,2.6399,ACCEPT,0,515,2589,5635,3,150,703,0,0,0,0
70,0,1,1,ACCEPT,21.4089,4.3006,744,0,-6,0.0363,109.00,161.34,104.00,13.52,237.00,155.00,54.00,92.00,0.0000,128.16,1,0,2.8222,ACCEPT,0,517,2741,6538,3,150,744,0,0,0,0
71,0,1,1,ACCEPT,22.9729,4.2469,1015,0,-3,0.3764,109.00,160.08,104.00,13.52,237.50,152.50,55.00,91.00,0.0000,128.72,1,0,2.9622,ACCEPT,0,632,2789,8475,3,150,1015,0,0,0,0
72,0,1,1,ACCEPT,26.7239,4.2523,1382,0,-3,0.2554,109.00,158.81,104.00,13.52,236.50,153.50,57.00,91.00,0.0000,127.61,1,0,2.9634,ACCEPT,0,794,2780,8688,3,150,1382,0,0,0,0
73,0,1,1,ACCEPT,30.9399,5.3294,1343,0,-3,0.3716,109.00,157.55,104.00,13.52,236.50,153.50,59.00,95.00,0.0000,127.56,1,0,2.8711,ACCEPT,0,717,2689,9034,3,150,1343,0,0,0,0
74,0,1,1,ACCEPT,30.8383,6.0000,1308,0,-4,0.2041,109.00,155.86,104.00,13.52,239.50,152.00,55.00,96.00,0.0000,130.56,1,0,2.7958,ACCEPT,0,703,2713,8844,3,150,1308,0,0,0,0
75,0,1,1,ACCEPT,24.4168,4.5817,1205,0,-1,0.9718,109.00,155.44,100.00,13.00,240.00,152.00,56.00,98.00,0.0000,131.05,1,-1,2.7874,ACCEPT,0,738,2764,8198,3,150,1205,0,0,0,0
76,0,1,1,ACCEPT,23.7458,4.6838,1185,1,1,0.8084,112.12,155.84,108.16,14.06,242.50,151.50,57.00,95.00,0.0000,130.45,1,2,2.6018,ACCEPT,0,722,2657,8419,3,150,1185,0,0,0,0
77,0,1,1,ACCEPT,21.4670,3.5425,751,0,-4,0.5406,112.12,154.09,108.16,14.06,243.50,151.00,57.00,100.00,0.0000,131.41,1,0,2.9393,ACCEPT,0,645,2749,6273,3,150,751,0,0,0,0
78,0,1,1,ACCEPT,17.6157,2.9409,547,0,-4,0.5777,112.12,152.34,104.00,13.52,245.00,146.00,56.00,102.00,0.0000,133.03,1,-1,2.7529,ACCEPT,0,508,2731,6204,3,150,547,0,0,0,0
79,0,1,1,ACCEPT,18.5716,2.4727,544,0,-5,0.2812,112.12,150.23,100.00,13.00,247.50,144.50,57.00,101.00,0.0000,135.50,1,-1,2.6932,ACCEPT,0,504,2623,6758,3,150,544,0,0,0,0
80,0,1,1,ACCEPT,22.0417,3.8204,638,1,-7,0.1034,115.25,147.39,108.16,14.06,249.00,143.00,58.00,102.00,0.0000,133.82,1,2,2.7776,ACCEPT,0,500,2394,8054,3,150,638,0,0,0,0
81,0,1,1,ACCEPT,19.2685,3.8101,682,0,-8,0.0850,115.25,143.89,104.00,13.52,252.50,140.00,61.00,106.00,0.0000,137.31,1,-1,2.8422,ACCEPT,0,582,2544,7540,3,150,682,0,0,0,0
82,0,1,1,ACCEPT,18.0861,3.1650,633,1,-11,0.0995,118.50,139.25,104.00,13.52,255.50,131.00,61.00,114.00,0.0000,137.25,1,0,2.8704,ACCEPT,0,555,2307,7638,3,150,633,0,0,0,0
83,0,1,1,ACCEPT,23.4247,3.6520,913,0,-8,0.0263,118.50,135.88,104.00,13.52,257.00,126.00,62.00,110.00,0.0000,138.85,1,0,2.9253,ACCEPT,0,695,2458,10049,3,150,913,0,0,0,0
84,0,1,1,ACCEPT,24.2452,4.9472,1217,0,-7,0.1717,118.50,132.92,104.00,13.52,256.50,124.00,63.00,116.00,0.0000,138.29,1,0,2.9579,ACCEPT,0,978,2378,10441,3,150,1217,0,0,0,0
85,0,1,1,ACCEPT,20.7456,4.1949,1162,0,-7,0.1291,118.50,129.97,104.00,13.52,256.00,121.00,60.00,114.00,0.0000,137.79,1,0,2.9975,ACCEPT,0,1089,2313,11800,3,150,1162,0,0,0,0
86,0,1,1,ACCEPT,23.9559,4.2393,1293,0,-5,0.0665,118.50,127.86,104.00,13.52,256.50,126.50,61.00,101.00,0.0000,138.01,1,0,2.7864,ACCEPT,0,903,2524,10452,3,150,1293,0,0,0,0
87,0,1,1,ACCEPT,19.9875,3.3894,1210,0,-4,0.2727,118.50,126.17,108.16,14.06,256.00,126.50,64.00,97.00,0.0000,137.50,1,1,2.8951,ACCEPT,0,902,2439,11836,3,150,1210,0,0,0,0
88,0,1,1,ACCEPT,24.3047,4.6957,1620,0,-2,0.7302,118.50,125.30,108.16,14.06,254.50,124.50,63.00,99.00,0.0000,136.00,1,0,2.8915,ACCEPT,0,1146,2628,11743,3,150,1620,0,0,0,0
89,0,1,1,ACCEPT,21.5827,2.9109,1633,0,-1,0.9369,118.50,124.86,112.49,14.62,256.00,121.50,66.00,103.00,0.0000,137.54,1,1,2.8166,ACCEPT,0,1171,2307,16000,3,150,1633,0,0,0,0
90,0,1,1,ACCEPT,26.8622,4.1080,2054,-1,-4,0.0691,114.98,123.05,104.00,13.52,254.00,120.50,64.00,101.00,0.0000,139.04,1,-2,2.5978,ACCEPT,0,1363,2344,15607,3,150,2054,0,0,0,0
91,0,1,1,ACCEPT,26.0454,3.4493,2142,1,-1,0.8445,118.23,122.62,112.49,14.62,256.00,118.50,68.00,105.00,0.0000,137.83,1,2,2.6559,ACCEPT,0,1273,2180,15613,3,150,2142,0,0,0,0
92,0,1,1,ACCEPT,30.3809,5.5269,2161,0,-4,0.0111,118.23,120.81,112.49,14.62,254.50,121.00,63.00,102.00,0.0000,136.27,1,0,2.9010,ACCEPT,0,1155,2308,15131,3,150,2161,0,0,0,0
93,0,1,1,ACCEPT,31.5367,5.2566,2192,0,-3,0.4206,118.23,119.45,112.49,14.62,255.00,119.00,68.00,104.00,0.0000,136.77,1,0,2.9048,ACCEPT,0,1148,2267,14841,3,150,2192,0,0,0,0
94,0,1,1,ACCEPT,27.9816,5.2821,1854,0,-1,0.9115,118.23,119.00,112.49,14.62,253.00,118.50,64.00,97.00,0.0000,134.77,1,0,2.7190,ACCEPT,0,1100,2201,12475,3,150,1854,0,0,0,0
95,0,1,1,ACCEPT,29.1007,5.1651,1627,-1,-3,0.4628,114.72,117.64,108.16,14.06,249.50,118.00,63.00,98.00,0.0000,134.78,1,-1,2.8216,ACCEPT,0,936,2278,11138,3,150,1627,0,0,0,0
96,0,1,1,ACCEPT,28.1820,4.7582,1594,0,1,0.9222,114.72,118.08,108.16,14.06,251.50,117.00,63.00,98.00,0.0000,136.79,1,0,2.9201,ACCEPT,0,921,2255,10447,3,150,1594,0,0,0,0
97,0,1,1,ACCEPT,24.9593,4.6329,1464,0,1,0.8060,114.72,118.52,112.49,14.62,247.00,116.50,60.00,97.00,0.0000,132.30,1,1,2.8290,ACCEPT,0,847,2334,9472,3,150,1464,0,0,0,0
98,0,1,1,ACCEPT,28.4817,5.4259,1427,-1,-2,0.6531,111.20,117.61,108.16,14.06,245.50,117.00,55.00,96.00,0.0000,134.30,1,-1,2.5885,ACCEPT,0,801,2279,8809,3,150,1427,0,0,0,0
99,0,1,1,ACCEPT,24.0266,4.7698,1264,1,0,0.9802,114.58,117.61,116.99,15.21,244.50,114.00,55.00,92.00,0.0000,129.97,1,2,2.5202,ACCEPT,0,803,2258,7932,3,150,1264,0,0,0,0
100,0,1,1,ACCEPT,25.2709,4.1774,1036,-1,-3,0.3359,110.92,116.20,108.16,14.06,245.50,111.00,57.00,92.00,0.0000,134.68,1,-2,2.5543,ACCEPT,0,624,2166,8568,3,150,1036,0,0,0,0
101,0,1,1,ACCEPT,20.7984,3.4342,965,0,-4,0.3585,110.92,114.45,104.00,13.52,244.50,107.00,51.00,96.00,0.0000,133.79,1,-1,2.6361,ACCEPT,0,756,2255,7561,3,150,965,0,0,0,0
102,0,1,1,ACCEPT,19.9169,3.3305,776,0,-5,0.0954,110.92,112.34,104.00,13.52,248.50,102.00,61.00,98.00,0.0000,137.97,1,0,2.7397,ACCEPT,0,713,2156,7870,3,150,776,0,0,0,0
103,0,1,1,ACCEPT,20.1811,3.1784,855,0,-5,0.0281,110.92,110.23,108.16,14.06,247.50,97.00,59.00,96.00,0.0000,137.22,1,1,2.7535,ACCEPT,0,752,2259,7619,3,150,855,0,0,0,0
104,0,1,1,ACCEPT,21.8120,5.0414,852,0,-3,0.5164,110.92,108.92,108.16,14.06,246.50,95.00,59.00,94.00,0.0000,136.29,1,0,2.8643,ACCEPT,0,692,2213,6895,3,150,852,0,0,0,0
105,0,1,1,ACCEPT,23.5759,4.8077,1000,0,-1,0.8160,110.92,108.48,108.16,14.06,252.50,92.00,53.00,90.00,0.0000,142.53,1,0,2.7580,ACCEPT,0,649,2314,7660,3,150,1000,0,0,0,0
106,0,1,1,ACCEPT,21.1678,4.1516,1150,0,0,1.0000,110.92,108.48,104.00,13.52,249.00,89.50,52.00,91.00,0.0000,139.38,1,-1,2.6936,ACCEPT,0,817,2392,7297,3,150,1150,0,0,0,0
107,0,1,1,ACCEPT,24.2732,4.6964,1315,0,-3,0.2274,110.92,107.22,104.00,13.52,252.00,90.00,54.00,90.00,0.0000,142.13,1,0,2.6090,ACCEPT,0,895,2395,8404,3,150,1315,0,0,0,0
108,0,1,1,ACCEPT,21.7973,4.1517,1478,1,-3,0.4127,114.17,105.95,108.16,14.06,250.00,87.00,56.00,92.00,0.0000,137.14,1,1,2.7692,ACCEPT,0,1235,2402,7530,3,150,1478,0,0,0,0
109,0,1,1,ACCEPT,21.2912,3.7664,1322,0,-2,0.7882,114.17,105.08,108.16,14.06,252.50,84.00,53.00,88.00,0.0000,139.92,1,0,2.7830,ACCEPT,0,1010,2477,6682,3,150,1322,0,0,0,0
110,0,1,1,ACCEPT,16.7403,2.9611,1066,0,4,0.1548,114.17,106.83,104.00,13.52,253.50,84.50,53.00,87.00,0.0000,141.11,1,-1,2.7445,ACCEPT,0,803,2566,5568,3,150,1066,0,0,0,0
111,0,1,1,ACCEPT,14.7935,2.7770,822,0,6,0.1265,114.17,109.36,104.00,13.52,249.50,84.50,47.00,81.00,0.0000,137.59,1,0,2.6556,ACCEPT,0,699,2657,4282,3,150,822,0,0,0,0
112,0,1,1,ACCEPT,13.3538,2.5680,642,1,9,0.1776,117.42,113.16,104.00,13.52,254.50,87.00,43.00,78.00,0.0000,139.55,1,0,2.7643,ACCEPT,0,571,2928,3549,3,150,642,0,0,0,0
113,0,1,1,ACCEPT,16.9651,2.8000,700,1,5,0.2186,120.67,115.27,108.16,14.06,254.50,106.00,41.00,100.00,0.0000,134.15,1,1,2.7036,ACCEPT,0,544,3211,3650,3,150,700,0,0,0,0
114,0,1,1,ACCEPT,16.9260,2.8885,803,0,9,0.3026,120.67,119.20,104.00,13.52,256.50,108.00,47.00,104.00,0.0000,136.29,1,-1,2.7086,ACCEPT,0,662,3202,3494,3,150,803,0,0,0,0
115,0,1,1,ACCEPT,15.5801,2.6081,712,0,10,0.3034,120.67,123.42,100.00,13.00,257.00,108.00,48.00,102.00,0.0000,137.20,1,-1,2.5057,ACCEPT,0,611,3343,3621,3,150,712,0,0,0,0
116,0,1,1,ACCEPT,11.1665,1.6472,509,0,15,0.0236,120.67,129.52,96.15,12.50,255.00,117.00,46.00,98.00,0.0000,134.91,1,-1,2.5846,ACCEPT,0,671,3466,2964,3,150,509,0,0,0,0
117,0,1,1,ACCEPT,15.2938,2.3828,498,1,10,0.0622,123.67,133.42,104.00,13.52,257.50,121.00,39.00,98.00,0.0000,134.40,1,2,2.5135,ACCEPT,0,545,3462,2699,3,150,498,0,0,0,0
118,0,1,1,ACCEPT,12.6705,2.6528,382,0,15,0.0236,123.67,139.75,104.00,13.52,259.50,129.00,39.00,98.00,0.0000,136.25,1,0,2.8505,ACCEPT,0,522,3516,2710,3,150,382,0,0,0,0
119,0,1,1,ACCEPT,20.0374,3.7613,583,0,8,0.0961,123.67,143.12,104.00,13.52,259.50,129.00,39.00,96.00,0.0000,136.56,1,0,2.9394,ACCEPT,0,496,3227,3484,3,150,583,0,0,0,0
120,0,1,1,ACCEPT,15.3203,2.8212,505,0,11,0.2099,123.67,147.77,104.00,13.52,258.00,138.00,36.00,100.00,0.0000,134.68,1,0,2.9530,ACCEPT,0,561,3327,3281,3,150,505,0,0,0,0
121,0,1,1,ACCEPT,12.7447,2.2079,393,0,12,0.2214,123.67,152.83,100.00,13.00,255.50,140.00,37.00,108.00,0.0000,132.45,1,-1,2.9053,ACCEPT,0,533,3213,2927,3,150,393,0,0,0,0
122,0,1,1,ACCEPT,13.1415,2.8984,371,0,15,0.0728,123.67,158.92,96.15,12.50,256.00,144.50,42.00,103.00,0.0000,133.11,1,-1,2.7461,ACCEPT,0,476,3285,2991,3,150,371,0,0,0,0
123,0,1,1,ACCEPT,15.1100,2.6286,552,0,9,0.1123,123.67,162.44,96.15,12.50,256.50,149.00,37.00,106.00,0.0000,133.51,1,0,2.8429,ACCEPT,0,516,2884,4588,3,150,552,0,0,0,0
124,0,1,1,ACCEPT,14.6960,2.4870,766,0,8,0.0196,123.67,165.56,96.15,12.50,256.00,150.50,40.00,107.00,0.0000,133.18,1,0,2.8613,ACCEPT,0,714,2761,4277,3,150,766,0,0,0,0
125,0,1,1,ACCEPT,13.0641,2.1714,912,0,4,0.2840,123.67,167.12,92.46,12.02,254.50,153.50,39.00,107.00,0.0000,131.54,1,-1,2.6902,ACCEPT,0,1072,2460,6727,3,150,912,0,0,0,0
126,0,1,1,ACCEPT,15.0812,2.7089,1303,0,5,0.0046,123.67,169.00,92.46,12.02,256.50,155.50,43.00,105.00,0.0000,133.51,1,0,2.7911,ACCEPT,0,1157,2503,5829,3,150,1303,0,0,0,0
127,0,1,1,ACCEPT,16.2016,2.5093,1084,0,6,0.0839,123.67,171.25,92.46,12.02,254.50,156.50,41.00,109.00,0.0000,131.66,1,0,2.7786,ACCEPT,0,967,2684,5362,3,150,1084,0,0,0,0
128,0,1,1,ACCEPT,18.4397,3.7745,1038,0,4,0.1956,123.67,172.75,92.46,12.02,251.00,161.50,46.00,109.00,0.0000,127.82,1,0,2.8399,ACCEPT,0,785,2655,4862,3,150,1038,0,0,0,0
129,0,1,1,ACCEPT,18.1365,4.1881,913,0,-5,0.2059,123.67,170.88,92.46,12.02,248.50,161.50,45.00,109.00,0.0000,125.18,1,0,2.7528,ACCEPT,0,799,2120,5203,3,150,913,0,0,0,0
130,0,1,1,ACCEPT,19.5524,3.7500,915,0,1,0.9038,123.67,171.25,92.46,12.02,246.50,164.50,47.00,101.00,0.0000,123.01,1,0,2.7408,ACCEPT,0,648,2488,5105,3,150,915,0,0,0,0
131,0,1,1,ACCEPT,18.4096,3.7171,959,0,3,0.4484,123.67,172.38,96.15,12.50,243.50,166.00,47.00,102.00,0.0000,120.00,1,1,2.7735,ACCEPT,0,687,2647,5064,3,150,959,0,0,0,0
132,0,1,1,ACCEPT,18.1595,4.2165,974,-1,2,0.7885,120.67,173.16,88.90,11.56,241.00,167.00,48.00,102.00,0.0000,120.49,1,-2,2.5618,ACCEPT,0,681,2429,5423,3,150,974,0,0,0,0
133,0,1,1,ACCEPT,21.9082,5.3632,1078,0,0,1.0000,120.67,173.16,88.90,11.56,238.00,170.50,50.00,97.00,0.0000,117.36,1,0,2.8540,ACCEPT,0,785,2524,4856,3,150,1078,0,0,0,0
134,0,1,1,ACCEPT,20.4559,4.2877,909,-1,1,0.9153,117.89,173.52,85.48,11.11,236.50,170.00,51.00,102.00,0.0000,118.66,1,-1,2.5841,ACCEPT,0,718,2627,4910,3,150,909,0,0,0,0
135,0,1,1,ACCEPT,20.5649,5.6014,801,0,-2,0.8527,117.89,172.83,85.48,11.11,234.50,172.50,51.00,97.00,0.0000,116.61,1,0,2.6770,ACCEPT,0,695,2417,4848,3,150,801,0,0,0,0
136,0,1,1,ACCEPT,24.0338,5.4258,841,-1,-1,0.9049,115.22,172.48,82.19,10.69,232.50,172.50,53.00,97.00,0.0000,117.28,1,-1,2.5341,ACCEPT,0,704,2435,4725,3,150,841,0,0,0,0
137,0,1,1,ACCEPT,21.0444,3.8469,754,1,-2,0.7361,117.78,171.83,82.19,10.69,231.00,189.00,54.00,66.00,0.0000,114.51,1,3,2.5249,MAX_STEP,0,536,2731,4127,3,150,754,0,0,0,0
138,0,1,1,ACCEPT,14.9969,1.7716,574,0,-5,0.3467,117.78,170.19,82.19,10.69,232.00,188.00,56.00,66.00,0.0000,115.60,1,3,2.4686,MAX_STEP,0,626,2532,4827,3,150,574,0,0,0,0
139,0,1,1,ACCEPT,16.0844,1.9331,636,0,-1,0.9717,117.78,169.86,82.19,10.69,232.00,188.50,58.00,65.00,0.0000,115.73,1,3,2.4480,MAX_STEP,0,587,2827,4139,3,150,636,0,0,0,0
140,0,1,1,ACCEPT,17.3850,2.1691,590,0,-1,0.9678,117.78,169.53,82.19,10.69,232.00,188.50,56.00,67.00,0.0000,115.78,1,3,2.4301,MAX_STEP,0,514,2771,4220,3,150,590,0,0,0,0
141,0,1,1,ACCEPT,16.2383,2.1292,511,0,0,1.0000,117.78,169.53,88.90,11.56,231.50,190.00,55.00,66.00,0.0000,115.55,1,2,2.4213,ACCEPT,0,510,2801,4035,3,150,511,0,0,0,0
142,0,1,1,ACCEPT,21.4671,2.7904,639,0,-2,0.8294,117.78,168.81,92.46,12.02,230.50,190.00,55.00,66.00,0.0000,114.69,1,1,2.6769,ACCEPT,0,445,2490,4342,3,150,639,0,0,0,0
143,0,1,1,ACCEPT,24.3056,4.3602,702,0,1,0.8789,117.78,169.19,92.46,12.02,230.50,191.00,55.00,66.00,0.0000,114.81,1,0,2.7768,ACCEPT,0,429,2572,3884,3,150,702,0,0,0,0
144,0,1,1,ACCEPT,23.9688,4.5280,729,0,1,0.8711,117.78,169.56,92.46,12.02,231.00,195.00,56.00,60.00,0.0000,116.04,1,0,2.8042,ACCEPT,0,435,2572,4309,3,150,729,0,0,0,0
145,0,1,1,ACCEPT,25.4359,3.8814,753,0,-1,0.9336,117.78,169.19,92.46,12.02,230.50,196.00,57.00,62.00,0.0000,115.86,1,0,2.8875,ACCEPT,0,453,2439,4310,3,150,753,0,0,0,0
146,0,1,1,ACCEPT,26.1077,5.7874,735,0,3,0.4721,117.78,170.31,92.46,12.02,230.00,198.50,54.00,59.00,0.0000,115.70,1,0,2.8874,ACCEPT,0,444,2773,4310,3,150,735,0,0,0,0
147,0,1,1,ACCEPT,28.5671,4.7229,784,0,1,0.9196,117.78,170.69,92.46,12.02,230.50,198.00,55.00,64.00,0.0000,115.98,1,0,2.9291,ACCEPT,0,447,2636,4660,3,150,784,0,0,0,0
148,0,1,1,ACCEPT,29.9987,5.0063,796,0,0,1.0000,117.78,170.69,92.46,12.02,230.50,202.50,55.00,57.00,0.0000,117.12,1,0,2.8626,ACCEPT,0,446,2559,4867,3,150,796,0,0,0,0
149,0,1,1,ACCEPT,26.3401,5.0486,727,0,3,0.4099,117.78,171.81,92.46,12.02,228.00,188.50,56.00,91.00,0.0000,111.47,1,0,2.9805,ACCEPT,0,469,2771,4624,3,150,727,0,0,0,0
150,0,1,1,ACCEPT,26.5353,4.6312,741,0,4,0.1161,117.78,173.31,92.46,12.02,228.50,194.50,55.00,97.00,0.0000,112.73,1,0,3.0046,ACCEPT,0,450,2775,4986,3,150,741,0,0,0,0
151,0,1,1,ACCEPT,26.7751,4.1941,713,0,5,0.0154,117.78,175.19,92.46,12.02,227.00,199.00,54.00,92.00,0.0000,111.78,1,0,3.0012,ACCEPT,0,448,2687,5422,3,150,713,0,0,0,0
152,0,1,1,ACCEPT,24.5218,3.7296,731,0,2,0.6922,117.78,175.94,92.46,12.02,226.50,200.50,55.00,93.00,0.0000,111.46,1,0,2.9748,ACCEPT,0,510,2478,6355,3,150,731,0,0,0,0
153,0,1,1,ACCEPT,28.8548,5.9545,786,0,1,0.9911,117.78,176.31,92.46,12.02,228.00,201.50,54.00,93.00,0.0000,113.06,1,0,3.0481,ACCEPT,0,529,2436,6341,3,150,786,0,0,0,0
154,0,1,1,ACCEPT,28.2362,6.1453,719,0,4,0.2796,117.78,177.81,92.46,12.02,228.50,205.00,55.00,90.00,0.0000,114.01,1,0,3.0087,ACCEPT,0,452,2591,5851,3,150,719,0,0,0,0
155,0,1,1,ACCEPT,26.9116,5.4250,651,0,2,0.6390,117.78,178.56,88.90,11.56,230.00,207.00,54.00,80.00,0.0000,115.77,1,-1,2.7954,ACCEPT,0,374,2476,6149,3,150,651,0,0,0,0
156,0,1,1,ACCEPT,24.4953,4.4452,689,1,2,0.6067,120.56,179.28,92.46,12.02,230.50,209.00,53.00,80.00,0.0000,113.88,1,1,2.8168,ACCEPT,0,440,2581,6608,3,150,689,0,0,0,0
157,0,1,1,ACCEPT,24.9146,4.3289,658,0,6,0.0274,120.56,181.53,92.46,12.02,230.50,208.50,57.00,89.00,0.0000,113.20,1,0,3.0346,ACCEPT,0,457,2634,6007,3,150,658,0,0,0,0
158,0,1,1,ACCEPT,25.9449,4.9214,689,0,2,0.6255,120.56,182.28,88.90,11.56,230.50,215.50,55.00,79.00,0.0000,114.85,1,-1,2.8402,ACCEPT,0,447,2464,6907,3,150,689,0,0,0,0
159,0,1,1,ACCEPT,31.8910,4.6263,879,1,5,0.0580,123.34,184.08,96.15,12.50,227.50,219.50,53.00,75.00,0.0000,110.01,1,2,2.3849,ACCEPT,0,498,2567,7247,3,150,879,0,0,0,0
160,0,1,1,ACCEPT,33.8264,6.3023,813,0,2,0.6654,123.34,184.86,100.00,13.00,227.00,221.50,54.00,77.00,0.0000,109.94,1,1,2.6483,ACCEPT,0,454,2112,7214,3,150,813,0,0,0,0
161,0,1,1,ACCEPT,21.3925,3.2876,743,0,4,0.2894,123.34,186.48,104.00,13.52,225.50,226.50,59.00,85.00,0.0000,109.71,1,1,2.6940,ACCEPT,0,574,2417,6547,3,150,743,0,0,0,0
162,0,1,1,ACCEPT,21.0733,3.4408,726,-1,2,0.6281,120.09,187.33,96.15,12.50,223.50,226.50,59.00,87.00,0.0000,110.58,1,-2,2.7379,ACCEPT,0,514,2274,6195,3,150,726,0,0,0,0
163,0,1,1,ACCEPT,24.1640,4.0765,693,0,3,0.5224,120.09,188.50,96.15,12.50,223.00,225.50,56.00,83.00,0.0000,109.36,1,0,2.9879,ACCEPT,0,441,2387,5345,3,150,693,0,0,0,0
164,0,1,1,ACCEPT,23.2894,3.9477,604,0,2,0.7036,120.09,189.28,96.15,12.50,220.00,227.00,60.00,84.00,0.0000,106.79,1,0,2.9182,ACCEPT,0,397,2347,5041,3,150,604,0,0,0,0
165,0,1,1,ACCEPT,23.3075,4.7869,584,-1,6,0.0599,117.09,191.62,92.46,12.02,217.50,228.00,59.00,80.00,0.0000,106.79,1,-1,2.7650,ACCEPT,0,386,2528,4738,3,150,584,0,0,0,0
166,0,1,1,ACCEPT,23.6616,4.4926,611,0,4,0.3077,117.09,193.12,92.46,12.02,217.00,238.50,60.00,73.00,0.0000,109.73,1,0,3.0032,ACCEPT,0,365,2555,5449,3,150,611,0,0,0,0
167,0,1,1,ACCEPT,24.8415,4.3429,608,0,3,0.4507,117.09,194.25,92.46,12.02,214.00,237.00,60.00,72.00,0.0000,105.92,1,0,2.9889,ACCEPT,0,361,2512,5323,3,150,608,0,0,0,0
168,0,1,1,ACCEPT,28.1574,5.8654,610,0,3,0.3852,117.09,195.38,92.46,12.02,213.00,239.00,54.00,76.00,0.0000,105.36,1,0,2.7515,ACCEPT,0,372,2544,4981,3,150,610,0,0,0,0
169,0,1,1,ACCEPT,26.7968,5.9667,537,0,6,0.0819,117.09,197.62,88.90,11.56,215.00,240.50,58.00,77.00,0.0000,106.88,1,-1,2.5966,ACCEPT,0,335,2507,5307,3,150,537,0,0,0,0
170,0,1,1,ACCEPT,25.9533,5.5096,573,1,3,0.4625,119.88,198.70,92.46,12.02,212.00,245.50,56.00,77.00,0.0000,103.33,1,1,2.8544,ACCEPT,0,355,2580,5893,3,150,573,0,0,0,0
171,0,1,1,ACCEPT,21.3505,3.6842,490,0,7,0.0327,119.88,201.33,92.46,12.02,214.00,254.00,60.00,70.00,0.0000,107.86,1,0,2.9320,ACCEPT,0,359,2571,5495,3,150,490,0,0,0,0
172,0,1,1,ACCEPT,19.9019,3.4527,511,0,9,0.1096,119.88,204.70,92.46,12.02,214.00,259.50,56.00,71.00,0.0000,108.91,1,0,2.7425,ACCEPT,0,350,2665,5488,3,150,511,0,0,0,0
173,0,1,1,ACCEPT,23.8983,4.1203,651,0,4,0.3241,119.88,206.20,88.90,11.56,213.50,259.50,61.00,83.00,0.0000,107.73,1,-1,2.5921,ACCEPT,0,508,2611,6612,3,150,651,0,0,0,0
174,0,1,1,ACCEPT,23.9247,4.1198,791,1,2,0.6903,122.66,206.92,92.46,12.02,214.50,264.50,63.00,81.00,0.0000,108.40,1,1,2.5909,ACCEPT,0,589,2688,6893,3,150,791,0,0,0,0
175,0,1,1,ACCEPT,28.3536,6.4265,874,-1,3,0.4291,119.77,208.05,88.90,11.56,215.00,266.00,66.00,84.00,0.0000,111.48,1,-1,2.6328,ACCEPT,0,566,2568,6496,3,150,874,0,0,0,0
176,0,1,1,ACCEPT,24.6400,4.7365,791,1,3,0.4147,122.55,209.12,92.46,12.02,216.00,269.50,68.00,85.00,0.0000,111.26,1,1,2.7515,ACCEPT,0,578,2684,6444,3,150,791,0,0,0,0
177,0,1,1,ACCEPT,27.8390,5.4138,628,0,4,0.1433,122.55,210.62,92.46,12.02,215.50,273.00,65.00,86.00,0.0000,111.94,1,0,2.9114,ACCEPT,0,352,2615,5487,3,150,628,0,0,0,0
178,0,1,1,ACCEPT,29.5536,5.4038,562,0,3,0.3025,122.55,211.75,92.46,12.02,211.50,276.50,61.00,83.00,0.0000,110.02,1,0,2.8287,ACCEPT,0,337,2697,5700,3,150,562,0,0,0,0
179,0,1,1,ACCEPT,26.3621,4.3390,512,0,4,0.0918,122.55,213.25,88.90,11.56,214.50,277.00,73.00,92.00,0.0000,111.89,1,-1,2.8276,ACCEPT,0,364,2735,5584,3,150,512,0,0,0,0
180,0,1,1,ACCEPT,27.5116,5.2128,490,0,7,0.0265,122.55,215.77,88.90,11.56,208.50,278.50,65.00,93.00,0.0000,106.41,1,0,2.9384,ACCEPT,0,308,2969,5135,3,150,490,0,0,0,0
181,0,1,1,ACCEPT,30.9581,6.9306,499,0,5,0.0721,122.55,217.56,88.90,11.56,203.00,283.50,62.00,95.00,0.0000,104.02,1,0,2.7762,ACCEPT,0,260,2857,5792,3,150,499,0,0,0,0
182,0,1,1,ACCEPT,23.5546,4.4091,485,-1,5,0.1670,119.77,219.36,85.48,11.11,201.50,287.50,61.00,95.00,0.0000,106.41,1,-1,2.7144,ACCEPT,0,325,2860,6706,3,150,485,0,0,0,0
183,0,1,1,ACCEPT,17.0266,2.6716,537,0,10,0.1434,119.77,222.80,88.90,11.56,198.00,289.00,62.00,100.00,0.0000,102.49,1,1,2.7454,ACCEPT,0,550,3049,6589,3,150,537,0,0,0,0
184,0,1,1,ACCEPT,24.4651,3.5774,601,0,7,0.0300,119.77,225.31,92.46,12.02,193.00,296.50,56.00,95.00,0.0000,102.13,1,1,2.6154,ACCEPT,0,420,2870,6064,3,150,601,0,0,0,0
185,0,1,1,ACCEPT,21.8691,3.4727,382,-2,9,0.0497,113.98,228.69,88.90,11.56,189.00,303.00,54.00,94.00,0.0000,105.59,1,-1,2.6192,ACCEPT,0,358,2891,4241,3,150,382,0,0,0,0
186,0,1,1,ACCEPT,16.0952,2.9688,285,0,4,0.4105,113.98,230.12,92.46,12.02,186.00,306.50,52.00,89.00,0.0000,104.97,1,1,2.7380,ACCEPT,0,235,2943,4767,3,150,285,0,0,0,0
187,0,1,1,ACCEPT,11.4914,1.6719,214,-1,14,0.0654,111.09,235.38,92.46,12.02,181.00,319.00,48.00,98.00,0.0000,109.00,1,0,2.8122,ACCEPT,0,316,2784,5206,3,150,214,0,0,0,0
188,0,1,1,ACCEPT,10.3696,1.6066,196,-1,16,0.1327,108.20,241.38,88.90,11.56,178.00,333.00,52.00,84.00,0.0000,115.18,1,-1,2.7663,ACCEPT,0,317,2592,4909,3,150,196,0,0,0,0
189,0,1,1,ACCEPT,11.1718,1.6667,250,-1,13,0.0960,105.42,246.05,88.90,11.56,172.50,330.00,53.00,106.00,0.0000,107.46,1,0,2.9241,ACCEPT,0,277,2806,5421,3,150,250,0,0,0,0
190,0,1,1,ACCEPT,17.4660,2.7919,416,0,11,0.1587,105.42,250.00,96.15,12.50,169.50,335.00,55.00,110.00,0.0000,106.45,1,2,2.5624,ACCEPT,0,371,2877,5165,3,150,416,0,0,0,0
191,0,1,1,ACCEPT,15.2248,2.0957,438,-1,12,0.2123,102.42,254.69,92.46,12.02,167.50,340.00,57.00,110.00,0.0000,107.30,1,-1,2.8686,ACCEPT,0,454,2682,5820,3,150,438,0,0,0,0
192,0,1,1,ACCEPT,17.6425,2.6286,460,0,13,0.0913,102.42,259.56,92.46,12.02,165.00,351.00,58.00,100.00,0.0000,110.80,1,0,2.8713,ACCEPT,0,401,2875,4473,3,150,460,0,0,0,0
193,0,1,1,ACCEPT,19.1522,3.8716,422,-1,11,0.0877,99.53,263.69,88.90,11.56,162.50,356.00,57.00,104.00,0.0000,111.74,1,-1,2.7840,ACCEPT,0,326,2846,4647,3,150,422,0,0,0,0
194,0,1,1,ACCEPT,20.5007,3.1373,480,0,7,0.2958,99.53,266.20,88.90,11.56,162.50,362.00,63.00,104.00,0.0000,114.64,1,0,2.8396,ACCEPT,0,336,3031,4808,3,150,480,0,0,0,0
195,0,1,1,ACCEPT,19.2400,3.2887,467,0,8,0.1263,99.53,269.08,88.90,11.56,162.00,369.00,62.00,100.00,0.0000,117.84,1,0,2.8329,ACCEPT,0,397,2992,4936,3,150,467,0,0,0,0
196,0,1,1,ACCEPT,19.3418,3.1758,524,-1,7,0.0992,96.75,271.59,85.48,11.11,159.50,374.00,61.00,98.00,0.0000,120.10,1,-1,2.6926,ACCEPT,0,524,3084,6366,3,150,524,0,0,0,0
197,0,1,1,ACCEPT,23.5661,4.4062,846,0,6,0.1076,96.75,273.66,85.48,11.11,161.00,375.50,66.00,103.00,0.0000,120.42,1,0,2.7725,ACCEPT,0,538,3102,7317,3,150,846,0,0,0,0
198,0,1,1,ACCEPT,20.1123,3.7398,733,0,5,0.2715,96.75,275.38,82.19,10.69,162.00,378.00,70.00,100.00,0.0000,121.61,1,-1,2.7364,ACCEPT,0,517,3058,7238,3,150,733,0,0,0,0
199,0,1,1,ACCEPT,22.4991,4.0824,743,1,2,0.5599,99.31,276.03,85.48,11.11,159.50,383.00,67.00,104.00,0.0000,122.74,1,1,2.7672,ACCEPT,0,511,2909,7641,3,150,743,0,0,0,0
200,0,1,1,ACCEPT,27.5322,4.6122,904,0,3,0.3374,99.31,277.06,85.48,11.11,161.50,384.00,69.00,102.00,0.0000,123.70,1,0,2.8620,ACCEPT,0,487,2978,7836,3,150,904,0,0,0,0
201,0,1,1,ACCEPT,23.8397,5.6619,787,1,3,0.4447,101.98,278.09,88.90,11.56,162.50,386.50,73.00,103.00,0.0000,124.15,1,1,2.6935,ACCEPT,0,440,2931,7615,3,150,787,0,0,0,0
202,0,1,1,ACCEPT,23.2938,4.5405,672,0,0,1.0000,101.98,278.09,88.90,11.56,160.50,389.50,69.00,103.00,0.0000,125.84,1,0,3.0009,ACCEPT,0,368,2822,8181,3,150,672,0,0,0,0
203,0,1,1,ACCEPT,24.2674,4.4395,697,0,1,0.9311,101.98,278.45,85.48,11.11,158.50,393.00,69.00,106.00,0.0000,127.73,1,-1,2.8434,ACCEPT,0,399,2804,6983,3,150,697,0,0,0,0
204,0,1,1,ACCEPT,26.0836,5.2424,692,0,2,0.6272,101.98,279.14,82.19,10.69,161.50,389.50,75.00,109.00,0.0000,125.38,1,-1,2.7432,ACCEPT,0,474,2843,6912,3,150,692,0,0,0,0
205,0,1,1,ACCEPT,20.4501,4.7333,568,1,-3,0.5035,104.55,278.16,85.48,11.11,159.00,389.00,78.00,104.00,0.0000,123.50,1,1,2.7645,ACCEPT,0,400,2488,7467,3,150,568,0,0,0,0
206,0,1,1,ACCEPT,22.1664,4.0786,571,0,-1,0.9580,104.55,277.81,85.48,11.11,156.50,386.00,73.00,108.00,0.0000,120.02,1,0,2.8066,ACCEPT,0,359,2586,7334,3,150,571,0,0,0,0
207,0,1,1,ACCEPT,23.4232,5.5524,583,0,-2,0.6552,104.55,277.12,82.19,10.69,156.00,392.50,74.00,107.00,0.0000,126.33,1,-1,2.6000,ACCEPT,0,323,2572,7191,3,150,583,0,0,0,0
208,0,1,1,ACCEPT,18.5309,3.2123,469,1,-3,0.5736,107.11,276.14,82.19,10.69,158.00,388.00,80.00,102.00,0.0000,122.89,1,0,2.8908,ACCEPT,0,360,2550,6365,3,150,469,0,0,0,0
209,0,1,1,ACCEPT,13.6929,2.3276,270,0,-6,0.4296,107.11,274.17,79.03,10.27,154.00,387.50,78.00,115.00,0.0000,122.65,1,-1,2.7374,ACCEPT,0,330,2885,4900,3,150,270,0,0,0,0
210,0,1,1,ACCEPT,14.7937,2.8991,316,1,-5,0.4019,109.58,272.53,79.03,10.27,154.50,387.50,79.00,111.00,0.0000,123.43,1,0,2.8706,ACCEPT,0,344,2811,5361,3,150,316,0,0,0,0
211,0,1,1,ACCEPT,16.4513,2.6199,448,0,-6,0.1406,109.58,270.56,75.99,9.88,154.50,386.00,75.00,112.00,0.0000,123.87,1,-1,2.7363,ACCEPT,0,339,2739,6459,3,150,448,0,0,0,0
212,0,1,1,ACCEPT,17.7953,2.9036,482,1,-5,0.4793,111.95,269.00,75.99,9.88,153.50,387.50,79.00,109.00,0.0000,125.57,1,0,2.8188,ACCEPT,0,406,2752,6101,3,150,482,0,0,0,0
213,0,1,1,ACCEPT,22.0830,3.4878,572,1,-2,0.7360,114.33,268.38,79.03,10.27,154.00,386.00,80.00,112.00,0.0000,124.14,1,1,2.8204,ACCEPT,0,401,2870,6563,3,150,572,0,0,0,0
214,0,1,1,ACCEPT,22.6713,3.7081,597,1,-5,0.2060,116.80,266.73,82.19,10.69,151.50,385.00,73.00,112.00,0.0000,123.25,1,1,2.5079,ACCEPT,0,375,2939,6428,3,150,597,0,0,0,0
215,0,1,1,ACCEPT,29.9167,5.4309,668,0,-4,0.0883,116.80,265.42,82.19,10.69,151.50,384.50,77.00,115.00,0.0000,124.03,1,0,2.8212,ACCEPT,0,345,2944,7812,3,150,668,0,0,0,0
0,0,0,0,ZERO_RESPONSE,0.0000,0.0000,0,0,0,0.0000,208.50,208.50,55.00,65.00,208.50,208.50,55.00,65.00,1.0000,0.00,1,0,0.0000,NOT_RUN,0,0,12124,7800,4,200,0,0,0,0,0
1,0,1,1,ACCEPT,42.6060,9.1880,2297,0,1,0.8851,208.50,210.53,55.00,65.00,208.50,208.50,53.00,67.00,0.9076,2.03,1,0,3.1625,ACCEPT,0,1051,10819,9583,4,200,2297,0,0,0,0
2,0,1,1,ACCEPT,26.3082,5.6869,2252,0,1,0.9858,208.50,212.56,52.88,62.50,208.00,210.00,56.00,70.00,0.8432,2.61,1,-1,2.9421,ACCEPT,0,1136,9014,11640,4,200,2252,0,0,0,0
3,0,1,1,ACCEPT,23.2009,5.5553,2811,-1,0,0.9961,206.84,212.56,52.88,62.50,208.00,209.50,54.00,73.00,0.8212,3.27,1,0,2.8863,ACCEPT,0,1810,8209,14290,4,200,2811,0,0,0,0
4,0,1,1,ACCEPT,22.4273,4.7523,3626,0,1,0.8285,206.84,214.52,52.88,62.50,206.50,213.00,53.00,72.00,0.8575,1.55,1,0,2.8935,ACCEPT,0,2280,7012,15782,4,200,3626,0,0,0,0
5,0,1,1,ACCEPT,19.3370,3.8157,3396,0,1,0.9358,206.84,216.47,50.85,60.10,207.00,217.00,52.00,60.00,0.9609,0.55,1,-1,2.9207,ACCEPT,0,2731,6601,15457,4,200,3396,0,0,0,0
6,0,1,1,ACCEPT,20.3658,4.6527,4113,0,1,0.8731,206.84,218.34,50.85,60.10,207.00,218.50,52.00,59.00,0.9604,0.22,1,0,2.9582,ACCEPT,0,3515,6170,16383,4,200,4113,0,0,0,0
7,0,1,1,ACCEPT,15.6175,3.4770,3178,0,0,1.0000,206.84,218.34,48.89,57.78,206.00,221.00,52.00,56.00,0.8595,2.79,1,-1,2.7631,ACCEPT,0,3234,5848,16828,4,200,3178,0,0,0,0
8,0,1,1,ACCEPT,14.6211,3.2193,3171,-1,0,0.9297,205.31,218.34,48.89,57.78,205.50,222.50,53.00,55.00,0.8016,4.16,1,0,2.7758,ACCEPT,0,3722,5509,16534,4,200,3171,0,0,0,0
9,0,1,1,ACCEPT,14.2473,3.0179,3199,0,0,1.0000,205.31,218.34,48.89,57.78,204.50,222.50,51.00,53.00,0.8287,4.23,1,0,2.6829,ACCEPT,0,3807,5467,17948,4,200,3199,0,0,0,0
10,0,1,1,ACCEPT,13.1223,3.2425,3437,-1,0,0.9113,203.78,218.34,48.89,57.78,200.50,223.50,57.00,49.00,0.7235,6.11,1,0,2.7147,ACCEPT,0,3874,3968,20424,4,200,3437,0,0,0,0
11,0,1,1,ACCEPT,12.3707,3.3033,3442,-2,1,0.7347,200.72,220.16,48.89,57.78,198.00,224.00,56.00,46.00,0.7135,4.71,1,0,2.8082,ACCEPT,0,4140,3700,20934,4,200,3442,0,0,0,0
12,0,1,1,ACCEPT,10.7035,2.6982,2968,-2,1,0.8521,197.66,221.97,48.89,57.78,195.50,223.50,57.00,43.00,0.6624,2.64,1,0,2.8435,ACCEPT,0,4391,3595,20113,4,200,2968,0,0,0,0
13,0,1,1,ACCEPT,10.1823,2.6496,3010,-2,1,0.7777,194.59,223.78,48.89,57.78,194.00,224.00,56.00,40.00,0.6290,0.63,1,0,2.8412,ACCEPT,0,4344,3620,21592,4,200,3010,0,0,0,0
14,0,1,1,ACCEPT,8.8702,2.1962,2888,-1,1,0.8130,193.06,225.59,47.01,55.56,189.50,225.00,55.00,36.00,0.5837,3.61,1,-1,2.8165,ACCEPT,0,4539,3450,20318,4,200,2888,0,0,0,0
15,0,1,1,ACCEPT,9.7163,1.8502,2816,-1,0,0.8565,191.59,225.59,45.21,53.43,188.00,225.50,52.00,35.00,0.5923,3.59,1,-1,2.6200,ACCEPT,0,4367,3313,20443,4,200,2816,0,0,0,0
16,0,1,1,ACCEPT,8.8812,1.5266,2325,-2,0,0.7338,188.78,225.59,45.21,53.43,185.50,226.00,53.00,34.00,0.5735,3.31,1,0,3.1613,ACCEPT,0,3708,3456,19995,4,200,2325,0,0,0,0
17,0,1,1,ACCEPT,10.9396,1.9484,3059,-1,1,0.8653,187.38,227.27,45.21,53.43,184.50,226.00,53.00,34.00,0.5735,3.14,1,0,2.9339,ACCEPT,0,4147,3413,19416,4,200,3059,0,0,0,0
18,0,1,1,ACCEPT,12.4746,2.2104,3393,-1,1,0.8594,185.97,228.94,45.21,53.43,179.50,226.50,57.00,35.00,0.5485,6.91,1,0,2.6395,ACCEPT,0,4505,3406,18489,4,200,3393,0,0,0,0
19,0,1,1,ACCEPT,10.9627,2.2825,2901,-1,0,0.8959,184.56,228.94,43.47,51.37,176.50,230.00,57.00,30.00,0.4725,8.13,1,-1,2.5405,ACCEPT,0,4077,3273,22837,4,200,2901,0,0,0,0
20,0,1,1,ACCEPT,10.6944,2.4289,3381,-2,1,0.8317,181.84,230.55,43.47,51.37,174.50,229.50,57.00,31.00,0.4979,7.42,1,0,2.6873,ACCEPT,0,4801,2995,26732,4,200,3381,0,0,0,0
21,0,1,1,ACCEPT,12.5133,2.7525,4192,-1,0,0.9890,180.48,230.55,41.80,49.39,173.00,230.00,56.00,32.00,0.5235,7.50,1,-1,2.5413,ACCEPT,0,5037,3090,26005,4,200,4192,0,0,0,0
22,0,1,1,ACCEPT,11.3083,2.5592,4082,1,1,0.9184,181.80,232.09,41.80,49.39,171.00,231.00,54.00,30.00,0.4328,10.85,1,0,2.7180,ACCEPT,0,5137,2882,30396,4,200,4082,0,0,0,0
23,0,1,1,ACCEPT,12.0472,3.0636,4240,-1,1,0.8814,180.48,233.64,41.80,49.39,170.50,232.00,57.00,28.00,0.4316,10.12,1,0,2.7138,ACCEPT,0,5056,2623,27152,4,200,4240,0,0,0,0
24,0,1,1,ACCEPT,12.7718,2.7452,3986,0,0,1.0000,180.48,233.64,40.19,47.49,169.50,234.00,55.00,26.00,0.3988,10.99,1,-1,2.5306,ACCEPT,0,4631,2446,29693,4,200,3986,0,0,0,0
25,0,1,1,ACCEPT,10.5101,2.2867,3741,-1,1,0.8971,179.23,235.12,40.19,47.49,166.00,235.00,56.00,22.00,0.3231,13.23,1,0,2.6243,ACCEPT,0,5065,2381,28764,4,200,3741,0,0,0,0
26,0,1,1,ACCEPT,11.5835,2.4672,3681,0,1,0.9128,179.23,236.61,38.64,45.67,163.50,236.50,57.00,21.00,0.2945,15.73,1,-1,2.6798,ACCEPT,0,4343,2325,30500,4,200,3681,0,0,0,0
27,0,1,1,ACCEPT,10.4632,2.1876,3417,-1,0,0.8756,178.03,236.61,37.16,43.91,162.50,240.00,61.00,20.00,0.3077,15.90,1,-1,2.7340,ACCEPT,0,4341,2142,32767,4,200,3417,0,0,0,0
28,0,1,1,ACCEPT,11.1972,2.6240,3587,-1,2,0.6727,176.88,239.36,35.73,42.22,161.00,239.50,64.00,17.00,0.2862,15.88,1,-1,2.8254,ACCEPT,0,4261,2301,32767,4,200,3587,0,0,0,0
29,0,1,1,ACCEPT,11.5342,2.6795,3837,-2,1,0.6171,174.66,240.67,35.73,42.22,152.00,240.50,78.00,23.00,0.3127,22.66,1,0,2.9352,ACCEPT,0,4860,2106,32766,4,200,3837,0,0,0,0
30,0,1,1,ACCEPT,10.9498,2.5228,3590,-1,1,0.7777,173.55,241.98,35.73,42.22,150.50,244.00,81.00,18.00,0.2727,23.13,1,0,2.9066,ACCEPT,0,4304,2442,31235,4,200,3590,0,0,0,0
31,0,1,1,ACCEPT,10.7620,2.1277,3832,-2,2,0.6135,171.33,244.61,35.73,42.22,147.50,245.00,77.00,18.00,0.2536,23.83,1,0,2.8506,ACCEPT,0,5054,2299,31059,4,200,3832,0,0,0,0
32,0,1,1,ACCEPT,10.3095,2.1324,3721,-2,0,0.7546,169.11,244.61,34.35,40.60,147.00,248.00,76.00,18.00,0.2746,22.37,1,-1,2.6781,ACCEPT,0,4925,2359,32767,4,200,3721,0,0,0,0
33,0,1,1,ACCEPT,9.8620,2.4063,3956,-3,1,0.6896,165.88,245.88,33.03,39.04,144.00,249.50,72.00,19.00,0.2805,22.17,1,-1,2.6745,ACCEPT,0,5239,2394,32767,4,200,3956,0,0,0,0
34,0,1,1,ACCEPT,8.2106,1.3121,3796,-2,2,0.6465,163.81,248.31,31.76,37.54,145.00,251.00,66.00,16.00,0.2722,19.00,1,-1,2.7350,ACCEPT,0,6938,3532,27201,4,200,3796,0,0,0,0
35,0,1,1,ACCEPT,6.6817,1.1387,2496,-4,1,0.6659,159.81,249.48,30.54,36.09,139.50,250.00,65.00,12.00,0.2122,20.32,1,-1,2.7148,ACCEPT,0,5598,3119,32767,4,200,2496,0,0,0,0
36,0,1,1,ACCEPT,7.3485,1.6809,3150,-6,1,0.3092,154.09,250.61,29.36,34.70,139.50,251.50,63.00,13.00,0.2621,14.62,1,-1,2.6884,ACCEPT,0,7136,3965,27399,4,200,3150,0,0,0,0
37,0,1,1,ACCEPT,7.9919,1.4683,3173,-4,0,0.8065,150.41,250.61,28.24,33.37,133.00,251.50,58.00,17.00,0.2931,17.43,1,-1,2.6600,ACCEPT,0,6418,3196,29313,4,200,3173,0,0,0,0
38,0,1,1,ACCEPT,7.8827,1.4218,3411,-3,1,0.6242,147.78,251.66,28.24,33.37,131.50,252.00,59.00,16.00,0.3019,16.28,1,-1,2.7834,OUT_OF_RANGE,0,7264,3842,25107,4,200,3411,0,0,0,0
39,0,1,1,ACCEPT,8.9341,1.7439,3193,-2,1,0.6546,146.03,252.70,28.24,33.37,124.00,251.50,76.00,19.00,0.2900,22.06,1,-1,2.9230,OUT_OF_RANGE,0,5292,3184,20941,4,200,3193,0,0,0,0
40,0,1,1,ACCEPT,7.4806,1.5384,2723,0,0,1.0000,146.03,252.70,28.24,33.37,121.00,253.00,70.00,18.00,0.2451,25.03,1,-1,2.5114,OUT_OF_RANGE,0,4898,3262,18909,4,200,2723,0,0,0,0
41,0,1,1,ACCEPT,8.8798,1.6470,3131,0,1,0.8042,146.03,253.75,28.24,33.37,116.50,253.00,61.00,18.00,0.1535,29.54,1,-2,2.0688,OUT_OF_RANGE,0,4878,3285,18174,4,200,3131,0,0,0,0
42,0,1,1,ACCEPT,9.8888,1.9865,3685,0,1,0.8581,146.03,254.80,28.24,33.37,112.00,253.00,76.00,18.00,0.1640,34.08,1,-2,2.2961,OUT_OF_RANGE,0,5388,3418,18382,4,200,3685,0,0,0,0
43,0,1,1,ACCEPT,7.6284,1.3861,3220,1,0,0.9432,146.91,254.80,28.24,33.37,112.50,251.50,71.00,17.00,0.1368,34.56,1,-4,2.0591,MAX_STEP,0,5644,2933,24277,4,200,3220,0,0,0,0
44,0,1,1,ACCEPT,8.9020,1.6521,4335,0,0,1.0000,146.91,254.80,28.24,33.37,97.00,252.00,92.00,14.00,0.0685,49.98,1,5,2.2043,MAX_STEP,0,5637,3160,23669,4,200,4335,0,0,0,0
45,0,1,1,ACCEPT,9.2331,1.7386,4430,2,0,0.5799,148.66,254.80,28.24,33.37,98.50,252.00,87.00,12.00,0.0472,50.23,1,-4,2.4152,MAX_STEP,0,5104,3116,26323,4,200,4430,0,0,0,0
46,0,1,1,ACCEPT,9.4412,2.1409,4648,1,1,0.8003,149.53,255.84,28.24,33.37,84.00,252.50,100.00,13.00,0.0000,65.62,1,5,2.1734,MAX_STEP,0,7188,4049,18946,4,200,4648,0,0,0,0
47,0,1,1,ACCEPT,11.3903,2.4538,4434,2,0,0.6788,151.28,255.84,28.24,33.37,85.00,253.00,102.00,16.00,0.0000,66.34,1,5,2.0357,MAX_STEP,0,5044,4181,18076,4,200,4434,0,0,0,0
48,0,1,1,ACCEPT,13.0559,2.8849,4913,2,0,0.5921,153.03,255.84,28.24,33.37,74.50,253.50,107.00,13.00,0.0000,78.57,1,-4,1.8901,MAX_STEP,0,4686,4079,19010,4,200,4913,0,0,0,0
49,0,1,1,ACCEPT,14.7990,3.1946,5664,1,0,0.8897,153.91,255.84,28.24,33.37,73.00,252.50,100.00,13.00,0.0000,80.98,1,5,1.8641,MAX_STEP,0,4658,3743,20866,4,200,5664,0,0,0,0
50,0,1,1,ACCEPT,15.7771,3.4021,6100,1,-1,0.6349,154.78,254.80,28.24,33.37,75.00,253.50,100.00,13.00,0.0000,79.79,1,5,2.3492,MAX_STEP,0,4869,3789,20645,4,200,6100,0,0,0,0
51,0,1,1,ACCEPT,18.0388,3.6969,6695,2,0,0.3924,156.53,254.80,28.24,33.37,70.00,254.00,96.00,14.00,0.0000,86.53,1,5,2.3335,MAX_STEP,0,4742,3674,22329,4,200,6695,0,0,0,0
52,0,1,1,ACCEPT,19.4670,3.7383,7843,1,-1,0.8193,157.41,253.75,28.24,33.37,65.00,253.00,96.00,14.00,0.0000,92.41,1,5,2.3154,MAX_STEP,0,5093,3631,21840,4,200,7843,0,0,0,0
53,0,1,1,ACCEPT,21.2654,3.8156,7906,2,0,0.5887,159.16,253.75,28.24,33.37,63.00,253.50,90.00,15.00,0.0000,96.16,1,-4,1.3926,MAX_STEP,0,4936,3562,22412,4,200,7906,0,0,0,0
54,0,1,1,ACCEPT,22.3116,4.4460,8323,0,-2,0.6769,159.16,251.66,28.24,33.37,55.50,252.50,93.00,13.00,0.0000,103.66,1,-4,1.9299,MAX_STEP,0,5132,3722,19497,4,200,8323,0,0,0,0
55,0,1,1,ACCEPT,24.6841,4.7089,8330,1,-1,0.8102,160.03,250.61,28.24,33.37,53.00,251.50,88.00,13.00,0.0000,107.03,1,-4,2.1952,MAX_STEP,0,5067,3561,21380,4,200,8330,0,0,0,0
56,0,1,1,ACCEPT,25.2030,4.2708,8990,0,-1,0.9508,160.03,249.56,28.24,33.37,50.00,250.50,84.00,13.00,0.0000,110.04,1,4,1.7053,MAX_STEP,0,5026,3569,23619,4,200,8990,0,0,0,0
57,0,1,1,ACCEPT,26.7016,4.9214,9395,1,-1,0.8430,160.91,248.52,28.24,33.37,49.50,251.00,81.00,14.00,0.0000,111.43,1,-4,1.8873,MAX_STEP,0,5236,3614,26493,4,200,9395,0,0,0,0
58,0,1,1,ACCEPT,24.2264,4.2424,8680,0,-1,0.7629,160.91,247.47,28.24,33.37,42.50,250.00,71.00,14.00,0.0000,118.43,1,5,2.2309,MAX_STEP,0,4327,3563,23718,4,200,8680,0,0,0,0
59,0,1,1,ACCEPT,25.9821,4.8701,8620,1,-1,0.7618,161.78,246.42,28.24,33.37,45.00,247.00,52.00,14.00,0.0000,116.78,1,5,2.1113,MAX_STEP,0,4361,3530,24550,4,200,8620,0,0,0,0
60,0,1,1,ACCEPT,26.1423,5.8215,9134,0,-1,0.7840,161.78,245.38,28.24,33.37,43.50,246.50,51.00,11.00,0.0000,118.29,1,5,1.5665,MAX_STEP,0,5029,3631,24052,4,200,9134,0,0,0,0
61,0,1,1,ACCEPT,26.9172,4.7544,9352,1,-2,0.5835,162.66,243.28,28.24,33.37,42.50,244.00,53.00,12.00,0.0000,120.16,1,6,2.0305,MAX_STEP,0,4801,3658,25100,4,200,9352,0,0,0,0
62,0,1,1,ACCEPT,28.8135,5.4119,9671,1,-1,0.8829,163.53,242.23,28.24,33.37,39.00,242.50,46.00,13.00,0.0000,124.53,1,4,2.3245,MAX_STEP,0,4992,3339,26965,4,200,9671,0,0,0,0
63,0,1,1,ACCEPT,30.7991,5.7995,10126,0,-1,0.8028,163.53,241.19,28.24,33.37,36.50,241.00,45.00,14.00,0.0000,127.03,1,5,2.0745,MAX_STEP,0,5359,3557,25039,4,200,10126,0,0,0,0
64,0,1,1,ACCEPT,31.1511,5.7982,10489,1,-1,0.6948,164.41,240.14,28.24,33.37,33.50,240.50,45.00,11.00,0.0000,130.91,1,4,2.4425,MAX_STEP,0,5158,3715,26925,4,200,10489,0,0,0,0
65,0,1,1,ACCEPT,32.1968,5.6257,11527,1,-2,0.4356,165.28,238.05,28.24,33.37,32.00,240.00,46.00,14.00,0.0000,133.30,1,4,2.3558,MAX_STEP,0,6291,3685,28157,4,200,11527,0,0,0,0
66,0,1,1,ACCEPT,34.2728,6.5636,12648,1,-1,0.7041,166.16,237.00,28.24,33.37,28.00,243.00,48.00,22.00,0.0000,138.29,1,4,2.0169,MAX_STEP,0,5841,3473,29150,4,200,12648,0,0,0,0
67,0,1,1,ACCEPT,35.1457,6.5869,12996,1,-1,0.6299,167.03,235.95,28.24,33.37,28.00,241.00,48.00,20.00,0.0000,139.12,1,5,2.3456,MAX_STEP,0,6309,3360,29740,4,200,12996,0,0,0,0
68,0,1,1,ACCEPT,36.4388,6.8528,12664,1,-1,0.6499,167.91,234.91,28.24,33.37,29.00,235.00,44.00,14.00,0.0000,138.91,1,4,2.3626,MAX_STEP,0,6004,3403,28270,4,200,12664,0,0,0,0
69,0,1,1,ACCEPT,35.6057,6.8667,12264,1,-2,0.6049,168.78,232.81,28.24,33.37,29.00,234.00,42.00,14.00,0.0000,139.79,1,5,2.0177,MAX_STEP,0,6090,3514,26996,4,200,12264,0,0,0,0
70,0,1,1,ACCEPT,28.5130,5.6419,11910,1,-1,0.7866,169.66,231.77,28.24,33.37,26.50,232.50,45.00,15.00,0.0000,143.16,1,5,1.4448,MAX_STEP,0,7648,3621,23826,4,200,11910,0,0,0,0
71,0,1,1,ACCEPT,28.4099,6.2514,10146,1,-1,0.7371,170.53,230.72,28.24,33.37,27.00,231.00,40.00,18.00,0.0000,143.53,1,5,1.8382,MAX_STEP,0,6578,3664,24434,4,200,10146,0,0,0,0
72,0,1,1,ACCEPT,27.9795,5.2104,9780,1,-1,0.6237,171.41,229.67,28.24,33.37,26.50,229.50,41.00,13.00,0.0000,144.91,1,6,2.4155,MAX_STEP,0,5881,3731,23710,4,200,9780,0,0,0,0
73,0,1,1,ACCEPT,27.7315,5.0419,9620,3,-1,0.2175,174.03,228.62,28.24,33.37,29.00,228.00,42.00,14.00,0.0000,145.03,1,-3,1.8081,MAX_STEP,0,6252,3528,25291,4,200,9620,0,0,0,0
74,0,1,1,ACCEPT,30.6058,5.3761,10306,1,-1,0.6830,174.91,227.58,28.24,33.37,28.00,226.50,44.00,13.00,0.0000,146.91,1,4,1.4494,MAX_STEP,0,5351,3606,23984,4,200,10306,0,0,0,0
75,0,1,1,ACCEPT,31.0503,5.9868,9974,3,-1,0.3748,177.53,226.53,28.24,33.37,29.50,226.00,41.00,14.00,0.0000,148.03,1,-3,1.6726,MAX_STEP,0,5414,3492,24190,4,200,9974,0,0,0,0
76,0,1,1,ACCEPT,32.8463,6.4319,9873,2,-1,0.6144,179.28,225.48,28.24,33.37,28.50,225.00,43.00,12.00,0.0000,150.78,1,-3,1.3585,MAX_STEP,0,4612,3399,27202,4,200,9873,0,0,0,0
77,0,1,1,ACCEPT,31.5618,6.3323,10195,3,1,0.1954,181.91,226.53,28.24,33.37,30.00,224.00,44.00,12.00,0.0000,151.93,1,4,1.9664,MAX_STEP,0,5289,3246,28390,4,200,10195,0,0,0,0
78,0,1,1,ACCEPT,35.4547,7.0928,10625,2,-2,0.3773,183.66,224.44,28.24,33.37,30.00,222.00,48.00,14.00,0.0000,153.68,1,4,1.4865,MAX_STEP,0,5239,3540,29506,4,200,10625,0,0,0,0
79,0,1,1,ACCEPT,34.0271,6.8321,11799,2,0,0.5097,185.41,224.44,28.24,33.37,28.00,223.50,52.00,13.00,0.0000,157.41,1,5,2.4326,MAX_STEP,0,5895,3299,29311,4,200,11799,0,0,0,0
80,0,1,1,ACCEPT,34.1049,7.1434,10558,3,0,0.1683,188.03,224.44,28.24,33.37,28.50,223.50,51.00,13.00,0.0000,159.53,1,5,2.2561,MAX_STEP,0,5611,3355,29954,4,200,10558,0,0,0,0
81,0,1,1,ACCEPT,35.7272,8.6164,10512,2,-1,0.4440,189.78,223.39,28.24,33.37,31.00,222.50,48.00,15.00,0.0000,158.78,1,5,2.4009,MAX_STEP,0,5696,3545,30676,4,200,10512,0,0,0,0
82,0,1,1,ACCEPT,30.8700,6.7073,9236,2,0,0.5147,191.53,223.39,28.24,33.37,28.00,222.00,52.00,14.00,0.0000,163.54,1,5,2.3005,MAX_STEP,0,5135,2982,27804,4,200,9236,0,0,0,0
83,0,1,1,ACCEPT,32.1695,6.1895,7545,2,-1,0.4722,193.28,222.34,28.24,33.37,32.50,224.00,49.00,20.00,0.0000,160.79,1,5,2.3879,MAX_STEP,0,4203,3105,28611,4,200,7545,0,0,0,0
84,0,1,1,ACCEPT,30.9966,6.9698,8078,4,0,0.1602,196.78,222.34,28.24,33.37,33.50,224.50,51.00,19.00,0.0000,163.30,1,5,1.9388,MAX_STEP,0,4629,2903,29138,4,200,8078,0,0,0,0
85,0,1,1,ACCEPT,31.3911,6.4191,8011,1,0,0.8757,197.66,222.34,28.24,33.37,35.00,226.00,52.00,22.00,0.0000,162.70,1,6,2.1536,MAX_STEP,0,4513,2958,29548,4,200,8011,0,0,0,0
86,0,1,1,ACCEPT,32.3192,5.6124,8542,2,-1,0.5041,199.41,221.30,28.24,33.37,35.50,227.00,45.00,26.00,0.0000,164.01,1,6,1.7828,MAX_STEP,0,4474,3170,29164,4,200,8542,0,0,0,0
87,0,1,1,ACCEPT,33.4822,5.9348,8463,3,0,0.2284,202.03,221.30,28.24,33.37,37.50,227.00,51.00,24.00,0.0000,164.63,1,5,1.9637,MAX_STEP,0,4602,3086,29176,4,200,8463,0,0,0,0
88,0,1,1,ACCEPT,35.4824,6.5190,8051,2,-1,0.6207,203.78,220.25,28.24,33.37,43.00,225.50,42.00,23.00,0.0000,160.87,1,4,1.4141,MAX_STEP,0,4175,3113,30054,4,200,8051,0,0,0,0
89,0,1,1,ACCEPT,35.7817,6.5976,8722,2,0,0.6183,205.53,220.25,28.24,33.37,44.50,227.00,43.00,26.00,0.0000,161.17,1,5,2.0745,MAX_STEP,0,4121,3027,29032,4,200,8722,0,0,0,0
90,0,1,1,ACCEPT,37.7844,6.9295,8163,2,0,0.4969,207.28,220.25,28.24,33.37,45.50,227.50,41.00,25.00,0.0000,161.94,1,6,2.0724,MAX_STEP,0,3766,3021,28522,4,200,8163,0,0,0,0
91,0,1,1,ACCEPT,36.0836,6.9171,7422,4,0,0.1469,210.78,220.25,28.24,33.37,47.00,227.00,42.00,24.00,0.0000,163.92,1,5,1.8246,MAX_STEP,0,3581,2928,29796,4,200,7422,0,0,0,0
92,0,1,1,ACCEPT,38.3286,8.3972,7759,2,1,0.6091,212.53,221.30,28.24,33.37,48.00,230.50,42.00,29.00,0.0000,164.79,1,5,2.3205,MAX_STEP,0,3685,2860,29794,4,200,7759,0,0,0,0
93,0,1,1,ACCEPT,39.9760,9.0665,7906,2,0,0.5469,214.28,221.30,28.24,33.37,50.00,230.00,42.00,30.00,0.0000,164.51,1,5,2.0897,MAX_STEP,0,3635,2906,30237,4,200,7906,0,0,0,0
94,0,1,1,ACCEPT,28.5768,5.5094,6771,3,2,0.1563,216.91,223.39,28.24,33.37,48.00,233.00,36.00,34.00,0.0000,169.18,1,6,2.0834,MAX_STEP,0,4143,2419,30913,4,200,6771,0,0,0,0
95,0,1,1,ACCEPT,31.4316,4.7556,6363,3,1,0.3054,219.53,224.44,28.24,33.37,49.50,235.00,37.00,34.00,0.0000,170.36,1,6,2.1861,MAX_STEP,0,3405,2621,31153,4,200,6363,0,0,0,0
96,0,1,1,ACCEPT,35.0099,6.5577,7220,3,0,0.4252,222.16,224.44,28.24,33.37,54.50,238.00,39.00,40.00,0.0000,168.20,1,5,2.2505,MAX_STEP,0,3761,2776,30077,4,200,7220,0,0,0,0
97,0,1,1,ACCEPT,37.2809,7.7396,7043,4,2,0.1230,225.66,226.53,28.24,33.37,56.50,238.00,41.00,36.00,0.0000,169.54,1,5,2.3140,MAX_STEP,0,3537,2697,30264,4,200,7043,0,0,0,0
98,0,1,1,ACCEPT,36.5359,6.5416,7320,2,0,0.6708,227.41,226.53,28.24,33.37,57.00,240.00,44.00,40.00,0.0000,170.94,1,5,2.3629,MAX_STEP,0,3689,2924,31605,4,200,7320,0,0,0,0
99,0,1,1,ACCEPT,38.3631,7.4566,8165,3,1,0.2397,230.03,227.58,28.24,33.37,59.00,239.00,42.00,38.00,0.0000,171.41,1,5,1.6450,MAX_STEP,0,3873,2712,31071,4,200,8165,0,0,0,0
100,0,1,1,ACCEPT,37.6419,7.4766,7671,2,1,0.5106,231.78,228.62,28.24,33.37,60.50,239.00,41.00,44.00,0.0000,171.60,1,6,2.2792,MAX_STEP,0,3746,2702,30787,4,200,7671,0,0,0,0
101,0,1,1,ACCEPT,37.3717,7.3943,7313,2,0,0.5043,233.53,228.62,28.24,33.37,60.50,240.00,43.00,40.00,0.0000,173.40,1,5,2.2101,MAX_STEP,0,3403,2758,31007,4,200,7313,0,0,0,0
102,0,1,1,ACCEPT,37.6237,6.9189,7507,2,1,0.6038,235.28,229.67,28.24,33.37,61.50,240.50,41.00,37.00,0.0000,174.12,1,5,2.1176,MAX_STEP,0,3467,2745,30147,4,200,7507,0,0,0,0
103,0,1,1,ACCEPT,42.7006,8.6136,7356,3,0,0.3965,237.91,229.67,28.24,33.37,63.00,241.50,40.00,35.00,0.0000,175.31,1,11,1.4116,MAX_STEP,0,3403,2713,30178,4,200,7356,0,0,0,0
104,0,1,1,ACCEPT,40.6373,7.3941,7298,1,1,0.8671,238.78,230.72,28.24,33.37,63.50,241.00,41.00,32.00,0.0000,175.58,1,6,2.1157,MAX_STEP,0,3386,2690,29976,4,200,7298,0,0,0,0
105,0,1,1,ACCEPT,45.5306,10.0300,7011,2,-1,0.6938,240.53,229.67,28.24,33.37,63.50,241.00,43.00,32.00,0.0000,177.39,1,5,1.6256,MAX_STEP,0,3135,2825,31771,4,200,7011,0,0,0,0
106,0,1,1,ACCEPT,35.9121,8.5846,7005,1,0,0.7976,241.41,229.67,28.24,33.37,64.00,240.00,44.00,32.00,0.0000,177.71,1,6,2.2194,MAX_STEP,0,3251,3678,30480,4,200,7005,0,0,0,0
107,0,1,1,ACCEPT,38.9298,8.8723,7506,3,-1,0.2347,244.03,228.62,28.24,33.37,65.50,240.00,43.00,34.00,0.0000,178.89,1,5,1.9018,MAX_STEP,0,3301,3733,30783,4,200,7506,0,0,0,0
108,0,1,1,ACCEPT,39.8015,8.4127,8093,1,-1,0.6953,244.91,227.58,28.24,33.37,67.00,241.50,42.00,37.00,0.0000,178.45,1,5,2.1134,MAX_STEP,0,3508,3545,29196,4,200,8093,0,0,0,0
109,0,1,1,ACCEPT,42.3740,10.1955,7198,2,-1,0.5146,246.66,226.53,28.24,33.37,68.00,243.00,40.00,36.00,0.0000,179.41,1,5,2.1649,MAX_STEP,0,3137,3612,29749,4,200,7198,0,0,0,0
110,0,1,1,ACCEPT,41.0684,9.6031,7356,0,-2,0.6864,246.66,224.44,28.24,33.37,68.00,241.50,40.00,33.00,0.0000,179.47,1,5,2.1159,MAX_STEP,0,3444,3850,30270,4,200,7356,0,0,0,0
111,0,1,1,ACCEPT,41.8915,7.9306,8224,1,0,0.8120,247.53,224.44,28.24,33.37,68.50,241.00,41.00,32.00,0.0000,179.80,1,6,1.7274,MAX_STEP,0,3641,3542,28958,4,200,8224,0,0,0,0
112,0,1,1,ACCEPT,40.4964,9.1538,6902,1,-2,0.6191,248.41,222.34,28.24,33.37,68.00,241.00,42.00,36.00,0.0000,181.37,1,5,2.1358,MAX_STEP,0,3113,3891,29338,4,200,6902,0,0,0,0
113,0,1,1,ACCEPT,43.8722,9.9020,8387,2,-2,0.4668,250.16,220.25,28.24,33.37,69.50,240.00,39.00,36.00,0.0000,181.73,1,4,1.8764,MAX_STEP,0,3831,3718,28339,4,200,8387,0,0,0,0
114,0,1,1,ACCEPT,41.4753,10.9867,7460,0,-2,0.7161,250.16,218.16,28.24,33.37,69.50,239.00,39.00,36.00,0.0000,181.85,1,5,2.0134,MAX_STEP,0,3269,3781,28464,4,200,7460,0,0,0,0
115,0,1,1,ACCEPT,42.4780,9.6769,7848,1,-2,0.6695,251.03,216.06,28.24,33.37,68.50,237.00,41.00,36.00,0.0000,183.73,1,5,1.7833,MAX_STEP,0,3601,3731,28186,4,200,7848,0,0,0,0
116,0,1,1,ACCEPT,41.8489,9.3904,7841,1,-2,0.6753,251.91,213.97,28.24,33.37,69.00,236.00,42.00,36.00,0.0000,184.23,1,5,1.8525,MAX_STEP,0,3631,3737,28026,4,200,7841,0,0,0,0
117,0,1,1,ACCEPT,40.3930,10.1648,7959,0,-2,0.6443,251.91,211.88,28.24,33.37,70.00,234.00,40.00,36.00,0.0000,183.25,1,5,1.8997,MAX_STEP,0,3888,3787,27953,4,200,7959,0,0,0,0
118,0,1,1,ACCEPT,35.7350,8.0779,7674,1,-2,0.5468,252.78,209.78,28.24,33.37,69.50,233.50,41.00,35.00,0.0000,184.81,1,5,2.3642,MAX_STEP,0,4576,3610,29033,4,200,7674,0,0,0,0
119,0,1,1,ACCEPT,32.8249,6.9182,7610,0,-2,0.5531,252.78,207.69,28.24,33.37,70.50,232.50,39.00,35.00,0.0000,183.96,1,6,2.3291,MAX_STEP,0,4218,3472,29188,4,200,7610,0,0,0,0
120,0,1,1,ACCEPT,34.8662,8.5770,8071,1,-2,0.4543,253.66,205.59,28.24,33.37,70.50,231.50,39.00,35.00,0.0000,184.98,1,5,2.3190,MAX_STEP,0,4470,3670,28800,4,200,8071,0,0,0,0
121,0,1,1,ACCEPT,34.1238,7.9549,7931,0,-2,0.4610,253.66,203.50,28.24,33.37,71.00,230.50,38.00,35.00,0.0000,184.64,1,5,2.3751,MAX_STEP,0,4537,3703,29118,4,200,7931,0,0,0,0
122,0,1,1,ACCEPT,34.7064,7.9098,8416,0,-2,0.4812,253.66,201.41,28.24,33.37,71.00,231.00,38.00,38.00,0.0000,185.04,1,6,2.1501,MAX_STEP,0,4633,3873,28911,4,200,8416,0,0,0,0
123,0,1,1,ACCEPT,37.6634,7.8924,8658,1,-1,0.8590,254.53,200.36,28.24,33.37,70.50,230.00,39.00,38.00,0.0000,186.40,1,5,2.2618,MAX_STEP,0,4593,3504,28856,4,200,8658,0,0,0,0
124,0,1,1,ACCEPT,35.5408,7.6415,7802,-1,-1,0.7615,253.66,199.31,28.24,33.37,69.50,229.50,43.00,39.00,0.0000,186.61,1,6,1.5625,MAX_STEP,0,4062,3451,29602,4,200,7802,0,0,0,0
125,0,1,1,ACCEPT,39.0936,8.1653,8100,1,-2,0.6248,254.53,197.22,28.24,33.37,70.00,230.00,42.00,40.00,0.0000,187.42,1,5,2.3565,MAX_STEP,0,3652,3592,29891,4,200,8100,0,0,0,0
126,0,1,1,ACCEPT,40.5364,8.8494,8522,0,-2,0.6298,254.53,195.12,28.24,33.37,70.00,230.50,42.00,43.00,0.0000,187.89,1,5,2.2184,MAX_STEP,0,3792,3608,29111,4,200,8522,0,0,0,0
127,0,1,1,ACCEPT,40.7057,8.0864,8515,0,-2,0.6614,254.53,193.03,28.24,33.37,68.00,229.00,42.00,42.00,0.0000,189.97,1,5,2.2835,MAX_STEP,0,3756,3623,28233,4,200,8515,0,0,0,0
128,0,1,1,ACCEPT,41.3231,8.4069,7810,0,-1,0.8019,254.53,191.98,28.24,33.37,69.00,227.00,44.00,40.00,0.0000,188.81,1,6,2.0941,MAX_STEP,0,3419,3608,27935,4,200,7810,0,0,0,0
129,0,1,1,ACCEPT,43.3404,9.4363,7634,1,-2,0.6592,255.41,189.89,28.24,33.37,68.50,228.00,45.00,44.00,0.0000,190.75,1,5,2.3944,MAX_STEP,0,3323,3734,27761,4,200,7634,0,0,0,0
130,0,1,1,ACCEPT,29.9418,5.7312,6866,1,-1,0.7898,256.28,188.84,28.24,33.37,68.50,227.50,41.00,47.00,0.0000,191.72,1,4,2.0795,MAX_STEP,0,3771,3690,27989,4,200,6866,0,0,0,0
131,0,1,1,ACCEPT,32.8884,6.6318,6539,0,-1,0.8246,256.28,187.80,28.24,33.37,68.50,229.00,41.00,50.00,0.0000,192.25,1,4,2.3118,MAX_STEP,0,3447,3627,28561,4,200,6539,0,0,0,0
132,0,1,1,ACCEPT,33.4292,6.1170,6900,2,-2,0.5765,258.03,185.70,28.24,33.37,68.50,230.00,45.00,50.00,0.0000,194.64,1,-4,1.3688,MAX_STEP,0,3912,3584,27236,4,200,6900,0,0,0,0
133,0,1,1,ACCEPT,32.6354,5.7797,6219,0,-1,0.8673,258.03,184.66,28.24,33.37,69.00,227.00,44.00,46.00,0.0000,193.72,1,6,1.9846,MAX_STEP,0,3345,3498,27889,4,200,6219,0,0,0,0
134,0,1,1,ACCEPT,33.7276,5.6345,6536,1,-2,0.7102,258.91,182.56,28.24,33.37,68.50,228.00,43.00,50.00,0.0000,195.75,1,6,1.7124,MAX_STEP,0,3834,3658,28393,4,200,6536,0,0,0,0
135,0,1,1,ACCEPT,34.3586,6.2424,7004,1,-1,0.8789,259.78,181.52,28.24,33.37,68.50,228.50,43.00,51.00,0.0000,196.97,1,5,1.6756,MAX_STEP,0,3599,3647,28299,4,200,7004,0,0,0,0
136,0,1,1,ACCEPT,35.1180,7.0041,6843,0,-2,0.7687,259.78,179.42,28.24,33.37,68.50,228.00,43.00,52.00,0.0000,197.35,1,6,1.8626,MAX_STEP,0,3847,3698,27762,4,200,6843,0,0,0,0
137,0,1,1,ACCEPT,36.1496,7.9766,6820,1,0,0.9106,260.66,179.42,28.24,33.37,69.00,226.50,40.00,49.00,0.0000,197.35,1,6,1.7531,MAX_STEP,0,3300,3484,27459,4,200,6820,0,0,0,0
138,0,1,1,ACCEPT,35.5289,7.0734,6550,1,-2,0.6173,261.53,177.33,28.24,33.37,70.00,224.50,40.00,49.00,0.0000,197.25,1,5,1.9267,MAX_STEP,0,3392,3765,28248,4,200,6550,0,0,0,0
139,0,1,1,ACCEPT,37.1360,8.5142,6607,1,-2,0.6248,262.41,175.23,28.24,33.37,71.00,223.50,38.00,49.00,0.0000,197.40,1,5,1.8720,MAX_STEP,0,3437,3743,28497,4,200,6607,0,0,0,0
140,0,1,1,ACCEPT,35.0050,6.2123,6672,2,-2,0.3552,264.16,173.14,28.24,33.37,71.50,222.50,39.00,49.00,0.0000,198.88,1,5,2.0220,MAX_STEP,0,3582,3698,28238,4,200,6672,0,0,0,0
141,0,1,1,ACCEPT,37.7585,6.3845,6442,1,-3,0.4053,265.03,170.00,28.24,33.37,72.50,221.50,39.00,51.00,0.0000,199.30,1,7,1.7348,MAX_STEP,0,3522,3783,28183,4,200,6442,0,0,0,0
142,0,1,1,ACCEPT,29.5477,5.0408,6548,2,-2,0.5050,266.78,167.91,28.24,33.37,73.00,224.50,40.00,59.00,0.0000,201.88,1,6,1.9098,MAX_STEP,0,3675,4256,28424,4,200,6548,0,0,0,0
143,0,1,1,ACCEPT,31.4935,6.6369,7201,1,-2,0.5260,267.66,165.81,28.24,33.37,72.50,222.00,43.00,60.00,0.0000,203.08,1,5,2.0085,MAX_STEP,0,4115,4348,28762,4,200,7201,0,0,0,0
144,0,1,1,ACCEPT,30.8097,6.2690,7598,0,-3,0.4256,267.66,162.67,28.24,33.37,72.50,220.50,43.00,61.00,0.0000,203.54,1,6,1.9559,MAX_STEP,0,4749,4346,28563,4,200,7598,0,0,0,0
145,0,1,1,ACCEPT,32.5855,6.3281,7986,2,-3,0.3023,269.41,159.53,28.24,33.37,73.00,218.00,42.00,60.00,0.0000,204.92,1,6,2.1142,MAX_STEP,0,4603,4412,28823,4,200,7986,0,0,0,0
146,0,1,1,ACCEPT,34.6695,8.0488,8089,2,-2,0.2683,271.16,157.44,28.24,33.37,73.00,219.00,40.00,60.00,0.0000,207.50,1,6,2.0280,MAX_STEP,0,4578,4477,29192,4,200,8089,0,0,0,0
147,0,1,1,ACCEPT,36.7552,8.2595,8433,1,-2,0.4975,272.03,155.34,28.24,33.37,75.50,215.00,39.00,60.00,0.0000,205.39,1,6,1.8674,MAX_STEP,0,4581,4388,29586,4,200,8433,0,0,0,0
148,0,1,1,ACCEPT,35.3612,8.3470,8372,2,-3,0.3082,273.78,152.20,28.24,33.37,75.50,214.00,37.00,62.00,0.0000,207.69,1,5,2.1030,MAX_STEP,0,4626,4414,29011,4,200,8372,0,0,0,0
149,0,1,1,ACCEPT,36.7208,8.3469,7796,0,-2,0.4823,273.78,150.11,28.24,33.37,75.50,212.50,37.00,61.00,0.0000,207.87,1,6,1.6768,MAX_STEP,0,3809,4178,29491,4,200,7796,0,0,0,0
150,0,1,1,ACCEPT,34.4308,7.0737,7484,1,-3,0.2225,274.66,146.97,28.24,33.37,75.50,212.00,35.00,60.00,0.0000,209.50,1,6,1.9018,MAX_STEP,0,4216,4392,30897,4,200,7484,0,0,0,0
151,0,1,1,ACCEPT,35.5152,6.8742,8964,1,-3,0.3850,275.53,143.83,28.24,33.37,75.50,213.50,37.00,65.00,0.0000,211.82,1,5,1.9371,MAX_STEP,0,4017,3991,30590,4,200,8964,0,0,0,0
152,0,1,1,ACCEPT,38.2728,7.0800,8319,0,-2,0.4993,275.53,141.73,28.24,33.37,75.50,211.50,37.00,65.00,0.0000,211.85,1,5,1.7065,MAX_STEP,0,3741,4076,29966,4,200,8319,0,0,0,0
153,0,1,1,ACCEPT,41.0844,7.2447,8259,1,-3,0.2756,276.41,138.59,28.24,33.37,75.50,209.50,37.00,63.00,0.0000,213.05,1,5,2.0395,MAX_STEP,0,3850,4164,30477,4,200,8259,0,0,0,0
154,0,1,1,ACCEPT,33.0678,6.6826,6716,2,-3,0.3112,278.16,135.45,28.24,33.37,75.50,212.00,35.00,68.00,0.0000,216.63,1,5,1.4404,MAX_STEP,0,3872,4165,29509,4,200,6716,0,0,0,0
155,0,1,1,ACCEPT,33.3436,6.7150,6903,0,-2,0.7946,278.16,133.36,28.24,33.37,74.50,213.00,35.00,70.00,0.0000,218.67,1,5,1.8833,MAX_STEP,0,3561,3844,31026,4,200,6903,0,0,0,0
156,0,1,1,ACCEPT,34.6169,6.5960,7249,1,-2,0.5521,279.03,131.27,28.24,33.37,75.00,211.50,36.00,71.00,0.0000,219.24,1,6,1.6391,MAX_STEP,0,3719,4211,27769,4,200,7249,0,0,0,0
157,0,1,1,ACCEPT,34.6223,7.6750,6777,0,-3,0.4858,279.03,128.12,28.24,33.37,75.50,212.00,35.00,74.00,0.0000,220.14,1,5,1.7062,MAX_STEP,0,3519,4187,27089,4,200,6777,0,0,0,0
158,0,1,1,ACCEPT,37.2076,8.0405,7148,0,-2,0.5337,279.03,126.03,28.24,33.37,75.50,207.50,35.00,67.00,0.0000,219.23,1,6,1.7026,MAX_STEP,0,3545,4216,27672,4,200,7148,0,0,0,0
159,0,1,1,ACCEPT,37.1673,7.3401,7553,1,-3,0.3783,279.91,122.89,28.24,33.37,74.50,209.50,35.00,71.00,0.0000,222.92,1,6,1.7415,MAX_STEP,0,3676,4330,26694,4,200,7553,0,0,0,0
160,0,1,1,ACCEPT,38.2786,8.4429,7759,0,-2,0.6060,279.91,120.80,28.24,33.37,74.50,208.50,35.00,71.00,0.0000,223.35,1,6,1.9869,MAX_STEP,0,3464,4084,28844,4,200,7759,0,0,0,0
161,0,1,1,ACCEPT,36.6024,7.0350,7647,1,-3,0.4089,280.78,117.66,28.24,33.37,76.00,209.50,34.00,73.00,0.0000,224.43,1,6,1.8038,MAX_STEP,0,3980,4282,27416,4,200,7647,0,0,0,0
162,0,1,1,ACCEPT,34.2373,6.1170,7322,1,-3,0.5231,281.66,114.52,28.24,33.37,76.00,206.50,34.00,69.00,0.0000,225.29,1,6,1.6745,MAX_STEP,0,3640,4188,26418,4,200,7322,0,0,0,0
163,0,1,1,ACCEPT,36.4772,7.3680,7368,0,-2,0.6369,281.66,112.42,28.24,33.37,77.00,205.50,34.00,67.00,0.0000,224.83,1,7,1.8285,MAX_STEP,0,3724,4176,25693,4,200,7368,0,0,0,0
164,0,1,1,ACCEPT,41.0826,7.9822,7615,1,-2,0.6017,282.53,110.33,28.24,33.37,77.50,204.50,35.00,67.00,0.0000,225.62,1,6,1.9221,MAX_STEP,0,3381,3994,26341,4,200,7615,0,0,0,0
165,0,1,1,ACCEPT,37.9170,7.3912,7066,0,-2,0.5326,282.53,108.23,28.24,33.37,75.50,204.50,37.00,67.00,0.0000,228.32,1,7,1.4703,MAX_STEP,0,3651,4082,26296,4,200,7066,0,0,0,0
166,0,1,1,ACCEPT,32.7704,7.4247,7885,1,-3,0.4274,283.41,105.09,28.24,33.37,76.00,205.50,32.00,69.00,0.0000,230.43,1,6,2.0785,MAX_STEP,0,4467,4185,28501,4,200,7885,0,0,0,0
167,0,1,1,ACCEPT,33.5219,7.5385,8134,2,-2,0.4884,285.16,103.00,28.24,33.37,76.00,207.00,32.00,72.00,0.0000,233.59,1,6,2.0118,MAX_STEP,0,4246,3967,30420,4,200,8134,0,0,0,0
168,0,1,1,ACCEPT,33.8844,7.7470,8452,0,-2,0.5761,285.16,100.91,28.24,33.37,75.50,206.00,33.00,70.00,0.0000,234.52,1,6,2.0142,MAX_STEP,0,4239,3933,30153,4,200,8452,0,0,0,0
169,0,1,1,ACCEPT,37.7368,9.0437,8691,1,-2,0.4999,286.03,98.81,28.24,33.37,76.50,207.50,33.00,67.00,0.0000,236.04,1,6,2.0406,MAX_STEP,0,4131,3901,30436,4,200,8691,0,0,0,0
170,0,1,1,ACCEPT,37.0763,9.0021,8480,0,-2,0.4948,286.03,96.72,28.24,33.37,76.00,208.00,32.00,68.00,0.0000,237.69,1,6,2.0436,MAX_STEP,0,4059,3871,30188,4,200,8480,0,0,0,0
171,0,1,1,ACCEPT,37.3777,8.4984,7980,1,-3,0.4248,286.91,93.58,28.24,33.37,75.50,208.50,33.00,67.00,0.0000,240.62,1,5,1.9063,MAX_STEP,0,4053,3871,30426,4,200,7980,0,0,0,0
172,0,1,1,ACCEPT,36.7976,8.1894,8214,0,-2,0.6911,286.91,91.48,28.24,33.37,75.50,208.50,33.00,69.00,0.0000,241.63,1,5,1.8398,MAX_STEP,0,3846,3705,29902,4,200,8214,0,0,0,0
173,0,1,1,ACCEPT,37.1335,7.7996,7823,0,-1,0.9361,286.91,90.44,28.24,33.37,74.00,209.00,36.00,70.00,0.0000,243.69,1,6,2.1226,MAX_STEP,0,3742,3466,29641,4,200,7823,0,0,0,0
174,0,1,1,ACCEPT,39.2766,8.0970,7514,0,-1,0.8336,286.91,89.39,28.24,33.37,73.00,209.50,36.00,67.00,0.0000,245.32,1,6,2.1241,MAX_STEP,0,3557,3483,29654,4,200,7514,0,0,0,0
175,0,1,1,ACCEPT,41.1299,9.0106,7632,0,-2,0.5604,286.91,87.30,28.24,33.37,72.50,208.00,37.00,64.00,0.0000,246.05,1,6,2.0568,MAX_STEP,0,3608,3586,31139,4,200,7632,0,0,0,0
176,0,1,1,ACCEPT,40.4259,8.0923,8238,0,-2,0.6113,286.91,85.20,28.24,33.37,70.50,208.50,33.00,65.00,0.0000,249.07,1,6,1.9923,MAX_STEP,0,3652,3564,30731,4,200,8238,0,0,0,0
177,0,1,1,ACCEPT,42.1652,7.9387,8026,-1,-1,0.7053,286.03,84.16,28.24,33.37,70.00,207.50,36.00,65.00,0.0000,248.76,1,6,1.9047,MAX_STEP,0,3475,3477,30357,4,200,8026,0,0,0,0
178,0,1,1,ACCEPT,35.6067,7.8062,7291,0,-2,0.5601,286.03,82.06,28.24,33.37,68.50,207.50,35.00,63.00,0.0000,251.11,1,6,1.7289,MAX_STEP,0,3475,3556,29473,4,200,7291,0,0,0,0
179,0,1,1,ACCEPT,34.9763,7.4174,6824,0,-2,0.7147,286.03,79.97,28.24,33.37,67.00,207.00,34.00,62.00,0.0000,253.20,1,6,1.7243,MAX_STEP,0,3216,3489,29182,4,200,6824,0,0,0,0
180,0,1,1,ACCEPT,37.0420,8.3664,6827,0,-2,0.6732,286.03,77.88,28.24,33.37,65.00,205.00,32.00,64.00,0.0000,254.98,1,7,1.7348,MAX_STEP,0,3344,3502,29233,4,200,6827,0,0,0,0
181,0,1,1,ACCEPT,36.8333,7.5327,6802,0,-1,0.7836,286.03,76.83,28.24,33.37,63.50,209.00,31.00,68.00,0.0000,258.82,1,7,1.8450,MAX_STEP,0,3145,3322,28825,4,200,6802,0,0,0,0
182,0,1,1,ACCEPT,36.4315,7.9474,6501,0,-2,0.4778,286.03,74.73,28.24,33.37,62.50,210.50,31.00,67.00,0.0000,261.53,1,7,1.8611,MAX_STEP,0,3218,3555,29360,4,200,6501,0,0,0,0
183,0,1,1,ACCEPT,36.5478,7.4863,6820,0,-2,0.4434,286.03,72.64,28.24,33.37,60.00,209.50,34.00,69.00,0.0000,264.24,1,7,1.8708,MAX_STEP,0,3386,3576,29346,4,200,6820,0,0,0,0
184,0,1,1,ACCEPT,37.8303,8.1845,7055,-1,-2,0.5539,285.16,70.55,28.24,33.37,60.00,208.00,34.00,66.00,0.0000,263.80,1,6,1.8351,MAX_STEP,0,3380,3346,28959,4,200,7055,0,0,0,0
185,0,1,1,ACCEPT,39.4865,7.7873,6884,0,-2,0.5527,285.16,68.45,28.24,33.37,57.50,209.50,33.00,69.00,0.0000,267.81,1,6,1.8499,MAX_STEP,0,3333,3392,29232,4,200,6884,0,0,0,0
186,0,1,1,ACCEPT,39.9303,8.6448,6985,0,-1,0.7957,285.16,67.41,28.24,33.37,56.50,209.00,33.00,64.00,0.0000,268.95,1,6,1.6062,MAX_STEP,0,3222,3235,28570,4,200,6985,0,0,0,0
187,0,1,1,ACCEPT,41.0467,8.5898,6554,0,-2,0.4735,285.16,65.31,28.24,33.37,55.50,209.00,33.00,64.00,0.0000,270.90,1,6,1.5827,MAX_STEP,0,3268,3414,29390,4,200,6554,0,0,0,0
188,0,1,1,ACCEPT,40.9350,8.3217,6907,0,-2,0.5179,285.16,63.22,28.24,33.37,54.00,210.50,32.00,65.00,0.0000,274.09,1,6,1.7482,MAX_STEP,0,3743,3409,29644,4,200,6907,0,0,0,0
189,0,1,1,ACCEPT,40.9699,8.1905,7093,-1,-1,0.6915,284.28,62.17,28.24,33.37,53.50,208.00,33.00,64.00,0.0000,272.99,1,7,1.6081,MAX_STEP,0,3443,3194,29420,4,200,7093,0,0,0,0
190,0,1,1,ACCEPT,33.8106,7.3839,6232,0,-2,0.6834,284.28,60.08,28.24,33.37,51.00,209.00,30.00,60.00,0.0000,276.76,1,8,1.5390,MAX_STEP,0,3621,3342,29936,4,200,6232,0,0,0,0
191,0,1,1,ACCEPT,32.5523,6.5261,6128,0,-2,0.7846,284.28,57.98,28.24,33.37,50.00,210.00,30.00,62.00,0.0000,279.28,1,8,1.4110,MAX_STEP,0,3377,3262,29971,4,200,6128,0,0,0,0
192,0,1,1,ACCEPT,29.7312,5.7630,6005,-1,-1,0.7702,283.41,56.94,28.24,33.37,48.00,209.50,32.00,63.00,0.0000,280.52,1,6,1.5461,MAX_STEP,0,3354,3285,29430,4,200,6005,0,0,0,0
193,0,1,1,ACCEPT,29.8594,5.3443,6007,0,-2,0.6800,283.41,54.84,28.24,33.37,45.50,210.50,33.00,61.00,0.0000,284.30,1,7,1.6678,MAX_STEP,0,3137,3518,29682,4,200,6007,0,0,0,0
194,0,1,1,ACCEPT,30.9029,4.8601,6498,-1,-1,0.7555,282.53,53.80,28.24,33.37,46.00,211.00,32.00,60.00,0.0000,284.01,1,7,1.5914,MAX_STEP,0,3368,3382,29285,4,200,6498,0,0,0,0
195,0,1,1,ACCEPT,30.1171,4.9968,6301,-1,-1,0.6940,281.66,52.75,28.24,33.37,45.50,211.50,35.00,59.00,0.0000,284.55,1,7,1.5223,MAX_STEP,0,3474,3192,29926,4,200,6301,0,0,0,0
196,0,1,1,ACCEPT,28.3179,4.8112,6091,-1,-2,0.6460,280.78,50.66,28.24,33.37,43.50,212.00,33.00,60.00,0.0000,286.94,1,7,1.7100,MAX_STEP,0,3897,3139,30651,4,200,6091,0,0,0,0
197,0,1,1,ACCEPT,26.1298,5.0450,6720,-1,-1,0.7618,279.91,49.61,28.24,33.37,42.00,210.50,34.00,63.00,0.0000,287.20,1,8,1.4737,MAX_STEP,0,4842,2881,31006,4,200,6720,0,0,0,0
198,0,1,1,ACCEPT,31.4905,5.3396,7107,0,-2,0.6758,279.91,47.52,28.24,33.37,40.50,211.50,33.00,63.00,0.0000,290.18,1,7,1.6336,MAX_STEP,0,3722,3189,30148,4,200,7107,0,0,0,0
199,0,1,1,ACCEPT,32.0135,6.2754,7405,-1,-1,0.6886,279.03,46.47,28.24,33.37,40.00,212.00,34.00,60.00,0.0000,290.75,1,7,1.6991,MAX_STEP,0,3694,3621,30198,4,200,7405,0,0,0,0
200,0,1,1,ACCEPT,35.3089,7.4788,7060,-1,-1,0.7970,278.16,45.42,28.24,33.37,37.50,213.50,37.00,61.00,0.0000,293.54,1,8,1.3242,MAX_STEP,0,3254,3636,30006,4,200,7060,0,0,0,0
0,0,0,0,ZERO_RESPONSE,0.0000,0.0000,0,0,0,0.0000,228.50,194.50,55.00,97.00,228.50,194.50,55.00,97.00,1.0000,0.00,1,0,0.0000,NOT_RUN,0,0,7583,10774,5,300,0,0,0,0,0
1,0,1,1,ACCEPT,52.1360,10.6461,3279,0,-1,0.9835,228.50,191.47,55.00,97.00,228.00,188.50,56.00,91.00,0.9224,3.01,1,0,3.2941,ACCEPT,0,1332,6734,11393,5,300,3279,0,0,0,0
2,0,1,1,ACCEPT,33.8314,5.5685,2968,0,0,1.0000,228.50,191.47,55.00,97.00,230.50,202.50,55.00,57.00,0.5544,11.21,1,0,3.2197,ACCEPT,0,1381,6516,12564,5,300,2968,0,0,0,0
3,0,1,1,ACCEPT,27.4582,5.9548,3293,0,0,1.0000,228.50,191.47,55.00,97.00,230.50,198.00,55.00,64.00,0.6209,6.83,1,0,2.9597,ACCEPT,0,1836,6140,11999,5,300,3293,0,0,0,0
4,0,1,1,ACCEPT,22.5908,4.7922,3206,0,0,1.0000,228.50,191.47,55.00,97.00,230.00,198.50,54.00,59.00,0.5797,7.19,1,0,2.7332,ACCEPT,0,1981,5879,12042,5,300,3206,0,0,0,0
5,0,1,1,ACCEPT,20.9760,4.1365,3152,0,-1,0.9734,228.50,188.44,55.00,97.00,230.50,196.00,57.00,62.00,0.6064,7.82,1,0,2.8691,ACCEPT,0,2181,5596,12581,5,300,3152,0,0,0,0
6,0,1,1,ACCEPT,17.8784,4.4507,2982,0,0,1.0000,228.50,188.44,55.00,97.00,231.00,195.00,56.00,60.00,0.5766,7.02,1,0,2.7782,ACCEPT,0,2532,5590,12360,5,300,2982,0,0,0,0
7,0,1,1,ACCEPT,16.7814,3.8847,2898,-1,0,0.9896,226.78,188.44,55.00,97.00,230.50,191.00,55.00,66.00,0.6065,4.52,1,0,2.7473,ACCEPT,0,2718,5430,18246,5,300,2898,0,0,0,0
8,0,1,1,ACCEPT,15.7837,3.3448,4074,1,0,0.9595,228.50,188.44,55.00,97.00,230.50,190.00,55.00,66.00,0.6398,2.54,1,0,2.7091,ACCEPT,0,4322,5300,20752,5,300,4074,0,0,0,0
9,0,1,1,ACCEPT,13.7422,2.5431,3980,-1,1,0.9779,226.78,191.47,52.88,93.27,231.50,190.00,55.00,66.00,0.6114,4.94,1,-1,2.5683,ACCEPT,0,4789,5179,20876,5,300,3980,0,0,0,0
10,0,1,1,ACCEPT,14.4441,2.8834,3933,0,0,1.0000,226.78,191.47,52.88,93.27,232.00,188.50,56.00,67.00,0.6123,6.00,1,0,2.6953,ACCEPT,0,4447,5003,22102,5,300,3933,0,0,0,0
11,0,1,1,ACCEPT,13.4726,2.5938,3761,0,0,1.0000,226.78,191.47,52.88,93.27,232.00,188.50,58.00,65.00,0.6003,6.00,1,0,2.5426,ACCEPT,0,4425,4841,21475,5,300,3761,0,0,0,0
12,0,1,1,ACCEPT,12.9346,2.6514,3521,1,0,0.9742,228.44,191.47,52.88,93.27,232.00,188.00,56.00,66.00,0.6372,4.97,1,0,2.4764,ACCEPT,0,4283,4501,20336,5,300,3521,0,0,0,0
13,0,1,1,ACCEPT,14.0553,2.5171,3524,0,1,0.9495,228.44,194.39,52.88,93.27,231.00,189.00,54.00,66.00,0.6535,5.97,1,0,2.3527,ACCEPT,0,3969,4329,19642,5,300,3524,0,0,0,0
14,0,1,1,ACCEPT,13.4869,2.5856,3201,0,0,1.0000,228.44,194.39,52.88,93.27,232.50,172.50,53.00,97.00,0.5514,22.26,1,0,2.2450,ACCEPT,0,3442,3888,20737,5,300,3201,0,0,0,0
15,0,1,1,ACCEPT,12.9494,2.3041,3023,1,1,0.8664,230.09,197.31,52.88,93.27,234.50,172.50,51.00,97.00,0.5114,25.20,1,0,2.1804,ACCEPT,0,3571,3467,20207,5,300,3023,0,0,0,0
16,0,1,1,ACCEPT,13.1027,2.6308,2886,1,0,0.9151,231.75,197.31,52.88,93.27,236.50,170.00,51.00,102.00,0.4869,27.72,1,0,2.2409,ACCEPT,0,3257,3182,19382,5,300,2886,0,0,0,0
17,0,1,1,ACCEPT,12.5838,2.7182,2759,1,0,0.9543,233.41,197.31,52.88,93.27,238.00,170.50,50.00,97.00,0.4863,27.20,1,0,2.2693,ACCEPT,0,3439,2863,19165,5,300,2759,0,0,0,0
18,0,1,1,ACCEPT,11.6417,2.7319,2456,1,0,0.8998,235.06,197.31,52.88,93.27,241.00,167.00,48.00,102.00,0.4385,30.89,1,0,2.4803,ACCEPT,0,3276,2193,23965,5,300,2456,0,0,0,0
19,0,1,1,ACCEPT,11.3936,2.8372,2579,1,1,0.9938,236.72,200.23,50.85,89.68,243.50,166.00,47.00,102.00,0.3842,34.90,1,-1,2.5263,ACCEPT,0,3218,2039,25877,5,300,2579,0,0,0,0
20,0,1,1,ACCEPT,12.0765,2.8847,2902,0,0,1.0000,236.72,200.23,50.85,89.68,246.50,164.50,47.00,101.00,0.3346,37.05,1,0,2.1944,ACCEPT,0,3383,2022,26188,5,300,2902,0,0,0,0
21,0,1,1,ACCEPT,12.1714,2.5272,2972,1,0,0.9775,238.31,200.23,50.85,89.68,248.50,161.50,45.00,109.00,0.3186,40.05,1,0,2.5954,ACCEPT,0,3716,2042,32767,5,300,2972,0,0,0,0
22,0,1,1,ACCEPT,13.4231,2.6819,3398,0,1,0.9005,238.31,203.03,50.85,89.68,251.00,161.50,46.00,109.00,0.2752,43.43,1,0,2.5897,ACCEPT,0,3804,1826,32767,5,300,3398,0,0,0,0
23,0,1,1,ACCEPT,15.1776,2.8926,3853,0,0,1.0000,238.31,203.03,50.85,89.68,254.50,156.50,41.00,109.00,0.2105,49.27,1,0,2.5562,ACCEPT,0,3842,1646,31371,5,300,3853,0,0,0,0
24,0,1,1,ACCEPT,16.1235,2.8871,3863,0,-1,0.9907,238.31,200.23,50.85,89.68,256.50,155.50,43.00,105.00,0.1999,48.29,1,0,2.4586,ACCEPT,0,3711,1703,32698,5,300,3863,0,0,0,0
25,0,1,1,ACCEPT,17.3350,2.8234,3885,0,0,1.0000,238.31,200.23,50.85,89.68,254.50,153.50,39.00,107.00,0.2046,49.46,1,0,2.5679,ACCEPT,0,3424,1603,32767,5,300,3885,0,0,0,0
26,0,1,1,ACCEPT,18.6564,3.7171,4178,0,0,1.0000,238.31,200.23,50.85,89.68,256.00,150.50,40.00,107.00,0.1800,52.79,1,0,2.6692,ACCEPT,0,3601,1769,32318,5,300,4178,0,0,0,0
27,0,1,1,ACCEPT,20.5570,4.1521,4123,0,-1,0.9532,238.31,197.44,50.85,89.68,256.50,149.00,37.00,106.00,0.1763,51.74,1,0,2.6584,ACCEPT,0,3326,1583,32689,5,300,4123,0,0,0,0
28,0,1,1,ACCEPT,20.3939,4.5510,4196,0,-1,0.9895,238.31,194.64,50.85,89.68,256.00,144.50,42.00,103.00,0.1757,53.17,1,0,2.6872,ACCEPT,0,3455,1713,32490,5,300,4196,0,0,0,0
29,0,1,1,ACCEPT,23.0008,5.0554,4110,0,-1,0.8774,238.31,191.84,50.85,89.68,255.50,140.00,37.00,108.00,0.1721,54.62,1,0,2.7980,ACCEPT,0,2992,1380,32767,5,300,4110,0,0,0,0
30,0,1,1,ACCEPT,23.6415,4.8164,4118,0,-2,0.7076,238.31,186.25,50.85,89.68,258.00,138.00,36.00,100.00,0.1568,52.11,1,0,2.7331,ACCEPT,0,2784,1519,32767,5,300,4118,0,0,0,0
31,0,1,1,ACCEPT,23.9255,4.4591,4138,0,-1,0.8828,238.31,183.45,50.85,89.68,259.50,129.00,39.00,96.00,0.1233,58.43,1,0,2.8230,ACCEPT,0,2909,1517,32767,5,300,4138,0,0,0,0
32,0,1,1,ACCEPT,25.7031,5.4536,4172,0,-1,0.8816,238.31,180.66,50.85,89.68,259.50,129.00,39.00,98.00,0.1357,55.83,1,0,2.8464,ACCEPT,0,2866,1537,32767,5,300,4172,0,0,0,0
33,0,1,1,ACCEPT,26.0804,4.5772,3854,0,-2,0.7727,238.31,175.06,50.85,89.68,257.50,121.00,39.00,98.00,0.1391,57.37,1,0,2.6344,ACCEPT,0,2506,1430,32767,5,300,3854,0,0,0,0
34,0,1,1,ACCEPT,26.2245,4.5409,3719,0,-1,0.8403,238.31,172.27,50.85,89.68,255.00,117.00,46.00,98.00,0.1561,57.73,1,0,2.8172,ACCEPT,0,2462,1401,32767,5,300,3719,0,0,0,0
35,0,1,1,ACCEPT,27.8375,5.1642,3553,0,-2,0.7408,238.31,166.67,50.85,89.68,257.00,108.00,48.00,102.00,0.1374,61.58,1,0,2.6858,ACCEPT,0,2298,1325,32767,5,300,3553,0,0,0,0
36,0,1,1,ACCEPT,28.5885,5.2239,3756,-1,-1,0.7910,236.72,163.88,50.85,89.68,256.50,108.00,47.00,104.00,0.1446,59.27,1,0,2.7143,ACCEPT,0,2459,1418,32767,5,300,3756,0,0,0,0
37,0,1,1,ACCEPT,28.2554,5.2424,3785,-2,-1,0.6750,233.53,161.08,50.85,89.68,254.50,106.00,41.00,100.00,0.1294,58.93,1,0,2.6928,ACCEPT,0,2463,1372,32767,5,300,3785,0,0,0,0
38,0,1,1,ACCEPT,22.3536,3.5219,3131,-1,0,0.8333,231.94,161.08,50.85,89.68,254.50,87.00,43.00,78.00,0.0310,77.44,1,0,2.7349,ACCEPT,0,2228,1267,32767,5,300,3131,0,0,0,0
39,0,1,1,ACCEPT,23.6086,3.9273,3240,-1,-1,0.7358,230.34,158.28,50.85,89.68,249.50,84.50,47.00,81.00,0.0429,76.23,1,0,2.7285,ACCEPT,0,2180,1391,32767,5,300,3240,0,0,0,0
40,0,1,1,ACCEPT,21.8639,4.0396,3163,-1,-1,0.8666,228.75,155.48,50.85,89.68,253.50,84.50,53.00,87.00,0.0542,75.18,1,0,2.6321,ACCEPT,0,2190,1523,32767,5,300,3163,0,0,0,0
41,0,1,1,ACCEPT,20.3358,3.7807,3051,-1,0,0.9980,227.16,155.48,50.85,89.68,252.50,84.00,53.00,88.00,0.0526,75.84,1,0,2.6674,ACCEPT,0,2331,1669,32767,5,300,3051,0,0,0,0
42,0,1,1,ACCEPT,18.9134,3.9499,3152,0,1,0.9124,227.16,158.28,50.85,89.68,250.00,87.00,56.00,92.00,0.0656,74.85,1,0,2.7866,ACCEPT,0,2507,1618,32767,5,300,3152,0,0,0,0
43,0,1,1,ACCEPT,18.6411,3.7985,3468,-1,1,0.9242,225.56,161.08,50.85,89.68,252.00,90.00,54.00,90.00,0.0546,75.84,1,0,2.7722,ACCEPT,0,2739,1690,32766,5,300,3468,0,0,0,0
44,0,1,1,ACCEPT,17.3636,3.3089,3696,0,0,1.0000,225.56,161.08,50.85,89.68,249.00,89.50,52.00,91.00,0.0599,75.32,1,0,2.8760,ACCEPT,0,2955,1700,32767,5,300,3696,0,0,0,0
45,0,1,1,ACCEPT,17.0634,3.2109,4004,-1,1,0.8004,223.97,163.88,50.85,89.68,252.50,92.00,53.00,90.00,0.0472,77.33,1,0,2.8776,ACCEPT,0,3076,1869,32767,5,300,4004,0,0,0,0
46,0,1,1,ACCEPT,16.2908,3.2555,4027,0,1,0.9779,223.97,166.67,50.85,89.68,246.50,95.00,59.00,94.00,0.0691,75.13,1,0,2.8763,ACCEPT,0,3095,1897,32767,5,300,4027,0,0,0,0
47,0,1,1,ACCEPT,16.1177,3.1637,3942,0,0,1.0000,223.97,166.67,50.85,89.68,247.50,97.00,59.00,96.00,0.0766,73.54,1,0,3.0084,ACCEPT,0,3205,1929,32766,5,300,3942,0,0,0,0
48,0,1,1,ACCEPT,15.6699,2.9013,4233,0,2,0.7465,223.97,172.27,50.85,89.68,248.50,102.00,61.00,98.00,0.0755,74.42,1,0,2.9524,ACCEPT,0,3485,2157,32001,5,300,4233,0,0,0,0
49,0,1,1,ACCEPT,17.2205,3.2339,4909,0,1,0.8884,223.97,175.06,50.85,89.68,244.50,107.00,51.00,96.00,0.0865,71.09,1,0,3.0154,ACCEPT,0,3774,2232,29896,5,300,4909,0,0,0,0
50,0,1,1,ACCEPT,13.6236,2.7356,3994,-1,1,0.8400,222.38,177.86,50.85,89.68,245.50,111.00,57.00,92.00,0.0815,70.75,1,0,2.8619,ACCEPT,0,3710,2527,25573,5,300,3994,0,0,0,0
51,0,1,1,ACCEPT,13.0981,2.7893,3707,0,1,0.8843,222.38,180.66,50.85,89.68,244.50,114.00,55.00,92.00,0.0839,70.23,1,0,2.9305,ACCEPT,0,3663,2445,25252,5,300,3707,0,0,0,0
52,0,1,1,ACCEPT,13.8741,3.0233,3894,0,1,0.9440,222.38,183.45,50.85,89.68,245.50,117.00,55.00,96.00,0.0869,70.36,1,0,2.7770,ACCEPT,0,3758,2347,25985,5,300,3894,0,0,0,0
53,0,1,1,ACCEPT,12.4986,2.5731,3592,1,0,0.9530,223.97,183.45,50.85,89.68,247.00,116.50,60.00,97.00,0.0897,70.80,1,0,2.8324,ACCEPT,0,4004,2267,25765,5,300,3592,0,0,0,0
54,0,1,1,ACCEPT,13.0594,2.9919,3704,0,1,0.9768,223.97,186.25,50.85,89.68,251.50,117.00,63.00,98.00,0.0722,74.52,1,0,2.5797,ACCEPT,0,4272,2346,24293,5,300,3704,0,0,0,0
55,0,1,1,ACCEPT,13.4211,2.8983,3991,1,0,0.9434,225.56,186.25,48.89,86.23,249.50,118.00,63.00,98.00,0.0794,72.33,1,-1,2.6486,ACCEPT,0,4413,2202,25970,5,300,3991,0,0,0,0
56,0,1,1,ACCEPT,12.9446,2.8870,4241,1,1,0.9910,227.09,188.94,48.89,86.23,253.00,118.50,64.00,97.00,0.0662,75.05,1,0,2.6119,ACCEPT,0,5003,2308,24033,5,300,4241,0,0,0,0
57,0,1,1,ACCEPT,14.3202,3.2844,4700,1,0,0.9940,228.62,188.94,48.89,86.23,255.00,119.00,68.00,104.00,0.0771,74.75,1,0,2.7686,ACCEPT,0,5348,2305,21274,5,300,4700,0,0,0,0
58,0,1,1,ACCEPT,16.2228,3.9675,5011,-1,1,0.9124,227.09,191.62,48.89,86.23,254.50,121.00,63.00,102.00,0.0672,75.76,1,0,2.8525,ACCEPT,0,5359,2601,17562,5,300,5011,0,0,0,0
59,0,1,1,ACCEPT,16.3086,3.5788,4835,0,0,1.0000,227.09,191.62,48.89,86.23,256.00,118.50,68.00,105.00,0.0621,78.63,1,0,2.7770,ACCEPT,0,5000,2402,16749,5,300,4835,0,0,0,0
60,0,1,1,ACCEPT,16.2339,3.9983,4750,0,1,0.9941,227.09,194.31,48.89,86.23,254.00,120.50,64.00,101.00,0.0580,78.56,1,0,2.7428,ACCEPT,0,5142,2482,15592,5,300,4750,0,0,0,0
61,0,1,1,ACCEPT,17.6385,3.7352,4852,0,0,1.0000,227.09,194.31,48.89,86.23,256.00,121.50,66.00,103.00,0.0599,78.34,1,0,2.8368,ACCEPT,0,4912,2376,16820,5,300,4852,0,0,0,0
62,0,1,1,ACCEPT,15.3365,3.7979,4998,0,1,0.9514,227.09,197.00,48.89,86.23,254.50,124.50,63.00,99.00,0.0581,77.51,1,0,2.7146,ACCEPT,0,5761,2932,14560,5,300,4998,0,0,0,0
63,0,1,1,ACCEPT,16.8560,3.7859,4899,1,0,0.9088,228.62,197.00,47.01,82.92,256.00,126.50,64.00,97.00,0.0573,75.63,1,-1,2.6940,ACCEPT,0,5057,2653,16295,5,300,4899,0,0,0,0
64,0,1,1,ACCEPT,16.8558,3.9341,4953,0,1,0.9526,228.62,199.59,47.01,82.92,256.50,126.50,61.00,101.00,0.0515,78.23,1,0,2.7511,ACCEPT,0,5455,2868,12717,5,300,4953,0,0,0,0
65,0,1,1,ACCEPT,18.1584,4.0500,4208,1,0,0.9736,230.09,199.59,47.01,82.92,256.00,121.00,60.00,114.00,0.0538,82.75,1,0,2.5861,ACCEPT,0,4230,2703,15443,5,300,4208,0,0,0,0
66,0,1,1,ACCEPT,19.0693,4.1791,4969,0,1,0.7988,230.09,202.19,45.21,79.73,256.50,124.00,63.00,116.00,0.0526,82.53,1,-1,2.6021,ACCEPT,0,5013,3204,14301,5,300,4969,0,0,0,0
67,0,1,1,ACCEPT,18.8239,3.9830,4919,0,2,0.7304,230.09,207.16,45.21,79.73,257.00,126.00,62.00,110.00,0.0364,85.50,1,0,2.7003,ACCEPT,0,4841,3390,14742,5,300,4919,0,0,0,0
68,0,1,1,ACCEPT,19.4660,4.1997,5258,-1,1,0.8716,228.69,209.64,45.21,79.73,255.50,131.00,61.00,114.00,0.0475,83.09,1,0,2.7884,ACCEPT,0,4738,3041,16413,5,300,5258,0,0,0,0
69,0,1,1,ACCEPT,19.7765,4.4261,4643,-1,1,0.8124,227.28,212.12,45.21,79.73,252.50,140.00,61.00,106.00,0.0609,76.41,1,0,2.5873,ACCEPT,0,4401,3135,16177,5,300,4643,0,0,0,0
70,0,1,1,ACCEPT,18.9821,4.3310,4868,-1,2,0.6871,225.88,217.09,45.21,79.73,249.00,143.00,58.00,102.00,0.0528,77.62,1,0,2.7548,ACCEPT,0,4928,3486,13054,5,300,4868,0,0,0,0
71,0,1,1,ACCEPT,21.7030,4.8816,4989,-2,1,0.7033,223.06,219.58,45.21,79.73,247.50,144.50,57.00,101.00,0.0455,78.96,1,0,2.7014,ACCEPT,0,4133,3285,14194,5,300,4989,0,0,0,0
72,0,1,1,ACCEPT,20.2120,4.6974,4843,-1,1,0.9236,221.66,222.06,45.21,79.73,245.00,146.00,56.00,102.00,0.0453,79.56,1,0,2.6781,ACCEPT,0,4407,3092,14572,5,300,4843,0,0,0,0
73,0,1,1,ACCEPT,21.5111,4.8907,5370,-1,0,0.8715,220.25,222.06,43.47,76.66,243.50,151.00,57.00,100.00,0.0544,74.77,1,-1,2.3982,ACCEPT,0,4551,2940,15309,5,300,5370,0,0,0,0
74,0,1,1,ACCEPT,20.0607,4.0313,4894,-1,1,0.8116,218.89,224.45,43.47,76.66,242.50,151.50,57.00,95.00,0.0408,76.68,1,0,2.8890,ACCEPT,0,4524,2980,10702,5,300,4894,0,0,0,0
75,0,1,1,ACCEPT,22.1856,4.8501,4627,-1,0,0.8437,217.53,224.45,43.47,76.66,240.00,152.00,56.00,98.00,0.0482,75.86,1,0,2.8873,ACCEPT,0,3763,2742,13049,5,300,4627,0,0,0,0
76,0,1,1,ACCEPT,22.1817,4.6974,5139,-1,0,0.8992,216.17,224.45,43.47,76.66,239.50,152.00,55.00,96.00,0.0436,76.12,1,0,2.6775,ACCEPT,0,4117,2741,13755,5,300,5139,0,0,0,0
77,0,1,1,ACCEPT,21.7218,4.3943,4781,0,1,0.9678,216.17,226.84,43.47,76.66,236.50,153.50,59.00,95.00,0.0451,76.11,1,0,2.8383,ACCEPT,0,3977,2690,14086,5,300,4781,0,0,0,0
78,0,1,1,ACCEPT,23.8488,5.4656,4919,-1,0,0.9354,214.81,226.84,43.47,76.66,236.50,153.50,57.00,91.00,0.0364,76.48,1,0,2.9696,ACCEPT,0,3833,2503,15285,5,300,4919,0,0,0,0
79,0,1,1,ACCEPT,24.1654,5.1970,4854,0,0,1.0000,214.81,226.84,41.80,73.71,237.50,152.50,55.00,91.00,0.0261,77.73,1,-1,2.7834,ACCEPT,0,3772,2389,15464,5,300,4854,0,0,0,0
80,0,1,1,ACCEPT,23.9335,4.4092,4903,0,1,0.8913,214.81,229.14,41.80,73.71,237.00,155.00,54.00,92.00,0.0286,77.39,1,0,2.9860,ACCEPT,0,3776,2669,14946,5,300,4903,0,0,0,0
81,0,1,1,ACCEPT,24.4691,4.4604,5183,0,1,0.8777,214.81,231.44,41.80,73.71,236.50,156.50,53.00,93.00,0.0278,78.01,1,0,2.9844,ACCEPT,0,3798,2675,15676,5,300,5183,0,0,0,0
82,0,1,1,ACCEPT,24.5761,4.6281,5475,-1,1,0.7584,213.50,233.73,41.80,73.71,234.50,158.50,55.00,93.00,0.0279,78.11,1,0,2.9278,ACCEPT,0,3945,2763,15923,5,300,5475,0,0,0,0
83,0,1,1,ACCEPT,25.9273,4.9910,5555,-1,1,0.7986,212.19,236.03,41.80,73.71,233.00,160.50,54.00,95.00,0.0300,78.35,1,0,2.7937,ACCEPT,0,3862,2756,14801,5,300,5555,0,0,0,0
84,0,1,1,ACCEPT,26.1484,4.7597,4912,0,1,0.8046,212.19,238.33,41.80,73.71,232.00,161.50,54.00,95.00,0.0264,79.34,1,0,2.8768,ACCEPT,0,3441,2718,16584,5,300,4912,0,0,0,0
85,0,1,1,ACCEPT,26.8666,5.0256,5493,-1,1,0.6787,210.88,240.62,41.80,73.71,231.50,163.00,53.00,100.00,0.0304,80.32,1,0,2.8822,ACCEPT,0,3712,2632,18728,5,300,5493,0,0,0,0
86,0,1,1,ACCEPT,23.1567,4.5775,4756,-1,1,0.7294,209.56,242.92,41.80,73.71,226.50,166.50,51.00,97.00,0.0339,78.28,1,0,2.9674,ACCEPT,0,3789,2625,18826,5,300,4756,0,0,0,0
87,0,1,1,ACCEPT,24.4692,5.4797,5003,-2,1,0.6792,206.94,245.22,41.80,73.71,226.50,166.50,51.00,97.00,0.0227,81.11,1,0,3.0362,ACCEPT,0,3873,2587,18296,5,300,5003,0,0,0,0
88,0,1,1,ACCEPT,21.9884,4.9269,4720,0,1,0.8542,206.94,247.52,41.80,73.71,224.50,169.00,49.00,96.00,0.0232,80.46,1,0,3.2277,ACCEPT,0,3734,2478,18929,5,300,4720,0,0,0,0
89,0,1,1,ACCEPT,21.7862,5.1502,4321,-1,1,0.7713,205.62,249.81,41.80,73.71,224.00,176.00,52.00,90.00,0.0305,76.07,1,0,3.2305,ACCEPT,0,3485,2520,19517,5,300,4321,0,0,0,0
90,0,1,1,ACCEPT,20.9500,5.1036,4384,-2,1,0.6911,203.00,252.11,40.19,70.88,221.00,175.50,50.00,95.00,0.0231,78.70,1,-1,2.8424,ACCEPT,0,3657,2631,18404,5,300,4384,0,0,0,0
91,0,1,1,ACCEPT,17.5548,4.1074,3709,-1,2,0.6808,201.75,256.55,41.80,73.71,220.50,178.00,53.00,86.00,0.0049,80.75,1,1,2.7859,ACCEPT,0,3624,2525,17684,5,300,3709,0,0,0,0
92,0,1,1,ACCEPT,19.9778,4.4422,3687,-2,1,0.7418,199.12,258.84,41.80,73.71,217.50,181.00,51.00,84.00,0.0039,79.98,1,0,3.1005,ACCEPT,0,3176,2370,18587,5,300,3687,0,0,0,0
93,0,1,1,ACCEPT,18.1919,3.9382,3635,0,1,0.8176,199.12,261.14,41.80,73.71,215.50,184.50,53.00,85.00,0.0112,78.37,1,0,3.0583,ACCEPT,0,3266,2288,18705,5,300,3635,0,0,0,0
94,0,1,1,ACCEPT,18.4870,3.8140,3692,-2,2,0.5198,196.50,265.73,41.80,73.71,215.00,190.50,54.00,81.00,0.0084,77.48,1,0,2.8379,ACCEPT,0,3290,2568,17414,5,300,3692,0,0,0,0
95,0,1,1,ACCEPT,19.0944,4.1217,3726,-1,1,0.6868,195.19,268.03,41.80,73.71,213.00,190.00,52.00,80.00,0.0000,80.04,1,0,3.0457,ACCEPT,0,3208,2245,20725,5,300,3726,0,0,0,0
96,0,1,1,ACCEPT,18.8935,3.7689,3848,-1,2,0.6824,193.88,272.62,40.19,70.88,210.00,196.50,52.00,77.00,0.0000,77.81,1,-1,2.1916,ACCEPT,0,3331,2334,20654,5,300,3848,0,0,0,0
97,0,1,1,ACCEPT,19.6129,3.7961,3667,-1,1,0.7458,192.62,274.84,40.19,70.88,211.00,198.00,54.00,76.00,0.0000,79.01,1,0,2.7015,ACCEPT,0,3166,2113,23184,5,300,3667,0,0,0,0
98,0,1,1,ACCEPT,17.5317,3.2880,3265,-1,1,0.7265,191.38,277.06,40.19,70.88,209.50,202.50,55.00,75.00,0.0000,76.73,1,0,2.7071,ACCEPT,0,2983,2051,24555,5,300,3265,0,0,0,0
99,0,1,1,ACCEPT,17.3914,3.3557,3245,0,2,0.7612,191.38,281.50,38.64,68.15,208.50,204.50,55.00,71.00,0.0000,78.88,1,-1,2.3878,ACCEPT,0,2933,1917,27753,5,300,3245,0,0,0,0
100,0,1,1,ACCEPT,16.8926,3.5501,3330,0,1,0.9619,191.38,283.62,37.16,65.53,208.50,208.50,55.00,65.00,0.0000,77.05,1,-1,2.4510,ACCEPT,0,3179,1686,27840,5,300,3330,0,0,0,0
101,0,1,1,ACCEPT,15.5387,3.4469,2854,0,1,0.9446,191.38,285.67,37.16,65.53,208.50,208.50,53.00,67.00,0.0000,79.05,1,0,2.6873,ACCEPT,0,2967,1575,28982,5,300,2854,0,0,0,0
102,0,1,1,ACCEPT,16.9808,3.9769,3094,0,1,0.9059,191.38,287.72,37.16,65.53,208.00,210.00,56.00,70.00,0.0000,79.48,1,0,2.7000,ACCEPT,0,3016,1544,32270,5,300,3094,0,0,0,0
103,0,1,1,ACCEPT,18.9114,4.2124,3273,0,1,0.8866,191.38,289.77,37.16,65.53,208.00,209.50,54.00,73.00,0.0000,81.97,1,0,2.7684,ACCEPT,0,3011,1456,32768,5,300,3273,0,0,0,0
104,0,1,1,ACCEPT,19.0886,4.1966,3202,0,1,0.8588,191.38,291.81,37.16,65.53,206.50,213.00,53.00,72.00,0.0000,80.25,1,0,2.7662,ACCEPT,0,2992,1469,32767,5,300,3202,0,0,0,0
105,0,1,1,ACCEPT,20.3679,4.8058,3292,0,1,0.9156,191.38,293.86,37.16,65.53,207.00,217.00,52.00,60.00,0.0000,78.43,1,0,2.7853,ACCEPT,0,3043,1395,32767,5,300,3292,0,0,0,0
106,0,1,1,ACCEPT,22.3125,5.2533,3194,-1,0,0.9987,190.22,293.86,37.16,65.53,207.00,218.50,52.00,59.00,0.0000,77.21,1,0,2.7069,ACCEPT,0,2869,1355,32767,5,300,3194,0,0,0,0
107,0,1,1,ACCEPT,25.7050,5.7898,3636,0,1,0.9164,190.22,295.91,37.16,65.53,206.00,221.00,52.00,56.00,0.0000,76.55,1,0,3.0012,ACCEPT,0,2860,1427,32767,5,300,3636,0,0,0,0
108,0,1,1,ACCEPT,27.0941,5.7335,3744,-1,0,0.8854,189.06,295.91,37.16,65.53,205.50,222.50,53.00,55.00,0.0000,75.22,1,0,2.9766,ACCEPT,0,2929,1427,32767,5,300,3744,0,0,0,0
109,0,1,1,ACCEPT,27.4967,5.8722,3952,-1,0,0.8651,187.91,295.91,37.16,65.53,204.50,222.50,51.00,53.00,0.0000,75.26,1,0,2.7611,ACCEPT,0,2876,1533,32767,5,300,3952,0,0,0,0
110,0,1,1,ACCEPT,22.6789,4.8550,3515,-2,1,0.7394,185.59,297.95,37.16,65.53,200.50,223.50,57.00,49.00,0.0000,75.93,1,0,2.8045,ACCEPT,0,3025,1502,32767,5,300,3515,0,0,0,0
111,0,1,1,ACCEPT,24.5585,5.1087,3949,-2,0,0.7559,183.28,297.95,37.16,65.53,198.00,224.00,56.00,46.00,0.0000,75.40,1,0,2.8316,ACCEPT,0,3207,1442,31214,5,300,3949,0,0,0,0
112,0,1,1,ACCEPT,25.8873,6.0627,4062,-1,0,0.8575,182.12,297.95,37.16,65.53,195.50,223.50,57.00,43.00,0.0000,75.64,1,0,2.9290,ACCEPT,0,2963,1434,30801,5,300,4062,0,0,0,0
113,0,1,1,ACCEPT,26.1970,6.2323,3970,-2,1,0.5703,179.81,300.00,37.16,65.53,194.00,224.00,56.00,40.00,0.0000,77.31,1,0,2.8651,ACCEPT,0,2631,1523,31392,5,300,3970,0,0,0,0
114,0,1,1,ACCEPT,28.5042,6.4726,4369,-2,0,0.5908,177.50,300.00,37.16,65.53,189.50,225.00,55.00,36.00,0.0000,75.95,1,0,2.8992,ACCEPT,0,2750,1473,30353,5,300,4369,0,0,0,0
115,0,1,1,ACCEPT,29.8741,6.5962,4149,-2,1,0.5064,175.19,302.05,37.16,65.53,188.00,225.50,52.00,35.00,0.0000,77.61,1,0,2.8163,ACCEPT,0,2397,1534,32534,5,300,4149,0,0,0,0
116,0,1,1,ACCEPT,31.4476,5.8883,4428,-2,0,0.7166,172.88,302.05,37.16,65.53,185.50,226.00,53.00,34.00,0.0000,77.09,1,0,2.9009,ACCEPT,0,2570,1445,31646,5,300,4428,0,0,0,0
117,0,1,1,ACCEPT,30.1351,6.1456,4093,-2,1,0.7095,170.56,304.09,37.16,65.53,184.50,226.00,53.00,34.00,0.0000,79.33,1,0,2.7761,ACCEPT,0,2382,1497,31824,5,300,4093,0,0,0,0
118,0,1,1,ACCEPT,31.9100,5.7088,4430,-2,0,0.7630,168.25,304.09,35.73,63.01,179.50,226.50,57.00,35.00,0.0000,78.41,1,-1,2.7016,ACCEPT,0,2469,1452,32767,5,300,4430,0,0,0,0
119,0,1,1,ACCEPT,32.5004,7.3103,4240,-1,1,0.8566,167.14,306.06,35.73,63.01,176.50,230.00,57.00,30.00,0.0000,76.64,1,0,2.8447,ACCEPT,0,2307,1555,30685,5,300,4240,0,0,0,0
120,0,1,1,ACCEPT,33.7223,7.2615,4248,-1,0,0.8858,166.03,306.06,34.35,60.59,174.50,229.50,57.00,31.00,0.0000,77.03,1,-1,2.8614,ACCEPT,0,2232,1518,32513,5,300,4248,0,0,0,0
121,0,1,1,ACCEPT,32.7818,6.4575,4404,-1,0,0.9169,164.95,306.06,34.35,60.59,173.00,230.00,56.00,32.00,0.0000,76.49,1,0,2.6231,ACCEPT,0,2387,1525,31434,5,300,4404,0,0,0,0
122,0,1,1,ACCEPT,27.5569,6.4274,3760,0,1,0.9005,164.95,307.95,34.35,60.59,171.00,231.00,54.00,30.00,0.0000,77.19,1,0,3.0067,ACCEPT,0,2522,1416,32767,5,300,3760,0,0,0,0
123,0,1,1,ACCEPT,27.7184,5.9858,3382,-1,0,0.9562,163.88,307.95,34.35,60.59,170.50,232.00,57.00,28.00,0.0000,76.24,1,0,2.6797,ACCEPT,0,2473,1336,32767,5,300,3382,0,0,0,0
124,0,1,1,ACCEPT,26.3767,5.8893,3510,0,1,0.9519,163.88,309.84,34.35,60.59,169.50,234.00,55.00,26.00,0.0000,76.05,1,0,2.9709,ACCEPT,0,2568,1355,31706,5,300,3510,0,0,0,0
125,0,1,1,ACCEPT,27.5741,5.8309,3551,-1,0,0.9645,162.80,309.84,34.35,60.59,166.00,235.00,56.00,22.00,0.0000,74.91,1,0,2.6643,ACCEPT,0,2405,1352,32767,5,300,3551,0,0,0,0
126,0,1,1,ACCEPT,27.5245,5.8000,3770,0,1,0.8610,162.80,311.73,34.35,60.59,163.50,236.50,57.00,21.00,0.0000,75.24,1,0,2.9159,ACCEPT,0,2344,1426,31031,5,300,3770,0,0,0,0
127,0,1,1,ACCEPT,28.6308,6.0399,3781,-1,1,0.8490,161.72,313.62,34.35,60.59,162.50,240.00,61.00,20.00,0.0000,73.63,1,0,2.9463,ACCEPT,0,2371,1443,29768,5,300,3781,0,0,0,0
128,0,1,1,ACCEPT,30.1300,6.7900,3653,0,1,0.9269,161.72,315.52,34.35,60.59,161.00,239.50,64.00,17.00,0.0000,76.02,1,0,2.9866,ACCEPT,0,2498,1405,26615,5,300,3653,0,0,0,0
129,0,1,1,ACCEPT,30.7316,7.5491,3533,-1,1,0.8763,160.64,317.41,34.35,60.59,152.00,240.50,78.00,23.00,0.0000,77.39,1,0,2.8911,ACCEPT,0,2298,1453,25476,5,300,3533,0,0,0,0
130,0,1,1,ACCEPT,31.4008,6.8748,3513,0,1,0.8602,160.64,319.30,34.35,60.59,150.50,244.00,81.00,18.00,0.0000,75.98,1,0,2.9358,ACCEPT,0,2152,1562,21864,5,300,3513,0,0,0,0
131,0,1,1,ACCEPT,31.5229,7.4308,3381,-1,1,0.8598,159.56,321.19,34.35,60.59,147.50,245.00,77.00,18.00,0.0000,77.14,1,0,2.8600,ACCEPT,0,2054,1517,22982,5,300,3381,0,0,0,0
132,0,1,1,ACCEPT,33.0486,7.4257,3750,0,1,0.9339,159.56,323.08,34.35,60.59,147.00,248.00,76.00,18.00,0.0000,76.12,1,0,2.8284,ACCEPT,0,2172,1479,24582,5,300,3750,0,0,0,0
133,0,1,1,ACCEPT,32.8883,7.3293,3650,-1,0,0.9808,158.48,323.08,33.03,58.26,144.00,249.50,72.00,19.00,0.0000,74.99,1,-1,2.6750,ACCEPT,0,2159,1456,24237,5,300,3650,0,0,0,0
134,0,1,1,ACCEPT,25.6595,6.4418,3266,1,1,0.7428,159.52,324.91,33.03,58.26,145.00,251.00,66.00,16.00,0.0000,75.32,1,0,3.0152,ACCEPT,0,2133,1473,21484,5,300,3266,0,0,0,0
135,0,1,1,ACCEPT,26.4298,6.3915,3004,-2,1,0.6768,157.45,326.73,33.03,58.26,139.50,250.00,65.00,12.00,0.0000,78.81,1,0,2.7847,ACCEPT,0,1620,1527,25256,5,300,3004,0,0,0,0
136,0,1,1,ACCEPT,27.0710,5.8062,3385,1,1,0.8996,158.48,328.56,33.03,58.26,139.50,251.50,63.00,13.00,0.0000,79.37,1,0,2.9786,ACCEPT,0,2134,1311,25679,5,300,3385,0,0,0,0
137,0,1,1,ACCEPT,27.3442,5.3397,3647,-1,1,0.8794,157.45,330.39,33.03,58.26,133.00,251.50,58.00,17.00,0.0000,82.59,1,0,2.9828,ACCEPT,0,2164,1490,21636,5,300,3647,0,0,0,0
138,0,1,1,ACCEPT,26.6580,5.5037,3748,-1,1,0.8711,156.42,332.22,33.03,58.26,131.50,252.00,59.00,16.00,0.0000,84.00,1,0,2.8912,ACCEPT,0,2220,1485,20280,5,300,3748,0,0,0,0
139,0,1,1,ACCEPT,27.3839,5.3000,3710,0,0,1.0000,156.42,332.22,33.03,58.26,124.00,251.50,76.00,19.00,0.0000,86.99,1,0,3.0534,ACCEPT,0,2219,1425,21097,5,300,3710,0,0,0,0
140,0,1,1,ACCEPT,29.7686,5.7790,3635,0,1,0.9023,156.42,334.05,33.03,58.26,121.00,253.00,70.00,18.00,0.0000,88.45,1,0,3.0198,ACCEPT,0,2214,1396,23794,5,300,3635,0,0,0,0
141,0,1,1,ACCEPT,30.1822,6.4950,3871,0,0,1.0000,156.42,334.05,33.03,58.26,116.50,253.00,61.00,18.00,0.0000,90.35,1,0,3.0973,ACCEPT,0,2229,1374,24694,5,300,3871,0,0,0,0
142,0,1,1,ACCEPT,31.3729,7.7122,3671,0,1,0.9657,156.42,335.88,33.03,58.26,112.00,253.00,76.00,18.00,0.0000,94.03,1,0,3.0433,ACCEPT,0,2145,1370,26883,5,300,3671,0,0,0,0
143,0,1,1,ACCEPT,31.4758,7.7328,3820,1,0,0.8733,157.45,335.88,33.03,58.26,112.50,251.50,71.00,17.00,0.0000,95.60,1,0,3.1102,ACCEPT,0,2341,1275,28524,5,300,3820,0,0,0,0
144,0,1,1,ACCEPT,33.5604,7.6699,3904,1,0,0.9639,158.48,335.88,33.03,58.26,97.00,252.00,92.00,14.00,0.0000,104.00,1,0,3.1024,ACCEPT,0,2125,1322,28213,5,300,3904,0,0,0,0
145,0,1,1,ACCEPT,32.7400,7.3849,3818,1,0,0.9466,159.52,335.88,33.03,58.26,98.50,252.00,87.00,12.00,0.0000,103.72,1,0,3.1151,ACCEPT,0,2051,1392,30590,5,300,3818,0,0,0,0
146,0,1,1,ACCEPT,27.3553,6.4825,3520,0,0,1.0000,159.52,335.88,33.03,58.26,84.00,252.50,100.00,13.00,0.0000,112.49,1,0,3.0421,ACCEPT,0,2089,1415,24652,5,300,3520,0,0,0,0
147,0,1,1,ACCEPT,27.8495,6.3962,3019,1,0,0.8490,160.55,335.88,33.03,58.26,85.00,253.00,102.00,16.00,0.0000,112.14,1,0,2.9491,ACCEPT,0,1800,1425,21595,5,300,3019,0,0,0,0
148,0,1,1,ACCEPT,27.3376,6.1486,2773,1,0,0.8244,161.58,335.88,33.03,58.26,74.50,253.50,107.00,13.00,0.0000,119.87,1,0,2.8758,ACCEPT,0,1496,1385,21274,5,300,2773,0,0,0,0
149,0,1,1,ACCEPT,24.0565,5.9488,2558,1,0,0.8264,162.61,335.88,33.03,58.26,73.00,252.50,100.00,13.00,0.0000,122.40,1,0,2.8731,ACCEPT,0,1648,1342,21842,5,300,2558,0,0,0,0
150,0,1,1,ACCEPT,26.1140,6.0109,2765,2,-1,0.7118,164.67,334.05,33.03,58.26,75.00,253.50,100.00,13.00,0.0000,120.54,1,0,2.5568,ACCEPT,0,1581,1312,20048,5,300,2765,0,0,0,0
151,0,1,1,ACCEPT,25.6858,5.2998,2634,2,0,0.7946,166.73,334.05,33.03,58.26,70.00,254.00,96.00,14.00,0.0000,125.56,1,0,2.6689,ACCEPT,0,1570,1460,19649,5,300,2634,0,0,0,0
152,0,1,1,ACCEPT,27.8955,6.4256,3110,1,0,0.9785,167.77,334.05,33.03,58.26,65.00,253.00,96.00,14.00,0.0000,130.88,1,0,2.9196,ACCEPT,0,1697,1435,19539,5,300,3110,0,0,0,0
153,0,1,1,ACCEPT,28.2093,5.8386,3147,0,-1,0.9701,167.77,332.22,34.35,60.59,63.00,253.50,90.00,15.00,0.0000,131.04,1,1,2.6165,ACCEPT,0,1683,1370,19349,5,300,3147,0,0,0,0
154,0,1,1,ACCEPT,28.8126,6.0037,3284,0,0,1.0000,167.77,332.22,34.35,60.59,55.50,252.50,93.00,13.00,0.0000,137.69,1,0,2.6313,ACCEPT,0,1825,1364,19492,5,300,3284,0,0,0,0
155,0,1,1,ACCEPT,27.7851,5.9599,3564,1,-1,0.8819,168.84,330.33,34.35,60.59,53.00,251.50,88.00,13.00,0.0000,140.12,1,0,2.6796,ACCEPT,0,1905,1355,19318,5,300,3564,0,0,0,0
156,0,1,1,ACCEPT,29.0997,6.3091,3817,0,0,1.0000,168.84,330.33,34.35,60.59,50.00,250.50,84.00,13.00,0.0000,143.17,1,0,2.3901,ACCEPT,0,2272,1513,19485,5,300,3817,0,0,0,0
157,0,1,1,ACCEPT,27.8693,5.6591,3718,0,-1,0.8400,168.84,328.44,34.35,60.59,49.50,251.00,81.00,14.00,0.0000,142.27,1,0,2.5155,ACCEPT,0,2054,1427,21931,5,300,3718,0,0,0,0
158,0,1,1,ACCEPT,26.5948,6.7580,3798,1,-1,0.7601,169.92,326.55,35.73,63.01,42.50,250.00,71.00,14.00,0.0000,148.65,1,1,2.5070,ACCEPT,0,2052,1314,20989,5,300,3798,0,0,0,0
159,0,1,1,ACCEPT,23.9699,5.9196,3386,0,-1,0.8024,169.92,324.58,35.73,63.01,45.00,247.00,52.00,14.00,0.0000,147.05,1,0,2.5819,ACCEPT,0,2018,1301,19894,5,300,3386,0,0,0,0
160,0,1,1,ACCEPT,24.8200,6.0901,3514,1,-1,0.7715,171.03,322.61,35.73,63.01,43.50,246.50,51.00,11.00,0.0000,148.52,1,0,2.6313,ACCEPT,0,2070,1360,18551,5,300,3514,0,0,0,0
161,0,1,1,ACCEPT,25.9582,5.5433,3459,0,-1,0.9384,171.03,320.64,35.73,63.01,42.50,244.00,53.00,12.00,0.0000,149.65,1,0,2.7901,ACCEPT,0,1942,1480,19238,5,300,3459,0,0,0,0
162,0,1,1,ACCEPT,25.1872,6.1005,3764,1,-1,0.9304,172.14,318.67,35.73,63.01,39.00,242.50,46.00,13.00,0.0000,153.39,1,0,2.7930,ACCEPT,0,2337,1489,21360,5,300,3764,0,0,0,0
163,0,1,1,ACCEPT,26.9437,6.8138,3952,1,0,0.9884,173.25,318.67,37.16,65.53,36.50,241.00,45.00,14.00,0.0000,157.27,1,1,2.6183,ACCEPT,0,2448,1616,19722,5,300,3952,0,0,0,0
164,0,1,1,ACCEPT,24.1111,5.3668,3687,0,-1,0.8218,173.25,316.62,37.16,65.53,33.50,240.50,45.00,11.00,0.0000,159.14,1,0,2.9128,ACCEPT,0,2318,1444,20742,5,300,3687,0,0,0,0
165,0,1,1,ACCEPT,26.2374,5.3731,3874,1,-1,0.8387,174.41,314.58,37.16,65.53,32.00,240.00,46.00,14.00,0.0000,160.75,1,0,2.9507,ACCEPT,0,2200,1417,21988,5,300,3874,0,0,0,0
166,0,1,1,ACCEPT,26.7407,6.0723,3947,0,-1,0.9572,174.41,312.53,37.16,65.53,28.00,243.00,48.00,22.00,0.0000,162.08,1,0,2.7226,ACCEPT,0,2277,1546,21693,5,300,3947,0,0,0,0
167,0,1,1,ACCEPT,26.3038,6.1815,3814,1,0,0.8243,175.56,312.53,37.16,65.53,28.00,241.00,48.00,20.00,0.0000,163.99,1,0,2.8857,ACCEPT,0,2549,1587,22713,5,300,3814,0,0,0,0
168,0,1,1,ACCEPT,26.9254,6.0547,4099,0,-1,0.8348,175.56,310.48,37.16,65.53,29.00,235.00,44.00,14.00,0.0000,164.86,1,0,2.7748,ACCEPT,0,2514,1528,23550,5,300,4099,0,0,0,0
169,0,1,1,ACCEPT,27.6210,6.1744,4106,1,0,0.9279,176.72,310.48,38.64,68.15,29.00,234.00,42.00,14.00,0.0000,166.35,1,1,2.5236,ACCEPT,0,2568,1603,25219,5,300,4106,0,0,0,0
170,0,1,1,ACCEPT,21.7534,6.0960,3621,0,-1,0.9600,176.72,308.36,38.64,68.15,26.50,232.50,45.00,15.00,0.0000,168.29,1,0,2.7546,ACCEPT,0,2255,1630,24967,5,300,3621,0,0,0,0
171,0,1,1,ACCEPT,21.5459,5.8336,3191,1,0,0.8217,177.92,308.36,38.64,68.15,27.00,231.00,40.00,18.00,0.0000,169.59,1,0,2.4184,ACCEPT,0,2200,1456,26894,5,300,3191,0,0,0,0
172,0,1,1,ACCEPT,22.0874,5.7048,3189,2,-1,0.7002,180.33,306.23,38.64,68.15,26.50,229.50,41.00,13.00,0.0000,171.90,1,0,2.7382,ACCEPT,0,2089,1481,28493,5,300,3189,0,0,0,0
173,0,1,1,ACCEPT,22.4744,5.8139,3093,1,0,0.8781,181.53,306.23,38.64,68.15,29.00,228.00,42.00,14.00,0.0000,171.42,1,0,2.5597,ACCEPT,0,2064,1457,29664,5,300,3093,0,0,0,0
174,0,1,1,ACCEPT,20.9160,4.9602,2991,1,-1,0.8870,182.73,304.11,38.64,68.15,28.00,226.50,44.00,13.00,0.0000,173.11,1,0,2.7865,ACCEPT,0,2014,1422,32218,5,300,2991,0,0,0,0
175,0,1,1,ACCEPT,20.6504,5.2700,2967,2,0,0.7358,185.14,304.11,38.64,68.15,29.50,226.00,41.00,14.00,0.0000,174.14,1,0,2.6605,ACCEPT,0,2094,1428,25579,5,300,2967,0,0,0,0
176,0,1,1,ACCEPT,20.7832,5.1684,2977,2,-1,0.6278,187.55,301.98,38.64,68.15,28.50,225.00,43.00,12.00,0.0000,176.70,1,0,2.7109,ACCEPT,0,2223,1327,26154,5,300,2977,0,0,0,0
177,0,1,1,ACCEPT,20.1178,5.0611,3148,2,0,0.8326,189.95,301.98,38.64,68.15,30.00,224.00,44.00,12.00,0.0000,177.95,1,0,2.6787,ACCEPT,0,2864,1373,24886,5,300,3148,0,0,0,0
178,0,1,1,ACCEPT,20.4380,4.7195,3214,2,-1,0.7660,192.36,299.86,38.64,68.15,30.00,222.00,48.00,14.00,0.0000,180.06,1,0,2.6118,ACCEPT,0,2797,1429,26291,5,300,3214,0,0,0,0
179,0,1,1,ACCEPT,21.2054,5.0432,3389,2,0,0.7324,194.77,299.86,40.19,70.88,28.00,223.50,52.00,13.00,0.0000,183.42,1,1,2.6746,ACCEPT,0,3053,1537,23694,5,300,3389,0,0,0,0
180,0,1,1,ACCEPT,19.1645,5.7353,3120,2,0,0.8026,197.27,299.86,40.19,70.88,28.50,223.50,51.00,13.00,0.0000,185.24,1,0,2.6718,ACCEPT,0,2986,1517,26731,5,300,3120,0,0,0,0
181,0,1,1,ACCEPT,20.1293,6.3555,3540,2,-1,0.7636,199.77,297.64,40.19,70.88,31.00,222.50,48.00,15.00,0.0000,184.74,1,0,2.6633,ACCEPT,0,3263,1528,28310,5,300,3540,0,0,0,0
182,0,1,1,ACCEPT,15.2520,2.8934,3148,1,0,0.9209,201.02,297.64,40.19,70.88,28.00,222.00,52.00,14.00,0.0000,188.83,1,0,2.7340,ACCEPT,0,3494,1545,30029,5,300,3148,0,0,0,0
183,0,1,1,ACCEPT,15.5316,3.5737,3177,2,0,0.7025,203.52,297.64,41.80,73.71,32.50,224.00,49.00,20.00,0.0000,186.20,1,1,2.6627,ACCEPT,0,3662,1400,29720,5,300,3177,0,0,0,0
184,0,1,1,ACCEPT,14.3968,2.8736,3092,1,-1,0.8583,204.83,295.34,41.80,73.71,33.50,224.50,51.00,19.00,0.0000,185.40,1,0,2.6193,ACCEPT,0,3587,1405,30755,5,300,3092,0,0,0,0
185,0,1,1,ACCEPT,15.3377,3.3517,3221,2,0,0.6883,207.45,295.34,41.80,73.71,35.00,226.00,52.00,22.00,0.0000,185.87,1,0,2.6567,ACCEPT,0,3620,1438,29228,5,300,3221,0,0,0,0
186,0,1,1,ACCEPT,16.0752,3.3778,3290,2,0,0.6702,210.08,295.34,41.80,73.71,35.50,227.00,45.00,26.00,0.0000,187.48,1,0,2.7058,ACCEPT,0,3705,1459,29203,5,300,3290,0,0,0,0
187,0,1,1,ACCEPT,18.3335,4.4909,3440,2,0,0.8273,212.70,295.34,43.47,76.66,37.50,227.00,51.00,24.00,0.0000,188.06,1,1,2.6584,ACCEPT,0,3272,1474,30252,5,300,3440,0,0,0,0
188,0,1,1,ACCEPT,18.0344,4.2246,3536,1,0,0.9714,214.06,295.34,43.47,76.66,43.00,225.50,42.00,23.00,0.0000,184.77,1,0,2.7223,ACCEPT,0,3175,1501,32026,5,300,3536,0,0,0,0
189,0,1,1,ACCEPT,18.9404,4.2749,3732,2,-1,0.7867,216.78,292.95,43.47,76.66,44.50,227.00,43.00,26.00,0.0000,184.47,1,0,2.6464,ACCEPT,0,3550,1428,32767,5,300,3732,0,0,0,0
190,0,1,1,ACCEPT,19.5583,4.4701,3594,1,0,0.8520,218.14,292.95,43.47,76.66,45.50,227.50,41.00,25.00,0.0000,184.63,1,0,2.6793,ACCEPT,0,3368,1469,32767,5,300,3594,0,0,0,0
191,0,1,1,ACCEPT,20.9071,4.5274,3554,2,0,0.6033,220.86,292.95,43.47,76.66,47.00,227.00,42.00,24.00,0.0000,185.95,1,0,2.7105,ACCEPT,0,3312,1439,32767,5,300,3554,0,0,0,0
192,0,1,1,ACCEPT,21.8750,4.9679,3408,2,1,0.6329,223.58,295.34,43.47,76.66,48.00,230.50,42.00,29.00,0.0000,187.17,1,0,2.6977,ACCEPT,0,2983,1473,32767,5,300,3408,0,0,0,0
193,0,1,1,ACCEPT,23.0504,4.8908,3404,2,0,0.7973,226.30,295.34,43.47,76.66,50.00,230.00,42.00,30.00,0.0000,188.02,1,0,2.7751,ACCEPT,0,2895,1392,32767,5,300,3404,0,0,0,0
194,0,1,1,ACCEPT,22.4161,4.6089,3429,2,1,0.6317,229.02,297.73,43.47,76.66,48.00,233.00,36.00,34.00,0.0000,192.24,1,0,2.5824,ACCEPT,0,2868,1680,32767,5,300,3429,0,0,0,0
195,0,1,1,ACCEPT,22.7910,5.3395,3743,2,0,0.7392,231.73,297.73,43.47,76.66,49.50,235.00,37.00,34.00,0.0000,192.73,1,0,2.7352,ACCEPT,0,3020,1540,32767,5,300,3743,0,0,0,0
196,0,1,1,ACCEPT,23.3572,5.4886,3853,2,0,0.7459,234.45,297.73,43.47,76.66,54.50,238.00,39.00,40.00,0.0000,189.61,1,0,2.7234,ACCEPT,0,2980,1636,31360,5,300,3853,0,0,0,0
197,0,1,1,ACCEPT,23.8948,5.0433,3848,2,1,0.5392,237.17,300.12,43.47,76.66,56.50,238.00,41.00,36.00,0.0000,191.05,1,0,2.8318,ACCEPT,0,2930,1690,31768,5,300,3848,0,0,0,0
198,0,1,1,ACCEPT,24.4805,5.7095,3911,2,1,0.6390,239.89,302.52,43.47,76.66,57.00,240.00,44.00,40.00,0.0000,193.28,1,0,2.7578,ACCEPT,0,2905,1723,30483,5,300,3911,0,0,0,0
199,0,1,1,ACCEPT,24.1139,5.7899,3775,2,0,0.7738,242.61,302.52,43.47,76.66,59.00,239.00,42.00,38.00,0.0000,194.28,1,0,2.8937,ACCEPT,0,2859,1596,31696,5,300,3775,0,0,0,0
200,0,1,1,ACCEPT,25.0194,5.7299,3925,1,0,0.8494,243.97,302.52,43.47,76.66,60.50,239.00,41.00,44.00,0.0000,194.15,1,0,2.8121,ACCEPT,0,2813,1681,28065,5,300,3925,0,0,0,0
201,0,1,1,ACCEPT,25.6599,5.9243,3679,2,1,0.6477,246.69,304.91,43.47,76.66,60.50,240.00,43.00,40.00,0.0000,197.18,1,0,2.8314,ACCEPT,0,2710,1745,24058,5,300,3679,0,0,0,0
202,0,1,1,ACCEPT,24.6693,5.6219,3435,1,0,0.8917,248.05,304.91,43.47,76.66,61.50,240.50,41.00,37.00,0.0000,197.35,1,0,2.8989,ACCEPT,0,2594,1542,24294,5,300,3435,0,0,0,0
203,0,1,1,ACCEPT,26.2685,6.1252,3571,2,0,0.7701,250.77,304.91,43.47,76.66,63.00,241.50,40.00,35.00,0.0000,198.18,1,0,2.8299,ACCEPT,0,2590,1529,22873,5,300,3571,0,0,0,0
204,0,1,1,ACCEPT,27.9344,7.1765,3660,1,0,0.9511,252.12,304.91,43.47,76.66,63.50,241.00,41.00,32.00,0.0000,199.16,1,0,2.8353,ACCEPT,0,2320,1585,21992,5,300,3660,0,0,0,0
205,0,1,1,ACCEPT,28.5450,7.2019,3745,1,0,0.8561,253.48,304.91,43.47,76.66,63.50,241.00,43.00,32.00,0.0000,200.44,1,0,2.9386,ACCEPT,0,2381,1584,20449,5,300,3745,0,0,0,0
206,0,1,1,ACCEPT,23.7621,6.2115,3348,2,0,0.7843,256.20,304.91,43.47,76.66,64.00,240.00,44.00,32.00,0.0000,202.87,1,0,2.7961,ACCEPT,0,2493,1406,21513,5,300,3348,0,0,0,0
207,0,1,1,ACCEPT,25.7599,5.7765,3385,1,0,0.9294,257.56,304.91,43.47,76.66,65.50,240.00,43.00,34.00,0.0000,202.73,1,0,2.7524,ACCEPT,0,2256,1396,21863,5,300,3385,0,0,0,0
208,0,1,1,ACCEPT,23.8688,6.6789,3286,1,-1,0.9306,258.92,302.52,43.47,76.66,67.00,241.50,42.00,37.00,0.0000,201.39,1,0,2.8237,ACCEPT,0,2374,1457,22173,5,300,3286,0,0,0,0
209,0,1,1,ACCEPT,25.2152,6.4220,3333,1,0,0.9118,260.28,302.52,43.47,76.66,68.00,243.00,40.00,36.00,0.0000,201.28,1,0,2.7492,ACCEPT,0,2389,1424,25025,5,300,3333,0,0,0,0
210,0,1,1,ACCEPT,26.5106,5.9859,3825,1,-1,0.8120,261.64,300.12,43.47,76.66,68.00,241.50,40.00,33.00,0.0000,202.32,1,0,2.8177,ACCEPT,0,2575,1406,26785,5,300,3825,0,0,0,0
211,0,1,1,ACCEPT,25.3827,5.6557,3614,0,0,1.0000,261.64,300.12,43.47,76.66,68.50,241.00,41.00,32.00,0.0000,201.99,1,0,2.6942,ACCEPT,0,2404,1467,29472,5,300,3614,0,0,0,0
212,0,1,1,ACCEPT,26.5188,7.2065,3769,1,-1,0.8740,263.00,297.73,43.47,76.66,68.00,241.00,42.00,36.00,0.0000,203.09,1,0,2.8841,ACCEPT,0,2506,1355,31632,5,300,3769,0,0,0,0
213,0,1,1,ACCEPT,28.4163,6.6466,4081,1,-1,0.8743,264.36,295.34,43.47,76.66,69.50,240.00,39.00,36.00,0.0000,202.57,1,0,2.8393,ACCEPT,0,2490,1356,31192,5,300,4081,0,0,0,0
214,0,1,1,ACCEPT,27.9418,6.2271,3867,0,-1,0.9933,264.36,292.95,43.47,76.66,69.50,239.00,39.00,36.00,0.0000,202.19,1,0,2.8237,ACCEPT,0,2413,1366,31197,5,300,3867,0,0,0,0
215,0,1,1,ACCEPT,29.7424,6.9591,3911,1,-1,0.9282,265.72,290.56,43.47,76.66,68.50,237.00,41.00,36.00,0.0000,204.36,1,0,2.7713,ACCEPT,0,2362,1344,31846,5,300,3911,0,0,0,0
216,0,1,1,ACCEPT,28.7050,7.4710,3997,0,-1,0.9304,265.72,288.17,43.47,76.66,69.00,236.00,42.00,36.00,0.0000,203.52,1,0,2.8062,ACCEPT,0,2289,1319,30677,5,300,3997,0,0,0,0
217,0,1,1,ACCEPT,29.0231,7.5126,3576,0,0,1.0000,265.72,288.17,43.47,76.66,70.00,234.00,40.00,36.00,0.0000,203.08,1,0,2.6797,ACCEPT,0,2141,1329,31681,5,300,3576,0,0,0,0
218,0,1,1,ACCEPT,27.4173,7.0962,3541,1,-1,0.8009,267.08,285.78,43.47,76.66,69.50,233.50,41.00,35.00,0.0000,204.38,1,0,2.7929,ACCEPT,0,2371,1290,31648,5,300,3541,0,0,0,0
219,0,1,1,ACCEPT,26.5668,7.0733,3473,0,-1,0.8126,267.08,283.39,43.47,76.66,70.50,232.50,39.00,35.00,0.0000,203.06,1,0,2.8180,ACCEPT,0,2357,1309,32767,5,300,3473,0,0,0,0
220,0,1,1,ACCEPT,28.4267,7.6509,3550,1,-1,0.8507,268.44,281.00,43.47,76.66,70.50,231.50,39.00,35.00,0.0000,204.03,1,0,2.8976,ACCEPT,0,2289,1334,32767,5,300,3550,0,0,0,0
221,0,1,1,ACCEPT,29.0508,8.3469,3681,0,-1,0.8973,268.44,278.61,43.47,76.66,71.00,230.50,38.00,35.00,0.0000,203.21,1,0,2.8953,ACCEPT,0,2127,1343,32767,5,300,3681,0,0,0,0
222,0,1,1,ACCEPT,29.6077,7.6192,3642,1,-1,0.8880,269.80,276.22,43.47,76.66,71.00,231.00,38.00,38.00,0.0000,203.87,1,0,2.8541,ACCEPT,0,2119,1341,32767,5,300,3642,0,0,0,0
223,0,1,1,ACCEPT,30.9084,7.9979,3815,-1,0,0.9704,268.44,276.22,43.47,76.66,70.50,230.00,39.00,38.00,0.0000,203.26,1,0,2.7595,ACCEPT,0,2056,1388,32767,5,300,3815,0,0,0,0
224,0,1,1,ACCEPT,31.5962,7.8891,3842,1,-1,0.8727,269.80,273.83,43.47,76.66,69.50,229.50,43.00,39.00,0.0000,205.14,1,0,2.8802,ACCEPT,0,2100,1292,32767,5,300,3842,0,0,0,0
225,0,1,1,ACCEPT,32.9987,8.2770,3675,-1,-1,0.9303,268.44,271.44,43.47,76.66,70.00,230.00,42.00,40.00,0.0000,202.72,1,0,2.7783,ACCEPT,0,1894,1324,32767,5,300,3675,0,0,0,0
226,0,1,1,ACCEPT,32.7032,7.9935,3677,1,0,0.9483,269.80,271.44,43.47,76.66,70.00,230.50,42.00,43.00,0.0000,203.95,1,0,2.8138,ACCEPT,0,2057,1346,32767,5,300,3677,0,0,0,0
227,0,1,1,ACCEPT,35.6549,8.6950,3991,-1,-1,0.8867,268.44,269.05,43.47,76.66,68.00,229.00,42.00,42.00,0.0000,204.40,1,0,2.8593,ACCEPT,0,1989,1346,32767,5,300,3991,0,0,0,0
228,0,1,1,ACCEPT,33.9312,8.3943,3853,1,-1,0.8656,269.80,266.66,43.47,76.66,69.00,227.00,44.00,40.00,0.0000,204.68,1,0,2.7978,ACCEPT,0,2109,1307,32767,5,300,3853,0,0,0,0
229,0,1,1,ACCEPT,34.1999,8.8041,3821,0,0,1.0000,269.80,266.66,43.47,76.66,68.50,228.00,45.00,44.00,0.0000,204.97,1,0,2.8889,ACCEPT,0,1943,1323,32767,5,300,3821,0,0,0,0
230,0,1,1,ACCEPT,30.9246,9.1593,3737,0,-1,0.9154,269.80,264.27,43.47,76.66,68.50,227.50,41.00,47.00,0.0000,204.63,1,0,2.7982,ACCEPT,0,2060,1187,32767,5,300,3737,0,0,0,0
231,0,1,1,ACCEPT,30.3821,8.7018,3794,0,0,1.0000,269.80,264.27,43.47,76.66,68.50,229.00,41.00,50.00,0.0000,204.36,1,0,2.8529,ACCEPT,0,2004,1233,32768,5,300,3794,0,0,0,0
232,0,1,1,ACCEPT,31.0742,8.6835,3951,1,-1,0.9051,271.16,261.88,43.47,76.66,68.50,230.00,45.00,50.00,0.0000,205.15,1,0,2.8340,ACCEPT,0,2154,1193,32767,5,300,3951,0,0,0,0
233,0,1,1,ACCEPT,30.9400,9.0726,3874,1,0,0.9275,272.52,261.88,43.47,76.66,69.00,227.00,44.00,46.00,0.0000,206.48,1,0,2.8423,ACCEPT,0,2123,1223,32767,5,300,3874,0,0,0,0
234,0,1,1,ACCEPT,31.7648,7.9630,4300,0,-1,0.9221,272.52,259.48,43.47,76.66,68.50,228.00,43.00,50.00,0.0000,206.43,1,0,2.7697,ACCEPT,0,2247,1229,32767,5,300,4300,0,0,0,0
235,0,1,1,ACCEPT,31.6292,8.4112,4071,0,0,1.0000,272.52,259.48,43.47,76.66,68.50,228.50,43.00,51.00,0.0000,206.36,1,0,2.8209,ACCEPT,0,2221,1259,32767,5,300,4071,0,0,0,0
236,0,1,1,ACCEPT,33.1492,9.4977,4217,1,-1,0.9156,273.88,257.09,43.47,76.66,68.50,228.00,43.00,52.00,0.0000,207.43,1,0,2.8581,ACCEPT,0,2228,1196,32767,5,300,4217,0,0,0,0
237,0,1,1,ACCEPT,32.9856,8.8069,4060,1,-1,0.9766,275.23,254.70,43.47,76.66,69.00,226.50,40.00,49.00,0.0000,208.15,1,0,2.8555,ACCEPT,0,2229,1256,30331,5,300,4060,0,0,0,0
238,0,1,1,ACCEPT,32.6787,8.2469,4041,0,-1,0.9782,275.23,252.31,43.47,76.66,70.00,224.50,40.00,49.00,0.0000,207.11,1,0,2.6410,ACCEPT,0,2054,1341,32139,5,300,4041,0,0,0,0
239,0,1,1,ACCEPT,32.9686,8.5521,4105,1,0,0.9286,276.59,252.31,43.47,76.66,71.00,223.50,38.00,49.00,0.0000,207.60,1,0,2.8038,ACCEPT,0,2229,1316,29265,5,300,4105,0,0,0,0
240,0,1,1,ACCEPT,34.0452,8.3996,3931,0,-1,0.9140,276.59,249.92,43.47,76.66,71.50,222.50,39.00,49.00,0.0000,206.92,1,0,2.7758,ACCEPT,0,2019,1294,32525,5,300,3931,0,0,0,0
241,0,1,1,ACCEPT,34.2705,7.3016,4213,1,-1,0.8080,277.95,247.53,43.47,76.66,72.50,221.50,39.00,51.00,0.0000,207.10,1,0,2.8586,ACCEPT,0,2161,1256,32768,5,300,4213,0,0,0,0
242,0,1,1,ACCEPT,29.8205,6.7756,3774,1,-1,0.7443,279.31,245.14,43.47,76.66,73.00,224.50,40.00,59.00,0.0000,207.34,1,0,2.8030,ACCEPT,0,2184,1591,30833,5,300,3774,0,0,0,0
243,0,1,1,ACCEPT,30.3366,6.7145,4163,2,-1,0.7732,282.03,242.75,43.47,76.66,72.50,222.00,43.00,60.00,0.0000,210.56,1,0,2.7551,ACCEPT,0,2378,1643,28192,5,300,4163,0,0,0,0
244,0,1,1,ACCEPT,31.3995,6.4308,4508,0,-1,0.8871,282.03,240.36,43.47,76.66,72.50,220.50,43.00,61.00,0.0000,210.47,1,0,2.8633,ACCEPT,0,2220,1614,30927,5,300,4508,0,0,0,0
245,0,1,1,ACCEPT,30.8035,7.6633,4506,1,-1,0.8577,283.39,237.97,43.47,76.66,73.00,218.00,42.00,60.00,0.0000,211.34,1,0,2.8353,ACCEPT,0,2397,1655,28117,5,300,4506,0,0,0,0
246,0,1,1,ACCEPT,30.3807,6.4228,4284,1,-1,0.7993,284.75,235.58,43.47,76.66,73.00,219.00,40.00,60.00,0.0000,212.40,1,0,2.8690,ACCEPT,0,2201,1591,26004,5,300,4284,0,0,0,0
247,0,1,1,ACCEPT,30.1689,6.2570,4261,0,-1,0.8341,284.75,233.19,43.47,76.66,75.50,215.00,39.00,60.00,0.0000,210.04,1,0,2.8016,ACCEPT,0,2315,1557,26417,5,300,4261,0,0,0,0
248,0,1,1,ACCEPT,29.3805,6.0292,4136,1,-1,0.7809,286.11,230.80,43.47,76.66,75.50,214.00,37.00,62.00,0.0000,211.28,1,0,2.8461,ACCEPT,0,2337,1545,24739,5,300,4136,0,0,0,0
249,0,1,1,ACCEPT,29.9389,6.5166,4125,1,-1,0.7481,287.47,228.41,43.47,76.66,75.50,212.50,37.00,61.00,0.0000,212.56,1,0,2.8253,ACCEPT,0,2301,1501,24061,5,300,4125,0,0,0,0
250,0,1,1,ACCEPT,31.1218,6.5511,4101,1,-1,0.8227,288.83,226.02,43.47,76.66,75.50,212.00,35.00,60.00,0.0000,213.79,1,0,2.7450,ACCEPT,0,2235,1494,23796,5,300,4101,0,0,0,0
251,0,1,1,ACCEPT,31.0161,6.1445,4295,0,-1,0.8368,288.83,223.62,43.47,76.66,75.50,213.50,37.00,65.00,0.0000,213.57,1,0,2.8496,ACCEPT,0,2412,1444,26099,5,300,4295,0,0,0,0
252,0,1,1,ACCEPT,30.5174,6.9092,4187,0,-1,0.8003,288.83,221.23,43.47,76.66,75.50,211.50,37.00,65.00,0.0000,213.55,1,0,2.7807,ACCEPT,0,2310,1432,27504,5,300,4187,0,0,0,0
253,0,1,1,ACCEPT,31.5974,7.1890,4450,1,-1,0.8036,290.19,218.84,43.47,76.66,75.50,209.50,37.00,63.00,0.0000,214.89,1,0,2.8320,ACCEPT,0,2396,1438,25922,5,300,4450,0,0,0,0
254,0,1,1,ACCEPT,28.8840,5.0068,4446,0,-1,0.8399,290.19,216.45,43.47,76.66,75.50,212.00,35.00,68.00,0.0000,214.73,1,0,2.7841,ACCEPT,0,2761,1290,27629,5,300,4446,0,0,0,0
255,0,1,1,ACCEPT,30.7073,6.3079,4384,1,-1,0.8558,291.55,214.06,43.47,76.66,74.50,213.00,35.00,70.00,0.0000,217.05,1,0,2.7354,ACCEPT,0,2526,1281,28318,5,300,4384,0,0,0,0
256,0,1,1,ACCEPT,29.9765,6.2013,4682,0,-1,0.8101,291.55,211.67,43.47,76.66,75.00,211.50,36.00,71.00,0.0000,216.55,1,0,2.7807,ACCEPT,0,2895,1303,26290,5,300,4682,0,0,0,0
257,0,1,1,ACCEPT,30.3160,6.3421,4338,0,-1,0.7951,291.55,209.28,43.47,76.66,75.50,212.00,35.00,74.00,0.0000,216.06,1,0,2.8335,ACCEPT,0,2604,1278,26238,5,300,4338,0,0,0,0
258,0,1,1,ACCEPT,31.7702,7.2228,4312,0,-1,0.8620,291.55,206.89,43.47,76.66,75.50,207.50,35.00,67.00,0.0000,216.05,1,0,2.8319,ACCEPT,0,2440,1256,26882,5,300,4312,0,0,0,0
259,0,1,1,ACCEPT,31.4199,6.7235,4256,0,-1,0.8313,291.55,204.50,43.47,76.66,74.50,209.50,35.00,71.00,0.0000,217.10,1,0,2.8390,ACCEPT,0,2319,1207,27620,5,300,4256,0,0,0,0
260,0,1,1,ACCEPT,30.5713,6.3557,4360,0,-1,0.8378,291.55,202.11,43.47,76.66,74.50,208.50,35.00,71.00,0.0000,217.14,1,0,2.8519,ACCEPT,0,2481,1218,27243,5,300,4360,0,0,0,0
261,0,1,1,ACCEPT,31.7879,5.8404,4392,1,-1,0.8597,292.91,199.72,43.47,76.66,76.00,209.50,34.00,73.00,0.0000,217.13,1,0,2.8706,ACCEPT,0,2423,1226,27371,5,300,4392,0,0,0,0
262,0,1,1,ACCEPT,30.7807,6.0239,4289,0,-1,0.8531,292.91,197.33,43.47,76.66,76.00,206.50,34.00,69.00,0.0000,217.10,1,0,2.8579,ACCEPT,0,2450,1188,27640,5,300,4289,0,0,0,0
263,0,1,1,ACCEPT,31.8119,6.2632,4140,1,-1,0.8382,294.27,194.94,43.47,76.66,77.00,205.50,34.00,67.00,0.0000,217.52,1,0,2.8371,ACCEPT,0,2399,1210,28152,5,300,4140,0,0,0,0
264,0,1,1,ACCEPT,31.6897,6.0969,4280,0,-1,0.8509,294.27,192.55,43.47,76.66,77.50,204.50,35.00,67.00,0.0000,217.09,1,0,2.8873,ACCEPT,0,2437,1187,27988,5,300,4280,0,0,0,0
265,0,1,1,ACCEPT,31.3362,5.7264,4123,1,-1,0.8259,295.62,190.16,43.47,76.66,75.50,204.50,37.00,67.00,0.0000,220.59,1,0,2.8299,ACCEPT,0,2403,1192,28011,5,300,4123,0,0,0,0
266,0,1,1,ACCEPT,28.4129,5.5320,4066,0,-1,0.9156,295.62,187.77,43.47,76.66,76.00,205.50,32.00,69.00,0.0000,220.34,1,0,2.8743,ACCEPT,0,2499,1420,24032,5,300,4066,0,0,0,0
267,0,1,1,ACCEPT,28.6367,5.5862,3402,0,-1,0.9215,295.62,185.38,43.47,76.66,76.00,207.00,32.00,72.00,0.0000,220.69,1,0,2.8920,ACCEPT,0,2076,1389,25154,5,300,3402,0,0,0,0
268,0,1,1,ACCEPT,27.6599,5.0975,3502,0,0,1.0000,295.62,185.38,43.47,76.66,75.50,206.00,33.00,70.00,0.0000,221.09,1,0,2.7814,ACCEPT,0,2192,1424,25306,5,300,3502,0,0,0,0
269,0,1,1,ACCEPT,27.8302,4.9244,3388,1,-1,0.8592,296.98,182.98,43.47,76.66,76.50,207.50,33.00,67.00,0.0000,221.84,1,0,2.7036,ACCEPT,0,2160,1198,25960,5,300,3388,0,0,0,0
270,0,1,1,ACCEPT,27.5682,4.8691,3496,0,-1,0.8564,296.98,180.59,43.47,76.66,76.00,208.00,32.00,68.00,0.0000,222.68,1,0,2.8132,ACCEPT,0,2222,1250,24755,5,300,3496,0,0,0,0
271,0,1,1,ACCEPT,27.7438,5.2136,3441,0,-1,0.8663,296.98,178.20,43.47,76.66,75.50,208.50,33.00,67.00,0.0000,223.55,1,0,2.8393,ACCEPT,0,2166,1215,24834,5,300,3441,0,0,0,0
272,0,1,1,ACCEPT,27.5223,4.9060,3444,0,-1,0.9660,296.98,175.81,43.47,76.66,75.50,208.50,33.00,69.00,0.0000,223.88,1,0,2.8180,ACCEPT,0,2321,1352,24266,5,300,3444,0,0,0,0
273,0,1,1,ACCEPT,27.2430,5.2024,3522,0,-1,0.9915,296.98,173.42,43.47,76.66,74.00,209.00,36.00,70.00,0.0000,225.80,1,0,2.7687,ACCEPT,0,2401,1292,25210,5,300,3522,0,0,0,0
274,0,1,1,ACCEPT,28.3309,5.6667,3876,0,0,1.0000,296.98,173.42,43.47,76.66,73.00,209.50,36.00,67.00,0.0000,226.87,1,0,2.8071,ACCEPT,0,2443,1448,26175,5,300,3876,0,0,0,0
275,0,1,1,ACCEPT,28.3341,5.4604,3795,0,-1,0.9489,296.98,171.03,43.47,76.66,72.50,208.00,37.00,64.00,0.0000,227.51,1,0,2.8348,ACCEPT,0,2383,1253,28664,5,300,3795,0,0,0,0
276,0,1,1,ACCEPT,27.9602,5.3872,3701,0,-1,0.9897,296.98,168.64,43.47,76.66,70.50,208.50,33.00,65.00,0.0000,229.97,1,0,2.8163,ACCEPT,0,2451,1307,29183,5,300,3701,0,0,0,0
277,0,1,1,ACCEPT,28.6747,5.8418,3692,-1,0,0.9902,295.62,168.64,43.47,76.66,70.00,207.50,36.00,65.00,0.0000,228.95,1,0,2.7802,ACCEPT,0,2347,1374,29671,5,300,3692,0,0,0,0
278,0,1,1,ACCEPT,25.3608,5.5573,3490,0,-1,0.9321,295.62,166.25,43.47,76.66,68.50,207.50,35.00,63.00,0.0000,230.84,1,0,2.9260,ACCEPT,0,2325,1221,27163,5,300,3490,0,0,0,0
279,0,1,1,ACCEPT,26.5377,5.7355,3470,0,0,1.0000,295.62,166.25,43.47,76.66,67.00,207.00,34.00,62.00,0.0000,232.23,1,0,2.7817,ACCEPT,0,2233,1277,24002,5,300,3470,0,0,0,0
280,0,1,1,ACCEPT,26.7830,6.1946,3438,0,-1,0.9127,295.62,163.86,43.47,76.66,65.00,205.00,32.00,64.00,0.0000,234.27,1,0,2.8734,ACCEPT,0,2198,1204,24355,5,300,3438,0,0,0,0
281,0,1,1,ACCEPT,27.2085,6.0267,3610,0,-1,0.9283,295.62,161.47,43.47,76.66,63.50,209.00,31.00,68.00,0.0000,236.94,1,0,2.9332,ACCEPT,0,2248,1177,22897,5,300,3610,0,0,0,0
282,0,1,1,ACCEPT,26.1923,6.0086,3479,0,0,1.0000,295.62,161.47,43.47,76.66,62.50,210.50,31.00,67.00,0.0000,238.23,1,0,2.7616,ACCEPT,0,2326,1294,21975,5,300,3479,0,0,0,0
283,0,1,1,ACCEPT,26.9308,6.2148,3704,0,-1,0.9069,295.62,159.08,43.47,76.66,60.00,209.50,34.00,69.00,0.0000,240.96,1,0,2.8484,ACCEPT,0,2504,1121,19907,5,300,3704,0,0,0,0
284,0,1,1,ACCEPT,27.1412,6.9122,3228,-1,-1,0.9182,294.27,156.69,43.47,76.66,60.00,208.00,34.00,66.00,0.0000,239.82,1,0,2.8719,ACCEPT,0,2081,1192,18812,5,300,3228,0,0,0,0
285,0,1,1,ACCEPT,26.5282,6.7718,3027,1,-1,0.9607,295.62,154.30,43.47,76.66,57.50,209.50,33.00,69.00,0.0000,244.44,1,0,2.9940,ACCEPT,0,2152,1161,16636,5,300,3027,0,0,0,0
286,0,1,1,ACCEPT,25.8448,5.9898,2941,-1,0,0.8565,294.27,154.30,43.47,76.66,56.50,209.00,33.00,64.00,0.0000,243.98,1,0,2.7086,ACCEPT,0,1998,1239,17226,5,300,2941,0,0,0,0
287,0,1,1,ACCEPT,25.8483,6.2287,2996,0,-1,0.9049,294.27,151.91,43.47,76.66,55.50,209.00,33.00,64.00,0.0000,245.50,1,0,2.8428,ACCEPT,0,2186,1122,17158,5,300,2996,0,0,0,0
288,0,1,1,ACCEPT,25.6551,6.3255,2973,0,-1,0.9236,294.27,149.52,43.47,76.66,54.00,210.50,32.00,65.00,0.0000,247.88,1,0,3.0211,ACCEPT,0,2127,1172,17373,5,300,2973,0,0,0,0
289,0,1,1,ACCEPT,24.7988,6.0257,3043,0,-1,0.9609,294.27,147.12,43.47,76.66,53.50,208.00,33.00,64.00,0.0000,248.34,1,0,2.9828,ACCEPT,0,2196,1222,16501,5,300,3043,0,0,0,0
290,0,1,1,ACCEPT,22.3534,5.0032,3132,-1,0,0.9476,292.91,147.12,43.47,76.66,51.00,209.00,30.00,60.00,0.0000,249.69,1,0,2.9359,ACCEPT,0,2245,1387,16291,5,300,3132,0,0,0,0
291,0,1,1,ACCEPT,23.0709,5.2948,2658,0,-1,0.9725,292.91,144.73,43.47,76.66,50.00,210.00,30.00,62.00,0.0000,251.52,1,0,3.0279,ACCEPT,0,1859,1286,17491,5,300,2658,0,0,0,0
292,0,1,1,ACCEPT,22.7849,5.1525,2602,-1,0,0.9627,291.55,144.73,43.47,76.66,48.00,209.50,32.00,63.00,0.0000,252.01,1,0,2.7431,ACCEPT,0,1877,1305,20127,5,300,2602,0,0,0,0
293,0,1,1,ACCEPT,23.0357,5.3200,2527,0,-1,0.9363,291.55,142.34,43.47,76.66,45.50,210.50,33.00,61.00,0.0000,255.31,1,0,2.9716,ACCEPT,0,1871,1254,20690,5,300,2527,0,0,0,0
294,0,1,1,ACCEPT,23.7597,5.7636,2536,-1,0,0.9160,290.19,142.34,43.47,76.66,46.00,211.00,32.00,60.00,0.0000,253.66,1,0,2.7331,ACCEPT,0,1765,1437,22961,5,300,2536,0,0,0,0
295,0,1,1,ACCEPT,22.5425,5.2091,2740,0,-1,0.9989,290.19,139.95,43.47,76.66,45.50,211.50,35.00,59.00,0.0000,254.93,1,0,3.0037,ACCEPT,0,2039,1301,24590,5,300,2740,0,0,0,0
296,0,1,1,ACCEPT,23.3213,5.4940,2747,0,0,1.0000,290.19,139.95,43.47,76.66,43.50,212.00,33.00,60.00,0.0000,256.99,1,0,2.7948,ACCEPT,0,1991,1382,22904,5,300,2747,0,0,0,0
297,0,1,1,ACCEPT,25.0554,5.8288,2588,-1,-1,0.8794,288.83,137.56,43.47,76.66,42.00,210.50,34.00,63.00,0.0000,257.38,1,0,2.9773,ACCEPT,0,1776,1334,27857,5,300,2588,0,0,0,0
298,0,1,1,ACCEPT,24.5096,5.4139,2956,-1,0,0.9060,287.47,137.56,43.47,76.66,40.50,211.50,33.00,63.00,0.0000,257.80,1,0,2.7269,ACCEPT,0,2134,1380,27447,5,300,2956,0,0,0,0
299,0,1,1,ACCEPT,24.6163,5.6351,2919,0,-1,0.9144,287.47,135.17,43.47,76.66,40.00,212.00,34.00,60.00,0.0000,259.12,1,0,2.8725,ACCEPT,0,2053,1310,26147,5,300,2919,0,0,0,0
300,0,1,1,ACCEPT,25.0323,5.7318,2906,-1,0,0.9880,286.11,135.17,43.47,76.66,37.50,213.50,37.00,61.00,0.0000,260.66,1,0,2.6646,ACCEPT,0,2039,1433,24609,5,300,2906,0,0,0,0
0,0,0,0,ZERO_RESPONSE,0.0000,0.0000,0,0,0,0.0000,151.50,384.50,77.00,115.00,151.50,384.50,77.00,115.00,1.0000,0.00,1,0,0.0000,NOT_RUN,0,0,8573,26864,6,365,0,0,0,0,0
1,0,1,1,ACCEPT,51.3533,10.0339,4144,0,0,1.0000,151.50,384.50,77.00,115.00,151.50,385.00,73.00,112.00,0.9233,0.50,1,0,3.1864,ACCEPT,0,1736,7339,27028,6,365,4144,0,0,0,0
2,0,1,1,ACCEPT,35.1618,6.4955,3631,0,0,1.0000,151.50,384.50,77.00,115.00,154.00,386.00,80.00,112.00,0.9150,2.92,1,0,2.7734,ACCEPT,0,2100,6617,24761,6,365,3631,0,0,0,0
3,0,1,1,ACCEPT,28.4396,4.4643,3192,0,1,0.9492,151.50,388.09,77.00,115.00,153.50,387.50,79.00,109.00,0.9022,2.09,1,0,2.9134,ACCEPT,0,1859,5400,27373,6,365,3192,0,0,0,0
4,0,1,1,ACCEPT,22.7775,3.7808,2915,0,0,1.0000,151.50,388.09,77.00,115.00,154.50,386.00,75.00,112.00,0.8915,3.66,1,0,2.7444,ACCEPT,0,2114,4834,25592,6,365,2915,0,0,0,0
5,0,1,1,ACCEPT,18.1262,3.1261,2604,0,1,0.9977,151.50,391.69,77.00,115.00,154.50,387.50,79.00,111.00,0.8624,5.15,1,0,2.7109,ACCEPT,0,2528,4309,25047,6,365,2604,0,0,0,0
6,0,1,1,ACCEPT,16.2999,2.8329,2442,0,0,1.0000,151.50,391.69,77.00,115.00,154.00,387.50,78.00,115.00,0.8735,4.88,1,0,2.5643,ACCEPT,0,2471,3715,25076,6,365,2442,0,0,0,0
7,0,1,1,ACCEPT,11.9240,2.2135,1939,1,0,0.9964,153.91,391.69,80.08,119.60,158.00,388.00,80.00,102.00,0.7753,5.51,1,1,2.5647,ACCEPT,0,2177,3739,22828,6,365,1939,0,0,0,0
8,0,1,1,ACCEPT,10.1387,1.8790,2035,1,0,0.9735,156.41,391.69,80.08,119.60,156.00,392.50,74.00,107.00,0.8267,0.91,1,0,2.4799,ACCEPT,0,2412,3289,22413,6,365,2035,0,0,0,0
9,0,1,1,ACCEPT,10.3109,2.1846,1964,0,0,1.0000,156.41,391.69,80.08,119.60,156.50,386.00,73.00,108.00,0.8232,5.69,1,0,2.5162,ACCEPT,0,2227,3070,23780,6,365,1964,0,0,0,0
10,0,1,1,ACCEPT,10.5761,2.0632,2090,0,0,1.0000,156.41,391.69,83.28,124.38,159.00,389.00,78.00,104.00,0.7831,3.73,1,1,2.4657,ACCEPT,0,2373,3127,23135,6,365,2090,0,0,0,0
11,0,1,1,ACCEPT,9.9822,1.9364,2039,0,0,1.0000,156.41,391.69,83.28,124.38,161.50,389.50,75.00,109.00,0.7714,5.54,1,0,2.5563,ACCEPT,0,2268,3001,26091,6,365,2039,0,0,0,0
12,0,1,1,ACCEPT,10.1152,2.0036,2771,1,-1,0.9845,159.02,387.80,83.28,124.38,158.50,393.00,69.00,106.00,0.7060,5.23,1,0,2.6417,ACCEPT,0,3063,2920,27328,6,365,2771,0,0,0,0
13,0,1,1,ACCEPT,10.7613,2.2187,3064,0,0,1.0000,159.02,387.80,83.28,124.38,160.50,389.50,69.00,103.00,0.6861,2.26,1,0,2.6777,ACCEPT,0,3246,2644,28496,6,365,3064,0,0,0,0
14,0,1,1,ACCEPT,12.2456,2.7221,3536,0,-1,0.9573,159.02,383.91,86.61,129.36,162.50,386.50,73.00,103.00,0.6711,4.34,1,1,2.8303,ACCEPT,0,3570,2778,29649,6,365,3536,0,0,0,0
15,0,1,1,ACCEPT,12.1723,2.8064,3783,0,-1,0.9876,159.02,379.86,86.61,129.36,161.50,384.00,69.00,102.00,0.6281,4.83,1,0,2.8570,ACCEPT,0,4010,2584,32767,6,365,3783,0,0,0,0
16,0,1,1,ACCEPT,13.8530,3.0116,4939,0,0,1.0000,159.02,379.86,86.61,129.36,159.50,383.00,67.00,104.00,0.6219,3.18,1,0,2.9217,ACCEPT,0,4596,2578,28466,6,365,4939,0,0,0,0
17,0,1,1,ACCEPT,15.1847,3.1781,5460,0,-1,0.9786,159.02,375.81,86.61,129.36,162.00,378.00,70.00,100.00,0.6248,3.70,1,0,2.9049,ACCEPT,0,4451,2347,26689,6,365,5460,0,0,0,0
18,0,1,1,ACCEPT,16.6975,3.5498,5985,0,0,1.0000,159.02,375.81,86.61,129.36,161.00,375.50,66.00,103.00,0.6067,2.01,1,0,2.8354,ACCEPT,0,4739,2265,26216,6,365,5985,0,0,0,0
19,0,1,1,ACCEPT,16.2193,3.4143,5777,0,-1,0.8968,159.02,371.77,86.61,129.36,159.50,374.00,61.00,98.00,0.5335,2.29,1,0,2.8775,ACCEPT,0,4391,2226,31757,6,365,5777,0,0,0,0
20,0,1,1,ACCEPT,16.6136,3.6614,7374,0,-1,0.9416,159.02,367.72,90.08,134.53,162.00,369.00,62.00,100.00,0.5116,3.25,1,1,2.7646,ACCEPT,0,6036,2460,28853,6,365,7374,0,0,0,0
21,0,1,1,ACCEPT,17.2985,3.8948,7439,1,-1,0.8696,161.83,363.52,90.08,134.53,162.50,362.00,63.00,104.00,0.5407,1.66,1,0,2.8371,ACCEPT,0,5975,2368,30562,6,365,7439,0,0,0,0
22,0,1,1,ACCEPT,18.2919,4.0300,8052,0,-1,0.9110,161.83,359.31,90.08,134.53,162.50,356.00,57.00,104.00,0.4892,3.38,1,0,2.8830,ACCEPT,0,6237,2427,28112,6,365,8052,0,0,0,0
23,0,1,1,ACCEPT,17.7663,4.0855,7452,0,-1,0.9330,161.83,355.11,93.68,139.92,165.00,351.00,58.00,100.00,0.4425,5.19,1,1,2.7880,ACCEPT,0,6064,2604,25138,6,365,7452,0,0,0,0
24,0,1,1,ACCEPT,16.9304,3.6457,7069,0,-1,0.8556,161.83,350.73,93.68,139.92,167.50,340.00,57.00,110.00,0.4783,12.14,1,0,2.7712,ACCEPT,0,6125,2544,24817,6,365,7069,0,0,0,0
25,0,1,1,ACCEPT,16.1999,3.6850,6493,1,-2,0.7865,164.75,341.98,93.68,139.92,169.50,335.00,55.00,110.00,0.4616,8.45,1,0,2.8031,ACCEPT,0,6148,2586,26101,6,365,6493,0,0,0,0
26,0,1,1,ACCEPT,16.4286,3.2910,6582,0,-1,0.9883,164.75,337.61,97.43,145.51,172.50,330.00,53.00,106.00,0.3963,10.86,1,1,2.5629,ACCEPT,0,6460,2566,24499,6,365,6582,0,0,0,0
27,0,1,1,ACCEPT,14.2151,2.8699,6265,1,-1,0.8117,167.80,333.06,97.43,145.51,178.00,333.00,52.00,84.00,0.3081,10.20,1,0,2.6881,ACCEPT,0,6654,2552,23338,6,365,6265,0,0,0,0
28,0,1,1,ACCEPT,14.7954,2.8016,5606,1,-2,0.7801,170.84,323.97,97.43,145.51,181.00,319.00,48.00,98.00,0.3318,11.31,1,0,2.5459,ACCEPT,0,5637,2496,23177,6,365,5606,0,0,0,0
29,0,1,1,ACCEPT,15.6193,3.3103,5760,0,-1,0.9889,170.84,319.42,101.33,151.33,186.00,306.50,52.00,89.00,0.3018,19.92,1,1,2.6303,ACCEPT,0,5798,2436,20967,6,365,5760,0,0,0,0
30,0,1,1,ACCEPT,15.9287,3.5633,5744,1,-1,0.9323,174.02,314.69,101.33,151.33,189.00,303.00,54.00,94.00,0.3310,19.00,1,0,2.7604,ACCEPT,0,5778,2435,21351,6,365,5744,0,0,0,0
31,0,1,1,ACCEPT,15.6092,3.2172,5820,1,-1,0.9668,177.19,309.95,101.33,151.33,193.00,296.50,56.00,95.00,0.3469,20.76,1,0,2.7703,ACCEPT,0,5350,2880,20830,6,365,5820,0,0,0,0
32,0,1,1,ACCEPT,17.0713,3.0201,6460,0,0,1.0000,177.19,309.95,101.33,151.33,198.00,289.00,62.00,100.00,0.3939,29.53,1,0,2.8502,ACCEPT,0,5253,2880,20864,6,365,6460,0,0,0,0
33,0,1,1,ACCEPT,19.0738,3.4673,7167,0,-1,0.9274,177.19,305.22,101.33,151.33,201.50,287.50,61.00,95.00,0.3434,30.08,1,0,2.9168,ACCEPT,0,5354,2939,21398,6,365,7167,0,0,0,0
34,0,1,1,ACCEPT,20.7942,3.7304,7927,1,0,0.9254,180.36,305.22,101.33,151.33,203.00,283.50,62.00,95.00,0.3590,31.37,1,0,2.8330,ACCEPT,0,5628,2820,21873,6,365,7927,0,0,0,0
35,0,1,1,ACCEPT,22.5111,3.5869,8067,0,-1,0.9244,180.36,300.48,101.33,151.33,208.50,278.50,65.00,93.00,0.3147,35.71,1,0,2.9240,ACCEPT,0,5225,2818,19851,6,365,8067,0,0,0,0
36,0,1,1,ACCEPT,22.0099,3.5659,7253,0,0,1.0000,180.36,300.48,101.33,151.33,214.50,277.00,73.00,92.00,0.2841,41.44,1,0,2.8946,ACCEPT,0,4741,2790,19926,6,365,7253,0,0,0,0
37,0,1,1,ACCEPT,23.3963,4.0721,7338,0,-1,0.9235,180.36,295.75,101.33,151.33,211.50,276.50,61.00,83.00,0.2556,36.61,1,0,2.8983,ACCEPT,0,4322,2801,19263,6,365,7338,0,0,0,0
38,0,1,1,ACCEPT,24.0540,4.1431,7006,0,0,1.0000,180.36,295.75,101.33,151.33,215.50,273.00,65.00,86.00,0.2459,41.86,1,0,2.9816,ACCEPT,0,4308,2873,19178,6,365,7006,0,0,0,0
39,0,1,1,ACCEPT,24.7940,4.5205,7174,0,-1,0.9313,180.36,291.02,101.33,151.33,216.00,269.50,68.00,85.00,0.2459,41.63,1,0,2.7711,ACCEPT,0,4333,2663,19262,6,365,7174,0,0,0,0
40,0,1,1,ACCEPT,24.7783,4.5784,7179,-1,0,0.9806,177.19,291.02,101.33,151.33,215.00,266.00,66.00,84.00,0.2262,45.34,1,0,2.9148,ACCEPT,0,4490,2785,17905,6,365,7179,0,0,0,0
41,0,1,1,ACCEPT,24.1677,4.3075,6625,0,0,1.0000,177.19,291.02,101.33,151.33,214.50,264.50,63.00,81.00,0.2162,45.77,1,0,2.9478,ACCEPT,0,4234,2606,18595,6,365,6625,0,0,0,0
42,0,1,1,ACCEPT,25.9429,4.3772,6881,0,-1,0.9515,177.19,286.28,101.33,151.33,213.50,259.50,61.00,83.00,0.2233,45.12,1,0,2.6409,ACCEPT,0,4199,2590,18620,6,365,6881,0,0,0,0
43,0,1,1,ACCEPT,24.3720,3.9149,6483,0,0,1.0000,177.19,286.28,97.43,145.51,214.00,259.50,56.00,71.00,0.1849,45.52,1,-1,2.8080,ACCEPT,0,4162,2588,18382,6,365,6483,0,0,0,0
44,0,1,1,ACCEPT,24.6874,3.9673,6431,0,-1,0.9922,177.19,281.73,97.43,145.51,214.00,254.00,60.00,70.00,0.1899,46.09,1,0,2.7724,ACCEPT,0,4163,2721,17416,6,365,6431,0,0,0,0
45,0,1,1,ACCEPT,24.7917,3.7384,6531,-1,0,0.9744,174.14,281.73,97.43,145.51,212.00,245.50,56.00,77.00,0.1872,52.40,1,0,2.9647,ACCEPT,0,4092,2583,18852,6,365,6531,0,0,0,0
46,0,1,1,ACCEPT,25.3978,3.6806,7111,0,-1,0.8852,174.14,277.19,97.43,145.51,215.00,240.50,58.00,77.00,0.1729,54.91,1,0,2.8138,ACCEPT,0,4331,2430,20920,6,365,7111,0,0,0,0
47,0,1,1,ACCEPT,23.8898,3.4726,7421,-1,0,0.9925,171.09,277.19,97.43,145.51,213.00,239.00,54.00,76.00,0.1550,56.70,1,0,2.9356,ACCEPT,0,4431,2517,21699,6,365,7421,0,0,0,0
48,0,1,1,ACCEPT,25.8877,3.5478,8160,0,-1,0.9271,171.09,272.64,97.43,145.51,214.00,237.00,60.00,72.00,0.1620,55.78,1,0,2.7791,ACCEPT,0,4895,2541,23014,6,365,8160,0,0,0,0
49,0,1,1,ACCEPT,24.8595,3.4819,8764,0,0,1.0000,171.09,272.64,93.68,139.92,217.00,238.50,60.00,73.00,0.1467,57.21,1,-1,2.8167,ACCEPT,0,5229,2690,23534,6,365,8764,0,0,0,0
50,0,1,1,ACCEPT,27.3988,4.0806,9316,0,0,1.0000,171.09,272.64,93.68,139.92,217.50,228.00,59.00,80.00,0.1232,64.39,1,0,2.9796,ACCEPT,0,5377,2692,25778,6,365,9316,0,0,0,0
51,0,1,1,ACCEPT,29.7424,4.7039,9516,0,-1,0.9504,171.09,268.27,93.68,139.92,220.00,227.00,60.00,84.00,0.1221,63.99,1,0,2.8218,ACCEPT,0,5740,2642,28652,6,365,9516,0,0,0,0
52,0,1,1,ACCEPT,30.7967,5.1340,10001,0,0,1.0000,171.09,268.27,93.68,139.92,223.00,225.50,56.00,83.00,0.0974,67.25,1,0,2.9225,ACCEPT,0,5809,2737,29675,6,365,10001,0,0,0,0
53,0,1,1,ACCEPT,29.8811,4.9781,9752,0,0,1.0000,171.09,268.27,93.68,139.92,223.50,226.50,59.00,87.00,0.1038,67.01,1,0,2.9356,ACCEPT,0,5949,2669,31807,6,365,9752,0,0,0,0
54,0,1,1,ACCEPT,31.5653,5.1983,9986,0,-1,0.9571,171.09,263.89,93.68,139.92,225.50,226.50,59.00,85.00,0.0999,66.02,1,0,2.8316,ACCEPT,0,6022,2662,32767,6,365,9986,0,0,0,0
55,0,1,1,ACCEPT,31.6506,4.9611,9937,0,0,1.0000,171.09,263.89,93.68,139.92,227.00,221.50,54.00,77.00,0.0737,70.16,1,0,2.8796,ACCEPT,0,6179,2615,32768,6,365,9937,0,0,0,0
56,0,1,1,ACCEPT,31.7403,5.3467,9362,0,0,1.0000,171.09,263.89,93.68,139.92,227.50,219.50,53.00,75.00,0.0667,71.78,1,0,2.8852,ACCEPT,0,5926,2604,32768,6,365,9362,0,0,0,0
57,0,1,1,ACCEPT,32.9672,6.0470,9270,0,-1,0.9506,171.09,259.52,93.68,139.92,230.50,215.50,55.00,79.00,0.0593,73.94,1,0,2.9097,ACCEPT,0,5593,2479,32767,6,365,9270,0,0,0,0
58,0,1,1,ACCEPT,33.7273,6.2445,9323,0,0,1.0000,171.09,259.52,93.68,139.92,230.50,208.50,57.00,89.00,0.0589,78.31,1,0,2.9006,ACCEPT,0,5396,2560,32767,6,365,9323,0,0,0,0
59,0,1,1,ACCEPT,32.2546,6.1904,8778,0,-1,0.9976,171.09,255.14,90.08,134.53,230.50,209.00,53.00,80.00,0.0475,75.22,1,-1,2.7975,ACCEPT,0,5336,2576,32500,6,365,8778,0,0,0,0
60,0,1,1,ACCEPT,34.2498,7.7515,9201,-1,0,0.9870,168.28,255.14,90.08,134.53,230.00,207.00,54.00,80.00,0.0386,78.27,1,0,3.0137,ACCEPT,0,5234,2654,30235,6,365,9201,0,0,0,0
61,0,1,1,ACCEPT,36.2277,8.3464,8964,0,0,1.0000,168.28,255.14,90.08,134.53,228.50,205.00,55.00,90.00,0.0470,78.36,1,0,3.0663,ACCEPT,0,5265,2568,29957,6,365,8964,0,0,0,0
62,0,1,1,ACCEPT,35.9158,7.7309,8504,0,0,1.0000,168.28,255.14,90.08,134.53,228.00,201.50,54.00,93.00,0.0452,80.27,1,0,2.9950,ACCEPT,0,4760,2465,28621,6,365,8504,0,0,0,0
63,0,1,1,ACCEPT,35.3974,7.9172,8028,0,-1,0.9786,168.28,250.94,90.08,134.53,226.50,200.50,55.00,93.00,0.0555,77.03,1,0,2.8729,ACCEPT,0,4468,2389,28789,6,365,8028,0,0,0,0
64,0,1,1,ACCEPT,34.8269,8.2620,7948,0,0,1.0000,168.28,250.94,90.08,134.53,227.00,199.00,54.00,92.00,0.0502,78.39,1,0,2.8815,ACCEPT,0,4378,2460,27687,6,365,7948,0,0,0,0
65,0,1,1,ACCEPT,33.8483,8.5063,7477,0,0,1.0000,168.28,250.94,90.08,134.53,228.50,194.50,55.00,97.00,0.0437,82.53,1,0,2.9757,ACCEPT,0,4274,2345,27034,6,365,7477,0,0,0,0
66,0,1,1,ACCEPT,33.8408,8.7739,7335,0,-1,0.9527,168.28,246.73,86.61,129.36,228.00,188.50,56.00,91.00,0.0383,83.41,1,-1,2.8810,ACCEPT,0,4118,2300,25647,6,365,7335,0,0,0,0
67,0,1,1,ACCEPT,30.6008,6.6582,6798,0,0,1.0000,168.28,246.73,86.61,129.36,230.50,202.50,55.00,57.00,0.0302,76.34,1,0,2.9657,ACCEPT,0,4187,2318,21746,6,365,6798,0,0,0,0
68,0,1,1,ACCEPT,29.4655,6.1236,6491,0,0,1.0000,168.28,246.73,86.61,129.36,230.50,198.00,55.00,64.00,0.0288,79.03,1,0,2.9125,ACCEPT,0,3933,2223,20608,6,365,6491,0,0,0,0
69,0,1,1,ACCEPT,29.3487,5.9388,6206,0,0,1.0000,168.28,246.73,86.61,129.36,230.00,198.50,54.00,59.00,0.0282,78.33,1,0,2.8707,ACCEPT,0,3837,2107,21094,6,365,6206,0,0,0,0
70,0,1,1,ACCEPT,29.4694,5.8748,6615,-1,-1,0.9643,165.58,242.69,86.61,129.36,230.50,196.00,57.00,62.00,0.0234,79.97,1,0,2.9102,ACCEPT,0,4060,2136,20131,6,365,6615,0,0,0,0
71,0,1,1,ACCEPT,30.6245,5.8244,6867,0,0,1.0000,165.58,242.69,86.61,129.36,231.00,195.00,56.00,60.00,0.0194,80.96,1,0,2.9311,ACCEPT,0,4194,2130,20345,6,365,6867,0,0,0,0
72,0,1,1,ACCEPT,32.4208,6.1154,6782,0,0,1.0000,165.58,242.69,86.61,129.36,230.50,191.00,55.00,66.00,0.0186,82.98,1,0,2.9185,ACCEPT,0,4018,2101,20607,6,365,6782,0,0,0,0
73,0,1,1,ACCEPT,33.0686,6.3826,6957,0,0,1.0000,165.58,242.69,86.61,129.36,230.50,190.00,55.00,66.00,0.0182,83.61,1,0,2.9189,ACCEPT,0,4104,2104,20566,6,365,6957,0,0,0,0
74,0,1,1,ACCEPT,33.6975,6.6258,6977,0,0,1.0000,165.58,242.69,86.61,129.36,231.50,190.00,55.00,66.00,0.0150,84.39,1,0,2.9129,ACCEPT,0,4027,2090,21178,6,365,6977,0,0,0,0
75,0,1,1,ACCEPT,34.9228,7.0358,7071,0,0,1.0000,165.58,242.69,86.61,129.36,232.00,188.50,56.00,67.00,0.0146,85.72,1,0,2.9082,ACCEPT,0,3998,1896,22192,6,365,7071,0,0,0,0
76,0,1,1,ACCEPT,35.1297,7.0987,7120,0,0,1.0000,165.58,242.69,86.61,129.36,232.00,188.50,58.00,65.00,0.0172,85.72,1,0,2.9211,ACCEPT,0,4018,1910,21591,6,365,7120,0,0,0,0
77,0,1,1,ACCEPT,35.3085,7.1670,7038,0,0,1.0000,165.58,242.69,86.61,129.36,232.00,188.00,56.00,66.00,0.0143,86.04,1,0,2.8887,ACCEPT,0,3968,1887,22922,6,365,7038,0,0,0,0
78,0,1,1,ACCEPT,35.3751,6.7748,7100,0,0,1.0000,165.58,242.69,83.28,124.38,231.00,189.00,54.00,66.00,0.0097,84.63,1,-1,2.8663,ACCEPT,0,4027,1965,22202,6,365,7100,0,0,0,0
79,0,1,1,ACCEPT,31.4889,6.5330,6128,0,0,1.0000,165.58,242.69,83.28,124.38,232.50,172.50,53.00,97.00,0.0032,96.98,1,0,2.9140,ACCEPT,0,4015,2021,22652,6,365,6128,0,0,0,0
80,0,1,1,ACCEPT,31.5780,6.6086,6265,0,0,1.0000,165.58,242.69,83.28,124.38,234.50,172.50,51.00,97.00,0.0000,98.37,1,0,2.8759,ACCEPT,0,4149,2138,22422,6,365,6265,0,0,0,0
81,0,1,1,ACCEPT,31.1184,7.1589,6307,1,0,0.9791,168.19,242.69,83.28,124.38,236.50,170.00,51.00,102.00,0.0000,99.75,1,0,2.8113,ACCEPT,0,4171,2070,25434,6,365,6307,0,0,0,0
82,0,1,1,ACCEPT,32.5661,6.8504,6871,0,0,1.0000,168.19,242.69,83.28,124.38,238.00,170.50,50.00,97.00,0.0000,100.42,1,0,2.9095,ACCEPT,0,4169,2122,22951,6,365,6871,0,0,0,0
83,0,1,1,ACCEPT,33.4663,7.5683,6486,1,0,0.9736,170.80,242.69,80.08,119.60,241.00,167.00,48.00,102.00,0.0000,103.23,1,-1,2.8032,ACCEPT,0,3819,2083,24059,6,365,6486,0,0,0,0
84,0,1,1,ACCEPT,31.4031,6.2284,6571,0,0,1.0000,170.80,242.69,80.08,119.60,243.50,166.00,47.00,102.00,0.0000,105.67,1,0,2.9778,ACCEPT,0,3936,2254,23091,6,365,6571,0,0,0,0
85,0,1,1,ACCEPT,30.9473,5.9340,6563,0,0,1.0000,170.80,242.69,80.08,119.60,246.50,164.50,47.00,101.00,0.0000,108.83,1,0,3.0253,ACCEPT,0,3897,2209,22808,6,365,6563,0,0,0,0
86,0,1,1,ACCEPT,30.5737,6.5355,6359,0,0,1.0000,170.80,242.69,80.08,119.60,248.50,161.50,45.00,109.00,0.0000,112.38,1,0,2.9787,ACCEPT,0,3746,2305,22388,6,365,6359,0,0,0,0
87,0,1,1,ACCEPT,32.6056,7.0344,6542,0,0,1.0000,170.80,242.69,80.08,119.60,251.00,161.50,46.00,109.00,0.0000,114.12,1,0,3.0138,ACCEPT,0,3747,2261,23850,6,365,6542,0,0,0,0
88,0,1,1,ACCEPT,31.3064,6.4585,6691,0,0,1.0000,170.80,242.69,80.08,119.60,254.50,156.50,41.00,109.00,0.0000,120.14,1,0,3.0461,ACCEPT,0,3814,2399,21001,6,365,6691,0,0,0,0
89,0,1,1,ACCEPT,33.3626,6.9596,6368,0,-1,0.8742,170.80,238.95,80.08,119.60,256.50,155.50,43.00,105.00,0.0000,119.62,1,0,2.9721,ACCEPT,0,3578,2136,22926,6,365,6368,0,0,0,0
90,0,1,1,ACCEPT,33.5825,6.7130,6572,0,0,1.0000,170.80,238.95,80.08,119.60,254.50,153.50,39.00,107.00,0.0000,119.62,1,0,3.0634,ACCEPT,0,3676,2396,20861,6,365,6572,0,0,0,0
91,0,1,1,ACCEPT,34.9222,7.7360,6475,0,-1,0.9333,170.80,235.22,80.08,119.60,256.00,150.50,40.00,107.00,0.0000,120.15,1,0,2.7517,ACCEPT,0,3529,2508,21768,6,365,6475,0,0,0,0
92,0,1,1,ACCEPT,33.9302,7.5651,6854,0,0,1.0000,170.80,235.22,77.00,115.00,256.50,149.00,37.00,106.00,0.0000,121.57,1,-1,2.8977,ACCEPT,0,3850,2560,21161,6,365,6854,0,0,0,0
93,0,1,1,ACCEPT,32.0021,7.5586,6576,0,-1,0.8917,170.80,231.62,77.00,115.00,256.00,144.50,42.00,103.00,0.0000,121.86,1,0,3.0029,ACCEPT,0,3602,2446,21436,6,365,6576,0,0,0,0
94,0,1,1,ACCEPT,31.2922,6.9100,6606,0,-1,0.8020,170.80,228.03,77.00,115.00,255.50,140.00,37.00,108.00,0.0000,122.16,1,0,2.9404,ACCEPT,0,3569,2439,21435,6,365,6606,0,0,0,0
95,0,1,1,ACCEPT,30.4283,6.8123,7078,-1,-2,0.5873,168.39,220.84,77.00,115.00,258.00,138.00,36.00,100.00,0.0000,122.04,1,0,2.9809,ACCEPT,0,3892,2305,22347,6,365,7078,0,0,0,0
96,0,1,1,ACCEPT,30.4272,6.9024,6861,0,-1,0.8139,168.39,217.25,77.00,115.00,259.50,129.00,39.00,96.00,0.0000,126.84,1,0,3.0001,ACCEPT,0,3777,2513,21156,6,365,6861,0,0,0,0
97,0,1,1,ACCEPT,31.1868,6.7088,6588,0,-1,0.8282,168.39,213.66,77.00,115.00,259.50,129.00,39.00,98.00,0.0000,124.37,1,0,2.9343,ACCEPT,0,3528,2469,21153,6,365,6588,0,0,0,0
98,0,1,1,ACCEPT,32.4087,7.2497,6677,0,-2,0.6620,168.39,206.47,77.00,115.00,257.50,121.00,39.00,98.00,0.0000,123.47,1,0,2.7788,ACCEPT,0,3523,2391,20151,6,365,6677,0,0,0,0
99,0,1,1,ACCEPT,29.5693,6.9624,5744,0,-1,0.8417,168.39,202.88,74.04,110.58,255.00,117.00,46.00,98.00,0.0000,121.97,1,-1,2.8173,ACCEPT,0,3242,2491,18398,6,365,5744,0,0,0,0
100,0,1,1,ACCEPT,28.6969,6.6396,5159,0,-2,0.6627,168.39,195.97,74.04,110.58,257.00,108.00,48.00,102.00,0.0000,124.86,1,0,2.8407,ACCEPT,0,3028,2609,17654,6,365,5159,0,0,0,0
101,0,1,1,ACCEPT,28.4534,5.7326,5102,-1,-1,0.8056,166.08,192.52,74.04,110.58,256.50,108.00,47.00,104.00,0.0000,123.77,1,0,2.9349,ACCEPT,0,2937,2694,17995,6,365,5102,0,0,0,0
102,0,1,1,ACCEPT,29.0086,6.5903,4890,-1,-1,0.7542,163.77,189.06,74.04,110.58,254.50,106.00,41.00,100.00,0.0000,123.01,1,0,2.9706,ACCEPT,0,3027,2740,18079,6,365,4890,0,0,0,0
103,0,1,1,ACCEPT,26.7244,6.1583,4785,-1,-1,0.8171,161.45,185.61,74.04,110.58,254.50,87.00,43.00,78.00,0.0000,135.58,1,0,2.9967,ACCEPT,0,3290,2937,19791,6,365,4785,0,0,0,0
104,0,1,1,ACCEPT,26.8570,6.3547,5160,-1,-1,0.8517,159.14,182.16,74.04,110.58,249.50,84.50,47.00,81.00,0.0000,133.05,1,0,2.9924,ACCEPT,0,3418,3027,18823,6,365,5160,0,0,0,0
105,0,1,1,ACCEPT,25.8808,5.4667,4849,0,-1,0.8554,159.14,178.70,71.19,106.32,253.50,84.50,53.00,87.00,0.0000,133.33,1,-1,2.9346,ACCEPT,0,3339,2884,19024,6,365,4849,0,0,0,0
106,0,1,1,ACCEPT,24.5790,5.0888,4926,-1,-1,0.9255,156.92,175.38,71.19,106.32,252.50,84.00,53.00,88.00,0.0000,132.23,1,0,2.8709,ACCEPT,0,3420,3330,18162,6,365,4926,0,0,0,0
107,0,1,1,ACCEPT,24.1007,4.4986,4872,0,0,1.0000,156.92,175.38,71.19,106.32,250.00,87.00,56.00,92.00,0.0000,128.35,1,0,2.7999,ACCEPT,0,3415,3462,16983,6,365,4872,0,0,0,0
108,0,1,1,ACCEPT,24.6093,4.0899,4548,-1,0,0.9077,154.70,175.38,71.19,106.32,252.00,90.00,54.00,90.00,0.0000,129.44,1,0,2.7835,ACCEPT,0,3084,3439,17033,6,365,4548,0,0,0,0
109,0,1,1,ACCEPT,23.4414,3.4744,4350,0,0,1.0000,154.70,175.38,71.19,106.32,249.00,89.50,52.00,91.00,0.0000,127.54,1,0,2.7666,ACCEPT,0,3262,3073,18224,6,365,4350,0,0,0,0
110,0,1,1,ACCEPT,23.4628,3.3874,4346,-1,0,0.9531,152.48,175.38,71.19,106.32,252.50,92.00,53.00,90.00,0.0000,130.21,1,0,2.5698,ACCEPT,0,3441,3204,18047,6,365,4346,0,0,0,0
111,0,1,1,ACCEPT,23.8251,3.1902,4562,0,0,1.0000,152.48,175.38,71.19,106.32,246.50,95.00,59.00,94.00,0.0000,123.69,1,0,2.6631,ACCEPT,0,3521,3096,18865,6,365,4562,0,0,0,0
112,0,1,1,ACCEPT,23.2857,3.1351,4618,0,0,1.0000,152.48,175.38,71.19,106.32,247.50,97.00,59.00,96.00,0.0000,123.17,1,0,2.6271,ACCEPT,0,3494,3198,17991,6,365,4618,0,0,0,0
113,0,1,1,ACCEPT,21.5694,3.2091,4082,1,1,0.9392,154.70,178.70,68.45,102.23,248.50,102.00,61.00,98.00,0.0000,121.17,1,-1,2.5324,ACCEPT,0,3438,3125,18394,6,365,4082,0,0,0,0
114,0,1,1,ACCEPT,22.0200,3.2252,4154,-1,0,0.8989,152.56,178.70,65.82,98.30,244.50,107.00,51.00,96.00,0.0000,116.59,1,-1,2.5564,ACCEPT,0,3286,3366,17556,6,365,4154,0,0,0,0
115,0,1,1,ACCEPT,19.0521,3.1290,3905,0,1,0.9070,152.56,181.78,65.82,98.30,245.50,111.00,57.00,92.00,0.0000,116.82,1,0,2.6240,ACCEPT,0,3182,3563,17354,6,365,3905,0,0,0,0
116,0,1,1,ACCEPT,20.3516,3.7964,4586,0,0,1.0000,152.56,181.78,63.29,94.52,244.50,114.00,55.00,92.00,0.0000,114.22,1,-1,2.4976,ACCEPT,0,3664,3499,18951,6,365,4586,0,0,0,0
117,0,1,1,ACCEPT,20.4754,3.5720,5008,0,1,0.9718,152.56,184.73,63.29,94.52,245.50,117.00,55.00,96.00,0.0000,115.00,1,0,2.6216,ACCEPT,0,3786,3222,21156,6,365,5008,0,0,0,0
118,0,1,1,ACCEPT,20.7619,4.0399,5062,1,-1,0.9889,154.55,181.78,63.29,94.52,247.00,116.50,60.00,97.00,0.0000,113.18,1,0,2.5199,ACCEPT,0,4130,3266,20765,6,365,5062,0,0,0,0
119,0,1,1,ACCEPT,21.5560,4.4516,5284,0,0,1.0000,154.55,181.78,63.29,94.52,251.50,117.00,63.00,98.00,0.0000,116.60,1,0,2.5585,ACCEPT,0,3975,3299,21350,6,365,5284,0,0,0,0
120,0,1,1,ACCEPT,21.6859,4.3441,5365,0,0,1.0000,154.55,181.78,63.29,94.52,249.50,118.00,63.00,98.00,0.0000,114.39,1,0,2.4337,ACCEPT,0,4052,3295,21346,6,365,5365,0,0,0,0
121,0,1,1,ACCEPT,23.6325,4.4325,5811,1,0,0.9200,156.53,181.78,63.29,94.52,253.00,118.50,64.00,97.00,0.0000,115.37,1,0,2.5259,ACCEPT,0,4056,3257,21443,6,365,5811,0,0,0,0
122,0,1,1,ACCEPT,23.0017,4.0995,5395,0,0,1.0000,156.53,181.78,63.29,94.52,255.00,119.00,68.00,104.00,0.0000,116.78,1,0,2.1409,ACCEPT,0,3866,3368,19748,6,365,5395,0,0,0,0
123,0,1,1,ACCEPT,24.9000,4.1413,5392,0,1,0.9724,156.53,184.73,63.29,94.52,254.50,121.00,63.00,102.00,0.0000,116.88,1,0,2.4771,ACCEPT,0,3499,3187,19560,6,365,5392,0,0,0,0
124,0,1,1,ACCEPT,26.2819,4.7368,5561,0,0,1.0000,156.53,184.73,63.29,94.52,256.00,118.50,68.00,105.00,0.0000,119.50,1,0,2.5980,ACCEPT,0,3628,3215,19217,6,365,5561,0,0,0,0
125,0,1,1,ACCEPT,26.7410,4.9700,5626,0,0,1.0000,156.53,184.73,63.29,94.52,254.00,120.50,64.00,101.00,0.0000,116.73,1,0,2.4445,ACCEPT,0,3654,3186,18462,6,365,5626,0,0,0,0
126,0,1,1,ACCEPT,26.8742,5.3841,5481,0,1,0.9794,156.53,187.69,63.29,94.52,256.00,121.50,66.00,103.00,0.0000,119.48,1,0,2.5399,ACCEPT,0,3586,3112,17823,6,365,5481,0,0,0,0
127,0,1,1,ACCEPT,23.2240,4.0909,5085,1,0,0.9772,158.52,187.69,63.29,94.52,254.50,124.50,63.00,99.00,0.0000,114.92,1,0,2.6099,ACCEPT,0,3564,2958,18857,6,365,5085,0,0,0,0
128,0,1,1,ACCEPT,24.5452,4.7692,5332,0,0,1.0000,158.52,187.69,63.29,94.52,256.00,126.50,64.00,97.00,0.0000,115.10,1,0,2.4779,ACCEPT,0,3611,2880,22980,6,365,5332,0,0,0,0
129,0,1,1,ACCEPT,23.9759,4.0723,5913,1,1,0.9281,160.50,190.64,63.29,94.52,256.50,126.50,61.00,101.00,0.0000,115.46,1,0,2.6882,ACCEPT,0,4419,2895,24785,6,365,5913,0,0,0,0
130,0,1,1,ACCEPT,25.7508,6.1667,6142,0,1,0.9889,160.50,193.59,63.29,94.52,256.00,121.00,60.00,114.00,0.0000,119.96,1,0,2.7719,ACCEPT,0,4274,2875,21721,6,365,6142,0,0,0,0
131,0,1,1,ACCEPT,25.9635,5.8163,5508,0,1,0.9800,160.50,196.55,63.29,94.52,256.50,124.00,63.00,116.00,0.0000,120.33,1,0,2.7323,ACCEPT,0,3844,2714,23021,6,365,5508,0,0,0,0
132,0,1,1,ACCEPT,26.5817,5.7760,5828,0,1,0.9454,160.50,199.50,63.29,94.52,257.00,126.00,62.00,110.00,0.0000,121.30,1,0,2.7560,ACCEPT,0,3968,2799,23016,6,365,5828,0,0,0,0
133,0,1,1,ACCEPT,25.4955,5.6775,5615,0,1,0.9142,160.50,202.45,63.29,94.52,255.50,131.00,61.00,114.00,0.0000,118.87,1,0,2.7767,ACCEPT,0,3985,2803,23369,6,365,5615,0,0,0,0
134,0,1,1,ACCEPT,24.9812,5.7447,5469,-1,2,0.6767,158.52,208.36,63.29,94.52,252.50,140.00,61.00,106.00,0.0000,116.22,1,0,2.5464,ACCEPT,0,3809,2792,23624,6,365,5469,0,0,0,0
135,0,1,1,ACCEPT,24.2107,4.9802,5289,-1,1,0.8631,156.53,211.31,63.29,94.52,249.00,143.00,58.00,102.00,0.0000,114.97,1,0,2.6095,ACCEPT,0,3671,2663,23752,6,365,5289,0,0,0,0
136,0,1,1,ACCEPT,23.0866,4.9417,5085,0,1,0.9257,156.53,214.27,63.29,94.52,247.50,144.50,57.00,101.00,0.0000,114.64,1,0,2.6293,ACCEPT,0,3632,2648,23401,6,365,5085,0,0,0,0
137,0,1,1,ACCEPT,23.8571,5.3767,4995,-1,1,0.8945,154.55,217.22,63.29,94.52,245.00,146.00,56.00,102.00,0.0000,115.13,1,0,2.7379,ACCEPT,0,3409,2682,23285,6,365,4995,0,0,0,0
138,0,1,1,ACCEPT,23.7381,4.9020,5054,0,0,1.0000,154.55,217.22,63.29,94.52,243.50,151.00,57.00,100.00,0.0000,110.89,1,0,2.7578,ACCEPT,0,3488,2640,22530,6,365,5054,0,0,0,0
139,0,1,1,ACCEPT,19.8489,4.7855,4039,-1,0,0.9267,152.56,217.22,63.29,94.52,242.50,151.50,57.00,95.00,0.0000,111.39,1,0,2.8519,ACCEPT,0,3432,2625,22836,6,365,4039,0,0,0,0
140,0,1,1,ACCEPT,21.0973,4.8794,4045,0,0,1.0000,152.56,217.22,63.29,94.52,240.00,152.00,56.00,98.00,0.0000,109.08,1,0,2.8889,ACCEPT,0,3154,2603,22957,6,365,4045,0,0,0,0
141,0,1,1,ACCEPT,22.3539,5.0634,4314,0,1,0.9532,152.56,220.17,63.29,94.52,239.50,152.00,55.00,96.00,0.0000,110.48,1,0,2.6987,ACCEPT,0,3016,2552,23524,6,365,4314,0,0,0,0
142,0,1,1,ACCEPT,22.8783,5.4203,4282,-1,0,0.9998,150.58,220.17,63.29,94.52,236.50,153.50,59.00,95.00,0.0000,108.76,1,0,2.8739,ACCEPT,0,2976,2491,24515,6,365,4282,0,0,0,0
143,0,1,1,ACCEPT,24.4366,5.6168,4426,0,0,1.0000,150.58,220.17,63.29,94.52,236.50,153.50,57.00,91.00,0.0000,108.76,1,0,2.8723,ACCEPT,0,2949,2441,24017,6,365,4426,0,0,0,0
144,0,1,1,ACCEPT,24.6132,5.2620,4278,0,1,0.9970,150.58,223.12,63.29,94.52,237.50,152.50,55.00,91.00,0.0000,112.00,1,0,2.7420,ACCEPT,0,2817,2488,24015,6,365,4278,0,0,0,0
145,0,1,1,ACCEPT,26.0021,5.9452,4447,0,0,1.0000,150.58,223.12,63.29,94.52,237.00,155.00,54.00,92.00,0.0000,110.04,1,0,2.8631,ACCEPT,0,2851,2411,24088,6,365,4447,0,0,0,0
146,0,1,1,ACCEPT,26.9606,6.5556,4248,0,1,0.8894,150.58,226.08,63.29,94.52,236.50,156.50,53.00,93.00,0.0000,110.56,1,0,2.8077,ACCEPT,0,2693,2472,22576,6,365,4248,0,0,0,0
147,0,1,1,ACCEPT,25.9300,5.8832,4030,0,1,0.9154,150.58,229.03,63.29,94.52,234.50,158.50,55.00,93.00,0.0000,109.62,1,0,2.7163,ACCEPT,0,2593,2451,22235,6,365,4030,0,0,0,0
148,0,1,1,ACCEPT,25.2846,6.3721,3785,-1,1,0.9337,148.59,231.98,63.29,94.52,233.00,160.50,54.00,95.00,0.0000,110.61,1,0,2.7475,ACCEPT,0,2525,2528,21754,6,365,3785,0,0,0,0
149,0,1,1,ACCEPT,26.2950,6.0304,3763,0,0,1.0000,148.59,231.98,63.29,94.52,232.00,161.50,54.00,95.00,0.0000,109.20,1,0,2.7778,ACCEPT,0,2604,2312,24839,6,365,3763,0,0,0,0
150,0,1,1,ACCEPT,27.2114,6.2087,3986,-1,1,0.8480,146.61,234.94,60.85,90.89,231.50,163.00,53.00,100.00,0.0000,111.27,1,-1,2.8296,ACCEPT,0,2723,2429,23503,6,365,3986,0,0,0,0
151,0,1,1,ACCEPT,25.9358,6.5062,3663,0,1,0.8670,146.61,237.78,60.85,90.89,226.50,166.50,51.00,97.00,0.0000,107.07,1,0,2.7681,ACCEPT,0,2624,2225,23918,6,365,3663,0,0,0,0
152,0,1,1,ACCEPT,21.5313,4.3115,3350,-1,1,0.9299,144.70,240.62,60.85,90.89,226.50,166.50,51.00,97.00,0.0000,110.39,1,0,2.5919,ACCEPT,0,2921,2322,21329,6,365,3350,0,0,0,0
153,0,1,1,ACCEPT,21.7168,4.9877,3247,0,0,1.0000,144.70,240.62,60.85,90.89,224.50,169.00,49.00,96.00,0.0000,107.23,1,0,2.7793,ACCEPT,0,2793,2176,24017,6,365,3247,0,0,0,0
154,0,1,1,ACCEPT,19.8561,4.7182,3416,-1,1,0.7989,142.80,243.47,60.85,90.89,224.00,176.00,52.00,90.00,0.0000,105.57,1,0,2.8195,ACCEPT,0,3067,2181,23446,6,365,3416,0,0,0,0
155,0,1,1,ACCEPT,18.1676,4.0203,3176,-1,1,0.8498,140.89,246.31,60.85,90.89,221.00,175.50,50.00,95.00,0.0000,106.92,1,0,2.7394,ACCEPT,0,3279,2009,26876,6,365,3176,0,0,0,0
156,0,1,1,ACCEPT,15.4515,3.3720,2819,0,1,0.9035,140.89,249.16,60.85,90.89,220.50,178.00,53.00,86.00,0.0000,106.77,1,0,2.5167,ACCEPT,0,3221,1796,29389,6,365,2819,0,0,0,0
157,0,1,1,ACCEPT,14.2436,3.0000,2769,-1,1,0.7656,138.98,252.00,60.85,90.89,217.50,181.00,51.00,84.00,0.0000,105.86,1,0,2.6005,ACCEPT,1,3327,1892,32767,6,365,2769,0,0,0,1
158,0,1,1,ACCEPT,12.8893,2.4363,2602,-1,1,0.8055,137.08,254.84,60.85,90.89,215.50,184.50,53.00,85.00,0.0000,105.35,1,0,2.7257,ACCEPT,0,3435,1937,28071,6,365,2602,0,0,0,0
159,0,1,1,ACCEPT,13.6999,2.7434,2683,-1,1,0.8505,135.17,257.69,60.85,90.89,215.00,190.50,54.00,81.00,0.0000,104.34,1,0,2.8491,ACCEPT,0,3358,1748,32347,6,365,2683,0,0,0,0
160,0,1,1,ACCEPT,14.4468,2.6187,2967,0,1,0.9039,135.17,260.53,60.85,90.89,213.00,190.00,52.00,80.00,0.0000,105.03,1,0,2.8266,ACCEPT,1,3456,1756,32767,6,365,2967,0,0,0,1
161,0,1,1,ACCEPT,14.2760,2.8322,2583,-1,1,0.8153,133.27,263.38,60.85,90.89,210.00,196.50,52.00,77.00,0.0000,101.79,1,0,2.9380,ACCEPT,1,3212,1743,32767,6,365,2583,0,0,0,1
162,0,1,1,ACCEPT,15.4863,3.0886,2789,0,1,0.8806,133.27,266.22,60.85,90.89,211.00,198.00,54.00,76.00,0.0000,103.42,1,0,2.8448,ACCEPT,1,3104,1834,32767,6,365,2789,0,0,0,1
163,0,1,1,ACCEPT,14.1657,2.8563,2565,-1,1,0.8277,131.36,269.06,60.85,90.89,209.50,202.50,55.00,75.00,0.0000,102.65,1,0,2.9903,ACCEPT,1,3172,1717,32767,6,365,2565,0,0,0,1
164,0,1,1,ACCEPT,15.1454,2.8225,2560,0,1,0.9453,131.36,271.91,60.85,90.89,208.50,204.50,55.00,71.00,0.0000,102.44,1,0,2.9298,ACCEPT,1,3072,1812,32767,6,365,2560,0,0,0,1
165,0,1,1,ACCEPT,16.0722,2.7122,2921,0,1,0.9825,131.36,274.75,60.85,90.89,208.50,208.50,55.00,65.00,0.0000,101.68,1,0,2.8507,ACCEPT,1,3121,1830,32767,6,365,2921,0,0,0,1
166,0,1,1,ACCEPT,17.5111,3.4539,2922,0,0,1.0000,131.36,274.75,60.85,90.89,208.50,208.50,53.00,67.00,0.0000,101.68,1,0,2.9087,ACCEPT,1,2858,1804,32767,6,365,2922,0,0,0,1
167,0,1,1,ACCEPT,18.5509,3.4939,3424,0,1,0.9442,131.36,277.59,60.85,90.89,208.00,210.00,56.00,70.00,0.0000,102.19,1,0,2.8841,ACCEPT,1,3077,1827,32767,6,365,3424,0,0,0,1
168,0,1,1,ACCEPT,19.4475,3.3129,3452,0,0,1.0000,131.36,277.59,60.85,90.89,208.00,209.50,54.00,73.00,0.0000,102.52,1,0,2.7794,ACCEPT,1,3066,1835,32767,6,365,3452,0,0,0,1
169,0,1,1,ACCEPT,20.2615,3.9028,3614,0,1,0.9458,131.36,280.44,60.85,90.89,206.50,213.00,53.00,72.00,0.0000,100.96,1,0,2.8069,ACCEPT,1,3264,1918,32767,6,365,3614,0,0,0,1
170,0,1,1,ACCEPT,21.4401,3.6673,4001,0,1,0.9853,131.36,283.28,60.85,90.89,207.00,217.00,52.00,60.00,0.0000,100.57,1,0,2.7096,ACCEPT,1,3251,1821,32767,6,365,4001,0,0,0,1
171,0,1,1,ACCEPT,22.0025,3.6961,3807,0,0,1.0000,131.36,283.28,60.85,90.89,207.00,218.50,52.00,59.00,0.0000,99.59,1,0,2.8305,ACCEPT,1,3063,1829,32767,6,365,3807,0,0,0,1
172,0,1,1,ACCEPT,22.9682,4.2274,3978,0,0,1.0000,131.36,283.28,60.85,90.89,206.00,221.00,52.00,56.00,0.0000,97.21,1,0,2.8811,ACCEPT,1,3090,1793,32767,6,365,3978,0,0,0,1
173,0,1,1,ACCEPT,23.2485,4.5278,4152,-1,0,0.9860,129.45,283.28,60.85,90.89,205.50,222.50,53.00,55.00,0.0000,97.35,1,0,2.7821,ACCEPT,1,3264,1785,32767,6,365,4152,0,0,0,1
174,0,1,1,ACCEPT,24.4549,4.6065,4413,0,0,1.0000,129.45,283.28,60.85,90.89,204.50,222.50,51.00,53.00,0.0000,96.57,1,0,2.8981,ACCEPT,0,3290,1805,30256,6,365,4413,0,0,0,0
175,0,1,1,ACCEPT,22.5825,4.3289,4567,-1,0,0.9102,127.55,283.28,60.85,90.89,200.50,223.50,57.00,49.00,0.0000,94.32,1,0,2.8061,ACCEPT,0,3782,1793,28861,6,365,4567,0,0,0,0
176,0,1,1,ACCEPT,22.4368,4.0340,4393,-1,0,0.8641,125.64,283.28,60.85,90.89,198.00,224.00,56.00,46.00,0.0000,93.54,1,0,2.7169,ACCEPT,0,3634,1781,27058,6,365,4393,0,0,0,0
177,0,1,1,ACCEPT,24.3421,4.0494,4754,-1,0,0.8830,123.73,283.28,58.51,87.39,195.50,223.50,57.00,43.00,0.0000,93.40,1,-1,2.7277,ACCEPT,0,3601,1716,29372,6,365,4754,0,0,0,0
178,0,1,1,ACCEPT,22.8922,4.0240,4358,-1,1,0.7891,121.91,286.02,58.51,87.39,194.00,224.00,56.00,40.00,0.0000,95.10,1,0,2.8241,ACCEPT,0,3564,1696,29443,6,365,4358,0,0,0,0
179,0,1,1,ACCEPT,24.1893,4.0192,4606,-1,0,0.8884,120.08,286.02,58.51,87.39,189.50,225.00,55.00,36.00,0.0000,92.42,1,0,2.8847,ACCEPT,0,3533,1618,30990,6,365,4606,0,0,0,0
180,0,1,1,ACCEPT,23.8267,4.0806,4505,-1,0,0.8566,118.25,286.02,58.51,87.39,188.00,225.50,52.00,35.00,0.0000,92.34,1,0,2.8643,ACCEPT,0,3508,1719,28794,6,365,4505,0,0,0,0
181,0,1,1,ACCEPT,22.1782,4.1820,3952,-1,0,0.9269,116.42,286.02,58.51,87.39,185.50,226.00,53.00,34.00,0.0000,91.51,1,0,2.7549,ACCEPT,0,3529,1732,28537,6,365,3952,0,0,0,0
182,0,1,1,ACCEPT,21.9905,4.1911,3969,0,1,0.9768,116.42,288.75,58.51,87.39,184.50,226.00,53.00,34.00,0.0000,92.59,1,0,2.9443,ACCEPT,0,3610,1801,27713,6,365,3969,0,0,0,0
183,0,1,1,ACCEPT,23.2457,4.4667,4154,-1,0,0.8385,114.59,288.75,58.51,87.39,179.50,226.50,57.00,35.00,0.0000,89.93,1,0,2.9405,ACCEPT,0,3426,1772,29129,6,365,4154,0,0,0,0
184,0,1,1,ACCEPT,23.3051,5.3901,4048,-1,0,0.8219,112.77,288.75,58.51,87.39,176.50,230.00,57.00,30.00,0.0000,86.68,1,0,2.8152,ACCEPT,0,3611,1785,30452,6,365,4048,0,0,0,0
185,0,1,1,ACCEPT,23.9825,5.1613,4351,-1,0,0.9421,110.94,288.75,56.26,84.03,174.50,229.50,57.00,31.00,0.0000,86.90,1,-1,2.8035,ACCEPT,0,3886,1862,30346,6,365,4351,0,0,0,0
186,0,1,1,ACCEPT,24.2047,4.9200,4364,0,1,0.9918,110.94,291.38,56.26,84.03,173.00,230.00,56.00,32.00,0.0000,87.28,1,0,2.8888,ACCEPT,0,3681,1913,32294,6,365,4364,0,0,0,0
187,0,1,1,ACCEPT,21.1545,4.2420,4348,0,0,1.0000,110.94,291.38,56.26,84.03,171.00,231.00,54.00,30.00,0.0000,85.16,1,0,2.9191,ACCEPT,0,3731,1857,32275,6,365,4348,0,0,0,0
188,0,1,1,ACCEPT,21.1199,3.8374,4225,0,0,1.0000,110.94,291.38,56.26,84.03,170.50,232.00,57.00,28.00,0.0000,84.10,1,0,2.8922,ACCEPT,0,3942,1990,30964,6,365,4225,0,0,0,0
189,0,1,1,ACCEPT,21.2088,4.0076,4220,0,0,1.0000,110.94,291.38,56.26,84.03,169.50,234.00,55.00,26.00,0.0000,81.98,1,0,2.8701,ACCEPT,0,3942,1913,32205,6,365,4220,0,0,0,0
190,0,1,1,ACCEPT,22.4119,4.3301,4512,-1,1,0.8746,109.17,294.00,56.26,84.03,166.00,235.00,56.00,22.00,0.0000,81.92,1,0,3.0100,ACCEPT,0,3786,1981,30708,6,365,4512,0,0,0,0
191,0,1,1,ACCEPT,23.9722,4.7987,4578,0,0,1.0000,109.17,294.00,56.26,84.03,163.50,236.50,57.00,21.00,0.0000,79.11,1,0,2.9273,ACCEPT,0,3835,2003,30393,6,365,4578,0,0,0,0
192,0,1,1,ACCEPT,24.9826,4.5794,4758,0,1,0.9760,109.17,296.62,56.26,84.03,162.50,240.00,61.00,20.00,0.0000,77.78,1,0,2.9515,ACCEPT,0,3888,1956,31918,6,365,4758,0,0,0,0
193,0,1,1,ACCEPT,25.2352,4.7069,4801,0,0,1.0000,109.17,296.62,56.26,84.03,161.00,239.50,64.00,17.00,0.0000,77.13,1,0,2.7341,ACCEPT,0,3890,1956,32129,6,365,4801,0,0,0,0
194,0,1,1,ACCEPT,25.9780,4.8067,4874,0,1,0.9606,109.17,299.25,56.26,84.03,152.00,240.50,78.00,23.00,0.0000,72.70,1,0,2.8934,ACCEPT,0,4079,2010,31889,6,365,4874,0,0,0,0
195,0,1,1,ACCEPT,26.3089,5.2607,4803,-1,1,0.9802,107.41,301.88,56.26,84.03,150.50,244.00,81.00,18.00,0.0000,72.16,1,0,2.8756,ACCEPT,0,3957,1976,32568,6,365,4803,0,0,0,0
196,0,1,1,ACCEPT,27.2263,5.4436,5166,0,0,1.0000,107.41,301.88,56.26,84.03,147.50,245.00,77.00,18.00,0.0000,69.59,1,0,2.9261,ACCEPT,0,4154,2057,32158,6,365,5166,0,0,0,0
197,0,1,1,ACCEPT,27.4662,5.9524,5131,0,1,0.9867,107.41,304.50,56.26,84.03,147.00,248.00,76.00,18.00,0.0000,68.99,1,0,2.9299,ACCEPT,0,4193,2035,32750,6,365,5131,0,0,0,0
198,0,1,1,ACCEPT,28.4208,6.4192,5161,0,0,1.0000,107.41,304.50,56.26,84.03,144.00,249.50,72.00,19.00,0.0000,66.06,1,0,2.8636,ACCEPT,0,4218,2030,32608,6,365,5161,0,0,0,0
199,0,1,1,ACCEPT,26.0155,7.3258,4835,0,1,0.9768,107.41,307.12,56.26,84.03,145.00,251.00,66.00,16.00,0.0000,67.55,1,0,2.9067,ACCEPT,0,4320,2237,31847,6,365,4835,0,0,0,0
200,0,1,1,ACCEPT,25.0108,6.2877,4546,-1,1,0.9765,105.64,309.75,56.26,84.03,139.50,250.00,65.00,12.00,0.0000,68.68,1,0,2.8013,ACCEPT,0,4044,2086,28839,6,365,4546,0,0,0,0
201,0,1,1,ACCEPT,25.0865,7.3484,4240,0,0,1.0000,105.64,309.75,56.26,84.03,139.50,251.50,63.00,13.00,0.0000,67.38,1,0,3.0623,ACCEPT,0,3690,2149,28451,6,365,4240,0,0,0,0
202,0,1,1,ACCEPT,26.1569,7.3174,4288,-1,1,0.9564,103.88,312.38,56.26,84.03,133.00,251.50,58.00,17.00,0.0000,67.48,1,0,2.9246,ACCEPT,0,3546,2114,26909,6,365,4288,0,0,0,0
203,0,1,1,ACCEPT,26.1294,7.6740,4167,0,0,1.0000,103.88,312.38,56.26,84.03,131.50,252.00,59.00,16.00,0.0000,66.39,1,0,3.0535,ACCEPT,0,3538,2252,26480,6,365,4167,0,0,0,0
204,0,1,1,ACCEPT,26.2550,7.3288,4324,0,1,0.9868,103.88,315.00,56.26,84.03,124.00,251.50,76.00,19.00,0.0000,66.61,1,0,2.8653,ACCEPT,0,3596,2124,26909,6,365,4324,0,0,0,0
205,0,1,1,ACCEPT,27.0681,7.2524,4569,0,0,1.0000,103.88,315.00,56.26,84.03,121.00,253.00,70.00,18.00,0.0000,64.32,1,0,3.0636,ACCEPT,0,3529,2202,27023,6,365,4569,0,0,0,0
206,0,1,1,ACCEPT,28.0174,7.1659,4794,0,0,1.0000,103.88,315.00,56.26,84.03,116.50,253.00,61.00,18.00,0.0000,63.27,1,0,3.1220,ACCEPT,0,3676,2187,28551,6,365,4794,0,0,0,0
207,0,1,1,ACCEPT,28.3547,6.7976,5037,1,0,0.9984,105.64,315.00,56.26,84.03,112.00,253.00,76.00,18.00,0.0000,62.33,1,0,2.9671,ACCEPT,0,3892,2162,29756,6,365,5037,0,0,0,0
208,0,1,1,ACCEPT,29.6554,6.8860,5254,0,0,1.0000,105.64,315.00,56.26,84.03,112.50,251.50,71.00,17.00,0.0000,63.87,1,0,3.0405,ACCEPT,0,3838,2100,29330,6,365,5254,0,0,0,0
209,0,1,1,ACCEPT,30.1234,6.9269,5306,0,0,1.0000,105.64,315.00,56.26,84.03,97.00,252.00,92.00,14.00,0.0000,63.59,1,0,3.0761,ACCEPT,0,3743,2204,28814,6,365,5306,0,0,0,0
210,0,1,1,ACCEPT,31.0225,6.5290,5406,1,0,0.9541,107.41,315.00,56.26,84.03,98.50,252.00,87.00,12.00,0.0000,63.63,1,0,3.1301,ACCEPT,0,3679,2317,28145,6,365,5406,0,0,0,0
211,0,1,1,ACCEPT,30.8397,7.9913,5490,1,0,0.9230,109.17,315.00,56.26,84.03,84.00,252.50,100.00,13.00,0.0000,67.38,1,0,3.0550,ACCEPT,0,3832,2697,23888,6,365,5490,0,0,0,0
212,0,1,1,ACCEPT,30.9612,7.1383,4697,0,0,1.0000,109.17,315.00,56.26,84.03,85.00,253.00,102.00,16.00,0.0000,66.55,1,0,2.9850,ACCEPT,0,3253,2697,23743,6,365,4697,0,0,0,0
213,0,1,1,ACCEPT,32.2744,7.6937,4847,1,0,0.8737,110.94,315.00,56.26,84.03,74.50,253.50,107.00,13.00,0.0000,71.48,1,0,2.9843,ACCEPT,0,3199,2763,23797,6,365,4847,0,0,0,0
214,0,1,1,ACCEPT,31.4304,7.4129,4811,0,0,1.0000,110.94,315.00,56.26,84.03,73.00,252.50,100.00,13.00,0.0000,73.11,1,0,3.0352,ACCEPT,0,3278,2644,23276,6,365,4811,0,0,0,0
215,0,1,1,ACCEPT,32.9415,7.4938,4826,1,0,0.8692,112.70,315.00,56.26,84.03,75.00,253.50,100.00,13.00,0.0000,72.14,1,0,3.0678,ACCEPT,0,3157,2669,21016,6,365,4826,0,0,0,0
216,0,1,1,ACCEPT,34.8022,8.3005,4557,1,0,0.9346,114.47,315.00,56.26,84.03,70.00,254.00,96.00,14.00,0.0000,75.49,1,0,3.0329,ACCEPT,0,2885,2726,21982,6,365,4557,0,0,0,0
217,0,1,1,ACCEPT,37.3596,8.0289,4721,1,-1,0.9159,116.23,312.38,56.26,84.03,65.00,253.00,96.00,14.00,0.0000,78.42,1,0,2.8224,ACCEPT,0,2778,2682,24231,6,365,4721,0,0,0,0
218,0,1,1,ACCEPT,38.2666,9.8782,5028,0,0,1.0000,116.23,312.38,56.26,84.03,63.00,253.50,90.00,15.00,0.0000,79.37,1,0,2.9664,ACCEPT,0,2997,2576,24726,6,365,5028,0,0,0,0
219,0,1,1,ACCEPT,38.4113,9.2226,5137,0,0,1.0000,116.23,312.38,56.26,84.03,55.50,252.50,93.00,13.00,0.0000,85.29,1,0,2.9985,ACCEPT,0,2961,2659,22398,6,365,5137,0,0,0,0
220,0,1,1,ACCEPT,39.5632,10.9108,4768,1,-1,0.9434,118.00,309.75,54.10,80.80,53.00,251.50,88.00,13.00,0.0000,87.28,1,-1,2.8080,ACCEPT,0,2643,2673,22961,6,365,4768,0,0,0,0
221,0,1,1,ACCEPT,37.0500,9.6898,4748,0,0,1.0000,118.00,309.75,54.10,80.80,50.00,250.50,84.00,13.00,0.0000,90.19,1,0,2.8979,ACCEPT,0,2534,2532,24056,6,365,4748,0,0,0,0
222,0,1,1,ACCEPT,39.4240,10.6674,4939,0,-1,0.9328,118.00,307.22,54.10,80.80,49.50,251.00,81.00,14.00,0.0000,88.62,1,0,2.8776,ACCEPT,0,2548,2575,26532,6,365,4939,0,0,0,0
223,0,1,1,ACCEPT,37.2425,9.6423,5149,0,0,1.0000,118.00,307.22,54.10,80.80,42.50,250.00,71.00,14.00,0.0000,94.73,1,0,2.8469,ACCEPT,0,2830,2693,22308,6,365,5149,0,0,0,0
224,0,1,1,ACCEPT,35.2126,9.0566,4483,0,-1,0.9143,118.00,304.69,54.10,80.80,45.00,247.00,52.00,14.00,0.0000,93.04,1,0,2.8508,ACCEPT,0,2513,2764,21298,6,365,4483,0,0,0,0
225,0,1,1,ACCEPT,35.5276,9.0693,4190,1,-1,0.9198,119.69,302.16,54.10,80.80,43.50,246.50,51.00,11.00,0.0000,94.35,1,0,2.6603,ACCEPT,0,2400,2815,20568,6,365,4190,0,0,0,0
226,0,1,1,ACCEPT,34.0359,7.9601,3988,0,0,1.0000,119.69,302.16,54.10,80.80,42.50,244.00,53.00,12.00,0.0000,96.64,1,0,2.8324,ACCEPT,0,2137,2690,20292,6,365,3988,0,0,0,0
227,0,1,1,ACCEPT,33.9760,8.4947,3984,0,-1,0.9568,119.69,299.62,54.10,80.80,39.00,242.50,46.00,13.00,0.0000,98.86,1,0,2.7438,ACCEPT,0,2163,2791,20644,6,365,3984,0,0,0,0
228,0,1,1,ACCEPT,32.3540,7.7825,3829,0,0,1.0000,119.69,299.62,54.10,80.80,36.50,241.00,45.00,14.00,0.0000,101.77,1,0,2.8328,ACCEPT,0,2072,2672,19174,6,365,3829,0,0,0,0
229,0,1,1,ACCEPT,33.1033,7.7576,3553,0,-1,0.9173,119.69,297.09,54.10,80.80,33.50,240.50,45.00,11.00,0.0000,103.11,1,0,2.8272,ACCEPT,0,1995,2717,21486,6,365,3553,0,0,0,0
230,0,1,1,ACCEPT,33.1694,7.7926,4021,1,0,0.9629,121.38,297.09,54.10,80.80,32.00,240.00,46.00,14.00,0.0000,106.05,1,0,2.8935,ACCEPT,0,2242,2657,20509,6,365,4021,0,0,0,0
231,0,1,1,ACCEPT,31.2798,7.2154,3752,1,-1,0.9566,123.06,294.56,52.02,77.69,28.00,243.00,48.00,22.00,0.0000,108.15,1,-1,2.5960,ACCEPT,0,2189,2596,22436,6,365,3752,0,0,0,0
232,0,1,1,ACCEPT,27.5988,5.8505,3639,0,-1,0.9964,123.06,292.14,50.02,74.70,28.00,241.00,48.00,20.00,0.0000,107.95,1,-1,2.4980,ACCEPT,0,2223,2490,22654,6,365,3639,0,0,0,0
233,0,1,1,ACCEPT,24.9191,5.1321,3264,0,0,1.0000,123.06,292.14,50.02,74.70,29.00,235.00,44.00,14.00,0.0000,110.06,1,0,2.9740,ACCEPT,0,2100,2465,24243,6,365,3264,0,0,0,0
234,0,1,1,ACCEPT,24.5545,4.8213,3481,0,-1,0.9925,123.06,289.81,50.02,74.70,29.00,234.00,42.00,14.00,0.0000,109.37,1,0,3.1038,ACCEPT,0,2197,2498,22572,6,365,3481,0,0,0,0
235,0,1,1,ACCEPT,24.5036,5.2896,3544,1,0,0.9043,124.62,289.81,50.02,74.70,26.50,232.50,45.00,15.00,0.0000,113.64,1,0,2.8560,ACCEPT,0,2450,2634,18959,6,365,3544,0,0,0,0
236,0,1,1,ACCEPT,23.0085,4.6677,3160,0,-1,0.9627,124.62,287.48,50.02,74.70,27.00,231.00,40.00,18.00,0.0000,112.79,1,0,2.9265,ACCEPT,0,2338,2465,21927,6,365,3160,0,0,0,0
237,0,1,1,ACCEPT,24.0175,4.8267,3620,1,0,0.9185,126.19,287.48,50.02,74.70,26.50,229.50,41.00,13.00,0.0000,115.32,1,0,2.9580,ACCEPT,0,2447,2536,22495,6,365,3620,0,0,0,0
238,0,1,1,ACCEPT,24.2292,4.6114,3869,1,0,0.9134,127.75,287.48,50.02,74.70,29.00,228.00,42.00,14.00,0.0000,115.28,1,0,2.9129,ACCEPT,0,2768,2552,25453,6,365,3869,0,0,0,0
239,0,1,1,ACCEPT,23.3133,4.3358,4158,1,-1,0.9533,129.31,285.16,50.02,74.70,28.00,226.50,44.00,13.00,0.0000,117.07,1,0,2.9095,ACCEPT,0,3079,2448,29473,6,365,4158,0,0,0,0
240,0,1,1,ACCEPT,24.6712,5.1627,4569,1,0,0.8873,130.88,285.16,50.02,74.70,29.50,226.00,41.00,14.00,0.0000,117.37,1,0,2.8984,ACCEPT,0,3202,2485,27061,6,365,4569,0,0,0,0
241,0,1,1,ACCEPT,24.9980,5.0437,4388,1,-1,0.8633,132.44,282.83,50.02,74.70,28.50,225.00,43.00,12.00,0.0000,118.94,1,0,2.8509,ACCEPT,0,3138,2461,27767,6,365,4388,0,0,0,0
242,0,1,1,ACCEPT,24.3711,5.4328,4243,2,0,0.7872,135.56,282.83,50.02,74.70,30.00,224.00,44.00,12.00,0.0000,120.85,1,0,2.8831,ACCEPT,0,2969,2456,26860,6,365,4243,0,0,0,0
243,0,1,1,ACCEPT,23.4206,5.0712,3915,0,0,1.0000,135.56,282.83,50.02,74.70,30.00,222.00,48.00,14.00,0.0000,121.83,1,0,3.0818,ACCEPT,0,2925,2316,28628,6,365,3915,0,0,0,0
244,0,1,1,ACCEPT,23.5391,5.3144,4023,1,0,0.8432,137.12,282.83,50.02,74.70,28.00,223.50,52.00,13.00,0.0000,124.21,1,0,3.0706,ACCEPT,0,2943,2288,29886,6,365,4023,0,0,0,0
245,0,1,1,ACCEPT,23.8556,5.8405,4065,2,-1,0.6883,140.25,280.50,50.02,74.70,28.50,223.50,51.00,13.00,0.0000,125.45,1,0,2.9559,ACCEPT,0,2910,2269,31241,6,365,4065,0,0,0,0
246,0,1,1,ACCEPT,25.7854,5.2973,4116,1,0,0.8946,141.81,280.50,50.02,74.70,31.00,222.50,48.00,15.00,0.0000,125.07,1,0,3.0514,ACCEPT,0,2880,2268,29923,6,365,4116,0,0,0,0
247,0,1,1,ACCEPT,23.6993,5.0288,3847,1,0,0.9215,143.38,280.50,50.02,74.70,28.00,222.00,52.00,14.00,0.0000,129.36,1,0,3.0598,ACCEPT,0,2682,2137,24065,6,365,3847,0,0,0,0
248,0,1,1,ACCEPT,22.5256,4.9877,3257,1,0,0.8170,144.94,280.50,50.02,74.70,32.50,224.00,49.00,20.00,0.0000,125.83,1,0,3.0116,ACCEPT,0,2376,2172,22017,6,365,3257,0,0,0,0
249,0,1,1,ACCEPT,22.1967,4.8407,3069,1,0,0.8488,146.50,280.50,50.02,74.70,33.50,224.50,51.00,19.00,0.0000,126.12,1,0,2.9463,ACCEPT,0,2295,2066,21984,6,365,3069,0,0,0,0
250,0,1,1,ACCEPT,23.1551,4.9221,3160,1,0,0.9168,148.06,280.50,50.02,74.70,35.00,226.00,52.00,22.00,0.0000,125.51,1,0,2.9500,ACCEPT,0,2335,2052,21833,6,365,3160,0,0,0,0
251,0,1,1,ACCEPT,23.1626,4.9873,3147,1,0,0.8049,149.62,280.50,50.02,74.70,35.50,227.00,45.00,26.00,0.0000,126.04,1,0,2.9289,ACCEPT,0,2343,2078,21922,6,365,3147,0,0,0,0
252,0,1,1,ACCEPT,24.1225,5.0250,3216,1,-1,0.8197,151.19,278.17,50.02,74.70,37.50,227.00,51.00,24.00,0.0000,124.67,1,0,2.8610,ACCEPT,0,2347,2073,19899,6,365,3216,0,0,0,0
253,0,1,1,ACCEPT,24.6155,4.9828,3179,2,0,0.7704,154.31,278.17,50.02,74.70,43.00,225.50,42.00,23.00,0.0000,123.15,1,0,2.9595,ACCEPT,0,2338,2137,20605,6,365,3179,0,0,0,0
254,0,1,1,ACCEPT,25.6923,5.3364,3474,1,0,0.9194,155.88,278.17,50.02,74.70,44.50,227.00,43.00,26.00,0.0000,122.57,1,0,2.9745,ACCEPT,0,2438,2137,19900,6,365,3474,0,0,0,0
255,0,1,1,ACCEPT,26.4826,5.5400,3529,1,0,0.8886,157.44,278.17,50.02,74.70,45.50,227.50,41.00,25.00,0.0000,122.87,1,0,2.9399,ACCEPT,0,2409,2062,19877,6,365,3529,0,0,0,0
256,0,1,1,ACCEPT,26.4788,5.3926,3667,2,0,0.7418,160.56,278.17,50.02,74.70,47.00,227.00,42.00,24.00,0.0000,124.56,1,0,2.9649,ACCEPT,0,2449,2049,19572,6,365,3667,0,0,0,0
257,0,1,1,ACCEPT,24.9799,5.1519,3596,0,1,0.9577,160.56,280.50,50.02,74.70,48.00,230.50,42.00,29.00,0.0000,123.17,1,0,2.8652,ACCEPT,0,2515,2071,19107,6,365,3596,0,0,0,0
258,0,1,1,ACCEPT,26.9006,5.6758,3922,2,0,0.7670,163.69,280.50,50.02,74.70,50.00,230.00,42.00,30.00,0.0000,124.40,1,0,2.9023,ACCEPT,0,2526,1977,19367,6,365,3922,0,0,0,0
259,0,1,1,ACCEPT,24.5141,4.8341,3993,1,0,0.8828,165.25,280.50,50.02,74.70,48.00,233.00,36.00,34.00,0.0000,126.51,1,0,2.7635,ACCEPT,0,2912,2373,20123,6,365,3993,0,0,0,0
260,0,1,1,ACCEPT,24.9037,4.8914,4187,2,1,0.6649,168.38,282.83,50.02,74.70,49.50,235.00,37.00,34.00,0.0000,128.14,1,0,2.8415,ACCEPT,0,2889,2429,22093,6,365,4187,0,0,0,0
261,0,1,1,ACCEPT,25.6083,5.2250,4645,1,0,0.8155,169.94,282.83,50.02,74.70,54.50,238.00,39.00,40.00,0.0000,123.84,1,0,2.8256,ACCEPT,0,3238,2453,22978,6,365,4645,0,0,0,0
262,0,1,1,ACCEPT,25.3330,4.8806,4905,2,1,0.7821,173.06,285.16,50.02,74.70,56.50,238.00,41.00,36.00,0.0000,125.74,1,0,2.8742,ACCEPT,0,3360,2420,24963,6,365,4905,0,0,0,0
263,0,1,1,ACCEPT,26.8783,5.3477,5476,1,0,0.9012,174.62,285.16,50.02,74.70,57.00,240.00,44.00,40.00,0.0000,125.99,1,0,2.9117,ACCEPT,0,3589,2386,25647,6,365,5476,0,0,0,0
264,0,1,1,ACCEPT,26.2945,5.4184,5413,1,1,0.8807,176.19,287.48,50.02,74.70,59.00,239.00,42.00,38.00,0.0000,126.82,1,0,2.8309,ACCEPT,0,3746,2448,25284,6,365,5413,0,0,0,0
265,0,1,1,ACCEPT,27.9675,5.6756,5687,1,0,0.8017,177.75,287.48,50.02,74.70,60.50,239.00,41.00,44.00,0.0000,126.88,1,0,2.9279,ACCEPT,0,3669,2459,25177,6,365,5687,0,0,0,0
266,0,1,1,ACCEPT,27.9032,5.8116,5614,1,0,0.8783,179.31,287.48,50.02,74.70,60.50,240.00,43.00,40.00,0.0000,127.95,1,0,2.8849,ACCEPT,0,3655,2556,24152,6,365,5614,0,0,0,0
267,0,1,1,ACCEPT,28.3073,6.0440,5494,1,1,0.8280,180.88,289.81,50.02,74.70,61.50,240.50,41.00,37.00,0.0000,129.16,1,0,2.7279,ACCEPT,0,3433,2542,23377,6,365,5494,0,0,0,0
268,0,1,1,ACCEPT,29.2343,6.6696,5389,1,0,0.9052,182.44,289.81,50.02,74.70,63.00,241.50,40.00,35.00,0.0000,128.84,1,0,2.8662,ACCEPT,0,3436,2574,22236,6,365,5389,0,0,0,0
269,0,1,1,ACCEPT,32.0924,7.1096,5581,1,0,0.8493,184.00,289.81,50.02,74.70,63.50,241.00,41.00,32.00,0.0000,130.01,1,0,2.8945,ACCEPT,0,3314,2560,21676,6,365,5581,0,0,0,0
270,0,1,1,ACCEPT,32.1340,6.9151,5456,1,0,0.9118,185.56,289.81,50.02,74.70,63.50,241.00,43.00,32.00,0.0000,131.46,1,0,2.8915,ACCEPT,0,3276,2567,21591,6,365,5456,0,0,0,0
271,0,1,1,ACCEPT,27.4601,6.2556,4748,0,-1,0.9705,185.56,287.48,50.02,74.70,64.00,240.00,44.00,32.00,0.0000,130.51,1,0,2.7637,ACCEPT,0,3220,2388,22497,6,365,4748,0,0,0,0
272,0,1,1,ACCEPT,28.9703,6.6096,4673,1,0,0.8577,187.12,287.48,50.02,74.70,65.50,240.00,43.00,34.00,0.0000,130.57,1,0,2.9374,ACCEPT,0,3371,2604,21763,6,365,4673,0,0,0,0
273,0,1,1,ACCEPT,28.9970,6.5007,4557,1,0,0.8152,188.69,287.48,50.02,74.70,67.00,241.50,42.00,37.00,0.0000,130.09,1,0,2.8847,ACCEPT,0,3239,2562,22438,6,365,4557,0,0,0,0
274,0,1,1,ACCEPT,28.2184,6.3923,4660,1,-1,0.9094,190.25,285.16,50.02,74.70,68.00,243.00,40.00,36.00,0.0000,129.31,1,0,3.0001,ACCEPT,0,3288,2515,23241,6,365,4660,0,0,0,0
275,0,1,1,ACCEPT,29.3005,6.3237,4806,0,0,1.0000,190.25,285.16,50.02,74.70,68.00,241.50,40.00,33.00,0.0000,129.81,1,0,2.9028,ACCEPT,0,3359,2597,23675,6,365,4806,0,0,0,0
276,0,1,1,ACCEPT,31.6657,7.1376,5082,1,-1,0.8465,191.81,282.83,50.02,74.70,68.50,241.00,41.00,32.00,0.0000,130.21,1,0,3.0112,ACCEPT,0,3311,2579,25064,6,365,5082,0,0,0,0
277,0,1,1,ACCEPT,31.1782,6.1138,5105,0,-1,0.9471,191.81,280.50,50.02,74.70,68.00,241.00,42.00,36.00,0.0000,129.96,1,0,2.9166,ACCEPT,0,3326,2454,26061,6,365,5105,0,0,0,0
278,0,1,1,ACCEPT,32.5224,6.5806,5225,1,-1,0.9619,193.38,278.17,50.02,74.70,69.50,240.00,39.00,36.00,0.0000,129.62,1,0,2.8884,ACCEPT,0,3376,2513,27144,6,365,5225,0,0,0,0
279,0,1,1,ACCEPT,34.2357,6.8756,5583,0,0,1.0000,193.38,278.17,50.02,74.70,69.50,239.00,39.00,36.00,0.0000,129.92,1,0,3.0214,ACCEPT,0,3347,2507,28233,6,365,5583,0,0,0,0
280,0,1,1,ACCEPT,35.0906,7.0362,5636,0,-1,0.9283,193.38,275.84,50.02,74.70,68.50,237.00,41.00,36.00,0.0000,130.78,1,0,3.0474,ACCEPT,0,3263,2403,30577,6,365,5636,0,0,0,0
281,0,1,1,ACCEPT,35.6602,6.9173,6025,1,-1,0.8848,194.94,273.52,50.02,74.70,69.00,236.00,42.00,36.00,0.0000,131.41,1,0,3.0090,ACCEPT,0,3425,2482,31725,6,365,6025,0,0,0,0
282,0,1,1,ACCEPT,36.4413,7.6894,6090,0,-1,0.9259,194.94,271.19,50.02,74.70,70.00,234.00,40.00,36.00,0.0000,130.35,1,0,2.9222,ACCEPT,0,3493,2437,31367,6,365,6090,0,0,0,0
283,0,1,1,ACCEPT,31.0599,6.3054,5801,0,0,1.0000,194.94,271.19,50.02,74.70,69.50,233.50,41.00,35.00,0.0000,130.98,1,0,3.0033,ACCEPT,0,3642,2644,28112,6,365,5801,0,0,0,0
284,0,1,1,ACCEPT,32.8134,6.3654,5697,0,-1,0.8304,194.94,268.86,50.02,74.70,70.50,232.50,39.00,35.00,0.0000,129.64,1,0,3.0311,ACCEPT,0,3363,2341,30567,6,365,5697,0,0,0,0
285,0,1,1,ACCEPT,33.6576,6.2528,5665,1,-1,0.8563,196.50,266.53,50.02,74.70,70.50,231.50,39.00,35.00,0.0000,130.78,1,0,3.0382,ACCEPT,0,3223,2465,30478,6,365,5665,0,0,0,0
286,0,1,1,ACCEPT,33.9652,6.2554,5511,-1,-1,0.8469,194.94,264.20,50.02,74.70,71.00,230.50,38.00,35.00,0.0000,128.44,1,0,2.7884,ACCEPT,0,3142,2376,30745,6,365,5511,0,0,0,0
287,0,1,1,ACCEPT,35.7452,6.7775,5483,1,-1,0.9338,196.50,261.88,50.02,74.70,71.00,231.00,38.00,38.00,0.0000,129.24,1,0,2.8953,ACCEPT,0,3110,2517,31440,6,365,5483,0,0,0,0
288,0,1,1,ACCEPT,34.3612,6.3599,5355,-1,0,0.9826,194.94,261.88,50.02,74.70,70.50,230.00,39.00,38.00,0.0000,128.46,1,0,2.9212,ACCEPT,0,3070,2508,30053,6,365,5355,0,0,0,0
289,0,1,1,ACCEPT,36.0089,6.2189,5255,1,-1,0.9218,196.50,259.55,50.02,74.70,69.50,229.50,43.00,39.00,0.0000,130.51,1,0,2.9467,ACCEPT,0,3011,2611,30850,6,365,5255,0,0,0,0
290,0,1,1,ACCEPT,34.5664,6.0294,5119,-1,0,0.9703,194.94,259.55,50.02,74.70,70.00,230.00,42.00,40.00,0.0000,128.38,1,0,2.9850,ACCEPT,0,3026,2438,30973,6,365,5119,0,0,0,0
291,0,1,1,ACCEPT,37.1341,6.9720,5236,1,-1,0.8342,196.50,257.22,50.02,74.70,70.00,230.50,42.00,43.00,0.0000,129.29,1,0,2.9956,ACCEPT,0,2964,2467,32388,6,365,5236,0,0,0,0
292,0,1,1,ACCEPT,36.1985,6.5242,5115,-1,0,0.9576,194.94,257.22,50.02,74.70,68.00,229.00,42.00,42.00,0.0000,130.04,1,0,2.8343,ACCEPT,0,2879,2399,31194,6,365,5115,0,0,0,0
293,0,1,1,ACCEPT,39.5032,7.9423,5234,1,-1,0.8097,196.50,254.89,50.02,74.70,69.00,227.00,44.00,40.00,0.0000,130.51,1,0,3.0113,ACCEPT,0,2820,2342,32529,6,365,5234,0,0,0,0
294,0,1,1,ACCEPT,38.4924,7.5949,5043,0,-1,0.9320,196.50,252.56,50.02,74.70,68.50,228.00,45.00,44.00,0.0000,130.34,1,0,2.9718,ACCEPT,0,2701,2334,31874,6,365,5043,0,0,0,0
295,0,1,1,ACCEPT,32.8775,7.1011,4637,0,-1,0.9965,196.50,250.23,50.02,74.70,68.50,227.50,41.00,47.00,0.0000,130.00,1,0,2.7457,ACCEPT,0,2719,2430,31318,6,365,4637,0,0,0,0
296,0,1,1,ACCEPT,33.1440,6.9879,4612,0,0,1.0000,196.50,250.23,50.02,74.70,68.50,229.00,41.00,50.00,0.0000,129.75,1,0,2.9050,ACCEPT,0,2769,2493,29369,6,365,4612,0,0,0,0
297,0,1,1,ACCEPT,33.3191,6.8154,4614,0,0,1.0000,196.50,250.23,50.02,74.70,68.50,230.00,45.00,50.00,0.0000,129.59,1,0,2.9828,ACCEPT,0,2700,2504,30950,6,365,4614,0,0,0,0
298,0,1,1,ACCEPT,34.5254,7.4301,4837,1,-1,0.9485,198.06,247.91,50.02,74.70,69.00,227.00,44.00,46.00,0.0000,130.74,1,0,2.9649,ACCEPT,0,2872,2379,32645,6,365,4837,0,0,0,0
299,0,1,1,ACCEPT,35.8282,7.4813,5192,0,0,1.0000,198.06,247.91,50.02,74.70,68.50,228.00,43.00,50.00,0.0000,131.08,1,0,2.9533,ACCEPT,0,2846,2484,32767,6,365,5192,0,0,0,0
300,0,1,1,ACCEPT,34.5057,6.9471,4995,0,-1,0.9491,198.06,245.58,50.02,74.70,68.50,228.50,43.00,51.00,0.0000,130.68,1,0,2.9176,ACCEPT,0,2806,2449,32767,6,365,4995,0,0,0,0
301,0,1,1,ACCEPT,32.4225,5.9522,4732,0,0,1.0000,198.06,245.58,50.02,74.70,68.50,228.00,43.00,52.00,0.0000,130.75,1,0,2.9357,ACCEPT,0,2730,2497,32767,6,365,4732,0,0,0,0
302,0,1,1,ACCEPT,34.8614,7.1510,4877,1,-1,0.8612,199.62,243.25,50.02,74.70,69.00,226.50,40.00,49.00,0.0000,131.69,1,0,2.9602,ACCEPT,0,2677,2446,32767,6,365,4877,0,0,0,0
303,0,1,1,ACCEPT,33.5896,6.5157,4561,0,0,1.0000,199.62,243.25,50.02,74.70,70.00,224.50,40.00,49.00,0.0000,130.97,1,0,2.7068,ACCEPT,0,2580,2407,32767,6,365,4561,0,0,0,0
304,0,1,1,ACCEPT,35.2526,6.8112,4509,0,-1,0.8776,199.62,240.92,50.02,74.70,71.00,223.50,38.00,49.00,0.0000,129.80,1,0,2.9639,ACCEPT,0,2433,2400,32767,6,365,4509,0,0,0,0
305,0,1,1,ACCEPT,36.2802,6.6686,4668,1,-1,0.8239,201.19,238.59,50.02,74.70,71.50,222.50,39.00,49.00,0.0000,130.68,1,0,2.9991,ACCEPT,0,2478,2397,32767,6,365,4668,0,0,0,0
306,0,1,1,ACCEPT,36.2502,7.0077,4548,1,-1,0.8360,202.75,236.27,50.02,74.70,72.50,221.50,39.00,51.00,0.0000,131.08,1,0,2.9506,ACCEPT,0,2390,2501,32767,6,365,4548,0,0,0,0
307,0,1,1,ACCEPT,30.7086,6.3638,3831,0,-1,0.9473,202.75,233.94,50.02,74.70,73.00,224.50,40.00,59.00,0.0000,130.09,1,0,3.0231,ACCEPT,0,2458,2574,32767,6,365,3831,0,0,0,0
308,0,1,1,ACCEPT,30.6653,6.9043,3970,0,-1,0.9287,202.75,231.61,50.02,74.70,72.50,222.00,43.00,60.00,0.0000,130.60,1,0,3.0031,ACCEPT,0,2537,2611,32291,6,365,3970,0,0,0,0
309,0,1,1,ACCEPT,33.7389,7.8118,4359,1,-1,0.7981,204.31,229.28,50.02,74.70,72.50,220.50,43.00,61.00,0.0000,132.10,1,0,3.0438,ACCEPT,0,2628,2771,32767,6,365,4359,0,0,0,0
310,0,1,1,ACCEPT,33.6468,8.8494,4407,1,-1,0.8834,205.88,226.95,50.02,74.70,73.00,218.00,42.00,60.00,0.0000,133.18,1,0,2.9702,ACCEPT,0,2565,2733,32767,6,365,4407,0,0,0,0
311,0,1,1,ACCEPT,32.2407,7.2885,4067,0,-1,0.9112,205.88,224.62,50.02,74.70,73.00,219.00,40.00,60.00,0.0000,132.99,1,0,3.0489,ACCEPT,0,2387,2635,32767,6,365,4067,0,0,0,0
312,0,1,1,ACCEPT,32.0573,7.8008,3955,1,-1,0.8700,207.44,222.30,50.02,74.70,75.50,215.00,39.00,60.00,0.0000,132.14,1,0,2.9947,ACCEPT,0,2360,2708,32106,6,365,3955,0,0,0,0
313,0,1,1,ACCEPT,31.1979,6.9241,3829,1,-1,0.9778,209.00,219.97,50.02,74.70,75.50,214.00,37.00,62.00,0.0000,133.63,1,0,2.8569,ACCEPT,0,2375,2703,32370,6,365,3829,0,0,0,0
314,0,1,1,ACCEPT,31.4159,6.4735,3787,0,-1,0.9284,209.00,217.64,50.02,74.70,75.50,212.50,37.00,61.00,0.0000,133.60,1,0,2.9879,ACCEPT,0,2265,2652,31442,6,365,3787,0,0,0,0
315,0,1,1,ACCEPT,34.6684,8.5868,3907,0,-1,0.9109,209.00,215.31,50.02,74.70,75.50,212.00,35.00,60.00,0.0000,133.54,1,0,3.0120,ACCEPT,0,2160,2738,31524,6,365,3907,0,0,0,0
316,0,1,1,ACCEPT,33.7126,7.7582,3786,0,-1,0.9968,209.00,212.98,50.02,74.70,75.50,213.50,37.00,65.00,0.0000,133.50,1,0,3.0051,ACCEPT,0,2218,2798,30768,6,365,3786,0,0,0,0
317,0,1,1,ACCEPT,34.1491,7.6915,3815,1,-1,0.9389,210.56,210.66,50.02,74.70,75.50,211.50,37.00,65.00,0.0000,135.07,1,0,2.9481,ACCEPT,0,2232,2732,31218,6,365,3815,0,0,0,0
318,0,1,1,ACCEPT,34.8723,8.3542,3868,-1,-1,0.9036,209.00,208.33,50.02,74.70,75.50,209.50,37.00,63.00,0.0000,133.51,1,0,2.8996,ACCEPT,0,2100,2849,30398,6,365,3868,0,0,0,0
319,0,1,1,ACCEPT,30.4107,7.3713,3494,1,0,0.9213,210.56,208.33,50.02,74.70,75.50,212.00,35.00,68.00,0.0000,135.11,1,0,2.7122,ACCEPT,0,2082,3061,28697,6,365,3494,0,0,0,0
320,0,1,1,ACCEPT,31.3518,7.7042,3698,0,-1,0.7994,210.56,206.00,50.02,74.70,74.50,213.00,35.00,70.00,0.0000,136.24,1,0,2.8097,ACCEPT,0,2184,3041,30022,6,365,3698,0,0,0,0
321,0,1,1,ACCEPT,31.7196,7.6904,3676,0,-1,0.7927,210.56,203.67,50.02,74.70,75.00,211.50,36.00,71.00,0.0000,135.79,1,0,2.8977,ACCEPT,0,2190,2950,31240,6,365,3676,0,0,0,0
322,0,1,1,ACCEPT,32.9210,8.1273,3893,0,-1,0.7786,210.56,201.34,50.02,74.70,75.50,212.00,35.00,74.00,0.0000,135.48,1,0,2.8523,ACCEPT,0,2207,3015,31336,6,365,3893,0,0,0,0
323,0,1,1,ACCEPT,33.0530,8.7773,3941,0,-1,0.8505,210.56,199.02,50.02,74.70,75.50,207.50,35.00,67.00,0.0000,135.33,1,0,2.8920,ACCEPT,0,2268,3020,32487,6,365,3941,0,0,0,0
324,0,1,1,ACCEPT,33.6978,7.9440,4115,0,-1,0.8666,210.56,196.69,50.02,74.70,74.50,209.50,35.00,71.00,0.0000,136.66,1,0,2.9718,ACCEPT,0,2359,3042,32417,6,365,4115,0,0,0,0
325,0,1,1,ACCEPT,33.9496,7.2962,4261,0,-1,0.8965,210.56,194.36,50.02,74.70,74.50,208.50,35.00,71.00,0.0000,136.80,1,0,3.0087,ACCEPT,0,2365,2948,32767,6,365,4261,0,0,0,0
326,0,1,1,ACCEPT,33.0347,8.0097,4125,1,-1,0.9527,212.12,192.03,50.02,74.70,76.00,209.50,34.00,73.00,0.0000,137.24,1,0,3.0116,ACCEPT,0,2362,2981,31900,6,365,4125,0,0,0,0
327,0,1,1,ACCEPT,34.3185,7.3143,4235,0,-1,0.9431,212.12,189.70,50.02,74.70,76.00,206.50,34.00,69.00,0.0000,137.16,1,0,3.0258,ACCEPT,0,2349,3000,32691,6,365,4235,0,0,0,0
328,0,1,1,ACCEPT,34.4999,7.4570,4340,1,-1,0.8818,213.69,187.38,50.02,74.70,77.00,205.50,34.00,67.00,0.0000,137.88,1,0,2.9748,ACCEPT,0,2333,2929,32767,6,365,4340,0,0,0,0
329,0,1,1,ACCEPT,30.8770,6.4312,3788,0,0,1.0000,213.69,187.38,50.02,74.70,77.50,204.50,35.00,67.00,0.0000,137.26,1,0,2.8000,ACCEPT,0,2290,2829,32767,6,365,3788,0,0,0,0
330,0,1,1,ACCEPT,33.9600,6.8439,3901,0,-1,0.8257,213.69,185.05,50.02,74.70,75.50,204.50,37.00,67.00,0.0000,139.55,1,0,2.8705,ACCEPT,0,2118,2845,32767,6,365,3901,0,0,0,0
331,0,1,1,ACCEPT,32.3538,5.5710,3922,0,-1,0.8536,213.69,182.72,50.02,74.70,76.00,205.50,32.00,69.00,0.0000,139.56,1,0,2.8508,ACCEPT,0,2206,2550,32767,6,365,3922,0,0,0,0
332,0,1,1,ACCEPT,32.4809,5.1969,4012,0,-1,0.8657,213.69,180.39,50.02,74.70,76.00,207.00,32.00,72.00,0.0000,140.24,1,0,2.9275,ACCEPT,0,2222,2671,32767,6,365,4012,0,0,0,0
333,0,1,1,ACCEPT,31.7126,5.2293,4241,0,-1,0.9835,213.69,178.06,50.02,74.70,75.50,206.00,33.00,70.00,0.0000,140.98,1,0,2.9384,ACCEPT,0,2353,2768,32767,6,365,4241,0,0,0,0
334,0,1,1,ACCEPT,32.4464,5.9207,4032,0,0,1.0000,213.69,178.06,50.02,74.70,76.50,207.50,33.00,67.00,0.0000,140.31,1,0,2.8423,ACCEPT,0,2339,2574,32767,6,365,4032,0,0,0,0
335,0,1,1,ACCEPT,33.5452,6.3007,3856,1,-1,0.8304,215.25,175.73,50.02,74.70,76.00,208.00,32.00,68.00,0.0000,142.94,1,0,2.8314,ACCEPT,0,2195,2507,32767,6,365,3856,0,0,0,0
336,0,1,1,ACCEPT,32.6713,6.1760,3860,0,-1,0.8694,215.25,173.41,50.02,74.70,75.50,208.50,33.00,67.00,0.0000,144.09,1,0,2.8735,ACCEPT,0,2246,2429,32767,6,365,3860,0,0,0,0
337,0,1,1,ACCEPT,32.5361,6.1775,4003,0,0,1.0000,215.25,173.41,50.02,74.70,75.50,208.50,33.00,69.00,0.0000,144.09,1,0,2.9878,ACCEPT,0,2291,2466,32767,6,365,4003,0,0,0,0
338,0,1,1,ACCEPT,33.9223,6.1297,4205,0,-1,0.9203,215.25,171.08,50.02,74.70,74.00,209.00,36.00,70.00,0.0000,146.25,1,0,2.9902,ACCEPT,0,2392,2379,30468,6,365,4205,0,0,0,0
339,0,1,1,ACCEPT,33.8094,5.8212,3842,-1,-1,0.9604,213.69,168.75,50.02,74.70,73.00,209.50,36.00,67.00,0.0000,146.47,1,0,2.9040,ACCEPT,0,2185,2449,30122,6,365,3842,0,0,0,0
340,0,1,1,ACCEPT,36.5950,7.2821,4078,0,0,1.0000,213.69,168.75,50.02,74.70,72.50,208.00,37.00,64.00,0.0000,146.54,1,0,2.8154,ACCEPT,0,2223,2463,29592,6,365,4078,0,0,0,0
341,0,1,1,ACCEPT,36.4436,7.4737,3976,0,-1,0.9087,213.69,166.42,50.02,74.70,70.50,208.50,33.00,65.00,0.0000,149.24,1,0,2.8980,ACCEPT,0,2200,2240,28217,6,365,3976,0,0,0,0
342,0,1,1,ACCEPT,36.4115,6.9468,3786,0,0,1.0000,213.69,166.42,50.02,74.70,70.00,207.50,36.00,65.00,0.0000,149.44,1,0,2.8332,ACCEPT,0,2032,2434,28660,6,365,3786,0,0,0,0
343,0,1,1,ACCEPT,30.2711,6.3052,3512,-1,-1,0.9681,212.12,164.09,50.02,74.70,68.50,207.50,35.00,63.00,0.0000,150.04,1,0,2.9094,ACCEPT,0,2180,2153,23929,6,365,3512,0,0,0,0
344,0,1,1,ACCEPT,32.0292,6.5000,3367,1,0,0.9807,213.69,164.09,50.02,74.70,67.00,207.00,34.00,62.00,0.0000,152.83,1,0,2.9192,ACCEPT,0,1942,2113,22376,6,365,3367,0,0,0,0
345,0,1,1,ACCEPT,33.3629,6.2644,3270,-1,-1,0.8416,212.12,161.77,50.02,74.70,65.00,205.00,32.00,64.00,0.0000,153.35,1,0,2.8558,ACCEPT,0,1858,2161,21029,6,365,3270,0,0,0,0
346,0,1,1,ACCEPT,32.1753,6.3779,3342,0,-1,0.9180,212.12,159.44,50.02,74.70,63.50,209.00,31.00,68.00,0.0000,156.67,1,0,2.8318,ACCEPT,0,1939,2236,20982,6,365,3342,0,0,0,0
347,0,1,1,ACCEPT,32.6270,6.0749,3408,0,0,1.0000,212.12,159.44,50.02,74.70,62.50,210.50,31.00,67.00,0.0000,158.10,1,0,2.6676,ACCEPT,0,2013,2260,19470,6,365,3408,0,0,0,0
348,0,1,1,ACCEPT,32.1865,5.9322,3061,0,-1,0.9020,212.12,157.11,50.02,74.70,60.00,209.50,34.00,69.00,0.0000,160.89,1,0,2.7685,ACCEPT,0,1867,2425,21477,6,365,3061,0,0,0,0
349,0,1,1,ACCEPT,32.9538,6.1233,3129,0,-1,0.9696,212.12,154.78,50.02,74.70,60.00,208.00,34.00,66.00,0.0000,161.17,1,0,2.7216,ACCEPT,0,1903,2307,20100,6,365,3129,0,0,0,0
350,0,1,1,ACCEPT,32.8716,6.1609,2871,-1,-1,0.9209,210.56,152.45,50.02,74.70,57.50,209.50,33.00,69.00,0.0000,163.35,1,0,2.8502,ACCEPT,0,1784,2394,18844,6,365,2871,0,0,0,0
351,0,1,1,ACCEPT,32.8571,6.8841,2733,0,0,1.0000,210.56,152.45,50.02,74.70,56.50,209.00,33.00,64.00,0.0000,164.11,1,0,2.7318,ACCEPT,0,1671,2369,18230,6,365,2733,0,0,0,0
352,0,1,1,ACCEPT,31.3442,6.1773,2508,-1,-1,0.9350,209.00,150.12,50.02,74.70,55.50,209.00,33.00,64.00,0.0000,164.40,1,0,2.8869,ACCEPT,0,1599,2382,19842,6,365,2508,0,0,0,0
353,0,1,1,ACCEPT,30.1540,6.5787,2717,0,0,1.0000,209.00,150.12,50.02,74.70,54.00,210.50,32.00,65.00,0.0000,166.34,1,0,2.6697,ACCEPT,0,1778,2564,18703,6,365,2717,0,0,0,0
354,0,1,1,ACCEPT,32.7586,6.9323,2766,0,-1,0.9125,209.00,147.80,50.02,74.70,53.50,208.00,33.00,64.00,0.0000,166.75,1,0,2.7204,ACCEPT,0,1727,2604,20557,6,365,2766,0,0,0,0
355,0,1,1,ACCEPT,28.8308,6.7257,2771,0,-1,0.9812,209.00,145.47,50.02,74.70,51.00,209.00,30.00,60.00,0.0000,170.29,1,0,2.7830,ACCEPT,0,1869,2488,15169,6,365,2771,0,0,0,0
356,0,1,1,ACCEPT,31.5826,7.1845,2414,-1,0,0.9776,207.44,145.47,50.02,74.70,50.00,210.00,30.00,62.00,0.0000,170.15,1,0,2.7877,ACCEPT,0,1464,2434,13738,6,365,2414,0,0,0,0
357,0,1,1,ACCEPT,30.0679,7.3503,2308,0,-1,0.9705,207.44,143.14,50.02,74.70,48.00,209.50,32.00,63.00,0.0000,172.70,1,0,2.8727,ACCEPT,0,1391,2748,13712,6,365,2308,0,0,0,0
358,0,1,1,ACCEPT,30.3247,7.5016,2363,0,0,1.0000,207.44,143.14,50.02,74.70,45.50,210.50,33.00,61.00,0.0000,175.39,1,0,2.8474,ACCEPT,0,1440,2611,14517,6,365,2363,0,0,0,0
359,0,1,1,ACCEPT,29.3215,6.8275,2335,-1,-1,0.9156,205.88,140.81,50.02,74.70,46.00,211.00,32.00,60.00,0.0000,174.60,1,0,2.9271,ACCEPT,0,1418,2648,13892,6,365,2335,0,0,0,0
360,0,1,1,ACCEPT,31.3340,7.1063,2274,0,0,1.0000,205.88,140.81,50.02,74.70,45.50,211.50,35.00,59.00,0.0000,175.26,1,0,2.9426,ACCEPT,0,1321,2313,15641,6,365,2274,0,0,0,0
361,0,1,1,ACCEPT,32.4859,6.4843,2477,-1,-1,0.8813,204.31,138.48,50.02,74.70,43.50,212.00,33.00,60.00,0.0000,176.82,1,0,2.8937,ACCEPT,0,1384,2230,12771,6,365,2477,0,0,0,0
362,0,1,1,ACCEPT,31.2527,6.0843,2671,0,0,1.0000,204.31,138.48,50.02,74.70,42.00,210.50,34.00,63.00,0.0000,177.57,1,0,3.0000,ACCEPT,0,1511,2277,12030,6,365,2671,0,0,0,0
363,0,1,1,ACCEPT,30.5229,5.1789,2605,-1,-1,0.9060,202.75,136.16,50.02,74.70,40.50,211.50,33.00,63.00,0.0000,178.89,1,0,2.8577,ACCEPT,0,1509,2378,11014,6,365,2605,0,0,0,0
364,0,1,1,ACCEPT,30.2101,5.0382,2635,-1,-1,0.9731,201.19,133.83,50.02,74.70,40.00,212.00,34.00,60.00,0.0000,179.14,1,0,2.8503,ACCEPT,0,1541,2527,11005,6,365,2635,0,0,0,0
365,0,1,1,ACCEPT,30.3003,4.5439,2640,0,0,1.0000,201.19,133.83,50.02,74.70,37.50,213.50,37.00,61.00,0.0000,182.05,1,0,2.8305,ACCEPT,0,1597,2528,11495,6,365,2640,0,0,0,0
