frame,occluded,evaluated,accept,reason,psr_bolme,psr_ratio,peak,dr_bin,dc_bin,resp00_over_peak,est_row,est_col,est_h,est_w,truth_row,truth_col,truth_h,truth_w,iou,centre_err,published,scale_idx,scale_conf,scale_reason,rails,accum_max,fch0_max,h_max,job,anchor,resp_max,rails_fch,rails_accum,rails_resp,rails_h
0,0,0,0,ZERO_RESPONSE,0.0000,0.0000,0,0,0,0.0000,240.50,549.00,21.00,74.00,240.50,549.00,21.00,74.00,1.0000,0.00,1,0,0.0000,NOT_RUN,0,0,491,17980,0,0,0,0,0,0,0
1,0,1,1,ACCEPT,5.1803,1.5804,226,12,3,0.1947,248.38,555.94,21.00,74.00,250.00,556.00,12.00,44.00,0.3398,1.63,1,0,3.0515,ACCEPT,0,1533,292,17365,0,0,226,0,0,0,0
2,0,1,1,ACCEPT,8.2212,1.6882,2750,7,1,0.2091,252.97,558.25,20.19,71.15,253.50,565.00,23.00,60.00,0.7292,6.77,1,-1,2.7141,ACCEPT,0,5556,430,15654,0,0,2750,0,0,0,0
3,0,1,1,ACCEPT,6.5980,1.0761,2405,7,1,0.1830,257.34,560.47,19.42,68.42,255.00,560.50,28.00,65.00,0.6690,2.34,1,-1,2.6169,ACCEPT,0,5022,465,12829,0,0,2405,0,0,0,0
4,0,1,1,ACCEPT,10.9265,1.8356,3104,6,0,0.0477,261.00,560.47,19.42,68.42,259.50,563.50,27.00,51.00,0.5773,3.38,1,0,2.8049,ACCEPT,0,4548,583,7361,0,0,3104,0,0,0,0
5,0,1,1,ACCEPT,13.2527,2.1225,3725,8,1,0.1012,265.88,562.61,19.42,68.42,264.00,564.00,24.00,48.00,0.6019,2.33,1,0,2.9143,ACCEPT,0,5100,562,8582,0,0,3725,0,0,0,0
6,0,1,1,ACCEPT,11.6185,2.5543,2562,12,2,0.0437,273.19,566.89,19.42,68.42,273.00,566.50,18.00,77.00,0.8305,0.43,1,0,3.0472,ACCEPT,0,3156,407,8107,0,0,2562,0,0,0,0
7,0,1,1,ACCEPT,11.4249,1.8665,3776,6,1,0.1758,276.84,569.03,19.42,68.42,276.50,563.50,15.00,69.00,0.6694,5.54,1,0,2.8791,ACCEPT,0,6474,587,8763,0,0,3776,0,0,0,0
8,0,1,1,ACCEPT,12.0482,2.0190,3394,6,0,0.2381,280.50,569.03,19.42,68.42,279.00,569.50,18.00,69.00,0.8411,1.57,1,0,3.0524,ACCEPT,0,5143,516,10911,0,0,3394,0,0,0,0
9,0,1,1,ACCEPT,11.9423,1.8758,3624,3,1,0.7232,282.33,571.17,19.42,68.42,282.00,572.00,20.00,54.00,0.7684,0.89,1,0,3.0377,ACCEPT,0,4415,561,11269,0,0,3624,0,0,0,0
10,0,1,1,ACCEPT,13.7845,2.3165,5094,5,1,0.1726,285.38,573.31,19.42,68.42,288.50,576.50,19.00,77.00,0.6507,4.46,1,0,3.0131,ACCEPT,0,4354,276,10645,0,0,5094,0,0,0,0
11,0,1,1,ACCEPT,8.3332,1.5646,2167,8,1,0.1763,290.25,575.45,19.42,68.42,287.50,576.00,23.00,80.00,0.6627,2.80,1,0,2.9434,ACCEPT,0,3490,295,7084,0,0,2167,0,0,0,0
12,0,1,1,ACCEPT,8.2455,1.4426,1281,7,0,0.3029,294.52,575.45,19.42,68.42,285.50,573.00,31.00,76.00,0.4300,9.34,1,0,3.1059,ACCEPT,0,2211,363,7714,0,0,1281,0,0,0,0
13,0,1,1,ACCEPT,9.8496,1.6532,2164,5,1,0.5402,297.56,577.59,19.42,68.42,286.00,572.00,32.00,68.00,0.3382,12.84,1,0,2.9513,ACCEPT,0,3215,448,8422,0,0,2164,0,0,0,0
14,0,1,1,ACCEPT,12.7758,2.5238,2332,7,0,0.0442,301.83,577.59,19.42,68.42,293.00,577.50,36.00,69.00,0.5124,8.83,1,0,2.7022,ACCEPT,0,2572,375,5731,0,0,2332,0,0,0,0
15,0,1,1,ACCEPT,12.4188,2.1151,1580,6,1,0.1215,305.48,579.73,19.42,68.42,301.50,578.50,37.00,81.00,0.4432,4.17,1,0,3.0654,ACCEPT,0,2217,358,4311,0,0,1580,0,0,0,0
16,0,1,1,ACCEPT,8.0394,1.1124,851,10,0,0.0270,311.58,579.73,19.42,68.42,314.00,580.00,22.00,64.00,0.7473,2.44,1,0,3.0662,ACCEPT,0,1098,281,10169,0,0,851,0,0,0,0
17,0,1,1,ACCEPT,10.4795,1.3288,2728,4,0,0.4168,314.02,579.73,19.42,68.42,315.50,584.50,15.00,71.00,0.6864,4.99,1,0,3.0768,ACCEPT,0,2982,330,6841,0,0,2728,0,0,0,0
18,0,1,1,ACCEPT,10.7910,1.6621,1584,6,-1,0.2412,317.67,577.59,19.42,68.42,313.00,582.00,18.00,84.00,0.5108,6.42,1,0,2.9719,ACCEPT,0,2093,311,5586,0,0,1584,0,0,0,0
19,0,1,1,ACCEPT,9.4657,1.3964,1416,7,-1,0.5332,321.94,575.45,19.42,68.42,314.50,579.00,23.00,80.00,0.4232,8.24,1,0,3.1068,ACCEPT,0,2012,334,5345,0,0,1416,0,0,0,0
20,0,1,1,ACCEPT,8.2735,1.0629,1588,6,-1,0.0164,325.59,573.31,19.42,68.42,320.00,577.00,22.00,70.00,0.5273,6.70,1,0,3.1680,ACCEPT,0,2358,313,4356,0,0,1588,0,0,0,0
21,0,1,1,ACCEPT,7.2437,1.3084,874,14,1,0.0069,334.12,575.45,19.42,68.42,331.00,576.50,20.00,89.00,0.5748,3.30,1,0,2.9882,ACCEPT,0,2082,468,4345,0,0,874,0,0,0,0
22,0,1,1,ACCEPT,10.0476,1.8910,1301,8,1,0.0945,339.00,577.59,19.42,68.42,337.50,583.00,15.00,80.00,0.6832,5.61,1,0,3.1566,ACCEPT,0,1640,408,2647,0,0,1301,0,0,0,0
23,0,1,1,ACCEPT,11.7531,1.2717,1053,5,0,0.6220,342.05,577.59,19.42,68.42,339.50,584.00,15.00,78.00,0.6448,6.89,1,0,2.7210,ACCEPT,0,1155,398,3505,0,0,1053,0,0,0,0
24,0,1,1,ACCEPT,16.5063,2.6544,1298,5,0,0.4700,345.09,577.59,19.42,68.42,339.00,581.00,24.00,80.00,0.4900,6.98,1,0,2.7183,ACCEPT,0,1580,272,3685,0,0,1298,0,0,0,0
25,0,1,1,ACCEPT,11.9160,1.9856,1239,7,-1,0.2123,349.36,575.45,20.19,71.15,340.00,580.00,32.00,76.00,0.4258,10.41,1,1,2.4211,ACCEPT,0,1796,338,3283,0,0,1239,0,0,0,0
26,0,1,1,ACCEPT,5.3588,1.0998,595,14,1,0.3630,358.11,577.67,20.19,71.15,357.50,579.00,11.00,94.00,0.4637,1.46,1,0,3.1861,ACCEPT,0,1459,455,2098,0,0,595,0,0,0,0
27,0,1,1,ACCEPT,17.9929,2.1788,1438,3,-1,0.5508,359.98,575.45,20.19,71.15,358.50,578.50,15.00,49.00,0.5116,3.39,1,0,3.0179,ACCEPT,0,1182,284,5831,0,0,1438,0,0,0,0
28,0,1,1,ACCEPT,13.2601,1.7806,1964,2,1,0.8778,361.23,577.67,20.19,71.15,359.00,581.00,18.00,52.00,0.5861,4.01,1,0,2.9743,ACCEPT,0,2457,312,5204,0,0,1964,0,0,0,0
29,0,1,1,ACCEPT,10.4363,1.4841,1585,8,-1,0.4019,366.23,575.45,20.19,71.15,353.00,575.00,38.00,64.00,0.3557,13.24,1,0,2.9346,ACCEPT,0,2977,318,4770,0,0,1585,0,0,0,0
30,0,1,1,ACCEPT,12.2166,1.3810,1573,7,1,0.5944,370.61,577.67,20.19,71.15,355.50,572.00,41.00,52.00,0.2914,16.14,1,0,3.2597,ACCEPT,0,2124,264,6501,0,0,1573,0,0,0,0
31,0,1,1,ACCEPT,13.2422,1.3621,1926,0,0,1.0000,370.61,577.67,21.00,74.00,374.00,587.50,16.00,71.00,0.5433,10.40,1,1,2.1404,ACCEPT,0,2329,208,12217,0,0,1926,0,0,0,0
32,0,1,1,ACCEPT,9.9117,1.5435,2235,7,1,0.3664,375.20,579.98,21.00,74.00,374.50,585.50,23.00,49.00,0.6229,5.56,1,0,3.1084,ACCEPT,0,3299,210,12302,0,0,2235,0,0,0,0
33,0,1,1,ACCEPT,10.5528,1.1895,3365,3,-1,0.6478,377.17,577.67,21.84,76.96,370.00,578.50,48.00,61.00,0.4066,7.22,1,1,2.7930,ACCEPT,0,6652,294,5619,0,0,3365,0,0,0,0
34,0,1,1,ACCEPT,14.4096,1.5071,2324,-1,-1,0.7797,376.48,575.27,22.71,80.04,364.50,576.00,53.00,58.00,0.3685,12.01,1,1,2.7299,ACCEPT,0,2721,261,4803,0,0,2324,0,0,0,0
35,0,1,1,ACCEPT,11.9773,1.3817,1180,-1,0,0.9593,375.78,575.27,22.71,80.04,373.00,580.50,30.00,81.00,0.6738,5.93,1,0,3.1326,ACCEPT,0,1603,269,10522,0,0,1180,0,0,0,0
36,0,1,1,ACCEPT,7.7045,1.3660,1646,-5,2,0.1294,372.27,580.27,21.84,76.96,371.00,581.50,30.00,39.00,0.4261,1.77,1,-1,2.3647,ACCEPT,0,3182,237,11085,0,0,1646,0,0,0,0
37,0,1,1,ACCEPT,10.2589,1.8240,2705,0,1,0.9970,372.27,582.67,22.71,80.04,365.50,579.50,41.00,59.00,0.4626,7.47,1,1,2.3262,ACCEPT,0,5296,277,4976,0,0,2705,0,0,0,0
38,0,1,1,ACCEPT,13.9643,1.7508,1707,-2,-1,0.8336,370.86,580.17,22.71,80.04,361.00,575.50,44.00,45.00,0.3682,10.91,1,0,3.2141,ACCEPT,0,2053,226,8639,0,0,1707,0,0,0,0
39,0,1,1,ACCEPT,12.4805,1.8821,3194,-1,2,0.7461,370.16,585.17,22.71,80.04,360.00,577.00,40.00,88.00,0.4311,13.04,1,0,3.1135,ACCEPT,0,4114,322,9937,0,0,3194,0,0,0,0
40,0,1,1,ACCEPT,14.9871,1.8403,5256,-3,-2,0.2685,368.05,580.17,22.71,80.04,362.50,577.00,35.00,70.00,0.5937,6.39,1,0,2.8296,ACCEPT,0,6233,236,7876,0,0,5256,0,0,0,0
41,0,1,1,ACCEPT,7.6970,1.3470,2143,-3,-5,0.7401,365.94,567.67,22.71,80.04,355.50,571.00,49.00,46.00,0.3452,10.96,1,0,2.7846,ACCEPT,0,5513,459,7782,0,0,2143,0,0,0,0
42,0,1,1,ACCEPT,7.7324,1.2153,2427,-8,1,0.1537,360.31,570.17,22.71,80.04,356.50,569.00,45.00,38.00,0.3239,3.99,1,0,3.3420,ACCEPT,0,4634,531,8088,0,0,2427,0,0,0,0
43,0,1,1,ACCEPT,10.3841,1.2951,3818,-10,2,0.4089,353.28,575.17,22.71,80.04,354.00,566.00,38.00,38.00,0.3598,9.20,1,0,3.2331,ACCEPT,0,5500,678,8832,0,0,3818,0,0,0,0
44,0,1,1,ACCEPT,10.1926,1.5265,4807,-5,0,0.4905,349.77,575.17,22.71,80.04,350.50,562.00,31.00,62.00,0.5416,13.19,1,0,3.2212,ACCEPT,0,7721,502,8883,0,0,4807,0,0,0,0
45,0,1,1,ACCEPT,12.5043,1.9363,4165,-4,0,0.4857,346.95,575.17,22.71,80.04,341.50,565.00,35.00,68.00,0.5278,11.54,1,0,3.2563,ACCEPT,0,5750,490,8189,0,0,4165,0,0,0,0
46,0,1,1,ACCEPT,15.3238,3.2311,3454,-9,-5,0.0790,340.62,562.67,22.71,80.04,328.50,575.50,35.00,63.00,0.3229,17.65,1,0,3.0173,ACCEPT,0,4144,330,7680,0,0,3454,0,0,0,0
47,0,1,1,ACCEPT,16.5423,1.9691,3826,-7,-1,0.3986,335.70,560.17,23.62,83.24,322.50,569.50,41.00,61.00,0.3530,16.17,1,1,2.7287,ACCEPT,0,4171,285,10291,0,0,3826,0,0,0,0
48,0,1,1,ACCEPT,22.0535,2.9210,6067,-4,1,0.4747,332.77,562.77,23.62,83.24,317.00,570.00,44.00,62.00,0.3129,17.35,1,0,3.1708,ACCEPT,0,5013,420,9308,0,0,6067,0,0,0,0
49,0,1,1,ACCEPT,20.4093,3.0129,6053,-4,0,0.5075,329.83,562.77,23.62,83.24,315.50,569.00,39.00,66.00,0.3278,15.63,1,0,3.1866,ACCEPT,0,5681,307,12075,0,0,6053,0,0,0,0
50,0,1,1,ACCEPT,12.5604,2.2579,4631,-5,0,0.5120,326.16,562.77,23.62,83.24,316.00,566.50,28.00,93.00,0.3988,10.82,1,0,3.3192,ACCEPT,0,5172,329,11009,0,0,4631,0,0,0,0
51,0,1,1,ACCEPT,11.7939,1.7752,5196,-6,-2,0.2379,321.75,557.58,22.71,80.04,328.50,552.00,19.00,56.00,0.3776,8.76,1,-1,2.7562,ACCEPT,0,5288,471,7407,0,0,5196,0,0,0,0
52,0,1,1,ACCEPT,10.1056,1.3620,4869,-2,-1,0.5917,320.34,555.08,21.84,76.96,323.00,553.00,22.00,56.00,0.5882,3.37,1,-1,2.5832,ACCEPT,0,6099,369,5830,0,0,4869,0,0,0,0
53,0,1,1,ACCEPT,13.1153,2.4324,2987,2,0,0.8360,321.72,555.08,21.84,76.96,317.00,556.50,24.00,69.00,0.6035,4.93,1,0,3.2858,ACCEPT,0,3320,406,5674,0,0,2987,0,0,0,0
54,0,1,1,ACCEPT,18.3601,2.8788,4085,0,-1,0.8842,321.72,552.67,21.84,76.96,310.00,556.00,38.00,60.00,0.3807,12.18,1,0,2.9216,ACCEPT,0,4301,518,5768,0,0,4085,0,0,0,0
55,0,1,1,ACCEPT,17.6283,3.0701,4074,2,-1,0.8297,323.09,550.27,21.84,76.96,308.00,555.00,44.00,64.00,0.3400,15.82,1,0,2.8306,ACCEPT,0,4708,496,6075,0,0,4074,0,0,0,0
56,0,1,1,ACCEPT,6.9252,1.2123,2730,4,2,0.6289,325.84,555.08,21.84,76.96,325.50,556.00,11.00,92.00,0.4585,0.98,1,0,3.0888,ACCEPT,0,7034,446,3953,0,0,2730,0,0,0,0
57,0,1,1,ACCEPT,12.6059,1.6242,2282,2,0,0.7559,327.22,555.08,21.84,76.96,335.50,557.00,25.00,74.00,0.4607,8.50,1,0,3.2635,ACCEPT,0,2660,544,8524,0,0,2282,0,0,0,0
58,0,1,1,ACCEPT,17.8475,2.0218,5748,1,-1,0.8801,327.91,552.67,21.84,76.96,332.50,561.00,25.00,46.00,0.4408,9.51,1,0,3.0617,ACCEPT,0,4943,540,9584,0,0,5748,0,0,0,0
59,0,1,1,ACCEPT,9.7623,1.3944,4596,5,0,0.7581,331.34,552.67,22.71,80.04,327.00,556.00,22.00,72.00,0.6161,5.47,1,1,2.7473,ACCEPT,0,5543,874,8253,0,0,4596,0,0,0,0
60,0,1,1,ACCEPT,15.1209,2.2398,6099,4,0,0.5073,334.16,552.67,23.62,83.24,320.00,548.50,42.00,53.00,0.3086,14.76,1,1,2.9249,ACCEPT,0,6579,890,11781,0,0,6099,0,0,0,0
61,0,1,1,ACCEPT,8.3030,1.6162,4918,8,1,0.0248,340.03,555.27,23.62,83.24,328.50,551.50,35.00,79.00,0.4098,12.13,1,0,3.1811,ACCEPT,0,8859,379,7816,0,0,4918,0,0,0,0
62,0,1,1,ACCEPT,10.0263,2.0340,1912,4,0,0.5502,342.97,555.27,23.62,83.24,348.50,561.00,29.00,86.00,0.5811,7.97,1,0,2.9417,ACCEPT,0,4429,634,9092,0,0,1912,0,0,0,0
63,0,1,1,ACCEPT,12.2187,1.8913,3809,5,0,0.5290,346.64,555.27,24.57,86.57,355.00,562.50,28.00,47.00,0.3240,11.06,1,1,2.9799,ACCEPT,0,5499,469,8260,0,0,3809,0,0,0,0
64,0,1,1,ACCEPT,9.3277,1.1013,2588,-5,7,0.3134,342.81,574.19,24.57,86.57,349.50,563.50,19.00,43.00,0.2829,12.61,1,0,3.1792,ACCEPT,0,4599,311,10027,0,0,2588,0,0,0,0
65,0,1,1,ACCEPT,8.0077,1.1670,2006,16,-7,0.1221,355.06,555.27,25.55,90.03,342.50,558.50,45.00,49.00,0.3281,12.97,1,1,2.4092,ACCEPT,0,4635,380,8551,0,0,2006,0,0,0,0
66,0,1,1,ACCEPT,7.9732,1.1546,2465,12,1,0.7570,364.62,558.08,25.55,90.03,355.50,559.00,35.00,78.00,0.4880,9.17,1,0,3.1797,ACCEPT,0,4145,225,10005,0,0,2465,0,0,0,0
67,0,1,1,ACCEPT,8.9406,1.5633,2223,4,0,0.6208,367.81,558.08,25.55,90.03,370.50,562.50,17.00,73.00,0.5395,5.17,1,0,3.0119,ACCEPT,0,3994,402,12489,0,0,2223,0,0,0,0
68,0,1,1,ACCEPT,7.6998,1.1940,1711,3,0,0.7680,370.20,558.08,25.55,90.03,372.50,563.00,21.00,36.00,0.3282,5.43,1,0,2.8282,ACCEPT,0,3486,232,14339,0,0,1711,0,0,0,0
69,0,1,1,ACCEPT,9.8565,1.1831,2895,2,-1,0.7202,371.80,555.27,26.57,93.63,365.50,560.50,47.00,59.00,0.4245,8.19,1,1,2.6960,ACCEPT,0,5655,272,12288,0,0,2895,0,0,0,0
70,0,1,1,ACCEPT,13.3099,2.5087,3186,4,1,0.6522,375.11,558.19,26.57,93.63,363.50,560.00,49.00,52.00,0.3704,11.75,1,0,3.0870,ACCEPT,0,4550,287,10772,0,0,3186,0,0,0,0
71,0,1,1,ACCEPT,8.2980,1.2421,2647,0,0,1.0000,375.11,558.19,26.57,93.63,379.50,561.50,23.00,87.00,0.6536,5.50,1,0,3.2857,ACCEPT,0,5100,483,11440,0,0,2647,0,0,0,0
72,0,1,1,ACCEPT,7.9771,1.0790,2896,-1,0,0.8954,374.28,558.19,25.55,90.03,376.00,561.50,20.00,53.00,0.4608,3.73,1,-1,2.4079,ACCEPT,0,5692,531,9997,0,0,2896,0,0,0,0
73,0,1,1,ACCEPT,9.8746,1.4295,3378,-1,0,0.9959,373.48,558.19,25.55,90.03,365.50,560.00,31.00,66.00,0.4453,8.19,1,0,3.3349,ACCEPT,0,5815,462,10283,0,0,3378,0,0,0,0
74,0,1,1,ACCEPT,11.5494,1.6290,2880,-3,1,0.7222,371.09,561.00,24.57,86.57,363.50,557.50,33.00,37.00,0.3058,8.36,1,-1,2.6367,ACCEPT,0,3912,354,11643,0,0,2880,0,0,0,0
75,0,1,1,ACCEPT,13.5131,2.2357,3879,-3,0,0.6788,368.80,561.00,24.57,86.57,364.00,563.50,34.00,59.00,0.5375,5.41,1,0,2.8979,ACCEPT,0,4524,443,10913,0,0,3879,0,0,0,0
76,0,1,1,ACCEPT,7.2183,1.1044,1597,-6,1,0.2561,364.20,563.70,23.62,83.24,363.50,567.00,17.00,90.00,0.6799,3.37,1,-1,2.7973,ACCEPT,0,3599,410,10593,0,0,1597,0,0,0,0
77,0,1,1,ACCEPT,11.6167,1.9383,2138,-3,1,0.3873,362.00,566.30,22.71,80.04,362.50,564.50,13.00,73.00,0.5220,1.87,1,-1,2.6627,ACCEPT,0,3185,310,11365,0,0,2138,0,0,0,0
78,0,1,1,ACCEPT,12.4456,1.6525,3505,-4,0,0.4596,359.19,566.30,22.71,80.04,360.00,572.50,14.00,61.00,0.4698,6.26,1,0,3.0067,ACCEPT,0,4699,247,10231,0,0,3505,0,0,0,0
79,0,1,1,ACCEPT,14.3000,2.0892,3865,-2,-1,0.8543,357.78,563.80,23.62,83.24,354.00,559.00,18.00,52.00,0.4391,6.11,1,1,2.5270,ACCEPT,0,4706,347,10392,0,0,3865,0,0,0,0
80,0,1,1,ACCEPT,13.2419,1.9402,4154,-1,0,0.9492,357.05,563.80,23.62,83.24,347.50,556.50,27.00,47.00,0.2970,12.02,1,2,1.9224,LOW_CONF,0,5657,321,10849,0,0,4154,0,0,0,0
81,0,1,1,ACCEPT,12.9205,1.8802,4142,0,2,0.7789,357.05,568.98,24.57,86.57,341.50,571.00,41.00,66.00,0.3079,15.68,1,1,2.5016,ACCEPT,0,5020,295,10803,0,0,4142,0,0,0,0
82,0,1,1,ACCEPT,11.5041,1.9445,4237,-1,2,0.4489,356.28,574.39,24.57,86.57,352.50,578.00,19.00,84.00,0.6528,5.23,1,0,3.1323,ACCEPT,0,5918,399,12445,0,0,4237,0,0,0,0
83,0,1,1,ACCEPT,9.7869,1.6348,5153,-2,2,0.5092,354.75,579.80,24.57,86.57,358.50,572.50,17.00,57.00,0.4556,8.20,1,0,3.2813,ACCEPT,0,8894,488,12360,0,0,5153,0,0,0,0
84,0,1,1,ACCEPT,17.2053,3.3181,7167,-1,0,0.8746,353.98,579.80,24.57,86.57,362.00,582.50,26.00,51.00,0.3424,8.46,1,0,3.1559,ACCEPT,0,6820,434,12613,0,0,7167,0,0,0,0
85,0,1,1,ACCEPT,13.1404,1.9508,5591,0,0,1.0000,353.98,579.80,24.57,86.57,355.00,583.00,16.00,64.00,0.4815,3.36,1,0,3.4155,ACCEPT,0,7183,295,15329,0,0,5591,0,0,0,0
86,0,1,1,ACCEPT,16.1625,1.9666,6895,5,1,0.2867,357.81,582.50,25.55,90.03,341.00,582.00,44.00,34.00,0.1917,16.82,1,1,2.6635,ACCEPT,0,7417,338,16712,0,0,6895,0,0,0,0
87,0,1,1,ACCEPT,14.0929,2.5011,6913,2,0,0.8581,359.41,582.50,26.57,93.63,342.00,578.00,46.00,56.00,0.2639,17.98,1,1,2.5707,ACCEPT,0,7062,348,17313,0,0,6913,0,0,0,0
88,0,1,1,ACCEPT,10.9505,1.6903,6565,4,1,0.5406,362.72,585.42,26.57,93.63,350.00,583.50,34.00,79.00,0.3665,12.86,1,0,3.1386,ACCEPT,0,10102,394,15315,0,0,6565,0,0,0,0
89,0,1,1,ACCEPT,9.1245,1.7715,4675,2,1,0.9384,364.38,588.34,27.63,97.38,368.50,594.50,29.00,81.00,0.6361,7.41,1,1,2.8074,ACCEPT,0,8974,461,9924,0,0,4675,0,0,0,0
90,0,1,1,ACCEPT,10.3561,1.1437,3598,-1,-2,0.7793,363.52,582.25,27.63,97.38,374.00,595.50,28.00,47.00,0.2552,16.90,1,0,3.3436,ACCEPT,0,5263,423,15621,0,0,3598,0,0,0,0
91,0,1,1,ACCEPT,12.2593,1.8559,5421,7,3,0.0675,369.53,591.39,28.74,101.27,370.00,588.00,26.00,48.00,0.4288,3.42,1,1,2.7683,ACCEPT,0,6603,290,17213,0,0,5421,0,0,0,0
92,0,1,1,ACCEPT,13.2192,1.6468,5548,6,0,0.3488,374.88,591.39,28.74,101.27,363.50,594.00,49.00,42.00,0.3028,11.67,1,0,3.1997,ACCEPT,0,6135,252,16713,0,0,5548,0,0,0,0
93,0,1,1,ACCEPT,14.2954,2.5210,5453,8,1,0.1146,382.00,594.56,29.89,105.33,367.00,596.00,48.00,60.00,0.3129,15.07,1,1,2.7219,ACCEPT,0,6447,334,14929,0,0,5453,0,0,0,0
94,0,1,1,ACCEPT,11.5782,1.8804,4184,4,2,0.5684,385.75,601.16,31.09,109.54,374.50,601.00,41.00,82.00,0.4294,11.25,1,1,3.0884,ACCEPT,0,5837,353,13599,0,0,4184,0,0,0,0
95,0,1,1,ACCEPT,11.3540,1.9051,4334,2,0,0.8452,387.69,601.16,32.33,113.92,384.50,613.00,29.00,80.00,0.5777,12.27,1,1,3.0370,ACCEPT,0,6674,401,14194,0,0,4334,0,0,0,0
96,0,1,1,ACCEPT,12.1368,2.0894,4137,8,1,0.2698,395.81,604.72,33.62,118.48,387.00,604.50,48.00,71.00,0.4438,8.82,1,1,3.0612,ACCEPT,0,6316,440,13845,0,0,4137,0,0,0,0
97,0,1,1,ACCEPT,13.0372,2.7217,4850,4,1,0.6396,400.00,608.42,33.62,118.48,388.50,605.50,47.00,73.00,0.3960,11.87,1,0,3.2634,ACCEPT,0,5814,375,16745,0,0,4850,0,0,0,0
98,0,1,1,ACCEPT,9.4236,1.3233,3287,5,1,0.5537,405.23,612.12,33.62,118.48,399.50,621.00,33.00,76.00,0.4768,10.57,1,0,3.2974,ACCEPT,0,5821,216,23345,0,0,3287,0,0,0,0
99,0,1,1,ACCEPT,7.1641,1.0739,3384,2,1,0.7394,407.33,615.83,33.62,118.48,405.00,621.00,20.00,56.00,0.2812,5.67,1,0,3.5302,ACCEPT,0,7724,247,20242,0,0,3384,0,0,0,0
100,0,1,1,ACCEPT,7.9454,1.1909,3287,0,2,0.7682,407.33,623.23,32.33,113.92,399.00,630.00,30.00,62.00,0.3431,10.73,1,-1,2.1389,ACCEPT,0,5652,271,19356,0,0,3287,0,0,0,0
101,0,1,1,ACCEPT,10.2686,1.6832,3698,-3,0,0.6731,404.28,623.23,31.09,109.54,391.00,614.50,50.00,71.00,0.3856,15.90,1,-1,2.3964,ACCEPT,0,5294,218,17792,0,0,3698,0,0,0,0
102,0,1,1,ACCEPT,11.4755,1.6115,5297,0,0,1.0000,404.28,623.23,29.89,105.33,395.50,628.00,41.00,72.00,0.4592,9.99,1,-1,2.0769,ACCEPT,0,7461,282,19659,0,0,5297,0,0,0,0
103,0,1,1,ACCEPT,8.9750,1.0626,5480,5,-4,0.4467,408.97,610.05,29.89,105.33,404.00,626.50,22.00,57.00,0.3729,17.19,1,0,2.8954,ACCEPT,0,8863,311,22296,0,0,5480,0,0,0,0
104,0,1,1,ACCEPT,10.1731,1.4344,4276,-1,0,0.9338,408.03,610.05,29.89,105.33,399.00,633.00,30.00,62.00,0.3396,24.67,1,0,2.9129,ACCEPT,0,6460,220,27184,0,0,4276,0,0,0,0
105,0,1,1,ACCEPT,13.0961,1.9129,4983,-4,2,0.5960,404.28,616.64,29.89,105.33,390.50,624.50,37.00,67.00,0.3057,15.86,1,0,3.2501,ACCEPT,0,6010,303,20018,0,0,4983,0,0,0,0
106,0,1,1,ACCEPT,14.4663,2.5364,4109,-4,0,0.5641,400.53,616.64,31.09,109.54,382.50,620.00,45.00,52.00,0.2212,18.34,1,1,3.0638,ACCEPT,0,4750,238,24180,0,0,4109,0,0,0,0
107,0,1,1,ACCEPT,14.2194,2.1422,5454,-3,0,0.5501,397.62,616.64,31.09,109.54,382.00,628.00,44.00,80.00,0.3390,19.32,1,0,3.0716,ACCEPT,0,6101,451,32767,0,0,5454,0,0,0,0
108,0,1,1,ACCEPT,18.1320,2.6820,7853,-9,-1,0.1298,388.91,613.22,31.09,109.54,386.50,639.00,21.00,80.00,0.3984,25.89,1,0,3.1485,ACCEPT,0,6112,524,32767,0,0,7853,0,0,0,0
109,0,1,1,ACCEPT,12.8048,1.9667,6913,-1,1,0.8034,387.94,616.64,31.09,109.54,385.50,635.50,27.00,57.00,0.4424,19.02,1,0,3.1343,ACCEPT,0,6916,576,32767,0,0,6913,0,0,0,0
110,0,1,1,ACCEPT,10.1256,1.7180,3637,-5,1,0.3902,383.09,620.06,31.09,109.54,372.00,635.00,30.00,48.00,0.2387,18.61,1,0,2.8852,ACCEPT,0,4958,598,32533,0,0,3637,0,0,0,0
111,0,1,1,ACCEPT,13.7789,2.7698,5656,-6,0,0.1694,377.28,620.06,31.09,109.54,358.50,621.00,51.00,58.00,0.2546,18.80,1,0,3.4594,ACCEPT,0,6342,503,32767,0,0,5656,0,0,0,0
112,0,1,1,ACCEPT,14.0228,2.6373,5773,-2,0,0.8046,375.34,620.06,31.09,109.54,361.00,629.00,42.00,84.00,0.3679,16.90,1,0,3.5088,ACCEPT,0,6926,456,25999,0,0,5773,0,0,0,0
113,0,1,1,ACCEPT,10.7544,1.6661,2949,-8,1,0.2255,367.59,623.48,32.33,113.92,361.50,623.00,25.00,80.00,0.4657,6.11,1,1,2.8501,ACCEPT,0,3398,377,25336,0,0,2949,0,0,0,0
114,0,1,1,ACCEPT,8.5115,1.1107,2668,-3,0,0.4940,364.55,623.48,32.33,113.92,356.50,642.00,25.00,52.00,0.2741,20.19,1,0,3.0103,ACCEPT,0,4641,306,22226,0,0,2668,0,0,0,0
115,0,1,1,ACCEPT,8.7787,1.6467,1920,-5,0,0.4984,359.47,623.48,32.33,113.92,347.50,638.00,39.00,42.00,0.2301,18.81,1,0,3.2990,ACCEPT,0,2888,370,26567,0,0,1920,0,0,0,0
116,0,1,1,ACCEPT,7.5189,1.1115,2313,-6,0,0.5478,353.38,623.48,32.33,113.92,333.50,621.50,59.00,41.00,0.2096,19.97,1,0,2.9704,ACCEPT,0,5071,402,17830,0,0,2313,0,0,0,0
117,0,1,1,ACCEPT,9.9123,1.7238,2253,-4,0,0.4931,349.31,623.48,32.33,113.92,332.00,619.50,50.00,71.00,0.3057,17.77,1,0,3.1522,ACCEPT,0,4150,279,18198,0,0,2253,0,0,0,0
118,0,1,1,ACCEPT,8.1853,1.0558,2177,12,13,0.0634,361.50,669.80,33.62,118.48,330.00,631.50,32.00,89.00,0.0127,49.59,1,1,3.0174,ACCEPT,0,3999,226,22215,0,0,2177,0,0,0,0
119,0,1,1,ACCEPT,8.5150,1.1779,2331,0,2,0.8541,361.50,677.20,33.62,118.48,327.00,646.00,22.00,80.00,0.0000,46.52,1,0,3.1997,ACCEPT,0,3858,258,16463,0,0,2331,0,0,0,0
120,0,1,1,ACCEPT,12.8708,1.2591,2274,4,1,0.8857,365.69,680.91,33.62,118.48,322.00,640.00,32.00,54.00,0.0000,59.85,1,0,3.0587,ACCEPT,0,2534,381,17558,0,0,2274,0,0,0,0
121,0,1,1,ACCEPT,13.4945,1.9096,3634,6,0,0.3484,371.97,680.91,33.62,118.48,299.00,615.50,50.00,47.00,0.0000,97.99,1,0,3.3617,ACCEPT,0,4905,351,18683,0,0,3634,0,0,0,0
122,0,1,1,ACCEPT,16.5439,2.4547,4038,0,1,0.9515,371.97,684.61,33.62,118.48,296.50,614.50,51.00,49.00,0.0000,103.01,1,0,3.2736,ACCEPT,0,4156,285,16841,0,0,4038,0,0,0,0
123,0,1,1,ACCEPT,8.9181,1.4111,1912,4,1,0.5199,376.16,688.31,33.62,118.48,302.00,627.50,38.00,61.00,0.0000,95.90,1,0,2.5294,ACCEPT,0,3609,238,20146,0,0,1912,0,0,0,0
124,0,1,1,ACCEPT,12.8474,1.6368,2650,3,0,0.7045,379.30,688.31,33.62,118.48,302.00,630.50,28.00,85.00,0.0000,96.53,1,0,3.2625,ACCEPT,0,3366,198,32767,0,0,2650,0,0,0,0
125,0,1,1,ACCEPT,12.2828,1.4969,6058,-1,1,0.8407,378.25,692.02,33.62,118.48,297.50,641.50,25.00,67.00,0.0000,95.25,1,0,3.4323,ACCEPT,0,8645,361,24641,0,0,6058,0,0,0,0
126,0,1,1,ACCEPT,12.1522,1.3370,4360,0,1,0.9284,378.25,695.72,33.62,118.48,282.50,620.50,45.00,57.00,0.0000,121.76,1,0,3.4931,ACCEPT,0,5009,386,17536,0,0,4360,0,0,0,0
127,0,1,1,ACCEPT,9.1285,1.2394,2319,2,2,0.7922,380.34,703.12,32.33,113.92,278.00,610.50,54.00,55.00,0.0000,138.03,1,-1,2.6459,ACCEPT,0,4505,476,14385,0,0,2319,0,0,0,0
128,0,1,1,ACCEPT,7.3254,1.0690,2214,-5,1,0.5452,375.27,706.69,31.09,109.54,274.50,614.00,59.00,42.00,0.0000,136.91,1,-1,2.8527,ACCEPT,0,5646,506,14408,0,0,2214,0,0,0,0
129,0,1,1,ACCEPT,8.9679,1.3381,2541,-3,1,0.3652,372.36,710.11,29.89,105.33,275.00,618.00,60.00,44.00,0.0000,134.03,1,-1,2.7500,ACCEPT,0,3940,394,13883,0,0,2541,0,0,0,0
130,0,1,1,ACCEPT,11.0008,1.4523,4325,-1,0,0.9334,371.42,710.11,29.89,105.33,276.50,633.50,39.00,55.00,0.0000,121.98,1,0,3.2339,ACCEPT,0,5785,332,12710,0,0,4325,0,0,0,0
131,0,1,1,ACCEPT,9.9466,1.1381,2877,-5,2,0.1578,366.73,716.70,28.74,101.27,272.00,629.00,46.00,52.00,0.0000,129.10,1,-1,2.6834,ACCEPT,0,4100,252,13611,0,0,2877,0,0,0,0
132,0,1,1,ACCEPT,9.9655,1.2657,3311,-5,2,0.1401,362.28,723.05,28.74,101.27,261.50,610.50,59.00,45.00,0.0000,151.08,1,0,3.2353,ACCEPT,0,4560,346,16866,0,0,3311,0,0,0,0
133,0,1,1,ACCEPT,12.5814,1.9073,4772,-2,1,0.4679,360.50,726.22,28.74,101.27,260.50,602.50,59.00,53.00,0.0000,159.08,1,0,2.9493,ACCEPT,0,5962,414,17948,0,0,4772,0,0,0,0
134,0,1,1,ACCEPT,7.6099,1.1195,2567,-8,-1,0.1815,353.38,723.05,28.74,101.27,261.50,599.50,53.00,51.00,0.0000,153.96,1,0,2.6354,ACCEPT,0,4634,349,17934,0,0,2567,0,0,0,0
135,0,1,1,ACCEPT,10.1716,1.7053,3131,-3,0,0.6343,350.70,723.05,28.74,101.27,260.50,603.50,51.00,59.00,0.0000,149.76,1,0,3.2270,ACCEPT,0,6818,485,15825,0,0,3131,0,0,0,0
136,0,1,1,ACCEPT,13.7867,2.1580,3455,-6,1,0.3395,345.36,726.22,28.74,101.27,271.00,622.00,22.00,70.00,0.0000,128.03,1,0,3.3189,ACCEPT,0,4238,353,16850,0,0,3455,0,0,0,0
137,0,1,1,ACCEPT,13.4661,1.9866,3713,-1,1,0.8147,344.47,729.39,28.74,101.27,266.50,615.00,21.00,72.00,0.0000,138.44,1,0,3.2468,ACCEPT,0,4643,310,16930,0,0,3713,0,0,0,0
138,0,1,1,ACCEPT,14.5708,2.7062,3472,-1,1,0.8456,343.58,732.56,27.63,97.38,263.00,613.50,30.00,67.00,0.0000,143.77,1,-1,2.8084,ACCEPT,0,3628,311,19390,0,0,3472,0,0,0,0
139,0,1,1,ACCEPT,12.9932,2.1010,3078,-4,0,0.5660,340.14,732.56,26.57,93.63,254.00,607.00,42.00,54.00,0.0000,152.27,1,-1,2.7801,ACCEPT,0,5301,374,19352,0,0,3078,0,0,0,0
140,0,1,1,ACCEPT,11.8436,2.2871,2390,-2,0,0.8163,338.48,732.56,25.55,90.03,257.50,604.50,43.00,67.00,0.0000,151.52,1,-1,2.9572,ACCEPT,0,3587,337,19094,0,0,2390,0,0,0,0
141,0,1,1,ACCEPT,9.6759,1.6624,2073,-6,1,0.5205,333.70,735.38,25.55,90.03,268.00,616.00,26.00,88.00,0.0000,136.26,1,0,3.3324,ACCEPT,0,3749,434,19716,0,0,2073,0,0,0,0
142,0,1,1,ACCEPT,12.3225,1.5635,2758,-6,1,0.6396,328.92,738.19,25.55,90.03,278.00,624.50,32.00,71.00,0.0000,124.57,1,0,3.4270,ACCEPT,0,4101,428,22059,0,0,2758,0,0,0,0
143,0,1,1,ACCEPT,13.5499,2.3288,4299,0,0,1.0000,328.92,738.19,25.55,90.03,274.50,623.00,25.00,58.00,0.0000,127.40,1,0,3.3644,ACCEPT,0,4767,504,16460,0,0,4299,0,0,0,0
144,0,1,1,ACCEPT,11.0546,1.9592,3989,1,0,0.9804,329.72,738.19,24.57,86.57,270.00,615.50,22.00,71.00,0.0000,136.45,1,-1,2.9969,ACCEPT,0,5544,513,10335,0,0,3989,0,0,0,0
145,0,1,1,ACCEPT,7.9549,1.2023,2330,-4,0,0.4944,326.66,738.19,24.57,86.57,260.50,612.50,31.00,73.00,0.0000,142.04,1,0,3.0970,ACCEPT,0,4411,556,9417,0,0,2330,0,0,0,0
146,0,1,1,ACCEPT,17.2741,2.7382,4247,-3,1,0.2910,324.36,740.89,24.57,86.57,268.00,615.00,26.00,64.00,0.0000,137.93,1,0,3.2678,ACCEPT,0,4116,453,9450,0,0,4247,0,0,0,0
147,0,1,1,ACCEPT,13.0740,1.4522,3674,5,0,0.3002,328.19,740.89,24.57,86.57,269.00,615.00,26.00,78.00,0.0000,139.11,1,0,2.9749,ACCEPT,0,4816,318,10026,0,0,3674,0,0,0,0
148,0,1,1,ACCEPT,18.3739,2.6933,4215,0,-1,0.9110,328.19,738.19,25.55,90.03,273.00,615.50,24.00,83.00,0.0000,134.53,1,1,2.8282,ACCEPT,0,4478,538,8128,0,0,4215,0,0,0,0
149,0,1,1,ACCEPT,22.5698,2.9800,3874,0,0,1.0000,328.19,738.19,26.57,93.63,280.00,618.00,26.00,86.00,0.0000,129.49,1,1,2.9328,ACCEPT,0,3108,392,9689,0,0,3874,0,0,0,0
150,0,1,1,ACCEPT,11.9481,1.5827,2678,3,1,0.8372,330.67,741.11,26.57,93.63,289.50,620.50,33.00,81.00,0.0000,127.44,1,0,3.2541,ACCEPT,0,3506,427,10125,0,0,2678,0,0,0,0
151,0,1,1,ACCEPT,8.3895,1.3464,2476,1,-1,0.8877,331.50,738.19,27.63,97.38,296.50,619.00,29.00,62.00,0.0000,124.22,1,1,2.2368,ACCEPT,0,4348,568,11758,0,0,2476,0,0,0,0
152,0,1,1,ACCEPT,12.0788,1.6445,5519,1,-1,0.8357,332.36,735.14,28.74,101.27,293.50,619.50,25.00,61.00,0.0000,122.00,1,1,2.9494,ACCEPT,0,7726,432,12702,0,0,5519,0,0,0,0
153,0,1,1,ACCEPT,11.2562,1.2797,3962,1,6,0.2214,333.25,754.17,28.74,101.27,296.50,615.00,35.00,58.00,0.0000,143.94,1,0,2.5064,ACCEPT,0,5067,529,15412,0,0,3962,0,0,0,0
154,0,1,1,ACCEPT,11.4621,1.5821,3297,5,-6,0.1890,337.70,735.14,29.89,105.33,300.50,612.00,37.00,62.00,0.0000,128.64,1,1,2.7473,ACCEPT,0,4263,492,13571,0,0,3297,0,0,0,0
155,0,1,1,ACCEPT,14.5931,1.9944,3203,5,0,0.5367,342.39,735.14,31.09,109.54,309.50,620.00,33.00,70.00,0.0000,119.75,1,1,2.8931,ACCEPT,0,3936,463,13499,0,0,3203,0,0,0,0
156,0,1,1,ACCEPT,10.9422,1.8885,1745,8,1,0.4126,350.14,738.56,31.09,109.54,336.00,625.00,28.00,76.00,0.0000,114.44,1,0,2.9699,ACCEPT,0,2849,450,16509,0,0,1745,0,0,0,0
157,0,1,1,ACCEPT,8.6701,1.2575,1504,-3,5,0.7194,347.23,755.67,31.09,109.54,339.00,632.00,16.00,64.00,0.0000,123.95,1,0,2.9368,ACCEPT,0,2671,323,20239,0,0,1504,0,0,0,0
158,0,1,1,ACCEPT,8.5464,1.9079,1740,11,-5,0.2224,357.89,738.56,31.09,109.54,341.50,623.50,23.00,79.00,0.0000,116.22,1,0,3.3920,ACCEPT,0,3510,394,25455,0,0,1740,0,0,0,0
159,0,1,1,ACCEPT,13.6133,1.9262,3159,1,0,0.9554,358.86,738.56,31.09,109.54,340.50,620.50,37.00,73.00,0.0000,119.48,1,0,3.2365,ACCEPT,0,3827,336,16697,0,0,3159,0,0,0,0
160,0,1,1,ACCEPT,10.3401,1.3529,1986,-1,1,0.8505,357.89,741.98,31.09,109.54,350.00,626.50,32.00,81.00,0.0000,115.75,1,0,3.3052,ACCEPT,0,2603,378,13528,0,0,1986,0,0,0,0
161,0,1,1,ACCEPT,10.0413,1.2157,1285,6,1,0.4078,363.70,745.41,31.09,109.54,370.00,644.00,22.00,72.00,0.0000,101.60,1,0,3.1879,ACCEPT,0,2440,363,9818,0,0,1285,0,0,0,0
162,0,1,1,ACCEPT,8.6735,1.1834,1878,2,0,0.8328,365.64,745.41,32.33,113.92,371.50,640.00,23.00,80.00,0.0000,105.57,1,1,2.7979,ACCEPT,0,3303,404,15102,0,0,1878,0,0,0,0
163,0,1,1,ACCEPT,11.4180,1.3069,3977,-3,1,0.6693,362.59,748.97,32.33,113.92,373.50,637.50,25.00,77.00,0.0000,112.00,1,0,3.2003,ACCEPT,0,6622,428,11933,0,0,3977,0,0,0,0
164,0,1,1,ACCEPT,14.3943,2.4407,4298,-1,0,0.9986,361.58,748.97,32.33,113.92,376.00,641.50,28.00,89.00,0.0000,108.43,1,0,2.9930,ACCEPT,0,5501,394,10865,0,0,4298,0,0,0,0
165,0,1,1,ACCEPT,9.4329,1.2181,2988,-2,3,0.4177,359.55,759.66,31.09,109.54,383.50,651.50,31.00,71.00,0.0000,110.78,1,-1,2.8059,ACCEPT,0,4602,378,10828,0,0,2988,0,0,0,0
166,0,1,1,ACCEPT,9.0365,1.1809,2950,-1,1,0.8092,358.58,763.08,31.09,109.54,377.50,646.00,47.00,62.00,0.0000,118.60,1,0,2.4613,ACCEPT,0,4743,339,10549,0,0,2950,0,0,0,0
167,0,1,1,ACCEPT,6.8053,1.0814,1474,6,-9,0.5455,364.39,732.28,31.09,109.54,379.50,645.50,49.00,51.00,0.0000,88.09,1,0,3.0718,ACCEPT,0,2870,282,12060,0,0,1474,0,0,0,0
168,0,1,1,ACCEPT,10.8498,1.9571,2415,1,-1,0.7416,365.36,728.86,31.09,109.54,385.50,644.50,39.00,77.00,0.0212,86.73,1,0,2.6271,ACCEPT,0,2698,291,11758,0,0,2415,0,0,0,0
169,0,1,1,ACCEPT,11.1551,1.6734,2577,0,-1,0.9468,365.36,725.44,31.09,109.54,399.00,655.00,22.00,62.00,0.0000,78.06,1,0,3.0405,ACCEPT,0,2802,351,15475,0,0,2577,0,0,0,0
170,0,1,1,ACCEPT,5.6922,1.0010,2014,0,1,0.9439,365.36,728.86,31.09,109.54,394.00,654.00,46.00,62.00,0.0176,80.15,1,0,3.1582,ACCEPT,0,4566,408,18576,0,0,2014,0,0,0,0
171,0,1,0,NEGATIVE_PEAK,-7.4044,1.1285,-2828,8,2,0.8752,365.36,728.86,31.09,109.54,393.00,651.50,48.00,41.00,0.0000,82.15,0,0,0.0000,NOT_RUN,0,5852,420,0,0,0,2828,0,0,0,0
172,0,1,1,ACCEPT,6.4082,1.0875,2709,-1,0,0.9546,364.39,728.86,31.09,109.54,394.50,650.00,49.00,58.00,0.0079,84.41,1,0,3.0508,ACCEPT,0,5653,398,18426,0,0,2709,0,0,0,0
173,0,1,1,ACCEPT,7.3736,1.0654,2671,2,-1,0.7233,366.33,725.44,31.09,109.54,403.00,651.50,40.00,87.00,0.0000,82.53,1,0,3.1325,ACCEPT,0,4760,369,22874,0,0,2671,0,0,0,0
174,0,1,1,ACCEPT,8.2287,1.0771,3886,0,0,1.0000,366.33,725.44,31.09,109.54,412.50,650.50,21.00,67.00,0.0000,88.02,1,0,3.2293,ACCEPT,0,6103,416,23369,0,0,3886,0,0,0,0
175,0,1,1,ACCEPT,9.9227,1.3404,4127,1,-1,0.7938,367.30,722.02,31.09,109.54,402.50,646.50,35.00,51.00,0.0000,83.32,1,0,3.1643,ACCEPT,0,6438,369,23785,0,0,4127,0,0,0,0
176,0,1,1,ACCEPT,10.5556,1.3646,4443,0,-1,0.9986,367.30,718.59,31.09,109.54,395.50,636.50,43.00,47.00,0.0000,86.80,1,0,3.0786,ACCEPT,0,6591,386,24178,0,0,4443,0,0,0,0
177,0,1,1,ACCEPT,11.5645,1.4303,4886,-1,0,0.9388,366.33,718.59,31.09,109.54,398.00,641.00,36.00,78.00,0.0049,83.81,1,0,3.1772,ACCEPT,0,6888,400,25001,0,0,4886,0,0,0,0
178,0,1,1,ACCEPT,11.9173,1.8280,5453,-1,0,0.9177,365.36,718.59,31.09,109.54,399.50,647.50,17.00,79.00,0.0000,78.87,1,0,2.9325,ACCEPT,0,7314,399,23592,0,0,5453,0,0,0,0
179,0,1,1,ACCEPT,13.0314,1.6831,4509,0,-1,0.9712,365.36,715.17,31.09,109.54,401.00,639.00,22.00,52.00,0.0000,84.10,1,0,3.1015,ACCEPT,0,6088,408,25800,0,0,4509,0,0,0,0
180,0,1,1,ACCEPT,12.2725,1.9841,4365,-1,0,0.8591,364.39,715.17,31.09,109.54,385.00,633.50,38.00,69.00,0.0179,84.23,1,0,3.1794,ACCEPT,0,6706,322,26297,0,0,4365,0,0,0,0
181,0,1,1,ACCEPT,11.8818,2.2077,3965,-1,0,0.9932,363.42,715.17,31.09,109.54,380.00,630.00,40.00,60.00,0.0000,86.77,1,0,3.1241,ACCEPT,0,6228,319,27073,0,0,3965,0,0,0,0
182,0,1,1,ACCEPT,13.6927,2.4198,4012,0,0,1.0000,363.42,715.17,31.09,109.54,382.50,632.50,35.00,81.00,0.0290,84.84,1,0,3.1168,ACCEPT,0,5900,328,29590,0,0,4012,0,0,0,0
183,0,1,1,ACCEPT,13.0173,2.8197,4035,1,-1,0.9745,364.39,711.75,31.09,109.54,381.50,632.00,25.00,72.00,0.0237,81.56,1,0,3.1744,ACCEPT,0,6186,322,27472,0,0,4035,0,0,0,0
184,0,1,1,ACCEPT,12.8300,2.5573,3547,-1,0,0.8066,363.42,711.75,31.09,109.54,378.50,628.50,23.00,57.00,0.0000,84.60,1,0,3.1563,ACCEPT,0,5132,317,28087,0,0,3547,0,0,0,0
185,0,1,1,ACCEPT,7.5851,1.1595,3417,-9,8,0.3228,354.70,739.12,29.89,105.33,364.00,627.50,38.00,71.00,0.0000,112.01,1,-1,2.9426,ACCEPT,0,5143,373,24192,0,0,3417,0,0,0,0
186,0,1,1,ACCEPT,6.2361,1.1145,2239,-2,1,0.5940,352.83,742.42,28.74,101.27,354.50,620.00,47.00,54.00,0.0000,122.43,1,-1,2.9128,ACCEPT,0,4405,386,26914,0,0,2239,0,0,0,0
187,0,1,1,ACCEPT,6.2881,1.1593,2606,-14,6,0.2567,340.36,761.45,27.63,97.38,352.50,624.50,43.00,59.00,0.0000,137.49,1,-1,2.8226,ACCEPT,0,4831,274,30781,0,0,2606,0,0,0,0
188,0,1,1,ACCEPT,11.5470,1.7815,9777,1,-1,0.8170,341.22,758.41,28.74,101.27,352.00,620.50,36.00,89.00,0.0000,138.33,1,1,2.8838,ACCEPT,0,12991,338,23985,0,0,9777,0,0,0,0
189,0,1,1,ACCEPT,13.1782,2.1453,6953,4,1,0.7034,344.78,761.58,28.74,101.27,352.50,626.00,21.00,92.00,0.0000,135.80,1,0,3.1259,ACCEPT,0,9727,364,21497,0,0,6953,0,0,0,0
190,0,1,1,ACCEPT,10.9168,1.5866,6667,6,2,0.0306,350.12,767.92,28.74,101.27,338.50,631.00,25.00,54.00,0.0000,137.41,1,0,3.1664,ACCEPT,0,10141,363,24877,0,0,6667,0,0,0,0
191,0,1,1,ACCEPT,7.6902,1.0520,6146,0,-6,0.6913,350.12,748.89,28.74,101.27,330.00,616.00,34.00,62.00,0.0000,134.41,1,0,2.6001,ACCEPT,0,14244,464,23495,0,0,6146,0,0,0,0
192,0,1,1,ACCEPT,8.8647,1.4866,5111,4,6,0.2144,353.69,767.92,29.89,105.33,321.00,608.50,44.00,43.00,0.0000,162.74,1,1,2.6091,ACCEPT,0,9922,364,18413,0,0,5111,0,0,0,0
193,0,1,1,ACCEPT,9.6050,1.3054,5133,2,1,0.7136,355.56,771.22,29.89,105.33,321.00,612.00,42.00,60.00,0.0000,162.93,1,0,3.0869,ACCEPT,0,7080,338,19434,0,0,5133,0,0,0,0
194,0,1,1,ACCEPT,13.7024,2.0444,5751,1,2,0.6275,356.50,777.81,29.89,105.33,321.50,616.00,33.00,78.00,0.0000,165.55,1,0,3.3614,ACCEPT,0,7000,350,21308,0,0,5751,0,0,0,0
195,0,1,1,ACCEPT,13.6717,1.7643,6865,4,3,0.1665,360.25,787.70,29.89,105.33,326.00,629.00,22.00,68.00,0.0000,162.36,1,0,3.1810,ACCEPT,0,7539,403,19184,0,0,6865,0,0,0,0
196,0,1,1,ACCEPT,10.7620,1.6769,6317,3,0,0.6731,363.06,787.70,29.89,105.33,320.00,629.50,28.00,59.00,0.0000,163.96,1,0,3.1706,ACCEPT,0,6708,468,16995,0,0,6317,0,0,0,0
197,0,1,1,ACCEPT,11.4426,1.7580,6793,3,1,0.5793,365.88,791.00,29.89,105.33,312.00,623.50,26.00,61.00,0.0000,175.95,1,0,3.1688,ACCEPT,0,7590,485,17713,0,0,6793,0,0,0,0
198,0,1,1,ACCEPT,14.0414,1.9824,8441,3,0,0.5786,368.69,791.00,29.89,105.33,304.50,614.00,27.00,66.00,0.0000,188.28,1,0,3.2695,ACCEPT,0,9915,469,16403,0,0,8441,0,0,0,0
199,0,1,1,ACCEPT,13.1657,2.6034,7771,2,1,0.6205,370.56,794.30,29.89,105.33,300.50,609.00,33.00,54.00,0.0000,198.10,1,0,3.1686,ACCEPT,0,9950,464,16025,0,0,7771,0,0,0,0
200,0,1,1,ACCEPT,9.3713,1.6070,5451,10,1,0.1534,379.94,797.59,29.89,105.33,305.00,613.50,28.00,77.00,0.0000,198.76,1,0,2.9994,ACCEPT,0,8649,418,13747,0,0,5451,0,0,0,0
201,0,1,1,ACCEPT,10.9952,1.6594,5534,3,1,0.4917,382.75,800.89,29.89,105.33,313.50,617.50,19.00,85.00,0.0000,196.03,1,0,3.0845,ACCEPT,0,7871,445,14244,0,0,5534,0,0,0,0
202,0,1,1,ACCEPT,12.0781,2.0023,5246,5,1,0.0675,387.44,804.19,29.89,105.33,313.00,626.50,20.00,71.00,0.0000,192.65,1,0,3.0852,ACCEPT,0,6687,570,12822,0,0,5246,0,0,0,0
203,0,1,1,ACCEPT,11.3034,1.5411,5417,5,0,0.2429,392.12,804.19,29.89,105.33,313.50,628.50,15.00,59.00,0.0000,192.48,1,0,3.0051,ACCEPT,0,8070,443,11960,0,0,5417,0,0,0,0
204,0,1,1,ACCEPT,12.7883,1.5546,4995,4,0,0.7437,395.88,804.19,31.09,109.54,307.00,624.50,20.00,59.00,0.0000,200.47,1,1,2.8192,ACCEPT,0,5635,369,12792,0,0,4995,0,0,0,0
205,0,1,1,ACCEPT,12.4926,2.1164,4692,8,1,0.3504,403.62,807.61,31.09,109.54,300.50,609.00,39.00,56.00,0.0000,223.79,1,0,3.1056,ACCEPT,0,6399,404,14983,0,0,4692,0,0,0,0
206,0,1,1,ACCEPT,13.0366,1.9429,5955,5,0,0.5107,408.47,807.61,31.09,109.54,308.00,611.50,34.00,61.00,0.0000,220.35,1,0,3.0369,ACCEPT,0,8001,415,16346,0,0,5955,0,0,0,0
207,0,1,1,ACCEPT,8.4533,1.3869,4176,5,0,0.2787,413.31,807.61,32.33,113.92,319.00,618.50,18.00,67.00,0.0000,211.32,1,1,2.8619,ACCEPT,0,7876,406,16815,0,0,4176,0,0,0,0
208,0,1,1,ACCEPT,12.2941,1.9265,6109,3,1,0.7132,416.36,811.17,32.33,113.92,325.00,612.50,20.00,47.00,0.0000,218.67,1,0,3.2539,ACCEPT,0,7279,342,19826,0,0,6109,0,0,0,0
209,0,1,1,ACCEPT,13.3404,1.5859,6588,3,0,0.6832,419.41,811.17,32.33,113.92,328.50,621.50,19.00,59.00,0.0000,210.33,1,0,3.3254,ACCEPT,0,6369,291,19720,0,0,6588,0,0,0,0
210,0,1,1,ACCEPT,9.5297,1.2723,5751,7,0,0.4220,426.52,811.17,32.33,113.92,324.50,607.00,19.00,58.00,0.0000,228.24,1,0,3.3704,ACCEPT,0,7769,323,21232,0,0,5751,0,0,0,0
211,0,1,1,ACCEPT,11.1123,1.4725,7772,4,1,0.5467,430.58,814.73,32.33,113.92,323.50,601.50,25.00,57.00,0.0000,238.61,1,0,3.1894,ACCEPT,0,10394,306,20297,0,0,7772,0,0,0,0
212,0,1,1,ACCEPT,10.6158,1.5489,5858,0,1,0.9758,430.58,818.30,32.33,113.92,325.00,608.00,30.00,44.00,0.0000,235.31,1,0,2.9467,ACCEPT,0,8781,450,18229,0,0,5858,0,0,0,0
213,0,1,1,ACCEPT,10.5835,1.6832,5802,-1,1,0.8576,429.56,821.86,31.09,109.54,331.00,608.00,28.00,70.00,0.0000,235.48,1,-1,3.1066,ACCEPT,0,9764,352,14406,0,0,5802,0,0,0,0
214,0,1,1,ACCEPT,14.9405,2.5852,6538,-1,-1,0.9151,428.59,818.44,31.09,109.54,345.00,622.00,26.00,66.00,0.0000,213.48,1,0,3.1551,ACCEPT,0,7478,303,10166,0,0,6538,0,0,0,0
215,0,1,1,ACCEPT,11.0927,1.3974,3822,-3,1,0.3093,425.69,821.86,31.09,109.54,343.50,621.00,25.00,48.00,0.0000,217.02,1,0,2.9663,ACCEPT,0,5062,391,13441,0,0,3822,0,0,0,0
216,0,1,1,ACCEPT,8.2997,1.0909,4250,-1,1,0.8360,424.72,825.28,29.89,105.33,337.50,607.50,43.00,39.00,0.0000,234.60,1,-1,2.7335,ACCEPT,0,7622,437,10841,0,0,4250,0,0,0,0
217,0,1,1,ACCEPT,8.1651,1.0054,3507,-4,1,0.2991,420.97,828.58,28.74,101.27,342.00,612.00,48.00,62.00,0.0000,230.53,1,-1,2.5334,ACCEPT,0,5658,385,12450,0,0,3507,0,0,0,0
218,0,1,1,ACCEPT,8.9712,1.6799,4161,-5,-1,0.2009,416.52,825.41,28.74,101.27,351.00,620.00,42.00,80.00,0.0000,215.60,1,0,2.8708,ACCEPT,0,5715,342,14970,0,0,4161,0,0,0,0
219,0,1,1,ACCEPT,11.3756,1.8091,5554,-2,0,0.8772,414.73,825.41,28.74,101.27,372.50,632.00,47.00,70.00,0.0000,197.96,1,0,3.0464,ACCEPT,0,8230,407,13999,0,0,5554,0,0,0,0
220,0,1,1,ACCEPT,9.6492,1.3088,4120,-5,0,0.5087,410.28,825.41,28.74,101.27,365.50,629.00,21.00,56.00,0.0000,201.45,1,0,3.0364,ACCEPT,0,6655,425,20823,0,0,4120,0,0,0,0
221,0,1,1,ACCEPT,7.1435,1.1520,4683,-4,1,0.6793,406.72,828.58,28.74,101.27,363.50,620.00,39.00,52.00,0.0000,213.01,1,0,3.3427,ACCEPT,0,10077,390,21910,0,0,4683,0,0,0,0
222,0,1,1,ACCEPT,9.1068,1.2497,6571,5,-6,0.0619,411.17,809.55,28.74,101.27,366.00,623.00,40.00,64.00,0.0000,191.94,1,0,2.9490,ACCEPT,0,10634,417,22250,0,0,6571,0,0,0,0
223,0,1,1,ACCEPT,8.6608,1.3447,4779,-2,2,0.1425,409.39,815.89,28.74,101.27,376.50,632.00,25.00,80.00,0.0000,186.81,1,-1,1.9369,LOW_CONF,0,6756,380,23153,0,0,4779,0,0,0,0
224,0,1,1,ACCEPT,5.1139,1.2570,2504,-13,-1,0.6757,397.81,812.72,28.74,101.27,392.50,639.50,25.00,77.00,0.0000,173.30,1,0,2.3971,ACCEPT,0,6578,339,20202,0,0,2504,0,0,0,0
225,0,1,1,ACCEPT,9.3901,1.6796,3470,-2,2,0.4850,396.03,819.06,28.74,101.27,388.50,640.50,25.00,71.00,0.0000,178.72,1,0,2.8782,ACCEPT,0,5567,332,21700,0,0,3470,0,0,0,0
226,0,1,1,ACCEPT,9.8577,2.0117,3961,-1,0,0.9886,395.14,819.06,27.63,97.38,387.50,646.00,41.00,60.00,0.0000,173.23,1,-1,2.8797,ACCEPT,0,6004,335,21461,0,0,3961,0,0,0,0
227,0,1,1,ACCEPT,8.3400,1.4976,3392,1,-2,0.8308,396.00,812.97,27.63,97.38,397.50,638.50,33.00,77.00,0.0000,174.48,1,0,3.1010,ACCEPT,0,6439,359,20295,0,0,3392,0,0,0,0
228,0,1,1,ACCEPT,6.7212,1.3238,2903,-10,0,0.6225,387.41,812.97,27.63,97.38,401.50,635.50,27.00,87.00,0.0000,178.03,1,0,2.7461,ACCEPT,0,6011,372,16701,0,0,2903,0,0,0,0
229,0,1,1,ACCEPT,6.4393,1.2496,2283,-3,-1,0.4814,384.83,809.92,27.63,97.38,408.50,639.50,27.00,79.00,0.0000,172.06,1,0,2.5770,ACCEPT,0,5337,323,19670,0,0,2283,0,0,0,0
230,0,1,1,ACCEPT,8.3313,1.9826,2958,-11,-1,0.5044,375.38,806.88,27.63,97.38,398.50,637.00,53.00,54.00,0.0000,171.44,1,0,3.2334,ACCEPT,0,4694,229,17761,0,0,2958,0,0,0,0
231,0,1,1,ACCEPT,9.3567,1.4620,4367,-5,-1,0.3139,371.08,803.83,27.63,97.38,404.00,642.00,42.00,74.00,0.0000,165.14,1,0,2.9684,ACCEPT,0,6230,308,18019,0,0,4367,0,0,0,0
232,0,1,1,ACCEPT,9.4515,1.2905,4149,-4,-1,0.1945,367.64,800.78,27.63,97.38,408.00,647.50,32.00,79.00,0.0000,158.51,1,0,2.6326,ACCEPT,0,4962,329,21924,0,0,4149,0,0,0,0
233,0,1,1,ACCEPT,14.5219,2.1631,7677,-1,-2,0.6785,366.78,794.69,27.63,97.38,406.00,649.00,34.00,76.00,0.0000,150.87,1,0,3.1776,ACCEPT,0,7088,286,21195,0,0,7677,0,0,0,0
234,0,1,1,ACCEPT,7.7449,1.5711,3205,-8,-2,0.0814,359.91,788.59,27.63,97.38,401.50,645.50,35.00,67.00,0.0000,149.02,1,0,2.8289,ACCEPT,0,5866,417,16750,0,0,3205,0,0,0,0
235,0,1,0,NEGATIVE_PEAK,-5.1914,1.0453,-1454,-20,-5,0.0028,359.91,788.59,27.63,97.38,395.50,641.50,37.00,75.00,0.0000,151.34,0,0,0.0000,NOT_RUN,0,3727,409,0,0,0,1454,0,0,0,0
236,0,1,0,NEGATIVE_PEAK,-6.0956,1.2072,-1480,11,-12,0.0412,359.91,788.59,27.63,97.38,396.00,645.00,30.00,86.00,0.0000,148.06,0,0,0.0000,NOT_RUN,0,2957,438,0,0,0,1480,0,0,0,0
237,0,1,0,NEGATIVE_PEAK,-5.3161,1.0925,-1334,10,-12,0.2481,359.91,788.59,27.63,97.38,400.00,646.00,18.00,58.00,0.0000,148.12,0,0,0.0000,NOT_RUN,0,3064,418,0,0,0,1334,0,0,0,0
238,0,1,0,NEGATIVE_PEAK,-5.0770,1.0253,-1255,9,-12,0.4980,359.91,788.59,27.63,97.38,393.00,652.00,28.00,60.00,0.0000,140.55,0,0,0.0000,NOT_RUN,0,3131,421,0,0,0,1255,0,0,0,0
239,0,1,0,NEGATIVE_PEAK,-5.4449,1.1029,-1393,7,-5,0.3927,359.91,788.59,27.63,97.38,389.00,643.50,32.00,55.00,0.0000,147.98,0,0,0.0000,NOT_RUN,0,3324,419,0,0,0,1393,0,0,0,0
240,0,1,0,NEGATIVE_PEAK,-6.0943,1.2183,-1607,5,-6,0.1021,359.91,788.59,27.63,97.38,382.00,636.00,44.00,58.00,0.0000,154.18,0,0,0.0000,NOT_RUN,0,3423,438,0,0,0,1607,0,0,0,0
241,0,1,0,NEGATIVE_PEAK,-5.4604,1.1391,-1490,4,-8,0.3289,359.91,788.59,27.63,97.38,383.50,643.50,35.00,71.00,0.0000,147.00,0,0,0.0000,NOT_RUN,0,3588,428,0,0,0,1490,0,0,0,0
242,0,1,0,NEGATIVE_PEAK,-5.1928,1.2005,-1461,3,-8,0.5051,359.91,788.59,27.63,97.38,382.00,651.50,18.00,71.00,0.0000,138.86,0,0,0.0000,NOT_RUN,0,3662,427,0,0,0,1461,0,0,0,0
243,0,1,0,NEGATIVE_PEAK,-4.9712,1.1793,-1368,0,-10,0.5673,359.91,788.59,27.63,97.38,380.00,652.00,18.00,64.00,0.0000,138.06,0,0,0.0000,NOT_RUN,0,4013,418,0,0,0,1368,0,0,0,0
244,0,1,0,NEGATIVE_PEAK,-4.8263,1.0587,-1317,2,-8,0.3804,359.91,788.59,27.63,97.38,372.00,646.00,28.00,58.00,0.0000,143.11,0,0,0.0000,NOT_RUN,0,4191,413,0,0,0,1317,0,0,0,0
245,0,1,0,NEGATIVE_PEAK,-5.2130,1.0451,-1438,2,-9,0.3108,359.91,788.59,27.63,97.38,360.50,624.00,43.00,48.00,0.0000,164.59,0,0,0.0000,NOT_RUN,0,3822,380,0,0,0,1438,0,0,0,0
246,0,1,0,NEGATIVE_PEAK,-5.7655,1.2472,-1579,2,-10,0.4079,359.91,788.59,27.63,97.38,360.00,627.50,42.00,67.00,0.0000,161.09,0,0,0.0000,NOT_RUN,0,3843,370,0,0,0,1579,0,0,0,0
247,0,1,0,NEGATIVE_PEAK,-5.4724,1.2820,-1473,2,-10,0.2716,359.91,788.59,27.63,97.38,358.50,639.00,27.00,74.00,0.0000,149.60,0,0,0.0000,NOT_RUN,0,3707,365,0,0,0,1473,0,0,0,0
248,0,1,0,NEGATIVE_PEAK,-4.8619,1.1074,-1310,3,-9,0.3779,359.91,788.59,27.63,97.38,357.00,640.50,22.00,51.00,0.0000,148.12,0,0,0.0000,NOT_RUN,0,3677,368,0,0,0,1310,0,0,0,0
249,0,1,0,NEGATIVE_PEAK,-4.6794,1.1337,-1272,3,-9,0.4725,359.91,788.59,27.63,97.38,354.00,644.50,24.00,55.00,0.0000,144.21,0,0,0.0000,NOT_RUN,0,3608,348,0,0,0,1272,0,0,0,0
250,0,1,1,ACCEPT,4.7038,1.0108,1216,4,1,0.5773,363.34,791.64,27.63,97.38,333.00,622.00,40.00,52.00,0.0000,172.33,1,15,1.9048,MAX_STEP,0,3575,322,13198,0,0,1216,0,0,0,0
251,0,1,1,ACCEPT,5.8544,1.2203,1180,-1,0,0.9661,362.48,791.64,27.63,97.38,326.50,630.50,45.00,33.00,0.0000,165.11,1,15,1.5592,MAX_STEP,0,3133,311,12118,0,0,1180,0,0,0,0
252,0,1,1,ACCEPT,7.6777,1.4306,1412,0,0,1.0000,362.48,791.64,27.63,97.38,325.50,627.50,45.00,69.00,0.0000,168.26,1,14,1.2166,MAX_STEP,0,2855,323,11622,0,0,1412,0,0,0,0
253,0,1,1,ACCEPT,9.4687,1.7559,1640,-1,-1,0.9537,361.62,788.59,27.63,97.38,328.00,635.50,32.00,73.00,0.0000,156.74,1,4,1.2104,MAX_STEP,0,2540,322,11282,0,0,1640,0,0,0,0
254,0,1,1,ACCEPT,10.5227,2.1136,1860,-1,1,0.5903,360.77,791.64,27.63,97.38,332.50,640.00,33.00,50.00,0.0000,154.25,1,-16,1.4034,AT_SEARCH_RAIL,0,2786,347,8555,0,0,1860,0,0,0,0
255,0,1,1,ACCEPT,10.4461,2.0885,1345,-2,1,0.1732,359.05,794.69,27.63,97.38,311.00,643.00,32.00,44.00,0.0000,159.12,1,-16,1.1090,AT_SEARCH_RAIL,0,1922,329,7647,0,0,1345,0,0,0,0
256,0,1,1,ACCEPT,11.6133,2.3081,1251,-1,0,0.7354,358.19,794.69,27.63,97.38,299.50,632.00,51.00,32.00,0.0000,172.95,1,4,0.9204,MAX_STEP,0,1617,315,7082,0,0,1251,0,0,0,0
257,0,1,1,ACCEPT,13.6180,2.5378,1241,-1,0,0.7341,357.33,794.69,27.63,97.38,296.00,630.50,52.00,31.00,0.0000,175.27,1,-10,0.8955,MAX_STEP,0,1463,332,6426,0,0,1241,0,0,0,0
258,0,1,1,ACCEPT,12.7177,2.0658,1004,0,0,1.0000,357.33,794.69,27.63,97.38,296.00,632.50,54.00,37.00,0.0000,173.40,1,-10,1.0704,MAX_STEP,0,1185,316,6022,0,0,1004,0,0,0,0
259,0,1,1,ACCEPT,13.7489,2.3288,1020,-1,-1,0.9010,356.47,791.64,27.63,97.38,297.50,635.50,41.00,63.00,0.0000,166.90,1,16,1.0523,AT_SEARCH_RAIL,0,1127,312,5668,0,0,1020,0,0,0,0
260,0,1,1,ACCEPT,12.4526,2.2744,862,-1,1,0.7912,355.61,794.69,27.63,97.38,307.50,647.00,27.00,58.00,0.0000,155.33,1,-9,1.1822,MAX_STEP,0,1120,314,5438,0,0,862,0,0,0,0
261,0,1,1,ACCEPT,12.3712,2.3894,810,-1,0,0.7531,354.75,794.69,27.63,97.38,298.50,643.50,29.00,51.00,0.0000,161.31,1,-11,1.1666,MAX_STEP,0,1076,302,5288,0,0,810,0,0,0,0
262,0,1,1,ACCEPT,12.1790,2.0233,781,-1,-1,0.8348,353.89,791.64,27.63,97.38,291.50,631.50,39.00,55.00,0.0000,171.87,1,16,1.1986,AT_SEARCH_RAIL,0,1046,298,4956,0,0,781,0,0,0,0
263,0,1,1,ACCEPT,12.0328,2.3158,748,-1,0,0.9679,353.03,791.64,27.63,97.38,285.00,624.00,52.00,50.00,0.0000,180.92,1,16,0.9726,AT_SEARCH_RAIL,0,982,302,4704,0,0,748,0,0,0,0
264,0,1,1,ACCEPT,12.4647,2.1437,716,0,-1,0.9986,353.03,788.59,27.63,97.38,282.00,618.50,44.00,55.00,0.0000,184.33,1,-14,0.6522,MAX_STEP,0,943,307,4701,0,0,716,0,0,0,0
265,0,1,1,ACCEPT,12.5834,2.5236,694,-1,-1,0.7637,352.17,785.55,27.63,97.38,288.50,629.00,41.00,76.00,0.0000,169.00,1,-9,0.9658,MAX_STEP,0,947,315,4937,0,0,694,0,0,0,0
266,0,1,1,ACCEPT,13.9213,2.8014,804,-1,0,0.8682,351.31,785.55,27.63,97.38,301.00,636.00,36.00,72.00,0.0000,157.78,1,4,1.5997,MAX_STEP,0,1040,331,4585,0,0,804,0,0,0,0
267,0,1,1,ACCEPT,14.5554,2.8598,755,0,0,1.0000,351.31,785.55,27.63,97.38,303.50,635.00,31.00,48.00,0.0000,157.96,1,8,2.8750,MAX_STEP,0,887,315,4740,0,0,755,0,0,0,0
268,0,1,1,ACCEPT,14.3273,3.0678,724,0,0,1.0000,351.31,785.55,27.63,97.38,301.00,636.00,26.00,58.00,0.0000,157.78,1,8,2.6418,MAX_STEP,0,820,308,4834,0,0,724,0,0,0,0
269,0,1,1,ACCEPT,13.0391,2.6895,667,0,0,1.0000,351.31,785.55,27.63,97.38,293.50,626.50,27.00,57.00,0.0000,169.23,1,8,2.3520,MAX_STEP,0,817,302,4753,0,0,667,0,0,0,0
270,0,1,1,ACCEPT,11.4438,2.3529,600,-1,0,0.7883,350.45,785.55,27.63,97.38,298.00,630.50,36.00,67.00,0.0000,163.68,1,7,2.1430,MAX_STEP,0,791,286,4906,0,0,600,0,0,0,0
271,0,1,1,ACCEPT,12.5833,2.6870,661,0,0,1.0000,350.45,785.55,27.63,97.38,310.00,629.00,20.00,86.00,0.0000,161.69,1,0,1.5462,LOW_CONF,0,842,294,4861,0,0,661,0,0,0,0
272,0,1,1,ACCEPT,11.8271,2.1791,584,0,-1,0.9349,350.45,782.50,27.63,97.38,329.00,633.50,44.00,71.00,0.0000,150.54,1,9,1.8458,MAX_STEP,0,767,282,4912,0,0,584,0,0,0,0
273,0,1,1,ACCEPT,11.1141,1.9103,575,0,0,1.0000,350.45,782.50,27.63,97.38,328.50,631.50,33.00,45.00,0.0000,152.59,1,7,1.9202,MAX_STEP,0,782,288,4972,0,0,575,0,0,0,0
274,0,1,1,ACCEPT,11.4778,1.8889,578,-1,0,0.8702,349.59,782.50,27.63,97.38,326.00,626.00,18.00,58.00,0.0000,158.27,1,0,2.2744,ACCEPT,0,706,282,5004,0,0,578,0,0,0,0
275,0,1,1,ACCEPT,10.7911,1.4828,559,-2,0,0.6118,347.88,782.50,27.63,97.38,325.00,622.00,42.00,66.00,0.0000,162.12,1,-7,1.3630,MAX_STEP,0,723,269,4872,0,0,559,0,0,0,0
276,0,1,1,ACCEPT,11.2547,1.5193,550,0,0,1.0000,347.88,782.50,27.63,97.38,333.00,622.50,32.00,81.00,0.0000,160.69,1,0,2.4480,ACCEPT,0,708,274,5022,0,0,550,0,0,0,0
277,0,1,1,ACCEPT,11.2476,1.5426,543,-1,0,0.9153,347.02,782.50,27.63,97.38,348.00,628.00,30.00,86.00,0.0000,154.50,1,-1,1.9487,LOW_CONF,0,760,266,5042,0,0,543,0,0,0,0
278,0,1,1,ACCEPT,11.0141,1.5634,530,0,0,1.0000,347.02,782.50,27.63,97.38,358.50,630.00,33.00,72.00,0.0000,152.93,1,-1,1.9156,LOW_CONF,0,781,251,4993,0,0,530,0,0,0,0
279,0,1,1,ACCEPT,11.0156,1.6205,491,0,-1,0.9959,347.02,779.45,27.63,97.38,362.50,631.00,25.00,58.00,0.0000,149.26,1,-2,1.3400,LOW_CONF,0,693,257,4901,0,0,491,0,0,0,0
280,0,1,1,ACCEPT,10.7387,1.5665,495,0,0,1.0000,347.02,779.45,27.63,97.38,364.00,618.50,34.00,55.00,0.0000,161.85,1,-5,1.3549,MAX_STEP,0,736,264,4813,0,0,495,0,0,0,0
281,0,1,1,ACCEPT,10.9902,1.6982,467,2,0,0.6788,348.73,779.45,26.57,93.63,368.50,622.00,41.00,66.00,0.0000,158.69,1,-1,2.3573,ACCEPT,0,696,272,5013,0,0,467,0,0,0,0
282,0,1,1,ACCEPT,9.5848,1.3591,405,-1,-1,0.9086,347.91,776.53,26.57,93.63,378.50,626.00,27.00,78.00,0.0000,153.61,1,-1,1.9559,LOW_CONF,0,669,275,5032,0,0,405,0,0,0,0
283,0,1,1,ACCEPT,9.8978,1.4310,425,0,0,1.0000,347.91,776.53,25.55,90.03,392.00,623.00,18.00,64.00,0.0000,159.74,1,-1,3.0199,ACCEPT,0,664,275,4858,0,0,425,0,0,0,0
284,0,1,1,ACCEPT,9.4677,1.4199,399,-1,0,0.7920,347.11,776.53,25.55,90.03,394.50,633.00,21.00,52.00,0.0000,151.15,1,0,3.0121,ACCEPT,0,654,301,5105,0,0,399,0,0,0,0
285,0,1,1,ACCEPT,8.8239,1.1000,385,-2,-1,0.2026,345.52,773.72,25.55,90.03,389.50,627.00,47.00,58.00,0.0000,153.17,1,0,2.8460,ACCEPT,0,627,292,5567,0,0,385,0,0,0,0
286,0,1,1,ACCEPT,9.5641,1.2133,455,-2,0,0.3846,343.92,773.72,25.55,90.03,399.00,628.50,32.00,79.00,0.0000,155.31,1,0,2.9625,ACCEPT,0,689,311,5234,0,0,455,0,0,0,0
287,0,1,1,ACCEPT,8.8739,1.3067,392,-1,0,0.8495,343.12,773.72,25.55,90.03,409.50,639.00,17.00,64.00,0.0000,150.18,1,0,3.0351,ACCEPT,0,674,314,5176,0,0,392,0,0,0,0
288,0,1,1,ACCEPT,9.5897,1.5277,414,-1,0,0.8696,342.33,773.72,25.55,90.03,410.00,641.00,26.00,46.00,0.0000,148.98,1,0,3.1153,ACCEPT,0,663,310,4964,0,0,414,0,0,0,0
289,0,1,1,ACCEPT,10.0756,1.7054,382,0,0,1.0000,342.33,773.72,25.55,90.03,408.00,632.50,50.00,67.00,0.0000,155.74,1,0,3.0873,ACCEPT,0,620,307,5192,0,0,382,0,0,0,0
290,0,1,1,ACCEPT,9.1251,1.2941,374,-2,0,0.6658,340.73,773.72,25.55,90.03,412.00,640.00,24.00,90.00,0.0000,151.52,1,0,3.2408,ACCEPT,0,593,305,5275,0,0,374,0,0,0,0
291,0,1,1,ACCEPT,9.4738,1.3883,379,-1,0,0.8522,339.94,773.72,25.55,90.03,417.00,647.50,14.00,49.00,0.0000,147.88,1,0,3.2392,ACCEPT,0,557,289,5326,0,0,379,0,0,0,0
292,0,1,1,ACCEPT,9.9637,1.5656,382,0,0,1.0000,339.94,773.72,25.55,90.03,412.00,646.00,24.00,46.00,0.0000,146.65,1,0,3.1457,ACCEPT,0,541,278,5244,0,0,382,0,0,0,0
293,0,1,1,ACCEPT,9.3234,1.5174,349,-1,0,0.9370,339.14,773.72,25.55,90.03,402.00,642.50,46.00,37.00,0.0000,145.50,1,0,3.1763,ACCEPT,0,549,262,5152,0,0,349,0,0,0,0
294,0,1,1,ACCEPT,9.9236,1.5933,333,0,0,1.0000,339.14,773.72,25.55,90.03,403.50,645.50,47.00,67.00,0.0000,143.46,1,0,3.2029,ACCEPT,0,543,252,5176,0,0,333,0,0,0,0
295,0,1,1,ACCEPT,9.5041,1.6444,296,-1,0,0.9966,338.34,773.72,25.55,90.03,426.00,656.00,22.00,86.00,0.0000,146.77,1,0,3.1258,ACCEPT,0,550,245,5112,0,0,296,0,0,0,0
296,0,1,1,ACCEPT,9.1176,1.6548,278,0,0,1.0000,338.34,773.72,25.55,90.03,429.00,660.50,28.00,47.00,0.0000,145.04,1,0,3.1263,ACCEPT,0,513,242,4923,0,0,278,0,0,0,0
297,0,1,1,ACCEPT,8.6450,1.5389,257,-1,1,0.9689,337.55,776.53,25.55,90.03,422.00,661.50,32.00,51.00,0.0000,142.70,1,0,3.1783,ACCEPT,0,524,252,5299,0,0,257,0,0,0,0
298,0,1,1,ACCEPT,9.5134,1.7278,292,-2,0,0.6918,335.95,776.53,25.55,90.03,407.50,666.50,57.00,43.00,0.0000,131.25,1,0,3.1400,ACCEPT,0,539,243,4951,0,0,292,0,0,0,0
299,0,1,1,ACCEPT,8.5263,1.6054,236,-1,0,0.9915,335.16,776.53,25.55,90.03,410.50,672.00,51.00,72.00,0.0000,128.85,1,0,3.1248,ACCEPT,0,448,249,4898,0,0,236,0,0,0,0
300,0,1,1,ACCEPT,8.8004,1.5195,234,0,0,1.0000,335.16,776.53,25.55,90.03,432.50,673.00,37.00,92.00,0.0000,142.11,1,0,3.1692,ACCEPT,0,396,247,5085,0,0,234,0,0,0,0
301,0,1,1,ACCEPT,8.3335,1.7174,237,0,0,1.0000,335.16,776.53,25.55,90.03,431.50,681.00,35.00,44.00,0.0000,135.68,1,0,3.1700,ACCEPT,0,427,245,5028,0,0,237,0,0,0,0
302,0,1,1,ACCEPT,9.0743,1.8403,265,-1,0,0.8642,334.36,776.53,25.55,90.03,417.00,675.50,30.00,71.00,0.0000,130.53,1,0,3.2754,ACCEPT,0,456,265,5083,0,0,265,0,0,0,0
303,0,1,1,ACCEPT,10.0955,2.0682,273,-1,0,0.9597,333.56,776.53,25.55,90.03,405.00,672.00,48.00,58.00,0.0000,126.61,1,0,3.2310,ACCEPT,0,407,259,5103,0,0,273,0,0,0,0
304,0,1,1,ACCEPT,10.8074,2.0949,287,-1,0,0.8014,332.77,776.53,25.55,90.03,399.50,671.50,57.00,77.00,0.0000,124.44,1,0,3.2473,ACCEPT,0,423,250,5052,0,0,287,0,0,0,0
305,0,1,1,ACCEPT,9.4329,1.6284,241,-2,0,0.6680,331.17,776.53,25.55,90.03,431.50,686.50,43.00,93.00,0.0000,134.80,1,0,3.1114,ACCEPT,0,418,253,4947,0,0,241,0,0,0,0
306,0,1,1,ACCEPT,10.0206,1.8244,239,-1,0,0.9958,330.38,776.53,25.55,90.03,429.50,694.00,35.00,62.00,0.0000,128.99,1,0,3.1806,ACCEPT,0,362,274,4900,0,0,239,0,0,0,0
307,0,1,1,ACCEPT,9.9180,1.7328,227,0,0,1.0000,330.38,776.53,25.55,90.03,420.00,685.00,36.00,60.00,0.0000,128.10,1,0,3.1766,ACCEPT,0,348,272,4657,0,0,227,0,0,0,0
308,0,1,1,ACCEPT,10.8298,1.8217,235,-1,0,0.8255,329.58,776.53,25.55,90.03,404.50,670.50,41.00,71.00,0.0000,129.83,1,0,3.1965,ACCEPT,0,351,285,4699,0,0,235,0,0,0,0
309,0,1,1,ACCEPT,11.3880,1.9370,246,-2,-1,0.4106,327.98,773.72,25.55,90.03,402.50,661.00,47.00,52.00,0.0000,135.12,1,0,3.1077,ACCEPT,0,363,290,5008,0,0,246,0,0,0,0
310,0,1,1,ACCEPT,10.8616,1.7241,250,-4,1,0.0120,324.80,776.53,25.55,90.03,404.00,664.00,58.00,96.00,0.0000,137.61,1,0,3.1093,ACCEPT,0,355,303,5192,0,0,250,0,0,0,0
311,0,1,1,ACCEPT,11.9252,1.8618,229,-1,0,0.9476,324.00,776.53,25.55,90.03,427.00,675.00,48.00,80.00,0.0000,144.63,1,0,3.0764,ACCEPT,0,328,299,5573,0,0,229,0,0,0,0
312,0,1,1,ACCEPT,11.6827,2.1351,237,0,0,1.0000,324.00,776.53,25.55,90.03,423.50,663.50,43.00,55.00,0.0000,150.59,1,0,3.1174,ACCEPT,0,325,278,5422,0,0,237,0,0,0,0
313,0,1,1,ACCEPT,12.1711,2.2647,231,0,-1,0.9004,324.00,773.72,25.55,90.03,407.50,647.00,39.00,78.00,0.0000,151.76,1,0,3.1187,ACCEPT,0,323,275,5728,0,0,231,0,0,0,0
314,0,1,1,ACCEPT,12.0076,1.8707,217,0,0,1.0000,324.00,773.72,25.55,90.03,394.50,636.50,55.00,59.00,0.0000,154.27,1,0,3.1545,ACCEPT,0,296,276,6116,0,0,217,0,0,0,0
315,0,1,1,ACCEPT,8.8521,1.4194,176,2,-1,0.7273,325.59,770.91,25.55,90.03,398.50,615.50,53.00,91.00,0.0000,171.66,1,0,3.1400,ACCEPT,0,291,271,6954,0,0,176,0,0,0,0
316,0,1,1,ACCEPT,9.5718,1.5448,224,-1,0,0.8125,324.80,770.91,25.55,90.03,416.00,607.00,50.00,94.00,0.0000,187.57,1,0,3.1829,ACCEPT,0,325,269,7616,0,0,224,0,0,0,0
317,0,1,1,ACCEPT,9.6838,1.5374,226,-1,0,0.8230,324.00,770.91,25.55,90.03,424.00,605.00,50.00,68.00,0.0000,193.71,1,0,3.1325,ACCEPT,0,339,242,7907,0,0,226,0,0,0,0
318,0,1,1,ACCEPT,10.3414,1.7903,222,-1,0,0.8514,323.20,770.91,25.55,90.03,412.50,587.00,43.00,60.00,0.0000,204.44,1,0,3.1661,ACCEPT,0,351,237,8326,0,0,222,0,0,0,0
319,0,1,1,ACCEPT,10.3233,1.5968,198,0,0,1.0000,323.20,770.91,25.55,90.03,395.00,577.50,40.00,73.00,0.0000,206.30,1,0,3.1221,ACCEPT,0,309,234,9772,0,0,198,0,0,0,0
320,0,1,1,ACCEPT,9.2320,1.3913,192,-1,-1,0.7969,322.41,768.09,25.55,90.03,381.50,542.00,71.00,72.00,0.0000,233.69,1,0,3.1023,ACCEPT,0,307,241,9987,0,0,192,0,0,0,0
321,0,1,1,ACCEPT,9.1635,1.3254,167,-1,0,0.9401,321.61,768.09,25.55,90.03,386.00,522.50,58.00,91.00,0.0000,253.89,1,0,3.1070,ACCEPT,0,252,250,11091,0,0,167,0,0,0,0
322,0,1,1,ACCEPT,9.6454,1.5289,185,-1,0,0.8162,320.81,768.09,25.55,90.03,409.50,512.00,37.00,66.00,0.0000,271.02,1,0,3.1126,ACCEPT,0,282,258,10011,0,0,185,0,0,0,0
323,0,1,1,ACCEPT,10.7247,1.7835,173,-1,0,0.9306,320.02,768.09,25.55,90.03,412.50,491.50,49.00,67.00,0.0000,291.65,1,0,3.2406,ACCEPT,0,249,267,10054,0,0,173,0,0,0,0
324,0,1,1,ACCEPT,9.7874,1.7955,158,0,-1,0.9620,320.02,765.28,25.55,90.03,397.50,477.50,51.00,61.00,0.0000,298.03,1,0,2.9802,ACCEPT,0,256,278,9681,0,0,158,0,0,0,0
325,0,1,1,ACCEPT,9.0999,1.7284,140,0,1,0.9500,320.02,768.09,25.55,90.03,364.50,446.00,81.00,56.00,0.0000,325.15,1,0,2.1441,ACCEPT,0,216,288,8917,0,0,140,0,0,0,0
326,0,1,1,ACCEPT,10.0886,2.0299,136,0,0,1.0000,320.02,768.09,25.55,90.03,370.00,421.50,76.00,63.00,0.0000,350.18,1,0,2.5913,ACCEPT,0,166,278,9721,0,0,136,0,0,0,0
327,0,1,1,ACCEPT,11.6060,2.4000,168,-1,0,0.9583,319.22,768.09,25.55,90.03,378.50,396.50,37.00,71.00,0.0000,376.29,1,0,2.3980,ACCEPT,0,184,267,9319,0,0,168,0,0,0,0
328,0,1,1,ACCEPT,13.3470,2.6818,177,0,0,1.0000,319.22,768.09,25.55,90.03,398.50,378.50,41.00,69.00,0.0000,397.58,1,0,2.8598,ACCEPT,0,172,265,9542,0,0,177,0,0,0,0
329,0,1,1,ACCEPT,13.5864,2.5616,187,-1,0,0.8182,318.42,768.09,25.55,90.03,394.50,352.50,47.00,69.00,0.0000,422.50,1,0,2.8828,ACCEPT,0,166,259,9819,0,0,187,0,0,0,0
330,0,1,1,ACCEPT,12.4926,2.6290,163,-2,-1,0.4356,316.83,765.28,25.55,90.03,350.00,317.50,68.00,59.00,0.0000,449.01,1,0,2.7843,ACCEPT,0,185,231,9055,0,0,163,0,0,0,0
331,0,1,1,ACCEPT,13.1671,2.4462,159,-2,0,0.4340,315.23,765.28,25.55,90.03,346.50,293.00,73.00,56.00,0.0000,473.32,1,0,3.0337,ACCEPT,0,172,241,9015,0,0,159,0,0,0,0
332,0,1,1,ACCEPT,12.1888,2.0896,140,-1,0,0.9143,314.44,765.28,25.55,90.03,350.50,267.00,61.00,58.00,0.0000,499.58,1,0,2.9459,ACCEPT,0,158,237,9731,0,0,140,0,0,0,0
333,0,1,1,ACCEPT,12.3802,2.2985,154,0,0,1.0000,314.44,765.28,25.55,90.03,362.50,240.00,37.00,54.00,0.0000,527.48,1,0,2.7527,ACCEPT,0,192,234,10067,0,0,154,0,0,0,0
334,0,1,1,ACCEPT,12.3146,2.1579,164,-1,-1,0.9146,313.64,762.47,25.55,90.03,366.50,216.50,19.00,55.00,0.0000,548.52,1,0,3.0609,ACCEPT,0,225,231,9250,0,0,164,0,0,0,0
335,0,1,1,ACCEPT,9.8378,2.0172,117,-3,0,0.0000,311.25,762.47,25.55,90.03,351.50,161.00,15.00,60.00,0.0000,602.81,1,0,2.9741,ACCEPT,0,191,254,10568,0,0,117,0,0,0,0
336,0,1,1,ACCEPT,7.8989,2.1364,141,1,-1,0.8794,312.05,759.66,26.57,93.63,342.50,140.50,29.00,61.00,0.0000,619.90,1,1,2.5933,ACCEPT,0,316,252,11275,0,0,141,0,0,0,0
337,0,1,1,ACCEPT,8.6875,2.3390,138,-1,-1,0.9058,311.22,756.73,27.63,97.38,333.50,113.50,49.00,61.00,0.0000,643.62,1,1,2.5143,ACCEPT,0,287,231,9961,0,0,138,0,0,0,0
338,0,1,1,ACCEPT,9.2242,2.3103,134,0,0,1.0000,311.22,756.73,28.74,101.27,316.00,86.00,72.00,60.00,0.0000,670.75,1,1,2.4509,ACCEPT,0,235,221,10779,0,0,134,0,0,0,0
0,0,0,0,ZERO_RESPONSE,0.0000,0.0000,0,0,0,0.0000,316.00,566.50,28.00,93.00,316.00,566.50,28.00,93.00,1.0000,0.00,1,0,0.0000,NOT_RUN,0,0,456,20615,1,50,0,0,0,0,0
1,0,1,1,ACCEPT,4.1592,1.1526,219,-1,-9,0.3927,315.12,540.34,28.00,93.00,328.50,552.00,19.00,56.00,0.1828,17.74,1,0,2.4040,ACCEPT,0,1185,470,19007,1,50,219,0,0,0,0
2,0,1,1,ACCEPT,6.3607,1.6474,654,-3,5,0.1315,312.50,554.88,26.92,89.42,323.00,553.00,22.00,56.00,0.2736,10.67,1,-1,2.4998,ACCEPT,0,1354,360,29495,1,50,654,0,0,0,0
3,0,1,1,ACCEPT,6.6715,1.4885,838,0,0,1.0000,312.50,554.88,25.89,85.98,317.00,556.50,24.00,69.00,0.5708,4.78,1,-1,2.9254,ACCEPT,0,1586,284,25356,1,50,838,0,0,0,0
4,0,1,1,ACCEPT,5.3449,1.3063,563,0,0,1.0000,312.50,554.88,25.89,85.98,310.00,556.00,38.00,60.00,0.5261,2.74,1,0,3.3629,ACCEPT,0,1910,398,7794,1,50,563,0,0,0,0
5,0,1,1,ACCEPT,6.8061,1.7184,476,0,0,1.0000,312.50,554.88,25.89,85.98,308.00,555.00,44.00,64.00,0.4894,4.50,1,0,3.3680,ACCEPT,0,1086,410,5927,1,50,476,0,0,0,0
6,0,1,0,NEGATIVE_PEAK,-4.4159,1.0048,-210,-5,-4,0.8714,312.50,554.88,25.89,85.98,325.50,556.00,11.00,92.00,0.1690,13.05,0,0,0.0000,NOT_RUN,0,822,342,0,1,50,210,0,0,0,0
7,0,1,1,ACCEPT,5.5010,1.3446,238,-1,1,0.8487,311.69,557.56,25.89,85.98,335.50,557.00,25.00,74.00,0.0305,23.82,1,0,3.1094,ACCEPT,0,859,452,9518,1,50,238,0,0,0,0
8,0,1,1,ACCEPT,6.6256,1.4559,396,-1,0,0.9343,310.88,557.56,25.89,85.98,332.50,561.00,25.00,46.00,0.0549,21.90,1,0,3.2792,ACCEPT,0,1088,462,14581,1,50,396,0,0,0,0
9,0,1,1,ACCEPT,8.0160,1.7126,709,1,-1,0.9267,311.69,554.88,25.89,85.98,327.00,556.00,22.00,72.00,0.1949,15.35,1,0,3.2047,ACCEPT,0,1131,414,10418,1,50,709,0,0,0,0
10,0,1,1,ACCEPT,6.3960,1.3524,568,-2,2,0.4930,310.06,560.25,25.89,85.98,320.00,548.50,42.00,53.00,0.4002,15.39,1,0,3.3188,ACCEPT,0,945,396,10781,1,50,568,0,0,0,0
11,0,1,1,ACCEPT,7.6609,1.9222,642,1,-2,0.8676,310.88,554.88,25.89,85.98,328.50,551.50,35.00,79.00,0.2546,17.95,1,0,3.3612,ACCEPT,0,1282,526,6963,1,50,642,0,0,0,0
12,0,1,1,ACCEPT,9.0423,1.6326,782,-1,1,0.9220,310.06,557.56,25.89,85.98,348.50,561.00,29.00,86.00,0.0000,38.59,1,0,3.2344,ACCEPT,0,1614,616,7170,1,50,782,0,0,0,0
13,0,1,1,ACCEPT,9.7433,1.7888,1025,1,0,0.9571,310.88,557.56,25.89,85.98,355.00,562.50,28.00,47.00,0.0000,44.40,1,0,3.2991,ACCEPT,0,1858,631,7292,1,50,1025,0,0,0,0
14,0,1,1,ACCEPT,9.9590,2.0524,979,1,-1,0.9918,311.69,554.88,25.89,85.98,349.50,563.50,19.00,43.00,0.0000,38.78,1,0,3.2129,ACCEPT,0,1607,617,6829,1,50,979,0,0,0,0
15,0,1,1,ACCEPT,9.6343,2.1239,1011,-1,0,0.9842,310.88,554.88,25.89,85.98,342.50,558.50,45.00,49.00,0.0441,31.83,1,0,2.9866,ACCEPT,0,1278,540,6521,1,50,1011,0,0,0,0
16,0,1,1,ACCEPT,9.5136,1.7521,834,0,-1,0.9844,310.88,552.19,25.89,85.98,355.50,559.00,35.00,78.00,0.0000,45.14,1,0,3.1464,ACCEPT,0,1383,536,6670,1,50,834,0,0,0,0
17,0,1,1,ACCEPT,10.3380,2.0000,894,0,0,1.0000,310.88,552.19,25.89,85.98,370.50,562.50,17.00,73.00,0.0000,60.51,1,0,3.1387,ACCEPT,0,1312,525,7211,1,50,894,0,0,0,0
18,0,1,1,ACCEPT,8.9313,1.7130,788,0,0,1.0000,310.88,552.19,25.89,85.98,372.50,563.00,21.00,36.00,0.0000,62.57,1,0,3.1777,ACCEPT,0,1133,529,7423,1,50,788,0,0,0,0
19,0,1,1,ACCEPT,8.6022,1.6932,723,-1,0,0.8797,310.06,552.19,25.89,85.98,365.50,560.50,47.00,59.00,0.0000,56.06,1,0,3.1019,ACCEPT,0,1165,531,8251,1,50,723,0,0,0,0
20,0,1,1,ACCEPT,8.9141,2.1260,776,0,-2,0.9098,310.06,546.81,25.89,85.98,363.50,560.00,49.00,52.00,0.0000,55.04,1,0,3.0690,ACCEPT,0,1321,527,7958,1,50,776,0,0,0,0
21,0,1,1,ACCEPT,5.0523,1.0074,406,1,-7,0.9236,310.88,528.00,25.89,85.98,379.50,561.50,23.00,87.00,0.0000,76.37,1,0,2.9994,ACCEPT,0,870,411,7158,1,50,406,0,0,0,0
22,0,1,0,NEGATIVE_PEAK,-6.2279,1.0243,-295,-6,-8,0.8644,310.88,528.00,25.89,85.98,376.00,561.50,20.00,53.00,0.0000,73.24,0,0,0.0000,NOT_RUN,0,623,399,0,1,50,295,0,0,0,0
23,0,1,1,ACCEPT,7.2023,1.2910,315,-2,4,0.5143,309.25,538.75,25.89,85.98,365.50,560.00,31.00,66.00,0.0000,60.13,1,0,3.2945,ACCEPT,0,612,341,8001,1,50,315,0,0,0,0
24,0,1,1,ACCEPT,6.6507,1.4163,364,0,-1,0.9670,309.25,536.06,25.89,85.98,363.50,557.50,33.00,37.00,0.0000,58.33,1,0,2.8833,ACCEPT,0,756,332,6413,1,50,364,0,0,0,0
25,0,1,1,ACCEPT,8.8597,1.6506,515,0,1,0.9670,309.25,538.75,25.89,85.98,364.00,563.50,34.00,59.00,0.0000,60.08,1,0,2.7215,ACCEPT,0,755,434,6895,1,50,515,0,0,0,0
26,0,1,1,ACCEPT,8.0452,1.6146,599,0,0,1.0000,309.25,538.75,24.89,82.68,363.50,567.00,17.00,90.00,0.0000,61.16,1,-1,2.5764,ACCEPT,0,1090,512,7794,1,50,599,0,0,0,0
27,0,1,1,ACCEPT,7.5935,1.4068,619,0,0,1.0000,309.25,538.75,23.93,79.50,362.50,564.50,13.00,73.00,0.0000,59.15,1,-1,2.5438,ACCEPT,0,1209,513,8536,1,50,619,0,0,0,0
28,0,1,1,ACCEPT,8.2826,1.5924,629,0,0,1.0000,309.25,538.75,23.93,79.50,360.00,572.50,14.00,61.00,0.0000,60.95,1,0,2.4121,ACCEPT,0,1176,487,9090,1,50,629,0,0,0,0
29,0,1,1,ACCEPT,8.6830,1.7527,659,0,0,1.0000,309.25,538.75,23.01,76.44,354.00,559.00,18.00,52.00,0.0000,49.12,1,-1,2.4297,ACCEPT,0,1110,511,9402,1,50,659,0,0,0,0
30,0,1,1,ACCEPT,9.4394,1.7610,678,1,0,0.9926,309.97,538.75,23.01,76.44,347.50,556.50,27.00,47.00,0.0000,41.52,1,-2,1.6712,LOW_CONF,0,1165,513,9949,1,50,678,0,0,0,0
31,0,1,1,ACCEPT,7.9828,1.3787,506,-1,-1,0.9348,309.25,536.36,21.28,70.67,341.50,571.00,41.00,66.00,0.0000,47.33,1,-2,2.0250,ACCEPT,0,964,502,10471,1,50,506,0,0,0,0
32,0,1,1,ACCEPT,6.8609,1.2729,569,0,1,0.9842,309.25,538.56,21.28,70.67,352.50,578.00,19.00,84.00,0.0000,58.53,1,-3,2.2954,MAX_STEP,0,1644,536,11234,1,50,569,0,0,0,0
33,0,1,1,ACCEPT,6.9789,1.2673,512,-1,-1,0.8809,308.58,536.36,19.67,65.34,358.50,572.50,17.00,57.00,0.0000,61.63,1,-2,2.5011,ACCEPT,0,1297,538,10855,1,50,512,0,0,0,0
34,0,1,1,ACCEPT,6.3674,1.1011,501,-3,0,0.5250,306.75,536.36,19.67,65.34,362.00,582.50,26.00,51.00,0.0000,71.98,1,0,2.3115,ACCEPT,0,1771,539,10718,1,50,501,0,0,0,0
35,0,1,1,ACCEPT,6.0515,1.0517,468,1,-1,0.9722,307.36,534.31,18.19,60.41,355.00,583.00,16.00,64.00,0.0000,68.12,1,-2,2.2759,ACCEPT,0,1563,534,11014,1,50,468,0,0,0,0
36,0,1,1,ACCEPT,5.8480,1.1068,404,-6,6,0.5446,303.98,545.66,17.49,58.09,341.00,582.00,44.00,34.00,0.0000,51.88,1,-1,2.0627,ACCEPT,0,1806,555,11241,1,50,404,0,0,0,0
37,0,1,1,ACCEPT,7.3867,1.4885,387,-4,2,0.5271,301.80,549.28,17.49,58.09,342.00,578.00,46.00,56.00,0.0000,49.41,1,0,2.6985,ACCEPT,0,1348,533,12733,1,50,387,0,0,0,0
38,0,1,1,ACCEPT,6.2059,1.4014,412,-1,0,0.8981,301.25,549.28,17.49,58.09,350.00,583.50,34.00,79.00,0.0000,59.56,1,0,2.8584,ACCEPT,0,1519,457,13687,1,50,412,0,0,0,0
39,0,1,1,ACCEPT,6.1865,1.3510,408,0,-1,0.9755,301.25,547.47,17.49,58.09,368.50,594.50,29.00,81.00,0.0000,82.06,1,0,2.4414,ACCEPT,0,1435,470,15470,1,50,408,0,0,0,0
40,0,1,1,ACCEPT,6.2315,1.3889,500,1,-1,0.9900,301.80,545.66,17.49,58.09,374.00,595.50,28.00,47.00,0.0000,87.74,1,0,2.4934,ACCEPT,0,1746,510,16544,1,50,500,0,0,0,0
41,0,1,1,ACCEPT,5.8348,1.3275,527,-2,-1,0.7419,300.70,543.84,17.49,58.09,370.00,588.00,26.00,48.00,0.0000,82.17,1,0,2.9132,ACCEPT,0,1913,601,17188,1,50,527,0,0,0,0
42,0,1,1,ACCEPT,5.9456,1.2097,525,-3,2,0.9086,299.06,547.47,17.49,58.09,363.50,594.00,49.00,42.00,0.0000,79.48,1,0,2.8845,ACCEPT,0,1855,561,17950,1,50,525,0,0,0,0
43,0,1,1,ACCEPT,6.1659,1.2559,530,-2,1,0.8679,297.97,549.28,17.49,58.09,367.00,596.00,48.00,60.00,0.0000,83.35,1,0,2.8040,ACCEPT,0,1901,503,16308,1,50,530,0,0,0,0
44,0,1,1,ACCEPT,6.3531,1.5581,483,-2,-1,0.7143,296.88,547.47,17.49,58.09,374.50,601.00,41.00,82.00,0.0000,94.29,1,0,2.9181,ACCEPT,0,1660,564,18057,1,50,483,0,0,0,0
45,0,1,1,ACCEPT,6.3444,1.3740,529,-1,-1,0.8998,296.33,545.66,17.49,58.09,384.50,613.00,29.00,80.00,0.0000,110.95,1,0,2.8371,ACCEPT,0,1853,512,17663,1,50,529,0,0,0,0
46,0,1,1,ACCEPT,6.4449,1.1068,508,-2,1,0.8465,295.23,547.47,17.49,58.09,387.00,604.50,48.00,71.00,0.0000,108.04,1,0,3.0054,ACCEPT,0,1700,529,17068,1,50,508,0,0,0,0
47,0,1,1,ACCEPT,6.0071,1.5935,443,0,-1,0.9571,295.23,545.66,17.49,58.09,388.50,605.50,47.00,73.00,0.0000,110.81,1,0,2.9437,ACCEPT,0,1679,498,17613,1,50,443,0,0,0,0
48,0,1,1,ACCEPT,7.0136,1.7239,512,1,-2,0.8496,295.78,542.03,17.49,58.09,399.50,621.00,33.00,76.00,0.0000,130.36,1,0,2.8281,ACCEPT,0,1681,490,18051,1,50,512,0,0,0,0
49,0,1,1,ACCEPT,7.7855,1.8966,605,-1,0,0.9074,295.23,542.03,17.49,58.09,405.00,621.00,20.00,56.00,0.0000,135.22,1,0,2.8712,ACCEPT,0,1742,499,18297,1,50,605,0,0,0,0
50,0,1,1,ACCEPT,7.8704,1.7114,587,0,1,0.9097,295.23,543.84,17.49,58.09,399.00,630.00,30.00,62.00,0.0000,134.87,1,0,3.0721,ACCEPT,0,1711,437,19861,1,50,587,0,0,0,0
51,0,1,1,ACCEPT,7.2793,1.2881,608,0,-2,0.8257,295.23,540.22,16.82,55.85,391.00,614.50,50.00,71.00,0.0000,121.20,1,-1,2.9104,ACCEPT,0,1605,450,18623,1,50,608,0,0,0,0
52,0,1,1,ACCEPT,6.7966,1.1378,512,0,-1,0.9277,295.23,538.47,16.82,55.85,395.50,628.00,41.00,72.00,0.0000,134.42,1,-3,2.0316,MAX_STEP,0,1548,415,17602,1,50,512,0,0,0,0
53,0,1,1,ACCEPT,6.8063,1.3669,462,-2,0,0.8095,294.17,538.47,15.55,51.64,404.00,626.50,22.00,57.00,0.0000,140.75,1,-2,2.3148,ACCEPT,0,1298,389,17890,1,50,462,0,0,0,0
54,0,1,1,ACCEPT,6.5006,1.3133,436,-1,-1,0.7615,293.69,536.86,14.95,49.65,399.00,633.00,30.00,62.00,0.0000,142.60,1,-1,2.7695,ACCEPT,0,1562,348,17740,1,50,436,0,0,0,0
55,0,1,1,ACCEPT,7.1834,1.3989,491,-2,2,0.8493,292.75,539.95,14.37,47.74,390.50,624.50,37.00,67.00,0.0000,129.24,1,-1,2.9474,ACCEPT,0,1596,331,14899,1,50,491,0,0,0,0
56,0,1,1,ACCEPT,6.2107,1.0401,389,-8,6,0.4139,289.12,548.86,14.37,47.74,382.50,620.00,45.00,52.00,0.0000,117.39,1,0,2.6646,ACCEPT,0,1451,349,13679,1,50,389,0,0,0,0
57,0,1,1,ACCEPT,7.1951,1.5366,504,0,2,0.9306,289.12,551.83,14.37,47.74,382.00,628.00,44.00,80.00,0.0000,120.12,1,0,2.6885,ACCEPT,0,1540,460,27046,1,50,504,0,0,0,0
58,0,1,1,ACCEPT,7.1490,1.6915,1091,0,0,1.0000,289.12,551.83,14.95,49.65,386.50,639.00,21.00,80.00,0.0000,130.69,1,1,2.3623,ACCEPT,0,3355,499,25159,1,50,1091,0,0,0,0
59,0,1,1,ACCEPT,7.5343,1.7827,1116,1,0,0.8530,289.59,551.83,14.95,49.65,385.50,635.50,27.00,57.00,0.0000,127.28,1,0,2.7808,ACCEPT,0,2895,504,23690,1,50,1116,0,0,0,0
60,0,1,1,ACCEPT,7.2025,1.7792,1007,-1,0,0.9067,289.12,551.83,14.95,49.65,372.00,635.00,30.00,48.00,0.0000,117.41,1,0,2.5245,ACCEPT,0,2881,481,21883,1,50,1007,0,0,0,0
61,0,1,1,ACCEPT,7.2224,1.7549,981,4,-2,0.4271,291.00,548.73,14.37,47.74,358.50,621.00,51.00,58.00,0.0000,98.89,1,-1,2.9486,ACCEPT,0,2646,501,21540,1,50,981,0,0,0,0
62,0,1,1,ACCEPT,7.7934,2.0176,1031,-3,0,0.6760,289.64,548.73,14.37,47.74,361.00,629.00,42.00,84.00,0.0000,107.40,1,0,2.5473,ACCEPT,0,2885,488,23007,1,50,1031,0,0,0,0
63,0,1,1,ACCEPT,7.8979,1.9902,812,-1,0,0.9089,289.19,548.73,14.37,47.74,361.50,623.00,25.00,80.00,0.0000,103.66,1,0,2.5758,ACCEPT,0,2137,479,23470,1,50,812,0,0,0,0
64,0,1,1,ACCEPT,8.3246,2.0465,837,1,0,0.9785,289.64,548.73,14.37,47.74,356.50,642.00,25.00,52.00,0.0000,114.75,1,0,2.6083,ACCEPT,0,1984,531,24524,1,50,837,0,0,0,0
65,0,1,1,ACCEPT,7.3880,1.7139,665,-1,0,0.9669,289.19,548.73,14.95,49.65,347.50,638.00,39.00,42.00,0.0000,106.62,1,1,2.5546,ACCEPT,0,1841,520,21646,1,50,665,0,0,0,0
66,0,1,1,ACCEPT,6.8673,1.6598,483,1,-2,0.6190,289.66,545.64,14.95,49.65,333.50,621.50,59.00,41.00,0.0000,87.62,1,0,2.6779,ACCEPT,0,1222,576,24864,1,50,483,0,0,0,0
67,0,1,1,ACCEPT,7.3201,1.9395,609,0,-2,0.8292,289.66,542.55,14.95,49.65,332.00,619.50,50.00,71.00,0.0000,87.83,1,0,2.7827,ACCEPT,0,1489,563,22245,1,50,609,0,0,0,0
68,0,1,1,ACCEPT,7.9485,1.5968,503,0,-1,0.9085,289.66,541.00,14.95,49.65,330.00,631.50,32.00,89.00,0.0000,99.09,1,0,2.7332,ACCEPT,0,1162,565,24387,1,50,503,0,0,0,0
69,0,1,1,ACCEPT,7.6004,2.0534,577,0,-2,0.8232,289.66,537.91,14.95,49.65,327.00,646.00,22.00,80.00,0.0000,114.36,1,0,2.6116,ACCEPT,0,1331,537,22281,1,50,577,0,0,0,0
70,0,1,1,ACCEPT,7.7216,1.6958,446,-1,-4,0.5314,289.19,531.72,14.95,49.65,322.00,640.00,32.00,54.00,0.0000,113.14,1,0,2.8839,ACCEPT,0,984,578,26017,1,50,446,0,0,0,0
71,0,1,1,ACCEPT,8.1139,1.9038,594,-2,-2,0.7828,288.25,528.62,14.95,49.65,299.00,615.50,50.00,47.00,0.0000,87.54,1,0,2.9463,ACCEPT,0,1277,464,27145,1,50,594,0,0,0,0
72,0,1,1,ACCEPT,7.0665,1.4886,524,-2,-1,0.7214,287.31,527.08,14.95,49.65,296.50,614.50,51.00,49.00,0.0000,87.90,1,0,2.9470,ACCEPT,0,1231,487,26052,1,50,524,0,0,0,0
73,0,1,1,ACCEPT,6.7416,1.4031,456,-1,0,0.9978,286.84,527.08,14.95,49.65,302.00,627.50,38.00,61.00,0.0000,101.56,1,0,2.9238,ACCEPT,0,1138,490,25829,1,50,456,0,0,0,0
74,0,1,1,ACCEPT,8.6928,1.8206,548,-3,-1,0.6387,285.44,525.53,14.95,49.65,302.00,630.50,28.00,85.00,0.0000,106.27,1,0,2.9236,ACCEPT,0,1069,412,27368,1,50,548,0,0,0,0
75,0,1,1,ACCEPT,9.2679,2.0356,686,-1,0,0.9329,284.97,525.53,14.95,49.65,297.50,641.50,25.00,67.00,0.0000,116.64,1,0,2.8902,ACCEPT,0,1318,541,21654,1,50,686,0,0,0,0
76,0,1,1,ACCEPT,9.1719,2.1342,493,-2,-1,0.5781,284.03,523.98,14.95,49.65,282.50,620.50,45.00,57.00,0.0000,96.53,1,0,2.9368,ACCEPT,0,994,528,20494,1,50,493,0,0,0,0
77,0,1,1,ACCEPT,9.7825,2.0913,435,-1,0,0.9816,283.56,523.98,14.95,49.65,278.00,610.50,54.00,55.00,0.0000,86.69,1,0,2.9344,ACCEPT,0,841,537,20752,1,50,435,0,0,0,0
78,0,1,1,ACCEPT,10.7169,2.2775,476,-2,-1,0.6933,282.62,522.44,14.95,49.65,274.50,614.00,59.00,42.00,0.0000,91.92,1,0,2.7106,ACCEPT,0,806,520,19826,1,50,476,0,0,0,0
79,0,1,1,ACCEPT,10.9912,2.1415,454,-1,1,0.9670,282.16,523.98,14.95,49.65,275.00,618.00,60.00,44.00,0.0000,94.29,1,0,2.8812,ACCEPT,0,712,491,18379,1,50,454,0,0,0,0
80,0,1,1,ACCEPT,11.4240,2.2921,463,0,-2,0.8056,282.16,520.89,14.95,49.65,276.50,633.50,39.00,55.00,0.0000,112.75,1,0,2.8782,ACCEPT,0,682,474,20113,1,50,463,0,0,0,0
81,0,1,1,ACCEPT,10.7512,2.1739,450,-5,1,0.3600,279.81,522.44,14.95,49.65,272.00,629.00,46.00,52.00,0.0000,106.85,1,0,2.8733,ACCEPT,0,736,517,20280,1,50,450,0,0,0,0
82,0,1,1,ACCEPT,11.2118,2.6744,460,-2,0,0.6543,278.88,522.44,14.95,49.65,261.50,610.50,59.00,45.00,0.0000,89.76,1,0,2.8778,ACCEPT,0,628,513,17334,1,50,460,0,0,0,0
83,0,1,1,ACCEPT,11.6393,2.3943,419,-3,0,0.4797,277.47,522.44,14.95,49.65,260.50,602.50,59.00,53.00,0.0000,81.84,1,0,2.9163,ACCEPT,0,581,568,17222,1,50,419,0,0,0,0
84,0,1,1,ACCEPT,11.6027,2.0000,406,-3,-1,0.6182,276.06,520.89,14.95,49.65,261.50,599.50,53.00,51.00,0.0000,79.95,1,0,2.8015,ACCEPT,0,546,563,16581,1,50,406,0,0,0,0
85,0,1,1,ACCEPT,11.2043,2.3444,354,-2,-3,0.3870,275.12,516.25,14.95,49.65,260.50,603.50,51.00,59.00,0.0000,88.47,1,0,2.8824,ACCEPT,0,538,547,15706,1,50,354,0,0,0,0
86,0,1,1,ACCEPT,9.5113,1.6704,299,-1,-1,0.7993,274.66,514.70,14.95,49.65,271.00,622.00,22.00,70.00,0.0000,107.36,1,0,2.6929,ACCEPT,0,487,495,14453,1,50,299,0,0,0,0
87,0,1,1,ACCEPT,11.0101,2.0732,340,-1,0,0.8912,274.19,514.70,14.95,49.65,266.50,615.00,21.00,72.00,0.0000,100.59,1,0,2.8275,ACCEPT,0,463,490,15772,1,50,340,0,0,0,0
88,0,1,1,ACCEPT,12.2523,2.4061,397,1,1,0.8665,274.66,516.25,14.95,49.65,263.00,613.50,30.00,67.00,0.0000,97.95,1,0,2.6507,ACCEPT,0,505,478,16524,1,50,397,0,0,0,0
89,0,1,1,ACCEPT,10.3455,1.9643,330,-1,0,0.9455,274.19,516.25,14.95,49.65,254.00,607.00,42.00,54.00,0.0000,92.97,1,0,2.8451,ACCEPT,0,561,477,16352,1,50,330,0,0,0,0
90,0,1,1,ACCEPT,9.4523,1.7105,325,2,0,0.6123,275.12,516.25,14.37,47.74,257.50,604.50,43.00,67.00,0.0000,89.99,1,-1,2.6407,ACCEPT,0,515,480,17582,1,50,325,0,0,0,0
91,0,1,1,ACCEPT,8.7304,1.7684,313,2,1,0.7029,276.03,517.73,14.37,47.74,268.00,616.00,26.00,88.00,0.0000,98.59,1,-1,2.6854,OUT_OF_RANGE,0,547,491,12339,1,50,313,0,0,0,0
92,0,1,1,ACCEPT,8.1970,1.8544,191,-1,-1,0.8272,275.58,516.25,14.37,47.74,278.00,624.50,32.00,71.00,0.0000,108.28,1,-1,2.6530,OUT_OF_RANGE,0,378,512,14516,1,50,191,0,0,0,0
93,0,1,1,ACCEPT,7.6793,1.6090,214,-2,1,0.6776,274.67,517.73,14.37,47.74,274.50,623.00,25.00,58.00,0.0000,105.27,1,0,2.8789,ACCEPT,0,432,524,13848,1,50,214,0,0,0,0
94,0,1,1,ACCEPT,5.5767,1.1643,163,1,0,0.8466,275.12,517.73,14.37,47.74,270.00,615.50,22.00,71.00,0.0000,97.90,1,-1,2.6543,OUT_OF_RANGE,0,553,484,16603,1,50,163,0,0,0,0
95,0,1,1,ACCEPT,5.9290,1.3099,186,1,1,0.9301,275.58,519.22,14.37,47.74,260.50,612.50,31.00,73.00,0.0000,94.49,1,-2,2.1882,OUT_OF_RANGE,0,626,433,15231,1,50,186,0,0,0,0
96,0,1,1,ACCEPT,6.2001,1.2960,162,-1,1,0.5617,275.12,520.70,14.37,47.74,268.00,615.00,26.00,64.00,0.0000,94.57,1,-1,2.6170,OUT_OF_RANGE,0,408,436,14464,1,50,162,0,0,0,0
97,0,1,1,ACCEPT,8.8701,2.0089,225,4,0,0.3111,276.94,520.70,14.37,47.74,269.00,615.00,26.00,78.00,0.0000,94.63,1,-1,2.1681,OUT_OF_RANGE,0,518,443,19059,1,50,225,0,0,0,0
98,0,1,0,NEGATIVE_PEAK,-3.7443,1.0680,-330,5,-8,0.5818,276.94,520.70,14.37,47.74,273.00,615.50,24.00,83.00,0.0000,94.88,0,0,0.0000,NOT_RUN,0,2644,1824,0,1,50,330,0,0,0,0
99,0,1,1,ACCEPT,3.7719,1.0291,318,-1,-19,0.2579,276.48,492.50,14.37,47.74,280.00,618.00,26.00,86.00,0.0000,125.55,1,0,2.4479,ACCEPT,0,2676,1379,18982,1,50,318,0,0,0,0
100,0,1,1,ACCEPT,5.5017,1.4025,662,1,-3,0.4456,276.94,488.05,14.37,47.74,289.50,620.50,33.00,81.00,0.0000,133.05,1,0,2.9082,ACCEPT,0,1756,912,25274,1,50,662,0,0,0,0
101,0,1,1,ACCEPT,8.1035,1.5442,996,-2,-4,0.2440,276.03,482.11,14.37,47.74,296.50,619.00,29.00,62.00,0.0000,138.41,1,0,2.8290,ACCEPT,0,1747,911,24325,1,50,996,0,0,0,0
102,0,1,1,ACCEPT,8.8451,1.9253,1057,-2,0,0.8912,275.12,482.11,14.37,47.74,293.50,619.50,25.00,61.00,0.0000,138.61,1,0,2.8645,ACCEPT,0,1926,935,24230,1,50,1057,0,0,0,0
103,0,1,1,ACCEPT,9.5199,2.1067,1165,-3,0,0.7528,273.77,482.11,14.37,47.74,296.50,615.00,35.00,58.00,0.0000,134.82,1,0,2.7679,ACCEPT,0,1826,877,24884,1,50,1165,0,0,0,0
104,0,1,1,ACCEPT,9.7012,2.1253,967,-2,0,0.8356,272.86,482.11,14.37,47.74,300.50,612.00,37.00,62.00,0.0000,132.80,1,0,2.8596,ACCEPT,0,1436,814,25038,1,50,967,0,0,0,0
105,0,1,1,ACCEPT,9.5383,2.3333,945,-3,0,0.7566,271.50,482.11,14.37,47.74,309.50,620.00,33.00,70.00,0.0000,143.03,1,0,2.8984,ACCEPT,0,1646,1038,20807,1,50,945,0,0,0,0
106,0,1,1,ACCEPT,9.9114,1.6571,1039,-3,1,0.6699,270.14,483.59,14.37,47.74,336.00,625.00,28.00,76.00,0.0000,155.99,1,0,2.8048,ACCEPT,0,1654,786,20547,1,50,1039,0,0,0,0
107,0,1,1,ACCEPT,12.8209,2.6985,1101,1,-1,0.8492,270.59,482.11,14.37,47.74,339.00,632.00,16.00,64.00,0.0000,164.76,1,0,2.8520,ACCEPT,0,1496,706,21614,1,50,1101,0,0,0,0
108,0,1,1,ACCEPT,13.3934,2.9337,1062,0,0,1.0000,270.59,482.11,14.37,47.74,341.50,623.50,23.00,79.00,0.0000,158.17,1,0,2.8533,ACCEPT,0,1442,590,24569,1,50,1062,0,0,0,0
109,0,1,1,ACCEPT,13.5140,2.4505,1115,0,0,1.0000,270.59,482.11,14.37,47.74,340.50,620.50,37.00,73.00,0.0000,155.04,1,0,2.7823,ACCEPT,0,1411,555,27103,1,50,1115,0,0,0,0
110,0,1,1,ACCEPT,14.6762,2.6626,1310,-1,1,0.8870,270.14,483.59,14.37,47.74,350.00,626.50,32.00,81.00,0.0000,163.71,1,-1,2.6247,OUT_OF_RANGE,0,1541,660,27394,1,50,1310,0,0,0,0
111,0,1,1,ACCEPT,10.9012,1.7934,981,-1,-1,0.8583,269.69,482.11,14.37,47.74,370.00,644.00,22.00,72.00,0.0000,190.45,1,-1,2.3143,OUT_OF_RANGE,0,1197,481,24866,1,50,981,0,0,0,0
112,0,1,1,ACCEPT,11.0774,1.9632,801,-2,-1,0.8489,268.78,480.62,14.37,47.74,371.50,640.00,23.00,80.00,0.0000,189.61,1,0,2.7230,ACCEPT,0,1255,480,27017,1,50,801,0,0,0,0
113,0,1,1,ACCEPT,11.3377,2.0667,1023,0,0,1.0000,268.78,480.62,14.37,47.74,373.50,637.50,25.00,77.00,0.0000,188.62,1,-1,2.4827,OUT_OF_RANGE,0,1612,467,26930,1,50,1023,0,0,0,0
114,0,1,1,ACCEPT,8.8654,1.4113,978,0,0,1.0000,268.78,480.62,14.37,47.74,376.00,641.50,28.00,89.00,0.0000,193.33,1,-1,2.4085,OUT_OF_RANGE,0,1615,502,27895,1,50,978,0,0,0,0
115,0,1,1,ACCEPT,10.6953,1.7236,1160,1,1,0.8526,269.23,482.11,14.37,47.74,383.50,651.50,31.00,71.00,0.0000,204.33,1,-1,2.1193,OUT_OF_RANGE,0,1630,488,28890,1,50,1160,0,0,0,0
116,0,1,1,ACCEPT,8.6045,1.5550,933,2,1,0.6484,270.14,483.59,14.37,47.74,377.50,646.00,47.00,62.00,0.0000,194.68,1,-3,1.6964,MAX_STEP,0,1558,381,27043,1,50,933,0,0,0,0
117,0,1,1,ACCEPT,7.3131,1.1237,763,0,0,1.0000,270.14,483.59,14.37,47.74,379.50,645.50,49.00,51.00,0.0000,195.38,1,-3,1.7340,MAX_STEP,0,1421,402,23328,1,50,763,0,0,0,0
118,0,1,1,ACCEPT,8.8113,1.3621,726,1,0,0.8113,270.59,483.59,14.37,47.74,385.50,644.50,39.00,77.00,0.0000,197.72,1,-3,1.6880,MAX_STEP,0,1010,414,24963,1,50,726,0,0,0,0
119,0,1,1,ACCEPT,7.0617,1.0966,749,1,0,0.9479,271.05,483.59,14.37,47.74,399.00,655.00,22.00,62.00,0.0000,213.90,1,-6,1.4387,MAX_STEP,0,1592,384,28814,1,50,749,0,0,0,0
120,0,1,1,ACCEPT,8.2318,1.5176,1340,2,0,0.6358,271.95,483.59,14.37,47.74,394.00,654.00,46.00,62.00,0.0000,209.60,1,-7,1.3064,MAX_STEP,0,2317,440,30499,1,50,1340,0,0,0,0
121,0,1,1,ACCEPT,8.8628,1.4254,1491,-1,1,0.7733,271.50,485.08,14.37,47.74,393.00,651.50,48.00,41.00,0.0000,206.05,1,-10,1.1589,MAX_STEP,0,2122,409,28418,1,50,1491,0,0,0,0
122,0,1,1,ACCEPT,9.4704,1.3603,1329,-1,1,0.7442,271.05,486.56,14.37,47.74,394.50,650.00,49.00,58.00,0.0000,204.82,1,-8,1.2859,MAX_STEP,0,1806,300,26106,1,50,1329,0,0,0,0
123,0,1,1,ACCEPT,8.4108,1.4046,729,5,0,0.1043,273.31,486.56,14.37,47.74,403.00,651.50,40.00,87.00,0.0000,209.82,1,-9,1.1362,MAX_STEP,0,1560,516,23635,1,50,729,0,0,0,0
124,0,1,1,ACCEPT,7.8189,1.6970,1008,1,0,0.9306,273.77,486.56,14.37,47.74,412.50,650.50,21.00,67.00,0.0000,214.76,1,-11,1.0288,MAX_STEP,0,1865,452,24976,1,50,1008,0,0,0,0
125,0,1,1,ACCEPT,6.9046,1.4977,662,2,-2,0.6073,274.67,483.59,14.37,47.74,402.50,646.50,35.00,51.00,0.0000,207.07,1,-8,1.0634,MAX_STEP,0,1283,408,26457,1,50,662,0,0,0,0
126,0,1,1,ACCEPT,8.4688,1.7593,994,0,0,1.0000,274.67,483.59,14.37,47.74,395.50,636.50,43.00,47.00,0.0000,194.88,1,-8,1.0721,MAX_STEP,0,1752,425,26391,1,50,994,0,0,0,0
127,0,1,1,ACCEPT,7.2393,1.0943,696,0,-1,0.9353,274.67,482.11,14.37,47.74,398.00,641.00,36.00,78.00,0.0000,201.14,1,-11,1.0199,MAX_STEP,0,1202,412,27483,1,50,696,0,0,0,0
128,0,1,1,ACCEPT,9.7700,1.8674,1014,-2,1,0.6450,273.77,483.59,14.37,47.74,399.50,647.50,17.00,79.00,0.0000,206.58,1,-7,1.0886,MAX_STEP,0,1192,395,28087,1,50,1014,0,0,0,0
129,0,1,1,ACCEPT,10.5636,2.0149,947,-2,-1,0.7603,272.86,482.11,14.37,47.74,401.00,639.00,22.00,52.00,0.0000,202.57,1,-7,1.1303,MAX_STEP,0,1169,371,30020,1,50,947,0,0,0,0
130,0,1,1,ACCEPT,11.0489,2.4667,1147,0,0,1.0000,272.86,482.11,14.37,47.74,385.00,633.50,38.00,69.00,0.0000,188.40,1,-15,1.0211,MAX_STEP,0,1372,502,32358,1,50,1147,0,0,0,0
131,0,1,1,ACCEPT,12.5954,2.3055,1547,0,0,1.0000,272.86,482.11,14.37,47.74,380.00,630.00,40.00,60.00,0.0000,182.62,1,-15,0.9225,MAX_STEP,0,1819,464,32767,1,50,1547,0,0,0,0
132,0,1,1,ACCEPT,13.5094,2.3681,1814,0,1,0.9807,272.86,483.59,14.37,47.74,382.50,632.50,35.00,81.00,0.0000,184.92,1,-13,0.8873,MAX_STEP,0,1909,519,32248,1,50,1814,0,0,0,0
133,0,1,1,ACCEPT,12.6149,2.1549,1683,1,-1,0.9216,273.31,482.11,14.37,47.74,381.50,632.00,25.00,72.00,0.0000,184.86,1,-9,0.8726,MAX_STEP,0,2015,446,32767,1,50,1683,0,0,0,0
134,0,1,1,ACCEPT,12.4419,1.7661,1978,0,-1,0.9838,273.31,480.62,14.37,47.74,378.50,628.50,23.00,57.00,0.0000,181.47,1,-14,0.9175,MAX_STEP,0,2664,432,32767,1,50,1978,0,0,0,0
135,0,1,1,ACCEPT,9.7588,1.2838,1746,-3,0,0.4989,271.95,480.62,14.37,47.74,364.00,627.50,38.00,71.00,0.0000,173.33,1,-16,0.8806,AT_SEARCH_RAIL,0,2762,334,30541,1,50,1746,0,0,0,0
136,0,1,0,NEGATIVE_PEAK,-7.0001,1.0890,-1040,1,-8,0.8288,271.95,480.62,14.37,47.74,354.50,620.00,47.00,54.00,0.0000,161.99,0,0,0.0000,NOT_RUN,0,2202,268,0,1,50,1040,0,0,0,0
137,0,1,0,NEGATIVE_PEAK,-7.5959,1.2685,-1096,0,-8,0.5839,271.95,480.62,14.37,47.74,352.50,624.50,43.00,59.00,0.0000,164.89,0,0,0.0000,NOT_RUN,0,2253,335,0,1,50,1096,0,0,0,0
138,0,1,0,NEGATIVE_PEAK,-4.9752,1.0339,-763,3,-9,0.6147,271.95,480.62,14.37,47.74,352.00,620.50,36.00,89.00,0.0000,161.16,0,0,0.0000,NOT_RUN,0,2711,359,0,1,50,763,0,0,0,0
139,0,1,0,NEGATIVE_PEAK,-5.4031,1.1683,-708,4,-8,0.5678,271.95,480.62,14.37,47.74,352.50,626.00,21.00,92.00,0.0000,166.20,0,0,0.0000,NOT_RUN,0,2138,685,0,1,50,708,0,0,0,0
140,0,1,1,ACCEPT,6.8649,1.3835,772,7,0,0.6995,275.12,480.62,14.37,47.74,338.50,631.00,25.00,54.00,0.0000,163.18,1,0,2.7722,ACCEPT,0,1674,731,22681,1,50,772,0,0,0,0
141,0,1,1,ACCEPT,6.8967,1.2398,1432,2,1,0.7151,276.03,482.11,14.37,47.74,330.00,616.00,34.00,62.00,0.0000,144.36,1,-1,2.3529,OUT_OF_RANGE,0,2678,567,29787,1,50,1432,0,0,0,0
142,0,1,1,ACCEPT,11.4292,1.7472,2177,1,1,0.9068,276.48,483.59,14.37,47.74,321.00,608.50,44.00,43.00,0.0000,132.60,1,-2,1.9810,OUT_OF_RANGE,0,3023,515,30813,1,50,2177,0,0,0,0
143,0,1,1,ACCEPT,12.0310,1.9721,2333,-1,0,0.9443,276.03,483.59,14.37,47.74,321.00,612.00,42.00,60.00,0.0000,136.05,1,-4,1.8444,MAX_STEP,0,3068,597,31853,1,50,2333,0,0,0,0
144,0,1,1,ACCEPT,13.1420,2.1168,2665,-1,2,0.6803,275.58,486.56,14.37,47.74,321.50,616.00,33.00,78.00,0.0000,137.34,1,-4,1.8101,MAX_STEP,0,3666,575,29353,1,50,2665,0,0,0,0
145,0,1,1,ACCEPT,11.2020,2.0689,2253,-6,4,0.2814,272.86,492.50,14.37,47.74,326.00,629.00,22.00,68.00,0.0000,146.48,1,-3,2.2452,MAX_STEP,0,3383,501,26476,1,50,2253,0,0,0,0
146,0,1,1,ACCEPT,13.7963,2.2136,2446,-1,0,0.9133,272.41,492.50,14.37,47.74,320.00,629.50,28.00,59.00,0.0000,145.03,1,-4,2.1381,MAX_STEP,0,2909,458,28144,1,50,2446,0,0,0,0
147,0,1,1,ACCEPT,13.0751,2.0188,2150,0,-1,0.9465,272.41,491.02,14.37,47.74,312.00,623.50,26.00,61.00,0.0000,138.27,1,-5,1.5995,MAX_STEP,0,2797,626,19433,1,50,2150,0,0,0,0
148,0,1,1,ACCEPT,12.3832,1.8986,2248,1,0,0.8999,272.86,491.02,14.37,47.74,304.50,614.00,27.00,66.00,0.0000,126.99,1,-5,1.7070,MAX_STEP,0,3074,778,20841,1,50,2248,0,0,0,0
149,0,1,1,ACCEPT,14.0778,2.2141,2389,-1,0,0.9724,272.41,491.02,14.37,47.74,300.50,609.00,33.00,54.00,0.0000,121.28,1,-5,1.6916,MAX_STEP,0,2592,538,25575,1,50,2389,0,0,0,0
150,0,1,1,ACCEPT,11.4794,2.1536,1725,5,0,0.0643,274.67,491.02,14.37,47.74,305.00,613.50,28.00,77.00,0.0000,126.18,1,-6,1.2982,MAX_STEP,0,2301,771,21684,1,50,1725,0,0,0,0
151,0,1,1,ACCEPT,12.5783,2.7051,2440,-2,1,0.6406,273.77,492.50,14.37,47.74,313.50,617.50,19.00,85.00,0.0000,131.16,1,-6,1.4987,MAX_STEP,0,3126,689,25363,1,50,2440,0,0,0,0
152,0,1,1,ACCEPT,15.0717,3.2290,2270,1,-1,0.8674,274.22,491.02,14.37,47.74,313.00,626.50,20.00,71.00,0.0000,140.93,1,-7,1.2898,MAX_STEP,0,2691,726,23815,1,50,2270,0,0,0,0
153,0,1,1,ACCEPT,15.9143,3.1586,2549,1,0,0.9631,274.67,491.02,14.37,47.74,313.50,628.50,15.00,59.00,0.0000,142.86,1,-7,1.2215,MAX_STEP,0,2839,826,24854,1,50,2549,0,0,0,0
154,0,1,1,ACCEPT,14.0851,3.0934,2020,-2,0,0.7584,273.77,491.02,14.37,47.74,307.00,624.50,20.00,59.00,0.0000,137.56,1,-12,0.8809,MAX_STEP,0,2050,666,25508,1,50,2020,0,0,0,0
155,0,1,1,ACCEPT,11.4738,1.9188,1631,-2,0,0.8443,272.86,491.02,14.37,47.74,300.50,609.00,39.00,56.00,0.0000,121.18,1,-10,0.9867,MAX_STEP,0,1901,632,29179,1,50,1631,0,0,0,0
156,0,1,1,ACCEPT,7.7782,1.6476,1010,1,-1,0.8891,273.31,489.53,14.37,47.74,308.00,611.50,34.00,61.00,0.0000,126.81,1,-13,0.8817,MAX_STEP,0,1870,714,22987,1,50,1010,0,0,0,0
157,0,1,1,ACCEPT,9.5252,2.0265,1147,1,-3,0.4089,273.77,485.08,14.37,47.74,319.00,618.50,18.00,67.00,0.0000,140.88,1,15,0.8646,MAX_STEP,0,1835,693,23940,1,50,1147,0,0,0,0
158,0,1,1,ACCEPT,11.5127,2.3493,1372,-1,-2,0.5845,273.31,482.11,14.37,47.74,325.00,612.50,20.00,47.00,0.0000,140.26,1,-16,0.8625,AT_SEARCH_RAIL,0,1829,608,27463,1,50,1372,0,0,0,0
159,0,1,1,ACCEPT,10.8375,2.5433,1264,2,-1,0.7547,274.22,480.62,14.37,47.74,328.50,621.50,19.00,59.00,0.0000,150.97,1,15,0.9818,MAX_STEP,0,1820,729,25539,1,50,1264,0,0,0,0
160,0,1,1,ACCEPT,8.2827,1.8559,1030,0,-2,0.6767,274.22,477.66,14.37,47.74,324.50,607.00,19.00,58.00,0.0000,138.77,1,-16,0.8650,AT_SEARCH_RAIL,0,1598,457,20605,1,50,1030,0,0,0,0
161,0,1,1,ACCEPT,7.8574,1.5829,630,1,-2,0.5508,274.67,474.69,14.37,47.74,323.50,601.50,25.00,57.00,0.0000,135.89,1,16,0.9558,AT_SEARCH_RAIL,0,1084,495,20002,1,50,630,0,0,0,0
162,0,1,1,ACCEPT,7.6677,1.6618,565,-2,-1,0.5947,273.77,473.20,14.37,47.74,325.00,608.00,30.00,44.00,0.0000,144.21,1,-16,0.9416,AT_SEARCH_RAIL,0,950,438,17248,1,50,565,0,0,0,0
163,0,1,1,ACCEPT,8.8872,1.8414,569,-1,0,0.9332,273.31,473.20,14.37,47.74,331.00,608.00,28.00,70.00,0.0000,146.62,1,-16,0.9441,AT_SEARCH_RAIL,0,920,417,21383,1,50,569,0,0,0,0
164,0,1,1,ACCEPT,9.5788,2.0519,790,-1,0,0.9468,272.86,473.20,14.37,47.74,345.00,622.00,26.00,66.00,0.0000,165.36,1,15,1.0063,MAX_STEP,0,1267,428,23612,1,50,790,0,0,0,0
165,0,1,1,ACCEPT,9.4439,2.1018,929,-4,-3,0.0807,271.05,468.75,14.37,47.74,343.50,621.00,25.00,48.00,0.0000,168.61,1,15,0.9437,MAX_STEP,0,1410,420,17455,1,50,929,0,0,0,0
166,0,1,1,ACCEPT,9.2008,1.8403,484,-1,-2,0.6612,270.59,465.78,14.37,47.74,337.50,607.50,43.00,39.00,0.0000,156.72,1,-16,0.9235,AT_SEARCH_RAIL,0,812,351,13736,1,50,484,0,0,0,0
167,0,1,1,ACCEPT,8.1122,1.4337,476,-4,1,0.3739,268.78,467.27,14.37,47.74,342.00,612.00,48.00,62.00,0.0000,162.20,1,-11,1.0396,MAX_STEP,0,881,385,16414,1,50,476,0,0,0,0
168,0,1,1,ACCEPT,8.1232,1.5238,416,-1,1,0.9375,268.33,468.75,14.37,47.74,351.00,620.00,42.00,80.00,0.0000,172.37,1,-13,1.1420,MAX_STEP,0,760,334,16385,1,50,416,0,0,0,0
169,0,1,1,ACCEPT,8.5197,1.6124,545,-1,-1,0.9101,267.88,467.27,14.37,47.74,372.50,632.00,47.00,70.00,0.0000,195.15,1,-16,1.0593,AT_SEARCH_RAIL,0,782,378,19216,1,50,545,0,0,0,0
170,0,1,1,ACCEPT,8.8894,1.4990,727,-1,-2,0.5502,267.42,464.30,14.37,47.74,365.50,629.00,21.00,56.00,0.0000,191.69,1,-16,1.2085,AT_SEARCH_RAIL,0,1089,344,23972,1,50,727,0,0,0,0
171,0,1,1,ACCEPT,9.0267,1.5479,856,1,0,0.9404,267.88,464.30,14.37,47.74,363.50,620.00,39.00,52.00,0.0000,182.72,1,15,1.2900,MAX_STEP,0,1513,333,20552,1,50,856,0,0,0,0
172,0,1,1,ACCEPT,9.1913,1.4480,905,-1,1,0.7790,267.42,465.78,14.37,47.74,366.00,623.00,40.00,64.00,0.0000,185.57,1,16,1.2342,AT_SEARCH_RAIL,0,1519,327,15327,1,50,905,0,0,0,0
173,0,1,1,ACCEPT,9.5278,1.6594,682,0,-1,0.9399,267.42,464.30,14.37,47.74,376.50,632.00,25.00,80.00,0.0000,200.06,1,15,1.2315,MAX_STEP,0,1106,352,21785,1,50,682,0,0,0,0
174,0,1,1,ACCEPT,8.0512,1.4717,911,-1,2,0.7530,266.97,467.27,14.37,47.74,392.50,639.50,25.00,77.00,0.0000,213.13,1,15,1.3488,MAX_STEP,0,1940,371,17946,1,50,911,0,0,0,0
175,0,1,1,ACCEPT,9.3193,1.2864,1078,-1,2,0.6531,266.52,470.23,14.37,47.74,388.50,640.50,25.00,71.00,0.0000,209.45,1,-14,1.1594,MAX_STEP,0,1638,344,15461,1,50,1078,0,0,0,0
176,0,1,1,ACCEPT,9.5023,1.5870,757,-1,-1,0.7820,266.06,468.75,14.37,47.74,387.50,646.00,41.00,60.00,0.0000,214.86,1,-11,1.2341,MAX_STEP,0,1051,358,10839,1,50,757,0,0,0,0
177,0,1,1,ACCEPT,8.4208,1.7401,395,2,-2,0.5114,266.97,465.78,14.37,47.74,397.50,638.50,33.00,77.00,0.0000,216.50,1,-14,1.1188,MAX_STEP,0,633,334,20728,1,50,395,0,0,0,0
178,0,1,1,ACCEPT,8.3959,1.5825,777,3,-1,0.6808,268.33,464.30,14.37,47.74,401.50,635.50,27.00,87.00,0.0000,216.90,1,-14,0.9618,MAX_STEP,0,1254,295,19148,1,50,777,0,0,0,0
179,0,1,1,ACCEPT,5.1646,1.1768,486,1,-1,0.8683,268.78,462.81,14.37,47.74,408.50,639.50,27.00,79.00,0.0000,225.25,1,-6,1.1343,MAX_STEP,0,1328,848,7283,1,50,486,0,0,0,0
180,0,1,1,ACCEPT,7.8596,1.7929,1108,2,-1,0.8953,269.69,461.33,14.37,47.74,398.50,637.00,53.00,54.00,0.0000,217.84,1,-6,1.0858,MAX_STEP,0,2239,1061,6602,1,50,1108,0,0,0,0
181,0,1,1,ACCEPT,7.6248,1.4656,1130,1,1,0.9044,270.14,462.81,14.37,47.74,404.00,642.00,42.00,74.00,0.0000,223.67,1,-7,1.0095,MAX_STEP,0,2345,830,8006,1,50,1130,0,0,0,0
182,0,1,1,ACCEPT,9.4694,1.7691,1555,0,0,1.0000,270.14,462.81,14.37,47.74,408.00,647.50,32.00,79.00,0.0000,230.47,1,-8,0.8556,MAX_STEP,0,2152,821,10811,1,50,1555,0,0,0,0
183,0,1,1,ACCEPT,11.4549,2.4374,1772,-1,0,0.9752,269.69,462.81,14.37,47.74,406.00,649.00,34.00,76.00,0.0000,230.75,1,-12,0.7228,MAX_STEP,0,2326,769,11461,1,50,1772,0,0,0,0
184,0,1,1,ACCEPT,13.2207,2.5540,1987,-1,0,0.9371,269.23,462.81,14.37,47.74,401.50,645.50,35.00,67.00,0.0000,225.54,1,-10,1.0984,MAX_STEP,0,2491,828,10693,1,50,1987,0,0,0,0
185,0,1,1,ACCEPT,10.7418,1.7433,1358,1,-2,0.8520,269.69,459.84,14.37,47.74,395.50,641.50,37.00,75.00,0.0000,220.97,1,-14,1.0121,MAX_STEP,0,1861,588,12920,1,50,1358,0,0,0,0
186,0,1,1,ACCEPT,13.2978,2.4756,1572,-2,0,0.7583,268.78,459.84,14.37,47.74,396.00,645.00,30.00,86.00,0.0000,224.65,1,-13,1.0269,MAX_STEP,0,2126,742,14842,1,50,1572,0,0,0,0
187,0,1,1,ACCEPT,14.8929,2.5282,1613,-1,0,0.9095,268.33,459.84,14.37,47.74,400.00,646.00,18.00,58.00,0.0000,228.02,1,-11,1.1197,MAX_STEP,0,1725,747,16433,1,50,1613,0,0,0,0
188,0,1,1,ACCEPT,14.6229,3.1850,1704,0,0,1.0000,268.33,459.84,14.37,47.74,393.00,652.00,28.00,60.00,0.0000,229.06,1,-12,0.9799,MAX_STEP,0,1777,470,25590,1,50,1704,0,0,0,0
189,0,1,1,ACCEPT,16.8272,4.1176,1540,0,-1,0.9117,268.33,458.36,14.37,47.74,389.00,643.50,32.00,55.00,0.0000,220.99,1,16,0.9175,AT_SEARCH_RAIL,0,1405,416,26800,1,50,1540,0,0,0,0
190,0,1,1,ACCEPT,13.2592,2.8185,1522,-3,1,0.6353,266.97,459.84,14.37,47.74,382.00,636.00,44.00,58.00,0.0000,210.39,1,-15,0.9114,MAX_STEP,0,1830,415,25743,1,50,1522,0,0,0,0
191,0,1,1,ACCEPT,13.3708,2.7027,1100,-1,-1,0.8473,266.52,458.36,14.37,47.74,383.50,643.50,35.00,71.00,0.0000,219.00,1,-11,1.1548,MAX_STEP,0,1219,414,16410,1,50,1100,0,0,0,0
192,0,1,1,ACCEPT,13.7609,2.3376,547,-2,-1,0.6234,265.61,456.88,14.37,47.74,382.00,651.50,18.00,71.00,0.0000,226.77,1,-7,1.3823,MAX_STEP,0,507,365,22419,1,50,547,0,0,0,0
193,0,1,1,ACCEPT,11.1296,1.9588,760,0,0,1.0000,265.61,456.88,14.37,47.74,380.00,652.00,18.00,64.00,0.0000,226.18,1,-12,1.1444,MAX_STEP,0,895,323,14205,1,50,760,0,0,0,0
194,0,1,1,ACCEPT,13.7076,2.3728,541,-1,0,0.9686,265.16,456.88,14.37,47.74,372.00,646.00,28.00,58.00,0.0000,217.22,1,-10,1.2881,MAX_STEP,0,529,346,18725,1,50,541,0,0,0,0
195,0,1,1,ACCEPT,9.4959,1.6184,492,1,-4,0.4492,265.61,450.94,14.37,47.74,360.50,624.00,43.00,48.00,0.0000,197.37,1,-14,1.0977,MAX_STEP,0,622,340,9401,1,50,492,0,0,0,0
196,0,1,1,ACCEPT,11.5461,1.9512,320,0,-2,0.7312,265.61,447.97,14.37,47.74,360.00,627.50,42.00,67.00,0.0000,202.83,1,-10,1.2789,MAX_STEP,0,313,337,14306,1,50,320,0,0,0,0
197,0,1,1,ACCEPT,10.8941,1.6603,606,1,1,0.8383,266.06,449.45,14.37,47.74,358.50,639.00,27.00,74.00,0.0000,210.89,1,-14,1.0358,MAX_STEP,0,616,375,18734,1,50,606,0,0,0,0
198,0,1,1,ACCEPT,5.1667,1.1687,471,-1,4,0.3206,265.61,455.39,14.37,47.74,357.00,640.50,22.00,51.00,0.0000,206.44,1,-13,1.0353,MAX_STEP,0,1128,2413,11204,1,50,471,0,0,0,0
199,0,1,1,ACCEPT,8.4532,1.6977,1404,-1,0,0.9452,265.16,455.39,14.37,47.74,354.00,644.50,24.00,55.00,0.0000,208.94,1,-10,1.1432,MAX_STEP,0,2108,2092,12512,1,50,1404,0,0,0,0
200,0,1,1,ACCEPT,9.8470,1.8274,1292,1,-2,0.7601,265.61,452.42,14.37,47.74,333.00,622.00,40.00,52.00,0.0000,182.48,1,-13,1.0645,MAX_STEP,0,2021,1683,14938,1,50,1292,0,0,0,0
201,0,1,1,ACCEPT,10.1108,1.5742,1475,-2,0,0.4732,264.70,452.42,14.37,47.74,326.50,630.50,45.00,33.00,0.0000,188.50,1,-12,1.2471,MAX_STEP,0,2042,1561,21028,1,50,1475,0,0,0,0
202,0,1,1,ACCEPT,6.4085,1.3284,987,-1,-1,0.8936,264.25,450.94,14.37,47.74,325.50,627.50,45.00,69.00,0.0000,186.88,1,-10,1.2449,MAX_STEP,0,2279,1167,24185,1,50,987,0,0,0,0
203,0,1,1,ACCEPT,8.7891,1.6521,1135,1,-1,0.9841,264.70,449.45,14.37,47.74,328.00,635.50,32.00,73.00,0.0000,196.52,1,-16,1.0904,AT_SEARCH_RAIL,0,1985,1003,27891,1,50,1135,0,0,0,0
204,0,1,1,ACCEPT,7.4482,1.0780,1106,-2,1,0.7116,263.80,450.94,14.37,47.74,332.50,640.00,33.00,50.00,0.0000,201.16,1,-10,1.0982,MAX_STEP,0,2257,1284,27241,1,50,1106,0,0,0,0
205,0,1,1,ACCEPT,5.1585,1.0605,719,-3,-1,0.3880,262.44,449.45,14.37,47.74,311.00,643.00,32.00,44.00,0.0000,199.55,1,-11,1.3140,MAX_STEP,0,1883,1075,28909,1,50,719,0,0,0,0
206,0,1,1,ACCEPT,6.1214,1.5596,772,-2,2,0.7060,261.53,452.42,14.37,47.74,299.50,632.00,51.00,32.00,0.0000,183.55,1,15,0.9780,MAX_STEP,0,1814,714,27003,1,50,772,0,0,0,0
207,0,1,1,ACCEPT,5.6999,1.5266,545,4,0,0.7578,263.34,452.42,14.37,47.74,296.00,630.50,52.00,31.00,0.0000,181.05,1,-4,1.9820,MAX_STEP,0,1623,589,19428,1,50,545,0,0,0,0
208,0,1,1,ACCEPT,6.5480,1.5130,407,-3,-2,0.6437,261.98,449.45,14.37,47.74,296.00,632.50,54.00,37.00,0.0000,186.18,1,-2,1.8449,OUT_OF_RANGE,0,900,675,19271,1,50,407,0,0,0,0
209,0,1,1,ACCEPT,7.7491,1.7979,507,2,2,0.8284,262.89,452.42,14.37,47.74,297.50,635.50,41.00,63.00,0.0000,186.32,1,-6,1.6159,MAX_STEP,0,1059,779,30016,1,50,507,0,0,0,0
210,0,1,1,ACCEPT,9.9207,1.4951,1063,-1,1,0.8551,262.44,453.91,14.37,47.74,307.50,647.00,27.00,58.00,0.0000,198.28,1,-5,1.4109,MAX_STEP,0,1809,506,24250,1,50,1063,0,0,0,0
211,0,1,1,ACCEPT,11.3127,2.0907,876,1,0,0.9349,262.89,453.91,14.37,47.74,298.50,643.50,29.00,51.00,0.0000,192.91,1,-6,1.3908,MAX_STEP,0,1424,544,29245,1,50,876,0,0,0,0
212,0,1,1,ACCEPT,12.1657,2.4501,1056,0,-1,0.8636,262.89,452.42,14.37,47.74,291.50,631.50,39.00,55.00,0.0000,181.35,1,-7,1.1682,MAX_STEP,0,1574,609,30869,1,50,1056,0,0,0,0
213,0,1,1,ACCEPT,12.0647,2.7778,1075,-1,-1,0.8781,262.44,450.94,14.37,47.74,285.00,624.00,52.00,50.00,0.0000,174.53,1,-7,1.1788,MAX_STEP,0,1482,540,24006,1,50,1075,0,0,0,0
214,0,1,1,ACCEPT,12.2892,2.4890,794,1,-1,0.9849,262.89,449.45,14.37,47.74,282.00,618.50,44.00,55.00,0.0000,170.12,1,-16,0.8191,AT_SEARCH_RAIL,0,1091,590,32425,1,50,794,0,0,0,0
215,0,1,1,ACCEPT,13.5578,2.0612,1111,-3,0,0.5302,261.53,449.45,14.37,47.74,288.50,629.00,41.00,76.00,0.0000,181.56,1,-12,0.9917,MAX_STEP,0,1333,481,27484,1,50,1111,0,0,0,0
216,0,1,1,ACCEPT,13.9354,2.8328,830,-2,-1,0.6976,260.62,447.97,14.37,47.74,301.00,636.00,36.00,72.00,0.0000,192.32,1,-10,1.1431,MAX_STEP,0,896,427,29025,1,50,830,0,0,0,0
217,0,1,1,ACCEPT,11.8467,2.9149,822,0,0,1.0000,260.62,447.97,14.37,47.74,303.50,635.00,31.00,48.00,0.0000,191.88,1,-9,1.1519,MAX_STEP,0,975,541,32767,1,50,822,0,0,0,0
218,0,1,1,ACCEPT,14.1095,3.3469,1071,1,0,0.8730,261.08,447.97,14.37,47.74,301.00,636.00,26.00,58.00,0.0000,192.22,1,-9,1.1424,MAX_STEP,0,1034,443,29524,1,50,1071,0,0,0,0
219,0,1,1,ACCEPT,15.4184,3.5368,1008,1,1,0.8512,261.53,449.45,14.37,47.74,293.50,626.50,27.00,57.00,0.0000,179.91,1,-14,0.9223,MAX_STEP,0,952,432,30103,1,50,1008,0,0,0,0
220,0,1,1,ACCEPT,11.7999,1.8071,862,-1,-1,0.7958,261.08,447.97,14.37,47.74,298.00,630.50,36.00,67.00,0.0000,186.23,1,-11,1.0429,MAX_STEP,0,1090,570,23988,1,50,862,0,0,0,0
221,0,1,1,ACCEPT,12.2205,2.6513,692,2,-1,0.6243,261.98,446.48,14.37,47.74,310.00,629.00,20.00,86.00,0.0000,188.73,1,-12,1.0200,MAX_STEP,0,801,438,29124,1,50,692,0,0,0,0
222,0,1,1,ACCEPT,14.2422,3.1233,937,0,0,1.0000,261.98,446.48,14.37,47.74,329.00,633.50,44.00,71.00,0.0000,198.66,1,-12,1.0350,MAX_STEP,0,1076,383,28878,1,50,937,0,0,0,0
223,0,1,1,ACCEPT,12.6581,2.1259,912,0,0,1.0000,261.98,446.48,14.37,47.74,328.50,631.50,33.00,45.00,0.0000,196.61,1,-13,1.0041,MAX_STEP,0,1084,432,26641,1,50,912,0,0,0,0
224,0,1,1,ACCEPT,14.5126,2.3659,970,0,-1,0.9990,261.98,445.00,14.37,47.74,326.00,626.00,18.00,58.00,0.0000,191.99,1,-11,1.0393,MAX_STEP,0,1195,453,32580,1,50,970,0,0,0,0
225,0,1,1,ACCEPT,11.5526,1.8597,1326,0,0,1.0000,261.98,445.00,14.37,47.74,325.00,622.00,42.00,66.00,0.0000,187.88,1,-11,1.0707,MAX_STEP,0,2141,713,26305,1,50,1326,0,0,0,0
226,0,1,1,ACCEPT,11.2796,2.0385,1376,0,-2,0.7733,261.98,442.03,14.37,47.74,333.00,622.50,32.00,81.00,0.0000,193.94,1,-14,0.9737,MAX_STEP,0,2909,763,19798,1,50,1376,0,0,0,0
227,0,1,1,ACCEPT,10.7424,1.5181,964,0,1,0.9398,261.98,443.52,14.37,47.74,348.00,628.00,30.00,86.00,0.0000,203.55,1,-11,1.0388,MAX_STEP,0,1693,613,19089,1,50,964,0,0,0,0
228,0,1,1,ACCEPT,11.6480,1.5676,1298,0,0,1.0000,261.98,443.52,14.37,47.74,358.50,630.00,33.00,72.00,0.0000,209.98,1,-11,1.0184,MAX_STEP,0,2304,627,17905,1,50,1298,0,0,0,0
229,0,1,1,ACCEPT,7.1815,1.5820,772,0,2,0.9378,261.98,446.48,14.37,47.74,362.50,631.00,25.00,58.00,0.0000,210.12,1,-16,0.9523,AT_SEARCH_RAIL,0,2255,885,13483,1,50,772,0,0,0,0
230,0,1,1,ACCEPT,6.4049,1.5000,690,2,-2,0.7623,262.89,443.52,14.37,47.74,364.00,618.50,34.00,55.00,0.0000,202.10,1,-15,1.0159,MAX_STEP,0,1957,788,11751,1,50,690,0,0,0,0
231,0,1,1,ACCEPT,9.9531,2.6325,795,3,1,0.4440,264.25,445.00,14.37,47.74,368.50,622.00,41.00,66.00,0.0000,205.42,1,-15,0.9728,MAX_STEP,0,1475,718,12359,1,50,795,0,0,0,0
232,0,1,1,ACCEPT,8.7658,1.8251,845,2,0,0.8521,265.16,445.00,14.37,47.74,378.50,626.00,27.00,78.00,0.0000,213.56,1,14,0.9389,MAX_STEP,0,1507,607,15189,1,50,845,0,0,0,0
233,0,1,1,ACCEPT,10.2525,2.3769,1072,-1,0,0.9953,264.70,445.00,14.37,47.74,392.00,623.00,18.00,64.00,0.0000,218.83,1,-12,0.8833,MAX_STEP,0,1957,568,16238,1,50,1072,0,0,0,0
234,0,1,1,ACCEPT,10.2556,2.2073,1022,-1,0,0.9472,264.25,445.00,14.37,47.74,394.50,633.00,21.00,52.00,0.0000,228.71,1,-8,1.2808,MAX_STEP,0,1793,524,16342,1,50,1022,0,0,0,0
235,0,1,1,ACCEPT,10.4299,1.7432,1222,-3,-2,0.4558,262.89,442.03,14.37,47.74,389.50,627.00,47.00,58.00,0.0000,224.15,1,-13,0.9344,MAX_STEP,0,2167,595,18990,1,50,1222,0,0,0,0
236,0,1,1,ACCEPT,12.3972,1.9124,1092,-1,1,0.9496,262.44,443.52,14.37,47.74,399.00,628.50,32.00,79.00,0.0000,229.93,1,-10,1.1830,MAX_STEP,0,1506,485,18682,1,50,1092,0,0,0,0
237,0,1,1,ACCEPT,12.6100,2.8757,1087,2,1,0.7783,263.34,445.00,14.37,47.74,409.50,639.00,17.00,64.00,0.0000,242.89,1,-12,0.8579,MAX_STEP,0,1469,426,21003,1,50,1087,0,0,0,0
238,0,1,1,ACCEPT,13.2705,2.9773,1310,-1,0,0.9237,262.89,445.00,14.37,47.74,410.00,641.00,26.00,46.00,0.0000,245.07,1,-13,0.8519,MAX_STEP,0,1628,481,23326,1,50,1310,0,0,0,0
239,0,1,1,ACCEPT,14.6632,3.0377,1613,-1,0,0.9541,262.44,445.00,14.37,47.74,408.00,632.50,50.00,67.00,0.0000,237.37,1,-10,1.1541,MAX_STEP,0,1724,435,24758,1,50,1613,0,0,0,0
240,0,1,1,ACCEPT,14.9906,3.3768,1425,0,0,1.0000,262.44,445.00,14.37,47.74,412.00,640.00,24.00,90.00,0.0000,245.75,1,-12,0.9188,MAX_STEP,0,1575,427,24595,1,50,1425,0,0,0,0
241,0,1,1,ACCEPT,11.3075,2.1818,1200,0,0,1.0000,262.44,445.00,14.37,47.74,417.00,647.50,14.00,49.00,0.0000,254.75,1,-12,1.0707,MAX_STEP,0,1505,392,27532,1,50,1200,0,0,0,0
242,0,1,1,ACCEPT,15.8379,2.8692,1558,0,0,1.0000,262.44,445.00,14.37,47.74,412.00,646.00,24.00,46.00,0.0000,250.54,1,-11,1.0975,MAX_STEP,0,1404,365,29513,1,50,1558,0,0,0,0
243,0,1,1,ACCEPT,17.3651,3.2396,1717,0,1,0.9557,262.44,446.48,14.37,47.74,402.00,642.50,46.00,37.00,0.0000,240.62,1,-12,1.0558,MAX_STEP,0,1603,391,29426,1,50,1717,0,0,0,0
244,0,1,1,ACCEPT,15.7097,2.2601,1616,0,1,0.9796,262.44,447.97,14.37,47.74,403.50,645.50,47.00,67.00,0.0000,242.73,1,-12,0.9812,MAX_STEP,0,1835,399,28312,1,50,1616,0,0,0,0
245,0,1,1,ACCEPT,17.4509,3.2152,1479,1,0,0.9696,262.89,447.97,14.37,47.74,426.00,656.00,22.00,86.00,0.0000,264.35,1,-14,0.8714,MAX_STEP,0,1515,384,29542,1,50,1479,0,0,0,0
246,0,1,1,ACCEPT,18.1397,3.0472,1743,-2,-1,0.7390,261.98,446.48,14.37,47.74,429.00,660.50,28.00,47.00,0.0000,271.47,1,-11,1.0434,MAX_STEP,0,1506,373,26905,1,50,1743,0,0,0,0
247,0,1,1,ACCEPT,14.0903,2.9776,1194,1,2,0.7320,262.44,449.45,14.37,47.74,422.00,661.50,32.00,51.00,0.0000,265.38,1,-11,0.9755,MAX_STEP,0,1772,422,30740,1,50,1194,0,0,0,0
248,0,1,1,ACCEPT,15.7131,2.8927,1536,1,1,0.8789,262.89,450.94,14.37,47.74,407.50,666.50,57.00,43.00,0.0000,259.57,1,-13,0.9322,MAX_STEP,0,1743,326,28924,1,50,1536,0,0,0,0
249,0,1,1,ACCEPT,16.1542,2.4819,1787,-2,-1,0.5870,261.98,449.45,14.37,47.74,410.50,672.00,51.00,72.00,0.0000,267.55,1,-12,0.9460,MAX_STEP,0,2248,385,24689,1,50,1787,0,0,0,0
250,0,1,1,ACCEPT,14.2827,2.3525,1348,-2,1,0.8435,261.08,450.94,14.37,47.74,432.50,673.00,37.00,92.00,0.0000,280.53,1,-9,1.0675,MAX_STEP,0,2258,419,27824,1,50,1348,0,0,0,0
251,0,1,1,ACCEPT,14.4809,3.5047,1500,1,-1,0.9473,261.53,449.45,14.37,47.74,431.50,681.00,35.00,44.00,0.0000,287.23,1,-11,0.9225,MAX_STEP,0,2795,467,28321,1,50,1500,0,0,0,0
252,0,1,1,ACCEPT,15.4812,3.2012,1623,-2,0,0.7948,260.62,449.45,14.37,47.74,417.00,675.50,30.00,71.00,0.0000,274.86,1,-7,1.3316,MAX_STEP,0,2506,418,31678,1,50,1623,0,0,0,0
253,0,1,1,ACCEPT,12.5887,2.4692,1163,0,0,1.0000,260.62,449.45,14.37,47.74,405.00,672.00,48.00,58.00,0.0000,265.28,1,-11,1.1016,MAX_STEP,0,2243,373,32767,1,50,1163,0,0,0,0
254,0,1,1,ACCEPT,14.3913,3.2113,1368,0,0,1.0000,260.62,449.45,14.37,47.74,399.50,671.50,57.00,77.00,0.0000,261.90,1,-10,1.0860,MAX_STEP,0,1964,407,32767,1,50,1368,0,0,0,0
255,0,1,1,ACCEPT,12.1012,2.8162,1287,-2,-1,0.8656,259.72,447.97,14.37,47.74,431.50,686.50,43.00,93.00,0.0000,293.95,1,-10,1.2102,MAX_STEP,0,1892,383,32767,1,50,1287,0,0,0,0
256,0,1,1,ACCEPT,12.8880,3.3957,1107,-2,1,0.7028,258.81,449.45,14.37,47.74,429.50,694.00,35.00,62.00,0.0000,298.22,1,-11,1.1724,MAX_STEP,0,1584,329,32767,1,50,1107,0,0,0,0
257,0,1,1,ACCEPT,12.5874,2.9076,1038,-1,1,0.8449,258.36,450.94,14.37,47.74,420.00,685.00,36.00,60.00,0.0000,284.45,1,-12,1.1825,MAX_STEP,0,1445,363,32767,1,50,1038,0,0,0,0
258,0,1,1,ACCEPT,14.0071,2.4447,1215,1,0,0.9638,258.81,450.94,14.37,47.74,404.50,670.50,41.00,71.00,0.0000,263.50,1,16,1.0628,AT_SEARCH_RAIL,0,1522,459,32767,1,50,1215,0,0,0,0
259,0,1,1,ACCEPT,9.2537,1.4913,941,-2,0,0.8268,257.91,450.94,14.37,47.74,402.50,661.00,47.00,52.00,0.0000,255.02,1,16,1.0986,AT_SEARCH_RAIL,0,1548,396,32767,1,50,941,0,0,0,0
260,0,1,1,ACCEPT,9.5589,2.0186,979,-5,2,0.2799,255.64,453.91,14.37,47.74,404.00,664.00,58.00,96.00,0.0000,257.20,1,16,0.9322,AT_SEARCH_RAIL,0,1381,362,32767,1,50,979,0,0,0,0
261,0,1,1,ACCEPT,6.9839,1.5011,659,-3,5,0.6131,254.28,461.33,14.37,47.74,427.00,675.00,48.00,80.00,0.0000,274.75,1,16,1.0086,AT_SEARCH_RAIL,0,1101,279,32767,1,50,659,0,0,0,0
262,0,1,1,ACCEPT,8.3886,1.7444,628,1,-4,0.5605,254.73,455.39,14.37,47.74,423.50,663.50,43.00,55.00,0.0000,267.94,1,14,0.9742,MAX_STEP,0,953,476,32767,1,50,628,0,0,0,0
263,0,1,1,ACCEPT,8.9829,1.7528,929,-1,-1,0.7922,254.28,453.91,14.37,47.74,407.50,647.00,39.00,78.00,0.0000,246.50,1,-16,1.0967,AT_SEARCH_RAIL,0,1388,343,32767,1,50,929,0,0,0,0
264,0,1,1,ACCEPT,9.5322,2.0441,695,1,-1,0.8460,254.73,452.42,14.37,47.74,394.50,636.50,55.00,59.00,0.0000,231.13,1,14,1.0518,MAX_STEP,0,978,343,32767,1,50,695,0,0,0,0
265,0,1,1,ACCEPT,6.6458,1.4966,440,3,-1,0.9114,256.09,450.94,14.37,47.74,398.50,615.50,53.00,91.00,0.0000,217.62,1,16,0.9800,AT_SEARCH_RAIL,0,957,280,32767,1,50,440,0,0,0,0
266,0,1,1,ACCEPT,6.2705,1.3862,463,-3,1,0.8920,254.73,452.42,14.37,47.74,416.00,607.00,50.00,94.00,0.0000,223.39,1,-4,1.2358,MAX_STEP,0,972,264,32767,1,50,463,0,0,0,0
267,0,1,1,ACCEPT,6.0047,1.2657,424,2,7,0.6580,255.64,462.81,14.37,47.74,424.00,605.00,50.00,68.00,0.0000,220.37,1,-6,0.8915,MAX_STEP,0,1062,501,25880,1,50,424,0,0,0,0
268,0,1,1,ACCEPT,4.3871,1.0362,286,4,-1,0.7587,257.45,461.33,14.37,47.74,412.50,587.00,43.00,60.00,0.0000,199.58,1,-13,0.8290,MAX_STEP,0,1162,406,24707,1,50,286,0,0,0,0
269,0,1,0,NEGATIVE_PEAK,-4.6710,1.0786,-247,9,-2,0.8502,257.45,461.33,14.37,47.74,395.00,577.50,40.00,73.00,0.0000,180.04,0,0,0.0000,NOT_RUN,0,822,339,0,1,50,247,0,0,0,0
270,0,1,1,ACCEPT,5.8915,1.0776,389,-4,5,0.7069,255.64,468.75,14.37,47.74,381.50,542.00,71.00,72.00,0.0000,145.62,1,-10,0.7812,MAX_STEP,0,1070,338,32767,1,50,389,0,0,0,0
271,0,1,1,ACCEPT,5.3458,1.1457,346,-2,-4,0.5954,254.73,462.81,14.37,47.74,386.00,522.50,58.00,91.00,0.0000,144.20,1,-7,1.0543,MAX_STEP,0,1219,454,16977,1,50,346,0,0,0,0
272,0,1,1,ACCEPT,8.4777,1.9915,235,0,0,1.0000,254.73,462.81,14.37,47.74,409.50,512.00,37.00,66.00,0.0000,162.39,1,-11,0.9462,MAX_STEP,0,496,498,13101,1,50,235,0,0,0,0
273,0,1,1,ACCEPT,5.4697,1.0930,141,2,-5,0.4539,255.64,455.39,14.37,47.74,412.50,491.50,49.00,67.00,0.0000,160.96,1,-12,0.9502,MAX_STEP,0,356,457,9253,1,50,141,0,0,0,0
274,0,1,1,ACCEPT,8.6360,2.0879,190,-1,1,0.9105,255.19,456.88,14.37,47.74,397.50,477.50,51.00,61.00,0.0000,143.80,1,-12,0.9509,MAX_STEP,0,401,344,32767,1,50,190,0,0,0,0
275,0,1,1,ACCEPT,9.5540,1.4267,652,1,1,0.7285,255.64,458.36,14.37,47.74,364.50,446.00,81.00,56.00,0.0000,109.56,1,-15,0.8520,MAX_STEP,0,786,520,28631,1,50,652,0,0,0,0
276,0,1,1,ACCEPT,7.5490,1.2937,414,1,-6,0.6208,256.09,449.45,14.37,47.74,370.00,421.50,76.00,63.00,0.0000,117.29,1,-8,1.2363,MAX_STEP,0,645,407,4320,1,50,414,0,0,0,0
277,0,1,1,ACCEPT,5.2937,1.1869,235,13,1,0.5957,261.98,450.94,14.37,47.74,378.50,396.50,37.00,71.00,0.0000,128.61,1,-4,1.4191,MAX_STEP,0,1190,1297,15173,1,50,235,0,0,0,0
278,0,1,1,ACCEPT,6.6554,1.3695,971,-14,-3,0.5427,255.64,446.48,14.37,47.74,398.50,378.50,41.00,69.00,0.0000,158.21,1,-8,1.2832,MAX_STEP,0,1926,1512,13878,1,50,971,0,0,0,0
279,0,1,1,ACCEPT,11.9083,2.0248,1553,-1,0,0.8789,255.19,446.48,14.37,47.74,394.50,352.50,47.00,69.00,0.0000,168.05,1,-9,1.2710,MAX_STEP,0,2207,1034,16999,1,50,1553,0,0,0,0
280,0,1,1,ACCEPT,10.2234,2.4485,1261,-1,-1,0.7748,254.73,445.00,14.37,47.74,350.00,317.50,68.00,59.00,0.0000,159.16,1,-9,1.2907,MAX_STEP,0,2051,1039,16308,1,50,1261,0,0,0,0
281,0,1,1,ACCEPT,11.1108,1.9871,1540,-2,0,0.7045,253.83,445.00,14.37,47.74,346.50,293.00,73.00,56.00,0.0000,178.02,1,-12,1.2585,MAX_STEP,0,2245,986,19225,1,50,1540,0,0,0,0
282,0,1,1,ACCEPT,13.3173,2.0966,1736,-2,-1,0.6296,252.92,443.52,14.37,47.74,350.50,267.00,61.00,58.00,0.0000,201.69,1,-7,1.4926,MAX_STEP,0,2357,828,19086,1,50,1736,0,0,0,0
283,0,1,1,ACCEPT,12.4581,2.0182,1328,-1,-1,0.9277,252.47,442.03,14.37,47.74,362.50,240.00,37.00,54.00,0.0000,230.05,1,-8,1.4097,MAX_STEP,0,1721,722,22174,1,50,1328,0,0,0,0
284,0,1,1,ACCEPT,13.4442,2.6029,1606,1,0,0.9788,252.92,442.03,14.37,47.74,366.50,216.50,19.00,55.00,0.0000,252.52,1,-14,1.1003,MAX_STEP,0,1687,621,26760,1,50,1606,0,0,0,0
285,0,1,1,ACCEPT,12.7965,2.4187,1681,-4,1,0.4313,251.11,443.52,14.37,47.74,351.50,161.00,15.00,60.00,0.0000,299.82,1,-9,1.3855,MAX_STEP,0,1889,479,26489,1,50,1681,0,0,0,0
286,0,1,1,ACCEPT,13.2532,2.0426,1295,1,1,0.8579,251.56,445.00,14.37,47.74,342.50,140.50,29.00,61.00,0.0000,317.79,1,-11,1.0679,MAX_STEP,0,1576,502,20932,1,50,1295,0,0,0,0
287,0,1,1,ACCEPT,14.8643,2.4872,1164,-1,1,0.9184,251.11,446.48,14.37,47.74,333.50,113.50,49.00,61.00,0.0000,343.03,1,-8,1.1793,MAX_STEP,0,1389,593,26185,1,50,1164,0,0,0,0
288,0,1,1,ACCEPT,15.9599,2.5548,1584,0,-1,0.9804,251.11,445.00,14.37,47.74,316.00,86.00,72.00,60.00,0.0000,364.82,1,-11,1.1413,MAX_STEP,0,1464,518,21998,1,50,1584,0,0,0,0
0,0,0,0,ZERO_RESPONSE,0.0000,0.0000,0,0,0,0.0000,399.00,630.00,30.00,62.00,399.00,630.00,30.00,62.00,1.0000,0.00,1,0,0.0000,NOT_RUN,0,0,248,13679,2,100,0,0,0,0,0
1,0,1,1,ACCEPT,6.3815,1.4134,400,-2,1,0.9150,397.12,631.94,30.00,62.00,391.00,614.50,50.00,71.00,0.3738,18.48,1,0,3.1918,ACCEPT,0,1058,318,9949,2,100,400,0,0,0,0
2,0,1,1,ACCEPT,5.9410,1.3067,835,2,-6,0.4826,399.00,620.31,31.20,64.48,395.50,628.00,41.00,72.00,0.6145,8.45,1,1,2.1066,ACCEPT,0,1905,347,12120,2,100,835,0,0,0,0
3,0,1,1,ACCEPT,6.1244,1.1057,1611,-2,0,0.6698,397.06,620.31,32.45,67.06,404.00,626.50,22.00,57.00,0.4932,9.30,1,1,2.3398,ACCEPT,0,5373,395,16536,2,100,1611,0,0,0,0
4,0,1,1,ACCEPT,5.8998,1.0409,2800,-5,8,0.1143,391.98,637.06,32.45,67.06,399.00,633.00,30.00,62.00,0.5691,8.11,1,0,3.2979,ACCEPT,0,5636,291,14474,2,100,2800,0,0,0,0
5,0,1,1,ACCEPT,6.7884,1.2231,2286,-3,-1,0.2213,388.94,634.97,32.45,67.06,390.50,624.50,37.00,67.00,0.6509,10.58,1,0,3.1071,ACCEPT,0,4209,522,9747,2,100,2286,0,0,0,0
6,0,1,0,NEGATIVE_PEAK,-6.8450,1.1764,-1687,-7,5,0.3373,388.94,634.97,32.45,67.06,382.50,620.00,45.00,52.00,0.4675,16.29,0,0,0.0000,NOT_RUN,0,4330,298,0,2,100,1687,0,0,0,0
7,0,1,1,ACCEPT,5.1843,1.0014,1434,3,-4,0.1674,391.98,626.59,32.45,67.06,382.00,628.00,44.00,80.00,0.4981,10.08,1,0,2.9140,ACCEPT,0,3070,359,18717,2,100,1434,0,0,0,0
8,0,1,1,ACCEPT,8.3916,1.3554,5061,-12,-1,0.2754,379.80,624.50,33.75,69.74,386.50,639.00,21.00,80.00,0.4480,15.97,1,1,2.9723,ACCEPT,0,7315,500,20754,2,100,5061,0,0,0,0
9,0,1,1,ACCEPT,7.0581,1.0877,6055,-7,3,0.6991,372.47,631.02,33.75,69.74,385.50,635.50,27.00,57.00,0.3404,13.78,1,0,3.4032,ACCEPT,0,11876,451,22675,2,100,6055,0,0,0,0
10,0,1,1,ACCEPT,6.0123,1.0000,4710,-13,12,0.0412,358.86,657.08,33.75,69.74,372.00,635.00,30.00,48.00,0.2220,25.69,1,0,3.1052,ACCEPT,0,12299,406,12053,2,100,4710,0,0,0,0
11,0,1,0,NEGATIVE_PEAK,-4.8375,1.0972,-2257,3,-1,0.6309,358.86,657.08,33.75,69.74,358.50,621.00,51.00,58.00,0.2144,36.08,0,0,0.0000,NOT_RUN,0,7544,303,0,2,100,2257,0,0,0,0
12,0,1,1,ACCEPT,5.9925,1.0846,3014,-8,12,0.4894,350.48,683.14,33.75,69.74,361.00,629.00,42.00,84.00,0.1182,55.15,1,0,3.1871,ACCEPT,0,6904,296,11792,2,100,3014,0,0,0,0
13,0,1,1,ACCEPT,7.0073,1.1498,2824,-9,13,0.4710,341.06,711.38,33.75,69.74,361.50,623.00,25.00,80.00,0.0000,90.71,1,0,2.9332,ACCEPT,0,4538,382,12443,2,100,2824,0,0,0,0
14,0,1,1,ACCEPT,5.6928,1.1443,1642,8,-11,0.0341,349.44,687.48,33.75,69.74,356.50,642.00,25.00,52.00,0.1037,46.03,1,0,3.0916,ACCEPT,0,4982,655,10205,2,100,1642,0,0,0,0
15,0,1,1,ACCEPT,7.6969,1.1790,4282,0,-4,0.7468,349.44,678.80,33.75,69.74,347.50,638.00,39.00,42.00,0.1461,40.84,1,0,3.4750,ACCEPT,0,9639,573,11383,2,100,4282,0,0,0,0
16,0,1,1,ACCEPT,7.2103,1.3227,3406,-1,3,0.7648,348.39,685.31,33.75,69.74,333.50,621.50,59.00,41.00,0.0000,65.53,1,0,2.6153,ACCEPT,0,8801,427,11979,2,100,3406,0,0,0,0
17,0,1,0,NEGATIVE_PEAK,-6.4907,1.0836,-2618,-5,17,0.3296,348.39,685.31,33.75,69.74,332.00,619.50,50.00,71.00,0.0201,67.82,0,0,0.0000,NOT_RUN,0,4628,297,0,2,100,2618,0,0,0,0
18,0,1,1,ACCEPT,8.6820,1.5593,2894,9,-4,0.1030,357.81,676.62,33.75,69.74,330.00,631.50,32.00,89.00,0.0345,53.01,1,0,3.3621,ACCEPT,0,5292,302,13346,2,100,2894,0,0,0,0
19,0,1,1,ACCEPT,7.9591,1.1362,4387,0,8,0.5288,357.81,694.00,32.45,67.06,327.00,646.00,22.00,80.00,0.0000,57.04,1,-1,2.9072,ACCEPT,0,5676,276,13996,2,100,4387,0,0,0,0
20,0,1,1,ACCEPT,10.7153,2.0695,4137,0,-1,0.9019,357.81,691.91,32.45,67.06,322.00,640.00,32.00,54.00,0.0000,63.06,1,0,3.0290,ACCEPT,0,6076,398,14003,2,100,4137,0,0,0,0
21,0,1,1,ACCEPT,5.6026,1.0640,2994,0,-2,0.8246,357.81,687.72,33.75,69.74,299.00,615.50,50.00,47.00,0.0000,93.14,1,1,2.1565,ACCEPT,0,8491,391,12818,2,100,2994,0,0,0,0
22,0,1,1,ACCEPT,6.9696,1.1555,3871,4,4,0.2423,362.00,696.41,33.75,69.74,296.50,614.50,51.00,49.00,0.0000,104.88,1,0,2.8003,ACCEPT,0,6935,342,8354,2,100,3871,0,0,0,0
23,0,1,1,ACCEPT,5.5689,1.0948,1443,7,2,0.0457,369.33,700.75,33.75,69.74,302.00,627.50,38.00,61.00,0.0000,99.49,1,0,3.0564,ACCEPT,0,3624,346,8520,2,100,1443,0,0,0,0
24,0,1,1,ACCEPT,9.7906,1.4489,1830,0,-1,0.9311,369.33,698.58,33.75,69.74,302.00,630.50,28.00,85.00,0.0000,95.75,1,1,1.8533,LOW_CONF,0,3046,199,9540,2,100,1830,0,0,0,0
25,0,1,1,ACCEPT,8.4561,1.4970,2503,-1,2,0.5110,368.28,702.92,33.75,69.74,297.50,641.50,25.00,67.00,0.0000,93.72,1,0,3.0623,ACCEPT,0,5495,332,7050,2,100,2503,0,0,0,0
26,0,1,1,ACCEPT,10.1014,1.3579,2284,-2,2,0.7067,366.19,707.27,33.75,69.74,282.50,620.50,45.00,57.00,0.0000,120.55,1,0,3.0360,ACCEPT,0,3351,365,9781,2,100,2284,0,0,0,0
27,0,1,1,ACCEPT,6.3099,1.2315,1713,6,3,0.6381,372.47,713.78,33.75,69.74,278.00,610.50,54.00,55.00,0.0000,139.97,1,0,2.8366,ACCEPT,0,4971,341,14874,2,100,1713,0,0,0,0
28,0,1,1,ACCEPT,7.8402,1.0739,3618,-6,1,0.5343,366.19,715.95,33.75,69.74,274.50,614.00,59.00,42.00,0.0000,137.12,1,0,2.8453,ACCEPT,0,9851,453,14362,2,100,3618,0,0,0,0
29,0,1,1,ACCEPT,7.0438,1.2090,4679,-1,2,0.4518,365.14,720.30,33.75,69.74,275.00,618.00,60.00,44.00,0.0000,136.35,1,0,3.2150,ACCEPT,0,11547,409,10976,2,100,4679,0,0,0,0
30,0,1,1,ACCEPT,9.0049,1.7737,3542,-3,1,0.8405,362.00,722.47,33.75,69.74,276.50,633.50,39.00,55.00,0.0000,123.39,1,0,3.2016,ACCEPT,0,5869,334,7728,2,100,3542,0,0,0,0
31,0,1,1,ACCEPT,10.7460,1.5057,2382,-4,3,0.6524,357.81,728.98,33.75,69.74,272.00,629.00,46.00,52.00,0.0000,131.76,1,0,3.2802,ACCEPT,0,3125,353,11033,2,100,2382,0,0,0,0
32,0,1,1,ACCEPT,10.3129,1.9656,3147,-1,0,0.9501,356.77,728.98,33.75,69.74,261.50,610.50,59.00,45.00,0.0000,152.03,1,0,3.0089,ACCEPT,0,5395,438,11771,2,100,3147,0,0,0,0
33,0,1,1,ACCEPT,11.2425,2.2436,3657,-4,2,0.2650,352.58,733.33,33.75,69.74,260.50,602.50,59.00,53.00,0.0000,159.98,1,0,3.1047,ACCEPT,0,5494,407,11971,2,100,3657,0,0,0,0
34,0,1,1,ACCEPT,9.4615,1.2335,3634,-3,1,0.3621,349.44,735.50,33.75,69.74,261.50,599.50,53.00,51.00,0.0000,161.95,1,0,3.1872,ACCEPT,0,5075,314,10700,2,100,3634,0,0,0,0
35,0,1,1,ACCEPT,7.5541,1.7558,2409,-3,-1,0.6318,346.30,733.33,33.75,69.74,260.50,603.50,51.00,59.00,0.0000,155.62,1,0,3.2156,ACCEPT,0,5406,441,6772,2,100,2409,0,0,0,0
36,0,1,1,ACCEPT,9.0708,1.4603,2078,-6,1,0.5005,340.02,735.50,33.75,69.74,271.00,622.00,22.00,70.00,0.0000,132.84,1,0,3.4813,ACCEPT,0,3947,436,7356,2,100,2078,0,0,0,0
37,0,1,1,ACCEPT,12.6698,1.5419,3144,-1,2,0.5159,338.97,739.84,33.75,69.74,266.50,615.00,21.00,72.00,0.0000,144.35,1,0,3.0314,ACCEPT,0,3475,301,10316,2,100,3144,0,0,0,0
38,0,1,1,ACCEPT,12.5848,2.6713,3657,-1,1,0.8389,337.92,742.02,32.45,67.06,263.00,613.50,30.00,67.00,0.0000,148.76,1,-1,2.6644,ACCEPT,0,4254,316,11270,2,100,3657,0,0,0,0
39,0,1,1,ACCEPT,13.9665,2.3074,4271,-3,1,0.5757,334.88,744.11,32.45,67.06,254.00,607.00,42.00,54.00,0.0000,159.18,1,0,3.0514,ACCEPT,0,7831,368,13045,2,100,4271,0,0,0,0
40,0,1,1,ACCEPT,9.0114,1.5827,4142,-2,0,0.7545,332.84,744.11,32.45,67.06,257.50,604.50,43.00,67.00,0.0000,158.64,1,0,3.0847,ACCEPT,0,6998,393,7842,2,100,4142,0,0,0,0
41,0,1,1,ACCEPT,9.6331,1.5618,2096,-5,1,0.4461,327.77,746.20,32.45,67.06,268.00,616.00,26.00,88.00,0.0000,143.26,1,0,3.3870,ACCEPT,0,3887,493,8879,2,100,2096,0,0,0,0
42,0,1,1,ACCEPT,10.4644,1.9134,3913,-4,0,0.6185,323.70,746.20,32.45,67.06,278.00,624.50,32.00,71.00,0.0000,130.00,1,0,3.1951,ACCEPT,0,6256,513,8924,2,100,3913,0,0,0,0
43,0,1,1,ACCEPT,12.5619,1.3048,4653,0,1,0.9819,323.70,748.30,32.45,67.06,274.50,623.00,25.00,58.00,0.0000,134.61,1,0,3.2683,ACCEPT,0,5230,522,10379,2,100,4653,0,0,0,0
44,0,1,1,ACCEPT,10.7654,1.6996,4300,0,0,1.0000,323.70,748.30,32.45,67.06,270.00,615.50,22.00,71.00,0.0000,143.24,1,0,2.8803,ACCEPT,0,5954,533,8854,2,100,4300,0,0,0,0
45,0,1,1,ACCEPT,9.2507,1.6895,2889,-2,1,0.5594,321.67,750.39,32.45,67.06,260.50,612.50,31.00,73.00,0.0000,150.85,1,0,3.4094,ACCEPT,0,5028,502,8778,2,100,2889,0,0,0,0
46,0,1,1,ACCEPT,15.8264,2.4433,4437,-3,1,0.4690,318.62,752.48,32.45,67.06,268.00,615.00,26.00,64.00,0.0000,146.51,1,0,2.9959,ACCEPT,0,3811,447,8335,2,100,4437,0,0,0,0
47,0,1,1,ACCEPT,11.4730,1.6530,2706,3,-1,0.6419,321.67,750.39,32.45,67.06,269.00,615.00,26.00,78.00,0.0000,145.28,1,0,3.2005,ACCEPT,0,3377,284,11153,2,100,2706,0,0,0,0
48,0,1,1,ACCEPT,12.4521,1.6332,3825,1,0,0.9639,322.69,750.39,32.45,67.06,273.00,615.50,24.00,83.00,0.0000,143.75,1,0,2.8154,ACCEPT,0,6777,650,10004,2,100,3825,0,0,0,0
49,0,1,1,ACCEPT,16.0500,3.1558,5450,0,0,1.0000,322.69,750.39,32.45,67.06,280.00,618.00,26.00,86.00,0.0000,139.10,1,0,2.8585,ACCEPT,0,6113,417,10404,2,100,5450,0,0,0,0
50,0,1,1,ACCEPT,10.2707,2.1356,3669,1,1,0.9635,323.70,752.48,32.45,67.06,289.50,620.50,33.00,81.00,0.0000,136.34,1,0,2.8775,ACCEPT,0,5733,422,10026,2,100,3669,0,0,0,0
51,0,1,1,ACCEPT,8.6987,1.7119,2852,2,-2,0.7230,325.73,748.30,32.45,67.06,296.50,619.00,29.00,62.00,0.0000,132.56,1,0,3.5032,ACCEPT,0,6834,456,9834,2,100,2852,0,0,0,0
52,0,1,1,ACCEPT,10.6171,1.5239,4177,2,0,0.8348,327.77,748.30,32.45,67.06,293.50,619.50,25.00,61.00,0.0000,133.28,1,0,3.0215,ACCEPT,0,7540,425,8660,2,100,4177,0,0,0,0
53,0,1,1,ACCEPT,11.1866,1.7833,4346,-3,8,0.4995,324.72,765.05,32.45,67.06,296.50,615.00,35.00,58.00,0.0000,152.68,1,0,3.1906,ACCEPT,0,5494,485,8481,2,100,4346,0,0,0,0
54,0,1,0,NEGATIVE_PEAK,-7.8298,1.2073,-1846,-16,3,0.2324,324.72,765.05,32.45,67.06,300.50,612.00,37.00,62.00,0.0000,154.95,0,0,0.0000,NOT_RUN,0,3902,606,0,2,100,1846,0,0,0,0
55,0,1,1,ACCEPT,6.2229,1.0341,1547,-9,-3,0.1332,315.58,758.77,32.45,67.06,309.50,620.00,33.00,70.00,0.0000,138.90,1,0,3.4240,ACCEPT,0,3572,456,7453,2,100,1547,0,0,0,0
56,0,1,0,NEGATIVE_PEAK,-5.4241,1.1640,-575,4,8,0.2643,315.58,758.77,32.45,67.06,336.00,625.00,28.00,76.00,0.0000,135.32,0,0,0.0000,NOT_RUN,0,2054,900,0,2,100,575,0,0,0,0
57,0,1,0,NEGATIVE_PEAK,-5.8224,1.2306,-651,3,6,0.1029,315.58,758.77,32.45,67.06,339.00,632.00,16.00,64.00,0.0000,128.91,0,0,0.0000,NOT_RUN,0,2221,872,0,2,100,651,0,0,0,0
58,0,1,0,NEGATIVE_PEAK,-10.5411,1.1812,-1845,2,6,0.1810,315.58,758.77,32.45,67.06,341.50,623.50,23.00,79.00,0.0000,137.73,0,0,0.0000,NOT_RUN,0,2490,553,0,2,100,1845,0,0,0,0
59,0,1,0,NEGATIVE_PEAK,-10.9887,1.1981,-1941,-1,-3,0.3833,315.58,758.77,32.45,67.06,340.50,620.50,37.00,73.00,0.0000,140.49,0,0,0.0000,NOT_RUN,0,2250,415,0,2,100,1941,0,0,0,0
60,0,1,0,NEGATIVE_PEAK,-10.8754,1.5834,-1262,8,5,0.0547,315.58,758.77,32.45,67.06,350.00,626.50,32.00,81.00,0.0000,136.67,0,0,0.0000,NOT_RUN,0,1686,350,0,2,100,1262,0,0,0,0
61,0,1,1,ACCEPT,5.7235,1.1103,614,-7,-1,0.3453,308.47,756.67,32.45,67.06,370.00,644.00,22.00,72.00,0.0000,128.38,1,0,3.0930,ACCEPT,0,2508,646,11024,2,100,614,0,0,0,0
62,0,1,1,ACCEPT,6.7036,1.2908,870,1,-1,0.8966,309.48,754.58,32.45,67.06,371.50,640.00,23.00,80.00,0.0000,130.28,1,0,3.1381,ACCEPT,0,2401,466,14131,2,100,870,0,0,0,0
63,0,1,1,ACCEPT,8.0286,1.5717,899,-1,0,0.9766,308.47,754.58,32.45,67.06,373.50,637.50,25.00,77.00,0.0000,133.93,1,0,3.2300,ACCEPT,0,2143,323,17350,2,100,899,0,0,0,0
64,0,1,0,NEGATIVE_PEAK,-11.1764,1.7206,-1743,10,2,0.5479,308.47,754.58,32.45,67.06,376.00,641.50,28.00,89.00,0.0000,131.71,0,0,0.0000,NOT_RUN,0,2295,257,0,2,100,1743,0,0,0,0
65,0,1,1,ACCEPT,7.5208,1.1580,931,0,-3,0.8690,308.47,748.30,32.45,67.06,383.50,651.50,31.00,71.00,0.0000,122.47,1,0,3.2742,ACCEPT,0,2392,347,17237,2,100,931,0,0,0,0
66,0,1,1,ACCEPT,8.1039,1.2708,962,1,-1,0.9158,309.48,746.20,32.45,67.06,377.50,646.00,47.00,62.00,0.0000,121.11,1,0,3.1284,ACCEPT,0,2181,303,19774,2,100,962,0,0,0,0
67,0,1,1,ACCEPT,7.6784,1.4104,1000,0,0,1.0000,309.48,746.20,32.45,67.06,379.50,645.50,49.00,51.00,0.0000,122.65,1,0,3.3428,ACCEPT,0,2403,311,19465,2,100,1000,0,0,0,0
68,0,1,1,ACCEPT,7.5488,1.2543,883,0,3,0.9253,309.48,752.48,32.45,67.06,385.50,644.50,39.00,77.00,0.0000,132.06,1,0,3.2374,ACCEPT,0,2130,296,18271,2,100,883,0,0,0,0
69,0,1,1,ACCEPT,7.8278,1.4187,803,0,0,1.0000,309.48,752.48,32.45,67.06,399.00,655.00,22.00,62.00,0.0000,132.35,1,0,3.1967,ACCEPT,0,1778,263,16662,2,100,803,0,0,0,0
70,0,1,1,ACCEPT,7.9936,1.4769,703,1,-1,0.8762,310.50,750.39,32.45,67.06,394.00,654.00,46.00,62.00,0.0000,127.53,1,0,3.2052,ACCEPT,0,1460,283,16843,2,100,703,0,0,0,0
71,0,1,1,ACCEPT,9.4806,1.5544,757,-2,0,0.3937,308.47,750.39,32.45,67.06,393.00,651.50,48.00,41.00,0.0000,130.10,1,0,2.6654,ACCEPT,0,1345,282,18049,2,100,757,0,0,0,0
72,0,1,1,ACCEPT,8.3544,1.5026,870,1,0,0.5563,309.48,750.39,32.45,67.06,394.50,650.00,49.00,58.00,0.0000,131.55,1,0,3.1228,ACCEPT,0,1927,313,18823,2,100,870,0,0,0,0
73,0,1,1,ACCEPT,9.0234,1.4479,1015,2,0,0.3803,311.52,750.39,32.45,67.06,403.00,651.50,40.00,87.00,0.0000,134.72,1,0,3.1359,ACCEPT,0,2138,317,18322,2,100,1015,0,0,0,0
74,0,1,1,ACCEPT,8.2269,1.3267,735,-1,-1,0.7551,310.50,748.30,32.45,67.06,412.50,650.50,21.00,67.00,0.0000,141.31,1,0,2.6181,ACCEPT,0,1404,262,20291,2,100,735,0,0,0,0
75,0,1,1,ACCEPT,7.8819,1.8383,921,1,-1,0.5548,311.52,746.20,32.45,67.06,402.50,646.50,35.00,51.00,0.0000,134.98,1,0,2.6232,ACCEPT,0,1727,260,18956,2,100,921,0,0,0,0
76,0,1,1,ACCEPT,8.9517,1.9435,791,1,0,0.9279,312.53,746.20,32.45,67.06,395.50,636.50,43.00,47.00,0.0000,137.54,1,0,2.8612,ACCEPT,0,1628,245,18770,2,100,791,0,0,0,0
77,0,1,1,ACCEPT,8.1208,1.4097,695,-1,-2,0.7626,311.52,742.02,32.45,67.06,398.00,641.00,36.00,78.00,0.0000,132.98,1,0,2.6239,ACCEPT,0,1645,239,20914,2,100,695,0,0,0,0
78,0,1,1,ACCEPT,8.9727,1.4173,805,-1,1,0.9578,310.50,744.11,31.20,64.48,399.50,647.50,17.00,79.00,0.0000,131.36,1,-1,2.7167,ACCEPT,0,1677,237,20911,2,100,805,0,0,0,0
79,0,1,1,ACCEPT,10.8969,1.5997,971,0,-1,0.9918,310.50,742.09,31.20,64.48,401.00,639.00,22.00,52.00,0.0000,137.18,1,0,2.9273,ACCEPT,0,1629,248,20519,2,100,971,0,0,0,0
80,0,1,1,ACCEPT,6.3425,1.1634,662,-1,1,0.9517,309.53,744.11,31.20,64.48,385.00,633.50,38.00,69.00,0.0000,133.90,1,0,2.8254,ACCEPT,0,1651,230,23509,2,100,662,0,0,0,0
81,0,1,0,NEGATIVE_PEAK,-12.0643,2.0745,-2477,-9,3,0.3686,309.53,744.11,31.20,64.48,380.00,630.00,40.00,60.00,0.0000,134.11,0,0,0.0000,NOT_RUN,0,3450,257,0,2,100,2477,0,0,0,0
82,0,1,1,ACCEPT,6.5431,1.2046,1089,-1,20,0.4683,308.56,784.42,31.20,64.48,382.50,632.50,35.00,81.00,0.0000,168.96,1,0,3.0225,ACCEPT,0,1941,339,22747,2,100,1089,0,0,0,0
83,0,1,1,ACCEPT,10.5773,1.3092,2384,9,5,0.1850,317.28,794.50,31.20,64.48,381.50,632.00,25.00,72.00,0.0000,174.73,1,0,3.5525,ACCEPT,0,2888,208,19967,2,100,2384,0,0,0,0
84,0,1,1,ACCEPT,7.7594,1.1393,1366,14,3,0.2584,330.84,800.55,31.20,64.48,378.50,628.50,23.00,57.00,0.0000,178.53,1,-16,1.6491,AT_SEARCH_RAIL,0,3256,155,16864,2,100,1366,0,0,0,0
85,0,1,1,ACCEPT,8.2990,1.7027,1117,3,-15,0.2641,333.75,770.31,31.20,64.48,364.00,627.50,38.00,71.00,0.0000,145.98,1,0,2.6830,ACCEPT,0,2157,221,31837,2,100,1117,0,0,0,0
86,0,1,1,ACCEPT,11.0703,1.7400,7943,0,0,1.0000,333.75,770.31,31.20,64.48,354.50,620.00,47.00,54.00,0.0000,151.74,1,0,2.7434,ACCEPT,0,13141,328,19099,2,100,7943,0,0,0,0
87,0,1,1,ACCEPT,15.6103,2.2994,7848,2,0,0.8349,335.69,770.31,31.20,64.48,352.50,624.50,43.00,59.00,0.0000,146.78,1,0,2.4286,ACCEPT,0,7356,256,15005,2,100,7848,0,0,0,0
88,0,1,1,ACCEPT,10.1574,1.2819,5534,1,-1,0.9771,336.66,768.30,31.20,64.48,352.00,620.50,36.00,89.00,0.0000,148.59,1,0,3.1896,ACCEPT,0,8794,375,16159,2,100,5534,0,0,0,0
89,0,1,1,ACCEPT,9.4594,1.4918,5472,3,1,0.6743,339.56,770.31,31.20,64.48,352.50,626.00,21.00,92.00,0.0000,144.89,1,0,3.1277,ACCEPT,0,10606,531,16116,2,100,5472,0,0,0,0
90,0,1,1,ACCEPT,7.6492,1.4638,4788,6,4,0.0292,345.38,778.38,31.20,64.48,338.50,631.00,25.00,54.00,0.0000,147.54,1,0,3.0299,ACCEPT,0,9351,398,17182,2,100,4788,0,0,0,0
91,0,1,1,ACCEPT,7.2125,1.1672,4188,4,1,0.3493,349.25,780.39,31.20,64.48,330.00,616.00,34.00,62.00,0.0000,165.51,1,0,2.8896,ACCEPT,0,9582,536,20027,2,100,4188,0,0,0,0
92,0,1,1,ACCEPT,9.9811,1.8759,6016,1,0,0.9982,350.22,780.39,31.20,64.48,321.00,608.50,44.00,43.00,0.0000,174.36,1,0,2.6171,ACCEPT,0,9422,551,19190,2,100,6016,0,0,0,0
93,0,1,1,ACCEPT,11.7765,1.9249,7178,1,1,0.9383,351.19,782.41,31.20,64.48,321.00,612.00,42.00,60.00,0.0000,173.06,1,0,2.6315,ACCEPT,0,8473,389,17504,2,100,7178,0,0,0,0
94,0,1,1,ACCEPT,13.0644,2.1560,6026,0,2,0.5221,351.19,786.44,31.20,64.48,321.50,616.00,33.00,78.00,0.0000,173.00,1,0,2.7787,ACCEPT,0,6149,327,17003,2,100,6026,0,0,0,0
95,0,1,1,ACCEPT,13.1698,2.1936,5859,4,6,0.0652,355.06,798.53,31.20,64.48,326.00,629.00,22.00,68.00,0.0000,172.00,1,0,2.8918,ACCEPT,0,7170,391,14581,2,100,5859,0,0,0,0
96,0,1,1,ACCEPT,12.7706,2.1585,5284,2,0,0.8263,357.00,798.53,31.20,64.48,320.00,629.50,28.00,59.00,0.0000,173.03,1,0,3.0320,ACCEPT,0,6436,466,17387,2,100,5284,0,0,0,0
97,0,1,1,ACCEPT,12.0094,2.5047,7384,3,1,0.5328,359.91,800.55,31.20,64.48,312.00,623.50,26.00,61.00,0.0000,183.41,1,0,3.0556,ACCEPT,0,9261,436,19079,2,100,7384,0,0,0,0
98,0,1,1,ACCEPT,12.5283,2.5072,6995,3,0,0.5997,362.81,800.55,31.20,64.48,304.50,614.00,27.00,66.00,0.0000,195.45,1,0,3.1305,ACCEPT,0,8470,415,14557,2,100,6995,0,0,0,0
99,0,1,1,ACCEPT,11.7747,2.1329,4526,4,1,0.3526,366.69,802.56,31.20,64.48,300.50,609.00,33.00,54.00,0.0000,204.57,1,0,3.1364,ACCEPT,0,6802,492,12503,2,100,4526,0,0,0,0
100,0,1,1,ACCEPT,8.7040,1.9648,2564,9,3,0.0577,375.41,808.61,31.20,64.48,305.00,613.50,28.00,77.00,0.0000,207.42,1,0,3.0468,ACCEPT,0,5402,514,11880,2,100,2564,0,0,0,0
101,0,1,1,ACCEPT,9.7582,1.8360,2732,3,1,0.7376,378.31,810.62,31.20,64.48,313.50,617.50,19.00,85.00,0.0000,203.71,1,0,3.2711,ACCEPT,0,3924,376,11126,2,100,2732,0,0,0,0
102,0,1,1,ACCEPT,11.1762,1.9905,2526,4,1,0.2549,382.19,812.64,31.20,64.48,313.00,626.50,20.00,71.00,0.0000,198.58,1,0,2.7092,ACCEPT,0,2919,693,11079,2,100,2526,0,0,0,0
103,0,1,1,ACCEPT,14.5059,2.0831,5139,5,1,0.1995,387.03,814.66,31.20,64.48,313.50,628.50,15.00,59.00,0.0000,200.15,1,0,2.9287,ACCEPT,0,4553,545,11251,2,100,5139,0,0,0,0
104,0,1,1,ACCEPT,13.0687,1.8928,5031,1,1,0.9424,388.00,816.67,31.20,64.48,307.00,624.50,20.00,59.00,0.0000,208.55,1,0,3.2549,ACCEPT,0,6539,443,11077,2,100,5031,0,0,0,0
105,0,1,1,ACCEPT,5.0208,1.0351,2212,-19,7,0.6573,369.59,830.78,31.20,64.48,300.50,609.00,39.00,56.00,0.0000,232.29,1,0,3.3127,ACCEPT,0,7131,522,12062,2,100,2212,0,0,0,0
106,0,1,1,ACCEPT,10.4292,1.7977,2026,13,7,0.1678,382.19,844.89,31.20,64.48,308.00,611.50,34.00,61.00,0.0000,244.90,1,0,3.3788,ACCEPT,0,2495,446,16821,2,100,2026,0,0,0,0
107,0,1,0,NEGATIVE_PEAK,-5.5322,1.1715,-1004,-2,6,0.0996,382.19,844.89,31.20,64.48,319.00,618.50,18.00,67.00,0.0000,235.04,0,0,0.0000,NOT_RUN,0,3241,334,0,2,100,1004,0,0,0,0
108,0,1,0,NEGATIVE_PEAK,-5.7655,1.2609,-1184,-3,4,0.3100,382.19,844.89,31.20,64.48,325.00,612.50,20.00,47.00,0.0000,239.32,0,0,0.0000,NOT_RUN,0,3774,341,0,2,100,1184,0,0,0,0
109,0,1,0,NEGATIVE_PEAK,-5.5764,1.1404,-1145,-2,3,0.1939,382.19,844.89,31.20,64.48,328.50,621.50,19.00,59.00,0.0000,229.75,0,0,0.0000,NOT_RUN,0,3624,297,0,2,100,1145,0,0,0,0
110,0,1,0,NEGATIVE_PEAK,-15.4026,1.2935,-3971,6,0,0.1254,382.19,844.89,31.20,64.48,324.50,607.00,19.00,58.00,0.0000,244.79,0,0,0.0000,NOT_RUN,0,3216,226,0,2,100,3971,0,0,0,0
111,0,1,0,NEGATIVE_PEAK,-5.6845,1.4164,-1051,-3,5,0.5176,382.19,844.89,31.20,64.48,323.50,601.50,25.00,57.00,0.0000,250.37,0,0,0.0000,NOT_RUN,0,3041,226,0,2,100,1051,0,0,0,0
112,0,1,0,NEGATIVE_PEAK,-5.0358,1.1218,-1004,-4,6,0.8914,382.19,844.89,31.20,64.48,325.00,608.00,30.00,44.00,0.0000,243.70,0,0,0.0000,NOT_RUN,0,3336,235,0,2,100,1004,0,0,0,0
113,0,1,1,ACCEPT,5.5949,1.3307,1022,-1,1,0.8376,381.22,846.91,31.20,64.48,331.00,608.00,28.00,70.00,0.0000,244.13,1,0,2.9938,ACCEPT,0,2809,222,9042,2,100,1022,0,0,0,0
114,0,1,1,ACCEPT,5.6348,1.2304,566,-1,-3,0.4399,380.25,840.86,31.20,64.48,345.00,622.00,26.00,66.00,0.0000,221.68,1,0,3.0497,ACCEPT,0,1267,219,10489,2,100,566,0,0,0,0
115,0,1,0,NEGATIVE_PEAK,-11.2614,1.2731,-1711,9,10,0.0538,380.25,840.86,31.20,64.48,343.50,621.00,25.00,48.00,0.0000,222.91,0,0,0.0000,NOT_RUN,0,1865,215,0,2,100,1711,0,0,0,0
116,0,1,1,ACCEPT,4.7788,1.0911,575,-3,-3,0.7304,377.34,834.81,31.20,64.48,337.50,607.50,43.00,39.00,0.0000,230.78,1,0,3.0999,ACCEPT,0,1730,244,9893,2,100,575,0,0,0,0
117,0,1,0,NEGATIVE_PEAK,-5.1393,1.0144,-632,-6,-9,0.2168,377.34,834.81,31.20,64.48,342.00,612.00,48.00,62.00,0.0000,225.60,0,0,0.0000,NOT_RUN,0,1749,260,0,2,100,632,0,0,0,0
118,0,1,0,NEGATIVE_PEAK,-5.3889,1.1634,-655,-7,-10,0.4595,377.34,834.81,31.20,64.48,351.00,620.00,42.00,80.00,0.0000,216.42,0,0,0.0000,NOT_RUN,0,1746,270,0,2,100,655,0,0,0,0
119,0,1,1,ACCEPT,9.7607,1.6667,1430,12,11,0.4888,388.97,856.98,31.20,64.48,372.50,632.00,47.00,70.00,0.0000,225.59,1,0,2.9158,ACCEPT,0,1824,230,15678,2,100,1430,0,0,0,0
120,0,1,0,NEGATIVE_PEAK,-7.6865,1.1261,-2947,-18,3,0.0994,388.97,856.98,31.20,64.48,365.50,629.00,21.00,56.00,0.0000,229.19,0,0,0.0000,NOT_RUN,0,3965,401,0,2,100,2947,0,0,0,0
121,0,1,0,NEGATIVE_PEAK,-8.9298,1.4349,-3009,-13,9,0.4254,388.97,856.98,31.20,64.48,363.50,620.00,39.00,52.00,0.0000,238.35,0,0,0.0000,NOT_RUN,0,3730,380,0,2,100,3009,0,0,0,0
122,0,1,0,NEGATIVE_PEAK,-11.7085,1.4447,-3187,0,14,0.0132,388.97,856.98,31.20,64.48,366.00,623.00,40.00,64.00,0.0000,235.11,0,0,0.0000,NOT_RUN,0,3098,357,0,2,100,3187,0,0,0,0
123,0,1,1,ACCEPT,9.5498,1.4688,2632,1,-9,0.1318,389.94,838.84,31.20,64.48,376.50,632.00,25.00,80.00,0.0000,207.28,1,0,3.0209,ACCEPT,0,3197,377,16593,2,100,2632,0,0,0,0
124,0,1,1,ACCEPT,13.6079,2.2265,6713,-5,0,0.0565,385.09,838.84,31.20,64.48,392.50,639.50,25.00,77.00,0.0000,199.48,1,0,2.5646,ACCEPT,0,6790,462,24853,2,100,6713,0,0,0,0
125,0,1,1,ACCEPT,13.1890,2.0611,5464,-9,-1,0.4533,376.38,836.83,31.20,64.48,388.50,640.50,25.00,71.00,0.0000,196.70,1,0,3.1419,ACCEPT,0,6851,419,22435,2,100,5464,0,0,0,0
126,0,1,1,ACCEPT,11.9969,1.7085,5843,-3,-1,0.6425,373.47,834.81,31.20,64.48,387.50,646.00,41.00,60.00,0.0000,189.33,1,0,3.0456,ACCEPT,0,6707,334,29181,2,100,5843,0,0,0,0
127,0,1,1,ACCEPT,12.1637,1.7075,6784,-3,-1,0.5551,370.56,832.80,31.20,64.48,397.50,638.50,33.00,77.00,0.0000,196.16,1,0,2.9536,ACCEPT,0,7423,335,24579,2,100,6784,0,0,0,0
128,0,1,1,ACCEPT,12.5868,1.6417,6603,-3,-1,0.7422,367.66,830.78,31.20,64.48,401.50,635.50,27.00,87.00,0.0000,198.19,1,0,3.0677,ACCEPT,0,7659,402,18184,2,100,6603,0,0,0,0
129,0,1,1,ACCEPT,10.1914,1.1997,4122,-3,-2,0.8185,364.75,826.75,31.20,64.48,408.50,639.50,27.00,79.00,0.0000,192.29,1,0,2.8994,ACCEPT,0,5476,376,22041,2,100,4122,0,0,0,0
130,0,1,0,NEGATIVE_PEAK,-8.0939,1.1619,-3395,-4,-7,0.4085,364.75,826.75,31.20,64.48,398.50,637.00,53.00,54.00,0.0000,192.73,0,0,0.0000,NOT_RUN,0,4698,352,0,2,100,3395,0,0,0,0
131,0,1,0,NEGATIVE_PEAK,-8.4808,1.1498,-3699,-7,-8,0.0735,364.75,826.75,31.20,64.48,404.00,642.00,42.00,74.00,0.0000,188.87,0,0,0.0000,NOT_RUN,0,5884,286,0,2,100,3699,0,0,0,0
132,0,1,0,NEGATIVE_PEAK,-9.4087,1.2132,-3260,-9,-10,0.0672,364.75,826.75,31.20,64.48,408.00,647.50,32.00,79.00,0.0000,184.39,0,0,0.0000,NOT_RUN,0,4290,293,0,2,100,3260,0,0,0,0
133,0,1,0,NEGATIVE_PEAK,-7.6085,1.0474,-2562,-11,-12,0.0582,364.75,826.75,31.20,64.48,406.00,649.00,34.00,76.00,0.0000,182.47,0,0,0.0000,NOT_RUN,0,3810,285,0,2,100,2562,0,0,0,0
134,0,1,1,ACCEPT,6.4219,1.4179,1581,-20,-11,0.0070,345.38,804.58,31.20,64.48,401.50,645.50,35.00,67.00,0.0000,168.69,1,0,2.6837,ACCEPT,0,3091,328,13701,2,100,1581,0,0,0,0
135,0,1,0,NEGATIVE_PEAK,-9.9545,1.3014,-3126,-8,-10,0.1596,345.38,804.58,31.20,64.48,395.50,641.50,37.00,75.00,0.0000,170.61,0,0,0.0000,NOT_RUN,0,3313,292,0,2,100,3126,0,0,0,0
136,0,1,1,ACCEPT,11.0208,1.9841,1627,-13,-10,0.2606,332.78,784.42,31.20,64.48,396.00,645.00,30.00,86.00,0.0000,153.09,1,-1,1.9373,LOW_CONF,0,1679,262,19265,2,100,1627,0,0,0,0
137,0,1,1,ACCEPT,10.6487,1.1738,3903,-8,-5,0.3559,325.03,774.34,31.20,64.48,400.00,646.00,18.00,58.00,0.0000,148.64,1,0,3.3593,ACCEPT,0,6635,288,28152,2,100,3903,0,0,0,0
138,0,1,1,ACCEPT,12.3384,1.5582,8204,-6,-7,0.1287,319.22,760.23,31.20,64.48,393.00,652.00,28.00,60.00,0.0000,130.99,1,0,2.9741,ACCEPT,0,11274,287,30298,2,100,8204,0,0,0,0
139,0,1,1,ACCEPT,13.4445,2.2391,11453,-2,-4,0.2265,317.28,752.17,31.20,64.48,389.00,643.50,32.00,55.00,0.0000,130.20,1,0,2.8564,ACCEPT,0,14323,275,20059,2,100,11453,0,0,0,0
140,0,1,1,ACCEPT,7.6036,1.2702,3347,-7,7,0.1159,310.50,766.28,28.85,59.62,382.00,636.00,44.00,58.00,0.0000,148.61,1,-2,2.0837,ACCEPT,0,5693,328,12524,2,100,3347,0,0,0,0
141,0,1,1,ACCEPT,7.3519,1.2871,1161,-2,-14,0.3109,308.69,740.25,28.85,59.62,383.50,643.50,35.00,71.00,0.0000,122.30,1,-1,1.9082,LOW_CONF,0,2178,771,8632,2,100,1161,0,0,0,0
142,0,1,1,ACCEPT,12.7504,1.9893,3545,-9,-6,0.0539,300.53,729.09,28.85,59.62,382.00,651.50,18.00,71.00,0.0000,112.51,1,0,2.9447,ACCEPT,0,3811,408,11053,2,100,3545,0,0,0,0
143,0,1,1,ACCEPT,10.5990,1.1503,4438,-13,0,0.1543,288.75,729.09,28.85,59.62,380.00,652.00,18.00,64.00,0.0000,119.46,1,0,3.4573,ACCEPT,0,8478,507,8604,2,100,4438,0,0,0,0
144,0,1,0,NEGATIVE_PEAK,-7.0620,1.0105,-1157,-25,0,0.0035,288.75,729.09,28.85,59.62,372.00,646.00,28.00,58.00,0.0000,117.62,0,0,0.0000,NOT_RUN,0,2950,352,0,2,100,1157,0,0,0,0
145,0,1,0,NEGATIVE_PEAK,-10.0762,1.1956,-1944,-12,-4,0.2145,288.75,729.09,28.85,59.62,360.50,624.00,43.00,48.00,0.0000,127.25,0,0,0.0000,NOT_RUN,0,3518,601,0,2,100,1944,0,0,0,0
146,0,1,0,NEGATIVE_PEAK,-8.4864,1.2611,-1584,-1,-8,0.3049,288.75,729.09,28.85,59.62,360.00,627.50,42.00,67.00,0.0000,124.09,0,0,0.0000,NOT_RUN,0,2355,673,0,2,100,1584,0,0,0,0
147,0,1,0,NEGATIVE_PEAK,-4.8493,1.1039,-648,-11,-2,0.2948,288.75,729.09,28.85,59.62,358.50,639.00,27.00,74.00,0.0000,113.94,0,0,0.0000,NOT_RUN,0,2725,387,0,2,100,648,0,0,0,0
148,0,1,0,NEGATIVE_PEAK,-4.7375,1.0324,-923,-11,-1,0.3142,288.75,729.09,28.85,59.62,357.00,640.50,22.00,51.00,0.0000,111.83,0,0,0.0000,NOT_RUN,0,4100,806,0,2,100,923,0,0,0,0
149,0,1,0,NEGATIVE_PEAK,-4.8407,1.0614,-899,-11,-1,0.3215,288.75,729.09,28.85,59.62,354.00,644.50,24.00,55.00,0.0000,106.83,0,0,0.0000,NOT_RUN,0,3890,636,0,2,100,899,0,0,0,0
150,0,1,0,NEGATIVE_PEAK,-4.6312,1.0257,-878,-12,12,0.4169,288.75,729.09,28.85,59.62,333.00,622.00,40.00,52.00,0.0000,115.88,0,0,0.0000,NOT_RUN,0,3982,905,0,2,100,878,0,0,0,0
151,0,1,0,NEGATIVE_PEAK,-4.2704,1.0301,-855,-12,-3,0.4082,288.75,729.09,28.85,59.62,326.50,630.50,45.00,33.00,0.0000,105.57,0,0,0.0000,NOT_RUN,0,4329,792,0,2,100,855,0,0,0,0
152,0,1,1,ACCEPT,4.3151,1.0583,781,-6,5,0.3726,283.31,738.39,28.85,59.62,325.50,627.50,45.00,69.00,0.0000,118.64,1,0,3.4200,ACCEPT,0,3989,587,5882,2,100,781,0,0,0,0
153,0,1,0,NEGATIVE_PEAK,-6.0457,1.0645,-1204,-9,15,0.9319,283.31,738.39,28.85,59.62,328.00,635.50,32.00,73.00,0.0000,112.18,0,0,0.0000,NOT_RUN,0,3953,745,0,2,100,1204,0,0,0,0
154,0,1,1,ACCEPT,5.8016,1.1204,1247,0,0,1.0000,283.31,738.39,28.85,59.62,332.50,640.00,33.00,50.00,0.0000,110.00,1,0,2.9814,ACCEPT,0,4155,735,7646,2,100,1247,0,0,0,0
155,0,1,1,ACCEPT,6.4716,1.3065,1313,-2,0,0.7738,281.50,738.39,28.85,59.62,311.00,643.00,32.00,44.00,0.0000,99.85,1,1,1.5644,LOW_CONF,0,3612,477,9136,2,100,1313,0,0,0,0
156,0,1,1,ACCEPT,6.4399,1.3906,1296,-2,0,0.6204,279.69,738.39,30.00,62.00,299.50,632.00,51.00,32.00,0.0000,108.22,1,1,2.4130,ACCEPT,0,3861,524,8200,2,100,1296,0,0,0,0
157,0,1,1,ACCEPT,6.2079,1.2769,1102,-1,-1,0.9855,278.75,736.45,30.00,62.00,296.00,630.50,52.00,31.00,0.0000,107.35,1,0,3.1718,ACCEPT,0,3055,299,9898,2,100,1102,0,0,0,0
158,0,1,1,ACCEPT,7.2204,1.3641,1240,0,-1,0.9992,278.75,734.52,30.00,62.00,296.00,632.50,54.00,37.00,0.0000,103.46,1,0,3.2655,ACCEPT,0,3097,331,11331,2,100,1240,0,0,0,0
159,0,1,1,ACCEPT,8.2890,1.7699,1738,0,-1,0.9695,278.75,732.58,30.00,62.00,297.50,635.50,41.00,63.00,0.0000,98.87,1,0,2.9154,ACCEPT,0,3340,405,11570,2,100,1738,0,0,0,0
160,0,1,1,ACCEPT,8.6652,1.6704,1652,-1,1,0.8771,277.81,734.52,30.00,62.00,307.50,647.00,27.00,58.00,0.0000,92.41,1,0,3.4627,ACCEPT,0,3227,371,11064,2,100,1652,0,0,0,0
161,0,1,1,ACCEPT,7.9401,1.5135,1630,0,-1,0.9540,277.81,732.58,30.00,62.00,298.50,643.50,29.00,51.00,0.0000,91.45,1,0,3.5077,ACCEPT,0,3194,422,12382,2,100,1630,0,0,0,0
162,0,1,1,ACCEPT,7.4630,1.4258,1604,0,1,0.9794,277.81,734.52,30.00,62.00,291.50,631.50,39.00,55.00,0.0000,103.92,1,12,1.7531,MAX_STEP,0,3652,331,11844,2,100,1604,0,0,0,0
163,0,1,1,ACCEPT,8.6314,1.6540,1525,-1,-1,0.8866,276.88,732.58,30.00,62.00,285.00,624.00,52.00,50.00,0.0000,108.88,1,-3,1.1154,MAX_STEP,0,3566,368,14051,2,100,1525,0,0,0,0
164,0,1,1,ACCEPT,8.0497,1.7285,1649,0,-1,0.9982,276.88,730.64,30.00,62.00,282.00,618.50,44.00,55.00,0.0000,112.26,1,13,1.2210,MAX_STEP,0,4311,397,13466,2,100,1649,0,0,0,0
165,0,1,1,ACCEPT,7.4779,1.3779,1681,-1,0,0.9804,275.94,730.64,30.00,62.00,288.50,629.00,41.00,76.00,0.0000,102.41,1,-12,1.2552,MAX_STEP,0,3789,330,14369,2,100,1681,0,0,0,0
166,0,1,1,ACCEPT,8.1673,1.3957,1485,0,-1,0.9643,275.94,728.70,30.00,62.00,301.00,636.00,36.00,72.00,0.0000,96.03,1,12,1.1344,MAX_STEP,0,3158,365,17207,2,100,1485,0,0,0,0
167,0,1,1,ACCEPT,7.7611,1.3465,1982,0,0,1.0000,275.94,728.70,30.00,62.00,303.50,635.00,31.00,48.00,0.0000,97.67,1,13,1.1582,MAX_STEP,0,3708,346,19838,2,100,1982,0,0,0,0
168,0,1,1,ACCEPT,7.5779,1.0062,2104,0,-1,0.9634,275.94,726.77,30.00,62.00,301.00,636.00,26.00,58.00,0.0000,94.16,1,12,0.9801,MAX_STEP,0,3545,324,20837,2,100,2104,0,0,0,0
169,0,1,0,NEGATIVE_PEAK,-7.7214,1.0796,-2279,-5,13,0.9263,275.94,726.77,30.00,62.00,293.50,626.50,27.00,57.00,0.0000,101.79,0,0,0.0000,NOT_RUN,0,3842,342,0,2,100,2279,0,0,0,0
170,0,1,1,ACCEPT,6.5475,1.2591,1701,0,0,1.0000,275.94,726.77,30.00,62.00,298.00,630.50,36.00,67.00,0.0000,98.76,1,11,0.9325,MAX_STEP,0,3857,461,19190,2,100,1701,0,0,0,0
171,0,1,1,ACCEPT,7.8527,1.3877,1421,1,1,0.8747,276.88,728.70,30.00,62.00,310.00,629.00,20.00,86.00,0.0000,105.06,1,13,0.9799,MAX_STEP,0,2661,821,15148,2,100,1421,0,0,0,0
172,0,1,1,ACCEPT,8.8063,1.6580,2114,0,-1,0.9607,276.88,726.77,30.00,62.00,329.00,633.50,44.00,71.00,0.0000,106.84,1,13,1.0353,MAX_STEP,0,3879,362,16256,2,100,2114,0,0,0,0
173,0,1,1,ACCEPT,11.2062,2.1472,2276,0,0,1.0000,276.88,726.77,30.00,62.00,328.50,631.50,33.00,45.00,0.0000,108.35,1,12,0.9635,MAX_STEP,0,3276,309,22682,2,100,2276,0,0,0,0
174,0,1,1,ACCEPT,11.2701,1.9643,2422,0,-1,0.9748,276.88,724.83,30.00,62.00,326.00,626.00,18.00,58.00,0.0000,110.36,1,6,1.0021,MAX_STEP,0,3530,365,22153,2,100,2422,0,0,0,0
175,0,1,1,ACCEPT,8.5309,1.5232,2134,0,0,1.0000,276.88,724.83,30.00,62.00,325.00,622.00,42.00,66.00,0.0000,113.53,1,12,1.1673,MAX_STEP,0,5524,534,13507,2,100,2134,0,0,0,0
176,0,1,1,ACCEPT,10.0235,1.9499,2024,0,1,0.9170,276.88,726.77,32.45,67.06,333.00,622.50,32.00,81.00,0.0000,118.41,1,2,2.0841,ACCEPT,0,4372,488,15032,2,100,2024,0,0,0,0
177,0,1,1,ACCEPT,9.5653,1.8735,1969,0,1,0.9391,276.88,728.86,35.10,72.53,348.00,628.00,30.00,86.00,0.0000,123.42,1,2,2.8229,ACCEPT,0,3666,412,19648,2,100,1969,0,0,0,0
178,0,1,1,ACCEPT,10.6436,2.2047,2370,1,0,0.8873,277.97,728.86,35.10,72.53,358.50,630.00,33.00,72.00,0.0000,127.51,1,0,2.9737,ACCEPT,0,3926,442,24614,2,100,2370,0,0,0,0
179,0,1,1,ACCEPT,10.7209,2.1814,2790,0,0,1.0000,277.97,728.86,35.10,72.53,362.50,631.00,25.00,58.00,0.0000,129.31,1,0,3.0661,ACCEPT,0,5591,625,20250,2,100,2790,0,0,0,0
180,0,1,1,ACCEPT,11.6601,1.9788,2705,1,-1,0.8577,279.06,726.59,35.10,72.53,364.00,618.50,34.00,55.00,0.0000,137.47,1,0,3.1524,ACCEPT,0,4555,556,23585,2,100,2705,0,0,0,0
181,0,1,1,ACCEPT,12.1383,2.2918,2867,1,0,0.8221,280.16,726.59,35.10,72.53,368.50,622.00,41.00,66.00,0.0000,136.91,1,0,3.1801,ACCEPT,0,4777,486,26326,2,100,2867,0,0,0,0
182,0,1,1,ACCEPT,12.7616,2.0518,3131,0,0,1.0000,280.16,726.59,35.10,72.53,378.50,626.00,27.00,78.00,0.0000,140.68,1,0,3.2127,ACCEPT,0,4340,558,26986,2,100,3131,0,0,0,0
183,0,1,1,ACCEPT,14.5732,2.4571,4037,0,0,1.0000,280.16,726.59,35.10,72.53,392.00,623.00,18.00,64.00,0.0000,152.45,1,0,3.1522,ACCEPT,0,4801,567,27229,2,100,4037,0,0,0,0
184,0,1,1,ACCEPT,14.8405,2.8513,3815,0,0,1.0000,280.16,726.59,35.10,72.53,394.50,633.00,21.00,52.00,0.0000,147.76,1,0,3.0855,ACCEPT,0,4513,480,30082,2,100,3815,0,0,0,0
185,0,1,1,ACCEPT,15.2968,3.0980,3730,-2,-1,0.7485,277.97,724.33,35.10,72.53,389.50,627.00,47.00,58.00,0.0000,148.03,1,0,3.1095,ACCEPT,0,4512,433,31571,2,100,3730,0,0,0,0
186,0,1,1,ACCEPT,16.1957,3.4360,3302,0,0,1.0000,277.97,724.33,35.10,72.53,399.00,628.50,32.00,79.00,0.0000,154.37,1,0,3.1236,ACCEPT,0,4031,409,30789,2,100,3302,0,0,0,0
187,0,1,1,ACCEPT,16.5866,3.3511,3016,-1,0,0.9317,276.88,724.33,35.10,72.53,409.50,639.00,17.00,64.00,0.0000,157.70,1,0,3.0887,ACCEPT,0,3601,361,30200,2,100,3016,0,0,0,0
188,0,1,1,ACCEPT,16.2208,3.4394,2724,-1,0,0.9725,275.78,724.33,35.10,72.53,410.00,641.00,26.00,46.00,0.0000,157.98,1,0,3.1588,ACCEPT,0,3533,304,29136,2,100,2724,0,0,0,0
189,0,1,1,ACCEPT,16.6007,3.3085,2263,0,0,1.0000,275.78,724.33,35.10,72.53,408.00,632.50,50.00,67.00,0.0000,160.98,1,0,3.1922,ACCEPT,0,2801,325,30446,2,100,2263,0,0,0,0
190,0,1,1,ACCEPT,9.7002,1.9493,1538,0,-1,0.9571,275.78,722.06,36.50,75.43,412.00,640.00,24.00,90.00,0.0000,159.03,1,1,2.7559,ACCEPT,0,3061,399,25800,2,100,1538,0,0,0,0
191,0,1,1,ACCEPT,10.9510,2.4062,1167,-1,-1,0.9195,274.64,719.70,36.50,75.43,417.00,647.50,14.00,49.00,0.0000,159.62,1,0,3.0694,ACCEPT,0,1971,341,26523,2,100,1167,0,0,0,0
192,0,1,1,ACCEPT,11.3739,2.4821,1251,0,0,1.0000,274.64,719.70,36.50,75.43,412.00,646.00,24.00,46.00,0.0000,155.88,1,0,2.9608,ACCEPT,0,1905,436,26056,2,100,1251,0,0,0,0
193,0,1,1,ACCEPT,11.6562,2.9029,1405,0,1,0.9423,274.64,722.06,36.50,75.43,402.00,642.50,46.00,37.00,0.0000,150.17,1,0,3.0707,ACCEPT,0,2063,272,27042,2,100,1405,0,0,0,0
194,0,1,1,ACCEPT,11.1215,2.7038,1406,0,0,1.0000,274.64,722.06,36.50,75.43,403.50,645.50,47.00,67.00,0.0000,149.89,1,0,3.0921,ACCEPT,0,2009,285,26786,2,100,1406,0,0,0,0
195,0,1,1,ACCEPT,11.3851,2.7012,1537,0,0,1.0000,274.64,722.06,36.50,75.43,426.00,656.00,22.00,86.00,0.0000,165.15,1,0,3.0919,ACCEPT,0,2650,224,31505,2,100,1537,0,0,0,0
196,0,1,1,ACCEPT,12.0316,3.0706,1827,0,0,1.0000,274.64,722.06,36.50,75.43,429.00,660.50,28.00,47.00,0.0000,166.18,1,0,3.0556,ACCEPT,0,3087,257,31136,2,100,1827,0,0,0,0
197,0,1,1,ACCEPT,12.1634,3.0677,1721,0,1,0.9483,274.64,724.42,37.96,78.45,422.00,661.50,32.00,51.00,0.0000,160.23,1,1,3.0862,ACCEPT,0,2434,328,29623,2,100,1721,0,0,0,0
198,0,1,1,ACCEPT,10.4298,2.1397,1746,0,1,0.9742,274.64,726.88,39.48,81.59,407.50,666.50,57.00,43.00,0.0000,145.93,1,1,2.9150,ACCEPT,0,2677,294,28997,2,100,1746,0,0,0,0
199,0,1,1,ACCEPT,9.6755,2.1312,1852,0,0,1.0000,274.64,726.88,41.06,84.85,410.50,672.00,51.00,72.00,0.0000,146.52,1,1,3.0038,ACCEPT,0,3392,430,29703,2,100,1852,0,0,0,0
200,0,1,1,ACCEPT,8.9260,2.1583,2400,0,1,0.9883,274.64,729.53,42.70,88.25,432.50,673.00,37.00,92.00,0.0000,167.68,1,1,3.0966,ACCEPT,0,3845,448,28659,2,100,2400,0,0,0,0
201,0,1,1,ACCEPT,9.4830,2.2402,2406,0,-1,0.9576,274.64,726.78,42.70,88.25,431.50,681.00,35.00,44.00,0.0000,163.40,1,0,3.1837,ACCEPT,0,3672,421,27416,2,100,2406,0,0,0,0
202,0,1,1,ACCEPT,10.3603,2.6059,2473,0,1,0.9854,274.64,729.53,42.70,88.25,417.00,675.50,30.00,71.00,0.0000,152.27,1,0,3.3552,ACCEPT,0,3604,390,27022,2,100,2473,0,0,0,0
203,0,1,1,ACCEPT,12.2796,2.9488,2707,-1,0,0.9195,273.31,729.53,42.70,88.25,405.00,672.00,48.00,58.00,0.0000,143.71,1,0,3.2339,ACCEPT,0,3339,338,28886,2,100,2707,0,0,0,0
204,0,1,1,ACCEPT,13.2775,3.2201,2560,0,0,1.0000,273.31,729.53,42.70,88.25,399.50,671.50,57.00,77.00,0.0000,138.89,1,0,3.2626,ACCEPT,0,3122,347,28963,2,100,2560,0,0,0,0
205,0,1,1,ACCEPT,11.8989,2.3144,2238,0,0,1.0000,273.31,729.53,42.70,88.25,431.50,686.50,43.00,93.00,0.0000,163.94,1,0,2.7731,ACCEPT,0,3295,347,29923,2,100,2238,0,0,0,0
206,0,1,1,ACCEPT,12.4640,2.5857,2097,-1,0,0.9824,271.98,729.53,42.70,88.25,429.50,694.00,35.00,62.00,0.0000,161.47,1,0,2.9609,ACCEPT,0,3060,295,29998,2,100,2097,0,0,0,0
207,0,1,1,ACCEPT,13.5194,2.9039,2387,0,-1,0.9946,271.98,726.78,42.70,88.25,420.00,685.00,36.00,60.00,0.0000,153.80,1,0,2.8444,ACCEPT,0,3236,328,28720,2,100,2387,0,0,0,0
208,0,1,1,ACCEPT,13.0378,2.7844,2506,0,0,1.0000,271.98,726.78,42.70,88.25,404.50,670.50,41.00,71.00,0.0000,143.97,1,0,2.7018,ACCEPT,0,3494,313,28359,2,100,2506,0,0,0,0
209,0,1,1,ACCEPT,13.7235,3.1987,2415,-1,0,0.9354,270.66,726.78,42.70,88.25,402.50,661.00,47.00,52.00,0.0000,147.34,1,0,2.8481,ACCEPT,0,3030,320,28121,2,100,2415,0,0,0,0
210,0,1,1,ACCEPT,14.3126,3.1471,2546,-2,1,0.5750,268.00,729.53,42.70,88.25,404.00,664.00,58.00,96.00,0.0000,150.96,1,0,2.9473,ACCEPT,0,3084,280,30626,2,100,2546,0,0,0,0
211,0,1,1,ACCEPT,14.5506,2.7589,2323,0,0,1.0000,268.00,729.53,42.70,88.25,427.00,675.00,48.00,80.00,0.0000,168.09,1,0,2.9039,ACCEPT,0,2719,320,31473,2,100,2323,0,0,0,0
212,0,1,1,ACCEPT,14.1830,2.5770,2327,0,0,1.0000,268.00,729.53,42.70,88.25,423.50,663.50,43.00,55.00,0.0000,168.94,1,0,2.9544,ACCEPT,0,2546,442,29655,2,100,2327,0,0,0,0
213,0,1,1,ACCEPT,15.9065,2.9108,3394,0,-1,0.9346,268.00,726.78,42.70,88.25,407.50,647.00,39.00,78.00,0.0000,160.70,1,0,2.9381,ACCEPT,0,3684,517,27764,2,100,3394,0,0,0,0
214,0,1,1,ACCEPT,16.6881,3.4335,3097,0,0,1.0000,268.00,726.78,42.70,88.25,394.50,636.50,55.00,59.00,0.0000,155.41,1,0,3.0151,ACCEPT,0,2954,550,27054,2,100,3097,0,0,0,0
215,0,1,1,ACCEPT,17.4412,4.0519,2577,2,-1,0.6108,270.66,724.03,42.70,88.25,398.50,615.50,53.00,91.00,0.0000,167.70,1,0,3.0831,ACCEPT,0,2786,501,25261,2,100,2577,0,0,0,0
216,0,1,1,ACCEPT,17.8622,4.5820,2236,-1,0,0.9741,269.33,724.03,42.70,88.25,416.00,607.00,50.00,94.00,0.0000,187.64,1,0,2.8632,ACCEPT,0,2432,469,25214,2,100,2236,0,0,0,0
217,0,1,1,ACCEPT,19.4529,5.0264,2282,0,0,1.0000,269.33,724.03,42.70,88.25,424.00,605.00,50.00,68.00,0.0000,195.17,1,0,3.0751,ACCEPT,0,2089,479,26729,2,100,2282,0,0,0,0
218,0,1,1,ACCEPT,20.2371,5.1325,2751,0,0,1.0000,269.33,724.03,42.70,88.25,412.50,587.00,43.00,60.00,0.0000,198.18,1,0,3.0586,ACCEPT,0,2526,528,27041,2,100,2751,0,0,0,0
219,0,1,1,ACCEPT,19.5785,4.7638,2582,0,0,1.0000,269.33,724.03,42.70,88.25,395.00,577.50,40.00,73.00,0.0000,193.04,1,0,3.0808,ACCEPT,0,2396,461,27273,2,100,2582,0,0,0,0
220,0,1,1,ACCEPT,17.8120,4.1423,2125,0,-2,0.7299,269.33,718.53,42.70,88.25,381.50,542.00,71.00,72.00,0.0000,209.15,1,0,2.8076,ACCEPT,0,1949,488,27947,2,100,2125,0,0,0,0
221,0,1,1,ACCEPT,17.7890,3.7391,2049,0,0,1.0000,269.33,718.53,42.70,88.25,386.00,522.50,58.00,91.00,0.0000,228.12,1,0,2.6661,ACCEPT,0,1942,466,26976,2,100,2049,0,0,0,0
222,0,1,1,ACCEPT,16.8645,3.8008,1851,0,0,1.0000,269.33,718.53,44.41,91.78,409.50,512.00,37.00,66.00,0.0000,249.61,1,1,2.5637,ACCEPT,0,1907,496,27111,2,100,1851,0,0,0,0
223,0,1,1,ACCEPT,15.9437,4.1974,1616,0,0,1.0000,269.33,718.53,46.18,95.45,412.50,491.50,49.00,67.00,0.0000,268.41,1,1,2.6881,ACCEPT,0,1834,474,27955,2,100,1616,0,0,0,0
224,0,1,1,ACCEPT,13.0362,3.8507,1444,0,-1,0.9924,269.33,715.55,46.18,95.45,397.50,477.50,51.00,61.00,0.0000,270.36,1,0,2.9312,ACCEPT,0,1861,522,27487,2,100,1444,0,0,0,0
225,0,1,1,ACCEPT,13.1231,3.2316,1493,1,1,0.9471,270.77,718.53,46.18,95.45,364.50,446.00,81.00,56.00,0.0000,288.20,1,0,2.9586,ACCEPT,0,1783,473,27622,2,100,1493,0,0,0,0
226,0,1,1,ACCEPT,14.9443,3.8266,1810,-1,0,0.9956,269.33,718.53,46.18,95.45,370.00,421.50,76.00,63.00,0.0000,313.63,1,0,2.7488,ACCEPT,0,1971,442,29797,2,100,1810,0,0,0,0
227,0,1,1,ACCEPT,14.4776,3.2905,1948,1,0,0.9538,270.77,718.53,46.18,95.45,378.50,396.50,37.00,71.00,0.0000,339.57,1,0,2.9026,ACCEPT,0,1911,640,29220,2,100,1948,0,0,0,0
228,0,1,1,ACCEPT,14.0719,3.6760,2485,-1,0,0.8616,269.33,718.53,46.18,95.45,398.50,378.50,41.00,69.00,0.0000,363.74,1,0,2.9012,ACCEPT,0,2439,587,29992,2,100,2485,0,0,0,0
229,0,1,1,ACCEPT,15.8722,4.0179,3150,0,0,1.0000,269.33,718.53,46.18,95.45,394.50,352.50,47.00,69.00,0.0000,386.84,1,0,2.9533,ACCEPT,0,3000,595,30371,2,100,3150,0,0,0,0
230,0,1,1,ACCEPT,17.9105,4.8428,3419,-1,0,0.9506,267.89,718.53,44.41,91.78,350.00,317.50,68.00,59.00,0.0000,409.35,1,-1,2.8913,ACCEPT,0,3126,544,29971,2,100,3419,0,0,0,0
231,0,1,1,ACCEPT,17.7479,4.9479,3231,-1,1,0.8357,266.50,721.41,44.41,91.78,346.50,293.00,73.00,56.00,0.0000,435.81,1,0,2.9684,ACCEPT,0,2854,405,29497,2,100,3231,0,0,0,0
232,0,1,1,ACCEPT,19.7640,5.0511,3556,-1,0,0.9331,265.11,721.41,44.41,91.78,350.50,267.00,61.00,58.00,0.0000,462.36,1,0,2.8348,ACCEPT,0,2845,530,29334,2,100,3556,0,0,0,0
233,0,1,1,ACCEPT,18.9522,4.2727,3807,1,0,0.9929,266.50,721.41,44.41,91.78,362.50,240.00,37.00,54.00,0.0000,490.88,1,0,3.0057,ACCEPT,0,3171,833,18328,2,100,3807,0,0,0,0
234,0,1,1,ACCEPT,20.9479,5.0801,3744,-1,-1,0.9001,265.11,718.53,44.41,91.78,366.50,216.50,19.00,55.00,0.0000,512.17,1,0,2.9439,ACCEPT,0,3217,890,17422,2,100,3744,0,0,0,0
235,0,1,1,ACCEPT,18.9458,3.8341,3397,0,0,1.0000,265.11,718.53,44.41,91.78,351.50,161.00,15.00,60.00,0.0000,564.18,1,0,3.0290,ACCEPT,0,2812,765,20423,2,100,3397,0,0,0,0
236,0,1,1,ACCEPT,19.3319,3.6519,3210,0,1,0.9816,265.11,721.41,44.41,91.78,342.50,140.50,29.00,61.00,0.0000,586.04,1,0,2.9909,ACCEPT,0,2428,530,25699,2,100,3210,0,0,0,0
237,0,1,1,ACCEPT,20.2240,4.1935,3078,0,0,1.0000,265.11,721.41,42.70,88.25,333.50,113.50,49.00,61.00,0.0000,611.74,1,-1,2.9349,ACCEPT,0,2380,638,25461,2,100,3078,0,0,0,0
238,0,1,1,ACCEPT,18.4357,2.9503,2847,-1,0,0.9824,263.78,721.41,41.06,84.85,316.00,86.00,72.00,60.00,0.0000,637.55,1,-1,2.8027,ACCEPT,0,2363,709,25601,2,100,2847,0,0,0,0
0,0,0,0,ZERO_RESPONSE,0.0000,0.0000,0,0,0,0.0000,289.50,620.50,33.00,81.00,289.50,620.50,33.00,81.00,1.0000,0.00,1,0,0.0000,NOT_RUN,0,0,329,26035,3,150,0,0,0,0,0
1,0,1,1,ACCEPT,8.6859,2.3158,264,8,-1,0.1932,297.75,617.97,33.00,81.00,296.50,619.00,29.00,62.00,0.6727,1.62,1,0,2.7014,ACCEPT,0,700,397,25138,3,150,264,0,0,0,0
2,0,1,1,ACCEPT,6.5983,1.9486,569,4,-1,0.7083,301.88,615.44,33.00,81.00,293.50,619.50,25.00,61.00,0.4280,9.31,1,0,2.6882,ACCEPT,0,1150,337,18173,3,150,569,0,0,0,0
3,0,1,1,ACCEPT,6.0668,1.3543,841,6,0,0.5553,308.06,615.44,33.00,81.00,296.50,615.00,35.00,58.00,0.3826,11.57,1,3,2.6227,MAX_STEP,0,1672,377,22254,3,150,841,0,0,0,0
4,0,1,1,ACCEPT,7.4336,1.3929,2198,7,0,0.4964,315.28,615.44,33.00,81.00,300.50,612.00,37.00,62.00,0.3376,15.18,1,3,2.3181,MAX_STEP,0,3063,406,23589,3,150,2198,0,0,0,0
5,0,1,1,ACCEPT,8.1684,1.5607,3201,8,1,0.5879,323.53,617.97,35.69,87.61,309.50,620.00,33.00,70.00,0.3542,14.18,1,2,2.3763,ACCEPT,0,3923,458,21804,3,150,3201,0,0,0,0
6,0,1,1,ACCEPT,11.9859,2.1120,3846,12,2,0.4605,336.84,623.44,35.69,87.61,336.00,625.00,28.00,76.00,0.6805,1.78,1,0,2.6317,ACCEPT,0,4610,378,18301,3,150,3846,0,0,0,0
7,0,1,1,ACCEPT,14.1149,2.6044,3779,7,1,0.1141,344.61,626.17,35.69,87.61,339.00,632.00,16.00,64.00,0.3275,8.09,1,0,2.6239,ACCEPT,0,4548,481,13997,3,150,3779,0,0,0,0
8,0,1,1,ACCEPT,9.5923,1.6810,2234,6,0,0.4812,351.27,626.17,37.12,91.11,341.50,623.50,23.00,79.00,0.4459,10.12,1,1,2.7437,ACCEPT,0,3163,546,12450,3,150,2234,0,0,0,0
9,0,1,1,ACCEPT,9.0652,1.9017,2398,6,1,0.0580,358.20,629.02,37.12,91.11,340.50,620.50,37.00,73.00,0.3026,19.64,1,0,2.6389,ACCEPT,0,2648,642,13017,3,150,2398,0,0,0,0
10,0,1,1,ACCEPT,7.5255,1.4635,3192,5,1,0.3136,363.98,631.86,37.12,91.11,350.00,626.50,32.00,81.00,0.3849,14.98,1,0,2.7656,ACCEPT,0,4382,632,11263,3,150,3192,0,0,0,0
11,0,1,1,ACCEPT,16.0063,2.6144,5404,10,2,0.1984,375.55,637.55,37.12,91.11,370.00,644.00,22.00,72.00,0.4683,8.51,1,0,2.7448,ACCEPT,0,6166,456,13138,3,150,5404,0,0,0,0
12,0,1,1,ACCEPT,12.3509,2.1006,4407,4,1,0.5373,380.17,640.39,37.12,91.11,371.50,640.00,23.00,80.00,0.4873,8.68,1,0,2.7235,ACCEPT,0,4401,459,12901,3,150,4407,0,0,0,0
13,0,1,1,ACCEPT,11.0769,2.0108,4096,5,1,0.3452,385.95,643.23,35.69,87.61,373.50,637.50,25.00,77.00,0.3721,13.71,1,-1,2.2465,ACCEPT,0,4386,367,11315,3,150,4096,0,0,0,0
14,0,1,1,ACCEPT,11.1512,2.0656,2772,4,2,0.3485,390.39,648.70,35.69,87.61,376.00,641.50,28.00,89.00,0.3368,16.09,1,0,3.1732,ACCEPT,0,3039,250,13222,3,150,2772,0,0,0,0
15,0,1,1,ACCEPT,8.4904,1.4168,2077,4,1,0.6553,394.83,651.44,35.69,87.61,383.50,651.50,31.00,71.00,0.4152,11.33,1,0,3.6126,ACCEPT,0,3476,168,20832,3,150,2077,0,0,0,0
16,0,1,1,ACCEPT,10.8812,1.8269,4801,5,1,0.4214,400.38,654.17,35.69,87.61,377.50,646.00,47.00,62.00,0.2339,24.29,1,-1,1.8212,LOW_CONF,0,7526,281,18682,3,150,4801,0,0,0,0
17,0,1,0,NEGATIVE_PEAK,-7.9913,1.1664,-4135,15,0,0.5192,400.38,654.17,35.69,87.61,379.50,645.50,49.00,51.00,0.2417,22.60,0,0,0.0000,NOT_RUN,0,5950,336,0,3,150,4135,0,0,0,0
18,0,1,1,ACCEPT,8.6455,1.2207,4441,5,0,0.1234,405.92,654.17,34.32,84.24,385.50,644.50,39.00,77.00,0.2429,22.60,1,-1,2.6719,ACCEPT,0,6078,315,15115,3,150,4441,0,0,0,0
19,0,1,0,NEGATIVE_PEAK,-6.1742,1.0907,-2440,15,0,0.6914,405.92,654.17,34.32,84.24,399.00,655.00,22.00,62.00,0.4481,6.97,0,0,0.0000,NOT_RUN,0,4992,490,0,3,150,2440,0,0,0,0
20,0,1,1,ACCEPT,7.9458,1.4981,2692,5,0,0.5546,411.31,654.17,34.32,84.24,394.00,654.00,46.00,62.00,0.3274,17.31,1,3,1.7255,MAX_STEP,0,4519,342,13188,3,150,2692,0,0,0,0
21,0,1,1,ACCEPT,6.1811,1.0142,2278,0,0,1.0000,411.31,654.17,34.32,84.24,393.00,651.50,48.00,41.00,0.2388,18.51,1,4,2.0360,MAX_STEP,0,3933,360,14629,3,150,2278,0,0,0,0
22,0,1,1,ACCEPT,7.1124,1.2293,2659,1,0,0.9436,412.39,654.17,34.32,84.24,394.50,650.00,49.00,58.00,0.3166,18.37,1,6,1.9755,MAX_STEP,0,4329,369,14854,3,150,2659,0,0,0,0
23,0,1,1,ACCEPT,8.7028,1.7412,2866,3,-1,0.6169,415.62,651.55,34.32,84.24,403.00,651.50,40.00,87.00,0.4802,12.63,1,1,1.6246,LOW_CONF,0,4293,434,12950,3,150,2866,0,0,0,0
24,0,1,0,NEGATIVE_PEAK,-8.1855,1.2897,-2239,18,2,0.6628,415.62,651.55,34.32,84.24,412.50,650.50,21.00,67.00,0.4867,3.30,0,0,0.0000,NOT_RUN,0,4966,511,0,3,150,2239,0,0,0,0
25,0,1,1,ACCEPT,8.8523,1.1129,2307,-1,-1,0.8127,414.55,648.92,34.32,84.24,402.50,646.50,35.00,51.00,0.3274,12.29,1,-14,2.3115,MAX_STEP,0,3464,457,12970,3,150,2307,0,0,0,0
26,0,1,1,ACCEPT,14.2359,2.7896,2996,-1,-1,0.9723,413.47,646.30,34.32,84.24,395.50,636.50,43.00,47.00,0.2468,20.47,1,2,1.8876,LOW_CONF,0,2945,430,17429,3,150,2996,0,0,0,0
27,0,1,1,ACCEPT,14.7658,2.8289,3208,0,0,1.0000,413.47,646.30,34.32,84.24,398.00,641.00,36.00,78.00,0.3550,16.35,1,0,3.7373,ACCEPT,0,2974,355,16189,3,150,3208,0,0,0,0
28,0,1,1,ACCEPT,13.2077,2.4887,2526,-2,0,0.6948,411.31,646.30,34.32,84.24,399.50,647.50,17.00,79.00,0.3484,11.87,1,0,3.3711,ACCEPT,0,2767,332,16722,3,150,2526,0,0,0,0
29,0,1,1,ACCEPT,10.0096,1.8812,2359,-5,-1,0.6397,405.92,643.67,34.32,84.24,401.00,639.00,22.00,52.00,0.3957,6.79,1,0,3.4801,ACCEPT,0,3314,334,17450,3,150,2359,0,0,0,0
30,0,1,1,ACCEPT,6.6491,1.1706,1818,-9,-3,0.6507,396.22,635.80,34.32,84.24,385.00,633.50,38.00,69.00,0.4538,11.45,1,11,1.8542,MAX_STEP,0,3023,331,19249,3,150,1818,0,0,0,0
31,0,1,1,ACCEPT,8.7160,1.0961,3523,-2,1,0.4641,394.06,638.42,34.32,84.24,380.00,630.00,40.00,60.00,0.3549,16.39,1,-3,0.9878,MAX_STEP,0,5365,352,20041,3,150,3523,0,0,0,0
32,0,1,1,ACCEPT,8.7827,1.3859,3236,5,-5,0.3217,399.45,625.30,34.32,84.24,382.50,632.50,35.00,81.00,0.3041,18.42,1,1,1.5968,LOW_CONF,0,4523,348,24219,3,150,3236,0,0,0,0
33,0,1,1,ACCEPT,10.7787,1.7598,4074,-4,-1,0.3633,395.14,622.67,34.32,84.24,381.50,632.00,25.00,72.00,0.3070,16.53,1,0,2.6206,ACCEPT,0,5925,392,22131,3,150,4074,0,0,0,0
34,0,1,1,ACCEPT,11.1472,1.2938,4245,-6,-1,0.3769,388.67,620.05,34.32,84.24,378.50,628.50,23.00,57.00,0.3347,13.23,1,0,3.2281,ACCEPT,0,5033,396,22361,3,150,4245,0,0,0,0
35,0,1,1,ACCEPT,12.0191,1.6195,3320,-9,0,0.0386,378.97,620.05,34.32,84.24,364.00,627.50,38.00,71.00,0.3625,16.72,1,0,2.5745,ACCEPT,0,3576,467,16772,3,150,3320,0,0,0,0
36,0,1,1,ACCEPT,15.2000,2.1511,4782,-3,-1,0.5613,375.73,617.42,34.32,84.24,354.50,620.00,47.00,54.00,0.2395,21.39,1,0,2.3453,ACCEPT,0,4277,568,16138,3,150,4782,0,0,0,0
37,0,1,1,ACCEPT,13.6110,1.7860,4474,-3,-1,0.7168,372.50,614.80,34.32,84.24,352.50,624.50,43.00,59.00,0.2544,22.23,1,0,2.9124,ACCEPT,0,5256,606,15544,3,150,4474,0,0,0,0
38,0,1,1,ACCEPT,13.4480,1.4578,3971,-5,-1,0.3946,367.11,612.17,34.32,84.24,352.00,620.50,36.00,89.00,0.3469,17.25,1,0,1.8524,LOW_CONF,0,3486,720,15336,3,150,3971,0,0,0,0
39,0,1,1,ACCEPT,14.4569,1.5243,4454,-6,0,0.2559,360.64,612.17,34.32,84.24,352.50,626.00,21.00,92.00,0.4299,16.05,1,0,2.6084,ACCEPT,0,3967,748,14158,3,150,4454,0,0,0,0
40,0,1,0,NEGATIVE_PEAK,-12.0220,1.9029,-2312,-12,3,0.0990,360.64,612.17,34.32,84.24,338.50,631.00,25.00,54.00,0.0979,29.06,0,0,0.0000,NOT_RUN,0,2657,646,0,3,150,2312,0,0,0,0
41,0,1,0,NEGATIVE_PEAK,-7.6058,1.0860,-1351,-6,3,0.0207,360.64,612.17,34.32,84.24,330.00,616.00,34.00,62.00,0.0456,30.88,0,0,0.0000,NOT_RUN,0,1959,524,0,3,150,1351,0,0,0,0
42,0,1,0,NEGATIVE_PEAK,-7.6257,1.1197,-1328,-6,2,0.0271,360.64,612.17,34.32,84.24,321.00,608.50,44.00,43.00,0.0000,39.81,0,0,0.0000,NOT_RUN,0,1987,531,0,3,150,1328,0,0,0,0
43,0,1,1,ACCEPT,6.0413,1.0213,1008,-17,-2,0.1776,342.31,606.92,34.32,84.24,321.00,612.00,42.00,60.00,0.2297,21.91,1,0,3.2709,ACCEPT,0,1759,541,14467,3,150,1008,0,0,0,0
44,0,1,1,ACCEPT,17.9583,2.9782,4244,-3,0,0.5356,339.08,606.92,34.32,84.24,321.50,616.00,33.00,78.00,0.2690,19.78,1,0,3.3483,ACCEPT,0,2854,274,17841,3,150,4244,0,0,0,0
45,0,1,1,ACCEPT,10.8517,1.4093,2028,-10,0,0.1908,328.30,606.92,34.32,84.24,326.00,629.00,22.00,68.00,0.3717,22.20,1,0,3.4679,ACCEPT,0,1880,316,14663,3,150,2028,0,0,0,0
46,0,1,1,ACCEPT,9.7258,1.0133,2355,-4,0,0.6926,323.98,606.92,34.32,84.24,320.00,629.50,28.00,59.00,0.4151,22.93,1,0,3.1934,ACCEPT,0,2511,300,14876,3,150,2355,0,0,0,0
47,0,1,1,ACCEPT,13.0382,1.6272,2457,-8,6,0.3964,315.36,622.67,34.32,84.24,312.00,623.50,26.00,61.00,0.5486,3.46,1,0,2.9092,ACCEPT,0,2853,200,32431,3,150,2457,0,0,0,0
48,0,1,1,ACCEPT,11.7399,1.6891,7917,1,-2,0.7240,316.44,617.42,34.32,84.24,304.50,614.00,27.00,66.00,0.3595,12.42,1,0,2.9556,ACCEPT,0,11710,357,23291,3,150,7917,0,0,0,0
49,0,1,1,ACCEPT,18.0573,2.8754,6717,-1,0,0.9671,315.36,617.42,34.32,84.24,300.50,609.00,33.00,54.00,0.2775,17.08,1,0,2.4768,ACCEPT,0,6630,508,22584,3,150,6717,0,0,0,0
50,0,1,1,ACCEPT,15.8262,2.4781,7749,0,1,0.7539,315.36,620.05,34.32,84.24,305.00,613.50,28.00,77.00,0.4394,12.25,1,0,3.3177,ACCEPT,0,7048,502,19819,3,150,7749,0,0,0,0
51,0,1,1,ACCEPT,10.5983,1.4087,6614,0,1,0.9073,315.36,622.67,34.32,84.24,313.50,617.50,19.00,85.00,0.5037,5.50,1,0,3.2237,ACCEPT,0,6497,432,13843,3,150,6614,0,0,0,0
52,0,1,1,ACCEPT,16.9084,1.3434,5571,1,0,0.9639,316.44,622.67,34.32,84.24,313.00,626.50,20.00,71.00,0.4912,5.14,1,0,2.7989,ACCEPT,0,3875,404,14102,3,150,5571,0,0,0,0
53,0,1,1,ACCEPT,15.3959,1.3774,7040,-1,-1,0.8790,315.36,620.05,34.32,84.24,313.50,628.50,15.00,59.00,0.3061,8.66,1,0,2.6933,ACCEPT,0,7113,229,13047,3,150,7040,0,0,0,0
54,0,1,0,NEGATIVE_PEAK,-13.6523,1.4085,-4072,-1,-4,0.9472,315.36,620.05,34.32,84.24,307.00,624.50,20.00,59.00,0.3745,9.47,0,0,0.0000,NOT_RUN,0,4478,393,0,3,150,4072,0,0,0,0
55,0,1,1,ACCEPT,16.3241,2.1361,3704,4,0,0.6131,319.67,620.05,34.32,84.24,300.50,609.00,39.00,56.00,0.2391,22.13,1,0,3.4136,ACCEPT,0,4320,574,11554,3,150,3704,0,0,0,0
56,0,1,1,ACCEPT,22.2316,3.3622,6247,0,0,1.0000,319.67,620.05,34.32,84.24,308.00,611.50,34.00,61.00,0.3818,14.47,1,0,2.4507,ACCEPT,0,5152,482,12034,3,150,6247,0,0,0,0
57,0,1,1,ACCEPT,13.9007,1.5858,5092,3,-1,0.4770,322.91,617.42,34.32,84.24,319.00,618.50,18.00,67.00,0.4171,4.05,1,0,2.9877,ACCEPT,0,4823,414,13899,3,150,5092,0,0,0,0
58,0,1,1,ACCEPT,9.7585,1.0033,4294,9,-6,0.7969,332.61,601.67,34.32,84.24,325.00,612.50,20.00,47.00,0.3155,13.23,1,13,1.2550,MAX_STEP,0,6331,504,12188,3,150,4294,0,0,0,0
59,0,1,1,ACCEPT,12.0309,1.5766,3549,-5,6,0.6343,327.22,617.42,34.32,84.24,328.50,621.50,19.00,59.00,0.3877,4.27,1,0,2.9836,ACCEPT,0,4514,289,17840,3,150,3549,0,0,0,0
60,0,1,1,ACCEPT,11.9829,1.5424,6398,6,-1,0.4992,333.69,614.80,34.32,84.24,324.50,607.00,19.00,58.00,0.3401,12.05,1,0,3.2492,ACCEPT,0,7278,409,11466,3,150,6398,0,0,0,0
61,0,1,1,ACCEPT,17.1240,2.3106,4769,2,-1,0.7016,335.84,612.17,34.32,84.24,323.50,601.50,25.00,57.00,0.2965,16.32,1,0,2.6605,ACCEPT,0,5432,575,10901,3,150,4769,0,0,0,0
62,0,1,1,ACCEPT,18.6009,2.2766,5079,3,1,0.7446,339.08,614.80,34.32,84.24,325.00,608.00,30.00,44.00,0.2329,15.63,1,0,3.1359,ACCEPT,0,5269,593,9804,3,150,5079,0,0,0,0
63,0,1,1,ACCEPT,15.6122,2.2240,5362,4,1,0.4580,343.39,617.42,34.32,84.24,331.00,608.00,28.00,70.00,0.3549,15.57,1,0,2.7934,ACCEPT,0,4777,613,8993,3,150,5362,0,0,0,0
64,0,1,1,ACCEPT,12.4549,1.4059,4163,3,1,0.3730,346.62,620.05,34.32,84.24,345.00,622.00,26.00,66.00,0.5935,2.54,1,0,2.8904,ACCEPT,0,4726,611,9212,3,150,4163,0,0,0,0
65,0,1,1,ACCEPT,18.1287,2.2219,3444,6,-1,0.0778,353.09,617.42,34.32,84.24,343.50,621.00,25.00,48.00,0.3079,10.24,1,0,2.7419,ACCEPT,0,3109,529,17499,3,150,3444,0,0,0,0
66,0,1,1,ACCEPT,17.9485,2.3645,8510,3,-1,0.2385,356.33,614.80,34.32,84.24,337.50,607.50,43.00,39.00,0.2038,20.19,1,0,2.5476,ACCEPT,0,8682,562,17035,3,150,8510,0,0,0,0
67,0,1,1,ACCEPT,16.5218,2.2878,7632,4,2,0.2066,360.64,620.05,34.32,84.24,342.00,612.00,48.00,62.00,0.3123,20.30,1,0,2.6775,ACCEPT,0,8996,571,20865,3,150,7632,0,0,0,0
68,0,1,1,ACCEPT,12.4667,1.5045,8783,2,1,0.8367,362.80,622.67,34.32,84.24,351.00,620.00,42.00,80.00,0.5039,12.10,1,0,3.0882,ACCEPT,0,9044,526,22475,3,150,8783,0,0,0,0
69,0,1,1,ACCEPT,8.9052,1.9310,7197,4,0,0.3936,367.11,622.67,34.32,84.24,372.50,632.00,47.00,70.00,0.6036,10.77,1,0,2.5035,ACCEPT,0,13887,525,19357,3,150,7197,0,0,0,0
70,0,1,1,ACCEPT,12.3367,1.1191,6436,7,1,0.7579,374.66,625.30,34.32,84.24,365.50,629.00,21.00,56.00,0.3419,9.88,1,0,2.6868,ACCEPT,0,8048,384,26185,3,150,6436,0,0,0,0
71,0,1,1,ACCEPT,15.7534,2.6101,10743,4,-1,0.4216,378.97,622.67,34.32,84.24,363.50,620.00,39.00,52.00,0.2887,15.70,1,0,3.0742,ACCEPT,0,13400,499,22373,3,150,10743,0,0,0,0
72,0,1,1,ACCEPT,14.4543,2.2762,9155,4,2,0.1835,383.28,627.92,34.32,84.24,366.00,623.00,40.00,64.00,0.3044,17.97,1,0,2.8995,ACCEPT,0,10920,515,22975,3,150,9155,0,0,0,0
73,0,1,1,ACCEPT,11.6253,1.8638,8294,5,2,0.3113,388.67,633.17,34.32,84.24,376.50,632.00,25.00,80.00,0.4006,12.23,1,0,3.1514,ACCEPT,0,11182,614,19600,3,150,8294,0,0,0,0
74,0,1,1,ACCEPT,13.0544,2.1026,8341,3,1,0.5893,391.91,635.80,34.32,84.24,392.50,639.50,25.00,77.00,0.6646,3.75,1,0,2.9721,ACCEPT,0,9308,582,23465,3,150,8341,0,0,0,0
75,0,1,1,ACCEPT,15.4957,2.8537,6809,8,2,0.1931,400.53,641.05,34.32,84.24,388.50,640.50,25.00,71.00,0.3666,12.04,1,0,3.4606,ACCEPT,0,6825,388,26048,3,150,6809,0,0,0,0
76,0,1,1,ACCEPT,16.3112,3.1548,9843,4,0,0.3411,404.84,641.05,34.32,84.24,387.50,646.00,41.00,60.00,0.2950,18.04,1,0,3.5331,ACCEPT,0,10646,490,21181,3,150,9843,0,0,0,0
77,0,1,1,ACCEPT,10.4473,2.0720,6419,4,0,0.3642,409.16,641.05,34.32,84.24,397.50,638.50,33.00,77.00,0.4533,11.93,1,0,3.3145,ACCEPT,0,10445,521,19969,3,150,6419,0,0,0,0
78,0,1,1,ACCEPT,8.4914,1.5152,5267,4,0,0.4148,413.47,641.05,34.32,84.24,401.50,635.50,27.00,87.00,0.3998,13.19,1,0,2.9132,ACCEPT,0,11930,638,16691,3,150,5267,0,0,0,0
79,0,1,0,NEGATIVE_PEAK,-9.2313,1.1323,-4356,17,2,0.6802,413.47,641.05,34.32,84.24,408.50,639.50,27.00,79.00,0.6778,5.20,0,0,0.0000,NOT_RUN,0,8134,610,0,3,150,4356,0,0,0,0
80,0,1,1,ACCEPT,11.1243,1.1643,6911,5,1,0.4515,418.86,643.67,34.32,84.24,398.50,637.00,53.00,54.00,0.2799,21.42,1,0,3.1942,ACCEPT,0,9535,502,13895,3,150,6911,0,0,0,0
81,0,1,1,ACCEPT,10.8117,1.0908,5524,3,1,0.8443,422.09,646.30,34.32,84.24,404.00,642.00,42.00,74.00,0.3289,18.60,1,0,2.9907,ACCEPT,0,7222,623,16581,3,150,5524,0,0,0,0
82,0,1,1,ACCEPT,8.4021,1.3667,4405,-1,1,0.8020,421.02,648.92,34.32,84.24,408.00,647.50,32.00,79.00,0.4158,13.09,1,0,3.0203,ACCEPT,0,8416,704,20551,3,150,4405,0,0,0,0
83,0,1,0,NEGATIVE_PEAK,-6.7169,1.0633,-4836,16,3,0.9392,421.02,648.92,34.32,84.24,406.00,649.00,34.00,76.00,0.3619,15.02,0,0,0.0000,NOT_RUN,0,10708,468,0,3,150,4836,0,0,0,0
84,0,1,0,NEGATIVE_PEAK,-8.7332,1.1939,-5690,15,-1,0.5278,421.02,648.92,34.32,84.24,401.50,645.50,35.00,67.00,0.2404,19.81,0,0,0.0000,NOT_RUN,0,9895,486,0,3,150,5690,0,0,0,0
85,0,1,0,NEGATIVE_PEAK,-7.1566,1.0675,-4729,15,-1,0.3138,421.02,648.92,34.32,84.24,395.50,641.50,37.00,75.00,0.1484,26.57,0,0,0.0000,NOT_RUN,0,10878,431,0,3,150,4729,0,0,0,0
86,0,1,0,NEGATIVE_PEAK,-8.0512,1.2045,-4471,22,-1,0.0192,421.02,648.92,34.32,84.24,396.00,645.00,30.00,86.00,0.1186,25.32,0,0,0.0000,NOT_RUN,0,9409,422,0,3,150,4471,0,0,0,0
87,0,1,0,NEGATIVE_PEAK,-8.4278,1.2948,-3575,22,-2,0.0366,421.02,648.92,34.32,84.24,400.00,646.00,18.00,58.00,0.0820,21.22,0,0,0.0000,NOT_RUN,0,6464,335,0,3,150,3575,0,0,0,0
88,0,1,0,NEGATIVE_PEAK,-5.8657,1.1457,-2336,2,-3,0.0813,421.02,648.92,34.32,84.24,393.00,652.00,28.00,60.00,0.0430,28.18,0,0,0.0000,NOT_RUN,0,6122,343,0,3,150,2336,0,0,0,0
89,0,1,0,NEGATIVE_PEAK,-5.0016,1.0285,-1910,2,-3,0.1654,421.02,648.92,34.32,84.24,389.00,643.50,32.00,55.00,0.0137,32.47,0,0,0.0000,NOT_RUN,0,5834,371,0,3,150,1910,0,0,0,0
90,0,1,1,ACCEPT,5.9100,1.2288,2218,1,9,0.2480,422.09,672.55,34.32,84.24,382.00,636.00,44.00,58.00,0.0000,54.25,1,0,3.0036,ACCEPT,0,6318,407,12901,3,150,2218,0,0,0,0
91,0,1,1,ACCEPT,6.1161,1.1106,1557,-1,1,0.9107,421.02,675.17,34.32,84.24,383.50,643.50,35.00,71.00,0.0000,49.10,1,0,3.2449,ACCEPT,0,4443,392,12707,3,150,1557,0,0,0,0
92,0,1,1,ACCEPT,6.9104,1.3338,1958,-1,-1,0.7416,419.94,672.55,34.32,84.24,382.00,651.50,18.00,71.00,0.0000,43.38,1,0,3.2799,ACCEPT,0,5135,472,12121,3,150,1958,0,0,0,0
93,0,1,1,ACCEPT,8.0436,1.6030,2390,-1,-1,0.7749,418.86,669.92,34.32,84.24,380.00,652.00,18.00,64.00,0.0000,42.79,1,0,3.2021,ACCEPT,0,5752,554,11556,3,150,2390,0,0,0,0
94,0,1,1,ACCEPT,7.5998,1.4314,2419,0,-1,0.8880,418.86,667.30,34.32,84.24,372.00,646.00,28.00,58.00,0.0000,51.47,1,0,3.1376,ACCEPT,0,5695,541,14420,3,150,2419,0,0,0,0
95,0,1,1,ACCEPT,4.9215,1.0518,1503,-1,-5,0.2382,417.78,654.17,34.32,84.24,360.50,624.00,43.00,48.00,0.0000,64.74,1,0,3.2025,ACCEPT,0,5286,544,17289,3,150,1503,0,0,0,0
96,0,1,1,ACCEPT,5.7886,1.1446,1734,1,-3,0.7399,418.86,646.30,34.32,84.24,360.00,627.50,42.00,67.00,0.0000,61.79,1,0,3.3344,ACCEPT,0,4899,504,19961,3,150,1734,0,0,0,0
97,0,1,1,ACCEPT,5.8528,1.1040,1730,0,-1,0.9902,418.86,643.67,34.32,84.24,358.50,639.00,27.00,74.00,0.0000,60.54,1,0,3.2468,ACCEPT,0,4834,511,22340,3,150,1730,0,0,0,0
98,0,1,1,ACCEPT,6.6493,1.0309,1970,-3,8,0.9701,415.62,664.67,34.32,84.24,357.00,640.50,22.00,51.00,0.0000,63.41,1,0,3.2707,ACCEPT,0,5012,550,10683,3,150,1970,0,0,0,0
99,0,1,1,ACCEPT,9.4318,1.4745,1128,-1,-1,0.9317,414.55,662.05,34.32,84.24,354.00,644.50,24.00,55.00,0.0000,63.04,1,0,3.3110,ACCEPT,0,2141,555,12208,3,150,1128,0,0,0,0
100,0,1,1,ACCEPT,7.2281,1.2277,949,0,-4,0.1517,414.55,651.55,34.32,84.24,333.00,622.00,40.00,52.00,0.0000,86.73,1,0,3.3367,ACCEPT,0,2185,554,13730,3,150,949,0,0,0,0
101,0,1,1,ACCEPT,6.9957,1.0858,924,-1,-2,0.8463,413.47,646.30,34.32,84.24,326.50,630.50,45.00,33.00,0.0000,88.39,1,0,3.5116,ACCEPT,0,2348,561,15293,3,150,924,0,0,0,0
102,0,1,1,ACCEPT,7.6436,1.1309,1097,1,-2,0.7138,414.55,641.05,34.32,84.24,325.50,627.50,45.00,69.00,0.0000,90.07,1,0,3.1437,ACCEPT,0,2466,588,16360,3,150,1097,0,0,0,0
103,0,1,1,ACCEPT,6.9993,1.0405,1130,-1,-1,0.7540,413.47,638.42,34.32,84.24,328.00,635.50,32.00,73.00,0.0000,85.52,1,0,3.2703,ACCEPT,0,2719,588,18133,3,150,1130,0,0,0,0
104,0,1,1,ACCEPT,7.4499,1.0991,1342,-3,6,0.6617,410.23,654.17,34.32,84.24,332.50,640.00,33.00,50.00,0.0000,79.02,1,0,3.5215,ACCEPT,0,2952,612,17554,3,150,1342,0,0,0,0
105,0,1,1,ACCEPT,8.2639,1.0972,1377,-1,-2,0.6972,409.16,648.92,34.32,84.24,311.00,643.00,32.00,44.00,0.0000,98.33,1,0,3.2079,ACCEPT,0,2853,638,15145,3,150,1377,0,0,0,0
106,0,1,1,ACCEPT,9.3345,1.1575,1242,-1,-1,0.7383,408.08,646.30,34.32,84.24,299.50,632.00,51.00,32.00,0.0000,109.52,1,0,3.1623,ACCEPT,0,2358,668,14413,3,150,1242,0,0,0,0
107,0,1,1,ACCEPT,9.1770,1.1231,1159,-1,-2,0.8775,407.00,641.05,34.32,84.24,296.00,630.50,52.00,31.00,0.0000,111.50,1,0,3.1544,ACCEPT,0,2272,689,13144,3,150,1159,0,0,0,0
108,0,1,1,ACCEPT,9.9185,1.3369,1115,0,-1,0.8906,407.00,638.42,34.32,84.24,296.00,632.50,54.00,37.00,0.0000,111.16,1,0,3.1063,ACCEPT,0,2129,699,12606,3,150,1115,0,0,0,0
109,0,1,1,ACCEPT,10.0164,1.3685,999,0,-1,0.9259,407.00,635.80,34.32,84.24,297.50,635.50,41.00,63.00,0.0000,109.50,1,0,3.0839,ACCEPT,0,1958,698,12145,3,150,999,0,0,0,0
110,0,1,1,ACCEPT,7.1638,1.0642,696,-2,3,0.6293,404.84,643.67,34.32,84.24,307.50,647.00,27.00,58.00,0.0000,97.40,1,0,3.0956,ACCEPT,0,1750,705,11759,3,150,696,0,0,0,0
111,0,1,1,ACCEPT,8.7101,1.6000,768,0,-2,0.8151,404.84,638.42,34.32,84.24,298.50,643.50,29.00,51.00,0.0000,106.46,1,0,3.1765,ACCEPT,0,1541,704,11146,3,150,768,0,0,0,0
112,0,1,1,ACCEPT,9.7056,1.7346,791,-1,0,0.8369,403.77,638.42,34.32,84.24,291.50,631.50,39.00,55.00,0.0000,112.48,1,0,3.2768,ACCEPT,0,1384,683,10508,3,150,791,0,0,0,0
113,0,1,1,ACCEPT,11.0571,1.7385,831,0,-2,0.8291,403.77,633.17,34.32,84.24,285.00,624.00,52.00,50.00,0.0000,119.12,1,0,3.2508,ACCEPT,0,1178,670,10394,3,150,831,0,0,0,0
114,0,1,1,ACCEPT,12.5206,1.9825,906,-1,-1,0.8543,402.69,630.55,34.32,84.24,282.00,618.50,44.00,55.00,0.0000,121.29,1,0,3.4069,ACCEPT,0,1061,640,10192,3,150,906,0,0,0,0
115,0,1,1,ACCEPT,10.5864,1.4075,746,0,-3,0.3968,402.69,622.67,34.32,84.24,288.50,629.00,41.00,76.00,0.0000,114.36,1,0,3.4577,ACCEPT,0,964,609,9704,3,150,746,0,0,0,0
116,0,1,1,ACCEPT,10.8782,1.5183,706,-1,-1,0.9008,401.61,620.05,34.32,84.24,301.00,636.00,36.00,72.00,0.0000,101.87,1,0,3.4137,ACCEPT,0,815,564,9920,3,150,706,0,0,0,0
117,0,1,1,ACCEPT,10.5367,1.3624,688,0,-1,0.9622,401.61,617.42,34.32,84.24,303.50,635.00,31.00,48.00,0.0000,99.67,1,0,3.2809,ACCEPT,0,774,544,9252,3,150,688,0,0,0,0
118,0,1,1,ACCEPT,8.8259,1.2120,526,1,-1,0.9392,402.69,614.80,34.32,84.24,301.00,636.00,26.00,58.00,0.0000,103.87,1,0,2.8985,ACCEPT,0,649,526,9641,3,150,526,0,0,0,0
119,0,1,1,ACCEPT,9.8690,1.2614,555,0,-1,0.9477,402.69,612.17,34.32,84.24,293.50,626.50,27.00,57.00,0.0000,110.12,1,0,2.5573,ACCEPT,0,612,498,9401,3,150,555,0,0,0,0
120,0,1,1,ACCEPT,9.2965,1.2865,458,-3,4,0.7838,399.45,622.67,34.32,84.24,298.00,630.50,36.00,67.00,0.0000,101.75,1,0,3.2366,ACCEPT,0,640,493,10902,3,150,458,0,0,0,0
121,0,1,1,ACCEPT,9.2217,1.5823,519,1,-1,0.7148,400.53,620.05,34.32,84.24,310.00,629.00,20.00,86.00,0.0000,90.97,1,0,2.4077,ACCEPT,0,753,574,9531,3,150,519,0,0,0,0
122,0,1,1,ACCEPT,8.6824,1.5135,448,-1,-1,0.8750,399.45,617.42,34.32,84.24,329.00,633.50,44.00,71.00,0.0000,72.26,1,0,2.7503,ACCEPT,0,652,563,9617,3,150,448,0,0,0,0
123,0,1,1,ACCEPT,9.2530,1.6033,489,1,-1,0.7791,400.53,614.80,34.32,84.24,328.50,631.50,33.00,45.00,0.0000,73.94,1,-11,1.5239,MAX_STEP,0,656,592,9859,3,150,489,0,0,0,0
124,0,1,1,ACCEPT,10.4853,1.6698,541,-1,-1,0.8355,399.45,612.17,34.32,84.24,326.00,626.00,18.00,58.00,0.0000,74.74,1,-12,1.9528,MAX_STEP,0,582,584,10715,3,150,541,0,0,0,0
125,0,1,1,ACCEPT,6.1267,1.2817,364,-1,3,0.8626,398.38,620.05,34.32,84.24,325.00,622.00,42.00,66.00,0.0000,73.40,1,-11,1.6587,MAX_STEP,0,717,636,10816,3,150,364,0,0,0,0
126,0,1,1,ACCEPT,7.7108,1.4836,408,-1,0,0.8431,397.30,620.05,34.32,84.24,333.00,622.50,32.00,81.00,0.0000,64.34,1,-11,1.6450,MAX_STEP,0,610,652,10908,3,150,408,0,0,0,0
127,0,1,1,ACCEPT,8.1679,1.2904,431,0,-1,0.9814,397.30,617.42,34.32,84.24,348.00,628.00,30.00,86.00,0.0000,50.42,1,-11,1.5857,MAX_STEP,0,607,642,10807,3,150,431,0,0,0,0
128,0,1,1,ACCEPT,7.7801,1.7220,384,0,0,1.0000,397.30,617.42,34.32,84.24,358.50,630.00,33.00,72.00,0.0000,40.78,1,-11,1.4395,MAX_STEP,0,582,601,11335,3,150,384,0,0,0,0
129,0,1,1,ACCEPT,9.6975,2.0342,535,0,-1,0.8860,397.30,614.80,34.32,84.24,362.50,631.00,25.00,58.00,0.0000,38.38,1,-11,1.4212,MAX_STEP,0,654,648,10818,3,150,535,0,0,0,0
130,0,1,1,ACCEPT,6.6492,1.1534,376,-16,3,0.8511,380.05,622.67,34.32,84.24,364.00,618.50,34.00,55.00,0.2646,16.58,1,15,1.4067,MAX_STEP,0,556,607,12778,3,150,376,0,0,0,0
131,0,1,1,ACCEPT,8.9719,1.5320,1555,6,0,0.1820,386.52,622.67,34.32,84.24,368.50,622.00,41.00,66.00,0.3015,18.03,1,0,3.3211,ACCEPT,0,2426,677,20736,3,150,1555,0,0,0,0
132,0,1,1,ACCEPT,6.3061,1.0084,4451,-7,-7,0.3588,378.97,604.30,34.32,84.24,378.50,626.00,27.00,78.00,0.4728,21.71,1,0,2.6510,ACCEPT,0,10620,658,19291,3,150,4451,0,0,0,0
133,0,1,0,NEGATIVE_PEAK,-6.0804,1.0172,-3436,14,-2,0.0893,378.97,604.30,34.32,84.24,392.00,623.00,18.00,64.00,0.2194,22.80,0,0,0.0000,NOT_RUN,0,7396,444,0,3,150,3436,0,0,0,0
134,0,1,1,ACCEPT,6.9983,1.0681,3013,20,9,0.0103,400.53,627.92,34.32,84.24,394.50,633.00,21.00,52.00,0.3777,7.88,1,0,3.4216,ACCEPT,0,5221,448,18781,3,150,3013,0,0,0,0
135,0,1,1,ACCEPT,12.3358,1.8774,6522,6,-1,0.5327,407.00,625.30,34.32,84.24,389.50,627.00,47.00,58.00,0.3143,17.58,1,-1,1.6532,LOW_CONF,0,9152,514,14274,3,150,6522,0,0,0,0
136,0,1,1,ACCEPT,8.3455,1.0662,3767,7,2,0.2870,414.55,630.55,34.32,84.24,399.00,628.50,32.00,79.00,0.3455,15.68,1,0,3.1853,ACCEPT,0,8221,630,19131,3,150,3767,0,0,0,0
137,0,1,1,ACCEPT,13.2270,2.2011,5714,4,1,0.6489,418.86,633.17,34.32,84.24,409.50,639.00,17.00,64.00,0.3553,11.03,1,0,3.5184,ACCEPT,0,6442,495,16032,3,150,5714,0,0,0,0
138,0,1,0,NEGATIVE_PEAK,-7.5509,1.2644,-4074,14,3,0.7396,418.86,633.17,34.32,84.24,410.00,641.00,26.00,46.00,0.3153,11.82,0,0,0.0000,NOT_RUN,0,8743,551,0,3,150,4074,0,0,0,0
139,0,1,1,ACCEPT,11.2238,1.6690,5057,-1,0,0.9233,417.78,633.17,34.32,84.24,408.00,632.50,50.00,67.00,0.5328,9.80,1,0,3.6197,ACCEPT,0,6951,452,20486,3,150,5057,0,0,0,0
140,0,1,1,ACCEPT,8.2372,1.1462,5299,2,2,0.3525,419.94,638.42,34.32,84.24,412.00,640.00,24.00,90.00,0.5478,8.09,1,0,3.2132,ACCEPT,0,10723,542,23448,3,150,5299,0,0,0,0
141,0,1,0,NEGATIVE_PEAK,-8.0445,1.0134,-4297,18,0,0.6835,419.94,638.42,34.32,84.24,417.00,647.50,14.00,49.00,0.2373,9.54,0,0,0.0000,NOT_RUN,0,8716,439,0,3,150,4297,0,0,0,0
142,0,1,1,ACCEPT,10.4671,1.8015,4437,4,3,0.1147,424.25,646.30,34.32,84.24,412.00,646.00,24.00,46.00,0.2418,12.25,1,0,3.3739,ACCEPT,0,5583,394,24377,3,150,4437,0,0,0,0
143,0,1,1,ACCEPT,13.2125,1.7640,7107,1,1,0.8434,425.33,648.92,34.32,84.24,402.00,642.50,46.00,37.00,0.1569,24.20,1,0,3.6552,ACCEPT,0,10420,338,22521,3,150,7107,0,0,0,0
144,0,1,1,ACCEPT,9.7759,1.3161,5154,0,2,0.7588,425.33,654.17,34.32,84.24,403.50,645.50,47.00,67.00,0.2638,23.49,1,0,3.6981,ACCEPT,0,9203,387,19314,3,150,5154,0,0,0,0
145,0,1,1,ACCEPT,5.4167,1.0496,2432,0,1,0.8623,425.33,656.80,34.32,84.24,426.00,656.00,22.00,86.00,0.6326,1.04,1,-1,1.9891,LOW_CONF,0,5769,428,22559,3,150,2432,0,0,0,0
146,0,1,0,NEGATIVE_PEAK,-7.5431,1.0428,-3585,1,-6,0.8033,425.33,656.80,34.32,84.24,429.00,660.50,28.00,47.00,0.4432,5.21,0,0,0.0000,NOT_RUN,0,6254,253,0,3,150,3585,0,0,0,0
147,0,1,0,NEGATIVE_PEAK,-9.0339,1.2507,-5219,3,-4,0.5250,425.33,656.80,34.32,84.24,422.00,661.50,32.00,51.00,0.5069,5.76,0,0,0.0000,NOT_RUN,0,7455,262,0,3,150,5219,0,0,0,0
148,0,1,0,NEGATIVE_PEAK,-9.8434,1.0674,-5571,3,-2,0.0565,425.33,656.80,34.32,84.24,407.50,666.50,57.00,43.00,0.2887,20.30,0,0,0.0000,NOT_RUN,0,8420,344,0,3,150,5571,0,0,0,0
149,0,1,1,ACCEPT,7.6374,1.1432,4767,1,6,0.4397,426.41,672.55,34.32,84.24,410.50,672.00,51.00,72.00,0.4154,15.92,1,-2,1.4419,LOW_CONF,0,9423,387,19784,3,150,4767,0,0,0,0
150,0,1,1,ACCEPT,5.9245,1.0053,4541,-1,3,0.7014,425.33,680.42,34.32,84.24,432.50,673.00,37.00,92.00,0.5753,10.32,1,0,2.7600,ACCEPT,0,10003,318,18084,3,150,4541,0,0,0,0
151,0,1,1,ACCEPT,7.4606,1.0308,3580,1,-1,0.9539,426.41,677.80,34.32,84.24,431.50,681.00,35.00,44.00,0.4156,6.02,1,0,2.7055,ACCEPT,0,6454,572,23331,3,150,3580,0,0,0,0
152,0,1,1,ACCEPT,10.7134,1.7140,6383,-1,1,0.8939,425.33,680.42,34.32,84.24,417.00,675.50,30.00,71.00,0.5083,9.67,1,0,3.2184,ACCEPT,0,8115,518,23030,3,150,6383,0,0,0,0
153,0,1,1,ACCEPT,10.9454,1.9074,7067,0,1,0.9322,425.33,683.05,34.32,84.24,405.00,672.00,48.00,58.00,0.2705,23.14,1,0,3.3885,ACCEPT,0,12823,444,19109,3,150,7067,0,0,0,0
154,0,1,1,ACCEPT,8.6462,1.2796,5222,-1,-1,0.9858,424.25,680.42,34.32,84.24,399.50,671.50,57.00,77.00,0.2593,26.31,1,0,3.6634,ACCEPT,0,9068,491,14350,3,150,5222,0,0,0,0
155,0,1,1,ACCEPT,6.3520,1.1893,2570,2,3,0.3016,426.41,688.30,34.32,84.24,431.50,686.50,43.00,93.00,0.6960,5.40,1,0,3.0585,ACCEPT,0,6172,465,14110,3,150,2570,0,0,0,0
156,0,1,1,ACCEPT,7.1245,1.0754,2681,0,7,0.2548,426.41,706.67,35.69,87.61,429.50,694.00,35.00,62.00,0.6064,13.04,1,1,2.9388,ACCEPT,0,5007,416,19668,3,150,2681,0,0,0,0
157,0,1,1,ACCEPT,7.6611,1.0884,3029,-6,-10,0.1314,419.75,679.33,35.69,87.61,420.00,685.00,36.00,60.00,0.6778,5.68,1,0,3.2297,ACCEPT,0,4728,506,17253,3,150,3029,0,0,0,0
158,0,1,1,ACCEPT,14.1739,2.2396,5514,-1,0,0.9079,418.64,679.33,35.69,87.61,404.50,670.50,41.00,71.00,0.3938,16.67,1,0,3.3808,ACCEPT,0,7256,444,14316,3,150,5514,0,0,0,0
159,0,1,1,ACCEPT,14.1289,2.1509,5545,0,-1,0.9125,418.64,676.59,35.69,87.61,402.50,661.00,47.00,52.00,0.3077,22.44,1,0,3.5467,ACCEPT,0,6966,486,13279,3,150,5545,0,0,0,0
160,0,1,1,ACCEPT,8.6719,1.4780,3120,-1,0,0.9917,417.53,676.59,35.69,87.61,404.00,664.00,58.00,96.00,0.4357,18.49,1,0,2.9822,ACCEPT,0,6852,397,12516,3,150,3120,0,0,0,0
161,0,1,1,ACCEPT,5.8556,1.1421,1985,5,-4,0.8448,423.08,665.66,35.69,87.61,427.00,675.00,48.00,80.00,0.6167,10.13,1,-1,1.7155,LOW_CONF,0,5816,426,12889,3,150,1985,0,0,0,0
162,0,1,1,ACCEPT,6.4175,1.2772,2041,-8,-2,0.4547,414.20,660.19,35.69,87.61,423.50,663.50,43.00,55.00,0.4305,9.87,1,0,2.8312,ACCEPT,0,4131,437,15537,3,150,2041,0,0,0,0
163,0,1,1,ACCEPT,11.7944,2.1693,3896,0,-2,0.8232,414.20,654.72,35.69,87.61,407.50,647.00,39.00,78.00,0.5948,10.22,1,0,3.3986,ACCEPT,0,4690,386,13151,3,150,3896,0,0,0,0
164,0,1,1,ACCEPT,15.0263,2.9748,4361,0,-3,0.3529,414.20,646.52,35.69,87.61,394.50,636.50,55.00,59.00,0.3114,22.10,1,0,2.8759,ACCEPT,0,5568,447,12838,3,150,4361,0,0,0,0
165,0,1,1,ACCEPT,9.1885,1.1122,3053,2,-6,0.2224,416.42,630.11,35.69,87.61,398.50,615.50,53.00,91.00,0.3303,23.12,1,0,3.1263,ACCEPT,0,6115,505,15428,3,150,3053,0,0,0,0
166,0,1,1,ACCEPT,6.4008,1.1520,2759,-1,-5,0.6647,415.31,616.44,34.32,84.24,416.00,607.00,50.00,94.00,0.5631,9.46,1,-1,2.6774,ACCEPT,0,9004,609,20077,3,150,2759,0,0,0,0
167,0,1,1,ACCEPT,13.7699,2.3319,9892,2,4,0.1151,417.47,626.94,34.32,84.24,424.00,605.00,50.00,68.00,0.4196,22.89,1,0,3.0926,ACCEPT,0,10347,461,24342,3,150,9892,0,0,0,0
168,0,1,1,ACCEPT,7.7197,1.5460,3089,-7,-5,0.0188,409.92,613.81,34.32,84.24,412.50,587.00,43.00,60.00,0.3971,26.94,1,0,3.7373,ACCEPT,0,5203,381,19506,3,150,3089,0,0,0,0
169,0,1,1,ACCEPT,7.7046,1.0742,3980,0,-12,0.5178,409.92,582.31,34.32,84.24,395.00,577.50,40.00,73.00,0.3877,15.68,1,0,3.5124,ACCEPT,0,9642,393,16930,3,150,3980,0,0,0,0
170,0,1,1,ACCEPT,9.2235,1.2657,4616,2,-4,0.1742,412.08,571.81,34.32,84.24,381.50,542.00,71.00,72.00,0.1538,42.71,1,2,1.5306,LOW_CONF,0,8841,366,19053,3,150,4616,0,0,0,0
171,0,1,1,ACCEPT,11.6773,1.7066,4729,-1,-5,0.4295,411.00,558.69,35.69,87.61,386.00,522.50,58.00,91.00,0.1602,43.98,1,1,2.7802,ACCEPT,0,6909,339,21496,3,150,4729,0,0,0,0
172,0,1,1,ACCEPT,13.9649,2.3648,4914,-9,-10,0.0702,401.02,531.34,35.69,87.61,409.50,512.00,37.00,66.00,0.4035,21.12,1,0,3.1618,ACCEPT,0,5889,333,23622,3,150,4914,0,0,0,0
173,0,1,1,ACCEPT,6.4916,1.0552,5539,2,-3,0.0388,403.23,523.14,35.69,87.61,412.50,491.50,49.00,67.00,0.3083,32.97,1,0,3.1389,ACCEPT,0,11904,382,15054,3,150,5539,0,0,0,0
174,0,1,1,ACCEPT,10.8073,1.6512,2556,0,-7,0.0552,403.23,504.00,35.69,87.61,397.50,477.50,51.00,61.00,0.3765,27.11,1,0,3.6087,ACCEPT,0,4344,281,25575,3,150,2556,0,0,0,0
175,0,1,1,ACCEPT,11.8009,1.7683,3229,0,-13,0.0396,403.23,468.45,35.69,87.61,364.50,446.00,81.00,56.00,0.1446,44.77,1,5,1.7034,MAX_STEP,0,5469,276,22531,3,150,3229,0,0,0,0
176,0,1,1,ACCEPT,12.8331,1.9400,5529,2,-7,0.1563,405.45,449.31,35.69,87.61,370.00,421.50,76.00,63.00,0.1394,45.06,1,-13,1.6977,MAX_STEP,0,7390,381,21963,3,150,5529,0,0,0,0
177,0,1,1,ACCEPT,10.0134,1.5572,2831,-6,-7,0.1699,398.80,430.17,35.69,87.61,378.50,396.50,37.00,71.00,0.1458,39.32,1,0,3.0010,ACCEPT,0,4388,437,18508,3,150,2831,0,0,0,0
178,0,1,1,ACCEPT,8.3138,1.1005,3407,-5,-8,0.0244,393.25,408.30,37.12,91.11,398.50,378.50,41.00,69.00,0.3766,30.26,1,1,2.6816,ACCEPT,0,6306,433,9497,3,150,3407,0,0,0,0
179,0,1,1,ACCEPT,10.9220,1.5470,1499,0,-7,0.0560,393.25,388.39,37.12,91.11,394.50,352.50,47.00,69.00,0.3288,35.91,1,0,3.1701,ACCEPT,0,2169,340,12326,3,150,1499,0,0,0,0
180,0,1,0,NEGATIVE_PEAK,-6.3831,1.0694,-955,10,-7,0.5812,393.25,388.39,37.12,91.11,350.00,317.50,68.00,59.00,0.0053,83.04,0,0,0.0000,NOT_RUN,0,2277,332,0,3,150,955,0,0,0,0
181,0,1,0,NEGATIVE_PEAK,-5.9796,1.0420,-967,9,-7,0.3619,393.25,388.39,37.12,91.11,346.50,293.00,73.00,56.00,0.0000,106.23,0,0,0.0000,NOT_RUN,0,2376,387,0,3,150,967,0,0,0,0
182,0,1,0,NEGATIVE_PEAK,-5.5666,1.0535,-984,8,-8,0.0579,393.25,388.39,37.12,91.11,350.50,267.00,61.00,58.00,0.0000,128.70,0,0,0.0000,NOT_RUN,0,2798,454,0,3,150,984,0,0,0,0
183,0,1,1,ACCEPT,5.4440,1.0067,899,2,-12,0.3259,395.56,354.27,37.12,91.11,362.50,240.00,37.00,54.00,0.0000,118.95,1,4,1.4551,MAX_STEP,0,2721,458,10566,3,150,899,0,0,0,0
184,0,1,0,NEGATIVE_PEAK,-5.2789,1.0206,-892,11,6,0.6670,395.56,354.27,37.12,91.11,366.50,216.50,19.00,55.00,0.0000,140.80,0,0,0.0000,NOT_RUN,0,2825,428,0,3,150,892,0,0,0,0
185,0,1,0,NEGATIVE_PEAK,-4.7913,1.0166,-798,13,2,0.4098,395.56,354.27,37.12,91.11,351.50,161.00,15.00,60.00,0.0000,198.22,0,0,0.0000,NOT_RUN,0,2986,401,0,3,150,798,0,0,0,0
186,0,1,1,ACCEPT,4.9469,1.0852,841,-2,-1,0.3139,393.25,351.42,37.12,91.11,342.50,140.50,29.00,61.00,0.0000,216.94,1,2,1.5461,LOW_CONF,0,3106,415,13570,3,150,841,0,0,0,0
187,0,1,1,ACCEPT,6.8997,1.6465,1309,0,0,1.0000,393.25,351.42,37.12,91.11,333.50,113.50,49.00,61.00,0.0000,245.31,1,4,1.4478,MAX_STEP,0,3460,439,13510,3,150,1309,0,0,0,0
188,0,1,1,ACCEPT,7.9506,1.7244,1533,-1,0,0.9061,392.09,351.42,37.12,91.11,316.00,86.00,72.00,60.00,0.0000,276.11,1,3,1.4869,MAX_STEP,0,3557,435,11426,3,150,1533,0,0,0,0
0,0,0,0,ZERO_RESPONSE,0.0000,0.0000,0,0,0,0.0000,305.00,613.50,28.00,77.00,305.00,613.50,28.00,77.00,1.0000,0.00,1,0,0.0000,NOT_RUN,0,0,364,17956,4,200,0,0,0,0,0
1,0,1,1,ACCEPT,6.7567,1.7659,973,0,-2,0.8407,305.00,608.69,28.00,77.00,300.50,609.00,33.00,54.00,0.5541,4.51,1,0,2.7223,ACCEPT,0,3637,433,28135,4,200,973,0,0,0,0
2,0,1,0,NEGATIVE_PEAK,-4.7931,1.0967,-1157,-14,-5,0.8954,305.00,608.69,28.00,77.00,304.50,614.00,27.00,66.00,0.8265,5.34,0,0,0.0000,NOT_RUN,0,4335,358,0,4,200,1157,0,0,0,0
3,0,1,0,NEGATIVE_PEAK,-4.0495,1.1049,-948,-6,7,0.0232,305.00,608.69,28.00,77.00,312.00,623.50,26.00,61.00,0.4077,16.38,0,0,0.0000,NOT_RUN,0,3672,442,0,4,200,948,0,0,0,0
4,0,1,1,ACCEPT,4.9598,1.1732,867,0,2,0.8247,305.00,613.50,28.00,77.00,320.00,629.50,28.00,59.00,0.2158,21.93,1,1,1.7578,LOW_CONF,0,3075,326,18103,4,200,867,0,0,0,0
5,0,1,1,ACCEPT,6.3222,1.3690,575,9,2,0.1930,312.88,618.31,28.00,77.00,326.00,629.00,22.00,68.00,0.2516,16.93,1,0,2.7345,ACCEPT,0,1304,293,19673,4,200,575,0,0,0,0
6,0,1,1,ACCEPT,11.1842,2.1264,1346,8,0,0.1568,319.88,618.31,28.00,77.00,321.50,616.00,33.00,78.00,0.8021,2.83,1,0,2.9467,ACCEPT,0,1167,500,17229,4,200,1346,0,0,0,0
7,0,1,1,ACCEPT,7.6445,1.6835,835,2,-3,0.0850,321.62,611.09,28.00,77.00,321.00,612.00,42.00,60.00,0.5607,1.10,1,0,3.0695,ACCEPT,0,1411,458,14722,4,200,835,0,0,0,0
8,0,1,1,ACCEPT,4.4917,1.1019,465,2,-1,0.5419,323.38,608.69,28.00,77.00,321.00,608.50,44.00,43.00,0.4233,2.38,1,11,1.3582,MAX_STEP,0,1324,914,7588,4,200,465,0,0,0,0
9,0,1,0,NEGATIVE_PEAK,-4.6057,1.0893,-500,-16,-11,0.4320,323.38,608.69,28.00,77.00,330.00,616.00,34.00,62.00,0.5490,9.87,0,0,0.0000,NOT_RUN,0,1283,1297,0,4,200,500,0,0,0,0
10,0,1,1,ACCEPT,7.4636,1.7601,609,3,11,0.1379,326.00,635.16,28.00,77.00,338.50,631.00,25.00,54.00,0.2749,13.17,1,0,3.3108,ACCEPT,0,1062,704,8731,4,200,609,0,0,0,0
11,0,1,0,NEGATIVE_PEAK,-5.6116,1.3211,-432,8,-6,0.4398,326.00,635.16,28.00,77.00,352.50,626.00,21.00,92.00,0.0000,28.04,0,0,0.0000,NOT_RUN,0,1081,580,0,4,200,432,0,0,0,0
12,0,1,0,NEGATIVE_PEAK,-5.9650,1.2338,-475,6,10,0.0905,326.00,635.16,28.00,77.00,352.00,620.50,36.00,89.00,0.0828,29.85,0,0,0.0000,NOT_RUN,0,1055,779,0,4,200,475,0,0,0,0
13,0,1,0,NEGATIVE_PEAK,-6.2332,1.4803,-638,6,5,0.0737,326.00,635.16,28.00,77.00,352.50,624.50,43.00,59.00,0.1236,28.56,0,0,0.0000,NOT_RUN,0,1217,516,0,4,200,638,0,0,0,0
14,0,1,0,NEGATIVE_PEAK,-5.2771,1.0165,-494,4,-17,0.0850,326.00,635.16,28.00,77.00,354.50,620.00,47.00,54.00,0.1068,32.28,0,0,0.0000,NOT_RUN,0,1225,503,0,4,200,494,0,0,0,0
15,0,1,1,ACCEPT,5.1697,1.1903,319,2,10,0.0658,327.75,659.22,28.00,77.00,364.00,627.50,38.00,71.00,0.0000,48.17,1,0,3.1365,ACCEPT,0,848,328,7788,4,200,319,0,0,0,0
16,0,1,1,ACCEPT,4.5604,1.0578,476,2,2,0.4622,329.50,664.03,28.00,77.00,378.50,628.50,23.00,57.00,0.0000,60.53,1,0,2.9688,ACCEPT,0,1899,462,12428,4,200,476,0,0,0,0
17,0,1,1,ACCEPT,4.8584,1.1107,632,0,1,0.9921,329.50,666.44,28.00,77.00,381.50,632.00,25.00,72.00,0.0000,62.37,1,0,2.8453,ACCEPT,0,2367,485,12893,4,200,632,0,0,0,0
18,0,1,1,ACCEPT,6.1677,1.2939,766,0,0,1.0000,329.50,666.44,28.00,77.00,382.50,632.50,35.00,81.00,0.0000,62.93,1,0,3.0212,ACCEPT,0,2159,445,11609,4,200,766,0,0,0,0
19,0,1,1,ACCEPT,6.5486,1.4435,677,0,1,0.9793,329.50,668.84,28.00,77.00,380.00,630.00,40.00,60.00,0.0000,63.71,1,0,3.0848,ACCEPT,0,1724,378,9503,4,200,677,0,0,0,0
20,0,1,1,ACCEPT,6.3306,1.3747,609,0,-1,0.9721,329.50,666.44,28.00,77.00,385.00,633.50,38.00,69.00,0.0000,64.54,1,0,2.7078,ACCEPT,0,1479,364,9104,4,200,609,0,0,0,0
21,0,1,1,ACCEPT,6.2770,1.4785,618,1,1,0.7379,330.38,668.84,28.00,77.00,401.00,639.00,22.00,52.00,0.0000,76.67,1,0,2.9978,ACCEPT,0,1589,380,8766,4,200,618,0,0,0,0
22,0,1,1,ACCEPT,5.8481,1.2430,619,2,-1,0.4297,332.12,666.44,29.12,80.08,399.50,647.50,17.00,79.00,0.0000,69.99,1,1,2.5891,ACCEPT,0,1639,365,7316,4,200,619,0,0,0,0
23,0,1,1,ACCEPT,6.7690,1.2812,615,1,0,0.9610,333.03,666.44,30.28,83.28,398.00,641.00,36.00,78.00,0.0000,69.77,1,1,2.6555,ACCEPT,0,1407,411,7146,4,200,615,0,0,0,0
24,0,1,1,ACCEPT,6.9338,1.3096,681,0,0,1.0000,333.03,666.44,31.50,86.61,395.50,636.50,43.00,47.00,0.0000,69.27,1,1,2.4010,ACCEPT,0,1502,383,6983,4,200,681,0,0,0,0
25,0,1,1,ACCEPT,7.5960,1.3152,630,0,-1,0.9730,333.03,663.73,32.76,90.08,402.50,646.50,35.00,51.00,0.0000,71.57,1,1,2.3546,ACCEPT,0,1267,374,7318,4,200,630,0,0,0,0
26,0,1,1,ACCEPT,8.4373,1.7046,704,-1,0,0.7344,332.00,663.73,32.76,90.08,412.50,650.50,21.00,67.00,0.0000,81.58,1,0,2.5935,ACCEPT,0,1279,418,7634,4,200,704,0,0,0,0
27,0,1,1,ACCEPT,8.4486,1.4793,716,0,-1,0.9860,332.00,660.92,34.07,93.68,403.00,651.50,40.00,87.00,0.0000,71.62,1,1,2.5787,ACCEPT,0,1242,390,8008,4,200,716,0,0,0,0
28,0,1,1,ACCEPT,8.3558,1.3713,746,-1,-1,0.6542,330.94,658.00,34.07,93.68,394.50,650.00,49.00,58.00,0.0000,64.06,1,0,2.7884,ACCEPT,0,1282,444,8096,4,200,746,0,0,0,0
29,0,1,1,ACCEPT,8.4649,1.3452,756,0,-1,0.9934,330.94,655.08,34.07,93.68,393.00,651.50,48.00,41.00,0.0000,62.17,1,0,2.8372,ACCEPT,0,1190,434,9133,4,200,756,0,0,0,0
30,0,1,1,ACCEPT,9.5767,1.5481,949,0,0,1.0000,330.94,655.08,35.43,97.43,394.00,654.00,46.00,62.00,0.0000,63.07,1,1,2.6497,ACCEPT,0,1324,535,9508,4,200,949,0,0,0,0
31,0,1,1,ACCEPT,8.9437,1.4501,1047,-1,0,0.8577,329.83,655.08,35.43,97.43,399.00,655.00,22.00,62.00,0.0000,69.17,1,1,1.3442,LOW_CONF,0,1560,523,11343,4,200,1047,0,0,0,0
32,0,1,1,ACCEPT,8.8675,1.3747,1097,0,0,1.0000,329.83,655.08,35.43,97.43,385.50,644.50,39.00,77.00,0.0000,56.67,1,1,1.1247,LOW_CONF,0,1652,535,13441,4,200,1097,0,0,0,0
33,0,1,1,ACCEPT,8.5502,1.3916,995,-1,1,0.9317,328.72,658.12,35.43,97.43,379.50,645.50,49.00,51.00,0.0000,52.33,1,16,1.3257,AT_SEARCH_RAIL,0,1547,509,14635,4,200,995,0,0,0,0
34,0,1,1,ACCEPT,9.4429,1.4171,1026,0,0,1.0000,328.72,658.12,35.43,97.43,377.50,646.00,47.00,62.00,0.0000,50.27,1,-16,1.3706,AT_SEARCH_RAIL,0,1401,493,16622,4,200,1026,0,0,0,0
35,0,1,1,ACCEPT,9.5289,1.4013,1058,0,0,1.0000,328.72,658.12,35.43,97.43,383.50,651.50,31.00,71.00,0.0000,55.18,1,-16,1.4242,AT_SEARCH_RAIL,0,1446,514,18971,4,200,1058,0,0,0,0
36,0,1,1,ACCEPT,9.7359,1.3869,846,0,0,1.0000,328.72,658.12,35.43,97.43,376.00,641.50,28.00,89.00,0.0000,50.12,1,-16,1.5717,AT_SEARCH_RAIL,0,1119,436,19768,4,200,846,0,0,0,0
37,0,1,1,ACCEPT,9.5514,1.3791,924,1,-1,0.9719,329.83,655.08,35.43,97.43,373.50,637.50,25.00,77.00,0.0000,47.08,1,-14,1.5329,MAX_STEP,0,1219,455,21887,4,200,924,0,0,0,0
38,0,1,1,ACCEPT,10.3890,1.5626,1061,0,1,0.9472,329.83,658.12,35.43,97.43,371.50,640.00,23.00,80.00,0.0000,45.44,1,15,1.3063,MAX_STEP,0,1509,526,20623,4,200,1061,0,0,0,0
39,0,1,1,ACCEPT,10.8184,1.7674,836,0,1,0.9462,329.83,661.17,35.43,97.43,370.00,644.00,22.00,72.00,0.0000,43.69,1,16,1.4148,AT_SEARCH_RAIL,0,1164,484,22804,4,200,836,0,0,0,0
40,0,1,1,ACCEPT,7.1131,1.1877,1291,17,-13,0.3424,348.69,621.56,35.43,97.43,350.00,626.50,32.00,81.00,0.7509,5.11,1,0,3.2121,ACCEPT,0,2450,468,19945,4,200,1291,0,0,0,0
41,0,1,1,ACCEPT,10.4412,2.3302,2011,-5,-2,0.2402,343.14,615.47,35.43,97.43,340.50,620.50,37.00,73.00,0.6621,5.68,1,0,2.9156,ACCEPT,0,3121,888,13759,4,200,2011,0,0,0,0
42,0,1,1,ACCEPT,9.1109,2.0586,2460,-6,0,0.2508,336.48,615.47,35.43,97.43,341.50,623.50,23.00,79.00,0.5264,9.47,1,0,3.1177,ACCEPT,0,4329,786,18409,4,200,2460,0,0,0,0
43,0,1,1,ACCEPT,6.2602,1.0218,3002,-3,0,0.5836,333.16,615.47,34.07,93.68,339.00,632.00,16.00,64.00,0.3098,17.53,1,-1,2.6978,ACCEPT,0,6034,690,17739,4,200,3002,0,0,0,0
44,0,1,1,ACCEPT,5.6757,1.0283,2867,-8,0,0.0234,324.66,615.47,34.07,93.68,336.00,625.00,28.00,76.00,0.3865,14.82,1,0,3.2089,ACCEPT,0,6323,665,15040,4,200,2867,0,0,0,0
45,0,1,1,ACCEPT,11.0593,2.4656,3050,-13,-2,0.1561,310.84,609.62,34.07,93.68,309.50,620.00,33.00,70.00,0.6937,10.46,1,0,2.8854,ACCEPT,0,3369,473,20348,4,200,3050,0,0,0,0
46,0,1,1,ACCEPT,11.2658,2.4443,4781,-9,-2,0.1138,301.28,603.78,34.07,93.68,300.50,612.00,37.00,62.00,0.6261,8.26,1,0,3.0431,ACCEPT,0,6350,371,19601,4,200,4781,0,0,0,0
47,0,1,1,ACCEPT,11.6380,2.0090,5125,-5,0,0.1229,295.97,603.78,32.76,90.08,296.50,615.00,35.00,58.00,0.6167,11.23,1,-1,2.9760,ACCEPT,0,6510,391,26052,4,200,5125,0,0,0,0
48,0,1,1,ACCEPT,10.4729,1.8966,5961,-6,1,0.2753,289.78,606.59,31.50,86.61,293.50,619.50,25.00,61.00,0.5414,13.43,1,-1,2.6523,ACCEPT,0,9669,430,23632,4,200,5961,0,0,0,0
49,0,1,1,ACCEPT,9.9521,1.7725,5057,-3,1,0.5988,286.83,609.30,31.50,86.61,296.50,619.00,29.00,62.00,0.3925,13.70,1,0,2.6266,ACCEPT,0,8091,442,16584,4,200,5057,0,0,0,0
50,0,1,1,ACCEPT,9.0759,1.7942,3400,-10,1,0.1624,276.98,612.00,31.50,86.61,289.50,620.50,33.00,81.00,0.3796,15.13,1,0,3.4009,ACCEPT,0,5431,392,15529,4,200,3400,0,0,0,0
51,0,1,1,ACCEPT,9.0129,1.9485,3139,-3,0,0.7206,274.03,612.00,31.50,86.61,280.00,618.00,26.00,86.00,0.5836,8.46,1,0,3.1349,ACCEPT,0,5675,311,21403,4,200,3139,0,0,0,0
52,0,1,1,ACCEPT,12.3227,2.0934,5581,-2,0,0.8694,272.06,612.00,31.50,86.61,273.00,615.50,24.00,83.00,0.7048,3.62,1,0,2.9682,ACCEPT,0,6751,266,21128,4,200,5581,0,0,0,0
53,0,1,1,ACCEPT,15.4352,3.4921,5081,-3,0,0.7445,269.11,612.00,31.50,86.61,269.00,615.00,26.00,78.00,0.7434,3.00,1,0,2.9173,ACCEPT,0,4733,270,25627,4,200,5081,0,0,0,0
54,0,1,1,ACCEPT,16.5698,2.8103,6413,-3,0,0.6635,266.16,612.00,31.50,86.61,268.00,615.00,26.00,64.00,0.6100,3.52,1,0,2.8363,ACCEPT,0,5789,241,27596,4,200,6413,0,0,0,0
55,0,1,1,ACCEPT,10.1448,1.5129,6749,-4,-1,0.4741,262.22,609.30,31.50,86.61,260.50,612.50,31.00,73.00,0.7603,3.64,1,0,2.7813,ACCEPT,0,11315,314,18091,4,200,6749,0,0,0,0
56,0,1,0,NEGATIVE_PEAK,-9.8647,1.2068,-4931,-5,-5,0.7929,262.22,609.30,31.50,86.61,270.00,615.50,22.00,71.00,0.4575,9.95,0,0,0.0000,NOT_RUN,0,7269,349,0,4,200,4931,0,0,0,0
57,0,1,1,ACCEPT,15.5604,2.2057,5307,-1,0,0.9246,261.23,609.30,31.50,86.61,274.50,623.00,25.00,58.00,0.2626,19.07,1,0,2.8292,ACCEPT,0,4000,281,24042,4,200,5307,0,0,0,0
58,0,1,1,ACCEPT,10.4735,1.5285,4700,0,0,1.0000,261.23,609.30,31.50,86.61,278.00,624.50,32.00,71.00,0.2355,22.63,1,0,2.7458,ACCEPT,0,5838,372,22419,4,200,4700,0,0,0,0
59,0,1,1,ACCEPT,8.6593,1.7051,4713,1,0,0.9773,262.22,609.30,31.50,86.61,268.00,616.00,26.00,88.00,0.5849,8.85,1,0,2.8246,ACCEPT,0,8022,355,20049,4,200,4713,0,0,0,0
60,0,1,1,ACCEPT,11.7018,1.8581,4844,-1,-2,0.8057,261.23,603.89,31.50,86.61,257.50,604.50,43.00,67.00,0.6031,3.78,1,0,2.9128,ACCEPT,0,6163,313,26427,4,200,4844,0,0,0,0
61,0,1,1,ACCEPT,15.4952,2.9033,7897,0,0,1.0000,261.23,603.89,31.50,86.61,254.00,607.00,42.00,54.00,0.4684,7.87,1,0,2.8894,ACCEPT,0,9311,374,25782,4,200,7897,0,0,0,0
62,0,1,1,ACCEPT,11.0785,1.7959,7489,-1,0,0.9830,260.25,603.89,31.50,86.61,263.00,613.50,30.00,67.00,0.6554,10.00,1,0,3.0879,ACCEPT,0,9798,397,23693,4,200,7489,0,0,0,0
63,0,1,1,ACCEPT,11.9088,1.8520,5882,-2,1,0.6690,258.28,606.59,31.50,86.61,266.50,615.00,21.00,72.00,0.4316,11.76,1,0,2.6314,ACCEPT,0,7065,475,32767,4,200,5882,0,0,0,0
64,0,1,1,ACCEPT,11.4873,1.3778,5510,2,0,0.5773,260.25,606.59,31.50,86.61,271.00,622.00,22.00,70.00,0.3085,18.79,1,0,2.4610,ACCEPT,0,7852,487,25281,4,200,5510,0,0,0,0
65,0,1,1,ACCEPT,14.7248,2.5823,7659,1,0,0.9965,261.23,606.59,31.50,86.61,260.50,603.50,51.00,59.00,0.4791,3.18,1,0,2.9868,ACCEPT,0,7936,316,21723,4,200,7659,0,0,0,0
66,0,1,1,ACCEPT,12.5833,2.6665,4357,1,1,0.7847,262.22,609.30,32.76,90.08,261.50,599.50,53.00,51.00,0.4194,9.82,1,1,2.5072,ACCEPT,0,5214,315,22134,4,200,4357,0,0,0,0
67,0,1,1,ACCEPT,11.8311,1.8736,4077,2,2,0.1751,264.28,614.92,32.76,90.08,260.50,602.50,59.00,53.00,0.3999,12.98,1,0,2.8423,ACCEPT,0,4687,363,22088,4,200,4077,0,0,0,0
68,0,1,1,ACCEPT,9.6918,1.1838,4419,3,0,0.5954,267.38,614.92,32.76,90.08,261.50,610.50,59.00,45.00,0.3568,7.35,1,0,2.9911,ACCEPT,0,4646,511,21935,4,200,4419,0,0,0,0
69,0,1,0,NEGATIVE_PEAK,-8.4969,1.0185,-3029,6,-2,0.3915,267.38,614.92,32.76,90.08,272.00,629.00,46.00,52.00,0.4680,14.82,0,0,0.0000,NOT_RUN,0,4607,465,0,4,200,3029,0,0,0,0
70,0,1,1,ACCEPT,9.1696,1.2981,3205,5,2,0.1005,272.53,620.55,32.76,90.08,276.50,633.50,39.00,55.00,0.5254,13.55,1,0,2.9554,ACCEPT,0,5222,365,21037,4,200,3205,0,0,0,0
71,0,1,1,ACCEPT,14.8256,2.7428,5022,0,-1,0.8984,272.53,617.73,32.76,90.08,275.00,618.00,60.00,44.00,0.3473,2.48,1,0,2.9544,ACCEPT,0,5441,317,20908,4,200,5022,0,0,0,0
72,0,1,1,ACCEPT,10.3116,1.0270,3580,-5,-2,0.7830,267.38,612.11,32.76,90.08,274.50,614.00,59.00,42.00,0.3395,7.37,1,0,2.8477,ACCEPT,0,5582,282,24917,4,200,3580,0,0,0,0
73,0,1,0,NEGATIVE_PEAK,-9.5075,1.4757,-4340,-10,-8,0.2039,267.38,612.11,32.76,90.08,278.00,610.50,54.00,55.00,0.4373,10.75,0,0,0.0000,NOT_RUN,0,6545,266,0,4,200,4340,0,0,0,0
74,0,1,1,ACCEPT,9.4160,1.2692,4752,-6,5,0.1991,261.19,626.17,32.76,90.08,282.50,620.50,45.00,57.00,0.2218,22.05,1,0,2.8317,ACCEPT,0,5701,444,32767,4,200,4752,0,0,0,0
75,0,1,0,NEGATIVE_PEAK,-4.6060,1.0589,-935,-20,-11,0.5187,261.19,626.17,32.76,90.08,297.50,641.50,25.00,67.00,0.0000,39.42,0,0,0.0000,NOT_RUN,0,3153,327,0,4,200,935,0,0,0,0
76,0,1,0,NEGATIVE_PEAK,-6.2589,1.5545,-1441,-20,-11,0.0194,261.19,626.17,32.76,90.08,302.00,630.50,28.00,85.00,0.0000,41.04,0,0,0.0000,NOT_RUN,0,3573,395,0,4,200,1441,0,0,0,0
77,0,1,0,NEGATIVE_PEAK,-7.2202,1.6468,-1716,-19,-11,0.0711,261.19,626.17,32.76,90.08,302.00,627.50,38.00,61.00,0.0000,40.83,0,0,0.0000,NOT_RUN,0,3418,342,0,4,200,1716,0,0,0,0
78,0,1,0,NEGATIVE_PEAK,-9.8009,1.5304,-2793,8,-13,0.0630,261.19,626.17,32.76,90.08,296.50,614.50,51.00,49.00,0.0627,37.19,0,0,0.0000,NOT_RUN,0,4207,249,0,4,200,2793,0,0,0,0
79,0,1,0,NEGATIVE_PEAK,-9.5544,1.4461,-2723,9,-12,0.0544,261.19,626.17,32.76,90.08,299.00,615.50,50.00,47.00,0.0326,39.29,0,0,0.0000,NOT_RUN,0,4350,316,0,4,200,2723,0,0,0,0
80,0,1,0,NEGATIVE_PEAK,-8.4949,1.5376,-2328,-19,-9,0.0180,261.19,626.17,32.76,90.08,322.00,640.00,32.00,54.00,0.0000,62.36,0,0,0.0000,NOT_RUN,0,4413,467,0,4,200,2328,0,0,0,0
81,0,1,0,NEGATIVE_PEAK,-8.4477,1.6148,-2364,-18,-8,0.0169,261.19,626.17,32.76,90.08,327.00,646.00,22.00,80.00,0.0000,68.73,0,0,0.0000,NOT_RUN,0,4324,473,0,4,200,2364,0,0,0,0
82,0,1,0,NEGATIVE_PEAK,-9.3463,1.6197,-2543,-18,-8,0.0326,261.19,626.17,32.76,90.08,330.00,631.50,32.00,89.00,0.0000,69.02,0,0,0.0000,NOT_RUN,0,4288,469,0,4,200,2543,0,0,0,0
83,0,1,0,NEGATIVE_PEAK,-10.1426,1.7445,-2758,-17,-9,0.1378,261.19,626.17,32.76,90.08,332.00,619.50,50.00,71.00,0.0000,71.13,0,0,0.0000,NOT_RUN,0,4200,524,0,4,200,2758,0,0,0,0
84,0,1,0,NEGATIVE_PEAK,-9.8744,1.7440,-2766,-17,-8,0.1226,261.19,626.17,32.76,90.08,333.50,621.50,59.00,41.00,0.0000,72.46,0,0,0.0000,NOT_RUN,0,4270,592,0,4,200,2766,0,0,0,0
85,0,1,0,NEGATIVE_PEAK,-9.5774,1.9451,-2408,-18,-7,0.1387,261.19,626.17,32.76,90.08,347.50,638.00,39.00,42.00,0.0000,87.12,0,0,0.0000,NOT_RUN,0,4223,545,0,4,200,2408,0,0,0,0
86,0,1,0,NEGATIVE_PEAK,-8.9140,1.8563,-2248,-19,-7,0.0890,261.19,626.17,32.76,90.08,356.50,642.00,25.00,52.00,0.0000,96.62,0,0,0.0000,NOT_RUN,0,4332,525,0,4,200,2248,0,0,0,0
87,0,1,0,NEGATIVE_PEAK,-9.1696,2.0311,-2218,-19,-7,0.1596,261.19,626.17,32.76,90.08,361.50,623.00,25.00,80.00,0.0000,100.36,0,0,0.0000,NOT_RUN,0,4050,517,0,4,200,2218,0,0,0,0
88,0,1,0,NEGATIVE_PEAK,-7.2883,1.4834,-1921,-19,-7,0.1577,261.19,626.17,32.76,90.08,361.00,629.00,42.00,84.00,0.0000,99.85,0,0,0.0000,NOT_RUN,0,4477,520,0,4,200,1921,0,0,0,0
89,0,1,0,NEGATIVE_PEAK,-7.4693,1.6639,-1812,-19,-7,0.1115,261.19,626.17,32.76,90.08,358.50,621.00,51.00,58.00,0.0000,97.45,0,0,0.0000,NOT_RUN,0,4141,531,0,4,200,1812,0,0,0,0
90,0,1,0,NEGATIVE_PEAK,-6.2552,1.2060,-1645,6,-12,0.0128,261.19,626.17,32.76,90.08,372.00,635.00,30.00,48.00,0.0000,111.16,0,0,0.0000,NOT_RUN,0,4489,533,0,4,200,1645,0,0,0,0
91,0,1,0,NEGATIVE_PEAK,-5.8411,1.2180,-1581,6,-12,0.0670,261.19,626.17,32.76,90.08,385.50,635.50,27.00,57.00,0.0000,124.66,0,0,0.0000,NOT_RUN,0,4678,494,0,4,200,1581,0,0,0,0
92,0,1,0,NEGATIVE_PEAK,-6.1811,1.0620,-1576,5,-10,0.0628,261.19,626.17,32.76,90.08,386.50,639.00,21.00,80.00,0.0000,125.97,0,0,0.0000,NOT_RUN,0,4627,506,0,4,200,1576,0,0,0,0
93,0,1,0,NEGATIVE_PEAK,-6.2277,1.1201,-1623,5,-13,0.0616,261.19,626.17,32.76,90.08,382.00,628.00,44.00,80.00,0.0000,120.83,0,0,0.0000,NOT_RUN,0,4870,540,0,4,200,1623,0,0,0,0
94,0,1,0,NEGATIVE_PEAK,-5.9133,1.1946,-1455,5,-13,0.2330,261.19,626.17,32.76,90.08,382.50,620.00,45.00,52.00,0.0000,121.47,0,0,0.0000,NOT_RUN,0,4057,479,0,4,200,1455,0,0,0,0
95,0,1,0,NEGATIVE_PEAK,-5.8718,1.0876,-1527,5,-9,0.1041,261.19,626.17,32.76,90.08,390.50,624.50,37.00,67.00,0.0000,129.32,0,0,0.0000,NOT_RUN,0,4191,466,0,4,200,1527,0,0,0,0
96,0,1,0,NEGATIVE_PEAK,-6.2741,1.1193,-1680,5,-8,0.0369,261.19,626.17,32.76,90.08,399.00,633.00,30.00,62.00,0.0000,137.98,0,0,0.0000,NOT_RUN,0,4417,560,0,4,200,1680,0,0,0,0
97,0,1,0,NEGATIVE_PEAK,-6.3548,1.3646,-1587,5,-7,0.1960,261.19,626.17,32.76,90.08,404.00,626.50,22.00,57.00,0.0000,142.81,0,0,0.0000,NOT_RUN,0,4150,531,0,4,200,1587,0,0,0,0
98,0,1,0,NEGATIVE_PEAK,-6.7028,1.3587,-1587,6,-11,0.2117,261.19,626.17,32.76,90.08,395.50,628.00,41.00,72.00,0.0000,134.32,0,0,0.0000,NOT_RUN,0,3840,478,0,4,200,1587,0,0,0,0
99,0,1,0,NEGATIVE_PEAK,-7.0004,1.4731,-1700,6,-9,0.2653,261.19,626.17,32.76,90.08,391.00,614.50,50.00,71.00,0.0000,130.34,0,0,0.0000,NOT_RUN,0,3996,435,0,4,200,1700,0,0,0,0
100,0,1,0,NEGATIVE_PEAK,-6.6152,1.3949,-1766,6,-8,0.2373,261.19,626.17,32.76,90.08,399.00,630.00,30.00,62.00,0.0000,137.87,0,0,0.0000,NOT_RUN,0,3900,419,0,4,200,1766,0,0,0,0
101,0,1,0,NEGATIVE_PEAK,-6.9324,1.4521,-1728,6,-8,0.2402,261.19,626.17,32.76,90.08,405.00,621.00,20.00,56.00,0.0000,143.91,0,0,0.0000,NOT_RUN,0,3655,436,0,4,200,1728,0,0,0,0
102,0,1,0,NEGATIVE_PEAK,-6.0916,1.4133,-1484,6,-8,0.1732,261.19,626.17,32.76,90.08,399.50,621.00,33.00,76.00,0.0000,138.41,0,0,0.0000,NOT_RUN,0,3527,369,0,4,200,1484,0,0,0,0
103,0,1,0,NEGATIVE_PEAK,-6.6029,1.3190,-1629,6,-8,0.3653,261.19,626.17,32.76,90.08,388.50,605.50,47.00,73.00,0.0000,128.98,0,0,0.0000,NOT_RUN,0,3501,369,0,4,200,1629,0,0,0,0
104,0,1,0,NEGATIVE_PEAK,-6.6950,1.4393,-1576,6,-8,0.2684,261.19,626.17,32.76,90.08,387.00,604.50,48.00,71.00,0.0000,127.67,0,0,0.0000,NOT_RUN,0,3526,260,0,4,200,1576,0,0,0,0
105,0,1,0,NEGATIVE_PEAK,-6.2984,1.1869,-1664,7,-7,0.0361,261.19,626.17,32.76,90.08,384.50,613.00,29.00,80.00,0.0000,124.01,0,0,0.0000,NOT_RUN,0,4053,304,0,4,200,1664,0,0,0,0
106,0,1,0,NEGATIVE_PEAK,-6.4149,1.2614,-1660,7,-7,0.2271,261.19,626.17,32.76,90.08,374.50,601.00,41.00,82.00,0.0000,116.07,0,0,0.0000,NOT_RUN,0,3895,285,0,4,200,1660,0,0,0,0
107,0,1,0,NEGATIVE_PEAK,-5.4856,1.2010,-1410,8,-7,0.4681,261.19,626.17,32.76,90.08,367.00,596.00,48.00,60.00,0.0000,110.03,0,0,0.0000,NOT_RUN,0,3873,294,0,4,200,1410,0,0,0,0
108,0,1,0,NEGATIVE_PEAK,-4.7414,1.0031,-1312,9,-7,0.4154,261.19,626.17,32.76,90.08,363.50,594.00,49.00,42.00,0.0000,107.25,0,0,0.0000,NOT_RUN,0,4098,309,0,4,200,1312,0,0,0,0
109,0,1,0,NEGATIVE_PEAK,-5.1795,1.0983,-1397,-19,-4,0.1897,261.19,626.17,32.76,90.08,370.00,588.00,26.00,48.00,0.0000,115.31,0,0,0.0000,NOT_RUN,0,4212,360,0,4,200,1397,0,0,0,0
110,0,1,0,NEGATIVE_PEAK,-5.5016,1.0647,-1564,-20,-4,0.3165,261.19,626.17,32.76,90.08,374.00,595.50,28.00,47.00,0.0000,116.91,0,0,0.0000,NOT_RUN,0,4386,413,0,4,200,1564,0,0,0,0
111,0,1,0,NEGATIVE_PEAK,-5.7415,1.1504,-1660,-20,-4,0.3494,261.19,626.17,32.76,90.08,368.50,594.50,29.00,81.00,0.0000,111.89,0,0,0.0000,NOT_RUN,0,4334,384,0,4,200,1660,0,0,0,0
112,0,1,0,NEGATIVE_PEAK,-5.8501,1.2483,-1689,-20,-3,0.2143,261.19,626.17,32.76,90.08,350.00,583.50,34.00,79.00,0.0000,98.53,0,0,0.0000,NOT_RUN,0,4607,432,0,4,200,1689,0,0,0,0
113,0,1,0,NEGATIVE_PEAK,-6.1730,1.2540,-1639,-20,-3,0.0561,261.19,626.17,32.76,90.08,342.00,578.00,46.00,56.00,0.0000,94.08,0,0,0.0000,NOT_RUN,0,3980,464,0,4,200,1639,0,0,0,0
114,0,1,0,NEGATIVE_PEAK,-5.6482,1.1002,-1493,-20,-2,0.1152,261.19,626.17,32.76,90.08,341.00,582.00,44.00,34.00,0.0000,91.22,0,0,0.0000,NOT_RUN,0,3899,499,0,4,200,1493,0,0,0,0
115,0,1,0,NEGATIVE_PEAK,-4.9205,1.0320,-1226,-20,-7,0.5424,261.19,626.17,32.76,90.08,355.00,583.00,16.00,64.00,0.0000,103.27,0,0,0.0000,NOT_RUN,0,3578,444,0,4,200,1226,0,0,0,0
116,0,1,0,NEGATIVE_PEAK,-4.9608,1.0176,-1214,7,-6,0.5107,261.19,626.17,32.76,90.08,362.00,582.50,26.00,51.00,0.0000,109.87,0,0,0.0000,NOT_RUN,0,3530,420,0,4,200,1214,0,0,0,0
117,0,1,0,NEGATIVE_PEAK,-4.9273,1.0161,-1265,-18,-8,0.5281,261.19,626.17,32.76,90.08,358.50,572.50,17.00,57.00,0.0000,111.13,0,0,0.0000,NOT_RUN,0,3516,395,0,4,200,1265,0,0,0,0
118,0,1,0,NEGATIVE_PEAK,-5.3691,1.1909,-1254,8,-6,0.2807,261.19,626.17,32.76,90.08,352.50,578.00,19.00,84.00,0.0000,103.24,0,0,0.0000,NOT_RUN,0,3382,366,0,4,200,1254,0,0,0,0
119,0,1,0,NEGATIVE_PEAK,-6.4611,1.5139,-1629,8,-7,0.0755,261.19,626.17,32.76,90.08,341.50,571.00,41.00,66.00,0.0000,97.44,0,0,0.0000,NOT_RUN,0,3780,413,0,4,200,1629,0,0,0,0
120,0,1,0,NEGATIVE_PEAK,-7.1175,1.8363,-1851,8,-7,0.0292,261.19,626.17,32.76,90.08,347.50,556.50,27.00,47.00,0.0000,110.92,0,0,0.0000,NOT_RUN,0,3780,416,0,4,200,1851,0,0,0,0
121,0,1,0,NEGATIVE_PEAK,-6.8413,1.5266,-1748,8,-8,0.1619,261.19,626.17,32.76,90.08,354.00,559.00,18.00,52.00,0.0000,114.57,0,0,0.0000,NOT_RUN,0,3913,426,0,4,200,1748,0,0,0,0
122,0,1,0,NEGATIVE_PEAK,-6.3451,1.3009,-1522,8,-8,0.1873,261.19,626.17,32.76,90.08,360.00,572.50,14.00,61.00,0.0000,112.45,0,0,0.0000,NOT_RUN,0,3545,416,0,4,200,1522,0,0,0,0
123,0,1,0,NEGATIVE_PEAK,-7.5953,1.5270,-1866,7,-7,0.1747,261.19,626.17,32.76,90.08,362.50,564.50,13.00,73.00,0.0000,118.61,0,0,0.0000,NOT_RUN,0,3762,423,0,4,200,1866,0,0,0,0
124,0,1,0,NEGATIVE_PEAK,-7.5218,1.7195,-1821,7,-7,0.1779,261.19,626.17,32.76,90.08,363.50,567.00,17.00,90.00,0.0000,118.19,0,0,0.0000,NOT_RUN,0,3601,418,0,4,200,1821,0,0,0,0
125,0,1,0,NEGATIVE_PEAK,-7.6820,1.6819,-1803,7,-7,0.2657,261.19,626.17,32.76,90.08,364.00,563.50,34.00,59.00,0.0000,120.41,0,0,0.0000,NOT_RUN,0,3654,412,0,4,200,1803,0,0,0,0
126,0,1,0,NEGATIVE_PEAK,-7.4432,1.6884,-1815,7,-8,0.2259,261.19,626.17,32.76,90.08,363.50,557.50,33.00,37.00,0.0000,123.22,0,0,0.0000,NOT_RUN,0,3664,449,0,4,200,1815,0,0,0,0
127,0,1,0,NEGATIVE_PEAK,-7.5575,1.7598,-1883,7,-8,0.2485,261.19,626.17,32.76,90.08,365.50,560.00,31.00,66.00,0.0000,123.53,0,0,0.0000,NOT_RUN,0,3716,435,0,4,200,1883,0,0,0,0
128,0,1,0,NEGATIVE_PEAK,-7.5742,1.8100,-1781,7,-7,0.0371,261.19,626.17,32.76,90.08,376.00,561.50,20.00,53.00,0.0000,131.77,0,0,0.0000,NOT_RUN,0,3223,489,0,4,200,1781,0,0,0,0
129,0,1,0,NEGATIVE_PEAK,-6.6914,1.5358,-1565,8,-7,0.1604,261.19,626.17,32.76,90.08,379.50,561.50,23.00,87.00,0.0000,134.83,0,0,0.0000,NOT_RUN,0,3261,476,0,4,200,1565,0,0,0,0
130,0,1,0,NEGATIVE_PEAK,-5.5787,1.2828,-1361,8,-4,0.3835,261.19,626.17,32.76,90.08,363.50,560.00,49.00,52.00,0.0000,121.85,0,0,0.0000,NOT_RUN,0,2979,429,0,4,200,1361,0,0,0,0
131,0,1,0,NEGATIVE_PEAK,-5.2063,1.0592,-1342,9,-3,0.6267,261.19,626.17,32.76,90.08,365.50,560.50,47.00,59.00,0.0000,123.26,0,0,0.0000,NOT_RUN,0,3290,454,0,4,200,1342,0,0,0,0
132,0,1,0,NEGATIVE_PEAK,-4.7777,1.0220,-1163,-26,4,0.6595,261.19,626.17,32.76,90.08,372.50,563.00,21.00,36.00,0.0000,127.99,0,0,0.0000,NOT_RUN,0,2845,304,0,4,200,1163,0,0,0,0
133,0,1,0,NEGATIVE_PEAK,-4.1535,1.0048,-1049,-26,4,0.8427,261.19,626.17,32.76,90.08,370.50,562.50,17.00,73.00,0.0000,126.50,0,0,0.0000,NOT_RUN,0,3272,315,0,4,200,1049,0,0,0,0
134,0,1,0,NEGATIVE_PEAK,-4.7410,1.0408,-1199,10,-5,0.7965,261.19,626.17,32.76,90.08,355.50,559.00,35.00,78.00,0.0000,115.79,0,0,0.0000,NOT_RUN,0,3450,276,0,4,200,1199,0,0,0,0
135,0,1,1,ACCEPT,11.1390,1.3792,5023,6,-5,0.4225,267.38,612.11,32.76,90.08,342.50,558.50,45.00,49.00,0.0000,92.29,1,0,2.5845,ACCEPT,0,5999,325,19342,4,200,5023,0,0,0,0
136,0,1,1,ACCEPT,14.4471,2.1199,5465,-7,1,0.2736,260.16,614.92,32.76,90.08,349.50,563.50,19.00,43.00,0.0000,103.08,1,0,2.5473,ACCEPT,0,5777,405,22907,4,200,5465,0,0,0,0
137,0,1,1,ACCEPT,15.0209,2.1774,6003,-8,1,0.3188,251.91,617.73,32.76,90.08,355.00,562.50,28.00,47.00,0.0000,116.96,1,0,2.5957,ACCEPT,0,6292,316,19434,4,200,6003,0,0,0,0
138,0,1,1,ACCEPT,12.9034,1.4177,5597,-8,0,0.2796,243.66,617.73,32.76,90.08,348.50,561.00,29.00,86.00,0.0000,119.21,1,0,2.7180,ACCEPT,0,5965,451,18895,4,200,5597,0,0,0,0
139,0,1,1,ACCEPT,15.2463,2.1936,6287,-8,0,0.4126,235.41,617.73,32.76,90.08,328.50,551.50,35.00,79.00,0.0000,114.25,1,0,2.7914,ACCEPT,0,5906,721,14933,4,200,6287,0,0,0,0
140,0,1,1,ACCEPT,9.5422,1.3356,5198,-14,0,0.1083,220.97,617.73,32.76,90.08,320.00,548.50,42.00,53.00,0.0000,120.83,1,0,2.8073,ACCEPT,0,8407,636,19137,4,200,5198,0,0,0,0
141,0,1,1,ACCEPT,11.6111,1.4552,9546,-8,0,0.4179,212.72,617.73,32.76,90.08,327.00,556.00,22.00,72.00,0.0000,129.89,1,0,2.6710,ACCEPT,0,15688,832,10643,4,200,9546,0,0,0,0
142,0,1,1,ACCEPT,15.3340,2.2443,6715,-6,1,0.4456,206.53,620.55,32.76,90.08,332.50,561.00,25.00,46.00,0.0000,139.33,1,0,2.9690,ACCEPT,0,6470,1276,14338,4,200,6715,0,0,0,0
143,0,1,1,ACCEPT,17.6705,2.4291,9493,-6,0,0.3699,200.34,620.55,32.76,90.08,335.50,557.00,25.00,74.00,0.0000,149.35,1,0,2.7225,ACCEPT,0,10776,1288,13419,4,200,9493,0,0,0,0
144,0,1,1,ACCEPT,17.5124,2.4332,7538,-5,1,0.0708,195.19,623.36,32.76,90.08,325.50,556.00,11.00,92.00,0.0000,146.69,1,0,2.9358,ACCEPT,0,9275,1222,15512,4,200,7538,0,0,0,0
145,0,1,1,ACCEPT,14.5208,1.8223,4144,-11,2,0.2220,183.84,628.98,32.76,90.08,308.00,555.00,44.00,64.00,0.0000,144.53,1,0,2.7978,ACCEPT,0,4874,997,17368,4,200,4144,0,0,0,0
146,0,1,1,ACCEPT,15.9056,2.3520,3688,-5,0,0.1128,178.69,628.98,32.76,90.08,310.00,556.00,38.00,60.00,0.0000,150.23,1,0,2.8279,ACCEPT,0,4081,869,18559,4,200,3688,0,0,0,0
147,0,1,1,ACCEPT,16.0205,1.8641,3320,-4,0,0.0708,174.56,628.98,32.76,90.08,317.00,556.50,24.00,69.00,0.0000,159.82,1,0,2.8245,ACCEPT,0,3205,719,21518,4,200,3320,0,0,0,0
148,0,1,1,ACCEPT,18.7916,2.8189,4234,-4,1,0.0156,170.44,631.80,32.76,90.08,323.00,553.00,22.00,56.00,0.0000,171.71,1,0,2.7298,ACCEPT,0,3461,623,23231,4,200,4234,0,0,0,0
149,0,1,1,ACCEPT,18.0426,2.5715,3613,-1,1,0.7539,169.41,634.61,32.76,90.08,328.50,552.00,19.00,56.00,0.0000,179.26,1,0,2.7133,ACCEPT,0,2896,466,21567,4,200,3613,0,0,0,0
150,0,1,1,ACCEPT,17.8129,2.3649,4543,-4,2,0.1442,165.28,640.23,32.76,90.08,316.00,566.50,28.00,93.00,0.0000,167.79,1,0,2.6809,ACCEPT,0,4855,522,22845,4,200,4543,0,0,0,0
151,0,1,1,ACCEPT,20.8386,2.6590,4156,-1,1,0.8198,164.25,643.05,32.76,90.08,315.50,569.00,39.00,66.00,0.0000,168.40,1,0,2.6013,ACCEPT,0,3410,553,21926,4,200,4156,0,0,0,0
152,0,1,1,ACCEPT,21.7181,2.6007,4325,-1,0,0.8021,163.22,643.05,32.76,90.08,317.00,570.00,44.00,62.00,0.0000,170.25,1,0,2.5774,ACCEPT,0,3312,524,21486,4,200,4325,0,0,0,0
153,0,1,1,ACCEPT,20.4264,2.4926,4215,-1,0,0.7658,162.19,643.05,32.76,90.08,322.50,569.50,41.00,61.00,0.0000,176.38,1,0,2.7010,ACCEPT,0,3087,527,21956,4,200,4215,0,0,0,0
154,0,1,1,ACCEPT,18.7306,2.7121,4654,-3,1,0.3706,159.09,645.86,32.76,90.08,328.50,575.50,35.00,63.00,0.0000,183.44,1,0,2.4112,ACCEPT,0,4062,570,21122,4,200,4654,0,0,0,0
155,0,1,1,ACCEPT,18.3125,2.8065,4611,-3,2,0.1544,156.00,651.48,32.76,90.08,341.50,565.00,35.00,68.00,0.0000,204.67,1,0,2.5292,ACCEPT,0,4183,546,20398,4,200,4611,0,0,0,0
156,0,1,1,ACCEPT,15.2826,1.9084,3355,-1,1,0.9246,154.97,654.30,34.07,93.68,350.50,562.00,31.00,62.00,0.0000,216.22,1,1,2.2605,ACCEPT,0,3821,431,22126,4,200,3355,0,0,0,0
157,0,1,1,ACCEPT,16.0229,1.9365,3844,-1,0,0.9256,153.91,654.30,34.07,93.68,354.00,566.00,38.00,38.00,0.0000,218.71,1,0,2.3423,ACCEPT,0,3981,530,23058,4,200,3844,0,0,0,0
158,0,1,1,ACCEPT,15.2796,1.6161,4045,-1,0,0.9266,152.84,654.30,35.43,97.43,356.50,569.00,45.00,38.00,0.0000,220.80,1,1,2.4871,ACCEPT,0,4540,586,25423,4,200,4045,0,0,0,0
159,0,1,1,ACCEPT,17.5151,1.9845,4741,-2,1,0.5147,150.62,657.34,36.85,101.33,355.50,571.00,49.00,46.00,0.0000,222.33,1,1,2.3621,ACCEPT,0,4286,480,29125,4,200,4741,0,0,0,0
160,0,1,1,ACCEPT,18.8456,2.4986,5412,-2,1,0.3555,148.31,660.52,36.85,101.33,362.50,577.00,35.00,70.00,0.0000,229.89,1,0,2.5213,ACCEPT,1,4286,418,32767,4,200,5412,0,0,0,1
161,0,1,1,ACCEPT,17.5678,2.6504,8052,-1,1,0.7966,147.16,663.69,36.85,101.33,360.00,577.00,40.00,88.00,0.0000,229.82,1,0,2.5539,ACCEPT,0,6361,408,26185,4,200,8052,0,0,0,0
162,0,1,1,ACCEPT,19.0312,2.8828,8435,-3,0,0.2956,143.69,663.69,36.85,101.33,361.00,575.50,44.00,45.00,0.0000,234.52,1,0,2.5303,ACCEPT,0,6954,540,19684,4,200,8435,0,0,0,0
163,0,1,1,ACCEPT,17.8961,2.4046,6353,-2,0,0.5578,141.38,663.69,36.85,101.33,365.50,579.50,41.00,59.00,0.0000,239.42,1,0,2.5069,ACCEPT,0,5949,555,17457,4,200,6353,0,0,0,0
164,0,1,1,ACCEPT,18.3712,2.8578,6150,-1,0,0.7849,140.22,663.69,36.85,101.33,371.00,581.50,30.00,39.00,0.0000,244.98,1,0,2.6476,ACCEPT,0,5414,555,16245,4,200,6150,0,0,0,0
165,0,1,1,ACCEPT,16.3549,3.1200,5669,-6,1,0.0025,133.28,666.86,36.85,101.33,373.00,580.50,30.00,81.00,0.0000,254.80,1,0,2.5428,ACCEPT,0,4913,432,16697,4,200,5669,0,0,0,0
166,0,1,1,ACCEPT,14.6614,2.8088,5598,-1,0,0.7655,132.12,666.86,36.85,101.33,364.50,576.00,53.00,58.00,0.0000,249.51,1,0,2.6949,ACCEPT,0,5906,439,19010,4,200,5598,0,0,0,0
167,0,1,1,ACCEPT,14.7859,2.2070,6387,-3,1,0.3282,128.66,670.03,38.32,105.38,370.00,578.50,48.00,61.00,0.0000,258.12,1,1,2.6417,ACCEPT,0,7140,442,21804,4,200,6387,0,0,0,0
168,0,1,1,ACCEPT,16.8698,2.7365,7405,-3,1,0.2140,125.05,673.33,39.85,109.59,374.50,585.50,23.00,49.00,0.0000,264.46,1,1,2.5421,ACCEPT,0,6886,439,24112,4,200,7405,0,0,0,0
169,0,1,1,ACCEPT,16.9203,2.6692,7124,-2,0,0.5612,122.55,673.33,39.85,109.59,374.00,587.50,16.00,71.00,0.0000,265.70,1,0,2.7239,ACCEPT,0,6558,451,25249,4,200,7124,0,0,0,0
170,0,1,1,ACCEPT,19.2599,3.2899,8886,-4,0,0.1410,117.55,673.33,39.85,109.59,355.50,572.00,41.00,52.00,0.0000,258.63,1,0,2.7242,ACCEPT,0,6736,441,25538,4,200,8886,0,0,0,0
171,0,1,1,ACCEPT,17.1249,2.3088,8898,-2,0,0.7041,115.05,673.33,41.45,113.98,353.00,575.00,38.00,64.00,0.0000,257.47,1,1,2.5562,ACCEPT,0,8395,629,26216,4,200,8898,0,0,0,0
172,0,1,1,ACCEPT,17.0971,2.1304,8266,0,0,1.0000,115.05,673.33,41.45,113.98,359.00,581.00,18.00,52.00,0.0000,260.84,1,0,2.7410,ACCEPT,0,8794,610,27904,4,200,8266,0,0,0,0
173,0,1,1,ACCEPT,18.1847,2.2164,8899,-1,0,0.9034,113.75,673.33,41.45,113.98,358.50,578.50,15.00,49.00,0.0000,262.48,1,0,2.4931,ACCEPT,0,8322,690,26827,4,200,8899,0,0,0,0
174,0,1,1,ACCEPT,17.5071,2.6297,8615,-1,0,0.8608,112.45,673.33,41.45,113.98,357.50,579.00,11.00,94.00,0.0000,262.58,1,0,2.4266,ACCEPT,0,9821,825,26730,4,200,8615,0,0,0,0
175,0,1,1,ACCEPT,16.6524,2.5984,7252,-3,0,0.3322,108.56,673.33,41.45,113.98,340.00,580.00,32.00,76.00,0.0000,249.55,1,0,2.6872,ACCEPT,0,9664,828,27913,4,200,7252,0,0,0,0
176,0,1,1,ACCEPT,16.8624,2.6674,7957,-2,1,0.6228,105.97,676.89,43.10,118.54,339.00,581.00,24.00,80.00,0.0000,251.99,1,1,2.2578,ACCEPT,0,10455,985,24508,4,200,7957,0,0,0,0
177,0,1,1,ACCEPT,16.4652,2.5757,5700,-1,0,0.9381,104.62,676.89,43.10,118.54,339.50,584.00,15.00,78.00,0.0000,252.58,1,0,2.3810,ACCEPT,0,7877,881,23382,4,200,5700,0,0,0,0
178,0,1,1,ACCEPT,17.6029,2.4931,5425,-1,-1,0.7965,103.28,673.19,44.83,123.28,337.50,583.00,15.00,80.00,0.0000,250.98,1,1,2.4526,ACCEPT,0,7007,749,20984,4,200,5425,0,0,0,0
179,0,1,1,ACCEPT,19.1312,2.5591,2943,-1,0,0.8773,101.88,673.19,44.83,123.28,331.00,576.50,20.00,89.00,0.0000,248.69,1,0,2.5107,ACCEPT,0,3329,498,18117,4,200,2943,0,0,0,0
180,0,1,1,ACCEPT,17.8172,2.4526,2742,-2,0,0.6120,99.06,673.19,44.83,123.28,320.00,577.00,22.00,70.00,0.0000,240.97,1,0,2.6084,ACCEPT,0,2804,466,16844,4,200,2742,0,0,0,0
181,0,1,1,ACCEPT,18.8729,2.7806,2155,0,1,0.9926,99.06,677.05,43.10,118.54,314.50,579.00,23.00,80.00,0.0000,236.70,1,-1,2.4302,ACCEPT,0,2010,306,16389,4,200,2155,0,0,0,0
182,0,1,1,ACCEPT,17.7000,2.8395,2229,0,0,1.0000,99.06,677.05,43.10,118.54,313.00,582.00,18.00,84.00,0.0000,234.10,1,0,2.3705,ACCEPT,0,2229,381,16717,4,200,2229,0,0,0,0
183,0,1,1,ACCEPT,17.5354,2.0221,2105,-1,0,0.8784,97.72,677.05,43.10,118.54,315.50,584.50,15.00,71.00,0.0000,236.63,1,0,2.7077,ACCEPT,0,1858,272,20063,4,200,2105,0,0,0,0
184,0,1,1,ACCEPT,16.1726,1.5201,2268,-2,0,0.7063,95.03,677.05,44.83,123.28,314.00,580.00,22.00,64.00,0.0000,239.51,1,1,2.7356,ACCEPT,0,2019,275,21522,4,200,2268,0,0,0,0
185,0,1,1,ACCEPT,14.0660,1.5405,1502,-2,0,0.4900,92.22,677.05,44.83,123.28,301.50,578.50,37.00,81.00,0.0000,231.32,1,0,2.8323,ACCEPT,0,1451,369,22018,4,200,1502,0,0,0,0
186,0,1,1,ACCEPT,10.9103,1.3970,1105,0,-1,0.9801,92.22,673.19,44.83,123.28,293.00,577.50,36.00,69.00,0.0000,222.42,1,0,2.9380,ACCEPT,0,1587,486,14212,4,200,1105,0,0,0,0
187,0,1,1,ACCEPT,13.7287,2.1195,958,-2,1,0.6524,89.41,677.05,43.10,118.54,286.00,572.00,32.00,68.00,0.0000,222.90,1,-1,2.4866,ACCEPT,0,846,422,15533,4,200,958,0,0,0,0
188,0,1,1,ACCEPT,13.6733,1.9742,920,0,0,1.0000,89.41,677.05,41.45,113.98,285.50,573.00,31.00,76.00,0.0000,221.99,1,-1,2.1912,ACCEPT,0,859,356,16699,4,200,920,0,0,0,0
189,0,1,1,ACCEPT,16.0067,2.2238,1123,-1,1,0.8326,88.11,680.61,41.45,113.98,287.50,576.00,23.00,80.00,0.0000,225.17,1,0,2.4672,ACCEPT,0,1001,305,16900,4,200,1123,0,0,0,0
190,0,1,1,ACCEPT,14.5808,2.5051,977,-2,-1,0.5711,85.52,677.05,43.10,118.54,288.50,576.50,19.00,77.00,0.0000,226.52,1,1,2.4630,ACCEPT,0,1088,322,17587,4,200,977,0,0,0,0
191,0,1,1,ACCEPT,8.0880,1.2010,693,0,-1,0.8225,85.52,673.34,43.10,118.54,282.00,572.00,20.00,54.00,0.0000,221.08,1,0,2.8347,ACCEPT,0,1298,376,16945,4,200,693,0,0,0,0
192,0,1,1,ACCEPT,10.9308,1.5138,931,-1,-1,0.6627,84.17,669.64,44.83,123.28,279.00,569.50,18.00,69.00,0.0000,219.06,1,1,2.6478,ACCEPT,0,1274,347,17500,4,200,931,0,0,0,0
193,0,1,0,NEGATIVE_PEAK,-10.8957,1.2905,-924,-25,-18,0.3463,84.17,669.64,44.83,123.28,276.50,563.50,15.00,69.00,0.0000,219.67,0,0,0.0000,NOT_RUN,0,1641,328,0,4,200,924,0,0,0,0
194,0,1,0,NEGATIVE_PEAK,-11.1091,1.2843,-926,-25,-18,0.0842,84.17,669.64,44.83,123.28,273.00,566.50,18.00,77.00,0.0000,215.16,0,0,0.0000,NOT_RUN,0,1493,300,0,4,200,926,0,0,0,0
195,0,1,0,NEGATIVE_PEAK,-9.9955,1.2224,-852,-27,-16,0.1808,84.17,669.64,44.83,123.28,264.00,564.00,24.00,48.00,0.0000,208.56,0,0,0.0000,NOT_RUN,0,1373,322,0,4,200,852,0,0,0,0
196,0,1,1,ACCEPT,8.9696,1.1815,905,-6,-1,0.0729,75.73,665.78,44.83,123.28,259.50,563.50,27.00,51.00,0.0000,210.31,1,0,2.5932,ACCEPT,0,1397,308,20339,4,200,905,0,0,0,0
197,0,1,0,NEGATIVE_PEAK,-9.7114,1.1471,-1357,-22,-16,0.5542,75.73,665.78,44.83,123.28,255.00,560.50,28.00,65.00,0.0000,207.89,0,0,0.0000,NOT_RUN,0,2678,327,0,4,200,1357,0,0,0,0
198,0,1,0,NEGATIVE_PEAK,-10.1119,1.1768,-1398,-22,-15,0.5222,75.73,665.78,44.83,123.28,253.50,565.00,23.00,60.00,0.0000,204.35,0,0,0.0000,NOT_RUN,0,2786,316,0,4,200,1398,0,0,0,0
199,0,1,0,NEGATIVE_PEAK,-9.8872,1.0988,-1423,-21,-16,0.3605,75.73,665.78,44.83,123.28,250.00,556.00,12.00,44.00,0.0000,205.96,0,0,0.0000,NOT_RUN,0,2894,300,0,4,200,1423,0,0,0,0
200,0,1,0,NEGATIVE_PEAK,-9.8231,1.1082,-1506,-20,-16,0.1833,75.73,665.78,44.83,123.28,240.50,549.00,21.00,74.00,0.0000,201.95,0,0,0.0000,NOT_RUN,0,2991,283,0,4,200,1506,0,0,0,0
0,0,0,0,ZERO_RESPONSE,0.0000,0.0000,0,0,0,0.0000,333.00,622.00,40.00,52.00,333.00,622.00,40.00,52.00,1.0000,0.00,1,0,0.0000,NOT_RUN,0,0,716,14478,5,250,0,0,0,0,0
1,0,1,1,ACCEPT,5.2572,1.2458,223,7,1,0.3453,341.75,623.62,40.00,52.00,354.00,644.50,24.00,55.00,0.2338,24.20,1,0,3.0431,ACCEPT,0,559,1028,17357,5,250,223,0,0,0,0
2,0,1,1,ACCEPT,4.3609,1.0105,482,6,-7,0.0519,349.25,612.25,41.60,54.08,357.00,640.50,22.00,51.00,0.1883,29.29,1,1,2.2457,ACCEPT,0,1466,582,23452,5,250,482,0,0,0,0
3,0,1,1,ACCEPT,4.4226,1.0613,537,1,10,0.0782,350.55,629.12,41.60,54.08,358.50,639.00,27.00,74.00,0.5047,12.68,1,0,1.7059,LOW_CONF,0,1690,303,31176,5,250,537,0,0,0,0
4,0,1,1,ACCEPT,6.8900,1.5201,1213,2,-2,0.7197,353.14,625.75,41.60,54.08,360.00,627.50,42.00,67.00,0.5953,7.08,1,0,2.2648,ACCEPT,0,1967,306,29035,5,250,1213,0,0,0,0
5,0,1,1,ACCEPT,9.4135,1.5103,1974,4,-1,0.2670,358.33,624.06,43.26,56.24,360.50,624.00,43.00,48.00,0.7767,2.17,1,1,2.7419,ACCEPT,0,2808,382,23008,5,250,1974,0,0,0,0
6,0,1,1,ACCEPT,6.3113,1.1483,1030,4,4,0.3097,363.77,631.06,43.26,56.24,372.00,646.00,28.00,58.00,0.3983,17.06,1,0,2.1567,ACCEPT,0,1796,248,32767,5,250,1030,0,0,0,0
7,0,1,1,ACCEPT,8.8417,1.4522,1702,2,1,0.3096,366.48,632.81,43.26,56.24,380.00,652.00,18.00,64.00,0.2429,23.47,1,0,2.6476,ACCEPT,0,2494,266,14908,5,250,1702,0,0,0,0
8,0,1,1,ACCEPT,8.2775,1.1605,911,5,1,0.2009,373.28,634.56,41.60,54.08,382.00,651.50,18.00,71.00,0.3032,19.05,1,-1,2.1859,ACCEPT,0,1558,270,17277,5,250,911,0,0,0,0
9,0,1,1,ACCEPT,10.5785,1.6400,1704,3,0,0.3697,377.17,634.56,41.60,54.08,383.50,643.50,35.00,71.00,0.5673,10.95,1,0,2.6018,ACCEPT,0,1886,314,20988,5,250,1704,0,0,0,0
10,0,1,1,ACCEPT,6.5072,1.1567,1720,2,0,0.7203,379.77,634.56,41.60,54.08,382.00,636.00,44.00,58.00,0.8412,2.66,1,0,2.9139,ACCEPT,0,2879,378,17524,5,250,1720,0,0,0,0
11,0,1,0,NEGATIVE_PEAK,-6.8751,1.2216,-1626,2,8,0.0178,379.77,634.56,41.60,54.08,389.00,643.50,32.00,55.00,0.4567,12.85,0,0,0.0000,NOT_RUN,0,3558,303,0,5,250,1626,0,0,0,0
12,0,1,1,ACCEPT,8.2925,1.7093,1311,5,2,0.3989,386.25,637.94,41.60,54.08,393.00,652.00,28.00,60.00,0.4414,15.60,1,1,1.6881,LOW_CONF,0,1917,196,18822,5,250,1311,0,0,0,0
13,0,1,1,ACCEPT,9.2884,1.7384,1615,5,2,0.2997,392.73,641.31,41.60,54.08,400.00,646.00,18.00,58.00,0.3901,8.65,1,0,2.4252,ACCEPT,0,2452,272,16500,5,250,1615,0,0,0,0
14,0,1,1,ACCEPT,8.3770,1.6950,1578,2,1,0.7757,395.33,643.00,41.60,54.08,396.00,645.00,30.00,86.00,0.5058,2.11,1,0,2.4688,ACCEPT,0,3340,273,16054,5,250,1578,0,0,0,0
15,0,1,0,NEGATIVE_PEAK,-8.7193,1.2701,-1956,-5,-3,0.2955,395.33,643.00,41.60,54.08,395.50,641.50,37.00,75.00,0.6617,1.51,0,0,0.0000,NOT_RUN,0,2832,270,0,5,250,1956,0,0,0,0
16,0,1,0,NEGATIVE_PEAK,-5.8726,1.1946,-1160,-1,-7,0.3647,395.33,643.00,41.60,54.08,401.50,645.50,35.00,67.00,0.6081,6.66,0,0,0.0000,NOT_RUN,0,2994,253,0,5,250,1160,0,0,0,0
17,0,1,1,ACCEPT,10.4983,1.7702,1602,5,-3,0.1136,401.81,637.94,41.60,54.08,406.00,649.00,34.00,76.00,0.6009,11.83,1,0,2.9110,ACCEPT,0,2150,248,17669,5,250,1602,0,0,0,0
18,0,1,1,ACCEPT,8.3052,1.3040,1527,1,1,0.8841,403.11,639.62,41.60,54.08,408.00,647.50,32.00,79.00,0.5654,9.27,1,0,2.7472,ACCEPT,0,2635,310,19532,5,250,1527,0,0,0,0
19,0,1,0,NEGATIVE_PEAK,-6.6506,1.0781,-2622,5,4,0.2944,403.11,639.62,41.60,54.08,404.00,642.00,42.00,74.00,0.7034,2.54,0,0,0.0000,NOT_RUN,0,4968,355,0,5,250,2622,0,0,0,0
20,0,1,0,NEGATIVE_PEAK,-6.5480,1.1543,-3008,5,4,0.0795,403.11,639.62,41.60,54.08,398.50,637.00,53.00,54.00,0.7195,5.30,0,0,0.0000,NOT_RUN,0,5942,402,0,5,250,3008,0,0,0,0
21,0,1,1,ACCEPT,7.1425,1.0221,1757,-3,-5,0.0780,399.22,631.19,41.60,54.08,408.50,639.50,27.00,79.00,0.4466,12.46,1,0,2.3768,ACCEPT,0,3952,436,14510,5,250,1757,0,0,0,0
22,0,1,1,ACCEPT,7.8586,1.6112,1558,0,0,1.0000,399.22,631.19,41.60,54.08,401.50,635.50,27.00,87.00,0.4652,4.88,1,0,2.7176,ACCEPT,0,3628,427,9985,5,250,1558,0,0,0,0
23,0,1,1,ACCEPT,7.6877,1.1849,1147,-2,-2,0.5667,396.62,627.81,41.60,54.08,397.50,638.50,33.00,77.00,0.5937,10.72,1,0,2.8306,ACCEPT,0,2631,493,16702,5,250,1147,0,0,0,0
24,0,1,1,ACCEPT,8.2523,1.3233,2501,-3,-1,0.6709,392.73,626.12,41.60,54.08,387.50,646.00,41.00,60.00,0.3978,20.55,1,0,2.7545,ACCEPT,0,4113,467,13870,5,250,2501,0,0,0,0
25,0,1,1,ACCEPT,8.3412,1.4565,1391,-4,1,0.3817,387.55,627.81,41.60,54.08,388.50,640.50,25.00,71.00,0.4486,12.72,1,0,3.2353,ACCEPT,0,2481,373,15385,5,250,1391,0,0,0,0
26,0,1,1,ACCEPT,8.6778,1.3063,2849,-7,-1,0.0446,378.47,626.12,41.60,54.08,392.50,639.50,25.00,77.00,0.3171,19.38,1,0,3.3846,ACCEPT,0,4816,475,8276,5,250,2849,0,0,0,0
27,0,1,1,ACCEPT,11.7253,2.4006,1714,-3,-2,0.5333,374.58,622.75,41.60,54.08,376.50,632.00,25.00,80.00,0.4666,9.45,1,0,3.2504,ACCEPT,0,2475,476,8982,5,250,1714,0,0,0,0
28,0,1,1,ACCEPT,7.3064,1.2554,1386,-3,-3,0.4798,370.69,617.69,41.60,54.08,366.00,623.00,40.00,64.00,0.6762,7.08,1,0,3.3818,ACCEPT,0,2263,472,10256,5,250,1386,0,0,0,0
29,0,1,1,ACCEPT,8.2414,1.1498,2141,-2,0,0.8024,368.09,617.69,41.60,54.08,363.50,620.00,39.00,52.00,0.7344,5.14,1,0,3.1125,ACCEPT,0,3034,420,8485,5,250,2141,0,0,0,0
30,0,1,1,ACCEPT,12.4157,1.3611,2563,-9,-2,0.3937,356.42,614.31,40.00,52.00,365.50,629.00,21.00,56.00,0.3397,17.27,1,-1,2.5716,ACCEPT,0,3103,334,9768,5,250,2563,0,0,0,0
31,0,1,1,ACCEPT,5.8895,1.0830,1461,-2,-1,0.8303,353.92,612.69,40.00,52.00,372.50,632.00,47.00,70.00,0.2399,26.80,1,0,3.1669,ACCEPT,0,3800,418,5935,5,250,1461,0,0,0,0
32,0,1,1,ACCEPT,10.4079,2.1078,1427,-3,-1,0.6657,350.17,611.06,40.00,52.00,351.00,620.00,42.00,80.00,0.6190,8.98,1,0,3.3502,ACCEPT,0,2100,430,7013,5,250,1427,0,0,0,0
33,0,1,1,ACCEPT,8.0687,1.1802,1808,-2,0,0.8131,347.67,611.06,40.00,52.00,342.00,612.00,48.00,62.00,0.6507,5.75,1,0,3.2295,ACCEPT,0,2482,494,7890,5,250,1808,0,0,0,0
34,0,1,1,ACCEPT,10.1352,1.7259,2430,-3,-3,0.5428,343.92,606.19,40.00,52.00,337.50,607.50,43.00,39.00,0.5727,6.55,1,0,2.9325,ACCEPT,0,3006,509,6733,5,250,2430,0,0,0,0
35,0,1,1,ACCEPT,11.7609,1.3790,2365,-3,1,0.5416,340.17,607.81,40.00,52.00,343.50,621.00,25.00,48.00,0.3900,13.60,1,0,3.1687,ACCEPT,0,3271,429,12769,5,250,2365,0,0,0,0
36,0,1,1,ACCEPT,13.5963,1.6047,5018,-5,0,0.0295,333.92,607.81,40.00,52.00,345.00,622.00,26.00,66.00,0.3491,18.00,1,0,2.8272,ACCEPT,0,5519,426,5908,5,250,5018,0,0,0,0
37,0,1,1,ACCEPT,14.2079,2.7687,2370,-3,-1,0.4840,330.17,606.19,40.00,52.00,331.00,608.00,28.00,70.00,0.5635,1.99,1,0,3.0925,ACCEPT,0,2270,447,5565,5,250,2370,0,0,0,0
38,0,1,1,ACCEPT,12.3587,1.7919,1860,-3,-1,0.6559,326.42,604.56,40.00,52.00,325.00,608.00,30.00,44.00,0.6346,3.72,1,0,3.2964,ACCEPT,0,2218,482,6508,5,250,1860,0,0,0,0
39,0,1,1,ACCEPT,13.5886,1.4353,2140,-2,-1,0.7748,323.92,602.94,40.00,52.00,323.50,601.50,25.00,57.00,0.5896,1.50,1,0,3.4037,ACCEPT,0,2553,473,6942,5,250,2140,0,0,0,0
40,0,1,1,ACCEPT,11.0739,1.3538,2139,-3,1,0.6914,320.17,604.56,40.00,52.00,324.50,607.00,19.00,58.00,0.4503,4.97,1,0,3.3139,ACCEPT,0,2720,388,7431,5,250,2139,0,0,0,0
41,0,1,1,ACCEPT,18.1888,2.0269,2785,-4,2,0.0837,315.17,607.81,40.00,52.00,328.50,621.50,19.00,59.00,0.2678,19.10,1,0,2.6367,ACCEPT,0,1791,300,10012,5,250,2785,0,0,0,0
42,0,1,1,ACCEPT,12.8256,1.4788,3459,-2,0,0.7439,312.67,607.81,40.00,52.00,325.00,612.50,20.00,47.00,0.3554,13.19,1,0,2.8701,ACCEPT,0,3053,379,7630,5,250,3459,0,0,0,0
43,0,1,1,ACCEPT,17.3127,1.9925,2921,-2,-1,0.6347,310.17,606.19,40.00,52.00,319.00,618.50,18.00,67.00,0.3486,15.15,1,0,2.6632,ACCEPT,0,3004,362,8077,5,250,2921,0,0,0,0
44,0,1,1,ACCEPT,16.9354,3.3401,3270,-2,2,0.4394,307.67,609.44,40.00,52.00,308.00,611.50,34.00,61.00,0.7410,2.09,1,0,3.2524,ACCEPT,0,2993,531,7521,5,250,3270,0,0,0,0
45,0,1,1,ACCEPT,12.3199,1.6107,2350,-2,1,0.8234,305.17,611.06,40.00,52.00,300.50,609.00,39.00,56.00,0.7368,5.11,1,0,3.1776,ACCEPT,0,2955,541,7035,5,250,2350,0,0,0,0
46,0,1,0,NEGATIVE_PEAK,-12.9697,1.0028,-3523,-2,-6,0.8061,305.17,611.06,40.00,52.00,307.00,624.50,20.00,59.00,0.3478,13.56,0,0,0.0000,NOT_RUN,0,4348,537,0,5,250,3523,0,0,0,0
47,0,1,1,ACCEPT,22.6914,1.9803,4117,-2,0,0.6155,302.67,611.06,40.00,52.00,313.50,628.50,15.00,59.00,0.2385,20.53,1,0,2.6699,ACCEPT,0,2590,358,12819,5,250,4117,0,0,0,0
48,0,1,1,ACCEPT,20.7231,1.9964,5017,0,0,1.0000,302.67,611.06,40.00,52.00,313.00,626.50,20.00,71.00,0.3493,18.57,1,0,2.7029,ACCEPT,0,3552,344,14094,5,250,5017,0,0,0,0
49,0,1,1,ACCEPT,14.7997,1.9975,4858,0,0,1.0000,302.67,611.06,40.00,52.00,313.50,617.50,19.00,85.00,0.3564,12.60,1,0,2.8152,ACCEPT,0,4645,373,12212,5,250,4858,0,0,0,0
50,0,1,1,ACCEPT,12.9058,2.3340,3536,0,-1,0.9630,302.67,609.44,40.00,52.00,305.00,613.50,28.00,77.00,0.5237,4.68,1,0,2.8660,ACCEPT,0,3904,319,15383,5,250,3536,0,0,0,0
51,0,1,1,ACCEPT,12.9064,2.5587,4818,0,-1,0.9778,302.67,607.81,40.00,52.00,300.50,609.00,33.00,54.00,0.7945,2.48,1,0,3.0170,ACCEPT,0,6096,391,13688,5,250,4818,0,0,0,0
52,0,1,1,ACCEPT,9.0735,1.2086,4084,1,0,0.9944,303.92,607.81,40.00,52.00,304.50,614.00,27.00,66.00,0.5712,6.21,1,0,3.1107,ACCEPT,0,7692,366,13421,5,250,4084,0,0,0,0
53,0,1,1,ACCEPT,13.2018,1.0313,4982,-1,3,0.0056,302.67,612.69,40.00,52.00,312.00,623.50,26.00,61.00,0.4185,14.28,1,0,2.8093,ACCEPT,0,5961,394,17146,5,250,4982,0,0,0,0
54,0,1,1,ACCEPT,18.2881,2.0415,6104,2,1,0.5170,305.17,614.31,40.00,52.00,320.00,629.50,28.00,59.00,0.2612,21.23,1,0,2.7412,ACCEPT,0,4505,269,11674,5,250,6104,0,0,0,0
55,0,1,1,ACCEPT,17.7250,1.7157,3826,4,0,0.1150,310.17,614.31,40.00,52.00,326.00,629.00,22.00,68.00,0.2380,21.59,1,0,2.5050,ACCEPT,0,2877,227,12257,5,250,3826,0,0,0,0
56,0,1,1,ACCEPT,8.4659,1.2341,1824,6,-2,0.7500,317.67,611.06,40.00,52.00,321.50,616.00,33.00,78.00,0.5749,6.25,1,0,2.5563,ACCEPT,0,2947,377,14022,5,250,1824,0,0,0,0
57,0,1,1,ACCEPT,8.1254,1.2898,3663,3,-3,0.5719,321.42,606.19,40.00,52.00,321.00,612.00,42.00,60.00,0.7743,5.83,1,0,2.8968,ACCEPT,0,6450,502,11884,5,250,3663,0,0,0,0
58,0,1,1,ACCEPT,9.4360,1.6107,3993,3,1,0.7576,325.17,607.81,40.00,52.00,321.00,608.50,44.00,43.00,0.6935,4.23,1,0,2.8356,ACCEPT,0,5858,917,7917,5,250,3993,0,0,0,0
59,0,1,1,ACCEPT,8.3737,1.0332,2424,3,1,0.3164,328.92,609.44,40.00,52.00,330.00,616.00,34.00,62.00,0.6934,6.65,1,0,3.1046,ACCEPT,0,3589,1176,8561,5,250,2424,0,0,0,0
60,0,1,0,NEGATIVE_PEAK,-11.4624,1.3320,-2688,2,-3,0.2001,328.92,609.44,40.00,52.00,338.50,631.00,25.00,54.00,0.2660,23.59,0,0,0.0000,NOT_RUN,0,3651,381,0,5,250,2688,0,0,0,0
61,0,1,1,ACCEPT,12.8649,1.4667,1540,9,3,0.0662,340.17,614.31,40.00,52.00,352.50,626.00,21.00,92.00,0.3081,16.99,1,0,2.5095,ACCEPT,0,1765,517,11229,5,250,1540,0,0,0,0
62,0,1,1,ACCEPT,10.1073,1.2514,2394,4,0,0.2322,345.17,614.31,40.00,52.00,352.00,620.50,36.00,89.00,0.4425,9.21,1,0,2.4655,ACCEPT,0,3263,485,14198,5,250,2394,0,0,0,0
63,0,1,1,ACCEPT,10.6831,1.9226,2982,4,0,0.3018,350.17,614.31,40.00,52.00,352.50,624.50,43.00,59.00,0.6245,10.45,1,0,2.4067,ACCEPT,0,3853,550,14088,5,250,2982,0,0,0,0
64,0,1,1,ACCEPT,12.6442,2.2932,4270,2,2,0.5417,352.67,617.56,40.00,52.00,354.50,620.00,47.00,54.00,0.7792,3.05,1,0,2.5518,ACCEPT,0,4649,458,12040,5,250,4270,0,0,0,0
65,0,1,1,ACCEPT,6.6952,1.1096,2461,4,0,0.3308,357.67,617.56,40.00,52.00,364.00,627.50,38.00,71.00,0.5446,11.78,1,0,2.7696,ACCEPT,0,6023,543,12652,5,250,2461,0,0,0,0
66,0,1,1,ACCEPT,10.9422,1.1929,2808,7,3,0.0855,366.42,622.44,41.60,54.08,378.50,628.50,23.00,57.00,0.3908,13.51,1,1,2.1322,ACCEPT,0,3337,392,14736,5,250,2808,0,0,0,0
67,0,1,1,ACCEPT,12.1147,1.7686,4227,4,1,0.3052,371.61,624.12,41.60,54.08,381.50,632.00,25.00,72.00,0.4548,12.64,1,0,2.6050,ACCEPT,0,4550,339,13847,5,250,4227,0,0,0,0
68,0,1,1,ACCEPT,11.2053,1.6503,4078,3,1,0.3264,375.50,625.81,43.26,56.24,382.50,632.50,35.00,81.00,0.5221,9.68,1,1,2.1880,ACCEPT,0,4525,327,14769,5,250,4078,0,0,0,0
69,0,1,1,ACCEPT,10.9968,1.6207,5029,2,1,0.5782,378.22,627.56,44.99,58.49,380.00,630.00,40.00,60.00,0.8235,3.02,1,1,2.4957,ACCEPT,0,5071,298,11288,5,250,5029,0,0,0,0
70,0,1,1,ACCEPT,11.0915,1.7051,3666,3,-1,0.4113,382.44,625.73,44.99,58.49,385.00,633.50,38.00,69.00,0.6804,8.18,1,0,2.9381,ACCEPT,0,5213,351,11602,5,250,3666,0,0,0,0
71,0,1,1,ACCEPT,14.7828,1.8792,2193,6,3,0.0096,390.88,631.22,44.99,58.49,401.00,639.00,22.00,52.00,0.3823,12.77,1,0,2.4196,ACCEPT,0,2145,460,15042,5,250,2193,0,0,0,0
72,0,1,1,ACCEPT,15.8031,2.0385,3920,3,1,0.1398,395.09,633.05,44.99,58.49,399.50,647.50,17.00,79.00,0.3024,15.11,1,0,2.8499,ACCEPT,0,4769,285,14326,5,250,3920,0,0,0,0
73,0,1,1,ACCEPT,14.0952,1.9680,2954,3,1,0.4211,399.31,634.88,44.99,58.49,398.00,641.00,36.00,78.00,0.6316,6.26,1,0,2.6931,ACCEPT,0,3279,227,16628,5,250,2954,0,0,0,0
74,0,1,1,ACCEPT,11.4319,1.6693,3983,1,0,0.9779,400.72,634.88,44.99,58.49,395.50,636.50,43.00,47.00,0.6440,5.47,1,0,2.6932,ACCEPT,0,4743,317,22974,5,250,3983,0,0,0,0
75,0,1,1,ACCEPT,8.5829,1.3152,4110,2,1,0.8783,403.53,636.70,44.99,58.49,402.50,646.50,35.00,51.00,0.5532,9.85,1,0,2.9797,ACCEPT,0,8582,462,15043,5,250,4110,0,0,0,0
76,0,1,1,ACCEPT,9.3187,1.4302,2686,-1,2,0.6910,402.12,640.36,46.79,60.83,412.50,650.50,21.00,67.00,0.3614,14.51,1,1,2.5737,ACCEPT,0,5081,373,12049,5,250,2686,0,0,0,0
77,0,1,1,ACCEPT,13.4051,2.2993,4364,0,1,0.9001,402.12,642.27,46.79,60.83,403.00,651.50,40.00,87.00,0.6250,9.28,1,0,3.1843,ACCEPT,0,5556,324,12423,5,250,4364,0,0,0,0
78,0,1,1,ACCEPT,13.1908,1.9177,4986,-2,1,0.8283,399.19,644.17,46.79,60.83,394.50,650.00,49.00,58.00,0.6865,7.48,1,0,2.9812,ACCEPT,0,4906,312,12695,5,250,4986,0,0,0,0
79,0,1,1,ACCEPT,12.7371,1.7649,4068,-1,0,0.9575,397.72,644.17,46.79,60.83,393.00,651.50,48.00,41.00,0.5709,8.72,1,0,3.1737,ACCEPT,0,4994,279,12097,5,250,4068,0,0,0,0
80,0,1,1,ACCEPT,11.2384,1.5464,3102,-1,0,0.9845,396.25,644.17,46.79,60.83,394.00,654.00,46.00,62.00,0.6657,10.08,1,0,3.2095,ACCEPT,0,4468,338,11230,5,250,3102,0,0,0,0
81,0,1,1,ACCEPT,10.5771,1.2469,2505,-2,-1,0.7433,393.31,642.27,46.79,60.83,399.00,655.00,22.00,62.00,0.3411,13.95,1,0,2.8017,ACCEPT,0,4013,402,9065,5,250,2505,0,0,0,0
82,0,1,1,ACCEPT,10.8046,1.4572,2859,-1,0,0.8982,391.84,642.27,46.79,60.83,385.50,644.50,39.00,77.00,0.6133,6.73,1,0,2.9184,ACCEPT,0,3432,279,9169,5,250,2859,0,0,0,0
83,0,1,1,ACCEPT,10.6033,1.2843,2787,-2,0,0.7840,388.91,642.27,46.79,60.83,379.50,645.50,49.00,51.00,0.5803,9.95,1,0,2.6700,ACCEPT,0,4161,367,9420,5,250,2787,0,0,0,0
84,0,1,1,ACCEPT,12.2870,1.7853,3101,-2,-1,0.7188,385.97,640.36,46.79,60.83,377.50,646.00,47.00,62.00,0.5925,10.18,1,0,3.0254,ACCEPT,0,4892,324,9713,5,250,3101,0,0,0,0
85,0,1,1,ACCEPT,11.1553,1.4599,2403,-4,0,0.4981,380.09,640.36,46.79,60.83,383.50,651.50,31.00,71.00,0.5069,11.65,1,0,2.6918,ACCEPT,0,3912,219,9989,5,250,2403,0,0,0,0
86,0,1,1,ACCEPT,14.6389,2.4425,2975,-4,-2,0.3287,374.22,636.55,46.79,60.83,376.00,641.50,28.00,89.00,0.4685,5.26,1,0,2.9147,ACCEPT,0,2896,232,8099,5,250,2975,0,0,0,0
87,0,1,1,ACCEPT,15.5130,2.1792,3868,-3,-3,0.4062,369.81,630.83,46.79,60.83,373.50,637.50,25.00,77.00,0.4678,7.62,1,0,2.9884,ACCEPT,0,4031,297,8166,5,250,3868,0,0,0,0
88,0,1,1,ACCEPT,22.7851,3.1933,4675,-4,-1,0.4312,363.94,628.92,46.79,60.83,371.50,640.00,23.00,80.00,0.4108,13.41,1,0,2.9468,ACCEPT,0,3191,316,12627,5,250,4675,0,0,0,0
89,0,1,1,ACCEPT,12.7231,1.4835,6511,-3,-1,0.5177,359.53,627.02,46.79,60.83,370.00,644.00,22.00,72.00,0.3253,19.95,1,0,3.3855,ACCEPT,0,7918,488,10402,5,250,6511,0,0,0,0
90,0,1,1,ACCEPT,16.2480,3.2016,5369,-8,-3,0.1365,347.78,621.30,46.79,60.83,350.00,626.50,32.00,81.00,0.5575,5.66,1,0,3.1872,ACCEPT,0,6095,723,8960,5,250,5369,0,0,0,0
91,0,1,1,ACCEPT,14.5956,2.5103,5136,-4,-2,0.3880,341.91,617.48,46.79,60.83,340.50,620.50,37.00,73.00,0.6827,3.33,1,0,3.1829,ACCEPT,0,5042,632,10514,5,250,5136,0,0,0,0
92,0,1,1,ACCEPT,16.8497,2.3286,5577,-5,-1,0.3421,334.56,615.58,46.79,60.83,341.50,623.50,23.00,79.00,0.4286,10.53,1,0,3.2021,ACCEPT,0,5740,525,10841,5,250,5577,0,0,0,0
93,0,1,1,ACCEPT,18.4566,2.0588,5779,-4,-1,0.3753,328.69,613.67,46.79,60.83,339.00,632.00,16.00,64.00,0.2229,21.03,1,0,3.2014,ACCEPT,0,4266,424,16797,5,250,5779,0,0,0,0
94,0,1,1,ACCEPT,12.0267,2.1265,6507,-5,-1,0.1893,321.34,611.77,46.79,60.83,336.00,625.00,28.00,76.00,0.3374,19.75,1,0,3.4743,ACCEPT,0,8103,454,17498,5,250,6507,0,0,0,0
95,0,1,1,ACCEPT,16.5061,2.2427,7486,-9,-2,0.0426,308.12,607.95,46.79,60.83,309.50,620.00,33.00,70.00,0.5187,12.13,1,0,3.1503,ACCEPT,0,6496,354,20193,5,250,7486,0,0,0,0
96,0,1,1,ACCEPT,15.7681,2.5775,8802,-6,-2,0.2928,299.31,604.14,44.99,58.49,300.50,612.00,37.00,62.00,0.6488,7.95,1,-1,2.3676,ACCEPT,0,10158,406,17039,5,250,8802,0,0,0,0
97,0,1,1,ACCEPT,14.1509,2.2656,7814,-5,0,0.3618,292.28,604.14,43.26,56.24,296.50,615.00,35.00,58.00,0.5671,11.65,1,-1,2.3563,ACCEPT,0,10128,426,13364,5,250,7814,0,0,0,0
98,0,1,1,ACCEPT,13.1022,1.9956,7306,-3,2,0.3267,288.20,607.64,43.26,56.24,293.50,619.50,25.00,61.00,0.4191,12.99,1,0,3.2296,ACCEPT,0,8774,438,13067,5,250,7306,0,0,0,0
99,0,1,1,ACCEPT,12.9259,2.2706,7972,-3,0,0.5897,284.12,607.64,43.26,56.24,296.50,619.00,29.00,62.00,0.3664,16.80,1,0,3.5120,ACCEPT,0,8817,493,15675,5,250,7972,0,0,0,0
100,0,1,1,ACCEPT,12.9743,2.4925,7809,-7,1,0.1931,274.61,609.39,43.26,56.24,289.50,620.50,33.00,81.00,0.3441,18.58,1,0,3.4672,ACCEPT,0,9194,416,13623,5,250,7809,0,0,0,0
101,0,1,1,ACCEPT,14.7498,2.8422,5150,-2,1,0.4920,271.89,611.14,43.26,56.24,280.00,618.00,26.00,86.00,0.4560,10.62,1,0,3.0382,ACCEPT,0,4808,346,15133,5,250,5150,0,0,0,0
102,0,1,1,ACCEPT,14.8242,2.6186,6206,-2,0,0.8310,269.17,611.14,43.26,56.24,273.00,615.50,24.00,83.00,0.4389,5.80,1,0,2.9727,ACCEPT,0,5883,353,15979,5,250,6206,0,0,0,0
103,0,1,1,ACCEPT,17.3613,2.9501,6027,-2,0,0.8910,266.45,611.14,43.26,56.24,269.00,615.00,26.00,78.00,0.4876,4.62,1,0,2.8354,ACCEPT,0,5388,337,15064,5,250,6027,0,0,0,0
104,0,1,1,ACCEPT,18.8693,2.6909,5616,-1,0,0.9135,265.09,611.14,43.26,56.24,268.00,615.00,26.00,64.00,0.5550,4.83,1,0,2.9083,ACCEPT,0,5100,290,11782,5,250,5616,0,0,0,0
105,0,1,1,ACCEPT,13.5373,2.0072,5016,-4,-2,0.3890,259.66,607.64,43.26,56.24,260.50,612.50,31.00,73.00,0.5905,4.93,1,0,2.6336,ACCEPT,0,5846,265,8786,5,250,5016,0,0,0,0
106,0,1,0,NEGATIVE_PEAK,-12.6089,1.2694,-4123,-5,-8,0.6980,259.66,607.64,43.26,56.24,270.00,615.50,22.00,71.00,0.4431,12.99,0,0,0.0000,NOT_RUN,0,4713,332,0,5,250,4123,0,0,0,0
107,0,1,1,ACCEPT,25.2244,3.1127,4697,-1,0,0.9478,258.30,607.64,43.26,56.24,274.50,623.00,25.00,58.00,0.2389,22.33,1,0,2.6683,ACCEPT,0,3463,290,11021,5,250,4697,0,0,0,0
108,0,1,1,ACCEPT,11.2182,1.1956,3129,1,0,0.8795,259.66,607.64,43.26,56.24,278.00,624.50,32.00,71.00,0.2371,24.91,1,0,2.6145,ACCEPT,0,2874,440,9854,5,250,3129,0,0,0,0
109,0,1,1,ACCEPT,11.2501,2.0921,2544,0,-1,0.9941,259.66,605.89,44.99,58.49,268.00,616.00,26.00,88.00,0.4474,13.11,1,1,2.3534,ACCEPT,0,3204,434,9547,5,250,2544,0,0,0,0
110,0,1,1,ACCEPT,10.2722,1.7385,3072,-2,-3,0.6185,256.84,600.41,46.79,60.83,257.50,604.50,43.00,67.00,0.8153,4.15,1,1,2.5434,ACCEPT,0,3800,439,8520,5,250,3072,0,0,0,0
111,0,1,1,ACCEPT,10.9407,1.8318,2962,0,-1,0.9936,256.84,598.50,48.67,63.27,254.00,607.00,42.00,54.00,0.6496,8.96,1,1,2.8252,ACCEPT,0,4126,378,9148,5,250,2962,0,0,0,0
112,0,1,0,NEGATIVE_PEAK,-8.8094,1.2630,-3338,-10,-13,0.7906,256.84,598.50,48.67,63.27,263.00,613.50,30.00,67.00,0.4195,16.21,0,0,0.0000,NOT_RUN,0,4907,302,0,5,250,3338,0,0,0,0
113,0,1,1,ACCEPT,14.5504,1.3662,3343,-2,2,0.2632,253.81,602.47,48.67,63.27,266.50,615.00,21.00,72.00,0.3370,17.83,1,0,2.9397,ACCEPT,0,3400,350,17269,5,250,3343,0,0,0,0
114,0,1,1,ACCEPT,15.6981,2.0161,4125,6,-5,0.3278,262.91,592.55,50.61,65.80,271.00,622.00,22.00,70.00,0.2102,30.54,1,1,2.8559,ACCEPT,0,4284,443,12469,5,250,4125,0,0,0,0
115,0,1,1,ACCEPT,15.4885,2.0458,3443,-5,4,0.1136,255.02,600.80,52.64,68.43,260.50,603.50,51.00,59.00,0.7051,6.11,1,1,2.6859,ACCEPT,0,2879,315,10242,5,250,3443,0,0,0,0
116,0,1,1,ACCEPT,8.4842,1.1179,1820,1,2,0.6088,256.66,605.08,54.74,71.17,261.50,599.50,53.00,51.00,0.6101,7.39,1,1,2.5989,ACCEPT,0,2259,236,10496,5,250,1820,0,0,0,0
117,0,1,1,ACCEPT,8.8221,1.1295,1343,-13,-2,0.4348,234.52,600.64,54.74,71.17,260.50,602.50,59.00,53.00,0.3040,26.05,1,0,3.0448,ACCEPT,0,1463,239,11035,5,250,1343,0,0,0,0
118,0,1,1,ACCEPT,11.0507,1.3470,1153,10,-4,0.1943,251.55,591.77,56.93,74.01,261.50,610.50,59.00,45.00,0.3986,21.21,1,1,2.5383,ACCEPT,0,1072,605,14932,5,250,1153,0,0,0,0
119,0,1,0,NEGATIVE_PEAK,-13.9219,1.9817,-2063,7,5,0.1401,251.55,591.77,56.93,74.01,272.00,629.00,46.00,52.00,0.1377,42.48,0,0,0.0000,NOT_RUN,0,2191,325,0,5,250,2063,0,0,0,0
120,0,1,1,ACCEPT,11.2050,1.7358,1281,12,5,0.0609,272.92,603.33,56.93,74.01,276.50,633.50,39.00,55.00,0.2668,30.38,1,0,2.5704,ACCEPT,0,2055,248,10124,5,250,1281,0,0,0,0
121,0,1,1,ACCEPT,12.5949,1.7350,2521,-3,5,0.0159,267.58,614.89,56.93,74.01,275.00,618.00,60.00,44.00,0.4874,8.05,1,0,3.0176,ACCEPT,0,2627,215,13884,5,250,2521,0,0,0,0
122,0,1,1,ACCEPT,9.6232,1.2466,2204,0,0,1.0000,267.58,614.89,56.93,74.01,274.50,614.00,59.00,42.00,0.4714,6.98,1,0,2.7599,ACCEPT,0,2780,223,11353,5,250,2204,0,0,0,0
123,0,1,0,NEGATIVE_PEAK,-7.5008,1.0358,-1272,-9,-13,0.7028,267.58,614.89,56.93,74.01,278.00,610.50,54.00,55.00,0.5264,11.31,0,0,0.0000,NOT_RUN,0,1581,260,0,5,250,1272,0,0,0,0
124,0,1,1,ACCEPT,10.6174,1.3796,1977,-3,-8,0.4552,262.23,596.39,56.93,74.01,282.50,620.50,45.00,57.00,0.2307,31.50,1,0,2.4600,ACCEPT,0,2291,339,14455,5,250,1977,0,0,0,0
125,0,1,1,ACCEPT,7.0616,1.2992,660,9,9,0.0667,278.27,617.20,56.93,74.01,297.50,641.50,25.00,67.00,0.2056,30.99,1,0,2.5635,ACCEPT,0,1085,207,17009,5,250,660,0,0,0,0
126,0,1,1,ACCEPT,13.5182,1.5037,4415,2,1,0.7443,281.83,619.52,56.93,74.01,302.00,630.50,28.00,85.00,0.3015,22.97,1,0,2.4461,ACCEPT,0,5140,269,17613,5,250,4415,0,0,0,0
127,0,1,1,ACCEPT,10.6334,1.1321,3163,3,-2,0.6089,287.17,614.89,56.93,74.01,302.00,627.50,38.00,61.00,0.3780,19.46,1,0,2.6016,ACCEPT,0,3921,276,17043,5,250,3163,0,0,0,0
128,0,1,1,ACCEPT,12.7765,1.9257,4949,1,-1,0.8656,288.95,612.58,59.21,76.97,296.50,614.50,51.00,49.00,0.4931,7.79,1,1,2.8962,ACCEPT,0,6953,225,13689,5,250,4949,0,0,0,0
129,0,1,1,ACCEPT,10.7382,1.3280,3494,2,0,0.6783,292.64,612.58,61.58,80.05,299.00,615.50,50.00,47.00,0.4687,7.00,1,1,2.7520,ACCEPT,0,4675,266,14135,5,250,3494,0,0,0,0
130,0,1,1,ACCEPT,11.8584,1.2207,2345,5,10,0.0209,302.25,637.58,61.58,80.05,322.00,640.00,32.00,54.00,0.2809,19.90,1,0,2.4595,ACCEPT,0,2715,323,18061,5,250,2345,0,0,0,0
131,0,1,1,ACCEPT,18.8063,1.8974,4533,2,-7,0.1615,306.09,620.08,64.04,83.25,327.00,646.00,22.00,80.00,0.2089,33.30,1,1,2.3743,ACCEPT,0,3374,405,15725,5,250,4533,0,0,0,0
132,0,1,1,ACCEPT,17.7002,1.7013,4345,3,1,0.1411,312.09,622.69,64.04,83.25,330.00,631.50,32.00,89.00,0.3979,19.96,1,0,2.5460,ACCEPT,0,3009,282,20383,5,250,4345,0,0,0,0
133,0,1,1,ACCEPT,15.6428,2.4130,5632,2,0,0.6136,316.09,622.69,64.04,83.25,332.00,619.50,50.00,71.00,0.4896,16.22,1,0,2.3683,ACCEPT,0,3771,241,23122,5,250,5632,0,0,0,0
134,0,1,1,ACCEPT,9.7237,1.0030,5297,3,-2,0.6643,322.09,617.47,66.60,86.58,333.50,621.50,59.00,41.00,0.3467,12.10,1,1,2.7469,ACCEPT,0,7730,217,22676,5,250,5297,0,0,0,0
135,0,1,1,ACCEPT,11.0912,1.4526,4824,0,6,0.4791,322.09,633.69,69.27,90.05,347.50,638.00,39.00,42.00,0.1809,25.77,1,1,2.1137,ACCEPT,0,5609,192,21132,5,250,4824,0,0,0,0
136,0,1,1,ACCEPT,8.7303,1.1000,2641,6,-4,0.4756,335.12,622.44,69.27,90.05,356.50,642.00,25.00,52.00,0.2058,28.98,1,0,2.5159,ACCEPT,0,3492,253,24617,5,250,2641,0,0,0,0
137,0,1,1,ACCEPT,13.8683,1.7395,4888,3,1,0.3429,341.64,625.25,69.27,90.05,361.50,623.00,25.00,80.00,0.3207,19.99,1,0,2.1676,ACCEPT,0,4410,251,27201,5,250,4888,0,0,0,0
138,0,1,1,ACCEPT,10.3463,1.3322,5338,2,-1,0.6195,345.98,622.44,69.27,90.05,361.00,629.00,42.00,84.00,0.5030,16.39,1,0,2.4640,ACCEPT,0,6625,210,26031,5,250,5338,0,0,0,0
139,0,1,1,ACCEPT,12.6004,1.1573,7469,1,-1,0.8166,348.16,619.62,69.27,90.05,358.50,621.00,51.00,58.00,0.4578,10.43,1,0,2.7554,ACCEPT,0,7686,309,23662,5,250,7469,0,0,0,0
140,0,1,1,ACCEPT,11.0743,1.4288,4035,0,5,0.0295,348.16,633.69,69.27,90.05,372.00,635.00,30.00,48.00,0.1922,23.88,1,0,2.2304,ACCEPT,0,6533,290,23569,5,250,4035,0,0,0,0
141,0,1,1,ACCEPT,9.2377,1.3107,4881,-11,5,0.1916,324.27,647.75,69.27,90.05,385.50,635.50,27.00,57.00,0.0000,62.45,1,0,2.2062,ACCEPT,0,6889,337,19911,5,250,4881,0,0,0,0
142,0,1,1,ACCEPT,14.0492,1.5494,3466,2,8,0.1552,328.61,670.25,72.04,93.65,386.50,639.00,21.00,80.00,0.0000,65.79,1,1,2.4821,ACCEPT,0,4376,259,19949,5,250,3466,0,0,0,0
143,0,1,1,ACCEPT,12.8406,1.8777,3654,0,0,1.0000,328.61,670.25,72.04,93.65,382.00,628.00,44.00,80.00,0.0205,68.09,1,0,2.2937,ACCEPT,0,4537,214,17852,5,250,3654,0,0,0,0
144,0,1,1,ACCEPT,18.3756,2.1098,4017,1,-1,0.7638,330.86,667.33,69.27,90.05,382.50,620.00,45.00,52.00,0.0154,70.05,1,-1,2.3666,ACCEPT,0,2844,211,16541,5,250,4017,0,0,0,0
145,0,1,1,ACCEPT,21.3942,2.1821,4912,-1,0,0.9896,328.69,667.33,72.04,93.65,390.50,624.50,37.00,67.00,0.0000,75.20,1,1,2.4613,ACCEPT,0,4285,240,13070,5,250,4912,0,0,0,0
146,0,1,1,ACCEPT,19.6644,2.1687,3483,1,-1,0.8952,330.94,664.41,72.04,93.65,399.00,633.00,30.00,62.00,0.0000,74.96,1,0,2.8777,ACCEPT,0,3298,285,12217,5,250,3483,0,0,0,0
147,0,1,1,ACCEPT,23.9457,2.5410,3842,0,0,1.0000,330.94,664.41,72.04,93.65,404.00,626.50,22.00,57.00,0.0000,82.31,1,0,2.7871,ACCEPT,0,2400,306,11343,5,250,3842,0,0,0,0
148,0,1,1,ACCEPT,23.4365,2.1932,3656,1,-1,0.8578,333.19,661.48,72.04,93.65,395.50,628.00,41.00,72.00,0.0000,70.74,1,0,2.5365,ACCEPT,0,2404,250,10328,5,250,3656,0,0,0,0
149,0,1,1,ACCEPT,15.8676,2.1900,2398,2,0,0.6739,337.69,661.48,72.04,93.65,391.00,614.50,50.00,71.00,0.0272,71.06,1,0,2.2957,ACCEPT,0,1987,236,9387,5,250,2398,0,0,0,0
150,0,1,1,ACCEPT,11.6939,1.4127,1821,1,0,0.8446,339.94,661.48,74.92,97.39,399.00,630.00,30.00,62.00,0.0000,66.93,1,1,2.5093,ACCEPT,0,2472,213,9977,5,250,1821,0,0,0,0
151,0,1,1,ACCEPT,15.3176,1.7734,2160,1,-1,0.8657,342.28,658.44,72.04,93.65,405.00,621.00,20.00,56.00,0.0000,73.04,1,-1,2.4609,ACCEPT,0,2204,263,10329,5,250,2160,0,0,0,0
152,0,1,1,ACCEPT,17.2055,1.8372,2765,0,-1,0.8412,342.28,655.52,72.04,93.65,399.50,621.00,33.00,76.00,0.0000,66.82,1,0,2.5893,ACCEPT,0,2183,241,10411,5,250,2765,0,0,0,0
153,0,1,1,ACCEPT,17.3033,2.2322,2913,0,-2,0.6821,342.28,649.67,72.04,93.65,388.50,605.50,47.00,73.00,0.0539,63.93,1,0,2.6609,ACCEPT,0,2450,237,9021,5,250,2913,0,0,0,0
154,0,1,1,ACCEPT,17.2292,2.0316,2568,1,-1,0.9217,344.53,646.75,74.92,97.39,387.00,604.50,48.00,71.00,0.0804,59.91,1,1,2.6941,ACCEPT,0,2287,229,8334,5,250,2568,0,0,0,0
155,0,1,1,ACCEPT,8.4799,1.0256,920,0,1,0.8283,344.53,649.80,77.92,101.29,384.50,613.00,29.00,80.00,0.0766,54.33,1,1,2.6657,ACCEPT,0,1562,182,8029,5,250,920,0,0,0,0
156,0,1,1,ACCEPT,10.5729,1.0230,935,2,-13,0.6000,349.41,608.56,77.92,101.29,374.50,601.00,41.00,82.00,0.3340,26.21,1,1,2.5162,OUT_OF_RANGE,0,1017,187,8509,5,250,935,0,0,0,0
157,0,1,1,ACCEPT,11.2527,1.2023,1266,7,-8,0.1288,366.47,583.19,77.92,101.29,367.00,596.00,48.00,60.00,0.3649,12.82,1,0,2.1027,ACCEPT,0,1310,279,7763,5,250,1266,0,0,0,0
158,0,1,1,ACCEPT,20.5134,2.7450,1916,-2,-1,0.6910,361.59,580.02,77.92,101.29,363.50,594.00,49.00,42.00,0.2608,14.11,1,0,1.7500,LOW_CONF,0,1706,458,7171,5,250,1916,0,0,0,0
159,0,1,1,ACCEPT,21.3827,2.4886,2073,-3,-1,0.6753,354.28,576.84,77.92,101.29,370.00,588.00,26.00,48.00,0.1581,19.28,1,0,1.8221,LOW_CONF,0,1714,390,8802,5,250,2073,0,0,0,0
160,0,1,1,ACCEPT,20.7162,2.8453,1582,-2,-2,0.6839,349.41,570.50,77.92,101.29,374.00,595.50,28.00,47.00,0.1667,35.07,1,0,1.6185,LOW_CONF,0,1438,313,8883,5,250,1582,0,0,0,0
161,0,1,1,ACCEPT,14.7296,1.6633,835,-1,-2,0.7892,346.97,564.16,77.92,101.29,368.50,594.50,29.00,81.00,0.2080,37.21,1,0,1.9637,LOW_CONF,0,894,291,11634,5,250,835,0,0,0,0
162,0,1,1,ACCEPT,13.1945,1.5448,1052,-1,3,0.5903,344.53,573.67,77.92,101.29,350.00,583.50,34.00,79.00,0.3403,11.25,1,0,2.3857,ACCEPT,0,1208,227,9686,5,250,1052,0,0,0,0
163,0,1,1,ACCEPT,15.8673,1.8300,1109,-1,-2,0.5870,342.09,567.33,77.92,101.29,342.00,578.00,46.00,56.00,0.3264,10.67,1,0,2.4753,ACCEPT,0,1060,249,9169,5,250,1109,0,0,0,0
164,0,1,1,ACCEPT,18.2828,2.1546,920,-1,0,0.9543,339.66,567.33,77.92,101.29,341.00,582.00,44.00,34.00,0.1896,14.73,1,0,2.5907,ACCEPT,0,744,228,9874,5,250,920,0,0,0,0
165,0,1,1,ACCEPT,16.6039,2.3391,538,-1,0,0.8829,337.22,567.33,77.92,101.29,355.00,583.00,16.00,64.00,0.1297,23.70,1,0,2.5563,ACCEPT,0,514,158,11916,5,250,538,0,0,0,0
166,0,1,1,ACCEPT,13.6282,1.2602,494,0,0,1.0000,337.22,567.33,77.92,101.29,362.00,582.50,26.00,51.00,0.1680,29.06,1,0,2.5227,ACCEPT,0,539,197,11261,5,250,494,0,0,0,0
167,0,1,1,ACCEPT,10.7637,1.0851,727,3,-8,0.8900,344.53,541.95,77.92,101.29,358.50,572.50,17.00,57.00,0.1028,33.59,1,0,2.6941,ACCEPT,0,1020,292,9359,5,250,727,0,0,0,0
168,0,1,1,ACCEPT,13.5133,1.5699,719,-2,6,0.1433,339.66,560.98,77.92,101.29,352.50,578.00,19.00,84.00,0.1785,21.32,1,0,2.4318,ACCEPT,0,917,240,9749,5,250,719,0,0,0,0
169,0,1,1,ACCEPT,13.0906,1.5338,1566,0,-2,0.7669,339.66,554.64,77.92,101.29,341.50,571.00,41.00,66.00,0.3429,16.46,1,0,2.4945,ACCEPT,0,1809,315,8111,5,250,1566,0,0,0,0
170,0,1,1,ACCEPT,14.8901,1.7648,1456,0,-2,0.7122,339.66,548.30,77.92,101.29,347.50,556.50,27.00,47.00,0.1608,11.35,1,0,2.3557,ACCEPT,0,1608,188,9048,5,250,1456,0,0,0,0
171,0,1,1,ACCEPT,15.4628,1.7328,856,0,0,1.0000,339.66,548.30,77.92,101.29,354.00,559.00,18.00,52.00,0.1186,17.90,1,0,2.6688,ACCEPT,0,786,136,9840,5,250,856,0,0,0,0
172,0,1,1,ACCEPT,12.3584,1.9688,947,1,1,0.9335,342.09,551.47,77.92,101.29,360.00,572.50,14.00,61.00,0.1065,27.62,1,0,2.6237,ACCEPT,0,1129,156,9382,5,250,947,0,0,0,0
173,0,1,1,ACCEPT,7.4745,1.0424,762,1,-1,0.7992,344.53,548.30,77.92,101.29,362.50,564.50,13.00,73.00,0.1165,24.20,1,0,2.7632,ACCEPT,0,1491,175,9855,5,250,762,0,0,0,0
174,0,1,1,ACCEPT,8.1498,1.0546,889,1,0,0.9246,346.97,548.30,77.92,101.29,363.50,567.00,17.00,90.00,0.1612,24.96,1,0,2.7592,ACCEPT,0,1546,202,9719,5,250,889,0,0,0,0
175,0,1,1,ACCEPT,12.4461,1.5548,1177,2,-1,0.7222,351.84,545.12,77.92,101.29,364.00,563.50,34.00,59.00,0.2542,22.03,1,0,2.7257,ACCEPT,0,1309,261,9807,5,250,1177,0,0,0,0
176,0,1,1,ACCEPT,13.7151,1.9576,1525,0,0,1.0000,351.84,545.12,77.92,101.29,363.50,557.50,33.00,37.00,0.1547,17.00,1,0,2.8238,ACCEPT,0,1908,354,8333,5,250,1525,0,0,0,0
177,0,1,1,ACCEPT,10.2417,1.3689,976,2,-1,0.8258,356.72,541.95,77.92,101.29,365.50,560.00,31.00,66.00,0.2573,20.07,1,0,2.7195,ACCEPT,0,1389,330,7060,5,250,976,0,0,0,0
178,0,1,0,NEGATIVE_PEAK,-10.5469,1.1924,-663,10,1,0.7360,356.72,541.95,77.92,101.29,376.00,561.50,20.00,53.00,0.1343,27.46,0,0,0.0000,NOT_RUN,0,964,348,0,5,250,663,0,0,0,0
179,0,1,1,ACCEPT,9.2890,1.2707,690,1,1,0.8333,359.16,545.12,77.92,101.29,379.50,561.50,23.00,87.00,0.2207,26.12,1,0,2.1586,ACCEPT,0,1292,335,7081,5,250,690,0,0,0,0
180,0,1,1,ACCEPT,16.3432,1.9047,1678,0,0,1.0000,359.16,545.12,74.92,97.39,363.50,560.00,49.00,52.00,0.3492,15.50,1,-1,2.4348,ACCEPT,0,1275,351,7768,5,250,1678,0,0,0,0
181,0,1,1,ACCEPT,14.5889,1.6233,1508,0,0,1.0000,359.16,545.12,72.04,93.65,365.50,560.50,47.00,59.00,0.4110,16.63,1,-1,2.3628,ACCEPT,0,1525,361,6964,5,250,1508,0,0,0,0
182,0,1,1,ACCEPT,9.2951,1.0269,878,0,0,1.0000,359.16,545.12,69.27,90.05,372.50,563.00,21.00,36.00,0.1212,22.31,1,-1,2.3671,ACCEPT,0,1243,335,6857,5,250,878,0,0,0,0
183,0,1,1,ACCEPT,11.7557,1.9494,1002,-1,1,0.8553,356.98,547.94,66.60,86.58,370.50,562.50,17.00,73.00,0.1880,19.87,1,-1,2.0239,ACCEPT,0,1359,296,6662,5,250,1002,0,0,0,0
184,0,1,1,ACCEPT,13.9997,2.3345,1305,-3,-1,0.5954,350.75,545.23,69.27,90.05,355.50,559.00,35.00,78.00,0.3778,14.56,1,1,2.3838,ACCEPT,0,1376,285,9484,5,250,1305,0,0,0,0
185,0,1,1,ACCEPT,19.6894,2.5225,2689,-4,0,0.3537,342.06,545.23,69.27,90.05,342.50,558.50,45.00,49.00,0.3535,13.27,1,0,2.7729,ACCEPT,0,2584,345,11438,5,250,2689,0,0,0,0
186,0,1,1,ACCEPT,13.6609,1.2525,1726,-1,0,0.9340,339.89,545.23,69.27,90.05,349.50,563.50,19.00,43.00,0.1310,20.64,1,-1,1.8170,LOW_CONF,0,1844,203,13077,5,250,1726,0,0,0,0
187,0,1,1,ACCEPT,17.5041,2.8105,2937,-4,-1,0.3497,331.20,542.42,69.27,90.05,355.00,562.50,28.00,47.00,0.1828,31.14,1,0,2.1898,ACCEPT,0,2980,220,14060,5,250,2937,0,0,0,0
188,0,1,1,ACCEPT,13.1049,1.7105,3450,-2,1,0.7670,326.86,545.23,69.27,90.05,348.50,561.00,29.00,86.00,0.2945,26.77,1,0,2.0573,ACCEPT,0,4551,332,24098,5,250,3450,0,0,0,0
189,0,1,1,ACCEPT,13.3398,1.6398,5831,-1,0,0.9293,324.69,545.23,69.27,90.05,328.50,551.50,35.00,79.00,0.4373,7.33,1,0,2.3188,ACCEPT,0,5075,310,24554,5,250,5831,0,0,0,0
190,0,1,1,ACCEPT,19.0927,2.1244,5054,-4,-2,0.3190,316.00,539.61,72.04,93.65,320.00,548.50,42.00,53.00,0.3300,9.75,1,1,2.1970,ACCEPT,0,4801,478,28907,5,250,5054,0,0,0,0
191,0,1,1,ACCEPT,21.5103,2.6980,5431,-1,0,0.9672,313.75,539.61,74.92,97.39,327.00,556.00,22.00,72.00,0.2037,21.08,1,1,2.0409,ACCEPT,0,3877,519,29780,5,250,5431,0,0,0,0
192,0,1,1,ACCEPT,20.9470,3.6393,5135,-1,0,0.9435,311.41,539.61,74.92,97.39,332.50,561.00,25.00,46.00,0.1576,30.04,1,0,2.5596,ACCEPT,0,4398,472,32767,5,250,5135,0,0,0,0
193,0,1,1,ACCEPT,13.1785,1.3801,4902,0,0,1.0000,311.41,539.61,72.04,93.65,335.50,557.00,25.00,74.00,0.2327,29.71,1,-1,2.2342,ACCEPT,0,5488,383,29823,5,250,4902,0,0,0,0
194,0,1,1,ACCEPT,10.2451,1.2021,3682,0,0,1.0000,311.41,539.61,69.27,90.05,325.50,556.00,11.00,92.00,0.1277,21.62,1,-1,2.2821,ACCEPT,0,4522,315,23003,5,250,3682,0,0,0,0
195,0,1,1,ACCEPT,15.4764,1.7265,3724,-2,0,0.7814,307.06,539.61,72.04,93.65,308.00,555.00,44.00,64.00,0.4122,15.42,1,1,2.5892,ACCEPT,0,3542,377,17499,5,250,3724,0,0,0,0
196,0,1,1,ACCEPT,20.7512,2.6210,2967,-1,0,0.9535,304.81,539.61,72.04,93.65,310.00,556.00,38.00,60.00,0.3380,17.19,1,0,2.8447,ACCEPT,0,2921,340,15381,5,250,2967,0,0,0,0
197,0,1,1,ACCEPT,17.2570,1.6816,2033,0,0,1.0000,304.81,539.61,72.04,93.65,317.00,556.50,24.00,69.00,0.2256,20.83,1,0,2.7112,ACCEPT,0,1535,363,15767,5,250,2033,0,0,0,0
198,0,1,1,ACCEPT,12.7567,1.0932,1583,1,7,0.8913,307.06,560.06,74.92,97.39,323.00,553.00,22.00,56.00,0.1688,17.43,1,1,2.2631,ACCEPT,0,1653,368,15439,5,250,1583,0,0,0,0
199,0,1,1,ACCEPT,15.2613,2.0494,1783,-1,-6,0.1077,304.72,541.78,74.92,97.39,328.50,552.00,19.00,56.00,0.1458,25.88,1,0,2.7954,ACCEPT,0,1631,343,15192,5,250,1783,0,0,0,0
200,0,1,1,ACCEPT,10.3774,1.0424,1893,2,2,0.8341,309.41,547.88,74.92,97.39,316.00,566.50,28.00,93.00,0.2764,19.76,1,0,2.7435,ACCEPT,0,2101,345,14679,5,250,1893,0,0,0,0
201,0,1,1,ACCEPT,14.0612,1.8758,2446,2,1,0.7805,314.09,550.92,72.04,93.65,315.50,569.00,39.00,66.00,0.3484,18.13,1,-1,2.6168,ACCEPT,0,2207,325,13766,5,250,2446,0,0,0,0
202,0,1,1,ACCEPT,19.2460,2.7776,2311,1,-1,0.9087,316.34,548.00,72.04,93.65,317.00,570.00,44.00,62.00,0.3500,22.01,1,0,2.4364,ACCEPT,0,2130,300,12708,5,250,2311,0,0,0,0
203,0,1,1,ACCEPT,18.3160,1.9598,2438,1,0,0.9984,318.59,548.00,74.92,97.39,322.50,569.50,41.00,61.00,0.3183,21.85,1,1,2.3425,ACCEPT,0,1902,268,13918,5,250,2438,0,0,0,0
204,0,1,1,ACCEPT,13.3810,1.1687,1240,2,0,0.8056,323.28,548.00,77.92,101.29,328.50,575.50,35.00,63.00,0.2337,27.99,1,1,2.9122,ACCEPT,0,1413,288,10247,5,250,1240,0,0,0,0
205,0,1,1,ACCEPT,14.4530,1.8193,715,2,4,0.0266,328.16,560.69,77.92,101.29,341.50,565.00,35.00,68.00,0.3016,14.02,1,0,2.7859,ACCEPT,0,849,335,12755,5,250,715,0,0,0,0
206,0,1,1,ACCEPT,19.5479,3.2781,1285,2,0,0.8062,333.03,560.69,77.92,101.29,350.50,562.00,31.00,62.00,0.2435,17.52,1,0,2.1672,ACCEPT,0,1316,360,10854,5,250,1285,0,0,0,0
207,0,1,1,ACCEPT,22.6192,4.2978,1169,0,0,1.0000,333.03,560.69,77.92,101.29,354.00,566.00,38.00,38.00,0.1772,21.63,1,0,2.2579,ACCEPT,0,1044,384,11377,5,250,1169,0,0,0,0
208,0,1,1,ACCEPT,18.6666,3.0000,1626,1,-1,0.8346,335.47,557.52,77.92,101.29,356.50,569.00,45.00,38.00,0.1905,23.96,1,0,2.5900,ACCEPT,0,1880,297,10216,5,250,1626,0,0,0,0
209,0,1,1,ACCEPT,12.3169,1.5653,1174,0,2,0.9003,335.47,563.86,77.92,101.29,355.50,571.00,49.00,46.00,0.2452,21.27,1,0,1.4904,LOW_CONF,0,1886,287,10653,5,250,1174,0,0,0,0
210,0,1,1,ACCEPT,11.7587,1.8447,404,6,1,0.0718,350.09,567.03,77.92,101.29,362.50,577.00,35.00,70.00,0.3104,15.92,1,0,2.9059,ACCEPT,0,543,236,8919,5,250,404,0,0,0,0
211,0,1,1,ACCEPT,11.4933,1.6513,393,1,2,0.6132,352.53,573.38,74.92,97.39,360.00,577.00,40.00,88.00,0.4824,8.30,1,-1,2.4252,ACCEPT,0,471,255,12130,5,250,393,0,0,0,0
212,0,1,1,ACCEPT,11.0802,1.1355,1131,0,-2,0.5340,352.53,567.28,74.92,97.39,361.00,575.50,44.00,45.00,0.2714,11.80,1,0,2.9832,ACCEPT,0,1231,298,10526,5,250,1131,0,0,0,0
213,0,1,1,ACCEPT,9.6617,1.1085,950,-5,-5,0.9589,340.81,552.05,77.92,101.29,365.50,579.50,41.00,59.00,0.2161,36.92,1,1,2.2927,ACCEPT,0,1299,317,7503,5,250,950,0,0,0,0
214,0,1,1,ACCEPT,9.6527,1.2031,314,5,7,0.1433,353.00,574.25,77.92,101.29,371.00,581.50,30.00,39.00,0.1482,19.41,1,0,2.7204,ACCEPT,0,450,168,15953,5,250,314,0,0,0,0
215,0,1,1,ACCEPT,15.2466,1.7887,1524,2,-4,0.1621,357.88,561.56,77.92,101.29,373.00,580.50,30.00,81.00,0.2656,24.24,1,0,2.0591,ACCEPT,0,1797,265,8918,5,250,1524,0,0,0,0
216,0,1,1,ACCEPT,16.4392,2.0214,1039,0,0,1.0000,357.88,561.56,77.92,101.29,364.50,576.00,53.00,58.00,0.3895,15.88,1,1,2.6661,OUT_OF_RANGE,0,730,315,15156,5,250,1039,0,0,0,0
217,0,1,1,ACCEPT,13.8628,1.5230,1491,1,1,0.9081,360.31,564.73,77.92,101.29,370.00,578.50,48.00,61.00,0.3710,16.83,1,0,2.4412,ACCEPT,0,1469,324,14186,5,250,1491,0,0,0,0
218,0,1,0,NEGATIVE_PEAK,-10.9996,1.0924,-969,6,2,0.8411,360.31,564.73,77.92,101.29,374.50,585.50,23.00,49.00,0.1428,25.15,0,0,0.0000,NOT_RUN,0,1157,338,0,5,250,969,0,0,0,0
219,0,1,1,ACCEPT,12.3279,1.3670,1367,-2,1,0.7630,355.44,567.91,74.92,97.39,374.00,587.50,16.00,71.00,0.1397,26.99,1,-1,2.1104,ACCEPT,0,1408,343,13883,5,250,1367,0,0,0,0
220,0,1,1,ACCEPT,13.3598,1.0788,1478,-1,-2,0.7023,353.09,561.81,74.92,97.39,355.50,572.00,41.00,52.00,0.2922,10.47,1,0,2.4748,ACCEPT,0,1272,286,10708,5,250,1478,0,0,0,0
221,0,1,1,ACCEPT,10.9814,1.0559,907,-2,0,0.7365,348.41,561.81,77.92,101.29,353.00,575.00,38.00,64.00,0.3082,13.96,1,1,2.6758,ACCEPT,0,999,291,11661,5,250,907,0,0,0,0
222,0,1,0,NEGATIVE_PEAK,-12.8547,1.4179,-855,9,0,0.6994,348.41,561.81,77.92,101.29,359.00,581.00,18.00,52.00,0.1186,21.92,0,0,0.0000,NOT_RUN,0,984,269,0,5,250,855,0,0,0,0
223,0,1,0,NEGATIVE_PEAK,-11.6402,1.3729,-751,9,1,0.6937,348.41,561.81,77.92,101.29,358.50,578.50,15.00,49.00,0.0931,19.50,0,0,0.0000,NOT_RUN,0,1036,278,0,5,250,751,0,0,0,0
224,0,1,0,NEGATIVE_PEAK,-10.3156,1.5090,-673,9,1,0.4651,348.41,561.81,77.92,101.29,357.50,579.00,11.00,94.00,0.1101,19.44,0,0,0.0000,NOT_RUN,0,1000,276,0,5,250,673,0,0,0,0
225,0,1,1,ACCEPT,14.2123,1.4627,961,-6,1,0.0062,333.78,564.98,74.92,97.39,340.00,580.00,32.00,76.00,0.3085,16.25,1,-1,2.5448,ACCEPT,0,927,285,14786,5,250,961,0,0,0,0
226,0,1,1,ACCEPT,15.6728,1.7517,1044,-2,0,0.7778,329.09,564.98,74.92,97.39,339.00,581.00,24.00,80.00,0.2334,18.83,1,0,2.5984,ACCEPT,0,807,202,15479,5,250,1044,0,0,0,0
227,0,1,1,ACCEPT,15.1137,2.4965,709,-1,0,0.9492,326.75,564.98,74.92,97.39,339.50,584.00,15.00,78.00,0.1385,22.89,1,0,2.3912,ACCEPT,0,553,218,13088,5,250,709,0,0,0,0
228,0,1,1,ACCEPT,15.9121,2.4545,675,-2,0,0.7259,322.06,564.98,74.92,97.39,337.50,583.00,15.00,80.00,0.1426,23.73,1,0,2.3571,ACCEPT,0,680,213,13853,5,250,675,0,0,0,0
229,0,1,1,ACCEPT,14.0589,1.4993,1051,-1,-1,0.7098,319.72,561.94,69.27,90.05,331.00,576.50,20.00,89.00,0.2300,18.42,1,-2,2.3328,ACCEPT,0,1161,248,11525,5,250,1051,0,0,0,0
230,0,1,1,ACCEPT,13.1143,1.3006,1099,-5,0,0.0337,308.86,561.94,72.04,93.65,320.00,577.00,22.00,70.00,0.2154,18.73,1,1,2.6648,ACCEPT,0,1277,333,10263,5,250,1099,0,0,0,0
231,0,1,1,ACCEPT,19.5373,2.4455,1054,-1,1,0.8491,306.61,564.86,69.27,90.05,314.50,579.00,23.00,80.00,0.2529,16.19,1,-1,2.5226,ACCEPT,0,701,369,9906,5,250,1054,0,0,0,0
232,0,1,1,ACCEPT,16.9123,1.8168,863,-2,1,0.6593,302.27,567.67,69.27,90.05,313.00,582.00,18.00,84.00,0.2032,17.90,1,0,2.5213,ACCEPT,0,718,374,9338,5,250,863,0,0,0,0
233,0,1,1,ACCEPT,18.2234,2.5607,781,-1,0,0.8297,300.09,567.67,69.27,90.05,315.50,584.50,15.00,71.00,0.1505,22.82,1,0,2.5395,ACCEPT,0,581,372,7963,5,250,781,0,0,0,0
234,0,1,1,ACCEPT,22.1952,3.1667,817,-1,0,0.8629,297.92,567.67,66.60,86.58,314.00,580.00,22.00,64.00,0.2393,20.26,1,-1,2.3635,ACCEPT,0,622,395,8135,5,250,817,0,0,0,0
235,0,1,1,ACCEPT,17.0977,2.1840,819,-4,1,0.2662,289.61,570.38,69.27,90.05,301.50,578.50,37.00,81.00,0.4495,14.40,1,1,2.2849,ACCEPT,0,770,368,7389,5,250,819,0,0,0,0
236,0,1,1,ACCEPT,18.1217,2.1608,739,-1,-1,0.7307,287.44,567.56,66.60,86.58,293.00,577.50,36.00,69.00,0.4206,11.39,1,-1,2.6635,ACCEPT,0,639,387,6460,5,250,739,0,0,0,0
237,0,1,1,ACCEPT,15.8938,1.6013,743,-2,-1,0.5424,283.28,564.86,66.60,86.58,286.00,572.00,32.00,68.00,0.3773,7.64,1,0,2.6246,ACCEPT,0,635,424,12441,5,250,743,0,0,0,0
238,0,1,1,ACCEPT,13.5187,1.1137,1988,-2,0,0.7535,279.12,564.86,66.60,86.58,285.50,573.00,31.00,76.00,0.3873,10.34,1,0,2.7364,ACCEPT,0,2192,339,6958,5,250,1988,0,0,0,0
239,0,1,1,ACCEPT,14.1321,1.4892,965,-2,-1,0.6777,274.97,562.16,69.27,90.05,287.50,576.00,23.00,80.00,0.2542,18.67,1,1,2.9156,ACCEPT,0,944,314,6118,5,250,965,0,0,0,0
240,0,1,1,ACCEPT,14.9851,1.2784,652,-2,0,0.6733,270.62,562.16,66.60,86.58,288.50,576.50,19.00,77.00,0.2154,22.92,1,-1,2.6497,ACCEPT,0,631,331,7483,5,250,652,0,0,0,0
241,0,1,1,ACCEPT,16.8900,2.1528,831,-1,-1,0.7750,268.55,559.45,66.60,86.58,282.00,572.00,20.00,54.00,0.1873,18.40,1,0,2.4610,ACCEPT,0,992,295,11923,5,250,831,0,0,0,0
242,0,1,1,ACCEPT,17.6121,2.1909,1779,-2,0,0.7757,264.39,559.45,69.27,90.05,279.00,569.50,18.00,69.00,0.1991,17.73,1,1,2.6633,ACCEPT,0,1864,297,11052,5,250,1779,0,0,0,0
243,0,1,1,ACCEPT,16.7814,1.6596,1726,-1,-1,0.8268,262.22,556.64,66.60,86.58,276.50,563.50,15.00,69.00,0.1795,15.84,1,-1,2.4745,ACCEPT,0,1683,296,12775,5,250,1726,0,0,0,0
244,0,1,1,ACCEPT,13.8460,1.2692,1947,-2,-1,0.7951,258.06,553.94,69.27,90.05,273.00,566.50,18.00,77.00,0.2013,19.52,1,1,2.7775,ACCEPT,0,2076,274,13404,5,250,1947,0,0,0,0
245,0,1,1,ACCEPT,22.5728,2.8697,2026,-4,-1,0.1076,249.38,551.12,69.27,90.05,264.00,564.00,24.00,48.00,0.1847,19.48,1,0,2.7506,ACCEPT,0,1385,267,16903,5,250,2026,0,0,0,0
246,0,1,1,ACCEPT,17.8530,1.9148,2271,-2,0,0.5989,245.03,551.12,69.27,90.05,259.50,563.50,27.00,51.00,0.2208,19.04,1,0,2.5210,ACCEPT,0,2192,280,18504,5,250,2271,0,0,0,0
247,0,1,1,ACCEPT,15.3842,1.7269,2359,-2,-1,0.5570,240.69,548.31,69.27,90.05,255.00,560.50,28.00,65.00,0.2918,18.80,1,0,2.6746,ACCEPT,0,2667,307,16760,5,250,2359,0,0,0,0
248,0,1,1,ACCEPT,15.7104,1.6221,2052,-2,0,0.7758,236.34,548.31,69.27,90.05,253.50,565.00,23.00,60.00,0.2138,23.93,1,0,2.6631,ACCEPT,0,2343,373,15453,5,250,2052,0,0,0,0
249,0,1,1,ACCEPT,16.6291,2.7037,1752,-1,-1,0.7688,234.17,545.50,66.60,86.58,250.00,556.00,12.00,44.00,0.0916,18.99,1,-1,2.7605,ACCEPT,0,2109,471,15256,5,250,1752,0,0,0,0
250,0,1,1,ACCEPT,12.9973,1.2921,1756,-4,-3,0.1583,225.86,537.39,66.60,86.58,240.50,549.00,21.00,74.00,0.2454,18.68,1,0,2.5756,ACCEPT,0,2492,442,8982,5,250,1756,0,0,0,0
0,0,0,0,ZERO_RESPONSE,0.0000,0.0000,0,0,0,0.0000,316.00,86.00,72.00,60.00,316.00,86.00,72.00,60.00,1.0000,0.00,1,0,0.0000,NOT_RUN,0,0,286,32767,6,338,0,0,0,0,0
1,0,1,1,ACCEPT,3.9645,1.1343,228,1,7,0.2193,318.25,99.12,72.00,60.00,333.50,113.50,49.00,61.00,0.3997,20.96,1,0,2.7955,ACCEPT,0,884,173,26718,6,338,228,0,0,0,0
2,0,1,1,ACCEPT,4.8799,1.0043,236,6,6,0.0508,331.75,110.38,72.00,60.00,342.50,140.50,29.00,61.00,0.1691,31.99,1,0,2.7253,ACCEPT,0,581,246,28029,6,338,236,0,0,0,0
3,0,1,1,ACCEPT,3.5085,1.0050,200,0,9,0.4650,331.75,127.25,72.00,60.00,351.50,161.00,15.00,60.00,0.0816,39.10,1,0,2.7320,ACCEPT,0,1080,374,13438,6,338,200,0,0,0,0
4,0,1,0,NEGATIVE_PEAK,-4.1151,1.1807,-98,10,3,0.4898,331.75,127.25,72.00,60.00,366.50,216.50,19.00,55.00,0.0000,95.78,0,0,0.0000,NOT_RUN,0,415,403,0,6,338,98,0,0,0,0
5,0,1,0,NEGATIVE_PEAK,-4.1816,1.2500,-100,10,2,0.6700,331.75,127.25,72.00,60.00,362.50,240.00,37.00,54.00,0.0000,116.87,0,0,0.0000,NOT_RUN,0,420,393,0,6,338,100,0,0,0,0
6,0,1,0,NEGATIVE_PEAK,-4.3078,1.3000,-104,10,2,0.6250,331.75,127.25,72.00,60.00,350.50,267.00,61.00,58.00,0.0000,141.00,0,0,0.0000,NOT_RUN,0,424,391,0,6,338,104,0,0,0,0
7,0,1,0,NEGATIVE_PEAK,-3.6355,1.0633,-84,10,2,0.7500,331.75,127.25,72.00,60.00,346.50,293.00,73.00,56.00,0.0000,166.41,0,0,0.0000,NOT_RUN,0,420,376,0,6,338,84,0,0,0,0
8,0,1,0,NEGATIVE_PEAK,-3.6175,1.1026,-86,11,2,0.7093,331.75,127.25,72.00,60.00,350.00,317.50,68.00,59.00,0.0000,191.12,0,0,0.0000,NOT_RUN,0,442,362,0,6,338,86,0,0,0,0
9,0,1,0,NEGATIVE_PEAK,-4.1499,1.2568,-93,8,1,0.6344,331.75,127.25,72.00,60.00,394.50,352.50,47.00,69.00,0.0000,233.83,0,0,0.0000,NOT_RUN,0,407,365,0,6,338,93,0,0,0,0
10,0,1,0,NEGATIVE_PEAK,-3.9986,1.1429,-88,7,3,0.7273,331.75,127.25,72.00,60.00,398.50,378.50,41.00,69.00,0.0000,259.97,0,0,0.0000,NOT_RUN,0,410,352,0,6,338,88,0,0,0,0
11,0,1,1,ACCEPT,3.7235,1.0366,85,0,-2,0.8118,331.75,123.50,74.88,62.40,378.50,396.50,37.00,71.00,0.0000,276.97,1,1,2.8808,ACCEPT,0,408,360,6752,6,338,85,0,0,0,0
12,0,1,1,ACCEPT,4.3270,1.2128,57,0,2,0.7018,331.75,127.41,74.88,62.40,370.00,421.50,76.00,63.00,0.0000,296.57,1,0,2.9879,ACCEPT,0,238,332,6932,6,338,57,0,0,0,0
13,0,1,0,NEGATIVE_PEAK,-4.0682,1.0816,-53,7,0,0.9245,331.75,127.41,74.88,62.40,364.50,446.00,81.00,56.00,0.0000,320.27,0,0,0.0000,NOT_RUN,0,222,343,0,6,338,53,0,0,0,0
14,0,1,1,ACCEPT,3.8056,1.0200,51,-2,6,0.8627,327.06,139.12,77.88,64.90,397.50,477.50,51.00,61.00,0.0000,345.63,1,1,3.0696,ACCEPT,0,232,369,6245,6,338,51,0,0,0,0
15,0,1,1,ACCEPT,3.9584,1.0392,53,-1,8,0.6604,324.62,155.38,77.88,64.90,412.50,491.50,49.00,67.00,0.0000,347.42,1,0,3.0289,ACCEPT,0,189,368,6771,6,338,53,0,0,0,0
16,0,1,1,ACCEPT,5.4762,1.2400,124,28,9,0.6048,392.88,173.66,74.88,62.40,409.50,512.00,37.00,66.00,0.0000,338.75,1,-1,2.0290,ACCEPT,0,279,384,7107,6,338,124,0,0,0,0
17,0,1,1,ACCEPT,4.2701,1.0114,266,-8,7,0.7030,374.12,187.33,74.88,62.40,386.00,522.50,58.00,91.00,0.0000,335.38,1,0,2.9979,ACCEPT,0,1130,452,11121,6,338,266,0,0,0,0
18,0,1,1,ACCEPT,6.4690,1.1882,524,0,1,0.8760,374.12,189.28,74.88,62.40,381.50,542.00,71.00,72.00,0.0000,352.80,1,0,3.1537,ACCEPT,0,1161,498,8515,6,338,524,0,0,0,0
19,0,1,1,ACCEPT,8.5863,1.6134,434,0,2,0.4954,374.12,193.19,74.88,62.40,395.00,577.50,40.00,73.00,0.0000,384.88,1,0,3.0265,ACCEPT,0,687,501,7892,6,338,434,0,0,0,0
20,0,1,1,ACCEPT,10.3923,2.0000,440,0,0,1.0000,374.12,193.19,74.88,62.40,412.50,587.00,43.00,60.00,0.0000,395.68,1,0,3.0273,ACCEPT,0,578,513,7944,6,338,440,0,0,0,0
21,0,1,1,ACCEPT,11.4081,2.0985,426,0,-1,0.9390,374.12,191.23,74.88,62.40,424.00,605.00,50.00,68.00,0.0000,416.76,1,0,2.9079,ACCEPT,0,514,505,8474,6,338,426,0,0,0,0
22,0,1,1,ACCEPT,12.8312,2.2305,542,0,0,1.0000,374.12,191.23,74.88,62.40,416.00,607.00,50.00,94.00,0.0000,417.87,1,0,2.9328,ACCEPT,0,571,506,6871,6,338,542,0,0,0,0
23,0,1,1,ACCEPT,13.9214,2.4589,509,1,1,0.9450,376.47,193.19,74.88,62.40,398.50,615.50,53.00,91.00,0.0000,422.89,1,0,3.0551,ACCEPT,0,502,500,5611,6,338,509,0,0,0,0
24,0,1,1,ACCEPT,14.0236,2.0427,431,-1,1,0.7309,374.12,195.14,74.88,62.40,394.50,636.50,55.00,59.00,0.0000,441.83,1,0,2.9875,ACCEPT,0,437,497,5468,6,338,431,0,0,0,0
25,0,1,1,ACCEPT,15.8690,2.6903,417,-1,0,0.9592,371.78,195.14,74.88,62.40,407.50,647.00,39.00,78.00,0.0000,453.27,1,0,2.9433,ACCEPT,0,387,516,5437,6,338,417,0,0,0,0
26,0,1,1,ACCEPT,17.7613,3.4706,472,0,1,0.8496,371.78,197.09,74.88,62.40,423.50,663.50,43.00,55.00,0.0000,469.26,1,0,3.0351,ACCEPT,0,387,511,5195,6,338,472,0,0,0,0
27,0,1,1,ACCEPT,18.4261,3.8587,355,0,1,0.8113,371.78,199.05,74.88,62.40,427.00,675.00,48.00,80.00,0.0000,479.15,1,0,2.9330,ACCEPT,0,279,501,5696,6,338,355,0,0,0,0
28,0,1,1,ACCEPT,18.9080,3.3689,347,0,0,1.0000,371.78,199.05,74.88,62.40,404.00,664.00,58.00,96.00,0.0000,466.07,1,0,2.9844,ACCEPT,0,269,509,6251,6,338,347,0,0,0,0
29,0,1,1,ACCEPT,20.2057,3.9022,359,1,-1,0.6602,374.12,197.09,74.88,62.40,402.50,661.00,47.00,52.00,0.0000,464.77,1,0,3.0401,ACCEPT,0,267,562,7399,6,338,359,0,0,0,0
30,0,1,1,ACCEPT,19.8970,3.3982,384,0,-1,0.9922,374.12,195.14,74.88,62.40,404.50,670.50,41.00,71.00,0.0000,476.33,1,0,3.1072,ACCEPT,0,298,542,7361,6,338,384,0,0,0,0
31,0,1,1,ACCEPT,21.0459,4.1724,363,0,1,0.9835,374.12,197.09,74.88,62.40,420.00,685.00,36.00,60.00,0.0000,490.06,1,0,3.0158,ACCEPT,0,258,533,7803,6,338,363,0,0,0,0
32,0,1,1,ACCEPT,22.1039,4.0778,367,1,0,0.9837,376.47,197.09,74.88,62.40,429.50,694.00,35.00,62.00,0.0000,499.73,1,0,3.0938,ACCEPT,0,254,543,7858,6,338,367,0,0,0,0
33,0,1,1,ACCEPT,22.8174,4.7260,345,0,0,1.0000,376.47,197.09,74.88,62.40,431.50,686.50,43.00,93.00,0.0000,492.49,1,0,3.0923,ACCEPT,0,235,540,8063,6,338,345,0,0,0,0
34,0,1,1,ACCEPT,24.5808,5.0857,356,0,0,1.0000,376.47,197.09,74.88,62.40,399.50,671.50,57.00,77.00,0.0000,474.96,1,0,3.0828,ACCEPT,0,227,543,8868,6,338,356,0,0,0,0
35,0,1,1,ACCEPT,25.0760,5.4783,378,0,0,1.0000,376.47,197.09,74.88,62.40,405.00,672.00,48.00,58.00,0.0000,475.76,1,0,3.0887,ACCEPT,0,234,548,8670,6,338,378,0,0,0,0
36,0,1,1,ACCEPT,24.1882,4.9855,344,0,0,1.0000,376.47,197.09,74.88,62.40,417.00,675.50,30.00,71.00,0.0000,480.12,1,0,3.0713,ACCEPT,0,217,538,8701,6,338,344,0,0,0,0
37,0,1,1,ACCEPT,24.5342,5.3871,334,0,0,1.0000,376.47,197.09,74.88,62.40,431.50,681.00,35.00,44.00,0.0000,487.03,1,0,3.0739,ACCEPT,0,235,547,8549,6,338,334,0,0,0,0
38,0,1,1,ACCEPT,24.9335,5.2667,316,0,0,1.0000,376.47,197.09,74.88,62.40,432.50,673.00,37.00,92.00,0.0000,479.19,1,0,3.0914,ACCEPT,0,230,554,8539,6,338,316,0,0,0,0
39,0,1,1,ACCEPT,25.9103,5.2456,299,0,-1,0.8060,376.47,195.14,74.88,62.40,410.50,672.00,51.00,72.00,0.0000,478.07,1,0,3.1047,ACCEPT,0,192,573,8531,6,338,299,0,0,0,0
40,0,1,1,ACCEPT,26.3135,5.1250,287,0,-1,0.9477,376.47,193.19,74.88,62.40,407.50,666.50,57.00,43.00,0.0000,474.33,1,0,3.0933,ACCEPT,0,175,554,8462,6,338,287,0,0,0,0
41,0,1,1,ACCEPT,27.7960,6.0889,274,0,0,1.0000,376.47,193.19,74.88,62.40,422.00,661.50,32.00,51.00,0.0000,470.52,1,0,3.0645,ACCEPT,0,165,573,9012,6,338,274,0,0,0,0
42,0,1,1,ACCEPT,27.2457,5.3818,296,0,-1,0.7500,376.47,191.23,74.88,62.40,429.00,660.50,28.00,47.00,0.0000,472.20,1,0,3.0693,ACCEPT,0,181,583,8264,6,338,296,0,0,0,0
43,0,1,1,ACCEPT,28.7351,5.8913,271,0,-1,0.7417,376.47,189.28,74.88,62.40,426.00,656.00,22.00,86.00,0.0000,469.34,1,0,3.0734,ACCEPT,0,162,573,8459,6,338,271,0,0,0,0
44,0,1,1,ACCEPT,29.8745,5.5957,263,-1,-1,0.8517,374.12,187.33,74.88,62.40,403.50,645.50,47.00,67.00,0.0000,459.11,1,0,3.1392,ACCEPT,0,152,580,8830,6,338,263,0,0,0,0
45,0,1,1,ACCEPT,30.4948,6.7907,292,0,-1,0.9247,374.12,185.38,74.88,62.40,402.00,642.50,46.00,37.00,0.0000,457.97,1,0,3.1319,ACCEPT,0,167,601,8518,6,338,292,0,0,0,0
46,0,1,1,ACCEPT,29.7156,6.6744,287,-1,-1,0.9895,371.78,183.42,74.88,62.40,412.00,646.00,24.00,46.00,0.0000,464.32,1,0,3.0241,ACCEPT,0,164,590,8464,6,338,287,0,0,0,0
47,0,1,1,ACCEPT,31.0122,6.8409,301,0,0,1.0000,371.78,183.42,74.88,62.40,417.00,647.50,14.00,49.00,0.0000,466.28,1,0,3.0551,ACCEPT,0,162,606,7749,6,338,301,0,0,0,0
48,0,1,1,ACCEPT,32.0887,7.3953,318,0,0,1.0000,371.78,183.42,74.88,62.40,412.00,640.00,24.00,90.00,0.0000,458.35,1,0,3.0182,ACCEPT,0,164,609,7490,6,338,318,0,0,0,0
49,0,1,1,ACCEPT,31.5476,7.0227,309,0,0,1.0000,371.78,183.42,74.88,62.40,408.00,632.50,50.00,67.00,0.0000,450.54,1,0,3.0357,ACCEPT,0,163,628,6492,6,338,309,0,0,0,0
50,0,1,1,ACCEPT,31.4589,6.7021,315,0,0,1.0000,371.78,183.42,74.88,62.40,410.00,641.00,26.00,46.00,0.0000,459.17,1,0,3.0149,ACCEPT,0,168,623,5631,6,338,315,0,0,0,0
51,0,1,1,ACCEPT,33.3257,6.7755,332,0,-1,0.9217,371.78,181.47,74.88,62.40,409.50,639.00,17.00,64.00,0.0000,459.08,1,0,3.0257,ACCEPT,0,170,632,4788,6,338,332,0,0,0,0
52,0,1,1,ACCEPT,24.1090,5.1587,325,1,0,0.9231,374.12,181.47,74.88,62.40,399.00,628.50,32.00,79.00,0.0000,447.72,1,0,3.0098,ACCEPT,0,179,501,3123,6,338,325,0,0,0,0
53,0,1,1,ACCEPT,12.3616,1.9355,180,0,-1,0.9889,374.12,179.52,74.88,62.40,389.50,627.00,47.00,58.00,0.0000,447.75,1,0,3.0173,ACCEPT,0,184,458,4331,6,338,180,0,0,0,0
54,0,1,1,ACCEPT,32.4687,5.7869,353,1,1,0.9405,376.47,181.47,74.88,62.40,394.50,633.00,21.00,52.00,0.0000,451.89,1,0,3.0994,ACCEPT,0,195,502,5668,6,338,353,0,0,0,0
55,0,1,1,ACCEPT,35.0033,6.5570,518,0,1,0.9942,376.47,183.42,74.88,62.40,392.00,623.00,18.00,64.00,0.0000,439.85,1,0,3.1428,ACCEPT,0,270,486,5327,6,338,518,0,0,0,0
56,0,1,1,ACCEPT,35.4753,5.8140,500,0,-1,0.9860,376.47,181.47,74.88,62.40,378.50,626.00,27.00,78.00,0.0000,444.54,1,0,3.1210,ACCEPT,0,266,501,5305,6,338,500,0,0,0,0
57,0,1,1,ACCEPT,36.2700,6.6538,519,0,0,1.0000,376.47,181.47,74.88,62.40,368.50,622.00,41.00,66.00,0.0000,440.60,1,0,3.1233,ACCEPT,0,267,500,4966,6,338,519,0,0,0,0
58,0,1,1,ACCEPT,35.7722,6.3733,478,-1,1,0.8410,374.12,183.42,74.88,62.40,364.00,618.50,34.00,55.00,0.0000,435.20,1,0,3.1583,ACCEPT,0,250,469,4408,6,338,478,0,0,0,0
59,0,1,1,ACCEPT,37.0532,7.5273,414,-1,0,0.9396,371.78,183.42,74.88,62.40,362.50,631.00,25.00,58.00,0.0000,447.67,1,0,3.1353,ACCEPT,0,212,486,4678,6,338,414,0,0,0,0
60,0,1,1,ACCEPT,36.4462,7.1774,445,0,0,1.0000,371.78,183.42,74.88,62.40,358.50,630.00,33.00,72.00,0.0000,446.78,1,0,3.1589,ACCEPT,0,223,497,4210,6,338,445,0,0,0,0
61,0,1,1,ACCEPT,36.2828,7.5283,399,-1,0,0.9774,369.44,183.42,74.88,62.40,348.00,628.00,30.00,86.00,0.0000,445.09,1,0,3.1186,ACCEPT,0,202,507,3929,6,338,399,0,0,0,0
62,0,1,1,ACCEPT,38.2728,7.2105,411,1,0,0.9489,371.78,183.42,74.88,62.40,333.00,622.50,32.00,81.00,0.0000,440.79,1,0,3.1487,ACCEPT,0,198,524,3900,6,338,411,0,0,0,0
63,0,1,1,ACCEPT,36.7044,7.1607,401,-1,-1,0.9127,369.44,181.47,74.88,62.40,325.00,622.00,42.00,66.00,0.0000,442.77,1,0,3.1115,ACCEPT,0,201,509,4227,6,338,401,0,0,0,0
64,0,1,1,ACCEPT,38.6793,9.1020,446,0,0,1.0000,369.44,181.47,74.88,62.40,326.00,626.00,18.00,58.00,0.0000,446.65,1,0,3.1391,ACCEPT,0,212,515,4386,6,338,446,0,0,0,0
65,0,1,1,ACCEPT,39.6488,9.0000,459,0,0,1.0000,369.44,181.47,74.88,62.40,328.50,631.50,33.00,45.00,0.0000,451.89,1,0,3.1385,ACCEPT,0,211,496,4444,6,338,459,0,0,0,0
66,0,1,1,ACCEPT,40.8346,8.5818,472,0,1,0.9343,369.44,183.42,74.88,62.40,329.00,633.50,44.00,71.00,0.0000,451.89,1,0,3.1137,ACCEPT,0,204,522,4411,6,338,472,0,0,0,0
67,0,1,1,ACCEPT,42.7049,10.1000,505,0,0,1.0000,369.44,183.42,74.88,62.40,310.00,629.00,20.00,86.00,0.0000,449.52,1,0,3.1347,ACCEPT,0,215,523,4388,6,338,505,0,0,0,0
68,0,1,1,ACCEPT,42.4012,9.3529,477,0,0,1.0000,369.44,183.42,74.88,62.40,298.00,630.50,36.00,67.00,0.0000,452.75,1,0,3.1333,ACCEPT,0,207,519,4032,6,338,477,0,0,0,0
69,0,1,1,ACCEPT,39.9941,8.4792,407,0,-1,0.9730,369.44,181.47,74.88,62.40,293.50,626.50,27.00,57.00,0.0000,451.46,1,0,3.1245,ACCEPT,0,192,518,4038,6,338,407,0,0,0,0
70,0,1,1,ACCEPT,39.1540,7.6226,404,0,0,1.0000,369.44,181.47,74.88,62.40,301.00,636.00,26.00,58.00,0.0000,459.65,1,0,3.1507,ACCEPT,0,186,530,4158,6,338,404,0,0,0,0
71,0,1,1,ACCEPT,40.0358,8.7500,420,-1,0,0.9143,367.09,181.47,74.88,62.40,303.50,635.00,31.00,48.00,0.0000,457.97,1,0,3.1735,ACCEPT,0,193,529,4552,6,338,420,0,0,0,0
72,0,1,1,ACCEPT,41.3443,8.3509,476,0,0,1.0000,367.09,181.47,74.88,62.40,301.00,636.00,36.00,72.00,0.0000,459.31,1,0,3.1499,ACCEPT,0,212,532,4979,6,338,476,0,0,0,0
73,0,1,1,ACCEPT,42.6413,7.3421,558,0,0,1.0000,367.09,181.47,74.88,62.40,288.50,629.00,41.00,76.00,0.0000,454.38,1,0,3.1414,ACCEPT,0,240,514,4131,6,338,558,0,0,0,0
74,0,1,1,ACCEPT,42.6431,7.9333,476,0,1,0.9034,367.09,183.42,74.88,62.40,282.00,618.50,44.00,55.00,0.0000,443.32,1,0,3.1405,ACCEPT,0,207,494,5153,6,338,476,0,0,0,0
75,0,1,1,ACCEPT,42.1021,7.3766,568,0,1,0.9912,367.09,185.38,74.88,62.40,285.00,624.00,52.00,50.00,0.0000,446.24,1,0,3.1205,ACCEPT,0,243,504,4853,6,338,568,0,0,0,0
76,0,1,1,ACCEPT,44.3193,8.6000,559,0,0,1.0000,367.09,185.38,74.88,62.40,291.50,631.50,39.00,55.00,0.0000,452.48,1,0,3.1301,ACCEPT,0,237,522,5142,6,338,559,0,0,0,0
77,0,1,1,ACCEPT,45.3328,9.6032,605,0,1,0.9273,367.09,187.33,74.88,62.40,298.50,643.50,29.00,51.00,0.0000,461.30,1,0,3.1499,ACCEPT,0,253,522,4293,6,338,605,0,0,0,0
78,0,1,1,ACCEPT,45.8875,9.3962,498,0,0,1.0000,367.09,187.33,74.88,62.40,307.50,647.00,27.00,58.00,0.0000,463.52,1,0,3.1634,ACCEPT,0,204,526,4573,6,338,498,0,0,0,0
79,0,1,1,ACCEPT,40.7032,7.0758,467,0,-1,0.7859,367.09,185.38,74.88,62.40,297.50,635.50,41.00,63.00,0.0000,455.47,1,0,3.1642,ACCEPT,0,210,527,4388,6,338,467,0,0,0,0
80,0,1,1,ACCEPT,44.4567,8.8545,487,0,0,1.0000,367.09,185.38,74.88,62.40,296.00,632.50,54.00,37.00,0.0000,452.74,1,0,3.1784,ACCEPT,0,214,520,4627,6,338,487,0,0,0,0
81,0,1,1,ACCEPT,38.1371,7.0435,486,0,0,1.0000,367.09,185.38,74.88,62.40,296.00,630.50,52.00,31.00,0.0000,450.77,1,0,3.1730,ACCEPT,0,244,508,6831,6,338,486,0,0,0,0
82,0,1,1,ACCEPT,46.3106,9.7692,762,0,1,0.9344,367.09,187.33,74.88,62.40,299.50,632.00,51.00,32.00,0.0000,449.78,1,0,3.1261,ACCEPT,0,314,515,7587,6,338,762,0,0,0,0
83,0,1,1,ACCEPT,41.6696,7.3925,791,0,-1,0.9937,367.09,185.38,74.88,62.40,311.00,643.00,32.00,44.00,0.0000,461.05,1,0,3.0989,ACCEPT,0,384,518,7484,6,338,791,0,0,0,0
84,0,1,1,ACCEPT,41.2796,6.6957,770,1,-1,0.7429,369.44,183.42,74.88,62.40,332.50,640.00,33.00,50.00,0.0000,458.07,1,0,3.1454,ACCEPT,0,365,531,8020,6,338,770,0,0,0,0
85,0,1,1,ACCEPT,39.7472,6.1324,834,0,0,1.0000,369.44,183.42,74.88,62.40,328.00,635.50,32.00,73.00,0.0000,453.97,1,0,3.1361,ACCEPT,0,427,531,8714,6,338,834,0,0,0,0
86,0,1,1,ACCEPT,42.0611,6.4387,998,0,0,1.0000,369.44,183.42,74.88,62.40,325.50,627.50,45.00,69.00,0.0000,446.25,1,0,3.1623,ACCEPT,0,477,534,9429,6,338,998,0,0,0,0
87,0,1,1,ACCEPT,39.4381,6.4061,1057,0,0,1.0000,369.44,183.42,74.88,62.40,326.50,630.50,45.00,33.00,0.0000,449.14,1,0,3.1648,ACCEPT,0,520,530,8646,6,338,1057,0,0,0,0
88,0,1,1,ACCEPT,42.3669,7.8000,1014,0,0,1.0000,369.44,183.42,74.88,62.40,333.00,622.00,40.00,52.00,0.0000,440.09,1,0,3.1827,ACCEPT,0,532,526,9684,6,338,1014,0,0,0,0
89,0,1,1,ACCEPT,38.2506,6.7532,1067,0,1,0.7554,369.44,185.38,74.88,62.40,354.00,644.50,24.00,55.00,0.0000,459.38,1,0,3.1590,ACCEPT,0,509,506,8579,6,338,1067,0,0,0,0
90,0,1,1,ACCEPT,39.0381,7.3471,889,0,1,0.9629,369.44,187.33,74.88,62.40,357.00,640.50,22.00,51.00,0.0000,453.34,1,0,3.1993,ACCEPT,0,440,512,8858,6,338,889,0,0,0,0
91,0,1,1,ACCEPT,42.8527,9.8353,836,-1,-1,0.8529,367.09,185.38,74.88,62.40,358.50,639.00,27.00,74.00,0.0000,453.71,1,0,3.1630,ACCEPT,0,364,451,6501,6,338,836,0,0,0,0
92,0,1,1,ACCEPT,40.0882,8.4478,566,0,0,1.0000,367.09,185.38,74.88,62.40,360.00,627.50,42.00,67.00,0.0000,442.18,1,0,3.2104,ACCEPT,0,239,439,7464,6,338,566,0,0,0,0
93,0,1,1,ACCEPT,41.4581,7.3667,663,0,1,0.8733,367.09,187.33,74.88,62.40,360.50,624.00,43.00,48.00,0.0000,436.72,1,0,3.2109,ACCEPT,0,275,425,8308,6,338,663,0,0,0,0
94,0,1,1,ACCEPT,37.6520,7.4500,745,0,3,0.3946,367.09,193.19,74.88,62.40,372.00,646.00,28.00,58.00,0.0000,452.84,1,0,3.2010,ACCEPT,0,328,411,8915,6,338,745,0,0,0,0
95,0,1,1,ACCEPT,40.9714,9.3494,776,0,0,1.0000,367.09,193.19,74.88,62.40,380.00,652.00,18.00,64.00,0.0000,458.99,1,0,3.2288,ACCEPT,0,324,446,7508,6,338,776,0,0,0,0
96,0,1,1,ACCEPT,41.4216,9.6761,687,0,0,1.0000,367.09,193.19,74.88,62.40,382.00,651.50,18.00,71.00,0.0000,458.55,1,0,3.2172,ACCEPT,0,277,439,7140,6,338,687,0,0,0,0
97,0,1,1,ACCEPT,38.3713,7.0435,648,0,0,1.0000,367.09,193.19,74.88,62.40,383.50,643.50,35.00,71.00,0.0000,450.61,1,0,3.2028,ACCEPT,0,266,436,7795,6,338,648,0,0,0,0
98,0,1,1,ACCEPT,40.8350,8.3708,745,0,1,0.9101,367.09,195.14,74.88,62.40,382.00,636.00,44.00,58.00,0.0000,441.11,1,0,3.1894,ACCEPT,0,298,420,7346,6,338,745,0,0,0,0
99,0,1,1,ACCEPT,35.0108,6.3786,657,0,0,1.0000,367.09,195.14,74.88,62.40,389.00,643.50,32.00,55.00,0.0000,448.89,1,0,3.1695,ACCEPT,0,278,432,6789,6,338,657,0,0,0,0
100,0,1,1,ACCEPT,36.8932,7.2644,632,0,0,1.0000,367.09,195.14,74.88,62.40,393.00,652.00,28.00,60.00,0.0000,457.59,1,0,3.1480,ACCEPT,0,258,434,6457,6,338,632,0,0,0,0
101,0,1,1,ACCEPT,37.8714,6.8837,592,0,0,1.0000,367.09,195.14,74.88,62.40,400.00,646.00,18.00,58.00,0.0000,452.06,1,0,3.1838,ACCEPT,0,244,433,6512,6,338,592,0,0,0,0
102,0,1,1,ACCEPT,38.9016,7.1899,568,0,1,0.9542,367.09,197.09,74.88,62.40,396.00,645.00,30.00,86.00,0.0000,448.84,1,0,3.2083,ACCEPT,0,236,446,6710,6,338,568,0,0,0,0
103,0,1,1,ACCEPT,38.4284,7.1585,587,0,0,1.0000,367.09,197.09,74.88,62.40,395.50,641.50,37.00,75.00,0.0000,445.31,1,0,3.1849,ACCEPT,0,244,459,6368,6,338,587,0,0,0,0
104,0,1,1,ACCEPT,39.2293,7.8732,559,0,-1,0.8962,367.09,195.14,74.88,62.40,401.50,645.50,35.00,67.00,0.0000,451.67,1,0,3.2275,ACCEPT,0,230,459,6421,6,338,559,0,0,0,0
105,0,1,1,ACCEPT,41.1469,7.3846,576,0,0,1.0000,367.09,195.14,74.88,62.40,406.00,649.00,34.00,76.00,0.0000,455.52,1,0,3.2040,ACCEPT,0,233,451,6285,6,338,576,0,0,0,0
106,0,1,1,ACCEPT,44.0217,8.0725,557,0,0,1.0000,367.09,195.14,74.88,62.40,408.00,647.50,32.00,79.00,0.0000,454.21,1,0,3.2222,ACCEPT,0,217,453,6166,6,338,557,0,0,0,0
107,0,1,1,ACCEPT,39.3127,7.3380,521,0,-1,0.9904,367.09,193.19,74.88,62.40,404.00,642.00,42.00,74.00,0.0000,450.33,1,0,3.2173,ACCEPT,0,215,454,6345,6,338,521,0,0,0,0
108,0,1,1,ACCEPT,41.0997,7.3151,534,0,0,1.0000,367.09,193.19,74.88,62.40,398.50,637.00,53.00,54.00,0.0000,444.92,1,0,3.2239,ACCEPT,0,214,454,6714,6,338,534,0,0,0,0
109,0,1,1,ACCEPT,44.1787,8.6250,552,0,-1,0.8841,367.09,191.23,74.88,62.40,408.50,639.50,27.00,79.00,0.0000,450.17,1,0,3.2190,ACCEPT,0,214,449,5757,6,338,552,0,0,0,0
110,0,1,1,ACCEPT,41.9751,6.8429,479,0,1,0.9290,367.09,193.19,74.88,62.40,401.50,635.50,27.00,87.00,0.0000,443.65,1,0,3.2107,ACCEPT,0,220,440,6016,6,338,479,0,0,0,0
111,0,1,1,ACCEPT,41.0723,6.9437,493,-1,1,0.8438,364.75,195.14,74.88,62.40,397.50,638.50,33.00,77.00,0.0000,444.57,1,0,3.2006,ACCEPT,0,192,434,5937,6,338,493,0,0,0,0
112,0,1,1,ACCEPT,43.8729,6.0122,493,0,1,0.8884,364.75,197.09,74.88,62.40,387.50,646.00,41.00,60.00,0.0000,449.48,1,0,3.2144,ACCEPT,0,190,443,5252,6,338,493,0,0,0,0
113,0,1,1,ACCEPT,41.1065,6.0694,437,0,1,0.9611,364.75,199.05,74.88,62.40,388.50,640.50,25.00,71.00,0.0000,442.09,1,0,3.2151,ACCEPT,0,243,447,6293,6,338,437,0,0,0,0
114,0,1,1,ACCEPT,46.2860,7.7246,533,-1,-1,0.8405,362.41,197.09,74.88,62.40,392.50,639.50,25.00,77.00,0.0000,443.43,1,0,3.1569,ACCEPT,0,207,454,5553,6,338,533,0,0,0,0
115,0,1,1,ACCEPT,42.9108,6.3649,471,1,-1,0.8535,364.75,195.14,74.88,62.40,376.50,632.00,25.00,80.00,0.0000,437.02,1,0,3.1699,ACCEPT,0,226,465,4984,6,338,471,0,0,0,0
116,0,1,1,ACCEPT,41.9578,7.1579,408,-1,-1,0.8701,362.41,193.19,74.88,62.40,366.00,623.00,40.00,64.00,0.0000,429.83,1,0,3.1632,ACCEPT,0,162,458,4856,6,338,408,0,0,0,0
117,0,1,1,ACCEPT,42.8921,7.3273,403,0,-1,0.9404,362.41,191.23,74.88,62.40,363.50,620.00,39.00,52.00,0.0000,428.77,1,0,3.1779,ACCEPT,0,159,463,5393,6,338,403,0,0,0,0
118,0,1,1,ACCEPT,47.5071,7.5968,471,0,0,1.0000,362.41,191.23,74.88,62.40,365.50,629.00,21.00,56.00,0.0000,437.78,1,0,3.1825,ACCEPT,0,200,462,5578,6,338,471,0,0,0,0
119,0,1,1,ACCEPT,45.4003,7.8548,487,0,1,0.7803,362.41,193.19,74.88,62.40,372.50,632.00,47.00,70.00,0.0000,438.93,1,0,3.1528,ACCEPT,0,240,453,5995,6,338,487,0,0,0,0
120,0,1,1,ACCEPT,47.1905,7.5821,508,1,1,0.9370,364.75,195.14,74.88,62.40,351.00,620.00,42.00,80.00,0.0000,425.08,1,0,3.2156,ACCEPT,0,219,466,6279,6,338,508,0,0,0,0
121,0,1,1,ACCEPT,48.0817,6.2911,497,0,0,1.0000,364.75,195.14,74.88,62.40,342.00,612.00,48.00,62.00,0.0000,417.48,1,0,3.1969,ACCEPT,0,221,465,6651,6,338,497,0,0,0,0
122,0,1,1,ACCEPT,46.0141,8.3966,487,0,0,1.0000,364.75,195.14,74.88,62.40,337.50,607.50,43.00,39.00,0.0000,413.26,1,0,3.1780,ACCEPT,0,196,468,6735,6,338,487,0,0,0,0
123,0,1,1,ACCEPT,44.8161,8.3962,445,0,0,1.0000,364.75,195.14,74.88,62.40,343.50,621.00,25.00,48.00,0.0000,426.39,1,0,3.1271,ACCEPT,0,183,477,7121,6,338,445,0,0,0,0
124,0,1,1,ACCEPT,41.8609,6.0500,484,1,3,0.3781,367.09,201.00,74.88,62.40,345.00,622.00,26.00,66.00,0.0000,421.58,1,0,3.1834,ACCEPT,0,242,442,7292,6,338,484,0,0,0,0
125,0,1,1,ACCEPT,44.2302,7.5593,446,0,0,1.0000,367.09,201.00,74.88,62.40,331.00,608.00,28.00,70.00,0.0000,408.60,1,0,3.1459,ACCEPT,0,252,468,7949,6,338,446,0,0,0,0
126,0,1,1,ACCEPT,42.2447,8.3704,452,1,0,0.9491,369.44,201.00,74.88,62.40,325.00,608.00,30.00,44.00,0.0000,409.42,1,0,3.2103,ACCEPT,0,245,472,7449,6,338,452,0,0,0,0
127,0,1,1,ACCEPT,38.1658,8.2653,405,0,0,1.0000,369.44,201.00,74.88,62.40,323.50,601.50,25.00,57.00,0.0000,403.13,1,0,3.1992,ACCEPT,0,350,467,7991,6,338,405,0,0,0,0
128,0,1,1,ACCEPT,38.6617,5.9863,437,0,1,0.8627,369.44,202.95,74.88,62.40,324.50,607.00,19.00,58.00,0.0000,406.54,1,0,3.1889,ACCEPT,0,394,445,7697,6,338,437,0,0,0,0
129,0,1,1,ACCEPT,35.2129,6.5517,380,-1,2,0.3947,367.09,206.86,74.88,62.40,328.50,621.50,19.00,59.00,0.0000,416.43,1,0,3.1660,ACCEPT,0,342,432,8019,6,338,380,0,0,0,0
130,0,1,1,ACCEPT,40.0021,6.6000,396,0,2,0.7096,367.09,210.77,74.88,62.40,325.00,612.50,20.00,47.00,0.0000,403.93,1,0,3.2198,ACCEPT,0,281,433,6532,6,338,396,0,0,0,0
131,0,1,1,ACCEPT,38.3298,6.1600,308,0,1,0.9708,367.09,212.72,74.88,62.40,319.00,618.50,18.00,67.00,0.0000,408.62,1,0,3.2215,ACCEPT,0,185,437,6223,6,338,308,0,0,0,0
132,0,1,1,ACCEPT,44.3690,7.8974,308,0,1,0.8409,367.09,214.67,74.88,62.40,308.00,611.50,34.00,61.00,0.0000,401.20,1,0,3.1738,ACCEPT,0,191,433,5968,6,338,308,0,0,0,0
133,0,1,1,ACCEPT,39.3169,8.9697,296,-1,1,0.7872,364.75,216.62,74.88,62.40,300.50,609.00,39.00,56.00,0.0000,397.60,1,0,3.1097,ACCEPT,0,206,423,6174,6,338,296,0,0,0,0
134,0,1,1,ACCEPT,39.4415,8.2353,280,0,0,1.0000,364.75,216.62,74.88,62.40,307.00,624.50,20.00,59.00,0.0000,411.94,1,0,3.1207,ACCEPT,0,208,440,6278,6,338,280,0,0,0,0
135,0,1,1,ACCEPT,42.9542,8.9688,287,0,0,1.0000,364.75,216.62,74.88,62.40,313.50,628.50,15.00,59.00,0.0000,415.05,1,0,3.1497,ACCEPT,0,196,436,5858,6,338,287,0,0,0,0
136,0,1,1,ACCEPT,47.4449,10.8148,292,0,1,0.9521,364.75,218.58,74.88,62.40,313.00,626.50,20.00,71.00,0.0000,411.19,1,0,3.1628,ACCEPT,0,163,435,5783,6,338,292,0,0,0,0
137,0,1,1,ACCEPT,46.6400,11.3462,295,0,0,1.0000,364.75,218.58,74.88,62.40,313.50,617.50,19.00,85.00,0.0000,402.20,1,0,3.2006,ACCEPT,0,188,443,5127,6,338,295,0,0,0,0
138,0,1,1,ACCEPT,40.4935,8.7586,254,0,-1,0.7756,364.75,216.62,74.88,62.40,305.00,613.50,28.00,77.00,0.0000,401.35,1,0,3.2068,ACCEPT,0,182,441,4925,6,338,254,0,0,0,0
139,0,1,1,ACCEPT,42.1650,7.6061,251,-1,-1,0.7729,362.41,214.67,74.88,62.40,300.50,609.00,33.00,54.00,0.0000,399.16,1,0,3.1958,ACCEPT,0,167,425,4304,6,338,251,0,0,0,0
140,0,1,1,ACCEPT,39.8827,7.2258,224,0,0,1.0000,362.41,214.67,74.88,62.40,304.50,614.00,27.00,66.00,0.0000,403.50,1,0,3.1782,ACCEPT,0,151,421,4392,6,338,224,0,0,0,0
141,0,1,1,ACCEPT,40.7377,7.6774,238,-1,1,0.8613,360.06,216.62,74.88,62.40,312.00,623.50,26.00,61.00,0.0000,409.70,1,0,3.1964,ACCEPT,0,162,413,4410,6,338,238,0,0,0,0
142,0,1,1,ACCEPT,40.3261,7.9677,247,0,0,1.0000,360.06,216.62,74.88,62.40,320.00,629.50,28.00,59.00,0.0000,414.81,1,0,3.1687,ACCEPT,0,171,426,3952,6,338,247,0,0,0,0
143,0,1,1,ACCEPT,39.1869,7.8889,213,0,0,1.0000,360.06,216.62,74.88,62.40,326.00,629.00,22.00,68.00,0.0000,413.78,1,0,3.1424,ACCEPT,0,168,411,4015,6,338,213,0,0,0,0
144,0,1,1,ACCEPT,29.6182,6.0645,188,1,-3,0.0372,362.41,210.77,74.88,62.40,321.50,616.00,33.00,78.00,0.0000,407.29,1,0,3.2096,ACCEPT,0,207,413,4552,6,338,188,0,0,0,0
145,0,1,1,ACCEPT,28.9829,6.7105,255,0,-2,0.5529,362.41,206.86,74.88,62.40,321.00,612.00,42.00,60.00,0.0000,407.25,1,0,3.2022,ACCEPT,0,272,412,4018,6,338,255,0,0,0,0
146,0,1,1,ACCEPT,46.7461,9.4400,236,0,0,1.0000,362.41,206.86,74.88,62.40,321.00,608.50,44.00,43.00,0.0000,403.77,1,0,3.1942,ACCEPT,0,126,397,3632,6,338,236,0,0,0,0
147,0,1,1,ACCEPT,44.1871,9.1667,220,0,0,1.0000,362.41,206.86,74.88,62.40,330.00,616.00,34.00,62.00,0.0000,410.42,1,0,3.1635,ACCEPT,0,149,404,3726,6,338,220,0,0,0,0
148,0,1,1,ACCEPT,40.4424,8.5833,206,0,0,1.0000,362.41,206.86,74.88,62.40,338.50,631.00,25.00,54.00,0.0000,424.81,1,0,3.1508,ACCEPT,0,168,395,3713,6,338,206,0,0,0,0
149,0,1,1,ACCEPT,44.2275,9.8889,178,-1,-2,0.5169,360.06,202.95,74.88,62.40,352.50,626.00,21.00,92.00,0.0000,423.11,1,0,3.1575,ACCEPT,0,93,422,3097,6,338,178,0,0,0,0
150,0,1,1,ACCEPT,40.4258,9.8125,157,0,0,1.0000,360.06,202.95,74.88,62.40,352.00,620.50,36.00,89.00,0.0000,417.62,1,0,3.1560,ACCEPT,0,142,420,2959,6,338,157,0,0,0,0
151,0,1,1,ACCEPT,40.4250,8.8235,150,0,0,1.0000,360.06,202.95,74.88,62.40,352.50,624.50,43.00,59.00,0.0000,421.61,1,0,3.1428,ACCEPT,0,134,424,2859,6,338,150,0,0,0,0
152,0,1,1,ACCEPT,40.7428,7.3158,139,0,0,1.0000,360.06,202.95,74.88,62.40,354.50,620.00,47.00,54.00,0.0000,417.08,1,0,3.1412,ACCEPT,0,118,395,3571,6,338,139,0,0,0,0
153,0,1,1,ACCEPT,39.3299,8.5789,163,0,0,1.0000,360.06,202.95,74.88,62.40,364.00,627.50,38.00,71.00,0.0000,424.57,1,0,3.1460,ACCEPT,0,164,391,3601,6,338,163,0,0,0,0
154,0,1,1,ACCEPT,31.6365,8.2632,157,0,0,1.0000,360.06,202.95,74.88,62.40,378.50,628.50,23.00,57.00,0.0000,425.95,1,0,3.1118,ACCEPT,0,215,416,3376,6,338,157,0,0,0,0
155,0,1,1,ACCEPT,36.7390,8.5789,163,0,1,0.9202,360.06,204.91,74.88,62.40,381.50,632.00,25.00,72.00,0.0000,427.63,1,0,3.0986,ACCEPT,0,179,415,3053,6,338,163,0,0,0,0
156,0,1,1,ACCEPT,33.1132,7.0909,156,0,0,1.0000,360.06,204.91,74.88,62.40,382.50,632.50,35.00,81.00,0.0000,428.18,1,0,3.1725,ACCEPT,0,211,418,3079,6,338,156,0,0,0,0
157,0,1,1,ACCEPT,34.4735,8.5882,146,0,0,1.0000,360.06,204.91,74.88,62.40,380.00,630.00,40.00,60.00,0.0000,425.56,1,0,3.1751,ACCEPT,0,186,410,2996,6,338,146,0,0,0,0
158,0,1,1,ACCEPT,28.9922,8.9333,134,0,0,1.0000,360.06,204.91,74.88,62.40,385.00,633.50,38.00,69.00,0.0000,429.32,1,0,3.2185,ACCEPT,0,214,413,3225,6,338,134,0,0,0,0
159,0,1,1,ACCEPT,31.6197,5.9048,124,0,-1,0.9919,360.06,202.95,74.88,62.40,401.00,639.00,22.00,52.00,0.0000,437.96,1,0,3.1582,ACCEPT,0,169,419,3188,6,338,124,0,0,0,0
160,0,1,1,ACCEPT,34.6553,6.2778,113,0,0,1.0000,360.06,202.95,74.88,62.40,399.50,647.50,17.00,79.00,0.0000,446.29,1,0,3.1715,ACCEPT,0,108,416,2881,6,338,113,0,0,0,0
161,0,1,1,ACCEPT,33.0009,5.2000,104,0,1,0.8942,360.06,204.91,74.88,62.40,398.00,641.00,36.00,78.00,0.0000,437.74,1,0,3.1909,ACCEPT,0,104,411,2758,6,338,104,0,0,0,0
162,0,1,1,ACCEPT,30.3760,4.9474,94,0,0,1.0000,360.06,204.91,74.88,62.40,395.50,636.50,43.00,47.00,0.0000,433.05,1,0,3.1337,ACCEPT,0,82,420,2973,6,338,94,0,0,0,0
163,0,1,1,ACCEPT,29.4286,4.7727,105,0,0,1.0000,360.06,204.91,74.88,62.40,402.50,646.50,35.00,51.00,0.0000,443.63,1,0,3.1737,ACCEPT,0,101,413,3136,6,338,105,0,0,0,0
164,0,1,1,ACCEPT,34.4283,5.4762,115,-1,0,0.9043,357.72,204.91,74.88,62.40,412.50,650.50,21.00,67.00,0.0000,448.95,1,0,3.1728,ACCEPT,0,83,415,3030,6,338,115,0,0,0,0
165,0,1,1,ACCEPT,37.9045,5.3810,113,-1,0,0.9912,355.38,204.91,74.88,62.40,403.00,651.50,40.00,87.00,0.0000,449.13,1,0,3.1128,ACCEPT,0,62,415,3101,6,338,113,0,0,0,0
166,0,1,1,ACCEPT,38.2072,7.6875,123,0,0,1.0000,355.38,204.91,74.88,62.40,394.50,650.00,49.00,58.00,0.0000,446.81,1,0,3.1301,ACCEPT,0,65,407,3359,6,338,123,0,0,0,0
167,0,1,1,ACCEPT,33.9210,5.9500,119,-1,0,0.9916,353.03,204.91,74.88,62.40,393.00,651.50,48.00,41.00,0.0000,448.38,1,0,3.1709,ACCEPT,0,62,403,3614,6,338,119,0,0,0,0
168,0,1,1,ACCEPT,31.3901,5.9545,131,0,-1,0.8473,353.03,202.95,74.88,62.40,394.00,654.00,46.00,62.00,0.0000,452.90,1,0,3.1646,ACCEPT,0,75,415,3888,6,338,131,0,0,0,0
169,0,1,1,ACCEPT,34.8416,6.9000,138,-1,-2,0.6014,350.69,199.05,74.88,62.40,399.00,655.00,22.00,62.00,0.0000,458.51,1,0,3.1124,ACCEPT,0,66,415,4669,6,338,138,0,0,0,0
170,0,1,1,ACCEPT,33.3157,7.3200,183,0,1,0.9727,350.69,201.00,74.88,62.40,385.50,644.50,39.00,77.00,0.0000,444.86,1,0,3.2167,ACCEPT,0,112,402,4535,6,338,183,0,0,0,0
171,0,1,1,ACCEPT,38.1021,6.3571,178,-1,0,0.9831,348.34,201.00,74.88,62.40,379.50,645.50,49.00,51.00,0.0000,445.59,1,0,3.0958,ACCEPT,0,84,401,4630,6,338,178,0,0,0,0
172,0,1,1,ACCEPT,39.8511,6.1290,190,0,-1,0.9737,348.34,199.05,74.88,62.40,377.50,646.00,47.00,62.00,0.0000,447.90,1,0,3.1132,ACCEPT,0,96,412,4945,6,338,190,0,0,0,0
173,0,1,1,ACCEPT,41.4152,6.0882,207,0,0,1.0000,348.34,199.05,74.88,62.40,383.50,651.50,31.00,71.00,0.0000,453.82,1,0,3.1951,ACCEPT,0,91,402,4793,6,338,207,0,0,0,0
174,0,1,1,ACCEPT,42.0239,7.1667,215,-1,-2,0.6744,346.00,195.14,74.88,62.40,376.00,641.50,28.00,89.00,0.0000,447.37,1,0,3.0986,ACCEPT,0,94,404,5716,6,338,215,0,0,0,0
175,0,1,1,ACCEPT,44.6127,7.0250,281,0,0,1.0000,346.00,195.14,74.88,62.40,373.50,637.50,25.00,77.00,0.0000,443.21,1,0,3.1462,ACCEPT,0,119,400,4578,6,338,281,0,0,0,0
176,0,1,1,ACCEPT,42.9893,6.7188,215,0,-1,0.8977,346.00,193.19,74.88,62.40,371.50,640.00,23.00,80.00,0.0000,447.54,1,0,3.1571,ACCEPT,0,89,399,4768,6,338,215,0,0,0,0
177,0,1,1,ACCEPT,37.8540,5.1136,225,0,0,1.0000,346.00,193.19,74.88,62.40,370.00,644.00,22.00,72.00,0.0000,451.45,1,0,3.1667,ACCEPT,0,99,401,4865,6,338,225,0,0,0,0
178,0,1,1,ACCEPT,39.8630,6.5000,247,0,0,1.0000,346.00,193.19,74.88,62.40,350.00,626.50,32.00,81.00,0.0000,433.33,1,0,3.1573,ACCEPT,0,108,398,4722,6,338,247,0,0,0,0
179,0,1,1,ACCEPT,40.5456,5.3636,236,0,0,1.0000,346.00,193.19,74.88,62.40,340.50,620.50,37.00,73.00,0.0000,427.35,1,0,3.1570,ACCEPT,0,99,409,4420,6,338,236,0,0,0,0
180,0,1,1,ACCEPT,42.0086,6.0000,222,0,0,1.0000,346.00,193.19,74.88,62.40,341.50,623.50,23.00,79.00,0.0000,430.34,1,0,3.1703,ACCEPT,0,102,404,5081,6,338,222,0,0,0,0
181,0,1,1,ACCEPT,42.5239,8.3226,258,0,0,1.0000,346.00,193.19,74.88,62.40,339.00,632.00,16.00,64.00,0.0000,438.87,1,0,3.1733,ACCEPT,0,112,408,5600,6,338,258,0,0,0,0
182,0,1,1,ACCEPT,41.8402,7.8571,275,0,0,1.0000,346.00,193.19,74.88,62.40,336.00,625.00,28.00,76.00,0.0000,431.93,1,0,3.1719,ACCEPT,0,110,407,5771,6,338,275,0,0,0,0
183,0,1,1,ACCEPT,47.2122,8.2424,272,0,0,1.0000,346.00,193.19,74.88,62.40,309.50,620.00,33.00,70.00,0.0000,428.37,1,0,3.1740,ACCEPT,0,109,407,7089,6,338,272,0,0,0,0
184,0,1,1,ACCEPT,46.7527,8.3243,308,0,0,1.0000,346.00,193.19,74.88,62.40,300.50,612.00,37.00,62.00,0.0000,421.28,1,0,3.1352,ACCEPT,0,132,396,7730,6,338,308,0,0,0,0
185,0,1,1,ACCEPT,46.9639,9.3529,318,0,0,1.0000,346.00,193.19,74.88,62.40,296.50,615.00,35.00,58.00,0.0000,424.71,1,0,3.0925,ACCEPT,0,142,413,8812,6,338,318,0,0,0,0
186,0,1,1,ACCEPT,37.4291,5.7143,320,1,1,0.8375,348.34,195.14,74.88,62.40,293.50,619.50,25.00,61.00,0.0000,427.89,1,0,3.1913,ACCEPT,0,172,408,9517,6,338,320,0,0,0,0
187,0,1,1,ACCEPT,41.8494,6.6275,338,0,0,1.0000,348.34,195.14,74.88,62.40,296.50,619.00,29.00,62.00,0.0000,427.02,1,0,3.1321,ACCEPT,0,177,404,10111,6,338,338,0,0,0,0
188,0,1,1,ACCEPT,40.3075,6.6667,360,1,2,0.6889,350.69,199.05,74.88,62.40,289.50,620.50,33.00,81.00,0.0000,425.87,1,0,3.1608,ACCEPT,0,218,398,11090,6,338,360,0,0,0,0
189,0,1,1,ACCEPT,46.1813,8.5556,385,-1,1,0.9065,348.34,201.00,74.88,62.40,280.00,618.00,26.00,86.00,0.0000,422.56,1,0,3.0662,ACCEPT,0,202,400,10541,6,338,385,0,0,0,0
190,0,1,1,ACCEPT,41.8109,9.0000,342,1,-1,0.8889,350.69,199.05,74.88,62.40,273.00,615.50,24.00,83.00,0.0000,423.64,1,0,3.1960,ACCEPT,0,219,418,11256,6,338,342,0,0,0,0
191,0,1,1,ACCEPT,40.7299,6.9216,353,-1,0,0.9830,348.34,199.05,74.88,62.40,269.00,615.00,26.00,78.00,0.0000,423.45,1,0,3.0498,ACCEPT,0,203,408,11853,6,338,353,0,0,0,0
192,0,1,1,ACCEPT,42.2553,8.4000,378,0,0,1.0000,348.34,199.05,74.88,62.40,268.00,615.00,26.00,64.00,0.0000,423.64,1,0,3.1520,ACCEPT,0,243,431,10573,6,338,378,0,0,0,0
193,0,1,1,ACCEPT,39.8527,8.9744,350,-1,-2,0.6914,346.00,195.14,74.88,62.40,260.50,612.50,31.00,73.00,0.0000,426.03,1,0,3.0742,ACCEPT,0,196,427,9409,6,338,350,0,0,0,0
194,0,1,1,ACCEPT,38.1868,7.8571,330,0,-1,0.9879,346.00,193.19,74.88,62.40,270.00,615.50,22.00,71.00,0.0000,429.10,1,0,3.1032,ACCEPT,0,202,437,8045,6,338,330,0,0,0,0
195,0,1,1,ACCEPT,44.4736,7.7619,326,0,1,0.9325,346.00,195.14,74.88,62.40,274.50,623.00,25.00,58.00,0.0000,433.79,1,0,3.1472,ACCEPT,0,180,428,8809,6,338,326,0,0,0,0
196,0,1,1,ACCEPT,42.5912,8.4186,362,0,0,1.0000,346.00,195.14,74.88,62.40,278.00,624.50,32.00,71.00,0.0000,434.71,1,0,3.1480,ACCEPT,0,206,434,9260,6,338,362,0,0,0,0
197,0,1,1,ACCEPT,49.6301,8.1633,400,0,0,1.0000,346.00,195.14,74.88,62.40,268.00,616.00,26.00,88.00,0.0000,428.03,1,0,3.1935,ACCEPT,0,155,438,10120,6,338,400,0,0,0,0
198,0,1,1,ACCEPT,43.8670,6.9655,404,-1,-2,0.7005,343.66,191.23,74.88,62.40,257.50,604.50,43.00,67.00,0.0000,422.15,1,0,3.1692,ACCEPT,0,159,439,8834,6,338,404,0,0,0,0
199,0,1,1,ACCEPT,46.6010,6.9322,409,0,1,0.9584,343.66,193.19,74.88,62.40,254.00,607.00,42.00,54.00,0.0000,423.41,1,0,3.2240,ACCEPT,0,180,438,7412,6,338,409,0,0,0,0
200,0,1,1,ACCEPT,46.2269,6.9583,334,0,0,1.0000,343.66,193.19,74.88,62.40,263.00,613.50,30.00,67.00,0.0000,427.98,1,0,3.2159,ACCEPT,0,133,443,6551,6,338,334,0,0,0,0
201,0,1,1,ACCEPT,44.8067,7.1163,306,-1,0,0.9608,341.31,193.19,74.88,62.40,266.50,615.00,21.00,72.00,0.0000,428.40,1,0,3.1585,ACCEPT,0,129,436,6432,6,338,306,0,0,0,0
202,0,1,1,ACCEPT,49.8194,6.3654,331,0,-1,0.9728,341.31,191.23,74.88,62.40,271.00,622.00,22.00,70.00,0.0000,436.47,1,0,3.1677,ACCEPT,0,162,450,5907,6,338,331,0,0,0,0
203,0,1,1,ACCEPT,51.1022,5.7679,323,1,1,0.8916,343.66,193.19,74.88,62.40,260.50,603.50,51.00,59.00,0.0000,418.65,1,0,3.2035,ACCEPT,0,137,441,6104,6,338,323,0,0,0,0
204,0,1,1,ACCEPT,44.5616,6.6531,326,0,1,0.7607,343.66,195.14,74.88,62.40,261.50,599.50,53.00,51.00,0.0000,412.62,1,0,3.2077,ACCEPT,0,153,426,6368,6,338,326,0,0,0,0
205,0,1,1,ACCEPT,46.1999,7.2917,350,0,2,0.6429,343.66,199.05,74.88,62.40,260.50,602.50,59.00,53.00,0.0000,411.93,1,0,3.1107,ACCEPT,0,170,431,6391,6,338,350,0,0,0,0
206,0,1,1,ACCEPT,49.2872,9.8378,364,1,0,0.9231,346.00,199.05,74.88,62.40,261.50,610.50,59.00,45.00,0.0000,420.04,1,0,3.1909,ACCEPT,0,172,450,6461,6,338,364,0,0,0,0
207,0,1,1,ACCEPT,48.1645,8.7907,378,0,0,1.0000,346.00,199.05,74.88,62.40,272.00,629.00,46.00,52.00,0.0000,436.27,1,0,3.1729,ACCEPT,0,214,444,5342,6,338,378,0,0,0,0
208,0,1,1,ACCEPT,45.0324,9.5526,363,1,1,0.8264,348.34,201.00,74.88,62.40,276.50,633.50,39.00,55.00,0.0000,438.43,1,0,3.2088,ACCEPT,0,225,446,5535,6,338,363,0,0,0,0
209,0,1,1,ACCEPT,48.6227,9.6216,356,0,0,1.0000,348.34,201.00,74.88,62.40,275.00,618.00,60.00,44.00,0.0000,423.40,1,0,3.2215,ACCEPT,0,186,446,4902,6,338,356,0,0,0,0
210,0,1,1,ACCEPT,49.9336,9.6471,328,0,0,1.0000,348.34,201.00,74.88,62.40,274.50,614.00,59.00,42.00,0.0000,419.55,1,0,3.2052,ACCEPT,0,150,450,4497,6,338,328,0,0,0,0
211,0,1,1,ACCEPT,52.2803,9.6000,336,0,0,1.0000,348.34,201.00,74.88,62.40,278.00,610.50,54.00,55.00,0.0000,415.50,1,0,3.2184,ACCEPT,0,138,451,4391,6,338,336,0,0,0,0
212,0,1,1,ACCEPT,48.8662,8.8421,336,0,0,1.0000,348.34,201.00,74.88,62.40,282.50,620.50,45.00,57.00,0.0000,424.64,1,0,3.2174,ACCEPT,0,153,454,4057,6,338,336,0,0,0,0
213,0,1,1,ACCEPT,47.7654,8.8378,327,0,1,0.8807,348.34,202.95,74.88,62.40,297.50,641.50,25.00,67.00,0.0000,441.48,1,0,3.1737,ACCEPT,0,187,446,4103,6,338,327,0,0,0,0
214,0,1,1,ACCEPT,44.2556,6.8750,330,0,0,1.0000,348.34,202.95,74.88,62.40,302.00,630.50,28.00,85.00,0.0000,430.05,1,0,3.1261,ACCEPT,0,188,459,5197,6,338,330,0,0,0,0
215,0,1,1,ACCEPT,41.6860,8.2000,369,0,0,1.0000,348.34,202.95,74.88,62.40,302.00,627.50,38.00,61.00,0.0000,427.07,1,0,3.1252,ACCEPT,0,182,464,5179,6,338,369,0,0,0,0
216,0,1,1,ACCEPT,43.4437,8.2857,348,1,0,0.9943,350.69,202.95,74.88,62.40,296.50,614.50,51.00,49.00,0.0000,415.10,1,0,3.1685,ACCEPT,0,178,468,6032,6,338,348,0,0,0,0
217,0,1,1,ACCEPT,45.6088,8.9302,384,-1,0,0.9635,348.34,202.95,74.88,62.40,299.00,615.50,50.00,47.00,0.0000,415.49,1,0,3.0884,ACCEPT,0,170,451,5247,6,338,384,0,0,0,0
218,0,1,1,ACCEPT,44.1899,5.2286,366,1,3,0.3934,350.69,208.81,74.88,62.40,322.00,640.00,32.00,54.00,0.0000,432.14,1,0,3.1982,ACCEPT,0,202,446,5270,6,338,366,0,0,0,0
219,0,1,1,ACCEPT,47.6972,9.2500,333,0,0,1.0000,350.69,208.81,74.88,62.40,327.00,646.00,22.00,80.00,0.0000,437.83,1,0,3.2010,ACCEPT,0,185,463,4918,6,338,333,0,0,0,0
220,0,1,1,ACCEPT,47.5974,8.6000,301,0,1,0.9801,350.69,210.77,74.88,62.40,330.00,631.50,32.00,89.00,0.0000,421.24,1,0,3.2135,ACCEPT,0,130,453,4228,6,338,301,0,0,0,0
221,0,1,1,ACCEPT,38.4753,7.0000,231,-1,-1,0.9957,348.34,208.81,74.88,62.40,332.00,619.50,50.00,71.00,0.0000,411.01,1,0,3.0127,ACCEPT,0,120,453,4078,6,338,231,0,0,0,0
222,0,1,1,ACCEPT,45.3489,7.0750,283,1,1,0.9399,350.69,210.77,74.88,62.40,333.50,621.50,59.00,41.00,0.0000,411.09,1,0,3.1921,ACCEPT,0,128,450,3711,6,338,283,0,0,0,0
223,0,1,1,ACCEPT,42.2744,6.5676,243,-1,1,0.6955,348.34,212.72,74.88,62.40,347.50,638.00,39.00,42.00,0.0000,425.28,1,0,3.1532,ACCEPT,0,123,432,4349,6,338,243,0,0,0,0
224,0,1,1,ACCEPT,37.3603,5.4706,279,0,1,0.9964,348.34,214.67,74.88,62.40,356.50,642.00,25.00,52.00,0.0000,427.41,1,0,3.1955,ACCEPT,0,169,441,5233,6,338,279,0,0,0,0
225,0,1,1,ACCEPT,41.7554,6.7200,336,-1,-1,0.9286,346.00,212.72,74.88,62.40,361.50,623.00,25.00,80.00,0.0000,410.57,1,0,3.1204,ACCEPT,0,167,447,5099,6,338,336,0,0,0,0
226,0,1,1,ACCEPT,38.9699,6.4717,343,0,0,1.0000,346.00,212.72,74.88,62.40,361.00,629.00,42.00,84.00,0.0000,416.55,1,0,3.1826,ACCEPT,0,193,460,4683,6,338,343,0,0,0,0
227,0,1,1,ACCEPT,39.1998,6.4800,324,0,-1,0.9691,346.00,210.77,74.88,62.40,358.50,621.00,51.00,58.00,0.0000,410.42,1,0,3.1882,ACCEPT,0,172,455,5020,6,338,324,0,0,0,0
228,0,1,1,ACCEPT,41.6171,6.8704,371,-1,0,0.8841,343.66,210.77,74.88,62.40,372.00,635.00,30.00,48.00,0.0000,425.18,1,0,3.1762,ACCEPT,0,169,438,5164,6,338,371,0,0,0,0
229,0,1,1,ACCEPT,42.8231,6.9423,361,0,0,1.0000,343.66,210.77,74.88,62.40,385.50,635.50,27.00,57.00,0.0000,426.79,1,0,3.2021,ACCEPT,0,151,448,5982,6,338,361,0,0,0,0
230,0,1,1,ACCEPT,44.8153,8.1923,426,-1,0,0.9812,341.31,210.77,74.88,62.40,386.50,639.00,21.00,80.00,0.0000,430.61,1,0,3.0672,ACCEPT,0,176,449,6025,6,338,426,0,0,0,0
231,0,1,1,ACCEPT,44.7709,8.5882,438,0,0,1.0000,341.31,210.77,74.88,62.40,382.00,628.00,44.00,80.00,0.0000,419.21,1,0,3.1584,ACCEPT,0,197,456,5949,6,338,438,0,0,0,0
232,0,1,1,ACCEPT,47.0175,8.7200,436,0,-1,0.8326,341.31,208.81,74.88,62.40,382.50,620.00,45.00,52.00,0.0000,413.25,1,0,3.1997,ACCEPT,0,177,454,5781,6,338,436,0,0,0,0
233,0,1,1,ACCEPT,42.0175,7.4364,409,0,1,0.9340,341.31,210.77,74.88,62.40,390.50,624.50,37.00,67.00,0.0000,416.65,1,0,3.2477,ACCEPT,0,193,433,6588,6,338,409,0,0,0,0
234,0,1,1,ACCEPT,46.1100,8.5577,445,0,0,1.0000,341.31,210.77,74.88,62.40,399.00,633.00,30.00,62.00,0.0000,426.16,1,0,3.2397,ACCEPT,0,172,439,6230,6,338,445,0,0,0,0
235,0,1,1,ACCEPT,43.9958,7.4074,400,0,0,1.0000,341.31,210.77,74.88,62.40,404.00,626.50,22.00,57.00,0.0000,420.43,1,0,3.2177,ACCEPT,0,170,440,5894,6,338,400,0,0,0,0
236,0,1,1,ACCEPT,45.6026,7.0577,367,0,0,1.0000,341.31,210.77,74.88,62.40,395.50,628.00,41.00,72.00,0.0000,420.74,1,0,3.2191,ACCEPT,0,153,445,5927,6,338,367,0,0,0,0
237,0,1,1,ACCEPT,47.7695,9.9730,369,0,1,0.9214,341.31,212.72,74.88,62.40,391.00,614.50,50.00,71.00,0.0000,404.84,1,0,3.2060,ACCEPT,0,157,434,6069,6,338,369,0,0,0,0
238,0,1,1,ACCEPT,49.7648,10.7143,375,0,1,0.9493,341.31,214.67,74.88,62.40,399.00,630.00,30.00,62.00,0.0000,419.32,1,0,3.2160,ACCEPT,0,158,439,5637,6,338,375,0,0,0,0
239,0,1,1,ACCEPT,46.7951,8.3947,319,0,-1,0.8088,341.31,212.72,74.88,62.40,405.00,621.00,20.00,56.00,0.0000,413.22,1,0,3.2161,ACCEPT,0,136,452,4886,6,338,319,0,0,0,0
240,0,1,1,ACCEPT,47.2218,7.4722,269,-1,-1,0.9480,338.97,210.77,74.88,62.40,399.50,621.00,33.00,76.00,0.0000,414.68,1,0,3.0989,ACCEPT,0,108,449,4800,6,338,269,0,0,0,0
241,0,1,1,ACCEPT,48.6188,6.6047,284,0,0,1.0000,338.97,210.77,74.88,62.40,388.50,605.50,47.00,73.00,0.0000,397.83,1,0,3.1722,ACCEPT,0,124,445,4690,6,338,284,0,0,0,0
242,0,1,1,ACCEPT,46.3232,7.2895,277,0,1,0.9639,338.97,212.72,74.88,62.40,387.00,604.50,48.00,71.00,0.0000,394.71,1,0,3.2103,ACCEPT,0,143,440,4811,6,338,277,0,0,0,0
243,0,1,1,ACCEPT,47.1036,7.0952,298,0,1,0.8758,338.97,214.67,74.88,62.40,384.50,613.00,29.00,80.00,0.0000,400.92,1,0,3.1928,ACCEPT,0,141,426,5329,6,338,298,0,0,0,0
244,0,1,1,ACCEPT,44.5123,7.8333,282,0,-1,0.9823,338.97,212.72,74.88,62.40,374.50,601.00,41.00,82.00,0.0000,389.90,1,0,3.1600,ACCEPT,0,156,445,5039,6,338,282,0,0,0,0
245,0,1,1,ACCEPT,41.6163,6.1667,259,0,0,1.0000,338.97,212.72,74.88,62.40,367.00,596.00,48.00,60.00,0.0000,384.30,1,0,3.0849,ACCEPT,0,155,443,5550,6,338,259,0,0,0,0
246,0,1,1,ACCEPT,44.9315,6.0588,309,1,1,0.8673,341.31,214.67,74.88,62.40,363.50,594.00,49.00,42.00,0.0000,379.98,1,0,3.2068,ACCEPT,0,186,440,6517,6,338,309,0,0,0,0
247,0,1,1,ACCEPT,43.8578,7.7632,295,0,0,1.0000,341.31,214.67,74.88,62.40,370.00,588.00,26.00,48.00,0.0000,374.43,1,0,3.1873,ACCEPT,0,112,422,4494,6,338,295,0,0,0,0
248,0,1,1,ACCEPT,39.1315,7.0741,191,0,0,1.0000,341.31,214.67,74.88,62.40,374.00,595.50,28.00,47.00,0.0000,382.23,1,0,3.1846,ACCEPT,0,102,416,5851,6,338,191,0,0,0,0
249,0,1,1,ACCEPT,42.9413,6.9412,236,0,0,1.0000,341.31,214.67,74.88,62.40,368.50,594.50,29.00,81.00,0.0000,380.80,1,0,3.2056,ACCEPT,0,136,402,6297,6,338,236,0,0,0,0
250,0,1,1,ACCEPT,41.7258,6.4722,233,0,0,1.0000,341.31,214.67,74.88,62.40,350.00,583.50,34.00,79.00,0.0000,368.93,1,0,3.2132,ACCEPT,0,153,397,6541,6,338,233,0,0,0,0
251,0,1,1,ACCEPT,39.2698,7.0938,227,0,1,0.7841,341.31,216.62,74.88,62.40,342.00,578.00,46.00,56.00,0.0000,361.38,1,0,3.2132,ACCEPT,0,156,388,6498,6,338,227,0,0,0,0
252,0,1,1,ACCEPT,38.2867,6.5455,216,0,1,0.8519,341.31,218.58,74.88,62.40,341.00,582.00,44.00,34.00,0.0000,363.42,1,0,3.2234,ACCEPT,0,166,397,6579,6,338,216,0,0,0,0
253,0,1,1,ACCEPT,41.9602,8.5000,204,0,-1,0.9608,341.31,216.62,74.88,62.40,355.00,583.00,16.00,64.00,0.0000,366.63,1,0,3.1807,ACCEPT,0,112,413,6865,6,338,204,0,0,0,0
254,0,1,1,ACCEPT,41.1779,6.5000,208,0,0,1.0000,341.31,216.62,74.88,62.40,362.00,582.50,26.00,51.00,0.0000,366.46,1,0,3.2056,ACCEPT,0,144,402,6918,6,338,208,0,0,0,0
255,0,1,1,ACCEPT,43.8303,9.3333,196,0,0,1.0000,341.31,216.62,74.88,62.40,358.50,572.50,17.00,57.00,0.0000,356.29,1,0,3.2053,ACCEPT,0,101,398,6616,6,338,196,0,0,0,0
256,0,1,1,ACCEPT,39.7699,8.0476,169,0,0,1.0000,341.31,216.62,74.88,62.40,352.50,578.00,19.00,84.00,0.0000,361.55,1,0,3.2385,ACCEPT,0,120,397,7521,6,338,169,0,0,0,0
257,0,1,1,ACCEPT,42.1258,8.4000,168,0,-1,0.8095,341.31,214.67,74.88,62.40,341.50,571.00,41.00,66.00,0.0000,356.33,1,0,3.2393,ACCEPT,0,77,400,8972,6,338,168,0,0,0,0
258,0,1,1,ACCEPT,32.6933,5.3438,171,-1,-2,0.7193,338.97,210.77,74.88,62.40,347.50,556.50,27.00,47.00,0.0000,345.84,1,0,3.1447,ACCEPT,0,84,401,8705,6,338,171,0,0,0,0
259,0,1,1,ACCEPT,40.0565,6.7931,197,0,0,1.0000,338.97,210.77,74.88,62.40,354.00,559.00,18.00,52.00,0.0000,348.56,1,0,3.1912,ACCEPT,0,132,378,10659,6,338,197,0,0,0,0
260,0,1,1,ACCEPT,42.2608,6.1111,220,0,0,1.0000,338.97,210.77,74.88,62.40,360.00,572.50,14.00,61.00,0.0000,362.35,1,0,3.2226,ACCEPT,0,114,375,11449,6,338,220,0,0,0,0
261,0,1,1,ACCEPT,42.3242,8.6538,225,-1,0,0.9556,336.62,210.77,74.88,62.40,362.50,564.50,13.00,73.00,0.0000,354.68,1,0,3.1410,ACCEPT,0,161,375,11254,6,338,225,0,0,0,0
262,0,1,1,ACCEPT,39.6213,8.9130,205,0,0,1.0000,336.62,210.77,74.88,62.40,363.50,567.00,17.00,90.00,0.0000,357.25,1,0,3.2047,ACCEPT,0,162,383,11216,6,338,205,0,0,0,0
263,0,1,1,ACCEPT,39.2603,8.5238,179,-1,-2,0.5196,334.28,206.86,74.88,62.40,364.00,563.50,34.00,59.00,0.0000,357.88,1,0,3.1282,ACCEPT,0,80,401,10430,6,338,179,0,0,0,0
264,0,1,1,ACCEPT,40.8866,7.4074,200,1,0,0.9850,336.62,206.86,74.88,62.40,363.50,557.50,33.00,37.00,0.0000,351.67,1,0,3.1804,ACCEPT,0,98,395,9600,6,338,200,0,0,0,0
265,0,1,1,ACCEPT,40.9974,8.1364,179,-1,-1,0.8324,334.28,204.91,74.88,62.40,365.50,560.00,31.00,66.00,0.0000,356.46,1,0,3.2157,ACCEPT,0,81,379,9113,6,338,179,0,0,0,0
266,0,1,1,ACCEPT,45.6582,8.6000,215,0,0,1.0000,334.28,204.91,74.88,62.40,376.00,561.50,20.00,53.00,0.0000,359.03,1,0,3.2260,ACCEPT,0,91,380,8101,6,338,215,0,0,0,0
267,0,1,1,ACCEPT,46.0547,10.7895,205,0,0,1.0000,334.28,204.91,74.88,62.40,379.50,561.50,23.00,87.00,0.0000,359.45,1,0,3.2362,ACCEPT,0,84,425,2467,6,338,205,0,0,0,0
268,0,1,1,ACCEPT,38.6682,8.1429,57,0,0,1.0000,334.28,204.91,74.88,62.40,363.50,560.00,49.00,52.00,0.0000,356.29,1,0,3.1978,ACCEPT,0,26,428,2157,6,338,57,0,0,0,0
269,0,1,1,ACCEPT,36.2846,6.7500,54,0,0,1.0000,334.28,204.91,74.88,62.40,365.50,560.50,47.00,59.00,0.0000,356.96,1,0,3.1953,ACCEPT,0,26,430,2220,6,338,54,0,0,0,0
270,0,1,1,ACCEPT,37.8447,8.5714,60,0,0,1.0000,334.28,204.91,74.88,62.40,372.50,563.00,21.00,36.00,0.0000,360.13,1,0,3.2032,ACCEPT,0,27,427,2129,6,338,60,0,0,0,0
271,0,1,1,ACCEPT,37.1715,7.0000,63,0,0,1.0000,334.28,204.91,74.88,62.40,370.50,562.50,17.00,73.00,0.0000,359.42,1,0,3.2160,ACCEPT,0,29,434,2490,6,338,63,0,0,0,0
272,0,1,1,ACCEPT,43.5657,7.8000,78,-1,0,0.9744,331.94,204.91,74.88,62.40,355.50,559.00,35.00,78.00,0.0000,354.88,1,0,3.2177,ACCEPT,0,34,429,1966,6,338,78,0,0,0,0
273,0,1,1,ACCEPT,36.2934,7.4444,67,0,-1,0.9851,331.94,202.95,74.88,62.40,342.50,558.50,45.00,49.00,0.0000,355.70,1,0,3.1791,ACCEPT,0,34,442,1940,6,338,67,0,0,0,0
274,0,1,1,ACCEPT,43.3141,7.5000,90,0,0,1.0000,331.94,202.95,74.88,62.40,349.50,563.50,19.00,43.00,0.0000,360.97,1,0,3.2183,ACCEPT,0,38,445,1777,6,338,90,0,0,0,0
275,0,1,1,ACCEPT,38.8808,5.1176,87,-1,0,0.9770,329.59,202.95,74.88,62.40,355.00,562.50,28.00,47.00,0.0000,360.44,1,0,3.1701,ACCEPT,0,39,433,1421,6,338,87,0,0,0,0
276,0,1,1,ACCEPT,36.9490,5.6154,73,0,0,1.0000,329.59,202.95,74.88,62.40,348.50,561.00,29.00,86.00,0.0000,358.55,1,0,3.2445,ACCEPT,0,33,452,1613,6,338,73,0,0,0,0
277,0,1,1,ACCEPT,37.7498,6.0000,84,0,0,1.0000,329.59,202.95,74.88,62.40,328.50,551.50,35.00,79.00,0.0000,348.55,1,0,3.2437,ACCEPT,0,39,446,1513,6,338,84,0,0,0,0
278,0,1,1,ACCEPT,41.9648,5.8571,82,-1,-2,0.6220,327.25,199.05,74.88,62.40,320.00,548.50,42.00,53.00,0.0000,349.53,1,0,3.2007,ACCEPT,0,35,448,1506,6,338,82,0,0,0,0
279,0,1,1,ACCEPT,42.7220,6.0714,85,0,0,1.0000,327.25,199.05,74.88,62.40,327.00,556.00,22.00,72.00,0.0000,356.95,1,0,3.1981,ACCEPT,0,39,436,1586,6,338,85,0,0,0,0
280,0,1,1,ACCEPT,43.0281,7.5000,90,0,0,1.0000,327.25,199.05,74.88,62.40,332.50,561.00,25.00,46.00,0.0000,361.99,1,0,3.2088,ACCEPT,0,40,440,1697,6,338,90,0,0,0,0
281,0,1,1,ACCEPT,40.5497,6.3571,89,1,0,0.9775,329.59,199.05,74.88,62.40,335.50,557.00,25.00,74.00,0.0000,358.00,1,0,3.1941,ACCEPT,0,51,447,1875,6,338,89,0,0,0,0
282,0,1,1,ACCEPT,42.8008,6.9375,111,-1,0,0.9279,327.25,199.05,74.88,62.40,325.50,556.00,11.00,92.00,0.0000,356.96,1,0,3.1697,ACCEPT,0,63,436,2369,6,338,111,0,0,0,0
283,0,1,1,ACCEPT,45.4798,9.4667,142,0,0,1.0000,327.25,199.05,74.88,62.40,308.00,555.00,44.00,64.00,0.0000,356.47,1,0,3.2252,ACCEPT,0,69,443,2368,6,338,142,0,0,0,0
284,0,1,1,ACCEPT,47.2268,8.6875,139,0,0,1.0000,327.25,199.05,74.88,62.40,310.00,556.00,38.00,60.00,0.0000,357.37,1,0,3.2285,ACCEPT,0,57,438,2207,6,338,139,0,0,0,0
285,0,1,1,ACCEPT,41.0045,6.5556,118,0,0,1.0000,327.25,199.05,74.88,62.40,317.00,556.50,24.00,69.00,0.0000,357.60,1,0,3.2376,ACCEPT,0,52,443,2284,6,338,118,0,0,0,0
286,0,1,1,ACCEPT,44.4711,8.0000,120,0,0,1.0000,327.25,199.05,74.88,62.40,323.00,553.00,22.00,56.00,0.0000,353.98,1,0,3.2219,ACCEPT,0,51,439,2031,6,338,120,0,0,0,0
287,0,1,1,ACCEPT,40.7825,7.2143,101,0,0,1.0000,327.25,199.05,74.88,62.40,328.50,552.00,19.00,56.00,0.0000,352.96,1,0,3.1822,ACCEPT,0,50,439,2040,6,338,101,0,0,0,0
288,0,1,1,ACCEPT,42.9615,6.0526,115,1,2,0.5130,329.59,202.95,74.88,62.40,316.00,566.50,28.00,93.00,0.0000,363.80,1,0,3.1490,ACCEPT,0,66,417,2317,6,338,115,0,0,0,0
289,0,1,1,ACCEPT,44.5606,6.2632,119,0,0,1.0000,329.59,202.95,74.88,62.40,315.50,569.00,39.00,66.00,0.0000,366.32,1,0,3.2091,ACCEPT,0,60,432,2178,6,338,119,0,0,0,0
290,0,1,1,ACCEPT,40.0220,5.5789,106,0,0,1.0000,329.59,202.95,74.88,62.40,317.00,570.00,44.00,62.00,0.0000,367.26,1,0,3.1648,ACCEPT,0,54,436,2107,6,338,106,0,0,0,0
291,0,1,1,ACCEPT,42.2816,6.5625,105,1,-1,0.8286,331.94,201.00,74.88,62.40,322.50,569.50,41.00,61.00,0.0000,368.62,1,0,3.1947,ACCEPT,0,49,442,2853,6,338,105,0,0,0,0
292,0,1,1,ACCEPT,41.4578,7.5789,144,0,0,1.0000,331.94,201.00,74.88,62.40,328.50,575.50,35.00,63.00,0.0000,374.52,1,0,3.1678,ACCEPT,0,66,426,3491,6,338,144,0,0,0,0
293,0,1,1,ACCEPT,41.6755,6.4138,186,0,2,0.4516,331.94,204.91,74.88,62.40,341.50,565.00,35.00,68.00,0.0000,360.22,1,0,3.2043,ACCEPT,0,96,410,3407,6,338,186,0,0,0,0
294,0,1,1,ACCEPT,43.7623,6.2963,170,1,1,0.9235,334.28,206.86,74.88,62.40,350.50,562.00,31.00,62.00,0.0000,355.51,1,0,3.1936,ACCEPT,0,73,428,3080,6,338,170,0,0,0,0
295,0,1,1,ACCEPT,45.0327,8.2222,148,0,0,1.0000,334.28,206.86,74.88,62.40,354.00,566.00,38.00,38.00,0.0000,359.68,1,0,3.2167,ACCEPT,0,60,443,3158,6,338,148,0,0,0,0
296,0,1,1,ACCEPT,43.0842,7.6000,152,1,0,0.9868,336.62,206.86,74.88,62.40,356.50,569.00,45.00,38.00,0.0000,362.69,1,0,3.1297,ACCEPT,0,64,445,3289,6,338,152,0,0,0,0
297,0,1,1,ACCEPT,42.0968,7.7500,155,-1,0,0.9613,334.28,206.86,74.88,62.40,355.50,571.00,49.00,46.00,0.0000,364.76,1,0,3.1883,ACCEPT,0,71,434,2786,6,338,155,0,0,0,0
298,0,1,1,ACCEPT,44.2708,7.7000,154,1,1,0.6558,336.62,208.81,74.88,62.40,362.50,577.00,35.00,70.00,0.0000,369.10,1,0,3.2074,ACCEPT,0,66,436,3121,6,338,154,0,0,0,0
299,0,1,1,ACCEPT,43.3082,8.9444,161,0,1,0.9006,336.62,210.77,74.88,62.40,360.00,577.00,40.00,88.00,0.0000,366.98,1,0,3.2271,ACCEPT,0,62,426,2829,6,338,161,0,0,0,0
300,0,1,1,ACCEPT,44.0100,8.0556,145,0,0,1.0000,336.62,210.77,74.88,62.40,361.00,575.50,44.00,45.00,0.0000,365.55,1,0,3.2191,ACCEPT,0,58,438,2487,6,338,145,0,0,0,0
301,0,1,1,ACCEPT,44.1796,7.8750,126,0,0,1.0000,336.62,210.77,74.88,62.40,365.50,579.50,41.00,59.00,0.0000,369.86,1,0,3.2240,ACCEPT,0,51,439,2492,6,338,126,0,0,0,0
302,0,1,1,ACCEPT,42.3664,7.3529,125,0,-1,0.9120,336.62,208.81,74.88,62.40,371.00,581.50,30.00,39.00,0.0000,374.27,1,0,3.2292,ACCEPT,0,54,447,2532,6,338,125,0,0,0,0
303,0,1,1,ACCEPT,42.8983,7.1111,128,0,-1,0.9531,336.62,206.86,74.88,62.40,373.00,580.50,30.00,81.00,0.0000,375.41,1,0,3.2161,ACCEPT,0,55,448,2528,6,338,128,0,0,0,0
304,0,1,1,ACCEPT,42.4205,5.8261,134,0,1,0.8806,336.62,208.81,74.88,62.40,364.50,576.00,53.00,58.00,0.0000,368.24,1,0,3.2092,ACCEPT,0,57,437,2463,6,338,134,0,0,0,0
305,0,1,1,ACCEPT,37.0564,4.8889,132,0,1,0.7955,336.62,210.77,74.88,62.40,370.00,578.50,48.00,61.00,0.0000,369.25,1,0,3.1833,ACCEPT,0,73,434,2580,6,338,132,0,0,0,0
306,0,1,1,ACCEPT,37.7059,5.5357,155,0,1,0.8194,336.62,212.72,74.88,62.40,374.50,585.50,23.00,49.00,0.0000,374.70,1,0,3.1366,ACCEPT,0,88,440,2301,6,338,155,0,0,0,0
307,0,1,1,ACCEPT,42.3110,6.1600,154,0,0,1.0000,336.62,212.72,74.88,62.40,374.00,587.50,16.00,71.00,0.0000,376.64,1,0,3.2123,ACCEPT,0,65,446,1845,6,338,154,0,0,0,0
308,0,1,1,ACCEPT,38.4667,5.4762,115,0,-2,0.7043,336.62,208.81,74.88,62.40,355.50,572.00,41.00,52.00,0.0000,363.68,1,0,3.1970,ACCEPT,0,55,461,2657,6,338,115,0,0,0,0
309,0,1,1,ACCEPT,44.7253,6.1250,196,-1,0,0.9898,334.28,208.81,74.88,62.40,353.00,575.00,38.00,64.00,0.0000,366.67,1,0,3.1777,ACCEPT,0,78,445,2442,6,338,196,0,0,0,0
310,0,1,1,ACCEPT,46.6631,6.2258,193,1,0,0.8912,336.62,208.81,74.88,62.40,359.00,581.00,18.00,52.00,0.0000,372.86,1,0,3.2146,ACCEPT,0,85,462,2291,6,338,193,0,0,0,0
311,0,1,1,ACCEPT,44.0588,7.0000,168,0,0,1.0000,336.62,208.81,74.88,62.40,358.50,578.50,15.00,49.00,0.0000,370.33,1,0,3.2057,ACCEPT,0,84,458,2810,6,338,168,0,0,0,0
312,0,1,1,ACCEPT,39.8411,6.4375,206,0,0,1.0000,336.62,208.81,74.88,62.40,357.50,579.00,11.00,94.00,0.0000,370.78,1,0,3.1516,ACCEPT,0,129,460,2559,6,338,206,0,0,0,0
313,0,1,1,ACCEPT,42.9655,6.6071,185,1,0,0.9622,338.97,208.81,74.88,62.40,340.00,580.00,32.00,76.00,0.0000,371.19,1,0,3.2110,ACCEPT,0,91,468,2719,6,338,185,0,0,0,0
314,0,1,1,ACCEPT,41.5861,6.0303,199,0,1,0.8945,338.97,210.77,74.88,62.40,339.00,581.00,24.00,80.00,0.0000,370.23,1,0,3.2320,ACCEPT,0,112,446,2680,6,338,199,0,0,0,0
315,0,1,1,ACCEPT,42.5584,6.6552,193,0,0,1.0000,338.97,210.77,74.88,62.40,339.50,584.00,15.00,78.00,0.0000,373.23,1,0,3.2016,ACCEPT,0,113,465,2947,6,338,193,0,0,0,0
316,0,1,1,ACCEPT,44.3082,8.5385,222,1,-1,0.9324,341.31,208.81,74.88,62.40,337.50,583.00,15.00,80.00,0.0000,374.21,1,0,3.1569,ACCEPT,0,116,466,2604,6,338,222,0,0,0,0
317,0,1,1,ACCEPT,45.8264,7.6800,192,0,-1,0.8281,341.31,206.86,74.88,62.40,331.00,576.50,20.00,89.00,0.0000,369.78,1,0,3.2304,ACCEPT,0,102,465,2549,6,338,192,0,0,0,0
318,0,1,1,ACCEPT,46.4633,8.7273,192,0,-1,0.8385,341.31,204.91,74.88,62.40,320.00,577.00,22.00,70.00,0.0000,372.70,1,0,3.2412,ACCEPT,0,99,469,2960,6,338,192,0,0,0,0
319,0,1,1,ACCEPT,46.0377,8.3667,251,0,2,0.6972,341.31,208.81,74.88,62.40,314.50,579.00,23.00,80.00,0.0000,371.16,1,0,3.2360,ACCEPT,0,132,458,3436,6,338,251,0,0,0,0
320,0,1,1,ACCEPT,40.0048,7.3659,302,1,1,0.7550,343.66,210.77,74.88,62.40,313.00,582.00,18.00,84.00,0.0000,372.50,1,0,3.1833,ACCEPT,0,175,458,4198,6,338,302,0,0,0,0
321,0,1,1,ACCEPT,44.4179,8.3409,367,0,1,0.8120,343.66,212.72,74.88,62.40,315.50,584.50,15.00,71.00,0.0000,372.85,1,0,3.2092,ACCEPT,0,191,436,3997,6,338,367,0,0,0,0
322,0,1,1,ACCEPT,43.9081,9.6364,318,1,1,0.9780,346.00,214.67,74.88,62.40,314.00,580.00,22.00,64.00,0.0000,366.73,1,0,3.2213,ACCEPT,0,137,439,1579,6,338,318,0,0,0,0
323,0,1,1,ACCEPT,39.7021,8.2143,115,0,0,1.0000,346.00,214.67,74.88,62.40,301.50,578.50,37.00,81.00,0.0000,366.54,1,0,3.1878,ACCEPT,0,53,438,1660,6,338,115,0,0,0,0
324,0,1,1,ACCEPT,41.1499,7.5294,128,1,1,0.8828,348.34,216.62,74.88,62.40,293.00,577.50,36.00,69.00,0.0000,365.09,1,0,3.2150,ACCEPT,0,62,433,1935,6,338,128,0,0,0,0
325,0,1,1,ACCEPT,37.9708,7.3889,133,0,0,1.0000,348.34,216.62,74.88,62.40,286.00,572.00,32.00,68.00,0.0000,360.80,1,0,3.2009,ACCEPT,0,60,428,1907,6,338,133,0,0,0,0
326,0,1,1,ACCEPT,39.7306,7.4706,127,0,1,0.9291,348.34,218.58,74.88,62.40,285.50,573.00,31.00,76.00,0.0000,359.95,1,0,3.2334,ACCEPT,0,57,424,2096,6,338,127,0,0,0,0
327,0,1,1,ACCEPT,35.6290,6.4091,141,1,1,0.9291,350.69,220.53,74.88,62.40,287.50,576.00,23.00,80.00,0.0000,361.04,1,0,3.1421,ACCEPT,0,65,430,2062,6,338,141,0,0,0,0
328,0,1,1,ACCEPT,35.6200,6.2727,138,0,1,0.8551,350.69,222.48,74.88,62.40,288.50,576.50,19.00,77.00,0.0000,359.44,1,0,3.2203,ACCEPT,0,67,429,1982,6,338,138,0,0,0,0
329,0,1,1,ACCEPT,35.6018,6.0000,126,0,1,0.9048,350.69,224.44,74.88,62.40,282.00,572.00,20.00,54.00,0.0000,354.28,1,0,3.2210,ACCEPT,0,60,432,1946,6,338,126,0,0,0,0
330,0,1,1,ACCEPT,39.1398,6.6316,126,0,0,1.0000,350.69,224.44,74.88,62.40,279.00,569.50,18.00,69.00,0.0000,352.43,1,0,3.2024,ACCEPT,0,55,441,2291,6,338,126,0,0,0,0
331,0,1,1,ACCEPT,38.7558,6.5417,157,0,1,0.9363,350.69,226.39,74.88,62.40,276.50,563.50,15.00,69.00,0.0000,345.18,1,0,3.1974,ACCEPT,0,73,432,1808,6,338,157,0,0,0,0
332,0,1,1,ACCEPT,38.8133,6.8824,117,0,0,1.0000,350.69,226.39,74.88,62.40,273.00,566.50,18.00,77.00,0.0000,348.87,1,0,3.1727,ACCEPT,0,53,434,2120,6,338,117,0,0,0,0
333,0,1,1,ACCEPT,39.9548,6.4783,149,-1,1,0.8658,348.34,228.34,74.88,62.40,264.00,564.00,24.00,48.00,0.0000,346.09,1,0,3.1799,ACCEPT,0,71,423,2452,6,338,149,0,0,0,0
334,0,1,1,ACCEPT,40.0871,7.5217,173,0,0,1.0000,348.34,228.34,74.88,62.40,259.50,563.50,27.00,51.00,0.0000,346.73,1,0,3.1546,ACCEPT,0,75,439,2624,6,338,173,0,0,0,0
335,0,1,1,ACCEPT,40.9062,6.5357,183,0,2,0.6120,348.34,232.25,74.88,62.40,255.00,560.50,28.00,65.00,0.0000,341.26,1,0,3.1215,ACCEPT,0,85,422,2607,6,338,183,0,0,0,0
336,0,1,1,ACCEPT,40.2104,6.7931,197,0,1,0.8071,348.34,234.20,74.88,62.40,253.50,565.00,23.00,60.00,0.0000,344.12,1,0,3.1551,ACCEPT,0,85,433,3025,6,338,197,0,0,0,0
337,0,1,1,ACCEPT,42.3184,6.6765,227,0,1,0.8150,348.34,236.16,74.88,62.40,250.00,556.00,12.00,44.00,0.0000,334.62,1,0,3.1721,ACCEPT,0,90,439,2894,6,338,227,0,0,0,0
338,0,1,1,ACCEPT,40.3843,6.7500,216,0,1,0.8009,348.34,238.11,74.88,62.40,240.50,549.00,21.00,74.00,0.0000,329.06,1,0,3.2131,ACCEPT,0,92,442,3432,6,338,216,0,0,0,0
