frame,occluded,evaluated,accept,reason,psr_bolme,psr_ratio,peak,dr_bin,dc_bin,resp00_over_peak,est_row,est_col,est_h,est_w,truth_row,truth_col,truth_h,truth_w,iou,centre_err,published,scale_idx,scale_conf,scale_reason,rails,accum_max,fch0_max,h_max,job,anchor,resp_max,rails_fch,rails_accum,rails_resp,rails_h
0,0,0,0,ZERO_RESPONSE,0.0000,0.0000,0,0,0,0.0000,207.50,550.50,25.00,29.00,207.50,550.50,25.00,29.00,1.0000,0.00,1,0,0.0000,NOT_RUN,0,0,5108,11270,0,0,0,0,0,0,0
1,0,1,1,ACCEPT,24.3690,4.8205,752,8,-3,0.1981,213.75,547.78,25.00,29.00,213.50,548.00,27.00,30.00,0.8951,0.33,1,0,3.2373,ACCEPT,0,525,4719,12214,0,0,752,0,0,0,0
2,0,1,1,ACCEPT,22.5985,3.5944,1675,9,-2,0.2770,220.78,545.97,25.00,29.00,220.00,546.00,26.00,30.00,0.9095,0.78,1,0,3.2077,ACCEPT,0,1156,4136,13974,0,0,1675,0,0,0,0
3,0,1,1,ACCEPT,20.1961,3.0603,1827,10,-2,0.3224,228.59,544.16,25.00,29.00,227.50,543.00,29.00,32.00,0.7812,1.59,1,0,3.2207,ACCEPT,0,1321,3718,11888,0,0,1827,0,0,0,0
4,0,1,1,ACCEPT,19.3515,2.7425,1917,9,-1,0.2676,235.62,543.25,25.00,29.00,235.00,541.50,26.00,29.00,0.8461,1.86,1,0,3.2374,ACCEPT,0,1259,3102,12881,0,0,1917,0,0,0,0
5,0,1,1,ACCEPT,17.8302,2.5053,2117,9,-2,0.2419,242.66,541.44,25.00,29.00,242.00,540.00,26.00,28.00,0.8612,1.58,1,0,3.1879,ACCEPT,0,1631,2889,11791,0,0,2117,0,0,0,0
6,0,1,1,ACCEPT,17.6657,2.5363,1958,9,-1,0.3274,249.69,540.53,25.00,29.00,249.50,539.00,25.00,28.00,0.8853,1.54,1,0,3.2359,ACCEPT,0,1492,2609,12844,0,0,1958,0,0,0,0
7,0,1,1,ACCEPT,17.4333,2.5914,2099,8,-1,0.2396,255.94,539.62,25.00,29.00,255.50,539.00,25.00,28.00,0.9248,0.76,1,0,2.9412,ACCEPT,0,1721,2287,16609,0,0,2099,0,0,0,0
8,0,1,1,ACCEPT,15.7479,2.3506,2447,7,1,0.0797,261.41,540.53,24.04,27.88,261.00,540.00,26.00,32.00,0.8057,0.67,1,-1,2.6969,ACCEPT,0,2543,2161,18710,0,0,2447,0,0,0,0
9,0,1,1,ACCEPT,17.7124,2.2571,2880,6,3,0.0681,265.91,543.16,24.04,27.88,263.50,542.50,25.00,29.00,0.7869,2.49,1,0,2.9125,ACCEPT,0,2496,1906,19583,0,0,2880,0,0,0,0
10,0,1,1,ACCEPT,19.5525,1.8357,3442,3,5,0.0189,268.16,547.53,24.04,27.88,266.50,545.50,25.00,29.00,0.7629,2.62,1,0,3.1099,ACCEPT,0,2388,1929,12914,0,0,3442,0,0,0,0
11,0,1,1,ACCEPT,18.8768,1.5646,3489,3,6,0.0656,270.41,552.78,24.04,27.88,270.00,551.50,24.00,29.00,0.8847,1.34,1,0,2.9605,ACCEPT,0,2326,1776,14017,0,0,3489,0,0,0,0
12,0,1,1,ACCEPT,18.9633,1.7295,2992,3,9,0.0926,272.66,560.66,24.04,27.88,272.00,560.00,24.00,28.00,0.9045,0.93,1,0,2.9569,ACCEPT,0,1815,1846,12360,0,0,2992,0,0,0,0
13,0,1,1,ACCEPT,19.6964,1.6540,3007,2,10,0.1004,274.16,569.41,24.04,27.88,275.00,569.00,24.00,30.00,0.8685,0.94,1,0,3.0805,ACCEPT,0,1753,1747,12584,0,0,3007,0,0,0,0
14,0,1,1,ACCEPT,16.9813,1.4696,2660,5,11,0.1282,277.91,579.03,24.04,27.88,277.50,577.00,25.00,28.00,0.8333,2.07,1,0,3.2020,ACCEPT,0,1778,1663,12958,0,0,2660,0,0,0,0
15,0,1,1,ACCEPT,20.1535,1.7571,2785,2,12,0.1242,279.41,589.53,24.04,27.88,280.00,587.50,24.00,27.00,0.8233,2.12,1,0,3.3062,ACCEPT,0,1612,1717,12127,0,0,2785,0,0,0,0
16,0,1,1,ACCEPT,18.5476,1.6200,2443,2,12,0.1077,280.91,600.03,24.04,27.88,280.00,598.50,22.00,27.00,0.8211,1.78,1,0,2.9875,ACCEPT,0,1532,1401,12337,0,0,2443,0,0,0,0
17,0,1,1,ACCEPT,17.5187,1.5291,2309,1,14,0.0026,281.66,612.28,24.04,27.88,281.50,610.00,23.00,28.00,0.8151,2.29,1,0,3.2070,ACCEPT,0,1875,1211,12732,0,0,2309,0,0,0,0
18,0,1,1,ACCEPT,14.2939,1.3284,2148,2,12,0.0759,283.16,622.78,24.04,27.88,282.50,622.00,21.00,28.00,0.8291,1.02,1,0,3.1060,ACCEPT,0,2257,1050,14912,0,0,2148,0,0,0,0
19,0,1,1,ACCEPT,14.8932,1.4667,2533,3,11,0.0095,285.41,632.41,24.04,27.88,284.50,631.00,19.00,26.00,0.7144,1.67,1,0,2.9296,ACCEPT,0,2747,708,22196,0,0,2533,0,0,0,0
20,0,1,1,ACCEPT,11.1668,1.1552,2486,4,11,0.0249,288.41,642.03,24.04,27.88,286.50,640.00,19.00,28.00,0.6934,2.79,1,0,3.0432,ACCEPT,0,3595,464,31101,0,0,2486,0,0,0,0
21,0,1,1,ACCEPT,10.4917,1.1120,2850,4,10,0.0347,291.41,650.78,24.04,27.88,290.00,649.00,18.00,28.00,0.6695,2.27,1,0,3.2685,ACCEPT,0,3416,437,31735,0,0,2850,0,0,0,0
22,0,1,1,ACCEPT,10.3197,1.1212,2841,3,9,0.0458,293.66,658.66,24.04,27.88,291.00,656.00,18.00,30.00,0.6419,3.76,1,0,2.8121,ACCEPT,0,3959,317,28084,0,0,2841,0,0,0,0
23,0,1,1,ACCEPT,12.8524,1.5107,3239,1,8,0.1732,294.41,665.66,24.04,27.88,291.50,661.50,13.00,29.00,0.4316,5.07,1,0,3.0202,ACCEPT,0,4308,438,21054,0,0,3239,0,0,0,0
24,0,1,1,ACCEPT,7.8884,1.0467,2019,3,6,0.4354,296.66,670.91,24.04,27.88,294.50,668.50,13.00,27.00,0.4677,3.23,1,1,1.9740,LOW_CONF,0,3998,483,20581,0,0,2019,0,0,0,0
25,0,1,1,ACCEPT,9.3615,2.3026,2100,1,6,0.2490,297.41,676.16,24.04,27.88,294.00,673.00,14.00,30.00,0.4950,4.64,1,0,3.0708,ACCEPT,0,3390,418,19518,0,0,2100,0,0,0,0
26,0,1,1,ACCEPT,5.9089,1.2258,1341,2,5,0.2394,298.91,680.53,24.04,27.88,294.00,679.50,12.00,31.00,0.4728,5.01,1,0,3.5946,ACCEPT,0,4378,499,16724,0,0,1341,0,0,0,0
27,0,1,1,ACCEPT,8.0585,1.0117,1816,0,4,0.1977,298.91,684.03,24.04,27.88,294.00,683.00,12.00,32.00,0.4649,5.01,1,0,3.2007,ACCEPT,0,4051,551,14526,0,0,1816,0,0,0,0
28,0,1,1,ACCEPT,10.3510,1.2479,3368,0,6,0.2357,298.91,689.28,24.04,27.88,295.50,689.50,9.00,27.00,0.3625,3.41,1,0,3.2624,ACCEPT,0,5387,3445,6166,0,0,3368,0,0,0,0
29,0,1,1,ACCEPT,11.6855,1.4735,3675,0,5,0.2044,298.91,693.66,24.04,27.88,295.00,693.50,10.00,27.00,0.4028,3.91,1,0,3.2309,ACCEPT,0,4604,3114,6994,0,0,3675,0,0,0,0
30,0,1,1,ACCEPT,13.5246,1.8141,3893,-1,4,0.2404,298.16,697.16,24.04,27.88,294.50,697.50,11.00,27.00,0.4431,3.67,1,0,3.4290,ACCEPT,0,3893,2886,8216,0,0,3893,0,0,0,0
31,0,1,1,ACCEPT,13.2510,1.7015,3636,-1,4,0.2098,297.41,700.66,24.04,27.88,294.00,701.50,10.00,27.00,0.3945,3.51,1,0,3.3713,ACCEPT,0,4287,2541,9521,0,0,3636,0,0,0,0
32,0,1,1,ACCEPT,14.7421,1.8991,3690,-1,3,0.2924,296.66,703.28,24.04,27.88,292.50,704.00,11.00,26.00,0.4267,4.22,1,0,3.3048,ACCEPT,0,3840,2669,8697,0,0,3690,0,0,0,0
33,0,1,1,ACCEPT,17.5432,2.3477,3531,-4,5,0.1841,293.66,707.66,24.04,27.88,290.50,707.50,11.00,23.00,0.3774,3.16,1,0,3.4533,ACCEPT,0,3202,2264,9050,0,0,3531,0,0,0,0
34,0,1,1,ACCEPT,17.1743,2.3584,3514,-3,3,0.2937,291.41,710.28,24.04,27.88,288.00,712.50,10.00,21.00,0.3133,4.07,1,0,3.3893,ACCEPT,0,2890,2295,8262,0,0,3514,0,0,0,0
35,0,1,1,ACCEPT,20.5028,2.5799,3937,-2,5,0.1750,289.91,714.66,24.04,27.88,286.00,716.50,10.00,21.00,0.3133,4.32,1,0,3.2552,ACCEPT,0,3124,1846,10690,0,0,3937,0,0,0,0
36,0,1,1,ACCEPT,20.2338,2.9913,3419,-5,5,0.1495,286.16,719.03,24.04,27.88,283.00,720.50,12.00,25.00,0.4469,3.48,1,0,3.2637,ACCEPT,0,2773,1869,8471,0,0,3419,0,0,0,0
37,0,1,1,ACCEPT,18.2958,2.6421,3012,-5,7,0.1680,282.41,725.16,24.04,27.88,278.50,726.00,13.00,24.00,0.4655,4.00,1,0,3.2486,ACCEPT,0,2770,1528,8629,0,0,3012,0,0,0,0
38,0,1,1,ACCEPT,17.0630,2.7305,2482,-5,7,0.2361,278.66,731.28,24.04,27.88,274.50,732.00,11.00,20.00,0.3282,4.22,1,0,3.1373,ACCEPT,0,2687,1280,9896,0,0,2482,0,0,0,0
39,0,1,1,ACCEPT,14.8929,2.5604,1887,-7,9,0.0631,273.41,739.16,24.04,27.88,269.50,739.00,11.00,22.00,0.3610,3.91,1,0,3.0701,ACCEPT,0,2075,840,11379,0,0,1887,0,0,0,0
40,0,1,1,ACCEPT,14.0703,2.2824,1883,-6,10,0.3139,268.91,747.91,24.04,27.88,264.50,749.50,11.00,21.00,0.3446,4.69,1,0,2.9831,ACCEPT,0,1919,814,14756,0,0,1883,0,0,0,0
41,0,1,1,ACCEPT,13.7994,2.3955,2017,-6,11,0.1681,264.41,757.53,24.04,27.88,260.00,759.00,12.00,20.00,0.3580,4.64,1,0,3.2515,ACCEPT,0,1880,453,17360,0,0,2017,0,0,0,0
42,0,1,1,ACCEPT,14.9914,2.1629,2031,-6,12,0.0896,259.91,768.03,24.04,27.88,254.50,770.00,13.00,24.00,0.4647,5.75,1,0,3.3354,ACCEPT,0,1854,640,14506,0,0,2031,0,0,0,0
43,0,1,1,ACCEPT,17.0349,2.5151,1836,-6,14,0.0871,255.41,780.28,24.04,27.88,248.50,785.00,13.00,24.00,0.3350,8.36,1,0,3.3325,ACCEPT,0,1736,4135,2750,0,0,1836,0,0,0,0
44,0,1,1,ACCEPT,14.0287,2.5381,1665,-6,17,0.0360,250.91,795.16,24.04,27.88,244.00,795.50,12.00,19.00,0.3073,6.91,1,0,2.9960,ACCEPT,0,2079,3603,2895,0,0,1665,0,0,0,0
45,0,1,1,ACCEPT,14.0693,2.5319,1942,-7,17,0.0211,245.66,810.03,24.04,27.88,240.50,809.00,13.00,16.00,0.3103,5.26,1,0,3.1759,ACCEPT,0,2451,4332,3433,0,0,1942,0,0,0,0
46,0,1,1,ACCEPT,13.9748,2.3810,2600,-6,16,0.0273,241.16,824.03,24.04,27.88,236.00,823.00,14.00,16.00,0.3298,5.26,1,0,3.3585,ACCEPT,0,2986,4085,5205,0,0,2600,0,0,0,0
47,0,1,1,ACCEPT,11.8184,1.8103,2138,-5,18,0.0748,237.41,839.78,24.04,27.88,232.00,839.00,14.00,18.00,0.3618,5.46,1,0,3.2350,ACCEPT,0,2449,2939,7651,0,0,2138,0,0,0,0
48,0,1,1,ACCEPT,11.3186,1.9162,2537,-4,17,0.0335,234.41,854.66,24.04,27.88,227.50,854.00,15.00,18.00,0.3183,6.94,1,0,3.2372,ACCEPT,0,3158,3824,5094,0,0,2537,0,0,0,0
49,0,1,1,ACCEPT,12.8319,2.2844,2305,-4,18,0.0178,231.41,870.41,24.04,27.88,225.00,869.50,14.00,17.00,0.3090,6.47,1,0,3.2111,ACCEPT,0,2790,3592,5335,0,0,2305,0,0,0,0
50,0,1,1,ACCEPT,13.2656,2.2023,2319,-5,19,0.1031,227.66,887.03,25.00,29.00,221.50,884.50,13.00,17.00,0.3001,6.66,1,1,2.8688,ACCEPT,0,2630,3299,5568,0,0,2319,0,0,0,0
51,0,1,1,ACCEPT,16.3229,2.6163,3150,-5,16,0.0286,223.75,901.53,25.00,29.00,218.00,900.50,12.00,17.00,0.2814,5.84,1,0,3.3161,ACCEPT,0,3202,3063,5060,0,0,3150,0,0,0,0
52,0,1,1,ACCEPT,16.8064,2.8005,3285,-6,16,0.0402,219.06,916.03,25.00,29.00,213.50,915.00,13.00,18.00,0.3228,5.66,1,0,3.3141,ACCEPT,0,3296,1678,4875,0,0,3285,0,0,0,0
53,0,1,1,ACCEPT,19.2004,2.5259,2637,-6,17,0.0140,214.38,931.44,25.00,29.00,208.50,930.50,13.00,17.00,0.3048,5.95,1,0,3.3187,ACCEPT,0,2199,571,9274,0,0,2637,0,0,0,0
54,0,1,1,ACCEPT,19.9344,2.8616,3763,-6,17,0.0606,209.69,946.84,25.00,29.00,203.00,945.50,14.00,23.00,0.3917,6.82,1,0,3.2008,ACCEPT,0,3124,1307,3774,0,0,3763,0,0,0,0
55,0,1,1,ACCEPT,22.0132,3.6496,3489,-8,15,0.1376,203.44,960.44,25.00,29.00,197.50,959.00,13.00,18.00,0.3228,6.11,1,0,3.2913,ACCEPT,0,2865,1377,3381,0,0,3489,0,0,0,0
56,0,1,1,ACCEPT,23.9427,3.8184,3154,-8,15,0.0529,197.19,974.03,26.00,30.16,191.00,972.50,12.00,17.00,0.2602,6.37,1,1,2.9708,ACCEPT,0,2445,1268,3797,0,0,3154,0,0,0,0
57,0,1,1,ACCEPT,25.1528,3.8733,3393,-9,13,0.0274,189.88,986.22,26.00,30.16,183.50,984.50,13.00,17.00,0.2818,6.60,1,0,3.1975,ACCEPT,0,2421,1490,3736,0,0,3393,0,0,0,0
58,0,1,1,ACCEPT,24.1607,3.6523,3897,-8,13,0.1175,183.38,998.41,26.00,30.16,178.50,996.00,13.00,16.00,0.2653,5.44,1,0,3.2714,ACCEPT,0,2924,745,5409,0,0,3897,0,0,0,0
59,0,1,1,ACCEPT,25.1398,3.5691,4572,-5,13,0.1993,179.31,1010.59,26.00,30.16,173.00,1008.50,14.00,17.00,0.2947,6.65,1,0,3.0357,ACCEPT,0,3164,537,7992,0,0,4572,0,0,0,0
60,0,1,1,ACCEPT,26.0720,4.2144,4619,-3,11,0.1228,176.88,1020.91,26.00,30.16,170.50,1019.00,13.00,16.00,0.2653,6.65,1,0,3.2416,ACCEPT,0,3128,929,8488,0,0,4619,0,0,0,0
61,0,1,1,ACCEPT,27.3779,4.1801,3691,-3,13,0.1547,174.44,1033.09,26.00,30.16,168.50,1031.00,13.00,16.00,0.2653,6.30,1,0,3.2232,ACCEPT,0,2292,948,8987,0,0,3691,0,0,0,0
62,0,1,1,ACCEPT,26.8431,4.3553,3641,-1,11,0.1165,173.62,1043.41,27.04,31.37,166.00,1041.50,14.00,15.00,0.2237,7.86,1,1,2.9892,ACCEPT,0,2255,547,14180,0,0,3641,0,0,0,0
63,0,1,1,ACCEPT,28.4795,4.4324,4849,0,11,0.0831,173.62,1054.23,27.04,31.37,168.50,1053.00,17.00,20.00,0.3974,5.27,1,0,3.2291,ACCEPT,0,2830,739,13888,0,0,4849,0,0,0,0
64,0,1,1,ACCEPT,21.8968,2.1074,4181,7,9,0.0411,179.53,1063.09,27.04,31.37,174.50,1060.50,13.00,15.00,0.2299,5.66,1,0,3.2965,ACCEPT,0,3016,961,8862,0,0,4181,0,0,0,0
65,0,1,1,ACCEPT,21.1744,1.8747,2574,7,7,0.0124,185.44,1069.98,27.04,31.37,179.50,1067.50,13.00,15.00,0.2299,6.44,1,0,3.1528,ACCEPT,0,1713,855,15010,0,0,2574,0,0,0,0
66,0,1,1,ACCEPT,25.9316,3.0972,4048,0,6,0.1057,185.44,1075.89,27.04,31.37,179.00,1074.50,14.00,15.00,0.2476,6.59,1,0,3.2508,ACCEPT,0,2250,798,11234,0,0,4048,0,0,0,0
67,0,1,1,ACCEPT,25.3487,3.9469,3272,-6,5,0.0156,180.38,1080.81,27.04,31.37,173.50,1078.50,15.00,15.00,0.2464,7.25,1,0,3.1326,ACCEPT,0,1804,748,10024,0,0,3272,0,0,0,0
68,0,1,1,ACCEPT,22.6336,3.0874,2967,-10,4,0.0506,171.94,1084.75,27.04,31.37,165.50,1083.50,15.00,15.00,0.2560,6.56,1,0,3.1832,ACCEPT,0,1959,1029,7065,0,0,2967,0,0,0,0
69,0,1,1,ACCEPT,22.6895,3.2960,2739,-11,3,0.0960,162.66,1087.70,27.04,31.37,157.00,1086.00,14.00,14.00,0.2311,5.91,1,0,2.9550,ACCEPT,0,1589,1912,5158,0,0,2739,0,0,0,0
70,0,1,1,ACCEPT,24.3965,3.7123,3794,-8,2,0.0213,155.91,1089.67,26.00,30.16,150.50,1088.00,13.00,14.00,0.2321,5.66,1,-1,2.8143,ACCEPT,0,2412,1940,6927,0,0,3794,0,0,0,0
71,0,1,1,ACCEPT,27.7499,5.4064,4390,-8,3,0.0772,149.41,1092.48,26.00,30.16,144.00,1090.50,14.00,15.00,0.2678,5.76,1,0,3.1589,ACCEPT,0,2326,1458,8986,0,0,4390,0,0,0,0
72,0,1,1,ACCEPT,27.0667,4.0852,5082,-4,4,0.0891,146.16,1096.23,27.04,31.37,139.50,1093.50,15.00,15.00,0.2512,7.20,1,1,2.6247,ACCEPT,0,2689,2362,8002,0,0,5082,0,0,0,0
73,0,1,1,ACCEPT,25.2530,4.9759,3508,-7,1,0.1331,140.25,1097.22,27.04,31.37,134.00,1094.50,14.00,15.00,0.2476,6.82,1,0,3.2005,ACCEPT,0,2268,2677,5341,0,0,3508,0,0,0,0
74,0,1,1,ACCEPT,23.9934,4.0708,3505,-6,1,0.0114,135.19,1098.20,27.04,31.37,129.00,1096.00,14.00,14.00,0.2311,6.57,1,0,3.2146,ACCEPT,0,2309,2239,6502,0,0,3505,0,0,0,0
75,0,1,1,ACCEPT,23.8347,3.5750,4004,-4,2,0.1638,131.81,1100.17,27.04,31.37,125.50,1098.50,15.00,15.00,0.2588,6.53,1,0,3.2503,ACCEPT,0,2326,3175,5989,0,0,4004,0,0,0,0
76,0,1,1,ACCEPT,21.7891,2.8339,3891,-2,3,0.3398,130.12,1103.12,27.04,31.37,124.00,1101.00,14.00,14.00,0.2311,6.48,1,0,3.2043,ACCEPT,0,2435,4568,4857,0,0,3891,0,0,0,0
77,0,1,1,ACCEPT,21.4737,2.8430,3821,-4,2,0.2594,126.75,1105.09,27.04,31.37,121.00,1104.50,14.00,13.00,0.2146,5.78,1,0,3.0346,ACCEPT,0,2542,7342,3196,0,0,3821,0,0,0,0
78,0,1,1,ACCEPT,17.8008,2.9910,3341,-8,3,0.0527,120.00,1108.05,27.04,31.37,114.00,1106.00,12.00,16.00,0.2264,6.34,1,0,3.2798,ACCEPT,0,2762,6916,2635,0,0,3341,0,0,0,0
79,0,1,1,ACCEPT,12.0872,2.3290,2131,-14,2,0.2318,108.19,1110.02,27.04,31.37,102.50,1107.00,11.00,12.00,0.1556,6.44,1,0,3.3202,ACCEPT,0,2622,7032,1867,0,0,2131,0,0,0,0
80,0,1,1,ACCEPT,9.7735,1.5765,1504,-15,1,0.0665,95.53,1111.00,27.04,31.37,90.50,1108.00,11.00,12.00,0.1556,5.86,1,0,3.1851,ACCEPT,0,2213,5334,1962,0,0,1504,0,0,0,0
81,0,1,1,ACCEPT,19.9505,3.4443,2845,-9,2,0.0552,87.94,1112.97,27.04,31.37,82.50,1110.50,11.00,11.00,0.1427,5.97,1,0,3.0728,ACCEPT,0,2214,5090,3190,0,0,2845,0,0,0,0
82,0,1,1,ACCEPT,20.1788,2.7299,3710,-2,4,0.1073,86.25,1116.91,27.04,31.37,81.50,1115.50,15.00,15.00,0.2653,4.95,1,0,3.2193,ACCEPT,0,2830,3261,6243,0,0,3710,0,0,0,0
83,0,1,1,ACCEPT,22.5108,3.2575,3935,-5,4,0.1626,82.03,1120.84,27.04,31.37,76.50,1120.00,13.00,16.00,0.2452,5.60,1,0,3.2565,ACCEPT,0,2457,3230,6275,0,0,3935,0,0,0,0
84,0,1,1,ACCEPT,19.9509,2.8016,3418,-9,4,0.0237,74.44,1124.78,27.04,31.37,70.50,1123.00,17.00,12.00,0.2405,4.32,1,0,3.2517,ACCEPT,0,2782,4103,5101,0,0,3418,0,0,0,0
85,0,1,1,ACCEPT,23.2099,3.0815,3858,-7,6,0.0542,68.53,1130.69,27.04,31.37,63.00,1128.50,12.00,13.00,0.1839,5.95,1,0,3.2958,ACCEPT,0,2598,3274,6753,0,0,3858,0,0,0,0
86,0,1,1,ACCEPT,24.3914,3.4288,4094,-6,6,0.0547,63.47,1136.59,26.00,30.16,59.00,1134.50,12.00,13.00,0.1989,4.93,1,-1,2.8251,ACCEPT,0,2626,2451,9206,0,0,4094,0,0,0,0
87,0,1,1,ACCEPT,22.1955,3.6069,3982,-1,7,0.0786,62.66,1143.16,27.04,31.37,57.00,1140.50,12.00,13.00,0.1839,6.25,1,1,3.0199,ACCEPT,0,2812,1499,14324,0,0,3982,0,0,0,0
88,0,1,1,ACCEPT,25.4201,3.2796,4411,-5,5,0.1036,58.44,1148.08,27.04,31.37,54.00,1145.00,12.00,12.00,0.1698,5.40,1,0,3.2355,ACCEPT,0,2616,1996,12635,0,0,4411,0,0,0,0
89,0,1,1,ACCEPT,25.2342,3.4588,4244,-4,6,0.0257,55.06,1153.98,27.04,31.37,49.50,1152.00,13.00,12.00,0.1839,5.91,1,0,3.2962,ACCEPT,0,2519,1280,16647,0,0,4244,0,0,0,0
90,0,1,1,ACCEPT,23.0200,3.4600,4152,0,7,0.2722,55.06,1160.88,27.04,31.37,49.50,1158.50,13.00,13.00,0.1993,6.05,1,0,3.2428,ACCEPT,0,2602,485,22978,0,0,4152,0,0,0,0
91,0,1,1,ACCEPT,24.3761,3.7710,4710,-1,6,0.1722,54.22,1166.78,27.04,31.37,49.00,1164.50,12.00,13.00,0.1839,5.70,1,0,3.0243,ACCEPT,0,3073,687,19676,0,0,4710,0,0,0,0
92,0,1,1,ACCEPT,26.3226,4.4425,4909,-1,5,0.1182,53.38,1171.70,26.00,30.16,47.50,1170.50,15.00,17.00,0.3145,6.00,1,-1,2.9392,ACCEPT,0,2767,981,18931,0,0,4909,0,0,0,0
93,0,1,1,ACCEPT,26.8134,4.7527,5765,-3,7,0.0451,50.94,1178.27,26.00,30.16,44.50,1175.50,15.00,17.00,0.2988,7.01,1,0,3.2065,ACCEPT,0,3439,3312,11639,0,0,5765,0,0,0,0
94,0,1,1,ACCEPT,24.7667,3.5571,6264,-3,6,0.0300,48.50,1183.89,26.00,30.16,42.00,1180.50,14.00,15.00,0.2558,7.33,1,0,3.1554,ACCEPT,0,3629,3469,11462,0,0,6264,0,0,0,0
95,0,1,1,ACCEPT,25.3423,4.4812,6323,2,6,0.1298,50.12,1189.52,26.00,30.16,44.50,1186.50,13.00,15.00,0.2487,6.38,1,0,3.1089,ACCEPT,0,3754,1469,21121,0,0,6323,0,0,0,0
96,0,1,1,ACCEPT,20.2384,2.7959,5575,4,6,0.1474,53.38,1195.14,27.04,31.37,45.50,1194.00,11.00,16.00,0.2075,7.96,1,1,2.8482,ACCEPT,0,4048,1753,18426,0,0,5575,0,0,0,0
97,0,1,1,ACCEPT,21.9752,2.7897,5108,5,6,0.1437,57.59,1201.05,28.12,32.62,50.00,1199.50,10.00,15.00,0.1635,7.75,1,1,2.8631,ACCEPT,0,3275,1079,19833,0,0,5108,0,0,0,0
98,0,1,1,ACCEPT,20.3259,2.9821,5320,5,6,0.1434,61.97,1207.14,28.12,32.62,55.00,1206.50,12.00,15.00,0.1962,7.00,1,0,3.0740,ACCEPT,0,3831,1727,14437,0,0,5320,0,0,0,0
99,0,1,1,ACCEPT,19.0203,2.9086,4485,8,6,0.0615,68.97,1213.23,28.12,32.62,61.50,1213.50,11.00,15.00,0.1799,7.47,1,0,2.8650,ACCEPT,0,3028,1082,15262,0,0,4485,0,0,0,0
100,0,1,1,ACCEPT,18.3574,2.8935,3750,13,6,0.0384,80.34,1219.33,28.12,32.62,73.50,1219.50,15.00,17.00,0.2713,6.85,1,0,2.7654,ACCEPT,0,2894,472,14963,0,0,3750,0,0,0,0
101,0,1,1,ACCEPT,18.2636,2.6423,3575,17,7,0.0131,95.22,1226.44,28.12,32.62,88.00,1225.50,10.00,15.00,0.1635,7.28,1,0,2.6460,ACCEPT,0,2898,1258,14602,0,0,3575,0,0,0,0
102,0,1,1,ACCEPT,14.4948,1.6166,3424,16,6,0.0494,109.22,1232.53,28.12,32.62,102.50,1231.50,11.00,19.00,0.2278,6.80,1,0,2.5557,ACCEPT,0,3028,1283,13819,0,0,3424,0,0,0,0
103,0,1,1,ACCEPT,15.7318,1.8730,3555,16,4,0.0596,123.22,1236.59,28.12,32.62,116.50,1236.50,9.00,15.00,0.1472,6.72,1,0,2.6430,ACCEPT,0,3080,1661,12133,0,0,3555,0,0,0,0
104,0,1,1,ACCEPT,17.8205,2.2910,4000,18,4,0.0130,138.97,1240.66,28.12,32.62,131.00,1241.50,8.00,17.00,0.1483,8.01,1,0,2.6669,ACCEPT,0,3252,3360,7805,0,0,4000,0,0,0,0
105,0,1,1,ACCEPT,15.0488,1.9472,3949,18,4,0.0030,154.72,1244.72,28.12,32.62,147.00,1246.50,8.00,19.00,0.1657,7.92,1,0,2.6533,ACCEPT,0,3710,4991,5927,0,0,3949,0,0,0,0
106,0,1,1,ACCEPT,15.7127,2.1684,4185,18,4,0.0146,170.47,1248.78,28.12,32.62,163.50,1251.00,7.00,20.00,0.1526,7.31,1,0,2.6913,ACCEPT,0,3737,3932,7132,0,0,4185,0,0,0,0
107,0,1,1,ACCEPT,18.7170,3.2028,4359,17,4,0.0266,185.34,1252.84,28.12,32.62,179.00,1253.50,6.00,19.00,0.1243,6.38,1,0,2.8018,ACCEPT,0,3585,3699,7179,0,0,4359,0,0,0,0
108,0,1,1,ACCEPT,21.5148,2.9705,4331,18,4,0.0249,201.09,1256.91,28.12,32.62,194.00,1257.50,6.00,19.00,0.1243,7.12,1,0,2.6477,ACCEPT,0,2986,3513,7900,0,0,4331,0,0,0,0
109,0,1,1,ACCEPT,15.8207,2.0200,3341,19,3,0.0230,217.72,1259.95,28.12,32.62,211.00,1260.50,6.00,19.00,0.1243,6.74,1,0,2.6981,ACCEPT,0,3368,3443,7047,0,0,3341,0,0,0,0
110,0,1,1,ACCEPT,14.9544,2.0469,2442,22,4,0.0475,236.97,1264.02,28.12,32.62,231.00,1264.00,6.00,18.00,0.1177,5.97,1,0,2.8314,ACCEPT,0,2408,2921,5322,0,0,2442,0,0,0,0
111,0,1,1,ACCEPT,14.6494,2.0724,2176,23,2,0.0211,257.09,1266.05,28.12,32.62,251.00,1265.50,6.00,19.00,0.1243,6.12,1,0,2.9183,ACCEPT,0,2352,2392,5959,0,0,2176,0,0,0,0
112,0,1,1,ACCEPT,15.1263,1.8467,2541,21,1,0.0701,275.47,1267.06,28.12,32.62,269.00,1268.50,6.00,21.00,0.1374,6.63,1,0,2.5904,ACCEPT,0,2523,2352,6908,0,0,2541,0,0,0,0
113,0,1,1,ACCEPT,14.1576,1.8715,3043,18,1,0.0766,291.22,1268.08,28.12,32.62,284.50,1269.00,5.00,20.00,0.1090,6.78,1,0,2.4947,ACCEPT,0,3257,2177,7384,0,0,3043,0,0,0,0
114,0,1,1,ACCEPT,13.7540,2.2561,3303,14,-1,0.0388,303.47,1267.06,28.12,32.62,296.50,1268.50,5.00,21.00,0.1145,7.12,1,0,2.6596,ACCEPT,0,3629,1492,10948,0,0,3303,0,0,0,0
115,0,1,1,ACCEPT,14.8733,2.1649,3780,10,-2,0.0825,312.22,1265.03,28.12,32.62,305.50,1268.00,5.00,22.00,0.1199,7.35,1,0,2.6719,ACCEPT,0,3521,1643,12189,0,0,3780,0,0,0,0
116,0,1,1,ACCEPT,17.1221,2.7494,4795,6,-2,0.2534,317.47,1263.00,28.12,32.62,310.50,1265.50,5.00,19.00,0.1036,7.40,1,0,2.6548,ACCEPT,0,3961,2694,12184,0,0,4795,0,0,0,0
117,0,1,1,ACCEPT,19.7194,3.8606,4957,4,-2,0.2542,320.97,1260.97,29.25,33.93,314.00,1262.00,6.00,18.00,0.1088,7.04,1,1,2.5721,ACCEPT,0,3425,2322,12876,0,0,4957,0,0,0,0
118,0,1,1,ACCEPT,18.0235,2.9211,4297,3,-2,0.4626,323.69,1258.84,29.25,33.93,317.00,1259.00,6.00,22.00,0.1330,6.69,1,0,2.5609,ACCEPT,0,3627,3331,12628,0,0,4297,0,0,0,0
119,0,1,1,ACCEPT,15.3127,2.2755,3907,3,-4,0.3698,326.41,1254.59,29.25,33.93,319.00,1254.00,6.00,22.00,0.1330,7.43,1,0,2.7304,ACCEPT,0,2849,3002,14062,0,0,3907,0,0,0,0
120,0,1,1,ACCEPT,18.3735,2.7889,5112,4,-5,0.2023,330.03,1249.28,29.25,33.93,323.50,1249.50,7.00,21.00,0.1482,6.53,1,0,2.7566,ACCEPT,0,3457,2943,14088,0,0,5112,0,0,0,0
121,0,1,1,ACCEPT,20.5061,3.2242,4875,5,-5,0.1879,334.56,1243.97,30.42,35.28,327.00,1243.50,6.00,23.00,0.1286,7.58,1,1,2.6771,ACCEPT,0,3388,3549,12937,0,0,4875,0,0,0,0
122,0,1,1,ACCEPT,17.7437,2.2560,4115,6,-7,0.0539,340.28,1236.20,30.42,35.28,333.50,1237.00,7.00,20.00,0.1305,6.83,1,0,2.6276,ACCEPT,0,3313,1878,19548,0,0,4115,0,0,0,0
123,0,1,1,ACCEPT,19.0563,2.7236,4867,9,-7,0.1303,348.86,1228.44,30.42,35.28,342.00,1230.00,8.00,22.00,0.1640,7.04,1,0,2.7639,ACCEPT,0,3565,1649,21304,0,0,4867,0,0,0,0
124,0,1,1,ACCEPT,21.0740,3.2993,4982,8,-7,0.1748,356.48,1220.67,30.42,35.28,350.00,1221.50,8.00,23.00,0.1715,6.54,1,0,2.6565,ACCEPT,0,3562,1325,19697,0,0,4982,0,0,0,0
125,0,1,1,ACCEPT,20.8956,3.3385,4941,10,-8,0.1437,366.02,1211.80,31.63,36.69,359.00,1212.50,8.00,21.00,0.1447,7.05,1,1,2.8620,ACCEPT,0,3534,1622,18422,0,0,4941,0,0,0,0
126,0,1,1,ACCEPT,18.6103,3.0534,5203,10,-8,0.1491,375.86,1202.67,31.63,36.69,369.50,1203.50,9.00,23.00,0.1783,6.41,1,0,2.8178,ACCEPT,0,4063,1809,17540,0,0,5203,0,0,0,0
127,0,1,1,ACCEPT,23.8441,4.2702,6448,10,-8,0.1141,385.70,1193.55,31.63,36.69,378.50,1195.00,9.00,22.00,0.1706,7.35,1,0,2.9919,ACCEPT,0,3961,1738,19550,0,0,6448,0,0,0,0
128,0,1,1,ACCEPT,24.9570,3.9763,6382,8,-7,0.1257,393.58,1185.56,31.63,36.69,387.00,1186.50,8.00,23.00,0.1585,6.64,1,0,2.9930,ACCEPT,0,4030,2519,17256,0,0,6382,0,0,0,0
129,0,1,1,ACCEPT,20.4831,2.9759,5797,10,-8,0.1214,403.42,1176.44,31.63,36.69,396.50,1176.50,9.00,25.00,0.1938,6.92,1,0,2.8254,ACCEPT,0,4045,2198,18241,0,0,5797,0,0,0,0
130,0,1,1,ACCEPT,20.7055,3.1923,6324,11,-8,0.0373,414.25,1167.31,31.63,36.69,406.50,1169.00,9.00,22.00,0.1706,7.93,1,0,2.8862,ACCEPT,0,4682,2429,17907,0,0,6324,0,0,0,0
131,0,1,1,ACCEPT,22.4161,3.4441,6375,12,-8,0.0574,426.06,1158.19,31.63,36.69,418.50,1159.00,9.00,22.00,0.1706,7.61,1,0,2.9417,ACCEPT,0,4421,3018,16396,0,0,6375,0,0,0,0
132,0,1,1,ACCEPT,18.2148,2.4759,5957,13,-9,0.0724,438.86,1147.92,31.63,36.69,431.50,1149.50,9.00,21.00,0.1628,7.53,1,0,2.7594,ACCEPT,0,4564,1511,17432,0,0,5957,0,0,0,0
133,0,1,1,ACCEPT,21.1184,3.4082,7355,10,-7,0.0105,448.70,1139.94,31.63,36.69,442.00,1141.50,10.00,21.00,0.1809,6.88,1,0,2.8254,ACCEPT,0,4720,2052,20099,0,0,7355,0,0,0,0
134,0,1,1,ACCEPT,23.4259,4.3131,6336,6,-6,0.0740,454.61,1133.09,31.63,36.69,448.00,1134.50,10.00,21.00,0.1809,6.76,1,0,2.8936,ACCEPT,0,3854,2926,21406,0,0,6336,0,0,0,0
135,0,1,1,ACCEPT,20.2358,3.3076,6344,4,-4,0.1813,458.55,1128.53,31.63,36.69,451.50,1130.50,11.00,25.00,0.2369,7.32,1,0,2.8142,ACCEPT,0,4700,2953,19148,0,0,6344,0,0,0,0
136,0,1,1,ACCEPT,19.1539,2.7583,6482,5,-5,0.1314,463.47,1122.83,31.63,36.69,457.00,1125.00,12.00,22.00,0.2274,6.82,1,0,3.0688,ACCEPT,0,4456,2451,21525,0,0,6482,0,0,0,0
137,0,1,1,ACCEPT,21.4139,3.2286,6596,6,-4,0.0582,469.38,1118.27,31.63,36.69,461.50,1120.00,11.00,22.00,0.2085,8.06,1,0,2.7371,ACCEPT,0,4463,2624,22603,0,0,6596,0,0,0,0
138,0,1,1,ACCEPT,21.9516,3.6706,7077,4,-4,0.1033,473.31,1113.70,31.63,36.69,466.00,1115.00,12.00,22.00,0.2274,7.43,1,0,2.9455,ACCEPT,0,5851,2906,21471,0,0,7077,0,0,0,0
139,0,1,1,ACCEPT,18.3040,2.8180,6270,5,-4,0.1606,478.23,1109.14,32.90,38.16,470.00,1110.00,12.00,20.00,0.1912,8.28,1,1,2.8363,ACCEPT,0,6335,2986,16825,0,0,6270,0,0,0,0
140,0,1,1,ACCEPT,18.2066,3.1817,5307,3,-3,0.0582,481.33,1105.58,32.90,38.16,473.00,1106.50,12.00,21.00,0.2007,8.38,1,0,2.9201,ACCEPT,0,6173,3285,15724,0,0,5307,0,0,0,0
141,0,1,1,ACCEPT,16.5327,3.1696,5493,1,-3,0.2099,482.36,1102.02,34.21,39.69,473.50,1104.50,11.00,21.00,0.1701,9.20,1,1,2.5706,ACCEPT,0,7101,3107,15963,0,0,5493,0,0,0,0
142,0,1,1,ACCEPT,13.6206,2.8927,4585,-1,-1,0.8172,481.30,1100.78,34.21,39.69,473.00,1102.00,14.00,20.00,0.2062,8.39,1,0,2.9028,ACCEPT,0,7250,3288,11776,0,0,4585,0,0,0,0
143,0,1,1,ACCEPT,12.8111,2.4398,3989,-3,-1,0.4663,478.11,1099.55,34.21,39.69,470.00,1100.50,12.00,21.00,0.1856,8.17,1,0,2.9664,ACCEPT,0,6378,3326,10464,0,0,3989,0,0,0,0
144,0,1,1,ACCEPT,13.1051,2.6341,3693,-3,-2,0.4135,474.92,1097.08,35.58,41.28,466.50,1099.50,11.00,21.00,0.1573,8.76,1,1,2.8331,ACCEPT,0,6361,3006,10167,0,0,3693,0,0,0,0
145,0,1,1,ACCEPT,11.7680,2.4060,3147,-4,-1,0.2348,470.48,1095.78,35.58,41.28,462.00,1096.00,10.00,18.00,0.1226,8.49,1,0,2.7012,ACCEPT,0,6433,2834,9295,0,0,3147,0,0,0,0
146,0,1,1,ACCEPT,14.2902,2.4909,3293,-3,-1,0.3905,467.16,1094.48,35.58,41.28,458.00,1095.50,12.00,19.00,0.1552,9.21,1,0,3.0319,ACCEPT,0,5197,2524,10291,0,0,3293,0,0,0,0
147,0,1,1,ACCEPT,15.3686,3.2709,3405,-2,-2,0.5283,464.94,1091.89,35.58,41.28,456.50,1093.50,11.00,19.00,0.1423,8.59,1,0,2.8122,ACCEPT,0,5458,2178,10474,0,0,3405,0,0,0,0
148,0,1,1,ACCEPT,13.7461,2.8338,2780,-1,-3,0.2701,463.83,1088.00,35.58,41.28,456.50,1089.00,11.00,18.00,0.1348,7.40,1,0,2.9180,ACCEPT,0,5003,2108,10775,0,0,2780,0,0,0,0
149,0,1,1,ACCEPT,11.7030,2.5095,2389,0,-3,0.3562,463.83,1084.11,35.58,41.28,454.00,1084.50,12.00,21.00,0.1716,9.84,1,0,3.0939,ACCEPT,0,4972,2165,8487,0,0,2389,0,0,0,0
150,0,1,1,ACCEPT,12.7198,3.1855,1975,-2,-4,0.2268,461.61,1078.92,35.58,41.28,453.50,1079.50,13.00,21.00,0.1859,8.13,1,0,2.8233,ACCEPT,0,3741,2047,9114,0,0,1975,0,0,0,0
151,0,1,1,ACCEPT,12.2790,2.5321,2170,-2,-4,0.2853,459.39,1073.73,35.58,41.28,451.50,1074.50,11.00,21.00,0.1573,7.93,1,0,2.8546,ACCEPT,0,4033,1819,11115,0,0,2170,0,0,0,0
152,0,1,1,ACCEPT,13.5009,2.6379,2506,2,-5,0.1712,461.61,1067.25,37.01,42.93,453.00,1067.00,12.00,22.00,0.1662,8.61,1,1,2.8513,ACCEPT,0,4018,1533,15295,0,0,2506,0,0,0,0
153,0,1,1,ACCEPT,11.6059,2.0252,2734,0,-4,0.0238,461.61,1061.88,37.01,42.93,453.00,1061.50,14.00,21.00,0.1851,8.62,1,0,2.9617,ACCEPT,0,4416,1588,14961,0,0,2734,0,0,0,0
154,0,1,1,ACCEPT,10.6975,2.4123,2668,0,-4,0.0214,461.61,1056.50,37.01,42.93,452.50,1056.00,13.00,16.00,0.1309,9.12,1,0,3.0508,ACCEPT,0,4896,1251,16411,0,0,2668,0,0,0,0
155,0,1,1,ACCEPT,13.3119,3.2371,3195,-2,-5,0.0059,459.30,1049.78,37.01,42.93,451.50,1051.50,11.00,19.00,0.1316,7.98,1,0,2.7238,ACCEPT,0,4540,1141,23220,0,0,3195,0,0,0,0
156,0,1,1,ACCEPT,12.5495,2.4173,4484,1,-4,0.0444,460.45,1044.41,38.49,44.64,450.50,1045.50,13.00,21.00,0.1589,10.01,1,1,2.6947,ACCEPT,0,6603,1070,25705,0,0,4484,0,0,0,0
157,0,1,1,ACCEPT,7.6403,1.3744,3091,-2,-4,0.4345,458.05,1038.84,38.49,44.64,449.00,1039.00,10.00,20.00,0.1164,9.05,1,0,2.9145,ACCEPT,0,7045,924,25050,0,0,3091,0,0,0,0
158,0,1,1,ACCEPT,9.1020,1.9023,3310,-4,-5,0.2927,453.23,1031.89,38.49,44.64,446.00,1034.50,12.00,21.00,0.1467,7.69,1,0,2.7762,ACCEPT,0,6280,904,32767,0,0,3310,0,0,0,0
159,0,1,1,ACCEPT,11.3199,2.5438,4416,-3,-3,0.2620,449.62,1027.72,38.49,44.64,442.50,1031.50,11.00,23.00,0.1472,8.07,1,0,2.5924,ACCEPT,0,6342,1127,31136,0,0,4416,0,0,0,0
160,0,1,1,ACCEPT,11.3892,2.3089,4380,-3,-2,0.4089,446.02,1024.94,38.49,44.64,438.00,1027.00,12.00,24.00,0.1676,8.28,1,0,2.8122,ACCEPT,0,6962,1033,31731,0,0,4380,0,0,0,0
161,0,1,1,ACCEPT,10.8684,1.6498,4118,-2,-3,0.5505,443.61,1020.77,38.49,44.64,435.50,1020.50,13.00,21.00,0.1589,8.11,1,0,2.8550,ACCEPT,0,6117,976,31745,0,0,4118,0,0,0,0
162,0,1,1,ACCEPT,9.3477,1.8123,3389,-3,-4,0.5208,440.00,1015.20,38.49,44.64,433.00,1016.00,12.00,20.00,0.1397,7.05,1,0,2.7285,ACCEPT,0,5769,925,31585,0,0,3389,0,0,0,0
163,0,1,1,ACCEPT,11.6022,2.5659,4008,-2,-3,0.4009,437.59,1011.03,38.49,44.64,430.00,1012.50,14.00,23.00,0.1874,7.73,1,0,2.7636,ACCEPT,0,5149,974,31866,0,0,4008,0,0,0,0
164,0,1,1,ACCEPT,15.3506,2.8577,4438,-3,-4,0.1519,433.98,1005.47,37.01,42.93,425.50,1006.00,11.00,20.00,0.1385,8.50,1,-1,2.2720,ACCEPT,0,4681,939,32767,0,0,4438,0,0,0,0
165,0,1,1,ACCEPT,18.2306,3.0966,4809,0,-2,0.6047,433.98,1002.78,37.01,42.93,425.00,1002.50,14.00,21.00,0.1851,8.99,1,0,2.9196,ACCEPT,0,4483,1135,27567,0,0,4809,0,0,0,0
166,0,1,1,ACCEPT,17.9485,3.6058,4262,-1,-5,0.0211,432.83,996.06,37.01,42.93,426.50,998.00,13.00,24.00,0.1964,6.62,1,0,2.7538,ACCEPT,0,3945,1153,29726,0,0,4262,0,0,0,0
167,0,1,1,ACCEPT,19.0280,3.4219,4445,0,-3,0.1033,432.83,992.03,35.58,41.28,425.00,994.00,12.00,20.00,0.1634,8.07,1,-1,2.6032,ACCEPT,0,3828,1180,23538,0,0,4445,0,0,0,0
168,0,1,1,ACCEPT,19.4137,3.9963,4268,0,-4,0.0047,432.83,986.84,34.21,39.69,425.50,988.50,13.00,23.00,0.2202,7.51,1,-1,2.5534,ACCEPT,0,3327,1102,19498,0,0,4268,0,0,0,0
169,0,1,1,ACCEPT,19.3207,3.7862,3453,1,-4,0.0626,433.89,981.91,34.21,39.69,426.50,985.00,9.00,20.00,0.1326,8.01,1,0,2.5673,ACCEPT,0,2978,1102,19708,0,0,3453,0,0,0,0
170,0,1,1,ACCEPT,20.5925,4.0147,3284,0,-3,0.4586,433.89,978.20,34.21,39.69,426.00,979.50,12.00,23.00,0.2033,8.00,1,0,2.5939,ACCEPT,0,2712,1114,19151,0,0,3284,0,0,0,0
171,0,1,1,ACCEPT,23.6321,4.3801,3526,-1,-3,0.5062,432.83,974.50,34.21,39.69,425.00,977.00,12.00,22.00,0.1944,8.22,1,0,2.6877,ACCEPT,0,2463,1304,16038,0,0,3526,0,0,0,0
172,0,1,1,ACCEPT,20.2692,3.3401,3143,-2,-4,0.4359,430.70,969.56,34.21,39.69,425.50,973.00,11.00,22.00,0.1782,6.24,1,0,2.5716,ACCEPT,0,2575,1293,13725,0,0,3143,0,0,0,0
173,0,1,1,ACCEPT,23.3077,4.1627,2968,-3,-2,0.3400,427.52,967.09,34.21,39.69,421.00,970.00,8.00,20.00,0.1178,7.13,1,0,2.5880,ACCEPT,0,2124,1115,19273,0,0,2968,0,0,0,0
174,0,1,1,ACCEPT,17.9282,3.2190,2807,-4,-2,0.1931,423.27,964.62,34.21,39.69,416.50,966.00,9.00,24.00,0.1591,6.90,1,0,2.6183,ACCEPT,0,2518,1241,13784,0,0,2807,0,0,0,0
175,0,1,1,ACCEPT,17.2725,3.0597,2564,-3,-3,0.4064,420.08,960.92,34.21,39.69,413.50,963.00,11.00,26.00,0.2106,6.90,1,0,2.6118,ACCEPT,0,2396,1167,14360,0,0,2564,0,0,0,0
176,0,1,1,ACCEPT,16.5514,3.0384,2455,-3,-2,0.3564,416.89,958.45,35.58,41.28,409.50,960.50,11.00,25.00,0.1872,7.67,1,1,2.3421,ACCEPT,0,2344,987,17776,0,0,2455,0,0,0,0
177,0,1,1,ACCEPT,13.4535,1.7745,2211,-5,-2,0.0448,411.34,955.86,35.58,41.28,404.00,958.00,12.00,26.00,0.2124,7.65,1,0,2.5030,ACCEPT,0,2570,959,17056,0,0,2211,0,0,0,0
178,0,1,1,ACCEPT,13.6383,1.6752,2496,-4,-2,0.2236,406.91,953.27,35.58,41.28,400.50,956.50,11.00,25.00,0.1872,7.18,1,0,2.6111,ACCEPT,0,3036,802,21488,0,0,2496,0,0,0,0
179,0,1,1,ACCEPT,9.5531,1.0611,1910,-6,0,0.1990,400.25,953.27,35.58,41.28,394.00,954.00,12.00,28.00,0.2288,6.29,1,0,2.8019,ACCEPT,0,2977,698,24076,0,0,1910,0,0,0,0
180,0,1,1,ACCEPT,9.7000,1.3475,1807,-4,-7,0.2158,395.81,944.19,37.01,42.93,386.50,955.00,9.00,22.00,0.1224,14.27,1,1,2.7723,ACCEPT,0,2956,645,23358,0,0,1807,0,0,0,0
181,0,1,1,ACCEPT,13.1678,2.5742,2116,-7,4,0.3053,387.72,949.56,37.01,42.93,379.00,949.50,10.00,19.00,0.1196,8.72,1,0,2.5747,ACCEPT,0,2716,559,25382,0,0,2116,0,0,0,0
182,0,1,1,ACCEPT,15.9549,2.5562,2344,-6,-1,0.0516,380.78,948.22,37.01,42.93,373.00,950.00,12.00,24.00,0.1813,7.98,1,0,2.5561,ACCEPT,0,2616,598,24235,0,0,2344,0,0,0,0
183,0,1,1,ACCEPT,10.4614,1.9668,1955,-3,0,0.3274,377.31,948.22,37.01,42.93,370.00,947.50,8.00,23.00,0.1158,7.35,1,0,2.5114,ACCEPT,0,3310,607,24527,0,0,1955,0,0,0,0
184,0,1,1,ACCEPT,12.8027,1.6816,2255,-2,4,0.0053,375.00,953.59,37.01,42.93,365.00,945.50,10.00,23.00,0.1448,12.87,1,0,2.3272,ACCEPT,0,2967,625,23731,0,0,2255,0,0,0,0
185,0,1,1,ACCEPT,12.1643,1.8854,2040,-5,0,0.0529,369.22,953.59,37.01,42.93,360.00,942.00,12.00,26.00,0.1688,14.81,1,0,2.7084,ACCEPT,0,2885,697,19897,0,0,2040,0,0,0,0
186,0,1,1,ACCEPT,14.1858,1.8394,2325,-3,1,0.2133,365.75,954.94,37.01,42.93,355.50,938.00,13.00,24.00,0.1274,19.80,1,0,2.5748,ACCEPT,0,2810,693,21730,0,0,2325,0,0,0,0
187,0,1,1,ACCEPT,16.2223,3.0341,2937,-2,0,0.6789,363.44,954.94,37.01,42.93,355.50,933.00,11.00,22.00,0.0675,23.33,1,0,2.9167,ACCEPT,0,3157,649,25506,0,0,2937,0,0,0,0
188,0,1,1,ACCEPT,17.9436,2.9001,3628,1,0,0.9691,364.59,954.94,37.01,42.93,355.50,929.00,9.00,26.00,0.0440,27.49,1,0,2.4504,ACCEPT,0,3454,680,23756,0,0,3628,0,0,0,0
189,0,1,1,ACCEPT,19.4168,3.5441,3902,-1,0,0.8919,363.44,954.94,37.01,42.93,353.00,924.00,12.00,28.00,0.0290,32.65,1,0,2.7260,ACCEPT,0,3428,742,23011,0,0,3902,0,0,0,0
190,0,1,1,ACCEPT,21.0466,4.2159,3769,-3,0,0.4338,359.97,954.94,37.01,42.93,349.50,920.50,9.00,23.00,0.0000,35.99,1,0,2.6539,ACCEPT,0,3196,649,23986,0,0,3769,0,0,0,0
191,0,1,1,ACCEPT,19.7486,4.1291,3423,-5,2,0.1025,354.19,957.62,37.01,42.93,344.50,918.00,9.00,24.00,0.0000,40.79,1,0,2.6850,ACCEPT,0,3219,609,21024,0,0,3423,0,0,0,0
192,0,1,1,ACCEPT,23.1572,4.8620,3452,-5,1,0.0229,348.41,958.97,37.01,42.93,339.50,913.00,9.00,20.00,0.0000,46.82,1,0,2.8128,ACCEPT,0,2931,597,20738,0,0,3452,0,0,0,0
193,0,1,1,ACCEPT,24.2815,4.3800,3977,-3,1,0.2912,344.94,960.31,37.01,42.93,336.50,909.50,9.00,21.00,0.0000,51.51,1,0,2.7599,ACCEPT,0,3133,678,20692,0,0,3977,0,0,0,0
194,0,1,1,ACCEPT,24.3734,4.5435,4180,-4,1,0.1928,340.31,961.66,37.01,42.93,335.00,907.50,8.00,23.00,0.0000,54.42,1,0,2.7442,ACCEPT,0,3265,450,24197,0,0,4180,0,0,0,0
195,0,1,1,ACCEPT,24.2615,4.7644,4045,-3,0,0.5894,336.84,961.66,37.01,42.93,332.50,901.50,7.00,23.00,0.0000,60.31,1,0,2.9367,ACCEPT,0,3247,705,18964,0,0,4045,0,0,0,0
196,0,1,1,ACCEPT,24.1860,4.7088,4059,-3,0,0.4048,333.38,961.66,37.01,42.93,331.00,896.50,8.00,25.00,0.0000,65.20,1,0,2.9171,ACCEPT,0,3268,606,21444,0,0,4059,0,0,0,0
197,0,1,1,ACCEPT,24.3254,4.6445,4194,-3,0,0.3798,329.91,961.66,38.49,44.64,330.50,891.50,7.00,23.00,0.0000,70.16,1,1,2.6361,ACCEPT,0,3387,534,22375,0,0,4194,0,0,0,0
198,0,1,1,ACCEPT,24.2910,4.4813,4320,-3,0,0.4426,326.30,961.66,38.49,44.64,331.00,885.50,8.00,27.00,0.0000,76.30,1,0,2.8171,ACCEPT,0,3570,548,20470,0,0,4320,0,0,0,0
199,0,1,1,ACCEPT,25.8181,4.7457,4423,-1,-1,0.9005,325.09,960.27,38.49,44.64,332.50,881.50,7.00,27.00,0.0000,79.11,1,0,2.8401,ACCEPT,0,3326,694,19700,0,0,4423,0,0,0,0
200,0,1,1,ACCEPT,25.2902,4.5569,4648,0,0,1.0000,325.09,960.27,38.49,44.64,334.50,873.50,9.00,27.00,0.0000,87.27,1,0,2.8653,ACCEPT,0,3661,697,21376,0,0,4648,0,0,0,0
201,0,1,1,ACCEPT,27.9708,4.9035,4521,-1,0,0.8556,323.89,960.27,38.49,44.64,336.00,865.00,8.00,28.00,0.0000,96.03,1,0,2.6341,ACCEPT,0,3115,604,20556,0,0,4521,0,0,0,0
202,0,1,1,ACCEPT,29.0168,5.3025,4189,-3,-1,0.4665,320.28,958.88,37.01,42.93,335.50,861.00,7.00,26.00,0.0000,99.05,1,-1,2.6998,ACCEPT,0,2852,610,20560,0,0,4189,0,0,0,0
203,0,1,1,ACCEPT,29.4370,5.2186,4488,-2,0,0.7672,317.97,958.88,37.01,42.93,335.50,853.50,9.00,27.00,0.0000,106.82,1,0,2.8232,ACCEPT,0,2850,661,20612,0,0,4488,0,0,0,0
204,0,1,1,ACCEPT,28.0811,5.2330,4312,-3,0,0.2850,314.50,958.88,37.01,42.93,333.00,846.00,10.00,28.00,0.0000,114.38,1,0,2.8280,ACCEPT,0,3236,576,19942,0,0,4312,0,0,0,0
205,0,1,1,ACCEPT,30.8047,5.1832,3960,-4,-1,0.0432,309.88,957.53,37.01,42.93,331.50,839.50,9.00,27.00,0.0000,120.00,1,0,2.9497,ACCEPT,0,2507,594,19858,0,0,3960,0,0,0,0
206,0,1,1,ACCEPT,31.6560,5.2621,4236,-3,-1,0.2552,306.41,956.19,37.01,42.93,332.50,831.50,7.00,25.00,0.0000,127.39,1,0,2.8928,ACCEPT,0,2738,483,24884,0,0,4236,0,0,0,0
207,0,1,1,ACCEPT,30.5240,4.9267,4503,0,0,1.0000,306.41,956.19,35.58,41.28,335.00,824.00,8.00,26.00,0.0000,135.24,1,-1,2.5307,ACCEPT,0,2739,618,24761,0,0,4503,0,0,0,0
208,0,1,1,ACCEPT,34.2839,5.5702,5314,1,-1,0.7204,307.52,954.89,35.58,41.28,338.00,816.00,8.00,26.00,0.0000,142.20,1,0,2.9295,ACCEPT,0,2948,681,26739,0,0,5314,0,0,0,0
209,0,1,1,ACCEPT,33.4164,5.3830,5017,0,0,1.0000,307.52,954.89,35.58,41.28,341.50,808.50,9.00,25.00,0.0000,150.28,1,0,2.7530,ACCEPT,0,2844,643,26152,0,0,5017,0,0,0,0
210,0,1,1,ACCEPT,35.2256,5.6655,5065,0,0,1.0000,307.52,954.89,34.21,39.69,343.00,801.00,10.00,26.00,0.0000,157.93,1,-1,2.7182,ACCEPT,0,2724,662,25856,0,0,5065,0,0,0,0
211,0,1,1,ACCEPT,37.6335,6.1118,4975,-1,0,0.8878,306.45,954.89,34.21,39.69,344.50,793.50,9.00,29.00,0.0000,165.81,1,0,2.9484,ACCEPT,0,2580,563,24683,0,0,4975,0,0,0,0
212,0,1,1,ACCEPT,36.6780,5.9740,4821,0,0,1.0000,306.45,954.89,34.21,39.69,344.50,789.00,9.00,24.00,0.0000,170.20,1,0,2.7775,ACCEPT,0,2463,763,23681,0,0,4821,0,0,0,0
213,0,1,1,ACCEPT,34.5904,5.9693,4674,-1,1,0.7858,305.39,956.12,34.21,39.69,342.50,781.00,11.00,28.00,0.0000,179.01,1,0,2.8628,ACCEPT,0,2563,695,26007,0,0,4674,0,0,0,0
214,0,1,1,ACCEPT,37.0931,5.4159,4701,-1,1,0.7209,304.33,957.36,34.21,39.69,341.50,774.50,11.00,29.00,0.0000,186.60,1,0,2.8607,ACCEPT,0,2309,671,24968,0,0,4701,0,0,0,0
215,0,1,1,ACCEPT,33.3107,5.8329,4363,-3,2,0.3200,301.14,959.83,32.90,38.16,338.50,769.00,11.00,26.00,0.0000,194.45,1,-1,2.6609,ACCEPT,0,2294,616,25495,0,0,4363,0,0,0,0
216,0,1,1,ACCEPT,33.5648,6.7843,4308,-3,1,0.2310,298.05,961.02,32.90,38.16,334.00,763.50,12.00,25.00,0.0000,200.76,1,0,2.8983,ACCEPT,0,2169,655,27992,0,0,4308,0,0,0,0
217,0,1,1,ACCEPT,30.9048,5.9243,4147,-4,3,0.0043,293.92,964.58,32.90,38.16,328.50,757.50,9.00,23.00,0.0000,209.95,1,0,2.7513,ACCEPT,0,2277,601,27767,0,0,4147,0,0,0,0
218,0,1,1,ACCEPT,33.6883,7.1419,4078,-4,2,0.0804,289.80,966.95,32.90,38.16,322.50,754.00,13.00,26.00,0.0000,215.45,1,0,2.9726,ACCEPT,0,2070,634,25567,0,0,4078,0,0,0,0
219,0,1,1,ACCEPT,35.9300,7.6373,4254,-4,3,0.0360,285.67,970.52,32.90,38.16,317.50,749.50,11.00,25.00,0.0000,223.30,1,0,2.9366,ACCEPT,0,1937,608,24082,0,0,4254,0,0,0,0
220,0,1,1,ACCEPT,33.5169,6.6755,3518,-4,3,0.0000,281.55,974.08,32.90,38.16,310.50,745.00,13.00,30.00,0.0000,230.90,1,0,2.7950,ACCEPT,0,1756,537,32767,0,0,3518,0,0,0,0
221,0,1,1,ACCEPT,32.5029,6.1609,3715,-5,3,0.0872,276.39,977.64,31.63,36.69,303.00,742.50,12.00,25.00,0.0000,236.64,1,-1,2.7062,ACCEPT,0,1942,525,30184,0,0,3715,0,0,0,0
222,0,1,1,ACCEPT,36.0412,7.1408,4056,-4,2,0.0673,272.45,979.92,31.63,36.69,295.00,737.00,14.00,26.00,0.0000,243.97,1,0,2.8872,ACCEPT,0,2011,685,26667,0,0,4056,0,0,0,0
223,0,1,1,ACCEPT,39.0351,6.9780,4766,-2,3,0.1202,270.48,983.34,31.63,36.69,287.50,732.00,13.00,24.00,0.0000,251.92,1,0,2.8717,ACCEPT,0,2272,555,32766,0,0,4766,0,0,0,0
224,0,1,1,ACCEPT,37.9678,7.4927,4608,-1,3,0.2745,269.50,986.77,31.63,36.69,280.00,725.00,16.00,26.00,0.0000,261.98,1,0,2.6600,ACCEPT,0,2182,697,32767,0,0,4608,0,0,0,0
225,0,1,1,ACCEPT,39.5079,8.8682,4913,-2,2,0.3216,267.53,989.05,31.63,36.69,276.00,722.00,16.00,26.00,0.0000,267.18,1,0,2.8514,ACCEPT,0,2277,696,29928,0,0,4913,0,0,0,0
226,0,1,1,ACCEPT,37.1179,7.9817,5244,0,3,0.2492,267.53,992.47,30.42,35.28,270.50,718.00,15.00,24.00,0.0000,274.48,1,-1,2.6973,ACCEPT,0,2485,586,32767,0,0,5244,0,0,0,0
227,0,1,1,ACCEPT,34.3999,6.6553,4306,0,3,0.1602,267.53,995.80,30.42,35.28,266.00,714.00,18.00,22.00,0.0000,281.80,1,0,2.8246,ACCEPT,0,2199,594,32767,0,0,4306,0,0,0,0
228,0,1,1,ACCEPT,35.2636,6.3182,4448,0,3,0.2313,267.53,999.12,30.42,35.28,261.50,710.00,17.00,20.00,0.0000,289.19,1,0,2.9441,ACCEPT,0,2092,571,32767,0,0,4448,0,0,0,0
229,0,1,1,ACCEPT,34.6099,6.2885,3880,0,4,0.1144,267.53,1003.56,29.25,33.93,257.50,707.00,17.00,20.00,0.0000,296.73,1,-1,2.5480,ACCEPT,0,1890,563,32767,0,0,3880,0,0,0,0
230,0,1,1,ACCEPT,34.9687,6.6833,4010,0,3,0.1988,267.53,1006.75,29.25,33.93,254.00,702.00,18.00,20.00,0.0000,305.05,1,0,2.9500,ACCEPT,0,2061,624,32767,0,0,4010,0,0,0,0
231,0,1,1,ACCEPT,33.6750,5.3487,3482,1,4,0.0592,268.44,1011.00,29.25,33.93,252.00,700.00,20.00,20.00,0.0000,311.43,1,0,2.8861,ACCEPT,0,1754,683,32767,0,0,3482,0,0,0,0
232,0,1,1,ACCEPT,34.8313,5.3611,3608,1,4,0.0527,269.34,1015.25,29.25,33.93,248.50,697.00,19.00,20.00,0.0000,318.93,1,0,2.8056,ACCEPT,0,1758,565,32767,0,0,3608,0,0,0,0
233,0,1,1,ACCEPT,37.1176,6.3333,3192,0,4,0.0492,269.34,1019.50,29.25,33.93,246.00,693.50,20.00,19.00,0.0000,326.83,1,0,2.8062,ACCEPT,0,1513,633,32767,0,0,3192,0,0,0,0
234,0,1,1,ACCEPT,39.3212,7.0782,3532,0,3,0.2010,269.34,1022.69,29.25,33.93,244.00,689.50,20.00,21.00,0.0000,334.15,1,0,2.6226,ACCEPT,0,1640,598,32767,0,0,3532,0,0,0,0
235,0,1,1,ACCEPT,35.6593,5.8330,2934,1,4,0.0130,270.25,1026.94,30.42,35.28,242.00,687.00,20.00,20.00,0.0000,341.11,1,1,2.4666,ACCEPT,0,1613,649,32767,0,0,2934,0,0,0,0
236,0,1,1,ACCEPT,33.0292,4.9342,2926,0,4,0.0564,270.25,1031.38,30.42,35.28,240.00,684.50,20.00,21.00,0.0000,348.19,1,0,2.7977,ACCEPT,0,1443,515,32767,0,0,2926,0,0,0,0
237,0,1,1,ACCEPT,32.3382,4.4723,2500,0,4,0.1128,270.25,1035.81,30.42,35.28,237.50,680.00,19.00,20.00,0.0000,357.32,1,0,2.7481,ACCEPT,0,1239,562,32767,0,0,2500,0,0,0,0
238,0,1,1,ACCEPT,33.9994,4.9207,2731,-2,3,0.1615,268.34,1039.14,30.42,35.28,235.00,676.50,18.00,21.00,0.0000,364.17,1,0,2.7981,ACCEPT,0,1255,560,32767,0,0,2731,0,0,0,0
239,0,1,1,ACCEPT,32.5954,5.7437,2510,-3,3,0.0088,265.48,1042.47,30.42,35.28,232.50,672.50,17.00,21.00,0.0000,371.44,1,0,2.7390,ACCEPT,0,1198,711,32767,0,0,2510,0,0,0,0
240,0,1,1,ACCEPT,32.7577,5.1784,3542,-5,3,0.0584,260.72,1045.80,30.42,35.28,230.00,667.00,18.00,22.00,0.0000,380.04,1,0,2.7930,ACCEPT,0,1888,748,27505,0,0,3542,0,0,0,0
241,0,1,1,ACCEPT,38.7431,7.6404,4164,-6,2,0.0884,255.00,1048.02,30.42,35.28,228.00,662.00,18.00,22.00,0.0000,386.96,1,0,2.6965,ACCEPT,0,1882,642,29213,0,0,4164,0,0,0,0
242,0,1,1,ACCEPT,35.8582,6.5422,4344,-5,2,0.0430,250.23,1050.23,29.25,33.93,226.50,656.00,17.00,20.00,0.0000,394.95,1,-1,2.6154,ACCEPT,0,2171,710,32767,0,0,4344,0,0,0,0
243,0,1,1,ACCEPT,37.6487,7.5128,4410,-3,2,0.1637,247.52,1052.36,29.25,33.93,226.00,649.50,18.00,19.00,0.0000,403.43,1,0,2.7793,ACCEPT,0,2097,880,28177,0,0,4410,0,0,0,0
244,0,1,1,ACCEPT,39.6130,6.4774,4165,-2,2,0.2723,245.70,1054.48,28.12,32.62,225.50,643.00,19.00,22.00,0.0000,411.98,1,-1,2.7055,ACCEPT,0,1767,777,32767,0,0,4165,0,0,0,0
245,0,1,1,ACCEPT,41.2099,7.1755,4578,-3,1,0.3842,243.08,1055.50,27.04,31.37,225.50,637.00,19.00,22.00,0.0000,418.87,1,-1,2.6527,ACCEPT,0,2050,637,32767,0,0,4578,0,0,0,0
246,0,1,1,ACCEPT,40.2662,7.1836,3678,-4,0,0.0701,239.70,1055.50,28.12,32.62,226.00,630.00,18.00,22.00,0.0000,425.72,1,1,2.3262,ACCEPT,0,1729,773,32767,0,0,3678,0,0,0,0
247,0,1,1,ACCEPT,42.4302,6.5762,3972,-4,0,0.1755,236.20,1055.50,29.25,33.93,226.00,622.50,18.00,21.00,0.0000,433.12,1,1,2.3549,ACCEPT,0,1815,868,31930,0,0,3972,0,0,0,0
248,0,1,1,ACCEPT,39.8303,7.2485,4697,-2,1,0.5416,234.39,1056.56,29.25,33.93,225.00,614.50,18.00,21.00,0.0000,442.16,1,0,2.6915,ACCEPT,0,2136,731,32767,0,0,4697,0,0,0,0
249,0,1,1,ACCEPT,38.3897,7.1414,3535,-4,0,0.1083,230.77,1056.56,30.42,35.28,224.50,606.50,19.00,21.00,0.0000,450.11,1,1,2.5245,ACCEPT,0,1667,879,23631,0,0,3535,0,0,0,0
250,0,1,1,ACCEPT,32.5453,5.2923,3350,-7,0,0.0466,224.09,1056.56,30.42,35.28,223.00,598.00,18.00,22.00,0.0000,458.56,1,0,2.7431,ACCEPT,0,1524,626,31754,0,0,3350,0,0,0,0
251,0,1,1,ACCEPT,33.6775,5.3237,4062,-6,0,0.0266,218.38,1056.56,30.42,35.28,222.50,591.00,17.00,22.00,0.0000,465.58,1,0,2.8002,ACCEPT,0,1783,639,32767,0,0,4062,0,0,0,0
252,0,1,1,ACCEPT,34.4228,5.6435,3736,-8,0,0.0399,210.75,1056.56,30.42,35.28,222.50,582.50,17.00,21.00,0.0000,474.21,1,0,2.8638,ACCEPT,0,1686,743,25887,0,0,3736,0,0,0,0
253,0,1,1,ACCEPT,36.7654,5.6662,3836,-7,0,0.0355,204.08,1056.56,30.42,35.28,220.50,574.50,17.00,19.00,0.0000,482.34,1,0,2.8162,ACCEPT,0,1776,708,30921,0,0,3836,0,0,0,0
254,0,1,1,ACCEPT,35.0411,6.0598,4054,-6,0,0.0466,198.36,1056.56,30.42,35.28,220.50,567.00,17.00,20.00,0.0000,490.06,1,0,2.8773,ACCEPT,0,1927,745,32083,0,0,4054,0,0,0,0
255,0,1,1,ACCEPT,38.1546,6.0104,4027,-6,0,0.0469,192.64,1056.56,30.42,35.28,219.50,559.50,19.00,23.00,0.0000,497.79,1,0,2.8417,ACCEPT,0,1857,600,32767,0,0,4027,0,0,0,0
256,0,1,1,ACCEPT,39.7345,6.4446,3725,-6,1,0.0626,186.92,1057.67,30.42,35.28,219.00,552.00,18.00,22.00,0.0000,506.69,1,0,2.8472,ACCEPT,0,1656,582,32767,0,0,3725,0,0,0,0
257,0,1,1,ACCEPT,40.9781,5.8195,4289,-4,0,0.0886,183.11,1057.67,30.42,35.28,219.50,545.00,19.00,20.00,0.0000,513.96,1,0,2.7386,ACCEPT,0,1886,686,32767,0,0,4289,0,0,0,0
258,0,1,1,ACCEPT,37.9281,5.6255,4056,-5,2,0.0145,178.34,1059.89,30.42,35.28,221.50,539.50,19.00,21.00,0.0000,522.18,1,0,2.8249,ACCEPT,0,1718,567,32767,0,0,4056,0,0,0,0
259,0,1,1,ACCEPT,38.2920,5.7020,3712,-5,1,0.0194,173.58,1061.00,30.42,35.28,222.00,533.50,20.00,21.00,0.0000,529.72,1,0,2.9500,ACCEPT,0,1585,690,32767,0,0,3712,0,0,0,0
260,0,1,1,ACCEPT,35.6950,5.6812,4045,-4,2,0.0452,169.77,1063.22,30.42,35.28,221.00,526.50,20.00,19.00,0.0000,539.16,1,0,2.9159,ACCEPT,0,1768,485,32767,0,0,4045,0,0,0,0
261,0,1,1,ACCEPT,36.5800,5.3955,3356,-4,2,0.0119,165.95,1065.44,30.42,35.28,223.00,521.50,18.00,19.00,0.0000,546.92,1,0,2.9718,ACCEPT,0,1421,520,32767,0,0,3356,0,0,0,0
262,0,1,1,ACCEPT,35.6723,4.7972,3430,-2,3,0.0437,164.05,1068.77,29.25,33.93,223.00,517.00,18.00,18.00,0.0000,554.91,1,-1,2.6528,ACCEPT,0,1445,520,32767,0,0,3430,0,0,0,0
263,0,1,1,ACCEPT,41.7144,8.0595,3385,-3,3,0.0127,161.33,1071.95,29.25,33.93,224.00,512.50,18.00,17.00,0.0000,562.95,1,0,2.8483,ACCEPT,0,1422,520,32767,0,0,3385,0,0,0,0
264,0,1,1,ACCEPT,42.4633,6.3978,3570,-2,3,0.0499,159.52,1075.14,29.25,33.93,224.50,508.50,19.00,19.00,0.0000,570.35,1,0,2.9217,ACCEPT,0,1461,664,32767,0,0,3570,0,0,0,0
265,0,1,1,ACCEPT,43.5657,8.6051,3726,-3,4,0.1264,156.80,1079.39,28.12,32.62,225.50,504.50,17.00,17.00,0.0000,578.98,1,-1,2.6149,ACCEPT,0,1555,679,32767,0,0,3726,0,0,0,0
266,0,1,1,ACCEPT,48.8397,9.7474,4669,-3,3,0.0351,154.17,1082.44,28.12,32.62,226.00,501.00,18.00,18.00,0.0000,585.86,1,0,2.8981,ACCEPT,0,1929,676,28231,0,0,4669,0,0,0,0
267,0,1,1,ACCEPT,49.0332,8.2035,4192,-3,3,0.1004,151.55,1085.48,28.12,32.62,226.00,496.50,20.00,19.00,0.0000,593.67,1,0,2.7754,ACCEPT,0,1740,631,29235,0,0,4192,0,0,0,0
268,0,1,1,ACCEPT,46.7806,8.4668,4081,-4,4,0.0863,148.05,1089.55,27.04,31.37,229.00,493.00,20.00,20.00,0.0000,602.01,1,-1,2.7676,ACCEPT,0,1637,538,30814,0,0,4081,0,0,0,0
269,0,1,1,ACCEPT,46.3523,8.4330,4090,-4,2,0.0037,144.67,1091.52,28.12,32.62,231.00,491.50,22.00,19.00,0.0000,606.19,1,1,2.5152,ACCEPT,0,1687,462,31096,0,0,4090,0,0,0,0
270,0,1,1,ACCEPT,48.0942,8.2704,4160,-5,3,0.1329,140.30,1094.56,28.12,32.62,233.50,486.50,21.00,17.00,0.0000,615.16,1,0,2.9015,ACCEPT,0,1715,593,24197,0,0,4160,0,0,0,0
271,0,1,1,ACCEPT,50.3170,9.5502,3992,-4,3,0.1330,136.80,1097.61,29.25,33.93,236.50,486.00,19.00,18.00,0.0000,619.68,1,1,2.7251,ACCEPT,0,1523,639,23281,0,0,3992,0,0,0,0
272,0,1,1,ACCEPT,47.5360,5.8979,3639,-5,3,0.1635,132.27,1100.80,29.25,33.93,240.50,483.50,19.00,19.00,0.0000,626.71,1,0,3.0139,ACCEPT,0,1425,642,22897,0,0,3639,0,0,0,0
273,0,1,1,ACCEPT,44.7259,5.8895,3999,-4,3,0.1700,128.64,1103.98,29.25,33.93,243.00,481.00,20.00,20.00,0.0000,633.39,1,0,2.9685,ACCEPT,0,1619,730,21882,0,0,3999,0,0,0,0
274,0,1,1,ACCEPT,44.2117,6.9903,3593,-5,4,0.1486,124.11,1108.23,28.12,32.62,247.00,478.50,20.00,19.00,0.0000,641.61,1,-1,2.6855,ACCEPT,0,1407,566,24543,0,0,3593,0,0,0,0
275,0,1,1,ACCEPT,45.3468,8.0328,3679,-5,3,0.0867,119.73,1111.28,28.12,32.62,250.50,476.50,19.00,19.00,0.0000,648.11,1,0,3.0294,ACCEPT,0,1455,558,26858,0,0,3679,0,0,0,0
276,0,1,1,ACCEPT,44.9159,6.8835,3724,-7,3,0.0618,113.61,1114.33,28.12,32.62,253.50,475.00,19.00,20.00,0.0000,654.45,1,0,2.9204,ACCEPT,0,1461,468,31019,0,0,3724,0,0,0,0
277,0,1,1,ACCEPT,44.8914,7.4234,4313,-7,3,0.0767,107.48,1117.38,28.12,32.62,257.50,473.00,19.00,18.00,0.0000,661.61,1,0,2.9792,ACCEPT,0,1774,570,27323,0,0,4313,0,0,0,0
278,0,1,1,ACCEPT,38.8311,6.1301,3911,-7,3,0.0545,101.36,1120.42,28.12,32.62,262.50,472.00,19.00,20.00,0.0000,668.14,1,0,2.9179,ACCEPT,0,1642,635,23469,0,0,3911,0,0,0,0
279,0,1,1,ACCEPT,40.7960,7.2067,3661,-8,3,0.0374,94.36,1123.47,28.12,32.62,265.50,469.50,19.00,19.00,0.0000,675.99,1,0,2.9204,ACCEPT,0,1744,481,28622,0,0,3661,0,0,0,0
280,0,1,1,ACCEPT,43.5124,7.1010,4289,-4,4,0.0270,90.86,1127.53,28.12,32.62,268.50,469.00,19.00,20.00,0.0000,682.07,1,0,2.9843,ACCEPT,0,1739,569,32767,0,0,4289,0,0,0,0
281,0,1,1,ACCEPT,42.3829,6.7844,4437,-1,4,0.0476,89.98,1131.59,28.12,32.62,270.00,468.00,20.00,20.00,0.0000,687.58,1,0,2.8674,ACCEPT,0,1872,627,28761,0,0,4437,0,0,0,0
282,0,1,1,ACCEPT,44.8721,7.4098,4231,1,6,0.0253,90.86,1137.69,28.12,32.62,271.50,467.00,19.00,20.00,0.0000,694.59,1,0,2.9897,ACCEPT,0,1767,708,32383,0,0,4231,0,0,0,0
283,0,1,1,ACCEPT,45.1187,8.8692,4408,2,6,0.0458,92.61,1143.78,28.12,32.62,274.50,466.50,19.00,21.00,0.0000,701.28,1,0,3.0112,ACCEPT,0,1891,818,31148,0,0,4408,0,0,0,0
284,0,1,1,ACCEPT,44.4314,6.7518,4706,2,6,0.0308,94.36,1149.88,28.12,32.62,278.00,467.00,18.00,20.00,0.0000,707.14,1,0,3.0492,ACCEPT,0,1953,703,32767,0,0,4706,0,0,0,0
285,0,1,1,ACCEPT,43.3661,7.8251,4429,2,6,0.0573,96.11,1155.97,28.12,32.62,281.50,467.00,19.00,20.00,0.0000,713.48,1,0,2.9004,ACCEPT,0,1879,832,32766,0,0,4429,0,0,0,0
286,0,1,1,ACCEPT,42.5693,6.5234,4886,2,6,0.0053,97.86,1162.06,28.12,32.62,286.00,468.00,18.00,18.00,0.0000,719.11,1,0,2.9762,ACCEPT,0,2182,744,32767,0,0,4886,0,0,0,0
287,0,1,1,ACCEPT,37.2461,4.3834,4002,4,7,0.0980,101.36,1169.17,28.12,32.62,290.00,468.50,18.00,21.00,0.0000,725.62,1,0,2.9700,ACCEPT,0,1820,1057,27909,0,0,4002,0,0,0,0
288,0,1,1,ACCEPT,35.4033,4.4213,4691,3,8,0.0955,103.98,1177.30,28.12,32.62,294.00,469.00,18.00,20.00,0.0000,733.34,1,0,3.0426,ACCEPT,0,2260,917,32767,0,0,4691,0,0,0,0
289,0,1,1,ACCEPT,39.4326,4.3829,4453,1,8,0.1630,104.86,1185.42,28.12,32.62,296.00,472.00,16.00,20.00,0.0000,738.58,1,0,2.8868,ACCEPT,0,1987,769,32767,0,0,4453,0,0,0,0
290,0,1,1,ACCEPT,37.5279,5.3025,3961,4,8,0.0424,108.36,1193.55,28.12,32.62,299.50,472.50,19.00,23.00,0.0000,745.95,1,0,3.0438,ACCEPT,0,1805,779,32767,0,0,3961,0,0,0,0
291,0,1,1,ACCEPT,35.5080,4.6012,3796,6,7,0.0021,113.61,1200.66,29.25,33.93,299.50,474.00,15.00,20.00,0.0000,750.06,1,1,2.3783,ACCEPT,0,1761,796,32767,0,0,3796,0,0,0,0
292,0,1,1,ACCEPT,27.6900,2.7138,3300,3,9,0.1412,116.33,1210.22,29.25,33.93,303.00,476.00,14.00,20.00,0.0000,757.58,1,0,3.0092,ACCEPT,0,1886,915,32767,0,0,3300,0,0,0,0
293,0,1,1,ACCEPT,29.2972,3.0245,4685,3,9,0.1208,119.05,1219.78,29.25,33.93,305.50,477.50,13.00,19.00,0.0000,765.34,1,0,2.9416,ACCEPT,0,2569,846,32767,0,0,4685,0,0,0,0
294,0,1,1,ACCEPT,31.4020,3.7433,4593,2,7,0.2543,120.86,1227.22,29.25,33.93,308.00,479.50,14.00,21.00,0.0000,770.78,1,0,3.0379,ACCEPT,0,2241,1020,32767,0,0,4593,0,0,0,0
295,0,1,1,ACCEPT,29.3731,3.5919,4145,1,9,0.2198,121.77,1236.78,29.25,33.93,310.50,481.50,15.00,19.00,0.0000,778.51,1,0,2.8505,ACCEPT,0,2140,826,32767,0,0,4145,0,0,0,0
296,0,1,1,ACCEPT,31.3071,5.6079,4677,-1,6,0.0254,120.86,1243.16,29.25,33.93,311.50,483.00,15.00,20.00,0.0000,783.70,1,0,3.0909,ACCEPT,0,2315,752,32767,0,0,4677,0,0,0,0
297,0,1,1,ACCEPT,32.9695,5.3070,4028,-1,8,0.0958,119.95,1251.66,28.12,32.62,314.00,484.00,16.00,20.00,0.0000,791.80,1,-1,2.8119,ACCEPT,0,1837,800,32466,0,0,4028,0,0,0,0
298,0,1,1,ACCEPT,30.0487,4.9618,4416,-3,5,0.2149,117.33,1256.73,28.12,32.62,315.50,485.00,15.00,20.00,0.0000,796.77,1,0,2.9984,ACCEPT,0,2205,721,32767,0,0,4416,0,0,0,0
299,0,1,1,ACCEPT,32.9309,5.7458,3729,-7,5,0.0394,111.20,1261.81,29.25,33.93,319.00,486.50,16.00,21.00,0.0000,802.68,1,1,2.5695,ACCEPT,0,2180,608,31109,0,0,3729,0,0,0,0
300,0,1,1,ACCEPT,32.4823,5.7580,3259,-10,4,0.0568,102.14,1266.06,29.25,33.93,323.00,485.50,14.00,19.00,0.0000,811.21,1,0,3.0879,ACCEPT,0,1986,662,25448,0,0,3259,0,0,0,0
301,0,1,1,ACCEPT,33.6292,4.5120,3384,-10,3,0.0603,93.08,1269.25,29.25,33.93,326.50,486.00,17.00,22.00,0.0000,817.29,1,0,3.0935,ACCEPT,0,1955,652,27108,0,0,3384,0,0,0,0
302,0,1,1,ACCEPT,20.9668,3.6278,2895,-8,3,0.0846,85.83,1272.44,29.25,33.93,329.00,486.00,20.00,22.00,0.0000,823.17,1,0,3.1321,ACCEPT,0,2293,542,28041,0,0,2895,0,0,0,0
303,0,1,1,ACCEPT,20.4000,3.2718,1685,-9,2,0.1056,77.67,1274.56,29.25,33.93,331.00,482.50,20.00,21.00,0.0000,831.59,1,0,3.0225,ACCEPT,0,1386,766,16418,0,0,1685,0,0,0,0
304,0,1,1,ACCEPT,12.3007,2.1117,775,-9,2,0.0800,69.52,1276.69,29.25,33.93,330.00,480.00,12.00,16.00,0.0000,838.19,1,0,3.2462,ACCEPT,0,1102,594,13236,0,0,775,0,0,0,0
305,0,1,1,ACCEPT,8.4764,1.2870,417,-10,5,0.3933,60.45,1282.00,29.25,33.93,332.50,480.00,13.00,20.00,0.0000,846.88,1,0,3.5724,ACCEPT,0,867,559,9397,0,0,417,0,0,0,0
306,0,1,1,ACCEPT,7.2697,1.1111,340,-7,3,0.3029,54.11,1285.19,29.25,33.93,331.00,478.00,20.00,20.00,0.0000,853.36,1,0,3.1597,ACCEPT,0,782,877,7457,0,0,340,0,0,0,0
307,0,1,1,ACCEPT,7.2000,1.1616,266,-7,3,0.1391,47.77,1288.38,29.25,33.93,330.00,475.50,16.00,23.00,0.0000,860.48,1,0,3.4801,ACCEPT,0,596,567,8572,0,0,266,0,0,0,0
308,0,1,1,ACCEPT,6.8476,1.1023,237,-7,4,0.1055,41.42,1292.62,29.25,33.93,330.50,471.00,15.00,24.00,0.0000,871.00,1,0,3.2573,ACCEPT,0,583,820,6099,0,0,237,0,0,0,0
309,0,1,1,ACCEPT,7.0392,1.1044,201,-3,3,0.0149,38.70,1295.81,29.25,33.93,330.50,470.00,13.00,22.00,0.0000,875.85,1,0,2.9273,ACCEPT,0,433,847,4540,0,0,201,0,0,0,0
310,0,1,1,ACCEPT,5.0858,1.1348,101,-6,-24,0.0792,33.27,1270.31,28.12,32.62,330.00,467.50,14.00,19.00,0.0000,855.90,1,-1,2.3985,ACCEPT,0,404,516,5957,0,0,101,0,0,0,0
311,0,1,1,ACCEPT,11.0761,1.0523,845,-2,-4,0.8521,31.52,1266.25,28.12,32.62,330.50,465.00,15.00,22.00,0.0000,855.22,1,0,3.4642,ACCEPT,0,1070,2116,18287,0,0,845,0,0,0,0
312,0,1,1,ACCEPT,10.8150,1.4096,2120,5,3,0.1698,35.89,1269.30,28.12,32.62,332.50,463.00,11.00,20.00,0.0000,859.12,1,0,3.1001,ACCEPT,0,3848,2600,11154,0,0,2120,0,0,0,0
313,0,1,1,ACCEPT,8.7595,1.8891,1005,4,6,0.2398,39.39,1275.39,28.12,32.62,332.50,460.00,13.00,22.00,0.0000,866.47,1,0,2.9293,ACCEPT,0,1647,2203,4037,0,0,1005,0,0,0,0
314,0,1,1,ACCEPT,4.9829,1.0203,201,5,5,0.0199,43.77,1280.47,28.12,32.62,334.00,457.50,14.00,19.00,0.0000,872.65,1,0,3.2115,ACCEPT,0,709,2597,1738,0,0,201,0,0,0,0
315,0,1,0,NEGATIVE_PEAK,-5.2434,1.3793,-120,12,-11,0.2500,43.77,1280.47,28.12,32.62,335.00,454.50,14.00,21.00,0.0000,875.81,0,0,0.0000,NOT_RUN,0,415,2195,0,0,0,120,0,0,0,0
316,0,1,0,NEGATIVE_PEAK,-6.5128,1.1681,-132,-3,-6,0.3788,43.77,1280.47,28.12,32.62,334.00,452.00,14.00,22.00,0.0000,877.84,0,0,0.0000,NOT_RUN,0,383,2136,0,0,0,132,0,0,0,0
317,0,1,0,NEGATIVE_PEAK,-8.1537,1.0000,-172,8,1,0.0349,43.77,1280.47,28.12,32.62,336.00,451.00,12.00,22.00,0.0000,879.44,0,0,0.0000,NOT_RUN,0,298,2796,0,0,0,172,0,0,0,0
318,0,1,0,NEGATIVE_PEAK,-4.6028,1.1667,-63,22,4,0.1270,43.77,1280.47,28.12,32.62,335.50,449.00,13.00,20.00,0.0000,881.16,0,0,0.0000,NOT_RUN,0,171,3046,0,0,0,63,0,0,0,0
319,0,1,1,ACCEPT,8.1734,1.5376,143,9,-30,0.1608,51.64,1250.00,27.04,31.37,337.00,450.00,14.00,22.00,0.0000,849.37,1,-1,2.6929,ACCEPT,0,201,2097,3005,0,0,143,0,0,0,0
320,0,1,1,ACCEPT,12.4419,1.2856,1382,12,-7,0.0043,61.77,1243.11,27.04,31.37,337.50,448.50,13.00,21.00,0.0000,841.09,1,0,2.8798,ACCEPT,0,1833,1170,13374,0,0,1382,0,0,0,0
321,0,1,1,ACCEPT,7.1175,1.6984,749,11,13,0.2363,71.05,1255.91,27.04,31.37,337.00,449.50,14.00,21.00,0.0000,849.13,1,0,2.7152,ACCEPT,0,1474,1743,4545,0,0,749,0,0,0,0
322,0,1,1,ACCEPT,7.8045,1.6538,726,13,14,0.2879,82.02,1269.69,27.04,31.37,337.50,450.00,15.00,20.00,0.0000,858.58,1,0,2.5974,ACCEPT,0,1514,1876,4115,0,0,726,0,0,0,0
323,0,1,0,NEGATIVE_PEAK,-4.6355,1.0996,-309,-1,-1,0.7767,82.02,1269.69,27.04,31.37,338.50,451.00,15.00,20.00,0.0000,857.92,0,0,0.0000,NOT_RUN,0,1110,1860,0,0,0,309,0,0,0,0
324,0,1,0,NEGATIVE_PEAK,-4.6887,1.0139,-438,5,-7,0.1735,82.02,1269.69,27.04,31.37,338.00,452.50,12.00,17.00,0.0000,856.34,0,0,0.0000,NOT_RUN,0,1708,2653,0,0,0,438,0,0,0,0
325,0,1,0,NEGATIVE_PEAK,-5.5169,1.2661,-433,14,-6,0.4042,82.02,1269.69,27.04,31.37,339.00,454.50,12.00,17.00,0.0000,854.73,0,0,0.0000,NOT_RUN,0,1179,3121,0,0,0,433,0,0,0,0
326,0,1,0,NEGATIVE_PEAK,-4.5256,1.0632,-303,17,1,0.0099,82.02,1269.69,27.04,31.37,339.50,455.50,11.00,17.00,0.0000,853.93,0,0,0.0000,NOT_RUN,0,1074,2759,0,0,0,303,0,0,0,0
327,0,1,1,ACCEPT,4.8463,1.1250,297,7,-7,0.2660,87.92,1262.80,27.04,31.37,340.00,457.00,10.00,16.00,0.0000,844.31,1,0,3.5652,ACCEPT,0,938,2459,2186,0,0,297,0,0,0,0
328,0,1,0,NEGATIVE_PEAK,-5.1357,1.2348,-163,19,0,0.2331,87.92,1262.80,27.04,31.37,342.00,458.50,12.00,17.00,0.0000,843.47,0,0,0.0000,NOT_RUN,0,456,3499,0,0,0,163,0,0,0,0
329,0,1,0,NEGATIVE_PEAK,-4.7730,1.0444,-141,16,-1,0.8369,87.92,1262.80,27.04,31.37,342.00,458.00,14.00,16.00,0.0000,843.95,0,0,0.0000,NOT_RUN,0,407,4068,0,0,0,141,0,0,0,0
330,0,1,1,ACCEPT,5.2062,1.0237,173,9,-9,0.0520,95.52,1253.94,27.04,31.37,343.00,457.50,12.00,15.00,0.0000,834.00,1,0,3.1702,ACCEPT,0,500,4798,1284,0,0,173,0,0,0,0
331,0,1,0,NEGATIVE_PEAK,-6.2777,1.1413,-210,-3,-1,0.7190,95.52,1253.94,27.04,31.37,343.50,456.00,11.00,16.00,0.0000,835.58,0,0,0.0000,NOT_RUN,0,468,3066,0,0,0,210,0,0,0,0
332,0,1,1,ACCEPT,9.0248,1.5202,263,12,8,0.2471,105.64,1261.81,27.04,31.37,345.50,454.00,11.00,16.00,0.0000,842.67,1,0,3.1047,ACCEPT,0,396,2354,2952,0,0,263,0,0,0,0
333,0,1,1,ACCEPT,6.4287,1.3472,485,-4,3,0.1381,102.27,1264.77,27.04,31.37,347.00,449.50,10.00,17.00,0.0000,851.21,1,0,2.9458,ACCEPT,0,952,2228,6076,0,0,485,0,0,0,0
334,0,1,1,ACCEPT,6.8522,1.2413,679,-5,3,0.0133,98.05,1267.72,27.04,31.37,347.00,445.50,10.00,15.00,0.0000,859.08,1,0,3.1474,ACCEPT,0,1332,1488,8431,0,0,679,0,0,0,0
335,0,1,1,ACCEPT,6.5137,1.0907,613,-6,3,0.1974,92.98,1270.67,27.04,31.37,345.50,440.50,15.00,17.00,0.0000,867.73,1,0,3.1004,ACCEPT,0,1202,1635,7792,0,0,613,0,0,0,0
336,0,1,1,ACCEPT,6.1776,1.2423,482,-5,4,0.0768,88.77,1274.61,27.04,31.37,346.50,434.50,9.00,15.00,0.0000,878.76,1,0,3.2879,ACCEPT,0,911,1335,6846,0,0,482,0,0,0,0
337,0,1,1,ACCEPT,5.5260,1.1183,312,-3,2,0.0577,86.23,1276.58,27.04,31.37,345.00,429.50,10.00,15.00,0.0000,885.72,1,0,3.4929,ACCEPT,0,603,1764,4265,0,0,312,0,0,0,0
338,0,1,1,ACCEPT,6.4686,1.2879,255,7,-15,0.0471,92.14,1261.81,27.04,31.37,345.50,423.00,13.00,16.00,0.0000,876.24,1,0,3.0878,ACCEPT,0,593,1819,2942,0,0,255,0,0,0,0
339,0,1,1,ACCEPT,7.6086,1.1717,273,3,6,0.0293,94.67,1267.72,27.04,31.37,341.50,417.50,11.00,15.00,0.0000,885.32,1,0,2.8686,ACCEPT,0,406,953,4878,0,0,273,0,0,0,0
340,0,1,0,NEGATIVE_PEAK,-6.8149,1.0422,-395,9,0,0.0759,94.67,1267.72,27.04,31.37,339.00,413.00,12.00,14.00,0.0000,888.95,0,0,0.0000,NOT_RUN,0,695,779,0,0,0,395,0,0,0,0
341,0,1,0,NEGATIVE_PEAK,-7.3525,1.3651,-329,13,5,0.0091,94.67,1267.72,27.04,31.37,335.00,407.00,12.00,14.00,0.0000,893.64,0,0,0.0000,NOT_RUN,0,650,1242,0,0,0,329,0,0,0,0
342,0,1,0,NEGATIVE_PEAK,-8.1904,1.3360,-330,10,-13,0.2152,94.67,1267.72,27.04,31.37,331.50,401.00,11.00,14.00,0.0000,898.49,0,0,0.0000,NOT_RUN,0,673,598,0,0,0,330,0,0,0,0
343,0,1,0,NEGATIVE_PEAK,-7.9142,1.5098,-385,14,-8,0.1948,94.67,1267.72,27.04,31.37,328.50,395.50,9.00,15.00,0.0000,903.02,0,0,0.0000,NOT_RUN,0,677,427,0,0,0,385,0,0,0,0
344,0,1,0,NEGATIVE_PEAK,-6.1635,1.2169,-331,-11,6,0.3897,94.67,1267.72,27.04,31.37,325.00,389.50,10.00,15.00,0.0000,907.92,0,0,0.0000,NOT_RUN,0,601,509,0,0,0,331,0,0,0,0
345,0,1,1,ACCEPT,7.7512,1.3818,380,-7,-3,0.1342,88.77,1264.77,27.04,31.37,322.00,385.00,10.00,14.00,0.0000,910.16,1,0,2.5341,ACCEPT,0,770,373,6704,0,0,380,0,0,0,0
346,0,1,1,ACCEPT,5.9911,1.1704,419,-12,-3,0.5394,78.64,1261.81,27.04,31.37,319.00,380.50,10.00,13.00,0.0000,913.50,1,0,2.3986,ACCEPT,0,1038,619,5958,0,0,419,0,0,0,0
347,0,1,1,ACCEPT,8.6543,1.0757,1237,-4,-5,0.2102,75.27,1256.89,27.04,31.37,316.00,377.00,10.00,14.00,0.0000,912.23,1,0,2.4693,ACCEPT,0,1889,778,13348,0,0,1237,0,0,0,0
348,0,1,1,ACCEPT,14.0609,1.9058,1923,2,6,0.0021,76.95,1262.80,27.04,31.37,313.50,373.00,11.00,14.00,0.0000,920.70,1,0,2.8383,ACCEPT,0,2322,1027,5202,0,0,1923,0,0,0,0
349,0,1,1,ACCEPT,14.4804,2.0418,1464,-3,6,0.3265,74.42,1268.70,27.04,31.37,310.00,370.50,10.00,15.00,0.0000,928.58,1,0,2.5525,ACCEPT,0,1740,742,6151,0,0,1464,0,0,0,0
350,0,1,1,ACCEPT,8.8937,1.1115,658,-3,6,0.8146,71.89,1274.61,26.00,30.16,307.50,368.00,11.00,14.00,0.0000,936.72,1,-1,2.6968,ACCEPT,0,1128,521,4564,0,0,658,0,0,0,0
351,0,1,0,NEGATIVE_PEAK,-8.1163,1.3347,-323,-2,-4,0.8204,71.89,1274.61,26.00,30.16,305.00,366.50,12.00,13.00,0.0000,937.55,0,0,0.0000,NOT_RUN,0,684,545,0,0,0,323,0,0,0,0
352,0,1,1,ACCEPT,6.6723,1.1964,201,-4,-6,0.6716,68.64,1268.98,26.00,30.16,302.00,365.00,10.00,14.00,0.0000,933.62,1,0,2.6503,ACCEPT,0,491,478,2737,0,0,201,0,0,0,0
353,0,1,1,ACCEPT,6.3069,1.0297,208,-6,3,0.6154,63.77,1271.80,26.00,30.16,300.50,362.00,9.00,14.00,0.0000,940.09,1,0,2.6648,ACCEPT,0,633,672,2383,0,0,208,0,0,0,0
354,0,1,0,NEGATIVE_PEAK,-6.4674,1.1818,-234,6,3,0.6282,63.77,1271.80,26.00,30.16,298.00,360.50,10.00,13.00,0.0000,940.92,0,0,0.0000,NOT_RUN,0,745,577,0,0,0,234,0,0,0,0
0,0,0,0,ZERO_RESPONSE,0.0000,0.0000,0,0,0,0.0000,221.50,884.50,13.00,17.00,221.50,884.50,13.00,17.00,1.0000,0.00,1,0,0.0000,NOT_RUN,0,0,7546,1966,1,50,0,0,0,0,0
1,0,1,1,ACCEPT,5.0324,1.0508,62,7,0,0.1129,224.34,884.50,13.00,17.00,218.00,900.50,12.00,17.00,0.0147,17.21,1,1,1.8929,LOW_CONF,0,134,8145,1592,1,50,62,0,0,0,0
2,0,1,0,NEGATIVE_PEAK,-5.5865,1.1406,-146,-1,-2,0.2945,224.34,884.50,13.00,17.00,213.50,915.00,13.00,18.00,0.0000,32.37,0,0,0.0000,NOT_RUN,0,384,8598,0,1,50,146,0,0,0,0
3,0,1,1,ACCEPT,5.3956,1.2800,96,-7,0,0.0417,221.50,884.50,13.52,17.68,208.50,930.50,13.00,17.00,0.0000,47.80,1,1,2.0864,ACCEPT,0,257,7398,971,1,50,96,0,0,0,0
4,0,1,1,ACCEPT,4.0857,1.0000,26,0,5,0.4231,221.50,887.23,13.52,17.68,203.00,945.50,14.00,23.00,0.0000,61.13,1,13,1.1864,MAX_STEP,0,97,3658,869,1,50,26,0,0,0,0
5,0,1,0,NEGATIVE_PEAK,-5.8028,1.1250,-18,0,-11,0.0556,221.50,887.23,13.52,17.68,197.50,959.00,13.00,18.00,0.0000,75.67,0,0,0.0000,NOT_RUN,0,52,2479,0,1,50,18,0,0,0,0
6,0,1,0,NEGATIVE_PEAK,-4.4296,1.0714,-15,-8,4,0.1333,221.50,887.23,13.52,17.68,191.00,972.50,12.00,17.00,0.0000,90.56,0,0,0.0000,NOT_RUN,0,50,2322,0,1,50,15,0,0,0,0
7,0,1,1,ACCEPT,5.0100,1.1000,11,2,10,0.5455,222.34,892.70,13.52,17.68,183.50,984.50,13.00,17.00,0.0000,99.68,1,-4,2.3168,MAX_STEP,0,39,1944,1069,1,50,11,0,0,0,0
8,0,1,0,NEGATIVE_PEAK,-4.6357,1.2143,-17,5,-3,0.1765,222.34,892.70,13.52,17.68,178.50,996.00,13.00,16.00,0.0000,112.22,0,0,0.0000,NOT_RUN,0,52,1490,0,1,50,17,0,0,0,0
9,0,1,1,ACCEPT,5.8247,1.2500,20,2,-16,0.2000,223.19,883.95,13.52,17.68,173.00,1008.50,14.00,17.00,0.0000,134.28,1,0,2.0694,ACCEPT,0,53,920,1833,1,50,20,0,0,0,0
10,0,1,0,NEGATIVE_PEAK,-4.1468,1.1250,-9,5,-8,0.4444,223.19,883.95,13.52,17.68,170.50,1019.00,13.00,16.00,0.0000,144.96,0,0,0.0000,NOT_RUN,0,31,1415,0,1,50,9,0,0,0,0
11,0,1,0,NEGATIVE_PEAK,-3.2518,1.0000,-8,0,-4,0.3750,223.19,883.95,13.52,17.68,168.50,1031.00,13.00,16.00,0.0000,156.89,0,0,0.0000,NOT_RUN,0,53,1247,0,1,50,9,0,0,0,0
12,0,1,1,ACCEPT,5.7483,1.0000,8,1,-16,0.5000,223.61,875.20,14.06,18.39,166.00,1041.50,14.00,15.00,0.0000,175.99,1,1,2.1704,ACCEPT,0,23,2657,373,1,50,8,0,0,0,0
13,0,1,1,ACCEPT,6.2256,1.1176,38,8,-20,0.1842,227.11,863.64,13.52,17.68,168.50,1053.00,17.00,20.00,0.0000,198.22,1,-1,2.2027,ACCEPT,0,71,393,4574,1,50,38,0,0,0,0
14,0,1,0,NEGATIVE_PEAK,-6.7817,1.2429,-87,11,3,0.2299,227.11,863.64,13.52,17.68,174.50,1060.50,13.00,15.00,0.0000,203.77,0,0,0.0000,NOT_RUN,0,167,657,0,1,50,87,0,0,0,0
15,0,1,0,NEGATIVE_PEAK,-7.6211,1.6667,-30,19,11,0.0000,227.11,863.64,13.52,17.68,179.50,1067.50,13.00,15.00,0.0000,209.34,0,0,0.0000,NOT_RUN,0,43,1156,0,1,50,30,0,0,0,0
16,0,1,1,ACCEPT,6.3975,1.3000,13,6,-11,0.3077,229.64,857.62,13.00,17.00,179.00,1074.50,14.00,15.00,0.0000,222.71,1,-1,2.6838,ACCEPT,0,25,704,1683,1,50,13,0,0,0,0
17,0,1,0,NEGATIVE_PEAK,-6.1415,1.1000,-11,4,4,0.2727,229.64,857.62,13.00,17.00,173.50,1078.50,15.00,15.00,0.0000,227.90,0,0,0.0000,NOT_RUN,0,26,784,0,1,50,11,0,0,0,0
18,0,1,0,NEGATIVE_PEAK,-5.3016,1.1250,-9,4,0,0.5556,229.64,857.62,13.00,17.00,165.50,1083.50,15.00,15.00,0.0000,234.81,0,0,0.0000,NOT_RUN,0,20,523,0,1,50,10,0,0,0,0
19,0,1,1,ACCEPT,4.8196,1.0000,8,1,-4,0.6250,230.05,855.50,13.00,17.00,157.00,1086.00,14.00,14.00,0.0000,241.80,1,0,3.0513,ACCEPT,0,25,313,2811,1,50,8,0,0,0,0
20,0,1,0,NEGATIVE_PEAK,-4.8378,1.2857,-9,13,-1,0.0000,230.05,855.50,13.00,17.00,150.50,1088.00,13.00,14.00,0.0000,245.73,0,0,0.0000,NOT_RUN,0,35,232,0,1,50,9,0,0,0,0
21,0,1,0,NEGATIVE_PEAK,-4.3641,1.0000,-7,9,-8,0.2857,230.05,855.50,13.00,17.00,144.00,1090.50,14.00,15.00,0.0000,250.26,0,0,0.0000,NOT_RUN,0,21,243,0,1,50,7,0,0,0,0
22,0,1,0,NEGATIVE_PEAK,-4.6656,1.1250,-9,8,-7,0.8889,230.05,855.50,13.00,17.00,139.50,1093.50,15.00,15.00,0.0000,254.64,0,0,0.0000,NOT_RUN,0,18,293,0,1,50,9,0,0,0,0
23,0,1,0,NEGATIVE_PEAK,-6.0888,1.4286,-10,-1,0,0.8000,230.05,855.50,13.00,17.00,134.00,1094.50,14.00,15.00,0.0000,257.58,0,0,0.0000,NOT_RUN,0,21,304,0,1,50,11,0,0,0,0
24,0,1,0,NEGATIVE_PEAK,-4.3861,1.3333,-8,0,0,1.0000,230.05,855.50,13.00,17.00,129.00,1096.00,14.00,14.00,0.0000,260.87,0,0,0.0000,NOT_RUN,0,22,160,0,1,50,9,0,0,0,0
25,0,1,0,NEGATIVE_PEAK,-4.6803,1.2222,-11,-16,-22,0.7273,230.05,855.50,13.00,17.00,125.50,1098.50,15.00,15.00,0.0000,264.54,0,0,0.0000,NOT_RUN,0,32,923,0,1,50,11,0,0,0,0
26,0,1,0,NEGATIVE_PEAK,-5.4060,1.3000,-13,5,-6,0.6154,230.05,855.50,13.00,17.00,124.00,1101.00,14.00,14.00,0.0000,267.43,0,0,0.0000,NOT_RUN,0,39,2100,0,1,50,13,0,0,0,0
27,0,1,0,NEGATIVE_PEAK,-3.6141,1.0000,-6,0,-1,0.6667,230.05,855.50,13.00,17.00,121.00,1104.50,14.00,13.00,0.0000,271.83,0,0,0.0000,NOT_RUN,0,18,2101,0,1,50,7,0,0,0,0
28,0,1,0,NEGATIVE_PEAK,-4.5150,1.0833,-13,7,-8,0.3077,230.05,855.50,13.00,17.00,114.00,1106.00,12.00,16.00,0.0000,276.07,0,0,0.0000,NOT_RUN,0,34,2430,0,1,50,13,0,0,0,0
29,0,1,0,NEGATIVE_PEAK,-4.2993,1.0000,-16,8,3,0.6250,230.05,855.50,13.00,17.00,102.50,1107.00,11.00,12.00,0.0000,281.99,0,0,0.0000,NOT_RUN,0,48,3167,0,1,50,16,0,0,0,0
30,0,1,1,ACCEPT,5.3233,1.1562,37,17,8,0.2703,236.95,859.75,13.00,17.00,90.50,1108.00,11.00,12.00,0.0000,288.23,1,0,3.3024,ACCEPT,0,89,2965,1026,1,50,37,0,0,0,0
31,0,1,0,NEGATIVE_PEAK,-4.3880,1.0000,-14,-14,-1,0.1429,236.95,859.75,13.00,17.00,82.50,1110.50,11.00,11.00,0.0000,294.50,0,0,0.0000,NOT_RUN,0,38,471,0,1,50,14,0,0,0,0
32,0,1,0,NEGATIVE_PEAK,-4.3942,1.2000,-12,4,-1,0.3333,236.95,859.75,13.00,17.00,81.50,1115.50,15.00,15.00,0.0000,299.29,0,0,0.0000,NOT_RUN,0,35,371,0,1,50,12,0,0,0,0
33,0,1,1,ACCEPT,5.5361,1.1111,10,-11,-7,0.8000,232.48,856.03,13.00,17.00,76.50,1120.00,13.00,16.00,0.0000,306.61,1,0,3.2179,ACCEPT,0,30,299,4354,1,50,10,0,0,0,0
34,0,1,1,ACCEPT,5.9694,1.2917,31,-6,-3,0.4839,230.05,854.44,13.00,17.00,70.50,1123.00,17.00,12.00,0.0000,312.38,1,0,2.9365,ACCEPT,0,72,729,4031,1,50,31,0,0,0,0
35,0,1,1,ACCEPT,4.5320,1.0000,22,-11,6,0.2273,225.58,857.62,13.00,17.00,63.00,1128.50,12.00,13.00,0.0000,315.92,1,0,3.1105,ACCEPT,0,61,886,3214,1,50,22,0,0,0,0
36,0,1,1,ACCEPT,6.2200,1.2963,35,-6,-2,0.1143,223.14,856.56,13.00,17.00,59.00,1134.50,12.00,13.00,0.0000,322.79,1,0,3.1993,ACCEPT,0,81,1016,3357,1,50,35,0,0,0,0
37,0,1,1,ACCEPT,6.8441,1.0175,58,3,-3,0.1207,224.36,854.97,13.00,17.00,57.00,1140.50,12.00,13.00,0.0000,330.96,1,0,3.2795,ACCEPT,0,107,1473,3016,1,50,58,0,0,0,0
38,0,1,1,ACCEPT,7.0905,1.0769,70,3,-6,0.8286,225.58,851.78,13.00,17.00,54.00,1145.00,12.00,12.00,0.0000,339.73,1,0,3.1881,ACCEPT,0,131,1107,4424,1,50,70,0,0,0,0
39,0,1,1,ACCEPT,5.7951,1.0426,49,-7,5,0.2449,222.73,854.44,13.00,17.00,49.50,1152.00,13.00,12.00,0.0000,344.32,1,0,3.2753,ACCEPT,0,112,1095,3129,1,50,49,0,0,0,0
40,0,1,1,ACCEPT,6.4462,1.0167,61,2,1,0.3934,223.55,854.97,13.00,17.00,49.50,1158.50,13.00,13.00,0.0000,349.89,1,0,3.1661,ACCEPT,0,130,1397,3247,1,50,61,0,0,0,0
41,0,1,1,ACCEPT,6.4602,1.0588,54,1,-7,0.1667,223.95,851.25,13.00,17.00,49.00,1164.50,12.00,13.00,0.0000,358.80,1,0,3.2357,ACCEPT,0,95,779,3469,1,50,54,0,0,0,0
42,0,1,0,NEGATIVE_PEAK,-6.4967,1.2078,-93,-7,-19,0.1935,223.95,851.25,13.00,17.00,47.50,1170.50,15.00,17.00,0.0000,364.77,0,0,0.0000,NOT_RUN,0,212,733,0,1,50,93,0,0,0,0
43,0,1,1,ACCEPT,5.9484,1.2750,51,-5,-10,0.3333,221.92,845.94,13.00,17.00,44.50,1175.50,15.00,17.00,0.0000,374.29,1,0,3.1840,ACCEPT,0,112,529,5243,1,50,51,0,0,0,0
44,0,1,1,ACCEPT,6.1431,1.1020,54,-6,-3,0.2222,219.48,844.34,13.00,17.00,42.00,1180.50,14.00,15.00,0.0000,380.13,1,0,3.2271,ACCEPT,0,105,570,5626,1,50,54,0,0,0,0
45,0,1,1,ACCEPT,6.2605,1.0857,76,2,-6,0.6316,220.30,841.16,13.00,17.00,44.50,1186.50,13.00,15.00,0.0000,387.51,1,0,3.0295,ACCEPT,0,155,540,7921,1,50,76,0,0,0,0
46,0,1,1,ACCEPT,8.5777,1.1860,102,-2,0,0.4412,219.48,841.16,13.00,17.00,45.50,1194.00,11.00,16.00,0.0000,393.41,1,0,3.1203,ACCEPT,0,223,452,7866,1,50,102,0,0,0,0
47,0,1,1,ACCEPT,6.7888,1.1429,72,1,-2,0.8611,219.89,840.09,13.00,17.00,50.00,1199.50,10.00,15.00,0.0000,397.54,1,0,2.8624,ACCEPT,0,203,481,6306,1,50,72,0,0,0,0
48,0,1,1,ACCEPT,7.6886,1.1316,86,-3,-1,0.2791,218.67,839.56,13.00,17.00,55.00,1206.50,12.00,15.00,0.0000,401.79,1,0,3.2072,ACCEPT,0,159,689,4974,1,50,86,0,0,0,0
49,0,1,1,ACCEPT,8.8067,1.2672,147,2,-2,0.6599,219.48,838.50,13.00,17.00,61.50,1213.50,11.00,15.00,0.0000,406.92,1,0,3.2281,ACCEPT,0,284,639,6272,1,50,147,0,0,0,0
50,0,1,1,ACCEPT,7.2860,1.1750,141,7,4,0.1702,222.33,840.62,13.00,17.00,73.50,1219.50,15.00,17.00,0.0000,407.06,1,0,3.0209,ACCEPT,0,303,712,6482,1,50,141,0,0,0,0
51,0,1,1,ACCEPT,7.6685,1.0938,140,4,5,0.2786,223.95,843.28,13.00,17.00,88.00,1225.50,10.00,15.00,0.0000,405.68,1,0,3.2138,ACCEPT,0,319,630,6088,1,50,140,0,0,0,0
52,0,1,1,ACCEPT,6.8027,1.0348,119,0,14,0.3613,223.95,850.72,13.00,17.00,102.50,1231.50,11.00,19.00,0.0000,399.68,1,0,3.2448,ACCEPT,0,271,941,3669,1,50,119,0,0,0,0
53,0,1,1,ACCEPT,8.5663,1.2787,156,4,2,0.0192,225.58,851.78,13.00,17.00,116.50,1236.50,9.00,15.00,0.0000,399.88,1,0,3.2176,ACCEPT,0,319,956,3466,1,50,156,0,0,0,0
54,0,1,1,ACCEPT,8.6729,1.4870,171,3,6,0.1579,226.80,854.97,13.00,17.00,131.00,1241.50,8.00,17.00,0.0000,398.23,1,0,3.1285,ACCEPT,0,401,953,4319,1,50,171,0,0,0,0
55,0,1,1,ACCEPT,7.2140,1.3243,147,3,13,0.2789,228.02,861.88,13.00,17.00,147.00,1246.50,8.00,19.00,0.0000,393.06,1,0,3.0843,ACCEPT,0,343,814,4419,1,50,147,0,0,0,0
56,0,1,1,ACCEPT,7.3632,1.3846,162,6,15,0.1173,230.45,869.84,13.00,17.00,163.50,1251.00,7.00,20.00,0.0000,386.99,1,0,3.1868,ACCEPT,0,408,1074,3208,1,50,162,0,0,0,0
57,0,1,1,ACCEPT,6.0016,1.1452,142,8,-2,0.3380,233.70,868.78,13.00,17.00,179.00,1253.50,6.00,19.00,0.0000,388.59,1,0,3.1296,ACCEPT,0,455,866,4172,1,50,142,0,0,0,0
58,0,1,1,ACCEPT,7.0407,1.3867,104,2,11,0.2308,234.52,874.62,13.00,17.00,194.00,1257.50,6.00,19.00,0.0000,385.01,1,0,3.2083,ACCEPT,0,270,762,3008,1,50,104,0,0,0,0
59,0,1,1,ACCEPT,7.0082,1.6833,101,4,14,0.2178,236.14,882.06,13.00,17.00,211.00,1260.50,6.00,19.00,0.0000,379.27,1,0,3.0485,ACCEPT,0,197,1132,2472,1,50,101,0,0,0,0
60,0,1,1,ACCEPT,5.4512,1.1402,122,-12,5,0.0246,231.27,884.72,13.00,17.00,231.00,1264.00,6.00,18.00,0.0000,379.28,1,0,3.2405,ACCEPT,0,353,1638,2667,1,50,122,0,0,0,0
61,0,1,0,NEGATIVE_PEAK,-6.5408,1.2745,-325,10,-2,0.2738,231.27,884.72,13.00,17.00,251.00,1265.50,6.00,19.00,0.0000,381.29,0,0,0.0000,NOT_RUN,0,897,1230,0,1,50,325,0,0,0,0
62,0,1,1,ACCEPT,4.9170,1.0526,200,0,-3,0.1350,231.27,883.12,13.00,17.00,269.00,1268.50,6.00,21.00,0.0000,387.22,1,-6,1.5105,MAX_STEP,0,540,1706,3354,1,50,200,0,0,0,0
63,0,1,0,NEGATIVE_PEAK,-6.9370,1.2058,-416,5,-13,0.0216,231.27,883.12,13.00,17.00,284.50,1269.00,5.00,20.00,0.0000,389.53,0,0,0.0000,NOT_RUN,0,820,2092,0,1,50,416,0,0,0,0
64,0,1,1,ACCEPT,5.4945,1.1995,451,11,-5,0.4058,235.73,880.47,13.00,17.00,296.50,1268.50,5.00,21.00,0.0000,392.76,1,-8,1.2783,MAX_STEP,0,1359,1921,4299,1,50,451,0,0,0,0
65,0,1,0,NEGATIVE_PEAK,-6.9159,1.0672,-619,-1,4,0.5670,235.73,880.47,13.00,17.00,305.50,1268.00,5.00,22.00,0.0000,393.76,0,0,0.0000,NOT_RUN,0,1057,1141,0,1,50,619,0,0,0,0
66,0,1,1,ACCEPT,6.5176,1.2573,474,8,6,0.0717,238.98,883.66,13.00,17.00,310.50,1265.50,5.00,19.00,0.0000,388.48,1,0,3.2067,ACCEPT,0,832,1471,4537,1,50,474,0,0,0,0
67,0,1,1,ACCEPT,5.9494,1.2536,262,-4,9,0.7748,237.36,888.44,13.00,17.00,314.00,1262.00,6.00,18.00,0.0000,381.34,1,0,3.2517,ACCEPT,0,784,956,3566,1,50,262,0,0,0,0
68,0,1,1,ACCEPT,7.1629,1.4629,256,-3,9,0.2031,236.14,893.22,13.00,17.00,317.00,1259.00,6.00,22.00,0.0000,374.61,1,0,3.2634,ACCEPT,0,584,1039,4450,1,50,256,0,0,0,0
69,0,1,1,ACCEPT,8.0605,1.3671,283,-4,7,0.7314,234.52,896.94,13.00,17.00,319.00,1254.00,6.00,22.00,0.0000,366.92,1,0,3.2477,ACCEPT,0,567,1654,2351,1,50,283,0,0,0,0
70,0,1,1,ACCEPT,10.1451,2.2105,336,-2,5,0.4435,233.70,899.59,13.00,17.00,323.50,1249.50,7.00,21.00,0.0000,361.24,1,0,3.2360,ACCEPT,0,572,1506,1855,1,50,336,0,0,0,0
71,0,1,1,ACCEPT,11.9128,2.3409,412,1,3,0.4150,234.11,901.19,13.00,17.00,327.00,1243.50,6.00,23.00,0.0000,354.69,1,0,3.2332,ACCEPT,0,605,1499,2062,1,50,412,0,0,0,0
72,0,1,1,ACCEPT,6.2674,1.1393,409,4,6,0.1516,235.73,904.38,13.00,17.00,333.50,1237.00,7.00,20.00,0.0000,346.70,1,0,3.2869,ACCEPT,0,884,1223,4661,1,50,409,0,0,0,0
73,0,1,1,ACCEPT,9.2847,2.0281,793,6,1,0.0378,238.17,904.91,13.00,17.00,342.00,1230.00,8.00,22.00,0.0000,341.27,1,0,3.3131,ACCEPT,0,1080,2259,2753,1,50,793,0,0,0,0
74,0,1,1,ACCEPT,10.9025,1.9598,1170,12,1,0.3197,243.05,905.44,13.00,17.00,350.00,1221.50,8.00,23.00,0.0000,333.67,1,0,3.2923,ACCEPT,0,1453,2711,3279,1,50,1170,0,0,0,0
75,0,1,1,ACCEPT,13.5624,2.1404,1220,8,1,0.1885,246.30,905.97,13.00,17.00,359.00,1212.50,8.00,21.00,0.0000,326.59,1,0,3.3165,ACCEPT,0,1288,2561,3019,1,50,1220,0,0,0,0
76,0,1,1,ACCEPT,15.5731,2.9165,1187,13,-1,0.1146,251.58,905.44,13.00,17.00,369.50,1203.50,9.00,23.00,0.0000,320.54,1,0,3.2871,ACCEPT,0,1333,2923,2574,1,50,1187,0,0,0,0
77,0,1,1,ACCEPT,16.3381,2.3313,1168,11,1,0.2920,256.05,905.97,13.00,17.00,378.50,1195.00,9.00,22.00,0.0000,313.90,1,0,3.2578,ACCEPT,0,1129,1905,3519,1,50,1168,0,0,0,0
78,0,1,1,ACCEPT,18.7567,2.6292,1170,12,1,0.2624,260.92,906.50,13.00,17.00,387.00,1186.50,8.00,23.00,0.0000,307.08,1,0,3.2819,ACCEPT,0,1006,2095,3227,1,50,1170,0,0,0,0
79,0,1,1,ACCEPT,17.6953,2.7995,1187,10,0,0.1264,264.98,906.50,13.00,17.00,396.50,1176.50,9.00,25.00,0.0000,300.33,1,0,3.2527,ACCEPT,0,1065,1427,4603,1,50,1187,0,0,0,0
80,0,1,1,ACCEPT,21.5576,3.8955,1305,13,1,0.1655,270.27,907.03,13.00,17.00,406.50,1169.00,9.00,22.00,0.0000,295.28,1,0,3.2580,ACCEPT,0,966,1170,5652,1,50,1305,0,0,0,0
81,0,1,1,ACCEPT,19.9524,3.7156,1215,16,4,0.1185,276.77,909.16,13.00,17.00,418.50,1159.00,9.00,22.00,0.0000,287.25,1,0,3.2950,ACCEPT,0,913,1248,4709,1,50,1215,0,0,0,0
82,0,1,1,ACCEPT,19.1282,3.5556,1152,14,3,0.0981,282.45,910.75,13.00,17.00,431.50,1149.50,9.00,21.00,0.0000,281.45,1,0,3.2190,ACCEPT,0,990,1053,5537,1,50,1152,0,0,0,0
83,0,1,1,ACCEPT,17.6413,3.7747,955,14,4,0.1319,288.14,912.88,13.00,17.00,442.00,1141.50,10.00,21.00,0.0000,275.58,1,0,3.2872,ACCEPT,0,932,1572,4684,1,50,955,0,0,0,0
84,0,1,1,ACCEPT,17.4509,3.1595,1169,9,6,0.1711,291.80,916.06,13.00,17.00,448.00,1134.50,10.00,21.00,0.0000,268.54,1,0,3.2781,ACCEPT,0,1281,1551,5680,1,50,1169,0,0,0,0
85,0,1,1,ACCEPT,14.0433,2.4378,941,3,6,0.0138,293.02,919.25,13.00,17.00,451.50,1130.50,11.00,25.00,0.0000,264.09,1,0,3.2850,ACCEPT,0,1299,1390,3608,1,50,941,0,0,0,0
86,0,1,1,ACCEPT,14.9983,2.4324,810,6,8,0.1519,295.45,923.50,13.00,17.00,457.00,1125.00,12.00,22.00,0.0000,258.26,1,0,3.2654,ACCEPT,0,882,1276,5770,1,50,810,0,0,0,0
87,0,1,1,ACCEPT,18.3881,3.4680,1193,8,6,0.2263,298.70,926.69,13.00,17.00,461.50,1120.00,11.00,22.00,0.0000,252.73,1,0,3.3017,ACCEPT,0,1078,1113,5945,1,50,1193,0,0,0,0
88,0,1,1,ACCEPT,17.8495,3.2324,1057,6,6,0.1542,301.14,929.88,13.00,17.00,466.00,1115.00,12.00,22.00,0.0000,247.89,1,0,3.2726,ACCEPT,0,1067,1359,4134,1,50,1057,0,0,0,0
89,0,1,1,ACCEPT,19.5866,3.0067,1341,6,8,0.1186,303.58,934.12,13.00,17.00,470.00,1110.00,12.00,20.00,0.0000,242.13,1,0,3.2719,ACCEPT,0,924,2325,3297,1,50,1341,0,0,0,0
90,0,1,1,ACCEPT,20.1194,3.0786,1410,4,8,0.1184,305.20,938.38,13.00,17.00,473.00,1106.50,12.00,21.00,0.0000,237.53,1,0,3.2488,ACCEPT,0,1079,2272,3657,1,50,1410,0,0,0,0
91,0,1,1,ACCEPT,20.3409,2.6232,1309,3,8,0.0481,306.42,942.62,13.00,17.00,473.50,1104.50,11.00,21.00,0.0000,232.63,1,0,3.2812,ACCEPT,0,1061,2052,3875,1,50,1309,0,0,0,0
92,0,1,1,ACCEPT,18.1472,3.0429,922,0,7,0.0217,306.42,946.34,13.00,17.00,473.00,1102.00,14.00,20.00,0.0000,227.98,1,0,3.2925,ACCEPT,0,892,1846,3302,1,50,922,0,0,0,0
93,0,1,1,ACCEPT,13.3749,2.9610,607,-4,9,0.0577,304.80,951.12,13.00,17.00,470.00,1100.50,12.00,21.00,0.0000,222.72,1,0,3.3295,ACCEPT,0,723,1969,2328,1,50,607,0,0,0,0
94,0,1,1,ACCEPT,12.2520,2.7935,433,-6,6,0.2725,302.36,954.31,13.00,17.00,466.50,1099.50,11.00,21.00,0.0000,219.14,1,0,3.2892,ACCEPT,0,634,1800,2223,1,50,433,0,0,0,0
95,0,1,1,ACCEPT,13.4610,2.8727,474,-4,6,0.1920,300.73,957.50,13.00,17.00,462.00,1096.00,10.00,18.00,0.0000,212.58,1,0,3.3013,ACCEPT,0,514,1806,2285,1,50,474,0,0,0,0
96,0,1,1,ACCEPT,10.0969,2.2436,350,-8,3,0.1943,297.48,959.09,13.00,17.00,458.00,1095.50,12.00,19.00,0.0000,210.65,1,0,3.2788,ACCEPT,0,556,1742,2122,1,50,350,0,0,0,0
97,0,1,1,ACCEPT,15.8924,2.9548,588,-2,7,0.0680,296.67,962.81,13.00,17.00,456.50,1093.50,11.00,19.00,0.0000,206.46,1,0,3.2960,ACCEPT,0,540,1902,2401,1,50,588,0,0,0,0
98,0,1,1,ACCEPT,15.5275,3.5705,532,-4,3,0.1222,295.05,964.41,13.00,17.00,456.50,1089.00,11.00,18.00,0.0000,203.94,1,0,3.3014,ACCEPT,0,501,1470,2981,1,50,532,0,0,0,0
99,0,1,1,ACCEPT,21.1874,3.8872,758,0,4,0.0950,295.05,966.53,13.00,17.00,454.00,1084.50,12.00,21.00,0.0000,197.95,1,0,3.3091,ACCEPT,0,550,1537,3575,1,50,758,0,0,0,0
100,0,1,1,ACCEPT,18.1456,2.6667,688,-1,0,0.9157,294.64,966.53,13.00,17.00,453.50,1079.50,13.00,21.00,0.0000,194.93,1,0,3.3004,ACCEPT,0,580,1536,3489,1,50,688,0,0,0,0
101,0,1,1,ACCEPT,13.7469,2.2701,479,-4,1,0.1983,293.02,967.06,13.00,17.00,451.50,1074.50,11.00,21.00,0.0000,191.47,1,0,3.3011,ACCEPT,0,520,1334,3722,1,50,479,0,0,0,0
102,0,1,1,ACCEPT,23.4271,4.3770,1068,2,0,0.7725,293.83,967.06,13.00,17.00,453.00,1067.00,12.00,22.00,0.0000,187.94,1,0,3.2913,ACCEPT,0,693,1397,4791,1,50,1068,0,0,0,0
103,0,1,1,ACCEPT,21.2904,2.9200,1022,3,0,0.6947,295.05,967.06,13.00,17.00,453.00,1061.50,14.00,21.00,0.0000,184.03,1,0,3.2711,ACCEPT,0,685,1379,4074,1,50,1022,0,0,0,0
104,0,1,1,ACCEPT,22.6621,3.2034,929,0,0,1.0000,295.05,967.06,13.00,17.00,452.50,1056.00,13.00,16.00,0.0000,180.84,1,0,3.2640,ACCEPT,0,642,1341,3839,1,50,929,0,0,0,0
105,0,1,1,ACCEPT,19.7411,3.8878,797,0,-1,0.9875,295.05,966.53,13.00,17.00,451.50,1051.50,11.00,19.00,0.0000,178.04,1,0,3.2677,ACCEPT,0,578,1314,4238,1,50,797,0,0,0,0
106,0,1,1,ACCEPT,16.9837,2.7023,708,-1,-1,0.8997,294.64,966.00,13.00,17.00,450.50,1045.50,13.00,21.00,0.0000,174.96,1,0,3.2602,ACCEPT,0,610,1105,5472,1,50,708,0,0,0,0
107,0,1,1,ACCEPT,16.0678,3.2463,659,-3,0,0.4583,293.42,966.00,13.00,17.00,449.00,1039.00,10.00,20.00,0.0000,171.85,1,0,3.2268,ACCEPT,0,568,1136,4289,1,50,659,0,0,0,0
108,0,1,1,ACCEPT,14.2227,3.3690,566,-5,0,0.1961,291.39,966.00,13.00,17.00,446.00,1034.50,12.00,21.00,0.0000,169.10,1,0,3.1994,ACCEPT,0,556,962,4769,1,50,566,0,0,0,0
109,0,1,1,ACCEPT,8.9633,2.1842,332,-9,1,0.0994,287.73,966.53,13.00,17.00,442.50,1031.50,11.00,23.00,0.0000,167.85,1,0,3.2238,ACCEPT,0,555,1033,3702,1,50,332,0,0,0,0
110,0,1,1,ACCEPT,7.3531,1.4554,326,-11,-1,0.2117,283.27,966.00,13.00,17.00,438.00,1027.00,12.00,24.00,0.0000,166.32,1,0,3.1851,ACCEPT,0,554,925,4213,1,50,326,0,0,0,0
111,0,1,1,ACCEPT,13.9479,3.1684,602,-3,1,0.4850,282.05,966.53,13.00,17.00,435.50,1020.50,13.00,21.00,0.0000,162.67,1,0,3.1900,ACCEPT,0,640,1365,3891,1,50,602,0,0,0,0
112,0,1,1,ACCEPT,12.3832,2.7672,523,-6,0,0.2906,279.61,966.53,13.00,17.00,433.00,1016.00,12.00,20.00,0.0000,161.17,1,0,3.1831,ACCEPT,0,595,1118,4049,1,50,523,0,0,0,0
113,0,1,1,ACCEPT,11.8444,2.2039,454,-7,0,0.0793,276.77,966.53,13.00,17.00,430.00,1012.50,14.00,23.00,0.0000,159.98,1,0,3.2275,ACCEPT,0,495,1068,4170,1,50,454,0,0,0,0
114,0,1,1,ACCEPT,14.4602,3.2816,571,-4,1,0.1769,275.14,967.06,13.00,17.00,425.50,1006.00,11.00,20.00,0.0000,155.32,1,0,3.2093,ACCEPT,0,592,925,4611,1,50,571,0,0,0,0
115,0,1,1,ACCEPT,15.1129,3.7208,573,-3,3,0.0524,273.92,968.66,13.00,17.00,425.00,1002.50,14.00,21.00,0.0000,154.82,1,0,3.2188,ACCEPT,0,588,1176,3945,1,50,573,0,0,0,0
116,0,1,1,ACCEPT,14.0130,2.3906,612,-2,0,0.8072,273.11,968.66,13.00,17.00,426.50,998.00,13.00,24.00,0.0000,156.17,1,0,3.2357,ACCEPT,0,621,1076,4426,1,50,612,0,0,0,0
117,0,1,1,ACCEPT,15.1762,3.0259,702,0,1,0.9074,273.11,969.19,13.00,17.00,425.00,994.00,12.00,20.00,0.0000,153.90,1,0,3.2325,ACCEPT,0,660,1149,4401,1,50,702,0,0,0,0
118,0,1,1,ACCEPT,14.6097,3.2944,649,0,3,0.4129,273.11,970.78,13.00,17.00,425.50,988.50,13.00,23.00,0.0000,153.42,1,0,3.2190,ACCEPT,0,639,1166,5000,1,50,649,0,0,0,0
119,0,1,1,ACCEPT,20.4909,3.8946,1145,2,2,0.3502,273.92,971.84,13.00,17.00,426.50,985.00,9.00,20.00,0.0000,153.14,1,0,3.2276,ACCEPT,0,806,1116,5379,1,50,1145,0,0,0,0
120,0,1,1,ACCEPT,19.5146,3.8178,943,0,3,0.2047,273.92,973.44,13.00,17.00,426.00,979.50,12.00,23.00,0.0000,152.20,1,0,3.2257,ACCEPT,0,699,2180,3174,1,50,943,0,0,0,0
121,0,1,1,ACCEPT,16.9905,3.2111,867,-1,5,0.0554,273.52,976.09,13.00,17.00,425.00,977.00,12.00,22.00,0.0000,151.49,1,0,3.2322,ACCEPT,0,684,1800,4519,1,50,867,0,0,0,0
122,0,1,1,ACCEPT,15.1456,3.2762,783,-3,3,0.0639,272.30,977.69,13.00,17.00,425.50,973.00,11.00,22.00,0.0000,153.27,1,0,3.2146,ACCEPT,0,654,1442,5809,1,50,783,0,0,0,0
123,0,1,1,ACCEPT,11.2181,2.6304,605,-5,4,0.1785,270.27,979.81,13.00,17.00,421.00,970.00,8.00,20.00,0.0000,151.05,1,0,3.2126,ACCEPT,0,611,1461,5219,1,50,605,0,0,0,0
124,0,1,1,ACCEPT,8.1278,2.2901,371,-10,5,0.1078,266.20,982.47,13.00,17.00,416.50,966.00,9.00,24.00,0.0000,151.20,1,0,3.2200,ACCEPT,0,539,1231,5296,1,50,371,0,0,0,0
125,0,1,1,ACCEPT,11.7490,2.5316,600,-7,7,0.1333,263.36,986.19,13.00,17.00,413.50,963.00,11.00,26.00,0.0000,151.92,1,0,3.2490,ACCEPT,0,600,1322,5734,1,50,600,0,0,0,0
126,0,1,1,ACCEPT,12.0542,3.4595,512,-9,5,0.0410,259.70,988.84,13.00,17.00,409.50,960.50,11.00,25.00,0.0000,152.45,1,0,3.2867,ACCEPT,0,514,1232,6021,1,50,512,0,0,0,0
127,0,1,1,ACCEPT,10.5281,2.7330,481,-10,7,0.0021,255.64,992.56,13.00,17.00,404.00,958.00,12.00,26.00,0.0000,152.33,1,0,3.2478,ACCEPT,0,529,1216,5777,1,50,481,0,0,0,0
128,0,1,1,ACCEPT,10.1209,2.3443,429,-11,7,0.0513,251.17,996.28,13.00,17.00,400.50,956.50,11.00,25.00,0.0000,154.54,1,0,3.2360,ACCEPT,0,483,1190,5717,1,50,429,0,0,0,0
129,0,1,1,ACCEPT,9.2060,2.2778,369,-14,8,0.0190,245.48,1000.53,13.00,17.00,394.00,954.00,12.00,28.00,0.0000,155.63,1,0,3.2704,ACCEPT,0,456,1034,5707,1,50,369,0,0,0,0
130,0,1,1,ACCEPT,10.2070,2.3354,369,-15,7,0.0678,239.39,1004.25,13.00,17.00,386.50,955.00,9.00,22.00,0.0000,155.13,1,0,3.2801,ACCEPT,0,443,988,4832,1,50,369,0,0,0,0
131,0,1,1,ACCEPT,8.9518,2.3285,319,-18,7,0.3292,232.08,1007.97,13.00,17.00,379.00,949.50,10.00,19.00,0.0000,158.13,1,0,3.2703,ACCEPT,0,414,1057,4437,1,50,319,0,0,0,0
132,0,1,1,ACCEPT,8.5262,1.6063,355,-16,5,0.1887,225.58,1010.62,13.00,17.00,373.00,950.00,12.00,24.00,0.0000,159.40,1,0,3.2764,ACCEPT,0,490,1035,6692,1,50,355,0,0,0,0
133,0,1,1,ACCEPT,11.9133,2.3677,734,-10,5,0.0395,221.52,1013.28,13.00,17.00,370.00,947.50,8.00,23.00,0.0000,162.40,1,0,3.2593,ACCEPT,0,870,1257,5818,1,50,734,0,0,0,0
134,0,1,1,ACCEPT,12.7723,2.4656,646,-10,7,0.0433,217.45,1017.00,13.00,17.00,365.00,945.50,10.00,23.00,0.0000,163.96,1,0,3.2153,ACCEPT,0,645,939,6238,1,50,646,0,0,0,0
135,0,1,1,ACCEPT,12.1574,2.3248,730,-9,4,0.0055,213.80,1019.12,13.00,17.00,360.00,942.00,12.00,26.00,0.0000,165.30,1,0,3.3460,ACCEPT,0,862,925,6897,1,50,730,0,0,0,0
136,0,1,1,ACCEPT,14.2029,3.1551,773,-11,5,0.0440,209.33,1021.78,13.00,17.00,355.50,938.00,13.00,24.00,0.0000,168.48,1,0,3.2437,ACCEPT,0,740,882,8411,1,50,773,0,0,0,0
137,0,1,1,ACCEPT,15.0083,3.6039,1301,-2,3,0.0492,208.52,1023.38,13.00,17.00,355.50,933.00,11.00,22.00,0.0000,172.55,1,0,3.2923,ACCEPT,0,1242,1465,5499,1,50,1301,0,0,0,0
138,0,1,1,ACCEPT,17.8225,4.0906,1129,0,5,0.0009,208.52,1026.03,13.00,17.00,355.50,929.00,9.00,26.00,0.0000,176.12,1,0,3.2469,ACCEPT,0,852,1626,5817,1,50,1129,0,0,0,0
139,0,1,1,ACCEPT,15.2359,2.8673,1167,1,4,0.1457,208.92,1028.16,13.00,17.00,353.00,924.00,12.00,28.00,0.0000,177.78,1,0,3.2310,ACCEPT,0,940,1770,5961,1,50,1167,0,0,0,0
140,0,1,1,ACCEPT,13.0271,2.6765,993,-7,2,0.1319,206.08,1029.22,13.00,17.00,349.50,920.50,9.00,23.00,0.0000,179.97,1,0,3.2460,ACCEPT,0,1106,867,7296,1,50,993,0,0,0,0
141,0,1,1,ACCEPT,12.5081,2.5952,750,-14,2,0.0013,200.39,1030.28,13.00,17.00,344.50,918.00,9.00,24.00,0.0000,182.69,1,0,3.2739,ACCEPT,0,804,752,7420,1,50,750,0,0,0,0
142,0,1,1,ACCEPT,13.0211,2.4593,846,-15,2,0.1005,194.30,1031.34,13.00,17.00,339.50,913.00,9.00,20.00,0.0000,187.32,1,0,3.3166,ACCEPT,0,911,701,7369,1,50,846,0,0,0,0
143,0,1,1,ACCEPT,13.8283,2.5549,907,-12,2,0.0860,189.42,1032.41,13.00,17.00,336.50,909.50,9.00,21.00,0.0000,191.67,1,0,3.3387,ACCEPT,0,993,785,6857,1,50,907,0,0,0,0
144,0,1,1,ACCEPT,12.7732,2.5699,992,-11,0,0.0050,184.95,1032.41,13.00,17.00,335.00,907.50,8.00,23.00,0.0000,195.23,1,0,3.3293,ACCEPT,0,1195,574,8476,1,50,992,0,0,0,0
145,0,1,1,ACCEPT,13.6692,3.0399,839,-12,1,0.0405,180.08,1032.94,13.00,17.00,332.50,901.50,7.00,23.00,0.0000,201.27,1,0,3.2709,ACCEPT,0,984,706,7735,1,50,839,0,0,0,0
146,0,1,1,ACCEPT,12.3689,2.8453,1030,-11,-2,0.1796,175.61,1031.88,13.00,17.00,331.00,896.50,8.00,25.00,0.0000,206.09,1,0,3.2826,ACCEPT,0,1330,687,7820,1,50,1030,0,0,0,0
147,0,1,1,ACCEPT,12.3398,3.1165,829,-13,0,0.1001,170.33,1031.88,13.00,17.00,330.50,891.50,7.00,23.00,0.0000,212.98,1,0,3.2545,ACCEPT,0,1000,633,9477,1,50,829,0,0,0,0
148,0,1,1,ACCEPT,14.7094,3.7265,1308,-6,0,0.0971,167.89,1031.88,13.00,17.00,331.00,885.50,8.00,27.00,0.0000,219.16,1,0,3.2744,ACCEPT,0,1559,932,6353,1,50,1308,0,0,0,0
149,0,1,1,ACCEPT,15.3895,3.9209,1090,-5,0,0.0927,165.86,1031.88,13.00,17.00,332.50,881.50,7.00,27.00,0.0000,224.46,1,0,3.2366,ACCEPT,0,1190,1103,5912,1,50,1090,0,0,0,0
150,0,1,1,ACCEPT,15.3267,4.0038,1053,-1,3,0.2232,165.45,1033.47,13.00,17.00,334.50,873.50,9.00,27.00,0.0000,232.74,1,0,3.2552,ACCEPT,0,1097,1442,5413,1,50,1053,0,0,0,0
151,0,1,1,ACCEPT,14.8006,3.4720,993,1,3,0.4914,165.86,1035.06,13.00,17.00,336.00,865.00,8.00,28.00,0.0000,240.56,1,0,3.2865,ACCEPT,0,998,1352,6473,1,50,993,0,0,0,0
152,0,1,1,ACCEPT,16.3352,4.8861,1158,-6,0,0.0872,163.42,1035.06,13.00,17.00,335.50,861.00,7.00,26.00,0.0000,244.76,1,0,3.2711,ACCEPT,0,1126,917,6683,1,50,1158,0,0,0,0
153,0,1,1,ACCEPT,16.0091,4.4684,1059,-6,3,0.0623,160.98,1036.66,13.00,17.00,335.50,853.50,9.00,27.00,0.0000,252.99,1,0,3.2236,ACCEPT,0,823,1250,5298,1,50,1059,0,0,0,0
154,0,1,1,ACCEPT,17.1746,4.7598,1209,-8,0,0.0306,157.73,1036.66,13.00,17.00,333.00,846.00,10.00,28.00,0.0000,258.97,1,0,3.2635,ACCEPT,0,1067,817,5952,1,50,1209,0,0,0,0
155,0,1,1,ACCEPT,17.2705,4.1797,1070,-11,2,0.0243,153.27,1037.72,13.00,17.00,331.50,839.50,9.00,27.00,0.0000,266.57,1,0,3.2567,ACCEPT,0,930,1105,4681,1,50,1070,0,0,0,0
156,0,1,1,ACCEPT,17.9698,4.8308,1285,-7,1,0.1051,150.42,1038.25,13.00,17.00,332.50,831.50,7.00,25.00,0.0000,275.50,1,0,3.2373,ACCEPT,0,1165,1246,4073,1,50,1285,0,0,0,0
157,0,1,1,ACCEPT,13.6124,3.5907,1009,0,1,0.8801,150.42,1038.78,13.00,17.00,335.00,824.00,8.00,26.00,0.0000,283.20,1,0,3.2388,ACCEPT,0,1057,1931,2755,1,50,1009,0,0,0,0
158,0,1,1,ACCEPT,10.6588,2.0957,832,5,2,0.0264,152.45,1039.84,13.00,17.00,338.00,816.00,8.00,26.00,0.0000,290.75,1,0,3.2542,ACCEPT,0,1101,2555,2744,1,50,832,0,0,0,0
159,0,1,1,ACCEPT,18.1797,4.3131,1350,0,0,1.0000,152.45,1039.84,13.00,17.00,341.50,808.50,9.00,25.00,0.0000,298.76,1,0,3.2543,ACCEPT,0,1619,1851,3894,1,50,1350,0,0,0,0
160,0,1,1,ACCEPT,16.2805,3.6092,1173,1,2,0.5004,152.86,1040.91,13.00,17.00,343.00,801.00,10.00,26.00,0.0000,306.12,1,0,3.2123,ACCEPT,0,1538,2428,3315,1,50,1173,0,0,0,0
161,0,1,1,ACCEPT,18.1623,4.2691,1174,-4,3,0.1968,151.23,1042.50,13.00,17.00,344.50,793.50,9.00,29.00,0.0000,315.20,1,0,3.2205,ACCEPT,0,1072,1803,3586,1,50,1174,0,0,0,0
162,0,1,1,ACCEPT,16.0631,3.5795,945,-1,4,0.1323,150.83,1044.62,13.00,17.00,344.50,789.00,9.00,24.00,0.0000,320.71,1,0,3.2471,ACCEPT,0,863,2234,3283,1,50,945,0,0,0,0
163,0,1,1,ACCEPT,15.5341,3.5308,918,-3,5,0.1525,149.61,1047.28,13.00,17.00,342.50,781.00,11.00,28.00,0.0000,328.80,1,0,3.2480,ACCEPT,0,987,1840,4995,1,50,918,0,0,0,0
164,0,1,1,ACCEPT,12.4143,2.6409,853,-1,9,0.1254,149.20,1052.06,13.00,17.00,341.50,774.50,11.00,29.00,0.0000,337.67,1,0,3.2231,ACCEPT,0,872,2156,4648,1,50,853,0,0,0,0
165,0,1,1,ACCEPT,15.2799,3.7489,881,-3,7,0.0545,147.98,1055.78,13.00,17.00,338.50,769.00,11.00,26.00,0.0000,344.30,1,0,3.2343,ACCEPT,0,888,1994,4798,1,50,881,0,0,0,0
166,0,1,1,ACCEPT,13.3239,2.6019,817,-7,6,0.0808,145.14,1058.97,13.00,17.00,334.00,763.50,12.00,25.00,0.0000,350.67,1,0,3.2524,ACCEPT,0,824,1716,5005,1,50,817,0,0,0,0
167,0,1,1,ACCEPT,10.2982,2.1341,700,-7,10,0.0243,142.30,1064.28,13.00,17.00,328.50,757.50,9.00,23.00,0.0000,358.87,1,0,3.2592,ACCEPT,0,879,2093,3344,1,50,700,0,0,0,0
168,0,1,1,ACCEPT,9.1979,1.6460,530,-9,12,0.0585,138.64,1070.66,13.00,17.00,322.50,754.00,13.00,26.00,0.0000,366.16,1,0,3.2550,ACCEPT,0,664,1810,3816,1,50,530,0,0,0,0
169,0,1,1,ACCEPT,11.1877,2.5021,608,-10,9,0.0395,134.58,1075.44,13.00,17.00,317.50,749.50,11.00,25.00,0.0000,373.76,1,0,3.2870,ACCEPT,0,752,2027,3120,1,50,608,0,0,0,0
170,0,1,1,ACCEPT,10.7266,2.0601,686,-10,12,0.0292,130.52,1081.81,13.00,17.00,310.50,745.00,13.00,30.00,0.0000,381.89,1,0,3.2745,ACCEPT,0,648,1996,3784,1,50,686,0,0,0,0
171,0,1,1,ACCEPT,12.3204,2.0697,772,-10,9,0.0350,126.45,1086.59,13.00,17.00,303.00,742.50,12.00,25.00,0.0000,386.74,1,0,3.2888,ACCEPT,0,826,1476,4991,1,50,772,0,0,0,0
172,0,1,1,ACCEPT,12.3733,2.2345,686,-5,10,0.0029,124.42,1091.91,13.00,17.00,295.00,737.00,14.00,26.00,0.0000,393.77,1,0,3.2651,ACCEPT,0,661,2146,3808,1,50,686,0,0,0,0
173,0,1,1,ACCEPT,10.0762,1.9379,593,-3,14,0.2125,123.20,1099.34,13.00,17.00,287.50,732.00,13.00,24.00,0.0000,402.41,1,0,3.2353,ACCEPT,0,764,2621,3828,1,50,593,0,0,0,0
174,0,1,1,ACCEPT,9.7035,1.7601,609,-1,13,0.0493,122.80,1106.25,13.00,17.00,280.00,725.00,16.00,26.00,0.0000,412.39,1,0,3.2659,ACCEPT,0,777,3151,3983,1,50,609,0,0,0,0
175,0,1,1,ACCEPT,11.2587,2.3077,780,1,13,0.1038,123.20,1113.16,13.00,17.00,276.00,722.00,16.00,26.00,0.0000,419.94,1,0,3.2561,ACCEPT,0,900,2328,4976,1,50,780,0,0,0,0
176,0,1,1,ACCEPT,11.1449,3.0332,640,3,10,0.0063,124.42,1118.47,13.00,17.00,270.50,718.00,15.00,24.00,0.0000,426.28,1,0,3.2741,ACCEPT,0,827,2347,5732,1,50,640,0,0,0,0
177,0,1,1,ACCEPT,10.9356,2.9087,637,2,12,0.0628,125.23,1124.84,13.00,17.00,266.00,714.00,18.00,22.00,0.0000,434.29,1,0,3.2768,ACCEPT,0,834,1689,8252,1,50,637,0,0,0,0
178,0,1,1,ACCEPT,12.5846,2.4537,795,2,10,0.0340,126.05,1130.16,13.00,17.00,261.50,710.00,17.00,20.00,0.0000,441.45,1,0,3.2841,ACCEPT,0,828,1801,10859,1,50,795,0,0,0,0
179,0,1,1,ACCEPT,13.1057,2.6000,962,1,12,0.0426,126.45,1136.53,13.00,17.00,257.50,707.00,17.00,20.00,0.0000,449.08,1,0,3.2493,ACCEPT,0,1063,2172,8530,1,50,962,0,0,0,0
180,0,1,1,ACCEPT,12.3578,2.5701,861,2,10,0.1266,127.27,1141.84,13.00,17.00,254.00,702.00,18.00,20.00,0.0000,457.74,1,0,3.2627,ACCEPT,0,874,1899,10646,1,50,861,0,0,0,0
181,0,1,1,ACCEPT,12.7718,2.5665,965,1,11,0.0984,127.67,1147.69,13.00,17.00,252.00,700.00,20.00,20.00,0.0000,464.63,1,0,3.2736,ACCEPT,0,977,1598,12534,1,50,965,0,0,0,0
182,0,1,1,ACCEPT,15.4548,2.2198,1121,-3,10,0.2159,126.45,1153.00,13.00,17.00,248.50,697.00,19.00,20.00,0.0000,472.05,1,0,3.2381,ACCEPT,0,934,1576,13053,1,50,1121,0,0,0,0
183,0,1,1,ACCEPT,15.2068,3.0690,1246,2,12,0.0401,127.27,1159.38,13.00,17.00,246.00,693.50,20.00,19.00,0.0000,480.77,1,0,3.2753,ACCEPT,0,1208,1633,12505,1,50,1246,0,0,0,0
184,0,1,1,ACCEPT,16.4742,3.0293,1242,1,11,0.0169,127.67,1165.22,13.00,17.00,244.00,689.50,20.00,21.00,0.0000,489.74,1,0,3.2904,ACCEPT,0,977,1965,9556,1,50,1242,0,0,0,0
185,0,1,1,ACCEPT,18.6508,3.0614,1396,0,13,0.1626,127.67,1172.12,13.00,17.00,242.00,687.00,20.00,20.00,0.0000,498.41,1,0,3.2495,ACCEPT,0,1073,1698,10207,1,50,1396,0,0,0,0
186,0,1,1,ACCEPT,13.0027,2.9780,947,1,11,0.0539,128.08,1177.97,13.00,17.00,240.00,684.50,20.00,21.00,0.0000,506.00,1,0,3.2101,ACCEPT,0,929,1480,9693,1,50,947,0,0,0,0
187,0,1,1,ACCEPT,13.2518,3.5397,892,3,11,0.0224,129.30,1183.81,13.00,17.00,237.50,680.00,19.00,20.00,0.0000,515.30,1,0,3.2706,ACCEPT,0,1091,1453,11034,1,50,892,0,0,0,0
188,0,1,1,ACCEPT,12.5204,3.6049,876,-4,9,0.1370,127.67,1188.59,13.00,17.00,235.00,676.50,18.00,21.00,0.0000,523.22,1,0,3.2766,ACCEPT,0,969,1563,8590,1,50,876,0,0,0,0
189,0,1,1,ACCEPT,9.7613,1.7251,590,-10,8,0.2305,123.61,1192.84,13.00,17.00,232.50,672.50,17.00,21.00,0.0000,531.62,1,0,3.2559,ACCEPT,0,790,1469,7169,1,50,590,0,0,0,0
190,0,1,1,ACCEPT,8.1015,1.5932,419,-14,6,0.1146,117.92,1196.03,13.00,17.00,230.00,667.00,18.00,22.00,0.0000,540.77,1,0,3.2823,ACCEPT,0,698,1512,6849,1,50,419,0,0,0,0
191,0,1,1,ACCEPT,9.6995,2.1546,418,-14,7,0.0574,112.23,1199.75,13.00,17.00,228.00,662.00,18.00,22.00,0.0000,550.07,1,0,3.3112,ACCEPT,0,532,1068,7146,1,50,418,0,0,0,0
192,0,1,1,ACCEPT,9.9268,1.8469,543,-13,6,0.0092,106.95,1202.94,13.00,17.00,226.50,656.00,17.00,20.00,0.0000,559.85,1,0,3.2638,ACCEPT,0,756,1158,9065,1,50,543,0,0,0,0
193,0,1,1,ACCEPT,9.4370,1.7543,514,-13,5,0.0720,101.67,1205.59,13.00,17.00,226.00,649.50,18.00,19.00,0.0000,569.82,1,0,3.3081,ACCEPT,0,687,1190,7209,1,50,514,0,0,0,0
194,0,1,1,ACCEPT,11.7394,2.2741,614,-5,4,0.1254,99.64,1207.72,13.00,17.00,225.50,643.00,19.00,22.00,0.0000,578.57,1,0,3.2846,ACCEPT,0,723,1349,6498,1,50,614,0,0,0,0
195,0,1,1,ACCEPT,13.1779,2.6875,602,-8,4,0.1860,96.39,1209.84,13.00,17.00,225.50,637.00,19.00,22.00,0.0000,587.21,1,0,3.3123,ACCEPT,0,586,1257,7325,1,50,602,0,0,0,0
196,0,1,1,ACCEPT,11.6458,2.2208,684,-10,2,0.2500,92.33,1210.91,13.00,17.00,226.00,630.00,18.00,22.00,0.0000,596.09,1,0,3.3204,ACCEPT,0,690,1264,5590,1,50,684,0,0,0,0
197,0,1,1,ACCEPT,12.6857,2.3820,636,-10,4,0.1682,88.27,1213.03,13.00,17.00,226.00,622.50,18.00,21.00,0.0000,606.38,1,0,3.3168,ACCEPT,0,652,1105,6558,1,50,636,0,0,0,0
198,0,1,1,ACCEPT,14.1955,2.5322,747,-6,5,0.0187,85.83,1215.69,13.00,17.00,225.00,614.50,18.00,21.00,0.0000,617.09,1,0,3.3427,ACCEPT,0,699,1150,6949,1,50,747,0,0,0,0
199,0,1,1,ACCEPT,11.7358,2.0484,592,-11,1,0.1470,81.36,1216.22,13.00,17.00,224.50,606.50,19.00,21.00,0.0000,626.30,1,0,3.3541,ACCEPT,0,683,1033,5668,1,50,592,0,0,0,0
200,0,1,1,ACCEPT,13.8928,2.8579,563,-12,3,0.1172,76.48,1217.81,13.00,17.00,223.00,598.00,18.00,22.00,0.0000,636.89,1,0,3.3288,ACCEPT,0,554,1035,5953,1,50,563,0,0,0,0
201,0,1,1,ACCEPT,10.8801,2.0335,486,-18,0,0.1379,69.17,1217.81,13.00,17.00,222.50,591.00,17.00,22.00,0.0000,645.29,1,0,3.2874,ACCEPT,0,530,1102,6112,1,50,486,0,0,0,0
202,0,1,1,ACCEPT,10.3352,2.5541,378,-21,0,0.0291,60.64,1217.81,13.00,17.00,222.50,582.50,17.00,21.00,0.0000,655.61,1,0,3.3089,ACCEPT,0,426,1139,5455,1,50,378,0,0,0,0
203,0,1,1,ACCEPT,12.5889,2.8750,414,-19,3,0.0411,52.92,1219.41,13.00,17.00,220.50,574.50,17.00,19.00,0.0000,666.32,1,0,3.3190,ACCEPT,0,393,873,6689,1,50,414,0,0,0,0
204,0,1,1,ACCEPT,13.5395,2.7333,492,-16,4,0.0508,46.42,1221.53,13.00,17.00,220.50,567.00,17.00,20.00,0.0000,677.28,1,0,3.3145,ACCEPT,0,477,699,6760,1,50,492,0,0,0,0
205,0,1,1,ACCEPT,10.7307,2.1429,495,-15,0,0.0303,40.33,1221.53,13.00,17.00,219.50,559.50,19.00,23.00,0.0000,685.85,1,0,3.2782,ACCEPT,0,669,655,7653,1,50,495,0,0,0,0
206,0,1,1,ACCEPT,13.3835,2.8043,516,-13,3,0.1008,35.05,1223.12,13.00,17.00,219.00,552.00,18.00,22.00,0.0000,695.88,1,0,3.2994,ACCEPT,0,542,683,8809,1,50,516,0,0,0,0
207,0,1,1,ACCEPT,14.7383,2.9122,597,-11,6,0.1240,30.58,1226.31,13.00,17.00,219.50,545.00,19.00,20.00,0.0000,707.02,1,0,3.3214,ACCEPT,0,571,838,8317,1,50,597,0,0,0,0
208,0,1,1,ACCEPT,13.7158,2.1237,618,-14,5,0.0421,24.89,1228.97,13.00,17.00,221.50,539.50,19.00,21.00,0.0000,716.95,1,0,3.2853,ACCEPT,0,619,890,6820,1,50,618,0,0,0,0
209,0,1,1,ACCEPT,15.8586,3.2884,707,-12,4,0.1641,20.02,1231.09,13.00,17.00,222.00,533.50,20.00,21.00,0.0000,726.25,1,0,3.2961,ACCEPT,0,666,650,7463,1,50,707,0,0,0,0
210,0,1,1,ACCEPT,17.7944,3.6293,744,-9,7,0.1142,16.36,1234.81,13.00,17.00,221.00,526.50,20.00,19.00,0.0000,737.28,1,0,3.3008,ACCEPT,0,640,962,7555,1,50,744,0,0,0,0
211,0,1,1,ACCEPT,14.8363,2.9048,732,-7,8,0.0519,13.52,1239.06,13.00,17.00,223.00,521.50,18.00,19.00,0.0000,747.52,1,0,3.3068,ACCEPT,0,694,701,11489,1,50,732,0,0,0,0
212,0,1,1,ACCEPT,15.4003,3.8777,729,-7,9,0.1084,10.67,1243.84,13.00,17.00,223.00,517.00,18.00,18.00,0.0000,757.22,1,0,3.3206,ACCEPT,0,676,1304,6901,1,50,729,0,0,0,0
213,0,1,1,ACCEPT,15.5463,3.3733,732,-5,10,0.0383,8.64,1249.16,13.00,17.00,224.00,512.50,18.00,17.00,0.0000,767.49,1,0,3.3236,ACCEPT,0,713,883,12418,1,50,732,0,0,0,0
214,0,1,1,ACCEPT,14.9996,3.6667,737,-4,10,0.0204,7.02,1254.47,13.00,17.00,224.50,508.50,19.00,19.00,0.0000,777.03,1,0,3.3191,ACCEPT,0,741,986,9254,1,50,737,0,0,0,0
215,0,1,1,ACCEPT,16.1297,4.1911,658,-4,11,0.1003,5.39,1260.31,13.00,17.00,225.50,504.50,17.00,17.00,0.0000,787.21,1,0,3.3157,ACCEPT,0,681,1066,7028,1,50,658,0,0,0,0
216,0,1,1,ACCEPT,18.9680,4.7787,583,-5,10,0.1012,3.36,1265.62,13.00,17.00,226.00,501.00,18.00,18.00,0.0000,796.38,1,0,3.2973,ACCEPT,0,482,1102,5816,1,50,583,0,0,0,0
217,0,1,1,ACCEPT,11.2741,2.3421,445,-6,9,0.2000,0.92,1270.41,13.00,17.00,226.00,496.50,20.00,19.00,0.0000,805.97,1,0,3.3338,ACCEPT,0,576,931,8019,1,50,445,0,0,0,0
218,0,1,1,ACCEPT,9.4390,2.1044,524,-6,11,0.0668,-1.52,1276.25,13.00,17.00,229.00,493.00,20.00,20.00,0.0000,816.47,1,0,2.7663,ACCEPT,0,759,1593,4661,1,50,524,0,0,0,0
219,0,1,1,ACCEPT,5.6987,1.1682,250,-8,9,0.1240,-4.77,1281.03,13.00,17.00,231.00,491.50,22.00,19.00,0.0000,823.98,1,0,3.1076,ACCEPT,0,712,958,5009,1,50,250,0,0,0,0
220,0,1,0,NEGATIVE_PEAK,-3.1094,1.0556,-19,-2,-31,0.1579,-4.77,1281.03,13.00,17.00,233.50,486.50,21.00,17.00,0.0000,829.49,0,0,0.0000,NOT_RUN,0,113,2003,0,1,50,19,0,0,0,0
221,0,1,0,LOW_PSR,3.4945,1.0741,29,-20,-15,0.3793,-4.77,1281.03,13.00,17.00,236.50,486.00,19.00,18.00,0.0000,830.83,0,0,0.0000,NOT_RUN,0,208,1001,0,1,50,29,0,0,0,0
222,0,1,0,NEGATIVE_PEAK,-4.4436,1.0857,-38,-9,-3,0.0789,-4.77,1281.03,13.00,17.00,240.50,483.50,19.00,19.00,0.0000,834.39,0,0,0.0000,NOT_RUN,0,153,871,0,1,50,38,0,0,0,0
223,0,1,1,ACCEPT,4.1469,1.0519,81,-8,-7,0.0370,-8.02,1277.31,13.00,17.00,243.00,481.00,20.00,20.00,0.0000,834.94,1,0,2.9962,ACCEPT,0,449,3039,1249,1,50,81,0,0,0,0
224,0,1,1,ACCEPT,4.9129,1.0000,16,-15,-3,0.3125,-14.11,1275.72,14.06,18.39,247.00,478.50,20.00,19.00,0.0000,838.89,1,2,2.3730,ACCEPT,0,86,5918,356,1,50,16,0,0,0,0
225,0,1,0,NEGATIVE_PEAK,-3.7009,1.0000,-21,-15,-3,0.0952,-14.11,1275.72,14.06,18.39,250.50,476.50,19.00,19.00,0.0000,841.88,0,0,0.0000,NOT_RUN,0,138,4611,0,1,50,21,0,0,0,0
226,0,1,0,NEGATIVE_PEAK,-3.4911,1.0000,-13,-15,-5,0.1538,-14.11,1275.72,14.06,18.39,253.50,475.00,19.00,20.00,0.0000,844.25,0,0,0.0000,NOT_RUN,0,71,2541,0,1,50,13,0,0,0,0
227,0,1,1,ACCEPT,4.1143,1.0000,26,-15,-8,0.5000,-20.67,1271.09,13.52,17.68,257.50,473.00,19.00,18.00,0.0000,845.18,1,-1,2.6344,ACCEPT,0,165,2769,731,1,50,26,0,0,0,0
228,0,1,1,ACCEPT,4.0983,1.0968,34,-13,-14,0.5294,-26.16,1263.44,13.52,17.68,262.50,472.00,19.00,20.00,0.0000,842.43,1,3,2.1440,MAX_STEP,0,194,3312,677,1,50,34,0,0,0,0
229,0,1,0,NEGATIVE_PEAK,-4.4445,1.0465,-45,-15,0,0.6444,-26.16,1263.44,13.52,17.68,265.50,469.50,19.00,19.00,0.0000,845.81,0,0,0.0000,NOT_RUN,0,262,4682,0,1,50,45,0,0,0,0
230,0,1,1,ACCEPT,4.4468,1.1154,29,-11,-2,0.1379,-30.80,1262.34,13.52,17.68,268.50,469.00,19.00,20.00,0.0000,847.92,1,0,3.0728,ACCEPT,0,242,4711,354,1,50,29,0,0,0,0
231,0,1,0,NEGATIVE_PEAK,-3.8862,1.0784,-55,-14,-5,0.0545,-30.80,1262.34,13.52,17.68,270.00,468.00,20.00,20.00,0.0000,849.39,0,0,0.0000,NOT_RUN,0,328,3519,0,1,50,55,0,0,0,0
232,0,1,0,NEGATIVE_PEAK,-4.7336,1.0656,-65,-12,7,0.4923,-30.80,1262.34,13.52,17.68,271.50,467.00,19.00,20.00,0.0000,850.86,0,0,0.0000,NOT_RUN,0,410,2623,0,1,50,65,0,0,0,0
233,0,1,0,NEGATIVE_PEAK,-4.7158,1.0217,-47,-18,5,0.1277,-30.80,1262.34,13.52,17.68,274.50,466.50,19.00,21.00,0.0000,852.39,0,0,0.0000,NOT_RUN,0,206,1724,0,1,50,47,0,0,0,0
234,0,1,0,NEGATIVE_PEAK,-3.2151,1.0250,-41,-20,13,0.1951,-30.80,1262.34,13.52,17.68,278.00,467.00,18.00,20.00,0.0000,853.19,0,0,0.0000,NOT_RUN,0,305,1435,0,1,50,41,0,0,0,0
235,0,1,1,ACCEPT,4.1074,1.0625,68,-11,-12,0.2941,-35.44,1255.78,13.52,17.68,281.50,467.00,19.00,20.00,0.0000,850.07,1,0,2.8277,ACCEPT,0,381,2634,339,1,50,68,0,0,0,0
236,0,1,0,NEGATIVE_PEAK,-3.7090,1.0270,-38,-10,1,0.5526,-35.44,1255.78,13.52,17.68,286.00,468.00,18.00,18.00,0.0000,850.84,0,0,0.0000,NOT_RUN,0,272,344,0,1,50,38,0,0,0,0
237,0,1,0,NEGATIVE_PEAK,-3.7029,1.0588,-18,-14,-11,0.3333,-35.44,1255.78,13.52,17.68,290.00,468.50,18.00,21.00,0.0000,851.89,0,0,0.0000,NOT_RUN,0,106,1142,0,1,50,18,0,0,0,0
238,0,1,0,NEGATIVE_PEAK,-3.2755,1.0000,-15,-16,3,0.4000,-35.44,1255.78,13.52,17.68,294.00,469.00,18.00,20.00,0.0000,852.97,0,0,0.0000,NOT_RUN,0,132,1082,0,1,50,15,0,0,0,0
239,0,1,0,NEGATIVE_PEAK,-3.0486,1.0000,-11,-18,-7,0.2727,-35.44,1255.78,13.52,17.68,296.00,472.00,16.00,20.00,0.0000,850.98,0,0,0.0000,NOT_RUN,0,85,808,0,1,50,11,0,0,0,0
240,0,1,1,ACCEPT,3.8713,1.0690,31,-16,-6,0.1613,-42.19,1252.50,13.52,17.68,299.50,472.50,19.00,23.00,0.0000,851.56,1,5,2.0156,MAX_STEP,0,237,349,1603,1,50,31,0,0,0,0
241,0,1,0,NEGATIVE_PEAK,-3.8531,1.0000,-22,-18,-6,0.5909,-42.19,1252.50,13.52,17.68,299.50,474.00,15.00,20.00,0.0000,850.18,0,0,0.0000,NOT_RUN,0,112,1812,0,1,50,22,0,0,0,0
242,0,1,0,NEGATIVE_PEAK,-3.6422,1.0889,-49,-14,9,0.2245,-42.19,1252.50,13.52,17.68,303.00,476.00,14.00,20.00,0.0000,849.77,0,0,0.0000,NOT_RUN,0,306,2091,0,1,50,49,0,0,0,0
243,0,1,0,NEGATIVE_PEAK,-3.6806,1.0000,-34,-12,4,0.1471,-42.19,1252.50,13.52,17.68,305.50,477.50,13.00,19.00,0.0000,849.42,0,0,0.0000,NOT_RUN,0,202,2057,0,1,50,34,0,0,0,0
244,0,1,0,NEGATIVE_PEAK,-4.3496,1.0238,-43,-15,-3,0.1163,-42.19,1252.50,13.52,17.68,308.00,479.50,14.00,21.00,0.0000,848.62,0,0,0.0000,NOT_RUN,0,236,2440,0,1,50,43,0,0,0,0
245,0,1,1,ACCEPT,3.8560,1.0435,24,-18,-16,0.6667,-49.78,1243.75,14.06,18.39,310.50,481.50,15.00,19.00,0.0000,843.11,1,1,2.0105,ACCEPT,0,141,1091,733,1,50,24,0,0,0,0
246,0,1,0,NEGATIVE_PEAK,-5.2335,1.0870,-50,-13,-5,0.2800,-49.78,1243.75,14.06,18.39,311.50,483.00,15.00,20.00,0.0000,842.18,0,0,0.0000,NOT_RUN,0,310,4537,0,1,50,50,0,0,0,0
247,0,1,0,NEGATIVE_PEAK,-4.0938,1.0612,-52,-12,-18,0.0385,-49.78,1243.75,14.06,18.39,314.00,484.00,16.00,20.00,0.0000,842.35,0,0,0.0000,NOT_RUN,0,302,6728,0,1,50,52,0,0,0,0
248,0,1,1,ACCEPT,5.4920,1.0625,34,-17,7,0.2059,-57.22,1247.80,14.06,18.39,315.50,485.00,15.00,20.00,0.0000,848.99,1,0,2.8117,ACCEPT,0,119,6897,121,1,50,34,0,0,0,0
249,0,1,1,ACCEPT,3.6077,1.0000,7,-22,9,0.5714,-66.84,1253.00,14.62,19.12,319.00,486.50,16.00,21.00,0.0000,858.14,1,1,2.7199,ACCEPT,0,54,2211,363,1,50,7,0,0,0,0
250,0,1,0,NEGATIVE_PEAK,-3.0367,1.0000,-3,0,-1,0.6667,-66.84,1253.00,14.62,19.12,323.00,485.50,14.00,19.00,0.0000,860.83,0,0,0.0000,NOT_RUN,0,18,4622,0,1,50,4,0,0,0,0
251,0,1,0,NEGATIVE_PEAK,-3.7249,1.0000,-5,-21,5,0.2000,-66.84,1253.00,14.62,19.12,326.50,486.00,17.00,22.00,0.0000,861.98,0,0,0.0000,NOT_RUN,0,30,4452,0,1,50,5,0,0,0,0
252,0,1,0,NEGATIVE_PEAK,-3.3851,1.0000,-3,0,-1,0.6667,-66.84,1253.00,14.62,19.12,329.00,486.00,20.00,22.00,0.0000,863.12,0,0,0.0000,NOT_RUN,0,12,3769,0,1,50,4,0,0,0,0
253,0,1,0,NEGATIVE_PEAK,-3.8488,1.0000,-6,-23,-1,0.8333,-66.84,1253.00,14.62,19.12,331.00,482.50,20.00,21.00,0.0000,867.15,0,0,0.0000,NOT_RUN,0,35,4208,0,1,50,7,0,0,0,0
254,0,1,0,NEGATIVE_PEAK,-3.9171,1.0000,-8,-21,-1,0.7500,-66.84,1253.00,14.62,19.12,330.00,480.00,12.00,16.00,0.0000,868.92,0,0,0.0000,NOT_RUN,0,40,1467,0,1,50,9,0,0,0,0
255,0,1,0,NEGATIVE_PEAK,-3.9149,1.0833,-13,-13,-1,0.6154,-66.84,1253.00,14.62,19.12,332.50,480.00,13.00,20.00,0.0000,870.06,0,0,0.0000,NOT_RUN,0,82,607,0,1,50,13,0,0,0,0
256,0,1,1,ACCEPT,4.4203,1.0000,16,-18,19,0.3125,-75.00,1264.28,14.62,19.12,331.00,478.00,20.00,20.00,0.0000,884.91,1,-10,1.2737,MAX_STEP,0,86,1250,667,1,50,16,0,0,0,0
257,0,1,1,ACCEPT,4.7638,1.0833,26,-17,3,0.0385,-82.70,1266.06,15.21,19.89,330.00,475.50,16.00,23.00,0.0000,891.80,1,1,2.1527,ACCEPT,0,136,2364,292,1,50,26,0,0,0,0
258,0,1,1,ACCEPT,4.8746,1.0000,9,-21,-7,0.5556,-92.55,1261.69,15.21,19.89,330.50,471.00,15.00,24.00,0.0000,896.75,1,-5,1.0916,MAX_STEP,0,48,1952,373,1,50,9,0,0,0,0
259,0,1,1,ACCEPT,5.5808,1.0769,14,-19,7,0.2143,-101.45,1266.06,15.21,19.89,330.50,470.00,13.00,22.00,0.0000,905.70,1,0,2.4987,ACCEPT,0,54,1405,527,1,50,14,0,0,0,0
260,0,1,1,ACCEPT,4.0064,1.0000,16,-19,6,0.5000,-110.36,1269.81,15.21,19.89,330.00,467.50,14.00,19.00,0.0000,915.22,1,5,1.8727,MAX_STEP,0,91,2576,268,1,50,16,0,0,0,0
261,0,1,1,ACCEPT,5.5077,1.0625,17,-17,7,0.4118,-118.33,1274.19,15.21,19.89,330.50,465.00,15.00,22.00,0.0000,925.33,1,0,2.6922,ACCEPT,0,75,2546,320,1,50,17,0,0,0,0
262,0,1,1,ACCEPT,3.8070,1.1111,10,-19,-21,0.5000,-127.23,1261.06,15.21,19.89,332.50,463.00,11.00,20.00,0.0000,921.01,1,1,1.5632,LOW_CONF,0,58,3003,301,1,50,10,0,0,0,0
263,0,1,0,NEGATIVE_PEAK,-5.0402,1.0909,-12,-14,-1,0.5833,-127.23,1261.06,15.21,19.89,332.50,460.00,13.00,22.00,0.0000,923.61,0,0,0.0000,NOT_RUN,0,45,488,0,1,50,12,0,0,0,0
264,0,1,0,NEGATIVE_PEAK,-4.0152,1.0000,-12,-19,-13,0.6667,-127.23,1261.06,15.21,19.89,334.00,457.50,14.00,19.00,0.0000,926.53,0,0,0.0000,NOT_RUN,0,84,894,0,1,50,12,0,0,0,0
265,0,1,1,ACCEPT,4.7687,1.0000,9,-20,17,0.6667,-136.61,1271.69,15.21,19.89,335.00,454.50,14.00,21.00,0.0000,943.51,1,0,2.3877,ACCEPT,0,55,396,1088,1,50,9,0,0,0,0
266,0,1,0,NEGATIVE_PEAK,-4.9245,1.3333,-4,-20,-19,0.5000,-136.61,1271.69,15.21,19.89,334.00,452.00,14.00,22.00,0.0000,945.18,0,0,0.0000,NOT_RUN,0,15,1860,0,1,50,4,0,0,0,0
267,0,1,0,NEGATIVE_PEAK,-4.6839,1.0000,-16,-21,-11,0.1875,-136.61,1271.69,15.21,19.89,336.00,451.00,12.00,22.00,0.0000,947.04,0,0,0.0000,NOT_RUN,0,80,800,0,1,50,16,0,0,0,0
268,0,1,0,NEGATIVE_PEAK,-5.3489,1.0769,-14,-17,-6,0.1429,-136.61,1271.69,15.21,19.89,335.50,449.00,13.00,20.00,0.0000,948.53,0,0,0.0000,NOT_RUN,0,58,469,0,1,50,14,0,0,0,0
269,0,1,1,ACCEPT,3.8530,1.0217,47,-15,9,0.4468,-143.64,1277.31,15.21,19.89,337.00,450.00,14.00,22.00,0.0000,956.80,1,0,2.7814,ACCEPT,0,296,9869,70,1,50,47,0,0,0,0
270,0,1,0,NEGATIVE_PEAK,-5.8555,1.0870,-25,-14,-13,0.2000,-143.64,1277.31,15.21,19.89,337.50,448.50,13.00,21.00,0.0000,958.35,0,0,0.0000,NOT_RUN,0,83,11578,0,1,50,25,0,0,0,0
271,0,1,0,NEGATIVE_PEAK,-5.7865,1.0233,-44,-18,-9,0.2045,-143.64,1277.31,15.21,19.89,337.00,449.50,14.00,21.00,0.0000,957.23,0,0,0.0000,NOT_RUN,0,186,5348,0,1,50,44,0,0,0,0
272,0,1,0,NEGATIVE_PEAK,-4.9941,1.0612,-52,-15,-13,0.4038,-143.64,1277.31,15.21,19.89,337.50,450.00,15.00,20.00,0.0000,957.05,0,0,0.0000,NOT_RUN,0,265,4031,0,1,50,52,0,0,0,0
273,0,1,1,ACCEPT,5.7742,1.0741,29,-17,-18,0.2414,-151.61,1266.06,15.21,19.89,338.50,451.00,15.00,20.00,0.0000,951.07,1,-8,1.1816,MAX_STEP,0,130,3154,385,1,50,29,0,0,0,0
274,0,1,1,ACCEPT,7.0365,1.0577,55,-17,9,0.2182,-159.58,1271.69,15.82,20.68,338.00,452.50,12.00,17.00,0.0000,958.46,1,1,2.2900,ACCEPT,0,199,4095,203,1,50,55,0,0,0,0
275,0,1,0,NEGATIVE_PEAK,-6.3132,1.0526,-20,-19,-3,0.2000,-159.58,1271.69,15.82,20.68,339.00,454.50,12.00,17.00,0.0000,957.28,0,0,0.0000,NOT_RUN,0,73,5629,0,1,50,20,0,0,0,0
276,0,1,0,NEGATIVE_PEAK,-3.9254,1.0000,-5,-21,-5,0.4000,-159.58,1271.69,15.82,20.68,339.50,455.50,11.00,17.00,0.0000,956.68,0,0,0.0000,NOT_RUN,0,25,2474,0,1,50,5,0,0,0,0
277,0,1,1,ACCEPT,5.0959,1.0714,15,-19,-16,0.3333,-169.08,1261.44,15.82,20.68,340.00,457.00,10.00,16.00,0.0000,951.99,1,2,1.9566,LOW_CONF,0,68,868,795,1,50,15,0,0,0,0
278,0,1,0,NEGATIVE_PEAK,-6.0506,1.1111,-20,-18,0,0.4500,-169.08,1261.44,15.82,20.68,342.00,458.50,12.00,17.00,0.0000,951.79,0,0,0.0000,NOT_RUN,0,57,2849,0,1,50,20,0,0,0,0
279,0,1,1,ACCEPT,4.1130,1.1250,18,-18,-13,0.3889,-178.08,1253.11,17.11,22.37,342.00,458.00,14.00,16.00,0.0000,950.09,1,2,2.1593,ACCEPT,0,112,2333,284,1,50,18,0,0,0,0
280,0,1,0,NEGATIVE_PEAK,-4.2319,1.0909,-24,-17,5,0.0417,-178.08,1253.11,17.11,22.37,343.00,457.50,12.00,15.00,0.0000,951.06,0,0,0.0000,NOT_RUN,0,154,955,0,1,50,24,0,0,0,0
281,0,1,1,ACCEPT,5.6679,1.0263,39,-19,2,0.1538,-188.17,1254.52,17.79,23.27,343.50,456.00,11.00,16.00,0.0000,959.32,1,1,2.2714,ACCEPT,0,135,640,680,1,50,39,0,0,0,0
282,0,1,0,NEGATIVE_PEAK,-4.2815,1.0714,-15,-18,-1,0.5333,-188.17,1254.52,17.79,23.27,345.50,454.00,11.00,16.00,0.0000,962.10,0,0,0.0000,NOT_RUN,0,57,6890,0,1,50,15,0,0,0,0
283,0,1,1,ACCEPT,8.2180,1.0833,26,-18,16,0.1154,-198.30,1266.27,17.79,23.27,347.00,449.50,10.00,17.00,0.0000,982.07,1,3,2.0217,MAX_STEP,0,60,1453,305,1,50,26,0,0,0,0
284,0,1,0,NEGATIVE_PEAK,-6.3895,1.1481,-31,-17,5,0.0000,-198.30,1266.27,17.79,23.27,347.00,445.50,10.00,15.00,0.0000,985.40,0,0,0.0000,NOT_RUN,0,86,1144,0,1,50,31,0,0,0,0
285,0,1,1,ACCEPT,4.7280,1.1333,17,-18,-9,0.2353,-208.42,1259.66,17.79,23.27,345.50,440.50,15.00,17.00,0.0000,988.86,1,3,2.7066,MAX_STEP,0,85,1012,650,1,50,17,0,0,0,0
286,0,1,1,ACCEPT,7.5756,1.0667,16,-19,-3,0.1875,-219.11,1257.45,17.79,23.27,346.50,434.50,9.00,15.00,0.0000,998.58,1,3,2.0785,MAX_STEP,0,38,981,546,1,50,16,0,0,0,0
287,0,1,0,NEGATIVE_PEAK,-6.2954,1.1212,-37,-18,0,0.3514,-219.11,1257.45,17.79,23.27,345.00,429.50,10.00,15.00,0.0000,1001.86,0,0,0.0000,NOT_RUN,0,76,483,0,1,50,37,0,0,0,0
288,0,1,1,ACCEPT,6.8686,1.1111,40,-18,-4,0.2500,-229.23,1254.52,17.79,23.27,345.50,423.00,13.00,16.00,0.0000,1010.81,1,-8,2.0710,MAX_STEP,0,80,1369,569,1,50,40,0,0,0,0
289,0,1,0,NEGATIVE_PEAK,-4.3554,1.0769,-28,-19,-16,0.3214,-229.23,1254.52,17.79,23.27,341.50,417.50,11.00,15.00,0.0000,1013.08,0,0,0.0000,NOT_RUN,0,133,1379,0,1,50,28,0,0,0,0
290,0,1,0,NEGATIVE_PEAK,-5.2374,1.1034,-32,-18,-7,0.1562,-229.23,1254.52,17.79,23.27,339.00,413.00,12.00,14.00,0.0000,1015.40,0,0,0.0000,NOT_RUN,0,116,1070,0,1,50,32,0,0,0,0
291,0,1,0,NEGATIVE_PEAK,-4.5002,1.0000,-25,-21,1,0.2800,-229.23,1254.52,17.79,23.27,335.00,407.00,12.00,14.00,0.0000,1018.16,0,0,0.0000,NOT_RUN,0,116,436,0,1,50,25,0,0,0,0
292,0,1,1,ACCEPT,5.0368,1.0435,24,-19,5,0.2500,-239.92,1258.19,18.50,24.20,331.50,401.00,11.00,14.00,0.0000,1030.19,1,1,2.9836,ACCEPT,0,102,1871,366,1,50,24,0,0,0,0
293,0,1,1,ACCEPT,4.3187,1.0000,15,-19,-21,0.3333,-250.91,1242.44,18.50,24.20,328.50,395.50,9.00,15.00,0.0000,1026.17,1,0,2.5345,ACCEPT,0,73,1954,484,1,50,15,0,0,0,0
294,0,1,0,NEGATIVE_PEAK,-4.1659,1.0588,-18,-19,-5,0.2778,-250.91,1242.44,18.50,24.20,325.00,389.50,10.00,15.00,0.0000,1029.16,0,0,0.0000,NOT_RUN,0,72,1769,0,1,50,18,0,0,0,0
295,0,1,1,ACCEPT,5.0017,1.0714,15,-19,-4,0.1333,-261.89,1239.44,18.50,24.20,322.00,385.00,10.00,14.00,0.0000,1034.89,1,0,2.6072,ACCEPT,0,67,886,521,1,50,15,0,0,0,0
296,0,1,1,ACCEPT,5.3473,1.0625,17,-19,-10,0.2941,-272.88,1231.94,18.50,24.20,319.00,380.50,10.00,13.00,0.0000,1036.95,1,0,2.7914,ACCEPT,0,55,3381,188,1,50,17,0,0,0,0
297,0,1,1,ACCEPT,5.7356,1.0000,17,-20,-5,0.3529,-284.44,1228.19,18.50,24.20,316.00,377.00,10.00,14.00,0.0000,1041.66,1,1,1.9588,LOW_CONF,0,62,4020,160,1,50,17,0,0,0,0
298,0,1,0,NEGATIVE_PEAK,-5.3297,1.1000,-22,-17,-14,0.1364,-284.44,1228.19,18.50,24.20,313.50,373.00,11.00,14.00,0.0000,1043.49,0,0,0.0000,NOT_RUN,0,79,4107,0,1,50,22,0,0,0,0
299,0,1,1,ACCEPT,4.5754,1.0000,9,-20,-22,0.2222,-296.00,1211.69,17.79,23.27,310.00,370.50,10.00,15.00,0.0000,1036.74,1,-1,2.1802,ACCEPT,0,41,3020,229,1,50,9,0,0,0,0
300,0,1,0,NEGATIVE_PEAK,-4.6708,1.1154,-29,-19,-21,0.2069,-296.00,1211.69,17.79,23.27,307.50,368.00,11.00,14.00,0.0000,1037.31,0,0,0.0000,NOT_RUN,0,110,622,0,1,50,29,0,0,0,0
301,0,1,1,ACCEPT,4.9408,1.0789,41,-19,-9,0.0976,-306.69,1205.08,19.24,25.16,305.00,366.50,12.00,13.00,0.0000,1037.97,1,2,2.1870,ACCEPT,0,170,2263,210,1,50,41,0,0,0,0
302,0,1,1,ACCEPT,6.2461,1.1053,42,-17,3,0.0238,-316.78,1207.42,19.24,25.16,302.00,365.00,10.00,14.00,0.0000,1045.26,1,0,2.6011,ACCEPT,0,131,1441,391,1,50,42,0,0,0,0
303,0,1,1,ACCEPT,6.9458,1.0303,34,-20,4,0.1765,-328.66,1210.55,19.24,25.16,300.50,362.00,9.00,14.00,0.0000,1056.35,1,0,2.5460,ACCEPT,0,94,1122,365,1,50,34,0,0,0,0
304,0,1,0,NEGATIVE_PEAK,-5.0364,1.0000,-12,-22,-13,0.2500,-328.66,1210.55,19.24,25.16,298.00,360.50,10.00,13.00,0.0000,1056.07,0,0,0.0000,NOT_RUN,0,37,1407,0,1,50,12,0,0,0,0
0,0,0,0,ZERO_RESPONSE,0.0000,0.0000,0,0,0,0.0000,73.50,1219.50,15.00,17.00,73.50,1219.50,15.00,17.00,1.0000,0.00,1,0,0.0000,NOT_RUN,0,0,8239,2088,2,100,0,0,0,0,0
1,0,1,0,NEGATIVE_PEAK,-3.0619,1.0000,-10,24,9,0.5000,73.50,1219.50,15.00,17.00,88.00,1225.50,10.00,15.00,0.0000,15.69,0,0,0.0000,NOT_RUN,0,85,10585,0,2,100,10,0,0,0,0
2,0,1,0,NEGATIVE_PEAK,-3.2102,1.0000,-11,15,4,0.8182,73.50,1219.50,15.00,17.00,102.50,1231.50,11.00,19.00,0.0000,31.38,0,0,0.0000,NOT_RUN,0,111,17031,0,2,100,11,0,0,0,0
3,0,1,0,NEGATIVE_PEAK,-3.7641,1.0000,-8,-9,-1,0.7500,73.50,1219.50,15.00,17.00,116.50,1236.50,9.00,15.00,0.0000,46.24,0,0,0.0000,NOT_RUN,0,52,3032,0,2,100,9,0,0,0,0
4,0,1,0,LOW_PSR,2.5047,1.0588,18,6,6,0.1667,73.50,1219.50,15.00,17.00,131.00,1241.50,8.00,17.00,0.0000,61.57,0,0,0.0000,NOT_RUN,0,325,2235,0,2,100,18,0,0,0,0
5,0,1,0,NEGATIVE_PEAK,-4.0012,1.0000,-7,15,0,0.4286,73.50,1219.50,15.00,17.00,147.00,1246.50,8.00,19.00,0.0000,78.30,0,0,0.0000,NOT_RUN,0,36,2901,0,2,100,8,0,0,0,0
6,0,1,0,NEGATIVE_PEAK,-4.3494,1.4737,-28,-14,0,0.0714,73.50,1219.50,15.00,17.00,163.50,1251.00,7.00,20.00,0.0000,95.35,0,0,0.0000,NOT_RUN,0,272,3376,0,2,100,28,0,0,0,0
7,0,1,0,NEGATIVE_PEAK,-2.9056,1.0588,-36,5,2,0.6667,73.50,1219.50,15.00,17.00,179.00,1253.50,6.00,19.00,0.0000,110.84,0,0,0.0000,NOT_RUN,0,407,3125,0,2,100,36,0,0,0,0
8,0,1,0,NEGATIVE_PEAK,-4.0629,1.0000,-22,-6,1,0.3182,73.50,1219.50,15.00,17.00,194.00,1257.50,6.00,19.00,0.0000,126.35,0,0,0.0000,NOT_RUN,0,142,2412,0,2,100,22,0,0,0,0
9,0,1,0,NEGATIVE_PEAK,-6.3222,1.6579,-63,-6,2,0.2063,73.50,1219.50,15.00,17.00,211.00,1260.50,6.00,19.00,0.0000,143.48,0,0,0.0000,NOT_RUN,0,256,703,0,2,100,63,0,0,0,0
10,0,1,0,NEGATIVE_PEAK,-4.9630,1.1818,-26,-6,1,0.4231,73.50,1219.50,15.00,17.00,231.00,1264.00,6.00,18.00,0.0000,163.67,0,0,0.0000,NOT_RUN,0,108,2282,0,2,100,26,0,0,0,0
11,0,1,0,NEGATIVE_PEAK,-4.2074,1.0882,-37,-4,-1,0.6216,73.50,1219.50,15.00,17.00,251.00,1265.50,6.00,19.00,0.0000,183.36,0,0,0.0000,NOT_RUN,0,264,1800,0,2,100,37,0,0,0,0
12,0,1,0,NEGATIVE_PEAK,-2.4942,1.0000,-23,20,-8,0.9565,73.50,1219.50,15.00,17.00,269.00,1268.50,6.00,21.00,0.0000,201.55,0,0,0.0000,NOT_RUN,0,341,3916,0,2,100,23,0,0,0,0
13,0,1,0,NEGATIVE_PEAK,-3.8578,1.4000,-14,5,0,0.2857,73.50,1219.50,15.00,17.00,284.50,1269.00,5.00,20.00,0.0000,216.73,0,0,0.0000,NOT_RUN,0,130,4048,0,2,100,15,0,0,0,0
14,0,1,0,NEGATIVE_PEAK,-4.0770,1.3750,-11,8,0,0.2727,73.50,1219.50,15.00,17.00,296.50,1268.50,5.00,21.00,0.0000,228.32,0,0,0.0000,NOT_RUN,0,59,3633,0,2,100,11,0,0,0,0
15,0,1,0,NEGATIVE_PEAK,-3.6464,1.2000,-6,22,0,0.1667,73.50,1219.50,15.00,17.00,305.50,1268.00,5.00,22.00,0.0000,237.02,0,0,0.0000,NOT_RUN,0,46,2973,0,2,100,6,0,0,0,0
16,0,1,0,NEGATIVE_PEAK,-2.8929,1.0000,-3,10,0,0.3333,73.50,1219.50,15.00,17.00,310.50,1265.50,5.00,19.00,0.0000,241.42,0,0,0.0000,NOT_RUN,0,34,2634,0,2,100,4,0,0,0,0
17,0,1,0,NEGATIVE_PEAK,-2.9459,1.3333,-4,-6,-1,0.7500,73.50,1219.50,15.00,17.00,314.00,1262.00,6.00,18.00,0.0000,244.23,0,0,0.0000,NOT_RUN,0,51,2857,0,2,100,4,0,0,0,0
18,0,1,0,NEGATIVE_PEAK,-2.1512,1.0000,-7,-28,-1,0.1429,73.50,1219.50,15.00,17.00,317.00,1259.00,6.00,22.00,0.0000,246.68,0,0,0.0000,NOT_RUN,0,136,2767,0,2,100,7,0,0,0,0
19,0,1,0,NEGATIVE_PEAK,-2.6194,1.1429,-8,-28,-1,0.0000,73.50,1219.50,15.00,17.00,319.00,1254.00,6.00,22.00,0.0000,247.91,0,0,0.0000,NOT_RUN,0,123,2453,0,2,100,8,0,0,0,0
20,0,1,0,NEGATIVE_PEAK,-2.0822,1.1667,-7,-31,-1,0.1429,73.50,1219.50,15.00,17.00,323.50,1249.50,7.00,21.00,0.0000,251.79,0,0,0.0000,NOT_RUN,0,142,2024,0,2,100,7,0,0,0,0
21,0,1,0,NEGATIVE_PEAK,-1.9892,1.1000,-11,-9,-1,0.3636,73.50,1219.50,15.00,17.00,327.00,1243.50,6.00,23.00,0.0000,254.63,0,0,0.0000,NOT_RUN,0,243,1597,0,2,100,11,0,0,0,0
22,0,1,0,NEGATIVE_PEAK,-2.5643,1.0000,-5,9,0,0.0000,73.50,1219.50,15.00,17.00,333.50,1237.00,7.00,20.00,0.0000,260.59,0,0,0.0000,NOT_RUN,0,75,1261,0,2,100,6,0,0,0,0
23,0,1,0,NEGATIVE_PEAK,-2.2850,1.0000,-8,0,-1,0.8750,73.50,1219.50,15.00,17.00,342.00,1230.00,8.00,22.00,0.0000,268.71,0,0,0.0000,NOT_RUN,0,147,937,0,2,100,8,0,0,0,0
24,0,1,0,NEGATIVE_PEAK,-2.5701,1.2222,-11,-7,0,0.0000,73.50,1219.50,15.00,17.00,350.00,1221.50,8.00,23.00,0.0000,276.51,0,0,0.0000,NOT_RUN,0,176,1458,0,2,100,11,0,0,0,0
25,0,1,0,NEGATIVE_PEAK,-2.6215,1.2000,-12,-10,-1,0.2500,73.50,1219.50,15.00,17.00,359.00,1212.50,8.00,21.00,0.0000,285.59,0,0,0.0000,NOT_RUN,0,187,1875,0,2,100,12,0,0,0,0
26,0,1,0,NEGATIVE_PEAK,-2.5882,1.0714,-15,-12,-2,0.4000,73.50,1219.50,15.00,17.00,369.50,1203.50,9.00,23.00,0.0000,296.43,0,0,0.0000,NOT_RUN,0,205,3037,0,2,100,15,0,0,0,0
27,0,1,0,NEGATIVE_PEAK,-2.5906,1.0714,-15,-12,-2,0.4000,73.50,1219.50,15.00,17.00,378.50,1195.00,9.00,22.00,0.0000,305.98,0,0,0.0000,NOT_RUN,0,205,2653,0,2,100,15,0,0,0,0
28,0,1,0,NEGATIVE_PEAK,-2.5880,1.0714,-15,-12,-2,0.4000,73.50,1219.50,15.00,17.00,387.00,1186.50,8.00,23.00,0.0000,315.23,0,0,0.0000,NOT_RUN,0,205,2317,0,2,100,15,0,0,0,0
29,0,1,0,NEGATIVE_PEAK,-2.1214,1.0000,-36,1,-1,0.8889,73.50,1219.50,15.00,17.00,396.50,1176.50,9.00,25.00,0.0000,325.85,0,0,0.0000,NOT_RUN,0,750,2822,0,2,100,36,0,0,0,0
30,0,1,0,NEGATIVE_PEAK,-2.1212,1.0000,-36,1,-1,0.8889,73.50,1219.50,15.00,17.00,406.50,1169.00,9.00,22.00,0.0000,336.81,0,0,0.0000,NOT_RUN,0,750,2473,0,2,100,36,0,0,0,0
31,0,1,0,NEGATIVE_PEAK,-3.6825,1.2727,-14,-10,0,0.0714,73.50,1219.50,15.00,17.00,418.50,1159.00,9.00,22.00,0.0000,350.26,0,0,0.0000,NOT_RUN,0,127,1558,0,2,100,14,0,0,0,0
32,0,1,0,NEGATIVE_PEAK,-4.0953,1.2222,-11,-10,0,0.2727,73.50,1219.50,15.00,17.00,431.50,1149.50,9.00,21.00,0.0000,364.78,0,0,0.0000,NOT_RUN,0,95,72,0,2,100,11,0,0,0,0
33,0,1,0,NEGATIVE_PEAK,-2.7446,1.1250,-9,-11,-4,0.4444,73.50,1219.50,15.00,17.00,442.00,1141.50,10.00,21.00,0.0000,376.66,0,0,0.0000,NOT_RUN,0,113,1309,0,2,100,9,0,0,0,0
34,0,1,0,NEGATIVE_PEAK,-2.5631,1.0000,-4,8,-1,0.0000,73.50,1219.50,15.00,17.00,448.00,1134.50,10.00,21.00,0.0000,384.03,0,0,0.0000,NOT_RUN,0,58,6868,0,2,100,4,0,0,0,0
35,0,1,0,NEGATIVE_PEAK,-2.8786,1.2500,-5,-10,-1,0.0000,73.50,1219.50,15.00,17.00,451.50,1130.50,11.00,25.00,0.0000,388.34,0,0,0.0000,NOT_RUN,0,67,9417,0,2,100,5,0,0,0,0
36,0,1,0,NEGATIVE_PEAK,-3.2349,1.4000,-7,-2,-1,0.7143,73.50,1219.50,15.00,17.00,457.00,1125.00,12.00,22.00,0.0000,394.97,0,0,0.0000,NOT_RUN,0,73,16893,0,2,100,7,0,0,0,0
37,0,1,0,NEGATIVE_PEAK,-5.0880,1.3333,-4,-9,-1,0.2500,73.50,1219.50,15.00,17.00,461.50,1120.00,11.00,22.00,0.0000,400.55,0,0,0.0000,NOT_RUN,0,21,13581,0,2,100,4,0,0,0,0
38,0,1,0,NEGATIVE_PEAK,-3.2968,1.2500,-5,26,-1,0.6000,73.50,1219.50,15.00,17.00,466.00,1115.00,12.00,22.00,0.0000,406.17,0,0,0.0000,NOT_RUN,0,54,18047,0,2,100,5,0,0,0,0
39,0,1,0,NEGATIVE_PEAK,-4.4381,1.0000,-3,3,-1,0.6667,73.50,1219.50,15.00,17.00,470.00,1110.00,12.00,20.00,0.0000,411.34,0,0,0.0000,NOT_RUN,0,19,13216,0,2,100,4,0,0,0,0
40,0,1,0,NEGATIVE_PEAK,-2.7349,1.0000,-2,0,0,1.0000,73.50,1219.50,15.00,17.00,473.00,1106.50,12.00,21.00,0.0000,415.17,0,0,0.0000,NOT_RUN,0,12,12305,0,2,100,3,0,0,0,0
41,0,1,0,NEGATIVE_PEAK,-1.1368,1.0000,-1,0,0,1.0000,73.50,1219.50,15.00,17.00,473.50,1104.50,11.00,21.00,0.0000,416.20,0,0,0.0000,NOT_RUN,0,5,11773,0,2,100,1,0,0,0,0
42,0,1,0,NEGATIVE_PEAK,-1.1403,1.0000,-1,0,0,1.0000,73.50,1219.50,15.00,17.00,473.00,1102.00,14.00,20.00,0.0000,416.42,0,0,0.0000,NOT_RUN,0,6,10942,0,2,100,1,0,0,0,0
43,0,1,0,NEGATIVE_PEAK,-1.1201,1.0000,-1,0,0,1.0000,73.50,1219.50,15.00,17.00,470.00,1100.50,12.00,21.00,0.0000,413.97,0,0,0.0000,NOT_RUN,0,9,10094,0,2,100,1,0,0,0,0
44,0,1,0,NEGATIVE_PEAK,-2.6881,1.0000,-2,0,0,1.0000,73.50,1219.50,15.00,17.00,466.50,1099.50,11.00,21.00,0.0000,410.91,0,0,0.0000,NOT_RUN,0,12,7794,0,2,100,3,0,0,0,0
45,0,1,0,NEGATIVE_PEAK,-4.2985,1.5000,-3,26,-1,0.3333,73.50,1219.50,15.00,17.00,462.00,1096.00,10.00,18.00,0.0000,407.66,0,0,0.0000,NOT_RUN,0,15,3948,0,2,100,3,0,0,0,0
46,0,1,0,NEGATIVE_PEAK,-4.7135,1.3333,-4,0,-1,0.7500,73.50,1219.50,15.00,17.00,458.00,1095.50,12.00,19.00,0.0000,404.00,0,0,0.0000,NOT_RUN,0,20,6533,0,2,100,4,0,0,0,0
47,0,1,0,NEGATIVE_PEAK,-3.6257,1.0000,-3,17,0,0.3333,73.50,1219.50,15.00,17.00,456.50,1093.50,11.00,19.00,0.0000,403.19,0,0,0.0000,NOT_RUN,0,20,1804,0,2,100,4,0,0,0,0
48,0,1,0,NEGATIVE_PEAK,-3.9894,1.0000,-3,3,-1,0.3333,73.50,1219.50,15.00,17.00,456.50,1089.00,11.00,18.00,0.0000,404.62,0,0,0.0000,NOT_RUN,0,11,1951,0,2,100,4,0,0,0,0
49,0,1,0,NEGATIVE_PEAK,-4.2059,1.0000,-3,18,0,0.6667,73.50,1219.50,15.00,17.00,454.00,1084.50,12.00,21.00,0.0000,403.74,0,0,0.0000,NOT_RUN,0,13,2481,0,2,100,4,0,0,0,0
50,0,1,0,NEGATIVE_PEAK,-3.9685,1.5000,-3,0,-1,0.6667,73.50,1219.50,15.00,17.00,453.50,1079.50,13.00,21.00,0.0000,404.97,0,0,0.0000,NOT_RUN,0,19,2730,0,2,100,4,0,0,0,0
51,0,1,0,NEGATIVE_PEAK,-5.6174,1.3333,-4,-1,-1,0.7500,73.50,1219.50,15.00,17.00,451.50,1074.50,11.00,21.00,0.0000,404.86,0,0,0.0000,NOT_RUN,0,13,4043,0,2,100,4,0,0,0,0
52,0,1,0,NEGATIVE_PEAK,-5.8072,1.2500,-5,-1,0,0.6000,73.50,1219.50,15.00,17.00,453.00,1067.00,12.00,22.00,0.0000,408.99,0,0,0.0000,NOT_RUN,0,14,3313,0,2,100,5,0,0,0,0
53,0,1,0,NEGATIVE_PEAK,-5.7569,1.2500,-5,-1,0,0.6000,73.50,1219.50,15.00,17.00,453.00,1061.50,14.00,21.00,0.0000,411.08,0,0,0.0000,NOT_RUN,0,14,3312,0,2,100,5,0,0,0,0
54,0,1,0,NEGATIVE_PEAK,-5.0372,1.3333,-4,0,-1,0.7500,73.50,1219.50,15.00,17.00,452.50,1056.00,13.00,16.00,0.0000,412.76,0,0,0.0000,NOT_RUN,0,16,2969,0,2,100,4,0,0,0,0
55,0,1,0,NEGATIVE_PEAK,-3.3689,1.2500,-5,0,-1,0.8000,73.50,1219.50,15.00,17.00,451.50,1051.50,11.00,19.00,0.0000,413.65,0,0,0.0000,NOT_RUN,0,55,3637,0,2,100,5,0,0,0,0
56,0,1,0,NEGATIVE_PEAK,-3.1221,1.2000,-6,-18,-7,0.1667,73.50,1219.50,15.00,17.00,450.50,1045.50,13.00,21.00,0.0000,415.22,0,0,0.0000,NOT_RUN,0,62,4922,0,2,100,6,0,0,0,0
57,0,1,0,NEGATIVE_PEAK,-3.5755,1.0000,-4,9,-1,0.2500,73.50,1219.50,15.00,17.00,449.00,1039.00,10.00,20.00,0.0000,416.63,0,0,0.0000,NOT_RUN,0,27,7457,0,2,100,4,0,0,0,0
58,0,1,0,NEGATIVE_PEAK,-1.9078,1.0000,-7,0,-18,0.4286,73.50,1219.50,15.00,17.00,446.00,1034.50,12.00,21.00,0.0000,415.91,0,0,0.0000,NOT_RUN,0,154,10518,0,2,100,7,0,0,0,0
59,0,1,0,NEGATIVE_PEAK,-2.4064,1.1111,-10,1,-1,0.7000,73.50,1219.50,15.00,17.00,442.50,1031.50,11.00,23.00,0.0000,414.13,0,0,0.0000,NOT_RUN,0,175,11039,0,2,100,10,0,0,0,0
60,0,1,0,NEGATIVE_PEAK,-2.8065,1.1429,-8,-9,-1,0.1250,73.50,1219.50,15.00,17.00,438.00,1027.00,12.00,24.00,0.0000,412.21,0,0,0.0000,NOT_RUN,0,113,10708,0,2,100,8,0,0,0,0
61,0,1,0,NEGATIVE_PEAK,-2.4232,1.1250,-18,-8,-1,0.4444,73.50,1219.50,15.00,17.00,435.50,1020.50,13.00,21.00,0.0000,413.09,0,0,0.0000,NOT_RUN,0,320,11998,0,2,100,18,0,0,0,0
62,0,1,0,NEGATIVE_PEAK,-2.8638,1.2000,-6,-4,-1,0.8333,73.50,1219.50,15.00,17.00,433.00,1016.00,12.00,20.00,0.0000,413.10,0,0,0.0000,NOT_RUN,0,78,9390,0,2,100,6,0,0,0,0
63,0,1,0,LOW_PSR,3.1448,1.0000,8,2,-17,0.8750,73.50,1219.50,15.00,17.00,430.00,1012.50,14.00,23.00,0.0000,412.24,0,0,0.0000,NOT_RUN,0,107,9647,0,2,100,9,0,0,0,0
64,0,1,0,NEGATIVE_PEAK,-3.7450,1.0000,-5,11,-1,0.6000,73.50,1219.50,15.00,17.00,425.50,1006.00,11.00,20.00,0.0000,411.69,0,0,0.0000,NOT_RUN,0,43,6653,0,2,100,6,0,0,0,0
65,0,1,0,NEGATIVE_PEAK,-3.4910,1.3333,-4,-2,-1,0.7500,73.50,1219.50,15.00,17.00,425.00,1002.50,14.00,21.00,0.0000,413.09,0,0,0.0000,NOT_RUN,0,36,5425,0,2,100,4,0,0,0,0
66,0,1,0,NEGATIVE_PEAK,-2.7507,1.5000,-3,26,-1,0.3333,73.50,1219.50,15.00,17.00,426.50,998.00,13.00,24.00,0.0000,416.74,0,0,0.0000,NOT_RUN,0,39,7601,0,2,100,3,0,0,0,0
67,0,1,0,NEGATIVE_PEAK,-2.8347,1.0000,-2,0,-1,0.5000,73.50,1219.50,15.00,17.00,425.00,994.00,12.00,20.00,0.0000,417.62,0,0,0.0000,NOT_RUN,0,11,3720,0,2,100,2,0,0,0,0
68,0,1,0,NEGATIVE_PEAK,-2.8342,1.0000,-2,0,-1,0.5000,73.50,1219.50,15.00,17.00,425.50,988.50,13.00,23.00,0.0000,421.03,0,0,0.0000,NOT_RUN,0,11,3256,0,2,100,2,0,0,0,0
69,0,1,0,NEGATIVE_PEAK,-2.1426,1.0000,-1,0,0,1.0000,73.50,1219.50,15.00,17.00,426.50,985.00,9.00,20.00,0.0000,423.79,0,0,0.0000,NOT_RUN,0,1,3192,0,2,100,1,0,0,0,0
70,0,1,0,NEGATIVE_PEAK,-2.8344,1.0000,-2,0,-1,0.5000,73.50,1219.50,15.00,17.00,426.00,979.50,12.00,23.00,0.0000,426.45,0,0,0.0000,NOT_RUN,0,12,2442,0,2,100,2,0,0,0,0
71,0,1,0,NEGATIVE_PEAK,-2.8344,1.0000,-2,0,-1,0.5000,73.50,1219.50,15.00,17.00,425.00,977.00,12.00,22.00,0.0000,427.03,0,0,0.0000,NOT_RUN,0,12,2137,0,2,100,2,0,0,0,0
72,0,1,0,NEGATIVE_PEAK,-1.5063,1.0000,-1,0,0,1.0000,73.50,1219.50,15.00,17.00,425.50,973.00,11.00,22.00,0.0000,429.73,0,0,0.0000,NOT_RUN,0,2,1864,0,2,100,1,0,0,0,0
73,0,1,0,NEGATIVE_PEAK,-1.5063,1.0000,-1,0,0,1.0000,73.50,1219.50,15.00,17.00,421.00,970.00,8.00,20.00,0.0000,427.79,0,0,0.0000,NOT_RUN,0,2,1624,0,2,100,1,0,0,0,0
74,0,1,0,NEGATIVE_PEAK,-1.5063,1.0000,-1,0,0,1.0000,73.50,1219.50,15.00,17.00,416.50,966.00,9.00,24.00,0.0000,426.51,0,0,0.0000,NOT_RUN,0,2,1417,0,2,100,1,0,0,0,0
75,0,1,0,NEGATIVE_PEAK,-2.8344,1.0000,-2,0,-1,0.5000,73.50,1219.50,15.00,17.00,413.50,963.00,11.00,26.00,0.0000,425.90,0,0,0.0000,NOT_RUN,0,12,1242,0,2,100,2,0,0,0,0
76,0,1,0,NEGATIVE_PEAK,-4.4804,1.2500,-5,9,-1,0.0000,73.50,1219.50,15.00,17.00,409.50,960.50,11.00,25.00,0.0000,424.24,0,0,0.0000,NOT_RUN,0,39,4250,0,2,100,5,0,0,0,0
77,0,1,0,NEGATIVE_PEAK,-3.6216,1.0000,-4,9,-1,0.0000,73.50,1219.50,15.00,17.00,404.00,958.00,12.00,26.00,0.0000,421.44,0,0,0.0000,NOT_RUN,0,37,1015,0,2,100,4,0,0,0,0
78,0,1,0,NEGATIVE_PEAK,-2.1974,1.0714,-15,14,-1,0.0667,73.50,1219.50,15.00,17.00,400.50,956.50,11.00,25.00,0.0000,419.64,0,0,0.0000,NOT_RUN,0,293,1358,0,2,100,15,0,0,0,0
79,0,1,0,NEGATIVE_PEAK,-2.0904,1.1579,-22,-10,-2,0.8182,73.50,1219.50,15.00,17.00,394.00,954.00,12.00,28.00,0.0000,416.19,0,0,0.0000,NOT_RUN,0,466,971,0,2,100,22,0,0,0,0
80,0,1,0,NEGATIVE_PEAK,-2.0715,1.0000,-11,-16,-1,0.0909,73.50,1219.50,15.00,17.00,386.50,955.00,9.00,22.00,0.0000,409.79,0,0,0.0000,NOT_RUN,0,227,198,0,2,100,11,0,0,0,0
81,0,1,0,NEGATIVE_PEAK,-2.2057,1.0000,-8,14,-1,0.3750,73.50,1219.50,15.00,17.00,379.00,949.50,10.00,19.00,0.0000,407.71,0,0,0.0000,NOT_RUN,0,151,631,0,2,100,8,0,0,0,0
82,0,1,0,NEGATIVE_PEAK,-2.8109,1.0000,-4,-27,0,0.2500,73.50,1219.50,15.00,17.00,373.00,950.00,12.00,24.00,0.0000,402.90,0,0,0.0000,NOT_RUN,0,53,654,0,2,100,4,0,0,0,0
83,0,1,0,NEGATIVE_PEAK,-2.8955,1.0000,-4,-25,-1,0.7500,73.50,1219.50,15.00,17.00,370.00,947.50,8.00,23.00,0.0000,402.36,0,0,0.0000,NOT_RUN,0,52,684,0,2,100,4,0,0,0,0
84,0,1,0,NEGATIVE_PEAK,-5.2088,1.0000,-4,15,-1,0.5000,73.50,1219.50,15.00,17.00,365.00,945.50,10.00,23.00,0.0000,400.06,0,0,0.0000,NOT_RUN,0,24,704,0,2,100,4,0,0,0,0
85,0,1,0,NEGATIVE_PEAK,-2.3915,1.1429,-8,-16,-1,0.2500,73.50,1219.50,15.00,17.00,360.00,942.00,12.00,26.00,0.0000,398.86,0,0,0.0000,NOT_RUN,0,141,1215,0,2,100,8,0,0,0,0
86,0,1,0,NEGATIVE_PEAK,-2.1624,1.1111,-10,-13,-1,0.3000,73.50,1219.50,15.00,17.00,355.50,938.00,13.00,24.00,0.0000,398.45,0,0,0.0000,NOT_RUN,0,198,1230,0,2,100,10,0,0,0,0
87,0,1,0,NEGATIVE_PEAK,-4.3590,1.0000,-4,8,-1,0.2500,73.50,1219.50,15.00,17.00,355.50,933.00,11.00,22.00,0.0000,402.00,0,0,0.0000,NOT_RUN,0,19,943,0,2,100,4,0,0,0,0
88,0,1,0,NEGATIVE_PEAK,-3.4183,1.0000,-4,0,0,1.0000,73.50,1219.50,15.00,17.00,355.50,929.00,9.00,26.00,0.0000,404.86,0,0,0.0000,NOT_RUN,0,38,633,0,2,100,5,0,0,0,0
89,0,1,0,NEGATIVE_PEAK,-2.4949,1.1667,-7,-22,-1,0.8571,73.50,1219.50,15.00,17.00,353.00,924.00,12.00,28.00,0.0000,406.74,0,0,0.0000,NOT_RUN,0,116,486,0,2,100,7,0,0,0,0
90,0,1,0,NEGATIVE_PEAK,-3.7736,1.0000,-5,0,0,1.0000,73.50,1219.50,15.00,17.00,349.50,920.50,9.00,23.00,0.0000,406.91,0,0,0.0000,NOT_RUN,0,49,978,0,2,100,5,0,0,0,0
91,0,1,0,NEGATIVE_PEAK,-3.2653,1.0000,-7,22,17,0.1429,73.50,1219.50,15.00,17.00,344.50,918.00,9.00,24.00,0.0000,405.39,0,0,0.0000,NOT_RUN,0,58,747,0,2,100,7,0,0,0,0
92,0,1,0,NEGATIVE_PEAK,-3.1977,1.1111,-10,4,-1,0.5000,73.50,1219.50,15.00,17.00,339.50,913.00,9.00,20.00,0.0000,405.83,0,0,0.0000,NOT_RUN,0,71,1314,0,2,100,10,0,0,0,0
93,0,1,0,NEGATIVE_PEAK,-4.6907,1.1000,-11,7,0,0.3636,73.50,1219.50,15.00,17.00,336.50,909.50,9.00,21.00,0.0000,406.53,0,0,0.0000,NOT_RUN,0,54,2462,0,2,100,11,0,0,0,0
94,0,1,0,NEGATIVE_PEAK,-4.8856,1.3636,-30,9,-2,0.1333,73.50,1219.50,15.00,17.00,335.00,907.50,8.00,23.00,0.0000,407.09,0,0,0.0000,NOT_RUN,0,126,1495,0,2,100,30,0,0,0,0
95,0,1,1,ACCEPT,4.5463,1.0571,37,13,-4,0.0000,79.59,1217.38,14.42,16.35,332.50,901.50,7.00,23.00,0.0000,404.65,1,-1,2.5900,ACCEPT,0,136,1180,7181,2,100,37,0,0,0,0
96,0,1,0,NEGATIVE_PEAK,-4.8658,1.4483,-42,-10,16,0.3095,79.59,1217.38,14.42,16.35,331.00,896.50,8.00,25.00,0.0000,407.63,0,0,0.0000,NOT_RUN,0,205,1925,0,2,100,42,0,0,0,0
97,0,1,0,NEGATIVE_PEAK,-4.0662,1.2083,-29,-3,-19,0.2759,79.59,1217.38,14.42,16.35,330.50,891.50,7.00,23.00,0.0000,411.28,0,0,0.0000,NOT_RUN,0,176,1420,0,2,100,29,0,0,0,0
98,0,1,0,NEGATIVE_PEAK,-3.9321,1.3214,-37,10,21,0.2162,79.59,1217.38,14.42,16.35,331.00,885.50,8.00,27.00,0.0000,416.35,0,0,0.0000,NOT_RUN,0,272,2251,0,2,100,37,0,0,0,0
99,0,1,0,NEGATIVE_PEAK,-4.4480,1.0930,-47,7,22,0.2766,79.59,1217.38,14.42,16.35,332.50,881.50,7.00,27.00,0.0000,420.44,0,0,0.0000,NOT_RUN,0,307,2489,0,2,100,47,0,0,0,0
100,0,1,0,NEGATIVE_PEAK,-6.1454,1.5429,-54,11,9,0.5185,79.59,1217.38,14.42,16.35,334.50,873.50,9.00,27.00,0.0000,428.05,0,0,0.0000,NOT_RUN,0,147,2207,0,2,100,54,0,0,0,0
101,0,1,0,NEGATIVE_PEAK,-3.8572,1.1818,-39,11,8,0.6154,79.59,1217.38,14.42,16.35,336.00,865.00,8.00,28.00,0.0000,435.79,0,0,0.0000,NOT_RUN,0,285,2129,0,2,100,39,0,0,0,0
102,0,1,0,NEGATIVE_PEAK,-6.4598,1.3000,-52,9,13,0.0192,79.59,1217.38,14.42,16.35,335.50,861.00,7.00,26.00,0.0000,438.74,0,0,0.0000,NOT_RUN,0,156,2234,0,2,100,52,0,0,0,0
103,0,1,0,NEGATIVE_PEAK,-5.8456,1.5152,-50,5,16,0.4400,79.59,1217.38,14.42,16.35,335.50,853.50,9.00,27.00,0.0000,444.85,0,0,0.0000,NOT_RUN,0,159,1996,0,2,100,50,0,0,0,0
104,0,1,0,NEGATIVE_PEAK,-4.0880,1.2000,-42,2,20,0.2143,79.59,1217.38,14.42,16.35,333.00,846.00,10.00,28.00,0.0000,449.59,0,0,0.0000,NOT_RUN,0,175,1709,0,2,100,42,0,0,0,0
105,0,1,0,NEGATIVE_PEAK,-3.9153,1.1316,-43,6,-2,0.3953,79.59,1217.38,14.42,16.35,331.50,839.50,9.00,27.00,0.0000,454.14,0,0,0.0000,NOT_RUN,0,212,1038,0,2,100,43,0,0,0,0
106,0,1,1,ACCEPT,5.3165,1.2143,51,12,-12,0.4118,85.03,1211.19,14.42,16.35,332.50,831.50,7.00,25.00,0.0000,453.21,1,0,3.0066,ACCEPT,0,175,973,6756,2,100,51,0,0,0,0
107,0,1,1,ACCEPT,8.3817,1.2785,101,3,1,0.3762,86.39,1211.70,14.42,16.35,335.00,824.00,8.00,26.00,0.0000,460.57,1,0,2.9251,ACCEPT,0,196,1059,5340,2,100,101,0,0,0,0
108,0,1,1,ACCEPT,8.4546,1.3788,91,7,2,0.6484,89.56,1212.73,14.42,16.35,338.00,816.00,8.00,26.00,0.0000,468.10,1,0,2.9783,ACCEPT,0,161,1064,5804,2,100,91,0,0,0,0
109,0,1,1,ACCEPT,9.4130,1.4691,119,-4,0,0.0840,87.75,1212.73,14.42,16.35,341.50,808.50,9.00,25.00,0.0000,477.28,1,0,3.1642,ACCEPT,0,211,1787,3766,2,100,119,0,0,0,0
110,0,1,1,ACCEPT,10.6529,1.4886,131,0,3,0.2443,87.75,1214.28,14.42,16.35,343.00,801.00,10.00,26.00,0.0000,485.75,1,0,3.1266,ACCEPT,0,187,1092,5606,2,100,131,0,0,0,0
111,0,1,1,ACCEPT,9.5905,1.3168,133,-4,3,0.4286,85.94,1215.83,14.42,16.35,344.50,793.50,9.00,29.00,0.0000,495.19,1,0,3.1148,ACCEPT,0,197,1208,4339,2,100,133,0,0,0,0
112,0,1,1,ACCEPT,10.9366,1.5288,159,0,4,0.0126,85.94,1217.89,14.42,16.35,344.50,789.00,9.00,24.00,0.0000,500.80,1,0,3.1934,ACCEPT,0,205,1173,5203,2,100,159,0,0,0,0
113,0,1,1,ACCEPT,12.0743,1.6364,198,0,7,0.1263,85.94,1221.50,14.42,16.35,342.50,781.00,11.00,28.00,0.0000,509.77,1,0,3.2242,ACCEPT,0,251,1201,5043,2,100,198,0,0,0,0
114,0,1,1,ACCEPT,11.3399,1.6418,220,3,8,0.0227,87.30,1225.62,14.42,16.35,341.50,774.50,11.00,29.00,0.0000,517.82,1,0,3.1066,ACCEPT,0,290,1146,5130,2,100,220,0,0,0,0
115,0,1,1,ACCEPT,11.9768,1.7071,239,-1,9,0.1046,86.84,1230.27,14.42,16.35,338.50,769.00,11.00,26.00,0.0000,525.45,1,0,3.2083,ACCEPT,0,297,1122,5325,2,100,239,0,0,0,0
116,0,1,1,ACCEPT,8.8022,1.6154,147,-5,10,0.2721,84.58,1235.42,14.42,16.35,334.00,763.50,12.00,25.00,0.0000,533.78,1,0,3.0435,ACCEPT,0,256,1118,5366,2,100,147,0,0,0,0
117,0,1,1,ACCEPT,8.6510,1.6163,139,-5,12,0.3237,82.31,1241.61,14.42,16.35,328.50,757.50,9.00,23.00,0.0000,543.11,1,0,3.0903,ACCEPT,0,243,1112,6546,2,100,139,0,0,0,0
118,0,1,1,ACCEPT,9.0872,1.8864,166,-3,10,0.1265,80.95,1246.77,14.42,16.35,322.50,754.00,13.00,26.00,0.0000,548.78,1,0,3.1750,ACCEPT,0,302,694,9938,2,100,166,0,0,0,0
119,0,1,1,ACCEPT,7.6003,1.5400,154,-6,14,0.3377,78.23,1253.98,14.42,16.35,317.50,749.50,11.00,25.00,0.0000,558.35,1,0,3.1068,ACCEPT,0,317,770,8193,2,100,154,0,0,0,0
120,0,1,1,ACCEPT,7.9318,1.4821,166,-6,12,0.2169,75.52,1260.17,14.42,16.35,310.50,745.00,13.00,30.00,0.0000,566.23,1,0,3.1523,ACCEPT,0,298,819,8478,2,100,166,0,0,0,0
121,0,1,1,ACCEPT,8.8029,1.6000,192,-7,13,0.2812,72.34,1266.88,14.42,16.35,303.00,742.50,12.00,25.00,0.0000,572.86,1,0,3.1864,ACCEPT,0,305,752,8612,2,100,192,0,0,0,0
122,0,1,1,ACCEPT,8.2905,1.5859,203,0,14,0.0936,72.34,1274.09,14.42,16.35,295.00,737.00,14.00,26.00,0.0000,581.42,1,0,3.2387,ACCEPT,0,352,540,11505,2,100,203,0,0,0,0
123,0,1,0,NEGATIVE_PEAK,-5.9941,1.0379,-137,-7,-7,0.1241,72.34,1274.09,14.42,16.35,287.50,732.00,13.00,24.00,0.0000,583.23,0,0,0.0000,NOT_RUN,0,371,631,0,2,100,137,0,0,0,0
124,0,1,0,NEGATIVE_PEAK,-5.9656,1.0909,-144,0,-13,0.6250,72.34,1274.09,14.42,16.35,280.00,725.00,16.00,26.00,0.0000,587.05,0,0,0.0000,NOT_RUN,0,503,842,0,2,100,144,0,0,0,0
125,0,1,0,NEGATIVE_PEAK,-6.9450,1.6161,-181,6,-1,0.1381,72.34,1274.09,14.42,16.35,276.00,722.00,16.00,26.00,0.0000,588.46,0,0,0.0000,NOT_RUN,0,615,957,0,2,100,181,0,0,0,0
126,0,1,0,NEGATIVE_PEAK,-5.6989,1.1746,-148,4,4,0.2027,72.34,1274.09,14.42,16.35,270.50,718.00,15.00,24.00,0.0000,590.34,0,0,0.0000,NOT_RUN,0,392,1182,0,2,100,148,0,0,0,0
127,0,1,0,NEGATIVE_PEAK,-3.6325,1.0390,-80,1,-1,0.7625,72.34,1274.09,14.42,16.35,266.00,714.00,18.00,22.00,0.0000,592.63,0,0,0.0000,NOT_RUN,0,710,810,0,2,100,80,0,0,0,0
128,0,1,1,ACCEPT,4.0713,1.1250,108,-7,7,0.0185,69.17,1277.70,14.42,16.35,261.50,710.00,17.00,20.00,0.0000,599.40,1,14,1.1320,MAX_STEP,0,681,1704,5684,2,100,108,0,0,0,0
129,0,1,0,NEGATIVE_PEAK,-7.9370,1.8750,-165,-6,0,0.4424,69.17,1277.70,14.42,16.35,257.50,707.00,17.00,20.00,0.0000,600.97,0,0,0.0000,NOT_RUN,0,345,2581,0,2,100,165,0,0,0,0
130,0,1,1,ACCEPT,4.2540,1.1343,76,-13,-17,0.1842,63.28,1268.94,14.42,16.35,254.00,702.00,18.00,20.00,0.0000,598.16,1,5,1.4023,MAX_STEP,0,369,3513,1050,2,100,76,0,0,0,0
131,0,1,1,ACCEPT,5.9032,1.1143,78,18,-8,0.3077,71.44,1264.81,14.42,16.35,252.00,700.00,20.00,20.00,0.0000,592.97,1,-5,2.2207,MAX_STEP,0,184,1331,4579,2,100,78,0,0,0,0
132,0,1,1,ACCEPT,6.8702,1.2617,135,1,-3,0.2889,71.89,1263.27,14.42,16.35,248.50,697.00,19.00,20.00,0.0000,593.17,1,5,1.3750,MAX_STEP,0,260,2260,3467,2,100,135,0,0,0,0
133,0,1,1,ACCEPT,4.8162,1.0417,150,-4,-11,0.6933,70.08,1257.59,14.42,16.35,246.00,693.50,20.00,19.00,0.0000,590.89,1,0,2.8100,ACCEPT,0,546,2346,3269,2,100,150,0,0,0,0
134,0,1,0,NEGATIVE_PEAK,-6.0285,1.0860,-303,-1,-11,0.8251,70.08,1257.59,14.42,16.35,244.00,689.50,20.00,21.00,0.0000,594.12,0,0,0.0000,NOT_RUN,0,810,2042,0,2,100,303,0,0,0,0
135,0,1,0,NEGATIVE_PEAK,-9.4689,1.2353,-441,0,2,0.4807,70.08,1257.59,14.42,16.35,242.00,687.00,20.00,20.00,0.0000,595.93,0,0,0.0000,NOT_RUN,0,751,2976,0,2,100,441,0,0,0,0
136,0,1,0,NEGATIVE_PEAK,-7.0622,1.2851,-311,2,14,0.3859,70.08,1257.59,14.42,16.35,240.00,684.50,20.00,21.00,0.0000,597.75,0,0,0.0000,NOT_RUN,0,792,3863,0,2,100,311,0,0,0,0
137,0,1,1,ACCEPT,6.2063,1.1646,276,-8,-11,0.1051,66.45,1251.92,14.42,16.35,237.50,680.00,19.00,20.00,0.0000,596.95,1,0,2.7916,ACCEPT,0,636,3045,3790,2,100,276,0,0,0,0
138,0,1,1,ACCEPT,7.8072,1.4677,273,-3,10,0.0403,65.09,1257.08,14.42,16.35,235.00,676.50,18.00,21.00,0.0000,604.93,1,0,2.8782,ACCEPT,0,631,1599,5297,2,100,273,0,0,0,0
139,0,1,0,NEGATIVE_PEAK,-6.1234,1.1142,-322,14,10,0.1770,65.09,1257.08,14.42,16.35,232.50,672.50,17.00,21.00,0.0000,608.08,0,0,0.0000,NOT_RUN,0,770,988,0,2,100,322,0,0,0,0
140,0,1,1,ACCEPT,8.2000,1.6473,425,5,7,0.0024,67.36,1260.69,14.42,16.35,230.00,667.00,18.00,22.00,0.0000,615.56,1,4,1.6610,MAX_STEP,0,886,1189,7507,2,100,425,0,0,0,0
141,0,1,1,ACCEPT,7.9945,1.4175,438,1,9,0.1324,67.81,1265.33,14.42,16.35,228.00,662.00,18.00,22.00,0.0000,624.23,1,0,3.3781,ACCEPT,0,935,2189,3054,2,100,438,0,0,0,0
142,0,1,1,ACCEPT,6.9823,1.3417,322,8,-18,0.3696,71.44,1256.05,15.00,17.00,226.50,656.00,17.00,20.00,0.0000,619.76,1,1,2.1578,ACCEPT,0,424,2987,4818,2,100,322,0,0,0,0
143,0,1,0,NEGATIVE_PEAK,-8.0494,1.0605,-456,-9,8,0.0439,71.44,1256.05,15.00,17.00,226.00,649.50,18.00,19.00,0.0000,625.93,0,0,0.0000,NOT_RUN,0,604,2662,0,2,100,456,0,0,0,0
144,0,1,0,NEGATIVE_PEAK,-8.5590,1.1903,-394,-12,12,0.0355,71.44,1256.05,15.00,17.00,225.50,643.00,19.00,22.00,0.0000,632.11,0,0,0.0000,NOT_RUN,0,612,2938,0,2,100,394,0,0,0,0
145,0,1,0,NEGATIVE_PEAK,-4.7192,1.0781,-138,-18,16,0.4058,71.44,1256.05,15.00,17.00,225.50,637.00,19.00,22.00,0.0000,637.93,0,0,0.0000,NOT_RUN,0,431,2548,0,2,100,138,0,0,0,0
146,0,1,1,ACCEPT,6.0450,1.1256,251,9,7,0.2151,75.66,1259.77,15.00,17.00,226.00,630.00,18.00,22.00,0.0000,647.46,1,0,2.7808,ACCEPT,0,572,3395,2026,2,100,251,0,0,0,0
147,0,1,1,ACCEPT,4.9726,1.0136,298,15,10,0.2584,82.69,1265.08,15.00,17.00,226.00,622.50,18.00,21.00,0.0000,658.37,1,0,3.1415,ACCEPT,0,898,3164,2630,2,100,298,0,0,0,0
148,0,1,1,ACCEPT,8.6569,1.4870,574,-2,5,0.5470,81.75,1267.73,15.00,17.00,225.00,614.50,18.00,21.00,0.0000,668.76,1,0,3.3322,ACCEPT,0,950,4285,3581,2,100,574,0,0,0,0
149,0,1,1,ACCEPT,9.3379,1.3903,748,-8,1,0.0709,78.00,1268.27,15.00,17.00,224.50,606.50,19.00,21.00,0.0000,677.79,1,0,3.2547,ACCEPT,0,1093,4929,3209,2,100,748,0,0,0,0
150,0,1,1,ACCEPT,10.4462,1.7313,696,-12,3,0.2830,72.38,1269.86,15.00,17.00,223.00,598.00,18.00,22.00,0.0000,688.54,1,0,3.3528,ACCEPT,0,909,4809,2457,2,100,696,0,0,0,0
151,0,1,1,ACCEPT,10.8508,1.5728,486,-15,0,0.0082,65.34,1269.86,15.00,17.00,222.50,591.00,17.00,22.00,0.0000,696.81,1,0,3.3943,ACCEPT,0,598,4841,2370,2,100,486,0,0,0,0
152,0,1,1,ACCEPT,11.8970,1.8451,524,-17,1,0.0401,57.38,1270.39,15.00,17.00,222.50,582.50,17.00,21.00,0.0000,707.43,1,0,3.3672,ACCEPT,0,639,3720,2774,2,100,524,0,0,0,0
153,0,1,1,ACCEPT,12.3694,1.9645,554,-16,3,0.0686,49.88,1271.98,15.00,17.00,220.50,574.50,17.00,19.00,0.0000,718.05,1,0,3.3548,ACCEPT,0,694,3051,3357,2,100,554,0,0,0,0
154,0,1,1,ACCEPT,13.7544,1.9967,613,-15,1,0.0897,42.84,1272.52,15.00,17.00,220.50,567.00,17.00,20.00,0.0000,727.54,1,0,3.3929,ACCEPT,0,712,2580,3758,2,100,613,0,0,0,0
155,0,1,1,ACCEPT,10.7461,1.6062,469,-15,1,0.1919,35.81,1273.05,15.00,17.00,219.50,559.50,19.00,23.00,0.0000,736.81,1,0,3.3968,ACCEPT,0,618,2650,3816,2,100,469,0,0,0,0
156,0,1,1,ACCEPT,9.8810,1.5225,609,-11,5,0.0197,30.66,1275.70,15.00,17.00,219.00,552.00,18.00,22.00,0.0000,747.81,1,0,3.4281,ACCEPT,0,865,1265,6951,2,100,609,0,0,0,0
157,0,1,1,ACCEPT,10.9230,1.5632,594,-9,5,0.0051,26.44,1278.36,15.00,17.00,219.50,545.00,19.00,20.00,0.0000,758.35,1,0,3.4136,ACCEPT,0,740,1714,6952,2,100,594,0,0,0,0
158,0,1,1,ACCEPT,7.9848,1.1965,414,-7,-9,0.0024,23.16,1273.58,15.00,17.00,221.50,539.50,19.00,21.00,0.0000,760.40,1,-6,1.8929,MAX_STEP,0,616,1101,8861,2,100,414,0,0,0,0
159,0,1,1,ACCEPT,8.7331,1.4908,404,-10,-1,0.1337,18.47,1273.05,15.00,17.00,222.00,533.50,20.00,21.00,0.0000,767.04,1,0,3.3778,ACCEPT,0,783,1281,6619,2,100,404,0,0,0,0
160,0,1,1,ACCEPT,10.1666,1.7278,292,-7,7,0.1267,15.19,1276.77,15.00,17.00,221.00,526.50,20.00,19.00,0.0000,777.98,1,0,3.1820,ACCEPT,0,505,1013,6026,2,100,292,0,0,0,0
161,0,1,0,NEGATIVE_PEAK,-6.3219,1.0519,-142,2,-8,0.5775,15.19,1276.77,15.00,17.00,223.00,521.50,18.00,19.00,0.0000,783.33,0,0,0.0000,NOT_RUN,0,310,1140,0,2,100,142,0,0,0,0
162,0,1,0,NEGATIVE_PEAK,-8.0382,1.1959,-177,-1,4,0.1073,15.19,1276.77,15.00,17.00,223.00,517.00,18.00,18.00,0.0000,787.67,0,0,0.0000,NOT_RUN,0,451,1151,0,2,100,177,0,0,0,0
163,0,1,1,ACCEPT,7.3949,1.2049,147,-7,-3,0.5102,11.91,1275.17,15.00,17.00,224.00,512.50,18.00,17.00,0.0000,791.61,1,-1,1.4942,LOW_CONF,0,398,806,4170,2,100,147,0,0,0,0
164,0,1,1,ACCEPT,5.6988,1.0519,142,-2,-2,0.1479,10.97,1274.11,15.00,17.00,224.50,508.50,19.00,19.00,0.0000,794.83,1,0,2.8372,ACCEPT,0,323,741,5109,2,100,142,0,0,0,0
165,0,1,1,ACCEPT,7.6043,1.4752,208,-2,-3,0.0385,10.03,1272.52,15.00,17.00,225.50,504.50,17.00,17.00,0.0000,797.67,1,0,2.8951,ACCEPT,0,356,665,8153,2,100,208,0,0,0,0
166,0,1,1,ACCEPT,7.6296,1.0814,239,-3,-1,0.0544,8.62,1271.98,15.00,17.00,226.00,501.00,18.00,18.00,0.0000,801.04,1,0,3.1787,ACCEPT,0,394,902,6928,2,100,239,0,0,0,0
167,0,1,1,ACCEPT,8.4296,1.2727,364,-6,11,0.2637,5.81,1277.83,15.00,17.00,226.00,496.50,20.00,19.00,0.0000,811.76,1,0,3.3402,ACCEPT,0,555,1034,6444,2,100,364,0,0,0,0
168,0,1,0,NEGATIVE_PEAK,-7.9237,1.2087,-498,0,2,0.5060,5.81,1277.83,15.00,17.00,229.00,493.00,20.00,20.00,0.0000,815.95,0,0,0.0000,NOT_RUN,0,912,1193,0,2,100,498,0,0,0,0
169,0,1,1,ACCEPT,11.2306,1.4834,313,-10,1,0.0064,1.12,1278.36,15.00,17.00,231.00,491.50,22.00,19.00,0.0000,819.75,1,0,3.4231,ACCEPT,0,402,777,4051,2,100,313,0,0,0,0
170,0,1,0,NEGATIVE_PEAK,-7.3080,1.4474,-55,-3,-13,0.3091,1.12,1278.36,15.00,17.00,233.50,486.50,21.00,17.00,0.0000,825.25,0,0,0.0000,NOT_RUN,0,106,955,0,2,100,55,0,0,0,0
171,0,1,0,NEGATIVE_PEAK,-7.1673,1.3077,-51,-1,0,0.9412,1.12,1278.36,15.00,17.00,236.50,486.00,19.00,18.00,0.0000,826.58,0,0,0.0000,NOT_RUN,0,111,585,0,2,100,51,0,0,0,0
172,0,1,1,ACCEPT,5.6926,1.0154,66,-5,-6,0.6212,-1.22,1275.17,15.00,17.00,240.50,483.50,19.00,19.00,0.0000,827.75,1,-10,0.8084,MAX_STEP,0,223,842,2844,2,100,66,0,0,0,0
173,0,1,0,NEGATIVE_PEAK,-7.2205,1.0449,-163,0,9,0.7423,-1.22,1275.17,15.00,17.00,243.00,481.00,20.00,20.00,0.0000,830.87,0,0,0.0000,NOT_RUN,0,298,3309,0,2,100,163,0,0,0,0
174,0,1,0,NEGATIVE_PEAK,-7.3962,1.3214,-37,5,-7,0.0541,-1.22,1275.17,15.00,17.00,247.00,478.50,20.00,19.00,0.0000,834.45,0,0,0.0000,NOT_RUN,0,81,5444,0,2,100,37,0,0,0,0
175,0,1,0,NEGATIVE_PEAK,-9.8008,1.4333,-43,-2,-5,0.0698,-1.22,1275.17,15.00,17.00,250.50,476.50,19.00,19.00,0.0000,837.40,0,0,0.0000,NOT_RUN,0,78,3801,0,2,100,43,0,0,0,0
176,0,1,0,NEGATIVE_PEAK,-6.8902,1.2750,-51,1,-3,0.8235,-1.22,1275.17,15.00,17.00,253.50,475.00,19.00,20.00,0.0000,839.74,0,0,0.0000,NOT_RUN,0,136,2437,0,2,100,51,0,0,0,0
177,0,1,1,ACCEPT,10.3975,1.3878,68,0,-5,0.3235,-1.22,1272.52,15.00,17.00,257.50,473.00,19.00,18.00,0.0000,840.33,1,0,3.2174,ACCEPT,0,122,2582,703,2,100,68,0,0,0,0
178,0,1,0,NEGATIVE_PEAK,-4.9503,1.1364,-25,14,0,0.0400,-1.22,1272.52,15.00,17.00,262.50,472.00,19.00,20.00,0.0000,842.84,0,0,0.0000,NOT_RUN,0,78,3784,0,2,100,25,0,0,0,0
179,0,1,1,ACCEPT,6.2204,1.1250,27,-3,-4,0.6667,-2.62,1270.39,15.00,17.00,265.50,469.50,19.00,19.00,0.0000,844.58,1,5,1.0385,MAX_STEP,0,75,5270,329,2,100,27,0,0,0,0
180,0,1,1,ACCEPT,3.9234,1.0417,25,13,10,0.3600,3.47,1275.70,15.00,17.00,268.50,469.00,19.00,20.00,0.0000,849.12,1,-5,1.7670,MAX_STEP,0,153,4836,401,2,100,25,0,0,0,0
181,0,1,0,NEGATIVE_PEAK,-5.5980,1.0000,-45,9,-1,0.6000,3.47,1275.70,15.00,17.00,270.00,468.00,20.00,20.00,0.0000,850.54,0,0,0.0000,NOT_RUN,0,134,3232,0,2,100,45,0,0,0,0
182,0,1,1,ACCEPT,6.0889,1.1282,44,-6,-10,0.1136,0.66,1270.39,15.00,17.00,271.50,467.00,19.00,20.00,0.0000,847.82,1,5,1.0246,MAX_STEP,0,119,2521,702,2,100,44,0,0,0,0
183,0,1,1,ACCEPT,7.4495,1.2889,58,3,-3,0.2414,2.06,1268.80,15.00,17.00,274.50,466.50,19.00,21.00,0.0000,847.29,1,0,3.2983,ACCEPT,0,133,2340,836,2,100,58,0,0,0,0
184,0,1,1,ACCEPT,8.8426,1.5778,71,-5,6,0.1549,-0.28,1271.98,15.00,17.00,278.00,467.00,18.00,20.00,0.0000,851.73,1,0,3.6263,ACCEPT,0,145,1763,1340,2,100,71,0,0,0,0
185,0,1,0,NEGATIVE_PEAK,-6.2306,1.0556,-38,10,0,0.8421,-0.28,1271.98,15.00,17.00,281.50,467.00,19.00,20.00,0.0000,852.88,0,0,0.0000,NOT_RUN,0,120,2968,0,2,100,38,0,0,0,0
186,0,1,0,NEGATIVE_PEAK,-4.6729,1.0196,-52,0,-10,0.6346,-0.28,1271.98,15.00,17.00,286.00,468.00,18.00,18.00,0.0000,853.43,0,0,0.0000,NOT_RUN,0,230,1222,0,2,100,52,0,0,0,0
187,0,1,0,NEGATIVE_PEAK,-5.8228,1.2857,-36,0,-14,0.3333,-0.28,1271.98,15.00,17.00,290.00,468.50,18.00,21.00,0.0000,854.31,0,0,0.0000,NOT_RUN,0,136,1486,0,2,100,36,0,0,0,0
188,0,1,0,NEGATIVE_PEAK,-6.4082,1.1000,-99,-5,1,0.6869,-0.28,1271.98,15.00,17.00,294.00,469.00,18.00,20.00,0.0000,855.21,0,0,0.0000,NOT_RUN,0,304,1161,0,2,100,99,0,0,0,0
189,0,1,1,ACCEPT,4.6203,1.0541,39,0,1,0.5641,-0.28,1272.52,15.00,17.00,296.00,472.00,16.00,20.00,0.0000,853.59,1,6,1.0080,MAX_STEP,0,170,532,3640,2,100,39,0,0,0,0
190,0,1,1,ACCEPT,7.6800,1.2609,29,12,-1,0.7241,5.34,1271.98,15.00,17.00,299.50,472.50,19.00,23.00,0.0000,851.88,1,1,1.8699,LOW_CONF,0,56,565,1566,2,100,29,0,0,0,0
191,0,1,1,ACCEPT,5.2283,1.0652,49,-12,-6,0.2653,-0.28,1268.80,15.00,17.00,299.50,474.00,15.00,20.00,0.0000,849.45,1,0,3.5082,ACCEPT,0,209,3110,390,2,100,49,0,0,0,0
192,0,1,0,NEGATIVE_PEAK,-4.8264,1.0000,-33,-5,6,0.3636,-0.28,1268.80,15.00,17.00,303.00,476.00,14.00,20.00,0.0000,848.83,0,0,0.0000,NOT_RUN,0,145,3691,0,2,100,33,0,0,0,0
193,0,1,0,NEGATIVE_PEAK,-8.9601,1.2375,-297,-2,-5,0.4613,-0.28,1268.80,15.00,17.00,305.50,477.50,13.00,19.00,0.0000,848.32,0,0,0.0000,NOT_RUN,0,779,2312,0,2,100,297,0,0,0,0
194,0,1,1,ACCEPT,8.1973,1.4759,245,5,3,0.2571,2.06,1270.39,15.00,17.00,308.00,479.50,14.00,21.00,0.0000,848.00,1,0,3.4978,ACCEPT,0,671,1920,4267,2,100,245,0,0,0,0
195,0,1,1,ACCEPT,8.4208,1.0431,242,7,-3,0.3760,5.34,1268.80,15.00,17.00,310.50,481.50,15.00,19.00,0.0000,844.37,1,0,3.4001,ACCEPT,0,426,3348,1001,2,100,242,0,0,0,0
196,0,1,1,ACCEPT,6.2891,1.2121,80,4,-9,0.0375,7.22,1264.02,15.00,17.00,311.50,483.00,15.00,20.00,0.0000,838.20,1,0,3.3854,ACCEPT,0,172,2905,1116,2,100,80,0,0,0,0
197,0,1,1,ACCEPT,9.4550,1.2016,155,1,1,0.8452,7.69,1264.55,15.00,17.00,314.00,484.00,16.00,20.00,0.0000,838.50,1,0,3.4649,ACCEPT,0,309,1653,2712,2,100,155,0,0,0,0
198,0,1,1,ACCEPT,9.0456,1.2842,244,-4,-4,0.3238,5.81,1262.42,15.00,17.00,315.50,485.00,15.00,20.00,0.0000,836.83,1,0,3.3793,ACCEPT,0,424,2274,2345,2,100,244,0,0,0,0
199,0,1,1,ACCEPT,7.6837,1.0721,119,-12,-6,0.2101,0.19,1259.23,15.00,17.00,319.00,486.50,16.00,21.00,0.0000,835.92,1,0,3.2961,ACCEPT,0,275,1847,1692,2,100,119,0,0,0,0
200,0,1,0,NEGATIVE_PEAK,-5.6816,1.0952,-23,5,-5,0.2174,0.19,1259.23,15.00,17.00,323.00,485.50,14.00,19.00,0.0000,838.38,0,0,0.0000,NOT_RUN,0,64,3322,0,2,100,23,0,0,0,0
201,0,1,0,NEGATIVE_PEAK,-9.4844,1.4737,-28,-3,-4,0.1071,0.19,1259.23,15.00,17.00,326.50,486.00,17.00,22.00,0.0000,839.27,0,0,0.0000,NOT_RUN,0,42,3752,0,2,100,28,0,0,0,0
202,0,1,0,NEGATIVE_PEAK,-6.7374,1.5714,-11,13,6,0.2727,0.19,1259.23,15.00,17.00,329.00,486.00,20.00,22.00,0.0000,840.24,0,0,0.0000,NOT_RUN,0,30,2532,0,2,100,11,0,0,0,0
203,0,1,0,NEGATIVE_PEAK,-7.2668,1.1522,-53,-3,13,0.7358,0.19,1259.23,15.00,17.00,331.00,482.50,20.00,21.00,0.0000,844.25,0,0,0.0000,NOT_RUN,0,111,3027,0,2,100,53,0,0,0,0
204,0,1,1,ACCEPT,6.2580,1.2075,64,0,21,0.0781,0.19,1270.39,15.00,17.00,330.00,480.00,12.00,16.00,0.0000,856.44,1,0,2.9069,ACCEPT,0,215,393,6534,2,100,64,0,0,0,0
205,0,1,1,ACCEPT,7.0384,1.1111,300,2,-5,0.5967,1.12,1267.73,15.00,17.00,332.50,480.00,13.00,20.00,0.0000,854.60,1,3,1.5916,MAX_STEP,0,782,673,8775,2,100,300,0,0,0,0
206,0,1,1,ACCEPT,6.0155,1.0860,303,1,-9,0.3036,1.59,1262.95,15.00,17.00,331.00,478.00,20.00,20.00,0.0000,851.27,1,0,3.2998,ACCEPT,0,1194,680,6763,2,100,303,0,0,0,0
207,0,1,1,ACCEPT,5.5202,1.0294,105,-8,3,0.3143,-2.16,1264.55,15.00,17.00,330.00,475.50,16.00,23.00,0.0000,856.11,1,4,1.5553,MAX_STEP,0,284,2481,1563,2,100,105,0,0,0,0
208,0,1,1,ACCEPT,5.6807,1.0353,88,16,-7,0.6250,5.34,1260.83,15.00,17.00,330.50,471.00,15.00,24.00,0.0000,854.14,1,0,2.7821,ACCEPT,0,266,1919,1260,2,100,88,0,0,0,0
209,0,1,0,NEGATIVE_PEAK,-12.0042,1.8222,-410,0,9,0.1073,5.34,1260.83,15.00,17.00,330.50,470.00,13.00,22.00,0.0000,855.06,0,0,0.0000,NOT_RUN,0,595,1683,0,2,100,410,0,0,0,0
210,0,1,1,ACCEPT,8.7751,1.3178,340,10,-2,0.0559,10.03,1259.77,15.00,17.00,330.00,467.50,14.00,19.00,0.0000,854.44,1,0,2.7283,ACCEPT,0,738,2374,1352,2,100,340,0,0,0,0
211,0,1,1,ACCEPT,11.2894,1.6218,253,0,2,0.9565,10.03,1260.83,15.00,17.00,330.50,465.00,15.00,22.00,0.0000,857.93,1,0,2.9940,ACCEPT,0,529,2565,1016,2,100,253,0,0,0,0
212,0,1,1,ACCEPT,8.0926,1.2600,126,3,-9,0.1032,11.44,1256.05,15.00,17.00,332.50,463.00,11.00,20.00,0.0000,855.57,1,0,3.1165,ACCEPT,0,299,2123,1236,2,100,126,0,0,0,0
213,0,1,1,ACCEPT,5.8513,1.0519,81,6,0,0.4321,14.25,1256.05,14.42,16.35,332.50,460.00,13.00,22.00,0.0000,857.31,1,-1,2.4545,ACCEPT,0,236,1099,1603,2,100,81,0,0,0,0
214,0,1,1,ACCEPT,6.8734,1.1111,80,9,-13,0.3125,18.33,1249.34,14.42,16.35,334.00,457.50,14.00,19.00,0.0000,852.45,1,0,2.9851,ACCEPT,0,220,639,1965,2,100,80,0,0,0,0
215,0,1,0,NEGATIVE_PEAK,-7.2877,1.3250,-53,19,7,0.3774,18.33,1249.34,14.42,16.35,335.00,454.50,14.00,21.00,0.0000,855.60,0,0,0.0000,NOT_RUN,0,80,850,0,2,100,53,0,0,0,0
216,0,1,0,NEGATIVE_PEAK,-4.7426,1.0667,-16,-11,3,0.5625,18.33,1249.34,14.42,16.35,334.00,452.00,14.00,22.00,0.0000,857.56,0,0,0.0000,NOT_RUN,0,41,1334,0,2,100,16,0,0,0,0
217,0,1,0,NEGATIVE_PEAK,-6.8327,1.0500,-42,10,-2,0.2143,18.33,1249.34,14.42,16.35,336.00,451.00,12.00,22.00,0.0000,859.23,0,0,0.0000,NOT_RUN,0,103,658,0,2,100,42,0,0,0,0
218,0,1,1,ACCEPT,6.1983,1.0870,25,-11,10,0.5600,13.34,1254.50,13.87,15.72,335.50,449.00,13.00,20.00,0.0000,867.53,1,-1,2.3039,ACCEPT,0,66,875,1180,2,100,25,0,0,0,0
219,0,1,1,ACCEPT,5.8994,1.0851,51,-5,5,0.2157,11.16,1256.92,13.87,15.72,337.00,450.00,14.00,22.00,0.0000,870.23,1,0,3.4616,ACCEPT,0,164,7062,749,2,100,51,0,0,0,0
220,0,1,1,ACCEPT,12.0692,1.5324,426,-6,-3,0.1033,8.53,1255.47,13.87,15.72,337.50,448.50,13.00,21.00,0.0000,871.45,1,0,3.3365,ACCEPT,0,675,5249,1223,2,100,426,0,0,0,0
221,0,1,1,ACCEPT,9.4145,1.6889,228,-2,-15,0.3640,7.66,1248.20,13.87,15.72,337.00,449.50,14.00,21.00,0.0000,863.94,1,0,3.3466,ACCEPT,0,297,5810,1364,2,100,228,0,0,0,0
222,0,1,1,ACCEPT,7.0519,1.0435,504,1,6,0.8452,8.09,1251.11,13.87,15.72,337.50,450.00,15.00,20.00,0.0000,866.19,1,0,3.2212,ACCEPT,0,954,4256,2095,2,100,504,0,0,0,0
223,0,1,0,NEGATIVE_PEAK,-8.2747,1.1688,-540,-4,-7,0.3704,8.09,1251.11,13.87,15.72,338.50,451.00,15.00,20.00,0.0000,865.65,0,0,0.0000,NOT_RUN,0,1078,1481,0,2,100,540,0,0,0,0
224,0,1,1,ACCEPT,5.7321,1.0667,272,-6,-3,0.0809,5.47,1249.66,13.33,15.11,338.00,452.50,12.00,17.00,0.0000,863.73,1,-1,2.5451,ACCEPT,0,575,864,4666,2,100,272,0,0,0,0
225,0,1,1,ACCEPT,6.3853,1.0625,136,11,-3,0.2279,10.11,1248.25,13.33,15.11,339.00,454.50,12.00,17.00,0.0000,859.19,1,0,3.1048,ACCEPT,0,302,931,3571,2,100,136,0,0,0,0
226,0,1,0,NEGATIVE_PEAK,-5.1530,1.0952,-92,-1,0,0.9783,10.11,1248.25,13.33,15.11,339.50,455.50,11.00,17.00,0.0000,858.46,0,0,0.0000,NOT_RUN,0,203,705,0,2,100,92,0,0,0,0
227,0,1,1,ACCEPT,5.0114,1.1618,79,13,12,0.3797,15.59,1253.88,13.33,15.11,340.00,457.00,10.00,16.00,0.0000,860.38,1,0,3.0869,ACCEPT,0,241,840,1715,2,100,79,0,0,0,0
228,0,1,1,ACCEPT,8.7423,1.4456,425,9,10,0.1906,19.39,1258.56,13.33,15.11,342.00,458.50,12.00,17.00,0.0000,862.66,1,0,2.9563,ACCEPT,0,765,741,3093,2,100,425,0,0,0,0
229,0,1,1,ACCEPT,5.5064,1.0181,225,-9,-2,0.5333,15.59,1257.62,12.82,14.53,342.00,458.00,14.00,16.00,0.0000,863.68,1,-1,2.5895,ACCEPT,0,607,1128,3552,2,100,225,0,0,0,0
230,0,1,1,ACCEPT,7.6684,1.0463,452,-5,1,0.3031,13.56,1258.08,13.33,15.11,343.00,457.50,12.00,15.00,0.0000,865.71,1,1,2.6627,ACCEPT,0,972,2395,2654,2,100,452,0,0,0,0
231,0,1,1,ACCEPT,7.4316,1.4835,405,-16,0,0.0741,6.81,1258.08,13.33,15.11,343.50,456.00,11.00,16.00,0.0000,869.88,1,0,3.4090,ACCEPT,0,680,4770,1491,2,100,405,0,0,0,0
232,0,1,1,ACCEPT,8.1195,1.2288,376,5,7,0.1543,8.92,1261.36,13.33,15.11,345.50,454.00,11.00,16.00,0.0000,874.71,1,0,3.1511,ACCEPT,0,653,3075,1977,2,100,376,0,0,0,0
233,0,1,1,ACCEPT,5.7571,1.0233,263,-16,8,0.1825,2.17,1265.11,13.33,15.11,347.00,449.50,10.00,17.00,0.0000,885.51,1,0,3.2154,ACCEPT,0,525,1400,3899,2,100,263,0,0,0,0
234,0,1,1,ACCEPT,6.1361,1.1224,275,-9,6,0.0255,-1.62,1267.92,12.82,14.53,347.00,445.50,10.00,15.00,0.0000,893.26,1,-1,2.6739,ACCEPT,0,754,1313,4473,2,100,275,0,0,0,0
235,0,1,1,ACCEPT,7.8782,1.3269,138,4,-18,0.0145,0.00,1259.77,12.33,13.97,345.50,440.50,15.00,17.00,0.0000,889.14,1,-1,2.6323,ACCEPT,0,415,1172,3043,2,100,138,0,0,0,0
236,0,1,0,NEGATIVE_PEAK,-8.7302,1.4242,-235,7,-13,0.3617,0.00,1259.77,12.33,13.97,346.50,434.50,9.00,15.00,0.0000,895.06,0,0,0.0000,NOT_RUN,0,344,1341,0,2,100,235,0,0,0,0
237,0,1,0,NEGATIVE_PEAK,-11.8629,1.8889,-357,-1,-5,0.4482,0.00,1259.77,12.33,13.97,345.00,429.50,10.00,15.00,0.0000,899.09,0,0,0.0000,NOT_RUN,0,499,764,0,2,100,357,0,0,0,0
238,0,1,1,ACCEPT,9.4147,1.4855,462,-3,-10,0.3160,-1.17,1255.39,12.33,13.97,345.50,423.00,13.00,16.00,0.0000,901.70,1,0,3.1608,ACCEPT,0,805,758,5658,2,100,462,0,0,0,0
239,0,1,1,ACCEPT,7.5098,1.5037,203,3,15,0.3005,0.00,1261.95,12.33,13.97,341.50,417.50,11.00,15.00,0.0000,910.89,1,0,3.1876,ACCEPT,0,567,1081,3861,2,100,203,0,0,0,0
240,0,1,1,ACCEPT,7.9538,1.5645,194,5,15,0.2835,1.95,1268.52,12.33,13.97,339.00,413.00,12.00,14.00,0.0000,919.51,1,0,3.1927,ACCEPT,0,348,923,4469,2,100,194,0,0,0,0
241,0,1,1,ACCEPT,5.8442,1.2889,116,12,17,0.2931,6.64,1275.95,12.33,13.97,335.00,407.00,12.00,14.00,0.0000,928.92,1,0,3.2166,ACCEPT,0,340,656,3312,2,100,116,0,0,0,0
242,0,1,1,ACCEPT,6.7376,1.2018,131,7,-5,0.5038,9.38,1273.77,12.33,13.97,331.50,401.00,11.00,14.00,0.0000,930.31,1,-6,1.3662,MAX_STEP,0,330,872,5646,2,100,131,0,0,0,0
243,0,1,1,ACCEPT,7.2991,1.2064,263,5,4,0.0989,11.33,1275.52,12.33,13.97,328.50,395.50,9.00,15.00,0.0000,935.43,1,0,3.2237,ACCEPT,0,479,596,8382,2,100,263,0,0,0,0
244,0,1,1,ACCEPT,7.6379,1.4914,173,-10,-4,0.1850,7.42,1273.77,12.33,13.97,325.00,389.50,10.00,15.00,0.0000,939.56,1,0,3.4485,ACCEPT,0,311,794,4542,2,100,173,0,0,0,0
245,0,1,1,ACCEPT,10.4393,1.6145,289,-12,5,0.1730,2.73,1275.95,12.33,13.97,322.00,385.00,10.00,14.00,0.0000,946.43,1,0,3.4070,ACCEPT,0,376,1139,2466,2,100,289,0,0,0,0
246,0,1,1,ACCEPT,7.7555,1.1469,242,-1,-1,0.8140,2.34,1275.52,12.33,13.97,319.00,380.50,10.00,13.00,0.0000,949.38,1,0,3.3596,ACCEPT,0,427,988,3154,2,100,242,0,0,0,0
247,0,1,1,ACCEPT,12.7590,1.6558,457,7,-6,0.1072,5.08,1272.89,12.33,13.97,316.00,377.00,10.00,14.00,0.0000,948.31,1,0,3.2653,ACCEPT,0,407,323,6604,2,100,457,0,0,0,0
248,0,1,1,ACCEPT,7.0349,1.2564,245,5,-1,0.3878,7.03,1272.45,12.33,13.97,313.50,373.00,11.00,14.00,0.0000,950.23,1,0,3.0794,ACCEPT,0,463,1302,2954,2,100,245,0,0,0,0
249,0,1,1,ACCEPT,8.2539,1.4911,419,-1,9,0.1026,6.64,1276.39,12.33,13.97,310.00,370.50,10.00,15.00,0.0000,955.33,1,0,3.2257,ACCEPT,0,828,1273,3349,2,100,419,0,0,0,0
250,0,1,1,ACCEPT,6.2028,1.0163,312,-5,2,0.4295,4.69,1277.27,12.33,13.97,307.50,368.00,11.00,14.00,0.0000,958.36,1,0,3.1736,ACCEPT,0,691,1417,2462,2,100,312,0,0,0,0
251,0,1,1,ACCEPT,11.9928,1.1407,454,-8,-7,0.0705,1.56,1274.20,12.33,13.97,305.00,366.50,12.00,13.00,0.0000,957.08,1,0,3.3312,ACCEPT,0,454,2326,2315,2,100,454,0,0,0,0
252,0,1,1,ACCEPT,23.3315,3.4191,930,-1,4,0.0247,1.17,1275.95,12.82,14.53,302.00,365.00,10.00,14.00,0.0000,959.34,1,1,2.9005,ACCEPT,0,554,3142,1799,2,100,930,0,0,0,0
253,0,1,0,NEGATIVE_PEAK,-13.0815,1.4579,-519,-1,-1,0.8902,1.17,1275.95,12.82,14.53,300.50,362.00,9.00,14.00,0.0000,961.72,0,0,0.0000,NOT_RUN,0,570,3733,0,2,100,519,0,0,0,0
254,0,1,0,NEGATIVE_PEAK,-8.4419,1.0303,-272,-2,-10,0.0331,1.17,1275.95,12.82,14.53,298.00,360.50,10.00,13.00,0.0000,962.37,0,0,0.0000,NOT_RUN,0,368,612,0,2,100,272,0,0,0,0
0,0,0,0,ZERO_RESPONSE,0.0000,0.0000,0,0,0,0.0000,453.50,1079.50,13.00,21.00,453.50,1079.50,13.00,21.00,1.0000,0.00,1,0,0.0000,NOT_RUN,0,0,1935,21026,3,150,0,0,0,0,0
1,0,1,1,ACCEPT,17.0098,3.2843,647,-5,-7,0.0355,451.47,1074.91,13.00,21.00,451.50,1074.50,11.00,21.00,0.8164,0.41,1,0,3.2746,ACCEPT,0,648,2426,21224,3,150,647,0,0,0,0
2,0,1,1,ACCEPT,11.6493,2.4933,748,5,-9,0.2259,453.50,1069.00,13.00,21.00,453.00,1067.00,12.00,22.00,0.7723,2.06,1,0,3.2563,ACCEPT,0,1073,1200,26934,3,150,748,0,0,0,0
3,0,1,1,ACCEPT,12.6027,2.9581,988,-1,-10,0.0233,453.09,1062.44,13.00,21.00,453.00,1061.50,14.00,21.00,0.8518,0.94,1,0,3.1633,ACCEPT,0,1275,2483,7727,3,150,988,0,0,0,0
4,0,1,1,ACCEPT,15.9998,3.0228,1191,0,-8,0.0302,453.09,1057.19,13.00,21.00,452.50,1056.00,13.00,16.00,0.7027,1.33,1,0,3.2206,ACCEPT,0,909,1945,7527,3,150,1191,0,0,0,0
5,0,1,1,ACCEPT,19.1136,3.5012,1502,-3,-8,0.0067,451.88,1051.94,13.00,21.00,451.50,1051.50,11.00,19.00,0.7656,0.58,1,0,3.2172,ACCEPT,0,1340,2209,6795,3,150,1502,0,0,0,0
6,0,1,1,ACCEPT,17.0561,2.9934,1820,-2,-9,0.1643,451.06,1046.03,13.00,21.00,450.50,1045.50,13.00,21.00,0.8736,0.77,1,0,3.1264,ACCEPT,0,1301,1582,11409,3,150,1820,0,0,0,0
7,0,1,1,ACCEPT,10.8550,1.7693,1396,-3,-9,0.0165,449.84,1040.12,13.00,21.00,449.00,1039.00,10.00,20.00,0.6938,1.41,1,0,3.2960,ACCEPT,0,1556,1672,8529,3,150,1396,0,0,0,0
8,0,1,1,ACCEPT,12.2488,1.6026,1867,-9,-7,0.3117,446.19,1035.53,13.00,21.00,446.00,1034.50,12.00,21.00,0.8397,1.05,1,0,3.3907,ACCEPT,0,2281,1516,13266,3,150,1867,0,0,0,0
9,0,1,1,ACCEPT,7.8839,1.1532,1227,-11,-8,0.2217,441.72,1030.28,13.00,21.00,442.50,1031.50,11.00,23.00,0.7686,1.45,1,0,3.2145,ACCEPT,0,2183,1849,9535,3,150,1227,0,0,0,0
10,0,1,1,ACCEPT,9.5196,1.0606,1242,0,3,0.0507,441.72,1032.25,13.00,21.00,438.00,1027.00,12.00,24.00,0.3699,6.43,1,0,2.9600,ACCEPT,0,1331,1454,11545,3,150,1242,0,0,0,0
11,0,1,1,ACCEPT,11.3838,2.1833,1334,-5,-4,0.4948,439.69,1029.62,13.00,21.00,435.50,1020.50,13.00,21.00,0.2371,10.04,1,0,3.2383,ACCEPT,0,1340,1206,11221,3,150,1334,0,0,0,0
12,0,1,1,ACCEPT,10.8476,1.7000,1122,-5,-3,0.4679,437.66,1027.66,13.00,21.00,433.00,1016.00,12.00,20.00,0.1564,12.55,1,0,3.4269,ACCEPT,0,1389,869,9426,3,150,1122,0,0,0,0
13,0,1,1,ACCEPT,8.0145,1.1869,832,-9,-2,0.4375,434.00,1026.34,13.00,21.00,430.00,1012.50,14.00,23.00,0.1497,14.41,1,0,3.4088,ACCEPT,0,1340,618,11230,3,150,832,0,0,0,0
14,0,1,1,ACCEPT,7.5886,1.2954,671,-7,-1,0.3770,431.16,1025.69,13.00,21.00,425.50,1006.00,11.00,20.00,0.0106,20.48,1,0,2.8106,ACCEPT,0,1212,486,11407,3,150,671,0,0,0,0
15,0,1,1,ACCEPT,7.8174,1.1223,569,-7,-4,0.8910,428.31,1023.06,13.00,21.00,425.00,1002.50,14.00,21.00,0.0079,20.83,1,0,3.5178,ACCEPT,0,954,588,7926,3,150,569,0,0,0,0
16,0,1,1,ACCEPT,10.1813,1.2933,582,-9,-2,0.1529,424.66,1021.75,13.00,21.00,426.50,998.00,13.00,24.00,0.0000,23.82,1,0,2.8931,ACCEPT,0,834,379,10206,3,150,582,0,0,0,0
17,0,1,1,ACCEPT,11.1102,1.7540,442,-6,-4,0.4548,422.22,1019.12,13.00,21.00,425.00,994.00,12.00,20.00,0.0000,25.28,1,0,3.4121,ACCEPT,0,681,415,7878,3,150,442,0,0,0,0
18,0,1,1,ACCEPT,13.2928,2.0000,428,-2,-2,0.1846,421.41,1017.81,13.00,21.00,425.50,988.50,13.00,23.00,0.0000,29.60,1,0,3.1071,ACCEPT,0,595,352,8666,3,150,428,0,0,0,0
19,0,1,1,ACCEPT,7.5832,1.3878,272,7,-2,0.2279,424.25,1016.50,13.00,21.00,426.50,985.00,9.00,20.00,0.0000,31.58,1,0,3.4200,ACCEPT,0,594,389,8723,3,150,272,0,0,0,0
20,0,1,1,ACCEPT,8.8964,1.3188,455,-1,-2,0.0505,423.84,1015.19,13.00,21.00,426.00,979.50,12.00,23.00,0.0000,35.75,1,0,3.4362,ACCEPT,0,623,515,8957,3,150,455,0,0,0,0
21,0,1,1,ACCEPT,8.7169,1.4407,510,-4,0,0.6863,422.22,1015.19,13.00,21.00,425.00,977.00,12.00,22.00,0.0000,38.29,1,0,3.2575,ACCEPT,0,752,345,10840,3,150,510,0,0,0,0
22,0,1,1,ACCEPT,8.5641,1.3759,582,-3,-2,0.2869,421.00,1013.88,13.00,21.00,425.50,973.00,11.00,22.00,0.0000,41.12,1,0,3.2935,ACCEPT,0,847,517,7901,3,150,582,0,0,0,0
23,0,1,1,ACCEPT,7.1798,1.4732,495,-10,-1,0.5939,416.94,1013.22,13.00,21.00,421.00,970.00,8.00,20.00,0.0000,43.41,1,0,3.4431,ACCEPT,0,828,542,8469,3,150,495,0,0,0,0
24,0,1,1,ACCEPT,7.7380,1.1781,569,-12,1,0.4517,412.06,1013.88,13.00,21.00,416.50,966.00,9.00,24.00,0.0000,48.08,1,0,3.3591,ACCEPT,0,1088,736,6023,3,150,569,0,0,0,0
25,0,1,1,ACCEPT,7.9547,1.0823,526,-9,-1,0.7776,408.41,1013.22,13.00,21.00,413.50,963.00,11.00,26.00,0.0000,50.48,1,0,3.4468,ACCEPT,0,953,562,8066,3,150,526,0,0,0,0
26,0,1,1,ACCEPT,9.3047,1.2404,681,-9,1,0.7122,404.75,1013.88,13.00,21.00,409.50,960.50,11.00,25.00,0.0000,53.59,1,0,3.3301,ACCEPT,0,1207,634,5426,3,150,681,0,0,0,0
27,0,1,1,ACCEPT,8.4679,1.3516,592,-13,0,0.4341,399.47,1013.88,13.00,21.00,404.00,958.00,12.00,26.00,0.0000,56.06,1,0,3.4759,ACCEPT,0,1086,524,6487,3,150,592,0,0,0,0
28,0,1,1,ACCEPT,10.4437,1.2842,750,-11,2,0.3173,395.00,1015.19,13.00,21.00,400.50,956.50,11.00,25.00,0.0000,58.94,1,0,3.4429,ACCEPT,0,1066,456,5846,3,150,750,0,0,0,0
29,0,1,1,ACCEPT,7.1116,1.0265,464,-16,3,0.1875,388.50,1017.16,13.00,21.00,394.00,954.00,12.00,28.00,0.0000,63.40,1,0,3.4394,ACCEPT,0,990,590,5259,3,150,464,0,0,0,0
30,0,1,1,ACCEPT,6.7926,1.0500,546,-21,4,0.1978,379.97,1019.78,13.00,21.00,386.50,955.00,9.00,22.00,0.0000,65.11,1,0,3.2293,ACCEPT,0,1297,665,5373,3,150,546,0,0,0,0
31,0,1,1,ACCEPT,9.4696,1.3373,793,-18,2,0.2093,372.66,1021.09,13.00,21.00,379.00,949.50,10.00,19.00,0.0000,71.87,1,0,3.4316,ACCEPT,0,1332,743,5078,3,150,793,0,0,0,0
32,0,1,1,ACCEPT,7.3697,1.0053,565,-7,3,0.0071,369.81,1023.06,13.00,21.00,373.00,950.00,12.00,24.00,0.0000,73.13,1,0,3.4258,ACCEPT,0,1226,932,3861,3,150,565,0,0,0,0
33,0,1,1,ACCEPT,8.5578,1.2419,770,-20,1,0.2714,361.69,1023.72,13.00,21.00,370.00,947.50,8.00,23.00,0.0000,76.67,1,0,3.1671,ACCEPT,0,1139,953,3872,3,150,770,0,0,0,0
34,0,1,1,ACCEPT,9.6221,1.4050,784,-12,0,0.5013,356.81,1023.72,13.00,21.00,365.00,945.50,10.00,23.00,0.0000,78.65,1,0,3.2410,ACCEPT,0,1172,650,5997,3,150,784,0,0,0,0
35,0,1,1,ACCEPT,11.2192,1.2709,1018,-11,1,0.2230,352.34,1024.38,13.00,21.00,360.00,942.00,12.00,26.00,0.0000,82.73,1,0,3.3773,ACCEPT,0,1192,697,5198,3,150,1018,0,0,0,0
36,0,1,1,ACCEPT,12.1118,1.4352,963,-9,2,0.1713,348.69,1025.69,13.00,21.00,355.50,938.00,13.00,24.00,0.0000,87.95,1,0,2.9116,ACCEPT,0,1188,574,6506,3,150,963,0,0,0,0
37,0,1,1,ACCEPT,10.1321,1.9221,790,-5,-3,0.3481,346.66,1023.72,13.00,21.00,355.50,933.00,11.00,22.00,0.0000,91.15,1,0,3.3173,ACCEPT,0,1228,615,7728,3,150,790,0,0,0,0
38,0,1,1,ACCEPT,10.7061,1.7146,751,0,-2,0.3888,346.66,1022.41,13.00,21.00,355.50,929.00,9.00,26.00,0.0000,93.82,1,0,3.3753,ACCEPT,0,1197,673,6343,3,150,751,0,0,0,0
39,0,1,1,ACCEPT,12.4054,1.8250,730,1,-1,0.9548,347.06,1021.75,13.00,21.00,353.00,924.00,12.00,28.00,0.0000,97.93,1,0,3.4068,ACCEPT,0,951,704,6429,3,150,730,0,0,0,0
40,0,1,1,ACCEPT,17.0264,3.5208,1102,-9,-1,0.2432,343.41,1021.09,13.00,21.00,349.50,920.50,9.00,23.00,0.0000,100.78,1,0,3.3958,ACCEPT,0,968,640,5978,3,150,1102,0,0,0,0
41,0,1,1,ACCEPT,11.3235,1.6299,872,-16,3,0.1995,336.91,1023.06,13.00,21.00,344.50,918.00,9.00,24.00,0.0000,105.34,1,0,3.4281,ACCEPT,0,1166,555,5733,3,150,872,0,0,0,0
42,0,1,1,ACCEPT,12.4253,2.2452,1053,-17,1,0.0399,330.00,1023.72,13.00,21.00,339.50,913.00,9.00,20.00,0.0000,111.13,1,0,3.3166,ACCEPT,0,1217,872,4465,3,150,1053,0,0,0,0
43,0,1,1,ACCEPT,11.7830,2.0427,1101,-12,0,0.0082,325.12,1023.72,13.00,21.00,336.50,909.50,9.00,21.00,0.0000,114.78,1,0,3.4257,ACCEPT,0,1332,671,5894,3,150,1101,0,0,0,0
44,0,1,1,ACCEPT,12.2556,2.1286,1109,-11,0,0.1208,320.66,1023.72,13.00,21.00,335.00,907.50,8.00,23.00,0.0000,117.10,1,0,3.4146,ACCEPT,0,1380,655,5802,3,150,1109,0,0,0,0
45,0,1,1,ACCEPT,13.7309,2.7432,1111,-12,0,0.0486,315.78,1023.72,13.00,21.00,332.50,901.50,7.00,23.00,0.0000,123.36,1,0,3.4559,ACCEPT,0,1260,674,6488,3,150,1111,0,0,0,0
46,0,1,1,ACCEPT,14.2668,2.7030,1165,-11,-1,0.0043,311.31,1023.06,13.00,21.00,331.00,896.50,8.00,25.00,0.0000,128.08,1,0,3.3994,ACCEPT,0,1332,496,6999,3,150,1165,0,0,0,0
47,0,1,1,ACCEPT,12.6641,2.1580,1079,-10,0,0.2799,307.25,1023.06,13.00,21.00,330.50,891.50,7.00,23.00,0.0000,133.60,1,0,2.9546,ACCEPT,0,1287,677,7474,3,150,1079,0,0,0,0
48,0,1,1,ACCEPT,14.8086,2.6190,1485,-8,-2,0.1205,304.00,1021.75,13.00,21.00,331.00,885.50,8.00,27.00,0.0000,138.90,1,0,2.9661,ACCEPT,0,1833,571,8184,3,150,1485,0,0,0,0
49,0,1,1,ACCEPT,11.9525,2.1042,1252,-4,-3,0.0280,302.38,1019.78,13.00,21.00,332.50,881.50,7.00,27.00,0.0000,141.52,1,0,3.5729,ACCEPT,0,1686,831,5637,3,150,1252,0,0,0,0
50,0,1,1,ACCEPT,8.6676,1.4027,721,-1,-2,0.6852,301.97,1018.47,13.00,21.00,334.50,873.50,9.00,27.00,0.0000,148.57,1,-13,1.7746,MAX_STEP,0,1280,679,6338,3,150,721,0,0,0,0
51,0,1,1,ACCEPT,12.3095,2.4531,915,-3,-1,0.4131,300.75,1017.81,13.00,21.00,336.00,865.00,8.00,28.00,0.0000,156.83,1,14,1.1941,MAX_STEP,0,1297,681,6640,3,150,915,0,0,0,0
52,0,1,1,ACCEPT,13.2594,2.3929,1017,-7,-3,0.1298,297.91,1015.84,13.00,21.00,335.50,861.00,7.00,26.00,0.0000,159.34,1,0,1.6328,LOW_CONF,0,1241,584,7873,3,150,1017,0,0,0,0
53,0,1,1,ACCEPT,13.4683,2.5888,1108,-7,-2,0.2942,295.06,1014.53,13.00,21.00,335.50,853.50,9.00,27.00,0.0000,166.03,1,-1,1.4684,LOW_CONF,0,1342,670,7055,3,150,1108,0,0,0,0
54,0,1,1,ACCEPT,13.2239,2.4784,974,-8,-1,0.3552,291.81,1013.88,13.00,21.00,333.00,846.00,10.00,28.00,0.0000,172.85,1,-8,1.5822,MAX_STEP,0,1153,595,7690,3,150,974,0,0,0,0
55,0,1,1,ACCEPT,13.7087,1.8618,1212,-12,-2,0.2079,286.94,1012.56,13.00,21.00,331.50,839.50,9.00,27.00,0.0000,178.71,1,-7,1.3878,MAX_STEP,0,1348,549,8707,3,150,1212,0,0,0,0
56,0,1,1,ACCEPT,13.9877,2.6078,1197,-8,-3,0.1696,283.69,1010.59,12.50,20.19,332.50,831.50,7.00,25.00,0.0000,185.63,1,-1,2.1647,ACCEPT,0,1369,558,9746,3,150,1197,0,0,0,0
57,0,1,1,ACCEPT,9.2785,1.3690,857,0,-3,0.5461,283.69,1008.72,12.02,19.42,335.00,824.00,8.00,26.00,0.0000,191.71,1,-1,2.3066,ACCEPT,0,1252,774,8211,3,150,857,0,0,0,0
58,0,1,0,NEGATIVE_PEAK,-6.1638,1.0060,-507,-12,-1,0.0296,283.69,1008.72,12.02,19.42,338.00,816.00,8.00,26.00,0.0000,200.23,0,0,0.0000,NOT_RUN,0,1102,890,0,3,150,507,0,0,0,0
59,0,1,0,NEGATIVE_PEAK,-5.9519,1.0549,-500,-11,-2,0.0740,283.69,1008.72,12.02,19.42,341.50,808.50,9.00,25.00,0.0000,208.40,0,0,0.0000,NOT_RUN,0,1139,871,0,3,150,500,0,0,0,0
60,0,1,1,ACCEPT,5.9143,1.1502,490,0,-6,0.0714,283.69,1005.06,12.02,19.42,343.00,801.00,10.00,26.00,0.0000,212.51,1,0,3.2016,ACCEPT,0,1283,998,6601,3,150,490,0,0,0,0
61,0,1,1,ACCEPT,6.3288,1.0424,492,3,0,0.8252,284.81,1005.06,12.02,19.42,344.50,793.50,9.00,29.00,0.0000,219.82,1,0,3.3713,ACCEPT,0,1310,869,7945,3,150,492,0,0,0,0
62,0,1,1,ACCEPT,9.7813,1.5563,733,-2,0,0.8608,284.06,1005.06,12.02,19.42,344.50,789.00,9.00,24.00,0.0000,224.36,1,0,3.3484,ACCEPT,0,1129,912,7314,3,150,733,0,0,0,0
63,0,1,1,ACCEPT,8.9974,1.8810,743,-2,0,0.8950,283.31,1005.06,12.02,19.42,342.50,781.00,11.00,28.00,0.0000,231.75,1,0,3.2788,ACCEPT,0,1127,741,6432,3,150,743,0,0,0,0
64,0,1,1,ACCEPT,10.4734,2.2845,795,1,2,0.6792,283.69,1006.28,12.02,19.42,341.50,774.50,11.00,29.00,0.0000,238.88,1,0,3.3603,ACCEPT,0,1166,1557,4380,3,150,795,0,0,0,0
65,0,1,1,ACCEPT,14.2165,2.1686,1106,-7,2,0.0588,281.06,1007.50,12.02,19.42,338.50,769.00,11.00,26.00,0.0000,245.32,1,0,3.2880,ACCEPT,0,1267,901,6062,3,150,1106,0,0,0,0
66,0,1,1,ACCEPT,15.1518,2.5903,1233,-7,2,0.0738,278.44,1008.72,12.02,19.42,334.00,763.50,12.00,25.00,0.0000,251.43,1,0,3.2259,ACCEPT,0,1421,752,6463,3,150,1233,0,0,0,0
67,0,1,1,ACCEPT,15.4281,2.7284,1075,-9,4,0.0856,275.06,1011.16,12.02,19.42,328.50,757.50,9.00,23.00,0.0000,259.22,1,0,3.2654,ACCEPT,0,1225,836,5813,3,150,1075,0,0,0,0
68,0,1,1,ACCEPT,12.4235,2.2896,767,-10,4,0.0261,271.31,1013.59,12.02,19.42,322.50,754.00,13.00,26.00,0.0000,264.59,1,0,3.2384,ACCEPT,0,1096,1033,5117,3,150,767,0,0,0,0
69,0,1,1,ACCEPT,12.6648,2.3649,849,-10,4,0.1319,267.56,1016.03,12.02,19.42,317.50,749.50,11.00,25.00,0.0000,271.17,1,0,3.6021,ACCEPT,0,1225,925,5141,3,150,849,0,0,0,0
70,0,1,1,ACCEPT,10.9606,2.0366,723,-13,6,0.0152,262.69,1019.69,11.56,18.67,310.50,745.00,13.00,30.00,0.0000,278.82,1,-1,2.6824,ACCEPT,0,1118,926,5306,3,150,723,0,0,0,0
71,0,1,1,ACCEPT,10.8576,1.9806,713,-13,4,0.0968,258.02,1022.00,11.56,18.67,303.00,742.50,12.00,25.00,0.0000,283.10,1,0,3.4573,ACCEPT,0,1257,978,4491,3,150,713,0,0,0,0
72,0,1,1,ACCEPT,10.0250,1.8795,686,-7,5,0.2245,255.50,1024.89,11.56,18.67,295.00,737.00,14.00,26.00,0.0000,290.59,1,0,3.3324,ACCEPT,0,1157,892,5223,3,150,686,0,0,0,0
73,0,1,1,ACCEPT,11.7898,1.9846,774,-6,4,0.1680,253.34,1027.20,11.56,18.67,287.50,732.00,13.00,24.00,0.0000,297.17,1,0,3.0032,ACCEPT,0,1242,957,5428,3,150,774,0,0,0,0
74,0,1,1,ACCEPT,7.3241,1.0601,600,-8,4,0.0033,250.47,1029.52,11.56,18.67,280.00,725.00,16.00,26.00,0.0000,305.94,1,0,3.2085,ACCEPT,0,1369,1103,4261,3,150,600,0,0,0,0
75,0,1,1,ACCEPT,9.3151,1.3267,670,-12,2,0.0896,246.16,1030.67,11.56,18.67,276.00,722.00,16.00,26.00,0.0000,310.11,1,0,3.0896,ACCEPT,0,1185,1883,3153,3,150,670,0,0,0,0
76,0,1,1,ACCEPT,10.8300,1.5097,702,-3,5,0.3561,245.08,1033.56,11.56,18.67,270.50,718.00,15.00,24.00,0.0000,316.58,1,0,2.9897,ACCEPT,0,1060,1292,3567,3,150,702,0,0,0,0
77,0,1,1,ACCEPT,12.3494,1.4305,628,0,5,0.4411,245.08,1036.45,12.02,19.42,266.00,714.00,18.00,22.00,0.0000,323.13,1,1,2.0798,ACCEPT,0,895,1292,3935,3,150,628,0,0,0,0
78,0,1,1,ACCEPT,9.0601,1.3590,424,1,7,0.2830,245.45,1040.72,12.02,19.42,261.50,710.00,17.00,20.00,0.0000,331.11,1,0,3.1021,ACCEPT,0,783,1108,4701,3,150,424,0,0,0,0
79,0,1,1,ACCEPT,11.0441,1.3914,615,1,4,0.1268,245.83,1043.16,12.02,19.42,257.50,707.00,17.00,20.00,0.0000,336.36,1,0,3.4141,ACCEPT,0,935,1207,4330,3,150,615,0,0,0,0
80,0,1,1,ACCEPT,11.4718,1.7170,625,-1,7,0.2480,245.45,1047.42,12.02,19.42,254.00,702.00,18.00,20.00,0.0000,345.53,1,0,3.3954,ACCEPT,0,942,928,5254,3,150,625,0,0,0,0
81,0,1,1,ACCEPT,8.8354,1.4174,455,2,5,0.3736,246.20,1050.47,12.02,19.42,252.00,700.00,20.00,20.00,0.0000,350.52,1,0,3.3786,ACCEPT,0,850,1059,5899,3,150,455,0,0,0,0
82,0,1,1,ACCEPT,9.8147,1.4745,637,-1,5,0.4317,245.83,1053.52,12.02,19.42,248.50,697.00,19.00,20.00,0.0000,356.53,1,0,3.0566,ACCEPT,0,1186,1331,6076,3,150,637,0,0,0,0
83,0,1,1,ACCEPT,12.1950,1.6522,760,-1,5,0.3842,245.45,1056.56,12.50,20.19,246.00,693.50,20.00,19.00,0.0000,363.06,1,1,2.4891,ACCEPT,0,1011,1283,10247,3,150,760,0,0,0,0
84,0,1,1,ACCEPT,10.5393,2.3604,668,3,7,0.0210,246.62,1060.94,12.50,20.19,244.00,689.50,20.00,21.00,0.0000,371.45,1,0,2.9924,ACCEPT,0,980,1766,6001,3,150,668,0,0,0,0
85,0,1,1,ACCEPT,11.0188,1.9923,779,1,7,0.2221,247.02,1065.31,12.50,20.19,242.00,687.00,20.00,20.00,0.0000,378.35,1,0,3.1028,ACCEPT,0,1136,1303,7183,3,150,779,0,0,0,0
86,0,1,1,ACCEPT,9.0664,1.7859,609,1,6,0.1609,247.41,1069.06,12.50,20.19,240.00,684.50,20.00,21.00,0.0000,384.63,1,0,3.2986,ACCEPT,0,992,1473,6790,3,150,609,0,0,0,0
87,0,1,1,ACCEPT,9.4844,1.2998,594,1,5,0.1313,247.80,1072.19,12.50,20.19,237.50,680.00,19.00,20.00,0.0000,392.32,1,0,3.4530,ACCEPT,0,973,1272,8254,3,150,594,0,0,0,0
88,0,1,1,ACCEPT,10.2270,1.4882,695,-6,6,0.3410,245.45,1075.94,12.50,20.19,235.00,676.50,18.00,21.00,0.0000,399.57,1,0,3.3902,ACCEPT,0,944,1573,5386,3,150,695,0,0,0,0
89,0,1,1,ACCEPT,12.5126,1.6864,597,-7,4,0.0318,242.72,1078.44,12.50,20.19,232.50,672.50,17.00,21.00,0.0000,406.07,1,0,3.3506,ACCEPT,0,713,3197,2637,3,150,597,0,0,0,0
90,0,1,1,ACCEPT,8.2219,1.3771,409,-11,6,0.5452,238.42,1082.19,12.50,20.19,230.00,667.00,18.00,22.00,0.0000,415.27,1,0,3.1920,ACCEPT,0,755,1819,3734,3,150,409,0,0,0,0
91,0,1,1,ACCEPT,10.1435,1.5614,445,-11,3,0.0584,234.12,1084.06,12.50,20.19,228.00,662.00,18.00,22.00,0.0000,422.11,1,0,3.2698,ACCEPT,0,597,1470,4089,3,150,445,0,0,0,0
92,0,1,1,ACCEPT,8.1516,1.1898,351,-9,2,0.0570,230.61,1085.31,12.50,20.19,226.50,656.00,17.00,20.00,0.0000,429.33,1,0,3.3635,ACCEPT,0,604,1550,5138,3,150,351,0,0,0,0
93,0,1,0,NEGATIVE_PEAK,-6.3423,1.1004,-252,-1,-2,0.6151,230.61,1085.31,12.50,20.19,226.00,649.50,18.00,19.00,0.0000,435.84,0,0,0.0000,NOT_RUN,0,465,1018,0,3,150,252,0,0,0,0
94,0,1,1,ACCEPT,6.2894,1.2705,263,-14,4,0.2700,225.14,1087.81,12.50,20.19,225.50,643.00,19.00,22.00,0.0000,444.81,1,0,3.2689,ACCEPT,0,585,1594,6614,3,150,263,0,0,0,0
95,0,1,1,ACCEPT,9.0277,1.6679,462,-6,0,0.2143,222.80,1087.81,12.50,20.19,225.50,637.00,19.00,22.00,0.0000,450.82,1,0,3.0687,ACCEPT,0,509,1390,7865,3,150,462,0,0,0,0
96,0,1,1,ACCEPT,7.6989,1.4702,419,-10,1,0.2220,218.89,1088.44,12.50,20.19,226.00,630.00,18.00,22.00,0.0000,458.49,1,0,3.1395,ACCEPT,0,740,1277,6922,3,150,419,0,0,0,0
97,0,1,1,ACCEPT,7.7518,1.4772,421,-8,2,0.3207,215.77,1089.69,12.50,20.19,226.00,622.50,18.00,21.00,0.0000,467.30,1,5,1.9473,MAX_STEP,0,753,664,7455,3,150,421,0,0,0,0
98,0,1,1,ACCEPT,9.7858,1.6953,473,-6,-1,0.1374,213.42,1089.06,12.50,20.19,225.00,614.50,18.00,21.00,0.0000,474.70,1,0,3.1699,ACCEPT,0,736,598,9251,3,150,473,0,0,0,0
99,0,1,1,ACCEPT,11.3817,1.9653,509,-8,0,0.0236,210.30,1089.06,12.50,20.19,224.50,606.50,19.00,21.00,0.0000,482.77,1,0,3.1159,ACCEPT,0,641,487,10287,3,150,509,0,0,0,0
100,0,1,1,ACCEPT,6.5763,1.2070,309,-15,-2,0.2718,204.44,1087.81,12.50,20.19,223.00,598.00,18.00,22.00,0.0000,490.16,1,0,2.9445,ACCEPT,0,654,697,9213,3,150,309,0,0,0,0
101,0,1,1,ACCEPT,8.3035,1.4796,435,-16,-1,0.0299,198.19,1087.19,12.50,20.19,222.50,591.00,17.00,22.00,0.0000,496.78,1,0,3.3496,ACCEPT,0,800,846,9498,3,150,435,0,0,0,0
102,0,1,1,ACCEPT,8.6419,1.7918,439,-19,0,0.1390,190.77,1087.19,12.50,20.19,222.50,582.50,17.00,21.00,0.0000,505.68,1,0,3.3531,ACCEPT,0,758,1802,4750,3,150,439,0,0,0,0
103,0,1,1,ACCEPT,9.9380,1.9860,568,-18,0,0.1268,183.73,1087.19,12.50,20.19,220.50,574.50,17.00,19.00,0.0000,514.00,1,0,3.2901,ACCEPT,0,768,2025,4106,3,150,568,0,0,0,0
104,0,1,1,ACCEPT,11.7875,2.6667,632,-15,-1,0.1377,177.88,1086.56,12.50,20.19,220.50,567.00,17.00,20.00,0.0000,521.31,1,0,3.1399,ACCEPT,0,848,1712,4403,3,150,632,0,0,0,0
105,0,1,1,ACCEPT,13.0057,2.9394,582,-15,-1,0.1718,172.02,1085.94,12.50,20.19,219.50,559.50,19.00,23.00,0.0000,528.57,1,0,3.2557,ACCEPT,0,702,1504,4943,3,150,582,0,0,0,0
106,0,1,1,ACCEPT,14.3720,2.3899,662,-12,1,0.2477,167.33,1086.56,12.50,20.19,219.00,552.00,18.00,22.00,0.0000,537.05,1,0,3.2235,ACCEPT,0,890,1357,4924,3,150,662,0,0,0,0
107,0,1,1,ACCEPT,12.9605,2.6787,592,-11,0,0.2365,163.03,1086.56,12.50,20.19,219.50,545.00,19.00,20.00,0.0000,544.50,1,0,3.2580,ACCEPT,0,739,877,8581,3,150,592,0,0,0,0
108,0,1,1,ACCEPT,12.3218,2.5339,636,-13,1,0.1934,157.95,1087.19,12.50,20.19,221.50,539.50,19.00,21.00,0.0000,551.36,1,0,3.3120,ACCEPT,0,806,1146,8738,3,150,636,0,0,0,0
109,0,1,1,ACCEPT,11.2531,1.8492,601,-12,4,0.1631,153.27,1089.69,12.50,20.19,222.00,533.50,20.00,21.00,0.0000,560.42,1,2,1.7530,LOW_CONF,0,828,1054,9164,3,150,601,0,0,0,0
110,0,1,1,ACCEPT,10.6275,1.5701,672,-7,2,0.1250,150.53,1090.94,12.50,20.19,221.00,526.50,20.00,19.00,0.0000,568.82,1,0,2.9576,ACCEPT,0,986,1005,10862,3,150,672,0,0,0,0
111,0,1,1,ACCEPT,12.9941,2.3478,648,-9,4,0.2963,147.02,1093.44,12.50,20.19,223.00,521.50,18.00,19.00,0.0000,576.96,1,1,1.9246,LOW_CONF,0,831,734,10442,3,150,648,0,0,0,0
112,0,1,1,ACCEPT,12.0176,1.7994,619,-7,4,0.3134,144.28,1095.94,12.50,20.19,223.00,517.00,18.00,18.00,0.0000,584.26,1,2,1.6134,LOW_CONF,0,852,602,12353,3,150,619,0,0,0,0
113,0,1,1,ACCEPT,10.1396,1.2439,561,-4,4,0.2745,142.72,1098.44,13.00,21.00,224.00,512.50,18.00,17.00,0.0000,591.55,1,1,2.3706,ACCEPT,0,846,645,13115,3,150,561,0,0,0,0
114,0,1,1,ACCEPT,11.6101,1.7521,615,-7,5,0.1967,139.88,1101.72,13.00,21.00,224.50,508.50,19.00,19.00,0.0000,599.22,1,6,1.3914,MAX_STEP,0,751,680,17232,3,150,615,0,0,0,0
115,0,1,1,ACCEPT,8.4730,1.2818,655,-7,2,0.2748,137.03,1103.03,13.00,21.00,225.50,504.50,17.00,17.00,0.0000,605.03,1,0,3.4029,ACCEPT,0,1106,699,16212,3,150,655,0,0,0,0
116,0,1,1,ACCEPT,9.8657,1.7312,599,-5,6,0.1703,135.00,1106.97,13.00,21.00,226.00,501.00,18.00,18.00,0.0000,612.76,1,0,3.3286,ACCEPT,0,901,517,16515,3,150,599,0,0,0,0
117,0,1,1,ACCEPT,11.2243,2.4618,613,-7,5,0.0816,132.16,1110.25,13.00,21.00,226.00,496.50,20.00,19.00,0.0000,620.88,1,0,3.3322,ACCEPT,0,953,645,15016,3,150,613,0,0,0,0
118,0,1,1,ACCEPT,11.3818,2.0833,600,-5,5,0.1750,130.12,1113.53,13.00,21.00,229.00,493.00,20.00,20.00,0.0000,628.36,1,0,3.0026,ACCEPT,0,801,515,14200,3,150,600,0,0,0,0
119,0,1,1,ACCEPT,12.3435,2.5187,675,-9,4,0.3867,126.47,1116.16,13.00,21.00,231.00,491.50,22.00,19.00,0.0000,633.34,1,0,3.1630,ACCEPT,0,863,510,15540,3,150,675,0,0,0,0
120,0,1,1,ACCEPT,11.8029,1.9596,631,-10,4,0.2837,122.41,1118.78,13.00,21.00,233.50,486.50,21.00,17.00,0.0000,641.97,1,0,3.1599,ACCEPT,0,874,1055,10065,3,150,631,0,0,0,0
121,0,1,1,ACCEPT,12.3142,1.9946,742,-10,4,0.2965,118.34,1121.41,13.00,21.00,236.50,486.00,19.00,18.00,0.0000,646.30,1,0,3.1917,ACCEPT,0,1077,800,14096,3,150,742,0,0,0,0
122,0,1,1,ACCEPT,12.6944,2.5896,795,-11,5,0.1585,113.88,1124.69,13.52,21.84,240.50,483.50,19.00,19.00,0.0000,653.57,1,1,2.2085,ACCEPT,0,1053,869,13658,3,150,795,0,0,0,0
123,0,1,1,ACCEPT,11.1065,3.0204,740,-12,2,0.2432,108.81,1126.06,13.52,21.84,243.00,481.00,20.00,20.00,0.0000,658.87,1,0,3.2555,ACCEPT,0,1199,1006,13238,3,150,740,0,0,0,0
124,0,1,1,ACCEPT,12.1042,2.6393,805,-10,5,0.1652,104.59,1129.50,13.52,21.84,247.00,478.50,20.00,19.00,0.0000,666.39,1,0,3.1888,ACCEPT,0,987,1046,10222,3,150,805,0,0,0,0
125,0,1,1,ACCEPT,9.7395,1.9522,654,-12,4,0.2217,99.53,1132.25,13.52,21.84,250.50,476.50,19.00,19.00,0.0000,672.90,1,0,3.2907,ACCEPT,0,958,1111,11991,3,150,654,0,0,0,0
126,0,1,1,ACCEPT,11.5728,2.4784,803,-12,6,0.0149,94.47,1136.38,13.52,21.84,253.50,475.00,19.00,20.00,0.0000,680.23,1,0,2.5653,ACCEPT,0,1059,972,14042,3,150,803,0,0,0,0
127,0,1,1,ACCEPT,12.3860,3.0471,905,-12,3,0.2133,89.41,1138.44,13.52,21.84,257.50,473.00,19.00,18.00,0.0000,686.34,1,0,3.0314,ACCEPT,0,1140,1021,13531,3,150,905,0,0,0,0
128,0,1,1,ACCEPT,10.3499,2.2688,785,-17,4,0.1083,82.23,1141.19,13.52,21.84,262.50,472.00,19.00,20.00,0.0000,693.04,1,0,2.8697,ACCEPT,0,1158,1097,11168,3,150,785,0,0,0,0
129,0,1,1,ACCEPT,12.7206,2.6748,872,-16,3,0.1284,75.48,1143.25,13.52,21.84,265.50,469.50,19.00,19.00,0.0000,700.03,1,0,3.1524,ACCEPT,0,1042,976,11330,3,150,872,0,0,0,0
130,0,1,1,ACCEPT,13.0223,2.6536,881,-9,5,0.0522,71.69,1146.69,13.52,21.84,268.50,469.00,19.00,20.00,0.0000,705.69,1,0,3.1011,ACCEPT,0,1042,991,10948,3,150,881,0,0,0,0
131,0,1,1,ACCEPT,12.0297,2.4495,752,-3,7,0.2221,70.42,1151.50,13.52,21.84,270.00,468.00,20.00,20.00,0.0000,712.04,1,0,3.0726,ACCEPT,0,1137,956,8739,3,150,752,0,0,0,0
132,0,1,1,ACCEPT,9.1159,2.1190,534,3,7,0.2921,71.69,1156.31,13.52,21.84,271.50,467.00,19.00,20.00,0.0000,717.69,1,0,3.1282,ACCEPT,0,946,933,8341,3,150,534,0,0,0,0
133,0,1,1,ACCEPT,10.0094,1.7355,538,3,10,0.1580,72.95,1163.19,13.52,21.84,274.50,466.50,19.00,21.00,0.0000,725.25,1,0,3.2727,ACCEPT,0,893,1027,6507,3,150,538,0,0,0,0
134,0,1,1,ACCEPT,9.0287,1.5409,490,6,8,0.1327,75.48,1168.69,13.52,21.84,278.00,467.00,18.00,20.00,0.0000,730.33,1,0,3.2330,ACCEPT,0,1132,1226,6232,3,150,490,0,0,0,0
135,0,1,1,ACCEPT,10.2509,1.3884,504,5,8,0.2837,77.59,1174.19,13.52,21.84,281.50,467.00,19.00,20.00,0.0000,736.00,1,0,3.3711,ACCEPT,0,696,1354,7822,3,150,504,0,0,0,0
136,0,1,1,ACCEPT,10.1103,1.5455,578,3,10,0.1107,78.86,1181.06,13.52,21.84,286.00,468.00,18.00,18.00,0.0000,742.54,1,0,3.1010,ACCEPT,0,999,1089,10734,3,150,578,0,0,0,0
137,0,1,1,ACCEPT,9.7326,1.3382,546,8,10,0.0018,82.23,1187.94,13.52,21.84,290.00,468.50,18.00,21.00,0.0000,748.84,1,0,3.3543,ACCEPT,0,869,2251,5962,3,150,546,0,0,0,0
138,0,1,1,ACCEPT,9.4962,1.7729,562,8,10,0.1779,85.61,1194.81,13.52,21.84,294.00,469.00,18.00,20.00,0.0000,755.14,1,0,3.2831,ACCEPT,0,977,1948,6504,3,150,562,0,0,0,0
139,0,1,1,ACCEPT,11.3488,1.7724,849,3,11,0.1025,86.88,1202.38,13.52,21.84,296.00,472.00,16.00,20.00,0.0000,759.72,1,0,3.2189,ACCEPT,0,1307,1527,9166,3,150,849,0,0,0,0
140,0,1,1,ACCEPT,10.1705,1.9373,711,9,12,0.0985,90.67,1210.62,13.52,21.84,299.50,472.50,19.00,23.00,0.0000,767.10,1,0,3.2001,ACCEPT,0,1085,1395,11878,3,150,711,0,0,0,0
141,0,1,1,ACCEPT,9.8051,2.4433,689,10,11,0.0885,94.89,1218.19,13.52,21.84,299.50,474.00,15.00,20.00,0.0000,771.80,1,0,3.1761,ACCEPT,0,878,1737,7979,3,150,689,0,0,0,0
142,0,1,1,ACCEPT,9.5829,2.0520,671,9,14,0.0551,98.69,1227.81,13.52,21.84,303.00,476.00,14.00,20.00,0.0000,779.08,1,0,3.0738,ACCEPT,0,1207,1473,8447,3,150,671,0,0,0,0
143,0,1,1,ACCEPT,10.2342,1.8543,942,5,11,0.0021,100.80,1235.38,13.52,21.84,305.50,477.50,13.00,19.00,0.0000,785.03,1,0,3.1346,ACCEPT,0,1608,1647,8253,3,150,942,0,0,0,0
144,0,1,1,ACCEPT,7.7509,1.5722,566,8,14,0.0795,104.17,1245.00,14.06,22.71,308.00,479.50,14.00,21.00,0.0000,792.17,1,1,2.8254,ACCEPT,0,1277,1550,6957,3,150,566,0,0,0,0
145,0,1,1,ACCEPT,9.5299,1.5422,731,4,10,0.0109,105.92,1252.03,14.06,22.71,310.50,481.50,15.00,19.00,0.0000,797.23,1,0,3.3488,ACCEPT,0,1215,701,14159,3,150,731,0,0,0,0
146,0,1,1,ACCEPT,8.6557,1.6799,803,-1,10,0.2005,105.48,1259.06,14.06,22.71,311.50,483.00,15.00,20.00,0.0000,802.94,1,0,3.2780,ACCEPT,0,1126,535,20495,3,150,803,0,0,0,0
147,0,1,1,ACCEPT,8.3987,1.6043,977,1,11,0.3623,105.92,1266.80,14.06,22.71,314.00,484.00,16.00,20.00,0.0000,809.98,1,0,3.2906,ACCEPT,0,1509,1574,14001,3,150,977,0,0,0,0
148,0,1,1,ACCEPT,6.8043,1.0580,1223,-7,8,0.1194,102.86,1272.42,14.06,22.71,315.50,485.00,15.00,20.00,0.0000,815.63,1,0,3.1952,ACCEPT,0,2632,1102,18669,3,150,1223,0,0,0,0
149,0,1,1,ACCEPT,6.3531,1.1490,995,1,-8,0.3387,103.30,1266.80,14.06,22.71,319.00,486.50,16.00,21.00,0.0000,809.56,1,0,3.1981,ACCEPT,0,2643,1028,15661,3,150,995,0,0,0,0
150,0,1,1,ACCEPT,7.0637,1.6240,838,-18,3,0.1575,95.42,1268.91,14.06,22.71,323.00,485.50,14.00,19.00,0.0000,815.79,1,0,3.1952,ACCEPT,0,2095,2122,8926,3,150,838,0,0,0,0
151,0,1,1,ACCEPT,10.0553,2.0465,925,-19,4,0.0389,87.11,1271.72,14.06,22.71,326.50,486.00,17.00,22.00,0.0000,821.38,1,0,3.1899,ACCEPT,0,1273,2014,9668,3,150,925,0,0,0,0
152,0,1,1,ACCEPT,10.0572,1.9227,1069,-17,5,0.0655,79.67,1275.23,14.06,22.71,329.00,486.00,20.00,22.00,0.0000,827.68,1,0,3.1249,ACCEPT,0,2238,1396,9903,3,150,1069,0,0,0,0
153,0,1,1,ACCEPT,11.8384,1.7156,760,-20,3,0.0408,70.92,1277.34,14.06,22.71,331.00,482.50,20.00,21.00,0.0000,836.31,1,0,3.3818,ACCEPT,0,1123,2277,6054,3,150,760,0,0,0,0
154,0,1,1,ACCEPT,6.5707,1.2937,326,-18,3,0.2485,63.05,1279.45,14.06,22.71,330.00,480.00,12.00,16.00,0.0000,842.85,1,0,3.0088,ACCEPT,0,873,1574,4943,3,150,326,0,0,0,0
155,0,1,1,ACCEPT,6.3916,1.3082,191,-21,-4,0.0733,53.86,1276.64,14.06,22.71,332.50,480.00,13.00,20.00,0.0000,843.96,1,0,3.3758,ACCEPT,0,615,1451,3181,3,150,191,0,0,0,0
156,0,1,1,ACCEPT,6.7550,1.0427,171,-16,-1,0.2865,46.86,1275.94,14.06,22.71,331.00,478.00,20.00,20.00,0.0000,847.02,1,0,3.2959,ACCEPT,0,460,1244,4926,3,150,171,0,0,0,0
157,0,1,1,ACCEPT,7.0829,1.1053,252,-14,-7,0.2302,40.73,1271.02,14.06,22.71,330.00,475.50,16.00,23.00,0.0000,846.47,1,0,3.2102,ACCEPT,0,501,552,8650,3,150,252,0,0,0,0
158,0,1,1,ACCEPT,7.7518,1.0565,393,-13,6,0.0331,35.05,1275.23,14.06,22.71,330.50,471.00,15.00,24.00,0.0000,856.79,1,0,3.2471,ACCEPT,0,880,724,6952,3,150,393,0,0,0,0
159,0,1,1,ACCEPT,6.9076,1.0624,528,-10,-8,0.2386,30.67,1269.61,14.06,22.71,330.50,470.00,13.00,22.00,0.0000,853.97,1,0,3.2316,ACCEPT,0,1050,768,7691,3,150,528,0,0,0,0
160,0,1,1,ACCEPT,7.1204,1.3580,751,-8,5,0.2503,27.17,1273.12,14.06,22.71,330.00,467.50,14.00,19.00,0.0000,860.66,1,0,3.1051,ACCEPT,0,1623,1688,7844,3,150,751,0,0,0,0
161,0,1,1,ACCEPT,7.6823,1.5559,960,0,8,0.3490,27.17,1278.75,14.06,22.71,330.50,465.00,15.00,22.00,0.0000,868.45,1,0,3.0518,ACCEPT,0,2009,1650,7747,3,150,960,0,0,0,0
162,0,1,1,ACCEPT,8.5256,1.1045,909,-6,5,0.3333,24.55,1282.27,14.06,22.71,332.50,463.00,11.00,20.00,0.0000,875.23,1,0,2.9214,ACCEPT,0,1332,2197,5484,3,150,909,0,0,0,0
163,0,1,0,NEGATIVE_PEAK,-6.1030,1.2807,-219,0,-9,0.4886,24.55,1282.27,14.06,22.71,332.50,460.00,13.00,22.00,0.0000,878.04,0,0,0.0000,NOT_RUN,0,739,3165,0,3,150,219,0,0,0,0
164,0,1,0,NEGATIVE_PEAK,-6.5269,1.0187,-272,-21,-7,0.2463,24.55,1282.27,14.06,22.71,334.00,457.50,14.00,19.00,0.0000,880.91,0,0,0.0000,NOT_RUN,0,882,3814,0,3,150,272,0,0,0,0
165,0,1,0,NEGATIVE_PEAK,-7.0446,1.1588,-321,-7,-2,0.5109,24.55,1282.27,14.06,22.71,335.00,454.50,14.00,21.00,0.0000,884.07,0,0,0.0000,NOT_RUN,0,873,4216,0,3,150,321,0,0,0,0
166,0,1,0,NEGATIVE_PEAK,-4.8967,1.1220,-46,-18,0,0.3478,24.55,1282.27,14.06,22.71,334.00,452.00,14.00,22.00,0.0000,886.06,0,0,0.0000,NOT_RUN,0,139,2667,0,3,150,46,0,0,0,0
167,0,1,0,NEGATIVE_PEAK,-5.6761,1.1053,-63,-15,0,0.0794,24.55,1282.27,14.06,22.71,336.00,451.00,12.00,22.00,0.0000,887.70,0,0,0.0000,NOT_RUN,0,217,3664,0,3,150,63,0,0,0,0
168,0,1,1,ACCEPT,6.8270,1.4865,55,-14,-3,0.1636,18.42,1280.16,14.06,22.71,335.50,449.00,13.00,20.00,0.0000,889.58,1,0,3.4258,ACCEPT,0,132,2770,491,3,150,55,0,0,0,0
169,0,1,1,ACCEPT,5.6711,1.2424,41,3,-3,0.0732,19.73,1278.05,14.06,22.71,337.00,450.00,14.00,22.00,0.0000,886.75,1,3,1.3963,MAX_STEP,0,103,1260,931,3,150,41,0,0,0,0
170,0,1,1,ACCEPT,6.8015,1.2162,45,3,-2,0.1556,21.05,1276.64,14.06,22.71,337.50,448.50,13.00,21.00,0.0000,886.54,1,6,1.1147,MAX_STEP,0,104,5246,824,3,150,45,0,0,0,0
171,0,1,0,NEGATIVE_PEAK,-11.9186,1.3900,-556,-12,-4,0.0324,21.05,1276.64,14.06,22.71,337.00,449.50,14.00,21.00,0.0000,885.43,0,0,0.0000,NOT_RUN,0,904,4358,0,3,150,556,0,0,0,0
172,0,1,0,NEGATIVE_PEAK,-9.3114,1.9086,-355,13,-4,0.0930,21.05,1276.64,14.06,22.71,337.50,450.00,15.00,20.00,0.0000,885.14,0,0,0.0000,NOT_RUN,0,532,5139,0,3,150,355,0,0,0,0
173,0,1,0,NEGATIVE_PEAK,-7.6285,1.1874,-659,-7,0,0.2640,21.05,1276.64,14.06,22.71,338.50,451.00,15.00,20.00,0.0000,884.57,0,0,0.0000,NOT_RUN,0,1933,3121,0,3,150,659,0,0,0,0
174,0,1,0,NEGATIVE_PEAK,-5.9192,1.0904,-422,-9,-14,0.0379,21.05,1276.64,14.06,22.71,338.00,452.50,12.00,17.00,0.0000,882.99,0,0,0.0000,NOT_RUN,0,1101,2009,0,3,150,422,0,0,0,0
175,0,1,1,ACCEPT,7.1686,1.2702,456,-15,6,0.0592,14.48,1280.86,14.06,22.71,339.00,454.50,12.00,17.00,0.0000,887.80,1,-1,1.9566,LOW_CONF,0,1006,1055,3864,3,150,456,0,0,0,0
176,0,1,1,ACCEPT,7.2347,1.4362,405,-7,-1,0.0321,11.42,1280.16,14.06,22.71,339.50,455.50,11.00,17.00,0.0000,887.52,1,0,3.1157,ACCEPT,0,958,1690,2317,3,150,405,0,0,0,0
177,0,1,1,ACCEPT,10.0412,1.3116,442,-1,-6,0.1290,10.98,1275.94,14.06,22.71,340.00,457.00,10.00,16.00,0.0000,882.56,1,0,3.2565,ACCEPT,0,754,2074,2969,3,150,442,0,0,0,0
178,0,1,1,ACCEPT,7.4784,1.0089,341,2,-5,0.0176,11.86,1272.42,14.06,22.71,342.00,458.50,12.00,17.00,0.0000,878.33,1,3,1.7630,MAX_STEP,0,621,928,3541,3,150,341,0,0,0,0
179,0,1,0,NEGATIVE_PEAK,-9.0699,1.6296,-1012,4,-3,0.1235,11.86,1272.42,14.06,22.71,342.00,458.00,14.00,16.00,0.0000,878.79,0,0,0.0000,NOT_RUN,0,1540,574,0,3,150,1012,0,0,0,0
180,0,1,0,NEGATIVE_PEAK,-8.0154,1.2527,-942,-11,7,0.4522,11.86,1272.42,14.06,22.71,343.00,457.50,12.00,15.00,0.0000,879.63,0,0,0.0000,NOT_RUN,0,1942,771,0,3,150,942,0,0,0,0
181,0,1,1,ACCEPT,6.0884,1.0860,657,-4,0,0.4612,10.11,1272.42,14.06,22.71,343.50,456.00,11.00,16.00,0.0000,881.87,1,4,1.5716,MAX_STEP,0,2168,1817,2414,3,150,657,0,0,0,0
182,0,1,1,ACCEPT,8.5008,1.2634,518,-5,-7,0.0618,7.92,1267.50,14.06,22.71,345.50,454.00,11.00,16.00,0.0000,880.76,1,0,3.1807,ACCEPT,0,990,1509,3923,3,150,518,0,0,0,0
183,0,1,0,NEGATIVE_PEAK,-7.0611,1.0131,-849,-11,3,0.7138,7.92,1267.50,14.06,22.71,347.00,449.50,10.00,17.00,0.0000,885.49,0,0,0.0000,NOT_RUN,0,1567,1309,0,3,150,849,0,0,0,0
184,0,1,0,NEGATIVE_PEAK,-6.7874,1.3862,-682,-12,7,0.2463,7.92,1267.50,14.06,22.71,347.00,445.50,10.00,15.00,0.0000,889.19,0,0,0.0000,NOT_RUN,0,1674,2121,0,3,150,682,0,0,0,0
185,0,1,0,NEGATIVE_PEAK,-8.1767,1.4584,-649,-5,-6,0.2142,7.92,1267.50,14.06,22.71,345.50,440.50,15.00,17.00,0.0000,893.25,0,0,0.0000,NOT_RUN,0,1426,1252,0,3,150,649,0,0,0,0
186,0,1,0,NEGATIVE_PEAK,-8.3048,1.3165,-728,-15,0,0.1717,7.92,1267.50,14.06,22.71,346.50,434.50,9.00,15.00,0.0000,899.18,0,0,0.0000,NOT_RUN,0,1171,1845,0,3,150,728,0,0,0,0
187,0,1,0,NEGATIVE_PEAK,-6.6764,1.0801,-364,-22,1,0.3379,7.92,1267.50,14.06,22.71,345.00,429.50,10.00,15.00,0.0000,903.25,0,0,0.0000,NOT_RUN,0,818,2229,0,3,150,364,0,0,0,0
188,0,1,1,ACCEPT,7.7907,1.3419,420,-23,-5,0.2524,-2.14,1263.98,14.06,22.71,345.50,423.00,13.00,16.00,0.0000,910.00,1,0,2.8876,ACCEPT,0,734,2536,1645,3,150,420,0,0,0,0
189,0,1,0,NEGATIVE_PEAK,-6.9777,1.1143,-507,0,-3,0.0986,-2.14,1263.98,14.06,22.71,341.50,417.50,11.00,15.00,0.0000,913.58,0,0,0.0000,NOT_RUN,0,932,497,0,3,150,507,0,0,0,0
190,0,1,0,NEGATIVE_PEAK,-3.9474,1.0607,-262,-6,6,0.0153,-2.14,1263.98,14.06,22.71,339.00,413.00,12.00,14.00,0.0000,916.82,0,0,0.0000,NOT_RUN,0,1382,518,0,3,150,262,0,0,0,0
191,0,1,1,ACCEPT,5.2920,1.2322,329,3,-11,0.3495,-0.83,1256.25,14.06,22.71,335.00,407.00,12.00,14.00,0.0000,913.24,1,0,3.1331,ACCEPT,0,1464,466,2032,3,150,329,0,0,0,0
192,0,1,0,NEGATIVE_PEAK,-7.6596,1.6145,-134,-5,6,0.4328,-0.83,1256.25,14.06,22.71,331.50,401.00,11.00,14.00,0.0000,917.55,0,0,0.0000,NOT_RUN,0,198,1417,0,3,150,134,0,0,0,0
193,0,1,1,ACCEPT,6.0909,1.0440,95,6,-5,0.5263,1.80,1252.73,13.52,21.84,328.50,395.50,9.00,15.00,0.0000,917.38,1,-1,2.6848,ACCEPT,0,165,1682,2330,3,150,95,0,0,0,0
194,0,1,1,ACCEPT,7.4466,1.3037,279,0,1,0.9355,1.80,1253.42,13.52,21.84,325.00,389.50,10.00,15.00,0.0000,922.40,1,2,1.8615,LOW_CONF,0,470,1327,3920,3,150,279,0,0,0,0
195,0,1,1,ACCEPT,9.5408,1.4963,600,6,11,0.1867,4.33,1260.98,13.52,21.84,322.00,385.00,10.00,14.00,0.0000,931.81,1,3,1.7276,MAX_STEP,0,746,1060,3833,3,150,600,0,0,0,0
196,0,1,1,ACCEPT,10.4858,1.5513,726,4,10,0.2851,6.02,1267.86,13.52,21.84,319.00,380.50,10.00,13.00,0.0000,940.94,1,2,1.9841,LOW_CONF,0,994,1225,3409,3,150,726,0,0,0,0
197,0,1,1,ACCEPT,11.4264,1.8750,735,0,10,0.1565,6.02,1274.73,13.52,21.84,316.00,377.00,10.00,14.00,0.0000,949.75,1,5,1.8469,MAX_STEP,0,1078,1004,4760,3,150,735,0,0,0,0
198,0,1,0,NEGATIVE_PEAK,-9.0678,1.1499,-468,0,-7,0.3034,6.02,1274.73,13.52,21.84,313.50,373.00,11.00,14.00,0.0000,952.72,0,0,0.0000,NOT_RUN,0,672,1591,0,3,150,468,0,0,0,0
199,0,1,0,NEGATIVE_PEAK,-11.4829,1.8932,-727,-4,4,0.0151,6.02,1274.73,13.52,21.84,310.00,370.50,10.00,15.00,0.0000,953.96,0,0,0.0000,NOT_RUN,0,901,1463,0,3,150,727,0,0,0,0
200,0,1,0,NEGATIVE_PEAK,-8.2694,1.4032,-623,-5,-9,0.1413,6.02,1274.73,13.52,21.84,307.50,368.00,11.00,14.00,0.0000,955.54,0,0,0.0000,NOT_RUN,0,848,1204,0,3,150,623,0,0,0,0
201,0,1,0,NEGATIVE_PEAK,-8.6758,1.2385,-618,-15,1,0.0793,6.02,1274.73,13.52,21.84,305.00,366.50,12.00,13.00,0.0000,956.18,0,0,0.0000,NOT_RUN,0,1167,2205,0,3,150,618,0,0,0,0
202,0,1,0,NEGATIVE_PEAK,-6.0464,1.0574,-534,-15,4,0.7360,6.02,1274.73,13.52,21.84,302.00,365.00,10.00,14.00,0.0000,956.67,0,0,0.0000,NOT_RUN,0,1142,3235,0,3,150,534,0,0,0,0
203,0,1,0,NEGATIVE_PEAK,-9.7423,1.2208,-586,-10,2,0.2099,6.02,1274.73,13.52,21.84,300.50,362.00,9.00,14.00,0.0000,959.06,0,0,0.0000,NOT_RUN,0,877,1785,0,3,150,586,0,0,0,0
204,0,1,0,NEGATIVE_PEAK,-7.0411,1.1319,-369,-13,-12,0.1084,6.02,1274.73,13.52,21.84,298.00,360.50,10.00,13.00,0.0000,959.73,0,0,0.0000,NOT_RUN,0,688,1236,0,3,150,369,0,0,0,0
0,0,0,0,ZERO_RESPONSE,0.0000,0.0000,0,0,0,0.0000,334.50,873.50,9.00,27.00,334.50,873.50,9.00,27.00,1.0000,0.00,1,0,0.0000,NOT_RUN,0,0,4960,3304,4,200,0,0,0,0,0
1,0,1,1,ACCEPT,19.1226,3.7250,149,-7,8,0.0403,332.53,880.25,9.00,27.00,332.50,881.50,7.00,27.00,0.7160,1.25,1,0,3.2403,ACCEPT,0,148,4921,2735,4,200,149,0,0,0,0
2,0,1,1,ACCEPT,15.7682,1.9889,179,-6,8,0.0223,330.84,887.00,9.00,27.00,331.00,885.50,8.00,27.00,0.8000,1.51,1,0,3.2055,ACCEPT,0,200,4189,3774,4,200,179,0,0,0,0
3,0,1,1,ACCEPT,19.4241,3.1226,331,0,7,0.0423,330.84,892.91,9.00,27.00,330.50,891.50,7.00,23.00,0.6626,1.45,1,0,3.2152,ACCEPT,0,327,3162,7016,4,200,331,0,0,0,0
4,0,1,1,ACCEPT,18.3752,2.5503,380,1,5,0.1053,331.12,897.12,9.00,27.00,331.00,896.50,8.00,25.00,0.8230,0.64,1,0,3.2930,ACCEPT,0,339,2743,10075,4,200,380,0,0,0,0
5,0,1,1,ACCEPT,16.3276,2.8763,558,7,6,0.0412,333.09,902.19,8.65,25.96,332.50,901.50,7.00,23.00,0.7166,0.91,1,-1,2.8784,ACCEPT,0,437,1564,22811,4,200,558,0,0,0,0
6,0,1,1,ACCEPT,12.3329,1.8632,749,4,6,0.1883,334.16,907.06,8.65,25.96,335.00,907.50,8.00,23.00,0.7276,0.95,1,0,3.2910,ACCEPT,0,613,1591,15294,4,200,749,0,0,0,0
7,0,1,1,ACCEPT,15.5278,2.3778,837,7,5,0.0466,336.02,911.12,8.65,25.96,336.50,909.50,9.00,21.00,0.7346,1.70,1,0,3.2316,ACCEPT,0,647,772,24407,4,200,837,0,0,0,0
8,0,1,1,ACCEPT,12.8298,1.9081,727,8,5,0.2091,338.14,915.19,8.65,25.96,339.50,913.00,9.00,20.00,0.5850,2.58,1,0,3.0394,ACCEPT,0,740,663,23186,4,200,727,0,0,0,0
9,0,1,1,ACCEPT,9.1835,1.5636,516,16,3,0.2054,342.39,917.62,8.65,25.96,344.50,918.00,9.00,24.00,0.5769,2.14,1,0,3.3070,ACCEPT,0,618,824,14340,4,200,516,0,0,0,0
10,0,1,1,ACCEPT,9.1088,1.3198,293,17,3,0.0648,346.91,920.06,8.65,25.96,349.50,920.50,9.00,23.00,0.4973,2.63,1,0,3.3388,ACCEPT,0,303,728,9937,4,200,293,0,0,0,0
11,0,1,1,ACCEPT,8.9958,1.2607,503,13,5,0.0417,350.36,924.12,8.65,25.96,353.00,924.00,12.00,28.00,0.5526,2.64,1,0,3.3580,ACCEPT,0,608,294,21498,4,200,503,0,0,0,0
12,0,1,1,ACCEPT,8.2644,1.4007,762,9,6,0.0000,352.75,929.00,8.65,25.96,355.50,929.00,9.00,26.00,0.5243,2.75,1,0,3.1400,ACCEPT,0,1369,235,20162,4,200,762,0,0,0,0
13,0,1,1,ACCEPT,7.6852,1.4185,583,-1,7,0.2144,352.48,934.69,8.65,25.96,355.50,933.00,11.00,22.00,0.4730,3.46,1,0,3.2905,ACCEPT,0,1093,398,27121,4,200,583,0,0,0,0
14,0,1,1,ACCEPT,12.8170,1.8240,746,9,5,0.0764,354.88,938.75,8.65,25.96,355.50,938.00,13.00,24.00,0.6313,0.98,1,0,3.2596,ACCEPT,0,663,413,24360,4,200,746,0,0,0,0
15,0,1,1,ACCEPT,7.3102,1.5065,467,12,4,0.2484,358.06,942.00,8.32,24.96,360.00,942.00,12.00,26.00,0.6528,1.94,1,-1,2.2814,ACCEPT,0,936,879,14558,4,200,467,0,0,0,0
16,0,1,1,ACCEPT,5.7906,1.2132,387,16,3,0.2196,362.31,944.34,8.32,24.96,365.00,945.50,10.00,23.00,0.5095,2.93,1,0,3.3303,ACCEPT,0,960,811,9645,4,200,387,0,0,0,0
17,0,1,1,ACCEPT,5.6179,1.0696,292,17,4,0.3938,366.83,947.47,8.32,24.96,370.00,947.50,8.00,23.00,0.4142,3.17,1,0,3.2490,ACCEPT,0,749,621,11496,4,200,292,0,0,0,0
18,0,1,1,ACCEPT,6.9009,1.1582,388,14,4,0.3454,370.55,950.59,8.65,25.96,373.00,950.00,12.00,24.00,0.5838,2.52,1,1,2.7829,ACCEPT,0,715,679,13046,4,200,388,0,0,0,0
19,0,1,0,NEGATIVE_PEAK,-7.3339,1.3265,-455,5,-1,0.7407,370.55,950.59,8.65,25.96,379.00,949.50,10.00,19.00,0.0417,8.52,0,0,0.0000,NOT_RUN,0,921,1112,0,4,200,455,0,0,0,0
20,0,1,0,NEGATIVE_PEAK,-5.7210,1.1026,-258,5,-4,0.7636,370.55,950.59,8.65,25.96,386.50,955.00,9.00,22.00,0.0000,16.55,0,0,0.0000,NOT_RUN,0,720,2170,0,4,200,258,0,0,0,0
21,0,1,0,NEGATIVE_PEAK,-5.5490,1.1840,-148,-4,-10,0.1757,370.55,950.59,8.65,25.96,394.00,954.00,12.00,28.00,0.0000,23.70,0,0,0.0000,NOT_RUN,0,506,1836,0,4,200,148,0,0,0,0
22,0,1,1,ACCEPT,6.6814,1.4917,270,-1,-10,0.2296,370.28,942.47,8.65,25.96,400.50,956.50,11.00,25.00,0.0000,33.32,1,0,3.1383,ACCEPT,0,675,1620,3791,4,200,270,0,0,0,0
23,0,1,0,NEGATIVE_PEAK,-3.8180,1.0145,-140,-7,-4,0.6000,370.28,942.47,8.65,25.96,404.00,958.00,12.00,26.00,0.0000,37.12,0,0,0.0000,NOT_RUN,0,633,923,0,4,200,140,0,0,0,0
24,0,1,0,NEGATIVE_PEAK,-4.2223,1.1875,-114,1,-8,0.0263,370.28,942.47,8.65,25.96,409.50,960.50,11.00,25.00,0.0000,43.17,0,0,0.0000,NOT_RUN,0,462,830,0,4,200,114,0,0,0,0
25,0,1,0,NEGATIVE_PEAK,-3.6222,1.0800,-54,-7,-10,0.0556,370.28,942.47,8.65,25.96,413.50,963.00,11.00,26.00,0.0000,47.85,0,0,0.0000,NOT_RUN,0,198,868,0,4,200,54,0,0,0,0
26,0,1,0,NEGATIVE_PEAK,-4.5957,1.1481,-62,5,-11,0.0484,370.28,942.47,8.65,25.96,416.50,966.00,9.00,24.00,0.0000,51.86,0,0,0.0000,NOT_RUN,0,297,714,0,4,200,62,0,0,0,0
27,0,1,0,NEGATIVE_PEAK,-4.8189,1.3158,-50,-2,-13,0.3800,370.28,942.47,8.65,25.96,421.00,970.00,8.00,20.00,0.0000,57.71,0,0,0.0000,NOT_RUN,0,189,773,0,4,200,50,0,0,0,0
28,0,1,0,NEGATIVE_PEAK,-6.6758,1.2115,-63,-14,-15,0.0476,370.28,942.47,8.65,25.96,425.50,973.00,11.00,22.00,0.0000,63.10,0,0,0.0000,NOT_RUN,0,151,599,0,4,200,63,0,0,0,0
29,0,1,0,NEGATIVE_PEAK,-7.1021,1.0610,-87,-11,-16,0.1494,370.28,942.47,8.65,25.96,425.00,977.00,12.00,22.00,0.0000,64.70,0,0,0.0000,NOT_RUN,0,213,350,0,4,200,87,0,0,0,0
30,0,1,0,NEGATIVE_PEAK,-7.9225,1.4730,-109,-6,-15,0.4220,370.28,942.47,8.65,25.96,426.00,979.50,12.00,23.00,0.0000,66.90,0,0,0.0000,NOT_RUN,0,221,615,0,4,200,109,0,0,0,0
31,0,1,0,NEGATIVE_PEAK,-6.3135,1.1395,-98,-5,-16,0.4388,370.28,942.47,8.65,25.96,426.50,985.00,9.00,20.00,0.0000,70.49,0,0,0.0000,NOT_RUN,0,217,410,0,4,200,98,0,0,0,0
32,0,1,0,NEGATIVE_PEAK,-6.0347,1.2152,-96,-5,-15,0.4375,370.28,942.47,8.65,25.96,425.50,988.50,13.00,23.00,0.0000,71.89,0,0,0.0000,NOT_RUN,0,216,356,0,4,200,96,0,0,0,0
33,0,1,1,ACCEPT,5.9799,1.1414,113,-7,-19,0.0885,368.42,927.03,8.65,25.96,425.00,994.00,12.00,20.00,0.0000,87.67,1,-10,0.7721,MAX_STEP,0,254,338,7667,4,200,113,0,0,0,0
34,0,1,1,ACCEPT,6.8082,1.0591,233,0,1,0.8927,368.42,927.84,8.65,25.96,426.50,998.00,13.00,24.00,0.0000,91.08,1,-5,2.0018,MAX_STEP,0,384,359,11909,4,200,233,0,0,0,0
35,0,1,0,NEGATIVE_PEAK,-5.9568,1.1200,-224,2,16,0.5089,368.42,927.84,8.65,25.96,425.00,1002.50,14.00,21.00,0.0000,93.67,0,0,0.0000,NOT_RUN,0,475,383,0,4,200,224,0,0,0,0
36,0,1,0,NEGATIVE_PEAK,-5.2642,1.0876,-149,11,18,0.3154,368.42,927.84,8.65,25.96,425.50,1006.00,11.00,20.00,0.0000,96.78,0,0,0.0000,NOT_RUN,0,383,363,0,4,200,149,0,0,0,0
37,0,1,1,ACCEPT,4.2728,1.1467,86,18,4,0.3721,373.20,931.09,8.32,24.96,430.00,1012.50,14.00,23.00,0.0000,99.26,1,-1,2.0152,ACCEPT,0,269,616,4001,4,200,86,0,0,0,0
38,0,1,1,ACCEPT,5.9715,1.1318,146,10,2,0.1301,375.86,932.66,8.32,24.96,433.00,1016.00,12.00,20.00,0.0000,101.05,1,0,2.3466,ACCEPT,0,308,362,9382,4,200,146,0,0,0,0
39,0,1,1,ACCEPT,6.1601,1.0573,203,9,1,0.4680,378.25,933.44,8.32,24.96,435.50,1020.50,13.00,21.00,0.0000,104.20,1,0,2.4129,ACCEPT,0,388,286,9872,4,200,203,0,0,0,0
40,0,1,1,ACCEPT,7.1056,1.1503,199,13,2,0.0201,381.70,935.00,8.32,24.96,438.00,1027.00,12.00,24.00,0.0000,107.86,1,0,2.5548,ACCEPT,0,388,411,6659,4,200,199,0,0,0,0
41,0,1,1,ACCEPT,7.7529,1.2361,267,10,0,0.1311,384.36,935.00,8.65,25.96,442.50,1031.50,11.00,23.00,0.0000,112.66,1,1,2.4232,ACCEPT,0,535,308,8382,4,200,267,0,0,0,0
42,0,1,1,ACCEPT,8.0828,1.5946,177,17,1,0.0339,388.88,935.81,8.65,25.96,446.00,1034.50,12.00,21.00,0.0000,114.03,1,0,2.7145,ACCEPT,0,396,389,5454,4,200,177,0,0,0,0
43,0,1,1,ACCEPT,9.1215,1.4469,259,12,2,0.0734,392.06,937.44,9.00,27.00,449.00,1039.00,10.00,20.00,0.0000,116.43,1,1,2.2700,ACCEPT,0,513,353,6657,4,200,259,0,0,0,0
44,0,1,1,ACCEPT,9.2125,1.2198,283,9,3,0.0813,394.59,939.97,9.00,27.00,450.50,1045.50,13.00,21.00,0.0000,119.43,1,0,2.3256,ACCEPT,0,518,430,6779,4,200,283,0,0,0,0
45,0,1,1,ACCEPT,10.9413,1.2305,411,2,2,0.5693,395.16,941.66,9.00,27.00,451.50,1051.50,11.00,19.00,0.0000,123.45,1,0,2.4766,ACCEPT,0,540,260,11775,4,200,411,0,0,0,0
46,0,1,1,ACCEPT,10.9700,1.3900,474,5,1,0.2595,396.56,942.50,9.00,27.00,452.50,1056.00,13.00,16.00,0.0000,126.54,1,1,1.9636,LOW_CONF,0,495,190,12137,4,200,474,0,0,0,0
47,0,1,1,ACCEPT,12.2564,1.5937,502,0,2,0.5936,396.56,944.19,9.36,28.08,453.00,1061.50,14.00,21.00,0.0000,130.18,1,1,2.0957,ACCEPT,0,448,213,12655,4,200,502,0,0,0,0
48,0,1,1,ACCEPT,14.1478,1.7303,526,-2,4,0.0266,395.97,947.69,9.36,28.08,453.00,1067.00,12.00,22.00,0.0000,132.24,1,0,2.4889,ACCEPT,0,533,499,5232,4,200,526,0,0,0,0
49,0,1,1,ACCEPT,15.4420,2.3233,539,2,2,0.2301,396.56,949.44,9.36,28.08,451.50,1074.50,11.00,21.00,0.0000,136.60,1,0,2.6408,ACCEPT,0,479,407,7313,4,200,539,0,0,0,0
50,0,1,1,ACCEPT,14.8675,2.2134,560,5,2,0.2375,398.05,951.19,9.36,28.08,453.50,1079.50,13.00,21.00,0.0000,139.78,1,0,2.8638,ACCEPT,0,599,292,8474,4,200,560,0,0,0,0
51,0,1,1,ACCEPT,16.5075,2.3660,627,6,1,0.3860,399.83,952.06,9.36,28.08,454.00,1084.50,12.00,21.00,0.0000,143.09,1,0,2.7631,ACCEPT,0,615,328,9304,4,200,627,0,0,0,0
52,0,1,1,ACCEPT,17.3329,2.0000,790,2,0,0.4481,400.42,952.06,9.36,28.08,456.50,1089.00,11.00,18.00,0.0000,147.98,1,0,2.8887,ACCEPT,0,759,340,9485,4,200,790,0,0,0,0
53,0,1,1,ACCEPT,17.0647,2.6778,723,9,-1,0.1577,403.09,951.19,9.73,29.20,456.50,1093.50,11.00,19.00,0.0000,152.00,1,1,2.4366,ACCEPT,0,714,363,6774,4,200,723,0,0,0,0
54,0,1,1,ACCEPT,18.9260,2.5857,724,5,-1,0.2017,404.58,950.28,9.73,29.20,458.00,1095.50,12.00,19.00,0.0000,154.73,1,0,2.6920,ACCEPT,0,671,690,4692,4,200,724,0,0,0,0
55,0,1,1,ACCEPT,19.8274,2.5054,694,11,-1,0.1657,407.84,949.38,9.73,29.20,462.00,1096.00,10.00,18.00,0.0000,156.31,1,0,2.7608,ACCEPT,0,607,289,8342,4,200,694,0,0,0,0
56,0,1,1,ACCEPT,18.5035,2.1645,658,12,-2,0.0623,411.41,947.56,9.73,29.20,466.50,1099.50,11.00,21.00,0.0000,161.62,1,0,2.7752,ACCEPT,0,596,302,6604,4,200,658,0,0,0,0
57,0,1,1,ACCEPT,19.9779,2.2393,683,11,-4,0.1054,414.67,943.94,9.73,29.20,470.00,1100.50,12.00,21.00,0.0000,166.05,1,0,2.6122,ACCEPT,0,574,247,7918,4,200,683,0,0,0,0
58,0,1,1,ACCEPT,24.6702,2.1869,901,6,-3,0.1365,416.45,941.22,9.73,29.20,473.00,1102.00,14.00,20.00,0.0000,170.44,1,0,2.7061,ACCEPT,0,615,250,9422,4,200,901,0,0,0,0
59,0,1,1,ACCEPT,21.0883,2.0493,914,8,-2,0.1816,418.83,939.41,9.73,29.20,473.50,1104.50,11.00,21.00,0.0000,173.91,1,0,2.8994,ACCEPT,0,695,206,10646,4,200,914,0,0,0,0
60,0,1,1,ACCEPT,24.6457,3.3295,859,2,-1,0.6356,419.42,938.50,9.73,29.20,473.00,1106.50,12.00,21.00,0.0000,176.34,1,0,2.7476,ACCEPT,0,541,644,4988,4,200,859,0,0,0,0
61,0,1,1,ACCEPT,24.8347,2.9467,884,-2,-2,0.2975,418.83,936.69,10.12,30.37,470.00,1110.00,12.00,20.00,0.0000,180.71,1,1,2.5404,ACCEPT,0,572,447,7939,4,200,884,0,0,0,0
62,0,1,1,ACCEPT,23.6160,2.8811,824,-6,-1,0.0813,416.95,935.73,10.12,30.37,466.00,1115.00,12.00,22.00,0.0000,185.85,1,1,1.8921,LOW_CONF,0,530,1019,4019,4,200,824,0,0,0,0
63,0,1,1,ACCEPT,26.9411,3.5822,806,-4,1,0.4132,415.70,936.69,10.53,31.59,461.50,1120.00,11.00,22.00,0.0000,188.95,1,1,2.5810,ACCEPT,0,541,874,4215,4,200,806,0,0,0,0
64,0,1,1,ACCEPT,22.3460,2.9765,759,-8,0,0.0553,413.08,936.69,10.95,32.85,457.00,1125.00,12.00,22.00,0.0000,193.37,1,1,2.4905,ACCEPT,0,604,718,4082,4,200,759,0,0,0,0
65,0,1,1,ACCEPT,26.5252,2.8840,1044,-2,0,0.7701,412.39,936.69,11.39,34.16,451.50,1130.50,11.00,25.00,0.0000,197.72,1,1,2.5554,ACCEPT,0,702,492,7761,4,200,1044,0,0,0,0
66,0,1,1,ACCEPT,27.6186,3.3278,1411,-4,0,0.1339,410.95,936.69,11.84,35.53,448.00,1134.50,10.00,21.00,0.0000,201.25,1,1,2.6264,ACCEPT,0,956,669,5097,4,200,1411,0,0,0,0
67,0,1,1,ACCEPT,24.9802,3.0412,1034,-6,1,0.1915,408.70,937.80,12.32,36.95,442.00,1141.50,10.00,21.00,0.0000,206.41,1,1,2.3173,ACCEPT,0,859,659,4107,4,200,1034,0,0,0,0
68,0,1,1,ACCEPT,18.3296,2.2523,723,-13,4,0.0221,403.62,942.42,12.32,36.95,431.50,1149.50,9.00,21.00,0.0000,208.95,1,0,2.8990,ACCEPT,0,770,832,3217,4,200,723,0,0,0,0
69,0,1,1,ACCEPT,13.5565,2.6592,476,-17,4,0.1513,396.98,947.05,12.32,36.95,418.50,1159.00,9.00,22.00,0.0000,213.04,1,0,2.9411,ACCEPT,0,528,720,2991,4,200,476,0,0,0,0
70,0,1,1,ACCEPT,19.2184,1.7912,652,-14,4,0.1580,391.52,951.67,12.32,36.95,406.50,1169.00,9.00,22.00,0.0000,217.84,1,0,2.9798,ACCEPT,0,567,783,3671,4,200,652,0,0,0,0
71,0,1,1,ACCEPT,17.5174,2.0699,799,-15,3,0.0638,385.66,955.14,12.81,38.43,396.50,1176.50,9.00,25.00,0.0000,221.62,1,1,2.6243,ACCEPT,0,754,979,2470,4,200,799,0,0,0,0
72,0,1,1,ACCEPT,21.7086,1.6624,1039,-11,4,0.0510,381.19,959.95,12.81,38.43,387.00,1186.50,8.00,23.00,0.0000,226.62,1,0,2.8401,ACCEPT,0,741,771,4252,4,200,1039,0,0,0,0
73,0,1,1,ACCEPT,23.2578,2.0027,1476,-8,3,0.0068,377.94,963.56,12.81,38.43,378.50,1195.00,9.00,22.00,0.0000,231.44,1,4,1.7960,MAX_STEP,0,1122,890,5103,4,200,1476,0,0,0,0
74,0,1,1,ACCEPT,22.0065,2.2992,1414,-12,5,0.0976,373.06,969.58,13.32,39.97,369.50,1203.50,9.00,23.00,0.0000,233.95,1,1,2.6417,ACCEPT,0,1070,887,3932,4,200,1414,0,0,0,0
75,0,1,1,ACCEPT,22.1010,3.1444,1154,-14,4,0.0225,367.16,974.58,13.32,39.97,359.00,1212.50,8.00,21.00,0.0000,238.06,1,0,2.8167,ACCEPT,0,696,1035,2793,4,200,1154,0,0,0,0
76,0,1,1,ACCEPT,28.1625,2.9519,1535,-10,4,0.2098,362.94,979.58,13.32,39.97,350.00,1221.50,8.00,23.00,0.0000,242.27,1,0,2.6932,ACCEPT,0,807,948,3955,4,200,1535,0,0,0,0
77,0,1,1,ACCEPT,24.5985,3.2130,1735,-10,3,0.2225,358.72,983.33,13.86,41.57,342.00,1230.00,8.00,22.00,0.0000,247.24,1,1,2.4352,ACCEPT,0,916,955,3967,4,200,1735,0,0,0,0
78,0,1,1,ACCEPT,29.5930,2.9845,2113,-7,4,0.0180,355.66,988.52,13.86,41.57,333.50,1237.00,7.00,20.00,0.0000,249.47,1,0,2.9841,ACCEPT,0,1125,798,5147,4,200,2113,0,0,0,0
79,0,1,1,ACCEPT,36.4351,2.6476,2690,-5,2,0.1268,353.47,991.11,14.41,43.23,327.00,1243.50,6.00,23.00,0.0000,253.77,1,1,2.4832,ACCEPT,0,1135,1070,4603,4,200,2690,0,0,0,0
80,0,1,1,ACCEPT,38.3999,2.5884,3119,-1,3,0.3382,353.02,995.14,14.41,43.23,323.50,1249.50,7.00,21.00,0.0000,256.07,1,0,2.9409,ACCEPT,0,1263,890,4935,4,200,3119,0,0,0,0
81,0,1,1,ACCEPT,36.3828,2.9474,4150,1,1,0.6916,353.47,996.48,14.41,43.23,319.00,1254.00,6.00,22.00,0.0000,259.81,1,0,2.9280,ACCEPT,0,1948,985,4832,4,200,4150,0,0,0,0
82,0,1,1,ACCEPT,35.6830,2.7009,4397,3,1,0.0746,354.83,997.83,14.41,43.23,317.00,1259.00,6.00,22.00,0.0000,263.90,1,0,3.1063,ACCEPT,0,2041,974,4419,4,200,4397,0,0,0,0
83,0,1,1,ACCEPT,38.8633,3.3397,4405,1,0,0.9351,355.28,997.83,14.41,43.23,314.00,1262.00,6.00,18.00,0.0000,267.38,1,0,3.0641,ACCEPT,0,1963,1065,5000,4,200,4405,0,0,0,0
84,0,1,1,ACCEPT,38.5115,3.2479,4599,3,0,0.0315,356.64,997.83,14.41,43.23,310.50,1265.50,5.00,19.00,0.0000,271.62,1,0,3.1817,ACCEPT,0,2274,1033,5334,4,200,4599,0,0,0,0
85,0,1,1,ACCEPT,42.4982,3.8819,5097,3,0,0.2272,358.00,997.83,14.41,43.23,305.50,1268.00,5.00,22.00,0.0000,275.23,1,0,3.2098,ACCEPT,0,2384,1132,5761,4,200,5097,0,0,0,0
86,0,1,1,ACCEPT,40.6543,3.8351,4836,0,0,1.0000,358.00,997.83,14.41,43.23,296.50,1268.50,5.00,21.00,0.0000,277.57,1,0,3.2384,ACCEPT,0,2154,1216,6022,4,200,4836,0,0,0,0
87,0,1,1,ACCEPT,31.4418,3.4134,4434,-7,0,0.1969,354.83,997.83,14.41,43.23,284.50,1269.00,5.00,20.00,0.0000,280.14,1,0,3.2870,ACCEPT,0,2254,1569,4616,4,200,4434,0,0,0,0
88,0,1,1,ACCEPT,24.6022,2.8591,3205,-11,0,0.0300,349.84,997.83,14.41,43.23,269.00,1268.50,6.00,21.00,0.0000,282.49,1,0,3.3349,ACCEPT,0,2065,1276,5178,4,200,3205,0,0,0,0
89,0,1,1,ACCEPT,19.5720,2.5391,2953,-13,-1,0.0149,343.95,996.48,14.99,44.96,251.00,1265.50,6.00,19.00,0.0000,284.62,1,1,2.9563,ACCEPT,0,2453,1424,4964,4,200,2953,0,0,0,0
90,0,1,1,ACCEPT,15.3712,1.9028,2192,-14,0,0.0420,337.39,996.48,14.99,44.96,231.00,1264.00,6.00,18.00,0.0000,287.90,1,0,3.0008,ACCEPT,0,2210,1437,4908,4,200,2192,0,0,0,0
91,0,1,1,ACCEPT,14.3073,1.8960,2097,-16,-1,0.1044,329.89,995.08,15.59,46.76,211.00,1260.50,6.00,19.00,0.0000,290.83,1,1,2.9557,ACCEPT,0,1963,1380,5371,4,200,2097,0,0,0,0
92,0,1,1,ACCEPT,14.2401,1.7605,2132,-16,-1,0.0061,322.14,993.61,15.59,46.76,194.00,1257.50,6.00,19.00,0.0000,293.36,1,0,2.9166,ACCEPT,0,2006,1363,5774,4,200,2132,0,0,0,0
93,0,1,1,ACCEPT,21.4618,2.7628,3086,-10,-1,0.0250,317.30,992.14,16.21,48.63,179.00,1253.50,6.00,19.00,0.0000,295.69,1,1,2.9017,ACCEPT,0,2067,1389,6186,4,200,3086,0,0,0,0
94,0,1,1,ACCEPT,22.3858,2.4521,3276,-8,-1,0.0705,313.30,990.62,16.86,50.57,163.50,1251.00,7.00,20.00,0.0000,300.39,1,1,2.7356,ACCEPT,0,1656,1328,7055,4,200,3276,0,0,0,0
95,0,1,1,ACCEPT,19.5628,2.9219,2919,-12,-1,0.1137,306.92,989.05,17.53,52.59,147.00,1246.50,8.00,19.00,0.0000,303.08,1,1,2.5542,ACCEPT,0,1678,1304,6530,4,200,2919,0,0,0,0
96,0,1,1,ACCEPT,19.1501,2.7585,2673,-12,0,0.0759,300.36,989.05,17.53,52.59,131.00,1241.50,8.00,17.00,0.0000,304.00,1,1,2.7329,OUT_OF_RANGE,0,1513,1342,6089,4,200,2673,0,0,0,0
97,0,1,1,ACCEPT,19.2189,2.5850,2753,-9,-1,0.2325,295.44,987.41,17.53,52.59,116.50,1236.50,9.00,15.00,0.0000,306.70,1,2,1.9536,OUT_OF_RANGE,0,1561,1244,7283,4,200,2753,0,0,0,0
98,0,1,1,ACCEPT,19.4726,2.3317,2819,-9,0,0.1951,290.52,987.41,17.53,52.59,102.50,1231.50,11.00,19.00,0.0000,308.11,1,1,2.2843,OUT_OF_RANGE,0,1700,1280,6677,4,200,2819,0,0,0,0
99,0,1,1,ACCEPT,15.7266,2.4675,2507,-11,0,0.1364,284.50,987.41,17.53,52.59,88.00,1225.50,10.00,15.00,0.0000,308.71,1,2,2.2417,OUT_OF_RANGE,0,1750,1235,6530,4,200,2507,0,0,0,0
100,0,1,1,ACCEPT,16.4315,2.1220,2470,-12,0,0.1437,277.94,987.41,17.53,52.59,73.50,1219.50,15.00,17.00,0.0000,309.29,1,1,2.4337,OUT_OF_RANGE,0,1644,1097,9054,4,200,2470,0,0,0,0
101,0,1,1,ACCEPT,21.5988,2.0310,3609,-8,-1,0.1621,273.56,985.77,17.53,52.59,61.50,1213.50,11.00,15.00,0.0000,311.18,1,1,2.3290,OUT_OF_RANGE,0,2384,1103,9431,4,200,3609,0,0,0,0
102,0,1,1,ACCEPT,25.1362,2.4058,5454,-3,-2,0.1008,271.92,982.48,17.53,52.59,55.00,1206.50,12.00,15.00,0.0000,311.83,1,0,1.7997,LOW_CONF,0,3583,965,13827,4,200,5454,0,0,0,0
103,0,1,1,ACCEPT,25.8381,2.9379,6287,1,-1,0.8500,272.47,980.84,17.53,52.59,50.00,1199.50,10.00,15.00,0.0000,311.93,1,0,2.3034,ACCEPT,0,3973,952,15197,4,200,6287,0,0,0,0
104,0,1,1,ACCEPT,26.6817,3.0098,6474,2,-2,0.6766,273.56,977.56,17.53,52.59,45.50,1194.00,11.00,16.00,0.0000,314.42,1,1,2.1974,OUT_OF_RANGE,0,3714,1004,13809,4,200,6474,0,0,0,0
105,0,1,1,ACCEPT,26.7732,3.3641,6550,1,-2,0.7369,274.11,974.28,17.53,52.59,44.50,1186.50,13.00,15.00,0.0000,312.66,1,2,1.6113,OUT_OF_RANGE,0,3761,871,13987,4,200,6550,0,0,0,0
106,0,1,1,ACCEPT,25.7002,3.6143,5895,5,-1,0.2003,276.84,972.64,17.53,52.59,42.00,1180.50,14.00,15.00,0.0000,313.62,1,0,2.1774,ACCEPT,0,3709,978,12232,4,200,5895,0,0,0,0
107,0,1,1,ACCEPT,24.7257,3.7755,5078,7,-2,0.1373,280.67,969.36,17.53,52.59,44.50,1175.50,15.00,17.00,0.0000,313.48,1,2,2.0152,OUT_OF_RANGE,0,3051,698,16221,4,200,5078,0,0,0,0
108,0,1,1,ACCEPT,21.9728,3.2779,4648,8,-1,0.0667,285.05,967.72,17.53,52.59,47.50,1170.50,15.00,17.00,0.0000,312.33,1,0,2.6455,ACCEPT,0,3485,772,13294,4,200,4648,0,0,0,0
109,0,1,1,ACCEPT,21.8423,3.6171,4279,8,-2,0.0507,289.42,964.44,17.53,52.59,49.00,1164.50,12.00,13.00,0.0000,312.77,1,0,2.9117,ACCEPT,0,3359,760,11512,4,200,4279,0,0,0,0
110,0,1,1,ACCEPT,25.3028,2.9351,5471,6,-2,0.2500,292.70,961.16,17.53,52.59,49.50,1158.50,13.00,13.00,0.0000,313.20,1,1,2.9275,OUT_OF_RANGE,0,3424,697,12422,4,200,5471,0,0,0,0
111,0,1,1,ACCEPT,26.2033,4.3446,6543,2,-2,0.5383,293.80,957.88,17.53,52.59,49.50,1152.00,13.00,12.00,0.0000,312.03,1,1,2.7635,OUT_OF_RANGE,0,3754,559,13918,4,200,6543,0,0,0,0
112,0,1,1,ACCEPT,25.0723,4.0444,5646,7,-2,0.1504,297.62,954.59,17.53,52.59,54.00,1145.00,12.00,12.00,0.0000,309.20,1,0,2.9203,ACCEPT,0,3521,516,11752,4,200,5646,0,0,0,0
113,0,1,1,ACCEPT,25.5793,3.7669,5688,8,-3,0.1598,302.00,949.67,17.53,52.59,57.00,1140.50,12.00,13.00,0.0000,310.55,1,1,2.8298,OUT_OF_RANGE,0,3312,534,11661,4,200,5688,0,0,0,0
114,0,1,1,ACCEPT,25.4400,4.1508,5670,5,-2,0.2242,304.73,946.39,17.53,52.59,59.00,1134.50,12.00,13.00,0.0000,309.47,1,1,2.9383,OUT_OF_RANGE,0,3116,586,10626,4,200,5670,0,0,0,0
115,0,1,1,ACCEPT,26.3359,4.1249,5284,7,-2,0.1930,308.56,943.11,17.53,52.59,63.00,1128.50,12.00,13.00,0.0000,307.69,1,1,3.0322,OUT_OF_RANGE,0,3076,481,11337,4,200,5284,0,0,0,0
116,0,1,1,ACCEPT,23.9793,3.0818,4900,10,-2,0.0424,314.03,939.83,17.53,52.59,70.50,1123.00,17.00,12.00,0.0000,304.73,1,0,3.1633,ACCEPT,0,3261,470,11386,4,200,4900,0,0,0,0
117,0,1,1,ACCEPT,18.7668,2.2991,4235,14,-3,0.1393,321.69,934.91,17.53,52.59,76.50,1120.00,13.00,16.00,0.0000,307.21,1,1,3.0193,OUT_OF_RANGE,0,3584,360,12329,4,200,4235,0,0,0,0
118,0,1,1,ACCEPT,23.1460,2.8455,5654,9,-2,0.1737,326.61,931.62,17.53,52.59,81.50,1115.50,15.00,15.00,0.0000,306.41,1,1,2.6943,OUT_OF_RANGE,0,4389,375,14757,4,200,5654,0,0,0,0
119,0,1,1,ACCEPT,27.5797,4.8570,6081,5,0,0.0178,329.34,931.62,17.53,52.59,82.50,1110.50,11.00,11.00,0.0000,304.84,1,0,3.1632,ACCEPT,0,4136,664,12376,4,200,6081,0,0,0,0
120,0,1,1,ACCEPT,23.7746,3.4505,6059,10,-1,0.0142,334.81,929.98,17.53,52.59,90.50,1108.00,11.00,12.00,0.0000,302.29,1,1,3.0178,OUT_OF_RANGE,0,5175,704,11333,4,200,6059,0,0,0,0
121,0,1,1,ACCEPT,13.9948,1.9695,3492,17,-1,0.0450,344.11,928.34,17.53,52.59,102.50,1107.00,11.00,12.00,0.0000,300.49,1,0,3.1504,ACCEPT,0,4149,370,14189,4,200,3492,0,0,0,0
122,0,1,1,ACCEPT,11.4489,1.5443,3206,19,-1,0.0381,354.50,926.70,17.53,52.59,114.00,1106.00,12.00,16.00,0.0000,299.98,1,0,3.2660,ACCEPT,0,4330,570,9587,4,200,3206,0,0,0,0
123,0,1,1,ACCEPT,17.6713,2.4852,5696,14,-1,0.1175,362.16,925.06,17.53,52.59,121.00,1104.50,14.00,13.00,0.0000,300.59,1,1,3.1195,OUT_OF_RANGE,0,5936,848,7282,4,200,5696,0,0,0,0
124,0,1,1,ACCEPT,21.1846,3.6206,5764,10,0,0.0720,367.62,925.06,17.53,52.59,124.00,1101.00,14.00,14.00,0.0000,300.51,1,1,2.8037,OUT_OF_RANGE,0,5586,2310,4284,4,200,5764,0,0,0,0
125,0,1,1,ACCEPT,26.7352,4.1506,6616,3,1,0.2066,369.27,926.70,17.53,52.59,125.50,1098.50,15.00,15.00,0.0000,298.22,1,1,3.0557,OUT_OF_RANGE,0,4261,3913,3396,4,200,6616,0,0,0,0
126,0,1,1,ACCEPT,29.4341,6.1720,6135,7,0,0.0587,373.09,926.70,17.53,52.59,129.00,1096.00,14.00,14.00,0.0000,297.06,1,1,2.7746,OUT_OF_RANGE,0,3602,4218,3480,4,200,6135,0,0,0,0
127,0,1,1,ACCEPT,29.3326,5.9946,5539,7,0,0.0599,376.92,926.70,17.53,52.59,134.00,1094.50,14.00,15.00,0.0000,295.24,1,1,2.9884,OUT_OF_RANGE,0,3374,3471,5149,4,200,5539,0,0,0,0
128,0,1,1,ACCEPT,29.8192,4.9825,5396,9,0,0.0625,381.84,926.70,17.53,52.59,139.50,1093.50,15.00,15.00,0.0000,294.20,1,0,2.9944,ACCEPT,0,3148,3335,4744,4,200,5396,0,0,0,0
129,0,1,1,ACCEPT,30.9465,5.5073,4929,7,0,0.0225,385.67,926.70,17.53,52.59,144.00,1090.50,14.00,15.00,0.0000,291.95,1,1,3.0480,OUT_OF_RANGE,0,2624,2740,6195,4,200,4929,0,0,0,0
130,0,1,1,ACCEPT,29.8816,5.4181,4600,10,-1,0.0411,391.14,925.06,17.53,52.59,150.50,1088.00,13.00,14.00,0.0000,290.61,1,1,2.6865,OUT_OF_RANGE,0,2520,2651,5406,4,200,4600,0,0,0,0
131,0,1,1,ACCEPT,30.7486,6.0192,3449,11,0,0.0394,397.16,925.06,17.53,52.59,157.00,1086.00,14.00,14.00,0.0000,289.09,1,1,3.0005,OUT_OF_RANGE,0,2022,2483,4699,4,200,3449,0,0,0,0
132,0,1,1,ACCEPT,29.7003,5.5673,2522,14,-1,0.0091,404.81,923.42,17.53,52.59,165.50,1083.50,15.00,15.00,0.0000,287.92,1,1,2.8343,OUT_OF_RANGE,0,1566,2664,5406,4,200,2522,0,0,0,0
133,0,1,1,ACCEPT,30.0434,4.6946,3244,13,-1,0.0678,411.92,921.78,17.53,52.59,173.50,1078.50,15.00,15.00,0.0000,285.32,1,1,2.9357,OUT_OF_RANGE,0,2044,2154,5697,4,200,3244,0,0,0,0
134,0,1,1,ACCEPT,34.0781,5.7566,3074,11,-1,0.0049,417.94,920.14,17.53,52.59,179.00,1074.50,14.00,15.00,0.0000,284.46,1,1,2.7862,OUT_OF_RANGE,0,1731,1640,7580,4,200,3074,0,0,0,0
135,0,1,1,ACCEPT,34.9520,4.9562,3737,6,0,0.0971,421.22,920.14,17.53,52.59,179.50,1067.50,13.00,15.00,0.0000,283.09,1,1,2.7212,OUT_OF_RANGE,0,2123,1444,9254,4,200,3737,0,0,0,0
136,0,1,1,ACCEPT,30.8845,4.2294,3282,-3,1,0.2892,419.58,921.78,17.53,52.59,174.50,1060.50,13.00,15.00,0.0000,281.61,1,0,2.5963,ACCEPT,0,2133,1288,12491,4,200,3282,0,0,0,0
137,0,1,1,ACCEPT,31.7518,4.9087,4084,-6,1,0.0791,416.30,923.42,17.53,52.59,168.50,1053.00,17.00,20.00,0.0000,279.63,1,1,2.7642,OUT_OF_RANGE,0,2639,1332,12393,4,200,4084,0,0,0,0
138,0,1,1,ACCEPT,35.8781,4.6474,4745,1,-1,0.8518,416.84,921.78,17.53,52.59,166.00,1041.50,14.00,15.00,0.0000,277.95,1,1,2.5966,OUT_OF_RANGE,0,2769,1750,9533,4,200,4745,0,0,0,0
139,0,1,1,ACCEPT,30.3253,3.9303,3891,3,-3,0.0357,418.48,916.86,17.53,52.59,168.50,1031.00,13.00,16.00,0.0000,274.81,1,1,2.4641,OUT_OF_RANGE,0,2125,1956,9505,4,200,3891,0,0,0,0
140,0,1,1,ACCEPT,32.0122,4.4593,4437,6,-3,0.0189,421.77,911.94,17.53,52.59,170.50,1019.00,13.00,16.00,0.0000,273.12,1,1,2.4751,OUT_OF_RANGE,0,2349,1946,8296,4,200,4437,0,0,0,0
141,0,1,1,ACCEPT,29.3920,4.0603,4105,5,-3,0.0210,424.50,907.02,17.53,52.59,173.00,1008.50,14.00,17.00,0.0000,271.20,1,1,2.5183,OUT_OF_RANGE,0,2328,1665,8816,4,200,4105,0,0,0,0
142,0,1,1,ACCEPT,29.7722,4.3889,3397,8,-3,0.0916,428.88,902.09,17.53,52.59,178.50,996.00,13.00,16.00,0.0000,267.41,1,1,2.8008,OUT_OF_RANGE,0,1944,2344,5436,4,200,3397,0,0,0,0
143,0,1,1,ACCEPT,29.6179,4.2434,2894,9,-4,0.0183,433.80,895.53,17.53,52.59,183.50,984.50,13.00,17.00,0.0000,265.64,1,1,2.7637,OUT_OF_RANGE,0,1761,2299,6241,4,200,2894,0,0,0,0
144,0,1,1,ACCEPT,30.5639,4.8727,2909,12,-5,0.0021,440.36,887.33,17.53,52.59,191.00,972.50,12.00,17.00,0.0000,263.50,1,1,2.7005,OUT_OF_RANGE,0,1622,2466,5408,4,200,2909,0,0,0,0
145,0,1,1,ACCEPT,24.8558,3.3886,2433,15,-5,0.0608,448.56,879.12,17.53,52.59,197.50,959.00,13.00,18.00,0.0000,263.46,1,0,2.6953,ACCEPT,0,1487,2324,4951,4,200,2433,0,0,0,0
146,0,1,1,ACCEPT,22.8943,3.0783,3066,10,-6,0.0196,454.03,869.28,17.53,52.59,203.00,945.50,14.00,23.00,0.0000,262.35,1,2,2.3186,OUT_OF_RANGE,0,2040,2342,5225,4,200,3066,0,0,0,0
147,0,1,1,ACCEPT,23.6203,3.2392,2912,10,-4,0.0227,459.50,862.72,17.53,52.59,208.50,930.50,13.00,17.00,0.0000,259.99,1,0,2.9432,ACCEPT,0,1807,2181,5439,4,200,2912,0,0,0,0
148,0,1,1,ACCEPT,22.2747,2.8080,2822,10,-5,0.0004,464.97,854.52,17.53,52.59,213.50,915.00,13.00,18.00,0.0000,258.64,1,1,2.8188,OUT_OF_RANGE,0,1843,2084,7826,4,200,2822,0,0,0,0
149,0,1,1,ACCEPT,20.6459,2.5887,3839,11,-5,0.0221,470.98,846.31,17.53,52.59,218.00,900.50,12.00,17.00,0.0000,258.72,1,2,2.1711,OUT_OF_RANGE,0,2575,1871,10035,4,200,3839,0,0,0,0
150,0,1,1,ACCEPT,17.9126,2.1000,4681,9,-3,0.1203,475.91,841.39,17.53,52.59,221.50,884.50,13.00,17.00,0.0000,258.03,1,1,2.6242,OUT_OF_RANGE,0,3437,1791,12994,4,200,4681,0,0,0,0
151,0,1,1,ACCEPT,17.2987,1.7937,4965,8,-4,0.0935,480.28,834.83,17.53,52.59,225.00,869.50,14.00,17.00,0.0000,257.63,1,1,2.4261,OUT_OF_RANGE,0,3612,1006,26836,4,200,4965,0,0,0,0
152,0,1,1,ACCEPT,20.5032,2.4457,5718,9,-3,0.1483,485.20,829.91,17.53,52.59,227.50,854.00,15.00,18.00,0.0000,258.83,1,1,2.4488,OUT_OF_RANGE,0,3910,915,22928,4,200,5718,0,0,0,0
153,0,1,1,ACCEPT,20.3026,2.4338,4887,9,-2,0.1072,490.12,826.62,17.53,52.59,232.00,839.00,14.00,18.00,0.0000,258.42,1,1,2.5503,OUT_OF_RANGE,0,3807,615,24130,4,200,4887,0,0,0,0
154,0,1,1,ACCEPT,19.8881,2.4089,4430,9,-2,0.0307,495.05,823.34,17.53,52.59,236.00,823.00,14.00,16.00,0.0000,259.05,1,1,2.2515,OUT_OF_RANGE,0,3626,685,23481,4,200,4430,0,0,0,0
155,0,1,1,ACCEPT,16.3778,2.0470,3791,10,-1,0.0303,500.52,821.70,17.53,52.59,240.50,809.00,13.00,16.00,0.0000,260.33,1,1,2.5691,OUT_OF_RANGE,0,3553,702,22732,4,200,3791,0,0,0,0
156,0,1,1,ACCEPT,17.1167,2.3876,3825,8,-1,0.1786,504.89,820.06,17.53,52.59,244.00,795.50,12.00,19.00,0.0000,262.04,1,2,1.9389,OUT_OF_RANGE,0,3248,944,18467,4,200,3825,0,0,0,0
157,0,1,1,ACCEPT,13.8973,2.5922,3108,11,1,0.1445,510.91,821.70,17.53,52.59,248.50,785.00,13.00,24.00,0.0000,264.96,1,0,2.6676,ACCEPT,0,3171,970,15844,4,200,3108,0,0,0,0
158,0,1,1,ACCEPT,12.7607,2.0000,2850,7,2,0.2512,514.73,824.98,17.53,52.59,254.50,770.00,13.00,24.00,0.0000,265.98,1,0,2.7696,ACCEPT,0,3242,6617,4241,4,200,2850,0,0,0,0
159,0,1,1,ACCEPT,13.2645,1.8913,2576,8,2,0.3005,519.11,828.27,17.53,52.59,260.00,759.00,12.00,20.00,0.0000,268.21,1,1,2.6440,OUT_OF_RANGE,0,2760,6293,4291,4,200,2576,0,0,0,0
160,0,1,1,ACCEPT,13.1993,1.9158,2502,9,2,0.3777,524.03,831.55,17.53,52.59,264.50,749.50,11.00,21.00,0.0000,272.19,1,0,2.4045,ACCEPT,0,2493,5681,4269,4,200,2502,0,0,0,0
161,0,1,1,ACCEPT,15.6266,2.2636,2825,6,3,0.3791,527.31,836.47,17.53,52.59,269.50,739.00,11.00,22.00,0.0000,275.62,1,0,2.4573,ACCEPT,0,2602,5063,4924,4,200,2825,0,0,0,0
162,0,1,1,ACCEPT,16.0838,2.4216,3044,10,3,0.2129,532.78,841.39,17.53,52.59,274.50,732.00,11.00,20.00,0.0000,280.49,1,1,2.6278,OUT_OF_RANGE,0,2946,4404,5366,4,200,3044,0,0,0,0
163,0,1,1,ACCEPT,16.2213,2.6457,3069,8,3,0.2675,537.16,846.31,17.53,52.59,278.50,726.00,13.00,24.00,0.0000,285.27,1,1,2.7580,OUT_OF_RANGE,0,2942,3505,6230,4,200,3069,0,0,0,0
164,0,1,1,ACCEPT,13.7688,1.6541,2850,9,4,0.2102,542.08,852.88,17.53,52.59,283.00,720.50,12.00,25.00,0.0000,290.94,1,0,2.5791,ACCEPT,0,3136,3116,7866,4,200,2850,0,0,0,0
165,0,1,1,ACCEPT,15.9322,1.9941,3747,6,4,0.2218,545.36,859.44,17.53,52.59,286.00,716.50,10.00,21.00,0.0000,296.14,1,0,2.4329,ACCEPT,0,3520,2918,10798,4,200,3747,0,0,0,0
166,0,1,1,ACCEPT,12.9762,1.8125,3721,7,5,0.1594,549.19,867.64,17.53,52.59,288.00,712.50,10.00,21.00,0.0000,303.79,1,1,2.5112,OUT_OF_RANGE,0,3800,2329,10465,4,200,3721,0,0,0,0
167,0,1,1,ACCEPT,11.4201,1.5469,2769,9,4,0.0744,554.11,874.20,17.53,52.59,290.50,707.50,11.00,23.00,0.0000,311.90,1,1,2.5444,OUT_OF_RANGE,0,3305,1668,12516,4,200,2769,0,0,0,0
168,0,1,1,ACCEPT,12.0690,1.8019,2501,12,4,0.0100,560.67,880.77,17.53,52.59,292.50,704.00,11.00,26.00,0.0000,321.19,1,0,2.8527,ACCEPT,0,3144,1342,16114,4,200,2501,0,0,0,0
169,0,1,1,ACCEPT,10.7687,1.3855,2426,14,2,0.0713,568.33,884.05,17.53,52.59,294.00,701.50,10.00,27.00,0.0000,329.51,1,1,2.4658,OUT_OF_RANGE,0,3272,1358,15490,4,200,2426,0,0,0,0
170,0,1,1,ACCEPT,7.4788,1.1073,1827,16,3,0.1987,577.08,888.97,17.53,52.59,294.50,697.50,11.00,27.00,0.0000,341.34,1,0,2.6723,ACCEPT,0,3653,1271,15251,4,200,1827,0,0,0,0
171,0,1,1,ACCEPT,7.5086,1.3176,1618,17,1,0.0476,586.38,890.61,17.53,52.59,295.00,693.50,10.00,27.00,0.0000,351.78,1,1,2.7158,OUT_OF_RANGE,0,2902,1236,12842,4,200,1618,0,0,0,0
172,0,1,0,NEGATIVE_PEAK,-5.0360,1.0592,-930,-8,-8,0.3946,586.38,890.61,17.53,52.59,295.50,689.50,9.00,27.00,0.0000,353.63,0,0,0.0000,NOT_RUN,0,2998,1769,0,4,200,930,0,0,0,0
173,0,1,0,NEGATIVE_PEAK,-6.6964,1.1324,-1445,6,-2,0.2941,586.38,890.61,17.53,52.59,294.00,683.00,12.00,32.00,0.0000,358.59,0,0,0.0000,NOT_RUN,0,4897,5004,0,4,200,1445,0,0,0,0
174,0,1,0,NEGATIVE_PEAK,-6.7592,1.0541,-312,22,2,0.0994,586.38,890.61,17.53,52.59,294.00,679.50,12.00,31.00,0.0000,360.62,0,0,0.0000,NOT_RUN,0,854,5553,0,4,200,312,0,0,0,0
175,0,1,0,NEGATIVE_PEAK,-4.2047,1.0444,-94,2,16,0.1383,586.38,890.61,17.53,52.59,294.00,673.00,14.00,30.00,0.0000,364.47,0,0,0.0000,NOT_RUN,0,569,5176,0,4,200,94,0,0,0,0
176,0,1,0,NEGATIVE_PEAK,-6.0659,1.0918,-321,-20,-8,0.0280,586.38,890.61,17.53,52.59,294.50,668.50,13.00,27.00,0.0000,366.77,0,0,0.0000,NOT_RUN,0,898,2681,0,4,200,321,0,0,0,0
177,0,1,0,NEGATIVE_PEAK,-7.3315,1.0535,-1319,-6,-2,0.2911,586.38,890.61,17.53,52.59,291.50,661.50,13.00,29.00,0.0000,373.42,0,0,0.0000,NOT_RUN,0,3442,1495,0,4,200,1319,0,0,0,0
178,0,1,0,NEGATIVE_PEAK,-7.9554,1.1006,-1346,8,-2,0.3120,586.38,890.61,17.53,52.59,291.00,656.00,18.00,30.00,0.0000,377.21,0,0,0.0000,NOT_RUN,0,2987,1459,0,4,200,1346,0,0,0,0
179,0,1,0,NEGATIVE_PEAK,-6.3998,1.0611,-556,19,-2,0.0845,586.38,890.61,17.53,52.59,290.00,649.00,18.00,28.00,0.0000,382.38,0,0,0.0000,NOT_RUN,0,1282,1574,0,4,200,556,0,0,0,0
180,0,1,1,ACCEPT,4.9312,1.0868,238,9,12,0.0966,591.30,910.30,17.53,52.59,286.50,640.00,19.00,28.00,0.0000,407.38,1,6,1.6237,MAX_STEP,0,1016,1485,959,4,200,238,0,0,0,0
181,0,1,0,NEGATIVE_PEAK,-5.0440,1.0303,-136,6,-6,0.5662,591.30,910.30,17.53,52.59,284.50,631.00,19.00,26.00,0.0000,414.89,0,0,0.0000,NOT_RUN,0,595,980,0,4,200,136,0,0,0,0
182,0,1,0,NEGATIVE_PEAK,-4.9204,1.1061,-146,6,-7,0.6096,591.30,910.30,17.53,52.59,282.50,622.00,21.00,28.00,0.0000,422.46,0,0,0.0000,NOT_RUN,0,683,1140,0,4,200,146,0,0,0,0
183,0,1,0,NEGATIVE_PEAK,-4.4212,1.0138,-147,0,-9,0.6939,591.30,910.30,17.53,52.59,281.50,610.00,23.00,28.00,0.0000,431.45,0,0,0.0000,NOT_RUN,0,751,996,0,4,200,147,0,0,0,0
184,0,1,0,NEGATIVE_PEAK,-4.7205,1.0411,-152,11,-12,0.3224,591.30,910.30,17.53,52.59,280.00,598.50,22.00,27.00,0.0000,440.59,0,0,0.0000,NOT_RUN,0,780,913,0,4,200,152,0,0,0,0
185,0,1,0,NEGATIVE_PEAK,-7.0395,1.4305,-216,-8,-18,0.1574,591.30,910.30,17.53,52.59,280.00,587.50,24.00,27.00,0.0000,448.45,0,0,0.0000,NOT_RUN,0,750,956,0,4,200,216,0,0,0,0
186,0,1,0,NEGATIVE_PEAK,-8.6212,1.5769,-246,-2,-18,0.1260,591.30,910.30,17.53,52.59,277.50,577.00,25.00,28.00,0.0000,457.77,0,0,0.0000,NOT_RUN,0,724,955,0,4,200,246,0,0,0,0
187,0,1,0,NEGATIVE_PEAK,-9.0289,1.3578,-277,-3,-17,0.1083,591.30,910.30,17.53,52.59,275.00,569.00,24.00,30.00,0.0000,465.32,0,0,0.0000,NOT_RUN,0,736,857,0,4,200,277,0,0,0,0
188,0,1,0,NEGATIVE_PEAK,-10.4822,1.4741,-342,-2,-15,0.0906,591.30,910.30,17.53,52.59,272.00,560.00,24.00,28.00,0.0000,473.98,0,0,0.0000,NOT_RUN,0,732,922,0,4,200,342,0,0,0,0
189,0,1,0,NEGATIVE_PEAK,-11.4899,1.6094,-375,5,-13,0.1760,591.30,910.30,17.53,52.59,270.00,551.50,24.00,29.00,0.0000,481.63,0,0,0.0000,NOT_RUN,0,702,878,0,4,200,375,0,0,0,0
190,0,1,0,NEGATIVE_PEAK,-8.7696,1.5000,-282,13,-12,0.4007,591.30,910.30,17.53,52.59,266.50,545.50,25.00,29.00,0.0000,488.44,0,0,0.0000,NOT_RUN,0,692,810,0,4,200,282,0,0,0,0
191,0,1,0,NEGATIVE_PEAK,-4.7107,1.1628,-150,20,-9,0.2467,591.30,910.30,17.53,52.59,263.50,542.50,25.00,29.00,0.0000,492.67,0,0,0.0000,NOT_RUN,0,625,661,0,4,200,150,0,0,0,0
192,0,1,1,ACCEPT,4.2562,1.0476,110,10,7,0.8727,596.77,921.78,17.53,52.59,261.00,540.00,26.00,32.00,0.0000,508.42,1,5,2.1501,MAX_STEP,0,578,577,2859,4,200,110,0,0,0,0
193,0,1,1,ACCEPT,4.4237,1.0448,140,9,4,0.2714,601.69,928.34,17.53,52.59,255.50,539.00,25.00,28.00,0.0000,520.99,1,4,2.2865,MAX_STEP,0,653,710,3045,4,200,140,0,0,0,0
194,0,1,1,ACCEPT,4.6069,1.0748,158,9,4,0.1203,606.61,934.91,17.53,52.59,249.50,539.00,25.00,28.00,0.0000,533.17,1,3,2.2345,MAX_STEP,0,730,740,2607,4,200,158,0,0,0,0
195,0,1,1,ACCEPT,4.7889,1.2016,149,11,2,0.6107,612.62,938.19,17.53,52.59,242.00,540.00,26.00,28.00,0.0000,543.98,1,5,1.8099,MAX_STEP,0,678,753,2578,4,200,149,0,0,0,0
196,0,1,1,ACCEPT,5.5407,1.1406,146,2,4,0.0479,613.72,944.75,17.53,52.59,235.00,541.50,26.00,29.00,0.0000,553.21,1,2,2.3566,OUT_OF_RANGE,0,568,677,2891,4,200,146,0,0,0,0
197,0,1,1,ACCEPT,5.1248,1.0311,166,12,2,0.2530,620.28,948.03,17.53,52.59,227.50,543.00,29.00,32.00,0.0000,564.21,1,5,1.7040,MAX_STEP,0,661,616,2684,4,200,166,0,0,0,0
198,0,1,1,ACCEPT,5.6589,1.0677,142,-1,4,0.2535,619.73,954.59,17.53,52.59,220.00,546.00,26.00,30.00,0.0000,571.61,1,2,2.3065,OUT_OF_RANGE,0,521,608,2428,4,200,142,0,0,0,0
199,0,1,1,ACCEPT,4.9939,1.1038,117,14,2,0.3162,627.39,957.88,17.53,52.59,213.50,548.00,27.00,30.00,0.0000,582.50,1,7,1.6549,MAX_STEP,0,475,653,2629,4,200,117,0,0,0,0
200,0,1,1,ACCEPT,5.3187,1.0650,131,14,4,0.5191,635.05,964.44,17.53,52.59,207.50,550.50,25.00,29.00,0.0000,595.10,1,6,1.6923,MAX_STEP,0,524,729,2338,4,200,131,0,0,0,0
0,0,0,0,ZERO_RESPONSE,0.0000,0.0000,0,0,0,0.0000,223.00,598.00,18.00,22.00,223.00,598.00,18.00,22.00,1.0000,0.00,1,0,0.0000,NOT_RUN,0,0,4347,25487,5,250,0,0,0,0,0
1,0,1,1,ACCEPT,6.9183,1.7634,559,1,11,0.0877,223.56,605.56,18.00,22.00,224.50,606.50,19.00,21.00,0.8323,1.33,1,0,3.2025,ACCEPT,0,1440,3627,11087,5,250,559,0,0,0,0
2,0,1,1,ACCEPT,8.4324,1.9476,557,1,11,0.0251,224.12,613.12,18.00,22.00,225.00,614.50,18.00,21.00,0.8027,1.63,1,0,3.2305,ACCEPT,0,831,3023,12755,5,250,557,0,0,0,0
3,0,1,1,ACCEPT,5.3326,1.1728,957,5,-5,0.1839,226.94,609.69,18.72,22.88,226.00,622.50,18.00,21.00,0.2457,12.85,1,1,2.3075,ACCEPT,0,1701,3308,10543,5,250,957,0,0,0,0
4,0,1,1,ACCEPT,7.5897,1.1485,1168,2,-5,0.3664,228.09,606.09,18.72,22.88,226.00,630.00,18.00,22.00,0.0000,24.00,1,0,2.9461,ACCEPT,0,2227,2865,7541,5,250,1168,0,0,0,0
5,0,1,1,ACCEPT,8.4913,1.3527,1235,2,-3,0.5919,229.25,603.94,18.72,22.88,225.50,637.00,19.00,22.00,0.0000,33.27,1,0,2.7299,ACCEPT,0,2010,2562,7332,5,250,1235,0,0,0,0
6,0,1,1,ACCEPT,10.0177,1.5154,1279,2,-5,0.2041,230.41,600.34,18.72,22.88,225.50,643.00,19.00,22.00,0.0000,42.94,1,0,3.0132,ACCEPT,0,1625,2070,8359,5,250,1279,0,0,0,0
7,0,1,1,ACCEPT,11.3949,1.5660,1530,2,-4,0.4150,231.56,597.47,18.72,22.88,226.00,649.50,18.00,19.00,0.0000,52.33,1,0,2.9087,ACCEPT,0,1733,2015,7928,5,250,1530,0,0,0,0
8,0,1,1,ACCEPT,12.2256,1.6090,1498,0,-5,0.0254,231.56,593.88,18.72,22.88,226.50,656.00,17.00,20.00,0.0000,62.33,1,0,2.8552,ACCEPT,0,1621,1974,7459,5,250,1498,0,0,0,0
9,0,1,1,ACCEPT,11.1612,1.6695,1546,2,-7,0.1785,232.72,588.84,18.72,22.88,228.00,662.00,18.00,22.00,0.0000,73.31,1,0,2.9013,ACCEPT,0,1662,1826,7914,5,250,1546,0,0,0,0
10,0,1,1,ACCEPT,12.7019,2.1657,1804,3,-6,0.2023,234.45,584.53,18.72,22.88,230.00,667.00,18.00,22.00,0.0000,82.59,1,0,3.0130,ACCEPT,0,1790,1734,9099,5,250,1804,0,0,0,0
11,0,1,1,ACCEPT,13.4631,2.3381,2123,4,-7,0.0848,236.77,579.50,18.72,22.88,232.50,672.50,17.00,21.00,0.0000,93.10,1,0,3.0544,ACCEPT,0,2099,1608,9958,5,250,2123,0,0,0,0
12,0,1,1,ACCEPT,13.9798,2.2476,2133,2,-8,0.1392,237.92,573.75,18.72,22.88,235.00,676.50,18.00,21.00,0.0000,102.79,1,0,3.0874,ACCEPT,0,1957,1368,11528,5,250,2133,0,0,0,0
13,0,1,1,ACCEPT,14.5711,2.2147,2290,3,-8,0.1009,239.66,568.00,18.72,22.88,237.50,680.00,19.00,20.00,0.0000,112.02,1,0,3.0651,ACCEPT,0,2212,1327,9998,5,250,2290,0,0,0,0
14,0,1,1,ACCEPT,16.5426,2.3760,2490,3,-8,0.1321,241.39,562.25,18.72,22.88,240.00,684.50,20.00,21.00,0.0000,122.26,1,0,3.0603,ACCEPT,0,1963,1062,10381,5,250,2490,0,0,0,0
15,0,1,1,ACCEPT,18.2616,2.7859,2616,3,-8,0.0222,243.12,556.50,18.72,22.88,242.00,687.00,20.00,20.00,0.0000,130.50,1,0,3.0951,ACCEPT,0,1865,903,10560,5,250,2616,0,0,0,0
16,0,1,1,ACCEPT,17.5833,2.6479,2354,1,-10,0.0391,243.70,549.31,18.72,22.88,244.00,689.50,20.00,21.00,0.0000,140.19,1,0,3.1027,ACCEPT,0,1936,892,10412,5,250,2354,0,0,0,0
17,0,1,1,ACCEPT,18.9388,2.9427,2619,1,-8,0.0760,244.28,543.56,18.72,22.88,246.00,693.50,20.00,19.00,0.0000,149.95,1,0,2.9875,ACCEPT,0,1945,690,12703,5,250,2619,0,0,0,0
18,0,1,1,ACCEPT,19.9393,3.2138,3156,2,-9,0.0380,245.44,537.09,18.72,22.88,248.50,697.00,19.00,20.00,0.0000,159.94,1,0,3.0620,ACCEPT,0,2203,607,13282,5,250,3156,0,0,0,0
19,0,1,1,ACCEPT,20.9857,3.1229,3101,2,-8,0.0929,246.59,531.34,18.72,22.88,252.00,700.00,20.00,20.00,0.0000,168.74,1,0,3.1476,ACCEPT,0,2100,533,14707,5,250,3101,0,0,0,0
20,0,1,1,ACCEPT,22.1858,2.8883,3492,1,-8,0.1051,247.17,525.59,18.72,22.88,254.00,702.00,18.00,20.00,0.0000,176.54,1,0,3.0690,ACCEPT,0,2312,536,14630,5,250,3492,0,0,0,0
21,0,1,1,ACCEPT,22.6630,3.5983,3861,4,-9,0.0510,249.48,519.12,18.72,22.88,257.50,707.00,17.00,20.00,0.0000,188.05,1,0,3.1036,ACCEPT,0,2549,432,16037,5,250,3861,0,0,0,0
22,0,1,1,ACCEPT,23.3052,3.5032,3801,4,-7,0.0116,251.80,514.09,18.72,22.88,261.50,710.00,17.00,20.00,0.0000,196.15,1,0,3.1409,ACCEPT,0,2223,403,16613,5,250,3801,0,0,0,0
23,0,1,1,ACCEPT,24.4527,3.9751,4464,5,-8,0.0435,254.69,508.34,18.72,22.88,266.00,714.00,18.00,22.00,0.0000,205.97,1,0,3.1052,ACCEPT,0,2672,453,15713,5,250,4464,0,0,0,0
24,0,1,1,ACCEPT,22.6031,4.0989,4144,7,-7,0.0118,258.73,503.31,18.72,22.88,270.50,718.00,15.00,24.00,0.0000,215.01,1,0,3.0684,ACCEPT,0,2727,393,15625,5,250,4144,0,0,0,0
25,0,1,1,ACCEPT,22.1620,4.2940,3680,8,-8,0.0280,263.36,497.56,18.72,22.88,276.00,722.00,16.00,26.00,0.0000,224.79,1,0,3.1213,ACCEPT,0,2397,411,17411,5,250,3680,0,0,0,0
26,0,1,1,ACCEPT,22.2184,3.8354,4054,11,-8,0.0481,269.72,491.81,18.72,22.88,280.00,725.00,16.00,26.00,0.0000,233.41,1,0,3.1591,ACCEPT,0,2515,369,17013,5,250,4054,0,0,0,0
27,0,1,1,ACCEPT,22.8800,4.3694,3797,9,-6,0.0537,274.92,487.50,18.72,22.88,287.50,732.00,13.00,24.00,0.0000,244.82,1,0,3.1337,ACCEPT,0,2458,538,15055,5,250,3797,0,0,0,0
28,0,1,1,ACCEPT,21.0249,4.1059,3761,14,-8,0.1258,283.02,481.75,18.72,22.88,295.00,737.00,14.00,26.00,0.0000,255.53,1,0,3.1677,ACCEPT,0,2408,360,16177,5,250,3761,0,0,0,0
29,0,1,1,ACCEPT,22.1115,4.7461,3963,13,-6,0.1249,290.53,477.44,18.72,22.88,303.00,742.50,12.00,25.00,0.0000,265.36,1,0,3.1338,ACCEPT,0,2598,568,16424,5,250,3963,0,0,0,0
30,0,1,1,ACCEPT,22.9041,4.8058,3984,12,-6,0.0868,297.47,473.12,18.72,22.88,310.50,745.00,13.00,30.00,0.0000,272.19,1,0,2.9376,ACCEPT,0,2451,503,16987,5,250,3984,0,0,0,0
31,0,1,1,ACCEPT,22.1438,4.4947,3798,14,-8,0.1288,305.56,467.38,18.72,22.88,317.50,749.50,11.00,25.00,0.0000,282.38,1,0,3.0938,ACCEPT,0,2440,548,14890,5,250,3798,0,0,0,0
32,0,1,1,ACCEPT,26.4679,4.2537,3722,10,-7,0.0159,311.34,462.34,18.72,22.88,322.50,754.00,13.00,26.00,0.0000,291.87,1,0,3.0827,ACCEPT,0,2240,427,17607,5,250,3722,0,0,0,0
33,0,1,1,ACCEPT,26.1103,4.6944,4347,11,-7,0.0508,317.70,457.31,18.72,22.88,328.50,757.50,9.00,23.00,0.0000,300.38,1,0,3.1178,ACCEPT,0,2591,431,17601,5,250,4347,0,0,0,0
34,0,1,1,ACCEPT,28.3332,5.2461,4349,9,-7,0.0267,322.91,452.28,18.72,22.88,334.00,763.50,12.00,25.00,0.0000,311.42,1,0,3.2046,ACCEPT,0,2475,365,18129,5,250,4349,0,0,0,0
35,0,1,1,ACCEPT,28.6074,5.7351,4221,9,-6,0.0171,328.11,447.97,18.72,22.88,338.50,769.00,11.00,26.00,0.0000,321.20,1,0,3.1704,ACCEPT,0,2393,481,16698,5,250,4221,0,0,0,0
36,0,1,1,ACCEPT,27.9236,5.5723,3856,8,-5,0.0143,332.73,444.38,18.72,22.88,341.50,774.50,11.00,29.00,0.0000,330.24,1,0,3.1615,ACCEPT,0,2186,422,17946,5,250,3856,0,0,0,0
37,0,1,1,ACCEPT,26.3956,5.4646,3787,8,-5,0.0121,337.36,440.78,18.72,22.88,342.50,781.00,11.00,28.00,0.0000,340.26,1,0,3.1195,ACCEPT,0,2254,310,18313,5,250,3787,0,0,0,0
38,0,1,1,ACCEPT,29.3673,4.7157,3947,7,-4,0.0474,341.41,437.91,18.72,22.88,344.50,789.00,9.00,24.00,0.0000,351.11,1,0,3.1846,ACCEPT,0,2300,364,20237,5,250,3947,0,0,0,0
39,0,1,1,ACCEPT,27.1390,4.6907,4428,4,-4,0.0056,343.72,435.03,18.72,22.88,344.50,793.50,9.00,29.00,0.0000,358.47,1,0,3.1769,ACCEPT,0,2739,448,19533,5,250,4428,0,0,0,0
40,0,1,1,ACCEPT,23.3903,3.0955,4278,0,-3,0.2101,343.72,432.88,18.72,22.88,343.00,801.00,10.00,26.00,0.0000,368.13,1,0,3.1878,ACCEPT,0,2626,723,15610,5,250,4278,0,0,0,0
41,0,1,1,ACCEPT,23.8140,3.3490,4491,-1,-4,0.0414,343.14,430.00,18.72,22.88,341.50,808.50,9.00,25.00,0.0000,378.50,1,0,3.2247,ACCEPT,0,2678,659,17287,5,250,4491,0,0,0,0
42,0,1,1,ACCEPT,21.8342,3.0878,4363,-3,-3,0.0392,341.41,427.84,18.72,22.88,338.00,816.00,8.00,26.00,0.0000,388.17,1,0,3.2049,ACCEPT,0,2709,717,18618,5,250,4363,0,0,0,0
43,0,1,1,ACCEPT,25.6109,3.5297,4984,0,-2,0.4434,341.41,426.41,18.72,22.88,335.00,824.00,8.00,26.00,0.0000,397.65,1,0,3.1864,ACCEPT,0,2831,601,21642,5,250,4984,0,0,0,0
44,0,1,1,ACCEPT,23.8063,4.2675,5074,3,-1,0.4651,343.14,425.69,18.72,22.88,332.50,831.50,7.00,25.00,0.0000,405.95,1,0,3.2023,ACCEPT,0,3059,480,22825,5,250,5074,0,0,0,0
45,0,1,1,ACCEPT,29.9491,4.5765,5684,2,-3,0.1752,344.30,423.53,18.72,22.88,331.50,839.50,9.00,27.00,0.0000,416.17,1,0,3.2005,ACCEPT,0,2888,467,23041,5,250,5684,0,0,0,0
46,0,1,1,ACCEPT,30.8325,4.3618,5112,4,-2,0.0342,346.61,422.09,18.72,22.88,333.00,846.00,10.00,28.00,0.0000,424.12,1,0,3.2497,ACCEPT,0,2691,608,26247,5,250,5112,0,0,0,0
47,0,1,1,ACCEPT,32.6093,5.3053,5300,5,-2,0.0192,349.50,420.66,18.72,22.88,335.50,853.50,9.00,27.00,0.0000,433.07,1,0,3.2009,ACCEPT,0,2783,522,25131,5,250,5300,0,0,0,0
48,0,1,1,ACCEPT,34.3275,5.9854,4920,6,-3,0.0222,352.97,418.50,18.72,22.88,335.50,861.00,7.00,26.00,0.0000,442.84,1,0,3.2530,ACCEPT,0,2537,530,23175,5,250,4920,0,0,0,0
49,0,1,1,ACCEPT,33.0027,5.1986,4580,6,-3,0.0151,356.44,416.34,18.72,22.88,336.00,865.00,8.00,28.00,0.0000,449.12,1,0,3.2064,ACCEPT,0,2401,599,23605,5,250,4580,0,0,0,0
50,0,1,1,ACCEPT,32.0643,4.8520,4590,6,-1,0.0922,359.91,415.62,18.72,22.88,334.50,873.50,9.00,27.00,0.0000,458.58,1,0,3.2421,ACCEPT,0,2294,614,25606,5,250,4590,0,0,0,0
51,0,1,1,ACCEPT,35.3395,5.6421,5659,2,-3,0.2121,361.06,413.47,18.72,22.88,332.50,881.50,7.00,27.00,0.0000,468.90,1,0,3.2544,ACCEPT,0,2788,628,26269,5,250,5659,0,0,0,0
52,0,1,1,ACCEPT,29.3727,4.4226,5201,0,-2,0.7122,361.06,412.03,18.72,22.88,331.00,885.50,8.00,27.00,0.0000,474.42,1,0,3.2542,ACCEPT,0,2418,718,23344,5,250,5201,0,0,0,0
53,0,1,1,ACCEPT,25.0396,3.7394,4749,-4,-3,0.0716,358.75,409.88,18.72,22.88,330.50,891.50,7.00,23.00,0.0000,482.45,1,0,3.2534,ACCEPT,0,2513,936,16661,5,250,4749,0,0,0,0
54,0,1,1,ACCEPT,23.9627,4.7669,3742,-5,-4,0.1125,355.86,407.00,18.72,22.88,331.00,896.50,8.00,25.00,0.0000,490.13,1,0,3.2468,ACCEPT,0,2473,892,15913,5,250,3742,0,0,0,0
55,0,1,1,ACCEPT,24.2148,4.9052,3414,-7,-5,0.1230,351.81,403.41,18.72,22.88,332.50,901.50,7.00,23.00,0.0000,498.47,1,0,3.2341,ACCEPT,0,2041,727,19950,5,250,3414,0,0,0,0
56,0,1,1,ACCEPT,23.5745,3.9653,3886,-6,-4,0.1595,348.34,400.53,18.72,22.88,335.00,907.50,8.00,23.00,0.0000,507.14,1,0,3.1929,ACCEPT,0,2043,615,22155,5,250,3886,0,0,0,0
57,0,1,1,ACCEPT,22.6991,4.1176,3920,-6,-5,0.1309,344.88,396.94,18.72,22.88,336.50,909.50,9.00,21.00,0.0000,512.63,1,0,3.1577,ACCEPT,0,2383,500,22976,5,250,3920,0,0,0,0
58,0,1,1,ACCEPT,20.7476,3.7884,3868,-8,-5,0.1306,340.25,393.34,18.72,22.88,339.50,913.00,9.00,20.00,0.0000,519.66,1,0,3.1913,ACCEPT,0,2676,431,27932,5,250,3868,0,0,0,0
59,0,1,1,ACCEPT,22.1829,3.7427,4495,-5,-5,0.1204,337.36,389.75,18.72,22.88,344.50,918.00,9.00,24.00,0.0000,528.30,1,0,3.2232,ACCEPT,0,2765,488,25449,5,250,4495,0,0,0,0
60,0,1,1,ACCEPT,23.1315,4.1356,4698,-4,-7,0.0958,335.05,384.72,18.72,22.88,349.50,920.50,9.00,23.00,0.0000,535.98,1,0,3.1994,ACCEPT,0,2886,499,21996,5,250,4698,0,0,0,0
61,0,1,1,ACCEPT,22.5870,4.3921,4581,-2,-4,0.0072,333.89,381.84,18.72,22.88,353.00,924.00,12.00,28.00,0.0000,542.49,1,0,3.2631,ACCEPT,0,2739,366,23442,5,250,4581,0,0,0,0
62,0,1,1,ACCEPT,24.0197,4.6725,5051,4,-3,0.0331,336.20,379.69,18.72,22.88,355.50,929.00,9.00,26.00,0.0000,549.65,1,0,3.2267,ACCEPT,0,3125,382,22317,5,250,5051,0,0,0,0
63,0,1,1,ACCEPT,25.4204,4.4615,4872,5,-3,0.0774,339.09,377.53,18.72,22.88,355.50,933.00,11.00,22.00,0.0000,555.71,1,0,3.2578,ACCEPT,0,3196,416,21687,5,250,4872,0,0,0,0
64,0,1,1,ACCEPT,26.1860,4.6808,4985,4,-3,0.0110,341.41,375.38,18.72,22.88,355.50,938.00,13.00,24.00,0.0000,562.80,1,0,3.2096,ACCEPT,0,2836,317,27232,5,250,4985,0,0,0,0
65,0,1,1,ACCEPT,28.6202,5.5421,5664,3,-4,0.0404,343.14,372.50,18.72,22.88,360.00,942.00,12.00,26.00,0.0000,569.75,1,0,3.2029,ACCEPT,0,3303,521,24281,5,250,5664,0,0,0,0
66,0,1,1,ACCEPT,26.1393,5.9097,5041,2,-6,0.0591,344.30,368.19,18.72,22.88,365.00,945.50,10.00,23.00,0.0000,577.68,1,0,3.2231,ACCEPT,0,2931,503,25971,5,250,5041,0,0,0,0
67,0,1,1,ACCEPT,27.4509,4.9002,5596,3,-5,0.0429,346.03,364.59,18.72,22.88,370.00,947.50,8.00,23.00,0.0000,583.40,1,0,3.2369,ACCEPT,0,2935,336,32074,5,250,5596,0,0,0,0
68,0,1,1,ACCEPT,26.3870,5.6041,5705,3,-6,0.0184,347.77,360.28,18.72,22.88,373.00,950.00,12.00,24.00,0.0000,590.26,1,0,3.2357,ACCEPT,0,3285,356,27368,5,250,5705,0,0,0,0
69,0,1,1,ACCEPT,26.7000,6.2116,5373,2,-6,0.0231,348.92,355.97,18.72,22.88,379.00,949.50,10.00,19.00,0.0000,594.29,1,0,3.2309,ACCEPT,0,2920,446,21017,5,250,5373,0,0,0,0
70,0,1,1,ACCEPT,23.2598,5.4289,5266,3,-7,0.0196,350.66,350.94,18.72,22.88,386.50,955.00,9.00,22.00,0.0000,605.13,1,0,3.2278,ACCEPT,0,3243,410,20590,5,250,5266,0,0,0,0
71,0,1,1,ACCEPT,22.9576,5.5451,5046,4,-7,0.0238,352.97,345.91,18.72,22.88,394.00,954.00,12.00,28.00,0.0000,609.48,1,0,3.2501,ACCEPT,0,3363,347,22997,5,250,5046,0,0,0,0
72,0,1,1,ACCEPT,22.3476,5.5210,5383,7,-7,0.0377,357.02,340.88,18.72,22.88,400.50,956.50,11.00,25.00,0.0000,617.16,1,0,3.2169,ACCEPT,0,3784,509,21672,5,250,5383,0,0,0,0
73,0,1,1,ACCEPT,22.9926,5.3552,5639,8,-7,0.0771,361.64,335.84,18.72,22.88,404.00,958.00,12.00,26.00,0.0000,623.60,1,0,3.2254,ACCEPT,0,4338,433,26449,5,250,5639,0,0,0,0
74,0,1,1,ACCEPT,24.6046,4.3290,6013,8,-6,0.0845,366.27,331.53,18.72,22.88,409.50,960.50,11.00,25.00,0.0000,630.45,1,0,3.2161,ACCEPT,0,3993,459,24069,5,250,6013,0,0,0,0
75,0,1,1,ACCEPT,26.7881,5.1198,5555,8,-6,0.0418,370.89,327.22,18.72,22.88,413.50,963.00,11.00,26.00,0.0000,637.21,1,0,3.2219,ACCEPT,0,3582,552,22924,5,250,5555,0,0,0,0
76,0,1,1,ACCEPT,28.0924,4.9096,5376,6,-3,0.1138,374.36,325.06,18.72,22.88,416.50,966.00,9.00,24.00,0.0000,642.32,1,0,3.2217,ACCEPT,0,2997,483,23403,5,250,5376,0,0,0,0
77,0,1,1,ACCEPT,29.5014,5.4515,5566,7,-5,0.0431,378.41,321.47,18.72,22.88,421.00,970.00,8.00,20.00,0.0000,649.93,1,0,3.2515,ACCEPT,0,3096,468,26594,5,250,5566,0,0,0,0
78,0,1,1,ACCEPT,29.2173,5.5861,5709,3,-4,0.0359,380.14,318.59,18.72,22.88,425.50,973.00,11.00,22.00,0.0000,655.98,1,0,3.2607,ACCEPT,0,3071,399,28160,5,250,5709,0,0,0,0
79,0,1,1,ACCEPT,28.7382,5.5850,5585,2,-5,0.0310,381.30,315.00,18.72,22.88,425.00,977.00,12.00,22.00,0.0000,663.44,1,0,3.2587,ACCEPT,0,3112,453,26980,5,250,5585,0,0,0,0
80,0,1,1,ACCEPT,26.4655,4.6452,5472,0,-4,0.0325,381.30,312.12,18.72,22.88,426.00,979.50,12.00,23.00,0.0000,668.87,1,0,3.2815,ACCEPT,0,3004,443,27289,5,250,5472,0,0,0,0
81,0,1,1,ACCEPT,25.4661,4.7051,5185,0,-3,0.0924,381.30,309.97,18.72,22.88,426.50,985.00,9.00,20.00,0.0000,676.54,1,0,3.3043,ACCEPT,0,2942,499,26561,5,250,5185,0,0,0,0
82,0,1,1,ACCEPT,24.3469,4.8122,4894,-2,-4,0.0227,380.14,307.09,18.72,22.88,425.50,988.50,13.00,23.00,0.0000,682.91,1,0,3.2562,ACCEPT,0,2802,480,28785,5,250,4894,0,0,0,0
83,0,1,1,ACCEPT,24.1460,4.0041,4937,-1,-2,0.3869,379.56,305.66,18.72,22.88,425.00,994.00,12.00,20.00,0.0000,689.84,1,0,3.2799,ACCEPT,0,2756,453,28557,5,250,4937,0,0,0,0
84,0,1,1,ACCEPT,23.2041,3.8782,4491,-4,-3,0.0151,377.25,303.50,18.72,22.88,426.50,998.00,13.00,24.00,0.0000,696.24,1,0,3.2504,ACCEPT,0,2393,444,28210,5,250,4491,0,0,0,0
85,0,1,1,ACCEPT,25.6518,4.1431,4777,-2,-3,0.1227,376.09,301.34,18.72,22.88,425.00,1002.50,14.00,21.00,0.0000,702.86,1,0,3.2809,ACCEPT,0,2434,496,29970,5,250,4777,0,0,0,0
86,0,1,1,ACCEPT,21.8415,3.3631,4483,-5,-2,0.0337,373.20,299.91,18.72,22.88,425.50,1006.00,11.00,20.00,0.0000,708.03,1,0,3.2588,ACCEPT,0,2574,435,26968,5,250,4483,0,0,0,0
87,0,1,1,ACCEPT,24.5857,3.4654,4914,-4,-3,0.0181,370.89,297.75,18.72,22.88,430.00,1012.50,14.00,23.00,0.0000,717.19,1,0,3.2590,ACCEPT,0,2586,419,27943,5,250,4914,0,0,0,0
88,0,1,1,ACCEPT,24.1582,3.3570,4683,-4,-3,0.0316,368.58,295.59,18.72,22.88,433.00,1016.00,12.00,20.00,0.0000,723.28,1,0,3.2014,ACCEPT,0,2679,455,29620,5,250,4683,0,0,0,0
89,0,1,1,ACCEPT,22.4510,3.0927,4605,-4,-2,0.0843,366.27,294.16,18.72,22.88,435.50,1020.50,13.00,21.00,0.0000,729.64,1,0,3.1865,ACCEPT,0,2809,546,26909,5,250,4605,0,0,0,0
90,0,1,1,ACCEPT,24.0692,3.7976,5123,-2,-2,0.3992,365.11,292.72,18.72,22.88,438.00,1027.00,12.00,24.00,0.0000,737.89,1,0,3.2020,ACCEPT,0,2847,556,29519,5,250,5123,0,0,0,0
91,0,1,1,ACCEPT,21.3189,4.1552,4633,-5,-3,0.0684,362.22,290.56,18.72,22.88,442.50,1031.50,11.00,23.00,0.0000,745.27,1,0,3.2465,ACCEPT,0,2821,521,31176,5,250,4633,0,0,0,0
92,0,1,1,ACCEPT,21.7365,4.7940,4933,-4,-3,0.0154,359.91,288.41,18.72,22.88,446.00,1034.50,12.00,21.00,0.0000,751.04,1,0,3.2369,ACCEPT,0,3051,483,32160,5,250,4933,0,0,0,0
93,0,1,1,ACCEPT,19.4279,3.8630,4624,-5,-1,0.0303,357.02,287.69,18.72,22.88,449.00,1039.00,10.00,20.00,0.0000,756.92,1,0,3.2609,ACCEPT,0,3171,568,30611,5,250,4624,0,0,0,0
94,0,1,1,ACCEPT,21.4557,4.4473,5279,-4,-2,0.1436,354.70,286.25,18.72,22.88,450.50,1045.50,13.00,21.00,0.0000,765.27,1,0,3.2394,ACCEPT,0,3388,539,30693,5,250,5279,0,0,0,0
95,0,1,1,ACCEPT,18.5469,3.5528,4203,-6,-1,0.0500,351.23,285.53,18.72,22.88,451.50,1051.50,11.00,19.00,0.0000,772.50,1,0,3.2390,ACCEPT,0,3086,655,29300,5,250,4203,0,0,0,0
96,0,1,1,ACCEPT,20.1570,3.7899,4347,-6,-2,0.0527,347.77,284.09,18.72,22.88,452.50,1056.00,13.00,16.00,0.0000,778.98,1,0,3.2285,ACCEPT,0,2821,595,30135,5,250,4347,0,0,0,0
97,0,1,1,ACCEPT,18.6542,2.8081,4170,-7,-1,0.1125,343.72,283.38,18.72,22.88,453.00,1061.50,14.00,21.00,0.0000,785.76,1,0,3.2068,ACCEPT,0,3116,607,31334,5,250,4170,0,0,0,0
98,0,1,1,ACCEPT,21.2836,4.3068,4927,-5,0,0.0116,340.83,283.38,18.72,22.88,453.00,1067.00,12.00,22.00,0.0000,791.61,1,0,3.2626,ACCEPT,0,3261,533,31755,5,250,4927,0,0,0,0
99,0,1,1,ACCEPT,21.6120,4.7268,4637,-4,-1,0.1538,338.52,282.66,18.72,22.88,451.50,1074.50,11.00,21.00,0.0000,799.86,1,0,3.2283,ACCEPT,0,3123,574,32685,5,250,4637,0,0,0,0
100,0,1,1,ACCEPT,20.5767,4.9107,4346,-6,-3,0.0292,335.05,280.50,18.72,22.88,453.50,1079.50,13.00,21.00,0.0000,807.73,1,0,3.2826,ACCEPT,0,2893,545,32767,5,250,4346,0,0,0,0
101,0,1,1,ACCEPT,22.6234,3.6708,4706,-5,-3,0.0157,332.16,278.34,18.72,22.88,454.00,1084.50,12.00,21.00,0.0000,815.31,1,0,3.2596,ACCEPT,0,3037,506,32768,5,250,4706,0,0,0,0
102,0,1,1,ACCEPT,21.7530,3.3626,3978,-5,-2,0.0581,329.27,276.91,18.72,22.88,456.50,1089.00,11.00,18.00,0.0000,822.00,1,0,3.2611,ACCEPT,0,2759,565,32677,5,250,3978,0,0,0,0
103,0,1,1,ACCEPT,20.2863,3.7033,4518,-4,-5,0.0374,326.95,273.31,18.72,22.88,456.50,1093.50,11.00,19.00,0.0000,830.36,1,0,3.3005,ACCEPT,0,3327,460,32767,5,250,4518,0,0,0,0
104,0,1,1,ACCEPT,18.0057,2.6048,3803,-8,-5,0.0218,322.33,269.72,18.72,22.88,458.00,1095.50,12.00,19.00,0.0000,836.85,1,0,3.2535,ACCEPT,0,2923,498,32767,5,250,3803,0,0,0,0
105,0,1,1,ACCEPT,16.4213,2.5533,3544,-9,-7,0.0406,317.12,264.69,18.72,22.88,462.00,1096.00,10.00,18.00,0.0000,843.84,1,0,3.2160,ACCEPT,0,3205,509,30517,5,250,3544,0,0,0,0
106,0,1,1,ACCEPT,16.8978,3.0915,3447,-10,-6,0.0276,311.34,260.38,18.72,22.88,466.50,1099.50,11.00,21.00,0.0000,853.35,1,0,3.2623,ACCEPT,0,2924,559,26798,5,250,3447,0,0,0,0
107,0,1,1,ACCEPT,17.5473,3.0317,3541,-9,-5,0.0480,306.14,256.78,18.72,22.88,470.00,1100.50,12.00,21.00,0.0000,859.48,1,0,3.2881,ACCEPT,0,2863,504,30970,5,250,3541,0,0,0,0
108,0,1,1,ACCEPT,17.7531,3.5430,3993,-8,-8,0.0729,301.52,251.03,18.72,22.88,473.00,1102.00,14.00,20.00,0.0000,868.08,1,0,3.2621,ACCEPT,0,3297,435,31923,5,250,3993,0,0,0,0
109,0,1,1,ACCEPT,17.8807,3.3105,4105,-6,-6,0.1106,298.05,246.72,18.72,22.88,473.50,1104.50,11.00,21.00,0.0000,875.54,1,0,3.2470,ACCEPT,0,3283,453,30477,5,250,4105,0,0,0,0
110,0,1,1,ACCEPT,19.1398,3.7688,5412,0,-8,0.0510,298.05,240.97,18.72,22.88,473.00,1106.50,12.00,21.00,0.0000,883.04,1,0,3.2900,ACCEPT,0,4458,411,30569,5,250,5412,0,0,0,0
111,0,1,1,ACCEPT,20.6214,3.6195,5393,2,-6,0.0554,299.20,236.66,18.72,22.88,470.00,1110.00,12.00,20.00,0.0000,889.89,1,0,3.2741,ACCEPT,0,4243,403,30977,5,250,5393,0,0,0,0
112,0,1,1,ACCEPT,21.5374,3.8595,5465,5,-7,0.0904,302.09,231.62,18.72,22.88,466.00,1115.00,12.00,22.00,0.0000,898.45,1,0,3.2748,ACCEPT,0,4188,448,28569,5,250,5465,0,0,0,0
113,0,1,1,ACCEPT,22.8232,3.5631,5277,5,-6,0.0193,304.98,227.31,18.72,22.88,461.50,1120.00,11.00,22.00,0.0000,906.30,1,0,3.2849,ACCEPT,0,3894,422,31063,5,250,5277,0,0,0,0
114,0,1,1,ACCEPT,25.7203,4.9012,5308,5,-5,0.0584,307.88,223.72,18.72,22.88,457.00,1125.00,12.00,22.00,0.0000,913.53,1,0,3.3089,ACCEPT,0,3296,465,31176,5,250,5308,0,0,0,0
115,0,1,1,ACCEPT,24.4389,5.0058,5191,6,-7,0.1214,311.34,218.69,18.72,22.88,451.50,1130.50,11.00,25.00,0.0000,922.52,1,0,3.2598,ACCEPT,0,3403,635,26825,5,250,5191,0,0,0,0
116,0,1,1,ACCEPT,27.9215,4.8949,5541,6,-6,0.0747,314.81,214.38,18.72,22.88,448.00,1134.50,10.00,21.00,0.0000,929.71,1,0,3.2926,ACCEPT,0,3293,603,31656,5,250,5541,0,0,0,0
117,0,1,1,ACCEPT,26.4212,4.2149,5218,9,-4,0.1834,320.02,211.50,18.72,22.88,442.00,1141.50,10.00,21.00,0.0000,937.97,1,0,3.2782,ACCEPT,0,3307,463,28577,5,250,5218,0,0,0,0
118,0,1,1,ACCEPT,20.9942,3.9040,4150,15,-4,0.0422,328.69,208.62,18.72,22.88,431.50,1149.50,9.00,21.00,0.0000,946.48,1,0,3.2722,ACCEPT,0,3443,383,28636,5,250,4150,0,0,0,0
119,0,1,1,ACCEPT,17.3849,3.5366,2999,17,-1,0.1070,338.52,207.91,18.72,22.88,418.50,1159.00,9.00,22.00,0.0000,954.45,1,0,3.2370,ACCEPT,0,2750,1055,30620,5,250,2999,0,0,0,0
120,0,1,1,ACCEPT,19.2109,4.1474,3235,16,0,0.0615,347.77,207.91,18.72,22.88,406.50,1169.00,9.00,22.00,0.0000,962.89,1,0,3.2587,ACCEPT,0,2577,823,31690,5,250,3235,0,0,0,0
121,0,1,1,ACCEPT,22.6273,4.5540,3921,13,-1,0.0431,355.28,207.19,18.72,22.88,396.50,1176.50,9.00,25.00,0.0000,970.19,1,0,3.2779,ACCEPT,0,2747,536,32767,5,250,3921,0,0,0,0
122,0,1,1,ACCEPT,23.2859,4.7864,3518,10,1,0.0770,361.06,207.91,18.72,22.88,387.00,1186.50,8.00,23.00,0.0000,978.94,1,0,3.2959,ACCEPT,0,2333,483,32767,5,250,3518,0,0,0,0
123,0,1,1,ACCEPT,23.5527,4.7296,3656,8,-1,0.2103,365.69,207.19,18.72,22.88,378.50,1195.00,9.00,22.00,0.0000,987.90,1,0,3.2893,ACCEPT,0,2537,339,32767,5,250,3656,0,0,0,0
124,0,1,1,ACCEPT,22.7344,4.5560,3499,8,1,0.1275,370.31,207.91,18.72,22.88,369.50,1203.50,9.00,23.00,0.0000,995.59,1,0,3.2711,ACCEPT,0,2433,522,32767,5,250,3499,0,0,0,0
125,0,1,1,ACCEPT,22.0850,4.6361,4038,11,1,0.0310,376.67,208.62,18.72,22.88,359.00,1212.50,8.00,21.00,0.0000,1004.03,1,0,3.2785,ACCEPT,0,2630,590,32767,5,250,4038,0,0,0,0
126,0,1,1,ACCEPT,23.3205,5.0311,4523,7,0,0.1422,380.72,208.62,18.72,22.88,350.00,1221.50,8.00,23.00,0.0000,1013.34,1,0,3.3277,ACCEPT,0,3069,449,32767,5,250,4523,0,0,0,0
127,0,1,1,ACCEPT,24.0368,4.5829,3978,7,1,0.1212,384.77,209.34,18.72,22.88,342.00,1230.00,8.00,22.00,0.0000,1021.55,1,0,3.3193,ACCEPT,0,2678,586,32767,5,250,3978,0,0,0,0
128,0,1,1,ACCEPT,22.8629,4.5612,4023,9,1,0.0666,389.97,210.06,18.72,22.88,333.50,1237.00,7.00,20.00,0.0000,1028.49,1,0,3.2622,ACCEPT,0,2720,560,32767,5,250,4023,0,0,0,0
129,0,1,1,ACCEPT,21.5069,4.2992,3564,9,-1,0.0982,395.17,209.34,18.72,22.88,327.00,1243.50,6.00,23.00,0.0000,1036.40,1,0,3.2590,ACCEPT,0,2432,445,32767,5,250,3564,0,0,0,0
130,0,1,1,ACCEPT,22.0770,5.1762,3173,8,-2,0.1418,399.80,207.91,18.72,22.88,323.50,1249.50,7.00,21.00,0.0000,1044.38,1,0,3.2664,ACCEPT,0,2264,496,32767,5,250,3173,0,0,0,0
131,0,1,1,ACCEPT,21.1750,4.6222,3120,8,-4,0.1256,404.42,205.03,18.72,22.88,319.00,1254.00,6.00,22.00,0.0000,1052.44,1,0,3.2418,ACCEPT,0,2283,516,32767,5,250,3120,0,0,0,0
132,0,1,1,ACCEPT,21.0645,5.1187,3235,10,-5,0.1774,410.20,201.44,18.72,22.88,317.00,1259.00,6.00,22.00,0.0000,1061.66,1,0,3.2429,ACCEPT,0,2393,481,32767,5,250,3235,0,0,0,0
133,0,1,1,ACCEPT,21.9361,5.7661,2958,9,-5,0.1346,415.41,197.84,18.72,22.88,314.00,1262.00,6.00,18.00,0.0000,1068.98,1,0,3.2395,ACCEPT,0,2036,542,32767,5,250,2958,0,0,0,0
134,0,1,1,ACCEPT,16.2161,3.5506,2734,12,-7,0.1405,422.34,192.81,18.72,22.88,310.50,1265.50,5.00,19.00,0.0000,1078.50,1,0,3.2561,ACCEPT,0,2463,326,32767,5,250,2734,0,0,0,0
135,0,1,1,ACCEPT,15.0352,2.7878,2063,18,-7,0.1444,432.75,187.78,18.72,22.88,305.50,1268.00,5.00,22.00,0.0000,1087.69,1,0,3.3325,ACCEPT,0,1979,581,32767,5,250,2063,0,0,0,0
136,0,1,1,ACCEPT,13.3005,2.6733,1882,22,-5,0.0096,445.47,184.19,18.72,22.88,296.50,1268.50,5.00,21.00,0.0000,1094.50,1,0,3.3561,ACCEPT,0,2406,786,31634,5,250,1882,0,0,0,0
137,0,1,1,ACCEPT,7.7804,1.9603,1184,28,-4,0.2618,461.66,181.31,18.72,22.88,284.50,1269.00,5.00,20.00,0.0000,1102.02,1,0,3.3261,ACCEPT,0,1999,852,32767,5,250,1184,0,0,0,0
138,0,1,1,ACCEPT,7.1300,1.5433,892,30,-3,0.2601,479.00,179.16,18.72,22.88,269.00,1268.50,6.00,21.00,0.0000,1109.40,1,0,3.3940,ACCEPT,0,1604,732,32767,5,250,892,0,0,0,0
139,0,1,1,ACCEPT,5.4965,1.2347,626,-31,-3,0.2364,461.08,177.00,18.72,22.88,251.00,1265.50,6.00,19.00,0.0000,1108.59,1,-6,1.4074,MAX_STEP,0,1574,1079,27337,5,250,626,0,0,0,0
140,0,1,0,NEGATIVE_PEAK,-4.4127,1.2073,-198,9,-22,0.0404,461.08,177.00,18.72,22.88,231.00,1264.00,6.00,18.00,0.0000,1111.08,0,0,0.0000,NOT_RUN,0,885,3938,0,5,250,198,0,0,0,0
141,0,1,0,NEGATIVE_PEAK,-3.2742,1.0298,-173,14,7,0.3873,461.08,177.00,18.72,22.88,211.00,1260.50,6.00,19.00,0.0000,1111.99,0,0,0.0000,NOT_RUN,0,1469,7790,0,5,250,173,0,0,0,0
142,0,1,0,NEGATIVE_PEAK,-3.1477,1.0552,-153,11,11,0.5817,461.08,177.00,18.72,22.88,194.00,1257.50,6.00,19.00,0.0000,1113.02,0,0,0.0000,NOT_RUN,0,2091,16782,0,5,250,153,0,0,0,0
143,0,1,1,ACCEPT,3.5012,1.0194,105,12,0,0.5619,468.02,177.00,19.47,23.80,179.00,1253.50,6.00,19.00,0.0000,1114.62,1,1,2.1913,ACCEPT,0,1133,17486,421,5,250,105,0,0,0,0
144,0,1,1,ACCEPT,4.1998,1.0467,112,9,-14,0.2143,473.50,166.50,20.25,24.75,163.50,1251.00,7.00,20.00,0.0000,1127.94,1,1,2.8064,ACCEPT,0,741,16527,560,5,250,112,0,0,0,0
145,0,1,1,ACCEPT,5.0848,1.3830,130,4,-3,0.3000,476.00,164.20,20.25,24.75,147.00,1246.50,8.00,19.00,0.0000,1131.20,1,1,1.5462,LOW_CONF,0,604,13791,494,5,250,130,0,0,0,0
146,0,1,1,ACCEPT,4.5946,1.1190,47,4,3,0.2340,478.50,166.50,20.25,24.75,131.00,1241.50,8.00,17.00,0.0000,1129.77,1,0,3.2527,ACCEPT,0,156,12891,349,5,250,47,0,0,0,0
147,0,1,1,ACCEPT,4.7229,1.0606,35,12,-3,0.2571,486.00,164.20,20.25,24.75,116.50,1236.50,9.00,15.00,0.0000,1134.17,1,4,1.6788,MAX_STEP,0,110,10793,428,5,250,35,0,0,0,0
148,0,1,1,ACCEPT,5.4643,1.0612,52,10,-16,0.4231,492.25,151.95,20.25,24.75,102.50,1231.50,11.00,19.00,0.0000,1147.75,1,0,2.6481,ACCEPT,0,138,9672,465,5,250,52,0,0,0,0
149,0,1,1,ACCEPT,4.4387,1.0000,35,1,2,0.4000,492.88,153.48,20.25,24.75,88.00,1225.50,10.00,15.00,0.0000,1145.92,1,-9,1.8386,MAX_STEP,0,141,9378,482,5,250,35,0,0,0,0
150,0,1,1,ACCEPT,6.6397,1.6667,55,11,-10,0.0545,499.75,145.83,20.25,24.75,73.50,1219.50,15.00,17.00,0.0000,1155.19,1,1,1.9973,LOW_CONF,0,197,7879,548,5,250,55,0,0,0,0
151,0,1,1,ACCEPT,4.6297,1.1000,33,0,-6,0.0606,499.75,141.23,21.06,25.74,61.50,1213.50,11.00,15.00,0.0000,1158.37,1,1,2.1230,ACCEPT,0,118,6895,659,5,250,33,0,0,0,0
152,0,1,1,ACCEPT,4.6418,1.0556,38,13,-5,0.2105,508.28,137.25,20.25,24.75,55.00,1206.50,12.00,15.00,0.0000,1161.36,1,-1,2.4979,ACCEPT,0,184,5928,660,5,250,38,0,0,0,0
153,0,1,1,ACCEPT,5.8776,1.0357,29,6,-2,0.3793,512.03,135.72,20.25,24.75,50.00,1199.50,10.00,15.00,0.0000,1159.79,1,0,3.0209,ACCEPT,0,83,5328,690,5,250,29,0,0,0,0
154,0,1,0,NEGATIVE_PEAK,-4.5356,1.4737,-28,5,-6,0.6429,512.03,135.72,20.25,24.75,45.50,1194.00,11.00,16.00,0.0000,1156.55,0,0,0.0000,NOT_RUN,0,137,4260,0,5,250,28,0,0,0,0
155,0,1,1,ACCEPT,6.5617,1.8400,46,7,8,0.1739,516.41,141.84,20.25,24.75,44.50,1186.50,13.00,15.00,0.0000,1146.30,1,0,3.0654,ACCEPT,0,129,4315,1011,5,250,46,0,0,0,0
156,0,1,0,NEGATIVE_PEAK,-3.9312,1.1739,-27,5,-6,0.5926,516.41,141.84,20.25,24.75,42.00,1180.50,14.00,15.00,0.0000,1141.87,0,0,0.0000,NOT_RUN,0,116,3599,0,5,250,27,0,0,0,0
157,0,1,1,ACCEPT,5.3146,1.2333,37,1,-1,0.7297,517.03,141.08,19.47,23.80,44.50,1175.50,15.00,17.00,0.0000,1137.24,1,-1,2.3064,ACCEPT,0,108,2908,1285,5,250,37,0,0,0,0
158,0,1,1,ACCEPT,8.5518,1.8485,61,11,2,0.1803,523.73,142.58,19.47,23.80,47.50,1170.50,15.00,17.00,0.0000,1132.88,1,0,2.0349,ACCEPT,0,128,2340,1619,5,250,61,0,0,0,0
159,0,1,1,ACCEPT,4.1334,1.0769,28,0,-5,0.3214,523.73,138.83,19.47,23.80,49.00,1164.50,12.00,13.00,0.0000,1130.21,1,-5,2.9136,MAX_STEP,0,152,2327,1536,5,250,28,0,0,0,0
160,0,1,1,ACCEPT,4.0155,1.2069,35,0,-5,0.6286,523.73,135.08,19.47,23.80,49.50,1158.50,13.00,13.00,0.0000,1127.96,1,6,1.3252,MAX_STEP,0,240,2239,1497,5,250,35,0,0,0,0
161,0,1,1,ACCEPT,5.8049,1.1220,46,13,4,0.1957,531.66,138.08,19.47,23.80,49.50,1152.00,13.00,12.00,0.0000,1122.73,1,1,1.5684,LOW_CONF,0,180,2378,1619,5,250,46,0,0,0,0
162,0,1,0,NEGATIVE_PEAK,-4.7538,1.0833,-39,11,-11,0.9231,531.66,138.08,19.47,23.80,54.00,1145.00,12.00,12.00,0.0000,1114.47,0,0,0.0000,NOT_RUN,0,173,2184,0,5,250,39,0,0,0,0
163,0,1,0,NEGATIVE_PEAK,-3.4139,1.1250,-27,-10,-19,0.7037,531.66,138.08,19.47,23.80,57.00,1140.50,12.00,13.00,0.0000,1109.12,0,0,0.0000,NOT_RUN,0,202,1167,0,5,250,27,0,0,0,0
164,0,1,1,ACCEPT,5.3993,1.1875,38,7,-4,0.4737,535.92,135.08,19.47,23.80,59.00,1134.50,12.00,13.00,0.0000,1107.38,1,-2,1.9494,LOW_CONF,0,125,946,3631,5,250,38,0,0,0,0
165,0,1,0,NEGATIVE_PEAK,-4.7569,1.0000,-39,4,10,0.2051,535.92,135.08,19.47,23.80,63.00,1128.50,12.00,13.00,0.0000,1100.25,0,0,0.0000,NOT_RUN,0,156,896,0,5,250,39,0,0,0,0
166,0,1,1,ACCEPT,5.2553,1.1316,43,6,3,0.2558,539.58,137.33,19.47,23.80,70.50,1123.00,17.00,12.00,0.0000,1091.60,1,2,1.3367,LOW_CONF,0,195,880,4370,5,250,43,0,0,0,0
167,0,1,1,ACCEPT,6.4010,1.6857,59,-1,2,0.3220,538.97,138.83,19.47,23.80,76.50,1120.00,13.00,16.00,0.0000,1084.70,1,0,2.2733,ACCEPT,0,179,661,5750,5,250,59,0,0,0,0
168,0,1,1,ACCEPT,4.2601,1.2500,40,1,-5,0.0750,539.58,135.08,19.47,23.80,81.50,1115.50,15.00,15.00,0.0000,1082.16,1,4,2.2120,MAX_STEP,0,267,565,5258,5,250,40,0,0,0,0
169,0,1,1,ACCEPT,4.0927,1.1389,41,0,-6,0.2927,539.58,130.58,19.47,23.80,82.50,1110.50,11.00,11.00,0.0000,1081.28,1,-4,1.8932,MAX_STEP,0,259,451,5198,5,250,41,0,0,0,0
170,0,1,0,NEGATIVE_PEAK,-3.6001,1.1212,-37,1,-18,0.6757,539.58,130.58,19.47,23.80,90.50,1108.00,11.00,12.00,0.0000,1075.65,0,0,0.0000,NOT_RUN,0,320,719,0,5,250,37,0,0,0,0
171,0,1,1,ACCEPT,4.9715,1.2558,54,6,-4,0.2963,543.23,127.58,18.00,22.00,102.50,1107.00,11.00,12.00,0.0000,1074.02,1,-2,2.1993,ACCEPT,0,214,622,5453,5,250,54,0,0,0,0
172,0,1,0,NEGATIVE_PEAK,-3.6983,1.0227,-45,-9,-12,0.1556,543.23,127.58,18.00,22.00,114.00,1106.00,12.00,16.00,0.0000,1068.43,0,0,0.0000,NOT_RUN,0,284,468,0,5,250,45,0,0,0,0
173,0,1,1,ACCEPT,4.0612,1.0755,57,8,-2,0.1404,547.73,126.20,17.31,21.15,121.00,1104.50,14.00,13.00,0.0000,1067.32,1,-1,2.3423,ACCEPT,0,353,667,4294,5,250,57,0,0,0,0
174,0,1,1,ACCEPT,5.3689,1.4054,52,13,0,0.1154,554.84,126.20,17.31,21.15,124.00,1101.00,14.00,14.00,0.0000,1065.77,1,0,2.5074,ACCEPT,0,215,1602,2812,5,250,52,0,0,0,0
175,0,1,0,NEGATIVE_PEAK,-3.8576,1.0164,-62,4,10,0.9516,554.84,126.20,17.31,21.15,125.50,1098.50,15.00,15.00,0.0000,1062.87,0,0,0.0000,NOT_RUN,0,278,762,0,5,250,62,0,0,0,0
176,0,1,1,ACCEPT,4.1682,1.0727,59,1,2,0.1695,555.39,127.52,17.31,21.15,129.00,1096.00,14.00,14.00,0.0000,1058.19,1,0,2.5962,ACCEPT,0,257,568,8169,5,250,59,0,0,0,0
177,0,1,1,ACCEPT,5.8265,1.0286,72,-3,-8,0.5000,553.75,122.27,17.31,21.15,134.00,1094.50,14.00,15.00,0.0000,1058.98,1,1,1.8199,LOW_CONF,0,249,1370,3685,5,250,72,0,0,0,0
178,0,1,0,NEGATIVE_PEAK,-5.7158,1.1846,-77,13,-12,0.5195,553.75,122.27,17.31,21.15,139.50,1093.50,15.00,15.00,0.0000,1055.89,0,0,0.0000,NOT_RUN,0,197,1160,0,5,250,77,0,0,0,0
179,0,1,0,NEGATIVE_PEAK,-4.6433,1.2281,-70,13,-12,0.2286,553.75,122.27,17.31,21.15,144.00,1090.50,14.00,15.00,0.0000,1051.37,0,0,0.0000,NOT_RUN,0,311,767,0,5,250,70,0,0,0,0
180,0,1,1,ACCEPT,4.5261,1.0625,68,3,-3,0.2206,555.39,120.30,17.31,21.15,150.50,1088.00,13.00,14.00,0.0000,1048.99,1,5,1.9846,MAX_STEP,0,391,1022,3652,5,250,68,0,0,0,0
181,0,1,1,ACCEPT,4.2128,1.1053,84,15,-10,0.3571,563.59,113.73,17.31,21.15,157.00,1086.00,14.00,14.00,0.0000,1053.86,1,1,1.9646,LOW_CONF,0,474,1069,4148,5,250,84,0,0,0,0
182,0,1,1,ACCEPT,5.1394,1.1912,81,-2,-6,0.0988,562.50,109.80,17.31,21.15,165.50,1083.50,15.00,15.00,0.0000,1051.53,1,0,2.8433,ACCEPT,0,348,1748,3047,5,250,81,0,0,0,0
183,0,1,1,ACCEPT,5.5224,1.5667,94,1,0,0.9468,563.05,109.80,17.31,21.15,173.50,1078.50,15.00,15.00,0.0000,1044.09,1,-5,2.3538,MAX_STEP,0,407,2413,2492,5,250,94,0,0,0,0
184,0,1,1,ACCEPT,5.3253,1.1343,76,0,-6,0.8289,563.05,105.86,17.31,21.15,179.00,1074.50,14.00,15.00,0.0000,1042.00,1,5,1.4862,MAX_STEP,0,451,2018,2138,5,250,76,0,0,0,0
185,0,1,1,ACCEPT,4.4073,1.1277,53,0,-2,0.8302,563.05,104.55,17.31,21.15,179.50,1067.50,13.00,15.00,0.0000,1036.53,1,2,1.4408,LOW_CONF,0,354,1510,2680,5,250,53,0,0,0,0
186,0,1,1,ACCEPT,4.7050,1.1400,57,1,0,0.9825,563.59,104.55,17.31,21.15,174.50,1060.50,13.00,15.00,0.0000,1032.10,1,6,1.6040,MAX_STEP,0,340,1301,3317,5,250,57,0,0,0,0
187,0,1,1,ACCEPT,4.0242,1.1282,44,14,-1,0.6591,571.25,103.89,17.31,21.15,168.50,1053.00,17.00,20.00,0.0000,1031.03,1,7,1.7353,MAX_STEP,0,287,1841,2679,5,250,44,0,0,0,0
188,0,1,1,ACCEPT,5.8705,1.4545,64,15,-2,0.0781,579.45,102.58,17.31,21.15,166.00,1041.50,14.00,15.00,0.0000,1025.92,1,-2,1.7640,LOW_CONF,0,248,1513,3983,5,250,64,0,0,0,0
189,0,1,1,ACCEPT,5.4601,1.2182,67,1,1,0.7910,580.00,103.23,17.31,21.15,168.50,1031.00,13.00,16.00,0.0000,1014.93,1,0,3.3137,ACCEPT,0,307,2370,2167,5,250,67,0,0,0,0
190,0,1,1,ACCEPT,6.1705,1.2558,54,-1,-1,0.5370,579.45,102.58,17.31,21.15,170.50,1019.00,13.00,16.00,0.0000,1003.53,1,0,1.9960,LOW_CONF,0,258,2247,2310,5,250,54,0,0,0,0
191,0,1,1,ACCEPT,5.4734,1.2667,57,11,-5,0.1228,585.47,99.30,17.31,21.15,173.00,1008.50,14.00,17.00,0.0000,998.39,1,7,1.1796,MAX_STEP,0,203,1574,2530,5,250,57,0,0,0,0
192,0,1,1,ACCEPT,4.0553,1.0732,44,7,-4,0.0227,589.30,96.67,18.00,22.00,178.50,996.00,13.00,16.00,0.0000,988.71,1,1,2.5659,ACCEPT,0,284,4576,1088,5,250,44,0,0,0,0
193,0,1,0,NEGATIVE_PEAK,-5.2044,1.0460,-91,11,-9,0.2637,589.30,96.67,18.00,22.00,183.50,984.50,13.00,17.00,0.0000,976.17,0,0,0.0000,NOT_RUN,0,321,2877,0,5,250,91,0,0,0,0
194,0,1,0,NEGATIVE_PEAK,-4.5215,1.3333,-64,11,-2,0.2344,589.30,96.67,18.00,22.00,191.00,972.50,12.00,17.00,0.0000,962.14,0,0,0.0000,NOT_RUN,0,347,8720,0,5,250,64,0,0,0,0
195,0,1,0,NEGATIVE_PEAK,-3.5179,1.0154,-66,11,-6,0.1212,589.30,96.67,18.00,22.00,197.50,959.00,13.00,18.00,0.0000,947.16,0,0,0.0000,NOT_RUN,0,477,14154,0,5,250,66,0,0,0,0
196,0,1,0,NEGATIVE_PEAK,-3.5850,1.0541,-39,4,6,0.2564,589.30,96.67,18.00,22.00,203.00,945.50,14.00,23.00,0.0000,932.60,0,0,0.0000,NOT_RUN,0,228,16166,0,5,250,39,0,0,0,0
197,0,1,0,NEGATIVE_PEAK,-5.3030,1.3714,-48,23,18,0.2708,589.30,96.67,18.00,22.00,208.50,930.50,13.00,17.00,0.0000,916.67,0,0,0.0000,NOT_RUN,0,159,14383,0,5,250,48,0,0,0,0
198,0,1,0,NEGATIVE_PEAK,-5.3936,1.1871,-165,21,7,0.1636,589.30,96.67,18.00,22.00,213.50,915.00,13.00,18.00,0.0000,900.49,0,0,0.0000,NOT_RUN,0,758,12499,0,5,250,165,0,0,0,0
199,0,1,0,NEGATIVE_PEAK,-5.3790,1.3853,-302,15,2,0.1887,589.30,96.67,18.00,22.00,218.00,900.50,12.00,17.00,0.0000,885.44,0,0,0.0000,NOT_RUN,0,1764,11109,0,5,250,302,0,0,0,0
200,0,1,0,NEGATIVE_PEAK,-4.3831,1.0189,-323,7,1,0.0681,589.30,96.67,18.00,22.00,221.50,884.50,13.00,17.00,0.0000,869.45,0,0,0.0000,NOT_RUN,0,2494,9789,0,5,250,323,0,0,0,0
201,0,1,0,NEGATIVE_PEAK,-4.5751,1.2515,-413,5,-3,0.7676,589.30,96.67,18.00,22.00,225.00,869.50,14.00,17.00,0.0000,854.39,0,0,0.0000,NOT_RUN,0,3035,8724,0,5,250,413,0,0,0,0
202,0,1,0,NEGATIVE_PEAK,-4.4816,1.2525,-382,12,-8,0.7199,589.30,96.67,18.00,22.00,227.50,854.00,15.00,18.00,0.0000,839.31,0,0,0.0000,NOT_RUN,0,2782,7595,0,5,250,382,0,0,0,0
203,0,1,0,NEGATIVE_PEAK,-4.5751,1.2211,-359,7,-1,0.3760,589.30,96.67,18.00,22.00,232.00,839.00,14.00,18.00,0.0000,823.84,0,0,0.0000,NOT_RUN,0,2603,6734,0,5,250,359,0,0,0,0
204,0,1,0,NEGATIVE_PEAK,-5.9760,1.6100,-388,11,1,0.0129,589.30,96.67,18.00,22.00,236.00,823.00,14.00,16.00,0.0000,807.70,0,0,0.0000,NOT_RUN,0,2081,5488,0,5,250,388,0,0,0,0
205,0,1,0,NEGATIVE_PEAK,-5.3912,1.2735,-312,15,3,0.1538,589.30,96.67,18.00,22.00,240.50,809.00,13.00,16.00,0.0000,793.14,0,0,0.0000,NOT_RUN,0,1778,4608,0,5,250,312,0,0,0,0
206,0,1,0,NEGATIVE_PEAK,-4.4923,1.1553,-186,17,10,0.2097,589.30,96.67,18.00,22.00,244.00,795.50,12.00,19.00,0.0000,779.48,0,0,0.0000,NOT_RUN,0,1051,4192,0,5,250,186,0,0,0,0
207,0,1,0,NEGATIVE_PEAK,-5.4226,1.3455,-74,21,17,0.2027,589.30,96.67,18.00,22.00,248.50,785.00,13.00,24.00,0.0000,768.07,0,0,0.0000,NOT_RUN,0,279,3696,0,5,250,74,0,0,0,0
208,0,1,0,NEGATIVE_PEAK,-5.1277,1.3256,-57,11,3,0.1053,589.30,96.67,18.00,22.00,254.50,770.00,13.00,24.00,0.0000,751.97,0,0,0.0000,NOT_RUN,0,352,3630,0,5,250,57,0,0,0,0
209,0,1,0,NEGATIVE_PEAK,-5.3786,1.6190,-34,10,9,0.0294,589.30,96.67,18.00,22.00,260.00,759.00,12.00,20.00,0.0000,739.67,0,0,0.0000,NOT_RUN,0,167,2814,0,5,250,34,0,0,0,0
210,0,1,0,NEGATIVE_PEAK,-6.2535,1.5417,-37,11,4,0.2432,589.30,96.67,18.00,22.00,264.50,749.50,11.00,21.00,0.0000,729.16,0,0,0.0000,NOT_RUN,0,118,1646,0,5,250,37,0,0,0,0
211,0,1,1,ACCEPT,5.6063,1.0645,33,12,-12,0.1515,596.05,88.42,18.72,22.88,269.50,739.00,11.00,22.00,0.0000,727.93,1,1,2.5177,ACCEPT,0,132,1691,3529,5,250,33,0,0,0,0
212,0,1,0,LOW_PSR,3.0203,1.0250,82,6,-4,0.3537,596.05,88.42,18.72,22.88,274.50,732.00,11.00,20.00,0.0000,719.43,0,0,0.0000,NOT_RUN,0,915,2967,0,5,250,82,0,0,0,0
213,0,1,1,ACCEPT,4.4360,1.2947,123,-2,-3,0.4634,594.89,86.27,19.47,23.80,278.50,726.00,13.00,24.00,0.0000,713.70,1,1,2.7547,ACCEPT,0,699,3265,1934,5,250,123,0,0,0,0
214,0,1,1,ACCEPT,6.3696,1.6889,76,2,-2,0.2895,596.11,84.77,19.47,23.80,283.00,720.50,12.00,25.00,0.0000,708.66,1,-4,2.4651,MAX_STEP,0,306,2817,1739,5,250,76,0,0,0,0
215,0,1,0,NEGATIVE_PEAK,-4.4391,1.0333,-62,-2,-15,0.0323,596.11,84.77,19.47,23.80,286.00,716.50,10.00,21.00,0.0000,703.74,0,0,0.0000,NOT_RUN,0,384,2531,0,5,250,62,0,0,0,0
216,0,1,0,NEGATIVE_PEAK,-4.5805,1.0615,-69,-1,-15,0.0435,596.11,84.77,19.47,23.80,288.00,712.50,10.00,21.00,0.0000,699.27,0,0,0.0000,NOT_RUN,0,412,2711,0,5,250,69,0,0,0,0
217,0,1,0,NEGATIVE_PEAK,-3.6794,1.0000,-37,8,0,0.5405,596.11,84.77,19.47,23.80,290.50,707.50,11.00,23.00,0.0000,693.68,0,0,0.0000,NOT_RUN,0,258,2070,0,5,250,37,0,0,0,0
218,0,1,0,NEGATIVE_PEAK,-4.6033,1.0800,-54,13,3,0.1481,596.11,84.77,19.47,23.80,292.50,704.00,11.00,26.00,0.0000,689.66,0,0,0.0000,NOT_RUN,0,181,3460,0,5,250,54,0,0,0,0
219,0,1,0,NEGATIVE_PEAK,-4.5270,1.3684,-52,12,2,0.1346,596.11,84.77,19.47,23.80,294.00,701.50,10.00,27.00,0.0000,686.75,0,0,0.0000,NOT_RUN,0,213,2787,0,5,250,52,0,0,0,0
220,0,1,0,NEGATIVE_PEAK,-3.8438,1.0495,-403,13,9,0.2258,596.11,84.77,19.47,23.80,294.50,697.50,11.00,27.00,0.0000,682.94,0,0,0.0000,NOT_RUN,0,2496,2594,0,5,250,403,0,0,0,0
221,0,1,0,NEGATIVE_PEAK,-3.1731,1.0064,-471,0,-8,0.4268,596.11,84.77,19.47,23.80,295.00,693.50,10.00,27.00,0.0000,679.14,0,0,0.0000,NOT_RUN,0,3791,1798,0,5,250,471,0,0,0,0
222,0,1,1,ACCEPT,5.9053,1.3428,1281,-2,2,0.6643,594.89,86.27,19.47,23.80,295.50,689.50,9.00,27.00,0.0000,673.44,1,0,3.0822,ACCEPT,0,4999,908,28519,5,250,1281,0,0,0,0
223,0,1,0,NEGATIVE_PEAK,-9.6718,1.9683,-683,7,-6,0.3470,594.89,86.27,19.47,23.80,294.00,683.00,12.00,32.00,0.0000,668.30,0,0,0.0000,NOT_RUN,0,1005,2841,0,5,250,683,0,0,0,0
224,0,1,1,ACCEPT,6.9736,1.4952,465,0,-17,0.2710,594.89,73.52,19.47,23.80,294.00,679.50,12.00,31.00,0.0000,676.57,1,0,3.4565,ACCEPT,0,1327,5639,3002,5,250,465,0,0,0,0
225,0,1,0,NEGATIVE_PEAK,-6.9658,1.2462,-324,9,3,0.0432,594.89,73.52,19.47,23.80,294.00,673.00,14.00,30.00,0.0000,670.76,0,0,0.0000,NOT_RUN,0,626,5294,0,5,250,324,0,0,0,0
226,0,1,1,ACCEPT,6.0615,1.4550,275,8,-16,0.0073,599.77,61.52,19.47,23.80,294.50,668.50,13.00,27.00,0.0000,679.42,1,0,2.7544,ACCEPT,0,744,3619,4928,5,250,275,0,0,0,0
227,0,1,0,NEGATIVE_PEAK,-4.5611,1.0517,-61,8,-20,0.7377,599.77,61.52,19.47,23.80,291.50,661.50,13.00,29.00,0.0000,674.54,0,0,0.0000,NOT_RUN,0,296,5461,0,5,250,61,0,0,0,0
228,0,1,1,ACCEPT,5.1794,1.2326,53,11,4,0.3585,606.47,64.52,19.47,23.80,291.00,656.00,18.00,30.00,0.0000,670.35,1,0,3.1035,ACCEPT,0,289,6532,605,5,250,53,0,0,0,0
229,0,1,1,ACCEPT,4.9047,1.0508,62,5,-8,0.5323,609.52,58.52,20.25,24.75,290.00,649.00,18.00,28.00,0.0000,671.39,1,1,2.7721,ACCEPT,0,280,6052,772,5,250,62,0,0,0,0
230,0,1,1,ACCEPT,7.9735,1.6667,80,3,-9,0.4125,611.39,51.62,20.25,24.75,286.50,640.00,19.00,28.00,0.0000,672.12,1,0,2.9733,ACCEPT,0,228,5420,945,5,250,80,0,0,0,0
231,0,1,0,NEGATIVE_PEAK,-5.7613,1.2131,-74,12,-15,0.5000,611.39,51.62,20.25,24.75,284.50,631.00,19.00,26.00,0.0000,665.23,0,0,0.0000,NOT_RUN,0,297,4624,0,5,250,74,0,0,0,0
232,0,1,0,NEGATIVE_PEAK,-5.1440,1.0000,-39,9,-6,0.3590,611.39,51.62,20.25,24.75,282.50,622.00,21.00,28.00,0.0000,658.40,0,0,0.0000,NOT_RUN,0,162,3931,0,5,250,39,0,0,0,0
233,0,1,0,NEGATIVE_PEAK,-6.3411,1.4839,-92,15,1,0.3478,611.39,51.62,20.25,24.75,281.50,610.00,23.00,28.00,0.0000,648.54,0,0,0.0000,NOT_RUN,0,351,3297,0,5,250,92,0,0,0,0
234,0,1,0,NEGATIVE_PEAK,-5.9103,1.4667,-88,14,-16,0.2386,611.39,51.62,20.25,24.75,280.00,598.50,22.00,27.00,0.0000,639.45,0,0,0.0000,NOT_RUN,0,326,3042,0,5,250,88,0,0,0,0
235,0,1,0,NEGATIVE_PEAK,-3.9685,1.0612,-52,10,-6,0.3846,611.39,51.62,20.25,24.75,280.00,587.50,24.00,27.00,0.0000,630.06,0,0,0.0000,NOT_RUN,0,260,2857,0,5,250,52,0,0,0,0
236,0,1,0,NEGATIVE_PEAK,-4.9124,1.2041,-59,2,-5,0.3729,611.39,51.62,20.25,24.75,277.50,577.00,25.00,28.00,0.0000,622.50,0,0,0.0000,NOT_RUN,0,216,2174,0,5,250,59,0,0,0,0
237,0,1,0,NEGATIVE_PEAK,-4.4062,1.0323,-64,7,5,0.6562,611.39,51.62,20.25,24.75,275.00,569.00,24.00,30.00,0.0000,617.12,0,0,0.0000,NOT_RUN,0,361,2065,0,5,250,64,0,0,0,0
238,0,1,0,NEGATIVE_PEAK,-4.8428,1.0806,-67,15,-4,0.4627,611.39,51.62,20.25,24.75,272.00,560.00,24.00,28.00,0.0000,611.25,0,0,0.0000,NOT_RUN,0,343,2319,0,5,250,67,0,0,0,0
239,0,1,0,NEGATIVE_PEAK,-4.9987,1.2708,-61,10,1,0.2295,611.39,51.62,20.25,24.75,270.00,551.50,24.00,29.00,0.0000,605.33,0,0,0.0000,NOT_RUN,0,293,1547,0,5,250,61,0,0,0,0
240,0,1,1,ACCEPT,4.7495,1.0392,53,8,-4,0.3774,616.39,48.56,21.06,25.74,266.50,545.50,25.00,29.00,0.0000,607.76,1,1,2.9393,ACCEPT,0,287,1243,3115,5,250,53,0,0,0,0
241,0,1,1,ACCEPT,5.2834,1.0610,87,3,-9,0.1379,618.36,41.39,21.06,25.74,263.50,542.50,25.00,29.00,0.0000,614.03,1,0,3.3464,ACCEPT,0,390,1409,2598,5,250,87,0,0,0,0
242,0,1,0,NEGATIVE_PEAK,-4.9910,1.1515,-76,16,-5,0.0789,618.36,41.39,21.06,25.74,261.00,540.00,26.00,32.00,0.0000,613.45,0,0,0.0000,NOT_RUN,0,383,1226,0,5,250,76,0,0,0,0
243,0,1,1,ACCEPT,5.7234,1.2206,83,7,-7,0.3976,622.95,35.81,21.06,25.74,255.50,539.00,25.00,28.00,0.0000,623.07,1,0,3.2772,ACCEPT,0,342,708,4432,5,250,83,0,0,0,0
244,0,1,1,ACCEPT,4.1838,1.0164,62,11,-14,0.1290,630.17,24.66,21.06,25.74,249.50,539.00,25.00,28.00,0.0000,639.89,1,-5,1.8444,MAX_STEP,0,420,200,9183,5,250,62,0,0,0,0
245,0,1,0,NEGATIVE_PEAK,-5.0148,1.1444,-103,9,-12,0.3204,630.17,24.66,21.06,25.74,242.00,540.00,26.00,28.00,0.0000,645.18,0,0,0.0000,NOT_RUN,0,436,489,0,5,250,103,0,0,0,0
246,0,1,1,ACCEPT,4.9419,1.1000,110,3,-8,0.5636,632.14,18.28,21.06,25.74,235.00,541.50,26.00,29.00,0.0000,656.87,1,6,1.5006,MAX_STEP,0,442,967,6272,5,250,110,0,0,0,0
247,0,1,1,ACCEPT,5.0535,1.1613,108,-8,-6,0.0370,626.89,13.50,21.06,25.74,227.50,543.00,29.00,32.00,0.0000,663.24,1,5,2.2331,MAX_STEP,0,439,1364,4891,5,250,108,0,0,0,0
248,0,1,1,ACCEPT,4.8769,1.0561,113,-8,-10,0.1150,621.64,5.53,21.06,25.74,220.00,546.00,26.00,30.00,0.0000,673.37,1,5,1.5643,MAX_STEP,0,541,1645,3718,5,250,113,0,0,0,0
249,0,1,0,NEGATIVE_PEAK,-5.9701,1.3692,-89,14,-12,0.5843,621.64,5.53,21.06,25.74,213.50,548.00,27.00,30.00,0.0000,678.86,0,0,0.0000,NOT_RUN,0,329,2341,0,5,250,89,0,0,0,0
250,0,1,1,ACCEPT,4.4037,1.1034,64,19,1,0.4688,634.11,6.33,21.06,25.74,207.50,550.50,25.00,29.00,0.0000,691.46,1,0,2.7421,ACCEPT,0,335,2666,1677,5,250,64,0,0,0,0
0,0,0,0,ZERO_RESPONSE,0.0000,0.0000,0,0,0,0.0000,323.00,485.50,14.00,19.00,323.00,485.50,14.00,19.00,1.0000,0.00,1,0,0.0000,NOT_RUN,0,0,4081,22678,6,300,0,0,0,0,0
1,0,1,0,NEGATIVE_PEAK,-4.6433,1.0565,-299,9,16,0.4883,323.00,485.50,14.00,19.00,319.00,486.50,16.00,21.00,0.5318,4.12,0,0,0.0000,NOT_RUN,0,1379,3241,0,6,300,299,0,0,0,0
2,0,1,1,ACCEPT,3.7925,1.1589,299,-3,12,0.3946,321.69,492.62,14.00,19.00,315.50,485.00,15.00,20.00,0.2112,9.82,1,0,1.7168,LOW_CONF,0,1194,3613,16277,6,300,299,0,0,0,0
3,0,1,1,ACCEPT,4.3665,1.1902,219,-7,-8,0.1735,318.62,487.88,14.00,19.00,314.00,484.00,16.00,20.00,0.3824,6.03,1,0,2.7421,ACCEPT,0,512,3144,11969,6,300,219,0,0,0,0
4,0,1,1,ACCEPT,5.2732,1.1986,169,1,-7,0.0592,319.06,483.72,14.00,19.00,311.50,483.00,15.00,20.00,0.2990,7.60,1,0,2.6578,ACCEPT,0,428,1979,13940,6,300,169,0,0,0,0
5,0,1,0,NEGATIVE_PEAK,-4.4207,1.0688,-233,-10,17,0.1416,319.06,483.72,14.00,19.00,310.50,481.50,15.00,19.00,0.2208,8.85,0,0,0.0000,NOT_RUN,0,651,1990,0,6,300,233,0,0,0,0
6,0,1,0,NEGATIVE_PEAK,-3.9544,1.0901,-363,-2,2,0.6860,319.06,483.72,14.00,19.00,308.00,479.50,14.00,21.00,0.0903,11.84,0,0,0.0000,NOT_RUN,0,992,2910,0,6,300,363,0,0,0,0
7,0,1,1,ACCEPT,4.1622,1.0462,181,-9,-13,0.5470,315.12,476.00,14.00,19.00,305.50,477.50,13.00,19.00,0.1523,9.74,1,0,2.8829,ACCEPT,0,469,1553,18445,6,300,181,0,0,0,0
8,0,1,1,ACCEPT,4.8394,1.2685,274,8,4,0.0255,318.62,478.38,14.00,19.00,303.00,476.00,14.00,20.00,0.0000,15.80,1,0,3.4403,ACCEPT,0,712,1191,24574,6,300,274,0,0,0,0
9,0,1,0,NEGATIVE_PEAK,-5.7812,1.2047,-812,-6,5,0.4187,318.62,478.38,14.00,19.00,299.50,474.00,15.00,20.00,0.0000,19.62,0,0,0.0000,NOT_RUN,0,1910,1957,0,6,300,812,0,0,0,0
10,0,1,1,ACCEPT,5.2955,1.1476,824,0,1,0.6468,318.62,478.97,13.46,18.27,299.50,472.50,19.00,23.00,0.0000,20.19,1,-1,2.2071,ACCEPT,0,1939,1716,16401,6,300,824,0,0,0,0
11,0,1,1,ACCEPT,4.8597,1.2138,386,-15,3,0.1606,312.30,480.70,13.46,18.27,296.00,472.00,16.00,20.00,0.0000,18.48,1,0,2.7477,ACCEPT,0,1001,781,16904,6,300,386,0,0,0,0
12,0,1,1,ACCEPT,4.6011,1.1492,416,-8,6,0.4904,308.92,484.17,13.46,18.27,294.00,469.00,18.00,20.00,0.0053,21.28,1,0,1.6823,LOW_CONF,0,1338,768,15774,6,300,416,0,0,0,0
13,0,1,1,ACCEPT,4.5034,1.0631,556,-15,8,0.3022,302.59,488.80,13.46,18.27,290.00,468.50,18.00,21.00,0.0000,23.89,1,0,2.6263,ACCEPT,0,1566,1038,17546,6,300,556,0,0,0,0
14,0,1,1,ACCEPT,5.0893,1.3568,540,6,-1,0.0611,305.12,488.22,13.46,18.27,286.00,468.00,18.00,18.00,0.0000,27.83,1,0,2.5636,ACCEPT,0,1105,826,10988,6,300,540,0,0,0,0
15,0,1,1,ACCEPT,5.1098,1.2765,337,-10,-2,0.1424,300.91,487.06,13.46,18.27,281.50,467.00,19.00,20.00,0.0000,27.91,1,0,3.1778,ACCEPT,0,729,944,10474,6,300,337,0,0,0,0
16,0,1,1,ACCEPT,5.9728,1.3206,519,-6,2,0.4008,298.38,488.22,13.46,18.27,278.00,467.00,18.00,20.00,0.0000,29.42,1,0,3.0172,ACCEPT,0,874,845,8840,6,300,519,0,0,0,0
17,0,1,1,ACCEPT,6.0333,1.1848,513,-8,12,0.2144,295.00,495.16,13.46,18.27,274.50,466.50,19.00,21.00,0.0000,35.23,1,0,2.9177,ACCEPT,0,839,519,14642,6,300,513,0,0,0,0
18,0,1,0,NEGATIVE_PEAK,-4.6048,1.0467,-538,-6,-16,0.0446,295.00,495.16,13.46,18.27,271.50,467.00,19.00,20.00,0.0000,36.67,0,0,0.0000,NOT_RUN,0,1410,1046,0,6,300,538,0,0,0,0
19,0,1,0,NEGATIVE_PEAK,-4.0485,1.0700,-428,12,-5,0.2126,295.00,495.16,13.46,18.27,270.00,468.00,20.00,20.00,0.0000,36.91,0,0,0.0000,NOT_RUN,0,1617,853,0,6,300,428,0,0,0,0
20,0,1,0,NEGATIVE_PEAK,-4.7081,1.0646,-527,-3,7,0.1233,295.00,495.16,13.46,18.27,268.50,469.00,19.00,20.00,0.0000,37.23,0,0,0.0000,NOT_RUN,0,1821,969,0,6,300,527,0,0,0,0
21,0,1,1,ACCEPT,6.9684,1.5780,759,-14,-1,0.2925,289.09,494.58,13.46,18.27,265.50,469.50,19.00,19.00,0.0000,34.43,1,0,2.6632,ACCEPT,0,1297,1389,5328,6,300,759,0,0,0,0
22,0,1,1,ACCEPT,6.4905,1.2825,572,5,-3,0.6101,291.20,492.84,13.46,18.27,262.50,472.00,19.00,20.00,0.0000,35.47,1,0,3.2701,ACCEPT,0,1185,1378,6369,6,300,572,0,0,0,0
23,0,1,1,ACCEPT,7.9941,1.6714,473,6,-11,0.0254,293.73,486.48,13.46,18.27,257.50,473.00,19.00,18.00,0.0000,38.66,1,0,3.3717,ACCEPT,0,720,1577,6119,6,300,473,0,0,0,0
24,0,1,1,ACCEPT,9.0467,1.8956,599,4,-9,0.0033,295.42,481.28,13.46,18.27,253.50,475.00,19.00,20.00,0.0000,42.39,1,0,3.0968,ACCEPT,0,833,1371,5870,6,300,599,0,0,0,0
25,0,1,1,ACCEPT,10.4895,2.3709,716,8,-12,0.0154,298.80,474.34,13.46,18.27,250.50,476.50,19.00,19.00,0.0000,48.34,1,0,3.3126,ACCEPT,0,856,1015,7255,6,300,716,0,0,0,0
26,0,1,1,ACCEPT,12.4505,2.2299,970,4,-11,0.2196,300.48,467.98,13.46,18.27,247.00,478.50,20.00,19.00,0.0000,54.51,1,0,3.2856,ACCEPT,0,934,996,6604,6,300,970,0,0,0,0
27,0,1,1,ACCEPT,13.8920,2.9108,946,8,-11,0.1142,303.86,461.62,13.46,18.27,243.00,481.00,20.00,20.00,0.0000,63.87,1,0,3.2882,ACCEPT,0,902,900,6874,6,300,946,0,0,0,0
28,0,1,1,ACCEPT,14.2163,2.6220,1075,4,-11,0.1842,305.55,455.27,13.46,18.27,240.50,483.50,19.00,19.00,0.0000,70.91,1,0,3.4127,ACCEPT,0,954,904,5952,6,300,1075,0,0,0,0
29,0,1,1,ACCEPT,15.8756,3.0682,945,4,-8,0.1196,307.23,450.64,13.46,18.27,236.50,486.00,19.00,18.00,0.0000,79.08,1,0,3.2946,ACCEPT,0,842,1069,5667,6,300,945,0,0,0,0
30,0,1,1,ACCEPT,16.6354,3.2353,1045,8,-11,0.0545,310.61,444.28,13.46,18.27,233.50,486.50,21.00,17.00,0.0000,87.91,1,0,3.2782,ACCEPT,0,827,863,6723,6,300,1045,0,0,0,0
31,0,1,1,ACCEPT,18.0440,3.7476,1188,4,-9,0.0177,312.30,439.08,13.46,18.27,231.00,491.50,22.00,19.00,0.0000,96.73,1,0,3.2543,ACCEPT,0,932,876,5846,6,300,1188,0,0,0,0
32,0,1,1,ACCEPT,18.5863,4.2852,1307,9,-10,0.1484,316.09,433.30,13.46,18.27,229.00,493.00,20.00,20.00,0.0000,105.59,1,0,3.3248,ACCEPT,0,924,803,10146,6,300,1307,0,0,0,0
33,0,1,1,ACCEPT,19.2738,4.2581,1699,8,-10,0.2348,319.47,427.52,13.46,18.27,226.00,496.50,20.00,19.00,0.0000,116.17,1,0,3.3675,ACCEPT,0,1409,829,8933,6,300,1699,0,0,0,0
34,0,1,1,ACCEPT,19.0457,4.3415,1411,11,-10,0.1609,324.11,421.73,13.46,18.27,226.00,501.00,18.00,18.00,0.0000,126.13,1,0,3.3805,ACCEPT,0,1120,695,8459,6,300,1411,0,0,0,0
35,0,1,1,ACCEPT,22.4347,5.2508,1654,10,-9,0.1040,328.33,416.53,13.46,18.27,225.50,504.50,17.00,17.00,0.0000,135.32,1,0,3.3722,ACCEPT,0,1122,835,7758,6,300,1654,0,0,0,0
36,0,1,1,ACCEPT,20.4728,5.3249,1475,12,-9,0.1031,333.39,411.33,13.46,18.27,224.50,508.50,19.00,19.00,0.0000,145.94,1,0,3.4014,ACCEPT,0,1129,805,7056,6,300,1475,0,0,0,0
37,0,1,1,ACCEPT,22.8366,4.7799,1716,13,-7,0.0169,338.88,407.28,13.46,18.27,224.00,512.50,18.00,17.00,0.0000,155.78,1,0,3.3819,ACCEPT,0,1207,945,7978,6,300,1716,0,0,0,0
38,0,1,1,ACCEPT,24.3641,6.5658,1845,10,-8,0.0661,343.09,402.66,13.46,18.27,223.00,517.00,18.00,18.00,0.0000,165.82,1,0,3.3520,ACCEPT,0,1291,764,9324,6,300,1845,0,0,0,0
39,0,1,1,ACCEPT,22.7493,4.9620,1697,13,-9,0.1184,348.58,397.45,13.46,18.27,223.00,521.50,18.00,19.00,0.0000,176.51,1,0,3.3705,ACCEPT,0,1120,897,7317,6,300,1697,0,0,0,0
40,0,1,1,ACCEPT,25.3565,5.6136,1729,10,-7,0.0214,352.80,393.41,13.46,18.27,221.00,526.50,20.00,19.00,0.0000,187.31,1,0,3.3238,ACCEPT,0,1204,934,7352,6,300,1729,0,0,0,0
41,0,1,1,ACCEPT,27.5737,6.0373,1944,11,-7,0.0072,357.44,389.36,13.46,18.27,222.00,533.50,20.00,21.00,0.0000,197.79,1,0,3.3409,ACCEPT,0,1197,978,7679,6,300,1944,0,0,0,0
42,0,1,1,ACCEPT,28.8453,7.4608,2186,10,-7,0.0000,361.66,385.31,13.46,18.27,221.50,539.50,19.00,21.00,0.0000,208.37,1,0,3.3668,ACCEPT,0,1390,901,8559,6,300,2186,0,0,0,0
43,0,1,1,ACCEPT,29.2521,7.3696,2233,7,-7,0.1258,364.61,381.27,13.46,18.27,219.50,545.00,19.00,20.00,0.0000,218.78,1,0,3.3295,ACCEPT,0,1376,790,10211,6,300,2233,0,0,0,0
44,0,1,1,ACCEPT,31.5657,7.5446,2452,9,-6,0.0783,368.41,377.80,13.46,18.27,219.00,552.00,18.00,22.00,0.0000,229.50,1,0,3.3760,ACCEPT,0,1478,750,12594,6,300,2452,0,0,0,0
45,0,1,1,ACCEPT,30.8409,7.7917,2805,12,-6,0.0146,373.47,374.33,13.46,18.27,219.50,559.50,19.00,23.00,0.0000,240.82,1,0,3.3540,ACCEPT,0,1707,781,10560,6,300,2805,0,0,0,0
46,0,1,1,ACCEPT,30.6493,6.8318,2275,8,-5,0.0699,376.84,371.44,13.46,18.27,220.50,567.00,17.00,20.00,0.0000,250.38,1,0,3.3876,ACCEPT,0,1326,756,11582,6,300,2275,0,0,0,0
47,0,1,1,ACCEPT,29.2413,5.6915,2288,7,-5,0.1149,379.80,368.55,13.46,18.27,220.50,574.50,17.00,19.00,0.0000,260.37,1,0,3.4175,ACCEPT,0,1386,724,14011,6,300,2288,0,0,0,0
48,0,1,1,ACCEPT,30.3041,6.4208,2716,7,-7,0.1550,382.75,364.50,13.46,18.27,222.50,582.50,17.00,21.00,0.0000,270.56,1,0,3.3507,ACCEPT,0,1328,681,18969,6,300,2716,0,0,0,0
49,0,1,1,ACCEPT,30.3621,6.9417,3096,5,-7,0.0891,384.86,360.45,13.46,18.27,222.50,591.00,17.00,22.00,0.0000,281.98,1,0,3.3976,ACCEPT,0,1787,713,14704,6,300,3096,0,0,0,0
50,0,1,1,ACCEPT,29.9075,6.5982,2890,4,-5,0.0792,386.55,357.56,13.46,18.27,223.00,598.00,18.00,22.00,0.0000,290.79,1,0,3.3856,ACCEPT,0,1658,710,16585,6,300,2890,0,0,0,0
51,0,1,1,ACCEPT,31.1754,6.7816,2950,5,-7,0.0783,388.66,353.52,13.46,18.27,224.50,606.50,19.00,21.00,0.0000,301.58,1,0,3.4018,ACCEPT,0,1595,684,17507,6,300,2950,0,0,0,0
52,0,1,1,ACCEPT,30.8013,6.8889,3286,7,-5,0.1093,391.61,350.62,13.46,18.27,225.00,614.50,18.00,21.00,0.0000,312.07,1,0,3.4006,ACCEPT,0,1905,660,16954,6,300,3286,0,0,0,0
53,0,1,1,ACCEPT,27.0857,6.7766,2487,6,-5,0.1118,394.14,347.73,13.46,18.27,226.00,622.50,18.00,21.00,0.0000,322.13,1,0,3.3794,ACCEPT,0,1584,637,15725,6,300,2487,0,0,0,0
54,0,1,1,ACCEPT,25.2846,5.6378,2475,3,-7,0.0873,395.41,343.69,13.46,18.27,226.00,630.00,18.00,22.00,0.0000,332.68,1,0,3.4059,ACCEPT,0,1638,632,14455,6,300,2475,0,0,0,0
55,0,1,1,ACCEPT,21.4896,3.6809,2157,-1,-8,0.0042,394.98,339.06,13.46,18.27,225.50,637.00,19.00,22.00,0.0000,342.77,1,0,3.4008,ACCEPT,0,1599,724,12431,6,300,2157,0,0,0,0
56,0,1,1,ACCEPT,22.4903,3.6832,2232,-2,-6,0.0125,394.14,335.59,13.46,18.27,225.50,643.00,19.00,22.00,0.0000,350.63,1,0,3.4258,ACCEPT,0,1468,1116,11770,6,300,2232,0,0,0,0
57,0,1,1,ACCEPT,24.8820,4.8345,2688,3,-8,0.0052,395.41,330.97,13.46,18.27,226.00,649.50,18.00,19.00,0.0000,360.78,1,0,3.3414,ACCEPT,0,1565,972,12105,6,300,2688,0,0,0,0
58,0,1,1,ACCEPT,24.8829,5.2140,2461,0,-8,0.0378,395.41,326.34,13.46,18.27,226.50,656.00,17.00,20.00,0.0000,370.41,1,0,3.3841,ACCEPT,0,1424,960,12581,6,300,2461,0,0,0,0
59,0,1,1,ACCEPT,19.8015,4.2714,2093,-1,-9,0.0444,394.98,321.14,13.46,18.27,228.00,662.00,18.00,22.00,0.0000,379.56,1,0,3.4836,ACCEPT,0,1528,1103,9731,6,300,2093,0,0,0,0
60,0,1,1,ACCEPT,16.6591,3.2954,1707,-2,-12,0.0006,394.14,314.20,13.46,18.27,230.00,667.00,18.00,22.00,0.0000,389.11,1,0,3.3611,ACCEPT,0,1555,789,13446,6,300,1707,0,0,0,0
61,0,1,1,ACCEPT,17.7154,3.9408,1730,-1,-12,0.0197,393.72,307.27,13.46,18.27,232.50,672.50,17.00,21.00,0.0000,399.23,1,0,3.3492,ACCEPT,0,1441,739,14743,6,300,1730,0,0,0,0
62,0,1,1,ACCEPT,21.8440,4.9428,2160,1,-11,0.0352,394.14,300.91,13.46,18.27,235.00,676.50,18.00,21.00,0.0000,407.92,1,0,3.3577,ACCEPT,0,1496,686,14457,6,300,2160,0,0,0,0
63,0,1,1,ACCEPT,24.0302,5.4698,2084,5,-11,0.0638,396.25,294.55,13.46,18.27,237.50,680.00,19.00,20.00,0.0000,416.86,1,0,3.4155,ACCEPT,0,1192,694,16291,6,300,2084,0,0,0,0
64,0,1,1,ACCEPT,24.6036,6.3232,2504,7,-11,0.1462,399.20,288.19,13.46,18.27,240.00,684.50,20.00,21.00,0.0000,427.09,1,0,3.3682,ACCEPT,0,1586,789,14491,6,300,2504,0,0,0,0
65,0,1,1,ACCEPT,26.6250,6.3830,2483,6,-10,0.1333,401.73,282.41,13.46,18.27,242.00,687.00,20.00,20.00,0.0000,434.98,1,0,3.3908,ACCEPT,0,1464,703,15562,6,300,2483,0,0,0,0
66,0,1,1,ACCEPT,24.9426,5.5491,2375,5,-11,0.1128,403.84,276.05,13.46,18.27,244.00,689.50,20.00,21.00,0.0000,443.28,1,0,3.3638,ACCEPT,0,1422,972,16943,6,300,2375,0,0,0,0
67,0,1,1,ACCEPT,23.4695,4.9872,2733,5,-12,0.0790,405.95,269.11,13.46,18.27,246.00,693.50,20.00,19.00,0.0000,453.53,1,0,3.3139,ACCEPT,0,1707,890,14737,6,300,2733,0,0,0,0
68,0,1,1,ACCEPT,26.4271,5.8796,2393,4,-11,0.0242,407.64,262.75,13.46,18.27,248.50,697.00,19.00,20.00,0.0000,462.49,1,0,3.3855,ACCEPT,0,1457,864,12271,6,300,2393,0,0,0,0
69,0,1,1,ACCEPT,24.5342,4.7005,1852,3,-12,0.1118,408.91,255.81,13.46,18.27,252.00,700.00,20.00,20.00,0.0000,471.09,1,0,3.3764,ACCEPT,0,1342,961,11464,6,300,1852,0,0,0,0
70,0,1,1,ACCEPT,28.9527,6.3128,2260,6,-10,0.1332,411.44,250.03,13.46,18.27,254.00,702.00,18.00,20.00,0.0000,478.60,1,0,3.3829,ACCEPT,0,1423,991,11846,6,300,2260,0,0,0,0
71,0,1,1,ACCEPT,26.0786,5.7303,2252,9,-10,0.0386,415.23,244.25,13.46,18.27,257.50,707.00,17.00,20.00,0.0000,488.89,1,0,3.3800,ACCEPT,0,1471,896,13422,6,300,2252,0,0,0,0
72,0,1,1,ACCEPT,28.1340,5.3984,2629,9,-10,0.0571,419.03,238.47,13.46,18.27,261.50,710.00,17.00,20.00,0.0000,497.15,1,0,3.3798,ACCEPT,0,1502,933,11227,6,300,2629,0,0,0,0
73,0,1,1,ACCEPT,26.8669,6.5046,2101,12,-8,0.0704,424.09,233.84,13.46,18.27,266.00,714.00,18.00,22.00,0.0000,505.51,1,0,3.3977,ACCEPT,0,1360,1004,12159,6,300,2101,0,0,0,0
74,0,1,1,ACCEPT,22.3039,5.0660,2148,16,-9,0.0936,430.84,228.64,13.46,18.27,270.50,718.00,15.00,24.00,0.0000,514.96,1,0,3.3739,ACCEPT,0,1585,953,9172,6,300,2148,0,0,0,0
75,0,1,1,ACCEPT,23.7648,6.1306,1643,15,-9,0.1163,437.17,223.44,13.46,18.27,276.00,722.00,16.00,26.00,0.0000,523.97,1,0,3.3884,ACCEPT,0,1128,1085,8466,6,300,1643,0,0,0,0
76,0,1,1,ACCEPT,18.9903,4.3729,1583,19,-6,0.0480,445.19,219.97,13.46,18.27,280.00,725.00,16.00,26.00,0.0000,531.36,1,0,3.3810,ACCEPT,0,1178,1320,7972,6,300,1583,0,0,0,0
77,0,1,1,ACCEPT,15.0342,3.3147,1422,22,-8,0.0373,454.47,215.34,13.46,18.27,287.50,732.00,13.00,24.00,0.0000,542.97,1,0,3.3702,ACCEPT,0,1143,1179,7506,6,300,1422,0,0,0,0
78,0,1,1,ACCEPT,14.5908,3.0073,1239,23,-6,0.0492,464.17,211.88,13.46,18.27,295.00,737.00,14.00,26.00,0.0000,551.70,1,0,3.3527,ACCEPT,0,966,1413,8873,6,300,1239,0,0,0,0
79,0,1,1,ACCEPT,15.7977,3.4194,1484,22,-8,0.0202,473.45,207.25,13.46,18.27,303.00,742.50,12.00,25.00,0.0000,561.74,1,0,3.3128,ACCEPT,0,1219,1245,8837,6,300,1484,0,0,0,0
80,0,1,1,ACCEPT,17.0367,3.9684,1381,20,-9,0.0319,481.89,202.05,13.46,18.27,310.50,745.00,13.00,30.00,0.0000,569.36,1,0,3.3365,ACCEPT,0,1089,1145,10125,6,300,1381,0,0,0,0
81,0,1,1,ACCEPT,20.7490,5.2606,1494,18,-10,0.0944,489.48,196.27,13.46,18.27,317.50,749.50,11.00,25.00,0.0000,579.35,1,0,3.3156,ACCEPT,0,1033,1116,11310,6,300,1494,0,0,0,0
82,0,1,1,ACCEPT,18.8754,4.7593,1542,19,-9,0.1083,497.50,191.06,13.46,18.27,322.50,754.00,13.00,26.00,0.0000,589.51,1,0,3.3697,ACCEPT,0,1120,1012,11082,6,300,1542,0,0,0,0
83,0,1,1,ACCEPT,23.5234,5.2828,1569,14,-10,0.0204,503.41,185.28,13.46,18.27,328.50,757.50,9.00,23.00,0.0000,598.35,1,0,3.2888,ACCEPT,0,1055,962,13375,6,300,1569,0,0,0,0
84,0,1,1,ACCEPT,24.3486,6.2563,1733,17,-9,0.0767,510.58,180.08,13.46,18.27,334.00,763.50,12.00,25.00,0.0000,609.56,1,0,3.3867,ACCEPT,0,1085,1008,17497,6,300,1733,0,0,0,0
85,0,1,1,ACCEPT,26.7051,5.0865,2645,12,-8,0.0015,515.64,175.45,13.46,18.27,338.50,769.00,11.00,26.00,0.0000,619.42,1,0,3.3177,ACCEPT,0,1657,864,17213,6,300,2645,0,0,0,0
86,0,1,1,ACCEPT,27.6091,6.3359,2490,13,-7,0.0454,521.12,171.41,13.46,18.27,341.50,774.50,11.00,29.00,0.0000,629.28,1,0,3.2780,ACCEPT,0,1564,867,17644,6,300,2490,0,0,0,0
87,0,1,1,ACCEPT,25.6366,5.9902,2444,17,-4,0.0319,528.30,169.09,13.46,18.27,342.50,781.00,11.00,28.00,0.0000,639.49,1,0,3.3364,ACCEPT,0,1556,1021,18487,6,300,2444,0,0,0,0
88,0,1,1,ACCEPT,26.8564,6.3733,2817,13,-6,0.0330,533.78,165.62,13.46,18.27,344.50,789.00,9.00,24.00,0.0000,651.48,1,0,3.3897,ACCEPT,0,1829,1023,13587,6,300,2817,0,0,0,0
89,0,1,1,ACCEPT,24.7168,5.1740,1754,8,-6,0.0564,537.16,162.16,13.46,18.27,344.50,793.50,9.00,29.00,0.0000,660.08,1,0,3.3470,ACCEPT,0,1252,1008,13072,6,300,1754,0,0,0,0
90,0,1,1,ACCEPT,19.4818,3.7389,1518,3,-5,0.1324,538.42,159.27,13.46,18.27,343.00,801.00,10.00,26.00,0.0000,670.83,1,0,3.3745,ACCEPT,0,1297,1041,12036,6,300,1518,0,0,0,0
91,0,1,1,ACCEPT,19.7541,4.2228,1592,1,-5,0.0308,538.84,156.38,13.46,18.27,341.50,808.50,9.00,25.00,0.0000,681.33,1,0,3.3992,ACCEPT,0,1297,1043,12374,6,300,1592,0,0,0,0
92,0,1,1,ACCEPT,14.0646,3.0260,1395,-6,-6,0.0602,536.31,152.91,13.46,18.27,338.00,816.00,8.00,26.00,0.0000,692.11,1,0,3.3952,ACCEPT,0,1258,1118,10867,6,300,1395,0,0,0,0
93,0,1,1,ACCEPT,20.9407,4.9928,2067,1,-4,0.0281,536.73,150.59,13.46,18.27,335.00,824.00,8.00,26.00,0.0000,702.97,1,0,3.4263,ACCEPT,0,1691,1029,11313,6,300,2067,0,0,0,0
94,0,1,1,ACCEPT,24.4483,5.0644,1808,6,-1,0.0360,539.27,150.02,13.46,18.27,332.50,831.50,7.00,25.00,0.0000,712.16,1,0,3.3197,ACCEPT,0,1277,1017,12905,6,300,1808,0,0,0,0
95,0,1,1,ACCEPT,24.3363,5.7788,1907,3,-5,0.1148,540.53,147.12,13.46,18.27,331.50,839.50,9.00,27.00,0.0000,723.24,1,0,3.3742,ACCEPT,0,1244,866,16005,6,300,1907,0,0,0,0
96,0,1,1,ACCEPT,24.4352,6.1322,2134,2,-5,0.1073,541.38,144.23,13.46,18.27,333.00,846.00,10.00,28.00,0.0000,732.05,1,0,3.2953,ACCEPT,0,1374,935,12302,6,300,2134,0,0,0,0
97,0,1,1,ACCEPT,29.1986,6.2355,2145,8,-6,0.0009,544.75,140.77,13.46,18.27,335.50,853.50,9.00,27.00,0.0000,742.82,1,0,3.3850,ACCEPT,0,1262,936,15536,6,300,2145,0,0,0,0
98,0,1,1,ACCEPT,28.0393,6.1713,2234,7,-5,0.0081,547.70,137.88,13.46,18.27,335.50,861.00,7.00,26.00,0.0000,753.62,1,0,3.3417,ACCEPT,0,1486,999,10990,6,300,2234,0,0,0,0
99,0,1,1,ACCEPT,25.7890,5.9780,1632,8,-4,0.0411,551.08,135.56,13.46,18.27,336.00,865.00,8.00,28.00,0.0000,760.49,1,0,3.3686,ACCEPT,0,1116,1039,10874,6,300,1632,0,0,0,0
100,0,1,1,ACCEPT,28.3153,7.1008,1690,9,-4,0.0876,554.88,133.25,13.46,18.27,334.50,873.50,9.00,27.00,0.0000,772.36,1,0,3.3777,ACCEPT,0,1083,1045,11826,6,300,1690,0,0,0,0
101,0,1,1,ACCEPT,29.2440,7.2687,1948,7,-1,0.0046,557.83,132.67,13.46,18.27,332.50,881.50,7.00,27.00,0.0000,782.00,1,0,3.3653,ACCEPT,0,1210,1087,12009,6,300,1948,0,0,0,0
102,0,1,1,ACCEPT,21.0407,5.2871,1602,0,-6,0.0156,557.83,129.20,13.46,18.27,331.00,885.50,8.00,27.00,0.0000,789.58,1,0,3.3556,ACCEPT,0,1238,981,12287,6,300,1602,0,0,0,0
103,0,1,1,ACCEPT,12.9961,2.6987,1012,-7,-7,0.0375,554.88,125.16,13.46,18.27,330.50,891.50,7.00,23.00,0.0000,798.52,1,0,3.3846,ACCEPT,0,1067,1131,9129,6,300,1012,0,0,0,0
104,0,1,1,ACCEPT,8.5379,1.5584,801,-12,-10,0.1923,549.81,119.38,13.46,18.27,331.00,896.50,8.00,25.00,0.0000,807.34,1,0,3.4283,ACCEPT,0,1195,961,9803,6,300,801,0,0,0,0
105,0,1,1,ACCEPT,7.4013,1.6263,792,-16,-11,0.2045,543.06,113.02,13.46,18.27,332.50,901.50,7.00,23.00,0.0000,816.12,1,0,3.4229,ACCEPT,0,1253,1084,9413,6,300,792,0,0,0,0
106,0,1,1,ACCEPT,7.6467,1.4501,1031,-15,-11,0.1979,536.73,106.66,13.46,18.27,335.00,907.50,8.00,23.00,0.0000,825.86,1,0,3.4791,ACCEPT,0,1509,1035,10255,6,300,1031,0,0,0,0
107,0,1,1,ACCEPT,8.2211,1.4662,1170,-17,-12,0.1949,529.56,99.72,13.46,18.27,336.50,909.50,9.00,21.00,0.0000,832.48,1,0,3.4766,ACCEPT,0,1590,1268,8766,6,300,1170,0,0,0,0
108,0,1,1,ACCEPT,8.5281,1.6713,1195,-17,-13,0.1573,522.39,92.20,13.46,18.27,339.50,913.00,9.00,20.00,0.0000,840.93,1,0,3.4643,ACCEPT,0,1550,1095,9565,6,300,1195,0,0,0,0
109,0,1,1,ACCEPT,9.0555,1.9922,1277,-15,-12,0.0235,516.06,85.27,13.46,18.27,344.50,918.00,9.00,24.00,0.0000,850.22,1,0,3.4749,ACCEPT,0,1715,1302,7694,6,300,1277,0,0,0,0
110,0,1,1,ACCEPT,9.3591,1.8928,1183,-16,-13,0.0321,509.31,77.75,13.46,18.27,349.50,920.50,9.00,23.00,0.0000,857.77,1,0,3.4670,ACCEPT,0,1418,1101,9965,6,300,1183,0,0,0,0
111,0,1,1,ACCEPT,13.2110,3.0067,1792,-5,-10,0.0318,507.20,71.97,13.46,18.27,353.00,924.00,12.00,28.00,0.0000,865.87,1,0,3.4960,ACCEPT,0,2027,838,13579,6,300,1792,0,0,0,0
112,0,1,1,ACCEPT,12.1747,2.0805,1421,2,-3,0.2062,508.05,70.23,13.46,18.27,355.50,929.00,9.00,26.00,0.0000,872.21,1,0,3.4013,ACCEPT,0,1955,844,8949,6,300,1421,0,0,0,0
113,0,1,1,ACCEPT,13.9735,2.4161,993,10,-3,0.0826,512.27,68.50,13.46,18.27,355.50,933.00,11.00,22.00,0.0000,878.60,1,0,3.3687,ACCEPT,0,1138,1147,7771,6,300,993,0,0,0,0
114,0,1,1,ACCEPT,14.5473,2.5638,1005,9,-6,0.1373,516.06,65.03,13.46,18.27,355.50,938.00,13.00,24.00,0.0000,887.61,1,0,3.3858,ACCEPT,0,1226,826,8150,6,300,1005,0,0,0,0
115,0,1,1,ACCEPT,11.9294,1.5150,706,4,-8,0.2280,517.75,60.41,13.46,18.27,360.00,942.00,12.00,26.00,0.0000,895.60,1,0,3.4448,ACCEPT,0,1032,778,9277,6,300,706,0,0,0,0
116,0,1,1,ACCEPT,11.6171,2.8020,821,-1,-10,0.0560,517.33,54.62,13.46,18.27,365.00,945.50,10.00,23.00,0.0000,903.80,1,0,3.4501,ACCEPT,0,1193,867,8116,6,300,821,0,0,0,0
117,0,1,1,ACCEPT,12.9009,2.7656,932,2,-11,0.2361,518.17,48.27,13.46,18.27,370.00,947.50,8.00,23.00,0.0000,911.36,1,0,3.4638,ACCEPT,0,1200,706,8828,6,300,932,0,0,0,0
118,0,1,1,ACCEPT,14.6578,3.1612,961,1,-8,0.1113,518.59,43.64,13.46,18.27,373.00,950.00,12.00,24.00,0.0000,917.98,1,0,3.4647,ACCEPT,0,1060,848,8348,6,300,961,0,0,0,0
119,0,1,1,ACCEPT,11.2115,2.4826,854,-1,-13,0.3208,518.17,36.12,13.46,18.27,379.00,949.50,10.00,19.00,0.0000,923.92,1,0,3.4145,ACCEPT,0,1201,1149,7362,6,300,854,0,0,0,0
120,0,1,1,ACCEPT,11.4360,2.3312,1098,-3,-13,0.2978,516.91,28.61,13.46,18.27,386.50,955.00,9.00,22.00,0.0000,935.52,1,0,3.4394,ACCEPT,0,1420,1145,8563,6,300,1098,0,0,0,0
121,0,1,1,ACCEPT,12.1679,2.3505,1234,0,-15,0.1410,516.91,19.94,13.46,18.27,394.00,954.00,12.00,28.00,0.0000,942.11,1,0,3.4422,ACCEPT,0,1444,1358,6543,6,300,1234,0,0,0,0
122,0,1,1,ACCEPT,12.7539,2.4283,1083,4,-12,0.3361,518.59,13.00,13.46,18.27,400.50,956.50,11.00,25.00,0.0000,950.86,1,0,3.4357,ACCEPT,0,1340,947,8034,6,300,1083,0,0,0,0
123,0,1,1,ACCEPT,12.1457,1.9852,1072,8,-10,0.1884,521.97,7.22,13.46,18.27,404.00,958.00,12.00,26.00,0.0000,958.07,1,0,3.3976,ACCEPT,0,1560,985,8411,6,300,1072,0,0,0,0
124,0,1,1,ACCEPT,9.5043,1.3100,655,11,-8,0.0183,526.61,2.59,13.46,18.27,409.50,960.50,11.00,25.00,0.0000,965.04,1,0,3.3960,ACCEPT,0,1257,1418,4575,6,300,655,0,0,0,0
125,0,1,1,ACCEPT,8.8795,1.5364,633,9,-11,0.1722,530.41,-3.77,13.46,18.27,413.50,963.00,11.00,26.00,0.0000,973.81,1,0,3.2399,ACCEPT,0,995,1440,4539,6,300,633,0,0,0,0
126,0,1,0,NEGATIVE_PEAK,-4.3167,1.0186,-274,6,-6,0.3029,530.41,-3.77,13.46,18.27,416.50,966.00,9.00,24.00,0.0000,976.43,0,0,0.0000,NOT_RUN,0,1298,1574,0,6,300,274,0,0,0,0
127,0,1,1,ACCEPT,4.8751,1.0078,517,-8,-7,0.3191,527.03,-7.81,13.46,18.27,421.00,970.00,8.00,20.00,0.0000,983.54,1,0,3.0712,ACCEPT,0,2162,2719,1829,6,300,517,0,0,0,0
128,0,1,1,ACCEPT,4.7309,1.1586,168,4,8,0.3810,528.72,-3.19,13.46,18.27,425.50,973.00,11.00,22.00,0.0000,981.63,1,0,3.1879,ACCEPT,0,612,3697,1075,6,300,168,0,0,0,0
129,0,1,1,ACCEPT,4.9916,1.0698,138,13,2,0.4710,534.20,-2.03,13.46,18.27,425.00,977.00,12.00,22.00,0.0000,985.10,1,0,2.9236,ACCEPT,0,312,3085,1344,6,300,138,0,0,0,0
130,0,1,1,ACCEPT,5.2774,1.0190,268,1,3,0.1493,534.62,-0.30,13.46,18.27,426.00,979.50,12.00,23.00,0.0000,985.80,1,0,2.1196,ACCEPT,0,591,2757,2210,6,300,268,0,0,0,0
131,0,1,1,ACCEPT,5.8710,1.0644,446,-2,-6,0.0964,533.78,-3.77,13.46,18.27,426.50,985.00,9.00,20.00,0.0000,994.57,1,0,2.4743,ACCEPT,0,1018,1000,9645,6,300,446,0,0,0,0
132,0,1,0,NEGATIVE_PEAK,-5.6897,1.0521,-889,-4,-9,0.5523,533.78,-3.77,13.46,18.27,425.50,988.50,13.00,23.00,0.0000,998.16,0,0,0.0000,NOT_RUN,0,2490,3013,0,6,300,889,0,0,0,0
133,0,1,0,NEGATIVE_PEAK,-5.4576,1.2814,-683,-14,-8,0.4949,533.78,-3.77,13.46,18.27,425.00,994.00,12.00,20.00,0.0000,1003.68,0,0,0.0000,NOT_RUN,0,1916,950,0,6,300,683,0,0,0,0
134,0,1,1,ACCEPT,5.5857,1.0387,779,-4,-5,0.1759,532.09,-6.66,13.46,18.27,426.50,998.00,13.00,24.00,0.0000,1010.19,1,0,3.0412,ACCEPT,0,2207,2992,2430,6,300,779,0,0,0,0
135,0,1,0,NEGATIVE_PEAK,-4.9956,1.1161,-173,-1,-1,0.8497,532.09,-6.66,13.46,18.27,425.00,1002.50,14.00,21.00,0.0000,1014.82,0,0,0.0000,NOT_RUN,0,937,2015,0,6,300,173,0,0,0,0
136,0,1,0,NEGATIVE_PEAK,-5.3815,1.1190,-141,13,5,0.2553,532.09,-6.66,13.46,18.27,425.50,1006.00,11.00,20.00,0.0000,1018.25,0,0,0.0000,NOT_RUN,0,505,1666,0,6,300,141,0,0,0,0
137,0,1,1,ACCEPT,5.8082,1.2258,228,9,5,0.7325,535.89,-3.77,13.46,18.27,430.00,1012.50,14.00,23.00,0.0000,1021.77,1,0,3.2153,ACCEPT,0,846,1971,1973,6,300,228,0,0,0,0
138,0,1,1,ACCEPT,5.0578,1.2105,69,5,-4,0.3043,538.00,-6.08,13.46,18.27,433.00,1016.00,12.00,20.00,0.0000,1027.46,1,0,3.0415,ACCEPT,0,345,2411,1042,6,300,69,0,0,0,0
139,0,1,1,ACCEPT,5.7492,1.0282,73,-11,2,0.3562,533.36,-4.92,13.46,18.27,435.50,1020.50,13.00,21.00,0.0000,1030.08,1,0,3.0834,ACCEPT,0,393,2516,684,6,300,73,0,0,0,0
140,0,1,1,ACCEPT,4.4109,1.0938,35,-10,-3,0.3143,529.14,-6.66,13.46,18.27,438.00,1027.00,12.00,24.00,0.0000,1037.67,1,0,3.1352,ACCEPT,0,217,2701,762,6,300,35,0,0,0,0
141,0,1,1,ACCEPT,4.0867,1.0769,42,-12,3,0.5000,524.08,-4.92,13.46,18.27,442.50,1031.50,11.00,23.00,0.0000,1039.63,1,0,3.1496,ACCEPT,0,336,1625,1068,6,300,42,0,0,0,0
142,0,1,1,ACCEPT,5.1956,1.3103,38,-15,-3,0.2895,517.75,-6.66,13.46,18.27,446.00,1034.50,12.00,21.00,0.0000,1043.63,1,0,3.2367,ACCEPT,0,210,2078,993,6,300,38,0,0,0,0
143,0,1,1,ACCEPT,4.7263,1.1395,49,-16,-3,0.1837,511.00,-8.39,13.46,18.27,449.00,1039.00,10.00,20.00,0.0000,1049.22,1,0,3.3586,ACCEPT,0,292,3381,479,6,300,49,0,0,0,0
144,0,1,1,ACCEPT,4.7452,1.0882,37,-11,2,0.4054,506.36,-7.23,13.46,18.27,450.50,1045.50,13.00,21.00,0.0000,1054.22,1,0,3.4082,ACCEPT,0,235,1940,681,6,300,37,0,0,0,0
145,0,1,1,ACCEPT,5.2746,1.1282,44,-10,1,0.6818,502.14,-6.66,13.46,18.27,451.50,1051.50,11.00,19.00,0.0000,1059.37,1,0,3.4398,ACCEPT,0,238,2462,623,6,300,44,0,0,0,0
146,0,1,1,ACCEPT,5.4751,1.1622,43,-10,-3,0.4884,497.92,-8.39,13.46,18.27,452.50,1056.00,13.00,16.00,0.0000,1065.36,1,0,3.2009,ACCEPT,0,233,2148,740,6,300,43,0,0,0,0
147,0,1,1,ACCEPT,4.8429,1.0000,32,-12,2,0.5000,492.86,-7.23,14.00,19.00,453.00,1061.50,14.00,21.00,0.0000,1069.48,1,1,2.7842,ACCEPT,0,199,1808,618,6,300,32,0,0,0,0
148,0,1,1,ACCEPT,4.4993,1.0667,32,-5,-3,0.5000,490.67,-9.02,14.56,19.76,453.00,1067.00,12.00,22.00,0.0000,1076.67,1,1,2.7731,ACCEPT,0,206,1580,626,6,300,32,0,0,0,0
149,0,1,1,ACCEPT,4.6898,1.0714,30,-7,-3,0.6667,487.50,-10.89,15.14,20.55,451.50,1074.50,11.00,21.00,0.0000,1085.99,1,1,2.5899,ACCEPT,0,165,1889,466,6,300,30,0,0,0,0
150,0,1,0,NEGATIVE_PEAK,-4.9972,1.1562,-37,8,-1,0.2703,487.50,-10.89,15.14,20.55,453.50,1079.50,13.00,21.00,0.0000,1090.92,0,0,0.0000,NOT_RUN,0,169,1602,0,6,300,37,0,0,0,0
151,0,1,0,NEGATIVE_PEAK,-6.0967,1.1111,-50,-1,0,0.9200,487.50,-10.89,15.14,20.55,454.00,1084.50,12.00,21.00,0.0000,1095.90,0,0,0.0000,NOT_RUN,0,197,2526,0,6,300,50,0,0,0,0
152,0,1,0,NEGATIVE_PEAK,-6.2659,1.1143,-39,-8,0,0.1026,487.50,-10.89,15.14,20.55,456.50,1089.00,11.00,18.00,0.0000,1100.33,0,0,0.0000,NOT_RUN,0,145,2326,0,6,300,39,0,0,0,0
153,0,1,0,NEGATIVE_PEAK,-4.9778,1.2143,-17,-17,0,0.1176,487.50,-10.89,15.14,20.55,456.50,1093.50,11.00,19.00,0.0000,1104.83,0,0,0.0000,NOT_RUN,0,101,3079,0,6,300,17,0,0,0,0
154,0,1,1,ACCEPT,5.6409,1.0588,18,-12,-3,0.6111,481.88,-12.81,15.14,20.55,458.00,1095.50,12.00,19.00,0.0000,1108.57,1,0,3.3600,ACCEPT,0,90,4651,148,6,300,18,0,0,0,0
155,0,1,0,NEGATIVE_PEAK,-5.7626,1.2857,-9,7,-1,0.0000,481.88,-12.81,15.14,20.55,462.00,1096.00,10.00,18.00,0.0000,1108.99,0,0,0.0000,NOT_RUN,0,39,4977,0,6,300,9,0,0,0,0
156,0,1,0,NEGATIVE_PEAK,-5.8070,1.2500,-5,-23,0,0.4000,481.88,-12.81,15.14,20.55,466.50,1099.50,11.00,21.00,0.0000,1112.42,0,0,0.0000,NOT_RUN,0,13,4285,0,6,300,5,0,0,0,0
157,0,1,0,NEGATIVE_PEAK,-4.0274,1.0000,-3,13,-1,0.6667,481.88,-12.81,15.14,20.55,470.00,1100.50,12.00,21.00,0.0000,1113.38,0,0,0.0000,NOT_RUN,0,9,3082,0,6,300,4,0,0,0,0
158,0,1,0,NEGATIVE_PEAK,-5.8644,1.5000,-6,-11,0,0.3333,481.88,-12.81,15.14,20.55,473.00,1102.00,14.00,20.00,0.0000,1114.85,0,0,0.0000,NOT_RUN,0,20,2087,0,6,300,6,0,0,0,0
159,0,1,0,NEGATIVE_PEAK,-6.6194,1.6000,-8,0,-1,0.8750,481.88,-12.81,15.14,20.55,473.50,1104.50,11.00,21.00,0.0000,1117.34,0,0,0.0000,NOT_RUN,0,28,1771,0,6,300,8,0,0,0,0
160,0,1,0,NEGATIVE_PEAK,-6.0095,1.5000,-6,-10,0,0.5000,481.88,-12.81,15.14,20.55,473.00,1106.50,12.00,21.00,0.0000,1119.35,0,0,0.0000,NOT_RUN,0,19,1428,0,6,300,6,0,0,0,0
161,0,1,0,NEGATIVE_PEAK,-6.0354,1.4000,-7,-1,0,0.7143,481.88,-12.81,15.14,20.55,470.00,1110.00,12.00,20.00,0.0000,1122.88,0,0,0.0000,NOT_RUN,0,24,969,0,6,300,7,0,0,0,0
162,0,1,0,NEGATIVE_PEAK,-4.4709,1.2000,-6,-22,0,0.0000,481.88,-12.81,15.14,20.55,466.00,1115.00,12.00,22.00,0.0000,1127.92,0,0,0.0000,NOT_RUN,0,37,1784,0,6,300,7,0,0,0,0
163,0,1,0,NEGATIVE_PEAK,-5.1551,1.2857,-9,-9,0,0.1111,481.88,-12.81,15.14,20.55,461.50,1120.00,11.00,22.00,0.0000,1133.00,0,0,0.0000,NOT_RUN,0,47,1940,0,6,300,9,0,0,0,0
164,0,1,0,NEGATIVE_PEAK,-6.6189,1.4000,-7,4,0,0.1429,481.88,-12.81,15.14,20.55,457.00,1125.00,12.00,22.00,0.0000,1138.08,0,0,0.0000,NOT_RUN,0,26,2785,0,6,300,8,0,0,0,0
165,0,1,0,NEGATIVE_PEAK,-4.5200,1.0000,-4,3,0,0.5000,481.88,-12.81,15.14,20.55,451.50,1130.50,11.00,25.00,0.0000,1143.72,0,0,0.0000,NOT_RUN,0,13,1837,0,6,300,5,0,0,0,0
166,0,1,0,NEGATIVE_PEAK,-6.0277,1.5000,-6,-5,0,0.6667,481.88,-12.81,15.14,20.55,448.00,1134.50,10.00,21.00,0.0000,1147.81,0,0,0.0000,NOT_RUN,0,20,1024,0,6,300,7,0,0,0,0
167,0,1,1,ACCEPT,6.2183,1.1000,11,-16,2,0.2727,474.38,-11.53,14.56,19.76,442.00,1141.50,10.00,21.00,0.0000,1153.49,1,-1,2.6528,ACCEPT,0,38,1159,478,6,300,11,0,0,0,0
168,0,1,0,NEGATIVE_PEAK,-4.9485,1.3333,-12,3,-1,0.4167,474.38,-11.53,14.56,19.76,431.50,1149.50,9.00,21.00,0.0000,1161.82,0,0,0.0000,NOT_RUN,0,53,1220,0,6,300,12,0,0,0,0
169,0,1,0,NEGATIVE_PEAK,-4.2638,1.0000,-16,0,-1,0.9375,474.38,-11.53,14.56,19.76,418.50,1159.00,9.00,22.00,0.0000,1171.86,0,0,0.0000,NOT_RUN,0,94,2625,0,6,300,16,0,0,0,0
170,0,1,0,NEGATIVE_PEAK,-5.5338,1.0000,-68,3,5,0.4118,474.38,-11.53,14.56,19.76,406.50,1169.00,9.00,22.00,0.0000,1182.48,0,0,0.0000,NOT_RUN,0,294,3382,0,6,300,68,0,0,0,0
171,0,1,0,NEGATIVE_PEAK,-4.4210,1.1765,-20,20,0,0.0500,474.38,-11.53,14.56,19.76,396.50,1176.50,9.00,25.00,0.0000,1190.58,0,0,0.0000,NOT_RUN,0,84,4628,0,6,300,20,0,0,0,0
172,0,1,0,NEGATIVE_PEAK,-4.8701,1.1500,-23,3,0,0.4348,474.38,-11.53,14.56,19.76,387.00,1186.50,8.00,23.00,0.0000,1201.21,0,0,0.0000,NOT_RUN,0,133,576,0,6,300,23,0,0,0,0
173,0,1,0,NEGATIVE_PEAK,-3.9795,1.1429,-24,-11,13,0.0417,474.38,-11.53,14.56,19.76,378.50,1195.00,9.00,22.00,0.0000,1210.33,0,0,0.0000,NOT_RUN,0,147,1851,0,6,300,24,0,0,0,0
174,0,1,0,NEGATIVE_PEAK,-5.2490,1.0541,-39,-11,4,0.1026,474.38,-11.53,14.56,19.76,369.50,1203.50,9.00,23.00,0.0000,1219.55,0,0,0.0000,NOT_RUN,0,122,1964,0,6,300,39,0,0,0,0
175,0,1,0,NEGATIVE_PEAK,-5.8621,1.0811,-40,10,-1,0.2250,474.38,-11.53,14.56,19.76,359.00,1212.50,8.00,21.00,0.0000,1229.46,0,0,0.0000,NOT_RUN,0,100,578,0,6,300,40,0,0,0,0
176,0,1,1,ACCEPT,5.1754,1.0000,34,7,14,0.0882,477.55,-2.78,14.56,19.76,350.00,1221.50,8.00,23.00,0.0000,1230.91,1,0,3.0911,ACCEPT,0,107,873,1645,6,300,34,0,0,0,0
177,0,1,1,ACCEPT,6.9714,1.4860,159,13,3,0.5660,483.44,-0.91,14.56,19.76,342.00,1230.00,8.00,22.00,0.0000,1239.01,1,0,3.1720,ACCEPT,0,310,680,4948,6,300,159,0,0,0,0
178,0,1,1,ACCEPT,5.9351,1.3352,243,19,0,0.0988,492.05,-0.91,14.56,19.76,333.50,1237.00,7.00,20.00,0.0000,1248.02,1,0,3.2000,ACCEPT,0,541,392,6702,6,300,243,0,0,0,0
179,0,1,1,ACCEPT,8.1019,1.4308,362,16,1,0.2597,499.30,-0.28,14.56,19.76,327.00,1243.50,6.00,23.00,0.0000,1255.66,1,0,3.0714,ACCEPT,0,734,419,5252,6,300,362,0,0,0,0
180,0,1,1,ACCEPT,7.9872,1.1673,307,14,-2,0.0619,505.64,-1.53,14.56,19.76,323.50,1249.50,7.00,21.00,0.0000,1264.22,1,0,2.9939,ACCEPT,0,613,287,6491,6,300,307,0,0,0,0
181,0,1,0,NEGATIVE_PEAK,-4.2418,1.0634,-151,17,8,0.0066,505.64,-1.53,14.56,19.76,319.00,1254.00,6.00,22.00,0.0000,1269.33,0,0,0.0000,NOT_RUN,0,617,213,0,6,300,151,0,0,0,0
182,0,1,1,ACCEPT,5.4909,1.1085,235,-11,4,0.0851,500.66,0.97,14.56,19.76,317.00,1259.00,6.00,22.00,0.0000,1271.37,1,0,2.8575,ACCEPT,0,788,393,3663,6,300,235,0,0,0,0
183,0,1,1,ACCEPT,8.3643,1.2840,330,-3,-5,0.0939,499.30,-2.16,15.14,20.55,314.00,1262.00,6.00,18.00,0.0000,1277.66,1,1,2.6563,ACCEPT,0,669,1025,1920,6,300,330,0,0,0,0
184,0,1,1,ACCEPT,6.6298,1.2424,82,-11,-4,0.4390,494.14,-4.72,15.14,20.55,310.50,1265.50,5.00,19.00,0.0000,1283.42,1,0,3.3990,ACCEPT,0,199,1594,1477,6,300,82,0,0,0,0
185,0,1,1,ACCEPT,5.2292,1.1190,47,0,13,0.1277,494.14,3.61,15.14,20.55,305.50,1268.00,5.00,22.00,0.0000,1278.39,1,0,3.1541,ACCEPT,0,125,4036,622,6,300,47,0,0,0,0
186,0,1,0,NEGATIVE_PEAK,-11.9756,2.5745,-121,21,12,0.0496,494.14,3.61,15.14,20.55,296.50,1268.50,5.00,21.00,0.0000,1280.24,0,0,0.0000,NOT_RUN,0,146,4541,0,6,300,121,0,0,0,0
187,0,1,1,ACCEPT,5.5078,1.0248,124,0,-13,0.3145,494.14,-4.72,15.14,20.55,284.50,1269.00,5.00,20.00,0.0000,1290.86,1,6,0.9939,MAX_STEP,0,272,4810,1059,6,300,124,0,0,0,0
188,0,1,1,ACCEPT,5.8089,1.0814,93,14,8,0.3226,500.70,0.41,15.14,20.55,269.00,1268.50,6.00,21.00,0.0000,1289.09,1,0,2.8913,ACCEPT,0,283,16611,167,6,300,93,0,0,0,0
189,0,1,0,NEGATIVE_PEAK,-4.8644,1.0000,-26,3,3,0.6154,500.70,0.41,15.14,20.55,251.00,1265.50,6.00,19.00,0.0000,1289.50,0,0,0.0000,NOT_RUN,0,84,16208,0,6,300,26,0,0,0,0
190,0,1,0,NEGATIVE_PEAK,-7.3801,1.3571,-38,3,4,0.1316,500.70,0.41,15.14,20.55,231.00,1264.00,6.00,18.00,0.0000,1292.06,0,0,0.0000,NOT_RUN,0,93,21009,0,6,300,38,0,0,0,0
191,0,1,0,NEGATIVE_PEAK,-6.4509,1.4348,-33,3,4,0.2121,500.70,0.41,15.14,20.55,211.00,1260.50,6.00,19.00,0.0000,1292.97,0,0,0.0000,NOT_RUN,0,90,15999,0,6,300,33,0,0,0,0
192,0,1,0,NEGATIVE_PEAK,-7.5873,1.5000,-18,3,7,0.1111,500.70,0.41,15.14,20.55,194.00,1257.50,6.00,19.00,0.0000,1293.97,0,0,0.0000,NOT_RUN,0,46,13644,0,6,300,18,0,0,0,0
193,0,1,0,NEGATIVE_PEAK,-10.2325,1.7391,-40,3,3,0.1250,500.70,0.41,15.14,20.55,179.00,1253.50,6.00,19.00,0.0000,1293.73,0,0,0.0000,NOT_RUN,0,76,12454,0,6,300,40,0,0,0,0
194,0,1,0,NEGATIVE_PEAK,-7.2242,1.0588,-18,-6,-1,0.4444,500.70,0.41,15.14,20.55,163.50,1251.00,7.00,20.00,0.0000,1295.26,0,0,0.0000,NOT_RUN,0,38,10524,0,6,300,18,0,0,0,0
195,0,1,0,NEGATIVE_PEAK,-7.6977,1.0455,-23,4,4,0.0870,500.70,0.41,15.14,20.55,147.00,1246.50,8.00,19.00,0.0000,1295.32,0,0,0.0000,NOT_RUN,0,50,8813,0,6,300,23,0,0,0,0
196,0,1,1,ACCEPT,5.3265,1.0000,13,5,-10,0.6154,503.05,-6.00,15.14,20.55,131.00,1241.50,8.00,17.00,0.0000,1301.80,1,-3,2.1981,MAX_STEP,0,37,7917,214,6,300,14,0,0,0,0
197,0,1,0,NEGATIVE_PEAK,-6.6836,1.2500,-10,-1,0,0.7000,503.05,-6.00,15.14,20.55,116.50,1236.50,9.00,15.00,0.0000,1301.24,0,0,0.0000,NOT_RUN,0,24,8057,0,6,300,10,0,0,0,0
198,0,1,0,NEGATIVE_PEAK,-8.7062,1.2500,-15,-2,0,0.3333,503.05,-6.00,15.14,20.55,102.50,1231.50,11.00,19.00,0.0000,1300.71,0,0,0.0000,NOT_RUN,0,31,6825,0,6,300,15,0,0,0,0
199,0,1,0,NEGATIVE_PEAK,-5.8870,1.1429,-8,-6,-1,0.2500,503.05,-6.00,15.14,20.55,88.00,1225.50,10.00,15.00,0.0000,1299.56,0,0,0.0000,NOT_RUN,0,21,5018,0,6,300,8,0,0,0,0
200,0,1,0,NEGATIVE_PEAK,-5.7736,1.1250,-9,-1,3,0.6667,503.05,-6.00,15.14,20.55,73.50,1219.50,15.00,17.00,0.0000,1298.60,0,0,0.0000,NOT_RUN,0,26,4345,0,6,300,9,0,0,0,0
201,0,1,0,NEGATIVE_PEAK,-4.6903,1.2000,-6,14,19,0.3333,503.05,-6.00,15.14,20.55,61.50,1213.50,11.00,15.00,0.0000,1296.97,0,0,0.0000,NOT_RUN,0,26,3832,0,6,300,6,0,0,0,0
202,0,1,0,NEGATIVE_PEAK,-5.8162,1.3333,-8,-9,-1,0.5000,503.05,-6.00,15.14,20.55,55.00,1206.50,12.00,15.00,0.0000,1292.63,0,0,0.0000,NOT_RUN,0,26,3053,0,6,300,8,0,0,0,0
203,0,1,0,NEGATIVE_PEAK,-3.9545,1.0000,-4,15,0,0.7500,503.05,-6.00,15.14,20.55,50.00,1199.50,10.00,15.00,0.0000,1287.82,0,0,0.0000,NOT_RUN,0,21,2693,0,6,300,5,0,0,0,0
204,0,1,0,NEGATIVE_PEAK,-7.1264,1.3333,-8,-1,0,0.8750,503.05,-6.00,15.14,20.55,45.50,1194.00,11.00,16.00,0.0000,1284.27,0,0,0.0000,NOT_RUN,0,22,2280,0,6,300,9,0,0,0,0
205,0,1,0,NEGATIVE_PEAK,-6.0690,1.4000,-7,-6,0,0.2857,503.05,-6.00,15.14,20.55,44.50,1186.50,13.00,15.00,0.0000,1277.62,0,0,0.0000,NOT_RUN,0,17,2100,0,6,300,7,0,0,0,0
206,0,1,0,NEGATIVE_PEAK,-6.0112,1.1667,-7,-6,0,0.2857,503.05,-6.00,15.14,20.55,42.00,1180.50,14.00,15.00,0.0000,1272.93,0,0,0.0000,NOT_RUN,0,18,1844,0,6,300,7,0,0,0,0
207,0,1,0,NEGATIVE_PEAK,-6.0639,1.1667,-7,-6,0,0.2857,503.05,-6.00,15.14,20.55,44.50,1175.50,15.00,17.00,0.0000,1267.36,0,0,0.0000,NOT_RUN,0,18,1620,0,6,300,7,0,0,0,0
208,0,1,0,NEGATIVE_PEAK,-4.9180,1.0000,-6,-15,0,0.3333,503.05,-6.00,15.14,20.55,47.50,1170.50,15.00,17.00,0.0000,1261.62,0,0,0.0000,NOT_RUN,0,19,1423,0,6,300,6,0,0,0,0
209,0,1,0,NEGATIVE_PEAK,-6.2209,1.1667,-7,-6,-1,0.2857,503.05,-6.00,15.14,20.55,49.00,1164.50,12.00,13.00,0.0000,1255.48,0,0,0.0000,NOT_RUN,0,16,1231,0,6,300,7,0,0,0,0
210,0,1,0,NEGATIVE_PEAK,-8.3547,1.4286,-10,-1,0,0.9000,503.05,-6.00,15.14,20.55,49.50,1158.50,13.00,13.00,0.0000,1249.71,0,0,0.0000,NOT_RUN,0,25,1233,0,6,300,10,0,0,0,0
211,0,1,0,NEGATIVE_PEAK,-8.4421,1.4286,-10,-1,0,0.8000,503.05,-6.00,15.14,20.55,49.50,1152.00,13.00,12.00,0.0000,1243.65,0,0,0.0000,NOT_RUN,0,25,1088,0,6,300,10,0,0,0,0
212,0,1,0,NEGATIVE_PEAK,-7.9423,1.4286,-10,-1,0,0.8000,503.05,-6.00,15.14,20.55,54.00,1145.00,12.00,12.00,0.0000,1235.49,0,0,0.0000,NOT_RUN,0,30,718,0,6,300,10,0,0,0,0
213,0,1,0,NEGATIVE_PEAK,-7.7441,1.4286,-10,-1,0,0.9000,503.05,-6.00,15.14,20.55,57.00,1140.50,12.00,13.00,0.0000,1230.21,0,0,0.0000,NOT_RUN,0,30,638,0,6,300,10,0,0,0,0
214,0,1,0,NEGATIVE_PEAK,-7.2243,1.3333,-8,-1,0,0.8750,503.05,-6.00,15.14,20.55,59.00,1134.50,12.00,13.00,0.0000,1223.89,0,0,0.0000,NOT_RUN,0,22,651,0,6,300,9,0,0,0,0
215,0,1,0,NEGATIVE_PEAK,-5.7385,1.5000,-9,-3,0,0.2222,503.05,-6.00,15.14,20.55,63.00,1128.50,12.00,13.00,0.0000,1216.85,0,0,0.0000,NOT_RUN,0,31,445,0,6,300,9,0,0,0,0
216,0,1,0,NEGATIVE_PEAK,-6.9053,1.4286,-10,-7,0,0.1000,503.05,-6.00,15.14,20.55,70.50,1123.00,17.00,12.00,0.0000,1209.02,0,0,0.0000,NOT_RUN,0,25,474,0,6,300,10,0,0,0,0
217,0,1,0,NEGATIVE_PEAK,-5.9277,1.3333,-8,-1,0,0.8750,503.05,-6.00,15.14,20.55,76.50,1120.00,13.00,16.00,0.0000,1204.08,0,0,0.0000,NOT_RUN,0,27,495,0,6,300,9,0,0,0,0
218,0,1,0,NEGATIVE_PEAK,-7.1496,1.3333,-8,3,0,0.2500,503.05,-6.00,15.14,20.55,81.50,1115.50,15.00,15.00,0.0000,1198.11,0,0,0.0000,NOT_RUN,0,19,854,0,6,300,9,0,0,0,0
219,0,1,0,NEGATIVE_PEAK,-6.4565,1.1111,-10,-12,0,0.7000,503.05,-6.00,15.14,20.55,82.50,1110.50,11.00,11.00,0.0000,1193.08,0,0,0.0000,NOT_RUN,0,28,422,0,6,300,10,0,0,0,0
220,0,1,0,NEGATIVE_PEAK,-6.4963,1.1667,-7,-6,0,0.2857,503.05,-6.00,15.14,20.55,90.50,1108.00,11.00,12.00,0.0000,1187.94,0,0,0.0000,NOT_RUN,0,19,210,0,6,300,7,0,0,0,0
221,0,1,0,NEGATIVE_PEAK,-7.7289,1.3000,-13,-1,0,0.7692,503.05,-6.00,15.14,20.55,102.50,1107.00,11.00,12.00,0.0000,1182.88,0,0,0.0000,NOT_RUN,0,38,381,0,6,300,13,0,0,0,0
222,0,1,0,NEGATIVE_PEAK,-5.1507,1.1250,-9,-7,0,0.0000,503.05,-6.00,15.14,20.55,114.00,1106.00,12.00,16.00,0.0000,1178.09,0,0,0.0000,NOT_RUN,0,37,491,0,6,300,9,0,0,0,0
223,0,1,0,NEGATIVE_PEAK,-7.9997,1.4286,-10,-1,0,0.7000,503.05,-6.00,15.14,20.55,121.00,1104.50,14.00,13.00,0.0000,1174.38,0,0,0.0000,NOT_RUN,0,26,1105,0,6,300,10,0,0,0,0
224,0,1,0,NEGATIVE_PEAK,-5.0945,1.0714,-15,-1,0,0.8000,503.05,-6.00,15.14,20.55,124.00,1101.00,14.00,14.00,0.0000,1170.10,0,0,0.0000,NOT_RUN,0,76,926,0,6,300,15,0,0,0,0
225,0,1,0,NEGATIVE_PEAK,-4.9122,1.1111,-10,-6,0,0.1000,503.05,-6.00,15.14,20.55,125.50,1098.50,15.00,15.00,0.0000,1167.25,0,0,0.0000,NOT_RUN,0,44,752,0,6,300,10,0,0,0,0
226,0,1,0,NEGATIVE_PEAK,-6.5119,1.5000,-6,-19,0,0.5000,503.05,-6.00,15.14,20.55,129.00,1096.00,14.00,14.00,0.0000,1163.75,0,0,0.0000,NOT_RUN,0,13,631,0,6,300,7,0,0,0,0
227,0,1,0,NEGATIVE_PEAK,-6.4895,1.1667,-7,-6,0,0.2857,503.05,-6.00,15.14,20.55,134.00,1094.50,14.00,15.00,0.0000,1160.73,0,0,0.0000,NOT_RUN,0,17,717,0,6,300,7,0,0,0,0
228,0,1,0,NEGATIVE_PEAK,-8.1341,1.4286,-10,-1,0,0.8000,503.05,-6.00,15.14,20.55,139.50,1093.50,15.00,15.00,0.0000,1158.04,0,0,0.0000,NOT_RUN,0,21,884,0,6,300,10,0,0,0,0
229,0,1,0,NEGATIVE_PEAK,-8.2352,1.4000,-14,-1,0,0.7857,503.05,-6.00,15.14,20.55,144.00,1090.50,14.00,15.00,0.0000,1153.79,0,0,0.0000,NOT_RUN,0,27,119,0,6,300,14,0,0,0,0
230,0,1,0,NEGATIVE_PEAK,-7.6107,1.5000,-9,-1,0,0.8889,503.05,-6.00,15.14,20.55,150.50,1088.00,13.00,14.00,0.0000,1149.40,0,0,0.0000,NOT_RUN,0,23,665,0,6,300,9,0,0,0,0
231,0,1,0,NEGATIVE_PEAK,-6.6789,1.4286,-10,-1,0,0.8000,503.05,-6.00,15.14,20.55,157.00,1086.00,14.00,14.00,0.0000,1145.52,0,0,0.0000,NOT_RUN,0,32,936,0,6,300,10,0,0,0,0
232,0,1,0,NEGATIVE_PEAK,-8.6449,1.2000,-18,-2,0,0.7222,503.05,-6.00,15.14,20.55,165.50,1083.50,15.00,15.00,0.0000,1140.59,0,0,0.0000,NOT_RUN,0,46,288,0,6,300,18,0,0,0,0
233,0,1,0,NEGATIVE_PEAK,-8.5205,1.2222,-22,-2,3,0.4545,503.05,-6.00,15.14,20.55,173.50,1078.50,15.00,15.00,0.0000,1133.46,0,0,0.0000,NOT_RUN,0,37,579,0,6,300,22,0,0,0,0
234,0,1,0,NEGATIVE_PEAK,-6.2184,1.0909,-12,-1,0,0.8333,503.05,-6.00,15.14,20.55,179.00,1074.50,14.00,15.00,0.0000,1128.05,0,0,0.0000,NOT_RUN,0,32,391,0,6,300,13,0,0,0,0
235,0,1,0,NEGATIVE_PEAK,-7.0282,1.3333,-12,-1,0,0.7500,503.05,-6.00,15.14,20.55,179.50,1067.50,13.00,15.00,0.0000,1121.20,0,0,0.0000,NOT_RUN,0,25,357,0,6,300,12,0,0,0,0
236,0,1,0,NEGATIVE_PEAK,-8.3341,1.1429,-24,-2,0,0.4583,503.05,-6.00,15.14,20.55,174.50,1060.50,13.00,15.00,0.0000,1115.96,0,0,0.0000,NOT_RUN,0,53,357,0,6,300,24,0,0,0,0
237,0,1,0,NEGATIVE_PEAK,-4.7779,1.0909,-12,-4,-1,0.6667,503.05,-6.00,15.14,20.55,168.50,1053.00,17.00,20.00,0.0000,1110.59,0,0,0.0000,NOT_RUN,0,62,310,0,6,300,12,0,0,0,0
238,0,1,0,NEGATIVE_PEAK,-4.9464,1.1818,-13,-2,0,0.6923,503.05,-6.00,15.14,20.55,166.00,1041.50,14.00,15.00,0.0000,1100.39,0,0,0.0000,NOT_RUN,0,64,407,0,6,300,13,0,0,0,0
239,0,1,0,NEGATIVE_PEAK,-6.1601,1.3333,-8,-1,0,0.8750,503.05,-6.00,15.14,20.55,168.50,1031.00,13.00,16.00,0.0000,1089.63,0,0,0.0000,NOT_RUN,0,26,650,0,6,300,9,0,0,0,0
240,0,1,0,NEGATIVE_PEAK,-7.0168,1.4286,-10,-1,0,0.8000,503.05,-6.00,15.14,20.55,170.50,1019.00,13.00,16.00,0.0000,1077.60,0,0,0.0000,NOT_RUN,0,32,127,0,6,300,10,0,0,0,0
241,0,1,0,NEGATIVE_PEAK,-5.9530,1.3333,-12,-2,0,0.1667,503.05,-6.00,15.14,20.55,173.00,1008.50,14.00,17.00,0.0000,1066.84,0,0,0.0000,NOT_RUN,0,36,172,0,6,300,12,0,0,0,0
242,0,1,0,NEGATIVE_PEAK,-8.2198,1.2308,-16,-2,0,0.5625,503.05,-6.00,15.14,20.55,178.50,996.00,13.00,16.00,0.0000,1053.25,0,0,0.0000,NOT_RUN,0,46,127,0,6,300,16,0,0,0,0
243,0,1,0,NEGATIVE_PEAK,-7.4913,1.3750,-11,-1,0,0.8182,503.05,-6.00,15.14,20.55,183.50,984.50,13.00,17.00,0.0000,1040.77,0,0,0.0000,NOT_RUN,0,33,534,0,6,300,11,0,0,0,0
244,0,1,0,NEGATIVE_PEAK,-5.2197,1.0667,-16,4,0,0.5625,503.05,-6.00,15.14,20.55,191.00,972.50,12.00,17.00,0.0000,1027.05,0,0,0.0000,NOT_RUN,0,58,297,0,6,300,16,0,0,0,0
245,0,1,0,NEGATIVE_PEAK,-5.4493,1.0000,-11,-15,0,0.0000,503.05,-6.00,15.14,20.55,197.50,959.00,13.00,18.00,0.0000,1012.22,0,0,0.0000,NOT_RUN,0,33,306,0,6,300,11,0,0,0,0
246,0,1,0,NEGATIVE_PEAK,-8.0702,1.2727,-14,-1,0,0.8571,503.05,-6.00,15.14,20.55,203.00,945.50,14.00,23.00,0.0000,997.69,0,0,0.0000,NOT_RUN,0,38,267,0,6,300,14,0,0,0,0
247,0,1,0,NEGATIVE_PEAK,-6.7153,1.2727,-14,-13,0,0.1429,503.05,-6.00,15.14,20.55,208.50,930.50,13.00,17.00,0.0000,981.73,0,0,0.0000,NOT_RUN,0,35,717,0,6,300,14,0,0,0,0
248,0,1,0,NEGATIVE_PEAK,-5.7787,1.2000,-6,15,0,0.5000,503.05,-6.00,15.14,20.55,213.50,915.00,13.00,18.00,0.0000,965.44,0,0,0.0000,NOT_RUN,0,18,1280,0,6,300,7,0,0,0,0
249,0,1,0,NEGATIVE_PEAK,-5.7265,1.2727,-14,-7,0,0.0000,503.05,-6.00,15.14,20.55,218.00,900.50,12.00,17.00,0.0000,950.26,0,0,0.0000,NOT_RUN,0,41,2054,0,6,300,14,0,0,0,0
250,0,1,0,NEGATIVE_PEAK,-8.0086,1.4286,-10,-18,-1,0.3000,503.05,-6.00,15.14,20.55,221.50,884.50,13.00,17.00,0.0000,933.95,0,0,0.0000,NOT_RUN,0,21,353,0,6,300,10,0,0,0,0
251,0,1,0,NEGATIVE_PEAK,-6.0610,1.0000,-10,15,0,0.3000,503.05,-6.00,15.14,20.55,225.00,869.50,14.00,17.00,0.0000,918.59,0,0,0.0000,NOT_RUN,0,36,552,0,6,300,10,0,0,0,0
252,0,1,0,NEGATIVE_PEAK,-5.6649,1.1818,-13,15,13,0.3077,503.05,-6.00,15.14,20.55,227.50,854.00,15.00,18.00,0.0000,903.06,0,0,0.0000,NOT_RUN,0,44,925,0,6,300,13,0,0,0,0
253,0,1,0,NEGATIVE_PEAK,-6.1601,1.0000,-9,15,0,0.3333,503.05,-6.00,15.14,20.55,232.00,839.00,14.00,18.00,0.0000,887.41,0,0,0.0000,NOT_RUN,0,27,794,0,6,300,9,0,0,0,0
254,0,1,0,NEGATIVE_PEAK,-5.6981,1.1667,-14,15,13,0.2143,503.05,-6.00,15.14,20.55,236.00,823.00,14.00,16.00,0.0000,870.95,0,0,0.0000,NOT_RUN,0,42,2888,0,6,300,14,0,0,0,0
255,0,1,0,NEGATIVE_PEAK,-5.6954,1.1667,-14,15,13,0.2143,503.05,-6.00,15.14,20.55,240.50,809.00,13.00,16.00,0.0000,856.25,0,0,0.0000,NOT_RUN,0,42,1210,0,6,300,14,0,0,0,0
256,0,1,0,NEGATIVE_PEAK,-6.5385,1.1111,-30,-1,-1,0.7333,503.05,-6.00,15.14,20.55,244.00,795.50,12.00,19.00,0.0000,842.32,0,0,0.0000,NOT_RUN,0,61,993,0,6,300,30,0,0,0,0
257,0,1,0,NEGATIVE_PEAK,-6.4778,1.1667,-28,-1,0,0.7500,503.05,-6.00,15.14,20.55,248.50,785.00,13.00,24.00,0.0000,830.95,0,0,0.0000,NOT_RUN,0,62,414,0,6,300,28,0,0,0,0
258,0,1,0,NEGATIVE_PEAK,-6.9042,1.1429,-24,-1,0,0.7500,503.05,-6.00,15.14,20.55,254.50,770.00,13.00,24.00,0.0000,814.83,0,0,0.0000,NOT_RUN,0,52,418,0,6,300,25,0,0,0,0
259,0,1,0,NEGATIVE_PEAK,-6.2634,1.2727,-14,-1,0,0.8571,503.05,-6.00,15.14,20.55,260.00,759.00,12.00,20.00,0.0000,802.68,0,0,0.0000,NOT_RUN,0,48,380,0,6,300,14,0,0,0,0
260,0,1,0,NEGATIVE_PEAK,-6.2415,1.2727,-14,-1,0,0.8571,503.05,-6.00,15.14,20.55,264.50,749.50,11.00,21.00,0.0000,792.27,0,0,0.0000,NOT_RUN,0,48,360,0,6,300,14,0,0,0,0
261,0,1,0,NEGATIVE_PEAK,-5.8962,1.2000,-12,-1,0,0.8333,503.05,-6.00,15.14,20.55,269.50,739.00,11.00,22.00,0.0000,780.75,0,0,0.0000,NOT_RUN,0,41,873,0,6,300,12,0,0,0,0
262,0,1,0,NEGATIVE_PEAK,-7.9682,1.2222,-22,-2,0,0.6818,503.05,-6.00,15.14,20.55,274.50,732.00,11.00,20.00,0.0000,772.58,0,0,0.0000,NOT_RUN,0,49,134,0,6,300,22,0,0,0,0
263,0,1,0,NEGATIVE_PEAK,-8.6932,1.2222,-22,-1,0,0.7273,503.05,-6.00,15.14,20.55,278.50,726.00,13.00,24.00,0.0000,765.67,0,0,0.0000,NOT_RUN,0,46,917,0,6,300,22,0,0,0,0
264,0,1,0,NEGATIVE_PEAK,-4.3830,1.0000,-4,-19,0,0.7500,503.05,-6.00,15.14,20.55,283.00,720.50,12.00,25.00,0.0000,759.09,0,0,0.0000,NOT_RUN,0,15,1602,0,6,300,5,0,0,0,0
265,0,1,0,NEGATIVE_PEAK,-5.3476,1.1000,-11,15,3,0.1818,503.05,-6.00,15.14,20.55,286.00,716.50,10.00,21.00,0.0000,754.40,0,0,0.0000,NOT_RUN,0,26,749,0,6,300,11,0,0,0,0
266,0,1,0,NEGATIVE_PEAK,-4.5021,1.3333,-4,-21,-1,0.5000,503.05,-6.00,15.14,20.55,288.00,712.50,10.00,21.00,0.0000,749.99,0,0,0.0000,NOT_RUN,0,16,183,0,6,300,5,0,0,0,0
267,0,1,0,NEGATIVE_PEAK,-7.9187,1.2500,-15,-1,0,0.8000,503.05,-6.00,15.14,20.55,290.50,707.50,11.00,23.00,0.0000,744.49,0,0,0.0000,NOT_RUN,0,38,2193,0,6,300,15,0,0,0,0
268,0,1,0,NEGATIVE_PEAK,-9.6739,1.1176,-19,-1,6,0.5789,503.05,-6.00,15.14,20.55,292.50,704.00,11.00,26.00,0.0000,740.56,0,0,0.0000,NOT_RUN,0,30,2394,0,6,300,19,0,0,0,0
269,0,1,0,NEGATIVE_PEAK,-5.5144,1.2222,-11,-1,1,0.8182,503.05,-6.00,15.14,20.55,294.00,701.50,10.00,27.00,0.0000,737.74,0,0,0.0000,NOT_RUN,0,50,1654,0,6,300,11,0,0,0,0
270,0,1,0,NEGATIVE_PEAK,-5.7356,1.2000,-6,-1,0,0.8333,503.05,-6.00,15.14,20.55,294.50,697.50,11.00,27.00,0.0000,733.76,0,0,0.0000,NOT_RUN,0,28,2878,0,6,300,6,0,0,0,0
271,0,1,0,NEGATIVE_PEAK,-6.7032,1.5000,-6,-19,0,0.5000,503.05,-6.00,15.14,20.55,295.00,693.50,10.00,27.00,0.0000,729.78,0,0,0.0000,NOT_RUN,0,14,4324,0,6,300,7,0,0,0,0
272,0,1,0,NEGATIVE_PEAK,-6.8774,1.4000,-7,-19,0,0.4286,503.05,-6.00,15.14,20.55,295.50,689.50,9.00,27.00,0.0000,725.81,0,0,0.0000,NOT_RUN,0,18,1519,0,6,300,7,0,0,0,0
273,0,1,0,NEGATIVE_PEAK,-6.9818,1.5000,-6,-19,0,0.3333,503.05,-6.00,15.14,20.55,294.00,683.00,12.00,32.00,0.0000,720.01,0,0,0.0000,NOT_RUN,0,15,4342,0,6,300,6,0,0,0,0
274,0,1,0,NEGATIVE_PEAK,-5.3946,1.0714,-15,-11,-4,0.0667,503.05,-6.00,15.14,20.55,294.00,679.50,12.00,31.00,0.0000,716.67,0,0,0.0000,NOT_RUN,0,62,16681,0,6,300,15,0,0,0,0
275,0,1,1,ACCEPT,6.1203,1.3333,28,2,12,0.0714,503.98,1.69,15.75,21.37,294.00,673.00,14.00,30.00,0.0000,703.39,1,1,2.6205,ACCEPT,0,100,20436,107,6,300,28,0,0,0,0
276,0,1,1,ACCEPT,7.7884,1.5158,144,3,-6,0.4653,505.44,-2.34,15.75,21.37,294.50,668.50,13.00,27.00,0.0000,703.23,1,0,3.2786,ACCEPT,0,332,16698,386,6,300,144,0,0,0,0
277,0,1,0,NEGATIVE_PEAK,-4.7974,1.0326,-95,13,6,0.3263,505.44,-2.34,15.75,21.37,291.50,661.50,13.00,29.00,0.0000,697.47,0,0,0.0000,NOT_RUN,0,426,18499,0,6,300,95,0,0,0,0
278,0,1,1,ACCEPT,11.2811,1.4925,400,5,-3,0.1700,507.86,-4.36,15.75,21.37,291.00,656.00,18.00,30.00,0.0000,695.06,1,0,3.0697,ACCEPT,0,562,16397,435,6,300,400,0,0,0,0
279,0,1,1,ACCEPT,5.3098,1.1154,29,2,-3,0.2759,508.83,-6.38,15.75,21.37,290.00,649.00,18.00,28.00,0.0000,690.94,1,0,3.0976,ACCEPT,0,101,14592,57,6,300,29,0,0,0,0
280,0,1,0,NEGATIVE_PEAK,-5.4517,1.0714,-15,11,1,0.4667,508.83,-6.38,15.75,21.37,286.50,640.00,19.00,28.00,0.0000,683.54,0,0,0.0000,NOT_RUN,0,45,12494,0,6,300,15,0,0,0,0
281,0,1,1,ACCEPT,6.1805,1.0667,16,-1,3,0.5625,508.34,-4.36,15.14,20.55,284.50,631.00,19.00,26.00,0.0000,673.64,1,-1,2.7392,ACCEPT,0,63,10368,79,6,300,16,0,0,0,0
282,0,1,0,NEGATIVE_PEAK,-6.2529,1.2857,-18,-3,9,0.1667,508.34,-4.36,15.14,20.55,282.50,622.00,21.00,28.00,0.0000,665.83,0,0,0.0000,NOT_RUN,0,56,8594,0,6,300,18,0,0,0,0
283,0,1,1,ACCEPT,6.8667,1.0000,58,2,3,0.1379,509.28,-2.44,15.14,20.55,281.50,610.00,23.00,28.00,0.0000,653.42,1,0,3.2204,ACCEPT,0,122,7695,276,6,300,58,0,0,0,0
284,0,1,0,NEGATIVE_PEAK,-8.0135,1.2838,-95,3,3,0.1789,509.28,-2.44,15.14,20.55,280.00,598.50,22.00,27.00,0.0000,643.19,0,0,0.0000,NOT_RUN,0,164,5895,0,6,300,95,0,0,0,0
285,0,1,1,ACCEPT,4.6045,1.1379,33,-26,2,0.3636,497.09,-1.16,15.14,20.55,280.00,587.50,24.00,27.00,0.0000,627.41,1,-4,1.9658,MAX_STEP,0,149,4547,453,6,300,33,0,0,0,0
286,0,1,1,ACCEPT,5.8092,1.0189,54,-21,-3,0.2407,487.25,-3.08,15.14,20.55,277.50,577.00,25.00,28.00,0.0000,616.84,1,-3,2.1491,MAX_STEP,0,149,4444,561,6,300,54,0,0,0,0
287,0,1,0,NEGATIVE_PEAK,-7.1014,1.0877,-124,11,3,0.3468,487.25,-3.08,15.14,20.55,275.00,569.00,24.00,30.00,0.0000,610.18,0,0,0.0000,NOT_RUN,0,262,5724,0,6,300,124,0,0,0,0
288,0,1,1,ACCEPT,6.0561,1.0236,130,2,2,0.2538,488.19,-1.80,15.14,20.55,272.00,560.00,24.00,28.00,0.0000,601.96,1,0,3.0658,ACCEPT,0,435,3694,605,6,300,130,0,0,0,0
289,0,1,0,NEGATIVE_PEAK,-7.7469,1.0700,-107,9,2,0.1682,488.19,-1.80,15.14,20.55,270.00,551.50,24.00,29.00,0.0000,594.76,0,0,0.0000,NOT_RUN,0,207,1704,0,6,300,107,0,0,0,0
290,0,1,1,ACCEPT,8.2322,1.1125,178,3,-3,0.2191,489.59,-3.72,15.14,20.55,266.50,545.50,25.00,29.00,0.0000,592.80,1,0,2.6304,ACCEPT,0,280,2929,2205,6,300,178,0,0,0,0
291,0,1,0,NEGATIVE_PEAK,-6.7534,1.0872,-187,-6,0,0.4332,489.59,-3.72,15.14,20.55,263.50,542.50,25.00,29.00,0.0000,591.16,0,0,0.0000,NOT_RUN,0,466,2429,0,6,300,187,0,0,0,0
292,0,1,1,ACCEPT,6.5687,1.1304,156,-12,5,0.0705,483.97,-0.52,14.00,19.00,261.00,540.00,26.00,32.00,0.0000,584.70,1,-2,2.2756,ACCEPT,0,448,1402,2809,6,300,156,0,0,0,0
293,0,1,0,NEGATIVE_PEAK,-10.2386,1.5097,-234,-1,4,0.0513,483.97,-0.52,14.00,19.00,255.50,539.00,25.00,28.00,0.0000,585.90,0,0,0.0000,NOT_RUN,0,320,1916,0,6,300,234,0,0,0,0
294,0,1,0,NEGATIVE_PEAK,-6.2368,1.2333,-111,-10,0,0.2523,483.97,-0.52,14.00,19.00,249.50,539.00,25.00,28.00,0.0000,588.26,0,0,0.0000,NOT_RUN,0,227,783,0,6,300,111,0,0,0,0
295,0,1,1,ACCEPT,6.5863,1.0714,90,-9,6,0.1444,480.03,3.05,14.00,19.00,242.00,540.00,26.00,28.00,0.0000,587.35,1,-2,1.9650,LOW_CONF,0,214,2956,893,6,300,90,0,0,0,0
296,0,1,1,ACCEPT,6.0575,1.0118,86,-13,-6,0.2907,474.34,-0.52,12.94,17.57,235.00,541.50,26.00,29.00,0.0000,592.51,1,-2,2.0125,ACCEPT,0,190,2874,836,6,300,86,0,0,0,0
297,0,1,0,NEGATIVE_PEAK,-7.8780,1.4237,-84,-9,0,0.2381,474.34,-0.52,12.94,17.57,227.50,543.00,29.00,32.00,0.0000,596.94,0,0,0.0000,NOT_RUN,0,211,3105,0,6,300,84,0,0,0,0
298,0,1,0,NEGATIVE_PEAK,-6.5430,1.3143,-46,0,-1,0.8913,474.34,-0.52,12.94,17.57,220.00,546.00,26.00,30.00,0.0000,602.80,0,0,0.0000,NOT_RUN,0,158,3366,0,6,300,46,0,0,0,0
299,0,1,0,NEGATIVE_PEAK,-5.4532,1.2000,-24,-17,0,0.2917,474.34,-0.52,12.94,17.57,213.50,548.00,27.00,30.00,0.0000,607.38,0,0,0.0000,NOT_RUN,0,67,2799,0,6,300,24,0,0,0,0
300,0,1,0,NEGATIVE_PEAK,-4.4169,1.2727,-14,-17,0,0.4286,474.34,-0.52,12.94,17.57,207.50,550.50,25.00,29.00,0.0000,612.23,0,0,0.0000,NOT_RUN,0,82,2782,0,6,300,14,0,0,0,0
0,0,0,0,ZERO_RESPONSE,0.0000,0.0000,0,0,0,0.0000,298.00,360.50,10.00,13.00,298.00,360.50,10.00,13.00,1.0000,0.00,1,0,0.0000,NOT_RUN,0,0,3612,5793,7,354,0,0,0,0,0
1,0,1,1,ACCEPT,17.8471,4.6200,231,6,4,0.0736,299.88,362.12,10.00,13.00,300.50,362.00,9.00,14.00,0.8204,0.64,1,0,3.3184,ACCEPT,0,256,3134,5276,7,354,231,0,0,0,0
2,0,1,1,ACCEPT,9.1986,2.2143,155,7,6,0.0258,302.06,364.56,10.00,13.00,302.00,365.00,10.00,14.00,0.9174,0.44,1,0,3.3410,ACCEPT,0,214,3145,6349,7,354,155,0,0,0,0
3,0,1,1,ACCEPT,8.7790,2.1600,162,10,4,0.0432,305.19,366.19,10.00,13.00,305.00,366.50,12.00,13.00,0.7973,0.36,1,0,3.3055,ACCEPT,0,296,2449,5023,7,354,162,0,0,0,0
4,0,1,1,ACCEPT,11.2030,2.4959,307,8,6,0.1173,307.69,368.62,10.00,13.00,307.50,368.00,11.00,14.00,0.8293,0.65,1,0,3.2724,ACCEPT,0,338,2609,5295,7,354,307,0,0,0,0
5,0,1,1,ACCEPT,12.1160,2.9915,353,7,4,0.0113,309.88,370.25,10.00,13.00,310.00,370.50,10.00,15.00,0.8467,0.28,1,0,3.3723,ACCEPT,0,323,2290,4616,7,354,353,0,0,0,0
6,0,1,1,ACCEPT,9.5832,2.1280,266,12,7,0.0188,313.62,373.09,10.00,13.00,313.50,373.00,11.00,14.00,0.8442,0.16,1,0,3.3379,ACCEPT,0,316,1570,7129,7,354,266,0,0,0,0
7,0,1,1,ACCEPT,8.9042,2.2345,324,7,8,0.1389,315.81,376.34,10.00,13.00,316.00,377.00,10.00,14.00,0.8754,0.68,1,0,3.3094,ACCEPT,0,397,1220,8410,7,354,324,0,0,0,0
8,0,1,1,ACCEPT,9.5681,2.0674,399,11,10,0.0401,319.25,380.41,10.00,13.00,319.00,380.50,10.00,13.00,0.9379,0.27,1,0,3.2955,ACCEPT,0,524,1011,10191,7,354,399,0,0,0,0
9,0,1,1,ACCEPT,7.7720,1.4238,430,9,10,0.0047,322.06,384.47,10.00,13.00,322.00,385.00,10.00,14.00,0.9132,0.53,1,0,3.3266,ACCEPT,0,743,983,8034,7,354,430,0,0,0,0
10,0,1,1,ACCEPT,9.5045,1.6782,339,10,10,0.1563,325.19,388.53,10.00,13.00,325.00,389.50,10.00,15.00,0.8368,0.99,1,0,3.2824,ACCEPT,0,450,782,8441,7,354,339,0,0,0,0
11,0,1,1,ACCEPT,8.1528,2.1154,330,12,13,0.4030,328.94,393.81,10.00,13.00,328.50,395.50,9.00,15.00,0.7187,1.74,1,0,3.3725,ACCEPT,0,498,1941,3749,7,354,330,0,0,0,0
12,0,1,1,ACCEPT,8.4246,1.8726,294,10,15,0.5340,332.06,399.91,10.00,13.00,331.50,401.00,11.00,14.00,0.7671,1.23,1,0,3.3762,ACCEPT,0,540,1208,4330,7,354,294,0,0,0,0
13,0,1,0,NEGATIVE_PEAK,-5.7749,1.0490,-214,2,0,0.7991,332.06,399.91,10.00,13.00,335.00,407.00,12.00,14.00,0.2097,7.68,0,0,0.0000,NOT_RUN,0,470,1641,0,7,354,214,0,0,0,0
14,0,1,0,LOW_PSR,3.4367,1.0294,70,25,-9,0.6143,332.06,399.91,10.00,13.00,339.00,413.00,12.00,14.00,0.0056,14.82,0,0,0.0000,NOT_RUN,0,259,532,0,7,354,70,0,0,0,0
15,0,1,1,ACCEPT,4.0984,1.0270,76,19,-6,0.0263,338.00,397.47,10.00,13.00,341.50,417.50,11.00,15.00,0.0000,20.33,1,0,2.8261,ACCEPT,0,344,1535,3369,7,354,76,0,0,0,0
16,0,1,0,NEGATIVE_PEAK,-4.7482,1.1528,-83,10,-2,0.0120,338.00,397.47,10.00,13.00,345.50,423.00,13.00,16.00,0.0000,26.61,0,0,0.0000,NOT_RUN,0,292,1656,0,7,354,83,0,0,0,0
17,0,1,1,ACCEPT,4.7177,1.2500,80,10,12,0.1875,341.12,402.34,10.82,14.06,345.00,429.50,10.00,15.00,0.0000,27.43,1,2,2.0704,ACCEPT,0,175,982,4115,7,354,80,0,0,0,0
18,0,1,1,ACCEPT,4.2080,1.0761,99,17,9,0.0202,346.97,406.28,10.82,14.06,346.50,434.50,9.00,15.00,0.0000,28.22,1,0,3.3528,ACCEPT,0,336,1548,2597,7,354,99,0,0,0,0
19,0,1,0,NEGATIVE_PEAK,-3.9643,1.1000,-121,-16,9,0.2231,346.97,406.28,10.82,14.06,345.50,440.50,15.00,17.00,0.0000,34.25,0,0,0.0000,NOT_RUN,0,432,1595,0,7,354,121,0,0,0,0
20,0,1,0,NEGATIVE_PEAK,-6.0084,1.6574,-179,-5,0,0.3017,346.97,406.28,10.82,14.06,347.00,445.50,10.00,15.00,0.0000,39.22,0,0,0.0000,NOT_RUN,0,475,1349,0,7,354,179,0,0,0,0
21,0,1,1,ACCEPT,4.9633,1.3239,94,6,2,0.1170,349.03,407.16,10.82,14.06,347.00,449.50,10.00,17.00,0.0000,42.39,1,0,3.3403,ACCEPT,0,247,783,4617,7,354,94,0,0,0,0
22,0,1,0,NEGATIVE_PEAK,-4.7748,1.2394,-88,13,17,0.5568,349.03,407.16,10.82,14.06,345.50,454.00,11.00,16.00,0.0000,46.98,0,0,0.0000,NOT_RUN,0,180,983,0,7,354,88,0,0,0,0
23,0,1,1,ACCEPT,7.3907,1.7848,141,12,6,0.0851,353.16,409.78,10.82,14.06,343.50,456.00,11.00,16.00,0.0000,47.22,1,0,2.7580,ACCEPT,0,241,1411,2877,7,354,141,0,0,0,0
24,0,1,0,NEGATIVE_PEAK,-3.6626,1.0909,-108,3,-1,0.8056,353.16,409.78,10.82,14.06,343.00,457.50,12.00,15.00,0.0000,48.79,0,0,0.0000,NOT_RUN,0,382,2583,0,7,354,108,0,0,0,0
25,0,1,1,ACCEPT,4.6603,1.0000,187,9,9,0.1711,356.25,413.72,10.82,14.06,342.00,458.00,14.00,16.00,0.0000,46.52,1,0,3.1176,ACCEPT,0,506,2552,2454,7,354,187,0,0,0,0
26,0,1,1,ACCEPT,6.5572,1.4274,167,-3,0,0.2994,355.22,413.72,10.82,14.06,342.00,458.50,12.00,17.00,0.0000,46.69,1,0,3.2820,ACCEPT,0,386,1240,3641,7,354,167,0,0,0,0
27,0,1,1,ACCEPT,6.3881,1.2596,131,-6,-1,0.3511,353.16,413.28,10.82,14.06,340.00,457.00,10.00,16.00,0.0000,45.66,1,0,3.3329,ACCEPT,0,411,658,6229,7,354,131,0,0,0,0
28,0,1,1,ACCEPT,7.1822,1.9224,223,-1,-7,0.0987,352.81,410.22,10.82,14.06,339.50,455.50,11.00,17.00,0.0000,47.20,1,0,3.2736,ACCEPT,0,581,899,4662,7,354,223,0,0,0,0
29,0,1,1,ACCEPT,8.2939,1.5433,196,0,-10,0.5918,352.81,405.84,10.82,14.06,339.00,454.50,12.00,17.00,0.0000,50.58,1,0,3.2803,ACCEPT,0,358,576,7325,7,354,196,0,0,0,0
30,0,1,1,ACCEPT,9.4520,1.4781,371,1,-6,0.0755,353.16,403.22,10.82,14.06,338.00,452.50,12.00,17.00,0.0000,51.56,1,0,3.1236,ACCEPT,0,665,1309,4009,7,354,371,0,0,0,0
31,0,1,1,ACCEPT,5.6795,1.2585,185,4,0,0.1784,354.53,403.22,10.82,14.06,338.50,451.00,15.00,20.00,0.0000,50.40,1,0,3.1913,ACCEPT,0,425,1443,3223,7,354,185,0,0,0,0
32,0,1,1,ACCEPT,4.4752,1.0357,174,-2,7,0.2529,353.84,406.28,10.82,14.06,337.50,450.00,15.00,20.00,0.0000,46.67,1,0,3.1411,ACCEPT,0,388,1482,3880,7,354,174,0,0,0,0
33,0,1,1,ACCEPT,5.9502,1.0385,216,10,-11,0.3333,357.28,401.47,10.82,14.06,337.00,449.50,14.00,21.00,0.0000,52.14,1,0,3.2649,ACCEPT,0,466,2761,2356,7,354,216,0,0,0,0
34,0,1,1,ACCEPT,5.2898,1.1176,190,-6,13,0.0632,355.22,407.16,10.82,14.06,337.50,448.50,13.00,21.00,0.0000,44.98,1,0,3.2672,ACCEPT,0,694,1536,3276,7,354,190,0,0,0,0
35,0,1,0,NEGATIVE_PEAK,-5.8703,1.1339,-398,2,5,0.7010,355.22,407.16,10.82,14.06,337.00,450.00,14.00,22.00,0.0000,46.56,0,0,0.0000,NOT_RUN,0,815,1723,0,7,354,398,0,0,0,0
36,0,1,1,ACCEPT,4.1736,1.0268,153,8,-5,0.3203,357.97,404.97,10.82,14.06,335.50,449.00,13.00,20.00,0.0000,49.43,1,0,3.3911,ACCEPT,0,671,2466,2418,7,354,153,0,0,0,0
37,0,1,0,NEGATIVE_PEAK,-4.5513,1.1250,-54,10,5,0.4630,357.97,404.97,10.82,14.06,336.00,451.00,12.00,22.00,0.0000,51.00,0,0,0.0000,NOT_RUN,0,293,2168,0,7,354,54,0,0,0,0
38,0,1,1,ACCEPT,7.1227,1.4845,144,4,4,0.2917,359.34,406.72,10.82,14.06,334.00,452.00,14.00,22.00,0.0000,51.89,1,0,3.0179,ACCEPT,0,316,1775,3670,7,354,144,0,0,0,0
39,0,1,1,ACCEPT,5.7904,1.2747,116,18,-14,0.3190,365.53,400.59,10.82,14.06,335.00,454.50,14.00,21.00,0.0000,61.95,1,0,3.3141,ACCEPT,0,273,1868,3142,7,354,116,0,0,0,0
40,0,1,1,ACCEPT,7.3054,1.7414,202,18,-13,0.0990,371.72,394.91,10.82,14.06,334.00,457.50,14.00,19.00,0.0000,73.08,1,0,3.4112,ACCEPT,0,342,1644,3503,7,354,202,0,0,0,0
41,0,1,1,ACCEPT,8.9038,2.0254,239,19,-12,0.0628,378.25,389.66,10.82,14.06,332.50,460.00,13.00,22.00,0.0000,83.91,1,0,3.3059,ACCEPT,0,376,1534,3658,7,354,239,0,0,0,0
42,0,1,1,ACCEPT,10.0041,2.3860,272,20,-13,0.1507,385.12,383.97,10.82,14.06,332.50,463.00,11.00,20.00,0.0000,94.95,1,0,3.4367,ACCEPT,0,367,1312,3768,7,354,272,0,0,0,0
43,0,1,1,ACCEPT,11.1077,2.2025,348,20,-11,0.0460,392.00,379.16,10.82,14.06,330.50,465.00,15.00,22.00,0.0000,105.60,1,0,3.4292,ACCEPT,0,478,1107,4237,7,354,348,0,0,0,0
44,0,1,1,ACCEPT,11.3231,2.2770,337,23,-10,0.0712,399.91,374.78,10.82,14.06,330.00,467.50,14.00,19.00,0.0000,116.12,1,0,3.3900,ACCEPT,0,429,1279,4372,7,354,337,0,0,0,0
45,0,1,1,ACCEPT,9.2523,1.9630,318,21,-11,0.1038,407.12,369.97,10.82,14.06,330.50,470.00,13.00,22.00,0.0000,126.01,1,0,3.4106,ACCEPT,0,492,1165,4263,7,354,318,0,0,0,0
46,0,1,1,ACCEPT,10.6930,2.4783,342,21,-11,0.1404,414.34,365.16,10.82,14.06,330.50,471.00,15.00,24.00,0.0000,135.03,1,0,3.3766,ACCEPT,0,479,1060,4236,7,354,342,0,0,0,0
47,0,1,1,ACCEPT,10.5312,2.1348,301,22,-11,0.0532,421.91,360.34,10.82,14.06,330.00,475.50,16.00,23.00,0.0000,147.34,1,0,3.3768,ACCEPT,0,419,1284,2799,7,354,301,0,0,0,0
48,0,1,1,ACCEPT,10.4596,1.8606,307,21,-11,0.1107,429.12,355.53,10.82,14.06,331.00,478.00,20.00,20.00,0.0000,156.93,1,0,3.4209,ACCEPT,0,408,1321,2348,7,354,307,0,0,0,0
49,0,1,1,ACCEPT,10.7203,1.9521,285,21,-15,0.1053,436.34,348.97,10.82,14.06,332.50,480.00,13.00,20.00,0.0000,167.19,1,0,3.3975,ACCEPT,0,461,1478,2781,7,354,285,0,0,0,0
50,0,1,1,ACCEPT,13.0959,2.8800,432,19,-13,0.0648,442.88,343.28,10.82,14.06,330.00,480.00,12.00,16.00,0.0000,177.29,1,0,3.3582,ACCEPT,0,553,1254,2712,7,354,432,0,0,0,0
51,0,1,1,ACCEPT,11.9852,2.5816,364,15,-14,0.0879,448.03,337.16,10.82,14.06,331.00,482.50,20.00,21.00,0.0000,186.60,1,0,3.3780,ACCEPT,0,489,939,4503,7,354,364,0,0,0,0
52,0,1,1,ACCEPT,10.4146,2.1118,340,14,-16,0.1147,452.84,330.16,10.82,14.06,329.00,486.00,20.00,22.00,0.0000,199.06,1,0,3.4029,ACCEPT,0,525,1043,4019,7,354,340,0,0,0,0
53,0,1,1,ACCEPT,9.3554,1.3141,410,10,-15,0.0561,456.28,323.59,10.82,14.06,326.50,486.00,17.00,22.00,0.0000,207.89,1,0,3.3893,ACCEPT,0,613,1079,3499,7,354,410,0,0,0,0
54,0,1,1,ACCEPT,7.4622,1.4262,261,7,-19,0.2912,458.69,315.28,10.82,14.06,323.00,485.50,14.00,19.00,0.0000,217.68,1,0,3.4283,ACCEPT,0,609,804,4486,7,354,261,0,0,0,0
55,0,1,1,ACCEPT,7.7013,1.5916,304,3,-18,0.1349,459.72,307.41,10.82,14.06,319.00,486.50,16.00,21.00,0.0000,227.76,1,0,3.4459,ACCEPT,0,628,967,3719,7,354,304,0,0,0,0
56,0,1,1,ACCEPT,7.0253,1.3318,285,7,-22,0.0982,462.12,297.78,10.82,14.06,315.50,485.00,15.00,20.00,0.0000,237.80,1,0,3.3866,ACCEPT,0,694,843,3647,7,354,285,0,0,0,0
57,0,1,1,ACCEPT,10.2488,1.9314,394,14,-19,0.0228,466.94,289.47,10.82,14.06,314.00,484.00,16.00,20.00,0.0000,247.45,1,0,3.4550,ACCEPT,0,647,851,4380,7,354,394,0,0,0,0
58,0,1,1,ACCEPT,13.3433,2.7537,559,17,-17,0.1717,472.78,282.03,10.82,14.06,311.50,483.00,15.00,20.00,0.0000,257.68,1,0,3.3895,ACCEPT,0,656,731,5011,7,354,559,0,0,0,0
59,0,1,1,ACCEPT,10.3751,1.8251,407,19,-19,0.1081,479.31,273.72,10.82,14.06,310.50,481.50,15.00,19.00,0.0000,267.71,1,0,3.4187,ACCEPT,0,657,765,6130,7,354,407,0,0,0,0
60,0,1,1,ACCEPT,11.1251,1.7926,484,22,-20,0.0351,486.88,264.97,10.82,14.06,308.00,479.50,14.00,21.00,0.0000,279.32,1,0,3.4559,ACCEPT,0,699,861,5124,7,354,484,0,0,0,0
61,0,1,1,ACCEPT,13.8740,2.2950,638,19,-17,0.0047,493.41,257.53,10.82,14.06,305.50,477.50,13.00,19.00,0.0000,289.30,1,0,3.4392,ACCEPT,0,701,821,4970,7,354,638,0,0,0,0
62,0,1,1,ACCEPT,12.8451,2.4510,500,21,-20,0.0080,500.62,248.78,10.82,14.06,303.00,476.00,14.00,20.00,0.0000,301.14,1,0,3.4111,ACCEPT,0,605,823,4115,7,354,500,0,0,0,0
63,0,1,1,ACCEPT,13.6389,2.1227,571,19,-16,0.0088,507.16,241.78,10.82,14.06,299.50,474.00,15.00,20.00,0.0000,311.52,1,0,3.4218,ACCEPT,0,696,924,3759,7,354,571,0,0,0,0
64,0,1,1,ACCEPT,12.4848,2.6013,411,27,-14,0.1946,516.44,235.66,10.82,14.06,299.50,472.50,19.00,23.00,0.0000,321.18,1,0,3.4107,ACCEPT,0,463,1469,2123,7,354,411,0,0,0,0
65,0,1,1,ACCEPT,13.3666,2.9682,466,25,-13,0.0730,525.03,229.97,10.82,14.06,296.00,472.00,16.00,20.00,0.0000,333.22,1,0,3.4007,ACCEPT,0,490,1071,3330,7,354,466,0,0,0,0
66,0,1,1,ACCEPT,15.2323,2.3869,654,18,-16,0.0107,531.22,222.97,10.82,14.06,294.00,469.00,18.00,20.00,0.0000,341.77,1,0,3.4145,ACCEPT,0,729,685,4365,7,354,654,0,0,0,0
67,0,1,1,ACCEPT,16.3913,3.3651,636,19,-16,0.0236,537.75,215.97,10.82,14.06,290.00,468.50,18.00,21.00,0.0000,353.77,1,0,3.3928,ACCEPT,0,712,759,4338,7,354,636,0,0,0,0
68,0,1,1,ACCEPT,16.6561,3.0558,602,21,-14,0.0100,544.97,209.84,10.82,14.06,286.00,468.00,18.00,18.00,0.0000,365.66,1,0,3.4280,ACCEPT,0,592,1129,3201,7,354,602,0,0,0,0
69,0,1,1,ACCEPT,15.3951,2.8661,642,19,-12,0.0202,551.50,204.59,10.82,14.06,281.50,467.00,19.00,20.00,0.0000,376.51,1,0,3.3878,ACCEPT,0,662,1065,3405,7,354,642,0,0,0,0
70,0,1,1,ACCEPT,17.6452,3.3543,587,16,-14,0.1278,557.00,198.47,10.82,14.06,278.00,467.00,18.00,20.00,0.0000,387.23,1,0,3.3853,ACCEPT,0,573,1039,4356,7,354,587,0,0,0,0
71,0,1,1,ACCEPT,16.9618,3.0659,791,20,-11,0.0152,563.88,193.66,10.82,14.06,274.50,466.50,19.00,21.00,0.0000,397.72,1,0,3.3915,ACCEPT,0,728,1233,3707,7,354,791,0,0,0,0
72,0,1,1,ACCEPT,17.0740,3.2857,621,19,-14,0.0016,570.41,187.53,10.82,14.06,271.50,467.00,19.00,20.00,0.0000,409.20,1,0,3.3949,ACCEPT,0,645,901,4374,7,354,621,0,0,0,0
73,0,1,1,ACCEPT,16.5412,3.6264,631,24,-10,0.0967,578.66,183.16,10.82,14.06,270.00,468.00,20.00,20.00,0.0000,420.01,1,0,3.3778,ACCEPT,0,734,1044,4502,7,354,631,0,0,0,0
74,0,1,1,ACCEPT,19.2518,3.8807,846,20,-10,0.0437,585.53,178.78,10.82,14.06,268.50,469.00,19.00,20.00,0.0000,429.81,1,0,3.3634,ACCEPT,0,752,1791,2758,7,354,846,0,0,0,0
75,0,1,1,ACCEPT,18.3627,3.4579,740,14,-15,0.0473,590.34,172.22,10.82,14.06,265.50,469.50,19.00,19.00,0.0000,440.34,1,0,3.3686,ACCEPT,0,812,1355,3573,7,354,740,0,0,0,0
76,0,1,1,ACCEPT,17.9454,2.8996,693,10,-18,0.0606,593.78,164.34,10.82,14.06,262.50,472.00,19.00,20.00,0.0000,452.11,1,0,3.3648,ACCEPT,0,795,1420,3083,7,354,693,0,0,0,0
77,0,1,1,ACCEPT,8.9166,1.5263,319,0,-21,0.0000,593.78,155.16,10.82,14.06,257.50,473.00,19.00,18.00,0.0000,462.72,1,0,3.3575,ACCEPT,0,601,1425,3102,7,354,319,0,0,0,0
78,0,1,1,ACCEPT,8.3833,1.5647,399,3,-22,0.0752,594.81,145.53,10.82,14.06,253.50,475.00,19.00,20.00,0.0000,474.39,1,0,3.3776,ACCEPT,0,846,1299,3061,7,354,399,0,0,0,0
79,0,1,1,ACCEPT,9.7151,2.0176,343,4,-22,0.0058,596.19,135.91,10.82,14.06,250.50,476.50,19.00,19.00,0.0000,485.29,1,0,3.4030,ACCEPT,0,668,1111,3503,7,354,343,0,0,0,0
80,0,1,1,ACCEPT,14.4317,3.0925,535,5,-19,0.0280,597.91,127.59,10.82,14.06,247.00,478.50,20.00,19.00,0.0000,496.26,1,0,3.4023,ACCEPT,0,748,1211,3616,7,354,535,0,0,0,0
81,0,1,1,ACCEPT,15.0156,3.0994,499,5,-19,0.0461,599.62,119.28,10.82,14.06,243.00,481.00,20.00,20.00,0.0000,507.96,1,0,3.3869,ACCEPT,0,674,1013,4419,7,354,499,0,0,0,0
82,0,1,1,ACCEPT,15.7393,2.8653,553,5,-16,0.1230,601.34,112.28,10.82,14.06,240.50,483.50,19.00,19.00,0.0000,517.70,1,0,3.4039,ACCEPT,0,654,1375,3063,7,354,553,0,0,0,0
83,0,1,1,ACCEPT,15.0634,3.4322,405,7,-18,0.1012,603.75,104.41,10.82,14.06,236.50,486.00,19.00,18.00,0.0000,529.61,1,0,3.4107,ACCEPT,0,549,1279,3506,7,354,405,0,0,0,0
84,0,1,1,ACCEPT,14.8043,3.3467,502,4,-17,0.1414,605.12,96.97,10.82,14.06,233.50,486.50,21.00,17.00,0.0000,538.37,1,0,3.3878,ACCEPT,0,606,1314,3796,7,354,502,0,0,0,0
85,0,1,1,ACCEPT,16.7073,3.5166,531,7,-18,0.0979,607.53,89.09,10.82,14.06,231.00,491.50,22.00,19.00,0.0000,551.10,1,0,3.4014,ACCEPT,0,669,1072,5137,7,354,531,0,0,0,0
86,0,1,1,ACCEPT,18.5607,4.1975,680,7,-16,0.1221,609.94,82.09,10.82,14.06,229.00,493.00,20.00,20.00,0.0000,560.32,1,0,3.4296,ACCEPT,0,702,1437,3975,7,354,680,0,0,0,0
87,0,1,1,ACCEPT,16.7031,3.4545,456,12,-14,0.1206,614.06,75.97,10.82,14.06,226.00,496.50,20.00,19.00,0.0000,572.22,1,0,3.4130,ACCEPT,0,508,1368,4199,7,354,456,0,0,0,0
88,0,1,1,ACCEPT,14.1287,2.9463,439,15,-13,0.0364,619.22,70.28,10.82,14.06,226.00,501.00,18.00,18.00,0.0000,583.21,1,0,3.4025,ACCEPT,0,555,1293,4277,7,354,439,0,0,0,0
89,0,1,1,ACCEPT,16.5768,3.3158,567,17,-13,0.0123,625.06,64.59,10.82,14.06,225.50,504.50,17.00,17.00,0.0000,594.28,1,0,3.4027,ACCEPT,0,606,1625,3928,7,354,567,0,0,0,0
90,0,1,1,ACCEPT,14.6767,2.7244,425,18,-14,0.0565,631.25,58.47,10.82,14.06,224.50,508.50,19.00,19.00,0.0000,606.61,1,0,3.4090,ACCEPT,0,544,1538,3891,7,354,425,0,0,0,0
91,0,1,1,ACCEPT,12.2160,2.4444,396,19,-9,0.0152,637.78,54.53,10.82,14.06,224.00,512.50,18.00,17.00,0.0000,617.21,1,0,3.3612,ACCEPT,0,585,1753,3099,7,354,396,0,0,0,0
92,0,1,1,ACCEPT,15.2189,2.9669,359,18,-13,0.0028,643.97,48.84,10.82,14.06,223.00,517.00,18.00,18.00,0.0000,629.59,1,0,3.4286,ACCEPT,0,447,1599,3753,7,354,359,0,0,0,0
93,0,1,1,ACCEPT,14.1891,2.4078,431,16,-11,0.0534,649.47,44.03,10.82,14.06,223.00,521.50,18.00,19.00,0.0000,640.20,1,0,3.3727,ACCEPT,0,495,1752,3840,7,354,431,0,0,0,0
94,0,1,1,ACCEPT,16.1287,3.1919,549,19,-11,0.0692,656.00,39.22,10.82,14.06,221.00,526.50,20.00,19.00,0.0000,653.20,1,0,3.3854,ACCEPT,0,606,1628,3861,7,354,549,0,0,0,0
95,0,1,1,ACCEPT,19.4102,3.5962,561,12,-13,0.1159,660.12,33.53,10.82,14.06,222.00,533.50,20.00,21.00,0.0000,664.77,1,0,3.3887,ACCEPT,0,527,1620,4518,7,354,561,0,0,0,0
96,0,1,1,ACCEPT,13.1397,2.6766,447,11,-13,0.1566,663.91,27.84,10.82,14.06,221.50,539.50,19.00,21.00,0.0000,676.40,1,0,3.3611,ACCEPT,0,541,1431,4575,7,354,447,0,0,0,0
97,0,1,1,ACCEPT,15.4850,3.3907,512,6,-14,0.1836,665.97,21.72,10.82,14.06,219.50,545.00,19.00,20.00,0.0000,687.86,1,0,3.3625,ACCEPT,0,616,1527,4850,7,354,512,0,0,0,0
98,0,1,1,ACCEPT,16.2030,3.2312,601,10,-14,0.1281,669.41,15.59,10.82,14.06,219.00,552.00,18.00,22.00,0.0000,700.43,1,0,3.3837,ACCEPT,0,723,1648,4449,7,354,601,0,0,0,0
99,0,1,1,ACCEPT,16.3406,2.8333,629,13,-10,0.1574,673.88,11.22,10.82,14.06,219.50,559.50,19.00,23.00,0.0000,712.09,1,0,3.3861,ACCEPT,0,644,2168,3270,7,354,629,0,0,0,0
100,0,1,1,ACCEPT,14.8795,2.1480,479,4,-12,0.0752,675.25,5.97,10.82,14.06,220.50,567.00,17.00,20.00,0.0000,722.19,1,0,3.3697,ACCEPT,0,484,1229,6397,7,354,479,0,0,0,0
101,0,1,1,ACCEPT,5.0056,1.0354,263,3,-15,0.7110,676.28,-0.59,10.82,14.06,220.50,574.50,17.00,19.00,0.0000,733.80,1,0,3.3428,ACCEPT,0,965,510,11949,7,354,263,0,0,0,0
102,0,1,0,NEGATIVE_PEAK,-4.1627,1.2342,-137,-1,0,0.8905,676.28,-0.59,10.82,14.06,222.50,582.50,17.00,21.00,0.0000,738.86,0,0,0.0000,NOT_RUN,0,827,2357,0,7,354,137,0,0,0,0
103,0,1,1,ACCEPT,3.9137,1.0125,81,1,0,0.9012,676.62,-0.59,10.82,14.06,222.50,591.00,17.00,22.00,0.0000,745.80,1,-5,1.7831,MAX_STEP,0,449,3471,1324,7,354,81,0,0,0,0
104,0,1,0,LOW_PSR,3.2479,1.0242,339,21,-13,0.3186,676.62,-0.59,10.82,14.06,223.00,598.00,18.00,22.00,0.0000,751.06,0,0,0.0000,NOT_RUN,0,2500,9063,0,7,354,339,0,0,0,0
105,0,1,0,NEGATIVE_PEAK,-3.2906,1.0221,-370,19,1,0.7595,676.62,-0.59,10.82,14.06,224.50,606.50,19.00,21.00,0.0000,756.95,0,0,0.0000,NOT_RUN,0,2916,4519,0,7,354,370,0,0,0,0
106,0,1,0,NEGATIVE_PEAK,-3.1392,1.0000,-285,1,7,0.9509,676.62,-0.59,10.82,14.06,225.00,614.50,18.00,21.00,0.0000,763.09,0,0,0.0000,NOT_RUN,0,2010,3540,0,7,354,285,0,0,0,0
107,0,1,1,ACCEPT,4.6081,1.2832,435,12,6,0.6943,680.75,2.03,10.82,14.06,226.00,622.50,18.00,21.00,0.0000,769.27,1,0,2.8235,ACCEPT,0,2039,4765,1699,7,354,435,0,0,0,0
108,0,1,1,ACCEPT,9.2850,1.6491,188,-2,-5,0.2394,680.06,-0.16,10.82,14.06,226.00,630.00,18.00,22.00,0.0000,776.70,1,0,3.2182,ACCEPT,0,300,2812,2283,7,354,188,0,0,0,0
109,0,1,0,NEGATIVE_PEAK,-4.0333,1.0190,-107,-31,6,0.0187,680.06,-0.16,10.82,14.06,225.50,637.00,19.00,22.00,0.0000,782.68,0,0,0.0000,NOT_RUN,0,541,1623,0,7,354,107,0,0,0,0
110,0,1,0,NEGATIVE_PEAK,-6.4745,1.1269,-302,28,12,0.0066,680.06,-0.16,10.82,14.06,225.50,643.00,19.00,22.00,0.0000,787.58,0,0,0.0000,NOT_RUN,0,546,10939,0,7,354,302,0,0,0,0
111,0,1,1,ACCEPT,7.9064,1.4884,579,11,15,0.0432,683.84,6.41,10.82,14.06,226.00,649.50,18.00,19.00,0.0000,789.42,1,-7,1.2807,MAX_STEP,0,945,10095,1221,7,354,579,0,0,0,0
112,0,1,1,ACCEPT,5.8064,1.0234,481,-1,-14,0.0852,683.50,0.28,10.82,14.06,226.50,656.00,17.00,20.00,0.0000,799.26,1,0,3.2465,ACCEPT,0,1761,8328,1915,7,354,481,0,0,0,0
113,0,1,1,ACCEPT,7.0872,1.3241,286,8,-1,0.5035,686.25,-0.16,10.82,14.06,228.00,662.00,18.00,22.00,0.0000,805.26,1,0,3.2312,ACCEPT,0,710,6076,1297,7,354,286,0,0,0,0
114,0,1,0,NEGATIVE_PEAK,-7.7458,1.1837,-116,1,-1,0.9828,686.25,-0.16,10.82,14.06,230.00,667.00,18.00,22.00,0.0000,808.25,0,0,0.0000,NOT_RUN,0,211,5642,0,7,354,116,0,0,0,0
115,0,1,1,ACCEPT,6.2572,1.0833,26,7,5,0.5000,688.66,2.03,10.82,14.06,232.50,672.50,17.00,21.00,0.0000,810.93,1,6,0.9287,MAX_STEP,0,65,5339,464,7,354,26,0,0,0,0
116,0,1,0,NEGATIVE_PEAK,-6.4390,1.2917,-31,1,10,0.0645,688.66,2.03,10.82,14.06,235.00,676.50,18.00,21.00,0.0000,812.84,0,0,0.0000,NOT_RUN,0,84,3562,0,7,354,31,0,0,0,0
117,0,1,0,NEGATIVE_PEAK,-5.1746,1.0476,-22,4,0,0.3182,688.66,2.03,10.82,14.06,237.50,680.00,19.00,20.00,0.0000,814.36,0,0,0.0000,NOT_RUN,0,57,3970,0,7,354,22,0,0,0,0
118,0,1,0,NEGATIVE_PEAK,-5.7704,1.1053,-21,16,17,0.1905,688.66,2.03,10.82,14.06,240.00,684.50,20.00,21.00,0.0000,816.73,0,0,0.0000,NOT_RUN,0,53,4940,0,7,354,21,0,0,0,0
119,0,1,0,NEGATIVE_PEAK,-5.0796,1.0500,-21,10,2,0.0952,688.66,2.03,10.82,14.06,242.00,687.00,20.00,20.00,0.0000,817.73,0,0,0.0000,NOT_RUN,0,70,4297,0,7,354,21,0,0,0,0
120,0,1,0,NEGATIVE_PEAK,-4.9956,1.2000,-12,14,-2,0.1667,688.66,2.03,10.82,14.06,244.00,689.50,20.00,21.00,0.0000,818.74,0,0,0.0000,NOT_RUN,0,49,4140,0,7,354,12,0,0,0,0
121,0,1,0,NEGATIVE_PEAK,-6.3794,1.1053,-21,17,4,0.0000,688.66,2.03,10.82,14.06,246.00,693.50,20.00,19.00,0.0000,821.02,0,0,0.0000,NOT_RUN,0,50,2991,0,7,354,21,0,0,0,0
122,0,1,0,NEGATIVE_PEAK,-5.0407,1.0588,-18,0,-1,0.9444,688.66,2.03,10.82,14.06,248.50,697.00,19.00,20.00,0.0000,822.63,0,0,0.0000,NOT_RUN,0,53,2460,0,7,354,18,0,0,0,0
123,0,1,0,NEGATIVE_PEAK,-6.1986,1.1364,-25,-1,9,0.7200,688.66,2.03,10.82,14.06,252.00,700.00,20.00,20.00,0.0000,823.30,0,0,0.0000,NOT_RUN,0,55,2161,0,7,354,25,0,0,0,0
124,0,1,0,NEGATIVE_PEAK,-7.9637,1.2000,-30,3,9,0.1333,688.66,2.03,10.82,14.06,254.00,702.00,18.00,20.00,0.0000,823.94,0,0,0.0000,NOT_RUN,0,60,567,0,7,354,30,0,0,0,0
125,0,1,0,NEGATIVE_PEAK,-5.7122,1.1034,-32,17,-1,0.2188,688.66,2.03,10.82,14.06,257.50,707.00,17.00,20.00,0.0000,826.36,0,0,0.0000,NOT_RUN,0,102,1545,0,7,354,32,0,0,0,0
126,0,1,1,ACCEPT,4.8798,1.0769,28,24,10,0.0000,696.91,6.41,11.25,14.62,261.50,710.00,17.00,20.00,0.0000,827.42,1,1,2.4345,ACCEPT,0,108,1032,3049,7,354,28,0,0,0,0
127,0,1,1,ACCEPT,7.2201,1.4200,71,15,-1,0.2958,702.06,5.95,11.25,14.62,266.00,714.00,18.00,22.00,0.0000,831.55,1,5,1.7137,MAX_STEP,0,169,954,4018,7,354,71,0,0,0,0
128,0,1,1,ACCEPT,4.9649,1.1316,43,19,7,0.3488,708.59,9.12,11.25,14.62,270.50,718.00,15.00,24.00,0.0000,833.32,1,-6,0.8164,MAX_STEP,0,198,2192,876,7,354,43,0,0,0,0
129,0,1,1,ACCEPT,6.1058,1.1034,32,20,1,0.1250,715.47,9.58,11.25,14.62,276.00,722.00,16.00,26.00,0.0000,837.06,1,-6,0.7888,MAX_STEP,0,113,2292,1323,7,354,32,0,0,0,0
130,0,1,0,NEGATIVE_PEAK,-5.1915,1.0000,-24,9,6,0.3750,715.47,9.58,11.25,14.62,280.00,725.00,16.00,26.00,0.0000,837.53,0,0,0.0000,NOT_RUN,0,106,2026,0,7,354,24,0,0,0,0
131,0,1,0,NEGATIVE_PEAK,-4.5663,1.0345,-30,-2,-1,0.5000,715.47,9.58,11.25,14.62,287.50,732.00,13.00,24.00,0.0000,839.67,0,0,0.0000,NOT_RUN,0,64,674,0,7,354,30,0,0,0,0
132,0,1,1,ACCEPT,5.1510,1.1573,103,2,4,0.0485,716.16,11.39,11.25,14.62,295.00,737.00,14.00,26.00,0.0000,838.98,1,4,1.6515,MAX_STEP,0,362,1753,2379,7,354,103,0,0,0,0
133,0,1,1,ACCEPT,5.3750,1.2848,212,10,14,0.3632,719.59,17.73,11.25,14.62,303.00,742.50,12.00,25.00,0.0000,835.96,1,8,1.4462,MAX_STEP,0,815,489,6487,7,354,212,0,0,0,0
134,0,1,1,ACCEPT,6.6075,1.0642,232,9,-3,0.1897,722.69,16.38,11.25,14.62,310.50,745.00,13.00,30.00,0.0000,837.13,1,0,3.0139,ACCEPT,0,582,1132,3051,7,354,232,0,0,0,0
135,0,1,0,NEGATIVE_PEAK,-3.7211,1.0000,-20,6,7,0.0500,722.69,16.38,11.25,14.62,317.50,749.50,11.00,25.00,0.0000,837.65,0,0,0.0000,NOT_RUN,0,109,2733,0,7,354,20,0,0,0,0
136,0,1,0,NEGATIVE_PEAK,-5.7658,1.0339,-61,5,-7,0.1311,722.69,16.38,11.25,14.62,322.50,754.00,13.00,26.00,0.0000,839.19,0,0,0.0000,NOT_RUN,0,211,3196,0,7,354,61,0,0,0,0
137,0,1,1,ACCEPT,4.4012,1.0435,24,13,-2,0.2083,727.16,15.47,11.25,14.62,328.50,757.50,9.00,23.00,0.0000,842.34,1,-4,2.1892,MAX_STEP,0,117,3831,266,7,354,24,0,0,0,0
138,0,1,0,NEGATIVE_PEAK,-4.2853,1.0000,-10,5,9,0.0000,727.16,15.47,11.25,14.62,334.00,763.50,12.00,25.00,0.0000,845.06,0,0,0.0000,NOT_RUN,0,48,4781,0,7,354,10,0,0,0,0
139,0,1,0,NEGATIVE_PEAK,-3.0520,1.0000,-5,9,-11,0.4000,727.16,15.47,11.25,14.62,338.50,769.00,11.00,26.00,0.0000,847.86,0,0,0.0000,NOT_RUN,0,40,3768,0,7,354,5,0,0,0,0
140,0,1,0,NEGATIVE_PEAK,-4.1487,1.1111,-10,5,3,0.4000,727.16,15.47,11.25,14.62,341.50,774.50,11.00,29.00,0.0000,851.39,0,0,0.0000,NOT_RUN,0,48,4560,0,7,354,10,0,0,0,0
141,0,1,0,NEGATIVE_PEAK,-5.8712,1.0000,-21,6,-11,0.0476,727.16,15.47,11.25,14.62,342.50,781.00,11.00,28.00,0.0000,856.74,0,0,0.0000,NOT_RUN,0,68,2032,0,7,354,21,0,0,0,0
142,0,1,0,NEGATIVE_PEAK,-4.7222,1.1000,-33,10,-8,0.3939,727.16,15.47,11.25,14.62,344.50,789.00,9.00,24.00,0.0000,863.00,0,0,0.0000,NOT_RUN,0,169,1610,0,7,354,33,0,0,0,0
143,0,1,0,NEGATIVE_PEAK,-4.4352,1.0400,-26,12,-7,0.1154,727.16,15.47,11.25,14.62,344.50,793.50,9.00,29.00,0.0000,867.04,0,0,0.0000,NOT_RUN,0,150,2266,0,7,354,26,0,0,0,0
144,0,1,0,NEGATIVE_PEAK,-4.4797,1.1176,-19,11,-11,0.2105,727.16,15.47,11.25,14.62,343.00,801.00,10.00,26.00,0.0000,874.43,0,0,0.0000,NOT_RUN,0,110,3017,0,7,354,19,0,0,0,0
145,0,1,0,NEGATIVE_PEAK,-3.7087,1.0000,-11,6,-16,0.3636,727.16,15.47,11.25,14.62,341.50,808.50,9.00,25.00,0.0000,881.83,0,0,0.0000,NOT_RUN,0,70,3235,0,7,354,11,0,0,0,0
146,0,1,0,NEGATIVE_PEAK,-3.6719,1.0000,-8,1,0,0.8750,727.16,15.47,11.25,14.62,338.00,816.00,8.00,26.00,0.0000,890.11,0,0,0.0000,NOT_RUN,0,56,3398,0,7,354,9,0,0,0,0
147,0,1,0,NEGATIVE_PEAK,-3.3817,1.0000,-12,5,-1,0.6667,727.16,15.47,11.25,14.62,335.00,824.00,8.00,26.00,0.0000,898.62,0,0,0.0000,NOT_RUN,0,100,2973,0,7,354,12,0,0,0,0
148,0,1,0,NEGATIVE_PEAK,-4.6577,1.0000,-15,5,-1,0.6667,727.16,15.47,11.25,14.62,332.50,831.50,7.00,25.00,0.0000,906.45,0,0,0.0000,NOT_RUN,0,85,1877,0,7,354,15,0,0,0,0
149,0,1,0,NEGATIVE_PEAK,-4.3298,1.0000,-11,9,25,0.0000,727.16,15.47,11.25,14.62,331.50,839.50,9.00,27.00,0.0000,914.10,0,0,0.0000,NOT_RUN,0,57,1391,0,7,354,11,0,0,0,0
150,0,1,1,ACCEPT,4.6732,1.1250,9,13,7,0.7778,731.62,18.64,11.25,14.62,333.00,846.00,10.00,28.00,0.0000,918.38,1,-5,1.3781,MAX_STEP,0,47,1682,539,7,354,9,0,0,0,0
151,0,1,0,NEGATIVE_PEAK,-4.8024,1.0526,-20,5,-1,0.7000,731.62,18.64,11.25,14.62,335.50,853.50,9.00,27.00,0.0000,924.07,0,0,0.0000,NOT_RUN,0,107,1533,0,7,354,20,0,0,0,0
152,0,1,0,NEGATIVE_PEAK,-3.9659,1.0000,-13,6,-9,0.2308,731.62,18.64,11.25,14.62,335.50,861.00,7.00,26.00,0.0000,930.85,0,0,0.0000,NOT_RUN,0,68,1652,0,7,354,13,0,0,0,0
153,0,1,0,NEGATIVE_PEAK,-4.6161,1.0000,-13,7,13,0.3077,731.62,18.64,11.25,14.62,336.00,865.00,8.00,28.00,0.0000,934.26,0,0,0.0000,NOT_RUN,0,69,1482,0,7,354,13,0,0,0,0
154,0,1,0,NEGATIVE_PEAK,-3.1767,1.0000,-8,0,-1,0.5000,731.62,18.64,11.25,14.62,334.50,873.50,9.00,27.00,0.0000,942.60,0,0,0.0000,NOT_RUN,0,53,1810,0,7,354,8,0,0,0,0
155,0,1,0,NEGATIVE_PEAK,-4.0012,1.0000,-16,3,-9,0.0625,731.62,18.64,11.25,14.62,332.50,881.50,7.00,27.00,0.0000,950.70,0,0,0.0000,NOT_RUN,0,106,752,0,7,354,16,0,0,0,0
156,0,1,0,NEGATIVE_PEAK,-4.6847,1.0000,-16,7,0,0.8750,731.62,18.64,11.25,14.62,331.00,885.50,8.00,27.00,0.0000,954.96,0,0,0.0000,NOT_RUN,0,79,405,0,7,354,16,0,0,0,0
157,0,1,0,NEGATIVE_PEAK,-3.0923,1.0000,-10,15,-5,0.4000,731.62,18.64,11.25,14.62,330.50,891.50,7.00,23.00,0.0000,960.62,0,0,0.0000,NOT_RUN,0,80,140,0,7,354,10,0,0,0,0
158,0,1,1,ACCEPT,4.3627,1.0000,13,3,-6,0.6154,732.66,15.92,10.82,14.06,331.00,896.50,8.00,25.00,0.0000,967.86,1,-1,2.6177,ACCEPT,0,57,454,1890,7,354,13,0,0,0,0
159,0,1,0,NEGATIVE_PEAK,-4.5003,1.0000,-19,5,28,0.2632,732.66,15.92,10.82,14.06,332.50,901.50,7.00,23.00,0.0000,971.79,0,0,0.0000,NOT_RUN,0,100,5472,0,7,354,19,0,0,0,0
160,0,1,1,ACCEPT,3.8572,1.0714,30,8,9,0.1333,735.41,19.86,10.82,14.06,335.00,907.50,8.00,23.00,0.0000,973.77,1,0,2.8877,ACCEPT,0,177,6150,223,7,354,30,0,0,0,0
161,0,1,0,NEGATIVE_PEAK,-5.3745,1.1053,-21,10,8,0.2857,735.41,19.86,10.82,14.06,336.50,909.50,9.00,21.00,0.0000,974.98,0,0,0.0000,NOT_RUN,0,77,7768,0,7,354,21,0,0,0,0
162,0,1,0,NEGATIVE_PEAK,-3.9986,1.0833,-13,11,3,0.4615,735.41,19.86,10.82,14.06,339.50,913.00,9.00,20.00,0.0000,976.96,0,0,0.0000,NOT_RUN,0,78,3428,0,7,354,13,0,0,0,0
163,0,1,1,ACCEPT,4.7457,1.0000,8,8,-11,0.5000,738.16,15.05,10.40,13.52,344.50,918.00,9.00,24.00,0.0000,985.03,1,-1,2.0698,ACCEPT,0,48,3084,216,7,354,8,0,0,0,0
164,0,1,1,ACCEPT,6.2966,1.0000,6,2,3,0.3333,738.81,16.31,10.40,13.52,349.50,920.50,9.00,23.00,0.0000,984.44,1,-1,1.7426,LOW_CONF,0,22,2903,140,7,354,6,0,0,0,0
165,0,1,0,NEGATIVE_PEAK,-3.7165,1.0000,-3,1,-6,0.0000,738.81,16.31,10.40,13.52,353.00,924.00,12.00,28.00,0.0000,986.28,0,0,0.0000,NOT_RUN,0,17,2569,0,7,354,3,0,0,0,0
166,0,1,0,NEGATIVE_PEAK,-2.5922,1.0000,-2,0,-2,0.5000,738.81,16.31,10.40,13.52,355.50,929.00,9.00,26.00,0.0000,989.91,0,0,0.0000,NOT_RUN,0,6,1711,0,7,354,3,0,0,0,0
167,0,1,0,NEGATIVE_PEAK,-5.7355,1.0000,-7,0,1,0.8571,738.81,16.31,10.40,13.52,355.50,933.00,11.00,22.00,0.0000,993.60,0,0,0.0000,NOT_RUN,0,25,1469,0,7,354,8,0,0,0,0
168,0,1,0,NEGATIVE_PEAK,-5.0839,1.0000,-9,3,1,0.8889,738.81,16.31,10.40,13.52,355.50,938.00,13.00,24.00,0.0000,998.22,0,0,0.0000,NOT_RUN,0,42,954,0,7,354,9,0,0,0,0
169,0,1,1,ACCEPT,5.6102,1.2000,6,12,20,0.8333,742.75,24.75,10.40,13.52,360.00,942.00,12.00,26.00,0.0000,993.90,1,-5,1.5877,MAX_STEP,0,25,912,480,7,354,6,0,0,0,0
170,0,1,0,NEGATIVE_PEAK,-5.6118,1.1111,-10,8,0,0.9000,742.75,24.75,10.40,13.52,365.00,945.50,10.00,23.00,0.0000,995.23,0,0,0.0000,NOT_RUN,0,37,404,0,7,354,10,0,0,0,0
171,0,1,0,NEGATIVE_PEAK,-5.1534,1.0000,-11,0,0,1.0000,742.75,24.75,10.40,13.52,370.00,947.50,8.00,23.00,0.0000,995.19,0,0,0.0000,NOT_RUN,0,42,526,0,7,354,11,0,0,0,0
172,0,1,0,NEGATIVE_PEAK,-2.8174,1.0000,-3,0,1,0.6667,742.75,24.75,10.40,13.52,373.00,950.00,12.00,24.00,0.0000,996.39,0,0,0.0000,NOT_RUN,0,23,793,0,7,354,4,0,0,0,0
173,0,1,0,NEGATIVE_PEAK,-6.4045,1.0000,-11,1,-1,0.6364,742.75,24.75,10.40,13.52,379.00,949.50,10.00,19.00,0.0000,993.72,0,0,0.0000,NOT_RUN,0,36,986,0,7,354,11,0,0,0,0
174,0,1,0,NEGATIVE_PEAK,-6.4591,1.0000,-13,4,-1,0.4615,742.75,24.75,10.40,13.52,386.50,955.00,9.00,22.00,0.0000,996.13,0,0,0.0000,NOT_RUN,0,38,791,0,7,354,13,0,0,0,0
175,0,1,1,ACCEPT,5.0162,1.0000,37,7,4,0.2432,745.05,26.44,10.40,13.52,394.00,954.00,12.00,28.00,0.0000,991.77,1,-4,1.4725,MAX_STEP,0,187,713,737,7,354,37,0,0,0,0
176,0,1,0,NEGATIVE_PEAK,-4.2359,1.0000,-8,1,31,0.3750,745.05,26.44,10.40,13.52,400.50,956.50,11.00,25.00,0.0000,991.83,0,0,0.0000,NOT_RUN,0,44,1495,0,7,354,8,0,0,0,0
177,0,1,1,ACCEPT,6.3982,1.0500,21,6,19,0.1429,747.02,34.45,10.40,13.52,404.00,958.00,12.00,26.00,0.0000,985.19,1,0,3.1748,ACCEPT,0,85,1663,393,7,354,21,0,0,0,0
178,0,1,1,ACCEPT,5.6132,1.0000,19,7,-3,0.3158,749.31,33.19,10.40,13.52,409.50,960.50,11.00,25.00,0.0000,987.61,1,0,3.1009,ACCEPT,0,86,2690,390,7,354,19,0,0,0,0
179,0,1,0,NEGATIVE_PEAK,-5.1076,1.0714,-15,6,-1,0.6667,749.31,33.19,10.40,13.52,413.50,963.00,11.00,26.00,0.0000,988.60,0,0,0.0000,NOT_RUN,0,53,3158,0,7,354,15,0,0,0,0
180,0,1,0,NEGATIVE_PEAK,-5.4101,1.1667,-14,4,-1,0.6429,749.31,33.19,10.40,13.52,416.50,966.00,9.00,24.00,0.0000,990.41,0,0,0.0000,NOT_RUN,0,53,1807,0,7,354,14,0,0,0,0
181,0,1,0,NEGATIVE_PEAK,-3.8922,1.0000,-9,7,3,0.3333,749.31,33.19,10.40,13.52,421.00,970.00,8.00,20.00,0.0000,992.68,0,0,0.0000,NOT_RUN,0,57,2057,0,7,354,9,0,0,0,0
182,0,1,0,NEGATIVE_PEAK,-3.9347,1.3333,-4,7,-9,0.5000,749.31,33.19,10.40,13.52,425.50,973.00,11.00,22.00,0.0000,994.03,0,0,0.0000,NOT_RUN,0,28,2496,0,7,354,4,0,0,0,0
183,0,1,0,NEGATIVE_PEAK,-4.9212,1.2500,-5,10,-10,0.6000,749.31,33.19,10.40,13.52,425.00,977.00,12.00,22.00,0.0000,997.98,0,0,0.0000,NOT_RUN,0,16,1648,0,7,354,5,0,0,0,0
184,0,1,0,NEGATIVE_PEAK,-3.2270,1.0000,-3,0,4,0.3333,749.31,33.19,10.40,13.52,426.00,979.50,12.00,23.00,0.0000,1000.02,0,0,0.0000,NOT_RUN,0,14,1176,0,7,354,4,0,0,0,0
185,0,1,0,NEGATIVE_PEAK,-5.0790,1.2000,-6,17,-1,0.6667,749.31,33.19,10.40,13.52,426.50,985.00,9.00,20.00,0.0000,1005.06,0,0,0.0000,NOT_RUN,0,25,888,0,7,354,6,0,0,0,0
186,0,1,0,NEGATIVE_PEAK,-3.8571,1.0000,-3,3,8,0.6667,749.31,33.19,10.40,13.52,425.50,988.50,13.00,23.00,0.0000,1008.70,0,0,0.0000,NOT_RUN,0,12,156,0,7,354,4,0,0,0,0
187,0,1,0,NEGATIVE_PEAK,-6.0322,1.1667,-7,17,0,0.7143,749.31,33.19,10.40,13.52,425.00,994.00,12.00,20.00,0.0000,1014.07,0,0,0.0000,NOT_RUN,0,15,193,0,7,354,8,0,0,0,0
188,0,1,0,NEGATIVE_PEAK,-3.8575,1.5000,-3,-23,0,0.3333,749.31,33.19,10.40,13.52,426.50,998.00,13.00,24.00,0.0000,1017.38,0,0,0.0000,NOT_RUN,0,18,312,0,7,354,4,0,0,0,0
189,0,1,0,NEGATIVE_PEAK,-4.2770,1.0000,-3,0,-1,0.6667,749.31,33.19,10.40,13.52,425.00,1002.50,14.00,21.00,0.0000,1022.13,0,0,0.0000,NOT_RUN,0,8,326,0,7,354,4,0,0,0,0
190,0,1,0,NEGATIVE_PEAK,-7.1439,1.0000,-12,1,-1,0.6667,749.31,33.19,10.40,13.52,425.50,1006.00,11.00,20.00,0.0000,1025.29,0,0,0.0000,NOT_RUN,0,28,852,0,7,354,12,0,0,0,0
191,0,1,0,NEGATIVE_PEAK,-6.0166,1.0000,-7,1,-1,0.7143,749.31,33.19,10.40,13.52,430.00,1012.50,14.00,23.00,0.0000,1030.06,0,0,0.0000,NOT_RUN,0,21,548,0,7,354,7,0,0,0,0
192,0,1,0,NEGATIVE_PEAK,-3.7830,1.5000,-3,-2,1,0.6667,749.31,33.19,10.40,13.52,433.00,1016.00,12.00,20.00,0.0000,1032.46,0,0,0.0000,NOT_RUN,0,17,248,0,7,354,4,0,0,0,0
193,0,1,0,NEGATIVE_PEAK,-5.7235,1.2500,-5,17,-1,0.6000,749.31,33.19,10.40,13.52,435.50,1020.50,13.00,21.00,0.0000,1035.98,0,0,0.0000,NOT_RUN,0,12,309,0,7,354,5,0,0,0,0
194,0,1,0,NEGATIVE_PEAK,-3.0218,1.0000,-3,0,1,0.6667,749.31,33.19,10.40,13.52,438.00,1027.00,12.00,24.00,0.0000,1041.43,0,0,0.0000,NOT_RUN,0,20,339,0,7,354,4,0,0,0,0
195,0,1,0,NEGATIVE_PEAK,-4.7229,1.0000,-4,0,-1,0.7500,749.31,33.19,10.40,13.52,442.50,1031.50,11.00,23.00,0.0000,1044.40,0,0,0.0000,NOT_RUN,0,15,170,0,7,354,4,0,0,0,0
196,0,1,1,ACCEPT,6.0516,1.2000,6,2,-2,0.1667,749.97,32.34,10.40,13.52,446.00,1034.50,12.00,21.00,0.0000,1047.24,1,0,3.0571,ACCEPT,0,21,719,939,7,354,6,0,0,0,0
197,0,1,0,NEGATIVE_PEAK,-4.4656,1.1667,-7,1,-1,0.8571,749.97,32.34,10.40,13.52,449.00,1039.00,10.00,20.00,0.0000,1050.69,0,0,0.0000,NOT_RUN,0,37,376,0,7,354,8,0,0,0,0
198,0,1,1,ACCEPT,6.1280,1.2000,6,8,1,0.3333,752.59,32.77,10.40,13.52,450.50,1045.50,13.00,21.00,0.0000,1056.83,1,0,3.5507,ACCEPT,0,34,296,2123,7,354,6,0,0,0,0
199,0,1,1,ACCEPT,5.3409,1.0698,46,7,17,0.2826,754.89,39.94,10.40,13.52,451.50,1051.50,11.00,19.00,0.0000,1056.08,1,0,3.3819,ACCEPT,0,221,1764,550,7,354,46,0,0,0,0
200,0,1,1,ACCEPT,6.5824,1.0286,36,6,1,0.5833,756.86,40.36,10.40,13.52,452.50,1056.00,13.00,16.00,0.0000,1060.26,1,-12,0.9501,MAX_STEP,0,107,1043,1160,7,354,36,0,0,0,0
201,0,1,0,NEGATIVE_PEAK,-4.5142,1.1111,-20,7,-5,0.1500,756.86,40.36,10.40,13.52,453.00,1061.50,14.00,21.00,0.0000,1065.39,0,0,0.0000,NOT_RUN,0,100,2239,0,7,354,20,0,0,0,0
202,0,1,1,ACCEPT,5.8970,1.0000,25,9,1,0.4800,759.81,40.78,10.40,13.52,453.00,1067.00,12.00,22.00,0.0000,1071.10,1,-4,2.0583,MAX_STEP,0,132,1442,676,7,354,25,0,0,0,0
203,0,1,0,NEGATIVE_PEAK,-4.3486,1.0000,-20,5,-1,0.5000,759.81,40.78,10.40,13.52,451.50,1074.50,11.00,21.00,0.0000,1078.72,0,0,0.0000,NOT_RUN,0,77,1540,0,7,354,20,0,0,0,0
204,0,1,1,ACCEPT,3.8786,1.0385,27,11,6,0.3704,763.42,43.31,10.40,13.52,453.50,1079.50,13.00,21.00,0.0000,1081.54,1,0,3.2739,ACCEPT,0,155,2973,383,7,354,27,0,0,0,0
205,0,1,0,NEGATIVE_PEAK,-6.5688,1.1034,-32,10,9,0.0938,763.42,43.31,10.40,13.52,454.00,1084.50,12.00,21.00,0.0000,1086.19,0,0,0.0000,NOT_RUN,0,114,2545,0,7,354,32,0,0,0,0
206,0,1,0,NEGATIVE_PEAK,-5.2444,1.0500,-21,7,-6,0.3333,763.42,43.31,10.40,13.52,456.50,1089.00,11.00,18.00,0.0000,1089.80,0,0,0.0000,NOT_RUN,0,97,2158,0,7,354,21,0,0,0,0
207,0,1,1,ACCEPT,6.4713,1.0714,15,7,-3,0.0000,765.72,42.05,10.40,13.52,456.50,1093.50,11.00,19.00,0.0000,1095.98,1,0,3.4327,ACCEPT,0,58,948,1009,7,354,15,0,0,0,0
208,0,1,1,ACCEPT,5.5432,1.0000,11,3,-4,0.5455,766.70,40.36,10.40,13.52,458.00,1095.50,12.00,19.00,0.0000,1099.37,1,0,2.8845,ACCEPT,0,38,1723,700,7,354,11,0,0,0,0
209,0,1,0,NEGATIVE_PEAK,-7.7621,1.0606,-70,7,1,0.7857,766.70,40.36,10.40,13.52,462.00,1096.00,10.00,18.00,0.0000,1098.74,0,0,0.0000,NOT_RUN,0,185,2017,0,7,354,70,0,0,0,0
210,0,1,1,ACCEPT,5.7411,1.0645,33,8,1,0.7273,769.33,40.78,10.40,13.52,466.50,1099.50,11.00,21.00,0.0000,1101.18,1,0,3.2704,ACCEPT,0,151,302,2720,7,354,33,0,0,0,0
211,0,1,1,ACCEPT,5.4751,1.0714,15,7,3,0.3333,771.62,42.05,10.40,13.52,470.00,1100.50,12.00,21.00,0.0000,1100.59,1,-6,1.0540,MAX_STEP,0,69,196,3675,7,354,15,0,0,0,0
212,0,1,0,NEGATIVE_PEAK,-5.8265,1.0238,-43,6,1,0.7442,771.62,42.05,10.40,13.52,473.00,1102.00,14.00,20.00,0.0000,1101.22,0,0,0.0000,NOT_RUN,0,172,800,0,7,354,43,0,0,0,0
213,0,1,1,ACCEPT,4.9026,1.0000,16,4,15,0.3125,772.94,48.38,10.40,13.52,473.50,1104.50,11.00,21.00,0.0000,1097.75,1,-6,1.1755,MAX_STEP,0,72,1048,865,7,354,16,0,0,0,0
214,0,1,1,ACCEPT,5.5394,1.0238,43,6,1,0.7209,774.91,48.80,9.62,12.50,473.00,1106.50,12.00,21.00,0.0000,1099.95,1,-2,2.3182,ACCEPT,0,219,1019,700,7,354,43,0,0,0,0
215,0,1,1,ACCEPT,4.6000,1.0000,20,6,19,0.2000,776.69,56.22,9.62,12.50,470.00,1110.00,12.00,20.00,0.0000,1097.50,1,0,3.4282,ACCEPT,0,101,884,670,7,354,20,0,0,0,0
216,0,1,0,NEGATIVE_PEAK,-4.9975,1.0000,-30,5,1,0.8000,776.69,56.22,9.62,12.50,466.00,1115.00,12.00,22.00,0.0000,1103.42,0,0,0.0000,NOT_RUN,0,130,784,0,7,354,30,0,0,0,0
217,0,1,1,ACCEPT,4.5719,1.1111,20,5,1,0.6000,778.17,56.61,9.25,12.02,461.50,1120.00,11.00,22.00,0.0000,1109.54,1,-1,2.1764,ACCEPT,0,116,1250,632,7,354,20,0,0,0,0
218,0,1,0,NEGATIVE_PEAK,-4.3474,1.0000,-10,10,-5,0.2000,778.17,56.61,9.25,12.02,457.00,1125.00,12.00,22.00,0.0000,1115.62,0,0,0.0000,NOT_RUN,0,62,604,0,7,354,10,0,0,0,0
219,0,1,0,NEGATIVE_PEAK,-5.8875,1.1250,-9,13,-1,0.7778,778.17,56.61,9.25,12.02,451.50,1130.50,11.00,25.00,0.0000,1122.48,0,0,0.0000,NOT_RUN,0,31,1053,0,7,354,9,0,0,0,0
220,0,1,1,ACCEPT,5.3105,1.0000,9,4,20,0.5556,779.30,64.11,9.25,12.02,448.00,1134.50,10.00,21.00,0.0000,1120.49,1,0,3.2180,ACCEPT,0,37,1798,463,7,354,9,0,0,0,0
221,0,1,0,NEGATIVE_PEAK,-4.9254,1.1176,-19,7,-6,0.3158,779.30,64.11,9.25,12.02,442.00,1141.50,10.00,21.00,0.0000,1128.96,0,0,0.0000,NOT_RUN,0,92,488,0,7,354,19,0,0,0,0
222,0,1,1,ACCEPT,8.5119,1.0722,104,7,2,0.2500,781.27,64.86,9.25,12.02,431.50,1149.50,9.00,21.00,0.0000,1139.64,1,0,2.9752,ACCEPT,0,232,592,1260,7,354,104,0,0,0,0
223,0,1,1,ACCEPT,5.4511,1.3333,4,6,-4,0.7500,782.95,63.36,9.25,12.02,418.50,1159.00,9.00,22.00,0.0000,1154.67,1,0,2.3395,ACCEPT,0,17,357,2385,7,354,4,0,0,0,0
224,0,1,0,NEGATIVE_PEAK,-4.6673,1.0000,-18,3,5,0.5556,782.95,63.36,9.25,12.02,406.50,1169.00,9.00,22.00,0.0000,1167.97,0,0,0.0000,NOT_RUN,0,90,500,0,7,354,18,0,0,0,0
225,0,1,0,NEGATIVE_PEAK,-4.8582,1.0357,-29,5,5,0.5517,782.95,63.36,9.25,12.02,396.50,1176.50,9.00,25.00,0.0000,1178.32,0,0,0.0000,NOT_RUN,0,120,181,0,7,354,29,0,0,0,0
226,0,1,0,NEGATIVE_PEAK,-6.0709,1.0606,-35,4,1,0.6857,782.95,63.36,9.25,12.02,387.00,1186.50,8.00,23.00,0.0000,1190.89,0,0,0.0000,NOT_RUN,0,110,995,0,7,354,35,0,0,0,0
227,0,1,0,NEGATIVE_PEAK,-3.8555,1.0968,-34,9,-8,0.2647,782.95,63.36,9.25,12.02,378.50,1195.00,9.00,22.00,0.0000,1201.75,0,0,0.0000,NOT_RUN,0,233,1387,0,7,354,34,0,0,0,0
228,0,1,0,NEGATIVE_PEAK,-5.0019,1.0256,-40,7,-7,0.1500,782.95,63.36,9.25,12.02,369.50,1203.50,9.00,23.00,0.0000,1212.79,0,0,0.0000,NOT_RUN,0,202,1841,0,7,354,40,0,0,0,0
229,0,1,0,NEGATIVE_PEAK,-4.3361,1.0392,-53,4,-1,0.7358,782.95,63.36,9.25,12.02,359.00,1212.50,8.00,21.00,0.0000,1224.85,0,0,0.0000,NOT_RUN,0,251,2222,0,7,354,53,0,0,0,0
230,0,1,1,ACCEPT,4.5746,1.0968,34,9,-3,0.2059,785.48,62.23,9.25,12.02,350.00,1221.50,8.00,23.00,0.0000,1238.36,1,0,3.3052,ACCEPT,0,157,2835,462,7,354,34,0,0,0,0
231,0,1,1,ACCEPT,5.2937,1.0000,17,3,7,0.2353,786.33,64.86,8.89,11.56,342.00,1230.00,8.00,22.00,0.0000,1246.99,1,-1,2.1755,ACCEPT,0,64,1560,677,7,354,17,0,0,0,0
232,0,1,1,ACCEPT,5.2631,1.1000,11,5,9,0.2727,787.73,68.09,8.55,11.11,333.50,1237.00,7.00,20.00,0.0000,1254.06,1,-1,2.6048,ACCEPT,0,43,281,3607,7,354,11,0,0,0,0
233,0,1,1,ACCEPT,4.2136,1.0333,31,6,3,0.0323,789.33,69.12,8.55,11.11,327.00,1243.50,6.00,23.00,0.0000,1262.10,1,0,3.3163,ACCEPT,0,196,264,2902,7,354,31,0,0,0,0
234,0,1,0,NEGATIVE_PEAK,-7.3697,1.0370,-28,5,-12,0.0714,789.33,69.12,8.55,11.11,323.50,1249.50,7.00,21.00,0.0000,1268.97,0,0,0.0000,NOT_RUN,0,79,225,0,7,354,28,0,0,0,0
235,0,1,0,NEGATIVE_PEAK,-4.8101,1.1429,-8,6,-5,0.1250,789.33,69.12,8.55,11.11,319.00,1254.00,6.00,22.00,0.0000,1274.81,0,0,0.0000,NOT_RUN,0,35,148,0,7,354,8,0,0,0,0
236,0,1,0,NEGATIVE_PEAK,-7.3170,1.0556,-19,6,-13,0.2105,789.33,69.12,8.55,11.11,317.00,1259.00,6.00,22.00,0.0000,1280.19,0,0,0.0000,NOT_RUN,0,51,486,0,7,354,19,0,0,0,0
237,0,1,0,NEGATIVE_PEAK,-6.5468,1.0000,-21,5,3,0.0952,789.33,69.12,8.55,11.11,314.00,1262.00,6.00,18.00,0.0000,1284.09,0,0,0.0000,NOT_RUN,0,60,343,0,7,354,21,0,0,0,0
238,0,1,0,NEGATIVE_PEAK,-3.7894,1.0000,-8,1,-1,0.8750,789.33,69.12,8.55,11.11,310.50,1265.50,5.00,19.00,0.0000,1288.64,0,0,0.0000,NOT_RUN,0,41,629,0,7,354,9,0,0,0,0
239,0,1,1,ACCEPT,4.3387,1.0455,23,7,-5,0.4348,791.19,67.41,8.55,11.11,305.50,1268.00,5.00,22.00,0.0000,1295.11,1,0,3.1402,ACCEPT,0,128,1280,1287,7,354,23,0,0,0,0
240,0,1,1,ACCEPT,4.4070,1.0000,7,3,-8,0.7143,791.98,64.66,8.55,11.11,296.50,1268.50,5.00,21.00,0.0000,1301.82,1,-7,0.8265,MAX_STEP,0,34,1430,844,7,354,7,0,0,0,0
241,0,1,1,ACCEPT,4.9675,1.0000,12,2,10,0.6667,792.52,68.09,8.55,11.11,284.50,1269.00,5.00,20.00,0.0000,1303.94,1,-7,1.1073,MAX_STEP,0,40,472,1588,7,354,12,0,0,0,0
242,0,1,0,NEGATIVE_PEAK,-6.3162,1.0952,-23,7,-10,0.1304,792.52,68.09,8.55,11.11,269.00,1268.50,6.00,21.00,0.0000,1309.60,0,0,0.0000,NOT_RUN,0,79,3660,0,7,354,23,0,0,0,0
243,0,1,0,NEGATIVE_PEAK,-5.1903,1.0000,-17,5,-8,0.3529,792.52,68.09,8.55,11.11,251.00,1265.50,6.00,19.00,0.0000,1314.16,0,0,0.0000,NOT_RUN,0,62,1463,0,7,354,17,0,0,0,0
244,0,1,1,ACCEPT,4.5870,1.0645,33,6,-14,0.3636,794.11,63.28,8.55,11.11,231.00,1264.00,6.00,18.00,0.0000,1326.20,1,0,3.2519,ACCEPT,0,179,2408,310,7,354,33,0,0,0,0
245,0,1,0,NEGATIVE_PEAK,-4.4615,1.0000,-9,2,5,0.1111,794.11,63.28,8.55,11.11,211.00,1260.50,6.00,19.00,0.0000,1331.67,0,0,0.0000,NOT_RUN,0,37,1057,0,7,354,9,0,0,0,0
246,0,1,0,NEGATIVE_PEAK,-6.8949,1.0312,-33,4,5,0.2727,794.11,63.28,8.55,11.11,194.00,1257.50,6.00,19.00,0.0000,1336.52,0,0,0.0000,NOT_RUN,0,99,1396,0,7,354,33,0,0,0,0
247,0,1,1,ACCEPT,7.7820,1.0918,107,6,5,0.4019,795.70,65.00,8.55,11.11,179.00,1253.50,6.00,19.00,0.0000,1338.98,1,0,3.0798,ACCEPT,0,303,1686,413,7,354,107,0,0,0,0
248,0,1,1,ACCEPT,5.4619,1.0741,29,7,5,0.4138,797.56,66.72,8.55,11.11,163.50,1251.00,7.00,20.00,0.0000,1343.34,1,0,3.2785,ACCEPT,0,140,3429,254,7,354,29,0,0,0,0
249,0,1,0,NEGATIVE_PEAK,-3.5505,1.0000,-5,1,-9,0.4000,797.56,66.72,8.55,11.11,147.00,1246.50,8.00,19.00,0.0000,1347.26,0,0,0.0000,NOT_RUN,0,34,1819,0,7,354,5,0,0,0,0
250,0,1,0,NEGATIVE_PEAK,-6.5077,1.0556,-19,5,20,0.2105,797.56,66.72,8.55,11.11,131.00,1241.50,8.00,17.00,0.0000,1350.71,0,0,0.0000,NOT_RUN,0,70,2807,0,7,354,19,0,0,0,0
251,0,1,0,NEGATIVE_PEAK,-4.0757,1.0000,-6,1,26,0.1667,797.56,66.72,8.55,11.11,116.50,1236.50,9.00,15.00,0.0000,1353.60,0,0,0.0000,NOT_RUN,0,28,7152,0,7,354,6,0,0,0,0
252,0,1,1,ACCEPT,5.6399,1.0000,8,2,5,0.6250,798.09,68.44,8.55,11.11,102.50,1231.50,11.00,19.00,0.0000,1355.20,1,0,3.1588,ACCEPT,0,31,8348,138,7,354,8,0,0,0,0
253,0,1,1,ACCEPT,7.3221,1.0714,15,4,12,0.2667,799.16,72.56,8.55,11.11,88.00,1225.50,10.00,15.00,0.0000,1354.62,1,0,3.3124,ACCEPT,0,43,15694,90,7,354,15,0,0,0,0
254,0,1,1,ACCEPT,7.6900,1.0000,14,3,9,0.2143,799.95,75.66,8.55,11.11,73.50,1219.50,15.00,17.00,0.0000,1355.03,1,0,3.0611,ACCEPT,0,34,26603,57,7,354,14,0,0,0,0
255,0,1,0,NEGATIVE_PEAK,-9.0349,1.1000,-33,5,14,0.0909,799.95,75.66,8.55,11.11,61.50,1213.50,11.00,15.00,0.0000,1356.47,0,0,0.0000,NOT_RUN,0,70,23126,0,7,354,33,0,0,0,0
256,0,1,1,ACCEPT,5.8950,1.0278,37,4,12,0.0541,801.02,79.78,8.55,11.11,55.00,1206.50,12.00,15.00,0.0000,1351.31,1,-5,0.9429,MAX_STEP,0,132,17354,49,7,354,37,0,0,0,0
257,0,1,0,NEGATIVE_PEAK,-5.2861,1.0000,-6,0,1,0.6667,801.02,79.78,8.55,11.11,50.00,1199.50,10.00,15.00,0.0000,1348.26,0,0,0.0000,NOT_RUN,0,22,14925,0,7,354,7,0,0,0,0
258,0,1,0,NEGATIVE_PEAK,-4.3193,1.0000,-7,1,-2,0.1429,801.02,79.78,8.55,11.11,45.50,1194.00,11.00,16.00,0.0000,1346.21,0,0,0.0000,NOT_RUN,0,33,12328,0,7,354,7,0,0,0,0
259,0,1,0,NEGATIVE_PEAK,-5.0912,1.0000,-7,1,-2,0.0000,801.02,79.78,8.55,11.11,44.50,1186.50,13.00,15.00,0.0000,1340.58,0,0,0.0000,NOT_RUN,0,29,11921,0,7,354,7,0,0,0,0
260,0,1,0,NEGATIVE_PEAK,-4.9637,1.2000,-6,1,-2,0.3333,801.02,79.78,8.55,11.11,42.00,1180.50,14.00,15.00,0.0000,1337.04,0,0,0.0000,NOT_RUN,0,26,10508,0,7,354,6,0,0,0,0
261,0,1,0,NEGATIVE_PEAK,-5.0835,1.2500,-5,1,-1,0.6000,801.02,79.78,8.55,11.11,44.50,1175.50,15.00,17.00,0.0000,1331.51,0,0,0.0000,NOT_RUN,0,11,9054,0,7,354,5,0,0,0,0
262,0,1,0,NEGATIVE_PEAK,-4.4201,1.0000,-4,0,-2,0.5000,801.02,79.78,8.55,11.11,47.50,1170.50,15.00,17.00,0.0000,1325.69,0,0,0.0000,NOT_RUN,0,11,8976,0,7,354,4,0,0,0,0
263,0,1,0,NEGATIVE_PEAK,-5.4237,1.0000,-6,1,8,0.5000,801.02,79.78,8.55,11.11,49.00,1164.50,12.00,13.00,0.0000,1319.90,0,0,0.0000,NOT_RUN,0,20,7364,0,7,354,6,0,0,0,0
264,0,1,0,NEGATIVE_PEAK,-5.9814,1.1429,-8,3,8,0.5000,801.02,79.78,8.55,11.11,49.50,1158.50,13.00,13.00,0.0000,1314.69,0,0,0.0000,NOT_RUN,0,28,5159,0,7,354,8,0,0,0,0
265,0,1,0,NEGATIVE_PEAK,-5.4587,1.0000,-6,2,8,0.6667,801.02,79.78,8.55,11.11,49.50,1152.00,13.00,12.00,0.0000,1309.36,0,0,0.0000,NOT_RUN,0,22,4711,0,7,354,6,0,0,0,0
266,0,1,0,NEGATIVE_PEAK,-5.5166,1.2000,-6,5,8,0.6667,801.02,79.78,8.55,11.11,54.00,1145.00,12.00,12.00,0.0000,1301.05,0,0,0.0000,NOT_RUN,0,22,4120,0,7,354,6,0,0,0,0
267,0,1,0,NEGATIVE_PEAK,-5.5070,1.0000,-7,1,-2,0.0000,801.02,79.78,8.55,11.11,57.00,1140.50,12.00,13.00,0.0000,1295.64,0,0,0.0000,NOT_RUN,0,20,5189,0,7,354,7,0,0,0,0
268,0,1,0,NEGATIVE_PEAK,-4.0392,1.0000,-4,1,6,0.2500,801.02,79.78,8.55,11.11,59.00,1134.50,12.00,13.00,0.0000,1289.58,0,0,0.0000,NOT_RUN,0,14,4744,0,7,354,4,0,0,0,0
269,0,1,0,NEGATIVE_PEAK,-3.8999,1.0000,-4,1,-11,0.2500,801.02,79.78,8.55,11.11,63.00,1128.50,12.00,13.00,0.0000,1282.37,0,0,0.0000,NOT_RUN,0,18,2578,0,7,354,4,0,0,0,0
270,0,1,0,NEGATIVE_PEAK,-4.6289,1.0000,-6,0,2,0.1667,801.02,79.78,8.55,11.11,70.50,1123.00,17.00,12.00,0.0000,1273.56,0,0,0.0000,NOT_RUN,0,23,3315,0,7,354,6,0,0,0,0
271,0,1,0,NEGATIVE_PEAK,-6.7061,1.0000,-8,3,9,0.5000,801.02,79.78,8.55,11.11,76.50,1120.00,13.00,16.00,0.0000,1267.67,0,0,0.0000,NOT_RUN,0,20,801,0,7,354,8,0,0,0,0
272,0,1,0,NEGATIVE_PEAK,-4.8855,1.0000,-5,0,-2,0.6000,801.02,79.78,8.55,11.11,81.50,1115.50,15.00,15.00,0.0000,1261.12,0,0,0.0000,NOT_RUN,0,17,979,0,7,354,5,0,0,0,0
273,0,1,0,NEGATIVE_PEAK,-5.6294,1.0000,-8,1,-2,0.0000,801.02,79.78,8.55,11.11,82.50,1110.50,11.00,11.00,0.0000,1256.44,0,0,0.0000,NOT_RUN,0,23,3152,0,7,354,8,0,0,0,0
274,0,1,0,NEGATIVE_PEAK,-4.7726,1.1250,-9,2,-2,0.0000,801.02,79.78,8.55,11.11,90.50,1108.00,11.00,12.00,0.0000,1249.83,0,0,0.0000,NOT_RUN,0,47,1187,0,7,354,9,0,0,0,0
275,0,1,0,NEGATIVE_PEAK,-6.4275,1.1667,-7,5,3,0.4286,801.02,79.78,8.55,11.11,102.50,1107.00,11.00,12.00,0.0000,1242.22,0,0,0.0000,NOT_RUN,0,21,698,0,7,354,7,0,0,0,0
276,0,1,0,NEGATIVE_PEAK,-4.7689,1.0000,-5,1,3,0.0000,801.02,79.78,8.55,11.11,114.00,1106.00,12.00,16.00,0.0000,1234.96,0,0,0.0000,NOT_RUN,0,18,4155,0,7,354,5,0,0,0,0
277,0,1,0,NEGATIVE_PEAK,-7.1014,1.1111,-10,3,3,0.1000,801.02,79.78,8.55,11.11,121.00,1104.50,14.00,13.00,0.0000,1229.83,0,0,0.0000,NOT_RUN,0,30,2693,0,7,354,10,0,0,0,0
278,0,1,1,ACCEPT,5.8795,1.2222,11,5,9,0.0909,802.34,82.88,8.55,11.11,124.00,1101.00,14.00,14.00,0.0000,1223.41,1,-6,1.4740,MAX_STEP,0,39,7873,100,7,354,11,0,0,0,0
279,0,1,1,ACCEPT,5.2929,1.1000,11,5,5,0.1818,803.67,84.59,8.55,11.11,125.50,1098.50,15.00,15.00,0.0000,1219.80,1,0,3.1805,ACCEPT,0,38,12188,91,7,354,11,0,0,0,0
280,0,1,0,NEGATIVE_PEAK,-5.6395,1.0000,-14,2,-12,0.4286,803.67,84.59,8.55,11.11,129.00,1096.00,14.00,14.00,0.0000,1215.78,0,0,0.0000,NOT_RUN,0,48,11572,0,7,354,14,0,0,0,0
281,0,1,0,NEGATIVE_PEAK,-4.7872,1.0000,-12,0,0,1.0000,803.67,84.59,8.55,11.11,134.00,1094.50,14.00,15.00,0.0000,1211.76,0,0,0.0000,NOT_RUN,0,38,10970,0,7,354,13,0,0,0,0
282,0,1,1,ACCEPT,5.7069,1.0000,11,1,11,0.8182,803.94,88.38,8.55,11.11,139.50,1093.50,15.00,15.00,0.0000,1204.89,1,0,3.3737,ACCEPT,0,32,12513,71,7,354,11,0,0,0,0
283,0,1,0,NEGATIVE_PEAK,-4.5222,1.0000,-5,5,20,0.8000,803.94,88.38,8.55,11.11,144.00,1090.50,14.00,15.00,0.0000,1199.91,0,0,0.0000,NOT_RUN,0,17,17376,0,7,354,6,0,0,0,0
284,0,1,1,ACCEPT,7.9223,1.1429,8,5,2,0.0000,805.27,89.06,8.55,11.11,150.50,1088.00,13.00,14.00,0.0000,1194.40,1,0,3.2777,ACCEPT,0,20,16698,65,7,354,8,0,0,0,0
285,0,1,1,ACCEPT,5.9630,1.0000,19,3,9,0.3158,806.06,92.16,8.55,11.11,157.00,1086.00,14.00,14.00,0.0000,1187.02,1,0,3.2758,ACCEPT,0,74,7959,214,7,354,19,0,0,0,0
286,0,1,0,NEGATIVE_PEAK,-6.9897,1.0980,-56,5,-5,0.0714,806.06,92.16,8.55,11.11,165.50,1083.50,15.00,15.00,0.0000,1180.29,0,0,0.0000,NOT_RUN,0,139,14496,0,7,354,56,0,0,0,0
287,0,1,1,ACCEPT,5.1781,1.1111,10,4,-10,0.2000,807.12,88.72,8.55,11.11,173.50,1078.50,15.00,15.00,0.0000,1175.22,1,0,3.2785,ACCEPT,0,47,11235,87,7,354,10,0,0,0,0
288,0,1,0,NEGATIVE_PEAK,-5.0522,1.1250,-9,5,13,0.1111,807.12,88.72,8.55,11.11,179.00,1074.50,14.00,15.00,0.0000,1168.89,0,0,0.0000,NOT_RUN,0,32,12095,0,7,354,9,0,0,0,0
289,0,1,0,NEGATIVE_PEAK,-4.6120,1.0000,-15,1,-1,0.9333,807.12,88.72,8.55,11.11,179.50,1067.50,13.00,15.00,0.0000,1162.72,0,0,0.0000,NOT_RUN,0,65,9431,0,7,354,16,0,0,0,0
290,0,1,1,ACCEPT,6.1928,1.0588,18,4,7,0.4444,808.19,91.12,8.55,11.11,174.50,1060.50,13.00,15.00,0.0000,1158.12,1,0,3.2927,ACCEPT,0,59,5732,232,7,354,18,0,0,0,0
291,0,1,0,NEGATIVE_PEAK,-4.0953,1.0000,-9,3,9,0.5556,808.19,91.12,8.55,11.11,168.50,1053.00,17.00,20.00,0.0000,1155.16,0,0,0.0000,NOT_RUN,0,40,3928,0,7,354,9,0,0,0,0
292,0,1,1,ACCEPT,7.2992,1.0417,25,3,1,0.7200,808.98,91.47,8.55,11.11,166.00,1041.50,14.00,15.00,0.0000,1147.17,1,0,3.2304,ACCEPT,0,66,165,4645,7,354,25,0,0,0,0
293,0,1,1,ACCEPT,6.1560,1.0714,15,3,-2,0.4667,809.78,90.78,8.55,11.11,168.50,1031.00,13.00,16.00,0.0000,1138.09,1,0,3.2368,ACCEPT,0,62,805,1492,7,354,15,0,0,0,0
294,0,1,0,NEGATIVE_PEAK,-4.8049,1.0000,-15,1,12,0.4667,809.78,90.78,8.55,11.11,170.50,1019.00,13.00,16.00,0.0000,1127.06,0,0,0.0000,NOT_RUN,0,63,469,0,7,354,15,0,0,0,0
295,0,1,1,ACCEPT,4.8757,1.1000,11,2,14,0.4545,810.31,95.59,8.22,10.69,173.00,1008.50,14.00,17.00,0.0000,1113.36,1,-1,2.6207,ACCEPT,0,44,2202,463,7,354,11,0,0,0,0
296,0,1,0,NEGATIVE_PEAK,-4.7601,1.0909,-24,4,0,0.9583,810.31,95.59,8.22,10.69,178.50,996.00,13.00,16.00,0.0000,1099.96,0,0,0.0000,NOT_RUN,0,99,7148,0,7,354,24,0,0,0,0
297,0,1,1,ACCEPT,4.9294,1.0000,12,1,24,0.7500,810.56,103.47,7.90,10.27,183.50,984.50,13.00,17.00,0.0000,1081.40,1,-1,2.3512,ACCEPT,0,54,6955,163,7,354,12,0,0,0,0
298,0,1,0,NEGATIVE_PEAK,-4.2332,1.0769,-14,2,-13,0.6429,810.56,103.47,7.90,10.27,191.00,972.50,12.00,17.00,0.0000,1067.27,0,0,0.0000,NOT_RUN,0,90,4471,0,7,354,14,0,0,0,0
299,0,1,0,NEGATIVE_PEAK,-6.1211,1.0417,-25,2,14,0.0400,810.56,103.47,7.90,10.27,197.50,959.00,13.00,18.00,0.0000,1052.51,0,0,0.0000,NOT_RUN,0,91,6895,0,7,354,25,0,0,0,0
300,0,1,1,ACCEPT,5.1760,1.0000,15,1,-7,0.5333,810.81,101.17,7.90,10.27,203.00,945.50,14.00,23.00,0.0000,1040.35,1,0,3.2461,ACCEPT,0,71,4285,208,7,354,15,0,0,0,0
301,0,1,0,NEGATIVE_PEAK,-4.3111,1.0526,-20,1,5,0.2000,810.81,101.17,7.90,10.27,208.50,930.50,13.00,17.00,0.0000,1024.97,0,0,0.0000,NOT_RUN,0,106,4008,0,7,354,20,0,0,0,0
302,0,1,0,NEGATIVE_PEAK,-6.4875,1.0870,-25,6,9,0.4400,810.81,101.17,7.90,10.27,213.50,915.00,13.00,18.00,0.0000,1009.50,0,0,0.0000,NOT_RUN,0,90,4498,0,7,354,25,0,0,0,0
303,0,1,0,NEGATIVE_PEAK,-4.3867,1.0714,-15,4,-5,0.4667,810.81,101.17,7.90,10.27,218.00,900.50,12.00,17.00,0.0000,995.16,0,0,0.0000,NOT_RUN,0,69,2468,0,7,354,15,0,0,0,0
304,0,1,0,NEGATIVE_PEAK,-6.6246,1.0323,-32,1,8,0.1875,810.81,101.17,7.90,10.27,221.50,884.50,13.00,17.00,0.0000,980.25,0,0,0.0000,NOT_RUN,0,100,3203,0,7,354,32,0,0,0,0
305,0,1,0,NEGATIVE_PEAK,-4.7579,1.0000,-5,0,-5,0.2000,810.81,101.17,7.90,10.27,225.00,869.50,14.00,17.00,0.0000,966.18,0,0,0.0000,NOT_RUN,0,19,2935,0,7,354,5,0,0,0,0
306,0,1,0,NEGATIVE_PEAK,-5.1477,1.1667,-7,2,14,0.1429,810.81,101.17,7.90,10.27,227.50,854.00,15.00,18.00,0.0000,952.37,0,0,0.0000,NOT_RUN,0,29,4931,0,7,354,7,0,0,0,0
307,0,1,0,NEGATIVE_PEAK,-8.4208,1.0000,-24,1,9,0.1250,810.81,101.17,7.90,10.27,232.00,839.00,14.00,18.00,0.0000,937.77,0,0,0.0000,NOT_RUN,0,46,5921,0,7,354,24,0,0,0,0
308,0,1,0,NEGATIVE_PEAK,-5.5714,1.0294,-35,2,-2,0.5429,810.81,101.17,7.90,10.27,236.00,823.00,14.00,16.00,0.0000,922.74,0,0,0.0000,NOT_RUN,0,108,1029,0,7,354,35,0,0,0,0
309,0,1,0,NEGATIVE_PEAK,-5.2771,1.1429,-8,-1,0,0.8750,810.81,101.17,7.90,10.27,240.50,809.00,13.00,16.00,0.0000,909.00,0,0,0.0000,NOT_RUN,0,31,2543,0,7,354,8,0,0,0,0
310,0,1,1,ACCEPT,4.5175,1.0000,9,2,-19,0.2222,811.31,94.94,7.90,10.27,244.00,795.50,12.00,19.00,0.0000,901.46,1,6,1.4032,MAX_STEP,0,46,8366,196,7,354,9,0,0,0,0
311,0,1,0,NEGATIVE_PEAK,-6.3435,1.0909,-24,5,3,0.1667,811.31,94.94,7.90,10.27,248.50,785.00,13.00,24.00,0.0000,890.47,0,0,0.0000,NOT_RUN,0,85,3174,0,7,354,24,0,0,0,0
312,0,1,0,NEGATIVE_PEAK,-6.0051,1.0857,-38,3,4,0.1579,811.31,94.94,7.90,10.27,254.50,770.00,13.00,24.00,0.0000,875.07,0,0,0.0000,NOT_RUN,0,115,6548,0,7,354,38,0,0,0,0
313,0,1,1,ACCEPT,5.9707,1.0667,32,3,4,0.5938,812.06,96.25,7.60,9.88,260.00,759.00,12.00,20.00,0.0000,862.56,1,-1,2.5941,ACCEPT,0,105,6113,269,7,354,32,0,0,0,0
314,0,1,1,ACCEPT,5.0559,1.0909,24,3,-15,0.2500,812.77,91.56,7.60,9.88,264.50,749.50,11.00,21.00,0.0000,856.43,1,-6,1.2515,MAX_STEP,0,112,5152,443,7,354,24,0,0,0,0
315,0,1,0,NEGATIVE_PEAK,-6.1729,1.0385,-27,2,7,0.1111,812.77,91.56,7.60,9.88,269.50,739.00,11.00,22.00,0.0000,845.17,0,0,0.0000,NOT_RUN,0,84,2069,0,7,354,27,0,0,0,0
316,0,1,1,ACCEPT,7.5536,1.0741,29,3,7,0.3793,813.47,93.75,7.60,9.88,274.50,732.00,11.00,20.00,0.0000,835.37,1,0,3.1166,ACCEPT,0,64,880,1143,7,354,29,0,0,0,0
317,0,1,0,NEGATIVE_PEAK,-6.4229,1.1071,-31,3,-2,0.1613,813.47,93.75,7.60,9.88,278.50,726.00,13.00,24.00,0.0000,828.21,0,0,0.0000,NOT_RUN,0,83,2876,0,7,354,31,0,0,0,0
318,0,1,1,ACCEPT,4.9912,1.0000,16,1,-9,0.3750,813.70,90.94,7.60,9.88,283.00,720.50,12.00,25.00,0.0000,823.40,1,0,3.2350,ACCEPT,0,59,2907,487,7,354,16,0,0,0,0
319,0,1,0,NEGATIVE_PEAK,-6.1085,1.0417,-25,1,-8,0.1600,813.70,90.94,7.60,9.88,286.00,716.50,10.00,21.00,0.0000,818.41,0,0,0.0000,NOT_RUN,0,85,1264,0,7,354,25,0,0,0,0
320,0,1,0,NEGATIVE_PEAK,-5.6687,1.0000,-21,0,-8,0.3333,813.70,90.94,7.60,9.88,288.00,712.50,10.00,21.00,0.0000,814.07,0,0,0.0000,NOT_RUN,0,69,2018,0,7,354,21,0,0,0,0
321,0,1,0,NEGATIVE_PEAK,-3.8660,1.0714,-15,1,17,0.2667,813.70,90.94,7.60,9.88,290.50,707.50,11.00,23.00,0.0000,808.64,0,0,0.0000,NOT_RUN,0,73,3349,0,7,354,15,0,0,0,0
322,0,1,0,NEGATIVE_PEAK,-3.6508,1.0000,-7,0,22,0.4286,813.70,90.94,7.60,9.88,292.50,704.00,11.00,26.00,0.0000,804.67,0,0,0.0000,NOT_RUN,0,45,3193,0,7,354,7,0,0,0,0
323,0,1,1,ACCEPT,5.3506,1.0000,8,0,-7,0.6250,813.70,88.75,7.60,9.88,294.00,701.50,10.00,27.00,0.0000,803.46,1,0,3.2521,ACCEPT,0,32,790,1268,7,354,8,0,0,0,0
324,0,1,1,ACCEPT,5.4276,1.0000,13,2,9,0.5385,814.17,91.56,7.60,9.88,294.50,697.50,11.00,27.00,0.0000,798.26,1,-5,2.1919,MAX_STEP,0,39,3947,405,7,354,13,0,0,0,0
325,0,1,1,ACCEPT,5.1682,1.1111,10,1,2,0.5000,814.41,92.19,7.60,9.88,295.00,693.50,10.00,27.00,0.0000,794.58,1,0,3.2269,ACCEPT,0,40,1449,901,7,354,10,0,0,0,0
326,0,1,1,ACCEPT,4.6679,1.0000,8,0,2,0.0000,814.41,92.81,7.60,9.88,295.50,689.50,9.00,27.00,0.0000,790.76,1,0,3.1332,ACCEPT,0,32,760,1078,7,354,8,0,0,0,0
327,0,1,0,NEGATIVE_PEAK,-4.1769,1.0000,-5,0,-14,0.2000,814.41,92.81,7.60,9.88,294.00,683.00,12.00,32.00,0.0000,786.86,0,0,0.0000,NOT_RUN,0,22,1176,0,7,354,5,0,0,0,0
328,0,1,0,NEGATIVE_PEAK,-4.4366,1.1429,-8,0,-1,0.8750,814.41,92.81,7.60,9.88,294.00,679.50,12.00,31.00,0.0000,784.24,0,0,0.0000,NOT_RUN,0,28,2536,0,7,354,8,0,0,0,0
329,0,1,0,NEGATIVE_PEAK,-3.4163,1.0000,-4,0,5,0.2500,814.41,92.81,7.60,9.88,294.00,673.00,14.00,30.00,0.0000,779.38,0,0,0.0000,NOT_RUN,0,22,3626,0,7,354,4,0,0,0,0
330,0,1,0,NEGATIVE_PEAK,-4.9802,1.0000,-4,0,-1,0.7500,814.41,92.81,7.60,9.88,294.50,668.50,13.00,27.00,0.0000,775.71,0,0,0.0000,NOT_RUN,0,9,4167,0,7,354,4,0,0,0,0
331,0,1,0,NEGATIVE_PEAK,-4.3770,1.0000,-6,0,17,0.6667,814.41,92.81,7.60,9.88,291.50,661.50,13.00,29.00,0.0000,772.55,0,0,0.0000,NOT_RUN,0,22,2155,0,7,354,6,0,0,0,0
332,0,1,0,NEGATIVE_PEAK,-3.8175,1.0000,-4,0,-8,0.0000,814.41,92.81,7.60,9.88,291.00,656.00,18.00,30.00,0.0000,768.85,0,0,0.0000,NOT_RUN,0,15,1166,0,7,354,4,0,0,0,0
333,0,1,0,NEGATIVE_PEAK,-4.0950,1.0000,-3,0,0,1.0000,814.41,92.81,7.60,9.88,290.00,649.00,18.00,28.00,0.0000,764.43,0,0,0.0000,NOT_RUN,0,5,1034,0,7,354,4,0,0,0,0
334,0,1,1,ACCEPT,6.0043,1.3333,4,2,11,0.7500,814.88,96.25,7.60,9.88,286.50,640.00,19.00,28.00,0.0000,758.18,1,-7,1.5692,MAX_STEP,0,14,973,564,7,354,4,0,0,0,0
335,0,1,0,NEGATIVE_PEAK,-6.3506,1.2000,-6,3,1,0.6667,814.88,96.25,7.60,9.88,284.50,631.00,19.00,26.00,0.0000,753.16,0,0,0.0000,NOT_RUN,0,17,183,0,7,354,7,0,0,0,0
336,0,1,0,NEGATIVE_PEAK,-3.9379,1.0000,-3,1,-5,0.3333,814.88,96.25,7.60,9.88,282.50,622.00,21.00,28.00,0.0000,748.22,0,0,0.0000,NOT_RUN,0,9,148,0,7,354,4,0,0,0,0
337,0,1,0,NEGATIVE_PEAK,-4.2939,1.0000,-3,1,-1,0.6667,814.88,96.25,7.60,9.88,281.50,610.00,23.00,28.00,0.0000,740.56,0,0,0.0000,NOT_RUN,0,4,240,0,7,354,4,0,0,0,0
338,0,1,0,NEGATIVE_PEAK,-4.2231,1.0000,-5,0,14,0.2000,814.88,96.25,7.60,9.88,280.00,598.50,22.00,27.00,0.0000,733.72,0,0,0.0000,NOT_RUN,0,26,785,0,7,354,5,0,0,0,0
339,0,1,0,NEGATIVE_PEAK,-4.6410,1.3333,-4,1,-7,0.2500,814.88,96.25,7.60,9.88,280.00,587.50,24.00,27.00,0.0000,726.24,0,0,0.0000,NOT_RUN,0,14,683,0,7,354,4,0,0,0,0
340,0,1,1,ACCEPT,7.0369,1.0000,6,1,2,0.0000,815.11,96.88,7.60,9.88,277.50,577.00,25.00,28.00,0.0000,720.79,1,0,3.2175,ACCEPT,0,17,263,3095,7,354,6,0,0,0,0
341,0,1,0,NEGATIVE_PEAK,-4.0460,1.0000,-8,1,3,0.1250,815.11,96.88,7.60,9.88,275.00,569.00,24.00,30.00,0.0000,717.37,0,0,0.0000,NOT_RUN,0,38,268,0,7,354,8,0,0,0,0
342,0,1,0,NEGATIVE_PEAK,-5.8055,1.0667,-16,1,5,0.3125,815.11,96.88,7.60,9.88,272.00,560.00,24.00,28.00,0.0000,713.76,0,0,0.0000,NOT_RUN,0,57,187,0,7,354,16,0,0,0,0
343,0,1,1,ACCEPT,4.5379,1.0000,16,0,3,0.2500,815.11,97.81,7.60,9.88,270.00,551.50,24.00,29.00,0.0000,709.21,1,0,3.1890,ACCEPT,0,81,444,2605,7,354,16,0,0,0,0
344,0,1,0,NEGATIVE_PEAK,-5.1892,1.0000,-11,1,-10,0.0000,815.11,97.81,7.60,9.88,266.50,545.50,25.00,29.00,0.0000,708.09,0,0,0.0000,NOT_RUN,0,43,585,0,7,354,11,0,0,0,0
345,0,1,0,NEGATIVE_PEAK,-3.9405,1.0000,-4,0,13,0.5000,815.11,97.81,7.60,9.88,263.50,542.50,25.00,29.00,0.0000,708.53,0,0,0.0000,NOT_RUN,0,17,270,0,7,354,4,0,0,0,0
346,0,1,0,NEGATIVE_PEAK,-8.7414,1.0667,-16,1,-5,0.1250,815.11,97.81,7.60,9.88,261.00,540.00,26.00,32.00,0.0000,708.92,0,0,0.0000,NOT_RUN,0,40,737,0,7,354,16,0,0,0,0
347,0,1,0,NEGATIVE_PEAK,-3.6613,1.0000,-4,5,-13,0.7500,815.11,97.81,7.60,9.88,255.50,539.00,25.00,28.00,0.0000,712.61,0,0,0.0000,NOT_RUN,0,19,433,0,7,354,4,0,0,0,0
348,0,1,0,NEGATIVE_PEAK,-4.1738,1.2500,-5,0,-1,0.8000,815.11,97.81,7.60,9.88,249.50,539.00,25.00,28.00,0.0000,717.33,0,0,0.0000,NOT_RUN,0,17,148,0,7,354,6,0,0,0,0
349,0,1,0,NEGATIVE_PEAK,-5.4304,1.2500,-5,0,9,0.2000,815.11,97.81,7.60,9.88,242.00,540.00,26.00,28.00,0.0000,723.87,0,0,0.0000,NOT_RUN,0,14,336,0,7,354,5,0,0,0,0
350,0,1,0,NEGATIVE_PEAK,-4.2674,1.0000,-5,0,0,1.0000,815.11,97.81,7.60,9.88,235.00,541.50,26.00,29.00,0.0000,730.33,0,0,0.0000,NOT_RUN,0,18,205,0,7,354,6,0,0,0,0
351,0,1,0,NEGATIVE_PEAK,-3.2304,1.0000,-3,0,15,0.3333,815.11,97.81,7.60,9.88,227.50,543.00,29.00,32.00,0.0000,737.21,0,0,0.0000,NOT_RUN,0,12,256,0,7,354,4,0,0,0,0
352,0,1,0,NEGATIVE_PEAK,-7.3652,1.1250,-9,-1,0,0.8889,815.11,97.81,7.60,9.88,220.00,546.00,26.00,30.00,0.0000,745.00,0,0,0.0000,NOT_RUN,0,18,185,0,7,354,9,0,0,0,0
353,0,1,1,ACCEPT,4.2169,1.0833,13,3,13,0.8462,815.81,101.88,7.60,9.88,213.50,548.00,27.00,30.00,0.0000,749.54,1,0,3.1463,ACCEPT,0,64,653,1656,7,354,13,0,0,0,0
354,0,1,1,ACCEPT,5.9029,1.2500,5,1,3,0.8000,816.05,102.81,7.60,9.88,207.50,550.50,25.00,29.00,0.0000,755.48,1,0,3.1942,ACCEPT,0,14,1028,1403,7,354,5,0,0,0,0
