frame,occluded,evaluated,accept,reason,psr_bolme,psr_ratio,peak,dr_bin,dc_bin,resp00_over_peak,est_row,est_col,est_h,est_w,truth_row,truth_col,truth_h,truth_w,iou,centre_err,published,scale_idx,scale_conf,scale_reason,rails,accum_max,fch0_max,h_max,job,anchor,resp_max,rails_fch,rails_accum,rails_resp,rails_h
0,0,0,0,ZERO_RESPONSE,0.0000,0.0000,0,0,0,0.0000,37.50,213.50,37.00,61.00,37.50,213.50,37.00,61.00,1.0000,0.00,1,0,0.0000,NOT_RUN,0,0,14664,4107,0,0,0,0,0,0,0
1,0,1,1,ACCEPT,35.1175,7.1200,178,2,1,0.4494,38.66,214.45,37.00,61.00,40.00,212.00,34.00,60.00,0.8494,2.80,1,0,3.0570,ACCEPT,0,205,14063,4880,0,0,178,0,0,0,0
2,0,1,1,ACCEPT,21.5383,4.2542,251,4,0,0.1434,40.97,214.45,37.00,61.00,40.50,211.50,33.00,63.00,0.8162,2.99,1,0,2.6929,ACCEPT,0,331,13197,6513,0,0,251,0,0,0,0
3,0,1,1,ACCEPT,25.2866,2.1419,332,4,-1,0.3584,43.28,213.50,37.00,61.00,42.00,210.50,34.00,63.00,0.8383,3.26,1,0,2.7605,ACCEPT,0,387,12307,7163,0,0,332,0,0,0,0
4,0,1,1,ACCEPT,31.4343,2.9658,433,4,-1,0.3187,45.59,212.55,37.00,61.00,43.50,212.00,33.00,60.00,0.8713,2.16,1,0,2.7660,ACCEPT,0,448,11428,5627,0,0,433,0,0,0,0
5,0,1,1,ACCEPT,31.7139,4.3846,456,1,-1,0.9057,46.17,211.59,37.00,61.00,45.50,211.50,35.00,59.00,0.9149,0.68,1,0,2.9736,ACCEPT,0,473,10880,6048,0,0,456,0,0,0,0
6,0,1,1,ACCEPT,27.3097,2.9722,428,4,-1,0.3902,48.48,210.64,37.00,61.00,46.00,211.00,32.00,60.00,0.8507,2.51,1,0,2.9436,ACCEPT,0,485,10389,6704,0,0,428,0,0,0,0
7,0,1,1,ACCEPT,29.7083,3.9756,489,3,-1,0.3497,50.22,209.69,37.00,61.00,45.50,210.50,33.00,61.00,0.7447,4.79,1,0,2.9859,ACCEPT,0,536,9670,6349,0,0,489,0,0,0,0
8,0,1,1,ACCEPT,31.3975,5.6279,484,2,0,0.7459,51.38,209.69,37.00,61.00,48.00,209.50,32.00,63.00,0.7996,3.38,1,0,2.9772,ACCEPT,0,526,9347,5984,0,0,484,0,0,0,0
9,0,1,1,ACCEPT,34.5005,7.0933,532,3,0,0.3929,53.11,209.69,37.00,61.00,50.00,210.00,30.00,62.00,0.8002,3.13,1,0,2.8332,ACCEPT,0,481,8599,7307,0,0,532,0,0,0,0
10,0,1,1,ACCEPT,32.2680,6.4245,681,3,0,0.4846,54.84,209.69,37.00,61.00,51.00,209.00,30.00,60.00,0.7769,3.90,1,0,2.7797,ACCEPT,0,596,8121,7925,0,0,681,0,0,0,0
11,0,1,1,ACCEPT,26.4075,5.2480,656,1,-1,0.7866,55.42,208.73,37.00,61.00,53.50,208.00,33.00,64.00,0.8544,2.06,1,0,2.9793,ACCEPT,0,767,7982,8376,0,0,656,0,0,0,0
12,0,1,1,ACCEPT,33.7469,5.3311,789,3,0,0.4106,57.16,208.73,37.00,61.00,54.00,210.50,32.00,65.00,0.7884,3.62,1,0,2.8747,ACCEPT,0,839,7535,9244,0,0,789,0,0,0,0
13,0,1,1,ACCEPT,30.7189,4.2444,764,2,-1,0.6505,58.31,207.78,37.00,61.00,55.50,209.00,33.00,64.00,0.8162,3.07,1,0,2.9246,ACCEPT,0,806,7283,9856,0,0,764,0,0,0,0
14,0,1,1,ACCEPT,31.5936,4.4381,861,3,0,0.5192,60.05,207.78,37.00,61.00,56.50,209.00,33.00,64.00,0.7830,3.75,1,0,2.9438,ACCEPT,0,790,6817,8817,0,0,861,0,0,0,0
15,0,1,1,ACCEPT,35.5752,4.5254,801,2,0,0.7303,61.20,207.78,37.00,61.00,57.50,209.50,33.00,69.00,0.7273,4.08,1,0,2.8234,ACCEPT,0,705,6078,9125,0,0,801,0,0,0,0
16,0,1,1,ACCEPT,35.3377,5.7007,838,2,0,0.6241,62.36,207.78,37.00,61.00,60.00,208.00,34.00,66.00,0.8153,2.37,1,0,2.7669,ACCEPT,0,745,5849,9468,0,0,838,0,0,0,0
17,0,1,1,ACCEPT,35.1151,5.7466,839,2,0,0.6555,63.52,207.78,37.00,61.00,60.00,209.50,34.00,69.00,0.7357,3.91,1,0,2.6394,ACCEPT,0,788,5637,9215,0,0,839,0,0,0,0
18,0,1,1,ACCEPT,32.9053,4.7349,786,1,0,0.9326,64.09,207.78,37.00,61.00,62.50,210.50,31.00,67.00,0.7740,3.15,1,0,2.6103,ACCEPT,0,752,5505,9353,0,0,786,0,0,0,0
19,0,1,1,ACCEPT,33.0347,4.5562,811,3,0,0.5598,65.83,207.78,37.00,61.00,63.50,209.00,31.00,68.00,0.7643,2.63,1,0,2.6917,ACCEPT,0,871,5419,9318,0,0,811,0,0,0,0
20,0,1,1,ACCEPT,36.0120,5.0057,876,1,0,0.9167,66.41,207.78,37.00,61.00,65.00,205.00,32.00,64.00,0.7982,3.12,1,0,2.6591,ACCEPT,0,862,5249,7699,0,0,876,0,0,0,0
21,0,1,1,ACCEPT,37.5776,5.8175,797,3,0,0.4780,68.14,207.78,37.00,61.00,67.00,207.00,34.00,62.00,0.8974,1.38,1,0,2.7585,ACCEPT,0,765,5086,8478,0,0,797,0,0,0,0
22,0,1,1,ACCEPT,38.5071,5.9062,756,1,0,0.8571,68.72,207.78,37.00,61.00,68.50,207.50,35.00,63.00,0.9175,0.36,1,0,2.7069,ACCEPT,0,718,4979,7565,0,0,756,0,0,0,0
23,0,1,1,ACCEPT,31.0808,3.3198,654,3,-1,0.5948,70.45,206.83,37.00,61.00,70.00,207.50,36.00,65.00,0.9146,0.81,1,0,2.7809,ACCEPT,0,808,5116,7364,0,0,654,0,0,0,0
24,0,1,1,ACCEPT,36.7815,4.5436,677,3,0,0.4136,72.19,206.83,37.00,61.00,70.50,208.50,33.00,65.00,0.8426,2.38,1,0,2.7811,ACCEPT,0,648,5124,7558,0,0,677,0,0,0,0
25,0,1,1,ACCEPT,35.0323,6.0198,608,2,0,0.6859,73.34,206.83,37.00,61.00,72.50,208.00,37.00,64.00,0.9116,1.44,1,0,2.7670,ACCEPT,0,654,5203,7396,0,0,608,0,0,0,0
26,0,1,1,ACCEPT,30.5733,3.2303,533,3,-1,0.7111,75.08,205.88,37.00,61.00,73.00,209.50,36.00,67.00,0.8022,4.18,1,0,2.7540,ACCEPT,0,633,4984,7378,0,0,533,0,0,0,0
27,0,1,1,ACCEPT,35.5016,5.7719,658,1,0,0.8419,75.66,205.88,37.00,61.00,74.00,209.00,36.00,70.00,0.8016,3.54,1,0,2.6762,ACCEPT,0,668,4895,7910,0,0,658,0,0,0,0
28,0,1,1,ACCEPT,38.4756,5.4632,743,1,0,0.9260,76.23,205.88,37.00,61.00,75.50,208.50,33.00,69.00,0.7985,2.73,1,0,2.6605,ACCEPT,0,702,4758,8283,0,0,743,0,0,0,0
29,0,1,1,ACCEPT,45.5620,8.0168,954,2,0,0.6520,77.39,205.88,37.00,61.00,75.50,208.50,33.00,67.00,0.8200,3.23,1,0,2.7682,ACCEPT,0,742,4682,7806,0,0,954,0,0,0,0
30,0,1,1,ACCEPT,39.9555,5.2081,901,1,0,0.8158,77.97,205.88,37.00,61.00,76.00,208.00,32.00,68.00,0.7868,2.90,1,0,2.8282,ACCEPT,0,750,4506,7827,0,0,901,0,0,0,0
31,0,1,1,ACCEPT,42.2846,5.5273,912,0,0,1.0000,77.97,205.88,37.00,61.00,76.50,207.50,33.00,67.00,0.8200,2.19,1,0,2.8371,ACCEPT,0,653,4542,8728,0,0,912,0,0,0,0
32,0,1,1,ACCEPT,40.2910,5.1657,904,0,0,1.0000,77.97,205.88,37.00,61.00,75.50,206.00,33.00,70.00,0.7684,2.47,1,0,2.6923,ACCEPT,0,726,4502,7812,0,0,904,0,0,0,0
33,0,1,1,ACCEPT,34.9559,5.1849,757,0,0,1.0000,77.97,205.88,37.00,61.00,76.00,207.00,32.00,72.00,0.7482,2.27,1,0,2.6773,ACCEPT,0,642,4515,7003,0,0,757,0,0,0,0
34,0,1,1,ACCEPT,27.3619,3.0964,610,0,0,1.0000,77.97,205.88,37.00,61.00,76.00,205.50,32.00,69.00,0.7768,2.00,1,0,2.6126,ACCEPT,0,663,4716,6344,0,0,610,0,0,0,0
35,0,1,1,ACCEPT,20.3198,1.7969,469,0,-1,0.9318,77.97,204.92,37.00,61.00,75.50,204.50,37.00,67.00,0.8010,2.50,1,0,2.4941,ACCEPT,0,697,4954,5664,0,0,469,0,0,0,0
36,0,1,1,ACCEPT,28.3809,2.6682,563,0,1,0.9947,77.97,205.88,37.00,61.00,77.50,204.50,35.00,67.00,0.8654,1.45,1,0,2.5680,ACCEPT,0,629,4956,5542,0,0,563,0,0,0,0
37,0,1,1,ACCEPT,31.1666,2.8632,544,1,0,0.9926,78.55,205.88,37.00,61.00,77.00,205.50,34.00,67.00,0.8406,1.59,1,0,2.5195,ACCEPT,0,572,5016,5742,0,0,544,0,0,0,0
38,0,1,1,ACCEPT,33.9420,3.8255,570,-1,0,0.9544,77.97,205.88,37.00,61.00,76.00,206.50,34.00,69.00,0.7997,2.07,1,0,2.5590,ACCEPT,0,550,4915,6122,0,0,570,0,0,0,0
39,0,1,1,ACCEPT,38.5729,4.4752,631,1,1,0.9002,78.55,206.83,37.00,61.00,76.00,209.50,34.00,73.00,0.7366,3.69,1,0,2.6386,ACCEPT,0,550,4854,6877,0,0,631,0,0,0,0
40,0,1,1,ACCEPT,36.7500,4.5000,603,-1,0,0.8524,77.97,206.83,37.00,61.00,74.50,208.50,35.00,71.00,0.7196,3.85,1,0,2.6401,ACCEPT,0,537,4838,6837,0,0,603,0,0,0,0
41,0,1,1,ACCEPT,34.0856,3.5185,570,0,1,0.9351,77.97,207.78,37.00,61.00,74.50,209.50,35.00,71.00,0.7196,3.87,1,0,2.6943,ACCEPT,0,533,4915,6126,0,0,570,0,0,0,0
42,0,1,1,ACCEPT,33.2759,3.1280,513,1,0,0.9864,78.55,207.78,37.00,61.00,75.50,207.50,35.00,67.00,0.7756,3.06,1,0,2.6799,ACCEPT,0,474,4905,5660,0,0,513,0,0,0,0
43,0,1,1,ACCEPT,38.7372,4.2977,563,-1,1,0.8952,77.97,208.73,37.00,61.00,75.50,212.00,35.00,74.00,0.7301,4.09,1,0,2.6822,ACCEPT,0,459,4953,6270,0,0,563,0,0,0,0
44,0,1,1,ACCEPT,35.0754,3.4562,553,1,1,0.8517,78.55,209.69,37.00,61.00,75.00,211.50,36.00,71.00,0.7172,3.98,1,0,2.5648,ACCEPT,0,513,4789,6837,0,0,553,0,0,0,0
45,0,1,1,ACCEPT,38.5298,4.0204,591,0,0,1.0000,78.55,209.69,37.00,61.00,74.50,213.00,35.00,70.00,0.7068,5.23,1,0,2.6564,ACCEPT,0,483,4687,7596,0,0,591,0,0,0,0
46,0,1,1,ACCEPT,35.2851,3.1675,605,1,1,0.8826,79.12,210.64,37.00,61.00,75.50,212.00,35.00,68.00,0.7418,3.87,1,0,2.5488,ACCEPT,0,660,4668,6896,0,0,605,0,0,0,0
47,0,1,1,ACCEPT,29.3883,3.1538,492,1,0,0.8801,79.70,210.64,37.00,61.00,75.50,209.50,37.00,63.00,0.7701,4.36,1,0,2.4980,ACCEPT,0,537,4241,8385,0,0,492,0,0,0,0
48,0,1,1,ACCEPT,35.5254,3.5417,595,0,1,0.8336,79.70,211.59,37.00,61.00,75.50,211.50,37.00,65.00,0.7517,4.20,1,0,2.5033,ACCEPT,0,527,4207,8059,0,0,595,0,0,0,0
49,0,1,1,ACCEPT,37.5790,3.6959,632,0,1,0.8956,79.70,212.55,37.00,61.00,75.50,213.50,37.00,65.00,0.7517,4.31,1,0,2.5281,ACCEPT,0,527,4170,7627,0,0,632,0,0,0,0
50,0,1,1,ACCEPT,38.9964,5.2810,639,-1,1,0.9531,79.12,213.50,37.00,61.00,75.50,212.00,35.00,60.00,0.7806,3.92,1,0,2.6402,ACCEPT,0,508,4062,7890,0,0,639,0,0,0,0
51,0,1,1,ACCEPT,39.1621,4.7343,677,1,1,0.9247,79.70,214.45,37.00,61.00,75.50,212.50,37.00,61.00,0.7513,4.63,1,0,2.5538,ACCEPT,0,526,4145,7638,0,0,677,0,0,0,0
52,0,1,1,ACCEPT,39.9075,5.4746,646,-1,2,0.6053,79.12,216.36,37.00,61.00,75.50,214.00,37.00,62.00,0.7659,4.33,1,0,2.4421,ACCEPT,0,506,4149,8036,0,0,646,0,0,0,0
53,0,1,1,ACCEPT,38.3883,4.5714,576,0,1,0.9253,79.12,217.31,35.58,58.65,75.50,215.00,39.00,60.00,0.7654,4.30,1,-1,2.3232,ACCEPT,0,534,4309,7788,0,0,576,0,0,0,0
54,0,1,1,ACCEPT,35.1016,4.8447,499,-2,0,0.6693,78.02,217.31,35.58,58.65,73.00,219.00,40.00,60.00,0.7272,5.29,1,0,2.6836,ACCEPT,0,494,4006,10005,0,0,499,0,0,0,0
55,0,1,1,ACCEPT,33.3415,4.1328,529,-2,1,0.6994,76.91,218.23,35.58,58.65,73.00,218.00,42.00,60.00,0.7990,3.91,1,0,2.6489,ACCEPT,0,571,4148,9661,0,0,529,0,0,0,0
56,0,1,1,ACCEPT,29.8039,3.4818,477,-1,2,0.8050,76.35,220.05,35.58,58.65,72.50,220.50,43.00,61.00,0.7899,3.88,1,0,2.5877,ACCEPT,0,533,4244,9540,0,0,477,0,0,0,0
57,0,1,1,ACCEPT,29.9563,3.8321,502,-1,2,0.7430,75.80,221.88,35.58,58.65,72.50,222.00,43.00,60.00,0.8088,3.30,1,0,2.5068,ACCEPT,0,567,4218,8682,0,0,502,0,0,0,0
58,0,1,1,ACCEPT,28.2049,3.2029,442,-2,1,0.6584,74.69,222.80,35.58,58.65,73.00,224.50,40.00,59.00,0.8417,2.40,1,0,2.7401,ACCEPT,0,511,4165,8179,0,0,442,0,0,0,0
59,0,1,1,ACCEPT,15.9578,1.5739,277,-1,1,0.8051,74.13,223.71,35.58,58.65,72.50,221.50,39.00,51.00,0.8024,2.75,1,0,2.7782,ACCEPT,0,535,3838,7516,0,0,277,0,0,0,0
60,0,1,1,ACCEPT,22.4721,2.2699,370,-1,1,0.7297,73.58,224.62,35.58,58.65,71.50,222.50,39.00,49.00,0.7592,2.97,1,0,2.7366,ACCEPT,0,551,3961,8567,0,0,370,0,0,0,0
61,0,1,1,ACCEPT,26.1460,3.0333,455,-2,2,0.3451,72.47,226.45,35.58,58.65,71.00,223.50,38.00,49.00,0.7803,3.30,1,0,2.8853,ACCEPT,0,582,3934,10004,0,0,455,0,0,0,0
62,0,1,1,ACCEPT,29.3291,3.4250,548,0,2,0.7135,72.47,228.28,35.58,58.65,70.00,224.50,40.00,49.00,0.7472,4.52,1,0,2.8996,ACCEPT,0,654,3974,10372,0,0,548,0,0,0,0
63,0,1,1,ACCEPT,32.7264,4.9091,594,-1,1,0.9125,71.91,229.20,35.58,58.65,69.00,226.50,40.00,49.00,0.7309,3.97,1,0,2.8988,ACCEPT,0,620,4053,9520,0,0,594,0,0,0,0
64,0,1,1,ACCEPT,32.9618,5.0948,591,-1,1,0.8748,71.36,230.11,35.58,58.65,68.50,228.00,43.00,52.00,0.7482,3.55,1,0,2.9659,ACCEPT,0,632,4027,9233,0,0,591,0,0,0,0
65,0,1,1,ACCEPT,37.1818,6.4239,591,1,0,0.9239,71.91,230.11,35.58,58.65,68.50,228.50,43.00,51.00,0.7360,3.77,1,0,3.1517,ACCEPT,0,606,3923,9408,0,0,591,0,0,0,0
66,0,1,1,ACCEPT,37.7548,7.2273,636,-1,0,0.9214,71.36,230.11,35.58,58.65,68.50,228.00,43.00,50.00,0.7237,3.55,1,0,3.3413,ACCEPT,0,610,3883,10206,0,0,636,0,0,0,0
67,0,1,1,ACCEPT,37.2759,5.9821,670,1,1,0.8627,71.91,231.02,35.58,58.65,69.00,227.00,44.00,46.00,0.6614,4.97,1,0,3.4806,ACCEPT,0,623,4046,8650,0,0,670,0,0,0,0
68,0,1,1,ACCEPT,40.6649,7.2755,713,-1,0,0.8345,71.36,231.02,35.58,58.65,68.50,230.00,45.00,50.00,0.6954,3.04,1,0,3.3143,ACCEPT,0,644,3978,9001,0,0,713,0,0,0,0
69,0,1,1,ACCEPT,37.1032,5.4961,709,0,1,0.9718,71.36,231.94,35.58,58.65,68.50,229.00,41.00,50.00,0.7489,4.10,1,0,3.3307,ACCEPT,0,732,4047,8855,0,0,709,0,0,0,0
70,0,1,1,ACCEPT,33.0849,4.6389,668,0,0,1.0000,71.36,231.94,35.58,58.65,68.50,227.50,41.00,47.00,0.7090,5.28,1,0,3.1936,ACCEPT,0,663,4028,9279,0,0,668,0,0,0,0
71,0,1,1,ACCEPT,29.2143,4.0438,647,1,0,0.9088,71.91,231.94,35.58,58.65,68.50,228.00,45.00,44.00,0.6258,5.21,1,0,3.1423,ACCEPT,0,646,3698,10407,0,0,647,0,0,0,0
72,0,1,1,ACCEPT,34.6907,3.9688,762,0,0,1.0000,71.91,231.94,35.58,58.65,69.00,227.00,44.00,40.00,0.5872,5.73,1,0,2.9841,ACCEPT,0,744,3731,11335,0,0,762,0,0,0,0
73,0,1,1,ACCEPT,38.8165,4.7807,894,0,1,0.9060,71.91,232.85,35.58,58.65,68.00,229.00,42.00,42.00,0.6139,5.49,1,0,3.0509,ACCEPT,0,820,3668,10251,0,0,894,0,0,0,0
74,0,1,1,ACCEPT,40.2399,7.1789,883,0,1,0.9717,71.91,233.77,35.58,58.65,70.00,230.50,42.00,43.00,0.6474,3.79,1,0,3.0675,ACCEPT,0,797,3606,8317,0,0,883,0,0,0,0
75,0,1,1,ACCEPT,35.6758,6.0846,791,0,1,0.9899,71.91,234.68,35.58,58.65,70.00,230.00,42.00,40.00,0.6072,5.06,1,0,3.0643,ACCEPT,0,732,3488,8659,0,0,791,0,0,0,0
76,0,1,1,ACCEPT,37.3427,5.7902,828,0,1,0.9746,71.91,235.59,35.58,58.65,69.50,229.50,43.00,39.00,0.5839,6.55,1,0,2.9767,ACCEPT,0,738,3468,9622,0,0,828,0,0,0,0
77,0,1,1,ACCEPT,37.5071,6.4580,846,0,0,1.0000,71.91,235.59,35.58,58.65,70.50,230.00,39.00,38.00,0.6099,5.77,1,0,2.8447,ACCEPT,0,783,3241,9023,0,0,846,0,0,0,0
78,0,1,1,ACCEPT,41.4993,6.6094,846,0,1,0.9586,71.91,236.51,35.58,58.65,71.00,231.00,38.00,38.00,0.6205,5.58,1,0,2.9637,ACCEPT,0,688,3296,8461,0,0,846,0,0,0,0
79,0,1,1,ACCEPT,45.9639,7.6182,838,0,1,0.9773,71.91,237.42,35.58,58.65,71.00,230.50,38.00,35.00,0.5734,6.98,1,0,2.9793,ACCEPT,0,627,3236,8727,0,0,838,0,0,0,0
80,0,1,1,ACCEPT,47.6421,8.6214,888,0,2,0.6791,71.91,239.25,35.58,58.65,70.50,231.50,39.00,35.00,0.5643,7.88,1,0,3.1457,ACCEPT,0,628,3176,9815,0,0,888,0,0,0,0
81,0,1,1,ACCEPT,47.4181,8.4404,920,0,1,0.9359,71.91,240.16,35.58,58.65,70.50,232.50,39.00,35.00,0.5643,7.79,1,0,3.0183,ACCEPT,0,660,3103,9518,0,0,920,0,0,0,0
82,0,1,1,ACCEPT,51.9101,9.8247,953,0,1,0.8332,71.91,241.08,35.58,58.65,69.50,233.50,41.00,35.00,0.5470,7.95,1,0,2.9572,ACCEPT,0,667,3134,8627,0,0,953,0,0,0,0
83,0,1,1,ACCEPT,43.7879,6.0414,876,-1,1,0.7420,71.36,241.99,35.58,58.65,70.00,234.00,40.00,36.00,0.5703,8.11,1,0,2.8135,ACCEPT,0,730,3270,9958,0,0,876,0,0,0,0
84,0,1,1,ACCEPT,48.2237,7.3923,961,1,1,0.7846,71.91,242.91,35.58,58.65,69.00,236.00,42.00,36.00,0.5525,7.50,1,0,2.9003,ACCEPT,0,773,3242,9351,0,0,961,0,0,0,0
85,0,1,1,ACCEPT,51.3225,8.1897,950,-2,2,0.5011,70.80,244.73,35.58,58.65,68.50,237.00,41.00,36.00,0.5613,8.07,1,0,2.9566,ACCEPT,0,662,3163,10269,0,0,950,0,0,0,0
86,0,1,1,ACCEPT,50.8878,8.6698,919,-1,1,0.8857,70.25,245.65,35.58,58.65,69.50,239.00,39.00,36.00,0.5795,6.69,1,0,2.8813,ACCEPT,0,721,3041,9879,0,0,919,0,0,0,0
87,0,1,1,ACCEPT,49.9245,8.0092,873,1,1,0.7904,70.80,246.56,35.58,58.65,69.50,240.00,39.00,36.00,0.5795,6.69,1,0,2.9599,ACCEPT,0,636,3043,10261,0,0,873,0,0,0,0
88,0,1,1,ACCEPT,44.5688,7.0000,847,-1,1,0.9008,70.25,247.48,35.58,58.65,68.00,241.00,42.00,36.00,0.5525,6.86,1,0,2.9751,ACCEPT,0,640,3128,10006,0,0,847,0,0,0,0
89,0,1,1,ACCEPT,32.0831,5.2794,718,0,1,0.9095,70.25,248.39,35.58,58.65,68.50,241.00,41.00,32.00,0.5037,7.59,1,0,3.2190,ACCEPT,0,615,2988,11650,0,0,718,0,0,0,0
90,0,1,1,ACCEPT,26.7685,3.2701,690,0,0,1.0000,70.25,248.39,35.58,58.65,68.00,241.50,40.00,33.00,0.5250,7.25,1,0,3.2649,ACCEPT,0,680,2989,12196,0,0,690,0,0,0,0
91,0,1,1,ACCEPT,27.3083,3.6455,689,-1,1,0.9390,69.70,249.30,35.58,58.65,68.00,243.00,40.00,36.00,0.5703,6.53,1,0,3.3902,ACCEPT,0,695,2935,13078,0,0,689,0,0,0,0
92,0,1,1,ACCEPT,26.3336,3.7680,682,-1,0,0.9267,69.14,249.30,35.58,58.65,67.00,241.50,42.00,37.00,0.5663,8.09,1,0,3.3310,ACCEPT,0,797,2894,12208,0,0,682,0,0,0,0
93,0,1,1,ACCEPT,27.7155,3.1602,651,-1,1,0.8955,68.59,250.22,35.58,58.65,65.50,240.00,43.00,34.00,0.5171,10.67,1,0,3.3267,ACCEPT,0,825,2407,11970,0,0,651,0,0,0,0
94,0,1,1,ACCEPT,34.5355,3.7000,740,-3,0,0.4108,66.92,250.22,35.58,58.65,64.00,240.00,44.00,32.00,0.4832,10.63,1,0,3.2901,ACCEPT,0,718,1965,14355,0,0,740,0,0,0,0
95,0,1,1,ACCEPT,32.0676,4.7463,636,-1,1,0.9340,66.37,251.13,35.58,58.65,63.50,241.00,43.00,32.00,0.4898,10.53,1,0,3.1969,ACCEPT,0,688,1991,11756,0,0,636,0,0,0,0
96,0,1,1,ACCEPT,36.8825,4.9587,600,-1,0,0.8867,65.81,251.13,35.58,58.65,63.50,241.00,41.00,32.00,0.5037,10.39,1,0,3.1816,ACCEPT,0,585,1898,12831,0,0,600,0,0,0,0
97,0,1,1,ACCEPT,40.7028,6.3529,648,-3,-1,0.4954,64.15,250.22,35.58,58.65,63.00,241.50,40.00,35.00,0.5555,8.79,1,0,3.0486,ACCEPT,0,576,1958,14611,0,0,648,0,0,0,0
98,0,1,1,ACCEPT,42.7285,6.1696,691,-1,0,0.9537,63.59,250.22,35.58,58.65,61.50,240.50,41.00,37.00,0.5755,9.94,1,0,3.0416,ACCEPT,0,581,1861,15849,0,0,691,0,0,0,0
99,0,1,1,ACCEPT,39.3469,4.8723,687,-3,-1,0.5007,61.93,249.30,37.00,61.00,60.50,240.00,43.00,40.00,0.5927,9.41,1,1,2.9527,ACCEPT,0,609,2060,15806,0,0,687,0,0,0,0
100,0,1,1,ACCEPT,36.9594,5.6239,658,-1,-1,0.9468,61.35,248.35,37.00,61.00,60.50,239.00,41.00,44.00,0.6478,9.39,1,0,3.0782,ACCEPT,0,718,1924,15893,0,0,658,0,0,0,0
101,0,1,1,ACCEPT,33.5754,3.7337,687,-1,-1,0.7991,60.77,247.40,37.00,61.00,59.00,239.00,42.00,38.00,0.5746,8.58,1,0,3.1858,ACCEPT,0,758,1946,14613,0,0,687,0,0,0,0
102,0,1,1,ACCEPT,28.0494,3.4468,648,-4,-1,0.2191,58.46,246.45,37.00,61.00,57.00,240.00,44.00,40.00,0.5834,6.61,1,0,3.2274,ACCEPT,0,686,1845,16239,0,0,648,0,0,0,0
103,0,1,1,ACCEPT,27.0054,3.5795,630,-1,-2,0.6048,57.88,244.54,37.00,61.00,56.50,238.00,41.00,36.00,0.5548,6.68,1,0,3.3563,ACCEPT,0,631,1806,14216,0,0,630,0,0,0,0
104,0,1,1,ACCEPT,22.3243,3.1737,530,-4,-4,0.2226,55.57,240.73,37.00,61.00,54.50,238.00,39.00,40.00,0.6313,2.93,1,0,2.9104,ACCEPT,0,747,1962,12633,0,0,530,0,0,0,0
105,0,1,1,ACCEPT,19.8449,2.4775,441,-4,-3,0.5034,53.26,237.87,38.48,63.44,49.50,235.00,37.00,34.00,0.4542,4.73,1,1,2.6407,ACCEPT,0,688,2192,11676,0,0,441,0,0,0,0
106,0,1,1,ACCEPT,17.6015,2.4182,399,-3,-3,0.2607,51.45,234.89,40.02,65.98,48.00,233.00,36.00,34.00,0.4369,3.94,1,1,2.6624,ACCEPT,0,721,1756,14438,0,0,399,0,0,0,0
107,0,1,1,ACCEPT,12.9948,1.4644,350,-3,-2,0.1571,49.58,232.83,40.02,65.98,50.00,230.00,42.00,30.00,0.4447,2.86,1,0,1.7922,LOW_CONF,0,801,1837,14465,0,0,350,0,0,0,0
108,0,1,1,ACCEPT,16.3443,2.1875,455,-4,-2,0.0396,47.08,230.77,40.02,65.98,48.00,230.50,42.00,29.00,0.4302,0.96,1,-15,1.5014,MAX_STEP,0,903,1907,13961,0,0,455,0,0,0,0
109,0,1,1,ACCEPT,13.6882,2.1071,354,-1,-1,0.6751,46.45,229.73,40.02,65.98,47.00,227.00,42.00,24.00,0.3573,2.79,1,-16,1.4096,AT_SEARCH_RAIL,0,774,1859,14078,0,0,354,0,0,0,0
110,0,1,1,ACCEPT,13.5809,2.2563,361,-2,-1,0.5706,45.20,228.70,40.02,65.98,45.50,227.50,41.00,25.00,0.3754,1.24,1,-16,1.5513,AT_SEARCH_RAIL,0,834,1786,13251,0,0,361,0,0,0,0
111,0,1,1,ACCEPT,18.8780,3.0909,442,-3,0,0.4208,43.33,228.70,40.02,65.98,44.50,227.00,43.00,26.00,0.3828,2.07,1,-16,1.6807,AT_SEARCH_RAIL,0,769,1795,11797,0,0,442,0,0,0,0
112,0,1,1,ACCEPT,24.8736,4.2063,530,-2,0,0.6283,42.08,228.70,40.02,65.98,43.00,225.50,42.00,23.00,0.3427,3.33,1,-16,1.6972,AT_SEARCH_RAIL,0,776,1769,12061,0,0,530,0,0,0,0
113,0,1,1,ACCEPT,24.2170,3.0640,622,-2,0,0.7122,40.83,228.70,40.02,65.98,37.50,227.00,51.00,24.00,0.3307,3.74,1,16,1.2035,AT_SEARCH_RAIL,0,888,1698,14223,0,0,622,0,0,0,0
114,0,1,1,ACCEPT,26.4686,3.1687,770,-3,1,0.5039,38.95,229.73,40.02,65.98,35.50,227.00,45.00,26.00,0.3633,4.40,1,5,1.1609,MAX_STEP,0,889,1727,15583,0,0,770,0,0,0,0
115,0,1,1,ACCEPT,35.1035,5.4371,908,-2,0,0.6949,37.70,229.73,40.02,65.98,35.00,226.00,52.00,22.00,0.3032,4.61,1,5,1.3229,MAX_STEP,0,930,1687,15878,0,0,908,0,0,0,0
116,0,1,1,ACCEPT,41.6375,5.6957,917,-3,0,0.4537,35.83,229.73,40.02,65.98,33.50,224.50,51.00,19.00,0.2669,5.73,1,4,1.5357,MAX_STEP,0,915,1716,18072,0,0,917,0,0,0,0
117,0,1,1,ACCEPT,40.7783,8.1121,941,-2,0,0.7173,34.58,229.73,40.02,65.98,32.50,224.00,49.00,20.00,0.2838,6.10,1,4,1.5568,MAX_STEP,0,959,1755,17181,0,0,941,0,0,0,0
118,0,1,1,ACCEPT,41.9288,7.2748,953,-3,1,0.3851,32.70,230.77,40.02,65.98,28.00,222.00,52.00,14.00,0.1995,9.95,1,4,1.9363,MAX_STEP,0,945,1862,16956,0,0,953,0,0,0,0
119,0,1,1,ACCEPT,31.3863,4.5915,753,-2,0,0.6932,31.45,230.77,40.02,65.98,31.00,222.50,48.00,15.00,0.2175,8.28,1,4,1.7733,MAX_STEP,0,868,1742,12780,0,0,753,0,0,0,0
120,0,1,1,ACCEPT,33.8069,4.9562,679,-1,1,0.8306,30.83,231.80,40.02,65.98,28.50,223.50,51.00,13.00,0.1869,8.62,1,3,2.2298,MAX_STEP,0,672,1812,11613,0,0,679,0,0,0,0
121,0,1,1,ACCEPT,39.0509,5.7279,779,-4,0,0.2875,28.33,231.80,40.02,65.98,28.00,223.50,52.00,13.00,0.1861,8.30,1,3,2.1603,MAX_STEP,0,722,1801,11462,0,0,779,0,0,0,0
122,0,1,1,ACCEPT,40.7175,5.0065,771,-2,1,0.7302,27.08,232.83,40.02,65.98,30.00,222.00,48.00,14.00,0.2036,11.22,1,3,2.4315,MAX_STEP,0,672,1940,11081,0,0,771,0,0,0,0
123,0,1,1,ACCEPT,41.8339,4.9068,790,-3,0,0.4734,25.20,232.83,40.02,65.98,30.00,224.00,44.00,12.00,0.1641,10.05,1,3,2.3218,MAX_STEP,0,700,1932,11300,0,0,790,0,0,0,0
124,0,1,1,ACCEPT,37.2495,4.1273,681,-3,1,0.5448,23.33,233.86,43.28,71.36,28.50,225.00,43.00,12.00,0.1447,10.26,1,2,2.6976,ACCEPT,0,600,2051,9898,0,0,681,0,0,0,0
125,0,1,1,ACCEPT,25.6645,3.8529,524,-5,2,0.1298,19.93,236.09,45.02,74.22,29.50,226.00,41.00,14.00,0.1358,13.91,1,1,3.0935,ACCEPT,0,626,2097,11976,0,0,524,0,0,0,0
126,0,1,1,ACCEPT,28.4110,4.6639,569,-3,2,0.2724,17.82,238.41,46.82,77.18,28.00,226.50,44.00,13.00,0.1229,15.66,1,1,3.0544,ACCEPT,0,727,2088,12034,0,0,569,0,0,0,0
127,0,1,1,ACCEPT,24.4396,3.2157,492,-4,1,0.2805,14.88,239.61,48.69,80.27,29.00,228.00,42.00,14.00,0.1077,18.28,1,1,3.0506,ACCEPT,0,688,2187,13711,0,0,492,0,0,0,0
128,0,1,1,ACCEPT,21.3405,2.9745,467,-2,0,0.6488,13.37,239.61,48.69,80.27,26.50,229.50,41.00,13.00,0.1023,16.57,1,0,2.9147,ACCEPT,0,726,2261,13224,0,0,467,0,0,0,0
129,0,1,1,ACCEPT,25.3309,3.7246,514,-1,1,0.7879,12.61,240.87,48.69,80.27,27.00,231.00,40.00,18.00,0.1319,17.45,1,0,2.9430,ACCEPT,0,632,2252,14998,0,0,514,0,0,0,0
130,0,1,1,ACCEPT,30.0777,4.9778,672,-2,1,0.4926,11.09,242.12,48.69,80.27,26.50,232.50,45.00,15.00,0.1147,18.17,1,0,2.8517,ACCEPT,0,717,2344,16675,0,0,672,0,0,0,0
131,0,1,1,ACCEPT,29.0823,3.8683,646,-1,1,0.7693,10.34,243.38,48.69,80.27,29.00,234.00,42.00,14.00,0.0906,20.89,1,0,2.9156,ACCEPT,0,683,2662,17360,0,0,646,0,0,0,0
132,0,1,1,ACCEPT,32.7695,5.0224,673,0,1,0.8098,10.34,244.64,48.69,80.27,29.00,235.00,44.00,14.00,0.0937,21.01,1,0,3.0337,ACCEPT,0,677,2476,18454,0,0,673,0,0,0,0
133,0,1,1,ACCEPT,33.7230,6.0360,670,-1,1,0.8955,9.58,245.90,48.69,80.27,28.00,241.00,48.00,20.00,0.1402,19.06,1,0,3.1184,ACCEPT,0,640,2521,20209,0,0,670,0,0,0,0
134,0,1,1,ACCEPT,30.4959,3.7592,718,-2,1,0.5752,8.06,247.16,48.69,80.27,28.00,243.00,48.00,22.00,0.1440,20.37,1,0,3.1707,ACCEPT,0,753,2499,23525,0,0,718,0,0,0,0
135,0,1,1,ACCEPT,29.0166,4.4257,655,0,1,0.9420,8.06,248.41,48.69,80.27,32.00,240.00,46.00,14.00,0.0776,25.37,1,0,3.2314,ACCEPT,0,860,2390,20490,0,0,655,0,0,0,0
136,0,1,1,ACCEPT,32.6063,5.3053,504,-1,1,0.8869,7.30,249.67,48.69,80.27,33.50,240.50,45.00,11.00,0.0544,27.75,1,0,3.2865,ACCEPT,0,672,2622,16763,0,0,504,0,0,0,0
137,0,1,1,ACCEPT,35.3566,5.3614,445,0,0,1.0000,7.30,249.67,48.69,80.27,36.50,241.00,45.00,14.00,0.0576,30.46,1,0,3.4151,ACCEPT,0,515,2797,12098,0,0,445,0,0,0,0
138,0,1,1,ACCEPT,39.0816,5.4819,455,0,1,0.8681,7.30,250.93,48.69,80.27,39.00,242.50,46.00,13.00,0.0473,32.80,1,0,3.4381,ACCEPT,0,472,2801,9764,0,0,455,0,0,0,0
139,0,1,1,ACCEPT,39.9197,7.1250,456,-1,1,0.7807,6.55,252.19,48.69,80.27,42.50,244.00,53.00,12.00,0.0409,36.87,1,0,3.3954,ACCEPT,0,445,2590,12326,0,0,456,0,0,0,0
140,0,1,1,ACCEPT,42.2661,7.0141,498,-1,1,0.6426,5.79,253.45,48.69,80.27,43.50,246.50,51.00,11.00,0.0308,38.35,1,0,3.3201,ACCEPT,0,524,2780,11661,0,0,498,0,0,0,0
141,0,1,1,ACCEPT,42.1048,5.8205,454,0,1,0.8370,5.79,254.70,48.69,80.27,45.00,247.00,52.00,14.00,0.0348,39.96,1,0,3.3487,ACCEPT,0,450,3001,11460,0,0,454,0,0,0,0
142,0,1,1,ACCEPT,41.9390,6.5333,490,-1,1,0.8000,5.03,255.96,48.69,80.27,42.50,250.00,71.00,14.00,0.0683,37.94,1,0,3.2981,ACCEPT,0,474,3122,13358,0,0,490,0,0,0,0
143,0,1,1,ACCEPT,33.5944,5.2824,449,0,1,0.8909,5.03,257.22,48.69,80.27,49.50,251.00,81.00,14.00,0.0600,44.90,1,0,3.1282,ACCEPT,0,451,2538,17067,0,0,449,0,0,0,0
144,0,1,1,ACCEPT,36.5807,4.5932,542,-1,1,0.8155,4.27,258.48,48.69,80.27,50.00,250.50,84.00,13.00,0.0566,46.42,1,0,3.3305,ACCEPT,0,528,2462,16334,0,0,542,0,0,0,0
145,0,1,1,ACCEPT,41.6633,5.7957,539,0,1,0.8664,4.27,259.73,48.69,80.27,53.00,251.50,88.00,13.00,0.0532,49.42,1,0,3.2885,ACCEPT,0,480,2482,16421,0,0,539,0,0,0,0
146,0,1,1,ACCEPT,37.5971,4.5345,526,0,0,1.0000,4.27,259.73,48.69,80.27,55.50,252.50,93.00,13.00,0.0525,51.73,1,0,3.2583,ACCEPT,0,630,2556,15999,0,0,526,0,0,0,0
147,0,1,1,ACCEPT,40.8447,5.4854,565,-1,1,0.7062,3.52,260.99,48.69,80.27,63.00,253.50,90.00,15.00,0.0289,59.95,1,0,3.2584,ACCEPT,0,511,2428,15421,0,0,565,0,0,0,0
148,0,1,1,ACCEPT,39.6451,4.7273,572,-2,1,0.6031,2.00,262.25,48.69,80.27,65.00,253.00,96.00,14.00,0.0255,63.68,1,0,3.0812,ACCEPT,0,590,2618,13286,0,0,572,0,0,0,0
149,0,1,1,ACCEPT,45.3416,5.1562,495,0,0,1.0000,2.00,262.25,48.69,80.27,70.00,254.00,96.00,14.00,0.0117,68.50,1,0,3.1989,ACCEPT,0,442,2636,12663,0,0,495,0,0,0,0
150,0,1,1,ACCEPT,43.5078,5.7037,462,-2,1,0.6169,0.48,263.51,48.69,80.27,75.00,253.50,100.00,13.00,0.0000,75.18,1,0,3.0033,ACCEPT,0,503,2815,11709,0,0,462,0,0,0,0
151,0,1,1,ACCEPT,49.6639,5.7595,455,-1,-1,0.8220,-0.27,262.25,48.69,80.27,73.00,252.50,100.00,13.00,0.0027,73.92,1,0,3.1056,ACCEPT,0,423,2922,11970,0,0,455,0,0,0,0
152,0,1,1,ACCEPT,50.9644,5.7701,502,-2,1,0.4661,-1.79,263.51,48.69,80.27,74.50,253.50,107.00,13.00,0.0038,76.94,1,0,3.0928,ACCEPT,0,434,2884,13937,0,0,502,0,0,0,0
153,0,1,1,ACCEPT,48.8960,4.8700,487,-1,-1,0.9281,-2.55,262.25,48.69,80.27,85.00,253.00,102.00,16.00,0.0000,88.03,1,0,3.0219,ACCEPT,0,459,2823,11946,0,0,487,0,0,0,0
154,0,1,1,ACCEPT,50.4472,6.1892,458,-1,1,0.6528,-3.30,263.51,48.69,80.27,84.00,252.50,100.00,13.00,0.0000,88.00,1,0,3.0012,ACCEPT,0,389,2670,11965,0,0,458,0,0,0,0
155,0,1,1,ACCEPT,37.2080,4.8837,420,-3,-1,0.2524,-5.58,262.25,48.69,80.27,98.50,252.00,87.00,12.00,0.0000,104.58,1,0,2.9361,ACCEPT,0,440,2990,12338,0,0,420,0,0,0,0
156,0,1,1,ACCEPT,45.6760,6.0448,405,-1,1,0.8593,-6.34,263.51,48.69,80.27,97.00,252.00,92.00,14.00,0.0000,103.97,1,0,2.9568,ACCEPT,0,314,3054,11295,0,0,405,0,0,0,0
157,0,1,1,ACCEPT,55.0510,7.4717,396,-1,0,0.7551,-7.09,263.51,48.69,80.27,112.50,251.50,71.00,17.00,0.0000,120.20,1,0,2.9392,ACCEPT,0,278,3137,10865,0,0,396,0,0,0,0
158,0,1,1,ACCEPT,62.3879,8.6087,396,-1,0,0.8485,-7.85,263.51,48.69,80.27,112.00,253.00,76.00,18.00,0.0000,120.31,1,0,2.8865,ACCEPT,0,274,3115,11050,0,0,396,0,0,0,0
159,0,1,1,ACCEPT,57.5046,6.3103,366,0,0,1.0000,-7.85,263.51,48.69,80.27,116.50,253.00,61.00,18.00,0.0000,124.79,1,0,2.8434,ACCEPT,0,236,3011,10867,0,0,366,0,0,0,0
160,0,1,1,ACCEPT,66.5444,7.1132,377,0,0,1.0000,-7.85,263.51,48.69,80.27,121.00,253.00,70.00,18.00,0.0000,129.28,1,0,2.8337,ACCEPT,0,227,2968,11509,0,0,377,0,0,0,0
161,0,1,1,ACCEPT,59.8577,8.6047,370,-1,-1,0.9892,-8.61,262.25,48.69,80.27,124.00,251.50,76.00,19.00,0.0000,133.04,1,0,2.9474,ACCEPT,0,232,2968,10101,0,0,370,0,0,0,0
162,0,1,1,ACCEPT,56.2773,8.2564,322,1,1,0.9317,-7.85,263.51,48.69,80.27,131.50,252.00,59.00,16.00,0.0000,139.83,1,0,2.7529,ACCEPT,0,223,3011,10353,0,0,322,0,0,0,0
163,0,1,1,ACCEPT,51.2240,7.3333,330,-1,-2,0.7545,-8.61,260.99,48.69,80.27,133.00,251.50,58.00,17.00,0.0000,141.93,1,0,3.1741,ACCEPT,0,235,2968,9938,0,0,330,0,0,0,0
164,0,1,1,ACCEPT,53.3456,6.7500,297,1,0,0.7172,-7.85,260.99,48.69,80.27,139.50,251.50,63.00,13.00,0.0000,147.66,1,0,3.2313,ACCEPT,0,242,2859,9921,0,0,297,0,0,0,0
165,0,1,1,ACCEPT,49.6665,4.8209,323,1,-1,0.7647,-7.09,259.73,48.69,80.27,139.50,250.00,65.00,12.00,0.0000,146.92,1,0,3.3329,ACCEPT,0,260,2627,10840,0,0,323,0,0,0,0
166,0,1,1,ACCEPT,53.2631,6.2500,375,0,-1,0.8293,-7.09,258.48,48.69,80.27,145.00,251.00,66.00,16.00,0.0000,152.28,1,0,3.3961,ACCEPT,0,326,2491,11109,0,0,375,0,0,0,0
167,0,1,1,ACCEPT,47.9299,5.3333,384,1,-1,0.8438,-6.34,257.22,48.69,80.27,144.00,249.50,72.00,19.00,0.0000,150.53,1,0,3.3846,ACCEPT,0,283,2236,14482,0,0,384,0,0,0,0
168,0,1,1,ACCEPT,54.6820,6.0500,484,0,-1,0.9442,-6.34,255.96,48.69,80.27,147.00,248.00,76.00,18.00,0.0000,153.54,1,0,3.3679,ACCEPT,0,349,2281,14875,0,0,484,0,0,0,0
169,0,1,1,ACCEPT,57.0032,7.6308,496,0,-1,0.9254,-6.34,254.70,48.69,80.27,147.50,245.00,77.00,18.00,0.0000,154.14,1,0,3.3636,ACCEPT,0,316,2133,16413,0,0,496,0,0,0,0
170,0,1,1,ACCEPT,58.6581,7.3151,534,0,-1,0.8895,-6.34,253.45,48.69,80.27,150.50,244.00,81.00,18.00,0.0000,157.12,1,0,3.3448,ACCEPT,0,322,1982,17188,0,0,534,0,0,0,0
171,0,1,1,ACCEPT,53.6747,6.6220,543,1,0,0.9190,-5.58,253.45,48.69,80.27,152.00,240.50,78.00,23.00,0.0000,158.11,1,0,3.3080,ACCEPT,0,327,1930,17184,0,0,543,0,0,0,0
172,0,1,1,ACCEPT,54.9329,7.1026,554,1,-1,0.7599,-4.82,252.19,48.69,80.27,161.00,239.50,64.00,17.00,0.0000,166.30,1,0,3.3320,ACCEPT,0,366,1838,17265,0,0,554,0,0,0,0
173,0,1,1,ACCEPT,54.3654,5.9140,550,0,-1,0.8564,-4.82,250.93,48.69,80.27,162.50,240.00,61.00,20.00,0.0000,167.68,1,0,3.3028,ACCEPT,0,341,1774,17788,0,0,550,0,0,0,0
174,0,1,1,ACCEPT,54.9246,6.0426,568,1,-1,0.7412,-4.06,249.67,48.69,80.27,163.50,236.50,57.00,21.00,0.0000,168.08,1,0,3.0771,ACCEPT,0,383,1569,18943,0,0,568,0,0,0,0
175,0,1,1,ACCEPT,52.0379,5.5657,551,0,-1,0.8820,-4.06,248.41,48.69,80.27,166.00,235.00,56.00,22.00,0.0000,170.59,1,0,2.7996,ACCEPT,0,345,1372,18873,0,0,551,0,0,0,0
176,0,1,1,ACCEPT,52.8446,6.2326,536,0,0,1.0000,-4.06,248.41,50.64,83.48,169.50,234.00,55.00,26.00,0.0000,174.16,1,1,2.7238,ACCEPT,0,322,1385,21094,0,0,536,0,0,0,0
177,0,1,1,ACCEPT,47.3844,5.6535,571,-1,0,0.9405,-4.85,248.41,50.64,83.48,170.50,232.00,57.00,28.00,0.0000,176.12,1,0,2.5027,ACCEPT,0,396,1503,20793,0,0,571,0,0,0,0
178,0,1,1,ACCEPT,45.0008,4.0350,577,1,0,0.9341,-4.06,248.41,50.64,83.48,171.00,231.00,54.00,30.00,0.0000,175.93,1,0,2.7004,ACCEPT,0,438,1702,18228,0,0,577,0,0,0,0
179,0,1,1,ACCEPT,38.8839,4.9623,526,-1,0,0.9962,-4.85,248.41,52.66,86.82,173.00,230.00,56.00,32.00,0.0000,178.80,1,1,2.9940,ACCEPT,0,438,1399,20453,0,0,526,0,0,0,0
180,0,1,1,ACCEPT,39.2535,5.0811,564,0,1,0.9663,-4.85,249.77,52.66,86.82,174.50,229.50,57.00,31.00,0.0000,180.49,1,0,3.1475,ACCEPT,0,473,1462,20046,0,0,564,0,0,0,0
181,0,1,1,ACCEPT,40.5763,5.3608,520,1,-1,0.7769,-4.03,248.41,52.66,86.82,176.50,230.00,57.00,30.00,0.0000,181.47,1,0,3.5188,ACCEPT,0,446,1555,18720,0,0,520,0,0,0,0
182,0,1,1,ACCEPT,40.2193,4.4112,472,1,0,0.9470,-3.21,248.41,52.66,86.82,179.50,226.50,57.00,35.00,0.0000,184.02,1,0,3.2715,ACCEPT,0,386,1687,19806,0,0,472,0,0,0,0
183,0,1,1,ACCEPT,44.9041,6.1905,520,1,0,0.8462,-2.39,248.41,52.66,86.82,184.50,226.00,53.00,34.00,0.0000,188.23,1,0,3.1496,ACCEPT,0,388,1858,21826,0,0,520,0,0,0,0
184,0,1,1,ACCEPT,47.8942,6.6705,587,1,0,0.8620,-1.57,248.41,52.66,86.82,185.50,226.00,53.00,34.00,0.0000,188.41,1,0,3.0303,ACCEPT,0,409,1856,25115,0,0,587,0,0,0,0
185,0,1,1,ACCEPT,39.6479,6.6951,549,2,-1,0.4973,0.07,247.05,52.66,86.82,188.00,225.50,52.00,35.00,0.0000,189.16,1,0,3.2303,ACCEPT,0,462,1923,25006,0,0,549,0,0,0,0
186,0,1,1,ACCEPT,41.1607,5.9655,519,2,0,0.6339,1.71,247.05,52.66,86.82,189.50,225.00,55.00,36.00,0.0000,189.08,1,0,3.2423,ACCEPT,0,365,1956,23047,0,0,519,0,0,0,0
187,0,1,1,ACCEPT,40.4457,5.2549,536,1,0,0.8769,2.53,247.05,52.66,86.82,194.00,224.00,56.00,40.00,0.0000,192.85,1,0,3.2298,ACCEPT,0,466,2181,21067,0,0,536,0,0,0,0
188,0,1,1,ACCEPT,43.4736,6.8961,531,1,-1,0.8418,3.35,245.70,52.66,86.82,195.50,223.50,57.00,43.00,0.0000,193.43,1,0,3.2171,ACCEPT,0,440,2261,19702,0,0,531,0,0,0,0
189,0,1,1,ACCEPT,43.1289,6.2308,486,3,0,0.3086,5.81,245.70,52.66,86.82,198.00,224.00,56.00,46.00,0.0000,193.41,1,0,3.1860,ACCEPT,0,402,1851,19721,0,0,486,0,0,0,0
190,0,1,1,ACCEPT,34.9924,3.9440,493,1,0,0.8174,6.63,245.70,52.66,86.82,200.50,223.50,57.00,49.00,0.0000,195.13,1,0,3.2174,ACCEPT,0,407,2053,16483,0,0,493,0,0,0,0
191,0,1,1,ACCEPT,36.5678,6.2234,585,1,0,0.8735,7.45,245.70,52.66,86.82,204.50,222.50,51.00,53.00,0.0000,198.41,1,0,3.2083,ACCEPT,0,463,1667,17925,0,0,585,0,0,0,0
192,0,1,1,ACCEPT,43.6441,7.4731,695,2,0,0.6532,9.09,245.70,52.66,86.82,205.50,222.50,53.00,55.00,0.0000,197.77,1,0,3.1973,ACCEPT,0,518,1740,19268,0,0,695,0,0,0,0
193,0,1,1,ACCEPT,49.8285,8.1443,790,0,0,1.0000,9.09,245.70,52.66,86.82,206.00,221.00,52.00,56.00,0.0000,198.45,1,0,3.2597,ACCEPT,0,585,1869,19247,0,0,790,0,0,0,0
194,0,1,1,ACCEPT,54.5630,8.8966,774,1,0,0.9380,9.91,245.70,52.66,86.82,207.00,218.50,52.00,59.00,0.0000,198.95,1,0,3.2555,ACCEPT,0,532,1969,18298,0,0,774,0,0,0,0
195,0,1,1,ACCEPT,58.7403,9.0988,737,-1,0,0.9905,9.09,245.70,52.66,86.82,207.00,217.00,52.00,60.00,0.0000,199.98,1,0,3.1656,ACCEPT,0,481,1959,17814,0,0,737,0,0,0,0
196,0,1,1,ACCEPT,56.6740,9.8133,736,0,-1,0.9158,9.09,244.34,52.66,86.82,206.50,213.00,53.00,72.00,0.0000,199.88,1,0,3.2137,ACCEPT,0,522,2086,15806,0,0,736,0,0,0,0
197,0,1,1,ACCEPT,66.3317,10.2615,667,0,0,1.0000,9.09,244.34,52.66,86.82,208.00,209.50,54.00,73.00,0.0000,201.93,1,0,3.1384,ACCEPT,0,392,2123,15200,0,0,667,0,0,0,0
198,0,1,1,ACCEPT,66.2312,11.5172,668,0,-1,0.8353,9.09,242.98,52.66,86.82,208.00,210.00,56.00,70.00,0.0000,201.62,1,0,3.1729,ACCEPT,0,406,1959,14848,0,0,668,0,0,0,0
199,0,1,1,ACCEPT,67.8462,11.8036,661,0,-1,0.8290,9.09,241.62,52.66,86.82,208.50,208.50,53.00,67.00,0.0000,202.14,1,0,3.2069,ACCEPT,0,415,1960,15333,0,0,661,0,0,0,0
200,0,1,1,ACCEPT,73.9119,12.5273,689,0,-1,0.7750,9.09,240.26,52.66,86.82,208.50,208.50,55.00,65.00,0.0000,201.92,1,0,3.1943,ACCEPT,0,374,1916,16050,0,0,689,0,0,0,0
201,0,1,1,ACCEPT,74.1865,11.2540,709,0,-1,0.9069,9.09,238.90,52.66,86.82,208.50,204.50,55.00,71.00,0.0000,202.35,1,0,3.1961,ACCEPT,0,408,1902,16131,0,0,709,0,0,0,0
202,0,1,1,ACCEPT,75.4992,11.8197,721,0,-1,0.8294,9.09,237.54,52.66,86.82,209.50,202.50,55.00,75.00,0.0000,203.45,1,0,3.2322,ACCEPT,0,379,1813,17272,0,0,721,0,0,0,0
203,0,1,1,ACCEPT,50.6469,6.8706,584,0,-1,0.7842,9.09,236.18,52.66,86.82,211.00,198.00,54.00,76.00,0.0000,205.48,1,0,3.1711,ACCEPT,0,509,1725,14679,0,0,584,0,0,0,0
204,0,1,1,ACCEPT,58.6700,8.3857,587,1,-1,0.6951,9.91,234.82,52.66,86.82,210.00,196.50,52.00,77.00,0.0000,203.72,1,0,3.1599,ACCEPT,0,420,1599,16368,0,0,587,0,0,0,0
205,0,1,1,ACCEPT,61.6653,9.6774,600,1,-1,0.6667,10.73,233.46,52.66,86.82,213.00,190.00,52.00,80.00,0.0000,206.88,1,0,3.1504,ACCEPT,0,411,1604,16864,0,0,600,0,0,0,0
206,0,1,1,ACCEPT,60.6420,9.6271,568,1,-1,0.6285,11.55,232.10,52.66,86.82,215.00,190.50,54.00,81.00,0.0000,207.66,1,0,3.0494,ACCEPT,0,386,1548,16971,0,0,568,0,0,0,0
207,0,1,1,ACCEPT,65.4940,8.6716,581,2,-2,0.4131,13.20,229.38,52.66,86.82,215.50,184.50,53.00,85.00,0.0000,207.22,1,0,3.1119,ACCEPT,0,411,1610,14760,0,0,581,0,0,0,0
208,0,1,1,ACCEPT,61.9286,8.5588,582,2,-1,0.4691,14.84,228.02,52.66,86.82,217.50,181.00,51.00,84.00,0.0000,208.05,1,0,3.0655,ACCEPT,0,413,1491,16977,0,0,582,0,0,0,0
209,0,1,1,ACCEPT,58.8644,6.6421,631,1,-2,0.5483,15.66,225.30,52.66,86.82,220.50,178.00,53.00,86.00,0.0000,210.23,1,0,3.0829,ACCEPT,0,514,1877,18118,0,0,631,0,0,0,0
210,0,1,1,ACCEPT,59.1791,7.2289,600,2,-1,0.5367,17.30,223.95,52.66,86.82,221.00,175.50,50.00,95.00,0.0000,209.38,1,0,3.0966,ACCEPT,0,424,1753,19875,0,0,600,0,0,0,0
211,0,1,1,ACCEPT,56.2238,8.2078,632,3,-1,0.2816,19.76,222.59,52.66,86.82,224.00,176.00,52.00,90.00,0.0000,209.49,1,0,3.1598,ACCEPT,0,411,1826,22663,0,0,632,0,0,0,0
212,0,1,1,ACCEPT,49.8331,8.3721,720,1,-1,0.7556,20.58,221.23,52.66,86.82,224.50,169.00,49.00,96.00,0.0000,210.50,1,0,3.1194,ACCEPT,0,498,1736,19431,0,0,720,0,0,0,0
213,0,1,1,ACCEPT,46.5194,7.8646,755,1,-1,0.8861,21.40,219.87,52.66,86.82,226.50,166.50,51.00,97.00,0.0000,211.93,1,0,3.0866,ACCEPT,0,503,1870,17976,0,0,755,0,0,0,0
214,0,1,1,ACCEPT,46.7043,7.2054,807,3,0,0.4312,23.86,219.87,52.66,86.82,226.50,166.50,51.00,97.00,0.0000,209.55,1,0,3.1451,ACCEPT,0,552,1720,18829,0,0,807,0,0,0,0
215,0,1,1,ACCEPT,46.3322,8.1186,958,0,-1,0.8601,23.86,218.51,52.66,86.82,231.50,163.00,53.00,100.00,0.0000,214.93,1,0,3.1093,ACCEPT,0,692,2161,19355,0,0,958,0,0,0,0
216,0,1,1,ACCEPT,51.8121,8.6356,1019,1,-1,0.7154,24.68,217.15,52.66,86.82,232.00,161.50,54.00,95.00,0.0000,214.66,1,0,3.1439,ACCEPT,0,655,2180,21112,0,0,1019,0,0,0,0
217,0,1,1,ACCEPT,51.0789,8.4583,1015,1,-1,0.7941,25.50,215.79,52.66,86.82,233.00,160.50,54.00,95.00,0.0000,214.74,1,0,3.1289,ACCEPT,0,618,2179,18324,0,0,1015,0,0,0,0
218,0,1,1,ACCEPT,47.8367,7.9333,952,0,-2,0.6723,25.50,213.07,52.66,86.82,234.50,158.50,55.00,93.00,0.0000,216.01,1,0,3.1281,ACCEPT,0,638,2127,20248,0,0,952,0,0,0,0
219,0,1,1,ACCEPT,52.2859,9.3302,989,1,-1,0.8059,26.32,211.71,52.66,86.82,236.50,156.50,53.00,93.00,0.0000,217.31,1,0,3.1565,ACCEPT,0,574,2109,21865,0,0,989,0,0,0,0
220,0,1,1,ACCEPT,50.2761,8.3782,997,1,-2,0.5045,27.14,208.99,52.66,86.82,237.00,155.00,54.00,92.00,0.0000,216.69,1,0,3.2319,ACCEPT,0,601,1953,23555,0,0,997,0,0,0,0
221,0,1,1,ACCEPT,53.3889,9.0909,1000,0,-1,0.8420,27.14,207.63,52.66,86.82,237.50,152.50,55.00,91.00,0.0000,217.46,1,0,3.1674,ACCEPT,0,637,1978,23705,0,0,1000,0,0,0,0
222,0,1,1,ACCEPT,51.6706,8.8000,968,0,-1,0.8636,27.14,206.27,52.66,86.82,236.50,153.50,57.00,91.00,0.0000,215.91,1,0,3.2127,ACCEPT,0,666,2092,21935,0,0,968,0,0,0,0
223,0,1,1,ACCEPT,52.0618,7.7658,862,0,0,1.0000,27.14,206.27,52.66,86.82,236.50,153.50,59.00,95.00,0.0000,215.91,1,0,3.1606,ACCEPT,0,677,2139,18801,0,0,862,0,0,0,0
224,0,1,1,ACCEPT,50.9858,6.3902,786,0,-1,0.9262,27.14,204.91,52.66,86.82,239.50,152.00,55.00,96.00,0.0000,218.85,1,0,3.1589,ACCEPT,0,571,2101,19288,0,0,786,0,0,0,0
225,0,1,1,ACCEPT,53.0908,6.8087,783,1,0,0.9336,27.96,204.91,52.66,86.82,240.00,152.00,56.00,98.00,0.0000,218.54,1,0,3.1202,ACCEPT,0,541,2182,18494,0,0,783,0,0,0,0
226,0,1,1,ACCEPT,57.2001,5.6667,765,0,-1,0.9464,27.96,203.55,52.66,86.82,242.50,151.50,57.00,95.00,0.0000,220.76,1,0,3.1702,ACCEPT,0,552,2106,19064,0,0,765,0,0,0,0
227,0,1,1,ACCEPT,39.7053,5.1639,630,0,0,1.0000,27.96,203.55,52.66,86.82,243.50,151.00,57.00,100.00,0.0000,221.85,1,0,3.0373,ACCEPT,0,551,2622,13472,0,0,630,0,0,0,0
228,0,1,1,ACCEPT,45.2746,7.7468,612,1,-1,0.7173,28.78,202.20,52.66,86.82,245.00,146.00,56.00,102.00,0.0000,223.40,1,0,3.0277,ACCEPT,0,458,2620,14816,0,0,612,0,0,0,0
229,0,1,1,ACCEPT,45.6507,7.4268,609,1,-2,0.7488,29.60,199.48,52.66,86.82,247.50,144.50,57.00,101.00,0.0000,224.73,1,0,3.0184,ACCEPT,0,468,2571,15581,0,0,609,0,0,0,0
230,0,1,1,ACCEPT,49.7988,8.0114,705,-1,-1,0.8270,28.78,198.12,54.77,90.29,249.00,143.00,58.00,102.00,0.0000,227.01,1,1,2.8875,ACCEPT,0,525,2603,15338,0,0,705,0,0,0,0
231,0,1,1,ACCEPT,48.8098,9.8169,697,1,-2,0.4749,29.64,195.29,54.77,90.29,252.50,140.00,61.00,106.00,0.0000,229.62,1,0,2.9338,ACCEPT,0,488,2609,15409,0,0,697,0,0,0,0
232,0,1,1,ACCEPT,47.1416,7.3478,676,2,-3,0.3565,31.36,191.05,54.77,90.29,255.50,131.00,61.00,114.00,0.0000,232.04,1,0,3.0366,ACCEPT,0,547,2583,15462,0,0,676,0,0,0,0
233,0,1,1,ACCEPT,45.7662,5.5403,687,1,-2,0.4454,32.22,188.22,54.77,90.29,257.00,126.00,62.00,110.00,0.0000,233.23,1,0,3.0432,ACCEPT,0,529,2528,16735,0,0,687,0,0,0,0
234,0,1,1,ACCEPT,44.7012,4.8759,668,0,-2,0.5838,32.22,185.39,54.77,90.29,256.50,124.00,63.00,116.00,0.0000,232.53,1,0,3.0921,ACCEPT,0,542,2476,16912,0,0,668,0,0,0,0
235,0,1,1,ACCEPT,49.1297,4.4444,720,0,-2,0.6361,32.22,182.56,54.77,90.29,256.00,121.00,60.00,114.00,0.0000,232.09,1,0,3.1615,ACCEPT,0,509,2453,15922,0,0,720,0,0,0,0
236,0,1,1,ACCEPT,48.3060,5.1942,722,0,-2,0.6551,32.22,179.73,54.77,90.29,256.50,126.50,61.00,101.00,0.0000,230.51,1,0,3.2383,ACCEPT,0,516,2465,14425,0,0,722,0,0,0,0
237,0,1,1,ACCEPT,52.7433,5.9431,731,-1,-1,0.7551,31.36,178.32,54.77,90.29,256.00,126.50,64.00,97.00,0.0000,230.54,1,0,3.2981,ACCEPT,0,479,2496,16279,0,0,731,0,0,0,0
238,0,1,1,ACCEPT,52.0892,7.9706,813,-1,0,0.8364,30.50,178.32,54.77,90.29,254.50,124.50,63.00,99.00,0.0000,230.37,1,0,3.2498,ACCEPT,0,529,2415,17805,0,0,813,0,0,0,0
239,0,1,1,ACCEPT,41.3096,7.4519,775,-2,-1,0.6735,28.78,176.91,54.77,90.29,256.00,121.50,66.00,103.00,0.0000,233.88,1,0,3.2652,ACCEPT,0,623,2091,18849,0,0,775,0,0,0,0
240,0,1,1,ACCEPT,45.8898,7.4333,892,0,0,1.0000,28.78,176.91,54.77,90.29,254.00,120.50,64.00,101.00,0.0000,232.17,1,0,3.2671,ACCEPT,0,609,2113,19185,0,0,892,0,0,0,0
241,0,1,1,ACCEPT,50.3514,7.6452,948,-1,-1,0.8987,27.92,175.49,54.77,90.29,256.00,118.50,68.00,105.00,0.0000,235.09,1,0,3.2514,ACCEPT,0,619,2083,19230,0,0,948,0,0,0,0
242,0,1,1,ACCEPT,52.7162,9.6211,914,1,0,0.9540,28.78,175.49,54.77,90.29,254.50,121.00,63.00,102.00,0.0000,232.20,1,0,3.2506,ACCEPT,0,585,2085,17128,0,0,914,0,0,0,0
243,0,1,1,ACCEPT,50.1187,9.4737,900,0,0,1.0000,28.78,175.49,54.77,90.29,255.00,119.00,68.00,104.00,0.0000,233.17,1,0,3.2091,ACCEPT,0,587,1987,17126,0,0,900,0,0,0,0
244,0,1,1,ACCEPT,47.6318,8.9184,874,-1,0,0.8627,27.92,175.49,54.77,90.29,253.00,118.50,64.00,97.00,0.0000,232.18,1,0,3.1164,ACCEPT,0,733,1937,17971,0,0,874,0,0,0,0
245,0,1,1,ACCEPT,44.6506,8.1456,839,-1,-1,0.8415,27.06,174.08,54.77,90.29,249.50,118.00,63.00,98.00,0.0000,229.40,1,0,3.2477,ACCEPT,0,637,2007,16841,0,0,839,0,0,0,0
246,0,1,1,ACCEPT,44.3563,6.9735,788,-1,1,0.8617,26.20,175.49,54.77,90.29,251.50,117.00,63.00,98.00,0.0000,232.77,1,0,3.1690,ACCEPT,0,620,2179,14286,0,0,788,0,0,0,0
247,0,1,1,ACCEPT,44.4117,9.4500,756,-1,1,0.9312,25.34,176.91,54.77,90.29,247.00,116.50,60.00,97.00,0.0000,229.74,1,0,3.1293,ACCEPT,0,629,2122,13639,0,0,756,0,0,0,0
248,0,1,1,ACCEPT,42.4680,7.1038,753,0,0,1.0000,25.34,176.91,54.77,90.29,245.50,117.00,55.00,96.00,0.0000,228.16,1,0,3.3031,ACCEPT,0,573,2084,15541,0,0,753,0,0,0,0
249,0,1,1,ACCEPT,45.0988,9.0303,894,-1,1,0.8624,24.48,178.32,54.77,90.29,244.50,114.00,55.00,92.00,0.0000,229.22,1,0,3.2548,ACCEPT,0,675,2085,14243,0,0,894,0,0,0,0
250,0,1,1,ACCEPT,45.6721,7.7054,863,0,0,1.0000,24.48,178.32,54.77,90.29,245.50,111.00,57.00,92.00,0.0000,231.04,1,0,3.2068,ACCEPT,0,692,2077,14008,0,0,863,0,0,0,0
251,0,1,1,ACCEPT,37.1197,7.2828,721,0,-1,0.9431,24.48,176.91,54.77,90.29,244.50,107.00,51.00,96.00,0.0000,230.85,1,0,3.2079,ACCEPT,0,608,2058,13311,0,0,721,0,0,0,0
252,0,1,1,ACCEPT,38.2649,8.0217,738,0,-1,0.9634,24.48,175.49,54.77,90.29,248.50,102.00,61.00,98.00,0.0000,235.76,1,0,3.2697,ACCEPT,0,625,2147,15581,0,0,738,0,0,0,0
253,0,1,1,ACCEPT,37.0103,6.9099,767,-1,0,0.9804,23.62,175.49,54.77,90.29,247.50,97.00,59.00,96.00,0.0000,237.24,1,0,3.2276,ACCEPT,0,730,2146,13337,0,0,767,0,0,0,0
254,0,1,1,ACCEPT,43.2908,9.1059,774,-1,0,0.8669,22.77,175.49,54.77,90.29,246.50,95.00,59.00,94.00,0.0000,237.77,1,0,3.2479,ACCEPT,0,642,2238,11022,0,0,774,0,0,0,0
255,0,1,1,ACCEPT,45.3099,7.6952,808,1,1,0.8960,23.62,176.91,54.77,90.29,252.50,92.00,53.00,90.00,0.0000,244.12,1,0,3.2004,ACCEPT,0,577,2020,10101,0,0,808,0,0,0,0
256,0,1,1,ACCEPT,45.1669,7.3750,708,0,0,1.0000,23.62,176.91,54.77,90.29,249.00,89.50,52.00,91.00,0.0000,241.73,1,0,3.3030,ACCEPT,0,495,2046,10418,0,0,708,0,0,0,0
257,0,1,1,ACCEPT,46.8328,8.3171,682,1,1,0.8915,24.48,178.32,54.77,90.29,252.00,90.00,54.00,90.00,0.0000,244.06,1,0,3.2534,ACCEPT,0,485,1874,10963,0,0,682,0,0,0,0
258,0,1,1,ACCEPT,44.6836,7.0690,615,2,0,0.7041,26.20,178.32,54.77,90.29,250.00,87.00,56.00,92.00,0.0000,241.71,1,0,3.2208,ACCEPT,0,446,1961,10440,0,0,615,0,0,0,0
259,0,1,1,ACCEPT,47.7316,9.1692,596,1,1,0.8154,27.06,179.73,54.77,90.29,252.50,84.00,53.00,88.00,0.0000,244.92,1,0,3.1886,ACCEPT,0,427,2092,9939,0,0,596,0,0,0,0
260,0,1,1,ACCEPT,48.6721,9.6780,571,1,2,0.7023,27.92,182.56,54.77,90.29,253.50,84.50,53.00,87.00,0.0000,245.97,1,0,3.1969,ACCEPT,0,428,2116,10661,0,0,571,0,0,0,0
261,0,1,1,ACCEPT,47.2340,9.2581,574,0,3,0.3136,27.92,186.80,54.77,90.29,249.50,84.50,47.00,81.00,0.0000,244.06,1,0,3.2026,ACCEPT,0,411,2275,10820,0,0,574,0,0,0,0
262,0,1,1,ACCEPT,45.4994,8.5152,562,2,3,0.2242,29.64,191.05,54.77,90.29,254.50,87.00,43.00,78.00,0.0000,247.76,1,0,3.2032,ACCEPT,0,436,2116,10515,0,0,562,0,0,0,0
263,0,1,1,ACCEPT,43.6822,7.0946,525,3,3,0.2305,32.22,195.29,54.77,90.29,254.50,106.00,41.00,100.00,0.0000,239.54,1,0,3.2074,ACCEPT,0,413,2243,10785,0,0,525,0,0,0,0
264,0,1,1,ACCEPT,49.6487,8.1948,631,2,3,0.1823,33.94,199.53,54.77,90.29,256.50,108.00,47.00,104.00,0.0000,240.65,1,0,3.2150,ACCEPT,0,435,2242,10762,0,0,631,0,0,0,0
265,0,1,1,ACCEPT,53.2963,8.3158,632,2,3,0.1187,35.66,203.77,54.77,90.29,257.00,108.00,48.00,102.00,0.0000,241.18,1,0,3.1964,ACCEPT,0,400,2272,11576,0,0,632,0,0,0,0
266,0,1,1,ACCEPT,42.6736,6.8421,520,0,5,0.0019,35.66,210.84,54.77,90.29,255.00,117.00,46.00,98.00,0.0000,238.58,1,0,3.0822,ACCEPT,0,432,2400,8231,0,0,520,0,0,0,0
267,0,1,1,ACCEPT,43.5162,7.2879,481,1,4,0.0541,36.52,216.50,54.77,90.29,257.50,121.00,39.00,98.00,0.0000,240.74,1,0,3.1011,ACCEPT,0,376,2350,8084,0,0,481,0,0,0,0
268,0,1,1,ACCEPT,51.1428,10.3396,548,1,4,0.0310,37.38,222.16,54.77,90.29,259.50,129.00,39.00,98.00,0.0000,240.87,1,0,3.1254,ACCEPT,0,350,2334,8687,0,0,548,0,0,0,0
269,0,1,1,ACCEPT,57.4441,8.9853,611,2,4,0.0393,39.09,227.81,54.77,90.29,259.50,129.00,39.00,96.00,0.0000,241.54,1,0,3.1275,ACCEPT,0,362,2406,10352,0,0,611,0,0,0,0
270,0,1,1,ACCEPT,64.6278,11.0984,677,-1,4,0.1374,38.23,233.47,54.77,90.29,258.00,138.00,36.00,100.00,0.0000,239.61,1,0,3.1586,ACCEPT,0,432,2326,12032,0,0,677,0,0,0,0
271,0,1,1,ACCEPT,51.1670,9.0820,554,2,5,0.0758,39.95,240.54,54.77,90.29,255.50,140.00,37.00,108.00,0.0000,237.84,1,0,3.0428,ACCEPT,0,406,2431,10455,0,0,554,0,0,0,0
272,0,1,1,ACCEPT,56.8379,9.4603,596,1,3,0.3087,40.81,244.78,54.77,90.29,256.00,144.50,42.00,103.00,0.0000,237.41,1,0,3.1423,ACCEPT,0,370,2481,10445,0,0,596,0,0,0,0
273,0,1,1,ACCEPT,62.8505,11.4590,699,0,3,0.1144,40.81,249.02,54.77,90.29,256.50,149.00,37.00,106.00,0.0000,237.75,1,0,3.1762,ACCEPT,0,405,2362,11205,0,0,699,0,0,0,0
274,0,1,1,ACCEPT,65.9789,10.9275,754,0,3,0.3316,40.81,253.27,54.77,90.29,256.00,150.50,40.00,107.00,0.0000,238.47,1,0,3.1832,ACCEPT,0,449,2374,11678,0,0,754,0,0,0,0
275,0,1,1,ACCEPT,58.3331,8.3263,791,1,2,0.5626,41.67,256.09,54.77,90.29,254.50,153.50,39.00,107.00,0.0000,236.27,1,0,3.2221,ACCEPT,0,397,2153,14690,0,0,791,0,0,0,0
276,0,1,1,ACCEPT,64.0685,9.5581,822,0,1,0.8248,41.67,257.51,54.77,90.29,256.50,155.50,43.00,105.00,0.0000,237.82,1,0,3.2663,ACCEPT,0,422,2123,12970,0,0,822,0,0,0,0
277,0,1,1,ACCEPT,73.4042,11.3623,784,0,2,0.5268,41.67,260.34,54.77,90.29,254.50,156.50,41.00,109.00,0.0000,236.81,1,0,3.2510,ACCEPT,0,372,2189,12155,0,0,784,0,0,0,0
278,0,1,1,ACCEPT,80.2324,9.8974,772,0,2,0.5324,41.67,263.16,54.77,90.29,251.00,161.50,46.00,109.00,0.0000,232.71,1,0,3.2519,ACCEPT,0,343,2159,12977,0,0,772,0,0,0,0
279,0,1,1,ACCEPT,76.5660,12.7407,688,1,0,0.9753,42.53,263.16,54.77,90.29,248.50,161.50,45.00,109.00,0.0000,229.69,1,0,3.2199,ACCEPT,0,351,2201,12739,0,0,688,0,0,0,0
280,0,1,1,ACCEPT,85.2771,11.8070,673,0,1,0.9584,42.53,264.58,54.77,90.29,246.50,164.50,47.00,101.00,0.0000,227.20,1,0,3.2109,ACCEPT,0,328,2199,13206,0,0,673,0,0,0,0
281,0,1,1,ACCEPT,84.2994,11.0656,675,-1,0,0.8963,41.67,264.58,54.77,90.29,243.50,166.00,47.00,102.00,0.0000,224.62,1,0,3.2408,ACCEPT,0,335,2224,14392,0,0,675,0,0,0,0
282,0,1,1,ACCEPT,82.5371,11.7869,719,-1,1,0.7260,40.81,265.99,54.77,90.29,241.00,167.00,48.00,102.00,0.0000,223.33,1,0,3.2464,ACCEPT,0,367,2293,16045,0,0,719,0,0,0,0
283,0,1,1,ACCEPT,80.9404,15.9362,749,0,2,0.7223,40.81,268.82,54.77,90.29,238.00,170.50,50.00,97.00,0.0000,220.34,1,0,3.2409,ACCEPT,0,397,2334,15768,0,0,749,0,0,0,0
284,0,1,1,ACCEPT,82.5384,13.2778,717,-1,0,0.9038,39.95,268.82,54.77,90.29,236.50,170.00,51.00,102.00,0.0000,219.99,1,0,3.2744,ACCEPT,0,358,2329,15740,0,0,717,0,0,0,0
285,0,1,1,ACCEPT,71.6713,13.8200,691,-1,1,0.8828,39.09,270.23,54.77,90.29,234.50,172.50,51.00,97.00,0.0000,218.48,1,0,3.2738,ACCEPT,0,365,2354,16179,0,0,691,0,0,0,0
286,0,1,1,ACCEPT,75.0441,13.0588,666,-1,0,0.9159,38.23,270.23,54.77,90.29,232.50,172.50,53.00,97.00,0.0000,217.47,1,0,3.2802,ACCEPT,0,357,2317,16391,0,0,666,0,0,0,0
287,0,1,1,ACCEPT,55.1845,10.3333,589,0,0,1.0000,38.23,270.23,54.77,90.29,231.00,189.00,54.00,66.00,0.0000,209.18,1,0,3.2550,ACCEPT,0,422,2264,19376,0,0,589,0,0,0,0
288,0,1,1,ACCEPT,69.2534,14.1887,752,0,0,1.0000,38.23,270.23,54.77,90.29,232.00,188.00,56.00,66.00,0.0000,210.49,1,0,3.2745,ACCEPT,0,438,2229,21078,0,0,752,0,0,0,0
289,0,1,1,ACCEPT,81.9929,15.5000,837,0,0,1.0000,38.23,270.23,54.77,90.29,232.00,188.50,58.00,65.00,0.0000,210.30,1,0,3.2799,ACCEPT,0,445,2245,19729,0,0,837,0,0,0,0
290,0,1,1,ACCEPT,89.0721,16.8936,794,0,0,1.0000,38.23,270.23,54.77,90.29,232.00,188.50,56.00,67.00,0.0000,210.30,1,0,3.2803,ACCEPT,0,377,2261,19064,0,0,794,0,0,0,0
291,0,1,1,ACCEPT,91.5765,15.2800,764,0,1,0.8979,38.23,271.65,54.77,90.29,231.50,190.00,55.00,66.00,0.0000,209.80,1,0,3.2932,ACCEPT,0,384,2290,19798,0,0,764,0,0,0,0
292,0,1,1,ACCEPT,97.9466,14.0741,760,0,0,1.0000,38.23,271.65,54.77,90.29,230.50,190.00,55.00,66.00,0.0000,208.88,1,0,3.2952,ACCEPT,0,379,2325,20045,0,0,760,0,0,0,0
293,0,1,1,ACCEPT,104.0339,17.5476,737,0,0,1.0000,38.23,271.65,54.77,90.29,230.50,191.00,55.00,66.00,0.0000,208.50,1,0,3.2863,ACCEPT,0,366,2314,19746,0,0,737,0,0,0,0
294,0,1,1,ACCEPT,100.8980,15.3333,736,0,0,1.0000,38.23,271.65,54.77,90.29,231.00,195.00,56.00,60.00,0.0000,207.45,1,0,3.2925,ACCEPT,0,355,2314,20118,0,0,736,0,0,0,0
295,0,1,1,ACCEPT,103.1947,14.5800,729,0,0,1.0000,38.23,271.65,54.77,90.29,230.50,196.00,57.00,62.00,0.0000,206.61,1,0,3.2769,ACCEPT,0,353,2424,18789,0,0,729,0,0,0,0
296,0,1,1,ACCEPT,92.6614,13.4038,697,0,1,0.9311,38.23,273.06,54.77,90.29,230.00,198.50,54.00,59.00,0.0000,205.75,1,0,3.3349,ACCEPT,0,331,2406,18954,0,0,697,0,0,0,0
297,0,1,1,ACCEPT,96.5619,13.1961,673,0,1,0.9837,38.23,274.48,54.77,90.29,230.50,198.00,55.00,64.00,0.0000,206.92,1,0,3.2741,ACCEPT,0,309,2396,18775,0,0,673,0,0,0,0
298,0,1,1,ACCEPT,90.6872,14.7826,680,0,1,0.9765,38.23,275.89,54.77,90.29,230.50,202.50,55.00,57.00,0.0000,205.80,1,0,3.1990,ACCEPT,0,315,2336,19910,0,0,680,0,0,0,0
299,0,1,1,ACCEPT,48.4188,6.0404,598,-1,0,0.9967,37.38,275.89,54.77,90.29,228.00,188.50,56.00,91.00,0.0000,209.70,1,0,3.2902,ACCEPT,0,362,2290,15615,0,0,598,0,0,0,0
300,0,1,1,ACCEPT,59.8076,8.2405,651,0,1,0.8172,37.38,277.30,54.77,90.29,228.50,194.50,55.00,97.00,0.0000,208.29,1,0,3.2792,ACCEPT,0,443,2286,15174,0,0,651,0,0,0,0
301,0,1,1,ACCEPT,66.3056,10.5970,710,0,2,0.7169,37.38,280.13,54.77,90.29,227.00,199.00,54.00,92.00,0.0000,206.25,1,0,3.1748,ACCEPT,0,404,2302,13793,0,0,710,0,0,0,0
302,0,1,1,ACCEPT,70.4994,8.7262,733,-1,0,0.9877,36.52,280.13,54.77,90.29,226.50,200.50,55.00,93.00,0.0000,206.00,1,0,3.2670,ACCEPT,0,410,2224,13720,0,0,733,0,0,0,0
303,0,1,1,ACCEPT,76.8004,10.7385,698,0,1,0.9040,36.52,281.55,54.77,90.29,228.00,201.50,54.00,93.00,0.0000,207.54,1,0,3.2031,ACCEPT,0,375,2298,13368,0,0,698,0,0,0,0
304,0,1,1,ACCEPT,77.2359,13.0600,653,0,0,1.0000,36.52,281.55,54.77,90.29,228.50,205.00,55.00,90.00,0.0000,206.68,1,0,3.2293,ACCEPT,0,350,2270,14469,0,0,653,0,0,0,0
305,0,1,1,ACCEPT,80.0815,13.4167,644,1,1,0.7795,37.38,282.96,54.77,90.29,230.00,207.00,54.00,80.00,0.0000,207.06,1,0,3.2545,ACCEPT,0,371,2303,14824,0,0,644,0,0,0,0
306,0,1,1,ACCEPT,78.0373,13.0000,689,2,2,0.5269,39.09,285.79,54.77,90.29,230.50,209.00,53.00,80.00,0.0000,206.24,1,0,3.2119,ACCEPT,0,442,2343,16995,0,0,689,0,0,0,0
307,0,1,1,ACCEPT,81.2129,13.4286,752,0,0,1.0000,39.09,285.79,54.77,90.29,230.50,208.50,57.00,89.00,0.0000,206.42,1,0,3.2580,ACCEPT,0,486,2355,16305,0,0,752,0,0,0,0
308,0,1,1,ACCEPT,88.1752,15.4255,725,1,2,0.6152,39.95,288.62,54.77,90.29,230.50,215.50,55.00,79.00,0.0000,204.09,1,0,3.2282,ACCEPT,0,411,2369,16136,0,0,725,0,0,0,0
309,0,1,1,ACCEPT,89.3744,16.3409,719,0,1,0.9332,39.95,290.03,54.77,90.29,227.50,219.50,53.00,75.00,0.0000,200.37,1,0,3.2361,ACCEPT,0,423,2387,16202,0,0,719,0,0,0,0
310,0,1,1,ACCEPT,89.7122,17.5750,703,0,1,0.7937,39.95,291.45,54.77,90.29,227.00,221.50,54.00,77.00,0.0000,199.70,1,0,3.2557,ACCEPT,0,385,2497,13870,0,0,703,0,0,0,0
311,0,1,1,ACCEPT,52.2748,8.9844,575,-1,2,0.5826,39.09,294.27,54.77,90.29,225.50,226.50,59.00,85.00,0.0000,198.34,1,0,3.1468,ACCEPT,0,339,2348,11584,0,0,575,0,0,0,0
312,0,1,1,ACCEPT,62.7511,9.8154,638,-1,1,0.9248,38.23,295.69,54.77,90.29,223.50,226.50,59.00,87.00,0.0000,197.76,1,0,3.1411,ACCEPT,0,348,2313,12046,0,0,638,0,0,0,0
313,0,1,1,ACCEPT,72.3857,11.9298,680,0,1,0.9868,38.23,297.10,54.77,90.29,223.00,225.50,56.00,83.00,0.0000,198.15,1,0,3.2135,ACCEPT,0,352,2289,12607,0,0,680,0,0,0,0
314,0,1,1,ACCEPT,72.2494,10.1231,658,0,2,0.6839,38.23,299.93,54.77,90.29,220.00,227.00,60.00,84.00,0.0000,195.85,1,0,3.1576,ACCEPT,0,354,2302,11863,0,0,658,0,0,0,0
315,0,1,1,ACCEPT,71.7244,11.6607,653,-1,1,0.7090,37.38,301.34,54.77,90.29,217.50,228.00,59.00,80.00,0.0000,194.48,1,0,3.2296,ACCEPT,0,380,2190,12240,0,0,653,0,0,0,0
316,0,1,1,ACCEPT,68.1597,11.0517,641,-1,2,0.5367,36.52,304.17,54.77,90.29,217.00,238.50,60.00,73.00,0.0000,192.06,1,0,3.1443,ACCEPT,0,354,2238,12148,0,0,641,0,0,0,0
317,0,1,1,ACCEPT,69.9114,12.9375,621,-1,1,0.7037,35.66,305.59,54.77,90.29,214.00,237.00,60.00,72.00,0.0000,191.08,1,0,3.1302,ACCEPT,0,350,2312,11079,0,0,621,0,0,0,0
318,0,1,1,ACCEPT,69.6025,10.6154,552,0,1,0.8496,35.66,307.00,54.77,90.29,213.00,239.00,54.00,76.00,0.0000,189.93,1,0,3.1269,ACCEPT,0,278,2315,11128,0,0,552,0,0,0,0
319,0,1,1,ACCEPT,65.7821,9.4259,509,1,2,0.4617,36.52,309.83,54.77,90.29,215.00,240.50,58.00,77.00,0.0000,191.48,1,0,3.1880,ACCEPT,0,265,2349,11062,0,0,509,0,0,0,0
320,0,1,1,ACCEPT,64.9587,8.4655,491,1,2,0.4562,37.38,312.66,54.77,90.29,212.00,245.50,56.00,77.00,0.0000,187.09,1,0,3.1437,ACCEPT,0,266,2358,13192,0,0,491,0,0,0,0
321,0,1,1,ACCEPT,60.2742,10.8478,499,2,3,0.3347,39.09,316.90,54.77,90.29,214.00,254.00,60.00,70.00,0.0000,185.87,1,0,3.1804,ACCEPT,0,288,2366,15042,0,0,499,0,0,0,0
322,0,1,1,ACCEPT,60.1439,10.7170,568,0,2,0.5810,39.09,319.73,54.77,90.29,214.00,259.50,56.00,71.00,0.0000,184.98,1,0,3.1348,ACCEPT,0,316,2349,15029,0,0,568,0,0,0,0
323,0,1,1,ACCEPT,47.2038,7.6753,591,1,2,0.4653,39.95,322.55,54.77,90.29,213.50,259.50,61.00,83.00,0.0000,184.65,1,0,3.1995,ACCEPT,0,406,2513,13733,0,0,591,0,0,0,0
324,0,1,1,ACCEPT,55.1353,9.3000,558,0,2,0.7186,39.95,325.38,54.77,90.29,214.50,264.50,63.00,81.00,0.0000,184.86,1,0,3.1220,ACCEPT,0,380,2431,14572,0,0,558,0,0,0,0
325,0,1,1,ACCEPT,59.8505,9.5517,554,0,2,0.7040,39.95,328.21,56.96,93.91,215.00,266.00,66.00,84.00,0.0000,185.77,1,1,3.0643,ACCEPT,0,304,2450,13334,0,0,554,0,0,0,0
326,0,1,1,ACCEPT,68.9159,11.6275,593,0,2,0.6796,39.95,331.15,56.96,93.91,216.00,269.50,68.00,85.00,0.0000,186.53,1,0,3.0890,ACCEPT,0,321,2422,14834,0,0,593,0,0,0,0
327,0,1,1,ACCEPT,74.6444,13.0625,627,1,1,0.7671,40.84,332.62,56.96,93.91,215.50,273.00,65.00,86.00,0.0000,184.55,1,0,3.1978,ACCEPT,0,348,2468,13684,0,0,627,0,0,0,0
328,0,1,1,ACCEPT,83.6418,13.4667,606,0,1,0.7393,40.84,334.09,56.96,93.91,211.50,276.50,61.00,83.00,0.0000,180.11,1,0,3.2313,ACCEPT,0,322,2357,13652,0,0,606,0,0,0,0
329,0,1,1,ACCEPT,84.9420,13.4222,604,0,3,0.3526,40.84,338.49,56.96,93.91,214.50,277.00,73.00,92.00,0.0000,184.22,1,0,3.0522,ACCEPT,0,350,2387,13762,0,0,604,0,0,0,0
330,0,1,1,ACCEPT,94.1464,16.3250,653,0,2,0.6141,40.84,341.43,56.96,93.91,208.50,278.50,65.00,93.00,0.0000,179.08,1,0,3.0379,ACCEPT,0,361,2420,13521,0,0,653,0,0,0,0
331,0,1,1,ACCEPT,80.1170,10.7222,579,-1,2,0.4784,39.95,344.37,56.96,93.91,203.00,283.50,62.00,95.00,0.0000,174.04,1,0,3.0287,ACCEPT,0,355,2436,12545,0,0,579,0,0,0,0
332,0,1,1,ACCEPT,87.8764,16.9091,558,-1,2,0.4104,39.06,347.30,56.96,93.91,201.50,287.50,61.00,95.00,0.0000,173.10,1,0,3.0982,ACCEPT,0,310,2403,13185,0,0,558,0,0,0,0
333,0,1,1,ACCEPT,83.4637,16.7500,603,-2,2,0.3035,37.28,350.24,56.96,93.91,198.00,289.00,62.00,100.00,0.0000,171.99,1,0,3.0753,ACCEPT,0,316,2416,13921,0,0,603,0,0,0,0
334,0,1,1,ACCEPT,84.5484,14.6279,629,-1,2,0.3529,36.39,353.18,56.96,93.91,193.00,296.50,56.00,95.00,0.0000,166.55,1,0,3.1251,ACCEPT,0,325,2396,14964,0,0,629,0,0,0,0
335,0,1,1,ACCEPT,41.7851,5.3875,431,-3,3,0.2181,33.72,357.59,56.96,93.91,189.00,303.00,54.00,94.00,0.0000,164.60,1,0,2.9921,ACCEPT,0,386,2485,11801,0,0,431,0,0,0,0
336,0,1,1,ACCEPT,43.6350,8.9487,349,-3,1,0.4069,31.05,359.05,56.96,93.91,186.00,306.50,52.00,89.00,0.0000,163.62,1,0,3.0045,ACCEPT,0,257,2508,12868,0,0,349,0,0,0,0
337,0,1,1,ACCEPT,47.7818,7.8511,369,-1,4,0.0136,30.16,364.93,56.96,93.91,181.00,319.00,48.00,98.00,0.0000,157.68,1,0,3.0688,ACCEPT,0,272,2481,12328,0,0,369,0,0,0,0
338,0,1,1,ACCEPT,41.0813,5.1972,369,-3,4,0.0650,27.48,370.80,56.96,93.91,178.00,333.00,52.00,84.00,0.0000,155.19,1,0,2.9902,ACCEPT,0,295,2235,12566,0,0,369,0,0,0,0
339,0,1,1,ACCEPT,45.2005,7.4340,394,-2,4,0.0228,25.70,376.68,56.96,93.91,172.50,330.00,53.00,106.00,0.0000,154.04,1,0,3.0157,ACCEPT,0,321,2265,12429,0,0,394,0,0,0,0
340,0,1,1,ACCEPT,49.7803,8.6167,517,-2,3,0.1199,23.92,381.09,56.96,93.91,169.50,335.00,55.00,110.00,0.0000,152.70,1,0,3.0297,ACCEPT,0,364,2207,14077,0,0,517,0,0,0,0
341,0,1,1,ACCEPT,54.8556,10.6600,533,-1,4,0.0826,23.03,386.96,56.96,93.91,167.50,340.00,57.00,110.00,0.0000,151.91,1,0,2.9890,ACCEPT,0,337,2313,15535,0,0,533,0,0,0,0
342,0,1,1,ACCEPT,52.7638,7.1818,553,-1,3,0.1573,22.14,391.37,56.96,93.91,165.00,351.00,58.00,100.00,0.0000,148.45,1,0,3.0126,ACCEPT,0,382,2262,13574,0,0,553,0,0,0,0
343,0,1,1,ACCEPT,59.3493,8.7385,568,-1,3,0.1303,21.25,395.77,56.96,93.91,162.50,356.00,57.00,104.00,0.0000,146.74,1,0,3.0042,ACCEPT,0,325,2307,12415,0,0,568,0,0,0,0
344,0,1,1,ACCEPT,56.1316,7.4384,543,-1,3,0.3867,20.36,400.18,56.96,93.91,162.50,362.00,63.00,104.00,0.0000,147.18,1,0,2.9518,ACCEPT,0,350,2334,12106,0,0,543,0,0,0,0
345,0,1,1,ACCEPT,51.9322,9.6923,504,0,3,0.3651,20.36,404.59,56.96,93.91,162.00,369.00,62.00,100.00,0.0000,146.04,1,0,3.0100,ACCEPT,0,372,2374,13754,0,0,504,0,0,0,0
346,0,1,1,ACCEPT,49.2576,10.4528,554,-1,1,0.5939,19.47,406.05,56.96,93.91,159.50,374.00,61.00,98.00,0.0000,143.65,1,0,3.0604,ACCEPT,0,368,2131,15923,0,0,554,0,0,0,0
347,0,1,1,ACCEPT,38.9654,7.8889,568,0,3,0.3662,19.47,410.46,56.96,93.91,161.00,375.50,66.00,103.00,0.0000,145.79,1,0,3.0305,ACCEPT,0,391,1585,22783,0,0,568,0,0,0,0
348,0,1,1,ACCEPT,41.2253,7.0404,697,0,1,0.7905,19.47,411.93,56.96,93.91,162.00,378.00,70.00,100.00,0.0000,146.51,1,0,3.0588,ACCEPT,0,534,1810,16906,0,0,697,0,0,0,0
349,0,1,1,ACCEPT,46.8099,6.9072,670,1,1,0.7881,20.36,413.40,56.96,93.91,159.50,383.00,67.00,104.00,0.0000,142.42,1,0,3.1046,ACCEPT,0,453,1920,15662,0,0,670,0,0,0,0
350,0,1,1,ACCEPT,51.2437,9.2973,688,1,2,0.6017,21.25,416.34,56.96,93.91,161.50,384.00,69.00,102.00,0.0000,143.93,1,0,3.0425,ACCEPT,0,417,1931,15691,0,0,688,0,0,0,0
351,0,1,1,ACCEPT,52.9925,8.7848,694,1,1,0.8127,22.14,417.80,56.96,93.91,162.50,386.50,73.00,103.00,0.0000,143.81,1,0,3.1001,ACCEPT,0,489,1934,16275,0,0,694,0,0,0,0
352,0,1,1,ACCEPT,50.5246,8.8205,688,1,1,0.8314,23.03,419.27,56.96,93.91,160.50,389.50,69.00,103.00,0.0000,140.66,1,0,3.1617,ACCEPT,0,499,2116,14195,0,0,688,0,0,0,0
353,0,1,1,ACCEPT,49.0678,8.0247,650,1,1,0.7231,23.92,420.74,56.96,93.91,158.50,393.00,69.00,106.00,0.0000,137.41,1,0,3.1932,ACCEPT,0,541,2297,14987,0,0,650,0,0,0,0
354,0,1,1,ACCEPT,40.8294,7.8765,638,1,1,0.8542,24.81,422.21,56.96,93.91,161.50,389.50,75.00,109.00,0.0000,140.55,1,0,3.2200,ACCEPT,0,609,2697,14153,0,0,638,0,0,0,0
355,0,1,1,ACCEPT,51.5439,9.0811,672,1,1,0.8125,25.70,423.68,59.24,97.66,159.00,389.00,78.00,104.00,0.0000,137.73,1,1,3.1995,ACCEPT,0,498,2665,15503,0,0,672,0,0,0,0
356,0,1,1,ACCEPT,50.1460,8.5176,724,1,0,0.9102,26.62,423.68,59.24,97.66,156.50,386.00,73.00,108.00,0.0000,135.23,1,0,3.3370,ACCEPT,0,568,2673,14610,0,0,724,0,0,0,0
357,0,1,1,ACCEPT,48.3854,7.0971,731,1,1,0.8263,27.55,425.20,59.24,97.66,156.00,392.50,74.00,107.00,0.0000,132.55,1,0,3.3629,ACCEPT,0,546,2752,12966,0,0,731,0,0,0,0
358,0,1,1,ACCEPT,39.4740,4.9672,606,2,1,0.7673,29.39,426.73,59.24,97.66,158.00,388.00,80.00,102.00,0.0000,134.31,1,0,3.3101,ACCEPT,0,514,2655,13834,0,0,606,0,0,0,0
359,0,1,1,ACCEPT,31.2976,4.1391,476,3,-1,0.4412,32.16,425.20,59.24,97.66,154.00,387.50,78.00,115.00,0.0000,127.54,1,0,3.3496,ACCEPT,0,629,2344,15078,0,0,476,0,0,0,0
360,0,1,1,ACCEPT,38.8861,5.0088,566,1,0,0.8180,33.08,425.20,59.24,97.66,154.50,387.50,79.00,111.00,0.0000,127.14,1,0,3.3222,ACCEPT,0,543,2272,14459,0,0,566,0,0,0,0
361,0,1,1,ACCEPT,41.2173,6.3448,552,3,0,0.5779,35.84,425.20,59.24,97.66,154.50,386.00,75.00,112.00,0.0000,124.96,1,0,3.2543,ACCEPT,0,501,2314,14183,0,0,552,0,0,0,0
362,0,1,1,ACCEPT,44.0270,6.8636,604,1,-1,0.8609,36.77,423.68,59.24,97.66,153.50,387.50,79.00,109.00,0.0000,122.21,1,0,3.3089,ACCEPT,0,471,2222,16273,0,0,604,0,0,0,0
363,0,1,1,ACCEPT,49.7795,8.2195,674,2,0,0.6973,38.61,423.68,59.24,97.66,154.00,386.00,80.00,112.00,0.0000,121.39,1,0,3.2982,ACCEPT,0,480,2203,15693,0,0,674,0,0,0,0
364,0,1,1,ACCEPT,52.4663,8.8784,657,1,0,0.8174,39.53,423.68,59.24,97.66,151.50,385.00,73.00,112.00,0.0000,118.46,1,0,3.2423,ACCEPT,0,422,2264,15594,0,0,657,0,0,0,0
365,0,1,1,ACCEPT,60.1171,9.8082,716,1,0,0.9134,40.45,423.68,59.24,97.66,151.50,384.50,77.00,115.00,0.0000,117.76,1,0,3.2900,ACCEPT,0,423,2266,16096,0,0,716,0,0,0,0
0,0,0,0,ZERO_RESPONSE,0.0000,0.0000,0,0,0,0.0000,75.50,212.00,35.00,60.00,75.50,212.00,35.00,60.00,1.0000,0.00,1,0,0.0000,NOT_RUN,0,0,12431,4741,1,50,0,0,0,0,0
1,0,1,1,ACCEPT,53.6022,8.4000,168,-1,1,0.7976,74.95,212.94,35.00,60.00,75.50,212.50,37.00,61.00,0.9304,0.70,1,0,3.2907,ACCEPT,0,115,11632,5723,1,50,168,0,0,0,0
2,0,1,1,ACCEPT,44.9690,5.2927,217,1,1,0.6912,75.50,213.88,35.00,60.00,75.50,214.00,37.00,62.00,0.9154,0.12,1,0,3.1212,ACCEPT,0,206,11010,4847,1,50,217,0,0,0,0
3,0,1,1,ACCEPT,36.7972,6.3448,184,-1,1,0.6848,74.95,214.81,35.00,60.00,75.50,215.00,39.00,60.00,0.8921,0.58,1,0,3.0896,ACCEPT,0,171,10136,4667,1,50,184,0,0,0,0
4,0,1,1,ACCEPT,33.7162,5.9250,237,-1,1,0.7426,74.41,215.75,35.00,60.00,73.00,219.00,40.00,60.00,0.7902,3.54,1,0,3.0219,ACCEPT,0,213,9320,6479,1,50,237,0,0,0,0
5,0,1,1,ACCEPT,30.9080,5.4151,287,-1,2,0.7840,73.86,217.62,35.00,60.00,73.00,218.00,42.00,60.00,0.8238,0.94,1,0,2.7895,ACCEPT,0,294,8578,6746,1,50,287,0,0,0,0
6,0,1,1,ACCEPT,25.9262,4.1270,260,-2,1,0.7346,72.77,218.56,35.00,60.00,72.50,220.50,43.00,61.00,0.7667,1.96,1,0,2.6022,ACCEPT,0,290,7814,5700,1,50,260,0,0,0,0
7,0,1,1,ACCEPT,26.3869,3.2892,273,-2,3,0.5641,71.67,221.38,35.00,60.00,72.50,222.00,43.00,60.00,0.7987,1.04,1,0,2.7253,ACCEPT,0,344,7135,5821,1,50,273,0,0,0,0
8,0,1,1,ACCEPT,25.2671,3.1667,266,-1,2,0.5752,71.12,223.25,35.00,60.00,73.00,224.50,40.00,59.00,0.8420,2.25,1,0,2.6872,ACCEPT,0,348,6474,4830,1,50,266,0,0,0,0
9,0,1,1,ACCEPT,16.2799,1.9677,183,-1,1,0.8525,70.58,224.19,35.00,60.00,72.50,221.50,39.00,51.00,0.7747,3.30,1,0,2.7010,ACCEPT,0,324,4995,4873,1,50,183,0,0,0,0
10,0,1,1,ACCEPT,22.4893,2.4468,230,-2,1,0.5522,69.48,225.12,35.00,60.00,71.50,222.50,39.00,49.00,0.7464,3.31,1,0,2.8141,ACCEPT,0,287,4731,5271,1,50,230,0,0,0,0
11,0,1,1,ACCEPT,26.5534,2.6415,280,0,2,0.6500,69.48,227.00,35.00,60.00,71.00,223.50,38.00,49.00,0.7626,3.81,1,0,2.9394,ACCEPT,0,325,4631,5569,1,50,280,0,0,0,0
12,0,1,1,ACCEPT,26.8042,3.3125,265,-1,1,0.7925,68.94,227.94,35.00,60.00,70.00,224.50,40.00,49.00,0.7313,3.60,1,0,3.1017,ACCEPT,0,277,4333,6663,1,50,265,0,0,0,0
13,0,1,1,ACCEPT,31.0260,4.7714,334,-2,1,0.6677,67.84,228.88,35.00,60.00,69.00,226.50,40.00,49.00,0.7313,2.64,1,0,3.1124,ACCEPT,0,318,4492,6902,1,50,334,0,0,0,0
14,0,1,1,ACCEPT,30.1221,4.5132,343,-1,1,0.8863,67.30,229.81,35.00,60.00,68.50,228.00,43.00,52.00,0.7234,2.18,1,0,3.2412,ACCEPT,0,371,4424,7090,1,50,343,0,0,0,0
15,0,1,1,ACCEPT,34.6071,5.3151,388,1,0,0.8995,67.84,229.81,35.00,60.00,68.50,228.50,43.00,51.00,0.7117,1.47,1,0,3.4363,ACCEPT,0,398,4167,8260,1,50,388,0,0,0,0
16,0,1,1,ACCEPT,34.1526,6.8095,429,-1,1,0.9091,67.30,230.75,35.00,60.00,68.50,228.00,43.00,50.00,0.7000,3.00,1,0,3.6251,ACCEPT,0,427,4145,8346,1,50,429,0,0,0,0
17,0,1,1,ACCEPT,34.2557,6.0541,448,1,0,0.9353,67.84,230.75,35.00,60.00,69.00,227.00,44.00,46.00,0.6404,3.92,1,0,3.5634,ACCEPT,0,441,4270,7162,1,50,448,0,0,0,0
18,0,1,1,ACCEPT,35.1349,5.5065,424,-1,1,0.8396,67.30,231.69,35.00,60.00,68.50,230.00,45.00,50.00,0.6731,2.07,1,0,3.6326,ACCEPT,0,427,4300,6516,1,50,424,0,0,0,0
19,0,1,1,ACCEPT,33.7482,6.4776,434,0,0,1.0000,67.30,231.69,35.00,60.00,68.50,229.00,41.00,50.00,0.7292,2.94,1,0,3.2864,ACCEPT,0,410,4278,7401,1,50,434,0,0,0,0
20,0,1,1,ACCEPT,29.4060,4.7423,460,0,1,0.9870,67.30,232.62,35.00,60.00,68.50,227.50,41.00,47.00,0.6906,5.26,1,0,3.3563,ACCEPT,0,510,4281,6003,1,50,460,0,0,0,0
21,0,1,1,ACCEPT,24.3082,4.0306,395,1,0,0.9494,67.84,232.62,35.00,60.00,68.50,228.00,45.00,44.00,0.6063,4.67,1,0,3.2222,ACCEPT,0,488,3754,10615,1,50,395,0,0,0,0
22,0,1,1,ACCEPT,30.4336,4.9179,659,0,0,1.0000,67.84,232.62,35.00,60.00,69.00,227.00,44.00,40.00,0.5691,5.74,1,0,2.9451,ACCEPT,0,729,3837,10903,1,50,659,0,0,0,0
23,0,1,1,ACCEPT,33.6043,5.2000,702,0,1,0.9487,67.84,233.56,35.00,60.00,68.00,229.00,42.00,42.00,0.6140,4.57,1,0,3.0895,ACCEPT,0,647,3798,10657,1,50,702,0,0,0,0
24,0,1,1,ACCEPT,34.2420,5.4286,722,0,0,1.0000,67.84,233.56,35.00,60.00,70.00,230.50,42.00,43.00,0.6268,3.75,1,0,2.9173,ACCEPT,0,695,3743,8545,1,50,722,0,0,0,0
25,0,1,1,ACCEPT,31.4630,5.5760,697,0,1,0.8737,67.84,234.50,35.00,60.00,70.00,230.00,42.00,40.00,0.5882,4.99,1,0,3.0666,ACCEPT,0,672,3638,8808,1,50,697,0,0,0,0
26,0,1,1,ACCEPT,33.6165,6.3772,727,0,1,0.9230,67.84,235.44,35.00,60.00,69.50,229.50,43.00,39.00,0.5659,6.16,1,0,3.0305,ACCEPT,0,664,3613,7347,1,50,727,0,0,0,0
27,0,1,1,ACCEPT,34.4500,6.1101,666,0,2,0.7868,67.84,237.31,35.00,60.00,70.50,230.00,39.00,38.00,0.5732,7.78,1,0,3.2867,ACCEPT,0,647,3435,7166,1,50,666,0,0,0,0
28,0,1,1,ACCEPT,38.8469,6.6306,736,0,0,1.0000,67.84,237.31,35.00,60.00,71.00,231.00,38.00,38.00,0.5565,7.06,1,0,3.1358,ACCEPT,0,627,3377,8152,1,50,736,0,0,0,0
29,0,1,1,ACCEPT,45.2252,8.0722,783,0,1,0.8978,67.84,238.25,35.00,60.00,71.00,230.50,38.00,35.00,0.5157,8.37,1,0,3.1039,ACCEPT,0,604,3370,8578,1,50,783,0,0,0,0
30,0,1,1,ACCEPT,46.2415,7.1909,791,0,1,0.8710,67.84,239.19,35.00,60.00,70.50,231.50,39.00,35.00,0.5312,8.13,1,0,3.0762,ACCEPT,0,581,3260,9025,1,50,791,0,0,0,0
31,0,1,1,ACCEPT,46.7609,7.5000,795,0,1,0.8755,67.84,240.12,35.00,60.00,70.50,232.50,39.00,35.00,0.5312,8.07,1,0,2.9574,ACCEPT,0,575,3253,8283,1,50,795,0,0,0,0
32,0,1,1,ACCEPT,48.2652,8.9647,762,0,1,0.7887,67.84,241.06,35.00,60.00,69.50,233.50,41.00,35.00,0.5303,7.74,1,0,2.8306,ACCEPT,0,545,3301,8357,1,50,762,0,0,0,0
33,0,1,1,ACCEPT,38.9313,5.1620,733,-1,1,0.7094,67.30,242.00,35.00,60.00,70.00,234.00,40.00,36.00,0.5477,8.44,1,0,2.7791,ACCEPT,0,612,3297,8528,1,50,733,0,0,0,0
34,0,1,1,ACCEPT,42.4924,4.8446,717,0,1,0.7629,67.30,242.94,35.00,60.00,69.00,236.00,42.00,36.00,0.5357,7.14,1,0,2.6901,ACCEPT,0,603,3276,8157,1,50,717,0,0,0,0
35,0,1,1,ACCEPT,46.8650,5.7101,788,-1,2,0.6840,66.75,244.81,35.00,60.00,68.50,237.00,41.00,36.00,0.5440,8.01,1,0,2.8030,ACCEPT,0,568,3250,7494,1,50,788,0,0,0,0
36,0,1,1,ACCEPT,47.0025,7.7423,751,-1,1,0.7510,66.20,245.75,35.00,60.00,69.50,239.00,39.00,36.00,0.5297,7.51,1,0,2.6700,ACCEPT,0,611,3090,7995,1,50,751,0,0,0,0
37,0,1,1,ACCEPT,45.5960,7.1068,732,1,1,0.8497,66.75,246.69,35.00,60.00,69.50,240.00,39.00,36.00,0.5429,7.23,1,0,2.7415,ACCEPT,0,625,3080,7465,1,50,732,0,0,0,0
38,0,1,1,ACCEPT,38.1483,5.7207,635,-2,1,0.8331,65.66,247.62,35.00,60.00,68.00,241.00,42.00,36.00,0.5357,7.03,1,0,2.7239,ACCEPT,0,546,3150,7085,1,50,635,0,0,0,0
39,0,1,1,ACCEPT,25.9398,4.2821,501,-1,0,0.9401,65.11,247.62,35.00,60.00,68.50,241.00,41.00,32.00,0.4806,7.44,1,0,2.7406,ACCEPT,0,576,2867,8518,1,50,501,0,0,0,0
40,0,1,1,ACCEPT,21.2396,2.7062,433,1,0,0.9977,65.66,247.62,35.00,60.00,68.00,241.50,40.00,33.00,0.5099,6.56,1,0,2.9821,ACCEPT,0,569,2785,9591,1,50,433,0,0,0,0
41,0,1,1,ACCEPT,23.5271,3.3857,474,-1,1,0.8122,65.11,248.56,35.00,60.00,68.00,243.00,40.00,36.00,0.5431,6.27,1,0,3.2646,ACCEPT,0,560,2762,10446,1,50,474,0,0,0,0
42,0,1,1,ACCEPT,22.6597,2.9689,478,1,0,0.9770,65.66,248.56,35.00,60.00,67.00,241.50,42.00,37.00,0.5490,7.19,1,0,3.2962,ACCEPT,0,667,2650,10778,1,50,478,0,0,0,0
43,0,1,1,ACCEPT,24.4393,3.4371,519,-2,1,0.6185,64.56,249.50,35.00,60.00,65.50,240.00,43.00,34.00,0.5017,9.55,1,0,3.3156,ACCEPT,0,777,2278,10639,1,50,519,0,0,0,0
44,0,1,1,ACCEPT,31.6170,4.5692,594,-3,0,0.4832,62.92,249.50,35.00,60.00,64.00,240.00,44.00,32.00,0.4690,9.56,1,0,3.3130,ACCEPT,0,666,1877,11507,1,50,594,0,0,0,0
45,0,1,1,ACCEPT,28.8304,4.5315,503,-1,0,0.9205,62.38,249.50,35.00,60.00,63.50,241.00,43.00,32.00,0.4754,8.57,1,0,3.3226,ACCEPT,0,744,1785,9517,1,50,503,0,0,0,0
46,0,1,1,ACCEPT,33.8395,5.9639,495,-1,1,0.8727,61.83,250.44,35.00,60.00,63.50,241.00,41.00,32.00,0.4887,9.58,1,0,3.2608,ACCEPT,0,540,1808,9562,1,50,495,0,0,0,0
47,0,1,1,ACCEPT,37.3088,6.7625,541,-3,0,0.4880,60.19,250.44,35.00,60.00,63.00,241.50,40.00,35.00,0.5311,9.37,1,0,3.1040,ACCEPT,0,541,1789,9264,1,50,541,0,0,0,0
48,0,1,1,ACCEPT,39.0004,6.2118,528,-1,0,0.9186,59.64,250.44,35.00,60.00,61.50,240.50,41.00,37.00,0.5577,10.11,1,0,3.0241,ACCEPT,0,492,1805,11358,1,50,528,0,0,0,0
49,0,1,1,ACCEPT,36.6069,4.7541,580,-3,-1,0.4776,58.00,249.50,36.40,62.40,60.50,240.00,43.00,40.00,0.5743,9.82,1,1,2.9800,ACCEPT,0,545,1754,12640,1,50,580,0,0,0,0
50,0,1,1,ACCEPT,33.8614,5.3182,585,-2,-3,0.4051,56.86,246.57,36.40,62.40,60.50,239.00,41.00,44.00,0.6091,8.40,1,0,2.7293,ACCEPT,0,645,1824,13465,1,50,585,0,0,0,0
51,0,1,1,ACCEPT,33.8917,4.7045,621,-3,-1,0.4074,55.15,245.59,36.40,62.40,59.00,239.00,42.00,38.00,0.5322,7.64,1,0,2.8543,ACCEPT,0,630,1948,13347,1,50,621,0,0,0,0
52,0,1,1,ACCEPT,29.6994,4.0867,613,-3,-1,0.5204,53.44,244.62,36.40,62.40,57.00,240.00,44.00,40.00,0.5654,5.83,1,0,2.9928,ACCEPT,0,665,1744,13486,1,50,613,0,0,0,0
53,0,1,1,ACCEPT,27.5420,3.8425,561,-2,-2,0.6043,52.30,242.66,36.40,62.40,56.50,238.00,41.00,36.00,0.4957,6.28,1,0,2.8795,ACCEPT,0,752,1746,12725,1,50,561,0,0,0,0
54,0,1,1,ACCEPT,22.3792,3.3796,463,-3,-2,0.4168,50.59,240.71,36.40,62.40,54.50,238.00,39.00,40.00,0.5450,4.76,1,0,2.8253,ACCEPT,0,874,1861,12571,1,50,463,0,0,0,0
55,0,1,1,ACCEPT,15.8094,2.2886,341,-4,-4,0.4633,48.30,236.80,39.37,67.49,49.50,235.00,37.00,34.00,0.4732,2.16,1,2,2.0505,ACCEPT,0,722,2086,9563,1,50,341,0,0,0,0
56,0,1,1,ACCEPT,13.6310,1.8671,295,-3,-3,0.2814,46.45,233.64,39.37,67.49,48.00,233.00,36.00,34.00,0.4606,1.67,1,6,1.8267,MAX_STEP,0,724,1789,10975,1,50,295,0,0,0,0
57,0,1,1,ACCEPT,13.8264,1.6263,309,-2,-3,0.1618,45.22,230.48,39.37,67.49,50.00,230.00,42.00,30.00,0.3793,4.80,1,3,1.8632,MAX_STEP,0,688,1939,12532,1,50,309,0,0,0,0
58,0,1,1,ACCEPT,18.2409,2.5688,411,-3,-1,0.4501,43.37,229.42,39.37,67.49,48.00,230.50,42.00,29.00,0.3695,4.76,1,15,1.5890,MAX_STEP,0,790,1924,12198,1,50,411,0,0,0,0
59,0,1,1,ACCEPT,19.2367,2.9853,406,-2,-1,0.5936,42.13,228.37,39.37,67.49,47.00,227.00,42.00,24.00,0.3064,5.06,1,15,1.6231,MAX_STEP,0,675,1929,11347,1,50,406,0,0,0,0
60,0,1,1,ACCEPT,19.0104,3.4220,373,-3,-1,0.3512,40.28,227.31,39.37,67.49,45.50,227.50,41.00,25.00,0.3113,5.22,1,14,1.5879,MAX_STEP,0,650,1733,12350,1,50,373,0,0,0,0
61,0,1,1,ACCEPT,22.9224,4.0180,446,-2,0,0.5785,39.05,227.31,39.37,67.49,44.50,227.00,43.00,26.00,0.3264,5.46,1,14,1.6042,MAX_STEP,0,623,1720,12246,1,50,446,0,0,0,0
62,0,1,1,ACCEPT,26.0278,4.3772,499,-3,0,0.4409,37.20,227.31,39.37,67.49,43.00,225.50,42.00,23.00,0.2844,6.08,1,12,1.5132,MAX_STEP,0,655,1719,12313,1,50,499,0,0,0,0
63,0,1,1,ACCEPT,25.1689,4.4463,538,-2,1,0.8253,35.96,228.37,39.37,67.49,37.50,227.00,51.00,24.00,0.3218,2.06,1,14,1.4625,MAX_STEP,0,714,1677,13778,1,50,538,0,0,0,0
64,0,1,1,ACCEPT,26.4710,4.2970,709,-2,0,0.7109,34.73,228.37,39.37,67.49,35.50,227.00,45.00,26.00,0.3651,1.57,1,13,1.5871,MAX_STEP,0,822,1767,13566,1,50,709,0,0,0,0
65,0,1,1,ACCEPT,34.3722,6.6231,861,-3,0,0.5250,32.88,228.37,39.37,67.49,35.00,226.00,52.00,22.00,0.2951,3.18,1,13,1.4627,MAX_STEP,0,871,1795,13635,1,50,861,0,0,0,0
66,0,1,1,ACCEPT,39.9205,6.3953,825,-2,0,0.6545,31.64,228.37,39.37,67.49,33.50,224.50,51.00,19.00,0.2599,4.29,1,12,1.4449,MAX_STEP,0,761,1861,13281,1,50,825,0,0,0,0
67,0,1,1,ACCEPT,39.6764,6.6667,740,-3,1,0.5189,29.79,229.42,39.37,67.49,32.50,224.00,49.00,20.00,0.2763,6.06,1,13,1.3169,MAX_STEP,0,682,1860,14078,1,50,740,0,0,0,0
68,0,1,1,ACCEPT,39.7393,5.2937,757,-3,0,0.6129,27.94,229.42,39.37,67.49,28.00,222.00,52.00,14.00,0.1945,7.42,1,12,1.4798,MAX_STEP,0,677,1948,16268,1,50,757,0,0,0,0
69,0,1,1,ACCEPT,29.0862,3.0294,618,-2,0,0.8625,26.70,229.42,39.37,67.49,31.00,222.50,48.00,15.00,0.2119,8.15,1,11,1.5184,MAX_STEP,0,740,1890,15372,1,50,618,0,0,0,0
70,0,1,1,ACCEPT,33.4615,4.4430,662,-2,1,0.6193,25.47,230.48,39.37,67.49,28.50,223.50,51.00,13.00,0.1822,7.61,1,4,1.6033,MAX_STEP,0,705,1938,13292,1,50,662,0,0,0,0
71,0,1,1,ACCEPT,36.7805,5.0882,692,-2,0,0.7746,24.23,230.48,39.37,67.49,28.00,223.50,52.00,13.00,0.1814,7.93,1,4,1.4790,MAX_STEP,0,670,1966,14288,1,50,692,0,0,0,0
72,0,1,1,ACCEPT,39.1775,4.4318,780,-3,1,0.5359,22.38,231.53,39.37,67.49,30.00,222.00,48.00,14.00,0.1788,12.20,1,3,1.7355,MAX_STEP,0,740,2043,13518,1,50,780,0,0,0,0
73,0,1,1,ACCEPT,39.0926,4.8523,723,-2,-1,0.6833,21.15,230.48,39.37,67.49,30.00,224.00,44.00,12.00,0.1412,10.97,1,7,1.6573,MAX_STEP,0,672,2054,14074,1,50,723,0,0,0,0
74,0,1,1,ACCEPT,34.0439,4.0625,650,-3,2,0.2615,19.30,232.59,39.37,67.49,28.50,225.00,43.00,12.00,0.1376,11.93,1,3,2.0144,MAX_STEP,0,638,2196,12171,1,50,650,0,0,0,0
75,0,1,1,ACCEPT,30.9390,4.1852,565,-3,0,0.5310,17.45,232.59,39.37,67.49,29.50,226.00,41.00,14.00,0.1388,13.74,1,3,2.1690,MAX_STEP,0,669,2299,12171,1,50,565,0,0,0,0
76,0,1,1,ACCEPT,36.5737,4.2273,558,-3,1,0.5125,15.59,233.64,39.37,67.49,28.00,226.50,44.00,13.00,0.1336,14.31,1,3,2.3624,MAX_STEP,0,573,2287,10786,1,50,558,0,0,0,0
77,0,1,1,ACCEPT,33.1234,3.7820,503,-4,1,0.3539,13.12,234.70,39.37,67.49,29.00,228.00,42.00,14.00,0.1199,17.23,1,3,2.5594,MAX_STEP,0,550,2344,10895,1,50,503,0,0,0,0
78,0,1,1,ACCEPT,29.8047,5.4167,455,0,0,1.0000,13.12,234.70,42.58,73.00,26.50,229.50,41.00,13.00,0.1129,14.35,1,2,2.6684,ACCEPT,0,516,2358,11110,1,50,455,0,0,0,0
79,0,1,1,ACCEPT,24.1331,3.6198,438,-3,3,0.2032,11.13,238.12,46.06,78.96,27.00,231.00,40.00,18.00,0.1264,17.39,1,2,2.4287,ACCEPT,0,564,2280,12098,1,50,438,0,0,0,0
80,0,1,1,ACCEPT,16.0145,1.8667,336,-2,3,0.3899,9.70,241.82,49.82,85.40,26.50,232.50,45.00,15.00,0.1027,19.22,1,2,2.1224,ACCEPT,0,671,2186,13451,1,50,336,0,0,0,0
81,0,1,1,ACCEPT,13.4266,2.0414,296,-4,2,0.3818,6.57,244.49,51.81,88.81,29.00,234.00,42.00,14.00,0.0707,24.76,1,1,2.3944,ACCEPT,0,652,2621,8911,1,50,296,0,0,0,0
82,0,1,1,ACCEPT,18.9827,2.7698,349,-1,2,0.4241,5.76,247.27,53.88,92.37,29.00,235.00,44.00,14.00,0.0688,26.28,1,1,2.7252,ACCEPT,0,565,2366,11160,1,50,349,0,0,0,0
83,0,1,1,ACCEPT,22.2437,3.4425,389,-1,1,0.6941,4.91,248.72,53.88,92.37,28.00,241.00,48.00,20.00,0.1036,24.34,1,0,3.0565,ACCEPT,0,535,2352,8771,1,50,389,0,0,0,0
84,0,1,1,ACCEPT,27.3553,4.5978,423,-1,1,0.9456,4.07,250.16,53.88,92.37,28.00,243.00,48.00,22.00,0.1093,24.98,1,0,3.1144,ACCEPT,0,544,2351,10088,1,50,423,0,0,0,0
85,0,1,1,ACCEPT,27.7016,3.7059,441,0,1,0.9615,4.07,251.61,53.88,92.37,32.00,240.00,46.00,14.00,0.0580,30.25,1,0,3.2630,ACCEPT,0,637,2405,10537,1,50,441,0,0,0,0
86,0,1,1,ACCEPT,30.7936,4.4239,407,-1,0,0.9410,3.23,251.61,53.88,92.37,33.50,240.50,45.00,11.00,0.0401,32.25,1,0,3.3499,ACCEPT,0,571,2548,10088,1,50,407,0,0,0,0
87,0,1,1,ACCEPT,31.3078,4.3462,339,0,1,0.9086,3.23,253.05,53.88,92.37,36.50,241.00,45.00,14.00,0.0421,35.39,1,0,3.1800,ACCEPT,0,458,2695,8916,1,50,339,0,0,0,0
88,0,1,1,ACCEPT,34.7390,4.3377,334,0,1,0.8772,3.23,254.50,53.88,92.37,39.00,242.50,46.00,13.00,0.0342,37.73,1,0,3.1336,ACCEPT,0,413,2686,8790,1,50,334,0,0,0,0
89,0,1,1,ACCEPT,38.0875,5.4444,343,-1,0,0.8746,2.38,254.50,53.88,92.37,42.50,244.00,53.00,12.00,0.0293,41.47,1,0,3.2145,ACCEPT,0,392,2527,11315,1,50,343,0,0,0,0
90,0,1,1,ACCEPT,41.6536,6.0746,407,0,1,0.8600,2.38,255.95,53.88,92.37,43.50,246.50,51.00,11.00,0.0230,42.19,1,0,3.1110,ACCEPT,0,436,2678,11227,1,50,407,0,0,0,0
91,0,1,1,ACCEPT,41.4554,5.7101,394,-1,1,0.8071,1.54,257.39,53.88,92.37,45.00,247.00,52.00,14.00,0.0238,44.69,1,0,3.0860,ACCEPT,0,388,2962,10922,1,50,394,0,0,0,0
92,0,1,1,ACCEPT,42.3237,5.4605,415,-1,2,0.6193,0.70,260.28,53.88,92.37,42.50,250.00,71.00,14.00,0.0508,43.05,1,0,2.5912,ACCEPT,0,391,3007,14006,1,50,415,0,0,0,0
93,0,1,1,ACCEPT,32.7744,4.8533,364,-1,0,0.9698,-0.15,260.28,53.88,92.37,49.50,251.00,81.00,14.00,0.0425,50.51,1,0,2.9414,ACCEPT,0,401,2387,18915,1,50,364,0,0,0,0
94,0,1,1,ACCEPT,36.5329,4.7558,409,0,1,0.9218,-0.15,261.73,53.88,92.37,50.00,250.50,84.00,13.00,0.0419,51.39,1,0,2.8797,ACCEPT,0,431,2343,18776,1,50,409,0,0,0,0
95,0,1,1,ACCEPT,42.8440,6.1000,427,0,0,1.0000,-0.15,261.73,53.88,92.37,53.00,251.50,88.00,13.00,0.0393,54.12,1,0,3.0467,ACCEPT,0,399,2398,17602,1,50,427,0,0,0,0
96,0,1,1,ACCEPT,40.9051,6.7778,427,-1,1,0.8571,-0.99,263.17,53.88,92.37,55.50,252.50,93.00,13.00,0.0369,57.49,1,0,2.9647,ACCEPT,0,452,2490,15739,1,50,427,0,0,0,0
97,0,1,1,ACCEPT,44.3541,6.2121,410,0,1,0.9049,-0.99,264.62,53.88,92.37,63.00,253.50,90.00,15.00,0.0192,64.95,1,0,2.8611,ACCEPT,0,352,2385,16283,1,50,410,0,0,0,0
98,0,1,1,ACCEPT,42.4132,6.9643,390,-1,0,0.9077,-1.84,264.62,53.88,92.37,65.00,253.00,96.00,14.00,0.0183,67.84,1,0,2.9854,ACCEPT,0,394,2633,14464,1,50,390,0,0,0,0
99,0,1,1,ACCEPT,47.0335,5.9344,362,-1,0,0.9586,-2.68,264.62,53.88,92.37,70.00,254.00,96.00,14.00,0.0050,73.45,1,0,2.9927,ACCEPT,0,335,2605,14492,1,50,362,0,0,0,0
100,0,1,1,ACCEPT,44.7405,5.5500,333,-1,1,0.8318,-3.52,266.06,53.88,92.37,75.00,253.50,100.00,13.00,0.0000,79.52,1,0,2.8871,ACCEPT,0,352,2851,12429,1,50,333,0,0,0,0
101,0,1,1,ACCEPT,50.3164,5.5000,319,-1,0,0.7962,-4.37,266.06,53.88,92.37,73.00,252.50,100.00,13.00,0.0000,78.55,1,0,2.9060,ACCEPT,0,298,2931,12610,1,50,319,0,0,0,0
102,0,1,1,ACCEPT,49.5456,4.8143,337,-2,0,0.4896,-6.05,266.06,53.88,92.37,74.50,253.50,107.00,13.00,0.0000,81.53,1,0,2.8918,ACCEPT,0,312,2933,15436,1,50,337,0,0,0,0
103,0,1,1,ACCEPT,49.7986,5.6719,363,-1,0,0.8430,-6.90,266.06,53.88,92.37,85.00,253.00,102.00,16.00,0.0000,92.82,1,0,2.8482,ACCEPT,0,334,2864,13917,1,50,363,0,0,0,0
104,0,1,1,ACCEPT,48.9650,6.3269,329,-2,0,0.7082,-8.59,266.06,53.88,92.37,84.00,252.50,100.00,13.00,0.0000,93.57,1,0,2.8580,ACCEPT,0,284,2785,14613,1,50,329,0,0,0,0
105,0,1,1,ACCEPT,35.1635,4.7500,285,-1,0,0.8982,-9.43,266.06,53.88,92.37,98.50,252.00,87.00,12.00,0.0000,108.84,1,0,2.6990,ACCEPT,0,319,3245,13317,1,50,285,0,0,0,0
106,0,1,1,ACCEPT,46.6904,6.2500,300,-2,0,0.4967,-11.12,266.06,53.88,92.37,97.00,252.00,92.00,14.00,0.0000,109.03,1,0,2.7726,ACCEPT,0,238,3276,13709,1,50,300,0,0,0,0
107,0,1,1,ACCEPT,55.2561,5.8431,298,-1,0,0.9463,-11.96,266.06,53.88,92.37,112.50,251.50,71.00,17.00,0.0000,125.31,1,0,2.7538,ACCEPT,0,213,3354,12237,1,50,298,0,0,0,0
108,0,1,1,ACCEPT,60.3862,8.4848,280,0,1,0.9786,-11.96,267.51,53.88,92.37,112.00,253.00,76.00,18.00,0.0000,124.81,1,0,2.5506,ACCEPT,0,203,3365,11065,1,50,280,0,0,0,0
109,0,1,1,ACCEPT,61.3722,7.2000,288,-1,-1,0.8090,-12.80,266.06,53.88,92.37,116.50,253.00,61.00,18.00,0.0000,129.96,1,0,2.6083,ACCEPT,0,184,3236,10858,1,50,288,0,0,0,0
110,0,1,1,ACCEPT,67.3054,8.9677,278,0,0,1.0000,-12.80,266.06,53.88,92.37,121.00,253.00,70.00,18.00,0.0000,134.44,1,0,2.6082,ACCEPT,0,172,3198,11106,1,50,278,0,0,0,0
111,0,1,1,ACCEPT,64.4933,10.0741,272,0,0,1.0000,-12.80,266.06,53.88,92.37,124.00,251.50,76.00,19.00,0.0000,137.58,1,0,2.6078,ACCEPT,0,176,3213,9350,1,50,272,0,0,0,0
112,0,1,1,ACCEPT,58.6701,8.3214,233,0,-1,0.9914,-12.80,264.62,53.88,92.37,131.50,252.00,59.00,16.00,0.0000,144.86,1,0,2.6503,ACCEPT,0,171,3213,7625,1,50,233,0,0,0,0
113,0,1,1,ACCEPT,56.2660,7.9655,231,0,-1,0.9957,-12.80,263.17,53.88,92.37,133.00,251.50,58.00,17.00,0.0000,146.27,1,0,2.8440,ACCEPT,0,161,3150,7253,1,50,231,0,0,0,0
114,0,1,1,ACCEPT,60.9131,7.6452,237,1,0,0.8903,-11.96,263.17,53.88,92.37,139.50,251.50,63.00,13.00,0.0000,151.91,1,0,2.9452,ACCEPT,0,168,3119,7544,1,50,237,0,0,0,0
115,0,1,1,ACCEPT,54.2551,5.1875,249,0,-1,0.9518,-11.96,261.73,53.88,92.37,139.50,250.00,65.00,12.00,0.0000,151.91,1,0,3.1857,ACCEPT,0,176,2835,8746,1,50,249,0,0,0,0
116,0,1,1,ACCEPT,58.5953,6.8974,269,1,-1,0.8736,-11.12,260.28,53.88,92.37,145.00,251.00,66.00,16.00,0.0000,156.39,1,0,3.3247,ACCEPT,0,205,2655,9061,1,50,269,0,0,0,0
117,0,1,1,ACCEPT,50.6205,5.0000,290,0,0,1.0000,-11.12,260.28,53.88,92.37,144.00,249.50,72.00,19.00,0.0000,155.49,1,0,3.2194,ACCEPT,0,204,2416,11376,1,50,290,0,0,0,0
118,0,1,1,ACCEPT,57.1941,6.0333,362,1,-1,0.8536,-10.27,258.84,53.88,92.37,147.00,248.00,76.00,18.00,0.0000,157.65,1,0,3.2259,ACCEPT,0,244,2309,10780,1,50,362,0,0,0,0
119,0,1,1,ACCEPT,59.0319,7.4681,351,0,-1,0.9003,-10.27,257.39,53.88,92.37,147.50,245.00,77.00,18.00,0.0000,158.26,1,0,3.1671,ACCEPT,0,215,2176,11879,1,50,351,0,0,0,0
120,0,1,1,ACCEPT,59.3836,6.7455,371,0,0,1.0000,-10.27,257.39,53.88,92.37,150.50,244.00,81.00,18.00,0.0000,161.33,1,0,3.2034,ACCEPT,0,218,2003,12292,1,50,371,0,0,0,0
121,0,1,1,ACCEPT,55.0333,6.8269,355,0,-1,0.8225,-10.27,255.95,53.88,92.37,152.00,240.50,78.00,23.00,0.0000,163.01,1,0,3.1849,ACCEPT,0,220,1792,13674,1,50,355,0,0,0,0
122,0,1,1,ACCEPT,56.9790,7.0566,374,0,-1,0.8396,-10.27,254.50,53.88,92.37,161.00,239.50,64.00,17.00,0.0000,171.93,1,0,3.2210,ACCEPT,0,230,1751,13941,1,50,374,0,0,0,0
123,0,1,1,ACCEPT,56.3750,6.4211,366,1,-1,0.7623,-9.43,253.05,53.88,92.37,162.50,240.00,61.00,20.00,0.0000,172.42,1,0,3.1935,ACCEPT,0,220,1706,14402,1,50,366,0,0,0,0
124,0,1,1,ACCEPT,55.8355,5.6866,381,0,-1,0.9659,-9.43,251.61,53.88,92.37,163.50,236.50,57.00,21.00,0.0000,173.59,1,0,3.0360,ACCEPT,0,246,1515,16087,1,50,381,0,0,0,0
125,0,1,1,ACCEPT,54.6063,5.8507,392,0,-1,0.9694,-9.43,250.16,53.88,92.37,166.00,235.00,56.00,22.00,0.0000,176.08,1,0,2.6681,ACCEPT,0,228,1352,17218,1,50,392,0,0,0,0
126,0,1,1,ACCEPT,58.1743,5.7200,429,1,0,0.9021,-8.59,250.16,56.04,96.06,169.50,234.00,55.00,26.00,0.0000,178.82,1,1,2.6383,ACCEPT,0,236,1320,17543,1,50,429,0,0,0,0
127,0,1,1,ACCEPT,51.0259,5.5467,416,0,1,0.9135,-8.59,251.66,56.04,96.06,170.50,232.00,57.00,28.00,0.0000,180.16,1,0,2.7046,ACCEPT,0,274,1499,19146,1,50,416,0,0,0,0
128,0,1,1,ACCEPT,46.5141,4.2903,399,0,-1,0.9925,-8.59,250.16,56.04,96.06,171.00,231.00,54.00,30.00,0.0000,180.61,1,0,2.5041,ACCEPT,0,305,1588,17434,1,50,399,0,0,0,0
129,0,1,1,ACCEPT,40.5773,4.4941,382,0,0,1.0000,-8.59,250.16,56.04,96.06,173.00,230.00,56.00,32.00,0.0000,182.70,1,0,2.6757,ACCEPT,0,308,1211,21958,1,50,382,0,0,0,0
130,0,1,1,ACCEPT,42.2009,4.9091,432,1,0,0.9931,-7.71,250.16,56.04,96.06,174.50,229.50,57.00,31.00,0.0000,183.38,1,0,2.9884,ACCEPT,0,353,1256,23372,1,50,432,0,0,0,0
131,0,1,1,ACCEPT,43.8556,5.4146,444,0,0,1.0000,-7.71,250.16,56.04,96.06,176.50,230.00,57.00,30.00,0.0000,185.31,1,0,3.3100,ACCEPT,0,364,1461,20659,1,50,444,0,0,0,0
132,0,1,1,ACCEPT,43.0611,4.5824,417,1,0,0.8177,-6.84,250.16,56.04,96.06,179.50,226.50,57.00,35.00,0.0000,187.83,1,0,3.0008,ACCEPT,0,327,1472,19976,1,50,417,0,0,0,0
133,0,1,1,ACCEPT,43.3892,5.0909,392,1,-1,0.7500,-5.96,248.66,56.04,96.06,184.50,226.00,53.00,34.00,0.0000,191.80,1,0,3.0915,ACCEPT,0,311,1714,20186,1,50,392,0,0,0,0
134,0,1,1,ACCEPT,47.3753,5.8312,449,1,0,0.7973,-5.09,248.66,56.04,96.06,185.50,226.00,53.00,34.00,0.0000,191.93,1,0,3.0280,ACCEPT,0,315,1765,20424,1,50,449,0,0,0,0
135,0,1,1,ACCEPT,39.0465,6.2029,428,1,0,0.8364,-4.21,248.66,56.04,96.06,188.00,225.50,52.00,35.00,0.0000,193.60,1,0,2.9777,ACCEPT,0,382,1813,19957,1,50,428,0,0,0,0
136,0,1,1,ACCEPT,37.7428,5.4697,361,2,-1,0.5180,-2.46,247.16,56.04,96.06,189.50,225.00,55.00,36.00,0.0000,193.24,1,0,3.1607,ACCEPT,0,274,1843,19110,1,50,361,0,0,0,0
137,0,1,1,ACCEPT,39.4100,5.3836,393,1,1,0.8575,-1.59,248.66,56.04,96.06,194.00,224.00,56.00,40.00,0.0000,197.13,1,0,3.0073,ACCEPT,0,337,2029,19725,1,50,393,0,0,0,0
138,0,1,1,ACCEPT,42.3848,6.3833,383,2,-1,0.3786,0.16,247.16,56.04,96.06,195.50,223.50,57.00,43.00,0.0000,196.76,1,0,3.0432,ACCEPT,0,336,2370,18376,1,50,383,0,0,0,0
139,0,1,1,ACCEPT,41.9532,5.2500,378,2,0,0.6296,1.91,247.16,56.04,96.06,198.00,224.00,56.00,46.00,0.0000,197.45,1,0,3.0003,ACCEPT,0,345,1730,17837,1,50,378,0,0,0,0
140,0,1,1,ACCEPT,33.5484,3.3652,387,1,1,0.7881,2.79,248.66,56.04,96.06,200.50,223.50,57.00,49.00,0.0000,199.31,1,0,2.9410,ACCEPT,0,360,1844,17252,1,50,387,0,0,0,0
141,0,1,1,ACCEPT,33.2516,5.5465,477,1,-1,0.7841,3.66,247.16,56.04,96.06,204.50,222.50,51.00,53.00,0.0000,202.34,1,0,3.0277,ACCEPT,0,420,1567,21246,1,50,477,0,0,0,0
142,0,1,1,ACCEPT,41.8348,6.8072,565,1,1,0.9027,4.54,248.66,56.04,96.06,205.50,222.50,53.00,55.00,0.0000,202.66,1,0,3.0159,ACCEPT,0,471,1666,20596,1,50,565,0,0,0,0
143,0,1,1,ACCEPT,46.6893,7.8961,608,1,0,0.9539,5.41,248.66,56.04,96.06,206.00,221.00,52.00,56.00,0.0000,202.48,1,0,3.0579,ACCEPT,0,503,1792,17552,1,50,608,0,0,0,0
144,0,1,1,ACCEPT,51.7928,7.8904,576,1,-1,0.8125,6.29,247.16,56.04,96.06,207.00,218.50,52.00,59.00,0.0000,202.75,1,0,3.0354,ACCEPT,0,431,1990,15645,1,50,576,0,0,0,0
145,0,1,1,ACCEPT,57.1795,8.9531,573,0,0,1.0000,6.29,247.16,56.04,96.06,207.00,217.00,52.00,60.00,0.0000,202.96,1,0,3.0451,ACCEPT,0,383,1949,14936,1,50,573,0,0,0,0
146,0,1,1,ACCEPT,55.4216,8.9403,599,0,0,1.0000,6.29,247.16,56.04,96.06,206.50,213.00,53.00,72.00,0.0000,203.10,1,0,3.0540,ACCEPT,0,444,2070,14967,1,50,599,0,0,0,0
147,0,1,1,ACCEPT,63.9246,9.0308,587,0,-1,0.8944,6.29,245.66,56.04,96.06,208.00,209.50,54.00,73.00,0.0000,204.93,1,0,3.0797,ACCEPT,0,384,2121,14465,1,50,587,0,0,0,0
148,0,1,1,ACCEPT,67.1325,10.7321,601,-1,-1,0.7754,5.41,244.16,56.04,96.06,208.00,210.00,56.00,70.00,0.0000,205.45,1,0,3.1039,ACCEPT,0,386,2008,15275,1,50,601,0,0,0,0
149,0,1,1,ACCEPT,68.2286,9.7000,582,0,-1,0.9897,5.41,242.66,56.04,96.06,208.50,208.50,53.00,67.00,0.0000,205.94,1,0,3.0638,ACCEPT,0,385,1977,14408,1,50,582,0,0,0,0
150,0,1,1,ACCEPT,74.0209,11.1132,589,1,-1,0.8981,6.29,241.16,56.04,96.06,208.50,208.50,55.00,65.00,0.0000,204.83,1,0,3.0696,ACCEPT,0,347,1981,15087,1,50,589,0,0,0,0
151,0,1,1,ACCEPT,72.5469,9.4754,578,0,0,1.0000,6.29,241.16,56.04,96.06,208.50,204.50,55.00,71.00,0.0000,205.51,1,0,3.0619,ACCEPT,0,358,1942,15767,1,50,578,0,0,0,0
152,0,1,1,ACCEPT,73.2150,11.5769,602,0,-1,0.8239,6.29,239.66,56.04,96.06,209.50,202.50,55.00,75.00,0.0000,206.58,1,0,3.1039,ACCEPT,0,346,1858,16846,1,50,602,0,0,0,0
153,0,1,1,ACCEPT,50.9801,7.4776,501,0,-1,0.7884,6.29,238.16,56.04,96.06,211.00,198.00,54.00,76.00,0.0000,208.61,1,0,3.0931,ACCEPT,0,398,1759,15446,1,50,501,0,0,0,0
154,0,1,1,ACCEPT,59.3275,8.1562,522,1,-1,0.7759,7.16,236.66,56.04,96.06,210.00,196.50,52.00,77.00,0.0000,206.77,1,0,3.0918,ACCEPT,0,351,1584,15947,1,50,522,0,0,0,0
155,0,1,1,ACCEPT,60.7621,8.9298,509,1,-1,0.7308,8.04,235.16,56.04,96.06,213.00,190.00,52.00,80.00,0.0000,209.88,1,0,3.1158,ACCEPT,0,349,1670,15828,1,50,509,0,0,0,0
156,0,1,1,ACCEPT,61.6543,9.5882,489,1,-1,0.6810,8.91,233.66,56.04,96.06,215.00,190.50,54.00,81.00,0.0000,210.56,1,0,3.0969,ACCEPT,0,329,1601,15530,1,50,489,0,0,0,0
157,0,1,1,ACCEPT,65.1305,8.8909,489,2,-2,0.4867,10.66,230.66,56.04,96.06,215.50,184.50,53.00,85.00,0.0000,209.97,1,0,3.0918,ACCEPT,0,324,1651,14059,1,50,489,0,0,0,0
158,0,1,1,ACCEPT,64.3552,9.2500,518,1,-1,0.7761,11.54,229.16,56.04,96.06,217.50,181.00,51.00,84.00,0.0000,211.52,1,0,3.0508,ACCEPT,0,341,1516,14911,1,50,518,0,0,0,0
159,0,1,1,ACCEPT,61.6814,6.7952,564,1,-1,0.7234,12.41,227.66,56.04,96.06,220.50,178.00,53.00,86.00,0.0000,213.93,1,0,3.0274,ACCEPT,0,427,1687,14856,1,50,564,0,0,0,0
160,0,1,1,ACCEPT,59.5233,7.9844,511,3,-1,0.2133,15.04,226.16,56.04,96.06,221.00,175.50,50.00,95.00,0.0000,212.10,1,0,3.0872,ACCEPT,0,331,1492,16900,1,50,511,0,0,0,0
161,0,1,1,ACCEPT,55.5206,7.5211,534,1,-1,0.6985,15.91,224.66,56.04,96.06,224.00,176.00,52.00,90.00,0.0000,213.70,1,0,3.0949,ACCEPT,0,372,1646,18670,1,50,534,0,0,0,0
162,0,1,1,ACCEPT,48.3338,9.0290,623,2,-1,0.5939,17.66,223.16,56.04,96.06,224.50,169.00,49.00,96.00,0.0000,213.81,1,0,3.1123,ACCEPT,0,421,1510,20059,1,50,623,0,0,0,0
163,0,1,1,ACCEPT,46.3761,8.2195,674,1,0,0.9362,18.54,223.16,56.04,96.06,226.50,166.50,51.00,97.00,0.0000,215.54,1,0,3.0428,ACCEPT,0,467,1630,20860,1,50,674,0,0,0,0
164,0,1,1,ACCEPT,50.2542,8.7640,780,1,-1,0.7205,19.41,221.66,56.04,96.06,226.50,166.50,51.00,97.00,0.0000,214.31,1,0,3.0421,ACCEPT,0,505,1552,22784,1,50,780,0,0,0,0
165,0,1,1,ACCEPT,45.0249,8.6863,886,2,-1,0.5271,21.16,220.16,56.04,96.06,231.50,163.00,53.00,100.00,0.0000,217.97,1,0,3.0476,ACCEPT,0,753,2065,20352,1,50,886,0,0,0,0
166,0,1,1,ACCEPT,48.7474,6.9697,920,1,-1,0.9761,22.04,218.66,56.04,96.06,232.00,161.50,54.00,95.00,0.0000,217.60,1,0,3.0848,ACCEPT,0,644,2070,22009,1,50,920,0,0,0,0
167,0,1,1,ACCEPT,51.1020,7.3858,938,1,-1,0.8390,22.91,217.16,56.04,96.06,233.00,160.50,54.00,95.00,0.0000,217.59,1,0,3.1037,ACCEPT,0,613,2080,18752,1,50,938,0,0,0,0
168,0,1,1,ACCEPT,50.3440,7.1789,883,0,-1,0.8709,22.91,215.66,56.04,96.06,234.50,158.50,55.00,93.00,0.0000,219.17,1,0,3.0860,ACCEPT,0,557,2041,19911,1,50,883,0,0,0,0
169,0,1,1,ACCEPT,53.6236,8.8505,947,0,-2,0.6663,22.91,212.66,56.04,96.06,236.50,156.50,53.00,93.00,0.0000,220.85,1,0,3.1185,ACCEPT,0,561,2024,22909,1,50,947,0,0,0,0
170,0,1,1,ACCEPT,51.7252,7.8689,960,1,-1,0.7771,23.79,211.16,56.04,96.06,237.00,155.00,54.00,92.00,0.0000,220.48,1,0,3.1461,ACCEPT,0,606,1917,27038,1,50,960,0,0,0,0
171,0,1,1,ACCEPT,56.1961,10.8602,1010,0,-1,0.8653,23.79,209.66,56.04,96.06,237.50,152.50,55.00,91.00,0.0000,221.22,1,0,3.0874,ACCEPT,0,590,1937,26449,1,50,1010,0,0,0,0
172,0,1,1,ACCEPT,54.3464,9.8387,915,0,-1,0.8798,23.79,208.16,56.04,96.06,236.50,153.50,57.00,91.00,0.0000,219.62,1,0,3.1622,ACCEPT,0,589,2043,25217,1,50,915,0,0,0,0
173,0,1,1,ACCEPT,54.4117,8.4737,805,0,0,1.0000,23.79,208.16,56.04,96.06,236.50,153.50,59.00,95.00,0.0000,219.62,1,0,3.1131,ACCEPT,0,547,2050,21913,1,50,805,0,0,0,0
174,0,1,1,ACCEPT,54.6403,7.1852,776,0,-1,0.9433,23.79,206.66,56.04,96.06,239.50,152.00,55.00,96.00,0.0000,222.53,1,0,3.1301,ACCEPT,0,485,2048,23287,1,50,776,0,0,0,0
175,0,1,1,ACCEPT,55.8341,8.0526,765,1,0,0.9752,24.66,206.66,56.04,96.06,240.00,152.00,56.00,98.00,0.0000,222.17,1,0,3.0945,ACCEPT,0,477,2114,20730,1,50,765,0,0,0,0
176,0,1,1,ACCEPT,59.7630,6.1466,713,-1,-1,0.9537,23.79,205.16,56.04,96.06,242.50,151.50,57.00,95.00,0.0000,225.20,1,0,3.0586,ACCEPT,0,461,2018,19955,1,50,713,0,0,0,0
177,0,1,1,ACCEPT,42.8679,5.9062,567,1,0,0.8765,24.66,205.16,56.04,96.06,243.50,151.00,57.00,100.00,0.0000,225.44,1,0,3.0259,ACCEPT,0,483,2529,14821,1,50,567,0,0,0,0
178,0,1,1,ACCEPT,46.0892,7.9091,522,1,-1,0.9004,25.54,203.66,56.04,96.06,245.00,146.00,56.00,102.00,0.0000,226.91,1,0,2.9971,ACCEPT,0,407,2522,13007,1,50,522,0,0,0,0
179,0,1,1,ACCEPT,49.7303,8.2031,525,0,-2,0.7181,25.54,200.66,56.04,96.06,247.50,144.50,57.00,101.00,0.0000,228.96,1,0,2.8672,ACCEPT,0,372,2498,15945,1,50,525,0,0,0,0
180,0,1,1,ACCEPT,51.6950,8.7229,724,0,-1,0.8467,25.54,199.16,58.28,99.90,249.00,143.00,58.00,102.00,0.0000,230.41,1,1,2.8758,ACCEPT,0,489,2510,17668,1,50,724,0,0,0,0
181,0,1,1,ACCEPT,50.8658,8.7753,781,0,-1,0.8195,25.54,197.60,58.28,99.90,252.50,140.00,61.00,106.00,0.0000,234.16,1,0,2.8570,ACCEPT,0,557,2525,15308,1,50,781,0,0,0,0
182,0,1,1,ACCEPT,49.1418,8.6395,743,1,-3,0.3580,26.45,192.91,58.28,99.90,255.50,131.00,61.00,114.00,0.0000,237.27,1,0,2.8234,ACCEPT,0,630,2483,16375,1,50,743,0,0,0,0
183,0,1,1,ACCEPT,48.0419,5.8015,789,2,-2,0.4512,28.28,189.79,58.28,99.90,257.00,126.00,62.00,110.00,0.0000,237.45,1,0,2.9463,ACCEPT,0,576,2464,16080,1,50,789,0,0,0,0
184,0,1,1,ACCEPT,47.7170,5.3401,785,-1,-2,0.6535,27.37,186.66,58.28,99.90,256.50,124.00,63.00,116.00,0.0000,237.55,1,0,2.8968,ACCEPT,0,626,2405,16933,1,50,785,0,0,0,0
185,0,1,1,ACCEPT,49.7791,4.4469,796,0,-2,0.7136,27.37,183.54,58.28,99.90,256.00,121.00,60.00,114.00,0.0000,237.03,1,0,3.0430,ACCEPT,0,549,2382,17861,1,50,796,0,0,0,0
186,0,1,1,ACCEPT,50.1570,5.4641,836,0,-1,0.8600,27.37,181.98,58.28,99.90,256.50,126.50,61.00,101.00,0.0000,235.75,1,0,3.0268,ACCEPT,0,575,2396,15890,1,50,836,0,0,0,0
187,0,1,1,ACCEPT,54.7722,5.9343,813,-1,-1,0.8708,26.45,180.41,58.28,99.90,256.00,126.50,64.00,97.00,0.0000,235.79,1,0,3.1564,ACCEPT,0,508,2397,17936,1,50,813,0,0,0,0
188,0,1,1,ACCEPT,53.9552,7.6695,905,-1,0,0.8961,25.54,180.41,58.28,99.90,254.50,124.50,63.00,99.00,0.0000,235.69,1,0,3.1050,ACCEPT,0,551,2313,18295,1,50,905,0,0,0,0
189,0,1,1,ACCEPT,41.2112,7.9608,812,-1,-1,0.8177,24.62,178.85,58.28,99.90,256.00,121.50,66.00,103.00,0.0000,238.38,1,0,3.1474,ACCEPT,0,598,2130,22183,1,50,812,0,0,0,0
190,0,1,1,ACCEPT,47.5591,8.6545,952,-1,0,0.9181,23.71,178.85,58.28,99.90,254.00,120.50,64.00,101.00,0.0000,237.57,1,0,3.1139,ACCEPT,0,657,2112,22178,1,50,952,0,0,0,0
191,0,1,1,ACCEPT,50.9894,8.3333,1000,0,-1,0.9470,23.71,177.29,58.28,99.90,256.00,118.50,68.00,105.00,0.0000,239.61,1,0,3.1700,ACCEPT,0,662,2132,19477,1,50,1000,0,0,0,0
192,0,1,1,ACCEPT,54.2049,9.3636,927,0,0,1.0000,23.71,177.29,58.28,99.90,254.50,121.00,63.00,102.00,0.0000,237.55,1,0,3.1677,ACCEPT,0,608,2108,17765,1,50,927,0,0,0,0
193,0,1,1,ACCEPT,51.4977,9.4086,875,0,0,1.0000,23.71,177.29,58.28,99.90,255.00,119.00,68.00,104.00,0.0000,238.52,1,0,3.1668,ACCEPT,0,618,2062,15569,1,50,875,0,0,0,0
194,0,1,1,ACCEPT,48.5264,7.9804,814,-1,0,0.9423,22.80,177.29,58.28,99.90,253.00,118.50,64.00,97.00,0.0000,237.59,1,0,3.0550,ACCEPT,0,623,2004,15919,1,50,814,0,0,0,0
195,0,1,1,ACCEPT,43.3950,6.9083,753,-1,-1,0.9216,21.88,175.73,58.28,99.90,249.50,118.00,63.00,98.00,0.0000,234.82,1,0,3.2336,ACCEPT,0,609,2068,15776,1,50,753,0,0,0,0
196,0,1,1,ACCEPT,42.6662,6.5385,765,-1,0,0.9294,20.97,175.73,58.28,99.90,251.50,117.00,63.00,98.00,0.0000,237.89,1,0,3.2072,ACCEPT,0,636,2201,16196,1,50,765,0,0,0,0
197,0,1,1,ACCEPT,43.2995,8.3000,747,0,1,0.8514,20.97,177.29,58.28,99.90,247.00,116.50,60.00,97.00,0.0000,234.06,1,0,3.1907,ACCEPT,0,626,2155,15838,1,50,747,0,0,0,0
198,0,1,1,ACCEPT,43.5825,7.5238,790,-1,1,0.6772,20.05,178.85,58.28,99.90,245.50,117.00,55.00,96.00,0.0000,233.78,1,0,3.2249,ACCEPT,0,603,2123,19246,1,50,790,0,0,0,0
199,0,1,1,ACCEPT,43.7731,8.6117,887,-1,0,0.9515,19.14,178.85,58.28,99.90,244.50,114.00,55.00,92.00,0.0000,234.50,1,0,3.1942,ACCEPT,0,674,2113,16789,1,50,887,0,0,0,0
200,0,1,1,ACCEPT,44.3116,7.1923,935,0,0,1.0000,19.14,178.85,58.28,99.90,245.50,111.00,57.00,92.00,0.0000,236.31,1,0,3.1447,ACCEPT,0,746,2140,17037,1,50,935,0,0,0,0
201,0,1,1,ACCEPT,37.8084,7.3304,821,1,0,0.9817,20.05,178.85,58.28,99.90,244.50,107.00,51.00,96.00,0.0000,235.67,1,0,3.1178,ACCEPT,0,704,1951,13445,1,50,821,0,0,0,0
202,0,1,1,ACCEPT,38.0393,7.0541,783,-1,-1,0.8914,19.14,177.29,58.28,99.90,248.50,102.00,61.00,98.00,0.0000,241.40,1,0,3.0664,ACCEPT,0,688,1900,12826,1,50,783,0,0,0,0
203,0,1,1,ACCEPT,36.1973,6.5347,660,0,0,1.0000,19.14,177.29,58.28,99.90,247.50,97.00,59.00,96.00,0.0000,242.06,1,0,3.0485,ACCEPT,0,609,1839,13306,1,50,660,0,0,0,0
204,0,1,1,ACCEPT,40.1641,7.6374,695,-1,0,0.9755,18.23,177.29,58.28,99.90,246.50,95.00,59.00,94.00,0.0000,242.65,1,0,3.1680,ACCEPT,0,581,1933,12529,1,50,695,0,0,0,0
205,0,1,1,ACCEPT,42.1720,6.9192,685,1,1,0.9007,19.14,178.85,58.28,99.90,252.50,92.00,53.00,90.00,0.0000,249.00,1,0,3.1602,ACCEPT,0,504,1794,12232,1,50,685,0,0,0,0
206,0,1,1,ACCEPT,43.0684,8.1235,658,1,0,0.9559,20.05,178.85,58.28,99.90,249.00,89.50,52.00,91.00,0.0000,245.76,1,0,3.3155,ACCEPT,0,504,1829,12754,1,50,658,0,0,0,0
207,0,1,1,ACCEPT,43.5296,7.2989,635,0,0,1.0000,20.05,178.85,58.28,99.90,252.00,90.00,54.00,90.00,0.0000,248.38,1,0,3.2125,ACCEPT,0,502,1725,13411,1,50,635,0,0,0,0
208,0,1,1,ACCEPT,46.4709,7.4938,607,1,1,0.8188,20.97,180.41,58.28,99.90,250.00,87.00,56.00,92.00,0.0000,247.35,1,0,3.1368,ACCEPT,0,504,1849,12645,1,50,607,0,0,0,0
209,0,1,1,ACCEPT,45.4399,7.8406,541,1,1,0.7911,21.88,181.98,58.28,99.90,252.50,84.00,53.00,88.00,0.0000,250.57,1,0,3.0910,ACCEPT,0,472,1967,12099,1,50,541,0,0,0,0
210,0,1,1,ACCEPT,48.2252,9.0000,576,1,1,0.7153,22.80,183.54,58.28,99.90,253.50,84.50,53.00,87.00,0.0000,251.06,1,0,3.1177,ACCEPT,0,456,2006,11860,1,50,576,0,0,0,0
211,0,1,1,ACCEPT,47.1541,9.1475,558,0,3,0.2832,22.80,188.23,58.28,99.90,249.50,84.50,47.00,81.00,0.0000,249.31,1,0,3.1325,ACCEPT,0,459,2184,11318,1,50,558,0,0,0,0
212,0,1,1,ACCEPT,44.2702,8.0448,539,2,3,0.1725,24.62,192.91,58.28,99.90,254.50,87.00,43.00,78.00,0.0000,253.10,1,0,3.1441,ACCEPT,0,457,2106,11803,1,50,539,0,0,0,0
213,0,1,1,ACCEPT,41.8164,6.5526,498,3,2,0.2731,27.37,196.04,58.28,99.90,254.50,106.00,41.00,100.00,0.0000,244.33,1,0,3.1708,ACCEPT,0,447,2255,12171,1,50,498,0,0,0,0
214,0,1,1,ACCEPT,49.6008,8.8060,590,2,3,0.1373,29.20,200.73,58.28,99.90,256.50,108.00,47.00,104.00,0.0000,245.49,1,0,3.1824,ACCEPT,0,443,2261,12303,1,50,590,0,0,0,0
215,0,1,1,ACCEPT,51.8755,8.4667,635,2,3,0.0992,31.02,205.41,58.28,99.90,257.00,108.00,48.00,102.00,0.0000,246.08,1,0,3.1529,ACCEPT,0,437,2279,13093,1,50,635,0,0,0,0
216,0,1,1,ACCEPT,44.8046,6.8765,557,1,5,0.0090,31.94,213.23,58.28,99.90,255.00,117.00,46.00,98.00,0.0000,242.93,1,0,3.0487,ACCEPT,0,470,2350,9645,1,50,557,0,0,0,0
217,0,1,1,ACCEPT,47.1132,7.9697,526,1,4,0.1103,32.85,219.48,58.28,99.90,257.50,121.00,39.00,98.00,0.0000,245.28,1,0,3.0629,ACCEPT,0,388,2359,10558,1,50,526,0,0,0,0
218,0,1,1,ACCEPT,54.8696,10.7963,583,1,4,0.0738,33.77,225.73,58.28,99.90,259.50,129.00,39.00,98.00,0.0000,245.59,1,0,3.0664,ACCEPT,0,351,2358,11052,1,50,583,0,0,0,0
219,0,1,1,ACCEPT,61.9313,10.5410,643,0,3,0.3872,33.77,230.41,58.28,99.90,259.50,129.00,39.00,96.00,0.0000,247.47,1,0,3.1098,ACCEPT,0,357,2391,11286,1,50,643,0,0,0,0
220,0,1,1,ACCEPT,70.4552,12.8302,680,0,3,0.1868,33.77,235.10,58.28,99.90,258.00,138.00,36.00,100.00,0.0000,244.36,1,0,3.1425,ACCEPT,0,364,2356,12239,1,50,680,0,0,0,0
221,0,1,1,ACCEPT,56.2473,10.7115,557,1,4,0.0880,34.68,241.35,58.28,99.90,255.50,140.00,37.00,108.00,0.0000,242.97,1,0,3.1141,ACCEPT,0,410,2399,11380,1,50,557,0,0,0,0
222,0,1,1,ACCEPT,58.5983,10.6111,573,1,4,0.0663,35.59,247.60,58.28,99.90,256.00,144.50,42.00,103.00,0.0000,243.33,1,0,3.0994,ACCEPT,0,342,2479,11189,1,50,573,0,0,0,0
223,0,1,1,ACCEPT,64.1615,10.7458,634,0,2,0.4401,35.59,250.73,58.28,99.90,256.50,149.00,37.00,106.00,0.0000,243.20,1,0,3.1387,ACCEPT,0,337,2381,12020,1,50,634,0,0,0,0
224,0,1,1,ACCEPT,65.8024,10.1587,640,0,2,0.4250,35.59,253.85,58.28,99.90,256.00,150.50,40.00,107.00,0.0000,243.43,1,0,3.1474,ACCEPT,0,351,2401,12401,1,50,640,0,0,0,0
225,0,1,1,ACCEPT,60.8227,9.0667,680,1,2,0.4074,36.51,256.98,58.28,99.90,254.50,153.50,39.00,107.00,0.0000,241.30,1,0,3.2127,ACCEPT,0,333,2198,15840,1,50,680,0,0,0,0
226,0,1,1,ACCEPT,65.0337,9.7778,704,0,1,0.7557,36.51,258.54,58.28,99.90,256.50,155.50,43.00,105.00,0.0000,242.93,1,0,3.1819,ACCEPT,0,371,2152,16881,1,50,704,0,0,0,0
227,0,1,1,ACCEPT,76.7833,12.7288,751,0,2,0.4727,36.51,261.66,58.28,99.90,254.50,156.50,41.00,109.00,0.0000,242.03,1,0,3.1765,ACCEPT,0,355,2200,18113,1,50,751,0,0,0,0
228,0,1,1,ACCEPT,79.8605,10.2703,760,0,1,0.7329,36.51,263.23,58.28,99.90,251.00,161.50,46.00,109.00,0.0000,237.39,1,0,3.1220,ACCEPT,0,368,2191,19161,1,50,760,0,0,0,0
229,0,1,1,ACCEPT,81.0144,13.7407,742,1,0,0.9569,37.42,263.23,58.28,99.90,248.50,161.50,45.00,109.00,0.0000,234.31,1,0,3.2069,ACCEPT,0,380,2243,17524,1,50,742,0,0,0,0
230,0,1,1,ACCEPT,91.7742,13.8600,693,1,1,0.7229,38.34,264.79,58.28,99.90,246.50,164.50,47.00,101.00,0.0000,231.06,1,0,3.1987,ACCEPT,0,339,2272,17324,1,50,693,0,0,0,0
231,0,1,1,ACCEPT,90.2233,12.6792,672,-1,1,0.7842,37.42,266.35,58.28,99.90,243.50,166.00,47.00,102.00,0.0000,229.21,1,0,3.2191,ACCEPT,0,348,2283,17834,1,50,672,0,0,0,0
232,0,1,1,ACCEPT,85.8560,12.5192,651,-1,1,0.7634,36.51,267.91,58.28,99.90,241.00,167.00,48.00,102.00,0.0000,228.04,1,0,3.2254,ACCEPT,0,340,2350,17961,1,50,651,0,0,0,0
233,0,1,1,ACCEPT,87.5744,14.8636,654,-1,1,0.7859,35.59,269.48,58.28,99.90,238.00,170.50,50.00,97.00,0.0000,225.31,1,0,3.2111,ACCEPT,0,346,2359,18807,1,50,654,0,0,0,0
234,0,1,1,ACCEPT,88.2688,15.9762,671,-1,1,0.7958,34.68,271.04,58.28,99.90,236.50,170.00,51.00,102.00,0.0000,225.70,1,0,3.2048,ACCEPT,0,364,2358,17844,1,50,671,0,0,0,0
235,0,1,1,ACCEPT,73.5352,15.3750,615,-1,0,0.9675,33.77,271.04,58.28,99.90,234.50,172.50,51.00,97.00,0.0000,223.62,1,0,3.2061,ACCEPT,0,368,2423,17397,1,50,615,0,0,0,0
236,0,1,1,ACCEPT,77.9864,14.6410,571,-1,0,0.9282,32.85,271.04,58.28,99.90,232.50,172.50,53.00,97.00,0.0000,222.64,1,0,3.2111,ACCEPT,0,385,2337,17753,1,50,571,0,0,0,0
237,0,1,1,ACCEPT,56.2296,8.7719,500,0,0,1.0000,32.85,271.04,58.28,99.90,231.00,189.00,54.00,66.00,0.0000,214.46,1,0,3.2342,ACCEPT,0,345,2229,23071,1,50,500,0,0,0,0
238,0,1,1,ACCEPT,69.9638,11.8136,697,0,0,1.0000,32.85,271.04,58.28,99.90,232.00,188.00,56.00,66.00,0.0000,215.77,1,0,3.2518,ACCEPT,0,460,2190,24712,1,50,697,0,0,0,0
239,0,1,1,ACCEPT,81.8588,12.8167,769,0,0,1.0000,32.85,271.04,58.28,99.90,232.00,188.50,58.00,65.00,0.0000,215.58,1,0,3.2578,ACCEPT,0,481,2197,23922,1,50,769,0,0,0,0
240,0,1,1,ACCEPT,87.6269,15.0400,752,0,0,1.0000,32.85,271.04,58.28,99.90,232.00,188.50,56.00,67.00,0.0000,215.58,1,0,3.2117,ACCEPT,0,452,2213,23081,1,50,752,0,0,0,0
241,0,1,1,ACCEPT,92.4306,15.1800,759,0,1,0.9104,32.85,272.60,58.28,99.90,231.50,190.00,55.00,66.00,0.0000,215.14,1,0,3.2816,ACCEPT,0,458,2239,22501,1,50,759,0,0,0,0
242,0,1,1,ACCEPT,97.7974,16.0208,769,0,0,1.0000,32.85,272.60,58.28,99.90,230.50,190.00,55.00,66.00,0.0000,214.21,1,0,3.2830,ACCEPT,0,430,2243,20829,1,50,769,0,0,0,0
243,0,1,1,ACCEPT,101.1050,17.4762,734,0,0,1.0000,32.85,272.60,58.28,99.90,230.50,191.00,55.00,66.00,0.0000,213.83,1,0,3.2832,ACCEPT,0,398,2236,18958,1,50,734,0,0,0,0
244,0,1,1,ACCEPT,97.8870,15.6667,705,0,0,1.0000,32.85,272.60,58.28,99.90,231.00,195.00,56.00,60.00,0.0000,212.80,1,0,3.2823,ACCEPT,0,406,2241,18960,1,50,705,0,0,0,0
245,0,1,1,ACCEPT,103.0005,15.8667,714,0,0,1.0000,32.85,272.60,58.28,99.90,230.50,196.00,57.00,62.00,0.0000,211.97,1,0,3.2437,ACCEPT,0,390,2310,18066,1,50,714,0,0,0,0
246,0,1,1,ACCEPT,92.7009,12.6964,711,0,1,0.9409,32.85,274.16,58.28,99.90,230.00,198.50,54.00,59.00,0.0000,211.17,1,0,3.3112,ACCEPT,0,371,2350,16372,1,50,711,0,0,0,0
247,0,1,1,ACCEPT,95.7176,13.2500,689,0,1,0.9913,32.85,275.73,58.28,99.90,230.50,198.00,55.00,64.00,0.0000,212.38,1,0,3.2452,ACCEPT,0,372,2315,16163,1,50,689,0,0,0,0
248,0,1,1,ACCEPT,90.2640,14.6444,659,0,0,1.0000,32.85,275.73,58.28,99.90,230.50,202.50,55.00,57.00,0.0000,210.78,1,0,3.2978,ACCEPT,0,365,2256,14840,1,50,659,0,0,0,0
249,0,1,1,ACCEPT,53.0248,9.8889,534,0,1,0.9288,32.85,277.29,58.28,99.90,228.00,188.50,56.00,91.00,0.0000,214.40,1,0,3.2570,ACCEPT,0,350,2312,14529,1,50,534,0,0,0,0
250,0,1,1,ACCEPT,63.5191,8.9516,555,-1,1,0.8198,31.94,278.85,58.28,99.90,228.50,194.50,55.00,97.00,0.0000,213.90,1,0,3.2229,ACCEPT,0,345,2295,14016,1,50,555,0,0,0,0
251,0,1,1,ACCEPT,70.4407,11.9556,538,0,1,0.9033,31.94,280.41,58.28,99.90,227.00,199.00,54.00,92.00,0.0000,211.37,1,0,3.2275,ACCEPT,0,310,2324,13917,1,50,538,0,0,0,0
252,0,1,1,ACCEPT,78.0639,14.8649,550,0,1,0.8727,31.94,281.98,58.28,99.90,226.50,200.50,55.00,93.00,0.0000,210.93,1,0,3.2087,ACCEPT,0,302,2249,14974,1,50,550,0,0,0,0
253,0,1,1,ACCEPT,81.9373,11.6122,569,0,0,1.0000,31.94,281.98,58.28,99.90,228.00,201.50,54.00,93.00,0.0000,211.94,1,0,3.2439,ACCEPT,0,314,2322,15057,1,50,569,0,0,0,0
254,0,1,1,ACCEPT,85.7903,12.8889,580,1,1,0.8552,32.85,283.54,58.28,99.90,228.50,205.00,55.00,90.00,0.0000,210.82,1,0,3.2420,ACCEPT,0,326,2285,17372,1,50,580,0,0,0,0
255,0,1,1,ACCEPT,83.9744,14.4186,620,0,1,0.9823,32.85,285.10,58.28,99.90,230.00,207.00,54.00,80.00,0.0000,212.06,1,0,3.2257,ACCEPT,0,346,2304,17700,1,50,620,0,0,0,0
256,0,1,1,ACCEPT,88.9391,14.4255,678,1,1,0.8097,33.77,286.66,58.28,99.90,230.50,209.00,53.00,80.00,0.0000,211.51,1,0,3.2312,ACCEPT,0,385,2320,19493,1,50,678,0,0,0,0
257,0,1,1,ACCEPT,84.4380,11.0156,705,1,1,0.9560,34.68,288.23,58.28,99.90,230.50,208.50,57.00,89.00,0.0000,211.43,1,0,3.2232,ACCEPT,0,397,2371,18982,1,50,705,0,0,0,0
258,0,1,1,ACCEPT,91.8943,15.8261,728,0,1,0.8434,34.68,289.79,58.28,99.90,230.50,215.50,55.00,79.00,0.0000,209.44,1,0,3.2141,ACCEPT,0,371,2325,19159,1,50,728,0,0,0,0
259,0,1,1,ACCEPT,89.8055,16.9756,696,0,1,0.9009,34.68,291.35,58.28,99.90,227.50,219.50,53.00,75.00,0.0000,205.77,1,0,3.2114,ACCEPT,0,362,2387,17980,1,50,696,0,0,0,0
260,0,1,1,ACCEPT,91.0487,15.9524,670,0,1,0.7806,34.68,292.91,58.28,99.90,227.00,221.50,54.00,77.00,0.0000,205.15,1,0,3.2299,ACCEPT,0,368,2472,15576,1,50,670,0,0,0,0
261,0,1,1,ACCEPT,55.5287,7.8571,550,-1,1,0.8109,33.77,294.48,58.28,99.90,225.50,226.50,59.00,85.00,0.0000,203.43,1,0,3.2007,ACCEPT,0,359,2313,18571,1,50,550,0,0,0,0
262,0,1,1,ACCEPT,63.8981,10.8793,631,0,1,0.7765,33.77,296.04,58.28,99.90,223.50,226.50,59.00,87.00,0.0000,202.08,1,0,3.2150,ACCEPT,0,398,2306,18926,1,50,631,0,0,0,0
263,0,1,1,ACCEPT,76.3364,13.9200,696,-1,1,0.7830,32.85,297.60,58.28,99.90,223.00,225.50,56.00,83.00,0.0000,203.36,1,0,3.1968,ACCEPT,0,434,2303,20442,1,50,696,0,0,0,0
264,0,1,1,ACCEPT,78.4229,11.7966,696,0,1,0.7672,32.85,299.16,58.28,99.90,220.00,227.00,60.00,84.00,0.0000,200.58,1,0,3.1781,ACCEPT,0,414,2305,21166,1,50,696,0,0,0,0
265,0,1,1,ACCEPT,75.2747,12.4333,746,-1,2,0.4383,31.94,302.29,58.28,99.90,217.50,228.00,59.00,80.00,0.0000,199.88,1,0,3.1770,ACCEPT,0,438,2268,20783,1,50,746,0,0,0,0
266,0,1,1,ACCEPT,67.9235,12.7273,700,-1,1,0.6929,31.02,303.85,58.28,99.90,217.00,238.50,60.00,73.00,0.0000,197.12,1,0,3.1440,ACCEPT,0,463,2264,18609,1,50,700,0,0,0,0
267,0,1,1,ACCEPT,68.5648,10.8333,650,0,1,0.7754,31.02,305.41,58.28,99.90,214.00,237.00,60.00,72.00,0.0000,195.35,1,0,3.1264,ACCEPT,0,477,2363,16413,1,50,650,0,0,0,0
268,0,1,1,ACCEPT,71.2512,10.2787,627,0,2,0.6045,31.02,308.54,58.28,99.90,213.00,239.00,54.00,76.00,0.0000,194.81,1,0,3.0966,ACCEPT,0,375,2356,15520,1,50,627,0,0,0,0
269,0,1,1,ACCEPT,69.5373,11.0377,585,1,1,0.7915,31.94,310.10,58.28,99.90,215.00,240.50,58.00,77.00,0.0000,195.85,1,0,3.1903,ACCEPT,0,353,2372,13983,1,50,585,0,0,0,0
270,0,1,1,ACCEPT,67.9106,10.7800,539,1,2,0.4156,32.85,313.23,58.28,99.90,212.00,245.50,56.00,77.00,0.0000,191.52,1,0,3.1464,ACCEPT,0,348,2386,14536,1,50,539,0,0,0,0
271,0,1,1,ACCEPT,65.8594,9.2321,517,0,3,0.3675,32.85,317.91,60.61,103.90,214.00,254.00,60.00,70.00,0.0000,192.09,1,1,3.0840,ACCEPT,0,307,2414,14761,1,50,517,0,0,0,0
272,0,1,1,ACCEPT,76.7972,15.3889,554,0,2,0.5957,32.85,321.16,60.61,103.90,214.00,259.50,56.00,71.00,0.0000,191.36,1,0,3.2216,ACCEPT,0,310,2416,15340,1,50,554,0,0,0,0
273,0,1,1,ACCEPT,58.5170,9.3393,523,1,2,0.4359,33.80,324.41,60.61,103.90,213.50,259.50,61.00,83.00,0.0000,191.07,1,0,3.2690,ACCEPT,0,325,2480,13865,1,50,523,0,0,0,0
274,0,1,1,ACCEPT,67.1900,9.8824,504,0,2,0.7163,33.80,327.66,60.61,103.90,214.50,264.50,63.00,81.00,0.0000,191.42,1,0,3.1601,ACCEPT,0,334,2439,12876,1,50,504,0,0,0,0
275,0,1,1,ACCEPT,74.7782,10.8085,508,0,0,1.0000,33.80,327.66,60.61,103.90,215.00,266.00,66.00,84.00,0.0000,191.41,1,0,3.2245,ACCEPT,0,268,2416,12737,1,50,508,0,0,0,0
276,0,1,1,ACCEPT,79.3543,12.4250,497,1,1,0.7062,34.74,329.29,60.61,103.90,216.00,269.50,68.00,85.00,0.0000,190.86,1,0,3.1965,ACCEPT,0,266,2476,14270,1,50,497,0,0,0,0
277,0,1,1,ACCEPT,80.1041,12.2889,553,0,2,0.4774,34.74,332.54,60.61,103.90,215.50,273.00,65.00,86.00,0.0000,190.31,1,0,3.1767,ACCEPT,0,306,2493,14657,1,50,553,0,0,0,0
278,0,1,1,ACCEPT,88.4319,16.0833,579,1,1,0.7962,35.69,334.16,60.61,103.90,211.50,276.50,61.00,83.00,0.0000,185.03,1,0,3.2092,ACCEPT,0,298,2449,15631,1,50,579,0,0,0,0
279,0,1,1,ACCEPT,88.9555,14.7000,588,0,2,0.4626,35.69,337.41,60.61,103.90,214.50,277.00,73.00,92.00,0.0000,188.74,1,0,3.2080,ACCEPT,0,335,2436,16601,1,50,588,0,0,0,0
280,0,1,1,ACCEPT,94.9656,14.4667,651,-1,2,0.5054,34.74,340.66,60.61,103.90,208.50,278.50,65.00,93.00,0.0000,184.54,1,0,3.1150,ACCEPT,0,396,2466,17118,1,50,651,0,0,0,0
281,0,1,1,ACCEPT,83.3013,10.6111,573,0,2,0.6667,34.74,343.91,60.61,103.90,203.00,283.50,62.00,95.00,0.0000,178.78,1,0,3.1162,ACCEPT,0,350,2529,15883,1,50,573,0,0,0,0
282,0,1,1,ACCEPT,87.4068,16.0286,561,-2,2,0.4795,32.85,347.16,60.61,103.90,201.50,287.50,61.00,95.00,0.0000,178.89,1,0,3.0881,ACCEPT,0,335,2473,16525,1,50,561,0,0,0,0
283,0,1,1,ACCEPT,78.9281,15.0263,571,-1,2,0.5219,31.91,350.41,60.61,103.90,198.00,289.00,62.00,100.00,0.0000,177.08,1,0,3.0729,ACCEPT,0,326,2501,18078,1,50,571,0,0,0,0
284,0,1,1,ACCEPT,82.9903,14.1163,607,-2,2,0.3773,30.02,353.66,63.03,108.06,193.00,296.50,56.00,95.00,0.0000,172.72,1,1,3.0892,ACCEPT,0,341,2465,15302,1,50,607,0,0,0,0
285,0,1,1,ACCEPT,41.1509,8.2609,380,-2,2,0.4447,28.05,357.04,63.03,108.06,189.00,303.00,54.00,94.00,0.0000,169.78,1,0,3.1745,ACCEPT,0,300,2374,13963,1,50,380,0,0,0,0
286,0,1,1,ACCEPT,49.6010,8.2340,387,-3,2,0.3592,25.09,360.41,63.03,108.06,186.00,306.50,52.00,89.00,0.0000,169.70,1,0,3.0509,ACCEPT,0,250,2356,11128,1,50,387,0,0,0,0
287,0,1,1,ACCEPT,50.2066,7.5660,401,-1,3,0.1496,24.11,365.48,63.03,108.06,181.00,319.00,48.00,98.00,0.0000,163.63,1,0,3.0637,ACCEPT,0,262,2411,10392,1,50,401,0,0,0,0
288,0,1,1,ACCEPT,43.3644,7.3019,387,-2,4,0.0000,22.14,372.23,63.03,108.06,178.00,333.00,52.00,84.00,0.0000,160.72,1,0,3.0156,ACCEPT,0,336,2257,10409,1,50,387,0,0,0,0
289,0,1,1,ACCEPT,48.7492,8.2449,404,-3,3,0.1312,19.19,377.29,63.03,108.06,172.50,330.00,53.00,106.00,0.0000,160.44,1,0,3.0487,ACCEPT,0,323,2167,13561,1,50,404,0,0,0,0
290,0,1,1,ACCEPT,54.3672,9.5926,518,-1,3,0.2606,18.20,382.35,63.03,108.06,169.50,335.00,55.00,110.00,0.0000,158.53,1,0,3.0529,ACCEPT,0,363,2095,16350,1,50,518,0,0,0,0
291,0,1,1,ACCEPT,60.1370,12.4583,598,-1,3,0.2458,17.22,387.41,63.03,108.06,167.50,340.00,57.00,110.00,0.0000,157.58,1,0,3.0468,ACCEPT,0,367,2162,17250,1,50,598,0,0,0,0
292,0,1,1,ACCEPT,57.0496,9.2462,601,-1,3,0.1697,16.23,392.48,63.03,108.06,165.00,351.00,58.00,100.00,0.0000,154.44,1,0,3.0477,ACCEPT,0,379,2117,15685,1,50,601,0,0,0,0
293,0,1,1,ACCEPT,61.7414,11.8462,616,-1,3,0.2971,15.25,397.54,63.03,108.06,162.50,356.00,57.00,104.00,0.0000,153.00,1,0,3.0222,ACCEPT,0,361,2123,12840,1,50,616,0,0,0,0
294,0,1,1,ACCEPT,60.9983,10.0333,602,-1,1,0.7143,14.27,399.23,63.03,108.06,162.50,362.00,63.00,104.00,0.0000,152.84,1,0,3.0160,ACCEPT,0,363,2136,12535,1,50,602,0,0,0,0
295,0,1,1,ACCEPT,56.2981,10.8462,564,-1,3,0.2057,13.28,404.29,63.03,108.06,162.00,369.00,62.00,100.00,0.0000,152.85,1,0,3.0258,ACCEPT,0,358,2158,13274,1,50,564,0,0,0,0
296,0,1,1,ACCEPT,53.1444,11.5000,552,-1,2,0.5145,12.30,407.66,63.03,108.06,159.50,374.00,61.00,98.00,0.0000,151.00,1,0,3.0524,ACCEPT,0,378,1959,16010,1,50,552,0,0,0,0
297,0,1,1,ACCEPT,39.8017,7.7000,539,0,1,0.8200,12.30,409.35,63.03,108.06,161.00,375.50,66.00,103.00,0.0000,152.51,1,0,3.2056,ACCEPT,0,394,1442,22804,1,50,539,0,0,0,0
298,0,1,1,ACCEPT,44.0004,6.8351,663,0,2,0.6531,12.30,412.73,63.03,108.06,162.00,378.00,70.00,100.00,0.0000,153.68,1,0,3.1650,ACCEPT,0,485,1660,15909,1,50,663,0,0,0,0
299,0,1,1,ACCEPT,46.9646,6.6957,616,1,1,0.8117,13.28,414.41,63.03,108.06,159.50,383.00,67.00,104.00,0.0000,149.56,1,0,3.1934,ACCEPT,0,476,1684,14657,1,50,616,0,0,0,0
300,0,1,1,ACCEPT,49.2068,8.7246,602,1,1,0.6993,14.27,416.10,63.03,108.06,161.50,384.00,69.00,102.00,0.0000,150.69,1,0,3.1981,ACCEPT,0,394,1706,14790,1,50,602,0,0,0,0
301,0,1,1,ACCEPT,52.8105,7.4430,588,1,1,0.7704,15.25,417.79,63.03,108.06,162.50,386.50,73.00,103.00,0.0000,150.54,1,0,3.2785,ACCEPT,0,422,1722,16854,1,50,588,0,0,0,0
302,0,1,1,ACCEPT,50.3768,7.3977,651,1,1,0.8065,16.23,419.48,63.03,108.06,160.50,389.50,69.00,103.00,0.0000,147.35,1,0,3.3360,ACCEPT,0,474,1834,15542,1,50,651,0,0,0,0
303,0,1,1,ACCEPT,45.3113,8.4146,690,1,1,0.7101,17.22,421.16,63.03,108.06,158.50,393.00,69.00,106.00,0.0000,144.06,1,0,3.4288,ACCEPT,0,628,2026,16474,1,50,690,0,0,0,0
304,0,1,1,ACCEPT,38.1138,7.5165,684,1,1,0.8275,18.20,422.85,63.03,108.06,161.50,389.50,75.00,109.00,0.0000,147.13,1,0,3.4460,ACCEPT,0,847,2476,13732,1,50,684,0,0,0,0
305,0,1,1,ACCEPT,48.0987,8.4048,706,1,0,0.8824,19.19,422.85,63.03,108.06,159.00,389.00,78.00,104.00,0.0000,143.85,1,0,3.4689,ACCEPT,0,605,2458,12933,1,50,706,0,0,0,0
306,0,1,1,ACCEPT,47.6668,6.8105,647,2,1,0.7187,21.16,424.54,63.03,108.06,156.50,386.00,73.00,108.00,0.0000,140.72,1,0,3.4661,ACCEPT,0,534,2496,13103,1,50,647,0,0,0,0
307,0,1,1,ACCEPT,47.1069,7.3605,633,1,0,0.8831,22.14,424.54,63.03,108.06,156.00,392.50,74.00,107.00,0.0000,137.64,1,0,3.5324,ACCEPT,0,482,2708,11739,1,50,633,0,0,0,0
308,0,1,1,ACCEPT,39.5667,5.1869,555,1,0,0.8252,23.12,424.54,63.03,108.06,158.00,388.00,80.00,102.00,0.0000,139.74,1,0,3.5280,ACCEPT,0,455,2540,11760,1,50,555,0,0,0,0
309,0,1,1,ACCEPT,30.9604,3.1840,398,2,0,0.6407,25.09,424.54,63.03,108.06,154.00,387.50,78.00,115.00,0.0000,134.12,1,0,3.5184,ACCEPT,0,501,2335,14924,1,50,398,0,0,0,0
310,0,1,1,ACCEPT,36.5625,4.6289,449,2,0,0.6748,27.06,424.54,63.03,108.06,154.50,387.50,79.00,111.00,0.0000,132.71,1,0,3.4533,ACCEPT,0,424,2351,16860,1,50,449,0,0,0,0
311,0,1,1,ACCEPT,40.3949,5.6404,502,2,-1,0.6215,29.03,422.85,63.03,108.06,154.50,386.00,75.00,112.00,0.0000,130.77,1,0,3.4715,ACCEPT,0,419,2304,15738,1,50,502,0,0,0,0
312,0,1,1,ACCEPT,45.0427,5.9011,537,1,0,0.7747,30.02,422.85,63.03,108.06,153.50,387.50,79.00,109.00,0.0000,128.45,1,0,3.4789,ACCEPT,0,406,2255,16983,1,50,537,0,0,0,0
313,0,1,1,ACCEPT,50.0942,9.0794,572,2,0,0.5927,31.98,422.85,63.03,108.06,154.00,386.00,80.00,112.00,0.0000,127.46,1,0,3.4645,ACCEPT,0,389,2249,17178,1,50,572,0,0,0,0
314,0,1,1,ACCEPT,53.0961,9.1250,584,2,0,0.7277,33.95,422.85,63.03,108.06,151.50,385.00,73.00,112.00,0.0000,123.49,1,0,3.4043,ACCEPT,0,386,2307,17739,1,50,584,0,0,0,0
315,0,1,1,ACCEPT,58.5152,9.5735,651,0,0,1.0000,33.95,422.85,63.03,108.06,151.50,384.50,77.00,115.00,0.0000,123.65,1,0,3.4541,ACCEPT,0,409,2297,16450,1,50,651,0,0,0,0
0,0,0,0,ZERO_RESPONSE,0.0000,0.0000,0,0,0,0.0000,60.50,239.00,41.00,44.00,60.50,239.00,41.00,44.00,1.0000,0.00,1,0,0.0000,NOT_RUN,0,0,7418,10502,2,100,0,0,0,0,0
1,0,1,1,ACCEPT,50.6373,9.8444,443,-2,-1,0.4108,59.22,238.31,41.00,44.00,59.00,239.00,42.00,38.00,0.8458,0.72,1,0,3.2844,ACCEPT,0,295,7259,12196,2,100,443,0,0,0,0
2,0,1,1,ACCEPT,28.5043,5.8701,452,-2,-2,0.5575,57.94,236.94,41.00,44.00,57.00,240.00,44.00,40.00,0.8114,3.20,1,0,2.9716,ACCEPT,0,940,6780,12505,2,100,452,0,0,0,0
3,0,1,1,ACCEPT,21.5077,4.6279,398,-2,-4,0.2864,56.66,234.19,39.42,42.31,56.50,238.00,41.00,36.00,0.7959,3.82,1,-1,2.6639,ACCEPT,0,521,6534,12350,2,100,398,0,0,0,0
4,0,1,1,ACCEPT,19.4921,2.8102,385,-3,-4,0.1065,54.80,231.53,39.42,42.31,54.50,238.00,39.00,40.00,0.7184,6.48,1,0,2.6063,ACCEPT,0,619,6132,17200,2,100,385,0,0,0,0
5,0,1,1,ACCEPT,18.7823,2.5238,477,-3,-6,0.1761,52.95,227.55,39.42,42.31,49.50,235.00,37.00,34.00,0.5741,8.21,1,0,2.7542,ACCEPT,0,613,5763,17108,2,100,477,0,0,0,0
6,0,1,1,ACCEPT,16.8889,2.2350,523,-3,-3,0.1874,51.10,225.55,39.42,42.31,48.00,233.00,36.00,34.00,0.5811,8.07,1,0,2.9232,ACCEPT,0,828,4873,11748,2,100,523,0,0,0,0
7,0,1,1,ACCEPT,13.3131,1.7320,433,-4,-2,0.0069,48.63,224.23,37.91,40.68,50.00,230.00,42.00,30.00,0.6666,5.93,1,-1,2.6692,ACCEPT,0,929,3883,14918,2,100,433,0,0,0,0
8,0,1,1,ACCEPT,16.9536,2.7104,496,-2,-1,0.6492,47.45,223.59,37.91,40.68,48.00,230.50,42.00,29.00,0.6224,6.93,1,-1,1.9866,LOW_CONF,0,700,3344,15649,2,100,496,0,0,0,0
9,0,1,1,ACCEPT,13.8280,2.3059,392,-1,-2,0.4005,46.85,222.33,37.91,40.68,47.00,227.00,42.00,24.00,0.5546,4.67,1,-10,1.3073,MAX_STEP,0,737,3273,18463,2,100,392,0,0,0,0
10,0,1,1,ACCEPT,14.4197,2.4444,484,-4,1,0.2769,44.48,222.96,37.91,40.68,45.50,227.50,41.00,25.00,0.5852,4.65,1,0,2.8928,ACCEPT,0,898,3035,17661,2,100,484,0,0,0,0
11,0,1,1,ACCEPT,20.3566,3.3846,616,-2,-1,0.6542,43.29,222.33,37.91,40.68,44.50,227.00,43.00,26.00,0.5886,4.83,1,0,2.9555,ACCEPT,0,839,2838,18235,2,100,616,0,0,0,0
12,0,1,1,ACCEPT,23.5487,4.1132,654,-3,1,0.5749,41.51,222.96,37.91,40.68,43.00,225.50,42.00,23.00,0.5329,2.95,1,0,2.5711,ACCEPT,0,896,2439,19933,2,100,654,0,0,0,0
13,0,1,1,ACCEPT,24.3049,3.4633,755,-3,0,0.5960,39.73,222.96,36.45,39.12,37.50,227.00,51.00,24.00,0.4928,4.61,1,-1,2.7090,ACCEPT,0,1155,2532,19425,2,100,755,0,0,0,0
14,0,1,1,ACCEPT,22.5324,3.0816,755,-2,1,0.6397,38.59,223.57,36.45,39.12,35.50,227.00,45.00,26.00,0.5750,4.61,1,0,2.5001,ACCEPT,0,1011,2375,21035,2,100,755,0,0,0,0
15,0,1,1,ACCEPT,28.0362,3.5208,933,-3,0,0.6356,36.88,223.57,36.45,39.12,35.00,226.00,52.00,22.00,0.4536,3.07,1,0,2.8818,ACCEPT,0,1222,2527,18833,2,100,933,0,0,0,0
16,0,1,1,ACCEPT,32.3942,5.2365,1063,-2,0,0.6980,35.73,223.57,36.45,39.12,33.50,224.50,51.00,19.00,0.4068,2.42,1,0,3.1180,ACCEPT,0,1289,2488,16435,2,100,1063,0,0,0,0
17,0,1,1,ACCEPT,31.7372,3.3119,977,-3,1,0.6551,34.02,224.18,36.45,39.12,32.50,224.00,49.00,20.00,0.4348,1.53,1,0,3.1248,ACCEPT,0,1229,2511,14478,2,100,977,0,0,0,0
18,0,1,1,ACCEPT,31.9295,3.7391,946,-3,1,0.5719,32.31,224.79,36.45,39.12,28.00,222.00,52.00,14.00,0.3105,5.14,1,0,3.0078,ACCEPT,0,1225,2394,14028,2,100,946,0,0,0,0
19,0,1,1,ACCEPT,23.6295,2.4060,717,-2,0,0.9093,31.17,224.79,36.45,39.12,31.00,222.50,48.00,15.00,0.3419,2.30,1,0,2.9018,ACCEPT,0,980,2216,12006,2,100,717,0,0,0,0
20,0,1,1,ACCEPT,28.4511,2.9652,682,-2,1,0.6657,30.03,225.40,36.45,39.12,28.50,223.50,51.00,13.00,0.2934,2.44,1,0,2.9512,ACCEPT,0,782,2191,13089,2,100,682,0,0,0,0
21,0,1,1,ACCEPT,31.2101,3.5193,820,-3,2,0.2805,28.32,226.62,36.45,39.12,28.00,223.50,52.00,13.00,0.2911,3.13,1,0,3.1465,ACCEPT,0,948,2210,14203,2,100,820,0,0,0,0
22,0,1,1,ACCEPT,29.4486,3.3648,784,-2,0,0.8265,27.18,226.62,36.45,39.12,30.00,222.00,48.00,14.00,0.3215,5.41,1,0,3.0553,ACCEPT,0,990,2311,13562,2,100,784,0,0,0,0
23,0,1,1,ACCEPT,28.4222,3.1883,762,-3,1,0.5459,25.47,227.23,36.45,39.12,30.00,224.00,44.00,12.00,0.2808,5.56,1,0,3.0042,ACCEPT,0,974,2247,12892,2,100,762,0,0,0,0
24,0,1,1,ACCEPT,23.2923,2.3150,588,-2,2,0.3776,24.33,228.45,36.45,39.12,28.50,225.00,43.00,12.00,0.2816,5.41,1,0,3.1394,ACCEPT,0,812,2358,11868,2,100,588,0,0,0,0
25,0,1,1,ACCEPT,20.1122,1.8790,528,-4,2,0.1856,22.05,229.66,36.45,39.12,29.50,226.00,41.00,14.00,0.2803,8.31,1,0,3.0357,ACCEPT,0,846,2537,11453,2,100,528,0,0,0,0
26,0,1,1,ACCEPT,25.7975,2.7897,544,-3,0,0.5588,20.34,229.66,36.45,39.12,28.00,226.50,44.00,13.00,0.2688,8.29,1,0,2.6654,ACCEPT,0,761,2547,12625,2,100,544,0,0,0,0
27,0,1,1,ACCEPT,23.3839,2.3761,518,-2,2,0.3359,19.20,230.88,36.45,39.12,29.00,228.00,42.00,14.00,0.2571,10.22,1,0,2.7476,ACCEPT,0,744,2393,15591,2,100,518,0,0,0,0
28,0,1,1,ACCEPT,20.5612,2.9527,499,-2,2,0.4910,18.05,232.10,36.45,39.12,26.50,229.50,41.00,13.00,0.2515,8.84,1,0,2.9225,ACCEPT,0,859,2453,17376,2,100,499,0,0,0,0
29,0,1,1,ACCEPT,22.9246,3.5000,560,-2,2,0.4286,16.91,233.32,36.45,39.12,27.00,231.00,40.00,18.00,0.3090,10.35,1,0,2.8590,ACCEPT,0,878,2493,17018,2,100,560,0,0,0,0
30,0,1,1,ACCEPT,24.9180,3.2887,638,-1,2,0.4263,16.34,234.54,36.45,39.12,26.50,232.50,45.00,15.00,0.2792,10.36,1,0,2.7829,ACCEPT,0,889,2634,19000,2,100,638,0,0,0,0
31,0,1,1,ACCEPT,14.9196,1.9912,454,-2,0,0.7203,15.20,234.54,36.45,39.12,29.00,234.00,42.00,14.00,0.2147,13.81,1,0,2.3835,ACCEPT,0,958,2978,12732,2,100,454,0,0,0,0
32,0,1,1,ACCEPT,18.0221,2.3098,425,-1,2,0.5224,14.63,235.76,36.45,39.12,29.00,235.00,44.00,14.00,0.2155,14.39,1,-1,1.2347,LOW_CONF,0,706,2509,16384,2,100,425,0,0,0,0
33,0,1,1,ACCEPT,20.6589,2.8118,523,-2,2,0.2256,13.49,236.98,36.45,39.12,28.00,241.00,48.00,20.00,0.3027,15.06,1,-14,1.3018,MAX_STEP,0,775,2483,18975,2,100,523,0,0,0,0
34,0,1,1,ACCEPT,21.4242,3.2527,605,0,2,0.5488,13.49,238.20,36.45,39.12,28.00,243.00,48.00,22.00,0.3257,15.28,1,-14,1.4268,MAX_STEP,0,940,2481,19239,2,100,605,0,0,0,0
35,0,1,1,ACCEPT,17.9498,3.1689,469,0,2,0.4883,13.49,239.41,36.45,39.12,32.00,240.00,46.00,14.00,0.1816,18.52,1,-13,1.1282,MAX_STEP,0,958,2238,18283,2,100,469,0,0,0,0
36,0,1,1,ACCEPT,18.9391,3.1797,407,-1,2,0.3907,12.92,240.63,36.45,39.12,33.50,240.50,45.00,11.00,0.1304,20.58,1,-8,1.3887,MAX_STEP,0,804,2314,13807,2,100,407,0,0,0,0
37,0,1,1,ACCEPT,18.4383,2.1371,265,-2,1,0.5774,11.78,241.24,36.45,39.12,36.50,241.00,45.00,14.00,0.1223,24.72,1,-8,1.8352,MAX_STEP,0,635,2679,9395,2,100,265,0,0,0,0
38,0,1,1,ACCEPT,20.5835,3.4459,255,-1,3,0.3490,11.21,243.07,36.45,39.12,39.00,242.50,46.00,13.00,0.0945,27.79,1,8,1.3675,MAX_STEP,0,469,2676,8294,2,100,255,0,0,0,0
39,0,1,1,ACCEPT,18.4514,3.1351,232,0,1,0.8103,11.21,243.68,36.45,39.12,42.50,244.00,53.00,12.00,0.0848,31.29,1,0,2.6050,ACCEPT,0,413,2283,11043,2,100,232,0,0,0,0
40,0,1,1,ACCEPT,21.1161,2.6860,325,-1,1,0.7323,10.64,244.29,36.45,39.12,43.50,246.50,51.00,11.00,0.0640,32.93,1,0,3.3233,ACCEPT,0,604,2510,9350,2,100,325,0,0,0,0
41,0,1,1,ACCEPT,24.3295,3.2155,373,-1,3,0.1769,10.07,246.12,36.45,39.12,45.00,247.00,52.00,14.00,0.0643,34.94,1,0,3.2708,ACCEPT,0,619,2599,9328,2,100,373,0,0,0,0
42,0,1,1,ACCEPT,22.2515,2.7863,365,-1,1,0.7151,9.50,246.73,36.45,39.12,42.50,250.00,71.00,14.00,0.1362,33.16,1,0,2.3736,ACCEPT,0,558,2914,10989,2,100,365,0,0,0,0
43,0,1,1,ACCEPT,17.3507,1.7257,390,-1,3,0.4256,8.93,248.55,36.45,39.12,49.50,251.00,81.00,14.00,0.1102,40.64,1,-14,1.6325,MAX_STEP,0,777,2616,13472,2,100,390,0,0,0,0
44,0,1,1,ACCEPT,21.0617,2.2907,520,0,1,0.9019,8.93,249.16,36.45,39.12,50.00,250.50,84.00,13.00,0.1098,41.09,1,-11,1.3918,MAX_STEP,0,810,2426,16063,2,100,520,0,0,0,0
45,0,1,1,ACCEPT,27.3985,3.3000,627,0,3,0.3748,8.93,250.99,36.45,39.12,53.00,251.50,88.00,13.00,0.1011,44.07,1,-11,1.3264,MAX_STEP,0,758,2306,18582,2,100,627,0,0,0,0
46,0,1,1,ACCEPT,24.8358,2.9318,645,-1,1,0.6977,8.36,251.60,36.45,39.12,55.50,252.50,93.00,13.00,0.0950,47.15,1,0,2.0360,ACCEPT,0,1022,2334,12390,2,100,645,0,0,0,0
47,0,1,1,ACCEPT,25.0775,3.2194,631,0,1,0.9081,8.36,252.21,36.45,39.12,63.00,253.50,90.00,15.00,0.0486,54.66,1,0,3.1418,ACCEPT,0,883,2147,14154,2,100,631,0,0,0,0
48,0,1,1,ACCEPT,24.9768,3.3949,662,-1,2,0.4335,7.79,253.43,36.45,39.12,65.00,253.00,96.00,14.00,0.0477,57.21,1,0,3.9539,ACCEPT,0,907,2366,11589,2,100,662,0,0,0,0
49,0,1,1,ACCEPT,29.9605,3.7500,690,-3,1,0.1449,6.08,254.04,36.45,39.12,70.00,254.00,96.00,14.00,0.0118,63.92,1,0,3.7223,ACCEPT,0,855,2315,10608,2,100,690,0,0,0,0
50,0,1,1,ACCEPT,29.6624,3.9448,572,-1,0,0.7920,5.51,254.04,36.45,39.12,75.00,253.50,100.00,13.00,0.0000,69.49,1,0,3.8162,ACCEPT,0,795,2447,9128,2,100,572,0,0,0,0
51,0,1,1,ACCEPT,34.6495,3.9045,613,-4,0,0.1191,3.23,254.04,36.45,39.12,73.00,252.50,100.00,13.00,0.0000,69.79,1,0,3.7400,ACCEPT,0,732,2621,10930,2,100,613,0,0,0,0
52,0,1,1,ACCEPT,33.3439,4.9237,581,0,1,0.8985,3.23,254.65,36.45,39.12,74.50,253.50,107.00,13.00,0.0021,71.28,1,0,3.7527,ACCEPT,0,695,2343,12795,2,100,581,0,0,0,0
53,0,1,1,ACCEPT,32.7432,4.1103,559,-2,-1,0.6315,2.09,254.04,36.45,39.12,85.00,253.00,102.00,16.00,0.0000,82.92,1,0,3.5878,ACCEPT,0,727,2258,13592,2,100,559,0,0,0,0
54,0,1,1,ACCEPT,35.2355,3.5723,618,-3,1,0.2476,0.38,254.65,36.45,39.12,84.00,252.50,100.00,13.00,0.0000,83.65,1,0,3.7007,ACCEPT,0,719,2120,14831,2,100,618,0,0,0,0
55,0,1,1,ACCEPT,20.4697,2.3723,446,-1,-1,0.8386,-0.20,254.04,36.45,39.12,98.50,252.00,87.00,12.00,0.0000,98.72,1,0,3.4189,ACCEPT,0,722,2086,12117,2,100,446,0,0,0,0
56,0,1,1,ACCEPT,29.2744,3.3237,462,-3,1,0.1017,-1.91,254.65,36.45,39.12,97.00,252.00,92.00,14.00,0.0000,98.94,1,0,3.5688,ACCEPT,0,583,2170,11478,2,100,462,0,0,0,0
57,0,1,1,ACCEPT,38.4339,3.9394,520,-1,0,0.9058,-2.48,254.65,36.45,39.12,112.50,251.50,71.00,17.00,0.0000,115.02,1,0,3.6219,ACCEPT,0,522,2249,11593,2,100,520,0,0,0,0
58,0,1,1,ACCEPT,46.1802,3.8966,565,-2,0,0.5133,-3.62,254.65,36.45,39.12,112.00,253.00,76.00,18.00,0.0000,115.63,1,0,3.6075,ACCEPT,0,478,2199,13335,2,100,565,0,0,0,0
59,0,1,1,ACCEPT,39.2445,4.2955,567,0,-1,0.9577,-3.62,254.04,36.45,39.12,116.50,253.00,61.00,18.00,0.0000,120.12,1,0,3.5979,ACCEPT,0,443,2000,15308,2,100,567,0,0,0,0
60,0,1,1,ACCEPT,47.8016,4.9846,648,0,1,0.8472,-3.62,254.65,36.45,39.12,121.00,253.00,70.00,18.00,0.0000,124.63,1,0,3.6202,ACCEPT,0,538,2038,16072,2,100,648,0,0,0,0
61,0,1,1,ACCEPT,37.5941,4.0400,505,0,0,1.0000,-3.62,254.65,36.45,39.12,124.00,251.50,76.00,19.00,0.0000,127.66,1,0,3.6701,ACCEPT,0,502,2145,13619,2,100,505,0,0,0,0
62,0,1,1,ACCEPT,25.4818,2.1030,347,0,-2,0.9078,-3.62,253.43,36.45,39.12,131.50,252.00,59.00,16.00,0.0000,135.12,1,0,3.6610,ACCEPT,0,478,2111,13622,2,100,347,0,0,0,0
63,0,1,1,ACCEPT,24.8785,3.0092,328,0,0,1.0000,-3.62,253.43,36.45,39.12,133.00,251.50,58.00,17.00,0.0000,136.63,1,0,3.6656,ACCEPT,0,438,2079,12406,2,100,328,0,0,0,0
64,0,1,1,ACCEPT,28.0698,2.7748,308,1,-2,0.6136,-3.05,252.21,36.45,39.12,139.50,251.50,63.00,13.00,0.0000,142.55,1,0,3.7685,ACCEPT,0,387,1995,12595,2,100,308,0,0,0,0
65,0,1,1,ACCEPT,28.3548,2.8295,365,0,-2,0.7123,-3.05,250.99,36.45,39.12,139.50,250.00,65.00,12.00,0.0000,142.55,1,0,3.7240,ACCEPT,0,408,1980,13066,2,100,365,0,0,0,0
66,0,1,1,ACCEPT,32.3986,3.4245,476,1,-2,0.5126,-2.48,249.77,36.45,39.12,145.00,251.00,66.00,16.00,0.0000,147.48,1,0,3.8108,ACCEPT,0,497,1987,12671,2,100,476,0,0,0,0
67,0,1,1,ACCEPT,29.8614,4.0696,468,0,-3,0.4573,-2.48,247.95,36.45,39.12,144.00,249.50,72.00,19.00,0.0000,146.48,1,0,3.7513,ACCEPT,0,549,2610,12624,2,100,468,0,0,0,0
68,0,1,1,ACCEPT,34.5937,4.4867,507,1,-1,0.8126,-1.91,247.34,36.45,39.12,147.00,248.00,76.00,18.00,0.0000,148.91,1,0,3.6969,ACCEPT,0,507,2777,10797,2,100,507,0,0,0,0
69,0,1,1,ACCEPT,34.6972,3.6583,439,1,-1,0.7289,-1.34,246.73,36.45,39.12,147.50,245.00,77.00,18.00,0.0000,148.85,1,0,3.7268,ACCEPT,0,398,2742,11155,2,100,439,0,0,0,0
70,0,1,1,ACCEPT,36.7336,4.0083,485,-1,-3,0.4990,-1.91,244.90,36.45,39.12,150.50,244.00,81.00,18.00,0.0000,152.41,1,0,3.7066,ACCEPT,0,436,2630,12314,2,100,485,0,0,0,0
71,0,1,1,ACCEPT,35.2159,4.1120,514,2,-2,0.3580,-0.77,243.68,36.45,39.12,152.00,240.50,78.00,23.00,0.0000,152.80,1,0,3.7593,ACCEPT,0,442,2507,13805,2,100,514,0,0,0,0
72,0,1,1,ACCEPT,38.1626,4.9328,661,0,-2,0.7231,-0.77,242.46,36.45,39.12,161.00,239.50,64.00,17.00,0.0000,161.79,1,0,3.7067,ACCEPT,0,575,2407,14589,2,100,661,0,0,0,0
73,0,1,1,ACCEPT,36.6016,4.6419,687,1,0,0.8763,-0.20,242.46,36.45,39.12,162.50,240.00,61.00,20.00,0.0000,162.71,1,0,3.7392,ACCEPT,0,537,2573,14308,2,100,687,0,0,0,0
74,0,1,1,ACCEPT,35.7510,4.8688,779,0,-2,0.7176,-0.20,241.24,36.45,39.12,163.50,236.50,57.00,21.00,0.0000,163.76,1,0,3.5222,ACCEPT,0,701,2029,16216,2,100,779,0,0,0,0
75,0,1,1,ACCEPT,39.5331,5.8591,873,0,-2,0.6712,-0.20,240.02,36.45,39.12,166.00,235.00,56.00,22.00,0.0000,166.27,1,0,3.5701,ACCEPT,0,759,1783,16860,2,100,873,0,0,0,0
76,0,1,1,ACCEPT,42.5559,4.7865,919,1,-1,0.6855,0.38,239.41,36.45,39.12,169.50,234.00,55.00,26.00,0.0000,169.21,1,0,3.4957,ACCEPT,0,672,1924,17660,2,100,919,0,0,0,0
77,0,1,1,ACCEPT,35.6213,4.5784,934,1,0,0.8512,0.95,239.41,36.45,39.12,170.50,232.00,57.00,28.00,0.0000,169.72,1,0,3.7142,ACCEPT,0,804,2039,19328,2,100,934,0,0,0,0
78,0,1,1,ACCEPT,33.6897,4.5949,896,0,0,1.0000,0.95,239.41,36.45,39.12,171.00,231.00,54.00,30.00,0.0000,170.26,1,0,3.6910,ACCEPT,0,769,2030,20886,2,100,896,0,0,0,0
79,0,1,1,ACCEPT,31.2810,3.5086,1021,-1,-1,0.8570,0.38,238.80,36.45,39.12,173.00,230.00,56.00,32.00,0.0000,172.85,1,0,3.6114,ACCEPT,0,968,1867,24710,2,100,1021,0,0,0,0
80,0,1,1,ACCEPT,37.3800,4.1341,1017,1,-2,0.3432,0.95,237.59,36.45,39.12,174.50,229.50,57.00,31.00,0.0000,173.74,1,0,3.7191,ACCEPT,0,894,1783,23217,2,100,1017,0,0,0,0
81,0,1,1,ACCEPT,43.6863,4.4573,1043,1,0,0.8456,1.52,237.59,36.45,39.12,176.50,230.00,57.00,30.00,0.0000,175.15,1,0,3.7496,ACCEPT,0,825,2022,23488,2,100,1043,0,0,0,0
82,0,1,1,ACCEPT,41.2436,6.2484,981,0,-1,0.9857,1.52,236.98,36.45,39.12,179.50,226.50,57.00,35.00,0.0000,178.29,1,0,3.6427,ACCEPT,0,860,2162,20580,2,100,981,0,0,0,0
83,0,1,1,ACCEPT,43.1602,6.3500,889,3,0,0.3285,3.23,236.98,36.45,39.12,184.50,226.00,53.00,34.00,0.0000,181.61,1,0,3.6918,ACCEPT,0,690,2308,17757,2,100,889,0,0,0,0
84,0,1,1,ACCEPT,43.6367,4.5106,848,3,0,0.3691,4.94,236.98,36.45,39.12,185.50,226.00,53.00,34.00,0.0000,180.90,1,0,3.7469,ACCEPT,0,633,2281,18369,2,100,848,0,0,0,0
85,0,1,1,ACCEPT,42.6680,4.4118,900,1,-1,0.7989,5.51,236.37,36.45,39.12,188.00,225.50,52.00,35.00,0.0000,182.82,1,0,3.7101,ACCEPT,0,702,2540,16519,2,100,900,0,0,0,0
86,0,1,1,ACCEPT,39.4570,3.9698,790,2,0,0.6089,6.65,236.37,36.45,39.12,189.50,225.00,55.00,36.00,0.0000,183.20,1,0,3.5725,ACCEPT,0,581,2304,17558,2,100,790,0,0,0,0
87,0,1,1,ACCEPT,35.4845,3.7784,699,3,0,0.3877,8.36,236.37,36.45,39.12,194.00,224.00,56.00,40.00,0.0000,186.05,1,0,3.6751,ACCEPT,0,649,2445,15903,2,100,699,0,0,0,0
88,0,1,1,ACCEPT,37.0424,4.2466,620,3,-1,0.3403,10.07,235.76,36.45,39.12,195.50,223.50,57.00,43.00,0.0000,185.83,1,0,3.6246,ACCEPT,0,541,2307,13920,2,100,620,0,0,0,0
89,0,1,1,ACCEPT,38.8671,6.0000,630,2,-1,0.5111,11.21,235.15,36.45,39.12,198.00,224.00,56.00,46.00,0.0000,187.12,1,0,3.6355,ACCEPT,0,547,1669,13229,2,100,630,0,0,0,0
90,0,1,1,ACCEPT,33.6227,4.9565,570,3,2,0.2456,12.92,236.37,36.45,39.12,200.50,223.50,57.00,49.00,0.0000,188.02,1,0,3.7037,ACCEPT,0,570,1714,13550,2,100,570,0,0,0,0
91,0,1,1,ACCEPT,29.2089,3.4083,743,1,0,0.9435,13.49,236.37,36.45,39.12,204.50,222.50,51.00,53.00,0.0000,191.51,1,0,3.6618,ACCEPT,0,785,1510,16396,2,100,743,0,0,0,0
92,0,1,1,ACCEPT,39.6304,6.1046,934,2,0,0.5857,14.63,236.37,36.45,39.12,205.50,222.50,53.00,55.00,0.0000,191.37,1,0,3.6195,ACCEPT,0,784,1453,15248,2,100,934,0,0,0,0
93,0,1,1,ACCEPT,46.8381,6.5944,943,0,0,1.0000,14.63,236.37,36.45,39.12,206.00,221.00,52.00,56.00,0.0000,191.98,1,0,3.5761,ACCEPT,0,671,1488,14039,2,100,943,0,0,0,0
94,0,1,1,ACCEPT,47.0799,7.4513,842,1,0,0.9679,15.20,236.37,36.45,39.12,207.00,218.50,52.00,59.00,0.0000,192.63,1,0,3.5743,ACCEPT,0,620,1461,17276,2,100,842,0,0,0,0
95,0,1,1,ACCEPT,51.4683,6.3812,1021,1,-1,0.8198,15.77,235.76,36.45,39.12,207.00,217.00,52.00,60.00,0.0000,192.14,1,0,3.6356,ACCEPT,0,674,1489,19145,2,100,1021,0,0,0,0
96,0,1,1,ACCEPT,48.3220,7.2422,1166,-2,-2,0.5309,14.63,234.54,36.45,39.12,206.50,213.00,53.00,72.00,0.0000,193.07,1,0,3.5806,ACCEPT,0,879,1714,17058,2,100,1166,0,0,0,0
97,0,1,1,ACCEPT,55.4256,9.6275,982,0,-3,0.4420,14.63,232.71,36.45,39.12,208.00,209.50,54.00,73.00,0.0000,194.76,1,0,3.5773,ACCEPT,0,650,1769,16861,2,100,982,0,0,0,0
98,0,1,1,ACCEPT,52.0192,9.0000,954,-1,-1,0.7872,14.06,232.10,36.45,39.12,208.00,210.00,56.00,70.00,0.0000,195.19,1,0,3.5975,ACCEPT,0,632,1792,16891,2,100,954,0,0,0,0
99,0,1,1,ACCEPT,53.0041,7.5000,975,1,-1,0.7179,14.63,231.49,36.45,39.12,208.50,208.50,53.00,67.00,0.0000,195.23,1,0,3.6239,ACCEPT,0,627,1794,16050,2,100,975,0,0,0,0
100,0,1,1,ACCEPT,63.7536,10.0196,1022,-1,-2,0.6037,14.06,230.27,36.45,39.12,208.50,208.50,55.00,65.00,0.0000,195.65,1,0,3.3913,ACCEPT,0,560,1705,18061,2,100,1022,0,0,0,0
101,0,1,1,ACCEPT,61.4774,8.0917,971,1,-3,0.2812,14.63,228.45,36.45,39.12,208.50,204.50,55.00,71.00,0.0000,195.34,1,0,3.6021,ACCEPT,0,543,1859,17873,2,100,971,0,0,0,0
102,0,1,1,ACCEPT,66.0719,6.8026,1034,-1,-2,0.6383,14.06,227.23,36.45,39.12,209.50,202.50,55.00,75.00,0.0000,197.00,1,0,3.4460,ACCEPT,0,558,1832,18893,2,100,1034,0,0,0,0
103,0,1,1,ACCEPT,35.2285,3.6250,638,1,-2,0.5016,14.63,226.01,36.45,39.12,211.00,198.00,54.00,76.00,0.0000,198.35,1,0,3.4706,ACCEPT,0,604,2096,14558,2,100,638,0,0,0,0
104,0,1,1,ACCEPT,42.2022,6.1284,668,1,-3,0.2440,15.20,224.18,36.45,39.12,210.00,196.50,52.00,77.00,0.0000,196.75,1,0,3.4736,ACCEPT,0,570,2191,14615,2,100,668,0,0,0,0
105,0,1,1,ACCEPT,49.0837,5.7109,731,3,-2,0.2449,16.91,222.96,36.45,39.12,213.00,190.00,52.00,80.00,0.0000,198.84,1,0,3.5340,ACCEPT,0,526,2106,16606,2,100,731,0,0,0,0
106,0,1,1,ACCEPT,49.8711,7.3367,719,2,-4,0.0278,18.05,220.52,36.45,39.12,215.00,190.50,54.00,81.00,0.0000,199.22,1,0,3.5073,ACCEPT,0,573,2138,14815,2,100,719,0,0,0,0
107,0,1,1,ACCEPT,53.0933,8.3373,692,3,-4,0.0303,19.77,218.09,36.45,39.12,215.50,184.50,53.00,85.00,0.0000,198.59,1,0,3.4334,ACCEPT,0,523,2439,12827,2,100,692,0,0,0,0
108,0,1,1,ACCEPT,49.5174,7.7471,674,1,-2,0.5534,20.34,216.87,36.45,39.12,217.50,181.00,51.00,84.00,0.0000,200.40,1,0,3.4971,ACCEPT,0,597,2559,13235,2,100,674,0,0,0,0
109,0,1,1,ACCEPT,42.9315,5.6991,644,3,-3,0.0854,22.05,215.04,36.45,39.12,220.50,178.00,53.00,86.00,0.0000,201.88,1,0,3.4943,ACCEPT,0,537,2807,11813,2,100,644,0,0,0,0
110,0,1,1,ACCEPT,42.7937,5.0078,646,3,-2,0.2570,23.76,213.82,36.45,39.12,221.00,175.50,50.00,95.00,0.0000,200.93,1,0,3.5042,ACCEPT,0,492,2702,12581,2,100,646,0,0,0,0
111,0,1,1,ACCEPT,41.2396,4.9760,622,2,-3,0.1881,24.90,211.99,36.45,39.12,224.00,176.00,52.00,90.00,0.0000,202.33,1,0,3.5189,ACCEPT,0,498,2772,14720,2,100,622,0,0,0,0
112,0,1,1,ACCEPT,30.6629,4.0769,689,3,-2,0.2467,26.61,210.77,36.45,39.12,224.50,169.00,49.00,96.00,0.0000,202.25,1,0,3.5803,ACCEPT,0,744,2646,16493,2,100,689,0,0,0,0
113,0,1,1,ACCEPT,34.0721,5.1412,910,1,-2,0.6165,27.18,209.55,36.45,39.12,226.50,166.50,51.00,97.00,0.0000,203.92,1,0,3.4178,ACCEPT,0,838,3050,10909,2,100,910,0,0,0,0
114,0,1,1,ACCEPT,32.3215,4.4971,778,3,-2,0.2031,28.89,208.34,36.45,39.12,226.50,166.50,51.00,97.00,0.0000,201.99,1,0,3.5007,ACCEPT,0,811,3081,11867,2,100,778,0,0,0,0
115,0,1,1,ACCEPT,31.1338,4.6133,692,1,0,0.9436,29.46,208.34,36.45,39.12,231.50,163.00,53.00,100.00,0.0000,207.06,1,0,3.4623,ACCEPT,0,743,2568,14357,2,100,692,0,0,0,0
116,0,1,1,ACCEPT,37.1872,6.0763,717,2,-2,0.3013,30.60,207.12,36.45,39.12,232.00,161.50,54.00,95.00,0.0000,206.50,1,0,3.5151,ACCEPT,0,657,2594,14870,2,100,717,0,0,0,0
117,0,1,1,ACCEPT,37.0866,5.7438,695,1,-3,0.4101,31.17,205.29,36.45,39.12,233.00,160.50,54.00,95.00,0.0000,206.74,1,0,3.4695,ACCEPT,0,720,2513,14841,2,100,695,0,0,0,0
118,0,1,1,ACCEPT,30.2161,3.8447,619,2,-3,0.2310,32.31,203.46,36.45,39.12,234.50,158.50,55.00,93.00,0.0000,207.13,1,0,3.4938,ACCEPT,0,724,2567,15568,2,100,619,0,0,0,0
119,0,1,1,ACCEPT,32.8213,4.6288,611,0,-3,0.4173,32.31,201.63,36.45,39.12,236.50,156.50,53.00,93.00,0.0000,209.12,1,0,3.4133,ACCEPT,0,632,2388,13487,2,100,611,0,0,0,0
120,0,1,1,ACCEPT,26.6842,2.6068,537,1,-6,0.2793,32.88,197.98,36.45,39.12,237.00,155.00,54.00,92.00,0.0000,208.59,1,0,3.4620,ACCEPT,0,581,2352,15500,2,100,537,0,0,0,0
121,0,1,1,ACCEPT,29.0834,2.4829,581,-1,-3,0.4682,32.31,196.15,36.45,39.12,237.50,152.50,55.00,91.00,0.0000,209.78,1,0,3.4764,ACCEPT,0,589,2082,15596,2,100,581,0,0,0,0
122,0,1,1,ACCEPT,32.1193,3.7375,598,1,-1,0.6237,32.88,195.54,36.45,39.12,236.50,153.50,57.00,91.00,0.0000,207.91,1,0,3.4569,ACCEPT,0,598,2054,15692,2,100,598,0,0,0,0
123,0,1,1,ACCEPT,31.4541,3.4494,614,-2,-2,0.4169,31.74,194.32,36.45,39.12,236.50,153.50,59.00,95.00,0.0000,208.79,1,0,3.4553,ACCEPT,0,652,2054,15074,2,100,614,0,0,0,0
124,0,1,1,ACCEPT,32.8967,4.3469,639,1,0,0.8294,32.31,194.32,36.45,39.12,239.50,152.00,55.00,96.00,0.0000,211.47,1,0,3.2998,ACCEPT,0,563,2058,17261,2,100,639,0,0,0,0
125,0,1,1,ACCEPT,35.7979,4.6190,776,2,-1,0.5000,33.45,193.71,36.45,39.12,240.00,152.00,56.00,98.00,0.0000,210.72,1,0,3.3960,ACCEPT,0,645,2130,16688,2,100,776,0,0,0,0
126,0,1,1,ACCEPT,39.9568,5.2436,818,0,-2,0.5232,33.45,192.49,36.45,39.12,242.50,151.50,57.00,95.00,0.0000,213.03,1,0,3.4574,ACCEPT,0,659,2141,15093,2,100,818,0,0,0,0
127,0,1,1,ACCEPT,26.3142,3.0286,530,1,1,0.8038,34.02,193.10,36.45,39.12,243.50,151.00,57.00,100.00,0.0000,213.67,1,0,3.3581,ACCEPT,0,701,2910,8837,2,100,530,0,0,0,0
128,0,1,1,ACCEPT,26.8526,3.1864,376,1,-2,0.7181,34.59,191.88,36.45,39.12,245.00,146.00,56.00,102.00,0.0000,215.35,1,0,3.4094,ACCEPT,0,429,3094,9545,2,100,376,0,0,0,0
129,0,1,1,ACCEPT,27.3830,3.1120,389,1,-4,0.0900,35.16,189.45,36.45,39.12,247.50,144.50,57.00,101.00,0.0000,217.04,1,0,3.4183,ACCEPT,0,435,3075,9708,2,100,389,0,0,0,0
130,0,1,1,ACCEPT,31.0828,4.1020,402,0,-4,0.3333,35.16,187.01,36.45,39.12,249.00,143.00,58.00,102.00,0.0000,218.32,1,0,3.3902,ACCEPT,0,404,3137,8366,2,100,402,0,0,0,0
131,0,1,1,ACCEPT,26.6395,4.2533,319,2,-5,0.1536,36.30,183.96,36.45,39.12,252.50,140.00,61.00,106.00,0.0000,220.62,1,0,3.3839,ACCEPT,0,393,3126,9451,2,100,319,0,0,0,0
132,0,1,1,ACCEPT,23.0283,2.6609,306,3,-6,0.2288,38.02,180.30,36.45,39.12,255.50,131.00,61.00,114.00,0.0000,223.00,1,0,3.3839,ACCEPT,0,471,3183,9767,2,100,306,0,0,0,0
133,0,1,1,ACCEPT,26.6060,2.6835,373,1,-5,0.0295,38.59,177.26,36.45,39.12,257.00,126.00,62.00,110.00,0.0000,224.35,1,0,3.3718,ACCEPT,0,423,3156,11169,2,100,373,0,0,0,0
134,0,1,1,ACCEPT,26.1701,2.3988,415,-2,-5,0.1157,37.45,174.21,36.45,39.12,256.50,124.00,63.00,116.00,0.0000,224.74,1,0,3.2863,ACCEPT,0,519,2950,13388,2,100,415,0,0,0,0
135,0,1,1,ACCEPT,27.5921,2.2876,517,2,-5,0.0348,38.59,171.16,36.45,39.12,256.00,121.00,60.00,114.00,0.0000,223.13,1,0,3.5141,ACCEPT,0,634,3093,11792,2,100,517,0,0,0,0
136,0,1,1,ACCEPT,30.1439,2.6232,543,-2,-3,0.1639,37.45,169.34,36.45,39.12,256.50,126.50,61.00,101.00,0.0000,223.20,1,0,3.3067,ACCEPT,0,597,3098,12093,2,100,543,0,0,0,0
137,0,1,1,ACCEPT,37.9620,3.5474,674,0,-2,0.4585,37.45,168.12,36.45,39.12,256.00,126.50,64.00,97.00,0.0000,222.48,1,0,3.4288,ACCEPT,0,571,3288,11998,2,100,674,0,0,0,0
138,0,1,1,ACCEPT,32.8248,3.2368,615,-1,-1,0.6813,36.88,167.51,36.45,39.12,254.50,124.50,63.00,99.00,0.0000,221.83,1,0,3.4666,ACCEPT,0,587,3222,12216,2,100,615,0,0,0,0
139,0,1,1,ACCEPT,23.4203,3.5103,509,-3,-3,0.2633,35.16,165.68,36.45,39.12,256.00,121.50,66.00,103.00,0.0000,225.21,1,0,3.4198,ACCEPT,0,689,2136,16771,2,100,509,0,0,0,0
140,0,1,1,ACCEPT,30.2763,4.4901,678,-1,-1,0.9912,34.59,165.07,36.45,39.12,254.00,120.50,64.00,101.00,0.0000,223.89,1,0,3.4185,ACCEPT,0,726,1985,16954,2,100,678,0,0,0,0
141,0,1,1,ACCEPT,37.9102,6.2966,743,-1,0,0.8843,34.02,165.07,37.91,40.68,256.00,118.50,68.00,105.00,0.0000,226.81,1,1,3.2077,ACCEPT,0,711,2061,13763,2,100,743,0,0,0,0
142,0,1,1,ACCEPT,39.9902,5.7025,690,1,-1,0.8029,34.62,164.44,37.91,40.68,254.50,121.00,63.00,102.00,0.0000,224.13,1,0,3.4046,ACCEPT,0,582,2198,14017,2,100,690,0,0,0,0
143,0,1,1,ACCEPT,35.2076,5.8220,687,-1,0,0.9651,34.02,164.44,37.91,40.68,255.00,119.00,68.00,104.00,0.0000,225.60,1,0,3.3798,ACCEPT,0,712,2055,15364,2,100,687,0,0,0,0
144,0,1,1,ACCEPT,35.5036,4.9206,620,0,-1,0.8145,34.02,163.80,37.91,40.68,253.00,118.50,64.00,97.00,0.0000,223.61,1,0,3.4460,ACCEPT,0,610,2112,13483,2,100,620,0,0,0,0
145,0,1,1,ACCEPT,33.1423,4.8425,615,-2,-1,0.6878,32.84,163.17,37.91,40.68,249.50,118.00,63.00,98.00,0.0000,221.32,1,0,3.5408,ACCEPT,0,568,2203,12562,2,100,615,0,0,0,0
146,0,1,1,ACCEPT,36.2370,4.4848,592,-2,2,0.2449,31.65,164.44,37.91,40.68,251.50,117.00,63.00,98.00,0.0000,224.91,1,0,3.4496,ACCEPT,0,565,2482,11788,2,100,592,0,0,0,0
147,0,1,1,ACCEPT,36.4422,5.1261,610,-1,2,0.4721,31.05,165.70,37.91,40.68,247.00,116.50,60.00,97.00,0.0000,221.48,1,0,3.4613,ACCEPT,0,573,2461,12664,2,100,610,0,0,0,0
148,0,1,1,ACCEPT,38.2611,5.7297,636,-1,0,0.9843,30.46,165.70,37.91,40.68,245.50,117.00,55.00,96.00,0.0000,220.49,1,0,3.5590,ACCEPT,0,549,2404,14754,2,100,636,0,0,0,0
149,0,1,1,ACCEPT,37.5324,5.7295,699,0,1,0.8827,30.46,166.34,37.91,40.68,244.50,114.00,55.00,92.00,0.0000,220.34,1,0,3.5167,ACCEPT,0,637,2605,13374,2,100,699,0,0,0,0
150,0,1,1,ACCEPT,39.9344,7.0000,672,0,1,0.8646,30.46,166.97,37.91,40.68,245.50,111.00,57.00,92.00,0.0000,222.20,1,0,3.5088,ACCEPT,0,548,2560,13800,2,100,672,0,0,0,0
151,0,1,1,ACCEPT,27.9158,4.4444,520,0,-2,0.7269,30.46,165.70,37.91,40.68,244.50,107.00,51.00,96.00,0.0000,221.94,1,0,3.4543,ACCEPT,0,713,3200,12687,2,100,520,0,0,0,0
152,0,1,1,ACCEPT,31.1840,4.7462,617,0,-1,0.8250,30.46,165.07,37.91,40.68,248.50,102.00,61.00,98.00,0.0000,226.98,1,0,3.4492,ACCEPT,0,696,3263,10592,2,100,617,0,0,0,0
153,0,1,1,ACCEPT,33.3180,5.1881,524,-1,0,0.9714,29.87,165.07,37.91,40.68,247.50,97.00,59.00,96.00,0.0000,228.03,1,0,3.4681,ACCEPT,0,526,3010,9294,2,100,524,0,0,0,0
154,0,1,1,ACCEPT,40.8252,6.0353,513,-1,0,0.8480,29.27,165.07,37.91,40.68,246.50,95.00,59.00,94.00,0.0000,228.25,1,0,3.4790,ACCEPT,0,422,2936,9589,2,100,513,0,0,0,0
155,0,1,1,ACCEPT,30.2853,3.7431,408,1,1,0.9265,29.87,165.70,37.91,40.68,252.50,92.00,53.00,90.00,0.0000,234.52,1,0,3.4660,ACCEPT,0,435,2492,12263,2,100,408,0,0,0,0
156,0,1,1,ACCEPT,35.6009,5.2178,527,1,1,0.9412,30.46,166.34,37.91,40.68,249.00,89.50,52.00,91.00,0.0000,231.65,1,0,3.4928,ACCEPT,0,520,2440,13022,2,100,527,0,0,0,0
157,0,1,1,ACCEPT,39.6955,6.2472,556,1,2,0.6619,31.05,167.60,37.91,40.68,252.00,90.00,54.00,90.00,0.0000,234.18,1,0,3.4475,ACCEPT,0,452,2384,12368,2,100,556,0,0,0,0
158,0,1,1,ACCEPT,36.1951,5.1075,475,1,0,0.8568,31.65,167.60,37.91,40.68,250.00,87.00,56.00,92.00,0.0000,232.75,1,0,3.4574,ACCEPT,0,410,2453,10649,2,100,475,0,0,0,0
159,0,1,1,ACCEPT,39.9480,4.7789,454,1,1,0.8370,32.24,168.23,37.91,40.68,252.50,84.00,53.00,88.00,0.0000,235.82,1,0,3.4415,ACCEPT,0,362,2459,8876,2,100,454,0,0,0,0
160,0,1,1,ACCEPT,37.4687,5.8382,397,2,5,0.0050,33.43,171.40,37.91,40.68,253.50,84.50,53.00,87.00,0.0000,236.61,1,0,3.4394,ACCEPT,0,353,2451,8381,2,100,397,0,0,0,0
161,0,1,1,ACCEPT,36.4519,6.0508,357,2,9,0.0364,34.62,177.09,37.91,40.68,249.50,84.50,47.00,81.00,0.0000,233.98,1,0,3.4514,ACCEPT,0,300,2487,8033,2,100,357,0,0,0,0
162,0,1,1,ACCEPT,38.9426,5.8197,355,2,5,0.0394,35.80,180.26,37.91,40.68,254.50,87.00,43.00,78.00,0.0000,237.75,1,0,3.4630,ACCEPT,0,338,2186,9515,2,100,355,0,0,0,0
163,0,1,1,ACCEPT,27.2735,3.6341,298,3,6,0.1879,37.59,184.05,37.91,40.68,254.50,106.00,41.00,100.00,0.0000,230.53,1,0,3.4475,ACCEPT,0,303,2266,14434,2,100,298,0,0,0,0
164,0,1,1,ACCEPT,33.2848,4.9574,466,3,7,0.1223,39.37,188.48,37.91,40.68,256.50,108.00,47.00,104.00,0.0000,231.57,1,0,3.4190,ACCEPT,0,475,2175,13287,2,100,466,0,0,0,0
165,0,1,1,ACCEPT,35.6385,4.1182,453,5,9,0.0817,42.34,194.18,37.91,40.68,257.00,108.00,48.00,102.00,0.0000,231.32,1,0,3.4250,ACCEPT,0,442,2228,14345,2,100,453,0,0,0,0
166,0,1,1,ACCEPT,20.1510,1.8105,277,0,13,0.0614,42.34,202.41,37.91,40.68,255.00,117.00,46.00,98.00,0.0000,229.17,1,0,3.2482,ACCEPT,0,462,2473,9577,2,100,277,0,0,0,0
167,0,1,1,ACCEPT,18.9374,2.0108,187,0,9,0.0107,42.34,208.10,37.91,40.68,257.50,121.00,39.00,98.00,0.0000,232.13,1,0,3.2310,ACCEPT,0,313,2189,11724,2,100,187,0,0,0,0
168,0,1,1,ACCEPT,23.0968,2.5542,212,2,9,0.0660,43.52,213.80,37.91,40.68,259.50,129.00,39.00,98.00,0.0000,232.03,1,0,3.2471,ACCEPT,0,271,2234,11955,2,100,212,0,0,0,0
169,0,1,1,ACCEPT,30.3624,3.8974,304,0,7,0.0559,43.52,218.23,37.91,40.68,259.50,129.00,39.00,96.00,0.0000,233.68,1,0,3.2702,ACCEPT,0,295,2381,12053,2,100,304,0,0,0,0
170,0,1,1,ACCEPT,36.2313,4.1099,374,0,9,0.0481,43.52,223.92,37.91,40.68,258.00,138.00,36.00,100.00,0.0000,231.05,1,0,3.2155,ACCEPT,0,361,2101,11426,2,100,374,0,0,0,0
171,0,1,1,ACCEPT,27.1662,2.9405,247,2,9,0.1538,44.71,229.62,37.91,40.68,255.50,140.00,37.00,108.00,0.0000,229.05,1,0,3.3626,ACCEPT,0,285,2575,10102,2,100,247,0,0,0,0
172,0,1,1,ACCEPT,32.3761,4.0405,299,2,7,0.0234,45.90,234.05,37.91,40.68,256.00,144.50,42.00,103.00,0.0000,228.39,1,0,3.4186,ACCEPT,0,304,2515,12491,2,100,299,0,0,0,0
173,0,1,1,ACCEPT,38.4810,5.0395,383,0,8,0.1253,45.90,239.11,37.91,40.68,256.50,149.00,37.00,106.00,0.0000,229.07,1,0,3.3908,ACCEPT,0,334,2316,13848,2,100,383,0,0,0,0
174,0,1,1,ACCEPT,36.7014,4.0673,423,1,5,0.1418,46.49,242.27,37.91,40.68,256.00,150.50,40.00,107.00,0.0000,228.73,1,0,3.4494,ACCEPT,0,333,2446,12809,2,100,423,0,0,0,0
175,0,1,1,ACCEPT,30.0258,4.0315,512,3,4,0.1641,48.27,244.80,37.91,40.68,254.50,153.50,39.00,107.00,0.0000,225.53,1,0,3.4149,ACCEPT,0,617,2422,19571,2,100,512,0,0,0,0
176,0,1,1,ACCEPT,36.5702,6.1638,715,0,3,0.3678,48.27,246.70,37.91,40.68,256.50,155.50,43.00,105.00,0.0000,227.32,1,0,3.3808,ACCEPT,0,583,2277,19574,2,100,715,0,0,0,0
177,0,1,1,ACCEPT,46.4762,6.4800,810,-1,5,0.0593,47.68,249.87,37.91,40.68,254.50,156.50,41.00,109.00,0.0000,226.92,1,0,3.3830,ACCEPT,0,582,2449,16941,2,100,810,0,0,0,0
178,0,1,1,ACCEPT,53.5277,6.5785,796,-1,3,0.1545,47.09,251.77,37.91,40.68,251.00,161.50,46.00,109.00,0.0000,223.00,1,0,3.4280,ACCEPT,0,481,2472,17972,2,100,796,0,0,0,0
179,0,1,1,ACCEPT,50.1896,7.4222,668,2,-1,0.6377,48.27,251.13,37.91,40.68,248.50,161.50,45.00,109.00,0.0000,219.37,1,0,3.4130,ACCEPT,0,501,2751,15421,2,100,668,0,0,0,0
180,0,1,1,ACCEPT,59.8164,7.3229,703,0,3,0.2788,48.27,253.03,37.91,40.68,246.50,164.50,47.00,101.00,0.0000,217.10,1,0,3.3956,ACCEPT,0,411,2529,18757,2,100,703,0,0,0,0
181,0,1,1,ACCEPT,63.1407,8.3368,792,-1,2,0.4558,47.68,254.30,37.91,40.68,243.50,166.00,47.00,102.00,0.0000,214.81,1,0,3.4034,ACCEPT,0,482,2522,18970,2,100,792,0,0,0,0
182,0,1,1,ACCEPT,61.7611,9.5222,857,-2,3,0.1050,46.49,256.20,37.91,40.68,241.00,167.00,48.00,102.00,0.0000,213.98,1,0,3.3762,ACCEPT,0,470,2424,17109,2,100,857,0,0,0,0
183,0,1,1,ACCEPT,56.8621,10.6618,725,1,2,0.5641,47.09,257.46,37.91,40.68,238.00,170.50,50.00,97.00,0.0000,209.79,1,0,3.4005,ACCEPT,0,429,2500,15828,2,100,725,0,0,0,0
184,0,1,1,ACCEPT,55.7338,9.0933,682,-2,2,0.1789,45.90,258.73,37.91,40.68,236.50,170.00,51.00,102.00,0.0000,210.24,1,0,3.3740,ACCEPT,0,435,2414,16717,2,100,682,0,0,0,0
185,0,1,1,ACCEPT,49.0779,8.3250,666,-2,0,0.7357,44.71,258.73,37.91,40.68,234.50,172.50,51.00,97.00,0.0000,208.46,1,0,3.4152,ACCEPT,0,447,2480,15849,2,100,666,0,0,0,0
186,0,1,1,ACCEPT,53.2507,7.7952,647,-2,1,0.6584,43.52,259.36,37.91,40.68,232.50,172.50,53.00,97.00,0.0000,207.98,1,0,3.3874,ACCEPT,0,444,2519,14194,2,100,647,0,0,0,0
187,0,1,1,ACCEPT,26.9284,3.8598,413,-1,1,0.7869,42.93,259.99,37.91,40.68,231.00,189.00,54.00,66.00,0.0000,201.02,1,0,3.2741,ACCEPT,0,430,2808,13888,2,100,413,0,0,0,0
188,0,1,1,ACCEPT,37.2907,4.8515,490,1,-1,0.8347,43.52,259.36,37.91,40.68,232.00,188.00,56.00,66.00,0.0000,201.53,1,0,3.3697,ACCEPT,0,398,2839,13806,2,100,490,0,0,0,0
189,0,1,1,ACCEPT,45.1605,5.4900,549,-1,1,0.8561,42.93,259.99,37.91,40.68,232.00,188.50,58.00,65.00,0.0000,202.14,1,0,3.2558,ACCEPT,0,390,2849,14149,2,100,549,0,0,0,0
190,0,1,1,ACCEPT,52.0608,7.6447,581,1,0,0.9432,43.52,259.99,37.91,40.68,232.00,188.50,56.00,67.00,0.0000,201.58,1,0,3.3558,ACCEPT,0,365,2916,13804,2,100,581,0,0,0,0
191,0,1,1,ACCEPT,51.5831,5.9717,633,-1,1,0.7883,42.93,260.62,37.91,40.68,231.50,190.00,55.00,66.00,0.0000,201.36,1,0,3.3244,ACCEPT,0,400,2901,15689,2,100,633,0,0,0,0
192,0,1,1,ACCEPT,57.3924,9.6232,664,1,0,0.9669,43.52,260.62,37.91,40.68,230.50,190.00,55.00,66.00,0.0000,199.87,1,0,3.3493,ACCEPT,0,395,3027,14593,2,100,664,0,0,0,0
193,0,1,1,ACCEPT,58.5567,8.6667,624,-1,0,0.8109,42.93,260.62,37.91,40.68,230.50,191.00,55.00,66.00,0.0000,200.08,1,0,3.3445,ACCEPT,0,366,3055,14204,2,100,624,0,0,0,0
194,0,1,1,ACCEPT,63.1991,9.7015,650,0,0,1.0000,42.93,260.62,37.91,40.68,231.00,195.00,56.00,60.00,0.0000,199.19,1,0,3.3619,ACCEPT,0,364,3010,15394,2,100,650,0,0,0,0
195,0,1,1,ACCEPT,63.0491,9.2192,673,0,1,0.9302,42.93,261.26,37.91,40.68,230.50,196.00,57.00,62.00,0.0000,198.60,1,0,3.3612,ACCEPT,0,461,3165,13315,2,100,673,0,0,0,0
196,0,1,1,ACCEPT,58.3346,10.0952,636,1,2,0.6447,43.52,262.52,37.91,40.68,230.00,198.50,54.00,59.00,0.0000,197.16,1,0,3.3246,ACCEPT,0,375,3149,12565,2,100,636,0,0,0,0
197,0,1,1,ACCEPT,64.7063,9.7969,627,-1,0,0.8549,42.93,262.52,37.91,40.68,230.50,198.00,55.00,64.00,0.0000,198.36,1,0,3.3583,ACCEPT,0,350,3176,12706,2,100,627,0,0,0,0
198,0,1,1,ACCEPT,58.6240,8.1806,589,1,1,0.7912,43.52,263.16,37.91,40.68,230.50,202.50,55.00,57.00,0.0000,196.57,1,0,3.3180,ACCEPT,0,327,3053,13042,2,100,589,0,0,0,0
199,0,1,1,ACCEPT,27.4860,3.6068,422,-1,4,0.0877,42.93,265.69,37.91,40.68,228.00,188.50,56.00,91.00,0.0000,200.52,1,0,3.3372,ACCEPT,0,378,2378,16592,2,100,422,0,0,0,0
200,0,1,1,ACCEPT,35.5968,6.5652,453,0,1,0.8079,42.93,266.32,37.91,40.68,228.50,194.50,55.00,97.00,0.0000,198.98,1,0,3.3933,ACCEPT,0,411,2339,17720,2,100,453,0,0,0,0
201,0,1,1,ACCEPT,35.8992,6.5696,519,-1,3,0.0366,42.34,268.22,37.91,40.68,227.00,199.00,54.00,92.00,0.0000,197.21,1,0,3.3868,ACCEPT,0,409,2283,17001,2,100,519,0,0,0,0
202,0,1,1,ACCEPT,44.6887,6.3373,526,1,2,0.5608,42.93,269.48,37.91,40.68,226.50,200.50,55.00,93.00,0.0000,196.10,1,0,3.3554,ACCEPT,0,397,2293,15292,2,100,526,0,0,0,0
203,0,1,1,ACCEPT,47.0379,6.5732,539,-1,2,0.5362,42.34,270.75,37.91,40.68,228.00,201.50,54.00,93.00,0.0000,198.16,1,0,3.2998,ACCEPT,0,359,2198,14705,2,100,539,0,0,0,0
204,0,1,1,ACCEPT,46.6515,7.5500,453,2,1,0.6004,43.52,271.38,37.91,40.68,228.50,205.00,55.00,90.00,0.0000,196.53,1,0,3.3529,ACCEPT,0,354,2350,11201,2,100,453,0,0,0,0
205,0,1,1,ACCEPT,49.1332,7.1364,471,-1,3,0.2293,42.93,273.28,37.91,40.68,230.00,207.00,54.00,80.00,0.0000,198.47,1,0,3.2479,ACCEPT,0,327,2204,13215,2,100,471,0,0,0,0
206,0,1,1,ACCEPT,53.3152,9.2453,490,2,2,0.3816,44.12,274.55,37.91,40.68,230.50,209.00,53.00,80.00,0.0000,197.57,1,0,3.3122,ACCEPT,0,322,2292,11375,2,100,490,0,0,0,0
207,0,1,1,ACCEPT,59.0668,8.9057,472,2,1,0.5826,45.30,275.18,37.91,40.68,230.50,208.50,57.00,89.00,0.0000,196.83,1,0,3.3036,ACCEPT,0,292,2298,10871,2,100,472,0,0,0,0
208,0,1,1,ACCEPT,59.7604,9.0196,460,1,4,0.1283,45.90,277.71,37.91,40.68,230.50,215.50,55.00,79.00,0.0000,194.80,1,0,3.3244,ACCEPT,0,267,2247,13946,2,100,460,0,0,0,0
209,0,1,1,ACCEPT,60.7130,8.2319,568,0,1,0.7623,45.90,278.34,37.91,40.68,227.50,219.50,53.00,75.00,0.0000,190.90,1,0,3.3389,ACCEPT,0,349,2197,12642,2,100,568,0,0,0,0
210,0,1,1,ACCEPT,61.3688,9.7222,525,0,4,0.0248,45.90,280.88,37.91,40.68,227.00,221.50,54.00,77.00,0.0000,190.59,1,0,3.3357,ACCEPT,0,308,2199,15039,2,100,525,0,0,0,0
211,0,1,1,ACCEPT,24.1440,4.2887,416,-2,2,0.3486,44.71,282.14,37.91,40.68,225.50,226.50,59.00,85.00,0.0000,189.16,1,0,3.2531,ACCEPT,0,474,2793,8417,2,100,416,0,0,0,0
212,0,1,1,ACCEPT,35.2517,5.3014,387,-1,3,0.3566,44.12,284.04,37.91,40.68,223.50,226.50,59.00,87.00,0.0000,188.39,1,0,3.2019,ACCEPT,0,366,2724,10453,2,100,387,0,0,0,0
213,0,1,1,ACCEPT,42.8354,6.1625,493,0,3,0.4746,44.12,285.94,37.91,40.68,223.00,225.50,56.00,83.00,0.0000,188.82,1,0,3.2481,ACCEPT,0,359,2753,9970,2,100,493,0,0,0,0
214,0,1,1,ACCEPT,41.0088,5.0805,442,-1,3,0.3032,43.52,287.84,37.91,40.68,220.00,227.00,60.00,84.00,0.0000,186.67,1,0,3.2653,ACCEPT,0,332,2692,10054,2,100,442,0,0,0,0
215,0,1,1,ACCEPT,43.1275,6.0247,488,-2,3,0.0410,42.34,289.73,37.91,40.68,217.50,228.00,59.00,80.00,0.0000,185.72,1,0,3.2894,ACCEPT,0,385,2564,10792,2,100,488,0,0,0,0
216,0,1,1,ACCEPT,42.6504,5.8608,463,0,3,0.3197,42.34,291.63,37.91,40.68,217.00,238.50,60.00,73.00,0.0000,182.57,1,0,3.2655,ACCEPT,0,363,2518,10555,2,100,463,0,0,0,0
217,0,1,1,ACCEPT,42.1334,7.4590,455,0,3,0.3363,42.34,293.53,37.91,40.68,214.00,237.00,60.00,72.00,0.0000,180.73,1,0,3.2637,ACCEPT,0,365,2505,9777,2,100,455,0,0,0,0
218,0,1,1,ACCEPT,44.4352,7.6364,420,0,3,0.3810,42.34,295.43,37.91,40.68,213.00,239.00,54.00,76.00,0.0000,179.75,1,0,3.2403,ACCEPT,0,337,2506,9283,2,100,420,0,0,0,0
219,0,1,1,ACCEPT,47.7530,7.3000,438,2,6,0.0799,43.52,299.23,37.91,40.68,215.00,240.50,58.00,77.00,0.0000,181.25,1,0,3.3299,ACCEPT,0,304,2432,12206,2,100,438,0,0,0,0
220,0,1,1,ACCEPT,48.0486,6.7407,546,0,4,0.1062,43.52,301.76,37.91,40.68,212.00,245.50,56.00,77.00,0.0000,177.62,1,0,3.3030,ACCEPT,0,396,2446,12583,2,100,546,0,0,0,0
221,0,1,1,ACCEPT,47.1723,6.8947,524,1,4,0.1279,44.12,304.29,37.91,40.68,214.00,254.00,60.00,70.00,0.0000,177.17,1,0,3.3426,ACCEPT,0,338,2210,14820,2,100,524,0,0,0,0
222,0,1,1,ACCEPT,43.9718,6.3421,482,2,5,0.0539,45.30,307.45,37.91,40.68,214.00,259.50,56.00,71.00,0.0000,175.38,1,0,3.3573,ACCEPT,0,361,2226,14543,2,100,482,0,0,0,0
223,0,1,1,ACCEPT,29.9487,4.7184,486,1,6,0.1029,45.90,311.25,37.91,40.68,213.50,259.50,61.00,83.00,0.0000,175.41,1,0,3.3643,ACCEPT,0,543,2757,10027,2,100,486,0,0,0,0
224,0,1,1,ACCEPT,39.0665,6.1781,451,0,3,0.1619,45.90,313.15,37.91,40.68,214.50,264.50,63.00,81.00,0.0000,175.48,1,0,3.3530,ACCEPT,0,383,2675,10834,2,100,451,0,0,0,0
225,0,1,1,ACCEPT,38.7405,5.9176,503,0,3,0.2386,45.90,315.05,37.91,40.68,215.00,266.00,66.00,84.00,0.0000,176.07,1,0,3.3559,ACCEPT,0,416,2762,11069,2,100,503,0,0,0,0
226,0,1,1,ACCEPT,46.0881,7.6901,546,1,3,0.3645,46.49,316.95,37.91,40.68,216.00,269.50,68.00,85.00,0.0000,176.02,1,0,3.3688,ACCEPT,0,407,2667,11764,2,100,546,0,0,0,0
227,0,1,1,ACCEPT,48.4246,8.1791,548,2,3,0.2427,47.68,318.84,37.91,40.68,215.50,273.00,65.00,86.00,0.0000,173.97,1,0,3.2824,ACCEPT,0,393,2810,11172,2,100,548,0,0,0,0
228,0,1,1,ACCEPT,54.0651,7.7333,580,-1,4,0.0034,47.09,321.38,37.91,40.68,211.50,276.50,61.00,83.00,0.0000,170.43,1,0,3.3338,ACCEPT,0,391,2617,11758,2,100,580,0,0,0,0
229,0,1,1,ACCEPT,53.5070,8.3279,508,1,5,0.0650,47.68,324.54,37.91,40.68,214.50,277.00,73.00,92.00,0.0000,173.46,1,0,3.3014,ACCEPT,0,322,2483,13953,2,100,508,0,0,0,0
230,0,1,1,ACCEPT,61.8636,9.3770,572,-2,3,0.1276,46.49,326.44,37.91,40.68,208.50,278.50,65.00,93.00,0.0000,168.95,1,0,3.3395,ACCEPT,0,339,2546,14198,2,100,572,0,0,0,0
231,0,1,1,ACCEPT,40.1479,3.8673,437,0,6,0.1121,46.49,330.23,37.91,40.68,203.00,283.50,62.00,95.00,0.0000,163.34,1,0,3.2421,ACCEPT,0,329,2528,11201,2,100,437,0,0,0,0
232,0,1,1,ACCEPT,50.4102,6.7200,504,-2,5,0.0456,45.30,333.40,37.91,40.68,201.50,287.50,61.00,95.00,0.0000,162.80,1,0,3.2460,ACCEPT,0,375,2481,12423,2,100,504,0,0,0,0
233,0,1,1,ACCEPT,49.5135,8.4769,551,-3,4,0.0799,43.52,335.93,37.91,40.68,198.00,289.00,62.00,100.00,0.0000,161.45,1,0,3.3032,ACCEPT,0,371,2375,13884,2,100,551,0,0,0,0
234,0,1,1,ACCEPT,49.1223,7.1600,537,-4,5,0.0670,41.15,339.09,37.91,40.68,193.00,296.50,56.00,95.00,0.0000,157.71,1,0,3.2197,ACCEPT,0,339,2298,13669,2,100,537,0,0,0,0
235,0,1,1,ACCEPT,15.6091,1.7966,212,-2,6,0.1557,39.96,342.89,37.91,40.68,189.00,303.00,54.00,94.00,0.0000,154.29,1,0,3.2474,ACCEPT,0,471,3019,6943,2,100,212,0,0,0,0
236,0,1,1,ACCEPT,15.9509,2.0405,151,-4,4,0.0199,37.59,345.42,37.91,40.68,186.00,306.50,52.00,89.00,0.0000,153.43,1,0,3.2264,ACCEPT,0,276,3010,8567,2,100,151,0,0,0,0
237,0,1,1,ACCEPT,21.6796,2.6076,206,-4,9,0.0631,35.21,351.12,37.91,40.68,181.00,319.00,48.00,98.00,0.0000,149.28,1,0,3.1812,ACCEPT,0,300,2836,8415,2,100,206,0,0,0,0
238,0,1,1,ACCEPT,24.0744,2.6667,192,-3,9,0.1146,33.43,356.81,37.91,40.68,178.00,333.00,52.00,84.00,0.0000,146.52,1,0,3.1776,ACCEPT,0,342,2317,8623,2,100,192,0,0,0,0
239,0,1,1,ACCEPT,24.7772,2.7246,188,-3,9,0.1011,31.65,362.51,37.91,40.68,172.50,330.00,53.00,106.00,0.0000,144.55,1,0,3.1203,ACCEPT,0,258,2488,7425,2,100,188,0,0,0,0
240,0,1,1,ACCEPT,25.0940,4.0196,205,-3,7,0.1366,29.87,366.94,37.91,40.68,169.50,335.00,55.00,110.00,0.0000,143.24,1,0,3.1836,ACCEPT,0,266,2417,10207,2,100,205,0,0,0,0
241,0,1,1,ACCEPT,32.1956,3.6053,274,-1,9,0.1314,29.27,372.63,37.91,40.68,167.50,340.00,57.00,110.00,0.0000,142.03,1,0,3.1792,ACCEPT,0,275,2368,9963,2,100,274,0,0,0,0
242,0,1,1,ACCEPT,32.3822,4.7627,281,-2,7,0.0996,28.09,377.06,37.91,40.68,165.00,351.00,58.00,100.00,0.0000,139.37,1,0,3.2051,ACCEPT,0,338,2358,10860,2,100,281,0,0,0,0
243,0,1,1,ACCEPT,33.9454,4.4730,331,-2,8,0.0937,26.90,382.12,37.91,40.68,162.50,356.00,57.00,104.00,0.0000,138.10,1,0,3.0818,ACCEPT,0,340,2464,10551,2,100,331,0,0,0,0
244,0,1,1,ACCEPT,34.4839,3.7037,300,-1,6,0.0200,26.30,385.92,37.91,40.68,162.50,362.00,63.00,104.00,0.0000,138.28,1,0,3.1166,ACCEPT,0,310,2606,8648,2,100,300,0,0,0,0
245,0,1,1,ACCEPT,35.2788,3.5517,309,-1,6,0.0356,25.71,389.72,37.91,40.68,162.00,369.00,62.00,100.00,0.0000,137.85,1,0,3.0832,ACCEPT,0,299,2613,9270,2,100,309,0,0,0,0
246,0,1,1,ACCEPT,29.5971,4.5676,338,-2,4,0.1095,24.52,392.25,37.91,40.68,159.50,374.00,61.00,98.00,0.0000,136.20,1,0,3.1780,ACCEPT,0,373,2359,12159,2,100,338,0,0,0,0
247,0,1,1,ACCEPT,21.9165,3.0609,352,-2,3,0.0114,23.34,394.15,37.91,40.68,161.00,375.50,66.00,103.00,0.0000,138.92,1,0,3.3848,ACCEPT,0,536,1968,15560,2,100,352,0,0,0,0
248,0,1,1,ACCEPT,33.2892,4.1068,423,1,3,0.3404,23.93,396.05,37.91,40.68,162.00,378.00,70.00,100.00,0.0000,139.24,1,0,3.2659,ACCEPT,0,356,2115,13760,2,100,423,0,0,0,0
249,0,1,1,ACCEPT,35.1692,5.7600,432,1,3,0.3310,24.52,397.95,37.91,40.68,159.50,383.00,67.00,104.00,0.0000,135.80,1,0,3.2425,ACCEPT,0,380,2148,13056,2,100,432,0,0,0,0
250,0,1,1,ACCEPT,45.2891,7.0548,515,1,3,0.2330,25.12,399.84,37.91,40.68,161.50,384.00,69.00,102.00,0.0000,137.30,1,0,3.3202,ACCEPT,0,385,2259,12480,2,100,515,0,0,0,0
251,0,1,1,ACCEPT,46.1856,7.2394,514,2,3,0.1926,26.30,401.74,37.91,40.68,162.50,386.50,73.00,103.00,0.0000,137.05,1,0,3.2748,ACCEPT,0,395,2351,13541,2,100,514,0,0,0,0
252,0,1,1,ACCEPT,47.8858,7.2361,521,3,3,0.1344,28.09,403.64,37.91,40.68,160.50,389.50,69.00,103.00,0.0000,133.17,1,0,3.1198,ACCEPT,0,421,2422,13656,2,100,521,0,0,0,0
253,0,1,1,ACCEPT,48.3571,6.7467,506,1,2,0.5415,28.68,404.91,37.91,40.68,158.50,393.00,69.00,106.00,0.0000,130.37,1,0,3.2240,ACCEPT,0,344,2322,15538,2,100,506,0,0,0,0
254,0,1,1,ACCEPT,49.8771,7.1351,528,1,3,0.3750,29.27,406.80,37.91,40.68,161.50,389.50,75.00,109.00,0.0000,133.35,1,0,3.3200,ACCEPT,0,370,2212,15403,2,100,528,0,0,0,0
255,0,1,1,ACCEPT,48.8434,8.8704,479,3,1,0.4489,31.05,407.44,37.91,40.68,159.00,389.00,78.00,104.00,0.0000,129.27,1,0,3.1434,ACCEPT,0,357,2247,16129,2,100,479,0,0,0,0
256,0,1,1,ACCEPT,50.7186,9.7627,576,2,2,0.3681,32.24,408.70,37.91,40.68,156.50,386.00,73.00,108.00,0.0000,126.31,1,0,3.2958,ACCEPT,0,399,2093,14563,2,100,576,0,0,0,0
257,0,1,1,ACCEPT,49.6693,8.7941,598,3,0,0.4013,34.02,408.70,37.91,40.68,156.00,392.50,74.00,107.00,0.0000,123.05,1,0,3.0881,ACCEPT,0,430,2178,13350,2,100,598,0,0,0,0
258,0,1,1,ACCEPT,38.7394,6.4805,499,2,1,0.7014,35.21,409.34,37.91,40.68,158.00,388.00,80.00,102.00,0.0000,124.63,1,0,3.2091,ACCEPT,0,463,2025,12272,2,100,499,0,0,0,0
259,0,1,1,ACCEPT,15.3256,2.2708,218,4,2,0.4312,37.59,410.60,37.91,40.68,154.00,387.50,78.00,115.00,0.0000,118.68,1,0,3.1270,ACCEPT,0,511,2370,9199,2,100,218,0,0,0,0
260,0,1,1,ACCEPT,21.4105,3.0235,257,2,-2,0.2529,38.77,409.34,37.91,40.68,154.50,387.50,79.00,111.00,0.0000,117.77,1,0,3.2446,ACCEPT,0,391,2404,9721,2,100,257,0,0,0,0
261,0,1,1,ACCEPT,27.9928,4.0116,345,4,0,0.2232,41.15,409.34,37.91,40.68,154.50,386.00,75.00,112.00,0.0000,115.73,1,0,3.2366,ACCEPT,0,402,2556,9594,2,100,345,0,0,0,0
262,0,1,1,ACCEPT,21.8530,3.7397,273,3,-1,0.2930,42.93,408.70,37.91,40.68,153.50,387.50,79.00,109.00,0.0000,112.58,1,0,3.2430,ACCEPT,0,376,2237,10744,2,100,273,0,0,0,0
263,0,1,1,ACCEPT,28.0684,5.7018,325,3,-1,0.2585,44.71,408.07,37.91,40.68,154.00,386.00,80.00,112.00,0.0000,111.50,1,0,3.2663,ACCEPT,0,344,2234,10584,2,100,325,0,0,0,0
264,0,1,1,ACCEPT,29.9485,3.9535,340,2,-1,0.5382,45.90,407.44,37.91,40.68,151.50,385.00,73.00,112.00,0.0000,107.96,1,0,3.3306,ACCEPT,0,363,2371,10634,2,100,340,0,0,0,0
265,0,1,1,ACCEPT,38.8864,6.6667,460,1,1,0.7348,46.49,408.07,37.91,40.68,151.50,384.50,77.00,115.00,0.0000,107.62,1,0,3.2830,ACCEPT,0,399,2375,10176,2,100,460,0,0,0,0
0,0,0,0,ZERO_RESPONSE,0.0000,0.0000,0,0,0,0.0000,75.00,253.50,100.00,13.00,75.00,253.50,100.00,13.00,1.0000,0.00,1,0,0.0000,NOT_RUN,0,0,5418,6770,3,150,0,0,0,0,0
1,0,1,1,ACCEPT,24.2880,2.9500,59,1,0,0.9492,76.56,253.50,108.16,14.06,73.00,252.50,100.00,13.00,0.7992,3.70,1,2,2.6280,ACCEPT,0,75,5649,5103,3,150,59,0,0,0,0
2,0,1,1,ACCEPT,11.8656,1.7222,31,-2,2,0.2258,73.19,253.94,104.00,13.52,74.50,253.50,107.00,13.00,0.9112,1.38,1,-1,3.1792,ACCEPT,0,94,5301,4998,3,150,31,0,0,0,0
3,0,1,1,ACCEPT,12.7313,1.1176,38,0,3,0.5789,73.19,254.57,104.00,13.52,85.00,253.00,102.00,16.00,0.6553,11.92,1,0,3.1517,ACCEPT,0,93,5093,5400,3,150,38,0,0,0,0
4,0,1,1,ACCEPT,10.8470,1.1190,47,-15,25,0.3617,48.81,259.84,100.00,13.00,84.00,252.50,100.00,13.00,0.1641,35.95,1,-1,2.5600,ACCEPT,0,143,4457,4576,3,150,47,0,0,0,0
5,0,1,0,NEGATIVE_PEAK,-6.4044,1.0000,-17,3,3,0.1765,48.81,259.84,100.00,13.00,98.50,252.00,87.00,12.00,0.0953,50.30,0,0,0.0000,NOT_RUN,0,107,2647,0,3,150,17,0,0,0,0
6,0,1,0,NEGATIVE_PEAK,-6.5353,1.2308,-16,2,-1,0.6875,48.81,259.84,100.00,13.00,97.00,252.00,92.00,14.00,0.1167,48.82,0,0,0.0000,NOT_RUN,0,101,2279,0,3,150,16,0,0,0,0
7,0,1,0,LOW_PSR,5.6050,1.0000,12,11,-21,0.5833,48.81,259.84,100.00,13.00,112.50,251.50,71.00,17.00,0.0615,64.23,0,0,0.0000,NOT_RUN,0,93,2381,0,3,150,12,0,0,0,0
8,0,1,0,LOW_PSR,5.7454,1.0769,14,12,-6,0.0714,48.81,259.84,100.00,13.00,112.00,253.00,76.00,18.00,0.0876,63.56,0,0,0.0000,NOT_RUN,0,96,2307,0,3,150,14,0,0,0,0
9,0,1,0,NEGATIVE_PEAK,-4.6186,1.0000,-13,1,8,0.0769,48.81,259.84,100.00,13.00,116.50,253.00,61.00,18.00,0.0485,68.03,0,0,0.0000,NOT_RUN,0,94,1983,0,3,150,13,0,0,0,0
10,0,1,0,LOW_PSR,5.4152,1.0833,13,11,-24,0.4615,48.81,259.84,100.00,13.00,121.00,253.00,70.00,18.00,0.0453,72.51,0,0,0.0000,NOT_RUN,0,93,1857,0,3,150,13,0,0,0,0
11,0,1,0,LOW_PSR,4.8566,1.0000,11,10,-28,0.8182,48.81,259.84,100.00,13.00,124.00,251.50,76.00,19.00,0.0371,75.65,0,0,0.0000,NOT_RUN,0,91,1845,0,3,150,11,0,0,0,0
12,0,1,0,NEGATIVE_PEAK,-4.8432,1.0909,-12,-19,-1,0.8333,48.81,259.84,100.00,13.00,131.50,252.00,59.00,16.00,0.0000,83.06,0,0,0.0000,NOT_RUN,0,104,1926,0,3,150,12,0,0,0,0
13,0,1,0,NEGATIVE_PEAK,-4.3685,1.1000,-11,2,0,0.7273,48.81,259.84,100.00,13.00,133.00,251.50,58.00,17.00,0.0000,84.60,0,0,0.0000,NOT_RUN,0,118,1828,0,3,150,12,0,0,0,0
14,0,1,0,LOW_PSR,5.1287,1.0000,12,13,13,0.4167,48.81,259.84,100.00,13.00,139.50,251.50,63.00,13.00,0.0000,91.07,0,0,0.0000,NOT_RUN,0,139,1839,0,3,150,12,0,0,0,0
15,0,1,0,NEGATIVE_PEAK,-4.8369,1.0833,-13,-17,-1,0.5385,48.81,259.84,100.00,13.00,139.50,250.00,65.00,12.00,0.0000,91.22,0,0,0.0000,NOT_RUN,0,156,1835,0,3,150,13,0,0,0,0
16,0,1,0,LOW_PSR,6.2134,1.1333,17,-15,42,0.0588,48.81,259.84,100.00,13.00,145.00,251.00,66.00,16.00,0.0000,96.59,0,0,0.0000,NOT_RUN,0,170,1882,0,3,150,17,0,0,0,0
17,0,1,1,ACCEPT,7.7620,1.3158,25,-13,19,0.0000,28.50,263.70,100.00,13.00,144.00,249.50,72.00,19.00,0.0000,116.37,1,-4,2.1417,MAX_STEP,0,170,1979,4336,3,150,25,0,0,0,0
18,0,1,1,ACCEPT,8.4922,1.2308,16,10,14,0.4375,44.12,266.55,100.00,13.00,147.00,248.00,76.00,18.00,0.0000,104.53,1,-11,1.9295,MAX_STEP,0,109,3152,2598,3,150,16,0,0,0,0
19,0,1,1,ACCEPT,8.8182,1.1000,11,1,-6,0.6364,45.69,265.33,100.00,13.00,147.50,245.00,77.00,18.00,0.0000,103.82,1,-10,2.3148,MAX_STEP,0,40,2863,2375,3,150,11,0,0,0,0
20,0,1,1,ACCEPT,12.0911,1.5000,15,0,-6,0.0000,45.69,264.11,100.00,13.00,150.50,244.00,81.00,18.00,0.0000,106.72,1,-10,2.3253,MAX_STEP,0,33,2678,2893,3,150,15,0,0,0,0
21,0,1,1,ACCEPT,10.1307,1.0000,14,0,-6,0.0714,45.69,262.89,100.00,13.00,152.00,240.50,78.00,23.00,0.0000,108.64,1,-10,2.3547,MAX_STEP,0,41,2554,2882,3,150,14,0,0,0,0
22,0,1,1,ACCEPT,11.1084,1.5556,14,0,-10,0.1429,45.69,260.86,100.00,13.00,161.00,239.50,64.00,17.00,0.0000,117.27,1,-10,2.2673,MAX_STEP,0,37,2485,3013,3,150,14,0,0,0,0
23,0,1,1,ACCEPT,17.7941,2.5000,25,0,-6,0.1600,45.69,259.64,100.00,13.00,162.50,240.00,61.00,20.00,0.0000,118.45,1,-10,2.1127,MAX_STEP,0,44,2371,2676,3,150,25,0,0,0,0
24,0,1,1,ACCEPT,14.2736,1.7273,19,1,-10,0.1579,47.25,257.61,100.00,13.00,163.50,236.50,57.00,21.00,0.0000,118.15,1,-9,2.3415,MAX_STEP,0,50,2300,3023,3,150,19,0,0,0,0
25,0,1,1,ACCEPT,13.9116,1.8000,27,1,-5,0.3704,48.81,256.59,100.00,13.00,166.00,235.00,56.00,22.00,0.0000,119.16,1,-7,2.1772,MAX_STEP,0,54,2198,3359,3,150,27,0,0,0,0
26,0,1,1,ACCEPT,15.6257,1.7647,30,0,-5,0.3333,48.81,255.58,100.00,13.00,169.50,234.00,55.00,26.00,0.0000,122.60,1,-8,2.3132,MAX_STEP,0,67,2211,3226,3,150,30,0,0,0,0
27,0,1,1,ACCEPT,18.2187,1.5000,27,-1,-5,0.5926,47.25,254.56,100.00,13.00,170.50,232.00,57.00,28.00,0.0000,125.30,1,-9,2.5304,MAX_STEP,0,51,2260,2559,3,150,27,0,0,0,0
28,0,1,1,ACCEPT,15.0463,1.1667,21,1,0,0.6667,48.81,254.56,100.00,13.00,171.00,231.00,54.00,30.00,0.0000,124.44,1,-7,2.3149,MAX_STEP,0,53,2190,3029,3,150,22,0,0,0,0
29,0,1,1,ACCEPT,12.3187,1.0385,27,0,-5,0.8519,48.81,253.55,100.00,13.00,173.00,230.00,56.00,32.00,0.0000,126.40,1,-7,2.4604,MAX_STEP,0,70,2062,4970,3,150,27,0,0,0,0
30,0,1,1,ACCEPT,17.3169,1.4333,43,1,0,0.9535,50.38,253.55,100.00,13.00,174.50,229.50,57.00,31.00,0.0000,126.43,1,-6,2.3161,MAX_STEP,0,79,1990,6150,3,150,43,0,0,0,0
31,0,1,1,ACCEPT,25.3356,3.0000,69,1,0,0.9275,51.94,253.55,100.00,13.00,176.50,230.00,57.00,30.00,0.0000,126.77,1,-5,2.2174,MAX_STEP,0,79,2060,5003,3,150,69,0,0,0,0
32,0,1,1,ACCEPT,29.6532,2.4667,74,0,-5,0.3784,51.94,252.53,100.00,13.00,179.50,226.50,57.00,35.00,0.0000,130.19,1,-6,2.2274,MAX_STEP,0,85,2097,4193,3,150,74,0,0,0,0
33,0,1,1,ACCEPT,22.8168,2.1481,58,1,0,0.8621,53.50,252.53,100.00,13.00,184.50,226.00,53.00,34.00,0.0000,133.66,1,-5,2.2068,MAX_STEP,0,85,2233,4035,3,150,58,0,0,0,0
34,0,1,1,ACCEPT,25.1358,2.5652,59,0,-5,0.3729,53.50,251.52,100.00,13.00,185.50,226.00,53.00,34.00,0.0000,134.44,1,-6,2.3869,MAX_STEP,0,92,2301,3622,3,150,59,0,0,0,0
35,0,1,1,ACCEPT,22.6222,2.0667,62,1,0,0.7742,55.06,251.52,100.00,13.00,188.00,225.50,52.00,35.00,0.0000,135.46,1,-6,2.3505,MAX_STEP,0,97,2607,3463,3,150,62,0,0,0,0
36,0,1,1,ACCEPT,17.3009,1.1892,44,1,-5,0.5682,56.62,250.50,100.00,13.00,189.50,225.00,55.00,36.00,0.0000,135.30,1,-6,2.5102,MAX_STEP,0,86,2684,3059,3,150,44,0,0,0,0
37,0,1,1,ACCEPT,28.4223,2.6250,63,1,0,0.7619,58.19,250.50,100.00,13.00,194.00,224.00,56.00,40.00,0.0000,138.37,1,-6,2.4276,MAX_STEP,0,71,2771,3367,3,150,63,0,0,0,0
38,0,1,1,ACCEPT,18.7416,1.3333,36,1,0,0.6667,59.75,250.50,100.00,13.00,195.50,223.50,57.00,43.00,0.0000,138.41,1,-6,2.3278,MAX_STEP,0,74,3208,2721,3,150,36,0,0,0,0
39,0,1,1,ACCEPT,21.0578,1.4483,42,1,0,0.7143,61.31,250.50,100.00,13.00,198.00,224.00,56.00,46.00,0.0000,139.23,1,-6,2.3059,MAX_STEP,0,67,3205,2789,3,150,42,0,0,0,0
40,0,1,1,ACCEPT,27.8827,2.1923,57,1,0,0.7368,62.88,250.50,100.00,13.00,200.50,223.50,57.00,49.00,0.0000,140.25,1,-6,2.3627,MAX_STEP,0,67,3372,2581,3,150,57,0,0,0,0
41,0,1,1,ACCEPT,25.4479,2.7600,69,1,0,0.8696,64.44,250.50,100.00,13.00,204.50,222.50,51.00,53.00,0.0000,142.83,1,-5,2.2956,MAX_STEP,0,73,2787,4383,3,150,69,0,0,0,0
42,0,1,1,ACCEPT,32.8929,2.4595,91,1,0,0.8571,66.00,250.50,100.00,13.00,205.50,222.50,53.00,55.00,0.0000,142.28,1,-4,2.2096,MAX_STEP,0,87,2874,4531,3,150,91,0,0,0,0
43,0,1,1,ACCEPT,24.0692,1.3953,60,1,0,0.9333,67.56,250.50,100.00,13.00,206.00,221.00,52.00,56.00,0.0000,141.55,1,-4,2.1846,MAX_STEP,0,78,2947,2996,3,150,60,0,0,0,0
44,0,1,1,ACCEPT,31.9095,3.0588,52,-1,-5,0.2885,66.00,249.48,100.00,13.00,207.00,218.50,52.00,59.00,0.0000,144.36,1,-5,2.4820,MAX_STEP,0,57,2848,3152,3,150,52,0,0,0,0
45,0,1,1,ACCEPT,30.2745,2.0000,64,1,0,0.9062,67.56,249.48,100.00,13.00,207.00,217.00,52.00,60.00,0.0000,143.17,1,-4,2.2629,MAX_STEP,0,65,2759,2513,3,150,64,0,0,0,0
46,0,1,1,ACCEPT,27.0762,1.2500,50,-1,0,0.9200,66.00,249.48,100.00,13.00,206.50,213.00,53.00,72.00,0.0000,145.16,1,-6,2.3408,MAX_STEP,0,64,3038,2075,3,150,50,0,0,0,0
47,0,1,1,ACCEPT,28.1446,1.7600,44,1,-10,0.1364,67.56,247.45,100.00,13.00,208.00,209.50,54.00,73.00,0.0000,145.48,1,-4,2.1479,MAX_STEP,0,54,3286,2028,3,150,44,0,0,0,0
48,0,1,1,ACCEPT,29.8003,1.8824,64,-1,-5,0.0000,66.00,246.44,100.00,13.00,208.00,210.00,56.00,70.00,0.0000,146.60,1,-5,2.3366,MAX_STEP,0,75,3203,3571,3,150,64,0,0,0,0
49,0,1,1,ACCEPT,20.4468,1.1094,71,1,-10,0.1972,67.56,244.41,100.00,13.00,208.50,208.50,53.00,67.00,0.0000,145.44,1,-3,2.2792,MAX_STEP,0,104,3275,2961,3,150,71,0,0,0,0
50,0,1,1,ACCEPT,37.2989,2.4048,101,-1,-5,0.1980,66.00,243.39,100.00,13.00,208.50,208.50,55.00,65.00,0.0000,146.71,1,-5,2.3655,MAX_STEP,0,97,3087,2367,3,150,101,0,0,0,0
51,0,1,1,ACCEPT,29.2648,2.0833,75,1,-10,0.0533,67.56,241.36,100.00,13.00,208.50,204.50,55.00,71.00,0.0000,145.68,1,-3,2.3443,MAX_STEP,0,95,3177,3200,3,150,75,0,0,0,0
52,0,1,1,ACCEPT,20.6158,1.6341,67,-1,-5,0.0448,66.00,240.34,100.00,13.00,209.50,202.50,55.00,75.00,0.0000,148.41,1,-5,2.3768,MAX_STEP,0,95,3190,2894,3,150,67,0,0,0,0
53,0,1,1,ACCEPT,21.9290,1.8750,60,1,-10,0.1333,67.56,238.31,100.00,13.00,211.00,198.00,54.00,76.00,0.0000,148.99,1,-3,2.1701,MAX_STEP,0,127,3562,3068,3,150,60,0,0,0,0
54,0,1,1,ACCEPT,24.0615,1.4773,65,0,-10,0.0462,67.56,236.28,100.00,13.00,210.00,196.50,52.00,77.00,0.0000,147.89,1,-4,2.1820,MAX_STEP,0,99,3540,2386,3,150,65,0,0,0,0
55,0,1,1,ACCEPT,29.1883,1.8947,72,1,-10,0.1667,69.12,234.25,100.00,13.00,213.00,190.00,52.00,80.00,0.0000,150.53,1,-3,2.1066,MAX_STEP,0,88,3567,2249,3,150,72,0,0,0,0
56,0,1,1,ACCEPT,32.3053,2.0000,70,1,-10,0.0571,70.69,232.22,100.00,13.00,215.00,190.50,54.00,81.00,0.0000,150.22,1,-3,2.1248,MAX_STEP,0,84,3632,2079,3,150,70,0,0,0,0
57,0,1,1,ACCEPT,24.7711,1.8846,49,1,-10,0.1633,72.25,230.19,100.00,13.00,215.50,184.50,53.00,85.00,0.0000,150.36,1,-3,2.1878,MAX_STEP,0,67,3614,2205,3,150,49,0,0,0,0
58,0,1,1,ACCEPT,28.8977,2.2500,54,1,-10,0.0000,73.81,228.16,92.46,12.02,217.50,181.00,51.00,84.00,0.0000,151.23,1,-2,2.0906,ACCEPT,0,60,3576,2087,3,150,54,0,0,0,0
59,0,1,1,ACCEPT,17.2928,1.5238,32,0,-10,0.2500,73.81,226.28,85.48,11.11,220.50,178.00,53.00,86.00,0.0000,154.43,1,-2,2.2914,ACCEPT,0,60,3707,2875,3,150,32,0,0,0,0
60,0,1,1,ACCEPT,15.5234,1.5556,28,1,-9,0.1786,75.15,224.73,82.19,10.69,221.00,175.50,50.00,95.00,0.0000,153.94,1,-1,2.6278,ACCEPT,0,65,3965,3147,3,150,28,0,0,0,0
61,0,1,1,ACCEPT,13.4242,1.2222,22,1,-13,0.0909,76.43,222.60,82.19,10.69,224.00,176.00,52.00,90.00,0.0000,154.75,1,0,2.8300,ACCEPT,0,60,3935,3488,3,150,22,0,0,0,0
62,0,1,1,ACCEPT,17.4120,1.4500,29,1,-13,0.0690,77.71,220.47,82.19,10.69,224.50,169.00,49.00,96.00,0.0000,155.55,1,0,2.8951,ACCEPT,0,66,3927,2815,3,150,29,0,0,0,0
63,0,1,1,ACCEPT,19.1067,1.1667,42,1,-1,0.6667,78.99,220.30,82.19,10.69,226.50,166.50,51.00,97.00,0.0000,157.01,1,0,2.5330,ACCEPT,0,69,4251,3061,3,150,42,0,0,0,0
64,0,1,1,ACCEPT,24.9756,1.5806,49,1,-7,0.0816,80.27,219.16,82.19,10.69,226.50,166.50,51.00,97.00,0.0000,155.42,1,0,2.6925,ACCEPT,0,74,4152,2643,3,150,49,0,0,0,0
65,0,1,1,ACCEPT,16.5027,1.2917,31,1,-13,0.2258,81.55,217.02,85.48,11.11,231.50,163.00,53.00,100.00,0.0000,159.38,1,1,2.5829,ACCEPT,0,74,4522,2025,3,150,31,0,0,0,0
66,0,1,1,ACCEPT,24.0542,1.6957,39,0,-10,0.0513,81.55,215.30,82.19,10.69,232.00,161.50,54.00,95.00,0.0000,159.78,1,-1,2.9205,ACCEPT,0,70,4487,2556,3,150,39,0,0,0,0
67,0,1,1,ACCEPT,21.6463,1.4800,37,1,-13,0.2432,82.84,213.17,85.48,11.11,233.00,160.50,54.00,95.00,0.0000,159.13,1,1,2.8769,ACCEPT,0,71,4457,2853,3,150,37,0,0,0,0
68,0,1,1,ACCEPT,23.8263,2.0556,37,0,-10,0.1081,82.84,211.45,82.19,10.69,234.50,158.50,55.00,93.00,0.0000,160.64,1,-1,2.8339,ACCEPT,0,60,4524,3015,3,150,37,0,0,0,0
69,0,1,1,ACCEPT,24.2156,1.5909,35,1,-13,0.0857,84.12,209.32,85.48,11.11,236.50,156.50,53.00,93.00,0.0000,161.28,1,1,2.6895,ACCEPT,0,53,4323,3162,3,150,35,0,0,0,0
70,0,1,1,ACCEPT,24.8250,2.0455,45,0,-10,0.1556,84.12,207.60,82.19,10.69,237.00,155.00,54.00,92.00,0.0000,161.68,1,-1,2.7571,ACCEPT,0,69,4508,2479,3,150,45,0,0,0,0
71,0,1,1,ACCEPT,24.6885,1.9200,48,1,-19,0.0833,85.40,204.48,88.90,11.56,237.50,152.50,55.00,91.00,0.0000,160.74,1,2,2.5204,ACCEPT,0,82,4493,2879,3,150,48,0,0,0,0
72,0,1,1,ACCEPT,16.6754,1.1290,35,0,-5,0.7143,85.40,203.59,88.90,11.56,236.50,153.50,57.00,91.00,0.0000,159.19,1,0,2.8303,ACCEPT,0,74,4646,3461,3,150,35,0,0,0,0
73,0,1,1,ACCEPT,19.3834,1.2162,45,-1,-2,0.6667,84.01,203.23,85.48,11.11,236.50,153.50,59.00,95.00,0.0000,160.40,1,-1,2.8864,ACCEPT,0,63,4563,2978,3,150,45,0,0,0,0
74,0,1,1,ACCEPT,23.7882,2.0417,49,0,2,0.6939,84.01,203.57,82.19,10.69,239.50,152.00,55.00,96.00,0.0000,163.82,1,-1,2.5966,ACCEPT,0,69,4642,3182,3,150,49,0,0,0,0
75,0,1,1,ACCEPT,24.2590,1.4722,53,1,-13,0.1321,85.29,201.44,85.48,11.11,240.00,152.00,56.00,98.00,0.0000,162.42,1,1,2.7328,ACCEPT,0,88,4479,2677,3,150,53,0,0,0,0
76,0,1,1,ACCEPT,26.7413,2.1667,52,0,8,0.2115,85.29,202.81,82.19,10.69,242.50,151.50,57.00,95.00,0.0000,165.37,1,-1,2.6828,ACCEPT,0,61,4795,2616,3,150,52,0,0,0,0
77,0,1,1,ACCEPT,15.0169,1.2500,20,1,-13,0.0000,86.57,200.68,85.48,11.11,243.50,151.00,57.00,100.00,0.0000,164.61,1,1,2.7043,ACCEPT,0,57,4763,1925,3,150,20,0,0,0,0
78,0,1,1,ACCEPT,12.4482,1.1429,16,0,-10,0.0625,86.57,198.96,85.48,11.11,245.00,146.00,56.00,102.00,0.0000,167.05,1,0,2.8440,ACCEPT,0,45,4837,1860,3,150,16,0,0,0,0
79,0,1,1,ACCEPT,22.7582,2.3846,31,1,-10,0.0645,87.91,197.24,85.48,11.11,247.50,144.50,57.00,101.00,0.0000,168.08,1,0,2.7573,ACCEPT,0,48,4898,2608,3,150,31,0,0,0,0
80,0,1,1,ACCEPT,22.4713,1.8000,36,0,-16,0.0556,87.91,194.49,85.48,11.11,249.00,143.00,58.00,102.00,0.0000,169.12,1,0,2.8722,ACCEPT,0,60,4628,2407,3,150,36,0,0,0,0
81,0,1,1,ACCEPT,20.8358,1.6500,33,1,-16,0.0909,89.24,191.74,85.48,11.11,252.50,140.00,61.00,106.00,0.0000,171.26,1,0,2.8193,ACCEPT,0,51,4513,2704,3,150,33,0,0,0,0
82,0,1,1,ACCEPT,20.0204,1.3636,30,1,-16,0.1667,90.58,188.99,85.48,11.11,255.50,131.00,61.00,114.00,0.0000,174.82,1,0,2.8390,ACCEPT,0,53,4450,2709,3,150,30,0,0,0,0
83,0,1,1,ACCEPT,22.6105,2.0588,35,0,-16,0.2000,90.58,186.24,85.48,11.11,257.00,126.00,62.00,110.00,0.0000,176.99,1,0,2.7599,ACCEPT,0,54,4544,2419,3,150,35,0,0,0,0
84,0,1,1,ACCEPT,30.7683,2.4444,44,-1,-16,0.1818,89.24,183.49,82.19,10.69,256.50,124.00,63.00,116.00,0.0000,177.52,1,-1,2.4491,ACCEPT,0,45,4374,2499,3,150,44,0,0,0,0
85,0,1,1,ACCEPT,21.6425,2.0000,38,2,-19,0.1842,91.80,180.38,85.48,11.11,256.00,121.00,60.00,114.00,0.0000,174.60,1,1,2.4032,ACCEPT,0,52,4316,2750,3,150,38,0,0,0,0
86,0,1,1,ACCEPT,21.2534,1.3548,42,-1,-10,0.1667,90.47,178.66,85.48,11.11,256.50,126.50,61.00,101.00,0.0000,174.03,1,0,2.7592,ACCEPT,0,60,4670,2513,3,150,42,0,0,0,0
87,0,1,1,ACCEPT,31.2963,2.6000,52,0,-10,0.1346,90.47,176.94,85.48,11.11,256.00,126.50,64.00,97.00,0.0000,173.04,1,0,2.6316,ACCEPT,0,67,4754,2375,3,150,52,0,0,0,0
88,0,1,1,ACCEPT,25.9339,1.7308,45,-1,-4,0.0667,89.13,176.25,85.48,11.11,254.50,124.50,63.00,99.00,0.0000,173.28,1,0,2.8506,ACCEPT,0,49,4716,2417,3,150,45,0,0,0,0
89,0,1,1,ACCEPT,23.2162,3.1905,67,-1,-4,0.1045,87.80,175.56,85.48,11.11,256.00,121.50,66.00,103.00,0.0000,176.68,1,0,2.8000,ACCEPT,0,96,4362,3216,3,150,67,0,0,0,0
90,0,1,1,ACCEPT,28.1422,1.4138,82,-1,-10,0.2073,86.46,173.84,85.48,11.11,254.00,120.50,64.00,101.00,0.0000,175.83,1,0,2.7608,ACCEPT,0,86,4234,3182,3,150,82,0,0,0,0
91,0,1,1,ACCEPT,23.8313,1.0139,73,1,-4,0.5205,87.80,173.16,88.90,11.56,256.00,118.50,68.00,105.00,0.0000,176.86,1,1,2.7590,ACCEPT,0,94,4478,3357,3,150,73,0,0,0,0
92,0,1,1,ACCEPT,32.4101,2.8929,81,0,-1,0.8765,87.80,172.98,88.90,11.56,254.50,121.00,63.00,102.00,0.0000,174.62,1,0,2.8963,ACCEPT,0,78,4434,3458,3,150,81,0,0,0,0
93,0,1,1,ACCEPT,38.4637,4.0455,89,0,-6,0.2360,87.80,171.90,88.90,11.56,255.00,119.00,68.00,104.00,0.0000,175.37,1,0,2.9184,ACCEPT,0,72,4175,3909,3,150,89,0,0,0,0
94,0,1,1,ACCEPT,32.8319,3.0606,101,-1,-6,0.2772,86.41,170.82,88.90,11.56,253.00,118.50,64.00,97.00,0.0000,174.62,1,0,2.8907,ACCEPT,0,98,3939,5178,3,150,101,0,0,0,0
95,0,1,1,ACCEPT,22.6017,1.1429,72,0,-6,0.8750,86.41,169.74,92.46,12.02,249.50,118.00,63.00,98.00,0.0000,171.10,1,1,2.7829,ACCEPT,0,116,3958,5304,3,150,72,0,0,0,0
96,0,1,1,ACCEPT,29.6495,2.4286,85,-1,8,0.0118,84.96,171.24,92.46,12.02,251.50,117.00,63.00,98.00,0.0000,175.15,1,0,2.7445,ACCEPT,0,93,3927,6228,3,150,85,0,0,0,0
97,0,1,1,ACCEPT,28.8230,2.2439,92,-1,8,0.1304,83.52,172.74,88.90,11.56,247.00,116.50,60.00,97.00,0.0000,172.89,1,-1,2.6650,ACCEPT,0,107,3971,6038,3,150,92,0,0,0,0
98,0,1,1,ACCEPT,26.9213,1.4182,78,-1,-1,0.8974,82.12,172.56,85.48,11.11,245.50,117.00,55.00,96.00,0.0000,172.56,1,-1,2.6164,ACCEPT,0,83,3909,4878,3,150,78,0,0,0,0
99,0,1,1,ACCEPT,31.7878,2.4706,84,1,1,0.6310,83.46,172.73,88.90,11.56,244.50,114.00,55.00,92.00,0.0000,171.42,1,1,2.7212,ACCEPT,0,95,3975,4328,3,150,84,0,0,0,0
100,0,1,1,ACCEPT,34.0222,1.4545,64,0,-1,0.8594,83.46,172.55,92.46,12.02,245.50,111.00,57.00,92.00,0.0000,173.34,1,1,2.7712,ACCEPT,0,68,4075,3586,3,150,64,0,0,0,0
101,0,1,1,ACCEPT,20.3659,1.1364,50,0,-8,0.0600,83.46,171.05,92.46,12.02,244.50,107.00,51.00,96.00,0.0000,173.31,1,0,2.8796,ACCEPT,0,87,4735,4202,3,150,50,0,0,0,0
102,0,1,1,ACCEPT,34.8424,2.7742,86,0,-3,0.2907,83.46,170.49,92.46,12.02,248.50,102.00,61.00,98.00,0.0000,178.69,1,0,2.8430,ACCEPT,0,75,4853,5688,3,150,86,0,0,0,0
103,0,1,1,ACCEPT,27.4690,2.7000,81,-1,-3,0.2346,82.02,169.93,92.46,12.02,247.50,97.00,59.00,96.00,0.0000,180.84,1,0,2.8308,ACCEPT,0,84,4867,3386,3,150,81,0,0,0,0
104,0,1,1,ACCEPT,23.0908,1.6667,55,-1,-3,0.1818,80.57,169.37,88.90,11.56,246.50,95.00,59.00,94.00,0.0000,181.83,1,-1,2.4884,ACCEPT,0,86,4740,2363,3,150,55,0,0,0,0
105,0,1,1,ACCEPT,32.7888,2.9130,67,1,-1,0.7164,81.96,169.19,88.90,11.56,252.50,92.00,53.00,90.00,0.0000,187.19,1,0,2.8070,ACCEPT,0,82,4278,2620,3,150,67,0,0,0,0
106,0,1,1,ACCEPT,25.0124,1.2679,71,1,5,0.5493,83.35,170.09,88.90,11.56,249.00,89.50,52.00,91.00,0.0000,184.21,1,0,2.7444,ACCEPT,0,99,4285,3396,3,150,71,0,0,0,0
107,0,1,1,ACCEPT,37.3927,2.0667,93,1,-1,0.8065,84.74,169.91,92.46,12.02,252.00,90.00,54.00,90.00,0.0000,185.37,1,1,2.5815,ACCEPT,0,96,4393,3047,3,150,93,0,0,0,0
108,0,1,1,ACCEPT,38.8477,3.0588,104,-1,3,0.3654,83.30,170.47,88.90,11.56,250.00,87.00,56.00,92.00,0.0000,186.43,1,-1,2.5386,ACCEPT,0,118,4590,3389,3,150,104,0,0,0,0
109,0,1,1,ACCEPT,40.3638,2.1000,105,3,-1,0.4952,87.47,170.29,96.15,12.50,252.50,84.00,53.00,88.00,0.0000,186.23,1,2,2.4680,ACCEPT,0,100,4482,2863,3,150,105,0,0,0,0
110,0,1,1,ACCEPT,25.1329,1.5870,73,0,11,0.1370,87.47,172.44,96.15,12.50,253.50,84.50,53.00,87.00,0.0000,187.88,1,0,2.8027,ACCEPT,0,88,4642,2843,3,150,73,0,0,0,0
111,0,1,1,ACCEPT,16.3470,1.7619,37,1,26,0.0811,88.97,177.52,100.00,13.00,249.50,84.50,47.00,81.00,0.0000,185.53,1,1,2.7585,ACCEPT,0,81,4720,2248,3,150,37,0,0,0,0
112,0,1,1,ACCEPT,18.2783,1.2759,37,1,14,0.0541,90.53,180.36,100.00,13.00,254.50,87.00,43.00,78.00,0.0000,188.68,1,0,2.8631,ACCEPT,0,64,4769,2977,3,150,37,0,0,0,0
113,0,1,1,ACCEPT,13.9816,1.7000,34,1,19,0.0882,92.09,184.22,100.00,13.00,254.50,106.00,41.00,100.00,0.0000,180.26,1,0,2.6884,ACCEPT,0,82,4579,2384,3,150,34,0,0,0,0
114,0,1,1,ACCEPT,16.9544,1.6500,33,1,19,0.1212,93.66,188.08,100.00,13.00,256.50,108.00,47.00,104.00,0.0000,181.47,1,0,2.7151,ACCEPT,0,61,4501,2010,3,150,33,0,0,0,0
115,0,1,1,ACCEPT,19.9649,1.4545,32,1,24,0.1562,95.22,192.95,100.00,13.00,257.00,108.00,48.00,102.00,0.0000,182.73,1,0,2.6696,ACCEPT,0,48,4483,2372,3,150,32,0,0,0,0
116,0,1,1,ACCEPT,15.0951,1.3571,19,1,19,0.0526,96.78,196.81,100.00,13.00,255.00,117.00,46.00,98.00,0.0000,177.21,1,0,2.8086,ACCEPT,0,52,4835,1688,3,150,19,0,0,0,0
117,0,1,1,ACCEPT,9.7297,1.1250,9,0,25,0.4444,96.78,201.89,100.00,13.00,257.50,121.00,39.00,98.00,0.0000,179.93,1,0,2.7628,ACCEPT,0,42,4839,1496,3,150,9,0,0,0,0
118,0,1,1,ACCEPT,10.7828,1.5000,9,0,25,0.2222,96.78,206.97,100.00,13.00,259.50,129.00,39.00,98.00,0.0000,180.43,1,0,2.7330,ACCEPT,0,34,4688,1629,3,150,9,0,0,0,0
119,0,1,1,ACCEPT,9.8717,1.1111,10,-1,19,0.3000,95.22,210.83,100.00,13.00,259.50,129.00,39.00,96.00,0.0000,183.53,1,0,2.4105,ACCEPT,0,34,4933,1673,3,150,10,0,0,0,0
120,0,1,1,ACCEPT,15.3989,1.7500,14,1,24,0.3571,96.78,215.70,100.00,13.00,258.00,138.00,36.00,100.00,0.0000,178.97,1,0,2.7908,ACCEPT,0,34,4668,2098,3,150,14,0,0,0,0
121,0,1,1,ACCEPT,14.7389,1.7143,12,0,25,0.0833,96.78,220.78,100.00,13.00,255.50,140.00,37.00,108.00,0.0000,178.09,1,0,2.6853,ACCEPT,0,35,5054,1933,3,150,12,0,0,0,0
122,0,1,1,ACCEPT,15.2019,1.5000,12,1,24,0.4167,98.34,225.66,100.00,13.00,256.00,144.50,42.00,103.00,0.0000,177.32,1,0,2.7159,ACCEPT,0,35,4900,2039,3,150,12,0,0,0,0
123,0,1,1,ACCEPT,17.5519,1.5000,18,1,24,0.3333,99.91,230.53,104.00,13.52,256.50,149.00,37.00,106.00,0.0000,176.55,1,1,2.6415,ACCEPT,0,40,5104,2273,3,150,18,0,0,0,0
124,0,1,1,ACCEPT,11.5341,1.5000,15,-1,11,0.2000,98.28,232.85,100.00,13.00,256.00,150.50,40.00,107.00,0.0000,177.92,1,-1,2.5290,ACCEPT,0,41,5173,2278,3,150,15,0,0,0,0
125,0,1,1,ACCEPT,14.9433,1.1250,27,1,14,0.1111,99.84,235.70,100.00,13.00,254.50,153.50,39.00,107.00,0.0000,175.14,1,0,2.7381,ACCEPT,0,79,4119,5179,3,150,27,0,0,0,0
126,0,1,1,ACCEPT,17.8151,1.2500,40,-1,9,0.2750,98.28,237.52,100.00,13.00,256.50,155.50,43.00,105.00,0.0000,178.22,1,0,2.5101,ACCEPT,0,62,4162,4798,3,150,40,0,0,0,0
127,0,1,1,ACCEPT,28.3021,2.8421,54,1,14,0.0000,99.84,240.37,100.00,13.00,254.50,156.50,41.00,109.00,0.0000,175.93,1,0,2.5790,ACCEPT,0,59,4083,4785,3,150,54,0,0,0,0
128,0,1,1,ACCEPT,28.5881,1.6667,60,-1,9,0.1333,98.28,242.20,100.00,13.00,251.00,161.50,46.00,109.00,0.0000,172.73,1,0,2.5202,ACCEPT,0,71,4307,4734,3,150,60,0,0,0,0
129,0,1,1,ACCEPT,27.3474,2.1379,62,1,-1,0.6452,99.84,241.99,100.00,13.00,248.50,161.50,45.00,109.00,0.0000,169.05,1,0,2.7412,ACCEPT,0,68,4525,4438,3,150,62,0,0,0,0
130,0,1,1,ACCEPT,33.5870,1.9375,62,0,4,0.6613,99.84,242.80,100.00,13.00,246.50,164.50,47.00,101.00,0.0000,166.25,1,0,2.7038,ACCEPT,0,64,4321,4036,3,150,62,0,0,0,0
131,0,1,1,ACCEPT,41.5495,3.9524,83,-1,4,0.0120,98.28,243.62,100.00,13.00,243.50,166.00,47.00,102.00,0.0000,164.66,1,0,2.5868,ACCEPT,0,73,4254,3952,3,150,83,0,0,0,0
132,0,1,1,ACCEPT,42.3730,5.1053,97,0,4,0.1753,98.28,244.43,100.00,13.00,241.00,167.00,48.00,102.00,0.0000,162.37,1,0,2.6792,ACCEPT,0,80,4242,3749,3,150,97,0,0,0,0
133,0,1,1,ACCEPT,40.8092,3.4800,87,-1,9,0.2529,96.72,246.26,100.00,13.00,238.00,170.50,50.00,97.00,0.0000,160.31,1,0,2.5005,ACCEPT,0,79,4234,4062,3,150,87,0,0,0,0
134,0,1,1,ACCEPT,34.7162,1.9773,87,-1,4,0.6782,95.16,247.07,96.15,12.50,236.50,170.00,51.00,102.00,0.0000,160.99,1,-1,2.3485,ACCEPT,0,81,4202,4335,3,150,87,0,0,0,0
135,0,1,1,ACCEPT,29.7382,3.5238,74,0,-3,0.1622,95.16,246.48,96.15,12.50,234.50,172.50,51.00,97.00,0.0000,157.77,1,0,2.5803,ACCEPT,0,78,4260,3010,3,150,74,0,0,0,0
136,0,1,1,ACCEPT,35.3250,3.2222,58,-1,2,0.5517,93.66,246.88,96.15,12.50,232.50,172.50,53.00,97.00,0.0000,157.51,1,0,2.5928,ACCEPT,0,53,4328,2568,3,150,58,0,0,0,0
137,0,1,1,ACCEPT,16.5767,2.2143,31,0,-4,0.0323,93.66,246.09,96.15,12.50,231.00,189.00,54.00,66.00,0.0000,148.74,1,0,2.6467,ACCEPT,0,55,4452,2776,3,150,31,0,0,0,0
138,0,1,1,ACCEPT,25.6412,2.4286,51,-1,-3,0.4510,92.16,245.51,92.46,12.02,232.00,188.00,56.00,66.00,0.0000,151.21,1,-1,2.2695,ACCEPT,0,61,4459,2749,3,150,51,0,0,0,0
139,0,1,1,ACCEPT,27.7596,1.8214,51,1,-1,0.8039,93.60,245.32,96.15,12.50,232.00,188.50,58.00,65.00,0.0000,149.61,1,1,2.5511,ACCEPT,0,54,4328,3444,3,150,51,0,0,0,0
140,0,1,1,ACCEPT,29.6814,2.3600,59,-1,6,0.2203,92.10,246.49,92.46,12.02,232.00,188.50,56.00,67.00,0.0000,151.44,1,-1,2.2817,ACCEPT,0,64,4447,3866,3,150,59,0,0,0,0
141,0,1,1,ACCEPT,30.6349,2.9130,67,1,4,0.1194,93.55,247.24,96.15,12.50,231.50,190.00,55.00,66.00,0.0000,149.36,1,1,2.5996,ACCEPT,0,62,4304,3703,3,150,67,0,0,0,0
142,0,1,1,ACCEPT,37.1459,3.0000,81,0,-4,0.1111,93.55,246.46,96.15,12.50,230.50,190.00,55.00,66.00,0.0000,148.14,1,0,2.7071,ACCEPT,0,71,4505,3013,3,150,81,0,0,0,0
143,0,1,1,ACCEPT,35.6853,3.5882,61,-1,1,0.6885,92.05,246.66,96.15,12.50,230.50,191.00,55.00,66.00,0.0000,149.22,1,0,2.4294,ACCEPT,0,52,4375,3849,3,150,61,0,0,0,0
144,0,1,1,ACCEPT,37.1757,3.2917,79,1,-4,0.0506,93.55,245.88,96.15,12.50,231.00,195.00,56.00,60.00,0.0000,146.57,1,0,2.6720,ACCEPT,0,62,4446,4243,3,150,79,0,0,0,0
145,0,1,1,ACCEPT,31.5300,3.0909,68,-1,6,0.3235,92.05,247.05,92.46,12.02,230.50,196.00,57.00,62.00,0.0000,147.56,1,-1,2.3668,ACCEPT,0,80,4606,3254,3,150,68,0,0,0,0
146,0,1,1,ACCEPT,28.4344,3.2500,65,1,8,0.0462,93.49,248.55,92.46,12.02,230.00,198.50,54.00,59.00,0.0000,145.39,1,0,2.5846,ACCEPT,0,92,4424,3501,3,150,65,0,0,0,0
147,0,1,1,ACCEPT,28.0135,1.8000,54,0,-2,0.5370,93.49,248.17,96.15,12.50,230.50,198.00,55.00,64.00,0.0000,145.91,1,1,2.6186,ACCEPT,0,62,4426,3112,3,150,54,0,0,0,0
148,0,1,1,ACCEPT,36.1973,2.9524,62,0,6,0.0645,93.49,249.34,96.15,12.50,230.50,202.50,55.00,57.00,0.0000,144.79,1,0,2.6785,ACCEPT,0,62,4331,2986,3,150,62,0,0,0,0
149,0,1,1,ACCEPT,19.5180,1.3667,41,0,11,0.0000,93.49,251.49,96.15,12.50,228.00,188.50,56.00,91.00,0.0000,148.53,1,0,2.7786,ACCEPT,0,65,4371,4179,3,150,41,0,0,0,0
150,0,1,1,ACCEPT,21.7501,2.0385,53,0,6,0.2453,93.49,252.66,96.15,12.50,228.50,194.50,55.00,97.00,0.0000,147.00,1,0,2.7740,ACCEPT,0,71,4344,4107,3,150,53,0,0,0,0
151,0,1,1,ACCEPT,33.3702,2.3143,81,-1,6,0.3457,91.99,253.84,96.15,12.50,227.00,199.00,54.00,92.00,0.0000,145.72,1,0,2.6331,ACCEPT,0,87,4420,3517,3,150,81,0,0,0,0
152,0,1,1,ACCEPT,30.4946,2.2258,69,0,6,0.3478,91.99,255.01,96.15,12.50,226.50,200.50,55.00,93.00,0.0000,145.13,1,0,2.7104,ACCEPT,0,76,4171,3617,3,150,69,0,0,0,0
153,0,1,1,ACCEPT,30.2141,2.5000,50,0,5,0.5400,91.99,255.98,96.15,12.50,228.00,201.50,54.00,93.00,0.0000,146.52,1,0,2.5550,ACCEPT,0,61,4409,3387,3,150,50,0,0,0,0
154,0,1,1,ACCEPT,37.3814,4.8333,58,1,6,0.1034,93.49,257.16,96.15,12.50,228.50,205.00,55.00,90.00,0.0000,144.73,1,0,2.6963,ACCEPT,0,60,4259,3583,3,150,58,0,0,0,0
155,0,1,1,ACCEPT,36.9593,2.8824,49,0,6,0.1837,93.49,258.33,96.15,12.50,230.00,207.00,54.00,80.00,0.0000,145.84,1,0,2.7299,ACCEPT,0,51,4147,3194,3,150,49,0,0,0,0
156,0,1,1,ACCEPT,29.2952,1.3571,38,1,6,0.1579,94.99,259.50,100.00,13.00,230.50,209.00,53.00,80.00,0.0000,144.61,1,1,2.7432,ACCEPT,0,47,4136,2914,3,150,38,0,0,0,0
157,0,1,1,ACCEPT,30.3070,2.9231,38,0,8,0.1579,94.99,261.12,96.15,12.50,230.50,208.50,57.00,89.00,0.0000,145.37,1,-1,2.6882,ACCEPT,0,57,4061,2870,3,150,38,0,0,0,0
158,0,1,1,ACCEPT,28.7700,1.4074,38,1,6,0.0526,96.49,262.30,96.15,12.50,230.50,215.50,55.00,79.00,0.0000,141.94,1,0,2.7398,ACCEPT,0,44,4168,2404,3,150,38,0,0,0,0
159,0,1,1,ACCEPT,32.0075,2.3684,45,0,11,0.1333,96.49,264.45,96.15,12.50,227.50,219.50,53.00,75.00,0.0000,138.50,1,0,2.7647,ACCEPT,0,50,4120,3514,3,150,45,0,0,0,0
160,0,1,1,ACCEPT,30.6899,1.4762,62,0,11,0.0968,96.49,266.59,100.00,13.00,227.00,221.50,54.00,77.00,0.0000,138.08,1,1,2.7049,ACCEPT,0,63,4072,3875,3,150,62,0,0,0,0
161,0,1,1,ACCEPT,25.3809,2.0968,65,0,3,0.3077,96.49,267.20,100.00,13.00,225.50,226.50,59.00,85.00,0.0000,135.28,1,0,2.8013,ACCEPT,0,95,4608,3649,3,150,65,0,0,0,0
162,0,1,1,ACCEPT,27.6160,1.5682,69,-1,8,0.1159,94.93,268.83,100.00,13.00,223.50,226.50,59.00,87.00,0.0000,135.36,1,0,2.8416,ACCEPT,0,73,4486,3410,3,150,69,0,0,0,0
163,0,1,1,ACCEPT,32.6547,2.7600,69,0,8,0.0580,94.93,270.45,100.00,13.00,223.00,225.50,56.00,83.00,0.0000,135.73,1,0,2.8893,ACCEPT,0,78,4470,3195,3,150,69,0,0,0,0
164,0,1,1,ACCEPT,31.8379,1.8889,68,-1,13,0.1176,93.37,273.09,96.15,12.50,220.00,227.00,60.00,84.00,0.0000,134.76,1,-1,2.6360,ACCEPT,0,77,4543,3071,3,150,68,0,0,0,0
165,0,1,1,ACCEPT,39.6059,3.4762,73,0,6,0.1644,93.37,274.27,100.00,13.00,217.50,228.00,59.00,80.00,0.0000,132.47,1,1,2.7726,ACCEPT,0,72,4427,3506,3,150,73,0,0,0,0
166,0,1,1,ACCEPT,33.9958,3.2609,75,0,13,0.1600,93.37,276.91,100.00,13.00,217.00,238.50,60.00,73.00,0.0000,129.46,1,0,2.8684,ACCEPT,0,73,4530,3561,3,150,75,0,0,0,0
167,0,1,1,ACCEPT,29.6625,1.3529,69,0,3,0.1014,93.37,277.52,100.00,13.00,214.00,237.00,60.00,72.00,0.0000,127.25,1,0,2.8061,ACCEPT,0,80,4688,3653,3,150,69,0,0,0,0
168,0,1,1,ACCEPT,25.3331,2.2222,60,0,8,0.0000,93.37,279.14,100.00,13.00,213.00,239.00,54.00,76.00,0.0000,126.19,1,0,2.8963,ACCEPT,0,92,4546,2920,3,150,60,0,0,0,0
169,0,1,1,ACCEPT,26.0421,2.0000,48,1,18,0.2708,94.93,282.80,100.00,13.00,215.00,240.50,58.00,77.00,0.0000,127.30,1,0,2.7958,ACCEPT,0,62,4473,2685,3,150,48,0,0,0,0
170,0,1,1,ACCEPT,32.0983,2.5238,53,0,8,0.1509,94.93,284.42,100.00,13.00,212.00,245.50,56.00,77.00,0.0000,123.37,1,0,2.8011,ACCEPT,0,70,4484,3056,3,150,53,0,0,0,0
171,0,1,1,ACCEPT,26.5278,3.2500,52,0,18,0.0962,94.93,288.08,96.15,12.50,214.00,254.00,60.00,70.00,0.0000,123.85,1,-1,2.7372,ACCEPT,0,66,4417,3016,3,150,52,0,0,0,0
172,0,1,1,ACCEPT,26.6807,1.7333,52,1,11,0.1346,96.43,290.23,100.00,13.00,214.00,259.50,56.00,71.00,0.0000,121.52,1,1,2.8153,ACCEPT,0,65,4306,3293,3,150,52,0,0,0,0
173,0,1,1,ACCEPT,21.4332,1.5143,53,1,18,0.1698,97.99,293.88,104.00,13.52,213.50,259.50,61.00,83.00,0.0000,120.52,1,1,2.7898,ACCEPT,0,71,4145,3968,3,150,53,0,0,0,0
174,0,1,1,ACCEPT,29.0351,2.7667,83,-1,6,0.3012,96.37,295.15,100.00,13.00,214.50,264.50,63.00,81.00,0.0000,122.04,1,-1,2.6743,ACCEPT,0,85,3962,3754,3,150,83,0,0,0,0
175,0,1,1,ACCEPT,29.6534,3.9000,78,1,9,0.1026,97.93,296.98,104.00,13.52,215.00,266.00,66.00,84.00,0.0000,121.10,1,1,2.8173,ACCEPT,0,84,3962,3886,3,150,78,0,0,0,0
176,0,1,1,ACCEPT,37.2681,4.8947,93,0,6,0.0860,97.93,298.24,104.00,13.52,216.00,269.50,68.00,85.00,0.0000,121.52,1,0,2.9175,ACCEPT,0,88,3775,4260,3,150,93,0,0,0,0
177,0,1,1,ACCEPT,36.6976,3.8500,77,0,11,0.0130,97.93,300.56,100.00,13.00,215.50,273.00,65.00,86.00,0.0000,120.76,1,-1,2.7667,ACCEPT,0,105,3733,4671,3,150,77,0,0,0,0
178,0,1,1,ACCEPT,41.1664,5.5385,72,1,9,0.0972,99.49,302.39,104.00,13.52,211.50,276.50,61.00,83.00,0.0000,114.96,1,1,2.8675,ACCEPT,0,57,3632,4871,3,150,72,0,0,0,0
179,0,1,1,ACCEPT,39.4514,4.9286,69,0,11,0.0435,99.49,304.71,104.00,13.52,214.50,277.00,73.00,92.00,0.0000,118.30,1,0,2.9589,ACCEPT,0,58,3379,4982,3,150,69,0,0,0,0
180,0,1,1,ACCEPT,31.9266,2.9474,56,0,10,0.0893,99.49,306.82,104.00,13.52,208.50,278.50,65.00,93.00,0.0000,112.63,1,0,2.9528,ACCEPT,0,58,3387,5291,3,150,56,0,0,0,0
181,0,1,1,ACCEPT,26.2821,1.5517,45,0,11,0.0444,99.49,309.14,104.00,13.52,203.00,283.50,62.00,95.00,0.0000,106.64,1,0,2.6358,ACCEPT,0,61,3251,3264,3,150,45,0,0,0,0
182,0,1,1,ACCEPT,23.1797,2.5625,41,-1,16,0.1707,97.87,312.52,104.00,13.52,201.50,287.50,61.00,95.00,0.0000,106.61,1,0,2.8337,ACCEPT,0,46,3076,3222,3,150,41,0,0,0,0
183,0,1,1,ACCEPT,26.6257,2.2500,45,-1,11,0.1333,96.24,314.84,104.00,13.52,198.00,289.00,62.00,100.00,0.0000,104.99,1,0,2.9600,ACCEPT,0,51,3013,3384,3,150,45,0,0,0,0
184,0,1,1,ACCEPT,23.9370,2.4444,44,-1,17,0.1818,94.62,318.42,104.00,13.52,193.00,296.50,56.00,95.00,0.0000,100.80,1,0,2.8265,ACCEPT,0,68,3047,3646,3,150,44,0,0,0,0
185,0,1,1,ACCEPT,15.3263,1.7619,37,-2,20,0.2432,91.37,322.64,104.00,13.52,189.00,303.00,54.00,94.00,0.0000,99.59,1,0,2.8457,ACCEPT,0,90,4409,2572,3,150,37,0,0,0,0
186,0,1,1,ACCEPT,17.8365,1.7037,46,-1,11,0.0870,89.74,324.96,104.00,13.52,186.00,306.50,52.00,89.00,0.0000,98.01,1,0,2.9252,ACCEPT,0,83,4497,2635,3,150,46,0,0,0,0
187,0,1,1,ACCEPT,21.5785,2.1429,45,-2,25,0.0222,86.49,330.23,100.00,13.00,181.00,319.00,48.00,98.00,0.0000,95.17,1,-1,2.6099,ACCEPT,0,63,4301,2587,3,150,45,0,0,0,0
188,0,1,1,ACCEPT,18.4106,1.7895,34,0,32,0.1765,86.49,336.73,104.00,13.52,178.00,333.00,52.00,84.00,0.0000,91.58,1,1,2.6340,ACCEPT,0,69,3847,2338,3,150,34,0,0,0,0
189,0,1,1,ACCEPT,28.8195,3.6923,48,-2,20,0.1042,83.24,340.95,104.00,13.52,172.50,330.00,53.00,106.00,0.0000,89.93,1,0,3.0260,ACCEPT,0,50,4042,2982,3,150,48,0,0,0,0
190,0,1,1,ACCEPT,29.6621,1.9000,57,-1,20,0.0000,81.62,345.17,104.00,13.52,169.50,335.00,55.00,110.00,0.0000,88.47,1,0,3.0746,ACCEPT,0,57,4131,3532,3,150,57,0,0,0,0
191,0,1,1,ACCEPT,26.5239,2.0000,46,-1,25,0.0652,79.99,350.45,104.00,13.52,167.50,340.00,57.00,110.00,0.0000,88.13,1,0,2.9728,ACCEPT,0,55,3929,3302,3,150,46,0,0,0,0
192,0,1,1,ACCEPT,27.6436,3.2857,46,0,25,0.0870,79.99,355.72,108.16,14.06,165.00,351.00,58.00,100.00,0.0000,85.14,1,1,3.0025,ACCEPT,0,47,3824,3149,3,150,46,0,0,0,0
193,0,1,1,ACCEPT,35.7142,3.4545,76,-1,18,0.1316,78.30,359.66,104.00,13.52,162.50,356.00,57.00,104.00,0.0000,84.27,1,-1,2.9579,ACCEPT,0,65,4304,3818,3,150,76,0,0,0,0
194,0,1,1,ACCEPT,28.9225,1.9355,60,1,11,0.3667,79.93,361.98,108.16,14.06,162.50,362.00,63.00,104.00,0.0053,82.57,1,1,2.9042,ACCEPT,0,92,4274,3270,3,150,60,0,0,0,0
195,0,1,1,ACCEPT,29.5871,1.7273,57,-1,18,0.0877,78.24,365.91,108.16,14.06,162.00,369.00,62.00,100.00,0.0024,83.81,1,0,3.0819,ACCEPT,0,64,4225,3253,3,150,57,0,0,0,0
196,0,1,1,ACCEPT,31.9401,2.1000,63,-1,13,0.1270,76.55,368.76,108.16,14.06,159.50,374.00,61.00,98.00,0.0031,83.11,1,0,2.9198,ACCEPT,0,76,4271,3689,3,150,63,0,0,0,0
197,0,1,1,ACCEPT,19.0419,2.1111,57,0,14,0.0702,76.55,371.82,108.16,14.06,161.00,375.50,66.00,103.00,0.0045,84.53,1,0,3.0377,ACCEPT,0,99,4822,4951,3,150,57,0,0,0,0
198,0,1,1,ACCEPT,20.2721,2.3077,60,0,8,0.0000,76.55,373.57,104.00,13.52,162.00,378.00,70.00,100.00,0.0025,85.56,1,-1,2.9301,ACCEPT,0,97,4722,3880,3,150,60,0,0,0,0
199,0,1,1,ACCEPT,37.6272,4.4000,110,1,6,0.0545,78.18,374.84,104.00,13.52,159.50,383.00,67.00,104.00,0.0068,81.73,1,0,2.9309,ACCEPT,0,100,4777,3940,3,150,110,0,0,0,0
200,0,1,1,ACCEPT,28.6333,2.4545,81,1,10,0.2593,79.80,376.95,108.16,14.06,161.50,384.00,69.00,102.00,0.0114,82.00,1,1,2.9517,ACCEPT,0,94,4673,4868,3,150,81,0,0,0,0
201,0,1,1,ACCEPT,39.0771,5.2381,110,0,9,0.0545,79.80,378.91,108.16,14.06,162.50,386.50,73.00,103.00,0.0124,83.04,1,0,2.9860,ACCEPT,0,98,4857,3644,3,150,110,0,0,0,0
202,0,1,1,ACCEPT,31.7906,3.7143,78,1,5,0.0897,81.49,380.01,108.16,14.06,160.50,389.50,69.00,103.00,0.0158,79.58,1,0,3.0134,ACCEPT,0,75,4962,3216,3,150,78,0,0,0,0
203,0,1,1,ACCEPT,40.1644,5.0476,106,1,8,0.1981,83.18,381.76,108.16,14.06,158.50,393.00,69.00,106.00,0.0216,76.15,1,0,2.9481,ACCEPT,0,98,5014,3903,3,150,106,0,0,0,0
204,0,1,1,ACCEPT,24.9055,2.6471,90,0,1,0.9111,83.18,381.98,108.16,14.06,161.50,389.50,75.00,109.00,0.0196,78.68,1,0,3.0806,ACCEPT,0,124,5330,4710,3,150,90,0,0,0,0
205,0,1,1,ACCEPT,33.4187,4.6250,111,1,4,0.3784,84.87,382.85,108.16,14.06,159.00,389.00,78.00,104.00,0.0284,74.39,1,0,3.0833,ACCEPT,0,126,5258,4343,3,150,111,0,0,0,0
206,0,1,1,ACCEPT,34.0475,3.8065,118,1,-1,0.9661,86.55,382.63,108.16,14.06,156.50,386.00,73.00,108.00,0.0318,70.03,1,0,2.9654,ACCEPT,0,114,5364,4124,3,150,118,0,0,0,0
207,0,1,1,ACCEPT,24.5234,2.0244,83,1,1,0.9277,88.24,382.85,112.49,14.62,156.00,392.50,74.00,107.00,0.0406,68.44,1,1,2.8842,ACCEPT,0,119,5481,3766,3,150,83,0,0,0,0
208,0,1,1,ACCEPT,25.7163,2.8846,75,1,-2,0.8000,90.00,382.40,112.49,14.62,158.00,388.00,80.00,102.00,0.0440,68.23,1,0,3.0513,ACCEPT,0,100,5485,3571,3,150,75,0,0,0,0
209,0,1,1,ACCEPT,9.7534,1.0606,35,1,-8,0.6857,91.76,380.59,112.49,14.62,154.00,387.50,78.00,115.00,0.0476,62.63,1,0,3.1056,ACCEPT,0,124,5482,3064,3,150,35,0,0,0,0
210,0,1,1,ACCEPT,14.6743,1.7826,41,0,-7,0.2195,91.76,379.00,108.16,14.06,154.50,387.50,79.00,111.00,0.0440,63.32,1,-1,2.8377,ACCEPT,0,75,5438,3224,3,150,41,0,0,0,0
211,0,1,1,ACCEPT,17.0290,2.0833,50,1,-1,0.6400,93.45,378.78,104.00,13.52,154.50,386.00,75.00,112.00,0.0408,61.48,1,-1,2.8945,ACCEPT,0,99,5376,3316,3,150,50,0,0,0,0
212,0,1,1,ACCEPT,17.5521,1.0500,42,1,-8,0.4286,95.07,377.09,104.00,13.52,153.50,387.50,79.00,109.00,0.0467,59.35,1,0,2.8901,ACCEPT,0,88,5612,3002,3,150,42,0,0,0,0
213,0,1,1,ACCEPT,20.0002,1.7500,49,1,2,0.5918,96.70,377.52,104.00,13.52,154.00,386.00,80.00,112.00,0.0474,57.93,1,0,3.0251,ACCEPT,0,77,5274,3448,3,150,49,0,0,0,0
214,0,1,1,ACCEPT,18.9428,1.3409,59,1,-7,0.3729,98.32,376.04,104.00,13.52,151.50,385.00,73.00,112.00,0.0524,53.93,1,0,2.9367,ACCEPT,0,101,5556,4036,3,150,59,0,0,0,0
215,0,1,1,ACCEPT,28.1353,2.7097,84,1,3,0.4643,99.95,376.67,108.16,14.06,151.50,384.50,77.00,115.00,0.0589,52.15,1,1,2.9410,ACCEPT,0,99,5222,4222,3,150,84,0,0,0,0
0,0,0,0,ZERO_RESPONSE,0.0000,0.0000,0,0,0,0.0000,208.50,208.50,55.00,65.00,208.50,208.50,55.00,65.00,1.0000,0.00,1,0,0.0000,NOT_RUN,0,0,12121,5999,4,200,0,0,0,0,0
1,0,1,1,ACCEPT,61.8160,10.8372,466,-1,2,0.5172,207.64,210.53,55.00,65.00,208.50,208.50,53.00,67.00,0.9076,2.21,1,0,3.2649,ACCEPT,0,333,11680,6226,4,200,466,0,0,0,0
2,0,1,1,ACCEPT,32.7604,5.1789,492,0,2,0.7358,207.64,212.56,55.00,65.00,208.00,210.00,56.00,70.00,0.9103,2.59,1,0,3.0613,ACCEPT,0,525,10372,7520,4,200,492,0,0,0,0
3,0,1,1,ACCEPT,30.4123,5.6098,690,0,2,0.7594,207.64,214.59,55.00,65.00,208.00,209.50,54.00,73.00,0.8487,5.11,1,0,2.9200,ACCEPT,0,670,9814,10413,4,200,690,0,0,0,0
4,0,1,1,ACCEPT,30.5507,5.2067,932,0,2,0.6320,207.64,216.62,52.88,62.50,206.50,213.00,53.00,72.00,0.8336,3.80,1,-1,2.8706,ACCEPT,0,832,9001,9621,4,200,932,0,0,0,0
5,0,1,1,ACCEPT,29.8737,5.9150,905,-1,1,0.8807,206.81,217.60,52.88,62.50,207.00,217.00,52.00,60.00,0.9439,0.63,1,0,3.0090,ACCEPT,0,1110,8875,8099,4,200,905,0,0,0,0
6,0,1,1,ACCEPT,30.7608,5.9415,1016,0,1,0.8376,206.81,218.58,52.88,62.50,207.00,218.50,52.00,59.00,0.9282,0.20,1,0,2.8997,ACCEPT,0,962,8048,7938,4,200,1016,0,0,0,0
7,0,1,1,ACCEPT,24.8157,3.0105,858,-1,2,0.8368,205.98,220.53,52.88,62.50,206.00,221.00,52.00,56.00,0.8810,0.47,1,0,3.0064,ACCEPT,0,957,7470,9260,4,200,858,0,0,0,0
8,0,1,1,ACCEPT,22.0501,2.8860,886,-1,0,0.9187,205.16,220.53,52.88,62.50,205.50,222.50,53.00,55.00,0.8694,2.00,1,0,2.8763,ACCEPT,0,1158,6548,12054,4,200,886,0,0,0,0
9,0,1,1,ACCEPT,22.8372,2.6312,1063,-1,1,0.8166,204.33,221.51,50.85,60.10,204.50,222.50,51.00,53.00,0.8765,1.01,1,-1,2.8355,ACCEPT,0,1355,6286,12678,4,200,1063,0,0,0,0
10,0,1,1,ACCEPT,18.1895,2.6965,844,-2,1,0.7855,202.73,222.45,50.85,60.10,200.50,223.50,57.00,49.00,0.7422,2.47,1,0,2.9111,ACCEPT,0,1447,5020,12345,4,200,844,0,0,0,0
11,0,1,1,ACCEPT,21.3534,2.6570,821,-3,2,0.4227,200.34,224.32,50.85,60.10,198.00,224.00,56.00,46.00,0.7104,2.37,1,0,2.9188,ACCEPT,0,1478,4662,13446,4,200,821,0,0,0,0
12,0,1,1,ACCEPT,21.1391,2.5632,892,-2,1,0.7119,198.75,225.26,50.85,60.10,195.50,223.50,57.00,43.00,0.6548,3.69,1,0,2.8132,ACCEPT,0,1615,4550,13874,4,200,892,0,0,0,0
13,0,1,1,ACCEPT,21.6622,3.1115,949,-4,1,0.2750,195.56,226.20,48.89,57.78,194.00,224.00,56.00,40.00,0.6290,2.69,1,-1,2.8213,ACCEPT,0,1543,4325,13496,4,200,949,0,0,0,0
14,0,1,1,ACCEPT,18.9665,3.6895,808,-3,1,0.6089,193.27,227.10,47.01,55.56,189.50,225.00,55.00,36.00,0.5837,4.31,1,-1,2.6620,ACCEPT,0,1566,4066,12705,4,200,808,0,0,0,0
15,0,1,1,ACCEPT,18.9388,2.8566,757,-2,0,0.7450,191.80,227.10,45.21,53.43,188.00,225.50,52.00,35.00,0.5880,4.12,1,-1,2.3593,ACCEPT,0,1570,3999,12155,4,200,757,0,0,0,0
16,0,1,1,ACCEPT,14.7814,2.0473,563,-4,1,0.7069,188.98,227.94,45.21,53.43,185.50,226.00,53.00,34.00,0.5735,3.99,1,0,2.7462,ACCEPT,0,1274,3696,12670,4,200,563,0,0,0,0
17,0,1,1,ACCEPT,19.4729,2.4618,837,-2,1,0.7682,187.58,228.77,45.21,53.43,184.50,226.00,53.00,34.00,0.5735,4.14,1,0,2.6344,ACCEPT,0,1495,3942,13961,4,200,837,0,0,0,0
18,0,1,1,ACCEPT,24.4453,3.9764,1010,-3,1,0.5861,185.47,229.61,45.21,53.43,179.50,226.50,57.00,35.00,0.5581,6.73,1,0,2.6960,ACCEPT,0,1578,3867,12587,4,200,1010,0,0,0,0
19,0,1,1,ACCEPT,22.3796,2.6942,881,-2,1,0.8536,184.06,230.45,45.21,53.43,176.50,230.00,57.00,30.00,0.4634,7.58,1,0,2.5523,ACCEPT,0,1477,3788,12679,4,200,881,0,0,0,0
20,0,1,1,ACCEPT,23.3174,3.0128,943,-3,2,0.4772,181.95,232.12,45.21,53.43,174.50,229.50,57.00,31.00,0.4783,7.90,1,0,2.6531,ACCEPT,0,1559,3493,15146,4,200,943,0,0,0,0
21,0,1,1,ACCEPT,25.2549,3.0893,1038,-2,1,0.8256,180.55,232.95,45.21,53.43,173.00,230.00,56.00,32.00,0.4870,8.10,1,0,2.6170,ACCEPT,0,1565,3645,13033,4,200,1038,0,0,0,0
22,0,1,1,ACCEPT,15.2854,1.7972,647,-1,1,0.9691,179.84,233.79,45.21,53.43,171.00,231.00,54.00,30.00,0.4348,9.27,1,0,2.5542,ACCEPT,0,1495,3246,19080,4,200,647,0,0,0,0
23,0,1,1,ACCEPT,20.1183,1.9534,1049,0,1,0.9256,179.84,234.62,43.47,51.37,170.50,232.00,57.00,28.00,0.4266,9.71,1,-1,2.5545,ACCEPT,0,1785,3214,14370,4,200,1049,0,0,0,0
24,0,1,1,ACCEPT,22.4888,2.3899,1042,-1,1,0.8426,179.16,235.43,43.47,51.37,169.50,234.00,55.00,26.00,0.3906,9.77,1,0,2.5155,ACCEPT,0,1820,2543,13669,4,200,1042,0,0,0,0
25,0,1,1,ACCEPT,20.9617,3.0381,957,-1,2,0.6280,178.48,237.04,41.80,49.39,166.00,235.00,56.00,22.00,0.3210,12.65,1,-1,2.4445,ACCEPT,0,1714,2772,15310,4,200,957,0,0,0,0
26,0,1,1,ACCEPT,24.3450,3.3549,983,0,1,0.8973,178.48,237.81,40.19,47.49,163.50,236.50,57.00,21.00,0.2941,15.04,1,-1,2.4386,ACCEPT,0,1446,2689,16563,4,200,983,0,0,0,0
27,0,1,1,ACCEPT,18.1203,3.0114,795,-1,2,0.7673,177.86,239.30,38.64,45.67,162.50,240.00,61.00,20.00,0.3003,15.38,1,-1,2.4350,ACCEPT,0,1389,2469,19030,4,200,795,0,0,0,0
28,0,1,1,ACCEPT,19.4953,3.2836,880,-3,3,0.2591,176.05,241.43,38.64,45.67,161.00,239.50,64.00,17.00,0.2757,15.18,1,0,2.5720,ACCEPT,0,1489,2527,17615,4,200,880,0,0,0,0
29,0,1,1,ACCEPT,23.4593,3.9612,1022,-2,2,0.4335,174.85,242.85,37.16,43.91,152.00,240.50,78.00,23.00,0.3041,22.97,1,-1,2.7180,ACCEPT,0,1479,2477,19879,4,200,1022,0,0,0,0
30,0,1,1,ACCEPT,23.1010,3.5781,1077,-2,2,0.5209,173.70,244.23,35.73,42.22,150.50,244.00,81.00,18.00,0.2713,23.20,1,-1,2.7831,ACCEPT,0,1590,2651,18135,4,200,1077,0,0,0,0
31,0,1,1,ACCEPT,22.2182,3.8561,1045,-4,3,0.1885,171.48,246.20,35.73,42.22,147.50,245.00,77.00,18.00,0.2522,24.01,1,0,2.8110,ACCEPT,0,1845,2432,15402,4,200,1045,0,0,0,0
32,0,1,1,ACCEPT,16.7806,2.4272,767,-3,2,0.5189,169.81,247.51,34.35,40.60,147.00,248.00,76.00,18.00,0.2672,22.82,1,-1,2.6670,ACCEPT,0,1433,2195,16994,4,200,767,0,0,0,0
33,0,1,1,ACCEPT,15.0967,2.1652,734,-6,0,0.2834,166.58,247.51,33.03,39.04,144.00,249.50,72.00,19.00,0.2723,22.67,1,-1,2.5312,ACCEPT,0,1559,2144,15748,4,200,734,0,0,0,0
34,0,1,1,ACCEPT,8.8624,1.0847,397,-8,3,0.3602,162.45,249.34,31.76,37.54,145.00,251.00,66.00,16.00,0.2881,17.53,1,-1,2.6024,ACCEPT,0,1742,3032,13568,4,200,397,0,0,0,0
35,0,1,1,ACCEPT,11.4632,1.5502,417,-7,3,0.4029,158.95,251.09,30.54,36.09,139.50,250.00,65.00,12.00,0.2203,19.48,1,-1,2.4527,ACCEPT,0,1385,3102,14983,4,200,417,0,0,0,0
36,0,1,1,ACCEPT,13.5440,1.4775,492,-10,2,0.0854,154.19,252.22,30.54,36.09,139.50,251.50,63.00,13.00,0.2605,14.71,1,0,2.4476,ACCEPT,0,1445,3825,11426,4,200,492,0,0,0,0
37,0,1,1,ACCEPT,11.0463,1.1289,403,-10,2,0.3176,149.42,253.34,29.36,34.70,133.00,251.50,58.00,17.00,0.3006,16.53,1,-1,2.4935,ACCEPT,0,1257,3423,10774,4,200,403,0,0,0,0
38,0,1,1,ACCEPT,11.3206,1.0677,410,-1,1,0.6878,148.96,253.88,28.24,33.37,131.50,252.00,59.00,16.00,0.2851,17.56,1,-1,2.6033,ACCEPT,0,1353,3843,9499,4,200,410,0,0,0,0
39,0,1,1,ACCEPT,11.9159,1.3828,354,-1,2,0.6949,148.52,254.93,28.24,33.37,124.00,251.50,76.00,19.00,0.2816,24.76,1,-1,2.2504,OUT_OF_RANGE,0,957,2961,8252,4,200,354,0,0,0,0
40,0,1,1,ACCEPT,16.6355,2.4048,505,-1,1,0.7446,148.09,255.45,28.24,33.37,121.00,253.00,70.00,18.00,0.2196,27.20,1,-1,2.1490,OUT_OF_RANGE,0,1086,2936,9628,4,200,505,0,0,0,0
41,0,1,1,ACCEPT,18.6045,2.3213,643,1,2,0.6361,148.52,256.50,28.24,33.37,116.50,253.00,61.00,18.00,0.1250,32.21,1,-1,2.0565,OUT_OF_RANGE,0,1321,3133,8693,4,200,643,0,0,0,0
42,0,1,1,ACCEPT,25.2063,3.9225,1012,-1,0,0.9358,148.09,256.50,28.24,33.37,112.00,253.00,76.00,18.00,0.1427,36.26,1,-1,2.0360,OUT_OF_RANGE,0,1480,3228,9819,4,200,1012,0,0,0,0
43,0,1,1,ACCEPT,24.1122,4.5848,1270,3,0,0.4000,149.40,256.50,28.24,33.37,112.50,251.50,71.00,17.00,0.1119,37.24,1,-1,2.0140,OUT_OF_RANGE,0,1648,3195,12480,4,200,1270,0,0,0,0
44,0,1,1,ACCEPT,31.8614,5.2550,2102,2,0,0.5542,150.27,256.50,28.24,33.37,97.00,252.00,92.00,14.00,0.0449,53.46,1,-1,2.0429,OUT_OF_RANGE,0,2211,3666,12616,4,200,2102,0,0,0,0
45,0,1,1,ACCEPT,40.4710,6.7928,2459,2,0,0.4408,151.15,256.50,28.24,33.37,98.50,252.00,87.00,12.00,0.0310,52.84,1,-1,2.0159,OUT_OF_RANGE,0,2049,3667,14903,4,200,2459,0,0,0,0
46,0,1,1,ACCEPT,26.9952,4.6727,1799,3,1,0.4958,152.46,257.02,28.24,33.37,84.00,252.50,100.00,13.00,0.0000,68.61,1,-1,2.2490,OUT_OF_RANGE,0,2217,4574,9716,4,200,1799,0,0,0,0
47,0,1,1,ACCEPT,33.0612,5.4935,1692,4,1,0.1879,154.21,257.55,28.24,33.37,85.00,253.00,102.00,16.00,0.0000,69.36,1,-1,2.2623,OUT_OF_RANGE,0,1752,4789,10835,4,200,1692,0,0,0,0
48,0,1,1,ACCEPT,42.6819,7.5992,1877,2,-1,0.5280,155.09,257.02,28.24,33.37,74.50,253.50,107.00,13.00,0.0000,80.66,1,-1,2.1995,OUT_OF_RANGE,0,1484,4727,11213,4,200,1877,0,0,0,0
49,0,1,1,ACCEPT,49.8102,7.4925,2008,2,0,0.5324,155.96,257.02,28.24,33.37,73.00,252.50,100.00,13.00,0.0000,83.08,1,-1,2.2308,OUT_OF_RANGE,0,1435,4407,12411,4,200,2008,0,0,0,0
50,0,1,1,ACCEPT,55.3793,8.5854,2112,3,-1,0.2041,157.27,256.50,28.24,33.37,75.00,253.50,100.00,13.00,0.0000,82.33,1,-1,2.2159,OUT_OF_RANGE,0,1405,4415,10700,4,200,2112,0,0,0,0
51,0,1,1,ACCEPT,59.1922,8.1860,2112,5,-1,0.0218,159.46,255.98,28.24,33.37,70.00,254.00,96.00,14.00,0.0000,89.48,1,-1,2.1981,OUT_OF_RANGE,0,1267,4476,13242,4,200,2112,0,0,0,0
52,0,1,1,ACCEPT,66.4176,8.9030,2662,2,-1,0.5214,160.34,255.45,28.24,33.37,65.00,253.00,96.00,14.00,0.0000,95.37,1,-1,2.2608,OUT_OF_RANGE,0,1484,4277,14415,4,200,2662,0,0,0,0
53,0,1,1,ACCEPT,67.5124,10.0891,2492,2,0,0.7600,161.21,255.45,28.24,33.37,63.00,253.50,90.00,15.00,0.0000,98.23,1,-1,2.1628,OUT_OF_RANGE,0,1432,4136,15493,4,200,2492,0,0,0,0
54,0,1,1,ACCEPT,75.1377,11.6518,2610,1,-2,0.4295,161.65,254.41,28.24,33.37,55.50,252.50,93.00,13.00,0.0000,106.17,1,-1,1.9986,OUT_OF_RANGE,0,1332,4270,16506,4,200,2610,0,0,0,0
55,0,1,1,ACCEPT,81.7241,13.3467,2656,0,-2,0.6819,161.65,253.36,28.24,33.37,53.00,251.50,88.00,13.00,0.0000,108.66,1,-1,1.9468,OUT_OF_RANGE,0,1366,4177,18419,4,200,2656,0,0,0,0
56,0,1,1,ACCEPT,84.7828,11.6586,2903,1,-2,0.4785,162.09,252.31,28.24,33.37,50.00,250.50,84.00,13.00,0.0000,112.10,1,-2,1.9252,OUT_OF_RANGE,0,1311,4207,21545,4,200,2903,0,0,0,0
57,0,1,1,ACCEPT,82.5984,11.6615,2997,2,-3,0.2950,162.96,250.74,28.24,33.37,49.50,251.00,81.00,14.00,0.0000,113.46,1,-1,1.8631,OUT_OF_RANGE,0,1350,4286,22647,4,200,2997,0,0,0,0
58,0,1,1,ACCEPT,35.8476,5.5292,1891,1,-3,0.2977,163.40,249.17,28.24,33.37,42.50,250.00,71.00,14.00,0.0000,120.90,1,-1,2.2277,OUT_OF_RANGE,0,1577,4200,21162,4,200,1891,0,0,0,0
59,0,1,1,ACCEPT,42.3780,6.0173,2082,2,-2,0.2757,164.27,248.12,28.24,33.37,45.00,247.00,52.00,14.00,0.0000,119.28,1,-1,2.1541,OUT_OF_RANGE,0,1473,4209,22178,4,200,2082,0,0,0,0
60,0,1,1,ACCEPT,50.1123,7.2330,2452,1,-3,0.2883,164.71,246.55,28.24,33.37,43.50,246.50,51.00,11.00,0.0000,121.21,1,-1,2.2668,OUT_OF_RANGE,0,1759,4238,20150,4,200,2452,0,0,0,0
61,0,1,1,ACCEPT,53.6725,9.1873,2453,0,-4,0.2654,164.71,244.46,28.24,33.37,42.50,244.00,53.00,12.00,0.0000,122.21,1,-1,2.4357,OUT_OF_RANGE,0,1466,4146,18882,4,200,2453,0,0,0,0
62,0,1,1,ACCEPT,58.6762,9.8112,2443,1,0,0.7863,165.15,244.46,28.24,33.37,39.00,242.50,46.00,13.00,0.0000,126.16,1,-2,2.3654,OUT_OF_RANGE,0,1494,3847,21506,4,200,2443,0,0,0,0
63,0,1,1,ACCEPT,68.7290,11.0644,2578,3,-3,0.0656,166.46,242.89,28.24,33.37,36.50,241.00,45.00,14.00,0.0000,129.97,1,-1,2.0814,OUT_OF_RANGE,0,1525,4320,19327,4,200,2578,0,0,0,0
64,0,1,1,ACCEPT,68.6209,9.3860,2553,2,-3,0.1751,167.34,241.32,28.24,33.37,33.50,240.50,45.00,11.00,0.0000,133.84,1,-1,2.0961,OUT_OF_RANGE,0,1281,4381,23014,4,200,2553,0,0,0,0
65,0,1,1,ACCEPT,81.3308,12.4186,3204,1,-2,0.5481,167.77,240.27,28.24,33.37,32.00,240.00,46.00,14.00,0.0000,135.77,1,-1,2.0233,OUT_OF_RANGE,0,1573,4088,27283,4,200,3204,0,0,0,0
66,0,1,1,ACCEPT,79.8980,13.0308,3388,0,-2,0.5094,167.77,239.23,28.24,33.37,28.00,243.00,48.00,22.00,0.0000,139.82,1,-1,2.4077,OUT_OF_RANGE,0,1599,4011,28359,4,200,3388,0,0,0,0
67,0,1,1,ACCEPT,78.2674,9.9457,3481,3,-2,0.1402,169.09,238.18,28.24,33.37,28.00,241.00,48.00,20.00,0.0000,141.11,1,-1,2.3457,OUT_OF_RANGE,0,1599,3976,31141,4,200,3481,0,0,0,0
68,0,1,1,ACCEPT,88.2655,14.5000,3567,2,-3,0.1315,169.96,236.61,28.24,33.37,29.00,235.00,44.00,14.00,0.0000,140.97,1,-1,2.3001,OUT_OF_RANGE,0,1659,4019,32271,4,200,3567,0,0,0,0
69,0,1,1,ACCEPT,89.7531,14.3817,3466,1,-4,0.0958,170.40,234.52,28.24,33.37,29.00,234.00,42.00,14.00,0.0000,141.40,1,-1,2.3824,OUT_OF_RANGE,0,1625,4056,32657,4,200,3466,0,0,0,0
70,0,1,1,ACCEPT,42.3285,7.1220,2393,4,-3,0.1483,172.15,232.95,28.24,33.37,26.50,232.50,45.00,15.00,0.0000,145.65,1,-1,2.1579,OUT_OF_RANGE,0,2504,4097,21656,4,200,2393,0,0,0,0
71,0,1,1,ACCEPT,44.9392,7.5222,2031,2,-1,0.6302,173.02,232.42,28.24,33.37,27.00,231.00,40.00,18.00,0.0000,146.03,1,-1,2.2283,OUT_OF_RANGE,0,1717,4021,23903,4,200,2031,0,0,0,0
72,0,1,1,ACCEPT,47.9568,7.4192,2159,3,-1,0.4108,174.34,231.90,28.24,33.37,26.50,229.50,41.00,13.00,0.0000,147.86,1,-1,2.2905,OUT_OF_RANGE,0,1547,4084,22505,4,200,2159,0,0,0,0
73,0,1,1,ACCEPT,49.9064,7.8101,2015,4,-3,0.1320,176.09,230.33,28.24,33.37,29.00,228.00,42.00,14.00,0.0000,147.10,1,-1,2.1420,OUT_OF_RANGE,0,1442,4024,20242,4,200,2015,0,0,0,0
74,0,1,1,ACCEPT,59.7822,9.3519,2179,3,-1,0.4328,177.40,229.80,28.24,33.37,28.00,226.50,44.00,13.00,0.0000,149.43,1,-1,2.1273,OUT_OF_RANGE,0,1316,4042,20249,4,200,2179,0,0,0,0
75,0,1,1,ACCEPT,64.8890,9.9707,2044,6,-2,0.0514,180.02,228.76,28.24,33.37,29.50,226.00,41.00,14.00,0.0000,150.55,1,-1,2.1722,OUT_OF_RANGE,0,1218,4035,18403,4,200,2044,0,0,0,0
76,0,1,1,ACCEPT,71.2192,12.2188,1955,4,-2,0.1642,181.77,227.71,28.24,33.37,28.50,225.00,43.00,12.00,0.0000,153.30,1,-1,2.1538,OUT_OF_RANGE,0,1208,3820,20027,4,200,1955,0,0,0,0
77,0,1,1,ACCEPT,73.8410,12.8012,2189,4,-1,0.1517,183.52,227.19,28.24,33.37,30.00,224.00,44.00,12.00,0.0000,153.56,1,-1,2.1641,OUT_OF_RANGE,0,1422,3805,19291,4,200,2189,0,0,0,0
78,0,1,1,ACCEPT,74.7097,13.0787,2328,4,0,0.1808,185.27,227.19,28.24,33.37,30.00,222.00,48.00,14.00,0.0000,155.36,1,-1,2.0454,OUT_OF_RANGE,0,1218,3861,17754,4,200,2328,0,0,0,0
79,0,1,1,ACCEPT,80.6974,14.0643,2405,7,-2,0.0029,188.34,226.14,28.24,33.37,28.00,223.50,52.00,13.00,0.0000,160.36,1,-1,2.1760,OUT_OF_RANGE,0,1266,3870,16386,4,200,2405,0,0,0,0
80,0,1,1,ACCEPT,79.2049,14.0542,2333,5,-1,0.0900,190.52,225.62,28.24,33.37,28.50,223.50,51.00,13.00,0.0000,162.04,1,-1,2.1442,OUT_OF_RANGE,0,1274,3858,17027,4,200,2333,0,0,0,0
81,0,1,1,ACCEPT,80.9627,15.7163,2216,3,-2,0.2861,191.84,224.57,28.24,33.37,31.00,222.50,48.00,15.00,0.0000,160.85,1,-1,2.2852,OUT_OF_RANGE,0,1097,3992,16627,4,200,2216,0,0,0,0
82,0,1,1,ACCEPT,37.5625,5.6131,1538,5,-1,0.1404,194.02,224.05,28.24,33.37,28.00,222.00,52.00,14.00,0.0000,166.04,1,0,1.8331,LOW_CONF,0,1177,3326,16933,4,200,1538,0,0,0,0
83,0,1,1,ACCEPT,47.0169,7.3150,1858,5,0,0.0727,196.21,224.05,28.24,33.37,32.50,224.00,49.00,20.00,0.0000,163.71,1,0,2.0861,ACCEPT,0,1292,3396,17577,4,200,1858,0,0,0,0
84,0,1,1,ACCEPT,51.3148,8.3100,1903,5,-1,0.0478,198.40,223.52,28.24,33.37,33.50,224.50,51.00,19.00,0.0000,164.90,1,0,2.3592,ACCEPT,0,1249,3289,19499,4,200,1903,0,0,0,0
85,0,1,1,ACCEPT,52.2586,9.3015,1851,5,-1,0.1167,200.59,223.00,28.24,33.37,35.00,226.00,52.00,22.00,0.0000,165.61,1,0,2.5370,ACCEPT,0,1206,3263,18787,4,200,1851,0,0,0,0
86,0,1,1,ACCEPT,54.7918,9.1521,1986,3,0,0.5881,201.90,223.00,28.24,33.37,35.50,227.00,45.00,26.00,0.0000,166.45,1,0,2.6506,ACCEPT,0,1283,3393,17923,4,200,1986,0,0,0,0
87,0,1,1,ACCEPT,63.2513,8.5339,2014,5,-1,0.0586,204.09,222.48,28.24,33.37,37.50,227.00,51.00,24.00,0.0000,166.65,1,0,2.7236,ACCEPT,0,1163,3381,17765,4,200,2014,0,0,0,0
88,0,1,1,ACCEPT,68.5311,11.2169,1862,4,0,0.1987,205.84,222.48,28.24,33.37,43.00,225.50,42.00,23.00,0.0000,162.86,1,0,2.8276,ACCEPT,0,1116,3291,18237,4,200,1862,0,0,0,0
89,0,1,1,ACCEPT,71.5011,10.6557,1950,4,-1,0.1744,207.59,221.95,28.24,33.37,44.50,227.00,43.00,26.00,0.0000,163.16,1,0,2.8536,ACCEPT,0,1117,3266,21964,4,200,1950,0,0,0,0
90,0,1,1,ACCEPT,79.6354,11.2512,2329,5,-1,0.0588,209.77,221.43,28.24,33.37,45.50,227.50,41.00,25.00,0.0000,164.39,1,0,2.8749,ACCEPT,0,1180,3289,22523,4,200,2329,0,0,0,0
91,0,1,1,ACCEPT,75.6074,12.2281,2091,5,2,0.0072,211.96,222.48,28.24,33.37,47.00,227.00,42.00,24.00,0.0000,165.02,1,0,2.9170,ACCEPT,0,1119,3197,22919,4,200,2091,0,0,0,0
92,0,1,1,ACCEPT,78.4188,12.7135,2174,6,0,0.0419,214.59,222.48,28.24,33.37,48.00,230.50,42.00,29.00,0.0000,166.78,1,0,2.9993,ACCEPT,0,1254,3172,22994,4,200,2174,0,0,0,0
93,0,1,1,ACCEPT,90.6874,15.5676,2304,4,2,0.0547,216.34,223.52,28.24,33.37,50.00,230.00,42.00,30.00,0.0000,166.46,1,0,2.9522,ACCEPT,0,1127,3104,20424,4,200,2304,0,0,0,0
94,0,1,1,ACCEPT,36.1891,5.5364,1445,8,1,0.0291,219.84,224.05,28.24,33.37,48.00,233.00,36.00,34.00,0.0000,172.07,1,0,2.8602,ACCEPT,0,1436,2904,22303,4,200,1445,0,0,0,0
95,0,1,1,ACCEPT,40.5728,7.1038,1506,4,2,0.0969,221.59,225.09,28.24,33.37,49.50,235.00,37.00,34.00,0.0000,172.37,1,0,2.8636,ACCEPT,0,1292,2864,23036,4,200,1506,0,0,0,0
96,0,1,1,ACCEPT,54.4184,8.9561,1836,6,2,0.0289,224.21,226.14,28.24,33.37,54.50,238.00,39.00,40.00,0.0000,170.12,1,0,2.8639,ACCEPT,0,1284,3104,26647,4,200,1836,0,0,0,0
97,0,1,1,ACCEPT,63.2052,11.7474,2279,8,3,0.0197,227.71,227.71,28.24,33.37,56.50,238.00,41.00,36.00,0.0000,171.52,1,0,2.8912,ACCEPT,0,1359,3189,26892,4,200,2279,0,0,0,0
98,0,1,1,ACCEPT,61.8531,10.0122,2453,4,1,0.2393,229.46,228.23,28.24,33.37,57.00,240.00,44.00,40.00,0.0000,172.86,1,0,2.9849,ACCEPT,0,1533,3215,23333,4,200,2453,0,0,0,0
99,0,1,1,ACCEPT,69.0854,13.5707,2497,7,3,0.0072,232.52,229.80,28.24,33.37,59.00,239.00,42.00,38.00,0.0000,173.77,1,0,3.0031,ACCEPT,0,1410,3032,24726,4,200,2497,0,0,0,0
100,0,1,1,ACCEPT,73.4012,14.7674,2540,3,1,0.4858,233.84,230.33,28.24,33.37,60.50,239.00,41.00,44.00,0.0000,173.55,1,0,3.0237,ACCEPT,0,1482,2984,22112,4,200,2540,0,0,0,0
101,0,1,1,ACCEPT,78.2696,15.2147,2480,5,2,0.0339,236.02,231.38,28.24,33.37,60.50,240.00,43.00,40.00,0.0000,175.74,1,0,3.0010,ACCEPT,0,1418,2990,22731,4,200,2480,0,0,0,0
102,0,1,1,ACCEPT,84.1632,13.8681,2524,4,2,0.1490,237.77,232.42,28.24,33.37,61.50,240.50,41.00,37.00,0.0000,176.46,1,0,2.9531,ACCEPT,0,1363,3072,22028,4,200,2524,0,0,0,0
103,0,1,1,ACCEPT,79.7374,11.7352,2570,4,0,0.2463,239.52,232.42,28.24,33.37,63.00,241.50,40.00,35.00,0.0000,176.76,1,0,3.0618,ACCEPT,0,1316,3005,24777,4,200,2570,0,0,0,0
104,0,1,1,ACCEPT,82.4050,11.9633,2931,2,1,0.5162,240.40,232.95,28.24,33.37,63.50,241.00,41.00,32.00,0.0000,177.08,1,0,2.9949,ACCEPT,0,1511,2994,25309,4,200,2931,0,0,0,0
105,0,1,1,ACCEPT,94.5799,13.3303,2946,6,-2,0.0122,243.02,231.90,28.24,33.37,63.50,241.00,43.00,32.00,0.0000,179.75,1,0,3.0933,ACCEPT,0,1650,3167,26435,4,200,2946,0,0,0,0
106,0,1,1,ACCEPT,37.5957,5.5711,2234,3,-1,0.3823,244.34,231.38,28.24,33.37,64.00,240.00,44.00,32.00,0.0000,180.54,1,0,3.0313,ACCEPT,0,1961,4086,24285,4,200,2234,0,0,0,0
107,0,1,1,ACCEPT,47.6842,7.9179,2605,4,-1,0.1428,246.09,230.85,28.24,33.37,65.50,240.00,43.00,34.00,0.0000,180.82,1,0,3.0305,ACCEPT,0,1906,4124,22107,4,200,2605,0,0,0,0
108,0,1,1,ACCEPT,54.2750,10.3048,2772,3,-3,0.1728,247.40,229.28,28.24,33.37,67.00,241.50,42.00,37.00,0.0000,180.81,1,0,2.9894,ACCEPT,0,1876,3968,20318,4,200,2772,0,0,0,0
109,0,1,1,ACCEPT,62.7027,11.0472,2806,4,-2,0.1361,249.15,228.23,28.24,33.37,68.00,243.00,40.00,36.00,0.0000,181.75,1,0,2.9872,ACCEPT,0,1656,3919,21410,4,200,2806,0,0,0,0
110,0,1,1,ACCEPT,68.4856,11.3307,2844,1,-3,0.4891,249.59,226.66,28.24,33.37,68.00,241.50,40.00,33.00,0.0000,182.19,1,0,3.0186,ACCEPT,0,1719,4102,20438,4,200,2844,0,0,0,0
111,0,1,1,ACCEPT,67.4552,11.9867,2697,1,-3,0.3623,250.02,225.09,28.24,33.37,68.50,241.00,41.00,32.00,0.0000,182.22,1,0,2.9768,ACCEPT,0,1770,4055,22192,4,200,2697,0,0,0,0
112,0,1,1,ACCEPT,64.2496,10.6863,2896,3,-2,0.3094,251.34,224.05,28.24,33.37,68.00,241.00,42.00,36.00,0.0000,184.12,1,0,3.0119,ACCEPT,0,1863,4186,21115,4,200,2896,0,0,0,0
113,0,1,1,ACCEPT,77.1006,13.1516,3209,2,-4,0.1443,252.21,221.95,28.24,33.37,69.50,240.00,39.00,36.00,0.0000,183.60,1,0,3.0233,ACCEPT,0,1870,4099,21791,4,200,3209,0,0,0,0
114,0,1,1,ACCEPT,80.0264,13.1893,3205,1,-4,0.1498,252.65,219.86,28.24,33.37,69.50,239.00,39.00,36.00,0.0000,184.15,1,0,3.0700,ACCEPT,0,1819,4152,19658,4,200,3205,0,0,0,0
115,0,1,1,ACCEPT,72.6443,11.1190,2991,0,-4,0.2019,252.65,217.77,28.24,33.37,68.50,237.00,41.00,36.00,0.0000,185.15,1,0,3.0680,ACCEPT,0,1615,4096,18444,4,200,2991,0,0,0,0
116,0,1,1,ACCEPT,77.3180,12.2199,2945,2,-4,0.0774,253.52,215.67,28.24,33.37,69.00,236.00,42.00,36.00,0.0000,185.64,1,0,3.0718,ACCEPT,0,1594,4122,17525,4,200,2945,0,0,0,0
117,0,1,1,ACCEPT,81.2430,14.5936,2729,1,-4,0.0894,253.96,213.58,28.24,33.37,70.00,234.00,40.00,36.00,0.0000,185.09,1,0,3.0980,ACCEPT,0,1481,4167,18209,4,200,2729,0,0,0,0
118,0,1,1,ACCEPT,41.1259,6.8167,1711,2,-5,0.1426,254.84,210.96,28.24,33.37,69.50,233.50,41.00,35.00,0.0000,186.70,1,0,3.0049,ACCEPT,0,1523,3934,15584,4,200,1711,0,0,0,0
119,0,1,1,ACCEPT,44.4208,7.5312,1687,1,-3,0.4161,255.27,209.39,28.24,33.37,70.50,232.50,39.00,35.00,0.0000,186.21,1,0,3.0518,ACCEPT,0,1257,3598,17590,4,200,1687,0,0,0,0
120,0,1,1,ACCEPT,50.5692,10.1429,2059,3,-4,0.2467,256.59,207.30,28.24,33.37,70.50,231.50,39.00,35.00,0.0000,187.65,1,0,2.9761,ACCEPT,0,1490,3814,17452,4,200,2059,0,0,0,0
121,0,1,1,ACCEPT,55.0967,9.5776,2222,-2,-4,0.1139,255.71,205.20,28.24,33.37,71.00,230.50,38.00,35.00,0.0000,186.44,1,0,3.0880,ACCEPT,0,1640,3758,15796,4,200,2222,0,0,0,0
122,0,1,1,ACCEPT,63.0846,9.4728,2264,2,-4,0.1550,256.59,203.11,28.24,33.37,71.00,231.00,38.00,38.00,0.0000,187.67,1,0,3.0627,ACCEPT,0,1395,3996,16871,4,200,2264,0,0,0,0
123,0,1,1,ACCEPT,70.0503,12.4059,2506,0,-3,0.3049,256.59,201.54,28.24,33.37,70.50,230.00,39.00,38.00,0.0000,188.25,1,0,3.1114,ACCEPT,0,1570,3707,19817,4,200,2506,0,0,0,0
124,0,1,1,ACCEPT,76.7198,13.6010,2625,0,-4,0.1482,256.59,199.45,28.24,33.37,69.50,229.50,43.00,39.00,0.0000,189.48,1,0,3.0597,ACCEPT,0,1414,3695,20445,4,200,2625,0,0,0,0
125,0,1,1,ACCEPT,78.7757,14.6667,2552,0,-1,0.8801,256.59,198.92,28.24,33.37,70.00,230.00,42.00,40.00,0.0000,189.16,1,0,3.1299,ACCEPT,0,1462,3530,19995,4,200,2552,0,0,0,0
126,0,1,1,ACCEPT,78.7032,13.9939,2309,0,-5,0.0697,256.59,196.30,28.24,33.37,70.00,230.50,42.00,43.00,0.0000,189.69,1,0,3.1377,ACCEPT,0,1277,3875,21491,4,200,2309,0,0,0,0
127,0,1,1,ACCEPT,87.0513,16.6626,2716,0,-3,0.3549,256.59,194.73,28.24,33.37,68.00,229.00,42.00,42.00,0.0000,191.67,1,0,3.1607,ACCEPT,0,1317,3727,25565,4,200,2716,0,0,0,0
128,0,1,1,ACCEPT,86.3270,14.3015,2846,1,-4,0.1297,257.02,192.64,28.24,33.37,69.00,227.00,44.00,40.00,0.0000,191.14,1,0,3.1195,ACCEPT,0,1390,3844,29759,4,200,2846,0,0,0,0
129,0,1,1,ACCEPT,95.5242,17.1152,3269,2,-3,0.2530,257.90,191.07,28.24,33.37,68.50,228.00,45.00,44.00,0.0000,192.97,1,0,3.0712,ACCEPT,0,1421,3868,30028,4,200,3269,0,0,0,0
130,0,1,1,ACCEPT,34.5308,6.7782,1803,0,-1,0.8996,257.90,190.55,28.24,33.37,68.50,227.50,41.00,47.00,0.0000,192.97,1,0,3.1362,ACCEPT,0,1622,3851,29046,4,200,1803,0,0,0,0
131,0,1,1,ACCEPT,43.6409,7.9605,1815,1,-3,0.3140,258.34,188.98,28.24,33.37,68.50,229.00,41.00,50.00,0.0000,194.01,1,0,3.1320,ACCEPT,0,1450,4016,24138,4,200,1815,0,0,0,0
132,0,1,1,ACCEPT,47.4689,8.4730,1881,4,-2,0.1978,260.09,187.93,28.24,33.37,68.50,230.00,45.00,50.00,0.0000,196.15,1,0,3.0393,ACCEPT,0,1316,3837,22799,4,200,1881,0,0,0,0
133,0,1,1,ACCEPT,51.5440,8.1708,1961,1,-3,0.3549,260.52,186.36,28.24,33.37,69.00,227.00,44.00,46.00,0.0000,195.79,1,0,3.1140,ACCEPT,0,1438,3935,22273,4,200,1961,0,0,0,0
134,0,1,1,ACCEPT,57.4056,9.8148,2120,0,-2,0.6575,260.52,185.31,28.24,33.37,68.50,228.00,43.00,50.00,0.0000,196.71,1,0,3.1170,ACCEPT,0,1422,3899,21006,4,200,2120,0,0,0,0
135,0,1,1,ACCEPT,63.4414,11.2932,2157,2,-3,0.2967,261.40,183.74,28.24,33.37,68.50,228.50,43.00,51.00,0.0000,198.02,1,0,3.1388,ACCEPT,0,1335,4106,18015,4,200,2157,0,0,0,0
136,0,1,1,ACCEPT,63.4475,12.1091,1998,3,-4,0.0916,262.71,181.65,28.24,33.37,68.50,228.00,43.00,52.00,0.0000,199.67,1,0,3.0731,ACCEPT,0,1276,4237,16469,4,200,1998,0,0,0,0
137,0,1,1,ACCEPT,67.6108,12.6959,1879,0,-3,0.4082,262.71,180.08,28.24,33.37,69.00,226.50,40.00,49.00,0.0000,199.20,1,0,3.1148,ACCEPT,0,1121,4078,14281,4,200,1879,0,0,0,0
138,0,1,1,ACCEPT,63.9399,10.2436,1598,2,-3,0.2804,263.59,178.51,28.24,33.37,70.00,224.50,40.00,49.00,0.0000,198.97,1,0,3.1656,ACCEPT,0,1005,4081,12211,4,200,1598,0,0,0,0
139,0,1,1,ACCEPT,58.9654,9.2105,1225,2,-5,0.0898,264.46,175.89,28.24,33.37,71.00,223.50,38.00,49.00,0.0000,199.23,1,0,3.1616,ACCEPT,0,825,4268,11456,4,200,1225,0,0,0,0
140,0,1,1,ACCEPT,58.0050,10.8864,1437,4,-3,0.0237,266.21,174.32,28.24,33.37,71.50,222.50,39.00,49.00,0.0000,200.58,1,0,3.0212,ACCEPT,0,933,4055,14268,4,200,1437,0,0,0,0
141,0,1,1,ACCEPT,65.7603,11.2721,1657,3,-4,0.0887,267.52,172.23,28.24,33.37,72.50,221.50,39.00,51.00,0.0000,201.15,1,0,3.0604,ACCEPT,0,950,4126,11288,4,200,1657,0,0,0,0
142,0,1,1,ACCEPT,28.4128,5.3881,1083,1,-5,0.1551,267.96,169.61,28.24,33.37,73.00,224.50,40.00,59.00,0.0000,202.54,1,0,3.1280,ACCEPT,0,1555,4784,15885,4,200,1083,0,0,0,0
143,0,1,1,ACCEPT,36.3889,5.2433,1767,4,-6,0.0028,269.71,166.47,28.24,33.37,72.50,222.00,43.00,60.00,0.0000,204.88,1,0,3.0836,ACCEPT,0,1496,4946,12214,4,200,1767,0,0,0,0
144,0,1,1,ACCEPT,46.3847,6.9886,1838,1,-3,0.4619,270.15,164.90,28.24,33.37,72.50,220.50,43.00,61.00,0.0000,205.32,1,0,3.1213,ACCEPT,0,1452,4381,12363,4,200,1838,0,0,0,0
145,0,1,1,ACCEPT,52.8179,7.3387,1820,4,-6,0.0071,271.90,161.76,28.24,33.37,73.00,218.00,42.00,60.00,0.0000,206.70,1,0,3.1220,ACCEPT,0,1311,4951,12284,4,200,1820,0,0,0,0
146,0,1,1,ACCEPT,61.2428,9.8821,2095,3,-6,0.0100,273.21,158.62,28.24,33.37,73.00,219.00,40.00,60.00,0.0000,209.12,1,0,3.0478,ACCEPT,0,1307,4983,13461,4,200,2095,0,0,0,0
147,0,1,1,ACCEPT,70.2001,12.4611,2405,3,-5,0.0191,274.52,156.00,28.24,33.37,75.50,215.00,39.00,60.00,0.0000,207.58,1,0,3.0646,ACCEPT,0,1394,4881,14335,4,200,2405,0,0,0,0
148,0,1,1,ACCEPT,69.8063,11.5566,2554,2,-5,0.0959,275.40,153.38,28.24,33.37,75.50,214.00,37.00,62.00,0.0000,208.89,1,0,3.1197,ACCEPT,0,1475,4607,15404,4,200,2554,0,0,0,0
149,0,1,1,ACCEPT,74.7934,13.2222,2499,3,-4,0.0460,276.71,151.29,28.24,33.37,75.50,212.50,37.00,61.00,0.0000,210.32,1,0,3.0291,ACCEPT,0,1277,4519,15510,4,200,2499,0,0,0,0
150,0,1,1,ACCEPT,68.1742,10.9573,2312,0,-6,0.0035,276.71,148.15,28.24,33.37,75.50,212.00,35.00,60.00,0.0000,211.10,1,0,3.1449,ACCEPT,0,1336,4556,13517,4,200,2312,0,0,0,0
151,0,1,1,ACCEPT,63.6048,10.8462,2115,2,-4,0.0676,277.59,146.05,28.24,33.37,75.50,213.50,37.00,65.00,0.0000,213.04,1,0,3.1264,ACCEPT,0,1422,4200,13249,4,200,2115,0,0,0,0
152,0,1,1,ACCEPT,71.4757,12.1069,1925,1,-6,0.0130,278.02,142.91,28.24,33.37,75.50,211.50,37.00,65.00,0.0000,213.82,1,0,3.1331,ACCEPT,0,1173,4446,14408,4,200,1925,0,0,0,0
153,0,1,1,ACCEPT,79.4996,12.8101,2024,2,-5,0.0311,278.90,140.30,28.24,33.37,75.50,209.50,37.00,63.00,0.0000,214.85,1,0,3.1114,ACCEPT,0,1119,4406,15235,4,200,2024,0,0,0,0
154,0,1,1,ACCEPT,37.6411,4.4354,1202,1,-5,0.1564,279.34,137.68,28.24,33.37,75.50,212.00,35.00,68.00,0.0000,216.96,1,0,3.1142,ACCEPT,0,1099,4349,12907,4,200,1202,0,0,0,0
155,0,1,1,ACCEPT,47.9754,5.5061,1349,2,-6,0.0044,280.21,134.54,28.24,33.37,74.50,213.00,35.00,70.00,0.0000,220.17,1,0,2.9514,ACCEPT,0,990,4519,12826,4,200,1349,0,0,0,0
156,0,1,1,ACCEPT,54.9818,5.9617,1556,1,-6,0.0566,280.65,131.40,28.24,33.37,75.00,211.50,36.00,71.00,0.0000,220.70,1,0,2.9826,ACCEPT,0,979,4636,13818,4,200,1556,0,0,0,0
157,0,1,1,ACCEPT,56.4924,9.0800,1589,-1,-2,0.4909,280.21,130.35,28.24,33.37,75.50,212.00,35.00,74.00,0.0000,220.39,1,0,3.1057,ACCEPT,0,1108,4191,15933,4,200,1589,0,0,0,0
158,0,1,1,ACCEPT,67.6684,11.2000,1792,3,-6,0.0151,281.52,127.21,28.24,33.37,75.50,207.50,35.00,67.00,0.0000,221.12,1,0,3.0045,ACCEPT,0,997,4651,15067,4,200,1792,0,0,0,0
159,0,1,1,ACCEPT,65.0383,7.6024,1893,-1,-5,0.1627,281.09,124.59,28.24,33.37,74.50,209.50,35.00,71.00,0.0000,223.35,1,0,3.1413,ACCEPT,0,1079,4542,15913,4,200,1893,0,0,0,0
160,0,1,1,ACCEPT,69.6879,7.8217,2018,3,-5,0.0664,282.40,121.98,28.24,33.37,74.50,208.50,35.00,71.00,0.0000,225.18,1,0,2.9606,ACCEPT,0,1115,4562,15467,4,200,2018,0,0,0,0
161,0,1,1,ACCEPT,65.2523,9.4265,1989,2,-5,0.0588,283.27,119.36,28.24,33.37,76.00,209.50,34.00,73.00,0.0000,226.03,1,0,2.9181,ACCEPT,0,1246,4534,16012,4,200,1989,0,0,0,0
162,0,1,1,ACCEPT,66.3893,11.3560,2169,1,-4,0.1305,283.71,117.27,28.24,33.37,76.00,206.50,34.00,69.00,0.0000,226.07,1,0,2.9984,ACCEPT,0,1313,4410,15449,4,200,2169,0,0,0,0
163,0,1,1,ACCEPT,78.7776,11.3757,2150,1,-5,0.0405,284.15,114.65,28.24,33.37,77.00,205.50,34.00,67.00,0.0000,226.20,1,0,3.0932,ACCEPT,0,1207,4625,16044,4,200,2150,0,0,0,0
164,0,1,1,ACCEPT,88.3465,15.4056,2203,2,-6,0.0259,285.02,111.51,28.24,33.37,77.50,204.50,35.00,67.00,0.0000,227.41,1,0,3.0796,ACCEPT,0,1021,4666,16272,4,200,2203,0,0,0,0
165,0,1,1,ACCEPT,79.7809,12.7602,2182,1,-5,0.0192,285.46,108.89,28.24,33.37,75.50,204.50,37.00,67.00,0.0000,230.70,1,0,3.0769,ACCEPT,0,1115,4611,16341,4,200,2182,0,0,0,0
166,0,1,1,ACCEPT,40.6038,5.5110,1747,2,-4,0.0137,286.34,106.80,28.24,33.37,76.00,205.50,32.00,69.00,0.0000,232.34,1,0,2.9701,ACCEPT,0,1296,4474,20055,4,200,1747,0,0,0,0
167,0,1,1,ACCEPT,49.5170,9.3249,2210,1,-5,0.0195,286.77,104.18,28.24,33.37,76.00,207.00,32.00,72.00,0.0000,234.52,1,0,2.9826,ACCEPT,0,1450,4422,19948,4,200,2210,0,0,0,0
168,0,1,1,ACCEPT,58.0733,9.8036,2196,0,-3,0.2778,286.77,102.61,28.24,33.37,75.50,206.00,33.00,70.00,0.0000,235.21,1,0,3.1410,ACCEPT,0,1305,4284,23932,4,200,2196,0,0,0,0
169,0,1,1,ACCEPT,71.3183,11.0203,2711,2,-5,0.0325,287.65,99.99,28.24,33.37,76.50,207.50,33.00,67.00,0.0000,236.94,1,0,3.1264,ACCEPT,0,1442,4428,22628,4,200,2711,0,0,0,0
170,0,1,1,ACCEPT,66.3927,10.7013,2472,0,-4,0.1294,287.65,97.90,28.24,33.37,76.00,208.00,32.00,68.00,0.0000,238.57,1,0,3.1498,ACCEPT,0,1701,4232,24454,4,200,2472,0,0,0,0
171,0,1,1,ACCEPT,80.7258,9.8140,2532,2,-4,0.0194,288.52,95.80,28.24,33.37,75.50,208.50,33.00,67.00,0.0000,241.00,1,0,3.1353,ACCEPT,0,1279,4214,23958,4,200,2532,0,0,0,0
172,0,1,1,ACCEPT,80.0731,11.3934,2404,0,-4,0.0840,288.52,93.71,28.24,33.37,75.50,208.50,33.00,69.00,0.0000,241.98,1,0,3.1460,ACCEPT,0,1306,4255,21823,4,200,2404,0,0,0,0
173,0,1,1,ACCEPT,87.6909,14.9935,2294,0,-4,0.0676,288.52,91.62,28.24,33.37,74.00,209.00,36.00,70.00,0.0000,244.54,1,0,3.1689,ACCEPT,0,1112,4234,21330,4,200,2294,0,0,0,0
174,0,1,1,ACCEPT,96.3720,16.8201,2338,0,-3,0.2866,288.52,90.05,28.24,33.37,73.00,209.50,36.00,67.00,0.0000,246.41,1,0,3.1638,ACCEPT,0,1159,4050,21573,4,200,2338,0,0,0,0
175,0,1,1,ACCEPT,92.4090,16.9014,2400,0,-3,0.3217,288.52,88.48,28.24,33.37,72.50,208.00,37.00,64.00,0.0000,246.88,1,0,3.1523,ACCEPT,0,1184,3964,22974,4,200,2400,0,0,0,0
176,0,1,1,ACCEPT,87.6054,14.2727,2512,-1,-2,0.3889,288.09,87.43,28.24,33.37,70.50,208.50,33.00,65.00,0.0000,249.00,1,0,3.1266,ACCEPT,0,1187,3948,27056,4,200,2512,0,0,0,0
177,0,1,1,ACCEPT,96.6509,16.4062,3150,1,-3,0.1994,288.52,85.86,28.24,33.37,70.00,207.50,36.00,65.00,0.0000,250.10,1,0,2.9904,ACCEPT,0,1379,4072,25801,4,200,3150,0,0,0,0
178,0,1,1,ACCEPT,40.9877,7.0459,2304,-2,-5,0.0017,287.65,83.24,28.24,33.37,68.50,207.50,35.00,63.00,0.0000,251.92,1,0,3.0695,ACCEPT,0,1680,3992,21349,4,200,2304,0,0,0,0
179,0,1,1,ACCEPT,49.0153,8.6838,2527,0,-2,0.5904,287.65,82.20,28.24,33.37,67.00,207.00,34.00,62.00,0.0000,253.50,1,0,3.1110,ACCEPT,0,1661,3848,22006,4,200,2527,0,0,0,0
180,0,1,1,ACCEPT,60.1999,9.6140,2615,0,-4,0.1231,287.65,80.10,28.24,33.37,65.00,205.00,32.00,64.00,0.0000,255.29,1,0,3.1115,ACCEPT,0,1650,3997,19513,4,200,2615,0,0,0,0
181,0,1,1,ACCEPT,65.6766,10.9651,2511,0,-3,0.2214,287.65,78.53,28.24,33.37,63.50,209.00,31.00,68.00,0.0000,259.35,1,0,3.1299,ACCEPT,0,1307,3839,18567,4,200,2511,0,0,0,0
182,0,1,1,ACCEPT,66.7573,10.9673,2347,0,-5,0.0124,287.65,75.91,28.24,33.37,62.50,210.50,31.00,67.00,0.0000,262.31,1,0,3.0802,ACCEPT,0,1406,4104,17663,4,200,2347,0,0,0,0
183,0,1,1,ACCEPT,75.1593,12.3198,2427,0,-4,0.1669,287.65,73.82,28.24,33.37,60.00,209.50,34.00,69.00,0.0000,265.01,1,0,3.0857,ACCEPT,0,1255,3944,20479,4,200,2427,0,0,0,0
184,0,1,1,ACCEPT,73.6169,13.6162,2696,-1,-3,0.3023,287.21,72.25,28.24,33.37,60.00,208.00,34.00,66.00,0.0000,264.68,1,0,3.0205,ACCEPT,0,1359,3703,22331,4,200,2696,0,0,0,0
185,0,1,1,ACCEPT,88.3758,14.5234,3108,1,-3,0.2696,287.65,70.68,28.24,33.37,57.50,209.50,33.00,69.00,0.0000,268.77,1,0,2.9660,ACCEPT,0,1460,3715,22435,4,200,3108,0,0,0,0
186,0,1,1,ACCEPT,82.0211,14.0714,2955,-2,-5,0.0220,286.77,68.06,28.24,33.37,56.50,209.00,33.00,64.00,0.0000,269.98,1,0,3.0566,ACCEPT,0,1564,3820,22934,4,200,2955,0,0,0,0
187,0,1,1,ACCEPT,89.7367,14.1517,2986,0,-4,0.1896,286.77,65.97,28.24,33.37,55.50,209.00,33.00,64.00,0.0000,271.93,1,0,3.0861,ACCEPT,0,1412,3727,22957,4,200,2986,0,0,0,0
188,0,1,1,ACCEPT,92.7914,15.2604,2930,-1,-3,0.2208,286.34,64.40,28.24,33.37,54.00,210.50,32.00,65.00,0.0000,274.46,1,0,3.1398,ACCEPT,0,1459,3728,23479,4,200,2930,0,0,0,0
189,0,1,1,ACCEPT,83.8165,12.2544,2794,1,-2,0.7065,286.77,63.35,29.36,34.70,53.50,208.00,33.00,64.00,0.0000,274.48,1,1,2.9612,ACCEPT,0,1363,3605,24244,4,200,2794,0,0,0,0
190,0,1,1,ACCEPT,39.7653,6.4020,1927,-3,-3,0.0877,285.39,61.73,29.36,34.70,51.00,209.00,30.00,60.00,0.0000,276.81,1,0,3.1675,ACCEPT,0,1963,3578,26404,4,200,1927,0,0,0,0
191,0,1,1,ACCEPT,45.7409,6.6077,2240,1,-4,0.1964,285.85,59.58,29.36,34.70,50.00,210.00,30.00,62.00,0.0000,279.74,1,0,3.1401,ACCEPT,0,1705,3757,24771,4,200,2240,0,0,0,0
192,0,1,1,ACCEPT,46.3266,8.2705,2415,-2,-4,0.0741,284.93,57.42,29.36,34.70,48.00,209.50,32.00,63.00,0.0000,281.54,1,0,3.1709,ACCEPT,0,1782,3711,21545,4,200,2415,0,0,0,0
193,0,1,1,ACCEPT,53.4278,9.1151,2297,-1,-1,0.8115,284.47,56.88,29.36,34.70,45.50,210.50,33.00,61.00,0.0000,284.09,1,0,3.1696,ACCEPT,0,1579,3661,26880,4,200,2297,0,0,0,0
194,0,1,1,ACCEPT,61.3165,8.7264,2871,0,-4,0.1564,284.47,54.73,29.36,34.70,46.00,211.00,32.00,60.00,0.0000,285.11,1,0,3.1342,ACCEPT,0,1696,3857,26655,4,200,2871,0,0,0,0
195,0,1,1,ACCEPT,58.5877,9.8026,2980,0,-2,0.5101,284.47,53.65,29.36,34.70,45.50,211.50,35.00,59.00,0.0000,286.40,1,0,3.0852,ACCEPT,0,1848,3534,27200,4,200,2980,0,0,0,0
196,0,1,1,ACCEPT,64.6626,11.2846,2776,-2,-3,0.2323,283.55,52.03,29.36,34.70,43.50,212.00,33.00,60.00,0.0000,288.47,1,0,3.1185,ACCEPT,0,2061,3466,26655,4,200,2776,0,0,0,0
197,0,1,1,ACCEPT,61.3070,11.9454,2843,-4,-2,0.0967,281.70,50.95,29.36,34.70,42.00,210.50,34.00,63.00,0.0000,287.95,1,0,3.1893,ACCEPT,0,2184,3281,27715,4,200,2843,0,0,0,0
198,0,1,1,ACCEPT,69.1926,12.4185,2819,-1,-3,0.2710,281.24,49.34,29.36,34.70,40.50,211.50,33.00,63.00,0.0000,290.27,1,0,3.1776,ACCEPT,0,1624,3558,25720,4,200,2819,0,0,0,0
199,0,1,1,ACCEPT,68.2022,13.6419,2933,0,-2,0.5527,281.24,48.26,29.36,34.70,40.00,212.00,34.00,60.00,0.0000,291.56,1,0,3.1282,ACCEPT,0,1659,3871,24818,4,200,2933,0,0,0,0
200,0,1,1,ACCEPT,70.5433,11.1575,2834,-2,-4,0.0713,280.32,46.10,29.36,34.70,37.50,213.50,37.00,61.00,0.0000,294.93,1,0,3.1881,ACCEPT,0,1550,3932,22598,4,200,2834,0,0,0,0
0,0,0,0,ZERO_RESPONSE,0.0000,0.0000,0,0,0,0.0000,228.50,194.50,55.00,97.00,228.50,194.50,55.00,97.00,1.0000,0.00,1,0,0.0000,NOT_RUN,0,0,7570,7380,5,300,0,0,0,0,0
1,0,1,1,ACCEPT,90.2141,14.3478,330,0,-1,0.8333,228.50,192.98,55.00,97.00,228.00,188.50,56.00,91.00,0.8939,4.51,1,0,3.3218,ACCEPT,0,163,7191,4346,5,300,330,0,0,0,0
2,0,1,1,ACCEPT,37.7747,6.1667,259,0,-1,0.9382,228.50,191.47,55.00,97.00,230.50,202.50,55.00,57.00,0.5544,11.21,1,0,3.2234,ACCEPT,0,222,7348,5762,5,300,259,0,0,0,0
3,0,1,1,ACCEPT,34.6826,6.2537,419,0,0,1.0000,228.50,191.47,55.00,97.00,230.50,198.00,55.00,64.00,0.6209,6.83,1,0,2.9670,ACCEPT,0,368,6787,8125,5,300,419,0,0,0,0
4,0,1,1,ACCEPT,31.4281,3.0089,677,0,0,1.0000,228.50,191.47,55.00,97.00,230.00,198.50,54.00,59.00,0.5797,7.19,1,0,2.7399,ACCEPT,0,613,6595,8258,5,300,677,0,0,0,0
5,0,1,1,ACCEPT,31.0577,2.5693,704,-1,0,0.9545,227.64,191.47,52.88,93.27,230.50,196.00,57.00,62.00,0.6166,5.36,1,-1,2.6909,ACCEPT,0,623,6307,8056,5,300,704,0,0,0,0
6,0,1,1,ACCEPT,28.7069,2.9076,692,0,-1,0.9639,227.64,190.01,52.88,93.27,231.00,195.00,56.00,60.00,0.5863,6.02,1,0,2.8103,ACCEPT,0,793,6285,7571,5,300,692,0,0,0,0
7,0,1,1,ACCEPT,31.6888,3.9892,738,-1,0,0.9553,226.81,190.01,52.88,93.27,230.50,191.00,55.00,66.00,0.6323,3.82,1,0,2.8190,ACCEPT,0,804,6019,7527,5,300,738,0,0,0,0
8,0,1,1,ACCEPT,31.7986,4.6125,738,1,0,0.9688,227.64,190.01,52.88,93.27,230.50,190.00,55.00,66.00,0.6495,2.86,1,0,2.8062,ACCEPT,0,767,5693,6350,5,300,738,0,0,0,0
9,0,1,1,ACCEPT,28.6020,4.2532,672,0,1,0.9896,227.64,191.47,52.88,93.27,231.50,190.00,55.00,66.00,0.6288,4.13,1,0,2.7240,ACCEPT,0,769,5512,8189,5,300,672,0,0,0,0
10,0,1,1,ACCEPT,28.9299,4.8647,827,-1,0,0.9383,226.81,191.47,52.88,93.27,232.00,188.50,56.00,67.00,0.6129,5.98,1,0,2.6803,ACCEPT,0,921,5097,9312,5,300,827,0,0,0,0
11,0,1,1,ACCEPT,29.2106,5.2000,884,0,0,1.0000,226.81,191.47,52.88,93.27,232.00,188.50,58.00,65.00,0.6009,5.98,1,0,2.5222,ACCEPT,0,999,4861,8992,5,300,884,0,0,0,0
12,0,1,1,ACCEPT,31.0876,5.6013,857,1,1,0.8926,227.64,192.93,52.88,93.27,232.00,188.00,56.00,66.00,0.6210,6.58,1,0,2.4149,ACCEPT,0,950,4523,9770,5,300,857,0,0,0,0
13,0,1,1,ACCEPT,35.1761,5.5529,944,0,0,1.0000,227.64,192.93,52.88,93.27,231.00,189.00,54.00,66.00,0.6368,5.17,1,0,2.3566,ACCEPT,0,896,4405,11242,5,300,944,0,0,0,0
14,0,1,1,ACCEPT,28.5587,4.0909,810,0,1,0.9185,227.64,194.39,52.88,93.27,232.50,172.50,53.00,97.00,0.5375,22.42,1,0,2.1838,ACCEPT,0,973,3890,11064,5,300,810,0,0,0,0
15,0,1,1,ACCEPT,30.2754,4.2227,891,2,1,0.6218,229.30,195.85,52.88,93.27,234.50,172.50,51.00,97.00,0.5142,23.92,1,0,2.1755,ACCEPT,0,1089,3525,12222,5,300,891,0,0,0,0
16,0,1,1,ACCEPT,31.5403,4.6900,938,3,0,0.4179,231.78,195.85,52.88,93.27,236.50,170.00,51.00,102.00,0.5026,26.28,1,0,2.2056,ACCEPT,0,1068,3212,12636,5,300,938,0,0,0,0
17,0,1,1,ACCEPT,33.0369,5.0489,929,1,1,0.8934,232.61,197.31,52.88,93.27,238.00,170.50,50.00,97.00,0.4741,27.35,1,0,2.0179,ACCEPT,0,1033,2909,11891,5,300,929,0,0,0,0
18,0,1,1,ACCEPT,27.8037,3.7877,803,1,0,0.8331,233.44,197.31,52.88,93.27,241.00,167.00,48.00,102.00,0.4159,31.24,1,0,1.9212,LOW_CONF,0,1054,2219,14327,5,300,803,0,0,0,0
19,0,1,1,ACCEPT,30.3266,4.7751,807,3,0,0.3705,235.92,197.31,52.88,93.27,243.50,166.00,47.00,102.00,0.4062,32.22,1,0,2.2043,ACCEPT,0,910,2052,12899,5,300,807,0,0,0,0
20,0,1,1,ACCEPT,33.6090,5.8409,771,1,0,0.9326,236.75,197.31,52.88,93.27,246.50,164.50,47.00,101.00,0.3644,34.23,1,0,2.2696,ACCEPT,0,771,1935,12852,5,300,771,0,0,0,0
21,0,1,1,ACCEPT,31.8397,5.2464,724,0,0,1.0000,236.75,197.31,52.88,93.27,248.50,161.50,45.00,109.00,0.3280,37.69,1,0,2.3382,ACCEPT,0,744,1788,15710,5,300,724,0,0,0,0
22,0,1,1,ACCEPT,36.9126,5.5479,810,0,2,0.7790,236.75,200.23,52.88,93.27,251.00,161.50,46.00,109.00,0.2833,41.27,1,0,2.5471,ACCEPT,0,756,1690,14914,5,300,810,0,0,0,0
23,0,1,1,ACCEPT,41.3118,6.5194,841,0,0,1.0000,236.75,200.23,52.88,93.27,254.50,156.50,41.00,109.00,0.2169,47.20,1,0,2.5968,ACCEPT,0,716,1471,16300,5,300,841,0,0,0,0
24,0,1,1,ACCEPT,44.7497,6.8750,990,0,-1,0.8879,236.75,198.77,52.88,93.27,256.50,155.50,43.00,105.00,0.2000,47.57,1,0,2.4880,ACCEPT,0,789,1584,16691,5,300,990,0,0,0,0
25,0,1,1,ACCEPT,50.4397,6.9474,1056,1,-1,0.9034,237.58,197.31,52.88,93.27,254.50,153.50,39.00,107.00,0.2188,46.97,1,0,2.5666,ACCEPT,0,798,1492,16771,5,300,1056,0,0,0,0
26,0,1,1,ACCEPT,39.1179,4.6172,965,-1,0,0.8632,236.75,197.31,52.88,93.27,256.00,150.50,40.00,107.00,0.1868,50.62,1,0,2.5849,ACCEPT,0,1025,1876,19429,5,300,965,0,0,0,0
27,0,1,1,ACCEPT,46.7031,6.8253,1133,0,-1,0.8994,236.75,195.85,52.88,93.27,256.50,149.00,37.00,106.00,0.1767,50.84,1,0,2.6792,ACCEPT,0,888,1770,20749,5,300,1133,0,0,0,0
28,0,1,1,ACCEPT,49.1806,6.4088,1160,1,-2,0.7293,237.58,192.93,52.88,93.27,256.00,144.50,42.00,103.00,0.1846,51.82,1,0,2.7002,ACCEPT,0,882,1929,25524,5,300,1160,0,0,0,0
29,0,1,1,ACCEPT,54.9528,5.3147,1334,-1,-2,0.5277,236.75,190.01,52.88,93.27,255.50,140.00,37.00,108.00,0.1744,53.41,1,0,2.7204,ACCEPT,0,972,1724,28465,5,300,1334,0,0,0,0
30,0,1,1,ACCEPT,59.8126,7.1699,1477,-1,-4,0.2844,235.92,184.16,52.88,93.27,258.00,138.00,36.00,100.00,0.1525,51.17,1,0,2.7635,ACCEPT,0,1094,1728,29400,5,300,1477,0,0,0,0
31,0,1,1,ACCEPT,61.2851,7.4524,1565,1,-2,0.5629,236.75,181.24,52.88,93.27,259.50,129.00,39.00,96.00,0.1278,56.98,1,0,2.8748,ACCEPT,0,1110,1654,32567,5,300,1565,0,0,0,0
32,0,1,1,ACCEPT,65.3629,9.5363,1707,0,-2,0.5970,236.75,178.32,52.88,93.27,259.50,129.00,39.00,98.00,0.1399,54.31,1,0,2.9104,ACCEPT,0,1168,1565,32767,5,300,1707,0,0,0,0
33,0,1,1,ACCEPT,62.7954,9.1285,1634,0,-2,0.5459,236.75,175.40,52.88,93.27,257.50,121.00,39.00,98.00,0.1346,58.22,1,0,2.9186,ACCEPT,0,1063,1752,32767,5,300,1634,0,0,0,0
34,0,1,1,ACCEPT,64.0212,9.0457,1782,-1,-4,0.2402,235.92,169.55,52.88,93.27,255.00,117.00,46.00,98.00,0.1608,55.91,1,0,2.9063,ACCEPT,0,1113,1923,32767,5,300,1782,0,0,0,0
35,0,1,1,ACCEPT,61.7595,8.1733,1651,1,-3,0.2913,236.75,165.17,52.88,93.27,257.00,108.00,48.00,102.00,0.1419,60.65,1,0,2.8453,ACCEPT,0,1026,1758,32767,5,300,1651,0,0,0,0
36,0,1,1,ACCEPT,57.4525,7.1528,1545,-2,-2,0.5133,235.09,162.25,52.88,93.27,256.50,108.00,47.00,104.00,0.1481,58.32,1,0,2.7839,ACCEPT,0,1065,1751,32767,5,300,1545,0,0,0,0
37,0,1,1,ACCEPT,61.9360,8.2474,1600,-2,-2,0.5212,233.44,159.33,52.88,93.27,254.50,106.00,41.00,100.00,0.1417,57.34,1,0,2.6946,ACCEPT,0,1052,1703,32767,5,300,1600,0,0,0,0
38,0,1,1,ACCEPT,36.1618,4.5846,1247,-2,-1,0.5605,231.78,157.87,52.88,93.27,254.50,87.00,43.00,78.00,0.0471,74.42,1,0,2.6360,ACCEPT,0,1054,1847,32767,5,300,1247,0,0,0,0
39,0,1,1,ACCEPT,40.5202,5.8864,1295,-4,-2,0.1552,228.47,154.95,52.88,93.27,249.50,84.50,47.00,81.00,0.0584,73.52,1,0,2.5022,ACCEPT,0,1050,1694,32767,5,300,1295,0,0,0,0
40,0,1,1,ACCEPT,40.5208,4.8876,1217,0,-2,0.7609,228.47,152.02,52.88,93.27,253.50,84.50,53.00,87.00,0.0708,72.01,1,0,2.4671,ACCEPT,0,942,1675,32767,5,300,1217,0,0,0,0
41,0,1,1,ACCEPT,42.8816,4.9620,1176,-1,0,0.9702,227.64,152.02,52.88,93.27,252.50,84.00,53.00,88.00,0.0709,72.42,1,0,2.6533,ACCEPT,0,927,1798,32767,5,300,1176,0,0,0,0
42,0,1,1,ACCEPT,38.0973,4.6212,1220,-2,1,0.6025,225.98,153.48,52.88,93.27,250.00,87.00,56.00,92.00,0.0857,70.69,1,0,2.7036,ACCEPT,0,1043,1786,30926,5,300,1220,0,0,0,0
43,0,1,1,ACCEPT,37.5879,5.5321,1206,-1,2,0.5896,225.16,156.41,52.88,93.27,252.00,90.00,54.00,90.00,0.0736,71.63,1,0,2.8617,ACCEPT,0,1058,1822,22569,5,300,1206,0,0,0,0
44,0,1,1,ACCEPT,33.9926,5.4181,959,-1,1,0.7998,224.33,157.87,52.88,93.27,249.00,89.50,52.00,91.00,0.0733,72.68,1,0,2.9153,ACCEPT,0,968,1946,21621,5,300,959,0,0,0,0
45,0,1,1,ACCEPT,32.6721,5.6772,1073,-1,1,0.7931,223.50,159.33,52.88,93.27,252.50,92.00,53.00,90.00,0.0638,73.31,1,0,2.8262,ACCEPT,0,1112,1991,18954,5,300,1073,0,0,0,0
46,0,1,1,ACCEPT,38.2303,6.8434,1136,-2,2,0.3979,221.84,162.25,52.88,93.27,246.50,95.00,59.00,94.00,0.0855,71.63,1,0,2.9697,ACCEPT,0,1037,2285,18433,5,300,1136,0,0,0,0
47,0,1,1,ACCEPT,36.3516,5.9784,1106,0,1,0.8183,221.84,163.71,52.88,93.27,247.50,97.00,59.00,96.00,0.0867,71.47,1,0,2.9125,ACCEPT,0,1071,2148,18239,5,300,1106,0,0,0,0
48,0,1,1,ACCEPT,39.4228,6.5291,1123,0,2,0.6224,221.84,166.63,52.88,93.27,248.50,102.00,61.00,98.00,0.0942,69.91,1,0,2.9492,ACCEPT,0,1062,2187,18481,5,300,1123,0,0,0,0
49,0,1,1,ACCEPT,42.5961,6.7200,1176,0,2,0.5842,221.84,169.55,55.00,97.00,244.50,107.00,51.00,96.00,0.1119,66.53,1,1,2.9295,ACCEPT,0,1039,2348,17139,5,300,1176,0,0,0,0
50,0,1,1,ACCEPT,21.7692,2.7447,774,-1,2,0.6796,220.98,172.59,55.00,97.00,245.50,111.00,57.00,92.00,0.1086,66.29,1,0,2.9446,ACCEPT,0,1316,2729,17523,5,300,774,0,0,0,0
51,0,1,1,ACCEPT,25.3713,3.2382,1033,0,2,0.7861,220.98,175.62,55.00,97.00,244.50,114.00,55.00,92.00,0.1106,65.95,1,0,2.9544,ACCEPT,0,1463,2714,16164,5,300,1033,0,0,0,0
52,0,1,1,ACCEPT,27.9885,3.5645,1105,0,1,0.9240,220.98,177.13,55.00,97.00,245.50,117.00,55.00,96.00,0.1166,64.94,1,0,2.8126,ACCEPT,0,1386,2632,15548,5,300,1105,0,0,0,0
53,0,1,1,ACCEPT,30.0325,4.2405,1111,1,1,0.9055,221.84,178.65,55.00,97.00,247.00,116.50,60.00,97.00,0.1124,67.05,1,0,2.8875,ACCEPT,0,1325,2599,14073,5,300,1111,0,0,0,0
54,0,1,1,ACCEPT,32.9836,4.7745,1122,1,0,0.8708,222.70,178.65,55.00,97.00,251.50,117.00,63.00,98.00,0.1039,68.04,1,0,2.7718,ACCEPT,0,1239,2536,12985,5,300,1122,0,0,0,0
55,0,1,1,ACCEPT,34.1616,6.0319,1134,1,0,0.9312,223.56,178.65,55.00,97.00,249.50,118.00,63.00,98.00,0.1184,65.96,1,0,2.7287,ACCEPT,0,1182,2623,13575,5,300,1134,0,0,0,0
56,0,1,1,ACCEPT,37.5061,7.1302,1205,1,1,0.7527,224.42,180.16,55.00,97.00,253.00,118.50,64.00,97.00,0.1046,67.96,1,0,2.8405,ACCEPT,0,1117,2590,14347,5,300,1205,0,0,0,0
57,0,1,1,ACCEPT,39.7373,7.6013,1163,2,1,0.4153,226.14,181.68,55.00,97.00,255.00,119.00,68.00,104.00,0.1105,69.00,1,0,2.8863,ACCEPT,0,1072,2604,13306,5,300,1163,0,0,0,0
58,0,1,1,ACCEPT,46.3146,8.7078,1341,0,1,0.8620,226.14,183.20,55.00,97.00,254.50,121.00,63.00,102.00,0.1077,68.36,1,0,2.8889,ACCEPT,0,1043,2834,12903,5,300,1341,0,0,0,0
59,0,1,1,ACCEPT,48.4178,9.6000,1344,-1,1,0.7954,225.28,184.71,55.00,97.00,256.00,118.50,68.00,105.00,0.0939,72.99,1,0,2.9065,ACCEPT,0,996,2942,12040,5,300,1344,0,0,0,0
60,0,1,1,ACCEPT,50.6784,9.3624,1395,0,1,0.9892,225.28,186.23,55.00,97.00,254.00,120.50,64.00,101.00,0.0951,71.73,1,0,2.9852,ACCEPT,0,1003,2792,12717,5,300,1395,0,0,0,0
61,0,1,1,ACCEPT,56.5840,10.8971,1482,1,1,0.9015,226.14,187.74,55.00,97.00,256.00,121.50,66.00,103.00,0.0932,72.66,1,0,2.9998,ACCEPT,0,977,2742,14122,5,300,1482,0,0,0,0
62,0,1,1,ACCEPT,40.3785,7.2296,1417,0,0,1.0000,226.14,187.74,52.88,93.27,254.50,124.50,63.00,99.00,0.0954,69.31,1,-1,2.9564,ACCEPT,0,1178,3360,11378,5,300,1417,0,0,0,0
63,0,1,1,ACCEPT,45.6350,8.5652,1379,1,1,0.8006,226.97,189.20,52.88,93.27,256.00,126.50,64.00,97.00,0.0936,69.10,1,0,3.0534,ACCEPT,0,1058,3341,11082,5,300,1379,0,0,0,0
64,0,1,1,ACCEPT,47.5449,7.2236,1163,1,1,0.7438,227.80,190.66,52.88,93.27,256.50,126.50,61.00,101.00,0.0916,70.29,1,0,3.0506,ACCEPT,0,932,3427,8588,5,300,1163,0,0,0,0
65,0,1,1,ACCEPT,51.8193,8.8198,979,0,1,0.8590,227.80,192.12,52.88,93.27,256.00,121.00,60.00,114.00,0.0846,76.51,1,0,3.1351,ACCEPT,0,698,3414,9688,5,300,979,0,0,0,0
66,0,1,1,ACCEPT,55.2637,9.0763,1071,0,2,0.5593,227.80,195.05,52.88,93.27,256.50,124.00,63.00,116.00,0.0872,76.63,1,0,3.0844,ACCEPT,0,742,3718,9503,5,300,1071,0,0,0,0
67,0,1,1,ACCEPT,51.2897,8.4524,1065,-1,2,0.5352,226.97,197.97,52.88,93.27,257.00,126.00,62.00,110.00,0.0743,77.98,1,0,3.0703,ACCEPT,0,760,3932,9594,5,300,1065,0,0,0,0
68,0,1,1,ACCEPT,48.9310,6.1333,1104,0,3,0.4783,226.97,202.35,52.88,93.27,255.50,131.00,61.00,114.00,0.0836,76.84,1,0,2.9479,ACCEPT,0,750,3641,9456,5,300,1104,0,0,0,0
69,0,1,1,ACCEPT,49.0102,5.8351,1132,-2,2,0.4390,225.31,205.27,52.88,93.27,252.50,140.00,61.00,106.00,0.0985,70.71,1,0,2.9989,ACCEPT,0,834,3774,8295,5,300,1132,0,0,0,0
70,0,1,1,ACCEPT,50.6083,7.6133,1142,-3,3,0.3643,222.83,209.66,52.88,93.27,249.00,143.00,58.00,102.00,0.0912,71.61,1,0,2.9547,ACCEPT,0,784,3988,8355,5,300,1142,0,0,0,0
71,0,1,1,ACCEPT,52.7630,8.2617,1231,-2,1,0.5329,221.17,211.12,52.88,93.27,247.50,144.50,57.00,101.00,0.0890,71.63,1,0,2.9106,ACCEPT,0,836,3770,9925,5,300,1231,0,0,0,0
72,0,1,1,ACCEPT,53.1059,7.5361,1251,-2,2,0.5300,219.52,214.04,52.88,93.27,245.00,146.00,56.00,102.00,0.0876,72.66,1,0,2.9171,ACCEPT,0,829,3788,10862,5,300,1251,0,0,0,0
73,0,1,1,ACCEPT,54.8786,5.1617,1373,-2,1,0.5462,217.86,215.50,52.88,93.27,243.50,151.00,57.00,100.00,0.0972,69.41,1,0,2.9443,ACCEPT,0,898,3657,11872,5,300,1373,0,0,0,0
74,0,1,1,ACCEPT,39.6476,4.1908,1098,-2,0,0.7158,216.20,215.50,50.85,89.68,242.50,151.50,57.00,95.00,0.0852,69.19,1,-1,2.9404,ACCEPT,0,960,3874,10523,5,300,1098,0,0,0,0
75,0,1,1,ACCEPT,43.1952,4.2500,1037,0,0,1.0000,216.20,215.50,50.85,89.68,240.00,152.00,56.00,98.00,0.0983,67.81,1,0,3.1438,ACCEPT,0,810,3748,12306,5,300,1037,0,0,0,0
76,0,1,1,ACCEPT,50.7891,5.5726,1304,-1,1,0.8535,215.41,216.90,50.85,89.68,239.50,152.00,55.00,96.00,0.0892,69.23,1,0,3.1500,ACCEPT,0,949,3835,14340,5,300,1304,0,0,0,0
77,0,1,1,ACCEPT,55.3215,6.5811,1461,-1,1,0.8412,214.61,218.30,50.85,89.68,236.50,153.50,59.00,95.00,0.0983,68.39,1,0,3.1792,ACCEPT,0,947,3737,14807,5,300,1461,0,0,0,0
78,0,1,1,ACCEPT,60.4620,8.8304,1510,-2,1,0.6828,213.02,219.70,50.85,89.68,236.50,153.50,57.00,91.00,0.0816,70.24,1,0,3.0455,ACCEPT,0,964,3785,15168,5,300,1510,0,0,0,0
79,0,1,1,ACCEPT,59.7375,6.5294,1443,1,0,0.9965,213.81,219.70,50.85,89.68,237.50,152.50,55.00,91.00,0.0761,71.25,1,0,3.1838,ACCEPT,0,922,3412,15023,5,300,1443,0,0,0,0
80,0,1,1,ACCEPT,64.3109,7.8112,1531,-1,1,0.7524,213.02,221.09,50.85,89.68,237.00,155.00,54.00,92.00,0.0798,70.31,1,0,3.1723,ACCEPT,0,896,3810,14672,5,300,1531,0,0,0,0
81,0,1,1,ACCEPT,64.9873,10.9739,1679,-1,2,0.6087,212.22,223.89,50.85,89.68,236.50,156.50,53.00,93.00,0.0750,71.63,1,0,3.1394,ACCEPT,0,988,3778,14308,5,300,1679,0,0,0,0
82,0,1,1,ACCEPT,66.1678,9.1066,1794,0,2,0.6176,212.22,226.69,50.85,89.68,234.50,158.50,55.00,93.00,0.0791,71.74,1,0,3.1792,ACCEPT,0,1099,3819,15505,5,300,1794,0,0,0,0
83,0,1,1,ACCEPT,69.2722,8.5024,1794,-2,2,0.5975,210.62,229.48,50.85,89.68,233.00,160.50,54.00,95.00,0.0781,72.52,1,0,3.1279,ACCEPT,0,1051,3933,14615,5,300,1794,0,0,0,0
84,0,1,1,ACCEPT,74.5707,12.1149,1793,-2,2,0.4685,209.03,232.28,50.85,89.68,232.00,161.50,54.00,95.00,0.0701,74.41,1,0,3.1229,ACCEPT,0,975,3934,15722,5,300,1793,0,0,0,0
85,0,1,1,ACCEPT,78.0973,11.9231,1860,-1,2,0.6860,208.23,235.08,50.85,89.68,231.50,163.00,53.00,100.00,0.0708,75.74,1,0,3.0810,ACCEPT,0,1016,3650,17434,5,300,1860,0,0,0,0
86,0,1,1,ACCEPT,47.4099,4.9064,1467,-2,1,0.7396,206.64,236.48,50.85,89.68,226.50,166.50,51.00,97.00,0.0827,72.74,1,0,3.1344,ACCEPT,0,1023,3605,16646,5,300,1467,0,0,0,0
87,0,1,1,ACCEPT,56.0704,6.0778,1562,-2,2,0.4757,205.05,239.27,50.85,89.68,226.50,166.50,51.00,97.00,0.0681,75.87,1,0,3.0838,ACCEPT,0,1023,3658,16966,5,300,1562,0,0,0,0
88,0,1,1,ACCEPT,55.2602,6.7186,1552,-1,1,0.7365,204.25,240.67,50.85,89.68,224.50,169.00,49.00,96.00,0.0727,74.48,1,0,3.1499,ACCEPT,0,1044,3533,16566,5,300,1552,0,0,0,0
89,0,1,1,ACCEPT,53.3025,7.2165,1400,-1,2,0.6300,203.45,243.47,50.85,89.68,224.00,176.00,52.00,90.00,0.0808,70.53,1,0,3.1980,ACCEPT,0,943,3650,15952,5,300,1400,0,0,0,0
90,0,1,1,ACCEPT,53.3823,6.5183,1421,-2,2,0.4490,201.86,246.27,50.85,89.68,221.00,175.50,50.00,95.00,0.0782,73.31,1,0,3.1700,ACCEPT,0,957,3761,14262,5,300,1421,0,0,0,0
91,0,1,1,ACCEPT,48.2602,6.9409,1291,-3,2,0.2610,199.47,249.06,50.85,89.68,220.50,178.00,53.00,86.00,0.0603,74.11,1,0,3.1422,ACCEPT,0,1016,3701,13125,5,300,1291,0,0,0,0
92,0,1,1,ACCEPT,48.1400,6.9023,1201,-2,2,0.4913,197.88,251.86,50.85,89.68,217.50,181.00,51.00,84.00,0.0599,73.53,1,0,3.2286,ACCEPT,0,925,3750,11430,5,300,1201,0,0,0,0
93,0,1,1,ACCEPT,46.6422,6.8795,1142,-2,2,0.3590,196.28,254.66,50.85,89.68,215.50,184.50,53.00,85.00,0.0661,72.74,1,0,3.2259,ACCEPT,0,889,3692,11914,5,300,1142,0,0,0,0
94,0,1,1,ACCEPT,45.3550,7.5400,1131,-2,3,0.4394,194.69,258.85,50.85,89.68,215.00,190.50,54.00,81.00,0.0650,71.31,1,0,3.2367,ACCEPT,0,845,3719,12137,5,300,1131,0,0,0,0
95,0,1,1,ACCEPT,44.0165,8.7008,1105,-3,2,0.3493,192.30,261.65,50.85,89.68,213.00,190.00,52.00,80.00,0.0487,74.58,1,0,3.1362,ACCEPT,0,906,3616,14107,5,300,1105,0,0,0,0
96,0,1,1,ACCEPT,48.9176,9.4733,1241,-1,2,0.5971,191.50,264.45,50.85,89.68,210.00,196.50,52.00,77.00,0.0629,70.42,1,0,3.1883,ACCEPT,0,974,3458,14023,5,300,1241,0,0,0,0
97,0,1,1,ACCEPT,55.2919,10.9464,1226,-3,3,0.2577,189.11,268.64,50.85,89.68,211.00,198.00,54.00,76.00,0.0449,73.95,1,0,3.1125,ACCEPT,0,819,3611,13538,5,300,1226,0,0,0,0
98,0,1,1,ACCEPT,42.2304,7.8298,1104,0,1,0.8560,189.11,270.04,50.85,89.68,209.50,202.50,55.00,75.00,0.0587,70.55,1,0,3.1253,ACCEPT,0,787,3263,15904,5,300,1104,0,0,0,0
99,0,1,1,ACCEPT,48.3329,8.9615,1165,0,2,0.5511,189.11,272.84,50.85,89.68,208.50,204.50,55.00,71.00,0.0499,71.03,1,0,3.1294,ACCEPT,0,755,3329,16717,5,300,1165,0,0,0,0
100,0,1,1,ACCEPT,52.6780,8.9291,1259,0,2,0.6473,189.11,275.63,50.85,89.68,208.50,208.50,55.00,65.00,0.0439,69.88,1,0,3.1197,ACCEPT,0,778,3316,15922,5,300,1259,0,0,0,0
101,0,1,1,ACCEPT,56.4813,9.2031,1178,-1,1,0.7250,188.31,277.03,50.85,89.68,208.50,208.50,53.00,67.00,0.0399,71.44,1,0,3.0863,ACCEPT,0,748,3170,15880,5,300,1178,0,0,0,0
102,0,1,1,ACCEPT,56.7433,12.0538,1121,0,2,0.5781,188.31,279.83,50.85,89.68,208.00,210.00,56.00,70.00,0.0415,72.55,1,0,3.0362,ACCEPT,0,736,3113,16520,5,300,1121,0,0,0,0
103,0,1,1,ACCEPT,59.8885,12.4598,1084,0,2,0.7758,188.31,282.62,50.85,89.68,208.00,209.50,54.00,73.00,0.0327,75.73,1,0,3.0678,ACCEPT,0,708,2956,18238,5,300,1084,0,0,0,0
104,0,1,1,ACCEPT,62.5042,12.5114,1101,0,1,0.8738,188.31,284.02,50.85,89.68,206.50,213.00,53.00,72.00,0.0412,73.32,1,0,3.0573,ACCEPT,0,678,2922,20133,5,300,1101,0,0,0,0
105,0,1,1,ACCEPT,62.5019,9.9640,1106,-1,1,0.7486,187.52,285.42,50.85,89.68,207.00,217.00,52.00,60.00,0.0274,71.14,1,0,3.0087,ACCEPT,0,661,2840,25136,5,300,1106,0,0,0,0
106,0,1,1,ACCEPT,68.0134,13.3981,1380,-1,1,0.7167,186.72,286.82,50.85,89.68,207.00,218.50,52.00,59.00,0.0252,71.27,1,0,2.9974,ACCEPT,0,762,2841,27016,5,300,1380,0,0,0,0
107,0,1,1,ACCEPT,68.9900,15.6250,1500,0,1,0.9527,186.72,288.22,50.85,89.68,206.00,221.00,52.00,56.00,0.0248,69.93,1,0,3.0528,ACCEPT,0,840,2664,29059,5,300,1500,0,0,0,0
108,0,1,1,ACCEPT,67.8462,15.6224,1531,-2,0,0.7244,185.12,288.22,50.85,89.68,205.50,222.50,53.00,55.00,0.0288,68.80,1,0,2.9912,ACCEPT,0,847,2678,28444,5,300,1531,0,0,0,0
109,0,1,1,ACCEPT,71.0614,14.7064,1603,-1,1,0.8908,184.33,289.62,50.85,89.68,204.50,222.50,51.00,53.00,0.0182,70.08,1,0,3.1108,ACCEPT,0,856,2576,32011,5,300,1603,0,0,0,0
110,0,1,1,ACCEPT,54.0108,11.8667,1602,-1,0,0.8302,183.53,289.62,50.85,89.68,200.50,223.50,57.00,49.00,0.0165,68.26,1,0,3.0025,ACCEPT,0,1113,2344,28266,5,300,1602,0,0,0,0
111,0,1,1,ACCEPT,57.6058,10.4155,1479,-4,0,0.2603,180.34,289.62,50.85,89.68,198.00,224.00,56.00,46.00,0.0113,67.95,1,0,2.9301,ACCEPT,0,959,2351,27870,5,300,1479,0,0,0,0
112,0,1,1,ACCEPT,57.5826,12.7264,1349,-2,1,0.7902,178.75,291.02,50.85,89.68,195.50,223.50,57.00,43.00,0.0000,69.56,1,0,3.0403,ACCEPT,0,1003,2370,24313,5,300,1349,0,0,0,0
113,0,1,1,ACCEPT,64.3530,11.3306,1405,-3,1,0.3694,176.36,292.41,50.85,89.68,194.00,224.00,56.00,40.00,0.0000,70.65,1,0,3.0638,ACCEPT,0,890,2349,24506,5,300,1405,0,0,0,0
114,0,1,1,ACCEPT,64.7889,12.3805,1399,-2,1,0.6619,174.77,293.81,50.85,89.68,189.50,225.00,55.00,36.00,0.0000,70.37,1,0,3.0229,ACCEPT,0,842,2308,26763,5,300,1399,0,0,0,0
115,0,1,1,ACCEPT,68.3117,12.4737,1422,-3,0,0.3073,172.38,293.81,50.85,89.68,188.00,225.50,52.00,35.00,0.0000,70.08,1,0,2.9531,ACCEPT,0,837,2188,27248,5,300,1422,0,0,0,0
116,0,1,1,ACCEPT,69.5909,13.5310,1529,-2,1,0.5965,170.78,295.21,50.85,89.68,185.50,226.00,53.00,34.00,0.0000,70.76,1,0,2.9612,ACCEPT,0,887,2298,26004,5,300,1529,0,0,0,0
117,0,1,1,ACCEPT,71.4197,12.8770,1571,-3,1,0.3094,168.39,296.61,48.89,86.23,184.50,226.00,53.00,34.00,0.0000,72.42,1,-1,2.9500,ACCEPT,0,880,2246,26520,5,300,1571,0,0,0,0
118,0,1,1,ACCEPT,74.5760,12.2148,1649,-2,1,0.7714,166.86,297.95,48.89,86.23,179.50,226.50,57.00,35.00,0.0000,72.56,1,0,3.1011,ACCEPT,0,914,2209,26653,5,300,1649,0,0,0,0
119,0,1,1,ACCEPT,87.7310,16.1980,1636,-2,1,0.5501,165.33,299.30,48.89,86.23,176.50,230.00,57.00,30.00,0.0000,70.19,1,0,3.0741,ACCEPT,0,804,2207,26986,5,300,1636,0,0,0,0
120,0,1,1,ACCEPT,90.3077,17.2796,1607,-1,1,0.8021,164.56,300.64,48.89,86.23,174.50,229.50,57.00,31.00,0.0000,71.83,1,0,2.9822,ACCEPT,0,780,2182,29566,5,300,1607,0,0,0,0
121,0,1,1,ACCEPT,97.7287,18.4301,1714,-3,0,0.4113,162.27,300.64,48.89,86.23,173.00,230.00,56.00,32.00,0.0000,71.45,1,0,3.0423,ACCEPT,0,852,2148,29124,5,300,1714,0,0,0,0
122,0,1,1,ACCEPT,61.1927,10.2414,1485,1,1,0.9771,163.03,301.98,48.89,86.23,171.00,231.00,54.00,30.00,0.0000,71.43,1,0,3.0444,ACCEPT,0,1040,2125,32767,5,300,1485,0,0,0,0
123,0,1,1,ACCEPT,65.5043,10.1338,1591,-1,1,0.8089,162.27,303.33,48.89,86.23,170.50,232.00,57.00,28.00,0.0000,71.80,1,0,3.0607,ACCEPT,0,953,2095,32177,5,300,1591,0,0,0,0
124,0,1,1,ACCEPT,69.9841,11.0504,1536,0,0,1.0000,162.27,303.33,48.89,86.23,169.50,234.00,55.00,26.00,0.0000,69.70,1,0,3.0163,ACCEPT,0,925,2069,31562,5,300,1536,0,0,0,0
125,0,1,1,ACCEPT,74.2530,13.1842,1503,-1,1,0.7046,161.50,304.67,48.89,86.23,166.00,235.00,56.00,22.00,0.0000,69.82,1,0,3.0222,ACCEPT,0,876,2108,31145,5,300,1503,0,0,0,0
126,0,1,1,ACCEPT,75.8515,13.4505,1493,-2,1,0.6899,159.97,306.02,48.89,86.23,163.50,236.50,57.00,21.00,0.0000,69.61,1,0,3.0123,ACCEPT,0,805,2080,30559,5,300,1493,0,0,0,0
127,0,1,1,ACCEPT,76.1972,12.1920,1524,0,1,0.8176,159.97,307.36,48.89,86.23,162.50,240.00,61.00,20.00,0.0000,67.41,1,0,2.9876,ACCEPT,0,844,2171,31608,5,300,1524,0,0,0,0
128,0,1,1,ACCEPT,80.9527,13.8850,1569,-1,2,0.6335,159.20,310.05,48.89,86.23,161.00,239.50,64.00,17.00,0.0000,70.57,1,0,3.0520,ACCEPT,0,791,2207,28704,5,300,1569,0,0,0,0
129,0,1,1,ACCEPT,79.7654,12.4322,1467,0,1,0.9121,159.20,311.39,48.89,86.23,152.00,240.50,78.00,23.00,0.0000,71.26,1,0,3.0521,ACCEPT,0,833,2188,28300,5,300,1467,0,0,0,0
130,0,1,1,ACCEPT,80.0875,12.6545,1392,-1,1,0.7687,158.44,312.73,48.89,86.23,150.50,244.00,81.00,18.00,0.0000,69.19,1,0,3.0158,ACCEPT,0,861,2347,26479,5,300,1392,0,0,0,0
131,0,1,1,ACCEPT,81.3495,15.9778,1438,0,1,0.8046,158.44,314.08,47.01,82.92,147.50,245.00,77.00,18.00,0.0000,69.94,1,-1,2.9602,ACCEPT,0,821,2290,26154,5,300,1438,0,0,0,0
132,0,1,1,ACCEPT,72.5007,14.8673,1457,0,2,0.6843,158.44,316.67,47.01,82.92,147.00,248.00,76.00,18.00,0.0000,69.62,1,0,3.1417,ACCEPT,0,805,2248,29098,5,300,1457,0,0,0,0
133,0,1,1,ACCEPT,80.8864,15.4848,1533,-1,1,0.9028,157.70,317.97,47.01,82.92,144.00,249.50,72.00,19.00,0.0000,69.83,1,0,3.1750,ACCEPT,0,796,2209,29300,5,300,1533,0,0,0,0
134,0,1,1,ACCEPT,54.3577,10.4662,1392,-2,1,0.6228,156.23,319.27,47.01,82.92,145.00,251.00,66.00,16.00,0.0000,69.18,1,0,3.1045,ACCEPT,0,901,1843,27045,5,300,1392,0,0,0,0
135,0,1,1,ACCEPT,57.4803,12.2407,1322,0,2,0.7542,156.23,321.86,47.01,82.92,139.50,250.00,65.00,12.00,0.0000,73.78,1,0,3.0576,ACCEPT,0,823,1956,25466,5,300,1322,0,0,0,0
136,0,1,1,ACCEPT,64.8817,13.8542,1330,-1,1,0.8323,155.50,323.16,47.01,82.92,139.50,251.50,63.00,13.00,0.0000,73.42,1,0,3.1246,ACCEPT,0,787,1942,27217,5,300,1330,0,0,0,0
137,0,1,1,ACCEPT,65.4218,12.0924,1439,-2,1,0.5372,154.03,324.45,47.01,82.92,133.00,251.50,58.00,17.00,0.0000,75.92,1,0,3.1216,ACCEPT,0,928,2109,26949,5,300,1439,0,0,0,0
138,0,1,1,ACCEPT,69.1773,9.2252,1393,0,2,0.7452,154.03,327.05,47.01,82.92,131.50,252.00,59.00,16.00,0.0000,78.36,1,0,3.0070,ACCEPT,0,825,2043,26089,5,300,1393,0,0,0,0
139,0,1,1,ACCEPT,77.8330,12.5804,1409,0,0,1.0000,154.03,327.05,47.01,82.92,124.00,251.50,76.00,19.00,0.0000,81.30,1,0,3.1460,ACCEPT,0,775,1947,25038,5,300,1409,0,0,0,0
140,0,1,1,ACCEPT,85.6100,15.0215,1397,0,1,0.9012,154.03,328.34,47.01,82.92,121.00,253.00,70.00,18.00,0.0000,82.27,1,0,3.1596,ACCEPT,0,738,1904,25467,5,300,1397,0,0,0,0
141,0,1,1,ACCEPT,90.3818,13.7383,1470,0,1,0.9748,154.03,329.64,47.01,82.92,116.50,253.00,61.00,18.00,0.0000,85.34,1,0,3.0581,ACCEPT,0,730,1946,24646,5,300,1470,0,0,0,0
142,0,1,1,ACCEPT,99.1525,21.0714,1475,0,0,1.0000,154.03,329.64,47.01,82.92,112.00,253.00,76.00,18.00,0.0000,87.41,1,0,3.2074,ACCEPT,0,692,1921,28205,5,300,1475,0,0,0,0
143,0,1,1,ACCEPT,102.9197,20.8421,1584,1,0,0.8460,154.77,329.64,47.01,82.92,112.50,251.50,71.00,17.00,0.0000,88.84,1,0,3.2146,ACCEPT,0,722,1945,31223,5,300,1584,0,0,0,0
144,0,1,1,ACCEPT,101.4645,20.8395,1688,1,0,0.9876,155.50,329.64,47.01,82.92,97.00,252.00,92.00,14.00,0.0000,97.21,1,0,3.2221,ACCEPT,0,796,1966,28881,5,300,1688,0,0,0,0
145,0,1,1,ACCEPT,102.1275,17.8830,1681,1,0,0.9453,156.23,329.64,47.01,82.92,98.50,252.00,87.00,12.00,0.0000,96.75,1,0,3.2470,ACCEPT,0,752,2022,29769,5,300,1681,0,0,0,0
146,0,1,1,ACCEPT,62.4890,9.7361,1402,2,0,0.5792,157.70,329.64,47.01,82.92,84.00,252.50,100.00,13.00,0.0000,106.69,1,0,3.1867,ACCEPT,0,813,1761,29947,5,300,1402,0,0,0,0
147,0,1,1,ACCEPT,68.8674,12.1604,1289,2,0,0.7905,159.17,329.64,47.01,82.92,85.00,253.00,102.00,16.00,0.0000,106.65,1,0,3.1728,ACCEPT,0,735,1829,30125,5,300,1289,0,0,0,0
148,0,1,1,ACCEPT,72.9047,13.0377,1382,2,0,0.6643,160.64,329.64,47.01,82.92,74.50,253.50,107.00,13.00,0.0000,114.97,1,0,3.1433,ACCEPT,0,763,1859,27410,5,300,1382,0,0,0,0
149,0,1,1,ACCEPT,69.5421,12.5769,1308,1,0,0.9564,161.38,329.64,47.01,82.92,73.00,252.50,100.00,13.00,0.0000,117.31,1,0,3.1985,ACCEPT,0,743,1905,31240,5,300,1308,0,0,0,0
150,0,1,1,ACCEPT,71.2383,11.9381,1349,3,0,0.5041,163.58,329.64,47.01,82.92,75.00,253.50,100.00,13.00,0.0000,116.81,1,0,3.1182,ACCEPT,0,756,1910,32394,5,300,1349,0,0,0,0
151,0,1,1,ACCEPT,73.3202,11.0880,1386,1,-1,0.8528,164.31,328.34,47.01,82.92,70.00,254.00,96.00,14.00,0.0000,120.09,1,0,3.1762,ACCEPT,0,782,1921,30220,5,300,1386,0,0,0,0
152,0,1,1,ACCEPT,81.4750,14.4804,1477,2,0,0.5579,165.78,328.34,47.01,82.92,65.00,253.00,96.00,14.00,0.0000,125.83,1,0,3.1919,ACCEPT,0,718,1931,31998,5,300,1477,0,0,0,0
153,0,1,1,ACCEPT,80.7529,12.8136,1512,1,0,0.9987,166.52,328.34,47.01,82.92,63.00,253.50,90.00,15.00,0.0000,127.74,1,0,2.9956,ACCEPT,0,903,1872,29637,5,300,1512,0,0,0,0
154,0,1,1,ACCEPT,80.5171,14.4037,1570,0,-1,0.8363,166.52,327.05,47.01,82.92,55.50,252.50,93.00,13.00,0.0000,133.72,1,0,3.0540,ACCEPT,0,933,1873,31245,5,300,1570,0,0,0,0
155,0,1,1,ACCEPT,74.9487,12.2707,1632,1,-1,0.7531,167.25,325.75,47.01,82.92,53.00,251.50,88.00,13.00,0.0000,136.26,1,0,3.1010,ACCEPT,0,966,1955,26105,5,300,1632,0,0,0,0
156,0,1,1,ACCEPT,75.2004,12.8629,1595,2,-1,0.5893,168.72,324.45,47.01,82.92,50.00,250.50,84.00,13.00,0.0000,139.87,1,0,3.0614,ACCEPT,0,954,1895,22792,5,300,1595,0,0,0,0
157,0,1,1,ACCEPT,76.5033,12.1069,1586,-1,-1,0.9054,167.98,323.16,47.01,82.92,49.50,251.00,81.00,14.00,0.0000,138.73,1,0,3.0847,ACCEPT,0,939,1913,25393,5,300,1586,0,0,0,0
158,0,1,1,ACCEPT,55.6599,11.1103,1511,1,-1,0.6916,168.72,321.86,47.01,82.92,42.50,250.00,71.00,14.00,0.0000,145.24,1,0,3.1189,ACCEPT,0,1130,1961,23322,5,300,1511,0,0,0,0
159,0,1,1,ACCEPT,57.2430,10.4848,1384,1,-2,0.6561,169.45,319.27,47.01,82.92,45.00,247.00,52.00,14.00,0.0000,143.91,1,0,3.0928,ACCEPT,0,954,1904,25542,5,300,1384,0,0,0,0
160,0,1,1,ACCEPT,56.9342,11.6491,1328,2,-1,0.7206,170.92,317.97,47.01,82.92,43.50,246.50,51.00,11.00,0.0000,146.10,1,0,3.0943,ACCEPT,0,1035,1993,25507,5,300,1328,0,0,0,0
161,0,1,1,ACCEPT,59.8573,11.5135,1278,-1,-1,0.8631,170.19,316.67,47.01,82.92,42.50,244.00,53.00,12.00,0.0000,146.92,1,0,3.1069,ACCEPT,0,849,1976,29813,5,300,1278,0,0,0,0
162,0,1,1,ACCEPT,57.2638,11.6612,1411,2,-1,0.6180,171.66,315.38,47.01,82.92,39.00,242.50,46.00,13.00,0.0000,151.36,1,0,3.0970,ACCEPT,0,1044,1852,32767,5,300,1411,0,0,0,0
163,0,1,1,ACCEPT,66.5973,13.6364,1500,0,-1,0.9087,171.66,314.08,47.01,82.92,36.50,241.00,45.00,14.00,0.0000,153.65,1,0,3.0880,ACCEPT,0,1112,1991,28980,5,300,1500,0,0,0,0
164,0,1,1,ACCEPT,64.5945,11.8504,1505,0,-1,0.8571,171.66,312.78,47.01,82.92,33.50,240.50,45.00,11.00,0.0000,155.92,1,0,3.0834,ACCEPT,0,1112,1954,28453,5,300,1505,0,0,0,0
165,0,1,1,ACCEPT,62.9270,10.4430,1650,1,-1,0.7109,172.39,311.48,47.01,82.92,32.00,240.00,46.00,14.00,0.0000,157.54,1,0,3.1589,ACCEPT,0,1116,1969,28689,5,300,1650,0,0,0,0
166,0,1,1,ACCEPT,71.0896,12.9055,1639,2,-1,0.6174,173.86,310.19,47.01,82.92,28.00,243.00,48.00,22.00,0.0000,160.59,1,0,3.1143,ACCEPT,0,1033,1974,30874,5,300,1639,0,0,0,0
167,0,1,1,ACCEPT,67.9757,11.9143,1668,1,-1,0.8495,174.59,308.89,47.01,82.92,28.00,241.00,48.00,20.00,0.0000,161.55,1,0,3.1609,ACCEPT,0,1011,1957,32545,5,300,1668,0,0,0,0
168,0,1,1,ACCEPT,63.8548,10.0188,1603,0,-2,0.7829,174.59,306.30,47.01,82.92,29.00,235.00,44.00,14.00,0.0000,162.11,1,0,3.0178,ACCEPT,0,1059,2012,32766,5,300,1603,0,0,0,0
169,0,1,1,ACCEPT,73.8963,10.3856,1589,1,0,0.8276,175.33,306.30,47.01,82.92,29.00,234.00,42.00,14.00,0.0000,163.21,1,0,3.2495,ACCEPT,0,994,2106,32767,5,300,1589,0,0,0,0
170,0,1,1,ACCEPT,47.7577,8.8521,1257,3,-1,0.4224,177.53,305.00,47.01,82.92,26.50,232.50,45.00,15.00,0.0000,167.53,1,0,3.1395,ACCEPT,0,1006,1849,32767,5,300,1257,0,0,0,0
171,0,1,1,ACCEPT,52.0190,7.8750,1323,0,-1,0.8186,177.53,303.70,47.01,82.92,27.00,231.00,40.00,18.00,0.0000,167.17,1,0,3.2837,ACCEPT,0,962,1763,31766,5,300,1323,0,0,0,0
172,0,1,1,ACCEPT,55.0862,9.2590,1287,2,-1,0.5501,179.00,302.41,47.01,82.92,26.50,229.50,41.00,13.00,0.0000,169.03,1,0,3.2761,ACCEPT,0,938,1776,31061,5,300,1287,0,0,0,0
173,0,1,1,ACCEPT,55.3491,9.1984,1159,2,0,0.5677,180.47,302.41,47.01,82.92,29.00,228.00,42.00,14.00,0.0000,168.76,1,0,3.2548,ACCEPT,0,851,1745,29780,5,300,1159,0,0,0,0
174,0,1,1,ACCEPT,51.4423,7.0314,1118,3,-1,0.3685,182.67,301.11,47.01,82.92,28.00,226.50,44.00,13.00,0.0000,171.73,1,0,3.1877,ACCEPT,0,930,1727,29433,5,300,1118,0,0,0,0
175,0,1,1,ACCEPT,50.7922,8.1406,1042,2,-1,0.7198,184.14,299.81,47.01,82.92,29.50,226.00,41.00,14.00,0.0000,171.35,1,0,3.2274,ACCEPT,0,905,1740,28684,5,300,1042,0,0,0,0
176,0,1,1,ACCEPT,49.3777,5.4663,1055,3,-1,0.2882,186.34,298.52,47.01,82.92,28.50,225.00,43.00,12.00,0.0000,174.12,1,0,3.1833,ACCEPT,0,905,1660,29384,5,300,1055,0,0,0,0
177,0,1,1,ACCEPT,45.9773,6.5503,1107,4,-1,0.2439,189.28,297.22,47.01,82.92,30.00,224.00,44.00,12.00,0.0000,175.30,1,0,3.0633,ACCEPT,0,1059,1625,26415,5,300,1107,0,0,0,0
178,0,1,1,ACCEPT,51.3487,7.7785,1159,3,0,0.5211,191.48,297.22,47.01,82.92,30.00,222.00,48.00,14.00,0.0000,178.14,1,0,3.1035,ACCEPT,0,1034,1778,24172,5,300,1159,0,0,0,0
179,0,1,1,ACCEPT,51.5482,7.5270,1114,3,0,0.4811,193.69,297.22,47.01,82.92,28.00,223.50,52.00,13.00,0.0000,181.35,1,0,2.8976,ACCEPT,0,1035,1791,23482,5,300,1114,0,0,0,0
180,0,1,1,ACCEPT,53.5667,7.2839,1129,2,-1,0.7077,195.16,295.92,47.01,82.92,28.50,223.50,51.00,13.00,0.0000,181.71,1,0,3.1067,ACCEPT,0,905,1780,25770,5,300,1129,0,0,0,0
181,0,1,1,ACCEPT,58.1551,6.4807,1173,3,0,0.2950,197.36,295.92,47.01,82.92,31.00,222.50,48.00,15.00,0.0000,181.84,1,0,3.0092,ACCEPT,0,909,1821,23890,5,300,1173,0,0,0,0
182,0,1,1,ACCEPT,41.4681,6.6599,979,3,-1,0.3830,199.56,294.62,47.01,82.92,28.00,222.00,52.00,14.00,0.0000,186.30,1,0,3.0441,ACCEPT,0,1016,1654,22905,5,300,979,0,0,0,0
183,0,1,1,ACCEPT,45.9478,5.3093,1030,2,0,0.6437,201.03,294.62,47.01,82.92,32.50,224.00,49.00,20.00,0.0000,182.73,1,0,2.9812,ACCEPT,0,967,1626,22998,5,300,1030,0,0,0,0
184,0,1,1,ACCEPT,48.1203,7.2449,1065,4,-1,0.2911,203.97,293.33,47.01,82.92,33.50,224.50,51.00,19.00,0.0000,183.84,1,0,2.9542,ACCEPT,0,1002,1570,21803,5,300,1065,0,0,0,0
185,0,1,1,ACCEPT,51.3775,7.3043,1008,3,0,0.5466,206.17,293.33,47.01,82.92,35.00,226.00,52.00,22.00,0.0000,183.94,1,0,2.8931,ACCEPT,0,842,1591,23228,5,300,1008,0,0,0,0
186,0,1,1,ACCEPT,54.0306,8.8120,1031,3,0,0.4646,208.38,293.33,48.89,86.23,35.50,227.00,45.00,26.00,0.0000,185.16,1,1,2.8430,ACCEPT,0,826,1610,24412,5,300,1031,0,0,0,0
187,0,1,1,ACCEPT,49.4955,6.0253,952,3,-1,0.5210,210.67,291.98,48.89,86.23,37.50,227.00,51.00,24.00,0.0000,184.96,1,0,2.9468,ACCEPT,0,816,1592,27859,5,300,952,0,0,0,0
188,0,1,1,ACCEPT,57.0487,5.7277,1157,1,0,0.8194,211.44,291.98,48.89,86.23,43.00,225.50,42.00,23.00,0.0000,181.08,1,0,2.9115,ACCEPT,0,843,1656,29411,5,300,1157,0,0,0,0
189,0,1,1,ACCEPT,58.5879,6.7399,1166,4,-1,0.1715,214.50,290.64,48.89,86.23,44.50,227.00,43.00,26.00,0.0000,181.52,1,0,2.9081,ACCEPT,0,871,1561,28393,5,300,1166,0,0,0,0
190,0,1,1,ACCEPT,64.6606,6.4599,1208,2,0,0.6382,216.03,290.64,48.89,86.23,45.50,227.50,41.00,25.00,0.0000,181.85,1,0,2.7879,ACCEPT,0,825,1579,30665,5,300,1208,0,0,0,0
191,0,1,1,ACCEPT,69.4894,7.3280,1363,4,0,0.1614,219.09,290.64,48.89,86.23,47.00,227.00,42.00,24.00,0.0000,183.48,1,0,2.8002,ACCEPT,0,917,1545,28269,5,300,1363,0,0,0,0
192,0,1,1,ACCEPT,72.5329,9.7832,1399,4,1,0.1944,222.16,291.98,48.89,86.23,48.00,230.50,42.00,29.00,0.0000,184.69,1,0,2.8789,ACCEPT,0,876,1563,26068,5,300,1399,0,0,0,0
193,0,1,1,ACCEPT,77.0822,10.7372,1471,3,0,0.4405,224.45,291.98,48.89,86.23,50.00,230.00,42.00,30.00,0.0000,185.14,1,0,2.8269,ACCEPT,0,873,1583,25622,5,300,1471,0,0,0,0
194,0,1,1,ACCEPT,52.9071,9.6364,1272,4,1,0.2248,227.52,293.33,48.89,86.23,48.00,233.00,36.00,34.00,0.0000,189.38,1,0,2.8380,ACCEPT,0,1294,1762,24414,5,300,1272,0,0,0,0
195,0,1,1,ACCEPT,60.5935,9.2769,1206,2,1,0.6177,229.05,294.67,48.89,86.23,49.50,235.00,37.00,34.00,0.0000,189.20,1,0,2.8695,ACCEPT,0,881,1748,26337,5,300,1206,0,0,0,0
196,0,1,1,ACCEPT,61.2344,8.4545,1209,4,1,0.1679,232.11,296.02,48.89,86.23,54.50,238.00,39.00,40.00,0.0000,186.84,1,0,2.8997,ACCEPT,0,800,1750,22842,5,300,1209,0,0,0,0
197,0,1,1,ACCEPT,65.6648,13.3958,1286,4,1,0.2037,235.17,297.36,48.89,86.23,56.50,238.00,41.00,36.00,0.0000,188.27,1,0,2.9206,ACCEPT,0,764,1806,24111,5,300,1286,0,0,0,0
198,0,1,1,ACCEPT,66.9861,10.9250,1311,3,1,0.2693,237.47,298.70,48.89,86.23,57.00,240.00,44.00,40.00,0.0000,189.78,1,0,2.9966,ACCEPT,0,778,1851,22498,5,300,1311,0,0,0,0
199,0,1,1,ACCEPT,63.4201,12.3300,1233,4,0,0.2198,240.53,298.70,48.89,86.23,59.00,239.00,42.00,38.00,0.0000,191.10,1,0,2.7749,ACCEPT,0,771,1823,21485,5,300,1233,0,0,0,0
200,0,1,1,ACCEPT,71.8688,14.5938,1401,2,1,0.5903,242.06,300.05,48.89,86.23,60.50,239.00,41.00,44.00,0.0000,191.55,1,0,2.8523,ACCEPT,0,802,1842,21861,5,300,1401,0,0,0,0
201,0,1,1,ACCEPT,73.7835,13.3654,1390,3,1,0.2921,244.36,301.39,48.89,86.23,60.50,240.00,43.00,40.00,0.0000,193.84,1,0,2.9536,ACCEPT,0,794,1864,20741,5,300,1390,0,0,0,0
202,0,1,1,ACCEPT,68.9099,13.8617,1303,3,1,0.4421,246.66,302.73,48.89,86.23,61.50,240.50,41.00,37.00,0.0000,195.34,1,0,2.9788,ACCEPT,0,794,1724,20450,5,300,1303,0,0,0,0
203,0,1,1,ACCEPT,79.2319,13.1373,1340,1,0,0.8687,247.42,302.73,48.89,86.23,63.00,241.50,40.00,35.00,0.0000,194.32,1,0,2.9631,ACCEPT,0,734,1670,21633,5,300,1340,0,0,0,0
204,0,1,1,ACCEPT,85.6686,18.2632,1388,3,0,0.3451,249.72,302.73,48.89,86.23,63.50,241.00,41.00,32.00,0.0000,196.19,1,0,3.0012,ACCEPT,0,724,1668,22027,5,300,1388,0,0,0,0
205,0,1,1,ACCEPT,86.4348,15.6322,1360,1,0,0.8199,250.48,302.73,48.89,86.23,63.50,241.00,43.00,32.00,0.0000,196.91,1,0,2.9961,ACCEPT,0,684,1697,21300,5,300,1360,0,0,0,0
206,0,1,1,ACCEPT,55.6483,8.3456,1135,3,-1,0.3022,252.78,301.39,48.89,86.23,64.00,240.00,44.00,32.00,0.0000,198.51,1,0,2.8987,ACCEPT,0,758,1448,22386,5,300,1135,0,0,0,0
207,0,1,1,ACCEPT,64.1571,10.6891,1272,2,0,0.6769,254.31,301.39,48.89,86.23,65.50,240.00,43.00,34.00,0.0000,198.54,1,0,2.9777,ACCEPT,0,739,1487,20765,5,300,1272,0,0,0,0
208,0,1,1,ACCEPT,67.3800,12.3163,1207,3,-1,0.4482,256.61,300.05,48.89,86.23,67.00,241.50,42.00,37.00,0.0000,198.44,1,0,2.9731,ACCEPT,0,707,1511,21446,5,300,1207,0,0,0,0
209,0,1,1,ACCEPT,70.4516,12.2762,1289,1,-1,0.8138,257.38,298.70,48.89,86.23,68.00,243.00,40.00,36.00,0.0000,197.40,1,0,2.9994,ACCEPT,0,725,1512,22226,5,300,1289,0,0,0,0
210,0,1,1,ACCEPT,75.3557,12.3750,1386,2,-1,0.5649,258.91,297.36,48.89,86.23,68.00,241.50,40.00,33.00,0.0000,198.91,1,0,2.9454,ACCEPT,0,752,1522,21639,5,300,1386,0,0,0,0
211,0,1,1,ACCEPT,74.0575,12.6635,1317,0,-1,0.9286,258.91,296.02,48.89,86.23,68.50,241.00,41.00,32.00,0.0000,198.20,1,0,3.0096,ACCEPT,0,715,1483,22802,5,300,1317,0,0,0,0
212,0,1,1,ACCEPT,70.3412,12.3960,1252,2,-1,0.6765,260.44,294.67,48.89,86.23,68.00,241.00,42.00,36.00,0.0000,199.78,1,0,2.9850,ACCEPT,0,697,1467,23287,5,300,1252,0,0,0,0
213,0,1,1,ACCEPT,75.9353,13.1354,1261,1,-2,0.5266,261.20,291.98,48.89,86.23,69.50,240.00,39.00,36.00,0.0000,198.63,1,0,2.9531,ACCEPT,0,706,1446,23379,5,300,1261,0,0,0,0
214,0,1,1,ACCEPT,80.9825,15.0920,1313,1,-1,0.7464,261.97,290.64,48.89,86.23,69.50,239.00,39.00,36.00,0.0000,199.28,1,0,2.9388,ACCEPT,0,771,1491,21035,5,300,1313,0,0,0,0
215,0,1,1,ACCEPT,79.9302,15.4458,1282,0,-2,0.5897,261.97,287.95,48.89,86.23,68.50,237.00,41.00,36.00,0.0000,200.07,1,0,3.0021,ACCEPT,0,699,1448,22006,5,300,1282,0,0,0,0
216,0,1,1,ACCEPT,78.2939,15.6353,1329,1,-1,0.7013,262.73,286.61,48.89,86.23,69.00,236.00,42.00,36.00,0.0000,200.24,1,0,2.9518,ACCEPT,0,746,1427,20427,5,300,1329,0,0,0,0
217,0,1,1,ACCEPT,81.1143,16.7792,1292,1,-2,0.5348,263.50,283.92,48.89,86.23,70.00,234.00,40.00,36.00,0.0000,199.84,1,0,3.0186,ACCEPT,0,700,1393,20844,5,300,1292,0,0,0,0
218,0,1,1,ACCEPT,55.6215,10.5094,1114,0,-2,0.7415,263.50,281.23,48.89,86.23,69.50,233.50,41.00,35.00,0.0000,199.79,1,0,2.9763,ACCEPT,0,696,1386,18658,5,300,1114,0,0,0,0
219,0,1,1,ACCEPT,64.3038,11.9789,1138,1,-1,0.8049,264.27,279.89,48.89,86.23,70.50,232.50,39.00,35.00,0.0000,199.48,1,0,2.9423,ACCEPT,0,696,1380,19674,5,300,1138,0,0,0,0
220,0,1,1,ACCEPT,67.0531,13.6585,1120,2,-2,0.4920,265.80,277.20,48.89,86.23,70.50,231.50,39.00,35.00,0.0000,200.57,1,0,2.9346,ACCEPT,0,648,1291,20738,5,300,1120,0,0,0,0
221,0,1,1,ACCEPT,70.9932,12.0632,1146,-1,-1,0.7469,265.03,275.86,48.89,86.23,71.00,230.50,38.00,35.00,0.0000,199.26,1,0,2.9398,ACCEPT,0,672,1401,21988,5,300,1146,0,0,0,0
222,0,1,1,ACCEPT,69.4961,9.2061,1206,1,-2,0.5373,265.80,273.17,48.89,86.23,71.00,231.00,38.00,38.00,0.0000,199.31,1,0,2.9451,ACCEPT,0,652,1330,23003,5,300,1206,0,0,0,0
223,0,1,1,ACCEPT,77.5972,12.2667,1288,0,-1,0.9177,265.80,271.83,48.89,86.23,70.50,230.00,39.00,38.00,0.0000,199.73,1,0,2.9652,ACCEPT,0,631,1371,23309,5,300,1288,0,0,0,0
224,0,1,1,ACCEPT,81.4583,12.8252,1321,0,-1,0.8176,265.80,270.48,48.89,86.23,69.50,229.50,43.00,39.00,0.0000,200.53,1,0,2.9651,ACCEPT,0,691,1341,24984,5,300,1321,0,0,0,0
225,0,1,1,ACCEPT,82.6610,11.7565,1352,0,-1,0.9135,265.80,269.14,48.89,86.23,70.00,230.00,42.00,40.00,0.0000,199.67,1,0,2.9519,ACCEPT,0,657,1347,25775,5,300,1352,0,0,0,0
226,0,1,1,ACCEPT,88.2064,14.9222,1343,0,-1,0.7893,265.80,267.80,48.89,86.23,70.00,230.50,42.00,43.00,0.0000,199.32,1,0,2.9268,ACCEPT,0,695,1347,27138,5,300,1343,0,0,0,0
227,0,1,1,ACCEPT,92.4208,15.9294,1354,0,-2,0.6292,265.80,265.11,48.89,86.23,68.00,229.00,42.00,42.00,0.0000,201.07,1,0,2.9219,ACCEPT,0,704,1329,28319,5,300,1354,0,0,0,0
228,0,1,1,ACCEPT,88.7211,14.5484,1353,1,-1,0.8906,266.56,263.77,48.89,86.23,69.00,227.00,44.00,40.00,0.0000,200.95,1,0,2.9099,ACCEPT,0,718,1351,28563,5,300,1353,0,0,0,0
229,0,1,1,ACCEPT,98.3087,17.0513,1330,0,-1,0.8564,266.56,262.42,48.89,86.23,68.50,228.00,45.00,44.00,0.0000,201.03,1,0,2.9180,ACCEPT,0,655,1364,29752,5,300,1330,0,0,0,0
230,0,1,1,ACCEPT,58.5402,12.1413,1117,0,-1,0.9964,266.56,261.08,48.89,86.23,68.50,227.50,41.00,47.00,0.0000,200.89,1,0,2.9004,ACCEPT,0,764,1602,23751,5,300,1117,0,0,0,0
231,0,1,1,ACCEPT,64.7185,12.6500,1012,1,-1,0.9269,267.33,259.73,48.89,86.23,68.50,229.00,41.00,50.00,0.0000,201.19,1,0,2.8898,ACCEPT,0,626,1600,25330,5,300,1012,0,0,0,0
232,0,1,1,ACCEPT,69.5220,13.5854,1114,2,-1,0.6589,268.86,258.39,48.89,86.23,68.50,230.00,45.00,50.00,0.0000,202.36,1,0,2.8633,ACCEPT,0,623,1576,29452,5,300,1114,0,0,0,0
233,0,1,1,ACCEPT,66.5350,11.7273,1161,0,0,1.0000,268.86,258.39,48.89,86.23,69.00,227.00,44.00,46.00,0.0000,202.31,1,0,2.8468,ACCEPT,0,741,1547,30475,5,300,1161,0,0,0,0
234,0,1,1,ACCEPT,71.0060,13.0211,1237,1,-1,0.7211,269.62,257.05,48.89,86.23,68.50,228.00,43.00,50.00,0.0000,203.21,1,0,2.8852,ACCEPT,0,766,1531,30339,5,300,1237,0,0,0,0
235,0,1,1,ACCEPT,72.4469,15.2738,1283,1,-2,0.7373,270.39,254.36,48.89,86.23,68.50,228.50,43.00,51.00,0.0000,203.54,1,0,2.8958,ACCEPT,0,680,1498,32767,5,300,1283,0,0,0,0
236,0,1,1,ACCEPT,76.6180,17.7297,1312,1,-1,0.8506,271.16,253.02,48.89,86.23,68.50,228.00,43.00,52.00,0.0000,204.19,1,0,2.9047,ACCEPT,0,763,1530,24752,5,300,1312,0,0,0,0
237,0,1,1,ACCEPT,81.9826,17.3291,1369,1,-1,0.8444,271.92,251.67,48.89,86.23,69.00,226.50,40.00,49.00,0.0000,204.48,1,0,2.9173,ACCEPT,0,700,1525,22891,5,300,1369,0,0,0,0
238,0,1,1,ACCEPT,75.4230,12.1176,1236,1,-2,0.7354,272.69,248.98,48.89,86.23,70.00,224.50,40.00,49.00,0.0000,204.16,1,0,2.9870,ACCEPT,0,726,1459,22713,5,300,1236,0,0,0,0
239,0,1,1,ACCEPT,74.9685,15.2083,1095,0,-1,0.9498,272.69,247.64,48.89,86.23,71.00,223.50,38.00,49.00,0.0000,203.13,1,0,2.9387,ACCEPT,0,677,1514,24158,5,300,1095,0,0,0,0
240,0,1,1,ACCEPT,77.8080,17.6515,1165,2,-2,0.5923,274.22,244.95,48.89,86.23,71.50,222.50,39.00,49.00,0.0000,203.96,1,0,2.9711,ACCEPT,0,733,1474,24245,5,300,1165,0,0,0,0
241,0,1,1,ACCEPT,75.8645,14.2262,1195,2,-1,0.5808,275.75,243.61,48.89,86.23,72.50,221.50,39.00,51.00,0.0000,204.45,1,0,2.9799,ACCEPT,0,756,1554,24091,5,300,1195,0,0,0,0
242,0,1,1,ACCEPT,52.1330,10.6289,1031,1,-2,0.5150,276.52,240.92,48.89,86.23,73.00,224.50,40.00,59.00,0.0000,204.18,1,0,2.9135,ACCEPT,0,676,1792,22283,5,300,1031,0,0,0,0
243,0,1,1,ACCEPT,59.1348,11.0816,1086,1,-2,0.6427,277.28,238.23,48.89,86.23,72.50,222.00,43.00,60.00,0.0000,205.42,1,0,2.9375,ACCEPT,0,652,1860,21224,5,300,1086,0,0,0,0
244,0,1,1,ACCEPT,63.2651,12.1522,1118,2,-1,0.5027,278.81,236.89,48.89,86.23,72.50,220.50,43.00,61.00,0.0000,206.96,1,0,2.9020,ACCEPT,0,648,1896,21070,5,300,1118,0,0,0,0
245,0,1,1,ACCEPT,64.2446,12.0110,1093,1,-2,0.4145,279.58,234.20,48.89,86.23,73.00,218.00,42.00,60.00,0.0000,207.21,1,0,2.8875,ACCEPT,0,670,1905,23074,5,300,1093,0,0,0,0
246,0,1,1,ACCEPT,62.1957,11.3776,1115,1,-2,0.5076,280.34,231.52,48.89,86.23,73.00,219.00,40.00,60.00,0.0000,207.72,1,0,2.9119,ACCEPT,0,697,1918,25315,5,300,1115,0,0,0,0
247,0,1,1,ACCEPT,66.2392,12.2449,1200,3,-2,0.2508,282.64,228.83,48.89,86.23,75.50,215.00,39.00,60.00,0.0000,207.60,1,0,2.9601,ACCEPT,0,707,1861,25122,5,300,1200,0,0,0,0
248,0,1,1,ACCEPT,62.9117,11.3725,1160,1,-2,0.5836,283.41,226.14,48.89,86.23,75.50,214.00,37.00,62.00,0.0000,208.26,1,0,2.9650,ACCEPT,0,735,1882,25587,5,300,1160,0,0,0,0
249,0,1,1,ACCEPT,71.4070,12.5727,1383,2,-2,0.5170,284.94,223.45,48.89,86.23,75.50,212.50,37.00,61.00,0.0000,209.72,1,0,2.9612,ACCEPT,0,841,1898,24568,5,300,1383,0,0,0,0
250,0,1,1,ACCEPT,71.3967,13.1226,1391,0,-2,0.7563,284.94,220.77,48.89,86.23,75.50,212.00,35.00,60.00,0.0000,209.62,1,0,2.9640,ACCEPT,0,844,1915,24118,5,300,1391,0,0,0,0
251,0,1,1,ACCEPT,76.6193,13.6442,1419,1,-2,0.5793,285.70,218.08,48.89,86.23,75.50,213.50,37.00,65.00,0.0000,210.25,1,0,2.9761,ACCEPT,0,852,1777,24855,5,300,1419,0,0,0,0
252,0,1,1,ACCEPT,76.7855,15.0899,1343,1,-2,0.7133,286.47,215.39,48.89,86.23,75.50,211.50,37.00,65.00,0.0000,211.00,1,0,2.9836,ACCEPT,0,790,1775,24983,5,300,1343,0,0,0,0
253,0,1,1,ACCEPT,80.1414,17.4810,1381,1,-1,0.6647,287.23,214.05,48.89,86.23,75.50,209.50,37.00,63.00,0.0000,211.78,1,0,2.9366,ACCEPT,0,797,1819,24285,5,300,1381,0,0,0,0
254,0,1,1,ACCEPT,62.4234,11.9730,1329,1,-2,0.5455,288.00,211.36,48.89,86.23,75.50,212.00,35.00,68.00,0.0000,212.50,1,0,2.9579,ACCEPT,0,901,1687,29723,5,300,1329,0,0,0,0
255,0,1,1,ACCEPT,73.2491,14.3509,1636,0,-2,0.6210,288.00,208.67,48.89,86.23,74.50,213.00,35.00,70.00,0.0000,213.54,1,0,2.9652,ACCEPT,0,1017,1739,28589,5,300,1636,0,0,0,0
256,0,1,1,ACCEPT,70.9434,12.4711,1509,0,-2,0.4957,288.00,205.98,48.89,86.23,75.00,211.50,36.00,71.00,0.0000,213.07,1,0,2.9730,ACCEPT,0,972,1758,27281,5,300,1509,0,0,0,0
257,0,1,1,ACCEPT,78.1205,12.5041,1513,1,-2,0.6279,288.77,203.30,48.89,86.23,75.50,212.00,35.00,74.00,0.0000,213.44,1,0,3.0064,ACCEPT,0,935,1814,28475,5,300,1513,0,0,0,0
258,0,1,1,ACCEPT,79.7766,10.9595,1622,0,-2,0.7639,288.77,200.61,48.89,86.23,75.50,207.50,35.00,67.00,0.0000,213.38,1,0,3.0467,ACCEPT,0,957,1832,28448,5,300,1622,0,0,0,0
259,0,1,1,ACCEPT,77.3956,9.7073,1592,0,-2,0.6476,288.77,197.92,48.89,86.23,74.50,209.50,35.00,71.00,0.0000,214.58,1,0,3.0079,ACCEPT,0,883,1757,27060,5,300,1592,0,0,0,0
260,0,1,1,ACCEPT,73.7568,9.4161,1516,1,-1,0.8318,289.53,196.58,48.89,86.23,74.50,208.50,35.00,71.00,0.0000,215.36,1,0,3.0132,ACCEPT,0,883,1788,25398,5,300,1516,0,0,0,0
261,0,1,1,ACCEPT,75.3975,11.9274,1479,0,-2,0.5071,289.53,193.89,48.89,86.23,76.00,209.50,34.00,73.00,0.0000,214.10,1,0,3.0009,ACCEPT,0,868,1711,25407,5,300,1479,0,0,0,0
262,0,1,1,ACCEPT,76.5469,10.7721,1465,1,-2,0.5795,290.30,191.20,48.89,86.23,76.00,206.50,34.00,69.00,0.0000,214.84,1,0,3.0117,ACCEPT,0,907,1726,23261,5,300,1465,0,0,0,0
263,0,1,1,ACCEPT,73.1067,10.1172,1295,2,-2,0.5405,291.83,188.52,48.89,86.23,77.00,205.50,34.00,67.00,0.0000,215.50,1,0,3.0604,ACCEPT,0,829,1709,22780,5,300,1295,0,0,0,0
264,0,1,1,ACCEPT,77.6850,10.5865,1408,0,-2,0.5767,291.83,185.83,48.89,86.23,77.50,204.50,35.00,67.00,0.0000,215.14,1,0,3.0799,ACCEPT,0,760,1761,22514,5,300,1408,0,0,0,0
265,0,1,1,ACCEPT,75.2451,8.4437,1351,0,-2,0.7395,291.83,183.14,48.89,86.23,75.50,204.50,37.00,67.00,0.0000,217.38,1,0,3.0919,ACCEPT,0,787,1788,21728,5,300,1351,0,0,0,0
266,0,1,1,ACCEPT,55.7256,9.3358,1279,1,-1,0.8327,292.59,181.80,48.89,86.23,76.00,205.50,32.00,69.00,0.0000,217.89,1,0,3.0858,ACCEPT,0,875,2020,22434,5,300,1279,0,0,0,0
267,0,1,1,ACCEPT,56.2307,9.2483,1341,0,-2,0.6682,292.59,179.11,48.89,86.23,76.00,207.00,32.00,72.00,0.0000,218.38,1,0,3.0405,ACCEPT,0,914,1989,20210,5,300,1341,0,0,0,0
268,0,1,1,ACCEPT,60.8632,8.9051,1407,1,-1,0.8124,293.36,177.77,48.89,86.23,75.50,206.00,33.00,70.00,0.0000,219.68,1,0,3.0739,ACCEPT,0,917,1996,21999,5,300,1407,0,0,0,0
269,0,1,1,ACCEPT,64.7291,8.6420,1400,2,-2,0.5393,294.89,175.08,48.89,86.23,76.50,207.50,33.00,67.00,0.0000,220.78,1,0,3.0709,ACCEPT,0,897,1914,23982,5,300,1400,0,0,0,0
270,0,1,1,ACCEPT,64.5100,10.4460,1452,0,-1,0.8299,294.89,173.73,48.89,86.23,76.00,208.00,32.00,68.00,0.0000,221.56,1,0,3.0984,ACCEPT,0,916,2016,24406,5,300,1452,0,0,0,0
271,0,1,1,ACCEPT,66.2991,10.4519,1411,0,-2,0.6258,294.89,171.05,48.89,86.23,75.50,208.50,33.00,67.00,0.0000,222.56,1,0,3.1202,ACCEPT,0,865,1934,25912,5,300,1411,0,0,0,0
272,0,1,1,ACCEPT,68.3414,11.4034,1357,0,-1,0.8438,294.89,169.70,48.89,86.23,75.50,208.50,33.00,69.00,0.0000,222.79,1,0,3.0881,ACCEPT,0,847,2039,22786,5,300,1357,0,0,0,0
273,0,1,1,ACCEPT,67.8493,9.2148,1244,0,-2,0.7203,294.89,167.02,48.89,86.23,74.00,209.00,36.00,70.00,0.0000,224.85,1,0,3.0797,ACCEPT,0,762,1973,20663,5,300,1244,0,0,0,0
274,0,1,1,ACCEPT,71.5079,10.3652,1192,0,-1,0.9388,294.89,165.67,48.89,86.23,73.00,209.50,36.00,67.00,0.0000,226.18,1,0,3.0772,ACCEPT,0,720,2054,22248,5,300,1192,0,0,0,0
275,0,1,1,ACCEPT,73.7546,10.6613,1322,0,-1,0.8162,294.89,164.33,48.89,86.23,72.50,208.00,37.00,64.00,0.0000,226.64,1,0,3.0953,ACCEPT,0,766,1978,20900,5,300,1322,0,0,0,0
276,0,1,1,ACCEPT,78.3229,12.6275,1288,0,-1,0.8921,294.89,162.98,48.89,86.23,70.50,208.50,33.00,65.00,0.0000,228.96,1,0,3.1181,ACCEPT,0,700,2062,20762,5,300,1288,0,0,0,0
277,0,1,1,ACCEPT,82.4513,12.7000,1397,-1,-1,0.7502,294.12,161.64,48.89,86.23,70.00,207.50,36.00,65.00,0.0000,228.77,1,0,3.0722,ACCEPT,0,744,2057,19138,5,300,1397,0,0,0,0
278,0,1,1,ACCEPT,65.2690,12.0283,1275,0,-2,0.7373,294.12,158.95,48.89,86.23,68.50,207.50,35.00,63.00,0.0000,230.79,1,0,3.0007,ACCEPT,0,718,1929,20371,5,300,1275,0,0,0,0
279,0,1,1,ACCEPT,69.0318,12.6211,1199,0,-1,0.9575,294.12,157.61,48.89,86.23,67.00,207.00,34.00,62.00,0.0000,232.43,1,0,2.9967,ACCEPT,0,667,1981,19217,5,300,1199,0,0,0,0
280,0,1,1,ACCEPT,73.2768,12.9674,1193,0,-1,0.8290,294.12,156.27,48.89,86.23,65.00,205.00,32.00,64.00,0.0000,234.25,1,0,3.0068,ACCEPT,0,642,1915,18627,5,300,1193,0,0,0,0
281,0,1,1,ACCEPT,75.0889,12.2323,1211,0,-1,0.8728,294.12,154.92,48.89,86.23,63.50,209.00,31.00,68.00,0.0000,236.88,1,0,2.9762,ACCEPT,0,643,1938,16560,5,300,1211,0,0,0,0
282,0,1,1,ACCEPT,72.8259,15.5694,1121,0,-2,0.7770,294.12,152.23,48.89,86.23,62.50,210.50,31.00,67.00,0.0000,238.84,1,0,2.9935,ACCEPT,0,620,1899,14462,5,300,1121,0,0,0,0
283,0,1,1,ACCEPT,76.1156,14.0513,1096,0,-1,0.9161,294.12,150.89,48.89,86.23,60.00,209.50,34.00,69.00,0.0000,241.35,1,0,3.0004,ACCEPT,0,625,1984,13596,5,300,1096,0,0,0,0
284,0,1,1,ACCEPT,73.5258,10.8132,984,-1,-1,0.7612,293.36,149.55,48.89,86.23,60.00,208.00,34.00,66.00,0.0000,240.57,1,0,2.9172,ACCEPT,0,556,1980,13840,5,300,984,0,0,0,0
285,0,1,1,ACCEPT,73.3725,12.6438,923,0,-2,0.6555,293.36,146.86,48.89,86.23,57.50,209.50,33.00,69.00,0.0000,244.04,1,0,2.9111,ACCEPT,0,538,1874,13840,5,300,923,0,0,0,0
286,0,1,1,ACCEPT,69.6295,11.2987,870,0,-1,0.8023,293.36,145.52,48.89,86.23,56.50,209.00,33.00,64.00,0.0000,245.22,1,0,2.9598,ACCEPT,0,522,1951,15343,5,300,870,0,0,0,0
287,0,1,1,ACCEPT,65.7118,10.5918,1038,0,-2,0.6146,293.36,142.83,48.89,86.23,55.50,209.00,33.00,64.00,0.0000,246.89,1,0,2.9658,ACCEPT,0,630,1910,17918,5,300,1038,0,0,0,0
288,0,1,1,ACCEPT,65.2387,10.8333,1235,-1,-1,0.7717,292.59,141.48,48.89,86.23,54.00,210.50,32.00,65.00,0.0000,248.37,1,0,2.9780,ACCEPT,0,723,2071,14485,5,300,1235,0,0,0,0
289,0,1,1,ACCEPT,64.7865,11.4124,1107,-2,0,0.6757,291.06,141.48,48.89,86.23,53.50,208.00,33.00,64.00,0.0000,246.70,1,0,2.6702,ACCEPT,0,673,2147,16292,5,300,1107,0,0,0,0
290,0,1,1,ACCEPT,47.4872,7.9318,1047,1,-1,0.8491,291.83,140.14,48.89,86.23,51.00,209.00,30.00,60.00,0.0000,250.48,1,0,2.8539,ACCEPT,0,696,1984,14891,5,300,1047,0,0,0,0
291,0,1,1,ACCEPT,53.8096,9.1923,956,-1,-2,0.5607,291.06,137.45,48.89,86.23,50.00,210.00,30.00,62.00,0.0000,251.74,1,0,2.8479,ACCEPT,0,607,1993,13472,5,300,956,0,0,0,0
292,0,1,1,ACCEPT,57.8588,8.5929,971,0,-1,0.9238,291.06,136.11,48.89,86.23,48.00,209.50,32.00,63.00,0.0000,253.90,1,0,2.9454,ACCEPT,0,582,2106,15583,5,300,971,0,0,0,0
293,0,1,1,ACCEPT,62.2507,10.1622,1128,-1,-1,0.7296,290.30,134.77,48.89,86.23,45.50,210.50,33.00,61.00,0.0000,256.24,1,0,2.9183,ACCEPT,0,699,2175,14308,5,300,1128,0,0,0,0
294,0,1,1,ACCEPT,64.4849,9.3190,1081,-1,-1,0.7993,289.53,133.42,48.89,86.23,46.00,211.00,32.00,60.00,0.0000,255.59,1,0,2.8685,ACCEPT,0,672,2194,18595,5,300,1081,0,0,0,0
295,0,1,1,ACCEPT,67.5869,9.9420,1372,-1,-1,0.8273,288.77,132.08,48.89,86.23,45.50,211.50,35.00,59.00,0.0000,255.90,1,0,2.7856,ACCEPT,0,816,2219,26144,5,300,1372,0,0,0,0
296,0,1,1,ACCEPT,68.0640,10.0417,1687,-1,-1,0.8797,288.00,130.73,48.89,86.23,43.50,212.00,33.00,60.00,0.0000,257.65,1,0,2.7400,ACCEPT,0,1147,2263,27947,5,300,1687,0,0,0,0
297,0,1,1,ACCEPT,75.1444,12.3288,1800,-1,-1,0.8189,287.23,129.39,48.89,86.23,42.00,210.50,34.00,63.00,0.0000,258.30,1,0,2.8031,ACCEPT,0,1070,2287,30391,5,300,1800,0,0,0,0
298,0,1,1,ACCEPT,70.4823,12.8768,1777,-1,-1,0.9398,286.47,128.05,48.89,86.23,40.50,211.50,33.00,63.00,0.0000,259.74,1,0,2.7929,ACCEPT,0,1038,2287,30461,5,300,1777,0,0,0,0
299,0,1,1,ACCEPT,70.8176,13.3134,1784,0,-1,0.8700,286.47,126.70,48.89,86.23,40.00,212.00,34.00,60.00,0.0000,260.81,1,0,2.8738,ACCEPT,0,1002,2171,32001,5,300,1784,0,0,0,0
300,0,1,1,ACCEPT,74.9617,13.3382,1814,-1,-2,0.6483,285.70,124.02,48.89,86.23,37.50,213.50,37.00,61.00,0.0000,263.84,1,0,2.8690,ACCEPT,0,1050,2243,32767,5,300,1814,0,0,0,0
0,0,0,0,ZERO_RESPONSE,0.0000,0.0000,0,0,0,0.0000,151.50,384.50,77.00,115.00,151.50,384.50,77.00,115.00,1.0000,0.00,1,0,0.0000,NOT_RUN,0,0,8660,10716,6,365,0,0,0,0,0
1,0,1,1,ACCEPT,80.7838,13.5254,798,0,0,1.0000,151.50,384.50,77.00,115.00,151.50,385.00,73.00,112.00,0.9233,0.50,1,0,3.1864,ACCEPT,0,487,7990,14051,6,365,798,0,0,0,0
2,0,1,1,ACCEPT,44.8954,5.7600,864,0,1,0.9259,151.50,386.30,77.00,115.00,154.00,386.00,80.00,112.00,0.9150,2.52,1,0,3.0137,ACCEPT,0,604,7489,18879,6,365,864,0,0,0,0
3,0,1,1,ACCEPT,33.7714,2.5434,908,-1,1,0.8855,150.30,388.09,77.00,115.00,153.50,387.50,79.00,109.00,0.8754,3.26,1,0,2.8656,ACCEPT,0,795,6783,19683,6,365,908,0,0,0,0
4,0,1,1,ACCEPT,25.5029,1.2341,738,-1,0,0.9539,149.09,388.09,80.08,119.60,154.50,386.00,75.00,112.00,0.8162,5.80,1,1,2.6163,ACCEPT,0,897,6399,22239,6,365,738,0,0,0,0
5,0,1,1,ACCEPT,20.1179,1.2622,722,-2,0,0.8643,146.59,388.09,83.28,124.38,154.50,387.50,79.00,111.00,0.7391,7.93,1,1,2.2284,ACCEPT,0,1216,5758,20817,6,365,722,0,0,0,0
6,0,1,1,ACCEPT,14.6971,1.3389,561,-1,0,0.9679,145.29,388.09,83.28,124.38,154.00,387.50,78.00,115.00,0.7481,8.73,1,1,1.8700,LOW_CONF,0,1238,5000,16457,6,365,561,0,0,0,0
7,0,1,1,ACCEPT,15.8515,1.6730,619,0,1,0.8853,145.29,390.04,83.28,124.38,158.00,388.00,80.00,102.00,0.6120,12.87,1,5,1.7651,MAX_STEP,0,1165,5234,13812,6,365,619,0,0,0,0
8,0,1,1,ACCEPT,20.2023,2.6139,792,-1,0,0.9028,143.98,390.04,83.28,124.38,156.00,392.50,74.00,107.00,0.6395,12.27,1,7,2.4739,MAX_STEP,0,1184,5106,12970,6,365,792,0,0,0,0
9,0,1,1,ACCEPT,22.6005,2.8608,904,-1,0,0.8838,142.68,390.04,83.28,124.38,156.50,386.00,73.00,108.00,0.6149,14.40,1,8,2.4138,MAX_STEP,0,1265,4643,14222,6,365,904,0,0,0,0
10,0,1,1,ACCEPT,24.0505,2.7270,979,-1,0,0.8652,141.38,390.04,83.28,124.38,159.00,389.00,78.00,104.00,0.5499,17.66,1,9,2.0590,MAX_STEP,0,1334,4520,12209,6,365,979,0,0,0,0
11,0,1,1,ACCEPT,25.8558,2.6810,1059,-1,0,0.9924,140.07,390.04,83.28,124.38,161.50,389.50,75.00,109.00,0.5138,21.44,1,-2,1.9711,LOW_CONF,0,1287,3930,16791,6,365,1059,0,0,0,0
12,0,1,1,ACCEPT,29.9749,3.0971,1372,-1,-1,0.9708,138.77,388.09,80.08,119.60,158.50,393.00,69.00,106.00,0.5242,20.34,1,-1,2.3229,ACCEPT,0,1542,3632,16781,6,365,1372,0,0,0,0
13,0,1,1,ACCEPT,29.8192,2.9591,1376,-1,0,0.9542,137.52,388.09,77.00,115.00,160.50,389.50,69.00,103.00,0.4765,23.03,1,-1,2.6496,ACCEPT,0,1566,3580,16518,6,365,1376,0,0,0,0
14,0,1,1,ACCEPT,23.4578,2.2913,1164,-1,0,0.9940,136.31,388.09,74.04,110.58,162.50,386.50,73.00,103.00,0.4501,26.24,1,-1,2.7654,ACCEPT,0,1612,3677,20308,6,365,1164,0,0,0,0
15,0,1,1,ACCEPT,21.1864,2.6957,1267,1,0,0.9708,137.47,388.09,74.04,110.58,161.50,384.00,69.00,102.00,0.4666,24.38,1,0,2.7877,ACCEPT,0,1859,3443,21189,6,365,1267,0,0,0,0
16,0,1,1,ACCEPT,26.7958,2.6214,1565,0,-1,0.8562,137.47,386.37,74.04,110.58,159.50,383.00,67.00,104.00,0.4981,22.29,1,0,2.8797,ACCEPT,0,2016,3446,18120,6,365,1565,0,0,0,0
17,0,1,1,ACCEPT,32.4470,3.1042,1847,-1,-1,0.9015,136.31,384.64,74.04,110.58,162.00,378.00,70.00,100.00,0.4305,26.53,1,0,2.9723,ACCEPT,0,1991,3203,17675,6,365,1847,0,0,0,0
18,0,1,1,ACCEPT,36.4809,2.7303,1974,0,-2,0.7335,136.31,381.19,74.04,110.58,161.00,375.50,66.00,103.00,0.4406,25.33,1,0,2.7787,ACCEPT,0,2091,3153,20598,6,365,1974,0,0,0,0
19,0,1,1,ACCEPT,29.9585,2.6329,1843,0,-1,0.9148,136.31,379.46,74.04,110.58,159.50,374.00,61.00,98.00,0.4424,23.82,1,0,3.1258,ACCEPT,0,2244,2862,20830,6,365,1843,0,0,0,0
20,0,1,1,ACCEPT,31.3528,3.0506,1687,0,-2,0.8002,136.31,376.01,74.04,110.58,162.00,369.00,62.00,100.00,0.4068,26.63,1,0,3.0538,ACCEPT,0,2271,2949,21058,6,365,1687,0,0,0,0
21,0,1,1,ACCEPT,33.6991,2.8812,1746,1,-2,0.5527,137.47,372.55,74.04,110.58,162.50,362.00,63.00,104.00,0.3994,27.17,1,0,3.0527,ACCEPT,0,2011,2975,23144,6,365,1746,0,0,0,0
22,0,1,1,ACCEPT,33.9016,3.1353,1831,0,-2,0.5855,137.47,369.10,71.19,106.32,162.50,356.00,57.00,104.00,0.3632,28.25,1,-1,3.0439,ACCEPT,0,2212,3043,19785,6,365,1831,0,0,0,0
23,0,1,1,ACCEPT,31.0799,2.8773,1548,0,-2,0.6415,137.47,365.77,71.19,106.32,165.00,351.00,58.00,100.00,0.3246,31.24,1,0,3.1381,ACCEPT,0,1945,3110,18303,6,365,1548,0,0,0,0
24,0,1,1,ACCEPT,34.7441,3.3271,1597,1,-3,0.1597,138.58,360.78,71.19,106.32,167.50,340.00,57.00,110.00,0.2855,35.61,1,0,3.0814,ACCEPT,0,1890,3196,18121,6,365,1597,0,0,0,0
25,0,1,1,ACCEPT,36.0720,3.7127,1667,0,-3,0.2298,138.58,355.79,68.45,102.23,169.50,335.00,55.00,110.00,0.2523,37.26,1,-1,3.0204,ACCEPT,0,1981,3220,18198,6,365,1667,0,0,0,0
26,0,1,1,ACCEPT,28.8046,3.1619,1426,0,-2,0.5813,138.58,352.60,68.45,102.23,172.50,330.00,53.00,106.00,0.2095,40.76,1,0,3.1135,ACCEPT,0,2077,3265,17696,6,365,1426,0,0,0,0
27,0,1,1,ACCEPT,29.0822,3.3111,1341,2,-4,0.0701,140.72,346.23,68.45,102.23,178.00,333.00,52.00,84.00,0.1923,39.56,1,0,3.0639,ACCEPT,0,1926,3140,16559,6,365,1341,0,0,0,0
28,0,1,1,ACCEPT,33.4578,4.7687,1402,2,-3,0.1348,142.86,341.45,68.45,102.23,181.00,319.00,48.00,98.00,0.1538,44.25,1,0,3.0911,ACCEPT,0,1524,2949,18610,6,365,1402,0,0,0,0
29,0,1,1,ACCEPT,37.6598,6.3941,1720,2,-3,0.1849,145.00,336.66,68.45,102.23,186.00,306.50,52.00,89.00,0.1214,50.90,1,0,3.0485,ACCEPT,0,1594,2850,18130,6,365,1720,0,0,0,0
30,0,1,1,ACCEPT,43.2052,6.5581,1692,2,-2,0.2317,147.14,333.48,68.45,102.23,189.00,303.00,54.00,94.00,0.1217,51.78,1,0,2.9971,ACCEPT,0,1515,2975,16433,6,365,1692,0,0,0,0
31,0,1,1,ACCEPT,41.1779,4.9557,1566,3,-2,0.2880,150.35,330.29,68.45,102.23,193.00,296.50,56.00,95.00,0.1149,54.41,1,0,3.0307,ACCEPT,0,1465,3012,19621,6,365,1566,0,0,0,0
32,0,1,1,ACCEPT,46.0565,6.4531,2065,1,-2,0.4707,151.42,327.10,68.45,102.23,198.00,289.00,62.00,100.00,0.0977,60.18,1,0,3.0632,ACCEPT,0,1678,2846,20555,6,365,2065,0,0,0,0
33,0,1,1,ACCEPT,51.1033,6.9222,2312,1,-2,0.4974,152.49,323.91,68.45,102.23,201.50,287.50,61.00,95.00,0.0828,61.06,1,0,3.0055,ACCEPT,0,1694,2762,19733,6,365,2312,0,0,0,0
34,0,1,1,ACCEPT,53.0696,5.7651,2381,2,-2,0.4389,154.63,320.73,68.45,102.23,203.00,283.50,62.00,95.00,0.0873,61.03,1,0,2.9009,ACCEPT,0,1778,2774,17398,6,365,2381,0,0,0,0
35,0,1,1,ACCEPT,56.0672,10.0415,2179,-1,-2,0.6595,153.56,317.54,68.45,102.23,208.50,278.50,65.00,93.00,0.0559,67.40,1,0,2.9859,ACCEPT,0,1433,2537,19368,6,365,2179,0,0,0,0
36,0,1,1,ACCEPT,59.7354,9.8306,2379,0,-2,0.7289,153.56,314.35,68.45,102.23,214.50,277.00,73.00,92.00,0.0446,71.47,1,0,2.9256,ACCEPT,0,1536,2522,20497,6,365,2379,0,0,0,0
37,0,1,1,ACCEPT,62.2096,9.8304,2261,0,-1,0.9721,153.56,312.76,68.45,102.23,211.50,276.50,61.00,83.00,0.0328,68.35,1,0,2.9713,ACCEPT,0,1478,2441,21435,6,365,2261,0,0,0,0
38,0,1,1,ACCEPT,61.4375,7.6174,2369,0,-1,0.7961,153.56,311.16,68.45,102.23,215.50,273.00,65.00,86.00,0.0217,72.75,1,0,2.9870,ACCEPT,0,1513,2429,21903,6,365,2369,0,0,0,0
39,0,1,1,ACCEPT,65.3865,11.6698,2509,-1,-1,0.7286,152.49,309.57,65.82,98.30,216.00,269.50,68.00,85.00,0.0145,75.09,1,-1,3.0192,ACCEPT,0,1554,2161,23356,6,365,2509,0,0,0,0
40,0,1,1,ACCEPT,64.5911,9.4725,2586,0,-2,0.6237,152.49,306.49,65.82,98.30,215.00,266.00,66.00,84.00,0.0146,74.48,1,0,2.9617,ACCEPT,0,1640,2300,22341,6,365,2586,0,0,0,0
41,0,1,1,ACCEPT,69.7011,11.9862,2613,0,0,1.0000,152.49,306.49,65.82,98.30,214.50,264.50,63.00,81.00,0.0100,74.89,1,0,3.1112,ACCEPT,0,1656,2369,23707,6,365,2613,0,0,0,0
42,0,1,1,ACCEPT,77.6515,12.6045,2773,0,-1,0.8493,152.49,304.95,65.82,98.30,213.50,259.50,61.00,83.00,0.0095,76.08,1,0,3.0841,ACCEPT,0,1641,2365,23069,6,365,2773,0,0,0,0
43,0,1,1,ACCEPT,55.6091,8.8973,2340,-1,-2,0.5081,151.46,301.88,65.82,98.30,214.00,259.50,56.00,71.00,0.0000,75.54,1,0,2.9968,ACCEPT,0,1495,2627,24923,6,365,2340,0,0,0,0
44,0,1,1,ACCEPT,56.5866,8.1477,2648,-1,-2,0.5483,150.43,298.80,65.82,98.30,214.00,254.00,60.00,70.00,0.0000,77.77,1,0,2.9502,ACCEPT,0,1725,2684,23532,6,365,2648,0,0,0,0
45,0,1,1,ACCEPT,62.4194,9.8351,2744,-1,-2,0.5576,149.40,295.72,65.82,98.30,212.00,245.50,56.00,77.00,0.0000,80.26,1,0,2.9948,ACCEPT,0,1666,2572,24536,6,365,2744,0,0,0,0
46,0,1,1,ACCEPT,64.2824,11.1532,2766,-1,-2,0.5958,148.37,292.64,65.82,98.30,215.00,240.50,58.00,77.00,0.0000,84.61,1,0,2.9332,ACCEPT,0,1621,2487,24154,6,365,2766,0,0,0,0
47,0,1,1,ACCEPT,64.3530,9.5625,2754,-1,-2,0.5828,147.34,289.56,65.82,98.30,213.00,239.00,54.00,76.00,0.0000,82.88,1,0,2.9239,ACCEPT,0,1564,2482,22378,6,365,2754,0,0,0,0
48,0,1,1,ACCEPT,70.2400,11.1000,2775,-1,-1,0.8223,146.30,288.02,65.82,98.30,214.00,237.00,60.00,72.00,0.0000,84.77,1,0,2.9461,ACCEPT,0,1541,2514,21442,6,365,2775,0,0,0,0
49,0,1,1,ACCEPT,71.9330,10.9693,2863,0,-1,0.9001,146.30,286.48,65.82,98.30,217.00,238.50,60.00,73.00,0.0000,85.44,1,0,2.9599,ACCEPT,0,1484,2450,23620,6,365,2863,0,0,0,0
50,0,1,1,ACCEPT,72.3315,11.4942,2954,0,-1,0.9577,146.30,284.95,63.29,94.52,217.50,228.00,59.00,80.00,0.0000,91.17,1,-1,2.9514,ACCEPT,0,1640,2407,25675,6,365,2954,0,0,0,0
51,0,1,1,ACCEPT,80.2122,12.4142,2967,1,-1,0.8406,147.30,283.47,63.29,94.52,220.00,227.00,60.00,84.00,0.0000,92.06,1,0,3.0393,ACCEPT,0,1651,2391,25336,6,365,2967,0,0,0,0
52,0,1,1,ACCEPT,78.7504,10.1333,2888,0,-1,0.8812,147.30,281.99,63.29,94.52,223.00,225.50,56.00,83.00,0.0000,94.46,1,0,3.0406,ACCEPT,0,1442,2429,28778,6,365,2888,0,0,0,0
53,0,1,1,ACCEPT,82.2676,10.2388,2959,0,-2,0.7405,147.30,279.04,63.29,94.52,223.50,226.50,59.00,87.00,0.0000,92.56,1,0,3.0742,ACCEPT,0,1629,2481,30105,6,365,2959,0,0,0,0
54,0,1,1,ACCEPT,76.9398,12.8945,2811,0,-1,0.9993,147.30,277.56,63.29,94.52,225.50,226.50,59.00,85.00,0.0000,93.40,1,0,3.0956,ACCEPT,0,1489,2579,31650,6,365,2811,0,0,0,0
55,0,1,1,ACCEPT,56.5012,9.2930,2537,0,-1,0.8640,147.30,276.09,63.29,94.52,227.00,221.50,54.00,77.00,0.0000,96.60,1,0,3.0859,ACCEPT,0,1689,2508,27672,6,365,2537,0,0,0,0
56,0,1,1,ACCEPT,64.7769,10.1379,2646,0,-1,0.9494,147.30,274.61,63.29,94.52,227.50,219.50,53.00,75.00,0.0000,97.31,1,0,3.1125,ACCEPT,0,1502,2495,26724,6,365,2646,0,0,0,0
57,0,1,1,ACCEPT,71.1488,9.8073,2697,0,-1,0.8643,147.30,273.13,63.29,94.52,230.50,215.50,55.00,79.00,0.0000,101.21,1,0,3.1126,ACCEPT,0,1477,2574,25546,6,365,2697,0,0,0,0
58,0,1,1,ACCEPT,74.6824,9.6655,2687,-1,-1,0.8083,146.30,271.66,63.29,94.52,230.50,208.50,57.00,89.00,0.0000,105.25,1,0,3.1015,ACCEPT,0,1430,2532,25449,6,365,2687,0,0,0,0
59,0,1,1,ACCEPT,73.4789,10.6073,2620,-1,-1,0.8004,145.31,270.18,63.29,94.52,230.50,209.00,53.00,80.00,0.0000,104.88,1,0,3.1006,ACCEPT,0,1413,2583,25952,6,365,2620,0,0,0,0
60,0,1,1,ACCEPT,72.0000,10.3636,2736,-1,-1,0.8249,144.32,268.70,60.85,90.89,230.00,207.00,54.00,80.00,0.0000,105.59,1,-1,3.0533,ACCEPT,0,1472,2580,25353,6,365,2736,0,0,0,0
61,0,1,1,ACCEPT,68.8491,10.8770,2654,0,-1,0.9774,144.32,267.28,60.85,90.89,228.50,205.00,55.00,90.00,0.0000,104.71,1,0,3.1322,ACCEPT,0,1482,2565,22367,6,365,2654,0,0,0,0
62,0,1,1,ACCEPT,67.3773,11.1282,2604,-1,0,0.9747,143.37,267.28,60.85,90.89,228.00,201.50,54.00,93.00,0.0000,107.19,1,0,3.1153,ACCEPT,0,1479,2637,21817,6,365,2604,0,0,0,0
63,0,1,1,ACCEPT,71.2614,8.8801,2593,-1,-1,0.9422,142.41,265.86,60.85,90.89,226.50,200.50,55.00,93.00,0.0000,106.50,1,0,3.1937,ACCEPT,0,1505,2475,25214,6,365,2593,0,0,0,0
64,0,1,1,ACCEPT,73.8879,11.0787,2814,0,-1,0.9097,142.41,264.44,60.85,90.89,227.00,199.00,54.00,92.00,0.0000,106.94,1,0,3.1496,ACCEPT,0,1516,2460,27549,6,365,2814,0,0,0,0
65,0,1,1,ACCEPT,70.0774,10.2045,2745,0,-1,0.9716,142.41,263.02,60.85,90.89,228.50,194.50,55.00,97.00,0.0000,110.02,1,0,3.0691,ACCEPT,0,1555,2523,24574,6,365,2745,0,0,0,0
66,0,1,1,ACCEPT,70.9748,11.9676,2585,0,-1,0.8464,142.41,261.59,58.51,87.39,228.00,188.50,56.00,91.00,0.0000,112.55,1,-1,3.0709,ACCEPT,0,1442,2549,26244,6,365,2585,0,0,0,0
67,0,1,1,ACCEPT,37.9649,5.6121,2127,0,-2,0.7630,142.41,258.86,58.51,87.39,230.50,202.50,55.00,57.00,0.0000,104.57,1,0,2.9906,ACCEPT,0,1781,2958,20665,6,365,2127,0,0,0,0
68,0,1,1,ACCEPT,48.0986,6.9599,2255,0,0,1.0000,142.41,258.86,58.51,87.39,230.50,198.00,55.00,64.00,0.0000,107.07,1,0,3.1125,ACCEPT,0,1635,2855,21730,6,365,2255,0,0,0,0
69,0,1,1,ACCEPT,52.9662,9.0615,2356,0,-1,0.9189,142.41,257.49,58.51,87.39,230.00,198.50,54.00,59.00,0.0000,105.60,1,0,3.0940,ACCEPT,0,1580,2868,24237,6,365,2356,0,0,0,0
70,0,1,1,ACCEPT,57.5645,7.7649,2741,-1,0,0.9106,141.50,257.49,58.51,87.39,230.50,196.00,57.00,62.00,0.0000,108.18,1,0,3.1208,ACCEPT,0,1854,2954,23665,6,365,2741,0,0,0,0
71,0,1,1,ACCEPT,58.0608,5.9294,2603,-2,-1,0.7899,139.67,256.12,58.51,87.39,231.00,195.00,56.00,60.00,0.0000,109.90,1,0,2.8992,ACCEPT,0,1598,2874,24037,6,365,2603,0,0,0,0
72,0,1,1,ACCEPT,56.8183,6.6658,2593,0,0,1.0000,139.67,256.12,58.51,87.39,230.50,191.00,55.00,66.00,0.0000,111.76,1,0,2.8935,ACCEPT,0,1590,2793,25150,6,365,2593,0,0,0,0
73,0,1,1,ACCEPT,64.7338,7.6853,2882,0,0,1.0000,139.67,256.12,58.51,87.39,230.50,190.00,55.00,66.00,0.0000,112.35,1,0,2.8833,ACCEPT,0,1633,2838,23796,6,365,2882,0,0,0,0
74,0,1,1,ACCEPT,73.0043,8.0986,2794,0,0,1.0000,139.67,256.12,58.51,87.39,231.50,190.00,55.00,66.00,0.0000,113.16,1,0,2.9016,ACCEPT,0,1565,2824,22356,6,365,2794,0,0,0,0
75,0,1,1,ACCEPT,72.6599,7.6765,2610,0,0,1.0000,139.67,256.12,56.26,84.03,232.00,188.50,56.00,67.00,0.0000,114.44,1,-1,2.8379,ACCEPT,0,1475,2911,20342,6,365,2610,0,0,0,0
76,0,1,1,ACCEPT,68.5004,7.9410,2422,0,0,1.0000,139.67,256.12,56.26,84.03,232.00,188.50,58.00,65.00,0.0000,114.44,1,0,2.9614,ACCEPT,0,1354,2909,18452,6,365,2422,0,0,0,0
77,0,1,1,ACCEPT,79.0483,9.0278,2275,0,0,1.0000,139.67,256.12,56.26,84.03,232.00,188.00,56.00,66.00,0.0000,114.74,1,0,3.0018,ACCEPT,0,1430,2882,20958,6,365,2275,0,0,0,0
78,0,1,1,ACCEPT,85.0718,9.5878,2349,0,0,1.0000,139.67,256.12,56.26,84.03,231.00,189.00,54.00,66.00,0.0000,113.34,1,0,3.0408,ACCEPT,0,1373,2908,22063,6,365,2349,0,0,0,0
79,0,1,1,ACCEPT,47.2300,5.3582,1870,1,1,0.9631,140.55,257.44,56.26,84.03,232.50,172.50,53.00,97.00,0.0000,125.17,1,0,2.9121,ACCEPT,0,1410,2613,29462,6,365,1870,0,0,0,0
80,0,1,1,ACCEPT,50.3618,5.0602,2606,1,0,0.8941,141.44,257.44,56.26,84.03,234.50,172.50,51.00,97.00,0.0000,126.00,1,0,2.8933,ACCEPT,0,1702,2565,29270,6,365,2606,0,0,0,0
81,0,1,1,ACCEPT,58.0362,4.9536,2992,2,0,0.6731,143.20,257.44,56.26,84.03,236.50,170.00,51.00,102.00,0.0000,127.87,1,0,2.9217,ACCEPT,0,1811,2392,29588,6,365,2992,0,0,0,0
82,0,1,1,ACCEPT,61.8659,6.3361,3073,1,-1,0.9515,144.09,256.12,56.26,84.03,238.00,170.50,50.00,97.00,0.0000,127.09,1,0,2.9851,ACCEPT,0,1943,2536,27130,6,365,3073,0,0,0,0
83,0,1,1,ACCEPT,61.7966,5.7632,3066,0,0,1.0000,144.09,256.12,54.10,80.80,241.00,167.00,48.00,102.00,0.0000,131.66,1,-1,2.8812,ACCEPT,0,1825,2521,29106,6,365,3066,0,0,0,0
84,0,1,1,ACCEPT,48.2868,6.1879,2865,2,-1,0.6562,145.77,254.86,54.10,80.80,243.50,166.00,47.00,102.00,0.0000,132.09,1,0,3.0203,ACCEPT,0,1996,2599,26850,6,365,2865,0,0,0,0
85,0,1,1,ACCEPT,54.5589,7.1311,2938,1,-1,0.8805,146.62,253.59,54.10,80.80,246.50,164.50,47.00,101.00,0.0000,133.84,1,0,3.0094,ACCEPT,0,1957,2720,24248,6,365,2938,0,0,0,0
86,0,1,1,ACCEPT,55.1395,6.4558,2918,0,-1,0.9524,146.62,252.33,54.10,80.80,248.50,161.50,45.00,109.00,0.0000,136.49,1,0,2.9330,ACCEPT,0,1939,2635,23971,6,365,2918,0,0,0,0
87,0,1,1,ACCEPT,58.4581,6.9606,3000,-1,1,0.7473,145.77,253.59,54.10,80.80,251.00,161.50,46.00,109.00,0.0000,139.84,1,0,2.9697,ACCEPT,0,1970,2753,25921,6,365,3000,0,0,0,0
88,0,1,1,ACCEPT,57.7301,8.1706,3113,0,-1,0.8522,145.77,252.33,54.10,80.80,254.50,156.50,41.00,109.00,0.0000,144.93,1,0,3.0017,ACCEPT,0,1974,2650,25048,6,365,3113,0,0,0,0
89,0,1,1,ACCEPT,65.7882,9.7500,3042,0,-2,0.7048,145.77,249.80,54.10,80.80,256.50,155.50,43.00,105.00,0.0000,145.44,1,0,3.0744,ACCEPT,0,1928,2665,26415,6,365,3042,0,0,0,0
90,0,1,1,ACCEPT,71.4526,11.7711,2931,0,-2,0.7752,145.77,247.27,54.10,80.80,254.50,153.50,39.00,107.00,0.0000,143.57,1,0,3.0542,ACCEPT,0,1726,2688,26232,6,365,2931,0,0,0,0
91,0,1,1,ACCEPT,38.6523,5.9866,2227,0,-1,0.9430,145.77,246.00,54.10,80.80,256.00,150.50,40.00,107.00,0.0000,145.84,1,0,2.9542,ACCEPT,0,2083,3043,18105,6,365,2227,0,0,0,0
92,0,1,1,ACCEPT,43.1651,6.6852,2039,-1,-2,0.6013,144.93,243.47,54.10,80.80,256.50,149.00,37.00,106.00,0.0000,146.19,1,0,2.9105,ACCEPT,0,1874,2880,20545,6,365,2039,0,0,0,0
93,0,1,1,ACCEPT,49.0153,7.7560,2257,0,-3,0.5512,144.93,239.67,54.10,80.80,256.00,144.50,42.00,103.00,0.0000,146.27,1,0,2.8936,ACCEPT,0,1971,2837,19177,6,365,2257,0,0,0,0
94,0,1,1,ACCEPT,45.6655,6.2824,2136,-1,-4,0.2617,144.09,234.61,54.10,80.80,255.50,140.00,37.00,108.00,0.0000,146.16,1,0,2.8799,ACCEPT,0,1802,3166,20129,6,365,2136,0,0,0,0
95,0,1,1,ACCEPT,48.2643,5.8341,2427,-1,-5,0.0486,143.24,228.28,54.10,80.80,258.00,138.00,36.00,100.00,0.0000,146.01,1,0,2.9210,ACCEPT,0,2060,3207,21524,6,365,2427,0,0,0,0
96,0,1,1,ACCEPT,54.5275,7.5685,2596,0,-3,0.3166,143.24,224.48,54.10,80.80,259.50,129.00,39.00,96.00,0.0000,150.44,1,0,2.8310,ACCEPT,0,1893,3120,22722,6,365,2596,0,0,0,0
97,0,1,1,ACCEPT,58.9277,6.8538,2673,0,-3,0.3296,143.24,220.69,54.10,80.80,259.50,129.00,39.00,98.00,0.0000,148.06,1,0,2.7105,ACCEPT,0,1723,3071,23253,6,365,2673,0,0,0,0
98,0,1,1,ACCEPT,58.6876,9.8923,2572,-1,-5,0.0972,142.40,214.36,54.10,80.80,257.50,121.00,39.00,98.00,0.0000,148.20,1,0,2.8100,ACCEPT,0,1744,3119,21916,6,365,2572,0,0,0,0
99,0,1,1,ACCEPT,46.9440,7.1556,2254,0,-4,0.2289,142.40,209.30,54.10,80.80,255.00,117.00,46.00,98.00,0.0000,145.59,1,0,2.7148,ACCEPT,0,1668,3001,22513,6,365,2254,0,0,0,0
100,0,1,1,ACCEPT,47.9091,6.6676,2307,-1,-5,0.1521,141.55,202.97,54.10,80.80,257.00,108.00,48.00,102.00,0.0000,149.49,1,0,2.8959,ACCEPT,0,1691,2853,20902,6,365,2307,0,0,0,0
101,0,1,1,ACCEPT,48.3446,6.6593,2111,-3,-4,0.1606,139.02,197.91,54.10,80.80,256.50,108.00,47.00,104.00,0.0000,147.93,1,0,2.8950,ACCEPT,0,1530,2875,19564,6,365,2111,0,0,0,0
102,0,1,1,ACCEPT,53.5857,6.9175,2013,-1,-3,0.3780,138.18,194.11,54.10,80.80,254.50,106.00,41.00,100.00,0.0000,145.92,1,0,2.8690,ACCEPT,0,1352,2953,20736,6,365,2013,0,0,0,0
103,0,1,1,ACCEPT,35.7174,3.9912,1824,-2,-2,0.5263,136.49,191.58,54.10,80.80,254.50,87.00,43.00,78.00,0.0000,157.68,1,0,2.7829,ACCEPT,0,1606,3136,21954,6,365,1824,0,0,0,0
104,0,1,1,ACCEPT,42.0572,7.0550,2307,-2,-3,0.2510,134.80,187.78,54.10,80.80,249.50,84.50,47.00,81.00,0.0000,154.34,1,0,2.7288,ACCEPT,0,1843,3198,20835,6,365,2307,0,0,0,0
105,0,1,1,ACCEPT,42.2385,5.4364,2479,-2,-3,0.1271,133.12,183.98,52.02,77.69,253.50,84.50,53.00,87.00,0.0000,156.17,1,-1,2.6979,ACCEPT,0,1853,3272,20281,6,365,2479,0,0,0,0
106,0,1,1,ACCEPT,43.7228,4.8285,2506,0,-2,0.7219,133.12,181.56,52.02,77.69,252.50,84.00,53.00,88.00,0.0000,154.18,1,0,2.7608,ACCEPT,0,1890,3318,18590,6,365,2506,0,0,0,0
107,0,1,1,ACCEPT,46.4391,4.8019,2497,-2,0,0.6904,131.49,181.56,52.02,77.69,250.00,87.00,56.00,92.00,0.0000,151.61,1,0,2.7607,ACCEPT,0,1763,3475,17619,6,365,2497,0,0,0,0
108,0,1,1,ACCEPT,47.5982,5.0722,2389,-1,0,0.9154,130.68,181.56,52.02,77.69,252.00,90.00,54.00,90.00,0.0000,151.99,1,0,2.7338,ACCEPT,0,1857,3300,17806,6,365,2389,0,0,0,0
109,0,1,1,ACCEPT,43.2004,6.0052,2288,-1,0,0.8081,129.87,181.56,52.02,77.69,249.00,89.50,52.00,91.00,0.0000,150.56,1,0,2.6929,ACCEPT,0,1803,3060,20723,6,365,2288,0,0,0,0
110,0,1,1,ACCEPT,41.2567,4.6389,2287,-1,0,0.8693,129.05,181.56,50.02,74.70,252.50,92.00,53.00,90.00,0.0000,152.51,1,-1,2.6544,ACCEPT,0,1889,3181,19839,6,365,2287,0,0,0,0
111,0,1,1,ACCEPT,46.8715,5.0720,2394,0,0,1.0000,129.05,181.56,50.02,74.70,246.50,95.00,59.00,94.00,0.0000,145.90,1,0,2.7101,ACCEPT,0,1900,3210,19586,6,365,2394,0,0,0,0
112,0,1,1,ACCEPT,42.8067,6.3886,2236,0,0,1.0000,129.05,181.56,50.02,74.70,247.50,97.00,59.00,96.00,0.0000,145.53,1,0,2.6830,ACCEPT,0,1771,3239,20182,6,365,2236,0,0,0,0
113,0,1,1,ACCEPT,43.2468,5.3092,2198,0,1,0.8490,129.05,182.73,50.02,74.70,248.50,102.00,61.00,98.00,0.0000,144.17,1,0,2.7144,ACCEPT,0,1843,2896,24074,6,365,2198,0,0,0,0
114,0,1,1,ACCEPT,40.2692,5.1281,2282,0,1,0.8234,129.05,183.89,50.02,74.70,244.50,107.00,51.00,96.00,0.0000,138.71,1,0,2.6535,ACCEPT,0,1888,2845,24977,6,365,2282,0,0,0,0
115,0,1,1,ACCEPT,26.4796,3.1598,1760,0,2,0.8057,129.05,186.22,48.09,71.83,245.50,111.00,57.00,92.00,0.0000,138.63,1,-1,2.5121,ACCEPT,0,2016,2872,20550,6,365,1760,0,0,0,0
116,0,1,1,ACCEPT,31.3784,4.4347,1765,0,1,0.8295,129.05,187.34,46.24,69.07,244.50,114.00,55.00,92.00,0.0000,136.77,1,-1,2.5195,ACCEPT,0,2024,2701,20608,6,365,1765,0,0,0,0
117,0,1,1,ACCEPT,33.6422,5.7584,1716,1,1,0.9732,129.77,188.42,44.47,66.41,245.50,117.00,55.00,96.00,0.0000,135.99,1,-1,2.5325,ACCEPT,0,1526,2436,24776,6,365,1716,0,0,0,0
118,0,1,1,ACCEPT,33.2971,3.8486,1805,0,-1,0.9280,129.77,187.38,44.47,66.41,247.00,116.50,60.00,97.00,0.0000,136.99,1,0,2.5986,ACCEPT,0,1605,2349,20963,6,365,1805,0,0,0,0
119,0,1,1,ACCEPT,37.9394,4.4539,1982,1,-1,0.8607,130.47,186.34,42.76,63.86,251.50,117.00,63.00,98.00,0.0000,139.49,1,-1,2.6290,ACCEPT,0,1682,2414,22401,6,365,1982,0,0,0,0
120,0,1,1,ACCEPT,38.9347,5.4689,1936,3,1,0.5119,132.48,187.34,42.76,63.86,249.50,118.00,63.00,98.00,0.0000,136.02,1,0,2.6365,ACCEPT,0,1715,2373,21598,6,365,1936,0,0,0,0
121,0,1,1,ACCEPT,42.6499,5.5279,1885,2,0,0.7719,133.83,187.34,41.11,61.40,253.00,118.50,64.00,97.00,0.0000,137.63,1,-1,2.7659,ACCEPT,0,1521,2335,20121,6,365,1885,0,0,0,0
122,0,1,1,ACCEPT,37.2445,7.7523,1721,0,1,0.9163,133.83,188.30,41.11,61.40,255.00,119.00,68.00,104.00,0.0000,139.59,1,0,2.8166,ACCEPT,0,1494,2302,17706,6,365,1721,0,0,0,0
123,0,1,1,ACCEPT,42.6058,7.6079,1727,0,1,0.9647,133.83,189.27,41.11,61.40,254.50,121.00,63.00,102.00,0.0000,138.64,1,0,2.6601,ACCEPT,0,1442,2275,17173,6,365,1727,0,0,0,0
124,0,1,1,ACCEPT,52.3448,8.3732,1750,0,0,1.0000,133.83,189.27,41.11,61.40,256.00,118.50,68.00,105.00,0.0000,141.19,1,0,2.8546,ACCEPT,0,1289,2480,17548,6,365,1750,0,0,0,0
125,0,1,1,ACCEPT,55.9017,7.5210,1790,0,1,0.9453,133.83,190.23,39.53,59.04,254.00,120.50,64.00,101.00,0.0000,138.94,1,-1,2.8132,ACCEPT,0,1163,2515,17094,6,365,1790,0,0,0,0
126,0,1,1,ACCEPT,46.6858,7.3980,1487,1,2,0.7068,134.45,192.07,39.53,59.04,256.00,121.50,66.00,103.00,0.0000,140.56,1,-1,2.5737,OUT_OF_RANGE,0,1092,2526,16614,6,365,1487,0,0,0,0
127,0,1,1,ACCEPT,30.6778,4.0544,1192,2,0,0.7290,135.68,192.07,39.53,59.04,254.50,124.50,63.00,99.00,0.0000,136.69,1,0,2.6758,ACCEPT,0,1134,2647,22471,6,365,1192,0,0,0,0
128,0,1,1,ACCEPT,34.4660,4.3652,1781,0,1,0.8608,135.68,192.99,39.53,59.04,256.00,126.50,64.00,97.00,0.0000,137.47,1,0,2.7718,ACCEPT,0,1596,2360,22585,6,365,1781,0,0,0,0
129,0,1,1,ACCEPT,36.2969,4.4380,1682,2,1,0.7206,136.91,193.91,39.53,59.04,256.50,126.50,61.00,101.00,0.0000,137.28,1,0,2.7200,ACCEPT,0,1645,2185,21026,6,365,1682,0,0,0,0
130,0,1,1,ACCEPT,44.7324,7.9950,1607,1,2,0.6198,137.53,195.76,39.53,59.04,256.00,121.00,60.00,114.00,0.0000,140.08,1,0,2.7076,ACCEPT,0,1285,2395,22617,6,365,1607,0,0,0,0
131,0,1,1,ACCEPT,41.2434,6.6952,1801,-1,3,0.4725,136.91,198.52,39.53,59.04,256.50,124.00,63.00,116.00,0.0000,140.91,1,0,2.5833,ACCEPT,0,1569,2544,22386,6,365,1801,0,0,0,0
132,0,1,1,ACCEPT,45.4983,6.2169,1834,1,2,0.5333,137.53,200.37,39.53,59.04,257.00,126.00,62.00,110.00,0.0000,140.72,1,0,2.6101,ACCEPT,0,1441,2476,23298,6,365,1834,0,0,0,0
133,0,1,1,ACCEPT,43.6660,5.1829,1757,-2,5,0.1964,136.30,204.98,39.53,59.04,255.50,131.00,61.00,114.00,0.0000,140.29,1,-1,2.4465,OUT_OF_RANGE,0,1479,2427,21910,6,365,1757,0,0,0,0
134,0,1,1,ACCEPT,45.1371,6.2143,1740,-1,3,0.5305,135.68,207.74,39.53,59.04,252.50,140.00,61.00,106.00,0.0000,135.04,1,-1,2.4863,OUT_OF_RANGE,0,1413,2368,22159,6,365,1740,0,0,0,0
135,0,1,1,ACCEPT,46.7497,6.6100,1712,-3,3,0.2780,133.83,210.51,39.53,59.04,249.00,143.00,58.00,102.00,0.0000,133.50,1,-1,2.4365,OUT_OF_RANGE,0,1488,2162,21518,6,365,1712,0,0,0,0
136,0,1,1,ACCEPT,46.1529,7.5146,1548,-1,3,0.5284,133.21,213.27,39.53,59.04,247.50,144.50,57.00,101.00,0.0000,133.39,1,-1,2.4181,OUT_OF_RANGE,0,1341,2194,19283,6,365,1548,0,0,0,0
137,0,1,1,ACCEPT,47.6112,5.6642,1535,-1,3,0.4306,132.59,216.04,39.53,59.04,245.00,146.00,56.00,102.00,0.0000,132.44,1,-1,2.3285,OUT_OF_RANGE,0,1235,2301,19550,6,365,1535,0,0,0,0
138,0,1,1,ACCEPT,51.2029,6.8482,1760,-2,1,0.5778,131.36,216.96,39.53,59.04,243.50,151.00,57.00,100.00,0.0000,130.10,1,-1,2.1942,OUT_OF_RANGE,0,1314,2275,17651,6,365,1760,0,0,0,0
139,0,1,1,ACCEPT,32.4430,4.7545,1317,0,0,1.0000,131.36,216.96,39.53,59.04,242.50,151.50,57.00,95.00,0.0000,128.99,1,-1,2.3648,OUT_OF_RANGE,0,1336,2198,13326,6,365,1317,0,0,0,0
140,0,1,1,ACCEPT,41.3802,6.0509,1307,-1,1,0.9855,130.74,217.88,39.53,59.04,240.00,152.00,56.00,98.00,0.0000,127.58,1,-2,2.3107,OUT_OF_RANGE,0,1077,2195,14921,6,365,1307,0,0,0,0
141,0,1,1,ACCEPT,44.0321,6.3596,1450,-1,0,0.8972,130.12,217.88,39.53,59.04,239.50,152.00,55.00,96.00,0.0000,127.68,1,-2,2.3154,OUT_OF_RANGE,0,1093,2139,15379,6,365,1450,0,0,0,0
142,0,1,1,ACCEPT,39.8638,4.8007,1373,0,1,0.8667,130.12,218.80,39.53,59.04,236.50,153.50,59.00,95.00,0.0000,124.82,1,-2,2.2127,OUT_OF_RANGE,0,1059,2114,14281,6,365,1373,0,0,0,0
143,0,1,1,ACCEPT,45.8065,6.2534,1382,0,0,1.0000,130.12,218.80,39.53,59.04,236.50,153.50,57.00,91.00,0.0000,124.82,1,-1,2.2291,OUT_OF_RANGE,0,1004,2050,15142,6,365,1382,0,0,0,0
144,0,1,1,ACCEPT,53.4643,7.5604,1565,0,1,0.8435,130.12,219.73,39.53,59.04,237.50,152.50,55.00,91.00,0.0000,126.68,1,-1,2.1442,OUT_OF_RANGE,0,1026,2128,16357,6,365,1565,0,0,0,0
145,0,1,1,ACCEPT,51.7160,6.5806,1632,-1,2,0.5797,129.51,221.57,39.53,59.04,237.00,155.00,54.00,92.00,0.0000,126.44,1,-2,2.2245,OUT_OF_RANGE,0,1056,2126,17994,6,365,1632,0,0,0,0
146,0,1,1,ACCEPT,54.8959,9.3041,1805,-1,2,0.5524,128.89,223.41,39.53,59.04,236.50,156.50,53.00,93.00,0.0000,126.72,1,-2,2.2333,OUT_OF_RANGE,0,1137,2437,18521,6,365,1805,0,0,0,0
147,0,1,1,ACCEPT,51.2765,6.9755,1709,0,4,0.2551,128.89,227.10,39.53,59.04,234.50,158.50,55.00,93.00,0.0000,125.93,1,-3,1.9555,MAX_STEP,0,1131,2506,18550,6,365,1709,0,0,0,0
148,0,1,1,ACCEPT,52.4956,7.5022,1688,-1,2,0.5972,128.27,228.95,39.53,59.04,233.00,160.50,54.00,95.00,0.0000,125.11,1,-2,2.0094,OUT_OF_RANGE,0,1136,2427,17841,6,365,1688,0,0,0,0
149,0,1,1,ACCEPT,54.8243,8.2249,1719,-1,2,0.6015,127.66,230.79,39.53,59.04,232.00,161.50,54.00,95.00,0.0000,125.25,1,-2,2.0344,OUT_OF_RANGE,0,1046,2435,19909,6,365,1719,0,0,0,0
150,0,1,1,ACCEPT,56.2310,7.7876,1760,-3,2,0.3386,125.80,232.63,39.53,59.04,231.50,163.00,53.00,100.00,0.0000,126.57,1,-5,1.8754,MAX_STEP,0,1200,2458,20065,6,365,1760,0,0,0,0
151,0,1,1,ACCEPT,31.9567,3.9809,1250,-1,1,0.7920,125.19,233.55,39.53,59.04,226.50,166.50,51.00,97.00,0.0000,121.49,1,-3,1.9563,MAX_STEP,0,1085,2436,20519,6,365,1250,0,0,0,0
152,0,1,1,ACCEPT,35.1080,5.8384,1337,-2,1,0.6462,123.95,234.48,39.53,59.04,226.50,166.50,51.00,97.00,0.0000,123.03,1,-3,2.0017,MAX_STEP,0,1281,2434,16946,6,365,1337,0,0,0,0
153,0,1,1,ACCEPT,35.8565,4.9297,1262,-2,3,0.2559,122.72,237.24,39.53,59.04,224.50,169.00,49.00,96.00,0.0000,122.54,1,-6,2.1583,MAX_STEP,0,1307,2474,16070,6,365,1262,0,0,0,0
154,0,1,1,ACCEPT,36.1845,4.7842,1153,-2,2,0.5108,121.48,239.09,39.53,59.04,224.00,176.00,52.00,90.00,0.0000,120.37,1,-7,2.1861,MAX_STEP,0,1064,2272,15249,6,365,1153,0,0,0,0
155,0,1,1,ACCEPT,30.2474,4.0038,1061,-1,2,0.6626,120.87,240.93,39.53,59.04,221.00,175.50,50.00,95.00,0.0000,119.61,1,-7,1.8633,MAX_STEP,0,1150,2308,14656,6,365,1061,0,0,0,0
156,0,1,1,ACCEPT,28.2153,3.8617,977,-4,2,0.2477,118.40,242.77,39.53,59.04,220.50,178.00,53.00,86.00,0.0000,120.91,1,-8,1.9154,MAX_STEP,0,1203,2360,14304,6,365,977,0,0,0,0
157,0,1,1,ACCEPT,28.2271,2.7664,888,-2,2,0.5664,117.16,244.62,39.53,59.04,217.50,181.00,51.00,84.00,0.0000,118.80,1,-8,1.8848,MAX_STEP,0,985,2496,16608,6,365,888,0,0,0,0
158,0,1,1,ACCEPT,27.1291,2.6829,880,-3,3,0.3330,115.31,247.38,39.53,59.04,215.50,184.50,53.00,85.00,0.0000,118.29,1,-9,2.0311,MAX_STEP,0,1018,2546,15000,6,365,880,0,0,0,0
159,0,1,1,ACCEPT,25.1031,2.4677,802,-2,4,0.4850,114.08,251.07,39.53,59.04,215.00,190.50,54.00,81.00,0.0000,117.70,1,-10,2.0661,MAX_STEP,0,976,2445,16243,6,365,802,0,0,0,0
160,0,1,1,ACCEPT,29.9137,2.6444,870,-3,2,0.4609,112.23,252.91,39.53,59.04,213.00,190.00,52.00,80.00,0.0000,118.80,1,-10,2.1304,MAX_STEP,0,934,2439,17739,6,365,870,0,0,0,0
161,0,1,1,ACCEPT,32.3604,3.3647,858,-1,2,0.7459,111.61,254.76,39.53,59.04,210.00,196.50,52.00,77.00,0.0000,114.34,1,-11,2.1766,MAX_STEP,0,941,2635,14189,6,365,858,0,0,0,0
162,0,1,1,ACCEPT,33.5486,3.2984,851,-3,2,0.3866,109.76,256.60,39.53,59.04,211.00,198.00,54.00,76.00,0.0000,116.98,1,-12,2.1596,MAX_STEP,0,820,2571,13728,6,365,851,0,0,0,0
163,0,1,1,ACCEPT,18.9210,2.4566,538,-1,2,0.7435,109.14,258.45,39.53,59.04,209.50,202.50,55.00,75.00,0.0000,114.90,1,-12,2.2611,MAX_STEP,0,782,2771,20878,6,365,538,0,0,0,0
164,0,1,1,ACCEPT,27.0430,3.1574,963,0,3,0.4777,109.14,261.21,39.53,59.04,208.50,204.50,55.00,71.00,0.0000,114.40,1,-13,2.0084,MAX_STEP,0,1018,2880,23214,6,365,963,0,0,0,0
165,0,1,1,ACCEPT,30.9845,4.4392,1132,0,2,0.7977,109.14,263.05,39.53,59.04,208.50,208.50,55.00,65.00,0.0000,113.35,1,-14,1.8270,MAX_STEP,0,1233,2747,23003,6,365,1132,0,0,0,0
166,0,1,1,ACCEPT,34.0105,3.8700,1161,0,1,0.8312,109.14,263.98,39.53,59.04,208.50,208.50,53.00,67.00,0.0000,113.80,1,-14,2.0815,MAX_STEP,0,1140,2785,25219,6,365,1161,0,0,0,0
167,0,1,1,ACCEPT,36.3169,4.1491,1336,0,2,0.7665,109.14,265.82,39.53,59.04,208.00,210.00,56.00,70.00,0.0000,113.53,1,-14,1.7554,MAX_STEP,0,1229,2811,26818,6,365,1336,0,0,0,0
168,0,1,1,ACCEPT,40.6080,4.0139,1445,0,1,0.8512,109.14,266.74,39.53,59.04,208.00,209.50,54.00,73.00,0.0000,114.24,1,-14,2.1582,MAX_STEP,0,1219,2826,26510,6,365,1445,0,0,0,0
169,0,1,1,ACCEPT,46.7588,5.7061,1495,0,2,0.7619,109.14,268.59,39.53,59.04,206.50,213.00,53.00,72.00,0.0000,112.11,1,-15,1.9070,MAX_STEP,0,1092,2952,25637,6,365,1495,0,0,0,0
170,0,1,1,ACCEPT,45.4077,4.8066,1466,0,1,0.9932,109.14,269.51,39.53,59.04,207.00,217.00,52.00,60.00,0.0000,111.06,1,-15,2.0395,MAX_STEP,0,1086,2842,26369,6,365,1466,0,0,0,0
171,0,1,1,ACCEPT,50.8991,6.0175,1715,0,0,1.0000,109.14,269.51,39.53,59.04,207.00,218.50,52.00,59.00,0.0000,110.36,1,-14,2.1823,MAX_STEP,0,1135,2804,26018,6,365,1715,0,0,0,0
172,0,1,1,ACCEPT,54.7244,6.9921,1776,-1,1,0.8671,108.52,270.43,39.53,59.04,206.00,221.00,52.00,56.00,0.0000,109.29,1,-15,2.1451,MAX_STEP,0,1142,2775,26897,6,365,1776,0,0,0,0
173,0,1,1,ACCEPT,56.1031,7.3294,1847,-2,1,0.4358,107.29,271.35,39.53,59.04,205.50,222.50,53.00,55.00,0.0000,109.69,1,16,1.6162,AT_SEARCH_RAIL,0,1160,2718,29600,6,365,1847,0,0,0,0
174,0,1,1,ACCEPT,57.1395,8.7636,1928,0,0,1.0000,107.29,271.35,39.53,59.04,204.50,222.50,51.00,53.00,0.0000,108.80,1,16,1.9155,AT_SEARCH_RAIL,0,1152,2915,30113,6,365,1928,0,0,0,0
175,0,1,1,ACCEPT,33.0180,3.8852,1387,-2,1,0.5696,106.05,272.27,39.53,59.04,200.50,223.50,57.00,49.00,0.0000,106.30,1,16,1.4392,AT_SEARCH_RAIL,0,1441,2657,18142,6,365,1387,0,0,0,0
176,0,1,1,ACCEPT,39.3411,4.9240,1231,-3,0,0.3769,104.20,272.27,39.53,59.04,198.00,224.00,56.00,46.00,0.0000,105.49,1,15,1.3497,MAX_STEP,0,1193,2554,15070,6,365,1231,0,0,0,0
177,0,1,1,ACCEPT,40.4428,4.3915,1133,-3,0,0.4890,102.35,272.27,39.53,59.04,195.50,223.50,57.00,43.00,0.0000,105.15,1,15,1.6938,MAX_STEP,0,1045,2505,16822,6,365,1133,0,0,0,0
178,0,1,1,ACCEPT,37.2125,3.9321,1101,-2,0,0.4896,101.12,272.27,39.53,59.04,194.00,224.00,56.00,40.00,0.0000,104.68,1,15,1.8696,MAX_STEP,0,1081,2477,19482,6,365,1101,0,0,0,0
179,0,1,1,ACCEPT,40.9890,4.7815,1291,-3,1,0.2463,99.27,273.20,39.53,59.04,189.50,225.00,55.00,36.00,0.0000,102.30,1,14,1.6467,MAX_STEP,0,1099,2428,20216,6,365,1291,0,0,0,0
180,0,1,1,ACCEPT,39.7070,5.8413,1215,-3,1,0.3490,97.41,274.12,39.53,59.04,188.00,225.50,52.00,35.00,0.0000,102.81,1,14,1.2269,MAX_STEP,0,1096,2439,18944,6,365,1215,0,0,0,0
181,0,1,1,ACCEPT,41.9855,4.6148,1246,-2,0,0.5474,96.18,274.12,39.53,59.04,185.50,226.00,53.00,34.00,0.0000,101.46,1,13,1.7329,MAX_STEP,0,1084,2416,19625,6,365,1246,0,0,0,0
182,0,1,1,ACCEPT,46.7136,5.6987,1305,-3,1,0.3824,94.33,275.04,39.53,59.04,184.50,226.00,53.00,34.00,0.0000,102.64,1,13,1.6132,MAX_STEP,0,1057,2512,20069,6,365,1305,0,0,0,0
183,0,1,1,ACCEPT,47.5923,5.8843,1271,-2,0,0.6436,93.09,275.04,39.53,59.04,179.50,226.50,57.00,35.00,0.0000,99.11,1,11,1.7721,MAX_STEP,0,979,2579,18501,6,365,1271,0,0,0,0
184,0,1,1,ACCEPT,52.8029,7.3387,1365,-2,1,0.6586,91.86,275.96,39.53,59.04,176.50,230.00,57.00,30.00,0.0000,96.31,1,12,1.6124,MAX_STEP,0,952,2707,18742,6,365,1365,0,0,0,0
185,0,1,1,ACCEPT,55.6954,7.7059,1441,-2,0,0.6669,90.62,275.96,39.53,59.04,174.50,229.50,57.00,31.00,0.0000,95.88,1,10,1.5426,MAX_STEP,0,947,2729,20363,6,365,1441,0,0,0,0
186,0,1,1,ACCEPT,58.0714,7.7047,1487,-1,1,0.7996,90.01,276.88,39.53,59.04,173.00,230.00,56.00,32.00,0.0000,95.32,1,7,1.5759,MAX_STEP,0,966,2723,20299,6,365,1487,0,0,0,0
187,0,1,1,ACCEPT,35.5933,4.5371,1039,0,0,1.0000,90.01,276.88,39.53,59.04,171.00,231.00,54.00,30.00,0.0000,93.09,1,10,1.8643,MAX_STEP,0,982,2646,20150,6,365,1039,0,0,0,0
188,0,1,1,ACCEPT,40.1401,4.7107,1140,-1,1,0.9868,89.39,277.80,39.53,59.04,170.50,232.00,57.00,28.00,0.0000,93.15,1,6,1.8082,MAX_STEP,0,934,2736,18558,6,365,1140,0,0,0,0
189,0,1,1,ACCEPT,43.7690,5.3911,1337,1,0,0.8945,90.01,277.80,39.53,59.04,169.50,234.00,55.00,26.00,0.0000,90.76,1,8,1.9349,MAX_STEP,0,991,2720,18848,6,365,1337,0,0,0,0
190,0,1,1,ACCEPT,49.0151,7.2150,1443,-2,1,0.6161,88.77,278.73,39.53,59.04,166.00,235.00,56.00,22.00,0.0000,88.75,1,8,1.8235,MAX_STEP,0,1072,2714,18986,6,365,1443,0,0,0,0
191,0,1,1,ACCEPT,51.3400,6.7619,1420,0,1,0.8951,88.77,279.65,39.53,59.04,163.50,236.50,57.00,21.00,0.0000,86.29,1,7,1.9140,MAX_STEP,0,1030,2804,21089,6,365,1420,0,0,0,0
192,0,1,1,ACCEPT,54.3253,5.9805,1531,-1,1,0.7322,88.16,280.57,39.53,59.04,162.50,240.00,61.00,20.00,0.0000,84.69,1,7,2.0773,MAX_STEP,0,1243,2785,19830,6,365,1531,0,0,0,0
193,0,1,1,ACCEPT,52.1715,6.1739,1420,0,2,0.8014,88.16,282.41,39.53,59.04,161.00,239.50,64.00,17.00,0.0000,84.54,1,7,2.0488,MAX_STEP,0,1033,2868,19223,6,365,1420,0,0,0,0
194,0,1,1,ACCEPT,54.9085,5.8625,1577,-1,2,0.6500,87.54,284.26,39.53,59.04,152.00,240.50,78.00,23.00,0.0000,77.91,1,5,1.5767,MAX_STEP,0,1053,2923,17693,6,365,1577,0,0,0,0
195,0,1,1,ACCEPT,59.2869,7.4424,1615,-1,1,0.7474,86.92,285.18,39.53,59.04,150.50,244.00,81.00,18.00,0.0000,75.75,1,8,1.6078,MAX_STEP,0,1126,2799,17903,6,365,1615,0,0,0,0
196,0,1,1,ACCEPT,63.9549,8.9792,1724,0,2,0.7187,86.92,287.02,39.53,59.04,147.50,245.00,77.00,18.00,0.0000,73.73,1,6,1.6759,MAX_STEP,0,1093,2925,19510,6,365,1724,0,0,0,0
197,0,1,1,ACCEPT,63.5659,6.7351,1805,0,1,0.9263,86.92,287.95,39.53,59.04,147.00,248.00,76.00,18.00,0.0000,72.15,1,6,1.9176,MAX_STEP,0,1104,2871,19388,6,365,1805,0,0,0,0
198,0,1,1,ACCEPT,68.0483,7.4583,1790,-1,1,0.7810,86.30,288.87,39.53,59.04,144.00,249.50,72.00,19.00,0.0000,69.85,1,6,2.0989,MAX_STEP,0,1011,2913,21152,6,365,1790,0,0,0,0
199,0,1,1,ACCEPT,36.1676,4.3839,1359,-1,1,0.8079,85.69,289.79,39.53,59.04,145.00,251.00,66.00,16.00,0.0000,70.87,1,6,2.1454,MAX_STEP,0,1147,2792,20590,6,365,1359,0,0,0,0
200,0,1,1,ACCEPT,36.4982,4.2109,1238,-1,2,0.7262,85.07,291.63,39.53,59.04,139.50,250.00,65.00,12.00,0.0000,68.53,1,6,1.8404,MAX_STEP,0,1101,2805,20749,6,365,1238,0,0,0,0
201,0,1,1,ACCEPT,41.3794,5.5923,1303,-1,1,0.9064,84.45,292.55,39.53,59.04,139.50,251.50,63.00,13.00,0.0000,68.67,1,6,2.0302,MAX_STEP,0,1095,2710,20591,6,365,1303,0,0,0,0
202,0,1,1,ACCEPT,46.5565,6.3911,1291,0,1,0.8381,84.45,293.48,39.53,59.04,133.00,251.50,58.00,17.00,0.0000,64.18,1,5,2.5260,MAX_STEP,0,1027,2925,17301,6,365,1291,0,0,0,0
203,0,1,1,ACCEPT,49.9001,6.3641,1241,0,2,0.5770,84.45,295.32,39.53,59.04,131.50,252.00,59.00,16.00,0.0000,63.95,1,4,2.3797,MAX_STEP,0,907,2951,18271,6,365,1241,0,0,0,0
204,0,1,1,ACCEPT,56.8683,7.7886,1363,0,1,0.9120,84.45,296.24,39.53,59.04,124.00,251.50,76.00,19.00,0.0000,59.71,1,4,2.3152,MAX_STEP,0,911,2907,18668,6,365,1363,0,0,0,0
205,0,1,1,ACCEPT,62.0110,10.1074,1506,0,1,0.9867,84.45,297.16,39.53,59.04,121.00,253.00,70.00,18.00,0.0000,57.32,1,4,2.0869,MAX_STEP,0,1014,2919,18440,6,365,1506,0,0,0,0
206,0,1,1,ACCEPT,66.1262,9.3195,1575,0,0,1.0000,84.45,297.16,39.53,59.04,116.50,253.00,61.00,18.00,0.0000,54.57,1,4,2.3312,MAX_STEP,0,959,2867,18557,6,365,1575,0,0,0,0
207,0,1,1,ACCEPT,69.7324,9.7134,1593,0,1,0.9353,84.45,298.09,39.53,59.04,112.00,253.00,76.00,18.00,0.0000,52.84,1,5,2.1551,MAX_STEP,0,912,2877,21093,6,365,1593,0,0,0,0
208,0,1,1,ACCEPT,74.6770,10.6894,1721,1,0,0.7931,85.07,298.09,39.53,59.04,112.50,251.50,71.00,17.00,0.0000,54.06,1,5,2.1035,MAX_STEP,0,1000,2975,20603,6,365,1721,0,0,0,0
209,0,1,1,ACCEPT,80.0580,11.9225,1693,1,0,0.9090,85.69,298.09,39.53,59.04,97.00,252.00,92.00,14.00,0.0000,47.45,1,6,2.0242,MAX_STEP,0,1061,2741,21276,6,365,1693,0,0,0,0
210,0,1,1,ACCEPT,84.1610,14.4508,1763,1,0,0.8934,86.30,298.09,39.53,59.04,98.50,252.00,87.00,12.00,0.0000,47.67,1,6,1.9108,MAX_STEP,0,1013,2760,21355,6,365,1763,0,0,0,0
211,0,1,1,ACCEPT,51.0264,8.1551,1525,3,0,0.4754,88.16,298.09,39.53,59.04,84.00,252.50,100.00,13.00,0.0000,45.78,1,5,2.1370,MAX_STEP,0,1354,3130,15965,6,365,1525,0,0,0,0
212,0,1,1,ACCEPT,62.6489,9.7905,1449,2,0,0.7026,89.39,298.09,39.53,59.04,85.00,253.00,102.00,16.00,0.0000,45.30,1,6,2.0843,MAX_STEP,0,998,3153,13782,6,365,1449,0,0,0,0
213,0,1,1,ACCEPT,64.0147,10.9302,1410,2,0,0.6482,90.62,298.09,39.53,59.04,74.50,253.50,107.00,13.00,0.0000,47.41,1,5,2.1836,MAX_STEP,0,978,3098,15820,6,365,1410,0,0,0,0
214,0,1,1,ACCEPT,64.8380,10.5616,1542,0,-1,0.9604,90.62,297.16,39.53,59.04,73.00,252.50,100.00,13.00,0.0000,48.02,1,7,1.8407,MAX_STEP,0,983,3055,16059,6,365,1542,0,0,0,0
215,0,1,1,ACCEPT,67.1862,12.6098,1551,2,0,0.6202,91.86,297.16,39.53,59.04,75.00,253.50,100.00,13.00,0.0000,46.81,1,7,1.9014,MAX_STEP,0,988,3156,15832,6,365,1551,0,0,0,0
216,0,1,1,ACCEPT,68.6269,10.7852,1607,3,0,0.4400,93.71,297.16,39.53,59.04,70.00,254.00,96.00,14.00,0.0000,49.25,1,7,1.9877,MAX_STEP,0,930,3210,18067,6,365,1607,0,0,0,0
217,0,1,1,ACCEPT,78.4670,13.6343,1827,1,-1,0.8183,94.33,296.24,39.53,59.04,65.00,253.00,96.00,14.00,0.0000,52.25,1,7,1.9689,MAX_STEP,0,965,2990,19170,6,365,1827,0,0,0,0
218,0,1,1,ACCEPT,79.4273,12.8366,1964,2,-1,0.6298,95.56,295.32,39.53,59.04,63.00,253.50,90.00,15.00,0.0000,53.00,1,6,2.1336,MAX_STEP,0,1089,3203,17652,6,365,1964,0,0,0,0
219,0,1,1,ACCEPT,82.0191,12.1548,1884,0,-1,0.9751,95.56,294.40,39.53,59.04,55.50,252.50,93.00,13.00,0.0000,57.97,1,7,1.7411,MAX_STEP,0,1059,2965,18583,6,365,1884,0,0,0,0
220,0,1,1,ACCEPT,90.4673,14.6767,1952,1,0,0.8924,96.18,294.40,39.53,59.04,53.00,251.50,88.00,13.00,0.0000,60.87,1,8,1.6564,MAX_STEP,0,1094,3026,18321,6,365,1952,0,0,0,0
221,0,1,1,ACCEPT,84.8513,11.6981,1860,1,-1,0.6774,96.80,293.48,39.53,59.04,50.00,250.50,84.00,13.00,0.0000,63.54,1,8,1.7280,MAX_STEP,0,952,3016,17961,6,365,1860,0,0,0,0
222,0,1,1,ACCEPT,89.4988,16.0403,1989,0,-2,0.7335,96.80,291.63,39.53,59.04,49.50,251.00,81.00,14.00,0.0000,62.35,1,8,1.9243,MAX_STEP,0,1021,2967,20686,6,365,1989,0,0,0,0
223,0,1,1,ACCEPT,45.4833,7.8551,1681,1,-2,0.6330,97.41,289.79,39.53,59.04,42.50,250.00,71.00,14.00,0.0000,67.81,1,7,2.0592,MAX_STEP,0,1301,3357,20673,6,365,1681,0,0,0,0
224,0,1,1,ACCEPT,52.9527,8.7880,1907,2,-2,0.6083,98.65,287.95,39.53,59.04,45.00,247.00,52.00,14.00,0.0000,67.49,1,5,2.3259,MAX_STEP,0,1255,3399,22141,6,365,1907,0,0,0,0
225,0,1,1,ACCEPT,60.8774,9.7156,2050,-1,-1,0.8493,98.03,287.02,39.53,59.04,43.50,246.50,51.00,11.00,0.0000,67.94,1,8,1.8991,MAX_STEP,0,1200,3214,24935,6,365,2050,0,0,0,0
226,0,1,1,ACCEPT,63.9923,10.1168,2165,1,-1,0.7159,98.65,286.10,39.53,59.04,42.50,244.00,53.00,12.00,0.0000,70.18,1,8,1.9328,MAX_STEP,0,1236,3536,21125,6,365,2165,0,0,0,0
227,0,1,1,ACCEPT,66.6277,9.0000,2034,1,-1,0.7901,99.27,285.18,39.53,59.04,39.00,242.50,46.00,13.00,0.0000,73.85,1,9,1.8327,MAX_STEP,0,1219,3387,19697,6,365,2034,0,0,0,0
228,0,1,1,ACCEPT,62.0678,8.2326,1770,1,-1,0.6966,99.88,284.26,39.53,59.04,36.50,241.00,45.00,14.00,0.0000,76.74,1,10,1.7865,MAX_STEP,0,1111,3288,20284,6,365,1770,0,0,0,0
229,0,1,1,ACCEPT,69.6409,9.0922,1973,0,-1,0.8444,99.88,283.34,39.53,59.04,33.50,240.50,45.00,11.00,0.0000,79.00,1,10,1.7363,MAX_STEP,0,1135,3221,22425,6,365,1973,0,0,0,0
230,0,1,1,ACCEPT,61.5719,9.4279,1961,1,-1,0.7986,100.50,282.41,39.53,59.04,32.00,240.00,46.00,14.00,0.0000,80.57,1,10,1.7353,MAX_STEP,0,1153,3214,24318,6,365,1961,0,0,0,0
231,0,1,1,ACCEPT,54.4346,8.5658,1953,0,-1,0.8541,100.50,281.49,39.53,59.04,28.00,243.00,48.00,22.00,0.0000,82.08,1,15,1.5517,MAX_STEP,0,1238,3090,27875,6,365,1953,0,0,0,0
232,0,1,1,ACCEPT,63.9106,10.4300,2159,2,-1,0.7138,101.73,280.57,39.53,59.04,28.00,241.00,48.00,20.00,0.0000,83.68,1,11,1.3574,MAX_STEP,0,1334,3105,26049,6,365,2159,0,0,0,0
233,0,1,1,ACCEPT,68.8425,10.2353,2088,1,-2,0.4401,102.35,278.73,39.53,59.04,29.00,235.00,44.00,14.00,0.0000,85.40,1,11,1.6242,MAX_STEP,0,1245,2917,25436,6,365,2088,0,0,0,0
234,0,1,1,ACCEPT,75.2325,12.8782,2009,2,-2,0.4793,103.59,276.88,39.53,59.04,29.00,234.00,42.00,14.00,0.0000,86.03,1,9,1.8755,MAX_STEP,0,1081,3080,25288,6,365,2009,0,0,0,0
235,0,1,1,ACCEPT,49.3158,7.4253,1641,1,-1,0.9013,104.20,275.96,39.53,59.04,26.50,232.50,45.00,15.00,0.0000,89.03,1,11,1.6846,MAX_STEP,0,1241,3256,17060,6,365,1641,0,0,0,0
236,0,1,1,ACCEPT,53.9492,8.8253,1465,2,-1,0.6362,105.44,275.04,39.53,59.04,27.00,231.00,40.00,18.00,0.0000,89.95,1,10,1.7542,MAX_STEP,0,955,3332,16363,6,365,1465,0,0,0,0
237,0,1,1,ACCEPT,57.4380,8.6059,1463,2,-1,0.5940,106.67,274.12,39.53,59.04,26.50,229.50,41.00,13.00,0.0000,91.75,1,9,1.6156,MAX_STEP,0,919,3467,17761,6,365,1463,0,0,0,0
238,0,1,1,ACCEPT,56.5386,8.3526,1445,0,0,1.0000,106.67,274.12,39.53,59.04,29.00,228.00,42.00,14.00,0.0000,90.33,1,-10,1.2764,MAX_STEP,0,939,3393,17757,6,365,1445,0,0,0,0
239,0,1,1,ACCEPT,61.2338,9.1613,1420,3,-1,0.4423,108.52,273.20,39.53,59.04,28.00,226.50,44.00,13.00,0.0000,93.08,1,-9,1.3321,MAX_STEP,0,895,3336,20168,6,365,1420,0,0,0,0
240,0,1,1,ACCEPT,65.9389,10.5733,1586,2,-1,0.6192,109.76,272.27,39.53,59.04,29.50,226.00,41.00,14.00,0.0000,92.64,1,-9,1.6572,MAX_STEP,0,906,3420,19511,6,365,1586,0,0,0,0
241,0,1,1,ACCEPT,66.7197,10.3457,1676,4,-1,0.2345,112.23,271.35,39.53,59.04,28.50,225.00,43.00,12.00,0.0000,95.70,1,-9,1.3809,MAX_STEP,0,960,3451,23434,6,365,1676,0,0,0,0
242,0,1,1,ACCEPT,62.9673,9.2692,1928,3,0,0.3226,114.08,271.35,39.53,59.04,30.00,224.00,44.00,12.00,0.0000,96.50,1,-10,1.4931,MAX_STEP,0,1143,3471,22118,6,365,1928,0,0,0,0
243,0,1,1,ACCEPT,63.8215,9.4976,2004,3,-1,0.4441,115.93,270.43,39.53,59.04,30.00,222.00,48.00,14.00,0.0000,98.64,1,-9,1.3275,MAX_STEP,0,1252,3429,18540,6,365,2004,0,0,0,0
244,0,1,1,ACCEPT,60.1621,9.3165,2031,2,0,0.5933,117.16,270.43,39.53,59.04,28.00,223.50,52.00,13.00,0.0000,100.76,1,-10,1.7167,MAX_STEP,0,1277,3324,19704,6,365,2031,0,0,0,0
245,0,1,1,ACCEPT,64.6053,10.3627,2114,4,-1,0.2805,119.63,269.51,39.53,59.04,28.50,223.50,51.00,13.00,0.0000,102.09,1,-9,1.3566,MAX_STEP,0,1219,3277,24098,6,365,2114,0,0,0,0
246,0,1,1,ACCEPT,69.1888,12.1564,2565,2,-1,0.6671,120.87,268.59,39.53,59.04,31.00,222.50,48.00,15.00,0.0000,101.00,1,-8,1.3562,MAX_STEP,0,1476,3218,24235,6,365,2565,0,0,0,0
247,0,1,1,ACCEPT,47.8093,6.3112,2089,3,0,0.6745,122.72,268.59,39.53,59.04,28.00,222.00,52.00,14.00,0.0000,105.56,1,-9,1.4900,MAX_STEP,0,1677,3437,19413,6,365,2089,0,0,0,0
248,0,1,1,ACCEPT,50.9396,7.0344,1843,3,-1,0.6202,124.57,267.66,39.53,59.04,32.50,224.00,49.00,20.00,0.0000,101.90,1,-7,1.1189,MAX_STEP,0,1375,3445,19674,6,365,1843,0,0,0,0
249,0,1,1,ACCEPT,56.5564,7.6515,2020,2,0,0.6827,125.80,267.66,39.53,59.04,33.50,224.50,51.00,19.00,0.0000,101.90,1,-8,1.5170,MAX_STEP,0,1404,3414,19812,6,365,2020,0,0,0,0
250,0,1,1,ACCEPT,62.6677,9.0873,2081,3,0,0.4901,127.66,267.66,39.53,59.04,35.00,226.00,52.00,22.00,0.0000,101.59,1,-8,1.5503,MAX_STEP,0,1451,3418,20496,6,365,2081,0,0,0,0
251,0,1,1,ACCEPT,60.9017,8.8371,1953,3,0,0.5801,129.51,267.66,39.53,59.04,35.50,227.00,45.00,26.00,0.0000,102.43,1,-9,1.5893,MAX_STEP,0,1358,3352,20576,6,365,1953,0,0,0,0
252,0,1,1,ACCEPT,67.4396,10.0714,1974,2,-1,0.6403,130.74,266.74,39.53,59.04,37.50,227.00,51.00,24.00,0.0000,101.36,1,-8,1.5497,MAX_STEP,0,1251,3436,21419,6,365,1974,0,0,0,0
253,0,1,1,ACCEPT,70.3775,8.2386,2175,3,0,0.4395,132.59,266.74,39.53,59.04,43.00,225.50,42.00,23.00,0.0000,98.63,1,-8,1.6311,MAX_STEP,0,1375,3416,22179,6,365,2175,0,0,0,0
254,0,1,1,ACCEPT,74.3181,12.4094,2122,3,0,0.5297,134.45,266.74,39.53,59.04,44.50,227.00,43.00,26.00,0.0000,98.33,1,-9,1.6814,MAX_STEP,0,1274,3459,22856,6,365,2122,0,0,0,0
255,0,1,1,ACCEPT,74.4419,10.5121,2176,5,0,0.1650,137.53,266.74,39.53,59.04,45.50,227.50,41.00,25.00,0.0000,100.05,1,-8,1.4536,MAX_STEP,0,1303,3438,24158,6,365,2176,0,0,0,0
256,0,1,1,ACCEPT,74.9160,10.3398,2130,2,0,0.7981,138.77,266.74,39.53,59.04,47.00,227.00,42.00,24.00,0.0000,100.00,1,-7,1.6338,MAX_STEP,0,1237,3296,23073,6,365,2130,0,0,0,0
257,0,1,1,ACCEPT,81.3815,13.0545,2154,3,1,0.3426,140.62,267.66,39.53,59.04,48.00,230.50,42.00,29.00,0.0000,99.80,1,-9,1.7500,MAX_STEP,0,1142,3361,23512,6,365,2154,0,0,0,0
258,0,1,1,ACCEPT,82.4443,12.6545,2088,3,1,0.4157,142.47,268.59,39.53,59.04,50.00,230.00,42.00,30.00,0.0000,100.20,1,-9,1.7528,MAX_STEP,0,1195,3356,23762,6,365,2088,0,0,0,0
259,0,1,1,ACCEPT,45.6785,5.8237,1619,5,1,0.1680,145.55,269.51,39.53,59.04,48.00,233.00,36.00,34.00,0.0000,104.16,1,-10,1.6338,MAX_STEP,0,1129,3524,20138,6,365,1619,0,0,0,0
260,0,1,1,ACCEPT,54.4522,9.7967,1783,2,1,0.7084,146.79,270.43,39.53,59.04,49.50,235.00,37.00,34.00,0.0000,103.54,1,-9,1.9331,MAX_STEP,0,1166,3588,21741,6,365,1783,0,0,0,0
261,0,1,1,ACCEPT,63.8904,9.8873,2106,4,2,0.1923,149.26,272.27,39.53,59.04,54.50,238.00,39.00,40.00,0.0000,100.77,1,-10,1.8879,MAX_STEP,0,1278,3634,21742,6,365,2106,0,0,0,0
262,0,1,1,ACCEPT,69.4741,11.9257,2087,4,0,0.1845,151.73,272.27,39.53,59.04,56.50,238.00,41.00,36.00,0.0000,101.21,1,-10,1.8381,MAX_STEP,0,1165,3598,21442,6,365,2087,0,0,0,0
263,0,1,1,ACCEPT,72.3205,11.1505,2074,3,2,0.3660,153.58,274.12,39.53,59.04,57.00,240.00,44.00,40.00,0.0000,102.43,1,-9,1.8815,MAX_STEP,0,1214,3534,22912,6,365,2074,0,0,0,0
264,0,1,1,ACCEPT,76.1028,11.1969,2161,3,0,0.5437,155.43,274.12,39.53,59.04,59.00,239.00,42.00,38.00,0.0000,102.63,1,-9,1.8460,MAX_STEP,0,1233,3564,21075,6,365,2161,0,0,0,0
265,0,1,1,ACCEPT,87.2692,12.8804,2370,4,1,0.1367,157.90,275.04,39.53,59.04,60.50,239.00,41.00,44.00,0.0000,103.85,1,-9,1.8745,MAX_STEP,0,1246,3623,20840,6,365,2370,0,0,0,0
266,0,1,1,ACCEPT,87.0613,13.5536,2277,2,1,0.7418,159.13,275.96,39.53,59.04,60.50,240.00,43.00,40.00,0.0000,104.98,1,-9,1.8994,MAX_STEP,0,1147,3568,19993,6,365,2277,0,0,0,0
267,0,1,1,ACCEPT,87.5683,11.8033,2160,2,0,0.5810,160.37,275.96,39.53,59.04,61.50,240.50,41.00,37.00,0.0000,105.03,1,-9,1.8807,MAX_STEP,0,1148,3504,19277,6,365,2160,0,0,0,0
268,0,1,1,ACCEPT,95.3127,18.0250,2163,3,0,0.4184,162.22,275.96,39.53,59.04,63.00,241.50,40.00,35.00,0.0000,105.03,1,-9,1.6937,MAX_STEP,0,1032,3588,19081,6,365,2163,0,0,0,0
269,0,1,1,ACCEPT,96.5723,17.2797,2039,2,0,0.7146,163.45,275.96,39.53,59.04,63.50,241.00,41.00,32.00,0.0000,105.89,1,-9,1.6230,MAX_STEP,0,1010,3446,18715,6,365,2039,0,0,0,0
270,0,1,1,ACCEPT,101.2620,14.9624,1990,3,0,0.4714,165.30,275.96,39.53,59.04,63.50,241.00,43.00,32.00,0.0000,107.64,1,-9,1.8190,MAX_STEP,0,912,3612,18291,6,365,1990,0,0,0,0
271,0,1,1,ACCEPT,50.7408,9.3393,1569,1,-1,0.7878,165.92,275.04,39.53,59.04,64.00,240.00,44.00,32.00,0.0000,107.78,1,-8,1.7768,MAX_STEP,0,1151,3127,19341,6,365,1569,0,0,0,0
272,0,1,1,ACCEPT,60.1653,9.9483,1731,2,-1,0.6516,167.16,274.12,39.53,59.04,65.50,240.00,43.00,34.00,0.0000,107.23,1,-8,1.6765,MAX_STEP,0,1066,3237,14603,6,365,1731,0,0,0,0
273,0,1,1,ACCEPT,61.7864,10.2214,1431,2,-1,0.5416,168.39,273.20,39.53,59.04,67.00,241.50,42.00,37.00,0.0000,106.23,1,-8,1.7618,MAX_STEP,0,879,3330,12549,6,365,1431,0,0,0,0
274,0,1,1,ACCEPT,68.3092,10.5000,1281,2,-1,0.5246,169.62,272.27,39.53,59.04,68.00,243.00,40.00,36.00,0.0000,105.76,1,-8,1.8629,MAX_STEP,0,747,3358,11825,6,365,1281,0,0,0,0
275,0,1,1,ACCEPT,69.4089,12.7196,1361,0,-1,0.8406,169.62,271.35,39.53,59.04,68.00,241.50,40.00,33.00,0.0000,105.92,1,-7,1.8881,MAX_STEP,0,728,3278,10639,6,365,1361,0,0,0,0
276,0,1,1,ACCEPT,70.1336,10.0400,1255,1,-1,0.7347,170.24,270.43,39.53,59.04,68.50,241.00,41.00,32.00,0.0000,105.91,1,-7,1.9145,MAX_STEP,0,669,3352,9946,6,365,1255,0,0,0,0
277,0,1,1,ACCEPT,72.9727,13.6429,1146,2,-2,0.4555,171.48,268.59,39.53,59.04,68.00,241.00,42.00,36.00,0.0000,107.09,1,-7,1.8682,MAX_STEP,0,604,3242,8438,6,365,1146,0,0,0,0
278,0,1,1,ACCEPT,78.8753,12.4881,1049,2,-3,0.3165,172.71,265.82,39.53,59.04,69.50,240.00,39.00,36.00,0.0000,106.39,1,-7,1.6443,MAX_STEP,0,557,3276,8703,6,365,1049,0,0,0,0
279,0,1,1,ACCEPT,82.6039,13.2561,1087,-1,-1,0.7958,172.09,264.90,39.53,59.04,69.50,239.00,39.00,36.00,0.0000,105.81,1,-7,1.8493,MAX_STEP,0,556,3214,9146,6,365,1087,0,0,0,0
280,0,1,1,ACCEPT,82.1162,11.7553,1105,1,-2,0.5620,172.71,263.05,39.53,59.04,68.50,237.00,41.00,36.00,0.0000,107.42,1,-6,1.8988,MAX_STEP,0,556,3258,9216,6,365,1105,0,0,0,0
281,0,1,1,ACCEPT,79.1596,13.6049,1102,1,-2,0.6788,173.33,261.21,39.53,59.04,69.00,236.00,42.00,36.00,0.0000,107.33,1,-6,1.8778,MAX_STEP,0,547,3186,8763,6,365,1102,0,0,0,0
282,0,1,1,ACCEPT,76.0003,11.8736,1033,2,-1,0.5915,174.56,260.29,39.53,59.04,70.00,234.00,40.00,36.00,0.0000,107.82,1,-7,1.8155,MAX_STEP,0,548,3339,8493,6,365,1033,0,0,0,0
283,0,1,1,ACCEPT,49.8813,6.0072,835,-1,-2,0.5617,173.95,258.45,39.53,59.04,69.50,233.50,41.00,35.00,0.0000,107.38,1,-6,1.7989,MAX_STEP,0,539,3656,11889,6,365,835,0,0,0,0
284,0,1,1,ACCEPT,59.1703,6.3172,1434,2,-2,0.3842,175.18,256.60,39.53,59.04,70.50,232.50,39.00,35.00,0.0000,107.42,1,-6,1.8562,MAX_STEP,0,873,3527,14959,6,365,1434,0,0,0,0
285,0,1,1,ACCEPT,61.9385,7.6884,1653,0,-3,0.3866,175.18,253.84,39.53,59.04,70.50,231.50,39.00,35.00,0.0000,107.04,1,-5,1.9242,MAX_STEP,0,925,3585,17112,6,365,1653,0,0,0,0
286,0,1,1,ACCEPT,70.6865,9.5340,1964,0,-2,0.7256,175.18,251.99,39.53,59.04,71.00,230.50,38.00,35.00,0.0000,106.37,1,-5,1.9593,MAX_STEP,0,1066,3616,19372,6,365,1964,0,0,0,0
287,0,1,1,ACCEPT,69.9867,10.6116,2377,1,-1,0.7829,175.80,251.07,39.53,59.04,71.00,231.00,38.00,38.00,0.0000,106.70,1,-5,1.8858,MAX_STEP,0,1305,3552,20836,6,365,2377,0,0,0,0
288,0,1,1,ACCEPT,67.9043,10.2749,2579,-1,-1,0.6650,175.18,250.15,39.53,59.04,70.50,230.00,39.00,38.00,0.0000,106.60,1,-5,1.7037,MAX_STEP,0,1390,3559,20599,6,365,2579,0,0,0,0
289,0,1,1,ACCEPT,74.4545,11.6025,2773,0,-2,0.6780,175.18,248.30,39.53,59.04,69.50,229.50,43.00,39.00,0.0000,107.34,1,-5,1.7847,MAX_STEP,0,1498,3528,20657,6,365,2773,0,0,0,0
290,0,1,1,ACCEPT,82.2714,12.8807,2808,0,-1,0.8348,175.18,247.38,39.53,59.04,70.00,230.00,42.00,40.00,0.0000,106.61,1,-5,1.5935,MAX_STEP,0,1497,3584,21375,6,365,2808,0,0,0,0
291,0,1,1,ACCEPT,86.3913,14.7487,2935,0,-2,0.6702,175.18,245.54,39.53,59.04,70.00,230.50,42.00,43.00,0.0000,106.25,1,-5,1.6675,MAX_STEP,0,1534,3648,22773,6,365,2935,0,0,0,0
292,0,1,1,ACCEPT,91.4168,12.7436,2982,0,-2,0.4933,175.18,243.70,39.53,59.04,68.00,229.00,42.00,42.00,0.0000,108.18,1,-4,1.7802,MAX_STEP,0,1535,3552,24035,6,365,2982,0,0,0,0
293,0,1,1,ACCEPT,90.7227,15.5795,3038,1,-2,0.6873,175.80,241.85,39.53,59.04,69.00,227.00,44.00,40.00,0.0000,107.82,1,-3,1.8952,MAX_STEP,0,1539,3398,23526,6,365,3038,0,0,0,0
294,0,1,1,ACCEPT,94.1088,15.3886,2970,-1,-1,0.8593,175.18,240.93,39.53,59.04,68.50,228.00,45.00,44.00,0.0000,107.46,1,-4,1.8110,MAX_STEP,0,1473,3368,22649,6,365,2970,0,0,0,0
295,0,1,1,ACCEPT,40.5356,4.9175,2026,0,-1,0.9008,175.18,240.01,39.53,59.04,68.50,227.50,41.00,47.00,0.0000,107.41,1,-1,1.8425,OUT_OF_RANGE,0,1706,3432,23500,6,365,2026,0,0,0,0
296,0,1,1,ACCEPT,47.0387,5.7748,2333,0,-1,0.8701,175.18,239.09,39.53,59.04,68.50,229.00,41.00,50.00,0.0000,107.16,1,-1,1.6154,OUT_OF_RANGE,0,1802,3301,25062,6,365,2333,0,0,0,0
297,0,1,1,ACCEPT,48.8314,5.6370,2469,1,-1,0.7359,175.80,238.16,39.53,59.04,68.50,230.00,45.00,50.00,0.0000,107.61,1,-1,1.6064,OUT_OF_RANGE,0,1667,3327,24652,6,365,2469,0,0,0,0
298,0,1,1,ACCEPT,54.1387,6.5755,2525,1,-1,0.7576,176.41,237.24,39.53,59.04,69.00,227.00,44.00,46.00,0.0000,107.90,1,0,1.4700,LOW_CONF,0,1637,3327,22037,6,365,2525,0,0,0,0
299,0,1,1,ACCEPT,53.0001,8.0321,2249,2,-2,0.6261,177.65,235.40,39.53,59.04,68.50,228.00,43.00,50.00,0.0000,109.40,1,-1,1.7950,OUT_OF_RANGE,0,1647,3243,22598,6,365,2249,0,0,0,0
300,0,1,1,ACCEPT,52.7835,6.9450,2271,-1,-1,0.8503,177.03,234.48,39.53,59.04,68.50,228.50,43.00,51.00,0.0000,108.70,1,-1,1.7168,OUT_OF_RANGE,0,1610,3254,19386,6,365,2271,0,0,0,0
301,0,1,1,ACCEPT,58.8515,8.5833,2060,1,-1,0.8194,177.65,233.55,39.53,59.04,68.50,228.00,43.00,52.00,0.0000,109.29,1,0,1.5871,LOW_CONF,0,1397,3197,19732,6,365,2060,0,0,0,0
302,0,1,1,ACCEPT,60.5828,8.6091,2092,0,-3,0.4049,177.65,230.79,39.53,59.04,69.00,226.50,40.00,49.00,0.0000,108.73,1,-1,1.9842,OUT_OF_RANGE,0,1316,3178,19835,6,365,2092,0,0,0,0
303,0,1,1,ACCEPT,66.2609,10.3014,2153,1,-1,0.7631,178.27,229.87,39.53,59.04,70.00,224.50,40.00,49.00,0.0000,108.40,1,-1,1.8200,OUT_OF_RANGE,0,1298,3083,21618,6,365,2153,0,0,0,0
304,0,1,1,ACCEPT,62.3899,9.1422,1993,2,-2,0.4511,179.50,228.02,39.53,59.04,71.00,223.50,38.00,49.00,0.0000,108.59,1,-1,1.9563,OUT_OF_RANGE,0,1247,3146,22712,6,365,1993,0,0,0,0
305,0,1,1,ACCEPT,69.3785,8.4723,2296,0,-2,0.6368,179.50,226.18,39.53,59.04,71.50,222.50,39.00,49.00,0.0000,108.06,1,0,1.9001,LOW_CONF,0,1314,3064,22592,6,365,2296,0,0,0,0
306,0,1,1,ACCEPT,76.8682,13.0703,2418,2,-2,0.4905,180.73,224.34,39.53,59.04,72.50,221.50,39.00,51.00,0.0000,108.27,1,0,1.6308,LOW_CONF,0,1274,3093,23625,6,365,2418,0,0,0,0
307,0,1,1,ACCEPT,42.0887,6.1279,1869,2,-2,0.4794,181.97,222.49,39.53,59.04,73.00,224.50,40.00,59.00,0.0000,108.99,1,-1,1.2406,OUT_OF_RANGE,0,1449,3868,16663,6,365,1869,0,0,0,0
308,0,1,1,ACCEPT,50.0685,9.1822,2066,1,-2,0.4681,182.59,220.65,39.53,59.04,72.50,222.00,43.00,60.00,0.0000,110.09,1,7,1.2059,MAX_STEP,0,1446,3879,15555,6,365,2066,0,0,0,0
309,0,1,1,ACCEPT,56.0727,9.3992,2331,1,-4,0.1364,183.20,216.96,39.53,59.04,72.50,220.50,43.00,61.00,0.0000,110.76,1,-1,1.8226,OUT_OF_RANGE,0,1555,3814,17395,6,365,2331,0,0,0,0
310,0,1,1,ACCEPT,53.9392,8.0162,2477,3,-2,0.3407,185.05,215.12,39.53,59.04,73.00,218.00,42.00,60.00,0.0000,112.09,1,-1,1.2504,OUT_OF_RANGE,0,1644,3797,18600,6,365,2477,0,0,0,0
311,0,1,1,ACCEPT,54.5777,10.4790,2494,1,-2,0.4559,185.67,213.27,39.53,59.04,73.00,219.00,40.00,60.00,0.0000,112.82,1,7,1.2650,MAX_STEP,0,1565,3661,20914,6,365,2494,0,0,0,0
312,0,1,1,ACCEPT,59.2916,11.2308,2628,0,-2,0.4387,185.67,211.43,39.53,59.04,75.50,215.00,39.00,60.00,0.0000,110.23,1,7,1.5031,MAX_STEP,0,1680,3647,20583,6,365,2628,0,0,0,0
313,0,1,1,ACCEPT,64.0914,11.8380,2557,2,-3,0.3207,186.91,208.66,39.53,59.04,75.50,214.00,37.00,62.00,0.0000,111.53,1,7,1.2998,MAX_STEP,0,1726,3621,21396,6,365,2557,0,0,0,0
314,0,1,1,ACCEPT,67.8008,12.1911,2743,1,-3,0.2803,187.52,205.90,39.53,59.04,75.50,212.50,37.00,61.00,0.0000,112.22,1,-1,1.4486,OUT_OF_RANGE,0,1576,3464,21515,6,365,2743,0,0,0,0
315,0,1,1,ACCEPT,69.3559,11.2984,2802,0,-2,0.5610,187.52,204.05,39.53,59.04,75.50,212.00,35.00,60.00,0.0000,112.30,1,-1,1.4926,OUT_OF_RANGE,0,1578,3553,20241,6,365,2802,0,0,0,0
316,0,1,1,ACCEPT,66.7343,10.5250,2526,1,-2,0.4663,188.14,202.21,39.53,59.04,75.50,213.50,37.00,65.00,0.0000,113.20,1,0,1.3232,LOW_CONF,0,1453,3738,20858,6,365,2526,0,0,0,0
317,0,1,1,ACCEPT,69.5608,12.1528,2625,2,-3,0.2994,189.38,199.45,39.53,59.04,75.50,211.50,37.00,65.00,0.0000,114.51,1,0,1.5151,LOW_CONF,0,1508,3730,20730,6,365,2625,0,0,0,0
318,0,1,1,ACCEPT,75.3870,10.6498,2737,0,-2,0.6321,189.38,197.60,39.53,59.04,75.50,209.50,37.00,63.00,0.0000,114.49,1,7,1.2955,MAX_STEP,0,1510,3670,19740,6,365,2737,0,0,0,0
319,0,1,1,ACCEPT,44.9644,6.2620,2223,1,-3,0.2803,189.99,194.84,39.53,59.04,75.50,212.00,35.00,68.00,0.0000,115.77,1,0,1.5148,LOW_CONF,0,1768,4219,19244,6,365,2223,0,0,0,0
320,0,1,1,ACCEPT,51.4729,7.3549,2383,-1,-2,0.5359,189.38,192.99,39.53,59.04,74.50,213.00,35.00,70.00,0.0000,116.60,1,0,1.3287,LOW_CONF,0,1675,4131,19530,6,365,2383,0,0,0,0
321,0,1,1,ACCEPT,55.5660,9.0667,2448,1,-2,0.4587,189.99,191.15,39.53,59.04,75.00,211.50,36.00,71.00,0.0000,116.78,1,0,1.5134,LOW_CONF,0,1657,4029,20301,6,365,2448,0,0,0,0
322,0,1,1,ACCEPT,60.0156,8.9436,2379,0,-2,0.4279,189.99,189.30,39.53,59.04,75.50,212.00,35.00,74.00,0.0000,116.72,1,0,1.4522,LOW_CONF,0,1454,3990,19748,6,365,2379,0,0,0,0
323,0,1,1,ACCEPT,60.7017,9.7269,2529,0,-3,0.3385,189.99,186.54,39.53,59.04,75.50,207.50,35.00,67.00,0.0000,116.40,1,0,1.4125,LOW_CONF,0,1531,4017,19546,6,365,2529,0,0,0,0
324,0,1,1,ACCEPT,61.0757,10.1865,2567,1,-2,0.3822,190.61,184.70,39.53,59.04,74.50,209.50,35.00,71.00,0.0000,118.73,1,0,1.3431,LOW_CONF,0,1492,4188,18935,6,365,2567,0,0,0,0
325,0,1,1,ACCEPT,64.3973,12.0857,2538,-1,-2,0.5047,189.99,182.85,39.53,59.04,74.50,208.50,35.00,71.00,0.0000,118.31,1,-1,1.4523,OUT_OF_RANGE,0,1590,4157,17663,6,365,2538,0,0,0,0
326,0,1,1,ACCEPT,69.8325,12.4826,2509,2,-2,0.3009,191.23,181.01,39.53,59.04,76.00,209.50,34.00,73.00,0.0000,118.70,1,8,1.4238,MAX_STEP,0,1491,4069,17674,6,365,2509,0,0,0,0
327,0,1,1,ACCEPT,70.8365,13.8500,2493,1,-2,0.3670,191.84,179.16,39.53,59.04,76.00,206.50,34.00,69.00,0.0000,119.03,1,-1,1.5112,OUT_OF_RANGE,0,1455,3978,17224,6,365,2493,0,0,0,0
328,0,1,1,ACCEPT,61.0240,8.3223,2505,0,-2,0.5062,191.84,177.32,39.53,59.04,77.00,205.50,34.00,67.00,0.0000,118.25,1,8,1.5498,MAX_STEP,0,1563,3930,18059,6,365,2505,0,0,0,0
329,0,1,1,ACCEPT,59.5585,8.2415,2901,0,-2,0.4485,191.84,175.48,39.53,59.04,77.50,204.50,35.00,67.00,0.0000,117.97,1,-3,1.7253,MAX_STEP,0,1875,3815,18915,6,365,2901,0,0,0,0
330,0,1,1,ACCEPT,71.1874,10.7222,2895,1,-2,0.4159,192.46,173.63,39.53,59.04,75.50,204.50,37.00,67.00,0.0000,120.97,1,8,1.5871,MAX_STEP,0,1653,3812,20724,6,365,2895,0,0,0,0
331,0,1,1,ACCEPT,42.8975,6.3968,2418,2,-3,0.2341,193.70,170.87,39.53,59.04,76.00,205.50,32.00,69.00,0.0000,122.69,1,-1,1.4897,OUT_OF_RANGE,0,2010,3517,19790,6,365,2418,0,0,0,0
332,0,1,1,ACCEPT,47.8664,7.9259,2354,-1,-2,0.5871,193.08,169.02,39.53,59.04,76.00,207.00,32.00,72.00,0.0000,123.08,1,8,1.6274,MAX_STEP,0,2028,3699,18300,6,365,2354,0,0,0,0
333,0,1,1,ACCEPT,53.1114,8.1661,2311,1,-2,0.6724,193.70,167.18,39.53,59.04,75.50,206.00,33.00,70.00,0.0000,124.41,1,8,1.4530,MAX_STEP,0,1938,3737,19354,6,365,2311,0,0,0,0
334,0,1,1,ACCEPT,57.3622,9.2806,2348,0,-1,0.8318,193.70,166.26,39.53,59.04,76.50,207.50,33.00,67.00,0.0000,124.24,1,8,1.5413,MAX_STEP,0,1526,3441,20926,6,365,2348,0,0,0,0
335,0,1,1,ACCEPT,58.1163,10.1736,2462,0,-2,0.5536,193.70,164.41,39.53,59.04,76.00,208.00,32.00,68.00,0.0000,125.51,1,8,1.7194,MAX_STEP,0,1578,3328,22026,6,365,2462,0,0,0,0
336,0,1,1,ACCEPT,57.9238,9.6767,2574,0,-2,0.6340,193.70,162.57,39.53,59.04,75.50,208.50,33.00,67.00,0.0000,126.81,1,8,1.5449,MAX_STEP,0,1622,3580,19767,6,365,2574,0,0,0,0
337,0,1,1,ACCEPT,61.0901,9.2509,2692,0,-2,0.4825,193.70,160.73,39.53,59.04,75.50,208.50,33.00,69.00,0.0000,127.49,1,8,1.4728,MAX_STEP,0,1708,3575,18529,6,365,2692,0,0,0,0
338,0,1,1,ACCEPT,59.0832,10.0672,2396,0,-1,0.7725,193.70,159.80,39.53,59.04,74.00,209.00,36.00,70.00,0.0000,129.41,1,8,1.4280,MAX_STEP,0,1639,3640,17184,6,365,2396,0,0,0,0
339,0,1,1,ACCEPT,58.3247,6.6580,2317,-1,-2,0.6478,193.08,157.96,39.53,59.04,73.00,209.50,36.00,67.00,0.0000,130.67,1,8,1.4196,MAX_STEP,0,1448,3618,15327,6,365,2317,0,0,0,0
340,0,1,1,ACCEPT,69.8339,11.1579,2332,1,-1,0.7350,193.70,157.04,39.53,59.04,72.50,208.00,37.00,64.00,0.0000,131.47,1,-1,1.4701,OUT_OF_RANGE,0,1302,3587,16394,6,365,2332,0,0,0,0
341,0,1,1,ACCEPT,76.0665,13.6092,2368,-1,-1,0.6921,193.08,156.12,39.53,59.04,70.50,208.50,33.00,65.00,0.0000,133.30,1,8,1.5267,MAX_STEP,0,1257,3355,17279,6,365,2368,0,0,0,0
342,0,1,1,ACCEPT,75.0093,9.9829,2336,-1,-2,0.7277,192.46,154.27,39.53,59.04,70.00,207.50,36.00,65.00,0.0000,133.53,1,8,1.4317,MAX_STEP,0,1253,3510,16468,6,365,2336,0,0,0,0
343,0,1,1,ACCEPT,38.1460,4.3291,1710,0,-1,0.8982,192.46,153.35,39.53,59.04,68.50,207.50,35.00,63.00,0.0000,135.27,1,8,1.4598,MAX_STEP,0,1269,3813,20109,6,365,1710,0,0,0,0
344,0,1,1,ACCEPT,46.5054,6.2885,2245,0,-1,0.8098,192.46,152.43,39.53,59.04,67.00,207.00,34.00,62.00,0.0000,136.82,1,8,1.4828,MAX_STEP,0,1588,3567,18179,6,365,2245,0,0,0,0
345,0,1,1,ACCEPT,55.2111,5.6154,2336,0,-2,0.6610,192.46,150.59,39.53,59.04,65.00,205.00,32.00,64.00,0.0000,138.59,1,-1,1.5581,OUT_OF_RANGE,0,1552,3615,17811,6,365,2336,0,0,0,0
346,0,1,1,ACCEPT,57.6806,5.5076,2170,-1,-2,0.4829,191.84,148.74,39.53,59.04,63.50,209.00,31.00,68.00,0.0000,141.79,1,0,1.4208,LOW_CONF,0,1517,3721,17329,6,365,2170,0,0,0,0
347,0,1,1,ACCEPT,57.3251,4.4926,2116,-1,-2,0.5610,191.23,146.90,39.53,59.04,62.50,210.50,31.00,67.00,0.0000,143.58,1,0,1.7145,LOW_CONF,0,1381,3797,17792,6,365,2116,0,0,0,0
348,0,1,1,ACCEPT,51.3165,5.3165,1999,0,-1,0.7889,191.23,145.98,39.53,59.04,60.00,209.50,34.00,69.00,0.0000,145.79,1,0,1.8662,LOW_CONF,0,1407,4080,19337,6,365,1999,0,0,0,0
349,0,1,1,ACCEPT,59.1081,6.3914,2237,-1,-2,0.6008,190.61,144.13,39.53,59.04,60.00,208.00,34.00,66.00,0.0000,145.39,1,0,1.7654,LOW_CONF,0,1380,3850,23295,6,365,2237,0,0,0,0
350,0,1,1,ACCEPT,58.1874,6.1538,2480,-2,-2,0.5750,189.38,142.29,39.53,59.04,57.50,209.50,33.00,69.00,0.0000,148.01,1,8,1.4537,MAX_STEP,0,1592,4047,24101,6,365,2480,0,0,0,0
351,0,1,1,ACCEPT,61.0539,8.4633,2649,1,-1,0.7565,189.99,141.37,39.53,59.04,56.50,209.00,33.00,64.00,0.0000,149.65,1,0,1.4988,LOW_CONF,0,1675,4105,26255,6,365,2649,0,0,0,0
352,0,1,1,ACCEPT,61.5681,8.4896,2844,-1,-2,0.5436,189.38,139.52,39.53,59.04,55.50,209.00,33.00,64.00,0.0000,150.83,1,0,1.6183,LOW_CONF,0,1630,3904,25786,6,365,2844,0,0,0,0
353,0,1,1,ACCEPT,57.6737,9.3831,2768,0,-2,0.5181,189.38,137.68,39.53,59.04,54.00,210.50,32.00,65.00,0.0000,153.72,1,0,1.8056,LOW_CONF,0,1692,3925,25111,6,365,2768,0,0,0,0
354,0,1,1,ACCEPT,63.3425,10.7839,2944,-1,-1,0.7181,188.76,136.76,39.53,59.04,53.50,208.00,33.00,64.00,0.0000,152.87,1,0,1.8395,LOW_CONF,0,1831,3867,22940,6,365,2944,0,0,0,0
355,0,1,1,ACCEPT,38.8490,4.6334,2136,-2,-2,0.6713,187.52,134.91,39.53,59.04,51.00,209.00,30.00,60.00,0.0000,155.33,1,8,1.4926,MAX_STEP,0,1843,3780,17684,6,365,2136,0,0,0,0
356,0,1,1,ACCEPT,43.8840,5.0629,2334,-1,-1,0.7661,186.91,133.99,39.53,59.04,50.00,210.00,30.00,62.00,0.0000,156.59,1,0,1.4025,LOW_CONF,0,1932,3997,15539,6,365,2334,0,0,0,0
357,0,1,1,ACCEPT,49.4851,4.9731,2402,-1,-2,0.7165,186.29,132.15,39.53,59.04,48.00,209.50,32.00,63.00,0.0000,158.45,1,0,1.7206,LOW_CONF,0,1836,4101,15878,6,365,2402,0,0,0,0
358,0,1,1,ACCEPT,56.0953,6.8373,2605,0,-1,0.9298,186.29,131.23,39.53,59.04,45.50,210.50,33.00,61.00,0.0000,161.57,1,0,1.8523,LOW_CONF,0,1866,4122,15924,6,365,2605,0,0,0,0
359,0,1,1,ACCEPT,58.2090,8.0587,2748,-1,-1,0.8221,185.67,130.30,39.53,59.04,46.00,211.00,32.00,60.00,0.0000,161.31,1,0,1.5107,LOW_CONF,0,1879,4124,16366,6,365,2748,0,0,0,0
360,0,1,1,ACCEPT,57.5374,9.2780,2737,-2,-1,0.6357,184.44,129.38,39.53,59.04,45.50,211.50,35.00,59.00,0.0000,161.39,1,9,1.6596,MAX_STEP,0,1895,3369,22172,6,365,2737,0,0,0,0
361,0,1,1,ACCEPT,62.0824,10.3231,3355,0,-1,0.8304,184.44,128.46,39.53,59.04,43.50,212.00,33.00,60.00,0.0000,163.84,1,8,1.4367,MAX_STEP,0,2070,3359,23575,6,365,3355,0,0,0,0
362,0,1,1,ACCEPT,51.9740,6.2505,3019,-2,-2,0.6747,183.20,126.62,39.53,59.04,42.00,210.50,34.00,63.00,0.0000,164.24,1,1,1.3952,LOW_CONF,0,2250,3387,21123,6,365,3019,0,0,0,0
363,0,1,1,ACCEPT,51.9020,7.4863,2725,-1,-2,0.5226,182.59,124.77,39.53,59.04,40.50,211.50,33.00,63.00,0.0000,166.46,1,1,1.8503,LOW_CONF,0,1949,3674,18991,6,365,2725,0,0,0,0
364,0,1,1,ACCEPT,50.7806,5.7394,2709,-2,-1,0.5364,181.35,123.85,39.53,59.04,40.00,212.00,34.00,60.00,0.0000,166.58,1,8,1.3799,MAX_STEP,0,2002,3793,18675,6,365,2709,0,0,0,0
365,0,1,1,ACCEPT,51.6484,5.3473,2941,0,-2,0.5733,181.35,122.01,39.53,59.04,37.50,213.50,37.00,61.00,0.0000,170.48,1,0,1.9228,LOW_CONF,0,2206,3768,20682,6,365,2941,0,0,0,0
