frame,occluded,evaluated,accept,reason,psr_bolme,psr_ratio,peak,dr_bin,dc_bin,resp00_over_peak,est_row,est_col,est_h,est_w,truth_row,truth_col,truth_h,truth_w,iou,centre_err,published,scale_idx,scale_conf,scale_reason,rails,accum_max,fch0_max,h_max,job,anchor,resp_max,rails_fch,rails_accum,rails_resp,rails_h
0,0,0,0,ZERO_RESPONSE,0.0000,0.0000,0,0,0,0.0000,493.00,142.50,68.00,25.00,493.00,142.50,68.00,25.00,1.0000,0.00,1,0,0.0000,NOT_RUN,0,0,3910,14087,0,0,0,0,0,0,0
1,0,1,1,ACCEPT,6.4696,1.2909,426,4,-4,0.0094,501.50,139.38,68.00,25.00,502.00,141.00,70.00,22.00,0.8488,1.70,1,0,3.1287,ACCEPT,0,966,3188,10838,0,0,426,0,0,0,0
2,0,1,0,NEGATIVE_PEAK,-5.8922,1.2967,-236,4,-3,0.3559,501.50,139.38,68.00,25.00,539.50,150.00,69.00,28.00,0.1538,39.46,0,0,0.0000,NOT_RUN,0,747,2028,0,0,0,236,0,0,0,0
3,0,1,0,LOW_PSR,4.0409,1.0323,32,-12,9,0.3438,501.50,139.38,68.00,25.00,591.00,165.00,68.00,30.00,0.0000,93.10,0,0,0.0000,NOT_RUN,0,147,2645,0,0,0,32,0,0,0,0
4,0,1,0,NEGATIVE_PEAK,-4.1147,1.0000,-76,-3,6,0.2895,501.50,139.38,68.00,25.00,607.00,168.50,68.00,25.00,0.0000,109.45,0,0,0.0000,NOT_RUN,0,217,6795,0,0,0,76,0,0,0,0
5,0,1,0,NEGATIVE_PEAK,-6.3256,1.0432,-145,-5,7,0.1103,501.50,139.38,68.00,25.00,612.50,165.50,69.00,25.00,0.0000,114.03,0,0,0.0000,NOT_RUN,0,363,5581,0,0,0,145,0,0,0,0
6,0,1,0,NEGATIVE_PEAK,-3.8224,1.0723,-89,-12,5,0.6180,501.50,139.38,68.00,25.00,615.00,167.00,70.00,26.00,0.0000,116.81,0,0,0.0000,NOT_RUN,0,283,4658,0,0,0,89,0,0,0,0
7,0,1,0,LOW_PSR,4.2068,1.0143,71,-4,1,0.2958,501.50,139.38,68.00,25.00,617.00,166.50,70.00,25.00,0.0000,118.64,0,0,0.0000,NOT_RUN,0,255,3006,0,0,0,71,0,0,0,0
8,0,1,0,LOW_PSR,4.6774,1.2273,54,-12,9,0.3889,501.50,139.38,68.00,25.00,615.00,173.50,68.00,29.00,0.0000,118.52,0,0,0.0000,NOT_RUN,0,196,1530,0,0,0,54,0,0,0,0
9,0,1,1,ACCEPT,5.4029,1.3462,35,-3,1,0.2857,495.12,140.16,68.00,25.00,613.00,174.50,64.00,35.00,0.0000,122.78,1,0,2.0655,ACCEPT,0,147,481,14930,0,0,35,0,0,0,0
10,0,1,0,LOW_PSR,3.9598,1.1379,33,-20,23,0.6364,495.12,140.16,68.00,25.00,613.50,176.50,63.00,39.00,0.0000,123.83,0,0,0.0000,NOT_RUN,0,181,1347,0,0,0,33,0,0,0,0
11,0,1,0,NEGATIVE_PEAK,-4.6954,1.3103,-38,-26,4,0.2105,495.12,140.16,68.00,25.00,614.50,176.50,65.00,39.00,0.0000,124.78,0,0,0.0000,NOT_RUN,0,125,1583,0,0,0,38,0,0,0,0
12,0,1,0,NEGATIVE_PEAK,-5.0916,1.4091,-31,-19,31,0.0645,495.12,140.16,68.00,25.00,614.50,177.00,65.00,40.00,0.0000,124.93,0,0,0.0000,NOT_RUN,0,80,1447,0,0,0,31,0,0,0,0
13,0,1,0,NEGATIVE_PEAK,-3.4689,1.1000,-22,-1,-4,0.3182,495.12,140.16,68.00,25.00,615.50,181.50,63.00,43.00,0.0000,127.28,0,0,0.0000,NOT_RUN,0,137,1410,0,0,0,22,0,0,0,0
14,0,1,0,NEGATIVE_PEAK,-3.5477,1.1364,-25,-26,13,0.3200,495.12,140.16,68.00,25.00,617.50,180.00,65.00,42.00,0.0000,128.70,0,0,0.0000,NOT_RUN,0,156,966,0,0,0,25,0,0,0,0
15,0,1,0,NEGATIVE_PEAK,-4.3582,1.1000,-22,6,3,0.5909,495.12,140.16,68.00,25.00,616.50,180.00,63.00,44.00,0.0000,127.75,0,0,0.0000,NOT_RUN,0,86,634,0,0,0,22,0,0,0,0
16,0,1,0,NEGATIVE_PEAK,-4.8996,1.1667,-28,-1,-5,0.4643,495.12,140.16,68.00,25.00,625.50,179.50,63.00,39.00,0.0000,136.18,0,0,0.0000,NOT_RUN,0,123,415,0,0,0,28,0,0,0,0
17,0,1,0,LOW_PSR,4.2585,1.0000,25,-10,9,0.5200,495.12,140.16,68.00,25.00,626.00,178.50,66.00,37.00,0.0000,136.38,0,0,0.0000,NOT_RUN,0,148,312,0,0,0,25,0,0,0,0
18,0,1,0,NEGATIVE_PEAK,-5.8270,1.2593,-34,-1,-4,0.3529,495.12,140.16,68.00,25.00,628.00,175.50,68.00,35.00,0.0000,137.50,0,0,0.0000,NOT_RUN,0,106,155,0,0,0,34,0,0,0,0
19,0,1,0,NEGATIVE_PEAK,-4.2476,1.1250,-27,3,-12,0.5926,495.12,140.16,68.00,25.00,637.00,176.00,70.00,24.00,0.0000,146.33,0,0,0.0000,NOT_RUN,0,152,310,0,0,0,27,0,0,0,0
20,0,1,0,LOW_PSR,4.3074,1.0000,32,-10,8,0.2812,495.12,140.16,68.00,25.00,658.50,172.50,69.00,23.00,0.0000,166.55,0,0,0.0000,NOT_RUN,0,165,633,0,0,0,32,0,0,0,0
21,0,1,0,LOW_PSR,4.9284,1.1143,39,-10,8,0.3590,495.12,140.16,68.00,25.00,666.00,174.50,70.00,19.00,0.0000,174.29,0,0,0.0000,NOT_RUN,0,113,1570,0,0,0,39,0,0,0,0
22,0,1,0,NEGATIVE_PEAK,-5.7584,1.1837,-58,-1,-4,0.4655,495.12,140.16,68.00,25.00,687.00,179.50,68.00,25.00,0.0000,195.87,0,0,0.0000,NOT_RUN,0,257,1395,0,0,0,58,0,0,0,0
23,0,1,1,ACCEPT,5.2312,1.1190,47,-9,8,0.2553,476.00,146.41,68.00,25.00,706.50,192.00,65.00,30.00,0.0000,234.97,1,4,2.3873,MAX_STEP,0,220,1385,8027,0,0,47,0,0,0,0
24,0,1,1,ACCEPT,5.1279,1.1316,43,-7,10,0.4884,461.12,154.22,65.38,24.04,735.00,210.00,64.00,36.00,0.0000,279.50,1,-1,2.8337,ACCEPT,0,132,1303,6180,0,0,43,0,0,0,0
25,0,1,1,ACCEPT,5.2248,1.3158,75,-14,27,0.2933,432.47,174.47,65.38,24.04,758.50,232.50,57.00,41.00,0.0000,331.16,1,0,2.1870,ACCEPT,0,219,1733,7440,0,0,75,0,0,0,0
26,0,1,0,LOW_PSR,4.4693,1.0730,294,-4,-15,0.8367,432.47,174.47,65.38,24.04,780.00,259.00,52.00,50.00,0.0000,357.66,0,0,0.0000,NOT_RUN,0,850,1594,0,0,0,294,0,0,0,0
27,0,1,1,ACCEPT,5.2280,1.2500,320,-2,-1,0.7375,428.38,173.72,65.38,24.04,803.00,291.50,50.00,51.00,0.0000,392.70,1,0,2.1043,ACCEPT,0,757,1251,12942,0,0,320,0,0,0,0
28,0,1,0,LOW_PSR,4.7890,1.0000,261,-2,-15,0.9042,428.38,173.72,65.38,24.04,824.50,340.00,39.00,60.00,0.0000,429.61,0,0,0.0000,NOT_RUN,0,576,892,0,0,0,261,0,0,0,0
29,0,1,0,NEGATIVE_PEAK,-4.6256,1.0267,-269,-7,-11,0.9740,428.38,173.72,65.38,24.04,840.50,380.50,35.00,65.00,0.0000,461.09,0,0,0.0000,NOT_RUN,0,616,845,0,0,0,269,0,0,0,0
30,0,1,1,ACCEPT,5.2189,1.1098,273,0,-1,0.9817,428.38,172.97,65.38,24.04,853.00,408.50,38.00,63.00,0.0000,485.57,1,0,2.3589,ACCEPT,0,507,928,15305,0,0,273,0,0,0,0
31,0,1,1,ACCEPT,7.6227,1.5000,444,-1,0,0.9932,426.33,172.97,62.87,23.11,866.00,419.00,48.00,56.00,0.0000,503.83,1,-1,2.0520,ACCEPT,0,606,701,17380,0,0,444,0,0,0,0
32,0,1,1,ACCEPT,9.2551,1.7789,507,0,0,1.0000,426.33,172.97,62.87,23.11,871.50,427.00,55.00,48.00,0.0000,512.55,1,0,2.4354,ACCEPT,0,645,819,17157,0,0,507,0,0,0,0
33,0,1,1,ACCEPT,10.6589,2.2906,607,0,0,1.0000,426.33,172.97,62.87,23.11,873.50,433.00,49.00,54.00,0.0000,517.28,1,0,2.7452,ACCEPT,0,657,724,20469,0,0,607,0,0,0,0
34,0,1,1,ACCEPT,11.6449,2.7232,738,0,0,1.0000,426.33,172.97,62.87,23.11,870.00,435.00,44.00,58.00,0.0000,515.27,1,0,2.8842,ACCEPT,0,721,658,19352,0,0,738,0,0,0,0
35,0,1,1,ACCEPT,11.2361,2.6168,717,0,-1,0.8870,426.33,172.25,62.87,23.11,870.50,442.00,33.00,64.00,0.0000,519.67,1,0,2.9963,ACCEPT,0,781,883,17001,0,0,717,0,0,0,0
36,0,1,1,ACCEPT,12.6429,2.9885,777,0,0,1.0000,426.33,172.25,62.87,23.11,870.50,449.00,31.00,66.00,0.0000,523.33,1,0,3.0965,ACCEPT,0,798,857,16393,0,0,777,0,0,0,0
37,0,1,1,ACCEPT,14.6167,3.1708,891,0,0,1.0000,426.33,172.25,62.87,23.11,868.00,476.00,26.00,66.00,0.0000,536.04,1,0,2.9671,ACCEPT,0,759,762,16512,0,0,891,0,0,0,0
38,0,1,1,ACCEPT,15.0024,2.9539,1025,-1,0,0.8859,424.36,172.25,62.87,23.11,870.00,514.00,22.00,68.00,0.0000,561.59,1,0,2.9560,ACCEPT,0,837,754,17043,0,0,1025,0,0,0,0
39,0,1,1,ACCEPT,16.3244,3.1111,1120,-1,-1,0.7670,422.39,171.53,62.87,23.11,862.00,554.00,24.00,66.00,0.0000,582.70,1,0,3.0836,ACCEPT,0,866,757,17181,0,0,1120,0,0,0,0
40,0,1,1,ACCEPT,16.9780,3.3757,1141,-1,-1,0.7607,420.42,170.81,62.87,23.11,845.00,590.00,36.00,64.00,0.0000,596.64,1,0,3.0829,ACCEPT,0,887,789,15453,0,0,1141,0,0,0,0
41,0,1,1,ACCEPT,17.7019,3.4826,1299,0,0,1.0000,420.42,170.81,62.87,23.11,822.50,602.00,55.00,46.00,0.0000,589.57,1,0,2.8902,ACCEPT,0,983,739,15356,0,0,1299,0,0,0,0
42,0,1,1,ACCEPT,18.4208,4.1246,1291,-1,1,0.8079,418.45,171.53,62.87,23.11,808.50,601.50,61.00,35.00,0.0000,580.53,1,0,2.9970,ACCEPT,0,1031,757,15052,0,0,1291,0,0,0,0
43,0,1,1,ACCEPT,18.0474,3.8205,1341,-1,-1,0.8397,416.48,170.81,62.87,23.11,792.00,602.00,64.00,30.00,0.0000,571.78,1,0,3.0785,ACCEPT,0,980,663,15379,0,0,1341,0,0,0,0
44,0,1,1,ACCEPT,19.5019,4.5773,1451,-1,1,0.9207,414.52,171.53,62.87,23.11,780.00,594.00,66.00,22.00,0.0000,558.62,1,0,3.2463,ACCEPT,0,1103,718,15564,0,0,1451,0,0,0,0
45,0,1,1,ACCEPT,19.1643,4.7886,1427,-2,0,0.6125,410.58,171.53,62.87,23.11,770.50,585.00,65.00,20.00,0.0000,548.18,1,0,3.3427,ACCEPT,0,1037,772,11570,0,0,1427,0,0,0,0
46,0,1,1,ACCEPT,19.2935,4.3464,1330,-1,-1,0.7977,408.61,170.81,62.87,23.11,771.00,578.50,60.00,23.00,0.0000,545.47,1,0,3.1413,ACCEPT,0,872,772,12004,0,0,1330,0,0,0,0
47,0,1,1,ACCEPT,17.0869,3.0670,1328,-1,-1,0.9021,406.64,170.09,62.87,23.11,772.50,581.00,57.00,24.00,0.0000,550.18,1,0,2.7640,ACCEPT,0,1170,737,14446,0,0,1328,0,0,0,0
48,0,1,1,ACCEPT,16.6371,2.9916,1418,-1,0,0.9097,404.67,170.09,62.87,23.11,775.50,579.50,59.00,25.00,0.0000,552.38,1,0,3.1842,ACCEPT,0,1159,694,14108,0,0,1418,0,0,0,0
49,0,1,1,ACCEPT,17.9945,3.3062,1587,0,0,1.0000,404.67,170.09,62.87,23.11,774.00,578.50,60.00,27.00,0.0000,550.64,1,0,2.9656,ACCEPT,0,1224,665,14889,0,0,1587,0,0,0,0
50,0,1,1,ACCEPT,16.2784,3.3877,1433,0,-1,0.9246,404.67,169.38,62.87,23.11,774.00,578.50,56.00,31.00,0.0000,551.17,1,0,2.7313,ACCEPT,0,1162,621,15084,0,0,1433,0,0,0,0
51,0,1,1,ACCEPT,17.2540,3.3042,1510,-1,0,0.9795,402.70,169.38,62.87,23.11,772.50,580.00,57.00,34.00,0.0000,552.60,1,0,3.2698,ACCEPT,0,1176,671,15414,0,0,1510,0,0,0,0
52,0,1,1,ACCEPT,17.6877,3.4421,1456,1,-1,0.8132,404.67,168.66,62.87,23.11,771.50,579.50,57.00,33.00,0.0000,550.78,1,0,2.6972,ACCEPT,0,1033,614,15846,0,0,1456,0,0,0,0
53,0,1,1,ACCEPT,20.5061,3.2420,1728,-1,-2,0.5752,402.70,167.22,62.87,23.11,771.50,581.50,57.00,31.00,0.0000,554.65,1,0,3.1969,ACCEPT,0,1199,729,14674,0,0,1728,0,0,0,0
54,0,1,1,ACCEPT,23.0860,4.4533,1955,0,0,1.0000,402.70,167.22,62.87,23.11,776.00,584.50,54.00,23.00,0.0000,559.89,1,0,3.2045,ACCEPT,0,1181,717,16808,0,0,1955,0,0,0,0
55,0,1,1,ACCEPT,20.8763,3.9302,1914,0,-2,0.6750,402.70,165.78,62.87,23.11,777.00,585.00,54.00,22.00,0.0000,562.00,1,0,3.1236,ACCEPT,0,1236,736,14420,0,0,1914,0,0,0,0
56,0,1,1,ACCEPT,20.2982,3.9241,1707,0,-1,0.8436,402.70,165.06,62.87,23.11,777.50,586.50,53.00,23.00,0.0000,563.99,1,0,3.1339,ACCEPT,0,1105,619,16667,0,0,1707,0,0,0,0
57,0,1,1,ACCEPT,22.4716,3.8143,1869,0,1,0.9256,402.70,165.78,62.87,23.11,769.50,582.50,63.00,23.00,0.0000,555.15,1,0,2.9042,ACCEPT,0,1271,776,16458,0,0,1869,0,0,0,0
58,0,1,1,ACCEPT,19.1320,3.4171,1835,0,-1,0.9270,402.70,165.06,62.87,23.11,763.00,581.00,66.00,22.00,0.0000,550.29,1,0,3.0430,ACCEPT,0,1293,658,19413,0,0,1835,0,0,0,0
59,0,1,1,ACCEPT,19.9341,3.4629,2005,0,0,1.0000,402.70,165.06,62.87,23.11,763.00,581.00,64.00,22.00,0.0000,550.29,1,0,3.1907,ACCEPT,0,1430,686,17828,0,0,2005,0,0,0,0
60,0,1,1,ACCEPT,23.1021,3.9139,2090,0,0,1.0000,402.70,165.06,62.87,23.11,763.00,580.50,62.00,21.00,0.0000,549.91,1,0,3.1507,ACCEPT,0,1390,720,19440,0,0,2090,0,0,0,0
61,0,1,1,ACCEPT,20.1063,3.4462,2240,-1,0,0.9969,400.73,165.06,62.87,23.11,760.00,578.00,62.00,22.00,0.0000,547.35,1,0,3.2423,ACCEPT,0,1568,703,20744,0,0,2240,0,0,0,0
62,0,1,1,ACCEPT,21.3787,3.3666,2259,0,0,1.0000,400.73,165.06,62.87,23.11,757.00,576.00,62.00,24.00,0.0000,543.87,1,0,3.2630,ACCEPT,0,1454,677,23587,0,0,2259,0,0,0,0
63,0,1,1,ACCEPT,22.1545,4.5578,2484,0,-2,0.6679,400.73,163.62,62.87,23.11,755.00,575.50,60.00,27.00,0.0000,543.27,1,0,3.2248,ACCEPT,0,1530,765,20365,0,0,2484,0,0,0,0
64,0,1,1,ACCEPT,22.4911,4.8468,2341,0,-1,0.8889,400.73,162.91,65.38,24.04,755.00,575.50,58.00,29.00,0.0000,543.82,1,1,2.4727,ACCEPT,0,1465,714,21002,0,0,2341,0,0,0,0
65,0,1,1,ACCEPT,20.2827,3.7982,2108,-2,-1,0.7144,396.64,162.16,65.38,24.04,753.50,576.00,53.00,34.00,0.0000,546.46,1,0,3.1500,ACCEPT,0,1565,734,17365,0,0,2108,0,0,0,0
66,0,1,1,ACCEPT,17.7634,3.4524,1740,0,0,1.0000,396.64,162.16,65.38,24.04,754.00,574.50,54.00,37.00,0.0000,545.65,1,0,3.2903,ACCEPT,0,1325,695,20009,0,0,1740,0,0,0,0
67,0,1,1,ACCEPT,18.6470,3.2268,2020,0,-1,0.9886,396.64,161.41,65.38,24.04,753.50,574.00,51.00,38.00,0.0000,545.51,1,0,3.2097,ACCEPT,0,1451,752,19844,0,0,2020,0,0,0,0
68,0,1,1,ACCEPT,20.0758,4.0000,2188,0,0,1.0000,396.64,161.41,65.38,24.04,754.50,574.50,49.00,39.00,0.0000,546.54,1,0,3.2848,ACCEPT,0,1417,675,20288,0,0,2188,0,0,0,0
69,0,1,1,ACCEPT,20.1037,3.4632,2213,0,-1,0.9977,396.64,160.66,65.38,24.04,753.50,571.50,49.00,43.00,0.0000,544.19,1,0,3.2284,ACCEPT,0,1512,624,19745,0,0,2213,0,0,0,0
70,0,1,1,ACCEPT,17.3291,3.2866,2018,0,-1,0.8652,396.64,159.91,65.38,24.04,756.00,570.50,52.00,35.00,0.0000,545.64,1,0,3.2865,ACCEPT,0,1601,610,17401,0,0,2018,0,0,0,0
71,0,1,1,ACCEPT,21.7953,4.0174,2081,0,1,0.8981,396.64,160.66,65.38,24.04,754.00,571.50,52.00,35.00,0.0000,544.52,1,0,3.1741,ACCEPT,0,1367,738,17608,0,0,2081,0,0,0,0
72,0,1,1,ACCEPT,23.2827,4.8606,2231,0,0,1.0000,396.64,160.66,65.38,24.04,755.50,575.50,49.00,27.00,0.0000,548.52,1,0,3.0025,ACCEPT,0,1420,728,16220,0,0,2231,0,0,0,0
73,0,1,1,ACCEPT,20.3371,3.6498,2022,1,2,0.7953,398.69,162.16,65.38,24.04,757.50,575.00,53.00,26.00,0.0000,546.98,1,0,3.1648,ACCEPT,0,1505,714,17297,0,0,2022,0,0,0,0
74,0,1,1,ACCEPT,25.5494,5.0551,2568,0,2,0.5732,398.69,163.66,65.38,24.04,760.50,573.50,49.00,31.00,0.0000,546.70,1,0,3.1939,ACCEPT,0,1583,722,19062,0,0,2568,0,0,0,0
75,0,1,1,ACCEPT,23.2328,4.3943,2764,1,2,0.6617,400.73,165.16,65.38,24.04,760.00,571.50,48.00,33.00,0.0000,542.39,1,0,3.1020,ACCEPT,0,1639,865,19089,0,0,2764,0,0,0,0
76,0,1,1,ACCEPT,25.7730,4.8752,3086,0,1,0.8662,400.73,165.91,65.38,24.04,756.00,568.00,52.00,34.00,0.0000,536.56,1,0,3.0724,ACCEPT,0,1965,765,18856,0,0,3086,0,0,0,0
77,0,1,1,ACCEPT,21.8099,2.9720,2972,0,2,0.7873,400.73,167.41,65.38,24.04,750.50,567.50,57.00,35.00,0.0000,531.42,1,0,2.8815,ACCEPT,0,2189,740,18886,0,0,2972,0,0,0,0
78,0,1,1,ACCEPT,25.3250,4.8966,2889,1,2,0.6649,402.78,168.91,65.38,24.04,747.50,565.50,59.00,37.00,0.0000,525.47,1,0,3.1492,ACCEPT,0,1877,763,17611,0,0,2889,0,0,0,0
79,0,1,1,ACCEPT,25.1059,4.0764,2776,-1,1,0.9805,400.73,169.66,65.38,24.04,743.00,559.50,58.00,41.00,0.0000,518.77,1,0,3.1727,ACCEPT,0,1715,899,14543,0,0,2776,0,0,0,0
80,0,1,1,ACCEPT,24.5267,4.1510,2777,1,0,0.9651,402.78,169.66,65.38,24.04,736.00,556.00,60.00,40.00,0.0000,510.19,1,0,3.1182,ACCEPT,0,1654,840,13736,0,0,2777,0,0,0,0
81,0,1,1,ACCEPT,26.3941,4.1473,2675,0,0,1.0000,402.78,169.66,65.38,24.04,725.50,556.50,63.00,37.00,0.0000,503.78,1,0,3.1221,ACCEPT,0,1599,786,14393,0,0,2675,0,0,0,0
82,0,1,1,ACCEPT,26.3662,4.5669,2763,0,0,1.0000,402.78,169.66,65.38,24.04,704.50,551.50,65.00,25.00,0.0000,486.66,1,0,3.1461,ACCEPT,0,1693,784,13239,0,0,2763,0,0,0,0
83,0,1,1,ACCEPT,27.2705,3.8753,2860,0,-1,0.9997,402.78,168.91,65.38,24.04,677.00,553.50,66.00,23.00,0.0000,472.34,1,0,3.0621,ACCEPT,0,1703,755,12278,0,0,2860,0,0,0,0
84,0,1,1,ACCEPT,27.4023,4.1142,2703,0,0,1.0000,402.78,168.91,65.38,24.04,659.50,564.50,65.00,31.00,0.0000,471.59,1,0,3.1805,ACCEPT,0,1666,807,13102,0,0,2703,0,0,0,0
85,0,1,1,ACCEPT,27.5416,3.9005,2863,0,2,0.8034,402.78,170.41,65.38,24.04,648.00,573.00,58.00,46.00,0.0000,471.40,1,0,3.2666,ACCEPT,0,1731,746,14580,0,0,2863,0,0,0,0
86,0,1,1,ACCEPT,27.9848,5.7073,3042,-1,2,0.6256,400.73,171.91,65.38,24.04,617.50,606.00,47.00,56.00,0.0000,485.21,1,0,3.3038,ACCEPT,0,1641,811,15948,0,0,3042,0,0,0,0
87,0,1,1,ACCEPT,27.4227,4.3276,3012,0,-1,0.9519,400.73,171.16,65.38,24.04,604.00,629.50,44.00,61.00,0.0000,501.39,1,0,3.2137,ACCEPT,0,1601,897,13171,0,0,3012,0,0,0,0
88,0,1,1,ACCEPT,28.7610,5.1595,3137,0,-2,0.5894,400.73,169.66,65.38,24.04,606.50,641.00,33.00,66.00,0.0000,514.30,1,0,3.2142,ACCEPT,0,1749,853,12007,0,0,3137,0,0,0,0
89,0,1,1,ACCEPT,27.5966,5.6823,2790,0,-1,0.8738,400.73,168.91,65.38,24.04,625.00,658.50,28.00,69.00,0.0000,538.51,1,0,3.1284,ACCEPT,0,1729,754,12370,0,0,2790,0,0,0,0
90,0,1,1,ACCEPT,27.9005,4.7728,2983,-1,1,0.8294,398.69,169.66,65.38,24.04,652.00,694.00,44.00,62.00,0.0000,582.33,1,0,3.2543,ACCEPT,0,1773,776,12843,0,0,2983,0,0,0,0
91,0,1,1,ACCEPT,27.3228,5.6667,2771,-1,-1,0.9542,396.64,168.91,65.38,24.04,690.00,727.50,48.00,59.00,0.0000,630.94,1,0,2.8770,ACCEPT,0,1514,799,13639,0,0,2771,0,0,0,0
92,0,1,1,ACCEPT,27.3895,4.2993,3117,1,1,0.8142,398.69,169.66,65.38,24.04,706.50,738.00,47.00,58.00,0.0000,646.35,1,0,3.1515,ACCEPT,0,1656,843,15106,0,0,3117,0,0,0,0
93,0,1,1,ACCEPT,26.2938,4.4042,2964,1,0,0.8536,400.73,169.66,65.38,24.04,712.50,741.00,51.00,56.00,0.0000,650.87,1,0,3.0018,ACCEPT,0,1627,670,17378,0,0,2964,0,0,0,0
94,0,1,1,ACCEPT,27.7547,5.3960,3216,0,0,1.0000,400.73,169.66,65.38,24.04,716.50,740.00,55.00,50.00,0.0000,651.92,1,0,3.2373,ACCEPT,0,1845,747,13940,0,0,3216,0,0,0,0
95,0,1,1,ACCEPT,29.5229,5.7221,3130,0,0,1.0000,400.73,169.66,65.38,24.04,723.50,739.00,61.00,42.00,0.0000,654.47,1,0,3.2823,ACCEPT,0,1661,842,12819,0,0,3130,0,0,0,0
96,0,1,1,ACCEPT,26.0355,3.9469,2826,1,1,0.8337,402.78,170.41,65.38,24.04,727.50,740.50,61.00,43.00,0.0000,656.09,1,0,3.1564,ACCEPT,0,1621,708,14086,0,0,2826,0,0,0,0
97,0,1,1,ACCEPT,21.9479,3.2718,2444,0,2,0.6444,402.78,171.91,65.38,24.04,728.00,740.00,58.00,44.00,0.0000,654.60,1,0,3.3636,ACCEPT,0,1617,611,13620,0,0,2444,0,0,0,0
98,0,1,1,ACCEPT,23.5865,3.2473,2416,0,0,1.0000,402.78,171.91,65.38,24.04,731.50,739.50,61.00,41.00,0.0000,655.91,1,0,3.2205,ACCEPT,0,1517,692,12830,0,0,2416,0,0,0,0
99,0,1,1,ACCEPT,23.6540,4.2926,2215,1,-1,0.9237,404.83,171.16,65.38,24.04,736.50,740.00,63.00,38.00,0.0000,658.48,1,0,3.1619,ACCEPT,0,1472,653,13485,0,0,2215,0,0,0,0
100,0,1,1,ACCEPT,25.6159,4.0648,2321,0,1,0.9496,404.83,171.91,65.38,24.04,739.50,733.00,67.00,28.00,0.0000,653.32,1,0,3.3343,ACCEPT,0,1426,679,12772,0,0,2321,0,0,0,0
101,0,1,1,ACCEPT,31.1307,4.9895,2380,-1,-1,0.8193,402.78,171.16,65.38,24.04,748.00,727.00,68.00,22.00,0.0000,654.32,1,0,3.1712,ACCEPT,0,1313,670,14190,0,0,2380,0,0,0,0
102,0,1,1,ACCEPT,31.1513,5.6206,2563,0,0,1.0000,402.78,171.16,65.38,24.04,763.00,716.00,66.00,26.00,0.0000,653.16,1,0,3.3103,ACCEPT,0,1349,694,16038,0,0,2563,0,0,0,0
103,0,1,1,ACCEPT,28.6586,4.9167,2360,0,-1,0.9843,402.78,170.41,65.38,24.04,779.00,701.50,68.00,29.00,0.0000,650.85,1,0,3.2260,ACCEPT,0,1380,633,14792,0,0,2360,0,0,0,0
104,0,1,1,ACCEPT,15.5813,3.1557,1540,3,3,0.2182,408.92,172.66,65.38,24.04,793.00,684.00,60.00,40.00,0.0000,639.52,1,0,3.3986,ACCEPT,0,2325,790,15028,0,0,1540,0,0,0,0
105,0,1,1,ACCEPT,9.1664,1.3410,1164,3,-1,0.4605,415.06,171.91,65.38,24.04,810.00,662.00,58.00,46.00,0.0000,629.42,1,0,3.3414,ACCEPT,0,2002,743,14717,0,0,1164,0,0,0,0
106,0,1,1,ACCEPT,11.8251,1.8502,1482,0,0,1.0000,415.06,171.91,65.38,24.04,819.50,650.00,53.00,48.00,0.0000,626.21,1,0,3.3307,ACCEPT,0,2023,676,12870,0,0,1482,0,0,0,0
107,0,1,1,ACCEPT,14.6420,1.9887,1579,1,3,0.2704,417.11,174.16,65.38,24.04,817.50,645.50,49.00,51.00,0.0000,618.45,1,0,3.3150,ACCEPT,0,1687,599,10870,0,0,1579,0,0,0,0
108,0,1,1,ACCEPT,18.1564,2.9143,1734,1,2,0.7191,419.16,175.66,65.38,24.04,814.50,645.50,47.00,53.00,0.0000,614.04,1,0,3.3261,ACCEPT,0,1398,629,11200,0,0,1734,0,0,0,0
109,0,1,1,ACCEPT,20.4927,3.6317,1834,0,-1,0.9237,419.16,174.91,65.38,24.04,817.50,636.50,51.00,49.00,0.0000,609.71,1,0,3.3128,ACCEPT,0,1319,730,12694,0,0,1834,0,0,0,0
110,0,1,1,ACCEPT,25.3788,4.6107,2831,1,-1,0.8930,421.20,174.16,65.38,24.04,822.50,633.00,57.00,48.00,0.0000,609.57,1,0,3.3751,ACCEPT,0,1695,547,13354,0,0,2831,0,0,0,0
111,0,1,1,ACCEPT,27.8447,4.5107,2729,-1,1,0.8824,419.16,174.91,65.38,24.04,833.00,619.00,52.00,54.00,0.0000,607.03,1,0,3.4273,ACCEPT,0,1666,714,11684,0,0,2729,0,0,0,0
112,0,1,1,ACCEPT,24.8040,3.5698,2149,0,1,0.8916,419.16,175.66,65.38,24.04,841.00,605.00,52.00,50.00,0.0000,601.90,1,0,3.3639,ACCEPT,0,1465,624,13414,0,0,2149,0,0,0,0
113,0,1,1,ACCEPT,22.8501,3.5436,2073,-1,-1,0.8500,417.11,174.91,65.38,24.04,849.50,584.00,39.00,60.00,0.0000,595.25,1,0,3.2867,ACCEPT,0,1512,612,13280,0,0,2073,0,0,0,0
114,0,1,1,ACCEPT,21.7621,3.7056,2190,-1,1,0.7950,415.06,175.66,65.38,24.04,854.50,555.50,31.00,65.00,0.0000,580.85,1,0,3.3462,ACCEPT,0,1622,622,14366,0,0,2190,0,0,0,0
115,0,1,1,ACCEPT,21.7269,3.8333,2139,-1,1,0.8565,413.02,176.41,65.38,24.04,866.50,527.50,39.00,61.00,0.0000,573.51,1,0,3.4106,ACCEPT,0,1514,589,15472,0,0,2139,0,0,0,0
116,0,1,1,ACCEPT,19.6577,4.0644,1894,0,1,0.9092,413.02,177.16,65.38,24.04,871.00,520.50,48.00,53.00,0.0000,572.39,1,0,3.3759,ACCEPT,0,1446,569,15324,0,0,1894,0,0,0,0
117,0,1,1,ACCEPT,18.8038,3.1220,1842,0,-1,0.9077,413.02,176.41,65.38,24.04,879.50,515.50,55.00,45.00,0.0000,576.71,1,0,3.2041,ACCEPT,0,1467,480,17841,0,0,1842,0,0,0,0
118,0,1,1,ACCEPT,16.9002,2.8662,1800,0,-1,0.9167,413.02,175.66,65.38,24.04,882.00,508.50,56.00,49.00,0.0000,575.09,1,0,3.4383,ACCEPT,0,1531,530,16812,0,0,1800,0,0,0,0
119,0,1,1,ACCEPT,19.3466,3.4688,1887,1,-1,0.8453,415.06,174.91,65.38,24.04,880.50,507.00,53.00,48.00,0.0000,571.77,1,0,3.2064,ACCEPT,0,1457,591,16194,0,0,1887,0,0,0,0
120,0,1,1,ACCEPT,19.2741,2.9797,1761,0,-1,0.9966,415.06,174.16,65.38,24.04,878.00,506.00,52.00,50.00,0.0000,569.59,1,0,3.0570,ACCEPT,0,1351,425,16441,0,0,1761,0,0,0,0
121,0,1,1,ACCEPT,19.5274,4.1002,1759,0,1,0.8664,415.06,174.91,65.38,24.04,872.50,504.00,41.00,58.00,0.0000,563.52,1,0,3.0775,ACCEPT,0,1395,512,19010,0,0,1759,0,0,0,0
122,0,1,1,ACCEPT,18.7596,2.8331,1714,0,-1,0.9259,415.06,174.16,65.38,24.04,867.00,499.00,30.00,66.00,0.0000,556.57,1,0,3.0280,ACCEPT,0,1357,438,18463,0,0,1714,0,0,0,0
123,0,1,1,ACCEPT,16.6665,2.6094,1610,-1,1,0.9963,413.02,174.91,65.38,24.04,862.00,486.00,24.00,68.00,0.0000,546.23,1,0,3.2239,ACCEPT,0,1295,473,20465,0,0,1610,0,0,0,0
124,0,1,1,ACCEPT,18.1309,2.9899,1770,0,-2,0.7808,413.02,173.41,65.38,24.04,866.00,468.00,22.00,70.00,0.0000,540.35,1,0,3.0720,ACCEPT,0,1604,516,17174,0,0,1770,0,0,0,0
125,0,1,1,ACCEPT,16.9669,3.1021,1610,0,1,0.9354,413.02,174.16,65.38,24.04,860.00,451.00,22.00,70.00,0.0000,525.77,1,0,3.2520,ACCEPT,0,1316,422,22535,0,0,1610,0,0,0,0
126,0,1,1,ACCEPT,17.3901,2.9369,1721,0,-1,0.8268,413.02,173.41,65.38,24.04,853.50,434.50,27.00,69.00,0.0000,512.05,1,0,3.3682,ACCEPT,0,1510,474,19049,0,0,1721,0,0,0,0
127,0,1,1,ACCEPT,18.3584,3.1786,1815,0,0,1.0000,413.02,173.41,65.38,24.04,845.00,407.00,26.00,68.00,0.0000,491.10,1,0,3.3330,ACCEPT,0,1623,445,20296,0,0,1815,0,0,0,0
128,0,1,1,ACCEPT,18.9652,2.8254,1602,0,0,1.0000,413.02,173.41,65.38,24.04,823.00,381.50,38.00,65.00,0.0000,459.77,1,0,3.4247,ACCEPT,0,1358,452,21541,0,0,1602,0,0,0,0
129,0,1,1,ACCEPT,20.6806,3.2392,1801,0,-1,0.9195,413.02,172.66,65.38,24.04,807.00,376.00,50.00,52.00,0.0000,443.36,1,0,3.3666,ACCEPT,0,1447,419,21006,0,0,1801,0,0,0,0
130,0,1,1,ACCEPT,21.4034,3.1155,1807,0,-1,0.8738,413.02,171.91,65.38,24.04,800.50,364.00,49.00,50.00,0.0000,432.49,1,0,3.2878,ACCEPT,0,1505,489,21540,0,0,1807,0,0,0,0
131,0,1,1,ACCEPT,21.2355,3.5704,1903,0,0,1.0000,413.02,171.91,65.38,24.04,799.50,359.50,37.00,59.00,0.0000,429.61,1,0,3.3775,ACCEPT,0,1579,519,21350,0,0,1903,0,0,0,0
132,0,1,1,ACCEPT,21.7496,3.1368,1835,1,-1,0.9684,415.06,171.16,65.38,24.04,802.50,349.00,31.00,66.00,0.0000,426.31,1,0,3.2721,ACCEPT,0,1493,492,22478,0,0,1835,0,0,0,0
133,0,1,1,ACCEPT,23.8229,3.8040,1883,0,2,0.6118,415.06,172.66,65.38,24.04,799.50,343.00,29.00,64.00,0.0000,420.49,1,0,3.4096,ACCEPT,0,1273,387,24642,0,0,1883,0,0,0,0
134,0,1,1,ACCEPT,24.8046,3.5663,2072,0,-1,0.8764,415.06,171.91,65.38,24.04,797.00,341.00,34.00,58.00,0.0000,417.69,1,0,3.2151,ACCEPT,0,1389,518,19406,0,0,2072,0,0,0,0
135,0,1,1,ACCEPT,19.0020,3.5518,1783,1,3,0.0073,417.11,174.16,65.38,24.04,789.00,343.50,50.00,47.00,0.0000,408.63,1,0,3.2034,ACCEPT,0,1391,419,21895,0,0,1783,0,0,0,0
136,0,1,1,ACCEPT,16.0448,2.7689,1498,1,3,0.1636,419.16,176.41,65.38,24.04,781.00,350.00,58.00,36.00,0.0000,401.33,1,0,3.2912,ACCEPT,0,1518,398,20270,0,0,1498,0,0,0,0
137,0,1,1,ACCEPT,18.0561,2.5176,1717,0,-3,0.4945,419.16,174.16,65.38,24.04,773.00,363.50,64.00,25.00,0.0000,401.32,1,0,3.2144,ACCEPT,0,1543,537,15132,0,0,1717,0,0,0,0
138,0,1,1,ACCEPT,15.9430,2.7004,1496,0,4,0.0983,419.16,177.16,65.38,24.04,760.50,382.00,57.00,44.00,0.0000,398.09,1,0,3.3972,ACCEPT,0,1492,427,20248,0,0,1496,0,0,0,0
139,0,1,1,ACCEPT,19.3176,3.1559,1761,0,0,1.0000,419.16,177.16,65.38,24.04,743.00,409.00,52.00,48.00,0.0000,398.28,1,0,3.2515,ACCEPT,0,1491,665,13342,0,0,1761,0,0,0,0
140,0,1,1,ACCEPT,20.2246,2.7632,1622,0,-3,0.5401,419.16,174.91,65.38,24.04,730.00,434.00,42.00,58.00,0.0000,404.66,1,0,3.3335,ACCEPT,0,1352,519,13120,0,0,1622,0,0,0,0
141,0,1,1,ACCEPT,21.7880,2.8843,1670,1,-2,0.6850,421.20,173.41,65.38,24.04,727.00,446.00,36.00,64.00,0.0000,409.66,1,0,3.1728,ACCEPT,0,1225,671,12294,0,0,1670,0,0,0,0
142,0,1,1,ACCEPT,23.2507,4.1615,1752,0,2,0.6935,421.20,174.91,65.38,24.04,724.00,460.50,28.00,69.00,0.0000,416.23,1,0,3.2975,ACCEPT,0,1208,568,14771,0,0,1752,0,0,0,0
143,0,1,1,ACCEPT,25.2353,4.1695,1943,0,-1,0.7674,421.20,174.16,65.38,24.04,728.00,479.50,24.00,69.00,0.0000,432.85,1,0,3.2034,ACCEPT,0,1321,672,12260,0,0,1943,0,0,0,0
144,0,1,1,ACCEPT,24.8489,4.0687,1953,0,-2,0.6380,421.20,172.66,65.38,24.04,722.50,492.00,29.00,66.00,0.0000,439.04,1,0,3.1751,ACCEPT,0,1597,726,10785,0,0,1953,0,0,0,0
145,0,1,1,ACCEPT,27.4275,5.0052,1917,0,0,1.0000,421.20,172.66,65.38,24.04,702.00,495.50,54.00,49.00,0.0000,427.87,1,0,3.1159,ACCEPT,0,1214,610,12770,0,0,1917,0,0,0,0
146,0,1,1,ACCEPT,30.0033,5.3780,2049,0,0,1.0000,421.20,172.66,65.38,24.04,674.50,493.50,65.00,29.00,0.0000,408.78,1,0,3.0943,ACCEPT,0,1240,693,12634,0,0,2049,0,0,0,0
147,0,1,1,ACCEPT,31.0711,5.7642,2127,0,1,0.8858,421.20,173.41,65.38,24.04,640.00,489.00,68.00,24.00,0.0000,384.02,1,0,3.1200,ACCEPT,0,1143,693,13593,0,0,2127,0,0,0,0
148,0,1,1,ACCEPT,26.5405,4.2733,2111,1,3,0.4254,423.25,175.66,65.38,24.04,590.50,476.00,65.00,26.00,0.0000,343.77,1,0,3.4139,ACCEPT,0,1415,656,16882,0,0,2111,0,0,0,0
149,0,1,1,ACCEPT,29.3348,4.7409,2342,1,0,0.9829,425.30,175.66,65.38,24.04,551.50,454.50,59.00,35.00,0.0000,306.07,1,0,3.3692,ACCEPT,0,1325,562,15538,0,0,2342,0,0,0,0
150,0,1,1,ACCEPT,28.3850,4.5626,2076,1,1,0.7264,427.34,176.41,65.38,24.04,502.00,423.00,56.00,44.00,0.0000,257.65,1,0,3.3913,ACCEPT,0,1332,553,16342,0,0,2076,0,0,0,0
151,0,1,1,ACCEPT,27.4267,3.8930,2184,0,2,0.7033,427.34,177.91,65.38,24.04,483.50,386.50,45.00,57.00,0.0000,216.02,1,0,3.4671,ACCEPT,0,1397,627,15281,0,0,2184,0,0,0,0
152,0,1,1,ACCEPT,27.7065,3.8072,2113,0,-1,0.8954,427.34,177.16,65.38,24.04,482.50,365.50,29.00,67.00,0.0000,196.25,1,0,3.4630,ACCEPT,0,1312,701,14849,0,0,2113,0,0,0,0
153,0,1,1,ACCEPT,27.5477,4.3596,2049,1,0,0.9483,429.39,177.16,65.38,24.04,482.50,337.00,33.00,68.00,0.0000,168.44,1,0,3.4268,ACCEPT,0,1214,582,17792,0,0,2049,0,0,0,0
154,0,1,1,ACCEPT,19.8582,3.6849,1953,1,0,0.9401,431.44,177.16,65.38,24.04,470.50,326.50,47.00,61.00,0.0000,154.37,1,0,3.7247,ACCEPT,0,1969,529,17078,0,0,1953,0,0,0,0
155,0,1,1,ACCEPT,20.4044,4.1701,1814,1,3,0.4101,433.48,179.41,65.38,24.04,465.00,323.50,54.00,51.00,0.0000,147.50,1,0,3.6385,ACCEPT,0,1535,521,20787,0,0,1814,0,0,0,0
156,0,1,1,ACCEPT,19.6893,2.9707,1827,0,3,0.5298,433.48,181.66,65.38,24.04,437.50,316.50,59.00,41.00,0.0000,134.90,1,0,3.7917,ACCEPT,0,1520,510,20677,0,0,1827,0,0,0,0
157,0,1,1,ACCEPT,20.5803,3.4187,1935,1,0,0.9742,435.53,181.66,65.38,24.04,401.50,300.50,63.00,37.00,0.0000,123.62,1,0,3.5761,ACCEPT,0,1563,604,17864,0,0,1935,0,0,0,0
158,0,1,1,ACCEPT,13.0558,1.8245,1695,0,6,0.4637,435.53,186.16,65.38,24.04,354.00,289.00,64.00,34.00,0.0000,131.24,1,0,3.3938,ACCEPT,0,1960,665,23096,0,0,1695,0,0,0,0
159,0,1,1,ACCEPT,13.5384,1.8303,1704,0,1,0.9073,435.53,186.91,65.38,24.04,301.50,274.00,63.00,36.00,0.0000,159.84,1,0,3.3434,ACCEPT,0,1786,709,20827,0,0,1704,0,0,0,0
160,0,1,1,ACCEPT,11.8233,1.9441,1738,0,-1,0.9016,435.53,186.16,65.38,24.04,284.50,265.00,61.00,40.00,0.0000,170.37,1,0,3.5494,ACCEPT,0,2450,740,20216,0,0,1738,0,0,0,0
161,0,1,1,ACCEPT,11.1305,1.8255,1705,1,2,0.6393,437.58,187.66,65.38,24.04,282.50,268.00,65.00,38.00,0.0000,174.65,1,0,3.5508,ACCEPT,0,2542,679,18855,0,0,1705,0,0,0,0
162,0,1,1,ACCEPT,12.6975,1.7909,1730,0,3,0.5948,437.58,189.91,65.38,24.04,279.50,280.00,71.00,24.00,0.0000,181.95,1,0,3.5339,ACCEPT,0,1774,676,18178,0,0,1730,0,0,0,0
163,0,1,1,ACCEPT,15.5310,2.2141,1913,-2,1,0.7282,433.48,190.66,65.38,24.04,268.00,293.00,66.00,30.00,0.0000,194.57,1,0,3.5610,ACCEPT,0,1758,760,16453,0,0,1913,0,0,0,0
164,0,1,1,ACCEPT,15.5662,2.1316,1863,0,2,0.6098,433.48,192.16,65.38,24.04,249.50,310.00,61.00,38.00,0.0000,218.49,1,0,3.5624,ACCEPT,0,1773,579,19959,0,0,1863,0,0,0,0
165,0,1,1,ACCEPT,17.6160,2.7021,2186,-1,3,0.4501,431.44,194.41,65.38,24.04,234.50,337.50,57.00,47.00,0.0000,243.43,1,0,3.5508,ACCEPT,0,1828,674,18423,0,0,2186,0,0,0,0
166,0,1,1,ACCEPT,19.9260,3.2068,2466,0,1,0.9643,431.44,195.16,65.38,24.04,230.50,346.50,55.00,49.00,0.0000,251.56,1,0,3.6531,ACCEPT,0,2320,707,16913,0,0,2466,0,0,0,0
167,0,1,1,ACCEPT,19.0736,2.3768,2296,0,1,0.9416,431.44,195.91,65.38,24.04,230.50,360.50,59.00,47.00,0.0000,259.74,1,0,3.6295,ACCEPT,0,2119,617,18136,0,0,2296,0,0,0,0
168,0,1,1,ACCEPT,17.1667,2.6742,2019,-1,1,0.8494,429.39,196.66,65.38,24.04,226.50,359.00,61.00,46.00,0.0000,259.85,1,0,3.6603,ACCEPT,0,2028,681,15786,0,0,2019,0,0,0,0
169,0,1,1,ACCEPT,17.5560,2.6613,1996,-1,2,0.6919,427.34,198.16,65.38,24.04,232.50,345.00,69.00,28.00,0.0000,243.98,1,0,3.5837,ACCEPT,0,1926,590,17627,0,0,1996,0,0,0,0
170,0,1,1,ACCEPT,17.9161,2.9371,2100,0,1,0.8300,427.34,198.91,65.38,24.04,250.00,332.00,68.00,34.00,0.0000,221.73,1,0,3.4822,ACCEPT,0,2202,602,16094,0,0,2100,0,0,0,0
171,0,1,1,ACCEPT,17.2038,2.8649,1696,-1,3,0.1792,425.30,201.16,65.38,24.04,268.00,318.50,48.00,55.00,0.0000,196.24,1,0,3.1771,ACCEPT,0,1563,580,16323,0,0,1696,0,0,0,0
172,0,1,1,ACCEPT,16.3168,2.9028,1553,0,3,0.0534,425.30,203.41,65.38,24.04,280.50,299.50,29.00,67.00,0.0000,173.78,1,0,3.2475,ACCEPT,0,1507,425,19768,0,0,1553,0,0,0,0
173,0,1,1,ACCEPT,19.8869,3.2200,1903,-1,1,0.8828,423.25,204.16,65.38,24.04,296.00,285.00,30.00,68.00,0.0000,150.76,1,0,3.4079,ACCEPT,0,1854,661,15608,0,0,1903,0,0,0,0
174,0,1,1,ACCEPT,19.2075,3.2000,1824,0,-1,0.9386,423.25,203.41,65.38,24.04,323.00,257.00,36.00,66.00,0.0000,113.68,1,0,3.2752,ACCEPT,0,1712,703,13399,0,0,1824,0,0,0,0
175,0,1,1,ACCEPT,20.9319,2.8792,1883,0,2,0.4955,423.25,204.91,65.38,24.04,338.00,227.50,32.00,69.00,0.0000,88.19,1,0,3.2995,ACCEPT,0,1441,521,17729,0,0,1883,0,0,0,0
176,0,1,1,ACCEPT,23.4623,3.4196,2339,0,-1,0.9453,423.25,204.16,65.38,24.04,340.00,223.00,34.00,66.00,0.0000,85.36,1,0,3.1677,ACCEPT,0,1758,653,14301,0,0,2339,0,0,0,0
177,0,1,1,ACCEPT,22.0486,3.2144,2144,-1,0,0.9902,421.20,204.16,65.38,24.04,339.50,222.50,33.00,67.00,0.0000,83.74,1,0,3.3976,ACCEPT,0,1627,737,14645,0,0,2144,0,0,0,0
178,0,1,1,ACCEPT,24.3733,3.3831,2287,0,0,1.0000,421.20,204.16,65.38,24.04,339.50,227.00,35.00,64.00,0.0000,84.84,1,0,3.3860,ACCEPT,0,1615,708,13170,0,0,2287,0,0,0,0
179,0,1,1,ACCEPT,24.4212,3.8846,2121,0,1,0.7412,421.20,204.91,65.38,24.04,343.00,239.00,52.00,50.00,0.0000,85.31,1,0,3.2959,ACCEPT,0,1395,525,18171,0,0,2121,0,0,0,0
180,0,1,1,ACCEPT,22.7637,3.3174,2216,0,-1,0.9698,421.20,204.16,65.38,24.04,346.00,245.50,62.00,39.00,0.0000,85.82,1,0,3.2688,ACCEPT,0,1623,726,12890,0,0,2216,0,0,0,0
181,0,1,1,ACCEPT,23.0571,3.1625,2043,0,0,1.0000,421.20,204.16,65.38,24.04,352.00,255.00,66.00,24.00,0.0000,85.87,1,0,3.3226,ACCEPT,0,1512,865,11819,0,0,2043,0,0,0,0
182,0,1,1,ACCEPT,24.2183,3.7648,2161,-1,0,0.9019,419.16,204.16,65.38,24.04,367.50,259.00,69.00,22.00,0.0000,75.34,1,0,3.3232,ACCEPT,0,1475,737,13202,0,0,2161,0,0,0,0
183,0,1,1,ACCEPT,22.7414,3.4983,2043,0,-1,0.9437,419.16,203.41,65.38,24.04,392.00,265.50,70.00,23.00,0.0000,67.77,1,0,3.1940,ACCEPT,0,1496,876,11826,0,0,2043,0,0,0,0
184,0,1,1,ACCEPT,21.9930,3.1675,1948,-2,-2,0.4220,415.06,201.91,65.38,24.04,431.00,271.50,70.00,21.00,0.0000,71.40,1,0,3.3575,ACCEPT,0,1527,679,11388,0,0,1948,0,0,0,0
185,0,1,1,ACCEPT,16.2720,2.4075,1288,-1,-4,0.3238,413.02,198.91,65.38,24.04,475.50,270.00,67.00,26.00,0.0000,94.65,1,0,3.3576,ACCEPT,0,1296,672,9347,0,0,1288,0,0,0,0
186,0,1,1,ACCEPT,13.4284,2.1126,1069,0,-1,0.9008,413.02,198.16,65.38,24.04,512.00,256.50,64.00,37.00,0.0000,114.90,1,0,3.2567,ACCEPT,0,1108,770,10495,0,0,1069,0,0,0,0
187,0,1,1,ACCEPT,12.8071,1.8792,1058,-3,-4,0.2826,406.88,195.16,65.38,24.04,531.00,235.00,50.00,56.00,0.0000,130.36,1,0,3.4245,ACCEPT,0,1252,729,10070,0,0,1058,0,0,0,0
188,0,1,1,ACCEPT,12.8896,1.9559,1019,-1,-3,0.3641,404.83,192.91,65.38,24.04,540.50,208.50,37.00,65.00,0.0000,136.57,1,0,3.2665,ACCEPT,0,1297,734,11529,0,0,1019,0,0,0,0
189,0,1,1,ACCEPT,13.0139,1.6845,1073,1,-3,0.5303,406.88,190.66,65.38,24.04,533.50,180.00,21.00,68.00,0.0000,127.07,1,0,3.2637,ACCEPT,0,1313,706,10230,0,0,1073,0,0,0,0
190,0,1,1,ACCEPT,10.6633,1.5186,817,1,-3,0.6952,408.92,188.41,65.38,24.04,526.00,163.50,34.00,65.00,0.0000,119.70,1,0,3.5157,ACCEPT,0,1127,628,11633,0,0,817,0,0,0,0
191,0,1,1,ACCEPT,10.7216,1.5638,821,0,-4,0.8270,408.92,185.41,65.38,24.04,530.00,169.00,32.00,68.00,0.0000,122.18,1,0,3.3785,ACCEPT,0,1223,711,9842,0,0,821,0,0,0,0
192,0,1,1,ACCEPT,10.8420,1.5888,796,1,-1,0.7638,410.97,184.66,65.38,24.04,531.00,167.00,32.00,70.00,0.0000,121.32,1,0,3.2887,ACCEPT,0,1049,553,13511,0,0,796,0,0,0,0
193,0,1,1,ACCEPT,11.7961,1.6103,934,1,-1,0.8876,413.02,183.91,65.38,24.04,530.50,167.00,33.00,70.00,0.0000,118.69,1,0,3.3832,ACCEPT,0,1235,605,12686,0,0,934,0,0,0,0
194,0,1,1,ACCEPT,14.6253,1.6569,1130,1,1,0.7699,415.06,184.66,65.38,24.04,530.00,166.50,34.00,71.00,0.0000,116.36,1,0,3.2306,ACCEPT,0,1143,468,16027,0,0,1130,0,0,0,0
195,0,1,1,ACCEPT,20.4610,2.8493,1399,2,-2,0.4682,419.16,183.16,65.38,24.04,529.00,168.50,36.00,69.00,0.0000,110.82,1,0,3.3609,ACCEPT,0,1358,515,12321,0,0,1399,0,0,0,0
196,0,1,1,ACCEPT,17.6590,2.3477,1310,1,-2,0.7542,421.20,181.66,65.38,24.04,528.50,168.50,35.00,69.00,0.0000,108.10,1,0,3.5221,ACCEPT,0,1207,570,13360,0,0,1310,0,0,0,0
197,0,1,1,ACCEPT,19.6565,2.4156,1459,0,-1,0.9287,421.20,180.91,65.38,24.04,531.00,167.50,30.00,71.00,0.0000,110.61,1,0,3.5213,ACCEPT,0,1300,605,15376,0,0,1459,0,0,0,0
198,0,1,1,ACCEPT,23.0597,3.3916,1784,0,1,0.8515,421.20,181.66,65.38,24.04,530.50,167.50,29.00,71.00,0.0000,110.21,1,0,3.5247,ACCEPT,0,1259,580,19962,0,0,1784,0,0,0,0
199,0,1,1,ACCEPT,20.4758,3.1308,1891,1,1,0.8525,423.25,182.41,65.38,24.04,530.50,168.50,25.00,73.00,0.0000,108.15,1,0,3.5172,ACCEPT,0,1560,666,19077,0,0,1891,0,0,0,0
200,0,1,1,ACCEPT,18.2673,3.4176,1907,1,2,0.5322,425.30,183.91,65.38,24.04,531.50,167.50,25.00,73.00,0.0000,107.46,1,0,3.4667,ACCEPT,0,1631,595,21572,0,0,1907,0,0,0,0
201,0,1,1,ACCEPT,21.3802,3.3285,2290,0,0,1.0000,425.30,183.91,65.38,24.04,531.00,168.50,24.00,71.00,0.0000,106.82,1,0,3.4755,ACCEPT,0,2446,628,18539,0,0,2290,0,0,0,0
202,0,1,1,ACCEPT,12.7909,1.9888,1780,0,1,0.9803,425.30,184.66,65.38,24.04,531.50,167.00,25.00,72.00,0.0000,107.66,1,0,3.4902,ACCEPT,0,2286,797,20352,0,0,1780,0,0,0,0
203,0,1,1,ACCEPT,14.9213,2.5844,1990,1,-1,0.8286,427.34,183.91,65.38,24.04,529.00,165.50,28.00,71.00,0.0000,103.31,1,0,3.4969,ACCEPT,0,2508,681,19571,0,0,1990,0,0,0,0
204,0,1,1,ACCEPT,14.5209,2.4665,1951,0,-2,0.7827,427.34,182.41,65.38,24.04,527.00,166.50,32.00,69.00,0.0000,100.92,1,0,3.5343,ACCEPT,0,2206,686,20264,0,0,1951,0,0,0,0
205,0,1,1,ACCEPT,14.9495,2.9710,1637,1,-2,0.8070,429.39,180.91,65.38,24.04,528.00,168.00,24.00,70.00,0.0000,99.45,1,0,3.5004,ACCEPT,0,2000,607,19674,0,0,1637,0,0,0,0
206,0,1,1,ACCEPT,19.3278,3.3366,2052,1,-1,0.9898,431.44,180.16,65.38,24.04,527.50,169.00,25.00,68.00,0.0000,96.71,1,0,3.4585,ACCEPT,0,1732,510,20817,0,0,2052,0,0,0,0
207,0,1,1,ACCEPT,20.1057,2.5979,2016,1,0,0.9350,433.48,180.16,65.38,24.04,530.00,169.50,30.00,65.00,0.0000,97.10,1,0,3.4747,ACCEPT,0,1535,578,20988,0,0,2016,0,0,0,0
208,0,1,1,ACCEPT,24.6047,2.8684,2550,-1,1,0.9729,431.44,180.91,65.38,24.04,532.00,167.00,30.00,66.00,0.0000,101.52,1,0,3.4810,ACCEPT,0,1876,668,18890,0,0,2550,0,0,0,0
209,0,1,1,ACCEPT,29.0593,3.5501,2549,0,-1,0.8435,431.44,180.16,65.38,24.04,533.50,164.50,25.00,69.00,0.0000,103.26,1,0,3.4541,ACCEPT,0,1584,734,17354,0,0,2549,0,0,0,0
210,0,1,1,ACCEPT,26.8383,2.9507,2275,0,-2,0.7218,431.44,178.66,65.38,24.04,534.50,162.50,25.00,67.00,0.0000,104.32,1,0,3.3612,ACCEPT,0,1487,775,14603,0,0,2275,0,0,0,0
211,0,1,1,ACCEPT,30.6734,3.8234,2317,0,-1,0.8446,431.44,177.91,65.38,24.04,535.00,162.00,26.00,68.00,0.0000,104.78,1,0,3.3331,ACCEPT,0,1297,820,16444,0,0,2317,0,0,0,0
212,0,1,1,ACCEPT,28.4878,3.8727,2281,-1,-3,0.4673,429.39,175.66,65.38,24.04,534.50,160.00,25.00,72.00,0.0000,106.27,1,0,3.3524,ACCEPT,0,1626,811,12938,0,0,2281,0,0,0,0
213,0,1,1,ACCEPT,25.2295,3.2069,1581,0,-1,0.9367,429.39,174.91,65.38,24.04,537.50,162.00,29.00,68.00,0.0000,108.88,1,0,3.3116,ACCEPT,0,1013,684,14463,0,0,1581,0,0,0,0
214,0,1,1,ACCEPT,22.7895,2.9963,1627,0,-1,0.9244,429.39,174.16,65.38,24.04,525.50,168.50,27.00,61.00,0.0000,96.28,1,0,3.3300,ACCEPT,0,1208,770,13201,0,0,1627,0,0,0,0
215,0,1,1,ACCEPT,22.2429,2.6041,1539,0,1,0.9695,429.39,174.91,65.38,24.04,532.50,183.50,55.00,37.00,0.0000,103.47,1,0,3.3244,ACCEPT,0,1111,637,15510,0,0,1539,0,0,0,0
216,0,1,1,ACCEPT,29.5659,4.5954,1806,1,-1,0.7558,431.44,174.16,65.38,24.04,536.50,183.50,61.00,25.00,0.0000,105.48,1,0,3.3475,ACCEPT,0,1166,601,14691,0,0,1806,0,0,0,0
217,0,1,1,ACCEPT,26.3839,4.5659,1662,1,1,0.7942,433.48,174.91,65.38,24.04,537.00,183.50,60.00,25.00,0.0000,103.87,1,0,3.4414,ACCEPT,0,1188,521,16647,0,0,1662,0,0,0,0
218,0,1,1,ACCEPT,26.7193,3.8398,1582,0,1,0.9229,433.48,175.66,65.38,24.04,537.00,181.00,62.00,24.00,0.0000,103.65,1,0,3.4334,ACCEPT,0,1114,534,14731,0,0,1582,0,0,0,0
219,0,1,1,ACCEPT,23.2194,3.7694,1455,0,0,1.0000,433.48,175.66,65.38,24.04,537.00,179.50,64.00,23.00,0.0000,103.59,1,0,3.3374,ACCEPT,0,1026,595,14498,0,0,1455,0,0,0,0
220,0,1,1,ACCEPT,17.6707,3.0202,1344,0,1,0.9732,433.48,176.41,65.38,24.04,538.00,179.00,66.00,24.00,0.0000,104.55,1,0,3.1240,ACCEPT,0,1357,555,17236,0,0,1344,0,0,0,0
221,0,1,1,ACCEPT,12.8457,1.9863,1454,0,0,1.0000,433.48,176.41,62.87,23.11,537.50,177.00,63.00,30.00,0.0000,104.02,1,-1,2.9692,ACCEPT,0,1627,660,20097,0,0,1454,0,0,0,0
222,0,1,1,ACCEPT,9.7370,1.5360,1834,-3,-1,0.4885,427.58,175.69,62.87,23.11,537.50,174.50,63.00,31.00,0.0000,109.93,1,0,2.9985,ACCEPT,0,3293,842,22378,0,0,1834,0,0,0,0
223,0,1,1,ACCEPT,7.6106,1.3439,1696,-3,-4,0.2105,421.67,172.81,60.45,22.22,539.50,177.00,65.00,28.00,0.0000,117.90,1,-1,2.5571,ACCEPT,0,4242,918,15726,0,0,1696,0,0,0,0
224,0,1,1,ACCEPT,6.8037,1.2413,1245,-2,-4,0.3293,417.89,170.06,58.13,21.37,538.50,178.00,65.00,26.00,0.0000,120.87,1,-1,2.8098,ACCEPT,0,3581,766,14310,0,0,1245,0,0,0,0
225,0,1,1,ACCEPT,11.9646,1.9291,1306,-3,6,0.1064,412.45,174.09,55.89,20.55,541.50,184.00,63.00,30.00,0.0000,129.43,1,-1,2.6778,ACCEPT,0,1738,535,14360,0,0,1306,0,0,0,0
226,0,1,1,ACCEPT,19.7348,3.0650,1698,-3,7,0.1708,407.20,178.58,53.74,19.76,544.00,187.00,64.00,32.00,0.0000,137.06,1,-1,2.7436,ACCEPT,0,1519,721,12779,0,0,1698,0,0,0,0
227,0,1,1,ACCEPT,19.4513,2.2840,1512,-3,9,0.1091,402.19,184.20,53.74,19.76,546.00,191.00,60.00,36.00,0.0000,143.97,1,0,2.7092,ACCEPT,0,1208,581,15346,0,0,1512,0,0,0,0
228,0,1,1,ACCEPT,19.0819,1.9437,1312,-2,11,0.0610,398.84,191.08,53.74,19.76,544.50,195.00,55.00,44.00,0.0000,145.71,1,0,2.8185,ACCEPT,0,1048,650,14472,0,0,1312,0,0,0,0
229,0,1,1,ACCEPT,19.4808,2.5935,1678,-3,0,0.3719,393.83,191.08,53.74,19.76,548.50,198.00,59.00,44.00,0.0000,154.83,1,0,2.8596,ACCEPT,0,1333,923,6912,0,0,1678,0,0,0,0
230,0,1,1,ACCEPT,20.1961,2.5302,1255,-1,1,0.7641,392.16,191.70,53.74,19.76,557.00,202.00,64.00,32.00,0.0000,165.17,1,0,2.8855,ACCEPT,0,945,841,7065,0,0,1255,0,0,0,0
231,0,1,1,ACCEPT,23.2117,2.4029,1312,-1,3,0.2752,390.48,193.58,53.74,19.76,570.50,203.00,67.00,28.00,0.0000,180.26,1,0,2.9214,ACCEPT,0,864,706,8420,0,0,1312,0,0,0,0
232,0,1,1,ACCEPT,22.0208,2.1092,1371,0,4,0.0802,390.48,196.08,53.74,19.76,588.00,207.00,66.00,24.00,0.0000,197.82,1,0,2.8087,ACCEPT,0,1006,653,8719,0,0,1371,0,0,0,0
233,0,1,1,ACCEPT,22.8140,2.3811,1362,0,1,0.9082,390.48,196.70,53.74,19.76,588.50,211.50,65.00,29.00,0.0000,198.57,1,0,2.8153,ACCEPT,0,927,782,7372,0,0,1362,0,0,0,0
234,0,1,1,ACCEPT,23.7197,2.5307,1483,0,1,0.9906,390.48,197.33,53.74,19.76,590.00,212.00,66.00,30.00,0.0000,200.05,1,0,2.7506,ACCEPT,0,1096,817,7468,0,0,1483,0,0,0,0
235,0,1,1,ACCEPT,25.2017,2.5976,1504,-2,0,0.6104,387.14,197.33,53.74,19.76,595.00,209.00,68.00,22.00,0.0000,208.19,1,0,2.9019,ACCEPT,0,1003,851,6785,0,0,1504,0,0,0,0
236,0,1,1,ACCEPT,25.9350,2.5311,1344,-1,1,0.7768,385.47,197.95,53.74,19.76,618.00,200.00,64.00,30.00,0.0000,232.54,1,0,2.9401,ACCEPT,0,907,833,6440,0,0,1344,0,0,0,0
237,0,1,1,ACCEPT,29.5470,3.0196,1235,0,3,0.5530,385.47,199.83,53.74,19.76,647.50,193.00,63.00,38.00,0.0000,262.12,1,0,2.8463,ACCEPT,0,748,562,7881,0,0,1235,0,0,0,0
238,0,1,1,ACCEPT,25.9390,2.2739,1096,-2,5,0.0018,382.12,202.95,53.74,19.76,663.50,184.50,67.00,31.00,0.0000,281.98,1,0,2.9030,ACCEPT,0,700,566,9030,0,0,1096,0,0,0,0
239,0,1,1,ACCEPT,25.7333,2.7305,1398,-2,6,0.2339,378.78,206.70,53.74,19.76,661.50,185.00,67.00,26.00,0.0000,283.55,1,0,2.9841,ACCEPT,0,939,492,10586,0,0,1398,0,0,0,0
240,0,1,1,ACCEPT,18.8804,2.4821,1112,1,10,0.2104,380.45,212.95,53.74,19.76,660.00,185.50,64.00,27.00,0.0000,280.89,1,0,2.7762,ACCEPT,0,843,481,13145,0,0,1112,0,0,0,0
241,0,1,1,ACCEPT,19.1926,2.6000,520,3,19,0.0731,385.47,224.83,53.74,19.76,659.50,185.00,65.00,30.00,0.0000,276.91,1,0,2.9601,ACCEPT,0,531,949,7745,0,0,520,0,0,0,0
242,0,1,1,ACCEPT,16.4003,1.9419,468,-1,20,0.0235,383.80,237.33,53.74,19.76,658.00,186.50,66.00,29.00,0.0000,278.87,1,0,3.0141,ACCEPT,0,394,2488,4528,0,0,468,0,0,0,0
243,0,1,1,ACCEPT,6.9474,1.0112,360,2,-9,0.3139,387.14,231.70,53.74,19.76,658.00,185.50,66.00,35.00,0.0000,274.77,1,0,3.0217,ACCEPT,0,678,3484,3429,0,0,360,0,0,0,0
244,0,1,1,ACCEPT,11.0495,1.8078,461,1,-1,0.7874,388.81,231.08,53.74,19.76,657.00,176.50,56.00,55.00,0.0000,273.68,1,0,2.9675,ACCEPT,0,547,2662,4963,0,0,461,0,0,0,0
245,0,1,1,ACCEPT,12.1426,1.7976,444,-18,-19,0.5068,358.72,219.20,53.74,19.76,653.00,177.50,48.00,55.00,0.0000,297.22,1,-1,1.8692,LOW_CONF,0,660,203,18375,0,0,444,0,0,0,0
246,0,1,1,ACCEPT,8.4837,1.0173,1120,-10,-9,0.0286,342.00,213.58,53.74,19.76,654.00,174.50,50.00,53.00,0.0000,314.44,1,0,2.9337,ACCEPT,0,2193,690,24724,0,0,1120,0,0,0,0
247,0,1,1,ACCEPT,10.8257,1.5011,1318,-3,6,0.0152,336.98,217.33,53.74,19.76,658.50,175.50,55.00,47.00,0.0000,324.23,1,0,2.9556,ACCEPT,0,1887,746,9902,0,0,1318,0,0,0,0
248,0,1,1,ACCEPT,24.5339,2.0430,997,-2,11,0.0662,333.64,224.20,53.74,19.76,662.00,177.00,58.00,42.00,0.0000,331.73,1,0,2.9273,ACCEPT,0,621,367,10059,0,0,997,0,0,0,0
249,0,1,0,NEGATIVE_PEAK,-7.6883,1.5091,-332,-13,5,0.0422,333.64,224.20,53.74,19.76,666.50,176.00,59.00,38.00,0.0000,336.33,0,0,0.0000,NOT_RUN,0,593,4984,0,0,0,332,0,0,0,0
250,0,1,0,NEGATIVE_PEAK,-6.2128,1.0504,-292,-12,5,0.1712,333.64,224.20,53.74,19.76,665.00,176.50,60.00,37.00,0.0000,334.78,0,0,0.0000,NOT_RUN,0,682,5083,0,0,0,292,0,0,0,0
251,0,1,0,NEGATIVE_PEAK,-6.5741,1.2814,-337,-13,5,0.2196,333.64,224.20,53.74,19.76,665.50,177.50,63.00,37.00,0.0000,335.13,0,0,0.0000,NOT_RUN,0,593,5312,0,0,0,337,0,0,0,0
252,0,1,1,ACCEPT,5.9647,1.1673,314,-9,-8,0.1306,318.59,219.20,55.89,20.55,665.50,177.00,63.00,40.00,0.0000,349.46,1,1,2.7962,ACCEPT,0,746,4920,2327,0,0,314,0,0,0,0
253,0,1,1,ACCEPT,5.8907,1.1856,428,-9,-4,0.5818,302.84,216.64,55.89,20.55,667.00,178.50,66.00,37.00,0.0000,366.15,1,2,1.8321,LOW_CONF,0,701,1103,6150,0,0,428,0,0,0,0
254,0,1,0,NEGATIVE_PEAK,-7.5343,1.4478,-430,-17,-4,0.4721,302.84,216.64,55.89,20.55,667.00,180.00,64.00,34.00,0.0000,365.99,0,0,0.0000,NOT_RUN,0,589,325,0,0,0,430,0,0,0,0
255,0,1,1,ACCEPT,5.8980,1.0114,354,-9,-5,0.6073,287.09,213.44,55.89,20.55,667.00,179.00,64.00,36.00,0.0000,381.46,1,9,1.2946,MAX_STEP,0,563,555,8382,0,0,354,0,0,0,0
256,0,1,0,NEGATIVE_PEAK,-6.2354,1.0821,-501,-15,-14,0.4371,287.09,213.44,55.89,20.55,669.00,178.50,64.00,37.00,0.0000,383.50,0,0,0.0000,NOT_RUN,0,1326,844,0,0,0,501,0,0,0,0
257,0,1,0,NEGATIVE_PEAK,-6.3891,1.0547,-482,-17,-8,0.4274,287.09,213.44,55.89,20.55,667.50,178.50,65.00,35.00,0.0000,382.01,0,0,0.0000,NOT_RUN,0,1277,928,0,0,0,482,0,0,0,0
258,0,1,0,NEGATIVE_PEAK,-6.8073,1.2202,-532,-15,-13,0.4699,287.09,213.44,55.89,20.55,666.50,179.00,63.00,36.00,0.0000,380.97,0,0,0.0000,NOT_RUN,0,1307,580,0,0,0,532,0,0,0,0
259,0,1,0,NEGATIVE_PEAK,-7.1228,1.2799,-535,-15,-13,0.4467,287.09,213.44,55.89,20.55,667.00,178.00,62.00,36.00,0.0000,381.56,0,0,0.0000,NOT_RUN,0,1277,928,0,0,0,535,0,0,0,0
260,0,1,0,NEGATIVE_PEAK,-6.7506,1.1280,-520,-15,-13,0.3981,287.09,213.44,55.89,20.55,668.50,178.50,61.00,37.00,0.0000,383.00,0,0,0.0000,NOT_RUN,0,1341,360,0,0,0,520,0,0,0,0
261,0,1,0,NEGATIVE_PEAK,-7.2140,1.2454,-543,-15,-13,0.3904,287.09,213.44,55.89,20.55,670.00,178.00,64.00,36.00,0.0000,384.54,0,0,0.0000,NOT_RUN,0,1337,555,0,0,0,543,0,0,0,0
262,0,1,0,NEGATIVE_PEAK,-6.2605,1.0625,-476,-17,-8,0.2563,287.09,213.44,55.89,20.55,670.50,178.00,61.00,36.00,0.0000,385.04,0,0,0.0000,NOT_RUN,0,1340,336,0,0,0,476,0,0,0,0
263,0,1,0,NEGATIVE_PEAK,-6.7102,1.1479,-520,-15,-14,0.3865,287.09,213.44,55.89,20.55,668.00,181.50,64.00,31.00,0.0000,382.24,0,0,0.0000,NOT_RUN,0,1326,774,0,0,0,520,0,0,0,0
264,0,1,0,NEGATIVE_PEAK,-6.6003,1.1000,-495,-15,-14,0.4404,287.09,213.44,55.89,20.55,663.50,185.50,67.00,23.00,0.0000,377.44,0,0,0.0000,NOT_RUN,0,1325,224,0,0,0,495,0,0,0,0
265,0,1,0,NEGATIVE_PEAK,-6.7155,1.1038,-500,-17,-9,0.4240,287.09,213.44,55.89,20.55,663.00,189.00,70.00,24.00,0.0000,376.70,0,0,0.0000,NOT_RUN,0,1310,306,0,0,0,500,0,0,0,0
266,0,1,0,NEGATIVE_PEAK,-6.5748,1.1006,-514,-14,-14,0.2568,287.09,213.44,55.89,20.55,662.00,192.50,68.00,31.00,0.0000,375.49,0,0,0.0000,NOT_RUN,0,1272,809,0,0,0,514,0,0,0,0
267,0,1,0,NEGATIVE_PEAK,-6.6101,1.1123,-505,-15,-13,0.5248,287.09,213.44,55.89,20.55,660.50,198.50,65.00,37.00,0.0000,373.70,0,0,0.0000,NOT_RUN,0,1350,235,0,0,0,505,0,0,0,0
268,0,1,0,NEGATIVE_PEAK,-7.1611,1.1176,-532,-14,-14,0.3045,287.09,213.44,55.89,20.55,661.50,206.00,63.00,38.00,0.0000,374.48,0,0,0.0000,NOT_RUN,0,1327,319,0,0,0,532,0,0,0,0
269,0,1,0,NEGATIVE_PEAK,-6.8788,1.1789,-514,-17,-9,0.4455,287.09,213.44,55.89,20.55,662.00,206.00,54.00,50.00,0.0000,374.98,0,0,0.0000,NOT_RUN,0,1344,351,0,0,0,514,0,0,0,0
270,0,1,0,NEGATIVE_PEAK,-6.5434,1.0662,-499,-17,-8,0.3788,287.09,213.44,55.89,20.55,663.50,206.50,35.00,61.00,0.0000,376.47,0,0,0.0000,NOT_RUN,0,1295,240,0,0,0,499,0,0,0,0
271,0,1,0,NEGATIVE_PEAK,-6.5680,1.0697,-476,-15,-13,0.3151,287.09,213.44,55.89,20.55,664.50,206.50,33.00,63.00,0.0000,377.47,0,0,0.0000,NOT_RUN,0,1281,322,0,0,0,476,0,0,0,0
272,0,1,0,NEGATIVE_PEAK,-6.6195,1.0351,-502,-15,-13,0.4502,287.09,213.44,55.89,20.55,664.50,207.00,27.00,64.00,0.0000,377.46,0,0,0.0000,NOT_RUN,0,1327,287,0,0,0,502,0,0,0,0
273,0,1,0,NEGATIVE_PEAK,-6.5022,1.0456,-504,-14,-14,0.3234,287.09,213.44,55.89,20.55,663.00,207.00,26.00,64.00,0.0000,375.96,0,0,0.0000,NOT_RUN,0,1294,344,0,0,0,504,0,0,0,0
274,0,1,0,NEGATIVE_PEAK,-6.6733,1.1393,-507,-15,-14,0.4181,287.09,213.44,55.89,20.55,664.00,207.00,26.00,64.00,0.0000,376.96,0,0,0.0000,NOT_RUN,0,1334,317,0,0,0,507,0,0,0,0
275,0,1,0,NEGATIVE_PEAK,-6.4838,1.0670,-494,-15,-13,0.3603,287.09,213.44,55.89,20.55,664.00,208.00,28.00,64.00,0.0000,376.95,0,0,0.0000,NOT_RUN,0,1283,424,0,0,0,494,0,0,0,0
276,0,1,0,NEGATIVE_PEAK,-6.5168,1.0243,-505,-14,-15,0.4297,287.09,213.44,55.89,20.55,665.00,208.00,30.00,64.00,0.0000,377.95,0,0,0.0000,NOT_RUN,0,1311,285,0,0,0,505,0,0,0,0
277,0,1,0,NEGATIVE_PEAK,-6.8162,1.1140,-508,-17,-9,0.4193,287.09,213.44,55.89,20.55,678.50,230.00,41.00,58.00,0.0000,391.76,0,0,0.0000,NOT_RUN,0,1281,297,0,0,0,508,0,0,0,0
278,0,1,0,NEGATIVE_PEAK,-7.0114,1.2054,-540,-16,-11,0.4333,287.09,213.44,55.89,20.55,681.00,235.50,46.00,55.00,0.0000,394.52,0,0,0.0000,NOT_RUN,0,1346,215,0,0,0,540,0,0,0,0
279,0,1,0,NEGATIVE_PEAK,-6.2355,1.0945,-498,-17,-9,0.4076,287.09,213.44,55.89,20.55,688.50,242.00,47.00,54.00,0.0000,402.42,0,0,0.0000,NOT_RUN,0,1351,258,0,0,0,498,0,0,0,0
280,0,1,0,NEGATIVE_PEAK,-6.9228,1.1510,-503,-15,-12,0.3062,287.09,213.44,55.89,20.55,702.00,250.00,50.00,52.00,0.0000,416.51,0,0,0.0000,NOT_RUN,0,1312,250,0,0,0,503,0,0,0,0
281,0,1,0,NEGATIVE_PEAK,-7.4361,1.2235,-542,-15,-13,0.2915,287.09,213.44,55.89,20.55,708.00,258.50,52.00,55.00,0.0000,423.31,0,0,0.0000,NOT_RUN,0,1315,273,0,0,0,542,0,0,0,0
282,0,1,0,NEGATIVE_PEAK,-7.0303,1.1277,-521,-15,-13,0.3954,287.09,213.44,55.89,20.55,728.50,286.50,45.00,59.00,0.0000,447.41,0,0,0.0000,NOT_RUN,0,1356,342,0,0,0,521,0,0,0,0
283,0,1,0,NEGATIVE_PEAK,-6.2809,1.0104,-485,-15,-14,0.3856,287.09,213.44,55.89,20.55,755.00,331.50,44.00,61.00,0.0000,482.57,0,0,0.0000,NOT_RUN,0,1306,307,0,0,0,485,0,0,0,0
284,0,1,0,NEGATIVE_PEAK,-6.9535,1.2135,-523,-17,-9,0.3652,287.09,213.44,55.89,20.55,770.50,368.50,41.00,63.00,0.0000,507.67,0,0,0.0000,NOT_RUN,0,1342,402,0,0,0,523,0,0,0,0
285,0,1,0,NEGATIVE_PEAK,-6.6216,1.0426,-490,-15,-13,0.4490,287.09,213.44,55.89,20.55,776.50,373.00,37.00,64.00,0.0000,514.76,0,0,0.0000,NOT_RUN,0,1332,269,0,0,0,490,0,0,0,0
286,0,1,0,NEGATIVE_PEAK,-7.0449,1.1717,-539,-15,-13,0.3822,287.09,213.44,55.89,20.55,785.00,381.50,50.00,55.00,0.0000,525.51,0,0,0.0000,NOT_RUN,0,1338,311,0,0,0,539,0,0,0,0
287,0,1,0,NEGATIVE_PEAK,-6.8845,1.1556,-520,-15,-13,0.3635,287.09,213.44,55.89,20.55,785.50,384.00,47.00,58.00,0.0000,526.78,0,0,0.0000,NOT_RUN,0,1313,327,0,0,0,520,0,0,0,0
288,0,1,0,NEGATIVE_PEAK,-6.1501,1.0307,-470,-15,-14,0.4404,287.09,213.44,55.89,20.55,791.00,391.00,48.00,56.00,0.0000,534.28,0,0,0.0000,NOT_RUN,0,1332,391,0,0,0,470,0,0,0,0
289,0,1,0,NEGATIVE_PEAK,-6.7905,1.1958,-513,-15,-13,0.3665,287.09,213.44,55.89,20.55,795.00,398.50,42.00,61.00,0.0000,540.57,0,0,0.0000,NOT_RUN,0,1356,214,0,0,0,513,0,0,0,0
290,0,1,0,NEGATIVE_PEAK,-6.9307,1.2333,-534,-14,-14,0.4588,287.09,213.44,55.89,20.55,795.50,405.00,33.00,64.00,0.0000,543.30,0,0,0.0000,NOT_RUN,0,1357,361,0,0,0,534,0,0,0,0
291,0,1,0,NEGATIVE_PEAK,-6.4666,1.0998,-507,-15,-13,0.5187,287.09,213.44,55.89,20.55,795.00,406.00,24.00,66.00,0.0000,543.18,0,0,0.0000,NOT_RUN,0,1329,365,0,0,0,507,0,0,0,0
292,0,1,0,NEGATIVE_PEAK,-6.8218,1.1549,-507,-15,-13,0.3748,287.09,213.44,55.89,20.55,795.00,404.00,22.00,64.00,0.0000,542.48,0,0,0.0000,NOT_RUN,0,1353,477,0,0,0,507,0,0,0,0
293,0,1,0,NEGATIVE_PEAK,-7.2070,1.1381,-544,-15,-13,0.2812,287.09,213.44,55.89,20.55,795.50,405.00,23.00,64.00,0.0000,543.30,0,0,0.0000,NOT_RUN,0,1384,240,0,0,0,544,0,0,0,0
294,0,1,0,NEGATIVE_PEAK,-6.6035,1.0760,-524,-15,-13,0.4790,287.09,213.44,55.89,20.55,777.50,407.00,45.00,52.00,0.0000,527.22,0,0,0.0000,NOT_RUN,0,1320,378,0,0,0,524,0,0,0,0
295,0,1,0,NEGATIVE_PEAK,-6.8617,1.1200,-504,-15,-13,0.3671,287.09,213.44,55.89,20.55,776.50,410.50,51.00,47.00,0.0000,527.59,0,0,0.0000,NOT_RUN,0,1336,306,0,0,0,504,0,0,0,0
296,0,1,0,NEGATIVE_PEAK,-6.5486,1.0560,-490,-15,-13,0.4469,287.09,213.44,55.89,20.55,775.00,410.50,58.00,43.00,0.0000,526.20,0,0,0.0000,NOT_RUN,0,1273,277,0,0,0,490,0,0,0,0
297,0,1,0,NEGATIVE_PEAK,-7.5728,1.2471,-535,-15,-13,0.2598,287.09,213.44,55.89,20.55,772.50,411.50,57.00,43.00,0.0000,524.26,0,0,0.0000,NOT_RUN,0,1284,275,0,0,0,535,0,0,0,0
298,0,1,0,NEGATIVE_PEAK,-6.5163,1.1224,-486,-15,-13,0.5864,287.09,213.44,55.89,20.55,764.50,415.50,53.00,51.00,0.0000,518.41,0,0,0.0000,NOT_RUN,0,1296,247,0,0,0,486,0,0,0,0
299,0,1,0,NEGATIVE_PEAK,-6.6416,1.1145,-477,-17,-9,0.4172,287.09,213.44,55.89,20.55,758.00,433.00,46.00,56.00,0.0000,519.58,0,0,0.0000,NOT_RUN,0,1286,321,0,0,0,477,0,0,0,0
300,0,1,0,NEGATIVE_PEAK,-6.7047,1.1574,-500,-17,-8,0.2660,287.09,213.44,55.89,20.55,748.50,456.00,35.00,66.00,0.0000,521.28,0,0,0.0000,NOT_RUN,0,1310,249,0,0,0,500,0,0,0,0
301,0,1,0,NEGATIVE_PEAK,-6.5791,1.1697,-510,-15,-14,0.5078,287.09,213.44,55.89,20.55,738.00,472.50,38.00,65.00,0.0000,520.03,0,0,0.0000,NOT_RUN,0,1273,305,0,0,0,510,0,0,0,0
302,0,1,0,NEGATIVE_PEAK,-6.5791,1.0510,-495,-17,-9,0.2101,287.09,213.44,55.89,20.55,732.50,495.00,27.00,66.00,0.0000,526.94,0,0,0.0000,NOT_RUN,0,1351,282,0,0,0,495,0,0,0,0
303,0,1,0,NEGATIVE_PEAK,-6.9010,1.2546,-542,-15,-14,0.4391,287.09,213.44,55.89,20.55,735.00,515.50,20.00,69.00,0.0000,540.24,0,0,0.0000,NOT_RUN,0,1348,310,0,0,0,542,0,0,0,0
304,0,1,0,NEGATIVE_PEAK,-6.9589,1.1400,-513,-15,-13,0.2456,287.09,213.44,55.89,20.55,749.50,565.00,29.00,62.00,0.0000,580.87,0,0,0.0000,NOT_RUN,0,1309,231,0,0,0,513,0,0,0,0
305,0,1,0,NEGATIVE_PEAK,-7.0396,1.1480,-543,-14,-14,0.2376,287.09,213.44,55.89,20.55,776.00,603.50,40.00,55.00,0.0000,625.44,0,0,0.0000,NOT_RUN,0,1327,345,0,0,0,543,0,0,0,0
306,0,1,0,NEGATIVE_PEAK,-6.8948,1.1494,-531,-14,-14,0.4143,287.09,213.44,55.89,20.55,809.00,619.00,60.00,32.00,0.0000,660.96,0,0,0.0000,NOT_RUN,0,1344,318,0,0,0,531,0,0,0,0
307,0,1,0,NEGATIVE_PEAK,-7.1719,1.1941,-523,-17,-10,0.4704,287.09,213.44,55.89,20.55,825.50,617.00,67.00,28.00,0.0000,672.86,0,0,0.0000,NOT_RUN,0,1394,481,0,0,0,523,0,0,0,0
308,0,1,0,NEGATIVE_PEAK,-7.3410,1.3401,-528,-17,-10,0.4223,287.09,213.44,55.89,20.55,828.50,616.50,69.00,23.00,0.0000,674.97,0,0,0.0000,NOT_RUN,0,1275,468,0,0,0,528,0,0,0,0
309,0,1,0,NEGATIVE_PEAK,-7.0355,1.1726,-523,-15,-13,0.3843,287.09,213.44,55.89,20.55,835.00,605.50,68.00,29.00,0.0000,673.73,0,0,0.0000,NOT_RUN,0,1304,337,0,0,0,523,0,0,0,0
310,0,1,0,NEGATIVE_PEAK,-6.6319,1.1195,-506,-15,-13,0.3874,287.09,213.44,55.89,20.55,838.00,588.50,54.00,49.00,0.0000,666.46,0,0,0.0000,NOT_RUN,0,1378,431,0,0,0,506,0,0,0,0
311,0,1,0,NEGATIVE_PEAK,-6.2868,1.0543,-485,-17,-9,0.5320,287.09,213.44,55.89,20.55,845.00,571.50,46.00,55.00,0.0000,662.92,0,0,0.0000,NOT_RUN,0,1292,256,0,0,0,485,0,0,0,0
312,0,1,0,NEGATIVE_PEAK,-6.8873,1.1364,-500,-17,-9,0.4220,287.09,213.44,55.89,20.55,850.50,558.00,45.00,56.00,0.0000,660.42,0,0,0.0000,NOT_RUN,0,1319,396,0,0,0,500,0,0,0,0
313,0,1,0,NEGATIVE_PEAK,-7.1091,1.2319,-526,-15,-13,0.2966,287.09,213.44,55.89,20.55,857.00,541.50,46.00,55.00,0.0000,657.59,0,0,0.0000,NOT_RUN,0,1289,451,0,0,0,526,0,0,0,0
314,0,1,0,NEGATIVE_PEAK,-7.1755,1.1182,-511,-17,-9,0.3679,287.09,213.44,55.89,20.55,857.50,516.50,35.00,65.00,0.0000,645.92,0,0,0.0000,NOT_RUN,0,1304,320,0,0,0,511,0,0,0,0
315,0,1,0,NEGATIVE_PEAK,-7.5867,1.2990,-543,-15,-13,0.3481,287.09,213.44,55.89,20.55,854.50,482.50,23.00,69.00,0.0000,627.97,0,0,0.0000,NOT_RUN,0,1304,361,0,0,0,543,0,0,0,0
316,0,1,0,NEGATIVE_PEAK,-7.1874,1.1374,-538,-15,-14,0.4424,287.09,213.44,55.89,20.55,849.50,435.00,21.00,70.00,0.0000,604.48,0,0,0.0000,NOT_RUN,0,1264,354,0,0,0,538,0,0,0,0
317,0,1,0,NEGATIVE_PEAK,-6.8221,1.1455,-488,-17,-9,0.3668,287.09,213.44,55.89,20.55,844.50,387.50,21.00,67.00,0.0000,583.95,0,0,0.0000,NOT_RUN,0,1268,346,0,0,0,488,0,0,0,0
318,0,1,0,NEGATIVE_PEAK,-6.3379,1.1250,-495,-14,-14,0.2444,287.09,213.44,55.89,20.55,838.00,357.00,22.00,68.00,0.0000,569.30,0,0,0.0000,NOT_RUN,0,1328,428,0,0,0,495,0,0,0,0
319,0,1,0,NEGATIVE_PEAK,-7.1450,1.1858,-536,-15,-13,0.3806,287.09,213.44,55.89,20.55,831.50,345.50,23.00,67.00,0.0000,560.20,0,0,0.0000,NOT_RUN,0,1288,308,0,0,0,536,0,0,0,0
320,0,1,0,NEGATIVE_PEAK,-6.3640,1.0562,-489,-17,-9,0.4724,287.09,213.44,55.89,20.55,811.50,334.00,49.00,56.00,0.0000,538.09,0,0,0.0000,NOT_RUN,0,1351,387,0,0,0,489,0,0,0,0
321,0,1,0,NEGATIVE_PEAK,-6.7104,1.1689,-512,-15,-13,0.3789,287.09,213.44,55.89,20.55,784.00,318.00,60.00,42.00,0.0000,507.79,0,0,0.0000,NOT_RUN,0,1339,229,0,0,0,512,0,0,0,0
322,0,1,0,NEGATIVE_PEAK,-6.5730,1.0609,-488,-17,-8,0.2275,287.09,213.44,55.89,20.55,740.50,303.50,63.00,35.00,0.0000,462.26,0,0,0.0000,NOT_RUN,0,1313,314,0,0,0,488,0,0,0,0
323,0,1,0,NEGATIVE_PEAK,-6.9711,1.1375,-513,-15,-13,0.3528,287.09,213.44,55.89,20.55,717.50,283.50,49.00,51.00,0.0000,436.07,0,0,0.0000,NOT_RUN,0,1337,318,0,0,0,513,0,0,0,0
324,0,1,0,NEGATIVE_PEAK,-6.2889,1.0473,-487,-15,-13,0.5524,287.09,213.44,55.89,20.55,716.00,280.00,46.00,54.00,0.0000,434.04,0,0,0.0000,NOT_RUN,0,1292,362,0,0,0,487,0,0,0,0
0,0,0,0,ZERO_RESPONSE,0.0000,0.0000,0,0,0,0.0000,774.00,578.50,56.00,31.00,774.00,578.50,56.00,31.00,1.0000,0.00,1,0,0.0000,NOT_RUN,0,0,4036,19687,1,50,0,0,0,0,0
1,0,1,1,ACCEPT,26.8521,6.1644,1387,-2,2,0.5105,770.50,580.44,56.00,31.00,772.50,580.00,57.00,34.00,0.8513,2.05,1,0,3.2385,ACCEPT,0,722,3442,21556,1,50,1387,0,0,0,0
2,0,1,1,ACCEPT,28.0722,5.2731,1429,-1,0,0.9237,768.75,580.44,56.00,31.00,771.50,579.50,57.00,33.00,0.8542,2.91,1,0,3.1668,ACCEPT,0,757,3195,19277,1,50,1429,0,0,0,0
3,0,1,1,ACCEPT,20.2938,4.4594,1262,0,1,0.8542,768.75,581.41,56.00,31.00,771.50,581.50,57.00,31.00,0.9020,2.75,1,0,3.1449,ACCEPT,0,1107,2717,21380,1,50,1262,0,0,0,0
4,0,1,1,ACCEPT,9.3424,1.8619,903,3,2,0.3998,774.00,583.34,56.00,31.00,776.00,584.50,54.00,23.00,0.6930,2.31,1,0,3.3702,ACCEPT,0,1767,2240,25034,1,50,903,0,0,0,0
5,0,1,1,ACCEPT,9.9100,2.0000,1092,0,0,1.0000,774.00,583.34,56.00,31.00,777.00,585.00,54.00,22.00,0.6427,3.43,1,0,3.4109,ACCEPT,0,1898,1970,25793,1,50,1092,0,0,0,0
6,0,1,1,ACCEPT,6.7019,1.2789,1073,0,0,1.0000,774.00,583.34,56.00,31.00,777.50,586.50,53.00,23.00,0.6582,4.71,1,0,3.5141,ACCEPT,0,2090,1857,23477,1,50,1073,0,0,0,0
7,0,1,1,ACCEPT,11.4825,2.0637,1457,-4,-3,0.2491,767.00,580.44,56.00,31.00,769.50,582.50,63.00,23.00,0.6790,3.24,1,0,3.3191,ACCEPT,0,1434,1499,25543,1,50,1457,0,0,0,0
8,0,1,1,ACCEPT,11.6205,1.8253,1661,-3,-1,0.1824,761.75,579.47,56.00,31.00,763.00,581.00,66.00,22.00,0.6299,1.98,1,0,3.3187,ACCEPT,0,2040,1664,22274,1,50,1661,0,0,0,0
9,0,1,1,ACCEPT,10.7504,2.1780,1566,-1,-1,0.7190,760.00,578.50,56.00,31.00,763.00,581.00,64.00,22.00,0.6444,3.91,1,0,3.2031,ACCEPT,0,1880,1294,24386,1,50,1566,0,0,0,0
10,0,1,1,ACCEPT,14.6049,2.3296,1852,0,-2,0.6814,760.00,576.56,56.00,31.00,763.00,580.50,62.00,21.00,0.6316,4.95,1,0,3.0315,ACCEPT,0,1763,956,26407,1,50,1852,0,0,0,0
11,0,1,1,ACCEPT,15.1331,2.5034,1865,-1,-1,0.9453,758.25,575.59,56.00,31.00,760.00,578.00,62.00,22.00,0.6595,2.98,1,0,3.0852,ACCEPT,0,1527,1161,22961,1,50,1865,0,0,0,0
12,0,1,1,ACCEPT,17.0531,3.0839,1690,-1,-1,0.8237,756.50,574.62,56.00,31.00,757.00,576.00,62.00,24.00,0.7149,1.46,1,0,3.1220,ACCEPT,0,1246,1034,21626,1,50,1690,0,0,0,0
13,0,1,1,ACCEPT,16.7785,2.3699,1794,-2,0,0.7146,753.00,574.62,58.24,32.24,755.00,575.50,60.00,27.00,0.7887,2.18,1,1,2.8298,ACCEPT,0,1263,1061,21747,1,50,1794,0,0,0,0
14,0,1,1,ACCEPT,15.6814,1.9383,2105,1,0,0.7796,754.81,574.62,58.24,32.24,755.00,575.50,58.00,29.00,0.8938,0.89,1,0,3.0841,ACCEPT,0,1578,829,23613,1,50,2105,0,0,0,0
15,0,1,1,ACCEPT,9.5018,1.3784,1162,0,2,0.6007,754.81,576.62,56.00,31.00,753.50,576.00,53.00,34.00,0.8670,1.45,1,-1,2.6412,ACCEPT,0,1504,775,24651,1,50,1162,0,0,0,0
16,0,1,1,ACCEPT,8.8883,1.8713,1061,1,-1,0.9529,756.56,575.66,53.85,29.81,754.00,574.50,54.00,37.00,0.7388,2.81,1,-1,2.4910,ACCEPT,0,1750,653,28093,1,50,1061,0,0,0,0
17,0,1,1,ACCEPT,9.7095,1.5978,1438,-1,1,0.9812,754.88,576.59,51.78,28.66,753.50,574.00,51.00,38.00,0.7208,2.94,1,-1,3.0070,ACCEPT,0,2182,710,32767,1,50,1438,0,0,0,0
18,0,1,1,ACCEPT,9.2979,1.3199,1708,1,-1,0.8050,756.50,575.70,51.78,28.66,754.50,574.50,49.00,39.00,0.6906,2.33,1,0,3.1900,ACCEPT,0,2564,708,32767,1,50,1708,0,0,0,0
19,0,1,1,ACCEPT,8.0436,1.4132,1344,-1,-2,0.6146,754.88,573.92,51.78,28.66,753.50,571.50,49.00,43.00,0.6423,2.78,1,0,3.2803,ACCEPT,0,2390,811,27712,1,50,1344,0,0,0,0
20,0,1,1,ACCEPT,11.8571,1.8629,1848,1,-1,0.8647,756.50,573.03,51.78,28.66,756.00,570.50,52.00,35.00,0.8043,2.58,1,0,3.3800,ACCEPT,0,2288,738,32767,1,50,1848,0,0,0,0
21,0,1,1,ACCEPT,11.9372,1.5729,2092,0,0,1.0000,756.50,573.03,51.78,28.66,754.00,571.50,52.00,35.00,0.7496,2.93,1,0,3.0937,ACCEPT,0,2172,655,31313,1,50,2092,0,0,0,0
22,0,1,1,ACCEPT,13.6907,2.5936,2202,0,1,0.9092,756.50,573.92,51.78,28.66,755.50,575.50,49.00,27.00,0.8460,1.87,1,0,3.2503,ACCEPT,0,2103,697,32767,1,50,2202,0,0,0,0
23,0,1,1,ACCEPT,16.3338,2.9549,2491,1,-1,0.7848,758.12,573.03,51.78,28.66,757.50,575.00,53.00,26.00,0.8474,2.07,1,0,3.3356,ACCEPT,0,2149,846,32564,1,50,2491,0,0,0,0
24,0,1,1,ACCEPT,18.2362,3.1312,2912,1,0,0.9299,759.75,573.03,51.78,28.66,760.50,573.50,49.00,31.00,0.8786,0.88,1,0,3.3166,ACCEPT,0,2175,949,31241,1,50,2912,0,0,0,0
25,0,1,1,ACCEPT,19.5147,3.9303,3101,0,-2,0.6846,759.75,571.25,51.78,28.66,760.00,571.50,48.00,33.00,0.8130,0.35,1,0,3.2326,ACCEPT,0,2556,746,32767,1,50,3101,0,0,0,0
26,0,1,1,ACCEPT,18.6843,2.9598,3090,-2,-2,0.3845,756.50,569.47,51.78,28.66,756.00,568.00,52.00,34.00,0.8278,1.55,1,0,3.5005,ACCEPT,0,3012,757,28337,1,50,3090,0,0,0,0
27,0,1,1,ACCEPT,17.7352,3.1710,3190,-3,-2,0.3586,751.62,567.69,53.85,29.81,750.50,567.50,57.00,35.00,0.8045,1.14,1,1,2.7036,ACCEPT,0,3306,736,30817,1,50,3190,0,0,0,0
28,0,1,1,ACCEPT,12.8975,2.4357,2538,-2,-1,0.6296,748.25,566.75,53.85,29.81,747.50,565.50,59.00,37.00,0.7352,1.46,1,0,3.0930,ACCEPT,0,3614,1012,28300,1,50,2538,0,0,0,0
29,0,1,1,ACCEPT,10.7395,2.2684,2595,-3,-5,0.1684,743.19,562.06,56.00,31.00,743.00,559.50,58.00,41.00,0.7300,2.57,1,1,2.9820,ACCEPT,0,4347,956,21682,1,50,2595,0,0,0,0
30,0,1,1,ACCEPT,11.7205,1.7707,2564,-4,-1,0.3697,736.19,561.09,56.00,31.00,736.00,556.00,60.00,40.00,0.6998,5.10,1,0,3.0765,ACCEPT,0,3228,1056,21303,1,50,2564,0,0,0,0
31,0,1,1,ACCEPT,16.5179,3.2955,3569,-6,-6,0.0017,725.69,555.28,56.00,31.00,725.50,556.50,63.00,37.00,0.7447,1.23,1,0,3.0837,ACCEPT,0,3734,1064,19138,1,50,3569,0,0,0,0
32,0,1,1,ACCEPT,13.3087,2.5242,3024,-12,-6,0.0536,704.69,549.47,56.00,31.00,704.50,551.50,65.00,25.00,0.7139,2.04,1,0,3.1462,ACCEPT,0,4019,888,19774,1,50,3024,0,0,0,0
33,0,1,1,ACCEPT,11.5717,2.3126,2456,-15,-2,0.0309,678.44,547.53,56.00,31.00,677.00,553.50,66.00,23.00,0.5672,6.14,1,0,3.6362,ACCEPT,0,4047,820,20892,1,50,2456,0,0,0,0
34,0,1,1,ACCEPT,13.2781,2.9460,2345,-10,6,0.1296,660.94,553.34,56.00,31.00,659.50,564.50,65.00,31.00,0.4210,11.25,1,0,3.7279,ACCEPT,0,3137,869,24463,1,50,2345,0,0,0,0
35,0,1,1,ACCEPT,12.0940,2.7304,2441,-7,3,0.0795,648.69,556.25,56.00,31.00,648.00,573.00,58.00,46.00,0.3823,16.76,1,0,3.5328,ACCEPT,0,4498,924,19964,1,50,2441,0,0,0,0
36,0,1,1,ACCEPT,5.7970,1.1878,215,-7,-2,0.1256,636.44,554.31,53.85,29.81,617.50,606.00,47.00,56.00,0.0000,55.05,1,-1,2.4968,ACCEPT,0,471,285,24867,1,50,215,0,0,0,0
37,0,1,0,NEGATIVE_PEAK,-6.5891,1.0101,-299,-7,-4,0.7358,636.44,554.31,53.85,29.81,604.00,629.50,44.00,61.00,0.0000,81.89,0,0,0.0000,NOT_RUN,0,467,3377,0,1,50,299,0,0,0,0
38,0,1,0,NEGATIVE_PEAK,-6.8186,1.1808,-307,-7,-4,0.5277,636.44,554.31,53.85,29.81,606.50,641.00,33.00,66.00,0.0000,91.71,0,0,0.0000,NOT_RUN,0,471,2950,0,1,50,307,0,0,0,0
39,0,1,0,NEGATIVE_PEAK,-7.8904,1.3923,-362,-6,-4,0.5691,636.44,554.31,53.85,29.81,625.00,658.50,28.00,69.00,0.0000,104.81,0,0,0.0000,NOT_RUN,0,507,2709,0,1,50,362,0,0,0,0
40,0,1,0,NEGATIVE_PEAK,-6.3603,1.0543,-272,-6,-4,0.7941,636.44,554.31,53.85,29.81,652.00,694.00,44.00,62.00,0.0000,140.55,0,0,0.0000,NOT_RUN,0,492,2556,0,1,50,272,0,0,0,0
41,0,1,0,NEGATIVE_PEAK,-7.7531,1.2222,-341,-6,-4,0.6452,636.44,554.31,53.85,29.81,690.00,727.50,48.00,59.00,0.0000,181.28,0,0,0.0000,NOT_RUN,0,514,2101,0,1,50,341,0,0,0,0
42,0,1,0,NEGATIVE_PEAK,-6.6292,1.1800,-295,-6,-4,0.6814,636.44,554.31,53.85,29.81,706.50,738.00,47.00,58.00,0.0000,196.60,0,0,0.0000,NOT_RUN,0,503,1540,0,1,50,295,0,0,0,0
43,0,1,0,NEGATIVE_PEAK,-5.8274,1.0595,-267,-6,-4,0.7453,636.44,554.31,53.85,29.81,712.50,741.00,51.00,56.00,0.0000,201.59,0,0,0.0000,NOT_RUN,0,460,1524,0,1,50,267,0,0,0,0
44,0,1,0,NEGATIVE_PEAK,-7.4422,1.2336,-338,-6,-4,0.6154,636.44,554.31,53.85,29.81,716.50,740.00,55.00,50.00,0.0000,202.21,0,0,0.0000,NOT_RUN,0,519,1808,0,1,50,338,0,0,0,0
45,0,1,0,NEGATIVE_PEAK,-8.5659,1.2862,-391,-7,-4,0.6650,636.44,554.31,53.85,29.81,723.50,739.00,61.00,42.00,0.0000,204.18,0,0,0.0000,NOT_RUN,0,591,1137,0,1,50,391,0,0,0,0
46,0,1,0,NEGATIVE_PEAK,-7.6121,1.1726,-360,-6,-4,0.7278,636.44,554.31,53.85,29.81,727.50,740.50,61.00,43.00,0.0000,207.26,0,0,0.0000,NOT_RUN,0,491,1204,0,1,50,360,0,0,0,0
47,0,1,0,NEGATIVE_PEAK,-6.4935,1.0342,-333,-6,-4,0.6937,636.44,554.31,53.85,29.81,728.00,740.00,58.00,44.00,0.0000,207.04,0,0,0.0000,NOT_RUN,0,511,924,0,1,50,333,0,0,0,0
48,0,1,0,NEGATIVE_PEAK,-7.9684,1.3036,-365,-6,-4,0.6274,636.44,554.31,53.85,29.81,731.50,739.50,61.00,41.00,0.0000,208.16,0,0,0.0000,NOT_RUN,0,501,1530,0,1,50,365,0,0,0,0
49,0,1,0,NEGATIVE_PEAK,-7.3377,1.1190,-376,-6,-4,0.6383,636.44,554.31,53.85,29.81,736.50,740.00,63.00,38.00,0.0000,210.93,0,0,0.0000,NOT_RUN,0,621,852,0,1,50,376,0,0,0,0
50,0,1,0,NEGATIVE_PEAK,-6.8944,1.1890,-302,-7,-4,0.6457,636.44,554.31,53.85,29.81,739.50,733.00,67.00,28.00,0.0000,206.28,0,0,0.0000,NOT_RUN,0,461,550,0,1,50,302,0,0,0,0
51,0,1,1,ACCEPT,6.8962,1.1071,310,1,-1,0.7516,638.12,553.38,53.85,29.81,748.00,727.00,68.00,22.00,0.0000,205.47,1,-1,1.9639,LOW_CONF,0,459,440,26309,1,50,310,0,0,0,0
52,0,1,1,ACCEPT,7.0469,1.0210,826,0,1,0.9927,638.12,554.31,53.85,29.81,763.00,716.00,66.00,26.00,0.0000,204.30,1,0,2.3289,ACCEPT,0,1250,559,25293,1,50,826,0,0,0,0
53,0,1,1,ACCEPT,7.9280,1.0607,944,0,-1,0.9703,638.12,553.38,53.85,29.81,779.00,701.50,68.00,29.00,0.0000,204.42,1,0,1.9544,LOW_CONF,0,1156,627,28045,1,50,944,0,0,0,0
54,0,1,1,ACCEPT,8.2569,1.1949,981,0,1,0.9572,638.12,554.31,56.00,31.00,793.00,684.00,60.00,40.00,0.0000,202.00,1,1,2.0369,ACCEPT,0,1313,233,32767,1,50,981,0,0,0,0
55,0,1,1,ACCEPT,9.5266,1.4707,1003,0,0,1.0000,638.12,554.31,56.00,31.00,810.00,662.00,58.00,46.00,0.0000,202.82,1,0,2.4056,ACCEPT,0,1077,244,29320,1,50,1003,0,0,0,0
56,0,1,1,ACCEPT,8.9317,1.6931,1131,0,0,1.0000,638.12,554.31,56.00,31.00,819.50,650.00,53.00,48.00,0.0000,205.07,1,-1,1.8724,LOW_CONF,0,1568,1039,19354,1,50,1131,0,0,0,0
57,0,1,1,ACCEPT,11.1658,1.4452,883,0,0,1.0000,638.12,554.31,56.00,31.00,817.50,645.50,49.00,51.00,0.0000,201.22,1,0,2.4495,ACCEPT,0,905,649,24292,1,50,883,0,0,0,0
58,0,1,1,ACCEPT,12.9609,1.6990,1174,0,-1,0.9651,638.12,553.34,56.00,31.00,814.50,645.50,47.00,53.00,0.0000,199.00,1,0,1.8277,LOW_CONF,0,1076,272,29023,1,50,1174,0,0,0,0
59,0,1,1,ACCEPT,12.6075,2.0754,1432,0,0,1.0000,638.12,553.34,56.00,31.00,817.50,636.50,51.00,49.00,0.0000,197.71,1,0,2.0179,ACCEPT,0,1369,431,31679,1,50,1432,0,0,0,0
60,0,1,1,ACCEPT,12.7231,1.6880,1553,0,0,1.0000,638.12,553.34,56.00,31.00,822.50,633.00,57.00,48.00,0.0000,200.85,1,-1,1.6013,LOW_CONF,0,1646,545,32767,1,50,1553,0,0,0,0
61,0,1,1,ACCEPT,14.3350,2.0645,1569,0,0,1.0000,638.12,553.34,56.00,31.00,833.00,619.00,52.00,54.00,0.0000,205.64,1,0,2.0934,ACCEPT,0,1276,441,32767,1,50,1569,0,0,0,0
62,0,1,1,ACCEPT,14.0335,1.7438,1484,0,0,1.0000,638.12,553.34,56.00,31.00,841.00,605.00,52.00,50.00,0.0000,209.35,1,0,2.1634,ACCEPT,0,1294,290,27667,1,50,1484,0,0,0,0
63,0,1,1,ACCEPT,16.0220,2.3847,1872,0,1,0.9781,638.12,554.31,56.00,31.00,849.50,584.00,39.00,60.00,0.0000,213.45,1,0,2.0783,ACCEPT,0,1432,378,26050,1,50,1872,0,0,0,0
64,0,1,1,ACCEPT,16.8419,1.9779,2152,0,-1,0.8704,638.12,553.34,56.00,31.00,854.50,555.50,31.00,65.00,0.0000,216.39,1,0,2.0921,ACCEPT,0,1589,532,29270,1,50,2152,0,0,0,0
65,0,1,1,ACCEPT,18.0430,2.2959,1924,0,0,1.0000,638.12,553.34,56.00,31.00,866.50,527.50,39.00,61.00,0.0000,229.83,1,0,2.0706,ACCEPT,0,1563,304,32767,1,50,1924,0,0,0,0
66,0,1,1,ACCEPT,17.6286,2.3717,1774,0,0,1.0000,638.12,553.34,56.00,31.00,871.00,520.50,48.00,53.00,0.0000,235.18,1,0,2.1120,ACCEPT,0,1192,304,31236,1,50,1774,0,0,0,0
67,0,1,1,ACCEPT,17.6848,2.2457,1810,0,0,1.0000,638.12,553.34,56.00,31.00,879.50,515.50,55.00,45.00,0.0000,244.32,1,0,1.9142,LOW_CONF,0,1354,315,29914,1,50,1810,0,0,0,0
68,0,1,1,ACCEPT,19.0603,2.7703,1845,0,0,1.0000,638.12,553.34,56.00,31.00,882.00,508.50,56.00,49.00,0.0000,247.96,1,0,2.1922,ACCEPT,0,1216,287,25959,1,50,1845,0,0,0,0
69,0,1,1,ACCEPT,20.2259,2.7401,2077,0,0,1.0000,638.12,553.34,56.00,31.00,880.50,507.00,53.00,48.00,0.0000,246.77,1,0,1.9468,LOW_CONF,0,1270,267,31050,1,50,2077,0,0,0,0
70,0,1,1,ACCEPT,20.4722,2.8517,2250,0,0,1.0000,638.12,553.34,56.00,31.00,878.00,506.00,52.00,50.00,0.0000,244.50,1,0,2.0867,ACCEPT,0,1622,277,31845,1,50,2250,0,0,0,0
71,0,1,1,ACCEPT,21.3446,2.9178,2235,0,0,1.0000,638.12,553.34,56.00,31.00,872.50,504.00,41.00,58.00,0.0000,239.51,1,0,2.3006,ACCEPT,0,1509,327,27746,1,50,2235,0,0,0,0
72,0,1,1,ACCEPT,22.3326,3.2390,2494,0,0,1.0000,638.12,553.34,56.00,31.00,867.00,499.00,30.00,66.00,0.0000,235.24,1,0,2.4025,ACCEPT,0,1836,343,29381,1,50,2494,0,0,0,0
73,0,1,1,ACCEPT,23.5874,3.1408,2453,0,0,1.0000,638.12,553.34,56.00,31.00,862.00,486.00,24.00,68.00,0.0000,233.78,1,0,2.1190,ACCEPT,0,1449,266,30490,1,50,2453,0,0,0,0
74,0,1,1,ACCEPT,23.7979,3.1953,2422,0,0,1.0000,638.12,553.34,56.00,31.00,866.00,468.00,22.00,70.00,0.0000,243.33,1,0,2.1893,ACCEPT,0,1293,398,27578,1,50,2422,0,0,0,0
75,0,1,1,ACCEPT,23.8858,3.4000,2312,0,0,1.0000,638.12,553.34,56.00,31.00,860.00,451.00,22.00,70.00,0.0000,244.34,1,0,2.2988,ACCEPT,0,1235,305,28335,1,50,2312,0,0,0,0
76,0,1,1,ACCEPT,24.3600,3.5233,2646,0,0,1.0000,638.12,553.34,56.00,31.00,853.50,434.50,27.00,69.00,0.0000,245.99,1,0,2.4453,ACCEPT,0,1722,322,32767,1,50,2646,0,0,0,0
77,0,1,1,ACCEPT,25.1942,3.8505,2576,0,0,1.0000,638.12,553.34,56.00,31.00,845.00,407.00,26.00,68.00,0.0000,253.40,1,0,2.1617,ACCEPT,0,1541,290,30681,1,50,2576,0,0,0,0
78,0,1,1,ACCEPT,27.0200,3.6605,2760,0,0,1.0000,638.12,553.34,56.00,31.00,823.00,381.50,38.00,65.00,0.0000,252.41,1,0,2.5821,ACCEPT,0,1404,416,25096,1,50,2760,0,0,0,0
79,0,1,1,ACCEPT,26.6638,3.9984,2515,0,0,1.0000,638.12,553.34,56.00,31.00,807.00,376.00,50.00,52.00,0.0000,244.89,1,0,2.8099,ACCEPT,0,1358,274,32137,1,50,2515,0,0,0,0
80,0,1,1,ACCEPT,26.8858,4.0826,2670,0,0,1.0000,638.12,553.34,56.00,31.00,800.50,364.00,49.00,50.00,0.0000,249.43,1,0,2.5153,ACCEPT,0,1351,359,25655,1,50,2670,0,0,0,0
81,0,1,1,ACCEPT,27.9704,3.5734,2387,0,0,1.0000,638.12,553.34,56.00,31.00,799.50,359.50,37.00,59.00,0.0000,252.22,1,0,2.6687,ACCEPT,0,1315,469,32767,1,50,2387,0,0,0,0
82,0,1,1,ACCEPT,23.7424,3.4152,2336,0,0,1.0000,638.12,553.34,56.00,31.00,802.50,349.00,31.00,66.00,0.0000,262.25,1,0,2.5526,ACCEPT,0,1532,614,22982,1,50,2336,0,0,0,0
83,0,1,1,ACCEPT,30.4165,4.3528,2307,0,0,1.0000,638.12,553.34,56.00,31.00,799.50,343.00,29.00,64.00,0.0000,265.12,1,0,2.4354,ACCEPT,0,1096,298,21337,1,50,2307,0,0,0,0
84,0,1,1,ACCEPT,27.9433,3.6730,2303,0,0,1.0000,638.12,553.34,56.00,31.00,797.00,341.00,34.00,58.00,0.0000,265.20,1,0,2.6290,ACCEPT,0,1231,222,30072,1,50,2303,0,0,0,0
85,0,1,1,ACCEPT,29.5418,4.2049,2586,0,0,1.0000,638.12,553.34,56.00,31.00,789.00,343.50,50.00,47.00,0.0000,258.45,1,0,2.6321,ACCEPT,0,1313,325,26964,1,50,2586,0,0,0,0
86,0,1,1,ACCEPT,30.4001,3.6528,2714,0,0,1.0000,638.12,553.34,56.00,31.00,781.00,350.00,58.00,36.00,0.0000,248.52,1,0,2.5060,ACCEPT,0,1293,330,28195,1,50,2714,0,0,0,0
87,0,1,1,ACCEPT,30.0742,3.9552,2650,0,0,1.0000,638.12,553.34,56.00,31.00,773.00,363.50,64.00,25.00,0.0000,232.88,1,0,2.9092,ACCEPT,0,1390,286,23619,1,50,2650,0,0,0,0
88,0,1,1,ACCEPT,34.4437,4.3357,3061,0,0,1.0000,638.12,553.34,56.00,31.00,760.50,382.00,57.00,44.00,0.0000,210.56,1,0,2.6721,ACCEPT,0,1445,316,21131,1,50,3061,0,0,0,0
89,0,1,1,ACCEPT,26.4991,3.8021,2863,0,0,1.0000,638.12,553.34,56.00,31.00,743.00,409.00,52.00,48.00,0.0000,178.42,1,0,2.8857,ACCEPT,0,1570,277,27140,1,50,2863,0,0,0,0
90,0,1,1,ACCEPT,31.1068,4.4489,2567,0,0,1.0000,638.12,553.34,56.00,31.00,730.00,434.00,42.00,58.00,0.0000,150.61,1,0,2.8610,ACCEPT,0,1394,354,24966,1,50,2567,0,0,0,0
91,0,1,1,ACCEPT,31.0998,4.3274,2683,0,0,1.0000,638.12,553.34,56.00,31.00,727.00,446.00,36.00,64.00,0.0000,139.36,1,0,2.9486,ACCEPT,0,1263,295,22641,1,50,2683,0,0,0,0
92,0,1,1,ACCEPT,31.0674,4.8697,2654,0,0,1.0000,638.12,553.34,56.00,31.00,724.00,460.50,28.00,69.00,0.0000,126.47,1,0,2.6696,ACCEPT,0,1272,266,32767,1,50,2654,0,0,0,0
93,0,1,1,ACCEPT,33.8921,4.2488,2596,0,0,1.0000,638.12,553.34,56.00,31.00,728.00,479.50,24.00,69.00,0.0000,116.32,1,0,2.8873,ACCEPT,0,1167,297,31080,1,50,2596,0,0,0,0
94,0,1,1,ACCEPT,34.2505,5.0975,2824,0,0,1.0000,638.12,553.34,56.00,31.00,722.50,492.00,29.00,66.00,0.0000,104.32,1,0,2.8262,ACCEPT,0,1307,345,26753,1,50,2824,0,0,0,0
95,0,1,1,ACCEPT,22.6665,3.9861,2288,0,0,1.0000,638.12,553.34,56.00,31.00,702.00,495.50,54.00,49.00,0.0000,86.17,1,0,2.6254,ACCEPT,0,1782,954,17263,1,50,2288,0,0,0,0
96,0,1,1,ACCEPT,28.6207,4.6701,1812,0,0,1.0000,638.12,553.34,56.00,31.00,674.50,493.50,65.00,29.00,0.0000,70.03,1,0,2.9545,ACCEPT,0,1042,633,24369,1,50,1812,0,0,0,0
97,0,1,1,ACCEPT,31.4517,4.4909,1967,0,0,1.0000,638.12,553.34,56.00,31.00,640.00,489.00,68.00,24.00,0.0000,64.37,1,0,3.0188,ACCEPT,0,876,610,21946,1,50,1967,0,0,0,0
98,0,1,1,ACCEPT,31.6630,3.8404,1997,0,0,1.0000,638.12,553.34,56.00,31.00,590.50,476.00,65.00,26.00,0.0000,90.83,1,0,2.9372,ACCEPT,0,977,278,31872,1,50,1997,0,0,0,0
99,0,1,1,ACCEPT,33.2493,4.6552,2579,0,0,1.0000,638.12,553.34,56.00,31.00,551.50,454.50,59.00,35.00,0.0000,131.43,1,0,2.9788,ACCEPT,0,1153,361,24930,1,50,2579,0,0,0,0
100,0,1,1,ACCEPT,34.8656,4.5141,3038,0,0,1.0000,638.12,553.34,56.00,31.00,502.00,423.00,56.00,44.00,0.0000,188.47,1,0,2.9238,ACCEPT,0,1461,264,28419,1,50,3038,0,0,0,0
101,0,1,1,ACCEPT,34.4690,4.3740,2865,0,0,1.0000,638.12,553.34,56.00,31.00,483.50,386.50,45.00,57.00,0.0000,227.48,1,0,2.9934,ACCEPT,0,1237,388,32767,1,50,2865,0,0,0,0
102,0,1,1,ACCEPT,31.3090,4.0507,2957,0,0,1.0000,638.12,553.34,56.00,31.00,482.50,365.50,29.00,67.00,0.0000,243.94,1,0,3.0279,ACCEPT,0,1683,514,26752,1,50,2957,0,0,0,0
103,0,1,1,ACCEPT,34.6757,4.4418,2976,0,0,1.0000,638.12,553.34,56.00,31.00,482.50,337.00,33.00,68.00,0.0000,266.50,1,0,2.9385,ACCEPT,0,1389,348,30130,1,50,2976,0,0,0,0
104,0,1,1,ACCEPT,33.2968,5.5206,2810,0,0,1.0000,638.12,553.34,56.00,31.00,470.50,326.50,47.00,61.00,0.0000,282.06,1,0,3.0693,ACCEPT,0,1393,267,26655,1,50,2810,0,0,0,0
105,0,1,1,ACCEPT,36.6380,4.6339,3063,0,0,1.0000,638.12,553.34,56.00,31.00,465.00,323.50,54.00,51.00,0.0000,287.75,1,0,3.0986,ACCEPT,0,1288,310,29712,1,50,3063,0,0,0,0
106,0,1,1,ACCEPT,35.6535,4.9032,3040,0,0,1.0000,638.12,553.34,56.00,31.00,437.50,316.50,59.00,41.00,0.0000,310.40,1,0,3.0254,ACCEPT,0,1374,349,26292,1,50,3040,0,0,0,0
107,0,1,1,ACCEPT,35.0542,4.9083,2783,0,0,1.0000,638.12,553.34,56.00,31.00,401.50,300.50,63.00,37.00,0.0000,346.30,1,0,2.9632,ACCEPT,0,1122,353,31595,1,50,2783,0,0,0,0
108,0,1,1,ACCEPT,36.4823,5.2830,3397,0,0,1.0000,638.12,553.34,56.00,31.00,354.00,289.00,64.00,34.00,0.0000,388.08,1,0,2.9597,ACCEPT,0,1482,298,32767,1,50,3397,0,0,0,0
109,0,1,1,ACCEPT,32.7983,4.7432,2974,0,0,1.0000,638.12,553.34,56.00,31.00,301.50,274.00,63.00,36.00,0.0000,437.43,1,0,3.0746,ACCEPT,0,1620,285,29864,1,50,2974,0,0,0,0
110,0,1,1,ACCEPT,39.9321,5.6025,3199,0,0,1.0000,638.12,553.34,56.00,31.00,284.50,265.00,61.00,40.00,0.0000,456.28,1,0,3.0063,ACCEPT,0,1401,309,29942,1,50,3199,0,0,0,0
111,0,1,1,ACCEPT,34.8098,5.2885,3263,0,0,1.0000,638.12,553.34,56.00,31.00,282.50,268.00,65.00,38.00,0.0000,455.95,1,0,3.0543,ACCEPT,0,1504,269,32767,1,50,3263,0,0,0,0
112,0,1,1,ACCEPT,36.7867,5.3719,3019,0,0,1.0000,638.12,553.34,56.00,31.00,279.50,280.00,71.00,24.00,0.0000,450.92,1,0,3.0632,ACCEPT,0,1412,340,32767,1,50,3019,0,0,0,0
113,0,1,1,ACCEPT,36.8869,4.9923,3245,0,0,1.0000,638.12,553.34,56.00,31.00,268.00,293.00,66.00,30.00,0.0000,452.52,1,0,2.9605,ACCEPT,0,1500,275,29037,1,50,3245,0,0,0,0
114,0,1,1,ACCEPT,37.1214,4.7659,2993,0,0,1.0000,638.12,553.34,56.00,31.00,249.50,310.00,61.00,38.00,0.0000,458.53,1,0,3.0909,ACCEPT,0,1227,311,26152,1,50,2993,0,0,0,0
115,0,1,1,ACCEPT,35.6478,4.9149,2831,0,0,1.0000,638.12,553.34,56.00,31.00,234.50,337.50,57.00,47.00,0.0000,457.71,1,0,3.1839,ACCEPT,0,1400,252,27554,1,50,2831,0,0,0,0
116,0,1,1,ACCEPT,36.4918,5.4425,3173,0,0,1.0000,638.12,553.34,56.00,31.00,230.50,346.50,55.00,49.00,0.0000,457.10,1,0,3.2029,ACCEPT,0,1505,303,27951,1,50,3173,0,0,0,0
117,0,1,1,ACCEPT,38.5175,5.0169,3256,0,0,1.0000,638.12,553.34,56.00,31.00,230.50,360.50,59.00,47.00,0.0000,450.94,1,0,3.0352,ACCEPT,0,1568,362,30243,1,50,3256,0,0,0,0
118,0,1,1,ACCEPT,34.6559,4.7003,3356,0,0,1.0000,638.12,553.34,56.00,31.00,226.50,359.00,61.00,46.00,0.0000,455.20,1,0,3.1647,ACCEPT,0,1711,313,27597,1,50,3356,0,0,0,0
119,0,1,1,ACCEPT,37.5439,4.8276,2380,0,0,1.0000,638.12,553.34,56.00,31.00,232.50,345.00,69.00,28.00,0.0000,456.00,1,0,3.2407,ACCEPT,0,1030,410,24152,1,50,2380,0,0,0,0
120,0,1,1,ACCEPT,40.0978,5.2777,2813,0,0,1.0000,638.12,553.34,56.00,31.00,250.00,332.00,68.00,34.00,0.0000,446.80,1,0,3.0977,ACCEPT,0,1307,394,26674,1,50,2813,0,0,0,0
121,0,1,1,ACCEPT,35.9508,5.3132,3172,0,0,1.0000,638.12,553.34,56.00,31.00,268.00,318.50,48.00,55.00,0.0000,438.34,1,0,3.1121,ACCEPT,0,1551,295,25768,1,50,3172,0,0,0,0
122,0,1,1,ACCEPT,41.2674,6.2315,3122,0,0,1.0000,638.12,553.34,56.00,31.00,280.50,299.50,29.00,67.00,0.0000,438.56,1,0,3.1196,ACCEPT,0,1177,285,31015,1,50,3122,0,0,0,0
123,0,1,1,ACCEPT,36.7770,5.3393,3289,0,0,1.0000,638.12,553.34,56.00,31.00,296.00,285.00,30.00,68.00,0.0000,434.81,1,0,3.1996,ACCEPT,0,1604,311,24618,1,50,3289,0,0,0,0
124,0,1,1,ACCEPT,37.5628,5.1931,3173,0,0,1.0000,638.12,553.34,56.00,31.00,323.00,257.00,36.00,66.00,0.0000,432.58,1,0,3.2163,ACCEPT,0,1444,320,28210,1,50,3173,0,0,0,0
125,0,1,1,ACCEPT,39.1926,5.0523,2996,0,0,1.0000,638.12,553.34,56.00,31.00,338.00,227.50,32.00,69.00,0.0000,443.00,1,0,3.1440,ACCEPT,0,1292,244,26288,1,50,2996,0,0,0,0
126,0,1,1,ACCEPT,37.4664,5.9581,2842,0,0,1.0000,638.12,553.34,56.00,31.00,340.00,223.00,34.00,66.00,0.0000,444.98,1,0,3.1949,ACCEPT,0,1196,276,23005,1,50,2842,0,0,0,0
127,0,1,1,ACCEPT,37.7165,5.8433,2834,0,0,1.0000,638.12,553.34,56.00,31.00,339.50,222.50,33.00,67.00,0.0000,445.68,1,0,3.1848,ACCEPT,0,1280,321,29229,1,50,2834,0,0,0,0
128,0,1,1,ACCEPT,39.3044,4.7939,3279,0,0,1.0000,638.12,553.34,56.00,31.00,339.50,227.00,35.00,64.00,0.0000,442.35,1,0,3.1801,ACCEPT,0,1394,355,27033,1,50,3279,0,0,0,0
129,0,1,1,ACCEPT,38.4765,6.1195,2919,0,0,1.0000,638.12,553.34,56.00,31.00,343.00,239.00,52.00,50.00,0.0000,431.17,1,0,3.1738,ACCEPT,0,1236,257,27003,1,50,2919,0,0,0,0
130,0,1,1,ACCEPT,39.8359,6.3787,3049,0,0,1.0000,638.12,553.34,56.00,31.00,346.00,245.50,62.00,39.00,0.0000,424.39,1,0,3.1468,ACCEPT,0,1317,333,25339,1,50,3049,0,0,0,0
131,0,1,1,ACCEPT,37.2687,5.3380,3048,0,0,1.0000,638.12,553.34,56.00,31.00,352.00,255.00,66.00,24.00,0.0000,413.37,1,0,3.2833,ACCEPT,0,1342,360,28010,1,50,3048,0,0,0,0
132,0,1,1,ACCEPT,38.8445,6.5485,3307,0,0,1.0000,638.12,553.34,56.00,31.00,367.50,259.00,69.00,22.00,0.0000,399.85,1,0,3.1885,ACCEPT,0,1471,524,27249,1,50,3307,0,0,0,0
133,0,1,1,ACCEPT,36.9901,5.0423,3338,0,0,1.0000,638.12,553.34,56.00,31.00,392.00,265.50,70.00,23.00,0.0000,378.72,1,0,3.1716,ACCEPT,0,1572,317,31769,1,50,3338,0,0,0,0
134,0,1,1,ACCEPT,39.5973,6.4944,2916,0,0,1.0000,638.12,553.34,56.00,31.00,431.00,271.50,70.00,21.00,0.0000,349.77,1,0,3.2124,ACCEPT,0,1277,421,32767,1,50,2916,0,0,0,0
135,0,1,1,ACCEPT,35.8574,7.2175,2887,0,0,1.0000,638.12,553.34,56.00,31.00,475.50,270.00,67.00,26.00,0.0000,326.70,1,0,3.1653,ACCEPT,0,1379,325,26464,1,50,2887,0,0,0,0
136,0,1,1,ACCEPT,42.8395,8.1458,2737,0,0,1.0000,638.12,553.34,56.00,31.00,512.00,256.50,64.00,37.00,0.0000,322.53,1,0,3.1999,ACCEPT,0,1252,428,24755,1,50,2737,0,0,0,0
137,0,1,1,ACCEPT,38.5482,6.2464,3042,0,0,1.0000,638.12,553.34,56.00,31.00,531.00,235.00,50.00,56.00,0.0000,335.88,1,0,3.1600,ACCEPT,0,1389,455,21542,1,50,3042,0,0,0,0
138,0,1,1,ACCEPT,35.0824,5.6283,3028,0,0,1.0000,638.12,553.34,56.00,31.00,540.50,208.50,37.00,65.00,0.0000,358.40,1,0,3.2335,ACCEPT,0,1508,246,25218,1,50,3028,0,0,0,0
139,0,1,1,ACCEPT,41.3451,7.0023,3067,0,0,1.0000,638.12,553.34,56.00,31.00,533.50,180.00,21.00,68.00,0.0000,387.73,1,0,3.1986,ACCEPT,0,1328,265,29508,1,50,3067,0,0,0,0
140,0,1,1,ACCEPT,41.1534,6.6048,3058,0,0,1.0000,638.12,553.34,56.00,31.00,526.00,163.50,34.00,65.00,0.0000,405.65,1,0,3.1290,ACCEPT,0,1427,230,31647,1,50,3058,0,0,0,0
141,0,1,1,ACCEPT,36.6149,5.9443,2883,0,0,1.0000,638.12,553.34,56.00,31.00,530.00,169.00,32.00,68.00,0.0000,399.26,1,0,3.1584,ACCEPT,0,1443,283,28347,1,50,2883,0,0,0,0
142,0,1,1,ACCEPT,37.4709,5.3891,2964,0,0,1.0000,638.12,553.34,56.00,31.00,531.00,167.00,32.00,70.00,0.0000,400.92,1,0,3.1811,ACCEPT,0,1225,383,29561,1,50,2964,0,0,0,0
143,0,1,1,ACCEPT,42.2368,6.5729,3293,0,0,1.0000,638.12,553.34,56.00,31.00,530.50,167.00,33.00,70.00,0.0000,401.05,1,0,3.1741,ACCEPT,0,1348,338,31976,1,50,3293,0,0,0,0
144,0,1,1,ACCEPT,37.2900,5.9104,3629,0,0,1.0000,638.12,553.34,56.00,31.00,530.00,166.50,34.00,71.00,0.0000,401.67,1,0,3.2120,ACCEPT,0,1513,380,25446,1,50,3629,0,0,0,0
145,0,1,1,ACCEPT,43.1229,8.6656,2825,0,0,1.0000,638.12,553.34,56.00,31.00,529.00,168.50,36.00,69.00,0.0000,400.02,1,0,3.1134,ACCEPT,0,1325,297,26270,1,50,2825,0,0,0,0
146,0,1,1,ACCEPT,38.7374,6.1845,2548,0,0,1.0000,638.12,553.34,56.00,31.00,528.50,168.50,35.00,69.00,0.0000,400.15,1,0,3.2051,ACCEPT,0,1067,249,26819,1,50,2548,0,0,0,0
147,0,1,1,ACCEPT,35.3699,6.0811,2925,0,0,1.0000,638.12,553.34,56.00,31.00,531.00,167.50,30.00,71.00,0.0000,400.44,1,0,3.1765,ACCEPT,0,1371,379,26754,1,50,2925,0,0,0,0
148,0,1,1,ACCEPT,42.3147,6.4597,2965,0,0,1.0000,638.12,553.34,56.00,31.00,530.50,167.50,29.00,71.00,0.0000,400.57,1,0,3.2115,ACCEPT,0,1250,328,29855,1,50,2965,0,0,0,0
149,0,1,1,ACCEPT,36.7947,5.7674,2653,0,0,1.0000,638.12,553.34,56.00,31.00,530.50,168.50,25.00,73.00,0.0000,399.61,1,0,3.1725,ACCEPT,0,1279,307,23572,1,50,2653,0,0,0,0
150,0,1,1,ACCEPT,43.6785,6.8297,2807,0,0,1.0000,638.12,553.34,56.00,31.00,531.50,167.50,25.00,73.00,0.0000,400.31,1,0,3.1885,ACCEPT,0,1196,364,30349,1,50,2807,0,0,0,0
151,0,1,1,ACCEPT,42.1190,7.7114,3046,0,0,1.0000,638.12,553.34,56.00,31.00,531.00,168.50,24.00,71.00,0.0000,399.48,1,0,3.1698,ACCEPT,0,1442,299,32767,1,50,3046,0,0,0,0
152,0,1,1,ACCEPT,41.7551,6.5822,2962,0,0,1.0000,638.12,553.34,56.00,31.00,531.50,167.00,25.00,72.00,0.0000,400.79,1,0,3.1460,ACCEPT,0,1167,341,31752,1,50,2962,0,0,0,0
153,0,1,1,ACCEPT,42.6215,7.8024,3316,0,0,1.0000,638.12,553.34,56.00,31.00,529.00,165.50,28.00,71.00,0.0000,402.90,1,0,3.1988,ACCEPT,0,1541,343,27289,1,50,3316,0,0,0,0
154,0,1,1,ACCEPT,43.7357,6.0269,3134,0,0,1.0000,638.12,553.34,56.00,31.00,527.00,166.50,32.00,69.00,0.0000,402.49,1,0,3.1060,ACCEPT,0,1387,312,31021,1,50,3134,0,0,0,0
155,0,1,1,ACCEPT,38.3829,7.0134,3142,0,0,1.0000,638.12,553.34,56.00,31.00,528.00,168.00,24.00,70.00,0.0000,400.77,1,0,3.1726,ACCEPT,0,1338,402,28705,1,50,3142,0,0,0,0
156,0,1,1,ACCEPT,42.3525,5.9723,3237,0,0,1.0000,638.12,553.34,56.00,31.00,527.50,169.00,25.00,68.00,0.0000,399.95,1,0,3.1721,ACCEPT,0,1389,312,28574,1,50,3237,0,0,0,0
157,0,1,1,ACCEPT,36.8269,5.8085,2881,0,0,1.0000,638.12,553.34,56.00,31.00,530.00,169.50,30.00,65.00,0.0000,398.78,1,0,3.0922,ACCEPT,0,1659,378,27483,1,50,2881,0,0,0,0
158,0,1,1,ACCEPT,43.5990,6.0585,3005,0,0,1.0000,638.12,553.34,56.00,31.00,532.00,167.00,30.00,66.00,0.0000,400.65,1,0,3.1575,ACCEPT,0,1290,359,23041,1,50,3005,0,0,0,0
159,0,1,1,ACCEPT,36.7535,6.7308,2625,0,0,1.0000,638.12,553.34,56.00,31.00,533.50,164.50,25.00,69.00,0.0000,402.67,1,0,3.1458,ACCEPT,0,1458,333,32767,1,50,2625,0,0,0,0
160,0,1,1,ACCEPT,38.5274,6.5786,3013,0,0,1.0000,638.12,553.34,56.00,31.00,534.50,162.50,25.00,67.00,0.0000,404.35,1,0,3.1584,ACCEPT,0,1404,401,28404,1,50,3013,0,0,0,0
161,0,1,1,ACCEPT,42.5700,6.6013,3129,0,0,1.0000,638.12,553.34,56.00,31.00,535.00,162.00,26.00,68.00,0.0000,404.70,1,0,3.1950,ACCEPT,0,1397,393,27465,1,50,3129,0,0,0,0
162,0,1,1,ACCEPT,30.0077,4.1856,2436,0,0,1.0000,638.12,553.34,56.00,31.00,534.50,160.00,25.00,72.00,0.0000,406.76,1,0,3.1287,ACCEPT,0,1239,320,26098,1,50,2436,0,0,0,0
163,0,1,1,ACCEPT,43.4710,7.5298,2274,0,0,1.0000,638.12,553.34,56.00,31.00,537.50,162.00,29.00,68.00,0.0000,404.07,1,0,3.1823,ACCEPT,0,1022,440,32205,1,50,2274,0,0,0,0
164,0,1,1,ACCEPT,42.1306,8.2424,2448,0,0,1.0000,638.12,553.34,56.00,31.00,525.50,168.50,27.00,61.00,0.0000,400.99,1,0,3.1304,ACCEPT,0,1006,502,31577,1,50,2448,0,0,0,0
165,0,1,1,ACCEPT,39.3664,8.2063,2585,0,0,1.0000,638.12,553.34,56.00,31.00,532.50,183.50,55.00,37.00,0.0000,384.63,1,0,3.1501,ACCEPT,0,1351,364,31956,1,50,2585,0,0,0,0
166,0,1,1,ACCEPT,39.5385,5.6577,2959,0,0,1.0000,638.12,553.34,56.00,31.00,536.50,183.50,61.00,25.00,0.0000,383.55,1,0,3.1773,ACCEPT,0,1427,346,32767,1,50,2959,0,0,0,0
167,0,1,1,ACCEPT,34.3696,5.2668,2823,0,0,1.0000,638.12,553.34,56.00,31.00,537.00,183.50,60.00,25.00,0.0000,383.42,1,0,3.0967,ACCEPT,0,1383,303,32767,1,50,2823,0,0,0,0
168,0,1,1,ACCEPT,36.2900,6.3048,3020,0,0,1.0000,638.12,553.34,56.00,31.00,537.00,181.00,62.00,24.00,0.0000,385.83,1,0,3.1237,ACCEPT,0,1584,317,32767,1,50,3020,0,0,0,0
169,0,1,1,ACCEPT,41.1176,6.5176,2405,0,0,1.0000,638.12,553.34,56.00,31.00,537.00,179.50,64.00,23.00,0.0000,387.28,1,0,3.2020,ACCEPT,0,1017,337,27368,1,50,2405,0,0,0,0
170,0,1,1,ACCEPT,43.3240,7.5350,2479,0,0,1.0000,638.12,553.34,56.00,31.00,538.00,179.00,66.00,24.00,0.0000,387.50,1,0,3.0918,ACCEPT,0,1566,322,32767,1,50,2479,0,0,0,0
171,0,1,1,ACCEPT,41.3808,6.9154,2780,0,0,1.0000,638.12,553.34,56.00,31.00,537.50,177.00,63.00,30.00,0.0000,389.56,1,0,3.1096,ACCEPT,0,1333,340,32767,1,50,2780,0,0,0,0
172,0,1,1,ACCEPT,36.4512,8.1875,2227,0,0,1.0000,638.12,553.34,56.00,31.00,537.50,174.50,63.00,31.00,0.0000,391.98,1,0,3.1644,ACCEPT,0,1345,261,32767,1,50,2227,0,0,0,0
173,0,1,1,ACCEPT,44.8107,11.8863,2508,0,0,1.0000,638.12,553.34,56.00,31.00,539.50,177.00,65.00,28.00,0.0000,389.05,1,0,3.1386,ACCEPT,0,1166,330,32340,1,50,2508,0,0,0,0
174,0,1,1,ACCEPT,41.4211,5.6338,2969,0,0,1.0000,638.12,553.34,56.00,31.00,538.50,178.00,65.00,26.00,0.0000,388.34,1,0,3.1512,ACCEPT,0,1254,337,32767,1,50,2969,0,0,0,0
175,0,1,1,ACCEPT,43.7028,8.7509,2529,0,0,1.0000,638.12,553.34,56.00,31.00,541.50,184.00,63.00,30.00,0.0000,381.77,1,0,3.1168,ACCEPT,0,1216,371,32767,1,50,2529,0,0,0,0
176,0,1,1,ACCEPT,38.1287,6.1545,2788,0,0,1.0000,638.12,553.34,56.00,31.00,544.00,187.00,64.00,32.00,0.0000,378.24,1,0,3.1233,ACCEPT,0,1144,343,30444,1,50,2788,0,0,0,0
177,0,1,1,ACCEPT,40.3900,7.3537,2412,0,0,1.0000,638.12,553.34,56.00,31.00,546.00,191.00,60.00,36.00,0.0000,373.87,1,0,3.1048,ACCEPT,0,1327,257,32767,1,50,2412,0,0,0,0
178,0,1,1,ACCEPT,40.6332,7.4135,1972,0,0,1.0000,638.12,553.34,56.00,31.00,544.50,195.00,55.00,44.00,0.0000,370.37,1,0,3.1381,ACCEPT,0,941,289,32767,1,50,1972,0,0,0,0
179,0,1,1,ACCEPT,40.3712,8.0000,2480,0,0,1.0000,638.12,553.34,56.00,31.00,548.50,198.00,59.00,44.00,0.0000,366.47,1,0,3.1329,ACCEPT,0,1189,278,32767,1,50,2480,0,0,0,0
180,0,1,1,ACCEPT,41.5550,6.9779,2212,0,0,1.0000,638.12,553.34,56.00,31.00,557.00,202.00,64.00,32.00,0.0000,360.59,1,0,3.0939,ACCEPT,0,884,327,31201,1,50,2212,0,0,0,0
181,0,1,1,ACCEPT,37.9697,7.1672,2057,0,0,1.0000,638.12,553.34,56.00,31.00,570.50,203.00,67.00,28.00,0.0000,356.81,1,0,3.0538,ACCEPT,0,941,291,30977,1,50,2057,0,0,0,0
182,0,1,1,ACCEPT,34.7641,7.3170,2239,0,0,1.0000,638.12,553.34,56.00,31.00,588.00,207.00,66.00,24.00,0.0000,349.95,1,0,3.0990,ACCEPT,0,1151,384,32753,1,50,2239,0,0,0,0
183,0,1,1,ACCEPT,39.0422,6.8425,2477,0,0,1.0000,638.12,553.34,56.00,31.00,588.50,211.50,65.00,29.00,0.0000,345.43,1,0,3.0932,ACCEPT,0,1180,306,32767,1,50,2477,0,0,0,0
184,0,1,1,ACCEPT,38.0932,8.3218,2405,0,0,1.0000,638.12,553.34,56.00,31.00,590.00,212.00,66.00,30.00,0.0000,344.72,1,0,3.1230,ACCEPT,0,1138,382,32767,1,50,2405,0,0,0,0
185,0,1,1,ACCEPT,36.4235,7.0310,2271,0,0,1.0000,638.12,553.34,56.00,31.00,595.00,209.00,68.00,22.00,0.0000,347.03,1,0,3.0983,ACCEPT,0,1356,277,32767,1,50,2271,0,0,0,0
186,0,1,1,ACCEPT,38.6909,6.3636,1610,0,0,1.0000,638.12,553.34,56.00,31.00,618.00,200.00,64.00,30.00,0.0000,353.92,1,0,3.0562,ACCEPT,0,759,266,32767,1,50,1610,0,0,0,0
187,0,1,1,ACCEPT,42.1569,7.3947,2248,0,0,1.0000,638.12,553.34,56.00,31.00,647.50,193.00,63.00,38.00,0.0000,360.47,1,0,3.0351,ACCEPT,0,1074,342,31208,1,50,2248,0,0,0,0
188,0,1,1,ACCEPT,40.9963,8.9964,2465,0,0,1.0000,638.12,553.34,56.00,31.00,663.50,184.50,67.00,31.00,0.0000,369.72,1,0,3.0872,ACCEPT,0,1099,287,32767,1,50,2465,0,0,0,0
189,0,1,1,ACCEPT,40.4766,5.9557,2150,0,0,1.0000,638.12,553.34,56.00,31.00,661.50,185.00,67.00,26.00,0.0000,369.08,1,0,3.0701,ACCEPT,0,1023,321,32514,1,50,2150,0,0,0,0
190,0,1,1,ACCEPT,37.7473,7.3374,2414,0,0,1.0000,638.12,553.34,56.00,31.00,660.00,185.50,64.00,27.00,0.0000,368.49,1,0,3.0791,ACCEPT,0,1197,236,28780,1,50,2414,0,0,0,0
191,0,1,1,ACCEPT,37.6390,8.7131,2187,0,0,1.0000,638.12,553.34,56.00,31.00,659.50,185.00,65.00,30.00,0.0000,368.96,1,0,3.0589,ACCEPT,0,1319,248,32767,1,50,2187,0,0,0,0
192,0,1,1,ACCEPT,40.6976,6.2883,2421,0,0,1.0000,638.12,553.34,56.00,31.00,658.00,186.50,66.00,29.00,0.0000,367.38,1,0,3.0952,ACCEPT,0,1069,347,29731,1,50,2421,0,0,0,0
193,0,1,1,ACCEPT,42.9478,9.0256,2112,0,0,1.0000,638.12,553.34,56.00,31.00,658.00,185.50,66.00,35.00,0.0000,368.38,1,0,3.0615,ACCEPT,0,920,406,25291,1,50,2112,0,0,0,0
194,0,1,1,ACCEPT,37.8619,5.5920,2248,0,0,1.0000,638.12,553.34,56.00,31.00,657.00,176.50,56.00,55.00,0.0000,377.32,1,0,3.0937,ACCEPT,0,1109,344,32767,1,50,2248,0,0,0,0
195,0,1,1,ACCEPT,33.0271,7.7616,2507,0,0,1.0000,638.12,553.34,56.00,31.00,653.00,177.50,48.00,55.00,0.0000,376.14,1,0,2.9925,ACCEPT,0,1411,939,30972,1,50,2507,0,0,0,0
196,0,1,1,ACCEPT,19.4126,4.0275,1611,0,0,1.0000,638.12,553.34,56.00,31.00,654.00,174.50,50.00,53.00,0.0000,379.18,1,0,3.0315,ACCEPT,0,1839,2443,12446,1,50,1611,0,0,0,0
197,0,1,1,ACCEPT,16.6525,3.2477,695,0,0,1.0000,638.12,553.34,56.00,31.00,658.50,175.50,55.00,47.00,0.0000,378.39,1,0,3.0661,ACCEPT,0,742,4412,4163,1,50,695,0,0,0,0
198,0,1,1,ACCEPT,19.9797,5.1159,1059,0,0,1.0000,638.12,553.34,56.00,31.00,662.00,177.00,58.00,42.00,0.0000,377.10,1,0,3.0022,ACCEPT,0,976,2568,9743,1,50,1059,0,0,0,0
199,0,1,1,ACCEPT,31.4886,6.1124,1577,0,0,1.0000,638.12,553.34,56.00,31.00,666.50,176.00,59.00,38.00,0.0000,378.41,1,0,3.0844,ACCEPT,0,755,324,32767,1,50,1577,0,0,0,0
200,0,1,1,ACCEPT,35.4563,6.5417,1727,0,0,1.0000,638.12,553.34,56.00,31.00,665.00,176.50,60.00,37.00,0.0000,377.80,1,0,3.0319,ACCEPT,0,787,622,32766,1,50,1727,0,0,0,0
201,0,1,1,ACCEPT,40.8702,7.3106,2683,0,0,1.0000,638.12,553.34,56.00,31.00,665.50,177.50,63.00,37.00,0.0000,376.84,1,0,3.0648,ACCEPT,0,1105,692,32767,1,50,2683,0,0,0,0
202,0,1,1,ACCEPT,41.1010,7.7959,3017,0,0,1.0000,638.12,553.34,56.00,31.00,665.50,177.00,63.00,40.00,0.0000,377.34,1,0,3.0238,ACCEPT,0,1365,990,31761,1,50,3017,0,0,0,0
203,0,1,1,ACCEPT,41.4081,6.0346,3313,0,0,1.0000,638.12,553.34,56.00,31.00,667.00,178.50,66.00,37.00,0.0000,375.95,1,0,3.0358,ACCEPT,0,1413,1030,32767,1,50,3313,0,0,0,0
204,0,1,1,ACCEPT,43.8246,6.9764,3551,0,0,1.0000,638.12,553.34,56.00,31.00,667.00,180.00,64.00,34.00,0.0000,374.46,1,0,3.0378,ACCEPT,0,1472,748,32767,1,50,3551,0,0,0,0
205,0,1,1,ACCEPT,37.7210,8.5893,3221,0,0,1.0000,638.12,553.34,56.00,31.00,667.00,179.00,64.00,36.00,0.0000,375.46,1,0,2.9802,ACCEPT,0,1437,1018,28559,1,50,3221,0,0,0,0
206,0,1,1,ACCEPT,41.0899,7.2742,3237,0,0,1.0000,638.12,553.34,56.00,31.00,669.00,178.50,64.00,37.00,0.0000,376.11,1,0,3.0221,ACCEPT,0,1526,723,32767,1,50,3237,0,0,0,0
207,0,1,1,ACCEPT,39.7043,6.8124,3413,0,0,1.0000,638.12,553.34,56.00,31.00,667.50,178.50,65.00,35.00,0.0000,375.99,1,0,3.0120,ACCEPT,0,1484,567,32088,1,50,3413,0,0,0,0
208,0,1,1,ACCEPT,38.4907,8.2676,3059,0,0,1.0000,638.12,553.34,56.00,31.00,666.50,179.00,63.00,36.00,0.0000,375.42,1,0,2.9882,ACCEPT,0,1491,737,32767,1,50,3059,0,0,0,0
209,0,1,1,ACCEPT,41.8676,8.1951,3319,0,0,1.0000,638.12,553.34,56.00,31.00,667.00,178.00,62.00,36.00,0.0000,376.45,1,0,2.9512,ACCEPT,0,1624,395,31823,1,50,3319,0,0,0,0
210,0,1,1,ACCEPT,36.1337,6.5724,3043,0,0,1.0000,638.12,553.34,56.00,31.00,668.50,178.50,61.00,37.00,0.0000,376.07,1,0,2.9509,ACCEPT,0,1431,294,32767,1,50,3043,0,0,0,0
211,0,1,1,ACCEPT,38.9024,7.8605,2649,0,0,1.0000,638.12,553.34,56.00,31.00,670.00,178.00,64.00,36.00,0.0000,376.69,1,0,3.0030,ACCEPT,0,1400,252,32767,1,50,2649,0,0,0,0
212,0,1,1,ACCEPT,42.9575,6.8725,2749,0,0,1.0000,638.12,553.34,56.00,31.00,670.50,178.00,61.00,36.00,0.0000,376.74,1,0,3.0079,ACCEPT,0,1127,368,32767,1,50,2749,0,0,0,0
213,0,1,1,ACCEPT,34.4097,7.6705,2677,0,0,1.0000,638.12,553.34,56.00,31.00,668.00,181.50,64.00,31.00,0.0000,373.04,1,0,2.9727,ACCEPT,0,1487,250,29965,1,50,2677,0,0,0,0
214,0,1,1,ACCEPT,36.1657,7.7292,2226,0,0,1.0000,638.12,553.34,56.00,31.00,663.50,185.50,67.00,23.00,0.0000,368.72,1,0,2.9000,ACCEPT,0,1187,329,32767,1,50,2226,0,0,0,0
215,0,1,1,ACCEPT,34.9344,6.4658,2554,0,0,1.0000,638.12,553.34,56.00,31.00,663.00,189.00,70.00,24.00,0.0000,365.19,1,0,2.9564,ACCEPT,0,1535,356,32767,1,50,2554,0,0,0,0
216,0,1,1,ACCEPT,43.4059,10.3412,2182,0,0,1.0000,638.12,553.34,56.00,31.00,662.00,192.50,68.00,31.00,0.0000,361.63,1,0,2.9905,ACCEPT,0,925,249,27333,1,50,2182,0,0,0,0
217,0,1,1,ACCEPT,37.9968,6.6970,2210,0,0,1.0000,638.12,553.34,56.00,31.00,660.50,198.50,65.00,37.00,0.0000,355.55,1,0,2.9569,ACCEPT,0,1148,317,32008,1,50,2210,0,0,0,0
218,0,1,1,ACCEPT,38.0095,7.7517,2279,0,0,1.0000,638.12,553.34,56.00,31.00,661.50,206.00,63.00,38.00,0.0000,348.13,1,0,2.9228,ACCEPT,0,1002,367,30222,1,50,2279,0,0,0,0
219,0,1,1,ACCEPT,41.8323,6.8193,2830,0,0,1.0000,638.12,553.34,56.00,31.00,662.00,206.00,54.00,50.00,0.0000,348.16,1,0,2.9629,ACCEPT,0,1518,349,27600,1,50,2830,0,0,0,0
220,0,1,1,ACCEPT,45.5033,7.6557,2335,0,0,1.0000,638.12,553.34,56.00,31.00,663.50,206.50,35.00,61.00,0.0000,347.77,1,0,3.0047,ACCEPT,0,983,325,30889,1,50,2335,0,0,0,0
221,0,1,1,ACCEPT,32.3519,6.4085,2102,0,0,1.0000,638.12,553.34,56.00,31.00,664.50,206.50,33.00,63.00,0.0000,347.85,1,0,2.9657,ACCEPT,0,1341,421,25152,1,50,2102,0,0,0,0
222,0,1,1,ACCEPT,36.2937,7.8811,2585,0,0,1.0000,638.12,553.34,56.00,31.00,664.50,207.00,27.00,64.00,0.0000,347.35,1,0,2.9689,ACCEPT,0,1300,486,32445,1,50,2585,0,0,0,0
223,0,1,1,ACCEPT,38.1684,8.6139,2610,0,0,1.0000,638.12,553.34,56.00,31.00,663.00,207.00,26.00,64.00,0.0000,347.24,1,0,2.9403,ACCEPT,0,1433,298,32768,1,50,2610,0,0,0,0
224,0,1,1,ACCEPT,41.3936,7.6981,2371,0,0,1.0000,638.12,553.34,56.00,31.00,664.00,207.00,26.00,64.00,0.0000,347.31,1,0,2.9690,ACCEPT,0,1120,318,31298,1,50,2371,0,0,0,0
225,0,1,1,ACCEPT,36.8809,6.8655,2808,0,0,1.0000,638.12,553.34,56.00,31.00,664.00,208.00,28.00,64.00,0.0000,346.31,1,0,2.9917,ACCEPT,0,1522,346,29370,1,50,2808,0,0,0,0
226,0,1,1,ACCEPT,37.7311,6.6641,2579,0,0,1.0000,638.12,553.34,56.00,31.00,665.00,208.00,30.00,64.00,0.0000,346.39,1,0,2.9441,ACCEPT,0,1258,308,32767,1,50,2579,0,0,0,0
227,0,1,1,ACCEPT,33.4042,8.0451,2317,0,0,1.0000,638.12,553.34,56.00,31.00,678.50,230.00,41.00,58.00,0.0000,325.85,1,0,2.9350,ACCEPT,0,1220,409,24389,1,50,2317,0,0,0,0
228,0,1,1,ACCEPT,40.7357,6.8476,2472,0,0,1.0000,638.12,553.34,56.00,31.00,681.00,235.50,46.00,55.00,0.0000,320.72,1,0,2.9499,ACCEPT,0,1237,468,30307,1,50,2472,0,0,0,0
229,0,1,1,ACCEPT,33.7630,7.7184,2686,0,0,1.0000,638.12,553.34,56.00,31.00,688.50,242.00,47.00,54.00,0.0000,315.39,1,0,2.9349,ACCEPT,0,1827,406,31197,1,50,2686,0,0,0,0
230,0,1,1,ACCEPT,41.2573,6.4226,2781,0,0,1.0000,638.12,553.34,56.00,31.00,702.00,250.00,50.00,52.00,0.0000,310.00,1,0,2.9611,ACCEPT,0,1141,211,32767,1,50,2781,0,0,0,0
231,0,1,1,ACCEPT,41.5259,8.7787,3134,0,0,1.0000,638.12,553.34,56.00,31.00,708.00,258.50,52.00,55.00,0.0000,303.01,1,0,2.9311,ACCEPT,0,1430,287,25228,1,50,3134,0,0,0,0
232,0,1,1,ACCEPT,42.2746,7.7692,2424,0,0,1.0000,638.12,553.34,56.00,31.00,728.50,286.50,45.00,59.00,0.0000,281.73,1,0,2.9305,ACCEPT,0,1155,326,30129,1,50,2424,0,0,0,0
233,0,1,1,ACCEPT,44.5991,7.8645,2611,0,0,1.0000,638.12,553.34,56.00,31.00,755.00,331.50,44.00,61.00,0.0000,250.75,1,0,2.8708,ACCEPT,0,1214,314,30905,1,50,2611,0,0,0,0
234,0,1,1,ACCEPT,42.9120,11.3307,2878,0,0,1.0000,638.12,553.34,56.00,31.00,770.50,368.50,41.00,63.00,0.0000,227.36,1,0,2.9580,ACCEPT,0,1424,280,30702,1,50,2878,0,0,0,0
235,0,1,1,ACCEPT,34.5409,7.2699,2370,0,0,1.0000,638.12,553.34,56.00,31.00,776.50,373.00,37.00,64.00,0.0000,227.31,1,0,2.8637,ACCEPT,0,1603,267,30545,1,50,2370,0,0,0,0
236,0,1,1,ACCEPT,39.3484,8.6573,2476,0,0,1.0000,638.12,553.34,56.00,31.00,785.00,381.50,50.00,55.00,0.0000,226.06,1,0,2.8820,ACCEPT,0,1063,315,22969,1,50,2476,0,0,0,0
237,0,1,1,ACCEPT,35.5046,6.5976,2230,0,0,1.0000,638.12,553.34,56.00,31.00,785.50,384.00,47.00,58.00,0.0000,224.49,1,0,2.9268,ACCEPT,0,1396,361,30518,1,50,2230,0,0,0,0
238,0,1,1,ACCEPT,43.9308,6.4399,3162,0,0,1.0000,638.12,553.34,56.00,31.00,791.00,391.00,48.00,56.00,0.0000,222.99,1,0,2.8586,ACCEPT,0,1451,224,32767,1,50,3162,0,0,0,0
239,0,1,1,ACCEPT,39.3467,7.3061,2506,0,0,1.0000,638.12,553.34,56.00,31.00,795.00,398.50,42.00,61.00,0.0000,220.42,1,0,2.8829,ACCEPT,0,1466,367,25650,1,50,2506,0,0,0,0
240,0,1,1,ACCEPT,43.1572,11.4627,2304,0,0,1.0000,638.12,553.34,56.00,31.00,795.50,405.00,33.00,64.00,0.0000,216.27,1,0,2.8335,ACCEPT,0,1350,289,32767,1,50,2304,0,0,0,0
241,0,1,1,ACCEPT,39.8703,7.3455,2424,0,0,1.0000,638.12,553.34,56.00,31.00,795.00,406.00,24.00,66.00,0.0000,215.22,1,0,2.8476,ACCEPT,0,1233,370,29062,1,50,2424,0,0,0,0
242,0,1,1,ACCEPT,39.8050,8.2430,2341,0,0,1.0000,638.12,553.34,56.00,31.00,795.00,404.00,22.00,64.00,0.0000,216.59,1,0,2.8779,ACCEPT,0,1277,388,32535,1,50,2341,0,0,0,0
243,0,1,1,ACCEPT,40.3192,7.6483,2631,0,0,1.0000,638.12,553.34,56.00,31.00,795.50,405.00,23.00,64.00,0.0000,216.27,1,0,2.8124,ACCEPT,0,1283,391,30775,1,50,2631,0,0,0,0
244,0,1,1,ACCEPT,42.1005,7.7747,2830,0,0,1.0000,638.12,553.34,56.00,31.00,777.50,407.00,45.00,52.00,0.0000,202.09,1,0,2.8662,ACCEPT,0,1505,307,25095,1,50,2830,0,0,0,0
245,0,1,1,ACCEPT,38.8437,6.8882,2094,0,0,1.0000,638.12,553.34,56.00,31.00,776.50,410.50,51.00,47.00,0.0000,198.88,1,0,2.8352,ACCEPT,0,1170,296,24471,1,50,2094,0,0,0,0
246,0,1,1,ACCEPT,39.0595,8.9474,2040,0,0,1.0000,638.12,553.34,56.00,31.00,775.00,410.50,58.00,43.00,0.0000,197.84,1,0,2.8545,ACCEPT,0,1113,350,29677,1,50,2040,0,0,0,0
247,0,1,1,ACCEPT,39.6768,8.1828,2373,0,0,1.0000,638.12,553.34,56.00,31.00,772.50,411.50,57.00,43.00,0.0000,195.39,1,0,2.9213,ACCEPT,0,1116,523,23525,1,50,2373,0,0,0,0
248,0,1,1,ACCEPT,37.5409,7.4096,2171,0,0,1.0000,638.12,553.34,56.00,31.00,764.50,415.50,53.00,51.00,0.0000,187.01,1,0,2.8414,ACCEPT,0,1234,368,22219,1,50,2171,0,0,0,0
249,0,1,1,ACCEPT,38.0026,7.3277,1744,0,0,1.0000,638.12,553.34,56.00,31.00,758.00,433.00,46.00,56.00,0.0000,169.86,1,0,2.8215,ACCEPT,0,1023,252,29935,1,50,1744,0,0,0,0
250,0,1,1,ACCEPT,40.5805,8.0130,2468,0,0,1.0000,638.12,553.34,56.00,31.00,748.50,456.00,35.00,66.00,0.0000,147.17,1,0,2.8571,ACCEPT,0,1150,363,30546,1,50,2468,0,0,0,0
251,0,1,1,ACCEPT,38.8796,9.9905,2108,0,0,1.0000,638.12,553.34,56.00,31.00,738.00,472.50,38.00,65.00,0.0000,128.49,1,0,2.8452,ACCEPT,0,1003,320,32767,1,50,2108,0,0,0,0
252,0,1,1,ACCEPT,34.9024,5.6881,2480,0,0,1.0000,638.12,553.34,56.00,31.00,732.50,495.00,27.00,66.00,0.0000,110.95,1,0,2.8402,ACCEPT,0,1509,409,27154,1,50,2480,0,0,0,0
253,0,1,1,ACCEPT,35.0708,7.8322,2240,0,0,1.0000,638.12,553.34,56.00,31.00,735.00,515.50,20.00,69.00,0.0000,104.00,1,0,2.8648,ACCEPT,0,1276,318,27312,1,50,2240,0,0,0,0
254,0,1,1,ACCEPT,38.1617,8.6255,2165,0,0,1.0000,638.12,553.34,56.00,31.00,749.50,565.00,29.00,62.00,0.0000,111.98,1,0,2.8573,ACCEPT,0,1114,254,27386,1,50,2165,0,0,0,0
255,0,1,1,ACCEPT,35.2697,8.5369,1733,0,0,1.0000,638.12,553.34,56.00,31.00,776.00,603.50,40.00,55.00,0.0000,146.71,1,0,2.8126,ACCEPT,0,1033,347,29718,1,50,1733,0,0,0,0
256,0,1,1,ACCEPT,31.5062,5.6986,2080,0,0,1.0000,638.12,553.34,56.00,31.00,809.00,619.00,60.00,32.00,0.0000,183.05,1,0,2.8208,ACCEPT,0,1337,317,26349,1,50,2080,0,0,0,0
257,0,1,1,ACCEPT,40.4547,7.1852,2328,0,0,1.0000,638.12,553.34,56.00,31.00,825.50,617.00,67.00,28.00,0.0000,197.89,1,0,2.8022,ACCEPT,0,1139,305,27054,1,50,2328,0,0,0,0
258,0,1,1,ACCEPT,35.2724,6.1901,1758,0,0,1.0000,638.12,553.34,56.00,31.00,828.50,616.50,69.00,23.00,0.0000,200.58,1,0,2.8542,ACCEPT,0,1064,243,25909,1,50,1758,0,0,0,0
259,0,1,1,ACCEPT,39.8942,6.6374,2343,0,0,1.0000,638.12,553.34,56.00,31.00,835.00,605.50,68.00,29.00,0.0000,203.67,1,0,2.7840,ACCEPT,0,1273,281,27721,1,50,2343,0,0,0,0
260,0,1,1,ACCEPT,40.6409,6.7859,2124,0,0,1.0000,638.12,553.34,56.00,31.00,838.00,588.50,54.00,49.00,0.0000,202.94,1,0,2.8086,ACCEPT,0,1096,208,30426,1,50,2124,0,0,0,0
261,0,1,1,ACCEPT,37.6953,8.2248,2122,0,0,1.0000,638.12,553.34,56.00,31.00,845.00,571.50,46.00,55.00,0.0000,207.67,1,0,2.8140,ACCEPT,0,1160,415,26754,1,50,2122,0,0,0,0
262,0,1,1,ACCEPT,39.1254,8.4925,2276,0,0,1.0000,638.12,553.34,56.00,31.00,850.50,558.00,45.00,56.00,0.0000,212.43,1,0,2.7653,ACCEPT,0,1106,247,26822,1,50,2276,0,0,0,0
263,0,1,1,ACCEPT,37.8531,7.1465,1951,0,0,1.0000,638.12,553.34,56.00,31.00,857.00,541.50,46.00,55.00,0.0000,219.20,1,0,2.7933,ACCEPT,0,1000,318,27886,1,50,1951,0,0,0,0
264,0,1,1,ACCEPT,39.4591,8.8588,2259,0,0,1.0000,638.12,553.34,56.00,31.00,857.50,516.50,35.00,65.00,0.0000,222.45,1,0,2.7568,ACCEPT,0,1359,365,26488,1,50,2259,0,0,0,0
265,0,1,1,ACCEPT,36.9860,6.3826,1902,0,0,1.0000,638.12,553.34,56.00,31.00,854.50,482.50,23.00,69.00,0.0000,227.68,1,0,2.7893,ACCEPT,0,924,239,26597,1,50,1902,0,0,0,0
266,0,1,1,ACCEPT,37.7393,6.2523,2082,0,0,1.0000,638.12,553.34,56.00,31.00,849.50,435.00,21.00,70.00,0.0000,242.25,1,0,2.7419,ACCEPT,0,1075,473,24666,1,50,2082,0,0,0,0
267,0,1,1,ACCEPT,38.9786,8.0576,2377,0,0,1.0000,638.12,553.34,56.00,31.00,844.50,387.50,21.00,67.00,0.0000,264.75,1,0,2.7855,ACCEPT,0,1500,358,25483,1,50,2377,0,0,0,0
268,0,1,1,ACCEPT,39.5343,9.2991,2083,0,0,1.0000,638.12,553.34,56.00,31.00,838.00,357.00,22.00,68.00,0.0000,280.18,1,0,2.7714,ACCEPT,0,1175,303,27813,1,50,2083,0,0,0,0
269,0,1,1,ACCEPT,38.7407,9.0794,1943,0,0,1.0000,638.12,553.34,56.00,31.00,831.50,345.50,23.00,67.00,0.0000,283.89,1,0,2.7477,ACCEPT,0,971,350,28655,1,50,1943,0,0,0,0
270,0,1,1,ACCEPT,41.2885,7.9748,2217,0,0,1.0000,638.12,553.34,56.00,31.00,811.50,334.00,49.00,56.00,0.0000,279.59,1,0,2.7417,ACCEPT,0,1097,330,30035,1,50,2217,0,0,0,0
271,0,1,1,ACCEPT,35.4809,6.2294,2037,0,0,1.0000,638.12,553.34,56.00,31.00,784.00,318.00,60.00,42.00,0.0000,276.89,1,0,2.7179,ACCEPT,0,1163,489,26739,1,50,2037,0,0,0,0
272,0,1,1,ACCEPT,38.1509,7.9085,2507,0,0,1.0000,638.12,553.34,56.00,31.00,740.50,303.50,63.00,35.00,0.0000,270.00,1,0,2.7126,ACCEPT,0,1459,370,32767,1,50,2507,0,0,0,0
273,0,1,1,ACCEPT,37.6598,5.6729,2133,0,0,1.0000,638.12,553.34,56.00,31.00,717.50,283.50,49.00,51.00,0.0000,281.28,1,0,2.7683,ACCEPT,0,1076,318,28933,1,50,2133,0,0,0,0
274,0,1,1,ACCEPT,41.3723,8.4483,1960,0,0,1.0000,638.12,553.34,56.00,31.00,716.00,280.00,46.00,54.00,0.0000,284.22,1,0,2.7764,ACCEPT,0,995,303,29285,1,50,1960,0,0,0,0
0,0,0,0,ZERO_RESPONSE,0.0000,0.0000,0,0,0,0.0000,739.50,733.00,67.00,28.00,739.50,733.00,67.00,28.00,1.0000,0.00,1,0,0.0000,NOT_RUN,0,0,3699,13653,2,100,0,0,0,0,0
1,0,1,0,LOW_PSR,4.9504,1.2579,400,3,-4,0.3425,739.50,733.00,67.00,28.00,748.00,727.00,68.00,22.00,0.4980,10.40,0,0,0.0000,NOT_RUN,0,2054,3007,0,2,100,400,0,0,0,0
2,0,1,0,LOW_PSR,3.9550,1.0198,206,9,-11,0.1019,739.50,733.00,67.00,28.00,763.00,716.00,66.00,26.00,0.1360,29.00,0,0,0.0000,NOT_RUN,0,1076,1891,0,2,100,206,0,0,0,0
3,0,1,0,LOW_PSR,4.7751,1.0408,102,3,-6,0.7157,739.50,733.00,67.00,28.00,779.00,701.50,68.00,29.00,0.0000,50.52,0,0,0.0000,NOT_RUN,0,283,1626,0,2,100,102,0,0,0,0
4,0,1,0,NEGATIVE_PEAK,-3.9175,1.0588,-72,4,10,0.3472,739.50,733.00,67.00,28.00,793.00,684.00,60.00,40.00,0.0000,72.55,0,0,0.0000,NOT_RUN,0,258,5844,0,2,100,72,0,0,0,0
5,0,1,0,LOW_PSR,4.1280,1.0247,83,6,-13,0.2651,739.50,733.00,67.00,28.00,810.00,662.00,58.00,46.00,0.0000,100.06,0,0,0.0000,NOT_RUN,0,309,5715,0,2,100,83,0,0,0,0
6,0,1,0,LOW_PSR,4.3103,1.2297,91,-1,10,0.2308,739.50,733.00,67.00,28.00,819.50,650.00,53.00,48.00,0.0000,115.28,0,0,0.0000,NOT_RUN,0,442,4964,0,2,100,91,0,0,0,0
7,0,1,0,NEGATIVE_PEAK,-4.5149,1.4648,-104,-13,8,0.1827,739.50,733.00,67.00,28.00,817.50,645.50,49.00,51.00,0.0000,117.22,0,0,0.0000,NOT_RUN,0,462,4450,0,2,100,104,0,0,0,0
8,0,1,0,NEGATIVE_PEAK,-4.2160,1.0471,-89,-2,1,0.3371,739.50,733.00,67.00,28.00,814.50,645.50,47.00,53.00,0.0000,115.24,0,0,0.0000,NOT_RUN,0,298,4107,0,2,100,89,0,0,0,0
9,0,1,0,LOW_PSR,4.4283,1.0250,82,1,4,0.3171,739.50,733.00,67.00,28.00,817.50,636.50,51.00,49.00,0.0000,124.08,0,0,0.0000,NOT_RUN,0,417,3534,0,2,100,82,0,0,0,0
10,0,1,0,NEGATIVE_PEAK,-4.7357,1.2500,-95,-12,9,0.0211,739.50,733.00,67.00,28.00,822.50,633.00,57.00,48.00,0.0000,129.96,0,0,0.0000,NOT_RUN,0,299,3047,0,2,100,95,0,0,0,0
11,0,1,0,NEGATIVE_PEAK,-3.8921,1.0469,-67,-2,1,0.3582,739.50,733.00,67.00,28.00,833.00,619.00,52.00,54.00,0.0000,147.44,0,0,0.0000,NOT_RUN,0,206,2308,0,2,100,67,0,0,0,0
12,0,1,0,LOW_PSR,4.2548,1.1343,76,7,-12,0.0000,739.50,733.00,67.00,28.00,841.00,605.00,52.00,50.00,0.0000,163.36,0,0,0.0000,NOT_RUN,0,298,2420,0,2,100,76,0,0,0,0
13,0,1,0,LOW_PSR,3.9928,1.0127,80,-1,9,0.2500,739.50,733.00,67.00,28.00,849.50,584.00,39.00,60.00,0.0000,185.21,0,0,0.0000,NOT_RUN,0,214,1906,0,2,100,80,0,0,0,0
14,0,1,0,NEGATIVE_PEAK,-4.3122,1.1000,-77,-13,8,0.3247,739.50,733.00,67.00,28.00,854.50,555.50,31.00,65.00,0.0000,211.50,0,0,0.0000,NOT_RUN,0,225,1454,0,2,100,77,0,0,0,0
15,0,1,0,NEGATIVE_PEAK,-5.2715,1.2258,-114,-2,1,0.3947,739.50,733.00,67.00,28.00,866.50,527.50,39.00,61.00,0.0000,241.58,0,0,0.0000,NOT_RUN,0,440,1320,0,2,100,114,0,0,0,0
16,0,1,0,LOW_PSR,4.3087,1.0274,75,7,-12,0.1200,739.50,733.00,67.00,28.00,871.00,520.50,48.00,53.00,0.0000,249.90,0,0,0.0000,NOT_RUN,0,239,1279,0,2,100,75,0,0,0,0
17,0,1,0,NEGATIVE_PEAK,-3.7582,1.0896,-73,17,0,0.2466,739.50,733.00,67.00,28.00,879.50,515.50,55.00,45.00,0.0000,258.66,0,0,0.0000,NOT_RUN,0,289,1395,0,2,100,73,0,0,0,0
18,0,1,0,NEGATIVE_PEAK,-4.3850,1.1316,-86,-13,8,0.1977,739.50,733.00,67.00,28.00,882.00,508.50,56.00,49.00,0.0000,265.91,0,0,0.0000,NOT_RUN,0,209,1196,0,2,100,86,0,0,0,0
19,0,1,0,NEGATIVE_PEAK,-4.5529,1.1918,-87,-1,1,0.4713,739.50,733.00,67.00,28.00,880.50,507.00,53.00,48.00,0.0000,266.38,0,0,0.0000,NOT_RUN,0,263,821,0,2,100,87,0,0,0,0
20,0,1,0,LOW_PSR,4.6578,1.1707,96,0,10,0.3333,739.50,733.00,67.00,28.00,878.00,506.00,52.00,50.00,0.0000,265.92,0,0,0.0000,NOT_RUN,0,250,876,0,2,100,96,0,0,0,0
21,0,1,0,NEGATIVE_PEAK,-3.8905,1.0580,-73,-13,8,0.2740,739.50,733.00,67.00,28.00,872.50,504.00,41.00,58.00,0.0000,264.82,0,0,0.0000,NOT_RUN,0,196,735,0,2,100,73,0,0,0,0
22,0,1,0,NEGATIVE_PEAK,-4.3956,1.0213,-96,-1,1,0.6562,739.50,733.00,67.00,28.00,867.00,499.00,30.00,66.00,0.0000,266.48,0,0,0.0000,NOT_RUN,0,309,780,0,2,100,96,0,0,0,0
23,0,1,0,NEGATIVE_PEAK,-4.0038,1.0882,-74,-13,9,0.2162,739.50,733.00,67.00,28.00,862.00,486.00,24.00,68.00,0.0000,275.71,0,0,0.0000,NOT_RUN,0,242,432,0,2,100,74,0,0,0,0
24,0,1,0,LOW_PSR,4.4966,1.0460,91,-1,9,0.4286,739.50,733.00,67.00,28.00,866.00,468.00,22.00,70.00,0.0000,293.64,0,0,0.0000,NOT_RUN,0,270,446,0,2,100,91,0,0,0,0
25,0,1,0,NEGATIVE_PEAK,-4.9445,1.2386,-109,-1,1,0.5780,739.50,733.00,67.00,28.00,860.00,451.00,22.00,70.00,0.0000,306.67,0,0,0.0000,NOT_RUN,0,405,706,0,2,100,109,0,0,0,0
26,0,1,0,NEGATIVE_PEAK,-4.0579,1.0000,-83,-13,8,0.2410,739.50,733.00,67.00,28.00,853.50,434.50,27.00,69.00,0.0000,319.53,0,0,0.0000,NOT_RUN,0,310,511,0,2,100,83,0,0,0,0
27,0,1,0,LOW_PSR,3.6331,1.0571,74,6,-13,0.4189,739.50,733.00,67.00,28.00,845.00,407.00,26.00,68.00,0.0000,342.65,0,0,0.0000,NOT_RUN,0,350,498,0,2,100,74,0,0,0,0
28,0,1,0,NEGATIVE_PEAK,-4.3859,1.1429,-96,-2,1,0.3646,739.50,733.00,67.00,28.00,823.00,381.50,38.00,65.00,0.0000,361.28,0,0,0.0000,NOT_RUN,0,346,210,0,2,100,96,0,0,0,0
29,0,1,0,NEGATIVE_PEAK,-4.0943,1.0488,-86,-13,8,0.3140,739.50,733.00,67.00,28.00,807.00,376.00,50.00,52.00,0.0000,363.33,0,0,0.0000,NOT_RUN,0,241,205,0,2,100,86,0,0,0,0
30,0,1,0,NEGATIVE_PEAK,-4.1406,1.0230,-89,-1,1,0.5730,739.50,733.00,67.00,28.00,800.50,364.00,49.00,50.00,0.0000,374.01,0,0,0.0000,NOT_RUN,0,415,266,0,2,100,89,0,0,0,0
31,0,1,0,NEGATIVE_PEAK,-4.0866,1.1169,-86,9,-16,0.1744,739.50,733.00,67.00,28.00,799.50,359.50,37.00,59.00,0.0000,378.29,0,0,0.0000,NOT_RUN,0,351,181,0,2,100,86,0,0,0,0
32,0,1,0,NEGATIVE_PEAK,-3.9936,1.0000,-74,17,0,0.5946,739.50,733.00,67.00,28.00,802.50,349.00,31.00,66.00,0.0000,389.13,0,0,0.0000,NOT_RUN,0,316,183,0,2,100,74,0,0,0,0
33,0,1,0,LOW_PSR,4.0527,1.0128,79,-2,9,0.3418,739.50,733.00,67.00,28.00,799.50,343.00,29.00,64.00,0.0000,394.59,0,0,0.0000,NOT_RUN,0,354,326,0,2,100,79,0,0,0,0
34,0,1,0,NEGATIVE_PEAK,-4.0911,1.0533,-79,-13,9,0.4684,739.50,733.00,67.00,28.00,797.00,341.00,34.00,58.00,0.0000,396.19,0,0,0.0000,NOT_RUN,0,309,247,0,2,100,79,0,0,0,0
35,0,1,0,LOW_PSR,4.4243,1.0602,88,-1,9,0.1591,739.50,733.00,67.00,28.00,789.00,343.50,50.00,47.00,0.0000,392.63,0,0,0.0000,NOT_RUN,0,227,249,0,2,100,88,0,0,0,0
36,0,1,0,NEGATIVE_PEAK,-4.7235,1.3562,-99,-1,2,0.2424,739.50,733.00,67.00,28.00,781.00,350.00,58.00,36.00,0.0000,385.24,0,0,0.0000,NOT_RUN,0,477,430,0,2,100,99,0,0,0,0
37,0,1,0,NEGATIVE_PEAK,-3.7126,1.0588,-72,-2,1,0.5972,739.50,733.00,67.00,28.00,773.00,363.50,64.00,25.00,0.0000,371.02,0,0,0.0000,NOT_RUN,0,291,215,0,2,100,72,0,0,0,0
38,0,1,0,NEGATIVE_PEAK,-4.2533,1.0455,-92,-13,8,0.2391,739.50,733.00,67.00,28.00,760.50,382.00,57.00,44.00,0.0000,351.63,0,0,0.0000,NOT_RUN,0,399,193,0,2,100,92,0,0,0,0
39,0,1,0,NEGATIVE_PEAK,-4.2775,1.0633,-84,-2,1,0.6786,739.50,733.00,67.00,28.00,743.00,409.00,52.00,48.00,0.0000,324.02,0,0,0.0000,NOT_RUN,0,336,242,0,2,100,84,0,0,0,0
40,0,1,0,NEGATIVE_PEAK,-4.2071,1.1220,-92,-1,1,0.5000,739.50,733.00,67.00,28.00,730.00,434.00,42.00,58.00,0.0000,299.15,0,0,0.0000,NOT_RUN,0,434,307,0,2,100,92,0,0,0,0
41,0,1,0,NEGATIVE_PEAK,-4.9841,1.1279,-97,-1,1,0.6495,739.50,733.00,67.00,28.00,727.00,446.00,36.00,64.00,0.0000,287.27,0,0,0.0000,NOT_RUN,0,290,258,0,2,100,97,0,0,0,0
42,0,1,0,NEGATIVE_PEAK,-3.6994,1.0000,-67,12,-5,0.5672,739.50,733.00,67.00,28.00,724.00,460.50,28.00,69.00,0.0000,272.94,0,0,0.0000,NOT_RUN,0,214,268,0,2,100,67,0,0,0,0
43,0,1,0,NEGATIVE_PEAK,-4.8265,1.2658,-100,-2,1,0.3200,739.50,733.00,67.00,28.00,728.00,479.50,24.00,69.00,0.0000,253.76,0,0,0.0000,NOT_RUN,0,326,271,0,2,100,100,0,0,0,0
44,0,1,0,LOW_PSR,4.4443,1.0805,94,-1,9,0.4149,739.50,733.00,67.00,28.00,722.50,492.00,29.00,66.00,0.0000,241.60,0,0,0.0000,NOT_RUN,0,245,231,0,2,100,94,0,0,0,0
45,0,1,0,LOW_PSR,4.2589,1.0494,85,9,-2,0.2000,739.50,733.00,67.00,28.00,702.00,495.50,54.00,49.00,0.0000,240.44,0,0,0.0000,NOT_RUN,0,345,225,0,2,100,85,0,0,0,0
46,0,1,0,NEGATIVE_PEAK,-4.1020,1.0400,-78,15,5,0.6410,739.50,733.00,67.00,28.00,674.50,493.50,65.00,29.00,0.0000,248.16,0,0,0.0000,NOT_RUN,0,227,254,0,2,100,78,0,0,0,0
47,0,1,0,LOW_PSR,3.7166,1.0143,71,-1,9,0.5070,739.50,733.00,67.00,28.00,640.00,489.00,68.00,24.00,0.0000,263.51,0,0,0.0000,NOT_RUN,0,263,275,0,2,100,71,0,0,0,0
48,0,1,0,NEGATIVE_PEAK,-3.9974,1.0571,-74,-2,0,0.6351,739.50,733.00,67.00,28.00,590.50,476.00,65.00,26.00,0.0000,297.07,0,0,0.0000,NOT_RUN,0,380,187,0,2,100,74,0,0,0,0
49,0,1,0,NEGATIVE_PEAK,-5.3060,1.1795,-92,-2,1,0.3478,739.50,733.00,67.00,28.00,551.50,454.50,59.00,35.00,0.0000,336.02,0,0,0.0000,NOT_RUN,0,177,409,0,2,100,92,0,0,0,0
50,0,1,0,NEGATIVE_PEAK,-4.0577,1.1549,-82,9,-16,0.2073,739.50,733.00,67.00,28.00,502.00,423.00,56.00,44.00,0.0000,390.52,0,0,0.0000,NOT_RUN,0,416,391,0,2,100,82,0,0,0,0
51,0,1,0,LOW_PSR,4.1167,1.0698,92,-2,9,0.2065,739.50,733.00,67.00,28.00,483.50,386.50,45.00,57.00,0.0000,430.81,0,0,0.0000,NOT_RUN,0,469,192,0,2,100,92,0,0,0,0
52,0,1,0,NEGATIVE_PEAK,-4.2257,1.2424,-82,-13,8,0.4024,739.50,733.00,67.00,28.00,482.50,365.50,29.00,67.00,0.0000,448.45,0,0,0.0000,NOT_RUN,0,317,299,0,2,100,82,0,0,0,0
53,0,1,0,LOW_PSR,4.4240,1.2836,86,-2,9,0.4767,739.50,733.00,67.00,28.00,482.50,337.00,33.00,68.00,0.0000,472.09,0,0,0.0000,NOT_RUN,0,277,222,0,2,100,86,0,0,0,0
54,0,1,0,LOW_PSR,4.2557,1.1690,83,0,10,0.2169,739.50,733.00,67.00,28.00,470.50,326.50,47.00,61.00,0.0000,487.45,0,0,0.0000,NOT_RUN,0,362,198,0,2,100,83,0,0,0,0
55,0,1,0,LOW_PSR,3.6075,1.0159,64,7,-12,0.5312,739.50,733.00,67.00,28.00,465.00,323.50,54.00,51.00,0.0000,492.99,0,0,0.0000,NOT_RUN,0,249,188,0,2,100,64,0,0,0,0
56,0,1,0,LOW_PSR,4.1282,1.1270,71,-1,9,0.3380,739.50,733.00,67.00,28.00,437.50,316.50,59.00,41.00,0.0000,514.47,0,0,0.0000,NOT_RUN,0,292,161,0,2,100,71,0,0,0,0
57,0,1,0,NEGATIVE_PEAK,-3.8224,1.0000,-78,7,7,0.4487,739.50,733.00,67.00,28.00,401.50,300.50,63.00,37.00,0.0000,548.91,0,0,0.0000,NOT_RUN,0,372,248,0,2,100,78,0,0,0,0
58,0,1,0,NEGATIVE_PEAK,-4.3897,1.0921,-83,-13,9,0.2892,739.50,733.00,67.00,28.00,354.00,289.00,64.00,34.00,0.0000,588.00,0,0,0.0000,NOT_RUN,0,219,262,0,2,100,83,0,0,0,0
59,0,1,0,NEGATIVE_PEAK,-3.9332,1.0533,-79,-2,1,0.3544,739.50,733.00,67.00,28.00,301.50,274.00,63.00,36.00,0.0000,634.45,0,0,0.0000,NOT_RUN,0,241,180,0,2,100,79,0,0,0,0
60,0,1,0,LOW_PSR,3.8133,1.0274,75,0,17,0.1733,739.50,733.00,67.00,28.00,284.50,265.00,61.00,40.00,0.0000,652.72,0,0,0.0000,NOT_RUN,0,242,146,0,2,100,75,0,0,0,0
61,0,1,0,LOW_PSR,4.4082,1.0875,87,8,-2,0.3678,739.50,733.00,67.00,28.00,282.50,268.00,65.00,38.00,0.0000,651.98,0,0,0.0000,NOT_RUN,0,315,225,0,2,100,87,0,0,0,0
62,0,1,0,NEGATIVE_PEAK,-4.8003,1.2024,-101,-13,8,0.3267,739.50,733.00,67.00,28.00,279.50,280.00,71.00,24.00,0.0000,645.61,0,0,0.0000,NOT_RUN,0,349,234,0,2,100,101,0,0,0,0
63,0,1,0,LOW_PSR,4.0842,1.0714,75,2,3,0.3600,739.50,733.00,67.00,28.00,268.00,293.00,66.00,30.00,0.0000,644.91,0,0,0.0000,NOT_RUN,0,363,215,0,2,100,75,0,0,0,0
64,0,1,0,LOW_PSR,4.6855,1.1852,96,0,9,0.3125,739.50,733.00,67.00,28.00,249.50,310.00,61.00,38.00,0.0000,647.32,0,0,0.0000,NOT_RUN,0,274,230,0,2,100,96,0,0,0,0
65,0,1,0,LOW_PSR,3.5860,1.0580,73,7,-12,0.3836,739.50,733.00,67.00,28.00,234.50,337.50,57.00,47.00,0.0000,641.44,0,0,0.0000,NOT_RUN,0,472,166,0,2,100,73,0,0,0,0
66,0,1,0,LOW_PSR,4.1921,1.1833,71,-1,9,0.0423,739.50,733.00,67.00,28.00,230.50,346.50,55.00,49.00,0.0000,639.11,0,0,0.0000,NOT_RUN,0,231,205,0,2,100,71,0,0,0,0
67,0,1,0,NEGATIVE_PEAK,-4.6186,1.2647,-86,-13,8,0.2442,739.50,733.00,67.00,28.00,230.50,360.50,59.00,47.00,0.0000,630.74,0,0,0.0000,NOT_RUN,0,315,162,0,2,100,86,0,0,0,0
68,0,1,0,LOW_PSR,4.7602,1.3239,94,-1,9,0.1489,739.50,733.00,67.00,28.00,226.50,359.00,61.00,46.00,0.0000,634.86,0,0,0.0000,NOT_RUN,0,239,264,0,2,100,94,0,0,0,0
69,0,1,0,NEGATIVE_PEAK,-3.5015,1.0149,-68,-13,9,0.7059,739.50,733.00,67.00,28.00,232.50,345.00,69.00,28.00,0.0000,638.43,0,0,0.0000,NOT_RUN,0,352,285,0,2,100,68,0,0,0,0
70,0,1,0,NEGATIVE_PEAK,-4.5982,1.2000,-90,-2,1,0.5111,739.50,733.00,67.00,28.00,250.00,332.00,68.00,34.00,0.0000,632.78,0,0,0.0000,NOT_RUN,0,361,201,0,2,100,90,0,0,0,0
71,0,1,0,NEGATIVE_PEAK,-3.6764,1.1163,-48,-2,1,0.5625,739.50,733.00,67.00,28.00,268.00,318.50,48.00,55.00,0.0000,627.79,0,0,0.0000,NOT_RUN,0,287,3082,0,2,100,48,0,0,0,0
72,0,1,0,NEGATIVE_PEAK,-4.4919,1.3108,-97,18,0,0.0928,739.50,733.00,67.00,28.00,280.50,299.50,29.00,67.00,0.0000,631.35,0,0,0.0000,NOT_RUN,0,300,4478,0,2,100,97,0,0,0,0
73,0,1,0,LOW_PSR,4.3195,1.1320,223,2,-9,0.2197,739.50,733.00,67.00,28.00,296.00,285.00,30.00,68.00,0.0000,630.39,0,0,0.0000,NOT_RUN,0,689,4135,0,2,100,223,0,0,0,0
74,0,1,0,LOW_PSR,4.1192,1.1574,228,15,19,0.3289,739.50,733.00,67.00,28.00,323.00,257.00,36.00,66.00,0.0000,632.49,0,0,0.0000,NOT_RUN,0,960,3868,0,2,100,228,0,0,0,0
75,0,1,0,NEGATIVE_PEAK,-4.0597,1.1972,-261,9,0,0.4330,739.50,733.00,67.00,28.00,338.00,227.50,32.00,69.00,0.0000,645.55,0,0,0.0000,NOT_RUN,0,1192,3587,0,2,100,261,0,0,0,0
76,0,1,0,NEGATIVE_PEAK,-4.1593,1.0266,-270,6,-6,0.1111,739.50,733.00,67.00,28.00,340.00,223.00,34.00,66.00,0.0000,647.84,0,0,0.0000,NOT_RUN,0,864,3157,0,2,100,270,0,0,0,0
77,0,1,0,NEGATIVE_PEAK,-5.1318,1.1822,-253,0,0,1.0000,739.50,733.00,67.00,28.00,339.50,222.50,33.00,67.00,0.0000,648.54,0,0,0.0000,NOT_RUN,0,593,2894,0,2,100,253,0,0,0,0
78,0,1,0,NEGATIVE_PEAK,-4.8413,1.1133,-167,-2,6,0.1018,739.50,733.00,67.00,28.00,339.50,227.00,35.00,64.00,0.0000,645.01,0,0,0.0000,NOT_RUN,0,413,2245,0,2,100,167,0,0,0,0
79,0,1,0,NEGATIVE_PEAK,-5.4522,1.3150,-167,-5,6,0.0838,739.50,733.00,67.00,28.00,343.00,239.00,52.00,50.00,0.0000,633.44,0,0,0.0000,NOT_RUN,0,314,1998,0,2,100,167,0,0,0,0
80,0,1,0,NEGATIVE_PEAK,-4.9804,1.1453,-134,-7,6,0.0970,739.50,733.00,67.00,28.00,346.00,245.50,62.00,39.00,0.0000,626.50,0,0,0.0000,NOT_RUN,0,279,1725,0,2,100,134,0,0,0,0
81,0,1,0,NEGATIVE_PEAK,-4.6684,1.1400,-114,-8,7,0.0439,739.50,733.00,67.00,28.00,352.00,255.00,66.00,24.00,0.0000,615.34,0,0,0.0000,NOT_RUN,0,253,1486,0,2,100,114,0,0,0,0
82,0,1,0,NEGATIVE_PEAK,-4.6629,1.1649,-113,-8,7,0.1416,739.50,733.00,67.00,28.00,367.50,259.00,69.00,22.00,0.0000,602.54,0,0,0.0000,NOT_RUN,0,249,1291,0,2,100,113,0,0,0,0
83,0,1,0,NEGATIVE_PEAK,-4.5997,1.0484,-65,-18,23,0.0769,739.50,733.00,67.00,28.00,392.00,265.50,70.00,23.00,0.0000,582.51,0,0,0.0000,NOT_RUN,0,164,294,0,2,100,65,0,0,0,0
84,0,1,0,LOW_PSR,4.2425,1.2000,48,-1,9,0.1250,739.50,733.00,67.00,28.00,431.00,271.50,70.00,21.00,0.0000,555.12,0,0,0.0000,NOT_RUN,0,139,498,0,2,100,48,0,0,0,0
85,0,1,0,LOW_PSR,4.1272,1.1923,62,-1,9,0.0323,739.50,733.00,67.00,28.00,475.50,270.00,67.00,26.00,0.0000,532.98,0,0,0.0000,NOT_RUN,0,260,2180,0,2,100,62,0,0,0,0
86,0,1,0,LOW_PSR,4.2386,1.1379,66,-2,9,0.3788,739.50,733.00,67.00,28.00,512.00,256.50,64.00,37.00,0.0000,528.02,0,0,0.0000,NOT_RUN,0,229,2106,0,2,100,66,0,0,0,0
87,0,1,0,NEGATIVE_PEAK,-3.9982,1.0847,-64,7,7,0.1562,739.50,733.00,67.00,28.00,531.00,235.00,50.00,56.00,0.0000,539.89,0,0,0.0000,NOT_RUN,0,199,2311,0,2,100,64,0,0,0,0
88,0,1,0,LOW_PSR,4.6692,1.1081,82,-1,9,0.4268,739.50,733.00,67.00,28.00,540.50,208.50,37.00,65.00,0.0000,560.98,0,0,0.0000,NOT_RUN,0,204,2781,0,2,100,82,0,0,0,0
89,0,1,0,NEGATIVE_PEAK,-3.9941,1.0286,-72,7,6,0.2361,739.50,733.00,67.00,28.00,533.50,180.00,21.00,68.00,0.0000,590.12,0,0,0.0000,NOT_RUN,0,249,2977,0,2,100,72,0,0,0,0
90,0,1,0,LOW_PSR,3.4367,1.0149,68,-2,9,0.5882,739.50,733.00,67.00,28.00,526.00,163.50,34.00,65.00,0.0000,608.20,0,0,0.0000,NOT_RUN,0,390,2193,0,2,100,68,0,0,0,0
91,0,1,0,LOW_PSR,3.9016,1.0253,81,9,-2,0.1235,739.50,733.00,67.00,28.00,530.00,169.00,32.00,68.00,0.0000,601.65,0,0,0.0000,NOT_RUN,0,406,2129,0,2,100,81,0,0,0,0
92,0,1,0,NEGATIVE_PEAK,-4.0224,1.0923,-71,-13,8,0.2958,739.50,733.00,67.00,28.00,531.00,167.00,32.00,70.00,0.0000,603.18,0,0,0.0000,NOT_RUN,0,229,2019,0,2,100,71,0,0,0,0
93,0,1,0,NEGATIVE_PEAK,-4.0731,1.0130,-78,-2,1,0.5641,739.50,733.00,67.00,28.00,530.50,167.00,33.00,70.00,0.0000,603.35,0,0,0.0000,NOT_RUN,0,235,1658,0,2,100,78,0,0,0,0
94,0,1,0,NEGATIVE_PEAK,-4.3919,1.1486,-85,-13,8,0.0824,739.50,733.00,67.00,28.00,530.00,166.50,34.00,71.00,0.0000,604.00,0,0,0.0000,NOT_RUN,0,275,1319,0,2,100,85,0,0,0,0
95,0,1,0,NEGATIVE_PEAK,-3.8850,1.0112,-90,9,-16,0.2444,739.50,733.00,67.00,28.00,529.00,168.50,36.00,69.00,0.0000,602.47,0,0,0.0000,NOT_RUN,0,519,1372,0,2,100,90,0,0,0,0
96,0,1,0,NEGATIVE_PEAK,-3.6650,1.0625,-68,17,0,0.1471,739.50,733.00,67.00,28.00,528.50,168.50,35.00,69.00,0.0000,602.65,0,0,0.0000,NOT_RUN,0,195,1507,0,2,100,68,0,0,0,0
97,0,1,0,NEGATIVE_PEAK,-3.6269,1.0000,-70,9,20,0.4000,739.50,733.00,67.00,28.00,531.00,167.50,30.00,71.00,0.0000,602.71,0,0,0.0000,NOT_RUN,0,310,1090,0,2,100,70,0,0,0,0
98,0,1,0,LOW_PSR,3.7204,1.0676,79,6,-13,0.2405,739.50,733.00,67.00,28.00,530.50,167.50,29.00,71.00,0.0000,602.89,0,0,0.0000,NOT_RUN,0,390,913,0,2,100,79,0,0,0,0
99,0,1,0,LOW_PSR,3.9457,1.0441,71,6,-13,0.3803,739.50,733.00,67.00,28.00,530.50,168.50,25.00,73.00,0.0000,601.95,0,0,0.0000,NOT_RUN,0,334,630,0,2,100,71,0,0,0,0
100,0,1,0,NEGATIVE_PEAK,-4.8642,1.1948,-92,-2,1,0.0761,739.50,733.00,67.00,28.00,531.50,167.50,25.00,73.00,0.0000,602.54,0,0,0.0000,NOT_RUN,0,281,680,0,2,100,92,0,0,0,0
101,0,1,0,LOW_PSR,3.5665,1.0137,74,-1,9,0.2162,739.50,733.00,67.00,28.00,531.00,168.50,24.00,71.00,0.0000,601.77,0,0,0.0000,NOT_RUN,0,341,814,0,2,100,74,0,0,0,0
102,0,1,0,NEGATIVE_PEAK,-3.6260,1.0959,-80,-2,1,0.4625,739.50,733.00,67.00,28.00,531.50,167.00,25.00,72.00,0.0000,603.01,0,0,0.0000,NOT_RUN,0,463,534,0,2,100,80,0,0,0,0
103,0,1,0,NEGATIVE_PEAK,-4.1841,1.0375,-83,-1,1,0.3735,739.50,733.00,67.00,28.00,529.00,165.50,28.00,71.00,0.0000,605.28,0,0,0.0000,NOT_RUN,0,282,351,0,2,100,83,0,0,0,0
104,0,1,0,LOW_PSR,4.4081,1.1528,83,1,5,0.2771,739.50,733.00,67.00,28.00,527.00,166.50,32.00,69.00,0.0000,605.04,0,0,0.0000,NOT_RUN,0,300,225,0,2,100,83,0,0,0,0
105,0,1,0,NEGATIVE_PEAK,-4.3382,1.2113,-86,-2,1,0.1047,739.50,733.00,67.00,28.00,528.00,168.00,24.00,70.00,0.0000,603.29,0,0,0.0000,NOT_RUN,0,224,287,0,2,100,86,0,0,0,0
106,0,1,0,NEGATIVE_PEAK,-4.0261,1.0370,-84,-13,8,0.5357,739.50,733.00,67.00,28.00,527.50,169.00,25.00,68.00,0.0000,602.53,0,0,0.0000,NOT_RUN,0,436,627,0,2,100,84,0,0,0,0
107,0,1,0,LOW_PSR,3.7308,1.0000,66,8,-2,0.6364,739.50,733.00,67.00,28.00,530.00,169.50,30.00,65.00,0.0000,601.18,0,0,0.0000,NOT_RUN,0,172,204,0,2,100,66,0,0,0,0
108,0,1,0,NEGATIVE_PEAK,-4.2623,1.0972,-79,-2,1,0.3291,739.50,733.00,67.00,28.00,532.00,167.00,30.00,66.00,0.0000,602.84,0,0,0.0000,NOT_RUN,0,323,301,0,2,100,79,0,0,0,0
109,0,1,0,LOW_PSR,4.6511,1.2239,82,-1,9,0.1951,739.50,733.00,67.00,28.00,533.50,164.50,25.00,69.00,0.0000,604.67,0,0,0.0000,NOT_RUN,0,290,202,0,2,100,82,0,0,0,0
110,0,1,0,NEGATIVE_PEAK,-3.9127,1.0135,-75,-2,1,0.5333,739.50,733.00,67.00,28.00,534.50,162.50,25.00,67.00,0.0000,606.21,0,0,0.0000,NOT_RUN,0,266,382,0,2,100,75,0,0,0,0
111,0,1,0,NEGATIVE_PEAK,-6.1535,1.3718,-107,-2,2,0.0561,739.50,733.00,67.00,28.00,535.00,162.00,26.00,68.00,0.0000,606.52,0,0,0.0000,NOT_RUN,0,246,265,0,2,100,107,0,0,0,0
112,0,1,0,NEGATIVE_PEAK,-3.7521,1.1167,-67,7,6,0.0746,739.50,733.00,67.00,28.00,534.50,160.00,25.00,72.00,0.0000,608.57,0,0,0.0000,NOT_RUN,0,326,211,0,2,100,67,0,0,0,0
113,0,1,0,NEGATIVE_PEAK,-4.7627,1.0568,-93,-2,2,0.0323,739.50,733.00,67.00,28.00,537.50,162.00,29.00,68.00,0.0000,605.68,0,0,0.0000,NOT_RUN,0,246,202,0,2,100,93,0,0,0,0
114,0,1,0,LOW_PSR,4.5105,1.1039,85,-1,10,0.1059,739.50,733.00,67.00,28.00,525.50,168.50,27.00,61.00,0.0000,603.70,0,0,0.0000,NOT_RUN,0,226,213,0,2,100,85,0,0,0,0
115,0,1,0,NEGATIVE_PEAK,-4.1960,1.0694,-77,-13,8,0.0390,739.50,733.00,67.00,28.00,532.50,183.50,55.00,37.00,0.0000,587.20,0,0,0.0000,NOT_RUN,0,184,242,0,2,100,77,0,0,0,0
116,0,1,0,LOW_PSR,4.3705,1.0000,77,3,1,0.4675,739.50,733.00,67.00,28.00,536.50,183.50,61.00,25.00,0.0000,585.80,0,0,0.0000,NOT_RUN,0,211,301,0,2,100,77,0,0,0,0
117,0,1,0,LOW_PSR,4.6506,1.2581,78,-1,10,0.3846,739.50,733.00,67.00,28.00,537.00,183.50,60.00,25.00,0.0000,585.62,0,0,0.0000,NOT_RUN,0,247,261,0,2,100,78,0,0,0,0
118,0,1,0,NEGATIVE_PEAK,-3.8465,1.0597,-71,10,19,0.4225,739.50,733.00,67.00,28.00,537.00,181.00,62.00,24.00,0.0000,587.97,0,0,0.0000,NOT_RUN,0,219,279,0,2,100,71,0,0,0,0
119,0,1,0,LOW_PSR,4.6046,1.2254,87,-1,9,0.1494,739.50,733.00,67.00,28.00,537.00,179.50,64.00,23.00,0.0000,589.38,0,0,0.0000,NOT_RUN,0,332,134,0,2,100,87,0,0,0,0
120,0,1,0,NEGATIVE_PEAK,-3.5953,1.0000,-75,9,-16,0.6667,739.50,733.00,67.00,28.00,538.00,179.00,66.00,24.00,0.0000,589.51,0,0,0.0000,NOT_RUN,0,263,235,0,2,100,75,0,0,0,0
121,0,1,0,NEGATIVE_PEAK,-3.9340,1.0135,-75,-13,8,0.4800,739.50,733.00,67.00,28.00,537.50,177.00,63.00,30.00,0.0000,591.56,0,0,0.0000,NOT_RUN,0,288,232,0,2,100,75,0,0,0,0
122,0,1,0,LOW_PSR,4.2484,1.0132,77,3,1,0.2078,739.50,733.00,67.00,28.00,537.50,174.50,63.00,31.00,0.0000,593.91,0,0,0.0000,NOT_RUN,0,240,183,0,2,100,77,0,0,0,0
123,0,1,0,LOW_PSR,4.1615,1.0133,76,-2,9,0.3158,739.50,733.00,67.00,28.00,539.50,177.00,65.00,28.00,0.0000,590.88,0,0,0.0000,NOT_RUN,0,229,346,0,2,100,76,0,0,0,0
124,0,1,0,LOW_PSR,3.7046,1.0448,70,-2,-7,0.2571,739.50,733.00,67.00,28.00,538.50,178.00,65.00,26.00,0.0000,590.28,0,0,0.0000,NOT_RUN,0,381,276,0,2,100,70,0,0,0,0
125,0,1,0,NEGATIVE_PEAK,-3.4953,1.0308,-67,-13,9,0.5522,739.50,733.00,67.00,28.00,541.50,184.00,63.00,30.00,0.0000,583.61,0,0,0.0000,NOT_RUN,0,343,174,0,2,100,67,0,0,0,0
126,0,1,0,LOW_PSR,3.6073,1.0127,80,6,-13,0.4250,739.50,733.00,67.00,28.00,544.00,187.00,64.00,32.00,0.0000,579.95,0,0,0.0000,NOT_RUN,0,514,340,0,2,100,80,0,0,0,0
127,0,1,0,LOW_PSR,4.3917,1.0845,77,-1,9,0.1299,739.50,733.00,67.00,28.00,546.00,191.00,60.00,36.00,0.0000,575.51,0,0,0.0000,NOT_RUN,0,186,338,0,2,100,77,0,0,0,0
128,0,1,0,LOW_PSR,3.8149,1.0882,74,4,-3,0.4054,739.50,733.00,67.00,28.00,544.50,195.00,55.00,44.00,0.0000,572.25,0,0,0.0000,NOT_RUN,0,438,246,0,2,100,74,0,0,0,0
129,0,1,0,LOW_PSR,4.5059,1.2059,82,-1,9,0.2439,739.50,733.00,67.00,28.00,548.50,198.00,59.00,44.00,0.0000,568.07,0,0,0.0000,NOT_RUN,0,282,210,0,2,100,82,0,0,0,0
130,0,1,0,LOW_PSR,3.4848,1.0500,63,7,-13,0.3016,739.50,733.00,67.00,28.00,557.00,202.00,64.00,32.00,0.0000,561.49,0,0,0.0000,NOT_RUN,0,349,387,0,2,100,63,0,0,0,0
131,0,1,0,NEGATIVE_PEAK,-5.3796,1.4762,-93,-2,2,0.1720,739.50,733.00,67.00,28.00,570.50,203.00,67.00,28.00,0.0000,556.29,0,0,0.0000,NOT_RUN,0,186,227,0,2,100,93,0,0,0,0
132,0,1,0,LOW_PSR,4.2087,1.0119,85,7,-12,0.3412,739.50,733.00,67.00,28.00,588.00,207.00,66.00,24.00,0.0000,547.38,0,0,0.0000,NOT_RUN,0,375,184,0,2,100,85,0,0,0,0
133,0,1,0,NEGATIVE_PEAK,-4.9173,1.1084,-92,9,20,0.1848,739.50,733.00,67.00,28.00,588.50,211.50,65.00,29.00,0.0000,542.92,0,0,0.0000,NOT_RUN,0,202,196,0,2,100,92,0,0,0,0
134,0,1,0,LOW_PSR,3.7582,1.0000,71,3,1,0.1268,739.50,733.00,67.00,28.00,590.00,212.00,66.00,30.00,0.0000,542.03,0,0,0.0000,NOT_RUN,0,325,321,0,2,100,71,0,0,0,0
135,0,1,0,LOW_PSR,4.2583,1.1846,77,-1,9,0.3247,739.50,733.00,67.00,28.00,595.00,209.00,68.00,22.00,0.0000,543.56,0,0,0.0000,NOT_RUN,0,238,269,0,2,100,77,0,0,0,0
136,0,1,0,LOW_PSR,4.5815,1.1067,83,-1,10,0.2771,739.50,733.00,67.00,28.00,618.00,200.00,64.00,30.00,0.0000,546.67,0,0,0.0000,NOT_RUN,0,271,189,0,2,100,83,0,0,0,0
137,0,1,0,NEGATIVE_PEAK,-4.4858,1.1071,-93,-2,1,0.3118,739.50,733.00,67.00,28.00,647.50,193.00,63.00,38.00,0.0000,547.78,0,0,0.0000,NOT_RUN,0,287,407,0,2,100,93,0,0,0,0
138,0,1,0,LOW_PSR,3.8072,1.0794,68,18,-4,0.5441,739.50,733.00,67.00,28.00,663.50,184.50,67.00,31.00,0.0000,553.74,0,0,0.0000,NOT_RUN,0,300,231,0,2,100,68,0,0,0,0
139,0,1,0,LOW_PSR,4.0720,1.0972,79,-1,9,0.4684,739.50,733.00,67.00,28.00,661.50,185.00,67.00,26.00,0.0000,553.52,0,0,0.0000,NOT_RUN,0,335,384,0,2,100,79,0,0,0,0
140,0,1,0,NEGATIVE_PEAK,-4.8325,1.3881,-93,-1,1,0.8065,739.50,733.00,67.00,28.00,660.00,185.50,64.00,27.00,0.0000,553.24,0,0,0.0000,NOT_RUN,0,353,220,0,2,100,93,0,0,0,0
141,0,1,0,LOW_PSR,4.0861,1.0145,70,-1,10,0.4000,739.50,733.00,67.00,28.00,659.50,185.00,65.00,30.00,0.0000,553.81,0,0,0.0000,NOT_RUN,0,233,293,0,2,100,70,0,0,0,0
142,0,1,0,NEGATIVE_PEAK,-3.9055,1.0000,-73,-13,9,0.3973,739.50,733.00,67.00,28.00,658.00,186.50,66.00,29.00,0.0000,552.54,0,0,0.0000,NOT_RUN,0,229,218,0,2,100,73,0,0,0,0
143,0,1,0,NEGATIVE_PEAK,-4.5626,1.0652,-98,-13,8,0.3878,739.50,733.00,67.00,28.00,658.00,185.50,66.00,35.00,0.0000,553.53,0,0,0.0000,NOT_RUN,0,493,242,0,2,100,98,0,0,0,0
144,0,1,0,LOW_PSR,3.8353,1.0581,91,-2,9,0.3077,739.50,733.00,67.00,28.00,657.00,176.50,56.00,55.00,0.0000,562.58,0,0,0.0000,NOT_RUN,0,528,268,0,2,100,91,0,0,0,0
145,0,1,0,LOW_PSR,4.7021,1.2388,83,-1,8,0.2892,739.50,733.00,67.00,28.00,653.00,177.50,48.00,55.00,0.0000,562.19,0,0,0.0000,NOT_RUN,0,203,283,0,2,100,83,0,0,0,0
146,0,1,0,NEGATIVE_PEAK,-3.8362,1.0139,-73,-13,8,0.4110,739.50,733.00,67.00,28.00,654.00,174.50,50.00,53.00,0.0000,565.01,0,0,0.0000,NOT_RUN,0,318,265,0,2,100,73,0,0,0,0
147,0,1,0,LOW_PSR,4.3600,1.1039,85,-1,10,0.4118,739.50,733.00,67.00,28.00,658.50,175.50,55.00,47.00,0.0000,563.35,0,0,0.0000,NOT_RUN,0,368,182,0,2,100,85,0,0,0,0
148,0,1,0,LOW_PSR,4.0574,1.0000,76,0,4,0.1316,739.50,733.00,67.00,28.00,662.00,177.00,58.00,42.00,0.0000,561.38,0,0,0.0000,NOT_RUN,0,364,275,0,2,100,76,0,0,0,0
149,0,1,0,LOW_PSR,3.8811,1.0417,75,6,-13,0.2267,739.50,733.00,67.00,28.00,666.50,176.00,59.00,38.00,0.0000,561.76,0,0,0.0000,NOT_RUN,0,349,266,0,2,100,75,0,0,0,0
150,0,1,0,LOW_PSR,4.1321,1.1216,83,-1,10,0.6145,739.50,733.00,67.00,28.00,665.00,176.50,60.00,37.00,0.0000,561.46,0,0,0.0000,NOT_RUN,0,403,193,0,2,100,83,0,0,0,0
151,0,1,0,NEGATIVE_PEAK,-4.4329,1.1806,-85,-13,8,0.2941,739.50,733.00,67.00,28.00,665.50,177.50,63.00,37.00,0.0000,560.41,0,0,0.0000,NOT_RUN,0,187,319,0,2,100,85,0,0,0,0
152,0,1,0,NEGATIVE_PEAK,-4.7435,1.3571,-95,-13,8,0.2211,739.50,733.00,67.00,28.00,665.50,177.00,63.00,40.00,0.0000,560.90,0,0,0.0000,NOT_RUN,0,398,136,0,2,100,95,0,0,0,0
153,0,1,0,LOW_PSR,4.2271,1.0685,78,2,4,0.4359,739.50,733.00,67.00,28.00,667.00,178.50,66.00,37.00,0.0000,559.22,0,0,0.0000,NOT_RUN,0,296,243,0,2,100,78,0,0,0,0
154,0,1,0,NEGATIVE_PEAK,-3.9862,1.0263,-78,-1,0,0.8333,739.50,733.00,67.00,28.00,667.00,180.00,64.00,34.00,0.0000,557.73,0,0,0.0000,NOT_RUN,0,324,231,0,2,100,78,0,0,0,0
155,0,1,0,LOW_PSR,4.3704,1.1000,88,9,-2,0.1818,739.50,733.00,67.00,28.00,667.00,179.00,64.00,36.00,0.0000,558.72,0,0,0.0000,NOT_RUN,0,379,125,0,2,100,88,0,0,0,0
156,0,1,0,NEGATIVE_PEAK,-4.0513,1.0541,-78,13,-7,0.2564,739.50,733.00,67.00,28.00,669.00,178.50,64.00,37.00,0.0000,558.96,0,0,0.0000,NOT_RUN,0,255,200,0,2,100,78,0,0,0,0
157,0,1,0,LOW_PSR,4.3459,1.0253,81,-1,9,0.1111,739.50,733.00,67.00,28.00,667.50,178.50,65.00,35.00,0.0000,559.15,0,0,0.0000,NOT_RUN,0,257,234,0,2,100,81,0,0,0,0
158,0,1,0,LOW_PSR,4.2320,1.1765,80,7,-12,0.4625,739.50,733.00,67.00,28.00,666.50,179.00,63.00,36.00,0.0000,558.79,0,0,0.0000,NOT_RUN,0,297,262,0,2,100,80,0,0,0,0
159,0,1,0,LOW_PSR,4.0516,1.1639,71,-2,9,0.4085,739.50,733.00,67.00,28.00,667.00,178.00,62.00,36.00,0.0000,559.72,0,0,0.0000,NOT_RUN,0,243,315,0,2,100,71,0,0,0,0
160,0,1,0,NEGATIVE_PEAK,-4.4554,1.0211,-97,6,7,0.1959,739.50,733.00,67.00,28.00,668.50,178.50,61.00,37.00,0.0000,559.03,0,0,0.0000,NOT_RUN,0,330,149,0,2,100,97,0,0,0,0
161,0,1,0,NEGATIVE_PEAK,-3.7730,1.0128,-79,-13,8,0.4304,739.50,733.00,67.00,28.00,670.00,178.00,64.00,36.00,0.0000,559.33,0,0,0.0000,NOT_RUN,0,253,378,0,2,100,79,0,0,0,0
162,0,1,0,LOW_PSR,4.4316,1.0704,76,7,-12,0.2632,739.50,733.00,67.00,28.00,670.50,178.00,61.00,36.00,0.0000,559.27,0,0,0.0000,NOT_RUN,0,284,259,0,2,100,76,0,0,0,0
163,0,1,0,LOW_PSR,3.8429,1.0462,68,-1,10,0.2794,739.50,733.00,67.00,28.00,668.00,181.50,64.00,31.00,0.0000,556.12,0,0,0.0000,NOT_RUN,0,361,220,0,2,100,68,0,0,0,0
164,0,1,0,NEGATIVE_PEAK,-3.8675,1.0909,-72,-2,1,0.5000,739.50,733.00,67.00,28.00,663.50,185.50,67.00,23.00,0.0000,552.75,0,0,0.0000,NOT_RUN,0,328,254,0,2,100,72,0,0,0,0
165,0,1,0,LOW_PSR,4.3476,1.1220,92,-2,9,0.3696,739.50,733.00,67.00,28.00,663.00,189.00,70.00,24.00,0.0000,549.35,0,0,0.0000,NOT_RUN,0,347,192,0,2,100,92,0,0,0,0
166,0,1,0,LOW_PSR,4.3241,1.0563,75,-2,9,0.2267,739.50,733.00,67.00,28.00,662.00,192.50,68.00,31.00,0.0000,546.03,0,0,0.0000,NOT_RUN,0,214,262,0,2,100,75,0,0,0,0
167,0,1,0,NEGATIVE_PEAK,-3.7423,1.0159,-64,4,10,0.4844,739.50,733.00,67.00,28.00,660.50,198.50,65.00,37.00,0.0000,540.31,0,0,0.0000,NOT_RUN,0,229,215,0,2,100,64,0,0,0,0
168,0,1,0,LOW_PSR,4.6704,1.1507,84,-2,9,0.4643,739.50,733.00,67.00,28.00,661.50,206.00,63.00,38.00,0.0000,532.74,0,0,0.0000,NOT_RUN,0,287,160,0,2,100,84,0,0,0,0
169,0,1,0,NEGATIVE_PEAK,-4.4432,1.1184,-85,-13,8,0.1765,739.50,733.00,67.00,28.00,662.00,206.00,54.00,50.00,0.0000,532.67,0,0,0.0000,NOT_RUN,0,222,211,0,2,100,85,0,0,0,0
170,0,1,0,LOW_PSR,4.3641,1.0270,76,2,3,0.5132,739.50,733.00,67.00,28.00,663.50,206.50,35.00,61.00,0.0000,531.96,0,0,0.0000,NOT_RUN,0,238,335,0,2,100,76,0,0,0,0
171,0,1,0,LOW_PSR,3.7430,1.0519,81,-1,9,0.1358,739.50,733.00,67.00,28.00,664.50,206.50,33.00,63.00,0.0000,531.82,0,0,0.0000,NOT_RUN,0,349,233,0,2,100,81,0,0,0,0
172,0,1,0,LOW_PSR,4.5355,1.2429,87,6,-13,0.4943,739.50,733.00,67.00,28.00,664.50,207.00,27.00,64.00,0.0000,531.32,0,0,0.0000,NOT_RUN,0,333,211,0,2,100,87,0,0,0,0
173,0,1,0,NEGATIVE_PEAK,-3.8450,1.0563,-75,-2,1,0.5067,739.50,733.00,67.00,28.00,663.00,207.00,26.00,64.00,0.0000,531.53,0,0,0.0000,NOT_RUN,0,253,315,0,2,100,75,0,0,0,0
174,0,1,0,NEGATIVE_PEAK,-3.8126,1.0132,-77,-2,1,0.3636,739.50,733.00,67.00,28.00,664.00,207.00,26.00,64.00,0.0000,531.39,0,0,0.0000,NOT_RUN,0,326,249,0,2,100,77,0,0,0,0
175,0,1,0,LOW_PSR,4.6317,1.1000,77,7,-12,0.1169,739.50,733.00,67.00,28.00,664.00,208.00,28.00,64.00,0.0000,530.40,0,0,0.0000,NOT_RUN,0,218,222,0,2,100,77,0,0,0,0
176,0,1,0,NEGATIVE_PEAK,-4.2393,1.0658,-81,-2,1,0.4198,739.50,733.00,67.00,28.00,665.00,208.00,30.00,64.00,0.0000,530.26,0,0,0.0000,NOT_RUN,0,252,235,0,2,100,81,0,0,0,0
177,0,1,0,LOW_PSR,3.9659,1.1364,75,0,17,0.5200,739.50,733.00,67.00,28.00,678.50,230.00,41.00,58.00,0.0000,506.69,0,0,0.0000,NOT_RUN,0,298,203,0,2,100,75,0,0,0,0
178,0,1,0,LOW_PSR,4.6669,1.1096,81,-2,9,0.0370,739.50,733.00,67.00,28.00,681.00,235.50,46.00,55.00,0.0000,500.93,0,0,0.0000,NOT_RUN,0,205,248,0,2,100,81,0,0,0,0
179,0,1,0,NEGATIVE_PEAK,-3.6250,1.0120,-84,-2,0,0.5357,739.50,733.00,67.00,28.00,688.50,242.00,47.00,54.00,0.0000,493.64,0,0,0.0000,NOT_RUN,0,475,279,0,2,100,84,0,0,0,0
180,0,1,0,NEGATIVE_PEAK,-3.7789,1.0533,-79,17,0,0.0127,739.50,733.00,67.00,28.00,702.00,250.00,50.00,52.00,0.0000,484.45,0,0,0.0000,NOT_RUN,0,477,179,0,2,100,79,0,0,0,0
181,0,1,0,NEGATIVE_PEAK,-4.7747,1.0988,-89,-2,1,0.4157,739.50,733.00,67.00,28.00,708.00,258.50,52.00,55.00,0.0000,475.54,0,0,0.0000,NOT_RUN,0,210,298,0,2,100,89,0,0,0,0
182,0,1,0,NEGATIVE_PEAK,-4.8904,1.2250,-98,-2,1,0.2245,739.50,733.00,67.00,28.00,728.50,286.50,45.00,59.00,0.0000,446.64,0,0,0.0000,NOT_RUN,0,349,237,0,2,100,98,0,0,0,0
183,0,1,0,NEGATIVE_PEAK,-4.1088,1.1139,-88,-13,8,0.5114,739.50,733.00,67.00,28.00,755.00,331.50,44.00,61.00,0.0000,401.80,0,0,0.0000,NOT_RUN,0,418,194,0,2,100,88,0,0,0,0
184,0,1,0,NEGATIVE_PEAK,-3.6936,1.0000,-63,9,21,0.5238,739.50,733.00,67.00,28.00,770.50,368.50,41.00,63.00,0.0000,365.82,0,0,0.0000,NOT_RUN,0,187,182,0,2,100,63,0,0,0,0
185,0,1,0,LOW_PSR,4.1023,1.0959,80,-1,9,0.6375,739.50,733.00,67.00,28.00,776.50,373.00,37.00,64.00,0.0000,361.90,0,0,0.0000,NOT_RUN,0,253,309,0,2,100,80,0,0,0,0
186,0,1,0,NEGATIVE_PEAK,-3.9646,1.1111,-80,-13,8,0.3375,739.50,733.00,67.00,28.00,785.00,381.50,50.00,55.00,0.0000,354.43,0,0,0.0000,NOT_RUN,0,327,210,0,2,100,80,0,0,0,0
187,0,1,0,NEGATIVE_PEAK,-4.3623,1.1507,-84,-2,2,0.1190,739.50,733.00,67.00,28.00,785.50,384.00,47.00,58.00,0.0000,352.02,0,0,0.0000,NOT_RUN,0,293,225,0,2,100,84,0,0,0,0
188,0,1,0,NEGATIVE_PEAK,-4.4066,1.2623,-77,-2,1,0.3377,739.50,733.00,67.00,28.00,791.00,391.00,48.00,56.00,0.0000,345.86,0,0,0.0000,NOT_RUN,0,282,310,0,2,100,77,0,0,0,0
189,0,1,0,NEGATIVE_PEAK,-5.0745,1.4308,-93,-2,1,0.5161,739.50,733.00,67.00,28.00,795.00,398.50,42.00,61.00,0.0000,339.07,0,0,0.0000,NOT_RUN,0,265,218,0,2,100,93,0,0,0,0
190,0,1,0,LOW_PSR,4.1501,1.0526,80,-1,9,0.2125,739.50,733.00,67.00,28.00,795.50,405.00,33.00,64.00,0.0000,332.75,0,0,0.0000,NOT_RUN,0,265,193,0,2,100,80,0,0,0,0
191,0,1,0,NEGATIVE_PEAK,-3.6649,1.0685,-78,9,-16,0.3077,739.50,733.00,67.00,28.00,795.00,406.00,24.00,66.00,0.0000,331.68,0,0,0.0000,NOT_RUN,0,426,365,0,2,100,78,0,0,0,0
192,0,1,0,LOW_PSR,4.4398,1.1918,87,-1,9,0.2299,739.50,733.00,67.00,28.00,795.00,404.00,22.00,64.00,0.0000,333.65,0,0,0.0000,NOT_RUN,0,337,145,0,2,100,87,0,0,0,0
193,0,1,0,LOW_PSR,4.0739,1.0417,75,3,-3,0.5467,739.50,733.00,67.00,28.00,795.50,405.00,23.00,64.00,0.0000,332.75,0,0,0.0000,NOT_RUN,0,272,348,0,2,100,75,0,0,0,0
194,0,1,0,NEGATIVE_PEAK,-3.5829,1.0263,-78,-1,1,0.4103,739.50,733.00,67.00,28.00,777.50,407.00,45.00,52.00,0.0000,328.21,0,0,0.0000,NOT_RUN,0,300,199,0,2,100,78,0,0,0,0
195,0,1,0,NEGATIVE_PEAK,-4.9650,1.2468,-96,-1,1,0.4583,739.50,733.00,67.00,28.00,776.50,410.50,51.00,47.00,0.0000,324.62,0,0,0.0000,NOT_RUN,0,272,285,0,2,100,96,0,0,0,0
196,0,1,0,LOW_PSR,3.8423,1.0417,75,7,-12,0.2267,739.50,733.00,67.00,28.00,775.00,410.50,58.00,43.00,0.0000,324.45,0,0,0.0000,NOT_RUN,0,345,221,0,2,100,75,0,0,0,0
197,0,1,0,NEGATIVE_PEAK,-4.0336,1.0556,-76,10,20,0.4605,739.50,733.00,67.00,28.00,772.50,411.50,57.00,43.00,0.0000,323.19,0,0,0.0000,NOT_RUN,0,200,240,0,2,100,76,0,0,0,0
198,0,1,0,NEGATIVE_PEAK,-4.2760,1.1739,-81,9,-16,0.5062,739.50,733.00,67.00,28.00,764.50,415.50,53.00,51.00,0.0000,318.48,0,0,0.0000,NOT_RUN,0,281,178,0,2,100,81,0,0,0,0
199,0,1,0,NEGATIVE_PEAK,-3.8003,1.0128,-79,-13,8,0.3418,739.50,733.00,67.00,28.00,758.00,433.00,46.00,56.00,0.0000,300.57,0,0,0.0000,NOT_RUN,0,389,191,0,2,100,79,0,0,0,0
200,0,1,0,LOW_PSR,4.3790,1.2000,96,-1,9,0.4375,739.50,733.00,67.00,28.00,748.50,456.00,35.00,66.00,0.0000,277.15,0,0,0.0000,NOT_RUN,0,370,380,0,2,100,96,0,0,0,0
201,0,1,0,NEGATIVE_PEAK,-3.8474,1.0000,-76,-13,8,0.2763,739.50,733.00,67.00,28.00,738.00,472.50,38.00,65.00,0.0000,260.50,0,0,0.0000,NOT_RUN,0,341,151,0,2,100,76,0,0,0,0
202,0,1,0,LOW_PSR,4.1495,1.0405,77,7,-2,0.2597,739.50,733.00,67.00,28.00,732.50,495.00,27.00,66.00,0.0000,238.10,0,0,0.0000,NOT_RUN,0,351,187,0,2,100,77,0,0,0,0
203,0,1,0,NEGATIVE_PEAK,-4.4370,1.1795,-92,-13,8,0.3478,739.50,733.00,67.00,28.00,735.00,515.50,20.00,69.00,0.0000,217.55,0,0,0.0000,NOT_RUN,0,277,291,0,2,100,92,0,0,0,0
204,0,1,0,NEGATIVE_PEAK,-3.7162,1.0127,-80,18,0,0.2875,739.50,733.00,67.00,28.00,749.50,565.00,29.00,62.00,0.0000,168.30,0,0,0.0000,NOT_RUN,0,336,195,0,2,100,80,0,0,0,0
205,0,1,0,NEGATIVE_PEAK,-4.2362,1.0779,-83,6,7,0.3976,739.50,733.00,67.00,28.00,776.00,603.50,40.00,55.00,0.0000,134.55,0,0,0.0000,NOT_RUN,0,398,253,0,2,100,83,0,0,0,0
206,0,1,0,NEGATIVE_PEAK,-4.2890,1.1299,-87,10,20,0.2529,739.50,733.00,67.00,28.00,809.00,619.00,60.00,32.00,0.0000,133.51,0,0,0.0000,NOT_RUN,0,214,194,0,2,100,87,0,0,0,0
207,0,1,0,NEGATIVE_PEAK,-3.6074,1.0769,-70,-2,1,0.3714,739.50,733.00,67.00,28.00,825.50,617.00,67.00,28.00,0.0000,144.40,0,0,0.0000,NOT_RUN,0,243,260,0,2,100,70,0,0,0,0
208,0,1,0,NEGATIVE_PEAK,-4.2804,1.1688,-90,-2,1,0.1667,739.50,733.00,67.00,28.00,828.50,616.50,69.00,23.00,0.0000,146.61,0,0,0.0000,NOT_RUN,0,265,206,0,2,100,90,0,0,0,0
209,0,1,0,LOW_PSR,4.5937,1.0964,91,-1,9,0.0989,739.50,733.00,67.00,28.00,835.00,605.50,68.00,29.00,0.0000,159.30,0,0,0.0000,NOT_RUN,0,302,205,0,2,100,91,0,0,0,0
210,0,1,0,NEGATIVE_PEAK,-4.6948,1.2222,-99,-2,1,0.5455,739.50,733.00,67.00,28.00,838.00,588.50,54.00,49.00,0.0000,174.88,0,0,0.0000,NOT_RUN,0,357,268,0,2,100,99,0,0,0,0
211,0,1,0,LOW_PSR,4.1209,1.0118,86,0,9,0.3721,739.50,733.00,67.00,28.00,845.00,571.50,46.00,55.00,0.0000,192.91,0,0,0.0000,NOT_RUN,0,309,176,0,2,100,86,0,0,0,0
212,0,1,0,NEGATIVE_PEAK,-3.6228,1.0143,-71,1,22,0.4366,739.50,733.00,67.00,28.00,850.50,558.00,45.00,56.00,0.0000,207.23,0,0,0.0000,NOT_RUN,0,255,234,0,2,100,71,0,0,0,0
213,0,1,0,NEGATIVE_PEAK,-4.0194,1.0357,-87,-2,1,0.4483,739.50,733.00,67.00,28.00,857.00,541.50,46.00,55.00,0.0000,224.67,0,0,0.0000,NOT_RUN,0,425,365,0,2,100,87,0,0,0,0
214,0,1,0,NEGATIVE_PEAK,-4.1921,1.1081,-82,-13,8,0.1098,739.50,733.00,67.00,28.00,857.50,516.50,35.00,65.00,0.0000,246.57,0,0,0.0000,NOT_RUN,0,296,252,0,2,100,82,0,0,0,0
215,0,1,0,LOW_PSR,4.8403,1.1477,101,-1,9,0.3168,739.50,733.00,67.00,28.00,854.50,482.50,23.00,69.00,0.0000,275.64,0,0,0.0000,NOT_RUN,0,318,225,0,2,100,101,0,0,0,0
216,0,1,0,LOW_PSR,4.0370,1.0417,75,-1,9,0.4267,739.50,733.00,67.00,28.00,849.50,435.00,21.00,70.00,0.0000,317.65,0,0,0.0000,NOT_RUN,0,380,229,0,2,100,75,0,0,0,0
217,0,1,0,NEGATIVE_PEAK,-4.1019,1.1061,-73,6,7,0.1370,739.50,733.00,67.00,28.00,844.50,387.50,21.00,67.00,0.0000,361.10,0,0,0.0000,NOT_RUN,0,269,250,0,2,100,73,0,0,0,0
218,0,1,0,LOW_PSR,4.2209,1.0667,80,18,-4,0.2125,739.50,733.00,67.00,28.00,838.00,357.00,22.00,68.00,0.0000,388.69,0,0,0.0000,NOT_RUN,0,311,190,0,2,100,80,0,0,0,0
219,0,1,1,ACCEPT,5.5158,1.5072,104,-2,9,0.2019,735.31,740.88,67.00,28.00,831.50,345.50,23.00,67.00,0.0000,406.91,1,-10,2.0324,MAX_STEP,0,300,177,32767,2,100,104,0,0,0,0
220,0,1,0,LOW_PSR,4.4113,1.0381,109,1,0,0.8532,735.31,740.88,67.00,28.00,811.50,334.00,49.00,56.00,0.0000,413.95,0,0,0.0000,NOT_RUN,0,310,363,0,2,100,109,0,0,0,0
221,0,1,0,NEGATIVE_PEAK,-4.2790,1.0270,-114,12,11,0.8684,735.31,740.88,67.00,28.00,784.00,318.00,60.00,42.00,0.0000,425.67,0,0,0.0000,NOT_RUN,0,372,352,0,2,100,114,0,0,0,0
222,0,1,0,NEGATIVE_PEAK,-5.2691,1.2952,-136,12,11,0.7059,735.31,740.88,67.00,28.00,740.50,303.50,63.00,35.00,0.0000,437.41,0,0,0.0000,NOT_RUN,0,289,330,0,2,100,136,0,0,0,0
223,0,1,0,NEGATIVE_PEAK,-4.2163,1.0891,-110,12,10,0.7091,735.31,740.88,67.00,28.00,717.50,283.50,49.00,51.00,0.0000,457.72,0,0,0.0000,NOT_RUN,0,322,226,0,2,100,110,0,0,0,0
224,0,1,0,NEGATIVE_PEAK,-4.7330,1.0305,-135,13,10,0.7037,735.31,740.88,67.00,28.00,716.00,280.00,46.00,54.00,0.0000,461.28,0,0,0.0000,NOT_RUN,0,346,141,0,2,100,135,0,0,0,0
0,0,0,0,ZERO_RESPONSE,0.0000,0.0000,0,0,0,0.0000,502.00,423.00,56.00,44.00,502.00,423.00,56.00,44.00,1.0000,0.00,1,0,0.0000,NOT_RUN,0,0,3220,25008,3,150,0,0,0,0,0
1,0,1,0,LOW_PSR,4.6483,1.1474,288,-12,-22,0.5174,502.00,423.00,56.00,44.00,483.50,386.50,45.00,57.00,0.0978,40.92,0,0,0.0000,NOT_RUN,0,918,1853,0,3,150,288,0,0,0,0
2,0,1,0,NEGATIVE_PEAK,-4.8683,1.0642,-116,-12,-18,0.0690,502.00,423.00,56.00,44.00,482.50,365.50,29.00,67.00,0.0000,60.72,0,0,0.0000,NOT_RUN,0,309,1199,0,3,150,116,0,0,0,0
3,0,1,1,ACCEPT,5.6008,1.3615,177,-7,-3,0.1073,489.75,418.88,56.00,44.00,482.50,337.00,33.00,68.00,0.0000,82.20,1,0,1.9054,LOW_CONF,0,453,5375,14686,3,150,177,0,0,0,0
4,0,1,0,NEGATIVE_PEAK,-6.3259,1.2167,-320,2,5,0.8250,489.75,418.88,56.00,44.00,470.50,326.50,47.00,61.00,0.0000,94.36,0,0,0.0000,NOT_RUN,0,538,4315,0,3,150,320,0,0,0,0
5,0,1,0,NEGATIVE_PEAK,-5.7650,1.2670,-280,3,5,0.8000,489.75,418.88,56.00,44.00,465.00,323.50,54.00,51.00,0.0000,98.53,0,0,0.0000,NOT_RUN,0,490,4087,0,3,150,280,0,0,0,0
6,0,1,0,NEGATIVE_PEAK,-5.6465,1.1647,-297,3,5,0.9562,489.75,418.88,56.00,44.00,437.50,316.50,59.00,41.00,0.0000,114.94,0,0,0.0000,NOT_RUN,0,615,3907,0,3,150,297,0,0,0,0
7,0,1,0,NEGATIVE_PEAK,-5.1695,1.0928,-259,2,4,0.9691,489.75,418.88,56.00,44.00,401.50,300.50,63.00,37.00,0.0000,147.65,0,0,0.0000,NOT_RUN,0,547,3001,0,3,150,259,0,0,0,0
8,0,1,0,NEGATIVE_PEAK,-6.5787,1.3480,-337,2,5,0.7953,489.75,418.88,56.00,44.00,354.00,289.00,64.00,34.00,0.0000,187.87,0,0,0.0000,NOT_RUN,0,543,3538,0,3,150,337,0,0,0,0
9,0,1,0,NEGATIVE_PEAK,-4.9739,1.0327,-253,2,5,0.9170,489.75,418.88,56.00,44.00,301.50,274.00,63.00,36.00,0.0000,237.54,0,0,0.0000,NOT_RUN,0,499,2415,0,3,150,253,0,0,0,0
10,0,1,1,ACCEPT,5.1390,1.0476,264,0,0,1.0000,489.75,418.88,56.00,44.00,284.50,265.00,61.00,40.00,0.0000,256.53,1,0,2.7037,ACCEPT,0,556,2354,32767,3,150,264,0,0,0,0
11,0,1,1,ACCEPT,6.7903,1.3684,650,0,0,1.0000,489.75,418.88,56.00,44.00,282.50,268.00,65.00,38.00,0.0000,256.35,1,-1,1.4272,LOW_CONF,0,1135,1670,32767,3,150,650,0,0,0,0
12,0,1,1,ACCEPT,7.5149,1.5675,569,0,0,1.0000,489.75,418.88,51.78,40.68,279.50,280.00,71.00,24.00,0.0000,251.97,1,-2,2.2451,ACCEPT,0,1099,1826,32767,3,150,569,0,0,0,0
13,0,1,1,ACCEPT,7.1425,1.3806,526,0,-1,0.9696,489.75,417.61,51.78,40.68,268.00,293.00,66.00,30.00,0.0000,254.36,1,-5,2.1097,MAX_STEP,0,994,1567,32767,3,150,526,0,0,0,0
14,0,1,1,ACCEPT,7.8610,1.5370,581,0,0,1.0000,489.75,417.61,49.78,39.12,249.50,310.00,61.00,38.00,0.0000,263.25,1,-1,2.5903,ACCEPT,0,1148,1506,32767,3,150,581,0,0,0,0
15,0,1,1,ACCEPT,7.9808,1.4182,529,0,1,0.8922,489.75,418.83,49.78,39.12,234.50,337.50,57.00,47.00,0.0000,267.89,1,0,2.3906,ACCEPT,0,1037,1290,32767,3,150,529,0,0,0,0
16,0,1,1,ACCEPT,9.2294,1.6170,629,0,0,1.0000,489.75,418.83,47.87,37.61,230.50,346.50,55.00,49.00,0.0000,269.15,1,-1,2.0664,ACCEPT,0,994,578,32767,3,150,629,0,0,0,0
17,0,1,1,ACCEPT,8.7363,1.5749,452,0,-1,0.9292,489.75,417.66,44.26,34.77,230.50,360.50,59.00,47.00,0.0000,265.48,1,-2,2.3652,ACCEPT,0,842,444,32767,3,150,452,0,0,0,0
18,0,1,1,ACCEPT,7.4134,1.3908,395,-1,1,0.9570,488.36,418.75,44.26,34.77,226.50,359.00,61.00,46.00,0.0000,268.59,1,-11,1.6763,MAX_STEP,0,817,525,32767,3,150,395,0,0,0,0
19,0,1,1,ACCEPT,7.9550,1.5016,479,1,0,0.8956,489.75,418.75,44.26,34.77,232.50,345.00,69.00,28.00,0.0000,267.61,1,6,2.3266,MAX_STEP,0,1052,1162,32767,3,150,479,0,0,0,0
20,0,1,1,ACCEPT,10.6263,2.2285,907,-1,0,0.9691,488.36,418.75,42.56,33.44,250.00,332.00,68.00,34.00,0.0000,253.65,1,-1,3.3095,ACCEPT,0,1435,1143,32767,3,150,907,0,0,0,0
21,0,1,1,ACCEPT,8.7411,1.8371,643,0,0,1.0000,488.36,418.75,42.56,33.44,268.00,318.50,48.00,55.00,0.0000,242.09,1,6,1.5270,MAX_STEP,0,1217,310,32767,3,150,643,0,0,0,0
22,0,1,1,ACCEPT,8.8742,1.7523,573,1,0,0.9040,489.69,418.75,42.56,33.44,280.50,299.50,29.00,67.00,0.0000,240.79,1,0,1.6836,LOW_CONF,0,1030,391,32767,3,150,573,0,0,0,0
23,0,1,1,ACCEPT,10.3479,1.9262,522,-1,0,0.9904,488.36,418.75,42.56,33.44,296.00,285.00,30.00,68.00,0.0000,234.29,1,-15,1.9995,MAX_STEP,0,773,408,32767,3,150,522,0,0,0,0
24,0,1,1,ACCEPT,9.9864,2.2218,591,1,0,0.9255,489.69,418.75,42.56,33.44,323.00,257.00,36.00,66.00,0.0000,232.27,1,1,1.6727,LOW_CONF,0,994,459,32767,3,150,591,0,0,0,0
25,0,1,1,ACCEPT,10.3042,1.7719,567,-1,0,0.9541,488.36,418.75,42.56,33.44,338.00,227.50,32.00,69.00,0.0000,243.28,1,-13,1.6573,MAX_STEP,0,773,341,32767,3,150,567,0,0,0,0
26,0,1,1,ACCEPT,11.6317,2.2883,762,1,0,0.9698,489.69,418.75,42.56,33.44,340.00,223.00,34.00,66.00,0.0000,246.42,1,5,1.7477,MAX_STEP,0,1196,329,32767,3,150,762,0,0,0,0
27,0,1,1,ACCEPT,12.5661,2.4399,771,-1,0,0.9572,488.36,418.75,42.56,33.44,339.50,222.50,33.00,67.00,0.0000,246.32,1,-15,1.3681,MAX_STEP,0,1105,405,32767,3,150,771,0,0,0,0
28,0,1,1,ACCEPT,13.2299,2.1918,914,1,0,0.9562,489.69,418.75,42.56,33.44,339.50,227.00,35.00,64.00,0.0000,243.57,1,-6,1.4709,MAX_STEP,0,1265,554,32767,3,150,914,0,0,0,0
29,0,1,1,ACCEPT,14.4416,2.8269,947,0,0,1.0000,489.69,418.75,42.56,33.44,343.00,239.00,52.00,50.00,0.0000,232.01,1,7,1.6898,MAX_STEP,0,1027,858,32767,3,150,947,0,0,0,0
30,0,1,1,ACCEPT,12.8634,2.5048,1042,-1,0,0.9453,488.36,418.75,40.92,32.15,346.00,245.50,62.00,39.00,0.0000,224.24,1,-1,2.1691,ACCEPT,0,1472,641,32767,3,150,1042,0,0,0,0
31,0,1,1,ACCEPT,12.2768,2.3122,1059,2,0,0.7129,490.92,418.75,40.92,32.15,352.00,255.00,66.00,24.00,0.0000,214.74,1,1,1.9336,LOW_CONF,0,1677,411,32767,3,150,1059,0,0,0,0
32,0,1,1,ACCEPT,13.2757,2.5221,1314,-1,0,0.9201,489.64,418.75,40.92,32.15,367.50,259.00,69.00,22.00,0.0000,201.09,1,7,1.9385,MAX_STEP,0,1856,557,32767,3,150,1314,0,0,0,0
33,0,1,1,ACCEPT,14.6961,2.6489,1245,0,0,1.0000,489.64,418.75,40.92,32.15,392.00,265.50,70.00,23.00,0.0000,181.71,1,0,1.5911,LOW_CONF,0,1409,410,32767,3,150,1245,0,0,0,0
34,0,1,1,ACCEPT,14.5047,2.5762,1167,0,0,1.0000,489.64,418.75,42.56,33.44,431.00,271.50,70.00,21.00,0.0000,158.50,1,1,2.2078,ACCEPT,0,1705,570,32767,3,150,1167,0,0,0,0
35,0,1,1,ACCEPT,15.6584,2.8195,1359,-1,0,0.8852,488.31,418.75,42.56,33.44,475.50,270.00,67.00,26.00,0.0000,149.30,1,-10,1.9290,MAX_STEP,0,1714,493,32767,3,150,1359,0,0,0,0
36,0,1,1,ACCEPT,16.0530,2.7545,1391,1,0,0.9324,489.64,418.75,42.56,33.44,512.00,256.50,64.00,37.00,0.0000,163.78,1,0,2.3732,ACCEPT,0,1494,476,32767,3,150,1391,0,0,0,0
37,0,1,1,ACCEPT,17.6606,3.8215,1349,-1,0,0.9325,488.31,418.75,42.56,33.44,531.00,235.00,50.00,56.00,0.0000,188.64,1,5,1.8335,MAX_STEP,0,1181,382,31052,3,150,1349,0,0,0,0
38,0,1,1,ACCEPT,18.1580,2.6071,1606,1,0,0.8904,489.64,418.75,42.56,33.44,540.50,208.50,37.00,65.00,0.0000,216.31,1,-11,2.0951,MAX_STEP,0,1657,458,31523,3,150,1606,0,0,0,0
39,0,1,1,ACCEPT,18.4518,2.6625,1925,-1,0,0.9439,488.31,418.75,42.56,33.44,533.50,180.00,21.00,68.00,0.0000,242.99,1,-9,1.3337,MAX_STEP,0,1773,687,25670,3,150,1925,0,0,0,0
40,0,1,1,ACCEPT,19.1234,3.5292,1694,1,0,0.9557,489.64,418.75,44.26,34.77,526.00,163.50,34.00,65.00,0.0000,257.83,1,1,2.3393,ACCEPT,0,1755,721,32767,3,150,1694,0,0,0,0
41,0,1,1,ACCEPT,17.3616,3.0301,1512,-1,0,0.9597,488.25,418.75,44.26,34.77,530.00,169.00,32.00,68.00,0.0000,253.22,1,15,1.2764,MAX_STEP,0,1409,458,32767,3,150,1512,0,0,0,0
42,0,1,1,ACCEPT,17.6779,2.7907,1387,1,0,0.9394,489.64,418.75,44.26,34.77,531.00,167.00,32.00,70.00,0.0000,255.12,1,0,3.1827,ACCEPT,0,1343,434,25643,3,150,1387,0,0,0,0
43,0,1,1,ACCEPT,19.3375,2.7512,1703,-1,0,0.9847,488.25,418.75,44.26,34.77,530.50,167.00,33.00,70.00,0.0000,255.27,1,-7,1.4888,MAX_STEP,0,1520,336,32768,3,150,1703,0,0,0,0
44,0,1,1,ACCEPT,19.4001,2.8582,1855,1,0,0.9046,489.64,418.75,44.26,34.77,530.00,166.50,34.00,71.00,0.0000,255.46,1,5,1.4799,MAX_STEP,0,1809,355,31368,3,150,1855,0,0,0,0
45,0,1,1,ACCEPT,18.6144,3.1851,1790,-1,0,0.9693,488.25,418.75,44.26,34.77,529.00,168.50,36.00,69.00,0.0000,253.55,1,0,2.1959,ACCEPT,0,1724,482,30479,3,150,1790,0,0,0,0
46,0,1,1,ACCEPT,21.1358,2.6942,1630,1,0,0.9276,489.64,418.75,44.26,34.77,528.50,168.50,35.00,69.00,0.0000,253.25,1,0,2.4652,ACCEPT,0,1393,449,32767,3,150,1630,0,0,0,0
47,0,1,1,ACCEPT,21.9725,3.4031,1300,-1,0,0.9531,488.25,418.75,44.26,34.77,531.00,167.50,30.00,71.00,0.0000,254.86,1,-14,1.5327,MAX_STEP,0,1083,491,32767,3,150,1300,0,0,0,0
48,0,1,1,ACCEPT,19.0243,3.0095,2212,1,0,0.8820,489.64,418.75,44.26,34.77,530.50,167.50,29.00,71.00,0.0000,254.55,1,0,1.7604,LOW_CONF,0,1974,522,23894,3,150,2212,0,0,0,0
49,0,1,1,ACCEPT,21.6006,3.4040,1525,-1,0,0.9607,488.25,418.75,44.26,34.77,530.50,168.50,25.00,73.00,0.0000,253.79,1,0,2.4989,ACCEPT,0,1246,416,29932,3,150,1525,0,0,0,0
50,0,1,1,ACCEPT,22.9686,3.7696,1538,1,0,0.9532,489.64,418.75,44.26,34.77,531.50,167.50,25.00,73.00,0.0000,254.71,1,-11,1.7868,MAX_STEP,0,1174,459,24471,3,150,1538,0,0,0,0
51,0,1,1,ACCEPT,21.4409,3.3269,1893,-1,0,0.9540,488.25,418.75,44.26,34.77,531.00,168.50,24.00,71.00,0.0000,253.88,1,-12,1.6141,MAX_STEP,0,1860,242,26016,3,150,1893,0,0,0,0
52,0,1,1,ACCEPT,19.9598,3.7644,1694,1,0,0.9351,489.64,418.75,44.26,34.77,531.50,167.00,25.00,72.00,0.0000,255.21,1,0,1.7071,LOW_CONF,0,1495,378,32767,3,150,1694,0,0,0,0
53,0,1,1,ACCEPT,23.3000,3.4518,2040,-1,0,0.9750,488.25,418.75,44.26,34.77,529.00,165.50,28.00,71.00,0.0000,256.51,1,5,1.4674,MAX_STEP,0,1642,465,27018,3,150,2040,0,0,0,0
54,0,1,1,ACCEPT,21.1521,4.5037,1815,1,0,0.9284,489.64,418.75,44.26,34.77,527.00,166.50,32.00,69.00,0.0000,255.00,1,3,1.7168,MAX_STEP,0,1615,375,32767,3,150,1815,0,0,0,0
55,0,1,1,ACCEPT,23.7813,3.2612,2035,-1,0,0.9204,488.25,418.75,42.56,33.44,528.00,168.00,24.00,70.00,0.0000,253.88,1,-1,2.3211,ACCEPT,0,1477,356,29023,3,150,2035,0,0,0,0
56,0,1,1,ACCEPT,21.2520,3.5392,1851,1,0,0.9298,489.58,418.75,42.56,33.44,527.50,169.00,25.00,68.00,0.0000,252.61,1,0,2.5481,ACCEPT,0,1520,360,25595,3,150,1851,0,0,0,0
57,0,1,1,ACCEPT,23.2760,4.3937,1384,-1,0,0.9032,488.25,418.75,42.56,33.44,530.00,169.50,30.00,65.00,0.0000,252.72,1,7,1.5909,MAX_STEP,0,969,351,32767,3,150,1384,0,0,0,0
58,0,1,1,ACCEPT,23.2544,3.7559,2062,1,0,0.9568,489.58,418.75,42.56,33.44,532.00,167.00,30.00,66.00,0.0000,255.30,1,0,1.9625,LOW_CONF,0,1582,290,30585,3,150,2062,0,0,0,0
59,0,1,1,ACCEPT,23.4955,3.6786,2152,-1,0,0.9266,488.25,418.75,42.56,33.44,533.50,164.50,25.00,69.00,0.0000,258.25,1,-11,1.9161,MAX_STEP,0,1661,535,28555,3,150,2152,0,0,0,0
60,0,1,1,ACCEPT,21.1983,2.9661,1925,1,0,0.9429,489.58,418.75,44.26,34.77,534.50,162.50,25.00,67.00,0.0000,260.16,1,1,2.1581,ACCEPT,0,1635,329,25504,3,150,1925,0,0,0,0
61,0,1,1,ACCEPT,23.7523,3.5081,1519,-1,0,0.9717,488.19,418.75,44.26,34.77,535.00,162.00,26.00,68.00,0.0000,260.98,1,1,1.6883,LOW_CONF,0,1048,390,32767,3,150,1519,0,0,0,0
62,0,1,1,ACCEPT,23.4387,3.1796,1806,1,0,0.9723,489.58,418.75,44.26,34.77,534.50,160.00,25.00,72.00,0.0000,262.62,1,0,2.3193,ACCEPT,0,1181,435,32767,3,150,1806,0,0,0,0
63,0,1,1,ACCEPT,23.8875,3.7480,2395,-1,0,0.9587,488.19,418.75,44.26,34.77,537.50,162.00,29.00,68.00,0.0000,261.44,1,15,1.2467,MAX_STEP,0,1725,474,32767,3,150,2395,0,0,0,0
64,0,1,1,ACCEPT,24.0199,4.0654,1866,1,0,0.9255,489.58,418.75,44.26,34.77,525.50,168.50,27.00,61.00,0.0000,252.82,1,0,2.0238,ACCEPT,0,1317,445,26765,3,150,1866,0,0,0,0
65,0,1,1,ACCEPT,26.6484,4.8422,1811,-1,0,0.9437,488.19,418.75,44.26,34.77,532.50,183.50,55.00,37.00,0.0000,239.39,1,16,1.8831,AT_SEARCH_RAIL,0,1123,399,32767,3,150,1811,0,0,0,0
66,0,1,1,ACCEPT,25.5304,4.0769,2173,1,0,0.8923,489.58,418.75,44.26,34.77,536.50,183.50,61.00,25.00,0.0000,239.88,1,0,2.4610,ACCEPT,0,1446,375,31882,3,150,2173,0,0,0,0
67,0,1,1,ACCEPT,25.2855,3.5942,1621,0,0,1.0000,489.58,418.75,44.26,34.77,537.00,183.50,60.00,25.00,0.0000,239.98,1,0,1.5610,LOW_CONF,0,1154,313,32767,3,150,1621,0,0,0,0
68,0,1,1,ACCEPT,28.4786,5.4852,1481,-1,0,0.9912,488.19,418.75,44.26,34.77,537.00,181.00,62.00,24.00,0.0000,242.71,1,-15,1.7416,MAX_STEP,0,983,354,28356,3,150,1481,0,0,0,0
69,0,1,1,ACCEPT,26.5630,3.7902,1463,1,0,0.9084,489.58,418.75,44.26,34.77,537.00,179.50,64.00,23.00,0.0000,243.90,1,0,2.9576,ACCEPT,0,951,509,32767,3,150,1463,0,0,0,0
70,0,1,1,ACCEPT,27.7959,4.2032,2358,-1,0,0.9589,488.19,418.75,44.26,34.77,538.00,179.00,66.00,24.00,0.0000,244.87,1,-14,2.2345,MAX_STEP,0,1671,496,31284,3,150,2358,0,0,0,0
71,0,1,1,ACCEPT,27.8598,5.1518,2478,1,0,0.9132,489.58,418.75,44.26,34.77,537.50,177.00,63.00,30.00,0.0000,246.45,1,0,2.0307,ACCEPT,0,1473,352,32584,3,150,2478,0,0,0,0
72,0,1,1,ACCEPT,24.5761,5.6833,2279,-1,0,0.9631,488.19,418.75,44.26,34.77,537.50,174.50,63.00,31.00,0.0000,249.18,1,0,2.7231,ACCEPT,0,1797,415,32767,3,150,2279,0,0,0,0
73,0,1,1,ACCEPT,30.0835,4.4474,1988,1,0,0.9588,489.58,418.75,44.26,34.77,539.50,177.00,65.00,28.00,0.0000,246.85,1,0,2.2545,ACCEPT,0,1133,684,32767,3,150,1988,0,0,0,0
74,0,1,1,ACCEPT,25.8775,4.1433,2515,-1,0,0.9511,488.19,418.75,44.26,34.77,538.50,178.00,65.00,26.00,0.0000,245.95,1,16,1.5166,AT_SEARCH_RAIL,0,1822,474,32767,3,150,2515,0,0,0,0
75,0,1,1,ACCEPT,26.5783,4.5525,2167,1,0,0.9132,489.58,418.75,44.26,34.77,541.50,184.00,63.00,30.00,0.0000,240.42,1,0,2.7682,ACCEPT,0,1243,803,32766,3,150,2167,0,0,0,0
76,0,1,1,ACCEPT,28.0119,4.5692,2312,-1,0,0.9278,488.19,418.75,44.26,34.77,544.00,187.00,64.00,32.00,0.0000,238.38,1,-1,1.5390,LOW_CONF,0,1449,426,32767,3,150,2312,0,0,0,0
77,0,1,1,ACCEPT,25.3132,4.3896,1611,1,0,0.9274,489.58,418.75,44.26,34.77,546.00,191.00,60.00,36.00,0.0000,234.63,1,0,2.3473,ACCEPT,0,1255,455,32767,3,150,1611,0,0,0,0
78,0,1,1,ACCEPT,25.5804,4.8131,2344,-1,0,0.9526,488.19,418.75,44.26,34.77,544.50,195.00,55.00,44.00,0.0000,230.73,1,1,1.4318,LOW_CONF,0,1399,666,32767,3,150,2344,0,0,0,0
79,0,1,1,ACCEPT,26.5431,4.8810,2748,1,0,0.9774,489.58,418.75,44.26,34.77,548.50,198.00,59.00,44.00,0.0000,228.48,1,0,2.1643,ACCEPT,0,1726,706,32767,3,150,2748,0,0,0,0
80,0,1,1,ACCEPT,29.3585,4.8754,2779,-1,0,0.9694,488.19,418.75,44.26,34.77,557.00,202.00,64.00,32.00,0.0000,227.41,1,0,1.7650,LOW_CONF,0,1521,395,32635,3,150,2779,0,0,0,0
81,0,1,1,ACCEPT,22.9477,4.4071,1851,1,0,0.9795,489.58,418.75,44.26,34.77,570.50,203.00,67.00,28.00,0.0000,230.43,1,0,2.8106,ACCEPT,0,1215,1310,32692,3,150,1851,0,0,0,0
82,0,1,1,ACCEPT,24.6192,6.3707,2389,-1,0,0.9213,488.19,418.75,44.26,34.77,588.00,207.00,66.00,24.00,0.0000,234.10,1,-14,1.3344,MAX_STEP,0,1617,1201,32767,3,150,2389,0,0,0,0
83,0,1,1,ACCEPT,15.0566,2.5965,1654,1,0,0.9534,489.58,418.75,44.26,34.77,588.50,211.50,65.00,29.00,0.0000,229.65,1,6,1.5930,MAX_STEP,0,1473,1742,26764,3,150,1654,0,0,0,0
84,0,1,1,ACCEPT,12.1268,2.3772,2004,-1,0,0.9860,488.19,418.75,44.26,34.77,590.00,212.00,66.00,30.00,0.0000,230.46,1,5,2.0042,MAX_STEP,0,2429,2052,28673,3,150,2004,0,0,0,0
85,0,1,1,ACCEPT,9.0442,1.2831,1124,1,0,0.9902,489.58,418.75,44.26,34.77,595.00,209.00,68.00,22.00,0.0000,234.75,1,0,3.0203,ACCEPT,0,1565,2223,28907,3,150,1124,0,0,0,0
86,0,1,1,ACCEPT,13.5464,2.1629,1049,-1,0,0.9304,488.19,418.75,44.26,34.77,618.00,200.00,64.00,30.00,0.0000,254.37,1,4,1.8955,MAX_STEP,0,1023,2847,10611,3,150,1049,0,0,0,0
87,0,1,1,ACCEPT,13.1657,2.3228,878,1,0,0.9658,489.58,418.75,44.26,34.77,647.50,193.00,63.00,38.00,0.0000,275.50,1,3,1.9689,MAX_STEP,0,1088,2049,15996,3,150,878,0,0,0,0
88,0,1,1,ACCEPT,13.8514,2.9153,688,-1,0,0.9041,488.19,418.75,44.26,34.77,663.50,184.50,67.00,31.00,0.0000,292.59,1,4,1.9863,MAX_STEP,0,689,2181,12724,3,150,688,0,0,0,0
89,0,1,1,ACCEPT,22.7471,5.2262,1155,1,0,0.9602,489.58,418.75,44.26,34.77,661.50,185.00,67.00,26.00,0.0000,290.17,1,4,1.8501,MAX_STEP,0,903,273,32768,3,150,1155,0,0,0,0
90,0,1,1,ACCEPT,24.5297,4.4401,1483,-1,0,0.9366,488.19,418.75,44.26,34.77,660.00,185.50,64.00,27.00,0.0000,289.70,1,-15,1.5811,MAX_STEP,0,1048,268,32767,3,150,1483,0,0,0,0
91,0,1,1,ACCEPT,28.5595,5.1661,1493,1,0,0.9457,489.58,418.75,44.26,34.77,659.50,185.00,65.00,30.00,0.0000,288.99,1,1,1.7801,LOW_CONF,0,850,766,32767,3,150,1493,0,0,0,0
92,0,1,1,ACCEPT,29.5394,5.0785,2265,-1,0,0.9678,488.19,418.75,47.87,37.61,658.00,186.50,66.00,29.00,0.0000,287.71,1,2,2.1357,ACCEPT,0,1188,1075,32768,3,150,2265,0,0,0,0
93,0,1,1,ACCEPT,21.3251,3.9113,2558,1,0,0.9113,489.69,418.75,46.03,36.16,658.00,185.50,66.00,35.00,0.0000,287.64,1,-1,2.2262,ACCEPT,0,1836,1104,32767,3,150,2558,0,0,0,0
94,0,1,1,ACCEPT,26.0606,6.4889,2933,0,0,1.0000,489.69,418.75,44.26,34.77,657.00,176.50,56.00,55.00,0.0000,294.41,1,-1,2.6209,ACCEPT,0,1631,1519,30976,3,150,2933,0,0,0,0
95,0,1,1,ACCEPT,27.2073,5.1547,3866,-1,0,0.9602,488.30,418.75,44.26,34.77,653.00,177.50,48.00,55.00,0.0000,292.11,1,15,1.2353,MAX_STEP,0,2673,1238,32767,3,150,3866,0,0,0,0
96,0,1,1,ACCEPT,25.3075,5.5543,2916,1,0,0.9218,489.69,418.75,44.26,34.77,654.00,174.50,50.00,53.00,0.0000,294.38,1,0,2.5708,ACCEPT,0,1817,1182,32767,3,150,2916,0,0,0,0
97,0,1,1,ACCEPT,28.3774,5.9667,3228,-1,0,0.9696,488.30,418.75,46.03,36.16,658.50,175.50,55.00,47.00,0.0000,296.88,1,1,2.5965,ACCEPT,0,1773,861,32767,3,150,3228,0,0,0,0
98,0,1,1,ACCEPT,30.6811,6.9220,2485,1,0,0.8455,489.73,418.75,46.03,36.16,662.00,177.00,58.00,42.00,0.0000,296.85,1,0,2.7751,ACCEPT,0,1414,339,32767,3,150,2485,0,0,0,0
99,0,1,1,ACCEPT,27.3559,4.3515,2241,0,0,1.0000,489.73,418.75,44.26,34.77,666.50,176.00,59.00,38.00,0.0000,300.29,1,-1,2.5981,ACCEPT,0,1383,603,32767,3,150,2241,0,0,0,0
100,0,1,1,ACCEPT,28.2678,6.7224,2373,-1,0,0.9520,488.34,418.75,44.26,34.77,665.00,176.50,60.00,37.00,0.0000,299.82,1,7,1.5813,MAX_STEP,0,1427,606,32767,3,150,2373,0,0,0,0
101,0,1,1,ACCEPT,25.4213,4.4516,1932,1,0,0.9379,489.73,418.75,44.26,34.77,665.50,177.50,63.00,37.00,0.0000,298.49,1,0,2.8437,ACCEPT,0,1398,840,32767,3,150,1932,0,0,0,0
102,0,1,1,ACCEPT,22.3056,4.9012,2083,-1,0,0.9213,488.34,418.75,44.26,34.77,665.50,177.00,63.00,40.00,0.0000,299.71,1,-14,1.0885,MAX_STEP,0,1453,984,32767,3,150,2083,0,0,0,0
103,0,1,1,ACCEPT,10.0352,1.9001,1655,0,0,1.0000,488.34,418.75,44.26,34.77,667.00,178.50,66.00,37.00,0.0000,299.40,1,0,2.4213,ACCEPT,0,2008,729,32767,3,150,1655,0,0,0,0
104,0,1,1,ACCEPT,6.6472,1.1186,943,1,0,0.9321,489.73,418.75,44.26,34.77,667.00,180.00,64.00,34.00,0.0000,297.36,1,-12,1.3310,MAX_STEP,0,1667,771,31406,3,150,943,0,0,0,0
105,0,1,1,ACCEPT,7.2372,1.2220,765,-1,0,0.8484,488.34,418.75,44.26,34.77,667.00,179.00,64.00,36.00,0.0000,299.00,1,15,1.1981,MAX_STEP,0,1096,2209,11116,3,150,765,0,0,0,0
106,0,1,1,ACCEPT,5.0663,1.1812,489,-1,-23,0.4110,486.95,393.59,44.26,34.77,669.00,178.50,64.00,37.00,0.0000,281.79,1,-5,1.5317,MAX_STEP,0,1046,2824,8869,3,150,489,0,0,0,0
107,0,1,0,LOW_PSR,4.0645,1.0286,1257,1,-5,0.4264,486.95,393.59,44.26,34.77,667.50,178.50,65.00,35.00,0.0000,280.82,0,0,0.0000,NOT_RUN,0,6077,2047,0,3,150,1257,0,0,0,0
108,0,1,0,LOW_PSR,3.9810,1.0160,1077,3,-2,0.4912,486.95,393.59,44.26,34.77,666.50,179.00,63.00,36.00,0.0000,279.80,0,0,0.0000,NOT_RUN,0,4307,1751,0,3,150,1077,0,0,0,0
109,0,1,0,NEGATIVE_PEAK,-4.4435,1.1152,-1249,-10,-4,0.6381,486.95,393.59,44.26,34.77,667.00,178.00,62.00,36.00,0.0000,280.89,0,0,0.0000,NOT_RUN,0,5374,1619,0,3,150,1249,0,0,0,0
110,0,1,0,NEGATIVE_PEAK,-5.0323,1.1933,-1346,-3,0,0.2481,486.95,393.59,44.26,34.77,668.50,178.50,61.00,37.00,0.0000,281.47,0,0,0.0000,NOT_RUN,0,4944,1303,0,3,150,1346,0,0,0,0
111,0,1,0,LOW_PSR,4.5179,1.0547,1311,-3,4,0.2166,486.95,393.59,44.26,34.77,670.00,178.00,64.00,36.00,0.0000,282.82,0,0,0.0000,NOT_RUN,0,6181,1182,0,3,150,1311,0,0,0,0
112,0,1,0,LOW_PSR,4.4615,1.0046,1319,2,-5,0.0265,486.95,393.59,44.26,34.77,670.50,178.00,61.00,36.00,0.0000,283.14,0,0,0.0000,NOT_RUN,0,5646,903,0,3,150,1319,0,0,0,0
113,0,1,1,ACCEPT,6.3429,1.1508,1786,-1,-3,0.1663,485.56,390.31,44.26,34.77,668.00,181.50,64.00,31.00,0.0000,277.28,1,-1,1.7012,LOW_CONF,0,3593,881,24544,3,150,1786,0,0,0,0
114,0,1,1,ACCEPT,9.5459,1.9536,1473,3,-7,0.1018,489.73,382.66,44.26,34.77,663.50,185.50,67.00,23.00,0.0000,262.80,1,-13,1.4016,MAX_STEP,0,1550,568,20428,3,150,1473,0,0,0,0
115,0,1,1,ACCEPT,12.3784,2.1876,1901,0,0,1.0000,489.73,382.66,44.26,34.77,663.00,189.00,70.00,24.00,0.0000,259.85,1,-4,1.4469,MAX_STEP,0,1857,1196,14842,3,150,1901,0,0,0,0
116,0,1,1,ACCEPT,10.4873,1.8247,1655,0,1,0.9196,489.73,383.75,44.26,34.77,662.00,192.50,68.00,31.00,0.0000,257.39,1,-5,1.4928,MAX_STEP,0,1714,1265,14764,3,150,1655,0,0,0,0
117,0,1,1,ACCEPT,10.6262,2.2583,1827,0,1,0.8199,489.73,384.84,42.56,33.44,660.50,198.50,65.00,37.00,0.0000,252.75,1,-1,2.1562,ACCEPT,0,1994,911,13090,3,150,1827,0,0,0,0
118,0,1,1,ACCEPT,12.7671,2.3741,2037,0,3,0.6829,489.73,387.98,40.92,32.15,661.50,206.00,63.00,38.00,0.0000,250.24,1,-1,2.4896,ACCEPT,0,1940,1166,13089,3,150,2037,0,0,0,0
119,0,1,1,ACCEPT,16.9014,2.8912,2897,-1,4,0.2440,488.45,391.98,39.34,30.91,662.00,206.00,54.00,50.00,0.0000,254.38,1,-1,2.5844,ACCEPT,0,2467,782,15737,3,150,2897,0,0,0,0
120,0,1,1,ACCEPT,16.2534,3.4661,2655,-1,3,0.5164,487.22,394.89,37.83,29.72,663.50,206.50,35.00,61.00,0.0000,258.00,1,-1,2.8961,ACCEPT,0,2325,937,16008,3,150,2655,0,0,0,0
121,0,1,1,ACCEPT,19.9079,4.2072,2924,0,1,0.9155,487.22,395.81,37.83,29.72,664.50,206.50,33.00,63.00,0.0000,259.36,1,0,2.9626,ACCEPT,0,2358,764,18482,3,150,2924,0,0,0,0
122,0,1,1,ACCEPT,20.1897,4.2751,3155,0,1,0.8574,487.22,396.73,37.83,29.72,664.50,207.00,27.00,64.00,0.0000,259.67,1,0,3.1247,ACCEPT,0,2447,672,20929,3,150,3155,0,0,0,0
123,0,1,1,ACCEPT,22.6657,4.8123,3590,-1,-1,0.9053,486.03,395.81,37.83,29.72,663.00,207.00,26.00,64.00,0.0000,258.78,1,0,3.0898,ACCEPT,0,2407,715,21918,3,150,3590,0,0,0,0
124,0,1,1,ACCEPT,25.6959,5.0618,3933,-1,0,0.9758,484.84,395.81,37.83,29.72,664.00,207.00,26.00,64.00,0.0000,260.28,1,0,3.0841,ACCEPT,0,2242,727,20747,3,150,3933,0,0,0,0
125,0,1,1,ACCEPT,29.2830,6.2116,3758,0,0,1.0000,484.84,395.81,37.83,29.72,664.00,208.00,28.00,64.00,0.0000,259.56,1,0,3.1387,ACCEPT,0,1908,640,21957,3,150,3758,0,0,0,0
126,0,1,1,ACCEPT,27.5415,5.7662,3650,0,0,1.0000,484.84,395.81,37.83,29.72,665.00,208.00,30.00,64.00,0.0000,260.25,1,0,3.0867,ACCEPT,0,2095,760,22455,3,150,3650,0,0,0,0
127,0,1,1,ACCEPT,22.4646,4.0744,3284,-1,0,0.9080,483.66,395.81,37.83,29.72,678.50,230.00,41.00,58.00,0.0000,255.85,1,0,3.0163,ACCEPT,0,2274,780,20553,3,150,3284,0,0,0,0
128,0,1,1,ACCEPT,19.8595,3.9303,2987,-1,0,0.9903,482.47,395.81,37.83,29.72,681.00,235.50,46.00,55.00,0.0000,255.18,1,0,3.0697,ACCEPT,0,2383,867,21176,3,150,2987,0,0,0,0
129,0,1,1,ACCEPT,18.0309,4.0015,2737,1,1,0.8575,483.66,396.73,37.83,29.72,688.50,242.00,47.00,54.00,0.0000,256.72,1,0,2.8184,ACCEPT,0,2298,790,21108,3,150,2737,0,0,0,0
130,0,1,1,ACCEPT,17.5400,3.6578,2608,-2,0,0.7899,481.28,396.73,37.83,29.72,702.00,250.00,50.00,52.00,0.0000,265.04,1,0,3.1345,ACCEPT,0,2297,802,19921,3,150,2608,0,0,0,0
131,0,1,1,ACCEPT,16.2620,3.3252,2587,0,1,0.8925,481.28,397.66,37.83,29.72,708.00,258.50,52.00,55.00,0.0000,266.02,1,0,3.1541,ACCEPT,0,2548,820,18512,3,150,2587,0,0,0,0
132,0,1,1,ACCEPT,13.8215,2.3272,2404,0,1,0.9476,481.28,398.58,37.83,29.72,728.50,286.50,45.00,59.00,0.0000,271.44,1,0,3.1143,ACCEPT,0,2468,795,23808,3,150,2404,0,0,0,0
133,0,1,1,ACCEPT,11.9676,1.8934,2611,-1,-2,0.7656,480.09,396.73,37.83,29.72,755.00,331.50,44.00,61.00,0.0000,282.54,1,0,3.2358,ACCEPT,0,2825,618,31733,3,150,2611,0,0,0,0
134,0,1,1,ACCEPT,15.7076,2.4600,3663,-1,0,0.9951,478.91,396.73,37.83,29.72,770.50,368.50,41.00,63.00,0.0000,292.96,1,0,3.2204,ACCEPT,0,3501,744,27099,3,150,3663,0,0,0,0
135,0,1,1,ACCEPT,17.7088,3.1859,3651,1,-1,0.9017,480.09,395.81,37.83,29.72,776.50,373.00,37.00,64.00,0.0000,297.28,1,0,3.2005,ACCEPT,0,3252,693,30125,3,150,3651,0,0,0,0
136,0,1,1,ACCEPT,16.3965,2.9669,3501,1,1,0.8815,481.28,396.73,37.83,29.72,785.00,381.50,50.00,55.00,0.0000,304.10,1,0,3.1722,ACCEPT,0,3662,853,26206,3,150,3501,0,0,0,0
137,0,1,1,ACCEPT,15.1338,2.6980,3189,0,1,0.8843,481.28,397.66,37.83,29.72,785.50,384.00,47.00,58.00,0.0000,304.53,1,0,3.2745,ACCEPT,0,3319,799,27292,3,150,3189,0,0,0,0
138,0,1,1,ACCEPT,11.3669,1.9549,2688,0,2,0.7072,481.28,399.50,37.83,29.72,791.00,391.00,48.00,56.00,0.0000,309.84,1,0,3.3040,ACCEPT,0,3712,729,28610,3,150,2688,0,0,0,0
139,0,1,1,ACCEPT,11.2521,1.8912,2852,1,4,0.4695,482.47,403.19,37.83,29.72,795.00,398.50,42.00,61.00,0.0000,312.57,1,0,3.2500,ACCEPT,0,3802,754,26312,3,150,2852,0,0,0,0
140,0,1,1,ACCEPT,12.5325,1.6609,3086,0,2,0.5826,482.47,405.03,37.83,29.72,795.50,405.00,33.00,64.00,0.0000,313.03,1,0,2.5797,ACCEPT,0,3729,711,31841,3,150,3086,0,0,0,0
141,0,1,1,ACCEPT,13.6416,1.8430,3194,1,4,0.3538,483.66,408.72,37.83,29.72,795.00,406.00,24.00,66.00,0.0000,311.36,1,0,2.2762,ACCEPT,0,3662,722,27682,3,150,3194,0,0,0,0
142,0,1,1,ACCEPT,14.7916,2.1537,2914,2,3,0.3624,486.03,411.48,37.83,29.72,795.00,404.00,22.00,64.00,0.0000,309.06,1,1,1.7422,LOW_CONF,0,3435,727,31489,3,150,2914,0,0,0,0
143,0,1,1,ACCEPT,15.6763,2.8215,2672,5,11,0.1003,491.97,421.62,37.83,29.72,795.50,405.00,23.00,64.00,0.0000,303.99,1,1,1.1728,LOW_CONF,0,2717,704,24740,3,150,2672,0,0,0,0
144,0,1,1,ACCEPT,19.4223,3.6015,3335,1,9,0.0426,493.16,429.92,37.83,29.72,777.50,407.00,45.00,52.00,0.0000,285.27,1,0,2.8624,ACCEPT,0,3003,866,22022,3,150,3335,0,0,0,0
145,0,1,1,ACCEPT,21.0481,3.7273,3362,1,7,0.1505,494.34,436.38,37.83,29.72,776.50,410.50,51.00,47.00,0.0000,283.34,1,11,1.6056,MAX_STEP,0,2568,915,24156,3,150,3362,0,0,0,0
146,0,1,1,ACCEPT,20.5444,3.1147,2987,2,7,0.1031,496.72,442.83,39.34,30.91,775.00,410.50,58.00,43.00,0.0000,280.15,1,1,2.1579,ACCEPT,0,2562,731,24222,3,150,2987,0,0,0,0
147,0,1,1,ACCEPT,22.1155,3.9542,3365,0,11,0.0906,496.72,453.48,39.34,30.91,772.50,411.50,57.00,43.00,0.0000,278.96,1,0,3.3889,ACCEPT,0,2797,988,21121,3,150,3365,0,0,0,0
148,0,1,1,ACCEPT,20.6221,3.5242,3274,1,12,0.0849,497.95,465.11,40.92,32.15,764.50,415.50,53.00,51.00,0.0000,271.12,1,1,2.3588,ACCEPT,0,2382,914,21037,3,150,3274,0,0,0,0
149,0,1,1,ACCEPT,18.8956,2.6437,2998,3,10,0.0824,501.80,475.11,40.92,32.15,758.00,433.00,46.00,56.00,0.0000,259.64,1,0,2.8257,ACCEPT,0,2562,763,29383,3,150,2998,0,0,0,0
150,0,1,1,ACCEPT,20.4347,3.0000,3840,2,5,0.0164,504.36,480.11,40.92,32.15,748.50,456.00,35.00,66.00,0.0000,245.33,1,0,2.9362,ACCEPT,0,3906,745,30643,3,150,3840,0,0,0,0
151,0,1,1,ACCEPT,25.0147,4.7537,3494,5,9,0.0970,510.77,489.11,40.92,32.15,738.00,472.50,38.00,65.00,0.0000,227.84,1,0,3.3900,ACCEPT,0,3096,693,25960,3,150,3494,0,0,0,0
152,0,1,1,ACCEPT,19.7675,3.0569,2094,7,22,0.0215,519.73,511.11,40.92,32.15,732.50,495.00,27.00,66.00,0.0000,213.37,1,0,3.2829,ACCEPT,0,1728,550,24792,3,150,2094,0,0,0,0
153,0,1,1,ACCEPT,24.2333,4.5628,3559,2,12,0.1023,522.30,523.11,40.92,32.15,735.00,515.50,20.00,69.00,0.0000,212.84,1,0,3.1987,ACCEPT,0,2603,948,22182,3,150,3559,0,0,0,0
154,0,1,1,ACCEPT,27.6408,4.7748,3562,4,8,0.0278,527.42,531.11,40.92,32.15,749.50,565.00,29.00,62.00,0.0000,224.65,1,0,3.1180,ACCEPT,0,2168,812,25573,3,150,3562,0,0,0,0
155,0,1,1,ACCEPT,20.9587,3.3516,2269,3,23,0.0688,531.27,554.11,40.92,32.15,776.00,603.50,40.00,55.00,0.0000,249.67,1,0,2.8621,ACCEPT,0,1824,732,21105,3,150,2269,0,0,0,0
156,0,1,1,ACCEPT,24.4513,3.9431,3462,0,13,0.0555,531.27,567.11,39.34,30.91,809.00,619.00,60.00,32.00,0.0000,282.54,1,-1,3.0646,ACCEPT,0,2356,920,24962,3,150,3462,0,0,0,0
157,0,1,1,ACCEPT,20.5395,3.8274,3747,0,9,0.1857,531.27,575.83,39.34,30.91,825.50,617.00,67.00,28.00,0.0000,297.10,1,0,3.0099,ACCEPT,0,2849,1038,22887,3,150,3747,0,0,0,0
158,0,1,1,ACCEPT,8.8391,1.7137,1808,-9,22,0.2235,520.16,597.14,39.34,30.91,828.50,616.50,69.00,23.00,0.0000,308.95,1,5,1.4561,MAX_STEP,0,3420,809,22646,3,150,1808,0,0,0,0
159,0,1,1,ACCEPT,9.6812,1.7126,1567,-22,9,0.0038,493.00,605.86,39.34,30.91,835.00,605.50,68.00,29.00,0.0000,342.00,1,0,3.0371,ACCEPT,0,2703,640,22730,3,150,1567,0,0,0,0
160,0,1,1,ACCEPT,12.3460,2.0406,1912,-19,4,0.0225,469.55,609.73,39.34,30.91,838.00,588.50,54.00,49.00,0.0000,369.06,1,0,3.1421,ACCEPT,0,2652,744,23135,3,150,1912,0,0,0,0
161,0,1,1,ACCEPT,10.8428,1.3998,1306,-14,-5,0.0528,452.27,604.89,39.34,30.91,845.00,571.50,46.00,55.00,0.0000,394.15,1,3,2.1923,MAX_STEP,0,1705,535,26302,3,150,1306,0,0,0,0
162,0,1,1,ACCEPT,6.7373,1.2507,454,-17,-11,0.2401,431.28,594.23,39.34,30.91,850.50,558.00,45.00,56.00,0.0000,420.78,1,4,1.9026,MAX_STEP,0,751,543,24230,3,150,454,0,0,0,0
163,0,1,0,NEGATIVE_PEAK,-5.7349,1.0396,-236,-5,20,0.1102,431.28,594.23,39.34,30.91,857.00,541.50,46.00,55.00,0.0000,428.97,0,0,0.0000,NOT_RUN,0,473,2290,0,3,150,236,0,0,0,0
164,0,1,0,NEGATIVE_PEAK,-5.9902,1.2972,-371,-9,8,0.0270,431.28,594.23,39.34,30.91,857.50,516.50,35.00,65.00,0.0000,433.25,0,0,0.0000,NOT_RUN,0,729,4032,0,3,150,371,0,0,0,0
165,0,1,0,NEGATIVE_PEAK,-6.8682,1.3939,-506,-6,21,0.1601,431.28,594.23,39.34,30.91,854.50,482.50,23.00,69.00,0.0000,437.72,0,0,0.0000,NOT_RUN,0,1039,4669,0,3,150,506,0,0,0,0
166,0,1,0,NEGATIVE_PEAK,-5.1127,1.1155,-367,-5,21,0.1907,431.28,594.23,39.34,30.91,849.50,435.00,21.00,70.00,0.0000,447.51,0,0,0.0000,NOT_RUN,0,950,3776,0,3,150,367,0,0,0,0
167,0,1,0,NEGATIVE_PEAK,-5.3343,1.0424,-344,7,19,0.1134,431.28,594.23,39.34,30.91,844.50,387.50,21.00,67.00,0.0000,462.05,0,0,0.0000,NOT_RUN,0,990,3245,0,3,150,344,0,0,0,0
168,0,1,0,NEGATIVE_PEAK,-6.6334,1.2886,-451,-5,21,0.2461,431.28,594.23,39.34,30.91,838.00,357.00,22.00,68.00,0.0000,470.85,0,0,0.0000,NOT_RUN,0,843,2956,0,3,150,451,0,0,0,0
169,0,1,0,NEGATIVE_PEAK,-5.0445,1.0677,-347,-9,8,0.1354,431.28,594.23,39.34,30.91,831.50,345.50,23.00,67.00,0.0000,471.22,0,0,0.0000,NOT_RUN,0,1064,2594,0,3,150,347,0,0,0,0
170,0,1,1,ACCEPT,5.8214,1.0049,408,-10,4,0.2868,418.94,598.11,37.83,29.72,811.50,334.00,49.00,56.00,0.0000,473.14,1,-1,2.6896,ACCEPT,0,919,2086,15068,3,150,408,0,0,0,0
171,0,1,0,NEGATIVE_PEAK,-7.3938,1.3119,-593,1,3,0.6105,418.94,598.11,37.83,29.72,784.00,318.00,60.00,42.00,0.0000,460.14,0,0,0.0000,NOT_RUN,0,909,1798,0,3,150,593,0,0,0,0
172,0,1,0,NEGATIVE_PEAK,-7.0041,1.1187,-603,1,3,0.7015,418.94,598.11,37.83,29.72,740.50,303.50,63.00,35.00,0.0000,436.12,0,0,0.0000,NOT_RUN,0,936,1464,0,3,150,603,0,0,0,0
173,0,1,0,NEGATIVE_PEAK,-10.0597,1.3769,-833,0,4,0.5030,418.94,598.11,37.83,29.72,717.50,283.50,49.00,51.00,0.0000,433.73,0,0,0.0000,NOT_RUN,0,906,1550,0,3,150,833,0,0,0,0
174,0,1,1,ACCEPT,6.2212,1.1732,508,4,12,0.6555,423.69,609.17,36.38,28.58,716.00,280.00,46.00,54.00,0.0000,440.23,1,-1,2.5156,ACCEPT,0,858,1464,18106,3,150,508,0,0,0,0
0,0,0,0,ZERO_RESPONSE,0.0000,0.0000,0,0,0,0.0000,531.50,167.50,25.00,73.00,531.50,167.50,25.00,73.00,1.0000,0.00,1,0,0.0000,NOT_RUN,0,0,3677,18285,4,200,0,0,0,0,0
1,0,1,1,ACCEPT,36.3403,8.9613,1389,0,0,1.0000,531.50,167.50,25.00,73.00,530.50,168.50,25.00,73.00,0.8991,1.41,1,0,3.3159,ACCEPT,0,778,3228,18161,4,200,1389,0,0,0,0
2,0,1,1,ACCEPT,29.0334,6.1360,1399,0,0,1.0000,531.50,167.50,25.00,73.00,530.50,167.50,29.00,71.00,0.8416,1.00,1,0,3.2161,ACCEPT,0,843,2714,16885,4,200,1399,0,0,0,0
3,0,1,1,ACCEPT,21.7554,4.0691,1119,1,0,0.9285,532.28,167.50,25.00,73.00,531.00,167.50,30.00,71.00,0.8142,1.28,1,0,3.2502,ACCEPT,0,775,2550,17915,4,200,1119,0,0,0,0
4,0,1,1,ACCEPT,10.4615,2.2882,913,1,0,0.9496,533.06,167.50,25.00,73.00,528.50,168.50,35.00,69.00,0.6859,4.67,1,0,3.2595,ACCEPT,0,1588,1915,19678,4,200,913,0,0,0,0
5,0,1,1,ACCEPT,11.7265,2.4093,1142,1,0,0.9650,533.84,167.50,25.00,73.00,529.00,168.50,36.00,69.00,0.6676,4.95,1,0,3.3342,ACCEPT,0,1389,1817,14817,4,200,1142,0,0,0,0
6,0,1,1,ACCEPT,15.3335,3.4377,1131,0,-1,0.9726,533.84,165.22,25.00,73.00,530.00,166.50,34.00,71.00,0.7155,4.05,1,0,3.3646,ACCEPT,0,1089,1538,18193,4,200,1131,0,0,0,0
7,0,1,1,ACCEPT,17.9933,3.9041,1425,0,1,0.9832,533.84,167.50,25.00,73.00,530.50,167.00,33.00,70.00,0.7338,3.38,1,0,3.2167,ACCEPT,0,1114,1336,15718,4,200,1425,0,0,0,0
8,0,1,1,ACCEPT,20.4899,4.9468,1489,1,0,0.9019,534.62,167.50,25.00,73.00,531.00,167.00,32.00,70.00,0.7493,3.66,1,0,3.2905,ACCEPT,0,1075,1221,15956,4,200,1489,0,0,0,0
9,0,1,1,ACCEPT,21.2559,4.6735,1360,0,0,1.0000,534.62,167.50,25.00,73.00,530.00,169.00,32.00,68.00,0.6829,4.86,1,0,3.2374,ACCEPT,0,944,1109,15339,4,200,1360,0,0,0,0
10,0,1,1,ACCEPT,16.5516,3.3077,1032,-5,-2,0.0107,530.72,162.94,25.00,73.00,526.00,163.50,34.00,65.00,0.6645,4.75,1,0,3.0106,ACCEPT,0,1164,933,16195,4,200,1032,0,0,0,0
11,0,1,1,ACCEPT,9.3198,2.5959,758,9,6,0.2467,537.75,176.62,25.00,73.00,533.50,180.00,21.00,68.00,0.6311,5.43,1,0,3.1709,ACCEPT,0,914,842,21068,4,200,758,0,0,0,0
12,0,1,0,NEGATIVE_PEAK,-4.5271,1.0000,-379,4,17,0.4670,537.75,176.62,25.00,73.00,540.50,208.50,37.00,65.00,0.2811,31.99,0,0,0.0000,NOT_RUN,0,1448,726,0,4,200,379,0,0,0,0
13,0,1,1,ACCEPT,6.4192,1.1674,251,5,10,0.0199,541.66,199.44,26.00,75.92,531.00,235.00,50.00,56.00,0.1984,37.12,1,1,2.5080,ACCEPT,0,481,613,29203,4,200,251,0,0,0,0
14,0,1,1,ACCEPT,5.9137,1.1104,181,-8,9,0.2099,535.16,220.81,26.00,75.92,512.00,256.50,64.00,37.00,0.1167,42.54,1,1,1.4012,LOW_CONF,0,358,126,32767,4,200,181,0,0,0,0
15,0,1,1,ACCEPT,5.7906,1.2899,89,1,-3,0.0562,535.97,213.69,26.00,75.92,475.50,270.00,67.00,26.00,0.0000,82.63,1,3,2.1312,MAX_STEP,0,159,4030,6469,4,200,89,0,0,0,0
16,0,1,0,NEGATIVE_PEAK,-4.4677,1.0068,-147,3,7,0.7347,535.97,213.69,26.00,75.92,431.00,271.50,70.00,21.00,0.0000,119.84,0,0,0.0000,NOT_RUN,0,411,6067,0,4,200,147,0,0,0,0
17,0,1,0,NEGATIVE_PEAK,-4.9111,1.0064,-157,3,7,0.9172,535.97,213.69,26.00,75.92,392.00,265.50,70.00,23.00,0.0000,153.01,0,0,0.0000,NOT_RUN,0,311,5551,0,4,200,157,0,0,0,0
18,0,1,1,ACCEPT,5.2819,1.1096,162,0,0,1.0000,535.97,213.69,26.00,75.92,367.50,259.00,69.00,22.00,0.0000,174.46,1,-1,1.9800,LOW_CONF,0,324,4792,7053,4,200,162,0,0,0,0
19,0,1,1,ACCEPT,6.4787,1.2913,399,1,0,0.9424,536.78,213.69,26.00,75.92,352.00,255.00,66.00,24.00,0.0000,189.34,1,0,2.5686,ACCEPT,0,768,4207,8914,4,200,399,0,0,0,0
20,0,1,0,NEGATIVE_PEAK,-4.9027,1.0836,-337,-11,8,0.4629,536.78,213.69,26.00,75.92,346.00,245.50,62.00,39.00,0.0000,193.42,0,0,0.0000,NOT_RUN,0,941,3812,0,4,200,337,0,0,0,0
21,0,1,1,ACCEPT,5.8192,1.1054,409,-1,0,0.9364,535.97,213.69,26.00,75.92,343.00,239.00,52.00,50.00,0.0000,194.62,1,0,2.2718,ACCEPT,0,840,3648,9558,4,200,409,0,0,0,0
22,0,1,1,ACCEPT,6.4631,1.1189,480,1,0,0.8938,536.78,213.69,26.00,75.92,339.50,227.00,35.00,64.00,0.0000,197.73,1,0,3.0921,ACCEPT,0,838,3170,9899,4,200,480,0,0,0,0
23,0,1,1,ACCEPT,5.8667,1.2255,451,-1,0,0.8226,535.97,213.69,26.00,75.92,339.50,222.50,33.00,67.00,0.0000,196.67,1,-2,1.8283,LOW_CONF,0,995,2421,11775,4,200,451,0,0,0,0
24,0,1,1,ACCEPT,10.0332,1.7948,691,1,0,0.9175,536.78,213.69,26.00,75.92,340.00,223.00,34.00,66.00,0.0000,197.00,1,0,2.3293,ACCEPT,0,821,2046,13191,4,200,691,0,0,0,0
25,0,1,1,ACCEPT,5.2422,1.1686,402,0,0,1.0000,536.78,213.69,26.00,75.92,338.00,227.50,32.00,69.00,0.0000,199.26,1,0,2.2186,ACCEPT,0,788,1949,12218,4,200,402,0,0,0,0
26,0,1,1,ACCEPT,9.0061,2.0093,649,-1,0,0.9076,535.97,213.69,26.00,75.92,323.00,257.00,36.00,66.00,0.0000,217.33,1,0,2.8322,ACCEPT,0,853,1805,11632,4,200,649,0,0,0,0
27,0,1,1,ACCEPT,9.2620,1.8997,625,0,0,1.0000,535.97,213.69,25.00,73.00,296.00,285.00,30.00,68.00,0.0000,250.34,1,-1,2.5391,ACCEPT,0,801,1629,14634,4,200,625,0,0,0,0
28,0,1,1,ACCEPT,7.8338,1.7811,602,1,0,0.9784,536.75,213.69,25.00,73.00,280.50,299.50,29.00,67.00,0.0000,270.24,1,0,1.9473,LOW_CONF,0,1036,868,19577,4,200,602,0,0,0,0
29,0,1,1,ACCEPT,10.2087,1.9222,667,-1,0,0.8846,535.97,213.69,25.00,73.00,268.00,318.50,48.00,55.00,0.0000,287.74,1,0,2.1926,ACCEPT,0,698,1113,11636,4,200,667,0,0,0,0
30,0,1,1,ACCEPT,10.7472,2.5821,692,1,0,0.9855,536.75,213.69,25.00,73.00,250.00,332.00,68.00,34.00,0.0000,310.20,1,-14,2.0772,MAX_STEP,0,955,567,15054,4,200,692,0,0,0,0
31,0,1,1,ACCEPT,9.8727,1.8990,733,0,0,1.0000,536.75,213.69,25.00,73.00,232.50,345.00,69.00,28.00,0.0000,331.38,1,14,1.3974,MAX_STEP,0,867,1578,11563,4,200,733,0,0,0,0
32,0,1,1,ACCEPT,10.4497,2.3897,693,-1,0,0.9163,535.97,213.69,25.00,73.00,226.50,359.00,61.00,46.00,0.0000,341.89,1,0,2.8991,ACCEPT,0,726,536,14359,4,200,693,0,0,0,0
33,0,1,1,ACCEPT,10.9656,2.3392,793,0,0,1.0000,535.97,213.69,24.04,70.19,230.50,360.50,59.00,47.00,0.0000,338.92,1,-1,2.4914,ACCEPT,0,966,554,13408,4,200,793,0,0,0,0
34,0,1,1,ACCEPT,12.8910,2.3584,908,0,1,0.9262,535.97,215.88,24.04,70.19,230.50,346.50,55.00,49.00,0.0000,332.23,1,0,2.4575,ACCEPT,0,929,559,14377,4,200,908,0,0,0,0
35,0,1,1,ACCEPT,12.5111,2.2840,957,0,0,1.0000,535.97,215.88,24.04,70.19,234.50,337.50,57.00,47.00,0.0000,325.08,1,1,1.7216,LOW_CONF,0,881,923,14928,4,200,957,0,0,0,0
36,0,1,1,ACCEPT,12.6346,2.8758,949,0,-1,0.9758,535.97,213.69,25.00,73.00,249.50,310.00,61.00,38.00,0.0000,302.23,1,1,2.2001,ACCEPT,0,1238,705,12884,4,200,949,0,0,0,0
37,0,1,1,ACCEPT,13.2008,3.0116,1042,0,0,1.0000,535.97,213.69,25.00,73.00,268.00,293.00,66.00,30.00,0.0000,279.46,1,3,1.6323,MAX_STEP,0,1058,625,16382,4,200,1042,0,0,0,0
38,0,1,1,ACCEPT,14.4590,3.2382,1101,0,0,1.0000,535.97,213.69,25.00,73.00,279.50,280.00,71.00,24.00,0.0000,264.90,1,0,2.1412,ACCEPT,0,1062,915,15074,4,200,1101,0,0,0,0
39,0,1,1,ACCEPT,12.9682,2.7061,847,0,0,1.0000,535.97,213.69,25.00,73.00,282.50,268.00,65.00,38.00,0.0000,259.22,1,0,2.3363,ACCEPT,0,1057,573,14308,4,200,847,0,0,0,0
40,0,1,1,ACCEPT,16.1418,3.4498,1135,0,0,1.0000,535.97,213.69,25.00,73.00,284.50,265.00,61.00,40.00,0.0000,256.65,1,0,2.0339,ACCEPT,0,1122,534,14175,4,200,1135,0,0,0,0
41,0,1,1,ACCEPT,17.4092,4.4051,1044,0,0,1.0000,535.97,213.69,25.00,73.00,301.50,274.00,63.00,36.00,0.0000,242.10,1,0,2.3726,ACCEPT,0,810,510,14759,4,200,1044,0,0,0,0
42,0,1,1,ACCEPT,16.7355,3.6835,1094,0,0,1.0000,535.97,213.69,25.00,73.00,354.00,289.00,64.00,34.00,0.0000,196.94,1,0,2.7312,ACCEPT,0,1071,613,10997,4,200,1094,0,0,0,0
43,0,1,1,ACCEPT,18.4652,3.3333,1220,0,0,1.0000,535.97,213.69,25.00,73.00,401.50,300.50,63.00,37.00,0.0000,160.06,1,0,2.8088,ACCEPT,0,1037,702,10851,4,200,1220,0,0,0,0
44,0,1,1,ACCEPT,18.3611,3.9055,1074,0,0,1.0000,535.97,213.69,25.00,73.00,437.50,316.50,59.00,41.00,0.0000,142.36,1,0,2.2755,ACCEPT,0,829,504,11338,4,200,1074,0,0,0,0
45,0,1,1,ACCEPT,16.7336,3.2347,951,0,0,1.0000,535.97,213.69,26.00,75.92,465.00,323.50,54.00,51.00,0.0000,130.75,1,1,2.3203,ACCEPT,0,829,742,10199,4,200,951,0,0,0,0
46,0,1,1,ACCEPT,20.5236,3.9475,1204,0,0,1.0000,535.97,213.69,26.00,75.92,470.50,326.50,47.00,61.00,0.0000,130.43,1,0,2.3459,ACCEPT,0,918,794,12327,4,200,1204,0,0,0,0
47,0,1,1,ACCEPT,20.2352,5.1711,1179,0,0,1.0000,535.97,213.69,26.00,75.92,482.50,337.00,33.00,68.00,0.0000,134.41,1,-3,2.4045,MAX_STEP,0,688,459,15492,4,200,1179,0,0,0,0
48,0,1,1,ACCEPT,20.2601,4.7686,1154,0,0,1.0000,535.97,213.69,26.00,75.92,482.50,365.50,29.00,67.00,0.0000,160.95,1,0,1.8354,LOW_CONF,0,980,538,12305,4,200,1154,0,0,0,0
49,0,1,1,ACCEPT,20.9975,4.5720,1175,0,0,1.0000,535.97,213.69,26.00,75.92,483.50,386.50,45.00,57.00,0.0000,180.60,1,0,2.1945,ACCEPT,0,806,573,15330,4,200,1175,0,0,0,0
50,0,1,1,ACCEPT,20.7241,4.2705,1405,0,0,1.0000,535.97,213.69,26.00,75.92,502.00,423.00,56.00,44.00,0.0000,212.05,1,0,2.6192,ACCEPT,0,993,660,12947,4,200,1405,0,0,0,0
51,0,1,1,ACCEPT,23.1903,6.1721,1506,0,0,1.0000,535.97,213.69,26.00,75.92,551.50,454.50,59.00,35.00,0.0000,241.31,1,0,1.8546,LOW_CONF,0,880,724,13064,4,200,1506,0,0,0,0
52,0,1,1,ACCEPT,20.0692,4.8625,1308,0,0,1.0000,535.97,213.69,26.00,75.92,590.50,476.00,65.00,26.00,0.0000,267.92,1,0,2.0783,ACCEPT,0,952,577,14424,4,200,1308,0,0,0,0
53,0,1,1,ACCEPT,20.8566,4.4605,1637,0,0,1.0000,535.97,213.69,25.00,73.00,640.00,489.00,68.00,24.00,0.0000,294.31,1,-1,2.1563,ACCEPT,0,1172,826,10707,4,200,1637,0,0,0,0
54,0,1,1,ACCEPT,22.3259,4.1126,1534,0,0,1.0000,535.97,213.69,25.00,73.00,674.50,493.50,65.00,29.00,0.0000,312.23,1,0,2.7630,ACCEPT,0,1102,740,11606,4,200,1534,0,0,0,0
55,0,1,1,ACCEPT,23.9332,4.9968,1564,0,0,1.0000,535.97,213.69,25.00,73.00,702.00,495.50,54.00,49.00,0.0000,327.09,1,0,2.5884,ACCEPT,0,889,504,12295,4,200,1564,0,0,0,0
56,0,1,1,ACCEPT,20.7656,4.0420,1540,0,0,1.0000,535.97,213.69,25.00,73.00,722.50,492.00,29.00,66.00,0.0000,335.04,1,1,1.8186,LOW_CONF,0,1140,432,13625,4,200,1540,0,0,0,0
57,0,1,1,ACCEPT,21.4735,4.5426,1440,0,0,1.0000,535.97,213.69,25.00,73.00,728.00,479.50,24.00,69.00,0.0000,327.92,1,0,2.1437,ACCEPT,0,1020,712,10934,4,200,1440,0,0,0,0
58,0,1,1,ACCEPT,23.6366,5.0862,1653,0,0,1.0000,535.97,213.69,26.00,75.92,724.00,460.50,28.00,69.00,0.0000,310.28,1,1,2.4084,ACCEPT,0,999,480,12370,4,200,1653,0,0,0,0
59,0,1,1,ACCEPT,23.1182,5.6803,1386,0,0,1.0000,535.97,213.69,26.00,75.92,727.00,446.00,36.00,64.00,0.0000,300.77,1,0,2.6360,ACCEPT,0,883,466,14713,4,200,1386,0,0,0,0
60,0,1,1,ACCEPT,25.3110,5.1536,1443,0,0,1.0000,535.97,213.69,25.00,73.00,730.00,434.00,42.00,58.00,0.0000,293.57,1,-1,2.7365,ACCEPT,0,893,397,17579,4,200,1443,0,0,0,0
61,0,1,1,ACCEPT,24.5597,5.1000,1530,0,0,1.0000,535.97,213.69,25.00,73.00,743.00,409.00,52.00,48.00,0.0000,284.62,1,0,2.5426,ACCEPT,0,890,447,15412,4,200,1530,0,0,0,0
62,0,1,1,ACCEPT,24.4124,4.4464,1534,0,0,1.0000,535.97,213.69,25.00,73.00,760.50,382.00,57.00,44.00,0.0000,280.61,1,0,3.0018,ACCEPT,0,976,401,14313,4,200,1534,0,0,0,0
63,0,1,1,ACCEPT,24.2330,4.4907,1693,0,0,1.0000,535.97,213.69,25.00,73.00,773.00,363.50,64.00,25.00,0.0000,280.41,1,0,2.7755,ACCEPT,0,1023,439,16854,4,200,1693,0,0,0,0
64,0,1,1,ACCEPT,23.7721,5.6989,1533,0,0,1.0000,535.97,213.69,25.00,73.00,781.00,350.00,58.00,36.00,0.0000,280.40,1,0,2.4707,ACCEPT,0,996,826,11814,4,200,1533,0,0,0,0
65,0,1,1,ACCEPT,24.3795,4.9175,1549,0,0,1.0000,535.97,213.69,25.00,73.00,789.00,343.50,50.00,47.00,0.0000,284.39,1,1,1.8115,LOW_CONF,0,821,364,15304,4,200,1549,0,0,0,0
66,0,1,1,ACCEPT,26.0072,6.6192,1582,0,0,1.0000,535.97,213.69,26.00,75.92,797.00,341.00,34.00,58.00,0.0000,290.42,1,1,2.0072,ACCEPT,0,868,645,13499,4,200,1582,0,0,0,0
67,0,1,1,ACCEPT,23.8389,5.5147,1693,0,0,1.0000,535.97,213.69,26.00,75.92,799.50,343.00,29.00,64.00,0.0000,293.55,1,0,2.9837,ACCEPT,0,1257,457,13945,4,200,1693,0,0,0,0
68,0,1,1,ACCEPT,25.9103,5.7806,1607,0,0,1.0000,535.97,213.69,25.00,73.00,802.50,349.00,31.00,66.00,0.0000,298.91,1,-1,2.2305,ACCEPT,0,1089,539,15862,4,200,1607,0,0,0,0
69,0,1,1,ACCEPT,26.2192,5.5581,1723,0,0,1.0000,535.97,213.69,25.00,73.00,799.50,359.50,37.00,59.00,0.0000,301.18,1,0,2.5940,ACCEPT,0,1098,582,15414,4,200,1723,0,0,0,0
70,0,1,1,ACCEPT,25.5340,3.3068,1703,0,0,1.0000,535.97,213.69,25.00,73.00,800.50,364.00,49.00,50.00,0.0000,304.25,1,0,2.4611,ACCEPT,0,883,503,17308,4,200,1703,0,0,0,0
71,0,1,1,ACCEPT,24.7288,4.7395,1692,0,0,1.0000,535.97,213.69,25.00,73.00,807.00,376.00,50.00,52.00,0.0000,315.92,1,0,3.0272,ACCEPT,0,1022,438,18202,4,200,1692,0,0,0,0
72,0,1,1,ACCEPT,26.5810,5.2555,1913,0,0,1.0000,535.97,213.69,25.00,73.00,823.00,381.50,38.00,65.00,0.0000,332.49,1,0,2.9037,ACCEPT,0,1083,354,20465,4,200,1913,0,0,0,0
73,0,1,1,ACCEPT,24.5041,4.6740,1692,0,0,1.0000,535.97,213.69,25.00,73.00,845.00,407.00,26.00,68.00,0.0000,364.51,1,0,2.3828,ACCEPT,0,1064,470,15465,4,200,1692,0,0,0,0
74,0,1,1,ACCEPT,24.7960,5.5662,1681,0,0,1.0000,535.97,213.69,25.00,73.00,853.50,434.50,27.00,69.00,0.0000,386.76,1,0,2.8987,ACCEPT,0,1087,663,17314,4,200,1681,0,0,0,0
75,0,1,1,ACCEPT,25.5991,5.4495,1782,0,0,1.0000,535.97,213.69,25.00,73.00,860.00,451.00,22.00,70.00,0.0000,401.64,1,0,2.6720,ACCEPT,0,1000,662,15659,4,200,1782,0,0,0,0
76,0,1,1,ACCEPT,26.3256,5.1065,2109,0,0,1.0000,535.97,213.69,25.00,73.00,866.00,468.00,22.00,70.00,0.0000,416.65,1,0,2.2381,ACCEPT,0,1144,499,19108,4,200,2109,0,0,0,0
77,0,1,1,ACCEPT,25.7656,5.3904,1919,0,0,1.0000,535.97,213.69,26.00,75.92,862.00,486.00,24.00,68.00,0.0000,424.79,1,1,2.2482,ACCEPT,0,1205,597,18712,4,200,1919,0,0,0,0
78,0,1,1,ACCEPT,24.0529,5.6667,1649,0,0,1.0000,535.97,213.69,26.00,75.92,867.00,499.00,30.00,66.00,0.0000,437.02,1,0,2.3883,ACCEPT,0,1259,651,15792,4,200,1649,0,0,0,0
79,0,1,1,ACCEPT,26.9797,5.2982,1812,0,0,1.0000,535.97,213.69,26.00,75.92,872.50,504.00,41.00,58.00,0.0000,444.45,1,0,2.8743,ACCEPT,0,1144,404,22728,4,200,1812,0,0,0,0
80,0,1,1,ACCEPT,21.9664,5.3559,1505,0,0,1.0000,535.97,213.69,26.00,75.92,878.00,506.00,52.00,50.00,0.0000,449.92,1,0,2.6684,ACCEPT,0,1166,590,17841,4,200,1505,0,0,0,0
81,0,1,1,ACCEPT,26.1224,4.9870,1915,0,0,1.0000,535.97,213.69,26.00,75.92,880.50,507.00,53.00,48.00,0.0000,452.48,1,0,2.7005,ACCEPT,0,1115,400,19035,4,200,1915,0,0,0,0
82,0,1,1,ACCEPT,26.8793,5.4897,1861,0,0,1.0000,535.97,213.69,25.00,73.00,882.00,508.50,56.00,49.00,0.0000,454.59,1,-1,2.5298,ACCEPT,0,1167,787,12078,4,200,1861,0,0,0,0
83,0,1,1,ACCEPT,26.8693,5.8301,1819,0,0,1.0000,535.97,213.69,25.00,73.00,879.50,515.50,55.00,45.00,0.0000,457.28,1,0,2.6760,ACCEPT,0,1185,551,19795,4,200,1819,0,0,0,0
84,0,1,1,ACCEPT,28.8265,6.0515,1761,0,0,1.0000,535.97,213.69,25.00,73.00,871.00,520.50,48.00,53.00,0.0000,454.29,1,0,2.6608,ACCEPT,0,958,590,17928,4,200,1761,0,0,0,0
85,0,1,1,ACCEPT,27.4939,6.2027,1867,0,0,1.0000,535.97,213.69,25.00,73.00,866.50,527.50,39.00,61.00,0.0000,455.77,1,0,3.0372,ACCEPT,0,1123,618,18231,4,200,1867,0,0,0,0
86,0,1,1,ACCEPT,28.1745,6.4948,1864,0,0,1.0000,535.97,213.69,25.00,73.00,854.50,555.50,31.00,65.00,0.0000,467.22,1,0,2.6114,ACCEPT,0,1037,1089,13419,4,200,1864,0,0,0,0
87,0,1,1,ACCEPT,28.0596,5.6923,1924,0,0,1.0000,535.97,213.69,25.00,73.00,849.50,584.00,39.00,60.00,0.0000,485.21,1,0,2.9258,ACCEPT,0,1063,333,23433,4,200,1924,0,0,0,0
88,0,1,1,ACCEPT,26.6822,6.6494,1802,0,0,1.0000,535.97,213.69,25.00,73.00,841.00,605.00,52.00,50.00,0.0000,496.15,1,0,2.8446,ACCEPT,0,1224,572,20020,4,200,1802,0,0,0,0
89,0,1,1,ACCEPT,24.4900,3.7355,1737,0,0,1.0000,535.97,213.69,25.00,73.00,833.00,619.00,52.00,54.00,0.0000,502.50,1,0,2.6052,ACCEPT,0,1108,555,21118,4,200,1737,0,0,0,0
90,0,1,1,ACCEPT,26.8478,6.6387,1819,0,0,1.0000,535.97,213.69,25.00,73.00,822.50,633.00,57.00,48.00,0.0000,507.86,1,0,2.5793,ACCEPT,0,1230,623,17526,4,200,1819,0,0,0,0
91,0,1,1,ACCEPT,27.1676,5.0077,1953,0,0,1.0000,535.97,213.69,25.00,73.00,817.50,636.50,51.00,49.00,0.0000,507.97,1,0,2.8624,ACCEPT,0,1171,428,21320,4,200,1953,0,0,0,0
92,0,1,1,ACCEPT,29.0384,5.7122,1965,0,0,1.0000,535.97,213.69,25.00,73.00,814.50,645.50,47.00,53.00,0.0000,513.85,1,0,2.4400,ACCEPT,0,1223,486,22882,4,200,1965,0,0,0,0
93,0,1,1,ACCEPT,25.7749,6.2473,1718,0,0,1.0000,535.97,213.69,25.00,73.00,817.50,645.50,49.00,51.00,0.0000,515.48,1,0,3.0258,ACCEPT,0,1182,599,18797,4,200,1718,0,0,0,0
94,0,1,1,ACCEPT,26.8594,5.0406,1986,0,0,1.0000,535.97,213.69,25.00,73.00,819.50,650.00,53.00,48.00,0.0000,520.34,1,0,2.5284,ACCEPT,0,1216,631,20438,4,200,1986,0,0,0,0
95,0,1,1,ACCEPT,27.1188,6.1705,1882,0,0,1.0000,535.97,213.69,25.00,73.00,810.00,662.00,58.00,46.00,0.0000,525.43,1,0,2.8866,ACCEPT,0,1192,648,18609,4,200,1882,0,0,0,0
96,0,1,1,ACCEPT,27.5800,5.9281,1897,0,0,1.0000,535.97,213.69,25.00,73.00,793.00,684.00,60.00,40.00,0.0000,535.97,1,0,2.8367,ACCEPT,0,1128,608,22600,4,200,1897,0,0,0,0
97,0,1,1,ACCEPT,28.2024,5.0384,1970,0,0,1.0000,535.97,213.69,25.00,73.00,779.00,701.50,68.00,29.00,0.0000,545.00,1,0,2.6258,ACCEPT,0,1137,474,30235,4,200,1970,0,0,0,0
98,0,1,1,ACCEPT,26.0298,4.8243,1949,0,0,1.0000,535.97,213.69,25.00,73.00,763.00,716.00,66.00,26.00,0.0000,551.24,1,0,2.7274,ACCEPT,0,1212,578,23879,4,200,1949,0,0,0,0
99,0,1,1,ACCEPT,29.4793,4.5310,1903,0,0,1.0000,535.97,213.69,25.00,73.00,748.00,727.00,68.00,22.00,0.0000,555.38,1,0,2.7344,ACCEPT,0,1060,369,27088,4,200,1903,0,0,0,0
100,0,1,1,ACCEPT,24.7504,4.0191,1897,0,0,1.0000,535.97,213.69,26.00,75.92,739.50,733.00,67.00,28.00,0.0000,557.77,1,1,2.7804,ACCEPT,0,1156,473,25519,4,200,1897,0,0,0,0
101,0,1,1,ACCEPT,27.1539,6.1550,2025,0,0,1.0000,535.97,213.69,26.00,75.92,736.50,740.00,63.00,38.00,0.0000,563.22,1,0,2.7505,ACCEPT,0,1258,368,26157,4,200,2025,0,0,0,0
102,0,1,1,ACCEPT,24.3614,5.7329,1932,0,0,1.0000,535.97,213.69,26.00,75.92,731.50,739.50,61.00,41.00,0.0000,560.99,1,0,2.8794,ACCEPT,0,1319,526,22345,4,200,1932,0,0,0,0
103,0,1,1,ACCEPT,32.2816,7.8648,2501,0,0,1.0000,535.97,213.69,26.00,75.92,728.00,740.00,58.00,44.00,0.0000,560.25,1,0,2.8499,ACCEPT,0,1536,720,18180,4,200,2501,0,0,0,0
104,0,1,1,ACCEPT,25.8804,5.5330,1931,0,0,1.0000,535.97,213.69,26.00,75.92,727.50,740.50,61.00,43.00,0.0000,560.55,1,0,2.7053,ACCEPT,0,1208,640,23106,4,200,1931,0,0,0,0
105,0,1,1,ACCEPT,27.4435,7.3112,2091,0,0,1.0000,535.97,213.69,25.00,73.00,723.50,739.00,61.00,42.00,0.0000,557.78,1,-1,2.7475,ACCEPT,0,1332,257,27464,4,200,2091,0,0,0,0
106,0,1,1,ACCEPT,26.9262,4.4739,1888,0,0,1.0000,535.97,213.69,25.00,73.00,716.50,740.00,55.00,50.00,0.0000,556.41,1,0,2.9349,ACCEPT,0,1303,574,29960,4,200,1888,0,0,0,0
107,0,1,1,ACCEPT,27.1472,5.6893,2344,0,0,1.0000,535.97,213.69,25.00,73.00,712.50,741.00,51.00,56.00,0.0000,556.08,1,0,3.0415,ACCEPT,0,1706,430,30257,4,200,2344,0,0,0,0
108,0,1,1,ACCEPT,26.4648,6.0194,2173,0,0,1.0000,535.97,213.69,25.00,73.00,706.50,738.00,47.00,58.00,0.0000,551.35,1,0,2.5312,ACCEPT,0,1410,742,24201,4,200,2173,0,0,0,0
109,0,1,1,ACCEPT,28.4363,5.3517,2237,0,0,1.0000,535.97,213.69,25.00,73.00,690.00,727.50,48.00,59.00,0.0000,536.40,1,0,2.7829,ACCEPT,0,1324,700,25618,4,200,2237,0,0,0,0
110,0,1,1,ACCEPT,27.5096,6.5128,2032,0,0,1.0000,535.97,213.69,25.00,73.00,652.00,694.00,44.00,62.00,0.0000,494.13,1,0,2.9584,ACCEPT,0,1167,524,27474,4,200,2032,0,0,0,0
111,0,1,1,ACCEPT,26.7701,6.2737,1719,0,0,1.0000,535.97,213.69,25.00,73.00,625.00,658.50,28.00,69.00,0.0000,453.64,1,0,2.9952,ACCEPT,0,1386,909,17310,4,200,1719,0,0,0,0
112,0,1,1,ACCEPT,26.8871,5.9318,1827,0,0,1.0000,535.97,213.69,25.00,73.00,606.50,641.00,33.00,66.00,0.0000,433.09,1,0,2.9433,ACCEPT,0,1213,353,29849,4,200,1827,0,0,0,0
113,0,1,1,ACCEPT,31.3529,5.3046,2212,0,0,1.0000,535.97,213.69,25.00,73.00,604.00,629.50,44.00,61.00,0.0000,421.34,1,0,2.7503,ACCEPT,0,1227,540,24445,4,200,2212,0,0,0,0
114,0,1,1,ACCEPT,28.0322,7.1854,2170,0,0,1.0000,535.97,213.69,25.00,73.00,617.50,606.00,47.00,56.00,0.0000,400.69,1,0,2.7004,ACCEPT,0,1527,535,24142,4,200,2170,0,0,0,0
115,0,1,1,ACCEPT,30.1528,6.5000,1872,0,0,1.0000,535.97,213.69,25.00,73.00,648.00,573.00,58.00,46.00,0.0000,376.37,1,0,2.8225,ACCEPT,0,1224,549,28020,4,200,1872,0,0,0,0
116,0,1,1,ACCEPT,26.6465,5.5775,2086,0,0,1.0000,535.97,213.69,25.00,73.00,659.50,564.50,65.00,31.00,0.0000,371.93,1,0,3.0134,ACCEPT,0,1587,672,23788,4,200,2086,0,0,0,0
117,0,1,1,ACCEPT,27.2825,4.9553,1883,0,0,1.0000,535.97,213.69,25.00,73.00,677.00,553.50,66.00,23.00,0.0000,367.92,1,0,3.0709,ACCEPT,0,1212,691,25685,4,200,1883,0,0,0,0
118,0,1,1,ACCEPT,24.3550,4.7100,1738,0,0,1.0000,535.97,213.69,25.00,73.00,704.50,551.50,65.00,25.00,0.0000,377.52,1,0,2.8523,ACCEPT,0,1314,539,30861,4,200,1738,0,0,0,0
119,0,1,1,ACCEPT,29.5779,6.3055,1961,0,0,1.0000,535.97,213.69,25.00,73.00,725.50,556.50,63.00,37.00,0.0000,391.72,1,0,3.0751,ACCEPT,0,1099,701,23258,4,200,1961,0,0,0,0
120,0,1,1,ACCEPT,23.4225,4.9516,1738,0,0,1.0000,535.97,213.69,25.00,73.00,736.00,556.00,60.00,40.00,0.0000,396.47,1,0,3.0223,ACCEPT,0,1170,470,30113,4,200,1738,0,0,0,0
121,0,1,1,ACCEPT,30.6645,7.1081,1841,0,0,1.0000,535.97,213.69,25.00,73.00,743.00,559.50,58.00,41.00,0.0000,403.05,1,0,3.0428,ACCEPT,0,1060,541,25565,4,200,1841,0,0,0,0
122,0,1,1,ACCEPT,31.3963,7.7455,1735,0,0,1.0000,535.97,213.69,25.00,73.00,747.50,565.50,59.00,37.00,0.0000,410.51,1,0,2.9958,ACCEPT,0,984,395,26423,4,200,1735,0,0,0,0
123,0,1,1,ACCEPT,33.2502,6.9514,1717,0,0,1.0000,535.97,213.69,25.00,73.00,750.50,567.50,57.00,35.00,0.0000,413.77,1,0,2.9744,ACCEPT,0,851,582,27734,4,200,1717,0,0,0,0
124,0,1,1,ACCEPT,29.6726,5.3127,1801,0,0,1.0000,535.97,213.69,25.00,73.00,756.00,568.00,52.00,34.00,0.0000,417.07,1,0,2.8955,ACCEPT,0,1167,467,26847,4,200,1801,0,0,0,0
125,0,1,1,ACCEPT,27.9976,5.7833,1868,0,0,1.0000,535.97,213.69,25.00,73.00,760.00,571.50,48.00,33.00,0.0000,422.16,1,0,3.0092,ACCEPT,0,959,619,25358,4,200,1868,0,0,0,0
126,0,1,1,ACCEPT,28.5168,6.5099,1966,0,0,1.0000,535.97,213.69,25.00,73.00,760.50,573.50,49.00,31.00,0.0000,424.12,1,0,3.1639,ACCEPT,0,1345,396,26892,4,200,1966,0,0,0,0
127,0,1,1,ACCEPT,28.8977,7.2523,1610,0,0,1.0000,535.97,213.69,25.00,73.00,757.50,575.00,53.00,26.00,0.0000,423.82,1,0,3.0702,ACCEPT,0,1183,372,29834,4,200,1610,0,0,0,0
128,0,1,1,ACCEPT,29.1627,6.2556,1664,0,0,1.0000,535.97,213.69,25.00,73.00,755.50,575.50,49.00,27.00,0.0000,423.20,1,0,2.8174,ACCEPT,0,972,335,30009,4,200,1664,0,0,0,0
129,0,1,1,ACCEPT,28.1618,6.5856,1732,0,0,1.0000,535.97,213.69,25.00,73.00,754.00,571.50,52.00,35.00,0.0000,419.01,1,0,2.6902,ACCEPT,0,1121,533,26705,4,200,1732,0,0,0,0
130,0,1,1,ACCEPT,28.9335,5.7493,2087,0,0,1.0000,535.97,213.69,25.00,73.00,756.00,570.50,52.00,35.00,0.0000,419.20,1,0,3.0489,ACCEPT,0,1257,585,23738,4,200,2087,0,0,0,0
131,0,1,1,ACCEPT,28.3850,4.5105,1502,0,0,1.0000,535.97,213.69,25.00,73.00,753.50,571.50,49.00,43.00,0.0000,418.75,1,0,3.1423,ACCEPT,0,1114,523,22741,4,200,1502,0,0,0,0
132,0,1,1,ACCEPT,28.1782,6.3985,1702,0,0,1.0000,535.97,213.69,25.00,73.00,754.50,574.50,49.00,39.00,0.0000,421.83,1,0,3.1877,ACCEPT,0,1010,605,25292,4,200,1702,0,0,0,0
133,0,1,1,ACCEPT,29.7063,8.0930,2088,0,0,1.0000,535.97,213.69,25.00,73.00,753.50,574.00,51.00,38.00,0.0000,420.89,1,0,2.9506,ACCEPT,0,1333,802,24787,4,200,2088,0,0,0,0
134,0,1,1,ACCEPT,29.5854,4.9186,1933,0,0,1.0000,535.97,213.69,25.00,73.00,754.00,574.50,54.00,37.00,0.0000,421.57,1,0,3.1737,ACCEPT,0,1094,774,24484,4,200,1933,0,0,0,0
135,0,1,1,ACCEPT,29.2993,6.3285,2177,0,0,1.0000,535.97,213.69,25.00,73.00,753.50,576.00,53.00,34.00,0.0000,422.60,1,0,2.9080,ACCEPT,0,1226,546,25761,4,200,2177,0,0,0,0
136,0,1,1,ACCEPT,27.4311,6.3133,1572,0,0,1.0000,535.97,213.69,25.00,73.00,755.00,575.50,58.00,29.00,0.0000,422.95,1,0,3.1553,ACCEPT,0,918,796,29397,4,200,1572,0,0,0,0
137,0,1,1,ACCEPT,30.3690,7.2475,2138,0,0,1.0000,535.97,213.69,25.00,73.00,755.00,575.50,60.00,27.00,0.0000,422.95,1,0,2.9472,ACCEPT,0,1175,816,26942,4,200,2138,0,0,0,0
138,0,1,1,ACCEPT,30.6868,7.0000,2044,0,0,1.0000,535.97,213.69,25.00,73.00,757.00,576.00,62.00,24.00,0.0000,424.41,1,0,3.0892,ACCEPT,0,1044,620,30877,4,200,2044,0,0,0,0
139,0,1,1,ACCEPT,29.3086,7.4139,1809,0,0,1.0000,535.97,213.69,25.00,73.00,760.00,578.00,62.00,22.00,0.0000,427.68,1,0,3.0069,ACCEPT,0,1018,698,29022,4,200,1809,0,0,0,0
140,0,1,1,ACCEPT,30.2800,7.2844,1537,0,0,1.0000,535.97,213.69,25.00,73.00,763.00,580.50,62.00,21.00,0.0000,431.39,1,0,3.0399,ACCEPT,0,899,720,31861,4,200,1537,0,0,0,0
141,0,1,1,ACCEPT,29.5246,8.1489,1532,0,0,1.0000,535.97,213.69,25.00,73.00,763.00,581.00,64.00,22.00,0.0000,431.81,1,0,3.0938,ACCEPT,0,971,766,24646,4,200,1532,0,0,0,0
142,0,1,1,ACCEPT,30.3361,7.0519,1629,0,0,1.0000,535.97,213.69,25.00,73.00,763.00,581.00,66.00,22.00,0.0000,431.81,1,0,3.0893,ACCEPT,0,952,928,23267,4,200,1629,0,0,0,0
143,0,1,1,ACCEPT,29.7818,6.0846,1655,0,0,1.0000,535.97,213.69,25.00,73.00,769.50,582.50,63.00,23.00,0.0000,436.53,1,0,3.0132,ACCEPT,0,731,1278,23631,4,200,1655,0,0,0,0
144,0,1,1,ACCEPT,28.0708,6.5308,1378,0,0,1.0000,535.97,213.69,25.00,73.00,777.50,586.50,53.00,23.00,0.0000,444.21,1,0,3.0565,ACCEPT,0,797,678,32767,4,200,1378,0,0,0,0
145,0,1,1,ACCEPT,26.5560,6.1940,1437,0,0,1.0000,535.97,213.69,25.00,73.00,777.00,585.00,54.00,22.00,0.0000,442.68,1,0,3.0121,ACCEPT,0,1027,479,32767,4,200,1437,0,0,0,0
146,0,1,1,ACCEPT,28.0519,5.4464,1269,0,0,1.0000,535.97,213.69,25.00,73.00,776.00,584.50,54.00,23.00,0.0000,441.72,1,0,3.1001,ACCEPT,0,673,928,24532,4,200,1269,0,0,0,0
147,0,1,1,ACCEPT,27.4187,5.2823,1553,0,0,1.0000,535.97,213.69,25.00,73.00,771.50,581.50,57.00,31.00,0.0000,436.76,1,0,3.1193,ACCEPT,0,909,548,25755,4,200,1553,0,0,0,0
148,0,1,1,ACCEPT,32.3985,6.9521,1161,0,0,1.0000,535.97,213.69,25.00,73.00,771.50,579.50,57.00,33.00,0.0000,435.08,1,0,3.0404,ACCEPT,0,701,770,25781,4,200,1161,0,0,0,0
149,0,1,1,ACCEPT,26.9074,5.7280,1369,0,0,1.0000,535.97,213.69,25.00,73.00,772.50,580.00,57.00,34.00,0.0000,436.04,1,0,3.2121,ACCEPT,0,858,555,28196,4,200,1369,0,0,0,0
150,0,1,1,ACCEPT,27.1705,6.1292,1281,0,0,1.0000,535.97,213.69,25.00,73.00,774.00,578.50,56.00,31.00,0.0000,435.60,1,0,3.0595,ACCEPT,0,951,499,27582,4,200,1281,0,0,0,0
151,0,1,1,ACCEPT,25.0572,5.1570,1248,0,0,1.0000,535.97,213.69,25.00,73.00,774.00,578.50,60.00,27.00,0.0000,435.60,1,0,3.0732,ACCEPT,0,767,511,25626,4,200,1248,0,0,0,0
152,0,1,1,ACCEPT,27.5131,6.4074,1038,0,0,1.0000,535.97,213.69,25.00,73.00,775.50,579.50,59.00,25.00,0.0000,437.26,1,0,3.1107,ACCEPT,0,760,664,25362,4,200,1038,0,0,0,0
153,0,1,1,ACCEPT,32.8031,7.0635,1335,0,0,1.0000,535.97,213.69,25.00,73.00,772.50,581.00,57.00,24.00,0.0000,436.88,1,0,3.1153,ACCEPT,0,672,739,28211,4,200,1335,0,0,0,0
154,0,1,1,ACCEPT,27.3849,5.3311,1562,0,0,1.0000,535.97,213.69,25.00,73.00,771.00,578.50,60.00,23.00,0.0000,433.97,1,0,3.1062,ACCEPT,0,1175,949,23490,4,200,1562,0,0,0,0
155,0,1,1,ACCEPT,27.0648,6.3084,1350,0,0,1.0000,535.97,213.69,25.00,73.00,770.50,585.00,65.00,20.00,0.0000,439.18,1,0,3.0287,ACCEPT,0,739,630,32767,4,200,1350,0,0,0,0
156,0,1,1,ACCEPT,32.0961,6.1602,1577,0,0,1.0000,535.97,213.69,25.00,73.00,780.00,594.00,66.00,22.00,0.0000,451.87,1,0,3.1650,ACCEPT,0,928,517,24273,4,200,1577,0,0,0,0
157,0,1,1,ACCEPT,25.8266,4.5930,790,0,0,1.0000,535.97,213.69,25.00,73.00,792.00,602.00,64.00,30.00,0.0000,465.12,1,0,3.1410,ACCEPT,0,493,757,28110,4,200,790,0,0,0,0
158,0,1,1,ACCEPT,27.3747,5.2481,1417,0,0,1.0000,535.97,213.69,25.00,73.00,808.50,601.50,61.00,35.00,0.0000,474.00,1,0,3.1284,ACCEPT,0,862,587,32767,4,200,1417,0,0,0,0
159,0,1,1,ACCEPT,28.5527,7.0304,1617,0,0,1.0000,535.97,213.69,25.00,73.00,822.50,602.00,55.00,46.00,0.0000,482.58,1,0,3.0143,ACCEPT,0,1067,702,30331,4,200,1617,0,0,0,0
160,0,1,1,ACCEPT,27.2030,6.4554,1375,0,0,1.0000,535.97,213.69,25.00,73.00,845.00,590.00,36.00,64.00,0.0000,486.94,1,0,3.0614,ACCEPT,0,1067,637,29679,4,200,1375,0,0,0,0
161,0,1,1,ACCEPT,30.1453,5.3896,1342,0,0,1.0000,535.97,213.69,25.00,73.00,862.00,554.00,24.00,66.00,0.0000,471.28,1,0,3.0204,ACCEPT,0,864,776,32767,4,200,1342,0,0,0,0
162,0,1,1,ACCEPT,31.0084,6.0332,1273,0,0,1.0000,535.97,213.69,25.00,73.00,870.00,514.00,22.00,68.00,0.0000,449.18,1,0,3.1535,ACCEPT,0,791,498,32767,4,200,1273,0,0,0,0
163,0,1,1,ACCEPT,26.3125,6.1718,1006,0,0,1.0000,535.97,213.69,25.00,73.00,868.00,476.00,26.00,66.00,0.0000,423.15,1,0,3.0486,ACCEPT,0,705,714,32767,4,200,1006,0,0,0,0
164,0,1,1,ACCEPT,26.1552,6.1444,1106,0,0,1.0000,535.97,213.69,25.00,73.00,870.50,449.00,31.00,66.00,0.0000,409.00,1,0,3.0687,ACCEPT,0,950,664,26318,4,200,1106,0,0,0,0
165,0,1,1,ACCEPT,26.5227,7.0432,1141,0,0,1.0000,535.97,213.69,25.00,73.00,870.50,442.00,33.00,64.00,0.0000,405.02,1,0,3.0214,ACCEPT,0,769,818,25587,4,200,1141,0,0,0,0
166,0,1,1,ACCEPT,25.8874,5.2031,1332,0,0,1.0000,535.97,213.69,25.00,73.00,870.00,435.00,44.00,58.00,0.0000,400.69,1,0,3.1260,ACCEPT,0,856,566,32767,4,200,1332,0,0,0,0
167,0,1,1,ACCEPT,27.3968,5.9747,1183,0,0,1.0000,535.97,213.69,25.00,73.00,873.50,433.00,49.00,54.00,0.0000,402.52,1,0,3.0234,ACCEPT,0,862,705,30569,4,200,1183,0,0,0,0
168,0,1,1,ACCEPT,27.2319,6.0754,1209,0,0,1.0000,535.97,213.69,25.00,73.00,871.50,427.00,55.00,48.00,0.0000,397.60,1,0,3.0497,ACCEPT,0,811,801,23925,4,200,1209,0,0,0,0
169,0,1,1,ACCEPT,26.3805,6.3545,1201,0,0,1.0000,535.97,213.69,25.00,73.00,866.00,419.00,48.00,56.00,0.0000,388.68,1,0,3.0737,ACCEPT,0,647,498,26975,4,200,1201,0,0,0,0
170,0,1,1,ACCEPT,26.7535,6.7644,1407,0,0,1.0000,535.97,213.69,25.00,73.00,853.00,408.50,38.00,63.00,0.0000,372.10,1,0,3.0590,ACCEPT,0,1130,583,26938,4,200,1407,0,0,0,0
171,0,1,1,ACCEPT,28.8374,6.2902,1214,0,0,1.0000,535.97,213.69,25.00,73.00,840.50,380.50,35.00,65.00,0.0000,347.23,1,0,3.0539,ACCEPT,0,781,329,22063,4,200,1214,0,0,0,0
172,0,1,1,ACCEPT,22.7162,4.8910,1032,0,0,1.0000,535.97,213.69,25.00,73.00,824.50,340.00,39.00,60.00,0.0000,314.97,1,0,3.1435,ACCEPT,0,1055,409,28245,4,200,1032,0,0,0,0
173,0,1,1,ACCEPT,30.4437,6.6238,1391,0,0,1.0000,535.97,213.69,25.00,73.00,803.00,291.50,50.00,51.00,0.0000,278.14,1,0,3.0353,ACCEPT,0,923,561,25290,4,200,1391,0,0,0,0
174,0,1,1,ACCEPT,28.3198,6.4178,1367,0,0,1.0000,535.97,213.69,25.00,73.00,780.00,259.00,52.00,50.00,0.0000,248.20,1,0,2.9937,ACCEPT,0,755,487,28764,4,200,1367,0,0,0,0
175,0,1,1,ACCEPT,27.5018,6.9322,1227,0,0,1.0000,535.97,213.69,25.00,73.00,758.50,232.50,57.00,41.00,0.0000,223.33,1,0,3.0273,ACCEPT,0,792,463,28810,4,200,1227,0,0,0,0
176,0,1,1,ACCEPT,27.3122,7.1420,1157,0,0,1.0000,535.97,213.69,25.00,73.00,735.00,210.00,64.00,36.00,0.0000,199.07,1,0,3.0333,ACCEPT,0,801,444,32767,4,200,1157,0,0,0,0
177,0,1,1,ACCEPT,25.0856,6.5813,1336,0,0,1.0000,535.97,213.69,25.00,73.00,706.50,192.00,65.00,30.00,0.0000,171.90,1,0,3.1537,ACCEPT,0,926,445,32459,4,200,1336,0,0,0,0
178,0,1,1,ACCEPT,25.6176,5.2642,1295,0,0,1.0000,535.97,213.69,25.00,73.00,687.00,179.50,68.00,25.00,0.0000,154.85,1,0,2.9937,ACCEPT,0,946,585,27148,4,200,1295,0,0,0,0
179,0,1,1,ACCEPT,28.9788,5.6518,1396,0,0,1.0000,535.97,213.69,25.00,73.00,666.00,174.50,70.00,19.00,0.0000,135.81,1,0,3.0778,ACCEPT,0,878,598,27961,4,200,1396,0,0,0,0
180,0,1,1,ACCEPT,27.0477,5.2322,1397,0,0,1.0000,535.97,213.69,25.00,73.00,658.50,172.50,69.00,23.00,0.0000,129.27,1,0,3.0919,ACCEPT,0,825,565,24766,4,200,1397,0,0,0,0
181,0,1,1,ACCEPT,21.9803,4.2308,1210,0,0,1.0000,535.97,213.69,25.00,73.00,637.00,176.00,70.00,24.00,0.0000,107.83,1,0,3.0382,ACCEPT,0,834,477,26535,4,200,1210,0,0,0,0
182,0,1,1,ACCEPT,25.3079,4.7962,1012,0,0,1.0000,535.97,213.69,25.00,73.00,628.00,175.50,68.00,35.00,0.0000,99.64,1,0,2.9789,ACCEPT,0,668,354,29837,4,200,1012,0,0,0,0
183,0,1,1,ACCEPT,25.9600,5.2739,1271,0,0,1.0000,535.97,213.69,25.00,73.00,626.00,178.50,66.00,37.00,0.0000,96.66,1,0,3.0718,ACCEPT,0,841,442,25187,4,200,1271,0,0,0,0
184,0,1,1,ACCEPT,29.1880,4.9217,1132,0,0,1.0000,535.97,213.69,25.00,73.00,625.50,179.50,63.00,39.00,0.0000,95.84,1,0,3.0560,ACCEPT,0,621,335,32767,4,200,1132,0,0,0,0
185,0,1,1,ACCEPT,26.1647,6.4873,1025,0,0,1.0000,535.97,213.69,25.00,73.00,616.50,180.00,63.00,44.00,0.0000,87.29,1,0,3.0276,ACCEPT,0,738,536,28547,4,200,1025,0,0,0,0
186,0,1,1,ACCEPT,26.7893,6.8503,1144,0,0,1.0000,535.97,213.69,25.00,73.00,617.50,180.00,65.00,42.00,0.0000,88.22,1,0,3.0223,ACCEPT,0,729,319,31997,4,200,1144,0,0,0,0
187,0,1,1,ACCEPT,23.4184,4.7294,1206,0,0,1.0000,535.97,213.69,25.00,73.00,615.50,181.50,63.00,43.00,0.0000,85.80,1,0,3.0498,ACCEPT,0,1136,429,27893,4,200,1206,0,0,0,0
188,0,1,1,ACCEPT,27.6020,6.0703,1123,0,0,1.0000,535.97,213.69,25.00,73.00,614.50,177.00,65.00,40.00,0.0000,86.68,1,0,3.0147,ACCEPT,0,600,366,28882,4,200,1123,0,0,0,0
189,0,1,1,ACCEPT,28.1615,5.9905,1258,0,0,1.0000,535.97,213.69,25.00,73.00,614.50,176.50,65.00,39.00,0.0000,86.89,1,0,3.0182,ACCEPT,0,771,365,27554,4,200,1258,0,0,0,0
190,0,1,1,ACCEPT,24.2494,6.6582,1052,0,0,1.0000,535.97,213.69,25.00,73.00,613.50,176.50,63.00,39.00,0.0000,85.99,1,0,2.9615,ACCEPT,0,860,355,26290,4,200,1052,0,0,0,0
191,0,1,1,ACCEPT,22.1459,5.6259,782,0,0,1.0000,535.97,213.69,25.00,73.00,613.00,174.50,64.00,35.00,0.0000,86.43,1,0,3.0225,ACCEPT,0,738,1739,11306,4,200,782,0,0,0,0
192,0,1,1,ACCEPT,17.1275,3.2099,520,0,0,1.0000,535.97,213.69,25.00,73.00,615.00,173.50,68.00,29.00,0.0000,88.66,1,0,2.9766,ACCEPT,0,387,3223,5812,4,200,520,0,0,0,0
193,0,1,1,ACCEPT,6.2634,1.0909,372,-8,8,0.8952,529.72,231.94,23.11,67.49,617.00,166.50,70.00,25.00,0.0000,109.09,1,-2,2.3547,ACCEPT,0,683,4121,5747,4,200,372,0,0,0,0
194,0,1,1,ACCEPT,6.2474,1.1535,1187,8,2,0.6841,535.47,236.16,21.37,62.40,615.00,167.00,70.00,26.00,0.0000,105.39,1,-2,2.4116,ACCEPT,0,2433,3856,10372,4,200,1187,0,0,0,0
195,0,1,1,ACCEPT,12.9398,2.1701,1263,11,1,0.2985,542.86,238.11,19.76,57.69,612.50,165.50,69.00,25.00,0.0000,100.61,1,-2,2.2580,ACCEPT,0,1393,3324,10959,4,200,1263,0,0,0,0
196,0,1,1,ACCEPT,17.5845,2.5240,1156,2,0,0.6548,544.11,238.11,18.27,53.34,607.00,168.50,68.00,25.00,0.0000,93.81,1,-2,2.3568,ACCEPT,0,1035,2791,9781,4,200,1156,0,0,0,0
197,0,1,1,ACCEPT,22.1264,2.9956,1357,1,1,0.7752,544.69,239.78,16.89,49.32,591.00,165.00,68.00,30.00,0.0000,87.96,1,-2,2.4957,ACCEPT,0,1005,2104,9142,4,200,1357,0,0,0,0
198,0,1,1,ACCEPT,23.0905,3.2085,1354,0,0,1.0000,544.69,239.78,15.61,45.60,539.50,150.00,69.00,28.00,0.0000,89.93,1,-2,2.5649,ACCEPT,0,1013,2050,8315,4,200,1354,0,0,0,0
199,0,1,1,ACCEPT,23.8114,3.1087,1315,-1,1,0.9605,544.20,241.20,14.44,42.16,502.00,141.00,70.00,22.00,0.0000,108.73,1,-2,2.3068,ACCEPT,0,967,1659,9255,4,200,1315,0,0,0,0
200,0,1,1,ACCEPT,25.3697,3.2493,1212,-1,0,0.9018,543.75,241.20,13.35,38.98,493.00,142.50,68.00,25.00,0.0000,110.99,1,-2,2.6069,ACCEPT,0,920,1358,8441,4,200,1212,0,0,0,0
0,0,0,0,ZERO_RESPONSE,0.0000,0.0000,0,0,0,0.0000,665.00,176.50,60.00,37.00,665.00,176.50,60.00,37.00,1.0000,0.00,1,0,0.0000,NOT_RUN,0,0,3797,17398,5,250,0,0,0,0,0
1,0,1,1,ACCEPT,25.0843,6.4048,1076,0,-2,0.7574,665.00,174.19,60.00,37.00,666.50,176.00,59.00,38.00,0.8653,2.35,1,0,3.3125,ACCEPT,0,761,3532,16563,5,250,1076,0,0,0,0
2,0,1,1,ACCEPT,19.9295,3.6426,958,-2,1,0.5136,661.25,175.34,60.00,37.00,662.00,177.00,58.00,42.00,0.8550,1.82,1,0,3.2613,ACCEPT,0,776,2820,20114,5,250,958,0,0,0,0
3,0,1,1,ACCEPT,12.6084,3.1200,936,-2,0,0.5662,657.50,175.34,60.00,37.00,658.50,175.50,55.00,47.00,0.7347,1.01,1,0,3.4115,ACCEPT,0,1117,2695,19488,5,250,936,0,0,0,0
4,0,1,1,ACCEPT,11.4228,2.5773,817,-2,0,0.7368,653.75,175.34,60.00,37.00,654.00,174.50,50.00,53.00,0.6126,0.88,1,0,3.4567,ACCEPT,0,970,2222,21470,5,250,817,0,0,0,0
5,0,1,1,ACCEPT,11.4596,2.0533,848,0,2,0.5236,653.75,177.66,60.00,37.00,653.00,177.50,48.00,55.00,0.5759,0.77,1,0,3.5199,ACCEPT,0,1027,1991,23988,5,250,848,0,0,0,0
6,0,1,1,ACCEPT,16.1491,3.0406,1198,3,0,0.4124,659.38,177.66,60.00,37.00,657.00,176.50,56.00,55.00,0.6349,2.64,1,0,3.5159,ACCEPT,0,1273,1902,22113,5,250,1198,0,0,0,0
7,0,1,1,ACCEPT,15.3214,2.3050,1058,1,5,0.0614,661.25,183.44,60.00,37.00,658.00,185.50,66.00,35.00,0.8104,3.85,1,0,2.8490,ACCEPT,0,1060,1437,30717,5,250,1058,0,0,0,0
8,0,1,1,ACCEPT,13.2105,1.7464,1081,1,1,0.9408,663.12,184.59,60.00,37.00,658.00,186.50,66.00,29.00,0.6835,5.47,1,0,3.5288,ACCEPT,0,1135,1333,32767,5,250,1081,0,0,0,0
9,0,1,1,ACCEPT,12.4449,2.1146,1218,0,-2,0.8268,663.12,182.28,60.00,37.00,659.50,185.00,65.00,30.00,0.7348,4.53,1,6,1.5719,MAX_STEP,0,1389,1055,31334,5,250,1218,0,0,0,0
10,0,1,1,ACCEPT,14.2553,1.8101,1220,1,1,0.9525,665.00,183.44,60.00,37.00,660.00,185.50,64.00,27.00,0.6389,5.41,1,0,3.4996,ACCEPT,0,1243,1148,27915,5,250,1220,0,0,0,0
11,0,1,1,ACCEPT,14.8059,1.9456,1288,0,0,1.0000,665.00,183.44,60.00,37.00,661.50,185.00,67.00,26.00,0.6495,3.83,1,0,3.5423,ACCEPT,0,1322,1100,27635,5,250,1288,0,0,0,0
12,0,1,1,ACCEPT,19.9587,2.5089,1558,1,0,0.9917,666.88,183.44,60.00,37.00,663.50,184.50,67.00,31.00,0.7632,3.54,1,0,3.4277,ACCEPT,0,1305,950,29523,5,250,1558,0,0,0,0
13,0,1,1,ACCEPT,8.8434,1.6188,756,-8,6,0.1230,651.88,190.38,60.00,37.00,647.50,193.00,63.00,38.00,0.7599,5.10,1,14,1.3173,MAX_STEP,0,807,466,32767,5,250,756,0,0,0,0
14,0,1,1,ACCEPT,10.1677,2.1000,630,-15,7,0.1048,623.75,198.47,60.00,37.00,618.00,200.00,64.00,30.00,0.6881,5.95,1,0,3.2588,ACCEPT,0,776,405,32767,5,250,630,0,0,0,0
15,0,1,0,NEGATIVE_PEAK,-7.1088,1.2816,-355,-5,3,0.2732,623.75,198.47,60.00,37.00,595.00,209.00,68.00,22.00,0.2194,30.62,0,0,0.0000,NOT_RUN,0,618,409,0,5,250,355,0,0,0,0
16,0,1,0,NEGATIVE_PEAK,-5.3635,1.0468,-179,-19,10,0.0670,623.75,198.47,60.00,37.00,590.00,212.00,66.00,30.00,0.1615,36.36,0,0,0.0000,NOT_RUN,0,460,514,0,5,250,179,0,0,0,0
17,0,1,1,ACCEPT,5.2880,1.0765,197,-2,13,0.0406,620.00,213.50,60.00,37.00,588.50,211.50,65.00,29.00,0.2804,31.56,1,-16,1.7707,AT_SEARCH_RAIL,0,552,478,32767,5,250,197,0,0,0,0
18,0,1,0,LOW_PSR,4.9436,1.0000,433,-17,-1,0.3326,620.00,213.50,60.00,37.00,588.00,207.00,66.00,24.00,0.2431,32.65,0,0,0.0000,NOT_RUN,0,1128,405,0,5,250,433,0,0,0,0
19,0,1,1,ACCEPT,6.5307,1.0861,366,-22,1,0.3525,578.75,214.66,60.00,37.00,570.50,203.00,67.00,28.00,0.3911,14.28,1,10,1.0192,MAX_STEP,0,922,257,32767,5,250,366,0,0,0,0
20,0,1,1,ACCEPT,6.1565,1.2025,582,-9,1,0.4674,561.88,215.81,60.00,37.00,557.00,202.00,64.00,32.00,0.3829,14.65,1,5,2.2230,MAX_STEP,0,1429,507,32767,5,250,582,0,0,0,0
21,0,1,1,ACCEPT,5.5195,1.0159,705,-7,1,0.3305,548.75,216.97,60.00,37.00,548.50,198.00,59.00,44.00,0.3583,18.97,1,-2,1.7922,LOW_CONF,0,1950,404,32767,5,250,705,0,0,0,0
22,0,1,1,ACCEPT,8.5672,1.5771,675,-2,-2,0.4681,545.00,214.66,57.69,35.58,544.50,195.00,55.00,44.00,0.3290,19.66,1,-1,2.6477,ACCEPT,0,1285,427,32767,5,250,675,0,0,0,0
23,0,1,1,ACCEPT,8.1123,1.6384,444,2,-8,0.0428,548.59,205.78,57.69,35.58,546.00,191.00,60.00,36.00,0.3899,15.01,1,-14,1.5658,MAX_STEP,0,822,355,32767,5,250,444,0,0,0,0
24,0,1,1,ACCEPT,8.3693,1.8199,657,0,-5,0.0304,548.59,200.23,57.69,35.58,544.00,187.00,64.00,32.00,0.3927,14.01,1,5,1.3607,MAX_STEP,0,1260,500,32767,5,250,657,0,0,0,0
25,0,1,1,ACCEPT,9.6110,2.0439,1210,-1,-2,0.5777,546.80,198.02,57.69,35.58,541.50,184.00,63.00,30.00,0.3552,14.98,1,7,1.1189,MAX_STEP,0,2027,622,32767,5,250,1210,0,0,0,0
26,0,1,1,ACCEPT,6.9342,1.3506,705,-1,-12,0.1390,545.00,184.70,60.00,37.00,538.50,178.00,65.00,26.00,0.5507,9.34,1,1,2.7572,ACCEPT,0,1587,579,26490,5,250,705,0,0,0,0
27,0,1,1,ACCEPT,10.9839,1.9417,1532,0,-7,0.0013,545.00,176.61,60.00,37.00,539.50,177.00,65.00,28.00,0.6530,5.51,1,0,3.3324,ACCEPT,0,2091,822,26873,5,250,1532,0,0,0,0
28,0,1,1,ACCEPT,17.7544,2.7799,2816,-1,-2,0.6449,543.12,174.30,60.00,37.00,537.50,174.50,63.00,31.00,0.7096,5.63,1,0,3.4533,ACCEPT,0,2536,883,23235,5,250,2816,0,0,0,0
29,0,1,1,ACCEPT,18.9052,2.6893,2536,0,2,0.6467,543.12,176.61,60.00,37.00,537.50,177.00,63.00,30.00,0.6888,5.64,1,0,3.4226,ACCEPT,0,2234,742,27036,5,250,2536,0,0,0,0
30,0,1,1,ACCEPT,10.3400,1.8282,1852,-1,3,0.5254,541.25,180.08,60.00,37.00,538.00,179.00,66.00,24.00,0.6051,3.42,1,0,3.2744,ACCEPT,0,2909,814,25334,5,250,1852,0,0,0,0
31,0,1,1,ACCEPT,7.3922,1.3225,1427,-2,2,0.5004,537.50,182.39,60.00,37.00,537.00,179.50,64.00,23.00,0.5969,2.93,1,0,3.4669,ACCEPT,0,2877,807,25515,5,250,1427,0,0,0,0
32,0,1,1,ACCEPT,6.9126,1.1341,1395,-2,2,0.6423,533.75,184.70,60.00,37.00,537.00,181.00,62.00,24.00,0.5969,4.93,1,0,3.5807,ACCEPT,0,2806,607,30490,5,250,1395,0,0,0,0
33,0,1,1,ACCEPT,7.7669,1.4052,1727,-1,2,0.7968,531.88,187.02,60.00,37.00,537.00,183.50,60.00,25.00,0.5842,6.21,1,0,3.3700,ACCEPT,0,3104,568,32748,5,250,1727,0,0,0,0
34,0,1,1,ACCEPT,10.7785,1.7438,2389,-1,-1,0.8681,530.00,185.86,60.00,37.00,536.50,183.50,61.00,25.00,0.5637,6.91,1,0,3.4207,ACCEPT,0,3187,556,30366,5,250,2389,0,0,0,0
35,0,1,1,ACCEPT,15.6453,2.9856,2693,1,-5,0.2191,531.88,180.08,60.00,37.00,532.50,183.50,55.00,37.00,0.7669,3.48,1,0,3.2843,ACCEPT,0,2547,536,29574,5,250,2693,0,0,0,0
36,0,1,1,ACCEPT,5.0277,1.1833,1433,-13,12,0.8018,507.50,193.95,60.00,37.00,525.50,168.50,27.00,61.00,0.1838,31.17,1,0,2.3754,ACCEPT,0,5077,607,23088,5,250,1433,0,0,0,0
37,0,1,1,ACCEPT,8.6016,1.6547,1064,2,-2,0.3252,511.25,191.64,62.40,38.48,537.50,162.00,29.00,68.00,0.1173,39.59,1,1,2.2661,ACCEPT,0,1661,745,21983,5,250,1064,0,0,0,0
38,0,1,1,ACCEPT,10.4243,1.8159,1144,1,-1,0.7631,513.20,190.44,64.90,40.02,534.50,160.00,25.00,72.00,0.1595,37.15,1,1,2.6659,ACCEPT,0,1621,584,20270,5,250,1144,0,0,0,0
39,0,1,1,ACCEPT,11.1973,2.0264,1384,0,1,0.9393,513.20,191.69,64.90,40.02,535.00,162.00,26.00,68.00,0.1518,36.83,1,0,2.6895,ACCEPT,0,1902,598,19828,5,250,1384,0,0,0,0
40,0,1,1,ACCEPT,13.6708,2.2684,1758,0,0,1.0000,513.20,191.69,64.90,40.02,534.50,162.50,25.00,67.00,0.1556,36.13,1,0,2.8419,ACCEPT,0,2043,640,18428,5,250,1758,0,0,0,0
41,0,1,1,ACCEPT,13.3131,2.2881,1636,-1,1,0.7463,511.17,192.94,67.49,41.62,533.50,164.50,25.00,69.00,0.1652,36.16,1,1,2.6670,ACCEPT,0,1882,559,18447,5,250,1636,0,0,0,0
42,0,1,1,ACCEPT,13.3385,2.2163,1660,-2,1,0.5602,506.95,194.23,70.19,43.28,532.00,167.00,30.00,66.00,0.1585,37.00,1,1,2.5077,ACCEPT,0,1970,633,18315,5,250,1660,0,0,0,0
43,0,1,1,ACCEPT,14.7481,2.0780,1839,-1,2,0.7738,504.77,196.95,73.00,45.02,530.00,169.50,30.00,65.00,0.1604,37.29,1,1,2.6094,ACCEPT,0,2064,637,17337,5,250,1839,0,0,0,0
44,0,1,1,ACCEPT,16.7379,2.4940,1878,0,0,1.0000,504.77,196.95,75.92,46.82,527.50,169.00,25.00,68.00,0.1630,36.03,1,1,2.4411,ACCEPT,0,1930,582,20007,5,250,1878,0,0,0,0
45,0,1,1,ACCEPT,15.5431,2.1961,1781,1,1,0.8057,507.14,198.42,78.96,48.69,528.00,168.00,24.00,70.00,0.1437,36.89,1,1,2.3420,ACCEPT,0,2037,649,19029,5,250,1781,0,0,0,0
46,0,1,1,ACCEPT,16.3441,1.8670,1966,1,-2,0.6353,509.61,195.39,82.11,50.64,527.00,166.50,32.00,69.00,0.1841,33.72,1,1,2.5473,ACCEPT,0,2114,565,18932,5,250,1966,0,0,0,0
47,0,1,1,ACCEPT,18.3521,2.1657,2562,0,0,1.0000,509.61,195.39,85.40,52.66,529.00,165.50,28.00,71.00,0.1600,35.63,1,1,2.4940,ACCEPT,0,2525,482,14661,5,250,2562,0,0,0,0
48,0,1,1,ACCEPT,19.2810,2.3271,1729,-1,1,0.8537,506.94,197.03,88.81,54.77,531.50,167.00,25.00,72.00,0.1430,38.80,1,1,2.4901,ACCEPT,0,1636,501,17941,5,250,1729,0,0,0,0
49,0,1,1,ACCEPT,20.9450,3.2724,2451,0,0,1.0000,506.94,197.03,92.37,56.96,531.00,168.50,24.00,71.00,0.1391,37.32,1,1,2.7033,ACCEPT,0,2279,531,14699,5,250,2451,0,0,0,0
50,0,1,1,ACCEPT,21.5939,2.6354,2132,0,1,0.9794,506.94,198.81,96.06,59.24,531.50,167.50,25.00,73.00,0.1309,39.80,1,1,2.6123,ACCEPT,0,1888,557,16406,5,250,2132,0,0,0,0
51,0,1,1,ACCEPT,22.8880,3.0420,2461,0,0,1.0000,506.94,198.81,96.06,59.24,530.50,168.50,25.00,73.00,0.1352,38.39,1,0,2.6442,ACCEPT,0,2041,554,18666,5,250,2461,0,0,0,0
52,0,1,1,ACCEPT,24.6437,3.7094,3127,0,-1,0.9891,506.94,196.97,99.90,61.61,530.50,167.50,29.00,71.00,0.1495,37.73,1,1,2.7597,ACCEPT,0,2518,517,17808,5,250,3127,0,0,0,0
53,0,1,1,ACCEPT,24.6671,3.4793,3027,0,0,1.0000,506.94,196.97,103.90,64.07,531.00,167.50,30.00,71.00,0.1494,38.04,1,1,2.7583,ACCEPT,0,2383,533,17514,5,250,3027,0,0,0,0
54,0,1,1,ACCEPT,23.1187,3.4380,2771,0,0,1.0000,506.94,196.97,108.06,66.63,528.50,168.50,35.00,69.00,0.1672,35.71,1,1,2.7470,ACCEPT,0,2237,471,17899,5,250,2771,0,0,0,0
55,0,1,1,ACCEPT,23.8803,3.6580,2824,0,0,1.0000,506.94,196.97,108.06,66.63,529.00,168.50,36.00,69.00,0.1713,36.02,1,0,2.7771,ACCEPT,0,2200,472,20720,5,250,2824,0,0,0,0
56,0,1,1,ACCEPT,27.0160,4.1997,2986,0,-1,0.9829,506.94,194.89,108.06,66.63,530.00,166.50,34.00,71.00,0.1668,36.58,1,0,2.8153,ACCEPT,0,2190,470,21662,5,250,2986,0,0,0,0
57,0,1,1,ACCEPT,28.0520,4.5616,3330,0,0,1.0000,506.94,194.89,108.06,66.63,530.50,167.00,33.00,70.00,0.1632,36.51,1,0,2.8701,ACCEPT,0,2343,475,22957,5,250,3330,0,0,0,0
58,0,1,1,ACCEPT,29.7271,4.7160,3636,0,0,1.0000,506.94,194.89,108.06,66.63,531.00,167.00,32.00,70.00,0.1588,36.84,1,0,2.9058,ACCEPT,0,2488,458,22738,5,250,3636,0,0,0,0
59,0,1,1,ACCEPT,30.5753,4.6764,3685,0,1,0.9929,506.94,196.97,112.38,69.30,530.00,169.00,32.00,68.00,0.1503,36.25,1,1,2.8818,ACCEPT,0,2507,508,22071,5,250,3685,0,0,0,0
60,0,1,1,ACCEPT,30.3543,4.4737,3315,-2,-3,0.4926,499.91,190.45,116.87,72.07,526.00,163.50,34.00,65.00,0.1534,37.51,1,1,2.7642,ACCEPT,0,2116,373,23207,5,250,3315,0,0,0,0
61,0,1,1,ACCEPT,18.0937,2.8862,2485,1,7,0.0616,503.56,206.20,116.87,72.07,533.50,180.00,21.00,68.00,0.1031,39.79,1,0,2.7041,ACCEPT,0,2115,379,17579,5,250,2485,0,0,0,0
62,0,1,1,ACCEPT,10.2920,1.1940,1711,-1,13,0.1502,499.91,235.45,116.87,72.07,540.50,208.50,37.00,65.00,0.1622,48.73,1,1,2.4856,OUT_OF_RANGE,0,2424,450,25021,5,250,1711,0,0,0,0
63,0,1,1,ACCEPT,13.1129,1.8624,2924,-4,10,0.3902,485.28,257.95,116.87,72.07,531.00,235.00,50.00,56.00,0.1602,51.16,1,0,2.4023,ACCEPT,0,3345,429,28121,5,250,2924,0,0,0,0
64,0,1,1,ACCEPT,13.2578,2.0536,3565,-6,6,0.0508,463.34,271.45,116.87,72.07,512.00,256.50,64.00,37.00,0.1672,50.90,1,0,2.6860,ACCEPT,0,4070,328,32767,5,250,3565,0,0,0,0
65,0,1,1,ACCEPT,11.4423,1.4780,3933,-10,4,0.5581,426.78,280.45,116.87,72.07,475.50,270.00,67.00,26.00,0.1243,49.83,1,0,2.6916,ACCEPT,0,5195,224,32767,5,250,3933,0,0,0,0
66,0,1,1,ACCEPT,9.8408,1.3132,3107,-13,-1,0.4986,379.25,278.20,116.87,72.07,431.00,271.50,70.00,21.00,0.0971,52.18,1,0,2.7921,ACCEPT,0,4355,244,32767,5,250,3107,0,0,0,0
67,0,1,1,ACCEPT,14.7744,1.8473,4199,-11,-3,0.3332,339.03,271.45,116.87,72.07,392.00,265.50,70.00,23.00,0.1023,53.30,1,0,2.8217,ACCEPT,0,4218,308,32767,5,250,4199,0,0,0,0
68,0,1,1,ACCEPT,21.7429,2.9268,3916,-6,-2,0.0378,317.09,266.95,116.87,72.07,367.50,259.00,69.00,22.00,0.1039,51.03,1,0,2.8133,ACCEPT,0,2669,429,32767,5,250,3916,0,0,0,0
69,0,1,1,ACCEPT,22.3433,2.4514,4089,-5,-1,0.1709,298.81,264.70,116.87,72.07,352.00,255.00,66.00,24.00,0.1010,54.07,1,0,2.8585,ACCEPT,0,2560,557,32767,5,250,4089,0,0,0,0
70,0,1,1,ACCEPT,25.5352,3.9904,3743,-1,-2,0.6078,295.16,260.20,116.87,72.07,346.00,245.50,62.00,39.00,0.1612,52.93,1,0,2.7785,ACCEPT,0,1996,667,32767,5,250,3743,0,0,0,0
71,0,1,1,ACCEPT,26.5621,4.2647,3689,0,0,1.0000,295.16,260.20,116.87,72.07,343.00,239.00,52.00,50.00,0.1524,52.33,1,0,2.6972,ACCEPT,0,2510,563,32767,5,250,3689,0,0,0,0
72,0,1,1,ACCEPT,28.4927,4.2460,3176,1,-2,0.5242,298.81,255.70,116.87,72.07,339.50,227.00,35.00,64.00,0.1482,49.79,1,0,2.6373,ACCEPT,0,2126,573,32435,5,250,3176,0,0,0,0
73,0,1,1,ACCEPT,31.1211,4.7702,3363,0,-2,0.6405,298.81,251.20,116.87,72.07,339.50,222.50,33.00,67.00,0.1451,49.79,1,0,2.6559,ACCEPT,0,1918,500,32767,5,250,3363,0,0,0,0
74,0,1,1,ACCEPT,31.1962,4.7674,3280,0,0,1.0000,298.81,251.20,116.87,72.07,340.00,223.00,34.00,66.00,0.1496,49.92,1,0,2.6710,ACCEPT,0,1922,490,31353,5,250,3280,0,0,0,0
75,0,1,1,ACCEPT,29.3972,4.2154,3385,0,2,0.6555,298.81,255.70,116.87,72.07,338.00,227.50,32.00,69.00,0.1460,48.28,1,0,2.7312,ACCEPT,0,2199,396,32767,5,250,3385,0,0,0,0
76,0,1,1,ACCEPT,15.3672,1.7792,2820,-4,12,0.3571,284.19,282.70,116.87,72.07,323.00,257.00,36.00,66.00,0.1688,46.55,1,0,2.6860,ACCEPT,0,2699,240,32767,5,250,2820,0,0,0,0
77,0,1,1,ACCEPT,14.1314,1.5652,2531,-6,13,0.1778,262.25,311.95,116.87,72.07,296.00,285.00,30.00,68.00,0.1409,43.19,1,0,2.7552,ACCEPT,0,2695,192,32767,5,250,2531,0,0,0,0
78,0,1,1,ACCEPT,18.4770,2.2114,2720,-3,7,0.1246,251.28,327.70,116.87,72.07,280.50,299.50,29.00,67.00,0.1307,40.61,1,1,2.9683,OUT_OF_RANGE,0,2600,383,32767,5,250,2720,0,0,0,0
79,0,1,1,ACCEPT,10.3445,1.0606,2276,-1,7,0.3128,247.62,343.45,116.87,72.07,268.00,318.50,48.00,55.00,0.2011,32.21,1,0,2.7874,ACCEPT,0,3571,270,32767,5,250,2276,0,0,0,0
80,0,1,1,ACCEPT,9.5987,1.1029,2743,-4,1,0.3558,233.00,345.70,116.87,72.07,250.00,332.00,68.00,34.00,0.2745,21.84,1,0,2.6507,ACCEPT,0,4355,262,32767,5,250,2743,0,0,0,0
81,0,1,1,ACCEPT,10.5203,1.0995,4212,-14,4,0.2930,181.81,354.70,116.87,72.07,232.50,345.00,69.00,28.00,0.1290,51.61,1,0,2.4568,ACCEPT,0,5211,281,32767,5,250,4212,0,0,0,0
82,0,1,1,ACCEPT,14.2364,1.6487,3177,-2,11,0.2213,174.50,379.45,116.87,72.07,226.50,359.00,61.00,46.00,0.1454,55.88,1,0,2.8657,ACCEPT,0,3317,774,32767,5,250,3177,0,0,0,0
83,0,1,1,ACCEPT,22.1972,2.4055,3334,2,2,0.5792,181.81,383.95,116.87,72.07,230.50,360.50,59.00,47.00,0.1448,54.04,1,0,2.9521,ACCEPT,0,2131,709,32767,5,250,3334,0,0,0,0
84,0,1,1,ACCEPT,28.0784,2.9405,3161,0,-6,0.0272,181.81,370.45,116.87,72.07,230.50,346.50,55.00,49.00,0.1397,54.26,1,0,2.6656,ACCEPT,0,2008,560,32767,5,250,3161,0,0,0,0
85,0,1,1,ACCEPT,26.4369,3.1032,3249,0,-5,0.1287,181.81,359.20,116.87,72.07,234.50,337.50,57.00,47.00,0.1321,56.98,1,0,2.7307,ACCEPT,0,1907,520,32767,5,250,3249,0,0,0,0
86,0,1,1,ACCEPT,20.1809,2.4712,1416,4,-13,0.1356,196.44,329.95,116.87,72.07,249.50,310.00,61.00,38.00,0.1327,56.69,1,0,2.6300,ACCEPT,0,1111,492,26493,5,250,1416,0,0,0,0
87,0,1,1,ACCEPT,23.7067,2.2586,1843,4,-10,0.0244,211.06,307.45,116.87,72.07,268.00,293.00,66.00,30.00,0.1105,58.74,1,0,2.6914,ACCEPT,0,1087,361,32767,5,250,1843,0,0,0,0
88,0,1,1,ACCEPT,23.9228,2.0705,2203,4,-10,0.0418,225.69,284.95,116.87,72.07,279.50,280.00,71.00,24.00,0.1051,54.04,1,0,2.9488,ACCEPT,0,1515,276,32767,5,250,2203,0,0,0,0
89,0,1,1,ACCEPT,13.0221,1.4663,2459,1,-9,0.0679,229.34,264.70,116.87,72.07,282.50,268.00,65.00,38.00,0.1518,53.26,1,0,2.7391,ACCEPT,0,3053,202,32767,5,250,2459,0,0,0,0
90,0,1,1,ACCEPT,16.6027,1.9827,3327,1,-3,0.3216,233.00,257.95,116.87,72.07,284.50,265.00,61.00,40.00,0.1599,51.98,1,0,2.8559,ACCEPT,0,3215,249,32767,5,250,3327,0,0,0,0
91,0,1,1,ACCEPT,20.6065,2.1672,3136,4,5,0.0823,247.62,269.20,116.87,72.07,301.50,274.00,63.00,36.00,0.1382,54.09,1,0,3.0185,ACCEPT,0,2425,218,32767,5,250,3136,0,0,0,0
92,0,1,1,ACCEPT,11.0931,1.8426,866,14,7,0.0924,298.81,284.95,116.87,72.07,354.00,289.00,64.00,34.00,0.1275,55.34,1,0,2.8763,ACCEPT,0,1286,272,25286,5,250,866,0,0,0,0
93,0,1,1,ACCEPT,26.3426,2.1762,1260,13,4,0.0198,346.34,293.95,116.87,72.07,401.50,300.50,63.00,37.00,0.1359,55.54,1,0,2.6957,ACCEPT,0,644,759,15046,5,250,1260,0,0,0,0
94,0,1,1,ACCEPT,29.8223,2.3700,2479,11,7,0.0395,386.56,309.70,116.87,72.07,437.50,316.50,59.00,41.00,0.1627,51.39,1,0,2.8290,ACCEPT,0,1546,681,19491,5,250,2479,0,0,0,0
95,0,1,1,ACCEPT,24.4491,2.3783,3156,8,1,0.0783,415.81,311.95,116.87,72.07,465.00,323.50,54.00,51.00,0.1935,50.52,1,1,2.5564,OUT_OF_RANGE,0,2040,681,23765,5,250,3156,0,0,0,0
96,0,1,1,ACCEPT,17.7772,2.1788,4826,3,1,0.5259,426.78,314.20,116.87,72.07,470.50,326.50,47.00,61.00,0.2249,45.42,1,0,2.6717,ACCEPT,0,4391,711,28863,5,250,4826,0,0,0,0
97,0,1,1,ACCEPT,15.9008,1.5448,4069,4,2,0.1327,441.41,318.70,116.87,72.07,482.50,337.00,33.00,68.00,0.1906,44.98,1,0,2.5082,ACCEPT,0,3554,707,25485,5,250,4069,0,0,0,0
98,0,1,1,ACCEPT,25.6438,2.4974,3861,1,12,0.0376,445.06,345.70,116.87,72.07,482.50,365.50,29.00,67.00,0.1616,42.35,1,0,2.5037,ACCEPT,0,2054,714,20406,5,250,3861,0,0,0,0
99,0,1,1,ACCEPT,25.2643,2.6410,4561,-2,12,0.0721,437.75,372.70,116.87,72.07,483.50,386.50,45.00,57.00,0.1940,47.79,1,0,2.5959,ACCEPT,0,3041,371,29280,5,250,4561,0,0,0,0
100,0,1,1,ACCEPT,29.4290,3.0439,2563,3,18,0.0683,448.72,413.20,116.87,72.07,502.00,423.00,56.00,44.00,0.1547,54.17,1,0,2.5897,ACCEPT,0,1669,305,22673,5,250,2563,0,0,0,0
101,0,1,1,ACCEPT,24.8819,3.2693,1056,13,16,0.0814,496.25,449.20,116.87,72.07,551.50,454.50,59.00,35.00,0.1224,55.50,1,1,2.6336,OUT_OF_RANGE,0,620,170,19197,5,250,1056,0,0,0,0
102,0,1,1,ACCEPT,29.4205,3.0515,1541,11,13,0.0539,536.47,478.45,116.87,72.07,590.50,476.00,65.00,26.00,0.1048,54.09,1,0,2.8195,ACCEPT,0,858,156,22291,5,250,1541,0,0,0,0
103,0,1,1,ACCEPT,23.4456,2.4893,1633,13,6,0.0545,584.00,491.95,116.87,72.07,640.00,489.00,68.00,24.00,0.0953,56.08,1,0,2.7922,ACCEPT,0,940,379,20491,5,250,1633,0,0,0,0
104,0,1,1,ACCEPT,31.3108,3.9408,2664,10,7,0.0225,620.56,507.70,116.87,72.07,674.50,493.50,65.00,29.00,0.1162,55.78,1,0,2.8237,ACCEPT,0,1320,265,25716,5,250,2664,0,0,0,0
105,0,1,1,ACCEPT,26.6285,3.6852,3372,8,4,0.0448,649.81,516.70,116.87,72.07,702.00,495.50,54.00,49.00,0.1340,56.33,1,0,2.6234,ACCEPT,0,2448,413,22076,5,250,3372,0,0,0,0
106,0,1,1,ACCEPT,22.8830,3.0663,2499,9,3,0.0040,682.72,523.45,116.87,72.07,722.50,492.00,29.00,66.00,0.1179,50.71,1,0,2.7146,ACCEPT,0,1601,508,22950,5,250,2499,0,0,0,0
107,0,1,1,ACCEPT,30.4787,3.8886,4013,3,-5,0.0369,693.69,512.20,116.87,72.07,728.00,479.50,24.00,69.00,0.0990,47.40,1,0,2.4645,ACCEPT,0,2120,600,20188,5,250,4013,0,0,0,0
108,0,1,1,ACCEPT,35.6724,4.3856,3469,-2,-9,0.0372,686.38,491.95,116.87,72.07,724.00,460.50,28.00,69.00,0.1182,49.04,1,0,2.6615,ACCEPT,0,1826,440,22137,5,250,3469,0,0,0,0
109,0,1,1,ACCEPT,40.1505,4.4144,4176,0,-8,0.1683,686.38,473.95,116.87,72.07,727.00,446.00,36.00,64.00,0.1545,49.31,1,0,2.6419,ACCEPT,0,1821,266,29539,5,250,4176,0,0,0,0
110,0,1,1,ACCEPT,37.2826,4.7972,4874,0,-6,0.1855,686.38,460.45,116.87,72.07,730.00,434.00,42.00,58.00,0.1458,51.02,1,0,2.6042,ACCEPT,0,2449,348,29693,5,250,4874,0,0,0,0
111,0,1,1,ACCEPT,34.7966,4.4257,3067,2,-12,0.0342,693.69,433.45,116.87,72.07,743.00,409.00,52.00,48.00,0.1293,55.04,1,0,2.7484,ACCEPT,0,1542,461,21139,5,250,3067,0,0,0,0
112,0,1,1,ACCEPT,29.3386,3.9437,1960,4,-14,0.0005,708.31,401.95,116.87,72.07,760.50,382.00,57.00,44.00,0.1377,55.87,1,0,2.7351,ACCEPT,0,1105,200,26648,5,250,1960,0,0,0,0
113,0,1,1,ACCEPT,27.5635,2.7407,2727,3,-12,0.0249,719.28,374.95,116.87,72.07,773.00,363.50,64.00,25.00,0.1008,54.93,1,0,2.7479,ACCEPT,0,1472,211,29094,5,250,2727,0,0,0,0
114,0,1,1,ACCEPT,20.6525,2.4757,3206,4,-12,0.0377,733.91,347.95,116.87,72.07,781.00,350.00,58.00,36.00,0.1603,47.14,1,0,2.6595,ACCEPT,0,2653,413,24200,5,250,3206,0,0,0,0
115,0,1,1,ACCEPT,18.7037,2.3804,4437,3,-5,0.0041,744.88,336.70,116.87,72.07,789.00,343.50,50.00,47.00,0.2070,44.65,1,0,2.6881,ACCEPT,0,3942,668,20194,5,250,4437,0,0,0,0
116,0,1,1,ACCEPT,13.3653,1.5906,3065,3,-2,0.0467,755.84,332.20,116.87,72.07,797.00,341.00,34.00,58.00,0.2254,42.09,1,0,2.3893,ACCEPT,0,3499,776,17228,5,250,3065,0,0,0,0
117,0,1,1,ACCEPT,13.2844,1.6598,3044,1,-3,0.5572,759.50,325.45,116.87,72.07,799.50,343.00,29.00,64.00,0.1661,43.68,1,0,2.4721,ACCEPT,0,3211,673,19568,5,250,3044,0,0,0,0
118,0,1,1,ACCEPT,20.1374,2.1168,4005,1,2,0.5199,763.16,329.95,116.87,72.07,802.50,349.00,31.00,66.00,0.1737,43.71,1,0,2.5978,ACCEPT,0,2836,471,21065,5,250,4005,0,0,0,0
119,0,1,1,ACCEPT,25.3102,2.6844,4381,-2,6,0.3417,755.84,343.45,116.87,72.07,799.50,359.50,37.00,59.00,0.1838,46.51,1,0,2.5483,ACCEPT,0,2672,459,20656,5,250,4381,0,0,0,0
120,0,1,1,ACCEPT,25.4335,2.7340,5200,-1,4,0.1383,752.19,352.45,116.87,72.07,800.50,364.00,49.00,50.00,0.1871,49.67,1,0,2.5508,ACCEPT,0,3363,380,24201,5,250,5200,0,0,0,0
121,0,1,1,ACCEPT,30.3712,3.3136,4818,2,5,0.1625,759.50,363.70,116.87,72.07,807.00,376.00,50.00,52.00,0.1935,49.07,1,0,2.5547,ACCEPT,0,2914,410,22204,5,250,4818,0,0,0,0
122,0,1,1,ACCEPT,24.4779,2.8939,3299,5,0,0.0652,777.78,363.70,116.87,72.07,823.00,381.50,38.00,65.00,0.1766,48.59,1,1,2.4270,OUT_OF_RANGE,0,2117,366,23633,5,250,3299,0,0,0,0
123,0,1,1,ACCEPT,30.8746,3.4009,2333,8,11,0.0146,807.03,388.45,116.87,72.07,845.00,407.00,26.00,68.00,0.1512,42.26,1,0,2.5860,ACCEPT,0,1187,394,18089,5,250,2333,0,0,0,0
124,0,1,1,ACCEPT,36.4822,3.8672,3028,3,12,0.0013,818.00,415.45,116.87,72.07,853.50,434.50,27.00,69.00,0.1563,40.29,1,0,2.5244,ACCEPT,0,1450,197,23585,5,250,3028,0,0,0,0
125,0,1,1,ACCEPT,29.7105,3.7209,3680,3,7,0.1872,828.97,431.20,116.87,72.07,860.00,451.00,22.00,70.00,0.1276,36.81,1,0,2.6927,ACCEPT,0,2100,319,26890,5,250,3680,0,0,0,0
126,0,1,1,ACCEPT,29.7418,3.8501,3365,2,8,0.1299,836.28,449.20,116.87,72.07,866.00,468.00,22.00,70.00,0.1304,35.16,1,0,2.6923,ACCEPT,0,1994,322,25688,5,250,3365,0,0,0,0
127,0,1,1,ACCEPT,32.2578,3.9531,3372,0,8,0.1323,836.28,467.20,116.87,72.07,862.00,486.00,24.00,68.00,0.1393,31.86,1,0,2.5711,ACCEPT,0,1918,312,30181,5,250,3372,0,0,0,0
128,0,1,1,ACCEPT,26.4843,4.2289,3307,2,7,0.2002,843.59,482.95,116.87,72.07,867.00,499.00,30.00,66.00,0.1804,28.38,1,0,2.3823,ACCEPT,0,2330,381,25201,5,250,3307,0,0,0,0
129,0,1,1,ACCEPT,17.6488,2.1160,3631,2,3,0.0700,850.91,489.70,116.87,72.07,872.50,504.00,41.00,58.00,0.2385,25.90,1,0,1.9723,LOW_CONF,0,3280,386,26159,5,250,3631,0,0,0,0
130,0,1,1,ACCEPT,13.7603,1.6988,3897,3,3,0.0716,861.88,496.45,116.87,72.07,878.00,506.00,52.00,50.00,0.3087,18.74,1,-1,1.3888,LOW_CONF,0,3939,388,25376,5,250,3897,0,0,0,0
131,0,1,1,ACCEPT,15.4613,1.8712,4938,1,1,0.9040,865.53,498.70,116.87,72.07,880.50,507.00,53.00,48.00,0.3020,17.11,1,-7,1.2650,MAX_STEP,0,4408,339,26480,5,250,4938,0,0,0,0
132,0,1,1,ACCEPT,17.7331,2.1718,5397,0,0,1.0000,865.53,498.70,116.87,72.07,882.00,508.50,56.00,49.00,0.3258,19.16,1,-1,1.2661,LOW_CONF,0,4183,212,27096,5,250,5397,0,0,0,0
133,0,1,1,ACCEPT,20.3731,2.1007,4966,0,3,0.0985,865.53,505.45,116.87,72.07,879.50,515.50,55.00,45.00,0.2938,17.21,1,-2,1.2892,LOW_CONF,0,3383,251,28062,5,250,4966,0,0,0,0
134,0,1,1,ACCEPT,24.9076,3.3558,4433,-3,2,0.2019,854.56,509.95,116.87,72.07,871.00,520.50,48.00,53.00,0.2946,19.53,1,-4,1.4426,MAX_STEP,0,2872,233,30641,5,250,4433,0,0,0,0
135,0,1,1,ACCEPT,18.2951,1.7907,2935,-2,2,0.4228,847.25,514.45,112.38,69.30,866.50,527.50,39.00,61.00,0.2498,23.25,1,-1,2.0135,ACCEPT,0,2287,392,32767,5,250,2935,0,0,0,0
136,0,1,1,ACCEPT,29.2548,3.7692,2793,-4,11,0.0433,833.19,538.34,108.06,66.63,854.50,555.50,31.00,65.00,0.1957,27.36,1,-1,2.5579,ACCEPT,0,1514,325,32767,5,250,2793,0,0,0,0
137,0,1,1,ACCEPT,28.5203,4.0747,1964,0,14,0.0326,833.19,567.44,108.06,66.63,849.50,584.00,39.00,60.00,0.2363,23.25,1,0,2.5501,ACCEPT,0,1144,461,31932,5,250,1964,0,0,0,0
138,0,1,1,ACCEPT,27.4723,3.2585,2887,-1,13,0.0281,829.81,594.45,103.90,64.07,841.00,605.00,52.00,50.00,0.3534,15.38,1,-1,2.2420,ACCEPT,0,1617,361,32767,5,250,2887,0,0,0,0
139,0,1,1,ACCEPT,27.5973,4.5036,3711,-3,7,0.1722,820.06,608.45,99.90,61.61,833.00,619.00,52.00,54.00,0.3777,16.69,1,-1,2.2913,ACCEPT,0,2318,409,32767,5,250,3711,0,0,0,0
140,0,1,1,ACCEPT,26.0984,2.9295,4942,-2,8,0.1040,813.81,623.83,99.90,61.61,822.50,633.00,57.00,48.00,0.4135,12.63,1,-1,1.9484,LOW_CONF,0,3306,301,32767,5,250,4942,0,0,0,0
141,0,1,1,ACCEPT,20.9384,3.5840,3946,-1,1,0.6305,810.69,625.75,92.37,56.96,817.50,636.50,51.00,49.00,0.3841,12.73,1,-2,2.1348,ACCEPT,0,2755,231,32767,5,250,3946,0,0,0,0
142,0,1,1,ACCEPT,20.6514,2.6667,3400,-2,4,0.0509,804.91,632.88,92.37,56.96,814.50,645.50,47.00,53.00,0.3455,15.86,1,0,2.1418,ACCEPT,0,2478,283,32767,5,250,3400,0,0,0,0
143,0,1,1,ACCEPT,14.9748,2.1289,2840,2,1,0.6303,810.69,634.66,92.37,56.96,817.50,645.50,49.00,51.00,0.3743,12.81,1,0,2.6186,ACCEPT,0,2455,267,32767,5,250,2840,0,0,0,0
144,0,1,1,ACCEPT,20.5877,2.9850,4570,1,2,0.5842,813.58,638.22,88.81,54.77,819.50,650.00,53.00,48.00,0.3953,13.19,1,-1,2.7558,ACCEPT,0,3449,263,28611,5,250,4570,0,0,0,0
145,0,1,1,ACCEPT,26.5398,3.4741,4433,-2,8,0.1189,808.02,651.97,82.11,50.64,810.00,662.00,58.00,46.00,0.4822,10.23,1,-2,2.1094,ACCEPT,0,2843,252,32767,5,250,4433,0,0,0,0
146,0,1,1,ACCEPT,23.0220,3.2292,3255,-6,15,0.0492,792.64,675.64,75.92,46.82,793.00,684.00,60.00,40.00,0.5460,8.37,1,-2,2.0492,ACCEPT,0,2463,424,32767,5,250,3255,0,0,0,0
147,0,1,1,ACCEPT,11.2887,1.5010,2340,-4,15,0.0026,783.14,697.67,75.92,46.82,779.00,701.50,68.00,29.00,0.5525,5.64,1,-3,2.0842,MAX_STEP,0,3660,475,32767,5,250,2340,0,0,0,0
148,0,1,1,ACCEPT,12.5496,1.4525,4359,-6,10,0.0076,768.89,712.36,75.92,46.82,763.00,716.00,66.00,26.00,0.4728,6.92,1,-4,1.8499,MAX_STEP,0,5902,561,27909,5,250,4359,0,0,0,0
149,0,1,1,ACCEPT,12.3285,1.5143,4749,-7,10,0.0002,752.27,727.05,70.19,43.28,748.00,727.00,68.00,22.00,0.4589,4.27,1,-2,2.2982,ACCEPT,0,5989,467,28583,5,250,4749,0,0,0,0
150,0,1,1,ACCEPT,7.7349,1.1059,4303,-5,11,0.0790,741.33,742.00,67.49,41.62,739.50,733.00,67.00,28.00,0.5635,9.18,1,-1,2.2042,ACCEPT,0,9391,752,20459,5,250,4303,0,0,0,0
151,0,1,1,ACCEPT,8.7949,1.1125,5556,-3,7,0.2145,735.00,751.08,64.90,40.02,736.50,740.00,63.00,38.00,0.5372,11.18,1,-1,3.0751,ACCEPT,0,12172,740,17670,5,250,5556,0,0,0,0
152,0,1,1,ACCEPT,11.7713,1.4254,5478,-2,1,0.7096,730.94,752.33,62.40,38.48,731.50,739.50,61.00,41.00,0.5035,12.84,1,-1,2.4245,ACCEPT,0,7824,750,17447,5,250,5478,0,0,0,0
153,0,1,1,ACCEPT,11.5399,1.3837,4955,-2,1,0.8190,727.03,753.53,62.40,38.48,728.00,740.00,58.00,44.00,0.4803,13.57,1,0,1.9683,LOW_CONF,0,7596,559,20659,5,250,4955,0,0,0,0
154,0,1,1,ACCEPT,13.3781,1.6507,4726,-1,-1,0.9166,725.08,752.33,62.40,38.48,727.50,740.50,61.00,43.00,0.5177,12.07,1,0,2.5813,ACCEPT,0,5253,656,19240,5,250,4726,0,0,0,0
155,0,1,1,ACCEPT,15.7332,1.9172,5234,-1,0,0.9937,723.12,752.33,62.40,38.48,723.50,739.00,61.00,42.00,0.4942,13.33,1,0,2.7691,ACCEPT,0,5415,768,16811,5,250,5234,0,0,0,0
156,0,1,1,ACCEPT,13.3214,1.8556,5244,-5,4,0.1747,713.36,757.14,62.40,38.48,716.50,740.00,55.00,50.00,0.4072,17.43,1,0,2.2025,ACCEPT,0,7304,564,19560,5,250,5244,0,0,0,0
157,0,1,1,ACCEPT,13.3900,1.9414,4469,-2,1,0.5386,709.45,758.34,62.40,38.48,712.50,741.00,51.00,56.00,0.4085,17.61,1,0,2.0378,ACCEPT,0,6638,558,19710,5,250,4469,0,0,0,0
158,0,1,1,ACCEPT,13.7190,2.0300,3995,-3,-1,0.5805,703.59,757.14,62.40,38.48,706.50,738.00,47.00,58.00,0.3638,19.36,1,0,2.3584,ACCEPT,0,5267,460,20527,5,250,3995,0,0,0,0
159,0,1,1,ACCEPT,16.1886,2.0108,3537,-8,-7,0.1679,687.97,748.72,62.40,38.48,690.00,727.50,48.00,59.00,0.3377,21.32,1,0,2.6781,ACCEPT,0,3489,203,23952,5,250,3537,0,0,0,0
160,0,1,1,ACCEPT,7.6377,1.4312,312,-19,-20,0.1218,650.86,724.66,62.40,38.48,652.00,694.00,44.00,62.00,0.2019,30.68,1,0,2.5496,ACCEPT,0,473,308,10044,5,250,312,0,0,0,0
161,0,1,1,ACCEPT,7.3186,1.1173,200,-23,-4,0.2400,605.94,719.84,62.40,38.48,625.00,658.50,28.00,69.00,0.0000,64.24,1,0,2.5391,ACCEPT,0,356,2113,2291,5,250,200,0,0,0,0
162,0,1,1,ACCEPT,5.2825,1.0132,154,-21,10,0.0974,564.92,731.88,62.40,38.48,606.50,641.00,33.00,66.00,0.0000,99.94,1,7,1.8354,MAX_STEP,0,295,3851,2078,5,250,154,0,0,0,0
163,0,1,1,ACCEPT,6.1428,1.0553,248,-14,5,0.6331,537.58,737.89,62.40,38.48,604.00,629.50,44.00,61.00,0.0000,127.12,1,0,3.1244,ACCEPT,0,388,3703,2667,5,250,248,0,0,0,0
164,0,1,1,ACCEPT,6.2731,1.1352,361,-13,2,0.7922,512.19,740.30,64.90,40.02,617.50,606.00,47.00,56.00,0.0000,170.66,1,1,2.9441,ACCEPT,0,602,2867,3801,5,250,361,0,0,0,0
165,0,1,1,ACCEPT,6.2984,1.0376,469,-17,-6,0.5288,477.66,732.80,64.90,40.02,648.00,573.00,58.00,46.00,0.0000,233.56,1,-2,1.4331,LOW_CONF,0,1144,2193,5750,5,250,469,0,0,0,0
166,0,1,1,ACCEPT,7.7825,1.2741,688,-1,0,0.9637,475.62,732.80,64.90,40.02,659.50,564.50,65.00,31.00,0.0000,249.27,1,0,1.7782,LOW_CONF,0,946,1756,6981,5,250,688,0,0,0,0
167,0,1,1,ACCEPT,8.5135,1.6937,857,0,0,1.0000,475.62,732.80,64.90,40.02,677.00,553.50,66.00,23.00,0.0000,269.63,1,0,1.7451,LOW_CONF,0,1050,1765,7340,5,250,857,0,0,0,0
168,0,1,1,ACCEPT,9.0412,1.5197,927,0,0,1.0000,475.62,732.80,64.90,40.02,704.50,551.50,65.00,25.00,0.0000,291.98,1,-1,1.7611,LOW_CONF,0,1098,1217,10670,5,250,927,0,0,0,0
169,0,1,1,ACCEPT,10.6187,2.0733,1132,0,0,1.0000,475.62,732.80,64.90,40.02,725.50,556.50,63.00,37.00,0.0000,305.81,1,1,1.7277,LOW_CONF,0,1239,1206,10696,5,250,1132,0,0,0,0
170,0,1,1,ACCEPT,11.6933,2.4304,1327,0,0,1.0000,475.62,732.80,64.90,40.02,736.00,556.00,60.00,40.00,0.0000,314.73,1,-1,1.7050,LOW_CONF,0,1234,809,10853,5,250,1327,0,0,0,0
171,0,1,1,ACCEPT,11.4347,2.1905,1437,0,0,1.0000,475.62,732.80,64.90,40.02,743.00,559.50,58.00,41.00,0.0000,318.62,1,0,1.7418,LOW_CONF,0,1570,860,12745,5,250,1437,0,0,0,0
172,0,1,1,ACCEPT,13.5313,2.3795,1511,0,0,1.0000,475.62,732.80,64.90,40.02,747.50,565.50,59.00,37.00,0.0000,319.22,1,3,1.4080,MAX_STEP,0,1437,841,15334,5,250,1511,0,0,0,0
173,0,1,1,ACCEPT,14.1729,3.0286,1587,0,0,1.0000,475.62,732.80,64.90,40.02,750.50,567.50,57.00,35.00,0.0000,320.75,1,0,1.7409,LOW_CONF,0,1596,513,18313,5,250,1587,0,0,0,0
174,0,1,1,ACCEPT,13.4435,2.9213,1782,0,0,1.0000,475.62,732.80,64.90,40.02,756.00,568.00,52.00,34.00,0.0000,325.22,1,0,1.4738,LOW_CONF,0,1626,745,17860,5,250,1782,0,0,0,0
175,0,1,1,ACCEPT,14.3001,3.2604,1728,0,0,1.0000,475.62,732.80,64.90,40.02,760.00,571.50,48.00,33.00,0.0000,326.93,1,0,1.5102,LOW_CONF,0,1575,769,19836,5,250,1728,0,0,0,0
176,0,1,1,ACCEPT,16.0366,3.3892,2003,0,0,1.0000,475.62,732.80,64.90,40.02,760.50,573.50,49.00,31.00,0.0000,326.39,1,0,1.5612,LOW_CONF,0,1718,823,18838,5,250,2003,0,0,0,0
177,0,1,1,ACCEPT,15.5238,3.0374,1947,0,0,1.0000,475.62,732.80,64.90,40.02,757.50,575.00,53.00,26.00,0.0000,323.04,1,0,1.4012,LOW_CONF,0,1925,307,20390,5,250,1947,0,0,0,0
178,0,1,1,ACCEPT,16.1857,3.4103,1995,0,0,1.0000,475.62,732.80,64.90,40.02,755.50,575.50,49.00,27.00,0.0000,321.05,1,1,1.7534,LOW_CONF,0,1688,450,19264,5,250,1995,0,0,0,0
179,0,1,1,ACCEPT,18.4270,3.1463,2086,0,0,1.0000,475.62,732.80,64.90,40.02,754.00,571.50,52.00,35.00,0.0000,321.73,1,-1,1.5941,LOW_CONF,0,1781,289,19700,5,250,2086,0,0,0,0
180,0,1,1,ACCEPT,18.0541,3.4354,2154,0,0,1.0000,475.62,732.80,64.90,40.02,756.00,570.50,52.00,35.00,0.0000,323.96,1,0,1.6267,LOW_CONF,0,1855,677,20462,5,250,2154,0,0,0,0
181,0,1,1,ACCEPT,18.2871,3.3580,2364,0,0,1.0000,475.62,732.80,64.90,40.02,753.50,571.50,49.00,43.00,0.0000,321.30,1,-1,1.9707,LOW_CONF,0,2011,320,23680,5,250,2364,0,0,0,0
182,0,1,1,ACCEPT,19.2662,3.6636,2363,0,0,1.0000,475.62,732.80,64.90,40.02,754.50,574.50,49.00,39.00,0.0000,320.67,1,0,1.5970,LOW_CONF,0,1844,372,19144,5,250,2363,0,0,0,0
183,0,1,1,ACCEPT,20.4526,3.9147,2341,0,0,1.0000,475.62,732.80,64.90,40.02,753.50,574.00,51.00,38.00,0.0000,320.05,1,0,1.6981,LOW_CONF,0,1826,364,19699,5,250,2341,0,0,0,0
184,0,1,1,ACCEPT,20.4734,4.6058,2395,0,0,1.0000,475.62,732.80,64.90,40.02,754.00,574.50,54.00,37.00,0.0000,320.24,1,1,1.7169,LOW_CONF,0,1749,459,22463,5,250,2395,0,0,0,0
185,0,1,1,ACCEPT,20.3796,4.1063,2394,0,0,1.0000,475.62,732.80,64.90,40.02,753.50,576.00,53.00,34.00,0.0000,319.06,1,0,1.8512,LOW_CONF,0,1870,462,19858,5,250,2394,0,0,0,0
186,0,1,1,ACCEPT,20.4223,4.0399,2432,0,0,1.0000,475.62,732.80,64.90,40.02,755.00,575.50,58.00,29.00,0.0000,320.61,1,2,1.4591,LOW_CONF,0,1824,340,21251,5,250,2432,0,0,0,0
187,0,1,1,ACCEPT,23.6855,4.8322,2131,0,0,1.0000,475.62,732.80,64.90,40.02,755.00,575.50,60.00,27.00,0.0000,320.61,1,-1,1.5914,LOW_CONF,0,1426,341,20669,5,250,2131,0,0,0,0
188,0,1,1,ACCEPT,21.8920,4.4808,2330,0,0,1.0000,475.62,732.80,64.90,40.02,757.00,576.00,62.00,24.00,0.0000,322.11,1,-1,1.9443,LOW_CONF,0,1750,272,25514,5,250,2330,0,0,0,0
189,0,1,1,ACCEPT,21.6872,4.7335,2291,0,0,1.0000,475.62,732.80,64.90,40.02,760.00,578.00,62.00,22.00,0.0000,323.78,1,2,1.5515,LOW_CONF,0,1432,315,25957,5,250,2291,0,0,0,0
190,0,1,1,ACCEPT,24.0837,4.7199,2393,0,0,1.0000,475.62,732.80,64.90,40.02,763.00,580.50,62.00,21.00,0.0000,325.24,1,0,1.8936,LOW_CONF,0,1900,352,20218,5,250,2393,0,0,0,0
191,0,1,1,ACCEPT,23.9701,5.7304,2487,0,0,1.0000,475.62,732.80,64.90,40.02,763.00,581.00,64.00,22.00,0.0000,325.00,1,-1,1.6985,LOW_CONF,0,1804,233,22174,5,250,2487,0,0,0,0
192,0,1,1,ACCEPT,23.1008,5.0644,2122,0,0,1.0000,475.62,732.80,64.90,40.02,763.00,581.00,66.00,22.00,0.0000,325.00,1,0,1.6328,LOW_CONF,0,1907,426,15587,5,250,2122,0,0,0,0
193,0,1,1,ACCEPT,23.8591,5.0438,2073,0,0,1.0000,475.62,732.80,64.90,40.02,769.50,582.50,63.00,23.00,0.0000,330.08,1,2,1.7889,LOW_CONF,0,1404,402,17033,5,250,2073,0,0,0,0
194,0,1,1,ACCEPT,27.5549,5.6892,2361,0,0,1.0000,475.62,732.80,64.90,40.02,777.50,586.50,53.00,23.00,0.0000,335.46,1,0,1.4945,LOW_CONF,0,1566,353,21848,5,250,2361,0,0,0,0
195,0,1,1,ACCEPT,27.6047,4.9463,2577,0,0,1.0000,475.62,732.80,64.90,40.02,777.00,585.00,54.00,22.00,0.0000,335.66,1,0,1.8736,LOW_CONF,0,1495,372,18895,5,250,2577,0,0,0,0
196,0,1,1,ACCEPT,22.5375,5.1149,2404,0,0,1.0000,475.62,732.80,64.90,40.02,776.00,584.50,54.00,23.00,0.0000,334.99,1,-1,1.5513,LOW_CONF,0,1646,359,18109,5,250,2404,0,0,0,0
197,0,1,1,ACCEPT,28.2889,4.8593,2279,0,0,1.0000,475.62,732.80,64.90,40.02,771.50,581.50,57.00,31.00,0.0000,332.31,1,1,1.3355,LOW_CONF,0,1422,314,23444,5,250,2279,0,0,0,0
198,0,1,1,ACCEPT,28.0366,5.3442,2453,0,0,1.0000,475.62,732.80,64.90,40.02,771.50,579.50,57.00,33.00,0.0000,333.23,1,0,1.6353,LOW_CONF,0,1335,321,21217,5,250,2453,0,0,0,0
199,0,1,1,ACCEPT,27.6506,4.5769,2531,0,0,1.0000,475.62,732.80,64.90,40.02,772.50,580.00,57.00,34.00,0.0000,333.89,1,0,1.9356,LOW_CONF,0,1575,309,23814,5,250,2531,0,0,0,0
200,0,1,1,ACCEPT,26.9717,6.5617,2500,0,0,1.0000,475.62,732.80,64.90,40.02,774.00,578.50,56.00,31.00,0.0000,335.91,1,-1,1.7265,LOW_CONF,0,1563,299,19776,5,250,2500,0,0,0,0
201,0,1,1,ACCEPT,25.7120,4.0195,2062,0,0,1.0000,475.62,732.80,64.90,40.02,774.00,578.50,60.00,27.00,0.0000,335.91,1,2,1.3763,LOW_CONF,0,1271,410,20844,5,250,2062,0,0,0,0
202,0,1,1,ACCEPT,26.3113,4.6748,2300,0,0,1.0000,475.62,732.80,64.90,40.02,775.50,579.50,59.00,25.00,0.0000,336.79,1,0,1.9739,LOW_CONF,0,1598,465,21137,5,250,2300,0,0,0,0
203,0,1,1,ACCEPT,29.1136,5.3579,2620,0,0,1.0000,475.62,732.80,64.90,40.02,772.50,581.00,57.00,24.00,0.0000,333.43,1,0,1.7527,LOW_CONF,0,1713,462,22410,5,250,2620,0,0,0,0
204,0,1,1,ACCEPT,28.5259,6.2596,2435,0,0,1.0000,475.62,732.80,64.90,40.02,771.00,578.50,60.00,23.00,0.0000,333.25,1,1,1.4083,LOW_CONF,0,1351,297,23368,5,250,2435,0,0,0,0
205,0,1,1,ACCEPT,29.3828,5.4911,2169,0,0,1.0000,475.62,732.80,64.90,40.02,770.50,585.00,65.00,20.00,0.0000,329.84,1,0,1.5849,LOW_CONF,0,1443,380,23016,5,250,2169,0,0,0,0
206,0,1,1,ACCEPT,27.7501,4.7821,2238,0,0,1.0000,475.62,732.80,64.90,40.02,780.00,594.00,66.00,22.00,0.0000,334.53,1,0,1.8083,LOW_CONF,0,1463,300,22748,5,250,2238,0,0,0,0
207,0,1,1,ACCEPT,28.4815,5.5016,1755,0,0,1.0000,475.62,732.80,64.90,40.02,792.00,602.00,64.00,30.00,0.0000,342.35,1,0,2.1214,ACCEPT,0,977,218,26943,5,250,1755,0,0,0,0
208,0,1,1,ACCEPT,26.5367,4.3017,2495,0,0,1.0000,475.62,732.80,64.90,40.02,808.50,601.50,61.00,35.00,0.0000,357.83,1,1,1.6444,LOW_CONF,0,1583,328,21738,5,250,2495,0,0,0,0
209,0,1,1,ACCEPT,28.0310,6.0771,2285,0,0,1.0000,475.62,732.80,64.90,40.02,822.50,602.00,55.00,46.00,0.0000,370.72,1,-1,1.6742,LOW_CONF,0,1398,457,17103,5,250,2285,0,0,0,0
210,0,1,1,ACCEPT,27.8647,4.9126,2697,0,0,1.0000,475.62,732.80,64.90,40.02,845.00,590.00,36.00,64.00,0.0000,396.02,1,-1,1.9220,LOW_CONF,0,1633,350,18728,5,250,2697,0,0,0,0
211,0,1,1,ACCEPT,30.4275,6.4688,2070,0,0,1.0000,475.62,732.80,62.40,38.48,862.00,554.00,24.00,66.00,0.0000,425.74,1,-1,2.1518,ACCEPT,0,1244,415,20081,5,250,2070,0,0,0,0
212,0,1,1,ACCEPT,28.8080,4.2135,2427,0,-1,0.9827,475.62,731.59,62.40,38.48,870.00,514.00,22.00,68.00,0.0000,450.42,1,1,1.9411,LOW_CONF,0,1534,247,24269,5,250,2427,0,0,0,0
213,0,1,1,ACCEPT,29.4519,4.9031,2834,0,0,1.0000,475.62,731.59,62.40,38.48,868.00,476.00,26.00,66.00,0.0000,468.28,1,2,1.5272,LOW_CONF,0,1598,334,23282,5,250,2834,0,0,0,0
214,0,1,1,ACCEPT,27.5567,5.1021,2398,0,0,1.0000,475.62,731.59,64.90,40.02,870.50,449.00,31.00,66.00,0.0000,485.58,1,1,2.0052,ACCEPT,0,1468,349,24673,5,250,2398,0,0,0,0
215,0,1,1,ACCEPT,29.1558,5.0000,2620,0,1,0.9317,475.62,732.84,64.90,40.02,870.50,442.00,33.00,64.00,0.0000,490.42,1,0,1.7504,LOW_CONF,0,1708,293,23033,5,250,2620,0,0,0,0
216,0,1,1,ACCEPT,31.1112,5.9649,2547,0,0,1.0000,475.62,732.84,64.90,40.02,870.00,435.00,44.00,58.00,0.0000,494.21,1,-1,1.5428,LOW_CONF,0,1557,275,25451,5,250,2547,0,0,0,0
217,0,1,1,ACCEPT,31.7838,6.7393,2352,0,0,1.0000,475.62,732.84,64.90,40.02,873.50,433.00,49.00,54.00,0.0000,498.21,1,0,1.4629,LOW_CONF,0,1258,314,23628,5,250,2352,0,0,0,0
218,0,1,1,ACCEPT,28.1488,5.7360,2759,0,0,1.0000,475.62,732.84,64.90,40.02,871.50,427.00,55.00,48.00,0.0000,500.26,1,-1,1.9024,LOW_CONF,0,1803,293,19878,5,250,2759,0,0,0,0
219,0,1,1,ACCEPT,31.8993,5.4633,2158,0,0,1.0000,475.62,732.84,64.90,40.02,866.00,419.00,48.00,56.00,0.0000,500.89,1,-1,1.1189,LOW_CONF,0,1240,415,27402,5,250,2158,0,0,0,0
220,0,1,1,ACCEPT,29.4808,5.5161,2747,0,0,1.0000,475.62,732.84,64.90,40.02,853.00,408.50,38.00,63.00,0.0000,497.61,1,0,1.7779,LOW_CONF,0,1776,322,27462,5,250,2747,0,0,0,0
221,0,1,1,ACCEPT,31.7119,6.5588,2735,0,0,1.0000,475.62,732.84,64.90,40.02,840.50,380.50,35.00,65.00,0.0000,507.23,1,-1,1.9047,LOW_CONF,0,1717,307,30147,5,250,2735,0,0,0,0
222,0,1,1,ACCEPT,28.1253,5.4208,2602,0,0,1.0000,475.62,732.84,64.90,40.02,824.50,340.00,39.00,60.00,0.0000,525.40,1,1,1.5770,LOW_CONF,0,1605,424,27383,5,250,2602,0,0,0,0
223,0,1,1,ACCEPT,29.4158,4.6753,2707,0,0,1.0000,475.62,732.84,64.90,40.02,803.00,291.50,50.00,51.00,0.0000,549.51,1,0,1.7458,LOW_CONF,0,1833,378,26063,5,250,2707,0,0,0,0
224,0,1,1,ACCEPT,31.0463,6.8842,2437,0,0,1.0000,475.62,732.84,64.90,40.02,780.00,259.00,52.00,50.00,0.0000,563.18,1,0,1.6951,LOW_CONF,0,1280,264,21148,5,250,2437,0,0,0,0
225,0,1,1,ACCEPT,30.6435,6.1045,2454,0,0,1.0000,475.62,732.84,64.90,40.02,758.50,232.50,57.00,41.00,0.0000,574.77,1,0,1.9836,LOW_CONF,0,1347,329,25530,5,250,2454,0,0,0,0
226,0,1,1,ACCEPT,29.9671,5.0366,2614,0,0,1.0000,475.62,732.84,64.90,40.02,735.00,210.00,64.00,36.00,0.0000,583.64,1,0,1.8919,LOW_CONF,0,1688,423,26492,5,250,2614,0,0,0,0
227,0,1,1,ACCEPT,30.2579,4.9375,3081,0,0,1.0000,475.62,732.84,64.90,40.02,706.50,192.00,65.00,30.00,0.0000,588.06,1,0,1.7291,LOW_CONF,0,1620,432,22135,5,250,3081,0,0,0,0
228,0,1,1,ACCEPT,34.1925,5.9300,2627,0,0,1.0000,475.62,732.84,64.90,40.02,687.00,179.50,68.00,25.00,0.0000,592.34,1,0,1.8651,LOW_CONF,0,1368,463,26396,5,250,2627,0,0,0,0
229,0,1,1,ACCEPT,31.9024,6.8380,2660,0,0,1.0000,475.62,732.84,64.90,40.02,666.00,174.50,70.00,19.00,0.0000,589.91,1,0,1.8955,LOW_CONF,0,1469,656,24274,5,250,2660,0,0,0,0
230,0,1,1,ACCEPT,30.9164,5.8565,2653,0,0,1.0000,475.62,732.84,64.90,40.02,658.50,172.50,69.00,23.00,0.0000,589.43,1,0,2.1181,ACCEPT,0,1611,460,25180,5,250,2653,0,0,0,0
231,0,1,1,ACCEPT,33.8321,5.6373,3202,0,0,1.0000,475.62,732.84,64.90,40.02,637.00,176.00,70.00,24.00,0.0000,579.76,1,0,2.0105,ACCEPT,0,1541,286,31674,5,250,3202,0,0,0,0
232,0,1,1,ACCEPT,33.8378,5.6016,2784,0,0,1.0000,475.62,732.84,64.90,40.02,628.00,175.50,68.00,35.00,0.0000,577.80,1,0,1.9732,LOW_CONF,0,1350,501,30367,5,250,2784,0,0,0,0
233,0,1,1,ACCEPT,31.7471,6.6082,2901,0,0,1.0000,475.62,732.84,64.90,40.02,626.00,178.50,66.00,37.00,0.0000,574.38,1,0,1.6190,LOW_CONF,0,1714,459,32768,5,250,2901,0,0,0,0
234,0,1,1,ACCEPT,31.6353,4.5712,2665,0,0,1.0000,475.62,732.84,64.90,40.02,625.50,179.50,63.00,39.00,0.0000,573.28,1,0,1.6336,LOW_CONF,0,1324,330,26682,5,250,2665,0,0,0,0
235,0,1,1,ACCEPT,30.0397,5.9980,2987,0,0,1.0000,475.62,732.84,62.40,38.48,616.50,180.00,63.00,44.00,0.0000,570.51,1,-1,2.0441,ACCEPT,0,1732,291,32209,5,250,2987,0,0,0,0
236,0,1,1,ACCEPT,30.3315,5.7194,2568,0,0,1.0000,475.62,732.84,64.90,40.02,617.50,180.00,65.00,42.00,0.0000,570.76,1,1,2.0894,ACCEPT,0,1226,441,27955,5,250,2568,0,0,0,0
237,0,1,1,ACCEPT,31.5176,4.6680,3557,0,0,1.0000,475.62,732.84,64.90,40.02,615.50,181.50,63.00,43.00,0.0000,568.81,1,0,2.1303,ACCEPT,0,1965,446,32767,5,250,3557,0,0,0,0
238,0,1,1,ACCEPT,32.5479,5.0141,2853,0,0,1.0000,475.62,732.84,64.90,40.02,614.50,177.00,65.00,40.00,0.0000,572.93,1,0,1.8331,LOW_CONF,0,1499,324,28990,5,250,2853,0,0,0,0
239,0,1,1,ACCEPT,30.1553,5.9207,2540,0,0,1.0000,475.62,732.84,64.90,40.02,614.50,176.50,65.00,39.00,0.0000,573.41,1,0,1.8708,LOW_CONF,0,1287,354,29259,5,250,2540,0,0,0,0
240,0,1,1,ACCEPT,28.1456,5.0872,2859,0,0,1.0000,475.62,732.84,64.90,40.02,613.50,176.50,63.00,39.00,0.0000,573.17,1,0,1.7269,LOW_CONF,0,2016,314,30895,5,250,2859,0,0,0,0
241,0,1,1,ACCEPT,33.7142,5.3259,3121,0,0,1.0000,475.62,732.84,64.90,40.02,613.00,174.50,64.00,35.00,0.0000,575.00,1,0,2.0227,ACCEPT,0,1504,380,32767,5,250,3121,0,0,0,0
242,0,1,1,ACCEPT,34.0905,6.0000,3012,0,0,1.0000,475.62,732.84,64.90,40.02,615.00,173.50,68.00,29.00,0.0000,576.45,1,0,1.5816,LOW_CONF,0,1740,302,32767,5,250,3012,0,0,0,0
243,0,1,1,ACCEPT,34.3929,5.7474,2730,0,0,1.0000,475.62,732.84,64.90,40.02,617.00,166.50,70.00,25.00,0.0000,583.72,1,0,1.6073,LOW_CONF,0,1380,263,32767,5,250,2730,0,0,0,0
244,0,1,1,ACCEPT,32.0956,6.6361,2389,0,0,1.0000,475.62,732.84,64.90,40.02,615.00,167.00,70.00,26.00,0.0000,582.76,1,0,2.0606,ACCEPT,0,1446,275,32767,5,250,2389,0,0,0,0
245,0,1,1,ACCEPT,33.4352,6.2943,1989,0,0,1.0000,475.62,732.84,64.90,40.02,612.50,165.50,69.00,25.00,0.0000,583.62,1,0,2.2531,ACCEPT,0,1178,316,30508,5,250,1989,0,0,0,0
246,0,1,1,ACCEPT,29.8973,5.2230,2319,0,0,1.0000,475.62,732.84,64.90,40.02,607.00,168.50,68.00,25.00,0.0000,579.43,1,0,2.0991,ACCEPT,0,1357,341,28877,5,250,2319,0,0,0,0
247,0,1,1,ACCEPT,34.5676,6.6799,2525,0,0,1.0000,475.62,732.84,64.90,40.02,591.00,165.00,68.00,30.00,0.0000,579.45,1,0,2.1492,ACCEPT,0,1414,453,28547,5,250,2525,0,0,0,0
248,0,1,1,ACCEPT,35.0345,6.5013,2438,0,0,1.0000,475.62,732.84,64.90,40.02,539.50,150.00,69.00,28.00,0.0000,586.33,1,0,2.2070,ACCEPT,0,1386,357,32215,5,250,2438,0,0,0,0
249,0,1,1,ACCEPT,31.4723,6.3984,2393,0,0,1.0000,475.62,732.84,64.90,40.02,502.00,141.00,70.00,22.00,0.0000,592.43,1,0,2.3555,ACCEPT,0,1339,284,29699,5,250,2393,0,0,0,0
250,0,1,1,ACCEPT,33.7805,9.1238,1916,0,0,1.0000,475.62,732.84,64.90,40.02,493.00,142.50,68.00,25.00,0.0000,590.60,1,0,2.3765,ACCEPT,0,1017,283,32767,5,250,1916,0,0,0,0
0,0,0,0,ZERO_RESPONSE,0.0000,0.0000,0,0,0,0.0000,716.00,280.00,46.00,54.00,716.00,280.00,46.00,54.00,1.0000,0.00,1,0,0.0000,NOT_RUN,0,0,4048,20539,6,324,0,0,0,0,0
1,0,1,1,ACCEPT,22.3369,5.1354,986,1,2,0.5477,717.44,283.38,46.00,54.00,717.50,283.50,49.00,51.00,0.8896,0.14,1,0,3.2490,ACCEPT,0,1238,3282,19157,6,324,986,0,0,0,0
2,0,1,0,NEGATIVE_PEAK,-4.8437,1.1825,-473,-1,10,0.0888,717.44,283.38,46.00,54.00,740.50,303.50,63.00,35.00,0.1953,30.61,0,0,0.0000,NOT_RUN,0,1237,2293,0,6,324,473,0,0,0,0
3,0,1,0,NEGATIVE_PEAK,-3.7081,1.0000,-29,-20,-7,0.0345,717.44,283.38,46.00,54.00,784.00,318.00,60.00,42.00,0.0000,75.03,0,0,0.0000,NOT_RUN,0,104,1728,0,6,324,29,0,0,0,0
4,0,1,0,NEGATIVE_PEAK,-4.6031,1.2000,-30,-20,-6,0.6333,717.44,283.38,46.00,54.00,811.50,334.00,49.00,56.00,0.0000,106.82,0,0,0.0000,NOT_RUN,0,86,1395,0,6,324,30,0,0,0,0
5,0,1,0,NEGATIVE_PEAK,-3.7959,1.0800,-27,-22,-7,0.5185,717.44,283.38,46.00,54.00,831.50,345.50,23.00,67.00,0.0000,129.88,0,0,0.0000,NOT_RUN,0,109,1147,0,6,324,27,0,0,0,0
6,0,1,0,NEGATIVE_PEAK,-4.1093,1.0000,-29,-21,-7,0.1034,717.44,283.38,46.00,54.00,838.00,357.00,22.00,68.00,0.0000,141.27,0,0,0.0000,NOT_RUN,0,99,1012,0,6,324,29,0,0,0,0
7,0,1,0,LOW_PSR,4.4627,1.0690,31,8,-7,0.4516,717.44,283.38,46.00,54.00,844.50,387.50,21.00,67.00,0.0000,164.28,0,0,0.0000,NOT_RUN,0,132,882,0,6,324,31,0,0,0,0
8,0,1,0,NEGATIVE_PEAK,-5.0129,1.2963,-35,-20,-7,0.3429,717.44,283.38,46.00,54.00,849.50,435.00,21.00,70.00,0.0000,201.07,0,0,0.0000,NOT_RUN,0,119,749,0,6,324,35,0,0,0,0
9,0,1,0,NEGATIVE_PEAK,-4.4914,1.3636,-30,-19,-7,0.3667,717.44,283.38,46.00,54.00,854.50,482.50,23.00,69.00,0.0000,241.74,0,0,0.0000,NOT_RUN,0,85,747,0,6,324,30,0,0,0,0
10,0,1,0,NEGATIVE_PEAK,-4.4452,1.2500,-30,-21,-7,0.5667,717.44,283.38,46.00,54.00,857.50,516.50,35.00,65.00,0.0000,271.96,0,0,0.0000,NOT_RUN,0,99,786,0,6,324,30,0,0,0,0
11,0,1,0,NEGATIVE_PEAK,-4.4639,1.1923,-31,-19,-7,0.1935,717.44,283.38,46.00,54.00,857.00,541.50,46.00,55.00,0.0000,293.44,0,0,0.0000,NOT_RUN,0,90,745,0,6,324,31,0,0,0,0
12,0,1,0,NEGATIVE_PEAK,-4.6855,1.2222,-33,-19,-7,0.3636,717.44,283.38,46.00,54.00,850.50,558.00,45.00,56.00,0.0000,305.16,0,0,0.0000,NOT_RUN,0,108,537,0,6,324,33,0,0,0,0
13,0,1,0,NEGATIVE_PEAK,-4.7883,1.1786,-33,-20,-6,0.4242,717.44,283.38,46.00,54.00,845.00,571.50,46.00,55.00,0.0000,315.10,0,0,0.0000,NOT_RUN,0,104,725,0,6,324,33,0,0,0,0
14,0,1,0,LOW_PSR,4.4606,1.0741,29,8,-7,0.3793,717.44,283.38,46.00,54.00,838.00,588.50,54.00,49.00,0.0000,328.08,0,0,0.0000,NOT_RUN,0,96,489,0,6,324,29,0,0,0,0
15,0,1,0,NEGATIVE_PEAK,-5.2395,1.3462,-35,-21,-7,0.3143,717.44,283.38,46.00,54.00,835.00,605.50,68.00,29.00,0.0000,342.91,0,0,0.0000,NOT_RUN,0,92,472,0,6,324,35,0,0,0,0
16,0,1,0,NEGATIVE_PEAK,-4.7992,1.2174,-28,-1,0,0.9286,717.44,283.38,46.00,54.00,828.50,616.50,69.00,23.00,0.0000,351.15,0,0,0.0000,NOT_RUN,0,99,323,0,6,324,28,0,0,0,0
17,0,1,0,NEGATIVE_PEAK,-3.7583,1.0000,-26,7,-13,0.6538,717.44,283.38,46.00,54.00,825.50,617.00,67.00,28.00,0.0000,350.69,0,0,0.0000,NOT_RUN,0,94,402,0,6,324,26,0,0,0,0
18,0,1,0,NEGATIVE_PEAK,-3.7324,1.0345,-30,-5,-1,0.4000,717.44,283.38,46.00,54.00,809.00,619.00,60.00,32.00,0.0000,347.89,0,0,0.0000,NOT_RUN,0,136,791,0,6,324,30,0,0,0,0
19,0,1,0,LOW_PSR,4.2945,1.1000,33,-2,-6,0.2424,717.44,283.38,46.00,54.00,776.00,603.50,40.00,55.00,0.0000,325.44,0,0,0.0000,NOT_RUN,0,157,579,0,6,324,33,0,0,0,0
20,0,1,0,NEGATIVE_PEAK,-3.7818,1.0667,-32,-1,0,0.8438,717.44,283.38,46.00,54.00,749.50,565.00,29.00,62.00,0.0000,283.44,0,0,0.0000,NOT_RUN,0,119,768,0,6,324,32,0,0,0,0
21,0,1,0,NEGATIVE_PEAK,-4.0714,1.0000,-37,6,15,0.6486,717.44,283.38,46.00,54.00,735.00,515.50,20.00,69.00,0.0000,232.79,0,0,0.0000,NOT_RUN,0,118,1114,0,6,324,37,0,0,0,0
22,0,1,0,LOW_PSR,4.0863,1.1481,31,-2,-5,0.4839,717.44,283.38,46.00,54.00,732.50,495.00,27.00,66.00,0.0000,212.16,0,0,0.0000,NOT_RUN,0,80,934,0,6,324,31,0,0,0,0
23,0,1,0,NEGATIVE_PEAK,-4.2923,1.0698,-46,-24,-11,0.4783,717.44,283.38,46.00,54.00,738.00,472.50,38.00,65.00,0.0000,190.24,0,0,0.0000,NOT_RUN,0,144,166,0,6,324,46,0,0,0,0
24,0,1,0,NEGATIVE_PEAK,-5.8799,1.4194,-132,-7,-7,0.1515,717.44,283.38,46.00,54.00,748.50,456.00,35.00,66.00,0.0000,175.40,0,0,0.0000,NOT_RUN,0,283,225,0,6,324,132,0,0,0,0
25,0,1,0,NEGATIVE_PEAK,-5.9282,1.2809,-570,-7,1,0.3175,717.44,283.38,46.00,54.00,758.00,433.00,46.00,56.00,0.0000,155.03,0,0,0.0000,NOT_RUN,0,1110,418,0,6,324,570,0,0,0,0
26,0,1,0,NEGATIVE_PEAK,-4.1666,1.0894,-585,0,12,0.3521,717.44,283.38,46.00,54.00,764.50,415.50,53.00,51.00,0.0000,140.26,0,0,0.0000,NOT_RUN,0,2256,533,0,6,324,585,0,0,0,0
27,0,1,0,NEGATIVE_PEAK,-5.0024,1.2785,-482,6,11,0.2842,717.44,283.38,46.00,54.00,772.50,411.50,57.00,43.00,0.0000,139.46,0,0,0.0000,NOT_RUN,0,1130,187,0,6,324,482,0,0,0,0
28,0,1,1,ACCEPT,5.4419,1.0826,131,-1,16,0.2137,716.00,310.38,46.00,54.00,775.00,410.50,58.00,43.00,0.0000,116.22,1,0,2.4990,ACCEPT,0,359,969,20337,6,324,131,0,0,0,0
29,0,1,0,NEGATIVE_PEAK,-5.6508,1.0824,-92,12,16,0.0435,716.00,310.38,46.00,54.00,776.50,410.50,51.00,47.00,0.0000,116.98,0,0,0.0000,NOT_RUN,0,152,559,0,6,324,92,0,0,0,0
30,0,1,0,NEGATIVE_PEAK,-6.0642,1.3939,-138,-2,21,0.0507,716.00,310.38,46.00,54.00,777.50,407.00,45.00,52.00,0.0000,114.54,0,0,0.0000,NOT_RUN,0,249,5332,0,6,324,138,0,0,0,0
31,0,1,1,ACCEPT,5.4557,1.0189,108,13,3,0.0000,734.69,315.44,46.00,54.00,795.50,405.00,23.00,64.00,0.0000,108.26,1,-1,1.6537,LOW_CONF,0,250,6429,13469,6,324,108,0,0,0,0
32,0,1,1,ACCEPT,5.4200,1.0048,628,0,1,0.9682,734.69,317.12,42.53,49.93,795.00,404.00,22.00,64.00,0.0000,105.76,1,-2,2.6641,ACCEPT,0,1393,5991,17218,6,324,628,0,0,0,0
33,0,1,0,NEGATIVE_PEAK,-6.1124,1.0764,-874,-2,14,0.9256,734.69,317.12,42.53,49.93,795.00,406.00,24.00,66.00,0.0000,107.41,0,0,0.0000,NOT_RUN,0,1849,5646,0,6,324,874,0,0,0,0
34,0,1,0,NEGATIVE_PEAK,-6.3519,1.0592,-894,-2,14,0.9441,734.69,317.12,42.53,49.93,795.50,405.00,33.00,64.00,0.0000,106.87,0,0,0.0000,NOT_RUN,0,1372,4632,0,6,324,894,0,0,0,0
35,0,1,0,NEGATIVE_PEAK,-6.5406,1.1425,-890,-2,14,0.8753,734.69,317.12,42.53,49.93,795.00,398.50,42.00,61.00,0.0000,101.29,0,0,0.0000,NOT_RUN,0,1550,3841,0,6,324,890,0,0,0,0
36,0,1,0,NEGATIVE_PEAK,-6.0244,1.0706,-728,-2,14,0.9341,734.69,317.12,42.53,49.93,791.00,391.00,48.00,56.00,0.0000,92.89,0,0,0.0000,NOT_RUN,0,1729,1607,0,6,324,728,0,0,0,0
37,0,1,1,ACCEPT,5.7643,1.0235,348,0,0,1.0000,734.69,317.12,44.23,51.92,785.50,384.00,47.00,58.00,0.0000,83.99,1,1,2.0615,ACCEPT,0,725,3081,13701,6,324,348,0,0,0,0
38,0,1,1,ACCEPT,6.4238,1.1357,251,-3,8,0.8805,730.56,330.12,44.23,51.92,785.00,381.50,50.00,55.00,0.0000,74.85,1,6,2.2484,MAX_STEP,0,497,3803,9404,6,324,251,0,0,0,0
39,0,1,0,NEGATIVE_PEAK,-5.7334,1.3067,-409,20,17,0.5110,730.56,330.12,44.23,51.92,776.50,373.00,37.00,64.00,0.0000,62.84,0,0,0.0000,NOT_RUN,0,854,3882,0,6,324,409,0,0,0,0
40,0,1,0,NEGATIVE_PEAK,-4.7829,1.0891,-611,17,14,0.2668,730.56,330.12,44.23,51.92,770.50,368.50,41.00,63.00,0.0106,55.39,0,0,0.0000,NOT_RUN,0,1630,3506,0,6,324,611,0,0,0,0
41,0,1,0,NEGATIVE_PEAK,-6.0780,1.1535,-1368,5,-1,0.0058,730.56,330.12,44.23,51.92,755.00,331.50,44.00,61.00,0.2581,24.48,0,0,0.0000,NOT_RUN,0,2862,2353,0,6,324,1368,0,0,0,0
42,0,1,0,NEGATIVE_PEAK,-6.3356,1.3677,-1168,6,-10,0.1310,730.56,330.12,44.23,51.92,728.50,286.50,45.00,59.00,0.1132,43.67,0,0,0.0000,NOT_RUN,0,2438,2374,0,6,324,1168,0,0,0,0
43,0,1,0,NEGATIVE_PEAK,-4.9045,1.0724,-533,1,5,0.6886,730.56,330.12,44.23,51.92,708.00,258.50,52.00,55.00,0.0000,75.09,0,0,0.0000,NOT_RUN,0,1222,115,0,6,324,533,0,0,0,0
44,0,1,1,ACCEPT,6.8700,1.2693,1169,3,-8,0.7340,734.69,317.12,44.23,51.92,702.00,250.00,50.00,52.00,0.0000,74.66,1,0,3.0527,ACCEPT,0,2048,3313,22830,6,324,1169,0,0,0,0
45,0,1,0,NEGATIVE_PEAK,-6.0775,1.0625,-255,-2,13,0.9412,734.69,317.12,44.23,51.92,688.50,242.00,47.00,54.00,0.0000,88.19,0,0,0.0000,NOT_RUN,0,642,251,0,6,324,255,0,0,0,0
46,0,1,1,ACCEPT,6.0180,1.0188,380,0,0,1.0000,734.69,317.12,44.23,51.92,681.00,235.50,46.00,55.00,0.0000,97.70,1,0,3.2963,ACCEPT,0,724,3730,24155,6,324,380,0,0,0,0
47,0,1,1,ACCEPT,7.6056,1.2482,1031,0,0,1.0000,734.69,317.12,42.53,49.93,678.50,230.00,41.00,58.00,0.0000,103.67,1,-1,3.3772,ACCEPT,0,1516,3896,16683,6,324,1031,0,0,0,0
48,0,1,1,ACCEPT,8.2320,1.3739,904,0,0,1.0000,734.69,317.12,42.53,49.93,665.00,208.00,30.00,64.00,0.0000,129.48,1,0,3.3792,ACCEPT,0,1507,4405,19726,6,324,904,0,0,0,0
49,0,1,1,ACCEPT,8.6921,1.5205,1338,0,0,1.0000,734.69,317.12,42.53,49.93,664.00,208.00,28.00,64.00,0.0000,130.02,1,0,3.4723,ACCEPT,0,1978,4450,16049,6,324,1338,0,0,0,0
50,0,1,1,ACCEPT,9.9017,1.5103,1246,0,0,1.0000,734.69,317.12,42.53,49.93,664.00,207.00,26.00,64.00,0.0000,130.86,1,0,3.1425,ACCEPT,0,1756,3320,21621,6,324,1246,0,0,0,0
51,0,1,1,ACCEPT,10.8754,1.8646,1460,0,0,1.0000,734.69,317.12,42.53,49.93,663.00,207.00,26.00,64.00,0.0000,131.40,1,0,3.4750,ACCEPT,0,1665,2655,23263,6,324,1460,0,0,0,0
52,0,1,1,ACCEPT,10.9754,1.9271,1374,0,0,1.0000,734.69,317.12,42.53,49.93,664.50,207.00,27.00,64.00,0.0000,130.59,1,0,3.2908,ACCEPT,0,1848,2605,21476,6,324,1374,0,0,0,0
53,0,1,1,ACCEPT,10.7610,1.6583,1121,0,0,1.0000,734.69,317.12,42.53,49.93,664.50,206.50,33.00,63.00,0.0000,131.01,1,0,3.2719,ACCEPT,0,1281,2419,23801,6,324,1121,0,0,0,0
54,0,1,1,ACCEPT,12.0720,1.9620,1446,0,0,1.0000,734.69,317.12,42.53,49.93,663.50,206.50,35.00,61.00,0.0000,131.55,1,0,3.3553,ACCEPT,0,1776,2241,26789,6,324,1446,0,0,0,0
55,0,1,1,ACCEPT,12.4671,2.2178,1619,0,0,1.0000,734.69,317.12,42.53,49.93,662.00,206.00,54.00,50.00,0.0000,132.79,1,0,3.0533,ACCEPT,0,2039,1704,29287,6,324,1619,0,0,0,0
56,0,1,1,ACCEPT,13.0773,2.2772,1380,0,0,1.0000,734.69,317.12,42.53,49.93,661.50,206.00,63.00,38.00,0.0000,133.06,1,0,3.2568,ACCEPT,0,1539,1440,32767,6,324,1380,0,0,0,0
57,0,1,1,ACCEPT,14.3893,2.6718,1555,0,0,1.0000,734.69,317.12,42.53,49.93,660.50,198.50,65.00,37.00,0.0000,139.91,1,0,3.3456,ACCEPT,0,1726,1718,24218,6,324,1555,0,0,0,0
58,0,1,1,ACCEPT,13.8652,2.2450,1457,0,0,1.0000,734.69,317.12,42.53,49.93,662.00,192.50,68.00,31.00,0.0000,144.27,1,0,2.8861,ACCEPT,0,1737,1203,32767,6,324,1457,0,0,0,0
59,0,1,1,ACCEPT,14.9881,2.8480,1461,0,0,1.0000,734.69,317.12,42.53,49.93,663.00,189.00,70.00,24.00,0.0000,146.82,1,0,3.2817,ACCEPT,0,1454,722,32767,6,324,1461,0,0,0,0
60,0,1,1,ACCEPT,15.4328,2.9468,1329,0,0,1.0000,734.69,317.12,42.53,49.93,663.50,185.50,67.00,23.00,0.0000,149.64,1,0,3.1483,ACCEPT,0,1321,632,32767,6,324,1329,0,0,0,0
61,0,1,1,ACCEPT,16.0350,3.0332,1735,0,0,1.0000,734.69,317.12,42.53,49.93,668.00,181.50,64.00,31.00,0.0000,151.13,1,0,3.0653,ACCEPT,0,1801,677,32767,6,324,1735,0,0,0,0
62,0,1,1,ACCEPT,16.9701,3.1250,1325,0,0,1.0000,734.69,317.12,40.89,48.01,670.50,178.00,61.00,36.00,0.0000,153.22,1,-1,2.8260,ACCEPT,0,1379,690,32768,6,324,1325,0,0,0,0
63,0,1,1,ACCEPT,16.5839,2.8854,1561,0,0,1.0000,734.69,317.12,40.89,48.01,670.00,178.00,64.00,36.00,0.0000,153.43,1,0,2.8394,ACCEPT,0,1360,383,32767,6,324,1561,0,0,0,0
64,0,1,1,ACCEPT,17.0815,3.2691,814,0,0,1.0000,734.69,317.12,40.89,48.01,668.50,178.50,61.00,37.00,0.0000,153.62,1,0,2.9261,ACCEPT,0,754,210,32767,6,324,814,0,0,0,0
65,0,1,1,ACCEPT,17.9321,3.5432,1435,0,0,1.0000,734.69,317.12,40.89,48.01,667.00,178.00,62.00,36.00,0.0000,154.72,1,0,3.2817,ACCEPT,0,1179,832,32767,6,324,1435,0,0,0,0
66,0,1,1,ACCEPT,18.7527,3.1812,1861,0,0,1.0000,734.69,317.12,40.89,48.01,666.50,179.00,63.00,36.00,0.0000,154.04,1,0,2.7865,ACCEPT,0,1310,659,32240,6,324,1861,0,0,0,0
67,0,1,1,ACCEPT,18.5971,3.6789,2807,0,0,1.0000,734.69,317.12,40.89,48.01,667.50,178.50,65.00,35.00,0.0000,154.05,1,0,3.1924,ACCEPT,0,2213,115,32767,6,324,2807,0,0,0,0
68,0,1,1,ACCEPT,20.7759,4.0579,1611,0,0,1.0000,734.69,317.12,40.89,48.01,669.00,178.50,64.00,37.00,0.0000,153.40,1,0,3.3552,ACCEPT,0,1411,284,32767,6,324,1611,0,0,0,0
69,0,1,1,ACCEPT,20.2162,3.7723,1988,0,0,1.0000,734.69,317.12,40.89,48.01,667.00,179.00,64.00,36.00,0.0000,153.82,1,0,3.3380,ACCEPT,0,1543,225,32767,6,324,1988,0,0,0,0
70,0,1,1,ACCEPT,20.4792,4.1337,2009,0,0,1.0000,734.69,317.12,40.89,48.01,667.00,180.00,64.00,34.00,0.0000,152.92,1,0,3.4576,ACCEPT,0,1795,230,32767,6,324,2009,0,0,0,0
71,0,1,1,ACCEPT,22.2174,4.2203,2912,0,0,1.0000,734.69,317.12,40.89,48.01,667.00,178.50,66.00,37.00,0.0000,154.27,1,0,3.0756,ACCEPT,0,2010,766,32767,6,324,2912,0,0,0,0
72,0,1,1,ACCEPT,21.8144,4.5236,3361,0,0,1.0000,734.69,317.12,40.89,48.01,665.50,177.00,63.00,40.00,0.0000,156.28,1,0,3.2643,ACCEPT,0,2524,498,32767,6,324,3361,0,0,0,0
73,0,1,1,ACCEPT,23.6772,4.2282,3150,0,0,1.0000,734.69,317.12,40.89,48.01,665.50,177.50,63.00,37.00,0.0000,155.83,1,0,3.2683,ACCEPT,0,2264,160,32767,6,324,3150,0,0,0,0
74,0,1,1,ACCEPT,22.8109,4.2835,2176,0,0,1.0000,734.69,317.12,40.89,48.01,665.00,176.50,60.00,37.00,0.0000,156.95,1,0,3.0709,ACCEPT,0,1466,215,32766,6,324,2176,0,0,0,0
75,0,1,1,ACCEPT,24.3924,3.7966,2874,0,0,1.0000,734.69,317.12,40.89,48.01,666.50,176.00,59.00,38.00,0.0000,156.73,1,0,2.9914,ACCEPT,0,2060,459,32767,6,324,2874,0,0,0,0
76,0,1,1,ACCEPT,21.7905,4.1753,2977,0,0,1.0000,734.69,317.12,40.89,48.01,662.00,177.00,58.00,42.00,0.0000,157.86,1,0,3.2822,ACCEPT,0,2124,170,32767,6,324,2977,0,0,0,0
77,0,1,1,ACCEPT,23.5235,3.5176,1801,0,0,1.0000,734.69,317.12,40.89,48.01,658.50,175.50,55.00,47.00,0.0000,160.82,1,0,3.2348,ACCEPT,0,1416,213,32767,6,324,1801,0,0,0,0
78,0,1,1,ACCEPT,24.5111,4.5118,2477,0,0,1.0000,734.69,317.12,40.89,48.01,654.00,174.50,50.00,53.00,0.0000,163.87,1,0,3.3232,ACCEPT,0,1440,141,32767,6,324,2477,0,0,0,0
79,0,1,1,ACCEPT,25.0592,4.0501,2183,0,0,1.0000,734.69,317.12,40.89,48.01,653.00,177.50,48.00,55.00,0.0000,161.77,1,0,3.2106,ACCEPT,0,1388,549,32767,6,324,2183,0,0,0,0
80,0,1,1,ACCEPT,25.8240,4.7477,3575,0,0,1.0000,734.69,317.12,40.89,48.01,657.00,176.50,56.00,55.00,0.0000,160.66,1,0,3.2066,ACCEPT,0,2204,285,32767,6,324,3575,0,0,0,0
81,0,1,1,ACCEPT,25.1918,4.4865,2656,0,0,1.0000,734.69,317.12,40.89,48.01,658.00,185.50,66.00,35.00,0.0000,152.34,1,0,3.0783,ACCEPT,0,1687,156,32767,6,324,2656,0,0,0,0
82,0,1,1,ACCEPT,25.0859,4.6918,2679,0,0,1.0000,734.69,317.12,40.89,48.01,658.00,186.50,66.00,29.00,0.0000,151.47,1,0,3.2712,ACCEPT,0,1657,205,32767,6,324,2679,0,0,0,0
83,0,1,1,ACCEPT,26.0633,4.5080,2831,0,0,1.0000,734.69,317.12,40.89,48.01,659.50,185.00,65.00,30.00,0.0000,152.02,1,0,3.4022,ACCEPT,0,1666,256,32767,6,324,2831,0,0,0,0
84,0,1,1,ACCEPT,27.2843,4.2587,3292,0,0,1.0000,734.69,317.12,40.89,48.01,660.00,185.50,64.00,27.00,0.0000,151.34,1,0,3.2578,ACCEPT,0,2177,270,31778,6,324,3292,0,0,0,0
85,0,1,1,ACCEPT,27.5083,4.5186,2919,0,0,1.0000,734.69,317.12,40.89,48.01,661.50,185.00,67.00,26.00,0.0000,151.04,1,0,2.9611,ACCEPT,0,1875,271,32767,6,324,2919,0,0,0,0
86,0,1,1,ACCEPT,26.3494,4.8337,2035,0,0,1.0000,734.69,317.12,40.89,48.01,663.50,184.50,67.00,31.00,0.0000,150.52,1,0,3.2103,ACCEPT,0,1343,486,25698,6,324,2035,0,0,0,0
87,0,1,1,ACCEPT,27.9310,5.3569,3948,0,0,1.0000,734.69,317.12,40.89,48.01,647.50,193.00,63.00,38.00,0.0000,151.69,1,0,3.1269,ACCEPT,0,2511,219,32766,6,324,3948,0,0,0,0
88,0,1,1,ACCEPT,28.0723,5.4241,2750,0,0,1.0000,734.69,317.12,40.89,48.01,618.00,200.00,64.00,30.00,0.0000,165.33,1,0,3.3474,ACCEPT,0,1639,279,29736,6,324,2750,0,0,0,0
89,0,1,1,ACCEPT,29.0251,5.1286,3431,0,0,1.0000,734.69,317.12,40.89,48.01,595.00,209.00,68.00,22.00,0.0000,176.65,1,0,3.2907,ACCEPT,0,1991,1704,16398,6,324,3431,0,0,0,0
90,0,1,1,ACCEPT,26.3852,4.5297,3053,0,0,1.0000,734.69,317.12,40.89,48.01,590.00,212.00,66.00,30.00,0.0000,178.85,1,0,3.2488,ACCEPT,0,2218,1918,12599,6,324,3053,0,0,0,0
91,0,1,1,ACCEPT,28.4371,5.2220,2799,0,0,1.0000,734.69,317.12,40.89,48.01,588.50,211.50,65.00,29.00,0.0000,180.35,1,0,3.2883,ACCEPT,0,1783,1713,14262,6,324,2799,0,0,0,0
92,0,1,1,ACCEPT,28.3583,5.4134,3405,0,0,1.0000,734.69,317.12,40.89,48.01,588.00,207.00,66.00,24.00,0.0000,183.43,1,0,2.9607,ACCEPT,0,2147,345,24629,6,324,3405,0,0,0,0
93,0,1,1,ACCEPT,30.9512,5.7045,3069,0,0,1.0000,734.69,317.12,40.89,48.01,570.50,203.00,67.00,28.00,0.0000,199.96,1,0,3.0763,ACCEPT,0,1676,703,29377,6,324,3069,0,0,0,0
94,0,1,1,ACCEPT,28.5693,5.0268,3569,0,0,1.0000,734.69,317.12,40.89,48.01,557.00,202.00,64.00,32.00,0.0000,211.72,1,0,3.3604,ACCEPT,0,2210,168,32767,6,324,3569,0,0,0,0
95,0,1,1,ACCEPT,29.5904,5.3310,2239,0,0,1.0000,734.69,317.12,40.89,48.01,548.50,198.00,59.00,44.00,0.0000,221.04,1,0,3.0036,ACCEPT,0,1442,562,30200,6,324,2239,0,0,0,0
96,0,1,1,ACCEPT,28.3308,5.4354,1136,0,0,1.0000,734.69,317.12,40.89,48.01,544.50,195.00,55.00,44.00,0.0000,226.02,1,0,3.2006,ACCEPT,0,907,6572,2161,6,324,1136,0,0,0,0
97,0,1,1,ACCEPT,25.7602,5.1183,952,0,0,1.0000,734.69,317.12,40.89,48.01,546.00,191.00,60.00,36.00,0.0000,226.96,1,0,2.8372,ACCEPT,0,910,6547,1822,6,324,952,0,0,0,0
98,0,1,1,ACCEPT,24.7332,5.6437,903,0,0,1.0000,734.69,317.12,40.89,48.01,544.00,187.00,64.00,32.00,0.0000,230.86,1,0,3.0316,ACCEPT,0,885,5795,1857,6,324,903,0,0,0,0
99,0,1,1,ACCEPT,27.6208,5.2500,819,0,0,1.0000,734.69,317.12,40.89,48.01,541.50,184.00,63.00,30.00,0.0000,234.61,1,0,3.0616,ACCEPT,0,590,5197,2196,6,324,819,0,0,0,0
100,0,1,1,ACCEPT,24.2110,5.1875,913,0,0,1.0000,734.69,317.12,40.89,48.01,538.50,178.00,65.00,26.00,0.0000,240.51,1,0,2.8095,ACCEPT,0,881,4576,2448,6,324,913,0,0,0,0
101,0,1,1,ACCEPT,24.6515,5.0172,873,0,0,1.0000,734.69,317.12,40.89,48.01,539.50,177.00,65.00,28.00,0.0000,240.28,1,0,2.7830,ACCEPT,0,834,3870,2846,6,324,873,0,0,0,0
102,0,1,1,ACCEPT,23.0626,5.2988,869,0,0,1.0000,734.69,317.12,40.89,48.01,537.50,174.50,63.00,31.00,0.0000,243.36,1,0,2.8871,ACCEPT,0,863,3526,3210,6,324,869,0,0,0,0
103,0,1,1,ACCEPT,20.6367,4.4497,841,0,0,1.0000,734.69,317.12,40.89,48.01,537.50,177.00,63.00,30.00,0.0000,241.90,1,0,2.6565,ACCEPT,0,911,3159,3479,6,324,841,0,0,0,0
104,0,1,1,ACCEPT,15.5313,2.7974,870,0,0,1.0000,734.69,317.12,40.89,48.01,538.00,179.00,66.00,24.00,0.0000,240.34,1,0,2.9222,ACCEPT,0,1091,2898,4388,6,324,870,0,0,0,0
105,0,1,1,ACCEPT,11.4528,1.9074,927,0,0,1.0000,734.69,317.12,40.89,48.01,537.00,179.50,64.00,23.00,0.0000,240.88,1,0,2.9801,ACCEPT,0,1138,2513,5947,6,324,927,0,0,0,0
106,0,1,1,ACCEPT,9.5661,1.6309,866,0,0,1.0000,734.69,317.12,40.89,48.01,537.00,181.00,62.00,24.00,0.0000,240.02,1,0,3.0682,ACCEPT,0,1255,2252,6547,6,324,866,0,0,0,0
107,0,1,1,ACCEPT,9.0315,1.6267,841,0,0,1.0000,734.69,317.12,40.89,48.01,537.00,183.50,60.00,25.00,0.0000,238.61,1,0,2.9664,ACCEPT,0,1153,1938,8468,6,324,841,0,0,0,0
108,0,1,1,ACCEPT,9.4303,1.6951,895,0,0,1.0000,734.69,317.12,40.89,48.01,536.50,183.50,61.00,25.00,0.0000,239.03,1,0,2.9302,ACCEPT,0,1332,1732,9158,6,324,895,0,0,0,0
109,0,1,1,ACCEPT,9.3376,1.7410,820,0,0,1.0000,734.69,317.12,40.89,48.01,532.50,183.50,55.00,37.00,0.0000,242.35,1,0,3.1313,ACCEPT,0,1125,1467,10506,6,324,820,0,0,0,0
110,0,1,1,ACCEPT,9.7672,1.8881,844,0,0,1.0000,734.69,317.12,40.89,48.01,525.50,168.50,27.00,61.00,0.0000,256.61,1,0,2.8932,ACCEPT,0,1162,1371,10378,6,324,844,0,0,0,0
111,0,1,1,ACCEPT,9.2347,1.7829,813,0,0,1.0000,734.69,317.12,40.89,48.01,537.50,162.00,29.00,68.00,0.0000,250.89,1,0,2.9937,ACCEPT,0,1373,1205,10792,6,324,813,0,0,0,0
112,0,1,1,ACCEPT,5.8439,1.2477,680,-9,6,0.7250,723.16,326.12,40.89,48.01,534.50,160.00,25.00,72.00,0.0000,251.37,1,5,2.4628,MAX_STEP,0,1804,1183,12811,6,324,680,0,0,0,0
113,0,1,0,NEGATIVE_PEAK,-4.4082,1.0033,-911,4,-3,0.0593,723.16,326.12,40.89,48.01,535.00,162.00,26.00,68.00,0.0000,249.68,0,0,0.0000,NOT_RUN,0,3581,1015,0,6,324,911,0,0,0,0
114,0,1,0,NEGATIVE_PEAK,-5.4104,1.1278,-1112,-4,-2,0.2491,723.16,326.12,40.89,48.01,534.50,162.50,25.00,67.00,0.0000,249.73,0,0,0.0000,NOT_RUN,0,3618,784,0,6,324,1112,0,0,0,0
115,0,1,0,NEGATIVE_PEAK,-5.4353,1.2423,-964,-1,1,0.7593,723.16,326.12,40.89,48.01,533.50,164.50,25.00,69.00,0.0000,249.18,0,0,0.0000,NOT_RUN,0,3139,844,0,6,324,964,0,0,0,0
116,0,1,1,ACCEPT,5.9240,1.1111,700,-1,2,0.0286,721.88,329.12,40.89,48.01,532.00,167.00,30.00,66.00,0.0000,249.67,1,-3,1.7036,MAX_STEP,0,1648,865,14890,6,324,700,0,0,0,0
117,0,1,1,ACCEPT,6.0291,1.3468,567,-1,-1,0.8025,720.59,327.62,40.89,48.01,530.00,169.50,30.00,65.00,0.0000,247.65,1,13,1.6578,MAX_STEP,0,1146,684,15646,6,324,567,0,0,0,0
118,0,1,1,ACCEPT,8.8931,1.6881,709,0,0,1.0000,720.59,327.62,40.89,48.01,527.50,169.00,25.00,68.00,0.0000,249.89,1,3,1.4716,MAX_STEP,0,906,582,16668,6,324,709,0,0,0,0
119,0,1,1,ACCEPT,11.1906,1.9749,1416,0,0,1.0000,720.59,327.62,40.89,48.01,528.00,168.00,24.00,70.00,0.0000,250.14,1,4,1.9113,MAX_STEP,0,1367,525,18399,6,324,1416,0,0,0,0
120,0,1,1,ACCEPT,12.6256,2.5030,1667,0,0,1.0000,720.59,327.62,40.89,48.01,527.00,166.50,32.00,69.00,0.0000,251.87,1,4,2.1057,MAX_STEP,0,1738,459,20732,6,324,1667,0,0,0,0
121,0,1,1,ACCEPT,9.2854,1.5239,1274,1,0,0.8995,721.88,327.62,40.89,48.01,529.00,165.50,28.00,71.00,0.0000,251.96,1,4,1.9122,MAX_STEP,0,1988,411,21515,6,324,1274,0,0,0,0
122,0,1,1,ACCEPT,8.4888,1.3698,1567,0,-3,0.6120,721.88,323.12,40.89,48.01,531.50,167.00,25.00,72.00,0.0000,246.21,1,5,1.7401,MAX_STEP,0,2207,206,27044,6,324,1567,0,0,0,0
123,0,1,1,ACCEPT,11.2101,1.7520,1498,-1,0,0.8284,720.59,323.12,40.89,48.01,531.00,168.50,24.00,71.00,0.0000,244.65,1,11,1.0774,MAX_STEP,0,1566,315,22732,6,324,1498,0,0,0,0
124,0,1,1,ACCEPT,8.9319,1.3642,1798,1,-3,0.3838,721.88,318.62,40.89,48.01,531.50,167.50,25.00,73.00,0.0000,243.07,1,16,1.5385,AT_SEARCH_RAIL,0,2302,339,21503,6,324,1798,0,0,0,0
125,0,1,1,ACCEPT,9.1888,1.7434,1250,1,-1,0.6016,723.16,317.12,40.89,48.01,530.50,168.50,25.00,73.00,0.0000,243.32,1,-15,2.1294,MAX_STEP,0,1812,386,26661,6,324,1250,0,0,0,0
126,0,1,1,ACCEPT,7.8526,1.1963,1286,1,-1,0.7030,724.44,315.62,40.89,48.01,530.50,167.50,29.00,71.00,0.0000,244.03,1,-16,1.7805,AT_SEARCH_RAIL,0,1956,264,26696,6,324,1286,0,0,0,0
127,0,1,0,NEGATIVE_PEAK,-5.6028,1.0804,-1452,6,1,0.7211,724.44,315.62,40.89,48.01,531.00,167.50,30.00,71.00,0.0000,243.64,0,0,0.0000,NOT_RUN,0,2727,328,0,6,324,1452,0,0,0,0
128,0,1,1,ACCEPT,5.6493,1.0943,1717,9,-8,0.7105,735.97,303.62,40.89,48.01,528.50,168.50,35.00,69.00,0.0000,247.59,1,4,2.5625,MAX_STEP,0,4910,225,16776,6,324,1717,0,0,0,0
129,0,1,1,ACCEPT,7.3945,1.3194,1074,13,-2,0.5261,752.62,300.62,40.89,48.01,529.00,168.50,36.00,69.00,0.0000,259.74,1,7,1.8737,MAX_STEP,0,1740,183,15661,6,324,1074,0,0,0,0
130,0,1,1,ACCEPT,9.0304,1.4516,1575,9,1,0.1321,764.16,302.12,40.89,48.01,530.00,166.50,34.00,71.00,0.0000,270.60,1,6,2.1389,MAX_STEP,0,2566,323,15829,6,324,1575,0,0,0,0
131,0,1,1,ACCEPT,7.2744,1.2153,875,8,7,0.5989,774.41,312.62,40.89,48.01,530.50,167.00,33.00,70.00,0.0000,284.07,1,-5,1.3036,MAX_STEP,0,1741,515,11716,6,324,875,0,0,0,0
132,0,1,1,ACCEPT,10.1784,1.7178,2106,3,5,0.1182,778.25,320.12,40.89,48.01,531.00,167.00,32.00,70.00,0.0000,290.83,1,4,1.9566,MAX_STEP,0,2515,149,18837,6,324,2106,0,0,0,0
133,0,1,1,ACCEPT,11.3765,2.1153,2551,1,2,0.6433,779.53,323.12,40.89,48.01,530.00,169.00,32.00,68.00,0.0000,293.29,1,5,1.8153,MAX_STEP,0,3391,172,21826,6,324,2551,0,0,0,0
134,0,1,1,ACCEPT,13.4543,2.4331,2983,2,-1,0.9195,782.09,321.62,40.89,48.01,526.00,163.50,34.00,65.00,0.0000,300.98,1,7,1.5689,MAX_STEP,0,3422,176,30859,6,324,2983,0,0,0,0
135,0,1,1,ACCEPT,14.6440,2.4274,3396,1,-1,0.9658,783.38,320.12,40.89,48.01,533.50,180.00,21.00,68.00,0.0000,286.48,1,6,0.9786,MAX_STEP,0,3353,182,26609,6,324,3396,0,0,0,0
136,0,1,1,ACCEPT,16.0072,2.7791,3485,-2,0,0.8198,780.81,320.12,40.89,48.01,540.50,208.50,37.00,65.00,0.0000,264.97,1,6,0.9014,MAX_STEP,0,3071,202,28746,6,324,3485,0,0,0,0
137,0,1,1,ACCEPT,18.3010,2.1682,4820,0,-1,0.8114,780.81,318.62,40.89,48.01,531.00,235.00,50.00,56.00,0.0000,263.44,1,5,2.2641,MAX_STEP,0,4429,211,27515,6,324,4820,0,0,0,0
138,0,1,1,ACCEPT,19.0674,2.9388,5378,-2,-5,0.0978,778.25,311.12,40.89,48.01,512.00,256.50,64.00,37.00,0.0000,271.80,1,5,2.3600,MAX_STEP,0,5000,286,32767,6,324,5378,0,0,0,0
139,0,1,1,ACCEPT,19.4500,3.2154,2672,-11,0,0.1295,764.16,311.12,40.89,48.01,475.50,270.00,67.00,26.00,0.0000,291.57,1,6,2.0324,MAX_STEP,0,2289,129,30202,6,324,2672,0,0,0,0
140,0,1,1,ACCEPT,9.4521,1.0817,1152,-11,7,0.0911,750.06,321.62,40.89,48.01,431.00,271.50,70.00,21.00,0.0000,322.98,1,6,1.9450,MAX_STEP,0,1202,319,22882,6,324,1152,0,0,0,0
141,0,1,1,ACCEPT,7.9942,1.1752,758,16,-1,0.0778,770.56,320.12,40.89,48.01,392.00,265.50,70.00,23.00,0.0000,382.48,1,5,2.3978,MAX_STEP,0,1083,978,7510,6,324,758,0,0,0,0
142,0,1,1,ACCEPT,6.2099,1.3027,482,5,12,0.6162,776.97,338.12,40.89,48.01,367.50,259.00,69.00,22.00,0.0000,417.04,1,5,1.8337,MAX_STEP,0,1030,7531,1040,6,324,482,0,0,0,0
143,0,1,1,ACCEPT,16.8023,1.8058,1181,3,8,0.0627,780.81,350.12,40.89,48.01,352.00,255.00,66.00,24.00,0.0000,439.24,1,5,2.2413,MAX_STEP,0,810,5824,1394,6,324,1181,0,0,0,0
144,0,1,1,ACCEPT,20.2176,2.0761,1692,5,5,0.1377,787.22,357.62,40.89,48.01,346.00,245.50,62.00,39.00,0.0000,455.24,1,5,2.4389,MAX_STEP,0,1136,4922,2254,6,324,1692,0,0,0,0
145,0,1,1,ACCEPT,20.4051,2.0097,2271,-5,2,0.0903,780.81,360.62,40.89,48.01,343.00,239.00,52.00,50.00,0.0000,454.39,1,6,2.4842,MAX_STEP,0,1800,3705,2488,6,324,2271,0,0,0,0
146,0,1,1,ACCEPT,15.0030,2.6589,1146,-7,6,0.0489,771.84,369.62,44.23,51.92,339.50,227.00,35.00,64.00,0.0000,455.26,1,2,2.2210,ACCEPT,0,1101,3884,2015,6,324,1146,0,0,0,0
147,0,1,1,ACCEPT,11.9209,2.1613,871,4,8,0.1274,777.34,382.62,44.23,51.92,339.50,222.50,33.00,67.00,0.0000,466.21,1,-14,1.8513,MAX_STEP,0,924,2498,3169,6,324,871,0,0,0,0
148,0,1,1,ACCEPT,11.1306,1.0915,728,2,4,0.1786,780.09,389.12,44.23,51.92,340.00,223.00,34.00,66.00,0.0000,470.40,1,5,1.3201,MAX_STEP,0,1068,2815,2357,6,324,728,0,0,0,0
149,0,1,1,ACCEPT,9.8201,1.3315,980,2,1,0.5398,782.84,390.75,44.23,51.92,338.00,227.50,32.00,69.00,0.0000,473.85,1,-14,1.1283,MAX_STEP,0,1145,3015,2707,6,324,980,0,0,0,0
150,0,1,1,ACCEPT,13.2374,1.8459,1342,3,12,0.1021,786.97,410.25,44.23,51.92,323.00,257.00,36.00,66.00,0.0000,488.62,1,4,2.6272,MAX_STEP,0,1292,2665,2672,6,324,1342,0,0,0,0
151,0,1,1,ACCEPT,16.2882,2.0223,4447,3,1,0.6031,791.09,411.88,44.23,51.92,296.00,285.00,30.00,68.00,0.0000,511.09,1,5,2.5348,MAX_STEP,0,4577,2857,7558,6,324,4447,0,0,0,0
152,0,1,1,ACCEPT,16.7327,1.9319,4739,3,-1,0.5098,795.22,410.25,44.23,51.92,280.50,299.50,29.00,67.00,0.0000,526.50,1,-6,1.6116,MAX_STEP,0,4045,2476,10475,6,324,4739,0,0,0,0
153,0,1,1,ACCEPT,16.4971,2.4320,3952,2,-1,0.7384,797.97,408.62,44.23,51.92,268.00,318.50,48.00,55.00,0.0000,537.58,1,-11,1.2114,MAX_STEP,0,3547,2076,12755,6,324,3952,0,0,0,0
154,0,1,1,ACCEPT,18.4217,2.7940,4219,1,-1,0.8568,799.34,407.00,44.23,51.92,250.00,332.00,68.00,34.00,0.0000,554.44,1,5,1.1944,MAX_STEP,0,3752,1690,17615,6,324,4219,0,0,0,0
155,0,1,1,ACCEPT,23.3361,3.0800,4041,1,0,0.9765,800.72,407.00,44.23,51.92,232.50,345.00,69.00,28.00,0.0000,571.59,1,5,2.5160,MAX_STEP,0,3263,1608,18212,6,324,4041,0,0,0,0
156,0,1,1,ACCEPT,26.6063,3.4412,4594,1,0,0.9734,802.09,407.00,44.23,51.92,226.50,359.00,61.00,46.00,0.0000,577.59,1,0,1.5290,LOW_CONF,0,2853,1415,21693,6,324,4594,0,0,0,0
157,0,1,1,ACCEPT,24.6303,4.4418,4886,-1,-1,0.8968,800.72,405.38,44.23,51.92,230.50,360.50,59.00,47.00,0.0000,571.98,1,-5,2.2970,MAX_STEP,0,3639,1272,25011,6,324,4886,0,0,0,0
158,0,1,1,ACCEPT,23.8387,3.6089,4854,-1,-2,0.7495,799.34,402.12,44.23,51.92,230.50,346.50,55.00,49.00,0.0000,571.56,1,5,1.7694,MAX_STEP,0,3239,1156,27217,6,324,4854,0,0,0,0
159,0,1,1,ACCEPT,26.1296,4.6077,4663,4,-1,0.1638,804.84,400.50,44.23,51.92,234.50,337.50,57.00,47.00,0.0000,573.81,1,5,1.5735,MAX_STEP,0,3002,873,29356,6,324,4663,0,0,0,0
160,0,1,1,ACCEPT,26.5616,3.6472,4249,1,0,0.9299,806.22,400.50,44.23,51.92,249.50,310.00,61.00,38.00,0.0000,564.03,1,11,1.1757,MAX_STEP,0,2777,770,25409,6,324,4249,0,0,0,0
161,0,1,1,ACCEPT,28.4250,3.9064,3883,0,0,1.0000,806.22,400.50,44.23,51.92,268.00,293.00,66.00,30.00,0.0000,548.85,1,5,1.8868,MAX_STEP,0,2328,602,31318,6,324,3883,0,0,0,0
162,0,1,1,ACCEPT,27.8619,3.8241,3587,-1,1,0.7212,804.84,402.12,44.23,51.92,279.50,280.00,71.00,24.00,0.0000,539.35,1,5,1.7578,MAX_STEP,0,2084,563,27579,6,324,3587,0,0,0,0
163,0,1,1,ACCEPT,29.9149,4.8535,3611,-2,1,0.6372,802.09,403.75,44.23,51.92,282.50,268.00,65.00,38.00,0.0000,537.03,1,4,1.4408,MAX_STEP,0,2038,503,30569,6,324,3611,0,0,0,0
164,0,1,1,ACCEPT,28.8974,4.4460,4237,0,-1,0.9259,802.09,402.12,44.23,51.92,284.50,265.00,61.00,40.00,0.0000,535.45,1,5,2.2129,MAX_STEP,0,2431,572,31051,6,324,4237,0,0,0,0
165,0,1,1,ACCEPT,35.7843,5.4403,4238,0,0,1.0000,802.09,402.12,44.23,51.92,301.50,274.00,63.00,36.00,0.0000,516.73,1,4,1.4518,MAX_STEP,0,2141,370,32675,6,324,4238,0,0,0,0
166,0,1,1,ACCEPT,28.7543,4.6094,4107,-1,1,0.7477,800.72,403.75,44.23,51.92,354.00,289.00,64.00,34.00,0.0000,461.22,1,5,2.0487,MAX_STEP,0,2319,248,29974,6,324,4107,0,0,0,0
167,0,1,1,ACCEPT,22.4446,3.3781,3297,-2,1,0.7222,797.97,405.38,44.23,51.92,401.50,300.50,63.00,37.00,0.0000,410.11,1,4,2.7066,MAX_STEP,0,2083,304,32767,6,324,3297,0,0,0,0
168,0,1,1,ACCEPT,23.3015,3.5215,3032,-1,1,0.9723,796.59,407.00,44.23,51.92,437.50,316.50,59.00,41.00,0.0000,370.32,1,-5,2.0353,MAX_STEP,0,2057,402,32767,6,324,3032,0,0,0,0
169,0,1,1,ACCEPT,20.7299,3.1793,3068,-4,0,0.4394,791.09,407.00,44.23,51.92,465.00,323.50,54.00,51.00,0.0000,336.61,1,5,1.1276,MAX_STEP,0,2313,443,32767,6,324,3068,0,0,0,0
170,0,1,1,ACCEPT,20.0271,3.5828,2422,-3,0,0.5929,786.97,407.00,44.23,51.92,470.50,326.50,47.00,61.00,0.0000,326.55,1,6,1.7481,MAX_STEP,0,1778,430,32767,6,324,2422,0,0,0,0
171,0,1,1,ACCEPT,18.1742,2.4793,2333,-1,3,0.0900,785.59,411.88,44.23,51.92,482.50,337.00,33.00,68.00,0.0000,312.21,1,6,2.2634,MAX_STEP,0,2068,369,32767,6,324,2333,0,0,0,0
172,0,1,1,ACCEPT,16.5186,1.9219,2656,-1,3,0.2820,784.22,416.75,44.23,51.92,482.50,365.50,29.00,67.00,0.0000,306.04,1,5,1.7501,MAX_STEP,0,2530,279,32767,6,324,2656,0,0,0,0
173,0,1,1,ACCEPT,18.1766,2.3804,2797,1,0,0.9989,785.59,416.75,44.23,51.92,483.50,386.50,45.00,57.00,0.0000,303.60,1,5,1.8159,MAX_STEP,0,2393,307,32767,6,324,2797,0,0,0,0
174,0,1,1,ACCEPT,19.3171,2.4376,2774,0,0,1.0000,785.59,416.75,44.23,51.92,502.00,423.00,56.00,44.00,0.0000,283.66,1,5,2.2249,MAX_STEP,0,2241,250,32767,6,324,2774,0,0,0,0
175,0,1,1,ACCEPT,22.6748,3.4157,3221,1,-1,0.8324,786.97,415.12,44.23,51.92,551.50,454.50,59.00,35.00,0.0000,238.74,1,5,1.9330,MAX_STEP,0,2257,236,32767,6,324,3221,0,0,0,0
176,0,1,1,ACCEPT,23.5171,3.2594,2676,0,0,1.0000,786.97,415.12,44.23,51.92,590.50,476.00,65.00,26.00,0.0000,205.68,1,5,1.8013,MAX_STEP,0,2064,273,32767,6,324,2676,0,0,0,0
177,0,1,1,ACCEPT,23.2640,3.2734,3041,0,0,1.0000,786.97,415.12,44.23,51.92,640.00,489.00,68.00,24.00,0.0000,164.49,1,5,1.9153,MAX_STEP,0,1973,238,32767,6,324,3041,0,0,0,0
178,0,1,1,ACCEPT,24.5954,3.0661,3017,0,-1,0.7826,786.97,413.50,44.23,51.92,674.50,493.50,65.00,29.00,0.0000,138.02,1,6,2.2919,MAX_STEP,0,2081,267,30212,6,324,3017,0,0,0,0
179,0,1,1,ACCEPT,25.2581,4.0707,3167,1,-1,0.8039,788.34,411.88,44.23,51.92,702.00,495.50,54.00,49.00,0.0000,120.20,1,6,2.0245,MAX_STEP,0,2063,224,32767,6,324,3167,0,0,0,0
180,0,1,1,ACCEPT,29.2593,5.2191,2573,1,0,0.9215,789.72,411.88,44.23,51.92,722.50,492.00,29.00,66.00,0.0000,104.59,1,5,2.1637,MAX_STEP,0,1521,227,32767,6,324,2573,0,0,0,0
181,0,1,1,ACCEPT,29.0965,4.5880,2973,0,-1,0.8412,789.72,410.25,44.23,51.92,728.00,479.50,24.00,69.00,0.0000,92.76,1,5,1.4271,MAX_STEP,0,1666,260,32767,6,324,2973,0,0,0,0
182,0,1,1,ACCEPT,25.4272,4.0275,2787,-1,-2,0.5091,788.34,407.00,44.23,51.92,724.00,460.50,28.00,69.00,0.0000,83.68,1,5,2.1850,MAX_STEP,0,1784,206,32767,6,324,2787,0,0,0,0
183,0,1,1,ACCEPT,24.1423,3.6759,3323,3,-3,0.0963,792.47,402.12,44.23,51.92,727.00,446.00,36.00,64.00,0.0000,78.81,1,5,2.3826,MAX_STEP,0,2272,261,32767,6,324,3323,0,0,0,0
184,0,1,1,ACCEPT,24.3635,3.3122,2663,5,-3,0.0890,799.34,397.25,44.23,51.92,730.00,434.00,42.00,58.00,0.0000,78.48,1,-15,1.3178,MAX_STEP,0,1745,235,32767,6,324,2663,0,0,0,0
185,0,1,1,ACCEPT,22.2614,2.4101,2680,6,0,0.0545,807.59,397.25,44.23,51.92,743.00,409.00,52.00,48.00,0.0000,65.65,1,5,2.0470,MAX_STEP,0,2092,251,32767,6,324,2680,0,0,0,0
186,0,1,1,ACCEPT,19.6382,2.5904,2821,0,0,1.0000,807.59,397.25,44.23,51.92,760.50,382.00,57.00,44.00,0.0246,49.50,1,5,2.1666,MAX_STEP,0,2668,220,32767,6,324,2821,0,0,0,0
187,0,1,1,ACCEPT,18.5428,3.1699,2761,4,-1,0.2101,813.09,395.62,44.23,51.92,773.00,363.50,64.00,25.00,0.0233,51.38,1,9,1.3349,MAX_STEP,0,2547,203,32768,6,324,2761,0,0,0,0
188,0,1,1,ACCEPT,16.1360,2.4532,2333,6,-3,0.0784,821.34,390.75,44.23,51.92,781.00,350.00,58.00,36.00,0.0080,57.34,1,5,2.0440,MAX_STEP,0,2227,270,32767,6,324,2333,0,0,0,0
189,0,1,1,ACCEPT,17.7473,2.5766,2842,6,-2,0.0862,829.59,387.50,44.23,51.92,789.00,343.50,50.00,47.00,0.0077,59.87,1,5,1.8221,MAX_STEP,0,2263,258,32767,6,324,2842,0,0,0,0
190,0,1,1,ACCEPT,21.7010,2.5518,2909,-1,-1,0.7363,828.22,385.88,44.23,51.92,797.00,341.00,34.00,58.00,0.0190,54.67,1,4,2.0985,MAX_STEP,0,2099,195,32766,6,324,2909,0,0,0,0
191,0,1,1,ACCEPT,13.7894,2.2247,1495,-3,5,0.0943,824.09,394.00,44.23,51.92,799.50,343.00,29.00,64.00,0.0206,56.62,1,5,1.4461,MAX_STEP,0,1385,212,32767,6,324,1495,0,0,0,0
192,0,1,1,ACCEPT,8.7986,1.2014,1211,-11,-25,0.0413,808.97,353.38,44.23,51.92,802.50,349.00,31.00,66.00,0.5890,7.81,1,-7,1.7275,MAX_STEP,0,1697,304,26273,6,324,1211,0,0,0,0
193,0,1,1,ACCEPT,7.4787,1.3407,2676,0,-4,0.2321,808.97,346.88,44.23,51.92,799.50,359.50,37.00,59.00,0.4242,15.78,1,5,1.5864,MAX_STEP,0,5207,822,14612,6,324,2676,0,0,0,0
194,0,1,1,ACCEPT,8.5586,1.3271,2536,1,2,0.4397,810.34,350.12,44.23,51.92,800.50,364.00,49.00,50.00,0.4031,17.01,1,5,1.7172,MAX_STEP,0,4125,631,17871,6,324,2536,0,0,0,0
195,0,1,1,ACCEPT,9.3378,1.5392,2946,-11,-8,0.0964,795.22,337.12,44.23,51.92,807.00,376.00,50.00,52.00,0.1043,40.62,1,-5,1.8059,MAX_STEP,0,4679,447,28758,6,324,2946,0,0,0,0
196,0,1,1,ACCEPT,26.2993,5.1331,3896,12,-2,0.0526,811.72,333.88,44.23,51.92,823.00,381.50,38.00,65.00,0.0728,48.94,1,-16,1.4134,AT_SEARCH_RAIL,0,2651,244,26819,6,324,3896,0,0,0,0
197,0,1,1,ACCEPT,6.6613,1.4045,250,18,14,0.0000,836.47,356.62,44.23,51.92,845.00,407.00,26.00,68.00,0.0653,51.09,1,5,1.5186,MAX_STEP,0,570,1507,3640,6,324,250,0,0,0,0
198,0,1,1,ACCEPT,7.6905,1.3678,331,-8,-7,0.0755,825.47,345.25,44.23,51.92,853.50,434.50,27.00,69.00,0.0000,93.55,1,-8,1.1479,MAX_STEP,0,444,2371,3488,6,324,331,0,0,0,0
199,0,1,1,ACCEPT,9.4503,1.5732,752,0,0,1.0000,825.47,345.25,44.23,51.92,860.00,451.00,22.00,70.00,0.0000,111.25,1,-5,1.3059,MAX_STEP,0,978,6890,1641,6,324,752,0,0,0,0
200,0,1,1,ACCEPT,8.3058,1.4588,833,0,1,0.9856,825.47,346.88,44.23,51.92,866.00,468.00,22.00,70.00,0.0000,127.73,1,-15,1.5942,MAX_STEP,0,1245,6280,1934,6,324,833,0,0,0,0
201,0,1,1,ACCEPT,9.8468,1.7662,982,-1,-1,0.8340,824.09,345.25,44.23,51.92,862.00,486.00,24.00,68.00,0.0000,145.77,1,3,1.8573,MAX_STEP,0,1134,5749,2133,6,324,982,0,0,0,0
202,0,1,1,ACCEPT,9.5054,1.9920,998,0,0,1.0000,824.09,345.25,44.23,51.92,867.00,499.00,30.00,66.00,0.0000,159.62,1,5,1.6453,MAX_STEP,0,1199,4646,2536,6,324,998,0,0,0,0
203,0,1,1,ACCEPT,11.2811,2.0837,1096,0,1,0.9909,824.09,346.88,44.23,51.92,872.50,504.00,41.00,58.00,0.0000,164.41,1,16,2.1593,AT_SEARCH_RAIL,0,1185,4260,2577,6,324,1096,0,0,0,0
204,0,1,1,ACCEPT,11.5699,2.3061,1130,0,-1,0.8885,824.09,345.25,44.23,51.92,878.00,506.00,52.00,50.00,0.0000,169.55,1,-4,1.8485,MAX_STEP,0,1207,3614,3144,6,324,1130,0,0,0,0
205,0,1,1,ACCEPT,12.2928,2.0698,1246,0,0,1.0000,824.09,345.25,44.23,51.92,880.50,507.00,53.00,48.00,0.0000,171.30,1,5,2.0044,MAX_STEP,0,1417,3281,3282,6,324,1246,0,0,0,0
206,0,1,1,ACCEPT,12.6157,2.4457,1284,0,1,0.9930,824.09,346.88,44.23,51.92,882.00,508.50,56.00,49.00,0.0000,171.69,1,16,1.5480,AT_SEARCH_RAIL,0,1146,2803,4405,6,324,1284,0,0,0,0
207,0,1,1,ACCEPT,12.8242,2.3356,1357,0,-1,0.9388,824.09,345.25,44.23,51.92,879.50,515.50,55.00,45.00,0.0000,179.04,1,5,1.9154,MAX_STEP,0,1431,2564,4770,6,324,1357,0,0,0,0
208,0,1,1,ACCEPT,12.2532,2.5319,1309,0,0,1.0000,824.09,345.25,44.23,51.92,871.00,520.50,48.00,53.00,0.0000,181.42,1,-4,2.4500,MAX_STEP,0,1481,2021,5583,6,324,1309,0,0,0,0
209,0,1,1,ACCEPT,14.4100,2.4871,1450,0,1,0.9655,824.09,346.88,44.23,51.92,866.50,527.50,39.00,61.00,0.0000,185.54,1,16,1.7918,AT_SEARCH_RAIL,0,1703,1754,6521,6,324,1450,0,0,0,0
210,0,1,1,ACCEPT,15.5748,2.6673,1499,0,-1,0.8386,824.09,345.25,44.23,51.92,854.50,555.50,31.00,65.00,0.0000,212.44,1,-4,1.8109,MAX_STEP,0,1320,1888,5324,6,324,1499,0,0,0,0
211,0,1,1,ACCEPT,14.4426,2.3103,1608,0,0,1.0000,824.09,345.25,44.23,51.92,849.50,584.00,39.00,60.00,0.0000,240.10,1,5,1.8411,MAX_STEP,0,1455,1238,7518,6,324,1608,0,0,0,0
212,0,1,1,ACCEPT,17.3912,2.9013,1587,0,0,1.0000,824.09,345.25,44.23,51.92,841.00,605.00,52.00,50.00,0.0000,260.30,1,4,2.3969,MAX_STEP,0,1193,1301,6716,6,324,1587,0,0,0,0
213,0,1,1,ACCEPT,17.8876,3.4047,1590,0,0,1.0000,824.09,345.25,44.23,51.92,833.00,619.00,52.00,54.00,0.0000,273.89,1,-4,1.9177,MAX_STEP,0,1223,951,7957,6,324,1590,0,0,0,0
214,0,1,1,ACCEPT,19.0033,2.8158,1712,0,0,1.0000,824.09,345.25,44.23,51.92,822.50,633.00,57.00,48.00,0.0000,287.75,1,4,2.0777,MAX_STEP,0,1229,591,12497,6,324,1712,0,0,0,0
215,0,1,1,ACCEPT,17.5702,3.2788,1764,0,0,1.0000,824.09,345.25,44.23,51.92,817.50,636.50,51.00,49.00,0.0000,291.32,1,-4,1.4739,MAX_STEP,0,1475,807,10644,6,324,1764,0,0,0,0
216,0,1,1,ACCEPT,19.6518,3.4026,1868,0,0,1.0000,824.09,345.25,44.23,51.92,814.50,645.50,47.00,53.00,0.0000,300.40,1,5,2.0671,MAX_STEP,0,1370,1049,8304,6,324,1868,0,0,0,0
217,0,1,1,ACCEPT,18.8149,3.0527,1795,0,0,1.0000,824.09,345.25,44.23,51.92,817.50,645.50,49.00,51.00,0.0000,300.32,1,-4,2.2519,MAX_STEP,0,1332,492,14418,6,324,1795,0,0,0,0
218,0,1,1,ACCEPT,19.4051,3.4353,1910,0,0,1.0000,824.09,345.25,44.23,51.92,819.50,650.00,53.00,48.00,0.0000,304.78,1,4,1.3904,MAX_STEP,0,1446,684,13053,6,324,1910,0,0,0,0
219,0,1,1,ACCEPT,20.2829,3.0427,1993,0,0,1.0000,824.09,345.25,44.23,51.92,810.00,662.00,58.00,46.00,0.0000,317.06,1,-4,1.5583,MAX_STEP,0,1454,584,13708,6,324,1993,0,0,0,0
220,0,1,1,ACCEPT,21.8017,3.6779,2067,0,0,1.0000,824.09,345.25,44.23,51.92,793.00,684.00,60.00,40.00,0.0000,340.17,1,6,1.5971,MAX_STEP,0,1503,299,18673,6,324,2067,0,0,0,0
221,0,1,1,ACCEPT,22.3484,4.2190,2177,0,0,1.0000,824.09,345.25,44.23,51.92,779.00,701.50,68.00,29.00,0.0000,359.09,1,6,1.5956,MAX_STEP,0,1432,434,13408,6,324,2177,0,0,0,0
222,0,1,1,ACCEPT,21.7730,3.9470,1938,0,0,1.0000,824.09,345.25,44.23,51.92,763.00,716.00,66.00,26.00,0.0000,375.75,1,-4,1.9672,MAX_STEP,0,1174,350,15482,6,324,1938,0,0,0,0
223,0,1,1,ACCEPT,22.1007,4.1406,2062,0,0,1.0000,824.09,345.25,44.23,51.92,748.00,727.00,68.00,22.00,0.0000,389.26,1,-4,1.7591,MAX_STEP,0,1588,190,20906,6,324,2062,0,0,0,0
224,0,1,1,ACCEPT,23.8100,3.5157,2243,0,0,1.0000,824.09,345.25,44.23,51.92,739.50,733.00,67.00,28.00,0.0000,396.87,1,5,2.0627,MAX_STEP,0,1503,367,21332,6,324,2243,0,0,0,0
225,0,1,1,ACCEPT,23.4171,4.4890,2249,0,0,1.0000,824.09,345.25,44.23,51.92,736.50,740.00,63.00,38.00,0.0000,404.35,1,-3,1.8165,MAX_STEP,0,1256,424,22017,6,324,2249,0,0,0,0
226,0,1,1,ACCEPT,25.0789,3.8272,2281,0,0,1.0000,824.09,345.25,44.23,51.92,731.50,739.50,61.00,41.00,0.0000,404.98,1,4,2.2476,MAX_STEP,0,1308,337,22023,6,324,2281,0,0,0,0
227,0,1,1,ACCEPT,26.1539,4.8733,2500,0,0,1.0000,824.09,345.25,44.23,51.92,728.00,740.00,58.00,44.00,0.0000,406.28,1,6,1.5538,MAX_STEP,0,1483,323,23264,6,324,2500,0,0,0,0
228,0,1,1,ACCEPT,25.2703,4.3199,2363,0,0,1.0000,824.09,345.25,44.23,51.92,727.50,740.50,61.00,43.00,0.0000,406.88,1,6,1.5903,MAX_STEP,0,1438,265,20683,6,324,2363,0,0,0,0
229,0,1,1,ACCEPT,28.5524,5.4663,2755,0,0,1.0000,824.09,345.25,44.23,51.92,723.50,739.00,61.00,42.00,0.0000,406.40,1,5,2.5565,MAX_STEP,0,1414,233,21740,6,324,2755,0,0,0,0
230,0,1,1,ACCEPT,26.8495,5.2609,2420,0,0,1.0000,824.09,345.25,44.23,51.92,716.50,740.00,55.00,50.00,0.0000,409.15,1,5,2.2481,MAX_STEP,0,1309,264,24917,6,324,2420,0,0,0,0
231,0,1,1,ACCEPT,28.2574,4.1454,2309,0,0,1.0000,824.09,345.25,44.23,51.92,712.50,741.00,51.00,56.00,0.0000,411.18,1,5,2.0147,MAX_STEP,0,1263,239,29111,6,324,2309,0,0,0,0
232,0,1,1,ACCEPT,26.8715,4.9900,2485,0,0,1.0000,824.09,345.25,44.23,51.92,706.50,738.00,47.00,58.00,0.0000,409.98,1,-5,1.5256,MAX_STEP,0,1450,248,28412,6,324,2485,0,0,0,0
233,0,1,1,ACCEPT,31.5359,5.2380,2839,0,0,1.0000,824.09,345.25,44.23,51.92,690.00,727.50,48.00,59.00,0.0000,405.09,1,4,2.8157,MAX_STEP,0,1615,358,26345,6,324,2839,0,0,0,0
234,0,1,1,ACCEPT,28.4025,6.5761,2591,0,0,1.0000,824.09,345.25,44.23,51.92,652.00,694.00,44.00,62.00,0.0000,388.90,1,-4,2.0908,MAX_STEP,0,1303,259,32767,6,324,2591,0,0,0,0
235,0,1,1,ACCEPT,27.3952,4.1068,2423,0,0,1.0000,824.09,345.25,44.23,51.92,625.00,658.50,28.00,69.00,0.0000,371.17,1,5,2.1332,MAX_STEP,0,1266,223,28189,6,324,2423,0,0,0,0
236,0,1,1,ACCEPT,26.9295,5.4850,2567,0,0,1.0000,824.09,345.25,44.23,51.92,606.50,641.00,33.00,66.00,0.0000,367.17,1,5,2.4121,MAX_STEP,0,1604,381,32767,6,324,2567,0,0,0,0
237,0,1,1,ACCEPT,31.0366,4.6955,2174,0,0,1.0000,824.09,345.25,44.23,51.92,604.00,629.50,44.00,61.00,0.0000,359.50,1,5,2.1058,MAX_STEP,0,1088,184,32767,6,324,2174,0,0,0,0
238,0,1,1,ACCEPT,30.1530,4.9868,2274,0,0,1.0000,824.09,345.25,44.23,51.92,617.50,606.00,47.00,56.00,0.0000,332.67,1,4,1.8337,MAX_STEP,0,1234,193,32767,6,324,2274,0,0,0,0
239,0,1,1,ACCEPT,30.9508,6.0600,2527,0,0,1.0000,824.09,345.25,44.23,51.92,648.00,573.00,58.00,46.00,0.0000,287.89,1,4,1.5910,MAX_STEP,0,1344,271,31729,6,324,2527,0,0,0,0
240,0,1,1,ACCEPT,30.7567,6.0735,2727,0,0,1.0000,824.09,345.25,44.23,51.92,659.50,564.50,65.00,31.00,0.0000,274.16,1,-3,2.0962,MAX_STEP,0,1366,187,32767,6,324,2727,0,0,0,0
241,0,1,1,ACCEPT,29.2435,5.2443,1846,0,0,1.0000,824.09,345.25,44.23,51.92,677.00,553.50,66.00,23.00,0.0000,254.96,1,5,1.8427,MAX_STEP,0,1049,213,31179,6,324,1846,0,0,0,0
242,0,1,1,ACCEPT,32.4512,5.6680,2902,0,0,1.0000,824.09,345.25,44.23,51.92,704.50,551.50,65.00,25.00,0.0000,238.42,1,4,2.2447,MAX_STEP,0,1430,359,23639,6,324,2902,0,0,0,0
243,0,1,1,ACCEPT,29.9869,5.1379,2831,0,0,1.0000,824.09,345.25,44.23,51.92,725.50,556.50,63.00,37.00,0.0000,233.13,1,4,2.4265,MAX_STEP,0,1550,230,24988,6,324,2831,0,0,0,0
244,0,1,1,ACCEPT,31.8998,5.8120,2720,0,0,1.0000,824.09,345.25,44.23,51.92,736.00,556.00,60.00,40.00,0.0000,228.42,1,-4,1.8124,MAX_STEP,0,1213,245,27145,6,324,2720,0,0,0,0
245,0,1,1,ACCEPT,32.2742,5.8673,2875,0,0,1.0000,824.09,345.25,44.23,51.92,743.00,559.50,58.00,41.00,0.0000,229.08,1,-5,1.8655,MAX_STEP,0,1379,378,21686,6,324,2875,0,0,0,0
246,0,1,1,ACCEPT,33.7238,5.2212,2762,0,0,1.0000,824.09,345.25,44.23,51.92,747.50,565.50,59.00,37.00,0.0000,233.19,1,2,1.5290,LOW_CONF,0,1241,150,32767,6,324,2762,0,0,0,0
247,0,1,1,ACCEPT,30.2647,5.0963,2594,0,0,1.0000,824.09,345.25,44.23,51.92,750.50,567.50,57.00,35.00,0.0000,234.12,1,-4,2.1912,MAX_STEP,0,1441,343,19487,6,324,2594,0,0,0,0
248,0,1,1,ACCEPT,35.0215,6.3943,2935,0,0,1.0000,824.09,345.25,44.23,51.92,756.00,568.00,52.00,34.00,0.0000,232.93,1,-4,1.7181,MAX_STEP,0,1289,204,27956,6,324,2935,0,0,0,0
249,0,1,1,ACCEPT,31.2812,5.6533,2674,0,0,1.0000,824.09,345.25,44.23,51.92,760.00,571.50,48.00,33.00,0.0000,235.15,1,5,1.6417,MAX_STEP,0,1431,256,19420,6,324,2674,0,0,0,0
250,0,1,1,ACCEPT,32.6560,6.2210,2843,0,0,1.0000,824.09,345.25,44.23,51.92,760.50,573.50,49.00,31.00,0.0000,236.94,1,5,2.5024,MAX_STEP,0,1337,234,26962,6,324,2843,0,0,0,0
251,0,1,1,ACCEPT,34.3788,6.4783,2831,0,0,1.0000,824.09,345.25,44.23,51.92,757.50,575.00,53.00,26.00,0.0000,239.21,1,-3,2.2943,MAX_STEP,0,1253,241,26492,6,324,2831,0,0,0,0
252,0,1,1,ACCEPT,36.1399,7.4499,2898,0,0,1.0000,824.09,345.25,44.23,51.92,755.50,575.50,49.00,27.00,0.0000,240.25,1,6,1.7685,MAX_STEP,0,1345,264,29135,6,324,2898,0,0,0,0
253,0,1,1,ACCEPT,33.5619,5.7809,2717,0,0,1.0000,824.09,345.25,44.23,51.92,754.00,571.50,52.00,35.00,0.0000,236.86,1,-4,2.5624,MAX_STEP,0,1126,274,32292,6,324,2717,0,0,0,0
254,0,1,1,ACCEPT,34.9457,6.3116,2613,0,0,1.0000,824.09,345.25,44.23,51.92,756.00,570.50,52.00,35.00,0.0000,235.32,1,5,2.3577,MAX_STEP,0,1171,221,32767,6,324,2613,0,0,0,0
255,0,1,1,ACCEPT,32.2391,6.3931,2423,0,0,1.0000,824.09,345.25,44.23,51.92,753.50,571.50,49.00,43.00,0.0000,237.01,1,5,2.4789,MAX_STEP,0,1186,232,28507,6,324,2423,0,0,0,0
256,0,1,1,ACCEPT,34.8449,5.8275,2838,0,0,1.0000,824.09,345.25,44.23,51.92,754.50,574.50,49.00,39.00,0.0000,239.58,1,-5,1.6522,MAX_STEP,0,1195,284,32767,6,324,2838,0,0,0,0
257,0,1,1,ACCEPT,32.7208,6.2323,2549,0,0,1.0000,824.09,345.25,44.23,51.92,753.50,574.00,51.00,38.00,0.0000,239.40,1,5,1.7172,MAX_STEP,0,1199,291,30679,6,324,2549,0,0,0,0
258,0,1,1,ACCEPT,38.3968,8.3746,2973,0,0,1.0000,824.09,345.25,44.23,51.92,754.00,574.50,54.00,37.00,0.0000,239.73,1,-5,1.4861,MAX_STEP,0,1326,244,32767,6,324,2973,0,0,0,0
259,0,1,1,ACCEPT,36.2862,7.4935,2323,0,0,1.0000,824.09,345.25,44.23,51.92,753.50,576.00,53.00,34.00,0.0000,241.31,1,-5,1.8365,MAX_STEP,0,1090,383,24728,6,324,2323,0,0,0,0
260,0,1,1,ACCEPT,39.0845,7.3828,2488,0,0,1.0000,824.09,345.25,44.23,51.92,755.00,575.50,58.00,29.00,0.0000,240.39,1,5,1.8473,MAX_STEP,0,1131,265,30443,6,324,2488,0,0,0,0
261,0,1,1,ACCEPT,36.5729,6.3222,3041,0,0,1.0000,824.09,345.25,44.23,51.92,755.00,575.50,60.00,27.00,0.0000,240.39,1,4,1.6222,MAX_STEP,0,1350,343,28461,6,324,3041,0,0,0,0
262,0,1,1,ACCEPT,34.5871,6.1880,2469,0,0,1.0000,824.09,345.25,44.23,51.92,757.00,576.00,62.00,24.00,0.0000,240.31,1,6,1.7894,MAX_STEP,0,1090,216,32767,6,324,2469,0,0,0,0
263,0,1,1,ACCEPT,34.5695,5.3973,2758,0,0,1.0000,824.09,345.25,44.23,51.92,760.00,578.00,62.00,22.00,0.0000,241.41,1,5,1.1191,MAX_STEP,0,1317,238,27212,6,324,2758,0,0,0,0
264,0,1,1,ACCEPT,34.0111,5.8511,3066,0,0,1.0000,824.09,345.25,44.23,51.92,763.00,580.50,62.00,21.00,0.0000,243.05,1,4,2.3747,MAX_STEP,0,1420,202,32767,6,324,3066,0,0,0,0
265,0,1,1,ACCEPT,33.0123,6.6776,3045,0,0,1.0000,824.09,345.25,44.23,51.92,763.00,581.00,64.00,22.00,0.0000,243.54,1,5,1.7584,MAX_STEP,0,1447,288,32312,6,324,3045,0,0,0,0
266,0,1,1,ACCEPT,37.4369,6.5478,2809,0,0,1.0000,824.09,345.25,44.23,51.92,763.00,581.00,66.00,22.00,0.0000,243.54,1,4,2.1149,MAX_STEP,0,1177,366,31052,6,324,2809,0,0,0,0
267,0,1,1,ACCEPT,34.7152,6.9942,2413,0,0,1.0000,824.09,345.25,44.23,51.92,769.50,582.50,63.00,23.00,0.0000,243.45,1,5,2.2510,MAX_STEP,0,1082,166,32767,6,324,2413,0,0,0,0
268,0,1,1,ACCEPT,35.2023,6.6067,2755,0,0,1.0000,824.09,345.25,44.23,51.92,777.50,586.50,53.00,23.00,0.0000,245.71,1,5,2.1792,MAX_STEP,0,1330,296,23742,6,324,2755,0,0,0,0
269,0,1,1,ACCEPT,34.3128,6.6792,2832,0,0,1.0000,824.09,345.25,44.23,51.92,777.00,585.00,54.00,22.00,0.0000,244.33,1,5,2.3538,MAX_STEP,0,1304,261,27705,6,324,2832,0,0,0,0
270,0,1,1,ACCEPT,37.0238,6.7675,2416,0,0,1.0000,824.09,345.25,44.23,51.92,776.00,584.50,54.00,23.00,0.0000,244.04,1,4,2.0902,MAX_STEP,0,1215,261,24167,6,324,2416,0,0,0,0
271,0,1,1,ACCEPT,34.1766,6.4713,2595,0,0,1.0000,824.09,345.25,44.23,51.92,771.50,581.50,57.00,31.00,0.0000,242.03,1,4,2.2479,MAX_STEP,0,1248,282,23111,6,324,2595,0,0,0,0
272,0,1,1,ACCEPT,35.4288,6.6310,2606,0,0,1.0000,824.09,345.25,44.23,51.92,771.50,579.50,57.00,33.00,0.0000,240.08,1,-4,2.1012,MAX_STEP,0,1159,304,29529,6,324,2606,0,0,0,0
273,0,1,1,ACCEPT,36.9209,5.9904,2486,0,0,1.0000,824.09,345.25,44.23,51.92,772.50,580.00,57.00,34.00,0.0000,240.35,1,5,2.1356,MAX_STEP,0,1145,266,20198,6,324,2486,0,0,0,0
274,0,1,1,ACCEPT,36.1941,6.4364,1770,0,0,1.0000,824.09,345.25,44.23,51.92,774.00,578.50,56.00,31.00,0.0000,238.57,1,5,1.9430,MAX_STEP,0,828,147,30443,6,324,1770,0,0,0,0
275,0,1,1,ACCEPT,33.4868,7.0515,2052,0,0,1.0000,824.09,345.25,44.23,51.92,774.00,578.50,60.00,27.00,0.0000,238.57,1,5,1.8865,MAX_STEP,0,1113,220,30782,6,324,2052,0,0,0,0
276,0,1,1,ACCEPT,39.7983,6.4331,2451,0,0,1.0000,824.09,345.25,44.23,51.92,775.50,579.50,59.00,25.00,0.0000,239.24,1,5,2.4203,MAX_STEP,0,988,185,29067,6,324,2451,0,0,0,0
277,0,1,1,ACCEPT,31.4594,5.7764,1808,0,0,1.0000,824.09,345.25,44.23,51.92,772.50,581.00,57.00,24.00,0.0000,241.33,1,8,1.5415,MAX_STEP,0,892,237,23442,6,324,1808,0,0,0,0
278,0,1,1,ACCEPT,37.2108,6.3983,2265,0,0,1.0000,824.09,345.25,44.23,51.92,771.00,578.50,60.00,23.00,0.0000,239.22,1,5,1.6957,MAX_STEP,0,1147,257,21099,6,324,2265,0,0,0,0
279,0,1,1,ACCEPT,37.7164,6.7263,2482,0,0,1.0000,824.09,345.25,44.23,51.92,770.50,585.00,65.00,20.00,0.0000,245.67,1,6,2.0065,MAX_STEP,0,1239,230,29936,6,324,2482,0,0,0,0
280,0,1,1,ACCEPT,34.9483,6.5182,2679,0,0,1.0000,824.09,345.25,44.23,51.92,780.00,594.00,66.00,22.00,0.0000,252.63,1,5,1.6327,MAX_STEP,0,1371,317,26094,6,324,2679,0,0,0,0
281,0,1,1,ACCEPT,41.0994,7.8721,2401,0,0,1.0000,824.09,345.25,44.23,51.92,792.00,602.00,64.00,30.00,0.0000,258.75,1,6,1.8822,MAX_STEP,0,957,185,26599,6,324,2401,0,0,0,0
282,0,1,1,ACCEPT,36.4906,5.4304,2107,0,0,1.0000,824.09,345.25,44.23,51.92,808.50,601.50,61.00,35.00,0.0000,256.72,1,4,2.0261,MAX_STEP,0,954,208,32095,6,324,2107,0,0,0,0
283,0,1,1,ACCEPT,36.3303,5.3974,2105,0,0,1.0000,824.09,345.25,44.23,51.92,822.50,602.00,55.00,46.00,0.0000,256.75,1,6,2.0764,MAX_STEP,0,975,238,26637,6,324,2105,0,0,0,0
284,0,1,1,ACCEPT,35.4908,5.8351,2229,0,0,1.0000,824.09,345.25,44.23,51.92,845.00,590.00,36.00,64.00,0.0000,245.64,1,7,1.5168,MAX_STEP,0,956,224,32767,6,324,2229,0,0,0,0
285,0,1,1,ACCEPT,33.4275,5.6791,2124,0,0,1.0000,824.09,345.25,44.23,51.92,862.00,554.00,24.00,66.00,0.0000,212.16,1,6,2.2332,MAX_STEP,0,1176,191,31179,6,324,2124,0,0,0,0
286,0,1,1,ACCEPT,36.3062,6.6723,1975,0,0,1.0000,824.09,345.25,44.23,51.92,870.00,514.00,22.00,68.00,0.0000,174.88,1,-5,1.6388,MAX_STEP,0,1130,351,21939,6,324,1975,0,0,0,0
287,0,1,1,ACCEPT,37.3156,7.5056,2019,0,0,1.0000,824.09,345.25,44.23,51.92,868.00,476.00,26.00,66.00,0.0000,137.93,1,4,1.9525,MAX_STEP,0,953,201,23012,6,324,2019,0,0,0,0
288,0,1,1,ACCEPT,33.3328,6.7224,1889,0,0,1.0000,824.09,345.25,44.23,51.92,870.50,449.00,31.00,66.00,0.0000,113.66,1,-4,1.8513,MAX_STEP,0,896,285,29955,6,324,1889,0,0,0,0
289,0,1,1,ACCEPT,37.5813,7.2000,2268,0,0,1.0000,824.09,345.25,44.23,51.92,870.50,442.00,33.00,64.00,0.0000,107.30,1,5,2.3177,MAX_STEP,0,1058,240,28255,6,324,2268,0,0,0,0
290,0,1,1,ACCEPT,37.2889,7.1139,1999,0,0,1.0000,824.09,345.25,44.23,51.92,870.00,435.00,44.00,58.00,0.0000,100.81,1,-5,1.7968,MAX_STEP,0,942,233,30396,6,324,1999,0,0,0,0
291,0,1,1,ACCEPT,38.2985,8.9395,2217,0,0,1.0000,824.09,345.25,44.23,51.92,873.50,433.00,49.00,54.00,0.0000,100.70,1,5,1.3045,MAX_STEP,0,1059,317,31887,6,324,2217,0,0,0,0
292,0,1,1,ACCEPT,34.9564,6.5216,1963,0,0,1.0000,824.09,345.25,44.23,51.92,871.50,427.00,55.00,48.00,0.0000,94.50,1,8,1.6088,MAX_STEP,0,1073,703,30113,6,324,1963,0,0,0,0
293,0,1,1,ACCEPT,28.3080,5.6087,1677,0,0,1.0000,824.09,345.25,44.23,51.92,866.00,419.00,48.00,56.00,0.0000,84.82,1,5,1.6429,MAX_STEP,0,1011,4028,4975,6,324,1677,0,0,0,0
294,0,1,1,ACCEPT,8.0897,1.1614,806,12,10,0.8610,840.59,361.50,44.23,51.92,853.00,408.50,38.00,63.00,0.0684,48.61,1,5,1.8407,MAX_STEP,0,1094,6921,2194,6,324,806,0,0,0,0
295,0,1,0,NEGATIVE_PEAK,-4.0730,1.0367,-1922,-3,3,0.2570,840.59,361.50,44.23,51.92,840.50,380.50,35.00,65.00,0.4329,19.00,0,0,0.0000,NOT_RUN,0,6717,5373,0,6,324,1922,0,0,0,0
296,0,1,1,ACCEPT,5.6819,1.2646,2270,-1,-13,0.0313,839.22,340.38,44.23,51.92,824.50,340.00,39.00,60.00,0.4310,14.72,1,5,0.9732,MAX_STEP,0,4786,5512,4928,6,324,2270,0,0,0,0
297,0,1,1,ACCEPT,8.9795,1.6840,453,-10,-30,0.1214,825.47,291.62,44.23,51.92,803.00,291.50,50.00,51.00,0.3502,22.47,1,-6,1.8044,MAX_STEP,0,562,4931,3281,6,324,453,0,0,0,0
298,0,1,1,ACCEPT,11.1985,2.3718,1110,-16,-21,0.0279,803.47,257.50,44.23,51.92,780.00,259.00,52.00,50.00,0.3315,23.52,1,-5,1.7350,MAX_STEP,0,1289,4320,3461,6,324,1110,0,0,0,0
299,0,1,1,ACCEPT,11.6264,2.0759,1559,-14,-19,0.0904,784.22,226.62,44.23,51.92,758.50,232.50,57.00,41.00,0.2789,26.38,1,-5,2.4456,MAX_STEP,0,1688,3899,4927,6,324,1559,0,0,0,0
300,0,1,1,ACCEPT,12.0136,2.2473,1681,-16,-14,0.0958,762.22,203.88,44.23,51.92,735.00,210.00,64.00,36.00,0.2666,27.90,1,-5,1.9657,MAX_STEP,0,1668,3550,4883,6,324,1681,0,0,0,0
301,0,1,1,ACCEPT,10.3943,1.6773,1471,-19,-13,0.0061,736.09,182.75,44.23,51.92,706.50,192.00,65.00,30.00,0.2147,31.01,1,-5,2.0495,MAX_STEP,0,2122,2734,5318,6,324,1471,0,0,0,0
302,0,1,1,ACCEPT,14.6877,2.1865,2333,-14,-10,0.0201,716.84,166.50,44.23,51.92,687.00,179.50,68.00,25.00,0.1967,32.55,1,-5,2.1792,MAX_STEP,0,2164,2766,7459,6,324,2333,0,0,0,0
303,0,1,1,ACCEPT,17.5132,2.3873,2373,-14,-7,0.0329,697.59,155.12,44.23,51.92,666.00,174.50,70.00,19.00,0.1277,37.06,1,-5,1.3447,MAX_STEP,0,1874,2691,6920,6,324,2373,0,0,0,0
304,0,1,1,ACCEPT,16.3315,1.9944,2868,-7,-3,0.1426,687.97,150.25,44.23,51.92,658.50,172.50,69.00,23.00,0.1190,36.93,1,5,1.0066,MAX_STEP,0,2555,2389,9865,6,324,2868,0,0,0,0
305,0,1,1,ACCEPT,6.9139,1.1571,663,-1,-14,0.0528,686.59,127.50,44.23,51.92,637.00,176.00,70.00,24.00,0.0000,69.37,1,0,2.2325,ACCEPT,0,1256,2105,5770,6,324,663,0,0,0,0
306,0,1,0,NEGATIVE_PEAK,-6.1351,1.2231,-795,0,-6,0.6528,686.59,127.50,44.23,51.92,628.00,175.50,68.00,35.00,0.0000,75.74,0,0,0.0000,NOT_RUN,0,3056,370,0,6,324,795,0,0,0,0
307,0,1,0,NEGATIVE_PEAK,-5.9229,1.1940,-911,1,-6,0.6762,686.59,127.50,44.23,51.92,626.00,178.50,66.00,37.00,0.0000,79.20,0,0,0.0000,NOT_RUN,0,3521,446,0,6,324,911,0,0,0,0
308,0,1,0,NEGATIVE_PEAK,-6.2649,1.2806,-1004,0,-6,0.6116,686.59,127.50,44.23,51.92,625.50,179.50,63.00,39.00,0.0000,80.23,0,0,0.0000,NOT_RUN,0,3810,614,0,6,324,1004,0,0,0,0
309,0,1,0,NEGATIVE_PEAK,-6.2145,1.2462,-1078,0,-6,0.6020,686.59,127.50,44.23,51.92,616.50,180.00,63.00,44.00,0.0000,87.58,0,0,0.0000,NOT_RUN,0,4185,979,0,6,324,1078,0,0,0,0
310,0,1,0,NEGATIVE_PEAK,-6.3162,1.3131,-1145,1,-6,0.6559,686.59,127.50,44.23,51.92,617.50,180.00,65.00,42.00,0.0000,86.78,0,0,0.0000,NOT_RUN,0,4278,1174,0,6,324,1145,0,0,0,0
311,0,1,0,NEGATIVE_PEAK,-6.2357,1.2770,-1111,1,-6,0.6598,686.59,127.50,44.23,51.92,615.50,181.50,63.00,43.00,0.0000,89.28,0,0,0.0000,NOT_RUN,0,4182,971,0,6,324,1111,0,0,0,0
312,0,1,0,NEGATIVE_PEAK,-6.1706,1.2897,-1104,0,-6,0.6612,686.59,127.50,44.23,51.92,614.50,177.00,65.00,40.00,0.0000,87.45,0,0,0.0000,NOT_RUN,0,4229,782,0,6,324,1104,0,0,0,0
313,0,1,0,NEGATIVE_PEAK,-6.3735,1.2165,-1118,0,-6,0.5921,686.59,127.50,44.23,51.92,614.50,176.50,65.00,39.00,0.0000,87.17,0,0,0.0000,NOT_RUN,0,4147,509,0,6,324,1118,0,0,0,0
314,0,1,0,NEGATIVE_PEAK,-6.2905,1.2651,-1107,0,-6,0.6793,686.59,127.50,44.23,51.92,613.50,176.50,63.00,39.00,0.0000,88.00,0,0,0.0000,NOT_RUN,0,4188,508,0,6,324,1107,0,0,0,0
315,0,1,0,NEGATIVE_PEAK,-6.6128,1.3572,-1136,0,-6,0.6127,686.59,127.50,44.23,51.92,613.00,174.50,64.00,35.00,0.0000,87.32,0,0,0.0000,NOT_RUN,0,4103,437,0,6,324,1136,0,0,0,0
316,0,1,0,NEGATIVE_PEAK,-6.5351,1.2689,-1024,0,-6,0.6162,686.59,127.50,44.23,51.92,615.00,173.50,68.00,29.00,0.0000,85.10,0,0,0.0000,NOT_RUN,0,3723,363,0,6,324,1024,0,0,0,0
317,0,1,0,NEGATIVE_PEAK,-6.1249,1.1558,-690,0,-6,0.5855,686.59,127.50,44.23,51.92,617.00,166.50,70.00,25.00,0.0000,79.78,0,0,0.0000,NOT_RUN,0,2431,1703,0,6,324,690,0,0,0,0
318,0,1,0,NEGATIVE_PEAK,-6.5390,1.3468,-800,0,-6,0.6300,686.59,127.50,44.23,51.92,615.00,167.00,70.00,26.00,0.0000,81.77,0,0,0.0000,NOT_RUN,0,2825,933,0,6,324,800,0,0,0,0
319,0,1,0,NEGATIVE_PEAK,-6.3638,1.2845,-903,0,-6,0.6545,686.59,127.50,44.23,51.92,612.50,165.50,69.00,25.00,0.0000,83.27,0,0,0.0000,NOT_RUN,0,3348,317,0,6,324,903,0,0,0,0
320,0,1,0,NEGATIVE_PEAK,-6.1064,1.2261,-1025,0,-6,0.6732,686.59,127.50,44.23,51.92,607.00,168.50,68.00,25.00,0.0000,89.53,0,0,0.0000,NOT_RUN,0,3984,539,0,6,324,1025,0,0,0,0
321,0,1,0,NEGATIVE_PEAK,-6.2013,1.2860,-1142,0,-6,0.5928,686.59,127.50,44.23,51.92,591.00,165.00,68.00,30.00,0.0000,102.69,0,0,0.0000,NOT_RUN,0,4353,914,0,6,324,1142,0,0,0,0
322,0,1,0,NEGATIVE_PEAK,-6.5564,1.3371,-1313,0,-6,0.6093,686.59,127.50,44.23,51.92,539.50,150.00,69.00,28.00,0.0000,148.80,0,0,0.0000,NOT_RUN,0,4796,1514,0,6,324,1313,0,0,0,0
323,0,1,0,NEGATIVE_PEAK,-6.3764,1.2685,-1285,0,-6,0.5922,686.59,127.50,44.23,51.92,502.00,141.00,70.00,22.00,0.0000,185.09,0,0,0.0000,NOT_RUN,0,4831,1420,0,6,324,1285,0,0,0,0
324,0,1,0,NEGATIVE_PEAK,-6.3946,1.2808,-1277,0,-6,0.6045,686.59,127.50,44.23,51.92,493.00,142.50,68.00,25.00,0.0000,194.17,0,0,0.0000,NOT_RUN,0,4780,1020,0,6,324,1277,0,0,0,0
