frame,occluded,evaluated,accept,reason,psr_bolme,psr_ratio,peak,dr_bin,dc_bin,resp00_over_peak,est_row,est_col,est_h,est_w,truth_row,truth_col,truth_h,truth_w,iou,centre_err,published,scale_idx,scale_conf,scale_reason,rails,accum_max,fch0_max,h_max,job,anchor,resp_max,rails_fch,rails_accum,rails_resp,rails_h
0,0,0,0,ZERO_RESPONSE,0.0000,0.0000,0,0,0,0.0000,155.00,497.00,104.00,60.00,155.00,497.00,104.00,60.00,1.0000,0.00,1,0,0.0000,NOT_RUN,0,0,852,31685,0,0,0,0,0,0,0
1,0,1,1,ACCEPT,46.2032,10.4295,1627,0,0,1.0000,155.00,497.00,104.00,60.00,153.00,497.50,102.00,57.00,0.9142,2.06,1,0,3.2520,ACCEPT,0,1070,894,26058,0,0,1627,0,0,0,0
2,0,1,1,ACCEPT,41.7210,9.5486,1375,0,0,1.0000,155.00,497.00,104.00,60.00,153.00,498.50,102.00,59.00,0.9153,2.50,1,0,3.1242,ACCEPT,0,871,889,25636,0,0,1375,0,0,0,0
3,0,1,1,ACCEPT,33.4627,6.8054,1259,0,0,1.0000,155.00,497.00,104.00,60.00,152.00,499.50,102.00,59.00,0.8692,3.91,1,0,2.9482,ACCEPT,0,962,836,24875,0,0,1259,0,0,0,0
4,0,1,1,ACCEPT,29.8856,5.3172,1207,0,0,1.0000,155.00,497.00,104.00,60.00,151.50,501.50,103.00,59.00,0.8068,5.70,1,0,2.8054,ACCEPT,0,950,862,26995,0,0,1207,0,0,0,0
5,0,1,1,ACCEPT,26.4774,4.8189,1277,0,0,1.0000,155.00,497.00,104.00,60.00,151.00,501.00,104.00,60.00,0.8140,5.66,1,0,2.6986,ACCEPT,0,1108,997,25371,0,0,1277,0,0,0,0
6,0,1,1,ACCEPT,23.5448,4.3367,1275,0,0,1.0000,155.00,497.00,104.00,60.00,151.00,503.00,106.00,58.00,0.7609,7.21,1,0,2.6768,ACCEPT,0,1151,962,29390,0,0,1275,0,0,0,0
7,0,1,1,ACCEPT,22.5407,4.4329,1454,0,0,1.0000,155.00,497.00,104.00,60.00,151.00,503.00,106.00,58.00,0.7609,7.21,1,0,2.7379,ACCEPT,0,1231,907,31021,0,0,1454,0,0,0,0
8,0,1,1,ACCEPT,21.7330,4.0855,1434,0,0,1.0000,155.00,497.00,104.00,60.00,150.50,503.00,109.00,58.00,0.7554,7.50,1,0,2.8083,ACCEPT,0,1128,915,30678,0,0,1434,0,0,0,0
9,0,1,1,ACCEPT,20.2437,3.7902,1391,0,0,1.0000,155.00,497.00,104.00,60.00,147.50,504.50,103.00,57.00,0.6786,10.61,1,0,2.7602,ACCEPT,0,1287,907,30363,0,0,1391,0,0,0,0
10,0,1,1,ACCEPT,19.6070,4.0648,1443,0,0,1.0000,155.00,497.00,104.00,60.00,147.50,506.50,103.00,55.00,0.6315,12.10,1,0,2.7929,ACCEPT,0,1465,915,30844,0,0,1443,0,0,0,0
11,0,1,1,ACCEPT,19.7375,4.4075,1406,0,0,1.0000,155.00,497.00,104.00,60.00,147.50,507.00,103.00,54.00,0.6189,12.50,1,0,2.7405,ACCEPT,0,1436,922,30237,0,0,1406,0,0,0,0
12,0,1,1,ACCEPT,18.9814,3.9725,1442,0,0,1.0000,155.00,497.00,104.00,60.00,147.00,508.00,104.00,54.00,0.5935,13.60,1,0,2.6879,ACCEPT,0,1605,890,30577,0,0,1442,0,0,0,0
13,0,1,1,ACCEPT,17.7640,3.4407,1421,0,0,1.0000,155.00,497.00,104.00,60.00,147.00,508.50,104.00,51.00,0.5770,14.01,1,0,2.6134,ACCEPT,0,1471,876,31577,0,0,1421,0,0,0,0
14,0,1,1,ACCEPT,18.4221,3.6096,1498,0,0,1.0000,155.00,497.00,104.00,60.00,146.50,509.00,105.00,50.00,0.5607,14.71,1,0,2.5316,ACCEPT,0,1507,779,32528,0,0,1498,0,0,0,0
15,0,1,1,ACCEPT,18.0707,3.7531,1490,0,0,1.0000,155.00,497.00,104.00,60.00,146.50,510.00,105.00,50.00,0.5406,15.53,1,0,2.4717,ACCEPT,0,1367,783,32201,0,0,1490,0,0,0,0
16,0,1,1,ACCEPT,15.7729,3.1437,1553,0,0,1.0000,155.00,497.00,104.00,60.00,145.00,510.00,104.00,48.00,0.5224,16.40,1,0,2.4310,ACCEPT,0,1864,776,32004,0,0,1553,0,0,0,0
17,0,1,1,ACCEPT,15.4103,3.2486,1725,0,0,1.0000,155.00,497.00,104.00,60.00,145.50,512.00,107.00,48.00,0.4906,17.76,1,0,2.3422,ACCEPT,0,1947,694,31428,0,0,1725,0,0,0,0
18,0,1,1,ACCEPT,15.3979,3.2739,1948,0,0,1.0000,155.00,497.00,104.00,60.00,145.00,511.50,104.00,45.00,0.4861,17.61,1,0,2.2434,ACCEPT,0,2147,732,27790,0,0,1948,0,0,0,0
19,0,1,1,ACCEPT,14.6912,3.2347,1957,0,0,1.0000,155.00,497.00,108.16,62.40,146.50,512.00,107.00,42.00,0.4877,17.24,1,1,2.0223,ACCEPT,0,2138,727,23660,0,0,1957,0,0,0,0
20,0,1,1,ACCEPT,15.4798,3.5772,1946,0,0,1.0000,155.00,497.00,108.16,62.40,145.50,513.00,105.00,42.00,0.4597,18.61,1,0,1.9633,LOW_CONF,0,1762,647,27778,0,0,1946,0,0,0,0
21,0,1,1,ACCEPT,15.2937,3.2994,2237,0,0,1.0000,155.00,497.00,108.16,62.40,146.50,514.00,105.00,38.00,0.4352,19.01,1,0,1.6245,LOW_CONF,0,1837,653,26940,0,0,2237,0,0,0,0
22,0,1,1,ACCEPT,14.5853,2.9262,2101,0,0,1.0000,155.00,497.00,108.16,62.40,148.50,513.50,109.00,37.00,0.4584,17.73,1,6,1.5167,MAX_STEP,0,1908,643,26974,0,0,2101,0,0,0,0
23,0,1,1,ACCEPT,13.9148,2.8455,2026,0,0,1.0000,155.00,497.00,108.16,62.40,148.50,513.50,107.00,35.00,0.4496,17.73,1,7,1.6697,MAX_STEP,0,1902,665,25943,0,0,2026,0,0,0,0
24,0,1,1,ACCEPT,13.9162,2.8287,1949,0,0,1.0000,155.00,497.00,108.16,62.40,148.00,515.00,106.00,32.00,0.4048,19.31,1,8,1.7111,MAX_STEP,0,1677,651,25381,0,0,1949,0,0,0,0
25,0,1,1,ACCEPT,14.3471,2.7003,1901,0,0,1.0000,155.00,497.00,108.16,62.40,149.50,516.00,103.00,32.00,0.3907,19.78,1,9,1.6912,MAX_STEP,0,1595,717,25064,0,0,1901,0,0,0,0
26,0,1,1,ACCEPT,13.8591,2.5033,1900,0,0,1.0000,155.00,497.00,108.16,62.40,151.00,516.00,104.00,30.00,0.3915,19.42,1,8,1.5155,MAX_STEP,0,1628,618,28179,0,0,1900,0,0,0,0
27,0,1,1,ACCEPT,14.6332,2.6103,2070,1,0,0.9870,158.38,497.00,108.16,62.40,152.00,516.50,102.00,29.00,0.3632,20.52,1,7,1.3837,MAX_STEP,0,1592,609,25165,0,0,2070,0,0,0,0
28,0,1,1,ACCEPT,15.2473,2.8142,1908,0,0,1.0000,158.38,497.00,108.16,62.40,153.00,517.50,98.00,27.00,0.3363,21.19,1,1,1.4235,LOW_CONF,0,1505,627,24095,0,0,1908,0,0,0,0
29,0,1,1,ACCEPT,16.1891,2.9401,1964,0,0,1.0000,158.38,497.00,108.16,62.40,155.50,518.00,99.00,26.00,0.3269,21.20,1,0,1.5420,LOW_CONF,0,1571,678,24577,0,0,1964,0,0,0,0
30,0,1,1,ACCEPT,16.5661,2.9774,1980,0,0,1.0000,158.38,497.00,108.16,62.40,157.50,517.50,97.00,25.00,0.3250,20.52,1,-1,1.9212,LOW_CONF,0,1425,767,23318,0,0,1980,0,0,0,0
31,0,1,1,ACCEPT,15.5678,3.1381,1773,0,0,1.0000,158.38,497.00,108.16,62.40,159.00,517.50,96.00,25.00,0.3218,20.51,1,0,2.3323,ACCEPT,0,1638,747,21577,0,0,1773,0,0,0,0
32,0,1,1,ACCEPT,15.4044,2.8593,1687,0,0,1.0000,158.38,497.00,108.16,62.40,163.00,518.00,92.00,22.00,0.2859,21.50,1,0,2.5836,ACCEPT,0,1573,707,22686,0,0,1687,0,0,0,0
33,0,1,1,ACCEPT,14.0706,2.5935,1595,1,0,0.9787,161.75,497.00,112.49,64.90,167.00,517.50,88.00,21.00,0.2532,21.16,1,1,2.3748,ACCEPT,0,1672,674,23468,0,0,1595,0,0,0,0
34,0,1,1,ACCEPT,11.5131,2.4412,1433,0,0,1.0000,161.75,497.00,116.99,67.49,170.50,516.50,85.00,19.00,0.2045,21.37,1,1,2.4080,ACCEPT,0,2045,646,22422,0,0,1433,0,0,0,0
35,0,1,1,ACCEPT,9.8134,2.1474,1340,0,0,1.0000,161.75,497.00,116.99,67.49,176.50,516.50,79.00,19.00,0.1901,24.45,1,0,2.4444,ACCEPT,0,2309,574,24432,0,0,1340,0,0,0,0
36,0,1,1,ACCEPT,9.3958,1.7952,1420,0,0,1.0000,161.75,497.00,116.99,67.49,188.00,516.50,92.00,17.00,0.1636,32.70,1,0,2.7008,ACCEPT,0,2758,544,21372,0,0,1420,0,0,0,0
37,0,1,1,ACCEPT,11.5894,2.0938,1608,0,0,1.0000,161.75,497.00,116.99,67.49,193.00,515.00,90.00,16.00,0.1413,36.06,1,0,2.4598,ACCEPT,0,2583,486,21596,0,0,1608,0,0,0,0
38,0,1,1,ACCEPT,14.0606,2.4889,1914,0,0,1.0000,161.75,497.00,116.99,67.49,197.50,514.00,83.00,14.00,0.1102,39.59,1,0,2.6468,ACCEPT,0,2513,465,19927,0,0,1914,0,0,0,0
39,0,1,1,ACCEPT,14.8451,2.6314,1963,0,0,1.0000,161.75,497.00,116.99,67.49,204.00,514.00,78.00,14.00,0.0942,45.54,1,0,2.6216,ACCEPT,0,2428,505,17497,0,0,1963,0,0,0,0
40,0,1,1,ACCEPT,15.4267,2.9486,2064,0,0,1.0000,161.75,497.00,116.99,67.49,211.00,511.50,70.00,15.00,0.0801,51.34,1,0,2.6389,ACCEPT,0,2508,546,17846,0,0,2064,0,0,0,0
41,0,1,1,ACCEPT,17.0875,3.2157,2177,0,0,1.0000,161.75,497.00,116.99,67.49,215.00,508.50,66.00,17.00,0.0777,54.48,1,0,2.7443,ACCEPT,0,2575,614,19680,0,0,2177,0,0,0,0
42,0,1,1,ACCEPT,18.4843,3.5355,2489,0,0,1.0000,161.75,497.00,116.99,67.49,221.50,506.50,61.00,17.00,0.0589,60.50,1,0,2.6947,ACCEPT,0,2721,657,20521,0,0,2489,0,0,0,0
43,0,1,1,ACCEPT,20.1880,3.7084,2696,0,0,1.0000,161.75,497.00,116.99,67.49,225.50,504.00,59.00,20.00,0.0564,64.13,1,0,2.7718,ACCEPT,0,2639,766,21392,0,0,2696,0,0,0,0
44,0,1,1,ACCEPT,22.0380,4.2192,3080,0,0,1.0000,161.75,497.00,116.99,67.49,233.00,501.50,52.00,25.00,0.0373,71.39,1,0,2.8139,ACCEPT,0,2687,834,21969,0,0,3080,0,0,0,0
45,0,1,1,ACCEPT,23.8488,4.6786,3392,0,0,1.0000,161.75,497.00,116.99,67.49,237.50,498.00,47.00,26.00,0.0181,75.76,1,0,2.8470,ACCEPT,0,2768,835,23312,0,0,3392,0,0,0,0
46,0,1,1,ACCEPT,25.6440,4.6426,3663,0,0,1.0000,161.75,497.00,116.99,67.49,244.00,496.00,46.00,32.00,0.0000,82.26,1,0,2.8131,ACCEPT,0,2747,821,26254,0,0,3663,0,0,0,0
47,0,1,1,ACCEPT,27.2091,4.8890,3877,0,0,1.0000,161.75,497.00,116.99,67.49,250.50,494.00,45.00,38.00,0.0000,88.80,1,0,2.8161,ACCEPT,0,2696,842,25861,0,0,3877,0,0,0,0
48,0,1,1,ACCEPT,28.1758,4.9150,3991,0,0,1.0000,161.75,497.00,116.99,67.49,256.50,489.50,43.00,45.00,0.0000,95.05,1,0,2.7999,ACCEPT,0,2740,884,22034,0,0,3991,0,0,0,0
49,0,1,1,ACCEPT,28.9400,4.6446,3711,0,0,1.0000,161.75,497.00,116.99,67.49,262.00,487.00,44.00,54.00,0.0000,100.75,1,0,2.7613,ACCEPT,0,2433,863,19926,0,0,3711,0,0,0,0
50,0,1,1,ACCEPT,29.5150,5.0925,3412,0,0,1.0000,161.75,497.00,116.99,67.49,267.00,482.00,44.00,62.00,0.0000,106.31,1,0,2.7523,ACCEPT,0,2122,776,22249,0,0,3412,0,0,0,0
51,0,1,1,ACCEPT,30.3917,5.1880,3642,0,1,0.9942,161.75,499.11,116.99,67.49,271.00,478.50,44.00,75.00,0.0000,111.18,1,0,2.6523,ACCEPT,0,2201,781,22952,0,0,3642,0,0,0,0
52,0,1,1,ACCEPT,31.8968,5.8571,3936,0,0,1.0000,161.75,499.11,116.99,67.49,275.00,474.00,44.00,84.00,0.0000,116.00,1,0,2.6964,ACCEPT,0,2165,797,24274,0,0,3936,0,0,0,0
53,0,1,1,ACCEPT,31.9249,5.9486,4164,0,0,1.0000,161.75,499.11,116.99,67.49,278.00,469.00,46.00,94.00,0.0000,120.09,1,0,2.6984,ACCEPT,0,2266,772,26210,0,0,4164,0,0,0,0
54,0,1,1,ACCEPT,33.2787,6.4480,4404,0,0,1.0000,161.75,499.11,116.99,67.49,279.50,463.50,45.00,105.00,0.0000,123.02,1,0,2.7270,ACCEPT,0,2418,722,23570,0,0,4404,0,0,0,0
55,0,1,1,ACCEPT,32.9803,6.5924,4140,0,0,1.0000,161.75,499.11,116.99,67.49,282.00,458.00,44.00,114.00,0.0000,127.08,1,0,2.7222,ACCEPT,0,2297,759,25759,0,0,4140,0,0,0,0
56,0,1,1,ACCEPT,34.4087,6.6048,4379,0,0,1.0000,161.75,499.11,116.99,67.49,283.00,450.50,48.00,121.00,0.0000,130.63,1,0,2.7563,ACCEPT,0,2382,757,26493,0,0,4379,0,0,0,0
57,0,1,1,ACCEPT,35.3484,6.6463,4360,0,0,1.0000,161.75,499.11,116.99,67.49,281.50,451.50,47.00,107.00,0.0000,128.87,1,0,2.6870,ACCEPT,0,2548,774,28203,0,0,4360,0,0,0,0
58,0,1,1,ACCEPT,35.7976,7.3690,4473,0,0,1.0000,161.75,499.11,116.99,67.49,279.00,441.00,52.00,108.00,0.0000,130.86,1,0,2.7157,ACCEPT,0,2645,754,31752,0,0,4473,0,0,0,0
59,0,1,1,ACCEPT,35.2613,7.1881,4701,0,0,1.0000,161.75,499.11,116.99,67.49,275.50,428.00,53.00,104.00,0.0000,134.15,1,0,2.6937,ACCEPT,0,2899,802,31074,0,0,4701,0,0,0,0
60,0,1,1,ACCEPT,35.4183,7.0183,4590,0,0,1.0000,161.75,499.11,116.99,67.49,271.50,414.00,51.00,96.00,0.0000,138.88,1,0,2.7250,ACCEPT,0,2825,868,30290,0,0,4590,0,0,0,0
61,0,1,1,ACCEPT,34.4948,7.1605,4282,0,0,1.0000,161.75,499.11,116.99,67.49,265.50,398.50,51.00,85.00,0.0000,144.52,1,0,2.6633,ACCEPT,0,2897,762,32767,0,0,4282,0,0,0,0
62,0,1,1,ACCEPT,35.2707,7.8438,4267,0,0,1.0000,161.75,499.11,116.99,67.49,257.50,380.00,49.00,70.00,0.0000,152.82,1,0,2.6508,ACCEPT,0,2911,814,32766,0,0,4267,0,0,0,0
63,0,1,1,ACCEPT,34.0141,8.3694,4327,0,0,1.0000,161.75,499.11,116.99,67.49,247.00,364.50,48.00,45.00,0.0000,159.33,1,0,2.6065,ACCEPT,0,3157,801,32767,0,0,4327,0,0,0,0
64,0,1,1,ACCEPT,33.7266,8.2951,4413,0,1,0.9853,161.75,501.22,116.99,67.49,235.50,341.50,45.00,31.00,0.0000,175.92,1,0,2.4535,ACCEPT,0,3030,762,32767,0,0,4413,0,0,0,0
65,0,1,1,ACCEPT,35.1276,8.4302,4527,0,0,1.0000,161.75,501.22,116.99,67.49,223.50,330.00,47.00,26.00,0.0000,182.01,1,0,2.5294,ACCEPT,0,3010,827,32767,0,0,4527,0,0,0,0
66,0,1,1,ACCEPT,34.8041,8.4301,4586,0,0,1.0000,161.75,501.22,116.99,67.49,209.50,321.00,47.00,18.00,0.0000,186.44,1,0,2.6200,ACCEPT,0,3053,821,32767,0,0,4586,0,0,0,0
67,0,1,1,ACCEPT,34.6434,8.1827,4836,0,0,1.0000,161.75,501.22,116.99,67.49,196.00,309.50,48.00,13.00,0.0000,194.75,1,0,2.6066,ACCEPT,0,3252,770,32767,0,0,4836,0,0,0,0
68,0,1,1,ACCEPT,34.8699,8.3607,4983,0,0,1.0000,161.75,501.22,116.99,67.49,182.50,301.00,49.00,4.00,0.0000,201.29,1,0,2.6733,ACCEPT,0,3235,758,32767,0,0,4983,0,0,0,0
69,0,1,1,ACCEPT,34.5865,8.2348,5015,0,0,1.0000,161.75,501.22,116.99,67.49,168.50,292.50,47.00,13.00,0.0000,208.83,1,0,2.6347,ACCEPT,0,3300,857,32767,0,0,5015,0,0,0,0
70,0,1,1,ACCEPT,34.9844,7.6988,5112,0,0,1.0000,161.75,501.22,116.99,67.49,161.50,284.50,59.00,23.00,0.0000,216.72,1,0,2.7097,ACCEPT,0,3137,841,31488,0,0,5112,0,0,0,0
71,0,1,1,ACCEPT,35.1171,7.3679,5047,0,0,1.0000,161.75,501.22,116.99,67.49,154.00,279.00,70.00,40.00,0.0000,222.35,1,0,2.6921,ACCEPT,0,3133,799,31599,0,0,5047,0,0,0,0
72,0,1,1,ACCEPT,33.9017,7.3264,4960,0,0,1.0000,161.75,501.22,116.99,67.49,146.00,271.50,80.00,47.00,0.0000,230.26,1,0,2.7627,ACCEPT,0,3238,816,31387,0,0,4960,0,0,0,0
73,0,1,1,ACCEPT,34.0442,7.1915,5106,0,0,1.0000,161.75,501.22,116.99,67.49,137.50,263.50,83.00,59.00,0.0000,238.95,1,0,2.7562,ACCEPT,0,3239,790,28970,0,0,5106,0,0,0,0
74,0,1,1,ACCEPT,33.0630,6.8035,4640,0,0,1.0000,161.75,501.22,116.99,67.49,128.50,258.50,91.00,69.00,0.0000,244.99,1,0,2.7575,ACCEPT,0,3122,809,27559,0,0,4640,0,0,0,0
75,0,1,1,ACCEPT,32.2557,6.8646,4462,0,1,0.9780,161.75,503.33,116.99,67.49,121.00,253.50,92.00,77.00,0.0000,253.13,1,0,2.6898,ACCEPT,0,2987,808,25845,0,0,4462,0,0,0,0
76,0,1,1,ACCEPT,33.1572,6.6305,4396,0,0,1.0000,161.75,503.33,116.99,67.49,113.50,250.00,97.00,84.00,0.0000,257.88,1,0,2.7087,ACCEPT,0,2852,784,25209,0,0,4396,0,0,0,0
77,0,1,1,ACCEPT,34.0154,7.2949,4428,0,0,1.0000,161.75,503.33,116.99,67.49,108.50,247.50,99.00,87.00,0.0000,261.31,1,0,2.7754,ACCEPT,0,2850,739,24633,0,0,4428,0,0,0,0
78,0,1,1,ACCEPT,33.6900,7.0792,4382,0,0,1.0000,161.75,503.33,116.99,67.49,102.00,246.00,98.00,90.00,0.0000,264.17,1,0,2.8235,ACCEPT,0,2849,754,23334,0,0,4382,0,0,0,0
79,0,1,1,ACCEPT,33.8296,7.4150,4360,0,0,1.0000,161.75,503.33,116.99,67.49,97.00,246.50,98.00,93.00,0.0000,264.86,1,0,2.9016,ACCEPT,0,2769,771,22368,0,0,4360,0,0,0,0
80,0,1,1,ACCEPT,33.5462,7.3240,4182,0,0,1.0000,161.75,503.33,116.99,67.49,93.50,247.50,97.00,93.00,0.0000,264.78,1,0,2.9398,ACCEPT,0,2615,741,22881,0,0,4182,0,0,0,0
81,0,1,1,ACCEPT,33.7033,7.9360,4095,0,0,1.0000,161.75,503.33,116.99,67.49,89.00,249.00,94.00,90.00,0.0000,264.53,1,0,2.9559,ACCEPT,0,2532,795,23027,0,0,4095,0,0,0,0
82,0,1,1,ACCEPT,32.9570,7.6097,4094,0,0,1.0000,161.75,503.33,116.99,67.49,86.50,253.00,93.00,86.00,0.0000,261.39,1,0,2.9701,ACCEPT,0,2570,803,22432,0,0,4094,0,0,0,0
83,0,1,1,ACCEPT,32.3518,6.8128,4040,0,0,1.0000,161.75,503.33,116.99,67.49,85.00,257.50,90.00,83.00,0.0000,257.53,1,0,2.9763,ACCEPT,0,2600,762,23055,0,0,4040,0,0,0,0
84,0,1,1,ACCEPT,31.9612,6.7838,4267,0,1,0.9869,161.75,505.44,116.99,67.49,81.50,262.00,85.00,76.00,0.0000,256.32,1,0,2.8602,ACCEPT,0,2812,864,25129,0,0,4267,0,0,0,0
85,0,1,1,ACCEPT,33.6368,7.0136,4650,0,0,1.0000,161.75,505.44,116.99,67.49,80.50,269.00,81.00,68.00,0.0000,250.01,1,0,2.9328,ACCEPT,0,2908,864,27382,0,0,4650,0,0,0,0
86,0,1,1,ACCEPT,33.8801,7.2459,4920,0,0,1.0000,161.75,505.44,116.99,67.49,79.00,274.50,76.00,61.00,0.0000,245.32,1,0,2.9701,ACCEPT,0,3163,876,27552,0,0,4920,0,0,0,0
87,0,1,1,ACCEPT,34.6228,6.8369,5114,0,0,1.0000,161.75,505.44,116.99,67.49,76.50,281.50,71.00,51.00,0.0000,239.62,1,0,3.0260,ACCEPT,0,3099,879,27571,0,0,5114,0,0,0,0
88,0,1,1,ACCEPT,34.1310,7.1117,5284,0,0,1.0000,161.75,505.44,116.99,67.49,76.00,288.50,66.00,41.00,0.0000,233.27,1,0,3.0442,ACCEPT,0,3199,886,26366,0,0,5284,0,0,0,0
89,0,1,1,ACCEPT,34.4818,6.5990,5068,0,0,1.0000,161.75,505.44,116.99,67.49,73.00,300.00,64.00,40.00,0.0000,223.79,1,0,3.0363,ACCEPT,0,3058,847,27063,0,0,5068,0,0,0,0
90,0,1,1,ACCEPT,33.5119,7.0071,4947,0,0,1.0000,161.75,505.44,116.99,67.49,72.50,311.00,61.00,38.00,0.0000,213.94,1,0,3.0570,ACCEPT,0,2983,877,27463,0,0,4947,0,0,0,0
91,0,1,1,ACCEPT,34.3143,7.2155,5022,0,0,1.0000,161.75,505.44,116.99,67.49,72.00,323.50,58.00,35.00,0.0000,202.87,1,0,3.0425,ACCEPT,0,2879,846,29984,0,0,5022,0,0,0,0
92,0,1,1,ACCEPT,34.6208,7.5910,5215,0,0,1.0000,161.75,505.44,116.99,67.49,72.00,334.50,54.00,35.00,0.0000,193.07,1,0,3.0387,ACCEPT,0,2944,821,32406,0,0,5215,0,0,0,0
93,0,1,1,ACCEPT,34.1519,7.1797,5155,0,1,0.9946,161.75,507.55,116.99,67.49,71.00,341.50,52.00,43.00,0.0000,189.23,1,0,2.9782,ACCEPT,0,2963,835,32618,0,0,5155,0,0,0,0
94,0,1,1,ACCEPT,35.7129,9.0709,5243,0,-1,0.9506,161.75,505.44,116.99,67.49,71.00,349.50,48.00,51.00,0.0000,180.42,1,0,2.9957,ACCEPT,0,2965,814,32767,0,0,5243,0,0,0,0
95,0,1,1,ACCEPT,34.1923,8.5982,4901,0,1,0.9316,161.75,507.55,116.99,67.49,71.00,357.00,46.00,60.00,0.0000,175.78,1,0,3.0826,ACCEPT,0,2750,779,32767,0,0,4901,0,0,0,0
96,0,1,1,ACCEPT,34.0042,7.6511,5065,0,-1,0.9891,161.75,505.44,116.99,67.49,70.50,365.00,43.00,66.00,0.0000,167.48,1,0,3.0105,ACCEPT,0,2810,781,31690,0,0,5065,0,0,0,0
97,0,1,1,ACCEPT,33.3815,7.4854,4611,0,1,0.8939,161.75,507.55,116.99,67.49,71.50,372.00,41.00,74.00,0.0000,162.84,1,0,3.1397,ACCEPT,0,2565,728,30118,0,0,4611,0,0,0,0
98,0,1,1,ACCEPT,34.0364,7.2169,4792,0,0,1.0000,161.75,507.55,116.99,67.49,72.00,378.50,38.00,81.00,0.0000,157.19,1,0,3.1507,ACCEPT,0,2592,753,28555,0,0,4792,0,0,0,0
99,0,1,1,ACCEPT,34.7088,7.0986,4607,0,0,1.0000,161.75,507.55,116.99,67.49,73.00,385.50,36.00,87.00,0.0000,150.90,1,0,3.1594,ACCEPT,0,2700,711,28876,0,0,4607,0,0,0,0
100,0,1,1,ACCEPT,34.5481,6.5945,4537,0,0,1.0000,161.75,507.55,116.99,67.49,73.00,392.50,36.00,91.00,0.0000,145.30,1,0,3.1452,ACCEPT,0,2650,745,28956,0,0,4537,0,0,0,0
101,0,1,1,ACCEPT,34.1536,6.5239,4495,0,0,1.0000,161.75,507.55,116.99,67.49,74.50,399.00,37.00,96.00,0.0000,139.27,1,0,3.1200,ACCEPT,0,2781,759,29593,0,0,4495,0,0,0,0
102,0,1,1,ACCEPT,34.3668,7.3557,4487,0,0,1.0000,161.75,507.55,116.99,67.49,75.50,405.00,37.00,102.00,0.0000,134.00,1,0,3.0650,ACCEPT,0,2695,750,31119,0,0,4487,0,0,0,0
103,0,1,1,ACCEPT,35.1360,7.3660,4589,0,0,1.0000,161.75,507.55,116.99,67.49,76.00,410.50,36.00,103.00,0.0000,129.50,1,0,3.0086,ACCEPT,0,2820,736,32767,0,0,4589,0,0,0,0
104,0,1,1,ACCEPT,35.5440,8.3345,4609,0,0,1.0000,161.75,507.55,116.99,67.49,77.00,417.00,36.00,108.00,0.0000,124.02,1,0,2.9660,ACCEPT,1,2856,799,32767,0,0,4609,0,0,0,1
105,0,1,1,ACCEPT,35.0126,8.8491,4575,0,0,1.0000,161.75,507.55,116.99,67.49,76.50,422.00,37.00,108.00,0.0000,120.77,1,0,2.9559,ACCEPT,0,2952,802,31705,0,0,4575,0,0,0,0
106,0,1,1,ACCEPT,34.9433,8.4121,4450,0,0,1.0000,161.75,507.55,116.99,67.49,77.00,426.50,36.00,113.00,0.0000,117.27,1,0,2.9865,ACCEPT,0,2885,826,30706,0,0,4450,0,0,0,0
107,0,1,1,ACCEPT,33.4915,7.0198,4261,0,0,1.0000,161.75,507.55,116.99,67.49,77.50,432.50,37.00,113.00,0.0000,112.83,1,0,3.0457,ACCEPT,0,2754,789,30018,0,0,4261,0,0,0,0
108,0,1,1,ACCEPT,32.1125,7.4291,3982,0,1,0.9930,161.75,509.66,116.99,67.49,78.00,437.00,38.00,114.00,0.0000,110.87,1,0,3.1448,ACCEPT,0,2664,800,30347,0,0,3982,0,0,0,0
109,0,1,1,ACCEPT,32.1434,7.6313,3953,0,0,1.0000,161.75,509.66,116.99,67.49,77.00,441.00,38.00,116.00,0.0000,109.07,1,0,3.1796,ACCEPT,0,2416,828,30638,0,0,3953,0,0,0,0
110,0,1,1,ACCEPT,32.0197,6.8225,3766,0,0,1.0000,161.75,509.66,116.99,67.49,78.50,444.50,43.00,117.00,0.0000,105.72,1,0,3.1736,ACCEPT,0,2238,792,29501,0,0,3766,0,0,0,0
111,0,1,1,ACCEPT,33.7643,6.3810,3701,0,0,1.0000,161.75,509.66,116.99,67.49,76.50,447.50,41.00,117.00,0.0000,105.50,1,0,3.1844,ACCEPT,0,2137,810,31099,0,0,3701,0,0,0,0
112,0,1,1,ACCEPT,34.9793,6.3585,3796,0,0,1.0000,161.75,509.66,116.99,67.49,77.50,451.50,45.00,117.00,0.0000,102.37,1,0,3.1929,ACCEPT,0,2199,761,31871,0,0,3796,0,0,0,0
113,0,1,1,ACCEPT,36.0565,6.4795,3784,0,0,1.0000,161.75,509.66,116.99,67.49,78.50,454.00,47.00,116.00,0.0000,100.14,1,0,3.1876,ACCEPT,0,2194,798,29888,0,0,3784,0,0,0,0
114,0,1,1,ACCEPT,36.8281,7.1213,3639,0,0,1.0000,161.75,509.66,116.99,67.49,77.00,458.00,44.00,112.00,0.0000,99.25,1,0,3.1983,ACCEPT,0,2121,782,32383,0,0,3639,0,0,0,0
115,0,1,1,ACCEPT,36.4280,7.3467,3857,0,0,1.0000,161.75,509.66,116.99,67.49,77.50,467.50,47.00,95.00,0.0000,94.21,1,0,3.1640,ACCEPT,0,2208,758,32767,0,0,3857,0,0,0,0
116,0,1,1,ACCEPT,37.1080,7.1867,3773,0,0,1.0000,161.75,509.66,116.99,67.49,78.50,469.00,49.00,94.00,0.0000,92.65,1,0,3.2044,ACCEPT,0,2196,690,32767,0,0,3773,0,0,0,0
117,0,1,1,ACCEPT,37.8550,7.3381,3603,0,1,0.9903,161.75,511.77,116.99,67.49,79.00,470.50,52.00,93.00,0.0054,92.47,1,0,3.1348,ACCEPT,0,2111,726,32767,0,0,3603,0,0,0,0
118,0,1,1,ACCEPT,39.6711,7.6169,3877,0,0,1.0000,161.75,511.77,116.99,67.49,80.50,471.50,55.00,93.00,0.0148,90.68,1,0,3.1772,ACCEPT,0,2212,693,32767,0,0,3877,0,0,0,0
119,0,1,1,ACCEPT,40.2381,7.6700,3858,0,0,1.0000,161.75,511.77,116.99,67.49,81.00,472.00,58.00,92.00,0.0208,90.01,1,0,3.1850,ACCEPT,0,2141,812,32767,0,0,3858,0,0,0,0
120,0,1,1,ACCEPT,39.5399,6.4257,3849,0,0,1.0000,161.75,511.77,116.99,67.49,81.50,473.00,61.00,88.00,0.0264,89.12,1,0,3.1959,ACCEPT,0,2075,775,32767,0,0,3849,0,0,0,0
121,0,1,1,ACCEPT,40.1047,6.0725,3771,0,0,1.0000,161.75,511.77,116.99,67.49,83.00,472.50,64.00,89.00,0.0349,88.00,1,0,3.2062,ACCEPT,0,2001,798,32008,0,0,3771,0,0,0,0
122,0,1,1,ACCEPT,40.8359,5.9350,3745,0,0,1.0000,161.75,511.77,116.99,67.49,85.00,471.50,68.00,87.00,0.0440,86.67,1,0,3.2160,ACCEPT,0,1924,722,32393,0,0,3745,0,0,0,0
123,0,1,1,ACCEPT,40.4419,6.1787,3596,0,0,1.0000,161.75,511.77,116.99,67.49,85.00,471.50,70.00,87.00,0.0463,86.67,1,0,3.2166,ACCEPT,0,1871,778,30184,0,0,3596,0,0,0,0
124,0,1,1,ACCEPT,39.9315,6.2854,3369,0,0,1.0000,161.75,511.77,116.99,67.49,85.50,471.50,71.00,83.00,0.0471,86.23,1,0,3.2191,ACCEPT,0,1773,796,30131,0,0,3369,0,0,0,0
125,0,1,1,ACCEPT,39.7702,6.2910,3221,0,0,1.0000,161.75,511.77,116.99,67.49,87.00,470.00,74.00,82.00,0.0515,85.63,1,0,3.2120,ACCEPT,0,1681,785,27074,0,0,3221,0,0,0,0
126,0,1,1,ACCEPT,39.8669,6.4087,2948,0,0,1.0000,161.75,511.77,116.99,67.49,88.50,470.00,77.00,80.00,0.0571,84.32,1,0,3.1919,ACCEPT,0,1602,873,27357,0,0,2948,0,0,0,0
127,0,1,1,ACCEPT,39.3182,6.0711,2902,0,0,1.0000,161.75,511.77,116.99,67.49,97.00,467.50,92.00,81.00,0.0842,78.43,1,0,3.1835,ACCEPT,0,1616,902,26281,0,0,2902,0,0,0,0
128,0,1,1,ACCEPT,39.8895,5.9634,2773,0,0,1.0000,161.75,511.77,116.99,67.49,97.00,466.00,94.00,80.00,0.0799,79.29,1,0,3.1812,ACCEPT,0,1549,906,29115,0,0,2773,0,0,0,0
129,0,1,1,ACCEPT,39.8095,5.6386,2949,0,1,0.9946,161.75,513.88,116.99,67.49,98.00,464.50,94.00,77.00,0.0673,80.63,1,0,3.0914,ACCEPT,0,1616,899,30049,0,0,2949,0,0,0,0
130,0,1,1,ACCEPT,41.7329,6.2348,3080,0,0,1.0000,161.75,513.88,116.99,67.49,99.00,465.00,94.00,74.00,0.0672,79.54,1,0,3.1182,ACCEPT,0,1708,820,29760,0,0,3080,0,0,0,0
131,0,1,1,ACCEPT,42.6130,6.3066,3147,0,0,1.0000,161.75,513.88,116.99,67.49,100.00,462.50,94.00,73.00,0.0592,80.33,1,0,3.1318,ACCEPT,0,1775,791,27733,0,0,3147,0,0,0,0
132,0,1,1,ACCEPT,42.2464,6.6621,2938,0,0,1.0000,161.75,513.88,116.99,67.49,97.50,464.50,87.00,65.00,0.0493,81.03,1,0,3.1355,ACCEPT,0,1706,899,27606,0,0,2938,0,0,0,0
133,0,1,1,ACCEPT,41.4997,6.1814,2862,0,0,1.0000,161.75,513.88,116.99,67.49,100.00,463.50,90.00,63.00,0.0480,79.69,1,0,3.1623,ACCEPT,0,1620,785,28584,0,0,2862,0,0,0,0
134,0,1,1,ACCEPT,42.8282,6.9577,3124,0,0,1.0000,161.75,513.88,116.99,67.49,101.50,462.00,89.00,60.00,0.0399,79.51,1,0,3.1674,ACCEPT,0,1777,716,26210,0,0,3124,0,0,0,0
135,0,1,1,ACCEPT,42.9693,6.4538,3072,0,0,1.0000,161.75,513.88,116.99,67.49,102.50,461.50,91.00,57.00,0.0349,79.08,1,0,3.1342,ACCEPT,0,1697,803,29316,0,0,3072,0,0,0,0
136,0,1,1,ACCEPT,41.8720,6.0827,3309,0,0,1.0000,161.75,513.88,116.99,67.49,107.50,460.00,95.00,54.00,0.0281,76.46,1,0,3.1316,ACCEPT,0,1907,902,30353,0,0,3309,0,0,0,0
137,0,1,1,ACCEPT,41.7541,6.3986,3532,0,0,1.0000,161.75,513.88,116.99,67.49,108.00,459.00,92.00,52.00,0.0199,76.81,1,0,3.1128,ACCEPT,0,2055,846,30828,0,0,3532,0,0,0,0
138,0,1,1,ACCEPT,42.2749,6.2342,3753,0,0,1.0000,161.75,513.88,116.99,67.49,109.00,458.50,90.00,49.00,0.0120,76.48,1,0,3.1172,ACCEPT,0,2164,833,32609,0,0,3753,0,0,0,0
139,0,1,1,ACCEPT,42.2736,6.6871,3932,0,0,1.0000,161.75,513.88,116.99,67.49,110.00,456.50,88.00,47.00,0.0000,77.27,1,0,3.1269,ACCEPT,0,2384,879,32767,0,0,3932,0,0,0,0
140,0,1,1,ACCEPT,40.8674,6.6379,3996,0,0,1.0000,161.75,513.88,116.99,67.49,110.50,456.00,87.00,44.00,0.0000,77.31,1,0,3.1345,ACCEPT,0,2454,871,32767,0,0,3996,0,0,0,0
141,0,1,1,ACCEPT,40.7758,6.0647,4033,0,0,1.0000,161.75,513.88,116.99,67.49,111.50,455.00,83.00,40.00,0.0000,77.40,1,0,3.1116,ACCEPT,0,2560,831,31815,0,0,4033,0,0,0,0
142,0,1,1,ACCEPT,40.2031,5.6393,3987,0,0,1.0000,161.75,513.88,116.99,67.49,114.00,453.50,80.00,37.00,0.0000,76.98,1,0,3.1149,ACCEPT,0,2486,856,30601,0,0,3987,0,0,0,0
143,0,1,1,ACCEPT,40.6273,5.7218,3805,0,1,0.9953,161.75,515.98,116.99,67.49,115.00,452.50,78.00,35.00,0.0000,78.84,1,0,2.9851,ACCEPT,0,2413,882,32767,0,0,3805,0,0,0,0
144,0,1,1,ACCEPT,38.6991,4.9381,4069,0,0,1.0000,161.75,515.98,116.99,67.49,117.00,451.50,74.00,33.00,0.0000,78.49,1,0,3.0440,ACCEPT,0,2618,863,30012,0,0,4069,0,0,0,0
145,0,1,1,ACCEPT,40.8539,5.4380,3948,0,0,1.0000,161.75,515.98,116.99,67.49,117.00,450.00,68.00,30.00,0.0000,79.73,1,0,3.0265,ACCEPT,0,2524,901,31068,0,0,3948,0,0,0,0
146,0,1,1,ACCEPT,41.7311,6.7098,4046,0,0,1.0000,161.75,515.98,116.99,67.49,120.00,447.50,66.00,29.00,0.0000,80.21,1,0,3.0534,ACCEPT,0,2556,882,31617,0,0,4046,0,0,0,0
147,0,1,1,ACCEPT,41.6434,6.1339,4030,0,0,1.0000,161.75,515.98,116.99,67.49,122.00,445.50,62.00,27.00,0.0000,80.92,1,0,2.9879,ACCEPT,0,2629,948,31974,0,0,4030,0,0,0,0
148,0,1,1,ACCEPT,41.9459,7.0534,4098,0,0,1.0000,161.75,515.98,116.99,67.49,122.50,443.00,57.00,28.00,0.0000,82.87,1,0,3.0064,ACCEPT,0,2729,932,30238,0,0,4098,0,0,0,0
149,0,1,1,ACCEPT,41.9824,6.2481,4030,0,0,1.0000,161.75,515.98,116.99,67.49,125.50,440.50,53.00,27.00,0.0000,83.74,1,0,2.9750,ACCEPT,0,2637,942,29077,0,0,4030,0,0,0,0
150,0,1,1,ACCEPT,43.1821,6.7391,4030,0,0,1.0000,161.75,515.98,116.99,67.49,127.00,440.00,48.00,24.00,0.0000,83.55,1,0,2.9806,ACCEPT,0,2688,913,27769,0,0,4030,0,0,0,0
151,0,1,1,ACCEPT,42.5938,6.6174,4255,0,0,1.0000,161.75,515.98,116.99,67.49,129.50,437.50,43.00,21.00,0.0000,84.85,1,0,2.9434,ACCEPT,0,2840,921,24593,0,0,4255,0,0,0,0
152,0,1,1,ACCEPT,43.7868,7.4055,4036,0,0,1.0000,161.75,515.98,116.99,67.49,131.00,435.50,36.00,21.00,0.0000,86.16,1,0,2.9534,ACCEPT,0,2668,895,25684,0,0,4036,0,0,0,0
153,0,1,1,ACCEPT,44.2962,7.9019,4188,0,0,1.0000,161.75,515.98,116.99,67.49,133.50,434.00,31.00,18.00,0.0000,86.72,1,0,2.9379,ACCEPT,0,2749,862,26225,0,0,4188,0,0,0,0
154,0,1,1,ACCEPT,44.2414,7.9612,4100,0,0,1.0000,161.75,515.98,116.99,67.49,135.50,432.50,23.00,15.00,0.0000,87.51,1,0,2.9285,ACCEPT,0,2657,861,26865,0,0,4100,0,0,0,0
155,0,1,1,ACCEPT,42.9389,8.1559,4029,0,0,1.0000,161.75,515.98,116.99,67.49,138.00,431.00,16.00,12.00,0.0000,88.24,1,0,2.9446,ACCEPT,0,2636,892,26051,0,0,4029,0,0,0,0
156,0,1,1,ACCEPT,43.5372,7.3163,3863,0,0,1.0000,161.75,515.98,116.99,67.49,140.50,429.50,9.00,9.00,0.0000,89.06,1,0,2.9038,ACCEPT,0,2468,880,25845,0,0,3863,0,0,0,0
157,0,1,1,ACCEPT,44.4620,8.4957,3908,0,1,0.9933,161.75,518.09,116.99,67.49,0.00,0.00,0.00,0.00,0.0000,542.76,1,0,2.8683,ACCEPT,0,2372,865,26090,0,0,3908,0,0,0,0
158,0,1,1,ACCEPT,44.4420,8.9643,4016,0,0,1.0000,161.75,518.09,112.49,64.90,0.00,0.00,0.00,0.00,0.0000,542.76,1,-1,2.8455,ACCEPT,0,2475,869,25725,0,0,4016,0,0,0,0
159,0,1,1,ACCEPT,39.8382,7.3752,3695,0,0,1.0000,161.75,518.09,112.49,64.90,0.00,0.00,0.00,0.00,0.0000,542.76,1,0,2.9583,ACCEPT,0,2436,912,26987,0,0,3695,0,0,0,0
160,0,1,1,ACCEPT,40.0809,7.0957,3633,0,0,1.0000,161.75,518.09,112.49,64.90,0.00,0.00,0.00,0.00,0.0000,542.76,1,0,2.9609,ACCEPT,0,2440,878,26889,0,0,3633,0,0,0,0
161,0,1,1,ACCEPT,40.4836,7.7200,3667,0,0,1.0000,161.75,518.09,112.49,64.90,0.00,0.00,0.00,0.00,0.0000,542.76,1,0,2.9874,ACCEPT,0,2494,848,28084,0,0,3667,0,0,0,0
162,0,1,1,ACCEPT,40.6929,7.4376,3637,0,0,1.0000,161.75,518.09,112.49,64.90,0.00,0.00,0.00,0.00,0.0000,542.76,1,0,2.9887,ACCEPT,0,2538,888,27488,0,0,3637,0,0,0,0
163,0,1,1,ACCEPT,41.4811,7.6646,3633,0,0,1.0000,161.75,518.09,112.49,64.90,0.00,0.00,0.00,0.00,0.0000,542.76,1,0,3.0040,ACCEPT,0,2494,889,26628,0,0,3633,0,0,0,0
164,0,1,1,ACCEPT,43.6484,8.6244,3467,0,1,0.9850,161.75,520.12,112.49,64.90,0.00,0.00,0.00,0.00,0.0000,544.70,1,0,2.9658,ACCEPT,0,2304,840,25018,0,0,3467,0,0,0,0
165,0,1,1,ACCEPT,44.8110,9.5255,3553,0,0,1.0000,161.75,520.12,112.49,64.90,0.00,0.00,0.00,0.00,0.0000,544.70,1,0,2.9962,ACCEPT,0,2124,880,25310,0,0,3553,0,0,0,0
166,0,1,1,ACCEPT,44.5486,8.8177,3483,0,0,1.0000,161.75,520.12,112.49,64.90,223.00,391.50,12.00,3.00,0.0000,142.46,1,0,3.0120,ACCEPT,0,2173,902,23959,0,0,3483,0,0,0,0
167,0,1,1,ACCEPT,45.0621,9.8746,3308,0,0,1.0000,161.75,520.12,112.49,64.90,241.50,388.00,39.00,10.00,0.0000,154.33,1,0,3.0391,ACCEPT,0,2080,813,25837,0,0,3308,0,0,0,0
168,0,1,1,ACCEPT,44.8523,10.9690,3543,0,0,1.0000,161.75,520.12,112.49,64.90,249.50,384.00,39.00,8.00,0.0000,161.96,1,0,3.0440,ACCEPT,0,2247,859,25351,0,0,3543,0,0,0,0
169,0,1,1,ACCEPT,45.7909,10.0506,3578,0,0,1.0000,161.75,520.12,112.49,64.90,269.50,378.00,17.00,2.00,0.0000,178.35,1,0,3.0771,ACCEPT,0,2206,884,25821,0,0,3578,0,0,0,0
170,0,1,1,ACCEPT,45.9734,9.2905,3614,0,0,1.0000,161.75,520.12,112.49,64.90,275.00,375.50,28.00,3.00,0.0000,183.69,1,0,3.0781,ACCEPT,0,2210,906,22532,0,0,3614,0,0,0,0
171,0,1,1,ACCEPT,44.3853,8.5570,3226,0,0,1.0000,161.75,520.12,112.49,64.90,278.00,377.00,34.00,16.00,0.0000,184.39,1,0,3.0820,ACCEPT,0,2076,924,22926,0,0,3226,0,0,0,0
172,0,1,1,ACCEPT,44.6938,9.6548,3244,0,0,1.0000,161.75,520.12,112.49,64.90,285.50,374.50,45.00,17.00,0.0000,191.10,1,0,3.0946,ACCEPT,0,2021,886,24535,0,0,3244,0,0,0,0
173,0,1,1,ACCEPT,45.3090,8.8050,3522,0,0,1.0000,161.75,520.12,112.49,64.90,292.50,371.00,47.00,18.00,0.0000,198.33,1,0,3.0737,ACCEPT,0,2173,898,23838,0,0,3522,0,0,0,0
174,0,1,1,ACCEPT,46.7660,10.0872,3470,0,0,1.0000,161.75,520.12,112.49,64.90,300.50,368.50,47.00,21.00,0.0000,205.53,1,0,3.0592,ACCEPT,0,2043,878,25302,0,0,3470,0,0,0,0
175,0,1,1,ACCEPT,47.3068,10.8150,3450,0,1,0.9841,161.75,522.16,112.49,64.90,306.50,366.00,53.00,24.00,0.0000,212.93,1,0,3.0634,ACCEPT,0,2047,884,23615,0,0,3450,0,0,0,0
176,0,1,1,ACCEPT,48.6809,11.0228,3384,0,0,1.0000,161.75,522.16,112.49,64.90,312.00,363.50,56.00,27.00,0.0000,218.51,1,0,3.0801,ACCEPT,0,1915,835,23791,0,0,3384,0,0,0,0
177,0,1,1,ACCEPT,49.2934,11.1650,3383,0,0,1.0000,161.75,522.16,112.49,64.90,314.50,362.00,65.00,32.00,0.0000,221.32,1,0,3.0968,ACCEPT,0,1946,893,23775,0,0,3383,0,0,0,0
178,0,1,1,ACCEPT,47.2620,10.8212,3268,0,0,1.0000,161.75,522.16,112.49,64.90,310.50,364.50,87.00,43.00,0.0000,216.75,1,0,3.1206,ACCEPT,0,1922,863,23739,0,0,3268,0,0,0,0
179,0,1,1,ACCEPT,48.7082,11.8964,3331,0,0,1.0000,161.75,522.16,112.49,64.90,314.50,362.00,91.00,46.00,0.0000,221.32,1,0,3.1064,ACCEPT,0,1879,827,23687,0,0,3331,0,0,0,0
180,0,1,1,ACCEPT,49.4847,11.5310,3344,0,0,1.0000,161.75,522.16,112.49,64.90,317.50,360.00,97.00,50.00,0.0000,224.84,1,0,3.1277,ACCEPT,0,1894,856,24325,0,0,3344,0,0,0,0
181,0,1,1,ACCEPT,49.1067,11.4061,3342,0,0,1.0000,161.75,522.16,112.49,64.90,319.50,358.50,101.00,53.00,0.0000,227.31,1,0,3.1030,ACCEPT,0,1970,853,22957,0,0,3342,0,0,0,0
182,0,1,1,ACCEPT,49.2102,12.3893,3023,0,0,1.0000,161.75,522.16,112.49,64.90,322.50,357.00,105.00,56.00,0.0000,230.47,1,0,3.1234,ACCEPT,0,1921,876,24069,0,0,3023,0,0,0,0
183,0,1,1,ACCEPT,48.6052,12.4876,3022,0,0,1.0000,161.75,522.16,112.49,64.90,324.00,355.50,108.00,59.00,0.0000,232.59,1,0,3.0900,ACCEPT,0,1879,889,24619,0,0,3022,0,0,0,0
184,0,1,1,ACCEPT,50.6094,13.5688,2958,0,0,1.0000,161.75,522.16,112.49,64.90,326.00,354.50,110.00,61.00,0.0000,234.71,1,0,3.0842,ACCEPT,0,1818,924,24897,0,0,2958,0,0,0,0
185,0,1,1,ACCEPT,48.7092,12.7964,2828,0,0,1.0000,161.75,522.16,112.49,64.90,327.50,353.50,111.00,63.00,0.0000,236.47,1,0,3.0573,ACCEPT,0,1750,912,25677,0,0,2828,0,0,0,0
186,0,1,1,ACCEPT,46.4993,12.7431,2778,0,1,0.9978,161.75,524.19,112.49,64.90,328.00,353.00,114.00,66.00,0.0000,238.63,1,0,3.0093,ACCEPT,0,1949,986,23096,0,0,2778,0,0,0,0
187,0,1,1,ACCEPT,48.0642,13.3299,2626,0,0,1.0000,161.75,524.19,112.49,64.90,329.00,352.00,114.00,68.00,0.0000,240.04,1,0,3.0273,ACCEPT,0,1709,928,24710,0,0,2626,0,0,0,0
188,0,1,1,ACCEPT,48.3430,13.7940,2745,0,0,1.0000,161.75,524.19,112.49,64.90,329.50,351.50,113.00,69.00,0.0000,240.75,1,0,3.0615,ACCEPT,0,1730,888,27977,0,0,2745,0,0,0,0
189,0,1,1,ACCEPT,50.4488,13.3801,2957,0,0,1.0000,161.75,524.19,112.49,64.90,329.50,351.00,113.00,70.00,0.0000,241.11,1,0,3.0722,ACCEPT,0,1788,912,25875,0,0,2957,0,0,0,0
190,0,1,1,ACCEPT,49.3461,12.4619,2779,0,0,1.0000,161.75,524.19,112.49,64.90,329.00,351.00,112.00,70.00,0.0000,240.76,1,0,3.0811,ACCEPT,0,1766,869,25854,0,0,2779,0,0,0,0
191,0,1,1,ACCEPT,51.2480,12.7536,2640,0,0,1.0000,161.75,524.19,112.49,64.90,328.50,351.00,111.00,70.00,0.0000,240.42,1,0,3.0767,ACCEPT,0,1558,855,26349,0,0,2640,0,0,0,0
192,0,1,1,ACCEPT,49.4750,12.9949,2573,0,0,1.0000,161.75,524.19,112.49,64.90,328.50,351.00,109.00,70.00,0.0000,240.42,1,0,3.0609,ACCEPT,0,1640,907,26082,0,0,2573,0,0,0,0
193,0,1,1,ACCEPT,48.8073,14.1882,2639,0,0,1.0000,161.75,524.19,112.49,64.90,327.50,351.00,107.00,68.00,0.0000,239.72,1,0,3.0586,ACCEPT,0,1731,854,26909,0,0,2639,0,0,0,0
194,0,1,1,ACCEPT,48.3216,14.5587,2606,0,0,1.0000,161.75,524.19,112.49,64.90,325.50,350.50,105.00,67.00,0.0000,238.71,1,0,3.0469,ACCEPT,0,1701,873,26955,0,0,2606,0,0,0,0
195,0,1,1,ACCEPT,49.0028,14.9598,2603,0,0,1.0000,161.75,524.19,112.49,64.90,324.50,351.50,101.00,65.00,0.0000,237.29,1,0,3.0445,ACCEPT,0,1702,920,25982,0,0,2603,0,0,0,0
196,0,1,1,ACCEPT,48.2561,12.7245,2494,0,0,1.0000,161.75,524.19,112.49,64.90,323.00,352.50,100.00,65.00,0.0000,235.54,1,0,3.0118,ACCEPT,0,1702,925,30164,0,0,2494,0,0,0,0
197,0,1,1,ACCEPT,47.6204,12.9109,2608,0,1,0.9950,161.75,526.22,112.49,64.90,321.50,352.50,97.00,63.00,0.0000,236.00,1,0,2.9899,ACCEPT,0,1787,961,29410,0,0,2608,0,0,0,0
198,0,1,1,ACCEPT,47.6555,12.7190,2671,0,0,1.0000,161.75,526.22,112.49,64.90,319.50,353.50,95.00,63.00,0.0000,233.92,1,0,2.9631,ACCEPT,0,1785,963,29186,0,0,2671,0,0,0,0
199,0,1,1,ACCEPT,51.5805,14.0155,2705,0,0,1.0000,161.75,526.22,112.49,64.90,318.00,354.50,92.00,61.00,0.0000,232.17,1,0,3.0353,ACCEPT,0,1629,866,28987,0,0,2705,0,0,0,0
200,0,1,1,ACCEPT,50.5088,12.2593,2648,0,0,1.0000,161.75,526.22,112.49,64.90,316.50,356.50,89.00,61.00,0.0000,229.68,1,0,3.0666,ACCEPT,0,1662,927,26966,0,0,2648,0,0,0,0
201,0,1,1,ACCEPT,51.5857,13.1632,2501,0,0,1.0000,161.75,526.22,112.49,64.90,314.50,357.50,85.00,59.00,0.0000,227.59,1,0,3.0983,ACCEPT,0,1491,896,25077,0,0,2501,0,0,0,0
202,0,1,1,ACCEPT,49.2230,11.3602,2397,0,0,1.0000,161.75,526.22,112.49,64.90,312.50,357.50,83.00,57.00,0.0000,226.26,1,0,3.0920,ACCEPT,0,1522,943,21599,0,0,2397,0,0,0,0
203,0,1,1,ACCEPT,50.7447,12.0160,2259,0,0,1.0000,161.75,526.22,112.49,64.90,310.50,359.00,79.00,56.00,0.0000,223.80,1,0,3.0982,ACCEPT,0,1383,896,23110,0,0,2259,0,0,0,0
204,0,1,1,ACCEPT,49.6220,12.8378,2375,0,0,1.0000,161.75,526.22,112.49,64.90,308.00,360.00,76.00,56.00,0.0000,221.40,1,0,3.0878,ACCEPT,0,1533,986,23208,0,0,2375,0,0,0,0
205,0,1,1,ACCEPT,49.3584,13.5407,2329,0,0,1.0000,161.75,526.22,112.49,64.90,308.50,358.50,69.00,51.00,0.0000,222.86,1,0,3.0326,ACCEPT,0,1537,970,21815,0,0,2329,0,0,0,0
206,0,1,1,ACCEPT,49.4376,13.4528,2139,0,0,1.0000,161.75,526.22,112.49,64.90,305.50,360.00,67.00,48.00,0.0000,219.76,1,0,3.0380,ACCEPT,0,1398,944,21004,0,0,2139,0,0,0,0
207,0,1,1,ACCEPT,47.1971,12.3072,2043,0,0,1.0000,161.75,526.22,112.49,64.90,303.00,361.00,64.00,48.00,0.0000,217.37,1,0,3.0212,ACCEPT,0,1421,876,21355,0,0,2043,0,0,0,0
208,0,1,1,ACCEPT,47.6595,13.5570,2020,0,1,0.9980,161.75,528.25,112.49,64.90,302.00,362.50,60.00,49.00,0.0000,217.12,1,0,2.9885,ACCEPT,0,1401,892,18650,0,0,2020,0,0,0,0
209,0,1,1,ACCEPT,46.7420,12.2405,1934,0,0,1.0000,161.75,528.25,112.49,64.90,299.00,363.00,58.00,48.00,0.0000,214.81,1,0,3.0165,ACCEPT,0,1297,892,18157,0,0,1934,0,0,0,0
210,0,1,1,ACCEPT,47.4171,12.5000,1950,0,0,1.0000,161.75,528.25,112.49,64.90,296.00,367.00,56.00,54.00,0.0000,209.82,1,0,3.0199,ACCEPT,0,1287,866,16214,0,0,1950,0,0,0,0
211,0,1,1,ACCEPT,48.0751,12.5302,1867,0,0,1.0000,161.75,528.25,112.49,64.90,294.50,365.00,51.00,46.00,0.0000,210.41,1,0,3.0557,ACCEPT,0,1218,891,16448,0,0,1867,0,0,0,0
212,0,1,1,ACCEPT,47.7285,13.1597,1895,0,0,1.0000,161.75,528.25,112.49,64.90,292.50,369.00,51.00,52.00,0.0000,206.05,1,0,3.0597,ACCEPT,0,1254,923,18266,0,0,1895,0,0,0,0
0,0,0,0,ZERO_RESPONSE,0.0000,0.0000,0,0,0,0.0000,267.00,482.00,44.00,62.00,267.00,482.00,44.00,62.00,1.0000,0.00,1,0,0.0000,NOT_RUN,0,0,1656,23915,1,50,0,0,0,0,0
1,0,1,1,ACCEPT,16.9991,3.5894,1486,1,-2,0.6602,268.38,478.12,42.31,59.62,271.00,478.50,44.00,75.00,0.7094,2.65,1,-1,2.2207,ACCEPT,0,1736,1509,26772,1,50,1486,0,0,0,0
2,0,1,1,ACCEPT,7.2353,1.7880,894,0,0,1.0000,268.38,478.12,40.68,57.32,275.00,474.00,44.00,84.00,0.5143,7.80,1,-1,2.6556,ACCEPT,0,1630,1192,32767,1,50,894,0,0,0,0
3,0,1,1,ACCEPT,6.2721,1.5231,824,0,-2,0.8507,268.38,474.53,40.68,57.32,278.00,469.00,46.00,94.00,0.4092,11.10,1,-8,1.5913,MAX_STEP,0,1582,1452,32767,1,50,824,0,0,0,0
4,0,1,1,ACCEPT,7.2018,1.8410,880,0,-1,0.9511,268.38,472.73,40.68,57.32,279.50,463.50,45.00,105.00,0.3470,14.46,1,0,2.0531,ACCEPT,0,1263,1207,32767,1,50,880,0,0,0,0
5,0,1,1,ACCEPT,6.8040,1.5637,871,0,-1,0.9369,268.38,470.94,40.68,57.32,282.00,458.00,44.00,114.00,0.2887,18.79,1,0,2.8357,ACCEPT,0,1464,1165,32767,1,50,871,0,0,0,0
6,0,1,1,ACCEPT,6.2897,1.5304,831,0,1,0.9254,268.38,472.73,39.12,55.12,283.00,450.50,48.00,121.00,0.2504,26.61,1,-1,2.7273,ACCEPT,0,1693,1160,22506,1,50,831,0,0,0,0
7,0,1,1,ACCEPT,7.3118,1.8387,741,2,-1,0.8057,270.81,471.02,37.61,53.00,281.50,451.50,47.00,107.00,0.3134,22.25,1,-1,2.5066,ACCEPT,0,1643,1467,22337,1,50,741,0,0,0,0
8,0,1,1,ACCEPT,7.4397,1.6168,713,-2,1,0.7616,268.47,472.67,37.61,53.00,279.00,441.00,52.00,108.00,0.2819,33.38,1,0,2.8482,ACCEPT,0,1570,1123,23942,1,50,713,0,0,0,0
9,0,1,1,ACCEPT,7.7436,1.7660,830,2,0,0.8771,270.81,472.67,36.16,50.96,275.50,428.00,53.00,104.00,0.1923,44.92,1,-1,2.8740,ACCEPT,0,1882,1711,17564,1,50,830,0,0,0,0
10,0,1,1,ACCEPT,8.4553,1.5908,902,0,0,1.0000,270.81,472.67,36.16,50.96,271.50,414.00,51.00,96.00,0.0863,58.68,1,0,2.9439,ACCEPT,0,1648,1437,24040,1,50,902,0,0,0,0
11,0,1,1,ACCEPT,7.1981,1.4055,1064,1,1,0.8571,271.94,474.27,36.16,50.96,265.50,398.50,51.00,85.00,0.0000,76.04,1,0,3.1756,ACCEPT,0,2154,1622,23310,1,50,1064,0,0,0,0
12,0,1,1,ACCEPT,7.6288,1.9484,1132,0,1,0.9143,271.94,475.86,36.16,50.96,257.50,380.00,49.00,70.00,0.0000,96.94,1,0,3.3707,ACCEPT,0,2389,1493,22354,1,50,1132,0,0,0,0
13,0,1,1,ACCEPT,8.3441,1.6997,1268,0,1,0.9093,271.94,477.45,36.16,50.96,247.00,364.50,48.00,45.00,0.0000,115.67,1,0,3.4131,ACCEPT,0,2386,1449,22201,1,50,1268,0,0,0,0
14,0,1,1,ACCEPT,8.8910,1.6067,1491,0,1,0.8484,271.94,479.05,36.16,50.96,235.50,341.50,45.00,31.00,0.0000,142.29,1,0,3.3005,ACCEPT,0,2658,1361,27599,1,50,1491,0,0,0,0
15,0,1,1,ACCEPT,9.3630,1.9686,2071,0,1,0.8991,271.94,480.64,36.16,50.96,223.50,330.00,47.00,26.00,0.0000,158.24,1,0,3.3213,ACCEPT,0,3661,1280,27999,1,50,2071,0,0,0,0
16,0,1,1,ACCEPT,9.8849,1.9455,2358,0,1,0.9101,271.94,482.23,34.77,49.00,209.50,321.00,47.00,18.00,0.0000,172.90,1,-1,3.0618,ACCEPT,0,4262,1248,25354,1,50,2358,0,0,0,0
17,0,1,1,ACCEPT,9.8652,2.2623,2156,1,1,0.8122,273.03,483.77,33.44,47.11,196.00,309.50,48.00,13.00,0.0000,190.53,1,-1,3.0733,ACCEPT,0,4399,1415,24749,1,50,2156,0,0,0,0
18,0,1,1,ACCEPT,10.4731,2.5908,2311,-1,1,0.8447,271.98,485.23,32.15,45.30,182.50,301.00,49.00,4.00,0.0000,204.82,1,-1,2.7652,ACCEPT,0,4231,1298,27060,1,50,2311,0,0,0,0
19,0,1,1,ACCEPT,10.2626,2.4254,2520,0,2,0.6889,271.98,488.08,32.15,45.30,168.50,292.50,47.00,13.00,0.0000,221.27,1,0,2.9054,ACCEPT,0,5341,1687,18470,1,50,2520,0,0,0,0
20,0,1,1,ACCEPT,10.3104,2.0281,2024,-1,2,0.7579,270.98,490.92,32.15,45.30,161.50,284.50,59.00,23.00,0.0000,233.66,1,0,2.9072,ACCEPT,0,3569,1394,25922,1,50,2024,0,0,0,0
21,0,1,1,ACCEPT,11.0846,2.6746,2688,0,1,0.8118,270.98,492.34,32.15,45.30,154.00,279.00,70.00,40.00,0.0000,243.31,1,-1,1.7518,LOW_CONF,0,4576,1548,20424,1,50,2688,0,0,0,0
22,0,1,1,ACCEPT,10.2004,2.2381,2209,-3,2,0.6392,267.98,495.19,30.91,43.56,146.00,271.50,80.00,47.00,0.0000,254.79,1,-1,2.4712,ACCEPT,0,4054,1410,20702,1,50,2209,0,0,0,0
23,0,1,1,ACCEPT,10.8476,2.0008,2453,-1,2,0.6335,267.02,497.91,29.72,41.88,137.50,263.50,83.00,59.00,0.0000,267.81,1,-1,2.7553,ACCEPT,0,4160,1843,16042,1,50,2453,0,0,0,0
24,0,1,1,ACCEPT,9.8947,1.9491,2257,-3,1,0.6354,264.25,499.22,28.58,40.27,128.50,258.50,91.00,69.00,0.0000,276.36,1,-1,2.3044,ACCEPT,0,3979,1774,18799,1,50,2257,0,0,0,0
25,0,1,1,ACCEPT,9.6842,2.2714,2787,-2,1,0.4625,262.47,500.48,28.58,40.27,121.00,253.50,92.00,77.00,0.0000,284.63,1,-6,1.4649,MAX_STEP,0,5196,2204,16990,1,50,2787,0,0,0,0
26,0,1,1,ACCEPT,11.3991,2.5246,3489,-2,2,0.3244,260.69,503.02,28.58,40.27,113.50,250.00,97.00,84.00,0.0000,292.71,1,-1,1.8841,LOW_CONF,0,5879,2397,14552,1,50,3489,0,0,0,0
27,0,1,1,ACCEPT,11.6307,2.9200,2993,-4,1,0.3602,257.12,504.28,27.48,38.73,108.50,247.50,99.00,87.00,0.0000,296.69,1,-1,2.0617,ACCEPT,0,4818,2232,13010,1,50,2993,0,0,0,0
28,0,1,1,ACCEPT,11.1186,2.7924,3094,-2,1,0.4415,255.41,505.48,27.48,38.73,102.00,246.00,98.00,90.00,0.0000,301.44,1,-1,1.5567,LOW_CONF,0,4668,2081,14073,1,50,3094,0,0,0,0
29,0,1,1,ACCEPT,12.8606,3.1206,3339,-2,2,0.2300,253.69,507.89,27.48,38.73,97.00,246.50,98.00,93.00,0.0000,304.76,1,-1,1.6415,LOW_CONF,0,4893,2271,13831,1,50,3339,0,0,0,0
30,0,1,1,ACCEPT,11.9073,2.9680,2781,-4,1,0.4128,250.25,509.09,27.48,38.73,93.50,247.50,97.00,93.00,0.0000,304.96,1,-1,1.7262,LOW_CONF,0,4230,2183,13776,1,50,2781,0,0,0,0
31,0,1,1,ACCEPT,11.1447,2.8475,2671,-2,1,0.4871,248.53,510.30,27.48,38.73,89.00,249.00,94.00,90.00,0.0000,306.15,1,-9,1.2515,MAX_STEP,0,4107,2002,14142,1,50,2671,0,0,0,0
32,0,1,1,ACCEPT,10.4037,2.4237,2843,-4,1,0.3197,245.09,511.50,27.48,38.73,86.50,253.00,93.00,86.00,0.0000,303.27,1,-9,1.2770,MAX_STEP,0,4108,2162,13843,1,50,2843,0,0,0,0
33,0,1,1,ACCEPT,10.3558,2.6904,2946,-1,1,0.8320,244.23,512.70,27.48,38.73,85.00,257.50,90.00,83.00,0.0000,300.81,1,-10,1.5995,MAX_STEP,0,3886,1977,17572,1,50,2946,0,0,0,0
34,0,1,1,ACCEPT,9.4659,2.1125,2949,-3,1,0.6097,241.66,513.91,27.48,38.73,81.50,262.00,85.00,76.00,0.0000,298.51,1,-9,1.7606,MAX_STEP,0,4213,2022,16601,1,50,2949,0,0,0,0
35,0,1,1,ACCEPT,10.2108,2.4423,2877,-3,1,0.4449,239.08,515.11,27.48,38.73,80.50,269.00,81.00,68.00,0.0000,292.77,1,-8,1.3062,MAX_STEP,0,3868,2050,16385,1,50,2877,0,0,0,0
36,0,1,1,ACCEPT,10.7441,2.2221,3251,-3,1,0.5666,236.50,516.31,27.48,38.73,79.00,274.50,76.00,61.00,0.0000,288.58,1,-8,1.3689,MAX_STEP,0,4172,1938,17805,1,50,3251,0,0,0,0
37,0,1,1,ACCEPT,11.2486,2.1868,3523,-2,1,0.4982,234.78,517.52,27.48,38.73,76.50,281.50,71.00,51.00,0.0000,284.18,1,-1,1.3139,LOW_CONF,0,4710,1785,19314,1,50,3523,0,0,0,0
38,0,1,1,ACCEPT,9.9533,1.7861,3490,-2,0,0.7822,233.06,517.52,27.48,38.73,76.00,288.50,66.00,41.00,0.0000,277.70,1,-8,1.5471,MAX_STEP,0,4883,1713,19755,1,50,3490,0,0,0,0
39,0,1,1,ACCEPT,9.3227,1.7389,3403,-2,0,0.8304,231.34,517.52,27.48,38.73,73.00,300.00,64.00,40.00,0.0000,269.05,1,-9,1.8222,MAX_STEP,0,5240,1829,21574,1,50,3403,0,0,0,0
40,0,1,1,ACCEPT,8.6146,1.5129,3628,-2,0,0.8506,229.62,517.52,27.48,38.73,72.50,311.00,61.00,38.00,0.0000,259.49,1,16,1.6900,AT_SEARCH_RAIL,0,5933,1801,20203,1,50,3628,0,0,0,0
41,0,1,1,ACCEPT,6.9401,1.2014,2827,-3,0,0.6304,227.05,517.52,27.48,38.73,72.00,323.50,58.00,35.00,0.0000,248.36,1,-9,1.3671,MAX_STEP,0,5567,1849,18181,1,50,2827,0,0,0,0
42,0,1,1,ACCEPT,8.9561,1.6316,3459,-3,0,0.7037,224.47,517.52,27.48,38.73,72.00,334.50,54.00,35.00,0.0000,238.20,1,-9,1.2255,MAX_STEP,0,5923,1742,25223,1,50,3459,0,0,0,0
43,0,1,1,ACCEPT,10.6214,1.9496,5182,-1,0,0.9294,223.61,517.52,27.48,38.73,71.00,341.50,52.00,43.00,0.0000,232.96,1,-8,1.4520,MAX_STEP,0,7462,1637,26383,1,50,5182,0,0,0,0
44,0,1,1,ACCEPT,10.8677,2.0834,4698,-2,0,0.6194,221.89,517.52,27.48,38.73,71.00,349.50,48.00,51.00,0.0000,225.83,1,-8,1.1786,MAX_STEP,0,6902,1600,32520,1,50,4698,0,0,0,0
45,0,1,1,ACCEPT,10.0171,1.9427,4886,-2,-1,0.8948,220.17,516.31,27.48,38.73,71.00,357.00,46.00,60.00,0.0000,218.25,1,-1,1.5438,LOW_CONF,0,8031,1710,32767,1,50,4886,0,0,0,0
46,0,1,1,ACCEPT,11.5444,2.1498,5654,-2,0,0.6769,218.45,516.31,26.43,37.24,70.50,365.00,43.00,66.00,0.0000,211.63,1,-1,2.2963,ACCEPT,0,8321,1946,27772,1,50,5654,0,0,0,0
47,0,1,1,ACCEPT,11.8967,2.3384,5846,-2,-1,0.7918,216.80,515.16,26.43,37.24,71.50,372.00,41.00,74.00,0.0000,203.97,1,0,2.4727,ACCEPT,0,7730,2143,25837,1,50,5846,0,0,0,0
48,0,1,1,ACCEPT,10.6057,2.2604,4731,-3,-1,0.5483,214.31,514.00,26.43,37.24,72.00,378.50,38.00,81.00,0.0000,196.50,1,-1,1.7313,LOW_CONF,0,6786,2113,24029,1,50,4731,0,0,0,0
49,0,1,1,ACCEPT,11.1083,2.6064,4754,-1,-1,0.8925,213.48,512.84,26.43,37.24,73.00,385.50,36.00,87.00,0.0000,189.61,1,0,1.5137,LOW_CONF,0,6895,2255,24121,1,50,4754,0,0,0,0
50,0,1,1,ACCEPT,11.4279,2.6483,5323,-3,-2,0.6588,211.00,510.53,26.43,37.24,73.00,392.50,36.00,91.00,0.0000,181.59,1,-2,1.4684,LOW_CONF,0,7361,2218,25669,1,50,5323,0,0,0,0
51,0,1,1,ACCEPT,13.9069,3.1485,6807,-2,-1,0.7041,209.34,509.38,26.43,37.24,74.50,399.00,37.00,96.00,0.0000,174.26,1,-1,1.4591,LOW_CONF,0,8135,1954,23414,1,50,6807,0,0,0,0
52,0,1,1,ACCEPT,14.4050,2.8213,6379,-1,-1,0.9063,208.52,508.22,26.43,37.24,75.50,405.00,37.00,102.00,0.0000,168.37,1,-1,1.7593,LOW_CONF,0,7100,2064,21275,1,50,6379,0,0,0,0
53,0,1,1,ACCEPT,14.9854,3.0461,5885,-3,-1,0.4267,206.03,507.06,26.43,37.24,76.00,410.50,36.00,103.00,0.0000,161.96,1,-1,1.9973,LOW_CONF,0,7230,1877,19892,1,50,5885,0,0,0,0
54,0,1,1,ACCEPT,14.6675,3.0589,5194,-2,-2,0.6727,204.38,504.75,26.43,37.24,77.00,417.00,36.00,108.00,0.0000,154.68,1,-2,1.8862,LOW_CONF,0,7113,1995,21501,1,50,5194,0,0,0,0
55,0,1,1,ACCEPT,14.8311,3.0770,5677,-1,-2,0.7123,203.55,502.44,26.43,37.24,76.50,422.00,37.00,108.00,0.0000,150.37,1,-1,1.5689,LOW_CONF,0,7195,1880,19687,1,50,5677,0,0,0,0
56,0,1,1,ACCEPT,14.8092,3.1958,5321,-2,-1,0.5971,201.89,501.28,25.41,35.80,77.00,426.50,36.00,113.00,0.0000,145.57,1,-1,2.3886,ACCEPT,0,6306,1864,18671,1,50,5321,0,0,0,0
57,0,1,1,ACCEPT,13.8165,3.2258,4842,-2,-2,0.6964,200.30,499.03,24.43,34.43,77.50,432.50,37.00,113.00,0.0000,139.66,1,-1,3.0583,ACCEPT,0,5804,2053,18500,1,50,4842,0,0,0,0
58,0,1,1,ACCEPT,13.5550,2.7955,4347,-1,-2,0.5675,199.53,496.88,23.49,33.10,78.00,437.00,38.00,114.00,0.0000,135.48,1,-1,2.9811,ACCEPT,0,5748,2347,17829,1,50,4347,0,0,0,0
59,0,1,1,ACCEPT,12.0186,2.1859,3657,-3,-2,0.5026,197.33,494.81,22.59,31.83,77.00,441.00,38.00,116.00,0.0000,131.81,1,-1,2.6314,ACCEPT,0,5570,2626,16418,1,50,3657,0,0,0,0
60,0,1,1,ACCEPT,11.1022,1.7268,3692,0,-2,0.5848,197.33,492.81,22.59,31.83,78.50,444.50,43.00,117.00,0.0000,128.27,1,0,2.8654,ACCEPT,0,5566,2932,17757,1,50,3692,0,0,0,0
61,0,1,1,ACCEPT,7.7470,1.1418,2851,-1,-3,0.6727,196.62,489.81,22.59,31.83,76.50,447.50,41.00,117.00,0.0000,127.36,1,0,2.9371,ACCEPT,0,5722,2856,17681,1,50,2851,0,0,0,0
62,0,1,1,ACCEPT,6.9145,1.2192,2709,-2,-2,0.5316,195.22,487.81,22.59,31.83,77.50,451.50,45.00,117.00,0.0000,123.19,1,0,2.7760,ACCEPT,0,5066,2748,14764,1,50,2709,0,0,0,0
63,0,1,1,ACCEPT,7.0077,1.3131,2525,0,-1,0.8756,195.22,486.81,22.59,31.83,78.50,454.00,47.00,116.00,0.0000,121.24,1,0,2.3680,ACCEPT,0,4673,2733,13741,1,50,2525,0,0,0,0
64,0,1,1,ACCEPT,7.1032,1.3736,2287,-1,-3,0.6222,194.52,483.81,22.59,31.83,77.00,458.00,44.00,112.00,0.0000,120.32,1,0,2.6687,ACCEPT,0,4239,2590,14366,1,50,2287,0,0,0,0
65,0,1,1,ACCEPT,6.8002,1.3632,2147,-2,-1,0.8323,193.11,482.81,22.59,31.83,77.50,467.50,47.00,95.00,0.0000,116.62,1,0,1.6652,LOW_CONF,0,4440,2419,14889,1,50,2147,0,0,0,0
66,0,1,1,ACCEPT,6.9266,1.4060,2289,1,0,0.9235,193.81,482.81,22.59,31.83,78.50,469.00,49.00,94.00,0.0000,116.14,1,16,2.7133,AT_SEARCH_RAIL,0,5176,2424,13438,1,50,2289,0,0,0,0
67,0,1,1,ACCEPT,7.9168,1.6333,2298,-1,0,0.9752,193.11,482.81,22.59,31.83,79.00,470.50,52.00,93.00,0.0000,114.77,1,-13,1.8759,MAX_STEP,0,3986,2491,14560,1,50,2298,0,0,0,0
68,0,1,1,ACCEPT,8.6197,1.7782,2646,1,-1,0.9063,193.81,481.81,22.59,31.83,80.50,471.50,55.00,93.00,0.0000,113.78,1,-10,1.8545,MAX_STEP,0,3873,2464,15648,1,50,2646,0,0,0,0
69,0,1,1,ACCEPT,7.6395,1.5319,2494,-1,0,0.9796,193.11,481.81,22.59,31.83,81.00,472.00,58.00,92.00,0.0000,112.54,1,-7,1.8980,MAX_STEP,0,4266,2668,15234,1,50,2494,0,0,0,0
70,0,1,1,ACCEPT,9.3643,1.8918,3303,1,0,0.9325,193.81,481.81,22.59,31.83,81.50,473.00,61.00,88.00,0.0000,112.66,1,-7,1.6852,MAX_STEP,0,4938,2507,15416,1,50,3303,0,0,0,0
71,0,1,1,ACCEPT,9.8672,1.8845,3394,-1,0,0.9973,193.11,481.81,22.59,31.83,83.00,472.50,64.00,89.00,0.0000,110.50,1,-6,1.8283,MAX_STEP,0,5272,2604,15145,1,50,3394,0,0,0,0
72,0,1,1,ACCEPT,9.8756,2.0290,3847,1,0,0.9719,193.81,481.81,22.59,31.83,85.00,471.50,68.00,87.00,0.0000,109.30,1,-9,1.7528,MAX_STEP,0,7072,2574,15676,1,50,3847,0,0,0,0
73,0,1,1,ACCEPT,11.0345,1.9646,4049,-1,0,0.9390,193.11,481.81,22.59,31.83,85.00,471.50,70.00,87.00,0.0000,108.60,1,-7,2.0976,MAX_STEP,0,7013,2454,16570,1,50,4049,0,0,0,0
74,0,1,1,ACCEPT,10.3423,2.0109,4235,1,0,0.9414,193.81,481.81,22.59,31.83,85.50,471.50,71.00,83.00,0.0000,108.80,1,-12,1.1397,MAX_STEP,0,8281,2900,13553,1,50,4235,0,0,0,0
75,0,1,1,ACCEPT,11.6600,1.9543,4577,-1,0,0.9602,193.11,481.81,22.59,31.83,87.00,470.00,74.00,82.00,0.0000,106.76,1,5,1.2069,MAX_STEP,0,8027,3021,12567,1,50,4577,0,0,0,0
76,0,1,1,ACCEPT,12.9037,2.1623,4984,0,1,0.9797,193.11,482.81,22.59,31.83,88.50,470.00,77.00,80.00,0.0000,105.39,1,-11,1.3514,MAX_STEP,0,7457,2970,12600,1,50,4984,0,0,0,0
77,0,1,1,ACCEPT,15.3249,3.0909,5066,0,0,1.0000,193.11,482.81,22.59,31.83,97.00,467.50,92.00,81.00,0.0000,97.32,1,-12,1.3838,MAX_STEP,0,6101,2624,13546,1,50,5066,0,0,0,0
78,0,1,1,ACCEPT,16.8575,3.4219,5523,0,0,1.0000,193.11,482.81,22.59,31.83,97.00,466.00,94.00,80.00,0.0000,97.57,1,-12,1.8799,MAX_STEP,0,5942,2546,11907,1,50,5523,0,0,0,0
79,0,1,1,ACCEPT,17.5320,3.7102,5313,0,0,1.0000,193.11,482.81,22.59,31.83,98.00,464.50,94.00,77.00,0.0000,96.86,1,-12,1.9324,MAX_STEP,0,5294,2483,11060,1,50,5313,0,0,0,0
80,0,1,1,ACCEPT,18.7930,3.8318,5330,0,0,1.0000,193.11,482.81,22.59,31.83,99.00,465.00,94.00,74.00,0.0000,95.78,1,-13,1.6855,MAX_STEP,0,4922,2544,10745,1,50,5330,0,0,0,0
81,0,1,1,ACCEPT,19.6336,3.8855,5226,0,0,1.0000,193.11,482.81,22.59,31.83,100.00,462.50,94.00,73.00,0.0000,95.30,1,-14,1.9911,MAX_STEP,0,4486,2124,12206,1,50,5226,0,0,0,0
82,0,1,1,ACCEPT,20.6482,4.7572,5585,0,1,0.9812,193.11,483.81,22.59,31.83,97.50,464.50,87.00,65.00,0.0000,97.54,1,-11,1.6805,MAX_STEP,0,4271,1959,15986,1,50,5585,0,0,0,0
83,0,1,1,ACCEPT,22.7432,5.2052,6772,0,0,1.0000,193.11,483.81,22.59,31.83,100.00,463.50,90.00,63.00,0.0000,95.30,1,-11,1.8604,MAX_STEP,0,5267,2211,13844,1,50,6772,0,0,0,0
84,0,1,1,ACCEPT,25.1099,5.7634,6893,0,0,1.0000,193.11,483.81,22.59,31.83,101.50,462.00,89.00,60.00,0.0000,94.17,1,-10,1.8621,MAX_STEP,0,5063,2190,14757,1,50,6893,0,0,0,0
85,0,1,1,ACCEPT,25.1733,4.9972,7026,0,0,1.0000,193.11,483.81,22.59,31.83,102.50,461.50,91.00,57.00,0.0000,93.32,1,-13,1.9679,MAX_STEP,0,4948,1895,18261,1,50,7026,0,0,0,0
86,0,1,1,ACCEPT,25.0199,5.5381,7194,0,1,0.9946,193.11,484.81,22.59,31.83,107.50,460.00,95.00,54.00,0.0000,89.13,1,-10,1.6061,MAX_STEP,0,4994,1892,20405,1,50,7194,0,0,0,0
87,0,1,1,ACCEPT,25.7991,5.4717,7250,0,0,1.0000,193.11,484.81,22.59,31.83,108.00,459.00,92.00,52.00,0.0000,88.94,1,-11,1.7190,MAX_STEP,0,5200,1739,23955,1,50,7250,0,0,0,0
88,0,1,1,ACCEPT,27.2619,6.4393,7579,0,0,1.0000,193.11,484.81,22.59,31.83,109.00,458.50,90.00,49.00,0.0000,88.13,1,-11,1.8838,MAX_STEP,0,5257,1667,25248,1,50,7579,0,0,0,0
89,0,1,1,ACCEPT,29.2233,6.8481,8026,0,0,1.0000,193.11,484.81,22.59,31.83,110.00,456.50,88.00,47.00,0.0000,87.80,1,-12,2.0778,MAX_STEP,0,5242,1672,25606,1,50,8026,0,0,0,0
90,0,1,1,ACCEPT,30.2151,7.0685,7846,0,0,1.0000,193.11,484.81,22.59,31.83,110.50,456.00,87.00,44.00,0.0000,87.49,1,-12,2.4098,MAX_STEP,0,5142,2060,24154,1,50,7846,0,0,0,0
91,0,1,1,ACCEPT,30.0136,6.6258,7295,0,0,1.0000,193.11,484.81,22.59,31.83,111.50,455.00,83.00,40.00,0.0000,86.88,1,-13,2.0573,MAX_STEP,0,4756,1842,28167,1,50,7295,0,0,0,0
92,0,1,1,ACCEPT,30.9112,6.8467,7278,0,1,0.9967,193.11,485.81,22.59,31.83,114.00,453.50,80.00,37.00,0.0000,85.45,1,-9,1.3973,MAX_STEP,0,4684,1882,29676,1,50,7278,0,0,0,0
93,0,1,1,ACCEPT,31.6805,7.0095,7395,-1,0,0.9897,192.41,485.81,22.59,31.83,115.00,452.50,78.00,35.00,0.0000,84.27,1,-9,1.5570,MAX_STEP,0,4557,1921,30196,1,50,7395,0,0,0,0
94,0,1,1,ACCEPT,33.2737,6.5304,7830,1,0,0.9208,193.11,485.81,22.59,31.83,117.00,451.50,74.00,33.00,0.0000,83.49,1,-13,1.3345,MAX_STEP,0,4745,1850,29468,1,50,7830,0,0,0,0
95,0,1,1,ACCEPT,34.8973,7.4115,8123,-1,0,0.9325,192.41,485.81,22.59,31.83,117.00,450.00,68.00,30.00,0.0000,83.48,1,-14,1.3888,MAX_STEP,0,4531,2239,25816,1,50,8123,0,0,0,0
96,0,1,1,ACCEPT,33.3794,6.7872,7941,1,0,0.9887,193.11,485.81,22.59,31.83,120.00,447.50,66.00,29.00,0.0000,82.54,1,-13,1.4644,MAX_STEP,0,4658,2216,25356,1,50,7941,0,0,0,0
97,0,1,1,ACCEPT,35.1394,7.5298,7718,-1,0,0.8700,192.41,485.81,22.59,31.83,122.00,445.50,62.00,27.00,0.0000,81.13,1,-16,1.7440,AT_SEARCH_RAIL,0,4202,1757,25012,1,50,7718,0,0,0,0
98,0,1,1,ACCEPT,33.8627,6.8605,6785,0,1,0.9833,192.41,486.81,22.59,31.83,122.50,443.00,57.00,28.00,0.0000,82.50,1,-11,1.6311,MAX_STEP,0,4004,1872,32158,1,50,6785,0,0,0,0
99,0,1,1,ACCEPT,37.4802,7.0151,7920,0,0,1.0000,192.41,486.81,22.59,31.83,125.50,440.50,53.00,27.00,0.0000,81.37,1,-12,1.5624,MAX_STEP,0,4267,1677,32767,1,50,7920,0,0,0,0
100,0,1,1,ACCEPT,38.7188,8.1278,7884,0,0,1.0000,192.41,486.81,22.59,31.83,127.00,440.00,48.00,24.00,0.0000,80.43,1,-13,1.6120,MAX_STEP,0,4128,1869,30698,1,50,7884,0,0,0,0
101,0,1,1,ACCEPT,38.9328,8.4239,7910,0,0,1.0000,192.41,486.81,22.59,31.83,129.50,437.50,43.00,21.00,0.0000,79.93,1,-13,1.5765,MAX_STEP,0,4015,1631,32767,1,50,7910,0,0,0,0
102,0,1,1,ACCEPT,38.4122,7.4194,7642,0,0,1.0000,192.41,486.81,22.59,31.83,131.00,435.50,36.00,21.00,0.0000,80.02,1,-15,1.8011,MAX_STEP,0,3918,1622,31112,1,50,7642,0,0,0,0
103,0,1,1,ACCEPT,38.7390,8.2568,7621,0,0,1.0000,192.41,486.81,22.59,31.83,133.50,434.00,31.00,18.00,0.0000,79.11,1,-14,1.7236,MAX_STEP,0,3935,1632,32767,1,50,7621,0,0,0,0
104,0,1,1,ACCEPT,39.9997,8.2096,7676,0,1,0.9459,192.41,487.81,22.59,31.83,135.50,432.50,23.00,15.00,0.0000,79.36,1,-13,1.4615,MAX_STEP,0,3883,1687,31052,1,50,7676,0,0,0,0
105,0,1,1,ACCEPT,42.0916,9.1352,7637,0,0,1.0000,192.41,487.81,22.59,31.83,138.00,431.00,16.00,12.00,0.0000,78.66,1,-14,1.2331,MAX_STEP,0,3694,1689,32399,1,50,7637,0,0,0,0
106,0,1,1,ACCEPT,41.6187,8.3021,7804,0,0,1.0000,192.41,487.81,22.59,31.83,140.50,429.50,9.00,9.00,0.0000,78.07,1,-14,1.4253,MAX_STEP,0,3689,2199,24066,1,50,7804,0,0,0,0
107,0,1,1,ACCEPT,42.0651,9.2227,6917,0,0,1.0000,192.41,487.81,22.59,31.83,0.00,0.00,0.00,0.00,0.0000,524.39,1,-14,1.7334,MAX_STEP,0,3298,2205,23839,1,50,6917,0,0,0,0
108,0,1,1,ACCEPT,41.7919,7.5944,6516,0,0,1.0000,192.41,487.81,22.59,31.83,0.00,0.00,0.00,0.00,0.0000,524.39,1,-14,1.9058,MAX_STEP,0,3108,2011,26055,1,50,6516,0,0,0,0
109,0,1,1,ACCEPT,41.7818,9.2432,6498,0,1,0.9481,192.41,488.81,22.59,31.83,0.00,0.00,0.00,0.00,0.0000,525.32,1,-12,1.2629,MAX_STEP,0,3213,1682,28399,1,50,6498,0,0,0,0
110,0,1,1,ACCEPT,42.6923,8.2114,6602,0,0,1.0000,192.41,488.81,22.59,31.83,0.00,0.00,0.00,0.00,0.0000,525.32,1,-13,1.5581,MAX_STEP,0,3052,1889,28939,1,50,6602,0,0,0,0
111,0,1,1,ACCEPT,44.3695,9.6325,7051,0,0,1.0000,192.41,488.81,22.59,31.83,0.00,0.00,0.00,0.00,0.0000,525.32,1,-13,1.5956,MAX_STEP,0,3298,1767,28188,1,50,7051,0,0,0,0
112,0,1,1,ACCEPT,42.6979,9.2716,6861,0,0,1.0000,192.41,488.81,22.59,31.83,0.00,0.00,0.00,0.00,0.0000,525.32,1,-13,1.7340,MAX_STEP,0,3305,2096,25891,1,50,6861,0,0,0,0
113,0,1,1,ACCEPT,45.3400,10.7321,7330,0,0,1.0000,192.41,488.81,22.59,31.83,0.00,0.00,0.00,0.00,0.0000,525.32,1,-14,1.8116,MAX_STEP,0,3375,1876,30874,1,50,7330,0,0,0,0
114,0,1,1,ACCEPT,43.7630,9.5362,7505,0,1,0.9795,192.41,489.81,22.59,31.83,0.00,0.00,0.00,0.00,0.0000,526.25,1,-10,1.2499,MAX_STEP,0,3526,1793,27981,1,50,7505,0,0,0,0
115,0,1,1,ACCEPT,44.6938,10.4025,7573,0,0,1.0000,192.41,489.81,22.59,31.83,0.00,0.00,0.00,0.00,0.0000,526.25,1,-13,1.2023,MAX_STEP,0,3427,1887,30422,1,50,7573,0,0,0,0
116,0,1,1,ACCEPT,42.1465,7.5457,7259,-1,0,0.9817,191.70,489.81,22.59,31.83,223.00,391.50,12.00,3.00,0.0000,103.17,1,-12,1.4992,MAX_STEP,0,3332,1812,32039,1,50,7259,0,0,0,0
117,0,1,1,ACCEPT,44.2890,8.4651,7517,-1,0,0.9988,191.00,489.81,22.59,31.83,241.50,388.00,39.00,10.00,0.0000,113.65,1,-13,1.5080,MAX_STEP,0,3398,1755,32767,1,50,7517,0,0,0,0
118,0,1,1,ACCEPT,42.6195,7.9416,7203,1,0,0.9257,191.70,489.81,22.59,31.83,249.50,384.00,39.00,8.00,0.0000,120.57,1,-13,1.6042,MAX_STEP,0,3308,1719,27209,1,50,7203,0,0,0,0
119,0,1,1,ACCEPT,43.4054,8.4897,7004,0,1,0.9839,191.70,490.81,22.59,31.83,269.50,378.00,17.00,2.00,0.0000,137.04,1,-12,1.5131,MAX_STEP,0,3131,1747,32766,1,50,7004,0,0,0,0
120,0,1,1,ACCEPT,43.3441,8.8774,7457,-1,0,0.9572,191.00,490.81,22.59,31.83,275.00,375.50,28.00,3.00,0.0000,142.66,1,-12,1.7081,MAX_STEP,0,3282,1765,29192,1,50,7457,0,0,0,0
121,0,1,1,ACCEPT,44.5636,9.5538,7108,1,0,0.9306,191.70,490.81,22.59,31.83,278.00,377.00,34.00,16.00,0.0000,142.83,1,-13,1.9850,MAX_STEP,0,3141,1540,30797,1,50,7108,0,0,0,0
122,0,1,1,ACCEPT,45.8153,10.5851,7092,-1,0,0.9858,191.00,490.81,22.59,31.83,285.50,374.50,45.00,17.00,0.0000,149.86,1,-12,2.0747,MAX_STEP,0,3089,1696,28990,1,50,7092,0,0,0,0
123,0,1,1,ACCEPT,43.2550,9.7692,6731,1,0,0.9479,191.70,490.81,22.59,31.83,292.50,371.00,47.00,18.00,0.0000,156.57,1,16,1.5997,AT_SEARCH_RAIL,0,3176,1946,25198,1,50,6731,0,0,0,0
124,0,1,1,ACCEPT,45.3720,9.6623,6667,-1,1,0.9576,191.00,491.81,22.59,31.83,300.50,368.50,47.00,21.00,0.0000,164.91,1,-12,1.4526,MAX_STEP,0,2994,1875,29586,1,50,6667,0,0,0,0
125,0,1,1,ACCEPT,45.2512,9.6963,6768,1,0,0.9399,191.70,491.81,22.59,31.83,306.50,366.00,53.00,24.00,0.0000,170.31,1,-12,1.5583,MAX_STEP,0,3032,1880,27594,1,50,6768,0,0,0,0
126,0,1,1,ACCEPT,48.8139,11.2729,6899,-1,0,0.9754,191.00,491.81,22.59,31.83,312.00,363.50,56.00,27.00,0.0000,176.37,1,-12,1.6710,MAX_STEP,0,2959,1873,28884,1,50,6899,0,0,0,0
127,0,1,1,ACCEPT,45.8085,9.3523,6743,1,0,0.9479,191.70,491.81,22.59,31.83,314.50,362.00,65.00,32.00,0.0000,178.69,1,-13,1.9539,MAX_STEP,0,3005,1878,28412,1,50,6743,0,0,0,0
128,0,1,1,ACCEPT,47.5715,10.2643,6292,-1,0,0.9884,191.00,491.81,22.59,31.83,310.50,364.50,87.00,43.00,0.0000,174.61,1,1,1.6519,LOW_CONF,0,2728,1912,27406,1,50,6292,0,0,0,0
129,0,1,1,ACCEPT,44.3459,6.8903,6091,1,1,0.9563,191.70,492.81,22.59,31.83,314.50,362.00,91.00,46.00,0.0000,179.42,1,-12,1.4700,MAX_STEP,0,2785,1893,28639,1,50,6091,0,0,0,0
130,0,1,1,ACCEPT,48.7283,8.7480,6421,-1,0,0.9517,191.00,492.81,22.59,31.83,317.50,360.00,97.00,50.00,0.0000,183.42,1,-11,1.6587,MAX_STEP,0,2671,1656,32528,1,50,6421,0,0,0,0
131,0,1,1,ACCEPT,46.5284,7.8421,6258,1,0,0.9922,191.70,492.81,22.59,31.83,319.50,358.50,101.00,53.00,0.0000,185.40,1,-12,1.6585,MAX_STEP,0,2707,1817,30221,1,50,6258,0,0,0,0
132,0,1,1,ACCEPT,48.8582,10.0479,6290,-1,0,0.9347,191.00,492.81,22.59,31.83,322.50,357.00,105.00,56.00,0.0000,189.04,1,-12,2.1210,MAX_STEP,0,2597,1807,27977,1,50,6290,0,0,0,0
133,0,1,1,ACCEPT,47.6782,10.0823,5878,0,0,1.0000,191.00,492.81,22.59,31.83,324.00,355.50,108.00,59.00,0.0000,191.16,1,-13,2.5400,MAX_STEP,0,2555,1860,26921,1,50,5878,0,0,0,0
134,0,1,1,ACCEPT,46.3304,9.8413,6141,0,1,0.9990,191.00,493.81,22.59,31.83,326.00,354.50,110.00,61.00,0.0000,193.99,1,-9,1.4704,MAX_STEP,0,2792,2173,24247,1,50,6141,0,0,0,0
135,0,1,1,ACCEPT,46.2867,9.0866,6297,0,0,1.0000,191.00,493.81,22.59,31.83,327.50,353.50,111.00,63.00,0.0000,195.75,1,-12,1.4772,MAX_STEP,0,2592,2256,22227,1,50,6297,0,0,0,0
136,0,1,1,ACCEPT,47.8410,10.1217,6488,0,0,1.0000,191.00,493.81,22.59,31.83,328.00,353.00,114.00,66.00,0.0000,196.46,1,-11,1.8144,MAX_STEP,0,2709,2069,21870,1,50,6488,0,0,0,0
137,0,1,1,ACCEPT,48.8912,9.3791,6359,0,0,1.0000,191.00,493.81,22.59,31.83,329.00,352.00,114.00,68.00,0.0000,197.88,1,-13,1.7605,MAX_STEP,0,2648,2056,23406,1,50,6359,0,0,0,0
138,0,1,1,ACCEPT,48.6103,8.5755,6363,0,0,1.0000,191.00,493.81,22.59,31.83,329.50,351.50,113.00,69.00,0.0000,198.58,1,-14,1.6578,MAX_STEP,0,2738,2065,23069,1,50,6363,0,0,0,0
139,0,1,1,ACCEPT,45.6447,9.3165,6093,0,1,0.9961,191.00,494.81,22.59,31.83,329.50,351.00,113.00,70.00,0.0000,199.66,1,-12,1.8221,MAX_STEP,0,2718,1863,26030,1,50,6093,0,0,0,0
140,0,1,1,ACCEPT,49.0214,11.1829,6542,0,0,1.0000,191.00,494.81,22.59,31.83,329.00,351.00,112.00,70.00,0.0000,199.31,1,-12,1.8907,MAX_STEP,0,2653,1992,23057,1,50,6542,0,0,0,0
141,0,1,1,ACCEPT,49.1517,11.3630,6261,0,0,1.0000,191.00,494.81,22.59,31.83,328.50,351.00,111.00,70.00,0.0000,198.97,1,-12,1.8344,MAX_STEP,0,2510,1606,27175,1,50,6261,0,0,0,0
142,0,1,1,ACCEPT,47.7109,9.5654,6141,0,0,1.0000,191.00,494.81,22.59,31.83,328.50,351.00,109.00,70.00,0.0000,198.97,1,-12,2.2747,MAX_STEP,0,2594,1739,28776,1,50,6141,0,0,0,0
143,0,1,1,ACCEPT,49.2202,11.8277,6316,0,0,1.0000,191.00,494.81,22.59,31.83,327.50,351.00,107.00,68.00,0.0000,198.28,1,-13,2.0933,MAX_STEP,0,2663,1805,29767,1,50,6316,0,0,0,0
144,0,1,1,ACCEPT,48.9555,11.1720,6301,0,1,0.9851,191.00,495.81,22.59,31.83,325.50,350.50,105.00,67.00,0.0000,198.00,1,-11,1.7055,MAX_STEP,0,2713,1854,29971,1,50,6301,0,0,0,0
145,0,1,1,ACCEPT,48.7512,10.4976,6540,0,0,1.0000,191.00,495.81,22.59,31.83,324.50,351.50,101.00,65.00,0.0000,196.59,1,-11,1.9571,MAX_STEP,0,2688,1971,27527,1,50,6540,0,0,0,0
146,0,1,1,ACCEPT,48.8302,9.6662,6370,0,0,1.0000,191.00,495.81,22.59,31.83,323.00,352.50,100.00,65.00,0.0000,194.84,1,-13,1.9977,MAX_STEP,0,2625,1843,27374,1,50,6370,0,0,0,0
147,0,1,1,ACCEPT,49.5950,11.3038,5991,0,0,1.0000,191.00,495.81,22.59,31.83,321.50,352.50,97.00,63.00,0.0000,193.83,1,-12,1.7643,MAX_STEP,0,2538,1834,24423,1,50,5991,0,0,0,0
148,0,1,1,ACCEPT,49.8493,11.4151,5582,0,0,1.0000,191.00,495.81,22.59,31.83,319.50,353.50,95.00,63.00,0.0000,191.74,1,-13,2.1564,MAX_STEP,0,2207,2029,25351,1,50,5582,0,0,0,0
149,0,1,1,ACCEPT,47.3461,8.2293,5851,0,1,0.9891,191.00,496.81,22.59,31.83,318.00,354.50,92.00,61.00,0.0000,190.74,1,-11,1.3973,MAX_STEP,0,2558,1882,22761,1,50,5851,0,0,0,0
150,0,1,1,ACCEPT,47.1486,9.3635,5075,0,0,1.0000,191.00,496.81,22.59,31.83,316.50,356.50,89.00,61.00,0.0000,188.25,1,-12,1.5890,MAX_STEP,0,2213,1501,24294,1,50,5075,0,0,0,0
151,0,1,1,ACCEPT,47.4629,8.9622,4741,0,0,1.0000,191.00,496.81,22.59,31.83,314.50,357.50,85.00,59.00,0.0000,186.17,1,-12,1.7570,MAX_STEP,0,2005,1653,21505,1,50,4741,0,0,0,0
152,0,1,1,ACCEPT,48.1235,10.6036,4761,0,0,1.0000,191.00,496.81,22.59,31.83,312.50,357.50,83.00,57.00,0.0000,184.85,1,-12,1.9356,MAX_STEP,0,2019,1725,22214,1,50,4761,0,0,0,0
153,0,1,1,ACCEPT,47.3664,9.8275,5071,0,0,1.0000,191.00,496.81,22.59,31.83,310.50,359.00,79.00,56.00,0.0000,182.41,1,-13,2.3302,MAX_STEP,0,2178,1672,23629,1,50,5071,0,0,0,0
154,0,1,1,ACCEPT,45.0903,9.2617,4742,0,1,0.9814,191.00,497.81,22.59,31.83,308.00,360.00,76.00,56.00,0.0000,180.78,1,-10,1.4076,MAX_STEP,0,2164,1794,20620,1,50,4742,0,0,0,0
155,0,1,1,ACCEPT,49.9187,12.0714,4732,0,0,1.0000,191.00,497.81,22.59,31.83,308.50,358.50,69.00,51.00,0.0000,182.25,1,-13,1.5470,MAX_STEP,0,2002,1808,25860,1,50,4732,0,0,0,0
156,0,1,1,ACCEPT,49.5409,10.8309,5253,0,0,1.0000,191.00,497.81,22.59,31.83,305.50,360.00,67.00,48.00,0.0000,179.17,1,-13,1.6193,MAX_STEP,0,2103,1994,24161,1,50,5253,0,0,0,0
157,0,1,1,ACCEPT,49.6557,12.5377,4827,0,0,1.0000,191.00,497.81,22.59,31.83,303.00,361.00,64.00,48.00,0.0000,176.81,1,-13,1.5836,MAX_STEP,0,1964,1883,23310,1,50,4827,0,0,0,0
158,0,1,1,ACCEPT,48.3631,12.0978,4452,0,0,1.0000,191.00,497.81,22.59,31.83,302.00,362.50,60.00,49.00,0.0000,175.02,1,-14,1.7787,MAX_STEP,0,1867,1885,22129,1,50,4452,0,0,0,0
159,0,1,1,ACCEPT,49.6596,11.2185,4005,0,0,1.0000,191.00,497.81,22.59,31.83,299.00,363.00,58.00,48.00,0.0000,172.74,1,-14,1.6418,MAX_STEP,0,1645,2001,20659,1,50,4005,0,0,0,0
160,0,1,1,ACCEPT,46.6843,9.7500,3822,0,0,1.0000,191.00,497.81,22.59,31.83,296.00,367.00,56.00,54.00,0.0000,167.74,1,-14,1.6548,MAX_STEP,0,1592,2174,20058,1,50,3822,0,0,0,0
161,0,1,1,ACCEPT,44.9559,8.5142,3908,0,1,0.9478,191.00,498.81,22.59,31.83,294.50,365.00,51.00,46.00,0.0000,169.17,1,-12,1.6374,MAX_STEP,0,1732,1700,21809,1,50,3908,0,0,0,0
162,0,1,1,ACCEPT,43.2737,8.2333,3812,-1,0,0.9877,190.30,498.81,22.59,31.83,292.50,369.00,51.00,52.00,0.0000,165.22,1,-13,1.8651,MAX_STEP,0,1721,2032,17981,1,50,3812,0,0,0,0
0,0,0,0,ZERO_RESPONSE,0.0000,0.0000,0,0,0,0.0000,73.00,392.50,36.00,91.00,73.00,392.50,36.00,91.00,1.0000,0.00,1,0,0.0000,NOT_RUN,0,0,4648,24316,2,100,0,0,0,0,0
1,0,1,1,ACCEPT,23.6908,4.7143,1089,0,1,0.8825,73.00,395.34,34.62,87.50,74.50,399.00,37.00,96.00,0.8388,3.95,1,-1,2.7865,ACCEPT,0,1029,4100,25289,2,100,1089,0,0,0,0
2,0,1,1,ACCEPT,14.1570,2.4933,1663,0,1,0.9669,73.00,398.08,32.00,80.90,75.50,405.00,37.00,102.00,0.6860,7.36,1,-2,2.0585,ACCEPT,0,2063,3823,12603,2,100,1663,0,0,0,0
3,0,1,1,ACCEPT,11.3618,2.7816,1210,3,2,0.6264,76.00,403.14,32.00,80.90,76.00,410.50,36.00,103.00,0.6982,7.36,1,-1,1.8999,LOW_CONF,0,1636,3520,10144,2,100,1210,0,0,0,0
4,0,1,1,ACCEPT,11.2768,1.9709,1084,1,1,0.8570,77.00,405.67,32.00,80.90,77.00,417.00,36.00,108.00,0.6659,11.33,1,-1,1.5562,LOW_CONF,0,1321,2703,9188,2,100,1084,0,0,0,0
5,0,1,1,ACCEPT,10.3534,1.6339,848,1,1,0.8703,78.00,408.20,32.00,80.90,76.50,422.00,37.00,108.00,0.6447,13.88,1,-6,1.4419,MAX_STEP,0,915,2553,8900,2,100,848,0,0,0,0
6,0,1,1,ACCEPT,9.6780,1.8417,803,0,3,0.6613,78.00,415.80,32.00,80.90,77.00,426.50,36.00,113.00,0.6364,10.75,1,-12,1.8100,MAX_STEP,0,1076,2358,8987,2,100,803,0,0,0,0
7,0,1,1,ACCEPT,8.7698,2.2028,793,1,1,0.7339,79.00,418.33,32.00,80.90,77.50,432.50,37.00,113.00,0.6192,14.25,1,-8,0.9053,MAX_STEP,0,1160,2402,12454,2,100,793,0,0,0,0
8,0,1,1,ACCEPT,8.4589,2.1283,979,1,2,0.6282,80.00,423.39,32.00,80.90,78.00,437.00,38.00,114.00,0.5977,13.76,1,12,1.6099,MAX_STEP,0,1551,2413,15309,2,100,979,0,0,0,0
9,0,1,1,ACCEPT,8.3033,1.8228,1152,1,2,0.7005,81.00,428.45,32.00,80.90,77.00,441.00,38.00,116.00,0.5587,13.17,1,5,1.8796,MAX_STEP,0,1935,2290,19124,2,100,1152,0,0,0,0
10,0,1,1,ACCEPT,9.7891,2.0883,1537,0,2,0.7365,81.00,433.52,32.00,80.90,78.50,444.50,43.00,117.00,0.5146,11.27,1,1,1.9815,LOW_CONF,0,2243,2341,15694,2,100,1537,0,0,0,0
11,0,1,1,ACCEPT,11.5598,2.3239,1392,1,1,0.7931,82.00,436.05,32.00,80.90,76.50,447.50,41.00,117.00,0.5141,12.71,1,0,2.3857,ACCEPT,0,1930,2326,14913,2,100,1392,0,0,0,0
12,0,1,1,ACCEPT,11.7282,2.5767,1394,1,1,0.7640,83.00,438.58,32.00,80.90,77.50,451.50,45.00,117.00,0.4918,14.04,1,0,2.5981,ACCEPT,0,1899,2424,12661,2,100,1394,0,0,0,0
13,0,1,1,ACCEPT,11.6957,2.5060,1243,1,1,0.8568,84.00,441.11,32.00,80.90,78.50,454.00,47.00,116.00,0.4749,14.01,1,0,2.8504,ACCEPT,0,1537,2369,13585,2,100,1243,0,0,0,0
14,0,1,1,ACCEPT,11.1619,2.3673,1231,1,1,0.8042,85.00,443.64,32.00,80.90,77.00,458.00,44.00,112.00,0.4768,16.44,1,0,3.0923,ACCEPT,0,1574,2356,15009,2,100,1231,0,0,0,0
15,0,1,1,ACCEPT,10.3954,2.1751,1205,1,0,0.9021,86.00,443.64,32.00,80.90,77.50,467.50,47.00,95.00,0.3921,25.33,1,0,2.8814,ACCEPT,0,1561,2302,13910,2,100,1205,0,0,0,0
16,0,1,1,ACCEPT,10.6779,2.1606,1076,1,1,0.7435,87.00,446.17,32.00,80.90,78.50,469.00,49.00,94.00,0.4034,24.36,1,0,2.6287,ACCEPT,0,1279,2197,15954,2,100,1076,0,0,0,0
17,0,1,1,ACCEPT,10.4050,2.1521,1132,1,1,0.8048,88.00,448.70,32.00,80.90,79.00,470.50,52.00,93.00,0.3905,23.58,1,0,2.1575,ACCEPT,0,1523,2095,12316,2,100,1132,0,0,0,0
18,0,1,1,ACCEPT,9.4771,2.0711,845,1,0,0.8698,89.00,448.70,33.28,84.13,80.50,471.50,55.00,93.00,0.3823,24.33,1,1,2.3106,ACCEPT,0,1236,1943,12502,2,100,845,0,0,0,0
19,0,1,1,ACCEPT,9.2396,2.0026,773,1,0,0.9612,90.05,448.70,34.62,87.50,81.00,472.00,58.00,92.00,0.3793,24.99,1,1,2.3812,ACCEPT,0,1362,1855,13872,2,100,773,0,0,0,0
20,0,1,1,ACCEPT,8.6708,1.8238,797,0,1,0.9611,90.05,451.44,34.62,87.50,81.50,473.00,61.00,88.00,0.3752,23.19,1,1,1.9086,LOW_CONF,0,1617,1715,15182,2,100,797,0,0,0,0
21,0,1,1,ACCEPT,8.8599,2.0094,852,1,0,0.9096,91.12,451.44,34.62,87.50,83.00,472.50,64.00,89.00,0.3634,22.58,1,0,2.2612,ACCEPT,0,1612,1543,16612,2,100,852,0,0,0,0
22,0,1,1,ACCEPT,9.1812,2.2531,908,1,0,0.9460,92.20,451.44,34.62,87.50,85.00,471.50,68.00,87.00,0.3514,21.32,1,0,2.6095,ACCEPT,0,1820,1517,16946,2,100,908,0,0,0,0
23,0,1,1,ACCEPT,9.1040,2.1894,994,1,0,0.9819,93.28,451.44,34.62,87.50,85.00,471.50,70.00,87.00,0.3424,21.70,1,0,2.6919,ACCEPT,0,2026,1494,15938,2,100,994,0,0,0,0
24,0,1,1,ACCEPT,9.7658,2.3095,1097,0,1,0.9973,93.28,454.17,34.62,87.50,85.50,471.50,71.00,83.00,0.3578,19.00,1,1,1.7912,LOW_CONF,0,1976,1457,16614,2,100,1097,0,0,0,0
25,0,1,1,ACCEPT,10.0677,2.0482,1147,1,0,0.9259,94.36,454.17,36.00,91.00,87.00,470.00,74.00,82.00,0.3742,17.46,1,1,2.0326,ACCEPT,0,1679,1453,17604,2,100,1147,0,0,0,0
26,0,1,1,ACCEPT,10.5728,2.0904,1225,1,0,0.9771,95.48,454.17,36.00,91.00,88.50,470.00,77.00,80.00,0.3620,17.30,1,0,2.4591,ACCEPT,0,1708,1408,17068,2,100,1225,0,0,0,0
27,0,1,1,ACCEPT,10.5991,1.9758,1225,1,0,0.9788,96.61,454.17,36.00,91.00,97.00,467.50,92.00,81.00,0.3225,13.33,1,0,2.3515,ACCEPT,0,1642,1544,14857,2,100,1225,0,0,0,0
28,0,1,1,ACCEPT,9.5222,1.8516,1048,0,0,1.0000,96.61,454.17,36.00,91.00,97.00,466.00,94.00,80.00,0.3257,11.83,1,0,2.3302,ACCEPT,0,1477,1562,15134,2,100,1048,0,0,0,0
29,0,1,1,ACCEPT,9.4874,1.9298,1017,0,1,0.9685,96.61,457.02,37.44,94.64,98.00,464.50,94.00,77.00,0.3650,7.61,1,1,2.7008,ACCEPT,0,1443,1675,14662,2,100,1017,0,0,0,0
30,0,1,1,ACCEPT,8.7538,1.7961,916,0,0,1.0000,96.61,457.02,37.44,94.64,99.00,465.00,94.00,74.00,0.3585,8.33,1,0,2.5638,ACCEPT,0,1370,1485,16046,2,100,916,0,0,0,0
31,0,1,1,ACCEPT,8.7584,1.6339,964,0,0,1.0000,96.61,457.02,38.94,98.43,100.00,462.50,94.00,73.00,0.3620,6.45,1,1,2.6540,ACCEPT,0,1436,1520,16604,2,100,964,0,0,0,0
32,0,1,1,ACCEPT,9.7524,2.0408,1051,-1,0,0.9962,95.39,457.02,38.94,98.43,97.50,464.50,87.00,65.00,0.3638,7.78,1,0,2.8150,ACCEPT,0,1509,1418,18459,2,100,1051,0,0,0,0
33,0,1,1,ACCEPT,11.8150,2.4264,1303,1,0,0.9785,96.61,457.02,38.94,98.43,100.00,463.50,90.00,63.00,0.3480,7.32,1,0,2.5972,ACCEPT,0,1521,1464,16023,2,100,1303,0,0,0,0
34,0,1,1,ACCEPT,13.6055,2.8168,1276,-1,0,0.9867,95.39,457.02,38.94,98.43,101.50,462.00,89.00,60.00,0.3417,7.88,1,0,2.5823,ACCEPT,0,1392,1372,16778,2,100,1276,0,0,0,0
35,0,1,1,ACCEPT,12.3192,2.4000,1200,1,0,0.9458,96.61,457.02,38.94,98.43,102.50,461.50,91.00,57.00,0.3264,7.40,1,0,2.4636,ACCEPT,0,1462,1390,16721,2,100,1200,0,0,0,0
36,0,1,1,ACCEPT,12.3595,2.7716,1189,-2,-1,0.9251,94.17,453.94,38.94,98.43,107.50,460.00,95.00,54.00,0.3065,14.64,1,0,2.3612,ACCEPT,0,1684,1413,15202,2,100,1189,0,0,0,0
37,0,1,1,ACCEPT,13.4118,2.0298,1226,0,0,1.0000,94.17,453.94,38.94,98.43,108.00,459.00,92.00,52.00,0.3072,14.73,1,0,2.4699,ACCEPT,0,1560,1411,16151,2,100,1226,0,0,0,0
38,0,1,1,ACCEPT,14.8619,2.1747,1394,0,0,1.0000,94.17,453.94,38.94,98.43,109.00,458.50,90.00,49.00,0.3012,15.51,1,0,2.4361,ACCEPT,0,1740,1447,15909,2,100,1394,0,0,0,0
39,0,1,1,ACCEPT,16.2760,2.7989,1503,0,0,1.0000,94.17,453.94,38.94,98.43,110.00,456.50,88.00,47.00,0.2981,16.03,1,0,2.4349,ACCEPT,0,1792,1447,15207,2,100,1503,0,0,0,0
40,0,1,1,ACCEPT,15.5757,2.7143,1406,0,0,1.0000,94.17,453.94,38.94,98.43,110.50,456.00,87.00,44.00,0.2881,16.46,1,0,2.4798,ACCEPT,0,1712,1411,15358,2,100,1406,0,0,0,0
41,0,1,1,ACCEPT,13.9304,2.3752,1285,-1,0,0.9720,92.95,453.94,38.94,98.43,111.50,455.00,83.00,40.00,0.2784,18.58,1,0,2.5925,ACCEPT,0,1655,1448,15304,2,100,1285,0,0,0,0
42,0,1,1,ACCEPT,15.1630,2.2095,1297,0,0,1.0000,92.95,453.94,38.94,98.43,114.00,453.50,80.00,37.00,0.2647,21.05,1,0,2.5178,ACCEPT,0,1587,1511,14427,2,100,1297,0,0,0,0
43,0,1,1,ACCEPT,16.1183,2.3947,1262,0,0,1.0000,92.95,453.94,38.94,98.43,115.00,452.50,78.00,35.00,0.2411,22.09,1,0,2.5815,ACCEPT,0,1460,1492,15709,2,100,1262,0,0,0,0
44,0,1,1,ACCEPT,14.6712,2.5127,1284,-1,0,0.9992,91.73,453.94,38.94,98.43,117.00,451.50,74.00,33.00,0.1963,25.38,1,0,2.6912,ACCEPT,0,1597,1585,15374,2,100,1284,0,0,0,0
45,0,1,1,ACCEPT,14.7474,2.1611,1355,0,0,1.0000,91.73,453.94,38.94,98.43,117.00,450.00,68.00,30.00,0.1683,25.57,1,0,2.7885,ACCEPT,0,1560,1595,15643,2,100,1355,0,0,0,0
46,0,1,1,ACCEPT,14.5567,2.4476,1378,-1,0,0.9550,90.52,453.94,38.94,98.43,120.00,447.50,66.00,29.00,0.1312,30.18,1,0,2.7213,ACCEPT,0,1742,1572,17321,2,100,1378,0,0,0,0
47,0,1,1,ACCEPT,16.2899,2.3033,1762,0,0,1.0000,90.52,453.94,38.94,98.43,122.00,445.50,62.00,27.00,0.1026,32.60,1,0,2.9143,ACCEPT,0,1892,1537,20496,2,100,1762,0,0,0,0
48,0,1,1,ACCEPT,15.7220,2.5943,1912,0,0,1.0000,90.52,453.94,38.94,98.43,122.50,443.00,57.00,28.00,0.0899,33.80,1,0,2.9606,ACCEPT,0,2132,1579,18516,2,100,1912,0,0,0,0
49,0,1,1,ACCEPT,16.5031,3.1958,1828,0,0,1.0000,90.52,453.94,38.94,98.43,125.50,440.50,53.00,27.00,0.0597,37.48,1,0,2.8924,ACCEPT,0,2086,1517,17227,2,100,1828,0,0,0,0
50,0,1,1,ACCEPT,15.8058,2.4953,1597,0,0,1.0000,90.52,453.94,38.94,98.43,127.00,440.00,48.00,24.00,0.0348,39.06,1,0,2.9397,ACCEPT,0,2010,1453,18022,2,100,1597,0,0,0,0
51,0,1,1,ACCEPT,15.9481,2.2236,1601,0,0,1.0000,90.52,453.94,38.94,98.43,129.50,437.50,43.00,21.00,0.0089,42.31,1,0,2.9238,ACCEPT,0,1961,1492,16600,2,100,1601,0,0,0,0
52,0,1,1,ACCEPT,16.4706,2.6279,1561,-1,0,0.9981,89.30,453.94,38.94,98.43,131.00,435.50,36.00,21.00,0.0000,45.60,1,0,2.9923,ACCEPT,0,1879,1541,15933,2,100,1561,0,0,0,0
53,0,1,1,ACCEPT,16.8724,2.1234,1497,1,0,0.9679,90.52,453.94,38.94,98.43,133.50,434.00,31.00,18.00,0.0000,47.38,1,0,2.9207,ACCEPT,0,1786,1557,14616,2,100,1497,0,0,0,0
54,0,1,1,ACCEPT,16.6652,2.6582,1462,-1,0,0.9822,89.30,453.94,38.94,98.43,135.50,432.50,23.00,15.00,0.0000,50.93,1,0,3.0053,ACCEPT,0,1781,1668,12604,2,100,1462,0,0,0,0
55,0,1,1,ACCEPT,17.1555,2.0674,1288,1,0,0.9790,90.52,453.94,38.94,98.43,138.00,431.00,16.00,12.00,0.0000,52.73,1,0,2.8888,ACCEPT,0,1553,1598,13059,2,100,1288,0,0,0,0
56,0,1,1,ACCEPT,16.7007,2.5475,1340,-1,0,0.9560,89.30,453.94,38.94,98.43,140.50,429.50,9.00,9.00,0.0000,56.74,1,0,2.9950,ACCEPT,0,1723,1651,12393,2,100,1340,0,0,0,0
57,0,1,1,ACCEPT,17.3310,2.0721,1293,1,1,0.9899,90.52,457.02,38.94,98.43,0.00,0.00,0.00,0.00,0.0000,465.89,1,0,2.7227,ACCEPT,0,1600,1698,11444,2,100,1293,0,0,0,0
58,0,1,1,ACCEPT,17.6196,2.2619,1278,0,0,1.0000,90.52,457.02,38.94,98.43,0.00,0.00,0.00,0.00,0.0000,465.89,1,0,2.8383,ACCEPT,0,1586,1596,12661,2,100,1278,0,0,0,0
59,0,1,1,ACCEPT,18.6861,2.4483,1420,0,0,1.0000,90.52,457.02,38.94,98.43,0.00,0.00,0.00,0.00,0.0000,465.89,1,0,2.8976,ACCEPT,0,1680,1627,11678,2,100,1420,0,0,0,0
60,0,1,1,ACCEPT,19.6934,2.5479,1409,0,0,1.0000,90.52,457.02,38.94,98.43,0.00,0.00,0.00,0.00,0.0000,465.89,1,0,2.9560,ACCEPT,0,1588,1662,11703,2,100,1409,0,0,0,0
61,0,1,1,ACCEPT,21.1868,2.8136,1494,0,0,1.0000,90.52,457.02,38.94,98.43,0.00,0.00,0.00,0.00,0.0000,465.89,1,0,2.9829,ACCEPT,0,1575,1640,11656,2,100,1494,0,0,0,0
62,0,1,1,ACCEPT,22.2989,3.1602,1558,0,0,1.0000,90.52,457.02,38.94,98.43,0.00,0.00,0.00,0.00,0.0000,465.89,1,0,3.0231,ACCEPT,0,1543,1668,11390,2,100,1558,0,0,0,0
63,0,1,1,ACCEPT,22.9347,3.3575,1531,0,0,1.0000,90.52,457.02,38.94,98.43,0.00,0.00,0.00,0.00,0.0000,465.89,1,0,3.0318,ACCEPT,0,1474,1723,10481,2,100,1531,0,0,0,0
64,0,1,1,ACCEPT,23.6419,3.6283,1513,0,0,1.0000,90.52,457.02,38.94,98.43,0.00,0.00,0.00,0.00,0.0000,465.89,1,0,3.0516,ACCEPT,0,1353,1708,10957,2,100,1513,0,0,0,0
65,0,1,1,ACCEPT,24.4800,4.0051,1566,0,0,1.0000,90.52,457.02,38.94,98.43,0.00,0.00,0.00,0.00,0.0000,465.89,1,0,3.0569,ACCEPT,0,1352,1701,10358,2,100,1566,0,0,0,0
66,0,1,1,ACCEPT,24.9025,4.5146,1544,0,0,1.0000,90.52,457.02,38.94,98.43,223.00,391.50,12.00,3.00,0.0000,147.80,1,0,3.0138,ACCEPT,0,1302,1756,10378,2,100,1544,0,0,0,0
67,0,1,1,ACCEPT,26.3925,5.4775,1583,0,0,1.0000,90.52,457.02,38.94,98.43,241.50,388.00,39.00,10.00,0.0000,166.01,1,0,3.0131,ACCEPT,0,1296,1722,11176,2,100,1583,0,0,0,0
68,0,1,1,ACCEPT,27.0540,5.7855,1672,0,0,1.0000,90.52,457.02,38.94,98.43,249.50,384.00,39.00,8.00,0.0000,174.95,1,0,2.9911,ACCEPT,0,1398,1765,10334,2,100,1672,0,0,0,0
69,0,1,1,ACCEPT,27.2318,5.5333,1577,0,0,1.0000,90.52,457.02,38.94,98.43,269.50,378.00,17.00,2.00,0.0000,195.65,1,0,2.9516,ACCEPT,0,1319,1769,9823,2,100,1577,0,0,0,0
70,0,1,1,ACCEPT,26.2134,4.8897,1418,0,0,1.0000,90.52,457.02,38.94,98.43,275.00,375.50,28.00,3.00,0.0000,201.69,1,0,2.9193,ACCEPT,0,1219,1824,9577,2,100,1418,0,0,0,0
71,0,1,1,ACCEPT,25.6820,4.5704,1330,0,0,1.0000,90.52,457.02,38.94,98.43,278.00,377.00,34.00,16.00,0.0000,203.85,1,0,2.9077,ACCEPT,0,1174,1784,11425,2,100,1330,0,0,0,0
72,0,1,1,ACCEPT,23.8520,3.8451,1415,0,0,1.0000,90.52,457.02,38.94,98.43,285.50,374.50,45.00,17.00,0.0000,211.73,1,0,2.8846,ACCEPT,0,1299,1792,12176,2,100,1415,0,0,0,0
73,0,1,1,ACCEPT,23.6888,4.1695,1476,0,0,1.0000,90.52,457.02,38.94,98.43,292.50,371.00,47.00,18.00,0.0000,219.54,1,0,2.8495,ACCEPT,0,1344,1883,11347,2,100,1476,0,0,0,0
74,0,1,1,ACCEPT,22.6217,3.6218,1293,0,1,0.9977,90.52,460.09,38.94,98.43,300.50,368.50,47.00,21.00,0.0000,229.09,1,0,2.9096,ACCEPT,0,1219,1848,12698,2,100,1293,0,0,0,0
75,0,1,1,ACCEPT,23.9777,4.6461,1431,0,0,1.0000,90.52,460.09,38.94,98.43,306.50,366.00,53.00,24.00,0.0000,235.59,1,0,2.9917,ACCEPT,0,1219,1735,12850,2,100,1431,0,0,0,0
76,0,1,1,ACCEPT,23.9065,4.4886,1378,0,0,1.0000,90.52,460.09,38.94,98.43,312.00,363.50,56.00,27.00,0.0000,241.63,1,0,3.0231,ACCEPT,0,1160,1787,12492,2,100,1378,0,0,0,0
77,0,1,1,ACCEPT,24.1049,4.7041,1383,0,0,1.0000,90.52,460.09,38.94,98.43,314.50,362.00,65.00,32.00,0.0000,244.52,1,0,3.0734,ACCEPT,0,1115,1805,12764,2,100,1383,0,0,0,0
78,0,1,1,ACCEPT,24.2191,4.5300,1359,0,0,1.0000,90.52,460.09,38.94,98.43,310.50,364.50,87.00,43.00,0.0000,239.86,1,0,3.0920,ACCEPT,0,1074,1750,12848,2,100,1359,0,0,0,0
79,0,1,1,ACCEPT,24.2526,4.9443,1419,0,0,1.0000,90.52,460.09,38.94,98.43,314.50,362.00,91.00,46.00,0.0000,244.52,1,0,3.0968,ACCEPT,0,1050,1738,12972,2,100,1419,0,0,0,0
80,0,1,1,ACCEPT,23.7337,4.9720,1422,0,0,1.0000,90.52,460.09,38.94,98.43,317.50,360.00,97.00,50.00,0.0000,248.07,1,0,3.1006,ACCEPT,0,1049,1750,13316,2,100,1422,0,0,0,0
81,0,1,1,ACCEPT,25.3261,5.5387,1573,0,0,1.0000,90.52,460.09,38.94,98.43,319.50,358.50,101.00,53.00,0.0000,250.51,1,0,3.0776,ACCEPT,0,1066,1739,13682,2,100,1573,0,0,0,0
82,0,1,1,ACCEPT,25.1590,5.4857,1536,0,0,1.0000,90.52,460.09,38.94,98.43,322.50,357.00,105.00,56.00,0.0000,253.86,1,0,3.0536,ACCEPT,0,1071,1749,13439,2,100,1536,0,0,0,0
83,0,1,1,ACCEPT,25.9122,6.0863,1552,0,0,1.0000,90.52,460.09,38.94,98.43,324.00,355.50,108.00,59.00,0.0000,255.84,1,0,3.0195,ACCEPT,0,1108,1737,13786,2,100,1552,0,0,0,0
84,0,1,1,ACCEPT,26.7567,5.9924,1582,0,0,1.0000,90.52,460.09,38.94,98.43,326.00,354.50,110.00,61.00,0.0000,258.08,1,0,3.0157,ACCEPT,0,1136,1807,13233,2,100,1582,0,0,0,0
85,0,1,1,ACCEPT,26.0169,5.5714,1443,0,0,1.0000,90.52,460.09,38.94,98.43,327.50,353.50,111.00,63.00,0.0000,259.85,1,0,2.9670,ACCEPT,0,1104,1815,13690,2,100,1443,0,0,0,0
86,0,1,1,ACCEPT,26.0962,5.5312,1416,0,0,1.0000,90.52,460.09,38.94,98.43,328.00,353.00,114.00,66.00,0.0000,260.51,1,0,2.9673,ACCEPT,0,1095,1819,13399,2,100,1416,0,0,0,0
87,0,1,1,ACCEPT,26.1110,5.6857,1393,0,0,1.0000,90.52,460.09,38.94,98.43,329.00,352.00,114.00,68.00,0.0000,261.84,1,0,2.9385,ACCEPT,0,1086,1853,13399,2,100,1393,0,0,0,0
88,0,1,1,ACCEPT,25.7797,5.8419,1367,0,1,0.9890,90.52,463.17,38.94,98.43,329.50,351.50,113.00,69.00,0.0000,263.79,1,0,2.9528,ACCEPT,0,1066,1835,13573,2,100,1367,0,0,0,0
89,0,1,1,ACCEPT,27.5636,6.6445,1402,0,0,1.0000,90.52,463.17,38.94,98.43,329.50,351.00,113.00,70.00,0.0000,264.00,1,0,3.0367,ACCEPT,0,1002,1806,14046,2,100,1402,0,0,0,0
90,0,1,1,ACCEPT,28.0775,6.4605,1389,0,0,1.0000,90.52,463.17,38.94,98.43,329.00,351.00,112.00,70.00,0.0000,263.55,1,0,3.0954,ACCEPT,0,1021,1767,13753,2,100,1389,0,0,0,0
91,0,1,1,ACCEPT,29.9557,7.5470,1366,0,0,1.0000,90.52,463.17,38.94,98.43,328.50,351.00,111.00,70.00,0.0000,263.10,1,0,3.1164,ACCEPT,0,928,1740,14210,2,100,1366,0,0,0,0
92,0,1,1,ACCEPT,32.0520,8.1006,1450,0,0,1.0000,90.52,463.17,38.94,98.43,328.50,351.00,109.00,70.00,0.0000,263.10,1,0,3.1305,ACCEPT,0,917,1743,14280,2,100,1450,0,0,0,0
93,0,1,1,ACCEPT,33.6570,8.0209,1532,0,0,1.0000,90.52,463.17,38.94,98.43,327.50,351.00,107.00,68.00,0.0000,262.19,1,0,3.1376,ACCEPT,0,898,1794,14369,2,100,1532,0,0,0,0
94,0,1,1,ACCEPT,33.2599,8.0219,1468,0,0,1.0000,90.52,463.17,38.94,98.43,325.50,350.50,105.00,67.00,0.0000,260.60,1,0,3.1310,ACCEPT,0,866,1781,14447,2,100,1468,0,0,0,0
95,0,1,1,ACCEPT,33.2010,8.2458,1476,0,0,1.0000,90.52,463.17,38.94,98.43,324.50,351.50,101.00,65.00,0.0000,259.27,1,0,3.1376,ACCEPT,0,846,1801,14057,2,100,1476,0,0,0,0
96,0,1,1,ACCEPT,32.8670,8.2948,1435,0,0,1.0000,90.52,463.17,38.94,98.43,323.00,352.50,100.00,65.00,0.0000,257.48,1,0,3.0879,ACCEPT,0,819,1773,14672,2,100,1435,0,0,0,0
97,0,1,1,ACCEPT,35.9922,9.0373,1455,0,0,1.0000,90.52,463.17,38.94,98.43,321.50,352.50,97.00,63.00,0.0000,256.13,1,0,3.0907,ACCEPT,0,794,1775,14193,2,100,1455,0,0,0,0
98,0,1,1,ACCEPT,35.8228,9.7536,1346,0,0,1.0000,90.52,463.17,38.94,98.43,319.50,353.50,95.00,63.00,0.0000,253.89,1,0,3.0638,ACCEPT,0,763,1758,14638,2,100,1346,0,0,0,0
99,0,1,1,ACCEPT,36.5401,10.6220,1349,0,0,1.0000,90.52,463.17,38.94,98.43,318.00,354.50,92.00,61.00,0.0000,252.11,1,0,3.0406,ACCEPT,0,761,1779,14250,2,100,1349,0,0,0,0
100,0,1,1,ACCEPT,36.2542,10.0945,1282,0,0,1.0000,90.52,463.17,38.94,98.43,316.50,356.50,89.00,61.00,0.0000,249.90,1,0,3.0265,ACCEPT,0,735,1800,14998,2,100,1282,0,0,0,0
101,0,1,1,ACCEPT,34.9783,9.8462,1280,0,0,1.0000,90.52,463.17,38.94,98.43,314.50,357.50,85.00,59.00,0.0000,247.66,1,0,3.0038,ACCEPT,0,755,1839,14908,2,100,1280,0,0,0,0
102,0,1,1,ACCEPT,33.5048,9.0504,1258,0,0,1.0000,90.52,463.17,38.94,98.43,312.50,357.50,83.00,57.00,0.0000,245.85,1,0,2.9714,ACCEPT,0,746,1882,14736,2,100,1258,0,0,0,0
103,0,1,1,ACCEPT,32.5937,9.2206,1254,0,0,1.0000,90.52,463.17,38.94,98.43,310.50,359.00,79.00,56.00,0.0000,243.40,1,0,2.9463,ACCEPT,0,763,1907,14218,2,100,1254,0,0,0,0
104,0,1,1,ACCEPT,29.9252,8.2899,1144,0,0,1.0000,90.52,463.17,38.94,98.43,308.00,360.00,76.00,56.00,0.0000,240.72,1,0,2.9360,ACCEPT,0,759,1918,14372,2,100,1144,0,0,0,0
105,0,1,1,ACCEPT,29.6232,7.8414,1137,-1,0,0.9807,89.30,463.17,38.94,98.43,308.50,358.50,69.00,51.00,0.0000,242.91,1,0,3.0191,ACCEPT,0,739,1929,14661,2,100,1137,0,0,0,0
106,0,1,1,ACCEPT,28.9614,6.0950,1091,1,0,0.9230,90.52,463.17,38.94,98.43,305.50,360.00,67.00,48.00,0.0000,238.46,1,0,2.9179,ACCEPT,0,695,1868,13953,2,100,1091,0,0,0,0
107,0,1,1,ACCEPT,28.9524,7.7222,1112,-1,1,0.9478,89.30,466.25,38.94,98.43,303.00,361.00,64.00,48.00,0.0000,238.22,1,0,2.9880,ACCEPT,0,698,1951,14168,2,100,1112,0,0,0,0
108,0,1,1,ACCEPT,32.0529,7.5629,1142,1,0,0.9002,90.52,466.25,38.94,98.43,302.00,362.50,60.00,49.00,0.0000,235.56,1,0,3.1366,ACCEPT,0,634,1838,14891,2,100,1142,0,0,0,0
109,0,1,1,ACCEPT,31.0675,7.6447,1162,-1,0,0.9716,89.30,466.25,38.94,98.43,299.00,363.00,58.00,48.00,0.0000,233.74,1,0,3.0888,ACCEPT,0,677,1747,16449,2,100,1162,0,0,0,0
110,0,1,1,ACCEPT,29.5135,6.1290,1140,1,0,0.9237,90.52,466.25,38.94,98.43,296.00,367.00,56.00,54.00,0.0000,228.20,1,0,3.1419,ACCEPT,0,649,1718,15980,2,100,1140,0,0,0,0
111,0,1,1,ACCEPT,30.9515,7.7267,1244,-1,0,0.9389,89.30,466.25,38.94,98.43,294.50,365.00,51.00,46.00,0.0000,228.82,1,0,3.1575,ACCEPT,0,679,1780,15190,2,100,1244,0,0,0,0
112,0,1,1,ACCEPT,29.4836,6.5233,1122,1,0,0.9367,90.52,466.25,38.94,98.43,292.50,369.00,51.00,52.00,0.0000,224.18,1,0,3.1244,ACCEPT,0,601,1714,15547,2,100,1122,0,0,0,0
0,0,0,0,ZERO_RESPONSE,0.0000,0.0000,0,0,0,0.0000,102.50,461.50,91.00,57.00,102.50,461.50,91.00,57.00,1.0000,0.00,1,0,0.0000,NOT_RUN,0,0,1829,28620,3,135,0,0,0,0,0
1,0,1,1,ACCEPT,50.4122,9.7364,2512,0,0,1.0000,102.50,461.50,91.00,57.00,101.50,462.00,89.00,60.00,0.9301,1.12,1,0,3.0617,ACCEPT,0,1028,1464,32767,3,135,2512,0,0,0,0
2,0,1,1,ACCEPT,36.2167,6.4465,2411,0,0,1.0000,102.50,461.50,87.50,54.81,100.00,463.50,90.00,63.00,0.8238,3.20,1,-1,2.6336,ACCEPT,0,1145,1328,32767,3,135,2411,0,0,0,0
3,0,1,1,ACCEPT,26.3110,4.1241,2194,0,0,1.0000,102.50,461.50,87.50,54.81,97.50,464.50,87.00,65.00,0.7586,5.83,1,0,2.3074,ACCEPT,0,1962,1423,32767,3,135,2194,0,0,0,0
4,0,1,1,ACCEPT,25.4732,3.5353,2206,0,0,1.0000,102.50,461.50,87.50,54.81,100.00,462.50,94.00,73.00,0.6989,2.69,1,0,2.1666,ACCEPT,0,1931,1395,32767,3,135,2206,0,0,0,0
5,0,1,1,ACCEPT,24.5370,3.1784,2530,0,0,1.0000,102.50,461.50,87.50,54.81,99.00,465.00,94.00,74.00,0.6861,4.95,1,0,2.7581,ACCEPT,0,1908,1280,32767,3,135,2530,0,0,0,0
6,0,1,1,ACCEPT,23.2450,3.2288,3006,0,0,1.0000,102.50,461.50,87.50,54.81,98.00,464.50,94.00,77.00,0.6470,5.41,1,0,3.0327,ACCEPT,0,2066,1258,32766,3,135,3006,0,0,0,0
7,0,1,1,ACCEPT,23.0001,3.1799,3695,0,-1,0.9894,102.50,459.78,87.50,54.81,97.00,466.00,94.00,80.00,0.6113,8.30,1,0,2.9633,ACCEPT,0,2607,1177,32767,3,135,3695,0,0,0,0
8,0,1,1,ACCEPT,21.6728,3.0050,3609,0,0,1.0000,102.50,459.78,87.50,54.81,97.00,467.50,92.00,81.00,0.6052,9.48,1,0,3.0493,ACCEPT,0,2855,1185,32767,3,135,3609,0,0,0,0
9,0,1,1,ACCEPT,21.3174,2.7913,3718,0,0,1.0000,102.50,459.78,91.00,57.00,88.50,470.00,77.00,80.00,0.5423,17.33,1,1,2.9107,ACCEPT,0,2852,1129,32767,3,135,3718,0,0,0,0
10,0,1,1,ACCEPT,20.5621,3.0371,3845,0,0,1.0000,102.50,459.78,91.00,57.00,87.00,470.00,74.00,82.00,0.5136,18.57,1,0,3.1098,ACCEPT,0,2851,1056,27690,3,135,3845,0,0,0,0
11,0,1,1,ACCEPT,19.9058,3.1249,3453,0,0,1.0000,102.50,459.78,91.00,57.00,85.50,471.50,71.00,83.00,0.4909,20.65,1,0,3.1866,ACCEPT,0,2547,1088,25149,3,135,3453,0,0,0,0
12,0,1,1,ACCEPT,20.5994,3.6238,3439,0,0,1.0000,102.50,459.78,91.00,57.00,85.00,471.50,70.00,87.00,0.4672,21.06,1,0,3.2055,ACCEPT,0,2452,1054,24312,3,135,3439,0,0,0,0
13,0,1,1,ACCEPT,19.8570,3.7486,3370,0,0,1.0000,102.50,459.78,91.00,57.00,85.00,471.50,68.00,87.00,0.4669,21.06,1,0,3.1519,ACCEPT,0,2458,1108,20760,3,135,3370,0,0,0,0
14,0,1,1,ACCEPT,19.5304,3.9495,3128,0,0,1.0000,102.50,459.78,91.00,57.00,83.00,472.50,64.00,89.00,0.4363,23.28,1,0,3.2393,ACCEPT,0,2354,1089,22191,3,135,3128,0,0,0,0
15,0,1,1,ACCEPT,18.0183,3.7225,3112,0,-1,0.9907,102.50,458.00,91.00,57.00,81.50,473.00,61.00,88.00,0.4225,25.81,1,0,3.3039,ACCEPT,0,2455,1030,22934,3,135,3112,0,0,0,0
16,0,1,1,ACCEPT,19.0811,3.5429,3472,0,0,1.0000,102.50,458.00,91.00,57.00,81.00,472.00,58.00,92.00,0.4027,25.66,1,0,3.3349,ACCEPT,0,2738,1095,21794,3,135,3472,0,0,0,0
17,0,1,1,ACCEPT,18.6049,3.3751,3446,0,0,1.0000,102.50,458.00,91.00,57.00,80.50,471.50,55.00,93.00,0.3931,25.81,1,0,3.3699,ACCEPT,0,2898,1081,21273,3,135,3446,0,0,0,0
18,0,1,1,ACCEPT,17.9470,3.5569,3436,0,0,1.0000,102.50,458.00,91.00,57.00,79.00,470.50,52.00,93.00,0.3755,26.62,1,0,3.2885,ACCEPT,0,3190,1085,20411,3,135,3436,0,0,0,0
19,0,1,1,ACCEPT,18.6331,3.6011,3403,0,0,1.0000,102.50,458.00,91.00,57.00,78.50,469.00,49.00,94.00,0.3656,26.40,1,0,3.2568,ACCEPT,0,3069,1003,19524,3,135,3403,0,0,0,0
20,0,1,1,ACCEPT,17.8613,3.2064,3123,0,0,1.0000,102.50,458.00,91.00,57.00,77.50,467.50,47.00,95.00,0.3511,26.74,1,0,3.2725,ACCEPT,0,3013,1027,19268,3,135,3123,0,0,0,0
21,0,1,1,ACCEPT,18.5117,3.4041,3193,0,0,1.0000,102.50,458.00,91.00,57.00,77.00,458.00,44.00,112.00,0.3101,25.50,1,0,3.1665,ACCEPT,0,3135,1002,21658,3,135,3193,0,0,0,0
22,0,1,1,ACCEPT,19.1239,3.7789,3401,0,0,1.0000,102.50,458.00,91.00,57.00,78.50,454.00,47.00,116.00,0.3177,24.33,1,0,2.9919,ACCEPT,0,3241,984,19586,3,135,3401,0,0,0,0
23,0,1,1,ACCEPT,18.1694,3.2056,2978,0,0,1.0000,102.50,458.00,91.00,57.00,77.50,451.50,45.00,117.00,0.3063,25.83,1,0,2.9663,ACCEPT,0,2936,940,22117,3,135,2978,0,0,0,0
24,0,1,1,ACCEPT,18.9559,3.6718,3099,0,0,1.0000,102.50,458.00,91.00,57.00,76.50,447.50,41.00,117.00,0.2960,28.04,1,0,2.9116,ACCEPT,0,3032,945,22881,3,135,3099,0,0,0,0
25,0,1,1,ACCEPT,19.6145,3.7986,3282,0,0,1.0000,102.50,458.00,91.00,57.00,78.50,444.50,43.00,117.00,0.3156,27.54,1,0,2.8902,ACCEPT,0,3188,871,22374,3,135,3282,0,0,0,0
26,0,1,1,ACCEPT,19.7902,3.5208,3130,0,-1,0.9649,102.50,456.22,91.00,57.00,77.00,441.00,38.00,116.00,0.2916,29.70,1,0,3.2045,ACCEPT,0,2894,861,23054,3,135,3130,0,0,0,0
27,0,1,1,ACCEPT,19.4631,3.8009,3360,0,0,1.0000,102.50,456.22,91.00,57.00,78.00,437.00,38.00,114.00,0.2946,31.14,1,0,3.1882,ACCEPT,0,3247,866,25466,3,135,3360,0,0,0,0
28,0,1,1,ACCEPT,21.1551,3.8821,3851,0,0,1.0000,102.50,456.22,91.00,57.00,77.50,432.50,37.00,113.00,0.2905,34.46,1,0,3.1753,ACCEPT,0,3403,870,23473,3,135,3851,0,0,0,0
29,0,1,1,ACCEPT,21.8089,4.1136,3513,0,0,1.0000,102.50,456.22,91.00,57.00,77.00,426.50,36.00,113.00,0.2739,39.16,1,0,3.2045,ACCEPT,0,3019,795,23738,3,135,3513,0,0,0,0
30,0,1,1,ACCEPT,22.4811,4.4170,3644,0,0,1.0000,102.50,456.22,91.00,57.00,76.50,422.00,37.00,108.00,0.2415,42.98,1,0,3.1799,ACCEPT,0,2885,750,21650,3,135,3644,0,0,0,0
31,0,1,1,ACCEPT,22.8886,4.1673,3363,0,0,1.0000,102.50,456.22,91.00,57.00,77.00,417.00,36.00,108.00,0.2073,46.78,1,0,3.1227,ACCEPT,0,2504,689,23608,3,135,3363,0,0,0,0
32,0,1,1,ACCEPT,23.4571,4.7366,3453,0,0,1.0000,102.50,456.22,91.00,57.00,76.00,410.50,36.00,103.00,0.1611,52.84,1,0,3.0804,ACCEPT,0,2610,736,21580,3,135,3453,0,0,0,0
33,0,1,1,ACCEPT,23.3683,4.2025,3072,0,0,1.0000,102.50,456.22,91.00,57.00,75.50,405.00,37.00,102.00,0.1322,57.90,1,0,2.9318,ACCEPT,0,2476,722,19969,3,135,3072,0,0,0,0
34,0,1,1,ACCEPT,23.0254,4.6689,2736,0,0,1.0000,102.50,456.22,91.00,57.00,74.50,399.00,37.00,96.00,0.0863,63.70,1,0,2.9469,ACCEPT,0,2320,715,18312,3,135,2736,0,0,0,0
35,0,1,1,ACCEPT,23.9362,3.8689,2449,0,0,1.0000,102.50,456.22,91.00,57.00,73.00,392.50,36.00,91.00,0.0431,70.22,1,0,2.9668,ACCEPT,0,2020,665,19000,3,135,2449,0,0,0,0
36,0,1,1,ACCEPT,24.7494,4.2643,2614,0,-1,0.9836,102.50,454.44,91.00,57.00,73.00,385.50,36.00,87.00,0.0127,74.98,1,0,3.1628,ACCEPT,0,2189,702,16711,3,135,2614,0,0,0,0
37,0,1,1,ACCEPT,24.9282,4.2270,2346,0,0,1.0000,102.50,454.44,91.00,57.00,72.00,378.50,38.00,81.00,0.0000,81.83,1,0,3.1838,ACCEPT,0,2003,784,17972,3,135,2346,0,0,0,0
38,0,1,1,ACCEPT,25.7977,4.4729,2478,0,0,1.0000,102.50,454.44,91.00,57.00,71.50,372.00,41.00,74.00,0.0000,88.07,1,0,3.1233,ACCEPT,0,1997,767,19960,3,135,2478,0,0,0,0
39,0,1,1,ACCEPT,26.5416,4.4057,2639,0,0,1.0000,102.50,454.44,91.00,57.00,70.50,365.00,43.00,66.00,0.0000,94.99,1,0,3.1380,ACCEPT,0,2097,809,18549,3,135,2639,0,0,0,0
40,0,1,1,ACCEPT,27.6993,4.5593,2462,0,0,1.0000,102.50,454.44,91.00,57.00,71.00,357.00,46.00,60.00,0.0000,102.40,1,0,3.0667,ACCEPT,0,1920,826,19034,3,135,2462,0,0,0,0
41,0,1,1,ACCEPT,28.1328,4.5409,2443,0,0,1.0000,102.50,454.44,91.00,57.00,71.00,349.50,48.00,51.00,0.0000,109.56,1,0,3.0850,ACCEPT,0,1922,783,20631,3,135,2443,0,0,0,0
42,0,1,1,ACCEPT,28.6597,4.7665,2531,0,0,1.0000,102.50,454.44,91.00,57.00,71.00,341.50,52.00,43.00,0.0000,117.25,1,0,3.0292,ACCEPT,0,1897,793,21029,3,135,2531,0,0,0,0
43,0,1,1,ACCEPT,28.3740,4.6045,2468,0,0,1.0000,102.50,454.44,91.00,57.00,72.00,334.50,54.00,35.00,0.0000,123.75,1,0,3.0434,ACCEPT,0,1901,781,19287,3,135,2468,0,0,0,0
44,0,1,1,ACCEPT,28.1667,4.6099,2139,0,0,1.0000,102.50,454.44,91.00,57.00,72.00,323.50,58.00,35.00,0.0000,134.44,1,0,3.0217,ACCEPT,0,1639,742,19990,3,135,2139,0,0,0,0
45,0,1,1,ACCEPT,29.2559,5.2010,2148,0,0,1.0000,102.50,454.44,91.00,57.00,72.50,311.00,61.00,38.00,0.0000,146.54,1,0,3.0519,ACCEPT,0,1548,708,20054,3,135,2148,0,0,0,0
46,0,1,1,ACCEPT,29.3873,5.0488,2070,0,0,1.0000,102.50,454.44,91.00,57.00,73.00,300.00,64.00,40.00,0.0000,157.23,1,0,3.0446,ACCEPT,0,1504,708,21623,3,135,2070,0,0,0,0
47,0,1,1,ACCEPT,31.4753,5.4307,2194,0,-1,0.9973,102.50,452.66,91.00,57.00,76.00,288.50,66.00,41.00,0.0000,166.28,1,0,3.1228,ACCEPT,0,1535,706,22613,3,135,2194,0,0,0,0
48,0,1,1,ACCEPT,30.4992,5.0022,2291,0,0,1.0000,102.50,452.66,91.00,57.00,76.50,281.50,71.00,51.00,0.0000,173.12,1,0,3.1086,ACCEPT,0,1607,742,31320,3,135,2291,0,0,0,0
49,0,1,1,ACCEPT,31.0402,5.1734,2954,0,0,1.0000,102.50,452.66,91.00,57.00,79.00,274.50,76.00,61.00,0.0000,179.70,1,0,3.0775,ACCEPT,0,2062,728,32767,3,135,2954,0,0,0,0
50,0,1,1,ACCEPT,31.7270,5.3741,2988,0,0,1.0000,102.50,452.66,91.00,57.00,80.50,269.00,81.00,68.00,0.0000,184.97,1,0,3.1098,ACCEPT,0,2075,702,32767,3,135,2988,0,0,0,0
51,0,1,1,ACCEPT,32.8948,5.5860,2955,0,0,1.0000,102.50,452.66,91.00,57.00,81.50,262.00,85.00,76.00,0.0000,191.81,1,0,3.0972,ACCEPT,0,1981,777,32767,3,135,2955,0,0,0,0
52,0,1,1,ACCEPT,33.5210,5.6206,2844,0,0,1.0000,102.50,452.66,91.00,57.00,85.00,257.50,90.00,83.00,0.0000,195.94,1,0,3.1026,ACCEPT,0,1930,728,32767,3,135,2844,0,0,0,0
53,0,1,1,ACCEPT,34.0515,5.7293,2836,0,0,1.0000,102.50,452.66,91.00,57.00,86.50,253.00,93.00,86.00,0.0000,200.30,1,0,3.1003,ACCEPT,0,1879,781,32767,3,135,2836,0,0,0,0
54,0,1,1,ACCEPT,35.5422,5.9914,2780,0,0,1.0000,102.50,452.66,91.00,57.00,89.00,249.00,94.00,90.00,0.0000,204.10,1,0,3.1144,ACCEPT,0,1739,755,32767,3,135,2780,0,0,0,0
55,0,1,1,ACCEPT,34.9365,5.7260,2445,0,0,1.0000,102.50,452.66,91.00,57.00,93.50,247.50,97.00,93.00,0.0000,205.35,1,0,3.1142,ACCEPT,0,1588,789,32767,3,135,2445,0,0,0,0
56,0,1,1,ACCEPT,33.6415,5.5360,2386,1,0,0.9950,105.34,452.66,91.00,57.00,97.00,246.50,98.00,93.00,0.0000,206.33,1,0,2.7362,ACCEPT,0,1623,743,32767,3,135,2386,0,0,0,0
57,0,1,1,ACCEPT,34.4098,5.6921,2311,0,0,1.0000,105.34,452.66,91.00,57.00,102.00,246.00,98.00,90.00,0.0000,206.68,1,0,2.8546,ACCEPT,0,1494,758,32767,3,135,2311,0,0,0,0
58,0,1,1,ACCEPT,34.8751,5.6337,2276,0,-1,0.9899,105.34,450.88,87.50,54.81,108.50,247.50,99.00,87.00,0.0000,203.40,1,-1,2.6111,ACCEPT,0,1444,794,32767,3,135,2276,0,0,0,0
59,0,1,1,ACCEPT,35.7245,5.9486,2546,0,0,1.0000,105.34,450.88,87.50,54.81,113.50,250.00,97.00,84.00,0.0000,201.04,1,0,2.8235,ACCEPT,0,1737,826,32767,3,135,2546,0,0,0,0
60,0,1,1,ACCEPT,36.5409,6.3896,2575,0,0,1.0000,105.34,450.88,87.50,54.81,121.00,253.50,92.00,77.00,0.0000,197.99,1,0,2.8078,ACCEPT,0,1681,814,32767,3,135,2575,0,0,0,0
61,0,1,1,ACCEPT,37.4126,6.5401,2688,0,0,1.0000,105.34,450.88,87.50,54.81,128.50,258.50,91.00,69.00,0.0000,193.76,1,0,2.8613,ACCEPT,0,1631,823,32767,3,135,2688,0,0,0,0
62,0,1,1,ACCEPT,37.0645,6.4251,2660,0,0,1.0000,105.34,450.88,87.50,54.81,137.50,263.50,83.00,59.00,0.0000,190.11,1,0,2.8906,ACCEPT,0,1670,756,32767,3,135,2660,0,0,0,0
63,0,1,1,ACCEPT,37.3025,6.2429,2853,0,0,1.0000,105.34,450.88,87.50,54.81,146.00,271.50,80.00,47.00,0.0000,183.92,1,0,2.9073,ACCEPT,0,1717,763,32767,3,135,2853,0,0,0,0
64,0,1,1,ACCEPT,37.1698,6.7759,2812,0,0,1.0000,105.34,450.88,87.50,54.81,154.00,279.00,70.00,40.00,0.0000,178.63,1,0,2.9319,ACCEPT,0,1725,764,32767,3,135,2812,0,0,0,0
65,0,1,1,ACCEPT,36.9790,6.7189,2916,0,0,1.0000,105.34,450.88,87.50,54.81,161.50,284.50,59.00,23.00,0.0000,175.60,1,0,2.9290,ACCEPT,0,1761,799,32767,3,135,2916,0,0,0,0
66,0,1,1,ACCEPT,36.1406,7.0023,3060,0,0,1.0000,105.34,450.88,87.50,54.81,168.50,292.50,47.00,13.00,0.0000,170.50,1,0,2.9387,ACCEPT,0,1902,804,32768,3,135,3060,0,0,0,0
67,0,1,1,ACCEPT,34.1552,6.2875,3062,0,0,1.0000,105.34,450.88,87.50,54.81,182.50,301.00,49.00,4.00,0.0000,168.57,1,0,2.9408,ACCEPT,0,2032,792,32767,3,135,3062,0,0,0,0
68,0,1,1,ACCEPT,33.8263,6.0696,2877,0,0,1.0000,105.34,450.88,87.50,54.81,196.00,309.50,48.00,13.00,0.0000,167.94,1,0,2.9475,ACCEPT,0,1762,810,32767,3,135,2877,0,0,0,0
69,0,1,1,ACCEPT,33.2389,6.6261,2889,0,0,1.0000,105.34,450.88,87.50,54.81,209.50,321.00,47.00,18.00,0.0000,166.48,1,0,2.9307,ACCEPT,0,1818,790,32767,3,135,2889,0,0,0,0
70,0,1,1,ACCEPT,31.9911,5.9186,2835,0,0,1.0000,105.34,450.88,87.50,54.81,223.50,330.00,47.00,26.00,0.0000,169.03,1,0,2.9607,ACCEPT,0,1804,733,32767,3,135,2835,0,0,0,0
71,0,1,1,ACCEPT,31.5528,5.6780,2839,0,-1,0.9947,105.34,449.16,87.50,54.81,235.50,341.50,45.00,31.00,0.0000,168.91,1,0,2.8194,ACCEPT,0,1785,711,32767,3,135,2839,0,0,0,0
72,0,1,1,ACCEPT,29.9756,5.3156,2897,0,1,0.9841,105.34,450.88,87.50,54.81,247.00,364.50,48.00,45.00,0.0000,165.91,1,0,2.9233,ACCEPT,0,1942,658,32767,3,135,2897,0,0,0,0
73,0,1,1,ACCEPT,31.9173,6.1035,2771,0,-1,0.9585,105.34,449.16,87.50,54.81,257.50,380.00,49.00,70.00,0.0000,167.14,1,0,2.8414,ACCEPT,0,1663,647,32767,3,135,2771,0,0,0,0
74,0,1,1,ACCEPT,28.8789,4.8528,2703,0,0,1.0000,105.34,449.16,87.50,54.81,265.50,398.50,51.00,85.00,0.0000,167.98,1,0,2.8880,ACCEPT,0,1846,715,28018,3,135,2703,0,0,0,0
75,0,1,1,ACCEPT,28.6601,4.6093,2466,0,0,1.0000,105.34,449.16,87.50,54.81,271.50,414.00,51.00,96.00,0.0000,169.83,1,0,2.8784,ACCEPT,0,1722,713,26669,3,135,2466,0,0,0,0
76,0,1,1,ACCEPT,29.1350,4.7568,2464,0,0,1.0000,105.34,449.16,87.50,54.81,275.50,428.00,53.00,104.00,0.0000,171.47,1,0,2.9243,ACCEPT,0,1669,670,24024,3,135,2464,0,0,0,0
77,0,1,1,ACCEPT,28.9047,4.8080,2279,0,0,1.0000,105.34,449.16,87.50,54.81,279.00,441.00,52.00,108.00,0.0000,173.85,1,0,2.9095,ACCEPT,0,1518,681,25198,3,135,2279,0,0,0,0
78,0,1,1,ACCEPT,28.8790,4.7244,2400,0,0,1.0000,105.34,449.16,87.50,54.81,281.50,451.50,47.00,107.00,0.0000,176.17,1,0,2.9252,ACCEPT,0,1511,660,24988,3,135,2400,0,0,0,0
79,0,1,1,ACCEPT,28.6207,4.6968,2339,0,0,1.0000,105.34,449.16,87.50,54.81,283.00,450.50,48.00,121.00,0.0000,177.66,1,0,2.9194,ACCEPT,0,1554,666,25644,3,135,2339,0,0,0,0
80,0,1,1,ACCEPT,28.8372,4.6558,2421,0,0,1.0000,105.34,449.16,87.50,54.81,282.00,458.00,44.00,114.00,0.0000,176.88,1,0,2.9364,ACCEPT,0,1517,644,27794,3,135,2421,0,0,0,0
81,0,1,1,ACCEPT,28.4105,4.7084,2519,0,0,1.0000,105.34,449.16,87.50,54.81,279.50,463.50,45.00,105.00,0.0000,174.75,1,0,2.9028,ACCEPT,0,1605,672,28990,3,135,2519,0,0,0,0
82,0,1,1,ACCEPT,27.7577,4.8097,2578,0,0,1.0000,105.34,449.16,87.50,54.81,278.00,469.00,46.00,94.00,0.0000,173.79,1,0,2.9275,ACCEPT,0,1687,692,28261,3,135,2578,0,0,0,0
83,0,1,1,ACCEPT,27.6609,4.8718,2470,0,0,1.0000,105.34,449.16,87.50,54.81,275.00,474.00,44.00,84.00,0.0000,171.47,1,0,2.9352,ACCEPT,0,1464,675,30278,3,135,2470,0,0,0,0
84,0,1,1,ACCEPT,27.6373,5.4301,2563,0,0,1.0000,105.34,449.16,87.50,54.81,271.00,478.50,44.00,75.00,0.0000,168.24,1,0,2.9452,ACCEPT,0,1516,692,26772,3,135,2563,0,0,0,0
85,0,1,1,ACCEPT,27.3538,5.4953,2341,0,0,1.0000,105.34,449.16,87.50,54.81,267.00,482.00,44.00,62.00,0.0000,164.96,1,0,2.9401,ACCEPT,0,1397,702,26656,3,135,2341,0,0,0,0
86,0,1,1,ACCEPT,25.9752,4.9637,2189,0,0,1.0000,105.34,449.16,87.50,54.81,262.00,487.00,44.00,54.00,0.0000,161.16,1,0,2.8987,ACCEPT,0,1324,706,21908,3,135,2189,0,0,0,0
87,0,1,1,ACCEPT,24.6608,4.3167,1813,0,0,1.0000,105.34,449.16,87.50,54.81,256.50,489.50,43.00,45.00,0.0000,156.45,1,0,2.9163,ACCEPT,0,1173,727,22261,3,135,1813,0,0,0,0
88,0,1,1,ACCEPT,24.2751,4.2903,1862,0,0,1.0000,105.34,449.16,87.50,54.81,250.50,494.00,45.00,38.00,0.0000,151.93,1,0,2.8979,ACCEPT,0,1191,700,21671,3,135,1862,0,0,0,0
89,0,1,1,ACCEPT,23.8330,4.2233,1702,0,0,1.0000,105.34,449.16,87.50,54.81,244.00,496.00,46.00,32.00,0.0000,146.36,1,0,2.8935,ACCEPT,0,1114,719,20979,3,135,1702,0,0,0,0
90,0,1,1,ACCEPT,23.4815,4.2932,1640,-1,-1,0.9854,102.61,447.44,87.50,54.81,237.50,498.00,47.00,26.00,0.0000,144.06,1,0,3.0229,ACCEPT,0,1093,830,19648,3,135,1640,0,0,0,0
91,0,1,1,ACCEPT,23.3251,4.2241,1715,0,1,0.9773,102.61,449.16,87.50,54.81,233.00,501.50,52.00,25.00,0.0000,140.50,1,0,2.9707,ACCEPT,0,1297,867,17606,3,135,1715,0,0,0,0
92,0,1,1,ACCEPT,24.2783,4.3130,1557,0,-1,0.9679,102.61,447.44,87.50,54.81,225.50,504.00,59.00,20.00,0.0000,135.28,1,0,3.0528,ACCEPT,0,1136,838,18388,3,135,1557,0,0,0,0
93,0,1,1,ACCEPT,24.9922,4.8210,1697,0,1,0.9965,102.61,449.16,87.50,54.81,221.50,506.50,61.00,17.00,0.0000,132.00,1,0,2.9878,ACCEPT,0,1278,938,17309,3,135,1697,0,0,0,0
94,0,1,1,ACCEPT,25.6885,4.9737,1701,0,-1,0.9553,102.61,447.44,87.50,54.81,215.00,508.50,66.00,17.00,0.0000,127.91,1,0,3.0735,ACCEPT,0,1226,989,19533,3,135,1701,0,0,0,0
95,0,1,1,ACCEPT,25.9823,5.3398,1917,0,0,1.0000,102.61,447.44,87.50,54.81,211.00,511.50,70.00,15.00,0.0000,125.91,1,0,3.0835,ACCEPT,0,1412,1069,16915,3,135,1917,0,0,0,0
96,0,1,1,ACCEPT,26.4628,5.6199,1804,0,0,1.0000,102.61,447.44,87.50,54.81,204.00,514.00,78.00,14.00,0.0000,121.29,1,0,3.1003,ACCEPT,0,1284,1053,16310,3,135,1804,0,0,0,0
97,0,1,1,ACCEPT,27.0951,5.9416,1830,0,0,1.0000,102.61,447.44,87.50,54.81,197.50,514.00,83.00,14.00,0.0000,115.91,1,0,3.1116,ACCEPT,0,1292,1082,16397,3,135,1830,0,0,0,0
98,0,1,1,ACCEPT,26.5341,6.0874,1881,0,0,1.0000,102.61,447.44,87.50,54.81,193.00,515.00,90.00,16.00,0.0000,112.85,1,0,3.1044,ACCEPT,0,1409,1097,16854,3,135,1881,0,0,0,0
99,0,1,1,ACCEPT,27.1034,6.0000,1974,0,0,1.0000,102.61,447.44,87.50,54.81,188.00,516.50,92.00,17.00,0.0000,109.82,1,0,3.1106,ACCEPT,0,1438,1054,16442,3,135,1974,0,0,0,0
100,0,1,1,ACCEPT,26.8078,5.6078,2002,0,0,1.0000,102.61,447.44,87.50,54.81,176.50,516.50,79.00,19.00,0.0000,101.14,1,0,3.1103,ACCEPT,0,1507,1157,17182,3,135,2002,0,0,0,0
101,0,1,1,ACCEPT,26.4517,5.5038,2174,0,0,1.0000,102.61,447.44,87.50,54.81,170.50,516.50,85.00,19.00,0.0000,96.84,1,0,3.1167,ACCEPT,0,1658,1151,16591,3,135,2174,0,0,0,0
102,0,1,1,ACCEPT,26.7354,5.2606,2241,0,0,1.0000,102.61,447.44,87.50,54.81,167.00,517.50,88.00,21.00,0.0000,95.16,1,0,3.1136,ACCEPT,0,1728,1140,17292,3,135,2241,0,0,0,0
103,0,1,1,ACCEPT,27.4292,5.3142,2503,0,0,1.0000,102.61,447.44,87.50,54.81,163.00,518.00,92.00,22.00,0.0000,92.88,1,0,3.0663,ACCEPT,0,1857,1175,17753,3,135,2503,0,0,0,0
104,0,1,1,ACCEPT,27.6883,5.5326,2628,0,0,1.0000,102.61,447.44,87.50,54.81,159.00,517.50,96.00,25.00,0.0000,89.94,1,0,3.0828,ACCEPT,0,1951,1214,17008,3,135,2628,0,0,0,0
105,0,1,1,ACCEPT,28.5218,5.2927,2477,0,0,1.0000,102.61,447.44,87.50,54.81,157.50,517.50,97.00,25.00,0.0000,89.00,1,0,3.0440,ACCEPT,0,1845,1170,16766,3,135,2477,0,0,0,0
106,0,1,1,ACCEPT,29.4800,5.7869,2471,0,0,1.0000,102.61,447.44,87.50,54.81,155.50,518.00,99.00,26.00,0.0000,88.18,1,0,3.0597,ACCEPT,0,1820,1186,17334,3,135,2471,0,0,0,0
107,0,1,1,ACCEPT,29.5978,6.4675,2490,0,0,1.0000,102.61,447.44,87.50,54.81,153.00,517.50,98.00,27.00,0.0000,86.30,1,0,3.0081,ACCEPT,0,1869,1222,15265,3,135,2490,0,0,0,0
108,0,1,1,ACCEPT,29.7490,6.4763,2189,0,0,1.0000,102.61,447.44,87.50,54.81,152.00,516.50,102.00,29.00,0.0000,84.91,1,0,2.9814,ACCEPT,0,1644,1204,15856,3,135,2189,0,0,0,0
109,0,1,1,ACCEPT,29.4207,6.2536,2145,0,0,1.0000,102.61,447.44,87.50,54.81,151.00,516.00,104.00,30.00,0.0000,83.92,1,0,2.9663,ACCEPT,0,1656,1222,16001,3,135,2145,0,0,0,0
110,0,1,1,ACCEPT,29.9700,6.1364,2160,0,0,1.0000,102.61,447.44,87.50,54.81,149.50,516.00,103.00,32.00,0.0000,83.06,1,0,2.9899,ACCEPT,0,1648,1211,16356,3,135,2160,0,0,0,0
111,0,1,1,ACCEPT,29.0475,6.0774,2121,0,0,1.0000,102.61,447.44,87.50,54.81,148.00,515.00,106.00,32.00,0.0000,81.39,1,0,2.9468,ACCEPT,0,1682,1229,17405,3,135,2121,0,0,0,0
112,0,1,1,ACCEPT,28.9293,6.4955,2176,0,0,1.0000,102.61,447.44,87.50,54.81,148.50,513.50,107.00,35.00,0.0000,80.44,1,0,2.9523,ACCEPT,0,1706,1220,18768,3,135,2176,0,0,0,0
113,0,1,1,ACCEPT,29.2377,6.3554,2307,0,0,1.0000,102.61,447.44,87.50,54.81,148.50,513.50,109.00,37.00,0.0000,80.44,1,0,2.9158,ACCEPT,0,1853,1220,20173,3,135,2307,0,0,0,0
114,0,1,1,ACCEPT,28.8406,5.9752,2408,0,0,1.0000,102.61,447.44,87.50,54.81,146.50,514.00,105.00,38.00,0.0000,79.73,1,0,2.9160,ACCEPT,0,1914,1196,22728,3,135,2408,0,0,0,0
115,0,1,1,ACCEPT,27.8345,5.7703,2562,0,0,1.0000,102.61,447.44,87.50,54.81,145.50,513.00,105.00,42.00,0.0000,78.35,1,0,2.8814,ACCEPT,0,2096,1239,21819,3,135,2562,0,0,0,0
116,0,1,1,ACCEPT,28.8750,6.0405,2537,0,0,1.0000,102.61,447.44,87.50,54.81,146.50,512.00,107.00,42.00,0.0000,78.07,1,0,2.8874,ACCEPT,0,2057,1227,23082,3,135,2537,0,0,0,0
117,0,1,1,ACCEPT,28.1959,5.8225,2591,0,0,1.0000,102.61,447.44,87.50,54.81,145.00,511.50,104.00,45.00,0.0000,76.82,1,0,2.8536,ACCEPT,0,2115,1239,22153,3,135,2591,0,0,0,0
118,0,1,1,ACCEPT,28.1081,5.6078,2574,0,0,1.0000,102.61,447.44,87.50,54.81,145.50,512.00,107.00,48.00,0.0000,77.51,1,0,2.8609,ACCEPT,0,2094,1260,23379,3,135,2574,0,0,0,0
119,0,1,1,ACCEPT,27.9188,5.6377,2661,0,0,1.0000,102.61,447.44,87.50,54.81,145.00,510.00,104.00,48.00,0.0000,75.57,1,0,2.8376,ACCEPT,0,2169,1259,19166,3,135,2661,0,0,0,0
120,0,1,1,ACCEPT,28.2651,5.5827,2194,0,0,1.0000,102.61,447.44,87.50,54.81,146.50,510.00,105.00,50.00,0.0000,76.42,1,0,2.8257,ACCEPT,0,1762,1201,22260,3,135,2194,0,0,0,0
121,0,1,1,ACCEPT,27.8010,5.6442,2427,0,0,1.0000,102.61,447.44,87.50,54.81,146.50,509.00,105.00,50.00,0.0000,75.61,1,0,2.8322,ACCEPT,0,2012,1232,22252,3,135,2427,0,0,0,0
122,0,1,1,ACCEPT,28.6149,5.7324,2442,0,0,1.0000,102.61,447.44,87.50,54.81,147.00,508.50,104.00,51.00,0.0000,75.49,1,0,2.8558,ACCEPT,0,1948,1229,19161,3,135,2442,0,0,0,0
123,0,1,1,ACCEPT,28.8926,5.6331,2180,0,0,1.0000,102.61,447.44,87.50,54.81,147.00,508.00,104.00,54.00,0.0000,75.09,1,0,2.8614,ACCEPT,0,1761,1277,19059,3,135,2180,0,0,0,0
124,0,1,1,ACCEPT,29.3397,5.5736,2196,0,0,1.0000,102.61,447.44,87.50,54.81,147.50,507.00,103.00,54.00,0.0000,74.58,1,0,2.8613,ACCEPT,0,1714,1304,19016,3,135,2196,0,0,0,0
125,0,1,1,ACCEPT,30.2062,5.8063,2218,0,0,1.0000,102.61,447.44,87.50,54.81,147.50,506.50,103.00,55.00,0.0000,74.19,1,0,2.8756,ACCEPT,0,1678,1269,18900,3,135,2218,0,0,0,0
126,0,1,1,ACCEPT,30.5291,5.5248,2232,0,0,1.0000,102.61,447.44,87.50,54.81,147.50,504.50,103.00,57.00,0.0000,72.60,1,0,2.8488,ACCEPT,0,1663,1273,17373,3,135,2232,0,0,0,0
127,0,1,1,ACCEPT,31.0440,5.5013,2096,0,0,1.0000,102.61,447.44,87.50,54.81,150.50,503.00,109.00,58.00,0.0038,73.35,1,0,2.8931,ACCEPT,0,1522,1274,17249,3,135,2096,0,0,0,0
128,0,1,1,ACCEPT,31.1507,5.5116,2144,0,0,1.0000,102.61,447.44,87.50,54.81,151.00,503.00,106.00,58.00,0.0037,73.68,1,0,2.8936,ACCEPT,0,1542,1191,18264,3,135,2144,0,0,0,0
129,0,1,1,ACCEPT,31.3894,5.5768,2214,0,0,1.0000,102.61,447.44,87.50,54.81,151.00,503.00,106.00,58.00,0.0037,73.68,1,0,2.9304,ACCEPT,0,1584,1239,16536,3,135,2214,0,0,0,0
130,0,1,1,ACCEPT,31.5243,5.7300,2080,0,0,1.0000,102.61,447.44,87.50,54.81,151.00,501.00,104.00,60.00,0.0168,72.18,1,0,2.9457,ACCEPT,0,1462,1259,15062,3,135,2080,0,0,0,0
131,0,1,1,ACCEPT,32.1191,5.5222,1988,0,0,1.0000,102.61,447.44,87.50,54.81,151.50,501.50,103.00,59.00,0.0123,72.89,1,0,2.9710,ACCEPT,0,1401,1233,16207,3,135,1988,0,0,0,0
132,0,1,1,ACCEPT,31.6447,5.9863,2179,0,0,1.0000,102.61,447.44,87.50,54.81,152.00,499.50,102.00,59.00,0.0207,71.76,1,0,2.9722,ACCEPT,0,1571,1225,16009,3,135,2179,0,0,0,0
133,0,1,1,ACCEPT,32.1652,6.0872,2234,0,0,1.0000,102.61,447.44,87.50,54.81,153.00,498.50,102.00,59.00,0.0246,71.74,1,0,3.0042,ACCEPT,0,1586,1207,16045,3,135,2234,0,0,0,0
134,0,1,1,ACCEPT,32.4547,6.2822,2293,0,0,1.0000,102.61,447.44,87.50,54.81,153.00,497.50,102.00,57.00,0.0250,71.03,1,0,3.0140,ACCEPT,0,1619,1216,14932,3,135,2293,0,0,0,0
135,0,1,1,ACCEPT,33.0337,6.5175,2229,0,0,1.0000,102.61,447.44,87.50,54.81,155.00,497.00,104.00,60.00,0.0318,72.12,1,0,3.0337,ACCEPT,0,1611,1268,14180,3,135,2229,0,0,0,0
0,0,0,0,ZERO_RESPONSE,0.0000,0.0000,0,0,0,0.0000,292.50,369.00,51.00,52.00,292.50,369.00,51.00,52.00,1.0000,0.00,1,0,0.0000,NOT_RUN,0,0,2042,24421,4,212,0,0,0,0,0
1,0,1,1,ACCEPT,34.4855,6.1780,1909,1,-1,0.8051,294.09,367.38,53.04,54.08,294.50,365.00,51.00,46.00,0.8179,2.41,1,1,2.7923,ACCEPT,0,1314,1775,28760,4,212,1909,0,0,0,0
2,0,1,1,ACCEPT,23.4447,4.1216,1999,2,0,0.7904,297.41,367.38,53.04,54.08,296.00,367.00,56.00,54.00,0.9345,1.46,1,0,3.1673,ACCEPT,0,1699,1585,29140,4,212,1999,0,0,0,0
3,0,1,1,ACCEPT,17.1846,3.4943,1845,1,-1,0.8331,299.06,365.69,55.16,56.24,299.00,363.00,58.00,48.00,0.8175,2.69,1,1,2.5282,ACCEPT,0,1678,1247,32378,4,212,1845,0,0,0,0
4,0,1,1,ACCEPT,16.6119,3.7131,1812,1,-1,0.8493,300.78,363.94,55.16,56.24,302.00,362.50,60.00,49.00,0.8094,1.88,1,0,1.8650,LOW_CONF,0,1714,999,32767,4,212,1812,0,0,0,0
5,0,1,1,ACCEPT,11.2336,1.8208,1402,1,-1,0.8994,302.50,362.19,55.16,56.24,303.00,361.00,64.00,48.00,0.7508,1.29,1,0,1.6180,LOW_CONF,0,1887,1111,32569,4,212,1402,0,0,0,0
6,0,1,1,ACCEPT,7.5962,1.2011,1254,1,0,0.9107,304.22,362.19,57.37,58.49,305.50,360.00,67.00,48.00,0.7212,2.54,1,1,2.7680,ACCEPT,0,1815,892,32767,4,212,1254,0,0,0,0
7,0,1,1,ACCEPT,7.3645,1.2119,1035,1,-1,0.7739,306.02,360.36,57.37,58.49,308.50,358.50,69.00,51.00,0.7409,3.10,1,0,2.3764,ACCEPT,0,1622,829,32767,4,212,1035,0,0,0,0
8,0,1,1,ACCEPT,5.9508,1.2219,914,1,-1,0.9551,307.81,358.53,57.37,58.49,308.00,360.00,76.00,56.00,0.7253,1.48,1,0,1.5696,LOW_CONF,0,1814,741,32767,4,212,914,0,0,0,0
9,0,1,1,ACCEPT,6.0097,1.4162,997,0,-1,0.9408,307.81,356.70,57.37,58.49,310.50,359.00,79.00,56.00,0.6813,3.54,1,2,1.3640,LOW_CONF,0,2006,696,32767,4,212,997,0,0,0,0
10,0,1,1,ACCEPT,6.4506,1.5175,1129,1,0,0.9203,309.61,356.70,57.37,58.49,312.50,357.50,83.00,57.00,0.6779,3.00,1,-13,1.6325,MAX_STEP,0,2022,657,32249,4,212,1129,0,0,0,0
11,0,1,1,ACCEPT,7.0282,1.8027,1215,1,-1,0.7934,311.41,354.88,57.37,58.49,314.50,357.50,85.00,59.00,0.6250,4.06,1,2,1.8160,LOW_CONF,0,1924,613,30470,4,212,1215,0,0,0,0
12,0,1,1,ACCEPT,7.7720,1.8209,1220,2,0,0.7189,315.00,354.88,57.37,58.49,316.50,356.50,89.00,61.00,0.6118,2.21,1,-14,1.4504,MAX_STEP,0,1916,576,30481,4,212,1220,0,0,0,0
13,0,1,1,ACCEPT,8.3350,1.8246,1248,1,-1,0.9111,316.80,353.05,57.37,58.49,318.00,354.50,92.00,61.00,0.5947,1.89,1,4,2.1979,MAX_STEP,0,1816,505,30878,4,212,1248,0,0,0,0
14,0,1,1,ACCEPT,8.7919,2.0792,1181,1,0,0.9585,318.59,353.05,57.37,58.49,319.50,353.50,95.00,63.00,0.5607,1.01,1,4,2.0331,MAX_STEP,0,1641,510,29072,4,212,1181,0,0,0,0
15,0,1,1,ACCEPT,9.2855,1.9613,1167,1,0,0.9349,320.39,353.05,57.37,58.49,321.50,352.50,97.00,63.00,0.5491,1.24,1,3,1.5623,MAX_STEP,0,1587,495,29387,4,212,1167,0,0,0,0
16,0,1,1,ACCEPT,9.9357,1.7765,1121,1,-1,0.8136,322.19,351.22,57.37,58.49,323.00,352.50,100.00,65.00,0.5163,1.52,1,5,1.7914,MAX_STEP,0,1531,459,30206,4,212,1121,0,0,0,0
17,0,1,1,ACCEPT,10.0694,1.9733,1182,1,0,0.8731,323.98,351.22,57.37,58.49,324.50,351.50,101.00,65.00,0.5111,0.59,1,-11,1.5557,MAX_STEP,0,1634,453,28986,4,212,1182,0,0,0,0
18,0,1,1,ACCEPT,10.2806,1.9263,1150,1,0,0.9757,325.78,351.22,57.37,58.49,325.50,350.50,105.00,67.00,0.4770,0.77,1,4,1.4815,MAX_STEP,0,1681,460,30190,4,212,1150,0,0,0,0
19,0,1,1,ACCEPT,10.8687,2.0149,1350,0,0,1.0000,325.78,351.22,57.37,58.49,327.50,351.00,107.00,68.00,0.4612,1.73,1,-11,2.3027,MAX_STEP,0,1899,468,30976,4,212,1350,0,0,0,0
20,0,1,1,ACCEPT,11.6199,2.2468,1420,1,0,0.9655,327.58,351.22,57.37,58.49,328.50,351.00,109.00,70.00,0.4398,0.95,1,-12,2.3419,MAX_STEP,0,1947,504,32767,4,212,1420,0,0,0,0
21,0,1,1,ACCEPT,12.3193,2.3464,1680,0,0,1.0000,327.58,351.22,57.37,58.49,328.50,351.00,111.00,70.00,0.4319,0.95,1,-12,2.6235,MAX_STEP,0,2231,553,32767,4,212,1680,0,0,0,0
22,0,1,1,ACCEPT,13.1012,2.4208,2002,0,0,1.0000,327.58,351.22,57.37,58.49,329.00,351.00,112.00,70.00,0.4280,1.44,1,-13,2.3405,MAX_STEP,0,2487,556,29080,4,212,2002,0,0,0,0
23,0,1,1,ACCEPT,14.1505,2.6084,2058,0,0,1.0000,327.58,351.22,57.37,58.49,329.50,351.00,113.00,70.00,0.4242,1.93,1,-12,2.2848,MAX_STEP,0,2524,587,26487,4,212,2058,0,0,0,0
24,0,1,1,ACCEPT,15.0919,2.8144,2260,0,0,1.0000,327.58,351.22,57.37,58.49,329.50,351.50,113.00,69.00,0.4304,1.94,1,-12,2.4881,MAX_STEP,0,2813,622,24566,4,212,2260,0,0,0,0
25,0,1,1,ACCEPT,16.4985,2.8576,2889,0,0,1.0000,327.58,351.22,57.37,58.49,329.00,352.00,114.00,68.00,0.4329,1.62,1,-11,2.4666,MAX_STEP,0,3530,630,31041,4,212,2889,0,0,0,0
26,0,1,1,ACCEPT,17.2931,2.8885,3706,0,0,1.0000,327.58,351.22,57.37,58.49,328.00,353.00,114.00,66.00,0.4460,1.83,1,-11,2.2535,MAX_STEP,0,4472,629,32767,4,212,3706,0,0,0,0
27,0,1,1,ACCEPT,16.7599,2.4994,4039,-1,0,0.9678,325.78,351.22,57.37,58.49,327.50,353.50,111.00,63.00,0.4795,2.86,1,-10,1.5719,MAX_STEP,0,5125,685,31940,4,212,4039,0,0,0,0
28,0,1,1,ACCEPT,16.6840,2.5792,3727,0,1,0.9745,325.78,353.05,57.37,58.49,326.00,354.50,110.00,61.00,0.4975,1.47,1,-13,1.8303,MAX_STEP,0,4828,664,32482,4,212,3727,0,0,0,0
29,0,1,1,ACCEPT,16.0093,2.4053,4012,-1,0,0.8208,323.98,353.05,57.37,58.49,324.00,355.50,108.00,59.00,0.4970,2.45,1,-11,1.8790,MAX_STEP,0,5396,749,32678,4,212,4012,0,0,0,0
30,0,1,1,ACCEPT,14.3968,2.2388,3732,-2,1,0.8411,320.39,354.88,57.37,58.49,322.50,357.00,105.00,56.00,0.5207,2.99,1,-9,1.5624,MAX_STEP,0,4965,710,32767,4,212,3732,0,0,0,0
31,0,1,1,ACCEPT,14.2204,2.7456,3399,-1,0,0.9676,318.59,354.88,57.37,58.49,319.50,358.50,101.00,53.00,0.5229,3.74,1,-10,0.9259,MAX_STEP,0,4376,721,32767,4,212,3399,0,0,0,0
32,0,1,1,ACCEPT,13.0922,2.8220,3282,-2,1,0.6971,315.00,356.70,57.37,58.49,317.50,360.00,97.00,50.00,0.5374,4.14,1,-11,1.1799,MAX_STEP,0,4089,719,32767,4,212,3282,0,0,0,0
33,0,1,1,ACCEPT,11.6131,2.4979,3040,-2,1,0.7862,311.41,358.53,57.37,58.49,314.50,362.00,91.00,46.00,0.5383,4.65,1,-13,1.0945,MAX_STEP,0,3728,892,32767,4,212,3040,0,0,0,0
34,0,1,1,ACCEPT,8.7618,1.9976,2541,-2,1,0.8564,307.81,360.36,57.37,58.49,310.50,364.50,87.00,43.00,0.5328,4.94,1,-16,1.4471,AT_SEARCH_RAIL,0,3779,1008,32767,4,212,2541,0,0,0,0
35,0,1,1,ACCEPT,5.4890,1.2852,1636,0,-1,0.8845,307.81,358.53,57.37,58.49,314.50,362.00,65.00,32.00,0.4724,7.53,1,-10,1.5792,MAX_STEP,0,3884,1190,31848,4,212,1636,0,0,0,0
36,0,1,1,ACCEPT,5.4321,1.3069,1763,0,-1,0.8956,307.81,356.70,57.37,58.49,312.00,363.50,56.00,27.00,0.4108,7.98,1,4,1.4879,MAX_STEP,0,4713,1209,27860,4,212,1763,0,0,0,0
37,0,1,1,ACCEPT,7.3052,1.3576,2069,1,-1,0.9357,309.61,354.88,57.37,58.49,306.50,366.00,53.00,24.00,0.3700,11.55,1,0,3.5187,ACCEPT,0,4223,1259,22617,4,212,2069,0,0,0,0
38,0,1,1,ACCEPT,8.8319,1.5443,1935,-1,1,0.8558,307.81,356.70,57.37,58.49,300.50,368.50,47.00,21.00,0.2771,13.88,1,2,1.1785,LOW_CONF,0,4191,1194,20332,4,212,1935,0,0,0,0
39,0,1,1,ACCEPT,7.8279,1.6036,1424,0,0,1.0000,307.81,356.70,57.37,58.49,292.50,371.00,47.00,18.00,0.1876,20.95,1,0,2.4705,ACCEPT,0,3430,1273,18679,4,212,1424,0,0,0,0
40,0,1,1,ACCEPT,10.5534,2.1130,1851,0,-1,0.9492,307.81,354.88,57.37,58.49,285.50,374.50,45.00,17.00,0.1352,29.72,1,1,1.9218,LOW_CONF,0,3572,1349,17516,4,212,1851,0,0,0,0
41,0,1,1,ACCEPT,10.6558,2.0570,1732,0,0,1.0000,307.81,354.88,59.66,60.83,278.00,377.00,34.00,16.00,0.0698,37.13,1,1,2.0628,ACCEPT,0,3320,1338,18324,4,212,1732,0,0,0,0
42,0,1,1,ACCEPT,10.3166,1.7743,1769,0,0,1.0000,307.81,354.88,59.66,60.83,275.00,375.50,28.00,3.00,0.0090,38.76,1,0,2.2181,ACCEPT,0,3458,1450,17529,4,212,1769,0,0,0,0
43,0,1,1,ACCEPT,11.0072,1.7233,1949,0,-1,0.9918,307.81,352.97,62.05,63.27,269.50,378.00,17.00,2.00,0.0006,45.76,1,1,2.2549,ACCEPT,0,3386,1522,17627,4,212,1949,0,0,0,0
44,0,1,1,ACCEPT,11.2736,1.7449,2059,1,-1,0.9155,309.75,350.98,64.53,65.80,249.50,384.00,39.00,8.00,0.0000,68.70,1,1,2.2841,ACCEPT,0,3250,1505,17038,4,212,2059,0,0,0,0
45,0,1,1,ACCEPT,11.6362,1.9566,1849,0,0,1.0000,309.75,350.98,64.53,65.80,241.50,388.00,39.00,10.00,0.0000,77.64,1,0,2.3991,ACCEPT,0,2650,1447,17254,4,212,1849,0,0,0,0
46,0,1,1,ACCEPT,12.5735,2.0919,2048,0,0,1.0000,309.75,350.98,64.53,65.80,223.00,391.50,12.00,3.00,0.0000,95.74,1,0,2.5307,ACCEPT,0,2770,1493,16036,4,212,2048,0,0,0,0
47,0,1,1,ACCEPT,13.1114,2.1756,2069,0,0,1.0000,309.75,350.98,64.53,65.80,0.00,0.00,0.00,0.00,0.0000,468.12,1,0,2.6522,ACCEPT,0,2680,1512,15807,4,212,2069,0,0,0,0
48,0,1,1,ACCEPT,13.7553,2.1055,2156,0,-1,0.9907,309.75,348.92,67.11,68.43,0.00,0.00,0.00,0.00,0.0000,466.57,1,1,2.6043,ACCEPT,0,2701,1460,15913,4,212,2156,0,0,0,0
49,0,1,1,ACCEPT,13.7380,1.9891,2194,1,-1,0.9531,311.84,346.78,69.80,71.17,0.00,0.00,0.00,0.00,0.0000,466.37,1,1,2.5712,ACCEPT,0,2619,1557,14811,4,212,2194,0,0,0,0
50,0,1,1,ACCEPT,14.0164,2.0526,2067,0,0,1.0000,311.84,346.78,69.80,71.17,0.00,0.00,0.00,0.00,0.0000,466.37,1,0,2.6967,ACCEPT,0,2354,1601,13556,4,212,2067,0,0,0,0
51,0,1,1,ACCEPT,14.4408,2.2370,2058,0,0,1.0000,311.84,346.78,69.80,71.17,0.00,0.00,0.00,0.00,0.0000,466.37,1,0,2.7906,ACCEPT,0,2318,1581,14174,4,212,2058,0,0,0,0
52,0,1,1,ACCEPT,15.6373,2.5570,2222,0,0,1.0000,311.84,346.78,69.80,71.17,0.00,0.00,0.00,0.00,0.0000,466.37,1,0,2.8834,ACCEPT,0,2349,1558,14245,4,212,2222,0,0,0,0
53,0,1,1,ACCEPT,16.1302,2.1847,2283,0,-1,0.9996,311.84,344.56,69.80,71.17,0.00,0.00,0.00,0.00,0.0000,464.73,1,0,2.8357,ACCEPT,0,2336,1577,13641,4,212,2283,0,0,0,0
54,0,1,1,ACCEPT,17.3461,2.5807,2302,0,0,1.0000,311.84,344.56,69.80,71.17,0.00,0.00,0.00,0.00,0.0000,464.73,1,0,2.9165,ACCEPT,0,2243,1574,12854,4,212,2302,0,0,0,0
55,0,1,1,ACCEPT,18.3205,2.8568,2214,0,0,1.0000,311.84,344.56,69.80,71.17,0.00,0.00,0.00,0.00,0.0000,464.73,1,0,2.9852,ACCEPT,0,2066,1563,13226,4,212,2214,0,0,0,0
56,0,1,1,ACCEPT,19.2669,3.1610,2336,0,0,1.0000,311.84,344.56,69.80,71.17,140.50,429.50,9.00,9.00,0.0000,191.24,1,0,3.0662,ACCEPT,0,2076,1591,13206,4,212,2336,0,0,0,0
57,0,1,1,ACCEPT,20.1290,3.5036,2400,0,0,1.0000,311.84,344.56,69.80,71.17,138.00,431.00,16.00,12.00,0.0000,194.15,1,0,3.1217,ACCEPT,0,2059,1559,13832,4,212,2400,0,0,0,0
58,0,1,1,ACCEPT,21.0094,3.8926,2464,0,0,1.0000,311.84,344.56,69.80,71.17,135.50,432.50,23.00,15.00,0.0000,197.05,1,0,3.1579,ACCEPT,0,2041,1558,13928,4,212,2464,0,0,0,0
59,0,1,1,ACCEPT,21.8362,3.2967,2522,0,-1,0.9913,311.84,342.34,69.80,71.17,133.50,434.00,31.00,18.00,0.0000,200.52,1,0,3.0946,ACCEPT,0,2005,1562,14062,4,212,2522,0,0,0,0
60,0,1,1,ACCEPT,22.6636,3.8806,2437,0,1,0.9783,311.84,344.56,69.80,71.17,131.00,435.50,36.00,21.00,0.0000,202.42,1,0,3.2279,ACCEPT,0,1976,1532,13657,4,212,2437,0,0,0,0
61,0,1,1,ACCEPT,24.0810,4.0646,2455,0,-1,0.9495,311.84,342.34,69.80,71.17,129.50,437.50,43.00,21.00,0.0000,205.68,1,0,3.1808,ACCEPT,0,1811,1518,14873,4,212,2455,0,0,0,0
62,0,1,1,ACCEPT,24.4562,3.8879,2531,0,0,1.0000,311.84,342.34,69.80,71.17,127.00,440.00,48.00,24.00,0.0000,209.05,1,0,3.2327,ACCEPT,0,1978,1560,13734,4,212,2531,0,0,0,0
63,0,1,1,ACCEPT,25.6026,4.3989,2371,0,0,1.0000,311.84,342.34,69.80,71.17,125.50,440.50,53.00,27.00,0.0000,210.61,1,0,3.2730,ACCEPT,0,1758,1553,14087,4,212,2371,0,0,0,0
64,0,1,1,ACCEPT,26.3936,4.7154,2452,0,0,1.0000,311.84,342.34,69.80,71.17,122.50,443.00,57.00,28.00,0.0000,214.44,1,0,3.2985,ACCEPT,0,1819,1555,14392,4,212,2452,0,0,0,0
65,0,1,1,ACCEPT,27.4077,5.2903,2497,0,0,1.0000,311.84,342.34,69.80,71.17,122.00,445.50,62.00,27.00,0.0000,216.06,1,0,3.3188,ACCEPT,0,1814,1545,14689,4,212,2497,0,0,0,0
66,0,1,1,ACCEPT,28.1245,5.7264,2491,0,0,1.0000,311.84,342.34,69.80,71.17,120.00,447.50,66.00,29.00,0.0000,218.77,1,0,3.3453,ACCEPT,0,1785,1618,14577,4,212,2491,0,0,0,0
67,0,1,1,ACCEPT,28.7791,6.1488,2521,0,0,1.0000,311.84,342.34,69.80,71.17,117.00,450.00,68.00,30.00,0.0000,222.61,1,0,3.3587,ACCEPT,0,1750,1552,15627,4,212,2521,0,0,0,0
68,0,1,1,ACCEPT,29.6479,6.5473,2560,0,0,1.0000,311.84,342.34,69.80,71.17,117.00,451.50,74.00,33.00,0.0000,223.34,1,0,3.3618,ACCEPT,0,1776,1577,15655,4,212,2560,0,0,0,0
69,0,1,1,ACCEPT,30.2095,6.6458,2552,0,0,1.0000,311.84,342.34,69.80,71.17,115.00,452.50,78.00,35.00,0.0000,225.57,1,0,3.3797,ACCEPT,0,1721,1597,16295,4,212,2552,0,0,0,0
70,0,1,1,ACCEPT,30.4202,6.6982,2552,0,0,1.0000,311.84,342.34,69.80,71.17,114.00,453.50,80.00,37.00,0.0000,226.93,1,0,3.3840,ACCEPT,0,1758,1644,16399,4,212,2552,0,0,0,0
71,0,1,1,ACCEPT,30.9686,6.6432,2551,0,0,1.0000,311.84,342.34,69.80,71.17,111.50,455.00,83.00,40.00,0.0000,229.85,1,0,3.3891,ACCEPT,0,1707,1577,17366,4,212,2551,0,0,0,0
72,0,1,1,ACCEPT,31.5106,6.8814,2553,1,0,0.9926,314.03,342.34,69.80,71.17,110.50,456.00,87.00,44.00,0.0000,233.12,1,0,3.2598,ACCEPT,0,1657,1553,17836,4,212,2553,0,0,0,0
73,0,1,1,ACCEPT,32.8465,7.3833,2562,0,0,1.0000,314.03,342.34,69.80,71.17,110.00,456.50,88.00,47.00,0.0000,233.80,1,0,3.2672,ACCEPT,0,1568,1553,18640,4,212,2562,0,0,0,0
74,0,1,1,ACCEPT,33.4241,7.5427,2738,0,0,1.0000,314.03,342.34,69.80,71.17,109.00,458.50,90.00,49.00,0.0000,235.65,1,0,3.2805,ACCEPT,0,1639,1511,19436,4,212,2738,0,0,0,0
75,0,1,1,ACCEPT,34.0909,7.7662,2757,0,0,1.0000,314.03,342.34,69.80,71.17,108.00,459.00,92.00,52.00,0.0000,236.76,1,0,3.2882,ACCEPT,0,1644,1491,20018,4,212,2757,0,0,0,0
76,0,1,1,ACCEPT,34.4850,7.8200,2737,0,0,1.0000,314.03,342.34,69.80,71.17,107.50,460.00,95.00,54.00,0.0000,237.69,1,0,3.2873,ACCEPT,0,1634,1473,19467,4,212,2737,0,0,0,0
77,0,1,1,ACCEPT,34.5009,7.9067,2712,0,0,1.0000,314.03,342.34,69.80,71.17,102.50,461.50,91.00,57.00,0.0000,242.78,1,0,3.2899,ACCEPT,0,1617,1507,19101,4,212,2712,0,0,0,0
78,0,1,1,ACCEPT,34.7448,7.9618,2707,0,0,1.0000,314.03,342.34,69.80,71.17,101.50,462.00,89.00,60.00,0.0000,243.90,1,0,3.2988,ACCEPT,0,1629,1496,19373,4,212,2707,0,0,0,0
79,0,1,1,ACCEPT,35.0443,8.0272,2657,0,0,1.0000,314.03,342.34,69.80,71.17,100.00,463.50,90.00,63.00,0.0000,245.94,1,0,3.2934,ACCEPT,0,1599,1494,20284,4,212,2657,0,0,0,0
80,0,1,1,ACCEPT,35.5945,7.7801,2653,0,0,1.0000,314.03,342.34,69.80,71.17,97.50,464.50,87.00,65.00,0.0000,248.61,1,0,3.2825,ACCEPT,0,1619,1534,19738,4,212,2653,0,0,0,0
81,0,1,1,ACCEPT,35.1465,7.8540,2529,0,0,1.0000,314.03,342.34,69.80,71.17,100.00,462.50,94.00,73.00,0.0000,245.45,1,0,3.2894,ACCEPT,0,1530,1467,20415,4,212,2529,0,0,0,0
82,0,1,1,ACCEPT,35.4189,7.6460,2462,0,0,1.0000,314.03,342.34,69.80,71.17,99.00,465.00,94.00,74.00,0.0000,247.55,1,0,3.2830,ACCEPT,0,1506,1501,19574,4,212,2462,0,0,0,0
83,0,1,1,ACCEPT,34.6016,7.7134,2368,0,0,1.0000,314.03,342.34,69.80,71.17,98.00,464.50,94.00,77.00,0.0000,248.18,1,0,3.2838,ACCEPT,0,1475,1466,19902,4,212,2368,0,0,0,0
84,0,1,1,ACCEPT,34.2461,7.6622,2291,0,0,1.0000,314.03,342.34,69.80,71.17,97.00,466.00,94.00,80.00,0.0000,249.79,1,0,3.2641,ACCEPT,0,1435,1412,20668,4,212,2291,0,0,0,0
85,0,1,1,ACCEPT,34.1053,7.7351,2336,0,1,0.9897,314.03,344.56,69.80,71.17,97.00,467.50,92.00,81.00,0.0000,249.43,1,0,3.3379,ACCEPT,0,1496,1449,19933,4,212,2336,0,0,0,0
86,0,1,1,ACCEPT,33.6412,7.4877,2441,0,-1,0.9750,314.03,342.34,69.80,71.17,88.50,470.00,77.00,80.00,0.0000,259.15,1,0,3.2429,ACCEPT,0,1475,1471,22131,4,212,2441,0,0,0,0
87,0,1,1,ACCEPT,33.4214,6.9144,2503,0,1,0.9357,314.03,344.56,69.80,71.17,87.00,470.00,74.00,82.00,0.0000,259.38,1,0,3.3358,ACCEPT,0,1636,1397,21687,4,212,2503,0,0,0,0
88,0,1,1,ACCEPT,32.0281,7.1327,2418,0,0,1.0000,314.03,344.56,69.80,71.17,85.50,471.50,71.00,83.00,0.0000,261.42,1,0,3.3428,ACCEPT,0,1521,1450,24139,4,212,2418,0,0,0,0
89,0,1,1,ACCEPT,31.5016,6.8545,2639,0,0,1.0000,314.03,344.56,69.80,71.17,85.00,471.50,70.00,87.00,0.0000,261.86,1,0,3.3361,ACCEPT,0,1675,1417,23471,4,212,2639,0,0,0,0
90,0,1,1,ACCEPT,31.0015,6.2249,2546,0,0,1.0000,314.03,344.56,69.80,71.17,85.00,471.50,68.00,87.00,0.0000,261.86,1,0,3.3365,ACCEPT,0,1652,1388,23623,4,212,2546,0,0,0,0
91,0,1,1,ACCEPT,30.0064,6.0248,2434,0,0,1.0000,314.03,344.56,69.80,71.17,83.00,472.50,64.00,89.00,0.0000,264.09,1,0,3.3254,ACCEPT,0,1621,1403,23286,4,212,2434,0,0,0,0
92,0,1,1,ACCEPT,29.0189,5.9492,2344,0,0,1.0000,314.03,344.56,69.80,71.17,81.50,473.00,61.00,88.00,0.0000,265.64,1,0,3.3109,ACCEPT,0,1618,1400,21983,4,212,2344,0,0,0,0
93,0,1,1,ACCEPT,28.7489,5.7328,2253,0,0,1.0000,314.03,344.56,69.80,71.17,81.00,472.00,58.00,92.00,0.0000,265.60,1,0,3.3176,ACCEPT,0,1570,1394,21462,4,212,2253,0,0,0,0
94,0,1,1,ACCEPT,27.7540,5.7888,2165,0,0,1.0000,314.03,344.56,69.80,71.17,80.50,471.50,55.00,93.00,0.0000,265.80,1,0,3.3339,ACCEPT,0,1570,1388,21087,4,212,2165,0,0,0,0
95,0,1,1,ACCEPT,26.9602,6.0351,2064,0,0,1.0000,314.03,344.56,69.80,71.17,79.00,470.50,52.00,93.00,0.0000,266.65,1,0,3.3382,ACCEPT,0,1546,1419,20596,4,212,2064,0,0,0,0
96,0,1,1,ACCEPT,26.9907,6.0912,2004,0,0,1.0000,314.03,344.56,69.80,71.17,78.50,469.00,49.00,94.00,0.0000,266.38,1,0,3.3602,ACCEPT,0,1519,1431,20303,4,212,2004,0,0,0,0
97,0,1,1,ACCEPT,25.9668,5.5394,1900,0,0,1.0000,314.03,344.56,69.80,71.17,77.50,467.50,47.00,95.00,0.0000,266.57,1,0,3.3621,ACCEPT,0,1478,1421,20584,4,212,1900,0,0,0,0
98,0,1,1,ACCEPT,25.9504,5.3689,1863,0,0,1.0000,314.03,344.56,69.80,71.17,77.00,458.00,44.00,112.00,0.0000,262.78,1,0,3.3793,ACCEPT,0,1442,1469,19860,4,212,1863,0,0,0,0
99,0,1,1,ACCEPT,25.9869,5.3805,1824,0,0,1.0000,314.03,344.56,69.80,71.17,78.50,454.00,47.00,116.00,0.0000,259.71,1,0,3.3872,ACCEPT,0,1418,1454,20613,4,212,1824,0,0,0,0
100,0,1,1,ACCEPT,25.6184,4.9582,1780,0,0,1.0000,314.03,344.56,69.80,71.17,77.50,451.50,45.00,117.00,0.0000,259.58,1,0,3.3887,ACCEPT,0,1393,1446,20579,4,212,1780,0,0,0,0
101,0,1,1,ACCEPT,25.4597,4.8528,1747,0,0,1.0000,314.03,344.56,69.80,71.17,76.50,447.50,41.00,117.00,0.0000,258.88,1,0,3.3897,ACCEPT,0,1366,1454,22669,4,212,1747,0,0,0,0
102,0,1,1,ACCEPT,25.8643,4.5436,1772,0,0,1.0000,314.03,344.56,69.80,71.17,78.50,444.50,43.00,117.00,0.0000,255.86,1,0,3.3995,ACCEPT,0,1371,1468,22396,4,212,1772,0,0,0,0
103,0,1,1,ACCEPT,26.5300,4.7778,1763,0,0,1.0000,314.03,344.56,69.80,71.17,77.00,441.00,38.00,116.00,0.0000,255.90,1,0,3.3987,ACCEPT,0,1326,1483,23777,4,212,1763,0,0,0,0
104,0,1,1,ACCEPT,27.2064,5.0653,1783,0,0,1.0000,314.03,344.56,69.80,71.17,78.00,437.00,38.00,114.00,0.0000,253.49,1,0,3.3978,ACCEPT,0,1314,1500,24209,4,212,1783,0,0,0,0
105,0,1,1,ACCEPT,27.6735,5.1519,1798,0,0,1.0000,314.03,344.56,69.80,71.17,77.50,432.50,37.00,113.00,0.0000,252.35,1,0,3.3965,ACCEPT,0,1297,1496,25170,4,212,1798,0,0,0,0
106,0,1,1,ACCEPT,28.1436,5.2339,1790,0,0,1.0000,314.03,344.56,69.80,71.17,77.00,426.50,36.00,113.00,0.0000,250.79,1,0,3.4010,ACCEPT,0,1280,1568,24015,4,212,1790,0,0,0,0
107,0,1,1,ACCEPT,28.9650,5.3811,1765,0,0,1.0000,314.03,344.56,69.80,71.17,76.50,422.00,37.00,108.00,0.0000,249.84,1,0,3.4028,ACCEPT,0,1213,1479,25712,4,212,1765,0,0,0,0
108,0,1,1,ACCEPT,30.4041,5.8098,1772,0,0,1.0000,314.03,344.56,69.80,71.17,77.00,417.00,36.00,108.00,0.0000,247.85,1,0,3.4046,ACCEPT,0,1185,1547,25191,4,212,1772,0,0,0,0
109,0,1,1,ACCEPT,30.8172,5.5692,1771,0,0,1.0000,314.03,344.56,69.80,71.17,76.00,410.50,36.00,103.00,0.0000,247.00,1,0,3.4110,ACCEPT,0,1165,1514,26024,4,212,1771,0,0,0,0
110,0,1,1,ACCEPT,31.8015,6.0171,1763,0,0,1.0000,314.03,344.56,69.80,71.17,75.50,405.00,37.00,102.00,0.0000,246.07,1,0,3.4176,ACCEPT,0,1140,1514,26615,4,212,1763,0,0,0,0
111,0,1,1,ACCEPT,33.4880,6.1562,1773,0,0,1.0000,314.03,344.56,69.80,71.17,74.50,399.00,37.00,96.00,0.0000,245.64,1,0,3.4223,ACCEPT,0,1103,1545,25628,4,212,1773,0,0,0,0
112,0,1,1,ACCEPT,34.0922,5.9730,1768,0,0,1.0000,314.03,344.56,69.80,71.17,73.00,392.50,36.00,91.00,0.0000,245.75,1,0,3.4194,ACCEPT,0,1075,1532,24755,4,212,1768,0,0,0,0
113,0,1,1,ACCEPT,35.4815,6.3551,1754,0,0,1.0000,314.03,344.56,69.80,71.17,73.00,385.50,36.00,87.00,0.0000,244.48,1,0,3.4308,ACCEPT,0,1033,1540,24560,4,212,1754,0,0,0,0
114,0,1,1,ACCEPT,36.3234,6.5283,1730,0,0,1.0000,314.03,344.56,69.80,71.17,72.00,378.50,38.00,81.00,0.0000,244.40,1,0,3.4231,ACCEPT,0,1005,1552,24382,4,212,1730,0,0,0,0
115,0,1,1,ACCEPT,37.6215,6.9720,1743,0,0,1.0000,314.03,344.56,69.80,71.17,71.50,372.00,41.00,74.00,0.0000,244.08,1,0,3.4377,ACCEPT,0,976,1589,23303,4,212,1743,0,0,0,0
116,0,1,1,ACCEPT,38.2534,7.1399,1735,0,0,1.0000,314.03,344.56,69.80,71.17,70.50,365.00,43.00,66.00,0.0000,244.39,1,0,3.4342,ACCEPT,0,959,1554,23330,4,212,1735,0,0,0,0
117,0,1,1,ACCEPT,39.9832,7.6986,1686,0,0,1.0000,314.03,344.56,69.80,71.17,71.00,357.00,46.00,60.00,0.0000,243.35,1,0,3.4388,ACCEPT,0,915,1587,22116,4,212,1686,0,0,0,0
118,0,1,1,ACCEPT,41.2439,7.8065,1694,0,0,1.0000,314.03,344.56,69.80,71.17,71.00,349.50,48.00,51.00,0.0000,243.08,1,0,3.4394,ACCEPT,0,894,1596,21446,4,212,1694,0,0,0,0
119,0,1,1,ACCEPT,42.1503,7.7150,1651,0,0,1.0000,314.03,344.56,69.80,71.17,71.00,341.50,52.00,43.00,0.0000,243.05,1,0,3.4430,ACCEPT,0,852,1532,21640,4,212,1651,0,0,0,0
120,0,1,1,ACCEPT,43.4626,8.2804,1565,0,0,1.0000,314.03,344.56,69.80,71.17,72.00,334.50,54.00,35.00,0.0000,242.24,1,0,3.4391,ACCEPT,0,802,1582,18727,4,212,1565,0,0,0,0
121,0,1,1,ACCEPT,44.1398,7.8043,1436,0,0,1.0000,314.03,344.56,69.80,71.17,72.00,323.50,58.00,35.00,0.0000,242.95,1,0,3.4438,ACCEPT,0,727,1573,16725,4,212,1436,0,0,0,0
122,0,1,1,ACCEPT,44.8797,8.3677,1297,0,0,1.0000,314.03,344.56,69.80,71.17,72.50,311.00,61.00,38.00,0.0000,243.85,1,0,3.4461,ACCEPT,0,652,1508,16177,4,212,1297,0,0,0,0
123,0,1,1,ACCEPT,46.1339,9.2652,1223,0,0,1.0000,314.03,344.56,69.80,71.17,73.00,300.00,64.00,40.00,0.0000,245.12,1,0,3.4429,ACCEPT,0,608,1488,16865,4,212,1223,0,0,0,0
124,0,1,1,ACCEPT,46.6775,8.3800,1257,0,0,1.0000,314.03,344.56,69.80,71.17,76.00,288.50,66.00,41.00,0.0000,244.54,1,0,3.4407,ACCEPT,0,623,1528,16028,4,212,1257,0,0,0,0
125,0,1,1,ACCEPT,47.3735,8.7956,1205,0,0,1.0000,314.03,344.56,69.80,71.17,76.50,281.50,71.00,51.00,0.0000,245.76,1,0,3.4384,ACCEPT,0,593,1511,15060,4,212,1205,0,0,0,0
126,0,1,1,ACCEPT,47.7831,9.3950,1118,0,0,1.0000,314.03,344.56,69.80,71.17,79.00,274.50,76.00,61.00,0.0000,245.25,1,0,3.4446,ACCEPT,0,549,1524,14619,4,212,1118,0,0,0,0
127,0,1,1,ACCEPT,48.4896,9.6847,1075,0,0,1.0000,314.03,344.56,69.80,71.17,80.50,269.00,81.00,68.00,0.0000,245.45,1,0,3.4395,ACCEPT,0,525,1512,13858,4,212,1075,0,0,0,0
128,0,1,1,ACCEPT,48.4776,8.7265,1021,0,0,1.0000,314.03,344.56,69.80,71.17,81.50,262.00,85.00,76.00,0.0000,246.75,1,0,3.4410,ACCEPT,0,490,1514,12438,4,212,1021,0,0,0,0
129,0,1,1,ACCEPT,50.0061,9.0874,936,0,0,1.0000,314.03,344.56,69.80,71.17,85.00,257.50,90.00,83.00,0.0000,245.02,1,0,3.4423,ACCEPT,0,441,1486,12343,4,212,936,0,0,0,0
130,0,1,1,ACCEPT,50.4796,9.6277,905,0,0,1.0000,314.03,344.56,69.80,71.17,86.50,253.00,93.00,86.00,0.0000,245.26,1,0,3.4412,ACCEPT,0,421,1437,13125,4,212,905,0,0,0,0
131,0,1,1,ACCEPT,51.5468,9.6598,937,0,0,1.0000,314.03,344.56,69.80,71.17,89.00,249.00,94.00,90.00,0.0000,244.48,1,0,3.4360,ACCEPT,0,436,1472,12819,4,212,937,0,0,0,0
132,0,1,1,ACCEPT,51.5709,9.1176,930,0,0,1.0000,314.03,344.56,69.80,71.17,93.50,247.50,97.00,93.00,0.0000,240.95,1,0,3.4397,ACCEPT,0,426,1463,13569,4,212,930,0,0,0,0
133,0,1,1,ACCEPT,52.8027,9.4412,963,0,0,1.0000,314.03,344.56,69.80,71.17,97.00,246.50,98.00,93.00,0.0000,238.16,1,0,3.4374,ACCEPT,0,438,1522,13073,4,212,963,0,0,0,0
134,0,1,1,ACCEPT,51.3549,9.3267,942,0,0,1.0000,314.03,344.56,69.80,71.17,102.00,246.00,98.00,90.00,0.0000,233.82,1,0,3.4376,ACCEPT,0,423,1519,12265,4,212,942,0,0,0,0
135,0,1,1,ACCEPT,53.0510,10.2529,892,0,0,1.0000,314.03,344.56,69.80,71.17,108.50,247.50,99.00,87.00,0.0000,227.30,1,0,3.4361,ACCEPT,0,390,1491,12674,4,212,892,0,0,0,0
136,0,1,1,ACCEPT,52.9509,10.4432,919,0,0,1.0000,314.03,344.56,69.80,71.17,113.50,250.00,97.00,84.00,0.0000,221.71,1,0,3.4324,ACCEPT,0,397,1489,13174,4,212,919,0,0,0,0
137,0,1,1,ACCEPT,52.9833,9.6392,935,0,0,1.0000,314.03,344.56,69.80,71.17,121.00,253.50,92.00,77.00,0.0000,213.43,1,0,3.4295,ACCEPT,0,401,1505,12541,4,212,935,0,0,0,0
138,0,1,1,ACCEPT,53.7087,10.2809,915,0,0,1.0000,314.03,344.56,69.80,71.17,128.50,258.50,91.00,69.00,0.0000,204.52,1,0,3.4287,ACCEPT,0,386,1517,12284,4,212,915,0,0,0,0
139,0,1,1,ACCEPT,53.5060,9.7444,877,0,0,1.0000,314.03,344.56,69.80,71.17,137.50,263.50,83.00,59.00,0.0000,194.25,1,0,3.4247,ACCEPT,0,362,1502,11806,4,212,877,0,0,0,0
140,0,1,1,ACCEPT,53.6620,9.3721,806,0,0,1.0000,314.03,344.56,69.80,71.17,146.00,271.50,80.00,47.00,0.0000,183.23,1,0,3.4173,ACCEPT,0,331,1534,11543,4,212,806,0,0,0,0
141,0,1,1,ACCEPT,51.6561,9.1860,790,0,0,1.0000,314.03,344.56,69.80,71.17,154.00,279.00,70.00,40.00,0.0000,172.94,1,0,3.4131,ACCEPT,0,328,1531,10490,4,212,790,0,0,0,0
142,0,1,1,ACCEPT,52.5844,9.7534,712,0,0,1.0000,314.03,344.56,69.80,71.17,161.50,284.50,59.00,23.00,0.0000,163.93,1,0,3.4094,ACCEPT,0,288,1503,12098,4,212,712,0,0,0,0
143,0,1,1,ACCEPT,51.0307,9.4819,787,0,0,1.0000,314.03,344.56,69.80,71.17,168.50,292.50,47.00,13.00,0.0000,154.56,1,0,3.4038,ACCEPT,0,319,1533,10733,4,212,787,0,0,0,0
144,0,1,1,ACCEPT,49.9767,8.9000,712,0,0,1.0000,314.03,344.56,69.80,71.17,182.50,301.00,49.00,4.00,0.0000,138.56,1,0,3.3989,ACCEPT,0,287,1496,11492,4,212,712,0,0,0,0
145,0,1,1,ACCEPT,48.0968,9.0122,739,0,0,1.0000,314.03,344.56,69.80,71.17,196.00,309.50,48.00,13.00,0.0000,123.13,1,0,3.4004,ACCEPT,0,296,1524,11226,4,212,739,0,0,0,0
146,0,1,1,ACCEPT,47.4203,8.9620,708,0,0,1.0000,314.03,344.56,69.80,71.17,209.50,321.00,47.00,18.00,0.0000,107.15,1,0,3.3846,ACCEPT,0,294,1437,11548,4,212,708,0,0,0,0
147,0,1,1,ACCEPT,44.8898,9.0533,679,0,0,1.0000,314.03,344.56,69.80,71.17,223.50,330.00,47.00,26.00,0.0000,91.70,1,0,3.3792,ACCEPT,0,300,1488,9480,4,212,679,0,0,0,0
148,0,1,1,ACCEPT,41.2874,8.4615,550,0,0,1.0000,314.03,344.56,69.80,71.17,235.50,341.50,45.00,31.00,0.0000,78.59,1,0,3.3719,ACCEPT,0,251,1435,11628,4,212,550,0,0,0,0
149,0,1,1,ACCEPT,37.1788,4.6759,678,0,0,1.0000,314.03,344.56,69.80,71.17,247.00,364.50,48.00,45.00,0.0000,69.93,1,0,3.3643,ACCEPT,0,326,1427,13548,4,212,678,0,0,0,0
150,0,1,1,ACCEPT,41.2559,7.5636,832,0,0,1.0000,314.03,344.56,69.80,71.17,257.50,380.00,49.00,70.00,0.0121,66.72,1,0,3.3422,ACCEPT,0,395,1454,12252,4,212,832,0,0,0,0
151,0,1,1,ACCEPT,40.4895,7.4731,695,0,0,1.0000,314.03,344.56,69.80,71.17,265.50,398.50,51.00,85.00,0.0318,72.56,1,0,3.3369,ACCEPT,0,332,1458,12416,4,212,695,0,0,0,0
152,0,1,1,ACCEPT,38.4862,7.0421,669,0,0,1.0000,314.03,344.56,69.80,71.17,271.50,414.00,51.00,96.00,0.0263,81.43,1,0,3.3200,ACCEPT,0,329,1432,11557,4,212,669,0,0,0,0
153,0,1,1,ACCEPT,38.8853,7.4767,643,0,0,1.0000,314.03,344.56,69.80,71.17,275.50,428.00,53.00,104.00,0.0091,91.90,1,0,3.3149,ACCEPT,0,316,1402,11998,4,212,643,0,0,0,0
154,0,1,1,ACCEPT,39.0592,6.8889,682,0,0,1.0000,314.03,344.56,69.80,71.17,279.00,441.00,52.00,108.00,0.0000,102.60,1,0,3.2962,ACCEPT,0,338,1395,12220,4,212,682,0,0,0,0
155,0,1,1,ACCEPT,37.2760,6.1121,709,0,0,1.0000,314.03,344.56,69.80,71.17,281.50,451.50,47.00,107.00,0.0000,111.78,1,0,3.2872,ACCEPT,0,368,1457,12159,4,212,709,0,0,0,0
156,0,1,1,ACCEPT,35.2181,5.8952,731,0,0,1.0000,314.03,344.56,69.80,71.17,283.00,450.50,48.00,121.00,0.0000,110.39,1,0,3.2744,ACCEPT,0,383,1461,12599,4,212,731,0,0,0,0
157,0,1,1,ACCEPT,34.4795,6.5856,731,0,0,1.0000,314.03,344.56,69.80,71.17,282.00,458.00,44.00,114.00,0.0000,117.87,1,0,3.2475,ACCEPT,0,380,1407,11935,4,212,731,0,0,0,0
158,0,1,1,ACCEPT,33.0640,6.1905,650,0,0,1.0000,314.03,344.56,69.80,71.17,279.50,463.50,45.00,105.00,0.0000,123.85,1,0,3.2265,ACCEPT,0,353,1421,10050,4,212,650,0,0,0,0
159,0,1,1,ACCEPT,31.3573,5.3700,537,0,0,1.0000,314.03,344.56,69.80,71.17,278.00,469.00,46.00,94.00,0.0000,129.55,1,0,3.2194,ACCEPT,0,303,1358,11476,4,212,537,0,0,0,0
160,0,1,1,ACCEPT,30.2974,4.9828,578,0,0,1.0000,314.03,344.56,69.80,71.17,275.00,474.00,44.00,84.00,0.0000,135.19,1,0,3.2064,ACCEPT,0,339,1359,14847,4,212,578,0,0,0,0
161,0,1,1,ACCEPT,29.0337,5.2391,723,0,1,0.9723,314.03,346.78,69.80,71.17,271.00,478.50,44.00,75.00,0.0000,138.57,1,0,3.2024,ACCEPT,0,434,1280,18475,4,212,723,0,0,0,0
162,0,1,1,ACCEPT,27.9565,4.8525,888,0,0,1.0000,314.03,346.78,69.80,71.17,267.00,482.00,44.00,62.00,0.0000,143.16,1,0,3.1879,ACCEPT,0,577,1256,18586,4,212,888,0,0,0,0
163,0,1,1,ACCEPT,27.0164,4.5282,883,0,0,1.0000,314.03,346.78,69.80,71.17,262.00,487.00,44.00,54.00,0.0000,149.56,1,0,3.1557,ACCEPT,0,579,1306,17437,4,212,883,0,0,0,0
164,0,1,1,ACCEPT,25.1569,4.7029,823,-1,1,0.9927,311.84,349.00,69.80,71.17,256.50,489.50,43.00,45.00,0.0000,151.01,1,0,3.2638,ACCEPT,0,552,1266,17977,4,212,823,0,0,0,0
165,0,1,1,ACCEPT,26.3055,4.3756,897,0,0,1.0000,311.84,349.00,69.80,71.17,250.50,494.00,45.00,38.00,0.0000,157.44,1,0,3.2856,ACCEPT,0,570,1301,17597,4,212,897,0,0,0,0
166,0,1,1,ACCEPT,26.5784,4.5707,841,0,1,0.9608,311.84,351.22,69.80,71.17,244.00,496.00,46.00,32.00,0.0000,159.89,1,0,3.2777,ACCEPT,0,538,1307,17847,4,212,841,0,0,0,0
167,0,1,1,ACCEPT,26.4190,4.7337,871,0,0,1.0000,311.84,351.22,69.80,71.17,237.50,498.00,47.00,26.00,0.0000,164.53,1,0,3.2844,ACCEPT,0,554,1276,18489,4,212,871,0,0,0,0
168,0,1,1,ACCEPT,26.4693,4.6895,891,0,0,1.0000,311.84,351.22,69.80,71.17,233.00,501.50,52.00,25.00,0.0000,169.71,1,0,3.2708,ACCEPT,0,537,1227,18932,4,212,891,0,0,0,0
169,0,1,1,ACCEPT,28.2861,4.7366,881,0,1,0.9432,311.84,353.44,69.80,71.17,225.50,504.00,59.00,20.00,0.0000,173.56,1,0,3.2487,ACCEPT,0,510,1225,18394,4,212,881,0,0,0,0
170,0,1,1,ACCEPT,27.8296,4.8696,896,0,0,1.0000,311.84,353.44,69.80,71.17,221.50,506.50,61.00,17.00,0.0000,177.74,1,0,3.2480,ACCEPT,0,529,1242,18451,4,212,896,0,0,0,0
171,0,1,1,ACCEPT,29.0473,5.0535,945,0,1,0.9672,311.84,355.66,69.80,71.17,215.00,508.50,66.00,17.00,0.0000,180.94,1,0,3.2110,ACCEPT,0,531,1238,15625,4,212,945,0,0,0,0
172,0,1,1,ACCEPT,28.6581,5.0317,951,0,0,1.0000,311.84,355.66,69.80,71.17,211.00,511.50,70.00,15.00,0.0000,185.63,1,0,3.2232,ACCEPT,0,551,1240,15525,4,212,951,0,0,0,0
173,0,1,1,ACCEPT,29.3585,4.9394,978,0,0,1.0000,311.84,355.66,69.80,71.17,204.00,514.00,78.00,14.00,0.0000,191.58,1,0,3.2051,ACCEPT,0,540,1199,14214,4,212,978,0,0,0,0
174,0,1,1,ACCEPT,29.8182,4.9677,924,0,1,0.9740,311.84,357.88,69.80,71.17,197.50,514.00,83.00,14.00,0.0000,193.52,1,0,3.2064,ACCEPT,0,517,1236,12951,4,212,924,0,0,0,0
175,0,1,1,ACCEPT,30.7038,5.2235,935,0,0,1.0000,311.84,357.88,69.80,71.17,193.00,515.00,90.00,16.00,0.0000,197.01,1,0,3.2003,ACCEPT,0,505,1167,12970,4,212,935,0,0,0,0
176,0,1,1,ACCEPT,30.1278,5.0795,894,0,1,0.9978,311.84,360.09,69.80,71.17,188.00,516.50,92.00,17.00,0.0000,199.50,1,0,3.1901,ACCEPT,0,502,1150,12299,4,212,894,0,0,0,0
177,0,1,1,ACCEPT,30.9007,5.3373,886,0,0,1.0000,311.84,360.09,69.80,71.17,176.50,516.50,79.00,19.00,0.0000,206.84,1,0,3.1856,ACCEPT,0,488,1083,12567,4,212,886,0,0,0,0
178,0,1,1,ACCEPT,30.9495,5.2182,861,0,0,1.0000,311.84,360.09,69.80,71.17,170.50,516.50,85.00,19.00,0.0000,210.81,1,0,3.1359,ACCEPT,0,464,1076,11804,4,212,861,0,0,0,0
179,0,1,1,ACCEPT,33.0213,5.4808,855,0,1,0.9181,311.84,362.31,69.80,71.17,167.00,517.50,88.00,21.00,0.0000,212.28,1,0,3.1754,ACCEPT,0,415,1079,11168,4,212,855,0,0,0,0
180,0,1,1,ACCEPT,31.0309,4.9815,807,0,0,1.0000,311.84,362.31,69.80,71.17,163.00,518.00,92.00,22.00,0.0000,215.39,1,0,3.1319,ACCEPT,0,420,1061,10797,4,212,807,0,0,0,0
181,0,1,1,ACCEPT,32.8360,6.0507,835,0,1,0.9042,311.84,364.53,69.80,71.17,159.00,517.50,96.00,25.00,0.0000,216.24,1,0,3.1543,ACCEPT,0,424,1062,9933,4,212,835,0,0,0,0
182,0,1,1,ACCEPT,33.4201,6.6016,845,0,0,1.0000,311.84,364.53,69.80,71.17,157.50,517.50,97.00,25.00,0.0000,217.30,1,0,3.1090,ACCEPT,0,459,1119,10022,4,212,845,0,0,0,0
183,0,1,1,ACCEPT,33.9812,6.2391,861,0,0,1.0000,311.84,364.53,72.59,74.01,155.50,518.00,99.00,26.00,0.0000,219.08,1,1,3.0589,ACCEPT,0,448,1082,10336,4,212,861,0,0,0,0
184,0,1,1,ACCEPT,35.2485,6.8438,876,0,0,1.0000,311.84,364.53,72.59,74.01,153.00,517.50,98.00,27.00,0.0000,220.52,1,0,3.1442,ACCEPT,0,462,1114,11032,4,212,876,0,0,0,0
185,0,1,1,ACCEPT,35.1708,6.5725,861,0,1,0.9768,311.84,366.84,72.59,74.01,152.00,516.50,102.00,29.00,0.0000,218.97,1,0,3.1834,ACCEPT,0,448,1096,10466,4,212,861,0,0,0,0
186,0,1,1,ACCEPT,36.4588,7.2083,865,0,0,1.0000,311.84,366.84,72.59,74.01,151.00,516.00,104.00,30.00,0.0000,219.36,1,0,3.1363,ACCEPT,0,434,1091,11927,4,212,865,0,0,0,0
187,0,1,1,ACCEPT,37.6178,7.0923,922,0,1,0.9729,311.84,369.16,72.59,74.01,149.50,516.00,103.00,32.00,0.0000,218.90,1,0,3.1743,ACCEPT,0,469,1099,11674,4,212,922,0,0,0,0
188,0,1,1,ACCEPT,37.7176,7.9244,943,0,0,1.0000,311.84,369.16,72.59,74.01,148.00,515.00,106.00,32.00,0.0000,219.35,1,0,3.1287,ACCEPT,0,469,1055,12715,4,212,943,0,0,0,0
189,0,1,1,ACCEPT,41.0897,8.2927,1020,0,1,0.9529,311.84,371.47,72.59,74.01,148.50,513.50,107.00,35.00,0.0000,216.46,1,0,3.1588,ACCEPT,0,475,1046,14667,4,212,1020,0,0,0,0
190,0,1,1,ACCEPT,40.8534,8.0142,1130,0,0,1.0000,311.84,371.47,72.59,74.01,148.50,513.50,109.00,37.00,0.0000,216.46,1,0,3.1362,ACCEPT,0,563,1045,13903,4,212,1130,0,0,0,0
191,0,1,1,ACCEPT,40.1333,7.2517,1066,0,1,0.9981,311.84,373.78,72.59,74.01,146.50,514.00,105.00,38.00,0.0000,216.79,1,0,3.1448,ACCEPT,0,499,1021,14198,4,212,1066,0,0,0,0
192,0,1,1,ACCEPT,41.0030,7.2308,1128,-1,-1,0.9707,309.58,371.47,72.59,74.01,145.50,513.00,105.00,42.00,0.0000,216.69,1,0,3.1316,ACCEPT,0,547,1011,15269,4,212,1128,0,0,0,0
193,0,1,1,ACCEPT,44.3652,7.3354,1181,0,1,0.9009,309.58,373.78,72.59,74.01,146.50,512.00,107.00,42.00,0.0000,213.77,1,0,3.1660,ACCEPT,0,491,1078,13267,4,212,1181,0,0,0,0
194,0,1,1,ACCEPT,45.1097,6.9383,1124,0,0,1.0000,309.58,373.78,72.59,74.01,145.00,511.50,104.00,45.00,0.0000,214.60,1,0,3.1522,ACCEPT,0,464,1076,14223,4,212,1124,0,0,0,0
195,0,1,1,ACCEPT,45.0270,6.0314,1152,0,0,1.0000,309.58,373.78,72.59,74.01,145.50,512.00,107.00,48.00,0.0000,214.54,1,0,3.1426,ACCEPT,0,478,1047,14048,4,212,1152,0,0,0,0
196,0,1,1,ACCEPT,44.6219,7.1391,1078,0,0,1.0000,309.58,373.78,72.59,74.01,145.00,510.00,104.00,48.00,0.0000,213.64,1,0,3.1457,ACCEPT,0,448,1074,14144,4,212,1078,0,0,0,0
197,0,1,1,ACCEPT,44.3560,6.2299,1084,0,1,0.9723,309.58,376.09,72.59,74.01,146.50,510.00,105.00,50.00,0.0000,211.01,1,0,3.1864,ACCEPT,0,446,1079,14643,4,212,1084,0,0,0,0
198,0,1,1,ACCEPT,43.4797,6.4831,1154,0,0,1.0000,309.58,376.09,72.59,74.01,146.50,509.00,105.00,50.00,0.0000,210.38,1,0,3.1747,ACCEPT,0,496,1061,14834,4,212,1154,0,0,0,0
199,0,1,1,ACCEPT,43.3952,6.4213,1143,0,0,1.0000,309.58,376.09,72.59,74.01,147.00,508.50,104.00,51.00,0.0000,209.67,1,0,3.1643,ACCEPT,0,524,1118,14115,4,212,1143,0,0,0,0
200,0,1,1,ACCEPT,43.7736,6.6667,1120,0,0,1.0000,309.58,376.09,72.59,74.01,147.00,508.00,104.00,54.00,0.0000,209.36,1,0,3.1571,ACCEPT,0,483,1101,14813,4,212,1120,0,0,0,0
201,0,1,1,ACCEPT,42.1631,4.9824,1131,0,1,0.9929,309.58,378.41,72.59,74.01,147.50,507.00,103.00,54.00,0.0000,206.90,1,0,3.1908,ACCEPT,0,503,1143,13534,4,212,1131,0,0,0,0
202,0,1,1,ACCEPT,41.7286,4.9819,1101,0,0,1.0000,309.58,378.41,72.59,74.01,147.50,506.50,103.00,55.00,0.0000,206.58,1,0,3.1926,ACCEPT,0,518,1170,14410,4,212,1101,0,0,0,0
203,0,1,1,ACCEPT,41.3231,5.1747,1185,0,0,1.0000,309.58,378.41,72.59,74.01,147.50,504.50,103.00,57.00,0.0000,205.35,1,0,3.1935,ACCEPT,0,552,1138,12255,4,212,1185,0,0,0,0
204,0,1,1,ACCEPT,41.9148,5.2032,973,0,0,1.0000,309.58,378.41,72.59,74.01,150.50,503.00,109.00,58.00,0.0000,202.06,1,0,3.1910,ACCEPT,0,437,1117,12677,4,212,973,0,0,0,0
205,0,1,1,ACCEPT,40.2091,5.4407,963,0,0,1.0000,309.58,378.41,72.59,74.01,151.00,503.00,106.00,58.00,0.0000,201.67,1,0,3.1809,ACCEPT,0,471,1104,13385,4,212,963,0,0,0,0
206,0,1,1,ACCEPT,38.8907,5.7882,984,0,0,1.0000,309.58,378.41,72.59,74.01,151.00,503.00,106.00,58.00,0.0000,201.67,1,0,3.1714,ACCEPT,0,478,1074,11754,4,212,984,0,0,0,0
207,0,1,1,ACCEPT,38.2137,5.5519,855,0,0,1.0000,309.58,378.41,72.59,74.01,151.00,501.00,104.00,60.00,0.0000,200.44,1,0,3.1591,ACCEPT,0,423,1115,11039,4,212,855,0,0,0,0
208,0,1,1,ACCEPT,36.8123,5.9343,813,0,0,1.0000,309.58,378.41,72.59,74.01,151.50,501.50,103.00,59.00,0.0000,200.35,1,0,3.1509,ACCEPT,0,417,1099,10928,4,212,813,0,0,0,0
209,0,1,1,ACCEPT,35.7955,6.0938,780,0,0,1.0000,309.58,378.41,72.59,74.01,152.00,499.50,102.00,59.00,0.0000,198.73,1,0,3.1399,ACCEPT,0,419,1121,10022,4,212,780,0,0,0,0
210,0,1,1,ACCEPT,33.9491,5.2057,734,0,1,0.9973,309.58,380.72,72.59,74.01,153.00,498.50,102.00,59.00,0.0000,195.93,1,0,3.1697,ACCEPT,0,375,1117,10654,4,212,734,0,0,0,0
211,0,1,1,ACCEPT,33.5104,5.7755,849,0,-1,0.9682,309.58,378.41,72.59,74.01,153.00,497.50,102.00,57.00,0.0000,196.72,1,0,3.1234,ACCEPT,0,460,1103,10150,4,212,849,0,0,0,0
212,0,1,1,ACCEPT,33.4205,5.6692,754,0,1,0.9164,309.58,380.72,72.59,74.01,155.00,497.00,104.00,60.00,0.0000,193.43,1,0,3.1660,ACCEPT,0,410,1104,9181,4,212,754,0,0,0,0
