frame,occluded,evaluated,accept,reason,psr_bolme,psr_ratio,peak,dr_bin,dc_bin,resp00_over_peak,est_row,est_col,est_h,est_w,truth_row,truth_col,truth_h,truth_w,iou,centre_err,published,scale_idx,scale_conf,scale_reason,rails,accum_max,fch0_max,h_max,job,anchor,resp_max,rails_fch,rails_accum,rails_resp,rails_h
0,0,0,0,ZERO_RESPONSE,0.0000,0.0000,0,0,0,0.0000,273.50,308.00,41.00,46.00,273.50,308.00,41.00,46.00,1.0000,0.00,1,0,0.0000,NOT_RUN,0,0,3471,3467,0,0,0,0,0,0,0
1,0,1,1,ACCEPT,65.2198,7.8889,71,-1,-2,0.5070,272.86,306.56,41.00,46.00,272.00,303.00,52.00,52.00,0.6831,3.66,1,0,3.2810,ACCEPT,0,58,3519,3511,0,0,71,0,0,0,0
2,0,1,1,ACCEPT,42.4137,6.7273,74,3,1,0.4730,274.78,307.28,41.00,46.00,273.50,305.00,55.00,46.00,0.6832,2.62,1,0,3.2951,ACCEPT,0,79,3088,5662,0,0,74,0,0,0,0
3,0,1,1,ACCEPT,25.4781,4.2333,127,2,3,0.2598,276.06,309.44,41.00,46.00,275.50,306.50,55.00,49.00,0.6634,2.99,1,0,3.1941,ACCEPT,0,142,3273,6392,0,0,127,0,0,0,0
4,0,1,1,ACCEPT,27.5135,5.0000,170,0,-1,0.9647,276.06,308.72,41.00,46.00,273.00,305.50,54.00,47.00,0.6698,4.44,1,0,3.2068,ACCEPT,0,249,3407,7461,0,0,170,0,0,0,0
5,0,1,1,ACCEPT,33.3313,4.9815,269,5,-1,0.0706,279.27,308.00,41.00,46.00,275.00,305.00,54.00,44.00,0.6780,5.21,1,0,3.2374,ACCEPT,0,271,2860,9335,0,0,269,0,0,0,0
6,0,1,1,ACCEPT,31.8687,5.2500,273,1,0,0.9853,279.91,308.00,41.00,46.00,276.50,305.00,57.00,48.00,0.6402,4.54,1,0,3.2268,ACCEPT,0,331,3085,10084,0,0,273,0,0,0,0
7,0,1,1,ACCEPT,35.8057,5.6154,365,4,0,0.3534,282.47,308.00,41.00,46.00,279.50,304.00,55.00,46.00,0.6392,4.98,1,0,3.2686,ACCEPT,0,300,2965,9947,0,0,365,0,0,0,0
8,0,1,1,ACCEPT,33.2341,4.4304,350,3,-1,0.3657,284.39,307.28,41.00,46.00,282.00,304.00,56.00,48.00,0.6444,4.06,1,0,3.2326,ACCEPT,0,315,3168,12173,0,0,350,0,0,0,0
9,0,1,1,ACCEPT,29.4507,3.8962,413,2,-2,0.5617,285.67,305.84,41.00,46.00,285.00,303.50,52.00,47.00,0.7185,2.44,1,0,3.1504,ACCEPT,0,477,3258,12894,0,0,413,0,0,0,0
10,0,1,1,ACCEPT,23.0859,2.6207,304,3,-6,0.3059,287.59,301.53,41.00,46.00,286.00,301.50,52.00,49.00,0.7402,1.59,1,0,2.9356,ACCEPT,0,574,3306,8608,0,0,304,0,0,0,0
11,0,1,1,ACCEPT,23.4173,4.0000,380,-3,-1,0.4553,285.67,300.81,41.00,46.00,284.50,299.00,57.00,52.00,0.6363,2.16,1,0,3.2092,ACCEPT,0,511,2798,14361,0,0,380,0,0,0,0
12,0,1,1,ACCEPT,24.2716,3.7114,553,5,0,0.3526,288.88,300.81,41.00,46.00,286.00,298.00,52.00,52.00,0.6975,4.02,1,0,3.3396,ACCEPT,0,711,4294,8998,0,0,553,0,0,0,0
13,0,1,1,ACCEPT,36.8595,3.8722,515,3,-1,0.5961,290.80,300.09,41.00,46.00,286.00,298.00,48.00,46.00,0.7415,5.23,1,0,3.3172,ACCEPT,0,462,1172,10535,0,0,515,0,0,0,0
14,0,1,1,ACCEPT,43.9449,3.3277,589,1,1,0.8523,291.44,300.81,41.00,46.00,290.00,299.50,56.00,43.00,0.6966,1.95,1,0,3.2393,ACCEPT,0,470,1071,11379,0,0,589,0,0,0,0
15,0,1,1,ACCEPT,46.5072,5.7404,597,1,-2,0.6348,292.08,299.38,41.00,46.00,290.50,298.00,55.00,44.00,0.7105,2.09,1,0,3.2457,ACCEPT,0,553,1064,11483,0,0,597,0,0,0,0
16,0,1,1,ACCEPT,44.5372,4.4240,553,1,2,0.5841,292.72,300.81,41.00,46.00,291.00,298.50,54.00,43.00,0.6979,2.88,1,0,3.2270,ACCEPT,0,438,1220,11163,0,0,553,0,0,0,0
17,0,1,1,ACCEPT,45.6137,5.0541,561,0,0,1.0000,292.72,300.81,41.00,46.00,292.00,297.50,58.00,49.00,0.6212,3.39,1,0,3.2671,ACCEPT,0,457,1307,14582,0,0,561,0,0,0,0
18,0,1,1,ACCEPT,46.4539,5.7244,727,1,-2,0.7139,293.36,299.38,41.00,46.00,293.50,298.50,43.00,41.00,0.8542,0.89,1,0,3.2765,ACCEPT,0,661,1722,11392,0,0,727,0,0,0,0
19,0,1,1,ACCEPT,41.9805,5.6481,610,5,2,0.0410,296.56,300.81,41.00,46.00,296.00,298.00,54.00,44.00,0.6830,2.87,1,0,3.2086,ACCEPT,0,585,1629,12424,0,0,610,0,0,0,0
20,0,1,1,ACCEPT,41.8341,5.3281,682,-2,1,0.6100,295.28,301.53,41.00,46.00,294.50,299.50,53.00,47.00,0.7139,2.18,1,0,3.2708,ACCEPT,0,524,1630,13753,0,0,682,0,0,0,0
21,0,1,1,ACCEPT,42.1578,5.7099,748,-1,-1,0.8690,294.64,300.81,41.00,46.00,293.00,297.50,48.00,45.00,0.7467,3.70,1,0,3.2242,ACCEPT,0,614,1688,13630,0,0,748,0,0,0,0
22,0,1,1,ACCEPT,39.4823,5.8217,751,-1,0,0.8535,294.00,300.81,41.00,46.00,295.00,298.00,46.00,46.00,0.7936,2.98,1,0,3.2556,ACCEPT,0,620,1507,15187,0,0,751,0,0,0,0
23,0,1,1,ACCEPT,42.1290,6.2636,808,1,0,0.8515,294.64,300.81,41.00,46.00,291.00,298.00,56.00,52.00,0.6477,4.60,1,0,3.2573,ACCEPT,0,628,1489,14732,0,0,808,0,0,0,0
24,0,1,1,ACCEPT,35.2505,3.8092,579,0,0,1.0000,294.64,300.81,41.00,46.00,291.50,296.00,53.00,48.00,0.6406,5.75,1,0,3.1996,ACCEPT,0,686,1240,13092,0,0,579,0,0,0,0
25,0,1,1,ACCEPT,39.7453,4.5577,948,-4,-2,0.4135,292.08,299.38,41.00,46.00,291.00,298.00,50.00,42.00,0.7606,1.75,1,0,3.1047,ACCEPT,0,1247,2658,9467,0,0,948,0,0,0,0
26,0,1,1,ACCEPT,49.1569,4.9932,729,4,2,0.2497,294.64,300.81,41.00,46.00,292.50,296.50,57.00,47.00,0.6101,4.81,1,0,3.1397,ACCEPT,0,616,1416,9499,0,0,729,0,0,0,0
27,0,1,1,ACCEPT,52.9986,5.2348,602,0,-2,0.4950,294.64,299.38,41.00,46.00,292.50,296.50,57.00,51.00,0.6401,3.58,1,0,3.1592,ACCEPT,0,439,1423,11782,0,0,602,0,0,0,0
28,0,1,1,ACCEPT,50.9953,4.7683,782,2,0,0.8095,295.92,299.38,41.00,46.00,297.00,296.50,60.00,47.00,0.6131,3.07,1,0,3.1176,ACCEPT,0,586,1672,8468,0,0,782,0,0,0,0
29,0,1,1,ACCEPT,45.9924,4.2619,537,-1,1,0.6816,295.28,300.09,41.00,46.00,295.00,298.00,52.00,50.00,0.7228,2.11,1,0,3.0851,ACCEPT,0,521,1769,8855,0,0,537,0,0,0,0
30,0,1,1,ACCEPT,53.8580,5.0634,719,0,-3,0.3380,295.28,297.94,41.00,46.00,295.50,295.00,57.00,48.00,0.6417,2.95,1,0,3.0417,ACCEPT,0,506,1638,8887,0,0,719,0,0,0,0
31,0,1,1,ACCEPT,38.8988,3.5902,657,11,2,0.2374,302.33,299.38,41.00,46.00,301.50,296.00,59.00,48.00,0.6106,3.48,1,0,3.0504,ACCEPT,0,607,2053,6955,0,0,657,0,0,0,0
32,0,1,1,ACCEPT,45.8803,4.6519,628,0,-2,0.4283,302.33,297.94,41.00,46.00,299.50,293.50,55.00,47.00,0.6279,5.26,1,0,3.1321,ACCEPT,0,430,1532,9695,0,0,628,0,0,0,0
33,0,1,1,ACCEPT,42.8798,4.8519,786,-3,-2,0.3155,300.41,296.50,41.00,46.00,300.50,292.00,59.00,48.00,0.5856,4.50,1,0,3.1303,ACCEPT,0,592,1703,8550,0,0,786,0,0,0,0
34,0,1,1,ACCEPT,45.7529,4.4035,753,3,1,0.3533,302.33,297.22,41.00,46.00,301.00,294.00,56.00,52.00,0.6426,3.48,1,0,3.1067,ACCEPT,0,548,1584,9839,0,0,753,0,0,0,0
35,0,1,1,ACCEPT,46.9666,5.2446,729,-2,0,0.6722,301.05,297.22,41.00,46.00,298.00,293.00,52.00,50.00,0.6671,5.20,1,0,3.1005,ACCEPT,0,591,1487,9138,0,0,729,0,0,0,0
36,0,1,1,ACCEPT,40.5021,3.3632,639,2,1,0.6354,302.33,297.94,41.00,46.00,299.00,296.00,50.00,46.00,0.7592,3.85,1,0,3.1355,ACCEPT,0,524,1421,9929,0,0,639,0,0,0,0
37,0,1,1,ACCEPT,44.4476,3.0102,590,3,0,0.6220,304.25,297.94,41.00,46.00,301.00,294.50,50.00,47.00,0.7147,4.73,1,0,3.0874,ACCEPT,0,518,1401,10329,0,0,590,0,0,0,0
38,0,1,1,ACCEPT,43.5151,2.6275,649,-7,1,0.0385,299.77,298.66,41.00,46.00,297.50,295.00,53.00,48.00,0.6699,4.30,1,0,3.0866,ACCEPT,0,537,1406,10022,0,0,649,0,0,0,0
39,0,1,1,ACCEPT,53.3040,3.8885,1011,-1,-2,0.6706,299.12,297.22,42.64,47.84,300.50,295.00,53.00,46.00,0.7411,2.61,1,1,2.9965,ACCEPT,0,645,1826,8293,0,0,1011,0,0,0,0
40,0,1,1,ACCEPT,27.0647,2.1509,570,0,3,0.3474,299.12,299.47,42.64,47.84,299.00,297.00,44.00,44.00,0.8727,2.47,1,0,3.1822,ACCEPT,0,725,1628,7260,0,0,570,0,0,0,0
41,0,1,1,ACCEPT,40.7362,4.1022,562,-1,1,0.8060,298.46,300.22,42.64,47.84,298.50,297.00,59.00,48.00,0.6427,3.22,1,0,3.1841,ACCEPT,0,571,1708,11163,0,0,562,0,0,0,0
42,0,1,1,ACCEPT,47.4075,5.1389,740,-5,-2,0.1946,295.14,298.72,42.64,47.84,295.00,298.00,58.00,44.00,0.6908,0.73,1,0,3.2013,ACCEPT,0,685,1488,13386,0,0,740,0,0,0,0
43,0,1,1,ACCEPT,47.2484,5.1104,833,-2,0,0.8391,293.81,298.72,42.64,47.84,294.50,296.00,57.00,48.00,0.6766,2.80,1,0,3.2160,ACCEPT,0,749,1324,12753,0,0,833,0,0,0,0
44,0,1,1,ACCEPT,47.1490,5.5580,767,-4,-3,0.2920,291.16,296.47,42.64,47.84,293.00,293.50,58.00,49.00,0.6583,3.49,1,0,3.1912,ACCEPT,0,648,1456,12067,0,0,767,0,0,0,0
45,0,1,1,ACCEPT,50.4965,6.0159,758,3,3,0.3021,293.15,298.72,42.64,47.84,293.00,294.50,58.00,49.00,0.6288,4.22,1,0,3.1376,ACCEPT,0,664,1287,11968,0,0,758,0,0,0,0
46,0,1,1,ACCEPT,58.0077,5.5128,860,-4,-6,0.0116,290.49,294.22,42.64,47.84,291.50,291.50,59.00,49.00,0.6534,2.90,1,0,3.1637,ACCEPT,0,567,1256,12263,0,0,860,0,0,0,0
47,0,1,1,ACCEPT,58.9060,7.0143,982,1,1,0.9664,291.16,294.97,42.64,47.84,293.00,291.50,58.00,47.00,0.6481,3.93,1,0,3.1709,ACCEPT,0,651,1264,11336,0,0,982,0,0,0,0
48,0,1,1,ACCEPT,60.1636,6.7073,825,-1,-3,0.3152,290.49,292.72,42.64,47.84,290.00,289.00,56.00,48.00,0.6629,3.75,1,0,3.1934,ACCEPT,0,557,1181,11396,0,0,825,0,0,0,0
49,0,1,1,ACCEPT,61.7622,7.6909,846,3,0,0.5426,292.48,292.72,42.64,47.84,294.50,291.00,61.00,50.00,0.6540,2.65,1,0,3.2179,ACCEPT,0,523,1295,13512,0,0,846,0,0,0,0
50,0,1,1,ACCEPT,55.4038,4.7606,895,1,1,0.8883,293.15,293.47,42.64,47.84,292.00,292.00,58.00,48.00,0.6966,1.86,1,0,3.2377,ACCEPT,0,633,1070,12788,0,0,895,0,0,0,0
51,0,1,1,ACCEPT,59.7690,5.0071,701,-1,0,0.8616,292.48,293.47,42.64,47.84,291.50,291.00,57.00,50.00,0.6808,2.66,1,0,3.2344,ACCEPT,0,486,1426,14437,0,0,701,0,0,0,0
52,0,1,1,ACCEPT,23.4199,2.9924,784,-1,-1,0.8342,291.82,292.72,42.64,47.84,293.50,291.00,43.00,42.00,0.8158,2.40,1,0,3.1832,ACCEPT,0,1413,1948,6642,0,0,784,0,0,0,0
53,0,1,1,ACCEPT,46.8181,3.8000,855,1,-1,0.8421,292.48,291.97,42.64,47.84,296.00,290.00,56.00,48.00,0.7077,4.03,1,0,3.2728,ACCEPT,0,580,1267,13935,0,0,855,0,0,0,0
54,0,1,1,ACCEPT,49.1085,4.7937,1069,1,-1,0.8990,293.15,291.22,42.64,47.84,295.00,289.00,64.00,52.00,0.6101,2.89,1,0,3.2451,ACCEPT,0,926,1163,14812,0,0,1069,0,0,0,0
55,0,1,1,ACCEPT,47.8667,4.7189,1024,-1,0,0.9951,292.48,291.22,42.64,47.84,292.50,289.00,61.00,52.00,0.6400,2.22,1,0,3.2375,ACCEPT,0,760,1074,16249,0,0,1024,0,0,0,0
56,0,1,1,ACCEPT,51.5219,5.9314,1038,0,-1,0.9451,292.48,290.47,42.64,47.84,293.50,288.50,59.00,53.00,0.6523,2.22,1,0,3.2403,ACCEPT,0,755,1127,14851,0,0,1038,0,0,0,0
57,0,1,1,ACCEPT,50.2638,6.1364,945,1,-1,0.8434,293.15,289.72,42.64,47.84,294.00,286.50,56.00,51.00,0.6733,3.33,1,0,3.0450,ACCEPT,0,862,1264,13989,0,0,945,0,0,0,0
58,0,1,1,ACCEPT,46.6453,4.3102,1056,-1,-3,0.2093,292.48,287.47,42.64,47.84,293.50,285.50,59.00,51.00,0.6687,2.22,1,0,3.2253,ACCEPT,0,727,1124,14150,0,0,1056,0,0,0,0
59,0,1,1,ACCEPT,43.2036,3.8043,894,0,0,1.0000,292.48,287.47,42.64,47.84,293.50,285.00,61.00,50.00,0.6370,2.67,1,0,3.1910,ACCEPT,0,741,1055,15329,0,0,894,0,0,0,0
60,0,1,1,ACCEPT,44.1129,3.4612,893,0,0,1.0000,292.48,287.47,42.64,47.84,294.50,285.50,59.00,53.00,0.6523,2.82,1,0,3.1585,ACCEPT,0,733,1116,15952,0,0,893,0,0,0,0
61,0,1,1,ACCEPT,41.6022,3.5387,959,0,-2,0.7779,292.48,285.97,42.64,47.84,294.50,283.00,49.00,50.00,0.7743,3.59,1,0,3.1846,ACCEPT,0,828,1159,13989,0,0,959,0,0,0,0
62,0,1,1,ACCEPT,42.3052,5.1230,958,1,-7,0.0637,293.15,280.72,42.64,47.84,295.50,278.00,51.00,50.00,0.7520,3.59,1,0,2.9269,ACCEPT,0,1014,1570,10589,0,0,958,0,0,0,0
63,0,1,1,ACCEPT,39.0371,3.4163,878,-1,0,0.9066,292.48,280.72,42.64,47.84,293.50,276.00,55.00,52.00,0.6484,4.83,1,0,3.1714,ACCEPT,0,654,1175,13447,0,0,878,0,0,0,0
64,0,1,1,ACCEPT,47.9797,3.9194,972,1,-1,0.8333,293.15,279.97,42.64,47.84,295.00,276.50,64.00,53.00,0.5837,3.93,1,0,3.1664,ACCEPT,0,668,1127,15344,0,0,972,0,0,0,0
65,0,1,1,ACCEPT,45.2388,3.9368,996,0,-1,0.9518,293.15,279.22,42.64,47.84,300.50,277.50,57.00,49.00,0.6960,7.55,1,0,3.1470,ACCEPT,0,862,1228,12273,0,0,996,0,0,0,0
66,0,1,1,ACCEPT,41.2337,3.0582,841,1,-1,0.6908,293.81,278.47,42.64,47.84,298.00,275.00,66.00,54.00,0.5651,5.44,1,0,3.0726,ACCEPT,0,842,1220,12469,0,0,841,0,0,0,0
67,0,1,1,ACCEPT,38.9728,2.8852,1056,-2,-2,0.4716,292.48,276.97,42.64,47.84,294.50,273.00,59.00,60.00,0.5762,4.45,1,0,3.0907,ACCEPT,0,1080,1617,10270,0,0,1056,0,0,0,0
68,0,1,1,ACCEPT,23.0997,2.7510,685,-1,-9,0.1387,291.82,270.22,42.64,47.84,295.50,271.00,63.00,56.00,0.5782,3.76,1,0,2.7506,ACCEPT,0,1389,1957,5311,0,0,685,0,0,0,0
69,0,1,1,ACCEPT,39.4214,3.4930,744,0,0,1.0000,291.82,270.22,42.64,47.84,294.50,271.00,63.00,56.00,0.5782,2.79,1,0,3.1769,ACCEPT,0,687,1094,10480,0,0,744,0,0,0,0
70,0,1,1,ACCEPT,46.9191,3.5524,746,1,-1,0.8713,292.48,269.47,42.64,47.84,296.00,267.00,62.00,52.00,0.6244,4.30,1,0,3.1854,ACCEPT,0,602,1109,9616,0,0,746,0,0,0,0
71,0,1,1,ACCEPT,51.6950,4.0265,761,0,-1,0.8922,292.48,268.72,42.64,47.84,296.00,266.00,62.00,50.00,0.6215,4.44,1,0,3.1436,ACCEPT,0,554,1089,10238,0,0,761,0,0,0,0
72,0,1,1,ACCEPT,58.3010,5.2012,853,0,-3,0.2204,292.48,266.47,42.64,47.84,295.00,265.00,64.00,52.00,0.6129,2.91,1,0,3.1493,ACCEPT,0,590,1170,10013,0,0,853,0,0,0,0
73,0,1,1,ACCEPT,52.6942,4.4545,784,0,-1,0.9133,292.48,265.72,42.64,47.84,295.00,263.00,64.00,52.00,0.5999,3.70,1,0,3.1253,ACCEPT,0,593,1098,10974,0,0,784,0,0,0,0
74,0,1,1,ACCEPT,54.1362,4.1854,745,0,-2,0.7893,292.48,264.22,42.64,47.84,295.00,262.50,64.00,51.00,0.6220,3.05,1,0,3.1264,ACCEPT,0,563,1153,9861,0,0,745,0,0,0,0
75,0,1,1,ACCEPT,51.7010,4.3540,701,-2,-1,0.5934,291.16,263.47,42.64,47.84,289.00,261.50,64.00,51.00,0.6168,2.92,1,0,3.1651,ACCEPT,0,509,1117,11560,0,0,701,0,0,0,0
76,0,1,1,ACCEPT,58.3590,4.7062,833,2,1,0.7419,292.48,264.22,42.64,47.84,295.50,261.00,63.00,52.00,0.5990,4.41,1,0,3.0990,ACCEPT,0,620,1176,9583,0,0,833,0,0,0,0
77,0,1,1,ACCEPT,56.6851,4.4286,713,-1,0,0.8682,291.82,264.22,42.64,47.84,292.00,261.50,62.00,51.00,0.6202,2.72,1,0,3.1453,ACCEPT,0,498,1079,10599,0,0,713,0,0,0,0
78,0,1,1,ACCEPT,50.9751,4.2857,540,2,3,0.3315,293.15,266.47,42.64,47.84,295.50,264.00,63.00,52.00,0.6145,3.41,1,0,3.1850,ACCEPT,0,477,858,11833,0,0,540,0,0,0,0
79,0,1,1,ACCEPT,13.3800,1.0083,364,3,7,0.7170,295.14,271.72,42.64,47.84,299.00,268.50,50.00,45.00,0.7470,5.03,1,0,3.1184,ACCEPT,0,1293,1756,5120,0,0,364,0,0,0,0
80,0,1,1,ACCEPT,55.2445,5.4727,602,-1,-3,0.0947,294.48,269.47,42.64,47.84,296.00,266.50,62.00,53.00,0.6126,3.34,1,0,3.2637,ACCEPT,0,377,1489,8952,0,0,602,0,0,0,0
81,0,1,1,ACCEPT,50.7887,4.3464,665,0,1,0.9429,294.48,270.22,42.64,47.84,296.50,266.50,63.00,51.00,0.5898,4.23,1,0,3.1738,ACCEPT,0,470,1265,11049,0,0,665,0,0,0,0
82,0,1,1,ACCEPT,57.1027,5.1111,782,1,2,0.6215,295.14,271.72,42.64,47.84,296.50,267.50,63.00,51.00,0.5796,4.43,1,0,3.2137,ACCEPT,0,577,1270,11913,0,0,782,0,0,0,0
83,0,1,1,ACCEPT,63.5428,6.5079,820,-1,0,0.9341,294.48,271.72,42.64,47.84,294.00,269.50,62.00,51.00,0.6311,2.27,1,0,3.2453,ACCEPT,0,550,1090,13040,0,0,820,0,0,0,0
84,0,1,1,ACCEPT,63.9227,6.9683,878,2,1,0.5308,295.80,272.47,42.64,47.84,295.50,270.00,61.00,50.00,0.6370,2.49,1,0,3.2268,ACCEPT,0,615,1185,15817,0,0,878,0,0,0,0
85,0,1,1,ACCEPT,64.7737,6.4286,990,-1,1,0.7798,295.14,273.22,42.64,47.84,297.00,270.00,60.00,50.00,0.6304,3.72,1,0,3.2243,ACCEPT,0,728,1112,14417,0,0,990,0,0,0,0
86,0,1,1,ACCEPT,59.9012,6.3382,862,2,1,0.7239,296.47,273.97,42.64,47.84,295.00,272.00,64.00,52.00,0.6129,2.46,1,0,3.1899,ACCEPT,0,623,1117,14177,0,0,862,0,0,0,0
87,0,1,1,ACCEPT,71.0222,9.1327,1032,-2,-3,0.2384,295.14,271.72,42.64,47.84,298.00,270.00,62.00,50.00,0.6436,3.34,1,0,3.2098,ACCEPT,0,673,1122,14376,0,0,1032,0,0,0,0
88,0,1,1,ACCEPT,59.7990,7.6719,982,1,-1,0.7322,295.80,270.97,42.64,47.84,299.50,270.50,51.00,49.00,0.8163,3.72,1,0,3.2500,ACCEPT,0,647,1056,14081,0,0,982,0,0,0,0
89,0,1,1,ACCEPT,60.5429,7.1186,840,-1,-1,0.8786,295.14,270.22,42.64,47.84,297.00,268.00,58.00,52.00,0.6731,2.89,1,0,3.2567,ACCEPT,0,565,966,15317,0,0,840,0,0,0,0
90,0,1,1,ACCEPT,62.4682,6.8571,912,0,0,1.0000,295.14,270.22,42.64,47.84,297.50,268.00,57.00,52.00,0.6849,3.24,1,0,3.2593,ACCEPT,0,641,1010,17370,0,0,912,0,0,0,0
91,0,1,1,ACCEPT,60.9853,7.7344,990,0,-1,0.8556,295.14,269.47,42.64,47.84,297.00,267.50,56.00,49.00,0.7066,2.71,1,0,3.2714,ACCEPT,0,720,1093,15215,0,0,990,0,0,0,0
92,0,1,1,ACCEPT,59.3969,7.0615,918,1,0,0.9564,295.80,269.47,42.64,47.84,298.00,266.50,56.00,51.00,0.6794,3.69,1,0,3.2355,ACCEPT,0,614,1034,16691,0,0,918,0,0,0,0
93,0,1,1,ACCEPT,62.1832,8.2348,947,-2,-1,0.5523,294.48,268.72,42.64,47.84,295.00,267.00,62.00,52.00,0.6327,1.80,1,0,3.2226,ACCEPT,0,580,1018,19127,0,0,947,0,0,0,0
94,0,1,1,ACCEPT,63.7868,8.9714,1256,1,-2,0.4729,295.14,267.22,42.64,47.84,298.50,265.00,57.00,52.00,0.6849,4.03,1,0,3.2844,ACCEPT,0,978,1295,18403,0,0,1256,0,0,0,0
95,0,1,1,ACCEPT,30.8435,4.1897,729,-2,-1,0.6200,293.81,266.47,42.64,47.84,298.50,262.00,59.00,54.00,0.6103,6.48,1,0,3.2822,ACCEPT,0,1315,1331,8896,0,0,729,0,0,0,0
96,0,1,1,ACCEPT,57.5450,4.8634,783,-2,-3,0.2861,292.48,264.22,42.64,47.84,293.00,260.00,62.00,50.00,0.5894,4.25,1,0,3.2388,ACCEPT,0,553,1075,13536,0,0,783,0,0,0,0
97,0,1,1,ACCEPT,42.7868,2.9427,771,-1,-1,0.7406,291.82,263.47,42.64,47.84,292.00,260.00,46.00,48.00,0.8057,3.47,1,0,3.2611,ACCEPT,0,733,1123,11580,0,0,771,0,0,0,0
98,0,1,1,ACCEPT,28.2081,1.9843,504,-4,-1,0.3095,289.16,262.72,42.64,47.84,288.00,259.50,68.00,49.00,0.5596,3.42,1,0,3.2295,ACCEPT,0,775,1313,9873,0,0,504,0,0,0,0
99,0,1,1,ACCEPT,24.2663,2.2028,467,8,-5,0.0792,294.48,258.97,42.64,47.84,294.50,256.50,57.00,45.00,0.6863,2.47,1,0,3.3197,ACCEPT,0,702,1663,7833,0,0,467,0,0,0,0
100,0,1,1,ACCEPT,23.3774,2.1122,414,1,1,0.7923,295.14,259.72,42.64,47.84,293.50,258.50,55.00,47.00,0.7420,2.04,1,0,3.1919,ACCEPT,0,724,1846,7519,0,0,414,0,0,0,0
101,0,1,1,ACCEPT,9.6635,1.4286,210,-8,-11,0.0619,289.83,251.47,42.64,47.84,316.00,271.50,46.00,41.00,0.1271,32.96,1,0,2.7913,ACCEPT,0,956,2281,5988,0,0,210,0,0,0,0
102,0,1,0,LOW_PSR,6.9814,1.2174,56,7,7,0.1964,289.83,251.47,42.64,47.84,330.00,288.50,46.00,43.00,0.0087,54.64,0,0,0.0000,NOT_RUN,0,405,2353,0,0,0,56,0,0,0,0
103,0,1,1,ACCEPT,9.4600,1.3846,54,21,-57,0.2037,303.77,208.72,42.64,47.84,339.50,302.50,45.00,45.00,0.0000,100.36,1,-10,1.5387,MAX_STEP,0,341,2117,8832,0,0,54,0,0,0,0
104,0,1,1,ACCEPT,10.6601,1.4818,366,12,-19,0.0656,311.74,194.47,44.35,49.75,349.00,324.00,44.00,36.00,0.0000,134.78,1,1,2.7647,ACCEPT,0,1655,1517,18675,0,0,366,0,0,0,0
105,0,1,1,ACCEPT,7.4223,1.1067,166,19,-22,0.3795,324.95,177.28,44.35,49.75,358.50,350.50,43.00,43.00,0.0000,176.44,1,-4,1.4201,MAX_STEP,0,718,1279,22387,0,0,166,0,0,0,0
106,0,1,1,ACCEPT,8.3203,1.2165,236,-2,-30,0.0424,323.56,153.84,44.35,49.75,363.50,371.50,43.00,43.00,0.0000,221.29,1,0,3.0030,ACCEPT,0,1008,1913,13716,0,0,236,0,0,0,0
107,0,1,0,LOW_PSR,6.3168,1.1096,81,-43,-9,0.0988,323.56,153.84,44.35,49.75,361.50,378.00,51.00,46.00,0.0000,227.34,0,0,0.0000,NOT_RUN,0,445,728,0,0,0,81,0,0,0,0
108,0,1,0,LOW_PSR,5.7995,1.1111,70,-4,1,0.0714,323.56,153.84,44.35,49.75,357.00,378.50,48.00,41.00,0.0000,227.13,0,0,0.0000,NOT_RUN,0,430,577,0,0,0,70,0,0,0,0
109,0,1,0,LOW_PSR,6.9968,1.0833,104,13,-26,0.6154,323.56,153.84,44.35,49.75,356.00,381.00,46.00,40.00,0.0000,229.46,0,0,0.0000,NOT_RUN,0,465,675,0,0,0,104,0,0,0,0
110,0,1,0,LOW_PSR,6.4508,1.0417,75,-42,-2,0.0533,323.56,153.84,44.35,49.75,350.50,385.50,45.00,41.00,0.0000,233.22,0,0,0.0000,NOT_RUN,0,351,917,0,0,0,75,0,0,0,0
111,0,1,1,ACCEPT,10.4594,1.3580,110,5,-22,0.1545,327.04,136.66,46.12,51.74,341.50,388.50,51.00,45.00,0.0000,252.26,1,1,2.5254,ACCEPT,0,307,387,30951,0,0,110,0,0,0,0
112,0,1,1,ACCEPT,15.2404,1.5526,118,1,-24,0.3475,327.76,117.34,47.96,53.81,342.50,392.50,49.00,41.00,0.0000,275.55,1,1,3.0831,ACCEPT,0,265,588,32767,0,0,118,0,0,0,0
113,0,1,1,ACCEPT,13.2378,2.2812,73,-2,1,0.7123,326.26,118.19,47.96,53.81,343.50,394.00,49.00,42.00,0.0000,276.35,1,0,3.0862,ACCEPT,0,181,832,21030,0,0,73,0,0,0,0
114,0,1,0,NEGATIVE_PEAK,-6.8102,1.0303,-34,-9,-4,0.2941,326.26,118.19,47.96,53.81,341.00,389.50,48.00,43.00,0.0000,271.71,0,0,0.0000,NOT_RUN,0,138,506,0,0,0,34,0,0,0,0
115,0,1,1,ACCEPT,13.3206,1.6885,103,-14,-16,0.0485,315.76,104.69,49.88,55.97,342.50,386.50,49.00,41.00,0.0000,283.08,1,1,2.8158,ACCEPT,0,217,498,32767,0,0,103,0,0,0,0
116,0,1,1,ACCEPT,13.4118,2.0938,67,-1,-4,0.4776,314.98,101.19,53.95,60.53,344.00,387.00,50.00,42.00,0.0000,287.28,1,2,2.8757,ACCEPT,0,135,577,32767,0,0,67,0,0,0,0
117,0,1,1,ACCEPT,10.8329,1.7206,117,19,-3,0.2308,331.01,98.35,56.11,62.95,346.50,386.00,49.00,42.00,0.0000,288.07,1,1,2.6267,ACCEPT,0,292,687,31299,0,0,117,0,0,0,0
118,0,1,1,ACCEPT,10.7718,1.2609,145,27,-27,0.0069,354.63,71.77,56.11,62.95,346.50,382.00,49.00,42.00,0.0000,310.33,1,0,3.2258,ACCEPT,0,364,444,32767,0,0,145,0,0,0,0
119,0,1,1,ACCEPT,12.2611,1.5114,133,3,-26,0.0226,357.26,46.18,56.11,62.95,347.50,380.00,47.00,42.00,0.0000,333.96,1,0,2.8888,ACCEPT,0,398,514,32767,0,0,133,0,0,0,0
120,0,1,1,ACCEPT,16.7915,1.9223,198,4,-27,0.1717,360.76,19.60,56.11,62.95,349.50,380.50,53.00,41.00,0.0000,361.07,1,1,1.9071,LOW_CONF,0,328,571,32767,0,0,198,0,0,0,0
121,0,1,1,ACCEPT,15.9014,2.0825,202,-2,-34,0.0050,359.01,-13.87,56.11,62.95,350.50,378.50,51.00,43.00,0.0000,392.46,1,0,2.9435,ACCEPT,0,408,595,28751,0,0,202,0,0,0,0
122,0,1,0,LOW_PSR,6.3364,1.3600,68,-19,14,0.0147,359.01,-13.87,56.11,62.95,350.50,374.00,49.00,42.00,0.0000,387.96,0,0,0.0000,NOT_RUN,0,908,685,0,0,0,68,0,0,0,0
123,0,1,1,ACCEPT,12.7440,1.3191,248,5,-9,0.2056,363.38,-22.73,56.11,62.95,350.50,372.00,49.00,42.00,0.0000,394.94,1,0,3.0784,ACCEPT,0,1221,1223,9935,0,0,248,0,0,0,0
124,0,1,0,NEGATIVE_PEAK,-6.0058,1.2222,-11,17,5,0.1818,363.38,-22.73,56.11,62.95,346.00,368.00,46.00,40.00,0.0000,391.11,0,0,0.0000,NOT_RUN,0,127,3257,0,0,0,11,0,0,0,0
125,0,1,0,NEGATIVE_PEAK,-6.6655,1.0625,-17,2,9,0.4706,363.38,-22.73,56.11,62.95,342.50,357.50,47.00,41.00,0.0000,380.80,0,0,0.0000,NOT_RUN,0,160,3302,0,0,0,17,0,0,0,0
126,0,1,0,NEGATIVE_PEAK,-8.1426,1.1935,-37,-11,0,0.4865,363.38,-22.73,56.11,62.95,338.50,352.00,47.00,42.00,0.0000,375.55,0,0,0.0000,NOT_RUN,0,289,7338,0,0,0,37,0,0,0,0
127,0,1,1,ACCEPT,7.5012,1.1579,22,-11,3,0.8636,353.76,-19.77,58.36,65.47,342.50,353.00,49.00,42.00,0.0000,372.94,1,1,2.3278,ACCEPT,0,166,4901,1851,0,0,22,0,0,0,0
128,0,1,0,NEGATIVE_PEAK,-10.7799,1.5000,-15,17,-1,0.1333,353.76,-19.77,58.36,65.47,344.50,356.00,51.00,42.00,0.0000,375.89,0,0,0.0000,NOT_RUN,0,74,4285,0,0,0,15,0,0,0,0
129,0,1,0,NEGATIVE_PEAK,-10.2631,1.3333,-16,25,0,0.1875,353.76,-19.77,58.36,65.47,343.50,354.50,47.00,43.00,0.0000,374.41,0,0,0.0000,NOT_RUN,0,79,6724,0,0,0,16,0,0,0,0
130,0,1,0,NEGATIVE_PEAK,-8.1639,1.0588,-18,14,1,0.3333,353.76,-19.77,58.36,65.47,340.00,351.50,50.00,43.00,0.0000,371.53,0,0,0.0000,NOT_RUN,0,99,7435,0,0,0,18,0,0,0,0
131,0,1,1,ACCEPT,19.3979,1.5143,53,24,4,0.2075,375.70,-15.68,58.36,65.47,339.50,351.00,55.00,44.00,0.0000,368.46,1,0,2.4446,ACCEPT,0,115,6328,2616,0,0,53,0,0,0,0
132,0,1,1,ACCEPT,11.8400,1.2527,114,-5,-8,0.5965,371.12,-23.87,56.11,62.95,338.50,350.00,53.00,46.00,0.0000,375.29,1,-1,2.9031,ACCEPT,0,384,4292,4600,0,0,114,0,0,0,0
133,0,1,1,ACCEPT,16.5599,1.0484,65,1,4,0.6308,372.00,-19.93,56.11,62.95,338.00,351.00,42.00,42.00,0.0000,372.48,1,0,3.5542,ACCEPT,0,121,4571,2800,0,0,65,0,0,0,0
134,0,1,0,NEGATIVE_PEAK,-14.0233,1.0889,-49,15,0,0.7347,372.00,-19.93,56.11,62.95,334.50,348.00,51.00,48.00,0.0000,369.84,0,0,0.0000,NOT_RUN,0,105,2848,0,0,0,49,0,0,0,0
135,0,1,1,ACCEPT,7.3676,1.0625,17,11,3,0.7647,381.62,-16.98,53.95,60.53,327.00,346.50,60.00,47.00,0.0000,367.56,1,-1,2.4014,ACCEPT,0,163,1835,3454,0,0,17,0,0,0,0
136,0,1,1,ACCEPT,12.8474,1.5000,15,38,1,0.2667,413.69,-16.03,53.95,60.53,327.00,343.00,58.00,48.00,0.0000,369.35,1,0,2.4304,ACCEPT,0,64,3187,2200,0,0,15,0,0,0,0
137,0,1,0,NEGATIVE_PEAK,-16.5591,1.2500,-40,27,-1,0.1250,413.69,-16.03,53.95,60.53,329.00,341.50,60.00,45.00,0.0000,367.42,0,0,0.0000,NOT_RUN,0,88,6867,0,0,0,40,0,0,0,0
138,0,1,1,ACCEPT,10.5896,1.0526,20,19,-1,0.3000,429.72,-16.98,53.95,60.53,333.50,339.00,57.00,48.00,0.0000,368.75,1,-1,1.0827,LOW_CONF,0,83,4919,2152,0,0,20,0,0,0,0
139,0,1,1,ACCEPT,10.5548,1.3684,52,3,0,0.5769,432.25,-16.98,53.95,60.53,338.00,327.50,54.00,47.00,0.0000,357.14,1,0,2.7241,ACCEPT,0,159,5349,4440,0,0,52,0,0,0,0
140,0,1,0,NEGATIVE_PEAK,-11.1999,1.6792,-89,7,1,0.4607,432.25,-16.98,53.95,60.53,339.00,324.00,56.00,48.00,0.0000,353.50,0,0,0.0000,NOT_RUN,0,325,5591,0,0,0,89,0,0,0,0
141,0,1,0,NEGATIVE_PEAK,-7.9587,1.1887,-63,0,0,1.0000,432.25,-16.98,53.95,60.53,341.50,326.50,61.00,47.00,0.0000,355.26,0,0,0.0000,NOT_RUN,0,404,5128,0,0,0,64,0,0,0,0
142,0,1,1,ACCEPT,9.2488,1.0909,84,0,4,0.3690,432.25,-13.20,53.95,60.53,339.50,329.00,59.00,46.00,0.0000,354.54,1,-1,1.7012,LOW_CONF,0,360,4116,7224,0,0,84,0,0,0,0
143,0,1,0,NEGATIVE_PEAK,-10.9236,1.0930,-47,21,-2,0.1702,432.25,-13.20,53.95,60.53,340.50,326.50,53.00,47.00,0.0000,351.87,0,0,0.0000,NOT_RUN,0,146,3804,0,0,0,47,0,0,0,0
144,0,1,0,NEGATIVE_PEAK,-12.4000,1.5476,-130,13,-3,0.5000,432.25,-13.20,53.95,60.53,340.00,327.00,54.00,46.00,0.0000,352.48,0,0,0.0000,NOT_RUN,0,285,3835,0,0,0,130,0,0,0,0
145,0,1,1,ACCEPT,15.7855,1.7857,125,5,-5,0.5200,436.47,-17.92,53.95,60.53,333.50,330.00,53.00,44.00,0.0000,362.84,1,-16,1.1956,AT_SEARCH_RAIL,0,279,6971,3800,0,0,125,0,0,0,0
146,0,1,1,ACCEPT,10.0281,1.4783,68,-13,-2,0.1324,425.50,-19.81,53.95,60.53,328.50,330.00,53.00,46.00,0.0000,363.01,1,-13,1.2685,MAX_STEP,0,308,6224,3124,0,0,68,0,0,0,0
147,0,1,0,NEGATIVE_PEAK,-10.5403,1.1429,-56,-13,12,0.0536,425.50,-19.81,53.95,60.53,324.00,333.00,56.00,46.00,0.0000,367.12,0,0,0.0000,NOT_RUN,0,164,5654,0,0,0,56,0,0,0,0
148,0,1,0,NEGATIVE_PEAK,-6.9536,1.1111,-10,-10,3,0.7000,425.50,-19.81,53.95,60.53,323.50,332.50,51.00,43.00,0.0000,366.78,0,0,0.0000,NOT_RUN,0,49,2397,0,0,0,10,0,0,0,0
149,0,1,0,NEGATIVE_PEAK,-5.8509,1.0000,-7,0,0,1.0000,425.50,-19.81,53.95,60.53,313.50,332.00,47.00,48.00,0.0000,369.21,0,0,0.0000,NOT_RUN,0,60,1984,0,0,0,9,0,0,0,0
150,0,1,0,NEGATIVE_PEAK,-6.4286,1.0000,-7,45,0,0.5714,425.50,-19.81,53.95,60.53,314.50,335.00,57.00,52.00,0.0000,371.77,0,0,0.0000,NOT_RUN,0,59,2049,0,0,0,8,0,0,0,0
151,0,1,0,NEGATIVE_PEAK,-6.2574,1.1667,-7,47,-1,0.5714,425.50,-19.81,53.95,60.53,314.50,338.50,57.00,47.00,0.0000,375.11,0,0,0.0000,NOT_RUN,0,60,1839,0,0,0,8,0,0,0,0
152,0,1,0,NEGATIVE_PEAK,-7.5070,1.1250,-9,-23,0,0.4444,425.50,-19.81,53.95,60.53,314.00,338.50,60.00,49.00,0.0000,375.26,0,0,0.0000,NOT_RUN,0,50,1871,0,0,0,9,0,0,0,0
153,0,1,0,NEGATIVE_PEAK,-5.4749,1.0000,-6,47,0,0.8333,425.50,-19.81,53.95,60.53,312.50,338.50,57.00,51.00,0.0000,375.71,0,0,0.0000,NOT_RUN,0,47,1610,0,0,0,7,0,0,0,0
154,0,1,0,NEGATIVE_PEAK,-6.6186,1.1667,-7,46,-1,0.5714,425.50,-19.81,53.95,60.53,316.50,335.00,51.00,48.00,0.0000,371.18,0,0,0.0000,NOT_RUN,0,64,963,0,0,0,8,0,0,0,0
155,0,1,0,NEGATIVE_PEAK,-8.7738,1.2500,-15,33,6,0.1333,425.50,-19.81,53.95,60.53,311.00,334.00,50.00,50.00,0.0000,371.88,0,0,0.0000,NOT_RUN,0,110,1104,0,0,0,15,0,0,0,0
156,0,1,0,NEGATIVE_PEAK,-8.1168,1.1538,-15,33,7,0.2000,425.50,-19.81,53.95,60.53,310.00,342.50,64.00,55.00,0.0000,380.28,0,0,0.0000,NOT_RUN,0,120,876,0,0,0,15,0,0,0,0
157,0,1,0,NEGATIVE_PEAK,-13.7571,1.2812,-41,25,-3,0.0488,425.50,-19.81,53.95,60.53,307.50,341.50,57.00,57.00,0.0000,380.09,0,0,0.0000,NOT_RUN,0,174,582,0,0,0,41,0,0,0,0
158,0,1,0,NEGATIVE_PEAK,-13.1592,1.5000,-48,18,-1,0.2917,425.50,-19.81,53.95,60.53,304.50,341.50,55.00,49.00,0.0000,381.04,0,0,0.0000,NOT_RUN,0,244,802,0,0,0,48,0,0,0,0
159,0,1,0,NEGATIVE_PEAK,-12.7893,1.9677,-61,11,-3,0.1311,425.50,-19.81,53.95,60.53,304.50,342.50,47.00,47.00,0.0000,381.98,0,0,0.0000,NOT_RUN,0,319,628,0,0,0,61,0,0,0,0
160,0,1,0,NEGATIVE_PEAK,-9.2840,1.1795,-46,9,9,0.0217,425.50,-19.81,53.95,60.53,305.00,342.50,50.00,49.00,0.0000,381.83,0,0,0.0000,NOT_RUN,0,309,1108,0,0,0,46,0,0,0,0
161,0,1,0,NEGATIVE_PEAK,-9.5402,1.4516,-45,4,-3,0.4444,425.50,-19.81,53.95,60.53,300.00,348.50,48.00,49.00,0.0000,389.11,0,0,0.0000,NOT_RUN,0,265,716,0,0,0,45,0,0,0,0
162,0,1,0,NEGATIVE_PEAK,-11.2836,1.4595,-54,3,-2,0.7037,425.50,-19.81,53.95,60.53,298.00,347.00,54.00,56.00,0.0000,388.34,0,0,0.0000,NOT_RUN,0,266,731,0,0,0,54,0,0,0,0
163,0,1,0,NEGATIVE_PEAK,-9.6510,1.2941,-44,11,3,0.6818,425.50,-19.81,53.95,60.53,293.50,344.50,53.00,47.00,0.0000,387.49,0,0,0.0000,NOT_RUN,0,256,758,0,0,0,44,0,0,0,0
164,0,1,0,NEGATIVE_PEAK,-10.1298,1.2222,-44,-4,3,0.4545,425.50,-19.81,53.95,60.53,295.50,344.00,55.00,48.00,0.0000,386.34,0,0,0.0000,NOT_RUN,0,274,974,0,0,0,44,0,0,0,0
165,0,1,1,ACCEPT,7.5607,1.0000,30,16,7,0.1667,439.00,-13.20,51.88,58.20,296.00,344.50,56.00,49.00,0.0000,385.22,1,-1,2.0069,ACCEPT,0,293,870,8963,0,0,30,0,0,0,0
166,0,1,0,NEGATIVE_PEAK,-13.6953,1.1471,-39,-19,-4,0.1538,439.00,-13.20,51.88,58.20,294.00,345.50,54.00,49.00,0.0000,386.89,0,0,0.0000,NOT_RUN,0,113,962,0,0,0,39,0,0,0,0
167,0,1,0,NEGATIVE_PEAK,-11.4025,1.2632,-24,-29,-2,0.0833,439.00,-13.20,51.88,58.20,293.50,346.00,51.00,50.00,0.0000,387.55,0,0,0.0000,NOT_RUN,0,88,647,0,0,0,24,0,0,0,0
168,0,1,0,NEGATIVE_PEAK,-8.0803,1.0000,-13,0,-1,0.9231,439.00,-13.20,51.88,58.20,290.00,348.50,48.00,49.00,0.0000,391.18,0,0,0.0000,NOT_RUN,0,73,681,0,0,0,13,0,0,0,0
169,0,1,0,NEGATIVE_PEAK,-7.3419,1.0000,-11,-38,-1,0.7273,439.00,-13.20,51.88,58.20,288.50,350.50,55.00,49.00,0.0000,393.60,0,0,0.0000,NOT_RUN,0,71,520,0,0,0,11,0,0,0,0
170,0,1,0,NEGATIVE_PEAK,-7.6384,1.1000,-11,0,0,1.0000,439.00,-13.20,51.88,58.20,290.50,354.50,57.00,51.00,0.0000,396.55,0,0,0.0000,NOT_RUN,0,69,550,0,0,0,12,0,0,0,0
171,0,1,0,NEGATIVE_PEAK,-7.6368,1.0909,-12,-37,0,0.5000,439.00,-13.20,51.88,58.20,289.00,354.00,52.00,48.00,0.0000,396.65,0,0,0.0000,NOT_RUN,0,67,599,0,0,0,12,0,0,0,0
172,0,1,0,NEGATIVE_PEAK,-12.1672,1.4286,-20,-33,-2,0.2000,439.00,-13.20,51.88,58.20,293.50,353.50,55.00,47.00,0.0000,394.51,0,0,0.0000,NOT_RUN,0,60,497,0,0,0,20,0,0,0,0
173,0,1,0,NEGATIVE_PEAK,-8.6764,1.0000,-15,7,4,0.3333,439.00,-13.20,51.88,58.20,294.00,357.00,56.00,56.00,0.0000,397.58,0,0,0.0000,NOT_RUN,0,68,465,0,0,0,15,0,0,0,0
174,0,1,0,NEGATIVE_PEAK,-10.9025,1.2308,-16,-35,-3,0.5000,439.00,-13.20,51.88,58.20,293.50,357.50,55.00,55.00,0.0000,398.23,0,0,0.0000,NOT_RUN,0,63,416,0,0,0,16,0,0,0,0
175,0,1,0,NEGATIVE_PEAK,-9.1657,1.1667,-14,4,0,0.5000,439.00,-13.20,51.88,58.20,291.00,351.50,48.00,45.00,0.0000,393.58,0,0,0.0000,NOT_RUN,0,62,405,0,0,0,15,0,0,0,0
176,0,1,0,NEGATIVE_PEAK,-13.9838,1.7500,-21,-35,-1,0.1905,439.00,-13.20,51.88,58.20,286.50,351.00,39.00,44.00,0.0000,394.83,0,0,0.0000,NOT_RUN,0,63,382,0,0,0,21,0,0,0,0
177,0,1,0,NEGATIVE_PEAK,-11.5590,1.5000,-15,-5,1,0.8000,439.00,-13.20,51.88,58.20,286.50,351.00,43.00,46.00,0.0000,394.83,0,0,0.0000,NOT_RUN,0,56,1514,0,0,0,15,0,0,0,0
178,0,1,0,NEGATIVE_PEAK,-13.0746,1.2308,-16,-25,1,0.3750,439.00,-13.20,51.88,58.20,281.50,350.00,53.00,46.00,0.0000,395.88,0,0,0.0000,NOT_RUN,0,37,1985,0,0,0,16,0,0,0,0
179,0,1,1,ACCEPT,9.3779,1.1111,20,21,-6,0.1000,456.06,-18.63,51.88,58.20,277.00,356.00,48.00,48.00,0.0000,415.23,1,0,3.2032,ACCEPT,0,70,3261,3998,0,0,20,0,0,0,0
180,0,1,1,ACCEPT,12.9634,1.0943,116,-9,3,0.2414,448.75,-15.91,51.88,58.20,274.50,357.00,51.00,50.00,0.0000,411.62,1,0,3.3570,ACCEPT,0,355,12850,1791,0,0,116,0,0,0,0
181,0,1,0,NEGATIVE_PEAK,-12.1795,1.0508,-62,-20,-2,0.0323,448.75,-15.91,51.88,58.20,274.00,358.00,56.00,48.00,0.0000,412.73,0,0,0.0000,NOT_RUN,0,189,11615,0,0,0,62,0,0,0,0
182,0,1,1,ACCEPT,14.8599,1.7333,52,9,0,0.1923,456.06,-15.91,51.88,58.20,269.00,359.50,62.00,53.00,0.0000,419.44,1,0,2.1788,ACCEPT,0,127,12052,1083,0,0,52,0,0,0,0
183,0,1,1,ACCEPT,20.4305,1.7857,50,1,0,0.9600,456.88,-15.91,51.88,58.20,268.00,361.50,52.00,47.00,0.0000,422.04,1,0,2.7055,ACCEPT,0,88,14607,702,0,0,50,0,0,0,0
184,0,1,0,NEGATIVE_PEAK,-21.5282,1.9333,-58,19,12,0.2069,456.88,-15.91,51.88,58.20,267.00,364.00,50.00,44.00,0.0000,424.72,0,0,0.0000,NOT_RUN,0,115,12369,0,0,0,58,0,0,0,0
185,0,1,0,NEGATIVE_PEAK,-11.8483,1.5000,-27,29,10,0.3333,456.88,-15.91,51.88,58.20,268.00,366.00,56.00,46.00,0.0000,426.07,0,0,0.0000,NOT_RUN,0,72,9970,0,0,0,27,0,0,0,0
186,0,1,0,NEGATIVE_PEAK,-10.1835,1.3429,-47,29,11,0.2340,456.88,-15.91,51.88,58.20,269.50,370.00,47.00,44.00,0.0000,429.00,0,0,0.0000,NOT_RUN,0,203,6791,0,0,0,47,0,0,0,0
187,0,1,0,NEGATIVE_PEAK,-8.9265,1.0000,-40,3,16,0.2500,456.88,-15.91,51.88,58.20,269.50,369.00,51.00,48.00,0.0000,428.10,0,0,0.0000,NOT_RUN,0,259,6725,0,0,0,40,0,0,0,0
188,0,1,1,ACCEPT,12.6955,1.1702,55,9,0,0.2182,464.19,-15.91,51.88,58.20,263.00,370.00,38.00,50.00,0.0000,435.21,1,-14,1.2466,MAX_STEP,0,128,5048,3020,0,0,55,0,0,0,0
189,0,1,1,ACCEPT,13.0797,1.3488,58,1,0,0.9655,465.00,-15.91,51.88,58.20,270.00,371.00,52.00,44.00,0.0000,433.28,1,-16,1.4296,AT_SEARCH_RAIL,0,165,6645,2520,0,0,58,0,0,0,0
190,0,1,1,ACCEPT,13.4965,1.2830,68,-4,1,0.7794,461.75,-15.01,49.88,55.97,271.00,373.00,54.00,44.00,0.0000,432.36,1,-1,2.6868,ACCEPT,0,169,5977,3125,0,0,68,0,0,0,0
191,0,1,0,NEGATIVE_PEAK,-20.7920,2.6552,-77,3,1,0.5325,461.75,-15.01,49.88,55.97,267.00,371.50,56.00,47.00,0.0000,432.80,0,0,0.0000,NOT_RUN,0,120,5311,0,0,0,77,0,0,0,0
192,0,1,0,NEGATIVE_PEAK,-15.4776,1.3617,-64,3,1,0.5156,461.75,-15.01,49.88,55.97,266.00,374.00,56.00,44.00,0.0000,435.48,0,0,0.0000,NOT_RUN,0,143,3662,0,0,0,64,0,0,0,0
193,0,1,0,NEGATIVE_PEAK,-14.0169,1.2586,-73,2,1,0.5753,461.75,-15.01,49.88,55.97,267.50,376.00,55.00,52.00,0.0000,436.60,0,0,0.0000,NOT_RUN,0,188,4633,0,0,0,73,0,0,0,0
194,0,1,0,NEGATIVE_PEAK,-13.1326,1.6000,-40,13,9,0.1000,461.75,-15.01,49.88,55.97,267.00,379.00,58.00,50.00,0.0000,439.51,0,0,0.0000,NOT_RUN,0,111,5665,0,0,0,40,0,0,0,0
195,0,1,1,ACCEPT,10.2895,1.0556,76,23,-7,0.2500,479.72,-21.13,49.88,55.97,265.50,378.50,55.00,49.00,0.0000,453.43,1,12,1.9821,MAX_STEP,0,278,2809,3031,0,0,76,0,0,0,0
196,0,1,1,ACCEPT,16.3706,2.1579,41,-9,7,0.3659,472.69,-15.01,47.96,53.81,265.00,381.00,54.00,48.00,0.0000,447.16,1,-1,2.9719,ACCEPT,0,106,3004,2260,0,0,41,0,0,0,0
197,0,1,0,NEGATIVE_PEAK,-16.8904,1.1818,-52,15,1,0.1538,472.69,-15.01,47.96,53.81,268.50,380.50,51.00,45.00,0.0000,445.11,0,0,0.0000,NOT_RUN,0,163,4394,0,0,0,52,0,0,0,0
198,0,1,0,NEGATIVE_PEAK,-17.3472,1.4815,-40,17,1,0.1750,472.69,-15.01,47.96,53.81,266.50,385.50,51.00,55.00,0.0000,450.47,0,0,0.0000,NOT_RUN,0,120,3403,0,0,0,40,0,0,0,0
199,0,1,0,NEGATIVE_PEAK,-15.3516,1.2553,-59,15,2,0.1525,472.69,-15.01,47.96,53.81,267.50,382.00,55.00,48.00,0.0000,446.90,0,0,0.0000,NOT_RUN,0,210,1357,0,0,0,59,0,0,0,0
200,0,1,0,NEGATIVE_PEAK,-14.1543,1.3438,-43,17,2,0.2326,472.69,-15.01,47.96,53.81,265.00,385.50,50.00,43.00,0.0000,451.15,0,0,0.0000,NOT_RUN,0,174,726,0,0,0,43,0,0,0,0
201,0,1,0,NEGATIVE_PEAK,-12.5832,1.3667,-41,17,2,0.2927,472.69,-15.01,47.96,53.81,266.00,380.00,50.00,52.00,0.0000,445.81,0,0,0.0000,NOT_RUN,0,191,731,0,0,0,41,0,0,0,0
202,0,1,0,NEGATIVE_PEAK,-20.5125,1.9200,-48,5,1,0.2500,472.69,-15.01,47.96,53.81,265.00,381.50,54.00,45.00,0.0000,447.61,0,0,0.0000,NOT_RUN,0,113,1042,0,0,0,48,0,0,0,0
203,0,1,0,NEGATIVE_PEAK,-9.1177,1.0000,-17,5,2,0.1176,472.69,-15.01,47.96,53.81,261.00,381.50,50.00,47.00,0.0000,449.48,0,0,0.0000,NOT_RUN,0,124,3251,0,0,0,17,0,0,0,0
204,0,1,0,NEGATIVE_PEAK,-11.3823,1.2500,-30,18,2,0.2333,472.69,-15.01,47.96,53.81,262.50,383.00,57.00,44.00,0.0000,450.10,0,0,0.0000,NOT_RUN,0,104,2157,0,0,0,30,0,0,0,0
205,0,1,0,NEGATIVE_PEAK,-12.3731,1.4762,-31,18,2,0.0323,472.69,-15.01,47.96,53.81,259.00,383.50,50.00,47.00,0.0000,452.18,0,0,0.0000,NOT_RUN,0,105,1897,0,0,0,31,0,0,0,0
206,0,1,1,ACCEPT,11.0578,1.0000,35,7,1,0.2571,477.94,-14.16,47.96,53.81,259.00,383.50,48.00,43.00,0.0000,453.95,1,-10,2.0283,MAX_STEP,0,154,1429,8665,0,0,35,0,0,0,0
207,0,1,1,ACCEPT,10.0815,1.3846,54,1,0,0.7963,478.69,-14.16,47.96,53.81,262.00,384.50,50.00,41.00,0.0000,453.75,1,9,2.6585,MAX_STEP,0,272,817,11556,0,0,54,0,0,0,0
208,0,1,0,NEGATIVE_PEAK,-10.7959,1.1719,-75,2,-6,0.3867,478.69,-14.16,47.96,53.81,264.50,383.00,53.00,42.00,0.0000,451.24,0,0,0.0000,NOT_RUN,0,351,1152,0,0,0,75,0,0,0,0
209,0,1,1,ACCEPT,12.9737,1.3037,176,1,2,0.2898,479.44,-12.48,47.96,53.81,266.00,381.00,54.00,46.00,0.0000,447.64,1,0,1.3259,LOW_CONF,0,691,4887,2364,0,0,176,0,0,0,0
210,0,1,1,ACCEPT,17.5306,1.6519,261,10,-2,0.1226,486.94,-14.16,47.96,53.81,270.00,378.50,50.00,45.00,0.0000,448.61,1,0,2.8482,ACCEPT,0,642,5469,5396,0,0,261,0,0,0,0
211,0,1,1,ACCEPT,14.3186,1.1538,210,0,0,1.0000,486.94,-14.16,47.96,53.81,268.50,378.50,49.00,43.00,0.0000,449.33,1,0,2.5766,ACCEPT,0,524,5998,3773,0,0,210,0,0,0,0
212,0,1,1,ACCEPT,16.4667,1.4327,245,0,0,1.0000,486.94,-14.16,47.96,53.81,271.00,375.50,48.00,43.00,0.0000,445.50,1,0,2.6312,ACCEPT,0,855,3030,7696,0,0,245,0,0,0,0
213,0,1,1,ACCEPT,13.7444,1.3958,201,-2,0,0.8756,485.44,-14.16,46.12,51.74,272.00,372.00,52.00,42.00,0.0000,441.22,1,-1,2.6099,ACCEPT,0,757,2442,7719,0,0,201,0,0,0,0
214,0,1,1,ACCEPT,12.8411,1.2500,150,1,1,0.8533,486.16,-13.36,46.12,51.74,269.50,371.00,53.00,42.00,0.0000,441.22,1,-3,1.8204,MAX_STEP,0,627,1582,11113,0,0,150,0,0,0,0
215,0,1,1,ACCEPT,15.3419,1.5000,159,-1,0,0.9371,485.44,-13.36,46.12,51.74,266.00,372.00,48.00,38.00,0.0000,443.46,1,-3,1.5259,MAX_STEP,0,513,1715,10771,0,0,159,0,0,0,0
216,0,1,1,ACCEPT,16.6229,1.5926,172,1,-1,0.9767,486.16,-14.16,46.12,51.74,263.50,372.50,47.00,43.00,0.0000,446.19,1,-3,1.6220,MAX_STEP,0,447,2552,8548,0,0,172,0,0,0,0
217,0,1,1,ACCEPT,19.5044,1.8288,203,-1,1,0.7882,485.44,-13.36,46.12,51.74,263.00,371.00,50.00,44.00,0.0000,444.08,1,-3,1.5433,MAX_STEP,0,469,2184,8781,0,0,203,0,0,0,0
218,0,1,1,ACCEPT,21.6607,1.6852,273,1,0,0.8938,486.16,-13.36,46.12,51.74,266.00,368.00,54.00,44.00,0.0000,440.35,1,-4,1.4816,MAX_STEP,0,420,2427,8469,0,0,273,0,0,0,0
219,0,1,0,NEGATIVE_PEAK,-13.9058,1.3939,-92,-20,10,0.2391,486.16,-13.36,46.12,51.74,265.50,368.00,51.00,42.00,0.0000,440.60,0,0,0.0000,NOT_RUN,0,212,5599,0,0,0,92,0,0,0,0
220,0,1,1,ACCEPT,13.2735,1.3784,102,-10,1,0.4118,478.97,-12.55,46.12,51.74,266.50,364.00,49.00,38.00,0.0000,432.36,1,-3,1.7235,MAX_STEP,0,309,4279,2568,0,0,102,0,0,0,0
221,0,1,1,ACCEPT,10.8035,1.0165,123,-10,-1,0.6341,471.78,-13.36,46.12,51.74,267.00,360.00,52.00,42.00,0.0000,425.83,1,-14,1.0504,MAX_STEP,0,322,3828,4098,0,0,123,0,0,0,0
222,0,1,0,NEGATIVE_PEAK,-13.3923,1.1172,-143,-11,0,0.3147,471.78,-13.36,46.12,51.74,266.00,359.00,52.00,40.00,0.0000,425.44,0,0,0.0000,NOT_RUN,0,290,1530,0,0,0,143,0,0,0,0
223,0,1,0,NEGATIVE_PEAK,-10.5248,1.0140,-145,-14,0,0.6000,471.78,-13.36,46.12,51.74,263.00,355.50,52.00,43.00,0.0000,423.85,0,0,0.0000,NOT_RUN,0,463,1297,0,0,0,145,0,0,0,0
224,0,1,1,ACCEPT,13.9001,1.1533,173,-1,-2,0.6127,471.06,-14.97,46.12,51.74,264.00,356.00,50.00,40.00,0.0000,424.84,1,-10,1.2160,MAX_STEP,0,430,1192,6572,0,0,173,0,0,0,0
225,0,1,1,ACCEPT,12.1386,1.0703,137,1,0,0.9124,471.78,-14.97,47.96,53.81,263.50,354.50,55.00,41.00,0.0000,424.13,1,1,2.0459,ACCEPT,0,403,4056,4116,0,0,137,0,0,0,0
226,0,1,0,NEGATIVE_PEAK,-16.3131,1.1935,-148,-11,-2,0.6351,471.78,-14.97,47.96,53.81,262.50,353.50,57.00,39.00,0.0000,423.75,0,0,0.0000,NOT_RUN,0,306,3452,0,0,0,148,0,0,0,0
227,0,1,0,NEGATIVE_PEAK,-17.0224,1.7368,-198,11,2,0.4141,471.78,-14.97,47.96,53.81,262.00,354.50,56.00,39.00,0.0000,424.87,0,0,0.0000,NOT_RUN,0,453,7090,0,0,0,198,0,0,0,0
228,0,1,1,ACCEPT,19.4281,1.5063,119,1,1,0.6134,472.53,-14.12,47.96,53.81,259.50,354.00,55.00,40.00,0.0000,425.32,1,-2,1.7391,LOW_CONF,0,260,1992,4138,0,0,119,0,0,0,0
229,0,1,0,NEGATIVE_PEAK,-23.9022,2.1509,-114,9,-3,0.2018,472.53,-14.12,47.96,53.81,258.00,355.00,50.00,42.00,0.0000,426.94,0,0,0.0000,NOT_RUN,0,181,4507,0,0,0,114,0,0,0,0
230,0,1,0,NEGATIVE_PEAK,-24.6847,2.1042,-101,9,-3,0.1881,472.53,-14.12,47.96,53.81,253.00,356.50,52.00,41.00,0.0000,430.76,0,0,0.0000,NOT_RUN,0,150,2851,0,0,0,101,0,0,0,0
231,0,1,0,NEGATIVE_PEAK,-25.7686,2.1053,-120,9,-3,0.1833,472.53,-14.12,47.96,53.81,252.50,355.50,53.00,39.00,0.0000,430.16,0,0,0.0000,NOT_RUN,0,171,5179,0,0,0,120,0,0,0,0
232,0,1,0,NEGATIVE_PEAK,-24.3430,1.7333,-104,9,-3,0.5769,472.53,-14.12,47.96,53.81,254.00,358.00,56.00,42.00,0.0000,431.55,0,0,0.0000,NOT_RUN,0,157,2992,0,0,0,104,0,0,0,0
233,0,1,0,NEGATIVE_PEAK,-20.3824,1.7500,-63,-2,-2,0.5714,472.53,-14.12,47.96,53.81,250.50,358.00,53.00,38.00,0.0000,433.33,0,0,0.0000,NOT_RUN,0,113,8589,0,0,0,63,0,0,0,0
234,0,1,0,NEGATIVE_PEAK,-20.1381,1.7714,-62,-2,-2,0.5645,472.53,-14.12,47.96,53.81,247.00,358.00,50.00,40.00,0.0000,435.13,0,0,0.0000,NOT_RUN,0,110,7638,0,0,0,62,0,0,0,0
235,0,1,0,NEGATIVE_PEAK,-20.4171,1.8000,-63,-2,-2,0.5714,472.53,-14.12,47.96,53.81,250.00,357.50,58.00,41.00,0.0000,433.16,0,0,0.0000,NOT_RUN,0,111,7150,0,0,0,63,0,0,0,0
236,0,1,0,NEGATIVE_PEAK,-17.2932,1.7500,-42,-2,-2,0.6190,472.53,-14.12,47.96,53.81,249.50,357.50,55.00,43.00,0.0000,433.41,0,0,0.0000,NOT_RUN,0,110,7189,0,0,0,42,0,0,0,0
237,0,1,0,NEGATIVE_PEAK,-19.9037,1.8800,-47,-2,-3,0.0851,472.53,-14.12,47.96,53.81,247.50,358.50,53.00,45.00,0.0000,435.30,0,0,0.0000,NOT_RUN,0,86,429,0,0,0,47,0,0,0,0
238,0,1,0,NEGATIVE_PEAK,-20.0393,1.8571,-52,-3,-3,0.0577,472.53,-14.12,47.96,53.81,250.00,360.00,56.00,46.00,0.0000,435.30,0,0,0.0000,NOT_RUN,0,89,1671,0,0,0,52,0,0,0,0
239,0,1,0,NEGATIVE_PEAK,-19.0588,1.2593,-68,-1,-3,0.3088,472.53,-14.12,47.96,53.81,248.00,358.00,56.00,48.00,0.0000,434.62,0,0,0.0000,NOT_RUN,0,129,655,0,0,0,68,0,0,0,0
240,0,1,1,ACCEPT,19.2428,1.4062,90,9,3,0.0111,479.28,-11.59,47.96,53.81,246.50,360.50,49.00,39.00,0.0000,438.91,1,0,3.0934,ACCEPT,0,207,2503,6802,0,0,90,0,0,0,0
241,0,1,1,ACCEPT,13.5791,1.2658,100,-9,2,0.6600,472.53,-9.91,46.12,51.74,242.50,360.50,47.00,39.00,0.0000,436.02,1,-1,2.3409,ACCEPT,0,313,7559,699,0,0,100,0,0,0,0
242,0,1,0,NEGATIVE_PEAK,-14.7646,1.0000,-273,4,-5,0.2894,472.53,-9.91,46.12,51.74,243.50,362.50,55.00,43.00,0.0000,437.20,0,0,0.0000,NOT_RUN,0,597,791,0,0,0,273,0,0,0,0
243,0,1,0,NEGATIVE_PEAK,-17.7993,1.2152,-288,-2,-5,0.3576,472.53,-9.91,46.12,51.74,229.50,355.50,25.00,31.00,0.0000,438.85,0,0,0.0000,NOT_RUN,0,659,1443,0,0,0,288,0,0,0,0
244,0,1,0,NEGATIVE_PEAK,-16.9367,1.2473,-232,-13,-5,0.2414,472.53,-9.91,46.12,51.74,242.00,360.50,54.00,41.00,0.0000,436.29,0,0,0.0000,NOT_RUN,0,489,2617,0,0,0,232,0,0,0,0
245,0,1,0,NEGATIVE_PEAK,-12.5010,1.1557,-193,-2,-5,0.5699,472.53,-9.91,46.12,51.74,240.00,361.50,54.00,39.00,0.0000,438.19,0,0,0.0000,NOT_RUN,0,531,4996,0,0,0,193,0,0,0,0
246,0,1,0,NEGATIVE_PEAK,-13.6524,1.2484,-201,6,-5,0.3682,472.53,-9.91,46.12,51.74,237.50,362.50,53.00,37.00,0.0000,440.37,0,0,0.0000,NOT_RUN,0,530,4084,0,0,0,201,0,0,0,0
247,0,1,0,NEGATIVE_PEAK,-13.6703,1.1865,-229,-2,5,0.0437,472.53,-9.91,46.12,51.74,237.00,363.00,54.00,40.00,0.0000,441.06,0,0,0.0000,NOT_RUN,0,522,4515,0,0,0,229,0,0,0,0
248,0,1,1,ACCEPT,16.6426,1.8667,168,-2,-7,0.3929,471.09,-15.54,46.12,51.74,236.50,362.50,53.00,41.00,0.0000,444.91,1,7,1.6945,MAX_STEP,0,302,4817,4017,0,0,168,0,0,0,0
249,0,1,1,ACCEPT,13.2335,1.0110,92,0,6,0.1848,471.09,-10.71,46.12,51.74,235.50,362.50,57.00,41.00,0.0000,441.35,1,0,3.0361,ACCEPT,0,257,4376,3707,0,0,92,0,0,0,0
250,0,1,0,NEGATIVE_PEAK,-12.2492,1.2338,-95,-12,-5,0.6947,471.09,-10.71,46.12,51.74,235.00,361.50,52.00,39.00,0.0000,440.77,0,0,0.0000,NOT_RUN,0,230,4780,0,0,0,95,0,0,0,0
251,0,1,0,NEGATIVE_PEAK,-10.7990,1.0933,-82,4,-5,0.5122,471.09,-10.71,46.12,51.74,234.50,363.50,53.00,39.00,0.0000,442.73,0,0,0.0000,NOT_RUN,0,259,3002,0,0,0,82,0,0,0,0
252,0,1,0,NEGATIVE_PEAK,-14.7481,1.2022,-107,4,-4,0.3925,471.09,-10.71,46.12,51.74,234.50,363.50,51.00,39.00,0.0000,442.73,0,0,0.0000,NOT_RUN,0,211,1296,0,0,0,107,0,0,0,0
253,0,1,1,ACCEPT,13.8249,1.1087,102,19,7,0.4706,484.75,-5.08,46.12,51.74,238.00,366.00,58.00,42.00,0.0000,445.63,1,-1,1.6359,LOW_CONF,0,251,3664,5162,0,0,102,0,0,0,0
254,0,1,0,NEGATIVE_PEAK,-20.1963,1.3286,-93,1,-10,0.0538,484.75,-5.08,46.12,51.74,236.00,367.00,56.00,44.00,0.0000,447.57,0,0,0.0000,NOT_RUN,0,208,8274,0,0,0,93,0,0,0,0
255,0,1,0,NEGATIVE_PEAK,-12.7267,1.2034,-71,-3,0,0.6197,484.75,-5.08,46.12,51.74,237.00,365.00,58.00,40.00,0.0000,445.35,0,0,0.0000,NOT_RUN,0,205,7051,0,0,0,71,0,0,0,0
256,0,1,1,ACCEPT,14.0774,1.0400,52,-18,-4,0.1538,471.81,-8.30,46.12,51.74,237.50,362.50,55.00,55.00,0.0000,438.63,1,-1,1.5162,LOW_CONF,0,117,6025,1261,0,0,52,0,0,0,0
257,0,1,0,NEGATIVE_PEAK,-20.0283,1.3333,-64,10,-7,0.3750,471.81,-8.30,46.12,51.74,234.00,372.50,54.00,49.00,0.0000,448.96,0,0,0.0000,NOT_RUN,0,101,6534,0,0,0,64,0,0,0,0
258,0,1,0,NEGATIVE_PEAK,-15.8010,1.2800,-32,-3,-7,0.0312,471.81,-8.30,46.12,51.74,236.00,373.50,54.00,45.00,0.0000,448.75,0,0,0.0000,NOT_RUN,0,60,6375,0,0,0,32,0,0,0,0
259,0,1,1,ACCEPT,18.6210,1.2558,54,-1,-7,0.0000,471.09,-13.93,46.12,51.74,239.50,372.00,53.00,54.00,0.0000,450.09,1,-14,1.5144,MAX_STEP,0,101,6909,966,0,0,54,0,0,0,0
260,0,1,0,NEGATIVE_PEAK,-12.4185,1.1304,-52,-20,0,0.3846,471.09,-13.93,46.12,51.74,249.50,373.00,47.00,42.00,0.0000,445.89,0,0,0.0000,NOT_RUN,0,117,5139,0,0,0,52,0,0,0,0
261,0,1,1,ACCEPT,13.3638,1.1282,44,12,8,0.7045,479.72,-7.49,46.12,51.74,251.00,371.00,50.00,42.00,0.0000,442.23,1,-3,1.4522,MAX_STEP,0,98,4667,1003,0,0,44,0,0,0,0
262,0,1,1,ACCEPT,17.5224,1.2471,106,0,-1,0.7358,479.72,-8.30,46.12,51.74,253.00,368.00,46.00,44.00,0.0000,439.32,1,-2,1.2565,LOW_CONF,0,170,5823,2063,0,0,106,0,0,0,0
263,0,1,1,ACCEPT,11.8683,1.0602,88,0,-5,0.1591,479.72,-12.32,46.12,51.74,257.00,362.50,46.00,41.00,0.0000,436.00,1,1,1.6013,LOW_CONF,0,196,5871,1774,0,0,88,0,0,0,0
264,0,1,0,NEGATIVE_PEAK,-14.8072,1.1939,-117,-12,5,0.5299,479.72,-12.32,46.12,51.74,257.00,364.50,46.00,41.00,0.0000,437.72,0,0,0.0000,NOT_RUN,0,373,1178,0,0,0,117,0,0,0,0
265,0,1,1,ACCEPT,14.2576,1.1250,72,-13,8,0.0972,470.38,-5.88,47.96,53.81,255.50,365.00,43.00,40.00,0.0000,428.63,1,1,3.1751,ACCEPT,0,163,7453,1345,0,0,72,0,0,0,0
266,0,1,1,ACCEPT,14.5173,1.0807,174,13,-4,0.1839,480.12,-9.26,47.96,53.81,257.50,364.50,45.00,41.00,0.0000,435.04,1,-10,1.6128,MAX_STEP,0,336,4399,3211,0,0,174,0,0,0,0
267,0,1,1,ACCEPT,20.1757,1.5673,326,-11,3,0.0828,471.88,-6.73,47.96,53.81,259.00,365.00,46.00,36.00,0.0000,428.36,1,2,1.4141,LOW_CONF,0,649,11253,2330,0,0,326,0,0,0,0
268,0,1,1,ACCEPT,18.2520,1.3924,110,-11,-8,0.0091,463.62,-13.48,46.12,51.74,258.50,366.00,53.00,42.00,0.0000,431.37,1,-1,2.7402,ACCEPT,0,223,11978,1882,0,0,110,0,0,0,0
269,0,1,1,ACCEPT,22.6007,1.5833,171,10,-4,0.0819,470.81,-16.70,47.96,53.81,259.50,366.50,55.00,47.00,0.0000,437.60,1,1,2.5383,ACCEPT,0,231,12480,2228,0,0,171,0,0,0,0
270,0,1,0,NEGATIVE_PEAK,-20.6764,1.3659,-56,13,14,0.0000,470.81,-16.70,47.96,53.81,254.00,363.50,46.00,41.00,0.0000,437.67,0,0,0.0000,NOT_RUN,0,90,11564,0,0,0,56,0,0,0,0
271,0,1,0,NEGATIVE_PEAK,-21.2552,1.6923,-66,-31,4,0.1212,470.81,-16.70,47.96,53.81,257.00,367.00,46.00,50.00,0.0000,439.25,0,0,0.0000,NOT_RUN,0,138,15686,0,0,0,66,0,0,0,0
272,0,1,0,NEGATIVE_PEAK,-17.4474,1.7838,-66,1,4,0.1515,470.81,-16.70,47.96,53.81,260.00,368.50,42.00,45.00,0.0000,439.11,0,0,0.0000,NOT_RUN,0,189,15384,0,0,0,66,0,0,0,0
273,0,1,0,NEGATIVE_PEAK,-14.8124,1.2373,-73,-2,5,0.0137,470.81,-16.70,47.96,53.81,261.50,367.50,43.00,39.00,0.0000,437.51,0,0,0.0000,NOT_RUN,0,141,8707,0,0,0,73,0,0,0,0
274,0,1,0,NEGATIVE_PEAK,-15.4058,1.3462,-70,-4,4,0.3571,470.81,-16.70,47.96,53.81,258.50,367.50,37.00,35.00,0.0000,438.96,0,0,0.0000,NOT_RUN,0,171,8915,0,0,0,70,0,0,0,0
275,0,1,0,NEGATIVE_PEAK,-14.3396,1.1207,-65,11,4,0.1692,470.81,-16.70,47.96,53.81,258.00,369.00,38.00,40.00,0.0000,440.51,0,0,0.0000,NOT_RUN,0,223,4219,0,0,0,65,0,0,0,0
276,0,1,1,ACCEPT,29.5955,1.4103,110,-10,4,0.1364,463.31,-13.32,46.12,51.74,257.00,369.50,52.00,39.00,0.0000,434.87,1,-1,2.1296,ACCEPT,0,116,3620,1659,0,0,110,0,0,0,0
277,0,1,1,ACCEPT,21.8892,1.0566,112,0,-1,0.9107,463.31,-14.12,44.35,49.75,255.50,370.00,55.00,40.00,0.0000,436.74,1,-1,2.1017,ACCEPT,0,142,3310,2949,0,0,112,0,0,0,0
278,0,1,0,NEGATIVE_PEAK,-14.1418,1.1143,-39,22,12,0.2821,463.31,-14.12,44.35,49.75,254.50,367.00,53.00,44.00,0.0000,434.58,0,0,0.0000,NOT_RUN,0,72,14551,0,0,0,39,0,0,0,0
279,0,1,0,NEGATIVE_PEAK,-14.6774,1.2188,-39,19,2,0.1282,463.31,-14.12,44.35,49.75,254.50,368.50,45.00,37.00,0.0000,435.90,0,0,0.0000,NOT_RUN,0,66,12163,0,0,0,39,0,0,0,0
280,0,1,0,NEGATIVE_PEAK,-16.0330,1.0179,-57,21,2,0.3158,463.31,-14.12,44.35,49.75,253.00,370.00,44.00,42.00,0.0000,437.93,0,0,0.0000,NOT_RUN,0,74,14385,0,0,0,57,0,0,0,0
281,0,1,1,ACCEPT,10.9829,1.0000,42,5,2,0.3095,466.79,-12.56,44.35,49.75,251.00,373.00,46.00,44.00,0.0000,441.84,1,14,1.4293,MAX_STEP,0,110,11335,773,0,0,42,0,0,0,0
282,0,1,0,NEGATIVE_PEAK,-20.3951,1.0833,-39,19,1,0.0000,466.79,-12.56,44.35,49.75,252.00,376.00,38.00,40.00,0.0000,443.98,0,0,0.0000,NOT_RUN,0,62,6933,0,0,0,39,0,0,0,0
283,0,1,1,ACCEPT,17.1617,1.0435,24,23,11,0.0417,482.78,-3.97,44.35,49.75,257.50,373.00,45.00,42.00,0.0000,439.15,1,-8,1.5444,MAX_STEP,0,60,4368,1359,0,0,24,0,0,0,0
284,0,1,1,ACCEPT,19.5293,1.1538,30,0,3,0.3667,482.78,-1.62,42.64,47.84,256.50,373.00,45.00,40.00,0.0000,437.66,1,-1,2.4138,ACCEPT,0,66,2027,5124,0,0,30,0,0,0,0
285,0,1,0,NEGATIVE_PEAK,-17.5968,1.2143,-34,-6,-13,0.2353,482.78,-1.62,42.64,47.84,254.50,375.00,51.00,40.00,0.0000,440.41,0,0,0.0000,NOT_RUN,0,41,1415,0,0,0,34,0,0,0,0
286,0,1,0,NEGATIVE_PEAK,-19.3763,1.4783,-34,-11,-2,0.3824,482.78,-1.62,42.64,47.84,255.00,376.00,50.00,40.00,0.0000,441.00,0,0,0.0000,NOT_RUN,0,50,875,0,0,0,34,0,0,0,0
287,0,1,0,NEGATIVE_PEAK,-12.6942,1.1765,-20,-20,-12,0.1000,482.78,-1.62,42.64,47.84,259.00,378.50,40.00,37.00,0.0000,441.10,0,0,0.0000,NOT_RUN,0,44,894,0,0,0,20,0,0,0,0
288,0,1,0,NEGATIVE_PEAK,-11.6575,1.0000,-18,-17,6,0.1667,482.78,-1.62,42.64,47.84,262.00,378.00,46.00,40.00,0.0000,439.16,0,0,0.0000,NOT_RUN,0,69,794,0,0,0,18,0,0,0,0
289,0,1,1,ACCEPT,15.1013,1.4615,19,-11,9,0.3158,475.48,5.12,41.00,46.00,257.50,379.50,49.00,45.00,0.0000,433.21,1,-1,2.7960,ACCEPT,0,46,1220,5455,0,0,19,0,0,0,0
290,0,1,1,ACCEPT,13.9133,1.0357,29,1,1,0.8621,476.12,5.84,39.42,44.23,261.00,378.50,44.00,43.00,0.0000,430.29,1,-1,3.3039,ACCEPT,0,58,1038,5288,0,0,29,0,0,0,0
291,0,1,0,NEGATIVE_PEAK,-16.6577,1.7368,-33,-10,-11,0.1515,476.12,5.84,39.42,44.23,260.00,379.50,44.00,45.00,0.0000,431.65,0,0,0.0000,NOT_RUN,0,64,1448,0,0,0,33,0,0,0,0
292,0,1,0,NEGATIVE_PEAK,-16.5581,1.1212,-37,-10,-11,0.0270,476.12,5.84,39.42,44.23,259.00,384.00,42.00,50.00,0.0000,436.05,0,0,0.0000,NOT_RUN,0,52,1053,0,0,0,37,0,0,0,0
293,0,1,0,NEGATIVE_PEAK,-28.7905,2.4762,-52,-11,-23,0.1346,476.12,5.84,39.42,44.23,260.00,387.50,44.00,49.00,0.0000,438.60,0,0,0.0000,NOT_RUN,0,70,923,0,0,0,52,0,0,0,0
294,0,1,0,NEGATIVE_PEAK,-32.3368,2.4857,-87,-11,-23,0.0920,476.12,5.84,39.42,44.23,261.50,391.00,47.00,50.00,0.0000,440.91,0,0,0.0000,NOT_RUN,0,116,727,0,0,0,87,0,0,0,0
295,0,1,1,ACCEPT,33.4306,1.4783,238,-10,-24,0.0042,469.95,-10.66,39.42,44.23,259.50,391.50,41.00,49.00,0.0000,453.89,1,-2,1.7080,LOW_CONF,0,265,643,18491,0,0,238,0,0,0,0
296,0,1,1,ACCEPT,51.7006,1.7698,223,-1,1,0.7534,469.33,-9.97,39.42,44.23,259.50,393.50,45.00,51.00,0.0000,454.77,1,-3,1.5440,MAX_STEP,0,154,1010,16633,0,0,223,0,0,0,0
297,0,1,0,NEGATIVE_PEAK,-30.1581,2.6333,-79,0,1,0.7975,469.33,-9.97,39.42,44.23,259.00,396.00,48.00,48.00,0.0000,457.22,0,0,0.0000,NOT_RUN,0,109,707,0,0,0,79,0,0,0,0
298,0,1,0,NEGATIVE_PEAK,-34.8998,1.7833,-107,15,1,0.0093,469.33,-9.97,39.42,44.23,260.50,393.00,47.00,50.00,0.0000,453.86,0,0,0.0000,NOT_RUN,0,132,602,0,0,0,107,0,0,0,0
299,0,1,0,NEGATIVE_PEAK,-27.3096,1.7231,-112,18,0,0.0714,469.33,-9.97,39.42,44.23,259.50,398.00,49.00,38.00,0.0000,458.77,0,0,0.0000,NOT_RUN,0,121,630,0,0,0,112,0,0,0,0
300,0,1,0,NEGATIVE_PEAK,-26.9969,1.6923,-110,19,0,0.0727,469.33,-9.97,39.42,44.23,257.50,399.00,49.00,38.00,0.0000,460.57,0,0,0.0000,NOT_RUN,0,110,584,0,0,0,110,0,0,0,0
301,0,1,0,NEGATIVE_PEAK,-23.4354,1.5789,-90,19,0,0.0667,469.33,-9.97,39.42,44.23,257.00,400.50,46.00,39.00,0.0000,462.13,0,0,0.0000,NOT_RUN,0,121,634,0,0,0,90,0,0,0,0
302,0,1,0,NEGATIVE_PEAK,-15.7678,1.2162,-45,17,0,0.0667,469.33,-9.97,39.42,44.23,256.00,401.00,46.00,34.00,0.0000,463.04,0,0,0.0000,NOT_RUN,0,92,635,0,0,0,45,0,0,0,0
303,0,1,0,NEGATIVE_PEAK,-16.2220,1.2162,-45,17,0,0.0667,469.33,-9.97,39.42,44.23,258.00,397.50,48.00,43.00,0.0000,459.01,0,0,0.0000,NOT_RUN,0,90,609,0,0,0,45,0,0,0,0
304,0,1,0,NEGATIVE_PEAK,-14.6402,1.0698,-46,-25,1,0.0435,469.33,-9.97,39.42,44.23,257.50,398.50,53.00,43.00,0.0000,460.13,0,0,0.0000,NOT_RUN,0,100,590,0,0,0,46,0,0,0,0
305,0,1,0,NEGATIVE_PEAK,-19.6323,1.1622,-43,-21,0,0.5349,469.33,-9.97,39.42,44.23,257.50,403.50,47.00,39.00,0.0000,464.57,0,0,0.0000,NOT_RUN,0,68,607,0,0,0,43,0,0,0,0
306,0,1,1,ACCEPT,20.1942,1.8723,88,19,-5,0.1477,481.05,-13.41,37.91,42.53,254.50,403.00,37.00,40.00,0.0000,474.05,1,-1,2.9296,ACCEPT,0,127,765,9051,0,0,88,0,0,0,0
307,0,1,0,NEGATIVE_PEAK,-14.2423,1.3846,-18,-4,7,0.2222,481.05,-13.41,37.91,42.53,254.00,402.50,44.00,39.00,0.0000,473.85,0,0,0.0000,NOT_RUN,0,38,724,0,0,0,18,0,0,0,0
308,0,1,1,ACCEPT,17.4345,1.0400,52,-1,-2,0.5962,480.46,-14.73,36.45,40.89,250.50,403.50,41.00,39.00,0.0000,477.29,1,-1,2.6310,ACCEPT,0,73,838,7500,0,0,52,0,0,0,0
309,0,1,1,ACCEPT,16.1213,1.2308,16,-9,9,0.2500,475.33,-8.97,36.45,40.89,252.00,401.50,46.00,39.00,0.0000,467.29,1,-1,1.8878,LOW_CONF,0,37,1923,1868,0,0,16,0,0,0,0
310,0,1,0,NEGATIVE_PEAK,-13.5319,1.2143,-17,13,0,0.2353,475.33,-8.97,36.45,40.89,255.00,403.00,32.00,34.00,0.0000,467.19,0,0,0.0000,NOT_RUN,0,40,2304,0,0,0,17,0,0,0,0
311,0,1,0,NEGATIVE_PEAK,-28.4543,2.8000,-28,11,0,0.0357,475.33,-8.97,36.45,40.89,253.50,400.50,45.00,37.00,0.0000,465.70,0,0,0.0000,NOT_RUN,0,30,2657,0,0,0,28,0,0,0,0
312,0,1,0,NEGATIVE_PEAK,-10.2849,1.0000,-13,-5,9,0.3077,475.33,-8.97,36.45,40.89,256.00,400.00,50.00,38.00,0.0000,464.07,0,0,0.0000,NOT_RUN,0,32,1239,0,0,0,13,0,0,0,0
313,0,1,0,NEGATIVE_PEAK,-16.0137,1.0833,-13,-11,0,0.3846,475.33,-8.97,36.45,40.89,257.50,398.00,53.00,38.00,0.0000,461.60,0,0,0.0000,NOT_RUN,0,21,875,0,0,0,13,0,0,0,0
314,0,1,0,NEGATIVE_PEAK,-15.7345,1.5000,-12,-10,13,0.3333,475.33,-8.97,36.45,40.89,258.00,401.00,52.00,36.00,0.0000,464.01,0,0,0.0000,NOT_RUN,0,20,619,0,0,0,12,0,0,0,0
315,0,1,0,NEGATIVE_PEAK,-11.7167,1.2500,-10,-9,-7,0.3000,475.33,-8.97,36.45,40.89,256.50,400.00,49.00,38.00,0.0000,463.83,0,0,0.0000,NOT_RUN,0,19,572,0,0,0,10,0,0,0,0
316,0,1,1,ACCEPT,17.8740,1.1304,26,3,1,0.1923,477.04,-8.33,35.05,39.32,257.00,400.50,48.00,37.00,0.0000,464.28,1,-1,2.7883,ACCEPT,0,36,1032,3116,0,0,26,0,0,0,0
317,0,1,0,NEGATIVE_PEAK,-19.6343,1.5455,-34,5,12,0.0294,477.04,-8.33,35.05,39.32,253.50,400.00,43.00,38.00,0.0000,465.51,0,0,0.0000,NOT_RUN,0,46,757,0,0,0,34,0,0,0,0
318,0,1,1,ACCEPT,17.0547,1.2308,16,-5,-10,0.0000,474.30,-14.50,33.70,37.81,257.00,400.50,46.00,37.00,0.0000,468.45,1,-1,2.5036,ACCEPT,0,27,1147,3110,0,0,16,0,0,0,0
319,0,1,0,NEGATIVE_PEAK,-12.4894,1.2000,-12,6,0,0.0000,474.30,-14.50,33.70,37.81,257.00,401.50,44.00,37.00,0.0000,469.34,0,0,0.0000,NOT_RUN,0,28,757,0,0,0,12,0,0,0,0
320,0,1,0,NEGATIVE_PEAK,-13.3184,1.1667,-14,15,12,0.5714,474.30,-14.50,33.70,37.81,258.00,401.00,46.00,36.00,0.0000,468.43,0,0,0.0000,NOT_RUN,0,36,1371,0,0,0,14,0,0,0,0
321,0,1,1,ACCEPT,21.1399,1.4615,19,13,13,0.3158,481.11,-6.78,32.40,36.35,250.00,401.00,52.00,36.00,0.0000,468.72,1,-1,2.9498,ACCEPT,0,38,2560,1778,0,0,19,0,0,0,0
322,0,1,0,NEGATIVE_PEAK,-17.7228,1.0000,-34,-15,-1,0.6765,481.11,-6.78,32.40,36.35,254.00,401.00,50.00,40.00,0.0000,466.76,0,0,0.0000,NOT_RUN,0,66,928,0,0,0,34,0,0,0,0
323,0,1,1,ACCEPT,21.8648,1.1667,35,-3,-1,0.6000,479.59,-7.35,29.96,33.61,247.50,401.00,47.00,40.00,0.0000,469.70,1,-2,2.0908,ACCEPT,0,46,809,5122,0,0,35,0,0,0,0
324,0,1,1,ACCEPT,24.3409,1.9688,63,3,1,0.3810,480.99,-6.83,28.81,32.32,0.00,0.00,0.00,0.00,0.0000,481.04,1,-1,2.5145,ACCEPT,0,88,569,12464,0,0,63,0,0,0,0
325,0,1,0,NEGATIVE_PEAK,-18.3930,1.5000,-27,-11,18,0.1111,480.99,-6.83,28.81,32.32,249.50,401.50,39.00,37.00,0.0000,469.38,0,0,0.0000,NOT_RUN,0,49,932,0,0,0,27,0,0,0,0
326,0,1,0,NEGATIVE_PEAK,-17.7991,1.2273,-27,-11,18,0.1111,480.99,-6.83,28.81,32.32,252.00,404.00,44.00,38.00,0.0000,470.34,0,0,0.0000,NOT_RUN,0,50,867,0,0,0,27,0,0,0,0
327,0,1,0,NEGATIVE_PEAK,-15.5637,1.0779,-83,-8,-9,0.0482,480.99,-6.83,28.81,32.32,248.50,403.00,39.00,38.00,0.0000,471.18,0,0,0.0000,NOT_RUN,0,121,871,0,0,0,83,0,0,0,0
328,0,1,0,NEGATIVE_PEAK,-17.3822,1.0494,-85,-9,-2,0.3412,480.99,-6.83,28.81,32.32,253.00,387.50,44.00,39.00,0.0000,455.49,0,0,0.0000,NOT_RUN,0,159,1463,0,0,0,85,0,0,0,0
329,0,1,1,ACCEPT,29.9552,1.6842,64,-11,3,0.1094,476.01,-5.30,27.70,31.08,257.00,381.00,40.00,40.00,0.0000,444.07,1,-1,2.9180,ACCEPT,0,61,15836,441,0,0,64,0,0,0,0
330,0,1,1,ACCEPT,36.4584,2.2308,58,-19,1,0.1379,467.84,-4.82,27.70,31.08,257.50,379.50,41.00,41.00,0.0000,438.12,1,0,2.1581,ACCEPT,0,47,17701,215,0,0,58,0,0,0,0
331,0,1,1,ACCEPT,53.8034,3.6429,51,16,-1,0.0588,474.72,-5.30,27.70,31.08,255.50,378.50,39.00,41.00,0.0000,442.00,1,0,2.9960,ACCEPT,0,44,17969,489,0,0,51,0,0,0,0
332,0,1,1,ACCEPT,46.1726,2.4286,68,1,-1,0.7941,475.15,-5.79,27.70,31.08,255.50,379.50,35.00,39.00,0.0000,443.50,1,0,2.6808,ACCEPT,0,53,15250,587,0,0,68,0,0,0,0
333,0,1,0,NEGATIVE_PEAK,-16.5166,1.3333,-20,-17,19,0.1500,475.15,-5.79,27.70,31.08,255.50,377.00,33.00,48.00,0.0000,441.33,0,0,0.0000,NOT_RUN,0,29,5540,0,0,0,20,0,0,0,0
334,0,1,1,ACCEPT,18.2358,1.3077,17,1,2,0.0588,475.58,-4.82,26.63,29.88,255.50,374.50,31.00,41.00,0.0000,438.54,1,-1,3.2901,ACCEPT,0,29,8796,768,0,0,17,0,0,0,0
335,0,1,1,ACCEPT,21.8750,1.2381,26,-2,8,0.1923,474.75,-1.07,25.61,28.73,258.00,374.50,28.00,39.00,0.0000,433.63,1,-1,2.9342,ACCEPT,0,38,8656,603,0,0,26,0,0,0,0
336,0,1,1,ACCEPT,27.8665,1.3750,66,1,-8,0.4394,475.15,-4.63,25.61,28.73,256.50,374.50,29.00,37.00,0.0000,437.66,1,0,2.5930,ACCEPT,0,92,6115,1247,0,0,66,0,0,0,0
337,0,1,0,NEGATIVE_PEAK,-16.7286,1.0000,-28,1,2,0.6786,475.15,-4.63,25.61,28.73,254.50,374.50,35.00,43.00,0.0000,438.67,0,0,0.0000,NOT_RUN,0,57,516,0,0,0,28,0,0,0,0
338,0,1,0,NEGATIVE_PEAK,-23.7072,1.7407,-47,5,2,0.1702,475.15,-4.63,25.61,28.73,0.00,0.00,0.00,0.00,0.0000,475.17,0,0,0.0000,NOT_RUN,0,69,1272,0,0,0,47,0,0,0,0
339,0,1,1,ACCEPT,14.3520,1.0370,28,18,1,0.1786,482.32,-4.19,25.61,28.73,251.50,374.50,31.00,35.00,0.0000,443.49,1,0,2.8273,ACCEPT,0,48,2581,2125,0,0,28,0,0,0,0
340,0,1,1,ACCEPT,28.7188,2.7778,50,-17,-10,0.1600,475.55,-8.64,25.61,28.73,255.00,374.00,40.00,38.00,0.0000,441.65,1,0,3.1345,ACCEPT,0,65,429,5259,0,0,50,0,0,0,0
0,0,0,0,ZERO_RESPONSE,0.0000,0.0000,0,0,0,0.0000,292.00,292.00,58.00,48.00,292.00,292.00,58.00,48.00,1.0000,0.00,1,0,0.0000,NOT_RUN,0,0,2470,10402,1,50,0,0,0,0,0
1,0,1,1,ACCEPT,70.0814,9.6818,213,0,-1,0.9765,292.00,291.25,58.00,48.00,291.50,291.00,57.00,50.00,0.9441,0.56,1,0,3.3170,ACCEPT,0,179,1769,8959,1,50,213,0,0,0,0
2,0,1,1,ACCEPT,17.1735,2.0538,191,-1,0,0.9110,291.09,291.25,58.00,48.00,293.50,291.00,43.00,42.00,0.6487,2.42,1,0,3.3129,ACCEPT,0,473,2410,10394,1,50,191,0,0,0,0
3,0,1,1,ACCEPT,61.3376,9.7273,642,1,0,0.8146,292.00,291.25,58.00,48.00,296.00,290.00,56.00,48.00,0.8275,4.19,1,0,3.3680,ACCEPT,0,344,2253,17319,1,50,642,0,0,0,0
4,0,1,1,ACCEPT,64.4064,10.0411,733,0,-1,0.8008,292.00,290.50,58.00,48.00,295.00,289.00,64.00,52.00,0.8365,3.35,1,0,3.3285,ACCEPT,0,471,1743,18033,1,50,733,0,0,0,0
5,0,1,1,ACCEPT,60.6850,10.4930,745,0,-2,0.6832,292.00,289.00,58.00,48.00,292.50,289.00,61.00,52.00,0.8777,0.50,1,0,3.2903,ACCEPT,0,414,1423,21093,1,50,745,0,0,0,0
6,0,1,1,ACCEPT,66.2383,10.1279,871,0,0,1.0000,292.00,289.00,58.00,48.00,293.50,288.50,59.00,53.00,0.8617,1.58,1,0,3.3391,ACCEPT,0,536,1513,17577,1,50,871,0,0,0,0
7,0,1,1,ACCEPT,53.4304,7.8095,656,0,-2,0.6997,292.00,287.50,58.00,48.00,294.00,286.50,56.00,51.00,0.8800,2.24,1,0,3.2537,ACCEPT,0,518,1612,18526,1,50,656,0,0,0,0
8,0,1,1,ACCEPT,46.2661,6.3704,860,0,-3,0.3640,292.00,285.25,58.00,48.00,293.50,285.50,59.00,51.00,0.8950,1.52,1,0,3.2439,ACCEPT,0,495,1455,21542,1,50,860,0,0,0,0
9,0,1,1,ACCEPT,44.2955,6.5775,934,0,0,1.0000,292.00,285.25,58.00,48.00,293.50,285.00,61.00,50.00,0.9128,1.52,1,0,3.3102,ACCEPT,0,587,1667,21334,1,50,934,0,0,0,0
10,0,1,1,ACCEPT,46.9535,5.7219,967,0,0,1.0000,292.00,285.25,58.00,48.00,294.50,285.50,59.00,53.00,0.8340,2.51,1,0,3.2984,ACCEPT,0,656,1582,21504,1,50,967,0,0,0,0
11,0,1,1,ACCEPT,43.8959,6.1718,1006,0,-1,0.8718,292.00,284.50,58.00,48.00,294.50,283.00,49.00,50.00,0.8008,2.92,1,0,3.2845,ACCEPT,0,745,1450,19715,1,50,1006,0,0,0,0
12,0,1,1,ACCEPT,39.6388,4.9896,958,0,-8,0.0230,292.00,278.50,58.00,48.00,295.50,278.00,51.00,50.00,0.8482,3.54,1,0,3.1083,ACCEPT,0,1106,1805,11136,1,50,958,0,0,0,0
13,0,1,1,ACCEPT,38.3845,4.1024,841,0,0,1.0000,292.00,278.50,58.00,48.00,293.50,276.00,55.00,52.00,0.8618,2.92,1,0,3.2374,ACCEPT,0,590,1493,16882,1,50,841,0,0,0,0
14,0,1,1,ACCEPT,47.9799,5.5855,1078,1,0,0.9787,292.91,278.50,58.00,48.00,295.00,276.50,64.00,53.00,0.8208,2.90,1,0,3.2288,ACCEPT,0,715,1358,19719,1,50,1078,0,0,0,0
15,0,1,1,ACCEPT,49.2886,6.0109,1106,0,-2,0.7749,292.91,277.00,58.00,48.00,300.50,277.50,57.00,49.00,0.7529,7.61,1,0,3.1146,ACCEPT,0,818,1454,18002,1,50,1106,0,0,0,0
16,0,1,1,ACCEPT,43.0487,4.0285,991,1,-1,0.8073,293.81,276.25,58.00,48.00,298.00,275.00,66.00,54.00,0.7767,4.37,1,0,3.1540,ACCEPT,0,812,1284,18216,1,50,991,0,0,0,0
17,0,1,1,ACCEPT,41.2338,3.7736,1200,-1,-2,0.6767,292.91,274.75,58.00,48.00,294.50,273.00,59.00,60.00,0.7603,2.37,1,0,3.2118,ACCEPT,0,1008,1974,16880,1,50,1200,0,0,0,0
18,0,1,1,ACCEPT,20.6766,2.3840,627,-1,-8,0.2855,292.00,268.75,58.00,48.00,295.50,271.00,63.00,56.00,0.7651,4.16,1,0,2.7440,ACCEPT,0,1299,1556,8281,1,50,627,0,0,0,0
19,0,1,1,ACCEPT,44.4570,5.6194,753,1,0,0.9947,292.91,268.75,58.00,48.00,294.50,271.00,63.00,56.00,0.7891,2.76,1,0,3.1907,ACCEPT,0,623,914,16812,1,50,753,0,0,0,0
20,0,1,1,ACCEPT,49.5815,5.7847,833,0,-1,0.7791,292.91,268.00,58.00,48.00,296.00,267.00,62.00,52.00,0.8337,3.25,1,0,3.1834,ACCEPT,0,623,985,15002,1,50,833,0,0,0,0
21,0,1,1,ACCEPT,56.0568,5.6200,843,-1,-2,0.6655,292.00,266.50,58.00,48.00,296.00,266.00,62.00,50.00,0.8411,4.03,1,0,3.1784,ACCEPT,0,629,962,16214,1,50,843,0,0,0,0
22,0,1,1,ACCEPT,59.4410,6.7746,962,0,-3,0.3534,292.00,264.25,58.00,48.00,295.00,265.00,64.00,52.00,0.8365,3.09,1,0,3.1434,ACCEPT,0,667,1002,17644,1,50,962,0,0,0,0
23,0,1,1,ACCEPT,56.2971,5.7017,1032,0,0,1.0000,292.00,264.25,58.00,48.00,295.00,263.00,64.00,52.00,0.8365,3.25,1,0,3.1660,ACCEPT,0,677,985,17971,1,50,1032,0,0,0,0
24,0,1,1,ACCEPT,59.7553,5.8457,1023,0,-1,0.8847,292.00,263.50,58.00,48.00,295.00,262.50,64.00,51.00,0.8529,3.16,1,0,3.1948,ACCEPT,0,673,1048,17107,1,50,1023,0,0,0,0
25,0,1,1,ACCEPT,59.4451,7.2518,1008,-2,-3,0.2361,290.19,261.25,58.00,48.00,289.00,261.50,64.00,51.00,0.8529,1.21,1,0,3.1699,ACCEPT,0,696,1007,17508,1,50,1008,0,0,0,0
26,0,1,1,ACCEPT,62.2245,6.9688,1115,2,1,0.5318,292.00,262.00,58.00,48.00,295.50,261.00,63.00,52.00,0.8231,3.64,1,0,3.1916,ACCEPT,0,780,1084,18400,1,50,1115,0,0,0,0
27,0,1,1,ACCEPT,61.3166,5.9945,1097,-1,0,0.8715,291.09,262.00,58.00,48.00,292.00,261.50,62.00,51.00,0.8805,1.04,1,0,3.2036,ACCEPT,0,789,1075,18521,1,50,1097,0,0,0,0
28,0,1,1,ACCEPT,52.2187,5.7388,769,3,4,0.2094,293.81,265.00,58.00,48.00,295.50,264.00,63.00,52.00,0.8498,1.96,1,0,3.2255,ACCEPT,0,680,820,17815,1,50,769,0,0,0,0
29,0,1,1,ACCEPT,15.9416,1.4091,527,-1,1,0.8994,292.91,265.75,58.00,48.00,299.00,268.50,50.00,45.00,0.7134,6.69,1,0,2.7980,ACCEPT,0,1453,1487,9216,1,50,527,0,0,0,0
30,0,1,1,ACCEPT,47.2988,5.6816,1017,1,3,0.4307,293.81,268.00,58.00,48.00,296.00,266.50,62.00,53.00,0.8422,2.65,1,0,3.2840,ACCEPT,0,843,1544,18279,1,50,1017,0,0,0,0
31,0,1,1,ACCEPT,57.3638,6.8596,1173,-1,0,0.9736,292.91,268.00,58.00,48.00,296.50,266.50,63.00,51.00,0.8365,3.89,1,0,3.2373,ACCEPT,0,770,1040,18928,1,50,1173,0,0,0,0
32,0,1,1,ACCEPT,57.1157,7.2866,1144,1,2,0.4484,293.81,269.50,58.00,48.00,296.50,267.50,63.00,51.00,0.8447,3.35,1,0,3.2267,ACCEPT,0,772,1013,19469,1,50,1144,0,0,0,0
33,0,1,1,ACCEPT,65.2056,7.4494,1177,0,0,1.0000,293.81,269.50,58.00,48.00,294.00,269.50,62.00,51.00,0.8805,0.19,1,0,3.2135,ACCEPT,0,765,969,20161,1,50,1177,0,0,0,0
34,0,1,1,ACCEPT,65.0781,7.8355,1191,1,2,0.5978,294.72,271.00,58.00,48.00,295.50,270.00,61.00,50.00,0.9128,1.27,1,0,3.2186,ACCEPT,0,805,959,24232,1,50,1191,0,0,0,0
35,0,1,1,ACCEPT,67.3435,8.9412,1368,0,1,0.9671,294.72,271.75,58.00,48.00,297.00,270.00,60.00,50.00,0.8634,2.88,1,0,3.2229,ACCEPT,0,975,993,20534,1,50,1368,0,0,0,0
36,0,1,1,ACCEPT,65.4924,9.7258,1206,1,0,0.8781,295.62,271.75,58.00,48.00,295.00,272.00,64.00,52.00,0.8365,0.67,1,0,3.2250,ACCEPT,0,806,986,19796,1,50,1206,0,0,0,0
37,0,1,1,ACCEPT,67.5869,9.6693,1228,-2,-2,0.3770,293.81,270.25,58.00,48.00,298.00,270.00,62.00,50.00,0.8359,4.19,1,0,3.2094,ACCEPT,0,822,1006,20648,1,50,1228,0,0,0,0
38,0,1,1,ACCEPT,59.8189,11.1842,1275,2,-1,0.7271,295.62,269.50,58.00,48.00,299.50,270.50,51.00,49.00,0.8355,4.00,1,0,3.2494,ACCEPT,0,908,949,20978,1,50,1275,0,0,0,0
39,0,1,1,ACCEPT,64.5437,10.4261,1199,-1,-1,0.7348,294.72,268.75,58.00,48.00,297.00,268.00,58.00,52.00,0.8557,2.40,1,0,3.2294,ACCEPT,0,883,918,23464,1,50,1199,0,0,0,0
40,0,1,1,ACCEPT,63.5042,10.2000,1326,0,-1,0.9510,294.72,268.00,58.00,48.00,297.50,268.00,57.00,52.00,0.8414,2.78,1,0,3.2110,ACCEPT,0,1023,869,26473,1,50,1326,0,0,0,0
41,0,1,1,ACCEPT,60.7301,9.0987,1383,0,-1,0.9957,294.72,267.25,58.00,48.00,297.00,267.50,56.00,49.00,0.9052,2.29,1,0,3.2294,ACCEPT,0,1173,930,22690,1,50,1383,0,0,0,0
42,0,1,1,ACCEPT,58.0928,7.8820,1269,0,0,1.0000,294.72,267.25,58.00,48.00,298.00,266.50,56.00,51.00,0.8422,3.37,1,0,3.2424,ACCEPT,0,1004,948,24565,1,50,1269,0,0,0,0
43,0,1,1,ACCEPT,62.5161,10.7054,1381,-1,-1,0.9059,293.81,266.50,58.00,48.00,295.00,267.00,62.00,52.00,0.8635,1.29,1,0,3.2326,ACCEPT,0,959,941,24081,1,50,1381,0,0,0,0
44,0,1,1,ACCEPT,65.2487,8.9622,1658,1,-2,0.6840,294.72,265.00,58.00,48.00,298.50,265.00,57.00,52.00,0.8135,3.78,1,0,3.1989,ACCEPT,0,1184,1291,24420,1,50,1658,0,0,0,0
45,0,1,1,ACCEPT,36.3207,4.7524,979,-2,-1,0.7058,292.91,264.25,58.00,48.00,298.50,262.00,59.00,54.00,0.7403,6.03,1,0,3.2535,ACCEPT,0,1398,1161,16804,1,50,979,0,0,0,0
46,0,1,1,ACCEPT,62.0531,6.1429,1290,-1,-2,0.5411,292.00,262.75,58.00,48.00,293.00,260.00,62.00,50.00,0.8379,2.93,1,0,3.2649,ACCEPT,0,755,1041,23767,1,50,1290,0,0,0,0
47,0,1,1,ACCEPT,47.4383,3.6639,1319,-2,-2,0.4852,290.19,261.25,58.00,48.00,292.00,260.00,46.00,48.00,0.7568,2.20,1,0,3.2415,ACCEPT,0,1040,1047,21041,1,50,1319,0,0,0,0
48,0,1,1,ACCEPT,27.5998,2.3092,829,-2,0,0.8565,288.38,261.25,58.00,48.00,288.00,259.50,68.00,49.00,0.7964,1.79,1,0,3.2433,ACCEPT,0,1083,1255,18311,1,50,829,0,0,0,0
49,0,1,1,ACCEPT,21.8464,2.1796,813,6,-4,0.1636,293.81,258.25,58.00,48.00,294.50,256.50,57.00,45.00,0.9058,1.88,1,0,3.3063,ACCEPT,0,1216,1471,16287,1,50,813,0,0,0,0
50,0,1,1,ACCEPT,20.2738,1.3357,768,1,1,0.9518,294.72,259.00,58.00,48.00,293.50,258.50,55.00,47.00,0.9285,1.32,1,0,3.1844,ACCEPT,0,1473,1686,13076,1,50,768,0,0,0,0
51,0,1,1,ACCEPT,7.1322,1.0034,298,15,7,0.0168,308.31,264.25,58.00,48.00,316.00,271.50,46.00,41.00,0.5467,10.57,1,0,2.8585,ACCEPT,0,2146,2287,10507,1,50,298,0,0,0,0
52,0,1,0,NEGATIVE_PEAK,-5.6674,1.1355,-176,-10,6,0.0057,308.31,264.25,58.00,48.00,330.00,288.50,46.00,43.00,0.1564,32.53,0,0,0.0000,NOT_RUN,0,1438,2149,0,1,50,176,0,0,0,0
53,0,1,0,LOW_PSR,6.8020,1.3529,184,23,-43,0.1739,308.31,264.25,58.00,48.00,339.50,302.50,45.00,45.00,0.0361,49.35,0,0,0.0000,NOT_RUN,0,1232,2166,0,1,50,184,0,0,0,0
54,0,1,0,LOW_PSR,6.8857,1.0181,225,29,-26,0.2178,308.31,264.25,58.00,48.00,349.00,324.00,44.00,36.00,0.0000,72.29,0,0,0.0000,NOT_RUN,0,1428,1625,0,1,50,225,0,0,0,0
55,0,1,0,LOW_PSR,6.0873,1.0228,269,-5,-23,0.4461,308.31,264.25,58.00,48.00,358.50,350.50,43.00,43.00,0.0000,99.79,0,0,0.0000,NOT_RUN,0,2304,2003,0,1,50,269,0,0,0,0
56,0,1,0,LOW_PSR,6.7602,1.0648,312,-5,-21,0.1122,308.31,264.25,58.00,48.00,363.50,371.50,43.00,43.00,0.0000,120.62,0,0,0.0000,NOT_RUN,0,2614,1827,0,1,50,312,0,0,0,0
57,0,1,1,ACCEPT,8.5378,1.1034,288,21,-6,0.0312,327.34,259.75,60.32,49.92,361.50,378.00,51.00,46.00,0.0000,123.08,1,1,2.5040,ACCEPT,0,1300,1824,19223,1,50,288,0,0,0,0
58,0,1,0,LOW_PSR,5.6562,1.0848,179,-3,30,0.0726,327.34,259.75,60.32,49.92,357.00,378.50,48.00,41.00,0.0000,122.40,0,0,0.0000,NOT_RUN,0,1531,924,0,1,50,179,0,0,0,0
59,0,1,1,ACCEPT,7.8923,1.4612,377,-4,3,0.1618,323.56,262.09,62.73,51.92,356.00,381.00,46.00,40.00,0.0000,123.25,1,1,3.0573,ACCEPT,0,2603,983,32767,1,50,377,0,0,0,0
60,0,1,1,ACCEPT,8.1925,1.2281,210,-1,2,0.4619,322.59,263.72,62.73,51.92,350.50,385.50,45.00,41.00,0.0000,124.94,1,1,1.9431,LOW_CONF,0,1307,1190,30875,1,50,210,0,0,0,0
61,0,1,1,ACCEPT,7.3094,1.1389,246,-9,3,0.3821,313.80,266.16,67.85,56.15,341.50,388.50,51.00,45.00,0.0000,125.44,1,2,2.5534,ACCEPT,0,1215,1241,28010,1,50,246,0,0,0,0
62,0,1,1,ACCEPT,9.3532,1.7076,292,0,4,0.2363,313.80,269.66,70.57,58.40,342.50,392.50,49.00,41.00,0.0000,126.15,1,1,2.6449,ACCEPT,0,1024,1377,22433,1,50,292,0,0,0,0
63,0,1,1,ACCEPT,12.8633,2.2454,366,-2,0,0.7268,311.59,269.66,73.39,60.74,343.50,394.00,49.00,42.00,0.0000,128.37,1,1,2.9465,ACCEPT,0,826,1450,26869,1,50,366,0,0,0,0
64,0,1,1,ACCEPT,13.5023,1.9549,477,-3,-6,0.4780,308.15,263.98,76.32,63.16,341.00,389.50,48.00,43.00,0.0000,129.74,1,1,2.8532,ACCEPT,0,1170,1693,17022,1,50,477,0,0,0,0
65,0,1,1,ACCEPT,12.1834,1.4842,328,0,-2,0.5945,308.15,262.02,76.32,63.16,342.50,386.50,49.00,41.00,0.0000,129.14,1,0,3.2986,ACCEPT,0,773,1475,19026,1,50,328,0,0,0,0
66,0,1,1,ACCEPT,14.2678,2.3000,368,2,1,0.6196,310.54,263.00,76.32,63.16,344.00,387.00,50.00,42.00,0.0000,128.44,1,0,3.4398,ACCEPT,0,839,1285,24842,1,50,368,0,0,0,0
67,0,1,1,ACCEPT,18.7806,3.1840,519,0,-3,0.3834,310.54,260.05,76.32,63.16,346.50,386.00,49.00,42.00,0.0000,130.99,1,0,3.1338,ACCEPT,0,1031,1336,18823,1,50,519,0,0,0,0
68,0,1,1,ACCEPT,20.0212,3.1161,483,1,-3,0.3872,311.73,257.09,79.38,65.69,346.50,382.00,49.00,42.00,0.0000,129.65,1,1,3.0025,ACCEPT,0,820,1221,24255,1,50,483,0,0,0,0
69,0,1,1,ACCEPT,21.0248,3.4422,685,1,-4,0.1869,312.98,253.00,82.55,68.32,347.50,380.00,47.00,42.00,0.0000,131.61,1,1,3.1562,ACCEPT,0,1112,1386,21056,1,50,685,0,0,0,0
70,0,1,1,ACCEPT,21.6141,3.2403,499,1,0,0.8958,314.27,253.00,82.55,68.32,349.50,380.50,53.00,41.00,0.0000,132.28,1,0,3.4280,ACCEPT,0,690,955,18917,1,50,499,0,0,0,0
71,0,1,1,ACCEPT,17.9312,2.8175,386,0,-3,0.6865,314.27,249.79,82.55,68.32,350.50,378.50,51.00,43.00,0.0000,133.71,1,0,3.1031,ACCEPT,0,707,994,17974,1,50,386,0,0,0,0
72,0,1,1,ACCEPT,25.6655,3.4649,641,0,-5,0.0671,314.27,244.44,82.55,68.32,350.50,374.00,49.00,42.00,0.0000,134.53,1,0,3.1659,ACCEPT,0,741,1167,20823,1,50,641,0,0,0,0
73,0,1,1,ACCEPT,28.1824,4.0354,799,0,-2,0.6846,314.27,242.30,82.55,68.32,350.50,372.00,49.00,42.00,0.0000,134.67,1,0,3.1166,ACCEPT,0,958,1135,17360,1,50,799,0,0,0,0
74,0,1,1,ACCEPT,29.5765,2.4549,653,-4,-7,0.2328,309.11,234.80,82.55,68.32,346.00,368.00,46.00,40.00,0.0000,138.21,1,0,3.2864,ACCEPT,0,840,1246,15120,1,50,653,0,0,0,0
75,0,1,1,ACCEPT,33.1346,3.6154,705,-3,-8,0.0738,305.24,226.24,85.85,71.05,342.50,357.50,47.00,41.00,0.0000,136.44,1,1,3.0587,ACCEPT,0,773,1212,12696,1,50,705,0,0,0,0
76,0,1,1,ACCEPT,27.9907,3.5314,618,-3,-4,0.2104,301.21,221.80,85.85,71.05,338.50,352.00,47.00,42.00,0.0000,135.43,1,0,3.2409,ACCEPT,0,696,1215,16168,1,50,618,0,0,0,0
77,0,1,1,ACCEPT,27.2017,2.7000,756,1,1,0.8347,302.55,222.91,85.85,71.05,342.50,353.00,49.00,42.00,0.0000,136.08,1,0,3.1572,ACCEPT,0,890,1241,15296,1,50,756,0,0,0,0
78,0,1,1,ACCEPT,21.3803,2.2959,613,0,3,0.4486,302.55,226.24,85.85,71.05,344.50,356.00,51.00,42.00,0.0000,136.37,1,0,3.2417,ACCEPT,0,819,1192,17851,1,50,613,0,0,0,0
79,0,1,1,ACCEPT,21.2331,2.3604,668,-3,-3,0.2006,298.52,222.91,85.85,71.05,343.50,354.50,47.00,43.00,0.0000,139.06,1,0,3.1514,ACCEPT,0,1139,1267,20666,1,50,668,0,0,0,0
80,0,1,1,ACCEPT,20.1391,2.1552,750,-1,-2,0.5693,297.18,220.70,85.85,71.05,340.00,351.50,50.00,43.00,0.0000,137.64,1,0,3.0568,ACCEPT,0,1076,1269,16817,1,50,750,0,0,0,0
81,0,1,1,ACCEPT,18.0129,2.3669,587,0,1,0.9472,297.18,221.80,85.85,71.05,339.50,351.00,55.00,44.00,0.0000,135.95,1,0,3.0788,ACCEPT,0,1006,1262,16297,1,50,587,0,0,0,0
82,0,1,1,ACCEPT,21.9718,2.4700,741,0,-1,0.8664,297.18,220.70,85.85,71.05,338.50,350.00,53.00,46.00,0.0000,135.75,1,0,3.2901,ACCEPT,0,1084,1327,12186,1,50,741,0,0,0,0
83,0,1,1,ACCEPT,24.3497,2.1687,707,-1,0,0.9392,295.84,220.70,85.85,71.05,338.00,351.00,42.00,42.00,0.0000,136.96,1,0,3.1777,ACCEPT,0,824,1325,16054,1,50,707,0,0,0,0
84,0,1,1,ACCEPT,28.5561,3.4100,890,-2,0,0.5730,293.15,220.70,85.85,71.05,334.50,348.00,51.00,48.00,0.0000,133.85,1,0,3.3696,ACCEPT,0,1025,1351,13635,1,50,890,0,0,0,0
85,0,1,1,ACCEPT,31.4828,4.5069,649,-4,-5,0.0247,287.77,215.15,85.85,71.05,327.00,346.50,60.00,47.00,0.0000,137.08,1,0,3.2277,ACCEPT,0,844,1092,9233,1,50,649,0,0,0,0
86,0,1,1,ACCEPT,32.4186,3.4597,730,-1,-4,0.0795,286.43,210.71,85.85,71.05,327.00,343.00,58.00,48.00,0.0000,138.37,1,0,3.3809,ACCEPT,0,689,1290,11568,1,50,730,0,0,0,0
87,0,1,1,ACCEPT,22.9763,3.0819,527,2,-2,0.5806,289.12,208.49,89.29,73.89,329.00,341.50,60.00,45.00,0.0000,138.86,1,1,3.2411,ACCEPT,0,718,1545,11440,1,50,527,0,0,0,0
88,0,1,1,ACCEPT,26.6345,2.4649,668,6,-4,0.1317,297.51,203.87,89.29,73.89,333.50,339.00,57.00,48.00,0.0000,139.84,1,0,3.0172,ACCEPT,0,951,1580,8895,1,50,668,0,0,0,0
89,0,1,1,ACCEPT,26.4767,1.4537,596,3,-11,0.0268,301.70,191.15,89.29,73.89,338.00,327.50,54.00,47.00,0.0000,141.10,1,0,3.0362,ACCEPT,0,916,1477,7637,1,50,596,0,0,0,0
90,0,1,1,ACCEPT,31.2627,3.2765,557,-1,-2,0.6373,300.30,188.84,89.29,73.89,339.00,324.00,56.00,48.00,0.0000,140.59,1,0,3.2463,ACCEPT,0,542,1491,9406,1,50,557,0,0,0,0
91,0,1,1,ACCEPT,29.2689,3.2885,684,0,1,0.8962,300.30,189.99,89.29,73.89,341.50,326.50,61.00,47.00,0.0000,142.59,1,0,3.2895,ACCEPT,0,660,1468,8923,1,50,684,0,0,0,0
92,0,1,1,ACCEPT,30.4476,3.3119,722,0,2,0.6953,300.30,192.30,89.29,73.89,339.50,329.00,59.00,46.00,0.0000,142.20,1,0,3.3267,ACCEPT,0,650,1416,9506,1,50,722,0,0,0,0
93,0,1,1,ACCEPT,31.8409,3.0836,848,-1,0,0.8774,298.91,192.30,89.29,73.89,340.50,326.50,53.00,47.00,0.0000,140.49,1,0,3.3748,ACCEPT,0,805,1447,10838,1,50,848,0,0,0,0
94,0,1,1,ACCEPT,31.9544,3.7197,889,-2,0,0.5861,296.11,192.30,89.29,73.89,340.00,327.00,54.00,46.00,0.0000,141.67,1,0,3.3806,ACCEPT,0,896,1434,8940,1,50,889,0,0,0,0
95,0,1,1,ACCEPT,25.4272,3.1753,616,-4,2,0.2841,290.52,194.62,89.29,73.89,333.50,330.00,53.00,44.00,0.0000,142.04,1,0,3.2797,ACCEPT,0,756,1361,10046,1,50,616,0,0,0,0
96,0,1,1,ACCEPT,24.7160,3.2071,542,-6,1,0.0387,282.12,195.77,89.29,73.89,328.50,330.00,53.00,46.00,0.0000,142.01,1,0,3.2323,ACCEPT,0,887,1132,10398,1,50,542,0,0,0,0
97,0,1,1,ACCEPT,20.5527,1.9669,535,-4,1,0.2542,276.53,196.93,89.29,73.89,324.00,333.00,56.00,46.00,0.0000,144.11,1,0,3.1036,ACCEPT,0,807,1362,10849,1,50,535,0,0,0,0
98,0,1,1,ACCEPT,24.5911,2.6507,554,-4,0,0.2563,270.94,196.93,89.29,73.89,323.50,332.50,51.00,43.00,0.0000,145.40,1,0,3.2167,ACCEPT,0,847,1243,11206,1,50,554,0,0,0,0
99,0,1,1,ACCEPT,24.2861,2.6705,705,-3,1,0.2894,266.74,198.09,89.29,73.89,313.50,332.00,47.00,48.00,0.0000,141.84,1,0,3.1815,ACCEPT,0,1021,1402,9638,1,50,705,0,0,0,0
100,0,1,1,ACCEPT,23.2429,2.2383,620,-3,3,0.1806,262.55,201.55,89.29,73.89,314.50,335.00,57.00,52.00,0.0000,143.20,1,0,3.2803,ACCEPT,0,827,1475,11433,1,50,620,0,0,0,0
101,0,1,1,ACCEPT,25.8452,2.6823,802,0,0,1.0000,262.55,201.55,89.29,73.89,314.50,338.50,57.00,47.00,0.0000,146.47,1,0,3.1905,ACCEPT,0,895,1672,11529,1,50,802,0,0,0,0
102,0,1,1,ACCEPT,25.2741,2.5636,846,1,0,0.9515,263.95,201.55,89.29,73.89,314.00,338.50,60.00,49.00,0.0000,145.81,1,0,3.1315,ACCEPT,0,940,1651,10581,1,50,846,0,0,0,0
103,0,1,1,ACCEPT,24.5364,2.5050,749,0,0,1.0000,263.95,201.55,92.86,76.85,312.50,338.50,57.00,51.00,0.0000,145.30,1,1,3.0636,ACCEPT,0,880,1695,9301,1,50,749,0,0,0,0
104,0,1,1,ACCEPT,28.4058,2.8254,712,1,-1,0.9073,265.40,200.35,92.86,76.85,316.50,335.00,51.00,48.00,0.0000,144.02,1,0,3.1279,ACCEPT,0,829,1654,8778,1,50,712,0,0,0,0
105,0,1,1,ACCEPT,28.8855,3.6685,664,-5,1,0.1340,258.13,201.55,92.86,76.85,311.00,334.00,50.00,50.00,0.0000,142.61,1,0,3.1530,ACCEPT,0,790,1622,8624,1,50,664,0,0,0,0
106,0,1,1,ACCEPT,23.6401,2.7191,639,-1,2,0.6901,256.68,203.96,96.57,79.92,310.00,342.50,64.00,55.00,0.0000,148.45,1,1,3.0788,ACCEPT,0,860,1521,9495,1,50,639,0,0,0,0
107,0,1,1,ACCEPT,27.0942,3.6250,696,-2,0,0.6049,253.66,203.96,96.57,79.92,307.50,341.50,57.00,57.00,0.0000,147.70,1,0,3.0546,ACCEPT,0,864,1462,10000,1,50,696,0,0,0,0
108,0,1,1,ACCEPT,25.4826,2.9879,741,-2,0,0.7719,250.65,203.96,96.57,79.92,304.50,341.50,55.00,49.00,0.0000,147.71,1,0,3.0430,ACCEPT,0,922,1354,13401,1,50,741,0,0,0,0
109,0,1,1,ACCEPT,26.9063,2.3049,945,-2,1,0.6286,247.63,205.21,96.57,79.92,304.50,342.50,47.00,47.00,0.0000,148.60,1,0,3.2309,ACCEPT,0,1024,1277,17276,1,50,945,0,0,0,0
110,0,1,1,ACCEPT,26.3182,2.5843,1119,-2,0,0.7748,244.62,205.21,96.57,79.92,305.00,342.50,50.00,49.00,0.0000,149.98,1,0,3.3275,ACCEPT,0,1273,1258,17614,1,50,1119,0,0,0,0
111,0,1,1,ACCEPT,27.5230,3.1696,1065,-3,1,0.4714,240.09,206.46,96.57,79.92,300.00,348.50,48.00,49.00,0.0000,154.16,1,0,3.2514,ACCEPT,0,1153,1304,16584,1,50,1065,0,0,0,0
112,0,1,1,ACCEPT,28.9553,3.2365,1081,0,0,1.0000,240.09,206.46,96.57,79.92,298.00,347.00,54.00,56.00,0.0000,152.00,1,0,3.2336,ACCEPT,0,1147,1247,16899,1,50,1081,0,0,0,0
113,0,1,1,ACCEPT,33.5616,3.9256,950,0,-1,0.8979,240.09,205.21,96.57,79.92,293.50,344.50,53.00,47.00,0.0000,149.18,1,0,3.2056,ACCEPT,0,1348,1067,17207,1,50,950,0,0,0,0
114,0,1,1,ACCEPT,33.0936,4.9341,898,0,-1,0.9599,240.09,203.96,96.57,79.92,295.50,344.00,55.00,48.00,0.0000,150.60,1,0,3.0981,ACCEPT,0,951,1327,11434,1,50,898,0,0,0,0
115,0,1,1,ACCEPT,30.0056,4.4962,598,-1,-1,0.9013,238.59,202.71,96.57,79.92,296.00,344.50,56.00,49.00,0.0000,152.97,1,0,2.9896,ACCEPT,0,762,1244,10567,1,50,598,0,0,0,0
116,0,1,1,ACCEPT,28.6421,4.0362,557,-4,0,0.4273,232.55,202.71,100.44,83.12,294.00,345.50,54.00,49.00,0.0000,155.45,1,1,2.9822,ACCEPT,0,790,1356,9958,1,50,557,0,0,0,0
117,0,1,1,ACCEPT,26.5336,3.6392,575,-1,2,0.7252,230.98,205.30,100.44,83.12,293.50,346.00,51.00,50.00,0.0000,153.96,1,0,3.0402,ACCEPT,0,829,1313,10194,1,50,575,0,0,0,0
118,0,1,1,ACCEPT,25.5561,3.8639,568,-2,1,0.5968,227.84,206.60,100.44,83.12,290.00,348.50,48.00,49.00,0.0000,154.91,1,0,2.8102,ACCEPT,0,896,1274,9196,1,50,568,0,0,0,0
119,0,1,1,ACCEPT,27.0154,4.1765,568,-1,0,0.9718,226.27,206.60,100.44,83.12,288.50,350.50,55.00,49.00,0.0000,156.78,1,0,2.9113,ACCEPT,0,800,1290,9693,1,50,568,0,0,0,0
120,0,1,1,ACCEPT,28.4036,3.9427,619,1,1,0.8918,227.84,207.90,100.44,83.12,290.50,354.50,57.00,51.00,0.0000,159.43,1,0,2.9422,ACCEPT,0,771,1284,10556,1,50,619,0,0,0,0
121,0,1,1,ACCEPT,30.6167,3.1053,649,1,-1,0.8737,229.41,206.60,100.44,83.12,289.00,354.00,52.00,48.00,0.0000,158.99,1,0,2.8536,ACCEPT,0,792,1224,10455,1,50,649,0,0,0,0
122,0,1,1,ACCEPT,31.9887,2.5588,522,0,-1,0.9885,229.41,205.30,100.44,83.12,293.50,353.50,55.00,47.00,0.0000,161.46,1,0,2.8778,ACCEPT,0,623,1043,11139,1,50,522,0,0,0,0
123,0,1,1,ACCEPT,26.0735,2.9545,455,-1,1,0.9692,227.84,206.60,100.44,83.12,294.00,357.00,56.00,56.00,0.0000,164.31,1,0,2.7857,ACCEPT,0,702,1187,11069,1,50,455,0,0,0,0
124,0,1,1,ACCEPT,25.7781,1.7477,561,-1,-1,0.7914,226.27,205.30,100.44,83.12,293.50,357.50,55.00,55.00,0.0000,166.38,1,0,2.7057,ACCEPT,0,894,1076,13831,1,50,561,0,0,0,0
125,0,1,1,ACCEPT,27.7518,2.0870,672,-1,0,0.9688,224.70,205.30,100.44,83.12,291.00,351.50,48.00,45.00,0.0000,160.53,1,0,2.7269,ACCEPT,0,946,1134,12067,1,50,672,0,0,0,0
126,0,1,1,ACCEPT,25.6243,1.9469,660,0,-1,0.8606,224.70,204.01,100.44,83.12,286.50,351.00,39.00,44.00,0.0000,159.45,1,0,2.7315,ACCEPT,0,859,1189,13808,1,50,660,0,0,0,0
127,0,1,1,ACCEPT,23.1099,2.2824,582,-3,0,0.4897,219.99,204.01,104.45,86.45,286.50,351.00,43.00,46.00,0.0000,161.34,1,1,2.6399,ACCEPT,0,1021,1094,11048,1,50,582,0,0,0,0
128,0,1,1,ACCEPT,16.6033,1.7865,318,-4,0,0.4843,213.46,204.01,104.45,86.45,281.50,350.00,53.00,46.00,0.0000,161.07,1,0,2.7669,ACCEPT,0,946,1136,8189,1,50,318,0,0,0,0
129,0,1,1,ACCEPT,11.9439,1.0446,211,-8,0,0.4360,200.40,204.01,104.45,86.45,277.00,356.00,48.00,48.00,0.0000,170.20,1,0,2.4804,ACCEPT,0,781,1127,8199,1,50,211,0,0,0,0
130,0,1,1,ACCEPT,12.4979,1.4770,257,-3,8,0.5058,195.50,214.82,104.45,86.45,274.50,357.00,51.00,50.00,0.0000,162.65,1,0,2.7899,ACCEPT,0,780,1176,8401,1,50,257,0,0,0,0
131,0,1,1,ACCEPT,13.8877,1.0818,344,2,-4,0.5174,198.77,209.41,104.45,86.45,274.00,358.00,56.00,48.00,0.0000,166.55,1,0,2.9345,ACCEPT,0,877,1513,8803,1,50,344,0,0,0,0
132,0,1,1,ACCEPT,15.7525,1.5622,289,-5,5,0.1349,190.60,216.17,104.45,86.45,269.00,359.50,62.00,53.00,0.0000,163.37,1,0,3.0753,ACCEPT,0,743,1248,8328,1,50,289,0,0,0,0
133,0,1,1,ACCEPT,16.8731,1.5698,416,-4,3,0.4952,184.07,220.23,104.45,86.45,268.00,361.50,52.00,47.00,0.0000,164.32,1,0,3.2213,ACCEPT,0,793,1371,8246,1,50,416,0,0,0,0
134,0,1,1,ACCEPT,17.9424,1.6782,485,0,2,0.8289,184.07,222.93,104.45,86.45,267.00,364.00,50.00,44.00,0.0000,163.64,1,0,3.1965,ACCEPT,0,801,1636,8732,1,50,485,0,0,0,0
135,0,1,1,ACCEPT,22.7070,2.3134,657,-1,0,0.9954,182.44,222.93,104.45,86.45,268.00,366.00,56.00,46.00,0.0000,166.70,1,0,3.2276,ACCEPT,0,871,1523,9928,1,50,657,0,0,0,0
136,0,1,1,ACCEPT,25.7782,2.4778,726,1,2,0.5110,184.07,225.63,104.45,86.45,269.50,370.00,47.00,44.00,0.0000,167.75,1,0,3.2413,ACCEPT,0,908,1591,10129,1,50,726,0,0,0,0
137,0,1,1,ACCEPT,29.8627,2.9963,806,-1,1,0.8933,182.44,226.98,104.45,86.45,269.50,369.00,51.00,48.00,0.0000,166.58,1,0,3.2446,ACCEPT,0,904,1498,12334,1,50,806,0,0,0,0
138,0,1,1,ACCEPT,32.4196,3.1392,992,1,0,0.9556,184.07,226.98,104.45,86.45,263.00,370.00,38.00,50.00,0.0000,163.35,1,0,3.1471,ACCEPT,0,1107,1576,12077,1,50,992,0,0,0,0
139,0,1,1,ACCEPT,31.5404,3.2676,977,0,0,1.0000,184.07,226.98,104.45,86.45,270.00,371.00,52.00,44.00,0.0000,167.70,1,0,3.1768,ACCEPT,0,1109,1429,13434,1,50,977,0,0,0,0
140,0,1,1,ACCEPT,30.9257,3.2536,911,0,0,1.0000,184.07,226.98,104.45,86.45,271.00,373.00,54.00,44.00,0.0000,169.93,1,0,3.1910,ACCEPT,0,994,1147,14446,1,50,911,0,0,0,0
141,0,1,1,ACCEPT,26.5152,2.9896,864,-2,0,0.8310,180.80,226.98,104.45,86.45,267.00,371.50,56.00,47.00,0.0000,168.27,1,0,3.1400,ACCEPT,0,1323,1184,14506,1,50,864,0,0,0,0
142,0,1,1,ACCEPT,25.4896,2.7026,627,0,0,1.0000,180.80,226.98,104.45,86.45,266.00,374.00,56.00,44.00,0.0000,169.92,1,0,3.1146,ACCEPT,0,1392,1240,9731,1,50,627,0,0,0,0
143,0,1,1,ACCEPT,28.1473,2.6000,403,-1,0,0.9702,179.17,226.98,104.45,86.45,267.50,376.00,55.00,52.00,0.0000,173.23,1,0,3.1234,ACCEPT,0,730,1108,10321,1,50,403,0,0,0,0
144,0,1,1,ACCEPT,24.3667,2.9301,545,-1,0,0.9560,177.54,226.98,104.45,86.45,267.00,379.00,58.00,50.00,0.0000,176.39,1,0,3.1064,ACCEPT,0,953,1340,10319,1,50,545,0,0,0,0
145,0,1,1,ACCEPT,26.1954,3.0526,580,-2,1,0.8517,174.27,228.34,104.45,86.45,265.50,378.50,55.00,49.00,0.0000,175.70,1,0,3.0965,ACCEPT,0,844,1314,10180,1,50,580,0,0,0,0
146,0,1,1,ACCEPT,22.2409,3.5118,446,-1,2,0.7668,172.64,231.04,104.45,86.45,265.00,381.00,54.00,48.00,0.0000,176.12,1,0,2.9522,ACCEPT,0,820,1185,11306,1,50,446,0,0,0,0
147,0,1,1,ACCEPT,15.0053,1.8529,315,-2,3,0.5746,169.38,235.09,104.45,86.45,268.50,380.50,51.00,45.00,0.0000,175.98,1,0,3.0086,ACCEPT,0,751,916,18909,1,50,315,0,0,0,0
148,0,1,1,ACCEPT,17.6224,2.1784,464,1,0,0.8987,171.01,235.09,104.45,86.45,266.50,385.50,51.00,55.00,0.0000,178.16,1,0,2.8724,ACCEPT,0,986,802,23757,1,50,464,0,0,0,0
149,0,1,1,ACCEPT,20.0578,2.4336,623,1,-1,0.8218,172.64,233.74,104.45,86.45,267.50,382.00,55.00,48.00,0.0000,176.01,1,0,3.0691,ACCEPT,0,1531,911,23435,1,50,623,0,0,0,0
150,0,1,1,ACCEPT,24.7088,2.7446,763,0,-1,0.8480,172.64,232.39,104.45,86.45,265.00,385.50,50.00,43.00,0.0000,178.81,1,0,3.1728,ACCEPT,0,1437,1150,24033,1,50,763,0,0,0,0
151,0,1,1,ACCEPT,26.6522,2.9444,848,0,0,1.0000,172.64,232.39,104.45,86.45,266.00,380.00,50.00,52.00,0.0000,174.66,1,0,3.0822,ACCEPT,0,1476,1391,14426,1,50,848,0,0,0,0
152,0,1,1,ACCEPT,27.7259,2.8661,728,-2,0,0.7995,169.38,232.39,104.45,86.45,265.00,381.50,54.00,45.00,0.0000,177.14,1,0,3.0435,ACCEPT,0,1034,1547,14144,1,50,728,0,0,0,0
153,0,1,1,ACCEPT,26.7753,3.0294,721,-2,0,0.7323,166.11,232.39,104.45,86.45,261.00,381.50,50.00,47.00,0.0000,176.74,1,0,3.0447,ACCEPT,0,1082,1614,12901,1,50,721,0,0,0,0
154,0,1,1,ACCEPT,27.5253,2.7675,750,0,0,1.0000,166.11,232.39,104.45,86.45,262.50,383.00,57.00,44.00,0.0000,178.81,1,0,3.0437,ACCEPT,0,1001,1887,11258,1,50,750,0,0,0,0
155,0,1,1,ACCEPT,27.2125,2.6970,712,1,-2,0.8104,167.74,229.69,108.63,89.90,259.00,383.50,50.00,47.00,0.0000,178.85,1,1,2.9609,ACCEPT,0,920,1931,10044,1,50,712,0,0,0,0
156,0,1,1,ACCEPT,31.6632,3.2609,750,2,-2,0.5907,171.13,226.88,108.63,89.90,259.00,383.50,48.00,43.00,0.0000,179.59,1,0,2.9249,ACCEPT,0,800,1912,10918,1,50,750,0,0,0,0
157,0,1,1,ACCEPT,31.9509,3.4310,820,3,-1,0.3756,176.22,225.47,108.63,89.90,262.00,384.50,50.00,41.00,0.0000,180.69,1,0,2.9603,ACCEPT,0,935,1865,11494,1,50,820,0,0,0,0
158,0,1,1,ACCEPT,32.0580,3.5783,823,0,-1,0.8773,176.22,224.06,108.63,89.90,264.50,383.00,53.00,42.00,0.0000,181.81,1,0,2.9221,ACCEPT,0,865,1810,10918,1,50,823,0,0,0,0
159,0,1,1,ACCEPT,32.8786,3.2529,849,2,-3,0.4382,179.61,219.84,112.98,93.50,266.00,381.00,54.00,46.00,0.0000,182.85,1,1,2.8918,ACCEPT,0,946,1866,10710,1,50,849,0,0,0,0
160,0,1,1,ACCEPT,32.3540,3.6681,851,3,-5,0.1669,184.91,212.54,112.98,93.50,270.00,378.50,50.00,45.00,0.0000,186.50,1,0,2.8849,ACCEPT,0,801,2008,11625,1,50,851,0,0,0,0
161,0,1,1,ACCEPT,32.7165,3.1807,757,1,-1,0.8137,186.67,211.08,112.98,93.50,268.50,378.50,49.00,43.00,0.0000,186.35,1,1,2.8906,OUT_OF_RANGE,0,833,1885,11399,1,50,757,0,0,0,0
162,0,1,1,ACCEPT,27.5017,2.1681,774,3,-4,0.3346,191.97,205.23,112.98,93.50,271.00,375.50,48.00,43.00,0.0000,187.71,1,1,2.8166,OUT_OF_RANGE,0,902,1981,12056,1,50,774,0,0,0,0
163,0,1,1,ACCEPT,24.4706,1.5193,670,-1,-4,0.6149,190.20,199.39,112.98,93.50,272.00,372.00,52.00,42.00,0.0000,191.01,1,1,2.8079,OUT_OF_RANGE,0,864,1933,12103,1,50,670,0,0,0,0
164,0,1,1,ACCEPT,26.9056,1.6734,666,-3,0,0.4309,184.91,199.39,112.98,93.50,269.50,371.00,53.00,42.00,0.0000,191.33,1,1,2.8167,OUT_OF_RANGE,0,806,1694,15366,1,50,666,0,0,0,0
165,0,1,1,ACCEPT,24.6101,1.6502,736,-3,-2,0.5122,179.61,196.47,112.98,93.50,266.00,372.00,48.00,38.00,0.0000,195.64,1,1,2.7893,OUT_OF_RANGE,0,904,1757,14954,1,50,736,0,0,0,0
166,0,1,1,ACCEPT,24.8494,1.7621,763,-2,-2,0.6527,176.08,193.55,112.98,93.50,263.50,372.50,47.00,43.00,0.0000,199.17,1,1,2.8029,OUT_OF_RANGE,0,900,1759,12979,1,50,763,0,0,0,0
167,0,1,1,ACCEPT,22.8248,1.7418,634,2,-3,0.0868,179.61,189.16,112.98,93.50,263.00,371.00,50.00,44.00,0.0000,200.05,1,1,2.7091,OUT_OF_RANGE,0,779,1689,12668,1,50,634,0,0,0,0
168,0,1,1,ACCEPT,16.7757,1.5877,570,1,-3,0.5123,181.38,184.78,112.98,93.50,266.00,368.00,54.00,44.00,0.0000,201.82,1,1,2.3862,OUT_OF_RANGE,0,970,1775,14109,1,50,570,0,0,0,0
169,0,1,1,ACCEPT,23.7318,2.3123,696,2,-4,0.1437,184.91,178.94,112.98,93.50,265.50,368.00,51.00,42.00,0.0000,205.52,1,1,2.8422,OUT_OF_RANGE,0,1024,1498,15174,1,50,696,0,0,0,0
170,0,1,1,ACCEPT,22.8787,2.0423,435,-1,-4,0.1632,183.14,173.09,112.98,93.50,266.50,364.00,49.00,38.00,0.0000,208.31,1,1,2.6580,OUT_OF_RANGE,0,734,1307,14314,1,50,435,0,0,0,0
171,0,1,1,ACCEPT,23.4216,2.5220,517,0,-3,0.1663,183.14,168.71,112.98,93.50,267.00,360.00,52.00,42.00,0.0000,208.86,1,1,2.5905,OUT_OF_RANGE,0,807,1327,14352,1,50,517,0,0,0,0
172,0,1,1,ACCEPT,25.1292,2.8630,627,-1,-4,0.0622,181.38,162.87,112.98,93.50,266.00,359.00,52.00,40.00,0.0000,213.61,1,1,2.7290,OUT_OF_RANGE,0,903,1482,14152,1,50,627,0,0,0,0
173,0,1,1,ACCEPT,26.1191,3.0192,628,-1,-3,0.3089,179.61,158.48,112.98,93.50,263.00,355.50,52.00,43.00,0.0000,213.94,1,1,2.7027,OUT_OF_RANGE,0,857,1321,15563,1,50,628,0,0,0,0
174,0,1,1,ACCEPT,27.0624,3.2604,626,-2,-2,0.6550,176.08,155.56,112.98,93.50,264.00,356.00,50.00,40.00,0.0000,218.87,1,0,2.8383,ACCEPT,0,854,1269,14271,1,50,626,0,0,0,0
175,0,1,1,ACCEPT,28.1005,3.5226,701,-1,-3,0.2981,174.31,151.18,112.98,93.50,263.50,354.50,55.00,41.00,0.0000,222.02,1,1,2.8598,OUT_OF_RANGE,0,796,1258,15092,1,50,701,0,0,0,0
176,0,1,1,ACCEPT,27.5389,4.0608,735,-2,-1,0.7102,170.78,149.72,112.98,93.50,262.50,353.50,57.00,39.00,0.0000,223.47,1,0,2.9947,ACCEPT,0,1161,1341,15962,1,50,735,0,0,0,0
177,0,1,1,ACCEPT,35.8685,4.6473,962,-1,-1,0.6674,169.02,148.26,112.98,93.50,262.00,354.50,56.00,39.00,0.0000,226.23,1,1,2.7886,OUT_OF_RANGE,0,908,1418,18118,1,50,962,0,0,0,0
178,0,1,1,ACCEPT,34.5149,4.3258,1142,-4,0,0.4343,161.95,148.26,112.98,93.50,259.50,354.00,55.00,40.00,0.0000,227.70,1,0,2.8498,ACCEPT,0,1420,1580,13876,1,50,1142,0,0,0,0
179,0,1,1,ACCEPT,36.7134,4.3162,1092,-4,-1,0.3736,154.89,146.80,112.98,93.50,258.00,355.00,50.00,42.00,0.0000,232.34,1,0,2.8955,ACCEPT,0,1306,1514,14339,1,50,1092,0,0,0,0
180,0,1,1,ACCEPT,40.9159,4.7358,1255,-3,-1,0.4183,149.59,145.34,112.98,93.50,253.00,356.50,52.00,41.00,0.0000,235.12,1,0,2.8059,ACCEPT,0,1278,1535,13208,1,50,1255,0,0,0,0
181,0,1,1,ACCEPT,41.3069,5.0769,1254,-4,-1,0.3421,142.53,143.88,112.98,93.50,252.50,355.50,53.00,39.00,0.0000,238.49,1,0,2.8417,ACCEPT,0,1142,1529,12974,1,50,1254,0,0,0,0
182,0,1,1,ACCEPT,42.6764,5.0934,1309,-3,-1,0.4637,137.23,142.41,112.98,93.50,254.00,358.00,56.00,42.00,0.0000,245.18,1,0,2.9190,ACCEPT,0,1103,1749,11176,1,50,1309,0,0,0,0
183,0,1,1,ACCEPT,40.5569,5.4612,1267,-1,-1,0.7743,135.47,140.95,112.98,93.50,250.50,358.00,53.00,38.00,0.0000,245.65,1,1,2.8214,OUT_OF_RANGE,0,1084,1863,12094,1,50,1267,0,0,0,0
184,0,1,1,ACCEPT,37.0998,4.5978,1246,-2,-2,0.4711,131.94,138.03,112.98,93.50,247.00,358.00,50.00,40.00,0.0000,248.25,1,0,2.6903,ACCEPT,0,1084,1995,10307,1,50,1246,0,0,0,0
185,0,1,1,ACCEPT,39.3133,4.7273,1352,-2,-2,0.4216,128.41,135.11,112.98,93.50,250.00,357.50,58.00,41.00,0.0000,253.46,1,0,2.8789,ACCEPT,0,1125,2044,11228,1,50,1352,0,0,0,0
186,0,1,1,ACCEPT,38.6007,4.9233,1413,0,-1,0.7799,128.41,133.65,112.98,93.50,249.50,357.50,55.00,43.00,0.0000,254.51,1,1,2.8071,OUT_OF_RANGE,0,1262,2122,10966,1,50,1413,0,0,0,0
187,0,1,1,ACCEPT,37.0408,4.9173,1367,-2,-3,0.1258,124.88,129.27,112.98,93.50,247.50,358.50,53.00,45.00,0.0000,259.97,1,1,2.7222,OUT_OF_RANGE,0,1069,2097,11035,1,50,1367,0,0,0,0
188,0,1,1,ACCEPT,36.2837,4.2711,1465,-2,-1,0.5966,121.34,127.80,112.98,93.50,250.00,360.00,56.00,46.00,0.0000,265.46,1,0,2.7167,ACCEPT,0,1217,2100,10098,1,50,1465,0,0,0,0
189,0,1,1,ACCEPT,36.2167,3.9760,1491,-2,-3,0.4051,117.81,123.42,112.98,93.50,248.00,358.00,56.00,48.00,0.0000,268.28,1,1,2.7764,OUT_OF_RANGE,0,1240,2094,9459,1,50,1491,0,0,0,0
190,0,1,1,ACCEPT,34.7579,2.8516,1403,-2,-1,0.6258,114.28,121.96,112.98,93.50,246.50,360.50,49.00,39.00,0.0000,272.73,1,0,2.6276,ACCEPT,0,1391,2115,7266,1,50,1403,0,0,0,0
191,0,1,1,ACCEPT,34.2894,3.1281,1148,-4,-2,0.3014,107.22,119.04,112.98,93.50,242.50,360.50,47.00,39.00,0.0000,276.78,1,1,2.7000,OUT_OF_RANGE,0,1087,2029,7444,1,50,1148,0,0,0,0
192,0,1,1,ACCEPT,32.9678,2.7003,1072,-3,-2,0.2966,101.92,116.12,112.98,93.50,243.50,362.50,55.00,43.00,0.0000,284.16,1,1,2.7219,OUT_OF_RANGE,0,962,1985,9385,1,50,1072,0,0,0,0
193,0,1,1,ACCEPT,27.8006,2.0951,1146,-3,-1,0.3901,96.62,114.66,112.98,93.50,229.50,355.50,25.00,31.00,0.0000,275.07,1,0,2.5403,ACCEPT,0,1317,2006,12365,1,50,1146,0,0,0,0
194,0,1,1,ACCEPT,30.6231,3.1242,1509,-2,-4,0.0007,93.09,108.81,112.98,93.50,242.00,360.50,54.00,41.00,0.0000,292.44,1,0,2.4189,ACCEPT,0,1737,1971,13031,1,50,1509,0,0,0,0
195,0,1,1,ACCEPT,32.3794,3.8030,1525,0,-3,0.5207,93.09,104.43,112.98,93.50,240.00,361.50,54.00,39.00,0.0000,296.09,1,1,2.5309,OUT_OF_RANGE,0,1551,1983,12511,1,50,1525,0,0,0,0
196,0,1,1,ACCEPT,31.0895,2.6464,1826,-2,-3,0.3713,89.56,100.05,112.98,93.50,237.50,362.50,53.00,37.00,0.0000,301.28,1,0,2.4809,ACCEPT,0,1809,2051,12008,1,50,1826,0,0,0,0
197,0,1,1,ACCEPT,43.3827,4.2946,2405,-2,-3,0.1489,86.03,95.66,112.98,93.50,237.00,363.00,54.00,40.00,0.0000,307.02,1,0,2.5895,ACCEPT,0,3099,1487,11482,1,50,2405,0,0,0,0
198,0,1,1,ACCEPT,30.9352,1.7540,977,-1,-3,0.1013,84.27,91.28,112.98,93.50,236.50,362.50,53.00,41.00,0.0000,311.02,1,1,2.6077,OUT_OF_RANGE,0,1312,1817,7265,1,50,977,0,0,0,0
199,0,1,1,ACCEPT,18.0894,1.7372,747,-3,-2,0.2811,78.97,88.36,112.98,93.50,235.50,362.50,57.00,41.00,0.0000,315.68,1,0,2.5364,ACCEPT,0,1989,2117,6220,1,50,747,0,0,0,0
200,0,1,1,ACCEPT,21.0178,1.6286,741,-3,-3,0.1484,73.67,83.98,112.98,93.50,235.00,361.50,52.00,39.00,0.0000,321.01,1,0,2.5532,ACCEPT,0,1327,2019,6114,1,50,741,0,0,0,0
201,0,1,1,ACCEPT,24.5595,1.1973,722,-3,-3,0.0942,68.38,79.59,112.98,93.50,234.50,363.50,53.00,39.00,0.0000,328.94,1,0,2.4712,ACCEPT,0,824,2025,5493,1,50,722,0,0,0,0
202,0,1,1,ACCEPT,23.8138,1.2658,1143,-4,-2,0.1837,61.31,76.67,112.98,93.50,234.50,363.50,51.00,39.00,0.0000,335.06,1,1,2.7415,OUT_OF_RANGE,0,1495,1819,6642,1,50,1143,0,0,0,0
203,0,1,1,ACCEPT,21.7381,1.1216,1070,-4,-2,0.2140,54.25,73.75,112.98,93.50,238.00,366.00,58.00,42.00,0.0000,345.22,1,1,2.3692,OUT_OF_RANGE,0,1591,1399,8649,1,50,1070,0,0,0,0
204,0,1,1,ACCEPT,21.6302,1.0832,1341,-6,-2,0.1208,43.66,70.83,112.98,93.50,236.00,367.00,56.00,44.00,0.0000,353.15,1,0,2.4589,ACCEPT,0,1823,1293,9239,1,50,1341,0,0,0,0
205,0,1,1,ACCEPT,21.5043,1.1238,1380,-6,-2,0.1681,33.06,67.91,112.98,93.50,237.00,365.00,58.00,40.00,0.0000,360.35,1,0,2.3299,ACCEPT,0,1878,1634,6788,1,50,1380,0,0,0,0
206,0,1,1,ACCEPT,15.1085,1.0483,1107,-4,-1,0.3939,26.00,66.45,112.98,93.50,237.50,362.50,55.00,55.00,0.0000,363.84,1,0,2.2615,ACCEPT,0,2710,1210,9325,1,50,1107,0,0,0,0
207,0,1,1,ACCEPT,13.7590,1.0321,740,6,-11,0.3392,36.59,50.38,108.63,89.90,234.00,372.50,54.00,49.00,0.0000,377.80,1,-1,2.2647,ACCEPT,0,1644,970,7635,1,50,740,0,0,0,0
208,0,1,1,ACCEPT,16.3044,1.4236,578,1,2,0.5277,38.29,53.19,100.44,83.12,236.00,373.50,54.00,45.00,0.0000,376.42,1,-2,2.1688,ACCEPT,0,1296,851,8242,1,50,578,0,0,0,0
209,0,1,1,ACCEPT,12.7793,1.0853,611,-8,0,0.1899,25.73,53.19,100.44,83.12,239.50,372.00,53.00,54.00,0.0000,383.85,1,-2,1.4028,LOW_CONF,0,2053,942,8050,1,50,611,0,0,0,0
210,0,1,1,ACCEPT,16.3188,1.0545,1065,11,-12,0.0329,43.00,37.62,100.44,83.12,249.50,373.00,47.00,42.00,0.0000,393.85,1,-1,1.8660,LOW_CONF,0,2025,1048,11643,1,50,1065,0,0,0,0
211,0,1,1,ACCEPT,17.7635,1.1969,1410,0,-3,0.1113,43.00,33.73,96.57,79.92,251.00,371.00,50.00,42.00,0.0000,396.25,1,-1,2.1833,ACCEPT,0,2615,1158,12545,1,50,1410,0,0,0,0
212,0,1,1,ACCEPT,14.0559,1.1981,1264,1,-9,0.0127,44.51,22.48,96.57,79.92,253.00,368.00,46.00,44.00,0.0000,403.55,1,-2,1.6401,LOW_CONF,0,4760,1424,8037,1,50,1264,0,0,0,0
213,0,1,1,ACCEPT,12.4114,1.0026,782,31,-5,0.1394,91.25,16.23,92.86,76.85,257.00,362.50,46.00,41.00,0.0000,383.89,1,-1,2.3181,ACCEPT,0,2004,1117,8489,1,50,782,0,0,0,0
214,0,1,1,ACCEPT,38.2584,4.4773,788,-1,-5,0.1155,89.80,10.22,89.29,73.89,257.00,364.50,46.00,41.00,0.0000,391.76,1,-1,2.3384,ACCEPT,0,820,1747,4542,1,50,788,0,0,0,0
215,0,1,1,ACCEPT,20.6836,1.2533,658,-4,-8,0.0608,84.20,0.97,89.29,73.89,255.50,365.00,43.00,40.00,0.0000,402.32,1,0,1.8086,LOW_CONF,0,875,1376,6041,1,50,658,0,0,0,0
216,0,1,1,ACCEPT,20.7690,1.1061,1313,7,-3,0.1653,93.99,-2.50,89.29,73.89,257.50,364.50,45.00,41.00,0.0000,401.78,1,0,2.2465,ACCEPT,0,1741,1195,6150,1,50,1313,0,0,0,0
217,0,1,1,ACCEPT,12.6651,1.0427,635,-13,2,0.4394,75.81,-0.19,85.85,71.05,259.00,365.00,46.00,36.00,0.0000,408.56,1,-1,2.4812,ACCEPT,0,1487,1311,4439,1,50,635,0,0,0,0
218,0,1,1,ACCEPT,16.5066,1.4512,759,-1,5,0.2833,74.47,5.36,85.85,71.05,258.50,366.00,53.00,42.00,0.0000,404.88,1,0,2.0061,ACCEPT,0,1398,979,6439,1,50,759,0,0,0,0
219,0,1,1,ACCEPT,16.8470,1.1182,861,-3,1,0.5215,70.44,6.47,85.85,71.05,259.50,366.50,55.00,47.00,0.0000,406.65,1,0,1.9079,LOW_CONF,0,1786,1309,5609,1,50,861,0,0,0,0
220,0,1,1,ACCEPT,12.2062,1.0109,741,1,-1,0.8124,71.78,5.36,85.85,71.05,254.00,363.50,46.00,41.00,0.0000,401.83,1,1,1.7955,LOW_CONF,0,2481,1498,4318,1,50,741,0,0,0,0
221,0,1,1,ACCEPT,15.0986,1.0575,736,-7,-1,0.8139,62.38,4.25,79.38,65.69,257.00,367.00,46.00,50.00,0.0000,411.66,1,-2,2.0297,ACCEPT,0,1281,1516,4125,1,50,736,0,0,0,0
222,0,1,1,ACCEPT,17.1822,1.8189,1215,2,-3,0.1597,64.86,1.18,76.32,63.16,260.00,368.50,42.00,45.00,0.0000,415.94,1,-1,2.4478,ACCEPT,0,2302,1731,4502,1,50,1215,0,0,0,0
223,0,1,1,ACCEPT,16.4325,1.3498,629,-4,-1,0.1828,60.08,0.20,70.57,58.40,261.50,367.50,43.00,39.00,0.0000,418.91,1,-2,2.1971,ACCEPT,0,1470,1966,3506,1,50,629,0,0,0,0
224,0,1,1,ACCEPT,14.0950,1.3750,385,6,-1,0.3870,66.69,-0.72,70.57,58.40,258.50,367.50,37.00,35.00,0.0000,415.18,1,-1,1.8694,LOW_CONF,0,1013,2445,2352,1,50,385,0,0,0,0
225,0,1,1,ACCEPT,17.5803,1.7723,358,1,-8,0.3017,67.79,-8.03,65.24,53.99,258.00,369.00,38.00,40.00,0.0000,422.29,1,-2,2.3121,ACCEPT,0,790,1621,2198,1,50,358,0,0,0,0
226,0,1,1,ACCEPT,15.4543,1.5412,131,-5,5,0.3053,62.71,-3.81,65.24,53.99,257.00,369.50,52.00,39.00,0.0000,420.84,1,0,2.7565,ACCEPT,0,413,2294,967,1,50,131,0,0,0,0
227,0,1,1,ACCEPT,16.9692,1.2789,376,-1,2,0.1223,61.70,-2.12,62.73,51.92,255.50,370.00,55.00,40.00,0.0000,419.57,1,-1,2.3582,ACCEPT,0,811,666,3484,1,50,376,0,0,0,0
228,0,1,1,ACCEPT,11.2483,1.1766,413,5,4,0.0775,66.58,1.12,62.73,51.92,254.50,367.00,53.00,44.00,0.0000,411.31,1,0,1.4179,LOW_CONF,0,1027,992,3260,1,50,413,0,0,0,0
229,0,1,1,ACCEPT,10.5999,1.0394,396,21,9,0.2247,87.09,8.44,58.00,48.00,254.50,368.50,45.00,37.00,0.0000,397.08,1,-2,2.3774,ACCEPT,0,984,1803,2568,1,50,396,0,0,0,0
230,0,1,1,ACCEPT,11.5473,1.1209,547,11,-3,0.1042,97.05,6.19,55.77,46.15,253.00,370.00,44.00,42.00,0.0000,395.83,1,-1,2.3697,ACCEPT,0,1379,1502,3421,1,50,547,0,0,0,0
231,0,1,1,ACCEPT,16.9339,1.2590,175,-11,-18,0.0743,87.43,-6.75,55.77,46.15,251.00,373.00,46.00,44.00,0.0000,413.48,1,0,2.6354,ACCEPT,0,275,1792,790,1,50,175,0,0,0,0
232,0,1,1,ACCEPT,17.8553,1.0896,73,-21,20,0.1507,69.05,7.62,55.77,46.15,252.00,376.00,38.00,40.00,0.0000,411.30,1,0,2.3245,ACCEPT,0,113,1807,780,1,50,73,0,0,0,0
233,0,1,1,ACCEPT,16.1919,1.1835,187,-15,-1,0.1872,55.93,6.91,55.77,46.15,257.50,373.00,45.00,42.00,0.0000,417.92,1,0,2.6064,ACCEPT,0,214,760,3087,1,50,187,0,0,0,0
234,0,1,0,NEGATIVE_PEAK,-10.9782,1.0113,-268,-10,-15,0.0970,55.93,6.91,55.77,46.15,256.50,373.00,45.00,40.00,0.0000,417.44,0,0,0.0000,NOT_RUN,0,752,1108,0,1,50,268,0,0,0,0
235,0,1,1,ACCEPT,11.5141,1.0947,208,36,-17,0.1923,87.43,-5.31,53.62,44.38,254.50,375.00,51.00,40.00,0.0000,415.39,1,-1,2.2717,ACCEPT,0,673,934,1850,1,50,208,0,0,0,0
236,0,1,1,ACCEPT,17.4491,1.8120,241,-1,-2,0.7801,86.59,-6.70,51.56,42.67,255.00,376.00,50.00,40.00,0.0000,418.12,1,-1,2.2450,ACCEPT,0,885,3578,578,1,50,241,0,0,0,0
237,0,1,1,ACCEPT,20.1212,1.9355,60,-25,3,0.0000,66.48,-4.71,47.67,39.45,259.00,378.50,40.00,37.00,0.0000,428.85,1,-2,2.2107,ACCEPT,0,201,6302,178,1,50,60,0,0,0,0
238,0,1,1,ACCEPT,12.1366,1.1023,97,-12,-1,0.3196,57.57,-5.33,44.08,36.48,262.00,378.00,46.00,40.00,0.0000,434.43,1,-2,2.2248,ACCEPT,0,454,2043,905,1,50,97,0,0,0,0
239,0,1,1,ACCEPT,19.0285,2.1951,90,-2,-1,0.4111,56.20,-5.90,42.38,35.07,257.50,379.50,49.00,45.00,0.0000,434.81,1,-1,2.1711,ACCEPT,0,315,4374,359,1,50,90,0,0,0,0
240,0,1,1,ACCEPT,18.0010,1.5873,100,-8,16,0.2200,50.88,2.85,42.38,35.07,261.00,378.50,44.00,43.00,0.0000,430.42,1,0,2.0676,ACCEPT,0,313,5357,305,1,50,100,0,0,0,0
241,0,1,1,ACCEPT,11.6065,1.3333,80,-5,8,0.6125,47.56,7.23,39.18,32.43,260.00,379.50,44.00,45.00,0.0000,428.62,1,-2,2.2747,ACCEPT,0,298,1161,1126,1,50,80,0,0,0,0
242,0,1,1,ACCEPT,11.1128,1.3148,71,-11,9,0.1127,40.86,11.80,39.18,32.43,259.00,384.00,42.00,50.00,0.0000,431.42,1,0,1.8745,LOW_CONF,0,238,1239,1140,1,50,71,0,0,0,0
243,0,1,1,ACCEPT,9.0610,1.0855,127,0,-16,0.3780,40.86,3.67,39.18,32.43,260.00,387.50,44.00,49.00,0.0000,441.98,1,0,1.8202,LOW_CONF,0,624,1218,2201,1,50,127,0,0,0,0
244,0,1,0,NEGATIVE_PEAK,-10.2754,1.1884,-164,5,7,0.1768,40.86,3.67,39.18,32.43,261.50,391.00,47.00,50.00,0.0000,445.76,0,0,0.0000,NOT_RUN,0,1096,2658,0,1,50,164,0,0,0,0
245,0,1,0,NEGATIVE_PEAK,-9.0111,1.0147,-277,12,15,0.0217,40.86,3.67,39.18,32.43,259.50,391.50,41.00,49.00,0.0000,445.21,0,0,0.0000,NOT_RUN,0,1901,1929,0,1,50,277,0,0,0,0
246,0,1,0,NEGATIVE_PEAK,-8.8351,1.0431,-242,12,25,0.0207,40.86,3.67,39.18,32.43,259.50,393.50,45.00,51.00,0.0000,446.96,0,0,0.0000,NOT_RUN,0,1670,4277,0,1,50,242,0,0,0,0
247,0,1,0,NEGATIVE_PEAK,-11.4030,1.0260,-394,2,19,0.0457,40.86,3.67,39.18,32.43,259.00,396.00,48.00,48.00,0.0000,448.89,0,0,0.0000,NOT_RUN,0,2119,3567,0,1,50,394,0,0,0,0
248,0,1,0,NEGATIVE_PEAK,-10.1104,1.0489,-365,19,19,0.0027,40.86,3.67,39.18,32.43,260.50,393.00,47.00,50.00,0.0000,447.01,0,0,0.0000,NOT_RUN,0,2158,3110,0,1,50,365,0,0,0,0
249,0,1,0,NEGATIVE_PEAK,-12.4722,1.2160,-546,7,10,0.0073,40.86,3.67,39.18,32.43,259.50,398.00,49.00,38.00,0.0000,450.89,0,0,0.0000,NOT_RUN,0,2710,2627,0,1,50,546,0,0,0,0
250,0,1,0,NEGATIVE_PEAK,-8.9994,1.0181,-450,8,5,0.0444,40.86,3.67,39.18,32.43,257.50,399.00,49.00,38.00,0.0000,450.80,0,0,0.0000,NOT_RUN,0,3108,2594,0,1,50,450,0,0,0,0
251,0,1,0,NEGATIVE_PEAK,-9.1657,1.0235,-479,19,2,0.8184,40.86,3.67,39.18,32.43,257.00,400.50,46.00,39.00,0.0000,451.87,0,0,0.0000,NOT_RUN,0,3293,2213,0,1,50,479,0,0,0,0
252,0,1,0,NEGATIVE_PEAK,-9.4555,1.0534,-513,-3,-3,0.5127,40.86,3.67,39.18,32.43,256.00,401.00,46.00,34.00,0.0000,451.84,0,0,0.0000,NOT_RUN,0,3234,2011,0,1,50,513,0,0,0,0
253,0,1,0,NEGATIVE_PEAK,-11.1297,1.0468,-559,20,-3,0.0268,40.86,3.67,39.18,32.43,258.00,397.50,48.00,43.00,0.0000,449.72,0,0,0.0000,NOT_RUN,0,2914,1155,0,1,50,559,0,0,0,0
254,0,1,0,NEGATIVE_PEAK,-10.5981,1.0250,-492,23,-4,0.3191,40.86,3.67,39.18,32.43,257.50,398.50,53.00,43.00,0.0000,450.36,0,0,0.0000,NOT_RUN,0,2601,1465,0,1,50,492,0,0,0,0
255,0,1,0,NEGATIVE_PEAK,-13.2838,1.0846,-487,7,-9,0.1109,40.86,3.67,39.18,32.43,257.50,403.50,47.00,39.00,0.0000,454.75,0,0,0.0000,NOT_RUN,0,1933,1157,0,1,50,487,0,0,0,0
256,0,1,1,ACCEPT,19.8112,2.5841,292,1,22,0.0274,41.47,14.84,39.18,32.43,254.50,403.00,37.00,40.00,0.0000,442.77,1,0,2.2679,ACCEPT,0,612,1849,1743,1,50,292,0,0,0,0
257,0,1,0,NEGATIVE_PEAK,-9.8862,1.4400,-36,12,20,0.2222,41.47,14.84,39.18,32.43,254.00,402.50,44.00,39.00,0.0000,442.09,0,0,0.0000,NOT_RUN,0,111,5978,0,1,50,36,0,0,0,0
258,0,1,0,NEGATIVE_PEAK,-9.1985,1.1600,-29,-19,25,0.1379,41.47,14.84,39.18,32.43,250.50,403.50,41.00,39.00,0.0000,441.30,0,0,0.0000,NOT_RUN,0,95,8511,0,1,50,29,0,0,0,0
259,0,1,1,ACCEPT,20.7609,1.3784,153,19,-11,0.0980,53.05,9.26,39.18,32.43,252.00,401.50,46.00,39.00,0.0000,439.81,1,0,2.0818,ACCEPT,0,269,7443,373,1,50,153,0,0,0,0
260,0,1,0,NEGATIVE_PEAK,-15.5823,1.9394,-128,2,1,0.7109,53.05,9.26,39.18,32.43,255.00,403.00,32.00,34.00,0.0000,442.51,0,0,0.0000,NOT_RUN,0,244,4197,0,1,50,128,0,0,0,0
261,0,1,0,NEGATIVE_PEAK,-8.7922,1.0222,-92,6,1,0.6304,53.05,9.26,39.18,32.43,253.50,400.50,45.00,37.00,0.0000,439.60,0,0,0.0000,NOT_RUN,0,401,7048,0,1,50,92,0,0,0,0
262,0,1,0,NEGATIVE_PEAK,-13.4182,1.3390,-158,5,1,0.0886,53.05,9.26,39.18,32.43,256.00,400.00,50.00,38.00,0.0000,440.31,0,0,0.0000,NOT_RUN,0,344,6828,0,1,50,158,0,0,0,0
263,0,1,1,ACCEPT,8.4622,1.2245,120,20,-15,0.1833,65.23,1.64,39.18,32.43,257.50,398.00,53.00,38.00,0.0000,440.53,1,-2,1.8277,LOW_CONF,0,556,3831,474,1,50,120,0,0,0,0
264,0,1,0,NEGATIVE_PEAK,-10.0777,1.1385,-74,12,-1,0.5270,65.23,1.64,39.18,32.43,258.00,401.00,52.00,36.00,0.0000,443.45,0,0,0.0000,NOT_RUN,0,305,3061,0,1,50,74,0,0,0,0
265,0,1,1,ACCEPT,20.6257,1.3602,287,-20,2,0.0279,53.05,2.66,39.18,32.43,256.50,400.00,49.00,38.00,0.0000,446.40,1,1,1.9833,LOW_CONF,0,575,1563,1242,1,50,287,0,0,0,0
266,0,1,1,ACCEPT,9.3830,1.0745,101,4,-3,0.1188,55.48,1.13,40.75,33.72,257.00,400.50,48.00,37.00,0.0000,447.33,1,1,2.0794,ACCEPT,0,266,3825,478,1,50,101,0,0,0,0
267,0,1,1,ACCEPT,19.7910,1.3915,391,29,-11,0.0205,74.06,-4.62,39.18,32.43,253.50,400.00,43.00,38.00,0.0000,442.63,1,-1,2.3440,ACCEPT,0,818,2087,1071,1,50,391,0,0,0,0
268,0,1,1,ACCEPT,16.0964,1.6032,101,43,2,0.0396,100.27,-3.61,39.18,32.43,257.00,400.50,46.00,37.00,0.0000,433.44,1,-3,2.1195,MAX_STEP,0,294,3980,677,1,50,101,0,0,0,0
269,0,1,1,ACCEPT,14.4122,1.6596,156,46,18,0.0897,128.30,5.53,37.68,31.18,257.00,401.50,44.00,37.00,0.0000,416.36,1,-1,2.3515,ACCEPT,0,413,1306,1409,1,50,156,0,0,0,0
270,0,1,1,ACCEPT,24.0996,1.6765,679,1,-7,0.0781,128.88,2.14,37.68,31.18,258.00,401.00,46.00,36.00,0.0000,419.24,1,0,2.3404,ACCEPT,0,1009,1882,2342,1,50,679,0,0,0,0
271,0,1,1,ACCEPT,24.1221,1.7050,1156,9,-5,0.0372,134.16,-0.28,34.83,28.83,250.00,401.00,52.00,36.00,0.0000,417.67,1,-2,2.1607,ACCEPT,0,1630,2222,3370,1,50,1156,0,0,0,0
272,0,1,1,ACCEPT,15.3620,1.1916,541,11,2,0.1386,140.17,0.62,33.49,27.72,254.00,401.00,50.00,40.00,0.0000,416.24,1,-1,2.1816,ACCEPT,0,1344,4183,1084,1,50,541,0,0,0,0
273,0,1,1,ACCEPT,18.3371,1.9926,271,5,3,0.1292,142.79,1.91,32.21,26.65,247.50,401.00,47.00,40.00,0.0000,412.59,1,-1,2.0223,ACCEPT,0,587,3436,946,1,50,271,0,0,0,0
274,0,1,0,NEGATIVE_PEAK,-9.7243,1.3083,-157,38,20,0.0255,142.79,1.91,32.21,26.65,0.00,0.00,0.00,0.00,0.0000,142.80,0,0,0.0000,NOT_RUN,0,551,3931,0,1,50,157,0,0,0,0
275,0,1,1,ACCEPT,11.4853,1.3365,139,-25,1,0.2950,130.29,2.33,32.21,26.65,249.50,401.50,39.00,37.00,0.0000,416.59,1,1,1.8231,LOW_CONF,0,378,5326,460,1,50,139,0,0,0,0
276,0,1,1,ACCEPT,9.1151,1.0923,71,-7,1,0.0563,126.79,2.74,32.21,26.65,252.00,404.00,44.00,38.00,0.0000,420.34,1,-4,1.4125,MAX_STEP,0,263,7098,289,1,50,71,0,0,0,0
277,0,1,0,NEGATIVE_PEAK,-13.6468,1.4615,-95,3,18,0.1579,126.79,2.74,32.21,26.65,248.50,403.00,39.00,38.00,0.0000,418.35,0,0,0.0000,NOT_RUN,0,230,6832,0,1,50,95,0,0,0,0
278,0,1,0,NEGATIVE_PEAK,-16.0178,1.2027,-89,27,18,0.1461,126.79,2.74,32.21,26.65,253.00,387.50,44.00,39.00,0.0000,404.93,0,0,0.0000,NOT_RUN,0,181,6378,0,1,50,89,0,0,0,0
279,0,1,1,ACCEPT,14.6152,1.3611,147,0,32,0.0476,126.79,15.99,32.21,26.65,257.00,381.00,40.00,40.00,0.0000,387.54,1,3,2.0496,MAX_STEP,0,347,5874,519,1,50,147,0,0,0,0
280,0,1,1,ACCEPT,24.0777,2.1966,257,11,-26,0.0584,132.29,5.23,32.21,26.65,257.50,379.50,41.00,41.00,0.0000,394.66,1,0,2.3224,ACCEPT,0,562,5196,449,1,50,257,0,0,0,0
281,0,1,1,ACCEPT,18.9076,1.6833,101,-11,-6,0.0594,126.79,2.74,33.49,27.72,255.50,378.50,39.00,41.00,0.0000,397.19,1,1,2.3742,ACCEPT,0,187,5534,475,1,50,101,0,0,0,0
282,0,1,0,NEGATIVE_PEAK,-15.8957,1.6000,-168,6,-1,0.3155,126.79,2.74,33.49,27.72,255.50,379.50,35.00,39.00,0.0000,398.14,0,0,0.0000,NOT_RUN,0,602,3375,0,1,50,168,0,0,0,0
283,0,1,1,ACCEPT,8.9087,1.0778,97,15,-2,0.0103,134.64,1.88,33.49,27.72,255.50,377.00,33.00,48.00,0.0000,394.11,1,0,2.1938,ACCEPT,0,342,6934,491,1,50,97,0,0,0,0
284,0,1,1,ACCEPT,14.2805,1.5469,99,-1,1,0.7475,134.12,2.31,33.49,27.72,255.50,374.50,31.00,41.00,0.0000,391.48,1,-8,1.5909,MAX_STEP,0,248,4499,501,1,50,99,0,0,0,0
285,0,1,1,ACCEPT,7.5007,1.0435,72,25,4,0.1944,147.20,4.03,33.49,27.72,258.00,374.50,28.00,39.00,0.0000,386.68,1,0,1.5139,LOW_CONF,0,353,3215,693,1,50,72,0,0,0,0
286,0,1,0,NEGATIVE_PEAK,-10.0086,1.0345,-60,15,15,0.1500,147.20,4.03,33.49,27.72,256.50,374.50,29.00,37.00,0.0000,386.25,0,0,0.0000,NOT_RUN,0,251,1201,0,1,50,60,0,0,0,0
287,0,1,1,ACCEPT,12.5775,1.4595,108,37,18,0.3611,166.57,11.77,30.97,25.63,254.50,374.50,35.00,43.00,0.0000,373.24,1,-2,2.0613,ACCEPT,0,319,2639,939,1,50,108,0,0,0,0
288,0,1,0,NEGATIVE_PEAK,-7.3522,1.0417,-125,-14,5,0.0880,166.57,11.77,30.97,25.63,0.00,0.00,0.00,0.00,0.0000,166.99,0,0,0.0000,NOT_RUN,0,521,296,0,1,50,125,0,0,0,0
289,0,1,0,NEGATIVE_PEAK,-8.2123,1.0254,-121,-9,-6,0.0579,166.57,11.77,30.97,25.63,251.50,374.50,31.00,35.00,0.0000,372.54,0,0,0.0000,NOT_RUN,0,401,400,0,1,50,121,0,0,0,0
290,0,1,1,ACCEPT,10.6957,1.2676,180,16,7,0.1667,174.32,14.55,29.78,24.64,255.00,374.00,40.00,38.00,0.0000,368.39,1,-1,2.2186,ACCEPT,0,523,1103,4491,1,50,180,0,0,0,0
0,0,0,0,ZERO_RESPONSE,0.0000,0.0000,0,0,0,0.0000,293.50,258.50,55.00,47.00,293.50,258.50,55.00,47.00,1.0000,0.00,1,0,0.0000,NOT_RUN,0,0,2720,5978,2,100,0,0,0,0,0
1,0,1,1,ACCEPT,10.4223,1.1707,48,15,7,0.0417,306.39,263.64,55.00,47.00,316.00,271.50,46.00,41.00,0.4937,12.41,1,0,3.2181,ACCEPT,0,239,3005,6862,2,100,48,0,0,0,0
2,0,1,0,LOW_PSR,6.8083,1.0769,42,20,14,0.0238,306.39,263.64,55.00,47.00,330.00,288.50,46.00,43.00,0.1347,34.28,0,0,0.0000,NOT_RUN,0,202,2144,0,2,100,42,0,0,0,0
3,0,1,0,LOW_PSR,5.7348,1.0000,31,22,7,0.2581,306.39,263.64,55.00,47.00,339.50,302.50,45.00,45.00,0.0269,51.05,0,0,0.0000,NOT_RUN,0,237,2061,0,2,100,31,0,0,0,0
4,0,1,1,ACCEPT,7.8665,1.3243,49,32,-25,0.0408,333.89,245.28,55.00,47.00,349.00,324.00,44.00,36.00,0.0000,80.16,1,0,3.1598,ACCEPT,0,281,1629,18056,2,100,49,0,0,0,0
5,0,1,0,NEGATIVE_PEAK,-5.1741,1.0141,-72,1,-7,0.6667,333.89,245.28,55.00,47.00,358.50,350.50,43.00,43.00,0.0000,108.06,0,0,0.0000,NOT_RUN,0,629,3552,0,2,100,72,0,0,0,0
6,0,1,0,LOW_PSR,5.5448,1.0820,66,-7,-3,0.1515,333.89,245.28,55.00,47.00,363.50,371.50,43.00,43.00,0.0000,129.65,0,0,0.0000,NOT_RUN,0,587,2516,0,2,100,66,0,0,0,0
7,0,1,0,LOW_PSR,5.6702,1.1489,54,23,-4,0.1667,333.89,245.28,55.00,47.00,361.50,378.00,51.00,46.00,0.0000,135.56,0,0,0.0000,NOT_RUN,0,374,2349,0,2,100,54,0,0,0,0
8,0,1,0,LOW_PSR,5.7548,1.1224,55,17,-6,0.0727,333.89,245.28,55.00,47.00,357.00,378.50,48.00,41.00,0.0000,135.21,0,0,0.0000,NOT_RUN,0,306,1923,0,2,100,55,0,0,0,0
9,0,1,1,ACCEPT,7.3585,1.4098,86,15,-2,0.0930,346.78,243.81,52.88,45.19,356.00,381.00,46.00,40.00,0.0000,137.50,1,-1,2.1958,ACCEPT,0,437,1342,26085,2,100,86,0,0,0,0
10,0,1,0,NEGATIVE_PEAK,-4.3067,1.0357,-29,0,0,1.0000,346.78,243.81,52.88,45.19,350.50,385.50,45.00,41.00,0.0000,141.74,0,0,0.0000,NOT_RUN,0,211,2402,0,2,100,30,0,0,0,0
11,0,1,0,NEGATIVE_PEAK,-6.4119,1.2683,-52,21,-25,0.0577,346.78,243.81,52.88,45.19,341.50,388.50,51.00,45.00,0.0000,144.78,0,0,0.0000,NOT_RUN,0,365,2625,0,2,100,52,0,0,0,0
12,0,1,0,NEGATIVE_PEAK,-5.1760,1.0606,-35,25,-15,0.3143,346.78,243.81,52.88,45.19,342.50,392.50,49.00,41.00,0.0000,148.75,0,0,0.0000,NOT_RUN,0,243,2683,0,2,100,35,0,0,0,0
13,0,1,0,LOW_PSR,6.0807,1.3214,37,-10,-6,0.0541,346.78,243.81,52.88,45.19,343.50,394.00,49.00,42.00,0.0000,150.22,0,0,0.0000,NOT_RUN,0,235,1871,0,2,100,37,0,0,0,0
14,0,1,1,ACCEPT,7.6466,1.2162,45,-14,-18,0.6444,335.19,231.16,52.88,45.19,341.00,389.50,48.00,43.00,0.0000,158.45,1,0,3.1786,ACCEPT,0,219,2541,12736,2,100,45,0,0,0,0
15,0,1,0,LOW_PSR,5.7970,1.0625,68,0,-5,0.3235,335.19,231.16,52.88,45.19,342.50,386.50,49.00,41.00,0.0000,155.52,0,0,0.0000,NOT_RUN,0,390,1708,0,2,100,68,0,0,0,0
16,0,1,0,LOW_PSR,6.0284,1.0508,62,-1,-10,0.0161,335.19,231.16,52.88,45.19,344.00,387.00,50.00,42.00,0.0000,156.09,0,0,0.0000,NOT_RUN,0,343,1736,0,2,100,62,0,0,0,0
17,0,1,0,LOW_PSR,6.9959,1.2075,64,-2,-8,0.5469,335.19,231.16,52.88,45.19,346.50,386.00,49.00,42.00,0.0000,155.26,0,0,0.0000,NOT_RUN,0,210,1982,0,2,100,64,0,0,0,0
18,0,1,1,ACCEPT,7.5401,1.3125,84,20,-10,0.1071,351.75,224.12,52.88,45.19,346.50,382.00,49.00,42.00,0.0000,157.96,1,0,3.0776,ACCEPT,0,360,1759,19717,2,100,84,0,0,0,0
19,0,1,0,LOW_PSR,6.8341,1.1045,74,2,-2,0.3243,351.75,224.12,52.88,45.19,347.50,380.00,47.00,42.00,0.0000,155.93,0,0,0.0000,NOT_RUN,0,306,2420,0,2,100,74,0,0,0,0
20,0,1,0,LOW_PSR,6.5506,1.0851,51,-10,35,0.1373,351.75,224.12,52.88,45.19,349.50,380.50,53.00,41.00,0.0000,156.39,0,0,0.0000,NOT_RUN,0,214,1047,0,2,100,51,0,0,0,0
21,0,1,0,NEGATIVE_PEAK,-6.6144,1.0357,-58,-6,-30,0.5172,351.75,224.12,52.88,45.19,350.50,378.50,51.00,43.00,0.0000,154.38,0,0,0.0000,NOT_RUN,0,197,1051,0,2,100,58,0,0,0,0
22,0,1,0,NEGATIVE_PEAK,-5.8622,1.1053,-42,5,-21,0.3571,351.75,224.12,52.88,45.19,350.50,374.00,49.00,42.00,0.0000,149.88,0,0,0.0000,NOT_RUN,0,173,969,0,2,100,42,0,0,0,0
23,0,1,0,LOW_PSR,6.3909,1.2000,30,-12,1,0.0667,351.75,224.12,52.88,45.19,350.50,372.00,49.00,42.00,0.0000,147.88,0,0,0.0000,NOT_RUN,0,166,679,0,2,100,30,0,0,0,0
24,0,1,0,LOW_PSR,5.5527,1.0588,18,-18,6,0.1667,351.75,224.12,52.88,45.19,346.00,368.00,46.00,40.00,0.0000,143.99,0,0,0.0000,NOT_RUN,0,145,1054,0,2,100,18,0,0,0,0
25,0,1,0,NEGATIVE_PEAK,-5.4190,1.1429,-24,-15,23,0.0833,351.75,224.12,52.88,45.19,342.50,357.50,47.00,41.00,0.0000,133.70,0,0,0.0000,NOT_RUN,0,170,718,0,2,100,24,0,0,0,0
26,0,1,0,LOW_PSR,6.1807,1.0769,28,-28,-17,0.1071,351.75,224.12,52.88,45.19,338.50,352.00,47.00,42.00,0.0000,128.56,0,0,0.0000,NOT_RUN,0,193,967,0,2,100,28,0,0,0,0
27,0,1,0,LOW_PSR,5.9848,1.0000,26,-28,-16,0.0385,351.75,224.12,52.88,45.19,342.50,353.00,49.00,42.00,0.0000,129.21,0,0,0.0000,NOT_RUN,0,182,1171,0,2,100,26,0,0,0,0
28,0,1,0,LOW_PSR,6.4206,1.1154,29,-27,-13,0.0690,351.75,224.12,52.88,45.19,344.50,356.00,51.00,42.00,0.0000,132.07,0,0,0.0000,NOT_RUN,0,208,1038,0,2,100,29,0,0,0,0
29,0,1,0,LOW_PSR,6.7271,1.3750,22,-20,11,0.2273,351.75,224.12,52.88,45.19,343.50,354.50,47.00,43.00,0.0000,130.64,0,0,0.0000,NOT_RUN,0,121,1121,0,2,100,22,0,0,0,0
30,0,1,0,LOW_PSR,6.0558,1.1739,27,-9,-32,0.0370,351.75,224.12,52.88,45.19,340.00,351.50,50.00,43.00,0.0000,127.92,0,0,0.0000,NOT_RUN,0,139,1097,0,2,100,27,0,0,0,0
31,0,1,0,LOW_PSR,5.5986,1.0870,25,-23,6,0.0800,351.75,224.12,52.88,45.19,339.50,351.00,55.00,44.00,0.0000,127.47,0,0,0.0000,NOT_RUN,0,142,1189,0,2,100,25,0,0,0,0
32,0,1,0,LOW_PSR,6.1024,1.1667,28,-23,5,0.1786,351.75,224.12,52.88,45.19,338.50,350.00,53.00,46.00,0.0000,126.57,0,0,0.0000,NOT_RUN,0,154,1238,0,2,100,28,0,0,0,0
33,0,1,0,LOW_PSR,5.9761,1.3500,27,-23,5,0.0741,351.75,224.12,52.88,45.19,338.00,351.00,42.00,42.00,0.0000,127.62,0,0,0.0000,NOT_RUN,0,157,1239,0,2,100,27,0,0,0,0
34,0,1,0,NEGATIVE_PEAK,-5.0556,1.1111,-20,-11,31,0.5000,351.75,224.12,52.88,45.19,334.50,348.00,51.00,48.00,0.0000,125.07,0,0,0.0000,NOT_RUN,0,130,1063,0,2,100,20,0,0,0,0
35,0,1,0,NEGATIVE_PEAK,-4.6455,1.0833,-13,9,-10,0.3846,351.75,224.12,52.88,45.19,327.00,346.50,60.00,47.00,0.0000,124.85,0,0,0.0000,NOT_RUN,0,82,1434,0,2,100,13,0,0,0,0
36,0,1,0,NEGATIVE_PEAK,-5.3295,1.1500,-23,4,22,0.2174,351.75,224.12,52.88,45.19,327.00,343.00,58.00,48.00,0.0000,121.42,0,0,0.0000,NOT_RUN,0,142,1136,0,2,100,23,0,0,0,0
37,0,1,0,LOW_PSR,5.6800,1.0000,19,-32,-2,0.2632,351.75,224.12,52.88,45.19,329.00,341.50,60.00,45.00,0.0000,119.56,0,0,0.0000,NOT_RUN,0,119,1491,0,2,100,19,0,0,0,0
38,0,1,0,LOW_PSR,6.0104,1.2381,26,-22,-10,0.0385,351.75,224.12,52.88,45.19,333.50,339.00,57.00,48.00,0.0000,116.32,0,0,0.0000,NOT_RUN,0,153,1931,0,2,100,26,0,0,0,0
39,0,1,0,NEGATIVE_PEAK,-6.2155,1.0370,-28,-9,11,0.7857,351.75,224.12,52.88,45.19,338.00,327.50,54.00,47.00,0.0000,104.29,0,0,0.0000,NOT_RUN,0,183,2350,0,2,100,28,0,0,0,0
40,0,1,0,NEGATIVE_PEAK,-6.4815,1.1613,-36,-9,-14,0.8611,351.75,224.12,52.88,45.19,339.00,324.00,56.00,48.00,0.0000,100.69,0,0,0.0000,NOT_RUN,0,285,2191,0,2,100,36,0,0,0,0
41,0,1,0,LOW_PSR,6.4671,1.0526,40,-17,-31,0.8250,351.75,224.12,52.88,45.19,341.50,326.50,61.00,47.00,0.0000,102.89,0,0,0.0000,NOT_RUN,0,301,2143,0,2,100,40,0,0,0,0
42,0,1,0,LOW_PSR,6.6586,1.1282,44,-15,-17,0.8636,351.75,224.12,52.88,45.19,339.50,329.00,59.00,46.00,0.0000,105.59,0,0,0.0000,NOT_RUN,0,259,2214,0,2,100,44,0,0,0,0
43,0,1,0,LOW_PSR,6.3744,1.0857,38,-19,-31,0.4211,351.75,224.12,52.88,45.19,340.50,326.50,53.00,47.00,0.0000,102.99,0,0,0.0000,NOT_RUN,0,247,2120,0,2,100,38,0,0,0,0
44,0,1,0,LOW_PSR,6.6097,1.1333,34,-20,18,0.2647,351.75,224.12,52.88,45.19,340.00,327.00,54.00,46.00,0.0000,103.54,0,0,0.0000,NOT_RUN,0,222,2272,0,2,100,34,0,0,0,0
45,0,1,0,LOW_PSR,6.3291,1.0323,32,-7,-38,0.4062,351.75,224.12,52.88,45.19,333.50,330.00,53.00,44.00,0.0000,107.44,0,0,0.0000,NOT_RUN,0,206,1920,0,2,100,32,0,0,0,0
46,0,1,0,NEGATIVE_PEAK,-6.5996,1.3182,-29,-22,0,0.1034,351.75,224.12,52.88,45.19,328.50,330.00,53.00,46.00,0.0000,108.40,0,0,0.0000,NOT_RUN,0,176,1509,0,2,100,29,0,0,0,0
47,0,1,0,NEGATIVE_PEAK,-6.0688,1.1500,-23,-16,-7,0.0435,351.75,224.12,52.88,45.19,324.00,333.00,56.00,46.00,0.0000,112.36,0,0,0.0000,NOT_RUN,0,103,787,0,2,100,23,0,0,0,0
48,0,1,1,ACCEPT,7.7213,1.1667,21,27,29,0.4286,374.11,244.52,52.88,45.19,323.50,332.50,51.00,43.00,0.0000,101.50,1,0,3.0813,ACCEPT,0,135,2127,9146,2,100,21,0,0,0,0
49,0,1,0,NEGATIVE_PEAK,-5.7108,1.0500,-21,24,14,0.1429,374.11,244.52,52.88,45.19,313.50,332.00,47.00,48.00,0.0000,106.43,0,0,0.0000,NOT_RUN,0,133,1445,0,2,100,21,0,0,0,0
50,0,1,0,LOW_PSR,6.4405,1.2000,12,7,1,0.3333,374.11,244.52,52.88,45.19,314.50,335.00,57.00,52.00,0.0000,108.35,0,0,0.0000,NOT_RUN,0,76,1375,0,2,100,12,0,0,0,0
51,0,1,0,LOW_PSR,5.2088,1.1200,28,7,1,0.1429,374.11,244.52,52.88,45.19,314.50,338.50,57.00,47.00,0.0000,111.29,0,0,0.0000,NOT_RUN,0,135,3462,0,2,100,28,0,0,0,0
52,0,1,0,NEGATIVE_PEAK,-6.9320,1.2667,-38,11,-31,0.4474,374.11,244.52,52.88,45.19,314.00,338.50,60.00,49.00,0.0000,111.56,0,0,0.0000,NOT_RUN,0,169,4602,0,2,100,38,0,0,0,0
53,0,1,0,LOW_PSR,6.2351,1.2692,33,22,-17,0.1212,374.11,244.52,52.88,45.19,312.50,338.50,57.00,51.00,0.0000,112.38,0,0,0.0000,NOT_RUN,0,185,4572,0,2,100,33,0,0,0,0
54,0,1,0,LOW_PSR,6.1197,1.0976,45,15,-10,0.0222,374.11,244.52,52.88,45.19,316.50,335.00,51.00,48.00,0.0000,107.27,0,0,0.0000,NOT_RUN,0,240,4583,0,2,100,45,0,0,0,0
55,0,1,0,LOW_PSR,5.8481,1.0667,32,25,-4,0.7500,374.11,244.52,52.88,45.19,311.00,334.00,50.00,50.00,0.0000,109.50,0,0,0.0000,NOT_RUN,0,157,4934,0,2,100,32,0,0,0,0
56,0,1,0,NEGATIVE_PEAK,-5.3716,1.1290,-35,2,-8,0.2000,374.11,244.52,52.88,45.19,310.00,342.50,64.00,55.00,0.0000,117.09,0,0,0.0000,NOT_RUN,0,252,5295,0,2,100,35,0,0,0,0
57,0,1,0,NEGATIVE_PEAK,-6.0628,1.1053,-42,17,11,0.1667,374.11,244.52,52.88,45.19,307.50,341.50,57.00,57.00,0.0000,117.66,0,0,0.0000,NOT_RUN,0,309,4527,0,2,100,42,0,0,0,0
58,0,1,0,NEGATIVE_PEAK,-5.5710,1.0857,-38,24,-41,0.1579,374.11,244.52,52.88,45.19,304.50,341.50,55.00,49.00,0.0000,119.38,0,0,0.0000,NOT_RUN,0,226,4657,0,2,100,38,0,0,0,0
59,0,1,0,LOW_PSR,5.4066,1.0000,28,15,-13,0.1429,374.11,244.52,52.88,45.19,304.50,342.50,47.00,47.00,0.0000,120.19,0,0,0.0000,NOT_RUN,0,181,2677,0,2,100,28,0,0,0,0
60,0,1,0,LOW_PSR,6.9641,1.0476,22,-21,-60,0.2273,374.11,244.52,52.88,45.19,305.00,342.50,50.00,49.00,0.0000,119.90,0,0,0.0000,NOT_RUN,0,101,1227,0,2,100,22,0,0,0,0
61,0,1,0,LOW_PSR,5.7518,1.0833,26,6,-29,0.2308,374.11,244.52,52.88,45.19,300.00,348.50,48.00,49.00,0.0000,127.69,0,0,0.0000,NOT_RUN,0,140,2193,0,2,100,26,0,0,0,0
62,0,1,1,ACCEPT,10.5318,1.7742,55,-13,-46,0.2000,363.34,212.17,50.85,43.45,298.00,347.00,54.00,56.00,0.0000,149.83,1,-1,3.1632,ACCEPT,0,182,1561,18191,2,100,55,0,0,0,0
63,0,1,0,NEGATIVE_PEAK,-6.1818,1.0455,-23,-3,-44,0.3913,363.34,212.17,50.85,43.45,293.50,344.50,53.00,47.00,0.0000,149.63,0,0,0.0000,NOT_RUN,0,132,2752,0,2,100,23,0,0,0,0
64,0,1,1,ACCEPT,10.1493,1.7419,54,17,-46,0.2222,376.89,180.91,50.85,43.45,295.50,344.00,55.00,48.00,0.0000,182.27,1,13,1.4682,MAX_STEP,0,189,1030,18376,2,100,54,0,0,0,0
65,0,1,1,ACCEPT,11.9958,1.7538,114,-4,1,0.2982,373.70,181.59,52.88,45.19,296.00,344.50,56.00,49.00,0.0000,180.50,1,1,2.8172,ACCEPT,0,245,785,20508,2,100,114,0,0,0,0
66,0,1,1,ACCEPT,10.4466,2.0536,115,-8,2,0.1391,367.08,182.99,52.88,45.19,294.00,345.50,54.00,49.00,0.0000,178.18,1,11,1.2038,MAX_STEP,0,240,1517,18174,2,100,115,0,0,0,0
67,0,1,1,ACCEPT,10.2762,1.2973,144,-5,9,0.3194,362.94,189.32,48.89,41.78,293.50,346.00,51.00,50.00,0.0000,171.38,1,-2,2.5582,ACCEPT,0,366,1198,21389,2,100,144,0,0,0,0
68,0,1,1,ACCEPT,9.8133,1.4953,160,-4,3,0.1812,359.88,191.29,48.89,41.78,290.00,348.50,48.00,49.00,0.0000,172.04,1,14,1.3947,MAX_STEP,0,391,1794,19457,2,100,160,0,0,0,0
69,0,1,1,ACCEPT,11.2084,1.6503,236,-1,5,0.0636,359.11,194.57,48.89,41.78,288.50,350.50,55.00,49.00,0.0000,171.17,1,-2,1.2822,LOW_CONF,0,763,1508,18050,2,100,236,0,0,0,0
70,0,1,1,ACCEPT,11.5469,1.6646,268,1,3,0.3209,359.88,196.54,48.89,41.78,290.50,354.50,57.00,51.00,0.0000,172.52,1,-2,1.7898,LOW_CONF,0,632,1948,15993,2,100,268,0,0,0,0
71,0,1,1,ACCEPT,14.3354,1.2658,500,2,-2,0.5180,361.41,195.23,48.89,41.78,289.00,354.00,52.00,48.00,0.0000,174.50,1,-14,1.4069,MAX_STEP,0,973,1977,22101,2,100,500,0,0,0,0
72,0,1,1,ACCEPT,16.3052,1.4608,447,1,1,0.6018,362.17,195.88,48.89,41.78,293.50,353.50,55.00,47.00,0.0000,171.93,1,-1,1.0819,LOW_CONF,0,731,1164,25681,2,100,447,0,0,0,0
73,0,1,1,ACCEPT,11.7406,1.1053,105,-5,-55,0.0190,358.34,159.79,47.01,40.18,294.00,357.00,56.00,56.00,0.0000,207.44,1,-1,2.7614,ACCEPT,0,298,3807,6778,2,100,105,0,0,0,0
74,0,1,1,ACCEPT,9.5920,1.1556,52,2,11,0.0769,359.81,166.66,47.01,40.18,293.50,357.50,55.00,55.00,0.0000,202.03,1,0,2.6214,ACCEPT,0,174,4359,4602,2,100,52,0,0,0,0
75,0,1,1,ACCEPT,17.9369,1.8158,69,-1,-1,0.7971,359.08,166.04,47.01,40.18,291.00,351.50,48.00,45.00,0.0000,197.56,1,0,3.4897,ACCEPT,0,121,3506,7246,2,100,69,0,0,0,0
76,0,1,1,ACCEPT,16.5586,1.5182,208,3,0,0.4279,361.28,166.04,45.21,38.63,286.50,351.00,39.00,44.00,0.0000,199.51,1,-1,2.8157,ACCEPT,0,391,2257,16385,2,100,208,0,0,0,0
77,0,1,1,ACCEPT,10.9880,1.2965,223,-6,-2,0.3408,357.06,164.84,45.21,38.63,286.50,351.00,43.00,46.00,0.0000,199.09,1,0,1.5442,LOW_CONF,0,571,1406,18453,2,100,223,0,0,0,0
78,0,1,0,NEGATIVE_PEAK,-6.6257,1.0303,-34,-3,-11,0.1176,357.06,164.84,45.21,38.63,281.50,350.00,53.00,46.00,0.0000,199.99,0,0,0.0000,NOT_RUN,0,178,3211,0,2,100,34,0,0,0,0
79,0,1,0,NEGATIVE_PEAK,-6.5930,1.1111,-20,53,-30,0.0000,357.06,164.84,45.21,38.63,277.00,356.00,48.00,48.00,0.0000,207.25,0,0,0.0000,NOT_RUN,0,147,3457,0,2,100,20,0,0,0,0
80,0,1,0,NEGATIVE_PEAK,-9.9390,1.1944,-43,43,-46,0.0930,357.06,164.84,45.21,38.63,274.50,357.00,51.00,50.00,0.0000,209.15,0,0,0.0000,NOT_RUN,0,241,3329,0,2,100,43,0,0,0,0
81,0,1,0,NEGATIVE_PEAK,-11.8917,1.1429,-80,34,-49,0.0375,357.06,164.84,45.21,38.63,274.00,358.00,56.00,48.00,0.0000,210.27,0,0,0.0000,NOT_RUN,0,312,3230,0,2,100,80,0,0,0,0
82,0,1,0,NEGATIVE_PEAK,-12.1458,1.2453,-132,25,-39,0.0227,357.06,164.84,45.21,38.63,269.00,359.50,62.00,53.00,0.0000,213.66,0,0,0.0000,NOT_RUN,0,453,3265,0,2,100,132,0,0,0,0
83,0,1,0,NEGATIVE_PEAK,-8.8310,1.0059,-170,18,-17,0.1882,357.06,164.84,45.21,38.63,268.00,361.50,52.00,47.00,0.0000,215.89,0,0,0.0000,NOT_RUN,0,542,3262,0,2,100,170,0,0,0,0
84,0,1,0,NEGATIVE_PEAK,-6.9480,1.0804,-121,9,-37,0.2231,357.06,164.84,45.21,38.63,267.00,364.00,50.00,44.00,0.0000,218.58,0,0,0.0000,NOT_RUN,0,552,3342,0,2,100,121,0,0,0,0
85,0,1,0,NEGATIVE_PEAK,-9.1277,1.0000,-163,7,-35,0.2638,357.06,164.84,45.21,38.63,268.00,366.00,56.00,46.00,0.0000,220.00,0,0,0.0000,NOT_RUN,0,630,3059,0,2,100,163,0,0,0,0
86,0,1,0,NEGATIVE_PEAK,-9.6278,1.1384,-181,7,-32,0.2928,357.06,164.84,45.21,38.63,269.50,370.00,47.00,44.00,0.0000,223.07,0,0,0.0000,NOT_RUN,0,665,2902,0,2,100,181,0,0,0,0
87,0,1,0,NEGATIVE_PEAK,-9.2082,1.0361,-172,13,-19,0.0930,357.06,164.84,45.21,38.63,269.50,369.00,51.00,48.00,0.0000,222.15,0,0,0.0000,NOT_RUN,0,682,2794,0,2,100,172,0,0,0,0
88,0,1,0,NEGATIVE_PEAK,-10.2556,1.2579,-200,14,-37,0.1600,357.06,164.84,45.21,38.63,263.00,370.00,38.00,50.00,0.0000,225.70,0,0,0.0000,NOT_RUN,0,793,2596,0,2,100,200,0,0,0,0
89,0,1,0,NEGATIVE_PEAK,-11.1295,1.1141,-205,20,-3,0.1366,357.06,164.84,45.21,38.63,270.00,371.00,52.00,44.00,0.0000,223.79,0,0,0.0000,NOT_RUN,0,687,2369,0,2,100,205,0,0,0,0
90,0,1,0,NEGATIVE_PEAK,-12.1955,1.4023,-244,15,-22,0.2418,357.06,164.84,45.21,38.63,271.00,373.00,54.00,44.00,0.0000,225.25,0,0,0.0000,NOT_RUN,0,675,1785,0,2,100,244,0,0,0,0
91,0,1,0,NEGATIVE_PEAK,-7.5549,1.0153,-133,7,-23,0.4211,357.06,164.84,45.21,38.63,267.00,371.50,56.00,47.00,0.0000,225.44,0,0,0.0000,NOT_RUN,0,778,2104,0,2,100,133,0,0,0,0
92,0,1,0,NEGATIVE_PEAK,-12.9364,1.2167,-247,4,-32,0.1822,357.06,164.84,45.21,38.63,266.00,374.00,56.00,44.00,0.0000,228.13,0,0,0.0000,NOT_RUN,0,578,1917,0,2,100,247,0,0,0,0
93,0,1,0,NEGATIVE_PEAK,-6.8454,1.0168,-121,16,-36,0.1074,357.06,164.84,45.21,38.63,267.50,376.00,55.00,52.00,0.0000,229.37,0,0,0.0000,NOT_RUN,0,652,1468,0,2,100,121,0,0,0,0
94,0,1,0,NEGATIVE_PEAK,-7.8036,1.0276,-149,0,-28,0.0671,357.06,164.84,45.21,38.63,267.00,379.00,58.00,50.00,0.0000,232.33,0,0,0.0000,NOT_RUN,0,633,1922,0,2,100,149,0,0,0,0
95,0,1,0,NEGATIVE_PEAK,-10.7682,1.4545,-192,11,-8,0.2083,357.06,164.84,45.21,38.63,265.50,378.50,55.00,49.00,0.0000,232.46,0,0,0.0000,NOT_RUN,0,653,1913,0,2,100,192,0,0,0,0
96,0,1,0,NEGATIVE_PEAK,-7.4216,1.0811,-120,-3,-32,0.1333,357.06,164.84,45.21,38.63,265.00,381.00,54.00,48.00,0.0000,234.95,0,0,0.0000,NOT_RUN,0,685,1873,0,2,100,120,0,0,0,0
97,0,1,0,NEGATIVE_PEAK,-5.9128,1.0811,-80,-13,-2,0.2250,357.06,164.84,45.21,38.63,268.50,380.50,51.00,45.00,0.0000,233.14,0,0,0.0000,NOT_RUN,0,489,929,0,2,100,80,0,0,0,0
98,0,1,0,NEGATIVE_PEAK,-7.0704,1.0088,-114,-9,10,0.0965,357.06,164.84,45.21,38.63,266.50,385.50,51.00,55.00,0.0000,238.53,0,0,0.0000,NOT_RUN,0,614,961,0,2,100,114,0,0,0,0
99,0,1,0,NEGATIVE_PEAK,-6.8997,1.1977,-103,-16,-31,0.2913,357.06,164.84,45.21,38.63,267.50,382.00,55.00,48.00,0.0000,234.91,0,0,0.0000,NOT_RUN,0,633,979,0,2,100,103,0,0,0,0
100,0,1,1,ACCEPT,7.5254,1.0000,158,3,-2,0.1203,359.17,163.63,45.21,38.63,265.00,385.50,50.00,43.00,0.0000,241.03,1,0,2.6530,ACCEPT,0,750,907,19032,2,100,158,0,0,0,0
101,0,1,1,ACCEPT,9.0385,1.0882,111,1,0,0.9369,359.88,163.63,47.01,40.18,266.00,380.00,50.00,52.00,0.0000,235.85,1,1,2.1716,ACCEPT,0,516,1474,12152,2,100,111,0,0,0,0
102,0,1,1,ACCEPT,9.3816,1.0375,83,-5,1,0.3494,356.20,164.26,47.01,40.18,265.00,381.50,54.00,45.00,0.0000,235.61,1,1,1.3715,LOW_CONF,0,281,1126,16661,2,100,83,0,0,0,0
103,0,1,1,ACCEPT,7.1574,1.0377,55,-13,-17,0.6000,346.66,153.63,47.01,40.18,261.00,381.50,50.00,47.00,0.0000,243.43,1,0,3.1183,ACCEPT,0,310,1323,12820,2,100,55,0,0,0,0
104,0,1,0,NEGATIVE_PEAK,-7.3264,1.1148,-68,-12,-17,0.4265,346.66,153.63,47.01,40.18,262.50,383.00,57.00,44.00,0.0000,244.32,0,0,0.0000,NOT_RUN,0,343,1262,0,2,100,68,0,0,0,0
105,0,1,0,NEGATIVE_PEAK,-6.3650,1.0377,-55,-10,-23,0.7455,346.66,153.63,47.01,40.18,259.00,383.50,50.00,47.00,0.0000,246.01,0,0,0.0000,NOT_RUN,0,277,1735,0,2,100,55,0,0,0,0
106,0,1,1,ACCEPT,7.7821,1.1897,69,21,15,0.0000,362.08,163.01,47.01,40.18,259.00,383.50,48.00,43.00,0.0000,243.40,1,0,2.9501,ACCEPT,0,307,1128,8078,2,100,69,0,0,0,0
107,0,1,1,ACCEPT,7.8922,1.1321,60,7,2,0.7000,367.22,164.26,47.01,40.18,262.00,384.50,50.00,41.00,0.0000,244.09,1,0,2.8576,ACCEPT,0,229,1807,5992,2,100,60,0,0,0,0
108,0,1,1,ACCEPT,9.1805,1.3721,59,1,-2,0.1864,367.95,163.01,47.01,40.18,264.50,383.00,53.00,42.00,0.0000,243.10,1,0,2.6528,ACCEPT,0,210,690,15345,2,100,59,0,0,0,0
109,0,1,0,NEGATIVE_PEAK,-8.1812,1.0962,-57,-4,-12,0.2632,367.95,163.01,47.01,40.18,266.00,381.00,54.00,46.00,0.0000,240.66,0,0,0.0000,NOT_RUN,0,245,751,0,2,100,57,0,0,0,0
110,0,1,0,LOW_PSR,6.8512,1.0200,51,11,-37,0.3333,367.95,163.01,47.01,40.18,270.00,378.50,50.00,45.00,0.0000,236.71,0,0,0.0000,NOT_RUN,0,206,634,0,2,100,51,0,0,0,0
111,0,1,0,NEGATIVE_PEAK,-14.4409,1.1596,-109,12,-16,0.2202,367.95,163.01,47.01,40.18,268.50,378.50,49.00,43.00,0.0000,237.33,0,0,0.0000,NOT_RUN,0,208,633,0,2,100,109,0,0,0,0
112,0,1,0,NEGATIVE_PEAK,-8.4104,1.2353,-42,16,-38,0.1429,367.95,163.01,47.01,40.18,271.00,375.50,48.00,43.00,0.0000,233.57,0,0,0.0000,NOT_RUN,0,160,653,0,2,100,42,0,0,0,0
113,0,1,0,NEGATIVE_PEAK,-6.4780,1.0312,-33,20,-23,0.0303,367.95,163.01,47.01,40.18,272.00,372.00,52.00,42.00,0.0000,229.97,0,0,0.0000,NOT_RUN,0,181,686,0,2,100,33,0,0,0,0
114,0,1,1,ACCEPT,7.8178,1.1458,55,29,-2,0.4727,389.25,161.76,47.01,40.18,269.50,371.00,53.00,42.00,0.0000,241.09,1,0,3.0935,ACCEPT,0,205,598,10571,2,100,55,0,0,0,0
115,0,1,0,LOW_PSR,6.7232,1.0571,37,0,-15,0.1622,389.25,161.76,47.01,40.18,266.00,372.00,48.00,38.00,0.0000,243.71,0,0,0.0000,NOT_RUN,0,167,764,0,2,100,37,0,0,0,0
116,0,1,0,NEGATIVE_PEAK,-9.9080,1.3000,-65,-16,-36,0.2308,389.25,161.76,47.01,40.18,263.50,372.50,47.00,43.00,0.0000,245.41,0,0,0.0000,NOT_RUN,0,204,898,0,2,100,65,0,0,0,0
117,0,1,0,NEGATIVE_PEAK,-9.8271,1.4800,-74,-12,-40,0.1351,389.25,161.76,47.01,40.18,263.00,371.00,50.00,44.00,0.0000,244.38,0,0,0.0000,NOT_RUN,0,229,702,0,2,100,74,0,0,0,0
118,0,1,0,NEGATIVE_PEAK,-8.0878,1.1343,-76,-10,-25,0.0789,389.25,161.76,47.01,40.18,266.00,368.00,54.00,44.00,0.0000,240.26,0,0,0.0000,NOT_RUN,0,201,646,0,2,100,76,0,0,0,0
119,0,1,0,NEGATIVE_PEAK,-8.0768,1.0238,-86,9,-30,0.4070,389.25,161.76,47.01,40.18,265.50,368.00,51.00,42.00,0.0000,240.52,0,0,0.0000,NOT_RUN,0,243,909,0,2,100,86,0,0,0,0
120,0,1,0,NEGATIVE_PEAK,-7.3329,1.0000,-51,10,-47,0.0784,389.25,161.76,47.01,40.18,266.50,364.00,49.00,38.00,0.0000,236.58,0,0,0.0000,NOT_RUN,0,201,790,0,2,100,51,0,0,0,0
121,0,1,1,ACCEPT,9.9210,1.2464,86,15,-27,0.2674,400.27,144.88,47.01,40.18,267.00,360.00,52.00,42.00,0.0000,253.05,1,-1,1.7973,LOW_CONF,0,260,674,14016,2,100,86,0,0,0,0
122,0,1,1,ACCEPT,7.7138,1.1915,56,-2,-23,0.1786,398.80,130.51,47.01,40.18,266.00,359.00,52.00,40.00,0.0000,264.28,1,0,1.9850,LOW_CONF,0,209,957,9956,2,100,56,0,0,0,0
123,0,1,0,NEGATIVE_PEAK,-10.4238,1.4355,-89,10,-3,0.1124,398.80,130.51,47.01,40.18,263.00,355.50,52.00,43.00,0.0000,262.80,0,0,0.0000,NOT_RUN,0,245,950,0,2,100,89,0,0,0,0
124,0,1,1,ACCEPT,10.8517,1.1299,87,-2,-24,0.0805,397.33,115.51,47.01,40.18,264.00,356.00,50.00,40.00,0.0000,274.98,1,0,2.9751,ACCEPT,0,209,822,14472,2,100,87,0,0,0,0
125,0,1,0,NEGATIVE_PEAK,-8.3938,1.1587,-73,-17,-26,0.5068,397.33,115.51,47.01,40.18,263.50,354.50,55.00,41.00,0.0000,273.91,0,0,0.0000,NOT_RUN,0,269,843,0,2,100,73,0,0,0,0
126,0,1,0,NEGATIVE_PEAK,-9.4825,1.5686,-80,-2,-4,0.5875,397.33,115.51,47.01,40.18,262.50,353.50,57.00,39.00,0.0000,273.53,0,0,0.0000,NOT_RUN,0,255,1521,0,2,100,80,0,0,0,0
127,0,1,0,NEGATIVE_PEAK,-7.0646,1.0179,-57,-7,-20,0.0351,397.33,115.51,47.01,40.18,262.00,354.50,56.00,39.00,0.0000,274.65,0,0,0.0000,NOT_RUN,0,265,920,0,2,100,57,0,0,0,0
128,0,1,0,NEGATIVE_PEAK,-7.6033,1.0000,-55,-27,-34,0.2364,397.33,115.51,47.01,40.18,259.50,354.00,55.00,40.00,0.0000,275.45,0,0,0.0000,NOT_RUN,0,214,786,0,2,100,55,0,0,0,0
129,0,1,1,ACCEPT,8.1361,1.0652,49,-12,-12,0.5102,388.52,108.01,50.85,43.45,258.00,355.00,50.00,42.00,0.0000,279.36,1,2,2.1566,ACCEPT,0,168,681,11899,2,100,49,0,0,0,0
130,0,1,0,NEGATIVE_PEAK,-7.2649,1.0526,-40,-31,-4,0.2500,388.52,108.01,50.85,43.45,253.00,356.50,52.00,41.00,0.0000,283.04,0,0,0.0000,NOT_RUN,0,198,617,0,2,100,40,0,0,0,0
131,0,1,1,ACCEPT,7.5700,1.0357,29,-16,-7,0.1379,375.77,103.25,52.88,45.19,252.50,355.50,53.00,39.00,0.0000,280.76,1,1,3.0222,ACCEPT,0,96,822,9012,2,100,29,0,0,0,0
132,0,1,1,ACCEPT,9.7724,1.0444,47,-23,-18,0.0213,356.72,90.59,52.88,45.19,254.00,358.00,56.00,42.00,0.0000,286.46,1,0,1.9732,LOW_CONF,0,173,693,10738,2,100,47,0,0,0,0
133,0,1,1,ACCEPT,13.5169,1.3733,103,-11,-20,0.0291,347.61,76.53,52.88,45.19,250.50,358.00,53.00,38.00,0.0000,297.75,1,-1,1.4609,LOW_CONF,0,201,694,13298,2,100,103,0,0,0,0
134,0,1,1,ACCEPT,11.7441,1.0988,89,-1,-1,0.6067,346.78,75.83,52.88,45.19,247.00,358.00,50.00,40.00,0.0000,299.29,1,0,1.5720,LOW_CONF,0,221,760,13229,2,100,89,0,0,0,0
135,0,1,1,ACCEPT,14.6357,1.6000,120,1,1,0.6250,347.61,76.53,52.88,45.19,250.00,357.50,58.00,41.00,0.0000,297.44,1,0,1.8088,LOW_CONF,0,231,933,10221,2,100,120,0,0,0,0
136,0,1,1,ACCEPT,11.3051,1.1884,82,1,-7,0.7317,348.44,71.61,52.88,45.19,249.50,357.50,55.00,43.00,0.0000,302.53,1,0,2.5153,ACCEPT,0,192,910,10740,2,100,82,0,0,0,0
137,0,1,0,NEGATIVE_PEAK,-9.1342,1.1887,-63,-15,-28,0.3968,348.44,71.61,52.88,45.19,247.50,358.50,53.00,45.00,0.0000,304.13,0,0,0.0000,NOT_RUN,0,183,1158,0,2,100,63,0,0,0,0
138,0,1,0,NEGATIVE_PEAK,-8.5994,1.0179,-57,-17,-31,0.5439,348.44,71.61,52.88,45.19,250.00,360.00,56.00,46.00,0.0000,304.73,0,0,0.0000,NOT_RUN,0,208,683,0,2,100,57,0,0,0,0
139,0,1,0,NEGATIVE_PEAK,-10.4346,1.2982,-74,-13,-4,0.1216,348.44,71.61,52.88,45.19,248.00,358.00,56.00,48.00,0.0000,303.49,0,0,0.0000,NOT_RUN,0,181,827,0,2,100,74,0,0,0,0
140,0,1,0,NEGATIVE_PEAK,-9.6021,1.0962,-57,0,-16,0.0175,348.44,71.61,52.88,45.19,246.50,360.50,49.00,39.00,0.0000,306.35,0,0,0.0000,NOT_RUN,0,182,681,0,2,100,57,0,0,0,0
141,0,1,1,ACCEPT,9.9670,1.1404,65,-21,-22,0.0308,331.05,56.14,52.88,45.19,242.50,360.50,47.00,39.00,0.0000,316.98,1,0,2.6657,ACCEPT,0,164,528,12522,2,100,65,0,0,0,0
142,0,1,1,ACCEPT,9.1638,1.0260,79,-11,-17,0.4430,321.94,44.19,52.88,45.19,243.50,362.50,55.00,43.00,0.0000,327.83,1,0,2.9079,ACCEPT,0,209,501,13350,2,100,79,0,0,0,0
143,0,1,0,NEGATIVE_PEAK,-12.1444,1.3690,-115,-3,-34,0.1130,321.94,44.19,52.88,45.19,229.50,355.50,25.00,31.00,0.0000,324.75,0,0,0.0000,NOT_RUN,0,308,549,0,2,100,115,0,0,0,0
144,0,1,0,NEGATIVE_PEAK,-10.7485,1.1038,-117,-2,-33,0.6154,321.94,44.19,52.88,45.19,242.00,360.50,54.00,41.00,0.0000,326.26,0,0,0.0000,NOT_RUN,0,330,501,0,2,100,117,0,0,0,0
145,0,1,1,ACCEPT,9.6810,1.2817,91,-1,-10,0.3736,321.11,37.16,52.88,45.19,240.00,361.50,54.00,39.00,0.0000,334.33,1,0,3.0905,ACCEPT,0,310,413,13620,2,100,91,0,0,0,0
146,0,1,1,ACCEPT,9.8716,1.1831,84,0,0,1.0000,321.11,37.16,52.88,45.19,237.50,362.50,53.00,37.00,0.0000,335.92,1,0,2.9931,ACCEPT,0,377,454,17660,2,100,84,0,0,0,0
147,0,1,1,ACCEPT,12.0162,1.3953,120,1,0,0.8500,321.94,37.16,52.88,45.19,237.00,363.00,54.00,40.00,0.0000,336.73,1,0,2.9242,ACCEPT,0,369,413,18251,2,100,120,0,0,0,0
148,0,1,1,ACCEPT,13.3336,1.8750,120,-2,-1,0.5750,320.28,36.45,52.88,45.19,236.50,362.50,53.00,41.00,0.0000,336.64,1,0,3.0347,ACCEPT,0,289,470,15620,2,100,120,0,0,0,0
149,0,1,0,NEGATIVE_PEAK,-9.3432,1.0106,-95,-6,-29,0.5895,320.28,36.45,52.88,45.19,235.50,362.50,57.00,41.00,0.0000,336.89,0,0,0.0000,NOT_RUN,0,307,655,0,2,100,95,0,0,0,0
150,0,1,1,ACCEPT,12.1738,1.7273,133,-4,1,0.1278,316.97,37.16,52.88,45.19,235.00,361.50,52.00,39.00,0.0000,334.54,1,0,3.1309,ACCEPT,0,332,571,14181,2,100,133,0,0,0,0
151,0,1,1,ACCEPT,11.6353,1.0762,113,-3,3,0.4513,314.48,39.27,52.88,45.19,234.50,363.50,53.00,39.00,0.0000,333.95,1,0,3.0618,ACCEPT,0,360,678,16760,2,100,113,0,0,0,0
152,0,1,1,ACCEPT,13.0715,1.2549,128,-9,0,0.3281,307.03,39.27,52.88,45.19,234.50,363.50,51.00,39.00,0.0000,332.25,1,0,3.0793,ACCEPT,0,358,534,19973,2,100,128,0,0,0,0
153,0,1,0,NEGATIVE_PEAK,-10.8240,1.0263,-156,8,-5,0.2500,307.03,39.27,52.88,45.19,238.00,366.00,58.00,42.00,0.0000,333.95,0,0,0.0000,NOT_RUN,0,521,795,0,2,100,156,0,0,0,0
154,0,1,1,ACCEPT,11.1759,1.3936,131,-12,12,0.0840,297.09,47.70,52.88,45.19,236.00,367.00,56.00,44.00,0.0000,325.09,1,0,3.0647,ACCEPT,0,425,588,19114,2,100,131,0,0,0,0
155,0,1,1,ACCEPT,13.7169,1.5372,186,-7,7,0.3011,291.30,52.62,52.88,45.19,237.00,365.00,58.00,40.00,0.0000,317.06,1,0,2.9238,ACCEPT,0,456,604,18531,2,100,186,0,0,0,0
156,0,1,1,ACCEPT,12.3038,1.4775,164,-6,5,0.2561,286.33,56.14,52.88,45.19,237.50,362.50,55.00,55.00,0.0000,310.23,1,0,3.0864,ACCEPT,0,499,492,18200,2,100,164,0,0,0,0
157,0,1,1,ACCEPT,9.3992,1.1529,98,-7,14,0.2653,280.53,65.98,52.88,45.19,234.00,372.50,54.00,49.00,0.0000,310.03,1,0,3.0632,ACCEPT,0,455,854,16892,2,100,98,0,0,0,0
158,0,1,1,ACCEPT,8.9691,1.1702,110,7,3,0.2636,286.33,68.09,52.88,45.19,236.00,373.50,54.00,45.00,0.0000,309.53,1,0,3.1838,ACCEPT,0,428,733,21913,2,100,110,0,0,0,0
159,0,1,1,ACCEPT,10.6412,1.5538,101,21,-29,0.2277,303.72,47.70,52.88,45.19,239.50,372.00,53.00,54.00,0.0000,330.59,1,0,3.2481,ACCEPT,0,294,1467,13292,2,100,101,0,0,0,0
160,0,1,1,ACCEPT,12.3070,1.0784,110,19,-11,0.0545,319.45,39.97,52.88,45.19,249.50,373.00,47.00,42.00,0.0000,340.30,1,0,3.4290,ACCEPT,0,262,799,20810,2,100,110,0,0,0,0
161,0,1,1,ACCEPT,8.9904,1.0804,121,-1,-26,0.0992,318.62,21.69,52.88,45.19,251.00,371.00,50.00,42.00,0.0000,355.80,1,0,3.0570,ACCEPT,0,395,788,18350,2,100,121,0,0,0,0
162,0,1,1,ACCEPT,8.9557,1.1011,98,15,-7,0.0612,331.05,16.77,52.88,45.19,253.00,368.00,46.00,44.00,0.0000,359.80,1,0,2.8797,ACCEPT,0,328,550,17828,2,100,98,0,0,0,0
163,0,1,1,ACCEPT,10.2929,1.2647,129,1,-9,0.4031,331.88,10.44,52.88,45.19,257.00,362.50,46.00,41.00,0.0000,359.94,1,0,3.1676,ACCEPT,0,517,701,20263,2,100,129,0,0,0,0
164,0,1,1,ACCEPT,9.3030,1.1059,94,-1,7,0.2234,331.05,15.36,52.88,45.19,257.00,364.50,46.00,41.00,0.0000,356.91,1,0,3.2992,ACCEPT,0,389,719,15992,2,100,94,0,0,0,0
165,0,1,1,ACCEPT,10.1078,1.0894,134,-7,0,0.0522,325.25,15.36,52.88,45.19,255.50,365.00,43.00,40.00,0.0000,356.53,1,0,3.2679,ACCEPT,0,453,586,18223,2,100,134,0,0,0,0
166,0,1,1,ACCEPT,17.7766,1.5051,298,-3,1,0.2248,322.77,16.06,52.88,45.19,257.50,364.50,45.00,41.00,0.0000,354.50,1,0,3.2386,ACCEPT,0,550,532,25184,2,100,298,0,0,0,0
167,0,1,1,ACCEPT,15.3286,1.2934,216,-4,-1,0.2222,319.45,15.36,52.88,45.19,259.00,365.00,46.00,36.00,0.0000,354.83,1,0,3.2441,ACCEPT,0,557,590,22874,2,100,216,0,0,0,0
168,0,1,1,ACCEPT,25.0880,1.9670,358,-1,1,0.7151,318.62,16.06,52.88,45.19,258.50,366.00,53.00,42.00,0.0000,355.07,1,0,3.2039,ACCEPT,0,470,512,24548,2,100,358,0,0,0,0
169,0,1,1,ACCEPT,15.8060,1.6278,293,-5,0,0.2389,314.48,16.06,52.88,45.19,259.50,366.50,55.00,47.00,0.0000,354.72,1,0,3.2629,ACCEPT,0,611,769,20269,2,100,293,0,0,0,0
170,0,1,1,ACCEPT,17.4571,1.5000,348,-4,2,0.2069,311.17,17.47,52.88,45.19,254.00,363.50,46.00,41.00,0.0000,350.72,1,0,3.2759,ACCEPT,0,625,812,23503,2,100,348,0,0,0,0
171,0,1,1,ACCEPT,20.7601,2.2189,517,2,-2,0.2959,312.83,16.06,52.88,45.19,257.00,367.00,46.00,50.00,0.0000,355.35,1,0,3.2528,ACCEPT,0,903,821,18646,2,100,517,0,0,0,0
172,0,1,1,ACCEPT,25.6410,2.2189,588,3,-1,0.1939,315.31,15.36,52.88,45.19,260.00,368.50,42.00,45.00,0.0000,357.45,1,0,3.2353,ACCEPT,0,700,947,15951,2,100,588,0,0,0,0
173,0,1,1,ACCEPT,30.8234,2.7582,502,0,0,1.0000,315.31,15.36,52.88,45.19,261.50,367.50,43.00,39.00,0.0000,356.23,1,0,3.2293,ACCEPT,0,540,950,15848,2,100,502,0,0,0,0
174,0,1,1,ACCEPT,18.4740,1.8165,287,-7,1,0.1742,309.52,16.06,52.88,45.19,258.50,367.50,37.00,35.00,0.0000,355.12,1,0,3.2485,ACCEPT,0,788,1120,14124,2,100,287,0,0,0,0
175,0,1,1,ACCEPT,20.1758,1.5990,307,-9,-1,0.1661,302.06,15.36,52.88,45.19,258.00,369.00,38.00,40.00,0.0000,356.38,1,0,3.1623,ACCEPT,0,508,1323,16342,2,100,307,0,0,0,0
176,0,1,1,ACCEPT,19.6210,1.2455,345,-6,1,0.1072,297.09,16.06,52.88,45.19,257.00,369.50,52.00,39.00,0.0000,355.70,1,0,3.2183,ACCEPT,0,595,1360,19375,2,100,345,0,0,0,0
177,0,1,1,ACCEPT,19.2997,1.4718,443,2,6,0.4018,298.75,20.28,52.88,45.19,255.50,370.00,55.00,40.00,0.0000,352.38,1,0,3.2319,ACCEPT,0,838,1540,17315,2,100,443,0,0,0,0
178,0,1,1,ACCEPT,19.7658,1.1606,477,1,2,0.9099,299.58,21.69,52.88,45.19,254.50,367.00,53.00,44.00,0.0000,348.24,1,0,3.1837,ACCEPT,0,823,1325,22273,2,100,477,0,0,0,0
179,0,1,1,ACCEPT,21.3086,1.5479,565,0,-5,0.1009,299.58,18.17,52.88,45.19,254.50,368.50,45.00,37.00,0.0000,353.22,1,0,3.1440,ACCEPT,0,785,1656,16559,2,100,565,0,0,0,0
180,0,1,1,ACCEPT,31.2636,1.9333,783,0,1,0.9476,299.58,18.88,52.88,45.19,253.00,370.00,44.00,42.00,0.0000,354.20,1,0,3.0655,ACCEPT,0,838,1358,23445,2,100,783,0,0,0,0
181,0,1,1,ACCEPT,24.5930,1.5796,635,-3,2,0.1732,297.09,20.28,52.88,45.19,251.00,373.00,46.00,44.00,0.0000,355.72,1,0,3.1842,ACCEPT,0,1159,1340,20177,2,100,635,0,0,0,0
182,0,1,1,ACCEPT,24.4056,1.3353,446,-3,5,0.1547,294.61,23.80,52.88,45.19,252.00,376.00,38.00,40.00,0.0000,354.77,1,0,3.2073,ACCEPT,0,705,1311,21688,2,100,446,0,0,0,0
183,0,1,1,ACCEPT,16.0165,1.2331,365,-7,3,0.0603,288.81,25.91,52.88,45.19,257.50,373.00,45.00,42.00,0.0000,348.50,1,0,3.1697,ACCEPT,0,757,1511,19888,2,100,365,0,0,0,0
184,0,1,1,ACCEPT,13.7204,1.0532,317,1,9,0.1293,289.64,32.23,52.88,45.19,256.50,373.00,45.00,40.00,0.0000,342.37,1,0,3.2383,ACCEPT,0,806,1683,16944,2,100,317,0,0,0,0
185,0,1,1,ACCEPT,22.9690,1.6667,500,-4,2,0.1140,286.33,33.64,52.88,45.19,254.50,375.00,51.00,40.00,0.0000,342.84,1,0,3.1566,ACCEPT,0,822,1804,15933,2,100,500,0,0,0,0
186,0,1,1,ACCEPT,27.5536,2.2000,572,0,4,0.3007,286.33,36.45,52.88,45.19,255.00,376.00,50.00,40.00,0.0000,340.99,1,0,3.1973,ACCEPT,0,770,1612,20200,2,100,572,0,0,0,0
187,0,1,1,ACCEPT,27.6857,2.5417,732,0,7,0.1243,286.33,41.38,52.88,45.19,259.00,378.50,40.00,37.00,0.0000,338.23,1,0,3.2134,ACCEPT,0,954,1970,15462,2,100,732,0,0,0,0
188,0,1,1,ACCEPT,22.5794,2.1703,599,-4,1,0.0835,283.02,42.08,52.88,45.19,262.00,378.00,46.00,40.00,0.0000,336.58,1,0,3.2037,ACCEPT,0,827,1734,18040,2,100,599,0,0,0,0
189,0,1,1,ACCEPT,23.9399,1.3432,587,-3,1,0.3220,280.53,42.78,52.88,45.19,257.50,379.50,49.00,45.00,0.0000,337.51,1,0,3.2008,ACCEPT,0,850,1818,15639,2,100,587,0,0,0,0
190,0,1,1,ACCEPT,18.9037,1.0863,491,-1,3,0.0550,279.70,44.89,52.88,45.19,261.00,378.50,44.00,43.00,0.0000,334.13,1,0,3.2003,ACCEPT,0,858,1638,15435,2,100,491,0,0,0,0
191,0,1,1,ACCEPT,17.0560,1.0123,411,2,12,0.1046,281.36,53.33,52.88,45.19,260.00,379.50,44.00,45.00,0.0000,326.87,1,0,3.2890,ACCEPT,0,792,1832,13805,2,100,411,0,0,0,0
192,0,1,1,ACCEPT,19.8682,1.5623,539,-3,5,0.1577,278.88,56.84,52.88,45.19,259.00,384.00,42.00,50.00,0.0000,327.76,1,0,3.3095,ACCEPT,0,1053,1582,18270,2,100,539,0,0,0,0
193,0,1,1,ACCEPT,22.5539,1.6170,608,-10,-1,0.0082,270.59,56.14,52.88,45.19,260.00,387.50,44.00,49.00,0.0000,331.53,1,0,3.2184,ACCEPT,0,878,1723,11803,2,100,608,0,0,0,0
194,0,1,1,ACCEPT,12.8784,1.0596,249,0,14,0.2731,270.59,65.98,52.88,45.19,261.50,391.00,47.00,50.00,0.0000,325.14,1,0,3.2855,ACCEPT,0,711,1557,15286,2,100,249,0,0,0,0
195,0,1,1,ACCEPT,16.8518,1.5977,409,-3,4,0.0465,268.11,68.80,52.88,45.19,259.50,391.50,41.00,49.00,0.0000,322.82,1,0,3.2895,ACCEPT,0,766,2026,15384,2,100,409,0,0,0,0
196,0,1,1,ACCEPT,16.5810,1.4174,506,-6,2,0.0435,263.14,70.20,52.88,45.19,259.50,393.50,45.00,51.00,0.0000,323.32,1,0,3.0680,ACCEPT,0,1010,1843,14173,2,100,506,0,0,0,0
197,0,1,1,ACCEPT,22.7677,1.3247,718,2,0,0.7047,264.80,70.20,52.88,45.19,259.00,396.00,48.00,48.00,0.0000,325.85,1,0,3.1129,ACCEPT,0,1103,2349,11160,2,100,718,0,0,0,0
198,0,1,1,ACCEPT,27.9088,1.6513,786,2,-1,0.4555,266.45,69.50,52.88,45.19,260.50,393.00,47.00,50.00,0.0000,323.55,1,0,2.9618,ACCEPT,0,918,2099,12194,2,100,786,0,0,0,0
199,0,1,1,ACCEPT,29.9105,1.4864,877,3,-4,0.0570,268.94,66.69,52.88,45.19,259.50,398.00,49.00,38.00,0.0000,331.45,1,0,3.2026,ACCEPT,0,945,2185,15564,2,100,877,0,0,0,0
200,0,1,1,ACCEPT,35.6121,3.1034,1080,0,-1,0.9176,268.94,65.98,52.88,45.19,257.50,399.00,49.00,38.00,0.0000,333.21,1,0,3.1701,ACCEPT,0,1093,2033,18433,2,100,1080,0,0,0,0
201,0,1,1,ACCEPT,30.8746,2.0080,998,1,-1,0.6242,269.77,65.28,52.88,45.19,257.00,400.50,46.00,39.00,0.0000,335.46,1,0,3.1272,ACCEPT,0,1095,2181,15958,2,100,998,0,0,0,0
202,0,1,1,ACCEPT,35.8937,2.4813,928,0,0,1.0000,269.77,65.28,52.88,45.19,256.00,401.00,46.00,34.00,0.0000,336.00,1,0,3.1236,ACCEPT,0,920,1965,15649,2,100,928,0,0,0,0
203,0,1,1,ACCEPT,34.9974,1.7619,925,1,-2,0.3395,270.59,63.88,52.88,45.19,258.00,397.50,48.00,43.00,0.0000,333.86,1,0,3.0853,ACCEPT,0,901,2114,13794,2,100,925,0,0,0,0
204,0,1,1,ACCEPT,26.7726,1.4916,707,0,-1,0.9958,270.59,63.17,52.88,45.19,257.50,398.50,53.00,43.00,0.0000,335.58,1,0,3.1396,ACCEPT,0,966,1968,17135,2,100,707,0,0,0,0
205,0,1,1,ACCEPT,34.0809,1.8234,1012,1,1,0.8864,271.42,63.88,52.88,45.19,257.50,403.50,47.00,39.00,0.0000,339.91,1,0,2.9633,ACCEPT,0,939,1938,15503,2,100,1012,0,0,0,0
206,0,1,1,ACCEPT,21.7068,1.5474,506,5,-3,0.1047,275.56,61.77,52.88,45.19,254.50,403.00,37.00,40.00,0.0000,341.88,1,0,3.2084,ACCEPT,0,806,1785,18037,2,100,506,0,0,0,0
207,0,1,1,ACCEPT,18.9284,1.3210,358,8,-3,0.0335,282.19,59.66,52.88,45.19,254.00,402.50,44.00,39.00,0.0000,344.00,1,0,3.1979,ACCEPT,0,650,1562,18740,2,100,358,0,0,0,0
208,0,1,1,ACCEPT,20.0737,1.6537,468,4,-9,0.1154,285.50,53.33,52.88,45.19,250.50,403.50,41.00,39.00,0.0000,351.92,1,0,3.1737,ACCEPT,0,681,1305,21869,2,100,468,0,0,0,0
209,0,1,1,ACCEPT,28.4031,2.4221,637,2,-6,0.0911,287.16,49.11,52.88,45.19,252.00,401.50,46.00,39.00,0.0000,354.14,1,0,3.2027,ACCEPT,0,767,1307,24206,2,100,637,0,0,0,0
210,0,1,1,ACCEPT,23.6630,1.6625,665,3,-6,0.2511,289.64,44.89,52.88,45.19,255.00,403.00,32.00,34.00,0.0000,359.78,1,0,3.1499,ACCEPT,0,1023,1265,26218,2,100,665,0,0,0,0
211,0,1,1,ACCEPT,14.4960,1.1800,413,-1,2,0.2446,288.81,46.30,52.88,45.19,253.50,400.50,45.00,37.00,0.0000,355.96,1,0,3.2233,ACCEPT,0,973,1838,14093,2,100,413,0,0,0,0
212,0,1,1,ACCEPT,13.8137,1.1308,268,-9,1,0.0373,281.36,47.00,52.88,45.19,256.00,400.00,50.00,38.00,0.0000,353.91,1,0,3.2074,ACCEPT,0,582,2192,12159,2,100,268,0,0,0,0
213,0,1,1,ACCEPT,14.4741,1.3354,215,-7,-3,0.2651,275.56,44.89,52.88,45.19,257.50,398.00,53.00,38.00,0.0000,353.57,1,0,3.1422,ACCEPT,0,457,2209,13720,2,100,215,0,0,0,0
214,0,1,1,ACCEPT,32.1309,2.0166,607,-3,2,0.0115,273.08,46.30,52.88,45.19,258.00,401.00,52.00,36.00,0.0000,355.02,1,0,3.1901,ACCEPT,0,668,1458,23742,2,100,607,0,0,0,0
215,0,1,1,ACCEPT,34.4662,3.1107,871,3,2,0.6223,275.56,47.70,52.88,45.19,256.50,400.00,49.00,38.00,0.0000,352.81,1,0,3.1895,ACCEPT,0,874,1688,15492,2,100,871,0,0,0,0
216,0,1,1,ACCEPT,32.8866,2.5278,546,9,-3,0.0476,283.02,45.59,52.88,45.19,257.00,400.50,48.00,37.00,0.0000,355.86,1,0,3.1787,ACCEPT,0,563,1157,20849,2,100,546,0,0,0,0
217,0,1,1,ACCEPT,24.2301,1.6523,499,-1,-1,0.9719,282.19,44.89,52.88,45.19,253.50,400.00,43.00,38.00,0.0000,356.27,1,0,3.1104,ACCEPT,0,810,1912,22246,2,100,499,0,0,0,0
218,0,1,1,ACCEPT,32.8408,2.5356,606,0,1,0.8746,282.19,45.59,52.88,45.19,257.00,400.50,46.00,37.00,0.0000,355.80,1,0,3.0835,ACCEPT,0,816,1462,20803,2,100,606,0,0,0,0
219,0,1,1,ACCEPT,32.8066,2.1912,596,-2,-2,0.6745,280.53,44.19,52.88,45.19,257.00,401.50,44.00,37.00,0.0000,358.09,1,0,3.0629,ACCEPT,0,851,1605,20114,2,100,596,0,0,0,0
220,0,1,1,ACCEPT,25.3208,1.2411,489,-1,-3,0.7955,279.70,42.08,52.88,45.19,258.00,401.00,46.00,36.00,0.0000,359.58,1,0,3.1480,ACCEPT,0,758,1400,29060,2,100,489,0,0,0,0
221,0,1,1,ACCEPT,29.9364,1.9469,660,9,-1,0.0455,287.16,41.38,52.88,45.19,250.00,401.00,52.00,36.00,0.0000,361.54,1,0,3.1635,ACCEPT,0,804,1442,18656,2,100,660,0,0,0,0
222,0,1,1,ACCEPT,31.3574,1.9177,466,1,0,0.9163,287.98,41.38,52.88,45.19,254.00,401.00,50.00,40.00,0.0000,361.23,1,0,3.1575,ACCEPT,0,698,1057,19108,2,100,466,0,0,0,0
223,0,1,1,ACCEPT,18.9175,1.7529,305,-1,-4,0.6230,287.16,38.56,52.88,45.19,247.50,401.00,47.00,40.00,0.0000,364.60,1,0,3.1154,ACCEPT,0,744,1498,24734,2,100,305,0,0,0,0
224,0,1,1,ACCEPT,27.3094,1.7342,522,5,0,0.1092,291.30,38.56,52.88,45.19,0.00,0.00,0.00,0.00,0.0000,293.84,1,0,2.9799,ACCEPT,0,759,1064,20590,2,100,522,0,0,0,0
225,0,1,1,ACCEPT,23.8203,1.4925,397,7,-5,0.0756,297.09,35.05,52.88,45.19,249.50,401.50,39.00,37.00,0.0000,369.53,1,0,3.0805,ACCEPT,0,845,1117,20270,2,100,397,0,0,0,0
226,0,1,1,ACCEPT,22.2616,1.2717,337,5,-3,0.0950,301.23,32.94,52.88,45.19,252.00,404.00,44.00,38.00,0.0000,374.31,1,0,3.0605,ACCEPT,0,619,998,24376,2,100,337,0,0,0,0
227,0,1,0,LOW_PSR,6.4166,1.0984,67,21,-11,0.1940,301.23,32.94,52.88,45.19,248.50,403.00,39.00,38.00,0.0000,373.80,0,0,0.0000,NOT_RUN,0,665,720,0,2,100,67,0,0,0,0
228,0,1,0,NEGATIVE_PEAK,-5.4117,1.0417,-75,15,-10,0.1467,301.23,32.94,52.88,45.19,253.00,387.50,44.00,39.00,0.0000,357.83,0,0,0.0000,NOT_RUN,0,799,927,0,2,100,75,0,0,0,0
229,0,1,0,LOW_PSR,6.0811,1.1449,79,-2,-35,0.0633,301.23,32.94,52.88,45.19,257.00,381.00,40.00,40.00,0.0000,350.86,0,0,0.0000,NOT_RUN,0,800,987,0,2,100,79,0,0,0,0
230,0,1,0,NEGATIVE_PEAK,-5.8805,1.2188,-78,12,-20,0.2179,301.23,32.94,52.88,45.19,257.50,379.50,41.00,41.00,0.0000,349.31,0,0,0.0000,NOT_RUN,0,872,696,0,2,100,78,0,0,0,0
231,0,1,1,ACCEPT,9.1421,1.4167,204,21,-43,0.0833,318.62,2.70,52.88,45.19,255.50,378.50,39.00,41.00,0.0000,381.06,1,0,3.2503,ACCEPT,0,1154,917,10795,2,100,204,0,0,0,0
232,0,1,1,ACCEPT,15.4151,1.5941,161,-16,5,0.0186,305.38,6.22,52.88,45.19,255.50,379.50,35.00,39.00,0.0000,376.60,1,0,3.2475,ACCEPT,0,440,1922,15651,2,100,161,0,0,0,0
233,0,1,1,ACCEPT,16.6151,1.0764,324,1,5,0.4259,306.20,9.73,52.88,45.19,255.50,377.00,33.00,48.00,0.0000,370.75,1,0,3.2219,ACCEPT,0,688,1003,25988,2,100,324,0,0,0,0
234,0,1,1,ACCEPT,17.0713,1.0640,349,1,-1,0.6934,307.03,9.03,52.88,45.19,255.50,374.50,31.00,41.00,0.0000,369.08,1,0,3.2111,ACCEPT,0,754,1211,22007,2,100,349,0,0,0,0
235,0,1,1,ACCEPT,15.9455,1.6173,317,6,-1,0.1451,312.00,8.33,52.88,45.19,258.00,374.50,28.00,39.00,0.0000,370.13,1,0,3.1836,ACCEPT,0,743,1039,23078,2,100,317,0,0,0,0
236,0,1,1,ACCEPT,15.5002,1.6359,301,9,2,0.2658,319.45,9.73,52.88,45.19,256.50,374.50,29.00,37.00,0.0000,370.16,1,0,3.2061,ACCEPT,0,739,986,26476,2,100,301,0,0,0,0
237,0,1,1,ACCEPT,14.9976,1.4060,329,6,-4,0.0061,324.42,6.92,52.88,45.19,254.50,374.50,35.00,43.00,0.0000,374.17,1,0,3.1934,ACCEPT,0,804,1051,18340,2,100,329,0,0,0,0
238,0,1,1,ACCEPT,12.5365,1.5363,275,-1,-3,0.0691,323.59,4.81,52.88,45.19,0.00,0.00,0.00,0.00,0.0000,323.63,1,0,3.2142,ACCEPT,0,719,1356,17609,2,100,275,0,0,0,0
239,0,1,1,ACCEPT,14.9388,1.4880,247,-5,-3,0.1862,319.45,2.70,52.88,45.19,251.50,374.50,31.00,35.00,0.0000,377.96,1,0,3.2470,ACCEPT,0,609,730,21834,2,100,247,0,0,0,0
240,0,1,1,ACCEPT,15.1279,1.1071,248,2,6,0.5403,321.11,6.92,52.88,45.19,255.00,374.00,40.00,38.00,0.0000,372.98,1,0,2.8712,ACCEPT,0,550,583,24104,2,100,248,0,0,0,0
0,0,0,0,ZERO_RESPONSE,0.0000,0.0000,0,0,0,0.0000,314.50,335.00,57.00,52.00,314.50,335.00,57.00,52.00,1.0000,0.00,1,0,0.0000,NOT_RUN,0,0,1858,14088,3,150,0,0,0,0,0
1,0,1,1,ACCEPT,52.3070,9.7317,399,-1,1,0.6642,313.61,335.81,57.00,52.00,314.50,338.50,57.00,47.00,0.8708,2.83,1,0,3.3689,ACCEPT,0,300,1740,11938,3,150,399,0,0,0,0
2,0,1,1,ACCEPT,56.5710,9.4386,538,1,1,0.9164,314.50,336.62,57.00,52.00,314.00,338.50,60.00,49.00,0.8848,1.94,1,0,3.3423,ACCEPT,0,331,1775,12740,3,150,538,0,0,0,0
3,0,1,1,ACCEPT,58.9290,10.6346,553,0,1,0.7794,314.50,337.44,57.00,52.00,312.50,338.50,57.00,51.00,0.8957,2.26,1,0,3.3200,ACCEPT,0,342,1773,13956,3,150,553,0,0,0,0
4,0,1,1,ACCEPT,51.4221,9.1806,661,1,1,0.8457,315.39,338.25,57.00,52.00,316.50,335.00,51.00,48.00,0.7875,3.43,1,0,3.2650,ACCEPT,0,614,2131,11675,3,150,661,0,0,0,0
5,0,1,1,ACCEPT,48.7865,5.7333,688,-4,-1,0.1541,311.83,337.44,57.00,52.00,311.00,334.00,50.00,50.00,0.7706,3.54,1,0,3.2153,ACCEPT,0,619,2140,12802,3,150,688,0,0,0,0
6,0,1,1,ACCEPT,39.4340,6.6636,733,-3,5,0.0518,309.16,341.50,57.00,52.00,310.00,342.50,64.00,55.00,0.8420,1.31,1,0,3.2309,ACCEPT,0,763,2354,11993,3,150,733,0,0,0,0
7,0,1,1,ACCEPT,40.2590,6.0556,763,-2,1,0.6566,307.38,342.31,57.00,52.00,307.50,341.50,57.00,57.00,0.9085,0.82,1,0,3.2022,ACCEPT,0,626,1893,11760,3,150,763,0,0,0,0
8,0,1,1,ACCEPT,32.9634,4.7722,754,-2,2,0.5676,305.59,343.94,57.00,52.00,304.50,341.50,55.00,49.00,0.8738,2.67,1,0,3.1175,ACCEPT,0,804,1909,13731,3,150,754,0,0,0,0
9,0,1,1,ACCEPT,32.3038,3.9718,985,-4,1,0.3269,302.03,344.75,57.00,52.00,304.50,342.50,47.00,47.00,0.7453,3.34,1,0,3.2037,ACCEPT,0,979,1843,16152,3,150,985,0,0,0,0
10,0,1,1,ACCEPT,30.2996,3.4956,1185,-1,-1,0.8734,301.14,343.94,57.00,52.00,305.00,342.50,50.00,49.00,0.8158,4.12,1,0,3.0646,ACCEPT,0,1398,2105,15016,3,150,1185,0,0,0,0
11,0,1,1,ACCEPT,32.3195,3.9432,903,-5,2,0.0166,296.69,345.56,57.00,52.00,300.00,348.50,48.00,49.00,0.7527,4.43,1,0,3.1279,ACCEPT,0,966,1492,14162,3,150,903,0,0,0,0
12,0,1,1,ACCEPT,17.8709,1.8763,713,-3,1,0.8794,294.02,346.38,57.00,52.00,298.00,347.00,54.00,56.00,0.8095,4.03,1,0,2.9046,ACCEPT,0,1598,1879,12287,3,150,713,0,0,0,0
13,0,1,1,ACCEPT,40.0267,5.2840,1321,0,-1,0.9478,294.02,345.56,57.00,52.00,293.50,344.50,53.00,47.00,0.8404,1.18,1,0,3.1056,ACCEPT,0,1051,2250,19116,3,150,1321,0,0,0,0
14,0,1,1,ACCEPT,44.2329,5.2258,1296,0,0,1.0000,294.02,345.56,57.00,52.00,295.50,344.00,55.00,48.00,0.8760,2.16,1,0,3.0373,ACCEPT,0,1083,1864,17456,3,150,1296,0,0,0,0
15,0,1,1,ACCEPT,46.0378,5.2581,1141,0,0,1.0000,294.02,345.56,57.00,52.00,296.00,344.50,56.00,49.00,0.8797,2.25,1,0,3.0483,ACCEPT,0,989,1942,16346,3,150,1141,0,0,0,0
16,0,1,1,ACCEPT,34.2924,3.4390,846,-3,0,0.6726,291.34,345.56,57.00,52.00,294.00,345.50,54.00,49.00,0.8572,2.66,1,0,2.9128,ACCEPT,0,899,2006,15601,3,150,846,0,0,0,0
17,0,1,1,ACCEPT,43.0760,5.8077,1057,-1,3,0.4011,290.45,348.00,57.00,52.00,293.50,346.00,51.00,50.00,0.8275,3.64,1,0,3.0206,ACCEPT,0,967,1990,15399,3,150,1057,0,0,0,0
18,0,1,1,ACCEPT,38.6990,4.2884,922,-1,1,0.7202,289.56,348.81,57.00,52.00,290.00,348.50,48.00,49.00,0.7935,0.54,1,0,2.9897,ACCEPT,0,822,1922,17783,3,150,922,0,0,0,0
19,0,1,1,ACCEPT,44.4469,5.5895,1062,-3,3,0.1949,286.89,351.25,57.00,52.00,288.50,350.50,55.00,49.00,0.8902,1.78,1,0,2.9323,ACCEPT,0,926,2278,16415,3,150,1062,0,0,0,0
20,0,1,1,ACCEPT,35.4469,3.5694,1028,1,3,0.3268,287.78,353.69,57.00,52.00,290.50,354.50,57.00,51.00,0.8820,2.84,1,0,3.0511,ACCEPT,0,952,2297,20831,3,150,1028,0,0,0,0
21,0,1,1,ACCEPT,34.4326,2.4118,1148,2,-2,0.6228,289.56,352.06,57.00,52.00,289.00,354.00,52.00,48.00,0.8421,2.02,1,0,3.0289,ACCEPT,0,1060,2153,22068,3,150,1148,0,0,0,0
22,0,1,1,ACCEPT,37.9791,4.6873,1364,0,1,0.8490,289.56,352.88,57.00,52.00,293.50,353.50,55.00,47.00,0.7888,3.99,1,0,2.9565,ACCEPT,0,1308,2395,19835,3,150,1364,0,0,0,0
23,0,1,1,ACCEPT,39.6134,5.0272,1292,0,1,0.9628,289.56,353.69,57.00,52.00,294.00,357.00,56.00,56.00,0.7625,5.54,1,0,2.9644,ACCEPT,0,1057,2273,23072,3,150,1292,0,0,0,0
24,0,1,1,ACCEPT,42.3227,4.6941,1427,-1,0,0.8844,288.67,353.69,57.00,52.00,293.50,357.50,55.00,55.00,0.7378,6.15,1,0,2.9727,ACCEPT,0,1188,2340,22943,3,150,1427,0,0,0,0
25,0,1,1,ACCEPT,39.2587,4.3645,1772,-1,0,0.8753,287.78,353.69,57.00,52.00,291.00,351.50,48.00,45.00,0.7287,3.89,1,0,2.9866,ACCEPT,0,1701,2978,21898,3,150,1772,0,0,0,0
26,0,1,1,ACCEPT,32.8532,3.2756,1022,-2,0,0.8229,286.00,353.69,57.00,52.00,286.50,351.00,39.00,44.00,0.5789,2.73,1,0,2.9408,ACCEPT,0,1233,1403,18989,3,150,1022,0,0,0,0
27,0,1,1,ACCEPT,43.1334,4.3834,1109,-1,0,0.8521,285.11,353.69,57.00,52.00,286.50,351.00,43.00,46.00,0.6673,3.03,1,0,3.0392,ACCEPT,0,875,1788,23144,3,150,1109,0,0,0,0
28,0,1,1,ACCEPT,23.1722,1.6444,934,-8,-2,0.4336,277.98,352.06,57.00,52.00,281.50,350.00,53.00,46.00,0.7807,4.08,1,0,2.8254,ACCEPT,0,1838,2406,12632,3,150,934,0,0,0,0
29,0,1,1,ACCEPT,24.4202,2.9009,673,-5,3,0.0698,273.53,354.50,57.00,52.00,277.00,356.00,48.00,48.00,0.7773,3.78,1,0,3.0544,ACCEPT,0,1014,2190,15961,3,150,673,0,0,0,0
30,0,1,1,ACCEPT,24.0692,2.1773,884,-3,2,0.6052,270.86,356.12,57.00,52.00,274.50,357.00,51.00,50.00,0.8404,3.74,1,0,2.9627,ACCEPT,0,1166,2197,15425,3,150,884,0,0,0,0
31,0,1,1,ACCEPT,22.7379,2.3401,805,-2,1,0.9317,269.08,356.94,57.00,52.00,274.00,358.00,56.00,48.00,0.7795,5.04,1,0,3.0281,ACCEPT,0,1124,2113,15036,3,150,805,0,0,0,0
32,0,1,1,ACCEPT,19.0581,1.2644,832,0,2,0.8029,269.08,358.56,57.00,52.00,269.00,359.50,62.00,53.00,0.8877,0.94,1,0,2.9382,ACCEPT,0,1728,2514,11143,3,150,832,0,0,0,0
33,0,1,1,ACCEPT,19.1139,1.5435,727,-3,3,0.1733,266.41,361.00,57.00,52.00,268.00,361.50,52.00,47.00,0.8246,1.67,1,0,2.8059,ACCEPT,0,1233,2501,11770,3,150,727,0,0,0,0
34,0,1,1,ACCEPT,14.7533,1.3853,586,1,5,0.3976,267.30,365.06,57.00,52.00,267.00,364.00,50.00,44.00,0.7422,1.10,1,0,2.7799,ACCEPT,0,1284,2129,14456,3,150,586,0,0,0,0
35,0,1,1,ACCEPT,17.5199,1.6706,705,0,2,0.8043,267.30,366.69,57.00,52.00,268.00,366.00,56.00,46.00,0.8632,0.98,1,0,2.8150,ACCEPT,0,1332,2144,14246,3,150,705,0,0,0,0
36,0,1,1,ACCEPT,16.6887,1.7415,714,1,4,0.3487,268.19,369.94,57.00,52.00,269.50,370.00,47.00,44.00,0.6977,1.31,1,0,2.8351,ACCEPT,0,1381,2341,13219,3,150,714,0,0,0,0
37,0,1,1,ACCEPT,20.9831,1.9056,848,-1,1,0.8443,267.30,370.75,57.00,52.00,269.50,369.00,51.00,48.00,0.8259,2.81,1,0,2.8803,ACCEPT,0,1227,1952,16193,3,150,848,0,0,0,0
38,0,1,1,ACCEPT,22.0215,2.1672,713,-1,3,0.4586,266.41,373.19,57.00,52.00,263.00,370.00,38.00,50.00,0.5963,4.67,1,0,2.8506,ACCEPT,0,1085,1444,16148,3,150,713,0,0,0,0
39,0,1,1,ACCEPT,17.8651,1.5152,747,-2,2,0.7979,264.62,374.81,57.00,52.00,270.00,371.00,52.00,44.00,0.6994,6.59,1,0,3.0225,ACCEPT,0,1653,1370,14581,3,150,747,0,0,0,0
40,0,1,1,ACCEPT,28.5474,2.3158,1320,3,-2,0.6773,267.30,373.19,57.00,52.00,271.00,373.00,54.00,44.00,0.7446,3.71,1,0,3.0164,ACCEPT,0,1533,2445,16568,3,150,1320,0,0,0,0
41,0,1,1,ACCEPT,35.2724,3.1035,1499,-2,2,0.5791,265.52,374.81,57.00,52.00,267.00,371.50,56.00,47.00,0.8318,3.63,1,0,2.9429,ACCEPT,0,1509,2116,14643,3,150,1499,0,0,0,0
42,0,1,1,ACCEPT,35.9985,3.0000,1284,-2,2,0.5646,263.73,376.44,57.00,52.00,266.00,374.00,56.00,44.00,0.7845,3.33,1,0,2.9444,ACCEPT,0,1351,2263,13095,3,150,1284,0,0,0,0
43,0,1,1,ACCEPT,31.8222,3.3294,1142,2,0,0.7933,265.52,376.44,57.00,52.00,267.50,376.00,55.00,52.00,0.9165,2.03,1,0,3.0044,ACCEPT,0,1314,2207,14919,3,150,1142,0,0,0,0
44,0,1,1,ACCEPT,33.3134,3.0526,1160,-1,2,0.7888,264.62,378.06,57.00,52.00,267.00,379.00,58.00,50.00,0.8869,2.55,1,0,2.9345,ACCEPT,0,1499,2402,14471,3,150,1160,0,0,0,0
45,0,1,1,ACCEPT,32.1898,3.2423,1164,0,0,1.0000,264.62,378.06,57.00,52.00,265.50,378.50,55.00,49.00,0.9092,0.98,1,0,2.9430,ACCEPT,0,1511,2318,14928,3,150,1164,0,0,0,0
46,0,1,1,ACCEPT,32.9038,3.4509,1194,-1,2,0.7563,263.73,379.69,57.00,52.00,265.00,381.00,54.00,48.00,0.8745,1.82,1,0,2.9121,ACCEPT,0,1652,2569,13262,3,150,1194,0,0,0,0
47,0,1,1,ACCEPT,27.5183,3.3978,931,-1,1,0.8808,262.84,380.50,57.00,52.00,268.50,380.50,51.00,45.00,0.7055,5.66,1,0,2.9147,ACCEPT,0,1496,2839,13908,3,150,931,0,0,0,0
48,0,1,1,ACCEPT,29.9672,3.7448,1071,-1,3,0.6303,261.95,382.94,57.00,52.00,266.50,385.50,51.00,55.00,0.7751,5.22,1,0,2.7924,ACCEPT,0,1514,3175,12481,3,150,1071,0,0,0,0
49,0,1,1,ACCEPT,30.5229,5.3662,1143,1,0,0.9396,262.84,382.94,57.00,52.00,267.50,382.00,55.00,48.00,0.7850,4.75,1,0,2.9126,ACCEPT,0,1437,3335,12342,3,150,1143,0,0,0,0
50,0,1,1,ACCEPT,29.1731,4.5810,1159,-1,1,0.9241,261.95,383.75,57.00,52.00,265.00,385.50,50.00,43.00,0.7254,3.51,1,0,2.8802,ACCEPT,0,1454,3360,13453,3,150,1159,0,0,0,0
51,0,1,1,ACCEPT,31.4956,5.1630,1647,2,0,0.8452,263.73,383.75,57.00,52.00,266.00,380.00,50.00,52.00,0.7655,4.38,1,0,2.9136,ACCEPT,0,1782,3763,14797,3,150,1647,0,0,0,0
52,0,1,1,ACCEPT,27.6661,3.6368,1462,-3,-1,0.6792,261.06,382.94,57.00,52.00,265.00,381.50,54.00,45.00,0.7549,4.19,1,0,2.9978,ACCEPT,0,2843,3190,10508,3,150,1462,0,0,0,0
53,0,1,1,ACCEPT,40.0877,4.4860,803,-2,2,0.6002,259.28,384.56,57.00,52.00,261.00,381.50,50.00,47.00,0.7760,3.51,1,0,3.0086,ACCEPT,0,824,1320,15803,3,150,803,0,0,0,0
54,0,1,1,ACCEPT,42.5434,5.1538,1273,-1,1,0.8924,258.39,385.38,57.00,52.00,262.50,383.00,57.00,44.00,0.7400,4.75,1,0,2.9904,ACCEPT,0,1314,2052,12762,3,150,1273,0,0,0,0
55,0,1,1,ACCEPT,42.9865,5.2298,1229,0,1,0.8251,258.39,386.19,57.00,52.00,259.00,383.50,50.00,47.00,0.7872,2.76,1,0,2.9571,ACCEPT,0,1182,2135,13443,3,150,1229,0,0,0,0
56,0,1,1,ACCEPT,46.7726,5.5671,1286,1,0,0.8787,259.28,386.19,57.00,52.00,259.00,383.50,48.00,43.00,0.6964,2.70,1,0,2.9806,ACCEPT,0,1275,2311,13904,3,150,1286,0,0,0,0
57,0,1,1,ACCEPT,49.3820,5.3274,1497,4,1,0.1723,262.84,387.00,57.00,52.00,262.00,384.50,50.00,41.00,0.6916,2.64,1,0,3.0123,ACCEPT,0,1323,2323,13582,3,150,1497,0,0,0,0
58,0,1,1,ACCEPT,49.9043,5.6667,1411,1,-2,0.7902,263.73,385.38,57.00,52.00,264.50,383.00,53.00,42.00,0.7510,2.50,1,0,2.9754,ACCEPT,0,1158,2304,13962,3,150,1411,0,0,0,0
59,0,1,1,ACCEPT,43.0528,4.7168,1349,1,-1,0.8762,264.62,384.56,57.00,52.00,266.00,381.00,54.00,46.00,0.8194,3.82,1,0,2.9284,ACCEPT,0,1571,2635,10141,3,150,1349,0,0,0,0
60,0,1,1,ACCEPT,34.4680,5.0952,963,4,-5,0.0685,268.19,380.50,57.00,52.00,270.00,378.50,50.00,45.00,0.7591,2.70,1,0,2.7791,ACCEPT,0,1311,2700,12278,3,150,963,0,0,0,0
61,0,1,1,ACCEPT,43.4032,5.6534,1419,0,1,0.9422,268.19,381.31,57.00,52.00,268.50,378.50,49.00,43.00,0.7109,2.83,1,0,2.9834,ACCEPT,0,1340,2622,13573,3,150,1419,0,0,0,0
62,0,1,1,ACCEPT,38.1825,4.5275,1236,4,-3,0.3285,271.75,378.88,57.00,52.00,271.00,375.50,48.00,43.00,0.6964,3.46,1,0,2.9654,ACCEPT,0,1349,2577,12722,3,150,1236,0,0,0,0
63,0,1,1,ACCEPT,40.8148,4.8222,1302,0,-6,0.0814,271.75,374.00,57.00,52.00,272.00,372.00,52.00,42.00,0.7368,2.02,1,0,2.9538,ACCEPT,0,1227,2389,15523,3,150,1302,0,0,0,0
64,0,1,1,ACCEPT,48.6304,5.3937,1548,-3,0,0.5026,269.08,374.00,57.00,52.00,269.50,371.00,53.00,42.00,0.7510,3.03,1,0,2.9892,ACCEPT,0,1317,2208,14111,3,150,1548,0,0,0,0
65,0,1,1,ACCEPT,48.4724,5.5707,1025,-3,-1,0.5551,266.41,373.19,57.00,52.00,266.00,372.00,48.00,38.00,0.6154,1.26,1,0,3.0027,ACCEPT,0,895,1460,13442,3,150,1025,0,0,0,0
66,0,1,1,ACCEPT,33.8355,4.0686,1127,-4,0,0.5377,262.84,373.19,57.00,52.00,263.50,372.50,47.00,43.00,0.6818,0.95,1,0,3.0654,ACCEPT,0,1439,2420,9960,3,150,1127,0,0,0,0
67,0,1,1,ACCEPT,50.2809,6.5320,1633,0,-2,0.6277,262.84,371.56,57.00,52.00,263.00,371.00,50.00,44.00,0.7422,0.58,1,0,3.0382,ACCEPT,0,1269,3179,15374,3,150,1633,0,0,0,0
68,0,1,1,ACCEPT,50.8071,5.8758,1798,1,-2,0.6546,263.73,369.94,57.00,52.00,266.00,368.00,54.00,44.00,0.7814,2.98,1,0,2.9283,ACCEPT,0,1539,2094,16494,3,150,1798,0,0,0,0
69,0,1,1,ACCEPT,41.1487,4.0749,1361,1,-2,0.6936,264.62,368.31,57.00,52.00,265.50,368.00,51.00,42.00,0.7227,0.93,1,0,2.8232,ACCEPT,0,1399,2250,12423,3,150,1361,0,0,0,0
70,0,1,1,ACCEPT,42.0949,4.8327,1184,-2,-5,0.1115,262.84,364.25,57.00,52.00,266.50,364.00,49.00,38.00,0.6282,3.66,1,0,2.8217,ACCEPT,0,1131,2034,13119,3,150,1184,0,0,0,0
71,0,1,1,ACCEPT,45.2499,4.6194,1238,-1,-2,0.4879,261.95,362.62,57.00,52.00,267.00,360.00,52.00,42.00,0.6763,5.69,1,0,2.8682,ACCEPT,0,1094,2076,15816,3,150,1238,0,0,0,0
72,0,1,1,ACCEPT,43.0453,5.0748,1289,-2,-4,0.1908,260.17,359.38,57.00,52.00,266.00,359.00,52.00,40.00,0.6286,5.84,1,0,2.8176,ACCEPT,0,1195,2102,13911,3,150,1289,0,0,0,0
73,0,1,1,ACCEPT,44.9662,5.5190,1159,0,-1,0.8896,260.17,358.56,57.00,52.00,263.00,355.50,52.00,43.00,0.7461,4.17,1,0,2.8956,ACCEPT,0,1042,2124,13783,3,150,1159,0,0,0,0
74,0,1,1,ACCEPT,49.0237,5.1872,1136,-1,-2,0.5801,259.28,356.94,57.00,52.00,264.00,356.00,50.00,40.00,0.6477,4.81,1,0,2.8827,ACCEPT,0,900,1962,16503,3,150,1136,0,0,0,0
75,0,1,1,ACCEPT,46.3025,5.9075,1341,0,-1,0.8747,259.28,356.12,57.00,52.00,263.50,354.50,55.00,41.00,0.6857,4.52,1,0,2.8880,ACCEPT,0,1084,2157,15277,3,150,1341,0,0,0,0
76,0,1,1,ACCEPT,43.9737,4.8161,1257,-1,-1,0.8918,258.39,355.31,57.00,52.00,262.50,353.50,57.00,39.00,0.6602,4.49,1,0,2.8932,ACCEPT,0,994,1980,17616,3,150,1257,0,0,0,0
77,0,1,1,ACCEPT,41.8827,4.2857,1410,1,1,0.7801,259.28,356.12,57.00,52.00,262.00,354.50,56.00,39.00,0.6876,3.17,1,0,2.9613,ACCEPT,0,1225,2095,17282,3,150,1410,0,0,0,0
78,0,1,1,ACCEPT,48.3647,4.9465,1756,-1,0,0.8650,258.39,356.12,57.00,52.00,259.50,354.00,55.00,40.00,0.7397,2.40,1,0,3.0019,ACCEPT,0,1255,2088,16198,3,150,1756,0,0,0,0
79,0,1,1,ACCEPT,42.2884,3.7661,2109,-2,0,0.6951,256.61,356.12,57.00,52.00,258.00,355.00,50.00,42.00,0.7085,1.79,1,0,3.1195,ACCEPT,0,1465,3304,15853,3,150,2109,0,0,0,0
80,0,1,1,ACCEPT,50.9709,4.6460,1352,-4,1,0.2359,253.05,356.94,57.00,52.00,253.00,356.50,52.00,41.00,0.7193,0.44,1,0,2.8806,ACCEPT,0,1295,1259,18011,3,150,1352,0,0,0,0
81,0,1,1,ACCEPT,49.1765,4.4473,1392,-3,1,0.5596,250.38,357.75,57.00,52.00,252.50,355.50,53.00,39.00,0.6946,3.09,1,0,2.9675,ACCEPT,0,1220,1928,19362,3,150,1392,0,0,0,0
82,0,1,1,ACCEPT,46.3310,5.0467,1620,-2,1,0.8253,248.59,358.56,57.00,52.00,254.00,358.00,56.00,42.00,0.6769,5.44,1,0,2.9748,ACCEPT,0,1408,2210,14689,3,150,1620,0,0,0,0
83,0,1,1,ACCEPT,42.3648,4.9520,1342,-1,0,0.8554,247.70,358.56,57.00,52.00,250.50,358.00,53.00,38.00,0.6625,2.85,1,0,2.9289,ACCEPT,0,1137,2171,16660,3,150,1342,0,0,0,0
84,0,1,1,ACCEPT,46.7763,5.4161,1614,-2,0,0.7286,245.92,358.56,57.00,52.00,247.00,358.00,50.00,40.00,0.6748,1.22,1,0,2.9338,ACCEPT,0,1342,2283,14891,3,150,1614,0,0,0,0
85,0,1,1,ACCEPT,46.3293,5.3174,1558,-1,2,0.7728,245.03,360.19,57.00,52.00,250.00,357.50,58.00,41.00,0.6755,5.65,1,0,2.9424,ACCEPT,0,1212,2377,16754,3,150,1558,0,0,0,0
86,0,1,1,ACCEPT,46.3392,4.9518,1748,1,1,0.8129,245.92,361.00,57.00,52.00,249.50,357.50,55.00,43.00,0.7331,5.01,1,0,3.0752,ACCEPT,0,1414,2493,14979,3,150,1748,0,0,0,0
87,0,1,1,ACCEPT,37.4844,4.8478,1401,-1,-1,0.8365,245.03,360.19,57.00,52.00,247.50,358.50,53.00,45.00,0.7919,2.99,1,0,2.9797,ACCEPT,0,1178,2415,15208,3,150,1401,0,0,0,0
88,0,1,1,ACCEPT,28.5584,4.5552,1280,1,1,0.8063,245.92,361.00,57.00,52.00,250.00,360.00,56.00,46.00,0.7708,4.20,1,0,3.0759,ACCEPT,0,1569,2579,12699,3,150,1280,0,0,0,0
89,0,1,1,ACCEPT,34.6697,5.1377,1418,-1,0,0.9535,245.03,361.00,57.00,52.00,248.00,358.00,56.00,48.00,0.8023,4.22,1,0,2.9635,ACCEPT,0,1321,2519,15249,3,150,1418,0,0,0,0
90,0,1,1,ACCEPT,34.4603,4.8879,1613,0,0,1.0000,245.03,361.00,57.00,52.00,246.50,360.50,49.00,39.00,0.6447,1.55,1,0,2.8944,ACCEPT,0,1583,2633,11390,3,150,1613,0,0,0,0
91,0,1,1,ACCEPT,36.1937,5.1741,1278,-2,1,0.7700,243.25,361.81,57.00,52.00,242.50,360.50,47.00,39.00,0.6184,1.51,1,0,2.8881,ACCEPT,0,1187,2441,13731,3,150,1278,0,0,0,0
92,0,1,1,ACCEPT,27.0755,4.0870,752,-2,1,0.7114,241.47,362.62,57.00,52.00,243.50,362.50,55.00,43.00,0.7714,2.04,1,0,2.9233,ACCEPT,0,868,1440,13882,3,150,752,0,0,0,0
93,0,1,1,ACCEPT,23.3218,3.0625,735,-2,0,0.8190,239.69,362.62,57.00,52.00,229.50,355.50,25.00,31.00,0.2615,12.43,1,0,3.0524,ACCEPT,0,1341,1625,13952,3,150,735,0,0,0,0
94,0,1,1,ACCEPT,46.8185,5.0737,1446,-2,0,0.7068,237.91,362.62,57.00,52.00,242.00,360.50,54.00,41.00,0.6865,4.61,1,0,3.1160,ACCEPT,0,1282,2717,11928,3,150,1446,0,0,0,0
95,0,1,1,ACCEPT,54.6727,7.6806,1467,-1,1,0.8971,237.02,363.44,57.00,52.00,240.00,361.50,54.00,39.00,0.6778,3.56,1,0,3.0155,ACCEPT,0,1075,1885,13303,3,150,1467,0,0,0,0
96,0,1,1,ACCEPT,58.6846,5.5815,1267,-1,1,0.9684,236.12,364.25,57.00,52.00,237.50,362.50,53.00,37.00,0.6616,2.23,1,0,2.9999,ACCEPT,0,956,1933,12782,3,150,1267,0,0,0,0
97,0,1,1,ACCEPT,56.4121,6.5137,1192,-1,0,0.9992,235.23,364.25,57.00,52.00,237.00,363.00,54.00,40.00,0.7226,2.16,1,0,2.9999,ACCEPT,0,929,1998,12606,3,150,1192,0,0,0,0
98,0,1,1,ACCEPT,56.8333,5.9349,1276,0,-1,0.9561,235.23,363.44,57.00,52.00,236.50,362.50,53.00,41.00,0.7331,1.58,1,0,3.1001,ACCEPT,0,945,2055,12672,3,150,1276,0,0,0,0
99,0,1,1,ACCEPT,51.9904,7.9682,1251,-1,1,0.8553,234.34,364.25,57.00,52.00,235.50,362.50,57.00,41.00,0.7603,2.10,1,0,3.0660,ACCEPT,0,1009,2149,12721,3,150,1251,0,0,0,0
100,0,1,1,ACCEPT,48.6283,7.7901,1262,0,0,1.0000,234.34,364.25,57.00,52.00,235.00,361.50,52.00,39.00,0.6842,2.83,1,0,3.0876,ACCEPT,0,1052,2122,14155,3,150,1262,0,0,0,0
101,0,1,1,ACCEPT,52.5527,7.2228,1394,1,1,0.8608,235.23,365.06,57.00,52.00,234.50,363.50,53.00,39.00,0.6974,1.73,1,0,3.0486,ACCEPT,0,1078,2238,12973,3,150,1394,0,0,0,0
102,0,1,1,ACCEPT,48.3154,5.0085,1177,-1,0,0.8530,234.34,365.06,57.00,52.00,234.50,363.50,51.00,39.00,0.6711,1.57,1,0,3.0653,ACCEPT,0,948,2137,12768,3,150,1177,0,0,0,0
103,0,1,1,ACCEPT,43.5143,7.4694,1098,-1,1,0.8944,233.45,365.88,57.00,52.00,238.00,366.00,58.00,42.00,0.7003,4.55,1,0,3.1884,ACCEPT,0,1094,2643,9515,3,150,1098,0,0,0,0
104,0,1,1,ACCEPT,35.3429,5.9000,826,-1,1,0.8293,232.56,366.69,57.00,52.00,236.00,367.00,56.00,44.00,0.7548,3.45,1,0,3.1639,ACCEPT,0,859,2896,7706,3,150,826,0,0,0,0
105,0,1,1,ACCEPT,34.3687,5.0464,762,-1,1,0.8097,231.67,367.50,57.00,52.00,237.00,365.00,58.00,40.00,0.6527,5.89,1,0,3.0384,ACCEPT,0,832,3382,6823,3,150,762,0,0,0,0
106,0,1,1,ACCEPT,20.9534,2.6279,565,3,3,0.5770,234.34,369.94,57.00,52.00,237.50,362.50,55.00,55.00,0.6847,8.08,1,0,2.9506,ACCEPT,0,1064,3727,6203,3,150,565,0,0,0,0
107,0,1,1,ACCEPT,35.0903,5.3012,440,0,7,0.0477,234.34,375.62,57.00,52.00,234.00,372.50,54.00,49.00,0.8383,3.14,1,0,3.0298,ACCEPT,0,484,1662,8365,3,150,440,0,0,0,0
108,0,1,1,ACCEPT,43.4496,5.7913,666,2,4,0.1952,236.12,378.88,57.00,52.00,236.00,373.50,54.00,45.00,0.7597,5.38,1,0,3.0355,ACCEPT,0,562,2169,10616,3,150,666,0,0,0,0
109,0,1,1,ACCEPT,42.1919,2.7224,863,7,-2,0.2480,242.36,377.25,57.00,52.00,239.50,372.00,53.00,54.00,0.7463,5.98,1,0,3.0033,ACCEPT,0,939,2326,9558,3,150,863,0,0,0,0
110,0,1,1,ACCEPT,47.5725,5.0608,916,10,-4,0.0633,251.27,374.00,57.00,52.00,249.50,373.00,47.00,42.00,0.6660,2.03,1,0,3.0296,ACCEPT,0,875,2395,10003,3,150,916,0,0,0,0
111,0,1,1,ACCEPT,49.2057,6.6423,910,0,-1,0.8516,251.27,373.19,57.00,52.00,251.00,371.00,50.00,42.00,0.7085,2.20,1,0,3.0408,ACCEPT,0,767,1954,10538,3,150,910,0,0,0,0
112,0,1,1,ACCEPT,39.7354,4.4124,856,3,-4,0.4708,253.94,369.94,57.00,52.00,253.00,368.00,46.00,44.00,0.6829,2.15,1,0,3.0275,ACCEPT,0,943,2177,9309,3,150,856,0,0,0,0
113,0,1,1,ACCEPT,40.0634,3.6750,882,2,-7,0.1916,255.72,364.25,57.00,52.00,257.00,362.50,46.00,41.00,0.6363,2.17,1,0,2.9937,ACCEPT,0,888,2304,9198,3,150,882,0,0,0,0
114,0,1,1,ACCEPT,30.5519,3.6022,969,-1,-1,0.9112,254.83,363.44,57.00,52.00,257.00,364.50,46.00,41.00,0.6363,2.42,1,0,2.8503,ACCEPT,0,1209,3072,9067,3,150,969,0,0,0,0
115,0,1,1,ACCEPT,27.9849,3.7165,1219,1,1,0.8253,255.72,364.25,57.00,52.00,255.50,365.00,43.00,40.00,0.5803,0.78,1,0,2.9331,ACCEPT,0,1204,5142,8845,3,150,1219,0,0,0,0
116,0,1,1,ACCEPT,29.4911,4.4947,1281,1,0,0.9805,256.61,364.25,57.00,52.00,257.50,364.50,45.00,41.00,0.6225,0.93,1,0,2.9383,ACCEPT,0,1166,5041,9273,3,150,1281,0,0,0,0
117,0,1,1,ACCEPT,31.6130,4.6404,1355,0,1,0.9712,256.61,365.06,57.00,52.00,259.00,365.00,46.00,36.00,0.5587,2.39,1,0,2.7921,ACCEPT,0,1246,6392,8941,3,150,1355,0,0,0,0
118,0,1,1,ACCEPT,33.0843,4.3967,1618,1,-1,0.8035,257.50,364.25,57.00,52.00,258.50,366.00,53.00,42.00,0.7510,2.02,1,0,2.7831,ACCEPT,0,1297,6920,12027,3,150,1618,0,0,0,0
119,0,1,1,ACCEPT,35.4885,5.5600,1529,1,1,0.8470,258.39,365.06,57.00,52.00,259.50,366.50,55.00,47.00,0.8689,1.82,1,0,2.8225,ACCEPT,0,1208,3419,13216,3,150,1529,0,0,0,0
120,0,1,1,ACCEPT,34.9168,4.5333,1700,1,0,0.9171,259.28,365.06,57.00,52.00,254.00,363.50,46.00,41.00,0.6363,5.51,1,0,2.9177,ACCEPT,0,1536,3294,14640,3,150,1700,0,0,0,0
121,0,1,1,ACCEPT,39.4637,6.5670,2305,-2,1,0.6026,257.50,365.88,57.00,52.00,257.00,367.00,46.00,50.00,0.7725,1.23,1,0,2.7663,ACCEPT,0,1778,9274,10047,3,150,2305,0,0,0,0
122,0,1,1,ACCEPT,40.0733,6.1649,2355,0,1,0.9851,257.50,366.69,57.00,52.00,260.00,368.50,42.00,45.00,0.6377,3.09,1,0,2.8024,ACCEPT,0,1919,7618,9686,3,150,2355,0,0,0,0
123,0,1,1,ACCEPT,42.5083,6.8621,2189,0,-2,0.7236,257.50,365.06,57.00,52.00,261.50,367.50,43.00,39.00,0.5658,4.68,1,0,2.8021,ACCEPT,0,1543,8368,9338,3,150,2189,0,0,0,0
124,0,1,1,ACCEPT,45.0391,7.4195,2211,1,2,0.7259,258.39,366.69,57.00,52.00,258.50,367.50,37.00,35.00,0.4369,0.82,1,0,2.8624,ACCEPT,0,1695,7976,9533,3,150,2211,0,0,0,0
125,0,1,1,ACCEPT,47.8411,7.4874,2074,-1,0,0.9518,257.50,366.69,57.00,52.00,258.00,369.00,38.00,40.00,0.5128,2.37,1,0,2.9716,ACCEPT,0,1504,7874,8563,3,150,2074,0,0,0,0
126,0,1,1,ACCEPT,46.1781,6.1604,1959,-2,1,0.5145,255.72,367.50,57.00,52.00,257.00,369.50,52.00,39.00,0.6842,2.38,1,0,2.9349,ACCEPT,0,1398,6866,9383,3,150,1959,0,0,0,0
127,0,1,1,ACCEPT,55.0988,8.3943,2065,-2,1,0.6605,253.94,368.31,57.00,52.00,255.50,370.00,55.00,40.00,0.7291,2.30,1,0,2.9267,ACCEPT,0,1489,6733,9625,3,150,2065,0,0,0,0
128,0,1,1,ACCEPT,58.8267,10.5519,2237,0,2,0.5570,253.94,369.94,57.00,52.00,254.50,367.00,53.00,44.00,0.7868,2.99,1,0,2.9971,ACCEPT,0,1412,5802,10884,3,150,2237,0,0,0,0
129,0,1,1,ACCEPT,45.3890,6.8352,1825,-1,1,0.8542,253.05,370.75,57.00,52.00,254.50,368.50,45.00,37.00,0.5617,2.68,1,0,3.0233,ACCEPT,0,1445,3384,13707,3,150,1825,0,0,0,0
130,0,1,1,ACCEPT,36.0230,5.3444,1614,0,0,1.0000,253.05,370.75,57.00,52.00,253.00,370.00,44.00,42.00,0.6235,0.75,1,0,2.9975,ACCEPT,0,1380,2099,18985,3,150,1614,0,0,0,0
131,0,1,1,ACCEPT,41.1003,5.5767,1818,0,1,0.8388,253.05,371.56,57.00,52.00,251.00,373.00,46.00,44.00,0.6829,2.50,1,0,3.0081,ACCEPT,0,1497,3398,16417,3,150,1818,0,0,0,0
132,0,1,1,ACCEPT,40.6260,5.9474,1582,1,1,0.7604,253.94,372.38,57.00,52.00,252.00,376.00,38.00,40.00,0.5128,4.11,1,0,3.0166,ACCEPT,0,1302,3712,14988,3,150,1582,0,0,0,0
133,0,1,1,ACCEPT,33.0254,4.2114,1554,0,2,0.5135,253.94,374.00,57.00,52.00,257.50,373.00,45.00,42.00,0.6377,3.70,1,0,3.1269,ACCEPT,0,1302,3717,17062,3,150,1554,0,0,0,0
134,0,1,1,ACCEPT,45.2690,6.9535,1196,0,2,0.5385,253.94,375.62,57.00,52.00,256.50,373.00,45.00,40.00,0.6073,3.67,1,0,3.1020,ACCEPT,0,1031,6983,9507,3,150,1196,0,0,0,0
135,0,1,1,ACCEPT,47.0756,8.1901,1163,0,2,0.5322,253.94,377.25,57.00,52.00,254.50,375.00,51.00,40.00,0.6883,2.32,1,0,3.0777,ACCEPT,0,903,5594,13426,3,150,1163,0,0,0,0
136,0,1,1,ACCEPT,48.5431,7.8632,1494,1,2,0.4217,254.83,378.88,57.00,52.00,255.00,376.00,50.00,40.00,0.6748,2.88,1,0,3.0742,ACCEPT,0,1124,5226,14350,3,150,1494,0,0,0,0
137,0,1,1,ACCEPT,46.4188,8.0286,1405,1,2,0.6534,255.72,380.50,57.00,52.00,259.00,378.50,40.00,37.00,0.4993,3.84,1,0,3.1089,ACCEPT,0,1094,4617,13613,3,150,1405,0,0,0,0
138,0,1,1,ACCEPT,45.0430,8.0818,1285,0,1,0.9704,255.72,381.31,57.00,52.00,262.00,378.00,46.00,40.00,0.6039,7.10,1,0,3.0624,ACCEPT,0,1102,4658,15233,3,150,1285,0,0,0,0
139,0,1,1,ACCEPT,40.9437,6.2800,1413,1,2,0.6964,256.61,382.94,57.00,52.00,257.50,379.50,49.00,45.00,0.7439,3.55,1,0,3.1179,ACCEPT,0,1212,3864,16462,3,150,1413,0,0,0,0
140,0,1,1,ACCEPT,43.3881,6.0213,1415,0,0,1.0000,256.61,382.94,57.00,52.00,261.00,378.50,44.00,43.00,0.6383,6.24,1,0,3.1465,ACCEPT,0,1289,3862,18225,3,150,1415,0,0,0,0
141,0,1,1,ACCEPT,40.9316,5.6192,1579,0,2,0.6232,256.61,384.56,57.00,52.00,260.00,379.50,44.00,45.00,0.6302,6.09,1,0,3.0795,ACCEPT,0,1174,3029,18092,3,150,1579,0,0,0,0
142,0,1,1,ACCEPT,28.4424,3.1375,1506,1,2,0.6016,257.50,386.19,57.00,52.00,259.00,384.00,42.00,50.00,0.6802,2.65,1,0,3.0658,ACCEPT,0,1944,2782,13601,3,150,1506,0,0,0,0
143,0,1,1,ACCEPT,32.9761,4.9226,1654,1,3,0.2618,258.39,388.62,57.00,52.00,260.00,387.50,44.00,49.00,0.7274,1.96,1,0,3.1691,ACCEPT,0,1772,3893,10262,3,150,1654,0,0,0,0
144,0,1,1,ACCEPT,34.8800,5.6022,1563,1,3,0.4805,259.28,391.06,57.00,52.00,261.50,391.00,47.00,50.00,0.7928,2.22,1,0,3.1102,ACCEPT,0,1300,4687,9870,3,150,1563,0,0,0,0
145,0,1,1,ACCEPT,32.1350,4.6379,1396,0,4,0.3266,259.28,394.31,57.00,52.00,259.50,391.50,41.00,49.00,0.6479,2.82,1,0,3.0926,ACCEPT,0,1175,4036,11956,3,150,1396,0,0,0,0
146,0,1,1,ACCEPT,30.3662,5.0704,1080,0,2,0.5130,259.28,395.94,57.00,52.00,259.50,393.50,45.00,51.00,0.7236,2.45,1,0,3.1126,ACCEPT,0,1118,3085,18980,3,150,1080,0,0,0,0
147,0,1,1,ACCEPT,25.2078,3.5326,1028,-3,2,0.4387,256.61,397.56,57.00,52.00,259.00,396.00,48.00,48.00,0.7773,2.86,1,0,3.1447,ACCEPT,0,2498,6167,11556,3,150,1028,0,0,0,0
148,0,1,1,ACCEPT,45.7066,6.0045,1321,-1,2,0.4133,255.72,399.19,57.00,52.00,260.50,393.00,47.00,50.00,0.6566,7.82,1,0,3.0492,ACCEPT,0,935,4321,19299,3,150,1321,0,0,0,0
149,0,1,1,ACCEPT,53.0017,6.8904,2074,0,1,0.8303,255.72,400.00,57.00,52.00,259.50,398.00,49.00,38.00,0.6282,4.28,1,0,3.1170,ACCEPT,0,1455,4850,18141,3,150,2074,0,0,0,0
150,0,1,1,ACCEPT,51.8085,8.3491,1937,-1,0,0.8534,254.83,400.00,57.00,52.00,257.50,399.00,49.00,38.00,0.6282,2.85,1,0,3.1364,ACCEPT,0,1335,4732,18027,3,150,1937,0,0,0,0
151,0,1,1,ACCEPT,45.3522,5.9969,1919,-1,1,0.8134,253.94,400.81,57.00,52.00,257.00,400.50,46.00,39.00,0.6053,3.08,1,0,3.0949,ACCEPT,0,1349,4213,19556,3,150,1919,0,0,0,0
152,0,1,1,ACCEPT,46.5195,7.8478,1805,0,0,1.0000,253.94,400.81,57.00,52.00,256.00,401.00,46.00,34.00,0.5277,2.07,1,0,3.1104,ACCEPT,0,1327,4454,19362,3,150,1805,0,0,0,0
153,0,1,1,ACCEPT,42.0305,6.7823,1682,0,0,1.0000,253.94,400.81,57.00,52.00,258.00,397.50,48.00,43.00,0.6964,5.24,1,0,3.0873,ACCEPT,0,1393,3951,20628,3,150,1682,0,0,0,0
154,0,1,1,ACCEPT,36.5845,5.1344,1643,-1,2,0.7121,253.05,402.44,57.00,52.00,257.50,398.50,53.00,43.00,0.7081,5.94,1,0,3.1281,ACCEPT,0,1542,4001,20575,3,150,1643,0,0,0,0
155,0,1,1,ACCEPT,37.0571,4.8098,1568,0,2,0.7200,253.05,404.06,57.00,52.00,257.50,403.50,47.00,39.00,0.6184,4.49,1,0,3.1184,ACCEPT,0,1448,3508,19941,3,150,1568,0,0,0,0
156,0,1,1,ACCEPT,34.5491,4.6793,1357,-1,-1,0.8548,252.16,403.25,57.00,52.00,254.50,403.00,37.00,40.00,0.4993,2.36,1,0,3.0361,ACCEPT,0,1534,3539,18488,3,150,1357,0,0,0,0
157,0,1,1,ACCEPT,44.2629,5.1947,1574,-1,1,0.7389,251.27,404.06,57.00,52.00,254.00,402.50,44.00,39.00,0.5789,3.15,1,0,3.0631,ACCEPT,0,1574,3094,17557,3,150,1574,0,0,0,0
158,0,1,1,ACCEPT,42.4373,4.7254,1583,0,0,1.0000,251.27,404.06,57.00,52.00,250.50,403.50,41.00,39.00,0.5395,0.95,1,0,3.0769,ACCEPT,0,1526,2997,20609,3,150,1583,0,0,0,0
159,0,1,1,ACCEPT,45.2536,4.2394,1806,0,-2,0.7702,251.27,402.44,57.00,52.00,252.00,401.50,46.00,39.00,0.6053,1.19,1,0,3.0090,ACCEPT,0,1726,3245,18118,3,150,1806,0,0,0,0
160,0,1,1,ACCEPT,28.4397,4.3619,1121,0,-2,0.6146,251.27,400.81,57.00,52.00,255.00,403.00,32.00,34.00,0.3671,4.33,1,0,3.0854,ACCEPT,0,1552,3198,18993,3,150,1121,0,0,0,0
161,0,1,1,ACCEPT,47.1769,5.1835,819,1,0,0.8694,252.16,400.81,57.00,52.00,253.50,400.50,45.00,37.00,0.5617,1.38,1,0,3.0231,ACCEPT,0,788,3871,14608,3,150,819,0,0,0,0
162,0,1,1,ACCEPT,56.5001,5.9302,1530,2,-1,0.6895,253.94,400.00,57.00,52.00,256.00,400.00,50.00,38.00,0.6410,2.06,1,0,3.0898,ACCEPT,0,981,2745,23269,3,150,1530,0,0,0,0
163,0,1,1,ACCEPT,60.2642,6.7034,2192,0,-1,0.9389,253.94,399.19,57.00,52.00,257.50,398.00,53.00,38.00,0.6465,3.76,1,0,3.0527,ACCEPT,0,1562,2956,24511,3,150,2192,0,0,0,0
164,0,1,1,ACCEPT,64.9123,6.9132,2468,0,1,0.9040,253.94,400.00,57.00,52.00,258.00,401.00,52.00,36.00,0.6012,4.18,1,0,3.0933,ACCEPT,0,1550,2301,23925,3,150,2468,0,0,0,0
165,0,1,1,ACCEPT,60.3750,5.8144,2099,-2,1,0.5374,252.16,400.81,57.00,52.00,256.50,400.00,49.00,38.00,0.6211,4.42,1,0,3.0584,ACCEPT,0,1457,2330,26124,3,150,2099,0,0,0,0
166,0,1,1,ACCEPT,59.9193,6.3000,2268,1,0,0.9960,253.05,400.81,57.00,52.00,257.00,400.50,48.00,37.00,0.5992,3.97,1,0,3.0837,ACCEPT,0,1848,2002,25691,3,150,2268,0,0,0,0
167,0,1,1,ACCEPT,64.2131,5.8231,2568,1,-1,0.7975,253.94,400.00,57.00,52.00,253.50,400.00,43.00,38.00,0.5513,0.44,1,0,3.0801,ACCEPT,0,1753,2163,25629,3,150,2568,0,0,0,0
168,0,1,1,ACCEPT,51.7702,5.0878,2203,0,1,0.8892,253.94,400.81,57.00,52.00,257.00,400.50,46.00,37.00,0.5742,3.08,1,0,2.9243,ACCEPT,0,2181,1836,18497,3,150,2203,0,0,0,0
169,0,1,1,ACCEPT,47.9347,4.1643,1749,0,-1,0.9508,253.94,400.00,57.00,52.00,257.00,401.50,44.00,37.00,0.5493,3.41,1,0,2.9010,ACCEPT,0,1615,2033,14650,3,150,1749,0,0,0,0
170,0,1,1,ACCEPT,54.5650,6.6221,1735,0,0,1.0000,253.94,400.00,57.00,52.00,258.00,401.00,46.00,36.00,0.5587,4.18,1,0,3.0075,ACCEPT,0,1194,1893,17639,3,150,1735,0,0,0,0
171,0,1,1,ACCEPT,33.1061,2.9585,1426,-3,1,0.6971,251.27,400.81,57.00,52.00,250.00,401.00,52.00,36.00,0.6316,1.28,1,0,2.9366,ACCEPT,0,1716,2113,13603,3,150,1426,0,0,0,0
172,0,1,1,ACCEPT,36.8981,4.4700,1265,1,1,0.8047,252.16,401.62,57.00,52.00,254.00,401.00,50.00,40.00,0.6748,1.95,1,0,2.9125,ACCEPT,0,1255,1984,16185,3,150,1265,0,0,0,0
173,0,1,1,ACCEPT,34.8826,3.7333,616,-2,-1,0.6071,250.38,400.81,57.00,52.00,247.50,401.00,47.00,40.00,0.6343,2.88,1,0,2.8809,ACCEPT,0,729,1845,13305,3,150,616,0,0,0,0
174,0,1,1,ACCEPT,19.1553,2.5106,354,1,0,0.9237,251.27,400.81,57.00,52.00,0.00,0.00,0.00,0.00,0.0000,473.06,1,0,3.0494,ACCEPT,0,1025,2214,20218,3,150,354,0,0,0,0
175,0,1,1,ACCEPT,40.3158,3.6088,1144,-2,0,0.7500,249.48,400.81,57.00,52.00,249.50,401.50,39.00,37.00,0.4868,0.69,1,0,3.1059,ACCEPT,0,1116,1286,23394,3,150,1144,0,0,0,0
176,0,1,1,ACCEPT,33.3652,3.0986,1509,-2,3,0.4559,247.70,403.25,57.00,52.00,252.00,404.00,44.00,38.00,0.5641,4.36,1,0,3.0442,ACCEPT,0,1934,2007,18321,3,150,1509,0,0,0,0
177,0,1,1,ACCEPT,25.5979,2.2058,986,-4,-1,0.4645,244.14,402.44,57.00,52.00,248.50,403.00,39.00,38.00,0.5000,4.40,1,0,2.8564,ACCEPT,0,2382,2499,7146,3,150,986,0,0,0,0
178,0,1,1,ACCEPT,19.1966,2.6897,390,10,-18,0.3282,253.05,387.81,57.00,52.00,253.00,387.50,44.00,39.00,0.5789,0.32,1,0,2.8437,ACCEPT,0,659,2162,8830,3,150,390,0,0,0,0
179,0,1,1,ACCEPT,24.1938,2.0554,557,5,-7,0.1634,257.50,382.12,57.00,52.00,257.00,381.00,40.00,40.00,0.5398,1.23,1,0,2.9750,ACCEPT,0,867,1776,12647,3,150,557,0,0,0,0
180,0,1,1,ACCEPT,28.4938,2.3904,796,0,-3,0.3894,257.50,379.69,57.00,52.00,257.50,379.50,41.00,41.00,0.5671,0.19,1,0,2.9618,ACCEPT,0,880,1785,16617,3,150,796,0,0,0,0
181,0,1,1,ACCEPT,35.2519,2.9520,1169,-4,-3,0.2780,253.94,377.25,57.00,52.00,255.50,378.50,39.00,41.00,0.5395,2.00,1,0,2.7446,ACCEPT,0,1235,2033,12391,3,150,1169,0,0,0,0
182,0,1,1,ACCEPT,40.4423,4.8926,1184,1,1,0.9679,254.83,378.06,57.00,52.00,255.50,379.50,35.00,39.00,0.4605,1.59,1,0,3.0567,ACCEPT,0,1058,1836,16046,3,150,1184,0,0,0,0
183,0,1,1,ACCEPT,32.0972,3.5709,1032,0,-1,0.9709,254.83,377.25,57.00,52.00,255.50,377.00,33.00,48.00,0.5344,0.72,1,0,3.0350,ACCEPT,0,1165,1772,18835,3,150,1032,0,0,0,0
184,0,1,1,ACCEPT,30.7529,4.2132,1146,1,-1,0.9407,255.72,376.44,57.00,52.00,255.50,374.50,31.00,41.00,0.4288,1.95,1,0,2.8820,ACCEPT,0,1378,1680,22446,3,150,1146,0,0,0,0
185,0,1,1,ACCEPT,30.1637,2.7171,1220,0,1,0.9836,255.72,377.25,57.00,52.00,258.00,374.50,28.00,39.00,0.3684,3.57,1,0,2.8672,ACCEPT,0,1717,1677,23108,3,150,1220,0,0,0,0
186,0,1,1,ACCEPT,31.6825,3.4030,1368,-1,-2,0.7025,254.83,375.62,57.00,52.00,256.50,374.50,29.00,37.00,0.3620,2.02,1,0,2.8514,ACCEPT,0,1589,1581,26237,3,150,1368,0,0,0,0
187,0,1,1,ACCEPT,30.6105,3.4760,942,0,0,1.0000,254.83,375.62,57.00,52.00,254.50,374.50,35.00,43.00,0.5078,1.17,1,0,2.9880,ACCEPT,0,1134,1044,26124,3,150,942,0,0,0,0
188,0,1,1,ACCEPT,31.1857,3.5663,888,-1,-3,0.6205,253.94,373.19,57.00,52.00,0.00,0.00,0.00,0.00,0.0000,451.39,1,0,2.9093,ACCEPT,0,2013,2592,19180,3,150,888,0,0,0,0
189,0,1,1,ACCEPT,49.5742,3.6442,594,-1,2,0.6229,253.05,374.81,57.00,52.00,251.50,374.50,31.00,35.00,0.3661,1.58,1,0,2.9957,ACCEPT,0,498,1648,23058,3,150,594,0,0,0,0
190,0,1,1,ACCEPT,43.2794,3.6406,1256,-1,0,0.9291,252.16,374.81,57.00,52.00,255.00,374.00,40.00,38.00,0.5128,2.96,1,0,3.1024,ACCEPT,0,1220,1347,22858,3,150,1256,0,0,0,0
0,0,0,0,ZERO_RESPONSE,0.0000,0.0000,0,0,0,0.0000,265.00,385.50,50.00,43.00,265.00,385.50,50.00,43.00,1.0000,0.00,1,0,0.0000,NOT_RUN,0,0,3995,9434,4,200,0,0,0,0,0
1,0,1,1,ACCEPT,33.2304,6.5405,242,1,0,0.9504,265.78,385.50,50.00,43.00,267.50,382.00,55.00,48.00,0.7807,3.90,1,0,3.1127,ACCEPT,0,325,3845,5738,4,200,242,0,0,0,0
2,0,1,1,ACCEPT,20.2857,2.4310,141,-1,-1,0.8794,265.00,384.83,50.00,43.00,266.50,385.50,51.00,55.00,0.7398,1.64,1,0,3.0795,ACCEPT,0,253,3498,4399,4,200,141,0,0,0,0
3,0,1,1,ACCEPT,20.8037,4.0244,165,1,-2,0.5636,265.78,383.48,50.00,43.00,268.50,380.50,51.00,45.00,0.7886,4.04,1,0,3.1113,ACCEPT,0,236,3205,4947,4,200,165,0,0,0,0
4,0,1,1,ACCEPT,27.4631,4.1290,256,1,-2,0.6250,266.56,382.14,50.00,43.00,265.00,381.00,54.00,48.00,0.8295,1.93,1,0,3.0626,ACCEPT,0,274,2720,5768,4,200,256,0,0,0,0
5,0,1,1,ACCEPT,26.8668,4.8167,289,1,-3,0.4706,267.34,380.12,50.00,43.00,265.50,378.50,55.00,49.00,0.7978,2.46,1,0,3.1069,ACCEPT,0,318,2517,8325,4,200,289,0,0,0,0
6,0,1,1,ACCEPT,26.5686,4.2667,384,1,-1,0.8359,268.12,379.45,50.00,43.00,267.00,379.00,58.00,50.00,0.7414,1.21,1,0,3.0417,ACCEPT,0,469,2562,7954,4,200,384,0,0,0,0
7,0,1,1,ACCEPT,28.8202,4.1651,454,1,-2,0.7665,268.91,378.11,50.00,43.00,267.50,376.00,55.00,52.00,0.7517,2.54,1,0,3.0619,ACCEPT,0,467,2374,8858,4,200,454,0,0,0,0
8,0,1,1,ACCEPT,30.3654,5.1609,449,-2,1,0.6726,267.34,378.78,50.00,43.00,266.00,374.00,56.00,44.00,0.7229,4.97,1,0,3.0748,ACCEPT,0,544,2391,7113,4,200,449,0,0,0,0
9,0,1,1,ACCEPT,34.6124,5.8889,424,1,-3,0.4316,268.12,376.77,50.00,43.00,267.00,371.50,56.00,47.00,0.7107,5.38,1,0,3.1284,ACCEPT,0,409,2217,7344,4,200,424,0,0,0,0
10,0,1,1,ACCEPT,35.1705,5.5000,583,3,-2,0.3705,270.47,375.42,50.00,43.00,271.00,373.00,54.00,44.00,0.8308,2.48,1,0,3.1603,ACCEPT,0,470,2544,10781,4,200,583,0,0,0,0
11,0,1,1,ACCEPT,14.6701,2.1523,325,0,1,0.9569,270.47,376.09,50.00,43.00,270.00,371.00,52.00,44.00,0.7627,5.12,1,0,3.1923,ACCEPT,0,629,1633,11868,4,200,325,0,0,0,0
12,0,1,1,ACCEPT,18.0754,3.2328,375,-1,-1,0.8480,269.69,375.42,50.00,43.00,263.00,370.00,38.00,50.00,0.6089,8.61,1,0,3.0602,ACCEPT,0,567,1595,11314,4,200,375,0,0,0,0
13,0,1,1,ACCEPT,23.7073,4.1060,620,-1,-3,0.4742,268.91,373.41,50.00,43.00,269.50,369.00,51.00,48.00,0.8051,4.45,1,0,3.0681,ACCEPT,0,876,2118,10293,4,200,620,0,0,0,0
14,0,1,1,ACCEPT,21.4742,3.2925,484,2,-2,0.7066,270.47,372.06,50.00,43.00,269.50,370.00,47.00,44.00,0.8578,2.28,1,0,2.9980,ACCEPT,0,794,2544,7518,4,200,484,0,0,0,0
15,0,1,1,ACCEPT,23.0609,3.3438,428,-1,-6,0.2103,269.69,368.03,50.00,43.00,268.00,366.00,56.00,46.00,0.8159,2.64,1,0,3.0407,ACCEPT,0,603,2337,8115,4,200,428,0,0,0,0
16,0,1,1,ACCEPT,24.0118,3.1842,484,-1,-2,0.6983,268.91,366.69,50.00,43.00,267.00,364.00,50.00,44.00,0.8222,3.29,1,0,3.0213,ACCEPT,0,638,2295,8557,4,200,484,0,0,0,0
17,0,1,1,ACCEPT,23.8458,2.7194,533,-1,-5,0.2514,268.12,363.33,50.00,43.00,268.00,361.50,52.00,47.00,0.8797,1.83,1,0,3.1263,ACCEPT,0,732,2749,7212,4,200,533,0,0,0,0
18,0,1,1,ACCEPT,30.4818,4.7750,573,4,-3,0.1222,271.25,361.31,50.00,43.00,269.00,359.50,62.00,53.00,0.6543,2.89,1,0,3.1596,ACCEPT,0,810,2710,7018,4,200,573,0,0,0,0
19,0,1,1,ACCEPT,29.6759,4.0157,510,2,-4,0.2961,272.81,358.62,50.00,43.00,274.00,358.00,56.00,48.00,0.7999,1.34,1,0,3.2062,ACCEPT,0,571,2313,9891,4,200,510,0,0,0,0
20,0,1,1,ACCEPT,26.7626,3.4416,530,2,-1,0.8113,274.38,357.95,50.00,43.00,274.50,357.00,51.00,50.00,0.8431,0.96,1,0,3.0965,ACCEPT,0,644,2327,12030,4,200,530,0,0,0,0
21,0,1,1,ACCEPT,27.3355,3.8699,565,3,-2,0.4867,276.72,356.61,50.00,43.00,277.00,356.00,48.00,48.00,0.8636,0.67,1,0,3.1214,ACCEPT,0,754,2244,11918,4,200,565,0,0,0,0
22,0,1,1,ACCEPT,16.5267,1.2094,439,3,-3,0.2893,279.06,354.59,50.00,43.00,281.50,350.00,53.00,46.00,0.7444,5.20,1,0,3.1158,ACCEPT,0,947,2644,8473,4,200,439,0,0,0,0
23,0,1,1,ACCEPT,16.4267,1.6963,363,10,1,0.0937,286.88,355.27,50.00,43.00,286.50,351.00,43.00,46.00,0.7215,4.28,1,0,3.0434,ACCEPT,0,724,1793,14896,4,200,363,0,0,0,0
24,0,1,1,ACCEPT,19.3407,1.9653,397,2,2,0.5113,288.44,356.61,50.00,43.00,286.50,351.00,39.00,44.00,0.6187,5.93,1,0,3.0266,ACCEPT,0,749,1469,12633,4,200,397,0,0,0,0
25,0,1,1,ACCEPT,20.1637,2.8577,683,2,-1,0.6676,290.00,355.94,50.00,43.00,291.00,351.50,48.00,45.00,0.7876,4.55,1,0,3.0293,ACCEPT,0,953,2876,17176,4,200,683,0,0,0,0
26,0,1,1,ACCEPT,26.7130,3.5118,1043,1,0,0.9521,290.78,355.94,50.00,43.00,293.50,357.50,55.00,55.00,0.7054,3.14,1,0,3.0718,ACCEPT,0,1390,2339,17018,4,200,1043,0,0,0,0
27,0,1,1,ACCEPT,30.8763,3.6255,997,1,0,0.9478,291.56,355.94,50.00,43.00,294.00,357.00,56.00,56.00,0.6856,2.66,1,0,3.1113,ACCEPT,0,1118,2329,13603,4,200,997,0,0,0,0
28,0,1,1,ACCEPT,31.2940,4.7172,934,0,0,1.0000,291.56,355.94,50.00,43.00,293.50,353.50,55.00,47.00,0.8164,3.11,1,0,3.0954,ACCEPT,0,1091,2415,14701,4,200,934,0,0,0,0
29,0,1,1,ACCEPT,30.8325,3.7558,969,-1,-1,0.8731,290.78,355.27,50.00,43.00,289.00,354.00,52.00,48.00,0.8367,2.19,1,0,3.0395,ACCEPT,0,1084,2319,14556,4,200,969,0,0,0,0
30,0,1,1,ACCEPT,33.8386,4.9507,1005,-1,1,0.7672,290.00,355.94,50.00,43.00,290.50,354.50,57.00,51.00,0.7396,1.52,1,0,3.0515,ACCEPT,0,1067,2364,14153,4,200,1005,0,0,0,0
31,0,1,1,ACCEPT,34.0703,4.9639,963,-1,-3,0.5337,289.22,353.92,50.00,43.00,288.50,350.50,55.00,49.00,0.7838,3.50,1,0,3.0036,ACCEPT,0,1166,2320,10303,4,200,963,0,0,0,0
32,0,1,1,ACCEPT,34.0252,5.2349,780,2,-4,0.2167,290.78,351.23,50.00,43.00,290.00,348.50,48.00,49.00,0.8466,2.84,1,0,3.0602,ACCEPT,0,1000,1991,11695,4,200,780,0,0,0,0
33,0,1,1,ACCEPT,33.5789,4.5543,797,1,0,0.8708,291.56,351.23,50.00,43.00,293.50,346.00,51.00,50.00,0.7433,5.58,1,0,3.0420,ACCEPT,0,861,1918,9775,4,200,797,0,0,0,0
34,0,1,1,ACCEPT,36.2491,5.5597,745,1,-3,0.2510,292.34,349.22,50.00,43.00,294.00,345.50,54.00,49.00,0.7883,4.07,1,0,3.0136,ACCEPT,0,781,1992,10064,4,200,745,0,0,0,0
35,0,1,1,ACCEPT,38.1667,4.3237,895,4,-1,0.1374,295.47,348.55,50.00,43.00,296.00,344.50,56.00,49.00,0.7501,4.08,1,0,2.9980,ACCEPT,0,856,1947,10121,4,200,895,0,0,0,0
36,0,1,1,ACCEPT,40.8677,3.9548,874,0,-1,0.8787,295.47,347.88,50.00,43.00,295.50,344.00,55.00,48.00,0.7683,3.88,1,0,3.0298,ACCEPT,0,773,1963,10137,4,200,874,0,0,0,0
37,0,1,1,ACCEPT,42.6415,3.8547,1141,0,0,1.0000,295.47,347.88,50.00,43.00,293.50,344.50,53.00,47.00,0.7994,3.91,1,0,3.0446,ACCEPT,0,973,2286,10071,4,200,1141,0,0,0,0
38,0,1,1,ACCEPT,19.2346,2.1868,597,1,2,0.6667,296.25,349.22,50.00,43.00,298.00,347.00,54.00,56.00,0.7110,2.83,1,0,2.9774,ACCEPT,0,1118,2257,9621,4,200,597,0,0,0,0
39,0,1,1,ACCEPT,29.2661,3.5150,703,2,-1,0.6743,297.81,348.55,50.00,43.00,300.00,348.50,48.00,49.00,0.8087,2.19,1,0,3.1090,ACCEPT,0,901,1859,11514,4,200,703,0,0,0,0
40,0,1,1,ACCEPT,31.3295,5.2751,1208,6,-3,0.0530,302.50,346.53,50.00,43.00,305.00,342.50,50.00,49.00,0.7648,4.74,1,0,3.0634,ACCEPT,0,1386,2500,13479,4,200,1208,0,0,0,0
41,0,1,1,ACCEPT,33.0275,3.7584,1462,1,0,0.8502,303.28,346.53,50.00,43.00,304.50,342.50,47.00,47.00,0.7913,4.21,1,0,3.0806,ACCEPT,0,1400,1970,16224,4,200,1462,0,0,0,0
42,0,1,1,ACCEPT,36.3141,4.3859,1614,4,-1,0.0929,306.41,345.86,50.00,43.00,304.50,341.50,55.00,49.00,0.7535,4.76,1,0,3.0892,ACCEPT,0,1610,1995,15373,4,200,1614,0,0,0,0
43,0,1,1,ACCEPT,35.4600,3.4300,1372,3,-1,0.5190,308.75,345.19,50.00,43.00,307.50,341.50,57.00,57.00,0.6617,3.89,1,0,3.0624,ACCEPT,0,1342,1941,15216,4,200,1372,0,0,0,0
44,0,1,1,ACCEPT,39.6881,3.8263,1454,2,-1,0.7331,310.31,344.52,50.00,43.00,310.00,342.50,64.00,55.00,0.6108,2.04,1,0,3.0638,ACCEPT,0,1486,2223,12372,4,200,1454,0,0,0,0
45,0,1,1,ACCEPT,35.6415,4.5871,1422,3,-7,0.1195,312.66,339.81,50.00,43.00,311.00,334.00,50.00,50.00,0.7331,6.04,1,0,3.0695,ACCEPT,0,1404,2313,11887,4,200,1422,0,0,0,0
46,0,1,1,ACCEPT,30.2833,3.2500,1183,5,1,0.2215,316.56,340.48,50.00,43.00,316.50,335.00,51.00,48.00,0.7704,5.48,1,0,3.0712,ACCEPT,0,1327,2179,14021,4,200,1183,0,0,0,0
47,0,1,1,ACCEPT,31.8664,3.2760,1199,-1,2,0.6522,315.78,341.83,50.00,43.00,312.50,338.50,57.00,51.00,0.7396,4.67,1,0,3.0148,ACCEPT,0,1177,1798,19204,4,200,1199,0,0,0,0
48,0,1,1,ACCEPT,40.3906,5.6323,1639,-1,-3,0.1269,315.00,339.81,50.00,43.00,314.00,338.50,60.00,49.00,0.7313,1.65,1,0,3.0841,ACCEPT,0,1336,1871,19688,4,200,1639,0,0,0,0
49,0,1,1,ACCEPT,40.7715,4.8635,1746,0,-1,0.8299,315.00,339.14,50.00,43.00,314.50,338.50,57.00,47.00,0.8025,0.81,1,0,3.1218,ACCEPT,0,1482,1795,20292,4,200,1746,0,0,0,0
50,0,1,1,ACCEPT,43.8824,4.0022,1813,2,-1,0.6608,316.56,338.47,50.00,43.00,314.50,335.00,57.00,52.00,0.7254,4.04,1,0,3.0423,ACCEPT,0,1589,1943,16053,4,200,1813,0,0,0,0
51,0,1,1,ACCEPT,41.6968,4.4275,1160,1,-3,0.2483,317.34,336.45,50.00,43.00,313.50,332.00,47.00,48.00,0.7124,5.88,1,0,3.0179,ACCEPT,0,998,1314,16555,4,200,1160,0,0,0,0
52,0,1,1,ACCEPT,31.8378,3.8462,1450,9,-5,0.0110,324.38,333.09,50.00,43.00,323.50,332.50,51.00,43.00,0.9401,1.06,1,0,3.0415,ACCEPT,0,1927,2119,14252,4,200,1450,0,0,0,0
53,0,1,1,ACCEPT,36.9553,3.3506,1290,4,1,0.2752,327.50,333.77,50.00,43.00,324.00,333.00,56.00,46.00,0.8194,3.58,1,0,3.0664,ACCEPT,0,1249,1822,15971,4,200,1290,0,0,0,0
54,0,1,1,ACCEPT,40.1322,4.5614,1300,4,-3,0.2285,330.62,331.75,50.00,43.00,328.50,330.00,53.00,46.00,0.8521,2.75,1,0,3.0439,ACCEPT,0,1229,1959,13897,4,200,1300,0,0,0,0
55,0,1,1,ACCEPT,37.4758,4.3931,1151,6,-1,0.0321,335.31,331.08,50.00,43.00,333.50,330.00,53.00,44.00,0.8878,2.11,1,0,3.0640,ACCEPT,0,1127,1718,14433,4,200,1151,0,0,0,0
56,0,1,1,ACCEPT,34.2930,3.8081,1032,6,-3,0.0213,340.00,329.06,50.00,43.00,340.00,327.00,54.00,46.00,0.8447,2.06,1,0,3.0828,ACCEPT,0,1156,1795,13626,4,200,1032,0,0,0,0
57,0,1,1,ACCEPT,35.5192,2.9415,1006,2,0,0.7207,341.56,329.06,50.00,43.00,340.50,326.50,53.00,47.00,0.8423,2.77,1,0,3.0886,ACCEPT,0,961,1643,17716,4,200,1006,0,0,0,0
58,0,1,1,ACCEPT,36.8276,2.8370,1288,0,1,0.8377,341.56,329.73,50.00,43.00,339.50,329.00,59.00,46.00,0.7922,2.19,1,0,3.1215,ACCEPT,0,1283,1621,16839,4,200,1288,0,0,0,0
59,0,1,1,ACCEPT,38.2304,4.0123,1304,-1,-3,0.2370,340.78,327.72,50.00,43.00,341.50,326.50,61.00,47.00,0.7499,1.41,1,0,3.1127,ACCEPT,0,1360,1864,13424,4,200,1304,0,0,0,0
60,0,1,1,ACCEPT,36.2819,2.9833,1074,0,-2,0.6955,340.78,326.38,50.00,43.00,339.00,324.00,56.00,48.00,0.7999,2.97,1,0,3.0135,ACCEPT,0,1310,1968,13196,4,200,1074,0,0,0,0
61,0,1,1,ACCEPT,14.6280,1.4112,604,0,1,0.9073,340.78,327.05,50.00,43.00,338.00,327.50,54.00,47.00,0.8230,2.82,1,0,2.9122,ACCEPT,0,2366,2577,8689,4,200,604,0,0,0,0
62,0,1,1,ACCEPT,15.0743,1.2378,458,-6,18,0.0175,336.09,339.14,50.00,43.00,333.50,339.00,57.00,48.00,0.7858,2.60,1,0,2.9497,ACCEPT,0,1105,1831,13895,4,200,458,0,0,0,0
63,0,1,1,ACCEPT,29.7506,1.8356,938,-8,8,0.0245,329.84,344.52,50.00,43.00,329.00,341.50,60.00,45.00,0.7317,3.13,1,0,2.9364,ACCEPT,0,1042,1478,16952,4,200,938,0,0,0,0
64,0,1,1,ACCEPT,45.8981,3.2814,1411,-4,0,0.1715,326.72,344.52,50.00,43.00,327.00,343.00,58.00,48.00,0.7723,1.54,1,0,3.0759,ACCEPT,0,1101,1472,17108,4,200,1411,0,0,0,0
65,0,1,1,ACCEPT,27.3811,2.5912,1293,1,4,0.3225,327.50,347.20,50.00,43.00,327.00,346.50,60.00,47.00,0.7624,0.86,1,0,2.8771,ACCEPT,0,1978,2362,13497,4,200,1293,0,0,0,0
66,0,1,1,ACCEPT,27.3570,2.0291,976,10,11,0.0400,335.31,354.59,50.00,43.00,334.50,348.00,51.00,48.00,0.7254,6.64,1,0,3.0240,ACCEPT,0,1174,1040,20175,4,200,976,0,0,0,0
67,0,1,1,ACCEPT,36.9288,4.1579,1343,3,0,0.4066,337.66,354.59,50.00,43.00,338.00,351.00,42.00,42.00,0.7167,3.61,1,0,3.0796,ACCEPT,0,1382,1325,17182,4,200,1343,0,0,0,0
68,0,1,1,ACCEPT,37.8195,4.3367,1301,1,-2,0.6157,338.44,353.25,50.00,43.00,338.50,350.00,53.00,46.00,0.8167,3.25,1,0,3.0776,ACCEPT,0,1260,1585,14197,4,200,1301,0,0,0,0
69,0,1,1,ACCEPT,43.1800,3.7699,1278,1,2,0.5258,339.22,354.59,50.00,43.00,339.50,351.00,55.00,44.00,0.7750,3.60,1,0,3.0682,ACCEPT,0,1068,1398,17527,4,200,1278,0,0,0,0
70,0,1,1,ACCEPT,47.3543,5.2671,1538,0,-1,0.8296,339.22,353.92,50.00,43.00,340.00,351.50,50.00,43.00,0.8673,2.54,1,0,3.0464,ACCEPT,0,1376,1538,14421,4,200,1538,0,0,0,0
71,0,1,1,ACCEPT,30.2118,2.0100,1003,3,7,0.3779,341.56,358.62,50.00,43.00,343.50,354.50,47.00,43.00,0.7667,4.56,1,0,2.9850,ACCEPT,0,1116,1675,16718,4,200,1003,0,0,0,0
72,0,1,1,ACCEPT,40.7127,3.5610,1460,1,0,0.9699,342.34,358.62,50.00,43.00,344.50,356.00,51.00,42.00,0.8153,3.40,1,0,3.0842,ACCEPT,0,1234,1349,18553,4,200,1460,0,0,0,0
73,0,1,1,ACCEPT,38.2826,4.4296,1196,-3,-3,0.3202,340.00,356.61,50.00,43.00,342.50,353.00,49.00,42.00,0.7680,4.39,1,0,3.0269,ACCEPT,0,1158,1245,21601,4,200,1196,0,0,0,0
74,0,1,1,ACCEPT,37.5049,3.9827,1378,-5,-2,0.1488,336.09,355.27,50.00,43.00,338.50,352.00,47.00,42.00,0.7810,4.06,1,0,2.9944,ACCEPT,0,1261,1337,20769,4,200,1378,0,0,0,0
75,0,1,1,ACCEPT,25.5127,2.3549,982,5,7,0.0071,340.00,359.97,50.00,43.00,342.50,357.50,47.00,41.00,0.8051,3.51,1,0,2.7860,ACCEPT,0,1292,1490,17763,4,200,982,0,0,0,0
76,0,1,1,ACCEPT,18.4147,1.2940,691,7,14,0.1664,345.47,369.38,50.00,43.00,346.00,368.00,46.00,40.00,0.8558,1.47,1,0,2.9348,ACCEPT,0,1359,1745,12637,4,200,691,0,0,0,0
77,0,1,1,ACCEPT,27.0804,1.6943,859,4,8,0.0419,348.59,374.75,50.00,43.00,350.50,372.00,49.00,42.00,0.8168,3.35,1,0,2.9463,ACCEPT,0,1060,1192,22584,4,200,859,0,0,0,0
78,0,1,1,ACCEPT,36.7708,2.6941,1242,-1,3,0.4992,347.81,376.77,50.00,43.00,350.50,374.00,49.00,42.00,0.7922,3.86,1,0,3.1921,ACCEPT,0,1208,975,23478,4,200,1242,0,0,0,0
79,0,1,1,ACCEPT,22.1438,1.4596,1067,0,4,0.0965,347.81,379.45,50.00,43.00,350.50,378.50,51.00,43.00,0.8618,2.85,1,0,3.2088,ACCEPT,0,2513,1784,11288,4,200,1067,0,0,0,0
80,0,1,1,ACCEPT,30.4026,2.1025,1169,-2,8,0.0727,346.25,384.83,50.00,43.00,349.50,380.50,53.00,41.00,0.7255,5.41,1,0,3.1117,ACCEPT,0,1263,1331,22963,4,200,1169,0,0,0,0
81,0,1,1,ACCEPT,38.8040,3.5095,1481,-1,-1,0.7279,345.47,384.16,50.00,43.00,347.50,380.00,47.00,42.00,0.7607,4.63,1,0,3.1230,ACCEPT,0,1505,1313,18994,4,200,1481,0,0,0,0
82,0,1,1,ACCEPT,39.0748,2.6766,1349,0,3,0.3284,345.47,386.17,50.00,43.00,346.50,382.00,49.00,42.00,0.7904,4.30,1,0,3.1271,ACCEPT,0,1252,1316,18097,4,200,1349,0,0,0,0
83,0,1,1,ACCEPT,44.4291,3.0545,1344,-2,4,0.0945,343.91,388.86,50.00,43.00,346.50,386.00,49.00,42.00,0.7917,3.86,1,0,3.1431,ACCEPT,0,1205,1347,18221,4,200,1344,0,0,0,0
84,0,1,1,ACCEPT,43.4500,2.9455,1296,-2,3,0.1821,342.34,390.88,50.00,43.00,344.00,387.00,50.00,42.00,0.7837,4.21,1,0,3.1373,ACCEPT,0,1091,1205,19962,4,200,1296,0,0,0,0
85,0,1,1,ACCEPT,37.9204,3.2899,1339,-3,-1,0.4496,340.00,390.20,50.00,43.00,342.50,386.50,49.00,41.00,0.7630,4.47,1,0,3.0855,ACCEPT,0,1243,1307,19313,4,200,1339,0,0,0,0
86,0,1,1,ACCEPT,31.8670,2.2900,1145,-4,3,0.1991,336.88,392.22,50.00,43.00,341.00,389.50,48.00,43.00,0.7512,4.94,1,0,2.9987,ACCEPT,0,1488,1602,14018,4,200,1145,0,0,0,0
87,0,1,1,ACCEPT,27.6226,1.8708,840,4,7,0.0774,340.00,396.92,50.00,43.00,343.50,394.00,49.00,42.00,0.7626,4.56,1,0,3.0109,ACCEPT,0,1071,1151,21378,4,200,840,0,0,0,0
88,0,1,1,ACCEPT,29.8994,2.9231,988,-2,-2,0.5860,338.44,395.58,50.00,43.00,342.50,392.50,49.00,41.00,0.7398,5.10,1,0,3.0871,ACCEPT,0,1227,1292,17575,4,200,988,0,0,0,0
89,0,1,1,ACCEPT,35.0411,3.2971,1243,-2,-6,0.1303,336.88,391.55,50.00,43.00,341.50,388.50,51.00,45.00,0.7321,5.54,1,0,3.1910,ACCEPT,0,1211,1441,15536,4,200,1243,0,0,0,0
90,0,1,1,ACCEPT,20.4408,1.2142,873,8,-5,0.0034,343.12,388.19,50.00,43.00,350.50,385.50,45.00,41.00,0.6525,7.85,1,0,3.2846,ACCEPT,0,1735,1556,13868,4,200,873,0,0,0,0
91,0,1,1,ACCEPT,35.0634,4.7112,1093,12,-6,0.0037,352.50,384.16,50.00,43.00,356.00,381.00,46.00,40.00,0.7472,4.71,1,0,3.1293,ACCEPT,0,1148,1406,17782,4,200,1093,0,0,0,0
92,0,1,1,ACCEPT,36.2392,3.3443,1418,-3,-3,0.0063,350.16,382.14,50.00,43.00,357.00,378.50,48.00,41.00,0.6466,7.75,1,0,3.3059,ACCEPT,0,1522,1511,14629,4,200,1418,0,0,0,0
93,0,1,1,ACCEPT,31.0007,1.9604,892,8,-3,0.0370,356.41,380.12,50.00,43.00,361.50,378.00,51.00,46.00,0.7481,5.52,1,0,3.2488,ACCEPT,0,1121,1449,10880,4,200,892,0,0,0,0
94,0,1,1,ACCEPT,15.9878,1.3707,599,5,-11,0.0584,360.31,372.73,50.00,43.00,363.50,371.50,43.00,43.00,0.8152,3.42,1,0,3.0944,ACCEPT,0,1818,3585,3350,4,200,599,0,0,0,0
95,0,1,1,ACCEPT,9.3773,1.1899,213,-3,-29,0.1315,357.97,353.25,50.00,43.00,358.50,350.50,43.00,43.00,0.7630,2.80,1,0,3.1035,ACCEPT,0,1046,5267,1891,4,200,213,0,0,0,0
96,0,1,1,ACCEPT,10.4190,1.1594,160,-14,-28,0.0875,347.03,334.44,52.00,44.72,349.00,324.00,44.00,36.00,0.5078,10.62,1,1,2.5309,ACCEPT,0,640,4556,2791,4,200,160,0,0,0,0
97,0,1,1,ACCEPT,12.4302,1.2840,208,-17,-40,0.0962,333.22,306.62,52.00,44.72,339.50,302.50,45.00,45.00,0.6537,7.51,1,0,2.9101,ACCEPT,0,751,3589,3154,4,200,208,0,0,0,0
98,0,1,1,ACCEPT,12.5219,1.5255,209,-7,-22,0.0191,327.53,291.33,52.00,44.72,330.00,288.50,46.00,43.00,0.7812,3.75,1,0,2.9760,ACCEPT,0,689,4851,2710,4,200,209,0,0,0,0
99,0,1,1,ACCEPT,11.8983,1.1707,240,-17,-30,0.0625,313.72,270.47,52.00,44.72,316.00,271.50,46.00,41.00,0.8110,2.50,1,0,2.8336,ACCEPT,0,607,3635,3994,4,200,240,0,0,0,0
100,0,1,1,ACCEPT,13.5223,1.6106,335,-36,-13,0.1254,284.47,261.43,52.00,44.72,293.50,258.50,55.00,47.00,0.6361,9.49,1,0,2.7434,ACCEPT,0,1016,1450,9373,4,200,335,0,0,0,0
101,0,1,1,ACCEPT,17.7205,2.1600,540,1,-1,0.8944,285.28,260.73,52.00,44.72,294.50,256.50,57.00,45.00,0.6030,10.14,1,0,3.0613,ACCEPT,0,922,1512,13067,4,200,540,0,0,0,0
102,0,1,1,ACCEPT,18.8381,1.5499,544,-6,3,0.2610,280.41,262.82,52.00,44.72,288.00,259.50,68.00,49.00,0.6672,8.29,1,0,2.8878,ACCEPT,0,889,1350,14444,4,200,544,0,0,0,0
103,0,1,1,ACCEPT,17.6865,1.5770,522,3,1,0.4368,282.84,263.52,52.00,44.72,292.00,260.00,46.00,48.00,0.6040,9.81,1,0,2.9711,ACCEPT,0,842,1644,17347,4,200,522,0,0,0,0
104,0,1,1,ACCEPT,21.2255,1.8254,648,0,2,0.7639,282.84,264.91,52.00,44.72,293.00,260.00,62.00,50.00,0.5787,11.28,1,0,2.9279,ACCEPT,0,922,1520,17860,4,200,648,0,0,0,0
105,0,1,1,ACCEPT,21.6857,2.0893,702,2,4,0.1695,284.47,267.69,52.00,44.72,298.50,262.00,59.00,54.00,0.4894,15.14,1,0,2.9581,ACCEPT,0,1287,1328,11451,4,200,702,0,0,0,0
106,0,1,1,ACCEPT,20.6624,2.7631,793,2,1,0.7137,286.09,268.38,52.00,44.72,298.50,265.00,57.00,52.00,0.5525,12.86,1,0,3.1209,ACCEPT,0,1050,1259,20214,4,200,793,0,0,0,0
107,0,1,1,ACCEPT,26.2877,3.3310,956,-1,2,0.6161,285.28,269.77,52.00,44.72,295.00,267.00,62.00,52.00,0.6155,10.11,1,0,3.0630,ACCEPT,0,1164,1149,19539,4,200,956,0,0,0,0
108,0,1,1,ACCEPT,31.1698,3.6373,1033,1,0,0.8906,286.09,269.77,52.00,44.72,298.00,266.50,56.00,51.00,0.5679,12.35,1,0,3.1545,ACCEPT,0,1065,1067,20621,4,200,1033,0,0,0,0
109,0,1,1,ACCEPT,33.0496,4.0649,1065,-1,1,0.9005,285.28,270.47,52.00,44.72,297.00,267.50,56.00,49.00,0.5775,12.09,1,0,3.1546,ACCEPT,0,1202,977,19367,4,200,1065,0,0,0,0
110,0,1,1,ACCEPT,35.0965,4.6009,1026,0,2,0.6023,285.28,271.86,52.00,44.72,297.50,268.00,57.00,52.00,0.5521,12.81,1,0,3.1082,ACCEPT,0,975,1018,22945,4,200,1026,0,0,0,0
111,0,1,1,ACCEPT,37.6426,4.8042,1153,1,0,0.9410,286.09,271.86,52.00,44.72,297.00,268.00,58.00,52.00,0.5807,11.57,1,0,3.1981,ACCEPT,0,1045,959,18604,4,200,1153,0,0,0,0
112,0,1,1,ACCEPT,36.4305,5.0160,938,0,1,0.9925,286.09,272.55,52.00,44.72,299.50,270.50,51.00,49.00,0.5459,13.56,1,0,3.1871,ACCEPT,0,934,979,16025,4,200,938,0,0,0,0
113,0,1,1,ACCEPT,41.2213,4.8719,989,-1,0,0.8534,285.28,272.55,52.00,44.72,298.00,270.00,62.00,50.00,0.5748,12.97,1,0,3.1876,ACCEPT,0,904,1006,15096,4,200,989,0,0,0,0
114,0,1,1,ACCEPT,40.2716,5.3439,1010,2,3,0.2792,286.91,274.64,52.00,44.72,295.00,272.00,64.00,52.00,0.6523,8.51,1,0,3.2137,ACCEPT,0,913,1015,15707,4,200,1010,0,0,0,0
115,0,1,1,ACCEPT,45.1292,5.2698,996,-1,-1,0.7420,286.09,273.95,52.00,44.72,297.00,270.00,60.00,50.00,0.5813,11.60,1,0,3.2174,ACCEPT,0,855,1095,14308,4,200,996,0,0,0,0
116,0,1,1,ACCEPT,47.5495,5.9718,1057,0,0,1.0000,286.09,273.95,52.00,44.72,295.50,270.00,61.00,50.00,0.6138,10.20,1,0,3.2247,ACCEPT,0,821,1132,15232,4,200,1057,0,0,0,0
117,0,1,1,ACCEPT,50.2190,6.4049,1044,-2,-1,0.6600,284.47,273.25,52.00,44.72,294.00,269.50,62.00,51.00,0.6170,10.24,1,0,3.2008,ACCEPT,0,836,1048,13458,4,200,1044,0,0,0,0
118,0,1,1,ACCEPT,49.6128,6.0933,914,1,0,0.8950,285.28,273.25,52.00,44.72,296.50,267.50,63.00,51.00,0.5429,12.61,1,0,3.1468,ACCEPT,0,728,1215,13405,4,200,914,0,0,0,0
119,0,1,1,ACCEPT,52.8983,6.0679,983,-1,-3,0.2136,284.47,271.16,52.00,44.72,296.50,266.50,63.00,51.00,0.5495,12.90,1,0,3.2008,ACCEPT,0,784,1245,11188,4,200,983,0,0,0,0
120,0,1,1,ACCEPT,51.1660,6.3526,1099,1,0,0.9709,285.28,271.16,52.00,44.72,296.00,266.50,62.00,53.00,0.5736,11.69,1,0,3.2122,ACCEPT,0,830,1396,12263,4,200,1099,0,0,0,0
121,0,1,1,ACCEPT,20.8299,2.0426,480,2,1,0.6604,286.91,271.86,52.00,44.72,299.00,268.50,50.00,45.00,0.5453,12.55,1,0,3.0076,ACCEPT,0,880,1591,10119,4,200,480,0,0,0,0
122,0,1,1,ACCEPT,51.6624,5.6894,751,-3,-6,0.0546,284.47,267.69,52.00,44.72,295.50,264.00,63.00,52.00,0.5888,11.63,1,0,3.1663,ACCEPT,0,561,828,17030,4,200,751,0,0,0,0
123,0,1,1,ACCEPT,53.1493,5.7225,1196,-3,-4,0.0602,282.03,264.91,52.00,44.72,292.00,261.50,62.00,51.00,0.6155,10.53,1,0,3.1808,ACCEPT,0,807,1125,16429,4,200,1196,0,0,0,0
124,0,1,1,ACCEPT,52.2145,5.9948,1145,1,0,0.9223,282.84,264.91,52.00,44.72,295.50,261.00,63.00,52.00,0.5525,13.25,1,0,3.1734,ACCEPT,0,852,1103,14915,4,200,1145,0,0,0,0
125,0,1,1,ACCEPT,49.9555,4.7659,977,-2,-1,0.5824,281.22,264.21,52.00,44.72,289.00,261.50,64.00,51.00,0.6717,8.24,1,0,3.2039,ACCEPT,0,689,1073,16490,4,200,977,0,0,0,0
126,0,1,1,ACCEPT,46.8187,4.7535,1022,2,3,0.2466,282.84,266.30,52.00,44.72,295.00,262.50,64.00,51.00,0.5659,12.74,1,0,3.1738,ACCEPT,0,885,1047,15355,4,200,1022,0,0,0,0
127,0,1,1,ACCEPT,51.3979,5.0851,956,-1,1,0.8881,282.03,266.99,52.00,44.72,295.00,263.00,64.00,52.00,0.5466,13.57,1,0,3.1387,ACCEPT,0,732,1043,16289,4,200,956,0,0,0,0
128,0,1,1,ACCEPT,56.7171,6.7561,1108,1,1,0.8565,282.84,267.69,52.00,44.72,295.00,265.00,64.00,52.00,0.5690,12.45,1,0,3.2024,ACCEPT,0,825,1059,15011,4,200,1108,0,0,0,0
129,0,1,1,ACCEPT,52.7640,4.7789,951,0,2,0.5952,282.84,269.08,52.00,44.72,296.00,266.00,62.00,50.00,0.5573,13.51,1,0,3.1989,ACCEPT,0,699,982,15177,4,200,951,0,0,0,0
130,0,1,1,ACCEPT,50.7542,5.5519,855,1,2,0.4620,283.66,270.47,52.00,44.72,296.00,267.00,62.00,52.00,0.5622,12.82,1,0,3.2157,ACCEPT,0,641,909,14503,4,200,855,0,0,0,0
131,0,1,1,ACCEPT,51.9202,4.8297,879,-1,2,0.5575,282.84,271.86,52.00,44.72,294.50,271.00,63.00,56.00,0.5390,11.69,1,0,3.1970,ACCEPT,0,604,902,16061,4,200,879,0,0,0,0
132,0,1,1,ACCEPT,27.9974,3.5026,669,0,0,1.0000,282.84,271.86,50.00,43.00,295.50,271.00,63.00,56.00,0.4971,12.69,1,-1,2.7871,ACCEPT,0,1085,1468,7844,4,200,669,0,0,0,0
133,0,1,1,ACCEPT,29.6115,2.8776,823,1,9,0.0194,283.62,277.91,50.00,43.00,294.50,273.00,59.00,60.00,0.4918,11.93,1,0,3.1088,ACCEPT,0,888,1638,15768,4,200,823,0,0,0,0
134,0,1,1,ACCEPT,43.8069,4.5990,906,1,3,0.4834,284.41,279.92,50.00,43.00,298.00,275.00,66.00,54.00,0.5019,14.46,1,0,3.1401,ACCEPT,0,742,1169,15151,4,200,906,0,0,0,0
135,0,1,1,ACCEPT,44.2040,6.2078,956,0,2,0.6506,284.41,281.27,50.00,43.00,300.50,277.50,57.00,49.00,0.4697,16.53,1,0,3.1246,ACCEPT,0,821,1202,14762,4,200,956,0,0,0,0
136,0,1,1,ACCEPT,42.7445,5.4787,1030,-1,2,0.5903,283.62,282.61,50.00,43.00,295.00,276.50,64.00,53.00,0.5264,12.91,1,0,3.0967,ACCEPT,0,752,1161,17929,4,200,1030,0,0,0,0
137,0,1,1,ACCEPT,41.4371,4.9344,1204,-1,0,0.8646,282.84,282.61,50.00,43.00,293.50,276.00,55.00,52.00,0.5186,12.54,1,0,3.1269,ACCEPT,0,893,1247,15420,4,200,1204,0,0,0,0
138,0,1,1,ACCEPT,38.0746,5.8232,955,0,0,1.0000,282.84,282.61,50.00,43.00,295.50,278.00,51.00,50.00,0.5090,13.47,1,0,3.0620,ACCEPT,0,904,1465,11747,4,200,955,0,0,0,0
139,0,1,1,ACCEPT,32.3641,3.4255,805,0,7,0.1329,282.84,287.31,50.00,43.00,294.50,283.00,49.00,50.00,0.5316,12.43,1,0,3.1153,ACCEPT,0,710,1145,18209,4,200,805,0,0,0,0
140,0,1,1,ACCEPT,40.1235,4.7306,1036,0,3,0.4537,282.84,289.33,50.00,43.00,294.50,285.50,59.00,53.00,0.5364,12.27,1,0,3.0967,ACCEPT,0,778,1133,19558,4,200,1036,0,0,0,0
141,0,1,1,ACCEPT,45.6178,7.1420,1157,-1,0,0.9991,282.06,289.33,50.00,43.00,293.50,285.00,61.00,50.00,0.5560,12.23,1,0,3.0895,ACCEPT,0,825,1194,18172,4,200,1157,0,0,0,0
142,0,1,1,ACCEPT,50.7271,7.6951,1262,1,1,0.7932,282.84,290.00,50.00,43.00,293.50,285.50,59.00,51.00,0.5654,11.57,1,0,3.1025,ACCEPT,0,795,972,19196,4,200,1262,0,0,0,0
143,0,1,1,ACCEPT,49.9932,7.0633,1116,0,2,0.8163,282.84,291.34,50.00,43.00,294.00,286.50,56.00,51.00,0.5441,12.16,1,0,3.0811,ACCEPT,0,898,1092,17662,4,200,1116,0,0,0,0
144,0,1,1,ACCEPT,44.9601,7.0392,1077,-1,2,0.5042,282.06,292.69,50.00,43.00,293.50,288.50,59.00,53.00,0.5406,12.18,1,0,3.1412,ACCEPT,0,812,1015,22261,4,200,1077,0,0,0,0
145,0,1,1,ACCEPT,52.3000,7.6145,1264,1,1,0.8070,282.84,293.36,50.00,43.00,292.50,289.00,61.00,52.00,0.5883,10.59,1,0,3.1720,ACCEPT,0,869,928,20964,4,200,1264,0,0,0,0
146,0,1,1,ACCEPT,57.1237,8.5590,1378,0,1,0.8781,282.84,294.03,50.00,43.00,295.00,289.00,64.00,52.00,0.5329,13.16,1,0,3.1810,ACCEPT,0,978,1078,17507,4,200,1378,0,0,0,0
147,0,1,1,ACCEPT,50.1238,5.5674,1197,0,1,0.9891,282.84,294.70,50.00,43.00,296.00,290.00,56.00,48.00,0.5060,13.97,1,0,3.2370,ACCEPT,0,893,1162,18664,4,200,1197,0,0,0,0
148,0,1,1,ACCEPT,28.8221,3.7690,1044,-1,-1,0.9444,282.06,294.03,50.00,43.00,293.50,291.00,43.00,42.00,0.5380,11.83,1,0,3.2165,ACCEPT,0,1597,1662,12443,4,200,1044,0,0,0,0
149,0,1,1,ACCEPT,46.4736,6.7905,1005,1,2,0.6289,282.84,295.38,50.00,43.00,291.50,291.00,57.00,50.00,0.6072,9.70,1,0,3.1890,ACCEPT,0,831,883,17449,4,200,1005,0,0,0,0
150,0,1,1,ACCEPT,48.1817,6.5556,1121,0,1,0.8769,282.84,296.05,50.00,43.00,292.00,292.00,58.00,48.00,0.6045,10.01,1,0,3.1323,ACCEPT,0,889,1006,15907,4,200,1121,0,0,0,0
151,0,1,1,ACCEPT,50.9811,7.4145,1127,-1,-1,0.7995,282.06,295.38,50.00,43.00,294.50,291.00,61.00,50.00,0.5357,13.18,1,0,3.1470,ACCEPT,0,815,1116,17247,4,200,1127,0,0,0,0
152,0,1,1,ACCEPT,43.5115,6.2426,1055,-1,0,0.8455,281.28,295.38,50.00,43.00,290.00,289.00,56.00,48.00,0.5579,10.80,1,0,3.0524,ACCEPT,0,908,1156,15815,4,200,1055,0,0,0,0
153,0,1,1,ACCEPT,45.4205,5.7460,1086,0,2,0.5460,281.28,296.72,50.00,43.00,293.00,291.50,58.00,47.00,0.5266,12.83,1,0,3.1392,ACCEPT,0,820,1183,16385,4,200,1086,0,0,0,0
154,0,1,1,ACCEPT,51.3834,6.3908,1112,0,0,1.0000,281.28,296.72,50.00,43.00,291.50,291.50,59.00,49.00,0.5582,11.47,1,0,3.1344,ACCEPT,0,768,1185,15623,4,200,1112,0,0,0,0
155,0,1,1,ACCEPT,44.1054,6.8686,941,3,5,0.0446,283.62,300.08,50.00,43.00,293.00,294.50,58.00,49.00,0.5658,10.91,1,0,3.0678,ACCEPT,0,799,1161,15572,4,200,941,0,0,0,0
156,0,1,1,ACCEPT,52.7456,6.9740,1074,-2,-1,0.5708,282.06,299.41,50.00,43.00,293.00,293.50,58.00,49.00,0.5287,12.43,1,0,3.1284,ACCEPT,0,824,1315,14544,4,200,1074,0,0,0,0
157,0,1,1,ACCEPT,49.7612,5.7688,998,3,3,0.2244,284.41,301.42,50.00,43.00,294.50,296.00,57.00,48.00,0.5529,11.46,1,0,3.1140,ACCEPT,0,778,1340,14448,4,200,998,0,0,0,0
158,0,1,1,ACCEPT,52.5806,7.7353,1052,2,0,0.6968,285.97,301.42,50.00,43.00,295.00,298.00,58.00,44.00,0.6215,9.66,1,0,3.0361,ACCEPT,0,742,1464,13750,4,200,1052,0,0,0,0
159,0,1,1,ACCEPT,47.8342,5.7921,1031,4,1,0.3889,289.09,302.09,50.00,43.00,298.50,297.00,59.00,48.00,0.5766,10.70,1,0,3.1694,ACCEPT,0,901,1397,12196,4,200,1031,0,0,0,0
160,0,1,1,ACCEPT,22.3880,2.0033,605,1,0,0.9190,289.88,302.09,50.00,43.00,299.00,297.00,44.00,44.00,0.5528,10.45,1,0,2.9945,ACCEPT,0,1105,1457,8770,4,200,605,0,0,0,0
161,0,1,1,ACCEPT,45.5969,5.9040,1045,0,-4,0.0746,289.88,299.41,50.00,43.00,300.50,295.00,53.00,46.00,0.5557,11.50,1,0,3.1337,ACCEPT,0,759,2910,10898,4,200,1045,0,0,0,0
162,0,1,1,ACCEPT,44.3580,4.2379,962,0,2,0.5624,289.88,300.75,50.00,43.00,297.50,295.00,53.00,48.00,0.5912,9.55,1,0,3.1888,ACCEPT,0,848,1902,11400,4,200,962,0,0,0,0
163,0,1,1,ACCEPT,47.4021,6.6589,859,5,-1,0.2095,293.78,300.08,50.00,43.00,301.00,294.50,50.00,47.00,0.5994,9.12,1,0,3.1715,ACCEPT,0,765,1665,11325,4,200,859,0,0,0,0
164,0,1,1,ACCEPT,41.4011,5.0262,960,-2,0,0.8000,292.22,300.08,50.00,43.00,299.00,296.00,50.00,46.00,0.6463,7.91,1,0,3.1570,ACCEPT,0,815,1787,11411,4,200,960,0,0,0,0
165,0,1,1,ACCEPT,50.1008,7.0822,1034,-1,-2,0.5039,291.44,298.73,50.00,43.00,298.00,293.00,52.00,50.00,0.6165,8.71,1,0,3.0280,ACCEPT,0,866,1984,9517,4,200,1034,0,0,0,0
166,0,1,1,ACCEPT,46.3839,5.4516,1014,2,1,0.6884,293.00,299.41,50.00,43.00,301.00,294.00,56.00,52.00,0.5980,9.66,1,0,3.1088,ACCEPT,0,849,1603,10011,4,200,1014,0,0,0,0
167,0,1,1,ACCEPT,49.2571,6.5663,1090,-3,-1,0.3037,290.66,298.73,50.00,43.00,300.50,292.00,59.00,48.00,0.5325,11.93,1,0,3.0630,ACCEPT,0,784,2090,9711,4,200,1090,0,0,0,0
168,0,1,1,ACCEPT,53.1358,7.4557,1178,2,0,0.7691,292.22,298.73,50.00,43.00,299.50,293.50,55.00,47.00,0.6123,8.97,1,0,3.1688,ACCEPT,0,781,1761,9243,4,200,1178,0,0,0,0
169,0,1,1,ACCEPT,41.3269,3.7546,1025,1,3,0.3541,293.00,300.75,50.00,43.00,301.50,296.00,59.00,48.00,0.6032,9.74,1,0,3.0821,ACCEPT,0,948,2071,7127,4,200,1025,0,0,0,0
170,0,1,1,ACCEPT,56.6787,5.1270,969,-9,-2,0.0877,285.97,299.41,50.00,43.00,295.50,295.00,57.00,48.00,0.5868,10.50,1,0,3.0040,ACCEPT,0,713,1951,8461,4,200,969,0,0,0,0
171,0,1,1,ACCEPT,46.3224,4.9946,929,-1,4,0.2078,285.19,302.09,50.00,43.00,295.00,298.00,52.00,50.00,0.5815,10.63,1,0,3.0147,ACCEPT,0,759,1899,7213,4,200,929,0,0,0,0
172,0,1,1,ACCEPT,60.3848,8.2991,971,2,-2,0.4233,286.75,300.75,50.00,43.00,297.00,296.50,60.00,47.00,0.5796,11.10,1,0,3.1258,ACCEPT,0,578,1858,9099,4,200,971,0,0,0,0
173,0,1,1,ACCEPT,60.7444,7.2125,1154,-2,0,0.6534,285.19,300.75,50.00,43.00,292.50,296.50,57.00,51.00,0.6406,8.46,1,0,3.1609,ACCEPT,0,674,1474,10917,4,200,1154,0,0,0,0
174,0,1,1,ACCEPT,53.8554,5.8325,1114,0,2,0.7397,285.19,302.09,50.00,43.00,292.50,296.50,57.00,47.00,0.6049,9.21,1,0,3.1604,ACCEPT,0,813,1472,9802,4,200,1114,0,0,0,0
175,0,1,1,ACCEPT,48.3665,7.6648,1372,-2,0,0.6086,283.62,302.09,50.00,43.00,291.00,298.00,50.00,42.00,0.6265,8.44,1,0,3.2112,ACCEPT,0,1197,2361,9199,4,200,1372,0,0,0,0
176,0,1,1,ACCEPT,31.0150,3.9227,761,2,1,0.5782,285.19,302.77,50.00,43.00,291.50,296.00,53.00,48.00,0.5946,9.25,1,0,3.0558,ACCEPT,0,861,1275,11405,4,200,761,0,0,0,0
177,0,1,1,ACCEPT,41.6528,5.3460,1128,0,-1,0.9574,285.19,302.09,50.00,43.00,291.00,298.00,56.00,52.00,0.6690,7.11,1,0,3.1292,ACCEPT,0,841,1563,12534,4,200,1128,0,0,0,0
178,0,1,1,ACCEPT,40.9272,6.0950,1347,-1,1,0.7647,284.41,302.77,50.00,43.00,295.00,298.00,46.00,46.00,0.5347,11.62,1,0,3.1464,ACCEPT,0,1167,1624,13296,4,200,1347,0,0,0,0
179,0,1,1,ACCEPT,46.4605,5.9076,1406,1,0,0.9374,285.19,302.77,50.00,43.00,293.00,297.50,48.00,45.00,0.5877,9.42,1,0,3.2179,ACCEPT,0,1091,1566,12728,4,200,1406,0,0,0,0
180,0,1,1,ACCEPT,46.8277,5.8705,1315,1,1,0.7954,285.97,303.44,50.00,43.00,294.50,299.50,53.00,47.00,0.6134,9.40,1,0,3.2076,ACCEPT,0,1101,1583,12826,4,200,1315,0,0,0,0
181,0,1,1,ACCEPT,49.3787,5.9713,1248,1,-1,0.7901,286.75,302.77,50.00,43.00,296.00,298.00,54.00,44.00,0.5769,10.41,1,0,3.1412,ACCEPT,0,1071,1540,13594,4,200,1248,0,0,0,0
182,0,1,1,ACCEPT,45.2165,6.3641,1381,-4,-2,0.1651,283.62,301.42,50.00,43.00,293.50,298.50,43.00,41.00,0.5767,10.30,1,0,3.1647,ACCEPT,0,1189,1487,14167,4,200,1381,0,0,0,0
183,0,1,1,ACCEPT,41.8684,3.9746,1407,0,2,0.5295,283.62,302.77,50.00,43.00,292.00,297.50,58.00,49.00,0.5931,9.89,1,0,3.1171,ACCEPT,0,1097,1485,12269,4,200,1407,0,0,0,0
184,0,1,1,ACCEPT,48.5665,5.3534,1242,-1,-1,0.8720,282.84,302.09,50.00,43.00,291.00,298.50,54.00,43.00,0.6296,8.91,1,0,3.1766,ACCEPT,0,914,1338,12237,4,200,1242,0,0,0,0
185,0,1,1,ACCEPT,49.2279,5.1790,1331,-1,0,0.9587,282.06,302.09,50.00,43.00,290.50,298.00,55.00,44.00,0.6128,9.38,1,0,3.1007,ACCEPT,0,896,1218,12743,4,200,1331,0,0,0,0
186,0,1,1,ACCEPT,46.3747,4.5665,1201,0,1,0.9059,282.06,302.77,50.00,43.00,290.00,299.50,56.00,43.00,0.6470,8.58,1,0,3.0635,ACCEPT,0,973,1137,13454,4,200,1201,0,0,0,0
187,0,1,1,ACCEPT,43.8726,5.1106,1109,-1,-1,0.8142,281.28,302.09,50.00,43.00,286.00,298.00,48.00,46.00,0.6965,6.25,1,0,3.1785,ACCEPT,0,957,1575,11957,4,200,1109,0,0,0,0
188,0,1,1,ACCEPT,26.2891,2.8654,1235,-2,1,0.6761,279.72,302.77,50.00,43.00,286.00,298.00,52.00,52.00,0.6494,7.88,1,0,3.1478,ACCEPT,0,1271,2418,12852,4,200,1235,0,0,0,0
189,0,1,1,ACCEPT,32.2743,5.0445,1246,-4,0,0.2488,276.59,302.77,50.00,43.00,284.50,299.00,57.00,52.00,0.6217,8.76,1,0,3.0856,ACCEPT,0,1216,1561,15679,4,200,1246,0,0,0,0
190,0,1,1,ACCEPT,29.1848,3.9224,961,2,2,0.6056,278.16,304.11,50.00,43.00,286.00,301.50,52.00,49.00,0.6529,8.27,1,0,2.6802,ACCEPT,0,1466,1952,11270,4,200,961,0,0,0,0
191,0,1,1,ACCEPT,32.2169,4.2091,1107,-2,5,0.0190,276.59,307.47,50.00,43.00,285.00,303.50,52.00,47.00,0.6140,9.30,1,0,3.0612,ACCEPT,0,1080,1783,15298,4,200,1107,0,0,0,0
192,0,1,1,ACCEPT,40.6139,5.0577,1315,-3,3,0.1308,274.25,309.48,50.00,43.00,282.00,304.00,56.00,48.00,0.5981,9.49,1,0,2.9477,ACCEPT,0,1157,1401,16847,4,200,1315,0,0,0,0
193,0,1,1,ACCEPT,42.9667,5.7967,1397,-2,1,0.7165,272.69,310.16,48.08,41.35,279.50,304.00,55.00,46.00,0.5909,9.18,1,-1,2.9492,ACCEPT,0,1218,1453,13765,4,200,1397,0,0,0,0
194,0,1,1,ACCEPT,43.0835,6.0615,1182,-4,-1,0.2335,269.69,309.51,48.08,41.35,276.50,305.00,57.00,48.00,0.6361,8.17,1,0,3.1456,ACCEPT,0,1008,1347,13822,4,200,1182,0,0,0,0
195,0,1,1,ACCEPT,39.6249,6.1450,1229,0,-1,0.9609,269.69,308.86,48.08,41.35,275.00,305.00,54.00,44.00,0.6855,6.57,1,0,2.8981,ACCEPT,0,1228,1385,13180,4,200,1229,0,0,0,0
196,0,1,1,ACCEPT,36.9978,5.8010,1108,-4,2,0.1435,266.69,310.16,48.08,41.35,273.00,305.50,54.00,47.00,0.6408,7.84,1,0,3.0870,ACCEPT,0,1152,1571,13543,4,200,1108,0,0,0,0
197,0,1,1,ACCEPT,35.9143,3.9753,1125,0,1,0.9618,266.69,310.80,48.08,41.35,275.50,306.50,55.00,49.00,0.5946,9.81,1,0,3.0543,ACCEPT,0,1061,1388,14367,4,200,1125,0,0,0,0
198,0,1,1,ACCEPT,50.6520,6.5316,1241,-2,-3,0.2538,265.19,308.86,48.08,41.35,273.50,305.00,55.00,46.00,0.6153,9.16,1,0,3.1313,ACCEPT,0,1109,1600,11163,4,200,1241,0,0,0,0
199,0,1,1,ACCEPT,52.9974,5.7202,1104,-1,-2,0.7138,264.44,307.56,48.08,41.35,272.00,303.00,52.00,52.00,0.5983,8.83,1,0,3.1480,ACCEPT,0,854,1514,11288,4,200,1104,0,0,0,0
200,0,1,1,ACCEPT,48.2232,4.3872,1031,1,2,0.6431,265.19,308.86,48.08,41.35,273.50,308.00,41.00,46.00,0.6304,8.36,1,0,3.1805,ACCEPT,0,799,1470,12259,4,200,1031,0,0,0,0
0,0,0,0,ZERO_RESPONSE,0.0000,0.0000,0,0,0,0.0000,235.00,361.50,52.00,39.00,235.00,361.50,52.00,39.00,1.0000,0.00,1,0,0.0000,NOT_RUN,0,0,5007,6773,5,250,0,0,0,0,0
1,0,1,1,ACCEPT,70.6559,9.0417,217,1,0,0.9862,235.81,361.50,52.00,39.00,235.50,362.50,57.00,41.00,0.8678,1.05,1,0,3.2829,ACCEPT,0,153,4881,4957,5,250,217,0,0,0,0
2,0,1,1,ACCEPT,44.9899,7.7917,187,0,-1,0.8663,235.81,360.89,52.00,39.00,236.50,362.50,53.00,41.00,0.8993,1.75,1,0,3.2719,ACCEPT,0,201,3957,5386,5,250,187,0,0,0,0
3,0,1,1,ACCEPT,39.3649,7.3913,170,1,1,0.7647,236.62,361.50,52.00,39.00,237.00,363.00,54.00,40.00,0.8933,1.55,1,0,3.3262,ACCEPT,0,184,3912,5337,5,250,170,0,0,0,0
4,0,1,1,ACCEPT,43.7696,7.5385,196,1,-1,0.8112,237.44,360.89,52.00,39.00,237.50,362.50,53.00,37.00,0.9025,1.61,1,0,3.3244,ACCEPT,0,156,3188,6125,5,250,196,0,0,0,0
5,0,1,1,ACCEPT,43.8830,7.3333,242,2,1,0.6488,239.06,361.50,52.00,39.00,240.00,361.50,54.00,39.00,0.9630,0.94,1,0,3.3301,ACCEPT,0,211,3046,5811,5,250,242,0,0,0,0
6,0,1,1,ACCEPT,36.3729,7.0811,262,0,-2,0.6679,239.06,360.28,52.00,39.00,242.00,360.50,54.00,41.00,0.8528,2.95,1,0,3.3297,ACCEPT,0,241,4474,5211,5,250,262,0,0,0,0
7,0,1,1,ACCEPT,15.5836,2.2381,141,3,1,0.6667,241.50,360.89,52.00,39.00,229.50,355.50,25.00,31.00,0.3589,13.16,1,0,3.1859,ACCEPT,0,212,1899,8188,5,250,141,0,0,0,0
8,0,1,1,ACCEPT,18.9134,3.6818,162,0,-2,0.6420,241.50,359.67,52.00,39.00,243.50,362.50,55.00,43.00,0.8099,3.46,1,0,3.1269,ACCEPT,0,243,2461,5054,5,250,162,0,0,0,0
9,0,1,1,ACCEPT,23.6702,3.9516,245,3,-1,0.3510,243.94,359.06,52.00,39.00,242.50,360.50,47.00,39.00,0.8425,2.03,1,0,3.0686,ACCEPT,0,246,4164,7074,5,250,245,0,0,0,0
10,0,1,1,ACCEPT,24.0193,3.6700,367,2,0,0.6403,245.56,359.06,52.00,39.00,246.50,360.50,49.00,39.00,0.8771,1.72,1,0,3.1516,ACCEPT,0,467,4147,6228,5,250,367,0,0,0,0
11,0,1,1,ACCEPT,20.5966,3.5586,395,0,0,1.0000,245.56,359.06,52.00,39.00,248.00,358.00,56.00,48.00,0.7434,2.66,1,0,3.2189,ACCEPT,0,519,3826,9255,5,250,395,0,0,0,0
12,0,1,1,ACCEPT,24.8641,4.3040,538,1,0,0.9665,246.38,359.06,52.00,39.00,250.00,360.00,56.00,46.00,0.7444,3.74,1,0,3.3367,ACCEPT,0,620,3732,8086,5,250,538,0,0,0,0
13,0,1,1,ACCEPT,28.5565,4.9725,542,1,-2,0.7823,247.19,357.84,52.00,39.00,247.50,358.50,53.00,45.00,0.8503,0.73,1,0,3.2994,ACCEPT,0,563,2893,9280,5,250,542,0,0,0,0
14,0,1,1,ACCEPT,37.2453,5.6154,584,0,1,0.9709,247.19,358.45,52.00,39.00,249.50,357.50,55.00,43.00,0.8329,2.50,1,0,3.3082,ACCEPT,0,519,2803,8099,5,250,584,0,0,0,0
15,0,1,1,ACCEPT,35.9582,4.6441,548,-1,1,0.9526,246.38,359.06,52.00,39.00,250.00,357.50,58.00,41.00,0.8122,3.95,1,0,3.1582,ACCEPT,0,567,2279,10551,5,250,548,0,0,0,0
16,0,1,1,ACCEPT,38.7659,4.2781,646,1,-3,0.5155,247.19,357.23,52.00,39.00,247.00,358.00,50.00,40.00,0.9261,0.79,1,0,3.1719,ACCEPT,0,514,2149,10464,5,250,646,0,0,0,0
17,0,1,1,ACCEPT,41.3433,5.3814,635,2,0,0.7102,248.81,357.23,52.00,39.00,250.50,358.00,53.00,38.00,0.9025,1.85,1,0,3.1392,ACCEPT,0,500,2084,11891,5,250,635,0,0,0,0
18,0,1,1,ACCEPT,47.7456,7.3444,661,1,-1,0.9592,249.62,356.62,52.00,39.00,254.00,358.00,56.00,42.00,0.7917,4.59,1,0,3.2101,ACCEPT,0,500,2028,11067,5,250,661,0,0,0,0
19,0,1,1,ACCEPT,43.9282,6.4038,666,2,-2,0.5330,251.25,355.41,52.00,39.00,252.50,355.50,53.00,39.00,0.9490,1.25,1,0,3.2817,ACCEPT,0,564,1967,12342,5,250,666,0,0,0,0
20,0,1,1,ACCEPT,42.6086,5.1684,491,4,0,0.2220,254.50,355.41,52.00,39.00,253.00,356.50,52.00,41.00,0.8950,1.86,1,0,3.2878,ACCEPT,0,509,1340,11647,5,250,491,0,0,0,0
21,0,1,1,ACCEPT,29.2830,3.8627,788,3,-2,0.4810,256.94,354.19,52.00,39.00,258.00,355.00,50.00,42.00,0.8932,1.34,1,0,3.3982,ACCEPT,0,891,3247,8734,5,250,788,0,0,0,0
22,0,1,1,ACCEPT,33.1512,5.4154,704,3,0,0.5895,259.38,354.19,52.00,39.00,259.50,354.00,55.00,40.00,0.9218,0.23,1,0,3.3137,ACCEPT,0,728,1891,9351,5,250,704,0,0,0,0
23,0,1,1,ACCEPT,28.4496,3.9302,507,2,0,0.8600,261.00,354.19,52.00,39.00,262.00,354.50,56.00,39.00,0.9143,1.05,1,0,3.2283,ACCEPT,0,601,1875,9416,5,250,507,0,0,0,0
24,0,1,1,ACCEPT,30.0238,4.2149,510,-2,-1,0.6667,259.38,353.58,52.00,39.00,262.50,353.50,57.00,39.00,0.8882,3.13,1,0,3.2734,ACCEPT,0,557,1762,9919,5,250,510,0,0,0,0
25,0,1,1,ACCEPT,32.9039,3.5168,524,3,-1,0.7385,261.81,352.97,52.00,39.00,263.50,354.50,55.00,41.00,0.8704,2.28,1,0,3.2527,ACCEPT,0,582,1927,8414,5,250,524,0,0,0,0
26,0,1,1,ACCEPT,33.8322,4.3366,438,-1,3,0.5365,261.00,354.80,52.00,39.00,264.00,356.00,50.00,40.00,0.8395,3.23,1,0,3.2886,ACCEPT,0,594,1848,9069,5,250,438,0,0,0,0
27,0,1,1,ACCEPT,35.7570,4.7573,490,1,1,0.8000,261.81,355.41,52.00,39.00,263.00,355.50,52.00,43.00,0.8683,1.19,1,0,3.2834,ACCEPT,0,597,1854,8332,5,250,490,0,0,0,0
28,0,1,1,ACCEPT,37.9202,5.0000,460,1,3,0.4522,262.62,357.23,52.00,39.00,266.00,359.00,52.00,40.00,0.8072,3.81,1,0,3.2776,ACCEPT,0,552,2016,8095,5,250,460,0,0,0,0
29,0,1,1,ACCEPT,41.4505,5.5361,537,1,4,0.2533,263.44,359.67,52.00,39.00,267.00,360.00,52.00,42.00,0.8132,3.58,1,0,3.2875,ACCEPT,0,664,1968,8774,5,250,537,0,0,0,0
30,0,1,1,ACCEPT,45.2905,5.7290,613,3,2,0.3148,265.88,360.89,52.00,39.00,266.50,364.00,49.00,38.00,0.8044,3.17,1,0,3.2433,ACCEPT,0,665,1946,8673,5,250,613,0,0,0,0
31,0,1,1,ACCEPT,43.3229,6.4706,550,1,7,0.0236,266.69,365.16,52.00,39.00,265.50,368.00,51.00,42.00,0.8326,3.08,1,0,3.2950,ACCEPT,0,523,2187,6448,5,250,550,0,0,0,0
32,0,1,1,ACCEPT,48.7607,6.9189,512,-2,5,0.0508,265.06,368.20,52.00,39.00,266.00,368.00,54.00,44.00,0.8535,0.96,1,0,3.3085,ACCEPT,0,427,1871,8821,5,250,512,0,0,0,0
33,0,1,1,ACCEPT,48.4526,6.6377,916,-1,2,0.6747,264.25,369.42,52.00,39.00,263.00,371.00,50.00,44.00,0.8481,2.01,1,0,3.3136,ACCEPT,0,711,2874,8528,5,250,916,0,0,0,0
34,0,1,1,ACCEPT,34.1524,6.6889,602,0,2,0.7010,264.25,370.64,52.00,39.00,263.50,372.50,47.00,43.00,0.8272,2.00,1,0,3.3309,ACCEPT,0,925,2170,6241,5,250,602,0,0,0,0
35,0,1,1,ACCEPT,38.3794,5.9077,384,4,0,0.3177,267.50,370.64,52.00,39.00,266.00,372.00,48.00,38.00,0.8615,2.02,1,0,3.2620,ACCEPT,0,435,1711,8367,5,250,384,0,0,0,0
36,0,1,1,ACCEPT,44.3110,6.4423,670,3,1,0.5179,269.94,371.25,52.00,39.00,269.50,371.00,53.00,42.00,0.9111,0.50,1,0,3.2639,ACCEPT,0,592,2156,9567,5,250,670,0,0,0,0
37,0,1,1,ACCEPT,49.6388,8.0707,799,4,1,0.2829,273.19,371.86,52.00,39.00,272.00,372.00,52.00,42.00,0.8885,1.20,1,0,3.3082,ACCEPT,0,630,2281,9100,5,250,799,0,0,0,0
38,0,1,1,ACCEPT,42.8366,4.1013,648,0,7,0.0880,273.19,376.12,52.00,39.00,271.00,375.50,48.00,43.00,0.8372,2.28,1,0,3.2678,ACCEPT,0,594,2382,6571,5,250,648,0,0,0,0
39,0,1,1,ACCEPT,47.4485,6.1609,536,-4,5,0.0354,269.94,379.17,52.00,39.00,268.50,378.50,49.00,43.00,0.8593,1.59,1,0,3.2450,ACCEPT,0,439,2113,7159,5,250,536,0,0,0,0
40,0,1,1,ACCEPT,36.2212,3.6791,493,0,-1,0.9493,269.94,378.56,52.00,39.00,270.00,378.50,50.00,45.00,0.8376,0.09,1,0,3.1909,ACCEPT,0,734,2443,6126,5,250,493,0,0,0,0
41,0,1,1,ACCEPT,42.8526,3.9127,493,-5,5,0.1217,265.88,381.61,52.00,39.00,266.00,381.00,54.00,46.00,0.8164,0.62,1,0,3.2318,ACCEPT,0,477,2422,5330,5,250,493,0,0,0,0
42,0,1,1,ACCEPT,46.4058,6.0602,503,-2,2,0.4990,264.25,382.83,52.00,39.00,264.50,383.00,53.00,42.00,0.9111,0.30,1,0,3.2442,ACCEPT,0,451,2112,7747,5,250,503,0,0,0,0
43,0,1,1,ACCEPT,46.7377,6.2095,652,0,2,0.7684,264.25,384.05,52.00,39.00,262.00,384.50,50.00,41.00,0.8734,2.30,1,0,3.2761,ACCEPT,0,531,2425,9162,5,250,652,0,0,0,0
44,0,1,1,ACCEPT,45.1284,3.9518,656,-5,0,0.2393,260.19,384.05,52.00,39.00,259.00,383.50,48.00,43.00,0.8432,1.31,1,0,3.2687,ACCEPT,0,573,2078,9223,5,250,656,0,0,0,0
45,0,1,1,ACCEPT,37.9917,3.5575,619,-2,0,0.7173,258.56,384.05,52.00,39.00,259.00,383.50,50.00,47.00,0.8031,0.70,1,0,3.2656,ACCEPT,0,542,2120,9943,5,250,619,0,0,0,0
46,0,1,1,ACCEPT,36.6252,3.7070,582,-1,-1,0.9433,257.75,383.44,52.00,39.00,262.50,383.00,57.00,44.00,0.7475,4.77,1,0,3.2060,ACCEPT,0,649,2283,8708,5,250,582,0,0,0,0
47,0,1,1,ACCEPT,37.6120,3.9674,365,2,-2,0.6795,259.38,382.22,52.00,39.00,261.00,381.50,50.00,47.00,0.7852,1.78,1,0,3.2222,ACCEPT,0,457,2292,9118,5,250,365,0,0,0,0
48,0,1,1,ACCEPT,19.6788,2.7314,478,4,-2,0.5126,262.62,381.00,52.00,39.00,265.00,381.50,54.00,45.00,0.7950,2.43,1,0,3.1704,ACCEPT,0,1546,2948,5160,5,250,478,0,0,0,0
49,0,1,1,ACCEPT,21.7417,3.6861,505,1,1,0.9188,263.44,381.61,52.00,39.00,266.00,380.00,50.00,52.00,0.6897,3.03,1,0,3.2360,ACCEPT,0,728,3169,7770,5,250,505,0,0,0,0
50,0,1,1,ACCEPT,25.2297,3.8903,603,0,-1,0.9536,263.44,381.00,52.00,39.00,265.00,385.50,50.00,43.00,0.7602,4.76,1,0,3.2343,ACCEPT,0,739,2815,6450,5,250,603,0,0,0,0
51,0,1,1,ACCEPT,30.4620,3.8273,532,1,0,0.9812,264.25,381.00,52.00,39.00,267.50,382.00,55.00,48.00,0.7236,3.40,1,0,3.2588,ACCEPT,0,662,2848,5461,5,250,532,0,0,0,0
52,0,1,1,ACCEPT,28.4761,4.2727,423,-1,0,0.9409,263.44,381.00,52.00,39.00,266.50,385.50,51.00,55.00,0.6417,5.44,1,0,3.2243,ACCEPT,0,569,3009,5599,5,250,423,0,0,0,0
53,0,1,1,ACCEPT,30.0714,3.7188,476,1,-3,0.4433,264.25,379.17,52.00,39.00,268.50,380.50,51.00,45.00,0.7430,4.45,1,0,3.2842,ACCEPT,0,639,2693,7318,5,250,476,0,0,0,0
54,0,1,1,ACCEPT,37.7658,5.2672,690,1,-3,0.5246,265.06,377.34,52.00,39.00,265.00,381.00,54.00,48.00,0.7824,3.66,1,0,3.2348,ACCEPT,0,703,2596,7003,5,250,690,0,0,0,0
55,0,1,1,ACCEPT,42.3533,6.4037,698,1,-2,0.6576,265.88,376.12,52.00,39.00,265.50,378.50,55.00,49.00,0.7525,2.40,1,0,3.2309,ACCEPT,0,589,2443,8757,5,250,698,0,0,0,0
56,0,1,1,ACCEPT,41.7357,6.2542,738,-1,-2,0.6978,265.06,374.91,52.00,39.00,267.00,379.00,58.00,50.00,0.6993,4.53,1,0,3.1854,ACCEPT,0,699,2497,8117,5,250,738,0,0,0,0
57,0,1,1,ACCEPT,38.2403,4.9592,729,1,-3,0.4993,265.88,373.08,52.00,39.00,267.50,376.00,55.00,52.00,0.7062,3.34,1,0,3.1892,ACCEPT,0,633,2312,9902,5,250,729,0,0,0,0
58,0,1,1,ACCEPT,49.8035,5.8121,866,-1,2,0.6524,265.06,374.30,52.00,39.00,266.00,374.00,56.00,44.00,0.8231,0.98,1,0,3.2138,ACCEPT,0,740,2286,8595,5,250,866,0,0,0,0
59,0,1,1,ACCEPT,47.4353,4.3596,776,0,-3,0.5245,265.06,372.47,52.00,39.00,267.00,371.50,56.00,47.00,0.7705,2.17,1,0,3.2241,ACCEPT,0,604,2136,7984,5,250,776,0,0,0,0
60,0,1,1,ACCEPT,49.2865,5.0814,1123,3,-2,0.3802,267.50,371.25,52.00,39.00,271.00,373.00,54.00,44.00,0.7805,3.91,1,0,3.2649,ACCEPT,0,883,2651,11134,5,250,1123,0,0,0,0
61,0,1,1,ACCEPT,23.2523,3.3438,642,-2,-1,0.7913,265.88,370.64,52.00,39.00,270.00,371.00,52.00,44.00,0.7624,4.14,1,0,3.2233,ACCEPT,0,868,1449,10180,5,250,642,0,0,0,0
62,0,1,1,ACCEPT,24.6462,2.8757,509,0,-1,0.9155,265.88,370.03,52.00,39.00,263.00,370.00,38.00,50.00,0.6059,2.88,1,0,3.2052,ACCEPT,0,628,1601,11942,5,250,509,0,0,0,0
63,0,1,1,ACCEPT,28.6330,3.7380,856,0,-2,0.5479,265.88,368.81,52.00,39.00,269.50,369.00,51.00,48.00,0.7157,3.63,1,0,3.2766,ACCEPT,0,1060,2001,13126,5,250,856,0,0,0,0
64,0,1,1,ACCEPT,27.2858,3.3004,835,1,-3,0.3844,266.69,366.98,52.00,39.00,269.50,370.00,47.00,44.00,0.7814,4.12,1,0,3.2559,ACCEPT,0,1083,2343,9031,5,250,835,0,0,0,0
65,0,1,1,ACCEPT,26.4809,3.4641,530,-1,-5,0.2283,265.88,363.94,52.00,39.00,268.00,366.00,56.00,46.00,0.7839,2.96,1,0,3.2087,ACCEPT,0,775,2177,7057,5,250,530,0,0,0,0
66,0,1,1,ACCEPT,25.6333,3.5781,458,0,-4,0.5480,265.88,361.50,52.00,39.00,267.00,364.00,50.00,44.00,0.8521,2.74,1,0,3.1902,ACCEPT,0,641,2104,6547,5,250,458,0,0,0,0
67,0,1,1,ACCEPT,24.0134,2.3034,410,0,-4,0.4024,265.88,359.06,52.00,39.00,268.00,361.50,52.00,47.00,0.7698,3.23,1,0,3.2184,ACCEPT,0,680,2474,5129,5,250,410,0,0,0,0
68,0,1,1,ACCEPT,33.2499,3.6911,454,4,-5,0.1630,269.12,356.02,52.00,39.00,269.00,359.50,62.00,53.00,0.6172,3.49,1,0,3.2120,ACCEPT,0,621,2459,4647,5,250,454,0,0,0,0
69,0,1,1,ACCEPT,35.3978,3.4186,441,2,-4,0.3515,270.75,353.58,52.00,39.00,274.00,358.00,56.00,48.00,0.7232,5.49,1,0,3.2560,ACCEPT,0,495,2057,7222,5,250,441,0,0,0,0
70,0,1,1,ACCEPT,32.4157,3.7669,501,2,-1,0.6926,272.38,352.97,52.00,39.00,274.50,357.00,51.00,50.00,0.7260,4.56,1,0,3.2022,ACCEPT,0,557,2099,7043,5,250,501,0,0,0,0
71,0,1,1,ACCEPT,31.2053,3.5079,442,4,-2,0.4027,275.62,351.75,52.00,39.00,277.00,356.00,48.00,48.00,0.7610,4.47,1,0,3.2239,ACCEPT,0,587,2032,7160,5,250,442,0,0,0,0
72,0,1,1,ACCEPT,20.9553,1.4833,399,7,-5,0.2707,281.31,348.70,52.00,39.00,281.50,350.00,53.00,46.00,0.8318,1.31,1,0,3.2113,ACCEPT,0,904,2264,6233,5,250,399,0,0,0,0
73,0,1,1,ACCEPT,30.6856,3.9459,584,8,1,0.0993,287.81,349.31,52.00,39.00,286.50,351.00,43.00,46.00,0.7201,2.14,1,0,3.2307,ACCEPT,0,643,1692,11194,5,250,584,0,0,0,0
74,0,1,1,ACCEPT,32.5533,2.5166,531,2,2,0.5424,289.44,350.53,52.00,39.00,286.50,351.00,39.00,44.00,0.6842,2.97,1,0,3.2521,ACCEPT,0,652,1450,9066,5,250,531,0,0,0,0
75,0,1,1,ACCEPT,19.7448,1.6386,544,2,-1,0.6691,291.06,349.92,52.00,39.00,291.00,351.50,48.00,45.00,0.8083,1.58,1,0,3.2117,ACCEPT,0,979,2675,8309,5,250,544,0,0,0,0
76,0,1,1,ACCEPT,23.3543,2.4353,677,1,1,0.8479,291.88,350.53,52.00,39.00,293.50,357.50,55.00,55.00,0.6677,7.16,1,0,3.2066,ACCEPT,0,990,2088,10291,5,250,677,0,0,0,0
77,0,1,1,ACCEPT,25.6623,2.2150,711,1,-1,0.7848,292.69,349.92,52.00,39.00,294.00,357.00,56.00,56.00,0.6467,7.20,1,0,3.2482,ACCEPT,0,937,2090,11101,5,250,711,0,0,0,0
78,0,1,1,ACCEPT,24.8789,2.0729,796,0,1,0.9133,292.69,350.53,52.00,39.00,293.50,353.50,55.00,47.00,0.7845,3.08,1,0,3.2045,ACCEPT,0,1075,2189,9459,5,250,796,0,0,0,0
79,0,1,1,ACCEPT,17.6726,1.0151,538,-1,1,0.8792,291.88,351.14,52.00,39.00,289.00,354.00,52.00,48.00,0.7346,4.05,1,0,3.1999,ACCEPT,0,965,2108,8697,5,250,538,0,0,0,0
80,0,1,1,ACCEPT,20.7445,1.3719,557,-1,-3,0.5332,291.06,349.31,52.00,39.00,290.50,354.50,57.00,51.00,0.6976,5.22,1,0,3.3475,ACCEPT,0,967,2097,7858,5,250,557,0,0,0,0
81,0,1,1,ACCEPT,28.9099,2.8028,611,-1,-2,0.7529,290.25,348.09,52.00,39.00,288.50,350.50,55.00,49.00,0.7462,2.98,1,0,3.2390,ACCEPT,0,847,1999,6707,5,250,611,0,0,0,0
82,0,1,1,ACCEPT,27.8552,2.6468,532,2,-5,0.4868,291.88,345.05,52.00,39.00,290.00,348.50,48.00,49.00,0.7464,3.93,1,0,3.2619,ACCEPT,0,663,1702,8491,5,250,532,0,0,0,0
83,0,1,1,ACCEPT,31.3195,3.2906,668,2,-1,0.7260,293.50,344.44,52.00,39.00,293.50,346.00,51.00,50.00,0.7683,1.56,1,0,3.3040,ACCEPT,0,886,1832,6947,5,250,668,0,0,0,0
84,0,1,1,ACCEPT,24.7513,2.2347,438,0,-2,0.7626,293.50,343.22,52.00,39.00,294.00,345.50,54.00,49.00,0.7664,2.34,1,0,3.2253,ACCEPT,0,768,1758,6735,5,250,438,0,0,0,0
85,0,1,1,ACCEPT,36.1299,3.2083,616,3,-2,0.2532,295.94,342.00,52.00,39.00,296.00,344.50,56.00,49.00,0.7391,2.50,1,0,3.1889,ACCEPT,0,615,1732,9111,5,250,616,0,0,0,0
86,0,1,1,ACCEPT,40.3675,3.8424,780,1,-1,0.8282,296.75,341.39,52.00,39.00,295.50,344.00,55.00,48.00,0.7682,2.89,1,0,3.1986,ACCEPT,0,753,1691,8537,5,250,780,0,0,0,0
87,0,1,1,ACCEPT,44.2610,4.1441,949,0,0,1.0000,296.75,341.39,52.00,39.00,293.50,344.50,53.00,47.00,0.7392,4.50,1,0,3.2206,ACCEPT,0,852,2012,9499,5,250,949,0,0,0,0
88,0,1,1,ACCEPT,19.5331,1.6940,537,1,1,0.8305,297.56,342.00,52.00,39.00,298.00,347.00,54.00,56.00,0.6706,5.02,1,0,3.0494,ACCEPT,0,1238,1880,5942,5,250,537,0,0,0,0
89,0,1,1,ACCEPT,25.8145,2.7697,421,2,0,0.7862,299.19,342.00,52.00,39.00,300.00,348.50,48.00,49.00,0.6977,6.55,1,0,3.2818,ACCEPT,0,552,1639,6935,5,250,421,0,0,0,0
90,0,1,1,ACCEPT,30.1182,2.8936,680,6,-3,0.0838,304.06,340.17,52.00,39.00,305.00,342.50,50.00,49.00,0.7714,2.51,1,0,3.2271,ACCEPT,0,757,2047,8587,5,250,680,0,0,0,0
91,0,1,1,ACCEPT,34.5535,4.0613,861,2,0,0.6678,305.69,340.17,52.00,39.00,304.50,342.50,47.00,47.00,0.7625,2.61,1,0,3.2345,ACCEPT,0,928,1723,9512,5,250,861,0,0,0,0
92,0,1,1,ACCEPT,37.1007,3.6330,792,3,-2,0.5063,308.12,338.95,52.00,39.00,304.50,341.50,55.00,49.00,0.7002,4.43,1,0,3.2453,ACCEPT,0,856,1668,9124,5,250,792,0,0,0,0
93,0,1,1,ACCEPT,36.8147,4.5732,750,3,-2,0.5467,310.56,337.73,52.00,39.00,307.50,341.50,57.00,57.00,0.6133,4.85,1,0,3.2188,ACCEPT,0,790,1587,8954,5,250,750,0,0,0,0
94,0,1,1,ACCEPT,37.8428,3.1583,758,2,-2,0.6675,312.19,336.52,52.00,39.00,310.00,342.50,64.00,55.00,0.5761,6.37,1,0,3.2118,ACCEPT,0,802,1688,7561,5,250,758,0,0,0,0
95,0,1,1,ACCEPT,33.3119,2.4932,733,3,-6,0.1514,314.62,332.86,52.00,39.00,311.00,334.00,50.00,50.00,0.6893,3.80,1,0,3.1754,ACCEPT,0,714,1827,9034,5,250,733,0,0,0,0
96,0,1,1,ACCEPT,35.5903,4.7617,919,5,1,0.2655,318.69,333.47,52.00,39.00,316.50,335.00,51.00,48.00,0.7534,2.67,1,0,3.1976,ACCEPT,0,924,1797,10252,5,250,919,0,0,0,0
97,0,1,1,ACCEPT,34.8760,4.2670,815,-1,1,0.7902,317.88,334.08,52.00,39.00,312.50,338.50,57.00,51.00,0.6346,6.96,1,0,3.2189,ACCEPT,0,815,1500,12997,5,250,815,0,0,0,0
98,0,1,1,ACCEPT,35.3525,2.6243,929,0,-3,0.4930,317.88,332.25,52.00,39.00,314.00,338.50,60.00,49.00,0.6532,7.35,1,0,3.2039,ACCEPT,0,931,1540,15662,5,250,929,0,0,0,0
99,0,1,1,ACCEPT,41.0344,4.7232,1280,-1,-1,0.9125,317.06,331.64,52.00,39.00,314.50,338.50,57.00,47.00,0.6633,7.32,1,0,3.2210,ACCEPT,0,1160,1546,14712,5,250,1280,0,0,0,0
100,0,1,1,ACCEPT,44.8565,4.3310,1256,2,-2,0.6592,318.69,330.42,52.00,39.00,314.50,335.00,57.00,52.00,0.6476,6.20,1,0,3.1936,ACCEPT,0,1140,1650,12228,5,250,1256,0,0,0,0
101,0,1,1,ACCEPT,33.4993,2.0932,651,1,-3,0.4916,319.50,328.59,52.00,39.00,313.50,332.00,47.00,48.00,0.6557,6.90,1,0,3.1475,ACCEPT,0,705,1315,12166,5,250,651,0,0,0,0
102,0,1,1,ACCEPT,27.1388,2.2779,877,7,-6,0.1220,325.19,324.94,52.00,39.00,323.50,332.50,51.00,43.00,0.6518,7.75,1,0,3.1263,ACCEPT,0,1332,2035,11647,5,250,877,0,0,0,0
103,0,1,1,ACCEPT,39.1389,4.7055,1294,5,2,0.1043,329.25,326.16,52.00,39.00,324.00,333.00,56.00,46.00,0.6066,8.63,1,0,3.1582,ACCEPT,0,1259,1636,14780,5,250,1294,0,0,0,0
104,0,1,1,ACCEPT,41.1126,3.7785,1126,5,-3,0.1137,333.31,324.33,52.00,39.00,328.50,330.00,53.00,46.00,0.6481,7.44,1,0,3.1587,ACCEPT,0,1062,1685,15129,5,250,1126,0,0,0,0
105,0,1,1,ACCEPT,39.2389,4.6914,1140,7,-1,0.0316,339.00,323.72,52.00,39.00,333.50,330.00,53.00,44.00,0.6120,8.35,1,0,3.1318,ACCEPT,0,1162,1430,14083,5,250,1140,0,0,0,0
106,0,1,1,ACCEPT,37.5052,3.2013,970,5,-5,0.0309,343.06,320.67,52.00,39.00,340.00,327.00,54.00,46.00,0.6676,7.03,1,0,3.1449,ACCEPT,0,1088,1545,13435,5,250,970,0,0,0,0
107,0,1,1,ACCEPT,44.3525,4.4524,1122,3,0,0.5499,345.50,320.67,52.00,39.00,340.50,326.50,53.00,47.00,0.6413,7.68,1,0,3.1358,ACCEPT,0,944,1436,14310,5,250,1122,0,0,0,0
108,0,1,1,ACCEPT,42.3588,3.9145,1053,0,1,0.8746,345.50,321.28,52.00,39.00,339.50,329.00,59.00,46.00,0.5700,9.78,1,0,3.1249,ACCEPT,0,1147,1340,12683,5,250,1053,0,0,0,0
109,0,1,1,ACCEPT,40.3748,2.9797,879,-1,-2,0.5381,344.69,320.06,52.00,39.00,341.50,326.50,61.00,47.00,0.6351,7.18,1,0,3.1568,ACCEPT,0,819,1474,11333,5,250,879,0,0,0,0
110,0,1,1,ACCEPT,37.7375,3.0526,812,1,-2,0.6687,345.50,318.84,52.00,39.00,339.00,324.00,56.00,48.00,0.6292,8.30,1,0,3.1364,ACCEPT,0,1005,1660,8781,5,250,812,0,0,0,0
111,0,1,1,ACCEPT,15.1252,1.2077,378,-5,11,0.8122,341.44,325.55,52.00,39.00,338.00,327.50,54.00,47.00,0.7341,3.95,1,0,3.0975,ACCEPT,0,1287,2243,4809,5,250,378,0,0,0,0
112,0,1,1,ACCEPT,25.6140,1.3574,433,-4,14,0.0416,338.19,334.08,52.00,39.00,333.50,339.00,57.00,48.00,0.6761,6.80,1,0,3.1399,ACCEPT,0,586,1794,8452,5,250,433,0,0,0,0
113,0,1,1,ACCEPT,40.6349,5.0897,738,-5,3,0.1585,334.12,335.91,52.00,39.00,329.00,341.50,60.00,45.00,0.6440,7.59,1,0,3.1298,ACCEPT,0,653,1458,15684,5,250,738,0,0,0,0
114,0,1,1,ACCEPT,50.0325,4.9153,1219,-4,1,0.2043,330.88,336.52,52.00,39.00,327.00,343.00,58.00,48.00,0.6482,7.55,1,0,3.1931,ACCEPT,0,923,1246,16342,5,250,1219,0,0,0,0
115,0,1,1,ACCEPT,28.8600,2.1727,1321,0,3,0.2945,330.88,338.34,52.00,39.00,327.00,346.50,60.00,47.00,0.5968,9.03,1,0,3.1780,ACCEPT,0,1876,2377,8301,5,250,1321,0,0,0,0
116,0,1,1,ACCEPT,39.4231,5.2628,821,10,14,0.1108,339.00,346.88,52.00,39.00,334.50,348.00,51.00,48.00,0.6935,4.64,1,0,3.1354,ACCEPT,0,816,1044,14855,5,250,821,0,0,0,0
117,0,1,1,ACCEPT,43.7171,3.8355,886,3,-1,0.4063,341.44,346.27,52.00,39.00,338.00,351.00,42.00,42.00,0.6560,5.85,1,0,3.1950,ACCEPT,0,813,1122,17563,5,250,886,0,0,0,0
118,0,1,1,ACCEPT,44.7289,3.6801,1093,3,-1,0.5306,343.88,345.66,52.00,39.00,338.50,350.00,53.00,46.00,0.6740,6.91,1,0,3.0908,ACCEPT,0,1107,1300,17799,5,250,1093,0,0,0,0
119,0,1,1,ACCEPT,51.6059,5.0693,1171,-1,0,0.8779,343.06,345.66,52.00,39.00,339.50,351.00,55.00,44.00,0.6833,6.42,1,0,3.1939,ACCEPT,0,902,1222,16711,5,250,1171,0,0,0,0
120,0,1,1,ACCEPT,49.6512,4.1321,1095,0,-1,0.9498,343.06,345.05,52.00,39.00,340.00,351.50,50.00,43.00,0.6567,7.14,1,0,3.1640,ACCEPT,0,1138,1211,13705,5,250,1095,0,0,0,0
121,0,1,1,ACCEPT,40.1435,2.2784,884,3,9,0.1210,345.50,350.53,52.00,39.00,343.50,354.50,47.00,43.00,0.7539,4.44,1,0,3.1080,ACCEPT,0,853,1560,11326,5,250,884,0,0,0,0
122,0,1,1,ACCEPT,48.5169,4.5291,933,1,-1,0.7535,346.31,349.92,52.00,39.00,344.50,356.00,51.00,42.00,0.6954,6.34,1,0,3.1224,ACCEPT,0,642,1113,16131,5,250,933,0,0,0,0
123,0,1,1,ACCEPT,42.2727,3.8439,911,-1,-2,0.4951,345.50,348.70,52.00,39.00,342.50,353.00,49.00,42.00,0.7267,5.24,1,0,3.0765,ACCEPT,0,800,1075,14857,5,250,911,0,0,0,0
124,0,1,1,ACCEPT,35.7528,2.8969,759,-5,-3,0.0896,341.44,346.88,52.00,39.00,338.50,352.00,47.00,42.00,0.6995,5.91,1,0,3.1478,ACCEPT,0,748,1130,12297,5,250,759,0,0,0,0
125,0,1,1,ACCEPT,35.5945,1.7071,717,6,9,0.0962,346.31,352.36,52.00,39.00,342.50,357.50,47.00,41.00,0.6742,6.40,1,0,2.9798,ACCEPT,0,819,1635,8105,5,250,717,0,0,0,0
126,0,1,1,ACCEPT,34.1233,2.4641,584,6,15,0.0257,351.19,361.50,52.00,39.00,346.00,368.00,46.00,40.00,0.5969,8.32,1,0,3.0453,ACCEPT,0,758,1953,6120,5,250,584,0,0,0,0
127,0,1,1,ACCEPT,48.4734,4.4839,695,3,7,0.0072,353.62,365.77,52.00,39.00,350.50,372.00,49.00,42.00,0.6592,6.97,1,0,3.0684,ACCEPT,0,509,1266,12179,5,250,695,0,0,0,0
128,0,1,1,ACCEPT,49.2391,6.7077,872,0,3,0.1881,353.62,367.59,52.00,39.00,350.50,374.00,49.00,42.00,0.6537,7.13,1,0,3.1477,ACCEPT,0,577,871,13783,5,250,872,0,0,0,0
129,0,1,1,ACCEPT,31.8079,1.5353,978,-1,5,0.1564,352.81,370.64,52.00,39.00,350.50,378.50,51.00,43.00,0.6292,8.19,1,0,3.2133,ACCEPT,0,1251,1792,7357,5,250,978,0,0,0,0
130,0,1,1,ACCEPT,44.1691,5.0849,1078,-1,8,0.0835,352.00,375.52,52.00,39.00,349.50,380.50,53.00,41.00,0.7145,5.58,1,0,3.1230,ACCEPT,0,782,1270,14469,5,250,1078,0,0,0,0
131,0,1,1,ACCEPT,48.1967,4.5294,1078,-1,-1,0.7263,351.19,374.91,52.00,39.00,347.50,380.00,47.00,42.00,0.6815,6.29,1,0,3.0987,ACCEPT,0,848,1171,12830,5,250,1078,0,0,0,0
132,0,1,1,ACCEPT,53.4389,6.9728,1025,-1,4,0.0888,350.38,377.34,52.00,39.00,346.50,382.00,49.00,42.00,0.6921,6.06,1,0,3.1043,ACCEPT,0,705,1154,12555,5,250,1025,0,0,0,0
133,0,1,1,ACCEPT,51.3653,6.4648,918,-1,5,0.0795,349.56,380.39,54.08,40.56,346.50,386.00,49.00,42.00,0.6856,6.39,1,1,2.9746,ACCEPT,0,657,1170,13467,5,250,918,0,0,0,0
134,0,1,1,ACCEPT,54.4839,5.0291,1036,-2,3,0.0782,347.88,382.29,54.08,40.56,344.00,387.00,50.00,42.00,0.6956,6.10,1,0,3.1694,ACCEPT,0,663,1032,16288,5,250,1036,0,0,0,0
135,0,1,1,ACCEPT,47.3249,3.2037,1038,-2,-1,0.5780,346.19,381.66,54.08,40.56,342.50,386.50,49.00,41.00,0.6926,6.09,1,0,3.1323,ACCEPT,0,729,1134,15561,5,250,1038,0,0,0,0
136,0,1,1,ACCEPT,47.5152,5.1000,969,-2,3,0.1754,344.50,383.55,54.08,40.56,341.00,389.50,48.00,43.00,0.6670,6.90,1,0,3.0785,ACCEPT,0,846,1471,12146,5,250,969,0,0,0,0
137,0,1,1,ACCEPT,57.3357,5.0755,1076,3,7,0.0632,347.03,387.98,54.08,40.56,343.50,394.00,49.00,42.00,0.6617,6.98,1,0,3.1081,ACCEPT,0,655,1098,19662,5,250,1076,0,0,0,0
138,0,1,1,ACCEPT,41.0763,2.9115,987,0,-2,0.5187,347.03,386.72,54.08,40.56,342.50,392.50,49.00,41.00,0.6434,7.35,1,0,3.0912,ACCEPT,0,941,1098,15671,5,250,987,0,0,0,0
139,0,1,1,ACCEPT,30.1867,1.9151,812,-3,-6,0.0850,344.50,382.92,54.08,40.56,341.50,388.50,51.00,45.00,0.6966,6.33,1,0,3.1386,ACCEPT,0,911,1324,14474,5,250,812,0,0,0,0
140,0,1,1,ACCEPT,21.6306,1.4062,817,6,-6,0.0722,349.56,379.12,54.08,40.56,350.50,385.50,45.00,41.00,0.6217,6.44,1,0,3.1037,ACCEPT,0,1361,1569,16170,5,250,817,0,0,0,0
141,0,1,1,ACCEPT,39.2936,2.8465,1372,11,-6,0.0146,358.84,375.33,54.08,40.56,356.00,381.00,46.00,40.00,0.6520,6.34,1,0,3.1106,ACCEPT,0,1036,1453,16556,5,250,1372,0,0,0,0
142,0,1,1,ACCEPT,37.8059,2.3776,1360,0,-5,0.0015,358.84,372.16,54.08,40.56,357.00,378.50,48.00,41.00,0.6592,6.60,1,0,3.2368,ACCEPT,0,1624,1676,11830,5,250,1360,0,0,0,0
143,0,1,1,ACCEPT,34.0988,1.8235,744,2,1,0.4126,360.53,372.80,54.08,40.56,361.50,378.00,51.00,46.00,0.7476,5.29,1,0,3.1718,ACCEPT,0,798,1307,10973,5,250,744,0,0,0,0
144,0,1,1,ACCEPT,10.7823,1.1078,339,11,32,0.0324,369.81,393.05,54.08,40.56,363.50,371.50,43.00,43.00,0.2680,22.45,1,4,2.5475,MAX_STEP,0,1433,3515,3079,5,250,339,0,0,0,0
145,0,1,1,ACCEPT,8.1814,1.1136,98,-1,-18,0.2245,368.97,381.66,56.24,42.18,358.50,350.50,43.00,43.00,0.1186,32.87,1,1,2.6890,ACCEPT,0,876,1842,3850,5,250,98,0,0,0,0
146,0,1,1,ACCEPT,9.7910,1.6364,54,-3,19,0.2037,366.34,394.12,56.24,42.18,349.00,324.00,44.00,36.00,0.0000,72.24,1,11,1.6024,MAX_STEP,0,219,683,15278,5,250,54,0,0,0,0
147,0,1,1,ACCEPT,7.3580,1.3171,54,23,-6,0.3148,386.47,390.19,56.24,42.18,339.50,302.50,45.00,45.00,0.0000,99.47,1,0,3.0007,ACCEPT,0,295,1023,10989,5,250,54,0,0,0,0
148,0,1,0,NEGATIVE_PEAK,-7.6030,1.2093,-52,3,16,0.3269,386.47,390.19,56.24,42.18,330.00,288.50,46.00,43.00,0.0000,116.31,0,0,0.0000,NOT_RUN,0,246,1161,0,5,250,52,0,0,0,0
149,0,1,1,ACCEPT,8.1001,1.1935,37,-4,19,0.2432,382.97,402.66,56.24,42.18,316.00,271.50,46.00,41.00,0.0000,147.26,1,1,1.9490,LOW_CONF,0,216,1006,11255,5,250,37,0,0,0,0
150,0,1,0,NEGATIVE_PEAK,-8.2701,1.0714,-45,29,23,0.0222,382.97,402.66,56.24,42.18,293.50,258.50,55.00,47.00,0.0000,169.66,0,0,0.0000,NOT_RUN,0,225,783,0,5,250,45,0,0,0,0
151,0,1,0,NEGATIVE_PEAK,-10.0320,1.6512,-71,21,24,0.0845,382.97,402.66,56.24,42.18,294.50,256.50,57.00,45.00,0.0000,170.85,0,0,0.0000,NOT_RUN,0,342,667,0,5,250,71,0,0,0,0
152,0,1,1,ACCEPT,8.1159,1.2903,40,12,-1,0.3750,393.47,402.00,56.24,42.18,288.00,259.50,68.00,49.00,0.0000,177.28,1,4,2.3600,MAX_STEP,0,338,676,11884,5,250,40,0,0,0,0
153,0,1,0,NEGATIVE_PEAK,-10.8906,1.4444,-39,45,35,0.2051,393.47,402.00,56.24,42.18,292.00,260.00,46.00,48.00,0.0000,174.53,0,0,0.0000,NOT_RUN,0,186,536,0,5,250,39,0,0,0,0
154,0,1,0,NEGATIVE_PEAK,-10.0444,1.0000,-41,43,38,0.2195,393.47,402.00,56.24,42.18,293.00,260.00,62.00,50.00,0.0000,173.95,0,0,0.0000,NOT_RUN,0,190,384,0,5,250,41,0,0,0,0
155,0,1,0,NEGATIVE_PEAK,-8.6186,1.3750,-33,44,37,0.3030,393.47,402.00,56.24,42.18,298.50,262.00,59.00,54.00,0.0000,169.17,0,0,0.0000,NOT_RUN,0,192,454,0,5,250,33,0,0,0,0
156,0,1,0,NEGATIVE_PEAK,-9.5773,1.1515,-38,45,40,0.1842,393.47,402.00,56.24,42.18,298.50,265.00,57.00,52.00,0.0000,166.70,0,0,0.0000,NOT_RUN,0,185,396,0,5,250,38,0,0,0,0
157,0,1,0,NEGATIVE_PEAK,-8.3596,1.2857,-36,41,39,0.1944,393.47,402.00,56.24,42.18,295.00,267.00,62.00,52.00,0.0000,167.10,0,0,0.0000,NOT_RUN,0,201,439,0,5,250,36,0,0,0,0
158,0,1,0,NEGATIVE_PEAK,-8.0666,1.0000,-37,37,47,0.1622,393.47,402.00,56.24,42.18,298.00,266.50,56.00,51.00,0.0000,165.75,0,0,0.0000,NOT_RUN,0,209,467,0,5,250,37,0,0,0,0
159,0,1,0,NEGATIVE_PEAK,-9.6357,1.1579,-44,41,40,0.2273,393.47,402.00,56.24,42.18,297.00,267.50,56.00,49.00,0.0000,165.52,0,0,0.0000,NOT_RUN,0,205,544,0,5,250,44,0,0,0,0
160,0,1,0,NEGATIVE_PEAK,-8.7022,1.0811,-40,37,47,0.2000,393.47,402.00,56.24,42.18,297.50,268.00,57.00,52.00,0.0000,164.82,0,0,0.0000,NOT_RUN,0,216,509,0,5,250,40,0,0,0,0
161,0,1,0,NEGATIVE_PEAK,-7.8338,1.0303,-34,45,26,0.2353,393.47,402.00,56.24,42.18,297.00,268.00,58.00,52.00,0.0000,165.11,0,0,0.0000,NOT_RUN,0,188,629,0,5,250,34,0,0,0,0
162,0,1,0,NEGATIVE_PEAK,-8.2858,1.0690,-31,48,29,0.2581,393.47,402.00,56.24,42.18,299.50,270.50,51.00,49.00,0.0000,161.62,0,0,0.0000,NOT_RUN,0,168,628,0,5,250,31,0,0,0,0
163,0,1,0,NEGATIVE_PEAK,-9.4431,1.0000,-39,42,38,0.2564,393.47,402.00,56.24,42.18,298.00,270.00,62.00,50.00,0.0000,162.91,0,0,0.0000,NOT_RUN,0,190,572,0,5,250,39,0,0,0,0
164,0,1,0,NEGATIVE_PEAK,-6.8167,1.0000,-23,39,53,0.2609,393.47,402.00,56.24,42.18,295.00,272.00,64.00,52.00,0.0000,163.08,0,0,0.0000,NOT_RUN,0,150,616,0,5,250,23,0,0,0,0
165,0,1,0,NEGATIVE_PEAK,-6.7249,1.1000,-22,49,23,0.2727,393.47,402.00,56.24,42.18,297.00,270.00,60.00,50.00,0.0000,163.49,0,0,0.0000,NOT_RUN,0,159,632,0,5,250,22,0,0,0,0
166,0,1,0,NEGATIVE_PEAK,-7.3087,1.3333,-24,53,13,0.2500,393.47,402.00,56.24,42.18,295.50,270.00,61.00,50.00,0.0000,164.38,0,0,0.0000,NOT_RUN,0,142,483,0,5,250,24,0,0,0,0
167,0,1,0,NEGATIVE_PEAK,-8.4478,1.5294,-26,49,22,0.1923,393.47,402.00,56.24,42.18,294.00,269.50,62.00,51.00,0.0000,165.68,0,0,0.0000,NOT_RUN,0,145,704,0,5,250,26,0,0,0,0
168,0,1,0,NEGATIVE_PEAK,-7.1947,1.0435,-24,41,52,0.2917,393.47,402.00,56.24,42.18,296.50,267.50,63.00,51.00,0.0000,165.81,0,0,0.0000,NOT_RUN,0,157,610,0,5,250,24,0,0,0,0
169,0,1,0,NEGATIVE_PEAK,-7.1091,1.0417,-25,44,38,0.0400,393.47,402.00,56.24,42.18,296.50,266.50,63.00,51.00,0.0000,166.62,0,0,0.0000,NOT_RUN,0,161,689,0,5,250,25,0,0,0,0
170,0,1,0,NEGATIVE_PEAK,-6.0215,1.0000,-20,41,51,0.3500,393.47,402.00,56.24,42.18,296.00,266.50,62.00,53.00,0.0000,166.91,0,0,0.0000,NOT_RUN,0,140,739,0,5,250,20,0,0,0,0
171,0,1,0,NEGATIVE_PEAK,-6.3345,1.0588,-18,45,49,0.2222,393.47,402.00,56.24,42.18,299.00,268.50,50.00,45.00,0.0000,163.54,0,0,0.0000,NOT_RUN,0,118,702,0,5,250,18,0,0,0,0
172,0,1,0,NEGATIVE_PEAK,-8.2250,1.3043,-30,45,33,0.2000,393.47,402.00,56.24,42.18,295.50,264.00,63.00,52.00,0.0000,169.24,0,0,0.0000,NOT_RUN,0,154,770,0,5,250,30,0,0,0,0
173,0,1,0,NEGATIVE_PEAK,-8.3817,1.1220,-46,36,46,0.1522,393.47,402.00,56.24,42.18,292.00,261.50,62.00,51.00,0.0000,173.31,0,0,0.0000,NOT_RUN,0,254,576,0,5,250,46,0,0,0,0
174,0,1,0,NEGATIVE_PEAK,-8.9154,1.0000,-48,40,35,0.1875,393.47,402.00,56.24,42.18,295.50,261.00,63.00,52.00,0.0000,171.69,0,0,0.0000,NOT_RUN,0,256,633,0,5,250,48,0,0,0,0
175,0,1,0,NEGATIVE_PEAK,-7.1654,1.0189,-54,38,33,0.0926,393.47,402.00,56.24,42.18,289.00,261.50,64.00,51.00,0.0000,175.08,0,0,0.0000,NOT_RUN,0,375,581,0,5,250,54,0,0,0,0
176,0,1,0,LOW_PSR,6.3140,1.0196,52,35,31,0.0962,393.47,402.00,56.24,42.18,295.00,262.50,64.00,51.00,0.0000,170.75,0,0,0.0000,NOT_RUN,0,381,800,0,5,250,52,0,0,0,0
177,0,1,0,NEGATIVE_PEAK,-6.1220,1.0185,-55,45,20,0.4364,393.47,402.00,56.24,42.18,295.00,263.00,64.00,52.00,0.0000,170.34,0,0,0.0000,NOT_RUN,0,450,396,0,5,250,55,0,0,0,0
178,0,1,0,NEGATIVE_PEAK,-6.5351,1.0000,-52,34,49,0.3077,393.47,402.00,56.24,42.18,295.00,265.00,64.00,52.00,0.0000,168.72,0,0,0.0000,NOT_RUN,0,424,878,0,5,250,52,0,0,0,0
179,0,1,0,LOW_PSR,6.9134,1.2195,50,-11,1,0.1200,393.47,402.00,56.24,42.18,296.00,266.00,62.00,50.00,0.0000,167.32,0,0,0.0000,NOT_RUN,0,362,606,0,5,250,50,0,0,0,0
180,0,1,0,NEGATIVE_PEAK,-6.8940,1.0588,-36,47,22,0.2222,393.47,402.00,56.24,42.18,296.00,267.00,62.00,52.00,0.0000,166.51,0,0,0.0000,NOT_RUN,0,265,742,0,5,250,36,0,0,0,0
181,0,1,0,NEGATIVE_PEAK,-6.8507,1.2000,-36,36,47,0.2500,393.47,402.00,56.24,42.18,294.50,271.00,63.00,56.00,0.0000,164.18,0,0,0.0000,NOT_RUN,0,282,627,0,5,250,36,0,0,0,0
182,0,1,0,NEGATIVE_PEAK,-7.4095,1.1613,-36,41,39,0.0833,393.47,402.00,56.24,42.18,295.50,271.00,63.00,56.00,0.0000,163.58,0,0,0.0000,NOT_RUN,0,275,764,0,5,250,36,0,0,0,0
183,0,1,0,NEGATIVE_PEAK,-5.6960,1.0435,-24,39,47,0.1250,393.47,402.00,56.24,42.18,294.50,273.00,59.00,60.00,0.0000,162.59,0,0,0.0000,NOT_RUN,0,221,590,0,5,250,24,0,0,0,0
184,0,1,0,NEGATIVE_PEAK,-6.7786,1.0400,-26,46,37,0.5385,393.47,402.00,56.24,42.18,298.00,275.00,66.00,54.00,0.0000,158.88,0,0,0.0000,NOT_RUN,0,198,500,0,5,250,26,0,0,0,0
185,0,1,0,NEGATIVE_PEAK,-8.0143,1.3889,-25,47,39,0.3200,393.47,402.00,56.24,42.18,300.50,277.50,57.00,49.00,0.0000,155.38,0,0,0.0000,NOT_RUN,0,142,700,0,5,250,25,0,0,0,0
186,0,1,0,LOW_PSR,6.3251,1.0000,18,43,37,0.3333,393.47,402.00,56.24,42.18,295.00,276.50,64.00,53.00,0.0000,159.52,0,0,0.0000,NOT_RUN,0,137,629,0,5,250,18,0,0,0,0
187,0,1,0,NEGATIVE_PEAK,-5.6323,1.0714,-15,37,25,0.2667,393.47,402.00,56.24,42.18,293.50,276.00,55.00,52.00,0.0000,160.84,0,0,0.0000,NOT_RUN,0,122,850,0,5,250,15,0,0,0,0
188,0,1,0,NEGATIVE_PEAK,-6.1930,1.0000,-16,27,37,0.3750,393.47,402.00,56.24,42.18,295.50,278.00,51.00,50.00,0.0000,158.03,0,0,0.0000,NOT_RUN,0,145,859,0,5,250,16,0,0,0,0
189,0,1,0,NEGATIVE_PEAK,-6.5989,1.1429,-16,35,10,0.1875,393.47,402.00,56.24,42.18,294.50,283.00,49.00,50.00,0.0000,154.78,0,0,0.0000,NOT_RUN,0,117,654,0,5,250,16,0,0,0,0
190,0,1,0,NEGATIVE_PEAK,-8.0125,1.2857,-18,37,14,0.1667,393.47,402.00,56.24,42.18,294.50,285.50,59.00,53.00,0.0000,152.86,0,0,0.0000,NOT_RUN,0,105,840,0,5,250,18,0,0,0,0
191,0,1,0,LOW_PSR,5.6055,1.0909,12,3,1,0.1667,393.47,402.00,56.24,42.18,293.50,285.00,61.00,50.00,0.0000,153.89,0,0,0.0000,NOT_RUN,0,108,833,0,5,250,13,0,0,0,0
192,0,1,0,NEGATIVE_PEAK,-5.5045,1.0909,-12,34,25,0.4167,393.47,402.00,56.24,42.18,293.50,285.50,59.00,51.00,0.0000,153.51,0,0,0.0000,NOT_RUN,0,93,801,0,5,250,12,0,0,0,0
193,0,1,0,NEGATIVE_PEAK,-5.4493,1.0000,-11,36,29,0.5455,393.47,402.00,56.24,42.18,294.00,286.50,56.00,51.00,0.0000,152.43,0,0,0.0000,NOT_RUN,0,93,959,0,5,250,11,0,0,0,0
194,0,1,0,LOW_PSR,6.8404,1.3333,12,21,13,0.5833,393.47,402.00,56.24,42.18,293.50,288.50,59.00,53.00,0.0000,151.25,0,0,0.0000,NOT_RUN,0,83,960,0,5,250,12,0,0,0,0
195,0,1,1,ACCEPT,8.4275,1.5000,15,23,13,0.4000,413.59,410.53,56.24,42.18,292.50,289.00,61.00,52.00,0.0000,171.56,1,0,2.8772,ACCEPT,0,84,838,6841,5,250,15,0,0,0,0
196,0,1,0,NEGATIVE_PEAK,-6.8575,1.2353,-42,42,23,0.0952,413.59,410.53,56.24,42.18,295.00,289.00,64.00,52.00,0.0000,169.81,0,0,0.0000,NOT_RUN,0,342,598,0,5,250,42,0,0,0,0
197,0,1,0,NEGATIVE_PEAK,-7.8829,1.1136,-49,36,38,0.1633,413.59,410.53,56.24,42.18,296.00,290.00,56.00,48.00,0.0000,168.39,0,0,0.0000,NOT_RUN,0,374,848,0,5,250,49,0,0,0,0
198,0,1,0,NEGATIVE_PEAK,-5.7938,1.0286,-36,34,47,0.1944,413.59,410.53,56.24,42.18,293.50,291.00,43.00,42.00,0.0000,169.44,0,0,0.0000,NOT_RUN,0,379,605,0,5,250,36,0,0,0,0
199,0,1,0,NEGATIVE_PEAK,-9.7142,1.4048,-59,36,36,0.1864,413.59,410.53,56.24,42.18,291.50,291.00,57.00,50.00,0.0000,170.86,0,0,0.0000,NOT_RUN,0,354,654,0,5,250,59,0,0,0,0
200,0,1,0,NEGATIVE_PEAK,-10.8048,1.5128,-59,37,36,0.0678,413.59,410.53,56.24,42.18,292.00,292.00,58.00,48.00,0.0000,169.81,0,0,0.0000,NOT_RUN,0,298,574,0,5,250,59,0,0,0,0
201,0,1,0,LOW_PSR,6.4893,1.0000,34,36,30,0.2353,413.59,410.53,56.24,42.18,294.50,291.00,61.00,50.00,0.0000,168.73,0,0,0.0000,NOT_RUN,0,293,717,0,5,250,34,0,0,0,0
202,0,1,0,NEGATIVE_PEAK,-5.7568,1.1143,-39,34,47,0.1538,413.59,410.53,56.24,42.18,290.00,289.00,56.00,48.00,0.0000,173.34,0,0,0.0000,NOT_RUN,0,369,738,0,5,250,39,0,0,0,0
203,0,1,0,NEGATIVE_PEAK,-5.7234,1.2286,-43,-6,-2,0.0930,413.59,410.53,56.24,42.18,293.00,291.50,58.00,47.00,0.0000,169.44,0,0,0.0000,NOT_RUN,0,422,1519,0,5,250,43,0,0,0,0
204,0,1,0,NEGATIVE_PEAK,-6.7759,1.0294,-70,18,23,0.3857,413.59,410.53,56.24,42.18,291.50,291.50,59.00,49.00,0.0000,170.51,0,0,0.0000,NOT_RUN,0,579,1419,0,5,250,70,0,0,0,0
205,0,1,0,NEGATIVE_PEAK,-7.3487,1.0469,-67,24,22,0.0448,413.59,410.53,56.24,42.18,293.00,294.50,58.00,49.00,0.0000,167.35,0,0,0.0000,NOT_RUN,0,490,670,0,5,250,67,0,0,0,0
206,0,1,0,NEGATIVE_PEAK,-5.6071,1.0789,-41,18,23,0.2439,413.59,410.53,56.24,42.18,293.00,293.50,58.00,49.00,0.0000,168.05,0,0,0.0000,NOT_RUN,0,412,1209,0,5,250,41,0,0,0,0
207,0,1,0,LOW_PSR,6.2376,1.1667,28,-13,12,0.1786,413.59,410.53,56.24,42.18,294.50,296.00,57.00,48.00,0.0000,165.23,0,0,0.0000,NOT_RUN,0,196,514,0,5,250,28,0,0,0,0
208,0,1,0,NEGATIVE_PEAK,-5.1440,1.0667,-16,46,47,0.6875,413.59,410.53,56.24,42.18,295.00,298.00,58.00,44.00,0.0000,163.49,0,0,0.0000,NOT_RUN,0,150,359,0,5,250,16,0,0,0,0
209,0,1,0,NEGATIVE_PEAK,-5.6426,1.2727,-14,16,40,0.2143,413.59,410.53,56.24,42.18,298.50,297.00,59.00,48.00,0.0000,161.67,0,0,0.0000,NOT_RUN,0,106,541,0,5,250,14,0,0,0,0
210,0,1,0,NEGATIVE_PEAK,-6.1643,1.2500,-15,21,35,0.1333,413.59,410.53,56.24,42.18,299.00,297.00,44.00,44.00,0.0000,161.31,0,0,0.0000,NOT_RUN,0,97,386,0,5,250,15,0,0,0,0
211,0,1,0,NEGATIVE_PEAK,-5.0182,1.1000,-11,33,0,0.3636,413.59,410.53,56.24,42.18,300.50,295.00,53.00,46.00,0.0000,161.67,0,0,0.0000,NOT_RUN,0,95,342,0,5,250,11,0,0,0,0
212,0,1,0,LOW_PSR,5.3451,1.0000,11,23,12,0.7273,413.59,410.53,56.24,42.18,297.50,295.00,53.00,48.00,0.0000,163.78,0,0,0.0000,NOT_RUN,0,102,382,0,5,250,11,0,0,0,0
213,0,1,0,NEGATIVE_PEAK,-5.7035,1.2500,-10,11,32,0.3000,413.59,410.53,56.24,42.18,301.00,294.50,50.00,47.00,0.0000,161.68,0,0,0.0000,NOT_RUN,0,63,799,0,5,250,10,0,0,0,0
214,0,1,0,NEGATIVE_PEAK,-7.2584,1.1818,-13,-1,11,0.3846,413.59,410.53,56.24,42.18,299.00,296.00,50.00,46.00,0.0000,162.02,0,0,0.0000,NOT_RUN,0,57,739,0,5,250,13,0,0,0,0
215,0,1,0,NEGATIVE_PEAK,-7.5150,1.4444,-13,29,35,0.2308,413.59,410.53,56.24,42.18,298.00,293.00,52.00,50.00,0.0000,164.85,0,0,0.0000,NOT_RUN,0,72,618,0,5,250,13,0,0,0,0
216,0,1,0,NEGATIVE_PEAK,-5.3984,1.1111,-10,31,36,0.6000,413.59,410.53,56.24,42.18,301.00,294.00,56.00,52.00,0.0000,162.04,0,0,0.0000,NOT_RUN,0,86,550,0,5,250,10,0,0,0,0
217,0,1,0,NEGATIVE_PEAK,-6.2199,1.3333,-12,12,0,0.2500,413.59,410.53,56.24,42.18,300.50,292.00,59.00,48.00,0.0000,163.83,0,0,0.0000,NOT_RUN,0,103,453,0,5,250,13,0,0,0,0
218,0,1,0,NEGATIVE_PEAK,-7.4521,1.0000,-13,29,24,0.3846,413.59,410.53,56.24,42.18,299.50,293.50,55.00,47.00,0.0000,163.44,0,0,0.0000,NOT_RUN,0,77,474,0,5,250,13,0,0,0,0
219,0,1,0,NEGATIVE_PEAK,-5.4610,1.0000,-9,1,12,0.5556,413.59,410.53,56.24,42.18,301.50,296.00,59.00,48.00,0.0000,160.26,0,0,0.0000,NOT_RUN,0,66,505,0,5,250,9,0,0,0,0
220,0,1,0,NEGATIVE_PEAK,-5.7886,1.1538,-15,49,33,0.5333,413.59,410.53,56.24,42.18,295.50,295.00,57.00,48.00,0.0000,165.21,0,0,0.0000,NOT_RUN,0,158,461,0,5,250,15,0,0,0,0
221,0,1,0,NEGATIVE_PEAK,-5.9630,1.0667,-16,51,27,0.2500,413.59,410.53,56.24,42.18,295.00,298.00,52.00,50.00,0.0000,163.49,0,0,0.0000,NOT_RUN,0,137,562,0,5,250,16,0,0,0,0
222,0,1,0,NEGATIVE_PEAK,-6.9679,1.1333,-17,49,45,0.1765,413.59,410.53,56.24,42.18,297.00,296.50,60.00,47.00,0.0000,163.09,0,0,0.0000,NOT_RUN,0,137,821,0,5,250,17,0,0,0,0
223,0,1,0,NEGATIVE_PEAK,-6.8881,1.0000,-17,49,45,0.2941,413.59,410.53,56.24,42.18,292.50,296.50,57.00,51.00,0.0000,166.33,0,0,0.0000,NOT_RUN,0,157,900,0,5,250,17,0,0,0,0
224,0,1,0,NEGATIVE_PEAK,-6.8269,1.0667,-16,52,33,0.5625,413.59,410.53,56.24,42.18,292.50,296.50,57.00,47.00,0.0000,166.33,0,0,0.0000,NOT_RUN,0,143,930,0,5,250,16,0,0,0,0
225,0,1,0,NEGATIVE_PEAK,-7.9571,1.2778,-23,52,18,0.5652,413.59,410.53,56.24,42.18,291.00,298.00,50.00,42.00,0.0000,166.41,0,0,0.0000,NOT_RUN,0,169,932,0,5,250,23,0,0,0,0
226,0,1,0,NEGATIVE_PEAK,-7.5819,1.2667,-19,49,37,0.4737,413.59,410.53,56.24,42.18,291.50,296.00,53.00,48.00,0.0000,167.40,0,0,0.0000,NOT_RUN,0,153,895,0,5,250,19,0,0,0,0
227,0,1,0,NEGATIVE_PEAK,-8.1401,1.3125,-21,51,34,0.3333,413.59,410.53,56.24,42.18,291.00,298.00,56.00,52.00,0.0000,166.41,0,0,0.0000,NOT_RUN,0,146,833,0,5,250,21,0,0,0,0
228,0,1,0,NEGATIVE_PEAK,-7.7723,1.1053,-21,52,23,0.2857,413.59,410.53,56.24,42.18,295.00,298.00,46.00,46.00,0.0000,163.49,0,0,0.0000,NOT_RUN,0,146,829,0,5,250,21,0,0,0,0
229,0,1,0,NEGATIVE_PEAK,-7.6021,1.1538,-30,-15,-1,0.3333,413.59,410.53,56.24,42.18,293.00,297.50,48.00,45.00,0.0000,165.28,0,0,0.0000,NOT_RUN,0,224,789,0,5,250,30,0,0,0,0
230,0,1,1,ACCEPT,7.2903,1.2963,35,1,21,0.1429,414.47,424.31,58.49,43.87,294.50,299.50,53.00,47.00,0.0000,173.12,1,1,2.7882,ACCEPT,0,304,1600,10835,5,250,35,0,0,0,0
231,0,1,0,NEGATIVE_PEAK,-7.0662,1.0741,-58,6,16,0.1379,414.47,424.31,58.49,43.87,296.00,298.00,54.00,44.00,0.0000,173.18,0,0,0.0000,NOT_RUN,0,430,1807,0,5,250,58,0,0,0,0
232,0,1,0,NEGATIVE_PEAK,-9.0884,1.4808,-77,4,28,0.1169,414.47,424.31,58.49,43.87,293.50,298.50,43.00,41.00,0.0000,174.53,0,0,0.0000,NOT_RUN,0,480,1717,0,5,250,77,0,0,0,0
233,0,1,0,LOW_PSR,6.4853,1.1667,42,-2,1,0.6905,414.47,424.31,58.49,43.87,292.00,297.50,58.00,49.00,0.0000,176.30,0,0,0.0000,NOT_RUN,0,321,1965,0,5,250,42,0,0,0,0
234,0,1,0,LOW_PSR,5.2045,1.0333,31,0,8,0.2581,414.47,424.31,58.49,43.87,291.00,298.50,54.00,43.00,0.0000,176.28,0,0,0.0000,NOT_RUN,0,340,1421,0,5,250,31,0,0,0,0
235,0,1,0,NEGATIVE_PEAK,-7.2073,1.0714,-30,49,17,0.0333,414.47,424.31,58.49,43.87,290.50,298.00,55.00,44.00,0.0000,176.98,0,0,0.0000,NOT_RUN,0,201,631,0,5,250,30,0,0,0,0
236,0,1,0,NEGATIVE_PEAK,-6.4570,1.1905,-25,46,28,0.1200,414.47,424.31,58.49,43.87,290.00,299.50,56.00,43.00,0.0000,176.27,0,0,0.0000,NOT_RUN,0,196,570,0,5,250,25,0,0,0,0
237,0,1,0,NEGATIVE_PEAK,-8.9205,1.0541,-39,48,17,0.0513,414.47,424.31,58.49,43.87,286.00,298.00,48.00,46.00,0.0000,180.16,0,0,0.0000,NOT_RUN,0,225,604,0,5,250,39,0,0,0,0
238,0,1,0,NEGATIVE_PEAK,-7.4253,1.2963,-35,43,29,0.2000,414.47,424.31,58.49,43.87,286.00,298.00,52.00,52.00,0.0000,180.16,0,0,0.0000,NOT_RUN,0,237,600,0,5,250,35,0,0,0,0
239,0,1,0,NEGATIVE_PEAK,-8.0343,1.0000,-46,40,39,0.2174,414.47,424.31,58.49,43.87,284.50,299.00,57.00,52.00,0.0000,180.54,0,0,0.0000,NOT_RUN,0,304,647,0,5,250,46,0,0,0,0
240,0,1,0,NEGATIVE_PEAK,-7.2021,1.5652,-36,40,37,0.2222,414.47,424.31,58.49,43.87,286.00,301.50,52.00,49.00,0.0000,177.73,0,0,0.0000,NOT_RUN,0,272,428,0,5,250,36,0,0,0,0
241,0,1,0,NEGATIVE_PEAK,-7.4666,1.0750,-43,40,31,0.2093,414.47,424.31,58.49,43.87,285.00,303.50,52.00,47.00,0.0000,177.08,0,0,0.0000,NOT_RUN,0,331,459,0,5,250,43,0,0,0,0
242,0,1,0,NEGATIVE_PEAK,-5.1427,1.0667,-32,41,19,0.2500,414.47,424.31,58.49,43.87,282.00,304.00,56.00,48.00,0.0000,178.95,0,0,0.0000,NOT_RUN,0,361,404,0,5,250,32,0,0,0,0
243,0,1,0,NEGATIVE_PEAK,-7.6280,1.3750,-55,39,11,0.1636,414.47,424.31,58.49,43.87,279.50,304.00,55.00,46.00,0.0000,180.81,0,0,0.0000,NOT_RUN,0,402,445,0,5,250,55,0,0,0,0
244,0,1,1,ACCEPT,7.1154,1.0526,60,27,23,0.1167,439.15,440.12,58.49,43.87,276.50,305.00,57.00,48.00,0.0000,211.46,1,0,2.9931,ACCEPT,0,505,621,21119,5,250,60,0,0,0,0
245,0,1,1,ACCEPT,7.7558,1.0385,108,8,-1,0.4815,446.46,439.44,58.49,43.87,275.00,305.00,54.00,44.00,0.0000,217.88,1,-9,1.2344,MAX_STEP,0,784,1923,20370,5,250,108,0,0,0,0
246,0,1,0,NEGATIVE_PEAK,-8.7093,1.0761,-99,7,31,0.2626,446.46,439.44,58.49,43.87,273.00,305.50,54.00,47.00,0.0000,219.15,0,0,0.0000,NOT_RUN,0,367,2259,0,5,250,99,0,0,0,0
247,0,1,0,NEGATIVE_PEAK,-9.3060,1.1413,-105,7,31,0.0190,446.46,439.44,58.49,43.87,275.50,306.50,55.00,49.00,0.0000,216.56,0,0,0.0000,NOT_RUN,0,417,2143,0,5,250,105,0,0,0,0
248,0,1,0,NEGATIVE_PEAK,-10.1962,1.3924,-110,5,31,0.2636,446.46,439.44,58.49,43.87,273.50,305.00,55.00,46.00,0.0000,219.06,0,0,0.0000,NOT_RUN,0,377,2043,0,5,250,110,0,0,0,0
249,0,1,0,NEGATIVE_PEAK,-7.5208,1.0519,-81,7,18,0.1481,446.46,439.44,58.49,43.87,272.00,303.00,52.00,52.00,0.0000,221.48,0,0,0.0000,NOT_RUN,0,368,1820,0,5,250,81,0,0,0,0
250,0,1,1,ACCEPT,8.3097,1.1169,86,-7,3,0.6744,440.06,441.50,58.49,43.87,273.50,308.00,41.00,46.00,0.0000,213.46,1,-1,1.2082,LOW_CONF,0,404,1749,19916,5,250,86,0,0,0,0
0,0,0,0,ZERO_RESPONSE,0.0000,0.0000,0,0,0,0.0000,255.00,374.00,40.00,38.00,255.00,374.00,40.00,38.00,1.0000,0.00,1,0,0.0000,NOT_RUN,0,0,1842,6438,6,340,0,0,0,0,0
1,0,1,1,ACCEPT,34.7412,3.6154,94,1,-1,0.8404,255.62,373.41,40.00,38.00,251.50,374.50,31.00,35.00,0.7138,4.27,1,0,3.2917,ACCEPT,0,134,1376,10120,6,340,94,0,0,0,0
2,0,1,1,ACCEPT,25.0513,3.6429,102,2,1,0.7255,256.88,374.00,40.00,38.00,0.00,0.00,0.00,0.00,0.0000,453.72,1,0,3.1441,ACCEPT,0,178,858,7968,6,340,102,0,0,0,0
3,0,1,1,ACCEPT,16.7929,1.8721,161,0,2,0.6273,256.88,375.19,40.00,38.00,254.50,374.50,35.00,43.00,0.7847,2.47,1,0,3.3584,ACCEPT,0,268,3374,8008,6,340,161,0,0,0,0
4,0,1,1,ACCEPT,15.2818,2.3010,237,1,0,0.9241,257.50,375.19,40.00,38.00,256.50,374.50,29.00,37.00,0.6998,1.21,1,0,3.2393,ACCEPT,0,377,2507,7196,6,340,237,0,0,0,0
5,0,1,1,ACCEPT,17.9286,2.6265,218,1,2,0.5734,258.12,376.38,40.00,38.00,258.00,374.50,28.00,39.00,0.6464,1.88,1,0,3.2273,ACCEPT,0,377,2824,5703,6,340,218,0,0,0,0
6,0,1,1,ACCEPT,17.0753,2.5974,200,1,0,0.9550,258.75,376.38,40.00,38.00,255.50,374.50,31.00,41.00,0.7179,3.75,1,0,3.2109,ACCEPT,0,347,2382,6661,6,340,200,0,0,0,0
7,0,1,1,ACCEPT,21.9902,2.7143,266,-3,1,0.5677,256.88,376.97,40.00,38.00,255.50,377.00,33.00,48.00,0.6778,1.38,1,0,3.2065,ACCEPT,0,379,2391,5970,6,340,266,0,0,0,0
8,0,1,1,ACCEPT,27.7428,3.1546,306,0,-1,0.9412,256.88,376.38,40.00,38.00,255.50,379.50,35.00,39.00,0.7518,3.41,1,0,3.2429,ACCEPT,0,390,2278,4518,6,340,306,0,0,0,0
9,0,1,1,ACCEPT,28.5250,4.0882,278,1,2,0.6583,257.50,377.56,40.00,38.00,255.50,378.50,39.00,41.00,0.8412,2.21,1,0,3.2495,ACCEPT,0,373,2869,4486,6,340,278,0,0,0,0
10,0,1,1,ACCEPT,27.8483,2.4331,309,2,1,0.6117,258.75,378.16,40.00,38.00,257.50,379.50,41.00,41.00,0.8725,1.84,1,0,3.1625,ACCEPT,0,303,2403,6102,6,340,309,0,0,0,0
11,0,1,1,ACCEPT,25.5560,2.2992,292,0,6,0.1301,258.75,381.72,40.00,38.00,257.00,381.00,40.00,40.00,0.8722,1.89,1,0,3.1885,ACCEPT,0,414,2869,4656,6,340,292,0,0,0,0
12,0,1,1,ACCEPT,24.2333,1.8729,221,-3,8,0.2217,256.88,386.47,40.00,38.00,253.00,387.50,44.00,39.00,0.7903,4.01,1,0,3.1462,ACCEPT,0,356,2779,4089,6,340,221,0,0,0,0
13,0,1,1,ACCEPT,15.6227,1.5070,107,-11,20,0.0841,250.00,398.34,40.00,38.00,248.50,403.00,39.00,38.00,0.7303,4.89,1,0,3.1471,ACCEPT,0,288,2285,4429,6,340,107,0,0,0,0
14,0,1,1,ACCEPT,31.3455,2.3882,406,-1,7,0.0788,249.38,402.50,40.00,38.00,252.00,404.00,44.00,38.00,0.8190,3.02,1,0,3.2090,ACCEPT,0,338,2023,10435,6,340,406,0,0,0,0
15,0,1,1,ACCEPT,30.3351,2.3310,655,5,-5,0.1603,252.50,399.53,41.60,39.52,249.50,401.50,39.00,37.00,0.7809,3.59,1,1,3.1473,ACCEPT,0,581,1779,12375,6,340,655,0,0,0,0
16,0,1,1,ACCEPT,10.9791,1.9467,146,-2,1,0.8151,251.20,400.15,40.00,38.00,0.00,0.00,0.00,0.00,0.0000,472.46,1,-1,2.9729,ACCEPT,0,704,816,15791,6,340,146,0,0,0,0
17,0,1,1,ACCEPT,18.5025,2.3182,306,1,0,0.9641,251.83,400.15,40.00,38.00,247.50,401.00,47.00,40.00,0.7787,4.41,1,0,3.1527,ACCEPT,0,712,1585,7887,6,340,306,0,0,0,0
18,0,1,1,ACCEPT,18.2432,1.7684,313,2,2,0.4217,253.08,401.34,40.00,38.00,254.00,401.00,50.00,40.00,0.7600,0.98,1,0,3.1485,ACCEPT,0,547,2248,6747,6,340,313,0,0,0,0
19,0,1,1,ACCEPT,16.7150,1.7021,320,0,-2,0.6719,253.08,400.15,40.00,38.00,250.00,401.00,52.00,36.00,0.7377,3.19,1,0,3.0743,ACCEPT,0,626,2369,6152,6,340,320,0,0,0,0
20,0,1,1,ACCEPT,22.9494,1.7818,490,5,-2,0.2469,256.20,398.96,40.00,38.00,258.00,401.00,46.00,36.00,0.7867,2.72,1,0,3.1378,ACCEPT,0,602,2080,6951,6,340,490,0,0,0,0
21,0,1,1,ACCEPT,26.9953,2.1823,443,0,1,0.8826,256.20,399.55,40.00,38.00,257.00,401.50,44.00,37.00,0.8241,2.10,1,0,3.0870,ACCEPT,0,544,2297,6062,6,340,443,0,0,0,0
22,0,1,1,ACCEPT,31.1809,2.8487,433,1,0,0.9122,256.83,399.55,40.00,38.00,257.00,400.50,46.00,37.00,0.8309,0.96,1,0,3.1368,ACCEPT,0,493,2087,6864,6,340,433,0,0,0,0
23,0,1,1,ACCEPT,29.6138,2.3932,493,-2,-2,0.6694,255.58,398.37,40.00,38.00,253.50,400.00,43.00,38.00,0.8334,2.64,1,0,3.0699,ACCEPT,0,470,1698,10990,6,340,493,0,0,0,0
24,0,1,1,ACCEPT,36.6915,3.0808,610,-2,4,0.1836,254.33,400.74,40.00,38.00,257.00,400.50,48.00,37.00,0.8150,2.68,1,0,3.0696,ACCEPT,0,559,1603,10864,6,340,610,0,0,0,0
25,0,1,1,ACCEPT,35.0205,3.1755,597,0,-1,0.8342,254.33,400.15,40.00,38.00,256.50,400.00,49.00,38.00,0.8106,2.18,1,0,3.1523,ACCEPT,0,633,1683,12318,6,340,597,0,0,0,0
26,0,1,1,ACCEPT,38.2367,2.6536,743,3,-2,0.3674,256.20,398.96,40.00,38.00,258.00,401.00,52.00,36.00,0.7015,2.72,1,0,3.0861,ACCEPT,0,654,1620,11026,6,340,743,0,0,0,0
27,0,1,1,ACCEPT,39.6367,2.6758,685,0,-1,0.9139,256.20,398.37,40.00,38.00,257.50,398.00,53.00,38.00,0.7420,1.35,1,0,3.1237,ACCEPT,0,607,1631,11199,6,340,685,0,0,0,0
28,0,1,1,ACCEPT,42.3659,3.3732,705,-1,2,0.5730,255.58,399.55,40.00,38.00,256.00,400.00,50.00,38.00,0.7833,0.61,1,0,3.0850,ACCEPT,0,583,1580,9865,6,340,705,0,0,0,0
29,0,1,1,ACCEPT,35.6898,1.8805,299,-3,0,0.6957,253.70,399.55,40.00,38.00,253.50,400.50,45.00,37.00,0.8487,0.97,1,0,3.0572,ACCEPT,0,320,1131,12569,6,340,299,0,0,0,0
30,0,1,1,ACCEPT,29.8144,2.6761,570,-2,-1,0.6684,252.45,398.96,40.00,38.00,255.00,403.00,32.00,34.00,0.6452,4.77,1,0,3.0935,ACCEPT,0,741,1334,9264,6,340,570,0,0,0,0
31,0,1,1,ACCEPT,42.5014,3.6592,816,2,5,0.0319,253.70,401.93,40.00,38.00,252.00,401.50,46.00,39.00,0.8473,1.76,1,0,3.1649,ACCEPT,0,741,1819,11244,6,340,816,0,0,0,0
32,0,1,1,ACCEPT,38.3130,2.6423,938,-2,1,0.6098,252.45,402.52,40.00,38.00,250.50,403.50,41.00,39.00,0.8648,2.18,1,0,3.0529,ACCEPT,0,819,2076,10759,6,340,938,0,0,0,0
33,0,1,1,ACCEPT,40.7820,5.0881,982,1,0,0.8564,253.08,402.52,40.00,38.00,254.00,402.50,44.00,39.00,0.8858,0.92,1,0,3.0984,ACCEPT,0,896,1804,11438,6,340,982,0,0,0,0
34,0,1,1,ACCEPT,33.9755,4.7171,967,1,-1,0.7373,253.70,401.93,40.00,38.00,254.50,403.00,37.00,40.00,0.8790,1.33,1,0,3.0392,ACCEPT,0,902,1693,12654,6,340,967,0,0,0,0
35,0,1,1,ACCEPT,33.4787,3.4071,954,1,1,0.8302,254.33,402.52,40.00,38.00,257.50,403.50,47.00,39.00,0.8104,3.32,1,0,3.0676,ACCEPT,0,989,1769,13162,6,340,954,0,0,0,0
36,0,1,1,ACCEPT,27.5782,3.0066,914,2,-3,0.4409,255.58,400.74,40.00,38.00,257.50,398.50,53.00,43.00,0.6670,2.95,1,0,3.0603,ACCEPT,0,997,1866,13503,6,340,914,0,0,0,0
37,0,1,1,ACCEPT,32.0851,3.8139,1045,-1,-1,0.8086,254.95,400.15,40.00,38.00,258.00,397.50,48.00,43.00,0.7315,4.04,1,0,3.0156,ACCEPT,0,957,1813,14134,6,340,1045,0,0,0,0
38,0,1,1,ACCEPT,36.6646,3.7515,1223,1,0,0.9321,255.58,400.15,40.00,38.00,256.00,401.00,46.00,34.00,0.7889,0.95,1,0,3.0958,ACCEPT,0,997,1606,17398,6,340,1223,0,0,0,0
39,0,1,1,ACCEPT,36.9474,4.1529,1304,0,0,1.0000,255.58,400.15,40.00,38.00,257.00,400.50,46.00,39.00,0.8473,1.46,1,0,3.0868,ACCEPT,0,1164,1848,15738,6,340,1304,0,0,0,0
40,0,1,1,ACCEPT,42.4284,3.6440,1341,1,-2,0.5988,256.20,398.96,40.00,38.00,257.50,399.00,49.00,38.00,0.8148,1.30,1,0,3.1105,ACCEPT,0,1195,1809,12045,6,340,1341,0,0,0,0
41,0,1,1,ACCEPT,45.7645,4.4036,1211,2,0,0.6614,257.45,398.96,40.00,38.00,259.50,398.00,49.00,38.00,0.7796,2.26,1,0,3.1241,ACCEPT,0,993,1953,10690,6,340,1211,0,0,0,0
42,0,1,1,ACCEPT,43.6085,3.5905,1131,0,0,1.0000,257.45,398.96,40.00,38.00,260.50,393.00,47.00,50.00,0.6468,6.69,1,0,3.0505,ACCEPT,0,997,2554,10858,6,340,1131,0,0,0,0
43,0,1,1,ACCEPT,20.4085,1.3621,489,2,-5,0.1207,258.70,395.99,40.00,38.00,259.00,396.00,48.00,48.00,0.6597,0.30,1,0,3.1337,ACCEPT,0,788,1294,12840,6,340,489,0,0,0,0
44,0,1,1,ACCEPT,19.5252,2.1818,624,2,-2,0.5353,259.95,394.80,40.00,38.00,259.50,393.50,45.00,51.00,0.6623,1.38,1,0,3.0099,ACCEPT,0,926,5763,8453,6,340,624,0,0,0,0
45,0,1,1,ACCEPT,17.1101,1.3375,852,1,-3,0.4202,260.58,393.02,40.00,38.00,259.50,391.50,41.00,49.00,0.7376,1.87,1,0,2.9724,ACCEPT,0,1301,13112,4576,6,340,852,0,0,0,0
46,0,1,1,ACCEPT,17.9604,2.3859,711,-2,-4,0.0534,259.33,390.65,40.00,38.00,261.50,391.00,47.00,50.00,0.6468,2.20,1,0,2.9806,ACCEPT,0,1103,12165,3263,6,340,711,0,0,0,0
47,0,1,1,ACCEPT,19.4216,2.2727,600,2,-6,0.0400,260.58,387.09,40.00,38.00,260.00,387.50,44.00,49.00,0.7050,0.71,1,0,3.0410,ACCEPT,0,852,10255,3320,6,340,600,0,0,0,0
48,0,1,1,ACCEPT,21.7379,2.6604,564,-2,-3,0.3901,259.33,385.30,40.00,38.00,259.00,384.00,42.00,50.00,0.7238,1.35,1,0,3.0484,ACCEPT,0,642,5717,5349,6,340,564,0,0,0,0
49,0,1,1,ACCEPT,29.5931,3.3143,812,0,-3,0.2882,259.33,383.52,40.00,38.00,260.00,379.50,44.00,45.00,0.7492,4.08,1,0,3.0859,ACCEPT,0,938,1580,8228,6,340,812,0,0,0,0
50,0,1,1,ACCEPT,34.3065,2.9719,740,-1,-4,0.1257,258.70,381.15,40.00,38.00,261.00,378.50,44.00,43.00,0.7872,3.51,1,0,3.1268,ACCEPT,0,806,1550,8214,6,340,740,0,0,0,0
51,0,1,1,ACCEPT,35.9672,3.8246,807,-1,0,0.8761,258.08,381.15,40.00,38.00,257.50,379.50,49.00,45.00,0.6893,1.75,1,0,3.0924,ACCEPT,0,799,1652,10140,6,340,807,0,0,0,0
52,0,1,1,ACCEPT,40.0305,4.1522,955,0,-1,0.8251,258.08,380.55,40.00,38.00,262.00,378.00,46.00,40.00,0.7357,4.68,1,0,3.0590,ACCEPT,0,899,1765,9428,6,340,955,0,0,0,0
53,0,1,1,ACCEPT,42.1003,4.1159,852,-1,-3,0.2606,257.45,378.77,40.00,38.00,259.00,378.50,40.00,37.00,0.9021,1.57,1,0,3.1021,ACCEPT,0,771,1774,8794,6,340,852,0,0,0,0
54,0,1,1,ACCEPT,45.8832,4.7143,792,-1,-2,0.5556,256.83,377.59,40.00,38.00,255.00,376.00,50.00,40.00,0.7396,2.42,1,0,3.0950,ACCEPT,0,704,1735,8650,6,340,792,0,0,0,0
55,0,1,1,ACCEPT,43.5627,3.9778,716,-3,-2,0.3156,254.95,376.40,40.00,38.00,254.50,375.00,51.00,40.00,0.7316,1.47,1,0,3.0712,ACCEPT,0,659,1627,9599,6,340,716,0,0,0,0
56,0,1,1,ACCEPT,47.8357,3.5915,589,0,-2,0.5806,254.95,375.21,40.00,38.00,256.50,373.00,45.00,40.00,0.7961,2.70,1,0,3.0602,ACCEPT,0,514,2067,8444,6,340,589,0,0,0,0
57,0,1,1,ACCEPT,35.8075,3.4963,951,2,-5,0.1809,256.20,372.24,40.00,38.00,257.50,373.00,45.00,42.00,0.8042,1.50,1,0,3.1717,ACCEPT,0,980,2641,8836,6,340,951,0,0,0,0
58,0,1,1,ACCEPT,38.1377,5.1724,900,0,-1,0.9444,256.20,371.65,40.00,38.00,252.00,376.00,38.00,40.00,0.6573,6.05,1,0,3.0732,ACCEPT,0,846,2269,8006,6,340,900,0,0,0,0
59,0,1,1,ACCEPT,35.0954,3.4880,729,-2,-2,0.5267,254.95,370.46,40.00,38.00,251.00,373.00,46.00,44.00,0.7202,4.70,1,0,3.0498,ACCEPT,0,747,2953,8205,6,340,729,0,0,0,0
60,0,1,1,ACCEPT,28.1575,3.1240,756,0,0,1.0000,254.95,370.46,40.00,38.00,253.00,370.00,44.00,42.00,0.8225,2.01,1,0,2.9556,ACCEPT,0,968,4607,7753,6,340,756,0,0,0,0
61,0,1,1,ACCEPT,29.2253,4.3333,741,-1,-1,0.9595,254.33,369.87,40.00,38.00,254.50,368.50,45.00,37.00,0.8308,1.38,1,0,2.9820,ACCEPT,0,886,9025,4943,6,340,741,0,0,0,0
62,0,1,1,ACCEPT,24.4474,2.4268,779,3,-2,0.4942,256.20,368.68,40.00,38.00,254.50,367.00,53.00,44.00,0.6518,2.39,1,0,2.9850,ACCEPT,0,883,11437,4058,6,340,779,0,0,0,0
63,0,1,1,ACCEPT,27.0256,2.6237,774,0,-2,0.6615,256.20,367.49,40.00,38.00,255.50,370.00,55.00,40.00,0.6458,2.60,1,0,2.9751,ACCEPT,0,902,11346,3945,6,340,774,0,0,0,0
64,0,1,1,ACCEPT,27.9776,2.9421,915,3,0,0.6186,258.08,367.49,40.00,38.00,257.00,369.50,52.00,39.00,0.6990,2.28,1,0,2.9076,ACCEPT,0,998,10180,4723,6,340,915,0,0,0,0
65,0,1,1,ACCEPT,31.0632,3.7868,977,1,-1,0.7666,258.70,366.90,40.00,38.00,258.00,369.00,38.00,40.00,0.8561,2.22,1,0,2.9329,ACCEPT,0,1028,10389,4421,6,340,977,0,0,0,0
66,0,1,1,ACCEPT,29.8708,3.8276,999,2,-3,0.3403,259.95,365.12,40.00,38.00,258.50,367.50,37.00,35.00,0.8130,2.79,1,0,2.9865,ACCEPT,0,1028,9693,4964,6,340,999,0,0,0,0
67,0,1,1,ACCEPT,29.4953,4.8485,960,-1,-1,0.9510,259.33,364.52,40.00,38.00,261.50,367.50,43.00,39.00,0.7762,3.68,1,0,3.0133,ACCEPT,0,1097,8769,5750,6,340,960,0,0,0,0
68,0,1,1,ACCEPT,38.7310,5.8009,1253,1,1,0.8675,259.95,365.12,40.00,38.00,260.00,368.50,42.00,45.00,0.8042,3.38,1,0,3.0407,ACCEPT,0,1100,6725,6263,6,340,1253,0,0,0,0
69,0,1,1,ACCEPT,40.8868,6.9198,1294,-2,0,0.7720,258.70,365.12,40.00,38.00,257.00,367.00,46.00,50.00,0.6609,2.54,1,0,2.9976,ACCEPT,0,1162,7507,6857,6,340,1294,0,0,0,0
70,0,1,1,ACCEPT,40.0999,5.1296,1267,2,-2,0.3370,259.95,363.93,40.00,38.00,254.00,363.50,46.00,41.00,0.7045,5.97,1,0,3.0569,ACCEPT,0,993,1951,9844,6,340,1267,0,0,0,0
71,0,1,1,ACCEPT,40.0679,6.1755,1161,1,0,0.9509,260.58,363.93,40.00,38.00,259.50,366.50,55.00,47.00,0.5880,2.79,1,0,3.0444,ACCEPT,0,996,3041,6989,6,340,1161,0,0,0,0
72,0,1,1,ACCEPT,40.7608,4.9170,1244,-2,-1,0.5000,259.33,363.34,40.00,38.00,258.50,366.00,53.00,42.00,0.6630,2.79,1,0,3.0711,ACCEPT,0,948,3493,7596,6,340,1244,0,0,0,0
73,0,1,1,ACCEPT,35.3944,5.0616,1068,0,1,0.9485,259.33,363.93,40.00,38.00,259.00,365.00,46.00,36.00,0.8265,1.12,1,0,2.9545,ACCEPT,0,1121,2914,7126,6,340,1068,0,0,0,0
74,0,1,1,ACCEPT,30.7461,4.1355,885,-2,-2,0.6475,258.08,362.74,40.00,38.00,257.50,364.50,45.00,41.00,0.8137,1.85,1,0,3.0996,ACCEPT,0,1004,2508,7045,6,340,885,0,0,0,0
75,0,1,1,ACCEPT,31.4610,4.4335,900,-2,-1,0.7433,256.83,362.15,40.00,38.00,255.50,365.00,43.00,40.00,0.8060,3.15,1,0,3.1272,ACCEPT,0,1057,2354,6940,6,340,900,0,0,0,0
76,0,1,1,ACCEPT,26.2735,3.7895,648,-1,1,0.8503,256.20,362.74,40.00,38.00,257.00,364.50,46.00,41.00,0.7961,1.93,1,0,3.1310,ACCEPT,0,900,2422,6108,6,340,648,0,0,0,0
77,0,1,1,ACCEPT,23.1780,2.9726,434,3,0,0.6728,258.08,362.74,40.00,38.00,257.00,362.50,46.00,41.00,0.8059,1.10,1,0,3.1566,ACCEPT,0,720,5159,4993,6,340,434,0,0,0,0
78,0,1,1,ACCEPT,19.2590,2.2403,289,-3,8,0.0761,256.20,367.49,40.00,38.00,253.00,368.00,46.00,44.00,0.7443,3.24,1,0,3.0909,ACCEPT,0,607,4883,5044,6,340,289,0,0,0,0
79,0,1,1,ACCEPT,24.3009,2.7966,330,-5,7,0.1091,253.08,371.65,40.00,38.00,251.00,371.00,50.00,42.00,0.7238,2.18,1,0,3.0605,ACCEPT,0,523,4587,5483,6,340,330,0,0,0,0
80,0,1,1,ACCEPT,26.1242,2.0552,372,1,0,0.9677,253.70,371.65,40.00,38.00,249.50,373.00,47.00,42.00,0.7464,4.42,1,0,3.1230,ACCEPT,0,583,4995,4721,6,340,372,0,0,0,0
81,0,1,1,ACCEPT,21.2013,2.3626,215,-15,5,0.0512,244.33,374.62,40.00,38.00,239.50,372.00,53.00,54.00,0.5311,5.49,1,0,3.0871,ACCEPT,0,449,4662,4222,6,340,215,0,0,0,0
82,0,1,1,ACCEPT,23.4374,3.3750,324,-10,3,0.0340,238.08,376.40,40.00,38.00,236.00,373.50,54.00,45.00,0.6255,3.57,1,0,3.0823,ACCEPT,0,570,4299,4907,6,340,324,0,0,0,0
83,0,1,1,ACCEPT,21.4315,2.2330,230,-3,-4,0.0957,236.20,374.02,40.00,38.00,234.00,372.50,54.00,49.00,0.5745,2.68,1,0,3.0556,ACCEPT,0,433,6383,3275,6,340,230,0,0,0,0
84,0,1,1,ACCEPT,8.3764,1.2212,127,-1,-11,0.0787,235.58,367.49,40.00,38.00,237.50,362.50,55.00,55.00,0.5025,5.35,1,0,3.0361,ACCEPT,0,554,3785,3522,6,340,127,0,0,0,0
85,0,1,1,ACCEPT,12.0172,1.0747,187,-2,-6,0.4813,234.33,363.93,40.00,38.00,237.00,365.00,58.00,40.00,0.6532,2.88,1,0,3.1543,ACCEPT,0,549,2937,3772,6,340,187,0,0,0,0
86,0,1,1,ACCEPT,14.2736,1.6417,197,-1,1,0.9036,233.70,364.52,40.00,38.00,236.00,367.00,56.00,44.00,0.6169,3.38,1,0,3.1544,ACCEPT,0,492,2575,4061,6,340,197,0,0,0,0
87,0,1,1,ACCEPT,21.5489,2.9592,290,1,-1,0.8241,234.33,363.93,40.00,38.00,238.00,366.00,58.00,42.00,0.6221,4.22,1,0,3.2147,ACCEPT,0,553,2617,4886,6,340,290,0,0,0,0
88,0,1,1,ACCEPT,25.8700,4.0392,412,2,-1,0.8107,235.58,363.34,40.00,38.00,234.50,363.50,51.00,39.00,0.7642,1.09,1,0,3.1267,ACCEPT,0,568,3787,6071,6,340,412,0,0,0,0
89,0,1,1,ACCEPT,26.2522,3.1667,475,0,1,0.9011,235.58,363.93,40.00,38.00,234.50,363.50,53.00,39.00,0.7354,1.16,1,0,3.0794,ACCEPT,0,711,3228,6456,6,340,475,0,0,0,0
90,0,1,1,ACCEPT,26.2047,3.6308,472,-1,-2,0.6314,234.95,362.74,40.00,38.00,235.00,361.50,52.00,39.00,0.7243,1.24,1,0,3.1323,ACCEPT,0,661,3426,6697,6,340,472,0,0,0,0
91,0,1,1,ACCEPT,32.3461,3.5641,556,1,-1,0.8921,235.58,362.15,40.00,38.00,235.50,362.50,57.00,41.00,0.6504,0.36,1,0,3.1304,ACCEPT,0,706,3043,5959,6,340,556,0,0,0,0
92,0,1,1,ACCEPT,31.8813,5.4831,488,1,0,0.9303,236.20,362.15,40.00,38.00,236.50,362.50,53.00,41.00,0.6995,0.46,1,0,3.1516,ACCEPT,0,603,3483,5939,6,340,488,0,0,0,0
93,0,1,1,ACCEPT,35.1345,3.9256,475,2,1,0.8042,237.45,362.74,40.00,38.00,237.00,363.00,54.00,40.00,0.7037,0.52,1,0,3.1366,ACCEPT,0,629,3139,5882,6,340,475,0,0,0,0
94,0,1,1,ACCEPT,37.1670,5.0444,454,1,-2,0.7445,238.08,361.55,40.00,38.00,237.50,362.50,53.00,37.00,0.7243,1.11,1,0,3.1928,ACCEPT,0,524,3502,5580,6,340,454,0,0,0,0
95,0,1,1,ACCEPT,39.9727,4.2034,496,1,0,0.8851,238.70,361.55,40.00,38.00,240.00,361.50,54.00,39.00,0.7217,1.30,1,0,3.1428,ACCEPT,0,476,3152,6081,6,340,496,0,0,0,0
96,0,1,1,ACCEPT,34.6141,5.0909,616,1,-1,0.8490,239.33,360.96,40.00,38.00,242.00,360.50,54.00,41.00,0.6865,2.71,1,0,3.2126,ACCEPT,0,683,2720,6050,6,340,616,0,0,0,0
97,0,1,1,ACCEPT,16.2937,1.8553,295,3,0,0.6136,241.20,360.96,40.00,38.00,229.50,355.50,25.00,31.00,0.3571,12.91,1,0,3.1487,ACCEPT,0,569,3804,6665,6,340,295,0,0,0,0
98,0,1,1,ACCEPT,18.7791,3.1731,330,2,-2,0.6909,242.45,359.77,40.00,38.00,243.50,362.50,55.00,43.00,0.6364,2.92,1,0,3.0965,ACCEPT,0,515,2045,7735,6,340,330,0,0,0,0
99,0,1,1,ACCEPT,23.4154,3.9412,536,4,-1,0.4067,244.95,359.18,40.00,38.00,242.50,360.50,47.00,39.00,0.7971,2.79,1,0,2.9802,ACCEPT,0,758,2356,9217,6,340,536,0,0,0,0
100,0,1,1,ACCEPT,21.8177,3.0909,544,2,0,0.7996,246.20,359.18,40.00,38.00,246.50,360.50,49.00,39.00,0.7651,1.35,1,0,3.1441,ACCEPT,0,807,2606,7566,6,340,544,0,0,0,0
101,0,1,1,ACCEPT,20.7839,3.0843,512,1,0,0.9551,246.83,359.18,40.00,38.00,248.00,358.00,56.00,48.00,0.5655,1.66,1,0,3.2948,ACCEPT,0,696,2439,10515,6,340,512,0,0,0,0
102,0,1,1,ACCEPT,24.1984,3.3796,730,0,0,1.0000,246.83,359.18,40.00,38.00,250.00,360.00,56.00,46.00,0.5901,3.28,1,0,3.2723,ACCEPT,0,955,2385,8910,6,340,730,0,0,0,0
103,0,1,1,ACCEPT,29.5706,5.1575,753,0,-1,0.9216,246.83,358.59,40.00,38.00,247.50,358.50,53.00,45.00,0.6373,0.68,1,0,3.2175,ACCEPT,0,805,2268,9020,6,340,753,0,0,0,0
104,0,1,1,ACCEPT,34.7883,4.9114,776,1,0,0.9613,247.45,358.59,40.00,38.00,249.50,357.50,55.00,43.00,0.6427,2.32,1,0,3.2053,ACCEPT,0,852,2255,8340,6,340,776,0,0,0,0
105,0,1,1,ACCEPT,32.1983,4.1163,708,0,-1,0.9929,247.45,357.99,40.00,38.00,250.00,357.50,58.00,41.00,0.6392,2.59,1,0,3.0321,ACCEPT,0,861,2082,9530,6,340,708,0,0,0,0
106,0,1,1,ACCEPT,35.0471,4.3611,785,1,-1,0.9401,248.08,357.40,40.00,38.00,247.00,358.00,50.00,40.00,0.7600,1.23,1,0,3.0071,ACCEPT,0,890,2033,9530,6,340,785,0,0,0,0
107,0,1,1,ACCEPT,37.3125,4.4375,781,1,1,0.7490,248.70,357.99,40.00,38.00,250.50,358.00,53.00,38.00,0.7544,1.80,1,0,3.0268,ACCEPT,0,835,2012,9552,6,340,781,0,0,0,0
108,0,1,1,ACCEPT,39.9240,6.0168,716,1,-1,0.7542,249.33,357.40,40.00,38.00,254.00,358.00,56.00,42.00,0.6463,4.71,1,0,3.1414,ACCEPT,0,730,1903,8767,6,340,716,0,0,0,0
109,0,1,1,ACCEPT,36.7868,5.4609,699,4,-1,0.3834,251.83,356.80,40.00,38.00,252.50,355.50,53.00,39.00,0.7088,1.47,1,0,3.2536,ACCEPT,0,779,2213,8429,6,340,699,0,0,0,0
110,0,1,1,ACCEPT,34.9482,3.1892,472,4,-3,0.3411,254.33,355.02,40.00,38.00,253.00,356.50,52.00,41.00,0.7129,1.99,1,0,3.1186,ACCEPT,0,570,3598,7050,6,340,472,0,0,0,0
111,0,1,1,ACCEPT,24.5519,3.5957,676,6,-1,0.2500,258.08,354.43,40.00,38.00,258.00,355.00,50.00,42.00,0.7238,0.58,1,0,3.2429,ACCEPT,0,904,2992,7570,6,340,676,0,0,0,0
112,0,1,1,ACCEPT,30.6625,3.7665,629,3,1,0.6566,259.95,355.02,40.00,38.00,259.50,354.00,55.00,40.00,0.6902,1.12,1,0,3.2432,ACCEPT,0,741,1991,7859,6,340,629,0,0,0,0
113,0,1,1,ACCEPT,26.0368,3.3493,489,1,-1,0.8569,260.58,354.43,40.00,38.00,262.00,354.50,56.00,39.00,0.6960,1.42,1,0,3.2390,ACCEPT,0,714,1874,8068,6,340,489,0,0,0,0
114,0,1,1,ACCEPT,27.2176,2.8281,543,-1,-1,0.8048,259.95,353.84,40.00,38.00,262.50,353.50,57.00,39.00,0.6838,2.57,1,0,3.2391,ACCEPT,0,743,1873,7688,6,340,543,0,0,0,0
115,0,1,1,ACCEPT,28.6751,2.5650,513,3,0,0.7505,261.83,353.84,40.00,38.00,263.50,354.50,55.00,41.00,0.6741,1.80,1,0,3.2391,ACCEPT,0,685,2022,6832,6,340,513,0,0,0,0
116,0,1,1,ACCEPT,29.4278,3.2044,439,0,2,0.7267,261.83,355.02,40.00,38.00,264.00,356.00,50.00,40.00,0.7600,2.38,1,0,3.2340,ACCEPT,0,583,2356,7652,6,340,439,0,0,0,0
117,0,1,1,ACCEPT,31.1583,3.6383,513,1,2,0.7096,262.45,356.21,40.00,38.00,263.00,355.50,52.00,43.00,0.6798,0.90,1,0,3.2341,ACCEPT,0,687,2330,7603,6,340,513,0,0,0,0
118,0,1,1,ACCEPT,32.5290,3.6204,496,2,2,0.4940,263.70,357.40,40.00,38.00,266.00,359.00,52.00,40.00,0.7110,2.80,1,0,3.2233,ACCEPT,0,669,2170,7080,6,340,496,0,0,0,0
119,0,1,1,ACCEPT,37.5371,4.2595,558,1,5,0.1470,264.33,360.37,40.00,38.00,267.00,360.00,52.00,42.00,0.6960,2.70,1,0,3.2323,ACCEPT,0,614,2312,7664,6,340,558,0,0,0,0
120,0,1,1,ACCEPT,40.3404,4.7407,640,3,3,0.2250,266.20,362.15,40.00,38.00,266.50,364.00,49.00,38.00,0.7468,1.88,1,0,3.2255,ACCEPT,0,688,2253,7574,6,340,640,0,0,0,0
121,0,1,1,ACCEPT,39.7411,4.8305,570,2,7,0.0491,267.45,366.30,40.00,38.00,265.50,368.00,51.00,42.00,0.7096,2.59,1,0,3.2284,ACCEPT,0,630,2241,6227,6,340,570,0,0,0,0
122,0,1,1,ACCEPT,44.6415,4.8148,520,-2,4,0.1615,266.20,368.68,40.00,38.00,266.00,368.00,54.00,44.00,0.6397,0.71,1,0,3.2058,ACCEPT,0,472,2280,7878,6,340,520,0,0,0,0
123,0,1,1,ACCEPT,41.9178,4.1117,773,-2,1,0.7232,264.95,369.27,40.00,38.00,263.00,371.00,50.00,44.00,0.6909,2.61,1,0,3.2492,ACCEPT,0,678,2735,7320,6,340,773,0,0,0,0
124,0,1,1,ACCEPT,30.6316,5.4396,495,-1,3,0.5657,264.33,371.05,40.00,38.00,263.50,372.50,47.00,43.00,0.7521,1.67,1,0,3.3582,ACCEPT,0,732,2208,5702,6,340,495,0,0,0,0
125,0,1,1,ACCEPT,36.8725,4.6129,429,6,1,0.2005,268.08,371.65,40.00,38.00,266.00,372.00,48.00,38.00,0.8193,2.11,1,0,3.2344,ACCEPT,0,515,2388,6566,6,340,429,0,0,0,0
126,0,1,1,ACCEPT,38.7068,4.6696,523,4,0,0.3442,270.58,371.65,40.00,38.00,269.50,371.00,53.00,42.00,0.6828,1.26,1,0,3.2549,ACCEPT,0,549,2373,7162,6,340,523,0,0,0,0
127,0,1,1,ACCEPT,42.1186,4.5714,576,4,0,0.3611,273.08,371.65,40.00,38.00,272.00,372.00,52.00,42.00,0.6960,1.13,1,0,3.2232,ACCEPT,0,564,2337,6975,6,340,576,0,0,0,0
128,0,1,1,ACCEPT,38.9608,4.2302,533,0,8,0.0038,273.08,376.40,40.00,38.00,271.00,375.50,48.00,43.00,0.7364,2.26,1,0,3.2524,ACCEPT,0,583,2335,5650,6,340,533,0,0,0,0
129,0,1,1,ACCEPT,40.2752,4.5490,464,-5,6,0.0409,269.95,379.96,40.00,38.00,268.50,378.50,49.00,43.00,0.7214,2.06,1,0,3.2370,ACCEPT,0,435,2258,6693,6,340,464,0,0,0,0
130,0,1,1,ACCEPT,30.7564,3.4203,472,1,-2,0.8008,270.58,378.77,40.00,38.00,270.00,378.50,50.00,45.00,0.6756,0.64,1,0,3.2197,ACCEPT,0,748,2783,5615,6,340,472,0,0,0,0
131,0,1,1,ACCEPT,37.1768,4.6346,482,-8,5,0.0685,265.58,381.74,40.00,38.00,266.00,381.00,54.00,46.00,0.6119,0.85,1,0,3.1903,ACCEPT,0,526,2400,5013,6,340,482,0,0,0,0
132,0,1,1,ACCEPT,41.7374,4.1818,506,-2,3,0.3953,264.33,383.52,40.00,38.00,264.50,383.00,53.00,42.00,0.6828,0.55,1,0,3.2282,ACCEPT,0,525,2478,6764,6,340,506,0,0,0,0
133,0,1,1,ACCEPT,40.1978,4.3623,602,0,0,1.0000,264.33,383.52,40.00,38.00,262.00,384.50,50.00,41.00,0.7415,2.52,1,0,3.2412,ACCEPT,0,586,2827,7102,6,340,602,0,0,0,0
134,0,1,1,ACCEPT,38.5349,3.0167,543,-6,0,0.2173,260.58,383.52,40.00,38.00,259.00,383.50,48.00,43.00,0.7364,1.58,1,0,3.2446,ACCEPT,0,548,2385,6987,6,340,543,0,0,0,0
135,0,1,1,ACCEPT,33.3231,2.7077,528,-5,0,0.4091,257.45,383.52,40.00,38.00,259.00,383.50,50.00,47.00,0.6468,1.55,1,0,3.2082,ACCEPT,0,543,2417,7520,6,340,528,0,0,0,0
136,0,1,1,ACCEPT,32.7094,2.7292,524,2,-1,0.7901,258.70,382.93,40.00,38.00,262.50,383.00,57.00,44.00,0.6061,3.80,1,0,3.2308,ACCEPT,0,607,2863,5973,6,340,524,0,0,0,0
137,0,1,1,ACCEPT,34.2273,2.7934,338,1,-2,0.8195,259.33,381.74,40.00,38.00,261.00,381.50,50.00,47.00,0.6468,1.69,1,0,3.2281,ACCEPT,0,428,2726,6769,6,340,338,0,0,0,0
138,0,1,1,ACCEPT,15.2315,1.7256,371,5,-3,0.5364,262.45,379.96,40.00,38.00,265.00,381.50,54.00,45.00,0.6255,2.98,1,0,3.2951,ACCEPT,0,1146,3238,4725,6,340,371,0,0,0,0
139,0,1,1,ACCEPT,18.9988,3.2734,455,3,2,0.3385,264.33,381.15,40.00,38.00,266.00,380.00,50.00,52.00,0.5846,2.03,1,0,3.2063,ACCEPT,0,688,3236,5937,6,340,455,0,0,0,0
140,0,1,1,ACCEPT,21.0093,2.6203,414,-2,1,0.8237,263.08,381.74,40.00,38.00,265.00,385.50,50.00,43.00,0.6679,4.22,1,0,3.2140,ACCEPT,0,571,3024,5681,6,340,414,0,0,0,0
141,0,1,1,ACCEPT,24.2367,2.4083,407,0,-2,0.7297,263.08,380.55,40.00,38.00,267.50,382.00,55.00,48.00,0.5758,4.65,1,0,3.1619,ACCEPT,0,592,3056,4783,6,340,407,0,0,0,0
142,0,1,1,ACCEPT,23.6211,3.4400,344,0,0,1.0000,263.08,380.55,40.00,38.00,266.50,385.50,51.00,55.00,0.5419,6.01,1,0,3.1050,ACCEPT,0,524,3099,4379,6,340,344,0,0,0,0
143,0,1,1,ACCEPT,24.6646,2.4638,340,0,-3,0.4912,263.08,378.77,40.00,38.00,268.50,380.50,51.00,45.00,0.6623,5.69,1,0,3.1603,ACCEPT,0,523,2896,4738,6,340,340,0,0,0,0
144,0,1,1,ACCEPT,32.9914,4.0085,469,2,-3,0.4072,264.33,376.99,40.00,38.00,265.00,381.00,54.00,48.00,0.5864,4.06,1,0,3.1610,ACCEPT,0,572,2690,4720,6,340,469,0,0,0,0
145,0,1,1,ACCEPT,38.4235,3.7727,498,2,-2,0.6185,265.58,375.80,40.00,38.00,265.50,378.50,55.00,49.00,0.5640,2.70,1,0,3.1822,ACCEPT,0,489,2361,5798,6,340,498,0,0,0,0
146,0,1,1,ACCEPT,38.0506,4.8302,512,-1,-2,0.6621,264.95,374.62,40.00,38.00,267.00,379.00,58.00,50.00,0.5241,4.84,1,0,3.1633,ACCEPT,0,543,2489,6034,6,340,512,0,0,0,0
147,0,1,1,ACCEPT,33.4326,3.8117,587,2,-3,0.5366,266.20,372.84,40.00,38.00,267.50,376.00,55.00,52.00,0.5315,3.42,1,0,3.1972,ACCEPT,0,610,2337,6610,6,340,587,0,0,0,0
148,0,1,1,ACCEPT,42.8524,2.9798,590,-2,2,0.5356,264.95,374.02,40.00,38.00,266.00,374.00,56.00,44.00,0.6169,1.05,1,0,3.1812,ACCEPT,0,539,2369,5537,6,340,590,0,0,0,0
149,0,1,1,ACCEPT,43.2740,3.4503,521,0,-3,0.5605,264.95,372.24,40.00,38.00,267.00,371.50,56.00,47.00,0.5775,2.18,1,0,3.2030,ACCEPT,0,453,2208,5517,6,340,521,0,0,0,0
150,0,1,1,ACCEPT,45.4541,4.3198,743,4,-2,0.3769,267.45,371.05,40.00,38.00,271.00,373.00,54.00,44.00,0.6397,4.05,1,0,3.2307,ACCEPT,0,619,2607,7344,6,340,743,0,0,0,0
151,0,1,1,ACCEPT,22.1790,3.6466,423,-1,0,0.9338,266.83,371.05,40.00,38.00,270.00,371.00,52.00,44.00,0.6643,3.17,1,0,3.2800,ACCEPT,0,651,1661,7617,6,340,423,0,0,0,0
152,0,1,1,ACCEPT,22.3377,2.6879,422,-2,-1,0.7749,265.58,370.46,40.00,38.00,263.00,370.00,38.00,50.00,0.6798,2.62,1,0,3.2186,ACCEPT,0,588,1968,8340,6,340,422,0,0,0,0
153,0,1,1,ACCEPT,27.7823,3.7368,639,0,-2,0.5743,265.58,369.27,40.00,38.00,269.50,369.00,51.00,48.00,0.6209,3.93,1,0,3.3160,ACCEPT,0,792,2206,8452,6,340,639,0,0,0,0
154,0,1,1,ACCEPT,26.0656,3.2667,539,2,-3,0.4212,266.83,367.49,40.00,38.00,269.50,370.00,47.00,44.00,0.7350,3.66,1,0,3.2887,ACCEPT,0,759,2373,7139,6,340,539,0,0,0,0
155,0,1,1,ACCEPT,22.6804,2.4167,377,-1,-5,0.2387,266.20,364.52,40.00,38.00,268.00,366.00,56.00,46.00,0.5901,2.33,1,0,3.2186,ACCEPT,0,652,2390,7079,6,340,377,0,0,0,0
156,0,1,1,ACCEPT,21.6780,2.6908,409,0,-5,0.2812,266.20,361.55,40.00,38.00,267.00,364.00,50.00,44.00,0.6909,2.57,1,0,3.1874,ACCEPT,0,687,2279,7392,6,340,409,0,0,0,0
157,0,1,1,ACCEPT,19.7358,1.9155,408,0,-4,0.4730,266.20,359.18,40.00,38.00,268.00,361.50,52.00,47.00,0.6219,2.93,1,0,3.2328,ACCEPT,0,748,2742,6145,6,340,408,0,0,0,0
158,0,1,1,ACCEPT,30.0891,3.0824,524,5,-4,0.1584,269.33,356.80,40.00,38.00,269.00,359.50,62.00,53.00,0.4626,2.72,1,0,3.2092,ACCEPT,0,766,2714,5345,6,340,524,0,0,0,0
159,0,1,1,ACCEPT,30.1942,2.4681,464,2,-5,0.1573,270.58,353.84,40.00,38.00,274.00,358.00,56.00,48.00,0.5655,5.39,1,0,3.2616,ACCEPT,0,584,2245,7900,6,340,464,0,0,0,0
160,0,1,1,ACCEPT,31.6183,3.6688,565,3,0,0.6159,272.45,353.84,40.00,38.00,274.50,357.00,51.00,50.00,0.5961,3.77,1,0,3.2386,ACCEPT,0,708,2270,9191,6,340,565,0,0,0,0
161,0,1,1,ACCEPT,27.2137,2.5792,521,4,-3,0.3186,274.95,352.05,40.00,38.00,277.00,356.00,48.00,48.00,0.6597,4.44,1,0,3.2311,ACCEPT,0,737,2216,8680,6,340,521,0,0,0,0
162,0,1,1,ACCEPT,17.1312,1.2425,415,11,-5,0.2819,281.83,349.09,40.00,38.00,281.50,350.00,53.00,46.00,0.6235,0.97,1,0,3.2739,ACCEPT,0,1078,2501,5848,6,340,415,0,0,0,0
163,0,1,1,ACCEPT,30.0201,2.8020,552,10,2,0.0507,288.08,350.27,40.00,38.00,286.50,351.00,43.00,46.00,0.7658,1.74,1,0,3.2540,ACCEPT,0,633,1765,10271,6,340,552,0,0,0,0
164,0,1,1,ACCEPT,29.0986,1.9665,470,3,1,0.5319,289.95,350.87,40.00,38.00,286.50,351.00,39.00,44.00,0.7340,3.46,1,0,3.2741,ACCEPT,0,660,1563,9441,6,340,470,0,0,0,0
165,0,1,1,ACCEPT,18.1349,1.6351,569,2,-1,0.8032,291.20,350.27,40.00,38.00,291.00,351.50,48.00,45.00,0.7037,1.24,1,0,3.2515,ACCEPT,0,1046,2798,11346,6,340,569,0,0,0,0
166,0,1,1,ACCEPT,22.7726,2.0100,806,2,1,0.5856,292.45,350.87,40.00,38.00,293.50,357.50,55.00,55.00,0.5025,6.71,1,0,3.2546,ACCEPT,0,1150,2175,11702,6,340,806,0,0,0,0
167,0,1,1,ACCEPT,24.6130,2.1641,712,3,-1,0.5562,294.33,350.27,40.00,38.00,294.00,357.00,56.00,56.00,0.4847,6.73,1,0,3.2324,ACCEPT,0,897,2257,10173,6,340,712,0,0,0,0
168,0,1,1,ACCEPT,20.4349,1.8091,597,0,1,0.8928,294.33,350.87,40.00,38.00,293.50,353.50,55.00,47.00,0.5880,2.76,1,0,3.2097,ACCEPT,0,980,2357,7933,6,340,597,0,0,0,0
169,0,1,1,ACCEPT,15.5210,1.0950,392,-1,2,0.7168,293.70,352.05,40.00,38.00,289.00,354.00,52.00,48.00,0.6090,5.09,1,0,3.0879,ACCEPT,0,742,2231,8328,6,340,392,0,0,0,0
170,0,1,1,ACCEPT,17.3678,1.2165,427,-3,-4,0.2529,291.83,349.68,40.00,38.00,290.50,354.50,57.00,51.00,0.5229,5.00,1,0,3.3036,ACCEPT,0,813,2251,8580,6,340,427,0,0,0,0
171,0,1,1,ACCEPT,25.2652,2.1573,535,-1,-4,0.5065,291.20,347.30,40.00,38.00,288.50,350.50,55.00,49.00,0.5640,4.19,1,0,3.2135,ACCEPT,0,826,2171,6878,6,340,535,0,0,0,0
172,0,1,1,ACCEPT,25.6287,2.6114,457,3,-3,0.6236,293.08,345.52,40.00,38.00,290.00,348.50,48.00,49.00,0.6463,4.28,1,0,3.2295,ACCEPT,0,673,1838,8398,6,340,457,0,0,0,0
173,0,1,1,ACCEPT,28.1839,2.5327,542,2,-3,0.5904,294.33,343.74,40.00,38.00,293.50,346.00,51.00,50.00,0.5961,2.40,1,0,3.3013,ACCEPT,0,782,2167,6938,6,340,542,0,0,0,0
174,0,1,1,ACCEPT,19.1852,1.7143,312,1,-2,0.7212,294.95,342.55,40.00,38.00,294.00,345.50,54.00,49.00,0.5745,3.10,1,0,3.2760,ACCEPT,0,678,2130,7049,6,340,312,0,0,0,0
175,0,1,1,ACCEPT,36.2247,3.0412,590,4,-2,0.2492,297.45,341.37,40.00,38.00,296.00,344.50,56.00,49.00,0.5539,3.45,1,0,3.2338,ACCEPT,0,612,1905,8641,6,340,590,0,0,0,0
176,0,1,1,ACCEPT,42.7759,3.8462,700,1,1,0.6957,298.08,341.96,40.00,38.00,295.50,344.00,55.00,48.00,0.5758,3.29,1,0,3.2633,ACCEPT,0,642,1840,8872,6,340,700,0,0,0,0
177,0,1,1,ACCEPT,43.0352,3.3175,836,0,-1,0.8911,298.08,341.37,40.00,38.00,293.50,344.50,53.00,47.00,0.6102,5.55,1,0,3.2819,ACCEPT,0,830,2155,8452,6,340,836,0,0,0,0
178,0,1,1,ACCEPT,16.2483,1.4909,410,1,2,0.8146,298.70,342.55,40.00,38.00,298.00,347.00,54.00,56.00,0.5026,4.50,1,0,3.2354,ACCEPT,0,1095,2430,6136,6,340,410,0,0,0,0
179,0,1,1,ACCEPT,24.8672,2.4059,409,2,-2,0.6064,299.95,341.37,40.00,38.00,300.00,348.50,48.00,49.00,0.6018,7.13,1,0,3.2644,ACCEPT,0,531,2191,7887,6,340,409,0,0,0,0
180,0,1,1,ACCEPT,30.0645,3.2467,737,8,-1,0.0543,304.95,340.77,40.00,38.00,305.00,342.50,50.00,49.00,0.6204,1.73,1,0,3.2825,ACCEPT,0,793,2588,9270,6,340,737,0,0,0,0
181,0,1,1,ACCEPT,32.3907,3.3745,847,2,-1,0.6529,306.20,340.18,40.00,38.00,304.50,342.50,47.00,47.00,0.6881,2.88,1,0,3.2374,ACCEPT,0,893,2110,10908,6,340,847,0,0,0,0
182,0,1,1,ACCEPT,36.1847,3.8952,892,5,-1,0.1682,309.33,339.59,40.00,38.00,304.50,341.50,55.00,49.00,0.5640,5.19,1,0,3.2531,ACCEPT,0,928,2045,10710,6,340,892,0,0,0,0
183,0,1,1,ACCEPT,35.7973,3.8349,813,3,-3,0.4514,311.20,337.80,40.00,38.00,307.50,341.50,57.00,57.00,0.4678,5.23,1,0,3.2611,ACCEPT,0,878,1846,10094,6,340,813,0,0,0,0
184,0,1,1,ACCEPT,35.1465,3.1870,733,4,-1,0.5034,313.70,337.21,40.00,38.00,310.00,342.50,64.00,55.00,0.4318,6.46,1,0,3.2757,ACCEPT,0,802,2059,8841,6,340,733,0,0,0,0
185,0,1,1,ACCEPT,31.8621,2.2257,710,2,-6,0.0620,314.95,333.65,40.00,38.00,311.00,334.00,50.00,50.00,0.6080,3.97,1,0,3.2316,ACCEPT,0,685,2055,8874,6,340,710,0,0,0,0
186,0,1,1,ACCEPT,33.5393,4.4913,777,7,0,0.0541,319.33,333.65,40.00,38.00,316.50,335.00,51.00,48.00,0.6209,3.13,1,0,3.2400,ACCEPT,0,801,1967,9896,6,340,777,0,0,0,0
187,0,1,1,ACCEPT,32.0249,3.5812,684,0,0,1.0000,319.33,333.65,40.00,38.00,312.50,338.50,57.00,51.00,0.5229,8.38,1,0,3.2395,ACCEPT,0,700,1542,16420,6,340,684,0,0,0,0
188,0,1,1,ACCEPT,34.8724,2.5395,965,-1,-2,0.5855,318.70,332.46,40.00,38.00,314.00,338.50,60.00,49.00,0.5060,7.65,1,0,3.2249,ACCEPT,0,895,1588,17678,6,340,965,0,0,0,0
189,0,1,1,ACCEPT,39.3354,4.4348,1122,-2,0,0.8128,317.45,332.46,40.00,38.00,314.50,338.50,57.00,47.00,0.5322,6.72,1,0,3.1974,ACCEPT,0,1076,1612,16786,6,340,1122,0,0,0,0
190,0,1,1,ACCEPT,43.2558,4.3432,1177,3,-1,0.4996,319.33,331.87,40.00,38.00,314.50,335.00,57.00,52.00,0.5128,5.76,1,0,3.0996,ACCEPT,0,1046,1810,14086,6,340,1177,0,0,0,0
191,0,1,1,ACCEPT,30.0976,1.7214,661,2,-5,0.0968,320.58,328.90,40.00,38.00,313.50,332.00,47.00,48.00,0.5786,7.73,1,0,3.1491,ACCEPT,0,799,1684,13348,6,340,661,0,0,0,0
192,0,1,1,ACCEPT,21.4624,1.3110,725,9,-6,0.2000,326.20,325.34,40.00,38.00,323.50,332.50,51.00,43.00,0.5604,7.66,1,0,3.1551,ACCEPT,0,1338,2434,9297,6,340,725,0,0,0,0
193,0,1,1,ACCEPT,34.7662,3.4656,856,6,2,0.0315,329.95,326.52,40.00,38.00,324.00,333.00,56.00,46.00,0.5312,8.80,1,0,3.2115,ACCEPT,0,894,1748,12243,6,340,856,0,0,0,0
194,0,1,1,ACCEPT,36.8182,3.2204,789,6,-4,0.0862,333.70,324.15,40.00,38.00,328.50,330.00,53.00,46.00,0.5756,7.83,1,0,3.1924,ACCEPT,0,854,1830,9500,6,340,789,0,0,0,0
195,0,1,1,ACCEPT,37.6439,3.9940,663,8,0,0.0498,338.70,324.15,40.00,38.00,333.50,330.00,53.00,44.00,0.5748,7.83,1,0,3.2088,ACCEPT,0,744,1561,10591,6,340,663,0,0,0,0
196,0,1,1,ACCEPT,35.0101,3.0645,665,8,-4,0.0045,343.70,321.77,40.00,38.00,340.00,327.00,54.00,46.00,0.5807,6.41,1,0,3.2201,ACCEPT,0,818,1614,10448,6,340,665,0,0,0,0
197,0,1,1,ACCEPT,40.4847,3.6934,783,3,-1,0.5594,345.58,321.18,40.00,38.00,340.50,326.50,53.00,47.00,0.5893,7.35,1,0,3.1908,ACCEPT,0,695,1514,13893,6,340,783,0,0,0,0
198,0,1,1,ACCEPT,39.5247,3.6679,961,1,2,0.6306,346.20,322.37,40.00,38.00,339.50,329.00,59.00,46.00,0.5018,9.43,1,0,3.2123,ACCEPT,0,1093,1326,12155,6,340,961,0,0,0,0
199,0,1,1,ACCEPT,35.7400,2.4231,756,0,-3,0.3717,346.20,320.59,40.00,38.00,341.50,326.50,61.00,47.00,0.5006,7.56,1,0,3.1903,ACCEPT,0,777,1525,12177,6,340,756,0,0,0,0
200,0,1,1,ACCEPT,33.9749,2.6106,791,0,-3,0.4526,346.20,318.80,40.00,38.00,339.00,324.00,56.00,48.00,0.5609,8.88,1,0,3.1722,ACCEPT,0,1078,1714,9590,6,340,791,0,0,0,0
201,0,1,1,ACCEPT,13.5711,1.1003,362,-3,9,0.8785,344.33,324.15,40.00,38.00,338.00,327.50,54.00,47.00,0.5989,7.16,1,0,3.2616,ACCEPT,0,1509,2306,4573,6,340,362,0,0,0,0
202,0,1,1,ACCEPT,20.8210,1.1741,371,-9,19,0.0863,338.70,335.43,40.00,38.00,333.50,339.00,57.00,48.00,0.5556,6.31,1,0,3.2218,ACCEPT,0,556,1896,8022,6,340,371,0,0,0,0
203,0,1,1,ACCEPT,31.2527,2.8413,591,-7,2,0.0508,334.33,336.62,40.00,38.00,329.00,341.50,60.00,45.00,0.5316,7.23,1,0,3.2697,ACCEPT,0,745,1437,12551,6,340,591,0,0,0,0
204,0,1,1,ACCEPT,45.2113,3.7115,965,-4,0,0.2466,331.83,336.62,40.00,38.00,327.00,343.00,58.00,48.00,0.5159,8.00,1,0,3.2377,ACCEPT,0,820,1281,14617,6,340,965,0,0,0,0
205,0,1,1,ACCEPT,25.3365,2.3757,1252,-1,4,0.1006,331.20,338.99,40.00,38.00,327.00,346.50,60.00,47.00,0.4760,8.60,1,0,3.2520,ACCEPT,0,1959,2783,7768,6,340,1252,0,0,0,0
206,0,1,1,ACCEPT,34.0008,5.3910,841,14,13,0.0535,339.95,346.71,40.00,38.00,334.50,348.00,51.00,48.00,0.6209,5.60,1,0,3.2055,ACCEPT,0,1040,1026,14836,6,340,841,0,0,0,0
207,0,1,1,ACCEPT,41.2918,3.8085,895,4,-1,0.4324,342.45,346.12,40.00,38.00,338.00,351.00,42.00,42.00,0.6415,6.61,1,0,3.2512,ACCEPT,0,870,1175,11527,6,340,895,0,0,0,0
208,0,1,1,ACCEPT,44.6342,3.9086,770,3,-1,0.5818,344.33,345.52,40.00,38.00,338.50,350.00,53.00,46.00,0.6109,7.35,1,0,3.2833,ACCEPT,0,699,1356,10590,6,340,770,0,0,0,0
209,0,1,1,ACCEPT,48.0450,4.6051,723,-1,1,0.9834,343.70,346.12,40.00,38.00,339.50,351.00,55.00,44.00,0.5790,6.44,1,0,3.2658,ACCEPT,0,620,1287,12771,6,340,723,0,0,0,0
210,0,1,1,ACCEPT,48.5707,3.9819,880,-1,0,0.9455,343.08,346.12,40.00,38.00,340.00,351.50,50.00,43.00,0.6201,6.20,1,0,3.2199,ACCEPT,0,887,1263,11629,6,340,880,0,0,0,0
211,0,1,1,ACCEPT,37.8144,2.2368,803,5,8,0.1582,346.20,350.87,40.00,38.00,343.50,354.50,47.00,43.00,0.7137,4.53,1,0,3.2038,ACCEPT,0,790,1630,10693,6,340,803,0,0,0,0
212,0,1,1,ACCEPT,44.4943,4.2783,907,3,0,0.5821,348.08,350.87,40.00,38.00,344.50,356.00,51.00,42.00,0.6151,6.26,1,0,3.2070,ACCEPT,0,684,1155,11675,6,340,907,0,0,0,0
213,0,1,1,ACCEPT,37.4079,2.9498,646,-4,-3,0.0759,345.58,349.09,40.00,38.00,342.50,353.00,49.00,42.00,0.6762,4.98,1,0,3.2246,ACCEPT,0,669,1096,12828,6,340,646,0,0,0,0
214,0,1,1,ACCEPT,30.9926,2.4570,629,-5,-2,0.1240,342.45,347.90,40.00,38.00,338.50,352.00,47.00,42.00,0.6844,5.70,1,0,3.1750,ACCEPT,0,711,1134,11882,6,340,629,0,0,0,0
215,0,1,1,ACCEPT,33.4914,1.9371,678,7,8,0.0619,346.83,352.65,40.00,38.00,342.50,357.50,47.00,41.00,0.6495,6.50,1,0,3.0952,ACCEPT,0,821,1719,7936,6,340,678,0,0,0,0
216,0,1,1,ACCEPT,31.7936,2.9417,606,8,15,0.0017,351.83,361.55,40.00,38.00,346.00,368.00,46.00,40.00,0.5629,8.69,1,0,3.1358,ACCEPT,0,797,2142,6385,6,340,606,0,0,0,0
217,0,1,1,ACCEPT,45.2326,4.4854,767,3,8,0.0430,353.70,366.30,40.00,38.00,350.50,372.00,49.00,42.00,0.6221,6.53,1,0,3.1696,ACCEPT,0,597,1393,12254,6,340,767,0,0,0,0
218,0,1,1,ACCEPT,47.3231,6.1569,942,1,4,0.0297,354.33,368.68,40.00,38.00,350.50,374.00,49.00,42.00,0.6332,6.55,1,0,3.2467,ACCEPT,0,627,966,13126,6,340,942,0,0,0,0
219,0,1,1,ACCEPT,31.2079,1.6020,958,0,4,0.1065,354.33,371.05,40.00,38.00,350.50,378.50,51.00,43.00,0.5530,8.37,1,0,3.3039,ACCEPT,0,1314,2131,8248,6,340,958,0,0,0,0
220,0,1,1,ACCEPT,42.6215,4.8925,1047,-2,9,0.0430,353.08,376.40,40.00,38.00,349.50,380.50,53.00,41.00,0.6218,5.44,1,0,3.2109,ACCEPT,0,773,1220,14583,6,340,1047,0,0,0,0
221,0,1,1,ACCEPT,45.1214,4.3951,901,-2,-1,0.7270,351.83,375.80,40.00,38.00,347.50,380.00,47.00,42.00,0.6706,6.03,1,0,3.2135,ACCEPT,0,812,1239,14915,6,340,901,0,0,0,0
222,0,1,1,ACCEPT,50.8122,6.2312,1078,-1,3,0.2941,351.20,377.59,40.00,38.00,346.50,382.00,49.00,42.00,0.6551,6.45,1,0,3.2255,ACCEPT,0,683,1251,14036,6,340,1078,0,0,0,0
223,0,1,1,ACCEPT,48.9250,6.0321,941,-2,4,0.0723,349.95,379.96,40.00,38.00,346.50,386.00,49.00,42.00,0.6120,6.96,1,0,3.2234,ACCEPT,0,673,1233,15114,6,340,941,0,0,0,0
224,0,1,1,ACCEPT,52.7363,6.3256,1088,-2,4,0.0836,348.70,382.34,40.00,38.00,344.00,387.00,50.00,42.00,0.6406,6.62,1,0,3.2487,ACCEPT,0,724,1107,16985,6,340,1088,0,0,0,0
225,0,1,1,ACCEPT,42.8843,3.5511,973,-3,0,0.4594,346.83,382.34,40.00,38.00,342.50,386.50,49.00,41.00,0.6681,6.01,1,0,3.0947,ACCEPT,0,712,1182,15574,6,340,973,0,0,0,0
226,0,1,1,ACCEPT,46.0836,3.6211,1032,-4,5,0.0281,344.33,385.30,40.00,38.00,341.00,389.50,48.00,43.00,0.6812,5.36,1,0,3.1050,ACCEPT,0,842,1496,11151,6,340,1032,0,0,0,0
227,0,1,1,ACCEPT,53.6044,5.4205,1057,6,6,0.0870,348.08,388.87,40.00,38.00,343.50,394.00,49.00,42.00,0.6368,6.88,1,0,3.2075,ACCEPT,0,704,1156,16757,6,340,1057,0,0,0,0
228,0,1,1,ACCEPT,38.0702,2.7356,900,-1,-3,0.2678,347.45,387.09,40.00,38.00,342.50,392.50,49.00,41.00,0.6181,7.34,1,0,3.1623,ACCEPT,0,1001,1291,13192,6,340,900,0,0,0,0
229,0,1,1,ACCEPT,29.1528,2.1429,840,-4,-5,0.0536,344.95,384.12,40.00,38.00,341.50,388.50,51.00,45.00,0.6371,5.58,1,0,3.1670,ACCEPT,0,991,1396,13396,6,340,840,0,0,0,0
230,0,1,1,ACCEPT,20.9574,1.6467,741,9,-7,0.1012,350.58,379.96,40.00,38.00,350.50,385.50,45.00,41.00,0.6770,5.54,1,0,3.3535,ACCEPT,0,1404,1788,9038,6,340,741,0,0,0,0
231,0,1,1,ACCEPT,35.0532,2.5452,789,15,-7,0.0253,359.95,375.80,40.00,38.00,356.00,381.00,46.00,40.00,0.6470,6.53,1,0,3.1711,ACCEPT,0,713,1423,13224,6,340,789,0,0,0,0
232,0,1,1,ACCEPT,34.9124,2.1741,1261,-1,-6,0.0222,359.33,372.24,40.00,38.00,357.00,378.50,48.00,41.00,0.6161,6.68,1,0,3.3188,ACCEPT,0,1475,2227,10500,6,340,1261,0,0,0,0
233,0,1,1,ACCEPT,32.6425,1.9824,789,4,2,0.0646,361.83,373.43,40.00,38.00,361.50,378.00,51.00,46.00,0.6320,4.58,1,0,3.2205,ACCEPT,0,793,1388,10697,6,340,789,0,0,0,0
234,0,1,1,ACCEPT,9.7596,1.1028,354,14,35,0.0621,370.58,394.21,40.00,38.00,363.50,371.50,43.00,43.00,0.2221,23.79,1,3,1.9211,MAX_STEP,0,1802,4179,2858,6,340,354,0,0,0,0
235,0,1,0,LOW_PSR,6.8169,1.0127,80,-3,-20,0.2750,370.58,394.21,40.00,38.00,358.50,350.50,43.00,43.00,0.0000,45.35,0,0,0.0000,NOT_RUN,0,982,1706,0,6,340,80,0,0,0,0
236,0,1,1,ACCEPT,7.7252,1.1905,100,-6,0,0.4700,366.83,394.21,40.00,38.00,349.00,324.00,44.00,36.00,0.0000,72.44,1,0,3.0775,ACCEPT,0,802,891,17105,6,340,100,0,0,0,0
237,0,1,0,LOW_PSR,6.1866,1.0714,45,31,-6,0.4667,366.83,394.21,40.00,38.00,339.50,302.50,45.00,45.00,0.0000,95.70,0,0,0.0000,NOT_RUN,0,363,1709,0,6,340,45,0,0,0,0
238,0,1,0,NEGATIVE_PEAK,-8.4217,1.5000,-48,5,27,0.3125,366.83,394.21,40.00,38.00,330.00,288.50,46.00,43.00,0.0000,111.94,0,0,0.0000,NOT_RUN,0,158,1835,0,6,340,48,0,0,0,0
239,0,1,1,ACCEPT,7.0838,1.0000,49,0,14,0.5510,366.83,402.52,40.00,38.00,316.00,271.50,46.00,41.00,0.0000,140.54,1,-11,1.9727,MAX_STEP,0,246,1428,12151,6,340,49,0,0,0,0
240,0,1,0,LOW_PSR,5.8979,1.0741,29,-7,39,0.6207,366.83,402.52,40.00,38.00,293.50,258.50,55.00,47.00,0.0000,161.62,0,0,0.0000,NOT_RUN,0,230,1667,0,6,340,29,0,0,0,0
241,0,1,0,NEGATIVE_PEAK,-6.4193,1.5294,-26,8,-1,0.1923,366.83,402.52,40.00,38.00,294.50,256.50,57.00,45.00,0.0000,162.95,0,0,0.0000,NOT_RUN,0,154,780,0,6,340,26,0,0,0,0
242,0,1,0,LOW_PSR,5.6413,1.0222,46,23,12,0.3043,366.83,402.52,40.00,38.00,288.00,259.50,68.00,49.00,0.0000,163.31,0,0,0.0000,NOT_RUN,0,526,781,0,6,340,46,0,0,0,0
243,0,1,1,ACCEPT,12.3086,1.6136,71,0,12,0.0704,366.83,409.65,40.00,38.00,292.00,260.00,46.00,48.00,0.0000,167.31,1,-16,1.0167,AT_SEARCH_RAIL,0,185,1922,8375,6,340,71,0,0,0,0
244,0,1,1,ACCEPT,8.3335,1.0946,81,-20,14,0.0494,354.33,417.96,40.00,38.00,293.00,260.00,62.00,50.00,0.0000,169.45,1,-3,2.1141,MAX_STEP,0,382,5890,4769,6,340,81,0,0,0,0
245,0,1,0,NEGATIVE_PEAK,-5.8946,1.0500,-63,12,10,0.0635,354.33,417.96,40.00,38.00,298.50,262.00,59.00,54.00,0.0000,165.65,0,0,0.0000,NOT_RUN,0,457,4591,0,6,340,63,0,0,0,0
246,0,1,0,NEGATIVE_PEAK,-6.6261,1.1525,-68,16,28,0.0000,354.33,417.96,40.00,38.00,298.50,265.00,57.00,52.00,0.0000,162.83,0,0,0.0000,NOT_RUN,0,424,3512,0,6,340,68,0,0,0,0
247,0,1,0,LOW_PSR,6.0210,1.0167,61,3,40,0.2295,354.33,417.96,40.00,38.00,295.00,267.00,62.00,52.00,0.0000,162.20,0,0,0.0000,NOT_RUN,0,485,3384,0,6,340,61,0,0,0,0
248,0,1,0,NEGATIVE_PEAK,-6.3423,1.0455,-69,7,1,0.0870,354.33,417.96,40.00,38.00,298.00,266.50,56.00,51.00,0.0000,161.60,0,0,0.0000,NOT_RUN,0,499,3822,0,6,340,69,0,0,0,0
249,0,1,0,NEGATIVE_PEAK,-7.0282,1.0441,-71,7,18,0.4930,354.33,417.96,40.00,38.00,297.00,267.50,56.00,49.00,0.0000,161.01,0,0,0.0000,NOT_RUN,0,483,3695,0,6,340,71,0,0,0,0
250,0,1,0,NEGATIVE_PEAK,-9.9353,1.4342,-109,9,27,0.0550,354.33,417.96,40.00,38.00,297.50,268.00,57.00,52.00,0.0000,160.37,0,0,0.0000,NOT_RUN,0,461,2949,0,6,340,109,0,0,0,0
251,0,1,0,NEGATIVE_PEAK,-5.9468,1.0417,-50,3,21,0.2400,354.33,417.96,40.00,38.00,297.00,268.00,58.00,52.00,0.0000,160.55,0,0,0.0000,NOT_RUN,0,363,3491,0,6,340,50,0,0,0,0
252,0,1,0,NEGATIVE_PEAK,-8.6876,1.2459,-76,13,41,0.1579,354.33,417.96,40.00,38.00,299.50,270.50,51.00,49.00,0.0000,157.32,0,0,0.0000,NOT_RUN,0,339,1877,0,6,340,76,0,0,0,0
253,0,1,0,LOW_PSR,6.0969,1.2273,27,-5,13,0.4074,354.33,417.96,40.00,38.00,298.00,270.00,62.00,50.00,0.0000,158.32,0,0,0.0000,NOT_RUN,0,198,2146,0,6,340,27,0,0,0,0
254,0,1,0,NEGATIVE_PEAK,-5.9324,1.1111,-30,24,-60,0.6333,354.33,417.96,40.00,38.00,295.00,272.00,64.00,52.00,0.0000,157.56,0,0,0.0000,NOT_RUN,0,272,2179,0,6,340,30,0,0,0,0
255,0,1,0,NEGATIVE_PEAK,-6.7310,1.0541,-39,20,41,0.0769,354.33,417.96,40.00,38.00,297.00,270.00,60.00,50.00,0.0000,158.68,0,0,0.0000,NOT_RUN,0,256,1073,0,6,340,39,0,0,0,0
256,0,1,0,NEGATIVE_PEAK,-7.7070,1.0476,-66,-3,14,0.1818,354.33,417.96,40.00,38.00,295.50,270.00,61.00,50.00,0.0000,159.23,0,0,0.0000,NOT_RUN,0,318,1835,0,6,340,66,0,0,0,0
257,0,1,0,LOW_PSR,5.7122,1.0435,48,-13,7,0.0833,354.33,417.96,40.00,38.00,294.00,269.50,62.00,51.00,0.0000,160.25,0,0,0.0000,NOT_RUN,0,313,2815,0,6,340,48,0,0,0,0
258,0,1,0,NEGATIVE_PEAK,-9.0291,1.2029,-83,17,27,0.4458,354.33,417.96,40.00,38.00,296.50,267.50,63.00,51.00,0.0000,161.19,0,0,0.0000,NOT_RUN,0,338,2006,0,6,340,83,0,0,0,0
259,0,1,1,ACCEPT,7.8177,1.0000,73,16,14,0.2466,364.33,426.27,40.00,38.00,296.50,266.50,63.00,51.00,0.0000,173.57,1,-16,1.0398,AT_SEARCH_RAIL,0,355,2011,8977,6,340,73,0,0,0,0
260,0,1,0,NEGATIVE_PEAK,-6.7113,1.0182,-56,3,18,0.5357,364.33,426.27,40.00,38.00,296.00,266.50,62.00,53.00,0.0000,173.77,0,0,0.0000,NOT_RUN,0,339,4874,0,6,340,56,0,0,0,0
261,0,1,1,ACCEPT,7.1743,1.0833,65,5,0,0.1846,367.45,426.27,40.00,38.00,299.00,268.50,50.00,45.00,0.0000,171.98,1,16,1.0572,AT_SEARCH_RAIL,0,321,3897,6201,6,340,65,0,0,0,0
262,0,1,0,NEGATIVE_PEAK,-6.5324,1.0000,-45,-19,23,0.1111,367.45,426.27,40.00,38.00,295.50,264.00,63.00,52.00,0.0000,177.51,0,0,0.0000,NOT_RUN,0,258,3695,0,6,340,45,0,0,0,0
263,0,1,1,ACCEPT,7.5879,1.0690,31,7,27,0.1935,371.83,442.30,40.00,38.00,292.00,261.50,62.00,51.00,0.0000,197.64,1,5,0.9148,MAX_STEP,0,159,750,9064,6,340,31,0,0,0,0
264,0,1,0,NEGATIVE_PEAK,-5.8316,1.0667,-16,-19,14,0.3750,371.83,442.30,40.00,38.00,295.50,261.00,63.00,52.00,0.0000,196.72,0,0,0.0000,NOT_RUN,0,98,2509,0,6,340,16,0,0,0,0
265,0,1,0,NEGATIVE_PEAK,-6.9851,1.0714,-30,-1,14,0.1333,371.83,442.30,40.00,38.00,289.00,261.50,64.00,51.00,0.0000,198.87,0,0,0.0000,NOT_RUN,0,236,2868,0,6,340,30,0,0,0,0
266,0,1,0,LOW_PSR,5.7603,1.1200,28,7,0,0.7500,371.83,442.30,40.00,38.00,295.00,262.50,64.00,51.00,0.0000,195.53,0,0,0.0000,NOT_RUN,0,248,3126,0,6,340,28,0,0,0,0
267,0,1,0,NEGATIVE_PEAK,-7.9501,1.2083,-58,35,31,0.2069,371.83,442.30,40.00,38.00,295.00,263.00,64.00,52.00,0.0000,195.07,0,0,0.0000,NOT_RUN,0,433,3289,0,6,340,58,0,0,0,0
268,0,1,0,NEGATIVE_PEAK,-5.3261,1.0417,-25,11,-13,0.0800,371.83,442.30,40.00,38.00,295.00,265.00,64.00,52.00,0.0000,193.23,0,0,0.0000,NOT_RUN,0,270,2907,0,6,340,25,0,0,0,0
269,0,1,0,NEGATIVE_PEAK,-8.3184,1.0192,-53,-2,27,0.6038,371.83,442.30,40.00,38.00,296.00,266.00,62.00,50.00,0.0000,191.92,0,0,0.0000,NOT_RUN,0,297,2483,0,6,340,53,0,0,0,0
270,0,1,0,NEGATIVE_PEAK,-5.5653,1.0000,-17,-19,27,0.1176,371.83,442.30,40.00,38.00,296.00,267.00,62.00,52.00,0.0000,191.00,0,0,0.0000,NOT_RUN,0,111,1459,0,6,340,17,0,0,0,0
271,0,1,0,NEGATIVE_PEAK,-7.1316,1.0455,-23,33,39,0.1304,371.83,442.30,40.00,38.00,294.50,271.00,63.00,56.00,0.0000,187.95,0,0,0.0000,NOT_RUN,0,104,1522,0,6,340,23,0,0,0,0
272,0,1,0,NEGATIVE_PEAK,-7.4671,1.3529,-23,-16,0,0.0870,371.83,442.30,40.00,38.00,295.50,271.00,63.00,56.00,0.0000,187.54,0,0,0.0000,NOT_RUN,0,106,1135,0,6,340,23,0,0,0,0
273,0,1,0,NEGATIVE_PEAK,-5.5467,1.0000,-16,33,48,0.0625,371.83,442.30,40.00,38.00,294.50,273.00,59.00,60.00,0.0000,186.13,0,0,0.0000,NOT_RUN,0,96,1048,0,6,340,16,0,0,0,0
274,0,1,0,NEGATIVE_PEAK,-6.6775,1.2000,-18,-15,33,0.1111,371.83,442.30,40.00,38.00,298.00,275.00,66.00,54.00,0.0000,182.87,0,0,0.0000,NOT_RUN,0,98,1030,0,6,340,18,0,0,0,0
275,0,1,0,NEGATIVE_PEAK,-7.1199,1.1053,-21,8,0,0.1905,371.83,442.30,40.00,38.00,300.50,277.50,57.00,49.00,0.0000,179.58,0,0,0.0000,NOT_RUN,0,105,629,0,6,340,22,0,0,0,0
276,0,1,0,NEGATIVE_PEAK,-7.3076,1.2000,-24,-7,27,0.3750,371.83,442.30,40.00,38.00,295.00,276.50,64.00,53.00,0.0000,182.74,0,0,0.0000,NOT_RUN,0,107,780,0,6,340,24,0,0,0,0
277,0,1,0,NEGATIVE_PEAK,-7.6106,1.2273,-27,-9,27,0.4444,371.83,442.30,40.00,38.00,293.50,276.00,55.00,52.00,0.0000,183.83,0,0,0.0000,NOT_RUN,0,144,1287,0,6,340,27,0,0,0,0
278,0,1,0,NEGATIVE_PEAK,-7.4824,1.2692,-33,-8,27,0.0606,371.83,442.30,40.00,38.00,295.50,278.00,51.00,50.00,0.0000,181.17,0,0,0.0000,NOT_RUN,0,150,1494,0,6,340,33,0,0,0,0
279,0,1,0,NEGATIVE_PEAK,-9.1388,1.5758,-52,-3,27,0.0385,371.83,442.30,40.00,38.00,294.50,283.00,49.00,50.00,0.0000,177.08,0,0,0.0000,NOT_RUN,0,168,2315,0,6,340,52,0,0,0,0
280,0,1,0,NEGATIVE_PEAK,-6.5073,1.1111,-20,4,51,0.1000,371.83,442.30,40.00,38.00,294.50,285.50,59.00,53.00,0.0000,174.84,0,0,0.0000,NOT_RUN,0,95,1223,0,6,340,20,0,0,0,0
281,0,1,0,NEGATIVE_PEAK,-9.3901,1.1091,-61,-3,54,0.1148,371.83,442.30,40.00,38.00,293.50,285.00,61.00,50.00,0.0000,175.73,0,0,0.0000,NOT_RUN,0,261,2300,0,6,340,61,0,0,0,0
282,0,1,1,ACCEPT,7.0689,1.2000,24,5,57,0.5000,374.95,476.15,40.00,38.00,293.50,285.50,59.00,51.00,0.0000,207.32,1,0,3.1094,ACCEPT,0,145,1382,11362,6,340,24,0,0,0,0
283,0,1,0,NEGATIVE_PEAK,-7.2507,1.2917,-62,30,51,0.2258,374.95,476.15,40.00,38.00,294.00,286.50,56.00,51.00,0.0000,206.20,0,0,0.0000,NOT_RUN,0,586,1794,0,6,340,62,0,0,0,0
284,0,1,1,ACCEPT,8.6648,1.5714,33,21,51,0.3333,388.08,506.43,40.00,38.00,293.50,288.50,59.00,53.00,0.0000,237.57,1,0,2.6017,ACCEPT,0,159,1414,13466,6,340,33,0,0,0,0
285,0,1,0,NEGATIVE_PEAK,-10.3406,1.2872,-121,33,40,0.0496,388.08,506.43,40.00,38.00,292.50,289.00,61.00,52.00,0.0000,237.51,0,0,0.0000,NOT_RUN,0,581,3724,0,6,340,121,0,0,0,0
286,0,1,0,NEGATIVE_PEAK,-6.5621,1.0312,-66,44,24,0.0758,388.08,506.43,40.00,38.00,295.00,289.00,64.00,52.00,0.0000,236.51,0,0,0.0000,NOT_RUN,0,387,3062,0,6,340,66,0,0,0,0
287,0,1,0,NEGATIVE_PEAK,-9.9591,1.5926,-86,37,35,0.0000,388.08,506.43,40.00,38.00,296.00,290.00,56.00,48.00,0.0000,235.20,0,0,0.0000,NOT_RUN,0,368,2572,0,6,340,86,0,0,0,0
288,0,1,0,NEGATIVE_PEAK,-9.7160,1.2742,-79,45,24,0.0127,388.08,506.43,40.00,38.00,293.50,291.00,43.00,42.00,0.0000,235.28,0,0,0.0000,NOT_RUN,0,404,1935,0,6,340,79,0,0,0,0
289,0,1,0,NEGATIVE_PEAK,-7.6682,1.0862,-63,48,21,0.0317,388.08,506.43,40.00,38.00,291.50,291.00,57.00,50.00,0.0000,236.09,0,0,0.0000,NOT_RUN,0,371,2147,0,6,340,63,0,0,0,0
290,0,1,0,NEGATIVE_PEAK,-6.5902,1.0500,-42,48,20,0.0714,388.08,506.43,40.00,38.00,292.00,292.00,58.00,48.00,0.0000,234.97,0,0,0.0000,NOT_RUN,0,302,1843,0,6,340,42,0,0,0,0
291,0,1,0,NEGATIVE_PEAK,-6.8529,1.0789,-41,42,51,0.3659,388.08,506.43,40.00,38.00,294.50,291.00,61.00,50.00,0.0000,234.88,0,0,0.0000,NOT_RUN,0,273,2051,0,6,340,41,0,0,0,0
292,0,1,0,NEGATIVE_PEAK,-7.9827,1.2439,-51,47,27,0.1176,388.08,506.43,40.00,38.00,290.00,289.00,56.00,48.00,0.0000,238.53,0,0,0.0000,NOT_RUN,0,294,1708,0,6,340,51,0,0,0,0
293,0,1,0,NEGATIVE_PEAK,-4.8666,1.0606,-35,-3,-9,0.0286,388.08,506.43,40.00,38.00,293.00,291.50,58.00,47.00,0.0000,235.02,0,0,0.0000,NOT_RUN,0,505,2991,0,6,340,35,0,0,0,0
294,0,1,0,NEGATIVE_PEAK,-6.4285,1.1000,-66,25,27,0.6515,388.08,506.43,40.00,38.00,291.50,291.50,59.00,49.00,0.0000,235.63,0,0,0.0000,NOT_RUN,0,736,2921,0,6,340,66,0,0,0,0
295,0,1,0,NEGATIVE_PEAK,-7.7057,1.0290,-71,8,5,0.0282,388.08,506.43,40.00,38.00,293.00,294.50,58.00,49.00,0.0000,232.28,0,0,0.0000,NOT_RUN,0,532,2252,0,6,340,71,0,0,0,0
296,0,1,0,LOW_PSR,5.8322,1.0000,28,10,28,0.2143,388.08,506.43,40.00,38.00,293.00,293.50,58.00,49.00,0.0000,233.19,0,0,0.0000,NOT_RUN,0,237,2021,0,6,340,28,0,0,0,0
297,0,1,0,NEGATIVE_PEAK,-7.3521,1.0667,-32,6,13,0.2188,388.08,506.43,40.00,38.00,294.50,296.00,57.00,48.00,0.0000,230.30,0,0,0.0000,NOT_RUN,0,128,801,0,6,340,32,0,0,0,0
298,0,1,0,NEGATIVE_PEAK,-10.4582,1.4231,-37,0,0,1.0000,388.08,506.43,40.00,38.00,295.00,298.00,58.00,44.00,0.0000,228.27,0,0,0.0000,NOT_RUN,0,105,1104,0,6,340,38,0,0,0,0
299,0,1,0,NEGATIVE_PEAK,-8.0507,1.1667,-35,11,8,0.7714,388.08,506.43,40.00,38.00,298.50,297.00,59.00,48.00,0.0000,227.78,0,0,0.0000,NOT_RUN,0,136,341,0,6,340,35,0,0,0,0
300,0,1,0,LOW_PSR,6.9847,1.0345,30,10,7,0.6667,388.08,506.43,40.00,38.00,299.00,297.00,44.00,44.00,0.0000,227.59,0,0,0.0000,NOT_RUN,0,113,500,0,6,340,30,0,0,0,0
301,0,1,1,ACCEPT,8.4283,1.0857,38,27,14,0.5526,404.95,514.74,40.00,38.00,300.50,295.00,53.00,46.00,0.0000,243.30,1,0,3.0902,ACCEPT,0,128,301,24504,6,340,38,0,0,0,0
302,0,1,0,NEGATIVE_PEAK,-6.5464,1.0714,-60,41,39,0.0167,404.95,514.74,40.00,38.00,297.50,295.00,53.00,48.00,0.0000,244.61,0,0,0.0000,NOT_RUN,0,462,1719,0,6,340,60,0,0,0,0
303,0,1,0,NEGATIVE_PEAK,-7.3248,1.2500,-45,53,26,0.0889,404.95,514.74,40.00,38.00,301.00,294.50,50.00,47.00,0.0000,243.54,0,0,0.0000,NOT_RUN,0,301,796,0,6,340,45,0,0,0,0
304,0,1,0,LOW_PSR,6.2494,1.2000,36,10,39,0.2222,404.95,514.74,40.00,38.00,299.00,296.00,50.00,46.00,0.0000,243.05,0,0,0.0000,NOT_RUN,0,374,1016,0,6,340,36,0,0,0,0
305,0,1,0,NEGATIVE_PEAK,-6.7626,1.1500,-69,15,42,0.0580,404.95,514.74,40.00,38.00,298.00,293.00,52.00,50.00,0.0000,246.19,0,0,0.0000,NOT_RUN,0,667,731,0,6,340,69,0,0,0,0
306,0,1,0,NEGATIVE_PEAK,-8.4219,1.2609,-116,35,19,0.0517,404.95,514.74,40.00,38.00,301.00,294.00,56.00,52.00,0.0000,243.99,0,0,0.0000,NOT_RUN,0,1001,1310,0,6,340,116,0,0,0,0
307,0,1,0,NEGATIVE_PEAK,-7.8064,1.1193,-122,36,9,0.0984,404.95,514.74,40.00,38.00,300.50,292.00,59.00,48.00,0.0000,246.02,0,0,0.0000,NOT_RUN,0,1121,1050,0,6,340,122,0,0,0,0
308,0,1,0,NEGATIVE_PEAK,-6.0178,1.0952,-69,45,49,0.1594,404.95,514.74,40.00,38.00,299.50,293.50,55.00,47.00,0.0000,245.09,0,0,0.0000,NOT_RUN,0,594,440,0,6,340,69,0,0,0,0
309,0,1,0,LOW_PSR,6.2589,1.2364,68,8,-12,0.0000,404.95,514.74,40.00,38.00,301.50,296.00,59.00,48.00,0.0000,241.97,0,0,0.0000,NOT_RUN,0,680,613,0,6,340,68,0,0,0,0
310,0,1,0,NEGATIVE_PEAK,-6.7379,1.0776,-125,41,16,0.0320,404.95,514.74,40.00,38.00,295.50,295.00,57.00,48.00,0.0000,245.49,0,0,0.0000,NOT_RUN,0,1062,746,0,6,340,125,0,0,0,0
311,0,1,0,NEGATIVE_PEAK,-6.2903,1.0968,-102,37,43,0.0098,404.95,514.74,40.00,38.00,295.00,298.00,52.00,50.00,0.0000,243.04,0,0,0.0000,NOT_RUN,0,770,2125,0,6,340,102,0,0,0,0
312,0,1,1,ACCEPT,7.6930,1.1848,109,45,13,0.0092,433.08,522.46,38.46,36.54,297.00,296.50,60.00,47.00,0.0000,263.77,1,-1,3.0005,ACCEPT,0,730,1436,22821,6,340,109,0,0,0,0
313,0,1,0,NEGATIVE_PEAK,-7.1986,1.1056,-157,7,2,0.0064,433.08,522.46,38.46,36.54,292.50,296.50,57.00,51.00,0.0000,266.12,0,0,0.0000,NOT_RUN,0,1130,3069,0,6,340,157,0,0,0,0
314,0,1,0,NEGATIVE_PEAK,-8.4189,1.1271,-204,-1,9,0.2500,433.08,522.46,38.46,36.54,292.50,296.50,57.00,47.00,0.0000,266.12,0,0,0.0000,NOT_RUN,0,1160,2833,0,6,340,204,0,0,0,0
315,0,1,0,NEGATIVE_PEAK,-6.5875,1.0643,-149,-14,30,0.1275,433.08,522.46,38.46,36.54,291.00,298.00,50.00,42.00,0.0000,265.65,0,0,0.0000,NOT_RUN,0,1153,2304,0,6,340,149,0,0,0,0
316,0,1,0,NEGATIVE_PEAK,-8.2355,1.2378,-203,-7,13,0.3448,433.08,522.46,38.46,36.54,291.50,296.00,53.00,48.00,0.0000,267.07,0,0,0.0000,NOT_RUN,0,1384,2863,0,6,340,203,0,0,0,0
317,0,1,0,NEGATIVE_PEAK,-8.4774,1.2119,-183,2,-1,0.7049,433.08,522.46,38.46,36.54,291.00,298.00,56.00,52.00,0.0000,265.65,0,0,0.0000,NOT_RUN,0,1200,1875,0,6,340,183,0,0,0,0
318,0,1,0,NEGATIVE_PEAK,-8.3373,1.3200,-198,-12,23,0.1970,433.08,522.46,38.46,36.54,295.00,298.00,46.00,46.00,0.0000,263.53,0,0,0.0000,NOT_RUN,0,1406,2566,0,6,340,198,0,0,0,0
319,0,1,1,ACCEPT,7.4662,1.0327,158,-12,15,0.0443,425.86,531.02,38.46,36.54,293.00,297.50,48.00,45.00,0.0000,268.67,1,0,3.6296,ACCEPT,0,1240,1338,22595,6,340,158,0,0,0,0
320,0,1,0,NEGATIVE_PEAK,-14.6153,1.4971,-259,-2,25,0.0772,425.86,531.02,38.46,36.54,294.50,299.50,53.00,47.00,0.0000,266.19,0,0,0.0000,NOT_RUN,0,574,1140,0,6,340,259,0,0,0,0
321,0,1,0,NEGATIVE_PEAK,-13.3244,1.5969,-206,7,11,0.1990,425.86,531.02,38.46,36.54,296.00,298.00,54.00,44.00,0.0000,266.76,0,0,0.0000,NOT_RUN,0,747,684,0,6,340,206,0,0,0,0
322,0,1,0,NEGATIVE_PEAK,-10.5904,1.0141,-216,10,11,0.1713,425.86,531.02,38.46,36.54,293.50,298.50,43.00,41.00,0.0000,267.55,0,0,0.0000,NOT_RUN,0,718,619,0,6,340,216,0,0,0,0
323,0,1,1,ACCEPT,10.1363,1.2302,171,5,25,0.4327,428.87,545.27,38.46,36.54,292.00,297.50,58.00,49.00,0.0000,283.06,1,0,3.6835,ACCEPT,0,709,581,24594,6,340,171,0,0,0,0
324,0,1,0,NEGATIVE_PEAK,-9.8882,1.2110,-132,2,10,0.4167,428.87,545.27,38.46,36.54,291.00,298.50,54.00,43.00,0.0000,282.67,0,0,0.0000,NOT_RUN,0,545,623,0,6,340,132,0,0,0,0
325,0,1,1,ACCEPT,10.6711,1.0441,142,1,22,0.6197,429.47,557.82,36.98,35.13,290.50,298.00,55.00,44.00,0.0000,294.65,1,-1,2.3855,ACCEPT,0,509,1002,22702,6,340,142,0,0,0,0
326,0,1,1,ACCEPT,18.1552,1.4648,208,-4,6,0.0721,427.16,561.10,36.98,35.13,290.00,299.50,56.00,43.00,0.0000,295.38,1,0,3.2314,ACCEPT,0,367,895,21552,6,340,208,0,0,0,0
327,0,1,1,ACCEPT,14.8105,1.2640,158,-1,12,0.2722,426.58,567.66,36.98,35.13,286.00,298.00,48.00,46.00,0.0000,304.11,1,0,2.8831,ACCEPT,0,290,1335,19624,6,340,158,0,0,0,0
328,0,1,1,ACCEPT,9.0221,1.0000,79,-11,31,0.0253,420.22,584.62,36.98,35.13,286.00,298.00,52.00,52.00,0.0000,316.49,1,0,2.5573,ACCEPT,0,344,1396,16385,6,340,79,0,0,0,0
329,0,1,0,NEGATIVE_PEAK,-17.6845,1.8723,-176,-6,15,0.1023,420.22,584.62,36.98,35.13,284.50,299.00,57.00,52.00,0.0000,316.22,0,0,0.0000,NOT_RUN,0,227,1257,0,6,340,176,0,0,0,0
330,0,1,1,ACCEPT,13.2324,1.6719,107,-3,30,0.4019,418.48,601.02,36.98,35.13,286.00,301.50,52.00,49.00,0.0000,327.52,1,-4,1.2452,MAX_STEP,0,226,1526,9715,6,340,107,0,0,0,0
331,0,1,1,ACCEPT,10.7452,1.0482,87,-14,15,0.0000,410.39,609.23,35.56,33.78,285.00,303.50,52.00,47.00,0.0000,330.44,1,-1,2.6116,ACCEPT,0,242,1106,19187,6,340,87,0,0,0,0
332,0,1,1,ACCEPT,10.3519,1.0745,101,-9,7,0.0792,405.40,612.95,34.19,32.48,282.00,304.00,56.00,48.00,0.0000,332.68,1,-1,2.4806,ACCEPT,0,259,1195,15667,6,340,101,0,0,0,0
333,0,1,1,ACCEPT,13.1556,1.1293,131,-8,3,0.1603,401.15,614.47,32.88,31.23,279.50,304.00,55.00,46.00,0.0000,333.45,1,-1,2.7398,ACCEPT,0,286,968,17486,6,340,131,0,0,0,0
334,0,1,1,ACCEPT,11.8955,1.0814,93,-11,5,0.3011,395.48,616.89,31.61,30.03,276.50,305.00,57.00,48.00,0.0000,333.81,1,-1,2.7705,ACCEPT,0,305,1245,12082,6,340,93,0,0,0,0
335,0,1,1,ACCEPT,18.1617,1.5648,169,-4,11,0.0118,393.51,622.05,31.61,30.03,275.00,305.00,54.00,44.00,0.0000,338.47,1,0,2.9835,ACCEPT,0,344,1056,15856,6,340,169,0,0,0,0
336,0,1,1,ACCEPT,9.2948,1.0519,81,-7,10,0.5802,390.06,626.73,31.61,30.03,273.00,305.50,54.00,47.00,0.0000,341.90,1,0,2.9229,ACCEPT,0,285,740,10055,6,340,81,0,0,0,0
337,0,1,1,ACCEPT,15.1081,1.4342,109,-2,10,0.4220,389.08,631.42,31.61,30.03,275.50,306.50,55.00,49.00,0.0000,344.20,1,0,3.0036,ACCEPT,0,272,776,11481,6,340,109,0,0,0,0
338,0,1,1,ACCEPT,12.4785,1.0385,81,-4,-5,0.1728,387.11,629.08,31.61,30.03,273.50,305.00,55.00,46.00,0.0000,343.41,1,0,3.0009,ACCEPT,0,204,518,13881,6,340,81,0,0,0,0
339,0,1,1,ACCEPT,14.7429,1.1548,97,-2,-1,0.3196,386.12,628.61,31.61,30.03,272.00,303.00,52.00,52.00,0.0000,345.03,1,0,2.9508,ACCEPT,0,208,479,17511,6,340,97,0,0,0,0
340,0,1,1,ACCEPT,26.0385,2.6333,158,-4,6,0.0316,384.16,631.42,31.61,30.03,273.50,308.00,41.00,46.00,0.0000,341.83,1,0,2.9830,ACCEPT,0,220,614,16893,6,340,158,0,0,0,0
