frame,occluded,evaluated,accept,reason,psr_bolme,psr_ratio,peak,dr_bin,dc_bin,resp00_over_peak,est_row,est_col,est_h,est_w,truth_row,truth_col,truth_h,truth_w,iou,centre_err,published,scale_idx,scale_conf,scale_reason,rails,accum_max,fch0_max,h_max,job,anchor,resp_max,rails_fch,rails_accum,rails_resp,rails_h
0,0,0,0,ZERO_RESPONSE,0.0000,0.0000,0,0,0,0.0000,240.50,549.00,21.00,74.00,240.50,549.00,21.00,74.00,1.0000,0.00,1,0,0.0000,NOT_RUN,0,0,408,15331,0,0,0,0,0,0,0
1,0,1,1,ACCEPT,8.6500,1.9150,1871,12,3,0.1427,248.38,555.94,21.00,74.00,250.00,556.00,12.00,44.00,0.3398,1.63,1,0,3.0515,ACCEPT,0,3966,434,11245,0,0,1871,0,0,0,0
2,0,1,1,ACCEPT,13.2755,2.1719,6040,7,1,0.0512,252.97,558.25,20.19,71.15,253.50,565.00,23.00,60.00,0.7292,6.77,1,-1,2.7141,ACCEPT,0,7117,348,15427,0,0,6040,0,0,0,0
3,0,1,1,ACCEPT,13.9642,2.3861,7070,6,1,0.2900,256.72,560.47,20.19,71.15,255.00,560.50,28.00,65.00,0.6751,1.72,1,0,2.8404,ACCEPT,0,8707,346,14963,0,0,7070,0,0,0,0
4,0,1,1,ACCEPT,16.8062,3.1941,7487,7,1,0.0546,261.09,562.69,20.19,71.15,259.50,563.50,27.00,51.00,0.5773,1.79,1,0,2.9183,ACCEPT,0,7743,260,16664,0,0,7487,0,0,0,0
5,0,1,1,ACCEPT,17.9418,3.1452,9313,9,0,0.1237,266.72,562.69,20.19,71.15,264.00,564.00,24.00,48.00,0.5608,3.02,1,0,2.8995,ACCEPT,0,8549,281,14415,0,0,9313,0,0,0,0
6,0,1,1,ACCEPT,18.4941,3.6226,8763,11,2,0.0293,273.59,567.12,20.19,71.15,273.00,566.50,18.00,77.00,0.8306,0.86,1,0,2.9862,ACCEPT,0,8809,117,18906,0,0,8763,0,0,0,0
7,0,1,1,ACCEPT,17.8459,2.3653,13113,5,1,0.4379,276.72,569.34,20.19,71.15,276.50,563.50,15.00,69.00,0.6388,5.85,1,0,2.8930,ACCEPT,0,15416,190,18971,0,0,13113,0,0,0,0
8,0,1,1,ACCEPT,19.3090,3.0880,14143,6,1,0.2606,280.47,571.56,20.19,71.15,279.00,569.50,18.00,69.00,0.8102,2.53,1,0,2.8491,ACCEPT,0,14107,144,15263,0,0,14143,0,0,0,0
9,0,1,1,ACCEPT,17.9052,2.6472,10099,5,0,0.2018,283.59,571.56,19.42,68.42,282.00,572.00,20.00,54.00,0.6839,1.65,1,-1,2.5407,ACCEPT,0,10104,126,12600,0,0,10099,0,0,0,0
10,0,1,1,ACCEPT,15.7038,2.6726,12032,2,1,0.7195,284.81,573.70,19.42,68.42,288.50,576.50,19.00,77.00,0.6140,4.63,1,0,2.8207,ACCEPT,0,9708,147,13325,0,0,12032,0,0,0,0
11,0,1,1,ACCEPT,13.8349,2.1843,9460,9,1,0.1272,290.30,575.84,19.42,68.42,287.50,576.00,23.00,80.00,0.6599,2.80,1,0,2.9350,ACCEPT,0,10359,192,10830,0,0,9460,0,0,0,0
12,0,1,1,ACCEPT,14.7786,2.4170,12138,6,0,0.2508,293.95,575.84,19.42,68.42,285.50,573.00,31.00,76.00,0.4516,8.92,1,0,2.9888,ACCEPT,0,14155,89,12686,0,0,12138,0,0,0,0
13,0,1,1,ACCEPT,12.1171,1.9498,10687,6,0,0.1164,297.61,575.84,19.42,68.42,286.00,572.00,32.00,68.00,0.3494,12.23,1,0,2.7686,ACCEPT,0,14262,88,18128,0,0,10687,0,0,0,0
14,0,1,1,ACCEPT,15.0063,3.4581,9240,8,1,0.1147,302.48,577.98,19.42,68.42,293.00,577.50,36.00,69.00,0.4839,9.50,1,0,2.9421,ACCEPT,0,9833,62,14607,0,0,9240,0,0,0,0
15,0,1,1,ACCEPT,11.7839,1.6233,8329,7,1,0.1346,306.75,580.12,19.42,68.42,301.50,578.50,37.00,81.00,0.4432,5.50,1,0,3.2391,ACCEPT,0,12097,58,14896,0,0,8329,0,0,0,0
16,0,1,1,ACCEPT,8.8927,1.1681,6072,7,0,0.1991,311.02,580.12,19.42,68.42,314.00,580.00,22.00,64.00,0.7080,2.99,1,0,3.0389,ACCEPT,0,7518,119,16429,0,0,6072,0,0,0,0
17,0,1,1,ACCEPT,13.6296,2.2189,14995,5,0,0.3611,314.06,580.12,19.42,68.42,315.50,584.50,15.00,71.00,0.6934,4.61,1,0,3.1337,ACCEPT,0,15341,124,18519,0,0,14995,0,0,0,0
18,0,1,1,ACCEPT,14.9065,2.1306,13199,6,-1,0.4694,317.72,577.98,19.42,68.42,313.00,582.00,18.00,84.00,0.5082,6.20,1,0,3.0395,ACCEPT,0,14334,77,16774,0,0,13199,0,0,0,0
19,0,1,1,ACCEPT,12.0486,1.4388,11736,6,-1,0.6595,321.38,575.84,19.42,68.42,314.50,579.00,23.00,80.00,0.4482,7.56,1,0,3.0222,ACCEPT,0,13833,89,17533,0,0,11736,0,0,0,0
20,0,1,1,ACCEPT,10.6348,1.8684,8703,7,-1,0.0910,325.64,573.70,19.42,68.42,320.00,577.00,22.00,70.00,0.5296,6.53,1,0,3.1685,ACCEPT,0,10363,64,21877,0,0,8703,0,0,0,0
21,0,1,1,ACCEPT,10.5467,1.7853,7284,14,1,0.0785,334.17,575.84,19.42,68.42,331.00,576.50,20.00,89.00,0.5722,3.24,1,0,3.0132,ACCEPT,0,11695,101,14731,0,0,7284,0,0,0,0
22,0,1,1,ACCEPT,15.4620,2.3007,8846,7,1,0.1431,338.44,577.98,19.42,68.42,337.50,583.00,15.00,80.00,0.6832,5.10,1,0,3.1400,ACCEPT,0,7949,71,20139,0,0,8846,0,0,0,0
23,0,1,1,ACCEPT,17.4279,2.1814,13625,6,1,0.4584,342.09,580.12,19.42,68.42,339.50,584.00,15.00,78.00,0.6672,4.66,1,0,3.1589,ACCEPT,0,11638,139,17029,0,0,13625,0,0,0,0
24,0,1,1,ACCEPT,17.7671,1.8947,18075,5,-1,0.6190,345.14,577.98,19.42,68.42,339.00,581.00,24.00,80.00,0.4878,6.84,1,0,2.7286,ACCEPT,0,20807,84,19697,0,0,18075,0,0,0,0
25,0,1,1,ACCEPT,12.3887,1.9351,13362,7,0,0.3440,349.41,577.98,19.42,68.42,340.00,580.00,32.00,76.00,0.4217,9.62,1,0,2.7089,ACCEPT,0,20583,89,18142,0,0,13362,0,0,0,0
26,0,1,1,ACCEPT,7.0452,1.7480,5410,13,0,0.4460,357.33,577.98,19.42,68.42,357.50,579.00,11.00,94.00,0.4675,1.03,1,0,3.2223,ACCEPT,0,14274,100,25832,0,0,5410,0,0,0,0
27,0,1,1,ACCEPT,17.6899,1.9714,14817,3,-1,0.5206,359.16,575.84,19.42,68.42,358.50,578.50,15.00,49.00,0.5533,2.74,1,0,2.9619,ACCEPT,0,11443,160,17073,0,0,14817,0,0,0,0
28,0,1,1,ACCEPT,14.7113,1.5334,13768,2,0,0.9415,360.38,575.84,19.42,68.42,359.00,581.00,18.00,52.00,0.6612,5.34,1,0,2.9406,ACCEPT,0,15626,116,17398,0,0,13768,0,0,0,0
29,0,1,1,ACCEPT,12.1736,1.8302,11887,8,0,0.4015,365.25,575.84,19.42,68.42,353.00,575.00,38.00,64.00,0.3891,12.28,1,0,2.7552,ACCEPT,0,21282,100,23114,0,0,11887,0,0,0,0
30,0,1,1,ACCEPT,10.3913,1.0212,9039,7,1,0.9255,369.52,577.98,19.42,68.42,355.50,572.00,41.00,52.00,0.3216,15.24,1,0,3.0777,ACCEPT,0,16947,97,17166,0,0,9039,0,0,0,0
31,0,1,1,ACCEPT,15.3926,1.5688,8716,1,0,0.9423,370.12,577.98,19.42,68.42,374.00,587.50,16.00,71.00,0.5103,10.27,1,1,1.8620,LOW_CONF,0,10104,192,27527,0,0,8716,0,0,0,0
32,0,1,1,ACCEPT,13.0995,2.3563,8021,7,1,0.1115,374.39,580.12,19.42,68.42,374.50,585.50,23.00,49.00,0.6326,5.38,1,0,2.8146,ACCEPT,0,10710,166,24408,0,0,8021,0,0,0,0
33,0,1,1,ACCEPT,10.9124,1.2339,9575,6,-1,0.6879,378.05,577.98,19.42,68.42,370.00,578.50,48.00,61.00,0.3855,8.06,1,0,2.8826,ACCEPT,0,18363,86,18601,0,0,9575,0,0,0,0
34,0,1,1,ACCEPT,15.0754,1.9212,8221,-1,-1,0.8004,377.44,575.84,20.19,71.15,364.50,576.00,53.00,58.00,0.3507,12.94,1,1,2.6781,ACCEPT,0,10617,113,21441,0,0,8221,0,0,0,0
35,0,1,1,ACCEPT,12.2322,1.2687,6473,-2,0,0.9742,376.19,575.84,20.19,71.15,373.00,580.50,30.00,81.00,0.5913,5.64,1,0,3.0362,ACCEPT,0,8916,146,17146,0,0,6473,0,0,0,0
36,0,1,1,ACCEPT,10.5739,1.6736,4907,-5,2,0.3075,373.06,580.28,19.42,68.42,371.00,581.50,30.00,39.00,0.4349,2.40,1,-1,2.4670,ACCEPT,0,7452,100,20714,0,0,4907,0,0,0,0
37,0,1,1,ACCEPT,11.5430,1.6520,7994,-2,0,0.9016,371.84,580.28,19.42,68.42,365.50,579.50,41.00,59.00,0.4403,6.39,1,0,3.4047,ACCEPT,0,14327,69,18970,0,0,7994,0,0,0,0
38,0,1,1,ACCEPT,16.7408,2.1063,11374,-2,1,0.7481,370.62,582.42,19.42,68.42,361.00,575.50,44.00,45.00,0.3589,11.86,1,0,3.0899,ACCEPT,0,11275,116,13548,0,0,11374,0,0,0,0
39,0,1,1,ACCEPT,18.0010,2.8396,16532,-1,0,0.8891,370.02,582.42,19.42,68.42,360.00,577.00,40.00,88.00,0.3774,11.39,1,0,3.0546,ACCEPT,0,17764,103,14123,0,0,16532,0,0,0,0
40,0,1,1,ACCEPT,19.3380,3.3103,17326,-3,-1,0.5734,368.19,580.28,19.42,68.42,362.50,577.00,35.00,70.00,0.5123,6.57,1,0,3.1242,ACCEPT,0,15497,182,16675,0,0,17326,0,0,0,0
41,0,1,1,ACCEPT,6.9004,1.2839,6733,-5,-6,0.5411,365.14,567.44,19.42,68.42,355.50,571.00,49.00,46.00,0.3321,10.28,1,0,3.0493,ACCEPT,0,20733,66,20904,0,0,6733,0,0,0,0
42,0,1,1,ACCEPT,7.1670,1.0929,4481,-7,2,0.1515,360.88,571.72,19.42,68.42,356.50,569.00,45.00,38.00,0.3207,5.15,1,0,3.3299,ACCEPT,0,10378,112,16228,0,0,4481,0,0,0,0
43,0,1,1,ACCEPT,8.6917,1.1981,6561,-12,1,0.3906,353.56,573.86,19.42,68.42,354.00,566.00,38.00,38.00,0.3626,7.87,1,0,2.9832,ACCEPT,0,10832,107,14985,0,0,6561,0,0,0,0
44,0,1,1,ACCEPT,10.9003,1.6717,11125,-7,0,0.4006,349.30,573.86,19.42,68.42,350.50,562.00,31.00,62.00,0.4677,11.92,1,0,2.8989,ACCEPT,0,18082,137,24208,0,0,11125,0,0,0,0
45,0,1,1,ACCEPT,14.2318,1.8671,17568,-3,0,0.6953,347.47,573.86,19.42,68.42,341.50,565.00,35.00,68.00,0.4508,10.68,1,0,3.2010,ACCEPT,0,22449,175,24980,0,0,17568,0,0,0,0
46,0,1,1,ACCEPT,16.0608,3.7336,12672,-9,-5,0.0803,341.98,563.16,19.42,68.42,328.50,575.50,35.00,63.00,0.2615,18.28,1,0,3.1373,ACCEPT,0,13719,119,17421,0,0,12672,0,0,0,0
47,0,1,1,ACCEPT,16.7807,1.9273,12173,-8,-1,0.1576,337.11,561.02,19.42,68.42,322.50,569.50,41.00,61.00,0.2971,16.89,1,0,2.9705,ACCEPT,0,13735,93,14971,0,0,12173,0,0,0,0
48,0,1,1,ACCEPT,22.8082,3.1176,11457,-6,0,0.3208,333.45,561.02,19.42,68.42,317.00,570.00,44.00,62.00,0.2681,18.75,1,0,3.0643,ACCEPT,0,9498,108,16109,0,0,11457,0,0,0,0
49,0,1,1,ACCEPT,22.9949,3.6494,11233,-4,0,0.4418,331.02,561.02,19.42,68.42,315.50,569.00,39.00,66.00,0.2623,17.45,1,0,3.0811,ACCEPT,0,9711,85,16621,0,0,11233,0,0,0,0
50,0,1,1,ACCEPT,14.8601,1.9542,6992,-7,0,0.2672,326.75,561.02,19.42,68.42,316.00,566.50,28.00,93.00,0.2911,12.07,1,0,3.3927,ACCEPT,0,8095,78,19067,0,0,6992,0,0,0,0
51,0,1,1,ACCEPT,14.6370,2.4898,12103,-8,-2,0.1683,321.88,556.73,19.42,68.42,328.50,552.00,19.00,56.00,0.4175,8.14,1,0,3.0686,ACCEPT,0,10684,122,16215,0,0,12103,0,0,0,0
52,0,1,1,ACCEPT,12.6258,2.0222,14467,-2,-1,0.6246,320.66,554.59,19.42,68.42,323.00,553.00,22.00,56.00,0.6713,2.83,1,0,2.8227,ACCEPT,0,16021,189,12981,0,0,14467,0,0,0,0
53,0,1,1,ACCEPT,17.2815,2.7761,14716,1,-1,0.9263,321.27,552.45,19.42,68.42,317.00,556.50,24.00,69.00,0.6075,5.88,1,0,2.9460,ACCEPT,0,13157,114,18032,0,0,14716,0,0,0,0
54,0,1,1,ACCEPT,21.4447,3.9386,17972,2,0,0.8827,322.48,552.45,19.42,68.42,310.00,556.00,38.00,60.00,0.3694,12.98,1,0,3.0084,ACCEPT,0,17897,85,20466,0,0,17972,0,0,0,0
55,0,1,1,ACCEPT,19.8579,3.0898,12322,2,-1,0.8246,323.70,550.31,19.42,68.42,308.00,555.00,44.00,64.00,0.3116,16.39,1,0,2.9183,ACCEPT,0,12499,102,11923,0,0,12322,0,0,0,0
56,0,1,1,ACCEPT,8.3459,1.7127,7851,3,2,0.6785,325.53,554.59,19.42,68.42,325.50,556.00,11.00,92.00,0.4740,1.41,1,0,3.1889,ACCEPT,0,18549,151,17772,0,0,7851,0,0,0,0
57,0,1,1,ACCEPT,12.7116,2.1360,13572,2,-1,0.6754,326.75,552.45,19.42,68.42,335.50,557.00,25.00,74.00,0.3933,9.86,1,0,3.1987,ACCEPT,0,17647,133,17335,0,0,13572,0,0,0,0
58,0,1,1,ACCEPT,15.9310,2.0892,11739,0,0,1.0000,326.75,552.45,19.42,68.42,332.50,561.00,25.00,46.00,0.4398,10.30,1,0,3.1038,ACCEPT,0,11929,152,14009,0,0,11739,0,0,0,0
59,0,1,1,ACCEPT,10.2235,1.4939,9219,7,1,0.6137,331.02,554.59,19.42,68.42,327.00,556.00,22.00,72.00,0.6451,4.25,1,0,3.2558,ACCEPT,0,11875,135,13114,0,0,9219,0,0,0,0
60,0,1,1,ACCEPT,15.4280,3.0591,15568,5,-2,0.4029,334.06,550.31,19.42,68.42,320.00,548.50,42.00,53.00,0.3301,14.18,1,1,1.9804,LOW_CONF,0,21844,86,15455,0,0,15568,0,0,0,0
61,0,1,1,ACCEPT,7.1943,1.2037,6264,10,2,0.2989,340.16,554.59,19.42,68.42,328.50,551.50,35.00,79.00,0.3512,12.06,1,0,2.9288,ACCEPT,0,13914,90,24028,0,0,6264,0,0,0,0
62,0,1,1,ACCEPT,10.0331,1.7821,9087,6,0,0.5057,343.81,554.59,20.19,71.15,348.50,561.00,29.00,86.00,0.5634,7.94,1,1,2.6845,ACCEPT,0,20350,165,17317,0,0,9087,0,0,0,0
63,0,1,1,ACCEPT,12.3172,1.9449,7445,7,0,0.3820,348.19,554.59,21.00,74.00,355.00,562.50,28.00,47.00,0.4078,10.44,1,1,2.7249,ACCEPT,0,12301,84,13035,0,0,7445,0,0,0,0
64,0,1,1,ACCEPT,8.1321,1.3530,4534,11,0,0.6217,355.41,554.59,21.00,74.00,349.50,563.50,19.00,43.00,0.3434,10.69,1,0,2.8779,ACCEPT,0,8209,210,11242,0,0,4534,0,0,0,0
65,0,1,1,ACCEPT,15.0732,1.9753,9533,4,0,0.6074,358.03,554.59,21.00,74.00,342.50,558.50,45.00,49.00,0.2949,16.01,1,0,2.9466,ACCEPT,0,13736,119,14700,0,0,9533,0,0,0,0
66,0,1,1,ACCEPT,7.6378,1.3794,3567,13,1,0.6106,366.56,556.91,21.00,74.00,355.50,559.00,35.00,78.00,0.4128,11.26,1,0,3.2112,ACCEPT,0,6927,104,23574,0,0,3567,0,0,0,0
67,0,1,1,ACCEPT,9.3888,1.5974,6538,6,0,0.5017,370.50,556.91,21.00,74.00,370.50,562.50,17.00,73.00,0.7037,5.59,1,0,3.1424,ACCEPT,0,12546,96,27939,0,0,6538,0,0,0,0
68,0,1,1,ACCEPT,9.7149,1.1293,4262,-1,1,0.9575,369.84,559.22,21.00,74.00,372.50,563.00,21.00,36.00,0.4003,4.62,1,0,2.8378,ACCEPT,0,5335,95,21830,0,0,4262,0,0,0,0
69,0,1,1,ACCEPT,10.8934,1.3081,6997,6,-1,0.6579,373.78,556.91,21.00,74.00,365.50,560.50,47.00,59.00,0.4012,9.03,1,0,2.9834,ACCEPT,0,11943,106,23648,0,0,6997,0,0,0,0
70,0,1,1,ACCEPT,14.3918,2.4068,7331,4,0,0.5960,376.41,556.91,21.00,74.00,363.50,560.00,49.00,52.00,0.3628,13.27,1,0,3.0166,ACCEPT,0,9265,98,26542,0,0,7331,0,0,0,0
71,0,1,1,ACCEPT,10.7199,1.9075,5381,1,1,0.9864,377.06,559.22,21.00,74.00,379.50,561.50,23.00,87.00,0.6869,3.34,1,0,3.3222,ACCEPT,0,8323,71,20844,0,0,5381,0,0,0,0
72,0,1,1,ACCEPT,12.8385,2.2605,5163,-4,0,0.6093,374.44,559.22,20.19,71.15,376.00,561.50,20.00,53.00,0.6486,2.77,1,-1,2.5730,ACCEPT,0,5495,94,25136,0,0,5163,0,0,0,0
73,0,1,1,ACCEPT,11.9644,1.9164,5682,0,0,1.0000,374.44,559.22,20.19,71.15,365.50,560.00,31.00,66.00,0.4613,8.97,1,0,2.8990,ACCEPT,0,8531,93,18341,0,0,5682,0,0,0,0
74,0,1,1,ACCEPT,13.3373,1.6243,6070,-5,0,0.7593,371.31,559.22,20.19,71.15,363.50,557.50,33.00,37.00,0.3541,8.00,1,0,3.0733,ACCEPT,0,6954,79,24578,0,0,6070,0,0,0,0
75,0,1,1,ACCEPT,18.4499,2.9891,8235,-3,0,0.7449,369.44,559.22,20.19,71.15,364.00,563.50,34.00,59.00,0.5292,6.92,1,0,3.1636,ACCEPT,0,7945,78,19265,0,0,8235,0,0,0,0
76,0,1,1,ACCEPT,9.1659,1.5540,3206,-6,2,0.5680,365.69,563.66,19.42,68.42,363.50,567.00,17.00,90.00,0.6220,4.00,1,-1,2.7072,ACCEPT,0,5391,151,20354,0,0,3206,0,0,0,0
77,0,1,1,ACCEPT,13.7792,2.1009,3666,-6,1,0.0205,362.03,565.80,19.42,68.42,362.50,564.50,13.00,73.00,0.6408,1.38,1,0,2.9882,ACCEPT,0,5005,139,18463,0,0,3666,0,0,0,0
78,0,1,1,ACCEPT,12.9996,1.7870,5177,-4,0,0.5853,359.59,565.80,19.42,68.42,360.00,572.50,14.00,61.00,0.5926,6.72,1,0,3.1455,ACCEPT,0,6011,55,20963,0,0,5177,0,0,0,0
79,0,1,1,ACCEPT,14.5625,2.3137,8954,-3,-1,0.7334,357.77,563.66,20.19,71.15,354.00,559.00,18.00,52.00,0.5060,5.99,1,1,2.4836,ACCEPT,0,11617,54,20988,0,0,8954,0,0,0,0
80,0,1,1,ACCEPT,13.6128,1.7947,8796,1,0,0.9409,358.39,563.66,21.00,74.00,347.50,556.50,27.00,47.00,0.2792,13.03,1,1,2.0307,ACCEPT,0,12051,62,17718,0,0,8796,0,0,0,0
81,0,1,1,ACCEPT,17.3809,3.1379,7578,0,2,0.7220,358.39,568.28,21.84,76.96,341.50,571.00,41.00,66.00,0.2797,17.11,1,1,2.7066,ACCEPT,0,6771,62,12072,0,0,7578,0,0,0,0
82,0,1,1,ACCEPT,13.8767,2.2876,7611,-2,2,0.3243,357.02,573.09,21.84,76.96,352.50,578.00,19.00,84.00,0.5793,6.67,1,0,3.2081,ACCEPT,0,8663,74,16830,0,0,7611,0,0,0,0
83,0,1,1,ACCEPT,11.2983,1.9471,12950,-2,2,0.3697,355.64,577.91,21.84,76.96,358.50,572.50,17.00,57.00,0.5534,6.12,1,0,3.1761,ACCEPT,0,16787,88,15983,0,0,12950,0,0,0,0
84,0,1,1,ACCEPT,19.9835,4.0393,15018,-2,1,0.7819,354.27,580.31,21.84,76.96,362.00,582.50,26.00,51.00,0.3784,8.04,1,0,3.1781,ACCEPT,0,11746,187,11948,0,0,15018,0,0,0,0
85,0,1,1,ACCEPT,14.7391,2.5073,13063,1,0,0.9377,354.95,580.31,21.84,76.96,355.00,583.00,16.00,64.00,0.6092,2.69,1,0,3.4583,ACCEPT,0,12372,223,16516,0,0,13063,0,0,0,0
86,0,1,1,ACCEPT,17.4741,2.9493,13608,6,1,0.0959,359.08,582.72,21.84,76.96,341.00,582.00,44.00,34.00,0.1888,18.09,1,0,2.8145,ACCEPT,0,14145,97,16239,0,0,13608,0,0,0,0
87,0,1,1,ACCEPT,13.8092,2.5957,9700,3,0,0.7760,361.14,582.72,22.71,80.04,342.00,578.00,46.00,56.00,0.2406,19.71,1,1,2.6966,ACCEPT,0,11203,94,22520,0,0,9700,0,0,0,0
88,0,1,1,ACCEPT,10.3368,1.5801,9773,4,1,0.7125,363.95,585.22,22.71,80.04,350.00,583.50,34.00,79.00,0.3312,14.06,1,0,3.2031,ACCEPT,0,14047,80,22223,0,0,9773,0,0,0,0
89,0,1,1,ACCEPT,9.5154,1.9632,8381,2,1,0.8919,365.36,587.72,22.71,80.04,368.50,594.50,29.00,81.00,0.6721,7.47,1,0,2.9999,ACCEPT,0,15922,85,27454,0,0,8381,0,0,0,0
90,0,1,1,ACCEPT,9.2741,1.2391,8369,1,-2,0.7282,366.06,582.72,23.62,83.24,374.00,595.50,28.00,47.00,0.3440,15.05,1,1,3.0095,ACCEPT,0,13971,113,32767,0,0,8369,0,0,0,0
91,0,1,1,ACCEPT,10.4541,1.8973,9141,6,3,0.3509,370.47,590.50,24.57,86.57,370.00,588.00,26.00,48.00,0.5371,2.54,1,1,2.7694,ACCEPT,0,11454,122,32767,0,0,9141,0,0,0,0
92,0,1,1,ACCEPT,13.7108,2.3614,13746,8,0,0.1796,376.59,590.50,24.57,86.57,363.50,594.00,49.00,42.00,0.3119,13.55,1,0,3.3924,ACCEPT,0,15339,113,32767,0,0,13746,0,0,0,0
93,0,1,1,ACCEPT,16.9218,3.6381,15058,7,1,0.1310,381.95,593.20,25.55,90.03,367.00,596.00,48.00,60.00,0.3382,15.21,1,1,2.1926,ACCEPT,0,15672,90,26708,0,0,15058,0,0,0,0
94,0,1,1,ACCEPT,11.4950,1.6481,9142,5,3,0.4152,385.94,601.64,25.55,90.03,374.50,601.00,41.00,82.00,0.4625,11.46,1,0,3.2049,ACCEPT,0,12192,70,24100,0,0,9142,0,0,0,0
95,0,1,1,ACCEPT,11.0816,2.3694,8127,3,0,0.6638,388.33,601.64,26.57,93.63,384.50,613.00,29.00,80.00,0.6026,11.99,1,1,3.0786,ACCEPT,0,13424,83,21865,0,0,8127,0,0,0,0
96,0,1,1,ACCEPT,9.9733,1.8795,5710,11,1,0.2827,397.44,604.56,27.63,97.38,387.00,604.50,48.00,71.00,0.4679,10.44,1,1,3.0967,ACCEPT,0,8785,106,16050,0,0,5710,0,0,0,0
97,0,1,1,ACCEPT,14.8583,2.2460,8636,5,1,0.5875,401.73,607.61,27.63,97.38,388.50,605.50,47.00,73.00,0.4029,13.40,1,0,3.2728,ACCEPT,0,10909,96,16833,0,0,8636,0,0,0,0
98,0,1,1,ACCEPT,10.9721,1.8346,4660,3,1,0.6916,404.31,610.66,27.63,97.38,399.50,621.00,33.00,76.00,0.5945,11.41,1,0,3.2636,ACCEPT,0,6987,127,20328,0,0,4660,0,0,0,0
99,0,1,1,ACCEPT,13.6308,2.0992,6012,0,2,0.7377,404.31,616.75,26.57,93.63,405.00,621.00,20.00,56.00,0.4502,4.31,1,-1,2.4973,ACCEPT,0,7861,153,18017,0,0,6012,0,0,0,0
100,0,1,1,ACCEPT,13.5727,1.4948,7000,-1,1,0.8433,403.48,619.67,25.55,90.03,399.00,630.00,30.00,62.00,0.5316,11.26,1,-1,2.9015,ACCEPT,0,7397,87,12802,0,0,7000,0,0,0,0
101,0,1,1,ACCEPT,14.6376,2.5158,13653,-1,0,0.9580,402.69,619.67,25.55,90.03,391.00,614.50,50.00,71.00,0.4494,12.78,1,0,3.2317,ACCEPT,0,15232,93,14530,0,0,13653,0,0,0,0
102,0,1,1,ACCEPT,12.2176,2.1231,10000,-1,1,0.8398,401.89,622.48,24.57,86.57,395.50,628.00,41.00,72.00,0.5344,8.44,1,-1,2.7648,ACCEPT,0,13882,130,16203,0,0,10000,0,0,0,0
103,0,1,1,ACCEPT,15.2578,2.3731,14713,-3,1,0.4907,399.59,625.19,23.62,83.24,404.00,626.50,22.00,57.00,0.4832,4.60,1,-1,2.8151,ACCEPT,0,15131,174,22337,0,0,14713,0,0,0,0
104,0,1,1,ACCEPT,12.2094,2.1539,10412,-5,0,0.3501,395.92,625.19,22.71,80.04,399.00,633.00,30.00,62.00,0.6204,8.40,1,-1,2.6245,ACCEPT,0,13100,151,17950,0,0,10412,0,0,0,0
105,0,1,1,ACCEPT,6.9950,1.0135,6813,0,-1,0.9382,395.92,622.69,21.84,76.96,390.50,624.50,37.00,67.00,0.5427,5.72,1,-1,2.5119,ACCEPT,0,18948,74,21790,0,0,6813,0,0,0,0
106,0,1,1,ACCEPT,11.6427,1.5569,10405,5,-4,0.1871,399.36,613.06,21.84,76.96,382.50,620.00,45.00,52.00,0.2725,18.23,1,0,3.1443,ACCEPT,0,16639,78,15073,0,0,10405,0,0,0,0
107,0,1,1,ACCEPT,14.9992,1.9015,8956,-3,0,0.6929,397.30,613.06,21.84,76.96,382.00,628.00,44.00,80.00,0.2744,21.38,1,0,2.9222,ACCEPT,0,9849,92,13792,0,0,8956,0,0,0,0
108,0,1,1,ACCEPT,18.3979,2.8180,11083,-10,-1,0.0964,390.42,610.66,21.84,76.96,386.50,639.00,21.00,80.00,0.3532,28.61,1,0,3.0702,ACCEPT,0,8261,58,15999,0,0,11083,0,0,0,0
109,0,1,1,ACCEPT,12.2145,1.6270,9593,-4,2,0.2633,387.67,615.47,22.71,80.04,385.50,635.50,27.00,57.00,0.4873,20.15,1,1,2.6258,ACCEPT,0,13175,176,8416,0,0,9593,0,0,0,0
110,0,1,1,ACCEPT,15.1604,2.2988,7508,-8,1,0.0422,382.05,617.97,22.71,80.04,372.00,635.00,30.00,48.00,0.3076,19.77,1,0,3.0618,ACCEPT,0,6230,87,12990,0,0,7508,0,0,0,0
111,0,1,1,ACCEPT,15.5705,2.6718,9974,-7,0,0.2093,377.12,617.97,22.71,80.04,358.50,621.00,51.00,58.00,0.2844,18.87,1,0,3.3523,ACCEPT,0,9891,75,11224,0,0,9974,0,0,0,0
112,0,1,1,ACCEPT,13.4671,2.0460,8491,-4,0,0.7371,374.31,617.97,22.71,80.04,361.00,629.00,42.00,84.00,0.3385,17.29,1,0,2.9263,ACCEPT,0,8128,62,13525,0,0,8491,0,0,0,0
113,0,1,1,ACCEPT,12.3175,1.7458,8865,-9,0,0.1001,367.98,617.97,21.84,76.96,361.50,623.00,25.00,80.00,0.5104,8.21,1,-1,2.4627,ACCEPT,0,7892,99,12875,0,0,8865,0,0,0,0
114,0,1,1,ACCEPT,12.6806,1.4243,8227,-6,0,0.6042,363.86,617.97,21.84,76.96,356.50,642.00,25.00,52.00,0.2787,25.13,1,0,3.0668,ACCEPT,0,7967,74,15548,0,0,8227,0,0,0,0
115,0,1,1,ACCEPT,15.5443,1.9247,7874,-5,1,0.2772,360.42,620.38,21.84,76.96,347.50,638.00,39.00,42.00,0.2832,21.85,1,0,2.9793,ACCEPT,0,8089,68,22554,0,0,7874,0,0,0,0
116,0,1,1,ACCEPT,11.9752,1.4633,7871,-9,0,0.2765,354.23,620.38,21.84,76.96,333.50,621.50,59.00,41.00,0.2451,20.76,1,0,3.2880,ACCEPT,0,11412,97,20327,0,0,7871,0,0,0,0
117,0,1,1,ACCEPT,17.9004,1.9298,12571,-7,0,0.1884,349.42,620.38,21.84,76.96,332.00,619.50,50.00,71.00,0.3353,17.44,1,0,3.0278,ACCEPT,0,14997,63,19152,0,0,12571,0,0,0,0
118,0,1,1,ACCEPT,19.9833,3.6882,10338,-11,-1,0.1450,341.86,617.97,21.84,76.96,330.00,631.50,32.00,89.00,0.3003,17.99,1,0,3.0098,ACCEPT,0,10441,77,15594,0,0,10338,0,0,0,0
119,0,1,1,ACCEPT,23.9377,3.3017,11513,-12,-1,0.0104,333.61,615.56,21.84,76.96,327.00,646.00,22.00,80.00,0.2719,31.15,1,0,2.9534,ACCEPT,0,8259,99,11082,0,0,11513,0,0,0,0
120,0,1,1,ACCEPT,22.7239,3.3329,13915,-7,0,0.1449,328.80,615.56,21.84,76.96,322.00,640.00,32.00,54.00,0.3198,25.37,1,0,2.8199,ACCEPT,0,10760,157,12105,0,0,13915,0,0,0,0
121,0,1,1,ACCEPT,21.8755,3.3834,8719,-14,-1,0.1204,319.17,613.16,21.84,76.96,299.00,615.50,50.00,47.00,0.2249,20.31,1,0,3.2372,ACCEPT,0,7357,91,14143,0,0,8719,0,0,0,0
122,0,1,1,ACCEPT,24.0909,4.0259,15697,-5,0,0.1118,315.73,613.16,21.84,76.96,296.50,614.50,51.00,49.00,0.2523,19.28,1,0,3.1861,ACCEPT,0,12082,111,14280,0,0,15697,0,0,0,0
123,0,1,1,ACCEPT,23.9913,3.9060,17077,-4,-1,0.3714,312.98,610.75,21.84,76.96,302.00,627.50,38.00,61.00,0.3286,20.03,1,0,3.2077,ACCEPT,0,12703,154,15032,0,0,17077,0,0,0,0
124,0,1,1,ACCEPT,19.7491,2.5619,15674,-7,0,0.1166,308.17,610.75,21.84,76.96,302.00,630.50,28.00,85.00,0.3941,20.69,1,0,3.3230,ACCEPT,0,12766,123,18335,0,0,15674,0,0,0,0
125,0,1,1,ACCEPT,19.9218,3.9712,14614,-7,0,0.0112,303.36,610.75,21.84,76.96,297.50,641.50,25.00,67.00,0.2751,31.30,1,0,2.8813,ACCEPT,0,12530,123,14097,0,0,14614,0,0,0,0
126,0,1,1,ACCEPT,10.9044,1.1456,7909,-9,0,0.7032,297.17,610.75,21.84,76.96,282.50,620.50,45.00,57.00,0.3364,17.62,1,0,3.1917,ACCEPT,0,7807,150,14963,0,0,7909,0,0,0,0
127,0,1,1,ACCEPT,18.0664,2.5117,12973,-1,0,0.9497,296.48,610.75,21.84,76.96,278.00,610.50,54.00,55.00,0.2984,18.49,1,0,3.1540,ACCEPT,0,12027,93,15490,0,0,12973,0,0,0,0
128,0,1,1,ACCEPT,22.0390,3.3667,11615,-1,0,0.9568,295.80,610.75,21.84,76.96,274.50,614.00,59.00,42.00,0.2393,21.54,1,0,3.1700,ACCEPT,0,7807,129,12709,0,0,11615,0,0,0,0
129,0,1,1,ACCEPT,14.8968,2.4139,8724,-2,-1,0.6719,294.42,608.34,21.84,76.96,275.00,618.00,60.00,44.00,0.2803,21.69,1,0,3.1894,ACCEPT,0,8191,97,14531,0,0,8724,0,0,0,0
130,0,1,1,ACCEPT,12.0042,1.8789,8070,-9,2,0.3394,288.23,613.16,21.84,76.96,276.50,633.50,39.00,55.00,0.2868,23.49,1,0,2.9655,ACCEPT,0,11294,128,9201,0,0,8070,0,0,0,0
131,0,1,1,ACCEPT,14.5766,2.0677,5531,-3,-5,0.1900,286.17,601.12,21.84,76.96,272.00,629.00,46.00,52.00,0.2158,31.27,1,0,2.9243,ACCEPT,0,5644,84,12820,0,0,5531,0,0,0,0
132,0,1,1,ACCEPT,16.5875,2.6357,7546,-1,1,0.8226,285.48,603.53,21.84,76.96,261.50,610.50,59.00,45.00,0.2057,24.98,1,0,3.0538,ACCEPT,0,7247,96,16720,0,0,7546,0,0,0,0
133,0,1,1,ACCEPT,21.3721,3.3050,11723,-2,0,0.7485,284.11,603.53,21.84,76.96,260.50,602.50,59.00,53.00,0.2275,23.63,1,0,3.0361,ACCEPT,0,11189,89,17435,0,0,11723,0,0,0,0
134,0,1,1,ACCEPT,24.5203,3.6133,10034,-3,-2,0.2777,282.05,598.72,21.84,76.96,261.50,599.50,53.00,51.00,0.2442,20.56,1,0,3.2516,ACCEPT,0,7549,86,15491,0,0,10034,0,0,0,0
135,0,1,1,ACCEPT,22.1451,3.2983,10472,-2,-1,0.4652,280.67,596.31,21.84,76.96,260.50,603.50,51.00,59.00,0.2569,21.41,1,0,2.8938,ACCEPT,0,8294,91,15610,0,0,10472,0,0,0,0
136,0,1,1,ACCEPT,13.7541,1.8562,7059,-6,2,0.5387,276.55,601.12,21.00,74.00,271.00,622.00,22.00,70.00,0.3580,21.60,1,-1,2.5131,ACCEPT,0,8859,84,17333,0,0,7059,0,0,0,0
137,0,1,1,ACCEPT,9.1775,1.2830,7303,-7,-5,0.3870,271.95,589.56,21.00,74.00,266.50,615.00,21.00,72.00,0.3178,26.02,1,0,2.9020,ACCEPT,0,10165,126,16319,0,0,7303,0,0,0,0
138,0,1,1,ACCEPT,8.0257,1.6100,5545,-8,6,0.0950,266.70,603.44,21.84,76.96,263.00,613.50,30.00,67.00,0.5783,10.72,1,1,2.8961,ACCEPT,0,11781,65,19224,0,0,5545,0,0,0,0
139,0,1,1,ACCEPT,10.8957,1.4410,9623,0,1,0.9776,266.70,605.84,21.84,76.96,254.00,607.00,42.00,54.00,0.3565,12.76,1,0,3.1827,ACCEPT,0,14431,80,12906,0,0,9623,0,0,0,0
140,0,1,1,ACCEPT,15.1794,1.7633,10243,0,1,0.9946,266.70,608.25,21.84,76.96,257.50,604.50,43.00,67.00,0.4723,9.94,1,0,3.2256,ACCEPT,0,10772,102,10411,0,0,10243,0,0,0,0
141,0,1,1,ACCEPT,7.6610,1.3562,5159,1,1,0.8639,267.39,610.66,21.84,76.96,268.00,616.00,26.00,88.00,0.7346,5.38,1,0,3.2512,ACCEPT,0,12225,120,13257,0,0,5159,0,0,0,0
142,0,1,1,ACCEPT,12.8220,1.5874,13563,1,0,0.9826,268.08,610.66,21.84,76.96,278.00,624.50,32.00,71.00,0.3488,17.03,1,0,3.1606,ACCEPT,0,19858,121,14337,0,0,13563,0,0,0,0
143,0,1,1,ACCEPT,10.6524,1.4404,16072,-2,0,0.8583,266.70,610.66,21.84,76.96,274.50,623.00,25.00,58.00,0.3796,14.60,1,0,3.2834,ACCEPT,0,23235,231,11520,0,0,16072,0,0,0,0
144,0,1,1,ACCEPT,13.8768,1.9605,11649,0,1,0.8732,266.70,613.06,21.84,76.96,270.00,615.50,22.00,71.00,0.6885,4.10,1,0,3.2181,ACCEPT,0,15756,189,13693,0,0,11649,0,0,0,0
145,0,1,1,ACCEPT,15.0564,2.2423,9976,3,-1,0.8067,268.77,610.66,21.84,76.96,260.50,612.50,31.00,73.00,0.5061,8.47,1,0,3.1256,ACCEPT,0,13187,80,21156,0,0,9976,0,0,0,0
146,0,1,1,ACCEPT,13.0064,1.8549,12515,7,1,0.2919,273.58,613.06,21.84,76.96,268.00,615.00,26.00,64.00,0.5407,5.91,1,0,3.1122,ACCEPT,0,16647,90,9257,0,0,12515,0,0,0,0
147,0,1,1,ACCEPT,18.1009,3.9500,9946,3,1,0.4096,275.64,615.47,21.84,76.96,269.00,615.00,26.00,78.00,0.5590,6.66,1,0,3.1782,ACCEPT,0,9211,126,7286,0,0,9946,0,0,0,0
148,0,1,1,ACCEPT,11.0608,2.2856,6763,3,0,0.5847,277.70,615.47,21.84,76.96,273.00,615.50,24.00,83.00,0.6174,4.70,1,0,3.1525,ACCEPT,0,9785,103,13473,0,0,6763,0,0,0,0
149,0,1,1,ACCEPT,9.2619,1.8253,7730,3,0,0.7395,279.77,615.47,21.84,76.96,280.00,618.00,26.00,86.00,0.7517,2.54,1,0,3.1027,ACCEPT,0,16027,153,17559,0,0,7730,0,0,0,0
150,0,1,1,ACCEPT,9.0641,1.5321,9182,-1,-3,0.5571,279.08,608.25,21.84,76.96,289.50,620.50,33.00,81.00,0.3523,16.08,1,0,3.0274,ACCEPT,0,16639,169,17147,0,0,9182,0,0,0,0
151,0,1,1,ACCEPT,13.7605,2.6691,5936,10,-1,0.2734,285.95,605.84,21.84,76.96,296.50,619.00,29.00,62.00,0.3172,16.86,1,0,3.0335,ACCEPT,0,7976,177,11327,0,0,5936,0,0,0,0
152,0,1,1,ACCEPT,12.4646,2.3113,4165,6,0,0.1721,290.08,605.84,21.84,76.96,293.50,619.50,25.00,61.00,0.5270,14.08,1,0,3.1095,ACCEPT,0,5866,141,12246,0,0,4165,0,0,0,0
153,0,1,1,ACCEPT,8.0191,1.5708,3195,7,0,0.0460,294.89,605.84,21.84,76.96,296.50,615.00,35.00,58.00,0.5183,9.30,1,0,3.2758,ACCEPT,0,5577,93,19297,0,0,3195,0,0,0,0
154,0,1,1,ACCEPT,9.9281,1.8660,6363,11,0,0.3398,302.45,605.84,21.84,76.96,300.50,612.00,37.00,62.00,0.5167,6.46,1,0,3.3194,ACCEPT,0,9308,110,17669,0,0,6363,0,0,0,0
155,0,1,1,ACCEPT,9.3764,1.6944,7137,14,1,0.1073,312.08,608.25,21.84,76.96,309.50,620.00,33.00,70.00,0.5102,12.03,1,0,2.1967,ACCEPT,0,10262,87,18730,0,0,7137,0,0,0,0
156,0,1,1,ACCEPT,14.8181,3.0017,5355,20,0,0.0598,325.83,608.25,22.71,80.04,336.00,625.00,28.00,76.00,0.3085,19.60,1,1,2.6373,ACCEPT,0,5782,69,15942,0,0,5355,0,0,0,0
157,0,1,1,ACCEPT,14.6026,2.4071,8716,11,2,0.1364,333.56,613.25,23.62,83.24,339.00,632.00,16.00,64.00,0.3582,19.52,1,1,2.2941,ACCEPT,0,10498,81,12305,0,0,8716,0,0,0,0
158,0,1,1,ACCEPT,10.1843,1.4365,6572,7,-2,0.0020,338.70,608.06,24.57,86.57,341.50,623.50,23.00,79.00,0.5586,15.69,1,1,2.8746,ACCEPT,0,8396,86,13311,0,0,6572,0,0,0,0
159,0,1,1,ACCEPT,7.3544,1.1266,4440,9,-2,0.1565,345.59,602.66,24.57,86.57,340.50,620.50,37.00,73.00,0.4603,18.56,1,0,2.3338,ACCEPT,0,8476,96,13868,0,0,4440,0,0,0,0
160,0,1,1,ACCEPT,7.8167,1.4757,4163,13,-1,0.0925,355.55,599.95,24.57,86.57,350.00,626.50,32.00,81.00,0.3808,27.12,1,0,2.7147,ACCEPT,0,7809,67,12545,0,0,4163,0,0,0,0
161,0,1,1,ACCEPT,13.2868,2.6128,4959,11,9,0.0589,363.97,624.28,25.55,90.03,370.00,644.00,22.00,72.00,0.3889,20.62,1,1,2.5715,ACCEPT,0,5776,70,13503,0,0,4959,0,0,0,0
162,0,1,1,ACCEPT,11.9127,2.0131,5852,9,4,0.1370,371.14,635.53,25.55,90.03,371.50,640.00,23.00,80.00,0.7999,4.48,1,0,3.4268,ACCEPT,0,6927,158,13943,0,0,5852,0,0,0,0
163,0,1,1,ACCEPT,9.1838,1.2595,8940,8,0,0.3765,377.52,635.53,26.57,93.63,373.50,637.50,25.00,77.00,0.6125,4.47,1,1,2.8458,ACCEPT,0,12851,126,16467,0,0,8940,0,0,0,0
164,0,1,1,ACCEPT,9.1379,1.0091,8918,4,1,0.4981,380.83,638.45,27.63,97.38,376.00,641.50,28.00,89.00,0.6522,5.71,1,1,3.0143,ACCEPT,0,13038,114,20674,0,0,8918,0,0,0,0
165,0,1,1,ACCEPT,14.1421,2.2385,8090,8,3,0.3677,387.70,647.59,27.63,97.38,383.50,651.50,31.00,71.00,0.5735,5.74,1,0,2.9135,ACCEPT,0,9549,115,11827,0,0,8090,0,0,0,0
166,0,1,1,ACCEPT,13.8881,1.9773,11399,5,-1,0.4524,392.00,644.55,28.74,101.27,377.50,646.00,47.00,62.00,0.3311,14.57,1,1,2.8757,ACCEPT,0,15840,132,15574,0,0,11399,0,0,0,0
167,0,1,1,ACCEPT,11.4658,1.1705,8320,2,1,0.7589,393.78,647.72,28.74,101.27,379.50,645.50,49.00,51.00,0.3018,14.45,1,0,3.0522,ACCEPT,0,11512,102,14636,0,0,8320,0,0,0,0
168,0,1,1,ACCEPT,9.7993,1.5460,7792,5,0,0.6590,398.23,647.72,28.74,101.27,385.50,644.50,39.00,77.00,0.3797,13.13,1,0,3.1999,ACCEPT,0,11280,98,14428,0,0,7792,0,0,0,0
169,0,1,1,ACCEPT,16.2549,2.2110,8404,2,0,0.7323,400.02,647.72,28.74,101.27,399.00,655.00,22.00,62.00,0.4686,7.35,1,0,3.2827,ACCEPT,0,8400,190,14686,0,0,8404,0,0,0,0
170,0,1,1,ACCEPT,13.5096,1.5428,7342,0,0,1.0000,400.02,647.72,29.89,105.33,394.00,654.00,46.00,62.00,0.4469,8.70,1,1,2.9471,ACCEPT,0,9484,116,15106,0,0,7342,0,0,0,0
171,0,1,1,ACCEPT,16.5409,2.0560,10718,1,0,0.9809,400.95,647.72,29.89,105.33,393.00,651.50,48.00,41.00,0.3150,8.81,1,0,2.9954,ACCEPT,0,12076,138,12700,0,0,10718,0,0,0,0
172,0,1,1,ACCEPT,13.1242,1.3657,8986,0,0,1.0000,400.95,647.72,31.09,109.54,394.50,650.00,49.00,58.00,0.4057,6.84,1,1,2.6656,ACCEPT,0,10438,159,11440,0,0,8986,0,0,0,0
173,0,1,1,ACCEPT,10.8146,1.1471,7956,8,0,0.3700,408.70,647.72,31.09,109.54,403.00,651.50,40.00,87.00,0.6053,6.84,1,0,3.3062,ACCEPT,0,8890,130,14426,0,0,7956,0,0,0,0
174,0,1,1,ACCEPT,13.1553,2.6254,6049,1,0,0.9373,409.67,647.72,31.09,109.54,412.50,650.50,21.00,67.00,0.4132,3.97,1,0,2.7008,ACCEPT,0,7893,120,13749,0,0,6049,0,0,0,0
175,0,1,1,ACCEPT,13.6153,1.5951,8902,1,-2,0.6054,410.64,640.88,31.09,109.54,402.50,646.50,35.00,51.00,0.3240,9.89,1,0,3.1996,ACCEPT,0,11183,121,11873,0,0,8902,0,0,0,0
176,0,1,1,ACCEPT,13.5956,1.1488,6824,-1,0,0.9635,409.67,640.88,31.09,109.54,395.50,636.50,43.00,47.00,0.2470,14.83,1,0,2.8110,ACCEPT,0,7456,101,14794,0,0,6824,0,0,0,0
177,0,1,1,ACCEPT,17.3805,1.9587,7976,-2,0,0.7607,407.73,640.88,29.89,105.33,398.00,641.00,36.00,78.00,0.4367,9.74,1,-1,2.3709,ACCEPT,0,8364,95,10162,0,0,7976,0,0,0,0
178,0,1,1,ACCEPT,14.4978,2.2893,6964,-4,0,0.7137,403.98,640.88,28.74,101.27,399.50,647.50,17.00,79.00,0.4614,8.00,1,-1,2.5115,ACCEPT,0,9747,122,9994,0,0,6964,0,0,0,0
179,0,1,1,ACCEPT,13.3657,1.7233,8894,-5,-1,0.1284,399.53,637.70,27.63,97.38,401.00,639.00,22.00,52.00,0.4251,1.96,1,-1,2.2432,ACCEPT,0,9948,187,10974,0,0,8894,0,0,0,0
180,0,1,1,ACCEPT,13.3506,1.6220,9396,-10,-2,0.3751,390.94,631.61,27.63,97.38,385.00,633.50,38.00,69.00,0.5363,6.23,1,0,3.2241,ACCEPT,0,11787,99,13070,0,0,9396,0,0,0,0
181,0,1,1,ACCEPT,11.9974,1.6496,9381,-4,0,0.5317,387.50,631.61,27.63,97.38,380.00,630.00,40.00,60.00,0.4496,7.67,1,0,3.2145,ACCEPT,0,14828,149,11865,0,0,9381,0,0,0,0
182,0,1,1,ACCEPT,8.3310,1.0071,7378,6,-4,0.5885,392.66,619.42,27.63,97.38,382.50,632.50,35.00,81.00,0.4113,16.56,1,0,3.2867,ACCEPT,0,13821,165,12307,0,0,7378,0,0,0,0
183,0,1,1,ACCEPT,16.0534,2.1886,11523,-1,2,0.6388,391.80,625.52,28.74,101.27,381.50,632.00,25.00,72.00,0.3393,12.17,1,1,2.6291,ACCEPT,0,12349,174,12918,0,0,11523,0,0,0,0
184,0,1,1,ACCEPT,12.0450,1.7418,8606,-10,-4,0.0726,382.89,612.83,28.74,101.27,378.50,628.50,23.00,57.00,0.4085,16.28,1,0,3.0854,ACCEPT,0,8790,156,11727,0,0,8606,0,0,0,0
185,0,1,1,ACCEPT,14.1948,1.6177,7736,-7,2,0.1348,376.66,619.17,28.74,101.27,364.00,627.50,38.00,71.00,0.3554,15.15,1,0,3.3194,ACCEPT,0,8723,161,12914,0,0,7736,0,0,0,0
186,0,1,1,ACCEPT,15.5795,1.5650,9700,-8,-2,0.3681,369.53,612.83,28.74,101.27,354.50,620.00,47.00,54.00,0.2926,16.65,1,0,2.8432,ACCEPT,0,9869,160,14063,0,0,9700,0,0,0,0
187,0,1,1,ACCEPT,17.9210,1.9682,12754,-1,0,0.8981,368.64,612.83,28.74,101.27,352.50,624.50,43.00,59.00,0.2717,19.92,1,13,0.8530,MAX_STEP,0,11926,173,14126,0,0,12754,0,0,0,0
188,0,1,1,ACCEPT,17.6393,1.6413,10186,-2,1,0.6698,366.86,616.00,28.74,101.27,352.00,620.50,36.00,89.00,0.3421,15.53,1,0,2.8429,ACCEPT,0,10136,136,16068,0,0,10186,0,0,0,0
189,0,1,1,ACCEPT,14.3858,2.3008,7954,-13,-3,0.3926,355.28,606.48,27.63,97.38,352.50,626.00,21.00,92.00,0.5185,19.71,1,-1,2.4413,ACCEPT,0,8581,112,14649,0,0,7954,0,0,0,0
190,0,1,1,ACCEPT,13.5759,2.2691,6383,-8,1,0.0718,348.41,609.53,26.57,93.63,338.50,631.00,25.00,54.00,0.2765,23.64,1,-1,2.2925,ACCEPT,0,6273,80,16212,0,0,6383,0,0,0,0
191,0,1,1,ACCEPT,10.2592,1.0175,6355,-13,1,0.1157,337.64,612.45,26.57,93.63,330.00,616.00,34.00,62.00,0.4399,8.42,1,0,3.1332,ACCEPT,0,8613,102,16033,0,0,6355,0,0,0,0
192,0,1,1,ACCEPT,11.0792,1.1418,8309,-8,0,0.2986,331.02,612.45,26.57,93.63,321.00,608.50,44.00,43.00,0.3299,10.77,1,0,3.2918,ACCEPT,0,12480,160,14955,0,0,8309,0,0,0,0
193,0,1,1,ACCEPT,12.2072,1.5496,9451,-5,0,0.4944,326.88,612.45,26.57,93.63,321.00,612.00,42.00,60.00,0.4670,5.89,1,0,3.2819,ACCEPT,0,14251,153,18025,0,0,9451,0,0,0,0
194,0,1,1,ACCEPT,11.6880,1.4782,9005,-4,1,0.3994,323.56,615.38,26.57,93.63,321.50,616.00,33.00,78.00,0.6933,2.16,1,0,3.4397,ACCEPT,0,12225,153,18577,0,0,9005,0,0,0,0
195,0,1,1,ACCEPT,9.5208,1.1741,10235,-9,-1,0.3358,316.11,612.45,27.63,97.38,326.00,629.00,22.00,68.00,0.3086,19.28,1,1,2.7125,ACCEPT,0,13775,192,17982,0,0,10235,0,0,0,0
196,0,1,1,ACCEPT,14.8979,2.3105,10714,-5,0,0.0897,311.81,612.45,28.74,101.27,320.00,629.50,28.00,59.00,0.3531,18.91,1,1,2.3664,ACCEPT,0,15204,241,13218,0,0,10714,0,0,0,0
197,0,1,1,ACCEPT,7.4918,1.3987,4680,-2,1,0.7132,310.03,615.62,27.63,97.38,312.00,623.50,26.00,61.00,0.5489,8.12,1,-1,2.5876,ACCEPT,0,13457,366,9942,0,0,4680,0,0,0,0
198,0,1,1,ACCEPT,15.8536,2.1390,10066,1,-2,0.7374,310.89,609.53,28.74,101.27,304.50,614.00,27.00,66.00,0.4329,7.80,1,1,2.7808,ACCEPT,0,10880,153,25003,0,0,10066,0,0,0,0
199,0,1,1,ACCEPT,19.1513,2.3576,14516,-1,0,0.9603,310.00,609.53,28.74,101.27,300.50,609.00,33.00,54.00,0.3261,9.51,1,0,3.1242,ACCEPT,0,16459,142,20225,0,0,14516,0,0,0,0
200,0,1,1,ACCEPT,15.0165,2.3203,10532,0,1,0.9672,310.00,612.70,28.74,101.27,305.00,613.50,28.00,77.00,0.5508,5.06,1,0,3.1598,ACCEPT,0,13203,166,17186,0,0,10532,0,0,0,0
201,0,1,1,ACCEPT,9.5363,1.1895,8908,-1,0,0.9892,309.11,612.70,28.74,101.27,313.50,617.50,19.00,85.00,0.5549,6.50,1,0,3.2635,ACCEPT,0,11456,178,10562,0,0,8908,0,0,0,0
202,0,1,1,ACCEPT,17.4187,2.0624,7862,0,-1,0.9996,309.11,609.53,29.89,105.33,313.00,626.50,20.00,71.00,0.4511,17.41,1,1,3.0623,ACCEPT,0,8143,207,8223,0,0,7862,0,0,0,0
203,0,1,1,ACCEPT,19.0712,2.4479,7799,0,0,1.0000,309.11,609.53,31.09,109.54,313.50,628.50,15.00,59.00,0.2599,19.47,1,1,2.8818,ACCEPT,0,6379,209,9213,0,0,7799,0,0,0,0
204,0,1,1,ACCEPT,15.6748,2.5250,6113,1,1,0.9264,310.08,612.95,31.09,109.54,307.00,624.50,20.00,59.00,0.3465,11.95,1,0,2.9498,ACCEPT,0,7050,321,11972,0,0,6113,0,0,0,0
205,0,1,1,ACCEPT,13.2864,1.8975,11066,4,-1,0.5854,313.95,609.53,31.09,109.54,300.50,609.00,39.00,56.00,0.2760,13.46,1,0,2.9496,ACCEPT,0,18981,135,20786,0,0,11066,0,0,0,0
206,0,1,1,ACCEPT,15.3802,2.0740,11975,1,0,0.9038,314.92,609.53,31.09,109.54,308.00,611.50,34.00,61.00,0.3991,7.20,1,0,2.9258,ACCEPT,0,14545,145,20923,0,0,11975,0,0,0,0
207,0,1,1,ACCEPT,15.6775,2.2831,13121,2,-1,0.7195,316.86,606.11,32.33,113.92,319.00,618.50,18.00,67.00,0.3275,12.57,1,1,2.9687,ACCEPT,0,15986,244,18793,0,0,13121,0,0,0,0
208,0,1,1,ACCEPT,15.7049,1.9227,12680,2,0,0.8662,318.89,606.11,32.33,113.92,325.00,612.50,20.00,47.00,0.2552,8.84,1,0,3.2221,ACCEPT,0,13346,170,17549,0,0,12680,0,0,0,0
209,0,1,1,ACCEPT,19.6922,2.3066,14243,2,0,0.7473,320.92,606.11,32.33,113.92,328.50,621.50,19.00,59.00,0.2856,17.16,1,0,3.1050,ACCEPT,0,12497,181,16599,0,0,14243,0,0,0,0
210,0,1,1,ACCEPT,12.0952,1.8341,10557,6,-1,0.4839,327.02,602.55,33.62,118.48,324.50,607.00,19.00,58.00,0.2767,5.11,1,1,2.8788,ACCEPT,0,13375,188,17597,0,0,10557,0,0,0,0
211,0,1,1,ACCEPT,14.9354,2.2124,12783,3,0,0.6404,330.16,602.55,33.62,118.48,323.50,601.50,25.00,57.00,0.3136,6.74,1,0,3.0615,ACCEPT,0,15581,137,20845,0,0,12783,0,0,0,0
212,0,1,1,ACCEPT,14.4777,1.7247,15000,4,0,0.6898,334.34,602.55,33.62,118.48,325.00,608.00,30.00,44.00,0.2291,10.82,1,0,2.9776,ACCEPT,0,19713,142,18781,0,0,15000,0,0,0,0
213,0,1,1,ACCEPT,12.0226,1.7472,13048,2,1,0.6979,336.44,606.25,33.62,118.48,331.00,608.00,28.00,70.00,0.4262,5.71,1,0,3.0455,ACCEPT,0,15602,136,21707,0,0,13048,0,0,0,0
214,0,1,1,ACCEPT,14.9917,1.9705,13679,4,1,0.2545,340.62,609.95,33.62,118.48,345.00,622.00,26.00,66.00,0.4175,12.82,1,0,2.9584,ACCEPT,0,15551,166,19394,0,0,13679,0,0,0,0
215,0,1,1,ACCEPT,11.0404,1.5274,7979,6,-1,0.5018,346.91,606.25,33.62,118.48,343.50,621.00,25.00,48.00,0.3013,15.14,1,0,3.1691,ACCEPT,0,11119,231,10262,0,0,7979,0,0,0,0
216,0,1,1,ACCEPT,21.0501,3.7226,15084,4,-1,0.3704,351.09,602.55,33.62,118.48,337.50,607.50,43.00,39.00,0.2053,14.47,1,0,3.2689,ACCEPT,0,16437,133,13829,0,0,15084,0,0,0,0
217,0,1,1,ACCEPT,17.1301,3.3088,11594,3,1,0.3199,354.23,606.25,34.97,123.22,342.00,612.00,48.00,62.00,0.3315,13.52,1,1,2.8749,ACCEPT,0,14752,135,13060,0,0,11594,0,0,0,0
218,0,1,1,ACCEPT,11.6493,1.3825,8591,3,1,0.5176,357.52,610.09,36.37,128.14,351.00,620.00,42.00,80.00,0.4834,11.86,1,1,2.8729,ACCEPT,0,11712,120,16647,0,0,8591,0,0,0,0
219,0,1,1,ACCEPT,9.5920,1.1866,9454,3,0,0.6699,360.94,610.09,37.82,133.27,372.50,632.00,47.00,70.00,0.3499,24.77,1,1,2.9970,ACCEPT,0,15383,136,11099,0,0,9454,0,0,0,0
220,0,1,1,ACCEPT,9.9820,1.0469,4781,7,1,0.9329,369.25,614.27,37.82,133.27,365.50,629.00,21.00,56.00,0.2333,15.20,1,0,2.9326,ACCEPT,0,5448,206,10251,0,0,4781,0,0,0,0
221,0,1,1,ACCEPT,20.8900,2.9408,13410,2,-1,0.7007,371.62,610.09,37.82,133.27,363.50,620.00,39.00,52.00,0.2867,12.81,1,0,3.2522,ACCEPT,0,12160,117,14145,0,0,13410,0,0,0,0
222,0,1,1,ACCEPT,14.4247,2.3502,11819,5,1,0.3696,377.56,614.27,39.33,138.60,366.00,623.00,40.00,64.00,0.2895,14.49,1,1,2.6857,ACCEPT,0,13395,157,13832,0,0,11819,0,0,0,0
223,0,1,1,ACCEPT,13.8278,1.6192,9911,3,2,0.6466,381.27,622.92,39.33,138.60,376.50,632.00,25.00,80.00,0.3669,10.25,1,0,3.1370,ACCEPT,0,12854,102,12656,0,0,9911,0,0,0,0
224,0,1,1,ACCEPT,14.9267,2.4512,10582,3,0,0.6426,384.97,622.92,39.33,138.60,392.50,639.50,25.00,77.00,0.3462,18.21,1,0,2.9444,ACCEPT,0,10872,157,10208,0,0,10582,0,0,0,0
225,0,1,1,ACCEPT,16.1089,2.5724,6377,7,1,0.0841,393.61,627.25,39.33,138.60,388.50,640.50,25.00,71.00,0.3256,14.20,1,0,2.9726,ACCEPT,0,6251,134,8608,0,0,6377,0,0,0,0
226,0,1,1,ACCEPT,22.5127,3.8137,10934,3,0,0.5321,397.31,627.25,39.33,138.60,387.50,646.00,41.00,60.00,0.2990,21.16,1,0,3.1766,ACCEPT,0,9181,135,7333,0,0,10934,0,0,0,0
227,0,1,1,ACCEPT,12.5488,2.2618,5132,4,1,0.4384,402.25,631.58,39.33,138.60,397.50,638.50,33.00,77.00,0.4340,8.39,1,0,2.8135,ACCEPT,0,5627,124,7005,0,0,5132,0,0,0,0
228,0,1,1,ACCEPT,13.3789,2.0828,4124,2,-1,0.4871,404.72,627.25,39.33,138.60,401.50,635.50,27.00,87.00,0.4309,8.86,1,0,3.1366,ACCEPT,0,5735,137,7014,0,0,4124,0,0,0,0
229,0,1,1,ACCEPT,13.1170,1.8255,2406,4,1,0.7352,409.66,631.58,39.33,138.60,408.50,639.50,27.00,79.00,0.3913,8.01,1,0,3.2502,ACCEPT,0,3273,146,7654,0,0,2406,0,0,0,0
230,0,1,1,ACCEPT,20.5778,2.3148,6632,0,0,1.0000,409.66,631.58,39.33,138.60,398.50,637.00,53.00,54.00,0.2943,12.40,1,0,3.2538,ACCEPT,0,6778,262,5700,0,0,6632,0,0,0,0
231,0,1,1,ACCEPT,20.3909,2.2876,5982,1,0,0.9881,410.89,631.58,40.91,144.14,404.00,642.00,42.00,74.00,0.3967,12.49,1,1,2.8856,ACCEPT,0,5606,221,8492,0,0,5982,0,0,0,0
232,0,1,1,ACCEPT,20.1865,3.0362,6546,0,1,0.9878,410.89,636.08,40.91,144.14,408.00,647.50,32.00,79.00,0.4287,11.78,1,0,3.0527,ACCEPT,0,5765,188,7448,0,0,6546,0,0,0,0
233,0,1,1,ACCEPT,15.3527,1.7082,4274,-2,1,0.8093,408.33,640.58,40.91,144.14,406.00,649.00,34.00,76.00,0.4382,8.74,1,0,2.7059,ACCEPT,0,4780,215,5733,0,0,4274,0,0,0,0
234,0,1,1,ACCEPT,16.9513,2.3038,5983,0,-1,0.9916,408.33,636.08,40.91,144.14,401.50,645.50,35.00,67.00,0.3388,11.64,1,0,2.9611,ACCEPT,0,5535,191,6506,0,0,5983,0,0,0,0
235,0,1,1,ACCEPT,24.0422,4.7099,6834,-2,1,0.8202,405.77,640.58,40.91,144.14,395.50,641.50,37.00,75.00,0.3300,10.31,1,0,3.0785,ACCEPT,0,5685,193,8554,0,0,6834,0,0,0,0
236,0,1,1,ACCEPT,20.4958,3.3596,6773,-1,0,0.9553,404.48,640.58,40.91,144.14,396.00,645.00,30.00,86.00,0.3767,9.57,1,0,3.1780,ACCEPT,0,6418,171,9736,0,0,6773,0,0,0,0
237,0,1,1,ACCEPT,20.5316,3.1380,6869,-1,0,0.9544,403.20,640.58,40.91,144.14,400.00,646.00,18.00,58.00,0.1771,6.30,1,0,3.0659,ACCEPT,0,6736,201,11914,0,0,6869,0,0,0,0
238,0,1,1,ACCEPT,10.9516,1.6069,7408,0,-2,0.9012,403.20,631.58,40.91,144.14,393.00,652.00,28.00,60.00,0.2377,22.83,1,0,2.5477,ACCEPT,0,11128,192,15584,0,0,7408,0,0,0,0
239,0,1,1,ACCEPT,13.1955,1.4492,9862,0,-1,0.8914,403.20,627.08,40.91,144.14,389.00,643.50,32.00,55.00,0.1902,21.71,1,0,3.0543,ACCEPT,0,9608,183,19188,0,0,9862,0,0,0,0
240,0,1,1,ACCEPT,14.6318,2.1442,10468,-2,0,0.5963,400.64,627.08,40.91,144.14,382.00,636.00,44.00,58.00,0.1954,20.67,1,0,3.2889,ACCEPT,0,10405,162,19171,0,0,10468,0,0,0,0
241,0,1,1,ACCEPT,14.0688,1.9889,9350,-1,0,0.8784,399.36,627.08,40.91,144.14,383.50,643.50,35.00,71.00,0.2303,22.83,1,0,3.0239,ACCEPT,0,9599,195,17491,0,0,9350,0,0,0,0
242,0,1,1,ACCEPT,13.2020,2.4203,7590,0,0,1.0000,399.36,627.08,40.91,144.14,382.00,651.50,18.00,71.00,0.1360,29.96,1,0,3.3947,ACCEPT,0,9800,178,17329,0,0,7590,0,0,0,0
243,0,1,1,ACCEPT,15.1189,2.6665,8362,-1,0,0.8627,398.08,627.08,40.91,144.14,380.00,652.00,18.00,64.00,0.1152,30.79,1,0,3.3615,ACCEPT,0,9442,143,17857,0,0,8362,0,0,0,0
244,0,1,1,ACCEPT,14.9059,2.8318,7813,0,-1,0.9236,398.08,622.58,40.91,144.14,372.00,646.00,28.00,58.00,0.0690,35.05,1,0,3.2966,ACCEPT,0,9809,131,17961,0,0,7813,0,0,0,0
245,0,1,1,ACCEPT,14.1694,2.5134,7706,-1,-1,0.6364,396.80,618.08,40.91,144.14,360.50,624.00,43.00,48.00,0.0353,36.78,1,0,3.1792,ACCEPT,0,9822,110,19179,0,0,7706,0,0,0,0
246,0,1,1,ACCEPT,15.3680,2.6393,8306,0,-1,0.9943,396.80,613.58,40.91,144.14,360.00,627.50,42.00,67.00,0.0371,39.34,1,0,3.2418,ACCEPT,0,9697,122,20743,0,0,8306,0,0,0,0
247,0,1,1,ACCEPT,17.1674,3.3020,8681,0,0,1.0000,396.80,613.58,40.91,144.14,358.50,639.00,27.00,74.00,0.0000,45.97,1,0,3.0962,ACCEPT,0,9383,113,21211,0,0,8681,0,0,0,0
248,0,1,1,ACCEPT,15.9287,2.9965,7623,0,0,1.0000,396.80,613.58,40.91,144.14,357.00,640.50,22.00,51.00,0.0000,48.05,1,0,3.0953,ACCEPT,0,8374,117,20513,0,0,7623,0,0,0,0
249,0,1,1,ACCEPT,17.3428,2.7499,7598,0,-1,0.9946,396.80,609.08,40.91,144.14,354.00,644.50,24.00,55.00,0.0000,55.55,1,0,3.0775,ACCEPT,0,7698,113,22585,0,0,7598,0,0,0,0
250,0,1,1,ACCEPT,17.3619,2.8978,7824,-1,0,0.7977,395.52,609.08,40.91,144.14,333.00,622.00,40.00,52.00,0.0000,63.84,1,0,3.0992,ACCEPT,0,7641,116,22441,0,0,7824,0,0,0,0
251,0,1,1,ACCEPT,18.2274,2.7364,8086,-1,0,0.8240,394.23,609.08,40.91,144.14,326.50,630.50,45.00,33.00,0.0000,71.04,1,0,3.1828,ACCEPT,0,8123,106,20005,0,0,8086,0,0,0,0
252,0,1,1,ACCEPT,18.7824,2.9528,6883,0,0,1.0000,394.23,609.08,39.33,138.60,325.50,627.50,45.00,69.00,0.0000,71.16,1,-1,3.1737,ACCEPT,0,6989,107,17208,0,0,6883,0,0,0,0
253,0,1,1,ACCEPT,18.9237,3.4614,5957,-1,-1,0.8211,393.00,604.75,39.33,138.60,328.00,635.50,32.00,73.00,0.0000,71.91,1,0,3.1972,ACCEPT,0,6074,124,18711,0,0,5957,0,0,0,0
254,0,1,1,ACCEPT,20.5514,3.7073,5776,0,0,1.0000,393.00,604.75,39.33,138.60,332.50,640.00,33.00,50.00,0.0000,70.02,1,0,3.1599,ACCEPT,0,5470,126,16940,0,0,5776,0,0,0,0
255,0,1,1,ACCEPT,17.7685,3.6990,4424,-2,0,0.6264,390.53,604.75,39.33,138.60,311.00,643.00,32.00,44.00,0.0000,88.25,1,0,3.0475,ACCEPT,0,4058,134,15849,0,0,4424,0,0,0,0
256,0,1,1,ACCEPT,18.1566,3.8259,4461,-1,0,0.7754,389.30,604.75,39.33,138.60,299.50,632.00,51.00,32.00,0.0000,93.84,1,0,3.0689,ACCEPT,0,3997,146,18537,0,0,4461,0,0,0,0
257,0,1,1,ACCEPT,19.1789,3.7737,4336,-1,0,0.9592,388.06,604.75,39.33,138.60,296.00,630.50,52.00,31.00,0.0000,95.60,1,0,3.0513,ACCEPT,0,3632,123,19343,0,0,4336,0,0,0,0
258,0,1,1,ACCEPT,19.4501,3.7080,4242,0,0,1.0000,388.06,604.75,39.33,138.60,296.00,632.50,54.00,37.00,0.0000,96.15,1,0,3.0191,ACCEPT,0,3365,121,19294,0,0,4242,0,0,0,0
259,0,1,1,ACCEPT,18.5754,3.8501,4085,-1,0,0.9234,386.83,604.75,39.33,138.60,297.50,635.50,41.00,63.00,0.0000,94.47,1,0,3.1513,ACCEPT,0,3283,127,17487,0,0,4085,0,0,0,0
260,0,1,1,ACCEPT,18.0666,3.7834,3931,-1,0,0.8949,385.59,604.75,39.33,138.60,307.50,647.00,27.00,58.00,0.0000,88.79,1,0,3.0350,ACCEPT,0,3137,125,20289,0,0,3931,0,0,0,0
261,0,1,1,ACCEPT,18.8186,4.0009,4245,0,0,1.0000,385.59,604.75,39.33,138.60,298.50,643.50,29.00,51.00,0.0000,95.33,1,0,3.0862,ACCEPT,0,3236,123,19565,0,0,4245,0,0,0,0
262,0,1,1,ACCEPT,18.7726,4.1246,4203,-1,-1,0.8332,384.36,600.42,39.33,138.60,291.50,631.50,39.00,55.00,0.0000,97.92,1,0,2.9628,ACCEPT,0,3173,118,23138,0,0,4203,0,0,0,0
263,0,1,1,ACCEPT,19.1531,4.1364,4670,0,0,1.0000,384.36,600.42,39.33,138.60,285.00,624.00,52.00,50.00,0.0000,102.12,1,0,3.0187,ACCEPT,0,3591,124,20827,0,0,4670,0,0,0,0
264,0,1,1,ACCEPT,18.3439,3.7603,4298,0,-1,0.9563,384.36,596.09,39.33,138.60,282.00,618.50,44.00,55.00,0.0000,104.78,1,0,3.0290,ACCEPT,0,3619,142,23404,0,0,4298,0,0,0,0
265,0,1,1,ACCEPT,17.2842,3.6167,4369,-1,0,0.8066,383.12,596.09,37.82,133.27,288.50,629.00,41.00,76.00,0.0000,100.18,1,-1,2.9214,ACCEPT,0,3736,137,21053,0,0,4369,0,0,0,0
266,0,1,1,ACCEPT,16.7902,3.9075,4138,-1,0,0.9483,381.94,596.09,37.82,133.27,301.00,636.00,36.00,72.00,0.0000,90.24,1,0,2.9283,ACCEPT,0,3404,101,23174,0,0,4138,0,0,0,0
267,0,1,1,ACCEPT,17.9400,4.1433,3613,0,-1,0.9851,381.94,591.92,37.82,133.27,303.50,635.00,31.00,48.00,0.0000,89.49,1,0,2.8547,ACCEPT,0,2905,117,21996,0,0,3613,0,0,0,0
268,0,1,1,ACCEPT,20.2541,4.7561,3686,0,0,1.0000,381.94,591.92,37.82,133.27,301.00,636.00,26.00,58.00,0.0000,92.16,1,0,2.9386,ACCEPT,0,2608,111,20639,0,0,3686,0,0,0,0
269,0,1,1,ACCEPT,20.6506,4.8333,3132,0,0,1.0000,381.94,591.92,37.82,133.27,293.50,626.50,27.00,57.00,0.0000,94.96,1,0,2.8055,ACCEPT,0,2357,118,21282,0,0,3132,0,0,0,0
270,0,1,1,ACCEPT,20.7072,4.8484,2943,-1,0,0.9072,380.75,591.92,37.82,133.27,298.00,630.50,36.00,67.00,0.0000,91.30,1,0,2.7710,ACCEPT,0,2221,112,22352,0,0,2943,0,0,0,0
271,0,1,1,ACCEPT,20.8128,4.9548,2631,0,0,1.0000,380.75,591.92,36.37,128.14,310.00,629.00,20.00,86.00,0.0000,79.88,1,-1,2.6324,ACCEPT,0,2008,100,20771,0,0,2631,0,0,0,0
272,0,1,1,ACCEPT,21.2033,4.9382,2316,0,-1,0.9668,380.75,587.92,36.37,128.14,329.00,633.50,44.00,71.00,0.0000,68.96,1,0,2.7475,ACCEPT,0,1813,105,18102,0,0,2316,0,0,0,0
273,0,1,1,ACCEPT,20.4054,4.6076,2055,-1,0,0.9319,379.61,587.92,34.97,123.22,328.50,631.50,33.00,45.00,0.0000,67.17,1,-1,2.7059,ACCEPT,0,1673,108,19248,0,0,2055,0,0,0,0
274,0,1,1,ACCEPT,21.2671,4.1575,2033,0,0,1.0000,379.61,587.92,34.97,123.22,326.00,626.00,18.00,58.00,0.0000,65.76,1,0,2.4891,ACCEPT,0,1575,131,21284,0,0,2033,0,0,0,0
275,0,1,1,ACCEPT,18.4609,4.4791,1711,0,-1,0.9603,379.61,584.08,34.97,123.22,325.00,622.00,42.00,66.00,0.0000,66.48,1,0,2.0465,ACCEPT,0,1690,95,24294,0,0,1711,0,0,0,0
276,0,1,1,ACCEPT,21.0676,5.4011,1939,-1,0,0.8834,378.52,584.08,34.97,123.22,333.00,622.50,32.00,81.00,0.0000,59.56,1,0,2.4145,ACCEPT,0,1682,109,25404,0,0,1939,0,0,0,0
277,0,1,1,ACCEPT,14.4055,2.6386,1913,0,0,1.0000,378.52,584.08,34.97,123.22,348.00,628.00,30.00,86.00,0.0176,53.48,1,0,2.2367,ACCEPT,0,1962,103,29557,0,0,1913,0,0,0,0
278,0,1,1,ACCEPT,14.0565,2.7958,3162,0,0,1.0000,378.52,584.08,34.97,123.22,358.50,630.00,33.00,72.00,0.1211,50.09,1,0,2.4414,ACCEPT,0,3830,118,31760,0,0,3162,0,0,0,0
279,0,1,1,ACCEPT,18.8295,3.6707,4603,0,-1,0.9948,378.52,580.23,34.97,123.22,362.50,631.00,25.00,58.00,0.1070,53.23,1,0,2.2529,ACCEPT,0,4333,90,32767,0,0,4603,0,0,0,0
280,0,1,1,ACCEPT,9.3737,1.9590,3060,0,0,1.0000,378.52,580.23,34.97,123.22,364.00,618.50,34.00,55.00,0.1966,40.93,1,0,1.7487,LOW_CONF,0,3878,102,32767,0,0,3060,0,0,0,0
281,0,1,1,ACCEPT,11.3446,2.3721,3755,1,-1,0.8136,379.61,576.39,33.62,118.48,368.50,622.00,41.00,66.00,0.2235,46.94,1,-1,2.6513,ACCEPT,0,4145,114,32767,0,0,3755,0,0,0,0
282,0,1,1,ACCEPT,13.2462,2.4782,6255,0,-2,0.7322,379.61,568.98,32.33,113.92,378.50,626.00,27.00,78.00,0.2220,57.03,1,-1,2.8726,ACCEPT,0,6113,133,32767,0,0,6255,0,0,0,0
283,0,1,1,ACCEPT,9.8868,1.5193,5641,-1,2,0.8498,378.59,576.11,33.62,118.48,392.00,623.00,18.00,64.00,0.1200,48.77,1,1,2.0800,ACCEPT,0,8573,131,32767,0,0,5641,0,0,0,0
284,0,1,1,ACCEPT,13.7758,2.4128,4056,-1,0,0.8250,377.55,576.11,33.62,118.48,394.50,633.00,21.00,52.00,0.0614,59.36,1,0,2.1080,ACCEPT,0,4544,123,32767,0,0,4056,0,0,0,0
285,0,1,1,ACCEPT,12.1216,1.8353,4456,-2,-1,0.2868,375.45,572.41,32.33,113.92,389.50,627.00,47.00,58.00,0.1433,56.37,1,-1,2.2109,ACCEPT,0,4973,158,32601,0,0,4456,0,0,0,0
286,0,1,1,ACCEPT,13.4313,2.6380,6136,0,0,1.0000,375.45,572.41,32.33,113.92,399.00,628.50,32.00,79.00,0.0593,60.84,1,-12,1.1525,MAX_STEP,0,7576,131,32403,0,0,6136,0,0,0,0
287,0,1,1,ACCEPT,15.6915,3.0149,5050,-1,0,0.8339,374.44,572.41,32.33,113.92,409.50,639.00,17.00,64.00,0.0000,75.26,1,-13,1.1996,MAX_STEP,0,4881,158,32767,0,0,5050,0,0,0,0
288,0,1,1,ACCEPT,17.3326,3.3841,4220,-1,0,0.8481,373.42,572.41,32.33,113.92,410.00,641.00,26.00,46.00,0.0000,77.74,1,-13,1.1855,MAX_STEP,0,3521,128,32767,0,0,4220,0,0,0,0
289,0,1,1,ACCEPT,19.2395,4.4065,3913,-1,0,0.9885,372.41,572.41,32.33,113.92,408.00,632.50,50.00,67.00,0.0246,69.84,1,-2,1.6506,LOW_CONF,0,2947,98,32767,0,0,3913,0,0,0,0
290,0,1,1,ACCEPT,18.5217,4.3119,3885,-1,0,0.8535,371.39,572.41,32.33,113.92,412.00,640.00,24.00,90.00,0.0000,78.85,1,-11,1.1666,MAX_STEP,0,2823,95,32767,0,0,3885,0,0,0,0
291,0,1,1,ACCEPT,19.6910,4.6973,3786,-1,0,0.9477,370.38,572.41,32.33,113.92,417.00,647.50,14.00,49.00,0.0000,88.39,1,-3,1.2214,MAX_STEP,0,2718,71,32767,0,0,3786,0,0,0,0
292,0,1,1,ACCEPT,21.1921,5.1525,3818,0,0,1.0000,370.38,572.41,32.33,113.92,412.00,646.00,24.00,46.00,0.0000,84.55,1,-3,1.0876,MAX_STEP,0,2801,78,32767,0,0,3818,0,0,0,0
293,0,1,1,ACCEPT,19.8144,4.6075,3709,0,0,1.0000,370.38,572.41,32.33,113.92,402.00,642.50,46.00,37.00,0.0076,76.90,1,-13,1.3070,MAX_STEP,0,3121,89,32767,0,0,3709,0,0,0,0
294,0,1,1,ACCEPT,20.5150,4.6741,3370,-1,0,0.9638,369.36,572.41,32.33,113.92,403.50,645.50,47.00,67.00,0.0142,80.67,1,-12,1.0938,MAX_STEP,0,2463,82,32767,0,0,3370,0,0,0,0
295,0,1,1,ACCEPT,18.2692,3.6764,3886,0,0,1.0000,369.36,572.41,32.33,113.92,426.00,656.00,22.00,86.00,0.0000,100.98,1,-13,1.3157,MAX_STEP,0,3250,80,32767,0,0,3886,0,0,0,0
296,0,1,1,ACCEPT,18.9431,3.4764,3539,0,0,1.0000,369.36,572.41,32.33,113.92,429.00,660.50,28.00,47.00,0.0000,106.38,1,-12,1.3964,MAX_STEP,0,2937,86,32767,0,0,3539,0,0,0,0
297,0,1,1,ACCEPT,20.1117,4.4128,3517,0,0,1.0000,369.36,572.41,32.33,113.92,422.00,661.50,32.00,51.00,0.0000,103.48,1,-13,1.3583,MAX_STEP,0,2875,76,32767,0,0,3517,0,0,0,0
298,0,1,1,ACCEPT,20.7452,4.4722,3296,-1,0,0.9190,368.34,572.41,32.33,113.92,407.50,666.50,57.00,43.00,0.0000,101.92,1,-14,1.3338,MAX_STEP,0,2452,81,32767,0,0,3296,0,0,0,0
299,0,1,1,ACCEPT,20.3843,4.3329,2994,-1,0,0.9238,367.33,572.41,32.33,113.92,410.50,672.00,51.00,72.00,0.0000,108.55,1,-15,1.4220,MAX_STEP,0,2132,80,32767,0,0,2994,0,0,0,0
300,0,1,1,ACCEPT,21.1846,4.2866,3305,-1,0,0.9386,366.31,572.41,32.33,113.92,432.50,673.00,37.00,92.00,0.0000,120.42,1,-15,1.3898,MAX_STEP,0,2545,78,32767,0,0,3305,0,0,0,0
301,0,1,1,ACCEPT,21.0637,4.3170,3350,0,0,1.0000,366.31,572.41,32.33,113.92,431.50,681.00,35.00,44.00,0.0000,126.66,1,-15,1.3761,MAX_STEP,0,2720,80,32767,0,0,3350,0,0,0,0
302,0,1,1,ACCEPT,21.1001,3.7861,3097,0,0,1.0000,366.31,572.41,32.33,113.92,417.00,675.50,30.00,71.00,0.0000,114.88,1,-14,1.4659,MAX_STEP,0,2463,81,32767,0,0,3097,0,0,0,0
303,0,1,1,ACCEPT,22.1849,3.8309,3149,-1,0,0.8644,365.30,572.41,32.33,113.92,405.00,672.00,48.00,58.00,0.0000,107.22,1,-15,1.4607,MAX_STEP,0,2287,76,32767,0,0,3149,0,0,0,0
304,0,1,1,ACCEPT,24.2740,4.7783,2910,-1,0,0.9832,364.28,572.41,32.33,113.92,399.50,671.50,57.00,77.00,0.0000,105.17,1,16,1.4907,AT_SEARCH_RAIL,0,2229,87,32767,0,0,2910,0,0,0,0
305,0,1,1,ACCEPT,23.0646,4.5902,2621,-1,-1,0.8688,363.27,568.84,32.33,113.92,431.50,686.50,43.00,93.00,0.0000,136.01,1,16,1.6509,AT_SEARCH_RAIL,0,2037,80,32767,0,0,2621,0,0,0,0
306,0,1,1,ACCEPT,24.3916,4.5357,2540,-1,0,0.8508,362.25,568.84,32.33,113.92,429.50,694.00,35.00,62.00,0.0000,142.08,1,15,1.5510,MAX_STEP,0,1849,87,32767,0,0,2540,0,0,0,0
307,0,1,1,ACCEPT,22.1017,3.6651,2364,-1,0,0.9205,361.23,568.84,32.33,113.92,420.00,685.00,36.00,60.00,0.0000,130.18,1,14,1.6047,MAX_STEP,0,1784,90,32767,0,0,2364,0,0,0,0
308,0,1,1,ACCEPT,21.8947,3.7974,2024,-1,0,0.9496,360.22,568.84,32.33,113.92,404.50,670.50,41.00,71.00,0.0000,110.88,1,14,1.6000,MAX_STEP,0,1452,85,32767,0,0,2024,0,0,0,0
309,0,1,1,ACCEPT,23.6444,4.1557,2082,-1,0,0.9933,359.20,568.84,32.33,113.92,402.50,661.00,47.00,52.00,0.0000,101.82,1,15,1.6134,MAX_STEP,0,1456,85,32767,0,0,2082,0,0,0,0
310,0,1,1,ACCEPT,20.0799,3.4188,2106,-3,1,0.4136,356.16,572.41,32.33,113.92,404.00,664.00,58.00,96.00,0.0000,103.34,1,13,1.5363,MAX_STEP,0,1624,89,32767,0,0,2106,0,0,0,0
311,0,1,1,ACCEPT,19.5361,3.5144,2193,-1,0,0.9681,355.14,572.41,32.33,113.92,427.00,675.00,48.00,80.00,0.0000,125.26,1,13,1.5483,MAX_STEP,0,2121,93,32767,0,0,2193,0,0,0,0
312,0,1,1,ACCEPT,22.1303,4.0416,2429,0,-1,0.9000,355.14,568.84,32.33,113.92,423.50,663.50,43.00,55.00,0.0000,116.76,1,13,1.5837,MAX_STEP,0,2173,90,32767,0,0,2429,0,0,0,0
313,0,1,1,ACCEPT,22.7312,4.0231,2434,0,-1,0.9039,355.14,565.28,32.33,113.92,407.50,647.00,39.00,78.00,0.0000,97.05,1,13,1.7470,MAX_STEP,0,2073,87,32767,0,0,2434,0,0,0,0
314,0,1,1,ACCEPT,22.8855,4.0567,2361,0,0,1.0000,355.14,565.28,32.33,113.92,394.50,636.50,55.00,59.00,0.0096,81.37,1,13,1.7822,MAX_STEP,0,1994,85,32767,0,0,2361,0,0,0,0
315,0,1,1,ACCEPT,21.1374,4.2469,2718,1,-1,0.8962,356.16,561.72,32.33,113.92,398.50,615.50,53.00,91.00,0.0018,68.45,1,13,1.7023,MAX_STEP,0,2746,96,32767,0,0,2718,0,0,0,0
316,0,1,1,ACCEPT,20.8159,3.6663,3043,0,0,1.0000,356.16,561.72,32.33,113.92,416.00,607.00,50.00,94.00,0.0000,75.04,1,12,1.8722,MAX_STEP,0,2793,87,32767,0,0,3043,0,0,0,0
317,0,1,1,ACCEPT,22.7863,3.9210,3078,-1,0,0.8713,355.14,561.72,32.33,113.92,424.00,605.00,50.00,68.00,0.0000,81.33,1,12,1.8154,MAX_STEP,0,2698,87,32767,0,0,3078,0,0,0,0
318,0,1,1,ACCEPT,22.6839,3.9292,3332,-1,0,0.9220,354.12,561.72,32.33,113.92,412.50,587.00,43.00,60.00,0.0000,63.61,1,12,1.7254,MAX_STEP,0,2686,91,32767,0,0,3332,0,0,0,0
319,0,1,1,ACCEPT,22.6747,4.2550,3404,0,-1,0.9239,354.12,558.16,32.33,113.92,395.00,577.50,40.00,73.00,0.0000,45.22,1,12,1.8315,MAX_STEP,0,2654,94,32767,0,0,3404,0,0,0,0
320,0,1,1,ACCEPT,10.5416,1.8606,2389,0,-1,0.9602,354.12,554.59,32.33,113.92,381.50,542.00,71.00,72.00,0.2482,30.13,1,12,1.5853,MAX_STEP,0,4186,123,30700,0,0,2389,0,0,0,0
321,0,1,1,ACCEPT,11.7426,2.2174,3958,-1,-1,0.8295,353.11,551.03,32.33,113.92,386.00,522.50,58.00,91.00,0.1127,43.54,1,11,1.7796,MAX_STEP,0,6079,124,29279,0,0,3958,0,0,0,0
322,0,1,1,ACCEPT,15.0935,2.0877,4309,0,0,1.0000,353.11,551.03,32.33,113.92,409.50,512.00,37.00,66.00,0.0000,68.58,1,10,1.6181,MAX_STEP,0,4949,100,32767,0,0,4309,0,0,0,0
323,0,1,1,ACCEPT,15.8761,2.1870,4234,-1,0,0.9506,352.09,551.03,32.33,113.92,412.50,491.50,49.00,67.00,0.0000,84.81,1,10,1.6286,MAX_STEP,0,4862,89,32767,0,0,4234,0,0,0,0
324,0,1,1,ACCEPT,16.0466,2.6177,3992,-1,0,0.9875,351.08,551.03,32.33,113.92,397.50,477.50,51.00,61.00,0.0000,86.96,1,10,1.7381,MAX_STEP,0,4395,86,32767,0,0,3992,0,0,0,0
325,0,1,1,ACCEPT,16.5363,2.3713,3474,1,0,0.9718,352.09,551.03,32.33,113.92,364.50,446.00,81.00,56.00,0.0000,105.76,1,0,1.4310,LOW_CONF,0,4001,84,22460,0,0,3474,0,0,0,0
326,0,1,1,ACCEPT,17.6423,2.9920,4835,0,0,1.0000,352.09,551.03,32.33,113.92,370.00,421.50,76.00,63.00,0.0000,130.76,1,0,1.4921,LOW_CONF,0,4878,80,24988,0,0,4835,0,0,0,0
327,0,1,1,ACCEPT,19.4815,3.1215,5163,-1,0,0.9508,351.08,551.03,32.33,113.92,378.50,396.50,37.00,71.00,0.0000,156.95,1,9,1.5806,MAX_STEP,0,4819,87,25544,0,0,5163,0,0,0,0
328,0,1,1,ACCEPT,21.7112,3.8883,5362,-1,0,0.9718,350.06,551.03,32.33,113.92,398.50,378.50,41.00,69.00,0.0000,179.20,1,9,1.6392,MAX_STEP,0,4907,95,24773,0,0,5362,0,0,0,0
329,0,1,1,ACCEPT,21.9815,4.2101,4749,0,0,1.0000,350.06,551.03,32.33,113.92,394.50,352.50,47.00,69.00,0.0000,203.44,1,0,1.6807,LOW_CONF,0,4534,96,22153,0,0,4749,0,0,0,0
330,0,1,1,ACCEPT,19.2189,3.7115,3860,-2,0,0.6448,348.03,551.03,32.33,113.92,350.00,317.50,68.00,59.00,0.0000,233.54,1,0,1.6736,LOW_CONF,0,3525,85,22582,0,0,3860,0,0,0,0
331,0,1,1,ACCEPT,19.9594,4.3283,3428,-1,0,0.8165,347.02,551.03,32.33,113.92,346.50,293.00,73.00,56.00,0.0000,258.03,1,0,2.0575,ACCEPT,0,2931,91,25332,0,0,3428,0,0,0,0
332,0,1,1,ACCEPT,19.0927,4.0434,3449,-1,0,0.8246,346.00,551.03,32.33,113.92,350.50,267.00,61.00,58.00,0.0000,284.07,1,0,2.1062,ACCEPT,0,2847,102,27936,0,0,3449,0,0,0,0
333,0,1,1,ACCEPT,19.7132,3.9931,3478,-1,0,0.8721,344.98,551.03,32.33,113.92,362.50,240.00,37.00,54.00,0.0000,311.52,1,0,2.0740,ACCEPT,0,3003,92,29175,0,0,3478,0,0,0,0
334,0,1,1,ACCEPT,19.9191,3.8494,3349,-1,-1,0.9337,343.97,547.47,32.33,113.92,366.50,216.50,19.00,55.00,0.0000,331.73,1,8,1.2256,MAX_STEP,0,2944,90,29969,0,0,3349,0,0,0,0
335,0,1,1,ACCEPT,18.8747,3.3117,3262,-1,1,0.9445,342.95,551.03,32.33,113.92,351.50,161.00,15.00,60.00,0.0000,390.12,1,0,2.2047,ACCEPT,0,2789,89,32767,0,0,3262,0,0,0,0
336,0,1,1,ACCEPT,22.0787,4.1939,3720,0,0,1.0000,342.95,551.03,32.33,113.92,342.50,140.50,29.00,61.00,0.0000,410.53,1,0,2.3319,ACCEPT,0,3052,86,32705,0,0,3720,0,0,0,0
337,0,1,1,ACCEPT,23.2724,3.9507,3844,0,0,1.0000,342.95,551.03,32.33,113.92,333.50,113.50,49.00,61.00,0.0000,437.63,1,0,2.5251,ACCEPT,0,3019,98,32767,0,0,3844,0,0,0,0
338,0,1,1,ACCEPT,23.0461,3.9074,3587,-1,-1,0.9008,341.94,547.47,32.33,113.92,316.00,86.00,72.00,60.00,0.0000,462.20,1,0,1.8036,LOW_CONF,0,2769,94,32767,0,0,3587,0,0,0,0
0,0,0,0,ZERO_RESPONSE,0.0000,0.0000,0,0,0,0.0000,316.00,566.50,28.00,93.00,316.00,566.50,28.00,93.00,1.0000,0.00,1,0,0.0000,NOT_RUN,0,0,619,27931,1,50,0,0,0,0,0
1,0,1,1,ACCEPT,7.2714,1.1545,4558,-1,-9,0.0656,315.12,540.34,28.00,93.00,328.50,552.00,19.00,56.00,0.1828,17.74,1,0,2.4040,ACCEPT,0,7042,528,26297,1,50,4558,0,0,0,0
2,0,1,1,ACCEPT,7.0274,1.4648,4557,-1,4,0.6994,314.25,551.97,26.92,89.42,323.00,553.00,22.00,56.00,0.3188,8.81,1,-1,2.3280,ACCEPT,0,6378,580,22910,1,50,4557,0,0,0,0
3,0,1,1,ACCEPT,10.2347,1.6947,8092,-1,1,0.8432,313.41,554.77,25.89,85.98,317.00,556.50,24.00,69.00,0.6116,3.99,1,-1,2.8770,ACCEPT,0,10195,459,28249,1,50,8092,0,0,0,0
4,0,1,1,ACCEPT,9.6481,1.5863,9443,0,0,1.0000,313.41,554.77,25.89,85.98,310.00,556.00,38.00,60.00,0.5261,3.62,1,0,3.4576,ACCEPT,0,16251,334,22544,1,50,9443,0,0,0,0
5,0,1,1,ACCEPT,11.4092,2.5321,10093,0,0,1.0000,313.41,554.77,25.89,85.98,308.00,555.00,44.00,64.00,0.4894,5.41,1,0,3.4665,ACCEPT,0,14196,233,18562,1,50,10093,0,0,0,0
6,0,1,1,ACCEPT,6.7339,1.0164,4655,1,-7,0.9822,314.22,535.95,25.89,85.98,325.50,556.00,11.00,92.00,0.1800,23.00,1,0,2.8220,ACCEPT,0,11371,71,23758,1,50,4655,0,0,0,0
7,0,1,1,ACCEPT,7.6896,1.3683,3830,-1,5,0.8198,313.41,549.39,25.89,85.98,335.50,557.00,25.00,74.00,0.0633,23.37,1,0,3.1009,ACCEPT,0,7728,102,18689,1,50,3830,0,0,0,0
8,0,1,1,ACCEPT,8.2364,1.1900,4353,-2,2,0.6814,311.78,554.77,25.89,85.98,332.50,561.00,25.00,46.00,0.0688,21.64,1,0,3.3657,ACCEPT,0,9969,114,22678,1,50,4353,0,0,0,0
9,0,1,1,ACCEPT,10.6103,1.4810,7125,-1,0,0.9022,310.97,554.77,25.89,85.98,327.00,556.00,22.00,72.00,0.1758,16.08,1,0,3.1595,ACCEPT,0,11763,189,19734,1,50,7125,0,0,0,0
10,0,1,1,ACCEPT,10.3356,2.1938,7878,0,1,0.9782,310.97,557.45,25.89,85.98,320.00,548.50,42.00,53.00,0.4216,12.72,1,0,3.6130,ACCEPT,0,12059,193,19066,1,50,7878,0,0,0,0
11,0,1,1,ACCEPT,9.9759,1.9306,8479,0,-1,0.9529,310.97,554.77,25.89,85.98,328.50,551.50,35.00,79.00,0.2569,17.83,1,0,3.3837,ACCEPT,0,13759,140,17489,1,50,8479,0,0,0,0
12,0,1,1,ACCEPT,11.4101,1.5520,7839,-1,0,0.9440,310.16,554.77,25.89,85.98,348.50,561.00,29.00,86.00,0.0000,38.85,1,0,3.1165,ACCEPT,0,14178,90,19555,1,50,7839,0,0,0,0
13,0,1,1,ACCEPT,13.2332,1.8723,8107,1,0,0.9076,310.97,554.77,25.89,85.98,355.00,562.50,28.00,47.00,0.0000,44.71,1,0,3.2142,ACCEPT,0,12659,101,21117,1,50,8107,0,0,0,0
14,0,1,1,ACCEPT,14.5928,2.0470,7627,0,0,1.0000,310.97,554.77,25.89,85.98,349.50,563.50,19.00,43.00,0.0000,39.51,1,0,3.0308,ACCEPT,0,10353,93,21568,1,50,7627,0,0,0,0
15,0,1,1,ACCEPT,15.0248,3.0865,7849,0,0,1.0000,310.97,554.77,25.89,85.98,342.50,558.50,45.00,49.00,0.0452,31.75,1,0,3.0209,ACCEPT,0,8780,113,23612,1,50,7849,0,0,0,0
16,0,1,1,ACCEPT,14.3702,1.9675,8785,-1,-1,0.8471,310.16,552.08,25.89,85.98,355.50,559.00,35.00,78.00,0.0000,45.87,1,0,2.9977,ACCEPT,0,11071,83,24196,1,50,8785,0,0,0,0
17,0,1,1,ACCEPT,15.6868,2.1464,7257,1,0,0.9102,310.97,552.08,25.89,85.98,370.50,562.50,17.00,73.00,0.0000,60.44,1,0,3.1497,ACCEPT,0,8128,83,20275,1,50,7257,0,0,0,0
18,0,1,1,ACCEPT,14.1964,1.8526,6575,-1,0,0.9072,310.16,552.08,25.89,85.98,372.50,563.00,21.00,36.00,0.0000,63.29,1,0,3.1096,ACCEPT,0,7663,77,26074,1,50,6575,0,0,0,0
19,0,1,1,ACCEPT,14.4747,2.3969,8902,0,-1,0.9993,310.16,549.39,25.89,85.98,365.50,560.50,47.00,59.00,0.0000,56.45,1,0,3.0573,ACCEPT,0,9805,134,21567,1,50,8902,0,0,0,0
20,0,1,1,ACCEPT,13.8057,2.6587,9106,0,-1,0.9627,310.16,546.70,25.89,85.98,363.50,560.00,49.00,52.00,0.0000,54.98,1,0,3.0743,ACCEPT,0,9941,120,20508,1,50,9106,0,0,0,0
21,0,1,1,ACCEPT,7.3394,1.2478,4613,-1,0,0.8847,309.34,546.70,25.89,85.98,379.50,561.50,23.00,87.00,0.0000,71.70,1,0,3.0299,ACCEPT,0,7889,101,20044,1,50,4613,0,0,0,0
22,0,1,1,ACCEPT,10.7072,1.5316,5630,0,-1,0.9595,309.34,544.02,25.89,85.98,376.00,561.50,20.00,53.00,0.0000,68.91,1,0,3.0003,ACCEPT,0,9761,75,18253,1,50,5630,0,0,0,0
23,0,1,1,ACCEPT,14.0086,2.2139,6013,0,-1,0.9260,309.34,541.33,24.89,82.68,365.50,560.00,31.00,66.00,0.0000,59.18,1,-1,3.3055,ACCEPT,0,7871,76,21144,1,50,6013,0,0,0,0
24,0,1,1,ACCEPT,8.3636,1.7661,5150,0,-1,0.9551,309.34,538.75,24.89,82.68,363.50,557.50,33.00,37.00,0.0000,57.31,1,0,2.9169,ACCEPT,0,9227,75,25800,1,50,5150,0,0,0,0
25,0,1,1,ACCEPT,14.2761,2.7911,8725,0,0,1.0000,309.34,538.75,24.89,82.68,364.00,563.50,34.00,59.00,0.0000,60.00,1,0,2.7775,ACCEPT,0,9972,77,20541,1,50,8725,0,0,0,0
26,0,1,1,ACCEPT,14.2710,2.7351,8197,0,0,1.0000,309.34,538.75,23.93,79.50,363.50,567.00,17.00,90.00,0.0000,61.08,1,-1,2.6721,ACCEPT,0,10238,89,20563,1,50,8197,0,0,0,0
27,0,1,1,ACCEPT,13.9301,2.9629,6868,0,0,1.0000,309.34,538.75,23.93,79.50,362.50,564.50,13.00,73.00,0.0000,59.06,1,0,2.5680,ACCEPT,0,8955,89,19113,1,50,6868,0,0,0,0
28,0,1,1,ACCEPT,16.8108,3.7314,7112,0,0,1.0000,309.34,538.75,23.93,79.50,360.00,572.50,14.00,61.00,0.0000,60.87,1,0,2.3836,ACCEPT,0,8036,89,16555,1,50,7112,0,0,0,0
29,0,1,1,ACCEPT,17.6920,4.3324,6399,0,0,1.0000,309.34,538.75,23.01,76.44,354.00,559.00,18.00,52.00,0.0000,49.03,1,-1,2.4222,ACCEPT,0,6976,105,13657,1,50,6399,0,0,0,0
30,0,1,1,ACCEPT,18.4456,4.4368,5963,1,0,0.9990,310.06,538.75,23.01,76.44,347.50,556.50,27.00,47.00,0.0000,41.43,1,-3,1.6516,MAX_STEP,0,6326,92,13259,1,50,5963,0,0,0,0
31,0,1,1,ACCEPT,16.3350,3.4461,4218,-1,-1,0.8426,309.34,536.36,21.28,70.67,341.50,571.00,41.00,66.00,0.0000,47.27,1,-2,2.0292,ACCEPT,0,4552,119,12691,1,50,4218,0,0,0,0
32,0,1,1,ACCEPT,13.9992,2.4897,4128,0,0,1.0000,309.34,536.36,19.67,65.34,352.50,578.00,19.00,84.00,0.0000,59.97,1,-2,2.0989,ACCEPT,0,6410,101,11507,1,50,4128,0,0,0,0
33,0,1,1,ACCEPT,10.9711,1.7191,2723,-1,0,0.8465,308.73,536.36,18.19,60.41,358.50,572.50,17.00,57.00,0.0000,61.50,1,-2,2.4320,ACCEPT,0,6044,103,8998,1,50,2723,0,0,0,0
34,0,1,1,ACCEPT,10.4652,1.8686,2502,-2,0,0.7062,307.61,536.36,18.19,60.41,362.00,582.50,26.00,51.00,0.0000,71.33,1,0,1.8566,LOW_CONF,0,6180,92,9114,1,50,2502,0,0,0,0
35,0,1,1,ACCEPT,10.2234,1.5208,2336,0,-1,0.9551,307.61,534.47,16.82,55.85,355.00,583.00,16.00,64.00,0.0000,67.83,1,-2,2.0354,ACCEPT,0,4838,71,8716,1,50,2336,0,0,0,0
36,0,1,1,ACCEPT,8.9631,1.3826,1807,-4,1,0.0670,305.48,536.22,16.82,55.85,341.00,582.00,44.00,34.00,0.0000,57.94,1,5,2.3753,MAX_STEP,0,4726,83,9183,1,50,1807,0,0,0,0
37,0,1,1,ACCEPT,7.2897,1.0162,1571,-6,9,0.7085,302.30,551.97,16.82,55.85,342.00,578.00,46.00,56.00,0.0000,47.48,1,0,1.6875,LOW_CONF,0,4206,112,10722,1,50,1571,0,0,0,0
38,0,1,1,ACCEPT,9.2818,1.7500,1582,0,-1,0.9027,302.30,550.22,16.82,55.85,350.00,583.50,34.00,79.00,0.0000,58.17,1,0,1.9661,LOW_CONF,0,3574,129,10796,1,50,1582,0,0,0,0
39,0,1,1,ACCEPT,10.6708,2.6142,1809,-1,-1,0.9099,301.77,548.47,16.82,55.85,368.50,594.50,29.00,81.00,0.0000,81.07,1,0,1.7107,LOW_CONF,0,3690,120,9363,1,50,1809,0,0,0,0
40,0,1,1,ACCEPT,12.4680,3.4898,1874,-1,0,0.9344,301.23,548.47,16.82,55.85,374.00,595.50,28.00,47.00,0.0000,86.64,1,0,2.3045,ACCEPT,0,3394,107,10042,1,50,1874,0,0,0,0
41,0,1,1,ACCEPT,11.8847,3.1351,1624,1,-2,0.8978,301.77,544.97,16.17,53.71,370.00,588.00,26.00,48.00,0.0000,80.67,1,-1,2.0309,ACCEPT,0,3150,100,7605,1,50,1624,0,0,0,0
42,0,1,1,ACCEPT,12.5545,3.2932,1449,-2,-1,0.5797,300.77,543.30,16.17,53.71,363.50,594.00,49.00,42.00,0.0000,80.66,1,1,1.7167,LOW_CONF,0,3057,101,6413,1,50,1449,0,0,0,0
43,0,1,1,ACCEPT,14.8238,4.1404,1652,-2,-1,0.6435,299.77,541.62,16.17,53.71,367.00,596.00,48.00,60.00,0.0000,86.47,1,0,2.0438,ACCEPT,0,2923,100,6672,1,50,1652,0,0,0,0
44,0,1,1,ACCEPT,16.6640,4.7909,1787,-2,-1,0.5904,298.77,539.95,16.17,53.71,374.50,601.00,41.00,82.00,0.0000,97.27,1,0,2.0267,ACCEPT,0,2666,95,7641,1,50,1787,0,0,0,0
45,0,1,1,ACCEPT,16.9856,4.1875,1742,-1,-1,0.9305,298.27,538.28,16.17,53.71,384.50,613.00,29.00,80.00,0.0000,114.10,1,0,2.6387,ACCEPT,0,2534,98,7936,1,50,1742,0,0,0,0
46,0,1,1,ACCEPT,16.8347,4.0927,1899,0,-2,0.7878,298.27,534.94,15.55,51.64,387.00,604.50,48.00,71.00,0.0000,112.75,1,-1,2.2809,ACCEPT,0,2681,96,7091,1,50,1899,0,0,0,0
47,0,1,1,ACCEPT,15.3560,3.4286,1656,-1,-3,0.5483,297.78,530.11,15.55,51.64,388.50,605.50,47.00,73.00,0.0000,117.96,1,0,2.7067,ACCEPT,0,2551,103,8811,1,50,1656,0,0,0,0
48,0,1,1,ACCEPT,18.0863,4.6056,1810,0,-1,0.9685,297.78,528.50,15.55,51.64,399.50,621.00,33.00,76.00,0.0000,137.49,1,0,2.7883,ACCEPT,0,2402,90,8094,1,50,1810,0,0,0,0
49,0,1,1,ACCEPT,21.3409,4.8575,2249,0,0,1.0000,297.78,528.50,15.55,51.64,405.00,621.00,20.00,56.00,0.0000,141.61,1,0,2.7760,ACCEPT,0,2448,60,8318,1,50,2249,0,0,0,0
50,0,1,1,ACCEPT,20.7637,4.2234,2023,0,1,0.9441,297.78,530.11,15.55,51.64,399.00,630.00,30.00,62.00,0.0000,142.21,1,0,2.6847,ACCEPT,0,2244,67,7684,1,50,2023,0,0,0,0
51,0,1,1,ACCEPT,14.4303,2.7292,1703,-1,-1,0.7839,297.30,528.50,14.95,49.65,391.00,614.50,50.00,71.00,0.0000,127.19,1,-1,2.5565,ACCEPT,0,2114,68,9122,1,50,1703,0,0,0,0
52,0,1,1,ACCEPT,13.3091,1.8766,1612,1,-2,0.8617,297.77,525.41,14.95,49.65,395.50,628.00,41.00,72.00,0.0000,141.70,1,-3,2.4717,MAX_STEP,0,2168,53,9142,1,50,1612,0,0,0,0
53,0,1,1,ACCEPT,14.2649,2.8208,1653,-3,0,0.4065,296.36,525.41,14.95,49.65,404.00,626.50,22.00,57.00,0.0000,147.67,1,-3,2.3017,MAX_STEP,0,1782,52,10996,1,50,1653,0,0,0,0
54,0,1,1,ACCEPT,15.5282,2.5123,2138,1,-1,0.9163,296.83,523.86,14.95,49.65,399.00,633.00,30.00,62.00,0.0000,149.50,1,-4,1.4330,MAX_STEP,0,2129,60,11686,1,50,2138,0,0,0,0
55,0,1,1,ACCEPT,14.5676,3.0560,2075,-2,0,0.7687,295.89,523.86,14.95,49.65,390.50,624.50,37.00,67.00,0.0000,138.13,1,-2,1.9507,OUT_OF_RANGE,0,2036,58,11540,1,50,2075,0,0,0,0
56,0,1,1,ACCEPT,12.9479,2.6475,1885,-1,-2,0.6196,295.42,520.77,14.95,49.65,382.50,620.00,45.00,52.00,0.0000,132.02,1,-3,1.9454,MAX_STEP,0,2153,55,13378,1,50,1885,0,0,0,0
57,0,1,1,ACCEPT,14.7591,2.6820,2387,1,1,0.6665,295.89,522.31,14.95,49.65,382.00,628.00,44.00,80.00,0.0000,136.33,1,-4,2.0363,MAX_STEP,0,2430,66,13209,1,50,2387,0,0,0,0
58,0,1,1,ACCEPT,15.9650,3.1642,3044,0,1,0.9767,295.89,523.86,14.95,49.65,386.50,639.00,21.00,80.00,0.0000,146.52,1,-3,2.0555,MAX_STEP,0,2880,68,11417,1,50,3044,0,0,0,0
59,0,1,1,ACCEPT,15.6126,3.7909,2847,0,-1,0.9937,295.89,522.31,14.95,49.65,385.50,635.50,27.00,57.00,0.0000,144.36,1,-3,1.8676,MAX_STEP,0,3268,50,12470,1,50,2847,0,0,0,0
60,0,1,1,ACCEPT,15.1416,2.3092,3376,0,0,1.0000,295.89,522.31,14.95,49.65,372.00,635.00,30.00,48.00,0.0000,135.98,1,-3,1.9635,MAX_STEP,0,3954,70,10995,1,50,3376,0,0,0,0
61,0,1,1,ACCEPT,10.8736,1.8247,2248,1,1,0.7144,296.36,523.86,14.95,49.65,358.50,621.00,51.00,58.00,0.0000,115.32,1,-3,1.8219,MAX_STEP,0,2833,53,10101,1,50,2248,0,0,0,0
62,0,1,1,ACCEPT,12.6924,2.2957,1871,2,-1,0.7317,297.30,522.31,14.95,49.65,361.00,629.00,42.00,84.00,0.0000,124.26,1,-4,1.7887,MAX_STEP,0,1732,59,9372,1,50,1871,0,0,0,0
63,0,1,1,ACCEPT,15.5004,2.9922,1906,0,0,1.0000,297.30,522.31,14.95,49.65,361.50,623.00,25.00,80.00,0.0000,119.42,1,-5,1.7775,MAX_STEP,0,1971,53,8157,1,50,1906,0,0,0,0
64,0,1,1,ACCEPT,11.9677,2.4495,1188,-1,-1,0.9301,296.83,520.77,14.95,49.65,356.50,642.00,25.00,52.00,0.0000,135.12,1,-4,1.8386,MAX_STEP,0,1275,46,8930,1,50,1188,0,0,0,0
65,0,1,1,ACCEPT,12.9925,2.6467,1191,0,0,1.0000,296.83,520.77,14.95,49.65,347.50,638.00,39.00,42.00,0.0000,127.72,1,-4,1.9527,MAX_STEP,0,1363,41,8342,1,50,1191,0,0,0,0
66,0,1,1,ACCEPT,11.7893,2.8077,1022,0,-2,0.6292,296.83,517.67,14.95,49.65,333.50,621.50,59.00,41.00,0.0000,110.11,1,-4,1.9008,MAX_STEP,0,1316,58,12781,1,50,1022,0,0,0,0
67,0,1,1,ACCEPT,12.6135,2.6686,1393,0,-1,0.9081,296.83,516.12,14.95,49.65,332.00,619.50,50.00,71.00,0.0000,109.19,1,-4,1.8095,MAX_STEP,0,1627,44,11728,1,50,1393,0,0,0,0
68,0,1,1,ACCEPT,12.9919,2.9292,1242,0,-1,0.9670,296.83,514.58,14.95,49.65,330.00,631.50,32.00,89.00,0.0000,121.54,1,-5,1.6841,MAX_STEP,0,1586,49,11957,1,50,1242,0,0,0,0
69,0,1,1,ACCEPT,15.1020,2.7265,1306,-1,-2,0.6937,296.36,511.48,14.95,49.65,327.00,646.00,22.00,80.00,0.0000,137.96,1,-5,1.8247,MAX_STEP,0,1451,44,12813,1,50,1306,0,0,0,0
70,0,1,1,ACCEPT,15.5831,3.7662,1514,0,-1,0.9690,296.36,509.94,14.95,49.65,322.00,640.00,32.00,54.00,0.0000,132.57,1,-6,1.6399,MAX_STEP,0,1645,43,13034,1,50,1514,0,0,0,0
71,0,1,1,ACCEPT,12.6568,2.7650,1294,-2,-3,0.4444,295.42,505.30,14.95,49.65,299.00,615.50,50.00,47.00,0.0000,110.26,1,-6,1.6010,MAX_STEP,0,1851,57,13290,1,50,1294,0,0,0,0
72,0,1,1,ACCEPT,15.3182,3.5019,1828,-1,0,0.8627,294.95,505.30,14.95,49.65,296.50,614.50,51.00,49.00,0.0000,109.21,1,-6,1.3659,MAX_STEP,0,2021,53,14159,1,50,1828,0,0,0,0
73,0,1,1,ACCEPT,14.3253,2.9293,1658,-2,-1,0.6007,294.02,503.75,14.95,49.65,302.00,627.50,38.00,61.00,0.0000,124.01,1,-5,1.7145,MAX_STEP,0,2187,56,14212,1,50,1658,0,0,0,0
74,0,1,1,ACCEPT,15.3217,3.1157,2047,-2,0,0.7557,293.08,503.75,14.95,49.65,302.00,630.50,28.00,85.00,0.0000,127.06,1,-5,1.6655,MAX_STEP,0,2323,61,14040,1,50,2047,0,0,0,0
75,0,1,1,ACCEPT,18.3484,3.2149,2334,-1,-1,0.8286,292.61,502.20,14.95,49.65,297.50,641.50,25.00,67.00,0.0000,139.38,1,-5,1.6482,MAX_STEP,0,2241,64,13026,1,50,2334,0,0,0,0
76,0,1,1,ACCEPT,19.4330,3.1859,2348,-3,-2,0.3654,291.20,499.11,14.95,49.65,282.50,620.50,45.00,57.00,0.0000,121.70,1,-4,1.7875,MAX_STEP,0,2053,70,13104,1,50,2348,0,0,0,0
77,0,1,1,ACCEPT,21.6582,3.8763,2318,1,0,0.8758,291.67,499.11,14.95,49.65,278.00,610.50,54.00,55.00,0.0000,112.23,1,-5,1.5440,MAX_STEP,0,1917,60,12588,1,50,2318,0,0,0,0
78,0,1,1,ACCEPT,19.9476,3.1481,2125,-1,-1,0.7915,291.20,497.56,14.95,49.65,274.50,614.00,59.00,42.00,0.0000,117.63,1,-5,1.7013,MAX_STEP,0,1649,51,10999,1,50,2125,0,0,0,0
79,0,1,1,ACCEPT,18.8581,2.7757,2054,0,0,1.0000,291.20,497.56,14.95,49.65,275.00,618.00,60.00,44.00,0.0000,121.52,1,-5,1.4690,MAX_STEP,0,1564,62,10226,1,50,2054,0,0,0,0
80,0,1,1,ACCEPT,22.4791,3.3653,2386,-1,-1,0.7867,290.73,496.02,14.95,49.65,276.50,633.50,39.00,55.00,0.0000,138.22,1,-6,1.3837,MAX_STEP,0,1601,78,9642,1,50,2386,0,0,0,0
81,0,1,1,ACCEPT,15.8842,2.7001,1936,-4,0,0.1477,288.86,496.02,14.95,49.65,272.00,629.00,46.00,52.00,0.0000,134.05,1,-5,1.5312,MAX_STEP,0,1791,72,9674,1,50,1936,0,0,0,0
82,0,1,1,ACCEPT,17.0945,2.6581,1975,-2,0,0.5884,287.92,496.02,14.95,49.65,261.50,610.50,59.00,45.00,0.0000,117.49,1,-6,1.2942,MAX_STEP,0,1645,75,9546,1,50,1975,0,0,0,0
83,0,1,1,ACCEPT,18.7036,2.8991,2299,-3,-1,0.4659,286.52,494.47,14.95,49.65,260.50,602.50,59.00,53.00,0.0000,111.12,1,-5,1.5398,MAX_STEP,0,1870,70,8934,1,50,2299,0,0,0,0
84,0,1,1,ACCEPT,16.7341,3.8998,1829,-3,-1,0.2242,285.11,492.92,14.95,49.65,261.50,599.50,53.00,51.00,0.0000,109.16,1,-5,1.5335,MAX_STEP,0,1486,76,10911,1,50,1829,0,0,0,0
85,0,1,1,ACCEPT,16.2959,3.2897,2362,-1,-3,0.2121,284.64,488.28,14.95,49.65,260.50,603.50,51.00,59.00,0.0000,117.72,1,-6,1.5453,MAX_STEP,0,1981,79,11046,1,50,2362,0,0,0,0
86,0,1,1,ACCEPT,13.4405,3.0452,2360,-2,-1,0.3386,283.70,486.73,14.95,49.65,271.00,622.00,22.00,70.00,0.0000,135.86,1,-5,1.7045,MAX_STEP,0,2382,77,11632,1,50,2360,0,0,0,0
87,0,1,1,ACCEPT,16.3612,3.7541,3221,0,-1,0.9826,283.70,485.19,14.95,49.65,266.50,615.00,21.00,72.00,0.0000,130.95,1,-5,1.6792,MAX_STEP,0,2895,86,10797,1,50,3221,0,0,0,0
88,0,1,1,ACCEPT,9.5445,1.5715,1955,-1,2,0.7678,283.23,488.28,14.95,49.65,263.00,613.50,30.00,67.00,0.0000,126.84,1,-4,1.7241,MAX_STEP,0,2153,76,9635,1,50,1955,0,0,0,0
89,0,1,1,ACCEPT,13.7284,3.0241,3257,2,0,0.7565,284.17,488.28,14.95,49.65,254.00,607.00,42.00,54.00,0.0000,122.49,1,-5,1.1606,MAX_STEP,0,3145,98,11106,1,50,3257,0,0,0,0
90,0,1,1,ACCEPT,17.7417,4.4010,4467,0,-1,0.9785,284.17,486.73,14.95,49.65,257.50,604.50,43.00,67.00,0.0000,120.75,1,-10,1.3887,MAX_STEP,0,4591,73,12230,1,50,4467,0,0,0,0
91,0,1,1,ACCEPT,13.8768,3.0292,3729,2,0,0.7501,285.11,486.73,14.95,49.65,268.00,616.00,26.00,88.00,0.0000,130.39,1,-5,1.4142,MAX_STEP,0,4045,83,11521,1,50,3729,0,0,0,0
92,0,1,1,ACCEPT,16.3745,3.5968,4086,-1,0,0.8940,284.64,486.73,14.95,49.65,278.00,624.50,32.00,71.00,0.0000,137.93,1,-6,1.2162,MAX_STEP,0,3812,62,10322,1,50,4086,0,0,0,0
93,0,1,1,ACCEPT,15.3227,3.1099,2942,-1,-1,0.7036,284.17,485.19,14.95,49.65,274.50,623.00,25.00,58.00,0.0000,138.15,1,0,3.1032,ACCEPT,0,2276,46,9639,1,50,2942,0,0,0,0
94,0,1,1,ACCEPT,17.9899,3.6755,3341,1,0,0.9413,284.64,485.19,14.95,49.65,270.00,615.50,22.00,71.00,0.0000,131.13,1,0,3.3823,ACCEPT,0,3347,69,9282,1,50,3341,0,0,0,0
95,0,1,1,ACCEPT,19.4168,4.5041,3824,-2,0,0.7403,283.70,485.19,15.55,51.64,260.50,612.50,31.00,73.00,0.0000,129.41,1,1,3.2345,ACCEPT,0,3650,57,9820,1,50,3824,0,0,0,0
96,0,1,1,ACCEPT,14.7054,3.2454,2671,0,2,0.7054,283.70,488.41,16.17,53.71,268.00,615.00,26.00,64.00,0.0000,127.56,1,1,2.6574,ACCEPT,0,2890,61,7627,1,50,2671,0,0,0,0
97,0,1,1,ACCEPT,15.1689,3.0037,2460,3,0,0.5573,285.20,488.41,16.82,55.85,269.00,615.00,26.00,78.00,0.0000,127.63,1,1,3.2303,ACCEPT,0,2414,176,9259,1,50,2460,0,0,0,0
98,0,1,1,ACCEPT,13.7896,2.8185,2190,1,1,0.8315,285.73,490.16,17.49,58.09,273.00,615.50,24.00,83.00,0.0000,125.99,1,1,2.5581,ACCEPT,0,2028,64,10765,1,50,2190,0,0,0,0
99,0,1,1,ACCEPT,11.1994,2.8592,1807,-3,0,0.2070,284.09,490.16,18.19,60.41,280.00,618.00,26.00,86.00,0.0000,127.91,1,1,2.9486,ACCEPT,0,2632,96,13861,1,50,1807,0,0,0,0
100,0,1,1,ACCEPT,12.0164,2.8115,3281,1,-1,0.8994,284.66,488.27,18.19,60.41,289.50,620.50,33.00,81.00,0.0000,132.32,1,0,2.9254,ACCEPT,0,3706,63,12714,1,50,3281,0,0,0,0
101,0,1,1,ACCEPT,12.4362,2.8878,3422,-2,-3,0.0351,283.53,482.59,18.19,60.41,296.50,619.00,29.00,62.00,0.0000,137.02,1,0,2.9956,ACCEPT,0,4231,74,14872,1,50,3422,0,0,0,0
102,0,1,1,ACCEPT,13.9379,3.1656,3881,-2,-1,0.5073,282.41,480.70,18.92,62.83,293.50,619.50,25.00,61.00,0.0000,139.24,1,1,2.9720,ACCEPT,0,4603,65,12482,1,50,3881,0,0,0,0
103,0,1,1,ACCEPT,16.2766,4.2671,4297,-1,1,0.8024,281.81,482.67,18.92,62.83,296.50,615.00,35.00,58.00,0.0000,133.14,1,0,3.1479,ACCEPT,0,4181,63,11781,1,50,4297,0,0,0,0
104,0,1,1,ACCEPT,16.7772,4.0139,4038,-2,-1,0.4604,280.62,480.70,18.92,62.83,300.50,612.00,37.00,62.00,0.0000,132.79,1,0,3.1987,ACCEPT,0,4330,68,13363,1,50,4038,0,0,0,0
105,0,1,1,ACCEPT,16.9946,3.4498,4257,-2,0,0.3921,279.44,480.70,18.92,62.83,309.50,620.00,33.00,70.00,0.0000,142.50,1,0,3.1270,ACCEPT,0,4168,66,14339,1,50,4257,0,0,0,0
106,0,1,1,ACCEPT,15.0735,3.0542,4059,-1,0,0.9332,278.84,480.70,18.92,62.83,336.00,625.00,28.00,76.00,0.0000,155.20,1,0,3.1877,ACCEPT,0,4480,83,13846,1,50,4059,0,0,0,0
107,0,1,1,ACCEPT,16.6013,3.1317,4588,-1,0,0.9374,278.25,480.70,18.92,62.83,339.00,632.00,16.00,64.00,0.0000,163.04,1,0,3.2438,ACCEPT,0,4426,89,15374,1,50,4588,0,0,0,0
108,0,1,1,ACCEPT,17.9068,3.8589,4596,1,0,0.7772,278.84,480.70,18.92,62.83,341.50,623.50,23.00,79.00,0.0000,155.94,1,0,3.1739,ACCEPT,0,4619,65,10614,1,50,4596,0,0,0,0
109,0,1,1,ACCEPT,18.2049,3.7197,3861,0,-1,0.9578,278.84,478.73,18.92,62.83,340.50,620.50,37.00,73.00,0.0000,154.59,1,0,3.1104,ACCEPT,0,3414,64,9240,1,50,3861,0,0,0,0
110,0,1,1,ACCEPT,17.9907,3.7566,3272,-2,1,0.6831,277.66,480.70,18.92,62.83,350.00,626.50,32.00,81.00,0.0000,162.76,1,0,3.1283,ACCEPT,0,3429,66,8763,1,50,3272,0,0,0,0
111,0,1,1,ACCEPT,17.4951,3.2513,2575,-2,-1,0.5258,276.47,478.73,18.92,62.83,370.00,644.00,22.00,72.00,0.0000,189.90,1,0,3.0896,ACCEPT,0,2358,67,10547,1,50,2575,0,0,0,0
112,0,1,1,ACCEPT,20.3909,4.1231,3249,1,-1,0.8566,277.06,476.77,18.92,62.83,371.50,640.00,23.00,80.00,0.0000,188.58,1,0,2.9200,ACCEPT,0,2372,60,11796,1,50,3249,0,0,0,0
113,0,1,1,ACCEPT,23.0082,4.7153,4456,-1,0,0.8974,276.47,476.77,18.92,62.83,373.50,637.50,25.00,77.00,0.0000,187.75,1,0,2.9350,ACCEPT,0,3171,59,11191,1,50,4456,0,0,0,0
114,0,1,1,ACCEPT,22.2743,4.3758,4332,0,0,1.0000,276.47,476.77,18.92,62.83,376.00,641.50,28.00,89.00,0.0000,192.47,1,0,2.9809,ACCEPT,0,3323,53,9740,1,50,4332,0,0,0,0
115,0,1,1,ACCEPT,19.4555,4.4425,3363,1,1,0.9099,277.06,478.73,18.19,60.41,383.50,651.50,31.00,71.00,0.0000,202.92,1,-1,2.7456,ACCEPT,0,2622,54,8680,1,50,3363,0,0,0,0
116,0,1,1,ACCEPT,20.6576,3.8596,4095,-1,0,0.9663,276.50,478.73,18.19,60.41,377.50,646.00,47.00,62.00,0.0000,195.39,1,0,3.0588,ACCEPT,0,3048,85,7604,1,50,4095,0,0,0,0
117,0,1,1,ACCEPT,19.9506,3.2254,4122,-1,0,0.9896,275.94,478.73,18.19,60.41,379.50,645.50,49.00,51.00,0.0000,196.31,1,0,2.8450,ACCEPT,0,3087,67,10243,1,50,4122,0,0,0,0
118,0,1,1,ACCEPT,17.6454,3.1615,4170,2,0,0.6400,277.06,478.73,18.19,60.41,385.50,644.50,39.00,77.00,0.0000,198.08,1,0,2.8844,ACCEPT,0,3299,67,8760,1,50,4170,0,0,0,0
119,0,1,1,ACCEPT,16.7415,2.8768,4157,1,-2,0.7517,277.62,474.95,18.19,60.41,399.00,655.00,22.00,62.00,0.0000,217.14,1,0,2.9138,ACCEPT,0,3530,57,8221,1,50,4157,0,0,0,0
120,0,1,1,ACCEPT,16.6986,4.0801,4280,0,0,1.0000,277.62,474.95,18.19,60.41,394.00,654.00,46.00,62.00,0.0000,213.54,1,0,2.8240,ACCEPT,0,4758,68,8155,1,50,4280,0,0,0,0
121,0,1,1,ACCEPT,17.3025,3.4229,4395,-1,1,0.8910,277.06,476.84,18.19,60.41,393.00,651.50,48.00,41.00,0.0000,209.63,1,0,2.9701,ACCEPT,0,4940,74,9669,1,50,4395,0,0,0,0
122,0,1,1,ACCEPT,18.7168,4.3534,5002,1,0,0.9308,277.62,476.84,18.19,60.41,394.50,650.00,49.00,58.00,0.0000,208.91,1,0,2.8277,ACCEPT,0,4741,61,10969,1,50,5002,0,0,0,0
123,0,1,1,ACCEPT,15.6986,3.6400,4510,2,0,0.6404,278.75,476.84,18.19,60.41,403.00,651.50,40.00,87.00,0.0000,214.34,1,0,2.8896,ACCEPT,0,5376,50,9215,1,50,4510,0,0,0,0
124,0,1,1,ACCEPT,16.4171,3.9580,3582,1,-1,0.8473,279.31,474.95,18.19,60.41,412.50,650.50,21.00,67.00,0.0000,220.35,1,0,2.8338,ACCEPT,0,3506,51,8905,1,50,3582,0,0,0,0
125,0,1,1,ACCEPT,15.2533,3.5692,2784,4,0,0.2920,281.56,474.95,17.49,58.09,402.50,646.50,35.00,51.00,0.0000,209.89,1,-1,2.5445,ACCEPT,0,3036,60,7610,1,50,2784,0,0,0,0
126,0,1,1,ACCEPT,15.7314,3.3971,2772,-2,-1,0.6108,280.47,473.14,17.49,58.09,395.50,636.50,43.00,47.00,0.0000,199.80,1,0,2.9307,ACCEPT,0,2910,39,9466,1,50,2772,0,0,0,0
127,0,1,1,ACCEPT,16.2526,3.1408,3301,1,-1,0.8849,281.02,471.33,16.82,55.85,398.00,641.00,36.00,78.00,0.0000,206.09,1,-1,2.4965,ACCEPT,0,3258,61,8702,1,50,3301,0,0,0,0
128,0,1,1,ACCEPT,14.4776,3.3727,2597,-2,0,0.7736,279.95,471.33,16.82,55.85,399.50,647.50,17.00,79.00,0.0000,212.90,1,0,2.6430,ACCEPT,0,3109,58,10589,1,50,2597,0,0,0,0
129,0,1,1,ACCEPT,17.3911,4.5222,3776,-1,0,0.9153,279.42,471.33,16.17,53.71,401.00,639.00,22.00,52.00,0.0000,207.11,1,-1,2.5521,ACCEPT,0,4000,52,12279,1,50,3776,0,0,0,0
130,0,1,1,ACCEPT,18.4673,4.8670,4429,0,-1,0.9950,279.42,469.66,15.55,51.64,385.00,633.50,38.00,69.00,0.0000,194.91,1,-1,2.4050,ACCEPT,0,4481,211,9343,1,50,4429,0,0,0,0
131,0,1,1,ACCEPT,20.8294,5.7448,4929,-1,0,0.9239,278.94,469.66,14.95,49.65,380.00,630.00,40.00,60.00,0.0000,189.54,1,-1,2.7039,ACCEPT,0,4120,62,12697,1,50,4929,0,0,0,0
132,0,1,1,ACCEPT,22.1810,5.6282,5313,0,0,1.0000,278.94,469.66,14.95,49.65,382.50,632.50,35.00,81.00,0.0000,192.99,1,0,2.7492,ACCEPT,0,4620,42,12099,1,50,5313,0,0,0,0
133,0,1,1,ACCEPT,20.1955,4.6633,4668,1,0,0.8430,279.41,469.66,14.95,49.65,381.50,632.00,25.00,72.00,0.0000,191.78,1,0,2.8024,ACCEPT,0,4000,52,8483,1,50,4668,0,0,0,0
134,0,1,1,ACCEPT,17.3539,2.9193,3906,0,0,1.0000,279.41,469.66,14.37,47.74,378.50,628.50,23.00,57.00,0.0000,187.22,1,-1,2.2940,ACCEPT,0,3541,67,8289,1,50,3906,0,0,0,0
135,0,1,1,ACCEPT,15.9820,3.4864,2939,-4,0,0.1058,277.59,469.66,14.37,47.74,364.00,627.50,38.00,71.00,0.0000,179.95,1,-1,2.7444,OUT_OF_RANGE,0,3447,53,10489,1,50,2939,0,0,0,0
136,0,1,1,ACCEPT,12.1422,1.9026,3124,-2,0,0.6268,276.69,469.66,14.37,47.74,354.50,620.00,47.00,54.00,0.0000,169.29,1,0,2.4415,ACCEPT,0,3950,79,10565,1,50,3124,0,0,0,0
137,0,1,1,ACCEPT,16.0389,2.4913,5035,0,0,1.0000,276.69,469.66,14.37,47.74,352.50,624.50,43.00,59.00,0.0000,172.41,1,0,2.5322,ACCEPT,0,4911,70,9744,1,50,5035,0,0,0,0
138,0,1,1,ACCEPT,13.3679,2.4066,4676,-1,-1,0.8499,276.23,468.17,14.37,47.74,352.00,620.50,36.00,89.00,0.0000,170.13,1,0,2.5682,ACCEPT,0,4716,57,10111,1,50,4676,0,0,0,0
139,0,1,1,ACCEPT,14.3906,3.3060,4473,1,1,0.9222,276.69,469.66,14.37,47.74,352.50,626.00,21.00,92.00,0.0000,173.76,1,-1,2.5032,OUT_OF_RANGE,0,4339,56,10837,1,50,4473,0,0,0,0
140,0,1,1,ACCEPT,15.8241,3.7437,4631,-2,2,0.4321,275.78,472.62,14.37,47.74,338.50,631.00,25.00,54.00,0.0000,170.34,1,0,2.7261,ACCEPT,0,4519,49,10696,1,50,4631,0,0,0,0
141,0,1,1,ACCEPT,17.7779,3.9883,5432,1,0,0.9404,276.23,472.62,14.37,47.74,330.00,616.00,34.00,62.00,0.0000,153.12,1,-1,2.6447,OUT_OF_RANGE,0,5160,83,11186,1,50,5432,0,0,0,0
142,0,1,1,ACCEPT,11.9513,3.0765,4344,1,0,0.8817,276.69,472.62,14.37,47.74,321.00,608.50,44.00,43.00,0.0000,142.92,1,-2,2.1700,OUT_OF_RANGE,0,5458,51,11312,1,50,4344,0,0,0,0
143,0,1,1,ACCEPT,13.0485,2.7341,4730,-3,0,0.2560,275.33,472.62,14.37,47.74,321.00,612.00,42.00,60.00,0.0000,146.67,1,-3,2.5575,MAX_STEP,0,5573,58,10855,1,50,4730,0,0,0,0
144,0,1,1,ACCEPT,14.5731,3.1949,5409,0,1,0.8833,275.33,474.11,14.37,47.74,321.50,616.00,33.00,78.00,0.0000,149.21,1,-2,2.4360,OUT_OF_RANGE,0,6714,60,10534,1,50,5409,0,0,0,0
145,0,1,1,ACCEPT,7.5975,1.8072,2868,-4,5,0.1077,273.52,481.53,14.37,47.74,326.00,629.00,22.00,68.00,0.0000,156.53,1,-5,1.7844,MAX_STEP,0,7063,77,9850,1,50,2868,0,0,0,0
146,0,1,1,ACCEPT,8.8122,2.2038,3125,-4,-1,0.3952,271.70,480.05,14.37,47.74,320.00,629.50,28.00,59.00,0.0000,157.06,1,-5,0.9960,MAX_STEP,0,4819,45,13807,1,50,3125,0,0,0,0
147,0,1,1,ACCEPT,9.7347,2.3639,3066,0,0,1.0000,271.70,480.05,14.37,47.74,312.00,623.50,26.00,61.00,0.0000,149.01,1,-6,1.4404,MAX_STEP,0,5183,48,12138,1,50,3066,0,0,0,0
148,0,1,1,ACCEPT,10.9485,2.1802,3157,1,-1,0.9376,272.16,478.56,14.37,47.74,304.50,614.00,27.00,66.00,0.0000,139.25,1,-6,1.3840,MAX_STEP,0,4721,68,11509,1,50,3157,0,0,0,0
149,0,1,1,ACCEPT,12.8372,2.6993,3833,2,0,0.8166,273.06,478.56,14.37,47.74,300.50,609.00,33.00,54.00,0.0000,133.29,1,-6,1.4145,MAX_STEP,0,5295,48,9784,1,50,3833,0,0,0,0
150,0,1,1,ACCEPT,10.1801,2.1029,3106,3,-1,0.5715,274.42,477.08,14.37,47.74,305.00,613.50,28.00,77.00,0.0000,139.81,1,-6,1.4077,MAX_STEP,0,5640,66,8585,1,50,3106,0,0,0,0
151,0,1,1,ACCEPT,12.2094,2.6313,3768,1,1,0.9461,274.88,478.56,14.37,47.74,313.50,617.50,19.00,85.00,0.0000,144.21,1,-8,1.4028,MAX_STEP,0,6083,54,10075,1,50,3768,0,0,0,0
152,0,1,1,ACCEPT,16.5637,3.8489,3795,-1,0,0.8909,274.42,478.56,14.37,47.74,313.00,626.50,20.00,71.00,0.0000,152.88,1,-6,1.4354,MAX_STEP,0,4460,53,10368,1,50,3795,0,0,0,0
153,0,1,1,ACCEPT,19.3567,4.2663,4791,1,0,0.8963,274.88,478.56,14.37,47.74,313.50,628.50,15.00,59.00,0.0000,154.83,1,-8,1.3576,MAX_STEP,0,4560,64,11872,1,50,4791,0,0,0,0
154,0,1,1,ACCEPT,13.1291,3.4186,3128,-1,0,0.8398,274.42,478.56,14.37,47.74,307.00,624.50,20.00,59.00,0.0000,149.53,1,-8,1.2093,MAX_STEP,0,3850,55,11124,1,50,3128,0,0,0,0
155,0,1,1,ACCEPT,10.3396,2.2871,2326,-1,0,0.9888,273.97,478.56,14.37,47.74,300.50,609.00,39.00,56.00,0.0000,133.11,1,-9,1.0117,MAX_STEP,0,3678,61,10762,1,50,2326,0,0,0,0
156,0,1,1,ACCEPT,10.0250,2.4769,2732,0,-2,0.7247,273.97,475.59,14.37,47.74,308.00,611.50,34.00,61.00,0.0000,140.10,1,-7,1.3271,MAX_STEP,0,3952,69,13069,1,50,2732,0,0,0,0
157,0,1,1,ACCEPT,13.2921,2.8060,3760,0,-2,0.6646,273.97,472.62,14.37,47.74,319.00,618.50,18.00,67.00,0.0000,152.67,1,-7,1.2998,MAX_STEP,0,4746,47,13854,1,50,3760,0,0,0,0
158,0,1,1,ACCEPT,15.1924,3.6174,3791,0,-3,0.4656,273.97,468.17,14.37,47.74,325.00,612.50,20.00,47.00,0.0000,153.08,1,-7,1.3057,MAX_STEP,0,5117,88,13750,1,50,3791,0,0,0,0
159,0,1,1,ACCEPT,15.9638,3.3915,3422,1,0,0.9214,274.42,468.17,14.37,47.74,328.50,621.50,19.00,59.00,0.0000,162.59,1,-7,1.2964,MAX_STEP,0,3952,83,14979,1,50,3422,0,0,0,0
160,0,1,1,ACCEPT,15.4425,3.4958,3702,2,-3,0.5240,275.33,463.72,14.37,47.74,324.50,607.00,19.00,58.00,0.0000,151.48,1,-10,1.0685,MAX_STEP,0,4712,66,13224,1,50,3702,0,0,0,0
161,0,1,1,ACCEPT,18.5650,4.7432,3989,0,-2,0.8010,275.33,460.75,14.37,47.74,323.50,601.50,25.00,57.00,0.0000,148.77,1,-8,1.1531,MAX_STEP,0,3733,64,11391,1,50,3989,0,0,0,0
162,0,1,1,ACCEPT,17.0325,3.7208,4305,-1,0,0.8841,274.88,460.75,14.37,47.74,325.00,608.00,30.00,44.00,0.0000,155.55,1,-10,0.9952,MAX_STEP,0,4742,64,13365,1,50,4305,0,0,0,0
163,0,1,1,ACCEPT,19.3334,3.6714,5162,-2,0,0.6308,273.97,460.75,14.37,47.74,331.00,608.00,28.00,70.00,0.0000,157.91,1,-7,1.1333,MAX_STEP,0,4891,64,13548,1,50,5162,0,0,0,0
164,0,1,1,ACCEPT,22.0508,4.5162,5424,-2,0,0.6823,273.06,460.75,14.37,47.74,345.00,622.00,26.00,66.00,0.0000,176.57,1,-7,1.1579,MAX_STEP,0,5021,67,14341,1,50,5424,0,0,0,0
165,0,1,1,ACCEPT,20.7233,4.2935,5603,-3,-4,0.0027,271.70,454.81,14.37,47.74,343.50,621.00,25.00,48.00,0.0000,181.03,1,-10,1.1669,MAX_STEP,0,5343,77,13563,1,50,5603,0,0,0,0
166,0,1,1,ACCEPT,18.2243,3.1997,5094,-3,0,0.5538,270.34,454.81,14.37,47.74,337.50,607.50,43.00,39.00,0.0000,166.80,1,-6,1.5112,MAX_STEP,0,5307,66,13770,1,50,5094,0,0,0,0
167,0,1,1,ACCEPT,14.3965,2.6047,4368,0,0,1.0000,270.34,454.81,14.37,47.74,342.00,612.00,48.00,62.00,0.0000,172.75,1,-12,1.0629,MAX_STEP,0,5018,46,16840,1,50,4368,0,0,0,0
168,0,1,1,ACCEPT,17.7479,3.1674,5809,-2,0,0.7681,269.44,454.81,14.37,47.74,351.00,620.00,42.00,80.00,0.0000,184.23,1,-10,1.2395,MAX_STEP,0,6295,57,13051,1,50,5809,0,0,0,0
169,0,1,1,ACCEPT,16.8688,3.9133,5189,-1,0,0.8433,268.98,454.81,14.37,47.74,372.50,632.00,47.00,70.00,0.0000,205.21,1,-12,1.0692,MAX_STEP,0,5278,85,11068,1,50,5189,0,0,0,0
170,0,1,1,ACCEPT,15.4475,3.3207,4556,-2,-2,0.4565,268.08,451.84,14.37,47.74,365.50,629.00,21.00,56.00,0.0000,202.18,1,-10,1.3336,MAX_STEP,0,4337,70,16996,1,50,4556,0,0,0,0
171,0,1,1,ACCEPT,14.7672,3.1531,4490,0,0,1.0000,268.08,451.84,14.37,47.74,363.50,620.00,39.00,52.00,0.0000,193.34,1,-10,1.2411,MAX_STEP,0,5756,77,8875,1,50,4490,0,0,0,0
172,0,1,1,ACCEPT,15.7826,3.1794,2658,0,1,0.9887,268.08,453.33,14.37,47.74,366.00,623.00,40.00,64.00,0.0000,195.90,1,-11,1.2664,MAX_STEP,0,3085,65,8387,1,50,2658,0,0,0,0
173,0,1,1,ACCEPT,15.4645,2.7303,2744,-1,0,0.9785,267.62,453.33,14.37,47.74,376.50,632.00,25.00,80.00,0.0000,209.23,1,-7,1.2715,MAX_STEP,0,3209,67,10609,1,50,2744,0,0,0,0
174,0,1,1,ACCEPT,16.2397,2.7846,2793,-1,1,0.9001,267.17,454.81,14.37,47.74,392.50,639.50,25.00,77.00,0.0000,223.20,1,-4,1.3814,MAX_STEP,0,3193,66,10073,1,50,2793,0,0,0,0
175,0,1,1,ACCEPT,12.7983,1.8875,2735,1,1,0.7967,267.62,456.30,14.37,47.74,388.50,640.50,25.00,71.00,0.0000,220.32,1,-3,1.8610,MAX_STEP,0,3775,62,6056,1,50,2735,0,0,0,0
176,0,1,1,ACCEPT,13.4477,2.0894,2196,-1,0,0.8998,267.17,456.30,14.37,47.74,387.50,646.00,41.00,60.00,0.0000,224.65,1,-3,1.8805,MAX_STEP,0,2798,67,8057,1,50,2196,0,0,0,0
177,0,1,1,ACCEPT,15.3855,2.6709,2305,2,-2,0.5449,268.08,453.33,14.37,47.74,397.50,638.50,33.00,77.00,0.0000,225.92,1,-4,1.5986,MAX_STEP,0,2648,52,8876,1,50,2305,0,0,0,0
178,0,1,1,ACCEPT,17.3187,3.6804,2510,2,-1,0.6988,268.98,451.84,14.37,47.74,401.50,635.50,27.00,87.00,0.0000,226.47,1,-4,1.6717,MAX_STEP,0,2850,51,4766,1,50,2510,0,0,0,0
179,0,1,1,ACCEPT,13.5651,3.3605,1072,2,-1,0.7696,269.89,450.36,14.37,47.74,408.50,639.50,27.00,79.00,0.0000,234.49,1,-4,1.4438,MAX_STEP,0,1609,78,6974,1,50,1072,0,0,0,0
180,0,1,1,ACCEPT,11.7871,2.3480,1383,0,0,1.0000,269.89,450.36,14.37,47.74,398.50,637.00,53.00,54.00,0.0000,226.66,1,-4,1.7133,MAX_STEP,0,2285,96,10264,1,50,1383,0,0,0,0
181,0,1,1,ACCEPT,12.6706,2.5082,2132,0,1,0.9493,269.89,451.84,14.37,47.74,404.00,642.00,42.00,74.00,0.0000,232.69,1,-5,1.5361,MAX_STEP,0,2948,79,11920,1,50,2132,0,0,0,0
182,0,1,1,ACCEPT,13.8926,2.1766,2638,0,-1,0.9947,269.89,450.36,14.37,47.74,408.00,647.50,32.00,79.00,0.0000,240.70,1,-4,1.8208,MAX_STEP,0,3146,64,12926,1,50,2638,0,0,0,0
183,0,1,1,ACCEPT,17.3222,3.5779,3009,-1,1,0.9811,269.44,451.84,14.37,47.74,406.00,649.00,34.00,76.00,0.0000,239.83,1,-5,1.6979,MAX_STEP,0,3283,54,11129,1,50,3009,0,0,0,0
184,0,1,1,ACCEPT,17.8407,3.3004,2769,1,0,0.9368,269.89,451.84,14.37,47.74,401.50,645.50,35.00,67.00,0.0000,234.14,1,-5,1.6067,MAX_STEP,0,2696,49,14677,1,50,2769,0,0,0,0
185,0,1,1,ACCEPT,14.5387,2.2306,3250,-3,0,0.5468,268.53,451.84,14.37,47.74,395.50,641.50,37.00,75.00,0.0000,228.23,1,-5,1.9062,MAX_STEP,0,3653,75,13770,1,50,3250,0,0,0,0
186,0,1,1,ACCEPT,15.2051,2.0126,3206,-1,0,0.9423,268.08,451.84,14.37,47.74,396.00,645.00,30.00,86.00,0.0000,231.68,1,-4,1.7599,MAX_STEP,0,3832,43,15848,1,50,3206,0,0,0,0
187,0,1,1,ACCEPT,14.3999,1.6674,3208,0,0,1.0000,268.08,451.84,14.37,47.74,400.00,646.00,18.00,58.00,0.0000,234.73,1,-5,1.6985,MAX_STEP,0,3447,49,17579,1,50,3208,0,0,0,0
188,0,1,1,ACCEPT,17.8743,2.6334,4216,0,-1,0.9419,268.08,450.36,14.37,47.74,393.00,652.00,28.00,60.00,0.0000,237.20,1,-6,1.5551,MAX_STEP,0,4316,50,18656,1,50,4216,0,0,0,0
189,0,1,1,ACCEPT,17.8943,2.8943,4078,-1,0,0.9362,267.62,450.36,14.37,47.74,389.00,643.50,32.00,55.00,0.0000,228.11,1,-6,1.5053,MAX_STEP,0,3746,47,17937,1,50,4078,0,0,0,0
190,0,1,1,ACCEPT,18.2358,2.3832,4266,-3,0,0.3406,266.27,450.36,14.37,47.74,382.00,636.00,44.00,58.00,0.0000,218.76,1,-5,1.6008,MAX_STEP,0,4125,52,16817,1,50,4266,0,0,0,0
191,0,1,1,ACCEPT,19.9774,2.8557,3978,1,0,0.8912,266.72,450.36,14.37,47.74,383.50,643.50,35.00,71.00,0.0000,225.70,1,-6,1.2799,MAX_STEP,0,3185,47,11638,1,50,3978,0,0,0,0
192,0,1,1,ACCEPT,19.4169,3.8346,3129,-2,-1,0.4941,265.81,448.88,14.37,47.74,382.00,651.50,18.00,71.00,0.0000,233.57,1,-6,1.5819,MAX_STEP,0,2461,63,15524,1,50,3129,0,0,0,0
193,0,1,1,ACCEPT,20.1872,3.7931,5299,-1,0,0.8968,265.36,448.88,14.37,47.74,380.00,652.00,18.00,64.00,0.0000,233.24,1,-5,1.6035,MAX_STEP,0,4000,72,13614,1,50,5299,0,0,0,0
194,0,1,1,ACCEPT,21.2644,4.4575,5817,1,0,0.9854,265.81,448.88,14.37,47.74,372.00,646.00,28.00,58.00,0.0000,223.91,1,-9,1.3610,MAX_STEP,0,4493,72,17098,1,50,5817,0,0,0,0
195,0,1,1,ACCEPT,16.6141,3.1260,4914,-2,-4,0.0381,264.91,442.94,14.37,47.74,360.50,624.00,43.00,48.00,0.0000,204.75,1,-5,1.7865,MAX_STEP,0,4647,69,14408,1,50,4914,0,0,0,0
196,0,1,1,ACCEPT,16.0479,3.5404,3459,2,-2,0.8017,265.81,439.97,14.37,47.74,360.00,627.50,42.00,67.00,0.0000,209.86,1,-6,1.7489,MAX_STEP,0,3505,52,12050,1,50,3459,0,0,0,0
197,0,1,1,ACCEPT,14.3037,2.5563,2587,0,1,0.9811,265.81,441.45,14.37,47.74,358.50,639.00,27.00,74.00,0.0000,218.21,1,-6,1.6743,MAX_STEP,0,2438,53,15564,1,50,2587,0,0,0,0
198,0,1,1,ACCEPT,6.5471,1.4447,1777,-1,3,0.5211,265.36,445.91,14.37,47.74,357.00,640.50,22.00,51.00,0.0000,215.09,1,-7,1.6977,MAX_STEP,0,4001,55,14444,1,50,1777,0,0,0,0
199,0,1,1,ACCEPT,10.2981,1.9630,2656,2,-1,0.8076,266.27,444.42,14.37,47.74,354.00,644.50,24.00,55.00,0.0000,218.47,1,-9,1.0813,MAX_STEP,0,3523,58,14729,1,50,2656,0,0,0,0
200,0,1,1,ACCEPT,13.4556,2.9375,2632,0,-2,0.6664,266.27,441.45,14.37,47.74,333.00,622.00,40.00,52.00,0.0000,192.49,1,-7,1.3062,MAX_STEP,0,2904,54,13920,1,50,2632,0,0,0,0
201,0,1,1,ACCEPT,13.2442,2.8407,3156,-2,0,0.7627,265.36,441.45,14.37,47.74,326.50,630.50,45.00,33.00,0.0000,198.69,1,-9,1.3961,MAX_STEP,0,3699,60,10510,1,50,3156,0,0,0,0
202,0,1,1,ACCEPT,11.1547,2.2225,2567,0,0,1.0000,265.36,441.45,14.37,47.74,325.50,627.50,45.00,69.00,0.0000,195.53,1,-14,1.1299,MAX_STEP,0,3910,56,9890,1,50,2567,0,0,0,0
203,0,1,1,ACCEPT,14.3998,2.5845,2892,-1,0,0.8842,264.91,441.45,14.37,47.74,328.00,635.50,32.00,73.00,0.0000,204.05,1,-12,1.1979,MAX_STEP,0,3705,52,8377,1,50,2892,0,0,0,0
204,0,1,1,ACCEPT,13.4039,3.2629,2532,-2,0,0.8389,264.00,441.45,14.37,47.74,332.50,640.00,33.00,50.00,0.0000,210.03,1,-3,2.0478,MAX_STEP,0,3933,59,6153,1,50,2532,0,0,0,0
205,0,1,1,ACCEPT,7.5256,1.3881,1309,-2,1,0.7265,263.09,442.94,14.37,47.74,311.00,643.00,32.00,44.00,0.0000,205.72,1,-3,1.2202,MAX_STEP,0,2570,68,6705,1,50,1309,0,0,0,0
206,0,1,1,ACCEPT,9.2404,1.8973,1552,-2,0,0.7829,262.19,442.94,14.37,47.74,299.50,632.00,51.00,32.00,0.0000,192.71,1,-1,2.3788,OUT_OF_RANGE,0,2870,69,9608,1,50,1552,0,0,0,0
207,0,1,1,ACCEPT,9.2153,2.2466,1831,0,0,1.0000,262.19,442.94,14.37,47.74,296.00,630.50,52.00,31.00,0.0000,190.59,1,-1,2.7467,OUT_OF_RANGE,0,3769,62,9719,1,50,1831,0,0,0,0
208,0,1,1,ACCEPT,11.1922,2.1563,1973,-1,0,0.8986,261.73,442.94,14.37,47.74,296.00,632.50,54.00,37.00,0.0000,192.63,1,-1,2.6848,OUT_OF_RANGE,0,3033,69,9858,1,50,1973,0,0,0,0
209,0,1,1,ACCEPT,12.9735,2.6210,2891,0,0,1.0000,261.73,442.94,14.37,47.74,297.50,635.50,41.00,63.00,0.0000,195.86,1,-2,2.3821,OUT_OF_RANGE,0,4016,78,11164,1,50,2891,0,0,0,0
210,0,1,1,ACCEPT,13.8201,2.8822,3107,0,1,0.9569,261.73,444.42,14.37,47.74,307.50,647.00,27.00,58.00,0.0000,207.68,1,-2,2.0658,OUT_OF_RANGE,0,3858,54,9917,1,50,3107,0,0,0,0
211,0,1,1,ACCEPT,16.7487,3.3588,3033,0,0,1.0000,261.73,444.42,14.37,47.74,298.50,643.50,29.00,51.00,0.0000,202.44,1,-2,2.0037,OUT_OF_RANGE,0,3149,58,9673,1,50,3033,0,0,0,0
212,0,1,1,ACCEPT,17.4970,3.9624,3162,-1,-1,0.8710,261.28,442.94,14.37,47.74,291.50,631.50,39.00,55.00,0.0000,190.97,1,-3,2.1451,MAX_STEP,0,2888,67,9471,1,50,3162,0,0,0,0
213,0,1,1,ACCEPT,16.4228,3.9095,2377,0,-1,0.8725,261.28,441.45,14.37,47.74,285.00,624.00,52.00,50.00,0.0000,184.08,1,-3,2.2038,MAX_STEP,0,2611,52,10011,1,50,2377,0,0,0,0
214,0,1,1,ACCEPT,19.2570,4.3059,2618,0,0,1.0000,261.28,441.45,14.37,47.74,282.00,618.50,44.00,55.00,0.0000,178.26,1,-4,1.9275,MAX_STEP,0,2478,46,9622,1,50,2618,0,0,0,0
215,0,1,1,ACCEPT,19.7704,4.5927,2751,-1,0,0.8677,260.83,441.45,14.37,47.74,288.50,629.00,41.00,76.00,0.0000,189.58,1,-5,1.7166,MAX_STEP,0,2504,65,6987,1,50,2751,0,0,0,0
216,0,1,1,ACCEPT,21.0435,4.1660,2233,-2,-1,0.5441,259.92,439.97,14.37,47.74,301.00,636.00,36.00,72.00,0.0000,200.29,1,-4,2.1084,MAX_STEP,0,1914,53,5902,1,50,2233,0,0,0,0
217,0,1,1,ACCEPT,19.8432,4.5120,1692,-1,-1,0.9391,259.47,438.48,14.37,47.74,303.50,635.00,31.00,48.00,0.0000,201.39,1,-4,2.2765,MAX_STEP,0,1875,66,6134,1,50,1692,0,0,0,0
218,0,1,1,ACCEPT,21.4138,4.5515,1989,3,1,0.5380,260.83,439.97,14.37,47.74,301.00,636.00,26.00,58.00,0.0000,200.11,1,-5,1.7801,MAX_STEP,0,1899,61,5623,1,50,1989,0,0,0,0
219,0,1,1,ACCEPT,22.3715,6.0689,2027,-1,0,0.8806,260.38,439.97,14.37,47.74,293.50,626.50,27.00,57.00,0.0000,189.45,1,-4,2.1234,MAX_STEP,0,1630,55,6585,1,50,2027,0,0,0,0
220,0,1,1,ACCEPT,21.1364,4.4875,1970,1,-1,0.8492,260.83,438.48,14.37,47.74,298.00,630.50,36.00,67.00,0.0000,195.58,1,-5,1.7177,MAX_STEP,0,1690,58,5898,1,50,1970,0,0,0,0
221,0,1,1,ACCEPT,21.6839,4.7590,1975,0,0,1.0000,260.83,438.48,14.37,47.74,310.00,629.00,20.00,86.00,0.0000,196.76,1,-4,1.8975,MAX_STEP,0,1715,77,8493,1,50,1975,0,0,0,0
222,0,1,1,ACCEPT,22.7561,5.7905,2681,0,0,1.0000,260.83,438.48,14.37,47.74,329.00,633.50,44.00,71.00,0.0000,206.59,1,-4,1.9016,MAX_STEP,0,2327,61,9689,1,50,2681,0,0,0,0
223,0,1,1,ACCEPT,17.3701,3.4851,2572,1,-1,0.9312,261.28,437.00,14.37,47.74,328.50,631.50,33.00,45.00,0.0000,205.79,1,-5,1.8859,MAX_STEP,0,2690,70,13048,1,50,2572,0,0,0,0
224,0,1,1,ACCEPT,17.3171,2.9350,2709,0,0,1.0000,261.28,437.00,14.37,47.74,326.00,626.00,18.00,58.00,0.0000,199.77,1,-5,1.8677,MAX_STEP,0,3093,58,11022,1,50,2709,0,0,0,0
225,0,1,1,ACCEPT,12.4341,2.2558,2134,0,0,1.0000,261.28,437.00,14.37,47.74,325.00,622.00,42.00,66.00,0.0000,195.67,1,-5,1.8628,MAX_STEP,0,3305,68,14995,1,50,2134,0,0,0,0
226,0,1,1,ACCEPT,13.5871,2.8212,2666,0,-2,0.7761,261.28,434.03,14.37,47.74,333.00,622.50,32.00,81.00,0.0000,201.65,1,-5,1.7719,MAX_STEP,0,3898,86,15587,1,50,2666,0,0,0,0
227,0,1,1,ACCEPT,14.9133,3.2635,2601,0,1,0.9523,261.28,435.52,14.37,47.74,348.00,628.00,30.00,86.00,0.0000,211.12,1,-5,1.7665,MAX_STEP,0,3553,110,15630,1,50,2601,0,0,0,0
228,0,1,1,ACCEPT,16.0652,3.1689,2570,0,0,1.0000,261.28,435.52,14.37,47.74,358.50,630.00,33.00,72.00,0.0000,217.43,1,-5,1.5305,MAX_STEP,0,3120,89,13400,1,50,2570,0,0,0,0
229,0,1,1,ACCEPT,10.1220,1.8599,1659,1,0,0.8752,261.73,435.52,14.37,47.74,362.50,631.00,25.00,58.00,0.0000,219.93,1,-5,1.8102,MAX_STEP,0,2713,58,14957,1,50,1659,0,0,0,0
230,0,1,1,ACCEPT,11.0910,2.3408,2095,2,-1,0.7637,262.64,434.03,14.37,47.74,364.00,618.50,34.00,55.00,0.0000,210.48,1,-4,1.8208,MAX_STEP,0,3354,76,14165,1,50,2095,0,0,0,0
231,0,1,1,ACCEPT,11.8683,2.7099,1962,3,0,0.5408,264.00,434.03,14.37,47.74,368.50,622.00,41.00,66.00,0.0000,215.06,1,-4,2.2326,MAX_STEP,0,3333,83,11360,1,50,1962,0,0,0,0
232,0,1,1,ACCEPT,14.5820,3.1057,2438,1,0,0.8642,264.45,434.03,14.37,47.74,378.50,626.00,27.00,78.00,0.0000,223.29,1,-4,2.3120,MAX_STEP,0,3029,94,13384,1,50,2438,0,0,0,0
233,0,1,1,ACCEPT,17.0404,3.3556,2812,1,0,0.9292,264.91,434.03,14.37,47.74,392.00,623.00,18.00,64.00,0.0000,227.73,1,-5,1.7956,MAX_STEP,0,3385,78,11878,1,50,2812,0,0,0,0
234,0,1,1,ACCEPT,15.7381,3.3395,2341,-2,0,0.8603,264.00,434.03,14.37,47.74,394.50,633.00,21.00,52.00,0.0000,237.95,1,-4,2.1820,MAX_STEP,0,2972,62,12532,1,50,2341,0,0,0,0
235,0,1,1,ACCEPT,17.8765,4.5546,2751,-3,-1,0.5264,262.64,432.55,14.37,47.74,389.50,627.00,47.00,58.00,0.0000,232.18,1,-4,1.7432,MAX_STEP,0,3389,84,9926,1,50,2751,0,0,0,0
236,0,1,1,ACCEPT,20.5932,4.8734,2695,-1,0,0.9840,262.19,432.55,14.37,47.74,399.00,628.50,32.00,79.00,0.0000,238.99,1,-4,2.1522,MAX_STEP,0,2949,104,11093,1,50,2695,0,0,0,0
237,0,1,1,ACCEPT,18.1444,4.4401,2704,1,1,0.9368,262.64,434.03,14.37,47.74,409.50,639.00,17.00,64.00,0.0000,252.15,1,-5,1.4646,MAX_STEP,0,2720,92,10346,1,50,2704,0,0,0,0
238,0,1,1,ACCEPT,17.0771,3.4813,2973,-3,0,0.6354,261.28,434.03,14.37,47.74,410.00,641.00,26.00,46.00,0.0000,254.86,1,-3,2.4917,MAX_STEP,0,3184,75,11005,1,50,2973,0,0,0,0
239,0,1,1,ACCEPT,21.4430,4.0841,3741,1,0,0.8762,261.73,434.03,14.37,47.74,408.00,632.50,50.00,67.00,0.0000,246.54,1,-5,1.0967,MAX_STEP,0,2927,78,10747,1,50,3741,0,0,0,0
240,0,1,1,ACCEPT,19.4888,4.1051,2890,-2,0,0.8232,260.83,434.03,14.37,47.74,412.00,640.00,24.00,90.00,0.0000,255.49,1,-4,2.2765,MAX_STEP,0,2668,56,8312,1,50,2890,0,0,0,0
241,0,1,1,ACCEPT,15.5993,2.3433,2437,0,0,1.0000,260.83,434.03,14.37,47.74,417.00,647.50,14.00,49.00,0.0000,264.50,1,-4,1.9743,MAX_STEP,0,2508,80,9010,1,50,2437,0,0,0,0
242,0,1,1,ACCEPT,20.7968,2.9931,3017,0,0,1.0000,260.83,434.03,14.37,47.74,412.00,646.00,24.00,46.00,0.0000,260.35,1,-3,2.3556,MAX_STEP,0,2212,75,9468,1,50,3017,0,0,0,0
243,0,1,1,ACCEPT,22.7022,3.4778,2904,0,1,0.9149,260.83,435.52,14.37,47.74,402.00,642.50,46.00,37.00,0.0000,250.54,1,-3,2.2517,MAX_STEP,0,2029,58,8880,1,50,2904,0,0,0,0
244,0,1,1,ACCEPT,20.3999,2.5906,2430,0,0,1.0000,260.83,435.52,14.37,47.74,403.50,645.50,47.00,67.00,0.0000,253.87,1,-3,2.5098,MAX_STEP,0,2082,65,8871,1,50,2430,0,0,0,0
245,0,1,1,ACCEPT,22.5143,3.2074,2768,1,1,0.9043,261.28,437.00,14.37,47.74,426.00,656.00,22.00,86.00,0.0000,274.03,1,-3,2.2794,MAX_STEP,0,2367,72,9404,1,50,2768,0,0,0,0
246,0,1,1,ACCEPT,25.6182,3.9718,3515,1,0,0.9226,261.73,437.00,14.37,47.74,429.00,660.50,28.00,47.00,0.0000,279.16,1,-5,1.9953,MAX_STEP,0,2589,79,9795,1,50,3515,0,0,0,0
247,0,1,1,ACCEPT,21.6655,4.1937,3204,-1,1,0.8380,261.28,438.48,14.37,47.74,422.00,661.50,32.00,51.00,0.0000,274.89,1,-4,2.2172,MAX_STEP,0,2482,66,10389,1,50,3204,0,0,0,0
248,0,1,1,ACCEPT,22.4438,3.6541,3296,1,1,0.7491,261.73,439.97,14.37,47.74,407.50,666.50,57.00,43.00,0.0000,269.38,1,-5,1.7206,MAX_STEP,0,2807,69,11942,1,50,3296,0,0,0,0
249,0,1,1,ACCEPT,23.9174,4.5023,3872,-2,0,0.6389,260.83,439.97,14.37,47.74,410.50,672.00,51.00,72.00,0.0000,276.12,1,-4,2.0110,MAX_STEP,0,3402,64,11385,1,50,3872,0,0,0,0
250,0,1,1,ACCEPT,20.5876,4.9927,3405,-1,0,0.9078,260.38,439.97,14.37,47.74,432.50,673.00,37.00,92.00,0.0000,289.71,1,-4,1.9775,MAX_STEP,0,3705,84,9525,1,50,3405,0,0,0,0
251,0,1,1,ACCEPT,18.0403,4.1847,2946,1,0,0.8405,260.83,439.97,14.37,47.74,431.50,681.00,35.00,44.00,0.0000,295.34,1,-5,1.6819,MAX_STEP,0,3634,71,10752,1,50,2946,0,0,0,0
252,0,1,1,ACCEPT,21.5700,4.8804,3875,-1,0,0.9254,260.38,439.97,14.37,47.74,417.00,675.50,30.00,71.00,0.0000,282.85,1,-5,1.8862,MAX_STEP,0,3950,92,9177,1,50,3875,0,0,0,0
253,0,1,1,ACCEPT,16.8718,4.2110,2594,0,-1,0.9934,260.38,438.48,14.37,47.74,405.00,672.00,48.00,58.00,0.0000,274.67,1,-5,1.7977,MAX_STEP,0,3372,71,10133,1,50,2594,0,0,0,0
254,0,1,1,ACCEPT,20.2466,4.4346,2816,1,0,0.9702,260.83,438.48,14.37,47.74,399.50,671.50,57.00,77.00,0.0000,271.16,1,-6,1.4791,MAX_STEP,0,2905,72,10088,1,50,2816,0,0,0,0
255,0,1,1,ACCEPT,18.9828,4.9233,2890,-3,0,0.6073,259.47,438.48,14.37,47.74,431.50,686.50,43.00,93.00,0.0000,301.84,1,-5,1.9471,MAX_STEP,0,2653,79,9588,1,50,2890,0,0,0,0
256,0,1,1,ACCEPT,20.4819,4.1957,2551,-1,1,0.8996,259.02,439.97,14.37,47.74,429.50,694.00,35.00,62.00,0.0000,305.94,1,-5,1.5182,MAX_STEP,0,2413,98,10307,1,50,2551,0,0,0,0
257,0,1,1,ACCEPT,21.4919,4.3364,3261,-2,0,0.7446,258.11,439.97,14.37,47.74,420.00,685.00,36.00,60.00,0.0000,293.68,1,-4,2.0190,MAX_STEP,0,2845,64,9391,1,50,3261,0,0,0,0
258,0,1,1,ACCEPT,24.0993,4.8125,2926,0,0,1.0000,258.11,439.97,14.37,47.74,404.50,670.50,41.00,71.00,0.0000,273.08,1,-5,1.6890,MAX_STEP,0,2258,90,8852,1,50,2926,0,0,0,0
259,0,1,1,ACCEPT,14.3144,2.9279,2070,-1,1,0.9116,257.66,441.45,14.37,47.74,402.50,661.00,47.00,52.00,0.0000,263.02,1,-5,1.6985,MAX_STEP,0,2596,75,9274,1,50,2070,0,0,0,0
260,0,1,1,ACCEPT,13.2804,2.7651,1919,-6,3,0.0094,254.94,445.91,14.37,47.74,404.00,664.00,58.00,96.00,0.0000,264.17,1,-5,1.6352,MAX_STEP,0,2348,65,5803,1,50,1919,0,0,0,0
261,0,1,1,ACCEPT,12.5521,2.7522,1266,0,0,1.0000,254.94,445.91,14.37,47.74,427.00,675.00,48.00,80.00,0.0000,286.51,1,-5,1.5342,MAX_STEP,0,1606,82,6871,1,50,1266,0,0,0,0
262,0,1,1,ACCEPT,16.5545,2.6662,1957,-1,-1,0.8968,254.48,444.42,14.37,47.74,423.50,663.50,43.00,55.00,0.0000,276.70,1,-5,1.8901,MAX_STEP,0,1964,99,8475,1,50,1957,0,0,0,0
263,0,1,1,ACCEPT,16.4093,3.0434,2173,1,-1,0.8293,254.94,442.94,14.37,47.74,407.50,647.00,39.00,78.00,0.0000,254.79,1,-5,1.5934,MAX_STEP,0,2078,90,7688,1,50,2173,0,0,0,0
264,0,1,1,ACCEPT,17.8816,3.1692,2060,-1,-1,0.8388,254.48,441.45,14.37,47.74,394.50,636.50,55.00,59.00,0.0000,240.10,1,-5,1.6360,MAX_STEP,0,2132,85,7260,1,50,2060,0,0,0,0
265,0,1,1,ACCEPT,8.5677,2.0050,806,6,-1,0.4901,257.20,439.97,14.37,47.74,398.50,615.50,53.00,91.00,0.0000,225.34,1,8,0.8542,MAX_STEP,0,1429,100,4817,1,50,806,0,0,0,0
266,0,1,1,ACCEPT,9.3184,2.0894,911,0,-3,0.7486,257.20,435.52,14.37,47.74,416.00,607.00,50.00,94.00,0.0000,233.72,1,-3,2.3099,MAX_STEP,0,1691,91,4632,1,50,911,0,0,0,0
267,0,1,1,ACCEPT,12.2945,2.5596,924,0,-1,0.9556,257.20,434.03,14.37,47.74,424.00,605.00,50.00,68.00,0.0000,238.85,1,-2,2.4985,OUT_OF_RANGE,0,1317,96,3492,1,50,924,0,0,0,0
268,0,1,1,ACCEPT,13.3572,2.1868,761,-1,0,0.9698,256.75,434.03,14.37,47.74,412.50,587.00,43.00,60.00,0.0000,218.31,1,-2,2.3296,OUT_OF_RANGE,0,1046,72,3190,1,50,761,0,0,0,0
269,0,1,1,ACCEPT,16.4327,2.7262,886,-1,1,0.9424,256.30,435.52,14.37,47.74,395.00,577.50,40.00,73.00,0.0000,198.49,1,-2,2.2534,OUT_OF_RANGE,0,982,86,3604,1,50,886,0,0,0,0
270,0,1,1,ACCEPT,14.2723,2.2196,930,0,-2,0.8323,256.30,432.55,14.37,47.74,381.50,542.00,71.00,72.00,0.0000,166.30,1,-3,1.9014,MAX_STEP,0,1313,98,4371,1,50,930,0,0,0,0
271,0,1,1,ACCEPT,16.4124,2.5895,1230,0,-2,0.8309,256.30,429.58,14.37,47.74,386.00,522.50,58.00,91.00,0.0000,159.55,1,-3,2.2322,MAX_STEP,0,1232,99,4412,1,50,1230,0,0,0,0
272,0,1,1,ACCEPT,21.0689,3.7330,1426,0,0,1.0000,256.30,429.58,14.37,47.74,409.50,512.00,37.00,66.00,0.0000,173.97,1,-3,2.0854,MAX_STEP,0,1144,100,5071,1,50,1426,0,0,0,0
273,0,1,1,ACCEPT,17.4547,3.3753,1583,-1,0,0.9703,255.84,429.58,14.37,47.74,412.50,491.50,49.00,67.00,0.0000,168.45,1,-3,1.9500,MAX_STEP,0,1581,96,4002,1,50,1583,0,0,0,0
274,0,1,1,ACCEPT,18.4994,3.8328,1238,-1,0,0.8635,255.39,429.58,14.37,47.74,397.50,477.50,51.00,61.00,0.0000,149.97,1,-3,2.1632,MAX_STEP,0,1162,75,4141,1,50,1238,0,0,0,0
275,0,1,1,ACCEPT,17.1027,3.1482,1253,1,2,0.7622,255.84,432.55,14.37,47.74,364.50,446.00,81.00,56.00,0.0000,109.49,1,-3,2.0498,MAX_STEP,0,1617,99,2787,1,50,1253,0,0,0,0
276,0,1,1,ACCEPT,16.3978,4.0844,919,-1,1,0.9271,255.39,434.03,14.37,47.74,370.00,421.50,76.00,63.00,0.0000,115.29,1,-1,2.2263,OUT_OF_RANGE,0,1211,81,3355,1,50,919,0,0,0,0
277,0,1,1,ACCEPT,19.8824,4.8367,948,1,0,0.8882,255.84,434.03,14.37,47.74,378.50,396.50,37.00,71.00,0.0000,128.27,1,-3,2.0859,MAX_STEP,0,1049,97,13150,1,50,948,0,0,0,0
278,0,1,1,ACCEPT,18.7223,3.8378,3857,-2,0,0.8141,254.94,434.03,14.37,47.74,398.50,378.50,41.00,69.00,0.0000,153.93,1,-1,2.2998,OUT_OF_RANGE,0,3605,93,12848,1,50,3857,0,0,0,0
279,0,1,1,ACCEPT,20.7948,3.9110,3821,-1,0,0.9961,254.48,434.03,14.37,47.74,394.50,352.50,47.00,69.00,0.0000,162.02,1,-1,2.3553,OUT_OF_RANGE,0,3282,85,12946,1,50,3821,0,0,0,0
280,0,1,1,ACCEPT,21.5367,3.8109,4455,1,-1,0.8622,254.94,432.55,14.37,47.74,350.00,317.50,68.00,59.00,0.0000,149.24,1,-4,1.7607,MAX_STEP,0,3996,113,13496,1,50,4455,0,0,0,0
281,0,1,1,ACCEPT,19.7487,3.9031,3946,-3,-1,0.3371,253.58,431.06,14.37,47.74,346.50,293.00,73.00,56.00,0.0000,166.42,1,-2,1.9889,OUT_OF_RANGE,0,3768,83,10909,1,50,3946,0,0,0,0
282,0,1,1,ACCEPT,22.6487,5.3288,4327,-3,1,0.5387,252.22,432.55,14.37,47.74,350.50,267.00,61.00,58.00,0.0000,192.52,1,-2,2.3211,OUT_OF_RANGE,0,3841,65,9145,1,50,4327,0,0,0,0
283,0,1,1,ACCEPT,21.8422,4.3487,4240,1,-1,0.8788,252.67,431.06,14.37,47.74,362.50,240.00,37.00,54.00,0.0000,220.38,1,-4,1.8840,MAX_STEP,0,3420,85,9242,1,50,4240,0,0,0,0
284,0,1,1,ACCEPT,23.7936,4.7457,4162,-2,0,0.8104,251.77,431.06,14.37,47.74,366.50,216.50,19.00,55.00,0.0000,243.31,1,-2,2.2096,OUT_OF_RANGE,0,2976,74,10631,1,50,4162,0,0,0,0
285,0,1,1,ACCEPT,20.8534,4.6695,4338,-1,0,0.9574,251.31,431.06,14.37,47.74,351.50,161.00,15.00,60.00,0.0000,288.05,1,-2,2.1417,OUT_OF_RANGE,0,3693,90,8835,1,50,4338,0,0,0,0
286,0,1,1,ACCEPT,23.1497,3.7786,4130,1,2,0.5596,251.77,434.03,14.37,47.74,342.50,140.50,29.00,61.00,0.0000,307.23,1,-4,1.7257,MAX_STEP,0,3439,77,7805,1,50,4130,0,0,0,0
287,0,1,1,ACCEPT,25.1725,4.6376,3455,-1,0,0.9696,251.31,434.03,14.37,47.74,333.50,113.50,49.00,61.00,0.0000,330.90,1,-2,2.0046,OUT_OF_RANGE,0,2595,93,10530,1,50,3455,0,0,0,0
288,0,1,1,ACCEPT,23.1120,4.3038,4463,1,-1,0.8927,251.77,432.55,14.37,47.74,316.00,86.00,72.00,60.00,0.0000,352.45,1,-4,1.7690,MAX_STEP,0,3386,91,6350,1,50,4463,0,0,0,0
0,0,0,0,ZERO_RESPONSE,0.0000,0.0000,0,0,0,0.0000,399.00,630.00,30.00,62.00,399.00,630.00,30.00,62.00,1.0000,0.00,1,0,0.0000,NOT_RUN,0,0,257,24530,2,100,0,0,0,0,0
1,0,1,1,ACCEPT,13.6623,2.5409,4317,-2,1,0.8802,397.12,631.94,30.00,62.00,391.00,614.50,50.00,71.00,0.3738,18.48,1,0,3.1918,ACCEPT,0,5005,224,16056,2,100,4317,0,0,0,0
2,0,1,1,ACCEPT,9.6385,1.6328,3037,-1,-1,0.7656,396.19,630.00,28.85,59.62,395.50,628.00,41.00,72.00,0.5825,2.11,1,-1,2.4426,ACCEPT,0,4669,277,21786,2,100,3037,0,0,0,0
3,0,1,1,ACCEPT,10.7852,1.8913,6039,-1,1,0.8803,395.28,631.86,27.74,57.32,404.00,626.50,22.00,57.00,0.4168,10.23,1,-1,2.7186,ACCEPT,0,8949,336,17759,2,100,6039,0,0,0,0
4,0,1,1,ACCEPT,11.5534,1.9707,6389,-1,1,0.6384,394.42,633.66,27.74,57.32,399.00,633.00,30.00,62.00,0.6767,4.62,1,0,3.0624,ACCEPT,0,7579,188,23694,2,100,6389,0,0,0,0
5,0,1,1,ACCEPT,6.1147,1.1381,4556,-8,-1,0.5924,387.55,631.86,26.67,55.12,390.50,624.50,37.00,67.00,0.5690,7.93,1,-1,2.9551,ACCEPT,0,10872,140,19313,2,100,4556,0,0,0,0
6,0,1,1,ACCEPT,10.4400,1.6779,6235,-7,1,0.3516,381.75,633.58,26.67,55.12,382.50,620.00,45.00,52.00,0.3886,13.60,1,0,3.2258,ACCEPT,0,10880,106,16663,2,100,6235,0,0,0,0
7,0,1,1,ACCEPT,13.1970,3.3654,5287,-2,0,0.7687,380.09,633.58,26.67,55.12,382.00,628.00,44.00,80.00,0.4176,5.89,1,0,2.9002,ACCEPT,0,6674,164,10672,2,100,5287,0,0,0,0
8,0,1,1,ACCEPT,9.6881,1.8602,7054,-2,2,0.3570,378.44,637.02,26.67,55.12,386.50,639.00,21.00,80.00,0.3812,8.30,1,0,2.8351,ACCEPT,0,10287,178,15727,2,100,7054,0,0,0,0
9,0,1,1,ACCEPT,6.9801,1.4016,6334,-6,1,0.1176,373.47,638.73,26.67,55.12,385.50,635.50,27.00,57.00,0.3511,12.46,1,0,3.0938,ACCEPT,0,11110,150,12629,2,100,6334,0,0,0,0
10,0,1,1,ACCEPT,7.9192,1.1687,6797,-15,9,0.0611,361.05,654.20,26.67,55.12,372.00,635.00,30.00,48.00,0.2396,22.11,1,0,3.3705,ACCEPT,0,15443,96,15744,2,100,6797,0,0,0,0
11,0,1,1,ACCEPT,5.7909,1.2203,4997,1,-8,0.1577,361.88,640.45,27.74,57.32,358.50,621.00,51.00,58.00,0.3038,19.74,1,1,2.8456,ACCEPT,0,12789,46,14075,2,100,4997,0,0,0,0
12,0,1,1,ACCEPT,14.1104,2.8752,11242,-5,0,0.3209,357.58,640.45,27.74,57.32,361.00,629.00,42.00,84.00,0.4507,11.95,1,0,3.1855,ACCEPT,0,10650,70,15608,2,100,11242,0,0,0,0
13,0,1,1,ACCEPT,13.0989,2.4586,13370,-5,1,0.1639,353.28,642.25,27.74,57.32,361.50,623.00,25.00,80.00,0.3330,20.93,1,0,2.9372,ACCEPT,0,11910,196,9630,2,100,13370,0,0,0,0
14,0,1,1,ACCEPT,13.5644,2.4093,14258,-6,0,0.0217,348.12,642.25,26.67,55.12,356.50,642.00,25.00,52.00,0.4876,8.38,1,-1,2.5454,ACCEPT,0,15166,135,12685,2,100,14258,0,0,0,0
15,0,1,1,ACCEPT,10.1634,2.3944,10868,-7,0,0.1068,342.33,642.25,26.67,55.12,347.50,638.00,39.00,42.00,0.5635,6.69,1,0,3.0512,ACCEPT,0,17105,70,11916,2,100,10868,0,0,0,0
16,0,1,1,ACCEPT,8.1743,1.2088,4649,-7,-3,0.2396,336.53,637.09,26.67,55.12,333.50,621.50,59.00,41.00,0.2864,15.89,1,0,3.2930,ACCEPT,0,13012,51,15406,2,100,4649,0,0,0,0
17,0,1,1,ACCEPT,16.7320,2.8713,13412,-10,2,0.1071,328.25,640.53,26.67,55.12,332.00,619.50,50.00,71.00,0.2875,21.36,1,0,3.0234,ACCEPT,0,13246,168,16204,2,100,13412,0,0,0,0
18,0,1,1,ACCEPT,21.2323,3.6332,25636,-5,-1,0.0483,324.11,638.81,26.67,55.12,330.00,631.50,32.00,89.00,0.4271,9.39,1,0,2.6570,ACCEPT,0,20279,194,16826,2,100,25636,0,0,0,0
19,0,1,1,ACCEPT,16.8739,2.5791,25414,-8,0,0.1292,317.48,638.81,25.64,53.00,327.00,646.00,22.00,80.00,0.3212,11.93,1,-1,2.7606,ACCEPT,0,33163,248,11242,2,100,25414,0,0,0,0
20,0,1,1,ACCEPT,11.9142,1.9979,17767,-7,0,0.1000,311.91,638.81,24.66,50.96,322.00,640.00,32.00,54.00,0.4521,10.16,1,-1,2.6938,ACCEPT,0,19834,198,9924,2,100,17767,0,0,0,0
21,0,1,1,ACCEPT,12.8940,1.5944,9367,-9,-5,0.1789,305.02,630.84,24.66,50.96,299.00,615.50,50.00,47.00,0.2986,16.48,1,0,3.2491,ACCEPT,0,14986,120,8178,2,100,9367,0,0,0,0
22,0,1,1,ACCEPT,13.7257,2.2879,9758,-6,0,0.1453,300.42,630.84,24.66,50.96,296.50,614.50,51.00,49.00,0.2834,16.81,1,0,3.1485,ACCEPT,0,14393,79,10390,2,100,9758,0,0,0,0
23,0,1,1,ACCEPT,15.2060,2.1149,11078,-4,0,0.3623,297.36,630.84,24.66,50.96,302.00,627.50,38.00,61.00,0.5421,5.72,1,0,3.1415,ACCEPT,0,12481,77,11589,2,100,11078,0,0,0,0
24,0,1,1,ACCEPT,19.2978,2.7124,16052,-9,3,0.0931,290.47,635.62,24.66,50.96,302.00,630.50,28.00,85.00,0.2616,12.62,1,0,3.1258,ACCEPT,0,11521,204,10974,2,100,16052,0,0,0,0
25,0,1,1,ACCEPT,11.1731,1.9990,13931,-4,-2,0.0437,287.41,632.44,24.66,50.96,297.50,641.50,25.00,67.00,0.3349,13.57,1,0,3.3174,ACCEPT,0,19153,159,10642,2,100,13931,0,0,0,0
26,0,1,1,ACCEPT,18.8262,3.8031,11531,-6,0,0.1180,282.81,632.44,24.66,50.96,282.50,620.50,45.00,57.00,0.3722,11.94,1,0,3.1119,ACCEPT,0,10750,89,9403,2,100,11531,0,0,0,0
27,0,1,1,ACCEPT,15.8737,1.9823,10282,-3,0,0.5147,280.52,632.44,24.66,50.96,278.00,610.50,54.00,55.00,0.2212,22.08,1,0,3.5014,ACCEPT,0,11453,97,8301,2,100,10282,0,0,0,0
28,0,1,1,ACCEPT,19.6048,2.8190,13799,-4,0,0.4083,277.45,632.44,24.66,50.96,274.50,614.00,59.00,42.00,0.2272,18.67,1,0,3.0569,ACCEPT,0,13874,109,15220,2,100,13799,0,0,0,0
29,0,1,1,ACCEPT,17.5799,3.6658,18296,1,-1,0.9405,278.22,630.84,24.66,50.96,275.00,618.00,60.00,44.00,0.2807,13.24,1,0,3.1340,ACCEPT,0,19999,94,11058,2,100,18296,0,0,0,0
30,0,1,1,ACCEPT,12.3092,2.1118,9064,-4,0,0.3052,275.16,630.84,24.66,50.96,276.50,633.50,39.00,55.00,0.5743,2.98,1,0,3.3488,ACCEPT,0,14933,138,8516,2,100,9064,0,0,0,0
31,0,1,1,ACCEPT,7.5424,1.1115,5115,-7,0,0.4350,269.80,630.84,24.66,50.96,272.00,629.00,46.00,52.00,0.5048,2.87,1,0,2.8126,ACCEPT,0,10926,121,15321,2,100,5115,0,0,0,0
32,0,1,1,ACCEPT,16.9664,3.3397,16712,1,-3,0.5761,270.56,626.06,24.66,50.96,261.50,610.50,59.00,45.00,0.2568,18.01,1,0,3.2373,ACCEPT,0,16576,91,8834,2,100,16712,0,0,0,0
33,0,1,1,ACCEPT,23.3561,2.7941,14521,-4,-1,0.1818,267.50,624.47,24.66,50.96,260.50,602.50,59.00,53.00,0.2031,23.06,1,0,3.2607,ACCEPT,0,11428,108,8194,2,100,14521,0,0,0,0
34,0,1,1,ACCEPT,29.5140,5.4941,12966,-2,-1,0.5002,265.97,622.88,24.66,50.96,261.50,599.50,53.00,51.00,0.2076,23.80,1,0,3.1680,ACCEPT,0,10313,110,9202,2,100,12966,0,0,0,0
35,0,1,1,ACCEPT,27.6110,5.6640,17247,-1,-3,0.2863,265.20,618.09,24.66,50.96,260.50,603.50,51.00,59.00,0.3046,15.33,1,0,3.2564,ACCEPT,0,12282,87,11952,2,100,17247,0,0,0,0
36,0,1,1,ACCEPT,11.6663,1.7767,14166,-1,-1,0.7728,264.44,616.50,24.66,50.96,271.00,622.00,22.00,70.00,0.4399,8.56,1,0,3.3356,ACCEPT,0,22083,156,11279,2,100,14166,0,0,0,0
37,0,1,1,ACCEPT,8.0046,1.2365,11449,-2,0,0.7878,262.91,616.50,24.66,50.96,266.50,615.00,21.00,72.00,0.5481,3.89,1,-1,1.6305,LOW_CONF,0,24123,181,8749,2,100,11449,0,0,0,0
38,0,1,1,ACCEPT,14.1915,2.6708,15165,1,0,0.9726,263.67,616.50,24.66,50.96,263.00,613.50,30.00,67.00,0.6251,3.07,1,0,3.3969,ACCEPT,0,18515,84,8742,2,100,15165,0,0,0,0
39,0,1,1,ACCEPT,19.6709,3.5115,13386,0,-1,0.9798,263.67,614.91,24.66,50.96,254.00,607.00,42.00,54.00,0.4269,12.49,1,0,3.2465,ACCEPT,0,13836,69,7637,2,100,13386,0,0,0,0
40,0,1,1,ACCEPT,23.7875,3.8964,11849,0,0,1.0000,263.67,614.91,24.66,50.96,257.50,604.50,43.00,67.00,0.4074,12.10,1,0,3.0075,ACCEPT,0,9418,75,6191,2,100,11849,0,0,0,0
41,0,1,1,ACCEPT,15.3464,2.7735,6906,2,2,0.4208,265.20,618.09,24.66,50.96,268.00,616.00,26.00,88.00,0.4792,3.49,1,0,3.0128,ACCEPT,0,10148,194,9453,2,100,6906,0,0,0,0
42,0,1,1,ACCEPT,14.1374,1.8779,10533,0,1,0.9575,265.20,619.69,24.66,50.96,278.00,624.50,32.00,71.00,0.2892,13.67,1,0,3.0584,ACCEPT,0,14887,101,9413,2,100,10533,0,0,0,0
43,0,1,1,ACCEPT,10.2645,1.4938,15810,-1,0,0.8543,264.44,619.69,24.66,50.96,274.50,623.00,25.00,58.00,0.3851,10.59,1,0,2.7811,ACCEPT,0,26606,167,11371,2,100,15810,0,0,0,0
44,0,1,1,ACCEPT,10.7515,2.2005,14079,0,1,0.9978,264.44,621.28,24.66,50.96,270.00,615.50,22.00,71.00,0.4732,8.02,1,0,3.0598,ACCEPT,0,23884,109,9916,2,100,14079,0,0,0,0
45,0,1,1,ACCEPT,11.6625,2.5704,10729,3,-1,0.7016,266.73,619.69,24.66,50.96,260.50,612.50,31.00,73.00,0.4549,9.51,1,0,3.3144,ACCEPT,0,15481,97,11600,2,100,10729,0,0,0,0
46,0,1,1,ACCEPT,9.9283,1.7227,12791,4,1,0.5168,269.80,621.28,24.66,50.96,268.00,615.00,26.00,64.00,0.6966,6.53,1,0,3.3025,ACCEPT,0,25063,65,9275,2,100,12791,0,0,0,0
47,0,1,1,ACCEPT,14.9615,3.2476,9233,4,1,0.2520,272.86,622.88,24.66,50.96,269.00,615.00,26.00,78.00,0.4995,8.77,1,0,3.1323,ACCEPT,0,11050,73,7666,2,100,9233,0,0,0,0
48,0,1,1,ACCEPT,13.8828,2.9198,7682,3,0,0.4793,275.16,622.88,24.66,50.96,273.00,615.50,24.00,83.00,0.5333,7.68,1,0,3.1556,ACCEPT,0,9035,122,11539,2,100,7682,0,0,0,0
49,0,1,1,ACCEPT,11.7732,2.3961,7011,3,1,0.6183,277.45,624.47,24.66,50.96,280.00,618.00,26.00,86.00,0.4979,6.95,1,0,3.0827,ACCEPT,0,13080,163,11882,2,100,7011,0,0,0,0
50,0,1,1,ACCEPT,9.0412,1.3664,7683,-1,-5,0.3866,276.69,616.50,24.66,50.96,289.50,620.50,33.00,81.00,0.2622,13.42,1,0,3.4880,ACCEPT,0,15360,126,11931,2,100,7683,0,0,0,0
51,0,1,1,ACCEPT,13.3693,2.4470,5354,8,-3,0.2396,282.81,611.72,24.66,50.96,296.50,619.00,29.00,62.00,0.2685,15.50,1,0,3.3521,ACCEPT,0,7072,157,11844,2,100,5354,0,0,0,0
52,0,1,1,ACCEPT,13.7147,2.3260,5087,6,0,0.0491,287.41,611.72,24.66,50.96,293.50,619.50,25.00,61.00,0.4807,9.88,1,0,3.3711,ACCEPT,0,5920,105,11206,2,100,5087,0,0,0,0
53,0,1,1,ACCEPT,10.0997,2.1863,4366,7,1,0.1514,292.77,613.31,24.66,50.96,296.50,615.00,35.00,58.00,0.6190,4.10,1,0,3.3425,ACCEPT,0,5731,62,13067,2,100,4366,0,0,0,0
54,0,1,1,ACCEPT,11.9398,2.3520,6061,9,0,0.1835,299.66,613.31,24.66,50.96,300.50,612.00,37.00,62.00,0.5478,1.56,1,0,3.3070,ACCEPT,0,7487,67,14377,2,100,6061,0,0,0,0
55,0,1,1,ACCEPT,9.1516,1.6087,4276,12,0,0.1216,308.84,613.31,24.66,50.96,309.50,620.00,33.00,70.00,0.5440,6.72,1,0,3.2413,ACCEPT,0,6441,74,16816,2,100,4276,0,0,0,0
56,0,1,1,ACCEPT,10.6292,2.0585,3942,18,2,0.1908,322.62,616.50,24.66,50.96,336.00,625.00,28.00,76.00,0.2423,15.85,1,0,3.2792,ACCEPT,0,4959,80,9661,2,100,3942,0,0,0,0
57,0,1,1,ACCEPT,9.9288,1.1484,4744,11,1,0.0757,331.05,618.09,24.66,50.96,339.00,632.00,16.00,64.00,0.3097,16.02,1,0,2.9850,ACCEPT,0,8262,81,11767,2,100,4744,0,0,0,0
58,0,1,1,ACCEPT,7.7839,1.1832,4438,8,-1,0.0838,337.17,616.50,24.66,50.96,341.50,623.50,23.00,79.00,0.4778,8.23,1,0,3.1675,ACCEPT,0,7294,55,17259,2,100,4438,0,0,0,0
59,0,1,1,ACCEPT,5.8568,1.1159,3975,6,-6,0.2868,341.77,606.94,24.66,50.96,340.50,620.50,37.00,73.00,0.4320,13.62,1,0,3.1422,ACCEPT,0,9786,120,18535,2,100,3975,0,0,0,0
60,0,1,1,ACCEPT,8.7116,1.3746,3207,15,-1,0.0165,353.25,605.34,24.66,50.96,350.00,626.50,32.00,81.00,0.4029,21.40,1,0,3.1263,ACCEPT,0,5026,64,14266,2,100,3207,0,0,0,0
61,0,1,1,ACCEPT,12.8108,2.5518,4412,11,15,0.0120,361.67,629.25,24.66,50.96,370.00,644.00,22.00,72.00,0.3276,16.94,1,0,3.2653,ACCEPT,0,6127,45,12367,2,100,4412,0,0,0,0
62,0,1,1,ACCEPT,11.4581,2.0583,7834,8,8,0.0333,367.80,642.00,24.66,50.96,371.50,640.00,23.00,80.00,0.4952,4.21,1,0,3.1262,ACCEPT,0,10713,118,9801,2,100,7834,0,0,0,0
63,0,1,1,ACCEPT,5.5321,1.0447,5956,8,1,0.0579,373.92,643.59,24.66,50.96,373.50,637.50,25.00,77.00,0.6419,6.11,1,0,3.1429,ACCEPT,0,12764,66,11462,2,100,5956,0,0,0,0
64,0,1,1,ACCEPT,7.9760,1.6217,5165,6,3,0.1607,378.52,648.38,24.66,50.96,376.00,641.50,28.00,89.00,0.4787,7.32,1,0,3.1008,ACCEPT,0,8084,66,11419,2,100,5165,0,0,0,0
65,0,1,1,ACCEPT,13.2694,2.0006,6838,7,3,0.0812,383.88,653.16,24.66,50.96,383.50,651.50,31.00,71.00,0.5709,1.70,1,0,3.0588,ACCEPT,0,7923,93,8692,2,100,6838,0,0,0,0
66,0,1,1,ACCEPT,8.1507,1.8360,6716,8,1,0.3824,390.00,654.75,24.66,50.96,377.50,646.00,47.00,62.00,0.3642,15.26,1,0,3.0679,ACCEPT,0,18329,63,12421,2,100,6716,0,0,0,0
67,0,1,1,ACCEPT,8.6539,1.0687,5909,1,2,0.6876,390.77,657.94,24.66,50.96,379.50,645.50,49.00,51.00,0.3388,16.78,1,0,3.2334,ACCEPT,0,11252,95,12050,2,100,5909,0,0,0,0
68,0,1,1,ACCEPT,10.6483,1.6978,6788,6,-1,0.1335,395.36,656.34,24.66,50.96,385.50,644.50,39.00,77.00,0.3565,15.41,1,0,3.1704,ACCEPT,0,8818,82,15399,2,100,6788,0,0,0,0
69,0,1,1,ACCEPT,12.2324,1.9653,6515,3,0,0.5424,397.66,656.34,24.66,50.96,399.00,655.00,22.00,62.00,0.7468,1.90,1,0,3.1969,ACCEPT,0,9792,87,15061,2,100,6515,0,0,0,0
70,0,1,1,ACCEPT,8.6953,1.4255,4335,0,-1,0.9712,397.66,654.75,24.66,50.96,394.00,654.00,46.00,62.00,0.4406,3.73,1,0,3.5740,ACCEPT,0,10226,83,16050,2,100,4335,0,0,0,0
71,0,1,1,ACCEPT,11.0201,1.7530,6998,-1,1,0.9487,396.89,656.34,24.66,50.96,393.00,651.50,48.00,41.00,0.4567,6.21,1,0,3.3584,ACCEPT,0,13010,63,18326,2,100,6998,0,0,0,0
72,0,1,1,ACCEPT,7.3921,1.0447,5685,1,1,0.8908,397.66,657.94,24.66,50.96,394.50,650.00,49.00,58.00,0.3889,8.54,1,3,1.6013,MAX_STEP,0,11114,64,17766,2,100,5685,0,0,0,0
73,0,1,1,ACCEPT,7.6440,1.2210,7526,10,0,0.0942,405.31,657.94,24.66,50.96,403.00,651.50,40.00,87.00,0.3611,6.84,1,0,2.8765,ACCEPT,0,13190,61,12318,2,100,7526,0,0,0,0
74,0,1,1,ACCEPT,10.8114,1.7862,3508,3,-2,0.3375,407.61,654.75,24.66,50.96,412.50,650.50,21.00,67.00,0.5225,6.48,1,0,3.0870,ACCEPT,0,5328,152,14920,2,100,3508,0,0,0,0
75,0,1,1,ACCEPT,11.4111,1.9487,6345,0,-3,0.4287,407.61,649.97,24.66,50.96,402.50,646.50,35.00,51.00,0.6265,6.18,1,0,3.4384,ACCEPT,0,10784,112,17843,2,100,6345,0,0,0,0
76,0,1,1,ACCEPT,9.9998,1.1645,6668,-9,-1,0.6662,400.72,648.38,25.64,53.00,395.50,636.50,43.00,47.00,0.4069,12.97,1,1,2.0828,ACCEPT,0,9648,53,16953,2,100,6668,0,0,0,0
77,0,1,1,ACCEPT,7.6537,1.0886,6133,5,0,0.8717,404.70,648.38,24.66,50.96,398.00,641.00,36.00,78.00,0.4209,9.97,1,-1,2.5955,ACCEPT,0,10875,101,11155,2,100,6133,0,0,0,0
78,0,1,1,ACCEPT,12.0696,1.7728,8233,-4,0,0.2339,401.64,648.38,24.66,50.96,399.50,647.50,17.00,79.00,0.4998,2.31,1,0,3.0407,ACCEPT,0,10942,103,14426,2,100,8233,0,0,0,0
79,0,1,1,ACCEPT,16.9574,2.8034,15674,-6,-1,0.1247,397.05,646.78,24.66,50.96,401.00,639.00,22.00,52.00,0.5449,8.73,1,0,2.8353,ACCEPT,0,13478,122,12586,2,100,15674,0,0,0,0
80,0,1,1,ACCEPT,10.9739,2.0245,8924,-10,-4,0.1288,389.39,640.41,24.66,50.96,385.00,633.50,38.00,69.00,0.4792,8.18,1,0,3.0978,ACCEPT,0,13756,70,15003,2,100,8924,0,0,0,0
81,0,1,1,ACCEPT,10.1252,1.4042,11037,-5,1,0.1173,385.56,642.00,24.66,50.96,380.00,630.00,40.00,60.00,0.4148,13.23,1,0,2.9208,ACCEPT,0,17152,121,13525,2,100,11037,0,0,0,0
82,0,1,1,ACCEPT,7.4611,1.0246,7584,-5,-1,0.1271,381.73,640.41,24.66,50.96,382.50,632.50,35.00,81.00,0.4432,7.94,1,0,3.0155,ACCEPT,0,15058,112,13090,2,100,7584,0,0,0,0
83,0,1,1,ACCEPT,9.8431,2.0799,10181,-7,-1,0.1584,376.38,638.81,24.66,50.96,381.50,632.00,25.00,72.00,0.4892,8.53,1,0,3.2029,ACCEPT,0,16577,151,10050,2,100,10181,0,0,0,0
84,0,1,1,ACCEPT,15.9639,2.5831,18376,-5,-2,0.1443,372.55,635.62,23.71,49.00,378.50,628.50,23.00,57.00,0.4767,9.28,1,-1,2.6548,ACCEPT,0,13690,220,7737,2,100,18376,0,0,0,0
85,0,1,1,ACCEPT,10.1058,1.8416,8674,-14,-2,0.1604,362.27,632.56,23.71,49.00,364.00,627.50,38.00,71.00,0.4306,5.35,1,0,2.7233,ACCEPT,0,12902,71,9580,2,100,8674,0,0,0,0
86,0,1,1,ACCEPT,14.0625,2.1139,13459,-5,-1,0.0129,358.59,631.03,23.71,49.00,354.50,620.00,47.00,54.00,0.3501,11.77,1,0,3.0331,ACCEPT,0,18159,91,8680,2,100,13459,0,0,0,0
87,0,1,1,ACCEPT,16.3270,2.9766,12829,-6,-1,0.0069,354.19,629.50,23.71,49.00,352.50,624.50,43.00,59.00,0.4579,5.28,1,0,3.1241,ACCEPT,0,12452,67,9487,2,100,12829,0,0,0,0
88,0,1,1,ACCEPT,17.6887,2.8143,12183,-6,-1,0.0602,349.78,627.97,23.71,49.00,352.00,620.50,36.00,89.00,0.3626,7.79,1,0,3.1820,ACCEPT,0,10300,83,7836,2,100,12183,0,0,0,0
89,0,1,1,ACCEPT,13.3189,2.1548,10108,-7,-1,0.0373,344.64,626.44,23.71,49.00,352.50,626.00,21.00,92.00,0.2980,7.87,1,0,3.1087,ACCEPT,0,14083,100,9066,2,100,10108,0,0,0,0
90,0,1,1,ACCEPT,12.3013,1.7619,12874,-14,1,0.0182,334.36,627.97,22.80,47.11,338.50,631.00,25.00,54.00,0.6234,5.13,1,-1,2.8625,ACCEPT,0,20640,96,11486,2,100,12874,0,0,0,0
91,0,1,1,ACCEPT,11.7482,1.5500,9976,-1,-2,0.5359,333.64,625.03,22.80,47.11,330.00,616.00,34.00,62.00,0.4840,9.74,1,0,3.5953,ACCEPT,0,16011,115,9371,2,100,9976,0,0,0,0
92,0,1,1,ACCEPT,12.6355,1.9106,9702,-6,-2,0.1914,329.33,622.09,22.80,47.11,321.00,608.50,44.00,43.00,0.3190,15.94,1,0,3.4132,ACCEPT,0,12702,79,9571,2,100,9702,0,0,0,0
93,0,1,1,ACCEPT,14.7148,2.3663,10324,-4,-1,0.1253,326.45,620.62,22.80,47.11,321.00,612.00,42.00,60.00,0.3986,10.20,1,0,3.2749,ACCEPT,0,14916,66,8079,2,100,10324,0,0,0,0
94,0,1,1,ACCEPT,17.3097,3.0909,10135,-5,2,0.0223,322.86,623.56,22.80,47.11,321.50,616.00,33.00,78.00,0.4173,7.68,1,0,3.0321,ACCEPT,0,10094,85,8331,2,100,10135,0,0,0,0
95,0,1,1,ACCEPT,12.2908,2.2269,12484,-11,2,0.1762,314.95,626.50,21.92,45.30,326.00,629.00,22.00,68.00,0.2479,11.33,1,-1,2.7036,ACCEPT,0,16951,120,15004,2,100,12484,0,0,0,0
96,0,1,1,ACCEPT,13.0450,2.2413,20183,-5,0,0.0997,311.52,626.50,21.08,43.56,320.00,629.50,28.00,59.00,0.3738,9.00,1,-1,2.7278,ACCEPT,0,26561,124,12862,2,100,20183,0,0,0,0
97,0,1,1,ACCEPT,11.3818,1.8372,13801,-4,-1,0.4746,308.89,625.14,20.27,41.88,312.00,623.50,26.00,61.00,0.5255,3.52,1,-1,2.8382,ACCEPT,0,22621,129,12212,2,100,13801,0,0,0,0
98,0,1,1,ACCEPT,9.6678,2.1714,9009,0,-2,0.9022,308.89,622.52,20.27,41.88,304.50,614.00,27.00,66.00,0.4417,9.58,1,0,3.5109,ACCEPT,0,16420,122,10619,2,100,9009,0,0,0,0
99,0,1,1,ACCEPT,12.7152,2.2906,9538,-1,-1,0.8724,308.25,621.20,20.27,41.88,300.50,609.00,33.00,54.00,0.3450,14.46,1,0,3.3376,ACCEPT,0,16873,88,6027,2,100,9538,0,0,0,0
100,0,1,1,ACCEPT,13.8778,2.7156,6865,0,1,0.8915,308.25,622.52,20.27,41.88,305.00,613.50,28.00,77.00,0.3937,9.58,1,0,3.2821,ACCEPT,0,8445,106,7587,2,100,6865,0,0,0,0
101,0,1,1,ACCEPT,16.1512,2.9066,9240,0,0,1.0000,308.25,622.52,20.27,41.88,313.50,617.50,19.00,85.00,0.3236,7.26,1,0,3.0171,ACCEPT,0,10085,113,11679,2,100,9240,0,0,0,0
102,0,1,1,ACCEPT,16.1309,3.3759,14692,0,0,1.0000,308.25,622.52,20.27,41.88,313.00,626.50,20.00,71.00,0.3966,6.20,1,0,3.0126,ACCEPT,0,17897,124,6609,2,100,14692,0,0,0,0
103,0,1,1,ACCEPT,14.9675,2.4672,12008,0,0,1.0000,308.25,622.52,20.27,41.88,313.50,628.50,15.00,59.00,0.4268,7.96,1,0,3.0245,ACCEPT,0,15262,112,7405,2,100,12008,0,0,0,0
104,0,1,1,ACCEPT,13.6431,1.9271,12293,0,0,1.0000,308.25,622.52,20.27,41.88,307.00,624.50,20.00,59.00,0.6389,2.35,1,0,3.1338,ACCEPT,0,19257,76,12943,2,100,12293,0,0,0,0
105,0,1,1,ACCEPT,8.1697,1.9262,9036,6,1,0.4955,312.09,623.83,20.27,41.88,300.50,609.00,39.00,56.00,0.2546,18.82,1,0,3.3628,ACCEPT,0,25997,100,11134,2,100,9036,0,0,0,0
106,0,1,1,ACCEPT,14.3346,2.7064,9291,3,-1,0.3838,314.02,622.52,20.27,41.88,308.00,611.50,34.00,61.00,0.3895,12.55,1,0,3.1805,ACCEPT,0,10908,116,11355,2,100,9291,0,0,0,0
107,0,1,1,ACCEPT,14.4165,2.6528,10988,3,-2,0.2612,315.94,619.89,20.27,41.88,319.00,618.50,18.00,67.00,0.4872,3.36,1,0,3.1370,ACCEPT,0,12597,90,11836,2,100,10988,0,0,0,0
108,0,1,1,ACCEPT,16.3493,2.7489,14484,3,0,0.5311,317.86,619.89,20.27,41.88,325.00,612.50,20.00,47.00,0.3682,10.28,1,0,3.0407,ACCEPT,0,13456,99,9333,2,100,14484,0,0,0,0
109,0,1,1,ACCEPT,13.5634,1.9832,13071,4,0,0.5275,320.42,619.89,20.27,41.88,328.50,621.50,19.00,59.00,0.3257,8.24,1,0,3.0443,ACCEPT,0,15163,82,17879,2,100,13071,0,0,0,0
110,0,1,1,ACCEPT,7.2007,1.1048,9256,0,-3,0.2437,320.42,615.95,20.27,41.88,324.50,607.00,19.00,58.00,0.4855,9.84,1,0,2.8043,ACCEPT,0,16559,79,12367,2,100,9256,0,0,0,0
111,0,1,1,ACCEPT,6.6806,1.1745,7470,3,-1,0.9465,322.34,614.64,20.27,41.88,323.50,601.50,25.00,57.00,0.4783,13.19,1,0,2.7474,ACCEPT,0,19516,45,9196,2,100,7470,0,0,0,0
112,0,1,1,ACCEPT,5.7766,1.1956,4113,-23,19,0.5886,307.61,639.58,19.49,40.27,325.00,608.00,30.00,44.00,0.0383,36.05,1,-1,2.3620,ACCEPT,0,9392,92,12860,2,100,4113,0,0,0,0
113,0,1,1,ACCEPT,13.7692,2.0590,4155,11,8,0.0953,314.31,649.70,19.49,40.27,331.00,608.00,28.00,70.00,0.0358,44.92,1,0,2.8582,ACCEPT,0,5435,75,11095,2,100,4155,0,0,0,0
114,0,1,1,ACCEPT,6.9871,1.3469,2943,-17,15,0.6215,303.95,668.69,19.49,40.27,345.00,622.00,26.00,66.00,0.0000,62.17,1,0,2.3729,ACCEPT,0,5443,160,5944,2,100,2943,0,0,0,0
115,0,1,0,NEGATIVE_PEAK,-6.6095,1.2510,-3608,0,9,0.3343,303.95,668.69,19.49,40.27,343.50,621.00,25.00,48.00,0.0000,61.95,0,0,0.0000,NOT_RUN,0,11714,270,0,2,100,3608,0,0,0,0
116,0,1,0,NEGATIVE_PEAK,-5.5794,1.0190,-3008,-1,9,0.4365,303.95,668.69,19.49,40.27,337.50,607.50,43.00,39.00,0.0000,69.78,0,0,0.0000,NOT_RUN,0,11186,190,0,2,100,3008,0,0,0,0
117,0,1,1,ACCEPT,5.5180,1.0108,1866,-7,1,0.3285,299.69,669.95,19.49,40.27,342.00,612.00,48.00,62.00,0.0000,71.76,1,3,1.2478,MAX_STEP,0,6298,101,10560,2,100,1866,0,0,0,0
118,0,1,1,ACCEPT,5.8162,1.0953,3448,-2,0,0.3666,298.47,669.95,19.49,40.27,351.00,620.00,42.00,80.00,0.0000,72.49,1,4,1.2821,MAX_STEP,0,9982,126,10903,2,100,3448,0,0,0,0
119,0,1,1,ACCEPT,8.2200,1.4892,3863,0,-1,0.9301,298.47,668.69,20.27,41.88,372.50,632.00,47.00,70.00,0.0000,82.62,1,1,2.1133,ACCEPT,0,7270,115,10534,2,100,3863,0,0,0,0
120,0,1,1,ACCEPT,10.4365,2.1849,4643,-2,0,0.5882,297.19,668.69,20.27,41.88,365.50,629.00,21.00,56.00,0.0000,79.00,1,0,2.9159,ACCEPT,0,6838,129,10655,2,100,4643,0,0,0,0
121,0,1,1,ACCEPT,8.0331,1.1590,3164,-1,2,0.8903,296.55,671.31,20.27,41.88,363.50,620.00,39.00,52.00,0.0000,84.35,1,0,2.6237,ACCEPT,0,5617,98,12786,2,100,3164,0,0,0,0
122,0,1,1,ACCEPT,10.3529,1.3487,4696,-1,0,0.8177,295.91,671.31,21.08,43.56,366.00,623.00,40.00,64.00,0.0000,85.13,1,1,2.4230,ACCEPT,0,6928,95,11385,2,100,4696,0,0,0,0
123,0,1,1,ACCEPT,13.0302,1.9457,5841,0,1,0.9890,295.91,672.67,21.08,43.56,376.50,632.00,25.00,80.00,0.0000,90.27,1,0,2.5865,ACCEPT,0,7094,108,11085,2,100,5841,0,0,0,0
124,0,1,1,ACCEPT,13.4978,1.9377,6559,0,-1,0.9668,295.91,671.31,21.08,43.56,392.50,639.50,25.00,77.00,0.0000,101.70,1,0,2.9962,ACCEPT,0,8588,95,11401,2,100,6559,0,0,0,0
125,0,1,1,ACCEPT,14.3442,2.1242,6621,0,0,1.0000,295.91,671.31,21.08,43.56,388.50,640.50,25.00,71.00,0.0000,97.59,1,0,2.7874,ACCEPT,0,8605,94,12243,2,100,6621,0,0,0,0
126,0,1,1,ACCEPT,10.7623,1.2963,4834,0,0,1.0000,295.91,671.31,21.08,43.56,387.50,646.00,41.00,60.00,0.0000,95.03,1,0,2.6218,ACCEPT,0,8228,84,11327,2,100,4834,0,0,0,0
127,0,1,1,ACCEPT,10.7168,1.2959,5246,0,-1,0.9981,295.91,669.95,21.08,43.56,397.50,638.50,33.00,77.00,0.0000,106.35,1,0,3.2869,ACCEPT,0,8293,98,11294,2,100,5246,0,0,0,0
128,0,1,1,ACCEPT,11.6421,1.3782,5124,2,-2,0.6183,297.22,667.23,21.08,43.56,401.50,635.50,27.00,87.00,0.0000,109.00,1,0,3.1663,ACCEPT,0,6902,70,14082,2,100,5124,0,0,0,0
129,0,1,1,ACCEPT,13.0076,1.4437,5629,1,-1,0.7387,297.88,665.88,21.08,43.56,408.50,639.50,27.00,79.00,0.0000,113.73,1,0,2.9686,ACCEPT,0,7270,82,13753,2,100,5629,0,0,0,0
130,0,1,1,ACCEPT,13.8175,1.8341,6944,-2,0,0.3934,296.56,665.88,21.08,43.56,398.50,637.00,53.00,54.00,0.0000,105.95,1,0,2.6368,ACCEPT,0,9108,101,10695,2,100,6944,0,0,0,0
131,0,1,1,ACCEPT,14.9684,1.7839,6165,-1,0,0.8174,295.91,665.88,21.92,45.30,404.00,642.00,42.00,74.00,0.0000,110.70,1,1,2.4966,ACCEPT,0,7098,98,9709,2,100,6165,0,0,0,0
132,0,1,1,ACCEPT,12.6197,1.5356,5565,0,-1,0.9966,295.91,664.45,21.92,45.30,408.00,647.50,32.00,79.00,0.0000,113.37,1,0,2.9036,ACCEPT,0,6831,114,11136,2,100,5565,0,0,0,0
133,0,1,1,ACCEPT,15.5103,2.0577,6204,0,1,0.9877,295.91,665.88,22.80,47.11,406.00,649.00,34.00,76.00,0.0000,111.38,1,1,2.1790,ACCEPT,0,6602,111,10635,2,100,6204,0,0,0,0
134,0,1,1,ACCEPT,18.0833,2.6809,7461,-1,0,0.8101,295.19,665.88,22.80,47.11,401.50,645.50,35.00,67.00,0.0000,108.25,1,0,2.8320,ACCEPT,0,7053,109,10315,2,100,7461,0,0,0,0
135,0,1,1,ACCEPT,21.9165,3.2358,6860,-1,0,0.9294,294.47,665.88,23.71,49.00,395.50,641.50,37.00,75.00,0.0000,103.93,1,1,2.8277,ACCEPT,0,5472,108,8351,2,100,6860,0,0,0,0
136,0,1,1,ACCEPT,23.1882,3.3213,6885,-1,0,0.8977,293.73,665.88,23.71,49.00,396.00,645.00,30.00,86.00,0.0000,104.37,1,0,3.1041,ACCEPT,0,5330,112,7463,2,100,6885,0,0,0,0
137,0,1,1,ACCEPT,15.8070,2.0630,4782,-2,0,0.7576,292.27,665.88,24.66,50.96,400.00,646.00,18.00,58.00,0.0000,109.55,1,1,2.9777,ACCEPT,0,5674,105,11052,2,100,4782,0,0,0,0
138,0,1,1,ACCEPT,14.4559,2.1238,4426,0,-2,0.8803,292.27,662.69,25.64,53.00,393.00,652.00,28.00,60.00,0.0000,101.30,1,1,2.8040,ACCEPT,0,5222,157,9154,2,100,4426,0,0,0,0
139,0,1,1,ACCEPT,17.5824,3.0736,4260,-1,0,0.8171,291.47,662.69,25.64,53.00,389.00,643.50,32.00,55.00,0.0000,99.40,1,0,3.0211,ACCEPT,0,4423,117,9586,2,100,4260,0,0,0,0
140,0,1,1,ACCEPT,13.5392,1.9400,3845,-1,0,0.9259,290.67,662.69,25.64,53.00,382.00,636.00,44.00,58.00,0.0000,95.15,1,0,2.9829,ACCEPT,0,5236,114,11094,2,100,3845,0,0,0,0
141,0,1,1,ACCEPT,14.8877,2.1482,3478,-1,-1,0.7829,289.88,661.03,26.67,55.12,383.50,643.50,35.00,71.00,0.0000,95.25,1,1,3.0927,ACCEPT,0,4774,93,11696,2,100,3478,0,0,0,0
142,0,1,1,ACCEPT,13.5575,2.0913,3070,-2,0,0.7456,288.22,661.03,26.67,55.12,382.00,651.50,18.00,71.00,0.0000,94.26,1,0,3.0286,ACCEPT,0,4114,89,10847,2,100,3070,0,0,0,0
143,0,1,1,ACCEPT,8.5487,1.6582,3774,-3,-5,0.0625,285.73,652.44,26.67,55.12,380.00,652.00,18.00,64.00,0.0000,94.27,1,0,2.0445,ACCEPT,0,6954,130,16105,2,100,3774,0,0,0,0
144,0,1,1,ACCEPT,6.1482,1.2754,3279,-30,1,0.1043,260.89,654.16,26.67,55.12,372.00,646.00,28.00,58.00,0.0000,111.41,1,-13,1.1217,MAX_STEP,0,8367,170,19379,2,100,3279,0,0,0,0
145,0,1,1,ACCEPT,8.6139,1.8051,4964,6,-19,0.0830,265.86,621.50,26.67,55.12,360.50,624.00,43.00,48.00,0.0000,94.67,1,-12,1.4940,MAX_STEP,0,10448,147,13725,2,100,4964,0,0,0,0
146,0,1,1,ACCEPT,7.2389,1.3770,1932,-11,4,0.0942,256.75,628.38,26.67,55.12,360.00,627.50,42.00,67.00,0.0000,103.25,1,0,2.4394,ACCEPT,0,4478,164,9861,2,100,1932,0,0,0,0
147,0,1,1,ACCEPT,6.8217,1.1806,2406,-5,-3,0.8034,252.61,623.22,26.67,55.12,358.50,639.00,27.00,74.00,0.0000,107.06,1,0,3.1764,ACCEPT,0,7365,117,7240,2,100,2406,0,0,0,0
148,0,1,1,ACCEPT,7.6753,1.4617,2001,1,-2,0.9235,253.44,619.78,26.67,55.12,357.00,640.50,22.00,51.00,0.0000,105.61,1,0,3.3598,ACCEPT,0,4197,67,7717,2,100,2001,0,0,0,0
149,0,1,1,ACCEPT,11.4946,2.6454,3320,1,0,0.9175,254.27,619.78,27.74,57.32,354.00,644.50,24.00,55.00,0.0000,102.75,1,1,2.8574,ACCEPT,0,4916,66,9109,2,100,3320,0,0,0,0
150,0,1,1,ACCEPT,14.6419,2.1591,5063,-5,-21,0.3095,249.97,582.05,28.85,59.62,333.00,622.00,40.00,52.00,0.0000,92.14,1,1,2.6626,ACCEPT,0,6009,134,12935,2,100,5063,0,0,0,0
151,0,1,1,ACCEPT,22.6822,3.7030,11909,-1,-3,0.2450,249.06,576.47,30.00,62.00,326.50,630.50,45.00,33.00,0.0000,94.42,1,1,2.9958,ACCEPT,0,9220,96,6729,2,100,11909,0,0,0,0
152,0,1,1,ACCEPT,9.9666,1.9051,2852,8,-12,0.3366,256.56,553.22,30.00,62.00,325.50,627.50,45.00,69.00,0.0000,101.34,1,0,2.7498,ACCEPT,0,3724,72,10462,2,100,2852,0,0,0,0
153,0,1,1,ACCEPT,5.9924,1.2427,1869,-6,-9,0.1182,250.94,535.78,31.20,64.48,328.00,635.50,32.00,73.00,0.0000,126.03,1,1,2.7650,ACCEPT,0,5265,65,7763,2,100,1869,0,0,0,0
154,0,1,1,ACCEPT,5.8399,1.0261,2631,0,0,1.0000,250.94,535.78,31.20,64.48,332.50,640.00,33.00,50.00,0.0000,132.34,1,0,2.7763,ACCEPT,0,7383,159,9866,2,100,2631,0,0,0,0
155,0,1,1,ACCEPT,9.7222,1.8161,4048,-1,1,0.9012,249.97,537.80,31.20,64.48,311.00,643.00,32.00,44.00,0.0000,121.62,1,0,2.8120,ACCEPT,0,7298,170,9804,2,100,4048,0,0,0,0
156,0,1,1,ACCEPT,13.1651,2.3897,4820,-1,0,0.9751,249.00,537.80,31.20,64.48,299.50,632.00,51.00,32.00,0.0000,106.89,1,0,2.9199,ACCEPT,0,6906,212,10024,2,100,4820,0,0,0,0
157,0,1,1,ACCEPT,13.7419,1.7487,3821,-1,0,0.9500,248.03,537.80,31.20,64.48,296.00,630.50,52.00,31.00,0.0000,104.38,1,0,2.8797,ACCEPT,0,4417,89,12398,2,100,3821,0,0,0,0
158,0,1,1,ACCEPT,14.8150,2.7853,2919,0,0,1.0000,248.03,537.80,31.20,64.48,296.00,632.50,54.00,37.00,0.0000,106.16,1,0,2.8159,ACCEPT,0,3497,137,12898,2,100,2919,0,0,0,0
159,0,1,1,ACCEPT,17.3334,3.7858,5550,0,0,1.0000,248.03,537.80,31.20,64.48,297.50,635.50,41.00,63.00,0.0000,109.51,1,0,2.9858,ACCEPT,0,6787,189,11935,2,100,5550,0,0,0,0
160,0,1,1,ACCEPT,14.6036,2.3108,4178,0,0,1.0000,248.03,537.80,31.20,64.48,307.50,647.00,27.00,58.00,0.0000,124.35,1,0,3.1068,ACCEPT,0,6251,129,14911,2,100,4178,0,0,0,0
161,0,1,1,ACCEPT,17.3627,3.6781,4730,0,0,1.0000,248.03,537.80,31.20,64.48,298.50,643.50,29.00,51.00,0.0000,117.13,1,0,3.1276,ACCEPT,0,5883,113,14294,2,100,4730,0,0,0,0
162,0,1,1,ACCEPT,15.8281,3.3947,3432,0,0,1.0000,248.03,537.80,31.20,64.48,291.50,631.50,39.00,55.00,0.0000,103.29,1,0,3.1622,ACCEPT,0,4748,101,16498,2,100,3432,0,0,0,0
163,0,1,1,ACCEPT,16.1525,3.3353,3432,0,-1,0.9913,248.03,535.78,31.20,64.48,285.00,624.00,52.00,50.00,0.0000,95.65,1,0,3.1650,ACCEPT,0,4679,82,14765,2,100,3432,0,0,0,0
164,0,1,1,ACCEPT,16.8052,3.6656,3354,-1,-1,0.9535,247.06,533.77,31.20,64.48,282.00,618.50,44.00,55.00,0.0000,91.65,1,0,3.2972,ACCEPT,0,4317,91,15760,2,100,3354,0,0,0,0
165,0,1,1,ACCEPT,18.5120,4.5018,3795,0,0,1.0000,247.06,533.77,31.20,64.48,288.50,629.00,41.00,76.00,0.0000,103.86,1,0,3.0691,ACCEPT,0,4269,89,14104,2,100,3795,0,0,0,0
166,0,1,1,ACCEPT,20.1535,5.0274,4032,-1,0,0.9120,246.09,533.77,31.20,64.48,301.00,636.00,36.00,72.00,0.0000,116.05,1,0,3.1523,ACCEPT,0,3948,114,12064,2,100,4032,0,0,0,0
167,0,1,1,ACCEPT,22.2143,5.3365,3965,0,0,1.0000,246.09,533.77,31.20,64.48,303.50,635.00,31.00,48.00,0.0000,116.38,1,0,3.0335,ACCEPT,0,3598,103,12210,2,100,3965,0,0,0,0
168,0,1,1,ACCEPT,23.4490,5.5225,3921,1,-1,0.8727,247.06,531.75,31.20,64.48,301.00,636.00,26.00,58.00,0.0000,117.38,1,0,2.9611,ACCEPT,0,3405,69,17110,2,100,3921,0,0,0,0
169,0,1,1,ACCEPT,23.4784,5.5746,5045,1,0,0.9903,248.03,531.75,31.20,64.48,293.50,626.50,27.00,57.00,0.0000,105.10,1,0,2.8459,ACCEPT,0,4180,68,13329,2,100,5045,0,0,0,0
170,0,1,1,ACCEPT,22.6466,4.9358,3692,-1,1,0.9537,247.06,533.77,31.20,64.48,298.00,630.50,36.00,67.00,0.0000,109.33,1,0,2.9627,ACCEPT,0,2991,74,12118,2,100,3692,0,0,0,0
171,0,1,1,ACCEPT,23.9603,5.3694,4172,1,0,0.9039,248.03,533.77,31.20,64.48,310.00,629.00,20.00,86.00,0.0000,113.62,1,0,2.7661,ACCEPT,0,3365,125,12613,2,100,4172,0,0,0,0
172,0,1,1,ACCEPT,26.1742,5.3362,4317,0,0,1.0000,248.03,533.77,31.20,64.48,329.00,633.50,44.00,71.00,0.0000,128.46,1,0,2.7651,ACCEPT,0,3098,81,13723,2,100,4317,0,0,0,0
173,0,1,1,ACCEPT,27.5349,5.3916,5397,0,-1,0.9539,248.03,531.75,31.20,64.48,328.50,631.50,33.00,45.00,0.0000,128.16,1,0,2.8310,ACCEPT,0,3861,99,12327,2,100,5397,0,0,0,0
174,0,1,1,ACCEPT,28.5085,5.5417,4583,0,0,1.0000,248.03,531.75,31.20,64.48,326.00,626.00,18.00,58.00,0.0000,122.32,1,0,2.7772,ACCEPT,0,3159,79,12026,2,100,4583,0,0,0,0
175,0,1,1,ACCEPT,30.4218,5.8141,4442,0,0,1.0000,248.03,531.75,31.20,64.48,325.00,622.00,42.00,66.00,0.0000,118.61,1,0,2.7475,ACCEPT,0,2889,110,11464,2,100,4442,0,0,0,0
176,0,1,1,ACCEPT,24.3177,5.2117,4013,0,0,1.0000,248.03,531.75,31.20,64.48,333.00,622.50,32.00,81.00,0.0000,124.32,1,0,2.6319,ACCEPT,0,2902,93,7580,2,100,4013,0,0,0,0
177,0,1,1,ACCEPT,27.2638,4.9197,3065,0,1,0.9821,248.03,533.77,31.20,64.48,348.00,628.00,30.00,86.00,0.0000,137.38,1,0,2.6845,ACCEPT,0,2121,95,8145,2,100,3065,0,0,0,0
178,0,1,1,ACCEPT,30.0238,6.4650,3976,0,0,1.0000,248.03,533.77,31.20,64.48,358.50,630.00,33.00,72.00,0.0000,146.51,1,0,2.7659,ACCEPT,0,2462,110,7350,2,100,3976,0,0,0,0
179,0,1,1,ACCEPT,29.8318,5.9158,3863,0,0,1.0000,248.03,533.77,31.20,64.48,362.50,631.00,25.00,58.00,0.0000,150.19,1,0,2.6604,ACCEPT,0,2473,98,7590,2,100,3863,0,0,0,0
180,0,1,1,ACCEPT,29.9804,6.6190,3475,1,-1,0.7355,249.00,531.75,31.20,64.48,364.00,618.50,34.00,55.00,0.0000,144.05,1,0,2.6900,ACCEPT,0,2195,96,8046,2,100,3475,0,0,0,0
181,0,1,1,ACCEPT,30.8590,7.3066,3646,2,0,0.6402,250.94,531.75,31.20,64.48,368.50,622.00,41.00,66.00,0.0000,148.21,1,0,2.6255,ACCEPT,0,2377,126,6047,2,100,3646,0,0,0,0
182,0,1,1,ACCEPT,30.7400,7.6562,2940,0,0,1.0000,250.94,531.75,31.20,64.48,378.50,626.00,27.00,78.00,0.0000,158.60,1,0,2.5945,ACCEPT,0,1918,118,6607,2,100,2940,0,0,0,0
183,0,1,1,ACCEPT,33.7722,8.2457,3323,0,0,1.0000,250.94,531.75,31.20,64.48,392.00,623.00,18.00,64.00,0.0000,168.00,1,0,2.6514,ACCEPT,0,2032,114,6621,2,100,3323,0,0,0,0
184,0,1,1,ACCEPT,32.8068,7.7173,2894,-1,0,0.8922,249.97,531.75,31.20,64.48,394.50,633.00,21.00,52.00,0.0000,176.47,1,0,2.5659,ACCEPT,0,1673,113,6838,2,100,2894,0,0,0,0
185,0,1,1,ACCEPT,27.7373,6.3289,2367,-1,-2,0.6008,249.00,527.72,31.20,64.48,389.50,627.00,47.00,58.00,0.0000,172.04,1,0,2.6821,ACCEPT,0,1542,95,5571,2,100,2367,0,0,0,0
186,0,1,1,ACCEPT,26.8256,5.7828,2290,0,0,1.0000,249.00,527.72,31.20,64.48,399.00,628.50,32.00,79.00,0.0000,180.71,1,0,2.6903,ACCEPT,0,1620,102,8202,2,100,2290,0,0,0,0
187,0,1,1,ACCEPT,27.5226,5.7532,3193,-1,1,0.8541,248.03,529.73,31.20,64.48,409.50,639.00,17.00,64.00,0.0000,194.96,1,0,2.6813,ACCEPT,0,2233,104,8414,2,100,3193,0,0,0,0
188,0,1,1,ACCEPT,26.7678,6.4265,3104,-1,0,0.9816,247.06,529.73,31.20,64.48,410.00,641.00,26.00,46.00,0.0000,197.30,1,0,2.6518,ACCEPT,0,2105,102,9706,2,100,3104,0,0,0,0
189,0,1,1,ACCEPT,28.6565,5.2406,4313,1,0,0.9875,248.03,529.73,31.20,64.48,408.00,632.50,50.00,67.00,0.0000,190.13,1,0,2.6912,ACCEPT,0,2762,127,8295,2,100,4313,0,0,0,0
190,0,1,1,ACCEPT,19.0597,3.2841,3110,-1,0,0.9775,247.06,529.73,31.20,64.48,412.00,640.00,24.00,90.00,0.0000,198.40,1,0,2.8862,ACCEPT,0,2651,108,7507,2,100,3110,0,0,0,0
191,0,1,1,ACCEPT,21.2136,4.4057,3225,0,0,1.0000,247.06,529.73,31.20,64.48,417.00,647.50,14.00,49.00,0.0000,206.75,1,0,2.8835,ACCEPT,0,2628,78,6573,2,100,3225,0,0,0,0
192,0,1,1,ACCEPT,23.6679,4.5847,2572,0,0,1.0000,247.06,529.73,31.20,64.48,412.00,646.00,24.00,46.00,0.0000,201.80,1,0,2.9323,ACCEPT,0,1926,90,8700,2,100,2572,0,0,0,0
193,0,1,1,ACCEPT,24.4136,4.7804,3700,0,0,1.0000,247.06,529.73,31.20,64.48,402.00,642.50,46.00,37.00,0.0000,191.63,1,0,2.9010,ACCEPT,0,2676,73,8012,2,100,3700,0,0,0,0
194,0,1,1,ACCEPT,22.4798,3.8776,2660,0,1,0.9838,247.06,531.75,31.20,64.48,403.50,645.50,47.00,67.00,0.0000,193.42,1,0,2.9054,ACCEPT,0,2125,76,8187,2,100,2660,0,0,0,0
195,0,1,1,ACCEPT,24.3568,4.6614,3524,1,0,0.9012,248.03,531.75,31.20,64.48,426.00,656.00,22.00,86.00,0.0000,217.05,1,0,2.7474,ACCEPT,0,2322,84,8107,2,100,3524,0,0,0,0
196,0,1,1,ACCEPT,25.0682,5.5709,2908,0,1,0.9763,248.03,533.77,31.20,64.48,429.00,660.50,28.00,47.00,0.0000,220.93,1,0,2.7453,ACCEPT,0,1911,100,7035,2,100,2908,0,0,0,0
197,0,1,1,ACCEPT,29.7587,6.7265,3000,0,1,0.9583,248.03,535.78,31.20,64.48,422.00,661.50,32.00,51.00,0.0000,214.64,1,0,2.7353,ACCEPT,0,1905,84,7146,2,100,3000,0,0,0,0
198,0,1,1,ACCEPT,32.0715,8.3866,3254,0,0,1.0000,248.03,535.78,31.20,64.48,407.50,666.50,57.00,43.00,0.0000,206.20,1,0,2.7421,ACCEPT,0,2005,80,7414,2,100,3254,0,0,0,0
199,0,1,1,ACCEPT,25.8271,3.5788,2634,0,0,1.0000,248.03,535.78,31.20,64.48,410.50,672.00,51.00,72.00,0.0000,212.02,1,0,2.6335,ACCEPT,0,1811,93,9270,2,100,2634,0,0,0,0
200,0,1,1,ACCEPT,26.4158,4.3761,3002,0,0,1.0000,248.03,535.78,31.20,64.48,432.50,673.00,37.00,92.00,0.0000,229.91,1,0,2.6752,ACCEPT,0,2065,71,9728,2,100,3002,0,0,0,0
201,0,1,1,ACCEPT,28.1162,4.6213,3161,0,0,1.0000,248.03,535.78,31.20,64.48,431.50,681.00,35.00,44.00,0.0000,233.99,1,0,2.6594,ACCEPT,0,2104,89,8022,2,100,3161,0,0,0,0
202,0,1,1,ACCEPT,30.6568,6.1809,2460,0,0,1.0000,248.03,535.78,31.20,64.48,417.00,675.50,30.00,71.00,0.0000,219.25,1,0,2.5847,ACCEPT,0,1505,105,7179,2,100,2460,0,0,0,0
203,0,1,1,ACCEPT,29.6684,5.8940,2446,-1,-1,0.9542,247.06,533.77,31.20,64.48,405.00,672.00,48.00,58.00,0.0000,209.89,1,0,2.6601,ACCEPT,0,1482,76,7078,2,100,2446,0,0,0,0
204,0,1,1,ACCEPT,27.6610,4.4264,2616,0,0,1.0000,247.06,533.77,31.20,64.48,399.50,671.50,57.00,77.00,0.0000,205.45,1,0,2.6427,ACCEPT,0,1733,84,8346,2,100,2616,0,0,0,0
205,0,1,1,ACCEPT,23.3108,2.6684,2639,0,-1,0.9727,247.06,531.75,31.20,64.48,431.50,686.50,43.00,93.00,0.0000,240.76,1,0,2.5763,ACCEPT,0,2003,80,8160,2,100,2639,0,0,0,0
206,0,1,1,ACCEPT,26.9759,4.6407,2622,-1,1,0.8047,246.09,533.77,31.20,64.48,429.50,694.00,35.00,62.00,0.0000,243.54,1,0,2.5810,ACCEPT,0,1884,70,9088,2,100,2622,0,0,0,0
207,0,1,1,ACCEPT,26.3006,5.2609,2883,-1,0,0.9469,245.12,533.77,31.20,64.48,420.00,685.00,36.00,60.00,0.0000,231.20,1,0,2.5448,ACCEPT,0,2022,97,7733,2,100,2883,0,0,0,0
208,0,1,1,ACCEPT,31.2002,6.2165,2785,0,0,1.0000,245.12,533.77,31.20,64.48,404.50,670.50,41.00,71.00,0.0000,209.99,1,0,2.5547,ACCEPT,0,1677,91,7616,2,100,2785,0,0,0,0
209,0,1,1,ACCEPT,30.0931,6.3927,2800,-1,0,0.9500,244.16,533.77,31.20,64.48,402.50,661.00,47.00,52.00,0.0000,203.13,1,0,2.5705,ACCEPT,0,1810,75,7528,2,100,2800,0,0,0,0
210,0,1,1,ACCEPT,30.3911,6.0943,2974,-2,1,0.5205,242.22,535.78,31.20,64.48,404.00,664.00,58.00,96.00,0.0000,206.43,1,0,2.5804,ACCEPT,0,1997,102,7336,2,100,2974,0,0,0,0
211,0,1,1,ACCEPT,34.0442,6.9626,3537,0,0,1.0000,242.22,535.78,31.20,64.48,427.00,675.00,48.00,80.00,0.0000,231.36,1,0,2.5336,ACCEPT,0,2081,74,8186,2,100,3537,0,0,0,0
212,0,1,1,ACCEPT,31.3140,6.0989,3824,0,-1,0.9647,242.22,533.77,31.20,64.48,423.50,663.50,43.00,55.00,0.0000,222.92,1,0,2.5810,ACCEPT,0,2131,85,6963,2,100,3824,0,0,0,0
213,0,1,1,ACCEPT,35.6983,7.2095,3028,0,-1,0.9455,242.22,531.75,31.20,64.48,407.50,647.00,39.00,78.00,0.0000,201.50,1,0,2.5118,ACCEPT,0,1584,86,6836,2,100,3028,0,0,0,0
214,0,1,1,ACCEPT,33.4809,7.1276,2737,0,0,1.0000,242.22,531.75,31.20,64.48,394.50,636.50,55.00,59.00,0.0000,184.83,1,0,2.5755,ACCEPT,0,1457,70,8052,2,100,2737,0,0,0,0
215,0,1,1,ACCEPT,27.1864,5.8326,2648,3,-1,0.3810,245.12,529.73,31.20,64.48,398.50,615.50,53.00,91.00,0.0000,175.73,1,0,2.6514,ACCEPT,0,1622,93,7702,2,100,2648,0,0,0,0
216,0,1,1,ACCEPT,30.7569,6.0242,2494,0,-1,0.9535,245.12,527.72,31.20,64.48,416.00,607.00,50.00,94.00,0.0000,188.37,1,0,2.6420,ACCEPT,0,1540,64,9140,2,100,2494,0,0,0,0
217,0,1,1,ACCEPT,31.9384,5.2545,2354,-1,0,0.9775,244.16,527.72,31.20,64.48,424.00,605.00,50.00,68.00,0.0000,195.75,1,0,2.6115,ACCEPT,0,1434,67,11403,2,100,2354,0,0,0,0
218,0,1,1,ACCEPT,31.7755,6.4286,2610,0,0,1.0000,244.16,527.72,31.20,64.48,412.50,587.00,43.00,60.00,0.0000,178.48,1,0,2.6660,ACCEPT,0,1604,92,9408,2,100,2610,0,0,0,0
219,0,1,1,ACCEPT,32.0037,7.0593,2499,0,0,1.0000,244.16,527.72,31.20,64.48,395.00,577.50,40.00,73.00,0.0000,158.85,1,0,2.6867,ACCEPT,0,1434,105,9969,2,100,2499,0,0,0,0
220,0,1,1,ACCEPT,26.7144,5.1925,2617,0,-1,0.9236,244.16,525.70,31.20,64.48,381.50,542.00,71.00,72.00,0.0000,138.31,1,0,2.6249,ACCEPT,0,1563,82,9514,2,100,2617,0,0,0,0
221,0,1,1,ACCEPT,27.6701,5.8114,2034,0,-1,0.9749,244.16,523.69,31.20,64.48,386.00,522.50,58.00,91.00,0.0000,141.85,1,0,2.6586,ACCEPT,0,1188,90,9489,2,100,2034,0,0,0,0
222,0,1,1,ACCEPT,31.3561,5.9075,2298,0,0,1.0000,244.16,523.69,31.20,64.48,409.50,512.00,37.00,66.00,0.0000,165.76,1,0,2.6621,ACCEPT,0,1255,91,8187,2,100,2298,0,0,0,0
223,0,1,1,ACCEPT,32.0483,7.1138,2063,0,0,1.0000,244.16,523.69,31.20,64.48,412.50,491.50,49.00,67.00,0.0000,171.39,1,0,2.6566,ACCEPT,0,1165,103,7489,2,100,2063,0,0,0,0
224,0,1,1,ACCEPT,32.8489,6.8486,1945,-1,0,0.9794,243.19,523.69,31.20,64.48,397.50,477.50,51.00,61.00,0.0000,161.08,1,0,2.6841,ACCEPT,0,1083,91,8947,2,100,1945,0,0,0,0
225,0,1,1,ACCEPT,24.7533,4.6725,1869,1,1,0.8406,244.16,525.70,31.20,64.48,364.50,446.00,81.00,56.00,0.0000,144.34,1,0,2.6193,ACCEPT,0,1417,71,5814,2,100,1869,0,0,0,0
226,0,1,1,ACCEPT,24.3460,4.7000,1175,0,1,0.9736,244.16,527.72,31.20,64.48,370.00,421.50,76.00,63.00,0.0000,164.68,1,0,2.6603,ACCEPT,0,832,78,5983,2,100,1175,0,0,0,0
227,0,1,1,ACCEPT,26.4510,5.6875,1274,0,-1,0.9513,244.16,525.70,31.20,64.48,378.50,396.50,37.00,71.00,0.0000,186.39,1,0,2.6935,ACCEPT,0,863,89,7963,2,100,1274,0,0,0,0
228,0,1,1,ACCEPT,27.6407,5.3091,1683,0,0,1.0000,244.16,525.70,31.20,64.48,398.50,378.50,41.00,69.00,0.0000,213.29,1,0,2.6774,ACCEPT,0,1174,95,7310,2,100,1683,0,0,0,0
229,0,1,1,ACCEPT,27.5436,5.8644,1730,-1,0,0.9861,243.19,525.70,31.20,64.48,394.50,352.50,47.00,69.00,0.0000,229.99,1,0,2.6887,ACCEPT,0,1269,84,5412,2,100,1730,0,0,0,0
230,0,1,1,ACCEPT,31.7570,6.2748,1644,0,-1,0.8990,243.19,523.69,31.20,64.48,350.00,317.50,68.00,59.00,0.0000,232.21,1,0,2.6419,ACCEPT,0,1015,73,4583,2,100,1644,0,0,0,0
231,0,1,1,ACCEPT,28.4637,6.0162,1486,-1,0,0.9024,242.22,523.69,31.20,64.48,346.50,293.00,73.00,56.00,0.0000,253.16,1,0,2.6742,ACCEPT,0,989,90,4767,2,100,1486,0,0,0,0
232,0,1,1,ACCEPT,29.9207,5.8398,1968,-1,0,0.9660,241.25,523.69,31.20,64.48,350.50,267.00,61.00,58.00,0.0000,278.97,1,0,2.6335,ACCEPT,0,1206,63,5043,2,100,1968,0,0,0,0
233,0,1,1,ACCEPT,30.1652,5.7120,1765,0,0,1.0000,241.25,523.69,31.20,64.48,362.50,240.00,37.00,54.00,0.0000,308.51,1,0,2.5816,ACCEPT,0,1143,80,5265,2,100,1765,0,0,0,0
234,0,1,1,ACCEPT,32.3073,5.8305,2064,0,-1,0.9559,241.25,521.67,31.20,64.48,366.50,216.50,19.00,55.00,0.0000,329.87,1,0,2.5537,ACCEPT,0,1266,117,3737,2,100,2064,0,0,0,0
235,0,1,1,ACCEPT,35.1789,8.0905,1877,-1,1,0.8679,240.28,523.69,31.20,64.48,351.50,161.00,15.00,60.00,0.0000,379.36,1,0,2.5297,ACCEPT,0,1163,86,4545,2,100,1877,0,0,0,0
236,0,1,1,ACCEPT,36.1998,7.7143,2214,0,0,1.0000,240.28,523.69,31.20,64.48,342.50,140.50,29.00,61.00,0.0000,396.59,1,0,2.4891,ACCEPT,0,1270,101,3859,2,100,2214,0,0,0,0
237,0,1,1,ACCEPT,39.3101,8.6010,1746,0,0,1.0000,240.28,523.69,31.20,64.48,333.50,113.50,49.00,61.00,0.0000,420.65,1,0,2.5313,ACCEPT,0,955,96,4656,2,100,1746,0,0,0,0
238,0,1,1,ACCEPT,32.0350,5.7128,2148,0,0,1.0000,240.28,523.69,31.20,64.48,316.00,86.00,72.00,60.00,0.0000,444.19,1,0,2.5575,ACCEPT,0,1256,106,5690,2,100,2148,0,0,0,0
0,0,0,0,ZERO_RESPONSE,0.0000,0.0000,0,0,0,0.0000,289.50,620.50,33.00,81.00,289.50,620.50,33.00,81.00,1.0000,0.00,1,0,0.0000,NOT_RUN,0,0,445,23242,3,150,0,0,0,0,0
1,0,1,1,ACCEPT,18.8625,4.0167,4081,7,-1,0.1264,296.72,617.97,33.00,81.00,296.50,619.00,29.00,62.00,0.6727,1.05,1,0,2.6366,ACCEPT,0,3499,383,13025,3,150,4081,0,0,0,0
2,0,1,1,ACCEPT,7.7288,1.5674,2453,4,0,0.4965,300.84,617.97,33.00,81.00,293.50,619.50,25.00,61.00,0.4592,7.50,1,0,2.7738,ACCEPT,0,3647,367,13309,3,150,2453,0,0,0,0
3,0,1,1,ACCEPT,6.6240,1.1901,2135,6,-1,0.4173,307.03,615.44,35.69,87.61,296.50,615.00,35.00,58.00,0.3871,10.54,1,2,2.6601,ACCEPT,0,4217,318,15853,3,150,2135,0,0,0,0
4,0,1,1,ACCEPT,11.7526,2.1726,3939,7,0,0.3432,314.80,615.44,37.12,91.11,300.50,612.00,37.00,62.00,0.3309,14.70,1,1,2.6317,ACCEPT,0,3763,311,14681,3,150,3939,0,0,0,0
5,0,1,1,ACCEPT,10.6678,1.6660,4500,8,1,0.2733,324.05,618.28,38.61,94.76,309.50,620.00,33.00,70.00,0.3321,14.65,1,1,2.8368,ACCEPT,0,5580,234,28579,3,150,4500,0,0,0,0
6,0,1,1,ACCEPT,15.4402,2.3653,9608,12,2,0.2494,338.48,624.22,38.61,94.76,336.00,625.00,28.00,76.00,0.5817,2.60,1,0,2.4964,ACCEPT,0,8464,193,15623,3,150,9608,0,0,0,0
7,0,1,1,ACCEPT,16.2910,2.3238,9709,6,1,0.1864,345.70,627.19,38.61,94.76,339.00,632.00,16.00,64.00,0.2799,8.25,1,0,2.4224,ACCEPT,0,8490,263,16175,3,150,9709,0,0,0,0
8,0,1,1,ACCEPT,14.9502,2.7064,12241,5,0,0.4306,351.72,627.19,38.61,94.76,341.50,623.50,23.00,79.00,0.4225,10.86,1,0,3.1782,ACCEPT,0,10035,239,14959,3,150,12241,0,0,0,0
9,0,1,1,ACCEPT,12.2662,2.4170,10369,5,1,0.4771,357.73,630.16,38.61,94.76,340.50,620.50,37.00,73.00,0.3091,19.76,1,0,2.5293,ACCEPT,0,11355,199,19816,3,150,10369,0,0,0,0
10,0,1,1,ACCEPT,10.4495,1.9539,9756,5,1,0.4273,363.75,633.12,38.61,94.76,350.00,626.50,32.00,81.00,0.3876,15.26,1,0,2.6732,ACCEPT,0,10570,135,20372,3,150,9756,0,0,0,0
11,0,1,1,ACCEPT,22.3400,3.7466,16755,10,2,0.1053,375.78,639.06,37.12,91.11,370.00,644.00,22.00,72.00,0.4683,7.60,1,-1,2.7898,ACCEPT,0,12569,195,13112,3,150,16755,0,0,0,0
12,0,1,1,ACCEPT,16.9886,2.2117,9508,4,1,0.7328,380.41,641.91,35.69,87.61,371.50,640.00,23.00,80.00,0.4908,9.11,1,-1,2.3682,ACCEPT,0,7394,243,14485,3,150,9508,0,0,0,0
13,0,1,1,ACCEPT,16.3331,2.3677,15376,5,1,0.4275,385.95,644.64,34.32,84.24,373.50,637.50,25.00,77.00,0.3560,14.36,1,-1,2.8370,ACCEPT,0,13574,104,15158,3,150,15376,0,0,0,0
14,0,1,1,ACCEPT,16.0233,3.1258,8599,4,1,0.3631,390.27,647.27,34.32,84.24,376.00,641.50,28.00,89.00,0.3400,15.39,1,0,3.2100,ACCEPT,0,8056,81,19360,3,150,8599,0,0,0,0
15,0,1,1,ACCEPT,13.7106,1.4660,6921,7,3,0.4322,397.81,655.14,33.00,81.00,383.50,651.50,31.00,71.00,0.3471,14.77,1,-1,2.5345,ACCEPT,0,8073,135,16928,3,150,6921,0,0,0,0
16,0,1,1,ACCEPT,17.0993,3.1203,13077,3,0,0.6830,400.91,655.14,31.73,77.88,377.50,646.00,47.00,62.00,0.2198,25.13,1,-1,2.6288,ACCEPT,0,16583,146,19424,3,150,13077,0,0,0,0
17,0,1,1,ACCEPT,13.9429,2.4143,10104,3,1,0.7805,403.86,657.58,31.73,77.88,379.50,645.50,49.00,51.00,0.1965,27.19,1,-2,1.6864,LOW_CONF,0,13098,168,23282,3,150,10104,0,0,0,0
18,0,1,1,ACCEPT,18.4207,3.2306,12806,2,-1,0.7012,405.83,655.14,30.51,74.89,385.50,644.50,39.00,77.00,0.2168,22.94,1,-1,2.5894,ACCEPT,0,10852,134,21331,3,150,12806,0,0,0,0
19,0,1,1,ACCEPT,17.6189,2.8957,11881,2,0,0.8378,407.73,655.14,29.34,72.01,399.00,655.00,22.00,62.00,0.4327,8.74,1,-1,2.7815,ACCEPT,0,12648,127,17937,3,150,11881,0,0,0,0
20,0,1,1,ACCEPT,13.2831,1.8701,10755,3,0,0.8737,410.50,655.14,29.34,72.01,394.00,654.00,46.00,62.00,0.3594,16.54,1,5,1.2053,MAX_STEP,0,16567,119,19479,3,150,10755,0,0,0,0
21,0,1,1,ACCEPT,14.1170,1.8384,14134,1,1,0.9018,411.42,657.39,29.34,72.01,393.00,651.50,48.00,41.00,0.2554,19.34,1,-16,1.5910,AT_SEARCH_RAIL,0,17072,133,15078,3,150,14134,0,0,0,0
22,0,1,1,ACCEPT,17.8039,2.4440,13877,2,0,0.8120,413.27,657.39,29.34,72.01,394.50,650.00,49.00,58.00,0.3111,20.17,1,-16,1.7249,AT_SEARCH_RAIL,0,14215,116,15934,3,150,13877,0,0,0,0
23,0,1,1,ACCEPT,20.8086,3.7402,15948,3,-1,0.6220,416.03,655.14,29.34,72.01,403.00,651.50,40.00,87.00,0.3862,13.53,1,14,1.7207,MAX_STEP,0,14121,121,15495,3,150,15948,0,0,0,0
24,0,1,1,ACCEPT,16.0377,3.6072,10919,0,0,1.0000,416.03,655.14,29.34,72.01,412.50,650.50,21.00,67.00,0.6314,5.83,1,-16,1.2886,AT_SEARCH_RAIL,0,15619,122,14323,3,150,10919,0,0,0,0
25,0,1,1,ACCEPT,16.8469,2.0390,11039,2,-2,0.6243,417.88,650.64,29.34,72.01,402.50,646.50,35.00,51.00,0.2816,15.92,1,10,1.3838,MAX_STEP,0,13043,129,14811,3,150,11039,0,0,0,0
26,0,1,1,ACCEPT,14.9946,2.0719,8994,-2,-1,0.8095,416.03,648.39,28.21,69.24,395.50,636.50,43.00,47.00,0.2126,23.73,1,-1,2.1998,ACCEPT,0,10757,93,16466,3,150,8994,0,0,0,0
27,0,1,1,ACCEPT,20.9340,3.3636,9435,-2,0,0.7575,414.28,648.39,27.12,66.58,398.00,641.00,36.00,78.00,0.2738,17.88,1,-1,2.9708,ACCEPT,0,9518,142,16617,3,150,9435,0,0,0,0
28,0,1,1,ACCEPT,17.3050,3.5512,9851,-3,-1,0.7697,411.75,646.31,27.12,66.58,399.50,647.50,17.00,79.00,0.2618,12.31,1,0,3.5664,ACCEPT,0,12081,82,17662,3,150,9851,0,0,0,0
29,0,1,1,ACCEPT,8.5285,1.3327,8901,-7,-1,0.4046,405.84,644.23,27.12,66.58,401.00,639.00,22.00,52.00,0.5328,7.13,1,0,3.1948,ACCEPT,0,18114,89,16216,3,150,8901,0,0,0,0
30,0,1,1,ACCEPT,8.8811,1.2534,7003,-9,-3,0.2854,398.25,638.00,27.12,66.58,385.00,633.50,38.00,69.00,0.3813,13.99,1,-12,1.3788,MAX_STEP,0,10351,77,13460,3,150,7003,0,0,0,0
31,0,1,1,ACCEPT,9.8664,1.0977,9484,-4,1,0.3530,394.88,640.08,26.08,64.02,380.00,630.00,40.00,60.00,0.3017,17.97,1,-1,2.2085,ACCEPT,0,13449,102,14980,3,150,9484,0,0,0,0
32,0,1,1,ACCEPT,7.8656,1.0487,9782,6,-7,0.3483,399.75,626.08,26.08,64.02,382.50,632.50,35.00,81.00,0.2328,18.41,1,-12,1.7737,MAX_STEP,0,17986,166,10800,3,150,9782,0,0,0,0
33,0,1,1,ACCEPT,13.5331,1.5936,9345,-5,-1,0.2770,395.69,624.08,25.08,61.55,381.50,632.00,25.00,72.00,0.2361,16.25,1,-1,2.9747,ACCEPT,0,10882,162,10328,3,150,9345,0,0,0,0
34,0,1,1,ACCEPT,11.1818,1.7520,9310,-9,-2,0.2424,388.66,620.23,25.08,61.55,378.50,628.50,23.00,57.00,0.3299,13.09,1,0,3.4085,ACCEPT,0,13441,111,14558,3,150,9310,0,0,0,0
35,0,1,1,ACCEPT,14.4063,1.4873,8775,-11,0,0.0907,380.06,620.23,24.11,59.19,364.00,627.50,38.00,71.00,0.2661,17.63,1,-1,2.9895,ACCEPT,0,7317,119,13304,3,150,8775,0,0,0,0
36,0,1,1,ACCEPT,15.7130,2.2145,11409,-6,-1,0.3520,375.56,618.39,24.11,59.19,354.50,620.00,47.00,54.00,0.2459,21.12,1,-11,2.1319,MAX_STEP,0,11752,109,12160,3,150,11409,0,0,0,0
37,0,1,1,ACCEPT,20.6481,3.3394,12790,-3,-1,0.5249,373.31,616.55,23.19,56.91,352.50,624.50,43.00,59.00,0.1894,22.28,1,-1,3.6836,ACCEPT,0,11228,82,16019,3,150,12790,0,0,0,0
38,0,1,1,ACCEPT,16.4742,2.0683,11179,-6,-2,0.3524,369.00,612.98,22.29,54.72,352.00,620.50,36.00,89.00,0.1768,18.59,1,-1,3.5186,ACCEPT,0,9530,75,16021,3,150,11179,0,0,0,0
39,0,1,1,ACCEPT,14.6290,2.7016,6419,-12,-1,0.2334,360.56,611.28,22.29,54.72,352.50,626.00,21.00,92.00,0.3086,16.78,1,7,1.4111,MAX_STEP,0,6132,76,13981,3,150,6419,0,0,0,0
40,0,1,1,ACCEPT,13.7971,2.7025,5024,-14,0,0.0985,350.72,611.28,21.44,52.62,338.50,631.00,25.00,54.00,0.1752,23.20,1,-1,2.2001,ACCEPT,0,5081,63,12127,3,150,5024,0,0,0,0
41,0,1,1,ACCEPT,8.2872,1.0885,4699,-4,0,0.7087,348.03,611.28,21.44,52.62,330.00,616.00,34.00,62.00,0.1868,18.64,1,-7,1.7603,MAX_STEP,0,7573,61,14416,3,150,4699,0,0,0,0
42,0,1,1,ACCEPT,11.1752,1.7745,6328,-4,-1,0.4180,345.34,609.64,20.61,50.59,321.00,608.50,44.00,43.00,0.1321,24.37,1,-1,2.5988,ACCEPT,0,7658,62,13909,3,150,6328,0,0,0,0
43,0,1,1,ACCEPT,17.1876,2.6776,9650,-5,-2,0.3039,342.14,606.48,20.61,50.59,321.00,612.00,42.00,60.00,0.1655,21.85,1,0,3.3723,ACCEPT,0,8426,101,13127,3,150,9650,0,0,0,0
44,0,1,1,ACCEPT,18.5125,2.3990,8123,-6,0,0.0643,338.30,606.48,19.82,48.65,321.50,616.00,33.00,78.00,0.1523,19.30,1,-1,3.4028,ACCEPT,0,6403,61,12249,3,150,8123,0,0,0,0
45,0,1,1,ACCEPT,8.2280,1.1207,3091,-6,-7,0.1249,334.55,595.88,19.82,48.65,326.00,629.00,22.00,68.00,0.1450,34.21,1,9,0.9696,MAX_STEP,0,4303,107,10056,3,150,3091,0,0,0,0
46,0,1,1,ACCEPT,6.5274,1.3965,1856,-10,6,0.1923,328.30,604.97,19.82,48.65,320.00,629.50,28.00,59.00,0.2118,25.90,1,5,2.0822,MAX_STEP,0,3094,64,8068,3,150,1856,0,0,0,0
47,0,1,1,ACCEPT,12.6288,1.9273,3895,-13,1,0.4616,320.17,606.48,19.82,48.65,312.00,623.50,26.00,61.00,0.2796,18.88,1,0,3.1319,ACCEPT,0,4219,102,9223,3,150,3895,0,0,0,0
48,0,1,1,ACCEPT,9.4623,1.9627,6161,-5,7,0.0229,317.05,617.09,19.82,48.65,304.50,614.00,27.00,66.00,0.2383,12.92,1,0,3.1861,ACCEPT,0,11610,71,10857,3,150,6161,0,0,0,0
49,0,1,1,ACCEPT,11.0389,2.0336,7315,-1,-1,0.9323,316.42,615.58,19.82,48.65,300.50,609.00,33.00,54.00,0.2061,17.23,1,0,3.0151,ACCEPT,0,13215,108,10373,3,150,7315,0,0,0,0
50,0,1,1,ACCEPT,11.6143,1.8216,6687,-1,3,0.7126,315.80,620.12,19.82,48.65,305.00,613.50,28.00,77.00,0.2570,12.67,1,0,3.3252,ACCEPT,0,9411,64,12796,3,150,6687,0,0,0,0
51,0,1,1,ACCEPT,13.0557,1.6190,7781,-1,1,0.9324,315.17,621.64,19.82,48.65,313.50,617.50,19.00,85.00,0.5028,4.47,1,0,3.3616,ACCEPT,0,8915,66,18902,3,150,7781,0,0,0,0
52,0,1,1,ACCEPT,13.5899,1.8042,18392,2,0,0.8281,316.42,621.64,19.82,48.65,313.00,626.50,20.00,71.00,0.5070,5.94,1,1,1.8551,LOW_CONF,0,19583,127,17957,3,150,18392,0,0,0,0
53,0,1,1,ACCEPT,20.2921,2.5718,20631,-1,-1,0.8840,315.80,620.12,19.82,48.65,313.50,628.50,15.00,59.00,0.5840,8.68,1,1,1.1557,LOW_CONF,0,19402,91,19698,3,150,20631,0,0,0,0
54,0,1,1,ACCEPT,16.3296,1.7872,15726,0,1,0.9869,315.80,621.64,19.82,48.65,307.00,624.50,20.00,59.00,0.3371,9.25,1,0,3.1958,ACCEPT,0,19482,105,16828,3,150,15726,0,0,0,0
55,0,1,1,ACCEPT,10.7445,1.4743,11438,5,0,0.2999,318.92,621.64,19.82,48.65,300.50,609.00,39.00,56.00,0.1608,22.34,1,0,3.4308,ACCEPT,0,23033,72,17019,3,150,11438,0,0,0,0
56,0,1,1,ACCEPT,19.4066,2.8621,13827,4,-1,0.2769,321.42,620.12,19.82,48.65,308.00,611.50,34.00,61.00,0.2580,15.95,1,0,2.6473,ACCEPT,0,11264,81,16686,3,150,13827,0,0,0,0
57,0,1,1,ACCEPT,17.8253,2.5855,17095,4,-1,0.2376,323.92,618.61,19.82,48.65,319.00,618.50,18.00,67.00,0.4568,4.92,1,0,3.1164,ACCEPT,0,16368,86,11506,3,150,17095,0,0,0,0
58,0,1,1,ACCEPT,11.9275,1.9626,13903,1,-1,0.8296,324.55,617.09,19.82,48.65,325.00,612.50,20.00,47.00,0.7912,4.62,1,0,3.1926,ACCEPT,0,15632,93,12563,3,150,13903,0,0,0,0
59,0,1,1,ACCEPT,16.2006,2.7118,17407,4,1,0.3011,327.05,618.61,19.82,48.65,328.50,621.50,19.00,59.00,0.7210,3.24,1,0,2.8124,ACCEPT,0,15984,94,17192,3,150,17407,0,0,0,0
60,0,1,1,ACCEPT,10.5937,1.3112,12109,10,-2,0.0294,333.30,615.58,19.82,48.65,324.50,607.00,19.00,58.00,0.2984,12.29,1,0,3.4470,ACCEPT,0,16377,86,18133,3,150,12109,0,0,0,0
61,0,1,1,ACCEPT,15.2186,2.7623,14157,6,-1,0.1434,337.05,614.06,19.82,48.65,323.50,601.50,25.00,57.00,0.1756,18.48,1,0,3.4875,ACCEPT,0,15390,58,10577,3,150,14157,0,0,0,0
62,0,1,1,ACCEPT,19.5213,3.2354,10554,5,1,0.2835,340.17,615.58,19.82,48.65,325.00,608.00,30.00,44.00,0.1979,16.96,1,0,3.5720,ACCEPT,0,9036,81,11414,3,150,10554,0,0,0,0
63,0,1,1,ACCEPT,20.6160,2.4691,11279,5,1,0.2747,343.30,617.09,19.82,48.65,331.00,608.00,28.00,70.00,0.2394,15.29,1,0,3.5020,ACCEPT,0,10004,113,15052,3,150,11279,0,0,0,0
64,0,1,1,ACCEPT,17.6788,3.2011,10839,6,2,0.0511,347.05,620.12,20.61,50.59,345.00,622.00,26.00,66.00,0.6077,2.78,1,1,2.8115,ACCEPT,0,9890,60,11101,3,150,10839,0,0,0,0
65,0,1,1,ACCEPT,12.4919,1.4323,9317,10,-2,0.1233,353.45,616.97,20.61,50.59,343.50,621.00,25.00,48.00,0.3503,10.74,1,0,3.5076,ACCEPT,0,13030,77,13880,3,150,9317,0,0,0,0
66,0,1,1,ACCEPT,13.5849,2.2871,15040,7,1,0.0842,357.94,618.55,20.61,50.59,337.50,607.50,43.00,39.00,0.1642,23.23,1,0,3.1359,ACCEPT,0,22544,56,10237,3,150,15040,0,0,0,0
67,0,1,1,ACCEPT,16.2929,2.7321,7710,3,2,0.3224,359.86,621.70,20.61,50.59,342.00,612.00,48.00,62.00,0.2356,20.33,1,0,3.5160,ACCEPT,0,7346,81,9914,3,150,7710,0,0,0,0
68,0,1,1,ACCEPT,20.1292,3.2632,7352,6,1,0.1474,363.70,623.28,20.61,50.59,351.00,620.00,42.00,80.00,0.2719,13.12,1,0,3.2168,ACCEPT,0,7080,142,14681,3,150,7352,0,0,0,0
69,0,1,1,ACCEPT,10.6320,1.7920,5498,6,1,0.0678,367.55,624.86,20.61,50.59,372.50,632.00,47.00,70.00,0.3170,8.69,1,0,3.3812,ACCEPT,0,7725,151,21223,3,150,5498,0,0,0,0
70,0,1,1,ACCEPT,8.8913,1.1058,7264,3,0,0.7967,369.47,624.86,20.61,50.59,365.50,629.00,21.00,56.00,0.5949,5.74,1,1,1.7039,LOW_CONF,0,10409,61,20298,3,150,7264,0,0,0,0
71,0,1,1,ACCEPT,7.3657,1.1024,6278,17,0,0.2485,380.36,624.86,21.44,52.62,363.50,620.00,39.00,52.00,0.2513,17.55,1,1,2.3069,ACCEPT,0,13353,90,20493,3,150,6278,0,0,0,0
72,0,1,1,ACCEPT,12.1824,1.3492,6611,6,3,0.1228,384.39,629.78,21.44,52.62,366.00,623.00,40.00,64.00,0.2081,19.60,1,0,3.4794,ACCEPT,0,7791,67,22430,3,150,6611,0,0,0,0
73,0,1,1,ACCEPT,12.8257,3.0174,6249,6,2,0.2119,388.42,633.06,21.44,52.62,376.50,632.00,25.00,80.00,0.2346,11.97,1,0,3.3061,ACCEPT,0,11083,134,32767,3,150,6249,0,0,0,0
74,0,1,1,ACCEPT,13.3815,2.2772,9446,7,3,0.0719,393.12,637.98,21.44,52.62,392.50,639.50,25.00,77.00,0.5859,1.64,1,0,3.3579,ACCEPT,0,9050,77,26526,3,150,9446,0,0,0,0
75,0,1,1,ACCEPT,12.4226,2.3044,6805,12,2,0.1389,401.19,641.27,21.44,52.62,388.50,640.50,25.00,71.00,0.2359,12.71,1,0,3.4672,ACCEPT,0,7522,52,29084,3,150,6805,0,0,0,0
76,0,1,1,ACCEPT,16.3955,2.4809,8502,7,0,0.0759,405.89,641.27,21.44,52.62,387.50,646.00,41.00,60.00,0.2261,18.99,1,0,3.1528,ACCEPT,0,9952,92,32713,3,150,8502,0,0,0,0
77,0,1,1,ACCEPT,12.1418,1.9873,5644,5,1,0.3544,409.25,642.91,21.44,52.62,397.50,638.50,33.00,77.00,0.2851,12.55,1,0,3.1762,ACCEPT,0,7373,114,30268,3,150,5644,0,0,0,0
78,0,1,1,ACCEPT,14.3417,3.2400,5401,6,-1,0.0855,413.28,641.27,21.44,52.62,401.50,635.50,27.00,87.00,0.2318,13.12,1,0,3.1561,ACCEPT,0,6052,100,32610,3,150,5401,0,0,0,0
79,0,1,1,ACCEPT,11.4941,1.5269,5202,3,1,0.7572,415.30,642.91,22.29,54.72,408.50,639.50,27.00,79.00,0.4111,7.60,1,1,2.7116,ACCEPT,0,6501,110,18848,3,150,5202,0,0,0,0
80,0,1,1,ACCEPT,10.6872,1.2853,10318,4,1,0.3817,418.11,644.61,23.19,56.91,398.50,637.00,53.00,54.00,0.2682,21.03,1,1,3.0570,ACCEPT,0,17722,83,22697,3,150,10318,0,0,0,0
81,0,1,1,ACCEPT,11.1187,1.1557,9439,2,1,0.8110,419.55,646.39,23.19,56.91,404.00,642.00,42.00,74.00,0.2806,16.15,1,0,3.1780,ACCEPT,0,14782,103,15318,3,150,9439,0,0,0,0
82,0,1,1,ACCEPT,13.9794,1.7104,6277,0,2,0.5104,419.55,649.95,24.11,59.19,408.00,647.50,32.00,79.00,0.3281,11.80,1,1,2.4979,ACCEPT,0,6797,61,16278,3,150,6277,0,0,0,0
83,0,1,1,ACCEPT,10.0794,1.2566,5461,-6,0,0.7055,415.05,649.95,24.11,59.19,406.00,649.00,34.00,76.00,0.4189,9.10,1,0,3.2520,ACCEPT,0,7447,124,11103,3,150,5461,0,0,0,0
84,0,1,1,ACCEPT,14.6112,2.2773,7465,1,0,0.9819,415.80,649.95,24.11,59.19,401.50,645.50,35.00,67.00,0.3110,14.97,1,0,3.0024,ACCEPT,0,9208,58,13245,3,150,7465,0,0,0,0
85,0,1,1,ACCEPT,17.8952,4.3323,8006,-4,1,0.2382,412.80,651.80,24.11,59.19,395.50,641.50,37.00,75.00,0.2183,20.13,1,0,3.2628,ACCEPT,0,8041,79,14587,3,150,8006,0,0,0,0
86,0,1,1,ACCEPT,12.9261,1.8956,6885,-2,1,0.7766,411.30,653.64,24.11,59.19,396.00,645.00,30.00,86.00,0.2102,17.57,1,0,3.2621,ACCEPT,0,10236,84,12412,3,150,6885,0,0,0,0
87,0,1,1,ACCEPT,11.4318,1.1817,8723,-6,-1,0.8463,406.80,651.80,24.11,59.19,400.00,646.00,18.00,58.00,0.4381,8.93,1,0,3.2045,ACCEPT,0,12437,102,12859,3,150,8723,0,0,0,0
88,0,1,1,ACCEPT,9.8147,1.4104,6922,-7,-1,0.1674,401.55,649.95,23.19,56.91,393.00,652.00,28.00,60.00,0.4718,8.79,1,-1,2.9848,ACCEPT,0,10604,80,13033,3,150,6922,0,0,0,0
89,0,1,1,ACCEPT,10.0570,1.4285,7108,-2,0,0.7012,400.11,649.95,23.19,56.91,389.00,643.50,32.00,55.00,0.3605,12.85,1,0,3.1875,ACCEPT,0,10478,77,13334,3,150,7108,0,0,0,0
90,0,1,1,ACCEPT,7.7720,1.5409,4065,5,-8,0.0121,403.70,635.70,23.19,56.91,382.00,636.00,44.00,58.00,0.2118,21.71,1,0,3.4761,ACCEPT,0,8120,49,14454,3,150,4065,0,0,0,0
91,0,1,1,ACCEPT,10.1322,1.6717,4114,-5,-2,0.2265,400.11,632.14,23.19,56.91,383.50,643.50,35.00,71.00,0.2086,20.12,1,0,3.0119,ACCEPT,0,7208,55,17650,3,150,4114,0,0,0,0
92,0,1,1,ACCEPT,7.8232,1.5014,3827,-11,-1,0.3872,392.20,630.36,23.19,56.91,382.00,651.50,18.00,71.00,0.2066,23.47,1,0,3.2822,ACCEPT,0,5982,57,16579,3,150,3827,0,0,0,0
93,0,1,1,ACCEPT,19.5538,3.5638,9608,-3,-1,0.5341,390.05,628.58,23.19,56.91,380.00,652.00,18.00,64.00,0.1877,25.49,1,0,3.2747,ACCEPT,0,6606,73,14704,3,150,9608,0,0,0,0
94,0,1,1,ACCEPT,15.0651,2.7739,7645,-5,0,0.1181,386.45,628.58,23.19,56.91,372.00,646.00,28.00,58.00,0.1786,22.64,1,0,3.1721,ACCEPT,0,9346,78,13262,3,150,7645,0,0,0,0
95,0,1,1,ACCEPT,13.1215,2.1530,5602,-4,-2,0.5061,383.58,625.02,23.19,56.91,360.50,624.00,43.00,48.00,0.1656,23.10,1,0,3.3301,ACCEPT,0,6944,88,11035,3,150,5602,0,0,0,0
96,0,1,1,ACCEPT,11.7525,1.7302,4976,-5,-1,0.6053,379.98,623.23,23.19,56.91,360.00,627.50,42.00,67.00,0.2101,20.43,1,0,3.2071,ACCEPT,0,5879,84,10955,3,150,4976,0,0,0,0
97,0,1,1,ACCEPT,12.8686,1.8950,5033,-9,0,0.1963,373.52,623.23,23.19,56.91,358.50,639.00,27.00,74.00,0.1778,21.77,1,0,3.2229,ACCEPT,0,5211,82,12803,3,150,5033,0,0,0,0
98,0,1,1,ACCEPT,17.5395,3.5686,5749,-9,0,0.1692,367.05,623.23,23.19,56.91,357.00,640.50,22.00,51.00,0.2323,19.98,1,0,3.0727,ACCEPT,0,4193,73,11061,3,150,5749,0,0,0,0
99,0,1,1,ACCEPT,19.2519,2.5565,6335,-5,1,0.4633,363.45,625.02,23.19,56.91,354.00,644.50,24.00,55.00,0.2428,21.66,1,0,3.3406,ACCEPT,0,5195,62,10414,3,150,6335,0,0,0,0
100,0,1,1,ACCEPT,11.4128,2.2956,2757,-12,0,0.1048,354.83,625.02,23.19,56.91,333.00,622.00,40.00,52.00,0.1734,22.04,1,0,2.8459,ACCEPT,0,2833,63,9826,3,150,2757,0,0,0,0
101,0,1,1,ACCEPT,21.4867,2.9840,8188,-5,0,0.1982,351.23,625.02,23.19,56.91,326.50,630.50,45.00,33.00,0.1237,25.34,1,0,3.2700,ACCEPT,0,6300,57,12349,3,150,8188,0,0,0,0
102,0,1,1,ACCEPT,23.6141,3.2119,11351,-4,-1,0.4336,348.36,623.23,23.19,56.91,325.50,627.50,45.00,69.00,0.1689,23.25,1,0,3.3308,ACCEPT,0,8211,90,15007,3,150,11351,0,0,0,0
103,0,1,1,ACCEPT,15.8125,2.3068,7661,-9,0,0.3520,341.89,623.23,22.29,54.72,328.00,635.50,32.00,73.00,0.2381,18.53,1,-1,2.8948,ACCEPT,0,6560,97,12830,3,150,7661,0,0,0,0
104,0,1,1,ACCEPT,8.5467,1.0304,8501,5,1,0.9078,345.41,624.94,22.29,54.72,332.50,640.00,33.00,50.00,0.2370,19.84,1,0,3.3509,ACCEPT,0,15886,75,16507,3,150,8501,0,0,0,0
105,0,1,0,LOW_PSR,4.4079,1.0344,1112,-3,10,0.0980,345.41,624.94,22.29,54.72,311.00,643.00,32.00,44.00,0.0000,38.86,0,0,0.0000,NOT_RUN,0,3448,63,0,3,150,1112,0,0,0,0
106,0,1,1,ACCEPT,5.4107,1.2297,1301,2,-1,0.3067,346.81,623.23,22.29,54.72,299.50,632.00,51.00,32.00,0.0000,48.12,1,-1,1.7170,LOW_CONF,0,3405,65,11425,3,150,1301,0,0,0,0
107,0,1,1,ACCEPT,8.0808,1.4351,1936,-2,0,0.7727,345.41,623.23,22.29,54.72,296.00,630.50,52.00,31.00,0.0000,49.94,1,-8,1.5457,MAX_STEP,0,3690,61,13248,3,150,1936,0,0,0,0
108,0,1,1,ACCEPT,12.2168,1.7612,3105,1,0,0.9671,346.11,623.23,21.44,52.62,296.00,632.50,54.00,37.00,0.0000,50.96,1,-1,2.0268,ACCEPT,0,4654,43,12856,3,150,3105,0,0,0,0
109,0,1,1,ACCEPT,13.1770,2.3373,3534,-1,0,0.8916,345.44,623.23,21.44,52.62,297.50,635.50,41.00,63.00,0.0000,49.48,1,-2,1.9478,LOW_CONF,0,4850,50,13237,3,150,3534,0,0,0,0
110,0,1,1,ACCEPT,16.0459,2.8618,4390,-1,0,0.9474,344.77,623.23,20.61,50.59,307.50,647.00,27.00,58.00,0.0000,44.20,1,-1,2.0319,ACCEPT,0,5210,57,12533,3,150,4390,0,0,0,0
111,0,1,1,ACCEPT,15.6320,3.1221,4246,-1,-2,0.7452,344.12,620.08,20.61,50.59,298.50,643.50,29.00,51.00,0.0000,51.29,1,-2,1.5996,LOW_CONF,0,4993,59,13075,3,150,4246,0,0,0,0
112,0,1,1,ACCEPT,16.8848,3.1140,5353,0,-1,0.9197,344.12,618.50,19.82,48.65,291.50,631.50,39.00,55.00,0.0000,54.21,1,-1,2.2854,ACCEPT,0,5567,63,13544,3,150,5353,0,0,0,0
113,0,1,1,ACCEPT,15.8211,2.7488,5319,0,-1,0.9152,344.12,616.98,19.06,46.78,285.00,624.00,52.00,50.00,0.0000,59.54,1,-1,2.8558,ACCEPT,0,6267,99,10513,3,150,5319,0,0,0,0
114,0,1,1,ACCEPT,14.9138,2.1081,4309,-1,-1,0.8981,343.53,615.52,18.32,44.98,282.00,618.50,44.00,55.00,0.0000,61.60,1,-1,3.0979,ACCEPT,0,5870,72,12572,3,150,4309,0,0,0,0
115,0,1,1,ACCEPT,14.1265,1.8058,4399,-3,-1,0.1946,341.80,614.11,17.62,43.25,288.50,629.00,41.00,76.00,0.0000,55.34,1,-1,2.9883,ACCEPT,0,6631,111,11771,3,150,4399,0,0,0,0
116,0,1,1,ACCEPT,13.8152,1.6012,4208,-1,0,0.9109,341.25,614.11,16.94,41.58,301.00,636.00,36.00,72.00,0.0000,45.82,1,-1,3.0795,ACCEPT,0,5915,84,10908,3,150,4208,0,0,0,0
117,0,1,1,ACCEPT,13.8409,1.7592,3105,1,-2,0.7424,341.78,611.52,16.94,41.58,303.50,635.00,31.00,48.00,0.0000,44.91,1,0,3.1609,ACCEPT,0,4091,76,10726,3,150,3105,0,0,0,0
118,0,1,1,ACCEPT,12.6910,1.5445,2916,0,-1,0.9324,341.78,610.22,16.94,41.58,301.00,636.00,26.00,58.00,0.0000,48.25,1,0,3.1946,ACCEPT,0,4097,77,8983,3,150,2916,0,0,0,0
119,0,1,1,ACCEPT,13.7756,1.6921,2797,0,0,1.0000,341.78,610.22,16.94,41.58,293.50,626.50,27.00,57.00,0.0000,50.95,1,0,3.1753,ACCEPT,0,3850,90,9869,3,150,2797,0,0,0,0
120,0,1,1,ACCEPT,14.5514,1.5381,3170,-2,0,0.7287,340.72,610.22,16.94,41.58,298.00,630.50,36.00,67.00,0.0000,47.29,1,0,3.2197,ACCEPT,0,3978,89,7667,3,150,3170,0,0,0,0
121,0,1,1,ACCEPT,17.2201,2.1418,3142,0,-1,0.9889,340.72,608.92,16.94,41.58,310.00,629.00,20.00,86.00,0.0000,36.70,1,0,3.3451,ACCEPT,0,3675,83,7672,3,150,3142,0,0,0,0
122,0,1,1,ACCEPT,9.0459,1.6203,4109,7,-4,0.1516,344.44,603.73,16.94,41.58,329.00,633.50,44.00,71.00,0.1163,33.53,1,0,3.2534,ACCEPT,0,9984,229,9705,3,150,4109,0,0,0,0
123,0,1,1,ACCEPT,6.7340,1.0959,2378,-4,8,0.3894,342.31,614.11,16.94,41.58,328.50,631.50,33.00,45.00,0.1521,22.21,1,-12,1.4209,MAX_STEP,0,5052,104,10854,3,150,2378,0,0,0,0
124,0,1,1,ACCEPT,5.8625,1.1194,1444,-2,-9,0.1614,341.25,602.44,16.94,41.58,326.00,626.00,18.00,58.00,0.0345,28.07,1,-1,3.1937,OUT_OF_RANGE,0,3034,214,13844,3,150,1444,0,0,0,0
125,0,1,1,ACCEPT,8.3628,1.5947,4663,-4,9,0.1570,339.12,614.11,16.94,41.58,325.00,622.00,42.00,66.00,0.2248,16.18,1,0,3.2755,ACCEPT,0,8504,171,15444,3,150,4663,0,0,0,0
126,0,1,1,ACCEPT,5.5829,1.0623,2269,-3,-17,0.0048,337.53,592.06,16.94,41.58,333.00,622.50,32.00,81.00,0.1884,30.77,1,-1,2.7326,OUT_OF_RANGE,0,6965,251,20810,3,150,2269,0,0,0,0
127,0,1,1,ACCEPT,9.6244,1.3630,3083,4,4,0.1077,339.66,597.25,16.94,41.58,348.00,628.00,30.00,86.00,0.1795,31.86,1,0,3.4540,ACCEPT,0,6443,173,10386,3,150,3083,0,0,0,0
128,0,1,1,ACCEPT,8.0439,1.3775,1777,0,1,0.9752,339.66,598.55,16.94,41.58,358.50,630.00,33.00,72.00,0.0531,36.67,1,0,3.5081,ACCEPT,0,3722,167,15110,3,150,1777,0,0,0,0
129,0,1,1,ACCEPT,12.0022,1.4829,3467,0,-2,0.9409,339.66,595.95,16.94,41.58,362.50,631.00,25.00,58.00,0.0000,41.83,1,0,3.1964,ACCEPT,0,5639,51,11372,3,150,3467,0,0,0,0
130,0,1,1,ACCEPT,12.5236,1.8361,5624,0,-1,0.9881,339.66,594.66,16.94,41.58,364.00,618.50,34.00,55.00,0.0108,34.08,1,0,3.2747,ACCEPT,0,8181,194,12649,3,150,5624,0,0,0,0
131,0,1,1,ACCEPT,17.1753,2.6715,6938,3,-2,0.2888,341.25,592.06,16.94,41.58,368.50,622.00,41.00,66.00,0.0122,40.48,1,0,3.3419,ACCEPT,0,9268,142,7643,3,150,6938,0,0,0,0
132,0,1,1,ACCEPT,19.4193,2.7906,6505,1,-1,0.8813,341.78,590.77,16.94,41.58,378.50,626.00,27.00,78.00,0.0000,50.89,1,0,3.3374,ACCEPT,0,7413,121,8989,3,150,6505,0,0,0,0
133,0,1,1,ACCEPT,18.1489,1.9885,5878,-2,-1,0.5221,340.72,589.47,16.94,41.58,392.00,623.00,18.00,64.00,0.0000,61.27,1,0,3.3877,ACCEPT,0,6574,113,7667,3,150,5878,0,0,0,0
134,0,1,1,ACCEPT,18.4680,2.1038,6000,-2,-1,0.3680,339.66,588.17,16.94,41.58,394.50,633.00,21.00,52.00,0.0000,70.83,1,0,3.3817,ACCEPT,0,6490,105,6392,3,150,6000,0,0,0,0
135,0,1,1,ACCEPT,17.1744,1.6405,4874,-3,-5,0.1992,338.06,581.69,16.94,41.58,389.50,627.00,47.00,58.00,0.0000,68.55,1,0,3.3475,ACCEPT,0,5534,92,8948,3,150,4874,0,0,0,0
136,0,1,1,ACCEPT,18.7062,2.1231,5673,-1,0,0.9644,337.53,581.69,16.94,41.58,399.00,628.50,32.00,79.00,0.0000,77.26,1,0,3.3002,ACCEPT,0,6381,97,8723,3,150,5673,0,0,0,0
137,0,1,1,ACCEPT,22.3273,2.5798,5526,-2,0,0.4949,336.47,581.69,16.94,41.58,409.50,639.00,17.00,64.00,0.0000,92.83,1,0,3.3404,ACCEPT,0,5043,88,9506,3,150,5526,0,0,0,0
138,0,1,1,ACCEPT,18.6588,2.4474,4890,0,0,1.0000,336.47,581.69,16.94,41.58,410.00,641.00,26.00,46.00,0.0000,94.47,1,0,3.1132,ACCEPT,0,5144,87,9499,3,150,4890,0,0,0,0
139,0,1,1,ACCEPT,16.5060,2.2365,3887,-1,1,0.9537,335.94,582.98,16.94,41.58,408.00,632.50,50.00,67.00,0.0000,87.43,1,0,2.9850,ACCEPT,0,4309,85,11389,3,150,3887,0,0,0,0
140,0,1,1,ACCEPT,10.1327,1.7822,2479,-3,-2,0.1069,334.34,580.39,16.94,41.58,412.00,640.00,24.00,90.00,0.0000,97.90,1,0,3.2841,ACCEPT,0,3809,57,10023,3,150,2479,0,0,0,0
141,0,1,1,ACCEPT,13.6841,1.9983,3573,1,-3,0.5368,334.88,576.50,16.94,41.58,417.00,647.50,14.00,49.00,0.0000,108.56,1,0,3.2131,ACCEPT,0,4380,67,7844,3,150,3573,0,0,0,0
142,0,1,1,ACCEPT,18.1656,2.8603,4299,-1,-1,0.8444,334.34,575.20,16.94,41.58,412.00,646.00,24.00,46.00,0.0000,105.08,1,0,3.2040,ACCEPT,0,4255,71,7948,3,150,4299,0,0,0,0
143,0,1,1,ACCEPT,17.5239,3.5113,4045,0,1,0.9617,334.34,576.50,16.94,41.58,402.00,642.50,46.00,37.00,0.0000,94.52,1,0,3.2335,ACCEPT,0,4258,75,8765,3,150,4045,0,0,0,0
144,0,1,1,ACCEPT,20.4141,4.0904,5068,-1,0,0.9422,333.81,576.50,16.94,41.58,403.50,645.50,47.00,67.00,0.0000,98.07,1,0,3.2573,ACCEPT,0,4414,61,11371,3,150,5068,0,0,0,0
145,0,1,1,ACCEPT,21.4079,4.4131,5256,-1,0,0.9882,333.28,576.50,16.94,41.58,426.00,656.00,22.00,86.00,0.0000,122.14,1,0,3.0234,ACCEPT,0,4262,68,12402,3,150,5256,0,0,0,0
146,0,1,1,ACCEPT,19.9180,4.1894,4667,1,0,0.9653,333.81,576.50,16.94,41.58,429.00,660.50,28.00,47.00,0.0000,126.95,1,0,2.9937,ACCEPT,0,4290,96,11961,3,150,4667,0,0,0,0
147,0,1,1,ACCEPT,13.7290,2.8287,3864,-1,1,0.8219,333.28,577.80,16.94,41.58,422.00,661.50,32.00,51.00,0.0000,121.97,1,0,2.9290,ACCEPT,0,4589,64,11770,3,150,3864,0,0,0,0
148,0,1,1,ACCEPT,11.2896,1.9623,3073,1,-3,0.7947,333.81,573.91,16.94,41.58,407.50,666.50,57.00,43.00,0.0000,118.34,1,0,2.3888,ACCEPT,0,4297,67,8586,3,150,3073,0,0,0,0
149,0,1,1,ACCEPT,15.6959,2.9346,3052,-2,1,0.5593,332.75,575.20,16.94,41.58,410.50,672.00,51.00,72.00,0.0000,124.16,1,0,2.9870,ACCEPT,0,3289,58,9845,3,150,3052,0,0,0,0
150,0,1,1,ACCEPT,14.0939,2.6910,3353,-2,-1,0.5112,331.69,573.91,17.62,43.25,432.50,673.00,37.00,92.00,0.0000,141.36,1,1,2.8386,ACCEPT,0,3902,62,8454,3,150,3353,0,0,0,0
151,0,1,1,ACCEPT,16.1185,2.9677,3398,-1,0,0.8808,331.14,573.91,18.32,44.98,431.50,681.00,35.00,44.00,0.0000,146.77,1,1,2.6970,ACCEPT,0,3431,76,10135,3,150,3398,0,0,0,0
152,0,1,1,ACCEPT,17.1289,3.6506,3479,-1,0,0.9589,330.56,573.91,19.06,46.78,417.00,675.50,30.00,71.00,0.0000,133.39,1,1,2.7895,ACCEPT,0,3449,76,7467,3,150,3479,0,0,0,0
153,0,1,1,ACCEPT,19.6403,3.8832,3258,-1,-1,0.6961,329.97,572.44,19.06,46.78,405.00,672.00,48.00,58.00,0.0000,124.67,1,0,2.9205,ACCEPT,0,2996,72,7917,3,150,3258,0,0,0,0
154,0,1,1,ACCEPT,20.3032,5.2473,3458,0,0,1.0000,329.97,572.44,19.06,46.78,399.50,671.50,57.00,77.00,0.0000,121.03,1,0,2.8354,ACCEPT,0,3019,85,7408,3,150,3458,0,0,0,0
155,0,1,1,ACCEPT,17.5923,3.5716,2693,-2,0,0.5462,328.78,572.44,19.06,46.78,431.50,686.50,43.00,93.00,0.0000,153.50,1,0,2.7197,ACCEPT,0,2531,69,8138,3,150,2693,0,0,0,0
156,0,1,1,ACCEPT,18.6120,3.9007,2750,-2,-1,0.4189,327.59,570.97,19.06,46.78,429.50,694.00,35.00,62.00,0.0000,159.75,1,0,2.7881,ACCEPT,0,2499,91,10486,3,150,2750,0,0,0,0
157,0,1,1,ACCEPT,16.3209,3.7065,2728,-2,-1,0.5396,326.41,569.50,19.06,46.78,420.00,685.00,36.00,60.00,0.0000,148.66,1,0,2.7849,ACCEPT,0,2753,77,9722,3,150,2728,0,0,0,0
158,0,1,1,ACCEPT,15.3440,2.3369,2435,1,-1,0.9023,327.00,568.03,19.06,46.78,404.50,670.50,41.00,71.00,0.0000,128.48,1,0,2.7051,ACCEPT,0,2588,78,10591,3,150,2435,0,0,0,0
159,0,1,1,ACCEPT,17.2165,2.8728,2755,-2,1,0.6512,325.81,569.50,19.06,46.78,402.50,661.00,47.00,52.00,0.0000,119.39,1,0,2.6413,ACCEPT,0,2478,75,9077,3,150,2755,0,0,0,0
160,0,1,1,ACCEPT,18.7830,3.9006,3179,-5,1,0.0897,322.84,570.97,19.82,48.65,404.00,664.00,58.00,96.00,0.0000,123.46,1,1,2.7142,ACCEPT,0,2712,82,9672,3,150,3179,0,0,0,0
161,0,1,1,ACCEPT,17.7165,3.2699,3744,-2,-1,0.6250,321.59,569.45,19.82,48.65,427.00,675.00,48.00,80.00,0.0000,149.17,1,0,2.7314,ACCEPT,0,3106,114,8011,3,150,3744,0,0,0,0
162,0,1,1,ACCEPT,18.6893,3.9901,3619,0,-1,0.8922,321.59,567.94,20.61,50.59,423.50,663.50,43.00,55.00,0.0000,139.70,1,1,2.7152,ACCEPT,0,3128,113,10084,3,150,3619,0,0,0,0
163,0,1,1,ACCEPT,17.2481,3.7247,3490,-1,-3,0.3138,320.95,563.20,20.61,50.59,407.50,647.00,39.00,78.00,0.0000,120.47,1,0,2.8575,ACCEPT,0,3014,84,9762,3,150,3490,0,0,0,0
164,0,1,1,ACCEPT,17.7542,2.9934,3158,0,0,1.0000,320.95,563.20,20.61,50.59,394.50,636.50,55.00,59.00,0.0000,103.83,1,0,2.9144,ACCEPT,0,2814,68,9935,3,150,3158,0,0,0,0
165,0,1,1,ACCEPT,15.2999,3.3596,3064,2,-1,0.4758,322.23,561.62,20.61,50.59,398.50,615.50,53.00,91.00,0.0000,93.38,1,0,2.8824,ACCEPT,0,2960,71,9555,3,150,3064,0,0,0,0
166,0,1,1,ACCEPT,17.3428,3.8730,3567,0,-1,0.9156,322.23,560.05,20.61,50.59,416.00,607.00,50.00,94.00,0.0000,104.86,1,0,2.8118,ACCEPT,0,3241,81,11486,3,150,3567,0,0,0,0
167,0,1,1,ACCEPT,19.8018,4.3920,3843,-1,0,0.8535,321.59,560.05,20.61,50.59,424.00,605.00,50.00,68.00,0.0000,111.84,1,0,2.7104,ACCEPT,0,3111,69,11028,3,150,3843,0,0,0,0
168,0,1,1,ACCEPT,22.7846,4.5811,3871,-2,0,0.4689,320.31,560.05,20.61,50.59,412.50,587.00,43.00,60.00,0.0000,96.05,1,0,2.8395,ACCEPT,0,2579,90,9694,3,150,3871,0,0,0,0
169,0,1,1,ACCEPT,22.1164,4.4053,3304,1,-3,0.4552,320.95,555.31,20.61,50.59,395.00,577.50,40.00,73.00,0.0000,77.30,1,0,2.8316,ACCEPT,0,2557,88,10328,3,150,3304,0,0,0,0
170,0,1,1,ACCEPT,21.8220,6.2102,3515,-2,-2,0.3533,319.67,552.16,20.61,50.59,381.50,542.00,71.00,72.00,0.0000,62.66,1,0,2.8173,ACCEPT,0,3325,89,13027,3,150,3515,0,0,0,0
171,0,1,1,ACCEPT,23.4871,6.1461,4081,-1,-1,0.7346,319.03,550.58,21.44,52.62,386.00,522.50,58.00,91.00,0.0000,72.62,1,1,2.8542,ACCEPT,0,3063,75,10930,3,150,4081,0,0,0,0
172,0,1,1,ACCEPT,19.1617,4.8320,3682,0,-2,0.7311,319.03,547.30,22.29,54.72,409.50,512.00,37.00,66.00,0.0000,97.11,1,1,2.8307,ACCEPT,0,4147,81,12131,3,150,3682,0,0,0,0
173,0,1,1,ACCEPT,18.2294,3.9521,3383,0,0,1.0000,319.03,547.30,22.29,54.72,412.50,491.50,49.00,67.00,0.0000,108.86,1,0,2.7773,ACCEPT,0,3255,75,11379,3,150,3383,0,0,0,0
174,0,1,1,ACCEPT,16.8295,2.9345,3134,-1,0,0.8405,318.33,547.30,22.29,54.72,397.50,477.50,51.00,61.00,0.0000,105.55,1,0,2.6873,ACCEPT,0,3493,71,11660,3,150,3134,0,0,0,0
175,0,1,1,ACCEPT,18.4930,4.0550,3390,0,0,1.0000,318.33,547.30,22.29,54.72,364.50,446.00,81.00,56.00,0.0000,111.32,1,0,2.7178,ACCEPT,0,3297,69,11920,3,150,3390,0,0,0,0
176,0,1,1,ACCEPT,20.6988,5.1989,3634,0,-1,0.9656,318.33,545.59,22.29,54.72,370.00,421.50,76.00,63.00,0.0000,134.42,1,0,2.7274,ACCEPT,0,3172,74,10969,3,150,3634,0,0,0,0
177,0,1,1,ACCEPT,20.6802,4.3128,3433,0,0,1.0000,318.33,545.59,23.19,56.91,378.50,396.50,37.00,71.00,0.0000,160.78,1,1,2.3284,ACCEPT,0,2672,67,12827,3,150,3433,0,0,0,0
178,0,1,1,ACCEPT,15.8536,3.2729,4042,0,-1,0.9523,318.33,543.81,23.19,56.91,398.50,378.50,41.00,69.00,0.0000,183.73,1,1,1.2916,LOW_CONF,0,3730,70,11181,3,150,4042,0,0,0,0
179,0,1,1,ACCEPT,19.1919,4.4628,3896,-1,0,0.8706,317.61,543.81,23.19,56.91,394.50,352.50,47.00,69.00,0.0000,206.19,1,1,1.5348,LOW_CONF,0,3188,72,12457,3,150,3896,0,0,0,0
180,0,1,1,ACCEPT,21.1488,4.7093,3937,-3,-1,0.1801,315.45,542.03,24.11,59.19,350.00,317.50,68.00,59.00,0.0000,227.17,1,1,2.0165,ACCEPT,0,2786,69,11056,3,150,3937,0,0,0,0
181,0,1,1,ACCEPT,18.0701,4.4378,3284,-1,1,0.9836,314.70,543.88,24.11,59.19,346.50,293.00,73.00,56.00,0.0000,252.88,1,2,1.3541,LOW_CONF,0,2570,144,8486,3,150,3284,0,0,0,0
182,0,1,1,ACCEPT,20.5329,5.3032,3341,-2,0,0.5103,313.20,543.88,24.11,59.19,350.50,267.00,61.00,58.00,0.0000,279.38,1,1,1.9875,LOW_CONF,0,2562,142,7649,3,150,3341,0,0,0,0
183,0,1,1,ACCEPT,19.6119,4.7174,2604,0,-1,0.9904,313.20,542.03,24.11,59.19,362.50,240.00,37.00,54.00,0.0000,306.03,1,3,1.2176,MAX_STEP,0,2139,158,8354,3,150,2604,0,0,0,0
184,0,1,1,ACCEPT,22.2388,5.1523,2875,-1,-1,0.8675,312.45,540.19,24.11,59.19,366.50,216.50,19.00,55.00,0.0000,328.17,1,2,1.3670,LOW_CONF,0,2085,193,8660,3,150,2875,0,0,0,0
185,0,1,1,ACCEPT,21.2167,5.3322,3018,-1,0,0.9158,311.70,540.19,24.11,59.19,351.50,161.00,15.00,60.00,0.0000,381.27,1,9,1.3990,MAX_STEP,0,2303,123,9169,3,150,3018,0,0,0,0
186,0,1,1,ACCEPT,23.3285,6.2220,3559,-1,-1,0.8477,310.95,538.34,24.11,59.19,342.50,140.50,29.00,61.00,0.0000,399.09,1,2,1.7419,LOW_CONF,0,2804,169,8195,3,150,3559,0,0,0,0
187,0,1,1,ACCEPT,23.1515,6.5205,2856,0,0,1.0000,310.95,538.34,24.11,59.19,333.50,113.50,49.00,61.00,0.0000,425.44,1,3,1.2529,MAX_STEP,0,2497,141,9861,3,150,2856,0,0,0,0
188,0,1,1,ACCEPT,24.5434,6.4374,3135,-1,0,0.9876,310.20,538.34,24.11,59.19,316.00,86.00,72.00,60.00,0.0000,452.38,1,3,1.4291,MAX_STEP,0,2627,167,10383,3,150,3135,0,0,0,0
0,0,0,0,ZERO_RESPONSE,0.0000,0.0000,0,0,0,0.0000,305.00,613.50,28.00,77.00,305.00,613.50,28.00,77.00,1.0000,0.00,1,0,0.0000,NOT_RUN,0,0,547,18047,4,200,0,0,0,0,0
1,0,1,1,ACCEPT,8.9125,2.1261,5075,0,-1,0.8969,305.00,611.09,28.00,77.00,300.50,609.00,33.00,54.00,0.5541,4.96,1,0,3.0141,ACCEPT,0,9433,478,18258,4,200,5075,0,0,0,0
2,0,1,1,ACCEPT,5.0148,1.2330,3958,-3,8,0.7468,302.38,630.34,26.92,74.04,304.50,614.00,27.00,66.00,0.5459,16.48,1,-1,2.0090,ACCEPT,0,13159,420,22837,4,200,3958,0,0,0,0
3,0,1,1,ACCEPT,5.5955,1.0558,3824,10,1,0.3530,310.81,632.66,26.92,74.04,312.00,623.50,26.00,61.00,0.7010,9.23,1,0,2.7730,ACCEPT,0,8039,356,11154,4,200,3824,0,0,0,0
4,0,1,1,ACCEPT,7.2496,1.0362,5146,7,0,0.0309,316.72,632.66,26.92,74.04,320.00,629.50,28.00,59.00,0.6430,4.55,1,0,3.0430,ACCEPT,0,9145,323,15486,4,200,5146,0,0,0,0
5,0,1,1,ACCEPT,9.9465,1.5155,6962,-5,-6,0.0810,312.50,618.78,26.92,74.04,326.00,629.00,22.00,68.00,0.2361,16.93,1,0,2.8643,ACCEPT,0,7408,195,20861,4,200,6962,0,0,0,0
6,0,1,1,ACCEPT,14.3897,2.5314,13148,8,0,0.1518,319.25,618.78,26.92,74.04,321.50,616.00,33.00,78.00,0.7597,3.58,1,0,3.1887,ACCEPT,0,9271,276,15521,4,200,13148,0,0,0,0
7,0,1,1,ACCEPT,8.1054,1.3531,6764,3,-3,0.0699,321.78,611.84,26.92,74.04,321.00,612.00,42.00,60.00,0.5574,0.80,1,0,3.0988,ACCEPT,0,13218,140,14306,4,200,6764,0,0,0,0
8,0,1,1,ACCEPT,5.2663,1.0056,2516,6,1,0.3215,326.84,614.16,26.92,74.04,321.00,608.50,44.00,43.00,0.4244,8.13,1,0,2.8372,ACCEPT,0,6936,149,13957,4,200,2516,0,0,0,0
9,0,1,1,ACCEPT,6.3331,1.3851,4381,4,1,0.5501,330.22,616.47,26.92,74.04,330.00,616.00,34.00,62.00,0.6863,0.52,1,0,2.9326,ACCEPT,0,11884,153,16439,4,200,4381,0,0,0,0
10,0,1,1,ACCEPT,7.3552,1.5379,7271,-5,9,0.1452,326.00,637.28,26.92,74.04,338.50,631.00,25.00,54.00,0.2778,13.99,1,0,3.3283,ACCEPT,0,13014,145,15718,4,200,7271,0,0,0,0
11,0,1,1,ACCEPT,5.4014,1.2109,1860,1,5,0.3699,326.84,648.84,26.92,74.04,352.50,626.00,21.00,92.00,0.0000,34.35,1,0,3.0479,ACCEPT,0,5985,67,10628,4,200,1860,0,0,0,0
12,0,1,1,ACCEPT,8.7822,1.6016,4193,-1,4,0.5969,326.00,658.09,26.92,74.04,352.00,620.50,36.00,89.00,0.0484,45.71,1,0,3.1905,ACCEPT,0,10444,87,8865,4,200,4193,0,0,0,0
13,0,1,1,ACCEPT,6.5219,1.3970,3044,2,-1,0.6403,327.69,655.78,26.92,74.04,352.50,624.50,43.00,59.00,0.0857,39.93,1,0,3.1366,ACCEPT,0,5797,127,6892,4,200,3044,0,0,0,0
14,0,1,1,ACCEPT,6.9797,1.3280,2486,0,0,1.0000,327.69,655.78,26.92,74.04,354.50,620.00,47.00,54.00,0.0675,44.71,1,0,2.9445,ACCEPT,0,8121,84,10242,4,200,2486,0,0,0,0
15,0,1,1,ACCEPT,9.3577,1.9422,3123,0,1,0.9177,327.69,658.09,26.92,74.04,364.00,627.50,38.00,71.00,0.0000,47.48,1,0,3.0640,ACCEPT,0,8209,76,10481,4,200,3123,0,0,0,0
16,0,1,1,ACCEPT,6.7544,1.4161,3788,2,1,0.4908,329.38,660.41,28.00,77.00,378.50,628.50,23.00,57.00,0.0000,58.58,1,1,2.6226,ACCEPT,0,12388,71,10337,4,200,3788,0,0,0,0
17,0,1,1,ACCEPT,8.8032,1.6743,4770,1,1,0.6954,330.25,662.81,28.00,77.00,381.50,632.00,25.00,72.00,0.0000,59.80,1,0,2.8067,ACCEPT,0,12236,77,9789,4,200,4770,0,0,0,0
18,0,1,1,ACCEPT,9.6042,1.7405,4877,0,0,1.0000,330.25,662.81,28.00,77.00,382.50,632.50,35.00,81.00,0.0000,60.41,1,0,2.6733,ACCEPT,0,11790,104,9046,4,200,4877,0,0,0,0
19,0,1,1,ACCEPT,10.7716,1.7958,5100,0,0,1.0000,330.25,662.81,28.00,77.00,380.00,630.00,40.00,60.00,0.0000,59.60,1,0,2.6797,ACCEPT,0,10981,104,9458,4,200,5100,0,0,0,0
20,0,1,1,ACCEPT,11.6272,1.8786,5012,0,1,0.9569,330.25,665.22,28.00,77.00,385.00,633.50,38.00,69.00,0.0000,63.27,1,0,2.7471,ACCEPT,0,9606,82,12808,4,200,5012,0,0,0,0
21,0,1,1,ACCEPT,11.3275,1.9737,5187,1,0,0.7102,331.12,665.22,29.12,80.08,401.00,639.00,22.00,52.00,0.0000,74.63,1,1,2.7235,ACCEPT,0,10139,73,13601,4,200,5187,0,0,0,0
22,0,1,1,ACCEPT,12.2289,2.0215,5167,1,0,0.8947,332.03,665.22,30.28,83.28,399.50,647.50,17.00,79.00,0.0000,69.76,1,1,2.6897,ACCEPT,0,8796,93,10213,4,200,5167,0,0,0,0
23,0,1,1,ACCEPT,12.5855,2.0856,4995,0,0,1.0000,332.03,665.22,31.50,86.61,398.00,641.00,36.00,78.00,0.0000,70.27,1,1,2.4324,ACCEPT,0,7569,101,8178,4,200,4995,0,0,0,0
24,0,1,1,ACCEPT,12.5653,2.2037,4447,0,0,1.0000,332.03,665.22,32.76,90.08,395.50,636.50,43.00,47.00,0.0000,69.66,1,1,2.3610,ACCEPT,0,6474,75,9766,4,200,4447,0,0,0,0
25,0,1,1,ACCEPT,12.8953,2.2482,4139,1,0,0.9816,333.06,665.22,32.76,90.08,402.50,646.50,35.00,51.00,0.0000,71.92,1,0,2.6469,ACCEPT,0,5580,106,9261,4,200,4139,0,0,0,0
26,0,1,1,ACCEPT,14.1349,2.0425,4661,-1,0,0.6958,332.03,665.22,32.76,90.08,412.50,650.50,21.00,67.00,0.0000,81.80,1,0,2.7071,ACCEPT,0,6118,93,11037,4,200,4661,0,0,0,0
27,0,1,1,ACCEPT,15.0492,2.1182,5037,-1,1,0.9948,331.00,668.03,34.07,93.68,403.00,651.50,40.00,87.00,0.0000,73.87,1,1,2.2778,ACCEPT,0,6193,94,13942,4,200,5037,0,0,0,0
28,0,1,1,ACCEPT,14.5202,1.8740,5294,-1,0,0.8177,329.94,668.03,34.07,93.68,394.50,650.00,49.00,58.00,0.0000,67.03,1,0,2.3258,ACCEPT,0,6111,85,15692,4,200,5294,0,0,0,0
29,0,1,1,ACCEPT,15.8584,2.2732,6224,0,0,1.0000,329.94,668.03,34.07,93.68,393.00,651.50,48.00,41.00,0.0000,65.19,1,0,2.3429,ACCEPT,0,6840,90,13638,4,200,6224,0,0,0,0
30,0,1,1,ACCEPT,16.7266,2.5250,6060,0,0,1.0000,329.94,668.03,35.43,97.43,394.00,654.00,46.00,62.00,0.0000,65.58,1,1,2.0620,ACCEPT,0,6529,106,13957,4,200,6060,0,0,0,0
31,0,1,1,ACCEPT,14.2458,2.0134,5255,-1,0,0.8921,328.83,668.03,35.43,97.43,399.00,655.00,22.00,62.00,0.0000,71.37,1,1,1.9510,LOW_CONF,0,5717,94,14537,4,200,5255,0,0,0,0
32,0,1,1,ACCEPT,16.2279,2.0334,5486,0,0,1.0000,328.83,668.03,35.43,97.43,385.50,644.50,39.00,77.00,0.0000,61.36,1,1,1.9478,LOW_CONF,0,6236,103,13070,4,200,5486,0,0,0,0
33,0,1,1,ACCEPT,16.5090,2.0310,4712,0,0,1.0000,328.83,668.03,35.43,97.43,379.50,645.50,49.00,51.00,0.0000,55.46,1,1,1.7743,LOW_CONF,0,5288,95,13879,4,200,4712,0,0,0,0
34,0,1,1,ACCEPT,18.0029,2.5407,4807,0,0,1.0000,328.83,668.03,35.43,97.43,377.50,646.00,47.00,62.00,0.0000,53.43,1,1,1.8438,LOW_CONF,0,4991,112,13780,4,200,4807,0,0,0,0
35,0,1,1,ACCEPT,18.3344,2.4736,4915,0,0,1.0000,328.83,668.03,36.85,101.33,383.50,651.50,31.00,71.00,0.0000,57.12,1,1,2.1095,ACCEPT,0,5228,94,13609,4,200,4915,0,0,0,0
36,0,1,1,ACCEPT,18.8043,3.3941,3893,0,0,1.0000,328.83,668.03,38.32,105.38,376.00,641.50,28.00,89.00,0.0000,54.12,1,1,2.3057,ACCEPT,0,3774,96,13426,4,200,3893,0,0,0,0
37,0,1,1,ACCEPT,17.1043,2.6926,3985,0,-1,0.9799,328.83,664.73,38.32,105.38,373.50,637.50,25.00,77.00,0.0000,52.32,1,1,1.7784,LOW_CONF,0,4368,115,12995,4,200,3985,0,0,0,0
38,0,1,1,ACCEPT,18.9129,3.5886,4457,0,1,0.9904,328.83,668.03,38.32,105.38,371.50,640.00,23.00,80.00,0.0000,51.06,1,1,1.8577,LOW_CONF,0,4437,106,13807,4,200,4457,0,0,0,0
39,0,1,1,ACCEPT,19.8316,3.4659,4069,0,0,1.0000,328.83,668.03,38.32,105.38,370.00,644.00,22.00,72.00,0.0000,47.67,1,1,1.1759,LOW_CONF,0,4039,92,15454,4,200,4069,0,0,0,0
40,0,1,1,ACCEPT,9.3901,1.5347,4030,1,1,0.8141,330.03,671.33,38.32,105.38,350.00,626.50,32.00,81.00,0.1246,49.07,1,2,1.5002,LOW_CONF,0,5775,124,18926,4,200,4030,0,0,0,0
41,0,1,1,ACCEPT,6.8899,1.0927,4056,1,-2,0.6748,331.23,664.73,38.32,105.38,340.50,620.50,37.00,73.00,0.2337,45.19,1,15,1.3200,MAX_STEP,0,7600,132,15317,4,200,4056,0,0,0,0
42,0,1,1,ACCEPT,7.1183,1.4730,4989,-5,-1,0.4799,325.22,661.44,38.32,105.38,341.50,623.50,23.00,79.00,0.1537,41.28,1,14,1.9236,MAX_STEP,0,9747,131,18360,4,200,4989,0,0,0,0
43,0,1,1,ACCEPT,6.0332,1.1494,3677,-1,-5,0.7329,324.02,644.95,38.32,105.38,339.00,632.00,16.00,64.00,0.1819,19.81,1,0,3.0369,ACCEPT,0,11818,136,15166,4,200,3677,0,0,0,0
44,0,1,1,ACCEPT,6.9387,1.1763,4883,-1,0,0.9310,322.81,644.95,38.32,105.38,336.00,625.00,28.00,76.00,0.2972,23.92,1,2,1.3853,LOW_CONF,0,11302,122,16901,4,200,4883,0,0,0,0
45,0,1,1,ACCEPT,6.3163,1.2752,3443,-22,3,0.2759,296.34,654.84,38.32,105.38,309.50,620.00,33.00,70.00,0.2305,37.24,1,0,3.1742,ACCEPT,0,6565,95,19109,4,200,3443,0,0,0,0
46,0,1,1,ACCEPT,10.5710,1.4477,7302,-5,-1,0.1454,290.33,651.55,38.32,105.38,300.50,612.00,37.00,62.00,0.2371,40.83,1,4,1.3787,MAX_STEP,0,9899,150,19049,4,200,7302,0,0,0,0
47,0,1,1,ACCEPT,11.8018,1.9151,7877,-7,0,0.4589,281.91,651.55,38.32,105.38,296.50,615.00,35.00,58.00,0.1964,39.35,1,3,1.7986,MAX_STEP,0,10103,140,20753,4,200,7877,0,0,0,0
48,0,1,1,ACCEPT,11.0378,2.5331,6396,-3,1,0.8216,278.30,654.84,41.45,113.98,293.50,619.50,25.00,61.00,0.1770,38.47,1,2,2.3228,ACCEPT,0,8698,98,20804,4,200,6396,0,0,0,0
49,0,1,1,ACCEPT,8.2724,1.6201,3655,0,-4,0.8758,278.30,640.59,43.10,118.54,296.50,619.00,29.00,62.00,0.1908,28.24,1,1,2.5350,ACCEPT,0,7111,118,14329,4,200,3655,0,0,0,0
50,0,1,1,ACCEPT,10.4675,1.9619,6545,-6,0,0.2672,270.23,640.59,43.10,118.54,289.50,620.50,33.00,81.00,0.2381,27.84,1,0,3.0652,ACCEPT,0,9052,146,14666,4,200,6545,0,0,0,0
51,0,1,1,ACCEPT,13.5034,2.4781,8413,-4,6,0.1121,264.86,662.81,43.10,118.54,280.00,618.00,26.00,86.00,0.1790,47.30,1,-12,1.0401,MAX_STEP,0,9825,157,14432,4,200,8413,0,0,0,0
52,0,1,1,ACCEPT,23.8815,4.4994,14371,-5,-1,0.2246,258.14,659.11,43.10,118.54,273.00,615.50,24.00,83.00,0.1771,46.07,1,0,2.9880,ACCEPT,0,9896,143,16108,4,200,14371,0,0,0,0
53,0,1,1,ACCEPT,19.2852,4.2192,10164,-2,0,0.8805,255.45,659.11,44.83,123.28,269.00,615.00,26.00,78.00,0.1957,46.14,1,1,3.0241,ACCEPT,0,9408,119,15223,4,200,10164,0,0,0,0
54,0,1,1,ACCEPT,16.0594,2.4125,6820,-1,0,0.9969,254.05,659.11,46.62,128.21,268.00,615.00,26.00,64.00,0.1794,46.26,1,1,3.0926,ACCEPT,0,7343,130,13803,4,200,6820,0,0,0,0
55,0,1,1,ACCEPT,19.4848,3.4151,10505,1,-3,0.2738,255.50,647.11,46.62,128.21,260.50,612.50,31.00,73.00,0.3303,34.97,1,5,1.8819,MAX_STEP,0,7763,247,9460,4,200,10505,0,0,0,0
56,0,1,1,ACCEPT,13.3789,2.1638,6950,2,-2,0.5876,258.41,639.11,46.62,128.21,270.00,615.50,22.00,71.00,0.2613,26.30,1,-5,1.6541,MAX_STEP,0,7553,279,9355,4,200,6950,0,0,0,0
57,0,1,1,ACCEPT,11.3447,2.0610,5371,1,-1,0.9575,259.86,635.11,46.62,128.21,274.50,623.00,25.00,58.00,0.1981,19.00,1,-8,1.6416,MAX_STEP,0,6223,229,13365,4,200,5371,0,0,0,0
58,0,1,1,ACCEPT,19.0154,2.7490,9726,-1,1,0.8519,258.41,639.11,46.62,128.21,278.00,624.50,32.00,71.00,0.2044,24.44,1,0,2.6386,ACCEPT,0,9225,187,19622,4,200,9726,0,0,0,0
59,0,1,1,ACCEPT,19.8029,2.8811,15123,-3,6,0.2874,254.05,663.11,46.62,128.21,268.00,616.00,26.00,88.00,0.1976,49.13,1,0,2.8000,ACCEPT,0,12755,176,18796,4,200,15123,0,0,0,0
60,0,1,1,ACCEPT,8.6820,1.1591,6264,2,-6,0.0998,256.95,639.11,46.62,128.21,257.50,604.50,43.00,67.00,0.4405,34.61,1,0,2.9522,ACCEPT,0,10400,155,21154,4,200,6264,0,0,0,0
61,0,1,1,ACCEPT,17.6099,2.7028,13568,0,-1,0.9650,256.95,635.11,46.62,128.21,254.00,607.00,42.00,54.00,0.3715,28.26,1,0,2.9711,ACCEPT,0,13962,143,22013,4,200,13568,0,0,0,0
62,0,1,1,ACCEPT,12.4457,1.4187,9247,0,0,1.0000,256.95,635.11,46.62,128.21,263.00,613.50,30.00,67.00,0.3363,22.44,1,0,3.0293,ACCEPT,0,9749,254,26069,4,200,9247,0,0,0,0
63,0,1,1,ACCEPT,19.1611,3.8189,11659,-1,0,0.9127,255.50,635.11,46.62,128.21,266.50,615.00,21.00,72.00,0.2530,22.92,1,-7,1.9032,MAX_STEP,0,14070,293,19097,4,200,11659,0,0,0,0
64,0,1,1,ACCEPT,21.5143,3.8755,9464,1,0,0.8977,256.95,635.11,46.62,128.21,271.00,622.00,22.00,70.00,0.2326,19.21,1,0,3.4429,ACCEPT,0,8204,238,26237,4,200,9464,0,0,0,0
65,0,1,1,ACCEPT,12.3682,1.6058,11186,0,1,0.9852,256.95,639.11,46.62,128.21,260.50,603.50,51.00,59.00,0.4127,35.79,1,0,3.0455,ACCEPT,0,15215,275,25026,4,200,11186,0,0,0,0
66,0,1,1,ACCEPT,13.6148,1.9757,9088,1,0,0.8719,258.41,639.11,46.62,128.21,261.50,599.50,53.00,51.00,0.3671,39.73,1,0,1.9494,LOW_CONF,0,12212,178,32702,4,200,9088,0,0,0,0
67,0,1,1,ACCEPT,14.5902,2.1928,9578,2,1,0.5181,261.31,643.11,44.83,123.28,260.50,602.50,59.00,53.00,0.3267,40.62,1,-1,2.9000,ACCEPT,1,11438,156,32767,4,200,9578,0,0,0,1
68,0,1,1,ACCEPT,13.6767,1.5318,8641,2,0,0.7698,264.12,643.11,43.10,118.54,261.50,610.50,59.00,45.00,0.3330,32.71,1,-1,2.6095,ACCEPT,1,12019,154,32767,4,200,8641,0,0,0,1
69,0,1,1,ACCEPT,8.9681,1.0383,6530,0,1,0.9469,264.12,646.81,43.10,118.54,272.00,629.00,46.00,52.00,0.3409,19.48,1,-4,1.4177,MAX_STEP,0,10154,229,18125,4,200,6530,0,0,0,0
70,0,1,1,ACCEPT,10.9754,1.2274,7724,-3,5,0.2386,260.09,665.33,43.10,118.54,276.50,633.50,39.00,55.00,0.2295,35.81,1,0,2.9495,ACCEPT,0,12987,163,25559,4,200,7724,0,0,0,0
71,0,1,1,ACCEPT,7.8726,1.3421,6100,5,-4,0.2851,266.81,650.52,43.10,118.54,275.00,618.00,60.00,44.00,0.3240,33.53,1,0,2.9700,ACCEPT,0,13529,180,19237,4,200,6100,0,0,0,0
72,0,1,1,ACCEPT,9.8882,1.6957,7907,0,-2,0.7595,266.81,643.11,43.10,118.54,274.50,614.00,59.00,42.00,0.3134,30.11,1,0,2.4405,ACCEPT,0,18218,193,16178,4,200,7907,0,0,0,0
73,0,1,1,ACCEPT,6.1686,1.1760,4169,6,1,0.7760,274.88,646.81,43.10,118.54,278.00,610.50,54.00,55.00,0.3683,36.45,1,0,2.6270,ACCEPT,0,10904,141,14853,4,200,4169,0,0,0,0
74,0,1,1,ACCEPT,10.0663,1.1572,8214,1,1,0.8342,276.22,650.52,41.45,113.98,282.50,620.50,45.00,57.00,0.3911,30.67,1,-1,2.4294,ACCEPT,0,15289,139,15221,4,200,8214,0,0,0,0
75,0,1,1,ACCEPT,9.8016,1.5983,6238,5,0,0.1698,282.70,650.52,41.45,113.98,297.50,641.50,25.00,67.00,0.2391,17.33,1,-7,1.9496,MAX_STEP,0,10375,277,13954,4,200,6238,0,0,0,0
76,0,1,1,ACCEPT,16.9026,3.1280,8067,1,1,0.7641,284.00,654.08,41.45,113.98,302.00,630.50,28.00,85.00,0.2176,29.66,1,0,2.2794,ACCEPT,0,9961,248,15419,4,200,8067,0,0,0,0
77,0,1,1,ACCEPT,11.0650,1.9641,6792,2,0,0.5548,286.59,654.08,41.45,113.98,302.00,627.50,38.00,61.00,0.2664,30.72,1,0,2.9017,ACCEPT,0,11309,162,17225,4,200,6792,0,0,0,0
78,0,1,1,ACCEPT,9.7028,1.4799,8379,3,-1,0.8915,290.48,650.52,41.45,113.98,296.50,614.50,51.00,49.00,0.3389,36.51,1,0,2.8451,ACCEPT,0,19631,138,25846,4,200,8379,0,0,0,0
79,0,1,1,ACCEPT,11.2591,1.8119,7130,5,0,0.4243,296.97,650.52,41.45,113.98,299.00,615.50,50.00,47.00,0.3632,35.07,1,0,2.7470,ACCEPT,0,15020,139,32727,4,200,7130,0,0,0,0
80,0,1,1,ACCEPT,13.1150,2.2885,5973,5,4,0.0979,303.45,664.77,39.85,109.59,322.00,640.00,32.00,54.00,0.1820,30.94,1,-1,2.2080,ACCEPT,0,9048,207,32767,4,200,5973,0,0,0,0
81,0,1,1,ACCEPT,17.2769,2.7260,7025,7,-3,0.0456,312.20,654.50,39.85,109.59,327.00,646.00,22.00,80.00,0.2668,17.06,1,-1,1.5490,LOW_CONF,0,8347,216,29901,4,200,7025,0,0,0,0
82,0,1,1,ACCEPT,11.1651,1.2199,8444,4,1,0.1041,317.20,657.92,39.85,109.59,330.00,631.50,32.00,89.00,0.3048,29.36,1,-12,1.6173,MAX_STEP,0,12181,227,20478,4,200,8444,0,0,0,0
83,0,1,1,ACCEPT,10.6964,1.1789,8600,2,0,0.7806,319.70,657.92,38.32,105.38,332.00,619.50,50.00,71.00,0.2642,40.34,1,-1,2.2454,ACCEPT,0,15167,190,15345,4,200,8600,0,0,0,0
84,0,1,1,ACCEPT,7.0095,1.1131,7341,6,-2,0.4175,326.92,651.33,38.32,105.38,333.50,621.50,59.00,41.00,0.3216,30.54,1,0,2.7566,ACCEPT,0,19789,154,21709,4,200,7341,0,0,0,0
85,0,1,1,ACCEPT,12.5582,1.8868,10032,-2,6,0.1967,324.52,671.11,38.32,105.38,347.50,638.00,39.00,42.00,0.1262,40.31,1,0,2.8152,ACCEPT,0,16488,134,30112,4,200,10032,0,0,0,0
86,0,1,1,ACCEPT,8.0720,1.2127,5279,-3,12,0.0546,320.91,710.67,38.32,105.38,356.50,642.00,25.00,52.00,0.0000,77.35,1,2,1.8492,LOW_CONF,0,9871,137,24715,4,200,5279,0,0,0,0
87,0,1,1,ACCEPT,8.6066,1.8317,3766,10,2,0.0818,332.94,717.27,38.32,105.38,361.50,623.00,25.00,80.00,0.0000,98.50,1,0,2.5432,ACCEPT,0,6548,151,25458,4,200,3766,0,0,0,0
88,0,1,1,ACCEPT,11.3656,2.7812,4144,9,-5,0.1098,343.77,700.78,38.32,105.38,361.00,629.00,42.00,84.00,0.0746,73.82,1,0,2.6751,ACCEPT,0,5885,155,18605,4,200,4144,0,0,0,0
89,0,1,1,ACCEPT,11.0586,1.1809,7897,-2,0,0.7559,341.36,700.78,38.32,105.38,358.50,621.00,51.00,58.00,0.0076,81.60,1,0,2.7996,ACCEPT,0,11959,133,18948,4,200,7897,0,0,0,0
90,0,1,1,ACCEPT,18.0362,3.1812,6442,0,0,1.0000,341.36,700.78,38.32,105.38,372.00,635.00,30.00,48.00,0.0071,72.57,1,0,2.7434,ACCEPT,0,8275,124,19173,4,200,6442,0,0,0,0
91,0,1,1,ACCEPT,11.8789,1.4875,6502,0,0,1.0000,341.36,700.78,38.32,105.38,385.50,635.50,27.00,57.00,0.0000,78.80,1,0,3.0607,ACCEPT,0,11700,125,24576,4,200,6502,0,0,0,0
92,0,1,1,ACCEPT,11.9836,1.5774,7502,-1,1,0.9112,340.16,704.08,38.32,105.38,386.50,639.00,21.00,80.00,0.0000,79.89,1,0,2.8945,ACCEPT,0,11062,148,21961,4,200,7502,0,0,0,0
93,0,1,1,ACCEPT,12.6984,2.2070,9157,-1,0,0.9734,338.95,704.08,38.32,105.38,382.00,628.00,44.00,80.00,0.0000,87.41,1,0,2.8914,ACCEPT,0,11545,193,18457,4,200,9157,0,0,0,0
94,0,1,1,ACCEPT,23.0101,4.2874,12442,0,0,1.0000,338.95,704.08,38.32,105.38,382.50,620.00,45.00,52.00,0.0000,94.69,1,0,3.0202,ACCEPT,0,9238,168,12477,4,200,12442,0,0,0,0
95,0,1,1,ACCEPT,17.8550,2.6661,11779,1,-1,0.8264,340.16,700.78,38.32,105.38,390.50,624.50,37.00,67.00,0.0000,91.40,1,0,2.6123,ACCEPT,0,11863,123,17079,4,200,11779,0,0,0,0
96,0,1,1,ACCEPT,23.9273,4.5820,11675,1,0,0.9112,341.36,700.78,38.32,105.38,399.00,633.00,30.00,62.00,0.0000,88.98,1,0,2.7633,ACCEPT,0,9687,127,15635,4,200,11675,0,0,0,0
97,0,1,1,ACCEPT,25.1202,3.3489,10894,1,0,0.9468,342.56,700.78,39.85,109.59,404.00,626.50,22.00,57.00,0.0000,96.40,1,1,2.6477,ACCEPT,0,8712,128,13265,4,200,10894,0,0,0,0
98,0,1,1,ACCEPT,22.1645,3.9653,10270,1,-1,0.9730,343.81,697.36,39.85,109.59,395.50,628.00,41.00,72.00,0.0000,86.50,1,0,2.5828,ACCEPT,0,7601,147,10589,4,200,10270,0,0,0,0
99,0,1,1,ACCEPT,17.0971,2.1235,8819,2,0,0.7573,346.31,697.36,39.85,109.59,391.00,614.50,50.00,71.00,0.0002,94.14,1,0,2.3562,ACCEPT,0,7913,183,7496,4,200,8819,0,0,0,0
100,0,1,1,ACCEPT,10.6407,1.0471,7251,1,1,0.6989,347.56,700.78,39.85,109.59,399.00,630.00,30.00,62.00,0.0000,87.50,1,-16,1.4596,AT_SEARCH_RAIL,0,12992,187,7982,4,200,7251,0,0,0,0
101,0,1,1,ACCEPT,13.2572,2.1220,7323,1,-2,0.7745,348.81,693.94,39.85,109.59,405.00,621.00,20.00,56.00,0.0000,92.07,1,0,2.8089,ACCEPT,0,8974,171,8852,4,200,7323,0,0,0,0
102,0,1,1,ACCEPT,16.2068,2.2953,11091,0,-1,0.8952,348.81,690.52,39.85,109.59,399.50,621.00,33.00,76.00,0.0000,86.03,1,0,2.7349,ACCEPT,0,9383,146,9817,4,200,11091,0,0,0,0
103,0,1,1,ACCEPT,17.6517,2.8887,10385,1,-1,0.9164,350.06,687.09,39.85,109.59,388.50,605.50,47.00,73.00,0.0062,90.19,1,0,2.5021,ACCEPT,0,9774,127,10454,4,200,10385,0,0,0,0
104,0,1,1,ACCEPT,18.0644,2.4860,11433,1,-1,0.9461,351.31,683.67,39.85,109.59,387.00,604.50,48.00,71.00,0.0119,86.84,1,0,2.5028,ACCEPT,0,10883,127,9636,4,200,11433,0,0,0,0
105,0,1,1,ACCEPT,11.3503,1.3498,6799,-2,7,0.2331,348.81,707.62,41.45,113.98,384.50,613.00,29.00,80.00,0.0000,101.13,1,1,2.4987,ACCEPT,0,9853,180,10260,4,200,6799,0,0,0,0
106,0,1,1,ACCEPT,9.8940,1.3308,4832,0,-1,0.9983,348.81,704.06,41.45,113.98,374.50,601.00,41.00,82.00,0.0000,106.22,1,0,2.9459,ACCEPT,0,8648,171,10880,4,200,4832,0,0,0,0
107,0,1,1,ACCEPT,17.3254,2.2601,7630,2,0,0.6215,351.41,704.06,43.10,118.54,367.00,596.00,48.00,60.00,0.0000,109.18,1,1,2.2257,ACCEPT,0,9263,140,9979,4,200,7630,0,0,0,0
108,0,1,1,ACCEPT,14.8714,2.1636,8092,1,-3,0.6057,352.75,692.95,44.83,123.28,363.50,594.00,49.00,42.00,0.0000,99.54,1,1,2.1110,ACCEPT,0,7872,118,10752,4,200,8092,0,0,0,0
109,0,1,1,ACCEPT,9.9141,1.5416,6316,2,-3,0.7225,355.56,681.38,44.83,123.28,370.00,588.00,26.00,48.00,0.0000,94.48,1,0,2.2936,ACCEPT,0,8846,130,12464,4,200,6316,0,0,0,0
110,0,1,1,ACCEPT,18.8298,2.9618,9072,0,3,0.4808,355.56,692.95,44.83,123.28,374.00,595.50,28.00,47.00,0.0000,99.18,1,0,2.5770,ACCEPT,0,8292,176,12568,4,200,9072,0,0,0,0
111,0,1,1,ACCEPT,7.5887,1.0740,2728,-2,5,0.9175,352.75,712.25,44.83,123.28,368.50,594.50,29.00,81.00,0.0000,118.80,1,0,2.6077,ACCEPT,0,5526,220,12054,4,200,2728,0,0,0,0
112,0,1,1,ACCEPT,17.5471,2.0197,7168,2,-5,0.5258,355.56,692.95,46.62,128.21,350.00,583.50,34.00,79.00,0.0000,109.59,1,1,2.0346,ACCEPT,0,7496,128,7837,4,200,7168,0,0,0,0
113,0,1,1,ACCEPT,9.1235,1.3332,5082,1,-4,0.5592,357.02,676.95,48.49,133.34,342.00,578.00,46.00,56.00,0.0000,100.09,1,1,2.2937,ACCEPT,0,8174,123,11733,4,200,5082,0,0,0,0
114,0,1,1,ACCEPT,11.9940,1.8232,7014,3,-3,0.7029,361.56,664.44,48.49,133.34,341.00,582.00,44.00,34.00,0.0040,84.96,1,0,2.5788,ACCEPT,0,9474,155,11711,4,200,7014,0,0,0,0
115,0,1,1,ACCEPT,8.8673,1.5111,4819,0,0,1.0000,361.56,664.44,50.43,138.67,355.00,583.00,16.00,64.00,0.0414,81.70,1,1,2.1864,ACCEPT,0,7214,161,11940,4,200,4819,0,0,0,0
116,0,1,1,ACCEPT,9.8881,1.9093,4399,0,0,1.0000,361.56,664.44,52.44,144.22,362.00,582.50,26.00,51.00,0.0480,81.94,1,1,2.4783,ACCEPT,0,5808,174,10305,4,200,4399,0,0,0,0
117,0,1,1,ACCEPT,8.7241,1.3158,4975,-11,3,0.7600,343.52,677.94,52.44,144.22,358.50,572.50,17.00,57.00,0.0000,106.50,1,0,2.6102,ACCEPT,0,6609,189,9869,4,200,4975,0,0,0,0
118,0,1,1,ACCEPT,10.9695,1.3201,6129,-4,-2,0.1653,336.95,668.94,52.44,144.22,352.50,578.00,19.00,84.00,0.0505,92.26,1,-1,1.2226,LOW_CONF,0,7283,157,9865,4,200,6129,0,0,0,0
119,0,1,1,ACCEPT,10.4970,1.5276,5672,-2,-2,0.3181,333.67,659.94,54.54,149.99,341.50,571.00,41.00,66.00,0.0752,89.28,1,1,2.1339,ACCEPT,0,8961,249,7959,4,200,5672,0,0,0,0
120,0,1,1,ACCEPT,9.3395,1.0593,3682,-5,-1,0.4829,325.16,655.25,54.54,149.99,347.50,556.50,27.00,47.00,0.0000,101.25,1,2,1.2813,OUT_OF_RANGE,0,4217,220,10333,4,200,3682,0,0,0,0
121,0,1,1,ACCEPT,10.4575,1.1919,4125,6,1,0.7828,335.38,659.94,54.54,149.99,354.00,559.00,18.00,52.00,0.0001,102.64,1,0,2.5094,ACCEPT,0,7008,182,12884,4,200,4125,0,0,0,0
122,0,1,1,ACCEPT,8.0776,1.5097,3264,3,-2,0.8376,340.48,650.56,52.44,144.22,360.00,572.50,14.00,61.00,0.0416,80.46,1,-1,2.3649,ACCEPT,0,6713,135,12809,4,200,3264,0,0,0,0
123,0,1,1,ACCEPT,7.9458,1.4323,2730,-4,-6,0.6982,333.92,623.56,48.49,133.34,362.50,564.50,13.00,73.00,0.0130,65.61,1,-2,2.1905,ACCEPT,0,5317,161,16381,4,200,2730,0,0,0,0
124,0,1,1,ACCEPT,9.9694,1.2460,6913,2,7,0.7696,336.95,652.77,48.49,133.34,363.50,567.00,17.00,90.00,0.0205,89.78,1,0,2.4256,ACCEPT,0,10052,122,14938,4,200,6913,0,0,0,0
125,0,1,1,ACCEPT,7.8079,1.0510,3421,-16,-5,0.2599,312.70,631.91,48.49,133.34,364.00,563.50,34.00,59.00,0.0000,85.50,1,0,2.2690,ACCEPT,0,7711,157,14336,4,200,3421,0,0,0,0
126,0,1,1,ACCEPT,10.8834,1.3936,9906,-7,3,0.7175,302.09,644.42,50.43,138.67,363.50,557.50,33.00,37.00,0.0000,106.42,1,1,2.1006,ACCEPT,0,15660,214,14993,4,200,9906,0,0,0,0
127,0,1,1,ACCEPT,17.1500,2.5995,8625,6,-1,0.3355,311.56,640.09,50.43,138.67,365.50,560.00,31.00,66.00,0.0000,96.56,1,0,2.4437,ACCEPT,0,8765,245,16427,4,200,8625,0,0,0,0
128,0,1,1,ACCEPT,14.1108,2.6588,8625,1,-4,0.4892,313.14,622.78,50.43,138.67,376.00,561.50,20.00,53.00,0.0000,87.79,1,0,2.4260,ACCEPT,0,10497,276,12358,4,200,8625,0,0,0,0
129,0,1,1,ACCEPT,15.6195,1.3395,11445,-1,1,0.8364,311.56,627.11,52.44,144.22,379.50,561.50,23.00,87.00,0.0000,94.45,1,1,2.5428,ACCEPT,0,12956,224,14542,4,200,11445,0,0,0,0
130,0,1,1,ACCEPT,15.4505,2.6927,8781,-8,1,0.2536,298.44,631.61,52.44,144.22,363.50,560.00,49.00,52.00,0.0000,96.75,1,0,2.4071,ACCEPT,0,7622,262,12470,4,200,8781,0,0,0,0
131,0,1,1,ACCEPT,11.9335,1.6920,5888,-2,1,0.8488,295.16,636.11,52.44,144.22,365.50,560.50,47.00,59.00,0.0000,103.27,1,0,2.3603,ACCEPT,0,7492,324,9402,4,200,5888,0,0,0,0
132,0,1,1,ACCEPT,13.5184,2.1060,5446,-4,0,0.5962,288.59,636.11,50.43,138.67,372.50,563.00,21.00,36.00,0.0000,111.29,1,-1,2.4604,ACCEPT,0,6500,247,12169,4,200,5446,0,0,0,0
133,0,1,1,ACCEPT,21.4582,3.8937,6117,-3,0,0.5696,283.86,636.11,46.62,128.21,370.50,562.50,17.00,73.00,0.0000,113.69,1,-2,2.3970,ACCEPT,0,5248,140,15646,4,200,6117,0,0,0,0
134,0,1,1,ACCEPT,19.6366,3.9940,6011,-3,1,0.5355,279.50,640.11,46.62,128.21,355.50,559.00,35.00,78.00,0.0000,111.15,1,0,2.7038,ACCEPT,0,6337,190,17384,4,200,6011,0,0,0,0
135,0,1,1,ACCEPT,16.2068,3.1285,5769,-10,1,0.0959,264.97,644.11,46.62,128.21,342.50,558.50,45.00,49.00,0.0000,115.50,1,0,2.6314,ACCEPT,0,5640,205,16360,4,200,5769,0,0,0,0
136,0,1,1,ACCEPT,18.8852,3.9076,7780,-5,0,0.0495,257.70,644.11,46.62,128.21,349.50,563.50,19.00,43.00,0.0000,122.17,1,0,2.6009,ACCEPT,0,8025,197,13714,4,200,7780,0,0,0,0
137,0,1,1,ACCEPT,22.0996,3.2364,7489,-5,1,0.0073,250.44,648.11,46.62,128.21,355.00,562.50,28.00,47.00,0.0000,135.14,1,0,2.5898,ACCEPT,0,6593,231,14246,4,200,7489,0,0,0,0
138,0,1,1,ACCEPT,20.5551,3.3927,7664,-5,0,0.0431,243.17,648.11,46.62,128.21,348.50,561.00,29.00,86.00,0.0000,136.68,1,0,2.2864,ACCEPT,0,6706,195,15212,4,200,7664,0,0,0,0
139,0,1,1,ACCEPT,18.0406,2.9671,5869,-6,0,0.0906,234.45,648.11,46.62,128.21,328.50,551.50,35.00,79.00,0.0000,134.83,1,0,2.1360,ACCEPT,0,4816,145,16635,4,200,5869,0,0,0,0
140,0,1,1,ACCEPT,12.1683,2.2259,5587,-11,-1,0.1337,218.47,644.11,46.62,128.21,320.00,548.50,42.00,53.00,0.0000,139.46,1,-1,1.9251,LOW_CONF,0,7242,117,20432,4,200,5587,0,0,0,0
141,0,1,1,ACCEPT,16.9818,3.3654,9117,-5,1,0.0564,211.20,648.11,44.83,123.28,327.00,556.00,22.00,72.00,0.0000,147.96,1,-1,2.5519,ACCEPT,0,10440,217,17978,4,200,9117,0,0,0,0
142,0,1,1,ACCEPT,18.5355,2.7994,8961,-4,0,0.1955,205.58,648.11,41.45,113.98,332.50,561.00,25.00,46.00,0.0000,153.94,1,-2,2.5265,ACCEPT,0,9833,211,17876,4,200,8961,0,0,0,0
143,0,1,1,ACCEPT,22.7406,3.3730,11077,-4,0,0.1081,200.39,648.11,41.45,113.98,335.50,557.00,25.00,74.00,0.0000,162.96,1,0,2.6564,ACCEPT,0,10481,177,20720,4,200,11077,0,0,0,0
144,0,1,1,ACCEPT,24.6998,4.3446,12256,-4,1,0.1633,195.20,651.67,43.10,118.54,325.50,556.00,11.00,92.00,0.0000,161.65,1,1,2.0495,ACCEPT,0,9986,205,19958,4,200,12256,0,0,0,0
145,0,1,1,ACCEPT,23.2536,4.8578,8846,-8,1,0.0400,184.45,655.38,43.10,118.54,308.00,555.00,44.00,64.00,0.0000,159.18,1,-4,1.4935,MAX_STEP,0,7955,159,13049,4,200,8846,0,0,0,0
146,0,1,1,ACCEPT,24.9139,3.8585,9110,-4,0,0.3531,179.08,655.38,41.45,113.98,310.00,556.00,38.00,60.00,0.0000,164.37,1,-1,2.4709,ACCEPT,0,8297,159,13150,4,200,9110,0,0,0,0
147,0,1,1,ACCEPT,25.5406,3.4898,9876,-3,0,0.3466,175.19,655.38,39.85,109.59,317.00,556.50,24.00,69.00,0.0000,172.88,1,-1,2.6231,ACCEPT,0,8415,172,14416,4,200,9876,0,0,0,0
148,0,1,1,ACCEPT,27.9025,3.9826,10550,-2,0,0.5845,172.69,655.38,36.85,101.33,323.00,553.00,22.00,56.00,0.0000,181.86,1,-2,2.5977,ACCEPT,0,8452,165,16637,4,200,10550,0,0,0,0
149,0,1,1,ACCEPT,29.3335,4.1810,12727,-3,1,0.5111,169.22,658.55,38.32,105.38,328.50,552.00,19.00,56.00,0.0000,191.63,1,1,2.6216,ACCEPT,0,10243,191,18230,4,200,12727,0,0,0,0
150,0,1,1,ACCEPT,24.5140,3.6963,10819,-3,2,0.2814,165.61,665.14,38.32,105.38,316.00,566.50,28.00,93.00,0.0000,179.85,1,0,2.6242,ACCEPT,0,9642,161,17078,4,200,10819,0,0,0,0
151,0,1,1,ACCEPT,25.1975,4.3518,10749,-2,0,0.7435,163.20,665.14,38.32,105.38,315.50,569.00,39.00,66.00,0.0000,180.10,1,0,2.4902,ACCEPT,0,9786,135,18982,4,200,10749,0,0,0,0
152,0,1,1,ACCEPT,28.5856,5.1574,11666,0,0,1.0000,163.20,665.14,36.85,101.33,317.00,570.00,44.00,62.00,0.0000,180.85,1,-1,2.5651,ACCEPT,0,8859,104,19520,4,200,11666,0,0,0,0
153,0,1,1,ACCEPT,28.9335,5.3316,11319,0,1,0.9865,163.20,668.31,36.85,101.33,322.50,569.50,41.00,61.00,0.0000,187.46,1,0,2.1932,ACCEPT,0,7403,125,16967,4,200,11319,0,0,0,0
154,0,1,1,ACCEPT,24.8011,3.2522,10433,-2,1,0.5610,160.89,671.48,36.85,101.33,328.50,575.50,35.00,63.00,0.0000,193.15,1,0,1.9616,LOW_CONF,0,7056,112,14703,4,200,10433,0,0,0,0
155,0,1,1,ACCEPT,23.3821,4.1169,7608,-3,2,0.2430,157.42,677.83,38.32,105.38,341.50,565.00,35.00,68.00,0.0000,215.90,1,1,2.2323,ACCEPT,0,7380,148,12071,4,200,7608,0,0,0,0
156,0,1,1,ACCEPT,20.6201,4.2054,7002,-1,0,0.8680,156.22,677.83,38.32,105.38,350.50,562.00,31.00,62.00,0.0000,226.19,1,0,2.6813,ACCEPT,0,6974,187,10719,4,200,7002,0,0,0,0
157,0,1,1,ACCEPT,21.8900,3.2436,7110,-1,1,0.8679,155.02,681.12,39.85,109.59,354.00,566.00,38.00,38.00,0.0000,229.89,1,1,2.7296,ACCEPT,0,6470,225,8122,4,200,7110,0,0,0,0
158,0,1,1,ACCEPT,22.6722,4.3338,6622,-1,0,0.9524,153.77,681.12,39.85,109.59,356.50,569.00,45.00,38.00,0.0000,231.67,1,0,2.9003,ACCEPT,0,6035,246,7853,4,200,6622,0,0,0,0
159,0,1,1,ACCEPT,25.1314,4.7894,7596,-1,1,0.8223,152.52,684.55,39.85,109.59,355.50,571.00,49.00,46.00,0.0000,232.58,1,0,2.8029,ACCEPT,0,6183,192,7502,4,200,7596,0,0,0,0
160,0,1,1,ACCEPT,24.6703,4.5427,7400,-3,1,0.4826,148.77,687.97,39.85,109.59,362.50,577.00,35.00,70.00,0.0000,240.82,1,0,2.7977,ACCEPT,0,5657,193,9079,4,200,7400,0,0,0,0
161,0,1,1,ACCEPT,24.8815,4.5242,9528,-1,1,0.8521,147.52,691.39,39.85,109.59,360.00,577.00,40.00,88.00,0.0000,241.32,1,0,2.7158,ACCEPT,0,7593,185,10104,4,200,9528,0,0,0,0
162,0,1,1,ACCEPT,24.1800,4.1882,9034,-2,0,0.5788,145.02,691.39,38.32,105.38,361.00,575.50,44.00,45.00,0.0000,245.11,1,-1,2.8217,ACCEPT,0,6994,223,10197,4,200,9034,0,0,0,0
163,0,1,1,ACCEPT,23.7432,3.5241,8990,-2,0,0.6838,142.61,691.39,38.32,105.38,365.50,579.50,41.00,59.00,0.0000,249.40,1,0,2.9346,ACCEPT,0,7201,190,14270,4,200,8990,0,0,0,0
164,0,1,1,ACCEPT,24.8320,4.9720,11177,-2,0,0.6508,140.20,691.39,38.32,105.38,371.00,581.50,30.00,39.00,0.0000,255.62,1,0,2.5671,ACCEPT,0,8117,182,16377,4,200,11177,0,0,0,0
165,0,1,1,ACCEPT,22.1546,4.4733,9461,-5,1,0.1001,134.19,694.69,39.85,109.59,373.00,580.50,30.00,81.00,0.0000,264.71,1,1,2.8530,ACCEPT,0,8492,107,18385,4,200,9461,0,0,0,0
166,0,1,1,ACCEPT,22.3961,3.8700,11250,-1,0,0.8451,132.94,694.69,36.85,101.33,364.50,576.00,53.00,58.00,0.0000,260.21,1,-2,2.5993,ACCEPT,0,9652,149,19454,4,200,11250,0,0,0,0
167,0,1,1,ACCEPT,23.2201,3.7521,12577,-2,0,0.7738,130.62,694.69,35.43,97.43,370.00,578.50,48.00,61.00,0.0000,266.08,1,-1,2.7004,ACCEPT,0,11515,94,17118,4,200,12577,0,0,0,0
168,0,1,1,ACCEPT,28.7960,5.2669,10360,-2,1,0.6078,128.41,697.73,34.07,93.68,374.50,585.50,23.00,49.00,0.0000,270.48,1,-1,2.7782,ACCEPT,0,8546,172,17660,4,200,10360,0,0,0,0
169,0,1,1,ACCEPT,27.8577,4.8920,10596,-1,-1,0.7528,127.34,694.81,34.07,93.68,374.00,587.50,16.00,71.00,0.0000,268.99,1,-5,2.2924,MAX_STEP,0,9558,158,18089,4,200,10596,0,0,0,0
170,0,1,1,ACCEPT,22.0646,3.8043,9526,-5,0,0.1375,122.03,694.81,34.07,93.68,355.50,572.00,41.00,52.00,0.0000,263.80,1,-3,2.2478,MAX_STEP,0,9445,136,15191,4,200,9526,0,0,0,0
171,0,1,1,ACCEPT,21.5592,3.2895,11194,-2,0,0.6544,119.91,694.81,31.50,86.61,353.00,575.00,38.00,64.00,0.0000,262.08,1,-2,2.2804,ACCEPT,0,9388,99,12800,4,200,11194,0,0,0,0
172,0,1,1,ACCEPT,19.8629,3.8648,10833,-1,0,0.8542,118.92,694.81,31.50,86.61,359.00,581.00,18.00,52.00,0.0000,265.69,1,0,2.5084,ACCEPT,0,10688,125,12969,4,200,10833,0,0,0,0
173,0,1,1,ACCEPT,19.3433,2.3881,7852,-1,0,0.8765,117.94,694.81,31.50,86.61,358.50,578.50,15.00,49.00,0.0000,267.21,1,0,2.6697,ACCEPT,0,7912,198,12523,4,200,7852,0,0,0,0
174,0,1,1,ACCEPT,22.4299,3.8817,7876,-1,0,0.8451,116.95,694.81,31.50,86.61,357.50,579.00,11.00,94.00,0.0000,266.97,1,0,2.6393,ACCEPT,0,6622,122,13520,4,200,7876,0,0,0,0
175,0,1,1,ACCEPT,23.6504,3.0765,9454,-5,1,0.1646,112.03,697.52,31.50,86.61,340.00,580.00,32.00,76.00,0.0000,256.48,1,0,2.8152,ACCEPT,0,7534,164,17082,4,200,9454,0,0,0,0
176,0,1,1,ACCEPT,25.1164,4.9741,10172,-1,0,0.8369,111.05,697.52,30.28,83.28,339.00,581.00,24.00,80.00,0.0000,256.00,1,-1,2.7051,ACCEPT,0,7612,107,14918,4,200,10172,0,0,0,0
177,0,1,1,ACCEPT,27.6863,4.8812,11544,-2,0,0.7760,109.14,697.52,29.12,80.08,339.50,584.00,15.00,78.00,0.0000,256.81,1,-1,2.6944,ACCEPT,0,7885,114,12512,4,200,11544,0,0,0,0
178,0,1,1,ACCEPT,29.3559,5.0488,9941,0,-1,0.9883,109.14,695.02,26.92,74.04,337.50,583.00,15.00,80.00,0.0000,254.35,1,-2,2.1594,ACCEPT,0,6155,82,13121,4,200,9941,0,0,0,0
179,0,1,1,ACCEPT,26.4926,4.4141,9380,-2,0,0.7255,107.45,695.02,28.00,77.00,331.00,576.50,20.00,89.00,0.0000,253.02,1,1,2.5997,ACCEPT,0,7409,95,15887,4,200,9380,0,0,0,0
180,0,1,1,ACCEPT,16.4377,2.1320,9692,-2,0,0.5813,105.70,695.02,28.00,77.00,320.00,577.00,22.00,70.00,0.0000,244.64,1,0,2.7189,ACCEPT,0,10296,106,14105,4,200,9692,0,0,0,0
181,0,1,1,ACCEPT,19.1489,2.5476,11370,-2,1,0.6730,103.95,697.42,28.00,77.00,314.50,579.00,23.00,80.00,0.0000,241.57,1,0,2.7166,ACCEPT,0,11654,155,14625,4,200,11370,0,0,0,0
182,0,1,1,ACCEPT,13.5481,1.4776,8823,-1,1,0.9676,103.08,699.83,29.12,80.08,313.00,582.00,18.00,84.00,0.0000,240.73,1,1,2.9356,ACCEPT,0,12173,211,13611,4,200,8823,0,0,0,0
183,0,1,1,ACCEPT,17.7940,2.0390,10562,0,-1,0.9926,103.08,697.33,26.92,74.04,315.50,584.50,15.00,71.00,0.0000,240.53,1,-2,2.1436,ACCEPT,0,10098,229,8181,4,200,10562,0,0,0,0
184,0,1,1,ACCEPT,20.9768,3.1103,10967,-2,0,0.8201,101.39,697.33,26.92,74.04,314.00,580.00,22.00,64.00,0.0000,242.83,1,0,2.4821,ACCEPT,0,9161,165,9097,4,200,10967,0,0,0,0
185,0,1,1,ACCEPT,24.0139,4.6594,9137,-3,0,0.4857,98.86,697.33,25.89,71.19,301.50,578.50,37.00,81.00,0.0000,234.91,1,-1,2.2880,ACCEPT,0,7537,155,10963,4,200,9137,0,0,0,0
186,0,1,1,ACCEPT,26.3050,4.1875,13245,-2,0,0.7376,97.23,697.33,25.89,71.19,293.00,577.50,36.00,69.00,0.0000,229.53,1,0,2.6522,ACCEPT,0,8389,144,11313,4,200,13245,0,0,0,0
187,0,1,1,ACCEPT,24.7441,4.2444,17317,-1,-1,0.7125,96.42,695.11,25.89,71.19,286.00,572.00,32.00,68.00,0.0000,226.04,1,-3,2.1570,MAX_STEP,0,12899,128,16116,4,200,17317,0,0,0,0
188,0,1,1,ACCEPT,25.8590,4.7629,16151,-2,0,0.7643,94.80,695.11,25.89,71.19,285.50,573.00,31.00,76.00,0.0000,226.45,1,-3,2.1787,MAX_STEP,0,12242,101,13622,4,200,16151,0,0,0,0
189,0,1,1,ACCEPT,22.5158,2.7391,14868,-1,0,0.9304,93.98,695.11,25.89,71.19,287.50,576.00,23.00,80.00,0.0000,227.23,1,-6,1.7890,MAX_STEP,0,12040,115,12762,4,200,14868,0,0,0,0
190,0,1,1,ACCEPT,16.2365,1.4656,12490,-2,0,0.8155,92.36,695.11,25.89,71.19,288.50,576.50,19.00,77.00,0.0000,229.21,1,-4,1.9194,MAX_STEP,0,14925,122,12201,4,200,12490,0,0,0,0
191,0,1,1,ACCEPT,16.7102,2.0944,10432,0,-1,0.9130,92.36,692.89,25.89,71.19,282.00,572.00,20.00,54.00,0.0000,224.90,1,-5,1.6189,MAX_STEP,0,9854,164,10260,4,200,10432,0,0,0,0
192,0,1,1,ACCEPT,27.6537,5.1297,13491,-2,-1,0.4833,90.73,690.67,25.89,71.19,279.00,569.50,18.00,69.00,0.0000,223.89,1,-6,1.4401,MAX_STEP,0,9088,171,8679,4,200,13491,0,0,0,0
193,0,1,1,ACCEPT,23.8521,3.6207,13009,-3,0,0.2178,88.30,690.67,25.89,71.19,276.50,563.50,15.00,69.00,0.0000,227.14,1,-2,1.8777,LOW_CONF,0,10138,205,10057,4,200,13009,0,0,0,0
194,0,1,1,ACCEPT,21.9487,2.5754,13732,-2,-1,0.6307,86.67,688.45,25.89,71.19,273.00,566.50,18.00,77.00,0.0000,222.69,1,-5,1.9929,MAX_STEP,0,10751,161,13291,4,200,13732,0,0,0,0
195,0,1,1,ACCEPT,25.2822,3.8344,14122,-5,0,0.0017,82.61,688.45,24.89,68.45,264.00,564.00,24.00,48.00,0.0000,219.98,1,-1,2.7873,ACCEPT,0,9752,151,12552,4,200,14122,0,0,0,0
196,0,1,1,ACCEPT,18.3810,2.4084,12225,-2,-1,0.6656,81.05,686.31,23.93,65.82,259.50,563.50,27.00,51.00,0.0000,216.63,1,-1,2.7753,ACCEPT,0,11816,192,11358,4,200,12225,0,0,0,0
197,0,1,1,ACCEPT,19.5605,3.2257,10603,0,1,0.9456,81.05,688.38,24.89,68.45,255.00,560.50,28.00,65.00,0.0000,215.90,1,1,2.3645,ACCEPT,0,9589,156,13264,4,200,10603,0,0,0,0
198,0,1,1,ACCEPT,17.8828,1.7189,9624,1,-1,0.8986,81.83,686.23,23.93,65.82,253.50,565.00,23.00,60.00,0.0000,210.16,1,-1,2.0969,ACCEPT,0,9428,208,13753,4,200,9624,0,0,0,0
199,0,1,1,ACCEPT,22.7426,4.7609,11707,0,-1,0.8374,81.83,684.17,23.93,65.82,250.00,556.00,12.00,44.00,0.0000,211.45,1,0,2.4551,ACCEPT,0,8593,167,10174,4,200,11707,0,0,0,0
200,0,1,1,ACCEPT,26.4082,5.5966,10404,0,-3,0.4093,81.83,677.98,23.01,63.29,240.50,549.00,21.00,74.00,0.0000,204.48,1,-1,2.1585,ACCEPT,0,8158,217,13845,4,200,10404,0,0,0,0
0,0,0,0,ZERO_RESPONSE,0.0000,0.0000,0,0,0,0.0000,333.00,622.00,40.00,52.00,333.00,622.00,40.00,52.00,1.0000,0.00,1,0,0.0000,NOT_RUN,0,0,546,17969,5,250,0,0,0,0,0
1,0,1,1,ACCEPT,6.3744,1.5071,1064,7,1,0.3214,341.75,623.62,40.00,52.00,354.00,644.50,24.00,55.00,0.2338,24.20,1,0,3.0431,ACCEPT,0,2433,498,13724,5,250,1064,0,0,0,0
2,0,1,1,ACCEPT,6.9919,1.1656,1457,4,-1,0.0268,346.75,622.00,40.00,52.00,357.00,640.50,22.00,51.00,0.2720,21.15,1,0,2.8566,ACCEPT,0,2011,406,15628,5,250,1457,0,0,0,0
3,0,1,1,ACCEPT,6.9924,1.0809,1818,4,0,0.0710,351.75,622.00,41.60,54.08,358.50,639.00,27.00,74.00,0.4265,18.29,1,1,2.2907,ACCEPT,0,3210,281,11825,5,250,1818,0,0,0,0
4,0,1,1,ACCEPT,8.1701,1.4937,2826,2,1,0.6171,354.34,623.69,43.26,56.24,360.00,627.50,42.00,67.00,0.6565,6.82,1,1,2.6158,ACCEPT,0,4165,322,16057,5,250,2826,0,0,0,0
5,0,1,1,ACCEPT,13.4986,2.2520,6657,3,0,0.5935,358.42,623.69,43.26,56.24,360.50,624.00,43.00,48.00,0.7799,2.10,1,0,2.8670,ACCEPT,0,7344,210,12189,5,250,6657,0,0,0,0
6,0,1,1,ACCEPT,8.2155,1.4981,2373,4,3,0.2933,363.86,628.94,44.99,58.49,372.00,646.00,28.00,58.00,0.3717,18.90,1,1,2.2500,ACCEPT,0,3451,201,11479,5,250,2373,0,0,0,0
7,0,1,1,ACCEPT,13.0098,1.9306,4421,3,0,0.2997,368.08,628.94,44.99,58.49,380.00,652.00,18.00,64.00,0.2220,25.96,1,0,2.6910,ACCEPT,0,4691,244,11898,5,250,4421,0,0,0,0
8,0,1,1,ACCEPT,8.0623,1.0740,3266,6,-9,0.2217,376.52,612.48,44.99,58.49,382.00,651.50,18.00,71.00,0.1344,39.40,1,0,2.6879,ACCEPT,0,5647,212,14039,5,250,3266,0,0,0,0
9,0,1,1,ACCEPT,10.9776,1.9319,4088,0,10,0.2106,376.52,630.77,46.79,60.83,383.50,643.50,35.00,71.00,0.5112,14.52,1,1,2.7408,ACCEPT,0,4563,237,14321,5,250,4088,0,0,0,0
10,0,1,1,ACCEPT,13.1651,1.8040,7667,1,1,0.7264,377.98,632.67,48.67,63.27,382.00,636.00,44.00,58.00,0.7564,5.22,1,1,2.7914,ACCEPT,0,8283,179,19275,5,250,7667,0,0,0,0
11,0,1,1,ACCEPT,7.2820,1.2123,3838,-4,7,0.0542,371.92,646.56,48.67,63.27,389.00,643.50,32.00,55.00,0.3593,17.35,1,0,2.8239,ACCEPT,0,5425,207,13218,5,250,3838,0,0,0,0
12,0,1,1,ACCEPT,8.3712,1.2062,4311,4,2,0.1849,377.98,650.53,48.67,63.27,393.00,652.00,28.00,60.00,0.4164,15.09,1,0,3.3364,ACCEPT,0,5703,163,13918,5,250,4311,0,0,0,0
13,0,1,1,ACCEPT,11.0868,1.8381,5064,9,-8,0.3645,391.62,634.66,48.67,63.27,400.00,646.00,18.00,58.00,0.2742,14.10,1,0,2.4502,ACCEPT,0,6020,246,9025,5,250,5064,0,0,0,0
14,0,1,1,ACCEPT,10.3947,1.6738,5480,1,1,0.6900,393.14,636.64,50.61,65.80,396.00,645.00,30.00,86.00,0.5015,8.83,1,1,2.2273,ACCEPT,0,8482,162,8021,5,250,5480,0,0,0,0
15,0,1,1,ACCEPT,11.8509,1.7571,4644,2,-1,0.7102,396.30,634.58,50.61,65.80,395.50,641.50,37.00,75.00,0.6252,6.97,1,0,2.4462,ACCEPT,0,4266,130,13316,5,250,4644,0,0,0,0
16,0,1,1,ACCEPT,9.9669,1.3048,5282,2,-1,0.7401,399.45,632.52,50.61,65.80,401.50,645.50,35.00,67.00,0.4912,13.14,1,0,2.3049,ACCEPT,0,6402,98,13460,5,250,5282,0,0,0,0
17,0,1,1,ACCEPT,17.5073,2.6391,6648,1,0,0.9836,401.03,632.52,50.61,65.80,406.00,649.00,34.00,76.00,0.4552,17.22,1,0,3.0456,ACCEPT,0,5835,156,13890,5,250,6648,0,0,0,0
18,0,1,1,ACCEPT,14.6998,2.0724,8076,1,0,0.9116,402.61,632.52,50.61,65.80,408.00,647.50,32.00,79.00,0.4569,15.92,1,0,2.8415,ACCEPT,0,8541,117,14214,5,250,8076,0,0,0,0
19,0,1,1,ACCEPT,18.4217,2.5679,12354,0,-1,0.8312,402.61,630.45,50.61,65.80,404.00,642.00,42.00,74.00,0.6146,11.63,1,0,2.8406,ACCEPT,0,10620,180,10660,5,250,12354,0,0,0,0
20,0,1,1,ACCEPT,14.5981,2.5815,11725,0,-1,0.9613,402.61,628.39,50.61,65.80,398.50,637.00,53.00,54.00,0.6531,9.54,1,0,2.9036,ACCEPT,0,11466,144,12354,5,250,11725,0,0,0,0
21,0,1,1,ACCEPT,12.4108,1.9536,7447,-1,-1,0.8601,401.03,626.33,50.61,65.80,408.50,639.50,27.00,79.00,0.4138,15.14,1,0,2.3625,ACCEPT,0,12321,187,8929,5,250,7447,0,0,0,0
22,0,1,1,ACCEPT,12.9705,2.8301,8077,-1,0,0.8715,399.45,626.33,50.61,65.80,401.50,635.50,27.00,87.00,0.4552,9.40,1,0,2.5699,ACCEPT,0,12748,227,8864,5,250,8077,0,0,0,0
23,0,1,1,ACCEPT,14.5867,2.8463,8482,-3,0,0.5217,394.72,626.33,50.61,65.80,397.50,638.50,33.00,77.00,0.4990,12.49,1,0,2.5707,ACCEPT,0,9375,182,12779,5,250,8482,0,0,0,0
24,0,1,1,ACCEPT,15.8219,3.3052,9076,-3,-1,0.5392,389.98,624.27,50.61,65.80,387.50,646.00,41.00,60.00,0.4114,21.88,1,0,2.7426,ACCEPT,0,9945,154,16247,5,250,9076,0,0,0,0
25,0,1,1,ACCEPT,17.8130,2.9449,6414,-3,0,0.5681,385.25,624.27,50.61,65.80,388.50,640.50,25.00,71.00,0.3431,16.56,1,0,2.9422,ACCEPT,0,5368,104,13772,5,250,6414,0,0,0,0
26,0,1,1,ACCEPT,11.8966,1.4946,8098,-6,-2,0.0762,375.78,620.14,50.61,65.80,392.50,639.50,25.00,77.00,0.2639,25.58,1,0,2.8033,ACCEPT,0,10131,126,10951,5,250,8098,0,0,0,0
27,0,1,1,ACCEPT,14.9100,2.5416,6453,-2,-1,0.6921,372.62,618.08,50.61,65.80,376.50,632.00,25.00,80.00,0.3824,14.45,1,0,2.6520,ACCEPT,0,7403,119,9685,5,250,6453,0,0,0,0
28,0,1,1,ACCEPT,12.7239,2.2269,6369,-3,-2,0.4090,367.89,613.95,50.61,65.80,366.00,623.00,40.00,64.00,0.6111,9.24,1,0,2.7450,ACCEPT,0,6917,169,9328,5,250,6369,0,0,0,0
29,0,1,1,ACCEPT,15.9779,2.4128,7347,-3,-3,0.5560,363.16,607.77,50.61,65.80,363.50,620.00,39.00,52.00,0.5143,12.24,1,0,2.6672,ACCEPT,0,6674,152,11784,5,250,7347,0,0,0,0
30,0,1,1,ACCEPT,20.3962,2.2346,7933,-4,0,0.3018,356.84,607.77,50.61,65.80,365.50,629.00,21.00,56.00,0.2268,22.93,1,0,2.6334,ACCEPT,0,5695,220,10139,5,250,7933,0,0,0,0
31,0,1,1,ACCEPT,8.7657,1.5404,8694,-4,0,0.4323,350.53,607.77,50.61,65.80,372.50,632.00,47.00,70.00,0.2151,32.71,1,0,3.0168,ACCEPT,0,15798,120,11162,5,250,8694,0,0,0,0
32,0,1,1,ACCEPT,13.4799,2.2943,7617,-2,-1,0.6208,347.38,605.70,50.61,65.80,351.00,620.00,42.00,80.00,0.5820,14.75,1,0,2.8246,ACCEPT,0,7991,132,11471,5,250,7617,0,0,0,0
33,0,1,1,ACCEPT,12.4987,2.4059,9270,-1,-1,0.8016,345.80,603.64,50.61,65.80,342.00,612.00,48.00,62.00,0.6689,9.18,1,0,2.5265,ACCEPT,0,10367,147,10439,5,250,9270,0,0,0,0
34,0,1,1,ACCEPT,15.9713,2.4770,10812,-3,-1,0.4579,341.06,601.58,50.61,65.80,337.50,607.50,43.00,39.00,0.5036,6.91,1,0,2.6652,ACCEPT,0,11023,141,11470,5,250,10812,0,0,0,0
35,0,1,1,ACCEPT,18.4448,2.8413,6464,-4,-2,0.4480,334.75,597.45,50.61,65.80,343.50,621.00,25.00,48.00,0.2256,25.12,1,0,1.9357,LOW_CONF,0,6738,194,8717,5,250,6464,0,0,0,0
36,0,1,1,ACCEPT,13.8587,1.3643,10856,-2,3,0.3932,331.59,603.64,50.61,65.80,345.00,622.00,26.00,66.00,0.3065,22.73,1,0,2.5010,ACCEPT,0,11772,222,10908,5,250,10856,0,0,0,0
37,0,1,1,ACCEPT,14.4245,1.7610,12565,-3,-2,0.3130,326.86,599.52,50.61,65.80,331.00,608.00,28.00,70.00,0.4587,9.44,1,0,2.6313,ACCEPT,0,13578,187,12110,5,250,12565,0,0,0,0
38,0,1,1,ACCEPT,16.5660,2.3613,13521,-2,-1,0.7304,323.70,597.45,50.61,65.80,325.00,608.00,30.00,44.00,0.3964,10.63,1,0,3.0845,ACCEPT,0,14428,162,10117,5,250,13521,0,0,0,0
39,0,1,1,ACCEPT,20.9343,3.9754,11314,-2,0,0.7455,320.55,597.45,50.61,65.80,323.50,601.50,25.00,57.00,0.4279,5.01,1,0,2.7010,ACCEPT,0,10003,211,7046,5,250,11314,0,0,0,0
40,0,1,1,ACCEPT,21.1154,3.1502,9876,-2,0,0.7983,317.39,597.45,50.61,65.80,324.50,607.00,19.00,58.00,0.2894,11.90,1,0,2.5041,ACCEPT,0,8553,251,9147,5,250,9876,0,0,0,0
41,0,1,1,ACCEPT,20.0195,2.7172,11567,-3,2,0.2823,312.66,601.58,50.61,65.80,328.50,621.50,19.00,59.00,0.2209,25.45,1,0,2.4596,ACCEPT,0,9606,163,10964,5,250,11567,0,0,0,0
42,0,1,1,ACCEPT,13.5836,1.5309,13702,-2,0,0.7722,309.50,601.58,50.61,65.80,325.00,612.50,20.00,47.00,0.2673,18.96,1,0,2.5054,ACCEPT,0,13911,177,10463,5,250,13702,0,0,0,0
43,0,1,1,ACCEPT,18.2518,2.0352,11753,-2,-1,0.7308,306.34,599.52,50.61,65.80,319.00,618.50,18.00,67.00,0.2317,22.82,1,1,1.7743,LOW_CONF,0,9963,229,8306,5,250,11753,0,0,0,0
44,0,1,1,ACCEPT,19.7912,3.4507,13575,-1,1,0.7618,304.77,601.58,50.61,65.80,308.00,611.50,34.00,61.00,0.5070,10.44,1,0,2.7802,ACCEPT,0,11645,135,10163,5,250,13575,0,0,0,0
45,0,1,1,ACCEPT,15.1556,2.3945,10579,-1,1,0.8713,303.19,603.64,50.61,65.80,300.50,609.00,39.00,56.00,0.6469,6.00,1,0,3.0336,ACCEPT,0,12609,137,9342,5,250,10579,0,0,0,0
46,0,1,1,ACCEPT,16.6888,1.8586,11973,-2,0,0.7679,300.03,603.64,50.61,65.80,307.00,624.50,20.00,59.00,0.2258,21.99,1,4,1.4547,MAX_STEP,0,12277,158,10152,5,250,11973,0,0,0,0
47,0,1,1,ACCEPT,31.3369,5.0520,15060,0,0,1.0000,300.03,603.64,52.64,68.43,313.50,628.50,15.00,59.00,0.1493,28.27,1,1,2.2420,ACCEPT,0,7682,210,9471,5,250,15060,0,0,0,0
48,0,1,1,ACCEPT,24.1888,2.4342,15109,0,0,1.0000,300.03,603.64,52.64,68.43,313.00,626.50,20.00,71.00,0.2294,26.28,1,1,1.9260,LOW_CONF,0,10006,296,8773,5,250,15109,0,0,0,0
49,0,1,1,ACCEPT,17.1521,2.2226,11244,0,0,1.0000,300.03,603.64,54.74,71.17,313.50,617.50,19.00,85.00,0.2844,19.33,1,1,2.3781,ACCEPT,0,10649,361,7271,5,250,11244,0,0,0,0
50,0,1,1,ACCEPT,16.3932,2.2914,8893,0,0,1.0000,300.03,603.64,54.74,71.17,305.00,613.50,28.00,77.00,0.4228,11.04,1,0,2.4097,ACCEPT,0,8450,154,11142,5,250,8893,0,0,0,0
51,0,1,1,ACCEPT,16.2154,2.6785,12187,0,-1,0.9225,300.03,601.42,54.74,71.17,300.50,609.00,33.00,54.00,0.4574,7.59,1,0,2.7139,ACCEPT,0,11924,174,13078,5,250,12187,0,0,0,0
52,0,1,1,ACCEPT,14.8028,2.0144,11748,0,1,0.9536,300.03,603.64,54.74,71.17,304.50,614.00,27.00,66.00,0.3829,11.28,1,0,2.8943,ACCEPT,0,11601,178,11330,5,250,11748,0,0,0,0
53,0,1,1,ACCEPT,21.4291,3.0089,10182,0,1,0.9263,300.03,605.86,54.74,71.17,312.00,623.50,26.00,61.00,0.2983,21.32,1,3,1.5704,MAX_STEP,0,9332,245,9069,5,250,10182,0,0,0,0
54,0,1,1,ACCEPT,23.2837,3.2093,10472,1,1,0.7807,301.73,608.08,54.74,71.17,320.00,629.50,28.00,59.00,0.2223,28.15,1,0,2.8806,ACCEPT,0,7624,248,7209,5,250,10472,0,0,0,0
55,0,1,1,ACCEPT,21.0458,1.8296,8235,3,0,0.4607,306.84,608.08,52.64,68.43,326.00,629.00,22.00,68.00,0.2026,28.37,1,-1,2.3654,ACCEPT,0,5997,237,10383,5,250,8235,0,0,0,0
56,0,1,1,ACCEPT,10.4805,1.0800,5038,5,0,0.3351,315.05,608.08,52.64,68.43,321.50,616.00,33.00,78.00,0.5358,10.22,1,0,2.5089,ACCEPT,0,8462,269,10211,5,250,5038,0,0,0,0
57,0,1,1,ACCEPT,9.2989,1.9371,6842,1,-1,0.8863,316.69,605.94,52.64,68.43,321.00,612.00,42.00,60.00,0.6638,7.44,1,0,2.5279,ACCEPT,0,13839,157,12745,5,250,6842,0,0,0,0
58,0,1,1,ACCEPT,7.1380,1.3005,4882,3,2,0.3263,321.61,610.22,52.64,68.43,321.00,608.50,44.00,43.00,0.5253,1.82,1,0,2.0952,ACCEPT,0,10996,145,18430,5,250,4882,0,0,0,0
59,0,1,1,ACCEPT,10.2646,1.6478,7326,2,0,0.5732,324.89,610.22,52.64,68.43,330.00,616.00,34.00,62.00,0.5477,7.72,1,0,2.8034,ACCEPT,0,11674,154,15677,5,250,7326,0,0,0,0
60,0,1,1,ACCEPT,8.4509,1.0663,6432,-3,7,0.2489,319.97,625.20,52.64,68.43,338.50,631.00,25.00,54.00,0.2841,19.42,1,0,2.1712,ACCEPT,0,9873,242,14162,5,250,6432,0,0,0,0
61,0,1,1,ACCEPT,11.5134,1.4260,4459,10,-8,0.1018,336.38,608.08,52.64,68.43,352.50,626.00,21.00,92.00,0.3037,24.11,1,1,1.7725,LOW_CONF,0,7710,303,8701,5,250,4459,0,0,0,0
62,0,1,1,ACCEPT,12.6164,1.8789,6657,4,3,0.0526,342.94,614.50,52.64,68.43,352.00,620.50,36.00,89.00,0.5491,10.87,1,0,2.4662,ACCEPT,0,8631,284,11771,5,250,6657,0,0,0,0
63,0,1,1,ACCEPT,12.4012,1.4407,9967,2,0,0.7242,346.22,614.50,52.64,68.43,352.50,624.50,43.00,59.00,0.5710,11.81,1,0,2.3977,ACCEPT,0,13148,222,12873,5,250,9967,0,0,0,0
64,0,1,1,ACCEPT,11.6299,2.0036,7754,2,1,0.6790,349.50,616.64,52.64,68.43,354.50,620.00,47.00,54.00,0.6506,6.02,1,-1,1.7059,LOW_CONF,0,11807,206,13525,5,250,7754,0,0,0,0
65,0,1,1,ACCEPT,9.0359,1.4061,8746,3,0,0.2774,354.42,616.64,52.64,68.43,364.00,627.50,38.00,71.00,0.5013,14.48,1,0,2.6778,ACCEPT,0,14229,260,13409,5,250,8746,0,0,0,0
66,0,1,1,ACCEPT,12.2029,1.8896,6349,7,1,0.0471,365.91,618.78,50.61,65.80,378.50,628.50,23.00,57.00,0.3443,15.91,1,-1,2.3121,ACCEPT,0,7203,311,11351,5,250,6349,0,0,0,0
67,0,1,1,ACCEPT,16.1871,2.2534,9133,3,2,0.2729,370.64,622.91,50.61,65.80,381.50,632.00,25.00,72.00,0.4113,14.16,1,0,2.6744,ACCEPT,0,10357,479,10087,5,250,9133,0,0,0,0
68,0,1,1,ACCEPT,16.5224,2.5506,11289,2,2,0.5340,373.80,627.03,50.61,65.80,382.50,632.50,35.00,81.00,0.5722,10.28,1,0,2.4098,ACCEPT,0,13510,297,16035,5,250,11289,0,0,0,0
69,0,1,1,ACCEPT,14.8629,2.2554,13077,2,1,0.6968,376.95,629.09,50.61,65.80,380.00,630.00,40.00,60.00,0.7207,3.18,1,0,2.2530,ACCEPT,0,14964,232,16955,5,250,13077,0,0,0,0
70,0,1,1,ACCEPT,12.4220,1.8802,10809,2,0,0.7419,380.11,629.09,50.61,65.80,385.00,633.50,38.00,69.00,0.6727,6.58,1,0,2.7505,ACCEPT,0,12376,154,18621,5,250,10809,0,0,0,0
71,0,1,1,ACCEPT,13.1736,2.0587,7366,6,1,0.0490,389.58,631.16,50.61,65.80,401.00,639.00,22.00,52.00,0.3352,13.86,1,0,2.1402,ACCEPT,0,10003,221,12285,5,250,7366,0,0,0,0
72,0,1,1,ACCEPT,14.7303,1.9112,6697,3,1,0.2870,394.31,633.22,50.61,65.80,399.50,647.50,17.00,79.00,0.2681,15.19,1,0,2.7345,ACCEPT,0,9903,166,14939,5,250,6697,0,0,0,0
73,0,1,1,ACCEPT,16.0701,2.0163,7420,2,1,0.5499,397.47,635.28,50.61,65.80,398.00,641.00,36.00,78.00,0.6284,5.74,1,0,2.4696,ACCEPT,0,7548,338,18666,5,250,7420,0,0,0,0
74,0,1,1,ACCEPT,11.6599,2.3392,10531,1,0,0.9627,399.05,635.28,50.61,65.80,395.50,636.50,43.00,47.00,0.6069,3.75,1,0,2.6505,ACCEPT,0,13640,228,20459,5,250,10531,0,0,0,0
75,0,1,1,ACCEPT,11.0938,1.8197,9253,1,1,0.9211,400.62,637.34,50.61,65.80,402.50,646.50,35.00,51.00,0.5081,9.35,1,0,2.7851,ACCEPT,0,14404,305,22557,5,250,9253,0,0,0,0
76,0,1,1,ACCEPT,9.6976,1.5170,5161,0,2,0.8330,400.62,641.47,50.61,65.80,412.50,650.50,21.00,67.00,0.3410,14.92,1,0,2.3885,ACCEPT,0,8980,299,14145,5,250,5161,0,0,0,0
77,0,1,1,ACCEPT,14.8026,3.0390,10676,0,1,0.9796,400.62,643.53,50.61,65.80,403.00,651.50,40.00,87.00,0.6299,8.32,1,0,2.9024,ACCEPT,0,12628,124,18391,5,250,10676,0,0,0,0
78,0,1,1,ACCEPT,18.8623,3.2243,15528,-2,0,0.8356,397.47,643.53,50.61,65.80,394.50,650.00,49.00,58.00,0.7260,7.12,1,0,2.7823,ACCEPT,0,16287,137,18613,5,250,15528,0,0,0,0
79,0,1,1,ACCEPT,16.3237,2.3495,14015,0,0,1.0000,397.47,643.53,50.61,65.80,393.00,651.50,48.00,41.00,0.5313,9.14,1,0,2.9625,ACCEPT,0,18632,172,23014,5,250,14015,0,0,0,0
80,0,1,1,ACCEPT,18.8780,3.3025,12510,0,0,1.0000,397.47,643.53,48.67,63.27,394.00,654.00,46.00,62.00,0.6281,11.03,1,-1,2.9355,ACCEPT,0,13718,167,21169,5,250,12510,0,0,0,0
81,0,1,1,ACCEPT,17.9217,2.8481,10310,-2,-1,0.6458,394.44,641.55,46.79,60.83,399.00,655.00,22.00,62.00,0.3344,14.21,1,-1,2.4417,ACCEPT,0,12032,189,22421,5,250,10310,0,0,0,0
82,0,1,1,ACCEPT,17.0234,3.1366,11226,-1,0,0.9247,392.97,641.55,44.99,58.49,385.50,644.50,39.00,77.00,0.5587,8.03,1,-1,2.7049,ACCEPT,0,10561,112,25112,5,250,11226,0,0,0,0
83,0,1,1,ACCEPT,17.5957,3.5324,9269,-2,0,0.9123,390.16,641.55,44.99,58.49,379.50,645.50,49.00,51.00,0.5619,11.37,1,0,2.4956,ACCEPT,0,10584,171,32767,5,250,9269,0,0,0,0
84,0,1,1,ACCEPT,17.5129,2.8908,8389,-2,-1,0.8655,387.34,639.72,44.99,58.49,377.50,646.00,47.00,62.00,0.5427,11.68,1,0,2.8498,ACCEPT,0,10268,210,32767,5,250,8389,0,0,0,0
85,0,1,1,ACCEPT,13.4682,1.3449,4500,-3,0,0.7433,383.12,639.72,43.26,56.24,383.50,651.50,31.00,71.00,0.5309,11.79,1,-1,2.5456,ACCEPT,0,6042,189,30716,5,250,4500,0,0,0,0
86,0,1,1,ACCEPT,15.9584,2.8208,7461,-5,-2,0.0107,376.33,636.22,41.60,54.08,376.00,641.50,28.00,89.00,0.4692,5.29,1,-1,2.6521,ACCEPT,0,8206,173,32767,5,250,7461,0,0,0,0
87,0,1,1,ACCEPT,13.6111,2.2772,7107,-3,-2,0.4850,372.44,632.84,40.00,52.00,373.50,637.50,25.00,77.00,0.4806,4.78,1,-1,2.7687,ACCEPT,0,9175,140,20439,5,250,7107,0,0,0,0
88,0,1,1,ACCEPT,22.8895,2.9268,10241,-4,-2,0.3338,367.44,629.59,38.46,50.00,371.50,640.00,23.00,80.00,0.4401,11.17,1,-1,2.9630,ACCEPT,0,6948,190,19303,5,250,10241,0,0,0,0
89,0,1,1,ACCEPT,10.1006,1.5193,12461,-4,-1,0.4090,362.62,628.03,38.46,50.00,370.00,644.00,22.00,72.00,0.3937,17.59,1,0,3.0931,ACCEPT,0,22268,131,16692,5,250,12461,0,0,0,0
90,0,1,1,ACCEPT,17.2907,3.0738,9919,-10,-3,0.1947,350.59,623.34,36.98,48.08,350.00,626.50,32.00,81.00,0.5433,3.21,1,-1,3.0330,ACCEPT,0,11056,177,25927,5,250,9919,0,0,0,0
91,0,1,1,ACCEPT,16.7382,3.1262,14387,-4,-2,0.3031,345.97,620.34,35.56,46.23,340.50,620.50,37.00,73.00,0.4877,5.47,1,-1,2.7984,ACCEPT,0,14049,162,23708,5,250,14387,0,0,0,0
92,0,1,1,ACCEPT,19.3842,3.3111,14476,-7,-2,0.1565,338.20,617.47,34.19,44.45,341.50,623.50,23.00,79.00,0.4417,6.87,1,-1,3.2567,ACCEPT,0,14705,200,24882,5,250,14476,0,0,0,0
93,0,1,1,ACCEPT,18.5079,2.5574,13360,-5,-1,0.3089,332.89,616.08,32.88,42.74,339.00,632.00,16.00,64.00,0.3274,17.05,1,-1,2.9975,ACCEPT,0,11236,177,32322,5,250,13360,0,0,0,0
94,0,1,1,ACCEPT,12.9864,2.7445,9699,-6,-1,0.0091,326.70,614.75,32.88,42.74,336.00,625.00,28.00,76.00,0.3436,13.84,1,0,2.9075,ACCEPT,0,12176,227,28872,5,250,9699,0,0,0,0
95,0,1,1,ACCEPT,20.1246,2.5834,7577,-13,-3,0.0837,313.30,610.77,32.88,42.74,309.50,620.00,33.00,70.00,0.5043,9.98,1,0,2.9690,ACCEPT,0,6689,299,32767,5,250,7577,0,0,0,0
96,0,1,1,ACCEPT,11.6018,1.5017,8800,-6,-1,0.1648,307.11,609.44,32.88,42.74,300.50,612.00,37.00,62.00,0.4866,7.09,1,0,2.9000,ACCEPT,0,13120,198,32767,5,250,8800,0,0,0,0
97,0,1,1,ACCEPT,14.3283,1.9535,7982,-7,0,0.0852,299.89,609.44,32.88,42.74,296.50,615.00,35.00,58.00,0.6131,6.51,1,0,2.7344,ACCEPT,0,10033,109,26899,5,250,7982,0,0,0,0
98,0,1,1,ACCEPT,16.2346,2.9061,9320,-6,0,0.1174,293.70,609.44,32.88,42.74,293.50,619.50,25.00,61.00,0.5545,10.06,1,0,2.8372,ACCEPT,0,9602,154,20112,5,250,9320,0,0,0,0
99,0,1,1,ACCEPT,16.6309,3.1127,10935,-5,1,0.2001,288.55,610.77,32.88,42.74,296.50,619.00,29.00,62.00,0.4424,11.45,1,0,2.9209,ACCEPT,0,9501,81,22471,5,250,10935,0,0,0,0
100,0,1,1,ACCEPT,18.5158,3.4222,8997,-9,1,0.1047,279.27,612.09,32.88,42.74,289.50,620.50,33.00,81.00,0.3122,13.24,1,0,2.9551,ACCEPT,0,8570,140,21663,5,250,8997,0,0,0,0
101,0,1,1,ACCEPT,18.7831,3.2737,6482,-3,1,0.4525,276.17,613.42,31.61,41.10,280.00,618.00,26.00,86.00,0.4092,5.97,1,-1,2.9468,ACCEPT,0,6220,125,16474,5,250,6482,0,0,0,0
102,0,1,1,ACCEPT,18.5592,2.7281,6973,-3,0,0.6114,273.22,613.42,31.61,41.10,273.00,615.50,24.00,83.00,0.4279,2.09,1,0,2.9006,ACCEPT,0,7115,196,32450,5,250,6973,0,0,0,0
103,0,1,1,ACCEPT,17.9604,3.1972,7881,-2,0,0.7216,271.25,613.42,30.40,39.52,269.00,615.00,26.00,78.00,0.4653,2.75,1,-1,2.8454,ACCEPT,0,6973,94,18834,5,250,7881,0,0,0,0
104,0,1,1,ACCEPT,19.9482,2.5398,6451,-3,0,0.5455,268.39,613.42,29.23,38.00,268.00,615.00,26.00,64.00,0.5529,1.63,1,-1,2.8977,ACCEPT,0,5578,80,14857,5,250,6451,0,0,0,0
105,0,1,1,ACCEPT,17.0427,2.8341,4050,-3,-2,0.4380,265.67,611.05,28.10,36.53,260.50,612.50,31.00,73.00,0.3713,5.37,1,-1,2.8806,ACCEPT,0,3760,112,32767,5,250,4050,0,0,0,0
106,0,1,1,ACCEPT,11.6428,1.6168,8443,-3,-1,0.6193,263.05,609.91,27.02,35.13,270.00,615.50,22.00,71.00,0.3256,8.92,1,-1,2.8534,ACCEPT,0,10722,108,17403,5,250,8443,0,0,0,0
107,0,1,1,ACCEPT,19.5191,2.4833,12521,1,1,0.9774,263.89,611.00,25.98,33.78,274.50,623.00,25.00,58.00,0.2755,16.02,1,-1,2.8933,ACCEPT,0,9850,141,24518,5,250,12521,0,0,0,0
108,0,1,1,ACCEPT,11.9949,1.5489,10748,1,1,0.9667,264.70,612.06,24.98,32.48,278.00,624.50,32.00,71.00,0.1906,18.21,1,-1,2.9132,ACCEPT,0,13030,63,27718,5,250,10748,0,0,0,0
109,0,1,1,ACCEPT,12.9321,1.4861,6445,0,-1,0.9598,264.70,611.05,24.02,31.23,268.00,616.00,26.00,88.00,0.2873,5.95,1,-1,2.9649,ACCEPT,0,9986,94,28960,5,250,6445,0,0,0,0
110,0,1,1,ACCEPT,8.8649,1.0180,5261,1,-6,0.6176,265.45,605.23,23.10,30.03,257.50,604.50,43.00,67.00,0.2408,7.99,1,-1,2.7618,ACCEPT,0,10687,90,25453,5,250,5261,0,0,0,0
111,0,1,1,ACCEPT,11.1261,1.8402,6516,0,2,0.9159,265.45,607.11,22.21,28.87,254.00,607.00,42.00,54.00,0.2578,11.45,1,-1,2.8014,ACCEPT,0,9021,101,32767,5,250,6516,0,0,0,0
112,0,1,1,ACCEPT,9.1086,1.6439,4894,0,0,1.0000,265.45,607.11,21.36,27.76,263.00,613.50,30.00,67.00,0.2950,6.85,1,-1,2.7568,ACCEPT,0,7496,81,29977,5,250,4894,0,0,0,0
113,0,1,1,ACCEPT,9.1026,1.2605,5796,-6,6,0.4591,261.42,612.36,20.53,26.70,266.50,615.00,21.00,72.00,0.2552,5.72,1,-1,2.9243,ACCEPT,0,10099,113,22825,5,250,5796,0,0,0,0
114,0,1,1,ACCEPT,8.2082,1.2351,6961,4,1,0.0399,263.98,613.19,20.53,26.70,271.00,622.00,22.00,70.00,0.2228,11.26,1,-1,3.0067,OUT_OF_RANGE,0,14876,130,19315,5,250,6961,0,0,0,0
115,0,1,1,ACCEPT,10.8342,1.4839,5676,3,-6,0.3888,265.91,608.22,20.53,26.70,260.50,603.50,51.00,59.00,0.1822,7.18,1,-1,3.0672,OUT_OF_RANGE,0,9294,110,25478,5,250,5676,0,0,0,0
116,0,1,1,ACCEPT,10.4742,1.6474,6359,2,5,0.4348,267.19,612.36,20.53,26.70,261.50,599.50,53.00,51.00,0.1964,14.06,1,-1,3.1274,OUT_OF_RANGE,0,8805,81,23158,5,250,6359,0,0,0,0
117,0,1,1,ACCEPT,11.0368,2.4752,8636,3,5,0.2479,269.11,616.50,20.53,26.70,260.50,602.50,59.00,53.00,0.1688,16.44,1,-1,3.1171,OUT_OF_RANGE,0,15691,52,21038,5,250,8636,0,0,0,0
118,0,1,1,ACCEPT,11.3670,2.1336,6757,3,2,0.2802,271.03,618.16,20.53,26.70,261.50,610.50,59.00,45.00,0.2065,12.23,1,-1,3.1649,OUT_OF_RANGE,0,10132,55,20971,5,250,6757,0,0,0,0
119,0,1,1,ACCEPT,7.9665,1.3323,6102,-13,-3,0.0126,262.70,615.67,20.53,26.70,272.00,629.00,46.00,52.00,0.2221,16.25,1,-1,2.8188,OUT_OF_RANGE,0,9587,99,13039,5,250,6102,0,0,0,0
120,0,1,1,ACCEPT,6.9002,1.0206,1584,18,4,0.0385,274.23,618.98,21.36,27.76,276.50,633.50,39.00,55.00,0.2651,14.69,1,1,2.1928,ACCEPT,0,4467,78,7806,5,250,1584,0,0,0,0
121,0,1,1,ACCEPT,14.7623,2.0910,4479,6,1,0.1663,278.27,619.86,21.36,27.76,275.00,618.00,60.00,44.00,0.2246,3.76,1,0,2.8911,ACCEPT,0,5209,106,16044,5,250,4479,0,0,0,0
122,0,1,1,ACCEPT,7.3141,1.1002,6096,2,3,0.4716,279.61,622.48,20.53,26.70,274.50,614.00,59.00,42.00,0.2129,9.90,1,-1,2.9577,ACCEPT,0,11721,96,12674,5,250,6096,0,0,0,0
123,0,1,1,ACCEPT,10.0700,1.8370,7269,1,2,0.6392,280.25,624.14,20.53,26.70,278.00,610.50,54.00,55.00,0.1846,13.82,1,-1,3.0009,OUT_OF_RANGE,0,13531,54,13484,5,250,7269,0,0,0,0
124,0,1,1,ACCEPT,10.6162,2.0512,5928,4,0,0.2007,282.81,624.14,20.53,26.70,282.50,620.50,45.00,57.00,0.2137,3.65,1,-1,3.1548,OUT_OF_RANGE,0,9664,49,10995,5,250,5928,0,0,0,0
125,0,1,1,ACCEPT,11.4935,1.5963,5033,7,1,0.2392,287.30,624.97,20.53,26.70,297.50,641.50,25.00,67.00,0.1777,19.43,1,0,3.0700,ACCEPT,0,8577,103,12667,5,250,5033,0,0,0,0
126,0,1,1,ACCEPT,12.8397,2.0691,7066,7,0,0.3913,291.78,624.97,20.53,26.70,302.00,630.50,28.00,85.00,0.1469,11.62,1,-1,2.9998,OUT_OF_RANGE,0,7223,105,9173,5,250,7066,0,0,0,0
127,0,1,1,ACCEPT,8.9098,1.3416,4477,4,0,0.3750,294.34,624.97,20.53,26.70,302.00,627.50,38.00,61.00,0.2365,8.06,1,0,3.0819,ACCEPT,0,8348,58,10887,5,250,4477,0,0,0,0
128,0,1,1,ACCEPT,6.1854,1.3871,2526,6,1,0.4652,298.19,625.80,20.53,26.70,296.50,614.50,51.00,49.00,0.2179,11.42,1,-1,3.1197,OUT_OF_RANGE,0,7218,152,13221,5,250,2526,0,0,0,0
129,0,1,1,ACCEPT,7.9258,1.4460,3787,6,3,0.3227,302.03,628.28,20.53,26.70,299.00,615.50,50.00,47.00,0.2056,13.14,1,-1,3.2172,OUT_OF_RANGE,0,5109,118,18611,5,250,3787,0,0,0,0
130,0,1,1,ACCEPT,11.0471,1.8999,4459,16,0,0.4064,312.28,628.28,20.53,26.70,322.00,640.00,32.00,54.00,0.2408,15.22,1,-1,3.1174,OUT_OF_RANGE,0,7061,46,11475,5,250,4459,0,0,0,0
131,0,1,1,ACCEPT,11.2222,1.9947,5240,9,1,0.2761,318.05,629.11,20.53,26.70,327.00,646.00,22.00,80.00,0.1661,19.12,1,-1,3.0308,OUT_OF_RANGE,0,10821,80,8356,5,250,5240,0,0,0,0
132,0,1,1,ACCEPT,10.5847,1.7372,4562,10,0,0.4386,324.45,629.11,20.53,26.70,330.00,631.50,32.00,89.00,0.1925,6.04,1,-1,3.2012,OUT_OF_RANGE,0,8345,57,7807,5,250,4562,0,0,0,0
133,0,1,1,ACCEPT,8.5651,1.3631,3589,9,-1,0.3427,330.22,628.28,20.53,26.70,332.00,619.50,50.00,71.00,0.1544,8.96,1,-1,3.1242,OUT_OF_RANGE,0,5869,46,11461,5,250,3589,0,0,0,0
134,0,1,1,ACCEPT,7.5657,1.6987,4274,6,2,0.2281,334.06,629.94,20.53,26.70,333.50,621.50,59.00,41.00,0.2134,8.46,1,-1,3.1313,OUT_OF_RANGE,0,8698,61,15762,5,250,4274,0,0,0,0
135,0,1,1,ACCEPT,7.2487,1.2403,3856,-1,-13,0.4453,333.42,619.17,20.53,26.70,347.50,638.00,39.00,42.00,0.1253,23.51,1,-1,3.0496,OUT_OF_RANGE,0,7654,56,12237,5,250,3856,0,0,0,0
136,0,1,1,ACCEPT,5.5707,1.2886,1795,3,-10,0.5755,335.34,610.89,20.53,26.70,356.50,642.00,25.00,52.00,0.0072,37.62,1,-1,2.9687,OUT_OF_RANGE,0,7316,60,6613,5,250,1795,0,0,0,0
137,0,1,1,ACCEPT,7.5090,1.5382,2761,0,-1,0.9819,335.34,610.06,20.53,26.70,361.50,623.00,25.00,80.00,0.0000,29.18,1,-1,3.1619,OUT_OF_RANGE,0,8780,99,5061,5,250,2761,0,0,0,0
138,0,1,1,ACCEPT,6.8161,1.1775,2494,0,4,0.5690,335.34,613.38,20.53,26.70,361.00,629.00,42.00,84.00,0.0382,30.04,1,-1,2.9579,OUT_OF_RANGE,0,8096,127,5214,5,250,2494,0,0,0,0
139,0,1,1,ACCEPT,8.1186,1.6935,1702,0,1,0.9530,335.34,614.20,20.53,26.70,358.50,621.00,51.00,58.00,0.1062,24.13,1,-1,3.0127,OUT_OF_RANGE,0,4950,40,7537,5,250,1702,0,0,0,0
140,0,1,1,ACCEPT,8.5020,1.7358,1892,-1,2,0.9609,334.70,615.86,20.53,26.70,372.00,635.00,30.00,48.00,0.0000,41.92,1,-1,3.1354,OUT_OF_RANGE,0,4848,50,7329,5,250,1892,0,0,0,0
141,0,1,1,ACCEPT,9.9733,1.8255,3808,-1,2,0.8881,334.06,617.52,20.53,26.70,385.50,635.50,27.00,57.00,0.0000,54.49,1,-1,3.2549,OUT_OF_RANGE,0,9647,149,5589,5,250,3808,0,0,0,0
142,0,1,1,ACCEPT,11.4793,1.5849,3929,0,0,1.0000,334.06,617.52,20.53,26.70,386.50,639.00,21.00,80.00,0.0000,56.67,1,-1,3.0610,OUT_OF_RANGE,0,7871,133,7771,5,250,3929,0,0,0,0
143,0,1,1,ACCEPT,12.8201,1.8993,4845,1,-1,0.9560,334.70,616.69,20.53,26.70,382.00,628.00,44.00,80.00,0.0000,48.63,1,-1,3.3742,OUT_OF_RANGE,0,8593,111,7552,5,250,4845,0,0,0,0
144,0,1,1,ACCEPT,12.2917,1.7122,3873,-1,0,0.8686,334.06,616.69,20.53,26.70,382.50,620.00,45.00,52.00,0.0000,48.55,1,-1,3.5736,OUT_OF_RANGE,0,7063,89,8680,5,250,3873,0,0,0,0
145,0,1,1,ACCEPT,10.5383,1.4654,3174,1,7,0.1144,334.70,622.48,20.53,26.70,390.50,624.50,37.00,67.00,0.0000,55.83,1,-1,3.4297,OUT_OF_RANGE,0,5671,48,9516,5,250,3174,0,0,0,0
146,0,1,1,ACCEPT,10.7314,1.6565,4191,0,2,0.8523,334.70,624.14,20.53,26.70,399.00,633.00,30.00,62.00,0.0000,64.90,1,-1,3.4846,OUT_OF_RANGE,0,7188,102,9739,5,250,4191,0,0,0,0
147,0,1,1,ACCEPT,12.7225,1.5728,3545,1,-1,0.8468,335.34,623.31,20.53,26.70,404.00,626.50,22.00,57.00,0.0000,68.73,1,-1,3.4173,OUT_OF_RANGE,0,5549,47,12371,5,250,3545,0,0,0,0
148,0,1,1,ACCEPT,13.8459,1.5084,5450,3,-1,0.2639,337.27,622.48,20.53,26.70,395.50,628.00,41.00,72.00,0.0000,58.49,1,-1,3.3555,OUT_OF_RANGE,0,7160,137,10967,5,250,5450,0,0,0,0
149,0,1,1,ACCEPT,16.5342,2.6337,6155,1,2,0.4089,337.91,624.14,20.53,26.70,391.00,614.50,50.00,71.00,0.0000,53.96,1,-1,3.2593,OUT_OF_RANGE,0,7086,102,11115,5,250,6155,0,0,0,0
150,0,1,1,ACCEPT,17.0790,3.4278,6314,0,4,0.3252,337.91,627.45,20.53,26.70,399.00,630.00,30.00,62.00,0.0000,61.15,1,-1,3.4233,OUT_OF_RANGE,0,7716,77,10760,5,250,6314,0,0,0,0
151,0,1,1,ACCEPT,16.0102,2.5111,4515,0,0,1.0000,337.91,627.45,20.53,26.70,405.00,621.00,20.00,56.00,0.0000,67.40,1,-1,3.1834,OUT_OF_RANGE,0,5116,48,11718,5,250,4515,0,0,0,0
152,0,1,1,ACCEPT,7.3605,1.2769,4358,0,1,0.9020,337.91,628.28,20.53,26.70,399.50,621.00,33.00,76.00,0.0000,62.02,1,8,1.2346,MAX_STEP,0,6934,80,8967,5,250,4358,0,0,0,0
153,0,1,1,ACCEPT,12.7784,1.7221,4393,0,0,1.0000,337.91,628.28,20.53,26.70,388.50,605.50,47.00,73.00,0.0000,55.49,1,-1,2.7719,OUT_OF_RANGE,0,6293,91,11209,5,250,4393,0,0,0,0
154,0,1,1,ACCEPT,14.9279,2.3972,6899,1,-2,0.6817,338.55,626.62,20.53,26.70,387.00,604.50,48.00,71.00,0.0000,53.27,1,3,1.7948,MAX_STEP,0,7189,73,14186,5,250,6899,0,0,0,0
155,0,1,1,ACCEPT,9.0874,1.3148,2527,2,2,0.3023,339.83,628.28,20.53,26.70,384.50,613.00,29.00,80.00,0.0000,47.21,1,0,3.0704,ACCEPT,0,5898,82,6666,5,250,2527,0,0,0,0
156,0,1,1,ACCEPT,8.8660,1.4380,1438,2,0,0.5834,341.11,628.28,20.53,26.70,374.50,601.00,41.00,82.00,0.0000,43.12,1,-1,3.4011,OUT_OF_RANGE,0,3285,144,6735,5,250,1438,0,0,0,0
157,0,1,0,NEGATIVE_PEAK,-7.7427,1.0002,-4951,13,-5,0.1763,341.11,628.28,20.53,26.70,367.00,596.00,48.00,60.00,0.0278,41.38,0,0,0.0000,NOT_RUN,0,9420,112,0,5,250,4951,0,0,0,0
158,0,1,0,NEGATIVE_PEAK,-8.5552,1.1667,-2576,5,-19,0.0198,341.11,628.28,20.53,26.70,363.50,594.00,49.00,42.00,0.0003,40.95,0,0,0.0000,NOT_RUN,0,4344,78,0,5,250,2576,0,0,0,0
159,0,1,1,ACCEPT,7.8865,1.5417,1665,22,-21,0.2078,355.20,610.89,20.53,26.70,370.00,588.00,26.00,48.00,0.0732,27.26,1,-1,3.2115,OUT_OF_RANGE,0,3010,114,8564,5,250,1665,0,0,0,0
160,0,1,1,ACCEPT,7.6231,1.5439,1459,6,-15,0.0548,359.05,598.47,20.53,26.70,374.00,595.50,28.00,47.00,0.1539,15.24,1,7,1.2739,MAX_STEP,0,3025,141,6282,5,250,1459,0,0,0,0
161,0,1,1,ACCEPT,5.6807,1.0948,1224,15,-3,0.0507,368.66,595.98,20.53,26.70,368.50,594.50,29.00,81.00,0.2334,1.49,1,-16,1.1673,AT_SEARCH_RAIL,0,3999,189,9147,5,250,1224,0,0,0,0
162,0,1,1,ACCEPT,5.1379,1.0625,1275,0,-3,0.0784,368.66,593.50,20.53,26.70,350.00,583.50,34.00,79.00,0.0765,21.17,1,-5,1.3709,MAX_STEP,0,3494,107,11344,5,250,1275,0,0,0,0
163,0,1,0,LOW_PSR,4.7724,1.0627,1118,-11,-3,0.4392,368.66,593.50,20.53,26.70,342.00,578.00,46.00,56.00,0.0579,30.84,0,0,0.0000,NOT_RUN,0,3707,82,0,5,250,1118,0,0,0,0
164,0,1,1,ACCEPT,6.1423,1.0421,1089,13,-5,0.0799,376.98,589.36,20.53,26.70,341.00,582.00,44.00,34.00,0.0000,36.73,1,-1,2.7830,OUT_OF_RANGE,0,2722,141,9088,5,250,1089,0,0,0,0
165,0,1,1,ACCEPT,8.7318,1.2480,1595,4,0,0.1743,379.55,589.36,20.53,26.70,355.00,583.00,16.00,64.00,0.0000,25.36,1,-2,2.1142,OUT_OF_RANGE,0,3406,65,7112,5,250,1595,0,0,0,0
166,0,1,1,ACCEPT,9.6094,1.1200,1559,0,-3,0.4631,379.55,586.88,20.53,26.70,362.00,582.50,26.00,51.00,0.0887,18.08,1,0,2.1013,ACCEPT,0,2836,81,6900,5,250,1559,0,0,0,0
167,0,1,1,ACCEPT,10.9345,1.5883,1709,2,-3,0.2604,380.83,584.39,20.53,26.70,358.50,572.50,17.00,57.00,0.0000,25.30,1,0,1.8888,LOW_CONF,0,3158,115,7400,5,250,1709,0,0,0,0
168,0,1,1,ACCEPT,11.6947,2.0167,1694,1,-1,0.8034,381.47,583.56,20.53,26.70,352.50,578.00,19.00,84.00,0.0000,29.50,1,-3,1.8411,MAX_STEP,0,2920,98,9215,5,250,1694,0,0,0,0
169,0,1,1,ACCEPT,13.2557,1.9631,1916,2,-2,0.3956,382.75,581.91,20.53,26.70,341.50,571.00,41.00,66.00,0.0000,42.67,1,-2,2.7378,OUT_OF_RANGE,0,2949,96,10515,5,250,1916,0,0,0,0
170,0,1,1,ACCEPT,10.4991,1.0056,1260,0,-1,0.9730,382.75,581.08,20.53,26.70,347.50,556.50,27.00,47.00,0.0000,42.97,1,5,2.4197,MAX_STEP,0,2409,136,12963,5,250,1260,0,0,0,0
171,0,1,1,ACCEPT,9.9928,1.4407,1033,0,2,0.8403,382.75,582.73,20.53,26.70,354.00,559.00,18.00,52.00,0.0000,37.28,1,0,1.4258,LOW_CONF,0,1618,157,12326,5,250,1033,0,0,0,0
172,0,1,1,ACCEPT,7.7603,1.1937,1473,0,-1,0.8649,382.75,581.91,20.53,26.70,360.00,572.50,14.00,61.00,0.0000,24.62,1,-1,2.6039,OUT_OF_RANGE,0,2956,124,11755,5,250,1473,0,0,0,0
173,0,1,1,ACCEPT,10.1504,1.2927,1294,0,-1,0.9397,382.75,581.08,20.53,26.70,362.50,564.50,13.00,73.00,0.0000,26.17,1,-1,2.1190,OUT_OF_RANGE,0,2741,109,11551,5,250,1294,0,0,0,0
174,0,1,1,ACCEPT,8.3796,1.0772,949,1,-2,0.9136,383.39,579.42,20.53,26.70,363.50,567.00,17.00,90.00,0.0000,23.45,1,-2,3.0631,OUT_OF_RANGE,0,2531,100,12448,5,250,949,0,0,0,0
175,0,1,1,ACCEPT,10.2112,2.0615,1006,1,2,0.7694,384.03,581.08,20.53,26.70,364.00,563.50,34.00,59.00,0.0771,26.65,1,-2,3.0184,OUT_OF_RANGE,0,1754,72,13259,5,250,1006,0,0,0,0
176,0,1,1,ACCEPT,11.0251,2.0359,1700,0,-2,0.7271,384.03,579.42,20.53,26.70,363.50,557.50,33.00,37.00,0.0363,30.03,1,-2,2.3360,OUT_OF_RANGE,0,2939,112,12658,5,250,1700,0,0,0,0
177,0,1,1,ACCEPT,7.4655,1.4902,1368,2,-6,0.6265,385.31,574.45,20.53,26.70,365.50,560.00,31.00,66.00,0.0653,24.52,1,-1,3.1784,OUT_OF_RANGE,0,3441,108,10838,5,250,1368,0,0,0,0
178,0,1,1,ACCEPT,6.2360,1.4686,771,1,0,0.9326,385.95,574.45,20.53,26.70,376.00,561.50,20.00,53.00,0.2066,16.34,1,-1,3.0786,OUT_OF_RANGE,0,1741,110,15354,5,250,771,0,0,0,0
179,0,1,1,ACCEPT,5.9445,1.2647,1032,21,-23,0.5921,399.41,555.41,20.53,26.70,379.50,561.50,23.00,87.00,0.0199,20.82,1,-1,2.8335,OUT_OF_RANGE,0,3324,77,14008,5,250,1032,0,0,0,0
180,0,1,1,ACCEPT,6.7091,1.0291,3321,7,-20,0.2225,403.89,538.84,20.53,26.70,363.50,560.00,49.00,52.00,0.0000,45.60,1,-14,0.6491,MAX_STEP,0,7029,139,14780,5,250,3321,0,0,0,0
181,0,1,1,ACCEPT,10.0477,2.0743,2707,0,-1,0.9664,403.89,538.02,20.53,26.70,365.50,560.50,47.00,59.00,0.0000,44.49,1,-15,0.7279,MAX_STEP,0,4214,93,15077,5,250,2707,0,0,0,0
182,0,1,1,ACCEPT,10.1220,1.5741,4650,3,-5,0.0583,405.81,533.88,20.53,26.70,372.50,563.00,21.00,36.00,0.0000,44.25,1,-6,0.8888,MAX_STEP,0,8717,121,12742,5,250,4650,0,0,0,0
183,0,1,1,ACCEPT,6.9542,1.0072,3626,6,-12,0.0568,409.66,523.94,20.53,26.70,370.50,562.50,17.00,73.00,0.0000,54.96,1,15,1.1706,MAX_STEP,0,10670,172,11242,5,250,3626,0,0,0,0
184,0,1,1,ACCEPT,9.4011,1.7609,2298,3,-2,0.6654,411.58,522.28,20.53,26.70,355.50,559.00,35.00,78.00,0.0000,67.03,1,-6,1.1873,MAX_STEP,0,4784,72,9844,5,250,2298,0,0,0,0
185,0,1,1,ACCEPT,8.5997,1.3806,1549,15,-18,0.1059,421.19,507.38,20.53,26.70,342.50,558.50,45.00,49.00,0.0000,93.84,1,13,0.7307,MAX_STEP,0,4088,94,8383,5,250,1549,0,0,0,0
186,0,1,1,ACCEPT,9.2827,1.7539,2124,4,-7,0.3649,423.75,501.58,20.53,26.70,349.50,563.50,19.00,43.00,0.0000,96.68,1,5,1.1263,MAX_STEP,0,6472,160,9340,5,250,2124,0,0,0,0
187,0,1,1,ACCEPT,6.7018,1.2155,1393,-2,1,0.5937,422.47,502.41,20.53,26.70,355.00,562.50,28.00,47.00,0.0000,90.35,1,13,0.8498,MAX_STEP,0,5343,168,9535,5,250,1393,0,0,0,0
188,0,1,1,ACCEPT,8.3575,1.4203,1997,1,0,0.8152,423.11,502.41,20.53,26.70,348.50,561.00,29.00,86.00,0.0000,94.87,1,12,0.7977,MAX_STEP,0,5632,152,11364,5,250,1997,0,0,0,0
189,0,1,1,ACCEPT,11.1653,1.8099,2838,1,0,0.9105,423.75,502.41,20.53,26.70,328.50,551.50,35.00,79.00,0.0000,107.16,1,13,0.8090,MAX_STEP,0,6220,144,10308,5,250,2838,0,0,0,0
190,0,1,1,ACCEPT,6.8712,1.2068,1692,-1,4,0.1217,423.11,505.72,20.53,26.70,320.00,548.50,42.00,53.00,0.0000,111.63,1,15,0.8253,MAX_STEP,0,5592,166,8902,5,250,1692,0,0,0,0
191,0,1,1,ACCEPT,9.2789,1.5153,2235,1,3,0.4072,423.75,508.20,20.53,26.70,327.00,556.00,22.00,72.00,0.0000,107.91,1,15,0.9047,MAX_STEP,0,4977,164,11410,5,250,2235,0,0,0,0
192,0,1,1,ACCEPT,13.2150,2.0842,2499,0,1,0.9412,423.75,509.03,20.53,26.70,332.50,561.00,25.00,46.00,0.0000,105.01,1,14,0.8609,MAX_STEP,0,4284,102,11184,5,250,2499,0,0,0,0
193,0,1,1,ACCEPT,10.7436,1.2424,2086,3,0,0.5618,425.67,509.03,20.53,26.70,335.50,557.00,25.00,74.00,0.0000,102.14,1,-15,0.9393,MAX_STEP,0,3740,75,11291,5,250,2086,0,0,0,0
194,0,1,1,ACCEPT,10.2884,1.6131,1989,1,0,0.8562,426.31,509.03,20.53,26.70,325.50,556.00,11.00,92.00,0.0000,111.22,1,-16,0.8899,AT_SEARCH_RAIL,0,4039,113,9777,5,250,1989,0,0,0,0
195,0,1,1,ACCEPT,9.4916,1.3278,2155,7,-7,0.1397,430.80,503.23,20.53,26.70,308.00,555.00,44.00,64.00,0.0000,133.26,1,12,0.9477,MAX_STEP,0,3987,135,9289,5,250,2155,0,0,0,0
196,0,1,1,ACCEPT,8.8202,1.2354,1716,1,0,0.8293,431.44,503.23,20.53,26.70,310.00,556.00,38.00,60.00,0.0000,132.41,1,13,0.9158,MAX_STEP,0,3729,96,8470,5,250,1716,0,0,0,0
197,0,1,1,ACCEPT,8.1806,1.1810,1168,6,-3,0.4452,435.28,500.75,20.53,26.70,317.00,556.50,24.00,69.00,0.0000,130.76,1,5,1.0620,MAX_STEP,0,2647,95,8407,5,250,1168,0,0,0,0
198,0,1,1,ACCEPT,8.5825,1.4489,1275,0,0,1.0000,435.28,500.75,20.53,26.70,323.00,553.00,22.00,56.00,0.0000,123.84,1,5,1.1956,MAX_STEP,0,2652,103,8157,5,250,1275,0,0,0,0
199,0,1,1,ACCEPT,11.1099,2.1655,1583,3,1,0.3923,437.20,501.58,20.53,26.70,328.50,552.00,19.00,56.00,0.0000,119.83,1,5,1.5087,MAX_STEP,0,2804,87,9125,5,250,1583,0,0,0,0
200,0,1,1,ACCEPT,5.2605,1.0716,1003,2,10,0.4158,438.48,509.86,20.53,26.70,316.00,566.50,28.00,93.00,0.0000,134.95,1,5,1.2543,MAX_STEP,0,3206,92,8865,5,250,1003,0,0,0,0
201,0,1,1,ACCEPT,12.7382,2.4498,2342,3,1,0.3091,440.41,510.69,20.53,26.70,315.50,569.00,39.00,66.00,0.0000,137.85,1,6,1.0625,MAX_STEP,0,3705,98,9347,5,250,2342,0,0,0,0
202,0,1,1,ACCEPT,8.3111,1.3000,1742,3,-1,0.6165,442.33,509.86,20.53,26.70,317.00,570.00,44.00,62.00,0.0000,139.01,1,-12,0.9483,MAX_STEP,0,3627,106,8050,5,250,1742,0,0,0,0
203,0,1,1,ACCEPT,10.8129,2.0487,1768,3,0,0.4010,444.25,509.86,20.53,26.70,322.50,569.50,41.00,61.00,0.0000,135.57,1,-13,0.8611,MAX_STEP,0,3125,90,10682,5,250,1768,0,0,0,0
204,0,1,1,ACCEPT,8.9551,1.8638,1355,0,5,0.1114,444.25,514.00,20.53,26.70,328.50,575.50,35.00,63.00,0.0000,131.07,1,-14,1.0319,MAX_STEP,0,2820,115,8013,5,250,1355,0,0,0,0
205,0,1,1,ACCEPT,6.2291,1.5275,721,3,7,0.3176,446.17,519.80,20.53,26.70,341.50,565.00,35.00,68.00,0.0000,114.02,1,-13,1.0429,MAX_STEP,0,1743,121,10053,5,250,721,0,0,0,0
206,0,1,1,ACCEPT,5.1590,1.2702,926,1,5,0.1533,446.81,523.94,20.53,26.70,350.50,562.00,31.00,62.00,0.0000,103.56,1,-10,1.0486,MAX_STEP,0,2672,83,8981,5,250,926,0,0,0,0
207,0,1,1,ACCEPT,9.7753,1.5099,1827,0,4,0.2813,446.81,527.25,20.53,26.70,354.00,566.00,38.00,38.00,0.0000,100.58,1,-6,1.4780,MAX_STEP,0,3017,121,8939,5,250,1827,0,0,0,0
208,0,1,1,ACCEPT,10.0970,1.2819,1978,3,0,0.1562,448.73,527.25,20.53,26.70,356.50,569.00,45.00,38.00,0.0000,101.24,1,-11,1.2281,MAX_STEP,0,3216,99,12551,5,250,1978,0,0,0,0
209,0,1,1,ACCEPT,7.0226,1.1809,1717,-2,10,0.4292,447.45,535.53,20.53,26.70,355.50,571.00,49.00,46.00,0.0000,98.56,1,-5,1.3243,MAX_STEP,0,3278,100,12919,5,250,1717,0,0,0,0
210,0,1,1,ACCEPT,7.4895,1.5606,682,4,7,0.0337,450.02,541.33,20.53,26.70,362.50,577.00,35.00,70.00,0.0000,94.51,1,-11,1.2158,MAX_STEP,0,1346,288,9753,5,250,682,0,0,0,0
211,0,1,1,ACCEPT,10.7599,2.4286,1853,0,4,0.5596,450.02,544.64,20.53,26.70,360.00,577.00,40.00,88.00,0.0000,95.66,1,-9,1.1710,MAX_STEP,0,2660,120,10855,5,250,1853,0,0,0,0
212,0,1,1,ACCEPT,11.5738,1.8868,2034,-1,8,0.3437,449.38,551.27,20.53,26.70,361.00,575.50,44.00,45.00,0.0000,91.64,1,-4,1.2751,MAX_STEP,0,2768,107,9103,5,250,2034,0,0,0,0
213,0,1,1,ACCEPT,11.0674,1.8184,1562,0,4,0.5410,449.38,554.58,20.53,26.70,365.50,579.50,41.00,59.00,0.0000,87.50,1,-5,1.2461,MAX_STEP,0,2317,98,10762,5,250,1562,0,0,0,0
214,0,1,1,ACCEPT,7.0355,1.4788,1291,0,13,0.2990,449.38,565.34,20.53,26.70,371.00,581.50,30.00,39.00,0.0000,80.02,1,13,0.9447,MAX_STEP,0,2695,90,10760,5,250,1291,0,0,0,0
215,0,1,1,ACCEPT,7.7021,1.1233,1521,-1,4,0.2689,448.73,568.66,20.53,26.70,373.00,580.50,30.00,81.00,0.0000,76.65,1,13,1.0105,MAX_STEP,0,3733,79,8860,5,250,1521,0,0,0,0
216,0,1,1,ACCEPT,7.7717,1.3529,920,0,6,0.2793,448.73,573.62,20.53,26.70,364.50,576.00,53.00,58.00,0.0000,84.27,1,16,0.9248,AT_SEARCH_RAIL,0,2191,91,13389,5,250,920,0,0,0,0
217,0,1,1,ACCEPT,7.0501,1.1797,1037,1,7,0.0617,449.38,579.42,20.53,26.70,370.00,578.50,48.00,61.00,0.0000,79.38,1,14,0.8663,MAX_STEP,0,2383,88,13646,5,250,1037,0,0,0,0
218,0,1,1,ACCEPT,7.9818,1.3487,1203,1,7,0.1106,450.02,585.22,20.53,26.70,374.50,585.50,23.00,49.00,0.0000,75.52,1,8,1.1197,MAX_STEP,0,2304,86,17363,5,250,1203,0,0,0,0
219,0,1,1,ACCEPT,9.0717,1.5054,1537,-2,6,0.0072,448.73,590.19,20.53,26.70,374.00,587.50,16.00,71.00,0.0000,74.78,1,10,1.2302,MAX_STEP,0,2535,83,15610,5,250,1537,0,0,0,0
220,0,1,1,ACCEPT,7.8812,1.4842,1177,-1,9,0.2430,448.09,597.64,20.53,26.70,355.50,572.00,41.00,52.00,0.0000,96.08,1,4,1.5566,MAX_STEP,0,2508,71,8566,5,250,1177,0,0,0,0
221,0,1,1,ACCEPT,8.6229,2.0835,1098,-1,2,0.5893,447.45,599.30,20.53,26.70,353.00,575.00,38.00,64.00,0.0000,97.53,1,1,1.7487,LOW_CONF,0,2441,85,9682,5,250,1098,0,0,0,0
222,0,1,1,ACCEPT,10.8488,1.8479,1397,1,5,0.2112,448.09,603.44,20.53,26.70,359.00,581.00,18.00,52.00,0.0000,91.88,1,0,2.2582,ACCEPT,0,2312,73,10134,5,250,1397,0,0,0,0
223,0,1,1,ACCEPT,13.5864,2.0621,1693,-1,4,0.2741,447.45,606.75,20.53,26.70,358.50,578.50,15.00,49.00,0.0000,93.33,1,3,1.5549,MAX_STEP,0,2172,74,12488,5,250,1693,0,0,0,0
224,0,1,1,ACCEPT,11.6879,1.6563,1966,2,6,0.5361,448.73,611.72,20.53,26.70,357.50,579.00,11.00,94.00,0.0000,96.92,1,0,2.9693,ACCEPT,0,2406,81,10555,5,250,1966,0,0,0,0
225,0,1,1,ACCEPT,10.6138,1.8365,1528,0,9,0.0982,448.73,619.17,20.53,26.70,340.00,580.00,32.00,76.00,0.0000,115.58,1,4,1.7018,MAX_STEP,0,2414,73,9427,5,250,1528,0,0,0,0
226,0,1,1,ACCEPT,13.1555,2.3233,1775,-1,8,0.0361,448.09,625.80,20.53,26.70,339.00,581.00,24.00,80.00,0.0000,117.93,1,4,1.6839,MAX_STEP,0,2319,60,7137,5,250,1775,0,0,0,0
227,0,1,1,ACCEPT,18.3977,3.9183,1967,1,6,0.1261,448.73,630.77,20.53,26.70,339.50,584.00,15.00,78.00,0.0000,118.82,1,3,1.8423,MAX_STEP,0,1577,61,7999,5,250,1967,0,0,0,0
228,0,1,1,ACCEPT,13.0544,2.6857,1222,0,3,0.6538,448.73,633.25,20.53,26.70,337.50,583.00,15.00,80.00,0.0000,122.06,1,4,1.8786,MAX_STEP,0,1317,55,9024,5,250,1222,0,0,0,0
229,0,1,1,ACCEPT,15.5154,2.9346,1796,2,1,0.6932,450.02,634.08,20.53,26.70,331.00,576.50,20.00,89.00,0.0000,132.21,1,4,1.8716,MAX_STEP,0,1790,47,7235,5,250,1796,0,0,0,0
230,0,1,1,ACCEPT,10.0209,1.7347,1190,4,-4,0.2731,452.58,630.77,20.53,26.70,320.00,577.00,22.00,70.00,0.0000,143.07,1,4,1.6783,MAX_STEP,0,1679,70,6392,5,250,1190,0,0,0,0
231,0,1,1,ACCEPT,14.6780,2.5792,1336,1,4,0.1692,453.22,634.08,20.53,26.70,314.50,579.00,23.00,80.00,0.0000,149.25,1,4,1.6841,MAX_STEP,0,1172,45,7012,5,250,1336,0,0,0,0
232,0,1,1,ACCEPT,12.9438,1.9259,1456,1,11,0.0151,453.86,643.19,22.21,28.87,313.00,582.00,18.00,84.00,0.0000,153.57,1,2,2.1303,ACCEPT,0,1605,55,8385,5,250,1456,0,0,0,0
233,0,1,1,ACCEPT,6.3021,1.0727,620,2,0,0.4919,455.23,643.19,22.21,28.87,315.50,584.50,15.00,71.00,0.0000,151.56,1,1,1.5757,LOW_CONF,0,1523,65,7338,5,250,620,0,0,0,0
234,0,1,1,ACCEPT,6.3083,1.0805,604,4,3,0.3411,457.98,645.91,22.21,28.87,314.00,580.00,22.00,64.00,0.0000,158.35,1,-1,1.6740,LOW_CONF,0,1662,48,6691,5,250,604,0,0,0,0
235,0,1,0,NEGATIVE_PEAK,-5.4032,1.0898,-522,1,-5,0.2203,457.98,645.91,22.21,28.87,301.50,578.50,37.00,81.00,0.0000,170.38,0,0,0.0000,NOT_RUN,0,1361,80,0,5,250,522,0,0,0,0
236,0,1,0,NEGATIVE_PEAK,-5.6134,1.3525,-518,0,-1,0.9672,457.98,645.91,22.21,28.87,293.00,577.50,36.00,69.00,0.0000,178.60,0,0,0.0000,NOT_RUN,0,1364,82,0,5,250,518,0,0,0,0
237,0,1,0,NEGATIVE_PEAK,-6.3170,1.3769,-548,1,0,0.8996,457.98,645.91,22.21,28.87,286.00,572.00,32.00,68.00,0.0000,187.19,0,0,0.0000,NOT_RUN,0,1441,83,0,5,250,548,0,0,0,0
238,0,1,0,NEGATIVE_PEAK,-5.9652,1.3110,-607,1,1,0.8188,457.98,645.91,22.21,28.87,285.50,573.00,31.00,76.00,0.0000,187.26,0,0,0.0000,NOT_RUN,0,1565,68,0,5,250,607,0,0,0,0
239,0,1,1,ACCEPT,7.2136,1.4157,848,-13,1,0.2075,449.05,646.81,22.21,28.87,287.50,576.00,23.00,80.00,0.0000,176.39,1,5,0.8326,MAX_STEP,0,1804,62,6736,5,250,848,0,0,0,0
240,0,1,1,ACCEPT,8.3851,1.3128,894,2,9,0.0570,450.42,654.97,22.21,28.87,288.50,576.50,19.00,77.00,0.0000,179.93,1,13,0.7572,MAX_STEP,0,2309,99,8458,5,250,894,0,0,0,0
241,0,1,1,ACCEPT,9.9155,1.1065,1029,3,3,0.2789,452.48,657.69,22.21,28.87,282.00,572.00,20.00,54.00,0.0000,190.81,1,5,0.8816,MAX_STEP,0,1848,95,13246,5,250,1029,0,0,0,0
242,0,1,1,ACCEPT,9.4749,1.0733,1289,-4,8,0.7013,449.73,664.94,22.21,28.87,279.00,569.50,18.00,69.00,0.0000,195.60,1,-7,1.0407,MAX_STEP,0,2195,86,13699,5,250,1289,0,0,0,0
243,0,1,1,ACCEPT,15.8157,2.0358,1877,0,3,0.5365,449.73,667.66,22.21,28.87,276.50,563.50,15.00,69.00,0.0000,202.14,1,-6,0.8698,MAX_STEP,0,2165,86,12196,5,250,1877,0,0,0,0
244,0,1,1,ACCEPT,13.3951,1.4631,1665,2,-1,0.4276,451.11,666.75,22.21,28.87,273.00,566.50,18.00,77.00,0.0000,204.38,1,-6,1.1607,MAX_STEP,0,1900,85,11331,5,250,1665,0,0,0,0
245,0,1,1,ACCEPT,14.9404,2.2668,1784,2,4,0.0028,452.48,670.38,22.21,28.87,264.00,564.00,24.00,48.00,0.0000,216.43,1,-11,1.0339,MAX_STEP,0,1829,79,11019,5,250,1784,0,0,0,0
246,0,1,1,ACCEPT,12.4554,1.6852,1274,0,5,0.0133,452.48,674.91,22.21,28.87,259.50,563.50,27.00,51.00,0.0000,222.83,1,-7,0.9938,MAX_STEP,0,1621,77,9703,5,250,1274,0,0,0,0
247,0,1,1,ACCEPT,14.5555,2.3377,1613,-1,4,0.0446,451.80,678.53,22.21,28.87,255.00,560.50,28.00,65.00,0.0000,229.48,1,-6,1.0399,MAX_STEP,0,1575,77,11996,5,250,1613,0,0,0,0
248,0,1,1,ACCEPT,19.7328,3.3102,1910,0,4,0.0723,451.80,682.16,22.21,28.87,253.50,565.00,23.00,60.00,0.0000,230.32,1,-5,0.7775,MAX_STEP,0,1514,82,12547,5,250,1910,0,0,0,0
249,0,1,1,ACCEPT,9.2431,1.3807,885,4,2,0.0395,454.55,683.97,22.21,28.87,250.00,556.00,12.00,44.00,0.0000,241.28,1,-6,0.8297,MAX_STEP,0,1463,85,13608,5,250,885,0,0,0,0
250,0,1,1,ACCEPT,13.9774,1.5955,1211,4,5,0.0834,457.30,688.50,22.21,28.87,240.50,549.00,21.00,74.00,0.0000,257.80,1,5,0.8852,MAX_STEP,0,1392,79,17622,5,250,1211,0,0,0,0
0,0,0,0,ZERO_RESPONSE,0.0000,0.0000,0,0,0,0.0000,316.00,86.00,72.00,60.00,316.00,86.00,72.00,60.00,1.0000,0.00,1,0,0.0000,NOT_RUN,0,0,578,22757,6,338,0,0,0,0,0
1,0,1,1,ACCEPT,7.4207,1.0059,1543,1,7,0.1957,318.25,99.12,72.00,60.00,333.50,113.50,49.00,61.00,0.3997,20.96,1,0,2.7955,ACCEPT,0,2132,299,14057,6,338,1543,0,0,0,0
2,0,1,1,ACCEPT,5.6091,1.1183,567,7,6,0.2663,334.00,110.38,72.00,60.00,342.50,140.50,29.00,61.00,0.1691,31.30,1,0,2.8401,ACCEPT,0,1044,133,14979,6,338,567,0,0,0,0
3,0,1,0,LOW_PSR,4.6631,1.1010,458,26,-1,0.3210,334.00,110.38,72.00,60.00,351.50,161.00,15.00,60.00,0.0277,53.56,0,0,0.0000,NOT_RUN,0,2180,166,0,6,338,458,0,0,0,0
4,0,1,0,LOW_PSR,4.6589,1.0313,428,26,5,0.4416,334.00,110.38,72.00,60.00,366.50,216.50,19.00,55.00,0.0000,110.99,0,0,0.0000,NOT_RUN,0,2104,159,0,6,338,428,0,0,0,0
5,0,1,0,LOW_PSR,4.8185,1.1187,443,26,5,0.4108,334.00,110.38,72.00,60.00,362.50,240.00,37.00,54.00,0.0000,132.72,0,0,0.0000,NOT_RUN,0,2106,157,0,6,338,443,0,0,0,0
6,0,1,0,LOW_PSR,4.4302,1.0100,404,26,6,0.4134,334.00,110.38,72.00,60.00,350.50,267.00,61.00,58.00,0.0000,157.49,0,0,0.0000,NOT_RUN,0,2124,175,0,6,338,404,0,0,0,0
7,0,1,1,ACCEPT,5.0476,1.0655,439,26,7,0.3645,392.50,123.50,72.00,60.00,346.50,293.00,73.00,56.00,0.0000,175.63,1,0,2.8366,ACCEPT,0,2037,158,7941,6,338,439,0,0,0,0
8,0,1,1,ACCEPT,7.1738,1.3506,732,-10,2,0.2295,370.00,127.25,69.23,57.69,350.00,317.50,68.00,59.00,0.0000,191.30,1,-1,2.2428,ACCEPT,0,1795,175,8735,6,338,732,0,0,0,0
9,0,1,1,ACCEPT,5.4229,1.1583,622,1,-1,0.9116,372.16,125.45,66.57,55.47,394.50,352.50,47.00,69.00,0.0000,228.14,1,-1,2.1134,ACCEPT,0,1514,215,10711,6,338,622,0,0,0,0
10,0,1,1,ACCEPT,9.0712,1.8529,1121,0,1,0.9483,372.16,127.19,64.01,53.34,398.50,378.50,41.00,69.00,0.0000,252.69,1,-1,2.3224,ACCEPT,0,1827,184,11633,6,338,1121,0,0,0,0
11,0,1,1,ACCEPT,10.2869,2.0854,1197,1,0,0.9449,374.16,127.19,61.55,51.29,378.50,396.50,37.00,71.00,0.0000,269.35,1,-1,2.2835,ACCEPT,0,1745,214,9130,6,338,1197,0,0,0,0
12,0,1,1,ACCEPT,12.4437,2.5042,1475,0,-1,0.9980,374.16,125.58,59.18,49.32,370.00,421.50,76.00,63.00,0.0000,295.95,1,-1,2.4022,ACCEPT,0,1987,160,9818,6,338,1475,0,0,0,0
13,0,1,1,ACCEPT,13.5679,2.6524,1488,0,-1,0.9368,374.16,124.03,59.18,49.32,364.50,446.00,81.00,56.00,0.0000,322.11,1,0,2.5004,ACCEPT,0,1878,145,11364,6,338,1488,0,0,0,0
14,0,1,1,ACCEPT,15.4570,3.1203,1738,0,-1,0.9885,374.16,122.48,56.90,47.42,397.50,477.50,51.00,61.00,0.0000,355.78,1,-1,2.4461,ACCEPT,0,2034,144,9898,6,338,1738,0,0,0,0
15,0,1,1,ACCEPT,16.6646,3.5614,2030,0,1,0.9350,374.16,123.97,56.90,47.42,412.50,491.50,49.00,67.00,0.0000,369.53,1,0,2.5490,ACCEPT,0,2262,126,10958,6,338,2030,0,0,0,0
16,0,1,1,ACCEPT,18.4481,3.8712,2164,0,0,1.0000,374.16,123.97,56.90,47.42,409.50,512.00,37.00,66.00,0.0000,389.64,1,0,2.6120,ACCEPT,0,2205,131,11055,6,338,2164,0,0,0,0
17,0,1,1,ACCEPT,20.1172,4.0192,2299,0,0,1.0000,374.16,123.97,56.90,47.42,386.00,522.50,58.00,91.00,0.0000,398.71,1,0,2.6357,ACCEPT,0,2128,131,11904,6,338,2299,0,0,0,0
18,0,1,1,ACCEPT,21.3937,4.5065,2438,0,0,1.0000,374.16,123.97,56.90,47.42,381.50,542.00,71.00,72.00,0.0000,418.10,1,0,2.6867,ACCEPT,0,2161,127,12003,6,338,2438,0,0,0,0
19,0,1,1,ACCEPT,22.4949,4.2816,2509,0,2,0.7951,374.16,126.94,56.90,47.42,395.00,577.50,40.00,73.00,0.0000,451.04,1,0,2.6985,ACCEPT,0,2121,128,10839,6,338,2509,0,0,0,0
20,0,1,1,ACCEPT,24.4144,4.3769,2613,0,0,1.0000,374.16,126.94,56.90,47.42,412.50,587.00,43.00,60.00,0.0000,461.66,1,0,2.6613,ACCEPT,0,2037,119,9910,6,338,2613,0,0,0,0
21,0,1,1,ACCEPT,26.1067,4.8755,2623,0,0,1.0000,374.16,126.94,56.90,47.42,424.00,605.00,50.00,68.00,0.0000,480.65,1,0,2.7611,ACCEPT,0,1940,141,9573,6,338,2623,0,0,0,0
22,0,1,1,ACCEPT,27.8847,5.2440,2858,0,0,1.0000,374.16,126.94,56.90,47.42,416.00,607.00,50.00,94.00,0.0000,481.88,1,0,2.7760,ACCEPT,0,1972,142,8519,6,338,2858,0,0,0,0
23,0,1,1,ACCEPT,29.8523,5.4497,2872,0,0,1.0000,374.16,126.94,56.90,47.42,398.50,615.50,53.00,91.00,0.0000,489.17,1,0,2.7984,ACCEPT,0,1869,139,7838,6,338,2872,0,0,0,0
24,0,1,1,ACCEPT,30.7841,5.3916,2809,-1,1,0.6974,372.38,128.42,56.90,47.42,394.50,636.50,55.00,59.00,0.0000,508.56,1,0,2.7460,ACCEPT,0,1763,120,7721,6,338,2809,0,0,0,0
25,0,1,1,ACCEPT,31.4286,5.7739,2477,0,1,0.9176,372.38,129.91,54.71,45.60,407.50,647.00,39.00,78.00,0.0000,518.29,1,-1,2.6891,ACCEPT,0,1515,129,7958,6,338,2477,0,0,0,0
26,0,1,1,ACCEPT,30.5010,6.1456,2532,0,1,0.9510,372.38,131.33,54.71,45.60,423.50,663.50,43.00,55.00,0.0000,534.62,1,0,2.7735,ACCEPT,0,1607,120,7522,6,338,2532,0,0,0,0
27,0,1,1,ACCEPT,30.9234,5.9404,2394,-1,2,0.8016,370.67,134.17,54.71,45.60,427.00,675.00,48.00,80.00,0.0000,543.75,1,0,2.7860,ACCEPT,0,1483,126,7654,6,338,2394,0,0,0,0
28,0,1,1,ACCEPT,32.4762,6.3261,2328,0,0,1.0000,370.67,134.17,54.71,45.60,404.00,664.00,58.00,96.00,0.0000,530.88,1,0,2.7175,ACCEPT,0,1366,129,9393,6,338,2328,0,0,0,0
29,0,1,1,ACCEPT,31.9609,6.6949,2370,1,-2,0.5291,372.38,131.33,56.90,47.42,402.50,661.00,47.00,52.00,0.0000,530.53,1,1,2.6679,ACCEPT,0,1399,130,9364,6,338,2370,0,0,0,0
30,0,1,1,ACCEPT,38.1158,7.6882,2614,1,0,0.9464,374.16,131.33,54.71,45.60,404.50,670.50,41.00,71.00,0.0000,540.03,1,-1,2.6920,ACCEPT,0,1351,125,8962,6,338,2614,0,0,0,0
31,0,1,1,ACCEPT,38.0939,8.6386,2462,0,0,1.0000,374.16,131.33,54.71,45.60,420.00,685.00,36.00,60.00,0.0000,555.57,1,0,2.8909,ACCEPT,0,1341,125,9465,6,338,2462,0,0,0,0
32,0,1,1,ACCEPT,39.4198,8.5739,2435,0,0,1.0000,374.16,131.33,54.71,45.60,429.50,694.00,35.00,62.00,0.0000,565.39,1,0,2.8823,ACCEPT,0,1282,120,10850,6,338,2435,0,0,0,0
33,0,1,1,ACCEPT,38.1140,8.1713,2337,1,0,0.9589,375.86,131.33,54.71,45.60,431.50,686.50,43.00,93.00,0.0000,557.95,1,0,2.8692,ACCEPT,0,1278,123,10579,6,338,2337,0,0,0,0
34,0,1,1,ACCEPT,39.4284,8.3165,2312,0,0,1.0000,375.86,131.33,54.71,45.60,399.50,671.50,57.00,77.00,0.0000,540.69,1,0,2.9282,ACCEPT,0,1180,145,9287,6,338,2312,0,0,0,0
35,0,1,1,ACCEPT,40.4881,9.2392,2356,0,0,1.0000,375.86,131.33,54.71,45.60,405.00,672.00,48.00,58.00,0.0000,541.46,1,0,2.9322,ACCEPT,0,1185,142,9786,6,338,2356,0,0,0,0
36,0,1,1,ACCEPT,42.6731,8.8730,2236,0,0,1.0000,375.86,131.33,54.71,45.60,417.00,675.50,30.00,71.00,0.0000,545.72,1,0,2.9390,ACCEPT,0,1086,145,9848,6,338,2236,0,0,0,0
37,0,1,1,ACCEPT,42.8952,8.9578,2123,0,0,1.0000,375.86,131.33,54.71,45.60,431.50,681.00,35.00,44.00,0.0000,552.48,1,0,2.9606,ACCEPT,0,1022,149,9860,6,338,2123,0,0,0,0
38,0,1,1,ACCEPT,43.4897,8.9515,2032,0,0,1.0000,375.86,131.33,54.71,45.60,432.50,673.00,37.00,92.00,0.0000,544.63,1,0,2.9091,ACCEPT,0,960,121,10857,6,338,2032,0,0,0,0
39,0,1,1,ACCEPT,41.4562,8.3738,1792,0,-2,0.7902,375.86,128.48,54.71,45.60,410.50,672.00,51.00,72.00,0.0000,544.62,1,0,2.8705,ACCEPT,0,858,103,11524,6,338,1792,0,0,0,0
40,0,1,1,ACCEPT,44.2382,9.2732,1901,0,0,1.0000,375.86,128.48,54.71,45.60,407.50,666.50,57.00,43.00,0.0000,538.95,1,0,2.8904,ACCEPT,0,818,104,11705,6,338,1901,0,0,0,0
41,0,1,1,ACCEPT,44.1376,9.0964,1792,0,-1,0.8588,375.86,127.06,54.71,45.60,422.00,661.50,32.00,51.00,0.0000,536.43,1,0,2.8280,ACCEPT,0,778,102,11395,6,338,1792,0,0,0,0
42,0,1,1,ACCEPT,45.4282,9.1934,1949,-1,-2,0.5885,374.16,124.22,54.71,45.60,429.00,660.50,28.00,47.00,0.0000,539.08,1,0,2.9063,ACCEPT,0,846,104,11029,6,338,1949,0,0,0,0
43,0,1,1,ACCEPT,43.5647,9.2961,1915,1,-1,0.7974,375.86,122.80,52.61,43.84,426.00,656.00,22.00,86.00,0.0000,535.56,1,-1,2.7668,ACCEPT,0,854,116,11607,6,338,1915,0,0,0,0
44,0,1,1,ACCEPT,45.6167,8.8128,2071,-1,-1,0.6944,374.22,121.42,52.61,43.84,403.50,645.50,47.00,67.00,0.0000,524.90,1,0,2.8885,ACCEPT,0,919,99,12741,6,338,2071,0,0,0,0
45,0,1,1,ACCEPT,41.1648,9.6281,1916,0,-1,0.9870,374.22,120.05,52.61,43.84,402.00,642.50,46.00,37.00,0.0000,523.19,1,0,2.8182,ACCEPT,0,936,120,11586,6,338,1916,0,0,0,0
46,0,1,1,ACCEPT,40.9964,7.2464,2000,-1,-1,0.8485,372.58,118.67,52.61,43.84,412.00,646.00,24.00,46.00,0.0000,528.80,1,0,2.9535,ACCEPT,0,1074,135,11714,6,338,2000,0,0,0,0
47,0,1,1,ACCEPT,41.0350,8.4600,2115,0,-1,0.8156,372.58,117.30,52.61,43.84,417.00,647.50,14.00,49.00,0.0000,532.06,1,0,2.9721,ACCEPT,0,1067,108,13123,6,338,2115,0,0,0,0
48,0,1,1,ACCEPT,43.0110,8.5211,2224,0,0,1.0000,372.58,117.30,52.61,43.84,412.00,640.00,24.00,90.00,0.0000,524.19,1,0,2.9900,ACCEPT,0,1051,100,13565,6,338,2224,0,0,0,0
49,0,1,1,ACCEPT,44.7091,9.0988,2302,0,-1,0.9583,372.58,115.92,52.61,43.84,408.00,632.50,50.00,67.00,0.0000,517.79,1,0,2.9818,ACCEPT,0,1029,107,14007,6,338,2302,0,0,0,0
50,0,1,1,ACCEPT,47.7931,10.3205,2415,0,0,1.0000,372.58,115.92,52.61,43.84,410.00,641.00,26.00,46.00,0.0000,526.41,1,0,2.9824,ACCEPT,0,1007,105,14183,6,338,2415,0,0,0,0
51,0,1,1,ACCEPT,44.9075,8.8182,2328,0,0,1.0000,372.58,115.92,52.61,43.84,409.50,639.00,17.00,64.00,0.0000,524.38,1,0,3.0391,ACCEPT,0,1130,104,15060,6,338,2328,0,0,0,0
52,0,1,1,ACCEPT,42.5655,9.2810,2246,0,-1,0.7979,372.58,114.55,52.61,43.84,399.00,628.50,32.00,79.00,0.0000,514.63,1,0,2.9746,ACCEPT,0,1147,87,16696,6,338,2246,0,0,0,0
53,0,1,1,ACCEPT,40.9828,8.0828,2344,0,-1,0.9160,372.58,113.17,54.71,45.60,389.50,627.00,47.00,58.00,0.0000,514.11,1,1,2.8975,ACCEPT,0,1130,94,17441,6,338,2344,0,0,0,0
54,0,1,1,ACCEPT,43.7774,6.4958,2345,1,1,0.7045,374.28,114.59,54.71,45.60,394.50,633.00,21.00,52.00,0.0000,518.80,1,0,3.0375,ACCEPT,0,1102,128,15209,6,338,2345,0,0,0,0
55,0,1,1,ACCEPT,46.9938,9.2336,2253,1,0,0.9933,375.98,114.59,52.61,43.84,392.00,623.00,18.00,64.00,0.0000,508.66,1,-1,2.7354,ACCEPT,0,1061,109,14274,6,338,2253,0,0,0,0
56,0,1,1,ACCEPT,46.5295,8.1802,2315,0,1,0.9499,375.98,115.97,52.61,43.84,378.50,626.00,27.00,78.00,0.0000,510.04,1,0,2.9102,ACCEPT,0,1111,99,14680,6,338,2315,0,0,0,0
57,0,1,1,ACCEPT,47.6979,7.7492,2317,-1,0,0.9590,374.34,115.97,52.61,43.84,368.50,622.00,41.00,66.00,0.0000,506.06,1,0,3.0388,ACCEPT,0,1027,102,14559,6,338,2317,0,0,0,0
58,0,1,1,ACCEPT,47.7603,8.5809,2334,-1,0,0.9893,372.70,115.97,52.61,43.84,364.00,618.50,34.00,55.00,0.0000,502.61,1,0,3.0650,ACCEPT,0,1120,121,13128,6,338,2334,0,0,0,0
59,0,1,1,ACCEPT,49.0467,8.5203,2309,-1,1,0.7951,371.06,117.34,52.61,43.84,362.50,631.00,25.00,58.00,0.0000,513.73,1,0,3.0841,ACCEPT,0,1154,93,13124,6,338,2309,0,0,0,0
60,0,1,1,ACCEPT,46.5563,8.6667,1976,0,1,0.9813,371.06,118.72,52.61,43.84,358.50,630.00,33.00,72.00,0.0000,511.44,1,0,3.0757,ACCEPT,0,923,126,13014,6,338,1976,0,0,0,0
61,0,1,1,ACCEPT,42.9573,7.7921,2174,0,-1,0.9227,371.06,117.34,52.61,43.84,348.00,628.00,30.00,86.00,0.0000,511.18,1,0,2.8946,ACCEPT,0,1263,121,11261,6,338,2174,0,0,0,0
62,0,1,1,ACCEPT,46.5022,7.9094,2009,-1,0,0.9935,369.42,117.34,52.61,43.84,333.00,622.50,32.00,81.00,0.0000,506.47,1,0,3.0478,ACCEPT,0,969,119,11955,6,338,2009,0,0,0,0
63,0,1,1,ACCEPT,42.4483,7.8052,1803,1,-1,0.7720,371.06,115.97,50.59,42.16,325.00,622.00,42.00,66.00,0.0000,508.12,1,-1,2.8553,ACCEPT,0,826,119,12691,6,338,1803,0,0,0,0
64,0,1,1,ACCEPT,38.8171,7.1217,1873,-1,-1,0.9386,369.48,114.66,50.59,42.16,326.00,626.00,18.00,58.00,0.0000,513.19,1,0,3.0135,ACCEPT,0,968,102,13056,6,338,1873,0,0,0,0
65,0,1,1,ACCEPT,37.6242,6.8008,1775,1,1,0.9206,371.06,115.97,48.64,40.53,328.50,631.50,33.00,45.00,0.0000,517.29,1,-1,2.8099,ACCEPT,0,1048,92,15055,6,338,1775,0,0,0,0
66,0,1,1,ACCEPT,34.6905,6.9882,1782,-1,0,0.9355,369.55,115.97,48.64,40.53,329.00,633.50,44.00,71.00,0.0000,519.12,1,0,2.9628,ACCEPT,0,1108,95,15236,6,338,1782,0,0,0,0
67,0,1,1,ACCEPT,33.6612,5.8296,1813,-1,0,0.9961,368.03,115.97,50.59,42.16,310.00,629.00,20.00,86.00,0.0000,516.30,1,1,2.8586,ACCEPT,0,1126,94,12934,6,338,1813,0,0,0,0
68,0,1,1,ACCEPT,40.3621,6.2483,1837,0,1,0.9276,368.03,117.28,50.59,42.16,298.00,630.50,36.00,67.00,0.0000,517.97,1,0,3.0533,ACCEPT,0,927,105,12798,6,338,1837,0,0,0,0
69,0,1,1,ACCEPT,40.0362,5.0139,1800,0,-2,0.7422,368.03,114.66,50.59,42.16,293.50,626.50,27.00,57.00,0.0000,517.24,1,0,3.0306,ACCEPT,0,1054,100,13326,6,338,1800,0,0,0,0
70,0,1,1,ACCEPT,42.6013,5.9214,1883,-1,-1,0.9644,366.45,113.34,50.59,42.16,301.00,636.00,26.00,58.00,0.0000,526.74,1,0,2.9946,ACCEPT,0,909,98,12638,6,338,1883,0,0,0,0
71,0,1,1,ACCEPT,40.0237,6.2829,1910,0,1,0.7995,366.45,114.66,50.59,42.16,303.50,635.00,31.00,48.00,0.0000,524.14,1,0,3.0589,ACCEPT,0,1038,88,12760,6,338,1910,0,0,0,0
72,0,1,1,ACCEPT,44.0337,6.7902,1942,0,0,1.0000,366.45,114.66,50.59,42.16,301.00,636.00,36.00,72.00,0.0000,525.44,1,0,3.0619,ACCEPT,0,1028,89,11749,6,338,1942,0,0,0,0
73,0,1,1,ACCEPT,42.9943,8.4460,1799,0,0,1.0000,366.45,114.66,50.59,42.16,288.50,629.00,41.00,76.00,0.0000,520.22,1,0,3.0943,ACCEPT,0,852,111,12061,6,338,1799,0,0,0,0
74,0,1,1,ACCEPT,43.6386,8.4126,1733,0,1,0.8961,366.45,115.97,50.59,42.16,282.00,618.50,44.00,55.00,0.0000,509.58,1,0,3.0905,ACCEPT,0,793,103,13985,6,338,1733,0,0,0,0
75,0,1,1,ACCEPT,42.2203,6.9802,1759,0,1,0.8403,366.45,117.28,50.59,42.16,285.00,624.00,52.00,50.00,0.0000,513.22,1,0,3.0792,ACCEPT,0,858,113,13586,6,338,1759,0,0,0,0
76,0,1,1,ACCEPT,41.1430,6.5018,1775,0,2,0.6118,366.45,119.91,50.59,42.16,291.50,631.50,39.00,55.00,0.0000,517.06,1,0,3.0577,ACCEPT,0,833,99,14870,6,338,1775,0,0,0,0
77,0,1,1,ACCEPT,43.4295,7.2881,1720,0,0,1.0000,366.45,119.91,50.59,42.16,298.50,643.50,29.00,51.00,0.0000,527.98,1,0,3.0525,ACCEPT,0,878,109,15152,6,338,1720,0,0,0,0
78,0,1,1,ACCEPT,44.8910,7.0283,1736,0,0,1.0000,366.45,119.91,50.59,42.16,307.50,647.00,27.00,58.00,0.0000,530.38,1,0,3.0541,ACCEPT,0,851,102,16819,6,338,1736,0,0,0,0
79,0,1,1,ACCEPT,38.2513,5.1957,1673,0,-1,0.8631,366.45,118.59,50.59,42.16,297.50,635.50,41.00,63.00,0.0000,521.48,1,0,3.0931,ACCEPT,0,888,113,17790,6,338,1673,0,0,0,0
80,0,1,1,ACCEPT,42.5201,6.4007,1773,0,0,1.0000,366.45,118.59,50.59,42.16,296.00,632.50,54.00,37.00,0.0000,518.71,1,0,3.0531,ACCEPT,0,870,108,18661,6,338,1773,0,0,0,0
81,0,1,1,ACCEPT,44.0202,5.8636,1935,0,0,1.0000,366.45,118.59,50.59,42.16,296.00,630.50,52.00,31.00,0.0000,516.73,1,0,3.0617,ACCEPT,0,1103,126,18900,6,338,1935,0,0,0,0
82,0,1,1,ACCEPT,45.7109,5.9174,1935,0,1,0.9633,366.45,119.91,50.59,42.16,299.50,632.00,51.00,32.00,0.0000,516.45,1,0,3.1222,ACCEPT,0,1018,108,20973,6,338,1935,0,0,0,0
83,0,1,1,ACCEPT,43.3151,5.6338,1831,1,-1,0.9661,368.03,118.59,50.59,42.16,311.00,643.00,32.00,44.00,0.0000,527.50,1,0,2.9619,ACCEPT,0,907,103,19362,6,338,1831,0,0,0,0
84,0,1,1,ACCEPT,38.1299,5.6735,1668,0,-2,0.5707,368.03,115.97,50.59,42.16,332.50,640.00,33.00,50.00,0.0000,525.23,1,0,3.0614,ACCEPT,0,837,94,18637,6,338,1668,0,0,0,0
85,0,1,1,ACCEPT,39.1733,6.7208,1781,0,0,1.0000,368.03,115.97,50.59,42.16,328.00,635.50,32.00,73.00,0.0000,521.07,1,0,3.0621,ACCEPT,0,1030,97,17114,6,338,1781,0,0,0,0
86,0,1,1,ACCEPT,40.4476,7.0303,1856,0,0,1.0000,368.03,115.97,50.59,42.16,325.50,627.50,45.00,69.00,0.0000,513.30,1,0,3.0688,ACCEPT,0,922,95,13098,6,338,1856,0,0,0,0
87,0,1,1,ACCEPT,43.1688,7.3438,1880,0,0,1.0000,368.03,115.97,50.59,42.16,326.50,630.50,45.00,33.00,0.0000,516.20,1,0,3.0688,ACCEPT,0,949,95,13734,6,338,1880,0,0,0,0
88,0,1,1,ACCEPT,43.7342,7.3320,1877,0,0,1.0000,368.03,115.97,50.59,42.16,333.00,622.00,40.00,52.00,0.0000,507.24,1,0,3.0775,ACCEPT,0,956,87,14806,6,338,1877,0,0,0,0
89,0,1,1,ACCEPT,45.7140,7.4879,1857,0,2,0.4567,368.03,118.59,50.59,42.16,354.00,644.50,24.00,55.00,0.0000,526.09,1,0,2.9621,ACCEPT,0,1024,105,16011,6,338,1857,0,0,0,0
90,0,1,1,ACCEPT,48.3141,6.9516,2009,0,0,1.0000,368.03,118.59,50.59,42.16,357.00,640.50,22.00,51.00,0.0000,522.02,1,0,2.9416,ACCEPT,0,985,105,16244,6,338,2009,0,0,0,0
91,0,1,1,ACCEPT,30.4462,6.7701,1767,-1,-1,0.9389,366.45,117.28,50.59,42.16,358.50,639.00,27.00,74.00,0.0000,521.78,1,0,3.0489,ACCEPT,0,1101,107,15954,6,338,1767,0,0,0,0
92,0,1,1,ACCEPT,36.0858,7.7112,2136,0,0,1.0000,366.45,117.28,50.59,42.16,360.00,627.50,42.00,67.00,0.0000,510.26,1,0,3.0871,ACCEPT,0,1235,108,16986,6,338,2136,0,0,0,0
93,0,1,1,ACCEPT,39.9385,6.8944,2351,0,2,0.6848,366.45,119.91,50.59,42.16,360.50,624.00,43.00,48.00,0.0000,504.13,1,0,2.8555,ACCEPT,0,1237,100,19401,6,338,2351,0,0,0,0
94,0,1,1,ACCEPT,38.3459,5.5787,2304,0,4,0.1597,366.45,125.16,50.59,42.16,372.00,646.00,28.00,58.00,0.0000,520.87,1,0,2.8311,ACCEPT,0,1264,98,17915,6,338,2304,0,0,0,0
95,0,1,1,ACCEPT,43.8125,7.6786,2150,0,0,1.0000,366.45,125.16,50.59,42.16,380.00,652.00,18.00,64.00,0.0000,527.02,1,0,2.8883,ACCEPT,0,1001,104,16603,6,338,2150,0,0,0,0
96,0,1,1,ACCEPT,45.9909,7.3967,2219,0,0,1.0000,366.45,125.16,50.59,42.16,382.00,651.50,18.00,71.00,0.0000,526.57,1,0,3.0507,ACCEPT,0,1023,87,16677,6,338,2219,0,0,0,0
97,0,1,1,ACCEPT,46.0447,8.4538,2105,0,1,0.8271,366.45,126.47,50.59,42.16,383.50,643.50,35.00,71.00,0.0000,517.31,1,0,3.1181,ACCEPT,0,1043,102,14137,6,338,2105,0,0,0,0
98,0,1,1,ACCEPT,45.9722,7.8526,1971,0,1,0.9153,366.45,127.78,50.59,42.16,382.00,636.00,44.00,58.00,0.0000,508.46,1,0,3.1183,ACCEPT,0,1024,102,11493,6,338,1971,0,0,0,0
99,0,1,1,ACCEPT,45.1899,6.7706,1564,0,-1,0.9821,366.45,126.47,50.59,42.16,389.00,643.50,32.00,55.00,0.0000,517.52,1,0,3.0980,ACCEPT,0,757,110,11075,6,338,1564,0,0,0,0
100,0,1,1,ACCEPT,46.6802,8.1739,1692,0,1,0.9214,366.45,127.78,50.59,42.16,393.00,652.00,28.00,60.00,0.0000,524.89,1,0,3.1129,ACCEPT,0,791,121,11173,6,338,1692,0,0,0,0
101,0,1,1,ACCEPT,42.8455,7.5369,1530,0,0,1.0000,366.45,127.78,50.59,42.16,400.00,646.00,18.00,58.00,0.0000,519.30,1,0,3.1001,ACCEPT,0,759,123,10456,6,338,1530,0,0,0,0
102,0,1,1,ACCEPT,42.9820,7.7791,1338,0,0,1.0000,366.45,127.78,50.59,42.16,396.00,645.00,30.00,86.00,0.0000,518.06,1,0,3.0467,ACCEPT,0,674,112,14543,6,338,1338,0,0,0,0
103,0,1,1,ACCEPT,46.4641,8.2174,1701,0,0,1.0000,366.45,127.78,50.59,42.16,395.50,641.50,37.00,75.00,0.0000,514.54,1,0,3.0474,ACCEPT,0,803,106,19940,6,338,1701,0,0,0,0
104,0,1,1,ACCEPT,45.5542,7.0185,2281,0,0,1.0000,366.45,127.78,50.59,42.16,401.50,645.50,35.00,67.00,0.0000,518.90,1,0,3.0552,ACCEPT,0,1027,105,19061,6,338,2281,0,0,0,0
105,0,1,1,ACCEPT,48.1697,7.5124,2419,0,0,1.0000,366.45,127.78,50.59,42.16,406.00,649.00,34.00,76.00,0.0000,522.72,1,0,3.0649,ACCEPT,0,1116,102,19922,6,338,2419,0,0,0,0
106,0,1,1,ACCEPT,48.6151,7.0256,2473,0,-1,0.9911,366.45,126.47,50.59,42.16,408.00,647.50,32.00,79.00,0.0000,522.69,1,0,3.1345,ACCEPT,0,1072,122,21973,6,338,2473,0,0,0,0
107,0,1,1,ACCEPT,48.5024,6.6273,2525,0,0,1.0000,366.45,126.47,50.59,42.16,404.00,642.00,42.00,74.00,0.0000,516.90,1,0,3.1554,ACCEPT,0,1204,125,23112,6,338,2525,0,0,0,0
108,0,1,1,ACCEPT,48.0064,6.6371,2396,0,0,1.0000,366.45,126.47,50.59,42.16,398.50,637.00,53.00,54.00,0.0000,511.54,1,0,3.1679,ACCEPT,0,1097,119,25678,6,338,2396,0,0,0,0
109,0,1,1,ACCEPT,47.2298,6.5845,2298,0,-1,0.8094,366.45,125.16,50.59,42.16,408.50,639.50,27.00,79.00,0.0000,516.06,1,0,3.1571,ACCEPT,0,1192,117,20375,6,338,2298,0,0,0,0
110,0,1,1,ACCEPT,51.4066,6.4379,1867,-1,0,0.9320,364.88,125.16,50.59,42.16,401.50,635.50,27.00,87.00,0.0000,511.66,1,0,3.1250,ACCEPT,0,788,98,21171,6,338,1867,0,0,0,0
111,0,1,1,ACCEPT,48.3331,6.6786,1683,-1,2,0.6566,363.30,127.78,52.61,43.84,397.50,638.50,33.00,77.00,0.0000,511.86,1,1,2.9850,ACCEPT,0,793,102,23137,6,338,1683,0,0,0,0
112,0,1,1,ACCEPT,43.5931,6.1774,1637,0,1,0.8412,363.30,129.16,52.61,43.84,387.50,646.00,41.00,60.00,0.0000,517.41,1,0,3.1257,ACCEPT,0,746,108,21426,6,338,1637,0,0,0,0
113,0,1,1,ACCEPT,41.1406,7.0093,1514,0,1,0.7999,363.30,130.53,52.61,43.84,388.50,640.50,25.00,71.00,0.0000,510.59,1,0,2.9777,ACCEPT,0,750,119,20486,6,338,1514,0,0,0,0
114,0,1,1,ACCEPT,44.3185,6.6877,1692,-1,-1,0.8002,361.66,129.16,52.61,43.84,392.50,639.50,25.00,77.00,0.0000,511.27,1,0,3.1559,ACCEPT,0,873,113,24758,6,338,1692,0,0,0,0
115,0,1,1,ACCEPT,45.7950,6.9736,1848,0,-1,0.9161,361.66,127.78,52.61,43.84,376.50,632.00,25.00,80.00,0.0000,504.44,1,0,3.1290,ACCEPT,0,925,122,22526,6,338,1848,0,0,0,0
116,0,1,1,ACCEPT,44.1995,6.3372,1654,0,-1,0.8083,361.66,126.41,52.61,43.84,366.00,623.00,40.00,64.00,0.0000,496.61,1,0,3.1463,ACCEPT,0,824,117,21334,6,338,1654,0,0,0,0
117,0,1,1,ACCEPT,47.5032,6.9744,1632,0,-1,0.8640,361.66,125.03,52.61,43.84,363.50,620.00,39.00,52.00,0.0000,494.97,1,0,3.1557,ACCEPT,0,760,118,20914,6,338,1632,0,0,0,0
118,0,1,1,ACCEPT,43.3711,6.3965,1452,-1,0,0.9993,360.02,125.03,54.71,45.60,365.50,629.00,21.00,56.00,0.0000,504.00,1,1,2.9987,ACCEPT,0,743,129,17932,6,338,1452,0,0,0,0
119,0,1,1,ACCEPT,38.4382,6.4843,1446,1,1,0.9225,361.72,126.45,54.71,45.60,372.50,632.00,47.00,70.00,0.0000,505.66,1,0,3.0214,ACCEPT,0,840,132,19054,6,338,1446,0,0,0,0
120,0,1,1,ACCEPT,42.0749,8.0585,1515,0,0,1.0000,361.72,126.45,54.71,45.60,351.00,620.00,42.00,80.00,0.0000,493.66,1,0,3.1423,ACCEPT,0,841,118,15771,6,338,1515,0,0,0,0
121,0,1,1,ACCEPT,44.5102,7.4450,1489,0,1,0.9563,361.72,127.88,54.71,45.60,342.00,612.00,48.00,62.00,0.0000,484.53,1,0,3.1486,ACCEPT,0,748,116,14219,6,338,1489,0,0,0,0
122,0,1,1,ACCEPT,46.1294,10.1538,1452,1,-1,0.9070,363.42,126.45,54.71,45.60,337.50,607.50,43.00,39.00,0.0000,481.74,1,0,3.1101,ACCEPT,0,725,127,15872,6,338,1452,0,0,0,0
123,0,1,1,ACCEPT,48.0360,9.1635,1457,1,0,0.9533,365.12,126.45,52.61,43.84,343.50,621.00,25.00,48.00,0.0000,495.02,1,-1,2.9183,ACCEPT,0,712,121,16854,6,338,1457,0,0,0,0
124,0,1,1,ACCEPT,37.3175,4.8333,1450,0,5,0.0214,365.12,133.33,52.61,43.84,345.00,622.00,26.00,66.00,0.0000,489.09,1,0,3.1339,ACCEPT,0,833,113,17090,6,338,1450,0,0,0,0
125,0,1,1,ACCEPT,44.3773,8.8608,1400,1,1,0.8507,366.77,134.70,52.61,43.84,331.00,608.00,28.00,70.00,0.0000,474.65,1,0,3.1445,ACCEPT,0,680,106,15978,6,338,1400,0,0,0,0
126,0,1,1,ACCEPT,46.4460,7.1627,1497,0,-1,0.8831,366.77,133.33,52.61,43.84,325.00,608.00,30.00,44.00,0.0000,476.51,1,0,3.1445,ACCEPT,0,771,100,17498,6,338,1497,0,0,0,0
127,0,1,1,ACCEPT,46.8584,7.4484,1661,0,1,0.9976,366.77,134.70,52.61,43.84,323.50,601.50,25.00,57.00,0.0000,468.80,1,0,3.1609,ACCEPT,0,907,108,17854,6,338,1661,0,0,0,0
128,0,1,1,ACCEPT,48.0972,7.8326,1778,0,1,0.9139,366.77,136.08,52.61,43.84,324.50,607.00,19.00,58.00,0.0000,472.81,1,0,3.1569,ACCEPT,0,825,103,13020,6,338,1778,0,0,0,0
129,0,1,1,ACCEPT,42.9843,5.4829,1442,0,3,0.2115,366.77,140.20,52.61,43.84,328.50,621.50,19.00,59.00,0.0000,482.82,1,0,3.0340,ACCEPT,0,703,142,9658,6,338,1442,0,0,0,0
130,0,1,1,ACCEPT,45.6622,6.3114,1439,-1,2,0.4295,365.12,142.95,52.61,43.84,325.00,612.50,20.00,47.00,0.0000,471.26,1,0,3.1764,ACCEPT,0,759,109,10419,6,338,1439,0,0,0,0
131,0,1,1,ACCEPT,47.7064,6.3380,1350,0,2,0.6326,365.12,145.70,52.61,43.84,319.00,618.50,18.00,67.00,0.0000,475.04,1,0,3.1896,ACCEPT,0,663,103,10698,6,338,1350,0,0,0,0
132,0,1,1,ACCEPT,50.4162,9.8431,1506,0,2,0.6481,365.12,148.45,52.61,43.84,308.00,611.50,34.00,61.00,0.0000,466.56,1,0,3.1426,ACCEPT,0,748,99,9451,6,338,1506,0,0,0,0
133,0,1,1,ACCEPT,49.5729,8.2877,1210,-1,2,0.6190,363.48,151.20,52.61,43.84,300.50,609.00,39.00,56.00,0.0000,462.11,1,0,3.1326,ACCEPT,0,566,114,8363,6,338,1210,0,0,0,0
134,0,1,1,ACCEPT,47.4183,7.8779,1032,1,0,0.9612,365.12,151.20,50.59,42.16,307.00,624.50,20.00,59.00,0.0000,476.85,1,-1,2.9227,ACCEPT,0,483,110,9379,6,338,1032,0,0,0,0
135,0,1,1,ACCEPT,45.1372,8.1895,1253,0,0,1.0000,365.12,151.20,50.59,42.16,313.50,628.50,15.00,59.00,0.0000,480.08,1,0,3.1334,ACCEPT,0,573,103,10304,6,338,1253,0,0,0,0
136,0,1,1,ACCEPT,45.2286,8.2215,1225,0,0,1.0000,365.12,151.20,50.59,42.16,313.00,626.50,20.00,71.00,0.0000,478.15,1,0,3.0744,ACCEPT,0,616,128,8608,6,338,1225,0,0,0,0
137,0,1,1,ACCEPT,44.2265,8.0822,1180,-1,0,0.9737,363.55,151.20,50.59,42.16,313.50,617.50,19.00,85.00,0.0000,468.97,1,0,3.1216,ACCEPT,0,608,122,10307,6,338,1180,0,0,0,0
138,0,1,1,ACCEPT,42.7758,6.9939,1140,0,-1,0.8096,363.55,149.89,50.59,42.16,305.00,613.50,28.00,77.00,0.0000,467.29,1,0,3.1698,ACCEPT,0,567,77,15007,6,338,1140,0,0,0,0
139,0,1,1,ACCEPT,38.4683,6.2468,1443,-2,-1,0.5676,360.39,148.58,50.59,42.16,300.50,609.00,33.00,54.00,0.0000,464.30,1,0,3.0688,ACCEPT,0,829,84,14285,6,338,1443,0,0,0,0
140,0,1,1,ACCEPT,42.1670,8.3039,1694,0,-1,0.9109,360.39,147.27,50.59,42.16,304.50,614.00,27.00,66.00,0.0000,470.07,1,0,3.1698,ACCEPT,0,881,104,13893,6,338,1694,0,0,0,0
141,0,1,1,ACCEPT,40.9665,8.0988,1968,-1,2,0.7348,358.81,149.89,50.59,42.16,312.00,623.50,26.00,61.00,0.0000,475.92,1,0,3.1616,ACCEPT,0,1241,106,10989,6,338,1968,0,0,0,0
142,0,1,1,ACCEPT,43.6013,6.6957,1694,0,0,1.0000,358.81,149.89,50.59,42.16,320.00,629.50,28.00,59.00,0.0000,481.18,1,0,3.1765,ACCEPT,0,926,87,13141,6,338,1694,0,0,0,0
143,0,1,1,ACCEPT,44.9079,7.7911,1753,0,0,1.0000,358.81,149.89,50.59,42.16,326.00,629.00,22.00,68.00,0.0000,480.23,1,0,3.1158,ACCEPT,0,915,100,12928,6,338,1753,0,0,0,0
144,0,1,1,ACCEPT,31.5841,4.8612,1541,1,-5,0.0110,360.39,143.33,50.59,42.16,321.50,616.00,33.00,78.00,0.0000,474.27,1,0,3.1433,ACCEPT,0,1078,89,12948,6,338,1541,0,0,0,0
145,0,1,1,ACCEPT,40.0415,7.9316,1856,0,-2,0.5404,360.39,140.70,50.59,42.16,321.00,612.00,42.00,60.00,0.0000,472.94,1,0,3.1189,ACCEPT,0,1074,110,13592,6,338,1856,0,0,0,0
146,0,1,1,ACCEPT,39.5201,9.5957,2207,1,0,0.9891,361.97,140.70,50.59,42.16,321.00,608.50,44.00,43.00,0.0000,469.59,1,0,2.9778,ACCEPT,0,1214,109,15217,6,338,2207,0,0,0,0
147,0,1,1,ACCEPT,44.5331,10.4906,2224,-1,0,0.9281,360.39,140.70,50.59,42.16,330.00,616.00,34.00,62.00,0.0000,476.27,1,0,3.0941,ACCEPT,0,1107,89,20969,6,338,2224,0,0,0,0
148,0,1,1,ACCEPT,44.2950,9.9181,2301,0,0,1.0000,360.39,140.70,50.59,42.16,338.50,631.00,25.00,54.00,0.0000,490.79,1,0,3.1385,ACCEPT,0,1105,107,19733,6,338,2301,0,0,0,0
149,0,1,1,ACCEPT,36.6923,5.4495,2376,0,-3,0.2012,360.39,136.77,50.59,42.16,352.50,626.00,21.00,92.00,0.0000,489.30,1,0,2.9217,ACCEPT,0,1269,105,17271,6,338,2376,0,0,0,0
150,0,1,1,ACCEPT,42.8036,8.3785,2656,0,-1,0.8200,360.39,135.45,50.59,42.16,352.00,620.50,36.00,89.00,0.0000,485.12,1,0,3.0925,ACCEPT,0,1329,107,18096,6,338,2656,0,0,0,0
151,0,1,1,ACCEPT,42.2164,11.0083,2642,0,0,1.0000,360.39,135.45,50.59,42.16,352.50,624.50,43.00,59.00,0.0000,489.11,1,0,3.1112,ACCEPT,0,1269,96,18556,6,338,2642,0,0,0,0
152,0,1,1,ACCEPT,45.3005,10.0532,2644,0,1,0.8124,360.39,136.77,50.59,42.16,354.50,620.00,47.00,54.00,0.0000,483.27,1,0,3.0981,ACCEPT,0,1211,113,15582,6,338,2644,0,0,0,0
153,0,1,1,ACCEPT,46.7301,9.6603,2531,0,0,1.0000,360.39,136.77,50.59,42.16,364.00,627.50,38.00,71.00,0.0000,490.75,1,0,2.9181,ACCEPT,0,1188,107,14030,6,338,2531,0,0,0,0
154,0,1,1,ACCEPT,45.8094,9.6559,2385,0,0,1.0000,360.39,136.77,50.59,42.16,378.50,628.50,23.00,57.00,0.0000,492.07,1,0,3.1693,ACCEPT,0,1121,115,15239,6,338,2385,0,0,0,0
155,0,1,1,ACCEPT,43.0663,8.8440,2494,0,1,0.9759,360.39,138.08,50.59,42.16,381.50,632.00,25.00,72.00,0.0000,494.37,1,0,3.1708,ACCEPT,0,1316,113,15858,6,338,2494,0,0,0,0
156,0,1,1,ACCEPT,43.3561,9.0402,2251,0,0,1.0000,360.39,138.08,50.59,42.16,382.50,632.50,35.00,81.00,0.0000,494.92,1,0,3.0527,ACCEPT,0,1186,112,16639,6,338,2251,0,0,0,0
157,0,1,1,ACCEPT,45.1025,8.7436,2387,-1,1,0.9535,358.81,139.39,50.59,42.16,380.00,630.00,40.00,60.00,0.0000,491.07,1,0,3.2076,ACCEPT,0,1153,120,15337,6,338,2387,0,0,0,0
158,0,1,1,ACCEPT,44.6019,7.2333,2387,0,-1,0.8647,358.81,138.08,50.59,42.16,385.00,633.50,38.00,69.00,0.0000,496.11,1,0,3.1688,ACCEPT,0,1134,98,17975,6,338,2387,0,0,0,0
159,0,1,1,ACCEPT,47.1323,7.8113,2359,0,-1,0.9000,358.81,136.77,50.59,42.16,401.00,639.00,22.00,52.00,0.0000,504.00,1,0,3.1862,ACCEPT,0,996,106,19213,6,338,2359,0,0,0,0
160,0,1,1,ACCEPT,46.7147,7.3795,2236,0,0,1.0000,358.81,136.77,50.59,42.16,399.50,647.50,17.00,79.00,0.0000,512.35,1,0,3.2005,ACCEPT,0,1014,89,21612,6,338,2236,0,0,0,0
161,0,1,1,ACCEPT,46.6673,7.6007,2265,0,0,1.0000,358.81,136.77,50.59,42.16,398.00,641.00,36.00,78.00,0.0000,505.75,1,0,3.0687,ACCEPT,0,1088,93,19774,6,338,2265,0,0,0,0
162,0,1,1,ACCEPT,46.0812,8.8008,2077,0,1,0.9552,358.81,138.08,52.61,43.84,395.50,636.50,43.00,47.00,0.0000,499.77,1,1,3.0249,ACCEPT,0,1066,106,15885,6,338,2077,0,0,0,0
163,0,1,1,ACCEPT,43.9670,7.9569,2029,0,0,1.0000,358.81,138.08,52.61,43.84,402.50,646.50,35.00,51.00,0.0000,510.30,1,0,3.1798,ACCEPT,0,1030,95,16385,6,338,2029,0,0,0,0
164,0,1,1,ACCEPT,47.8408,8.9087,2049,-2,0,0.7526,355.53,138.08,52.61,43.84,412.50,650.50,21.00,67.00,0.0000,515.58,1,0,3.0613,ACCEPT,0,969,96,17010,6,338,2049,0,0,0,0
165,0,1,1,ACCEPT,43.9418,7.6589,1976,0,0,1.0000,355.53,138.08,52.61,43.84,403.00,651.50,40.00,87.00,0.0000,515.61,1,0,3.1823,ACCEPT,0,1073,110,15755,6,338,1976,0,0,0,0
166,0,1,1,ACCEPT,47.4686,9.2902,1793,-2,1,0.7513,352.25,139.45,54.71,45.60,394.50,650.00,49.00,58.00,0.0000,512.29,1,1,3.0157,ACCEPT,0,996,105,17803,6,338,1793,0,0,0,0
167,0,1,1,ACCEPT,39.4271,7.5845,1661,0,-1,0.8796,352.25,138.03,54.71,45.60,393.00,651.50,48.00,41.00,0.0000,515.08,1,0,3.1097,ACCEPT,0,829,130,13544,6,338,1661,0,0,0,0
168,0,1,1,ACCEPT,44.0689,7.5565,1738,0,-2,0.6743,352.25,135.19,54.71,45.60,394.00,654.00,46.00,62.00,0.0000,520.49,1,0,3.1452,ACCEPT,0,841,132,16759,6,338,1738,0,0,0,0
169,0,1,1,ACCEPT,38.7719,5.8102,2051,-1,-2,0.4369,350.55,132.34,54.71,45.60,399.00,655.00,22.00,62.00,0.0000,524.90,1,0,3.0658,ACCEPT,0,996,106,20123,6,338,2051,0,0,0,0
170,0,1,1,ACCEPT,44.1159,8.9380,2306,-1,0,0.8812,348.84,132.34,54.71,45.60,385.50,644.50,39.00,77.00,0.0000,513.47,1,0,3.2306,ACCEPT,0,1087,107,19787,6,338,2306,0,0,0,0
171,0,1,1,ACCEPT,43.0298,8.5147,2316,-1,1,0.9374,347.14,133.77,54.71,45.60,379.50,645.50,49.00,51.00,0.0000,512.76,1,0,3.1216,ACCEPT,0,1131,103,25172,6,338,2316,0,0,0,0
172,0,1,1,ACCEPT,40.8339,7.2454,2362,0,-2,0.7498,347.14,130.92,54.71,45.60,377.50,646.00,47.00,62.00,0.0000,515.97,1,0,3.1955,ACCEPT,0,1220,113,23350,6,338,2362,0,0,0,0
173,0,1,1,ACCEPT,42.1492,8.0755,2140,0,0,1.0000,347.14,130.92,54.71,45.60,383.50,651.50,31.00,71.00,0.0000,521.85,1,0,3.0004,ACCEPT,0,1034,96,24147,6,338,2140,0,0,0,0
174,0,1,1,ACCEPT,40.9098,7.1295,1982,-1,-2,0.4723,345.44,128.08,54.71,45.60,376.00,641.50,28.00,89.00,0.0000,514.33,1,0,3.1020,ACCEPT,0,924,109,24138,6,338,1982,0,0,0,0
175,0,1,1,ACCEPT,41.2073,7.8327,2154,0,-1,0.8644,345.44,126.66,54.71,45.60,373.50,637.50,25.00,77.00,0.0000,511.61,1,0,2.9400,ACCEPT,0,992,90,26761,6,338,2154,0,0,0,0
176,0,1,1,ACCEPT,43.8005,9.0759,2151,0,-1,0.8987,345.44,125.23,54.71,45.60,371.50,640.00,23.00,80.00,0.0000,515.42,1,0,2.9366,ACCEPT,0,955,94,24544,6,338,2151,0,0,0,0
177,0,1,1,ACCEPT,43.0642,9.4101,2042,0,0,1.0000,345.44,125.23,54.71,45.60,370.00,644.00,22.00,72.00,0.0000,519.35,1,0,2.9406,ACCEPT,0,948,102,24918,6,338,2042,0,0,0,0
178,0,1,1,ACCEPT,44.2277,8.1170,2289,0,0,1.0000,345.44,125.23,54.71,45.60,350.00,626.50,32.00,81.00,0.0000,501.29,1,0,2.9633,ACCEPT,0,1115,98,25800,6,338,2289,0,0,0,0
179,0,1,1,ACCEPT,43.8539,8.1460,2232,0,0,1.0000,345.44,125.23,54.71,45.60,340.50,620.50,37.00,73.00,0.0000,495.29,1,0,3.0548,ACCEPT,0,1163,104,21205,6,338,2232,0,0,0,0
180,0,1,1,ACCEPT,44.2801,8.1282,1902,0,-1,0.9679,345.44,123.81,54.71,45.60,341.50,623.50,23.00,79.00,0.0000,499.70,1,0,3.0691,ACCEPT,0,986,100,17869,6,338,1902,0,0,0,0
181,0,1,1,ACCEPT,46.0790,8.6068,1773,0,0,1.0000,345.44,123.81,52.61,43.84,339.00,632.00,16.00,64.00,0.0000,508.23,1,-1,2.8935,ACCEPT,0,899,96,17464,6,338,1773,0,0,0,0
182,0,1,1,ACCEPT,44.2758,7.9714,1674,0,1,0.9659,345.44,125.19,52.61,43.84,336.00,625.00,28.00,76.00,0.0000,499.90,1,0,2.9718,ACCEPT,0,913,113,16482,6,338,1674,0,0,0,0
183,0,1,1,ACCEPT,45.9492,8.5266,1765,0,0,1.0000,345.44,125.19,52.61,43.84,309.50,620.00,33.00,70.00,0.0000,496.12,1,0,3.0190,ACCEPT,0,883,115,16651,6,338,1765,0,0,0,0
184,0,1,1,ACCEPT,44.5764,7.9809,1668,1,0,0.9628,347.08,125.19,52.61,43.84,300.50,612.00,37.00,62.00,0.0000,489.04,1,0,2.9236,ACCEPT,0,835,116,15749,6,338,1668,0,0,0,0
185,0,1,1,ACCEPT,45.7036,10.0268,1494,0,1,0.9953,347.08,126.56,52.61,43.84,296.50,615.00,35.00,58.00,0.0000,491.05,1,0,3.0403,ACCEPT,0,702,102,21428,6,338,1494,0,0,0,0
186,0,1,1,ACCEPT,44.2150,9.3608,1816,0,0,1.0000,347.08,126.56,52.61,43.84,293.50,619.50,25.00,61.00,0.0000,495.84,1,0,3.1464,ACCEPT,0,946,92,22967,6,338,1816,0,0,0,0
187,0,1,1,ACCEPT,42.7741,8.6175,1870,1,0,0.9337,348.72,126.56,52.61,43.84,296.50,619.00,29.00,62.00,0.0000,495.20,1,0,3.0913,ACCEPT,0,1116,112,19304,6,338,1870,0,0,0,0
188,0,1,1,ACCEPT,40.9489,6.8720,1718,0,3,0.3545,348.72,130.69,52.61,43.84,289.50,620.50,33.00,81.00,0.0000,493.38,1,0,3.1260,ACCEPT,0,966,110,17430,6,338,1718,0,0,0,0
189,0,1,1,ACCEPT,41.3087,7.0616,1490,0,1,0.8168,348.72,132.06,52.61,43.84,280.00,618.00,26.00,86.00,0.0000,490.77,1,0,3.1776,ACCEPT,0,893,100,23074,6,338,1490,0,0,0,0
190,0,1,1,ACCEPT,44.2031,7.6697,1695,0,0,1.0000,348.72,132.06,52.61,43.84,273.00,615.50,24.00,83.00,0.0000,489.33,1,0,3.0691,ACCEPT,0,972,94,22285,6,338,1695,0,0,0,0
191,0,1,1,ACCEPT,45.4383,7.2107,1745,0,0,1.0000,348.72,132.06,52.61,43.84,269.00,615.00,26.00,78.00,0.0000,489.47,1,0,3.1775,ACCEPT,0,852,87,20417,6,338,1745,0,0,0,0
192,0,1,1,ACCEPT,45.9303,7.8995,1572,-1,0,0.9358,347.08,132.06,52.61,43.84,268.00,615.00,26.00,64.00,0.0000,489.37,1,0,3.1495,ACCEPT,0,803,82,19688,6,338,1572,0,0,0,0
193,0,1,1,ACCEPT,38.8429,4.8478,1401,0,-2,0.4440,347.08,129.31,52.61,43.84,260.50,612.50,31.00,73.00,0.0000,490.88,1,0,2.8785,ACCEPT,0,693,98,18017,6,338,1401,0,0,0,0
194,0,1,1,ACCEPT,40.8864,5.2226,1525,0,-1,0.7902,347.08,127.94,52.61,43.84,270.00,615.50,22.00,71.00,0.0000,493.62,1,0,2.8977,ACCEPT,0,742,92,14981,6,338,1525,0,0,0,0
195,0,1,1,ACCEPT,42.1351,7.2881,1290,-1,0,0.9767,345.44,127.94,52.61,43.84,274.50,623.00,25.00,58.00,0.0000,500.12,1,0,3.1990,ACCEPT,0,727,98,13416,6,338,1290,0,0,0,0
196,0,1,1,ACCEPT,42.0091,8.5984,1092,1,0,0.9844,347.08,127.94,50.59,42.16,278.00,624.50,32.00,71.00,0.0000,501.34,1,-1,2.8412,ACCEPT,0,634,109,14746,6,338,1092,0,0,0,0
197,0,1,1,ACCEPT,36.5183,7.7241,1120,0,0,1.0000,347.08,127.94,50.59,42.16,268.00,616.00,26.00,88.00,0.0000,494.43,1,0,3.0027,ACCEPT,0,629,99,12548,6,338,1120,0,0,0,0
198,0,1,1,ACCEPT,35.6828,5.8618,891,-1,-2,0.5208,345.50,125.31,50.59,42.16,257.50,604.50,43.00,67.00,0.0000,487.20,1,0,2.9207,ACCEPT,0,472,86,15102,6,338,891,0,0,0,0
199,0,1,1,ACCEPT,41.5662,8.1111,1241,-1,0,0.8364,343.92,125.31,50.59,42.16,254.00,607.00,42.00,54.00,0.0000,490.01,1,0,3.0953,ACCEPT,0,711,85,17400,6,338,1241,0,0,0,0
200,0,1,1,ACCEPT,42.3610,7.0491,1149,0,0,1.0000,343.92,125.31,50.59,42.16,263.00,613.50,30.00,67.00,0.0000,494.85,1,0,2.8541,ACCEPT,0,655,92,15443,6,338,1149,0,0,0,0
201,0,1,1,ACCEPT,43.9946,9.5470,1117,-1,0,0.9373,342.34,125.31,50.59,42.16,266.50,615.00,21.00,72.00,0.0000,495.53,1,0,3.1396,ACCEPT,0,621,90,13602,6,338,1117,0,0,0,0
202,0,1,1,ACCEPT,44.1463,7.2672,952,0,0,1.0000,342.34,125.31,50.59,42.16,271.00,622.00,22.00,70.00,0.0000,501.79,1,0,3.1305,ACCEPT,0,501,91,13632,6,338,952,0,0,0,0
203,0,1,1,ACCEPT,41.2729,6.6014,977,1,1,0.9642,343.92,126.62,48.64,40.53,260.50,603.50,51.00,59.00,0.0000,484.12,1,-1,2.7800,ACCEPT,0,581,97,14737,6,338,977,0,0,0,0
204,0,1,1,ACCEPT,37.4983,7.2189,1220,0,1,0.8697,343.92,127.89,48.64,40.53,261.50,599.50,53.00,51.00,0.0000,478.76,1,0,3.0626,ACCEPT,0,817,88,13963,6,338,1220,0,0,0,0
205,0,1,1,ACCEPT,35.5651,5.9858,1263,1,3,0.4101,345.44,131.69,48.64,40.53,260.50,602.50,59.00,53.00,0.0000,478.41,1,0,3.1032,ACCEPT,0,874,86,19658,6,338,1263,0,0,0,0
206,0,1,1,ACCEPT,37.6316,5.6605,1834,1,0,0.8822,346.95,131.69,48.64,40.53,261.50,610.50,59.00,45.00,0.0000,486.38,1,0,3.0277,ACCEPT,0,1038,92,18268,6,338,1834,0,0,0,0
207,0,1,1,ACCEPT,38.1995,6.4708,1883,0,0,1.0000,346.95,131.69,48.64,40.53,272.00,629.00,46.00,52.00,0.0000,502.93,1,0,3.0606,ACCEPT,0,1158,90,15212,6,338,1883,0,0,0,0
208,0,1,1,ACCEPT,38.4696,7.6432,1842,1,1,0.7372,348.47,132.95,48.64,40.53,276.50,633.50,39.00,55.00,0.0000,505.69,1,0,3.0734,ACCEPT,0,1022,92,16919,6,338,1842,0,0,0,0
209,0,1,1,ACCEPT,40.7070,8.4557,2004,0,1,0.9830,348.47,134.22,48.64,40.53,275.00,618.00,60.00,44.00,0.0000,489.33,1,0,3.0875,ACCEPT,0,1200,92,17064,6,338,2004,0,0,0,0
210,0,1,1,ACCEPT,42.9516,7.3201,2035,0,0,1.0000,348.47,134.22,48.64,40.53,274.50,614.00,59.00,42.00,0.0000,485.45,1,0,3.0880,ACCEPT,0,1115,97,16224,6,338,2035,0,0,0,0
211,0,1,1,ACCEPT,42.7205,7.4908,2030,0,0,1.0000,348.47,134.22,48.64,40.53,278.00,610.50,54.00,55.00,0.0000,481.47,1,0,3.0908,ACCEPT,0,1063,99,15616,6,338,2030,0,0,0,0
212,0,1,1,ACCEPT,41.1366,5.2588,1951,0,-1,0.9759,348.47,132.95,48.64,40.53,282.50,620.50,45.00,57.00,0.0000,491.99,1,0,3.1129,ACCEPT,0,1003,88,15193,6,338,1951,0,0,0,0
213,0,1,1,ACCEPT,41.5642,6.7721,1991,0,2,0.6755,348.47,135.48,48.64,40.53,297.50,641.50,25.00,67.00,0.0000,508.58,1,0,3.1097,ACCEPT,0,1074,85,16902,6,338,1991,0,0,0,0
214,0,1,1,ACCEPT,37.5463,6.6980,1996,1,1,0.8988,349.98,136.75,48.64,40.53,302.00,630.50,28.00,85.00,0.0000,496.08,1,0,3.0197,ACCEPT,0,1249,97,15063,6,338,1996,0,0,0,0
215,0,1,1,ACCEPT,41.7234,5.7712,2043,0,-1,0.8331,349.98,135.48,48.64,40.53,302.00,627.50,38.00,61.00,0.0000,494.35,1,0,3.1368,ACCEPT,0,1061,96,15671,6,338,2043,0,0,0,0
216,0,1,1,ACCEPT,43.8357,6.7468,2078,0,0,1.0000,349.98,135.48,48.64,40.53,296.50,614.50,51.00,49.00,0.0000,481.99,1,0,3.1287,ACCEPT,0,1111,95,15665,6,338,2078,0,0,0,0
217,0,1,1,ACCEPT,41.6115,5.9941,2020,0,1,0.8599,349.98,136.75,48.64,40.53,299.00,615.50,50.00,47.00,0.0000,481.46,1,0,3.1167,ACCEPT,0,1144,92,17032,6,338,2020,0,0,0,0
218,0,1,1,ACCEPT,40.5655,6.9855,1928,0,3,0.3594,349.98,140.55,48.64,40.53,322.00,640.00,32.00,54.00,0.0000,500.24,1,0,3.0255,ACCEPT,0,1088,88,16826,6,338,1928,0,0,0,0
219,0,1,1,ACCEPT,43.4220,5.5529,1888,1,1,0.8289,351.50,141.81,48.64,40.53,327.00,646.00,22.00,80.00,0.0000,504.78,1,0,2.9945,ACCEPT,0,947,97,17125,6,338,1888,0,0,0,0
220,0,1,1,ACCEPT,46.2423,7.1286,1996,-1,1,0.9033,349.98,143.08,48.64,40.53,330.00,631.50,32.00,89.00,0.0000,488.83,1,0,2.9998,ACCEPT,0,1076,99,15858,6,338,1996,0,0,0,0
221,0,1,1,ACCEPT,41.8978,5.4760,1829,1,0,0.9945,351.50,143.08,48.64,40.53,332.00,619.50,50.00,71.00,0.0000,476.82,1,0,2.9976,ACCEPT,0,991,94,17598,6,338,1829,0,0,0,0
222,0,1,1,ACCEPT,49.3280,6.7649,2158,-1,0,0.8689,349.98,143.08,48.64,40.53,333.50,621.50,59.00,41.00,0.0000,478.71,1,0,3.1038,ACCEPT,0,980,81,17336,6,338,2158,0,0,0,0
223,0,1,1,ACCEPT,44.7468,6.5492,1932,0,2,0.4907,349.98,145.61,48.64,40.53,347.50,638.00,39.00,42.00,0.0000,492.40,1,0,3.0115,ACCEPT,0,1037,98,15775,6,338,1932,0,0,0,0
224,0,1,1,ACCEPT,50.0612,6.4593,1983,-1,1,0.8109,348.47,146.88,48.64,40.53,356.50,642.00,25.00,52.00,0.0000,495.19,1,0,3.1441,ACCEPT,0,947,93,14721,6,338,1983,0,0,0,0
225,0,1,1,ACCEPT,44.3151,6.0714,1785,0,0,1.0000,348.47,146.88,46.77,38.97,361.50,623.00,25.00,80.00,0.0000,476.30,1,-1,2.8030,ACCEPT,0,843,118,12635,6,338,1785,0,0,0,0
226,0,1,1,ACCEPT,41.7778,6.6960,1674,0,-1,0.8387,348.47,145.66,46.77,38.97,361.00,629.00,42.00,84.00,0.0000,483.51,1,0,2.7940,ACCEPT,0,968,78,15540,6,338,1674,0,0,0,0
227,0,1,1,ACCEPT,38.6129,5.8395,1746,-1,-1,0.9244,347.00,144.44,46.77,38.97,358.50,621.00,51.00,58.00,0.0000,476.70,1,0,3.0919,ACCEPT,0,975,65,19108,6,338,1746,0,0,0,0
228,0,1,1,ACCEPT,39.4731,7.2353,1845,-1,1,0.7892,345.53,145.66,46.77,38.97,372.00,635.00,30.00,48.00,0.0000,490.06,1,0,3.0350,ACCEPT,0,1066,79,17194,6,338,1845,0,0,0,0
229,0,1,1,ACCEPT,39.5001,5.4613,1764,-1,-1,0.9206,344.06,144.44,46.77,38.97,385.50,635.50,27.00,57.00,0.0000,492.81,1,0,3.0231,ACCEPT,0,1023,62,19121,6,338,1764,0,0,0,0
230,0,1,1,ACCEPT,39.0899,6.1549,1828,0,1,0.9212,344.06,145.66,46.77,38.97,386.50,639.00,21.00,80.00,0.0000,495.17,1,0,3.1090,ACCEPT,0,1041,69,17707,6,338,1828,0,0,0,0
231,0,1,1,ACCEPT,38.9108,5.9745,1643,0,-2,0.7054,344.06,143.22,46.77,38.97,382.00,628.00,44.00,80.00,0.0000,486.26,1,0,2.9325,ACCEPT,0,856,67,18894,6,338,1643,0,0,0,0
232,0,1,1,ACCEPT,35.8809,5.5869,1704,-1,0,0.9354,342.59,143.22,46.77,38.97,382.50,620.00,45.00,52.00,0.0000,478.45,1,0,3.0765,ACCEPT,0,1093,70,23705,6,338,1704,0,0,0,0
233,0,1,1,ACCEPT,37.2300,6.9538,1655,-1,1,0.9323,341.12,144.44,46.77,38.97,390.50,624.50,37.00,67.00,0.0000,482.59,1,0,3.0640,ACCEPT,0,1034,72,25094,6,338,1655,0,0,0,0
234,0,1,1,ACCEPT,38.0773,6.9668,1470,0,0,1.0000,341.12,144.44,46.77,38.97,399.00,633.00,30.00,62.00,0.0000,491.98,1,0,3.0961,ACCEPT,0,896,75,20882,6,338,1470,0,0,0,0
235,0,1,1,ACCEPT,39.9280,7.2394,1361,0,0,1.0000,341.12,144.44,46.77,38.97,404.00,626.50,22.00,57.00,0.0000,486.15,1,0,3.1050,ACCEPT,0,789,64,21039,6,338,1361,0,0,0,0
236,0,1,1,ACCEPT,40.2487,5.8389,1232,0,0,1.0000,341.12,144.44,46.77,38.97,395.50,628.00,41.00,72.00,0.0000,486.61,1,0,3.0820,ACCEPT,0,778,69,26079,6,338,1232,0,0,0,0
237,0,1,1,ACCEPT,41.0518,6.2650,1466,1,2,0.6814,342.59,146.88,46.77,38.97,391.00,614.50,50.00,71.00,0.0000,470.12,1,0,3.0180,ACCEPT,0,840,81,22055,6,338,1466,0,0,0,0
238,0,1,1,ACCEPT,43.4654,6.3083,1514,-1,1,0.9016,341.12,148.09,46.77,38.97,399.00,630.00,30.00,62.00,0.0000,485.37,1,0,3.1173,ACCEPT,0,866,73,21977,6,338,1514,0,0,0,0
239,0,1,1,ACCEPT,41.7386,7.0307,1603,0,-1,0.8147,341.12,146.88,46.77,38.97,405.00,621.00,20.00,56.00,0.0000,478.41,1,0,3.1361,ACCEPT,0,811,78,21445,6,338,1603,0,0,0,0
240,0,1,1,ACCEPT,44.1268,6.5610,1614,0,-1,0.7794,341.12,145.66,46.77,38.97,399.50,621.00,33.00,76.00,0.0000,478.91,1,0,3.1378,ACCEPT,0,722,80,22422,6,338,1614,0,0,0,0
241,0,1,1,ACCEPT,45.3585,7.8559,1854,-1,-1,0.9369,339.66,144.44,46.77,38.97,388.50,605.50,47.00,73.00,0.0000,463.64,1,0,3.1101,ACCEPT,0,1023,85,21075,6,338,1854,0,0,0,0
242,0,1,1,ACCEPT,46.9916,7.7764,1843,0,1,0.8329,339.66,145.66,46.77,38.97,387.00,604.50,48.00,71.00,0.0000,461.28,1,0,3.1417,ACCEPT,0,980,80,22924,6,338,1843,0,0,0,0
243,0,1,1,ACCEPT,45.6315,8.7083,1672,0,2,0.7177,339.66,148.09,46.77,38.97,384.50,613.00,29.00,80.00,0.0000,467.06,1,0,3.1502,ACCEPT,0,886,84,22144,6,338,1672,0,0,0,0
244,0,1,1,ACCEPT,46.5086,6.7500,1485,0,0,1.0000,339.66,148.09,46.77,38.97,374.50,601.00,41.00,82.00,0.0000,454.24,1,0,3.1405,ACCEPT,0,727,90,22937,6,338,1485,0,0,0,0
245,0,1,1,ACCEPT,45.5956,6.6269,1279,1,0,0.9484,341.12,148.09,46.77,38.97,367.00,596.00,48.00,60.00,0.0000,448.65,1,0,3.1618,ACCEPT,0,647,79,24062,6,338,1279,0,0,0,0
246,0,1,1,ACCEPT,39.6530,6.0122,1479,1,0,0.9567,342.59,148.09,46.77,38.97,363.50,594.00,49.00,42.00,0.0000,446.40,1,0,3.0317,ACCEPT,0,820,73,25234,6,338,1479,0,0,0,0
247,0,1,1,ACCEPT,43.6413,5.8604,1553,-1,1,0.8648,341.12,149.31,46.77,38.97,370.00,588.00,26.00,48.00,0.0000,439.64,1,0,3.0649,ACCEPT,0,781,79,22680,6,338,1553,0,0,0,0
248,0,1,1,ACCEPT,39.5628,5.4370,1381,1,1,0.9232,342.59,150.53,46.77,38.97,374.00,595.50,28.00,47.00,0.0000,446.08,1,0,3.0073,ACCEPT,0,683,78,22194,6,338,1381,0,0,0,0
249,0,1,1,ACCEPT,44.4309,5.6404,1788,-1,-1,0.8686,341.12,149.31,46.77,38.97,368.50,594.50,29.00,81.00,0.0000,446.03,1,0,3.0501,ACCEPT,0,825,87,18807,6,338,1788,0,0,0,0
250,0,1,1,ACCEPT,43.4593,5.8233,1648,1,1,0.9157,342.59,150.53,46.77,38.97,350.00,583.50,34.00,79.00,0.0000,433.03,1,0,3.0256,ACCEPT,0,926,85,23942,6,338,1648,0,0,0,0
251,0,1,1,ACCEPT,46.5830,6.8031,2177,-1,1,0.8034,341.12,151.75,46.77,38.97,342.00,578.00,46.00,56.00,0.0000,426.25,1,0,3.1634,ACCEPT,0,1113,78,22915,6,338,2177,0,0,0,0
252,0,1,1,ACCEPT,43.9372,6.2068,2011,0,1,0.8140,341.12,152.97,46.77,38.97,341.00,582.00,44.00,34.00,0.0000,429.03,1,0,3.1721,ACCEPT,0,1106,66,27358,6,338,2011,0,0,0,0
253,0,1,1,ACCEPT,42.9053,6.8450,1855,1,-1,0.9208,342.59,151.75,46.77,38.97,355.00,583.00,16.00,64.00,0.0000,431.43,1,0,3.1023,ACCEPT,0,1001,79,27417,6,338,1855,0,0,0,0
254,0,1,1,ACCEPT,47.2079,6.5257,2408,-1,0,0.9622,341.12,151.75,46.77,38.97,362.00,582.50,26.00,51.00,0.0000,431.26,1,0,3.0605,ACCEPT,0,1177,83,24899,6,338,2408,0,0,0,0
255,0,1,1,ACCEPT,42.8470,7.6135,2147,1,0,0.9301,342.59,151.75,46.77,38.97,358.50,572.50,17.00,57.00,0.0000,421.05,1,0,3.1264,ACCEPT,0,1158,89,22633,6,338,2147,0,0,0,0
256,0,1,1,ACCEPT,41.7644,7.1795,2240,-1,-1,0.8991,341.12,150.53,48.64,40.53,352.50,578.00,19.00,84.00,0.0000,427.62,1,1,3.0383,ACCEPT,0,1260,89,16222,6,338,2240,0,0,0,0
257,0,1,1,ACCEPT,39.0132,6.1755,1970,0,-2,0.5234,341.12,148.00,48.64,40.53,341.50,571.00,41.00,66.00,0.0000,423.00,1,0,3.1905,ACCEPT,0,1085,86,17071,6,338,1970,0,0,0,0
258,0,1,1,ACCEPT,39.1946,5.8400,2044,-1,-2,0.5538,339.61,145.47,48.64,40.53,347.50,556.50,27.00,47.00,0.0000,411.11,1,0,3.1661,ACCEPT,0,1122,101,16380,6,338,2044,0,0,0,0
259,0,1,1,ACCEPT,44.6722,8.2112,2061,0,-1,0.9767,339.61,144.20,48.64,40.53,354.00,559.00,18.00,52.00,0.0000,415.05,1,0,3.1882,ACCEPT,0,1007,89,15022,6,338,2061,0,0,0,0
260,0,1,1,ACCEPT,42.9542,6.8635,2011,-1,0,0.8807,338.09,144.20,48.64,40.53,360.00,572.50,14.00,61.00,0.0000,428.86,1,0,3.1568,ACCEPT,0,1160,102,15427,6,338,2011,0,0,0,0
261,0,1,1,ACCEPT,42.3861,6.2470,2074,0,0,1.0000,338.09,144.20,48.64,40.53,362.50,564.50,13.00,73.00,0.0000,421.00,1,0,3.1402,ACCEPT,0,1162,96,14957,6,338,2074,0,0,0,0
262,0,1,1,ACCEPT,41.9998,7.0530,2130,-1,0,0.9404,336.58,144.20,48.64,40.53,363.50,567.00,17.00,90.00,0.0000,423.65,1,0,3.1877,ACCEPT,0,1274,80,17171,6,338,2130,0,0,0,0
263,0,1,1,ACCEPT,37.4724,5.5304,2002,-1,-3,0.2408,335.06,140.41,48.64,40.53,364.00,563.50,34.00,59.00,0.0000,424.08,1,0,3.0665,ACCEPT,0,1186,93,17748,6,338,2002,0,0,0,0
264,0,1,1,ACCEPT,42.1344,7.9602,1998,0,-1,0.9444,335.06,139.14,48.64,40.53,363.50,557.50,33.00,37.00,0.0000,419.32,1,0,3.2111,ACCEPT,0,1062,98,15265,6,338,1998,0,0,0,0
265,0,1,1,ACCEPT,44.0411,8.5514,1830,0,0,1.0000,335.06,139.14,48.64,40.53,365.50,560.00,31.00,66.00,0.0000,421.96,1,0,3.2066,ACCEPT,0,956,92,14318,6,338,1830,0,0,0,0
266,0,1,1,ACCEPT,43.5921,8.7220,1788,-1,0,0.9877,333.55,139.14,48.64,40.53,376.00,561.50,20.00,53.00,0.0000,424.49,1,0,3.0882,ACCEPT,0,910,94,13843,6,338,1788,0,0,0,0
267,0,1,1,ACCEPT,44.4484,8.8141,1754,0,0,1.0000,333.55,139.14,48.64,40.53,379.50,561.50,23.00,87.00,0.0000,424.85,1,0,3.1032,ACCEPT,0,828,96,14736,6,338,1754,0,0,0,0
268,0,1,1,ACCEPT,44.4260,9.0994,1647,0,0,1.0000,333.55,139.14,48.64,40.53,363.50,560.00,49.00,52.00,0.0000,421.92,1,0,3.2193,ACCEPT,0,915,94,13113,6,338,1647,0,0,0,0
269,0,1,1,ACCEPT,44.0604,7.4009,1569,0,0,1.0000,333.55,139.14,48.64,40.53,365.50,560.50,47.00,59.00,0.0000,422.57,1,0,3.2160,ACCEPT,0,1011,96,12684,6,338,1569,0,0,0,0
270,0,1,1,ACCEPT,46.1600,8.3000,1577,0,0,1.0000,333.55,139.14,48.64,40.53,372.50,563.00,21.00,36.00,0.0000,425.65,1,0,3.2164,ACCEPT,0,922,88,12604,6,338,1577,0,0,0,0
271,0,1,1,ACCEPT,48.2241,7.7245,1514,0,0,1.0000,333.55,139.14,48.64,40.53,370.50,562.50,17.00,73.00,0.0000,424.97,1,0,3.1710,ACCEPT,0,740,104,12408,6,338,1514,0,0,0,0
272,0,1,1,ACCEPT,46.8772,8.3455,1594,-1,-1,0.8701,332.03,137.88,48.64,40.53,355.50,559.00,35.00,78.00,0.0000,421.78,1,0,3.2142,ACCEPT,0,825,86,13322,6,338,1594,0,0,0,0
273,0,1,1,ACCEPT,42.2507,6.7738,1497,0,0,1.0000,332.03,137.88,48.64,40.53,342.50,558.50,45.00,49.00,0.0000,420.76,1,0,3.2234,ACCEPT,0,882,97,14312,6,338,1497,0,0,0,0
274,0,1,1,ACCEPT,41.9475,6.1047,1575,0,-2,0.7276,332.03,135.34,48.64,40.53,349.50,563.50,19.00,43.00,0.0000,428.51,1,0,3.2225,ACCEPT,0,842,93,13342,6,338,1575,0,0,0,0
275,0,1,1,ACCEPT,44.5214,6.9954,1532,-1,1,0.8701,330.52,136.61,48.64,40.53,355.00,562.50,28.00,47.00,0.0000,426.59,1,0,3.2277,ACCEPT,0,754,113,11824,6,338,1532,0,0,0,0
276,0,1,1,ACCEPT,41.8107,6.5526,1494,-1,-1,0.7456,329.00,135.34,48.64,40.53,348.50,561.00,29.00,86.00,0.0000,426.10,1,0,3.2050,ACCEPT,0,754,88,12831,6,338,1494,0,0,0,0
277,0,1,1,ACCEPT,44.1643,7.0936,1440,0,0,1.0000,329.00,135.34,48.64,40.53,328.50,551.50,35.00,79.00,0.0000,416.16,1,0,3.2300,ACCEPT,0,740,112,11990,6,338,1440,0,0,0,0
278,0,1,1,ACCEPT,40.9765,6.7264,1352,0,-1,0.8306,329.00,134.08,48.64,40.53,320.00,548.50,42.00,53.00,0.0000,414.52,1,0,3.1167,ACCEPT,0,696,92,12736,6,338,1352,0,0,0,0
279,0,1,1,ACCEPT,41.2839,5.8664,1449,-1,-1,0.9179,327.48,132.81,48.64,40.53,327.00,556.00,22.00,72.00,0.0000,423.19,1,0,3.2199,ACCEPT,0,717,99,12294,6,338,1449,0,0,0,0
280,0,1,1,ACCEPT,39.1691,5.8471,1415,1,0,0.9802,329.00,132.81,46.77,38.97,332.50,561.00,25.00,46.00,0.0000,428.20,1,-1,2.9315,ACCEPT,0,762,100,13781,6,338,1415,0,0,0,0
281,0,1,1,ACCEPT,39.8900,5.8333,1435,0,0,1.0000,329.00,132.81,46.77,38.97,335.50,557.00,25.00,74.00,0.0000,424.24,1,0,3.2035,ACCEPT,0,854,89,15232,6,338,1435,0,0,0,0
282,0,1,1,ACCEPT,43.1101,7.2227,1524,0,0,1.0000,329.00,132.81,46.77,38.97,325.50,556.00,11.00,92.00,0.0000,423.20,1,0,3.2018,ACCEPT,0,794,92,18013,6,338,1524,0,0,0,0
283,0,1,1,ACCEPT,43.8711,6.0809,1654,0,0,1.0000,329.00,132.81,46.77,38.97,308.00,555.00,44.00,64.00,0.0000,422.71,1,0,3.1135,ACCEPT,0,950,97,17421,6,338,1654,0,0,0,0
284,0,1,1,ACCEPT,42.3257,7.2257,1633,-1,0,0.9682,327.53,132.81,46.77,38.97,310.00,556.00,38.00,60.00,0.0000,423.55,1,0,3.2254,ACCEPT,0,881,90,18268,6,338,1633,0,0,0,0
285,0,1,1,ACCEPT,42.3067,7.1390,1592,0,0,1.0000,327.53,132.81,46.77,38.97,317.00,556.50,24.00,69.00,0.0000,423.82,1,0,3.2236,ACCEPT,0,846,87,19160,6,338,1592,0,0,0,0
286,0,1,1,ACCEPT,43.2109,7.1659,1598,0,-1,0.9831,327.53,131.59,46.77,38.97,323.00,553.00,22.00,56.00,0.0000,421.43,1,0,3.1700,ACCEPT,0,858,90,19019,6,338,1598,0,0,0,0
287,0,1,1,ACCEPT,43.4030,6.3633,1629,0,1,0.8109,327.53,132.81,46.77,38.97,328.50,552.00,19.00,56.00,0.0000,419.19,1,0,3.2287,ACCEPT,0,828,90,17976,6,338,1629,0,0,0,0
288,0,1,1,ACCEPT,34.3554,4.9597,1478,1,3,0.2327,329.00,136.47,46.77,38.97,316.00,566.50,28.00,93.00,0.0000,430.23,1,0,3.2107,ACCEPT,0,897,87,14974,6,338,1478,0,0,0,0
289,0,1,1,ACCEPT,40.3360,5.8861,1654,1,1,0.7443,330.47,137.69,46.77,38.97,315.50,569.00,39.00,66.00,0.0000,431.57,1,0,3.1788,ACCEPT,0,893,98,17398,6,338,1654,0,0,0,0
290,0,1,1,ACCEPT,39.3824,7.2455,1594,1,-1,0.7735,331.94,136.47,44.97,37.48,317.00,570.00,44.00,62.00,0.0000,433.79,1,-1,2.8928,ACCEPT,0,777,87,15068,6,338,1594,0,0,0,0
291,0,1,1,ACCEPT,34.6829,4.6993,1391,0,-1,0.9346,331.94,135.30,44.97,37.48,322.50,569.50,41.00,61.00,0.0000,434.31,1,0,3.1279,ACCEPT,0,898,93,14354,6,338,1391,0,0,0,0
292,0,1,1,ACCEPT,36.4542,5.3101,1370,1,0,0.9620,333.34,135.30,44.97,37.48,328.50,575.50,35.00,63.00,0.0000,440.23,1,0,3.0722,ACCEPT,0,833,88,16212,6,338,1370,0,0,0,0
293,0,1,1,ACCEPT,33.1986,5.1647,1317,0,4,0.1481,333.34,139.98,44.97,37.48,341.50,565.00,35.00,68.00,0.0000,425.09,1,0,3.1805,ACCEPT,0,864,85,14378,6,338,1317,0,0,0,0
294,0,1,1,ACCEPT,40.5614,7.3053,1388,1,0,0.8595,334.75,139.98,44.97,37.48,350.50,562.00,31.00,62.00,0.0000,422.31,1,0,3.0929,ACCEPT,0,797,88,13547,6,338,1388,0,0,0,0
295,0,1,1,ACCEPT,40.3877,6.8192,1207,0,0,1.0000,334.75,139.98,44.97,37.48,354.00,566.00,38.00,38.00,0.0000,426.45,1,0,3.1216,ACCEPT,0,703,93,12828,6,338,1207,0,0,0,0
296,0,1,1,ACCEPT,35.9678,6.6243,1199,1,0,0.9199,336.16,139.98,44.97,37.48,356.50,569.00,45.00,38.00,0.0000,429.50,1,0,3.2024,ACCEPT,0,824,85,9955,6,338,1199,0,0,0,0
297,0,1,1,ACCEPT,35.3245,6.7051,1046,0,1,0.9321,336.16,141.16,44.97,37.48,355.50,571.00,49.00,46.00,0.0000,430.28,1,0,3.1887,ACCEPT,0,727,79,9661,6,338,1046,0,0,0,0
298,0,1,1,ACCEPT,31.5882,5.8125,1209,1,2,0.5128,337.56,143.50,44.97,37.48,362.50,577.00,35.00,70.00,0.0000,434.22,1,0,3.1420,ACCEPT,0,863,70,12925,6,338,1209,0,0,0,0
299,0,1,1,ACCEPT,34.5749,4.8934,1331,0,0,1.0000,337.56,143.50,44.97,37.48,360.00,577.00,40.00,88.00,0.0000,434.08,1,0,3.0639,ACCEPT,0,942,70,13403,6,338,1331,0,0,0,0
300,0,1,1,ACCEPT,36.7106,4.8435,1516,0,0,1.0000,337.56,143.50,44.97,37.48,361.00,575.50,44.00,45.00,0.0000,432.64,1,0,3.1390,ACCEPT,0,958,68,15809,6,338,1516,0,0,0,0
301,0,1,1,ACCEPT,34.9587,4.6854,1668,0,0,1.0000,337.56,143.50,44.97,37.48,365.50,579.50,41.00,59.00,0.0000,436.89,1,0,3.1555,ACCEPT,0,1163,68,16983,6,338,1668,0,0,0,0
302,0,1,1,ACCEPT,35.8267,4.3750,1610,0,-1,0.8696,337.56,142.33,44.97,37.48,371.00,581.50,30.00,39.00,0.0000,440.44,1,0,3.1465,ACCEPT,0,1016,63,16641,6,338,1610,0,0,0,0
303,0,1,1,ACCEPT,35.8659,4.8076,1524,0,-1,0.9344,337.56,141.16,44.97,37.48,373.00,580.50,30.00,81.00,0.0000,440.77,1,0,3.1349,ACCEPT,0,899,72,17822,6,338,1524,0,0,0,0
304,0,1,1,ACCEPT,38.4480,6.2381,1572,0,1,0.8531,337.56,142.33,44.97,37.48,364.50,576.00,53.00,58.00,0.0000,434.51,1,0,3.1039,ACCEPT,0,872,79,19866,6,338,1572,0,0,0,0
305,0,1,1,ACCEPT,35.4580,5.6833,1597,1,2,0.4659,338.97,144.67,44.97,37.48,370.00,578.50,48.00,61.00,0.0000,434.94,1,0,3.1171,ACCEPT,0,1058,78,17971,6,338,1597,0,0,0,0
306,0,1,1,ACCEPT,38.4340,6.3125,1616,0,2,0.5996,338.97,147.02,44.97,37.48,374.50,585.50,23.00,49.00,0.0000,439.92,1,0,3.1550,ACCEPT,0,931,82,20902,6,338,1616,0,0,0,0
307,0,1,1,ACCEPT,40.4225,5.7289,1627,0,0,1.0000,338.97,147.02,44.97,37.48,374.00,587.50,16.00,71.00,0.0000,441.88,1,0,3.0460,ACCEPT,0,988,62,28666,6,338,1627,0,0,0,0
308,0,1,1,ACCEPT,37.4972,4.4941,1528,-1,-3,0.3135,337.56,143.50,44.97,37.48,355.50,572.00,41.00,52.00,0.0000,428.88,1,0,3.1128,ACCEPT,0,833,72,18624,6,338,1528,0,0,0,0
309,0,1,1,ACCEPT,37.8304,4.6212,1525,0,-1,0.8262,337.56,142.33,44.97,37.48,353.00,575.00,38.00,64.00,0.0000,432.95,1,0,3.0459,ACCEPT,0,910,67,19193,6,338,1525,0,0,0,0
310,0,1,1,ACCEPT,41.5538,6.3182,1668,0,0,1.0000,337.56,142.33,44.97,37.48,359.00,581.00,18.00,52.00,0.0000,439.20,1,0,3.1429,ACCEPT,0,940,76,19394,6,338,1668,0,0,0,0
311,0,1,1,ACCEPT,41.2386,6.9541,1516,0,0,1.0000,337.56,142.33,44.97,37.48,358.50,578.50,15.00,49.00,0.0000,436.67,1,0,3.0283,ACCEPT,0,860,87,19065,6,338,1516,0,0,0,0
312,0,1,1,ACCEPT,41.5687,7.7273,1445,1,0,0.8616,338.97,142.33,44.97,37.48,357.50,579.00,11.00,94.00,0.0000,437.06,1,0,3.1555,ACCEPT,0,790,90,13589,6,338,1445,0,0,0,0
313,0,1,1,ACCEPT,41.5230,6.6995,1226,1,1,0.8173,340.38,143.50,44.97,37.48,340.00,580.00,32.00,76.00,0.0000,436.50,1,0,3.0978,ACCEPT,0,635,78,16979,6,338,1226,0,0,0,0
314,0,1,1,ACCEPT,38.7979,5.8571,1230,0,1,0.9992,340.38,144.67,44.97,37.48,339.00,581.00,24.00,80.00,0.0000,436.33,1,0,3.0435,ACCEPT,0,741,83,18885,6,338,1230,0,0,0,0
315,0,1,1,ACCEPT,37.0478,5.3802,1302,1,0,0.9247,341.78,144.67,43.24,36.03,339.50,584.00,15.00,78.00,0.0000,439.33,1,-1,2.7774,ACCEPT,0,851,69,19038,6,338,1302,0,0,0,0
316,0,1,1,ACCEPT,38.4969,6.2244,1276,0,-1,0.9107,341.78,143.55,43.24,36.03,337.50,583.00,15.00,80.00,0.0000,439.47,1,0,3.0977,ACCEPT,0,831,70,19455,6,338,1276,0,0,0,0
317,0,1,1,ACCEPT,32.9840,4.8565,1083,0,-2,0.5402,341.78,141.30,43.24,36.03,331.00,576.50,20.00,89.00,0.0000,435.34,1,0,3.0626,ACCEPT,0,743,62,19038,6,338,1083,0,0,0,0
318,0,1,1,ACCEPT,31.4264,5.9050,1181,1,-2,0.7655,343.12,139.05,43.24,36.03,320.00,577.00,22.00,70.00,0.0000,438.56,1,0,3.0646,ACCEPT,0,767,71,23484,6,338,1181,0,0,0,0
319,0,1,1,ACCEPT,35.6186,5.4130,1245,0,3,0.4530,343.12,142.42,43.24,36.03,314.50,579.00,23.00,80.00,0.0000,437.52,1,0,3.1268,ACCEPT,0,768,83,21526,6,338,1245,0,0,0,0
320,0,1,1,ACCEPT,30.8977,5.5714,1209,1,3,0.2308,344.47,145.80,43.24,36.03,313.00,582.00,18.00,84.00,0.0000,437.34,1,0,3.1424,ACCEPT,0,743,71,16856,6,338,1209,0,0,0,0
321,0,1,1,ACCEPT,31.8073,5.3672,950,2,1,0.6589,347.16,146.92,41.58,34.65,315.50,584.50,15.00,71.00,0.0000,438.72,1,-1,2.7404,ACCEPT,0,700,69,17838,6,338,950,0,0,0,0
322,0,1,1,ACCEPT,32.8434,6.7059,1026,0,1,0.8860,347.16,148.00,41.58,34.65,314.00,580.00,22.00,64.00,0.0000,433.27,1,0,3.0910,ACCEPT,0,754,67,17200,6,338,1026,0,0,0,0
323,0,1,1,ACCEPT,29.5221,6.0588,927,1,2,0.6753,348.45,150.16,41.58,34.65,301.50,578.50,37.00,81.00,0.0000,430.91,1,0,3.0218,ACCEPT,0,788,75,23084,6,338,927,0,0,0,0
324,0,1,1,ACCEPT,29.0151,5.2529,914,1,1,0.8151,349.75,151.23,41.58,34.65,293.00,577.50,36.00,69.00,0.0000,430.03,1,0,3.0528,ACCEPT,0,714,64,19243,6,338,914,0,0,0,0
325,0,1,1,ACCEPT,31.5237,6.2988,1033,0,0,1.0000,349.75,151.23,41.58,34.65,286.00,572.00,32.00,68.00,0.0000,425.57,1,0,2.9565,ACCEPT,0,763,67,19114,6,338,1033,0,0,0,0
326,0,1,1,ACCEPT,33.1594,5.0588,1032,0,2,0.7655,349.75,153.39,43.24,36.03,285.50,573.00,31.00,76.00,0.0000,424.50,1,1,2.9424,ACCEPT,0,656,80,27252,6,338,1032,0,0,0,0
327,0,1,1,ACCEPT,30.8975,5.6129,1218,1,2,0.5714,351.09,155.64,43.24,36.03,287.50,576.00,23.00,80.00,0.0000,425.14,1,0,3.0272,ACCEPT,0,798,72,24640,6,338,1218,0,0,0,0
328,0,1,1,ACCEPT,33.4697,6.2981,1014,1,1,0.6824,352.44,156.77,43.24,36.03,288.50,576.50,19.00,77.00,0.0000,424.58,1,0,3.1164,ACCEPT,0,649,64,21498,6,338,1014,0,0,0,0
329,0,1,1,ACCEPT,38.3266,7.0864,1148,1,1,0.8345,353.78,157.89,41.58,34.65,282.00,572.00,20.00,54.00,0.0000,420.28,1,-1,2.7413,ACCEPT,0,595,73,20345,6,338,1148,0,0,0,0
330,0,1,1,ACCEPT,34.6064,5.5936,1046,-1,0,0.9618,352.48,157.89,43.24,36.03,279.00,569.50,18.00,69.00,0.0000,418.12,1,1,2.9294,ACCEPT,0,616,72,14821,6,338,1046,0,0,0,0
331,0,1,1,ACCEPT,36.3686,6.4452,941,1,2,0.6929,353.83,160.14,41.58,34.65,276.50,563.50,15.00,69.00,0.0000,410.70,1,-1,2.6475,ACCEPT,0,579,63,17881,6,338,941,0,0,0,0
332,0,1,1,ACCEPT,37.2489,6.5532,924,-2,0,0.7576,351.23,160.14,43.24,36.03,273.00,566.50,18.00,77.00,0.0000,413.82,1,1,2.9145,ACCEPT,0,538,68,18023,6,338,924,0,0,0,0
333,0,1,1,ACCEPT,36.5854,6.1814,1261,0,2,0.7002,351.23,162.39,43.24,36.03,264.00,564.00,24.00,48.00,0.0000,410.97,1,0,2.9818,ACCEPT,0,803,84,17316,6,338,1261,0,0,0,0
334,0,1,1,ACCEPT,37.3826,7.0778,1274,-1,2,0.7316,349.89,164.64,43.24,36.03,259.50,563.50,27.00,51.00,0.0000,408.97,1,0,3.0287,ACCEPT,0,782,80,19307,6,338,1274,0,0,0,0
335,0,1,1,ACCEPT,34.5184,4.7343,1354,-1,1,0.8855,348.55,165.77,43.24,36.03,255.00,560.50,28.00,65.00,0.0000,405.67,1,0,3.0720,ACCEPT,0,864,65,22621,6,338,1354,0,0,0,0
336,0,1,1,ACCEPT,32.6131,6.3228,1195,0,3,0.4987,348.55,169.14,43.24,36.03,253.50,565.00,23.00,60.00,0.0000,407.11,1,0,2.9838,ACCEPT,0,686,82,28647,6,338,1195,0,0,0,0
337,0,1,1,ACCEPT,35.1548,6.2228,1201,0,2,0.6495,348.55,171.39,43.24,36.03,250.00,556.00,12.00,44.00,0.0000,397.03,1,0,2.9869,ACCEPT,0,710,103,32596,6,338,1201,0,0,0,0
338,0,1,1,ACCEPT,37.0898,7.6929,1077,1,2,0.5097,349.89,173.64,43.24,36.03,240.50,549.00,21.00,74.00,0.0000,390.97,1,0,3.0739,ACCEPT,0,572,66,30380,6,338,1077,0,0,0,0
