frame,occluded,evaluated,accept,reason,psr_bolme,psr_ratio,peak,dr_bin,dc_bin,resp00_over_peak,est_row,est_col,est_h,est_w,truth_row,truth_col,truth_h,truth_w,iou,centre_err,published,scale_idx,scale_conf,scale_reason,rails,accum_max,fch0_max,h_max,job,anchor,resp_max,rails_fch,rails_accum,rails_resp,rails_h
0,0,0,0,ZERO_RESPONSE,0.0000,0.0000,0,0,0,0.0000,37.50,213.50,37.00,61.00,37.50,213.50,37.00,61.00,1.0000,0.00,1,0,0.0000,NOT_RUN,0,0,256,21957,0,0,0,0,0,0,0
1,0,1,1,ACCEPT,47.6338,9.1137,4247,1,0,0.7942,38.66,213.50,37.00,61.00,40.00,212.00,34.00,60.00,0.8756,2.01,1,0,3.1426,ACCEPT,0,2260,207,16412,0,0,4247,0,0,0,0
2,0,1,1,ACCEPT,36.5261,6.8044,3409,2,0,0.6319,40.97,213.50,37.00,61.00,40.50,211.50,33.00,63.00,0.8404,2.05,1,0,2.9739,ACCEPT,0,1881,154,19032,0,0,3409,0,0,0,0
3,0,1,1,ACCEPT,33.4269,5.0223,3827,2,0,0.7915,43.28,213.50,37.00,61.00,42.00,210.50,34.00,63.00,0.8383,3.26,1,0,2.7500,ACCEPT,0,2412,144,20486,0,0,3827,0,0,0,0
4,0,1,1,ACCEPT,32.7494,6.0611,4564,2,-1,0.7379,45.59,211.59,37.00,61.00,43.50,212.00,33.00,60.00,0.8726,2.13,1,0,2.9635,ACCEPT,0,2810,109,23506,0,0,4564,0,0,0,0
5,0,1,1,ACCEPT,34.0498,6.3808,5060,0,0,1.0000,45.59,211.59,37.00,61.00,45.50,211.50,35.00,59.00,0.9149,0.13,1,0,2.9146,ACCEPT,0,3545,105,19406,0,0,5060,0,0,0,0
6,0,1,1,ACCEPT,33.8708,6.0127,4732,1,0,0.8267,46.75,211.59,37.00,61.00,46.00,211.00,32.00,60.00,0.8482,0.96,1,0,2.7327,ACCEPT,0,2923,92,18445,0,0,4732,0,0,0,0
7,0,1,1,ACCEPT,33.6194,5.2866,4372,2,-1,0.6626,49.06,209.69,37.00,61.00,45.50,210.50,33.00,61.00,0.7957,3.65,1,0,2.9022,ACCEPT,0,2632,78,16200,0,0,4372,0,0,0,0
8,0,1,1,ACCEPT,33.1240,4.7679,4129,2,0,0.7866,51.38,209.69,37.00,61.00,48.00,209.50,32.00,63.00,0.7996,3.38,1,0,2.9576,ACCEPT,0,2775,71,16424,0,0,4129,0,0,0,0
9,0,1,1,ACCEPT,35.3793,5.8869,4268,1,0,0.8229,52.53,209.69,37.00,61.00,50.00,210.00,30.00,62.00,0.8002,2.55,1,0,2.8023,ACCEPT,0,2657,68,15436,0,0,4268,0,0,0,0
10,0,1,1,ACCEPT,33.9408,7.4742,4208,1,0,0.8726,53.69,209.69,35.58,58.65,51.00,209.00,30.00,60.00,0.8269,2.77,1,-1,2.6666,ACCEPT,0,2513,88,16155,0,0,4208,0,0,0,0
11,0,1,1,ACCEPT,24.3125,4.9288,3810,0,-1,0.9386,53.69,207.86,35.58,58.65,53.50,208.00,33.00,64.00,0.8553,0.23,1,0,2.6427,ACCEPT,0,2856,148,14995,0,0,3810,0,0,0,0
12,0,1,1,ACCEPT,27.6217,6.0899,4470,1,0,0.8463,54.80,207.86,35.58,58.65,54.00,210.50,32.00,65.00,0.8197,2.76,1,0,2.6160,ACCEPT,0,2801,83,19543,0,0,4470,0,0,0,0
13,0,1,1,ACCEPT,26.5426,4.9238,4136,2,0,0.7449,57.02,207.86,35.58,58.65,55.50,209.00,33.00,64.00,0.8444,1.90,1,0,2.7391,ACCEPT,0,3216,76,19944,0,0,4136,0,0,0,0
14,0,1,1,ACCEPT,26.2206,4.5616,3996,1,0,0.8771,58.12,207.86,35.58,58.65,56.50,209.00,33.00,64.00,0.8392,1.99,1,0,2.6912,ACCEPT,0,3348,89,19810,0,0,3996,0,0,0,0
15,0,1,1,ACCEPT,27.6086,4.0809,4338,2,0,0.7819,60.34,207.86,35.58,58.65,57.50,209.50,33.00,69.00,0.7321,3.28,1,0,2.6870,ACCEPT,0,3678,83,22314,0,0,4338,0,0,0,0
16,0,1,1,ACCEPT,28.8000,4.8772,4648,1,0,0.8985,61.45,207.86,35.58,58.65,60.00,208.00,34.00,66.00,0.8231,1.46,1,0,2.7006,ACCEPT,0,3954,82,23245,0,0,4648,0,0,0,0
17,0,1,1,ACCEPT,31.0055,5.7251,5290,1,0,0.8898,62.56,207.86,35.58,58.65,60.00,209.50,34.00,69.00,0.7434,3.04,1,0,2.6065,ACCEPT,0,4373,71,25997,0,0,5290,0,0,0,0
18,0,1,1,ACCEPT,29.8455,4.8491,5368,0,0,1.0000,62.56,207.86,35.58,58.65,62.50,210.50,31.00,67.00,0.7752,2.64,1,0,2.7005,ACCEPT,0,4107,61,24129,0,0,5368,0,0,0,0
19,0,1,1,ACCEPT,28.3852,4.4732,5341,1,0,0.8830,63.67,207.86,35.58,58.65,63.50,209.00,31.00,68.00,0.7651,1.15,1,0,2.6100,ACCEPT,0,3553,65,21138,0,0,5341,0,0,0,0
20,0,1,1,ACCEPT,28.8356,4.5207,5253,1,0,0.9195,64.78,207.86,35.58,58.65,65.00,205.00,32.00,64.00,0.8265,2.87,1,0,2.5265,ACCEPT,0,3727,65,24167,0,0,5253,0,0,0,0
21,0,1,1,ACCEPT,27.9105,5.6142,5283,1,0,0.8614,65.89,207.86,35.58,58.65,67.00,207.00,34.00,62.00,0.8901,1.40,1,0,2.5548,ACCEPT,0,4139,63,20454,0,0,5283,0,0,0,0
22,0,1,1,ACCEPT,29.9379,6.4825,5361,1,0,0.8760,67.00,207.86,35.58,58.65,68.50,207.50,35.00,63.00,0.8580,1.54,1,0,2.5682,ACCEPT,0,4016,69,21759,0,0,5361,0,0,0,0
23,0,1,1,ACCEPT,27.9577,4.8549,5253,2,-1,0.7740,69.22,206.03,35.58,58.65,70.00,207.50,36.00,65.00,0.8651,1.66,1,0,2.6425,ACCEPT,0,3812,63,24499,0,0,5253,0,0,0,0
24,0,1,1,ACCEPT,30.3769,4.9752,5627,1,1,0.8457,70.33,207.86,35.58,58.65,70.50,208.50,33.00,65.00,0.8430,0.66,1,0,2.5507,ACCEPT,0,3560,53,24178,0,0,5627,0,0,0,0
25,0,1,1,ACCEPT,29.6792,5.4088,5187,2,-1,0.7644,72.55,206.03,35.58,58.65,72.50,208.00,37.00,64.00,0.8812,1.97,1,0,2.6103,ACCEPT,0,3672,74,27012,0,0,5187,0,0,0,0
26,0,1,1,ACCEPT,29.7908,6.0209,5190,0,0,1.0000,72.55,206.03,35.58,58.65,73.00,209.50,36.00,67.00,0.8542,3.50,1,0,2.6308,ACCEPT,0,3262,72,22061,0,0,5190,0,0,0,0
27,0,1,1,ACCEPT,30.7565,6.0192,5026,1,0,0.9055,73.66,206.03,35.58,58.65,74.00,209.00,36.00,70.00,0.8225,2.99,1,0,2.6026,ACCEPT,0,3128,71,22643,0,0,5026,0,0,0,0
28,0,1,1,ACCEPT,33.5245,6.0780,5379,1,0,0.9048,74.77,206.03,35.58,58.65,75.50,208.50,33.00,69.00,0.7971,2.58,1,0,2.5998,ACCEPT,0,2999,77,20278,0,0,5379,0,0,0,0
29,0,1,1,ACCEPT,36.3047,7.1571,5468,1,0,0.9616,75.88,206.03,35.58,58.65,75.50,208.50,33.00,67.00,0.8194,2.50,1,0,2.6577,ACCEPT,0,2686,79,19639,0,0,5468,0,0,0,0
30,0,1,1,ACCEPT,34.7108,5.7449,5337,1,0,0.9674,76.98,206.03,35.58,58.65,76.00,208.00,32.00,68.00,0.7867,2.20,1,0,2.7600,ACCEPT,0,2967,75,18716,0,0,5337,0,0,0,0
31,0,1,1,ACCEPT,37.5986,6.5150,5414,0,0,1.0000,76.98,206.03,35.58,58.65,76.50,207.50,33.00,67.00,0.8194,1.55,1,0,2.8045,ACCEPT,0,2873,57,15948,0,0,5414,0,0,0,0
32,0,1,1,ACCEPT,37.1422,5.6150,5177,0,0,1.0000,76.98,206.03,35.58,58.65,75.50,206.00,33.00,70.00,0.7782,1.48,1,0,2.6780,ACCEPT,0,2714,67,16445,0,0,5177,0,0,0,0
33,0,1,1,ACCEPT,34.6715,5.5471,4948,0,0,1.0000,76.98,206.03,35.58,58.65,76.00,207.00,32.00,72.00,0.7466,1.38,1,0,2.7236,ACCEPT,0,2734,74,16059,0,0,4948,0,0,0,0
34,0,1,1,ACCEPT,30.5491,4.8544,3835,0,0,1.0000,76.98,206.03,35.58,58.65,76.00,205.50,32.00,69.00,0.7763,1.12,1,0,2.6533,ACCEPT,0,2322,93,18216,0,0,3835,0,0,0,0
35,0,1,1,ACCEPT,23.2128,5.0199,3278,0,-1,0.9945,76.98,204.20,35.58,58.65,75.50,204.50,37.00,67.00,0.8087,1.51,1,0,2.5769,ACCEPT,0,2775,59,15672,0,0,3278,0,0,0,0
36,0,1,1,ACCEPT,27.0040,5.6034,4281,0,1,0.9783,76.98,206.03,35.58,58.65,77.50,204.50,35.00,67.00,0.8526,1.62,1,0,2.6545,ACCEPT,0,2876,49,13869,0,0,4281,0,0,0,0
37,0,1,1,ACCEPT,29.6108,5.8509,4119,0,0,1.0000,76.98,206.03,35.58,58.65,77.00,205.50,34.00,67.00,0.8413,0.53,1,0,2.6569,ACCEPT,0,2673,65,12005,0,0,4119,0,0,0,0
38,0,1,1,ACCEPT,31.2704,6.2181,3650,0,0,1.0000,76.98,206.03,35.58,58.65,76.00,206.50,34.00,69.00,0.8093,1.09,1,0,2.6132,ACCEPT,0,2124,83,12562,0,0,3650,0,0,0,0
39,0,1,1,ACCEPT,32.9922,6.4992,3854,0,0,1.0000,76.98,206.03,35.58,58.65,76.00,209.50,34.00,73.00,0.7667,3.61,1,0,2.6640,ACCEPT,0,2241,87,13038,0,0,3854,0,0,0,0
40,0,1,1,ACCEPT,32.4163,5.7531,3659,0,1,0.9880,76.98,207.86,35.58,58.65,74.50,208.50,35.00,71.00,0.7267,2.57,1,0,2.6619,ACCEPT,0,2110,70,13508,0,0,3659,0,0,0,0
41,0,1,1,ACCEPT,29.6000,5.5236,3513,0,0,1.0000,76.98,207.86,35.58,58.65,74.50,209.50,35.00,71.00,0.7267,2.98,1,0,2.7243,ACCEPT,0,2054,57,13062,0,0,3513,0,0,0,0
42,0,1,1,ACCEPT,30.1922,6.0051,3501,0,0,1.0000,76.98,207.86,35.58,58.65,75.50,207.50,35.00,67.00,0.8096,1.53,1,0,2.7737,ACCEPT,0,1942,77,14017,0,0,3501,0,0,0,0
43,0,1,1,ACCEPT,33.6863,6.3368,3631,0,0,1.0000,76.98,207.86,35.58,58.65,75.50,212.00,35.00,74.00,0.7360,4.40,1,0,2.7181,ACCEPT,0,1904,68,12276,0,0,3631,0,0,0,0
44,0,1,1,ACCEPT,32.9653,6.1835,3370,0,0,1.0000,76.98,207.86,35.58,58.65,75.00,211.50,36.00,71.00,0.7454,4.15,1,0,2.7378,ACCEPT,0,1791,56,12269,0,0,3370,0,0,0,0
45,0,1,1,ACCEPT,35.7888,7.1984,3628,0,1,0.9653,76.98,209.69,35.58,58.65,74.50,213.00,35.00,70.00,0.7365,4.14,1,0,2.7886,ACCEPT,0,1753,62,14577,0,0,3628,0,0,0,0
46,0,1,1,ACCEPT,35.3829,6.0046,3885,1,0,0.9495,78.09,209.69,35.58,58.65,75.50,212.00,35.00,68.00,0.7523,3.47,1,0,2.7068,ACCEPT,0,1951,53,14898,0,0,3885,0,0,0,0
47,0,1,1,ACCEPT,29.9057,5.5623,3660,0,0,1.0000,78.09,209.69,35.58,58.65,75.50,209.50,37.00,63.00,0.8095,2.60,1,0,2.6456,ACCEPT,0,2166,61,14533,0,0,3660,0,0,0,0
48,0,1,1,ACCEPT,31.2353,5.6860,4111,0,1,0.9496,78.09,211.52,35.58,58.65,75.50,211.50,37.00,65.00,0.7857,2.59,1,0,2.6273,ACCEPT,0,2352,63,14639,0,0,4111,0,0,0,0
49,0,1,1,ACCEPT,30.5856,5.7427,4307,0,0,1.0000,78.09,211.52,35.58,58.65,75.50,213.50,37.00,65.00,0.7857,3.27,1,0,2.6936,ACCEPT,0,2265,55,18585,0,0,4307,0,0,0,0
50,0,1,1,ACCEPT,32.0173,5.4752,4862,0,1,0.9916,78.09,213.34,35.58,58.65,75.50,212.00,35.00,60.00,0.8275,2.92,1,0,2.6494,ACCEPT,0,2707,65,17508,0,0,4862,0,0,0,0
51,0,1,1,ACCEPT,33.5384,5.3729,5115,0,1,0.9681,78.09,215.17,35.58,58.65,75.50,212.50,37.00,61.00,0.7965,3.72,1,0,2.4992,ACCEPT,0,2651,70,17921,0,0,5115,0,0,0,0
52,0,1,1,ACCEPT,34.9986,6.5660,5371,0,0,1.0000,78.09,215.17,35.58,58.65,75.50,214.00,37.00,62.00,0.8220,2.85,1,0,2.6623,ACCEPT,0,2833,55,23250,0,0,5371,0,0,0,0
53,0,1,1,ACCEPT,33.5429,6.0197,5496,-1,1,0.9722,76.98,217.00,35.58,58.65,75.50,215.00,39.00,60.00,0.8544,2.49,1,0,2.6007,ACCEPT,0,3196,54,21558,0,0,5496,0,0,0,0
54,0,1,1,ACCEPT,35.3652,6.6617,5396,0,0,1.0000,76.98,217.00,35.58,58.65,73.00,219.00,40.00,60.00,0.7603,4.46,1,0,2.6653,ACCEPT,0,2982,63,16826,0,0,5396,0,0,0,0
55,0,1,1,ACCEPT,31.5179,5.8278,4773,-1,1,0.8848,75.88,218.83,35.58,58.65,73.00,218.00,42.00,60.00,0.8241,2.99,1,0,2.6426,ACCEPT,0,2939,51,21655,0,0,4773,0,0,0,0
56,0,1,1,ACCEPT,29.2115,5.8321,4794,0,0,1.0000,75.88,218.83,35.58,58.65,72.50,220.50,43.00,61.00,0.7835,3.77,1,0,2.5757,ACCEPT,0,3221,55,21430,0,0,4794,0,0,0,0
57,0,1,1,ACCEPT,26.5715,5.0785,4398,-1,1,0.7954,74.77,220.66,35.58,58.65,72.50,222.00,43.00,60.00,0.7922,2.63,1,0,2.6331,ACCEPT,0,3130,62,23995,0,0,4398,0,0,0,0
58,0,1,1,ACCEPT,25.4315,5.2019,4276,-1,1,0.9602,73.66,222.48,35.58,58.65,73.00,224.50,40.00,59.00,0.8333,2.12,1,0,2.8008,ACCEPT,0,3120,71,22214,0,0,4276,0,0,0,0
59,0,1,1,ACCEPT,18.1703,3.7725,3350,0,0,1.0000,73.66,222.48,35.58,58.65,72.50,221.50,39.00,51.00,0.8024,1.52,1,0,2.7264,ACCEPT,0,3236,55,27404,0,0,3350,0,0,0,0
60,0,1,1,ACCEPT,19.3626,4.0404,3899,-1,1,0.8287,72.55,224.31,35.58,58.65,71.50,222.50,39.00,49.00,0.7733,2.09,1,0,2.8738,ACCEPT,0,3747,60,26469,0,0,3899,0,0,0,0
61,0,1,1,ACCEPT,21.2556,4.2302,4061,-1,1,0.8742,71.44,226.14,35.58,58.65,71.00,223.50,38.00,49.00,0.7904,2.68,1,0,2.9986,ACCEPT,0,3574,68,23514,0,0,4061,0,0,0,0
62,0,1,1,ACCEPT,21.9457,4.3078,4269,0,0,1.0000,71.44,226.14,35.58,58.65,70.00,224.50,40.00,49.00,0.7568,2.18,1,0,2.9302,ACCEPT,0,3700,56,24830,0,0,4269,0,0,0,0
63,0,1,1,ACCEPT,23.0578,4.6917,4504,0,1,0.9236,71.44,227.97,35.58,58.65,69.00,226.50,40.00,49.00,0.7484,2.85,1,0,2.9836,ACCEPT,0,3607,73,26368,0,0,4504,0,0,0,0
64,0,1,1,ACCEPT,23.3461,5.0207,4840,0,0,1.0000,71.44,227.97,35.58,58.65,68.50,228.00,43.00,52.00,0.7482,2.94,1,0,3.0714,ACCEPT,0,3775,73,26526,0,0,4840,0,0,0,0
65,0,1,1,ACCEPT,24.6515,4.7993,5284,0,0,1.0000,71.44,227.97,35.58,58.65,68.50,228.50,43.00,51.00,0.7360,2.99,1,0,3.0682,ACCEPT,0,4188,74,28613,0,0,5284,0,0,0,0
66,0,1,1,ACCEPT,25.7049,5.2036,5521,0,0,1.0000,71.44,227.97,35.58,58.65,68.50,228.00,43.00,50.00,0.7237,2.94,1,0,3.1787,ACCEPT,0,4420,77,24127,0,0,5521,0,0,0,0
67,0,1,1,ACCEPT,26.8366,5.1911,5269,0,1,0.9789,71.44,229.80,35.58,58.65,69.00,227.00,44.00,46.00,0.6614,3.71,1,0,3.5497,ACCEPT,0,3883,90,22311,0,0,5269,0,0,0,0
68,0,1,1,ACCEPT,27.5730,4.9136,5002,0,0,1.0000,71.44,229.80,35.58,58.65,68.50,230.00,45.00,50.00,0.6954,2.94,1,0,3.4895,ACCEPT,0,3650,110,19498,0,0,5002,0,0,0,0
69,0,1,1,ACCEPT,25.2362,4.8402,5179,0,0,1.0000,71.44,229.80,35.58,58.65,68.50,229.00,41.00,50.00,0.7461,3.04,1,0,3.4051,ACCEPT,0,4172,145,17639,0,0,5179,0,0,0,0
70,0,1,1,ACCEPT,24.7118,4.1658,5378,0,0,1.0000,71.44,229.80,35.58,58.65,68.50,227.50,41.00,47.00,0.7063,3.73,1,0,3.3123,ACCEPT,0,4261,135,18488,0,0,5378,0,0,0,0
71,0,1,1,ACCEPT,26.7422,4.0291,5399,0,1,0.9941,71.44,231.62,35.58,58.65,68.50,228.00,45.00,44.00,0.6258,4.67,1,0,3.3841,ACCEPT,0,4190,118,20712,0,0,5399,0,0,0,0
72,0,1,1,ACCEPT,28.7571,4.3980,6012,0,0,1.0000,71.44,231.62,35.58,58.65,69.00,227.00,44.00,40.00,0.5872,5.23,1,0,3.3448,ACCEPT,0,4345,76,25014,0,0,6012,0,0,0,0
73,0,1,1,ACCEPT,29.0045,4.7995,6393,0,0,1.0000,71.44,231.62,35.58,58.65,68.00,229.00,42.00,42.00,0.6275,4.33,1,0,3.0665,ACCEPT,0,4735,97,23484,0,0,6393,0,0,0,0
74,0,1,1,ACCEPT,28.8059,5.1372,5692,0,0,1.0000,71.44,231.62,35.58,58.65,70.00,230.50,42.00,43.00,0.6474,1.83,1,0,2.9667,ACCEPT,0,4278,106,19478,0,0,5692,0,0,0,0
75,0,1,1,ACCEPT,28.4241,5.7957,5077,0,1,0.9210,71.44,233.45,35.58,58.65,70.00,230.00,42.00,40.00,0.6072,3.74,1,0,3.0452,ACCEPT,0,3661,104,19744,0,0,5077,0,0,0,0
76,0,1,1,ACCEPT,30.8838,5.9976,5062,0,1,0.9162,71.44,235.28,35.58,58.65,69.50,229.50,43.00,39.00,0.5839,6.10,1,0,3.1696,ACCEPT,0,3345,110,23007,0,0,5062,0,0,0,0
77,0,1,1,ACCEPT,29.5225,5.8957,5312,0,0,1.0000,71.44,235.28,35.58,58.65,70.50,230.00,39.00,38.00,0.6099,5.36,1,0,3.0944,ACCEPT,0,3661,96,17002,0,0,5312,0,0,0,0
78,0,1,1,ACCEPT,31.4026,6.3796,3815,0,0,1.0000,71.44,235.28,35.58,58.65,71.00,231.00,38.00,38.00,0.6205,4.30,1,0,2.9446,ACCEPT,0,2393,104,16422,0,0,3815,0,0,0,0
79,0,1,1,ACCEPT,33.4708,7.3261,3707,0,1,0.9444,71.44,237.11,35.58,58.65,71.00,230.50,38.00,35.00,0.5734,6.62,1,0,3.0418,ACCEPT,0,2140,92,14916,0,0,3707,0,0,0,0
80,0,1,1,ACCEPT,32.8826,7.4194,3131,0,0,1.0000,71.44,237.11,35.58,58.65,70.50,231.50,39.00,35.00,0.5643,5.69,1,0,2.8944,ACCEPT,0,1837,92,18595,0,0,3131,0,0,0,0
81,0,1,1,ACCEPT,35.3047,7.3455,3636,0,1,0.9340,71.44,238.94,35.58,58.65,70.50,232.50,39.00,35.00,0.5643,6.51,1,0,2.9275,ACCEPT,0,2132,70,20375,0,0,3636,0,0,0,0
82,0,1,1,ACCEPT,35.9637,7.2245,3829,0,0,1.0000,71.44,238.94,35.58,58.65,69.50,233.50,41.00,35.00,0.5470,5.77,1,0,2.5512,ACCEPT,0,2325,87,28003,0,0,3829,0,0,0,0
83,0,1,1,ACCEPT,34.1647,8.0236,5095,0,1,0.8410,71.44,240.77,35.58,58.65,70.00,234.00,40.00,36.00,0.5703,6.92,1,0,2.8766,ACCEPT,0,2807,107,21496,0,0,5095,0,0,0,0
84,0,1,1,ACCEPT,35.1334,8.2540,4680,0,1,0.9774,71.44,242.59,35.58,58.65,69.00,236.00,42.00,36.00,0.5525,7.03,1,0,3.0253,ACCEPT,0,2683,95,28131,0,0,4680,0,0,0,0
85,0,1,1,ACCEPT,38.5524,8.1136,5785,-1,0,0.9364,70.33,242.59,35.58,58.65,68.50,237.00,41.00,36.00,0.5613,5.88,1,0,2.5725,ACCEPT,0,3118,84,27972,0,0,5785,0,0,0,0
86,0,1,1,ACCEPT,39.8630,8.4702,5548,0,1,0.8994,70.33,244.42,35.58,58.65,69.50,239.00,39.00,36.00,0.5795,5.48,1,0,2.9396,ACCEPT,0,2890,90,27723,0,0,5548,0,0,0,0
87,0,1,1,ACCEPT,39.8529,8.6458,5663,0,1,0.8978,70.33,246.25,35.58,58.65,69.50,240.00,39.00,36.00,0.5795,6.30,1,0,3.1462,ACCEPT,0,2741,91,25454,0,0,5663,0,0,0,0
88,0,1,1,ACCEPT,37.3330,7.9305,5250,0,0,1.0000,70.33,246.25,35.58,58.65,68.00,241.00,42.00,36.00,0.5525,5.74,1,0,2.9493,ACCEPT,0,2725,89,20859,0,0,5250,0,0,0,0
89,0,1,1,ACCEPT,29.8487,5.5751,3936,-1,0,0.9540,69.22,246.25,35.58,58.65,68.50,241.00,41.00,32.00,0.5037,5.30,1,0,2.8554,ACCEPT,0,2241,112,19035,0,0,3936,0,0,0,0
90,0,1,1,ACCEPT,27.1958,4.5992,3362,0,1,0.9830,69.22,248.08,35.58,58.65,68.00,241.50,40.00,33.00,0.5258,6.69,1,0,3.4040,ACCEPT,0,2123,112,18780,0,0,3362,0,0,0,0
91,0,1,1,ACCEPT,24.2181,4.1386,3315,0,0,1.0000,69.22,248.08,35.58,58.65,68.00,243.00,40.00,36.00,0.5703,5.22,1,0,3.4360,ACCEPT,0,2354,134,18354,0,0,3315,0,0,0,0
92,0,1,1,ACCEPT,21.8232,4.1450,3258,0,0,1.0000,69.22,248.08,35.58,58.65,67.00,241.50,42.00,37.00,0.5663,6.94,1,0,3.3891,ACCEPT,0,2457,112,19221,0,0,3258,0,0,0,0
93,0,1,1,ACCEPT,22.6342,4.1741,3260,-1,1,0.9181,68.11,249.91,35.58,58.65,65.50,240.00,43.00,34.00,0.5171,10.24,1,0,3.3193,ACCEPT,0,2278,106,16319,0,0,3260,0,0,0,0
94,0,1,1,ACCEPT,26.5065,4.9901,3019,-1,0,0.8675,67.00,249.91,35.58,58.65,64.00,240.00,44.00,32.00,0.4832,10.35,1,0,3.3406,ACCEPT,0,1983,97,20922,0,0,3019,0,0,0,0
95,0,1,1,ACCEPT,25.7434,5.1002,3361,-1,0,0.9247,65.89,249.91,35.58,58.65,63.50,241.00,43.00,32.00,0.4898,9.22,1,0,3.2138,ACCEPT,0,2446,96,13173,0,0,3361,0,0,0,0
96,0,1,1,ACCEPT,28.1970,5.9395,2358,-1,0,0.9101,64.78,249.91,35.58,58.65,63.50,241.00,41.00,32.00,0.5037,9.00,1,0,3.1322,ACCEPT,0,1609,99,16704,0,0,2358,0,0,0,0
97,0,1,1,ACCEPT,30.1008,6.1487,3019,-1,0,0.9112,63.67,249.91,37.00,61.00,63.00,241.50,40.00,35.00,0.5483,8.43,1,1,3.0802,ACCEPT,0,1986,97,19293,0,0,3019,0,0,0,0
98,0,1,1,ACCEPT,31.4325,6.0396,3352,-1,0,0.9547,62.52,249.91,37.00,61.00,61.50,240.50,41.00,37.00,0.5692,9.46,1,0,3.1538,ACCEPT,0,2145,84,25235,0,0,3352,0,0,0,0
99,0,1,1,ACCEPT,32.2146,5.3915,4173,-1,-1,0.9025,61.36,248.00,38.48,63.44,60.50,240.00,43.00,40.00,0.5870,8.05,1,1,2.9993,ACCEPT,0,2498,96,20850,0,0,4173,0,0,0,0
100,0,1,1,ACCEPT,30.7170,5.5949,3715,-1,0,0.9515,60.16,248.00,38.48,63.44,60.50,239.00,41.00,44.00,0.6634,9.01,1,0,3.1674,ACCEPT,0,2265,72,17343,0,0,3715,0,0,0,0
101,0,1,1,ACCEPT,31.2615,6.2653,3590,-1,-1,0.8075,58.95,246.02,38.48,63.44,59.00,239.00,42.00,38.00,0.5679,7.02,1,0,3.1616,ACCEPT,0,2216,83,15504,0,0,3590,0,0,0,0
102,0,1,1,ACCEPT,29.8790,5.3323,3466,-2,0,0.6691,56.55,246.02,38.48,63.44,57.00,240.00,44.00,40.00,0.5782,6.03,1,0,3.2802,ACCEPT,0,2097,71,15818,0,0,3466,0,0,0,0
103,0,1,1,ACCEPT,27.6971,5.7701,3237,-2,-1,0.6546,54.14,244.03,38.48,63.44,56.50,238.00,41.00,36.00,0.5233,6.48,1,0,3.3117,ACCEPT,0,1968,61,14039,0,0,3237,0,0,0,0
104,0,1,1,ACCEPT,24.8022,3.9273,2702,-1,-1,0.8579,52.94,242.05,38.48,63.44,54.50,238.00,39.00,40.00,0.5915,4.34,1,0,3.2666,ACCEPT,0,1758,67,11710,0,0,2702,0,0,0,0
105,0,1,1,ACCEPT,21.5694,3.7396,1982,-1,-1,0.7538,51.73,240.06,38.48,63.44,49.50,235.00,37.00,34.00,0.4844,5.53,1,0,3.1601,ACCEPT,0,1637,85,10371,0,0,1982,0,0,0,0
106,0,1,1,ACCEPT,19.6905,3.4622,2060,-2,-1,0.7170,49.33,238.08,38.48,63.44,48.00,233.00,36.00,34.00,0.4996,5.25,1,0,2.7587,ACCEPT,0,1779,84,10765,0,0,2060,0,0,0,0
107,0,1,1,ACCEPT,15.7398,2.9511,1750,-2,0,0.8331,46.92,238.08,38.48,63.44,50.00,230.00,42.00,30.00,0.4311,8.64,1,0,2.9503,ACCEPT,0,1967,85,6880,0,0,1750,0,0,0,0
108,0,1,1,ACCEPT,17.8561,3.2604,1415,-2,0,0.8064,44.52,238.08,38.48,63.44,48.00,230.50,42.00,29.00,0.4110,8.34,1,0,3.0965,ACCEPT,0,1371,79,6212,0,0,1415,0,0,0,0
109,0,1,1,ACCEPT,19.2519,3.5538,1354,-1,0,0.8826,43.31,238.08,38.48,63.44,47.00,227.00,42.00,24.00,0.3411,11.68,1,0,3.0879,ACCEPT,0,1209,68,7607,0,0,1354,0,0,0,0
110,0,1,1,ACCEPT,22.6697,4.5613,1487,-1,0,0.8998,42.11,238.08,38.48,63.44,45.50,227.50,41.00,25.00,0.3553,11.11,1,0,3.1532,ACCEPT,0,1227,56,8059,0,0,1487,0,0,0,0
111,0,1,1,ACCEPT,25.0458,5.0307,1474,-2,-1,0.7917,39.70,236.09,38.48,63.44,44.50,227.00,43.00,26.00,0.3561,10.28,1,0,2.9752,ACCEPT,0,1132,60,7624,0,0,1474,0,0,0,0
112,0,1,1,ACCEPT,25.8853,6.3333,1520,-1,0,0.8526,38.50,236.09,38.48,63.44,43.00,225.50,42.00,23.00,0.3180,11.51,1,0,2.9621,ACCEPT,0,1058,65,8094,0,0,1520,0,0,0,0
113,0,1,1,ACCEPT,26.1044,5.9562,1632,-2,0,0.8376,36.09,236.09,38.48,63.44,37.50,227.00,51.00,24.00,0.3368,9.20,1,0,2.9895,ACCEPT,0,1068,64,8545,0,0,1632,0,0,0,0
114,0,1,1,ACCEPT,27.0720,4.7762,1686,0,0,1.0000,36.09,236.09,38.48,63.44,35.50,227.00,45.00,26.00,0.3832,9.11,1,0,3.1184,ACCEPT,0,1085,86,6001,0,0,1686,0,0,0,0
115,0,1,1,ACCEPT,27.8332,6.0304,1586,-1,0,0.8581,34.89,236.09,38.48,63.44,35.00,226.00,52.00,22.00,0.3091,10.09,1,0,3.2426,ACCEPT,0,1001,64,7404,0,0,1586,0,0,0,0
116,0,1,1,ACCEPT,28.9846,6.1576,1915,-2,0,0.7718,32.48,236.09,38.48,63.44,33.50,224.50,51.00,19.00,0.2729,11.64,1,0,3.2649,ACCEPT,0,1191,65,8909,0,0,1915,0,0,0,0
117,0,1,1,ACCEPT,29.0866,5.5833,1876,0,0,1.0000,32.48,236.09,38.48,63.44,32.50,224.00,49.00,20.00,0.2902,12.09,1,0,3.2278,ACCEPT,0,1184,59,9810,0,0,1876,0,0,0,0
118,0,1,1,ACCEPT,28.4398,6.0282,1712,-2,0,0.7991,30.08,236.09,38.48,63.44,28.00,222.00,52.00,14.00,0.2048,14.25,1,0,3.2162,ACCEPT,0,1181,60,14884,0,0,1712,0,0,0,0
119,0,1,1,ACCEPT,23.8768,4.0923,2128,-1,0,0.8938,28.88,236.09,38.48,63.44,31.00,222.50,48.00,15.00,0.2234,13.76,1,0,3.1090,ACCEPT,0,1772,84,10412,0,0,2128,0,0,0,0
120,0,1,1,ACCEPT,25.1084,4.0354,2050,-2,0,0.8410,26.47,236.09,38.48,63.44,28.50,223.50,51.00,13.00,0.1921,12.76,1,0,3.1651,ACCEPT,0,1621,74,11891,0,0,2050,0,0,0,0
121,0,1,1,ACCEPT,27.0490,4.1454,2367,-1,1,0.9658,25.27,238.08,38.48,63.44,28.00,223.50,52.00,13.00,0.1912,14.83,1,0,3.3771,ACCEPT,0,1732,66,10570,0,0,2367,0,0,0,0
122,0,1,1,ACCEPT,27.3838,4.5411,1989,-1,0,0.9090,24.06,238.08,38.48,63.44,30.00,222.00,48.00,14.00,0.2016,17.14,1,0,3.3027,ACCEPT,0,1490,80,10097,0,0,1989,0,0,0,0
123,0,1,1,ACCEPT,24.7584,4.4508,2034,-2,0,0.8024,21.66,238.08,38.48,63.44,30.00,224.00,44.00,12.00,0.1533,16.36,1,0,3.1581,ACCEPT,0,1530,86,10243,0,0,2034,0,0,0,0
124,0,1,1,ACCEPT,23.4899,4.5746,1871,-1,1,0.8407,20.45,240.06,38.48,63.44,28.50,225.00,43.00,12.00,0.1530,17.08,1,0,3.2989,ACCEPT,0,1467,74,9324,0,0,1871,0,0,0,0
125,0,1,1,ACCEPT,23.4279,4.7332,1756,-1,0,0.8901,19.25,240.06,38.48,63.44,29.50,226.00,41.00,14.00,0.1587,17.40,1,0,3.0392,ACCEPT,0,1444,77,7851,0,0,1756,0,0,0,0
126,0,1,1,ACCEPT,24.7816,5.3187,1702,-2,0,0.7761,16.84,240.06,37.00,61.00,28.00,226.50,44.00,13.00,0.1559,17.56,1,-1,2.9694,ACCEPT,0,1467,81,8159,0,0,1702,0,0,0,0
127,0,1,1,ACCEPT,23.4824,5.5552,1611,0,1,0.9342,16.84,241.97,37.00,61.00,29.00,228.00,42.00,14.00,0.1555,18.52,1,0,3.1400,ACCEPT,0,1429,88,4120,0,0,1611,0,0,0,0
128,0,1,1,ACCEPT,21.3267,4.4242,1022,-1,0,0.8885,15.69,241.97,37.00,61.00,26.50,229.50,41.00,13.00,0.1512,16.50,1,0,3.0665,ACCEPT,0,953,82,6090,0,0,1022,0,0,0,0
129,0,1,1,ACCEPT,20.1542,3.8179,1405,-1,0,0.8577,14.53,241.97,35.58,58.65,27.00,231.00,40.00,18.00,0.1939,16.61,1,-1,2.7239,ACCEPT,0,1277,80,6071,0,0,1405,0,0,0,0
130,0,1,1,ACCEPT,19.8682,4.0669,1460,-1,0,0.8281,13.42,241.97,34.21,56.40,26.50,232.50,45.00,15.00,0.1803,16.15,1,-1,2.1944,ACCEPT,0,1328,114,7437,0,0,1460,0,0,0,0
131,0,1,1,ACCEPT,15.7117,3.6584,1028,0,0,1.0000,13.42,241.97,34.21,56.40,29.00,234.00,42.00,14.00,0.1432,17.50,1,0,2.2389,ACCEPT,0,1109,105,10733,0,0,1028,0,0,0,0
132,0,1,1,ACCEPT,16.2822,4.2632,1134,0,1,0.9956,13.42,243.73,34.21,56.40,29.00,235.00,44.00,14.00,0.1486,17.86,1,0,2.4800,ACCEPT,0,1175,103,12377,0,0,1134,0,0,0,0
133,0,1,1,ACCEPT,15.2582,3.3181,1231,-1,0,0.9171,12.36,243.73,34.21,56.40,28.00,241.00,48.00,20.00,0.2140,15.88,1,0,2.9020,ACCEPT,0,1364,86,12936,0,0,1231,0,0,0,0
134,0,1,1,ACCEPT,14.9546,3.3918,1238,0,1,0.9313,12.36,245.50,34.21,56.40,28.00,243.00,48.00,22.00,0.2310,15.84,1,0,3.0520,ACCEPT,0,1382,70,12334,0,0,1238,0,0,0,0
135,0,1,1,ACCEPT,12.0855,2.7741,1007,0,1,0.9970,12.36,247.27,34.21,56.40,32.00,240.00,46.00,14.00,0.1253,20.94,1,0,2.9974,ACCEPT,0,1519,62,14400,0,0,1007,0,0,0,0
136,0,1,1,ACCEPT,14.7762,3.6314,1064,0,1,0.9605,12.36,249.03,35.58,58.65,33.50,240.50,45.00,11.00,0.0888,22.80,1,1,2.7471,ACCEPT,0,1475,66,13505,0,0,1064,0,0,0,0
137,0,1,1,ACCEPT,15.4615,3.4489,945,-2,1,0.7725,10.14,250.86,37.00,61.00,36.50,241.00,45.00,14.00,0.0764,28.14,1,1,2.8926,ACCEPT,0,1271,74,14018,0,0,945,0,0,0,0
138,0,1,1,ACCEPT,17.1930,3.6713,1050,-1,1,0.9476,8.98,252.77,38.48,63.44,39.00,242.50,46.00,13.00,0.0552,31.72,1,1,2.9482,ACCEPT,0,1328,61,14191,0,0,1050,0,0,0,0
139,0,1,1,ACCEPT,18.8857,4.7509,1297,-1,0,0.9106,7.78,252.77,38.48,63.44,42.50,244.00,53.00,12.00,0.0449,35.81,1,0,3.2989,ACCEPT,0,1551,73,15064,0,0,1297,0,0,0,0
140,0,1,1,ACCEPT,18.8033,4.9862,1446,0,1,0.9606,7.78,254.75,38.48,63.44,43.50,246.50,51.00,11.00,0.0342,36.66,1,0,3.3021,ACCEPT,0,1737,73,11953,0,0,1446,0,0,0,0
141,0,1,1,ACCEPT,20.3015,5.2920,1323,-1,0,0.9758,6.58,254.75,38.48,63.44,45.00,247.00,52.00,14.00,0.0311,39.20,1,0,3.2647,ACCEPT,0,1406,77,12534,0,0,1323,0,0,0,0
142,0,1,1,ACCEPT,22.4949,5.4206,1946,0,1,0.9214,6.58,256.73,38.48,63.44,42.50,250.00,71.00,14.00,0.0831,36.55,1,0,3.0359,ACCEPT,0,1853,83,9224,0,0,1946,0,0,0,0
143,0,1,1,ACCEPT,16.9317,3.8382,1305,-1,0,0.9349,5.38,256.73,40.02,65.98,49.50,251.00,81.00,14.00,0.0647,44.50,1,1,2.7699,ACCEPT,0,1543,99,5414,0,0,1305,0,0,0,0
144,0,1,1,ACCEPT,17.0021,3.7225,845,0,1,0.9183,5.38,258.80,40.02,65.98,50.00,250.50,84.00,13.00,0.0645,45.39,1,0,2.7718,ACCEPT,0,1042,91,7584,0,0,845,0,0,0,0
145,0,1,1,ACCEPT,20.1489,4.4441,1311,0,1,0.9977,5.38,260.86,40.02,65.98,53.00,251.50,88.00,13.00,0.0596,48.54,1,0,3.0328,ACCEPT,0,1457,114,5926,0,0,1311,0,0,0,0
146,0,1,1,ACCEPT,21.0829,4.5378,1080,0,0,1.0000,5.38,260.86,40.02,65.98,55.50,252.50,93.00,13.00,0.0586,50.82,1,0,3.0115,ACCEPT,0,1031,87,8169,0,0,1080,0,0,0,0
147,0,1,1,ACCEPT,23.6239,5.7208,1516,-1,0,0.9030,4.12,260.86,40.02,65.98,63.00,253.50,90.00,15.00,0.0236,59.33,1,0,3.0341,ACCEPT,0,1304,96,8920,0,0,1516,0,0,0,0
148,0,1,1,ACCEPT,22.5337,5.1076,1757,0,1,0.9334,4.12,262.92,40.02,65.98,65.00,253.00,96.00,14.00,0.0257,61.68,1,0,3.0430,ACCEPT,0,1546,91,9366,0,0,1757,0,0,0,0
149,0,1,1,ACCEPT,25.9634,5.8268,1783,-1,0,0.9288,2.88,262.92,40.02,65.98,70.00,254.00,96.00,14.00,0.0031,67.72,1,0,3.1066,ACCEPT,0,1388,75,9500,0,0,1783,0,0,0,0
150,0,1,1,ACCEPT,24.7395,5.1920,1677,-1,0,0.8861,1.62,262.92,40.02,65.98,75.00,253.50,100.00,13.00,0.0000,73.98,1,0,3.1336,ACCEPT,0,1392,95,12956,0,0,1677,0,0,0,0
151,0,1,1,ACCEPT,26.2165,5.6615,1823,-1,0,0.8327,0.38,262.92,40.02,65.98,73.00,252.50,100.00,13.00,0.0000,73.37,1,0,3.1153,ACCEPT,0,1432,77,12782,0,0,1823,0,0,0,0
152,0,1,1,ACCEPT,26.5714,5.7973,1716,0,0,1.0000,0.38,262.92,40.02,65.98,74.50,253.50,107.00,13.00,0.0000,74.72,1,0,2.9358,ACCEPT,0,1310,72,13055,0,0,1716,0,0,0,0
153,0,1,1,ACCEPT,28.4951,5.0253,1985,-1,0,0.8670,-0.88,262.92,40.02,65.98,85.00,253.00,102.00,16.00,0.0000,86.45,1,0,2.9685,ACCEPT,0,1482,73,12204,0,0,1985,0,0,0,0
154,0,1,1,ACCEPT,28.3138,5.2027,1899,-1,1,0.7762,-2.12,264.98,40.02,65.98,84.00,252.50,100.00,13.00,0.0000,87.03,1,0,3.0507,ACCEPT,0,1429,83,11096,0,0,1899,0,0,0,0
155,0,1,1,ACCEPT,21.2358,4.0794,1542,-2,-1,0.6595,-4.62,262.92,40.02,65.98,98.50,252.00,87.00,12.00,0.0000,103.70,1,0,3.1109,ACCEPT,0,1200,76,8268,0,0,1542,0,0,0,0
156,0,1,1,ACCEPT,26.6847,5.3052,1321,-1,0,0.9773,-5.88,262.92,40.02,65.98,97.00,252.00,92.00,14.00,0.0000,103.45,1,0,3.0919,ACCEPT,0,1049,97,6722,0,0,1321,0,0,0,0
157,0,1,1,ACCEPT,28.4941,5.8590,914,0,1,0.9748,-5.88,264.98,40.02,65.98,112.50,251.50,71.00,17.00,0.0000,119.14,1,0,2.9376,ACCEPT,0,711,103,7866,0,0,914,0,0,0,0
158,0,1,1,ACCEPT,30.0802,6.3410,1376,-1,0,0.9862,-7.12,264.98,40.02,65.98,112.00,253.00,76.00,18.00,0.0000,119.73,1,0,2.9073,ACCEPT,0,999,108,7275,0,0,1376,0,0,0,0
159,0,1,1,ACCEPT,32.2569,6.6338,1413,0,0,1.0000,-7.12,264.98,40.02,65.98,116.50,253.00,61.00,18.00,0.0000,124.20,1,0,2.8426,ACCEPT,0,966,88,6399,0,0,1413,0,0,0,0
160,0,1,1,ACCEPT,34.2382,7.3576,1214,0,0,1.0000,-7.12,264.98,40.02,65.98,121.00,253.00,70.00,18.00,0.0000,128.68,1,0,2.8313,ACCEPT,0,802,87,8062,0,0,1214,0,0,0,0
161,0,1,1,ACCEPT,34.2298,7.0398,1415,0,0,1.0000,-7.12,264.98,40.02,65.98,124.00,251.50,76.00,19.00,0.0000,131.82,1,0,2.8166,ACCEPT,0,909,84,8685,0,0,1415,0,0,0,0
162,0,1,1,ACCEPT,29.8295,6.1117,1204,0,0,1.0000,-7.12,264.98,40.02,65.98,131.50,252.00,59.00,16.00,0.0000,139.23,1,0,2.7060,ACCEPT,0,854,87,8609,0,0,1204,0,0,0,0
163,0,1,1,ACCEPT,29.1762,5.8964,1138,0,-1,0.9965,-7.12,262.92,40.02,65.98,133.00,251.50,58.00,17.00,0.0000,140.59,1,0,2.8131,ACCEPT,0,798,82,8703,0,0,1138,0,0,0,0
164,0,1,1,ACCEPT,30.0381,6.4702,1087,0,0,1.0000,-7.12,262.92,40.02,65.98,139.50,251.50,63.00,13.00,0.0000,147.07,1,0,2.8225,ACCEPT,0,725,66,10617,0,0,1087,0,0,0,0
165,0,1,1,ACCEPT,27.1729,4.8170,1132,1,-1,0.9408,-5.88,260.86,40.02,65.98,139.50,250.00,65.00,12.00,0.0000,145.78,1,0,3.2590,ACCEPT,0,790,77,8919,0,0,1132,0,0,0,0
166,0,1,1,ACCEPT,27.8276,4.8143,1141,0,0,1.0000,-5.88,260.86,40.02,65.98,145.00,251.00,66.00,16.00,0.0000,151.20,1,0,3.2316,ACCEPT,0,778,76,8914,0,0,1141,0,0,0,0
167,0,1,1,ACCEPT,25.9798,3.6396,1121,1,-1,0.8100,-4.62,258.80,40.02,65.98,144.00,249.50,72.00,19.00,0.0000,148.92,1,0,3.5098,ACCEPT,0,715,144,9246,0,0,1121,0,0,0,0
168,0,1,1,ACCEPT,27.6002,3.7500,1470,0,-1,0.9769,-4.62,256.73,40.02,65.98,147.00,248.00,76.00,18.00,0.0000,151.88,1,0,3.4336,ACCEPT,0,885,72,13687,0,0,1470,0,0,0,0
169,0,1,1,ACCEPT,29.5497,4.3056,1606,0,0,1.0000,-4.62,256.73,40.02,65.98,147.50,245.00,77.00,18.00,0.0000,152.58,1,0,3.5108,ACCEPT,0,954,105,14783,0,0,1606,0,0,0,0
170,0,1,1,ACCEPT,29.3003,5.0853,1907,0,-1,0.9942,-4.62,254.67,40.02,65.98,150.50,244.00,81.00,18.00,0.0000,155.49,1,0,3.4613,ACCEPT,0,1196,80,12343,0,0,1907,0,0,0,0
171,0,1,1,ACCEPT,29.6193,5.3688,1412,1,0,0.9582,-3.38,254.67,40.02,65.98,152.00,240.50,78.00,23.00,0.0000,156.02,1,0,3.4484,ACCEPT,0,874,109,12409,0,0,1412,0,0,0,0
172,0,1,1,ACCEPT,30.1829,4.5441,1804,-1,-1,0.9113,-4.62,252.61,40.02,65.98,161.00,239.50,64.00,17.00,0.0000,166.14,1,0,3.4604,ACCEPT,0,1144,123,11422,0,0,1804,0,0,0,0
173,0,1,1,ACCEPT,29.6433,5.1756,1827,1,0,0.8747,-3.38,252.61,40.02,65.98,162.50,240.00,61.00,20.00,0.0000,166.35,1,0,3.4542,ACCEPT,0,1162,126,8935,0,0,1827,0,0,0,0
174,0,1,1,ACCEPT,29.3190,3.8240,1564,0,-1,0.9693,-3.38,250.55,40.02,65.98,163.50,236.50,57.00,21.00,0.0000,167.47,1,0,3.1089,ACCEPT,0,928,125,9133,0,0,1564,0,0,0,0
175,0,1,1,ACCEPT,29.8153,3.7808,1932,0,0,1.0000,-3.38,250.55,40.02,65.98,166.00,235.00,56.00,22.00,0.0000,170.09,1,0,2.8656,ACCEPT,0,1129,121,9676,0,0,1932,0,0,0,0
176,0,1,1,ACCEPT,29.5776,4.1702,1764,0,0,1.0000,-3.38,250.55,41.62,68.62,169.50,234.00,55.00,26.00,0.0000,173.67,1,1,2.7276,ACCEPT,0,1043,126,9102,0,0,1764,0,0,0,0
177,0,1,1,ACCEPT,28.3625,4.2334,1723,0,0,1.0000,-3.38,250.55,43.28,71.36,170.50,232.00,57.00,28.00,0.0000,174.86,1,1,2.4524,ACCEPT,0,1088,130,10457,0,0,1723,0,0,0,0
178,0,1,1,ACCEPT,27.4866,4.1087,2042,-1,0,0.8923,-4.73,250.55,43.28,71.36,171.00,231.00,54.00,30.00,0.0000,176.82,1,0,2.3850,ACCEPT,0,1416,121,11273,0,0,2042,0,0,0,0
179,0,1,1,ACCEPT,21.3152,2.7707,1740,1,0,0.9494,-3.38,250.55,43.28,71.36,173.00,230.00,56.00,32.00,0.0000,177.57,1,0,2.8210,ACCEPT,0,1333,157,8188,0,0,1740,0,0,0,0
180,0,1,1,ACCEPT,21.7478,2.9597,1761,0,0,1.0000,-3.38,250.55,43.28,71.36,174.50,229.50,57.00,31.00,0.0000,179.12,1,0,3.1362,ACCEPT,0,1490,130,10147,0,0,1761,0,0,0,0
181,0,1,1,ACCEPT,22.4142,2.9782,1772,0,0,1.0000,-3.38,250.55,43.28,71.36,176.50,230.00,57.00,30.00,0.0000,181.04,1,0,3.2607,ACCEPT,0,1454,138,8934,0,0,1772,0,0,0,0
182,0,1,1,ACCEPT,21.7839,3.1752,1559,1,0,0.9904,-2.02,250.55,43.28,71.36,179.50,226.50,57.00,35.00,0.0000,183.10,1,0,3.0096,ACCEPT,0,1343,116,11954,0,0,1559,0,0,0,0
183,0,1,1,ACCEPT,23.2651,3.5010,1719,1,0,0.9442,-0.66,250.55,43.28,71.36,184.50,226.00,53.00,34.00,0.0000,186.78,1,0,3.0035,ACCEPT,0,1489,111,10604,0,0,1719,0,0,0,0
184,0,1,1,ACCEPT,23.4255,3.9792,1532,1,0,0.9354,0.70,250.55,43.28,71.36,185.50,226.00,53.00,34.00,0.0000,186.42,1,0,3.0056,ACCEPT,0,1236,96,11667,0,0,1532,0,0,0,0
185,0,1,1,ACCEPT,20.4788,3.5570,1590,0,-1,0.9969,0.70,248.31,43.28,71.36,188.00,225.50,52.00,35.00,0.0000,188.68,1,0,3.2932,ACCEPT,0,1399,92,12361,0,0,1590,0,0,0,0
186,0,1,1,ACCEPT,21.0557,3.3491,1554,1,1,0.7941,2.06,250.55,43.28,71.36,189.50,225.00,55.00,36.00,0.0000,189.17,1,0,3.0441,ACCEPT,0,1210,109,12018,0,0,1554,0,0,0,0
187,0,1,1,ACCEPT,19.4878,3.1466,1545,1,-1,0.7443,3.42,248.31,43.28,71.36,194.00,224.00,56.00,40.00,0.0000,192.12,1,0,3.3486,ACCEPT,0,1482,84,11045,0,0,1545,0,0,0,0
188,0,1,1,ACCEPT,22.1879,3.4619,1364,1,0,0.7977,4.78,248.31,43.28,71.36,195.50,223.50,57.00,43.00,0.0000,192.33,1,0,3.2700,ACCEPT,0,1264,87,8420,0,0,1364,0,0,0,0
189,0,1,1,ACCEPT,21.6969,3.6259,1037,1,0,0.9151,6.14,248.31,43.28,71.36,198.00,224.00,56.00,46.00,0.0000,193.39,1,0,3.2219,ACCEPT,0,1062,99,7095,0,0,1037,0,0,0,0
190,0,1,1,ACCEPT,18.1680,3.2568,951,1,1,0.8633,7.50,250.55,43.28,71.36,200.50,223.50,57.00,49.00,0.0000,194.89,1,0,2.9920,ACCEPT,0,1041,90,8676,0,0,951,0,0,0,0
191,0,1,1,ACCEPT,21.3574,4.0727,1568,0,-1,0.9381,7.50,248.31,43.28,71.36,204.50,222.50,51.00,53.00,0.0000,198.68,1,0,3.1835,ACCEPT,0,1509,166,5713,0,0,1568,0,0,0,0
192,0,1,1,ACCEPT,24.2252,4.5376,1688,1,0,0.9188,8.86,248.31,43.28,71.36,205.50,222.50,53.00,55.00,0.0000,198.33,1,0,3.2550,ACCEPT,0,1498,150,6086,0,0,1688,0,0,0,0
193,0,1,1,ACCEPT,26.0136,4.7288,1726,1,0,0.9374,10.22,248.31,43.28,71.36,206.00,221.00,52.00,56.00,0.0000,197.68,1,0,3.2952,ACCEPT,0,1440,129,5806,0,0,1726,0,0,0,0
194,0,1,1,ACCEPT,29.0643,5.5629,1680,0,0,1.0000,10.22,248.31,43.28,71.36,207.00,218.50,52.00,59.00,0.0000,199.03,1,0,3.2856,ACCEPT,0,1245,96,6558,0,0,1680,0,0,0,0
195,0,1,1,ACCEPT,32.2897,5.9078,1731,0,0,1.0000,10.22,248.31,43.28,71.36,207.00,217.00,52.00,60.00,0.0000,199.26,1,0,3.2449,ACCEPT,0,1079,99,6822,0,0,1731,0,0,0,0
196,0,1,1,ACCEPT,32.0953,6.5663,1832,0,0,1.0000,10.22,248.31,43.28,71.36,206.50,213.00,53.00,72.00,0.0000,199.43,1,0,3.2083,ACCEPT,0,1142,108,9542,0,0,1832,0,0,0,0
197,0,1,1,ACCEPT,34.7398,6.5671,2791,0,-1,0.9495,10.22,246.08,43.28,71.36,208.00,209.50,54.00,73.00,0.0000,201.14,1,0,3.2829,ACCEPT,0,1629,87,12866,0,0,2791,0,0,0,0
198,0,1,1,ACCEPT,33.5503,6.3605,2805,0,0,1.0000,10.22,246.08,43.28,71.36,208.00,210.00,56.00,70.00,0.0000,201.04,1,0,3.2183,ACCEPT,0,1770,88,9153,0,0,2805,0,0,0,0
199,0,1,1,ACCEPT,35.9240,7.6142,2033,0,-1,0.9169,10.22,243.84,43.28,71.36,208.50,208.50,53.00,67.00,0.0000,201.41,1,0,3.2860,ACCEPT,0,1204,98,8693,0,0,2033,0,0,0,0
200,0,1,1,ACCEPT,38.8850,8.3256,2148,0,-1,0.9846,10.22,241.61,43.28,71.36,208.50,208.50,55.00,65.00,0.0000,201.03,1,0,3.2513,ACCEPT,0,1232,101,8149,0,0,2148,0,0,0,0
201,0,1,1,ACCEPT,38.7343,8.0036,2217,0,0,1.0000,10.22,241.61,43.28,71.36,208.50,204.50,55.00,71.00,0.0000,201.72,1,0,3.2520,ACCEPT,0,1229,117,7740,0,0,2217,0,0,0,0
202,0,1,1,ACCEPT,39.0371,8.0000,2056,0,-1,0.9236,10.22,239.38,43.28,71.36,209.50,202.50,55.00,75.00,0.0000,202.66,1,0,3.2908,ACCEPT,0,1078,119,10463,0,0,2056,0,0,0,0
203,0,1,1,ACCEPT,32.5672,6.5598,2578,0,0,1.0000,10.22,239.38,43.28,71.36,211.00,198.00,54.00,76.00,0.0000,205.00,1,0,3.2294,ACCEPT,0,1481,116,8462,0,0,2578,0,0,0,0
204,0,1,1,ACCEPT,34.7030,7.3927,2033,1,-1,0.8549,11.58,237.14,43.28,71.36,210.00,196.50,52.00,77.00,0.0000,202.54,1,0,3.2832,ACCEPT,0,1129,139,6899,0,0,2033,0,0,0,0
205,0,1,1,ACCEPT,36.7142,8.0728,2107,0,-1,0.9639,11.58,234.91,43.28,71.36,213.00,190.00,52.00,80.00,0.0000,206.37,1,0,3.2490,ACCEPT,0,1163,113,9076,0,0,2107,0,0,0,0
206,0,1,1,ACCEPT,35.5510,7.8615,2555,1,-1,0.8434,12.94,232.67,43.28,71.36,215.00,190.50,54.00,81.00,0.0000,206.42,1,0,3.2142,ACCEPT,0,1447,102,9931,0,0,2555,0,0,0,0
207,0,1,1,ACCEPT,38.6306,7.4681,2696,1,-1,0.8257,14.30,230.44,43.28,71.36,215.50,184.50,53.00,85.00,0.0000,206.38,1,0,3.1869,ACCEPT,0,1490,100,10668,0,0,2696,0,0,0,0
208,0,1,1,ACCEPT,37.4959,5.8522,2891,1,0,0.8087,15.66,230.44,43.28,71.36,217.50,181.00,51.00,84.00,0.0000,207.81,1,0,3.1708,ACCEPT,0,1610,109,9065,0,0,2891,0,0,0,0
209,0,1,1,ACCEPT,37.1554,6.4653,2515,1,-1,0.8569,17.02,228.20,43.28,71.36,220.50,178.00,53.00,86.00,0.0000,209.59,1,0,3.1915,ACCEPT,0,1375,109,8886,0,0,2515,0,0,0,0
210,0,1,1,ACCEPT,35.8603,6.3403,2422,1,0,0.8072,18.38,228.20,43.28,71.36,221.00,175.50,50.00,95.00,0.0000,209.37,1,0,3.0390,ACCEPT,0,1321,105,8254,0,0,2422,0,0,0,0
211,0,1,1,ACCEPT,35.7965,6.5538,2130,2,-1,0.6465,21.09,225.97,43.28,71.36,224.00,176.00,52.00,90.00,0.0000,208.97,1,0,3.2068,ACCEPT,0,1171,114,7080,0,0,2130,0,0,0,0
212,0,1,1,ACCEPT,33.7758,5.9837,2208,1,-1,0.9443,22.45,223.73,43.28,71.36,224.50,169.00,49.00,96.00,0.0000,209.33,1,0,3.2636,ACCEPT,0,1191,119,8246,0,0,2208,0,0,0,0
213,0,1,1,ACCEPT,34.4398,7.3886,2852,1,0,0.9253,23.81,223.73,43.28,71.36,226.50,166.50,51.00,97.00,0.0000,210.61,1,0,3.2531,ACCEPT,0,1506,98,9896,0,0,2852,0,0,0,0
214,0,1,1,ACCEPT,37.4727,8.2148,3327,0,-1,0.9426,23.81,221.50,43.28,71.36,226.50,166.50,51.00,97.00,0.0000,210.02,1,0,3.2198,ACCEPT,0,1721,108,9820,0,0,3327,0,0,0,0
215,0,1,1,ACCEPT,31.7001,7.5181,3120,1,0,0.9234,25.17,221.50,43.28,71.36,231.50,163.00,53.00,100.00,0.0000,214.46,1,0,3.2100,ACCEPT,0,1817,84,10620,0,0,3120,0,0,0,0
216,0,1,1,ACCEPT,35.5066,7.8672,3021,1,-1,0.8762,26.53,219.27,43.28,71.36,232.00,161.50,54.00,95.00,0.0000,213.43,1,0,3.2471,ACCEPT,0,1532,83,9857,0,0,3021,0,0,0,0
217,0,1,1,ACCEPT,35.2258,6.4637,2941,0,0,1.0000,26.53,219.27,43.28,71.36,233.00,160.50,54.00,95.00,0.0000,214.67,1,0,3.1032,ACCEPT,0,1560,84,11199,0,0,2941,0,0,0,0
218,0,1,1,ACCEPT,33.9441,6.5351,2980,1,-1,0.8836,27.89,217.03,43.28,71.36,234.50,158.50,55.00,93.00,0.0000,214.74,1,0,3.1911,ACCEPT,0,1641,78,11577,0,0,2980,0,0,0,0
219,0,1,1,ACCEPT,36.9436,8.5029,2942,0,-1,0.8783,27.89,214.80,43.28,71.36,236.50,156.50,53.00,93.00,0.0000,216.60,1,0,3.2111,ACCEPT,0,1563,76,12899,0,0,2942,0,0,0,0
220,0,1,1,ACCEPT,35.5247,7.6108,2953,0,-1,0.8879,27.89,212.56,43.28,71.36,237.00,155.00,54.00,92.00,0.0000,216.89,1,0,3.2533,ACCEPT,0,1552,78,11758,0,0,2953,0,0,0,0
221,0,1,1,ACCEPT,35.7642,8.4537,2832,0,-1,0.9333,27.89,210.33,43.28,71.36,237.50,152.50,55.00,91.00,0.0000,217.44,1,0,3.2668,ACCEPT,0,1403,86,10804,0,0,2832,0,0,0,0
222,0,1,1,ACCEPT,32.1976,6.7368,2688,0,0,1.0000,27.89,210.33,43.28,71.36,236.50,153.50,57.00,91.00,0.0000,216.21,1,0,3.1699,ACCEPT,0,1292,73,12447,0,0,2688,0,0,0,0
223,0,1,1,ACCEPT,34.2878,6.6131,2923,0,0,1.0000,27.89,210.33,43.28,71.36,236.50,153.50,59.00,95.00,0.0000,216.21,1,0,3.0847,ACCEPT,0,1413,75,15840,0,0,2923,0,0,0,0
224,0,1,1,ACCEPT,33.4000,6.7136,2907,0,-1,0.9962,27.89,208.09,43.28,71.36,239.50,152.00,55.00,96.00,0.0000,218.92,1,0,3.2484,ACCEPT,0,1466,68,16357,0,0,2907,0,0,0,0
225,0,1,1,ACCEPT,35.8086,7.4632,3045,1,0,0.9898,29.25,208.09,43.28,71.36,240.00,152.00,56.00,98.00,0.0000,218.09,1,0,3.2146,ACCEPT,0,1502,72,19132,0,0,3045,0,0,0,0
226,0,1,1,ACCEPT,37.8449,7.3355,3455,0,0,1.0000,29.25,208.09,43.28,71.36,242.50,151.50,57.00,95.00,0.0000,220.63,1,0,3.1360,ACCEPT,0,1674,72,26010,0,0,3455,0,0,0,0
227,0,1,1,ACCEPT,29.0902,6.6568,2929,0,-1,0.9887,29.25,205.86,43.28,71.36,243.50,151.00,57.00,100.00,0.0000,221.16,1,0,3.2113,ACCEPT,0,2141,125,20251,0,0,2929,0,0,0,0
228,0,1,1,ACCEPT,32.3260,7.5391,2699,1,0,0.9933,30.61,205.86,43.28,71.36,245.00,146.00,56.00,102.00,0.0000,222.59,1,0,3.1874,ACCEPT,0,1747,113,19779,0,0,2699,0,0,0,0
229,0,1,1,ACCEPT,32.6969,8.3393,2802,0,-1,0.8583,30.61,203.62,43.28,71.36,247.50,144.50,57.00,101.00,0.0000,224.81,1,0,3.1297,ACCEPT,0,1827,90,18745,0,0,2802,0,0,0,0
230,0,1,1,ACCEPT,32.9992,7.3921,2979,0,-1,0.8583,30.61,201.39,43.28,71.36,249.00,143.00,58.00,102.00,0.0000,226.06,1,0,3.0866,ACCEPT,0,1968,85,18121,0,0,2979,0,0,0,0
231,0,1,1,ACCEPT,34.6604,7.3787,2708,0,-1,0.8903,30.61,199.16,43.28,71.36,252.50,140.00,61.00,106.00,0.0000,229.64,1,0,2.9896,ACCEPT,0,1666,61,17216,0,0,2708,0,0,0,0
232,0,1,1,ACCEPT,31.7385,5.6427,2511,1,-2,0.7025,31.97,194.69,43.28,71.36,255.50,131.00,61.00,114.00,0.0000,232.43,1,0,2.9547,ACCEPT,0,1637,46,12736,0,0,2511,0,0,0,0
233,0,1,1,ACCEPT,30.7538,5.2032,2279,1,-1,0.8289,33.33,192.45,43.28,71.36,257.00,126.00,62.00,110.00,0.0000,233.33,1,0,2.9088,ACCEPT,0,1512,53,14548,0,0,2279,0,0,0,0
234,0,1,1,ACCEPT,28.4811,5.3806,2276,0,-1,0.8989,33.33,190.22,43.28,71.36,256.50,124.00,63.00,116.00,0.0000,232.79,1,0,2.8894,ACCEPT,0,1592,50,14793,0,0,2276,0,0,0,0
235,0,1,1,ACCEPT,29.2531,6.2070,2669,0,-1,0.8722,33.33,187.98,43.28,71.36,256.00,121.00,60.00,114.00,0.0000,232.53,1,0,2.8296,ACCEPT,0,1898,63,11689,0,0,2669,0,0,0,0
236,0,1,1,ACCEPT,29.3207,6.7672,2355,0,-1,0.8900,33.33,185.75,43.28,71.36,256.50,126.50,61.00,101.00,0.0000,230.90,1,0,2.9235,ACCEPT,0,1724,54,12972,0,0,2355,0,0,0,0
237,0,1,1,ACCEPT,29.5542,5.9830,2465,-1,-1,0.8588,31.97,183.52,43.28,71.36,256.00,126.50,64.00,97.00,0.0000,231.17,1,0,2.9575,ACCEPT,0,1778,77,14158,0,0,2465,0,0,0,0
238,0,1,1,ACCEPT,27.6136,6.3148,2728,-1,-1,0.8933,30.61,181.28,43.28,71.36,254.50,124.50,63.00,99.00,0.0000,230.98,1,0,3.1110,ACCEPT,0,1925,78,10155,0,0,2728,0,0,0,0
239,0,1,1,ACCEPT,22.7671,4.8412,2043,0,0,1.0000,30.61,181.28,43.28,71.36,256.00,121.50,66.00,103.00,0.0000,233.18,1,0,3.2589,ACCEPT,0,1537,98,6112,0,0,2043,0,0,0,0
240,0,1,1,ACCEPT,25.5089,5.7525,1697,-1,0,0.9452,29.25,181.28,43.28,71.36,254.00,120.50,64.00,101.00,0.0000,232.82,1,0,3.1994,ACCEPT,0,1191,111,4068,0,0,1697,0,0,0,0
241,0,1,1,ACCEPT,27.8771,6.2153,1299,0,0,1.0000,29.25,181.28,43.28,71.36,256.00,118.50,68.00,105.00,0.0000,235.28,1,0,3.1789,ACCEPT,0,848,87,5818,0,0,1299,0,0,0,0
242,0,1,1,ACCEPT,29.6750,6.2778,1582,0,0,1.0000,29.25,181.28,43.28,71.36,254.50,121.00,63.00,102.00,0.0000,233.18,1,0,3.1550,ACCEPT,0,1038,80,6640,0,0,1582,0,0,0,0
243,0,1,1,ACCEPT,28.9837,6.6549,1697,0,0,1.0000,29.25,181.28,43.28,71.36,255.00,119.00,68.00,104.00,0.0000,234.18,1,0,3.0475,ACCEPT,0,1189,90,6883,0,0,1697,0,0,0,0
244,0,1,1,ACCEPT,27.5688,5.4967,1649,0,0,1.0000,29.25,181.28,43.28,71.36,253.00,118.50,64.00,97.00,0.0000,232.39,1,0,2.8973,ACCEPT,0,1216,98,7946,0,0,1649,0,0,0,0
245,0,1,1,ACCEPT,24.3923,5.1888,1759,-1,-1,0.8869,27.89,179.05,43.28,71.36,249.50,118.00,63.00,98.00,0.0000,229.86,1,0,3.0562,ACCEPT,0,1354,89,5454,0,0,1759,0,0,0,0
246,0,1,1,ACCEPT,24.4059,5.1948,1200,-1,0,0.9183,26.53,179.05,43.28,71.36,251.50,117.00,63.00,98.00,0.0000,233.37,1,0,3.1732,ACCEPT,0,911,74,6482,0,0,1200,0,0,0,0
247,0,1,1,ACCEPT,23.0974,5.1198,1111,-1,1,0.9289,25.17,181.28,43.28,71.36,247.00,116.50,60.00,97.00,0.0000,231.09,1,0,3.0897,ACCEPT,0,943,68,6286,0,0,1111,0,0,0,0
248,0,1,1,ACCEPT,23.7591,5.3364,1142,0,0,1.0000,25.17,181.28,43.28,71.36,245.50,117.00,55.00,96.00,0.0000,229.51,1,0,3.2128,ACCEPT,0,839,88,5770,0,0,1142,0,0,0,0
249,0,1,1,ACCEPT,24.3947,4.7319,1571,0,1,0.9395,25.17,183.52,43.28,71.36,244.50,114.00,55.00,92.00,0.0000,230.08,1,0,3.1803,ACCEPT,0,1207,85,7109,0,0,1571,0,0,0,0
250,0,1,1,ACCEPT,24.9321,5.2601,1699,0,0,1.0000,25.17,183.52,43.28,71.36,245.50,111.00,57.00,92.00,0.0000,231.95,1,0,3.1508,ACCEPT,0,1285,75,7747,0,0,1699,0,0,0,0
251,0,1,1,ACCEPT,18.9632,4.0528,1536,0,-1,0.9746,25.17,181.28,43.28,71.36,244.50,107.00,51.00,96.00,0.0000,231.57,1,0,3.1386,ACCEPT,0,1556,79,7722,0,0,1536,0,0,0,0
252,0,1,1,ACCEPT,20.0142,4.6572,1644,0,0,1.0000,25.17,181.28,43.28,71.36,248.50,102.00,61.00,98.00,0.0000,236.98,1,0,3.1465,ACCEPT,0,1568,70,9696,0,0,1644,0,0,0,0
253,0,1,1,ACCEPT,18.2671,4.4959,1650,-1,0,0.9994,23.81,181.28,43.28,71.36,247.50,97.00,59.00,96.00,0.0000,239.04,1,0,3.1555,ACCEPT,0,1605,57,11868,0,0,1650,0,0,0,0
254,0,1,1,ACCEPT,20.5742,5.1701,1732,0,0,1.0000,23.81,181.28,43.28,71.36,246.50,95.00,59.00,94.00,0.0000,238.82,1,0,3.2159,ACCEPT,0,1644,89,13490,0,0,1732,0,0,0,0
255,0,1,1,ACCEPT,23.4692,5.8131,1680,0,0,1.0000,23.81,181.28,43.28,71.36,252.50,92.00,53.00,90.00,0.0000,245.50,1,0,3.2039,ACCEPT,0,1320,60,12656,0,0,1680,0,0,0,0
256,0,1,1,ACCEPT,24.5133,5.3277,1577,1,1,0.9410,25.17,183.52,43.28,71.36,249.00,89.50,52.00,91.00,0.0000,242.77,1,0,3.1257,ACCEPT,0,1258,69,13493,0,0,1577,0,0,0,0
257,0,1,1,ACCEPT,26.3310,5.6290,1593,0,0,1.0000,25.17,183.52,43.28,71.36,252.00,90.00,54.00,90.00,0.0000,245.35,1,0,3.1970,ACCEPT,0,1267,67,12885,0,0,1593,0,0,0,0
258,0,1,1,ACCEPT,28.7742,5.0831,1652,1,0,0.9268,26.53,183.52,43.28,71.36,250.00,87.00,56.00,92.00,0.0000,243.42,1,0,3.1277,ACCEPT,0,1264,64,12583,0,0,1652,0,0,0,0
259,0,1,1,ACCEPT,30.1114,5.7235,1677,0,0,1.0000,26.53,183.52,43.28,71.36,252.50,84.00,53.00,88.00,0.0000,246.91,1,0,3.0819,ACCEPT,0,1264,73,12879,0,0,1677,0,0,0,0
260,0,1,1,ACCEPT,30.2372,6.8571,1536,1,2,0.6699,27.89,187.98,43.28,71.36,253.50,84.50,53.00,87.00,0.0000,248.21,1,0,3.1433,ACCEPT,0,1112,72,14975,0,0,1536,0,0,0,0
261,0,1,1,ACCEPT,29.8756,5.8275,1655,0,2,0.5686,27.89,192.45,43.28,71.36,249.50,84.50,47.00,81.00,0.0000,246.50,1,0,3.1319,ACCEPT,0,1141,95,15263,0,0,1655,0,0,0,0
262,0,1,1,ACCEPT,29.1138,6.0650,1680,1,2,0.4768,29.25,196.92,43.28,71.36,254.50,87.00,43.00,78.00,0.0000,250.64,1,0,3.0998,ACCEPT,0,1027,75,15730,0,0,1680,0,0,0,0
263,0,1,1,ACCEPT,25.8976,5.5462,1442,3,1,0.3509,33.33,199.16,43.28,71.36,254.50,106.00,41.00,100.00,0.0000,239.99,1,0,3.1736,ACCEPT,0,959,86,13995,0,0,1442,0,0,0,0
264,0,1,1,ACCEPT,31.0264,6.9113,1403,1,2,0.3949,34.69,203.62,43.28,71.36,256.50,108.00,47.00,104.00,0.0000,241.55,1,0,3.1921,ACCEPT,0,843,60,14182,0,0,1403,0,0,0,0
265,0,1,1,ACCEPT,32.3216,8.1970,1664,1,2,0.3600,36.05,208.09,43.28,71.36,257.00,108.00,48.00,102.00,0.0000,242.57,1,0,3.1528,ACCEPT,0,962,62,12570,0,0,1664,0,0,0,0
266,0,1,1,ACCEPT,27.9444,4.8852,1617,1,4,0.1979,37.41,217.03,43.28,71.36,255.00,117.00,46.00,98.00,0.0000,239.49,1,0,3.0353,ACCEPT,0,1105,117,20867,0,0,1617,0,0,0,0
267,0,1,1,ACCEPT,28.9951,4.6311,1695,1,2,0.5044,38.77,221.50,43.28,71.36,257.50,121.00,39.00,98.00,0.0000,240.72,1,0,3.1702,ACCEPT,0,1022,90,17838,0,0,1695,0,0,0,0
268,0,1,1,ACCEPT,34.2393,6.8273,1898,0,3,0.3772,38.77,228.20,43.28,71.36,259.50,129.00,39.00,98.00,0.0000,242.00,1,0,3.1520,ACCEPT,0,1009,72,21055,0,0,1898,0,0,0,0
269,0,1,1,ACCEPT,36.4539,7.0743,2094,0,2,0.4971,38.77,232.67,43.28,71.36,259.50,129.00,39.00,96.00,0.0000,243.87,1,0,3.1716,ACCEPT,0,1103,48,15947,0,0,2094,0,0,0,0
270,0,1,1,ACCEPT,41.0301,8.7975,2085,0,2,0.5146,38.77,237.14,43.28,71.36,258.00,138.00,36.00,100.00,0.0000,240.61,1,0,3.1836,ACCEPT,0,1061,45,13544,0,0,2085,0,0,0,0
271,0,1,1,ACCEPT,31.4466,6.2214,1742,1,3,0.2876,40.12,243.84,43.28,71.36,255.50,140.00,37.00,108.00,0.0000,239.10,1,0,3.1574,ACCEPT,0,1011,63,14562,0,0,1742,0,0,0,0
272,0,1,1,ACCEPT,34.2235,7.7909,1714,1,3,0.3967,41.48,250.55,43.28,71.36,256.00,144.50,42.00,103.00,0.0000,239.30,1,0,3.1164,ACCEPT,0,1013,57,12771,0,0,1714,0,0,0,0
273,0,1,1,ACCEPT,35.8522,8.4848,1680,0,2,0.7244,41.48,255.02,43.28,71.36,256.50,149.00,37.00,106.00,0.0000,239.73,1,0,3.1639,ACCEPT,0,991,54,9817,0,0,1680,0,0,0,0
274,0,1,1,ACCEPT,36.1520,7.8009,1724,0,1,0.8010,41.48,257.25,43.28,71.36,256.00,150.50,40.00,107.00,0.0000,239.61,1,0,3.2003,ACCEPT,0,965,56,9210,0,0,1724,0,0,0,0
275,0,1,1,ACCEPT,36.8155,7.8685,1676,1,2,0.6438,42.84,261.72,43.28,71.36,254.50,153.50,39.00,107.00,0.0000,237.72,1,0,3.0597,ACCEPT,0,873,88,7807,0,0,1676,0,0,0,0
276,0,1,1,ACCEPT,37.0744,8.5220,1747,0,0,1.0000,42.84,261.72,43.28,71.36,256.50,155.50,43.00,105.00,0.0000,238.60,1,0,3.2176,ACCEPT,0,1045,81,9416,0,0,1747,0,0,0,0
277,0,1,1,ACCEPT,40.8906,8.5811,1905,0,2,0.6924,42.84,266.19,43.28,71.36,254.50,156.50,41.00,109.00,0.0000,238.39,1,0,3.1607,ACCEPT,0,964,71,11271,0,0,1905,0,0,0,0
278,0,1,1,ACCEPT,42.4745,8.9908,1960,0,1,0.9199,42.84,268.42,43.28,71.36,251.00,161.50,46.00,109.00,0.0000,234.01,1,0,3.1652,ACCEPT,0,994,78,10328,0,0,1960,0,0,0,0
279,0,1,1,ACCEPT,42.1167,8.5417,1845,0,0,1.0000,42.84,268.42,43.28,71.36,248.50,161.50,45.00,109.00,0.0000,231.79,1,0,3.1363,ACCEPT,0,968,82,8678,0,0,1845,0,0,0,0
280,0,1,1,ACCEPT,43.4387,9.2147,1760,0,0,1.0000,42.84,268.42,43.28,71.36,246.50,164.50,47.00,101.00,0.0000,228.64,1,0,3.1983,ACCEPT,0,908,70,9381,0,0,1760,0,0,0,0
281,0,1,1,ACCEPT,46.3096,8.8098,1806,0,1,0.8632,42.84,270.66,43.28,71.36,243.50,166.00,47.00,102.00,0.0000,226.31,1,0,3.2092,ACCEPT,0,947,78,8812,0,0,1806,0,0,0,0
282,0,1,1,ACCEPT,43.3646,9.1590,1786,-1,0,0.9731,41.48,270.66,43.28,71.36,241.00,167.00,48.00,102.00,0.0000,224.84,1,0,3.1298,ACCEPT,0,929,81,8481,0,0,1786,0,0,0,0
283,0,1,1,ACCEPT,44.6065,10.3491,1749,1,1,0.8691,42.84,272.89,43.28,71.36,238.00,170.50,50.00,97.00,0.0000,220.39,1,0,3.2009,ACCEPT,0,888,89,8082,0,0,1749,0,0,0,0
284,0,1,1,ACCEPT,43.1793,9.9102,1655,-1,1,0.7867,41.48,275.12,43.28,71.36,236.50,170.00,51.00,102.00,0.0000,221.55,1,0,3.1661,ACCEPT,0,793,93,7701,0,0,1655,0,0,0,0
285,0,1,1,ACCEPT,42.1676,7.4255,1745,0,0,1.0000,41.48,275.12,43.28,71.36,234.50,172.50,51.00,97.00,0.0000,218.60,1,0,3.1657,ACCEPT,0,856,85,7402,0,0,1745,0,0,0,0
286,0,1,1,ACCEPT,41.5665,6.8651,1730,-1,0,0.8821,40.12,275.12,43.28,71.36,232.50,172.50,53.00,97.00,0.0000,218.04,1,0,3.1881,ACCEPT,0,828,80,7663,0,0,1730,0,0,0,0
287,0,1,1,ACCEPT,38.4807,7.0681,1661,-1,0,0.9843,38.77,275.12,43.28,71.36,231.00,189.00,54.00,66.00,0.0000,210.65,1,0,3.2115,ACCEPT,0,928,86,7242,0,0,1661,0,0,0,0
288,0,1,1,ACCEPT,42.9905,8.2077,1699,0,0,1.0000,38.77,275.12,43.28,71.36,232.00,188.00,56.00,66.00,0.0000,211.97,1,0,3.2224,ACCEPT,0,881,79,6913,0,0,1699,0,0,0,0
289,0,1,1,ACCEPT,45.8828,8.8955,1788,0,0,1.0000,38.77,275.12,43.28,71.36,232.00,188.50,58.00,65.00,0.0000,211.76,1,0,3.2298,ACCEPT,0,903,78,7468,0,0,1788,0,0,0,0
290,0,1,1,ACCEPT,47.5629,10.1620,1819,0,0,1.0000,38.77,275.12,43.28,71.36,232.00,188.50,56.00,67.00,0.0000,211.76,1,0,3.2401,ACCEPT,0,898,81,7224,0,0,1819,0,0,0,0
291,0,1,1,ACCEPT,47.4506,10.3855,1724,0,1,0.9785,38.77,277.36,43.28,71.36,231.50,190.00,55.00,66.00,0.0000,211.61,1,0,3.1714,ACCEPT,0,847,84,7588,0,0,1724,0,0,0,0
292,0,1,1,ACCEPT,49.4781,10.7126,1789,0,0,1.0000,38.77,277.36,43.28,71.36,230.50,190.00,55.00,66.00,0.0000,210.70,1,0,3.1882,ACCEPT,0,873,73,8667,0,0,1789,0,0,0,0
293,0,1,1,ACCEPT,51.4820,12.2778,1768,0,0,1.0000,38.77,277.36,43.28,71.36,230.50,191.00,55.00,66.00,0.0000,210.29,1,0,3.1940,ACCEPT,0,860,65,9636,0,0,1768,0,0,0,0
294,0,1,1,ACCEPT,50.8664,11.3734,1797,0,0,1.0000,38.77,277.36,43.28,71.36,231.00,195.00,56.00,60.00,0.0000,209.13,1,0,3.2045,ACCEPT,0,825,67,9366,0,0,1797,0,0,0,0
295,0,1,1,ACCEPT,47.8009,10.4524,1756,0,0,1.0000,38.77,277.36,43.28,71.36,230.50,196.00,57.00,62.00,0.0000,208.28,1,0,3.2697,ACCEPT,0,768,76,8641,0,0,1756,0,0,0,0
296,0,1,1,ACCEPT,47.8300,10.9744,1712,0,0,1.0000,38.77,277.36,43.28,71.36,230.00,198.50,54.00,59.00,0.0000,206.86,1,0,3.2496,ACCEPT,0,768,77,9056,0,0,1712,0,0,0,0
297,0,1,1,ACCEPT,48.3425,9.4457,1738,0,1,0.9407,38.77,279.59,43.28,71.36,230.50,198.00,55.00,64.00,0.0000,208.37,1,0,3.2346,ACCEPT,0,774,84,9169,0,0,1738,0,0,0,0
298,0,1,1,ACCEPT,47.8410,9.6296,1820,0,0,1.0000,38.77,279.59,43.28,71.36,230.50,202.50,55.00,57.00,0.0000,206.65,1,0,3.2619,ACCEPT,0,813,73,9889,0,0,1820,0,0,0,0
299,0,1,1,ACCEPT,35.4957,7.7253,1800,0,1,0.9694,38.77,281.83,43.28,71.36,228.00,188.50,56.00,91.00,0.0000,211.00,1,0,3.1634,ACCEPT,0,1013,83,9426,0,0,1800,0,0,0,0
300,0,1,1,ACCEPT,38.3275,8.4506,1969,0,0,1.0000,38.77,281.83,43.28,71.36,228.50,194.50,55.00,97.00,0.0000,208.87,1,0,3.2357,ACCEPT,0,1032,80,9898,0,0,1969,0,0,0,0
301,0,1,1,ACCEPT,41.6054,8.6520,2163,-1,1,0.8377,37.41,284.06,43.28,71.36,227.00,199.00,54.00,92.00,0.0000,207.80,1,0,3.2262,ACCEPT,0,1125,92,12028,0,0,2163,0,0,0,0
302,0,1,1,ACCEPT,43.0289,10.6133,2388,0,1,0.9225,37.41,286.30,43.28,71.36,226.50,200.50,55.00,93.00,0.0000,207.65,1,0,3.1938,ACCEPT,0,1239,71,13294,0,0,2388,0,0,0,0
303,0,1,1,ACCEPT,42.7563,10.3305,2407,1,0,0.9917,38.77,286.30,43.28,71.36,228.00,201.50,54.00,93.00,0.0000,207.36,1,0,3.2067,ACCEPT,0,1274,80,14351,0,0,2407,0,0,0,0
304,0,1,1,ACCEPT,44.1794,11.6102,2740,0,1,0.9602,38.77,288.53,43.28,71.36,228.50,205.00,55.00,90.00,0.0000,207.31,1,0,3.0803,ACCEPT,0,1381,78,14516,0,0,2740,0,0,0,0
305,0,1,1,ACCEPT,45.4257,10.0922,2846,0,0,1.0000,38.77,288.53,43.28,71.36,230.00,207.00,54.00,80.00,0.0000,207.89,1,0,3.2314,ACCEPT,0,1356,70,13852,0,0,2846,0,0,0,0
306,0,1,1,ACCEPT,45.0376,10.0951,2655,0,1,0.9401,38.77,290.77,43.28,71.36,230.50,209.00,53.00,80.00,0.0000,208.44,1,0,3.1991,ACCEPT,0,1265,68,12811,0,0,2655,0,0,0,0
307,0,1,1,ACCEPT,45.2665,10.9602,2751,1,0,0.9313,40.12,290.77,43.28,71.36,230.50,208.50,57.00,89.00,0.0000,207.39,1,0,3.2111,ACCEPT,0,1397,66,14123,0,0,2751,0,0,0,0
308,0,1,1,ACCEPT,48.1204,12.1124,3016,1,1,0.7981,41.48,293.00,43.28,71.36,230.50,215.50,55.00,79.00,0.0000,204.29,1,0,3.2142,ACCEPT,0,1459,56,14249,0,0,3016,0,0,0,0
309,0,1,1,ACCEPT,46.7624,13.1216,2913,0,1,0.8737,41.48,295.23,43.28,71.36,227.50,219.50,53.00,75.00,0.0000,200.84,1,0,3.2032,ACCEPT,0,1404,65,12411,0,0,2913,0,0,0,0
310,0,1,1,ACCEPT,46.4673,10.3424,2658,0,1,0.8977,41.48,297.47,43.28,71.36,227.00,221.50,54.00,77.00,0.0000,200.47,1,0,3.1908,ACCEPT,0,1317,70,10872,0,0,2658,0,0,0,0
311,0,1,1,ACCEPT,36.2877,6.2011,2158,0,1,0.9041,41.48,299.70,43.28,71.36,225.50,226.50,59.00,85.00,0.0000,198.04,1,0,3.1000,ACCEPT,0,1153,68,12560,0,0,2158,0,0,0,0
312,0,1,1,ACCEPT,39.3979,7.2424,2390,-1,0,0.9331,40.12,299.70,43.28,71.36,223.50,226.50,59.00,87.00,0.0000,197.45,1,0,3.2223,ACCEPT,0,1145,79,10165,0,0,2390,0,0,0,0
313,0,1,1,ACCEPT,41.6810,6.9073,2162,0,1,0.8978,40.12,301.94,43.28,71.36,223.00,225.50,56.00,83.00,0.0000,198.21,1,0,3.2265,ACCEPT,0,1103,55,15790,0,0,2162,0,0,0,0
314,0,1,1,ACCEPT,41.3232,8.8767,2663,-1,1,0.8505,38.77,304.17,43.28,71.36,220.00,227.00,60.00,84.00,0.0000,196.98,1,0,3.1923,ACCEPT,0,1383,68,12820,0,0,2663,0,0,0,0
315,0,1,1,ACCEPT,39.8401,7.7264,2457,-1,1,0.8270,37.41,306.41,43.28,71.36,217.50,228.00,59.00,80.00,0.0000,196.42,1,0,3.1476,ACCEPT,0,1332,76,11537,0,0,2457,0,0,0,0
316,0,1,1,ACCEPT,39.4587,9.2836,2553,0,1,0.8257,37.41,308.64,43.28,71.36,217.00,238.50,60.00,73.00,0.0000,192.80,1,0,3.1894,ACCEPT,0,1356,79,11936,0,0,2553,0,0,0,0
317,0,1,1,ACCEPT,39.4679,8.7055,2838,0,1,0.9412,37.41,310.88,43.28,71.36,214.00,237.00,60.00,72.00,0.0000,191.42,1,0,3.1950,ACCEPT,0,1451,71,10453,0,0,2838,0,0,0,0
318,0,1,1,ACCEPT,41.2022,9.3425,2373,0,1,0.9465,37.41,313.11,43.28,71.36,213.00,239.00,54.00,76.00,0.0000,190.59,1,0,3.1885,ACCEPT,0,1216,74,10469,0,0,2373,0,0,0,0
319,0,1,1,ACCEPT,36.6154,7.6597,2566,1,1,0.8379,38.77,315.34,43.28,71.36,215.00,240.50,58.00,77.00,0.0000,191.47,1,0,3.2159,ACCEPT,0,1376,57,10855,0,0,2566,0,0,0,0
320,0,1,1,ACCEPT,34.0900,6.9939,2301,0,2,0.7388,38.77,319.81,43.28,71.36,212.00,245.50,56.00,77.00,0.0000,188.50,1,0,3.1389,ACCEPT,0,1492,53,9807,0,0,2301,0,0,0,0
321,0,1,1,ACCEPT,34.1455,6.7181,2264,0,1,0.8547,38.77,322.05,43.28,71.36,214.00,254.00,60.00,70.00,0.0000,187.98,1,0,3.0544,ACCEPT,0,1270,63,8509,0,0,2264,0,0,0,0
322,0,1,1,ACCEPT,30.5894,5.5659,1731,0,2,0.7475,38.77,326.52,43.28,71.36,214.00,259.50,56.00,71.00,0.0000,187.61,1,0,3.0536,ACCEPT,0,1090,54,11395,0,0,1731,0,0,0,0
323,0,1,1,ACCEPT,29.6138,5.4341,1978,1,1,0.7609,40.12,328.75,45.02,74.22,213.50,259.50,61.00,83.00,0.0000,186.69,1,1,3.0895,ACCEPT,0,1275,84,12471,0,0,1978,0,0,0,0
324,0,1,1,ACCEPT,35.6209,6.2395,2683,1,1,0.8103,41.53,331.06,45.02,74.22,214.50,264.50,63.00,81.00,0.0000,185.33,1,0,3.2335,ACCEPT,0,1572,81,12482,0,0,2683,0,0,0,0
325,0,1,1,ACCEPT,37.1559,7.7247,2974,-1,1,0.7952,40.12,333.38,45.02,74.22,215.00,266.00,66.00,84.00,0.0000,187.41,1,0,3.2564,ACCEPT,0,1664,72,16073,0,0,2974,0,0,0,0
326,0,1,1,ACCEPT,41.8356,9.4248,3195,1,1,0.7274,41.53,335.69,45.02,74.22,216.00,269.50,68.00,85.00,0.0000,186.60,1,0,3.2433,ACCEPT,0,1722,77,15862,0,0,3195,0,0,0,0
327,0,1,1,ACCEPT,42.1535,10.2177,3239,0,1,0.8919,41.53,338.00,45.02,74.22,215.50,273.00,65.00,86.00,0.0000,185.72,1,0,3.2275,ACCEPT,0,1785,77,17253,0,0,3239,0,0,0,0
328,0,1,1,ACCEPT,44.5010,9.7953,3301,0,1,0.8461,41.53,340.31,45.02,74.22,211.50,276.50,61.00,83.00,0.0000,181.55,1,0,3.2087,ACCEPT,0,1711,74,16734,0,0,3301,0,0,0,0
329,0,1,1,ACCEPT,44.6755,9.6763,3348,0,1,0.7608,41.53,342.62,45.02,74.22,214.50,277.00,73.00,92.00,0.0000,185.00,1,0,3.1694,ACCEPT,0,1644,71,16174,0,0,3348,0,0,0,0
330,0,1,1,ACCEPT,47.0618,11.4364,3145,0,1,0.8105,41.53,344.94,45.02,74.22,208.50,278.50,65.00,93.00,0.0000,179.70,1,0,3.1324,ACCEPT,0,1513,71,14536,0,0,3145,0,0,0,0
331,0,1,1,ACCEPT,44.8321,12.1477,2879,0,2,0.6099,41.53,349.56,45.02,74.22,203.00,283.50,62.00,95.00,0.0000,174.46,1,0,3.2116,ACCEPT,0,1435,69,11906,0,0,2879,0,0,0,0
332,0,1,1,ACCEPT,45.8126,10.7942,2623,-1,1,0.7076,40.12,351.88,45.02,74.22,201.50,287.50,61.00,95.00,0.0000,173.74,1,0,3.1859,ACCEPT,0,1228,65,10223,0,0,2623,0,0,0,0
333,0,1,1,ACCEPT,42.5291,9.1825,2314,-1,2,0.6361,38.72,356.50,45.02,74.22,198.00,289.00,62.00,100.00,0.0000,172.99,1,0,3.1677,ACCEPT,0,1145,76,9317,0,0,2314,0,0,0,0
334,0,1,1,ACCEPT,45.2345,10.7762,2263,-1,1,0.7300,37.31,358.81,45.02,74.22,193.00,296.50,56.00,95.00,0.0000,167.69,1,0,3.1771,ACCEPT,0,1063,66,9578,0,0,2263,0,0,0,0
335,0,1,1,ACCEPT,27.5523,7.2902,1633,-1,2,0.7165,35.91,363.44,45.02,74.22,189.00,303.00,54.00,94.00,0.0000,164.59,1,0,3.1269,ACCEPT,0,1318,61,8852,0,0,1633,0,0,0,0
336,0,1,1,ACCEPT,27.2523,6.5822,1481,-2,1,0.6151,33.09,365.75,45.02,74.22,186.00,306.50,52.00,89.00,0.0000,163.98,1,0,3.1769,ACCEPT,0,1121,55,12923,0,0,1481,0,0,0,0
337,0,1,1,ACCEPT,29.4255,5.6288,1683,-1,2,0.5377,31.69,370.38,45.02,74.22,181.00,319.00,48.00,98.00,0.0000,157.90,1,0,3.2046,ACCEPT,0,1121,54,12735,0,0,1683,0,0,0,0
338,0,1,1,ACCEPT,29.9532,5.3333,2080,-2,3,0.1000,28.88,377.31,45.02,74.22,178.00,333.00,52.00,84.00,0.0000,155.57,1,0,3.1141,ACCEPT,0,1111,59,11189,0,0,2080,0,0,0,0
339,0,1,1,ACCEPT,29.5238,5.7718,1922,-1,2,0.4168,27.47,381.94,45.02,74.22,172.50,330.00,53.00,106.00,0.0000,154.05,1,0,3.1314,ACCEPT,0,1144,60,16806,0,0,1922,0,0,0,0
340,0,1,1,ACCEPT,31.5642,5.4868,2705,-1,2,0.4943,26.06,386.56,45.02,74.22,169.50,335.00,55.00,110.00,0.0000,152.42,1,0,3.1511,ACCEPT,0,1558,67,13734,0,0,2705,0,0,0,0
341,0,1,1,ACCEPT,34.7972,6.4663,2690,-1,2,0.4621,24.66,391.19,45.02,74.22,167.50,340.00,57.00,110.00,0.0000,151.74,1,0,3.0411,ACCEPT,0,1447,65,11774,0,0,2690,0,0,0,0
342,0,1,1,ACCEPT,34.4397,6.8011,2462,-1,3,0.3111,23.25,398.12,45.02,74.22,165.00,351.00,58.00,100.00,0.0000,149.38,1,0,3.1148,ACCEPT,0,1413,59,12103,0,0,2462,0,0,0,0
343,0,1,1,ACCEPT,34.5337,7.6928,2354,0,2,0.7392,23.25,402.75,45.02,74.22,162.50,356.00,57.00,104.00,0.0000,146.89,1,0,3.1283,ACCEPT,0,1419,60,13511,0,0,2354,0,0,0,0
344,0,1,1,ACCEPT,32.1340,7.9148,2414,-1,1,0.7871,21.84,405.06,45.02,74.22,162.50,362.00,63.00,104.00,0.0000,147.10,1,0,3.0134,ACCEPT,0,1514,64,13943,0,0,2414,0,0,0,0
345,0,1,1,ACCEPT,29.9833,6.5287,2161,-1,2,0.5872,20.44,409.69,45.02,74.22,162.00,369.00,62.00,100.00,0.0000,147.29,1,0,3.0133,ACCEPT,0,1398,71,10580,0,0,2161,0,0,0,0
346,0,1,1,ACCEPT,29.6808,6.9614,1622,0,1,0.8422,20.44,412.00,45.02,74.22,159.50,374.00,61.00,98.00,0.0000,144.16,1,0,3.0460,ACCEPT,0,1037,74,9678,0,0,1622,0,0,0,0
347,0,1,1,ACCEPT,27.5534,5.6000,1456,0,2,0.6861,20.44,416.62,45.02,74.22,161.00,375.50,66.00,103.00,0.0000,146.46,1,0,3.1602,ACCEPT,0,882,70,8290,0,0,1456,0,0,0,0
348,0,1,1,ACCEPT,27.6156,6.3188,1308,0,1,0.9885,20.44,418.94,45.02,74.22,162.00,378.00,70.00,100.00,0.0000,147.36,1,0,3.1203,ACCEPT,0,811,76,6519,0,0,1308,0,0,0,0
349,0,1,1,ACCEPT,28.4845,6.0510,1186,0,1,0.9680,20.44,421.25,45.02,74.22,159.50,383.00,67.00,104.00,0.0000,144.23,1,0,3.0784,ACCEPT,0,749,65,5388,0,0,1186,0,0,0,0
350,0,1,1,ACCEPT,29.3705,5.8515,1182,1,1,0.8528,21.84,423.56,45.02,74.22,161.50,384.00,69.00,102.00,0.0000,145.15,1,0,3.0938,ACCEPT,0,714,67,5381,0,0,1182,0,0,0,0
351,0,1,1,ACCEPT,29.0142,6.7912,1236,0,0,1.0000,21.84,423.56,46.82,77.18,162.50,386.50,73.00,103.00,0.0000,145.46,1,1,2.9861,ACCEPT,0,818,81,4613,0,0,1236,0,0,0,0
352,0,1,1,ACCEPT,30.0835,6.6406,1275,0,1,0.9137,21.84,425.97,46.82,77.18,160.50,389.50,69.00,103.00,0.0000,143.37,1,0,3.1247,ACCEPT,0,847,73,4298,0,0,1275,0,0,0,0
353,0,1,1,ACCEPT,27.3777,4.7390,1289,1,1,0.8472,23.31,428.38,46.82,77.18,158.50,393.00,69.00,106.00,0.0000,139.74,1,0,3.1579,ACCEPT,0,876,66,3745,0,0,1289,0,0,0,0
354,0,1,1,ACCEPT,20.8911,4.6276,1106,1,1,0.8969,24.78,430.78,46.82,77.18,161.50,389.50,75.00,109.00,0.0000,142.82,1,0,3.1817,ACCEPT,0,1082,57,4475,0,0,1106,0,0,0,0
355,0,1,1,ACCEPT,24.6094,4.3864,1294,0,0,1.0000,24.78,430.78,46.82,77.18,159.00,389.00,78.00,104.00,0.0000,140.57,1,0,3.1650,ACCEPT,0,1107,63,4931,0,0,1294,0,0,0,0
356,0,1,1,ACCEPT,23.2652,3.6877,1228,2,1,0.8168,27.72,433.19,46.82,77.18,156.50,386.00,73.00,108.00,0.0000,137.15,1,0,3.2199,ACCEPT,0,1210,53,4905,0,0,1228,0,0,0,0
357,0,1,1,ACCEPT,22.0158,3.3650,1134,0,0,1.0000,27.72,433.19,46.82,77.18,156.00,392.50,74.00,107.00,0.0000,134.58,1,0,3.1617,ACCEPT,0,1065,52,3526,0,0,1134,0,0,0,0
358,0,1,1,ACCEPT,21.0640,2.6421,790,1,0,0.9203,29.19,433.19,46.82,77.18,158.00,388.00,80.00,102.00,0.0000,136.51,1,0,3.2771,ACCEPT,0,670,43,4167,0,0,790,0,0,0,0
359,0,1,1,ACCEPT,20.6828,3.8851,676,3,0,0.6509,33.59,433.19,46.82,77.18,154.00,387.50,78.00,115.00,0.0000,128.78,1,0,3.3288,ACCEPT,0,632,103,15370,0,0,676,0,0,0,0
360,0,1,1,ACCEPT,22.6522,4.2370,2610,1,0,0.9904,35.06,433.19,46.82,77.18,154.50,387.50,79.00,111.00,0.0000,127.88,1,0,3.3142,ACCEPT,0,2110,60,14485,0,0,2610,0,0,0,0
361,0,1,1,ACCEPT,26.3632,4.7833,3444,1,0,0.9024,36.53,433.19,46.82,77.18,154.50,386.00,75.00,112.00,0.0000,127.06,1,0,3.2782,ACCEPT,0,2625,65,15139,0,0,3444,0,0,0,0
362,0,1,1,ACCEPT,26.5973,4.4381,3586,1,0,0.9320,38.00,433.19,46.82,77.18,153.50,387.50,79.00,109.00,0.0000,124.21,1,0,3.2873,ACCEPT,0,2505,61,16995,0,0,3586,0,0,0,0
363,0,1,1,ACCEPT,29.4862,5.3320,4015,1,0,0.8675,39.47,433.19,46.82,77.18,154.00,386.00,80.00,112.00,0.0000,123.87,1,0,3.2689,ACCEPT,0,2689,59,15945,0,0,4015,0,0,0,0
364,0,1,1,ACCEPT,30.8526,5.6248,3718,2,0,0.7907,42.41,433.19,46.82,77.18,151.50,385.00,73.00,112.00,0.0000,119.26,1,0,3.0459,ACCEPT,0,2404,72,22247,0,0,3718,0,0,0,0
365,0,1,1,ACCEPT,32.9015,6.4380,4674,0,0,1.0000,42.41,433.19,46.82,77.18,151.50,384.50,77.00,115.00,0.0000,119.47,1,0,3.1607,ACCEPT,0,2930,57,18587,0,0,4674,0,0,0,0
0,0,0,0,ZERO_RESPONSE,0.0000,0.0000,0,0,0,0.0000,75.50,212.00,35.00,60.00,75.50,212.00,35.00,60.00,1.0000,0.00,1,0,0.0000,NOT_RUN,0,0,173,14096,1,50,0,0,0,0,0
1,0,1,1,ACCEPT,57.2822,9.2429,2930,0,1,0.9805,75.50,213.88,35.00,60.00,75.50,212.50,37.00,61.00,0.9046,1.38,1,0,3.1868,ACCEPT,0,1196,143,11498,1,50,2930,0,0,0,0
2,0,1,1,ACCEPT,53.5211,9.6471,2952,0,0,1.0000,75.50,213.88,35.00,60.00,75.50,214.00,37.00,62.00,0.9154,0.12,1,0,3.1185,ACCEPT,0,1370,128,10919,1,50,2952,0,0,0,0
3,0,1,1,ACCEPT,40.8468,8.0559,2304,-1,1,0.9371,74.41,215.75,35.00,60.00,75.50,215.00,39.00,60.00,0.8764,1.33,1,0,3.0248,ACCEPT,0,1281,103,12263,1,50,2304,0,0,0,0
4,0,1,1,ACCEPT,36.5445,7.0275,2558,1,0,0.9906,75.50,215.75,35.00,60.00,73.00,219.00,40.00,60.00,0.7902,4.10,1,0,2.8306,ACCEPT,0,1397,118,8600,1,50,2558,0,0,0,0
5,0,1,1,ACCEPT,35.3141,5.5288,2499,-2,1,0.6182,73.31,217.62,35.00,60.00,73.00,218.00,42.00,60.00,0.8238,0.49,1,0,2.8572,ACCEPT,0,1374,84,12721,1,50,2499,0,0,0,0
6,0,1,1,ACCEPT,32.2448,5.6740,3098,0,1,0.9748,73.31,219.50,35.00,60.00,72.50,220.50,43.00,61.00,0.7887,1.29,1,0,2.6284,ACCEPT,0,1865,102,8579,1,50,3098,0,0,0,0
7,0,1,1,ACCEPT,28.7630,4.2167,2121,-1,1,0.9882,72.22,221.38,35.00,60.00,72.50,222.00,43.00,60.00,0.7987,0.69,1,0,2.5655,ACCEPT,0,1334,97,10502,1,50,2121,0,0,0,0
8,0,1,1,ACCEPT,27.6435,4.2891,2329,0,1,0.9571,72.22,223.25,35.00,60.00,73.00,224.50,40.00,59.00,0.8420,1.47,1,0,2.5656,ACCEPT,0,1479,95,15447,1,50,2329,0,0,0,0
9,0,1,1,ACCEPT,21.0184,4.4796,2746,-1,0,0.9599,71.12,223.25,35.00,60.00,72.50,221.50,39.00,51.00,0.7747,2.23,1,0,2.5169,ACCEPT,0,2062,68,23027,1,50,2746,0,0,0,0
10,0,1,1,ACCEPT,22.4659,4.5381,4048,-1,1,0.9039,70.03,225.12,35.00,60.00,71.50,222.50,39.00,49.00,0.7470,3.01,1,0,2.7991,ACCEPT,0,3149,78,20134,1,50,4048,0,0,0,0
11,0,1,1,ACCEPT,24.4072,4.9463,4234,-1,1,0.9310,68.94,227.00,35.00,60.00,71.00,223.50,38.00,49.00,0.7419,4.06,1,0,2.9758,ACCEPT,0,3044,90,11945,1,50,4234,0,0,0,0
12,0,1,1,ACCEPT,24.9615,5.4759,2957,0,0,1.0000,68.94,227.00,35.00,60.00,70.00,224.50,40.00,49.00,0.7313,2.72,1,0,2.9953,ACCEPT,0,2085,81,13582,1,50,2957,0,0,0,0
13,0,1,1,ACCEPT,26.1482,4.8372,3299,-1,1,0.8869,67.84,228.88,35.00,60.00,69.00,226.50,40.00,49.00,0.7313,2.64,1,0,3.1095,ACCEPT,0,2204,98,17509,1,50,3299,0,0,0,0
14,0,1,1,ACCEPT,26.1468,5.2387,3840,0,0,1.0000,67.84,228.88,35.00,60.00,68.50,228.00,43.00,52.00,0.7234,1.09,1,0,3.2621,ACCEPT,0,2624,88,19482,1,50,3840,0,0,0,0
15,0,1,1,ACCEPT,26.1742,4.6800,4329,0,0,1.0000,67.84,228.88,35.00,60.00,68.50,228.50,43.00,51.00,0.7117,0.76,1,0,3.2556,ACCEPT,0,3148,102,22237,1,50,4329,0,0,0,0
16,0,1,1,ACCEPT,27.0457,5.0252,4980,0,0,1.0000,67.84,228.88,35.00,60.00,68.50,228.00,43.00,50.00,0.7000,1.09,1,0,3.2081,ACCEPT,0,3701,77,24243,1,50,4980,0,0,0,0
17,0,1,1,ACCEPT,28.2483,5.6287,5443,0,1,0.9735,67.84,230.75,35.00,60.00,69.00,227.00,44.00,46.00,0.6404,3.92,1,0,3.5690,ACCEPT,0,3659,90,19930,1,50,5443,0,0,0,0
18,0,1,1,ACCEPT,28.0285,5.5458,4786,0,0,1.0000,67.84,230.75,35.00,60.00,68.50,230.00,45.00,50.00,0.6731,1.00,1,0,3.4537,ACCEPT,0,3305,118,13572,1,50,4786,0,0,0,0
19,0,1,1,ACCEPT,25.5816,5.2351,3963,-1,0,0.9871,66.75,230.75,35.00,60.00,68.50,229.00,41.00,50.00,0.7292,2.47,1,0,3.0689,ACCEPT,0,2917,132,9515,1,50,3963,0,0,0,0
20,0,1,1,ACCEPT,25.0667,4.1247,3902,0,1,0.9921,66.75,232.62,35.00,60.00,68.50,227.50,41.00,47.00,0.6906,5.42,1,0,3.3579,ACCEPT,0,2989,138,10949,1,50,3902,0,0,0,0
21,0,1,1,ACCEPT,24.4848,3.7984,3787,0,0,1.0000,66.75,232.62,35.00,60.00,68.50,228.00,45.00,44.00,0.6063,4.95,1,0,2.9217,ACCEPT,0,2801,118,12305,1,50,3787,0,0,0,0
22,0,1,1,ACCEPT,26.6149,4.1954,4166,1,0,0.9820,67.84,232.62,35.00,60.00,69.00,227.00,44.00,40.00,0.5691,5.74,1,0,3.0560,ACCEPT,0,3049,107,14445,1,50,4166,0,0,0,0
23,0,1,1,ACCEPT,27.0978,4.8177,4837,0,0,1.0000,67.84,232.62,35.00,60.00,68.00,229.00,42.00,42.00,0.6140,3.63,1,0,2.8057,ACCEPT,0,3662,111,13392,1,50,4837,0,0,0,0
24,0,1,1,ACCEPT,27.3882,5.3449,3998,0,1,0.9860,67.84,234.50,35.00,60.00,70.00,230.50,42.00,43.00,0.6268,4.54,1,0,3.3584,ACCEPT,0,3098,83,14852,1,50,3998,0,0,0,0
25,0,1,1,ACCEPT,25.7862,5.1321,3808,0,0,1.0000,67.84,234.50,35.00,60.00,70.00,230.00,42.00,40.00,0.5882,4.99,1,0,3.1260,ACCEPT,0,2897,96,15768,1,50,3808,0,0,0,0
26,0,1,1,ACCEPT,27.6098,5.3980,3784,0,1,0.9908,67.84,236.38,35.00,60.00,69.50,229.50,43.00,39.00,0.5659,7.07,1,0,3.2351,ACCEPT,0,2733,96,18546,1,50,3784,0,0,0,0
27,0,1,1,ACCEPT,26.8620,5.1485,4057,0,0,1.0000,67.84,236.38,35.00,60.00,70.50,230.00,39.00,38.00,0.5732,6.91,1,0,3.0948,ACCEPT,0,3013,91,18994,1,50,4057,0,0,0,0
28,0,1,1,ACCEPT,29.6063,5.9687,3808,0,1,0.9706,67.84,238.25,35.00,60.00,71.00,231.00,38.00,38.00,0.5565,7.91,1,0,3.1927,ACCEPT,0,2557,82,24263,1,50,3808,0,0,0,0
29,0,1,1,ACCEPT,31.8576,6.7126,4531,0,0,1.0000,67.84,238.25,35.00,60.00,71.00,230.50,38.00,35.00,0.5157,8.37,1,0,3.0273,ACCEPT,0,2729,107,20450,1,50,4531,0,0,0,0
30,0,1,1,ACCEPT,31.3615,6.3307,4001,0,1,0.9663,67.84,240.12,35.00,60.00,70.50,231.50,39.00,35.00,0.5312,9.02,1,0,3.1404,ACCEPT,0,2448,78,23742,1,50,4001,0,0,0,0
31,0,1,1,ACCEPT,32.7414,6.4949,3806,0,0,1.0000,67.84,240.12,35.00,60.00,70.50,232.50,39.00,35.00,0.5312,8.07,1,0,2.8920,ACCEPT,0,2204,93,28096,1,50,3806,0,0,0,0
32,0,1,1,ACCEPT,35.3790,6.8370,4615,0,1,0.9092,67.84,242.00,35.00,60.00,69.50,233.50,41.00,35.00,0.5303,8.66,1,0,2.9289,ACCEPT,0,2678,88,28913,1,50,4615,0,0,0,0
33,0,1,1,ACCEPT,30.7030,7.6047,3886,-1,1,0.9586,66.75,243.88,35.00,60.00,70.00,234.00,40.00,36.00,0.5345,10.40,1,0,3.1195,ACCEPT,0,2285,110,28502,1,50,3886,0,0,0,0
34,0,1,1,ACCEPT,33.0536,7.7938,4497,0,0,1.0000,66.75,243.88,35.00,60.00,69.00,236.00,42.00,36.00,0.5357,8.19,1,0,2.8825,ACCEPT,0,2653,86,32767,1,50,4497,0,0,0,0
35,0,1,1,ACCEPT,35.9320,7.7451,4709,0,1,0.9174,66.75,245.75,35.00,60.00,68.50,237.00,41.00,36.00,0.5440,8.92,1,0,2.9804,ACCEPT,0,2547,80,32673,1,50,4709,0,0,0,0
36,0,1,1,ACCEPT,35.7083,7.7409,4869,-1,1,0.9766,65.66,247.62,35.00,60.00,69.50,239.00,39.00,36.00,0.5166,9.44,1,0,3.0745,ACCEPT,0,2738,84,28703,1,50,4869,0,0,0,0
37,0,1,1,ACCEPT,36.2364,8.2232,4457,0,0,1.0000,65.66,247.62,35.00,60.00,69.50,240.00,39.00,36.00,0.5166,8.54,1,0,2.7239,ACCEPT,0,2369,85,28994,1,50,4457,0,0,0,0
38,0,1,1,ACCEPT,33.1099,7.4569,4243,0,1,0.9995,65.66,249.50,35.00,60.00,68.00,241.00,42.00,36.00,0.5357,8.82,1,0,3.1318,ACCEPT,0,2494,90,21858,1,50,4243,0,0,0,0
39,0,1,1,ACCEPT,24.0414,5.1693,2993,0,0,1.0000,65.66,249.50,35.00,60.00,68.50,241.00,41.00,32.00,0.4887,8.96,1,0,3.2335,ACCEPT,0,2069,100,16903,1,50,2993,0,0,0,0
40,0,1,1,ACCEPT,22.3362,4.2701,2656,0,0,1.0000,65.66,249.50,35.00,60.00,68.00,241.50,40.00,33.00,0.5099,8.34,1,0,3.3214,ACCEPT,0,2077,114,14864,1,50,2656,0,0,0,0
41,0,1,1,ACCEPT,21.3194,4.0634,2629,0,0,1.0000,65.66,249.50,35.00,60.00,68.00,243.00,40.00,36.00,0.5526,6.91,1,0,3.3281,ACCEPT,0,2163,128,13774,1,50,2629,0,0,0,0
42,0,1,1,ACCEPT,19.2888,4.1063,2394,0,0,1.0000,65.66,249.50,35.00,60.00,67.00,241.50,42.00,37.00,0.5490,8.11,1,0,3.3568,ACCEPT,0,2088,110,13932,1,50,2394,0,0,0,0
43,0,1,1,ACCEPT,20.6185,4.5138,2451,-1,1,0.8829,64.56,251.38,35.00,60.00,65.50,240.00,43.00,34.00,0.5017,11.41,1,0,3.3734,ACCEPT,0,1883,87,17138,1,50,2451,0,0,0,0
44,0,1,1,ACCEPT,24.6359,5.2897,2830,-1,0,0.8442,63.47,251.38,35.00,60.00,64.00,240.00,44.00,32.00,0.4690,11.39,1,0,3.3881,ACCEPT,0,2017,98,22254,1,50,2830,0,0,0,0
45,0,1,1,ACCEPT,23.3407,5.0203,3208,0,0,1.0000,63.47,251.38,35.00,60.00,63.50,241.00,43.00,32.00,0.4754,10.38,1,0,3.3353,ACCEPT,0,2588,81,17232,1,50,3208,0,0,0,0
46,0,1,1,ACCEPT,25.8974,5.3373,2706,-1,0,0.8902,62.38,251.38,35.00,60.00,63.50,241.00,41.00,32.00,0.4887,10.44,1,0,3.2843,ACCEPT,0,2011,92,19093,1,50,2706,0,0,0,0
47,0,1,1,ACCEPT,27.8336,5.5225,3192,-1,0,0.8897,61.28,251.38,35.00,60.00,63.00,241.50,40.00,35.00,0.5385,10.02,1,0,3.1419,ACCEPT,0,2170,86,22018,1,50,3192,0,0,0,0
48,0,1,1,ACCEPT,28.4177,5.6690,3186,-1,0,0.9062,60.19,251.38,35.00,60.00,61.50,240.50,41.00,37.00,0.5577,10.95,1,0,3.0434,ACCEPT,0,2174,84,25900,1,50,3186,0,0,0,0
49,0,1,1,ACCEPT,27.7038,5.3884,3524,-1,0,0.8916,59.09,251.38,35.00,60.00,60.50,240.00,43.00,40.00,0.5477,11.46,1,0,3.0355,ACCEPT,0,2325,78,28300,1,50,3524,0,0,0,0
50,0,1,1,ACCEPT,26.5032,5.4172,3272,-1,-1,0.8191,58.00,249.50,35.00,60.00,60.50,239.00,41.00,44.00,0.5925,10.79,1,0,2.9915,ACCEPT,0,2224,69,29253,1,50,3272,0,0,0,0
51,0,1,1,ACCEPT,26.9482,5.2714,3321,-2,-1,0.7323,55.81,247.62,36.40,62.40,59.00,239.00,42.00,38.00,0.5476,9.20,1,1,3.0218,ACCEPT,0,2347,69,28548,1,50,3321,0,0,0,0
52,0,1,1,ACCEPT,29.5879,6.4254,3142,-2,-1,0.5700,53.53,245.67,36.40,62.40,57.00,240.00,44.00,40.00,0.5654,6.65,1,0,3.0574,ACCEPT,0,2021,62,23061,1,50,3142,0,0,0,0
53,0,1,1,ACCEPT,27.8746,5.9393,2839,-2,-1,0.7038,51.25,243.72,36.40,62.40,56.50,238.00,41.00,36.00,0.4735,7.76,1,0,2.8012,ACCEPT,0,1813,60,21268,1,50,2839,0,0,0,0
54,0,1,1,ACCEPT,24.9287,4.6282,2328,-1,-1,0.9334,50.11,241.77,36.40,62.40,54.50,238.00,39.00,40.00,0.5332,5.78,1,0,2.8878,ACCEPT,0,1597,68,18038,1,50,2328,0,0,0,0
55,0,1,1,ACCEPT,22.3387,3.8750,1891,-2,-1,0.7620,47.83,239.81,37.86,64.90,49.50,235.00,37.00,34.00,0.4865,5.09,1,1,2.5724,ACCEPT,0,1604,81,14776,1,50,1891,0,0,0,0
56,0,1,1,ACCEPT,18.8028,4.3030,1704,-1,0,0.9014,46.64,239.81,37.86,64.90,48.00,233.00,36.00,34.00,0.4893,6.95,1,0,2.8574,ACCEPT,0,1546,82,13948,1,50,1704,0,0,0,0
57,0,1,1,ACCEPT,15.4167,2.7035,1468,-2,-1,0.7670,44.27,237.78,39.37,67.49,50.00,230.00,42.00,30.00,0.3655,9.67,1,1,2.4536,ACCEPT,0,1716,74,12205,1,50,1468,0,0,0,0
58,0,1,1,ACCEPT,16.7703,2.6455,1336,-2,0,0.8368,41.80,237.78,39.37,67.49,48.00,230.50,42.00,29.00,0.3478,9.57,1,0,2.9566,ACCEPT,0,1339,78,12354,1,50,1336,0,0,0,0
59,0,1,1,ACCEPT,18.8289,3.1466,1545,-1,0,0.8777,40.56,237.78,39.37,67.49,47.00,227.00,42.00,24.00,0.2891,12.56,1,0,2.9984,ACCEPT,0,1387,87,10787,1,50,1545,0,0,0,0
60,0,1,1,ACCEPT,21.7876,3.6128,1745,-2,0,0.7668,38.09,237.78,39.37,67.49,45.50,227.50,41.00,25.00,0.2863,12.67,1,0,3.0099,ACCEPT,0,1438,71,10959,1,50,1745,0,0,0,0
61,0,1,1,ACCEPT,25.1854,4.5781,1758,-1,-1,0.9369,36.86,235.67,39.37,67.49,44.50,227.00,43.00,26.00,0.3004,11.56,1,0,2.8415,ACCEPT,0,1301,81,10525,1,50,1758,0,0,0,0
62,0,1,1,ACCEPT,25.5670,5.6561,1612,-1,0,0.8617,35.62,235.67,39.37,67.49,43.00,225.50,42.00,23.00,0.2682,12.56,1,0,2.6541,ACCEPT,0,1116,75,11879,1,50,1612,0,0,0,0
63,0,1,1,ACCEPT,25.8680,5.3158,1818,-1,0,0.8647,34.39,235.67,39.37,67.49,37.50,227.00,51.00,24.00,0.3218,9.21,1,0,2.6770,ACCEPT,0,1183,79,11346,1,50,1818,0,0,0,0
64,0,1,1,ACCEPT,27.2986,4.9680,2017,-1,0,0.9970,33.16,235.67,39.37,67.49,35.50,227.00,45.00,26.00,0.3651,8.98,1,0,2.6225,ACCEPT,0,1301,93,9989,1,50,2017,0,0,0,0
65,0,1,1,ACCEPT,28.9322,6.7152,2075,-1,0,0.9012,31.92,235.67,39.37,67.49,35.00,226.00,52.00,22.00,0.2951,10.15,1,0,2.9643,ACCEPT,0,1287,92,10635,1,50,2075,0,0,0,0
66,0,1,1,ACCEPT,29.0658,5.9837,2208,-2,0,0.8179,29.45,235.67,39.37,67.49,33.50,224.50,51.00,19.00,0.2599,11.88,1,0,3.1361,ACCEPT,0,1384,100,12004,1,50,2208,0,0,0,0
67,0,1,1,ACCEPT,30.7822,6.4892,2096,0,0,1.0000,29.45,235.67,39.37,67.49,32.50,224.00,49.00,20.00,0.2763,12.06,1,0,3.2863,ACCEPT,0,1319,93,13542,1,50,2096,0,0,0,0
68,0,1,1,ACCEPT,29.3061,6.6087,2128,-1,0,0.8327,28.22,235.67,39.37,67.49,28.00,222.00,52.00,14.00,0.1945,13.67,1,0,3.2741,ACCEPT,0,1449,84,15642,1,50,2128,0,0,0,0
69,0,1,1,ACCEPT,24.9396,4.8608,2095,-2,0,0.8234,25.75,235.67,39.37,67.49,31.00,222.50,48.00,15.00,0.2059,14.18,1,0,3.2071,ACCEPT,0,1745,102,15764,1,50,2095,0,0,0,0
70,0,1,1,ACCEPT,27.3861,4.7939,2512,-1,0,0.8786,24.52,235.67,39.37,67.49,28.50,223.50,51.00,13.00,0.1822,12.81,1,0,3.2281,ACCEPT,0,1925,95,15450,1,50,2512,0,0,0,0
71,0,1,1,ACCEPT,29.0301,5.1417,2612,-2,1,0.7519,22.05,237.78,39.37,67.49,28.00,223.50,52.00,13.00,0.1814,15.47,1,0,3.3858,ACCEPT,0,1861,100,16100,1,50,2612,0,0,0,0
72,0,1,1,ACCEPT,28.3481,5.0366,2478,-1,0,0.9939,20.81,237.78,39.37,67.49,30.00,222.00,48.00,14.00,0.1697,18.26,1,0,3.3799,ACCEPT,0,1858,94,15391,1,50,2478,0,0,0,0
73,0,1,1,ACCEPT,26.6701,4.9562,2379,-1,0,0.8941,19.58,237.78,39.37,67.49,30.00,224.00,44.00,12.00,0.1335,17.28,1,0,3.2556,ACCEPT,0,1775,89,15782,1,50,2379,0,0,0,0
74,0,1,1,ACCEPT,24.6108,5.9452,2277,-2,0,0.8173,17.11,237.78,37.86,64.90,28.50,225.00,43.00,12.00,0.1328,17.12,1,-1,3.1398,ACCEPT,0,1780,110,12774,1,50,2277,0,0,0,0
75,0,1,1,ACCEPT,24.4920,5.0584,2251,0,1,0.9378,17.11,239.81,37.86,64.90,29.50,226.00,41.00,14.00,0.1427,18.56,1,0,3.3093,ACCEPT,0,1731,80,7924,1,50,2251,0,0,0,0
76,0,1,1,ACCEPT,25.5203,5.6040,1401,-1,0,0.8651,15.92,239.81,37.86,64.90,28.00,226.50,44.00,13.00,0.1413,17.98,1,0,3.2397,ACCEPT,0,1214,89,6729,1,50,1401,0,0,0,0
77,0,1,1,ACCEPT,23.4407,5.4202,1290,-2,1,0.8140,13.55,241.84,37.86,64.90,29.00,228.00,42.00,14.00,0.1268,20.75,1,0,3.2362,ACCEPT,0,1167,94,6092,1,50,1290,0,0,0,0
78,0,1,1,ACCEPT,21.1124,4.4412,1208,-1,0,0.9495,12.36,241.84,37.86,64.90,26.50,229.50,41.00,13.00,0.1235,18.77,1,0,3.1509,ACCEPT,0,1169,92,9215,1,50,1208,0,0,0,0
79,0,1,1,ACCEPT,20.0892,3.5867,1510,0,0,1.0000,12.36,241.84,37.86,64.90,27.00,231.00,40.00,18.00,0.1596,18.22,1,0,2.7870,ACCEPT,0,1411,86,6266,1,50,1510,0,0,0,0
80,0,1,1,ACCEPT,21.7294,4.1478,1684,-1,0,0.9163,11.17,241.84,37.86,64.90,26.50,232.50,45.00,15.00,0.1429,17.95,1,0,2.9332,ACCEPT,0,1474,95,8721,1,50,1684,0,0,0,0
81,0,1,1,ACCEPT,20.3620,4.1234,1637,-1,1,0.8558,9.98,243.88,37.86,64.90,29.00,234.00,42.00,14.00,0.1064,21.43,1,0,3.2067,ACCEPT,0,1491,79,10947,1,50,1637,0,0,0,0
82,0,1,1,ACCEPT,19.9802,4.3725,2007,-1,0,0.9611,8.80,243.88,37.86,64.90,29.00,235.00,44.00,14.00,0.1043,22.07,1,0,2.7812,ACCEPT,0,1937,68,12822,1,50,2007,0,0,0,0
83,0,1,1,ACCEPT,19.4468,4.2676,2057,0,1,0.9295,8.80,245.91,37.86,64.90,28.00,241.00,48.00,20.00,0.1613,19.82,1,0,3.0602,ACCEPT,0,1951,68,11580,1,50,2057,0,0,0,0
84,0,1,1,ACCEPT,18.1011,4.1174,1894,-1,1,0.9277,7.61,247.94,39.37,67.49,28.00,243.00,48.00,22.00,0.1601,20.98,1,1,3.1548,ACCEPT,0,1970,86,10959,1,50,1894,0,0,0,0
85,0,1,1,ACCEPT,16.3628,3.0255,1782,-1,0,0.8754,6.38,247.94,39.37,67.49,32.00,240.00,46.00,14.00,0.0780,26.83,1,0,3.0383,ACCEPT,0,2214,102,9879,1,50,1782,0,0,0,0
86,0,1,1,ACCEPT,17.9541,3.9977,1775,0,0,1.0000,6.38,247.94,39.37,67.49,33.50,240.50,45.00,11.00,0.0555,28.13,1,0,2.7073,ACCEPT,0,2106,76,9781,1,50,1775,0,0,0,0
87,0,1,1,ACCEPT,18.6892,4.1399,1627,0,1,0.9459,6.38,250.05,39.37,67.49,36.50,241.00,45.00,14.00,0.0541,31.45,1,0,3.0078,ACCEPT,0,1927,72,5164,1,50,1627,0,0,0,0
88,0,1,1,ACCEPT,20.0419,4.4603,843,0,0,1.0000,6.38,250.05,39.37,67.49,39.00,242.50,46.00,13.00,0.0419,33.49,1,0,2.8445,ACCEPT,0,955,106,9183,1,50,843,0,0,0,0
89,0,1,1,ACCEPT,21.6407,5.1763,1439,-1,1,0.9187,5.14,252.16,39.37,67.49,42.50,244.00,53.00,12.00,0.0332,38.24,1,0,3.2577,ACCEPT,0,1435,97,5873,1,50,1439,0,0,0,0
90,0,1,1,ACCEPT,21.5862,5.2818,956,0,0,1.0000,5.14,252.16,39.37,67.49,43.50,246.50,51.00,11.00,0.0239,38.77,1,0,3.0963,ACCEPT,0,1033,118,5315,1,50,956,0,0,0,0
91,0,1,1,ACCEPT,22.3926,5.3909,1062,0,1,0.9266,5.14,254.27,39.37,67.49,45.00,247.00,52.00,14.00,0.0247,40.52,1,0,3.2092,ACCEPT,0,995,86,6351,1,50,1062,0,0,0,0
92,0,1,1,ACCEPT,24.1115,5.6957,1179,-1,1,0.9279,3.91,256.38,40.95,70.19,42.50,250.00,71.00,14.00,0.0671,39.12,1,1,2.8467,ACCEPT,0,1049,124,4367,1,50,1179,0,0,0,0
93,0,1,1,ACCEPT,16.9455,3.6318,937,-1,0,0.9808,2.62,256.38,40.95,70.19,49.50,251.00,81.00,14.00,0.0518,47.18,1,0,2.7552,ACCEPT,0,1099,105,3168,1,50,937,0,0,0,0
94,0,1,1,ACCEPT,18.5980,4.0051,789,0,1,0.9747,2.62,258.56,40.95,70.19,50.00,250.50,84.00,13.00,0.0521,48.06,1,0,3.0533,ACCEPT,0,888,107,4338,1,50,789,0,0,0,0
95,0,1,1,ACCEPT,21.6183,4.9361,1081,0,0,1.0000,2.62,258.56,40.95,70.19,53.00,251.50,88.00,13.00,0.0478,50.87,1,0,2.9802,ACCEPT,0,1146,109,4571,1,50,1081,0,0,0,0
96,0,1,1,ACCEPT,22.3177,5.2778,1140,-1,0,0.9737,1.34,258.56,40.95,70.19,55.50,252.50,93.00,13.00,0.0425,54.49,1,0,2.9309,ACCEPT,0,1020,102,5153,1,50,1140,0,0,0,0
97,0,1,1,ACCEPT,24.7847,5.8400,1022,0,1,0.9853,1.34,260.75,40.95,70.19,63.00,253.50,90.00,15.00,0.0137,62.08,1,0,3.1076,ACCEPT,0,880,82,5621,1,50,1022,0,0,0,0
98,0,1,1,ACCEPT,22.7100,4.9893,933,0,0,1.0000,1.34,260.75,40.95,70.19,65.00,253.00,96.00,14.00,0.0162,64.13,1,0,3.0412,ACCEPT,0,823,88,6523,1,50,933,0,0,0,0
99,0,1,1,ACCEPT,24.6510,5.2906,1074,-1,0,0.9832,0.06,260.75,40.95,70.19,70.00,254.00,96.00,14.00,0.0000,70.26,1,0,2.9747,ACCEPT,0,874,93,8014,1,50,1074,0,0,0,0
100,0,1,1,ACCEPT,24.0105,4.7708,1436,-1,0,0.9262,-1.22,260.75,40.95,70.19,75.00,253.50,100.00,13.00,0.0000,76.56,1,0,3.0031,ACCEPT,0,1206,136,10147,1,50,1436,0,0,0,0
101,0,1,1,ACCEPT,26.0474,5.4688,1575,-1,0,0.8705,-2.50,260.75,40.95,70.19,73.00,252.50,100.00,13.00,0.0000,75.95,1,0,3.0114,ACCEPT,0,1232,111,10958,1,50,1575,0,0,0,0
102,0,1,1,ACCEPT,26.9778,6.1968,1543,0,1,0.9877,-2.50,262.94,40.95,70.19,74.50,253.50,107.00,13.00,0.0000,77.58,1,0,3.0034,ACCEPT,0,1144,73,9334,1,50,1543,0,0,0,0
103,0,1,1,ACCEPT,28.4809,4.8029,1657,-1,0,0.9185,-3.78,262.94,40.95,70.19,85.00,253.00,102.00,16.00,0.0000,89.34,1,0,3.0048,ACCEPT,0,1160,85,9360,1,50,1657,0,0,0,0
104,0,1,1,ACCEPT,28.3684,5.0842,1510,-1,0,0.8225,-5.06,262.94,40.95,70.19,84.00,252.50,100.00,13.00,0.0000,89.67,1,0,2.9989,ACCEPT,0,1117,123,6823,1,50,1510,0,0,0,0
105,0,1,1,ACCEPT,21.0049,4.4207,1198,-2,0,0.6703,-7.62,262.94,40.95,70.19,98.50,252.00,87.00,12.00,0.0000,106.69,1,0,2.9175,ACCEPT,0,1029,106,5526,1,50,1198,0,0,0,0
106,0,1,1,ACCEPT,26.1413,5.9085,969,0,0,1.0000,-7.62,262.94,40.95,70.19,97.00,252.00,92.00,14.00,0.0000,105.20,1,0,2.8952,ACCEPT,0,807,126,5385,1,50,969,0,0,0,0
107,0,1,1,ACCEPT,28.1700,5.8411,882,-1,0,0.9603,-8.91,262.94,40.95,70.19,112.50,251.50,71.00,17.00,0.0000,121.94,1,0,2.9631,ACCEPT,0,696,81,6202,1,50,882,0,0,0,0
108,0,1,1,ACCEPT,29.1106,6.4362,959,0,0,1.0000,-8.91,262.94,40.95,70.19,112.00,253.00,76.00,18.00,0.0000,121.31,1,0,2.8626,ACCEPT,0,731,65,6694,1,50,959,0,0,0,0
109,0,1,1,ACCEPT,32.4321,6.9586,1009,-1,0,0.9832,-10.19,262.94,40.95,70.19,116.50,253.00,61.00,18.00,0.0000,127.08,1,0,2.8848,ACCEPT,0,681,68,6784,1,50,1009,0,0,0,0
110,0,1,1,ACCEPT,33.0782,7.0076,925,0,0,1.0000,-10.19,262.94,40.95,70.19,121.00,253.00,70.00,18.00,0.0000,131.56,1,0,2.8931,ACCEPT,0,641,72,7029,1,50,925,0,0,0,0
111,0,1,1,ACCEPT,32.5613,6.9256,838,0,0,1.0000,-10.19,262.94,40.95,70.19,124.00,251.50,76.00,19.00,0.0000,134.67,1,0,2.8712,ACCEPT,0,570,72,7890,1,50,838,0,0,0,0
112,0,1,1,ACCEPT,28.5803,6.3590,744,0,0,1.0000,-10.19,262.94,40.95,70.19,131.50,252.00,59.00,16.00,0.0000,142.11,1,0,2.7473,ACCEPT,0,564,69,7851,1,50,744,0,0,0,0
113,0,1,1,ACCEPT,28.6410,5.7460,724,0,0,1.0000,-10.19,262.94,39.37,67.49,133.00,251.50,58.00,17.00,0.0000,143.64,1,-1,2.5863,ACCEPT,0,526,77,7088,1,50,724,0,0,0,0
114,0,1,1,ACCEPT,28.6179,6.4554,652,1,-1,0.8650,-8.95,260.83,39.37,67.49,139.50,251.50,63.00,13.00,0.0000,148.75,1,0,3.0189,ACCEPT,0,460,99,9519,1,50,652,0,0,0,0
115,0,1,1,ACCEPT,26.4645,4.0108,742,0,-1,0.9798,-8.95,258.72,39.37,67.49,139.50,250.00,65.00,12.00,0.0000,148.71,1,0,3.3473,ACCEPT,0,544,63,8470,1,50,742,0,0,0,0
116,0,1,1,ACCEPT,25.3888,4.2456,726,1,0,0.9848,-7.72,258.72,39.37,67.49,145.00,251.00,66.00,16.00,0.0000,152.91,1,0,3.3570,ACCEPT,0,531,79,7738,1,50,726,0,0,0,0
117,0,1,1,ACCEPT,24.5223,3.1852,688,0,-1,0.8765,-7.72,256.61,39.37,67.49,144.00,249.50,72.00,19.00,0.0000,151.89,1,0,3.3328,ACCEPT,0,485,126,8013,1,50,688,0,0,0,0
118,0,1,1,ACCEPT,25.4983,3.8074,929,1,-1,0.9559,-6.48,254.50,39.37,67.49,147.00,248.00,76.00,18.00,0.0000,153.62,1,0,3.4413,ACCEPT,0,609,87,9594,1,50,929,0,0,0,0
119,0,1,1,ACCEPT,28.3386,3.5952,1190,-1,0,0.9277,-7.72,254.50,39.37,67.49,147.50,245.00,77.00,18.00,0.0000,155.51,1,0,3.4836,ACCEPT,0,766,106,12609,1,50,1190,0,0,0,0
120,0,1,1,ACCEPT,28.5707,5.4843,1393,1,0,0.9103,-6.48,254.50,39.37,67.49,150.50,244.00,81.00,18.00,0.0000,157.34,1,0,3.4857,ACCEPT,0,880,76,10308,1,50,1393,0,0,0,0
121,0,1,1,ACCEPT,28.6429,4.4586,1293,0,-1,0.9420,-6.48,252.39,39.37,67.49,152.00,240.50,78.00,23.00,0.0000,158.93,1,0,3.4208,ACCEPT,0,863,124,11410,1,50,1293,0,0,0,0
122,0,1,1,ACCEPT,29.2946,4.5806,1846,0,0,1.0000,-6.48,252.39,39.37,67.49,161.00,239.50,64.00,17.00,0.0000,167.98,1,0,3.3992,ACCEPT,0,1206,95,11760,1,50,1846,0,0,0,0
123,0,1,1,ACCEPT,28.8905,4.2276,1746,0,0,1.0000,-6.48,252.39,39.37,67.49,162.50,240.00,61.00,20.00,0.0000,169.44,1,0,3.2564,ACCEPT,0,1173,140,9068,1,50,1746,0,0,0,0
124,0,1,1,ACCEPT,26.9380,3.7879,1500,1,-1,0.9067,-5.25,250.28,39.37,67.49,163.50,236.50,57.00,21.00,0.0000,169.31,1,0,3.0269,ACCEPT,0,913,138,7132,1,50,1500,0,0,0,0
125,0,1,1,ACCEPT,27.5038,3.3703,1520,0,0,1.0000,-5.25,250.28,40.95,70.19,166.00,235.00,56.00,22.00,0.0000,171.93,1,1,2.8031,ACCEPT,0,931,133,7423,1,50,1520,0,0,0,0
126,0,1,1,ACCEPT,30.6468,4.2795,1562,0,0,1.0000,-5.25,250.28,42.58,73.00,169.50,234.00,55.00,26.00,0.0000,175.51,1,1,2.6241,ACCEPT,0,883,145,7043,1,50,1562,0,0,0,0
127,0,1,1,ACCEPT,27.5159,4.4724,1458,-1,0,0.9403,-6.58,250.28,44.29,75.92,170.50,232.00,57.00,28.00,0.0000,178.02,1,1,2.2641,ACCEPT,0,963,147,9584,1,50,1458,0,0,0,0
128,0,1,1,ACCEPT,26.1937,4.3797,1511,0,0,1.0000,-6.58,250.28,44.29,75.92,171.00,231.00,54.00,30.00,0.0000,178.62,1,0,2.2320,ACCEPT,0,1085,168,6914,1,50,1511,0,0,0,0
129,0,1,1,ACCEPT,22.0428,2.9914,1385,0,0,1.0000,-6.58,250.28,44.29,75.92,173.00,230.00,56.00,32.00,0.0000,180.72,1,0,2.2834,ACCEPT,0,1079,209,6613,1,50,1385,0,0,0,0
130,0,1,1,ACCEPT,21.9482,3.1489,1417,0,0,1.0000,-6.58,250.28,44.29,75.92,174.50,229.50,57.00,31.00,0.0000,182.27,1,0,2.5730,ACCEPT,0,1132,190,7857,1,50,1417,0,0,0,0
131,0,1,1,ACCEPT,22.0200,3.1114,1397,1,0,0.9384,-5.19,250.28,44.29,75.92,176.50,230.00,57.00,30.00,0.0000,182.82,1,0,2.8308,ACCEPT,0,1121,176,8580,1,50,1397,0,0,0,0
132,0,1,1,ACCEPT,22.9927,3.3498,1628,0,0,1.0000,-5.19,250.28,44.29,75.92,179.50,226.50,57.00,35.00,0.0000,186.21,1,0,2.6253,ACCEPT,0,1382,140,10221,1,50,1628,0,0,0,0
133,0,1,1,ACCEPT,23.8603,3.6758,1474,1,0,0.9674,-3.80,250.28,44.29,75.92,184.50,226.00,53.00,34.00,0.0000,189.86,1,0,2.6995,ACCEPT,0,1279,114,10382,1,50,1474,0,0,0,0
134,0,1,1,ACCEPT,24.5663,3.8798,1517,1,0,0.9565,-2.41,250.28,44.29,75.92,185.50,226.00,53.00,34.00,0.0000,189.47,1,0,2.7748,ACCEPT,0,1210,100,10401,1,50,1517,0,0,0,0
135,0,1,1,ACCEPT,20.9210,3.2837,1412,0,0,1.0000,-2.41,250.28,44.29,75.92,188.00,225.50,52.00,35.00,0.0000,192.01,1,0,2.7958,ACCEPT,0,1247,103,10238,1,50,1412,0,0,0,0
136,0,1,1,ACCEPT,21.2964,3.4266,1237,1,0,0.7842,-1.02,250.28,44.29,75.92,189.50,225.00,55.00,36.00,0.0000,192.19,1,0,2.8293,ACCEPT,0,983,106,10971,1,50,1237,0,0,0,0
137,0,1,1,ACCEPT,19.3364,3.0093,1288,1,0,0.7919,0.38,250.28,44.29,75.92,194.00,224.00,56.00,40.00,0.0000,195.40,1,0,2.9251,ACCEPT,0,1274,146,8303,1,50,1288,0,0,0,0
138,0,1,1,ACCEPT,21.3899,3.4329,1253,1,-1,0.7518,1.77,247.91,44.29,75.92,195.50,223.50,57.00,43.00,0.0000,195.27,1,0,3.1772,ACCEPT,0,1224,134,6166,1,50,1253,0,0,0,0
139,0,1,1,ACCEPT,21.0342,3.5622,887,1,0,0.9109,3.16,247.91,44.29,75.92,198.00,224.00,56.00,46.00,0.0000,196.30,1,0,3.1256,ACCEPT,0,969,117,6935,1,50,887,0,0,0,0
140,0,1,1,ACCEPT,17.7621,2.6446,878,1,0,0.8588,4.55,247.91,44.29,75.92,200.50,223.50,57.00,49.00,0.0000,197.47,1,0,3.1956,ACCEPT,0,1011,133,6604,1,50,878,0,0,0,0
141,0,1,1,ACCEPT,21.7087,3.8226,1422,0,0,1.0000,4.55,247.91,44.29,75.92,204.50,222.50,51.00,53.00,0.0000,201.56,1,0,3.2281,ACCEPT,0,1395,181,6156,1,50,1422,0,0,0,0
142,0,1,1,ACCEPT,24.9200,4.5181,1875,1,0,0.9285,5.94,247.91,44.29,75.92,205.50,222.50,53.00,55.00,0.0000,201.17,1,0,3.2877,ACCEPT,0,1648,173,5981,1,50,1875,0,0,0,0
143,0,1,1,ACCEPT,27.0746,4.6923,1952,1,0,0.9457,7.33,247.91,44.29,75.92,206.00,221.00,52.00,56.00,0.0000,200.49,1,0,3.3004,ACCEPT,0,1584,162,5753,1,50,1952,0,0,0,0
144,0,1,1,ACCEPT,30.0511,5.4451,1835,0,0,1.0000,7.33,247.91,44.29,75.92,207.00,218.50,52.00,59.00,0.0000,201.83,1,0,3.2980,ACCEPT,0,1358,135,6436,1,50,1835,0,0,0,0
145,0,1,1,ACCEPT,32.5923,5.8931,1874,0,0,1.0000,7.33,247.91,44.29,75.92,207.00,217.00,52.00,60.00,0.0000,202.05,1,0,3.2535,ACCEPT,0,1205,111,6753,1,50,1874,0,0,0,0
146,0,1,1,ACCEPT,31.7156,6.0687,1942,0,0,1.0000,7.33,247.91,44.29,75.92,206.50,213.00,53.00,72.00,0.0000,202.21,1,0,3.1617,ACCEPT,0,1233,94,10836,1,50,1942,0,0,0,0
147,0,1,1,ACCEPT,34.9385,6.6951,2591,0,-1,0.9406,7.33,245.53,44.29,75.92,208.00,209.50,54.00,73.00,0.0000,203.88,1,0,3.2814,ACCEPT,0,1567,102,12295,1,50,2591,0,0,0,0
148,0,1,1,ACCEPT,33.4287,6.1367,2559,0,-1,0.9894,7.33,243.16,44.29,75.92,208.00,210.00,56.00,70.00,0.0000,203.39,1,0,3.1630,ACCEPT,0,1648,103,10443,1,50,2559,0,0,0,0
149,0,1,1,ACCEPT,35.1298,6.6955,2243,0,0,1.0000,7.33,243.16,44.29,75.92,208.50,208.50,53.00,67.00,0.0000,204.14,1,0,3.2531,ACCEPT,0,1416,124,8966,1,50,2243,0,0,0,0
150,0,1,1,ACCEPT,38.6755,8.0106,2267,0,0,1.0000,7.33,243.16,44.29,75.92,208.50,208.50,55.00,65.00,0.0000,204.14,1,0,3.1406,ACCEPT,0,1314,119,8897,1,50,2267,0,0,0,0
151,0,1,1,ACCEPT,39.0541,7.7121,2545,0,-1,0.9214,7.33,240.78,44.29,75.92,208.50,204.50,55.00,71.00,0.0000,204.42,1,0,3.2644,ACCEPT,0,1407,139,10493,1,50,2545,0,0,0,0
152,0,1,1,ACCEPT,38.4631,7.3510,2639,0,-1,0.9826,7.33,238.41,44.29,75.92,209.50,202.50,55.00,75.00,0.0000,205.34,1,0,3.2386,ACCEPT,0,1442,126,11094,1,50,2639,0,0,0,0
153,0,1,1,ACCEPT,32.4126,6.5939,2387,0,0,1.0000,7.33,238.41,44.29,75.92,211.00,198.00,54.00,76.00,0.0000,207.64,1,0,3.2315,ACCEPT,0,1418,140,10092,1,50,2387,0,0,0,0
154,0,1,1,ACCEPT,34.4490,7.5164,2285,1,-1,0.9208,8.72,236.03,44.29,75.92,210.00,196.50,52.00,77.00,0.0000,205.13,1,0,3.2531,ACCEPT,0,1319,147,9297,1,50,2285,0,0,0,0
155,0,1,1,ACCEPT,36.2658,7.6656,2361,0,0,1.0000,8.72,236.03,44.29,75.92,213.00,190.00,52.00,80.00,0.0000,209.40,1,0,3.1690,ACCEPT,0,1323,112,11069,1,50,2361,0,0,0,0
156,0,1,1,ACCEPT,35.0237,6.9909,2307,1,-1,0.7616,10.11,233.66,44.29,75.92,215.00,190.50,54.00,81.00,0.0000,209.39,1,0,3.2449,ACCEPT,0,1300,107,9431,1,50,2307,0,0,0,0
157,0,1,1,ACCEPT,39.0415,7.2222,2340,1,-1,0.7556,11.50,231.28,44.29,75.92,215.50,184.50,53.00,85.00,0.0000,209.30,1,0,3.2422,ACCEPT,0,1269,107,10126,1,50,2340,0,0,0,0
158,0,1,1,ACCEPT,36.9170,5.9949,2338,1,-1,0.9602,12.89,228.91,44.29,75.92,217.50,181.00,51.00,84.00,0.0000,210.14,1,0,3.2057,ACCEPT,0,1329,121,11296,1,50,2338,0,0,0,0
159,0,1,1,ACCEPT,36.1922,5.6735,2502,1,0,0.9145,14.28,228.91,44.29,75.92,220.50,178.00,53.00,86.00,0.0000,212.41,1,0,3.0665,ACCEPT,0,1417,111,11459,1,50,2502,0,0,0,0
160,0,1,1,ACCEPT,36.5919,6.5014,2308,1,-1,0.7543,15.67,226.53,44.29,75.92,221.00,175.50,50.00,95.00,0.0000,211.57,1,0,3.1820,ACCEPT,0,1228,118,9295,1,50,2308,0,0,0,0
161,0,1,1,ACCEPT,35.4143,6.1032,2130,1,-1,0.8545,17.06,224.16,44.29,75.92,224.00,176.00,52.00,90.00,0.0000,212.47,1,0,3.1768,ACCEPT,0,1240,107,8810,1,50,2130,0,0,0,0
162,0,1,1,ACCEPT,33.7010,5.4074,2190,1,0,0.8292,18.45,224.16,44.29,75.92,224.50,169.00,49.00,96.00,0.0000,213.30,1,0,3.2306,ACCEPT,0,1176,124,8540,1,50,2190,0,0,0,0
163,0,1,1,ACCEPT,32.7276,7.1324,2425,1,0,0.7930,19.84,224.16,44.29,75.92,226.50,166.50,51.00,97.00,0.0000,214.55,1,0,3.1265,ACCEPT,0,1253,106,10193,1,50,2425,0,0,0,0
164,0,1,1,ACCEPT,35.7612,7.3632,2879,1,-1,0.8656,21.23,221.78,44.29,75.92,226.50,166.50,51.00,97.00,0.0000,212.58,1,0,3.2366,ACCEPT,0,1479,110,9024,1,50,2879,0,0,0,0
165,0,1,1,ACCEPT,30.6584,6.8741,2729,1,0,0.9447,22.62,221.78,44.29,75.92,231.50,163.00,53.00,100.00,0.0000,216.99,1,0,3.1088,ACCEPT,0,1583,85,9964,1,50,2729,0,0,0,0
166,0,1,1,ACCEPT,34.8698,7.4615,2619,0,-1,0.9187,22.62,219.41,44.29,75.92,232.00,161.50,54.00,95.00,0.0000,217.23,1,0,3.1895,ACCEPT,0,1342,89,10246,1,50,2619,0,0,0,0
167,0,1,1,ACCEPT,33.8862,6.4020,2516,1,0,0.9499,24.02,219.41,44.29,75.92,233.00,160.50,54.00,95.00,0.0000,217.13,1,0,2.9749,ACCEPT,0,1321,76,10841,1,50,2516,0,0,0,0
168,0,1,1,ACCEPT,33.1980,6.3406,2327,1,-1,0.8964,25.41,217.03,44.29,75.92,234.50,158.50,55.00,93.00,0.0000,217.13,1,0,3.0826,ACCEPT,0,1241,75,12718,1,50,2327,0,0,0,0
169,0,1,1,ACCEPT,36.6165,8.2993,2523,0,-1,0.8843,25.41,214.66,44.29,75.92,236.50,156.50,53.00,93.00,0.0000,218.96,1,0,3.1460,ACCEPT,0,1275,74,13184,1,50,2523,0,0,0,0
170,0,1,1,ACCEPT,36.0869,7.8037,2505,0,-1,0.8954,25.41,212.28,44.29,75.92,237.00,155.00,54.00,92.00,0.0000,219.21,1,0,3.2064,ACCEPT,0,1225,85,11801,1,50,2505,0,0,0,0
171,0,1,1,ACCEPT,36.4483,8.4700,2397,0,0,1.0000,25.41,212.28,44.29,75.92,237.50,152.50,55.00,91.00,0.0000,220.36,1,0,2.8914,ACCEPT,0,1091,86,10526,1,50,2397,0,0,0,0
172,0,1,1,ACCEPT,32.9150,6.5588,2230,0,-1,0.9480,25.41,209.91,44.29,75.92,236.50,153.50,57.00,91.00,0.0000,218.50,1,0,3.1407,ACCEPT,0,1143,75,11001,1,50,2230,0,0,0,0
173,0,1,1,ACCEPT,35.5247,6.2805,2418,0,0,1.0000,25.41,209.91,44.29,75.92,236.50,153.50,59.00,95.00,0.0000,218.50,1,0,3.0464,ACCEPT,0,1199,76,11797,1,50,2418,0,0,0,0
174,0,1,1,ACCEPT,34.6697,6.4638,2592,0,0,1.0000,25.41,209.91,44.29,75.92,239.50,152.00,55.00,96.00,0.0000,221.79,1,0,2.9329,ACCEPT,0,1345,74,13326,1,50,2592,0,0,0,0
175,0,1,1,ACCEPT,35.8304,6.9737,2650,0,-1,0.9838,25.41,207.53,44.29,75.92,240.00,152.00,56.00,98.00,0.0000,221.66,1,0,3.1727,ACCEPT,0,1442,81,14570,1,50,2650,0,0,0,0
176,0,1,1,ACCEPT,37.9067,8.2203,2910,0,0,1.0000,25.41,207.53,44.29,75.92,242.50,151.50,57.00,95.00,0.0000,224.21,1,0,3.1104,ACCEPT,0,1484,67,17021,1,50,2910,0,0,0,0
177,0,1,1,ACCEPT,28.7106,5.6280,2330,1,0,0.9764,26.80,207.53,44.29,75.92,243.50,151.00,57.00,100.00,0.0000,223.96,1,0,3.0545,ACCEPT,0,1782,133,16425,1,50,2330,0,0,0,0
178,0,1,1,ACCEPT,32.1536,7.0862,2466,0,-1,0.9343,26.80,205.16,44.29,75.92,245.00,146.00,56.00,102.00,0.0000,226.08,1,0,3.1245,ACCEPT,0,1727,108,17013,1,50,2466,0,0,0,0
179,0,1,1,ACCEPT,32.6846,8.0278,2601,0,0,1.0000,26.80,205.16,44.29,75.92,247.50,144.50,57.00,101.00,0.0000,228.89,1,0,2.9221,ACCEPT,0,1789,91,15215,1,50,2601,0,0,0,0
180,0,1,1,ACCEPT,33.7121,7.5347,2607,0,-1,0.8661,26.80,202.78,44.29,75.92,249.00,143.00,58.00,102.00,0.0000,230.10,1,0,2.9426,ACCEPT,0,1793,93,14585,1,50,2607,0,0,0,0
181,0,1,1,ACCEPT,32.9466,6.9140,2171,1,-2,0.8356,28.19,198.03,44.29,75.92,252.50,140.00,61.00,106.00,0.0000,231.70,1,0,2.9413,ACCEPT,0,1502,51,12482,1,50,2171,0,0,0,0
182,0,1,1,ACCEPT,31.6936,5.8420,2255,1,-1,0.8749,29.58,195.66,44.29,75.92,255.50,131.00,61.00,114.00,0.0000,234.99,1,0,2.8724,ACCEPT,0,1613,49,11494,1,50,2255,0,0,0,0
183,0,1,1,ACCEPT,30.7874,5.3172,2196,0,-1,0.8465,29.58,193.28,44.29,75.92,257.00,126.00,62.00,110.00,0.0000,237.17,1,0,2.7586,ACCEPT,0,1577,56,10436,1,50,2196,0,0,0,0
184,0,1,1,ACCEPT,28.4441,5.2985,2130,0,-1,0.8869,29.58,190.91,44.29,75.92,256.50,124.00,63.00,116.00,0.0000,236.58,1,0,2.6843,ACCEPT,0,1571,55,12365,1,50,2130,0,0,0,0
185,0,1,1,ACCEPT,29.2893,6.0515,2584,0,-1,0.8661,29.58,188.53,44.29,75.92,256.00,121.00,60.00,114.00,0.0000,236.28,1,0,2.6922,ACCEPT,0,1924,64,10507,1,50,2584,0,0,0,0
186,0,1,1,ACCEPT,28.6896,6.5319,2456,0,-1,0.8905,29.58,186.16,44.29,75.92,256.50,126.50,61.00,101.00,0.0000,234.63,1,0,2.7685,ACCEPT,0,1892,63,10224,1,50,2456,0,0,0,0
187,0,1,1,ACCEPT,28.6037,5.9296,2443,-1,0,0.8952,28.19,186.16,44.29,75.92,256.00,126.50,64.00,97.00,0.0000,235.49,1,0,2.6226,ACCEPT,0,1853,81,10166,1,50,2443,0,0,0,0
188,0,1,1,ACCEPT,28.0122,6.4372,2871,0,-1,0.9460,28.19,183.78,44.29,75.92,254.50,124.50,63.00,99.00,0.0000,233.95,1,0,2.8297,ACCEPT,0,2078,82,9767,1,50,2871,0,0,0,0
189,0,1,1,ACCEPT,23.4390,4.9282,2607,-1,0,0.9962,26.80,183.78,44.29,75.92,256.00,121.50,66.00,103.00,0.0000,237.51,1,0,2.8816,ACCEPT,0,1909,94,6852,1,50,2607,0,0,0,0
190,0,1,1,ACCEPT,25.2847,5.1591,2043,0,0,1.0000,26.80,183.78,44.29,75.92,254.00,120.50,64.00,101.00,0.0000,235.85,1,0,2.8135,ACCEPT,0,1478,104,5907,1,50,2043,0,0,0,0
191,0,1,1,ACCEPT,26.9291,6.0102,1773,-1,-1,0.9639,25.41,181.41,44.29,75.92,256.00,118.50,68.00,105.00,0.0000,239.02,1,0,3.0758,ACCEPT,0,1230,98,6959,1,50,1773,0,0,0,0
192,0,1,1,ACCEPT,28.6898,6.4545,1775,1,1,0.9324,26.80,183.78,44.29,75.92,254.50,121.00,63.00,102.00,0.0000,236.20,1,0,2.8323,ACCEPT,0,1152,95,8446,1,50,1775,0,0,0,0
193,0,1,1,ACCEPT,27.4823,6.1690,2190,-1,-1,0.8950,25.41,181.41,44.29,75.92,255.00,119.00,68.00,104.00,0.0000,237.92,1,0,3.0188,ACCEPT,0,1605,107,7915,1,50,2190,0,0,0,0
194,0,1,1,ACCEPT,26.9902,5.6865,1814,0,0,1.0000,25.41,181.41,44.29,75.92,253.00,118.50,64.00,97.00,0.0000,236.13,1,0,2.9323,ACCEPT,0,1296,95,11421,1,50,1814,0,0,0,0
195,0,1,1,ACCEPT,24.2356,4.7547,2268,-1,0,0.9683,24.02,181.41,44.29,75.92,249.50,118.00,63.00,98.00,0.0000,234.23,1,0,2.7308,ACCEPT,0,1712,94,8856,1,50,2268,0,0,0,0
196,0,1,1,ACCEPT,23.2764,4.9971,1699,-1,0,0.9982,22.62,181.41,44.29,75.92,251.50,117.00,63.00,98.00,0.0000,237.76,1,0,2.9410,ACCEPT,0,1317,80,11994,1,50,1699,0,0,0,0
197,0,1,1,ACCEPT,20.9405,4.6046,1805,0,0,1.0000,22.62,181.41,44.29,75.92,247.00,116.50,60.00,97.00,0.0000,233.57,1,0,3.0155,ACCEPT,0,1522,76,10526,1,50,1805,0,0,0,0
198,0,1,1,ACCEPT,22.2564,4.6334,1997,-1,1,0.8523,21.23,183.78,44.29,75.92,245.50,117.00,55.00,96.00,0.0000,234.00,1,0,2.9578,ACCEPT,0,1612,73,7817,1,50,1997,0,0,0,0
199,0,1,1,ACCEPT,22.2858,4.6751,1856,0,0,1.0000,21.23,183.78,44.29,75.92,244.50,114.00,55.00,92.00,0.0000,233.92,1,0,3.1721,ACCEPT,0,1480,87,9032,1,50,1856,0,0,0,0
200,0,1,1,ACCEPT,23.4831,4.6988,2340,0,0,1.0000,21.23,183.78,44.29,75.92,245.50,111.00,57.00,92.00,0.0000,235.78,1,0,3.1048,ACCEPT,0,1833,80,9399,1,50,2340,0,0,0,0
201,0,1,1,ACCEPT,19.3105,3.6914,1986,0,0,1.0000,21.23,183.78,44.29,75.92,244.50,107.00,51.00,96.00,0.0000,236.10,1,0,3.0733,ACCEPT,0,1972,81,7652,1,50,1986,0,0,0,0
202,0,1,1,ACCEPT,19.2414,3.8269,1791,0,0,1.0000,21.23,183.78,44.29,75.92,248.50,102.00,61.00,98.00,0.0000,241.53,1,0,3.0866,ACCEPT,0,1771,80,8910,1,50,1791,0,0,0,0
203,0,1,1,ACCEPT,16.2572,3.4617,1807,0,-1,0.9834,21.23,181.41,44.29,75.92,247.50,97.00,59.00,96.00,0.0000,241.50,1,0,3.0641,ACCEPT,0,1894,57,9693,1,50,1807,0,0,0,0
204,0,1,1,ACCEPT,18.3045,4.3152,1821,-1,0,0.9896,19.84,181.41,44.29,75.92,246.50,95.00,59.00,94.00,0.0000,242.57,1,0,3.0910,ACCEPT,0,1824,93,12539,1,50,1821,0,0,0,0
205,0,1,1,ACCEPT,21.0279,5.2891,1793,0,1,0.9414,19.84,183.78,44.29,75.92,252.50,92.00,53.00,90.00,0.0000,250.11,1,0,3.1109,ACCEPT,0,1531,64,10456,1,50,1793,0,0,0,0
206,0,1,1,ACCEPT,22.5675,4.7825,1583,1,0,0.9886,21.23,183.78,44.29,75.92,249.00,89.50,52.00,91.00,0.0000,246.51,1,0,3.2057,ACCEPT,0,1357,79,12067,1,50,1583,0,0,0,0
207,0,1,1,ACCEPT,24.4662,4.9086,1664,0,0,1.0000,21.23,183.78,44.29,75.92,252.00,90.00,54.00,90.00,0.0000,249.09,1,0,3.1062,ACCEPT,0,1407,75,12801,1,50,1664,0,0,0,0
208,0,1,1,ACCEPT,27.4064,5.2792,1853,1,1,0.9185,22.62,186.16,44.29,75.92,250.00,87.00,56.00,92.00,0.0000,248.06,1,0,2.9213,ACCEPT,0,1477,74,11815,1,50,1853,0,0,0,0
209,0,1,1,ACCEPT,30.1126,6.0152,1985,1,0,0.9889,24.02,186.16,44.29,75.92,252.50,84.00,53.00,88.00,0.0000,250.28,1,0,3.0196,ACCEPT,0,1542,79,12970,1,50,1985,0,0,0,0
210,0,1,1,ACCEPT,29.8346,6.5169,1740,0,1,0.7874,24.02,188.53,44.29,75.92,253.50,84.50,53.00,87.00,0.0000,251.96,1,0,3.0812,ACCEPT,0,1308,79,14281,1,50,1740,0,0,0,0
211,0,1,1,ACCEPT,30.2659,5.2523,1707,0,2,0.5513,24.02,193.28,44.29,75.92,249.50,84.50,47.00,81.00,0.0000,250.35,1,0,3.0910,ACCEPT,0,1165,101,17177,1,50,1707,0,0,0,0
212,0,1,1,ACCEPT,29.3263,6.1452,1905,2,2,0.4635,26.80,198.03,44.29,75.92,254.50,87.00,43.00,78.00,0.0000,253.33,1,0,3.0484,ACCEPT,0,1203,77,18376,1,50,1905,0,0,0,0
213,0,1,1,ACCEPT,27.7421,5.9932,1774,2,2,0.5637,29.58,202.78,44.29,75.92,254.50,106.00,41.00,100.00,0.0000,244.86,1,0,2.9614,ACCEPT,0,1163,87,16619,1,50,1774,0,0,0,0
214,0,1,1,ACCEPT,31.7504,7.4137,1846,1,1,0.7573,30.97,205.16,44.29,75.92,256.50,108.00,47.00,104.00,0.0000,245.57,1,0,3.1145,ACCEPT,0,1172,65,15302,1,50,1846,0,0,0,0
215,0,1,1,ACCEPT,32.8080,7.7551,1900,2,3,0.2842,33.75,212.28,44.29,75.92,257.00,108.00,48.00,102.00,0.0000,246.40,1,0,2.9642,ACCEPT,0,1059,56,15584,1,50,1900,0,0,0,0
216,0,1,1,ACCEPT,28.6959,4.7884,1901,0,2,0.4955,33.75,217.03,44.29,75.92,255.00,117.00,46.00,98.00,0.0000,242.81,1,0,3.0893,ACCEPT,0,1277,132,24671,1,50,1901,0,0,0,0
217,0,1,1,ACCEPT,29.9829,4.7128,1838,0,3,0.3520,33.75,224.16,44.29,75.92,257.50,121.00,39.00,98.00,0.0000,246.38,1,0,3.0821,ACCEPT,0,1150,107,18504,1,50,1838,0,0,0,0
218,0,1,1,ACCEPT,34.1770,6.6491,1762,1,2,0.3888,35.14,228.91,44.29,75.92,259.50,129.00,39.00,98.00,0.0000,245.60,1,0,3.1370,ACCEPT,0,979,89,22490,1,50,1762,0,0,0,0
219,0,1,1,ACCEPT,37.1684,7.0782,2081,1,2,0.4315,36.53,233.66,44.29,75.92,259.50,129.00,39.00,96.00,0.0000,246.31,1,0,3.1176,ACCEPT,0,1088,53,20625,1,50,2081,0,0,0,0
220,0,1,1,ACCEPT,40.0909,8.6274,2269,-1,2,0.4663,35.14,238.41,44.29,75.92,258.00,138.00,36.00,100.00,0.0000,244.43,1,0,3.1409,ACCEPT,0,1167,44,19394,1,50,2269,0,0,0,0
221,0,1,1,ACCEPT,31.4555,6.6573,1904,1,3,0.2521,36.53,245.53,44.29,75.92,255.50,140.00,37.00,108.00,0.0000,243.07,1,0,3.0870,ACCEPT,0,1287,55,16217,1,50,1904,0,0,0,0
222,0,1,1,ACCEPT,33.0866,7.7090,1881,1,2,0.5082,37.92,250.28,44.29,75.92,256.00,144.50,42.00,103.00,0.0000,242.38,1,0,3.1107,ACCEPT,0,1206,53,14580,1,50,1881,0,0,0,0
223,0,1,1,ACCEPT,36.1469,8.2096,1880,0,2,0.4298,37.92,255.03,44.29,75.92,256.50,149.00,37.00,106.00,0.0000,242.94,1,0,3.1337,ACCEPT,0,1078,56,11970,1,50,1880,0,0,0,0
224,0,1,1,ACCEPT,36.1990,7.8854,1995,0,2,0.6847,37.92,259.78,44.29,75.92,256.00,150.50,40.00,107.00,0.0000,243.93,1,0,3.0980,ACCEPT,0,1103,58,10747,1,50,1995,0,0,0,0
225,0,1,1,ACCEPT,37.8166,7.8145,1938,1,1,0.8627,39.31,262.16,44.29,75.92,254.50,153.50,39.00,107.00,0.0000,241.06,1,0,3.1135,ACCEPT,0,1010,95,10294,1,50,1938,0,0,0,0
226,0,1,1,ACCEPT,40.1152,9.0641,2121,0,1,0.9071,39.31,264.53,44.29,75.92,256.50,155.50,43.00,105.00,0.0000,243.02,1,0,3.1127,ACCEPT,0,1089,85,12316,1,50,2121,0,0,0,0
227,0,1,1,ACCEPT,43.0637,9.1847,2287,0,1,0.8837,39.31,266.91,44.29,75.92,254.50,156.50,41.00,109.00,0.0000,241.86,1,0,3.1299,ACCEPT,0,1105,77,13767,1,50,2287,0,0,0,0
228,0,1,1,ACCEPT,44.1538,9.6116,2326,0,1,0.8813,39.31,269.28,44.29,75.92,251.00,161.50,46.00,109.00,0.0000,237.55,1,0,3.1451,ACCEPT,0,1102,84,12437,1,50,2326,0,0,0,0
229,0,1,1,ACCEPT,43.6648,9.6623,2232,0,0,1.0000,39.31,269.28,44.29,75.92,248.50,161.50,45.00,109.00,0.0000,235.32,1,0,3.1430,ACCEPT,0,1125,95,11378,1,50,2232,0,0,0,0
230,0,1,1,ACCEPT,43.8137,9.8524,2069,0,1,0.9787,39.31,271.66,44.29,75.92,246.50,164.50,47.00,101.00,0.0000,233.26,1,0,3.0781,ACCEPT,0,1063,82,12769,1,50,2069,0,0,0,0
231,0,1,1,ACCEPT,46.3048,9.6478,2219,0,0,1.0000,39.31,271.66,44.29,75.92,243.50,166.00,47.00,102.00,0.0000,229.90,1,0,3.1840,ACCEPT,0,1106,84,12418,1,50,2219,0,0,0,0
232,0,1,1,ACCEPT,44.6008,9.3404,2195,0,1,0.9558,39.31,274.03,44.29,75.92,241.00,167.00,48.00,102.00,0.0000,228.33,1,0,3.1296,ACCEPT,0,1130,89,12899,1,50,2195,0,0,0,0
233,0,1,1,ACCEPT,44.5949,10.7169,2347,-1,0,0.9902,37.92,274.03,44.29,75.92,238.00,170.50,50.00,97.00,0.0000,225.28,1,0,3.1464,ACCEPT,0,1192,94,12056,1,50,2347,0,0,0,0
234,0,1,1,ACCEPT,46.3240,10.8063,2399,-1,1,0.8933,36.53,276.41,44.29,75.92,236.50,170.00,51.00,102.00,0.0000,226.52,1,0,3.1574,ACCEPT,0,1146,90,10579,1,50,2399,0,0,0,0
235,0,1,1,ACCEPT,42.1384,7.0798,2308,0,0,1.0000,36.53,276.41,44.29,75.92,234.50,172.50,51.00,97.00,0.0000,223.58,1,0,3.1537,ACCEPT,0,1164,97,8903,1,50,2308,0,0,0,0
236,0,1,1,ACCEPT,42.8121,7.0064,2186,-1,0,0.9026,35.14,276.41,44.29,75.92,232.50,172.50,53.00,97.00,0.0000,223.04,1,0,3.1197,ACCEPT,0,1026,93,10218,1,50,2186,0,0,0,0
237,0,1,1,ACCEPT,38.7818,7.3706,2108,0,1,0.9957,35.14,278.78,44.29,75.92,231.00,189.00,54.00,66.00,0.0000,215.46,1,0,2.9203,ACCEPT,0,1228,86,10292,1,50,2108,0,0,0,0
238,0,1,1,ACCEPT,43.0137,8.8281,2260,0,-1,0.9447,35.14,276.41,44.29,75.92,232.00,188.00,56.00,66.00,0.0000,215.80,1,0,3.1600,ACCEPT,0,1185,86,10803,1,50,2260,0,0,0,0
239,0,1,1,ACCEPT,45.5169,9.3504,2375,0,0,1.0000,35.14,276.41,44.29,75.92,232.00,188.50,58.00,65.00,0.0000,215.59,1,0,3.1651,ACCEPT,0,1181,82,10653,1,50,2375,0,0,0,0
240,0,1,1,ACCEPT,47.6495,9.6398,2275,0,1,0.9829,35.14,278.78,44.29,75.92,232.00,188.50,56.00,67.00,0.0000,216.57,1,0,3.0664,ACCEPT,0,1096,99,10240,1,50,2275,0,0,0,0
241,0,1,1,ACCEPT,49.2026,10.7228,2166,0,0,1.0000,35.14,278.78,44.29,75.92,231.50,190.00,55.00,66.00,0.0000,215.50,1,0,3.1661,ACCEPT,0,1060,99,11083,1,50,2166,0,0,0,0
242,0,1,1,ACCEPT,51.2429,11.1810,2348,0,0,1.0000,35.14,278.78,44.29,75.92,230.50,190.00,55.00,66.00,0.0000,214.59,1,0,3.1626,ACCEPT,0,1110,86,13028,1,50,2348,0,0,0,0
243,0,1,1,ACCEPT,53.1447,12.0249,2417,0,0,1.0000,35.14,278.78,44.29,75.92,230.50,191.00,55.00,66.00,0.0000,214.17,1,0,3.1662,ACCEPT,0,1110,82,14026,1,50,2417,0,0,0,0
244,0,1,1,ACCEPT,51.2011,11.8134,2469,0,0,1.0000,35.14,278.78,44.29,75.92,231.00,195.00,56.00,60.00,0.0000,213.03,1,0,3.1790,ACCEPT,0,1114,84,13420,1,50,2469,0,0,0,0
245,0,1,1,ACCEPT,50.3261,11.0622,2489,0,0,1.0000,35.14,278.78,44.29,75.92,230.50,196.00,57.00,62.00,0.0000,212.17,1,0,3.2191,ACCEPT,0,1044,83,14726,1,50,2489,0,0,0,0
246,0,1,1,ACCEPT,49.3145,10.1339,2574,0,0,1.0000,35.14,278.78,44.29,75.92,230.00,198.50,54.00,59.00,0.0000,210.75,1,0,3.1881,ACCEPT,0,1130,84,13805,1,50,2574,0,0,0,0
247,0,1,1,ACCEPT,49.5207,10.5953,2723,0,1,0.9530,35.14,281.16,44.29,75.92,230.50,198.00,55.00,64.00,0.0000,212.32,1,0,3.2125,ACCEPT,0,1215,97,13070,1,50,2723,0,0,0,0
248,0,1,1,ACCEPT,48.6842,10.9488,2781,0,0,1.0000,35.14,281.16,44.29,75.92,230.50,202.50,55.00,57.00,0.0000,210.60,1,0,3.2327,ACCEPT,0,1213,76,14710,1,50,2781,0,0,0,0
249,0,1,1,ACCEPT,39.0844,8.4176,2963,0,1,0.8896,35.14,283.53,44.29,75.92,228.00,188.50,56.00,91.00,0.0000,215.00,1,0,3.0911,ACCEPT,0,1599,78,15462,1,50,2963,0,0,0,0
250,0,1,1,ACCEPT,40.7539,8.4920,3193,0,0,1.0000,35.14,283.53,44.29,75.92,228.50,194.50,55.00,97.00,0.0000,212.87,1,0,3.1652,ACCEPT,0,1622,75,16421,1,50,3193,0,0,0,0
251,0,1,1,ACCEPT,43.7126,9.7688,3507,-1,1,0.8825,33.75,285.91,44.29,75.92,227.00,199.00,54.00,92.00,0.0000,211.89,1,0,3.1916,ACCEPT,0,1798,95,16234,1,50,3507,0,0,0,0
252,0,1,1,ACCEPT,45.7420,10.7151,3686,0,1,0.9579,33.75,288.28,44.29,75.92,226.50,200.50,55.00,93.00,0.0000,211.80,1,0,3.1105,ACCEPT,0,1899,81,16280,1,50,3686,0,0,0,0
253,0,1,1,ACCEPT,47.1250,11.0458,3855,0,0,1.0000,33.75,288.28,44.29,75.92,228.00,201.50,54.00,93.00,0.0000,212.75,1,0,3.1923,ACCEPT,0,1921,87,17135,1,50,3855,0,0,0,0
254,0,1,1,ACCEPT,47.6160,10.7295,3927,0,1,0.9679,33.75,290.66,44.29,75.92,228.50,205.00,55.00,90.00,0.0000,212.75,1,0,3.0816,ACCEPT,0,1914,76,18225,1,50,3927,0,0,0,0
255,0,1,1,ACCEPT,47.8849,10.6504,3930,0,0,1.0000,33.75,290.66,44.29,75.92,230.00,207.00,54.00,80.00,0.0000,213.34,1,0,3.1630,ACCEPT,0,1833,80,15988,1,50,3930,0,0,0,0
256,0,1,1,ACCEPT,47.9428,10.7959,3649,1,1,0.8745,35.14,293.03,44.29,75.92,230.50,209.00,53.00,80.00,0.0000,212.67,1,0,3.1500,ACCEPT,0,1659,79,19942,1,50,3649,0,0,0,0
257,0,1,1,ACCEPT,47.1123,11.8614,3938,1,0,0.9594,36.53,293.03,44.29,75.92,230.50,208.50,57.00,89.00,0.0000,211.59,1,0,3.1823,ACCEPT,0,1920,68,22112,1,50,3938,0,0,0,0
258,0,1,1,ACCEPT,50.2011,11.7895,3808,0,1,0.8401,36.53,295.41,44.29,75.92,230.50,215.50,55.00,79.00,0.0000,209.78,1,0,3.1829,ACCEPT,0,1800,69,19676,1,50,3808,0,0,0,0
259,0,1,1,ACCEPT,48.3607,12.1419,3509,0,1,0.8766,36.53,297.78,44.29,75.92,227.50,219.50,53.00,75.00,0.0000,206.39,1,0,3.1806,ACCEPT,0,1694,68,19604,1,50,3509,0,0,0,0
260,0,1,1,ACCEPT,46.2494,9.8892,3214,0,0,1.0000,36.53,297.78,44.29,75.92,227.00,221.50,54.00,77.00,0.0000,205.18,1,0,3.1002,ACCEPT,0,1683,65,20707,1,50,3214,0,0,0,0
261,0,1,1,ACCEPT,37.2937,6.6758,2924,0,1,0.8280,36.53,300.16,44.29,75.92,225.50,226.50,59.00,85.00,0.0000,202.82,1,0,3.2059,ACCEPT,0,1500,77,19355,1,50,2924,0,0,0,0
262,0,1,1,ACCEPT,40.3134,7.2710,3112,-1,1,0.8480,35.14,302.53,44.29,75.92,223.50,226.50,59.00,87.00,0.0000,203.13,1,0,3.1789,ACCEPT,0,1453,87,17560,1,50,3112,0,0,0,0
263,0,1,1,ACCEPT,42.3654,7.6700,3091,0,0,1.0000,35.14,302.53,44.29,75.92,223.00,225.50,56.00,83.00,0.0000,203.04,1,0,3.1107,ACCEPT,0,1543,69,18987,1,50,3091,0,0,0,0
264,0,1,1,ACCEPT,43.3495,9.1486,3202,0,1,0.7929,35.14,304.91,44.29,75.92,220.00,227.00,60.00,84.00,0.0000,200.61,1,0,3.0997,ACCEPT,0,1642,60,16386,1,50,3202,0,0,0,0
265,0,1,1,ACCEPT,41.0016,8.2089,3144,-1,1,0.7497,33.75,307.28,44.29,75.92,217.50,228.00,59.00,80.00,0.0000,200.12,1,0,3.0535,ACCEPT,0,1639,75,12507,1,50,3144,0,0,0,0
266,0,1,1,ACCEPT,39.4643,8.9120,3039,-1,1,0.7647,32.36,309.66,44.29,75.92,217.00,238.50,60.00,73.00,0.0000,197.88,1,0,2.9936,ACCEPT,0,1632,78,11682,1,50,3039,0,0,0,0
267,0,1,1,ACCEPT,41.2298,9.0206,3067,1,1,0.8575,33.75,312.03,44.29,75.92,214.00,237.00,60.00,72.00,0.0000,195.24,1,0,3.1639,ACCEPT,0,1540,75,12404,1,50,3067,0,0,0,0
268,0,1,1,ACCEPT,42.2737,9.7642,3271,-1,1,0.8603,32.36,314.41,44.29,75.92,213.00,239.00,54.00,76.00,0.0000,195.75,1,0,3.0356,ACCEPT,0,1538,67,11631,1,50,3271,0,0,0,0
269,0,1,1,ACCEPT,39.0689,7.8643,2839,1,1,0.7207,33.75,316.78,44.29,75.92,215.00,240.50,58.00,77.00,0.0000,196.65,1,0,3.1290,ACCEPT,0,1529,53,11825,1,50,2839,0,0,0,0
270,0,1,1,ACCEPT,36.0636,7.8328,2389,0,1,0.8150,33.75,319.16,46.06,78.96,212.00,245.50,56.00,77.00,0.0000,192.87,1,1,2.9452,ACCEPT,0,1467,59,13547,1,50,2389,0,0,0,0
271,0,1,1,ACCEPT,37.9092,7.3067,2740,1,2,0.5741,35.19,324.09,46.06,78.96,214.00,254.00,60.00,70.00,0.0000,192.06,1,0,3.1839,ACCEPT,0,1689,66,13386,1,50,2740,0,0,0,0
272,0,1,1,ACCEPT,36.9865,7.1493,2681,0,1,0.8049,35.19,326.56,46.06,78.96,214.00,259.50,56.00,71.00,0.0000,190.97,1,0,3.1454,ACCEPT,0,1500,59,12009,1,50,2681,0,0,0,0
273,0,1,1,ACCEPT,33.3653,6.1196,2405,1,1,0.6881,36.62,329.03,46.06,78.96,213.50,259.50,61.00,83.00,0.0000,190.05,1,0,3.1168,ACCEPT,0,1419,92,11858,1,50,2405,0,0,0,0
274,0,1,1,ACCEPT,37.7849,6.0809,3156,0,1,0.7769,36.62,331.50,46.06,78.96,214.50,264.50,63.00,81.00,0.0000,190.08,1,0,3.1459,ACCEPT,0,1766,87,11975,1,50,3156,0,0,0,0
275,0,1,1,ACCEPT,40.0045,8.0156,3078,0,1,0.8821,36.62,333.97,46.06,78.96,215.00,266.00,66.00,84.00,0.0000,190.89,1,0,3.2154,ACCEPT,0,1713,80,10835,1,50,3078,0,0,0,0
276,0,1,1,ACCEPT,44.0003,9.3432,2831,0,1,0.8742,36.62,336.44,46.06,78.96,216.00,269.50,68.00,85.00,0.0000,191.46,1,0,3.1873,ACCEPT,0,1454,81,12427,1,50,2831,0,0,0,0
277,0,1,1,ACCEPT,42.7223,8.8289,2631,1,1,0.8301,38.06,338.91,46.06,78.96,215.50,273.00,65.00,86.00,0.0000,189.28,1,0,3.2042,ACCEPT,0,1444,87,14316,1,50,2631,0,0,0,0
278,0,1,1,ACCEPT,46.8133,10.6109,2918,0,1,0.8907,38.06,341.38,46.06,78.96,211.50,276.50,61.00,83.00,0.0000,185.17,1,0,3.1990,ACCEPT,0,1470,79,13269,1,50,2918,0,0,0,0
279,0,1,1,ACCEPT,46.6930,9.6929,2588,0,1,0.8006,38.06,343.84,46.06,78.96,214.50,277.00,73.00,92.00,0.0000,188.68,1,0,3.1717,ACCEPT,0,1267,76,15998,1,50,2588,0,0,0,0
280,0,1,1,ACCEPT,48.9671,11.9554,2678,0,1,0.8391,38.06,346.31,46.06,78.96,208.50,278.50,65.00,93.00,0.0000,183.43,1,0,3.1542,ACCEPT,0,1316,69,16743,1,50,2678,0,0,0,0
281,0,1,1,ACCEPT,45.2005,10.8353,2698,0,2,0.6731,38.06,351.25,46.06,78.96,203.00,283.50,62.00,95.00,0.0000,178.31,1,0,3.1733,ACCEPT,0,1300,75,14754,1,50,2698,0,0,0,0
282,0,1,1,ACCEPT,47.2654,10.8680,2717,-1,1,0.7181,36.62,353.72,46.06,78.96,201.50,287.50,61.00,95.00,0.0000,177.68,1,0,3.1843,ACCEPT,0,1257,69,15251,1,50,2717,0,0,0,0
283,0,1,1,ACCEPT,43.1053,8.8339,2606,-2,1,0.5633,33.75,356.19,46.06,78.96,198.00,289.00,62.00,100.00,0.0000,177.46,1,0,3.0676,ACCEPT,0,1271,70,12725,1,50,2606,0,0,0,0
284,0,1,1,ACCEPT,46.8544,9.9883,2557,-1,2,0.6637,32.31,361.12,46.06,78.96,193.00,296.50,56.00,95.00,0.0000,173.20,1,0,3.1102,ACCEPT,0,1205,85,11053,1,50,2557,0,0,0,0
285,0,1,1,ACCEPT,29.8860,7.0806,1756,-1,1,0.9021,30.88,363.59,46.06,78.96,189.00,303.00,54.00,94.00,0.0000,169.34,1,0,3.1308,ACCEPT,0,1378,65,12805,1,50,1756,0,0,0,0
286,0,1,1,ACCEPT,28.4902,6.9643,1560,-2,1,0.7179,28.00,366.06,46.06,78.96,186.00,306.50,52.00,89.00,0.0000,168.85,1,0,3.0314,ACCEPT,0,1219,65,11895,1,50,1560,0,0,0,0
287,0,1,1,ACCEPT,29.6217,6.6405,1607,-1,2,0.5003,26.56,371.00,46.06,78.96,181.00,319.00,48.00,98.00,0.0000,162.96,1,0,3.1194,ACCEPT,0,1154,65,13699,1,50,1607,0,0,0,0
288,0,1,1,ACCEPT,29.3460,5.3403,2040,-2,3,0.2132,23.69,378.41,46.06,78.96,178.00,333.00,52.00,84.00,0.0000,160.85,1,0,2.9991,ACCEPT,0,1176,85,13194,1,50,2040,0,0,0,0
289,0,1,1,ACCEPT,30.4866,5.9142,1792,-1,2,0.5117,22.25,383.34,46.06,78.96,172.50,330.00,53.00,106.00,0.0000,159.44,1,0,3.0274,ACCEPT,0,1072,67,21360,1,50,1792,0,0,0,0
290,0,1,1,ACCEPT,33.7265,6.1709,2888,-1,2,0.5523,20.81,388.28,46.06,78.96,169.50,335.00,55.00,110.00,0.0000,157.95,1,0,3.0567,ACCEPT,0,1602,60,20189,1,50,2888,0,0,0,0
291,0,1,1,ACCEPT,37.0713,7.6468,2944,-1,2,0.5149,19.38,393.22,46.06,78.96,167.50,340.00,57.00,110.00,0.0000,157.40,1,0,2.9561,ACCEPT,0,1523,56,17395,1,50,2944,0,0,0,0
292,0,1,1,ACCEPT,34.6577,7.7681,2579,0,2,0.5103,19.38,398.16,46.06,78.96,165.00,351.00,58.00,100.00,0.0000,153.07,1,0,3.0220,ACCEPT,0,1552,60,14234,1,50,2579,0,0,0,0
293,0,1,1,ACCEPT,36.9305,8.5635,2629,-1,2,0.5785,17.94,403.09,46.06,78.96,162.50,356.00,57.00,104.00,0.0000,152.04,1,0,3.0277,ACCEPT,0,1488,59,14226,1,50,2629,0,0,0,0
294,0,1,1,ACCEPT,33.9163,7.7288,2280,-1,2,0.7158,16.50,408.03,46.06,78.96,162.50,362.00,63.00,104.00,0.0000,153.08,1,0,3.0208,ACCEPT,0,1316,61,14225,1,50,2280,0,0,0,0
295,0,1,1,ACCEPT,30.5376,6.4646,2101,0,1,0.8429,16.50,410.50,46.06,78.96,162.00,369.00,62.00,100.00,0.0000,151.30,1,0,2.9733,ACCEPT,0,1334,66,11031,1,50,2101,0,0,0,0
296,0,1,1,ACCEPT,29.2239,6.7910,1657,-1,1,0.7912,15.06,412.97,47.90,82.11,159.50,374.00,61.00,98.00,0.0000,149.60,1,1,2.9590,ACCEPT,0,1088,70,9237,1,50,1657,0,0,0,0
297,0,1,1,ACCEPT,28.8060,6.0504,1440,0,2,0.6750,15.06,418.09,47.90,82.11,161.00,375.50,66.00,103.00,0.0000,152.03,1,0,3.1523,ACCEPT,0,972,96,6726,1,50,1440,0,0,0,0
298,0,1,1,ACCEPT,29.3211,6.9950,1413,0,1,0.9618,15.06,420.66,47.90,82.11,162.00,378.00,70.00,100.00,0.0000,153.00,1,0,3.1511,ACCEPT,0,832,76,5884,1,50,1413,0,0,0,0
299,0,1,1,ACCEPT,30.0442,6.5522,1317,0,0,1.0000,15.06,420.66,47.90,82.11,159.50,383.00,67.00,104.00,0.0000,149.27,1,0,3.0151,ACCEPT,0,756,88,5164,1,50,1317,0,0,0,0
300,0,1,1,ACCEPT,32.1874,6.8974,1345,1,1,0.8119,16.56,423.22,47.90,82.11,161.50,384.00,69.00,102.00,0.0000,150.15,1,0,3.0663,ACCEPT,0,749,82,4867,1,50,1345,0,0,0,0
301,0,1,1,ACCEPT,31.2943,6.7214,1351,0,1,0.8712,16.56,425.78,47.90,82.11,162.50,386.50,73.00,103.00,0.0000,151.13,1,0,3.0610,ACCEPT,0,848,84,4459,1,50,1351,0,0,0,0
302,0,1,1,ACCEPT,30.0024,6.0976,1250,1,0,0.9888,18.06,425.78,47.90,82.11,160.50,389.50,69.00,103.00,0.0000,146.99,1,0,3.1309,ACCEPT,0,846,78,5089,1,50,1250,0,0,0,0
303,0,1,1,ACCEPT,27.8845,4.6020,1399,1,1,0.8320,19.56,428.34,47.90,82.11,158.50,393.00,69.00,106.00,0.0000,143.36,1,0,3.2184,ACCEPT,0,958,75,5662,1,50,1399,0,0,0,0
304,0,1,1,ACCEPT,20.0217,3.6156,1392,0,1,0.8872,19.56,430.91,49.82,85.40,161.50,389.50,75.00,109.00,0.0000,147.85,1,1,3.0979,ACCEPT,0,1283,68,7452,1,50,1392,0,0,0,0
305,0,1,1,ACCEPT,24.7586,3.6349,1752,0,0,1.0000,19.56,430.91,49.82,85.40,159.00,389.00,78.00,104.00,0.0000,145.60,1,0,3.2516,ACCEPT,0,1363,65,7339,1,50,1752,0,0,0,0
306,0,1,1,ACCEPT,25.1891,3.4889,1577,1,1,0.8231,21.12,433.58,49.82,85.40,156.50,386.00,73.00,108.00,0.0000,143.49,1,0,3.0643,ACCEPT,0,1334,59,7075,1,50,1577,0,0,0,0
307,0,1,1,ACCEPT,24.0624,3.3884,1457,1,0,0.9012,22.69,433.58,49.82,85.40,156.00,392.50,74.00,107.00,0.0000,139.50,1,0,3.2254,ACCEPT,0,1229,47,6704,1,50,1457,0,0,0,0
308,0,1,1,ACCEPT,21.5234,2.5054,1150,1,0,0.9957,24.25,433.58,49.82,85.40,158.00,388.00,80.00,102.00,0.0000,141.30,1,0,3.3289,ACCEPT,0,887,57,6385,1,50,1150,0,0,0,0
309,0,1,1,ACCEPT,21.2380,4.0491,907,2,0,0.7089,27.38,433.58,49.82,85.40,154.00,387.50,78.00,115.00,0.0000,134.75,1,0,3.3755,ACCEPT,0,839,81,8819,1,50,907,0,0,0,0
310,0,1,1,ACCEPT,22.9912,4.2628,1833,1,0,0.8903,28.94,433.58,49.82,85.40,154.50,387.50,79.00,111.00,0.0000,133.75,1,0,3.3743,ACCEPT,0,1386,76,9693,1,50,1833,0,0,0,0
311,0,1,1,ACCEPT,25.9393,4.5238,2090,1,0,0.9014,30.50,433.58,49.82,85.40,154.50,386.00,75.00,112.00,0.0000,132.81,1,0,3.2730,ACCEPT,0,1500,64,9748,1,50,2090,0,0,0,0
312,0,1,1,ACCEPT,27.0112,4.5113,2003,1,0,0.9141,32.06,433.58,49.82,85.40,153.50,387.50,79.00,109.00,0.0000,129.89,1,0,3.2226,ACCEPT,0,1379,84,6194,1,50,2003,0,0,0,0
313,0,1,1,ACCEPT,29.7492,5.2701,1971,1,0,0.8584,33.62,433.58,49.82,85.40,154.00,386.00,80.00,112.00,0.0000,129.44,1,0,3.2412,ACCEPT,0,1278,68,7764,1,50,1971,0,0,0,0
314,0,1,1,ACCEPT,31.6877,6.0354,2384,1,0,0.9048,35.19,433.58,49.82,85.40,151.50,385.00,73.00,112.00,0.0000,126.05,1,0,3.2618,ACCEPT,0,1498,59,15747,1,50,2384,0,0,0,0
315,0,1,1,ACCEPT,33.5762,6.1102,4436,1,0,0.9745,36.75,433.58,49.82,85.40,151.50,384.50,77.00,115.00,0.0000,124.80,1,0,3.2495,ACCEPT,0,2725,67,18258,1,50,4436,0,0,0,0
0,0,0,0,ZERO_RESPONSE,0.0000,0.0000,0,0,0,0.0000,60.50,239.00,41.00,44.00,60.50,239.00,41.00,44.00,1.0000,0.00,1,0,0.0000,NOT_RUN,0,0,179,16625,2,100,0,0,0,0,0
1,0,1,1,ACCEPT,55.3830,10.9693,2501,-1,-1,0.8041,59.22,237.62,41.00,44.00,59.00,239.00,42.00,38.00,0.8458,1.39,1,0,3.2448,ACCEPT,0,1083,103,23239,2,100,2501,0,0,0,0
2,0,1,1,ACCEPT,40.9636,8.7839,3171,-1,-1,0.7622,57.94,236.25,39.42,42.31,57.00,240.00,44.00,40.00,0.7549,3.87,1,-1,2.9324,ACCEPT,0,1482,94,19183,2,100,3171,0,0,0,0
3,0,1,1,ACCEPT,31.9930,6.6056,3283,-2,-1,0.6159,55.47,234.92,37.91,40.68,56.50,238.00,41.00,36.00,0.7950,3.25,1,-1,2.8630,ACCEPT,0,1820,75,23351,2,100,3283,0,0,0,0
4,0,1,1,ACCEPT,24.1733,4.1641,2969,0,-2,0.6605,55.47,232.39,36.45,39.12,54.50,238.00,39.00,40.00,0.7077,5.69,1,-1,2.6023,ACCEPT,0,2425,92,11823,2,100,2969,0,0,0,0
5,0,1,1,ACCEPT,21.1188,3.8018,1726,-2,-1,0.5927,53.19,231.17,35.05,37.61,49.50,235.00,37.00,34.00,0.6705,5.32,1,-1,2.3756,ACCEPT,0,1438,108,5786,2,100,1726,0,0,0,0
6,0,1,1,ACCEPT,17.2908,3.5806,999,0,-3,0.4855,53.19,227.66,32.40,34.77,48.00,233.00,36.00,34.00,0.5587,7.45,1,-2,2.1094,ACCEPT,0,1025,76,6024,2,100,999,0,0,0,0
7,0,1,1,ACCEPT,15.9858,3.4037,919,-2,-2,0.4494,51.16,225.47,31.16,33.44,50.00,230.00,42.00,30.00,0.5823,4.68,1,-1,2.2460,ACCEPT,0,851,76,5786,2,100,919,0,0,0,0
8,0,1,1,ACCEPT,15.9617,3.9275,813,0,-2,0.7700,51.16,223.38,29.96,32.15,48.00,230.50,42.00,29.00,0.4751,7.79,1,-1,2.2417,ACCEPT,0,724,60,6098,2,100,813,0,0,0,0
9,0,1,1,ACCEPT,15.6305,3.4962,923,-1,-1,0.8852,50.22,222.38,28.81,30.91,47.00,227.00,42.00,24.00,0.5301,5.63,1,-1,2.0377,ACCEPT,0,928,91,4600,2,100,923,0,0,0,0
10,0,1,1,ACCEPT,15.1575,3.9084,981,-1,-1,0.8746,49.31,221.41,27.70,29.72,45.50,227.50,41.00,25.00,0.4678,7.19,1,-1,2.0955,ACCEPT,0,887,67,9109,2,100,981,0,0,0,0
11,0,1,1,ACCEPT,16.1615,3.3526,1217,-1,-1,0.7346,48.45,220.48,26.63,28.58,44.50,227.00,43.00,26.00,0.4173,7.62,1,-1,2.4119,ACCEPT,0,1127,69,10635,2,100,1217,0,0,0,0
12,0,1,1,ACCEPT,13.8717,2.5995,1136,-1,0,0.9393,47.62,220.48,25.61,27.48,43.00,225.50,42.00,23.00,0.4497,6.82,1,-1,2.4957,ACCEPT,0,1242,72,12320,2,100,1136,0,0,0,0
13,0,1,1,ACCEPT,13.3925,2.2918,1508,-1,0,0.8833,46.83,220.48,24.62,26.43,37.50,227.00,51.00,24.00,0.3255,11.38,1,-1,3.0130,ACCEPT,0,1654,77,12753,2,100,1508,0,0,0,0
14,0,1,1,ACCEPT,13.0624,2.8698,1521,-1,1,0.9034,46.06,221.31,23.68,25.41,35.50,227.00,45.00,26.00,0.3652,12.00,1,-1,2.5816,ACCEPT,0,1737,65,12773,2,100,1521,0,0,0,0
15,0,1,1,ACCEPT,16.1057,2.4704,1670,-1,0,0.9365,45.33,221.31,22.77,24.43,35.00,226.00,52.00,22.00,0.3300,11.34,1,-1,2.8498,ACCEPT,0,1656,81,12988,2,100,1670,0,0,0,0
16,0,1,1,ACCEPT,14.9108,2.4082,1351,0,0,1.0000,45.33,221.31,22.77,24.43,33.50,224.50,51.00,19.00,0.3823,12.25,1,0,2.8486,ACCEPT,0,1378,80,12043,2,100,1351,0,0,0,0
17,0,1,1,ACCEPT,18.2115,3.5109,1608,-2,1,0.6524,43.89,222.08,21.89,23.49,32.50,224.00,49.00,20.00,0.4093,11.55,1,-1,2.8012,ACCEPT,0,1452,79,14221,2,100,1608,0,0,0,0
18,0,1,1,ACCEPT,16.6201,3.9959,1966,-3,0,0.5697,41.83,222.08,21.89,23.49,28.00,222.00,52.00,14.00,0.3275,13.83,1,0,2.8162,ACCEPT,0,2096,81,13143,2,100,1966,0,0,0,0
19,0,1,1,ACCEPT,12.4870,2.1280,1496,-2,1,0.7346,40.45,222.81,21.89,23.49,31.00,222.50,48.00,15.00,0.3625,9.46,1,0,2.7626,ACCEPT,0,2248,96,9438,2,100,1496,0,0,0,0
20,0,1,1,ACCEPT,13.7015,2.6957,1391,-1,1,0.9353,39.77,223.55,21.05,22.59,28.50,223.50,51.00,13.00,0.3164,11.27,1,-1,2.7336,ACCEPT,0,1955,83,9026,2,100,1391,0,0,0,0
21,0,1,1,ACCEPT,14.6312,2.8501,1616,-3,1,0.7222,37.80,224.25,21.05,22.59,28.00,223.50,52.00,13.00,0.3117,9.83,1,-1,2.6387,OUT_OF_RANGE,0,1894,88,12591,2,100,1616,0,0,0,0
22,0,1,1,ACCEPT,13.4959,2.8127,1817,-1,2,0.6247,37.14,225.66,21.05,22.59,30.00,222.00,48.00,14.00,0.3456,8.02,1,-1,2.8327,OUT_OF_RANGE,0,2645,79,14581,2,100,1817,0,0,0,0
23,0,1,1,ACCEPT,12.1591,2.3649,2074,-2,-1,0.8510,35.83,224.95,21.05,22.59,30.00,224.00,44.00,12.00,0.3364,5.91,1,0,2.5784,ACCEPT,0,2843,80,14294,2,100,2074,0,0,0,0
24,0,1,1,ACCEPT,12.1022,2.3337,2105,-2,2,0.4570,34.52,226.36,21.05,22.59,28.50,225.00,43.00,12.00,0.3418,6.17,1,0,2.9747,ACCEPT,0,3009,70,10293,2,100,2105,0,0,0,0
25,0,1,1,ACCEPT,11.0413,2.0752,1959,-4,3,0.1868,31.89,228.47,21.05,22.59,29.50,226.00,41.00,14.00,0.3904,3.44,1,0,2.9492,ACCEPT,0,2443,64,9092,2,100,1959,0,0,0,0
26,0,1,1,ACCEPT,13.4468,2.6861,2071,-2,1,0.6364,30.58,229.17,21.05,22.59,28.00,226.50,44.00,13.00,0.3536,3.71,1,0,3.0065,ACCEPT,0,2365,62,10105,2,100,2071,0,0,0,0
27,0,1,1,ACCEPT,13.0668,1.9608,2149,-3,2,0.3620,28.61,230.58,21.05,22.59,29.00,228.00,42.00,14.00,0.3833,2.61,1,0,3.0511,ACCEPT,0,2416,50,8846,2,100,2149,0,0,0,0
28,0,1,1,ACCEPT,11.5881,1.9353,1854,-2,0,0.7805,27.30,230.58,21.05,22.59,26.50,229.50,41.00,13.00,0.3724,1.34,1,0,3.1702,ACCEPT,0,2653,62,8176,2,100,1854,0,0,0,0
29,0,1,1,ACCEPT,13.9796,2.1872,1636,0,2,0.6284,27.30,231.98,21.05,22.59,27.00,231.00,40.00,18.00,0.4640,1.03,1,0,3.1551,ACCEPT,0,2104,65,5404,2,100,1636,0,0,0,0
30,0,1,1,ACCEPT,15.6718,2.5951,1391,-1,2,0.4579,26.64,233.39,21.05,22.59,26.50,232.50,45.00,15.00,0.3782,0.90,1,0,3.1561,ACCEPT,0,1488,72,7065,2,100,1391,0,0,0,0
31,0,1,1,ACCEPT,8.4629,1.3140,1042,-3,3,0.0106,24.67,235.50,21.05,22.59,29.00,234.00,42.00,14.00,0.3833,4.58,1,0,3.2204,ACCEPT,0,1855,74,8214,2,100,1042,0,0,0,0
32,0,1,1,ACCEPT,9.0246,1.9439,832,0,1,0.9279,24.67,236.20,21.05,22.59,29.00,235.00,44.00,14.00,0.3698,4.49,1,0,3.2700,ACCEPT,0,1200,87,6714,2,100,832,0,0,0,0
33,0,1,1,ACCEPT,8.2183,1.3981,590,-1,3,0.1797,24.02,238.31,21.05,22.59,28.00,241.00,48.00,20.00,0.3752,4.81,1,0,3.2250,ACCEPT,0,875,64,3392,2,100,590,0,0,0,0
34,0,1,1,ACCEPT,9.2892,1.8548,575,0,3,0.6035,24.02,240.42,21.05,22.59,28.00,243.00,48.00,22.00,0.3717,4.75,1,0,3.2403,ACCEPT,0,840,60,4219,2,100,575,0,0,0,0
35,0,1,1,ACCEPT,13.7683,2.5177,1138,0,1,0.8146,24.02,241.12,21.05,22.59,32.00,240.00,46.00,14.00,0.3573,8.06,1,0,3.1228,ACCEPT,0,1197,61,5560,2,100,1138,0,0,0,0
36,0,1,1,ACCEPT,17.2648,3.1366,1286,0,1,0.7939,24.02,241.83,21.05,22.59,33.50,240.50,45.00,11.00,0.3133,9.58,1,0,2.8424,ACCEPT,0,1282,70,4955,2,100,1286,0,0,0,0
37,0,1,1,ACCEPT,9.4956,1.9537,549,-1,2,0.3898,23.36,243.23,21.05,22.59,36.50,241.00,45.00,14.00,0.3366,13.33,1,-1,2.8380,OUT_OF_RANGE,0,949,68,6357,2,100,549,0,0,0,0
38,0,1,1,ACCEPT,9.6858,1.8773,811,0,2,0.6202,23.36,244.64,21.05,22.59,39.00,242.50,46.00,13.00,0.2765,15.79,1,-1,2.4523,OUT_OF_RANGE,0,1492,67,7055,2,100,811,0,0,0,0
39,0,1,1,ACCEPT,8.1657,1.4179,794,-1,1,0.8174,22.70,245.34,21.05,22.59,42.50,244.00,53.00,12.00,0.2285,19.84,1,-10,1.6151,MAX_STEP,0,1227,55,7793,2,100,794,0,0,0,0
40,0,1,1,ACCEPT,10.8298,2.0857,1193,0,4,0.1350,22.70,248.16,21.05,22.59,43.50,246.50,51.00,11.00,0.1928,20.86,1,-1,1.8802,OUT_OF_RANGE,0,1372,59,7811,2,100,1193,0,0,0,0
41,0,1,1,ACCEPT,10.9782,1.8685,1265,1,2,0.6585,23.36,249.56,21.05,22.59,45.00,247.00,52.00,14.00,0.2094,21.79,1,-1,1.9144,OUT_OF_RANGE,0,1693,42,7311,2,100,1265,0,0,0,0
42,0,1,1,ACCEPT,10.0711,1.9068,1739,-1,1,0.6325,22.70,250.27,21.05,22.59,42.50,250.00,71.00,14.00,0.2508,19.80,1,-2,1.6181,OUT_OF_RANGE,0,3090,43,3973,2,100,1739,0,0,0,0
43,0,1,1,ACCEPT,8.5157,1.1741,917,-4,-2,0.0371,20.08,248.86,21.05,22.59,49.50,251.00,81.00,14.00,0.2241,29.50,1,-1,2.1584,OUT_OF_RANGE,0,1569,55,5014,2,100,917,0,0,0,0
44,0,1,1,ACCEPT,11.3935,2.0818,1680,1,2,0.6732,20.73,250.27,21.05,22.59,50.00,250.50,84.00,13.00,0.2115,29.27,1,-1,2.2701,OUT_OF_RANGE,0,2336,48,6333,2,100,1680,0,0,0,0
45,0,1,1,ACCEPT,15.6002,2.6535,2213,-1,3,0.0181,20.08,252.38,21.05,22.59,53.00,251.50,88.00,13.00,0.2033,32.93,1,-1,1.5245,OUT_OF_RANGE,0,2295,61,6289,2,100,2213,0,0,0,0
46,0,1,1,ACCEPT,10.1508,2.0966,1520,0,2,0.4474,20.08,253.78,21.05,22.59,55.50,252.50,93.00,13.00,0.1939,35.45,1,14,1.2769,MAX_STEP,0,2900,59,6146,2,100,1520,0,0,0,0
47,0,1,1,ACCEPT,10.3714,1.8475,1781,-1,2,0.6974,19.42,255.19,21.05,22.59,63.00,253.50,90.00,15.00,0.1088,43.61,1,15,1.9650,MAX_STEP,0,3373,62,7287,2,100,1781,0,0,0,0
48,0,1,1,ACCEPT,11.3326,2.2320,1770,0,2,0.7367,19.42,256.59,21.05,22.59,65.00,253.00,96.00,14.00,0.1106,45.72,1,7,1.5030,MAX_STEP,0,3266,61,7860,2,100,1770,0,0,0,0
49,0,1,1,ACCEPT,12.6945,2.5855,2071,-1,0,0.8923,18.77,256.59,21.05,22.59,70.00,254.00,96.00,14.00,0.0594,51.30,1,7,1.3724,MAX_STEP,0,3511,47,9301,2,100,2071,0,0,0,0
50,0,1,1,ACCEPT,11.4548,2.3182,2251,-3,0,0.3341,16.80,256.59,21.05,22.59,75.00,253.50,100.00,13.00,0.0173,58.29,1,0,3.1051,ACCEPT,0,4638,40,12359,2,100,2251,0,0,0,0
51,0,1,1,ACCEPT,14.2530,2.5090,2785,-2,0,0.6187,15.48,256.59,21.05,22.59,73.00,252.50,100.00,13.00,0.0225,57.66,1,0,3.5658,ACCEPT,0,4212,46,15449,2,100,2785,0,0,0,0
52,0,1,1,ACCEPT,16.6427,3.4023,2960,0,0,1.0000,15.48,256.59,21.05,22.59,74.50,253.50,107.00,13.00,0.0361,59.10,1,-1,3.2568,OUT_OF_RANGE,0,3534,53,19116,2,100,2960,0,0,0,0
53,0,1,1,ACCEPT,12.6561,1.9470,3271,-2,0,0.6732,14.17,256.59,21.05,22.59,85.00,253.00,102.00,16.00,0.0000,70.92,1,0,3.3772,ACCEPT,0,5121,54,9130,2,100,3271,0,0,0,0
54,0,1,1,ACCEPT,13.6722,2.1115,2272,-2,1,0.5084,12.86,257.30,21.05,22.59,84.00,252.50,100.00,13.00,0.0000,71.30,1,0,3.4255,ACCEPT,0,3365,50,9200,2,100,2272,0,0,0,0
55,0,1,1,ACCEPT,10.2323,1.4390,1380,-2,1,0.3348,11.55,258.00,21.05,22.59,98.50,252.00,87.00,12.00,0.0000,87.16,1,0,3.4132,ACCEPT,0,2713,54,17120,2,100,1380,0,0,0,0
56,0,1,1,ACCEPT,11.4723,1.8342,2212,-2,0,0.4756,10.23,258.00,21.05,22.59,97.00,252.00,92.00,14.00,0.0000,86.97,1,0,3.4746,ACCEPT,0,4299,70,20379,2,100,2212,0,0,0,0
57,0,1,1,ACCEPT,16.1526,2.5658,2553,0,0,1.0000,10.23,258.00,21.05,22.59,112.50,251.50,71.00,17.00,0.0000,102.47,1,0,3.2653,ACCEPT,0,3257,60,13083,2,100,2553,0,0,0,0
58,0,1,1,ACCEPT,19.7933,3.1815,2962,-1,0,0.7296,9.58,258.00,21.05,22.59,112.00,253.00,76.00,18.00,0.0000,102.54,1,0,3.2675,ACCEPT,0,3515,58,14283,2,100,2962,0,0,0,0
59,0,1,1,ACCEPT,21.3502,3.4488,3235,-2,-1,0.4241,8.27,257.30,21.05,22.59,116.50,253.00,61.00,18.00,0.0000,108.32,1,0,3.5355,ACCEPT,0,3263,52,12632,2,100,3235,0,0,0,0
60,0,1,1,ACCEPT,24.0423,4.5097,2778,1,1,0.8247,8.92,258.00,21.05,22.59,121.00,253.00,70.00,18.00,0.0000,112.19,1,0,3.3932,ACCEPT,0,2275,64,17585,2,100,2778,0,0,0,0
61,0,1,1,ACCEPT,23.5196,3.6747,3197,-1,-1,0.8702,8.27,257.30,21.05,22.59,124.00,251.50,76.00,19.00,0.0000,115.88,1,0,3.4847,ACCEPT,0,2580,51,6620,2,100,3197,0,0,0,0
62,0,1,1,ACCEPT,20.3828,2.8604,2480,1,0,0.9758,8.92,257.30,21.05,22.59,131.50,252.00,59.00,16.00,0.0000,122.69,1,0,3.3248,ACCEPT,0,2144,59,9986,2,100,2480,0,0,0,0
63,0,1,1,ACCEPT,19.1687,2.6942,2414,-1,-1,0.8376,8.27,256.59,21.05,22.59,133.00,251.50,58.00,17.00,0.0000,124.84,1,0,3.4364,ACCEPT,0,2112,64,9314,2,100,2414,0,0,0,0
64,0,1,1,ACCEPT,16.7120,2.1633,1629,2,-2,0.5985,9.58,255.19,21.05,22.59,139.50,251.50,63.00,13.00,0.0000,129.97,1,0,3.3523,ACCEPT,0,1428,67,11635,2,100,1629,0,0,0,0
65,0,1,1,ACCEPT,16.4372,2.2331,1878,-1,-2,0.8962,8.92,253.78,21.05,22.59,139.50,250.00,65.00,12.00,0.0000,130.63,1,0,3.4634,ACCEPT,0,2427,57,8321,2,100,1878,0,0,0,0
66,0,1,1,ACCEPT,15.9883,3.0066,1371,1,-2,0.4974,9.58,252.38,21.05,22.59,145.00,251.00,66.00,16.00,0.0000,135.43,1,0,3.5714,ACCEPT,0,1583,65,12035,2,100,1371,0,0,0,0
67,0,1,1,ACCEPT,14.4208,3.0540,1414,1,0,0.8593,10.23,252.38,21.05,22.59,144.00,249.50,72.00,19.00,0.0000,133.80,1,0,3.3357,ACCEPT,0,1673,61,10936,2,100,1414,0,0,0,0
68,0,1,1,ACCEPT,14.6550,2.5109,1494,1,-2,0.5750,10.89,250.97,21.05,22.59,147.00,248.00,76.00,18.00,0.0000,136.14,1,0,3.5813,ACCEPT,0,1666,71,13162,2,100,1494,0,0,0,0
69,0,1,1,ACCEPT,14.6677,2.3569,1869,1,-1,0.8518,11.55,250.27,21.05,22.59,147.50,245.00,77.00,18.00,0.0000,136.06,1,0,3.5835,ACCEPT,0,2187,68,11252,2,100,1869,0,0,0,0
70,0,1,1,ACCEPT,18.5384,3.2337,2477,-1,-2,0.7404,10.89,248.86,21.05,22.59,150.50,244.00,81.00,18.00,0.0000,139.69,1,0,3.5263,ACCEPT,0,2506,67,11126,2,100,2477,0,0,0,0
71,0,1,1,ACCEPT,17.5894,3.4464,2316,1,-2,0.6118,11.55,247.45,21.05,22.59,152.00,240.50,78.00,23.00,0.0000,140.63,1,0,3.5369,ACCEPT,0,2405,74,16340,2,100,2316,0,0,0,0
72,0,1,1,ACCEPT,20.9107,2.9511,3320,0,0,1.0000,11.55,247.45,21.05,22.59,161.00,239.50,64.00,17.00,0.0000,149.66,1,0,3.4759,ACCEPT,0,2969,69,15317,2,100,3320,0,0,0,0
73,0,1,1,ACCEPT,19.6215,3.0579,3749,1,-1,0.8071,12.20,246.75,21.05,22.59,162.50,240.00,61.00,20.00,0.0000,150.45,1,0,3.4755,ACCEPT,0,3428,47,12440,2,100,3749,0,0,0,0
74,0,1,1,ACCEPT,18.0927,2.7634,2827,2,-2,0.3601,13.52,245.34,21.05,22.59,163.50,236.50,57.00,21.00,0.0000,150.24,1,0,3.3462,ACCEPT,0,2668,59,24884,2,100,2827,0,0,0,0
75,0,1,1,ACCEPT,18.3619,2.6240,4773,-2,-2,0.6864,12.20,243.94,21.05,22.59,166.00,235.00,56.00,22.00,0.0000,154.06,1,0,3.4108,ACCEPT,0,4670,49,23327,2,100,4773,0,0,0,0
76,0,1,1,ACCEPT,21.6441,3.0809,4415,2,-1,0.3053,13.52,243.23,21.05,22.59,169.50,234.00,55.00,26.00,0.0000,156.26,1,0,3.5419,ACCEPT,0,3521,58,17590,2,100,4415,0,0,0,0
77,0,1,1,ACCEPT,26.6393,4.3420,4507,-1,0,0.9887,12.86,243.23,21.05,22.59,170.50,232.00,57.00,28.00,0.0000,158.04,1,0,3.3956,ACCEPT,0,3358,50,14168,2,100,4507,0,0,0,0
78,0,1,1,ACCEPT,24.3182,4.7321,3303,1,0,0.8862,13.52,243.23,21.05,22.59,171.00,231.00,54.00,30.00,0.0000,157.96,1,0,3.5617,ACCEPT,0,2607,52,22311,2,100,3303,0,0,0,0
79,0,1,1,ACCEPT,20.7820,4.0939,3271,-1,-2,0.8719,12.86,241.83,21.05,22.59,173.00,230.00,56.00,32.00,0.0000,160.58,1,0,3.5138,ACCEPT,0,3111,46,12422,2,100,3271,0,0,0,0
80,0,1,1,ACCEPT,22.1892,4.6802,2766,1,-1,0.7596,13.52,241.12,21.05,22.59,174.50,229.50,57.00,31.00,0.0000,161.40,1,0,3.5421,ACCEPT,0,2547,59,13254,2,100,2766,0,0,0,0
81,0,1,1,ACCEPT,24.7954,5.3394,3241,1,1,0.8741,14.17,241.83,21.05,22.59,176.50,230.00,57.00,30.00,0.0000,162.76,1,0,3.5026,ACCEPT,0,2755,50,9166,2,100,3241,0,0,0,0
82,0,1,1,ACCEPT,23.4218,6.0369,2451,2,-1,0.5630,15.48,241.12,21.05,22.59,179.50,226.50,57.00,35.00,0.0000,164.67,1,0,3.4246,ACCEPT,0,2031,69,13429,2,100,2451,0,0,0,0
83,0,1,1,ACCEPT,23.7599,5.2008,2720,2,0,0.5085,16.80,241.12,21.05,22.59,184.50,226.00,53.00,34.00,0.0000,168.38,1,0,3.4680,ACCEPT,0,2190,68,12097,2,100,2720,0,0,0,0
84,0,1,1,ACCEPT,27.2627,5.4640,3568,1,0,0.8809,17.45,241.12,21.05,22.59,185.50,226.00,53.00,34.00,0.0000,168.73,1,0,3.5089,ACCEPT,0,2528,64,11427,2,100,3568,0,0,0,0
85,0,1,1,ACCEPT,23.7676,4.8814,2880,2,-1,0.3424,18.77,240.42,21.05,22.59,188.00,225.50,52.00,35.00,0.0000,169.89,1,0,3.4185,ACCEPT,0,2200,73,16844,2,100,2880,0,0,0,0
86,0,1,1,ACCEPT,27.3919,5.8150,3489,2,0,0.5718,20.08,240.42,21.05,22.59,189.50,225.00,55.00,36.00,0.0000,170.12,1,0,3.5007,ACCEPT,0,2022,66,12252,2,100,3489,0,0,0,0
87,0,1,1,ACCEPT,22.9088,4.9788,3052,3,0,0.4033,22.05,240.42,21.05,22.59,194.00,224.00,56.00,40.00,0.0000,172.74,1,0,3.4406,ACCEPT,0,2111,57,13490,2,100,3052,0,0,0,0
88,0,1,1,ACCEPT,22.4573,4.6887,2696,2,0,0.7919,23.36,240.42,21.05,22.59,195.50,223.50,57.00,43.00,0.0000,172.97,1,0,3.4003,ACCEPT,0,1915,67,16716,2,100,2696,0,0,0,0
89,0,1,1,ACCEPT,26.7602,4.4376,3093,2,0,0.6256,24.67,240.42,21.05,22.59,198.00,224.00,56.00,46.00,0.0000,174.10,1,0,3.5218,ACCEPT,0,2009,70,15671,2,100,3093,0,0,0,0
90,0,1,1,ACCEPT,18.6424,4.0566,2653,2,1,0.7693,25.98,241.12,21.05,22.59,200.50,223.50,57.00,49.00,0.0000,175.40,1,0,3.5294,ACCEPT,0,2400,72,15272,2,100,2653,0,0,0,0
91,0,1,1,ACCEPT,17.8368,3.0200,2422,1,-1,0.6705,26.64,240.42,21.05,22.59,204.50,222.50,51.00,53.00,0.0000,178.76,1,0,3.5123,ACCEPT,0,1929,61,14873,2,100,2422,0,0,0,0
92,0,1,1,ACCEPT,22.4739,4.6237,3232,1,1,0.8998,27.30,241.12,21.05,22.59,205.50,222.50,53.00,55.00,0.0000,179.17,1,0,3.4656,ACCEPT,0,2200,52,14241,2,100,3232,0,0,0,0
93,0,1,1,ACCEPT,23.5910,4.1750,2839,2,-1,0.5139,28.61,240.42,21.05,22.59,206.00,221.00,52.00,56.00,0.0000,178.45,1,0,3.4361,ACCEPT,0,2016,60,15305,2,100,2839,0,0,0,0
94,0,1,1,ACCEPT,27.7347,5.8374,3555,0,0,1.0000,28.61,240.42,21.05,22.59,207.00,218.50,52.00,59.00,0.0000,179.73,1,0,3.4845,ACCEPT,0,2527,67,20600,2,100,3555,0,0,0,0
95,0,1,1,ACCEPT,29.7055,5.8102,3643,0,0,1.0000,28.61,240.42,21.05,22.59,207.00,217.00,52.00,60.00,0.0000,179.92,1,0,3.4529,ACCEPT,0,2181,66,19826,2,100,3643,0,0,0,0
96,0,1,1,ACCEPT,25.3080,5.7917,3197,-1,-1,0.8311,27.95,239.72,21.05,22.59,206.50,213.00,53.00,72.00,0.0000,180.53,1,0,3.3956,ACCEPT,0,2328,69,16609,2,100,3197,0,0,0,0
97,0,1,1,ACCEPT,23.1485,4.6473,2240,1,-3,0.2147,28.61,237.61,21.05,22.59,208.00,209.50,54.00,73.00,0.0000,181.58,1,0,3.3804,ACCEPT,0,1576,72,15263,2,100,2240,0,0,0,0
98,0,1,1,ACCEPT,29.1485,6.0615,2958,-1,-2,0.6815,27.95,236.20,21.05,22.59,208.00,210.00,56.00,70.00,0.0000,181.94,1,0,3.4590,ACCEPT,0,2070,60,12021,2,100,2958,0,0,0,0
99,0,1,1,ACCEPT,30.6676,6.7128,2618,0,-1,0.9057,27.95,235.50,21.05,22.59,208.50,208.50,53.00,67.00,0.0000,182.55,1,0,3.4404,ACCEPT,0,1675,60,12063,2,100,2618,0,0,0,0
100,0,1,1,ACCEPT,28.7413,5.4084,2185,0,-3,0.4128,27.95,233.39,21.05,22.59,208.50,208.50,55.00,65.00,0.0000,182.25,1,0,3.4782,ACCEPT,0,1459,60,11738,2,100,2185,0,0,0,0
101,0,1,1,ACCEPT,28.1560,5.7260,2508,0,-1,0.9175,27.95,232.69,21.05,22.59,208.50,204.50,55.00,71.00,0.0000,182.73,1,0,3.5039,ACCEPT,0,1756,57,10494,2,100,2508,0,0,0,0
102,0,1,1,ACCEPT,26.6965,5.3088,1874,0,-3,0.4023,27.95,230.58,21.05,22.59,209.50,202.50,55.00,75.00,0.0000,183.71,1,0,3.5073,ACCEPT,0,1444,62,12430,2,100,1874,0,0,0,0
103,0,1,1,ACCEPT,20.8640,4.0531,1678,1,-1,0.8540,28.61,229.88,21.05,22.59,211.00,198.00,54.00,76.00,0.0000,185.15,1,0,3.3774,ACCEPT,0,1280,63,10664,2,100,1678,0,0,0,0
104,0,1,1,ACCEPT,24.0405,4.2940,1709,1,-2,0.5699,29.27,228.47,21.05,22.59,210.00,196.50,52.00,77.00,0.0000,183.54,1,0,3.4486,ACCEPT,0,1121,70,13141,2,100,1709,0,0,0,0
105,0,1,1,ACCEPT,27.6329,4.6895,1782,2,-1,0.5309,30.58,227.77,21.05,22.59,213.00,190.00,52.00,80.00,0.0000,186.29,1,0,3.3782,ACCEPT,0,1039,62,10457,2,100,1782,0,0,0,0
106,0,1,1,ACCEPT,28.5140,5.4106,1634,1,-4,0.0233,31.23,224.95,21.05,22.59,215.00,190.50,54.00,81.00,0.0000,186.97,1,0,3.4403,ACCEPT,0,1064,79,18593,2,100,1634,0,0,0,0
107,0,1,1,ACCEPT,25.6096,4.6031,1809,3,-3,0.1421,33.20,222.84,21.05,22.59,215.50,184.50,53.00,85.00,0.0000,186.29,1,0,3.4165,ACCEPT,0,1241,69,14304,2,100,1809,0,0,0,0
108,0,1,1,ACCEPT,24.7373,3.3786,1990,2,-2,0.3719,34.52,221.44,21.05,22.59,217.50,181.00,51.00,84.00,0.0000,187.40,1,0,3.4423,ACCEPT,0,1389,69,13146,2,100,1990,0,0,0,0
109,0,1,1,ACCEPT,21.2745,3.5000,1575,1,-2,0.5276,35.17,220.03,21.05,22.59,220.50,178.00,53.00,86.00,0.0000,190.03,1,0,3.3468,ACCEPT,0,1186,66,12731,2,100,1575,0,0,0,0
110,0,1,1,ACCEPT,17.3996,2.8110,1175,4,-2,0.0060,37.80,218.62,21.05,22.59,221.00,175.50,50.00,95.00,0.0000,188.21,1,0,3.3477,ACCEPT,0,965,75,18253,2,100,1175,0,0,0,0
111,0,1,1,ACCEPT,20.7920,3.8809,1564,2,-3,0.1324,39.11,216.52,21.05,22.59,224.00,176.00,52.00,90.00,0.0000,189.28,1,0,3.4434,ACCEPT,0,1071,65,13401,2,100,1564,0,0,0,0
112,0,1,1,ACCEPT,22.3942,3.9639,1538,2,-2,0.1326,40.42,215.11,21.05,22.59,224.50,169.00,49.00,96.00,0.0000,189.77,1,0,3.3948,ACCEPT,0,976,65,14875,2,100,1538,0,0,0,0
113,0,1,1,ACCEPT,23.7453,4.9498,1579,2,-1,0.6985,41.73,214.41,21.05,22.59,226.50,166.50,51.00,97.00,0.0000,190.88,1,0,3.3133,ACCEPT,0,1166,53,9661,2,100,1579,0,0,0,0
114,0,1,1,ACCEPT,24.3926,5.2460,1621,1,0,0.9087,42.39,214.41,21.05,22.59,226.50,166.50,51.00,97.00,0.0000,190.24,1,0,3.2854,ACCEPT,0,1118,49,9229,2,100,1621,0,0,0,0
115,0,1,1,ACCEPT,19.6154,2.9522,989,2,-2,0.2204,43.70,213.00,21.05,22.59,231.50,163.00,53.00,100.00,0.0000,194.34,1,0,3.3957,ACCEPT,0,760,73,16235,2,100,989,0,0,0,0
116,0,1,1,ACCEPT,22.3629,4.0130,1232,0,-3,0.3929,43.70,210.89,21.05,22.59,232.00,161.50,54.00,95.00,0.0000,194.67,1,0,3.3626,ACCEPT,0,953,71,15210,2,100,1232,0,0,0,0
117,0,1,1,ACCEPT,24.1667,3.8588,1366,2,-2,0.2723,45.02,209.48,21.05,22.59,233.00,160.50,54.00,95.00,0.0000,194.26,1,0,3.3780,ACCEPT,0,958,70,12777,2,100,1366,0,0,0,0
118,0,1,1,ACCEPT,21.5735,2.6674,1139,2,-2,0.3784,46.33,208.08,21.05,22.59,234.50,158.50,55.00,93.00,0.0000,194.59,1,0,3.3930,ACCEPT,0,886,72,16692,2,100,1139,0,0,0,0
119,0,1,1,ACCEPT,19.0208,2.8750,943,1,-3,0.2185,46.98,205.97,21.05,22.59,236.50,156.50,53.00,93.00,0.0000,195.87,1,0,3.3962,ACCEPT,0,839,69,13490,2,100,943,0,0,0,0
120,0,1,1,ACCEPT,14.2411,2.7194,688,-1,-5,0.2515,46.33,202.45,21.05,22.59,237.00,155.00,54.00,92.00,0.0000,196.49,1,0,3.4597,ACCEPT,0,779,69,17275,2,100,688,0,0,0,0
121,0,1,1,ACCEPT,14.5814,1.9048,800,1,-2,0.3862,46.98,201.05,21.05,22.59,237.50,152.50,55.00,91.00,0.0000,196.60,1,0,3.4683,ACCEPT,0,725,75,20298,2,100,800,0,0,0,0
122,0,1,1,ACCEPT,16.0750,2.5955,815,-1,-3,0.5755,46.33,198.94,21.05,22.59,236.50,153.50,57.00,91.00,0.0000,195.52,1,0,3.4905,ACCEPT,0,798,73,15165,2,100,815,0,0,0,0
123,0,1,1,ACCEPT,10.8929,1.4054,676,-1,-1,0.9896,45.67,198.23,21.05,22.59,236.50,153.50,59.00,95.00,0.0000,196.00,1,0,3.4498,ACCEPT,0,785,76,16194,2,100,676,0,0,0,0
124,0,1,1,ACCEPT,13.7550,1.7973,674,1,0,0.9318,46.33,198.23,21.05,22.59,239.50,152.00,55.00,96.00,0.0000,198.63,1,0,3.3704,ACCEPT,0,703,67,14276,2,100,674,0,0,0,0
125,0,1,1,ACCEPT,20.1048,3.4233,736,1,-1,0.6087,46.98,197.53,21.05,22.59,240.00,152.00,56.00,98.00,0.0000,198.31,1,0,3.4179,ACCEPT,0,597,67,13535,2,100,736,0,0,0,0
126,0,1,1,ACCEPT,21.2245,3.0000,714,0,-2,0.6919,46.98,196.12,21.05,22.59,242.50,151.50,57.00,95.00,0.0000,200.54,1,0,3.4152,ACCEPT,0,565,65,12057,2,100,714,0,0,0,0
127,0,1,1,ACCEPT,16.9851,2.6897,546,1,1,0.9139,47.64,196.83,21.05,22.59,243.50,151.00,57.00,100.00,0.0000,201.15,1,0,3.4222,ACCEPT,0,659,63,15279,2,100,546,0,0,0,0
128,0,1,1,ACCEPT,17.6530,2.9939,976,1,-1,0.8586,48.30,196.12,21.05,22.59,245.00,146.00,56.00,102.00,0.0000,202.99,1,0,3.3192,ACCEPT,0,962,61,15663,2,100,976,0,0,0,0
129,0,1,1,ACCEPT,17.2934,3.9611,1121,2,-4,0.0624,49.61,193.31,21.05,22.59,247.50,144.50,57.00,101.00,0.0000,203.82,1,0,3.4089,ACCEPT,0,1114,64,18395,2,100,1121,0,0,0,0
130,0,1,1,ACCEPT,18.5790,3.4201,1840,-2,-3,0.4924,48.30,191.20,21.05,22.59,249.00,143.00,58.00,102.00,0.0000,206.41,1,0,3.1953,ACCEPT,0,1807,73,20659,2,100,1840,0,0,0,0
131,0,1,1,ACCEPT,16.5798,4.2022,1122,2,-4,0.1078,49.61,188.39,21.05,22.59,252.50,140.00,61.00,106.00,0.0000,208.58,1,0,3.2429,ACCEPT,0,1451,80,20131,2,100,1122,0,0,0,0
132,0,1,1,ACCEPT,15.1553,3.8000,1102,2,-5,0.0381,50.92,184.88,21.89,23.49,255.50,131.00,61.00,114.00,0.0000,211.55,1,1,3.1900,ACCEPT,0,1291,74,16916,2,100,1102,0,0,0,0
133,0,1,1,ACCEPT,19.8437,3.4447,1495,2,-5,0.0161,52.30,181.20,21.89,23.49,257.00,126.00,62.00,110.00,0.0000,212.02,1,0,3.3736,ACCEPT,0,1321,75,17679,2,100,1495,0,0,0,0
134,0,1,1,ACCEPT,15.6873,2.4504,1458,0,-3,0.4918,52.30,179.00,21.89,23.49,256.50,124.00,63.00,116.00,0.0000,211.48,1,0,3.3725,ACCEPT,0,1449,58,11655,2,100,1458,0,0,0,0
135,0,1,1,ACCEPT,17.1083,3.0084,1441,0,-4,0.2859,52.30,176.06,21.89,23.49,256.00,121.00,60.00,114.00,0.0000,211.01,1,0,3.3887,ACCEPT,0,1521,61,12952,2,100,1441,0,0,0,0
136,0,1,1,ACCEPT,16.0753,2.0938,1407,0,-3,0.5409,52.30,173.86,21.89,23.49,256.50,126.50,61.00,101.00,0.0000,209.62,1,0,3.3759,ACCEPT,0,1318,78,18358,2,100,1407,0,0,0,0
137,0,1,1,ACCEPT,18.6640,2.9116,1450,-1,-2,0.5345,51.61,172.39,21.89,23.49,256.00,126.50,64.00,97.00,0.0000,209.48,1,0,3.3434,ACCEPT,0,1194,64,12500,2,100,1450,0,0,0,0
138,0,1,1,ACCEPT,20.4180,2.7476,1459,-2,0,0.6032,50.23,172.39,21.89,23.49,254.50,124.50,63.00,99.00,0.0000,209.80,1,0,3.3684,ACCEPT,0,1184,53,12144,2,100,1459,0,0,0,0
139,0,1,1,ACCEPT,12.6145,2.3040,864,0,-1,0.8877,50.23,171.66,21.89,23.49,256.00,121.50,66.00,103.00,0.0000,211.79,1,0,3.3930,ACCEPT,0,899,45,8610,2,100,864,0,0,0,0
140,0,1,1,ACCEPT,18.2413,3.3650,1097,-1,-2,0.8131,49.55,170.19,21.89,23.49,254.00,120.50,64.00,101.00,0.0000,210.40,1,0,3.3885,ACCEPT,0,1082,51,6596,2,100,1097,0,0,0,0
141,0,1,1,ACCEPT,19.7132,4.2943,1576,-1,0,0.8407,48.86,170.19,21.89,23.49,256.00,118.50,68.00,105.00,0.0000,213.49,1,0,3.3962,ACCEPT,0,1510,45,7878,2,100,1576,0,0,0,0
142,0,1,1,ACCEPT,22.0044,4.2961,1306,1,0,0.9632,49.55,170.19,21.89,23.49,254.50,121.00,63.00,102.00,0.0000,210.77,1,0,3.4081,ACCEPT,0,1076,63,11198,2,100,1306,0,0,0,0
143,0,1,1,ACCEPT,18.6617,3.1193,1360,-1,-1,0.7478,48.86,169.45,21.89,23.49,255.00,119.00,68.00,104.00,0.0000,212.23,1,0,3.3487,ACCEPT,0,1297,60,9941,2,100,1360,0,0,0,0
144,0,1,1,ACCEPT,23.7458,4.2843,1341,-1,-1,0.8561,48.17,168.72,21.89,23.49,253.00,118.50,64.00,97.00,0.0000,210.89,1,0,3.3456,ACCEPT,0,1051,64,10605,2,100,1341,0,0,0,0
145,0,1,1,ACCEPT,24.4630,4.5898,1354,-1,-1,0.8811,47.48,167.98,21.89,23.49,249.50,118.00,63.00,98.00,0.0000,208.11,1,0,3.3820,ACCEPT,0,966,64,10263,2,100,1354,0,0,0,0
146,0,1,1,ACCEPT,21.0196,2.9762,1375,-1,1,0.6582,46.80,168.72,21.89,23.49,251.50,117.00,63.00,98.00,0.0000,211.14,1,0,3.3561,ACCEPT,0,1072,65,11655,2,100,1375,0,0,0,0
147,0,1,1,ACCEPT,22.7505,3.7500,1320,-2,1,0.5629,45.42,169.45,21.89,23.49,247.00,116.50,60.00,97.00,0.0000,208.42,1,0,3.3814,ACCEPT,0,1017,60,10320,2,100,1320,0,0,0,0
148,0,1,1,ACCEPT,27.1890,4.0894,1235,0,2,0.6024,45.42,170.92,21.89,23.49,245.50,117.00,55.00,96.00,0.0000,207.22,1,0,3.3945,ACCEPT,0,747,50,6094,2,100,1235,0,0,0,0
149,0,1,1,ACCEPT,26.3717,4.4068,1159,-1,0,0.8965,44.73,170.92,21.89,23.49,244.50,114.00,55.00,92.00,0.0000,207.72,1,0,3.3572,ACCEPT,0,754,59,10034,2,100,1159,0,0,0,0
150,0,1,1,ACCEPT,27.3406,4.2749,1244,-1,0,0.8955,44.05,170.92,21.89,23.49,245.50,111.00,57.00,92.00,0.0000,210.18,1,0,3.3943,ACCEPT,0,744,59,10608,2,100,1244,0,0,0,0
151,0,1,1,ACCEPT,15.6350,3.0897,964,1,0,0.8942,44.73,170.92,21.89,23.49,244.50,107.00,51.00,96.00,0.0000,209.74,1,0,3.3929,ACCEPT,0,832,46,9703,2,100,964,0,0,0,0
152,0,1,1,ACCEPT,20.2610,3.8522,1903,-1,-1,0.8954,44.05,170.19,21.89,23.49,248.50,102.00,61.00,98.00,0.0000,215.52,1,0,3.2924,ACCEPT,0,1485,44,10817,2,100,1903,0,0,0,0
153,0,1,1,ACCEPT,22.0768,4.2541,2059,0,0,1.0000,44.05,170.19,21.89,23.49,247.50,97.00,59.00,96.00,0.0000,216.22,1,0,3.3204,ACCEPT,0,1584,56,14522,2,100,2059,0,0,0,0
154,0,1,1,ACCEPT,23.3848,4.1804,2178,0,0,1.0000,44.05,170.19,21.89,23.49,246.50,95.00,59.00,94.00,0.0000,215.96,1,0,3.3366,ACCEPT,0,1430,56,16414,2,100,2178,0,0,0,0
155,0,1,1,ACCEPT,20.0287,3.3882,2304,0,0,1.0000,44.05,170.19,21.89,23.49,252.50,92.00,53.00,90.00,0.0000,222.63,1,0,3.3438,ACCEPT,0,2359,66,21021,2,100,2304,0,0,0,0
156,0,1,1,ACCEPT,21.3291,2.9107,2413,1,1,0.8860,44.73,170.92,21.89,23.49,249.00,89.50,52.00,91.00,0.0000,219.90,1,0,3.3515,ACCEPT,0,1956,56,16731,2,100,2413,0,0,0,0
157,0,1,1,ACCEPT,23.1227,3.7217,2140,0,1,0.9495,44.73,171.66,21.89,23.49,252.00,90.00,54.00,90.00,0.0000,222.77,1,0,3.2903,ACCEPT,0,1631,69,17942,2,100,2140,0,0,0,0
158,0,1,1,ACCEPT,21.8528,3.8471,1812,1,0,0.8642,45.42,171.66,21.89,23.49,250.00,87.00,56.00,92.00,0.0000,221.40,1,0,3.3067,ACCEPT,0,1476,75,19759,2,100,1812,0,0,0,0
159,0,1,1,ACCEPT,21.6452,4.1711,1585,3,1,0.5514,47.48,172.39,21.89,23.49,252.50,84.00,53.00,88.00,0.0000,223.26,1,0,3.3250,ACCEPT,0,1239,78,20971,2,100,1585,0,0,0,0
160,0,1,1,ACCEPT,21.0928,4.5195,1853,1,5,0.1328,48.17,176.06,21.89,23.49,253.50,84.50,53.00,87.00,0.0000,224.82,1,0,3.3458,ACCEPT,0,1594,70,13926,2,100,1853,0,0,0,0
161,0,1,1,ACCEPT,17.6327,2.2246,1842,0,6,0.1156,48.17,180.47,21.89,23.49,249.50,84.50,47.00,81.00,0.0000,223.03,1,0,3.2461,ACCEPT,0,1610,70,13621,2,100,1842,0,0,0,0
162,0,1,1,ACCEPT,24.0306,4.2833,1996,3,6,0.0526,50.23,184.88,21.89,23.49,254.50,87.00,43.00,78.00,0.0000,226.50,1,0,3.2484,ACCEPT,0,1408,81,18134,2,100,1996,0,0,0,0
163,0,1,1,ACCEPT,12.7942,1.8328,1162,3,4,0.1317,52.30,187.81,21.89,23.49,254.50,106.00,41.00,100.00,0.0000,218.13,1,0,3.2963,ACCEPT,0,1214,60,8553,2,100,1162,0,0,0,0
164,0,1,1,ACCEPT,18.5111,2.9864,1320,3,6,0.0909,54.36,192.22,21.89,23.49,256.50,108.00,47.00,104.00,0.0000,218.98,1,0,3.2972,ACCEPT,0,1141,63,10579,2,100,1320,0,0,0,0
165,0,1,1,ACCEPT,20.5003,3.9420,1427,3,8,0.0280,56.42,198.09,21.89,23.49,257.00,108.00,48.00,102.00,0.0000,219.88,1,0,3.2868,ACCEPT,0,1094,61,10968,2,100,1427,0,0,0,0
166,0,1,1,ACCEPT,15.9538,2.1244,1264,1,11,0.1408,57.11,206.17,21.89,23.49,255.00,117.00,46.00,98.00,0.0000,217.05,1,0,3.2116,ACCEPT,0,1361,79,6853,2,100,1264,0,0,0,0
167,0,1,1,ACCEPT,16.2253,2.4654,641,1,8,0.0983,57.80,212.05,21.89,23.49,257.50,121.00,39.00,98.00,0.0000,219.48,1,0,3.2048,ACCEPT,0,585,80,13494,2,100,641,0,0,0,0
168,0,1,1,ACCEPT,17.8324,2.9296,1415,1,8,0.0261,58.48,217.92,22.77,24.43,259.50,129.00,39.00,98.00,0.0000,219.81,1,1,3.1706,ACCEPT,0,1532,81,20423,2,100,1415,0,0,0,0
169,0,1,1,ACCEPT,20.6413,3.8366,1972,2,7,0.0330,59.92,223.28,22.77,24.43,259.50,129.00,39.00,96.00,0.0000,220.73,1,0,3.3323,ACCEPT,0,1418,74,15628,2,100,1972,0,0,0,0
170,0,1,1,ACCEPT,21.7495,3.8921,1623,-1,7,0.0770,59.20,228.64,22.77,24.43,258.00,138.00,36.00,100.00,0.0000,218.49,1,0,3.2336,ACCEPT,0,1174,64,12995,2,100,1623,0,0,0,0
171,0,1,1,ACCEPT,17.6301,2.6848,2027,2,6,0.0153,60.64,233.23,22.77,24.43,255.50,140.00,37.00,108.00,0.0000,216.02,1,0,3.3315,ACCEPT,0,1896,65,12586,2,100,2027,0,0,0,0
172,0,1,1,ACCEPT,21.8698,3.6674,1731,0,8,0.0820,60.64,239.36,22.77,24.43,256.00,144.50,42.00,103.00,0.0000,217.17,1,0,3.2303,ACCEPT,0,1290,55,9617,2,100,1731,0,0,0,0
173,0,1,1,ACCEPT,29.4136,5.3822,1394,0,5,0.0947,60.64,243.19,22.77,24.43,256.50,149.00,37.00,106.00,0.0000,217.33,1,0,3.2803,ACCEPT,0,898,65,10928,2,100,1394,0,0,0,0
174,0,1,1,ACCEPT,26.3369,4.7590,1718,1,5,0.0029,61.36,247.02,22.77,24.43,256.00,150.50,40.00,107.00,0.0000,217.26,1,0,3.2587,ACCEPT,0,1074,56,14229,2,100,1718,0,0,0,0
175,0,1,1,ACCEPT,23.5207,3.4046,2213,2,2,0.4808,62.80,248.55,22.77,24.43,254.50,153.50,39.00,107.00,0.0000,213.97,1,0,3.2538,ACCEPT,0,1478,45,8645,2,100,2213,0,0,0,0
176,0,1,1,ACCEPT,23.1113,3.3208,1408,-1,2,0.3665,62.08,250.08,22.77,24.43,256.50,155.50,43.00,105.00,0.0000,216.21,1,0,3.1738,ACCEPT,0,952,57,8546,2,100,1408,0,0,0,0
177,0,1,1,ACCEPT,24.8657,4.0499,1705,0,5,0.1085,62.08,253.91,22.77,24.43,254.50,156.50,41.00,109.00,0.0000,215.67,1,0,3.2575,ACCEPT,0,1300,57,9468,2,100,1705,0,0,0,0
178,0,1,1,ACCEPT,28.0374,5.4931,1192,0,3,0.4320,62.08,256.20,22.77,24.43,251.00,161.50,46.00,109.00,0.0000,211.33,1,0,3.2255,ACCEPT,0,718,60,8995,2,100,1192,0,0,0,0
179,0,1,1,ACCEPT,24.6563,4.1250,1056,1,-1,0.9138,62.80,255.44,22.77,24.43,248.50,161.50,45.00,109.00,0.0000,208.11,1,0,3.2561,ACCEPT,0,772,69,11990,2,100,1056,0,0,0,0
180,0,1,1,ACCEPT,31.9843,5.0444,1589,-1,2,0.5330,62.08,256.97,22.77,24.43,246.50,164.50,47.00,101.00,0.0000,206.31,1,0,3.1472,ACCEPT,0,892,66,10005,2,100,1589,0,0,0,0
181,0,1,1,ACCEPT,33.3870,4.6770,1202,0,1,0.8186,62.08,257.73,22.77,24.43,243.50,166.00,47.00,102.00,0.0000,203.30,1,0,3.1977,ACCEPT,0,655,71,13025,2,100,1202,0,0,0,0
182,0,1,1,ACCEPT,28.2025,4.9191,1156,-1,1,0.6436,61.36,258.50,22.77,24.43,241.00,167.00,48.00,102.00,0.0000,201.60,1,0,3.0955,ACCEPT,0,691,62,10962,2,100,1156,0,0,0,0
183,0,1,1,ACCEPT,21.4562,4.1198,894,0,2,0.6353,61.36,260.03,22.77,24.43,238.00,170.50,50.00,97.00,0.0000,198.03,1,0,3.1160,ACCEPT,0,627,69,12553,2,100,894,0,0,0,0
184,0,1,1,ACCEPT,23.0574,3.7395,890,-2,2,0.3506,59.92,261.56,22.77,24.43,236.50,170.00,51.00,102.00,0.0000,198.91,1,0,3.2099,ACCEPT,0,636,64,11729,2,100,890,0,0,0,0
185,0,1,1,ACCEPT,24.6148,4.5241,751,-1,0,0.8242,59.20,261.56,22.77,24.43,234.50,172.50,51.00,97.00,0.0000,196.62,1,0,3.2178,ACCEPT,0,534,76,14737,2,100,751,0,0,0,0
186,0,1,1,ACCEPT,25.5925,4.8495,902,-2,0,0.7373,57.77,261.56,22.77,24.43,232.50,172.50,53.00,97.00,0.0000,196.12,1,0,3.0930,ACCEPT,0,592,77,18510,2,100,902,0,0,0,0
187,0,1,1,ACCEPT,17.5296,2.2318,828,0,2,0.6775,57.77,263.09,22.77,24.43,231.00,189.00,54.00,66.00,0.0000,188.41,1,0,3.2158,ACCEPT,0,892,65,15214,2,100,828,0,0,0,0
188,0,1,1,ACCEPT,22.6871,3.6017,868,0,0,1.0000,57.77,263.09,22.77,24.43,232.00,188.00,56.00,66.00,0.0000,189.73,1,0,3.2608,ACCEPT,0,779,61,15022,2,100,868,0,0,0,0
189,0,1,1,ACCEPT,22.5927,3.3266,988,0,1,0.9808,57.77,263.86,22.77,24.43,232.00,188.50,58.00,65.00,0.0000,189.83,1,0,3.1846,ACCEPT,0,841,59,12052,2,100,988,0,0,0,0
190,0,1,1,ACCEPT,25.6253,4.4242,876,0,-1,0.9475,57.77,263.09,22.77,24.43,232.00,188.50,56.00,67.00,0.0000,189.53,1,0,3.2693,ACCEPT,0,652,59,12253,2,100,876,0,0,0,0
191,0,1,1,ACCEPT,26.4971,4.6798,1184,0,2,0.6402,57.77,264.62,22.77,24.43,231.50,190.00,55.00,66.00,0.0000,189.08,1,0,3.2070,ACCEPT,0,779,60,13168,2,100,1184,0,0,0,0
192,0,1,1,ACCEPT,26.9869,6.2975,995,0,0,1.0000,57.77,264.62,22.77,24.43,230.50,190.00,55.00,66.00,0.0000,188.16,1,0,3.2501,ACCEPT,0,616,55,13022,2,100,995,0,0,0,0
193,0,1,1,ACCEPT,27.2138,4.7489,1116,0,0,1.0000,57.77,264.62,22.77,24.43,230.50,191.00,55.00,66.00,0.0000,187.77,1,0,3.2845,ACCEPT,0,736,50,7807,2,100,1116,0,0,0,0
194,0,1,1,ACCEPT,29.6114,6.3438,1015,0,0,1.0000,57.77,264.62,22.77,24.43,231.00,195.00,56.00,60.00,0.0000,186.70,1,0,3.2732,ACCEPT,0,642,50,8024,2,100,1015,0,0,0,0
195,0,1,1,ACCEPT,28.2719,5.8447,941,0,1,0.9745,57.77,265.39,22.77,24.43,230.50,196.00,57.00,62.00,0.0000,186.15,1,0,3.2474,ACCEPT,0,702,52,8401,2,100,941,0,0,0,0
196,0,1,1,ACCEPT,29.3072,5.9738,1141,0,1,0.8396,57.77,266.16,22.77,24.43,230.00,198.50,54.00,59.00,0.0000,185.05,1,0,3.1992,ACCEPT,0,777,54,9459,2,100,1141,0,0,0,0
197,0,1,1,ACCEPT,27.2307,4.8828,1250,0,1,0.8888,57.77,266.92,22.77,24.43,230.50,198.00,55.00,64.00,0.0000,185.98,1,0,3.2227,ACCEPT,0,983,49,8052,2,100,1250,0,0,0,0
198,0,1,1,ACCEPT,28.4601,5.9505,1202,0,1,0.9160,57.77,267.69,22.77,24.43,230.50,202.50,55.00,57.00,0.0000,184.63,1,0,3.2275,ACCEPT,0,874,59,13427,2,100,1202,0,0,0,0
199,0,1,1,ACCEPT,14.0558,2.3605,812,0,2,0.5197,57.77,269.22,22.77,24.43,228.00,188.50,56.00,91.00,0.0000,188.40,1,0,3.2232,ACCEPT,0,945,62,11663,2,100,812,0,0,0,0
200,0,1,1,ACCEPT,18.2205,3.0996,809,0,3,0.2546,57.77,271.52,22.77,24.43,228.50,194.50,55.00,97.00,0.0000,187.30,1,0,3.2410,ACCEPT,0,762,62,9114,2,100,809,0,0,0,0
201,0,1,1,ACCEPT,18.0298,3.2399,959,-1,0,0.8384,57.05,271.52,22.77,24.43,227.00,199.00,54.00,92.00,0.0000,184.78,1,0,3.1506,ACCEPT,0,880,60,13140,2,100,959,0,0,0,0
202,0,1,1,ACCEPT,18.9498,2.8516,1172,0,2,0.6886,57.05,273.05,22.77,24.43,226.50,200.50,55.00,93.00,0.0000,184.33,1,0,3.2024,ACCEPT,0,961,67,12493,2,100,1172,0,0,0,0
203,0,1,1,ACCEPT,20.9662,3.4068,1298,0,2,0.6448,57.05,274.58,22.77,24.43,228.00,201.50,54.00,93.00,0.0000,185.92,1,0,3.2377,ACCEPT,0,996,68,12583,2,100,1298,0,0,0,0
204,0,1,1,ACCEPT,18.8634,3.6954,1286,1,1,0.7986,57.77,275.34,22.77,24.43,228.50,205.00,55.00,90.00,0.0000,184.66,1,0,3.1913,ACCEPT,0,1019,74,19057,2,100,1286,0,0,0,0
205,0,1,1,ACCEPT,21.8962,4.7419,1470,0,3,0.5095,57.77,277.64,22.77,24.43,230.00,207.00,54.00,80.00,0.0000,186.16,1,0,3.2034,ACCEPT,0,1171,64,11973,2,100,1470,0,0,0,0
206,0,1,1,ACCEPT,24.4882,4.4256,1279,1,1,0.7936,58.48,278.41,22.77,24.43,230.50,209.00,53.00,80.00,0.0000,185.49,1,0,3.2334,ACCEPT,0,821,70,16794,2,100,1279,0,0,0,0
207,0,1,1,ACCEPT,28.6232,5.7967,1426,2,3,0.2770,59.92,280.70,22.77,24.43,230.50,208.50,57.00,89.00,0.0000,185.23,1,0,3.2808,ACCEPT,0,890,74,21055,2,100,1426,0,0,0,0
208,0,1,1,ACCEPT,24.6192,5.4728,1308,1,1,0.8922,60.64,281.47,22.77,24.43,230.50,215.50,55.00,79.00,0.0000,182.22,1,0,3.2315,ACCEPT,0,933,67,16246,2,100,1308,0,0,0,0
209,0,1,1,ACCEPT,29.1814,5.6882,1496,-1,3,0.2714,59.92,283.77,22.77,24.43,227.50,219.50,53.00,75.00,0.0000,179.48,1,0,3.1782,ACCEPT,0,987,63,13381,2,100,1496,0,0,0,0
210,0,1,1,ACCEPT,26.2409,5.7263,1025,1,1,0.8810,60.64,284.53,22.77,24.43,227.00,221.50,54.00,77.00,0.0000,177.90,1,0,3.1815,ACCEPT,0,768,64,11967,2,100,1025,0,0,0,0
211,0,1,1,ACCEPT,14.9883,3.5385,1012,-2,2,0.2470,59.20,286.06,22.77,24.43,225.50,226.50,59.00,85.00,0.0000,176.64,1,0,3.1416,ACCEPT,0,1180,50,11303,2,100,1012,0,0,0,0
212,0,1,1,ACCEPT,22.7414,4.9020,1201,0,3,0.4280,59.20,288.36,22.77,24.43,223.50,226.50,59.00,87.00,0.0000,175.56,1,0,3.2231,ACCEPT,0,831,53,11357,2,100,1201,0,0,0,0
213,0,1,1,ACCEPT,28.1751,5.0359,1541,-1,2,0.5133,58.48,289.89,22.77,24.43,223.00,225.50,56.00,83.00,0.0000,176.67,1,0,3.2034,ACCEPT,0,930,47,9828,2,100,1541,0,0,0,0
214,0,1,1,ACCEPT,23.0633,4.8643,1255,0,3,0.5259,58.48,292.19,22.77,24.43,220.00,227.00,60.00,84.00,0.0000,174.17,1,0,3.2153,ACCEPT,0,829,59,13536,2,100,1255,0,0,0,0
215,0,1,1,ACCEPT,22.2413,4.2832,1225,-1,3,0.3510,57.77,294.48,22.77,24.43,217.50,228.00,59.00,80.00,0.0000,173.02,1,0,3.2714,ACCEPT,0,976,55,9886,2,100,1225,0,0,0,0
216,0,1,1,ACCEPT,18.9950,4.1250,858,-2,3,0.1212,56.33,296.78,22.77,24.43,217.00,238.50,60.00,73.00,0.0000,170.92,1,0,3.2394,ACCEPT,0,812,51,7904,2,100,858,0,0,0,0
217,0,1,1,ACCEPT,16.7055,4.4932,656,1,2,0.6768,57.05,298.31,22.77,24.43,214.00,237.00,60.00,72.00,0.0000,168.50,1,0,3.2860,ACCEPT,0,766,60,12135,2,100,656,0,0,0,0
218,0,1,1,ACCEPT,19.6516,3.5388,913,0,4,0.3231,57.05,301.38,22.77,24.43,213.00,239.00,54.00,76.00,0.0000,167.96,1,0,3.2459,ACCEPT,0,786,59,10913,2,100,913,0,0,0,0
219,0,1,1,ACCEPT,21.5249,4.7033,983,1,3,0.5412,57.77,303.67,22.77,24.43,215.00,240.50,58.00,77.00,0.0000,169.45,1,0,3.2735,ACCEPT,0,812,64,13480,2,100,983,0,0,0,0
220,0,1,1,ACCEPT,18.9352,4.5484,1128,0,2,0.6410,57.77,305.20,22.77,24.43,212.00,245.50,56.00,77.00,0.0000,165.39,1,0,3.0930,ACCEPT,0,1040,66,14930,2,100,1128,0,0,0,0
221,0,1,1,ACCEPT,23.1771,4.8778,1078,1,5,0.1364,58.48,309.03,22.77,24.43,214.00,254.00,60.00,70.00,0.0000,164.97,1,0,3.2047,ACCEPT,0,730,64,12651,2,100,1078,0,0,0,0
222,0,1,1,ACCEPT,22.9376,4.0991,910,1,3,0.5352,59.20,311.33,22.77,24.43,214.00,259.50,56.00,71.00,0.0000,163.24,1,0,3.1795,ACCEPT,0,667,68,14538,2,100,910,0,0,0,0
223,0,1,1,ACCEPT,13.6219,2.7537,1118,1,5,0.0492,59.92,315.16,22.77,24.43,213.50,259.50,61.00,83.00,0.0000,163.35,1,0,3.1958,ACCEPT,0,1108,43,8425,2,100,1118,0,0,0,0
224,0,1,1,ACCEPT,18.4620,3.7941,1032,0,3,0.3886,59.92,317.45,22.77,24.43,214.50,264.50,63.00,81.00,0.0000,163.40,1,0,3.1759,ACCEPT,0,916,53,9821,2,100,1032,0,0,0,0
225,0,1,1,ACCEPT,19.2882,3.6746,1242,0,3,0.3937,59.92,319.75,22.77,24.43,215.00,266.00,66.00,84.00,0.0000,164.13,1,0,3.1375,ACCEPT,0,971,54,10055,2,100,1242,0,0,0,0
226,0,1,1,ACCEPT,20.6564,3.4677,1127,1,1,0.9228,60.64,320.52,22.77,24.43,216.00,269.50,68.00,85.00,0.0000,163.52,1,0,3.1070,ACCEPT,0,936,60,10684,2,100,1127,0,0,0,0
227,0,1,1,ACCEPT,21.9112,3.9916,1433,0,3,0.4445,60.64,322.81,22.77,24.43,215.50,273.00,65.00,86.00,0.0000,162.67,1,0,3.1278,ACCEPT,0,1244,63,11859,2,100,1433,0,0,0,0
228,0,1,1,ACCEPT,23.7851,3.3523,1475,0,3,0.3200,60.64,325.11,22.77,24.43,211.50,276.50,61.00,83.00,0.0000,158.50,1,0,3.1020,ACCEPT,0,1103,67,11934,2,100,1475,0,0,0,0
229,0,1,1,ACCEPT,24.7467,3.8754,1337,0,4,0.0711,60.64,328.17,22.77,24.43,214.50,277.00,73.00,92.00,0.0000,162.15,1,0,3.1276,ACCEPT,0,1064,63,11899,2,100,1337,0,0,0,0
230,0,1,1,ACCEPT,26.6107,3.5083,1270,0,4,0.1244,60.64,331.23,22.77,24.43,208.50,278.50,65.00,93.00,0.0000,156.98,1,0,3.1127,ACCEPT,0,927,64,12765,2,100,1270,0,0,0,0
231,0,1,1,ACCEPT,20.2989,3.1069,988,-1,4,0.0567,59.92,334.30,22.77,24.43,203.00,283.50,62.00,95.00,0.0000,151.83,1,0,3.1076,ACCEPT,0,865,65,12225,2,100,988,0,0,0,0
232,0,1,1,ACCEPT,26.1755,3.7575,1131,-1,4,0.0027,59.20,337.36,22.77,24.43,201.50,287.50,61.00,95.00,0.0000,150.78,1,0,3.1661,ACCEPT,0,857,62,10725,2,100,1131,0,0,0,0
233,0,1,1,ACCEPT,27.0556,5.3385,1041,-2,4,0.0077,57.77,340.42,22.77,24.43,198.00,289.00,62.00,100.00,0.0000,149.36,1,0,3.1609,ACCEPT,0,752,58,9960,2,100,1041,0,0,0,0
234,0,1,1,ACCEPT,25.7928,5.1710,998,-3,4,0.0581,55.61,343.48,22.77,24.43,193.00,296.50,56.00,95.00,0.0000,145.20,1,0,3.1270,ACCEPT,0,789,65,13651,2,100,998,0,0,0,0
235,0,1,1,ACCEPT,14.4822,2.9720,957,-2,5,0.1473,54.17,347.31,22.77,24.43,189.00,303.00,54.00,94.00,0.0000,141.92,1,0,3.1233,ACCEPT,0,1074,47,7649,2,100,957,0,0,0,0
236,0,1,1,ACCEPT,14.6417,2.4000,840,-3,3,0.0464,52.02,349.61,22.77,24.43,186.00,306.50,52.00,89.00,0.0000,140.75,1,0,3.1020,ACCEPT,0,927,62,7720,2,100,840,0,0,0,0
237,0,1,1,ACCEPT,19.2933,3.2815,886,-3,6,0.0847,49.86,354.20,22.77,24.43,181.00,319.00,48.00,98.00,0.0000,135.78,1,0,2.9634,ACCEPT,0,900,59,9580,2,100,886,0,0,0,0
238,0,1,1,ACCEPT,20.2455,2.9838,1471,-3,9,0.0252,47.70,361.09,22.77,24.43,178.00,333.00,52.00,84.00,0.0000,133.29,1,0,3.0981,ACCEPT,0,1331,61,7894,2,100,1471,0,0,0,0
239,0,1,1,ACCEPT,22.0230,3.6898,1487,-3,7,0.0188,45.55,366.45,22.77,24.43,172.50,330.00,53.00,106.00,0.0000,132.08,1,0,3.1132,ACCEPT,0,1159,59,10605,2,100,1487,0,0,0,0
240,0,1,1,ACCEPT,21.1553,4.2628,1411,-2,7,0.0347,44.11,371.81,22.77,24.43,169.50,335.00,55.00,110.00,0.0000,130.68,1,0,3.1413,ACCEPT,0,1120,44,7698,2,100,1411,0,0,0,0
241,0,1,1,ACCEPT,21.8684,4.1449,1173,0,6,0.0026,44.11,376.41,22.77,24.43,167.50,340.00,57.00,110.00,0.0000,128.65,1,0,3.1937,ACCEPT,0,925,59,8735,2,100,1173,0,0,0,0
242,0,1,1,ACCEPT,21.4739,4.3309,1165,-2,7,0.0292,42.67,381.77,22.77,24.43,165.00,351.00,58.00,100.00,0.0000,126.14,1,0,3.2474,ACCEPT,0,962,58,8578,2,100,1165,0,0,0,0
243,0,1,1,ACCEPT,22.1313,4.9487,1158,-2,5,0.0345,41.23,385.59,22.77,24.43,162.50,356.00,57.00,104.00,0.0000,124.82,1,0,3.1403,ACCEPT,0,977,60,10054,2,100,1158,0,0,0,0
244,0,1,1,ACCEPT,18.4637,3.8308,1019,0,5,0.1580,41.23,389.42,22.77,24.43,162.50,362.00,63.00,104.00,0.0000,124.33,1,0,3.1342,ACCEPT,0,828,66,11446,2,100,1019,0,0,0,0
245,0,1,1,ACCEPT,24.2923,4.2603,1244,-1,6,0.1061,40.52,394.02,22.77,24.43,162.00,369.00,62.00,100.00,0.0000,124.03,1,0,3.2090,ACCEPT,0,943,56,10503,2,100,1244,0,0,0,0
246,0,1,1,ACCEPT,18.4402,3.1502,797,-2,4,0.0075,39.08,397.08,22.77,24.43,159.50,374.00,61.00,98.00,0.0000,122.61,1,0,3.1890,ACCEPT,0,774,40,8539,2,100,797,0,0,0,0
247,0,1,1,ACCEPT,14.8144,2.5265,859,-1,2,0.5576,38.36,398.61,22.77,24.43,161.00,375.50,66.00,103.00,0.0000,124.80,1,0,3.0384,ACCEPT,0,825,52,8763,2,100,859,0,0,0,0
248,0,1,1,ACCEPT,18.0775,2.5244,1757,0,2,0.7063,38.36,400.14,22.77,24.43,162.00,378.00,70.00,100.00,0.0000,125.61,1,0,2.8759,ACCEPT,0,1529,59,13248,2,100,1757,0,0,0,0
249,0,1,1,ACCEPT,14.5574,3.0526,2033,1,3,0.4825,39.08,402.44,22.77,24.43,159.50,383.00,67.00,104.00,0.0000,121.98,1,0,3.0110,ACCEPT,0,2221,65,13089,2,100,2033,0,0,0,0
250,0,1,1,ACCEPT,20.3633,3.3978,3109,1,3,0.2908,39.80,404.73,22.77,24.43,161.50,384.00,69.00,102.00,0.0000,123.46,1,0,3.1102,ACCEPT,0,2545,64,17162,2,100,3109,0,0,0,0
251,0,1,1,ACCEPT,20.6672,4.3122,3135,1,2,0.5537,40.52,406.27,22.77,24.43,162.50,386.50,73.00,103.00,0.0000,123.58,1,0,2.8712,ACCEPT,0,2431,49,13255,2,100,3135,0,0,0,0
252,0,1,1,ACCEPT,18.3562,3.6087,2970,1,3,0.2667,41.23,408.56,22.77,24.43,160.50,389.50,69.00,103.00,0.0000,120.78,1,0,3.0402,ACCEPT,0,2367,52,13136,2,100,2970,0,0,0,0
253,0,1,1,ACCEPT,16.2207,2.8943,2217,3,1,0.5124,43.39,409.33,21.89,23.49,158.50,393.00,69.00,106.00,0.0000,116.26,1,-1,2.7256,ACCEPT,0,2050,59,10437,2,100,2217,0,0,0,0
254,0,1,1,ACCEPT,16.7356,3.2611,2211,1,2,0.5975,44.08,410.80,21.89,23.49,161.50,389.50,75.00,109.00,0.0000,119.34,1,0,3.0058,ACCEPT,0,2023,68,14979,2,100,2211,0,0,0,0
255,0,1,1,ACCEPT,17.3056,3.3400,2014,2,1,0.7959,45.45,411.53,21.05,22.59,159.00,389.00,78.00,104.00,0.0000,115.76,1,-1,2.7774,ACCEPT,0,1751,64,9898,2,100,2014,0,0,0,0
256,0,1,1,ACCEPT,17.1974,2.8608,1685,3,0,0.3608,47.42,411.53,21.05,22.59,156.50,386.00,73.00,108.00,0.0000,112.03,1,-1,2.6353,OUT_OF_RANGE,0,1693,77,12363,2,100,1685,0,0,0,0
257,0,1,1,ACCEPT,17.2092,2.3989,1756,2,1,0.7432,48.73,412.23,21.05,22.59,156.00,392.50,74.00,107.00,0.0000,109.07,1,-1,2.6587,OUT_OF_RANGE,0,1630,72,9232,2,100,1756,0,0,0,0
258,0,1,1,ACCEPT,17.0668,3.2588,1750,2,2,0.7749,50.05,413.64,21.05,22.59,158.00,388.00,80.00,102.00,0.0000,110.96,1,0,2.9988,ACCEPT,0,1850,75,8009,2,100,1750,0,0,0,0
259,0,1,1,ACCEPT,11.2405,2.0651,1173,4,1,0.7545,52.67,414.34,21.05,22.59,154.00,387.50,78.00,115.00,0.0000,104.82,1,0,3.0148,ACCEPT,0,1738,73,3353,2,100,1173,0,0,0,0
260,0,1,1,ACCEPT,15.1057,3.1280,660,3,0,0.5424,54.64,414.34,21.05,22.59,154.50,387.50,79.00,111.00,0.0000,103.40,1,0,3.0844,ACCEPT,0,804,60,2702,2,100,660,0,0,0,0
261,0,1,1,ACCEPT,15.8427,3.4802,703,3,-1,0.3755,56.61,413.64,21.05,22.59,154.50,386.00,75.00,112.00,0.0000,101.72,1,0,3.1344,ACCEPT,0,687,54,2863,2,100,703,0,0,0,0
262,0,1,1,ACCEPT,12.3544,2.8739,684,2,-1,0.6637,57.92,412.94,21.05,22.59,153.50,387.50,79.00,109.00,0.0000,98.91,1,0,3.0988,ACCEPT,0,872,62,2967,2,100,684,0,0,0,0
263,0,1,1,ACCEPT,15.3760,3.1107,927,3,-1,0.3463,59.89,412.23,21.05,22.59,154.00,386.00,80.00,112.00,0.0000,97.70,1,0,3.0973,ACCEPT,0,982,64,4750,2,100,927,0,0,0,0
264,0,1,1,ACCEPT,16.8536,3.5982,1209,2,0,0.7452,61.20,412.23,21.05,22.59,151.50,385.00,73.00,112.00,0.0000,94.31,1,0,3.0431,ACCEPT,0,1242,67,5723,2,100,1209,0,0,0,0
265,0,1,1,ACCEPT,17.8592,3.8622,1514,1,1,0.9359,61.86,412.94,21.05,22.59,151.50,384.50,77.00,115.00,0.0000,94.04,1,0,3.1071,ACCEPT,0,1549,59,4736,2,100,1514,0,0,0,0
0,0,0,0,ZERO_RESPONSE,0.0000,0.0000,0,0,0,0.0000,75.00,253.50,100.00,13.00,75.00,253.50,100.00,13.00,1.0000,0.00,1,0,0.0000,NOT_RUN,0,0,1065,19674,3,150,0,0,0,0,0
1,0,1,1,ACCEPT,28.3352,4.2669,1263,0,0,1.0000,75.00,253.50,104.00,13.52,73.00,252.50,100.00,13.00,0.8283,2.24,1,1,3.0804,ACCEPT,0,736,932,28727,3,150,1263,0,0,0,0
2,0,1,1,ACCEPT,19.1286,2.9308,1313,0,0,1.0000,75.00,253.50,108.16,14.06,74.50,253.50,107.00,13.00,0.9146,0.50,1,1,3.0071,ACCEPT,0,1114,1007,16343,3,150,1313,0,0,0,0
3,0,1,1,ACCEPT,16.0760,2.7586,1280,0,1,0.8891,75.00,253.94,112.49,14.62,85.00,253.00,102.00,16.00,0.7438,10.04,1,1,3.0558,ACCEPT,0,1087,796,14461,3,150,1280,0,0,0,0
4,0,1,1,ACCEPT,12.3554,1.9915,1408,0,-1,0.8388,75.00,253.48,116.99,15.21,84.00,252.50,100.00,13.00,0.7243,9.05,1,1,2.7209,ACCEPT,0,1309,649,14685,3,150,1408,0,0,0,0
5,0,1,1,ACCEPT,6.0707,1.0380,1065,-1,2,0.6958,71.34,254.42,112.49,14.62,98.50,252.00,87.00,12.00,0.4164,27.26,1,-1,2.8958,ACCEPT,0,2267,691,15883,3,150,1065,0,0,0,0
6,0,1,1,ACCEPT,6.7818,1.4443,1479,0,-3,0.5747,71.34,253.06,112.49,14.62,97.00,252.00,92.00,14.00,0.5290,25.68,1,0,2.8563,ACCEPT,0,2745,457,12887,3,150,1479,0,0,0,0
7,0,1,1,ACCEPT,7.3885,1.7373,1098,0,1,0.9763,71.34,253.52,116.99,15.21,112.50,251.50,71.00,17.00,0.3321,41.21,1,1,2.8875,ACCEPT,0,2268,618,8748,3,150,1098,0,0,0,0
8,0,1,1,ACCEPT,11.7866,2.4857,1213,0,-1,0.8772,71.34,253.05,121.67,15.82,112.00,253.00,76.00,18.00,0.3879,40.66,1,1,2.7795,ACCEPT,0,1873,261,10106,3,150,1213,0,0,0,0
9,0,1,1,ACCEPT,11.8954,2.2938,1452,0,-1,0.9346,71.34,252.55,121.67,15.82,116.50,253.00,61.00,18.00,0.3187,45.16,1,0,2.9051,ACCEPT,0,2108,262,11770,3,150,1452,0,0,0,0
10,0,1,1,ACCEPT,12.7196,2.7343,1564,0,-1,0.8421,71.34,252.05,121.67,15.82,121.00,253.00,70.00,18.00,0.2976,49.67,1,0,2.9475,ACCEPT,0,2216,252,13056,3,150,1564,0,0,0,0
11,0,1,1,ACCEPT,13.8846,3.1793,1809,0,-1,0.9707,71.34,251.55,121.67,15.82,124.00,251.50,76.00,19.00,0.2769,52.66,1,0,2.9128,ACCEPT,0,2241,248,14761,3,150,1809,0,0,0,0
12,0,1,1,ACCEPT,14.8496,3.5116,2114,0,-3,0.4598,71.34,250.05,121.67,15.82,131.50,252.00,59.00,16.00,0.1721,60.19,1,0,3.0051,ACCEPT,0,2298,258,16468,3,150,2114,0,0,0,0
13,0,1,1,ACCEPT,18.6556,4.6848,2497,0,-1,0.9139,71.34,249.55,121.67,15.82,133.00,251.50,58.00,17.00,0.1627,61.69,1,0,3.0597,ACCEPT,0,2104,219,17142,3,150,2497,0,0,0,0
14,0,1,1,ACCEPT,18.5490,3.9692,2703,0,-4,0.2309,71.34,247.55,121.67,15.82,139.50,251.50,63.00,13.00,0.1015,68.27,1,0,3.0063,ACCEPT,0,2164,305,14062,3,150,2703,0,0,0,0
15,0,1,1,ACCEPT,20.4740,4.8069,2514,0,-3,0.4574,71.34,246.05,116.99,15.21,139.50,250.00,65.00,12.00,0.0942,68.27,1,-1,3.0185,ACCEPT,0,1895,365,10220,3,150,2514,0,0,0,0
16,0,1,1,ACCEPT,20.9577,4.8255,2461,0,-1,0.8066,71.34,245.58,116.99,15.21,145.00,251.00,66.00,16.00,0.0684,73.86,1,0,3.1839,ACCEPT,0,1685,301,12679,3,150,2461,0,0,0,0
17,0,1,1,ACCEPT,19.4585,4.3084,2654,1,-4,0.2585,75.00,243.70,121.67,15.82,144.00,249.50,72.00,19.00,0.1088,69.24,1,1,2.7136,ACCEPT,0,1943,273,10929,3,150,2654,0,0,0,0
18,0,1,1,ACCEPT,22.4033,5.2358,2864,0,-3,0.4602,75.00,242.20,121.67,15.82,147.00,248.00,76.00,18.00,0.0996,72.23,1,0,2.9190,ACCEPT,0,2063,410,8592,3,150,2864,0,0,0,0
19,0,1,1,ACCEPT,26.6159,6.0312,3094,0,-2,0.7094,75.00,241.20,121.67,15.82,147.50,245.00,77.00,18.00,0.1189,72.60,1,0,3.1021,ACCEPT,0,1940,328,10573,3,150,3094,0,0,0,0
20,0,1,1,ACCEPT,28.9782,5.9939,3902,0,-3,0.3870,75.00,239.70,121.67,15.82,150.50,244.00,81.00,18.00,0.1066,75.62,1,0,3.1175,ACCEPT,0,2237,322,11354,3,150,3902,0,0,0,0
21,0,1,1,ACCEPT,29.1454,7.1393,3741,0,-5,0.1088,75.00,237.20,121.67,15.82,152.00,240.50,78.00,23.00,0.1076,77.07,1,0,3.1227,ACCEPT,0,2276,346,12496,3,150,3741,0,0,0,0
22,0,1,1,ACCEPT,30.1649,6.4768,3491,0,-2,0.7671,75.00,236.20,121.67,15.82,161.00,239.50,64.00,17.00,0.0307,86.06,1,0,3.1641,ACCEPT,0,2272,323,16689,3,150,3491,0,0,0,0
23,0,1,1,ACCEPT,29.5321,6.6583,3702,0,-2,0.5251,75.00,235.20,121.67,15.82,162.50,240.00,61.00,20.00,0.0162,87.63,1,0,3.1416,ACCEPT,0,2423,360,15777,3,150,3702,0,0,0,0
24,0,1,1,ACCEPT,31.5887,6.1943,3506,0,-3,0.2955,75.00,233.70,121.67,15.82,163.50,236.50,57.00,21.00,0.0042,88.54,1,0,3.0756,ACCEPT,0,2235,384,16094,3,150,3506,0,0,0,0
25,0,1,1,ACCEPT,33.4762,6.3639,3812,0,-4,0.1647,75.00,231.70,121.67,15.82,166.00,235.00,56.00,22.00,0.0000,91.06,1,0,3.0676,ACCEPT,0,2209,407,14889,3,150,3812,0,0,0,0
26,0,1,1,ACCEPT,33.4917,6.8224,4073,0,-3,0.4184,75.00,230.20,116.99,15.21,169.50,234.00,55.00,26.00,0.0000,94.58,1,-1,2.9041,ACCEPT,0,2380,356,9147,3,150,4073,0,0,0,0
27,0,1,1,ACCEPT,30.7237,6.1850,2641,1,0,0.9856,78.66,230.20,121.67,15.82,170.50,232.00,57.00,28.00,0.0000,91.86,1,1,2.5577,ACCEPT,0,1819,275,13940,3,150,2641,0,0,0,0
28,0,1,1,ACCEPT,31.7313,6.2516,3976,-1,-1,0.8073,74.86,229.70,116.99,15.21,171.00,231.00,54.00,30.00,0.0000,96.15,1,-1,2.9652,ACCEPT,0,2436,403,12792,3,150,3976,0,0,0,0
29,0,1,1,ACCEPT,31.6793,6.3681,3356,1,-3,0.3412,78.52,228.30,121.67,15.82,173.00,230.00,56.00,32.00,0.0000,94.50,1,1,2.6933,ACCEPT,0,2014,285,13476,3,150,3356,0,0,0,0
30,0,1,1,ACCEPT,32.7774,7.0748,3785,0,-1,0.9273,78.52,227.80,126.53,16.45,174.50,229.50,57.00,31.00,0.0000,96.00,1,1,2.9893,ACCEPT,0,2248,385,12509,3,150,3785,0,0,0,0
31,0,1,1,ACCEPT,35.2787,7.1678,4057,0,-3,0.3488,78.52,226.25,126.53,16.45,176.50,230.00,57.00,30.00,0.0000,98.06,1,0,3.0010,ACCEPT,0,2270,321,14944,3,150,4057,0,0,0,0
32,0,1,1,ACCEPT,34.0555,7.4545,3772,0,-1,0.8987,78.52,225.73,121.67,15.82,179.50,226.50,57.00,35.00,0.0000,100.99,1,-1,2.8792,ACCEPT,0,2238,379,13262,3,150,3772,0,0,0,0
33,0,1,1,ACCEPT,37.0621,7.4313,3567,1,-2,0.7009,82.31,224.73,126.53,16.45,184.50,226.00,53.00,34.00,0.0000,102.20,1,1,2.8674,ACCEPT,0,2004,313,12971,3,150,3567,0,0,0,0
34,0,1,1,ACCEPT,38.0591,8.3665,3196,0,-3,0.4706,82.31,223.19,126.53,16.45,185.50,226.00,53.00,34.00,0.0000,103.23,1,0,3.0289,ACCEPT,0,1713,280,15404,3,150,3196,0,0,0,0
35,0,1,1,ACCEPT,35.4499,7.0447,3311,0,-1,0.9471,82.31,222.67,126.53,16.45,188.00,225.50,52.00,35.00,0.0000,105.73,1,0,2.7802,ACCEPT,0,1867,416,16998,3,150,3311,0,0,0,0
36,0,1,1,ACCEPT,37.9219,8.2645,3281,1,-2,0.4931,86.27,221.64,126.53,16.45,189.50,225.00,55.00,36.00,0.0000,103.29,1,0,2.9335,ACCEPT,0,1703,339,16693,3,150,3281,0,0,0,0
37,0,1,1,ACCEPT,38.8433,7.3618,3276,0,-2,0.7149,86.27,220.61,126.53,16.45,194.00,224.00,56.00,40.00,0.0000,107.79,1,0,2.9677,ACCEPT,0,1647,460,15590,3,150,3276,0,0,0,0
38,0,1,1,ACCEPT,36.1600,8.0752,2899,1,-2,0.7816,90.22,219.58,126.53,16.45,195.50,223.50,57.00,43.00,0.0000,105.35,1,0,2.6051,ACCEPT,0,1590,318,15123,3,150,2899,0,0,0,0
39,0,1,1,ACCEPT,40.7131,8.2944,3127,0,-1,0.9063,90.22,219.06,126.53,16.45,198.00,224.00,56.00,46.00,0.0000,107.89,1,0,3.0324,ACCEPT,0,1553,419,14286,3,150,3127,0,0,0,0
40,0,1,1,ACCEPT,35.4399,6.3937,3069,0,0,1.0000,90.22,219.06,126.53,16.45,200.50,223.50,57.00,49.00,0.0000,110.37,1,0,2.7742,ACCEPT,0,1659,380,16493,3,150,3069,0,0,0,0
41,0,1,1,ACCEPT,34.5894,8.7947,2999,1,-1,0.9413,94.17,218.55,126.53,16.45,204.50,222.50,51.00,53.00,0.0000,110.40,1,0,2.8048,ACCEPT,0,1636,594,11706,3,150,2999,0,0,0,0
42,0,1,1,ACCEPT,38.7694,8.9021,4184,0,-2,0.6362,94.17,217.52,126.53,16.45,205.50,222.50,53.00,55.00,0.0000,111.44,1,0,2.9872,ACCEPT,0,2207,424,12213,3,150,4184,0,0,0,0
43,0,1,1,ACCEPT,39.2236,9.1574,3608,0,-1,0.9174,94.17,217.00,126.53,16.45,206.00,221.00,52.00,56.00,0.0000,111.90,1,0,2.9551,ACCEPT,0,1996,373,11320,3,150,3608,0,0,0,0
44,0,1,1,ACCEPT,37.0504,8.5898,3204,0,-1,0.9554,94.17,216.48,126.53,16.45,207.00,218.50,52.00,59.00,0.0000,112.85,1,0,2.9044,ACCEPT,0,1854,378,10473,3,150,3204,0,0,0,0
45,0,1,1,ACCEPT,39.0504,9.9228,3086,0,-1,0.8675,94.17,215.97,126.53,16.45,207.00,217.00,52.00,60.00,0.0000,112.83,1,0,2.9355,ACCEPT,0,1711,428,8755,3,150,3086,0,0,0,0
46,0,1,1,ACCEPT,39.0974,9.2899,2564,0,-4,0.2453,94.17,213.91,126.53,16.45,206.50,213.00,53.00,72.00,0.0000,112.33,1,0,2.9279,ACCEPT,0,1468,418,9520,3,150,2564,0,0,0,0
47,0,1,1,ACCEPT,37.1088,8.0424,2654,0,-3,0.3440,94.17,212.36,126.53,16.45,208.00,209.50,54.00,73.00,0.0000,113.86,1,0,2.9635,ACCEPT,0,1619,382,12204,3,150,2654,0,0,0,0
48,0,1,1,ACCEPT,39.4148,8.8449,3193,0,-3,0.2803,94.17,210.81,126.53,16.45,208.00,210.00,56.00,70.00,0.0000,113.83,1,0,2.9692,ACCEPT,0,1817,399,13305,3,150,3193,0,0,0,0
49,0,1,1,ACCEPT,37.6927,8.4352,3256,0,-5,0.0605,94.17,208.23,126.53,16.45,208.50,208.50,53.00,67.00,0.0000,114.33,1,0,2.9702,ACCEPT,0,1866,439,15268,3,150,3256,0,0,0,0
50,0,1,1,ACCEPT,39.8786,8.1834,3658,0,-3,0.4183,94.17,206.69,126.53,16.45,208.50,208.50,55.00,65.00,0.0000,114.34,1,0,3.0090,ACCEPT,0,2096,377,12494,3,150,3658,0,0,0,0
51,0,1,1,ACCEPT,40.1145,8.3349,3509,0,-5,0.0182,94.17,204.11,126.53,16.45,208.50,204.50,55.00,71.00,0.0000,114.33,1,0,3.0220,ACCEPT,0,1908,403,12523,3,150,3509,0,0,0,0
52,0,1,1,ACCEPT,40.6716,8.5816,3630,0,-3,0.3014,94.17,202.56,126.53,16.45,209.50,202.50,55.00,75.00,0.0000,115.33,1,0,3.0627,ACCEPT,0,1942,448,12311,3,150,3630,0,0,0,0
53,0,1,1,ACCEPT,33.7033,9.3828,2843,0,-6,0.0046,94.17,199.47,126.53,16.45,211.00,198.00,54.00,76.00,0.0000,116.84,1,0,2.9071,ACCEPT,0,2088,352,12332,3,150,2843,0,0,0,0
54,0,1,1,ACCEPT,32.1981,6.0313,2696,0,-2,0.7077,94.17,198.44,126.53,16.45,210.00,196.50,52.00,77.00,0.0000,115.84,1,0,2.6498,ACCEPT,0,1827,338,14522,3,150,2696,0,0,0,0
55,0,1,1,ACCEPT,32.0084,7.3668,2711,1,-5,0.1638,98.12,195.86,126.53,16.45,213.00,190.00,52.00,80.00,0.0000,115.02,1,0,2.8209,ACCEPT,0,1746,281,14073,3,150,2711,0,0,0,0
56,0,1,1,ACCEPT,34.4654,7.5935,2802,0,-6,0.0082,98.12,192.77,126.53,16.45,215.00,190.50,54.00,81.00,0.0000,116.90,1,0,2.9453,ACCEPT,0,1821,327,10391,3,150,2802,0,0,0,0
57,0,1,1,ACCEPT,32.3810,7.7423,2013,0,-6,0.0015,98.12,189.67,121.67,15.82,215.50,184.50,53.00,85.00,0.0000,117.49,1,-1,2.5257,ACCEPT,0,1363,348,12372,3,150,2013,0,0,0,0
58,0,1,1,ACCEPT,33.1869,5.9079,2824,1,-5,0.0935,101.92,187.17,126.53,16.45,217.50,181.00,51.00,84.00,0.0000,115.74,1,1,2.8705,ACCEPT,0,1740,394,15269,3,150,2824,0,0,0,0
59,0,1,1,ACCEPT,37.0025,9.1200,3192,0,-4,0.1024,101.92,185.11,126.53,16.45,220.50,178.00,53.00,86.00,0.0000,118.79,1,0,2.8870,ACCEPT,0,1793,419,17342,3,150,3192,0,0,0,0
60,0,1,1,ACCEPT,34.6980,7.9719,3117,1,-5,0.0844,105.88,182.53,126.53,16.45,221.00,175.50,50.00,95.00,0.0000,115.34,1,0,2.8749,ACCEPT,0,1870,355,18297,3,150,3117,0,0,0,0
61,0,1,1,ACCEPT,36.8678,9.3098,3426,0,-5,0.0003,105.88,179.95,126.53,16.45,224.00,176.00,52.00,90.00,0.0000,118.19,1,0,2.9314,ACCEPT,0,1935,352,10255,3,150,3426,0,0,0,0
62,0,1,1,ACCEPT,34.9838,8.0800,2222,0,-3,0.3362,105.88,178.41,126.53,16.45,224.50,169.00,49.00,96.00,0.0000,119.00,1,0,2.6249,ACCEPT,0,1304,531,16747,3,150,2222,0,0,0,0
63,0,1,1,ACCEPT,32.1128,5.0359,3228,1,-2,0.5335,109.83,177.38,131.59,17.11,226.50,166.50,51.00,97.00,0.0000,117.18,1,1,2.7812,ACCEPT,0,2023,360,15648,3,150,3228,0,0,0,0
64,0,1,1,ACCEPT,35.1907,8.8723,3265,0,-3,0.4631,109.83,175.78,131.59,17.11,226.50,166.50,51.00,97.00,0.0000,117.04,1,0,2.9112,ACCEPT,0,2026,584,15713,3,150,3265,0,0,0,0
65,0,1,1,ACCEPT,32.9033,9.3605,2752,0,-5,0.2460,109.83,173.12,126.53,16.45,231.50,163.00,53.00,100.00,0.0000,122.09,1,-1,2.8092,ACCEPT,0,1875,431,14740,3,150,2752,0,0,0,0
66,0,1,1,ACCEPT,31.5823,8.4058,2631,1,-4,0.4208,113.78,171.06,131.59,17.11,232.00,161.50,54.00,95.00,0.0000,118.60,1,1,2.5861,ACCEPT,0,1861,339,15651,3,150,2631,0,0,0,0
67,0,1,1,ACCEPT,31.4627,7.0997,2634,0,-3,0.5178,113.78,169.47,131.59,17.11,233.00,160.50,54.00,95.00,0.0000,119.56,1,0,2.9263,ACCEPT,0,1927,378,16674,3,150,2634,0,0,0,0
68,0,1,1,ACCEPT,35.2129,8.3018,2723,0,-5,0.2292,113.78,166.81,131.59,17.11,234.50,158.50,55.00,93.00,0.0000,121.00,1,0,2.9717,ACCEPT,0,1845,427,18890,3,150,2723,0,0,0,0
69,0,1,1,ACCEPT,36.9052,9.0143,2515,0,-6,0.0382,113.78,163.62,131.59,17.11,236.50,156.50,53.00,93.00,0.0000,122.93,1,0,2.9414,ACCEPT,0,1586,402,21232,3,150,2515,0,0,0,0
70,0,1,1,ACCEPT,38.0033,7.7189,3103,0,-5,0.0877,113.78,160.97,131.59,17.11,237.00,155.00,54.00,92.00,0.0000,123.36,1,0,2.9139,ACCEPT,0,1842,427,22113,3,150,3103,0,0,0,0
71,0,1,1,ACCEPT,36.9177,8.0706,3656,0,-3,0.4218,113.78,159.38,131.59,17.11,237.50,152.50,55.00,91.00,0.0000,123.91,1,0,2.7782,ACCEPT,0,2070,379,19946,3,150,3656,0,0,0,0
72,0,1,1,ACCEPT,40.7817,8.8302,3744,0,-1,0.8403,113.78,158.84,131.59,17.11,236.50,153.50,57.00,91.00,0.0000,122.84,1,0,2.8173,ACCEPT,0,1960,370,17145,3,150,3744,0,0,0,0
73,0,1,1,ACCEPT,44.2613,10.1311,3090,0,-3,0.4511,113.78,157.25,131.59,17.11,236.50,153.50,59.00,95.00,0.0000,122.78,1,0,2.8265,ACCEPT,0,1568,343,19686,3,150,3090,0,0,0,0
74,0,1,1,ACCEPT,40.4219,8.9475,3239,0,-1,0.8487,113.78,156.72,126.53,16.45,239.50,152.00,55.00,96.00,0.0000,125.81,1,-1,2.6673,ACCEPT,0,1689,389,17882,3,150,3239,0,0,0,0
75,0,1,1,ACCEPT,39.6565,7.5536,3520,1,-4,0.1940,117.73,154.66,131.59,17.11,240.00,152.00,56.00,98.00,0.0000,122.29,1,1,2.6084,ACCEPT,0,1874,361,16086,3,150,3520,0,0,0,0
76,0,1,1,ACCEPT,39.3429,9.4972,3419,0,0,1.0000,117.73,154.66,131.59,17.11,242.50,151.50,57.00,95.00,0.0000,124.81,1,0,2.8480,ACCEPT,0,1858,345,15944,3,150,3419,0,0,0,0
77,0,1,1,ACCEPT,32.1888,5.5978,3034,0,-3,0.7136,117.73,153.06,131.59,17.11,243.50,151.00,57.00,100.00,0.0000,125.78,1,0,2.9365,ACCEPT,0,2097,379,13846,3,150,3034,0,0,0,0
78,0,1,1,ACCEPT,30.6667,5.2655,2380,0,-3,0.7370,117.73,151.47,131.59,17.11,245.00,146.00,56.00,102.00,0.0000,127.38,1,0,2.6808,ACCEPT,0,1599,388,13112,3,150,2380,0,0,0,0
79,0,1,1,ACCEPT,30.9107,6.7281,2227,0,-3,0.5878,117.73,149.88,126.53,16.45,247.50,144.50,57.00,101.00,0.0000,129.88,1,-1,2.5769,ACCEPT,0,1536,350,14071,3,150,2227,0,0,0,0
80,0,1,1,ACCEPT,28.7082,6.3324,2210,1,-8,0.0253,121.69,145.75,131.59,17.11,249.00,143.00,58.00,102.00,0.0000,127.34,1,1,2.7847,ACCEPT,0,1617,371,14389,3,150,2210,0,0,0,0
81,0,1,1,ACCEPT,31.3282,6.6494,2181,0,-6,0.0692,121.69,142.56,131.59,17.11,252.50,140.00,61.00,106.00,0.0000,130.84,1,0,2.8561,ACCEPT,0,1501,319,19919,3,150,2181,0,0,0,0
82,0,1,1,ACCEPT,31.9108,7.1884,2480,1,-7,0.0540,125.80,138.84,136.86,17.79,255.50,131.00,61.00,114.00,0.0000,129.94,1,1,2.8189,ACCEPT,0,1613,326,15177,3,150,2480,0,0,0,0
83,0,1,1,ACCEPT,36.5498,7.1838,2579,0,-6,0.0330,125.80,135.47,136.86,17.79,257.00,126.00,62.00,110.00,0.0000,131.54,1,0,2.9806,ACCEPT,0,1558,372,15330,3,150,2579,0,0,0,0
84,0,1,1,ACCEPT,36.4885,7.7934,2377,0,-5,0.0294,125.80,132.66,136.86,17.79,256.50,124.00,63.00,116.00,0.0000,130.99,1,0,3.0113,ACCEPT,0,1321,314,16962,3,150,2377,0,0,0,0
85,0,1,1,ACCEPT,38.1590,8.2849,2792,0,-6,0.0953,125.80,129.28,136.86,17.79,256.00,121.00,60.00,114.00,0.0000,130.47,1,0,3.0378,ACCEPT,0,1412,440,18824,3,150,2792,0,0,0,0
86,0,1,1,ACCEPT,40.2088,7.6282,3303,0,-3,0.4372,125.80,127.59,136.86,17.79,256.50,126.50,61.00,101.00,0.0000,130.71,1,0,3.0019,ACCEPT,0,1805,393,18851,3,150,3303,0,0,0,0
87,0,1,1,ACCEPT,40.7737,7.2524,3046,0,-4,0.1376,125.80,125.34,136.86,17.79,256.00,126.50,64.00,97.00,0.0000,130.21,1,0,2.9701,ACCEPT,0,1496,355,16935,3,150,3046,0,0,0,0
88,0,1,1,ACCEPT,39.5944,8.5210,3042,0,-1,0.8462,125.80,124.78,136.86,17.79,254.50,124.50,63.00,99.00,0.0000,128.70,1,0,2.7940,ACCEPT,0,1571,358,15584,3,150,3042,0,0,0,0
89,0,1,1,ACCEPT,32.6232,5.6280,3011,0,-2,0.5324,125.80,123.66,136.86,17.79,256.00,121.50,66.00,103.00,0.0000,130.22,1,0,2.7393,ACCEPT,0,1704,559,12105,3,150,3011,0,0,0,0
90,0,1,1,ACCEPT,36.4894,6.4087,3371,0,-2,0.5283,125.80,122.53,136.86,17.79,254.00,120.50,64.00,101.00,0.0000,128.22,1,0,2.5951,ACCEPT,0,1940,394,14055,3,150,3371,0,0,0,0
91,0,1,1,ACCEPT,39.9728,7.3146,4045,0,-2,0.6443,125.80,121.41,136.86,17.79,256.00,118.50,68.00,105.00,0.0000,130.24,1,0,2.6277,ACCEPT,0,2227,417,17597,3,150,4045,0,0,0,0
92,0,1,1,ACCEPT,41.3615,8.6719,4388,0,0,1.0000,125.80,121.41,136.86,17.79,254.50,121.00,63.00,102.00,0.0000,128.70,1,0,2.8030,ACCEPT,0,2358,380,20082,3,150,4388,0,0,0,0
93,0,1,1,ACCEPT,42.8613,9.5470,3962,0,-2,0.5010,125.80,120.28,136.86,17.79,255.00,119.00,68.00,104.00,0.0000,129.21,1,0,2.8391,ACCEPT,0,2057,382,20467,3,150,3962,0,0,0,0
94,0,1,1,ACCEPT,42.9325,9.2463,3754,0,-3,0.3649,125.80,118.59,136.86,17.79,253.00,118.50,64.00,97.00,0.0000,127.20,1,0,2.6518,ACCEPT,0,1917,407,16507,3,150,3754,0,0,0,0
95,0,1,1,ACCEPT,36.7944,9.2222,2905,-1,-2,0.5656,121.52,117.47,136.86,17.79,249.50,118.00,63.00,98.00,0.0000,127.99,1,0,2.8862,ACCEPT,0,1717,430,15204,3,150,2905,0,0,0,0
96,0,1,1,ACCEPT,34.3437,7.1574,2956,0,1,0.8829,121.52,118.03,136.86,17.79,251.50,117.00,63.00,98.00,0.0000,129.99,1,0,2.9452,ACCEPT,0,1698,412,14279,3,150,2956,0,0,0,0
97,0,1,1,ACCEPT,39.5204,9.1949,3255,0,0,1.0000,121.52,118.03,136.86,17.79,247.00,116.50,60.00,97.00,0.0000,125.49,1,0,2.8926,ACCEPT,0,1716,409,17011,3,150,3255,0,0,0,0
98,0,1,1,ACCEPT,38.3698,8.7971,3035,0,0,1.0000,121.52,118.03,136.86,17.79,245.50,117.00,55.00,96.00,0.0000,123.99,1,0,2.7385,ACCEPT,0,1671,388,18260,3,150,3035,0,0,0,0
99,0,1,1,ACCEPT,37.1606,9.3665,3016,0,-1,0.9088,121.52,117.47,136.86,17.79,244.50,114.00,55.00,92.00,0.0000,123.03,1,0,2.6294,ACCEPT,0,1746,364,17183,3,150,3016,0,0,0,0
100,0,1,1,ACCEPT,37.0389,9.2237,2804,0,-2,0.7311,121.52,116.34,136.86,17.79,245.50,111.00,57.00,92.00,0.0000,124.10,1,0,2.7618,ACCEPT,0,1704,329,15729,3,150,2804,0,0,0,0
101,0,1,1,ACCEPT,30.2155,7.6799,2711,0,-4,0.2530,121.52,114.09,136.86,17.79,244.50,107.00,51.00,96.00,0.0000,123.19,1,0,2.8411,ACCEPT,0,2150,432,12927,3,150,2711,0,0,0,0
102,0,1,1,ACCEPT,31.8693,8.3004,2349,0,-5,0.1379,121.52,111.28,136.86,17.79,248.50,102.00,61.00,98.00,0.0000,127.32,1,0,2.7746,ACCEPT,0,1814,335,21422,3,150,2349,0,0,0,0
103,0,1,1,ACCEPT,33.1326,9.1745,2945,0,-3,0.3745,121.52,109.59,136.86,17.79,247.50,97.00,59.00,96.00,0.0000,126.61,1,0,2.6957,ACCEPT,0,2026,389,23980,3,150,2945,0,0,0,0
104,0,1,1,ACCEPT,32.2991,8.2779,2889,0,-4,0.2946,121.52,107.34,136.86,17.79,246.50,95.00,59.00,94.00,0.0000,125.59,1,0,2.5855,ACCEPT,0,2095,360,26720,3,150,2889,0,0,0,0
105,0,1,1,ACCEPT,34.4478,7.1130,3336,0,1,0.9110,121.52,107.91,136.86,17.79,252.50,92.00,53.00,90.00,0.0000,131.95,1,0,2.7925,ACCEPT,0,1903,388,32767,3,150,3336,0,0,0,0
106,0,1,1,ACCEPT,32.1975,6.6544,3620,0,-2,0.7260,121.52,106.78,136.86,17.79,249.00,89.50,52.00,91.00,0.0000,128.65,1,0,2.8449,ACCEPT,0,2334,404,24362,3,150,3620,0,0,0,0
107,0,1,1,ACCEPT,32.6095,5.8861,3979,0,-2,0.7796,121.52,105.66,136.86,17.79,252.00,90.00,54.00,90.00,0.0000,131.42,1,0,2.8168,ACCEPT,0,2715,483,25655,3,150,3979,0,0,0,0
108,0,1,1,ACCEPT,30.2389,5.8692,3903,0,-1,0.8663,121.52,105.09,136.86,17.79,250.00,87.00,56.00,92.00,0.0000,129.75,1,0,2.8217,ACCEPT,0,2570,628,23420,3,150,3903,0,0,0,0
109,0,1,1,ACCEPT,28.7912,6.0975,3689,1,-1,0.9748,125.80,104.53,136.86,17.79,252.50,84.00,53.00,88.00,0.0000,128.36,1,0,2.3831,ACCEPT,0,2814,694,29622,3,150,3689,0,0,0,0
110,0,1,1,ACCEPT,27.3110,5.5640,4084,0,2,0.6917,125.80,105.66,136.86,17.79,253.50,84.50,53.00,87.00,0.0000,129.44,1,0,2.4971,ACCEPT,0,2615,621,26916,3,150,4084,0,0,0,0
111,0,1,1,ACCEPT,22.7739,4.7529,3693,0,6,0.1920,125.80,109.03,136.86,17.79,249.50,84.50,47.00,81.00,0.0000,126.11,1,0,2.7655,ACCEPT,0,2923,491,29684,3,150,3693,0,0,0,0
112,0,1,1,ACCEPT,21.1559,4.7740,3084,0,6,0.1809,125.80,112.41,136.86,17.79,254.50,87.00,43.00,78.00,0.0000,131.19,1,0,2.8931,ACCEPT,0,2715,598,22477,3,150,3084,0,0,0,0
113,0,1,1,ACCEPT,27.2607,5.3935,3344,1,5,0.0520,130.08,115.22,136.86,17.79,254.50,106.00,41.00,100.00,0.0000,124.76,1,0,2.8054,ACCEPT,0,2275,552,27995,3,150,3344,0,0,0,0
114,0,1,1,ACCEPT,27.3915,6.0031,3872,0,6,0.0925,130.08,118.59,136.86,17.79,256.50,108.00,47.00,104.00,0.0000,126.86,1,0,2.8764,ACCEPT,0,2598,451,19607,3,150,3872,0,0,0,0
115,0,1,1,ACCEPT,27.9376,5.8209,3510,0,7,0.1322,130.08,122.53,136.86,17.79,257.00,108.00,48.00,102.00,0.0000,127.75,1,0,2.6882,ACCEPT,0,2291,710,22532,3,150,3510,0,0,0,0
116,0,1,1,ACCEPT,25.2202,4.3082,3593,0,10,0.0209,130.08,128.16,136.86,17.79,255.00,117.00,46.00,98.00,0.0000,125.42,1,0,2.7165,ACCEPT,0,2546,675,24707,3,150,3593,0,0,0,0
117,0,1,1,ACCEPT,22.7383,4.0250,2894,0,11,0.0843,130.08,134.34,136.86,17.79,257.50,121.00,39.00,98.00,0.0000,128.12,1,0,2.7140,ACCEPT,0,2435,510,32371,3,150,2894,0,0,0,0
118,0,1,1,ACCEPT,24.9014,5.3902,2846,0,9,0.0457,130.08,139.41,136.86,17.79,259.50,129.00,39.00,98.00,0.0000,129.84,1,0,2.5963,ACCEPT,0,2317,606,31072,3,150,2846,0,0,0,0
119,0,1,1,ACCEPT,31.1271,7.6096,3333,0,8,0.0030,130.08,143.91,136.86,17.79,259.50,129.00,39.00,96.00,0.0000,130.28,1,0,2.6591,ACCEPT,0,2316,586,28192,3,150,3333,0,0,0,0
120,0,1,1,ACCEPT,31.2947,7.1747,3121,0,7,0.0352,130.08,147.84,136.86,17.79,258.00,138.00,36.00,100.00,0.0000,128.30,1,0,2.7897,ACCEPT,0,2150,594,26932,3,150,3121,0,0,0,0
121,0,1,1,ACCEPT,25.6073,5.6918,2493,0,10,0.0959,130.08,153.47,136.86,17.79,255.50,140.00,37.00,108.00,0.0000,126.14,1,0,2.6535,ACCEPT,0,1962,494,29833,3,150,2493,0,0,0,0
122,0,1,1,ACCEPT,23.5786,5.5752,2297,1,10,0.0044,134.36,159.09,136.86,17.79,256.00,144.50,42.00,103.00,0.0000,122.51,1,0,2.8563,ACCEPT,0,1941,409,25042,3,150,2297,0,0,0,0
123,0,1,1,ACCEPT,26.4896,4.9964,2768,0,6,0.0166,134.36,162.47,136.86,17.79,256.50,149.00,37.00,106.00,0.0000,122.88,1,0,2.7955,ACCEPT,0,2074,472,22868,3,150,2768,0,0,0,0
124,0,1,1,ACCEPT,25.9953,3.7737,2985,0,6,0.0727,134.36,165.84,136.86,17.79,256.00,150.50,40.00,107.00,0.0000,122.60,1,0,2.9545,ACCEPT,0,2241,443,24379,3,150,2985,0,0,0,0
125,0,1,1,ACCEPT,22.3516,3.4203,3133,0,2,0.7016,134.36,166.97,136.86,17.79,254.50,153.50,39.00,107.00,0.0000,120.89,1,0,2.8933,ACCEPT,0,2890,667,23159,3,150,3133,0,0,0,0
126,0,1,1,ACCEPT,24.8945,4.5796,4140,0,2,0.6976,134.36,168.09,136.86,17.79,256.50,155.50,43.00,105.00,0.0000,122.79,1,0,2.8607,ACCEPT,0,3847,494,24119,3,150,4140,0,0,0,0
127,0,1,1,ACCEPT,25.8907,4.9703,4021,0,5,0.1930,134.36,170.91,136.86,17.79,254.50,156.50,41.00,109.00,0.0000,121.00,1,0,2.8861,ACCEPT,0,3360,502,23028,3,150,4021,0,0,0,0
128,0,1,1,ACCEPT,27.3554,5.9369,3859,0,2,0.8082,134.36,172.03,136.86,17.79,251.00,161.50,46.00,109.00,0.0000,117.12,1,0,2.9176,ACCEPT,0,3105,544,22075,3,150,3859,0,0,0,0
129,0,1,1,ACCEPT,26.1652,5.2508,3413,0,-3,0.4978,134.36,170.34,131.59,17.11,248.50,161.50,45.00,109.00,0.0000,114.48,1,-1,2.8439,ACCEPT,0,2730,610,22533,3,150,3413,0,0,0,0
130,0,1,1,ACCEPT,26.7423,5.3785,3297,0,1,0.8678,134.36,170.88,131.59,17.11,246.50,164.50,47.00,101.00,0.0000,112.32,1,0,2.8996,ACCEPT,0,2494,597,24276,3,150,3297,0,0,0,0
131,0,1,1,ACCEPT,23.6162,4.8897,2748,0,1,0.9658,134.36,171.41,131.59,17.11,243.50,166.00,47.00,102.00,0.0000,109.27,1,0,2.8886,ACCEPT,0,2308,545,26356,3,150,2748,0,0,0,0
132,0,1,1,ACCEPT,20.9853,3.5180,2737,-1,3,0.6208,130.25,173.00,126.53,16.45,241.00,167.00,48.00,102.00,0.0000,110.91,1,-1,2.5948,ACCEPT,0,2285,677,22454,3,150,2737,0,0,0,0
133,0,1,1,ACCEPT,24.6292,4.9394,3018,0,-2,0.7717,130.25,171.97,126.53,16.45,238.00,170.50,50.00,97.00,0.0000,107.76,1,0,2.7057,ACCEPT,0,2164,482,21315,3,150,3018,0,0,0,0
134,0,1,1,ACCEPT,24.2906,5.0573,2822,0,0,1.0000,130.25,171.97,131.59,17.11,236.50,170.00,51.00,102.00,0.0000,106.27,1,1,2.8184,ACCEPT,0,2222,428,20432,3,150,2822,0,0,0,0
135,0,1,1,ACCEPT,24.9178,5.1390,2662,0,0,1.0000,130.25,171.97,131.59,17.11,234.50,172.50,51.00,97.00,0.0000,104.25,1,0,3.0421,ACCEPT,0,2101,447,20969,3,150,2662,0,0,0,0
136,0,1,1,ACCEPT,26.4039,6.0214,2535,-1,0,0.9191,126.14,171.97,131.59,17.11,232.50,172.50,53.00,97.00,0.0000,106.36,1,0,2.7903,ACCEPT,0,2080,543,18763,3,150,2535,0,0,0,0
137,0,1,1,ACCEPT,26.7015,5.4720,2446,0,-2,0.6975,126.14,170.91,131.59,17.11,231.00,189.00,54.00,66.00,0.0000,106.41,1,0,2.9169,ACCEPT,0,1907,461,17395,3,150,2446,0,0,0,0
138,0,1,1,ACCEPT,29.8469,7.0785,2796,0,-2,0.7529,126.14,169.84,131.59,17.11,232.00,188.00,56.00,66.00,0.0000,107.41,1,0,2.9362,ACCEPT,0,1984,425,16615,3,150,2796,0,0,0,0
139,0,1,1,ACCEPT,31.0766,7.3545,2780,0,-1,0.9439,126.14,169.31,131.59,17.11,232.00,188.50,58.00,65.00,0.0000,107.58,1,0,3.0279,ACCEPT,0,2028,489,16870,3,150,2780,0,0,0,0
140,0,1,1,ACCEPT,33.9169,8.2191,2926,0,1,0.9067,126.14,169.84,131.59,17.11,232.00,188.50,56.00,67.00,0.0000,107.49,1,0,3.0862,ACCEPT,0,2035,457,17321,3,150,2926,0,0,0,0
141,0,1,1,ACCEPT,35.1636,8.4480,2923,0,-1,0.9849,126.14,169.31,131.59,17.11,231.50,190.00,55.00,66.00,0.0000,107.37,1,0,3.0108,ACCEPT,0,2148,422,15090,3,150,2923,0,0,0,0
142,0,1,1,ACCEPT,36.5830,8.6232,2380,0,0,1.0000,126.14,169.31,131.59,17.11,230.50,190.00,55.00,66.00,0.0000,106.39,1,0,3.0328,ACCEPT,0,1739,362,13589,3,150,2380,0,0,0,0
143,0,1,1,ACCEPT,38.6085,9.2423,2098,0,-1,0.9585,126.14,168.78,131.59,17.11,230.50,191.00,55.00,66.00,0.0000,106.70,1,0,3.0654,ACCEPT,0,1446,391,12100,3,150,2098,0,0,0,0
144,0,1,1,ACCEPT,39.9787,10.6587,1780,0,-1,0.9410,126.14,168.25,131.59,17.11,231.00,195.00,56.00,60.00,0.0000,108.22,1,0,3.0397,ACCEPT,0,1123,390,12757,3,150,1780,0,0,0,0
145,0,1,1,ACCEPT,39.0230,8.7151,1621,0,2,0.7995,126.14,169.31,131.59,17.11,230.50,196.00,57.00,62.00,0.0000,107.72,1,0,2.9168,ACCEPT,0,1035,392,16702,3,150,1621,0,0,0,0
146,0,1,1,ACCEPT,36.4883,8.1355,1741,0,1,0.9724,126.14,169.84,131.59,17.11,230.00,198.50,54.00,59.00,0.0000,107.74,1,0,2.7936,ACCEPT,0,1104,451,15670,3,150,1741,0,0,0,0
147,0,1,1,ACCEPT,39.2283,9.2935,1868,0,-1,0.9936,126.14,169.31,131.59,17.11,230.50,198.00,55.00,64.00,0.0000,108.23,1,0,2.8138,ACCEPT,0,1111,430,14596,3,150,1868,0,0,0,0
148,0,1,1,ACCEPT,39.2099,9.0047,1918,0,3,0.4906,126.14,170.91,131.59,17.11,230.50,202.50,55.00,57.00,0.0000,109.04,1,0,2.9040,ACCEPT,0,1092,477,13964,3,150,1918,0,0,0,0
149,0,1,1,ACCEPT,36.6435,8.2791,1780,0,1,0.8904,126.14,171.44,131.59,17.11,228.00,188.50,56.00,91.00,0.0000,103.28,1,0,2.9096,ACCEPT,0,1105,512,23783,3,150,1780,0,0,0,0
150,0,1,1,ACCEPT,38.0234,8.4534,3449,0,4,0.2354,126.14,173.56,131.59,17.11,228.50,194.50,55.00,97.00,0.0000,104.48,1,0,2.9748,ACCEPT,0,1907,443,23460,3,150,3449,0,0,0,0
151,0,1,1,ACCEPT,41.8544,9.3463,3374,0,1,0.9384,126.14,174.09,131.59,17.11,227.00,199.00,54.00,92.00,0.0000,103.89,1,0,3.0650,ACCEPT,0,1763,470,16430,3,150,3374,0,0,0,0
152,0,1,1,ACCEPT,41.7405,7.7176,2323,0,2,0.5984,126.14,175.16,131.59,17.11,226.50,200.50,55.00,93.00,0.0000,103.51,1,0,3.0853,ACCEPT,0,1143,487,16138,3,150,2323,0,0,0,0
153,0,1,1,ACCEPT,43.9651,9.5066,2158,0,1,0.8614,126.14,175.69,131.59,17.11,228.00,201.50,54.00,93.00,0.0000,105.08,1,0,3.0515,ACCEPT,0,1087,481,14287,3,150,2158,0,0,0,0
154,0,1,1,ACCEPT,42.8024,9.2979,1748,0,2,0.7672,126.14,176.75,131.59,17.11,228.50,205.00,55.00,90.00,0.0000,106.19,1,0,2.9436,ACCEPT,0,911,478,15671,3,150,1748,0,0,0,0
155,0,1,1,ACCEPT,36.9000,9.7651,1621,0,2,0.6076,126.14,177.81,131.59,17.11,230.00,207.00,54.00,80.00,0.0000,107.88,1,0,2.6153,ACCEPT,0,918,482,13829,3,150,1621,0,0,0,0
156,0,1,1,ACCEPT,35.0499,8.1508,1459,1,2,0.4873,130.25,178.88,131.59,17.11,230.50,209.00,53.00,80.00,0.0000,104.68,1,0,2.9565,ACCEPT,0,811,419,12533,3,150,1459,0,0,0,0
157,0,1,1,ACCEPT,41.1814,9.5161,1475,0,3,0.4441,130.25,180.47,131.59,17.11,230.50,208.50,57.00,89.00,0.0000,104.10,1,0,3.0859,ACCEPT,0,768,407,10465,3,150,1475,0,0,0,0
158,0,1,1,ACCEPT,43.4577,8.5283,1356,0,4,0.1903,130.25,182.59,131.59,17.11,230.50,215.50,55.00,79.00,0.0000,105.51,1,0,3.0930,ACCEPT,0,655,468,9224,3,150,1356,0,0,0,0
159,0,1,1,ACCEPT,45.4893,10.9832,1307,0,1,0.8837,130.25,183.12,131.59,17.11,227.50,219.50,53.00,75.00,0.0000,103.83,1,0,3.0546,ACCEPT,0,592,501,8191,3,150,1307,0,0,0,0
160,0,1,1,ACCEPT,41.7151,11.0550,1205,0,3,0.3187,130.25,184.72,131.59,17.11,227.00,221.50,54.00,77.00,0.0000,103.51,1,0,3.0915,ACCEPT,0,569,421,9812,3,150,1205,0,0,0,0
161,0,1,1,ACCEPT,34.7962,7.6667,1150,0,1,0.9148,130.25,185.25,131.59,17.11,225.50,226.50,59.00,85.00,0.0001,103.80,1,0,3.0861,ACCEPT,0,674,312,9466,3,150,1150,0,0,0,0
162,0,1,1,ACCEPT,32.4126,6.3419,983,0,2,0.6165,130.25,186.31,131.59,17.11,223.50,226.50,59.00,87.00,0.0033,101.54,1,0,2.9811,ACCEPT,0,601,414,9106,3,150,983,0,0,0,0
163,0,1,1,ACCEPT,33.4047,8.0488,990,0,3,0.5768,130.25,187.91,131.59,17.11,223.00,225.50,56.00,83.00,0.0019,100.08,1,0,2.9119,ACCEPT,0,603,435,9247,3,150,990,0,0,0,0
164,0,1,1,ACCEPT,31.9090,7.3030,964,0,2,0.6639,130.25,188.97,131.59,17.11,220.00,227.00,60.00,84.00,0.0105,97.48,1,0,2.8036,ACCEPT,0,607,412,9613,3,150,964,0,0,0,0
165,0,1,1,ACCEPT,31.9065,7.8062,1007,-1,3,0.4181,126.14,190.56,131.59,17.11,217.50,228.00,59.00,80.00,0.0063,98.73,1,0,2.8963,ACCEPT,0,625,402,6707,3,150,1007,0,0,0,0
166,0,1,1,ACCEPT,32.3963,8.3505,810,0,2,0.6988,126.14,191.62,131.59,17.11,217.00,238.50,60.00,73.00,0.0000,102.24,1,0,3.0236,ACCEPT,0,494,311,6087,3,150,810,0,0,0,0
167,0,1,1,ACCEPT,33.6532,8.0978,745,0,2,0.8174,126.14,192.69,131.59,17.11,214.00,237.00,60.00,72.00,0.0003,98.40,1,0,3.0528,ACCEPT,0,469,376,5877,3,150,745,0,0,0,0
168,0,1,1,ACCEPT,33.5934,6.8302,724,0,2,0.7017,126.14,193.75,131.59,17.11,213.00,239.00,54.00,76.00,0.0012,97.94,1,0,2.8994,ACCEPT,0,428,322,6364,3,150,724,0,0,0,0
169,0,1,1,ACCEPT,33.9786,6.1683,623,0,4,0.3291,126.14,195.88,131.59,17.11,215.00,240.50,58.00,77.00,0.0022,99.44,1,0,2.5961,ACCEPT,0,373,334,6630,3,150,623,0,0,0,0
170,0,1,1,ACCEPT,32.3350,5.8349,636,1,4,0.2374,130.25,198.00,131.59,17.11,212.00,245.50,56.00,77.00,0.0000,94.55,1,0,2.8925,ACCEPT,0,397,355,6023,3,150,636,0,0,0,0
171,0,1,1,ACCEPT,31.0189,6.1455,676,0,5,0.1672,130.25,200.66,131.59,17.11,214.00,254.00,60.00,70.00,0.0000,99.30,1,0,2.9931,ACCEPT,0,425,359,4891,3,150,676,0,0,0,0
172,0,1,1,ACCEPT,33.9448,7.0870,652,0,4,0.3175,130.25,202.78,131.59,17.11,214.00,259.50,56.00,71.00,0.0000,101.15,1,0,2.9982,ACCEPT,0,392,296,4834,3,150,652,0,0,0,0
173,0,1,1,ACCEPT,33.1398,7.9512,652,0,4,0.3006,130.25,204.91,131.59,17.11,213.50,259.50,61.00,83.00,0.0000,99.55,1,0,2.8961,ACCEPT,0,384,323,5426,3,150,652,0,0,0,0
174,0,1,1,ACCEPT,35.3878,8.8602,824,0,2,0.6990,130.25,205.97,131.59,17.11,214.50,264.50,63.00,81.00,0.0000,102.59,1,0,2.8924,ACCEPT,0,482,285,4623,3,150,824,0,0,0,0
175,0,1,1,ACCEPT,36.7667,7.9326,706,0,2,0.7875,130.25,207.03,131.59,17.11,215.00,266.00,66.00,84.00,0.0000,103.25,1,0,2.9002,ACCEPT,0,431,294,4451,3,150,706,0,0,0,0
176,0,1,1,ACCEPT,36.3068,8.3718,653,0,2,0.6018,130.25,208.09,131.59,17.11,216.00,269.50,68.00,85.00,0.0000,105.47,1,0,2.7579,ACCEPT,0,394,289,3668,3,150,653,0,0,0,0
177,0,1,1,ACCEPT,34.4489,7.7468,612,0,3,0.5310,130.25,209.69,126.53,16.45,215.50,273.00,65.00,86.00,0.0000,106.19,1,-1,2.5857,ACCEPT,0,462,237,4366,3,150,612,0,0,0,0
178,0,1,1,ACCEPT,34.0721,6.4667,679,1,1,0.8601,134.20,210.20,131.59,17.11,211.50,276.50,61.00,83.00,0.0000,101.83,1,1,2.7857,ACCEPT,0,496,293,4282,3,150,679,0,0,0,0
179,0,1,1,ACCEPT,32.7681,9.0694,653,0,5,0.1271,134.20,212.86,136.86,17.79,214.50,277.00,73.00,92.00,0.0000,102.77,1,1,2.8725,ACCEPT,0,473,292,4889,3,150,653,0,0,0,0
180,0,1,1,ACCEPT,35.9724,9.0000,837,0,3,0.3895,134.20,214.55,136.86,17.79,208.50,278.50,65.00,93.00,0.0000,98.03,1,0,3.0512,ACCEPT,0,567,291,4922,3,150,837,0,0,0,0
181,0,1,1,ACCEPT,34.0339,7.2937,919,0,4,0.2992,134.20,216.80,136.86,17.79,203.00,283.50,62.00,95.00,0.0000,95.82,1,0,2.9614,ACCEPT,0,697,245,5429,3,150,919,0,0,0,0
182,0,1,1,ACCEPT,31.6009,7.2021,677,-1,4,0.2733,129.92,219.05,136.86,17.79,201.50,287.50,61.00,95.00,0.0000,99.04,1,0,2.7784,ACCEPT,0,531,370,3173,3,150,677,0,0,0,0
183,0,1,1,ACCEPT,36.0731,7.1111,512,0,4,0.1074,129.92,221.30,136.86,17.79,198.00,289.00,62.00,100.00,0.0000,96.01,1,0,3.0542,ACCEPT,0,315,320,3391,3,150,512,0,0,0,0
184,0,1,1,ACCEPT,32.6370,8.0282,570,0,6,0.0982,129.92,224.67,136.86,17.79,193.00,296.50,56.00,95.00,0.0000,95.59,1,0,2.9249,ACCEPT,0,400,285,3008,3,150,570,0,0,0,0
185,0,1,1,ACCEPT,31.6735,7.3208,388,-1,4,0.4433,125.64,226.92,136.86,17.79,189.00,303.00,54.00,94.00,0.0000,99.01,1,0,2.8885,ACCEPT,0,263,276,4001,3,150,388,0,0,0,0
186,0,1,1,ACCEPT,28.7249,4.6588,396,-1,5,0.3359,121.36,229.73,131.59,17.11,186.00,306.50,52.00,89.00,0.0000,100.36,1,-1,2.6371,ACCEPT,0,289,385,3179,3,150,396,0,0,0,0
187,0,1,1,ACCEPT,26.9827,4.8406,334,0,8,0.0629,121.36,233.98,131.59,17.11,181.00,319.00,48.00,98.00,0.0000,103.85,1,0,2.9691,ACCEPT,0,242,367,4407,3,150,334,0,0,0,0
188,0,1,1,ACCEPT,21.0405,4.0274,294,-1,11,0.0476,117.25,239.83,131.59,17.11,178.00,333.00,52.00,84.00,0.0000,111.23,1,0,2.7632,ACCEPT,0,257,314,6971,3,150,294,0,0,0,0
189,0,1,1,ACCEPT,26.1097,4.4683,563,-1,10,0.0426,113.14,245.14,126.53,16.45,172.50,330.00,53.00,106.00,0.0000,103.56,1,-1,2.5779,ACCEPT,0,400,287,3932,3,150,563,0,0,0,0
190,0,1,1,ACCEPT,27.8110,3.9524,415,0,8,0.0169,113.14,249.27,131.59,17.11,169.50,335.00,55.00,110.00,0.0000,102.60,1,1,2.8900,ACCEPT,0,315,412,2062,3,150,415,0,0,0,0
191,0,1,1,ACCEPT,27.1929,3.8228,302,0,10,0.1258,113.14,254.58,131.59,17.11,167.50,340.00,57.00,110.00,0.0000,101.25,1,0,2.9548,ACCEPT,0,207,322,2120,3,150,302,0,0,0,0
192,0,1,1,ACCEPT,31.9960,6.2917,302,-1,7,0.0331,109.03,258.30,131.59,17.11,165.00,351.00,58.00,100.00,0.0000,108.29,1,0,2.5654,ACCEPT,0,212,383,1620,3,150,302,0,0,0,0
193,0,1,1,ACCEPT,29.8207,4.1644,304,0,8,0.0329,109.03,262.55,131.59,17.11,162.50,356.00,57.00,104.00,0.0000,107.67,1,0,2.8304,ACCEPT,0,206,342,1474,3,150,304,0,0,0,0
194,0,1,1,ACCEPT,33.8147,6.5000,325,0,5,0.1846,109.03,265.20,131.59,17.11,162.50,362.00,63.00,104.00,0.0000,110.58,1,0,2.9020,ACCEPT,0,251,360,1550,3,150,325,0,0,0,0
195,0,1,1,ACCEPT,32.1069,6.6154,344,0,6,0.0000,109.03,268.39,131.59,17.11,162.00,369.00,62.00,100.00,0.0000,113.70,1,0,2.9821,ACCEPT,0,244,375,1608,3,150,344,0,0,0,0
196,0,1,1,ACCEPT,30.9695,6.6829,274,-1,5,0.0985,104.92,271.05,126.53,16.45,159.50,374.00,61.00,98.00,0.0000,116.53,1,-1,2.4811,ACCEPT,0,203,312,1279,3,150,274,0,0,0,0
197,0,1,1,ACCEPT,24.3895,4.8864,215,1,2,0.6791,108.88,272.08,131.59,17.11,161.00,375.50,66.00,103.00,0.0000,115.81,1,1,2.7547,ACCEPT,0,209,424,1402,3,150,215,0,0,0,0
198,0,1,1,ACCEPT,25.2494,5.0000,320,0,3,0.4938,108.88,273.67,131.59,17.11,162.00,378.00,70.00,100.00,0.0000,117.08,1,0,2.8868,ACCEPT,0,281,359,2131,3,150,320,0,0,0,0
199,0,1,1,ACCEPT,26.6586,5.6471,288,0,1,0.9132,108.88,274.20,131.59,17.11,159.50,383.00,67.00,104.00,0.0000,120.00,1,0,2.8141,ACCEPT,0,249,350,2507,3,150,288,0,0,0,0
200,0,1,1,ACCEPT,28.5795,5.4921,346,0,3,0.5607,108.88,275.80,126.53,16.45,161.50,384.00,69.00,102.00,0.0000,120.32,1,-1,2.7173,ACCEPT,0,264,330,1806,3,150,346,0,0,0,0
201,0,1,1,ACCEPT,25.7384,6.0714,255,0,0,1.0000,108.88,275.80,126.53,16.45,162.50,386.50,73.00,103.00,0.0000,123.01,1,0,2.6275,ACCEPT,0,219,296,1741,3,150,255,0,0,0,0
202,0,1,1,ACCEPT,29.9597,7.1750,287,1,1,0.9129,112.83,276.31,131.59,17.11,160.50,389.50,69.00,103.00,0.0000,122.82,1,1,2.6719,ACCEPT,0,224,374,1957,3,150,287,0,0,0,0
203,0,1,1,ACCEPT,29.8626,6.1818,272,0,2,0.6765,112.83,277.38,131.59,17.11,158.50,393.00,69.00,106.00,0.0000,124.32,1,0,2.8683,ACCEPT,0,220,390,2107,3,150,272,0,0,0,0
204,0,1,1,ACCEPT,29.7679,6.5556,295,0,0,1.0000,112.83,277.38,131.59,17.11,161.50,389.50,75.00,109.00,0.0000,122.23,1,0,2.8229,ACCEPT,0,215,398,2116,3,150,295,0,0,0,0
205,0,1,1,ACCEPT,28.8273,7.2895,277,0,-1,0.9892,112.83,276.84,126.53,16.45,159.00,389.00,78.00,104.00,0.0000,121.29,1,-1,2.7564,ACCEPT,0,177,363,2050,3,150,277,0,0,0,0
206,0,1,1,ACCEPT,27.0121,7.1905,302,1,-3,0.6126,116.78,275.30,131.59,17.11,156.50,386.00,73.00,108.00,0.0000,117.61,1,1,2.6169,ACCEPT,0,216,349,2049,3,150,302,0,0,0,0
207,0,1,1,ACCEPT,28.9931,7.5789,288,0,1,0.9340,116.78,275.83,131.59,17.11,156.00,392.50,74.00,107.00,0.0000,123.09,1,0,2.8255,ACCEPT,0,191,367,1874,3,150,288,0,0,0,0
208,0,1,1,ACCEPT,25.6855,7.3333,220,0,-2,0.6409,116.78,274.77,126.53,16.45,158.00,388.00,80.00,102.00,0.0000,120.50,1,-1,2.7619,ACCEPT,0,162,385,2110,3,150,220,0,0,0,0
209,0,1,1,ACCEPT,19.1466,3.3000,165,0,-5,0.4061,116.78,272.19,121.67,15.82,154.00,387.50,78.00,115.00,0.0000,121.17,1,-1,2.5501,ACCEPT,0,198,350,2304,3,150,165,0,0,0,0
210,0,1,1,ACCEPT,22.8503,4.0556,219,1,-2,0.9041,120.58,271.19,126.53,16.45,154.50,387.50,79.00,111.00,0.0000,121.16,1,1,2.7260,ACCEPT,0,223,450,2141,3,150,219,0,0,0,0
211,0,1,1,ACCEPT,26.3847,5.5435,255,0,-3,0.4392,120.58,269.64,126.53,16.45,154.50,386.00,75.00,112.00,0.0000,121.20,1,0,2.7798,ACCEPT,0,227,441,1655,3,150,255,0,0,0,0
212,0,1,1,ACCEPT,26.5044,5.3600,268,0,-4,0.2537,120.58,267.58,116.99,15.21,153.50,387.50,79.00,109.00,0.0000,124.36,1,-2,2.3468,ACCEPT,0,220,409,1962,3,150,268,0,0,0,0
213,0,1,1,ACCEPT,26.8273,5.5283,293,1,-2,0.7611,124.23,266.64,121.67,15.82,154.00,386.00,80.00,112.00,0.0000,123.01,1,1,2.7094,ACCEPT,0,241,426,2232,3,150,293,0,0,0,0
214,0,1,1,ACCEPT,31.8344,6.2000,341,0,-3,0.5337,124.23,265.14,121.67,15.82,151.50,385.00,73.00,112.00,0.0000,122.92,1,0,2.7680,ACCEPT,0,224,385,2028,3,150,341,0,0,0,0
215,0,1,1,ACCEPT,29.1858,7.2174,332,0,0,1.0000,124.23,265.14,121.67,15.82,151.50,384.50,77.00,115.00,0.0000,122.43,1,0,2.7680,ACCEPT,0,246,404,1980,3,150,332,0,0,0,0
0,0,0,0,ZERO_RESPONSE,0.0000,0.0000,0,0,0,0.0000,208.50,208.50,55.00,65.00,208.50,208.50,55.00,65.00,1.0000,0.00,1,0,0.0000,NOT_RUN,0,0,490,13280,4,200,0,0,0,0,0
1,0,1,1,ACCEPT,52.6641,10.0757,2529,0,1,0.9106,208.50,210.53,55.00,65.00,208.50,208.50,53.00,67.00,0.9076,2.03,1,0,3.1625,ACCEPT,0,1096,417,11382,4,200,2529,0,0,0,0
2,0,1,1,ACCEPT,38.1470,8.0726,2002,0,1,0.9700,208.50,212.56,52.88,62.50,208.00,210.00,56.00,70.00,0.8432,2.61,1,-1,2.9421,ACCEPT,0,936,344,13280,4,200,2002,0,0,0,0
3,0,1,1,ACCEPT,34.5572,7.2834,2287,0,0,1.0000,208.50,212.56,52.88,62.50,208.00,209.50,54.00,73.00,0.8385,3.10,1,0,2.9372,ACCEPT,0,1120,269,12301,4,200,2287,0,0,0,0
4,0,1,1,ACCEPT,33.5616,7.4954,2466,-1,1,0.8617,206.84,214.52,52.88,62.50,206.50,213.00,53.00,72.00,0.8575,1.55,1,0,2.8904,ACCEPT,0,1238,260,11242,4,200,2466,0,0,0,0
5,0,1,1,ACCEPT,30.3611,6.6816,2980,0,1,0.9534,206.84,216.47,50.85,60.10,207.00,217.00,52.00,60.00,0.9609,0.55,1,-1,2.9159,ACCEPT,0,1661,257,9521,4,200,2980,0,0,0,0
6,0,1,1,ACCEPT,31.4473,5.7993,3265,0,1,0.8888,206.84,218.34,50.85,60.10,207.00,218.50,52.00,59.00,0.9604,0.22,1,0,2.9600,ACCEPT,0,1708,162,10252,4,200,3265,0,0,0,0
7,0,1,1,ACCEPT,27.8163,5.8590,3076,0,0,1.0000,206.84,218.34,50.85,60.10,206.00,221.00,52.00,56.00,0.8849,2.79,1,0,2.7596,ACCEPT,0,1859,195,10886,4,200,3076,0,0,0,0
8,0,1,1,ACCEPT,25.6063,4.6459,3201,-1,0,0.9394,205.25,218.34,50.85,60.10,205.50,222.50,53.00,55.00,0.8339,4.16,1,0,2.6987,ACCEPT,0,1986,184,10135,4,200,3201,0,0,0,0
9,0,1,1,ACCEPT,24.6597,4.9539,3656,0,0,1.0000,205.25,218.34,48.89,57.78,204.50,222.50,51.00,53.00,0.8287,4.22,1,-1,2.6898,ACCEPT,0,2513,204,9381,4,200,3656,0,0,0,0
10,0,1,1,ACCEPT,20.8791,4.6997,3083,-1,1,0.8884,203.72,220.16,48.89,57.78,200.50,223.50,57.00,49.00,0.7435,4.64,1,0,2.8636,ACCEPT,0,2379,74,9974,4,200,3083,0,0,0,0
11,0,1,1,ACCEPT,20.8638,3.9315,2756,-2,0,0.6818,200.66,220.16,48.89,57.78,198.00,224.00,56.00,46.00,0.7135,4.67,1,0,2.8130,ACCEPT,0,1944,66,10929,4,200,2756,0,0,0,0
12,0,1,1,ACCEPT,20.3180,3.5301,3103,-2,1,0.7918,197.59,221.97,48.89,57.78,195.50,223.50,57.00,43.00,0.6624,2.59,1,0,2.8384,ACCEPT,0,2396,77,11867,4,200,3103,0,0,0,0
13,0,1,1,ACCEPT,20.6502,3.7861,3222,-1,1,0.8246,196.06,223.78,47.01,55.56,194.00,224.00,56.00,40.00,0.6328,2.07,1,-1,2.8073,ACCEPT,0,2273,77,13895,4,200,3222,0,0,0,0
14,0,1,1,ACCEPT,19.4815,3.6254,3542,-1,0,0.8278,194.59,223.78,45.21,53.43,189.50,225.00,55.00,36.00,0.5839,5.24,1,-1,2.5145,ACCEPT,0,2911,71,14283,4,200,3542,0,0,0,0
15,0,1,1,ACCEPT,19.9370,3.2519,3512,-2,0,0.6780,191.78,223.78,43.47,51.37,188.00,225.50,52.00,35.00,0.6010,4.15,1,-1,2.7038,ACCEPT,0,3053,78,11128,4,200,3512,0,0,0,0
16,0,1,1,ACCEPT,16.2261,2.7428,2559,-1,0,0.8558,190.42,223.78,43.47,51.37,185.50,226.00,53.00,34.00,0.5747,5.40,1,0,3.0262,ACCEPT,0,2406,84,11836,4,200,2559,0,0,0,0
17,0,1,1,ACCEPT,18.6519,3.3759,3700,-1,1,0.8246,189.06,225.39,43.47,51.37,184.50,226.00,53.00,34.00,0.5780,4.60,1,0,2.9863,ACCEPT,0,3193,79,16120,4,200,3700,0,0,0,0
18,0,1,1,ACCEPT,21.2751,3.4429,4734,-2,1,0.7294,186.34,227.00,43.47,51.37,179.50,226.50,57.00,35.00,0.5605,6.86,1,0,2.9749,ACCEPT,0,3819,92,18978,4,200,4734,0,0,0,0
19,0,1,1,ACCEPT,20.5637,3.4229,5285,-1,0,0.9277,184.98,227.00,41.80,49.39,176.50,230.00,57.00,30.00,0.4819,9.00,1,-1,2.7846,ACCEPT,0,4466,74,19142,4,200,5285,0,0,0,0
20,0,1,1,ACCEPT,20.3035,3.6397,5718,-1,1,0.8725,183.67,228.55,40.19,47.49,174.50,229.50,57.00,31.00,0.4981,9.22,1,-1,2.5961,ACCEPT,0,4986,98,18651,4,200,5718,0,0,0,0
21,0,1,1,ACCEPT,20.0238,3.7906,5159,-1,0,0.8781,182.42,228.55,38.64,45.67,173.00,230.00,56.00,32.00,0.5174,9.53,1,-1,2.5713,ACCEPT,0,4506,128,20397,4,200,5159,0,0,0,0
22,0,1,1,ACCEPT,17.6710,3.9219,4922,-1,1,0.8627,181.22,229.97,37.16,43.91,171.00,231.00,54.00,30.00,0.4842,10.27,1,-1,2.5995,ACCEPT,0,4438,118,19156,4,200,4922,0,0,0,0
23,0,1,1,ACCEPT,17.9535,3.2101,5791,-1,1,0.8731,180.06,231.34,35.73,42.22,170.50,232.00,57.00,28.00,0.4754,9.58,1,-1,2.7258,ACCEPT,0,5695,110,19273,4,200,5791,0,0,0,0
24,0,1,1,ACCEPT,17.5812,3.2140,6097,-1,1,0.9082,178.95,232.66,34.35,40.60,169.50,234.00,55.00,26.00,0.4624,9.55,1,-1,2.6813,ACCEPT,0,6487,121,21227,4,200,6097,0,0,0,0
25,0,1,1,ACCEPT,17.1721,2.6668,5787,-1,-1,0.9053,177.88,231.39,33.03,39.04,166.00,235.00,56.00,22.00,0.3982,12.41,1,-1,2.8798,ACCEPT,0,5928,123,22348,4,200,5787,0,0,0,0
26,0,1,1,ACCEPT,20.9224,3.7827,6457,0,2,0.6249,177.88,233.83,31.76,37.54,163.50,236.50,57.00,21.00,0.3582,14.62,1,-1,2.8837,ACCEPT,0,6014,117,20005,4,200,6457,0,0,0,0
27,0,1,1,ACCEPT,20.5357,3.6967,5741,-1,1,0.9403,176.88,235.00,30.54,36.09,162.50,240.00,61.00,20.00,0.3569,15.22,1,-1,2.9740,ACCEPT,0,4847,80,11601,4,200,5741,0,0,0,0
28,0,1,1,ACCEPT,21.3101,3.0107,4209,-1,2,0.5873,175.92,237.25,29.36,34.70,161.00,239.50,64.00,17.00,0.3105,15.09,1,-1,2.9649,ACCEPT,0,3416,143,18783,4,200,4209,0,0,0,0
29,0,1,1,ACCEPT,21.6962,3.1530,5070,-1,1,0.6963,175.00,238.33,28.24,33.37,152.00,240.50,78.00,23.00,0.3112,23.10,1,-1,2.9067,ACCEPT,0,3977,141,21660,4,200,5070,0,0,0,0
30,0,1,1,ACCEPT,19.6480,2.9786,5150,-1,2,0.7019,174.12,240.42,28.24,33.37,150.50,244.00,81.00,18.00,0.2686,23.89,1,-1,2.9367,OUT_OF_RANGE,0,4315,113,15990,4,200,5150,0,0,0,0
31,0,1,1,ACCEPT,21.0291,3.1688,5276,-2,1,0.5878,172.38,241.47,28.24,33.37,147.50,245.00,77.00,18.00,0.2731,25.12,1,-1,2.7629,OUT_OF_RANGE,0,4301,98,13082,4,200,5276,0,0,0,0
32,0,1,1,ACCEPT,18.8291,3.3056,4251,-3,2,0.4267,169.75,243.56,28.24,33.37,147.00,248.00,76.00,18.00,0.2820,23.18,1,-1,2.7386,OUT_OF_RANGE,0,3530,103,20436,4,200,4251,0,0,0,0
33,0,1,1,ACCEPT,15.9465,3.6093,4822,-5,0,0.2694,165.38,243.56,28.24,33.37,144.00,249.50,72.00,19.00,0.3025,22.18,1,-1,2.7243,OUT_OF_RANGE,0,4341,86,16967,4,200,4822,0,0,0,0
34,0,1,1,ACCEPT,11.7566,2.4085,3001,-3,1,0.6574,162.75,244.61,28.24,33.37,145.00,251.00,66.00,16.00,0.2921,18.87,1,-1,2.3815,OUT_OF_RANGE,0,4073,65,21753,4,200,3001,0,0,0,0
35,0,1,1,ACCEPT,11.7713,2.2349,3102,-5,1,0.4046,158.38,245.66,28.24,33.37,139.50,250.00,65.00,12.00,0.2396,19.37,1,-1,1.9619,OUT_OF_RANGE,0,4016,75,21356,4,200,3102,0,0,0,0
36,0,1,1,ACCEPT,11.5531,2.4402,3182,-4,2,0.4114,154.88,247.75,28.24,33.37,139.50,251.50,63.00,13.00,0.2633,15.83,1,-1,1.8336,OUT_OF_RANGE,0,4545,97,23705,4,200,3182,0,0,0,0
37,0,1,1,ACCEPT,9.7983,1.2225,3258,-8,1,0.4088,147.88,248.80,28.24,33.37,133.00,251.50,58.00,17.00,0.3314,15.12,1,-2,2.0381,OUT_OF_RANGE,0,4942,99,25410,4,200,3258,0,0,0,0
38,0,1,1,ACCEPT,11.5441,1.8211,4083,-3,1,0.5682,145.25,249.84,28.24,33.37,131.50,252.00,59.00,16.00,0.3149,13.92,1,-2,1.8407,OUT_OF_RANGE,0,6094,82,23844,4,200,4083,0,0,0,0
39,0,1,1,ACCEPT,13.1554,2.2048,3424,-1,1,0.8873,144.38,250.89,28.24,33.37,124.00,251.50,76.00,19.00,0.2900,20.38,1,-2,2.0225,OUT_OF_RANGE,0,4110,85,16858,4,200,3424,0,0,0,0
40,0,1,1,ACCEPT,13.4780,3.1112,3133,0,0,1.0000,144.38,250.89,28.24,33.37,121.00,253.00,70.00,18.00,0.2665,23.47,1,-2,1.5774,OUT_OF_RANGE,0,3850,40,12102,4,200,3133,0,0,0,0
41,0,1,1,ACCEPT,16.4297,3.7845,3705,0,1,0.8812,144.38,251.94,28.24,33.37,116.50,253.00,61.00,18.00,0.1733,27.90,1,-5,1.4602,MAX_STEP,0,4222,45,13112,4,200,3705,0,0,0,0
42,0,1,1,ACCEPT,18.0973,3.4894,4285,0,1,0.9258,144.38,252.98,28.24,33.37,112.00,253.00,76.00,18.00,0.1818,32.38,1,-7,1.4230,MAX_STEP,0,4545,40,15647,4,200,4285,0,0,0,0
43,0,1,1,ACCEPT,15.0842,2.4157,4573,1,0,0.8966,145.25,252.98,28.24,33.37,112.50,251.50,71.00,17.00,0.1540,32.78,1,-6,1.3041,MAX_STEP,0,4922,96,10512,4,200,4573,0,0,0,0
44,0,1,1,ACCEPT,17.8552,3.1056,5233,1,0,0.9820,146.12,252.98,28.24,33.37,97.00,252.00,92.00,14.00,0.0741,49.13,1,-6,1.9821,MAX_STEP,0,4566,68,14562,4,200,5233,0,0,0,0
45,0,1,1,ACCEPT,19.8365,3.9139,6231,1,0,0.9010,147.00,252.98,28.24,33.37,98.50,252.00,87.00,12.00,0.0583,48.51,1,-5,1.8348,MAX_STEP,0,4335,96,14984,4,200,6231,0,0,0,0
46,0,1,1,ACCEPT,17.2875,3.3610,5996,1,1,0.7897,147.88,254.03,28.24,33.37,84.00,252.50,100.00,13.00,0.0014,63.89,1,-5,1.4327,MAX_STEP,0,5169,52,19769,4,200,5996,0,0,0,0
47,0,1,1,ACCEPT,21.4543,3.7188,5303,2,0,0.6362,149.62,254.03,28.24,33.37,85.00,253.00,102.00,16.00,0.0031,64.63,1,-5,1.7503,MAX_STEP,0,3893,65,24394,4,200,5303,0,0,0,0
48,0,1,1,ACCEPT,26.1801,5.0461,6782,1,0,0.9104,150.50,254.03,28.24,33.37,74.50,253.50,107.00,13.00,0.0000,76.00,1,-10,1.4288,MAX_STEP,0,3722,66,24058,4,200,6782,0,0,0,0
49,0,1,1,ACCEPT,29.3728,5.5497,7420,1,0,0.8651,151.38,254.03,28.24,33.37,73.00,252.50,100.00,13.00,0.0000,78.39,1,-11,1.5633,MAX_STEP,0,3729,47,21651,4,200,7420,0,0,0,0
50,0,1,1,ACCEPT,31.3834,5.9134,7581,3,-1,0.2960,154.00,252.98,28.24,33.37,75.00,253.50,100.00,13.00,0.0000,79.00,1,-4,1.7008,MAX_STEP,0,3721,72,22751,4,200,7581,0,0,0,0
51,0,1,1,ACCEPT,36.2298,5.9066,7714,1,0,0.7743,154.88,252.98,28.24,33.37,70.00,254.00,96.00,14.00,0.0000,84.88,1,-13,1.5092,MAX_STEP,0,3707,48,21136,4,200,7714,0,0,0,0
52,0,1,1,ACCEPT,39.0538,6.1875,8879,1,-1,0.8035,155.75,251.94,28.24,33.37,65.00,253.00,96.00,14.00,0.0000,90.76,1,-8,1.3478,MAX_STEP,0,4250,53,21841,4,200,8879,0,0,0,0
53,0,1,1,ACCEPT,41.3705,6.6435,8424,1,0,0.9290,156.62,251.94,28.24,33.37,63.00,253.50,90.00,15.00,0.0000,93.64,1,-9,1.3169,MAX_STEP,0,3788,48,21552,4,200,8424,0,0,0,0
54,0,1,1,ACCEPT,42.9738,7.2245,9009,0,-2,0.7212,156.62,249.84,28.24,33.37,55.50,252.50,93.00,13.00,0.0000,101.16,1,-11,1.5475,MAX_STEP,0,4522,48,21671,4,200,9009,0,0,0,0
55,0,1,1,ACCEPT,48.0041,8.0043,9205,1,0,0.8096,157.50,249.84,28.24,33.37,53.00,251.50,88.00,13.00,0.0000,104.51,1,-10,1.7143,MAX_STEP,0,4144,52,26930,4,200,9205,0,0,0,0
56,0,1,1,ACCEPT,45.9989,6.7388,9596,0,-1,0.7634,157.50,248.80,28.24,33.37,50.00,250.50,84.00,13.00,0.0000,107.51,1,-11,1.7354,MAX_STEP,0,3802,65,20788,4,200,9596,0,0,0,0
57,0,1,1,ACCEPT,51.0637,8.1016,10046,1,-2,0.6437,158.38,246.70,28.24,33.37,49.50,251.00,81.00,14.00,0.0000,108.96,1,-8,1.2617,MAX_STEP,0,4022,86,18265,4,200,10046,0,0,0,0
58,0,1,1,ACCEPT,39.0513,6.5786,8243,1,-1,0.6461,159.25,245.66,28.24,33.37,42.50,250.00,71.00,14.00,0.0000,116.83,1,-13,1.7089,MAX_STEP,0,3602,62,28629,4,200,8243,0,0,0,0
59,0,1,1,ACCEPT,41.9159,7.4780,8480,1,-2,0.6105,160.12,243.56,28.24,33.37,45.00,247.00,52.00,14.00,0.0000,115.18,1,-10,1.5177,MAX_STEP,0,3946,65,29276,4,200,8480,0,0,0,0
60,0,1,1,ACCEPT,42.9687,7.8814,9371,0,-1,0.8177,160.12,242.52,28.24,33.37,43.50,246.50,51.00,11.00,0.0000,116.69,1,-11,2.0960,MAX_STEP,0,4216,56,21853,4,200,9371,0,0,0,0
61,0,1,1,ACCEPT,45.4813,8.1659,9252,1,-2,0.6485,161.00,240.42,28.24,33.37,42.50,244.00,53.00,12.00,0.0000,118.55,1,-13,1.3306,MAX_STEP,0,4276,56,22278,4,200,9252,0,0,0,0
62,0,1,1,ACCEPT,45.9675,9.2646,9209,1,0,0.9799,161.88,240.42,28.24,33.37,39.00,242.50,46.00,13.00,0.0000,122.89,1,6,1.4206,MAX_STEP,0,4058,62,25058,4,200,9209,0,0,0,0
63,0,1,1,ACCEPT,48.8019,10.3136,9406,0,-1,0.8236,161.88,239.38,28.24,33.37,36.50,241.00,45.00,14.00,0.0000,125.39,1,-12,1.0813,MAX_STEP,0,5448,54,22998,4,200,9406,0,0,0,0
64,0,1,1,ACCEPT,50.1677,10.4002,9277,1,-1,0.7387,162.75,238.33,28.24,33.37,33.50,240.50,45.00,11.00,0.0000,129.27,1,7,1.1179,MAX_STEP,0,4869,45,23535,4,200,9277,0,0,0,0
65,0,1,1,ACCEPT,50.4404,11.8817,9244,0,-2,0.7338,162.75,236.23,28.24,33.37,32.00,240.00,46.00,14.00,0.0000,130.80,1,-12,1.9470,MAX_STEP,0,5118,51,20798,4,200,9244,0,0,0,0
66,0,1,1,ACCEPT,50.6551,11.0317,9399,1,-1,0.7642,163.62,235.19,28.24,33.37,28.00,243.00,48.00,22.00,0.0000,135.85,1,-11,1.7638,MAX_STEP,0,4732,50,23093,4,200,9399,0,0,0,0
67,0,1,1,ACCEPT,51.0800,12.3405,9132,1,-1,0.7005,164.50,234.14,28.24,33.37,28.00,241.00,48.00,20.00,0.0000,136.67,1,-11,1.9197,MAX_STEP,0,4671,72,20611,4,200,9132,0,0,0,0
68,0,1,1,ACCEPT,52.8561,11.6999,9395,1,-1,0.7070,165.38,233.09,28.24,33.37,29.00,235.00,44.00,14.00,0.0000,136.39,1,-10,1.2317,MAX_STEP,0,4941,89,18369,4,200,9395,0,0,0,0
69,0,1,1,ACCEPT,51.8020,13.0420,9312,2,-2,0.4432,167.12,231.00,28.24,33.37,29.00,234.00,42.00,14.00,0.0000,138.16,1,-4,1.8526,MAX_STEP,0,5070,69,20048,4,200,9312,0,0,0,0
70,0,1,1,ACCEPT,37.2327,7.5574,8298,1,-1,0.8108,168.00,229.95,28.24,33.37,26.50,232.50,45.00,15.00,0.0000,141.52,1,-4,2.1901,MAX_STEP,0,4631,62,25688,4,200,8298,0,0,0,0
71,0,1,1,ACCEPT,39.7064,9.6036,9546,1,-1,0.7559,168.88,228.91,28.24,33.37,27.00,231.00,40.00,18.00,0.0000,141.89,1,-4,1.6963,MAX_STEP,0,5212,51,17618,4,200,9546,0,0,0,0
72,0,1,1,ACCEPT,40.3227,9.1087,8717,2,-1,0.6451,170.62,227.86,28.24,33.37,26.50,229.50,41.00,13.00,0.0000,144.13,1,5,2.2169,MAX_STEP,0,4806,48,21531,4,200,8717,0,0,0,0
73,0,1,1,ACCEPT,39.6199,8.1780,9421,1,-1,0.7844,171.50,226.81,28.24,33.37,29.00,228.00,42.00,14.00,0.0000,142.50,1,5,1.6827,MAX_STEP,0,5005,50,18158,4,200,9421,0,0,0,0
74,0,1,1,ACCEPT,42.2627,8.7646,8712,2,-1,0.6923,173.25,225.77,28.24,33.37,28.00,226.50,44.00,13.00,0.0000,145.25,1,-4,1.4410,MAX_STEP,0,4367,50,19461,4,200,8712,0,0,0,0
75,0,1,1,ACCEPT,44.0170,9.9123,9268,3,-1,0.3621,175.88,224.72,28.24,33.37,29.50,226.00,41.00,14.00,0.0000,146.38,1,-5,1.7759,MAX_STEP,0,4597,60,20125,4,200,9268,0,0,0,0
76,0,1,1,ACCEPT,46.9152,10.9546,8446,2,-1,0.5938,177.62,223.67,28.24,33.37,28.50,225.00,43.00,12.00,0.0000,149.13,1,-11,1.1137,MAX_STEP,0,4263,75,21833,4,200,8446,0,0,0,0
77,0,1,1,ACCEPT,46.4770,11.1875,8771,2,0,0.5515,179.38,223.67,28.24,33.37,30.00,224.00,44.00,12.00,0.0000,149.38,1,-10,1.7025,MAX_STEP,0,4390,68,21781,4,200,8771,0,0,0,0
78,0,1,1,ACCEPT,48.4579,11.5718,9431,3,-1,0.2438,182.00,222.62,28.24,33.37,30.00,222.00,48.00,14.00,0.0000,152.00,1,-5,1.4273,MAX_STEP,0,4634,49,18201,4,200,9431,0,0,0,0
79,0,1,1,ACCEPT,49.3806,10.8792,9008,2,-1,0.5374,183.75,221.58,28.24,33.37,28.00,223.50,52.00,13.00,0.0000,155.76,1,1,1.4494,LOW_CONF,0,4584,50,18376,4,200,9008,0,0,0,0
80,0,1,1,ACCEPT,50.5201,12.1432,9156,2,0,0.4916,185.50,221.58,28.24,33.37,28.50,223.50,51.00,13.00,0.0000,157.01,1,0,1.1334,LOW_CONF,0,4817,49,19857,4,200,9156,0,0,0,0
81,0,1,1,ACCEPT,48.5760,11.7914,8761,2,-1,0.4585,187.25,220.53,28.24,33.37,31.00,222.50,48.00,15.00,0.0000,156.26,1,-11,1.6166,MAX_STEP,0,4988,57,26668,4,200,8761,0,0,0,0
82,0,1,1,ACCEPT,38.1075,8.9639,6956,3,0,0.2394,189.88,220.53,28.24,33.37,28.00,222.00,52.00,14.00,0.0000,161.88,1,-10,1.3504,MAX_STEP,0,3546,76,17110,4,200,6956,0,0,0,0
83,0,1,1,ACCEPT,40.0772,9.2377,5090,2,-1,0.4969,191.62,219.48,28.24,33.37,32.50,224.00,49.00,20.00,0.0000,159.19,1,-11,1.7881,MAX_STEP,0,2765,87,27525,4,200,5090,0,0,0,0
84,0,1,1,ACCEPT,41.6311,8.8777,6241,2,1,0.4237,193.38,220.53,28.24,33.37,33.50,224.50,51.00,19.00,0.0000,159.92,1,-8,1.3295,MAX_STEP,0,3229,80,21620,4,200,6241,0,0,0,0
85,0,1,1,ACCEPT,42.0585,10.4363,4999,3,-1,0.2090,196.00,219.48,28.24,33.37,35.00,226.00,52.00,22.00,0.0000,161.13,1,5,1.5695,MAX_STEP,0,2557,67,24238,4,200,4999,0,0,0,0
86,0,1,1,ACCEPT,42.4118,9.4619,6576,2,0,0.5686,197.75,219.48,28.24,33.37,35.50,227.00,45.00,26.00,0.0000,162.42,1,5,1.9950,MAX_STEP,0,3326,49,22176,4,200,6576,0,0,0,0
87,0,1,1,ACCEPT,46.4554,9.9178,5792,2,0,0.5860,199.50,219.48,28.24,33.37,37.50,227.00,51.00,24.00,0.0000,162.17,1,6,1.4466,MAX_STEP,0,2854,63,30400,4,200,5792,0,0,0,0
88,0,1,1,ACCEPT,47.6251,11.8529,6448,2,-1,0.6686,201.25,218.44,28.24,33.37,43.00,225.50,42.00,23.00,0.0000,158.41,1,-8,1.4238,MAX_STEP,0,3095,73,32767,4,200,6448,0,0,0,0
89,0,1,1,ACCEPT,49.3474,11.8123,6355,3,0,0.3050,203.88,218.44,28.24,33.37,44.50,227.00,43.00,26.00,0.0000,159.60,1,6,1.9366,MAX_STEP,0,2803,59,27443,4,200,6355,0,0,0,0
90,0,1,1,ACCEPT,51.8024,12.4596,5856,2,0,0.5377,205.62,218.44,28.24,33.37,45.50,227.50,41.00,25.00,0.0000,160.38,1,-5,1.9163,MAX_STEP,0,2535,57,27780,4,200,5856,0,0,0,0
91,0,1,1,ACCEPT,49.9815,10.5666,5632,2,0,0.4782,207.38,218.44,28.24,33.37,47.00,227.00,42.00,24.00,0.0000,160.60,1,5,1.9306,MAX_STEP,0,2521,52,30605,4,200,5632,0,0,0,0
92,0,1,1,ACCEPT,50.0384,12.7179,6041,4,1,0.1041,210.88,219.48,28.24,33.37,48.00,230.50,42.00,29.00,0.0000,163.25,1,-4,1.2909,MAX_STEP,0,2777,65,19881,4,200,6041,0,0,0,0
93,0,1,1,ACCEPT,53.0285,14.4625,7130,2,0,0.6093,212.62,219.48,28.24,33.37,50.00,230.00,42.00,30.00,0.0000,162.96,1,-7,1.1994,MAX_STEP,0,3387,55,25147,4,200,7130,0,0,0,0
94,0,1,1,ACCEPT,35.7297,7.8175,6426,2,2,0.4054,214.38,221.58,28.24,33.37,48.00,233.00,36.00,34.00,0.0000,166.77,1,16,1.2079,AT_SEARCH_RAIL,0,4068,70,26945,4,200,6426,0,0,0,0
95,0,1,1,ACCEPT,41.2316,6.9927,5762,4,0,0.1440,217.88,221.58,28.24,33.37,49.50,235.00,37.00,34.00,0.0000,168.91,1,5,1.5919,MAX_STEP,0,3906,71,32767,4,200,5762,0,0,0,0
96,0,1,1,ACCEPT,45.7964,9.8022,6293,2,1,0.4940,219.62,222.62,28.24,33.37,54.50,238.00,39.00,40.00,0.0000,165.84,1,-10,1.6339,MAX_STEP,0,3225,58,32767,4,200,6293,0,0,0,0
97,0,1,1,ACCEPT,50.4720,12.7593,6890,3,1,0.2270,222.25,223.67,28.24,33.37,56.50,238.00,41.00,36.00,0.0000,166.37,1,-11,2.1897,MAX_STEP,0,3633,63,32767,4,200,6890,0,0,0,0
98,0,1,1,ACCEPT,46.6423,9.3557,6128,4,1,0.1554,225.75,224.72,28.24,33.37,57.00,240.00,44.00,40.00,0.0000,169.44,1,-9,1.3342,MAX_STEP,0,3494,60,32767,4,200,6128,0,0,0,0
99,0,1,1,ACCEPT,46.5113,9.9341,5424,2,1,0.6027,227.50,225.77,28.24,33.37,59.00,239.00,42.00,38.00,0.0000,169.02,1,-10,1.9283,MAX_STEP,0,2908,53,32767,4,200,5424,0,0,0,0
100,0,1,1,ACCEPT,49.2871,11.2079,5660,2,1,0.5807,229.25,226.81,28.24,33.37,60.50,239.00,41.00,44.00,0.0000,169.19,1,-9,1.9788,MAX_STEP,0,2893,55,32767,4,200,5660,0,0,0,0
101,0,1,1,ACCEPT,49.8015,11.1470,4626,3,1,0.2674,231.88,227.86,28.24,33.37,60.50,240.00,43.00,40.00,0.0000,171.80,1,-9,1.7075,MAX_STEP,0,2485,67,32767,4,200,4626,0,0,0,0
102,0,1,1,ACCEPT,48.3242,10.4818,3742,1,0,0.7990,232.75,227.86,28.24,33.37,61.50,240.50,41.00,37.00,0.0000,171.72,1,-10,2.0270,MAX_STEP,0,1954,57,32767,4,200,3742,0,0,0,0
103,0,1,1,ACCEPT,52.3235,12.8855,3827,2,1,0.4842,234.50,228.91,28.24,33.37,63.00,241.50,40.00,35.00,0.0000,171.96,1,-9,1.3749,MAX_STEP,0,1942,47,32767,4,200,3827,0,0,0,0
104,0,1,1,ACCEPT,52.1619,10.9339,3805,2,0,0.7327,236.25,228.91,28.24,33.37,63.50,241.00,41.00,32.00,0.0000,173.17,1,-10,1.7819,MAX_STEP,0,2025,44,32767,4,200,3805,0,0,0,0
105,0,1,1,ACCEPT,52.6149,12.8471,3276,2,0,0.4689,238.00,228.91,28.24,33.37,63.50,241.00,43.00,32.00,0.0000,174.92,1,-9,1.3154,MAX_STEP,0,1832,62,32767,4,200,3276,0,0,0,0
106,0,1,1,ACCEPT,40.4848,8.6118,4082,2,-1,0.5235,239.75,227.86,28.24,33.37,64.00,240.00,44.00,32.00,0.0000,176.17,1,6,1.1718,MAX_STEP,0,1999,45,32767,4,200,4082,0,0,0,0
107,0,1,1,ACCEPT,43.3297,9.5327,4080,2,-1,0.6968,241.50,226.81,28.24,33.37,65.50,240.00,43.00,34.00,0.0000,176.49,1,-8,1.4033,MAX_STEP,0,2011,43,32767,4,200,4080,0,0,0,0
108,0,1,1,ACCEPT,45.5800,8.8178,4162,1,-1,0.7946,242.38,225.77,28.24,33.37,67.00,241.50,42.00,37.00,0.0000,176.08,1,-9,1.8149,MAX_STEP,0,1968,52,32767,4,200,4162,0,0,0,0
109,0,1,1,ACCEPT,47.1264,10.8546,4852,3,-1,0.3355,245.00,224.72,28.24,33.37,68.00,243.00,40.00,36.00,0.0000,177.94,1,5,1.6469,MAX_STEP,0,2419,44,32767,4,200,4852,0,0,0,0
110,0,1,1,ACCEPT,47.0844,10.0630,4790,0,-2,0.7420,245.00,222.62,28.24,33.37,68.00,241.50,40.00,33.00,0.0000,178.00,1,-7,1.7303,MAX_STEP,0,2442,53,32767,4,200,4790,0,0,0,0
111,0,1,1,ACCEPT,48.8873,9.5828,6018,1,-1,0.7574,245.88,221.58,28.24,33.37,68.50,241.00,41.00,32.00,0.0000,178.44,1,-7,1.5603,MAX_STEP,0,2937,49,32767,4,200,6018,0,0,0,0
112,0,1,1,ACCEPT,46.7491,11.0866,5632,1,-2,0.6882,246.75,219.48,28.24,33.37,68.00,241.00,42.00,36.00,0.0000,180.04,1,5,1.7387,MAX_STEP,0,2925,52,32767,4,200,5632,0,0,0,0
113,0,1,1,ACCEPT,49.2550,9.1823,5390,1,-1,0.9898,247.62,218.44,28.24,33.37,69.50,240.00,39.00,36.00,0.0000,179.43,1,6,1.8919,MAX_STEP,0,2605,56,32767,4,200,5390,0,0,0,0
114,0,1,1,ACCEPT,50.4530,10.3636,5814,0,-2,0.7360,247.62,216.34,28.24,33.37,69.50,239.00,39.00,36.00,0.0000,179.56,1,-11,1.0794,MAX_STEP,0,2993,63,32767,4,200,5814,0,0,0,0
115,0,1,1,ACCEPT,50.2581,9.6074,6706,1,-2,0.7129,248.50,214.25,28.24,33.37,68.50,237.00,41.00,36.00,0.0000,181.43,1,6,1.5241,MAX_STEP,0,3309,59,32767,4,200,6706,0,0,0,0
116,0,1,1,ACCEPT,51.8600,11.3353,5679,0,-2,0.6867,248.50,212.16,28.24,33.37,69.00,236.00,42.00,36.00,0.0000,181.08,1,-10,1.1278,MAX_STEP,0,2670,74,32767,4,200,5679,0,0,0,0
117,0,1,1,ACCEPT,51.9015,12.2381,7453,1,-2,0.5168,249.38,210.06,28.24,33.37,70.00,234.00,40.00,36.00,0.0000,180.97,1,-10,1.1969,MAX_STEP,0,3864,49,32767,4,200,7453,0,0,0,0
118,0,1,1,ACCEPT,36.5416,9.2472,4901,2,-2,0.4173,251.12,207.97,28.24,33.37,69.50,233.50,41.00,35.00,0.0000,183.41,1,-6,1.4830,MAX_STEP,0,3942,51,32767,4,200,4901,0,0,0,0
119,0,1,1,ACCEPT,37.2873,9.3740,4537,0,-2,0.5572,251.12,205.88,28.24,33.37,70.50,232.50,39.00,35.00,0.0000,182.58,1,-7,1.5222,MAX_STEP,0,3441,57,30517,4,200,4537,0,0,0,0
120,0,1,1,ACCEPT,37.9504,10.1633,6037,1,-2,0.4809,252.00,203.78,28.24,33.37,70.50,231.50,39.00,35.00,0.0000,183.60,1,-5,1.4121,MAX_STEP,0,4507,55,32767,4,200,6037,0,0,0,0
121,0,1,1,ACCEPT,38.4182,10.4593,6558,0,-2,0.4677,252.00,201.69,28.24,33.37,71.00,230.50,38.00,35.00,0.0000,183.28,1,-5,1.3957,MAX_STEP,0,4935,53,31451,4,200,6558,0,0,0,0
122,0,1,1,ACCEPT,42.3947,9.8580,6940,0,-2,0.4820,252.00,199.59,28.24,33.37,71.00,231.00,38.00,38.00,0.0000,183.70,1,-6,1.4296,MAX_STEP,0,4562,48,29813,4,200,6940,0,0,0,0
123,0,1,1,ACCEPT,46.1044,10.7078,7110,0,-2,0.6241,252.00,197.50,28.24,33.37,70.50,230.00,39.00,38.00,0.0000,184.39,1,-9,1.7238,MAX_STEP,0,4203,43,26088,4,200,7110,0,0,0,0
124,0,1,1,ACCEPT,47.1005,12.6642,6978,0,-1,0.7901,252.00,196.45,28.24,33.37,69.50,229.50,43.00,39.00,0.0000,185.47,1,-8,1.6665,MAX_STEP,0,3794,42,28056,4,200,6978,0,0,0,0
125,0,1,1,ACCEPT,48.7616,13.4310,7199,0,-1,0.9237,252.00,195.41,28.24,33.37,70.00,230.00,42.00,40.00,0.0000,185.26,1,-7,1.2364,MAX_STEP,0,3960,46,30418,4,200,7199,0,0,0,0
126,0,1,1,ACCEPT,49.3486,11.8667,7298,1,-2,0.6413,252.88,193.31,28.24,33.37,70.00,230.50,42.00,43.00,0.0000,186.62,1,-6,1.7634,MAX_STEP,0,4216,43,30877,4,200,7298,0,0,0,0
127,0,1,1,ACCEPT,49.4304,11.5038,7604,-1,-2,0.6624,252.00,191.22,28.24,33.37,68.00,229.00,42.00,42.00,0.0000,187.84,1,-8,2.0570,MAX_STEP,0,3966,50,29610,4,200,7604,0,0,0,0
128,0,1,1,ACCEPT,52.1631,10.9375,7700,1,-1,0.6803,252.88,190.17,28.24,33.37,69.00,227.00,44.00,40.00,0.0000,187.53,1,-6,1.6319,MAX_STEP,0,4086,57,27052,4,200,7700,0,0,0,0
129,0,1,1,ACCEPT,52.2524,12.4533,7198,0,-2,0.6901,252.88,188.08,28.24,33.37,68.50,228.00,45.00,44.00,0.0000,188.65,1,-7,1.9036,MAX_STEP,0,4135,81,20942,4,200,7198,0,0,0,0
130,0,1,1,ACCEPT,34.4454,7.8752,5930,1,-1,0.8530,253.75,187.03,28.24,33.37,68.50,227.50,41.00,47.00,0.0000,189.62,1,-8,1.2957,MAX_STEP,0,3269,87,32767,4,200,5930,0,0,0,0
131,0,1,1,ACCEPT,41.0530,10.0404,5713,0,-1,0.8341,253.75,185.98,28.24,33.37,68.50,229.00,41.00,50.00,0.0000,190.18,1,-8,1.3677,MAX_STEP,0,3525,53,21920,4,200,5713,0,0,0,0
132,0,1,1,ACCEPT,43.2824,10.3155,5787,1,-2,0.6452,254.62,183.89,28.24,33.37,68.50,230.00,45.00,50.00,0.0000,191.75,1,6,1.7261,MAX_STEP,0,3163,59,29682,4,200,5787,0,0,0,0
133,0,1,1,ACCEPT,42.3558,8.5357,5736,1,-1,0.7739,255.50,182.84,28.24,33.37,69.00,227.00,44.00,46.00,0.0000,191.66,1,7,1.5507,MAX_STEP,0,3533,53,21923,4,200,5736,0,0,0,0
134,0,1,1,ACCEPT,42.6737,9.3264,4915,1,-1,0.7552,256.38,181.80,28.24,33.37,68.50,228.00,43.00,50.00,0.0000,193.47,1,-6,1.2980,MAX_STEP,0,3157,54,27060,4,200,4915,0,0,0,0
135,0,1,1,ACCEPT,43.6152,11.1843,4977,1,-2,0.5459,257.25,179.70,28.24,33.37,68.50,228.50,43.00,51.00,0.0000,194.96,1,-6,1.7610,MAX_STEP,0,3209,77,32308,4,200,4977,0,0,0,0
136,0,1,1,ACCEPT,45.6121,10.6936,4502,1,-1,0.7357,258.12,178.66,28.24,33.37,68.50,228.00,43.00,52.00,0.0000,195.94,1,-7,1.4134,MAX_STEP,0,2685,57,28783,4,200,4502,0,0,0,0
137,0,1,1,ACCEPT,43.8708,11.8531,5085,1,-2,0.6696,259.00,176.56,28.24,33.37,69.00,226.50,40.00,49.00,0.0000,196.45,1,-6,1.6281,MAX_STEP,0,3223,51,28095,4,200,5085,0,0,0,0
138,0,1,1,ACCEPT,45.1815,11.0023,4742,0,-2,0.6466,259.00,174.47,28.24,33.37,70.00,224.50,40.00,49.00,0.0000,195.51,1,5,1.3827,MAX_STEP,0,2555,59,32767,4,200,4742,0,0,0,0
139,0,1,1,ACCEPT,45.0233,9.9017,4030,1,-1,0.7052,259.88,173.42,28.24,33.37,71.00,223.50,38.00,49.00,0.0000,195.40,1,-16,0.7261,AT_SEARCH_RAIL,0,2242,68,32767,4,200,4030,0,0,0,0
140,0,1,1,ACCEPT,42.0543,7.9650,4102,2,-2,0.4576,261.62,171.33,28.24,33.37,71.50,222.50,39.00,49.00,0.0000,196.89,1,-6,1.1761,MAX_STEP,0,2485,52,30305,4,200,4102,0,0,0,0
141,0,1,1,ACCEPT,46.6561,9.8416,4163,1,-2,0.4393,262.50,169.23,28.24,33.37,72.50,221.50,39.00,51.00,0.0000,197.06,1,16,0.9767,AT_SEARCH_RAIL,0,2431,82,32767,4,200,4163,0,0,0,0
142,0,1,1,ACCEPT,32.8209,7.0052,4007,1,-3,0.3399,263.38,166.09,28.24,33.37,73.00,224.50,40.00,59.00,0.0000,199.13,1,-11,0.8922,MAX_STEP,0,3238,44,32767,4,200,4007,0,0,0,0
143,0,1,1,ACCEPT,35.4067,7.1864,5088,3,-2,0.2512,266.00,164.00,28.24,33.37,72.50,222.00,43.00,60.00,0.0000,202.01,1,8,1.5410,MAX_STEP,0,3569,42,32767,4,200,5088,0,0,0,0
144,0,1,1,ACCEPT,38.4643,8.2710,5616,0,-3,0.3999,266.00,160.86,28.24,33.37,72.50,220.50,43.00,61.00,0.0000,202.48,1,-8,1.2282,MAX_STEP,0,3901,43,32767,4,200,5616,0,0,0,0
145,0,1,1,ACCEPT,39.7675,7.5295,6626,2,-3,0.3446,267.75,157.72,28.24,33.37,73.00,218.00,42.00,60.00,0.0000,203.87,1,-8,1.6755,MAX_STEP,0,4554,44,32767,4,200,6626,0,0,0,0
146,0,1,1,ACCEPT,43.1945,9.1116,6041,1,-2,0.4567,268.62,155.62,28.24,33.37,73.00,219.00,40.00,60.00,0.0000,205.63,1,-8,0.8980,MAX_STEP,0,3986,42,32767,4,200,6041,0,0,0,0
147,0,1,1,ACCEPT,45.3214,9.7569,6020,1,-3,0.2812,269.50,152.48,28.24,33.37,75.50,215.00,39.00,60.00,0.0000,203.82,1,-9,1.4890,MAX_STEP,0,3899,45,32767,4,200,6020,0,0,0,0
148,0,1,1,ACCEPT,46.6627,9.6829,6565,1,-2,0.5546,270.38,150.39,28.24,33.37,75.50,214.00,37.00,62.00,0.0000,204.99,1,12,1.0920,MAX_STEP,0,3658,72,30515,4,200,6565,0,0,0,0
149,0,1,1,ACCEPT,44.1835,11.0051,8562,2,-2,0.2505,272.12,148.30,28.24,33.37,75.50,212.50,37.00,61.00,0.0000,206.84,1,-7,1.0912,MAX_STEP,0,5624,67,29558,4,200,8562,0,0,0,0
150,0,1,1,ACCEPT,39.0557,8.4442,8022,1,-3,0.1967,273.00,145.16,28.24,33.37,75.50,212.00,35.00,60.00,0.0000,208.51,1,-7,1.5484,MAX_STEP,0,6168,59,23372,4,200,8022,0,0,0,0
151,0,1,1,ACCEPT,42.1349,8.2624,7808,0,-3,0.3954,273.00,142.02,28.24,33.37,75.50,213.50,37.00,65.00,0.0000,210.04,1,9,1.0522,MAX_STEP,0,4651,56,20149,4,200,7808,0,0,0,0
152,0,1,1,ACCEPT,47.3473,10.2361,8629,1,-2,0.4420,273.88,139.92,28.24,33.37,75.50,211.50,37.00,65.00,0.0000,210.89,1,10,1.0607,MAX_STEP,0,5116,89,17074,4,200,8629,0,0,0,0
153,0,1,1,ACCEPT,46.6188,9.7035,9131,1,-3,0.2731,274.75,136.78,28.24,33.37,75.50,209.50,37.00,63.00,0.0000,212.11,1,-7,1.0617,MAX_STEP,0,5700,76,15701,4,200,9131,0,0,0,0
154,0,1,1,ACCEPT,35.3384,8.8909,6846,0,-3,0.4873,274.75,133.64,28.24,33.37,75.50,212.00,35.00,68.00,0.0000,214.10,1,-8,1.4933,MAX_STEP,0,5081,86,22644,4,200,6846,0,0,0,0
155,0,1,1,ACCEPT,37.7951,9.1076,6430,1,-2,0.5107,275.62,131.55,28.24,33.37,74.50,213.00,35.00,70.00,0.0000,216.99,1,15,0.8984,MAX_STEP,0,4459,56,19269,4,200,6430,0,0,0,0
156,0,1,1,ACCEPT,40.2567,10.5277,7401,0,-3,0.2960,275.62,128.41,28.24,33.37,75.00,211.50,36.00,71.00,0.0000,217.15,1,-8,0.9583,MAX_STEP,0,5015,52,16882,4,200,7401,0,0,0,0
157,0,1,1,ACCEPT,41.1695,10.0536,7309,0,-2,0.7811,275.62,126.31,28.24,33.37,75.50,212.00,35.00,74.00,0.0000,217.70,1,-8,0.8405,MAX_STEP,0,4624,50,17519,4,200,7309,0,0,0,0
158,0,1,1,ACCEPT,43.8268,9.7438,7834,1,-2,0.4645,276.50,124.22,28.24,33.37,75.50,207.50,35.00,67.00,0.0000,217.57,1,14,0.9953,MAX_STEP,0,5107,57,27212,4,200,7834,0,0,0,0
159,0,1,1,ACCEPT,42.9462,10.0052,7664,0,-3,0.3686,276.50,121.08,28.24,33.37,74.50,209.50,35.00,71.00,0.0000,220.50,1,13,1.1247,MAX_STEP,0,5013,54,20319,4,200,7664,0,0,0,0
160,0,1,1,ACCEPT,46.3330,11.4634,8311,1,-2,0.5489,277.38,118.98,28.24,33.37,74.50,208.50,35.00,71.00,0.0000,221.75,1,15,0.9236,MAX_STEP,0,4766,59,21958,4,200,8311,0,0,0,0
161,0,1,1,ACCEPT,45.0857,13.2061,8267,2,-3,0.2578,279.12,115.84,28.24,33.37,76.00,209.50,34.00,73.00,0.0000,223.68,1,8,1.4225,MAX_STEP,0,5175,57,32767,4,200,8267,0,0,0,0
162,0,1,1,ACCEPT,44.8617,11.7696,8121,0,-2,0.4772,279.12,113.75,28.24,33.37,76.00,206.50,34.00,69.00,0.0000,223.30,1,11,0.8055,MAX_STEP,0,4861,55,24413,4,200,8121,0,0,0,0
163,0,1,1,ACCEPT,46.0131,13.0965,8552,1,-3,0.3072,280.00,110.61,28.24,33.37,77.00,205.50,34.00,67.00,0.0000,224.08,1,8,1.1971,MAX_STEP,0,5553,51,28908,4,200,8552,0,0,0,0
164,0,1,1,ACCEPT,50.1087,13.9746,8259,1,-3,0.3871,280.88,107.47,28.24,33.37,77.50,204.50,35.00,67.00,0.0000,225.34,1,6,1.7159,MAX_STEP,0,4706,52,26350,4,200,8259,0,0,0,0
165,0,1,1,ACCEPT,49.8820,12.4882,7955,0,-1,0.8089,280.88,106.42,28.24,33.37,75.50,204.50,37.00,67.00,0.0000,227.59,1,12,0.9488,MAX_STEP,0,4250,56,27325,4,200,7955,0,0,0,0
166,0,1,1,ACCEPT,39.7376,9.0600,8000,1,-3,0.4321,281.75,103.28,28.24,33.37,76.00,205.50,32.00,69.00,0.0000,229.74,1,12,1.1763,MAX_STEP,0,4076,57,22544,4,200,8000,0,0,0,0
167,0,1,1,ACCEPT,44.0069,9.7174,7667,0,-2,0.6066,281.75,101.19,28.24,33.37,76.00,207.00,32.00,72.00,0.0000,231.36,1,11,1.2860,MAX_STEP,0,3896,53,16040,4,200,7667,0,0,0,0
168,0,1,1,ACCEPT,45.8861,10.7400,7518,1,-2,0.5134,282.62,99.09,28.24,33.37,75.50,206.00,33.00,70.00,0.0000,233.09,1,11,1.2393,MAX_STEP,0,3926,42,18785,4,200,7518,0,0,0,0
169,0,1,1,ACCEPT,47.9558,11.1832,7325,1,-2,0.5113,283.50,97.00,28.24,33.37,76.50,207.50,33.00,67.00,0.0000,234.65,1,10,1.1878,MAX_STEP,0,3915,48,18658,4,200,7325,0,0,0,0
170,0,1,1,ACCEPT,47.9393,11.0968,7224,0,-2,0.4788,283.50,94.91,28.24,33.37,76.00,208.00,32.00,68.00,0.0000,236.32,1,12,1.0757,MAX_STEP,0,3884,45,20185,4,200,7224,0,0,0,0
171,0,1,1,ACCEPT,47.4166,10.5433,6811,0,-2,0.4295,283.50,92.81,28.24,33.37,75.50,208.50,33.00,67.00,0.0000,238.01,1,13,1.3860,MAX_STEP,0,3943,57,19520,4,200,6811,0,0,0,0
172,0,1,1,ACCEPT,48.3127,11.6094,6896,0,-2,0.4521,283.50,90.72,28.24,33.37,75.50,208.50,33.00,69.00,0.0000,239.03,1,13,1.4273,MAX_STEP,0,3959,47,21807,4,200,6896,0,0,0,0
173,0,1,1,ACCEPT,48.8635,12.3558,6771,0,-2,0.4608,283.50,88.62,28.24,33.37,74.00,209.00,36.00,70.00,0.0000,241.62,1,13,1.2835,MAX_STEP,0,4034,50,22005,4,200,6771,0,0,0,0
174,0,1,1,ACCEPT,51.9037,13.2000,6666,0,-2,0.6361,283.50,86.53,28.24,33.37,73.00,209.50,36.00,67.00,0.0000,243.79,1,13,1.1885,MAX_STEP,0,3629,52,20300,4,200,6666,0,0,0,0
175,0,1,1,ACCEPT,51.3813,13.2975,6795,0,-2,0.6387,283.50,84.44,28.24,33.37,72.50,208.00,37.00,64.00,0.0000,244.52,1,13,1.3149,MAX_STEP,0,3635,58,19796,4,200,6795,0,0,0,0
176,0,1,1,ACCEPT,51.9574,12.8701,6937,0,-1,0.9402,283.50,83.39,28.24,33.37,70.50,208.50,33.00,65.00,0.0000,247.03,1,14,1.2269,MAX_STEP,0,3299,79,12585,4,200,6937,0,0,0,0
177,0,1,1,ACCEPT,51.9050,13.4980,6803,0,-1,0.8330,283.50,82.34,28.24,33.37,70.00,207.50,36.00,65.00,0.0000,247.48,1,15,1.1234,MAX_STEP,0,3370,103,8424,4,200,6803,0,0,0,0
178,0,1,1,ACCEPT,41.0585,9.1443,6273,-1,-2,0.5930,282.62,80.25,28.24,33.37,68.50,207.50,35.00,63.00,0.0000,249.08,1,12,1.1108,MAX_STEP,0,3527,43,13667,4,200,6273,0,0,0,0
179,0,1,1,ACCEPT,41.8531,10.3201,6254,0,-1,0.7734,282.62,79.20,28.24,33.37,67.00,207.00,34.00,62.00,0.0000,250.65,1,12,1.2140,MAX_STEP,0,3686,47,14600,4,200,6254,0,0,0,0
180,0,1,1,ACCEPT,44.7448,12.6436,6385,0,-2,0.4556,282.62,77.11,28.24,33.37,65.00,205.00,32.00,64.00,0.0000,252.42,1,12,1.1929,MAX_STEP,0,3923,45,17257,4,200,6385,0,0,0,0
181,0,1,1,ACCEPT,48.0584,12.1189,6726,0,-2,0.5675,282.62,75.02,28.24,33.37,63.50,209.00,31.00,68.00,0.0000,256.84,1,12,1.2434,MAX_STEP,0,3469,45,21028,4,200,6726,0,0,0,0
182,0,1,1,ACCEPT,45.5995,9.7884,6568,0,-2,0.5565,282.62,72.92,28.24,33.37,62.50,210.50,31.00,67.00,0.0000,259.58,1,12,1.2454,MAX_STEP,0,3512,45,24618,4,200,6568,0,0,0,0
183,0,1,1,ACCEPT,47.8229,10.6069,6746,0,-2,0.5105,282.62,70.83,28.24,33.37,60.00,209.50,34.00,69.00,0.0000,262.28,1,13,1.1937,MAX_STEP,0,3500,47,30469,4,200,6746,0,0,0,0
184,0,1,1,ACCEPT,48.8947,10.8730,6850,0,-2,0.6855,282.62,68.73,28.24,33.37,60.00,208.00,34.00,66.00,0.0000,262.60,1,11,1.3336,MAX_STEP,0,3579,57,23831,4,200,6850,0,0,0,0
185,0,1,1,ACCEPT,50.2482,11.8112,6567,0,-2,0.6071,282.62,66.64,28.24,33.37,57.50,209.50,33.00,69.00,0.0000,266.63,1,12,1.2709,MAX_STEP,0,3495,57,22922,4,200,6567,0,0,0,0
186,0,1,1,ACCEPT,51.3007,10.8330,6294,-1,-2,0.5070,281.75,64.55,28.24,33.37,56.50,209.00,33.00,64.00,0.0000,267.59,1,-15,1.1523,MAX_STEP,0,3390,48,28269,4,200,6294,0,0,0,0
187,0,1,1,ACCEPT,52.4508,10.4452,6288,0,-2,0.5226,281.75,62.45,28.24,33.37,55.50,209.00,33.00,64.00,0.0000,269.56,1,-16,1.1841,AT_SEARCH_RAIL,0,3184,41,32767,4,200,6288,0,0,0,0
188,0,1,1,ACCEPT,53.2063,13.4319,6407,0,-1,0.8622,281.75,61.41,28.24,33.37,54.00,210.50,32.00,65.00,0.0000,272.21,1,-14,1.2435,MAX_STEP,0,3234,59,23817,4,200,6407,0,0,0,0
189,0,1,1,ACCEPT,52.5461,11.0737,6157,-1,-1,0.7988,280.88,60.36,28.24,33.37,53.50,208.00,33.00,64.00,0.0000,271.10,1,-14,1.1069,MAX_STEP,0,3144,93,10697,4,200,6157,0,0,0,0
190,0,1,1,ACCEPT,37.5029,7.9580,5499,0,-2,0.7298,280.88,58.27,28.24,33.37,51.00,209.00,30.00,60.00,0.0000,274.89,1,-16,1.3693,AT_SEARCH_RAIL,0,3390,53,14737,4,200,5499,0,0,0,0
191,0,1,1,ACCEPT,39.5582,8.2076,4941,0,-1,0.8017,280.88,57.22,28.24,33.37,50.00,210.00,30.00,62.00,0.0000,276.85,1,11,0.8900,MAX_STEP,0,3015,60,20825,4,200,4941,0,0,0,0
192,0,1,1,ACCEPT,40.5879,8.5862,5332,0,-2,0.5540,280.88,55.12,28.24,33.37,48.00,209.50,32.00,63.00,0.0000,279.40,1,-13,1.4004,MAX_STEP,0,2813,56,25126,4,200,5332,0,0,0,0
193,0,1,1,ACCEPT,38.7728,8.9393,5301,-1,-2,0.6812,280.00,53.03,28.24,33.37,45.50,210.50,33.00,61.00,0.0000,282.47,1,-16,1.9263,AT_SEARCH_RAIL,0,2986,54,30789,4,200,5301,0,0,0,0
194,0,1,1,ACCEPT,41.9010,8.9564,5544,0,-1,0.8577,280.00,51.98,28.24,33.37,46.00,211.00,32.00,60.00,0.0000,282.92,1,-14,1.1298,MAX_STEP,0,2946,59,32767,4,200,5544,0,0,0,0
195,0,1,1,ACCEPT,41.8554,9.4153,5169,-1,-1,0.7992,279.12,50.94,28.24,33.37,45.50,211.50,35.00,59.00,0.0000,283.48,1,-11,0.9888,MAX_STEP,0,2907,49,26504,4,200,5169,0,0,0,0
196,0,1,1,ACCEPT,37.1426,8.4724,4448,0,-2,0.7208,279.12,48.84,28.24,33.37,43.50,212.00,33.00,60.00,0.0000,286.60,1,-15,1.1419,MAX_STEP,0,3046,52,24214,4,200,4448,0,0,0,0
197,0,1,1,ACCEPT,33.2434,7.6267,4393,-1,-1,0.6615,278.25,47.80,28.24,33.37,42.00,210.50,34.00,63.00,0.0000,286.86,1,9,0.9313,MAX_STEP,0,2814,65,24158,4,200,4393,0,0,0,0
198,0,1,1,ACCEPT,41.5397,9.3196,4520,-1,-2,0.5918,277.38,45.70,28.24,33.37,40.50,211.50,33.00,63.00,0.0000,289.13,1,16,1.0133,AT_SEARCH_RAIL,0,2480,53,25765,4,200,4520,0,0,0,0
199,0,1,1,ACCEPT,45.2685,8.2857,4698,-1,-1,0.7884,276.50,44.66,28.24,33.37,40.00,212.00,34.00,60.00,0.0000,289.72,1,16,1.1436,AT_SEARCH_RAIL,0,2247,50,32767,4,200,4698,0,0,0,0
200,0,1,1,ACCEPT,49.1873,10.5819,6328,-1,-2,0.4262,275.62,42.56,28.24,33.37,37.50,213.50,37.00,61.00,0.0000,293.13,1,16,1.3140,AT_SEARCH_RAIL,0,3439,49,26605,4,200,6328,0,0,0,0
0,0,0,0,ZERO_RESPONSE,0.0000,0.0000,0,0,0,0.0000,228.50,194.50,55.00,97.00,228.50,194.50,55.00,97.00,1.0000,0.00,1,0,0.0000,NOT_RUN,0,0,500,12640,5,300,0,0,0,0,0
1,0,1,1,ACCEPT,61.6613,12.7430,7289,0,-1,0.9742,228.50,191.47,55.00,97.00,228.00,188.50,56.00,91.00,0.9224,3.01,1,0,3.2941,ACCEPT,0,2610,428,11597,5,300,7289,0,0,0,0
2,0,1,1,ACCEPT,43.4200,9.2410,6173,0,0,1.0000,228.50,191.47,55.00,97.00,230.50,202.50,55.00,57.00,0.5544,11.21,1,0,3.2197,ACCEPT,0,2717,344,9344,5,300,6173,0,0,0,0
3,0,1,1,ACCEPT,38.5034,7.4831,4864,0,-1,0.9998,228.50,188.44,55.00,97.00,230.50,198.00,55.00,64.00,0.6209,9.77,1,0,3.1754,ACCEPT,0,2353,286,12982,5,300,4864,0,0,0,0
4,0,1,1,ACCEPT,33.0706,5.6587,5902,0,0,1.0000,228.50,188.44,55.00,97.00,230.00,198.50,54.00,59.00,0.5797,10.17,1,0,2.9566,ACCEPT,0,3129,238,13558,5,300,5902,0,0,0,0
5,0,1,1,ACCEPT,32.3021,5.5046,5956,0,0,1.0000,228.50,188.44,55.00,97.00,230.50,196.00,57.00,62.00,0.6064,7.82,1,0,2.8582,ACCEPT,0,3384,212,11763,5,300,5956,0,0,0,0
6,0,1,1,ACCEPT,28.7897,5.5109,5577,0,0,1.0000,228.50,188.44,55.00,97.00,231.00,195.00,56.00,60.00,0.5766,7.02,1,0,2.7383,ACCEPT,0,3279,165,10771,5,300,5577,0,0,0,0
7,0,1,1,ACCEPT,27.0465,6.6852,4566,0,-1,0.9954,228.50,185.41,55.00,97.00,230.50,191.00,55.00,66.00,0.6398,5.94,1,0,2.4446,ACCEPT,0,2899,198,11282,5,300,4566,0,0,0,0
8,0,1,1,ACCEPT,25.8225,6.0812,5692,0,0,1.0000,228.50,185.41,55.00,97.00,230.50,190.00,55.00,66.00,0.6398,5.01,1,0,2.2702,ACCEPT,0,3798,161,13420,5,300,5692,0,0,0,0
9,0,1,1,ACCEPT,23.4677,4.9228,5676,0,1,0.9989,228.50,188.44,55.00,97.00,231.50,190.00,55.00,66.00,0.6203,3.38,1,0,2.4282,ACCEPT,0,4137,176,15059,5,300,5676,0,0,0,0
10,0,1,1,ACCEPT,23.5765,5.5401,5529,0,0,1.0000,228.50,188.44,55.00,97.00,232.00,188.50,56.00,67.00,0.6218,3.50,1,0,2.3955,ACCEPT,0,4207,196,15457,5,300,5529,0,0,0,0
11,0,1,1,ACCEPT,23.2841,5.2198,5914,0,0,1.0000,228.50,188.44,55.00,97.00,232.00,188.50,58.00,65.00,0.6087,3.50,1,0,2.3134,ACCEPT,0,4685,175,15951,5,300,5914,0,0,0,0
12,0,1,1,ACCEPT,23.5850,4.9143,5676,0,0,1.0000,228.50,188.44,55.00,97.00,232.00,188.00,56.00,66.00,0.6130,3.53,1,0,2.1348,ACCEPT,0,4510,205,16871,5,300,5676,0,0,0,0
13,0,1,1,ACCEPT,25.4254,4.9992,6519,0,1,0.9767,228.50,191.47,55.00,97.00,231.00,189.00,54.00,66.00,0.6278,3.51,1,0,2.1713,ACCEPT,0,4806,222,14440,5,300,6519,0,0,0,0
14,0,1,1,ACCEPT,22.7105,4.7690,6009,0,0,1.0000,228.50,191.47,55.00,97.00,232.50,172.50,53.00,97.00,0.5934,19.39,1,0,1.9683,LOW_CONF,0,5034,126,20444,5,300,6009,0,0,0,0
15,0,1,1,ACCEPT,23.2850,5.7367,6580,1,0,0.8625,230.22,191.47,55.00,97.00,234.50,172.50,51.00,97.00,0.5866,19.45,1,0,1.8600,LOW_CONF,0,5444,152,17090,5,300,6580,0,0,0,0
16,0,1,1,ACCEPT,22.8349,4.9875,6778,2,1,0.7369,233.66,194.50,55.00,97.00,236.50,170.00,51.00,102.00,0.5552,24.66,1,0,2.1786,ACCEPT,0,5569,122,19593,5,300,6778,0,0,0,0
17,0,1,1,ACCEPT,23.7618,6.3166,7561,0,0,1.0000,233.66,194.50,55.00,97.00,238.00,170.50,50.00,97.00,0.5271,24.39,1,0,1.8733,LOW_CONF,0,5848,154,14377,5,300,7561,0,0,0,0
18,0,1,1,ACCEPT,22.4048,4.5931,6784,1,0,0.9068,235.38,194.50,55.00,97.00,241.00,167.00,48.00,102.00,0.4768,28.07,1,0,1.8476,LOW_CONF,0,5465,138,12473,5,300,6784,0,0,0,0
19,0,1,1,ACCEPT,23.3226,5.7078,7306,1,0,0.8561,237.09,194.50,55.00,97.00,243.50,166.00,47.00,102.00,0.4547,29.21,1,0,1.9784,LOW_CONF,0,5423,134,12184,5,300,7306,0,0,0,0
20,0,1,1,ACCEPT,24.6390,5.5728,7423,1,0,0.9351,238.81,194.50,57.20,100.88,246.50,164.50,47.00,101.00,0.4277,30.97,1,1,2.0207,ACCEPT,0,5254,116,16041,5,300,7423,0,0,0,0
21,0,1,1,ACCEPT,23.7088,4.2685,7790,0,0,1.0000,238.81,194.50,57.20,100.88,248.50,161.50,45.00,109.00,0.3871,34.39,1,0,2.4682,ACCEPT,0,5911,163,14830,5,300,7790,0,0,0,0
22,0,1,1,ACCEPT,24.8823,4.2212,7995,0,1,0.9473,238.81,197.66,57.20,100.88,251.00,161.50,46.00,109.00,0.3358,38.16,1,0,2.8655,ACCEPT,0,5752,153,16431,5,300,7995,0,0,0,0
23,0,1,1,ACCEPT,27.3950,4.7128,9124,0,0,1.0000,238.81,197.66,57.20,100.88,254.50,156.50,41.00,109.00,0.2628,44.04,1,0,2.9113,ACCEPT,0,5957,201,15208,5,300,9124,0,0,0,0
24,0,1,1,ACCEPT,28.9370,4.8104,9159,0,-1,0.9949,238.81,194.50,57.20,100.88,256.50,155.50,43.00,105.00,0.2523,42.82,1,0,2.8962,ACCEPT,0,5705,171,17475,5,300,9159,0,0,0,0
25,0,1,1,ACCEPT,31.4232,4.6787,9203,0,0,1.0000,238.81,194.50,57.20,100.88,254.50,153.50,39.00,107.00,0.2581,43.90,1,0,2.8572,ACCEPT,0,5427,218,15505,5,300,9203,0,0,0,0
26,0,1,1,ACCEPT,31.0748,6.4358,9274,0,0,1.0000,238.81,194.50,57.20,100.88,256.00,150.50,40.00,107.00,0.2305,47.24,1,0,2.6575,ACCEPT,0,5540,144,18052,5,300,9274,0,0,0,0
27,0,1,1,ACCEPT,33.2675,6.1758,9276,0,-1,0.9771,238.81,191.34,57.20,100.88,256.50,149.00,37.00,106.00,0.2276,45.89,1,0,2.6128,ACCEPT,0,5160,157,17846,5,300,9276,0,0,0,0
28,0,1,1,ACCEPT,34.6440,6.7324,9082,0,0,1.0000,238.81,191.34,57.20,100.88,256.00,144.50,42.00,103.00,0.2149,49.90,1,0,2.5476,ACCEPT,0,5133,133,15638,5,300,9082,0,0,0,0
29,0,1,1,ACCEPT,37.7709,7.8629,9121,0,-1,0.8580,238.81,188.19,57.20,100.88,255.50,140.00,37.00,108.00,0.2124,51.00,1,0,2.6722,ACCEPT,0,4806,146,14026,5,300,9121,0,0,0,0
30,0,1,1,ACCEPT,38.9735,6.3825,8961,0,-2,0.7130,238.81,181.88,57.20,100.88,258.00,138.00,36.00,100.00,0.1983,47.89,1,0,2.7265,ACCEPT,0,4569,130,12873,5,300,8961,0,0,0,0
31,0,1,1,ACCEPT,39.3241,5.5720,8904,0,-1,0.8735,238.81,178.72,57.20,100.88,259.50,129.00,39.00,96.00,0.1633,53.85,1,0,2.7495,ACCEPT,0,4298,145,10181,5,300,8904,0,0,0,0
32,0,1,1,ACCEPT,40.5112,7.0518,9125,0,-1,0.8823,238.81,175.56,57.20,100.88,259.50,129.00,39.00,98.00,0.1780,50.95,1,0,2.7799,ACCEPT,0,4463,159,9974,5,300,9125,0,0,0,0
33,0,1,1,ACCEPT,39.7457,6.1599,8784,0,-1,0.8586,238.81,172.41,57.20,100.88,257.50,121.00,39.00,98.00,0.1727,54.70,1,0,2.7957,ACCEPT,0,4462,150,8441,5,300,8784,0,0,0,0
34,0,1,1,ACCEPT,38.8917,6.4493,8197,0,-1,0.8151,238.81,169.25,57.20,100.88,255.00,117.00,46.00,98.00,0.1942,54.70,1,0,2.6465,ACCEPT,0,4233,147,8426,5,300,8197,0,0,0,0
35,0,1,1,ACCEPT,40.7222,6.8923,8064,0,-2,0.7339,238.81,162.94,57.20,100.88,257.00,108.00,48.00,102.00,0.1765,57.87,1,0,2.7545,ACCEPT,0,3936,147,11487,5,300,8064,0,0,0,0
36,0,1,1,ACCEPT,40.5643,7.3319,8241,-1,-1,0.8939,237.03,159.78,57.20,100.88,256.50,108.00,47.00,104.00,0.1836,55.32,1,0,2.7201,ACCEPT,0,3740,159,13189,5,300,8241,0,0,0,0
37,0,1,1,ACCEPT,40.1149,7.1640,8518,-1,-1,0.8986,235.25,156.62,57.20,100.88,254.50,106.00,41.00,100.00,0.1774,54.16,1,0,2.6840,ACCEPT,0,4038,153,13952,5,300,8518,0,0,0,0
38,0,1,1,ACCEPT,31.1757,4.7634,7369,-1,0,0.8986,233.47,156.62,57.20,100.88,254.50,87.00,43.00,78.00,0.0674,72.73,1,0,2.7007,ACCEPT,0,4286,166,12320,5,300,7369,0,0,0,0
39,0,1,1,ACCEPT,31.7578,5.4858,7340,-1,-1,0.8550,231.69,153.47,57.20,100.88,249.50,84.50,47.00,81.00,0.0854,71.23,1,0,2.5522,ACCEPT,0,4255,166,14186,5,300,7340,0,0,0,0
40,0,1,1,ACCEPT,29.5916,5.8765,7563,-1,0,0.8646,229.91,153.47,57.20,100.88,253.50,84.50,53.00,87.00,0.0820,72.89,1,0,2.5681,ACCEPT,0,4558,204,14147,5,300,7563,0,0,0,0
41,0,1,1,ACCEPT,30.1679,6.3885,8139,0,0,1.0000,229.91,153.47,57.20,100.88,252.50,84.00,53.00,88.00,0.0844,73.05,1,0,2.5762,ACCEPT,0,4961,190,15442,5,300,8139,0,0,0,0
42,0,1,1,ACCEPT,29.2742,6.1113,8623,-1,1,0.9222,228.12,156.62,57.20,100.88,250.00,87.00,56.00,92.00,0.0932,72.98,1,0,2.5230,ACCEPT,0,5565,188,13291,5,300,8623,0,0,0,0
43,0,1,1,ACCEPT,29.1908,5.6036,8708,0,0,1.0000,228.12,156.62,57.20,100.88,252.00,90.00,54.00,90.00,0.0941,70.77,1,0,2.5922,ACCEPT,0,5697,158,14297,5,300,8708,0,0,0,0
44,0,1,1,ACCEPT,28.3749,5.6365,8342,-1,1,0.9158,226.34,159.78,57.20,100.88,249.00,89.50,52.00,91.00,0.0846,73.84,1,0,2.7205,ACCEPT,0,5779,164,14317,5,300,8342,0,0,0,0
45,0,1,1,ACCEPT,27.8146,5.5985,7961,0,1,0.9437,226.34,162.94,55.00,97.00,252.50,92.00,53.00,90.00,0.0663,75.61,1,-1,2.6913,ACCEPT,0,5587,149,15910,5,300,7961,0,0,0,0
46,0,1,1,ACCEPT,28.8443,5.4448,8091,-1,1,0.9608,224.62,165.97,52.88,93.27,246.50,95.00,59.00,94.00,0.0796,74.26,1,-1,2.6710,ACCEPT,0,5433,155,15923,5,300,8091,0,0,0,0
47,0,1,1,ACCEPT,29.0321,5.3975,8215,0,1,0.9591,224.62,168.89,52.88,93.27,247.50,97.00,59.00,96.00,0.0764,75.44,1,0,2.8407,ACCEPT,0,5553,176,14097,5,300,8215,0,0,0,0
48,0,1,1,ACCEPT,31.3103,5.7204,8552,0,1,0.9145,224.62,171.81,52.88,93.27,248.50,102.00,61.00,98.00,0.0849,73.78,1,0,2.9039,ACCEPT,0,5664,183,13240,5,300,8552,0,0,0,0
49,0,1,1,ACCEPT,32.5082,5.9837,8054,0,1,0.8797,224.62,174.73,52.88,93.27,244.50,107.00,51.00,96.00,0.0962,70.59,1,0,2.8846,ACCEPT,0,5425,175,12354,5,300,8054,0,0,0,0
50,0,1,1,ACCEPT,24.1872,5.1270,6378,0,1,0.8278,224.62,177.66,52.88,93.27,245.50,111.00,57.00,92.00,0.0952,69.85,1,0,2.8660,ACCEPT,0,5667,112,9996,5,300,6378,0,0,0,0
51,0,1,1,ACCEPT,24.6227,4.9788,7533,0,1,0.8582,224.62,180.58,52.88,93.27,244.50,114.00,55.00,92.00,0.0975,69.48,1,0,2.7455,ACCEPT,0,6638,104,10115,5,300,7533,0,0,0,0
52,0,1,1,ACCEPT,26.0560,4.8033,7277,0,1,0.9309,224.62,183.50,50.85,89.68,245.50,117.00,55.00,96.00,0.0938,69.70,1,-1,2.7604,ACCEPT,0,6053,121,8884,5,300,7277,0,0,0,0
53,0,1,1,ACCEPT,25.4858,5.7402,7204,0,0,1.0000,224.62,183.50,50.85,89.68,247.00,116.50,60.00,97.00,0.0915,70.64,1,0,2.9863,ACCEPT,0,5880,91,11890,5,300,7204,0,0,0,0
54,0,1,1,ACCEPT,26.4337,6.2264,7204,1,1,0.8797,226.22,186.30,48.89,86.23,251.50,117.00,63.00,98.00,0.0722,73.76,1,-1,2.6668,ACCEPT,0,6046,98,11948,5,300,7204,0,0,0,0
55,0,1,1,ACCEPT,25.9971,7.1136,7199,1,1,0.8690,227.75,188.98,47.01,82.92,249.50,118.00,63.00,98.00,0.0687,74.24,1,-1,2.3427,ACCEPT,0,5673,92,13824,5,300,7199,0,0,0,0
56,0,1,1,ACCEPT,25.1760,6.4605,7281,1,0,0.9401,229.22,188.98,47.01,82.92,253.00,118.50,64.00,97.00,0.0651,74.39,1,0,2.6336,ACCEPT,0,5643,100,11813,5,300,7281,0,0,0,0
57,0,1,1,ACCEPT,26.6722,6.9981,7229,1,1,0.8698,230.69,191.58,45.21,79.73,255.00,119.00,68.00,104.00,0.0619,76.54,1,-1,2.5120,ACCEPT,0,5800,85,10773,5,300,7229,0,0,0,0
58,0,1,1,ACCEPT,28.8792,7.0915,5815,0,0,1.0000,230.69,191.58,45.21,79.73,254.50,121.00,63.00,102.00,0.0653,74.49,1,0,2.6863,ACCEPT,0,4131,87,11181,5,300,5815,0,0,0,0
59,0,1,1,ACCEPT,29.5347,6.7916,5508,0,0,1.0000,230.69,191.58,45.21,79.73,256.00,118.50,68.00,105.00,0.0595,77.34,1,0,2.5164,ACCEPT,0,4019,96,8594,5,300,5508,0,0,0,0
60,0,1,1,ACCEPT,30.2778,7.2723,4567,0,1,0.9339,230.69,194.06,45.21,79.73,254.00,120.50,64.00,101.00,0.0551,77.17,1,0,2.6571,ACCEPT,0,3321,109,10118,5,300,4567,0,0,0,0
61,0,1,1,ACCEPT,32.4049,7.8788,5720,0,0,1.0000,230.69,194.06,45.21,79.73,256.00,121.50,66.00,103.00,0.0579,76.85,1,0,2.7279,ACCEPT,0,3980,128,9593,5,300,5720,0,0,0,0
62,0,1,1,ACCEPT,30.4982,6.9771,6098,0,1,0.9234,230.69,196.55,45.21,79.73,254.50,124.50,63.00,99.00,0.0563,75.88,1,0,2.7088,ACCEPT,0,4624,100,5275,5,300,6098,0,0,0,0
63,0,1,1,ACCEPT,31.2421,7.6450,3058,0,0,1.0000,230.69,196.55,45.21,79.73,256.00,126.50,64.00,97.00,0.0578,74.48,1,0,2.7103,ACCEPT,0,2262,117,6849,5,300,3058,0,0,0,0
64,0,1,1,ACCEPT,31.8021,7.8250,3756,1,1,0.8533,232.09,199.03,45.21,79.73,256.50,126.50,61.00,101.00,0.0553,76.53,1,0,2.8035,ACCEPT,0,2809,162,8482,5,300,3756,0,0,0,0
65,0,1,1,ACCEPT,33.1046,8.5487,4129,0,1,0.9302,232.09,201.52,45.21,79.73,256.00,121.00,60.00,114.00,0.0470,83.99,1,0,2.6877,ACCEPT,0,2971,97,8947,5,300,4129,0,0,0,0
66,0,1,1,ACCEPT,36.3994,9.2881,4384,0,1,0.9407,232.09,204.00,43.47,76.66,256.50,124.00,63.00,116.00,0.0463,83.64,1,-1,2.7319,ACCEPT,0,2978,96,9649,5,300,4384,0,0,0,0
67,0,1,1,ACCEPT,35.4255,8.2524,4316,0,1,0.8251,232.09,206.39,43.47,76.66,257.00,126.00,62.00,110.00,0.0368,84.16,1,0,2.8567,ACCEPT,0,2990,115,9989,5,300,4316,0,0,0,0
68,0,1,1,ACCEPT,37.0197,8.6115,3746,-1,2,0.6572,230.73,211.17,43.47,76.66,255.50,131.00,61.00,114.00,0.0422,83.91,1,0,2.7736,ACCEPT,0,2400,96,9179,5,300,3746,0,0,0,0
69,0,1,1,ACCEPT,33.5907,8.4640,2937,-1,1,0.7525,229.38,213.56,43.47,76.66,252.50,140.00,61.00,106.00,0.0557,77.11,1,0,2.7923,ACCEPT,0,1987,96,8460,5,300,2937,0,0,0,0
70,0,1,1,ACCEPT,34.9383,8.6151,2395,-1,1,0.7169,228.02,215.95,43.47,76.66,249.00,143.00,58.00,102.00,0.0556,75.91,1,0,2.7415,ACCEPT,0,1645,87,7189,5,300,2395,0,0,0,0
71,0,1,1,ACCEPT,37.0213,7.8949,2029,-2,2,0.5042,225.30,220.73,43.47,76.66,247.50,144.50,57.00,101.00,0.0404,79.40,1,0,2.7001,ACCEPT,0,1276,89,7358,5,300,2029,0,0,0,0
72,0,1,1,ACCEPT,36.1044,7.3876,1544,-1,1,0.9054,223.94,223.12,43.47,76.66,245.00,146.00,56.00,102.00,0.0402,79.95,1,0,2.6746,ACCEPT,0,990,85,8257,5,300,1544,0,0,0,0
73,0,1,1,ACCEPT,38.1845,8.6318,2063,-1,0,0.8541,222.58,223.12,41.80,73.71,243.50,151.00,57.00,100.00,0.0502,75.10,1,-1,2.5976,ACCEPT,0,1241,103,8938,5,300,2063,0,0,0,0
74,0,1,1,ACCEPT,33.7673,7.6733,1926,-2,1,0.7534,219.95,225.42,41.80,73.71,242.50,151.50,57.00,95.00,0.0341,77.28,1,0,2.8403,ACCEPT,0,1268,89,8123,5,300,1926,0,0,0,0
75,0,1,1,ACCEPT,37.0581,8.3950,1998,0,0,1.0000,219.95,225.42,41.80,73.71,240.00,152.00,56.00,98.00,0.0437,76.11,1,0,2.8886,ACCEPT,0,1128,93,7702,5,300,1998,0,0,0,0
76,0,1,1,ACCEPT,37.9818,9.0466,2524,-1,0,0.9806,218.64,225.42,41.80,73.71,239.50,152.00,55.00,96.00,0.0391,76.33,1,0,2.9161,ACCEPT,0,1434,82,7380,5,300,2524,0,0,0,0
77,0,1,1,ACCEPT,39.7561,9.5668,2650,-1,1,0.9128,217.33,227.72,41.80,73.71,236.50,153.50,59.00,95.00,0.0378,76.65,1,0,2.7377,ACCEPT,0,1512,90,7099,5,300,2650,0,0,0,0
78,0,1,1,ACCEPT,40.9715,9.6192,2703,0,0,1.0000,217.33,227.72,41.80,73.71,236.50,153.50,57.00,91.00,0.0307,76.65,1,0,2.9930,ACCEPT,0,1448,92,8136,5,300,2703,0,0,0,0
79,0,1,1,ACCEPT,40.2346,10.1246,3574,0,0,1.0000,217.33,227.72,40.19,70.88,237.50,152.50,55.00,91.00,0.0204,77.88,1,-1,2.9470,ACCEPT,0,1934,99,8937,5,300,3574,0,0,0,0
80,0,1,1,ACCEPT,39.1240,10.0024,4161,0,1,0.8664,217.33,229.94,40.19,70.88,237.00,155.00,54.00,92.00,0.0233,77.48,1,0,3.0016,ACCEPT,0,2366,89,9635,5,300,4161,0,0,0,0
81,0,1,1,ACCEPT,39.2604,10.1667,3416,0,1,0.8604,217.33,232.16,40.19,70.88,236.50,156.50,53.00,93.00,0.0227,78.05,1,0,2.9546,ACCEPT,0,1926,76,9845,5,300,3416,0,0,0,0
82,0,1,1,ACCEPT,39.9981,11.1429,3120,-1,2,0.7263,216.08,236.59,40.19,70.88,234.50,158.50,55.00,93.00,0.0143,80.24,1,0,2.4544,ACCEPT,0,1762,74,9164,5,300,3120,0,0,0,0
83,0,1,1,ACCEPT,42.4953,11.8972,2546,-1,1,0.9254,214.83,238.81,40.19,70.88,233.00,160.50,54.00,95.00,0.0171,80.39,1,0,2.7263,ACCEPT,0,1363,84,9970,5,300,2546,0,0,0,0
84,0,1,1,ACCEPT,44.3991,10.4073,2581,-1,1,0.8454,213.58,241.03,40.19,70.88,232.00,161.50,54.00,95.00,0.0124,81.64,1,0,2.8848,ACCEPT,0,1334,76,9252,5,300,2581,0,0,0,0
85,0,1,1,ACCEPT,45.8647,11.6604,3090,-1,1,0.7583,212.33,243.25,40.19,70.88,231.50,163.00,53.00,100.00,0.0178,82.51,1,0,2.9511,ACCEPT,0,1536,88,9300,5,300,3090,0,0,0,0
86,0,1,1,ACCEPT,35.4628,8.0156,2573,-1,1,0.8290,211.08,245.47,40.19,70.88,226.50,166.50,51.00,97.00,0.0196,80.46,1,0,3.0779,ACCEPT,0,1513,89,3966,5,300,2573,0,0,0,0
87,0,1,1,ACCEPT,37.1364,8.0694,1162,-1,1,0.7745,209.83,247.69,40.19,70.88,226.50,166.50,51.00,97.00,0.0103,82.88,1,0,3.0140,ACCEPT,0,659,93,4219,5,300,1162,0,0,0,0
88,0,1,1,ACCEPT,36.5667,8.3636,1288,-1,1,0.8129,208.58,249.91,40.19,70.88,224.50,169.00,49.00,96.00,0.0097,82.46,1,0,3.0122,ACCEPT,0,708,82,5615,5,300,1288,0,0,0,0
89,0,1,1,ACCEPT,34.0934,8.3966,1461,-1,1,0.7310,207.33,252.12,40.19,70.88,224.00,176.00,52.00,90.00,0.0171,77.93,1,0,3.1094,ACCEPT,0,855,85,4826,5,300,1461,0,0,0,0
90,0,1,1,ACCEPT,34.0733,7.6905,1292,-1,1,0.7701,206.08,254.34,38.64,68.15,221.00,175.50,50.00,95.00,0.0110,80.24,1,-1,3.0726,ACCEPT,0,768,86,4799,5,300,1292,0,0,0,0
91,0,1,1,ACCEPT,30.1169,7.0164,1284,-2,2,0.4914,203.67,258.59,38.64,68.15,220.50,178.00,53.00,86.00,0.0000,82.33,1,0,2.3781,ACCEPT,0,848,90,4649,5,300,1284,0,0,0,0
92,0,1,1,ACCEPT,31.2214,8.0288,1116,-2,1,0.6201,201.27,260.72,38.64,68.15,217.50,181.00,51.00,84.00,0.0000,81.35,1,0,2.7584,ACCEPT,0,702,84,5187,5,300,1116,0,0,0,0
93,0,1,1,ACCEPT,30.1771,8.0898,1351,-1,2,0.7246,200.06,264.97,37.16,65.53,215.50,184.50,53.00,85.00,0.0000,81.94,1,-1,2.4822,ACCEPT,0,850,95,6820,5,300,1351,0,0,0,0
94,0,1,1,ACCEPT,27.6067,7.0631,1455,-1,1,0.7863,198.91,267.02,37.16,65.53,215.00,190.50,54.00,81.00,0.0000,78.19,1,0,2.4055,ACCEPT,0,1023,101,8207,5,300,1455,0,0,0,0
95,0,1,1,ACCEPT,29.1646,7.9242,1672,-1,2,0.5526,197.75,271.11,35.73,63.01,213.00,190.00,52.00,80.00,0.0000,82.53,1,-1,2.3788,ACCEPT,0,1055,79,7655,5,300,1672,0,0,0,0
96,0,1,1,ACCEPT,28.3799,7.5517,1752,-2,2,0.5137,195.53,275.05,34.35,60.59,210.00,196.50,52.00,77.00,0.0000,79.87,1,-1,2.6326,ACCEPT,0,1137,91,5204,5,300,1752,0,0,0,0
97,0,1,1,ACCEPT,26.5717,5.8768,1240,-1,1,0.7395,194.45,276.94,34.35,60.59,211.00,198.00,54.00,76.00,0.0000,80.65,1,0,2.4790,ACCEPT,0,834,114,6227,5,300,1240,0,0,0,0
98,0,1,1,ACCEPT,25.1132,5.2542,1240,0,2,0.7556,194.45,280.72,34.35,60.59,209.50,202.50,55.00,75.00,0.0000,79.65,1,0,2.8255,ACCEPT,0,888,115,8241,5,300,1240,0,0,0,0
99,0,1,1,ACCEPT,28.9194,6.1584,1866,0,1,0.8955,194.45,282.61,34.35,60.59,208.50,204.50,55.00,71.00,0.0000,79.36,1,0,2.6790,ACCEPT,0,1223,87,6867,5,300,1866,0,0,0,0
100,0,1,1,ACCEPT,30.8085,6.2780,1852,0,1,0.8364,194.45,284.50,34.35,60.59,208.50,208.50,55.00,65.00,0.0000,77.29,1,0,2.4988,ACCEPT,0,1211,73,7017,5,300,1852,0,0,0,0
101,0,1,1,ACCEPT,34.3273,7.5034,2176,-1,1,0.8015,193.38,286.39,34.35,60.59,208.50,208.50,53.00,67.00,0.0000,79.35,1,0,2.3767,ACCEPT,0,1315,80,5601,5,300,2176,0,0,0,0
102,0,1,1,ACCEPT,37.1432,7.3333,1870,0,2,0.6487,193.38,290.17,34.35,60.59,208.00,210.00,56.00,70.00,0.0000,81.49,1,0,2.7565,ACCEPT,0,1106,86,9738,5,300,1870,0,0,0,0
103,0,1,1,ACCEPT,40.6406,8.7397,3190,0,1,0.9063,193.38,292.06,34.35,60.59,208.00,209.50,54.00,73.00,0.0000,83.85,1,0,2.7616,ACCEPT,0,1790,74,11078,5,300,3190,0,0,0,0
104,0,1,1,ACCEPT,40.3472,8.8038,3231,0,1,0.8805,193.38,293.95,34.35,60.59,206.50,213.00,53.00,72.00,0.0000,82.01,1,0,2.7053,ACCEPT,0,1811,62,10520,5,300,3231,0,0,0,0
105,0,1,1,ACCEPT,41.4627,8.3378,3135,-1,1,0.9298,192.30,295.84,34.35,60.59,207.00,217.00,52.00,60.00,0.0000,80.20,1,0,2.7707,ACCEPT,0,1718,54,10184,5,300,3135,0,0,0,0
106,0,1,1,ACCEPT,44.8166,9.1243,3449,0,0,1.0000,192.30,295.84,33.03,58.26,207.00,218.50,52.00,59.00,0.0000,78.73,1,-1,2.6139,ACCEPT,0,1873,62,8924,5,300,3449,0,0,0,0
107,0,1,1,ACCEPT,43.5075,10.4107,3321,0,1,0.9160,192.30,297.67,33.03,58.26,206.00,221.00,52.00,56.00,0.0000,77.89,1,0,2.8548,ACCEPT,0,1737,70,10290,5,300,3321,0,0,0,0
108,0,1,1,ACCEPT,46.4687,10.6880,4008,-1,0,0.9207,191.27,297.67,33.03,58.26,205.50,222.50,53.00,55.00,0.0000,76.51,1,0,2.8615,ACCEPT,0,1969,79,8179,5,300,4008,0,0,0,0
109,0,1,1,ACCEPT,47.5741,10.8216,4004,-1,0,0.9003,190.23,297.67,31.76,56.02,204.50,222.50,51.00,53.00,0.0000,76.51,1,-1,2.6067,ACCEPT,0,1893,96,9023,5,300,4004,0,0,0,0
110,0,1,1,ACCEPT,31.8780,5.4597,3385,-1,1,0.7548,189.23,299.42,31.76,56.02,200.50,223.50,57.00,49.00,0.0000,76.75,1,0,2.6630,ACCEPT,0,2038,83,4462,5,300,3385,0,0,0,0
111,0,1,1,ACCEPT,32.2291,5.0705,1942,-2,1,0.5654,187.23,301.17,31.76,56.02,198.00,224.00,56.00,46.00,0.0000,77.92,1,0,2.4131,ACCEPT,0,1128,91,3402,5,300,1942,0,0,0,0
112,0,1,1,ACCEPT,35.1139,5.3805,1711,-3,0,0.4781,184.23,301.17,33.03,58.26,195.50,223.50,57.00,43.00,0.0000,78.48,1,1,2.6597,ACCEPT,0,892,90,3338,5,300,1711,0,0,0,0
113,0,1,1,ACCEPT,39.8626,7.6930,1754,-2,0,0.6277,182.17,301.17,33.03,58.26,194.00,224.00,56.00,40.00,0.0000,78.07,1,0,2.9375,ACCEPT,0,884,80,4807,5,300,1754,0,0,0,0
114,0,1,1,ACCEPT,40.8362,7.4733,2100,-2,1,0.5805,180.11,303.00,33.03,58.26,189.50,225.00,55.00,36.00,0.0000,78.56,1,0,2.8059,ACCEPT,0,1065,72,4314,5,300,2100,0,0,0,0
115,0,1,1,ACCEPT,45.1032,8.7098,1951,-2,0,0.5187,178.05,303.00,33.03,58.26,188.00,225.50,52.00,35.00,0.0000,78.14,1,0,2.9201,ACCEPT,0,934,88,5567,5,300,1951,0,0,0,0
116,0,1,1,ACCEPT,46.9429,9.0958,2374,-3,1,0.4735,174.95,304.83,33.03,58.26,185.50,226.00,53.00,34.00,0.0000,79.53,1,0,2.8688,ACCEPT,0,1132,76,5659,5,300,2374,0,0,0,0
117,0,1,1,ACCEPT,45.8837,9.6466,2238,-2,0,0.7828,172.89,304.83,31.76,56.02,184.50,226.00,53.00,34.00,0.0000,79.68,1,-1,2.8304,ACCEPT,0,1026,76,8889,5,300,2238,0,0,0,0
118,0,1,1,ACCEPT,46.6632,9.3094,2858,-1,1,0.7197,171.89,306.58,31.76,56.02,179.50,226.50,57.00,35.00,0.0000,80.44,1,0,2.8617,ACCEPT,0,1360,94,4459,5,300,2858,0,0,0,0
119,0,1,1,ACCEPT,49.4705,10.3402,2006,-2,0,0.6874,169.89,306.58,30.54,53.86,176.50,230.00,57.00,30.00,0.0000,76.86,1,-1,2.7783,ACCEPT,0,908,89,3782,5,300,2006,0,0,0,0
120,0,1,1,ACCEPT,43.6471,8.5922,1770,-2,1,0.7356,167.98,308.27,30.54,53.86,174.50,229.50,57.00,31.00,0.0000,79.03,1,0,2.8974,ACCEPT,0,937,77,6148,5,300,1770,0,0,0,0
121,0,1,1,ACCEPT,48.1285,10.2889,1852,-1,1,0.9239,167.03,309.95,31.76,56.02,173.00,230.00,56.00,32.00,0.0000,80.18,1,1,2.5193,ACCEPT,0,933,84,7660,5,300,1852,0,0,0,0
122,0,1,1,ACCEPT,37.0842,7.2199,1740,0,0,1.0000,167.03,309.95,31.76,56.02,171.00,231.00,54.00,30.00,0.0000,79.05,1,0,2.8906,ACCEPT,0,1000,84,2737,5,300,1740,0,0,0,0
123,0,1,1,ACCEPT,35.7094,6.4726,945,0,1,0.9746,167.03,311.70,31.76,56.02,170.50,232.00,57.00,28.00,0.0000,79.78,1,0,2.4701,ACCEPT,0,521,107,1560,5,300,945,0,0,0,0
124,0,1,1,ACCEPT,36.8115,6.0397,761,-1,0,0.9934,166.03,311.70,31.76,56.02,169.50,234.00,55.00,26.00,0.0000,77.78,1,0,2.8498,ACCEPT,0,411,77,2245,5,300,761,0,0,0,0
125,0,1,1,ACCEPT,38.1093,6.0714,850,0,1,0.9541,166.03,313.45,31.76,56.02,166.00,235.00,56.00,22.00,0.0000,78.45,1,0,2.6843,ACCEPT,0,443,78,2298,5,300,850,0,0,0,0
126,0,1,1,ACCEPT,39.2032,7.1121,761,-1,1,0.8581,165.03,315.20,31.76,56.02,163.50,236.50,57.00,21.00,0.0000,78.72,1,0,2.5795,ACCEPT,0,369,83,1795,5,300,761,0,0,0,0
127,0,1,1,ACCEPT,41.3583,8.4819,704,0,1,0.9375,165.03,316.95,31.76,56.02,162.50,240.00,61.00,20.00,0.0000,76.99,1,0,2.4986,ACCEPT,0,350,79,2052,5,300,704,0,0,0,0
128,0,1,1,ACCEPT,43.8857,9.9367,785,-1,1,0.8892,164.03,318.70,31.76,56.02,161.00,239.50,64.00,17.00,0.0000,79.26,1,0,2.7106,ACCEPT,0,376,77,2638,5,300,785,0,0,0,0
129,0,1,1,ACCEPT,41.2479,10.1512,873,-1,0,0.9759,163.03,318.70,30.54,53.86,152.00,240.50,78.00,23.00,0.0000,78.98,1,-1,2.7404,ACCEPT,0,468,77,2200,5,300,873,0,0,0,0
130,0,1,1,ACCEPT,40.4327,8.3488,718,0,1,0.7994,163.03,320.39,30.54,53.86,150.50,244.00,81.00,18.00,0.0000,77.41,1,0,2.9442,ACCEPT,0,403,147,3329,5,300,718,0,0,0,0
131,0,1,1,ACCEPT,42.6132,8.8025,713,-1,2,0.6396,162.08,323.77,30.54,53.86,147.50,245.00,77.00,18.00,0.0000,80.10,1,0,2.6788,ACCEPT,0,420,112,6605,5,300,713,0,0,0,0
132,0,1,1,ACCEPT,43.2771,7.2769,946,0,0,1.0000,162.08,323.77,30.54,53.86,147.00,248.00,76.00,18.00,0.0000,77.25,1,0,2.8274,ACCEPT,0,504,69,6803,5,300,946,0,0,0,0
133,0,1,1,ACCEPT,44.6680,6.8611,988,-1,1,0.8198,161.12,325.45,30.54,53.86,144.00,249.50,72.00,19.00,0.0000,77.86,1,0,2.8980,ACCEPT,0,505,79,9859,5,300,988,0,0,0,0
134,0,1,1,ACCEPT,37.9574,8.5565,984,0,2,0.7378,161.12,328.83,31.76,56.02,145.00,251.00,66.00,16.00,0.0000,79.48,1,1,2.2877,ACCEPT,0,476,88,6832,5,300,984,0,0,0,0
135,0,1,1,ACCEPT,37.4207,8.1222,731,-1,0,0.9425,160.12,328.83,30.54,53.86,139.50,250.00,65.00,12.00,0.0000,81.48,1,-1,2.7352,ACCEPT,0,359,97,3291,5,300,731,0,0,0,0
136,0,1,1,ACCEPT,40.0528,7.4242,735,-1,1,0.7741,159.17,330.52,30.54,53.86,139.50,251.50,63.00,13.00,0.0000,81.43,1,0,2.7995,ACCEPT,0,394,106,4989,5,300,735,0,0,0,0
137,0,1,1,ACCEPT,37.9232,7.1529,608,0,1,0.9062,159.17,332.20,30.54,53.86,133.00,251.50,58.00,17.00,0.0000,84.84,1,0,2.9226,ACCEPT,0,330,106,6840,5,300,608,0,0,0,0
138,0,1,1,ACCEPT,40.4165,6.4571,678,-1,1,0.7581,158.22,333.89,30.54,53.86,131.50,252.00,59.00,16.00,0.0000,86.14,1,0,2.9086,ACCEPT,0,329,92,6966,5,300,678,0,0,0,0
139,0,1,1,ACCEPT,41.2401,7.4605,567,0,1,0.9806,158.22,335.58,30.54,53.86,124.00,251.50,76.00,19.00,0.0000,90.77,1,0,2.8132,ACCEPT,0,258,77,6426,5,300,567,0,0,0,0
140,0,1,1,ACCEPT,40.9960,7.7333,464,0,0,1.0000,158.22,335.58,30.54,53.86,121.00,253.00,70.00,18.00,0.0000,90.58,1,0,2.9533,ACCEPT,0,222,71,6407,5,300,464,0,0,0,0
141,0,1,1,ACCEPT,41.8148,8.3704,452,0,0,1.0000,158.22,335.58,30.54,53.86,116.50,253.00,61.00,18.00,0.0000,92.52,1,0,2.8424,ACCEPT,0,220,67,7687,5,300,452,0,0,0,0
142,0,1,1,ACCEPT,44.4518,9.3750,525,0,1,0.9086,158.22,337.27,30.54,53.86,112.00,253.00,76.00,18.00,0.0000,96.11,1,0,3.0457,ACCEPT,0,246,52,6684,5,300,525,0,0,0,0
143,0,1,1,ACCEPT,44.3447,10.0698,433,1,0,0.9053,159.17,337.27,30.54,53.86,112.50,251.50,71.00,17.00,0.0000,97.64,1,0,3.0831,ACCEPT,0,205,55,4907,5,300,433,0,0,0,0
144,0,1,1,ACCEPT,44.2543,8.8333,371,0,0,1.0000,159.17,337.27,30.54,53.86,97.00,252.00,92.00,14.00,0.0000,105.53,1,0,2.9798,ACCEPT,0,184,59,4606,5,300,371,0,0,0,0
145,0,1,1,ACCEPT,43.5722,7.5094,398,1,0,0.8065,160.12,337.27,30.54,53.86,98.50,252.00,87.00,12.00,0.0000,105.20,1,0,2.9837,ACCEPT,0,196,72,4313,5,300,398,0,0,0,0
146,0,1,1,ACCEPT,36.5296,7.0351,401,2,0,0.7980,162.03,337.27,30.54,53.86,84.00,252.50,100.00,13.00,0.0000,115.21,1,0,2.9827,ACCEPT,0,200,69,4737,5,300,401,0,0,0,0
147,0,1,1,ACCEPT,38.4621,8.3953,361,1,0,0.8864,162.98,337.27,30.54,53.86,85.00,253.00,102.00,16.00,0.0000,114.81,1,0,2.8734,ACCEPT,0,170,68,4885,5,300,361,0,0,0,0
148,0,1,1,ACCEPT,37.7223,7.8667,354,1,0,0.8503,163.94,337.27,30.54,53.86,74.50,253.50,107.00,13.00,0.0000,122.54,1,0,2.8184,ACCEPT,0,171,78,5443,5,300,354,0,0,0,0
149,0,1,1,ACCEPT,37.2598,7.6809,361,1,0,0.8449,164.89,337.27,30.54,53.86,73.00,252.50,100.00,13.00,0.0000,125.02,1,0,2.8511,ACCEPT,0,188,51,4090,5,300,361,0,0,0,0
150,0,1,1,ACCEPT,37.5290,7.5227,331,2,0,0.7795,166.80,337.27,30.54,53.86,75.00,253.50,100.00,13.00,0.0000,124.27,1,0,2.9215,ACCEPT,0,181,68,4679,5,300,331,0,0,0,0
151,0,1,1,ACCEPT,37.6347,7.8780,323,1,0,0.8080,167.75,337.27,30.54,53.86,70.00,254.00,96.00,14.00,0.0000,128.41,1,0,2.8300,ACCEPT,0,172,62,3942,5,300,323,0,0,0,0
152,0,1,1,ACCEPT,40.0956,8.5526,325,1,-1,0.7662,168.70,335.58,30.54,53.86,65.00,253.00,96.00,14.00,0.0000,132.57,1,0,2.6771,ACCEPT,0,163,57,3755,5,300,325,0,0,0,0
153,0,1,1,ACCEPT,41.1584,7.8500,314,1,-1,0.8694,169.66,333.89,30.54,53.86,63.00,253.50,90.00,15.00,0.0000,133.56,1,0,2.3611,ACCEPT,0,152,62,3380,5,300,314,0,0,0,0
154,0,1,1,ACCEPT,39.0786,7.5000,300,1,0,0.9967,170.61,333.89,30.54,53.86,55.50,252.50,93.00,13.00,0.0000,140.98,1,0,2.7650,ACCEPT,0,149,74,3658,5,300,300,0,0,0,0
155,0,1,1,ACCEPT,35.6763,6.6047,284,0,-1,0.9542,170.61,332.20,30.54,53.86,53.00,251.50,88.00,13.00,0.0000,142.64,1,0,2.2002,ACCEPT,0,147,67,3163,5,300,284,0,0,0,0
156,0,1,1,ACCEPT,37.7527,7.9118,269,1,0,0.9851,171.56,332.20,30.54,53.86,50.00,250.50,84.00,13.00,0.0000,146.47,1,0,2.6571,ACCEPT,0,152,69,3853,5,300,269,0,0,0,0
157,0,1,1,ACCEPT,37.7941,6.4906,344,0,-1,0.8517,171.56,330.52,30.54,53.86,49.50,251.00,81.00,14.00,0.0000,145.68,1,0,2.6491,ACCEPT,0,184,76,4609,5,300,344,0,0,0,0
158,0,1,1,ACCEPT,32.8093,7.1143,498,0,-2,0.7631,171.56,327.14,33.03,58.26,42.50,250.00,71.00,14.00,0.0000,150.36,1,2,2.3579,ACCEPT,0,280,43,4283,5,300,498,0,0,0,0
159,0,1,1,ACCEPT,31.2395,6.8784,509,1,-1,0.7878,172.59,325.31,33.03,58.26,45.00,247.00,52.00,14.00,0.0000,149.71,1,0,2.7090,ACCEPT,0,268,66,3780,5,300,509,0,0,0,0
160,0,1,1,ACCEPT,31.0816,7.3857,517,1,-1,0.9130,173.62,323.48,34.35,60.59,43.50,246.50,51.00,11.00,0.0000,151.19,1,1,2.6958,ACCEPT,0,285,58,3980,5,300,517,0,0,0,0
161,0,1,1,ACCEPT,29.6417,6.2889,566,-1,0,0.9664,172.55,323.48,34.35,60.59,42.50,244.00,53.00,12.00,0.0000,152.41,1,0,2.5527,ACCEPT,0,328,89,1416,5,300,566,0,0,0,0
162,0,1,1,ACCEPT,33.5063,8.2286,576,1,-1,0.7986,173.62,321.59,34.35,60.59,39.00,242.50,46.00,13.00,0.0000,156.14,1,0,2.6854,ACCEPT,0,351,78,1310,5,300,576,0,0,0,0
163,0,1,1,ACCEPT,35.8013,8.1184,617,1,-1,0.7990,174.70,319.70,34.35,60.59,36.50,241.00,45.00,14.00,0.0000,159.04,1,0,2.7626,ACCEPT,0,352,70,1073,5,300,617,0,0,0,0
164,0,1,1,ACCEPT,39.1075,8.3871,520,0,-1,0.9019,174.70,317.81,34.35,60.59,33.50,240.50,45.00,11.00,0.0000,160.98,1,0,2.7595,ACCEPT,0,253,77,1750,5,300,520,0,0,0,0
165,0,1,1,ACCEPT,38.7802,8.1771,785,1,-1,0.9490,175.78,315.92,34.35,60.59,32.00,240.00,46.00,14.00,0.0000,162.60,1,0,2.7326,ACCEPT,0,373,84,2167,5,300,785,0,0,0,0
166,0,1,1,ACCEPT,40.4055,8.0000,1120,0,0,1.0000,175.78,315.92,34.35,60.59,28.00,243.00,48.00,22.00,0.0000,164.79,1,0,2.7309,ACCEPT,0,524,85,2451,5,300,1120,0,0,0,0
167,0,1,1,ACCEPT,43.2901,9.0970,1219,1,-1,0.7547,176.86,314.03,34.35,60.59,28.00,241.00,48.00,20.00,0.0000,165.81,1,0,2.7995,ACCEPT,0,579,109,2321,5,300,1219,0,0,0,0
168,0,1,1,ACCEPT,41.9762,9.8515,995,1,-1,0.8261,177.94,312.14,34.35,60.59,29.00,235.00,44.00,14.00,0.0000,167.73,1,0,2.7367,ACCEPT,0,488,107,2879,5,300,995,0,0,0,0
169,0,1,1,ACCEPT,42.0454,8.7094,1019,1,0,0.9578,179.02,312.14,35.73,63.01,29.00,234.00,42.00,14.00,0.0000,169.15,1,1,2.5264,ACCEPT,0,540,78,4044,5,300,1019,0,0,0,0
170,0,1,1,ACCEPT,34.1434,7.2621,1053,1,-1,0.8993,180.12,310.17,35.73,63.01,26.50,232.50,45.00,15.00,0.0000,172.14,1,0,2.6943,ACCEPT,0,569,76,7944,5,300,1053,0,0,0,0
171,0,1,1,ACCEPT,35.6809,7.6387,2093,1,0,0.9073,181.23,310.17,35.73,63.01,27.00,231.00,40.00,18.00,0.0000,173.37,1,0,2.3868,ACCEPT,0,1178,89,11604,5,300,2093,0,0,0,0
172,0,1,1,ACCEPT,37.1616,8.6847,2892,1,-1,0.7635,182.34,308.20,35.73,63.01,26.50,229.50,41.00,13.00,0.0000,174.59,1,0,2.6441,ACCEPT,0,1542,90,6669,5,300,2892,0,0,0,0
173,0,1,1,ACCEPT,35.6937,8.2539,1593,2,0,0.7797,184.56,308.20,37.16,65.53,29.00,228.00,42.00,14.00,0.0000,175.02,1,1,2.4220,ACCEPT,0,870,83,9160,5,300,1593,0,0,0,0
174,0,1,1,ACCEPT,32.3344,7.7112,1789,1,-1,0.8670,185.72,306.16,37.16,65.53,28.00,226.50,44.00,13.00,0.0000,176.69,1,0,2.6490,ACCEPT,0,1113,96,8141,5,300,1789,0,0,0,0
175,0,1,1,ACCEPT,31.9465,7.7040,1926,2,-1,0.7700,188.03,304.11,37.16,65.53,29.50,226.00,41.00,14.00,0.0000,176.73,1,0,2.5292,ACCEPT,0,1319,119,9490,5,300,1926,0,0,0,0
176,0,1,1,ACCEPT,34.3524,8.4641,2590,2,0,0.6459,190.34,304.11,37.16,65.53,28.50,225.00,43.00,12.00,0.0000,180.14,1,0,2.6551,ACCEPT,0,1780,90,12373,5,300,2590,0,0,0,0
177,0,1,1,ACCEPT,32.7419,8.2262,3200,2,0,0.5809,192.66,304.11,37.16,65.53,30.00,224.00,44.00,12.00,0.0000,181.31,1,0,2.6321,ACCEPT,0,2495,93,20155,5,300,3200,0,0,0,0
178,0,1,1,ACCEPT,34.5431,8.8479,5176,1,-1,0.7749,193.81,302.06,37.16,65.53,30.00,222.00,48.00,14.00,0.0000,182.33,1,0,2.5474,ACCEPT,0,3716,108,20657,5,300,5176,0,0,0,0
179,0,1,1,ACCEPT,34.8286,8.7127,6186,2,0,0.5425,196.12,302.06,37.16,65.53,28.00,223.50,52.00,13.00,0.0000,185.58,1,0,2.6885,ACCEPT,0,4576,109,23206,5,300,6186,0,0,0,0
180,0,1,1,ACCEPT,34.2437,8.8387,5807,3,0,0.4682,199.59,302.06,38.64,68.15,28.50,223.50,51.00,13.00,0.0000,188.27,1,1,2.5348,ACCEPT,0,4202,102,25265,5,300,5807,0,0,0,0
181,0,1,1,ACCEPT,34.1745,8.5217,5880,0,0,1.0000,199.59,302.06,38.64,68.15,31.00,222.50,48.00,15.00,0.0000,186.42,1,0,2.5759,ACCEPT,0,3900,102,23269,5,300,5880,0,0,0,0
182,0,1,1,ACCEPT,26.4184,5.6461,5025,2,-1,0.6157,202.00,299.94,38.64,68.15,28.00,222.00,52.00,14.00,0.0000,190.66,1,0,2.5371,ACCEPT,0,4448,93,18351,5,300,5025,0,0,0,0
183,0,1,1,ACCEPT,27.9442,5.4604,4685,2,0,0.5603,204.41,299.94,38.64,68.15,32.50,224.00,49.00,20.00,0.0000,187.93,1,0,2.5926,ACCEPT,0,3993,73,17606,5,300,4685,0,0,0,0
184,0,1,1,ACCEPT,28.5577,5.4718,3398,2,0,0.5450,206.81,299.94,38.64,68.15,33.50,224.50,51.00,19.00,0.0000,189.02,1,0,2.6180,ACCEPT,0,2753,90,16183,5,300,3398,0,0,0,0
185,0,1,1,ACCEPT,30.6494,5.3816,3385,1,0,0.8006,208.02,299.94,38.64,68.15,35.00,226.00,52.00,22.00,0.0000,188.15,1,0,2.5686,ACCEPT,0,2592,79,15736,5,300,3385,0,0,0,0
186,0,1,1,ACCEPT,30.8313,6.2324,3459,2,-1,0.5126,210.42,297.81,38.64,68.15,35.50,227.00,45.00,26.00,0.0000,188.71,1,0,2.5670,ACCEPT,0,2787,71,14755,5,300,3459,0,0,0,0
187,0,1,1,ACCEPT,34.1911,7.7720,3272,2,0,0.4872,212.83,297.81,38.64,68.15,37.50,227.00,51.00,24.00,0.0000,189.09,1,0,2.6018,ACCEPT,0,2365,72,15804,5,300,3272,0,0,0,0
188,0,1,1,ACCEPT,37.0090,8.6394,3594,2,0,0.7390,215.23,297.81,38.64,68.15,43.00,225.50,42.00,23.00,0.0000,186.80,1,0,2.6329,ACCEPT,0,2329,70,16400,5,300,3594,0,0,0,0
189,0,1,1,ACCEPT,37.6367,7.9870,3690,2,0,0.6978,217.64,297.81,38.64,68.15,44.50,227.00,43.00,26.00,0.0000,187.06,1,0,2.5875,ACCEPT,0,2419,84,17967,5,300,3690,0,0,0,0
190,0,1,1,ACCEPT,39.4344,8.4650,3623,1,0,0.8015,218.84,297.81,38.64,68.15,45.50,227.50,41.00,25.00,0.0000,187.06,1,0,2.6657,ACCEPT,0,2341,80,17511,5,300,3623,0,0,0,0
191,0,1,1,ACCEPT,41.0082,9.0950,3829,3,0,0.4220,222.45,297.81,38.64,68.15,47.00,227.00,42.00,24.00,0.0000,189.20,1,0,2.6626,ACCEPT,0,2443,69,16653,5,300,3829,0,0,0,0
192,0,1,1,ACCEPT,41.7036,9.5231,3714,3,0,0.4623,226.06,297.81,38.64,68.15,48.00,230.50,42.00,29.00,0.0000,190.36,1,0,2.6136,ACCEPT,0,2208,78,14513,5,300,3714,0,0,0,0
193,0,1,1,ACCEPT,44.1485,10.0427,3766,1,0,0.8571,227.27,297.81,38.64,68.15,50.00,230.00,42.00,30.00,0.0000,189.79,1,0,2.6624,ACCEPT,0,2046,71,15747,5,300,3766,0,0,0,0
194,0,1,1,ACCEPT,36.2825,9.4175,3654,2,1,0.4696,229.67,299.94,38.64,68.15,48.00,233.00,36.00,34.00,0.0000,193.61,1,0,2.6717,ACCEPT,0,2213,81,17931,5,300,3654,0,0,0,0
195,0,1,1,ACCEPT,37.4375,9.0719,4037,2,1,0.6579,232.08,302.06,38.64,68.15,49.50,235.00,37.00,34.00,0.0000,194.50,1,0,2.6911,ACCEPT,0,2372,94,18165,5,300,4037,0,0,0,0
196,0,1,1,ACCEPT,37.1704,10.0769,4323,3,0,0.4615,235.69,302.06,38.64,68.15,54.50,238.00,39.00,40.00,0.0000,192.18,1,0,2.7567,ACCEPT,0,2511,71,20472,5,300,4323,0,0,0,0
197,0,1,1,ACCEPT,38.7454,9.6544,5001,2,1,0.6737,238.09,304.19,38.64,68.15,56.50,238.00,41.00,36.00,0.0000,193.28,1,0,2.7851,ACCEPT,0,2611,84,24419,5,300,5001,0,0,0,0
198,0,1,1,ACCEPT,37.9062,9.5414,5181,2,0,0.5464,240.50,304.19,38.64,68.15,57.00,240.00,44.00,40.00,0.0000,194.40,1,0,2.8152,ACCEPT,0,2967,89,25633,5,300,5181,0,0,0,0
199,0,1,1,ACCEPT,39.4433,9.7828,4774,2,1,0.5911,242.91,306.31,38.64,68.15,59.00,239.00,42.00,38.00,0.0000,195.84,1,0,2.8915,ACCEPT,0,2520,72,21079,5,300,4774,0,0,0,0
200,0,1,1,ACCEPT,39.1641,9.1585,4103,2,1,0.5586,245.31,308.44,38.64,68.15,60.50,239.00,41.00,44.00,0.0000,197.43,1,0,2.7485,ACCEPT,0,2268,77,27435,5,300,4103,0,0,0,0
201,0,1,1,ACCEPT,39.8915,9.2709,4552,2,0,0.5593,247.72,308.44,38.64,68.15,60.50,240.00,43.00,40.00,0.0000,199.34,1,0,2.9049,ACCEPT,0,2471,77,29417,5,300,4552,0,0,0,0
202,0,1,1,ACCEPT,38.8955,9.0374,4112,1,0,0.8465,248.92,308.44,38.64,68.15,61.50,240.50,41.00,37.00,0.0000,199.36,1,0,2.9076,ACCEPT,0,2277,72,31112,5,300,4112,0,0,0,0
203,0,1,1,ACCEPT,41.1026,9.3795,4399,2,1,0.6699,251.33,310.56,38.64,68.15,63.00,241.50,40.00,35.00,0.0000,200.59,1,0,2.6799,ACCEPT,0,2374,64,30185,5,300,4399,0,0,0,0
204,0,1,1,ACCEPT,42.3930,10.1338,4469,2,-1,0.7395,253.73,308.44,38.64,68.15,63.50,241.00,41.00,32.00,0.0000,201.83,1,0,2.7170,ACCEPT,0,2301,56,32767,5,300,4469,0,0,0,0
205,0,1,1,ACCEPT,43.9358,8.5455,3948,1,1,0.9620,254.94,310.56,38.64,68.15,63.50,241.00,43.00,32.00,0.0000,203.68,1,0,2.7379,ACCEPT,0,1954,78,23741,5,300,3948,0,0,0,0
206,0,1,1,ACCEPT,35.2870,8.7296,3745,1,-1,0.7768,256.14,308.44,38.64,68.15,64.00,240.00,44.00,32.00,0.0000,203.96,1,0,2.8449,ACCEPT,0,2056,67,18972,5,300,3745,0,0,0,0
207,0,1,1,ACCEPT,38.4349,8.3805,2841,2,0,0.6839,258.55,308.44,38.64,68.15,65.50,240.00,43.00,34.00,0.0000,204.82,1,0,2.7965,ACCEPT,0,1500,63,21518,5,300,2841,0,0,0,0
208,0,1,1,ACCEPT,37.2261,8.8847,2852,1,-1,0.9337,259.75,306.31,38.64,68.15,67.00,241.50,42.00,37.00,0.0000,203.35,1,0,2.8361,ACCEPT,0,1487,67,13840,5,300,2852,0,0,0,0
209,0,1,1,ACCEPT,39.9807,8.4716,2533,1,0,0.8381,260.95,306.31,38.64,68.15,68.00,243.00,40.00,36.00,0.0000,203.07,1,0,2.7419,ACCEPT,0,1284,80,9663,5,300,2533,0,0,0,0
210,0,1,1,ACCEPT,41.6904,9.6081,2133,1,-1,0.7965,262.16,304.19,38.64,68.15,68.00,241.50,40.00,33.00,0.0000,204.03,1,0,2.8131,ACCEPT,0,1064,68,11876,5,300,2133,0,0,0,0
211,0,1,1,ACCEPT,41.7367,9.1362,2147,1,-1,0.8887,263.36,302.06,38.64,68.15,68.50,241.00,41.00,32.00,0.0000,204.20,1,0,2.7688,ACCEPT,0,1033,65,13425,5,300,2147,0,0,0,0
212,0,1,1,ACCEPT,41.8651,10.1970,2019,1,0,0.8960,264.56,302.06,38.64,68.15,68.00,241.00,42.00,36.00,0.0000,205.83,1,0,2.7991,ACCEPT,0,941,69,11011,5,300,2019,0,0,0,0
213,0,1,1,ACCEPT,43.1594,7.8683,2211,0,-1,0.8299,264.56,299.94,38.64,68.15,69.50,240.00,39.00,36.00,0.0000,204.06,1,0,2.8070,ACCEPT,0,1007,72,11273,5,300,2211,0,0,0,0
214,0,1,1,ACCEPT,42.6990,8.4855,2045,1,-1,0.8054,265.77,297.81,38.64,68.15,69.50,239.00,39.00,36.00,0.0000,204.89,1,0,2.7980,ACCEPT,0,979,76,10650,5,300,2045,0,0,0,0
215,0,1,1,ACCEPT,43.4355,9.2788,1930,0,-1,0.8166,265.77,295.69,38.64,68.15,68.50,237.00,41.00,36.00,0.0000,205.81,1,0,2.8285,ACCEPT,0,932,79,9234,5,300,1930,0,0,0,0
216,0,1,1,ACCEPT,42.8286,10.3699,1514,1,-1,0.7635,266.97,293.56,38.64,68.15,69.00,236.00,42.00,36.00,0.0000,206.17,1,0,2.8198,ACCEPT,0,738,85,9924,5,300,1514,0,0,0,0
217,0,1,1,ACCEPT,43.9455,10.3252,1683,1,-1,0.7968,268.17,291.44,38.64,68.15,70.00,234.00,40.00,36.00,0.0000,206.33,1,0,2.7978,ACCEPT,0,854,85,11780,5,300,1683,0,0,0,0
218,0,1,1,ACCEPT,39.7553,7.7851,1775,0,-1,0.8935,268.17,289.31,38.64,68.15,69.50,233.50,41.00,35.00,0.0000,206.36,1,0,2.8356,ACCEPT,0,876,62,10123,5,300,1775,0,0,0,0
219,0,1,1,ACCEPT,40.6618,10.4762,1540,1,-1,0.8195,269.38,287.19,38.64,68.15,70.50,232.50,39.00,35.00,0.0000,206.26,1,0,2.8265,ACCEPT,0,775,65,13683,5,300,1540,0,0,0,0
220,0,1,1,ACCEPT,43.4918,8.4933,1911,0,-1,0.8598,269.38,285.06,38.64,68.15,70.50,231.50,39.00,35.00,0.0000,205.96,1,0,2.8550,ACCEPT,0,913,65,15471,5,300,1911,0,0,0,0
221,0,1,1,ACCEPT,45.0589,8.0551,2046,0,-1,0.8573,269.38,282.94,38.64,68.15,71.00,230.50,38.00,35.00,0.0000,205.19,1,0,2.8571,ACCEPT,0,895,64,15356,5,300,2046,0,0,0,0
222,0,1,1,ACCEPT,45.6275,9.6389,2082,1,-1,0.8127,270.58,280.81,38.64,68.15,71.00,231.00,38.00,38.00,0.0000,205.70,1,0,2.8294,ACCEPT,0,893,67,16484,5,300,2082,0,0,0,0
223,0,1,1,ACCEPT,47.6198,8.9220,1945,-1,-1,0.9090,269.38,278.69,38.64,68.15,70.50,230.00,39.00,38.00,0.0000,204.75,1,0,2.7378,ACCEPT,0,931,70,12747,5,300,1945,0,0,0,0
224,0,1,1,ACCEPT,46.6762,10.3352,1819,1,-1,0.8939,270.58,276.56,38.64,68.15,69.50,229.50,43.00,39.00,0.0000,206.51,1,0,2.6942,ACCEPT,0,938,74,12526,5,300,1819,0,0,0,0
225,0,1,1,ACCEPT,46.7985,9.7581,2098,-1,0,0.9733,269.38,276.56,38.64,68.15,70.00,230.00,42.00,40.00,0.0000,204.74,1,0,2.7547,ACCEPT,0,1061,73,12299,5,300,2098,0,0,0,0
226,0,1,1,ACCEPT,47.0336,11.8645,1839,1,-1,0.7749,270.58,274.44,38.64,68.15,70.00,230.50,42.00,43.00,0.0000,205.33,1,0,2.8540,ACCEPT,0,905,76,15823,5,300,1839,0,0,0,0
227,0,1,1,ACCEPT,48.5857,10.5397,1992,-1,0,0.9634,269.38,274.44,38.64,68.15,68.00,229.00,42.00,42.00,0.0000,206.44,1,0,2.6416,ACCEPT,0,999,89,9724,5,300,1992,0,0,0,0
228,0,1,1,ACCEPT,47.0158,9.1061,1803,1,-1,0.7171,270.58,272.31,38.64,68.15,69.00,227.00,44.00,40.00,0.0000,206.61,1,0,2.7915,ACCEPT,0,895,91,11743,5,300,1803,0,0,0,0
229,0,1,1,ACCEPT,51.0140,10.4070,2071,0,-1,0.9324,270.58,270.19,38.64,68.15,68.50,228.00,45.00,44.00,0.0000,206.43,1,0,2.8319,ACCEPT,0,1021,109,8876,5,300,2071,0,0,0,0
230,0,1,1,ACCEPT,43.3763,8.7661,2174,0,0,1.0000,270.58,270.19,38.64,68.15,68.50,227.50,41.00,47.00,0.0000,206.54,1,0,2.6873,ACCEPT,0,1045,78,5402,5,300,2174,0,0,0,0
231,0,1,1,ACCEPT,42.1107,8.4151,892,0,-1,0.9226,270.58,268.06,38.64,68.15,68.50,229.00,41.00,50.00,0.0000,205.82,1,0,2.7136,ACCEPT,0,500,91,3848,5,300,892,0,0,0,0
232,0,1,1,ACCEPT,42.8384,8.6543,701,1,-1,0.8759,271.78,265.94,38.64,68.15,68.50,230.00,45.00,50.00,0.0000,206.43,1,0,2.7706,ACCEPT,0,398,92,3935,5,300,701,0,0,0,0
233,0,1,1,ACCEPT,42.6194,7.8158,891,1,0,0.8911,272.98,265.94,38.64,68.15,69.00,227.00,44.00,46.00,0.0000,207.67,1,0,2.7986,ACCEPT,0,516,84,4603,5,300,891,0,0,0,0
234,0,1,1,ACCEPT,42.6151,7.4371,1242,1,-1,0.8583,274.19,263.81,38.64,68.15,68.50,228.00,43.00,50.00,0.0000,208.78,1,0,2.7676,ACCEPT,0,651,89,5035,5,300,1242,0,0,0,0
235,0,1,1,ACCEPT,42.5960,7.8506,1209,1,-1,0.9595,275.39,261.69,38.64,68.15,68.50,228.50,43.00,51.00,0.0000,209.54,1,0,2.7111,ACCEPT,0,608,80,5463,5,300,1209,0,0,0,0
236,0,1,1,ACCEPT,45.1332,8.2987,1278,0,0,1.0000,275.39,261.69,38.64,68.15,68.50,228.00,43.00,52.00,0.0000,209.62,1,0,2.6881,ACCEPT,0,641,85,4712,5,300,1278,0,0,0,0
237,0,1,1,ACCEPT,45.9454,9.4828,1100,1,-1,0.8582,276.59,259.56,38.64,68.15,69.00,226.50,40.00,49.00,0.0000,210.21,1,0,2.7158,ACCEPT,0,527,87,6380,5,300,1100,0,0,0,0
238,0,1,1,ACCEPT,46.2884,8.1462,1393,0,-1,0.8894,276.59,257.44,38.64,68.15,70.00,224.50,40.00,49.00,0.0000,209.20,1,0,2.7744,ACCEPT,0,655,77,9697,5,300,1393,0,0,0,0
239,0,1,1,ACCEPT,44.7414,9.4294,1537,0,0,1.0000,276.59,257.44,38.64,68.15,71.00,223.50,38.00,49.00,0.0000,208.38,1,0,2.6903,ACCEPT,0,748,74,10975,5,300,1537,0,0,0,0
240,0,1,1,ACCEPT,46.1235,10.6129,1645,1,-1,0.7362,277.80,255.31,38.64,68.15,71.50,222.50,39.00,49.00,0.0000,208.89,1,0,2.7483,ACCEPT,0,776,75,17556,5,300,1645,0,0,0,0
241,0,1,1,ACCEPT,44.4150,9.5285,2506,1,-1,0.7035,279.00,253.19,38.64,68.15,72.50,221.50,39.00,51.00,0.0000,208.92,1,0,2.6980,ACCEPT,0,1210,80,22509,5,300,2506,0,0,0,0
242,0,1,1,ACCEPT,40.1210,9.2789,2728,2,-1,0.6404,281.41,251.06,38.64,68.15,73.00,224.50,40.00,59.00,0.0000,210.09,1,0,2.6723,ACCEPT,0,1363,66,31703,5,300,2728,0,0,0,0
243,0,1,1,ACCEPT,42.4013,10.0550,4203,1,-1,0.7145,282.61,248.94,38.64,68.15,72.50,222.00,43.00,60.00,0.0000,211.83,1,0,2.6475,ACCEPT,0,1885,66,24090,5,300,4203,0,0,0,0
244,0,1,1,ACCEPT,44.2884,10.7254,3046,0,-2,0.7685,282.61,244.69,38.64,68.15,72.50,220.50,43.00,61.00,0.0000,211.50,1,0,2.6859,ACCEPT,0,1295,74,23144,5,300,3046,0,0,0,0
245,0,1,1,ACCEPT,46.5002,9.8296,2654,1,-1,0.7916,283.81,242.56,38.64,68.15,73.00,218.00,42.00,60.00,0.0000,212.24,1,0,2.6729,ACCEPT,0,1193,71,26035,5,300,2654,0,0,0,0
246,0,1,1,ACCEPT,45.8079,9.5845,2722,1,-1,0.7428,285.02,240.44,38.64,68.15,73.00,219.00,40.00,60.00,0.0000,213.10,1,0,2.6550,ACCEPT,0,1173,73,20231,5,300,2722,0,0,0,0
247,0,1,1,ACCEPT,46.6556,10.4461,2131,1,-1,0.7799,286.22,238.31,38.64,68.15,75.50,215.00,39.00,60.00,0.0000,212.00,1,0,2.6690,ACCEPT,0,934,70,20676,5,300,2131,0,0,0,0
248,0,1,1,ACCEPT,43.1828,9.1929,1811,1,-1,0.7189,287.42,236.19,38.64,68.15,75.50,214.00,37.00,62.00,0.0000,213.08,1,0,2.7049,ACCEPT,0,834,67,25374,5,300,1811,0,0,0,0
249,0,1,1,ACCEPT,44.0613,9.2611,2093,1,-1,0.7038,288.62,234.06,38.64,68.15,75.50,212.50,37.00,61.00,0.0000,214.21,1,0,2.6919,ACCEPT,0,952,76,29919,5,300,2093,0,0,0,0
250,0,1,1,ACCEPT,45.7787,8.6348,2530,0,-2,0.7514,288.62,229.81,38.64,68.15,75.50,212.00,35.00,60.00,0.0000,213.87,1,0,2.6644,ACCEPT,0,1158,74,32767,5,300,2530,0,0,0,0
251,0,1,1,ACCEPT,47.2445,9.7248,2509,1,-1,0.8876,289.83,227.69,38.64,68.15,75.50,213.50,37.00,65.00,0.0000,214.80,1,0,2.6813,ACCEPT,0,1118,72,30135,5,300,2509,0,0,0,0
252,0,1,1,ACCEPT,47.2620,10.1351,2250,1,-1,0.8560,291.03,225.56,38.64,68.15,75.50,211.50,37.00,65.00,0.0000,215.99,1,0,2.6879,ACCEPT,0,944,70,29619,5,300,2250,0,0,0,0
253,0,1,1,ACCEPT,48.3347,9.9668,2402,0,-1,0.8181,291.03,223.44,38.64,68.15,75.50,209.50,37.00,63.00,0.0000,215.98,1,0,2.7667,ACCEPT,0,1041,91,31404,5,300,2402,0,0,0,0
254,0,1,1,ACCEPT,44.1159,8.5798,3063,0,-1,0.9053,291.03,221.31,38.64,68.15,75.50,212.00,35.00,68.00,0.0000,215.73,1,0,2.8102,ACCEPT,0,1443,105,32767,5,300,3063,0,0,0,0
255,0,1,1,ACCEPT,46.3387,9.2385,2208,1,-1,0.8089,292.23,219.19,38.64,68.15,74.50,213.00,35.00,70.00,0.0000,217.82,1,0,2.7813,ACCEPT,0,976,78,30985,5,300,2208,0,0,0,0
256,0,1,1,ACCEPT,45.7050,8.3004,2266,0,-1,0.7926,292.23,217.06,38.64,68.15,75.00,211.50,36.00,71.00,0.0000,217.31,1,0,2.8010,ACCEPT,0,1009,81,32767,5,300,2266,0,0,0,0
257,0,1,1,ACCEPT,47.1921,8.4198,2467,0,-2,0.7572,292.23,212.81,38.64,68.15,75.50,212.00,35.00,74.00,0.0000,216.74,1,0,2.7535,ACCEPT,0,1142,85,32767,5,300,2467,0,0,0,0
258,0,1,1,ACCEPT,47.0609,8.1266,2503,1,-1,0.9089,293.44,210.69,38.64,68.15,75.50,207.50,35.00,67.00,0.0000,217.96,1,0,2.7706,ACCEPT,0,1143,61,27269,5,300,2503,0,0,0,0
259,0,1,1,ACCEPT,48.3121,7.5895,2459,0,-1,0.8739,293.44,208.56,38.64,68.15,74.50,209.50,35.00,71.00,0.0000,218.94,1,0,2.7797,ACCEPT,0,1176,67,21601,5,300,2459,0,0,0,0
260,0,1,1,ACCEPT,48.2915,8.1229,2380,0,-1,0.8769,293.44,206.44,38.64,68.15,74.50,208.50,35.00,71.00,0.0000,218.95,1,0,2.7828,ACCEPT,0,1125,72,23353,5,300,2380,0,0,0,0
261,0,1,1,ACCEPT,47.6933,8.5612,2517,1,-1,0.9074,294.64,204.31,38.64,68.15,76.00,209.50,34.00,73.00,0.0000,218.70,1,0,2.7490,ACCEPT,0,1203,75,28367,5,300,2517,0,0,0,0
262,0,1,1,ACCEPT,47.3868,7.6154,2970,0,-1,0.8660,294.64,202.19,38.64,68.15,76.00,206.50,34.00,69.00,0.0000,218.68,1,0,2.7418,ACCEPT,0,1407,65,26477,5,300,2970,0,0,0,0
263,0,1,1,ACCEPT,47.9409,7.5450,2852,0,-1,0.8338,294.64,200.06,38.64,68.15,77.00,205.50,34.00,67.00,0.0000,217.71,1,0,2.7485,ACCEPT,0,1324,64,32767,5,300,2852,0,0,0,0
264,0,1,1,ACCEPT,47.4636,7.1435,3086,0,-1,0.7861,294.64,197.94,38.64,68.15,77.50,204.50,35.00,67.00,0.0000,217.24,1,0,2.7613,ACCEPT,0,1486,68,29765,5,300,3086,0,0,0,0
265,0,1,1,ACCEPT,45.9243,5.9711,3308,1,-2,0.7618,295.84,193.69,38.64,68.15,75.50,204.50,37.00,67.00,0.0000,220.61,1,0,2.7627,ACCEPT,0,1636,99,29276,5,300,3308,0,0,0,0
266,0,1,1,ACCEPT,41.8267,8.6250,3795,0,-1,0.9721,295.84,191.56,38.64,68.15,76.00,205.50,32.00,69.00,0.0000,220.29,1,0,2.7062,ACCEPT,0,1864,62,16460,5,300,3795,0,0,0,0
267,0,1,1,ACCEPT,40.9392,8.2388,2208,0,-1,0.9642,295.84,189.44,38.64,68.15,76.00,207.00,32.00,72.00,0.0000,220.54,1,0,2.6483,ACCEPT,0,1114,57,13526,5,300,2208,0,0,0,0
268,0,1,1,ACCEPT,41.5791,8.2440,2061,1,0,0.9554,297.05,189.44,38.64,68.15,75.50,206.00,33.00,70.00,0.0000,222.17,1,0,2.6673,ACCEPT,0,1020,72,12338,5,300,2061,0,0,0,0
269,0,1,1,ACCEPT,42.5032,7.4523,2109,0,-1,0.8606,297.05,187.31,38.64,68.15,76.50,207.50,33.00,67.00,0.0000,221.47,1,0,2.6993,ACCEPT,0,1064,80,9113,5,300,2109,0,0,0,0
270,0,1,1,ACCEPT,41.7277,7.7229,1923,1,-1,0.8476,298.25,185.19,38.64,68.15,76.00,208.00,32.00,68.00,0.0000,223.42,1,0,2.6203,ACCEPT,0,951,66,9137,5,300,1923,0,0,0,0
271,0,1,1,ACCEPT,42.1397,6.9358,2053,0,-1,0.8704,298.25,183.06,38.64,68.15,75.50,208.50,33.00,67.00,0.0000,224.20,1,0,2.6600,ACCEPT,0,1048,75,5990,5,300,2053,0,0,0,0
272,0,1,1,ACCEPT,43.2837,7.6898,1884,0,-1,0.8790,298.25,180.94,38.64,68.15,75.50,208.50,33.00,69.00,0.0000,224.45,1,0,2.6822,ACCEPT,0,970,74,4607,5,300,1884,0,0,0,0
273,0,1,1,ACCEPT,43.0833,8.0282,1991,0,-1,0.9186,298.25,178.81,38.64,68.15,74.00,209.00,36.00,70.00,0.0000,226.27,1,0,2.6891,ACCEPT,0,995,81,3712,5,300,1991,0,0,0,0
274,0,1,1,ACCEPT,43.9860,7.5115,1968,0,-1,0.9482,298.25,176.69,38.64,68.15,73.00,209.50,36.00,67.00,0.0000,227.63,1,0,2.6353,ACCEPT,0,945,83,3585,5,300,1968,0,0,0,0
275,0,1,1,ACCEPT,44.2677,7.4882,1580,0,-1,0.9785,298.25,174.56,38.64,68.15,72.50,208.00,37.00,64.00,0.0000,228.21,1,0,2.6096,ACCEPT,0,768,83,3338,5,300,1580,0,0,0,0
276,0,1,1,ACCEPT,43.3702,7.9077,1542,0,0,1.0000,298.25,174.56,38.64,68.15,70.50,208.50,33.00,65.00,0.0000,230.26,1,0,2.6443,ACCEPT,0,747,98,3235,5,300,1542,0,0,0,0
277,0,1,1,ACCEPT,44.5829,8.5792,1733,-1,-1,0.8534,297.05,172.44,38.64,68.15,70.00,207.50,36.00,65.00,0.0000,229.74,1,0,2.7099,ACCEPT,0,829,110,2840,5,300,1733,0,0,0,0
278,0,1,1,ACCEPT,37.0425,7.6774,1428,0,0,1.0000,297.05,172.44,38.64,68.15,68.50,207.50,35.00,63.00,0.0000,231.22,1,0,2.5955,ACCEPT,0,732,66,5427,5,300,1428,0,0,0,0
279,0,1,1,ACCEPT,39.0411,8.3191,2346,0,-1,0.9147,297.05,170.31,38.64,68.15,67.00,207.00,34.00,62.00,0.0000,232.95,1,0,2.6502,ACCEPT,0,1170,72,5262,5,300,2346,0,0,0,0
280,0,1,1,ACCEPT,39.4634,7.9514,2290,0,-1,0.9362,297.05,168.19,38.64,68.15,65.00,205.00,32.00,64.00,0.0000,234.95,1,0,2.6428,ACCEPT,0,1164,86,5254,5,300,2290,0,0,0,0
281,0,1,1,ACCEPT,39.4659,7.7876,2383,0,-1,0.9635,297.05,166.06,38.64,68.15,63.50,209.00,31.00,68.00,0.0000,237.46,1,0,2.6584,ACCEPT,0,1192,76,6420,5,300,2383,0,0,0,0
282,0,1,1,ACCEPT,39.3047,8.9632,2438,0,-1,0.9979,297.05,163.94,38.64,68.15,62.50,210.50,31.00,67.00,0.0000,239.12,1,0,2.6679,ACCEPT,0,1268,67,6711,5,300,2438,0,0,0,0
283,0,1,1,ACCEPT,39.9850,9.3992,2378,0,-1,0.9912,297.05,161.81,38.64,68.15,60.00,209.50,34.00,69.00,0.0000,241.80,1,0,2.6823,ACCEPT,0,1230,76,4206,5,300,2378,0,0,0,0
284,0,1,1,ACCEPT,40.6937,8.8909,1467,-1,0,0.9461,295.84,161.81,38.64,68.15,60.00,208.00,34.00,66.00,0.0000,240.32,1,0,2.5666,ACCEPT,0,750,81,3332,5,300,1467,0,0,0,0
285,0,1,1,ACCEPT,39.7215,9.1471,1244,0,-1,0.8738,295.84,159.69,38.64,68.15,57.50,209.50,33.00,69.00,0.0000,243.49,1,0,2.4954,ACCEPT,0,674,81,4484,5,300,1244,0,0,0,0
286,0,1,1,ACCEPT,39.5031,8.7929,1231,-1,-1,0.8627,294.64,157.56,38.64,68.15,56.50,209.00,33.00,64.00,0.0000,243.63,1,0,2.5138,ACCEPT,0,652,85,3580,5,300,1231,0,0,0,0
287,0,1,1,ACCEPT,39.7545,8.7545,963,0,-1,0.9086,294.64,155.44,38.64,68.15,55.50,209.00,33.00,64.00,0.0000,245.07,1,0,2.6076,ACCEPT,0,483,82,2984,5,300,963,0,0,0,0
288,0,1,1,ACCEPT,38.7731,8.1842,933,0,0,1.0000,294.64,155.44,38.64,68.15,54.00,210.50,32.00,65.00,0.0000,246.86,1,0,2.3807,ACCEPT,0,467,129,2390,5,300,933,0,0,0,0
289,0,1,1,ACCEPT,39.8758,7.9237,935,-1,-1,0.8727,293.44,153.31,38.64,68.15,53.50,208.00,33.00,64.00,0.0000,246.09,1,0,2.5700,ACCEPT,0,467,120,2496,5,300,935,0,0,0,0
290,0,1,1,ACCEPT,33.8700,6.2877,918,1,-1,0.9782,294.64,151.19,38.64,68.15,51.00,209.00,30.00,60.00,0.0000,250.41,1,0,2.4421,ACCEPT,0,487,107,3349,5,300,918,0,0,0,0
291,0,1,1,ACCEPT,36.4628,7.3354,1159,-1,0,0.7955,293.44,151.19,38.64,68.15,50.00,210.00,30.00,62.00,0.0000,250.44,1,0,2.4168,ACCEPT,0,557,84,3713,5,300,1159,0,0,0,0
292,0,1,1,ACCEPT,38.2779,7.5833,1183,0,-1,0.8977,293.44,149.06,38.64,68.15,48.00,209.50,32.00,63.00,0.0000,252.77,1,0,2.3840,ACCEPT,0,577,82,4089,5,300,1183,0,0,0,0
293,0,1,1,ACCEPT,37.8729,7.6860,1322,-1,-1,0.9523,292.23,146.94,38.64,68.15,45.50,210.50,33.00,61.00,0.0000,254.79,1,0,2.5885,ACCEPT,0,666,93,4341,5,300,1322,0,0,0,0
294,0,1,1,ACCEPT,38.7708,8.1941,1393,0,0,1.0000,292.23,146.94,38.64,68.15,46.00,211.00,32.00,60.00,0.0000,254.43,1,0,2.4171,ACCEPT,0,677,90,5260,5,300,1393,0,0,0,0
295,0,1,1,ACCEPT,38.9860,7.8225,1322,-1,-1,0.9228,291.03,144.81,38.64,68.15,45.50,211.50,35.00,59.00,0.0000,254.43,1,0,2.6214,ACCEPT,0,636,101,4506,5,300,1322,0,0,0,0
296,0,1,1,ACCEPT,38.6144,8.0312,1285,0,0,1.0000,291.03,144.81,38.64,68.15,43.50,212.00,33.00,60.00,0.0000,256.49,1,0,2.5187,ACCEPT,0,683,113,4516,5,300,1285,0,0,0,0
297,0,1,1,ACCEPT,41.1408,8.4140,1321,-1,-1,0.7971,289.83,142.69,38.64,68.15,42.00,210.50,34.00,63.00,0.0000,256.94,1,0,2.6129,ACCEPT,0,668,115,5334,5,300,1321,0,0,0,0
298,0,1,1,ACCEPT,39.1491,9.0066,1369,-1,0,0.8619,288.62,142.69,38.64,68.15,40.50,211.50,33.00,63.00,0.0000,257.49,1,0,2.5155,ACCEPT,0,672,120,4006,5,300,1369,0,0,0,0
299,0,1,1,ACCEPT,42.0746,9.4726,1383,-1,-1,0.8084,287.42,140.56,38.64,68.15,40.00,212.00,34.00,60.00,0.0000,257.53,1,0,2.5587,ACCEPT,0,640,114,4217,5,300,1383,0,0,0,0
300,0,1,1,ACCEPT,42.5717,8.8356,1290,0,-1,0.9434,287.42,138.44,38.64,68.15,37.50,213.50,37.00,61.00,0.0000,260.95,1,0,2.6436,ACCEPT,0,632,106,4250,5,300,1290,0,0,0,0
0,0,0,0,ZERO_RESPONSE,0.0000,0.0000,0,0,0,0.0000,151.50,384.50,77.00,115.00,151.50,384.50,77.00,115.00,1.0000,0.00,1,0,0.0000,NOT_RUN,0,0,725,10619,6,365,0,0,0,0,0
1,0,1,1,ACCEPT,54.9067,9.9879,4944,0,0,1.0000,151.50,384.50,77.00,115.00,151.50,385.00,73.00,112.00,0.9233,0.50,1,0,3.1864,ACCEPT,0,2373,591,12576,6,365,4944,0,0,0,0
2,0,1,1,ACCEPT,44.0460,7.1643,5058,0,0,1.0000,151.50,384.50,77.00,115.00,154.00,386.00,80.00,112.00,0.9150,2.92,1,0,2.7734,ACCEPT,0,2975,481,12853,6,365,5058,0,0,0,0
3,0,1,1,ACCEPT,37.7966,5.6760,5046,0,1,0.9629,151.50,388.09,77.00,115.00,153.50,387.50,79.00,109.00,0.9022,2.09,1,0,2.9134,ACCEPT,0,2738,379,12103,6,365,5046,0,0,0,0
4,0,1,1,ACCEPT,32.6439,4.9130,4574,0,0,1.0000,151.50,388.09,77.00,115.00,154.50,386.00,75.00,112.00,0.8915,3.66,1,0,2.7444,ACCEPT,0,2896,319,13116,6,365,4574,0,0,0,0
5,0,1,1,ACCEPT,27.5116,4.7372,4903,0,1,0.9878,151.50,391.69,77.00,115.00,154.50,387.50,79.00,111.00,0.8624,5.15,1,0,2.7109,ACCEPT,0,3429,185,14336,6,365,4903,0,0,0,0
6,0,1,1,ACCEPT,25.6233,4.4768,4638,0,0,1.0000,151.50,391.69,77.00,115.00,154.00,387.50,78.00,115.00,0.8735,4.88,1,0,2.5643,ACCEPT,0,3610,125,14062,6,365,4638,0,0,0,0
7,0,1,1,ACCEPT,17.4549,3.2746,3327,0,0,1.0000,151.50,391.69,80.08,119.60,158.00,388.00,80.00,102.00,0.7328,7.47,1,1,2.5238,ACCEPT,0,3110,201,14057,6,365,3327,0,0,0,0
8,0,1,1,ACCEPT,16.5932,3.0391,3106,0,0,1.0000,151.50,391.69,83.28,124.38,156.00,392.50,74.00,107.00,0.7644,4.57,1,1,2.3326,ACCEPT,0,3274,277,15932,6,365,3106,0,0,0,0
9,0,1,1,ACCEPT,15.8381,3.2633,3619,0,0,1.0000,151.50,391.69,86.61,129.36,156.50,386.00,73.00,108.00,0.7037,7.57,1,1,2.2723,ACCEPT,0,4164,279,18672,6,365,3619,0,0,0,0
10,0,1,1,ACCEPT,16.3203,3.4303,4727,0,0,1.0000,151.50,391.69,90.08,134.53,159.00,389.00,78.00,104.00,0.6487,7.97,1,1,2.3359,ACCEPT,0,5336,261,20243,6,365,4727,0,0,0,0
11,0,1,1,ACCEPT,17.0224,3.7634,5058,0,0,1.0000,151.50,391.69,93.68,139.92,161.50,389.50,75.00,109.00,0.6148,10.24,1,1,2.4349,ACCEPT,0,5894,403,18870,6,365,5058,0,0,0,0
12,0,1,1,ACCEPT,17.9961,4.4292,5377,0,0,1.0000,151.50,391.69,97.43,145.51,158.50,393.00,69.00,106.00,0.5159,7.12,1,1,2.5541,ACCEPT,0,6387,292,20499,6,365,5377,0,0,0,0
13,0,1,1,ACCEPT,18.9616,4.9092,5950,0,-1,0.9884,151.50,387.14,101.33,151.33,160.50,389.50,69.00,103.00,0.4635,9.30,1,1,2.6957,ACCEPT,0,6439,377,18478,6,365,5950,0,0,0,0
14,0,1,1,ACCEPT,20.5642,5.1439,6970,0,0,1.0000,151.50,387.14,101.33,151.33,162.50,386.50,73.00,103.00,0.4903,11.02,1,0,2.7710,ACCEPT,0,7287,430,15187,6,365,6970,0,0,0,0
15,0,1,1,ACCEPT,22.9151,5.1873,7449,0,-1,0.9980,151.50,382.41,101.33,151.33,161.50,384.00,69.00,102.00,0.4590,10.13,1,0,2.7872,ACCEPT,0,6847,312,14149,6,365,7449,0,0,0,0
16,0,1,1,ACCEPT,26.9736,6.2896,8428,0,0,1.0000,151.50,382.41,101.33,151.33,159.50,383.00,67.00,104.00,0.4544,8.02,1,0,2.8038,ACCEPT,0,6533,303,13475,6,365,8428,0,0,0,0
17,0,1,1,ACCEPT,28.5801,6.2727,9202,0,0,1.0000,151.50,382.41,101.33,151.33,162.00,378.00,70.00,100.00,0.4565,11.39,1,0,2.6968,ACCEPT,0,6722,255,12731,6,365,9202,0,0,0,0
18,0,1,1,ACCEPT,32.3835,7.0755,9835,0,-1,0.9419,151.50,377.67,101.33,151.33,161.00,375.50,66.00,103.00,0.4433,9.75,1,0,2.8499,ACCEPT,0,6411,326,10028,6,365,9835,0,0,0,0
19,0,1,1,ACCEPT,27.8321,5.2455,8954,0,-1,0.9758,151.50,372.94,101.33,151.33,159.50,374.00,61.00,98.00,0.3899,8.07,1,0,2.7891,ACCEPT,0,6726,202,11537,6,365,8954,0,0,0,0
20,0,1,1,ACCEPT,29.7217,5.5398,9606,0,0,1.0000,151.50,372.94,101.33,151.33,162.00,369.00,62.00,100.00,0.4043,11.21,1,0,2.7576,ACCEPT,0,7198,139,12156,6,365,9606,0,0,0,0
21,0,1,1,ACCEPT,31.7299,5.9912,9544,1,-1,0.8907,154.67,368.20,101.33,151.33,162.50,362.00,63.00,104.00,0.4273,9.99,1,0,2.7564,ACCEPT,0,6658,192,12509,6,365,9544,0,0,0,0
22,0,1,1,ACCEPT,33.7224,6.3149,10609,0,-1,0.9557,154.67,363.47,101.33,151.33,162.50,356.00,57.00,104.00,0.3866,10.82,1,0,2.8114,ACCEPT,0,6340,133,12486,6,365,10609,0,0,0,0
23,0,1,1,ACCEPT,34.4839,7.4119,10347,0,-1,0.9736,154.67,358.73,101.33,151.33,165.00,351.00,58.00,100.00,0.3782,12.90,1,0,2.7489,ACCEPT,0,6247,133,13629,6,365,10347,0,0,0,0
24,0,1,1,ACCEPT,33.3069,6.8966,11200,0,-1,0.9087,154.67,354.00,101.33,151.33,167.50,340.00,57.00,110.00,0.4089,18.99,1,0,2.7077,ACCEPT,0,6912,129,14062,6,365,11200,0,0,0,0
25,0,1,1,ACCEPT,33.0039,6.7991,11171,1,-1,0.9048,157.84,349.27,101.33,151.33,169.50,335.00,55.00,110.00,0.3945,18.42,1,0,2.8840,ACCEPT,0,7048,167,12534,6,365,11171,0,0,0,0
26,0,1,1,ACCEPT,32.5904,6.5945,10294,0,-1,0.9338,157.84,344.53,101.33,151.33,172.50,330.00,53.00,106.00,0.3664,20.64,1,0,2.8533,ACCEPT,0,6545,176,12976,6,365,10294,0,0,0,0
27,0,1,1,ACCEPT,30.3238,5.7099,10312,1,-1,0.8311,161.02,339.80,101.33,151.33,178.00,333.00,52.00,84.00,0.2849,18.29,1,0,2.9843,ACCEPT,0,6875,204,13508,6,365,10312,0,0,0,0
28,0,1,1,ACCEPT,30.2323,4.8808,9830,0,-1,0.8365,161.02,335.06,101.33,151.33,181.00,319.00,48.00,98.00,0.3068,25.64,1,0,2.9618,ACCEPT,0,6651,158,12350,6,365,9830,0,0,0,0
29,0,1,1,ACCEPT,32.0480,5.5734,9497,1,-1,0.7986,164.19,330.33,101.33,151.33,186.00,306.50,52.00,89.00,0.3018,32.30,1,0,3.0374,ACCEPT,0,6058,150,10194,6,365,9497,0,0,0,0
30,0,1,1,ACCEPT,34.3076,6.0229,9462,1,-1,0.9094,167.36,325.59,101.33,151.33,189.00,303.00,54.00,94.00,0.3310,31.29,1,0,3.0743,ACCEPT,0,5838,134,10322,6,365,9462,0,0,0,0
31,0,1,1,ACCEPT,32.5523,6.6821,9355,1,-1,0.9194,170.53,320.86,101.33,151.33,193.00,296.50,56.00,95.00,0.3469,33.14,1,0,3.0623,ACCEPT,0,5823,134,12555,6,365,9355,0,0,0,0
32,0,1,1,ACCEPT,34.6441,6.8051,10439,0,0,1.0000,170.53,320.86,101.33,151.33,198.00,289.00,62.00,100.00,0.3090,42.07,1,0,3.0968,ACCEPT,0,5916,146,14234,6,365,10439,0,0,0,0
33,0,1,1,ACCEPT,37.8924,7.7142,11309,0,-1,0.8942,170.53,316.12,101.33,151.33,201.50,287.50,61.00,95.00,0.2896,42.17,1,0,3.1698,ACCEPT,0,5990,143,15209,6,365,11309,0,0,0,0
34,0,1,1,ACCEPT,38.3065,7.7764,11408,1,0,0.9541,173.70,316.12,97.43,145.51,203.00,283.50,62.00,95.00,0.2823,43.85,1,-1,3.0454,ACCEPT,0,5984,148,16246,6,365,11408,0,0,0,0
35,0,1,1,ACCEPT,39.1581,7.6641,11136,0,-1,0.9366,173.70,311.58,97.43,145.51,208.50,278.50,65.00,93.00,0.2466,48.01,1,0,3.1947,ACCEPT,0,5816,135,13452,6,365,11136,0,0,0,0
36,0,1,1,ACCEPT,38.5695,6.9079,9001,0,0,1.0000,173.70,311.58,97.43,145.51,214.50,277.00,73.00,92.00,0.2180,53.48,1,0,3.1743,ACCEPT,0,4582,157,11247,6,365,9001,0,0,0,0
37,0,1,1,ACCEPT,40.2502,6.9713,8749,0,-1,0.9089,173.70,307.03,97.43,145.51,211.50,276.50,61.00,83.00,0.2175,48.59,1,0,3.2569,ACCEPT,0,4290,172,10281,6,365,8749,0,0,0,0
38,0,1,1,ACCEPT,40.9132,7.1955,8390,0,0,1.0000,173.70,307.03,97.43,145.51,215.50,273.00,65.00,86.00,0.1947,53.90,1,0,3.2951,ACCEPT,0,4059,151,9184,6,365,8390,0,0,0,0
39,0,1,1,ACCEPT,39.9203,7.4605,8311,0,-1,0.9717,173.70,302.48,97.43,145.51,216.00,269.50,68.00,85.00,0.1999,53.64,1,0,3.2693,ACCEPT,0,4131,122,10356,6,365,8311,0,0,0,0
40,0,1,1,ACCEPT,40.7800,7.2307,8619,-1,0,0.9580,170.66,302.48,97.43,145.51,215.00,266.00,66.00,84.00,0.1742,57.42,1,0,3.3119,ACCEPT,0,4118,216,8168,6,365,8619,0,0,0,0
41,0,1,1,ACCEPT,41.6374,7.1203,8110,0,0,1.0000,170.66,302.48,97.43,145.51,214.50,264.50,63.00,81.00,0.1655,58.01,1,0,3.2535,ACCEPT,0,3862,207,9530,6,365,8110,0,0,0,0
42,0,1,1,ACCEPT,44.4496,7.8090,9238,0,-1,0.9765,170.66,297.94,97.43,145.51,213.50,259.50,61.00,83.00,0.1673,57.56,1,0,3.2102,ACCEPT,0,4348,184,12094,6,365,9238,0,0,0,0
43,0,1,1,ACCEPT,37.3883,6.8922,8629,0,0,1.0000,170.66,297.94,93.68,139.92,214.00,259.50,56.00,71.00,0.1410,57.93,1,-1,3.1970,ACCEPT,0,4899,125,11993,6,365,8629,0,0,0,0
44,0,1,1,ACCEPT,37.9796,7.4066,8251,0,-1,0.9537,170.66,293.56,93.68,139.92,214.00,254.00,60.00,70.00,0.1449,58.68,1,0,3.2489,ACCEPT,0,4759,135,11187,6,365,8251,0,0,0,0
45,0,1,1,ACCEPT,38.9529,7.2282,7474,-1,-1,0.9653,167.73,289.19,93.68,139.92,212.00,245.50,56.00,77.00,0.1283,62.19,1,0,3.0115,ACCEPT,0,4221,144,11576,6,365,7474,0,0,0,0
46,0,1,1,ACCEPT,40.2124,7.7709,8346,0,0,1.0000,167.73,289.19,93.68,139.92,215.00,240.50,58.00,77.00,0.1077,67.86,1,0,3.2190,ACCEPT,0,4472,130,14629,6,365,8346,0,0,0,0
47,0,1,1,ACCEPT,40.2930,7.5385,10765,-1,-1,0.9594,164.81,284.81,93.68,139.92,213.00,239.00,54.00,76.00,0.1021,66.49,1,0,3.0869,ACCEPT,0,5836,148,17308,6,365,10765,0,0,0,0
48,0,1,1,ACCEPT,41.8416,7.6133,11793,0,0,1.0000,164.81,284.81,93.68,139.92,214.00,237.00,60.00,72.00,0.1016,68.60,1,0,3.1844,ACCEPT,0,5990,142,15190,6,365,11793,0,0,0,0
49,0,1,1,ACCEPT,42.9065,7.7979,11151,0,-1,0.9848,164.81,280.44,93.68,139.92,217.00,238.50,60.00,73.00,0.1001,66.95,1,0,2.9960,ACCEPT,0,5882,202,14124,6,365,11151,0,0,0,0
50,0,1,1,ACCEPT,45.0076,8.4552,11051,0,0,1.0000,164.81,280.44,93.68,139.92,217.50,228.00,59.00,80.00,0.0826,74.33,1,0,3.0867,ACCEPT,0,5490,192,14708,6,365,11051,0,0,0,0
51,0,1,1,ACCEPT,46.7521,9.3632,11601,0,0,1.0000,164.81,280.44,93.68,139.92,220.00,227.00,60.00,84.00,0.0751,76.82,1,0,3.0726,ACCEPT,0,5614,171,13875,6,365,11601,0,0,0,0
52,0,1,1,ACCEPT,48.5584,10.0848,10589,0,-1,0.9473,164.81,276.06,93.68,139.92,223.00,225.50,56.00,83.00,0.0606,77.09,1,0,3.0151,ACCEPT,0,5192,176,12743,6,365,10589,0,0,0,0
53,0,1,1,ACCEPT,47.0497,10.5794,10463,0,0,1.0000,164.81,276.06,93.68,139.92,223.50,226.50,59.00,87.00,0.0659,76.82,1,0,3.0431,ACCEPT,0,5137,188,14188,6,365,10463,0,0,0,0
54,0,1,1,ACCEPT,47.1384,10.1131,10912,0,0,1.0000,164.81,276.06,93.68,139.92,225.50,226.50,59.00,85.00,0.0574,78.35,1,0,3.0247,ACCEPT,0,5393,168,13643,6,365,10912,0,0,0,0
55,0,1,1,ACCEPT,45.4754,9.3795,11443,0,-1,0.9432,164.81,271.69,93.68,139.92,227.00,221.50,54.00,77.00,0.0409,79.91,1,0,2.9720,ACCEPT,0,5554,193,9310,6,365,11443,0,0,0,0
56,0,1,1,ACCEPT,46.5249,9.4277,7693,0,0,1.0000,164.81,271.69,93.68,139.92,227.50,219.50,53.00,75.00,0.0357,81.57,1,0,3.0097,ACCEPT,0,3783,206,7152,6,365,7693,0,0,0,0
57,0,1,1,ACCEPT,47.8281,10.5538,6079,0,-1,0.9980,164.81,267.31,93.68,139.92,230.50,215.50,55.00,79.00,0.0294,83.66,1,0,2.9035,ACCEPT,0,2918,188,7182,6,365,6079,0,0,0,0
58,0,1,1,ACCEPT,49.1798,10.5229,5514,0,0,1.0000,164.81,267.31,90.08,134.53,230.50,208.50,57.00,89.00,0.0248,88.17,1,-1,3.0365,ACCEPT,0,2583,171,5274,6,365,5514,0,0,0,0
59,0,1,1,ACCEPT,50.6674,11.0756,4397,0,0,1.0000,164.81,267.31,90.08,134.53,230.50,209.00,53.00,80.00,0.0178,87.84,1,0,3.1235,ACCEPT,0,2043,170,5189,6,365,4397,0,0,0,0
60,0,1,1,ACCEPT,50.1705,13.1481,4260,-1,-1,0.9930,162.00,263.11,90.08,134.53,230.00,207.00,54.00,80.00,0.0127,88.16,1,0,3.0222,ACCEPT,0,1916,154,4669,6,365,4260,0,0,0,0
61,0,1,1,ACCEPT,51.7288,12.6040,3756,0,0,1.0000,162.00,263.11,90.08,134.53,228.50,205.00,55.00,90.00,0.0195,88.31,1,0,3.1687,ACCEPT,0,1711,183,4713,6,365,3756,0,0,0,0
62,0,1,1,ACCEPT,51.8158,12.5735,3420,0,0,1.0000,162.00,263.11,90.08,134.53,228.00,201.50,54.00,93.00,0.0187,90.29,1,0,3.0958,ACCEPT,0,1526,154,4234,6,365,3420,0,0,0,0
63,0,1,1,ACCEPT,50.0939,12.6789,3119,0,0,1.0000,162.00,263.11,86.61,129.36,226.50,200.50,55.00,93.00,0.0191,89.89,1,-1,2.9423,ACCEPT,0,1374,171,4571,6,365,3119,0,0,0,0
64,0,1,1,ACCEPT,47.0538,12.5280,3132,0,-1,0.9783,162.00,259.06,86.61,129.36,227.00,199.00,54.00,92.00,0.0169,88.50,1,0,3.0683,ACCEPT,0,1412,170,3065,6,365,3132,0,0,0,0
65,0,1,1,ACCEPT,47.8284,12.5912,2002,0,0,1.0000,162.00,259.06,86.61,129.36,228.50,194.50,55.00,97.00,0.0128,92.69,1,0,3.1033,ACCEPT,0,919,146,4331,6,365,2002,0,0,0,0
66,0,1,1,ACCEPT,48.2026,12.4103,2420,0,0,1.0000,162.00,259.06,86.61,129.36,228.00,188.50,56.00,91.00,0.0131,96.62,1,0,2.9282,ACCEPT,0,1094,148,4361,6,365,2420,0,0,0,0
67,0,1,1,ACCEPT,45.0074,11.0314,2460,0,-1,0.9325,162.00,255.02,86.61,129.36,230.50,202.50,55.00,57.00,0.0066,86.31,1,0,3.0532,ACCEPT,0,1219,121,4425,6,365,2460,0,0,0,0
68,0,1,1,ACCEPT,44.1449,9.8500,2167,0,0,1.0000,162.00,255.02,86.61,129.36,230.50,198.00,55.00,64.00,0.0063,89.12,1,0,3.0171,ACCEPT,0,1038,136,3261,6,365,2167,0,0,0,0
69,0,1,1,ACCEPT,43.9522,9.7989,1754,0,0,1.0000,162.00,255.02,86.61,129.36,230.00,198.50,54.00,59.00,0.0061,88.42,1,0,2.9446,ACCEPT,0,836,124,3351,6,365,1754,0,0,0,0
70,0,1,1,ACCEPT,43.3763,9.1271,1652,0,0,1.0000,162.00,255.02,86.61,129.36,230.50,196.00,57.00,62.00,0.0083,90.42,1,0,2.8794,ACCEPT,0,805,149,2465,6,365,1652,0,0,0,0
71,0,1,1,ACCEPT,44.3682,9.5956,1305,-1,-1,0.9770,159.30,250.97,86.61,129.36,231.00,195.00,56.00,60.00,0.0000,90.96,1,0,2.9537,ACCEPT,0,633,143,2559,6,365,1305,0,0,0,0
72,0,1,1,ACCEPT,45.4335,10.2538,1333,0,0,1.0000,159.30,250.97,86.61,129.36,230.50,191.00,55.00,66.00,0.0000,93.09,1,0,2.9302,ACCEPT,0,697,140,2601,6,365,1333,0,0,0,0
73,0,1,1,ACCEPT,46.8418,10.9040,1363,0,0,1.0000,159.30,250.97,86.61,129.36,230.50,190.00,55.00,66.00,0.0000,93.74,1,0,2.9154,ACCEPT,0,704,129,2840,6,365,1363,0,0,0,0
74,0,1,1,ACCEPT,48.3348,11.3507,1521,0,0,1.0000,159.30,250.97,86.61,129.36,231.50,190.00,55.00,66.00,0.0000,94.50,1,0,2.9052,ACCEPT,0,767,138,3096,6,365,1521,0,0,0,0
75,0,1,1,ACCEPT,49.4687,11.6565,1527,0,0,1.0000,159.30,250.97,83.28,124.38,232.00,188.50,56.00,67.00,0.0000,95.85,1,-1,2.9114,ACCEPT,0,746,149,3009,6,365,1527,0,0,0,0
76,0,1,1,ACCEPT,48.4183,12.4275,1715,0,0,1.0000,159.30,250.97,83.28,124.38,232.00,188.50,58.00,65.00,0.0000,95.85,1,0,3.0398,ACCEPT,0,894,122,3523,6,365,1715,0,0,0,0
77,0,1,1,ACCEPT,49.7546,13.3197,1625,0,0,1.0000,159.30,250.97,83.28,124.38,232.00,188.00,56.00,66.00,0.0000,96.18,1,0,3.0547,ACCEPT,0,837,137,4423,6,365,1625,0,0,0,0
78,0,1,1,ACCEPT,51.2182,13.5563,2047,0,0,1.0000,159.30,250.97,83.28,124.38,231.00,189.00,54.00,66.00,0.0000,94.77,1,0,3.0489,ACCEPT,0,1041,162,3667,6,365,2047,0,0,0,0
79,0,1,1,ACCEPT,46.0633,8.8102,1903,0,0,1.0000,159.30,250.97,83.28,124.38,232.50,172.50,53.00,97.00,0.0000,107.31,1,0,2.9268,ACCEPT,0,1000,130,4696,6,365,1903,0,0,0,0
80,0,1,1,ACCEPT,45.5429,8.6957,1600,1,0,0.9894,161.91,250.97,80.08,119.60,234.50,172.50,51.00,97.00,0.0000,106.90,1,-1,2.8225,ACCEPT,0,859,154,4845,6,365,1600,0,0,0,0
81,0,1,1,ACCEPT,42.2791,9.1392,1444,0,0,1.0000,161.91,250.97,80.08,119.60,236.50,170.00,51.00,102.00,0.0000,110.09,1,0,2.9139,ACCEPT,0,786,128,4657,6,365,1444,0,0,0,0
82,0,1,1,ACCEPT,43.3878,9.3643,1208,1,0,0.9942,164.41,250.97,80.08,119.60,238.00,170.50,50.00,97.00,0.0000,109.05,1,0,2.9321,ACCEPT,0,640,130,5345,6,365,1208,0,0,0,0
83,0,1,1,ACCEPT,44.4721,9.0350,1292,0,0,1.0000,164.41,250.97,80.08,119.60,241.00,167.00,48.00,102.00,0.0000,113.65,1,0,3.0546,ACCEPT,0,669,119,5988,6,365,1292,0,0,0,0
84,0,1,1,ACCEPT,44.6844,9.4228,1404,0,0,1.0000,164.41,250.97,80.08,119.60,243.50,166.00,47.00,102.00,0.0000,116.08,1,0,3.0379,ACCEPT,0,747,149,5994,6,365,1404,0,0,0,0
85,0,1,1,ACCEPT,45.5887,10.1060,1526,1,0,0.9574,166.91,250.97,80.08,119.60,246.50,164.50,47.00,101.00,0.0000,117.52,1,0,2.9808,ACCEPT,0,800,149,7646,6,365,1526,0,0,0,0
86,0,1,1,ACCEPT,45.8362,10.5850,1556,0,-1,0.9942,166.91,247.23,80.08,119.60,248.50,161.50,45.00,109.00,0.0000,118.36,1,0,2.7566,ACCEPT,0,816,136,6358,6,365,1556,0,0,0,0
87,0,1,1,ACCEPT,47.7924,11.4922,1471,0,1,0.9279,166.91,250.97,77.00,115.00,251.00,161.50,46.00,109.00,0.0000,122.79,1,-1,2.8478,ACCEPT,0,711,161,10011,6,365,1471,0,0,0,0
88,0,1,1,ACCEPT,43.6950,8.5955,2699,0,0,1.0000,166.91,250.97,77.00,115.00,254.50,156.50,41.00,109.00,0.0000,128.83,1,0,2.9660,ACCEPT,0,1428,176,7346,6,365,2699,0,0,0,0
89,0,1,1,ACCEPT,45.4572,9.7251,2052,0,-1,0.8904,166.91,247.38,77.00,115.00,256.50,155.50,43.00,105.00,0.0000,128.33,1,0,2.9796,ACCEPT,0,1040,126,8820,6,365,2052,0,0,0,0
90,0,1,1,ACCEPT,47.7007,10.2275,1708,0,0,1.0000,166.91,247.38,77.00,115.00,254.50,153.50,39.00,107.00,0.0000,128.39,1,0,2.9975,ACCEPT,0,802,134,8126,6,365,1708,0,0,0,0
91,0,1,1,ACCEPT,41.4022,9.7263,1741,0,-1,0.9546,166.91,243.78,77.00,115.00,256.00,150.50,40.00,107.00,0.0000,128.99,1,0,2.7943,ACCEPT,0,873,219,11947,6,365,1741,0,0,0,0
92,0,1,1,ACCEPT,41.8207,9.8889,1869,0,-1,0.9813,166.91,240.19,77.00,115.00,256.50,149.00,37.00,106.00,0.0000,127.84,1,0,2.6902,ACCEPT,0,914,208,16436,6,365,1869,0,0,0,0
93,0,1,1,ACCEPT,40.8481,10.9720,2348,0,0,1.0000,166.91,240.19,74.04,110.58,256.00,144.50,42.00,103.00,0.0000,130.74,1,-1,2.8086,ACCEPT,0,1225,255,23270,6,365,2348,0,0,0,0
94,0,1,1,ACCEPT,38.0224,8.8683,2829,-1,-2,0.6995,164.59,233.28,74.04,110.58,255.50,140.00,37.00,108.00,0.0000,130.25,1,0,2.8306,ACCEPT,0,1547,356,26687,6,365,2829,0,0,0,0
95,0,1,1,ACCEPT,39.1220,10.4884,3157,0,-2,0.7659,164.59,226.38,74.04,110.58,258.00,138.00,36.00,100.00,0.0000,128.59,1,0,2.8604,ACCEPT,0,1654,230,32767,6,365,3157,0,0,0,0
96,0,1,1,ACCEPT,42.2620,11.7660,3871,0,-1,0.9088,164.59,222.92,74.04,110.58,259.50,129.00,39.00,96.00,0.0000,133.52,1,0,2.9319,ACCEPT,0,1971,157,27977,6,365,3871,0,0,0,0
97,0,1,1,ACCEPT,43.2145,11.6060,3505,0,-1,0.8545,164.59,219.47,74.04,110.58,259.50,129.00,39.00,98.00,0.0000,131.12,1,0,2.9406,ACCEPT,0,1793,190,32767,6,365,3505,0,0,0,0
98,0,1,1,ACCEPT,42.1679,11.6294,3326,0,-1,0.8091,164.59,216.02,71.19,106.32,257.50,121.00,39.00,98.00,0.0000,132.89,1,-1,2.8362,ACCEPT,0,1690,276,32767,6,365,3326,0,0,0,0
99,0,1,1,ACCEPT,40.2547,9.1986,2594,-1,-2,0.5767,162.38,209.36,71.19,106.32,255.00,117.00,46.00,98.00,0.0000,130.80,1,0,2.9522,ACCEPT,0,1533,161,31707,6,365,2594,0,0,0,0
100,0,1,1,ACCEPT,38.8547,8.3096,3274,0,-2,0.7544,162.38,202.70,74.04,110.58,257.00,108.00,48.00,102.00,0.0000,133.88,1,1,2.8621,ACCEPT,0,2009,175,32767,6,365,3274,0,0,0,0
101,0,1,1,ACCEPT,39.5312,9.2853,2962,0,-1,0.8329,162.38,199.25,71.19,106.32,256.50,108.00,47.00,104.00,0.0000,131.10,1,-1,2.9426,ACCEPT,0,1659,182,32767,6,365,2962,0,0,0,0
102,0,1,1,ACCEPT,41.4377,9.9672,2432,-1,-1,0.7640,160.16,195.92,71.19,106.32,254.50,106.00,41.00,100.00,0.0000,130.33,1,0,2.9558,ACCEPT,0,1332,207,32767,6,365,2432,0,0,0,0
103,0,1,1,ACCEPT,36.8099,7.4351,1948,-1,-1,0.7962,157.94,192.59,71.19,106.32,254.50,87.00,43.00,78.00,0.0000,143.09,1,0,3.0492,ACCEPT,0,1074,134,32767,6,365,1948,0,0,0,0
104,0,1,1,ACCEPT,39.1982,9.9923,2608,-1,-1,0.7765,155.72,189.27,71.19,106.32,249.50,84.50,47.00,81.00,0.0000,140.61,1,0,3.0277,ACCEPT,0,1398,127,32767,6,365,2608,0,0,0,0
105,0,1,1,ACCEPT,37.3721,7.7067,2759,-1,-1,0.8104,153.50,185.94,71.19,106.32,253.50,84.50,53.00,87.00,0.0000,142.44,1,0,2.9972,ACCEPT,0,1549,165,32767,6,365,2759,0,0,0,0
106,0,1,1,ACCEPT,39.1679,7.8065,3146,0,-1,0.8973,153.50,182.61,68.45,102.23,252.50,84.00,53.00,88.00,0.0000,139.73,1,-1,2.9938,ACCEPT,0,1768,144,32767,6,365,3146,0,0,0,0
107,0,1,1,ACCEPT,38.9918,8.8936,3344,-1,0,0.9211,151.36,182.61,68.45,102.23,250.00,87.00,56.00,92.00,0.0000,137.37,1,0,2.8685,ACCEPT,0,1899,123,32767,6,365,3344,0,0,0,0
108,0,1,1,ACCEPT,39.5052,9.6012,3082,0,0,1.0000,151.36,182.61,68.45,102.23,252.00,90.00,54.00,90.00,0.0000,136.77,1,0,3.0449,ACCEPT,0,1803,109,32767,6,365,3082,0,0,0,0
109,0,1,1,ACCEPT,37.1902,9.1250,2701,0,0,1.0000,151.36,182.61,68.45,102.23,249.00,89.50,52.00,91.00,0.0000,134.92,1,0,2.9820,ACCEPT,0,1665,115,32767,6,365,2701,0,0,0,0
110,0,1,1,ACCEPT,37.1254,8.8723,2919,-1,0,0.9479,149.22,182.61,68.45,102.23,252.50,92.00,53.00,90.00,0.0000,137.39,1,0,2.8749,ACCEPT,0,1761,126,32767,6,365,2919,0,0,0,0
111,0,1,1,ACCEPT,36.9355,8.2401,2917,0,0,1.0000,149.22,182.61,65.82,98.30,246.50,95.00,59.00,94.00,0.0000,130.92,1,-1,2.8815,ACCEPT,0,1736,139,32767,6,365,2917,0,0,0,0
112,0,1,1,ACCEPT,35.4279,7.3508,2808,0,0,1.0000,149.22,182.61,65.82,98.30,247.50,97.00,59.00,96.00,0.0000,130.34,1,0,2.9558,ACCEPT,0,1731,160,32767,6,365,2808,0,0,0,0
113,0,1,1,ACCEPT,33.2433,6.8411,2798,0,1,0.9396,149.22,185.69,65.82,98.30,248.50,102.00,61.00,98.00,0.0000,129.85,1,0,2.8814,ACCEPT,0,1827,169,32767,6,365,2798,0,0,0,0
114,0,1,1,ACCEPT,33.2149,6.2727,2829,0,0,1.0000,149.22,185.69,65.82,98.30,244.50,107.00,51.00,96.00,0.0000,123.57,1,0,2.7721,ACCEPT,0,1831,149,32767,6,365,2829,0,0,0,0
115,0,1,1,ACCEPT,26.5300,4.7566,2345,0,1,0.9126,149.22,188.77,65.82,98.30,245.50,111.00,57.00,92.00,0.0000,123.76,1,0,2.6546,ACCEPT,0,1818,158,32767,6,365,2345,0,0,0,0
116,0,1,1,ACCEPT,29.2473,5.6241,3830,0,0,1.0000,149.22,188.77,65.82,98.30,244.50,114.00,55.00,92.00,0.0000,121.11,1,0,2.5205,ACCEPT,0,2664,161,32767,6,365,3830,0,0,0,0
117,0,1,1,ACCEPT,29.6116,6.6836,4204,0,0,1.0000,149.22,188.77,65.82,98.30,245.50,117.00,55.00,96.00,0.0000,120.08,1,0,2.3995,ACCEPT,0,2955,130,32767,6,365,4204,0,0,0,0
118,0,1,1,ACCEPT,31.4656,6.8193,6867,1,0,0.9831,151.28,188.77,65.82,98.30,247.00,116.50,60.00,97.00,0.0000,119.93,1,0,2.5803,ACCEPT,0,4635,130,32767,6,365,6867,0,0,0,0
119,0,1,1,ACCEPT,33.2531,7.0400,7223,0,0,1.0000,151.28,188.77,65.82,98.30,251.50,117.00,63.00,98.00,0.0000,123.26,1,0,2.6186,ACCEPT,0,4659,122,32767,6,365,7223,0,0,0,0
120,0,1,1,ACCEPT,34.1204,7.5084,8034,0,0,1.0000,151.28,188.77,65.82,98.30,249.50,118.00,63.00,98.00,0.0000,121.06,1,0,2.6081,ACCEPT,0,5129,103,30254,6,365,8034,0,0,0,0
121,0,1,1,ACCEPT,35.7696,8.3418,7858,1,0,0.9272,153.34,188.77,65.82,98.30,253.00,118.50,64.00,97.00,0.0000,121.94,1,0,2.6706,ACCEPT,0,4655,130,23071,6,365,7858,0,0,0,0
122,0,1,1,ACCEPT,36.9320,7.5982,7507,0,0,1.0000,153.34,188.77,65.82,98.30,255.00,119.00,68.00,104.00,0.0000,123.29,1,0,2.5740,ACCEPT,0,4381,165,19578,6,365,7507,0,0,0,0
123,0,1,1,ACCEPT,40.2703,8.9357,7506,0,0,1.0000,153.34,188.77,65.82,98.30,254.50,121.00,63.00,102.00,0.0000,121.76,1,0,2.3791,ACCEPT,0,4025,142,18407,6,365,7506,0,0,0,0
124,0,1,1,ACCEPT,41.4858,9.6085,7658,0,1,0.9876,153.34,191.84,65.82,98.30,256.00,118.50,68.00,105.00,0.0000,126.17,1,0,2.7524,ACCEPT,0,3978,122,15644,6,365,7658,0,0,0,0
125,0,1,1,ACCEPT,42.5164,8.9424,7762,0,0,1.0000,153.34,191.84,65.82,98.30,254.00,120.50,64.00,101.00,0.0000,123.38,1,0,2.7672,ACCEPT,0,3998,137,12753,6,365,7762,0,0,0,0
126,0,1,1,ACCEPT,42.3522,10.6508,7381,0,0,1.0000,153.34,191.84,65.82,98.30,256.00,121.50,66.00,103.00,0.0000,124.44,1,0,2.5648,ACCEPT,0,3870,144,11790,6,365,7381,0,0,0,0
127,0,1,1,ACCEPT,35.4696,8.4330,6232,1,1,0.9726,155.41,194.92,63.29,94.52,254.50,124.50,63.00,99.00,0.0000,121.57,1,-1,2.6363,ACCEPT,0,3622,127,11800,6,365,6232,0,0,0,0
128,0,1,1,ACCEPT,36.8720,9.4556,5853,0,0,1.0000,155.41,194.92,63.29,94.52,256.00,126.50,64.00,97.00,0.0000,121.66,1,0,2.6747,ACCEPT,0,3167,167,14498,6,365,5853,0,0,0,0
129,0,1,1,ACCEPT,37.3541,8.8697,5854,1,1,0.9848,157.39,197.88,63.29,94.52,256.50,126.50,61.00,101.00,0.0000,122.14,1,0,2.7492,ACCEPT,0,3274,220,17894,6,365,5854,0,0,0,0
130,0,1,1,ACCEPT,40.9532,9.4937,6000,0,0,1.0000,157.39,197.88,63.29,94.52,256.00,121.00,60.00,114.00,0.0000,125.03,1,0,2.8268,ACCEPT,0,3074,114,16391,6,365,6000,0,0,0,0
131,0,1,1,ACCEPT,41.5711,9.8738,6181,0,1,0.8809,157.39,200.83,63.29,94.52,256.50,124.00,63.00,116.00,0.0000,125.40,1,0,2.8517,ACCEPT,0,3109,144,18075,6,365,6181,0,0,0,0
132,0,1,1,ACCEPT,41.6158,9.2354,7139,0,1,0.8760,157.39,203.78,63.29,94.52,257.00,126.00,62.00,110.00,0.0000,126.38,1,0,2.8727,ACCEPT,0,3676,159,18561,6,365,7139,0,0,0,0
133,0,1,1,ACCEPT,41.7278,8.8892,6258,0,1,0.8664,157.39,206.73,63.29,94.52,255.50,131.00,61.00,114.00,0.0000,123.94,1,0,2.9350,ACCEPT,0,3142,172,20103,6,365,6258,0,0,0,0
134,0,1,1,ACCEPT,41.7449,9.2305,6729,-1,1,0.7410,155.41,209.69,63.29,94.52,252.50,140.00,61.00,106.00,0.0000,119.51,1,0,2.8807,ACCEPT,0,3247,180,23953,6,365,6729,0,0,0,0
135,0,1,1,ACCEPT,41.9682,7.8042,8093,-1,1,0.7781,153.42,212.64,63.29,94.52,249.00,143.00,58.00,102.00,0.0000,118.26,1,0,2.7999,ACCEPT,0,4001,186,22924,6,365,8093,0,0,0,0
136,0,1,1,ACCEPT,40.9057,8.0670,7341,0,1,0.8468,153.42,215.59,63.29,94.52,247.50,144.50,57.00,101.00,0.0000,117.92,1,0,2.8729,ACCEPT,0,3743,215,30336,6,365,7341,0,0,0,0
137,0,1,1,ACCEPT,41.2190,7.5150,7748,-1,1,0.8638,151.44,218.55,63.29,94.52,245.00,146.00,56.00,102.00,0.0000,118.39,1,0,2.8215,ACCEPT,0,3870,157,24712,6,365,7748,0,0,0,0
138,0,1,1,ACCEPT,41.3958,7.6929,7239,0,0,1.0000,151.44,218.55,63.29,94.52,243.50,151.00,57.00,100.00,0.0000,114.18,1,0,2.8393,ACCEPT,0,3714,142,24677,6,365,7239,0,0,0,0
139,0,1,1,ACCEPT,35.3637,6.4790,5695,-1,0,0.9491,149.45,218.55,63.29,94.52,242.50,151.50,57.00,95.00,0.0000,114.69,1,0,2.5989,ACCEPT,0,3416,104,25157,6,365,5695,0,0,0,0
140,0,1,1,ACCEPT,37.8351,6.7160,6078,0,0,1.0000,149.45,218.55,65.82,98.30,240.00,152.00,56.00,98.00,0.0000,112.37,1,1,2.6398,ACCEPT,0,3509,114,22135,6,365,6078,0,0,0,0
141,0,1,1,ACCEPT,36.3149,7.1167,5551,0,0,1.0000,149.45,218.55,65.82,98.30,239.50,152.00,55.00,96.00,0.0000,111.97,1,0,2.7624,ACCEPT,0,3483,148,13375,6,365,5551,0,0,0,0
142,0,1,1,ACCEPT,37.9504,7.7437,5498,0,1,0.9598,149.45,221.62,63.29,94.52,236.50,153.50,59.00,95.00,0.0000,110.54,1,-1,2.7688,ACCEPT,0,3397,119,13148,6,365,5498,0,0,0,0
143,0,1,1,ACCEPT,41.4272,7.6662,5535,0,0,1.0000,149.45,221.62,63.29,94.52,236.50,153.50,57.00,91.00,0.0000,110.54,1,0,2.8517,ACCEPT,0,3072,114,14979,6,365,5535,0,0,0,0
144,0,1,1,ACCEPT,43.1787,8.6898,5518,0,0,1.0000,149.45,221.62,63.29,94.52,237.50,152.50,55.00,91.00,0.0000,111.94,1,0,2.7673,ACCEPT,0,3091,117,13163,6,365,5518,0,0,0,0
145,0,1,1,ACCEPT,43.9599,9.5272,5421,-1,1,0.8716,147.47,224.58,63.29,94.52,237.00,155.00,54.00,92.00,0.0000,113.39,1,0,2.6796,ACCEPT,0,2935,106,12376,6,365,5421,0,0,0,0
146,0,1,1,ACCEPT,45.0757,10.3407,5584,0,1,0.9567,147.47,227.53,63.29,94.52,236.50,156.50,53.00,93.00,0.0000,113.89,1,0,2.7952,ACCEPT,0,3027,105,14528,6,365,5584,0,0,0,0
147,0,1,1,ACCEPT,44.0508,12.0699,5178,0,1,0.9735,147.47,230.48,63.29,94.52,234.50,158.50,55.00,93.00,0.0000,112.94,1,0,2.8354,ACCEPT,0,2753,106,15010,6,365,5178,0,0,0,0
148,0,1,1,ACCEPT,44.1445,11.2471,4915,0,1,0.9268,147.47,233.44,60.85,90.89,233.00,160.50,54.00,95.00,0.0000,112.41,1,-1,2.6231,ACCEPT,0,2620,111,13658,6,365,4915,0,0,0,0
149,0,1,1,ACCEPT,46.8385,11.2574,4942,-1,1,0.8830,145.56,236.28,60.85,90.89,232.00,161.50,54.00,95.00,0.0000,114.30,1,0,2.7515,ACCEPT,0,2538,115,12922,6,365,4942,0,0,0,0
150,0,1,1,ACCEPT,45.8778,10.3899,4717,-1,0,0.9500,143.66,236.28,60.85,90.89,231.50,163.00,53.00,100.00,0.0000,114.40,1,0,2.7055,ACCEPT,0,2410,122,12566,6,365,4717,0,0,0,0
151,0,1,1,ACCEPT,39.2551,8.2947,4081,0,1,0.8596,143.66,239.12,60.85,90.89,226.50,166.50,51.00,97.00,0.0000,110.17,1,0,2.7996,ACCEPT,0,2486,122,12178,6,365,4081,0,0,0,0
152,0,1,1,ACCEPT,36.8792,7.7229,3985,-1,1,0.8936,141.75,241.97,60.85,90.89,226.50,166.50,51.00,97.00,0.0000,113.48,1,0,2.6555,ACCEPT,0,2463,136,9418,6,365,3985,0,0,0,0
153,0,1,1,ACCEPT,34.7467,7.0991,3798,0,0,1.0000,141.75,241.97,60.85,90.89,224.50,169.00,49.00,96.00,0.0000,110.33,1,0,2.8461,ACCEPT,0,2300,122,11443,6,365,3798,0,0,0,0
154,0,1,1,ACCEPT,35.2770,7.3823,3920,-1,1,0.7980,139.84,244.81,60.85,90.89,224.00,176.00,52.00,90.00,0.0000,108.71,1,0,2.8147,ACCEPT,0,2407,111,12000,6,365,3920,0,0,0,0
155,0,1,1,ACCEPT,33.7508,6.9610,4100,-1,1,0.9188,137.94,247.66,60.85,90.89,221.00,175.50,50.00,95.00,0.0000,110.03,1,0,2.7173,ACCEPT,0,2645,109,12079,6,365,4100,0,0,0,0
156,0,1,1,ACCEPT,29.3815,5.7675,3374,-1,1,0.9704,136.03,250.50,60.85,90.89,220.50,178.00,53.00,86.00,0.0000,111.32,1,0,2.5833,ACCEPT,0,2527,137,12881,6,365,3374,0,0,0,0
157,0,1,1,ACCEPT,29.4988,5.5430,3542,0,1,0.9907,136.03,253.34,60.85,90.89,217.50,181.00,51.00,84.00,0.0000,108.95,1,0,2.4929,ACCEPT,0,2528,105,12665,6,365,3542,0,0,0,0
158,0,1,1,ACCEPT,26.1747,4.8117,3551,-1,1,0.7674,134.12,256.19,60.85,90.89,215.50,184.50,53.00,85.00,0.0000,108.45,1,0,2.6493,ACCEPT,0,2661,121,10191,6,365,3551,0,0,0,0
159,0,1,1,ACCEPT,26.7991,4.7212,2743,-1,1,0.8308,132.22,259.03,60.85,90.89,215.00,190.50,54.00,81.00,0.0000,107.47,1,0,2.6900,ACCEPT,0,2025,106,12255,6,365,2743,0,0,0,0
160,0,1,1,ACCEPT,28.9466,5.0494,2964,-1,1,0.8937,130.31,261.88,60.85,90.89,213.00,190.00,52.00,80.00,0.0000,109.56,1,0,2.5259,ACCEPT,0,2167,135,16812,6,365,2964,0,0,0,0
161,0,1,1,ACCEPT,28.5421,5.7051,4062,0,1,0.9362,130.31,264.72,60.85,90.89,210.00,196.50,52.00,77.00,0.0000,104.90,1,0,2.6069,ACCEPT,0,2965,110,13936,6,365,4062,0,0,0,0
162,0,1,1,ACCEPT,30.2663,5.4402,3275,-1,1,0.8965,128.41,267.56,60.85,90.89,211.00,198.00,54.00,76.00,0.0000,107.98,1,0,2.4530,ACCEPT,0,2282,136,20118,6,365,3275,0,0,0,0
163,0,1,1,ACCEPT,27.1687,5.4761,3209,0,1,0.9663,128.41,270.41,60.85,90.89,209.50,202.50,55.00,75.00,0.0000,105.77,1,0,2.5412,ACCEPT,0,2352,124,11065,6,365,3209,0,0,0,0
164,0,1,1,ACCEPT,28.0798,5.4461,2173,0,1,0.9172,128.41,273.25,60.85,90.89,208.50,204.50,55.00,71.00,0.0000,105.55,1,0,2.4908,ACCEPT,0,1513,146,9803,6,365,2173,0,0,0,0
165,0,1,1,ACCEPT,29.7463,5.7095,2398,0,1,0.9650,128.41,276.09,60.85,90.89,208.50,208.50,55.00,65.00,0.0000,104.80,1,0,2.4420,ACCEPT,0,1654,137,9913,6,365,2398,0,0,0,0
166,0,1,1,ACCEPT,31.4918,6.4355,2394,0,0,1.0000,128.41,276.09,60.85,90.89,208.50,208.50,53.00,67.00,0.0000,104.80,1,0,2.6267,ACCEPT,0,1527,142,8551,6,365,2394,0,0,0,0
167,0,1,1,ACCEPT,34.1263,7.0693,2651,0,1,0.9087,128.41,278.94,60.85,90.89,208.00,210.00,56.00,70.00,0.0000,105.30,1,0,2.5831,ACCEPT,0,1624,132,7735,6,365,2651,0,0,0,0
168,0,1,1,ACCEPT,35.1581,7.1526,2625,0,1,0.9848,128.41,281.78,60.85,90.89,208.00,209.50,54.00,73.00,0.0000,107.52,1,0,2.4874,ACCEPT,0,1567,144,7149,6,365,2625,0,0,0,0
169,0,1,1,ACCEPT,36.5622,8.3192,2554,0,0,1.0000,128.41,281.78,60.85,90.89,206.50,213.00,53.00,72.00,0.0000,104.06,1,0,2.5761,ACCEPT,0,1488,155,7025,6,365,2554,0,0,0,0
170,0,1,1,ACCEPT,38.0405,7.8176,2572,0,1,0.9802,128.41,284.62,60.85,90.89,207.00,217.00,52.00,60.00,0.0000,103.68,1,0,2.6167,ACCEPT,0,1461,139,7009,6,365,2572,0,0,0,0
171,0,1,1,ACCEPT,39.0390,8.6212,2526,0,0,1.0000,128.41,284.62,60.85,90.89,207.00,218.50,52.00,59.00,0.0000,102.71,1,0,2.7068,ACCEPT,0,1424,174,6184,6,365,2526,0,0,0,0
172,0,1,1,ACCEPT,40.2487,9.1053,2422,0,0,1.0000,128.41,284.62,60.85,90.89,206.00,221.00,52.00,56.00,0.0000,100.34,1,0,2.7836,ACCEPT,0,1348,185,6750,6,365,2422,0,0,0,0
173,0,1,1,ACCEPT,40.9446,8.9824,2551,-1,0,0.9659,126.50,284.62,60.85,90.89,205.50,222.50,53.00,55.00,0.0000,100.50,1,0,2.6286,ACCEPT,0,1400,181,5387,6,365,2551,0,0,0,0
174,0,1,1,ACCEPT,41.5959,8.6615,2226,-1,0,0.9748,124.59,284.62,60.85,90.89,204.50,222.50,51.00,53.00,0.0000,101.22,1,0,2.5123,ACCEPT,0,1184,244,7788,6,365,2226,0,0,0,0
175,0,1,1,ACCEPT,35.6586,7.2812,2097,0,0,1.0000,124.59,284.62,58.51,87.39,200.50,223.50,57.00,49.00,0.0000,97.46,1,-1,2.5508,ACCEPT,0,1313,117,8633,6,365,2097,0,0,0,0
176,0,1,1,ACCEPT,35.4825,7.2950,1904,-1,0,0.7957,122.77,284.62,58.51,87.39,198.00,224.00,56.00,46.00,0.0000,96.62,1,0,2.7280,ACCEPT,0,1184,129,7310,6,365,1904,0,0,0,0
177,0,1,1,ACCEPT,38.5194,8.0896,2168,-1,0,0.8141,120.94,284.62,58.51,87.39,195.50,223.50,57.00,43.00,0.0000,96.41,1,0,2.7278,ACCEPT,0,1244,110,5312,6,365,2168,0,0,0,0
178,0,1,1,ACCEPT,39.1254,7.8000,1755,-1,1,0.8296,119.11,287.36,58.51,87.39,194.00,224.00,56.00,40.00,0.0000,98.10,1,0,2.6293,ACCEPT,0,1082,111,6336,6,365,1755,0,0,0,0
179,0,1,1,ACCEPT,39.9805,8.1395,2100,-1,0,0.9033,117.28,287.36,58.51,87.39,189.50,225.00,55.00,36.00,0.0000,95.42,1,0,2.7351,ACCEPT,0,1215,136,5121,6,365,2100,0,0,0,0
180,0,1,1,ACCEPT,38.9734,8.2193,1874,-1,0,0.8794,115.45,287.36,58.51,87.39,188.00,225.50,52.00,35.00,0.0000,95.34,1,0,2.7295,ACCEPT,0,1112,125,5211,6,365,1874,0,0,0,0
181,0,1,1,ACCEPT,38.6724,8.3900,1678,-1,1,0.9237,113.62,290.09,58.51,87.39,185.50,226.00,53.00,34.00,0.0000,96.30,1,0,2.5705,ACCEPT,0,1050,127,4063,6,365,1678,0,0,0,0
182,0,1,1,ACCEPT,39.1429,8.9942,1547,-1,0,0.8933,111.80,290.09,58.51,87.39,184.50,226.00,53.00,34.00,0.0000,96.92,1,0,2.7129,ACCEPT,0,916,132,4457,6,365,1547,0,0,0,0
183,0,1,1,ACCEPT,40.4526,8.7667,1578,-1,0,0.9544,109.97,290.09,58.51,87.39,179.50,226.50,57.00,35.00,0.0000,94.23,1,0,2.7665,ACCEPT,0,913,144,4467,6,365,1578,0,0,0,0
184,0,1,1,ACCEPT,40.7182,8.5330,1553,0,0,1.0000,109.97,290.09,56.26,84.03,176.50,230.00,57.00,30.00,0.0000,89.65,1,-1,2.7214,ACCEPT,0,924,153,4525,6,365,1553,0,0,0,0
185,0,1,1,ACCEPT,42.3058,8.0963,1514,-1,1,0.8771,108.20,292.72,56.26,84.03,174.50,229.50,57.00,31.00,0.0000,91.61,1,0,2.5621,ACCEPT,0,824,151,4358,6,365,1514,0,0,0,0
186,0,1,1,ACCEPT,43.0751,8.9891,1645,0,0,1.0000,108.20,292.72,56.26,84.03,173.00,230.00,56.00,32.00,0.0000,90.18,1,0,2.7717,ACCEPT,0,916,196,4430,6,365,1645,0,0,0,0
187,0,1,1,ACCEPT,35.0911,6.0593,1430,0,0,1.0000,108.20,292.72,56.26,84.03,171.00,231.00,54.00,30.00,0.0000,88.05,1,0,2.8169,ACCEPT,0,864,135,3442,6,365,1430,0,0,0,0
188,0,1,1,ACCEPT,33.2372,5.8571,1066,0,0,1.0000,108.20,292.72,56.26,84.03,170.50,232.00,57.00,28.00,0.0000,86.99,1,0,2.7605,ACCEPT,0,697,138,3308,6,365,1066,0,0,0,0
189,0,1,1,ACCEPT,34.0912,5.7500,1173,0,1,0.9889,108.20,295.34,56.26,84.03,169.50,234.00,55.00,26.00,0.0000,86.72,1,0,2.7039,ACCEPT,0,765,125,2731,6,365,1173,0,0,0,0
190,0,1,1,ACCEPT,34.9438,6.6908,1017,-1,0,0.9518,106.44,295.34,56.26,84.03,166.00,235.00,56.00,22.00,0.0000,84.79,1,0,2.8642,ACCEPT,0,600,132,2864,6,365,1017,0,0,0,0
191,0,1,1,ACCEPT,37.5543,7.5411,1101,0,1,0.9673,106.44,297.97,56.26,84.03,163.50,236.50,57.00,21.00,0.0000,83.87,1,0,2.6497,ACCEPT,0,669,132,2467,6,365,1101,0,0,0,0
192,0,1,1,ACCEPT,39.6533,7.6913,1146,0,0,1.0000,106.44,297.97,56.26,84.03,162.50,240.00,61.00,20.00,0.0000,80.64,1,0,2.8239,ACCEPT,0,652,125,2642,6,365,1146,0,0,0,0
193,0,1,1,ACCEPT,39.6972,7.6899,1215,0,1,0.9588,106.44,300.59,56.26,84.03,161.00,239.50,64.00,17.00,0.0000,81.91,1,0,2.8086,ACCEPT,0,691,131,2702,6,365,1215,0,0,0,0
194,0,1,1,ACCEPT,40.8666,8.5578,1258,0,0,1.0000,106.44,300.59,56.26,84.03,152.00,240.50,78.00,23.00,0.0000,75.41,1,0,2.7599,ACCEPT,0,721,149,2703,6,365,1258,0,0,0,0
195,0,1,1,ACCEPT,41.8619,9.0268,1345,-1,1,0.9517,104.67,303.22,56.26,84.03,150.50,244.00,81.00,18.00,0.0000,74.88,1,0,2.8030,ACCEPT,0,759,127,2830,6,365,1345,0,0,0,0
196,0,1,1,ACCEPT,43.1144,9.2781,1401,0,1,0.9707,104.67,305.84,56.26,84.03,147.50,245.00,77.00,18.00,0.0000,74.41,1,0,2.7157,ACCEPT,0,790,127,2546,6,365,1401,0,0,0,0
197,0,1,1,ACCEPT,43.7216,9.6716,1296,0,0,1.0000,104.67,305.84,56.26,84.03,147.00,248.00,76.00,18.00,0.0000,71.68,1,0,2.9443,ACCEPT,0,725,142,2631,6,365,1296,0,0,0,0
198,0,1,1,ACCEPT,43.1927,9.4962,1244,-1,1,0.9791,102.91,308.47,56.26,84.03,144.00,249.50,72.00,19.00,0.0000,71.87,1,0,2.7297,ACCEPT,0,716,159,2827,6,365,1244,0,0,0,0
199,0,1,1,ACCEPT,36.7660,8.4406,1207,0,1,0.9834,102.91,311.09,58.51,87.39,145.00,251.00,66.00,16.00,0.0000,73.37,1,1,2.5592,ACCEPT,0,809,133,3424,6,365,1207,0,0,0,0
200,0,1,1,ACCEPT,35.4579,8.1667,1372,0,0,1.0000,102.91,311.09,58.51,87.39,139.50,250.00,65.00,12.00,0.0000,71.21,1,0,2.8766,ACCEPT,0,898,114,3843,6,365,1372,0,0,0,0
201,0,1,1,ACCEPT,35.0352,8.1627,1355,0,0,1.0000,102.91,311.09,56.26,84.03,139.50,251.50,63.00,13.00,0.0000,69.93,1,-1,2.7474,ACCEPT,0,895,131,3067,6,365,1355,0,0,0,0
202,0,1,1,ACCEPT,38.8389,8.3355,1267,-1,1,0.8398,101.14,313.72,56.26,84.03,133.00,251.50,58.00,17.00,0.0000,69.90,1,0,2.9804,ACCEPT,0,729,129,3356,6,365,1267,0,0,0,0
203,0,1,1,ACCEPT,38.9158,9.6230,1174,0,0,1.0000,101.14,313.72,56.26,84.03,131.50,252.00,59.00,16.00,0.0000,68.78,1,0,2.8619,ACCEPT,0,695,107,3559,6,365,1174,0,0,0,0
204,0,1,1,ACCEPT,39.5788,9.6228,1097,0,1,0.9544,101.14,316.34,56.26,84.03,124.00,251.50,76.00,19.00,0.0000,68.76,1,0,2.8876,ACCEPT,0,631,102,4757,6,365,1097,0,0,0,0
205,0,1,1,ACCEPT,40.6006,9.5443,1508,0,0,1.0000,101.14,316.34,56.26,84.03,121.00,253.00,70.00,18.00,0.0000,66.38,1,0,3.0220,ACCEPT,0,830,113,5048,6,365,1508,0,0,0,0
206,0,1,1,ACCEPT,41.6173,10.3506,1594,0,0,1.0000,101.14,316.34,56.26,84.03,116.50,253.00,61.00,18.00,0.0000,65.18,1,0,2.9865,ACCEPT,0,879,118,4704,6,365,1594,0,0,0,0
207,0,1,1,ACCEPT,43.5301,10.1092,1759,0,1,0.9500,101.14,318.97,56.26,84.03,112.00,253.00,76.00,18.00,0.0000,66.86,1,0,2.8375,ACCEPT,0,963,150,4162,6,365,1759,0,0,0,0
208,0,1,1,ACCEPT,44.9685,11.4062,1825,1,0,0.9474,102.91,318.97,56.26,84.03,112.50,251.50,71.00,17.00,0.0000,68.15,1,0,2.8058,ACCEPT,0,974,152,5388,6,365,1825,0,0,0,0
209,0,1,1,ACCEPT,46.5568,11.0758,2337,0,0,1.0000,102.91,318.97,56.26,84.03,97.00,252.00,92.00,14.00,0.0000,67.23,1,0,2.8883,ACCEPT,0,1152,140,5954,6,365,2337,0,0,0,0
210,0,1,1,ACCEPT,45.7569,10.8667,2608,0,0,1.0000,102.91,318.97,56.26,84.03,98.50,252.00,87.00,12.00,0.0000,67.11,1,0,2.9030,ACCEPT,0,1338,170,6439,6,365,2608,0,0,0,0
211,0,1,1,ACCEPT,42.6019,10.5076,2753,1,0,0.8536,104.67,318.97,56.26,84.03,84.00,252.50,100.00,13.00,0.0000,69.61,1,0,2.9816,ACCEPT,0,1524,137,1445,6,365,2753,0,0,0,0
212,0,1,1,ACCEPT,43.2599,10.9167,524,1,0,0.9332,106.44,318.97,56.26,84.03,85.00,253.00,102.00,16.00,0.0000,69.36,1,0,2.9958,ACCEPT,0,289,130,1220,6,365,524,0,0,0,0
213,0,1,1,ACCEPT,44.7716,12.0541,446,1,0,0.9215,108.20,318.97,56.26,84.03,74.50,253.50,107.00,13.00,0.0000,73.63,1,0,2.9878,ACCEPT,0,239,132,1049,6,365,446,0,0,0,0
214,0,1,1,ACCEPT,43.6744,12.4286,348,0,0,1.0000,108.20,318.97,56.26,84.03,73.00,252.50,100.00,13.00,0.0000,75.22,1,0,2.8723,ACCEPT,0,189,137,2185,6,365,348,0,0,0,0
215,0,1,1,ACCEPT,46.6006,11.4800,574,1,-1,0.8868,109.97,316.34,56.26,84.03,75.00,253.50,100.00,13.00,0.0000,71.92,1,0,2.8363,ACCEPT,0,296,127,2497,6,365,574,0,0,0,0
216,0,1,1,ACCEPT,47.9564,13.4474,511,1,0,0.9726,111.73,316.34,56.26,84.03,70.00,254.00,96.00,14.00,0.0000,75.02,1,0,2.9633,ACCEPT,0,255,134,7340,6,365,511,0,0,0,0
217,0,1,1,ACCEPT,52.5126,13.7063,1727,0,0,1.0000,111.73,316.34,56.26,84.03,65.00,253.00,96.00,14.00,0.0000,78.72,1,0,3.0746,ACCEPT,0,785,119,7759,6,365,1727,0,0,0,0
218,0,1,1,ACCEPT,50.6897,12.1824,1803,0,0,1.0000,111.73,316.34,56.26,84.03,63.00,253.50,90.00,15.00,0.0000,79.53,1,0,2.9964,ACCEPT,0,846,139,6976,6,365,1803,0,0,0,0
219,0,1,1,ACCEPT,51.4681,10.2821,2005,1,-1,0.9187,113.50,313.72,56.26,84.03,55.50,252.50,93.00,13.00,0.0000,84.33,1,0,3.0117,ACCEPT,0,902,146,4864,6,365,2005,0,0,0,0
220,0,1,1,ACCEPT,52.4485,11.1678,1597,0,0,1.0000,113.50,313.72,56.26,84.03,53.00,251.50,88.00,13.00,0.0000,86.78,1,0,3.0902,ACCEPT,0,709,133,5196,6,365,1597,0,0,0,0
221,0,1,1,ACCEPT,53.3913,11.9133,1787,0,-1,0.9541,113.50,311.09,56.26,84.03,50.00,250.50,84.00,13.00,0.0000,87.77,1,0,2.8266,ACCEPT,0,796,169,4253,6,365,1787,0,0,0,0
222,0,1,1,ACCEPT,54.8544,11.9739,1832,0,0,1.0000,113.50,311.09,56.26,84.03,49.50,251.00,81.00,14.00,0.0000,87.79,1,0,3.0292,ACCEPT,0,792,172,4719,6,365,1832,0,0,0,0
223,0,1,1,ACCEPT,46.6262,9.9888,1788,0,-1,0.9575,113.50,308.47,56.26,84.03,42.50,250.00,71.00,14.00,0.0000,91.98,1,0,2.7402,ACCEPT,0,842,116,4471,6,365,1788,0,0,0,0
224,0,1,1,ACCEPT,46.6241,10.0625,1449,1,0,0.9765,115.27,308.47,56.26,84.03,45.00,247.00,52.00,14.00,0.0000,93.36,1,0,2.9768,ACCEPT,0,688,119,4393,6,365,1449,0,0,0,0
225,0,1,1,ACCEPT,46.7985,10.1884,1406,0,-1,0.9339,115.27,305.84,56.26,84.03,43.50,246.50,51.00,11.00,0.0000,93.12,1,0,2.8448,ACCEPT,0,668,115,4816,6,365,1406,0,0,0,0
226,0,1,1,ACCEPT,44.8397,9.3190,1519,1,-1,0.9664,117.03,303.22,54.10,80.80,42.50,244.00,53.00,12.00,0.0000,95.19,1,-1,2.5186,ACCEPT,0,727,116,4690,6,365,1519,0,0,0,0
227,0,1,1,ACCEPT,43.3049,9.7325,1528,0,0,1.0000,117.03,303.22,54.10,80.80,39.00,242.50,46.00,13.00,0.0000,98.87,1,0,2.8105,ACCEPT,0,746,122,6144,6,365,1528,0,0,0,0
228,0,1,1,ACCEPT,41.1232,7.9956,1831,0,-1,0.9885,117.03,300.69,54.10,80.80,36.50,241.00,45.00,14.00,0.0000,100.24,1,0,2.6222,ACCEPT,0,908,119,6557,6,365,1831,0,0,0,0
229,0,1,1,ACCEPT,41.7911,8.5476,1795,0,0,1.0000,117.03,300.69,54.10,80.80,33.50,240.50,45.00,11.00,0.0000,102.96,1,0,2.7009,ACCEPT,0,887,138,4694,6,365,1795,0,0,0,0
230,0,1,1,ACCEPT,41.2344,7.1545,1574,1,-1,0.9403,118.72,298.16,54.10,80.80,32.00,240.00,46.00,14.00,0.0000,104.41,1,0,2.6317,ACCEPT,0,805,168,4166,6,365,1574,0,0,0,0
231,0,1,1,ACCEPT,41.0635,7.4009,1643,0,0,1.0000,118.72,298.16,54.10,80.80,28.00,243.00,48.00,22.00,0.0000,106.17,1,0,2.8294,ACCEPT,0,835,165,5657,6,365,1643,0,0,0,0
232,0,1,1,ACCEPT,40.1964,7.3808,2229,0,-1,0.9955,118.72,295.62,54.10,80.80,28.00,241.00,48.00,20.00,0.0000,105.90,1,0,2.6236,ACCEPT,0,1123,149,5790,6,365,2229,0,0,0,0
233,0,1,1,ACCEPT,40.6108,7.7172,2238,1,0,0.9589,120.41,295.62,54.10,80.80,29.00,235.00,44.00,14.00,0.0000,109.68,1,0,2.8537,ACCEPT,0,1118,167,6617,6,365,2238,0,0,0,0
234,0,1,1,ACCEPT,41.6075,7.5118,2539,1,-1,0.9173,122.09,293.09,54.10,80.80,29.00,234.00,42.00,14.00,0.0000,110.27,1,0,2.5990,ACCEPT,0,1279,195,7140,6,365,2539,0,0,0,0
235,0,1,1,ACCEPT,37.7375,7.5821,2631,0,0,1.0000,122.09,293.09,54.10,80.80,26.50,232.50,45.00,15.00,0.0000,113.18,1,0,2.7570,ACCEPT,0,1428,150,6668,6,365,2631,0,0,0,0
236,0,1,1,ACCEPT,35.8717,7.3171,2100,1,-1,0.9719,123.78,290.56,54.10,80.80,27.00,231.00,40.00,18.00,0.0000,113.64,1,0,2.6098,ACCEPT,0,1191,150,6467,6,365,2100,0,0,0,0
237,0,1,1,ACCEPT,36.7902,7.4539,2184,0,0,1.0000,123.78,290.56,54.10,80.80,26.50,229.50,41.00,13.00,0.0000,114.86,1,0,2.8327,ACCEPT,0,1155,141,6524,6,365,2184,0,0,0,0
238,0,1,1,ACCEPT,38.0526,7.9079,2404,1,-1,0.9480,125.47,288.03,54.10,80.80,29.00,228.00,42.00,14.00,0.0000,113.62,1,0,2.4912,ACCEPT,0,1291,130,6700,6,365,2404,0,0,0,0
239,0,1,1,ACCEPT,40.1273,8.5243,2634,1,0,0.8910,127.16,288.03,54.10,80.80,28.00,226.50,44.00,13.00,0.0000,116.70,1,0,2.6790,ACCEPT,0,1376,131,7067,6,365,2634,0,0,0,0
240,0,1,1,ACCEPT,40.5568,9.6224,2319,1,0,0.9258,128.84,288.03,54.10,80.80,29.50,226.00,41.00,14.00,0.0000,117.12,1,0,2.7571,ACCEPT,0,1202,145,8899,6,365,2319,0,0,0,0
241,0,1,1,ACCEPT,41.1309,9.6245,2204,1,-1,0.9052,130.53,285.50,54.10,80.80,28.50,225.00,43.00,12.00,0.0000,118.62,1,0,2.5909,ACCEPT,0,1146,156,9761,6,365,2204,0,0,0,0
242,0,1,1,ACCEPT,41.8382,10.2771,2374,1,0,0.9280,132.22,285.50,54.10,80.80,30.00,224.00,44.00,12.00,0.0000,119.29,1,0,2.8309,ACCEPT,0,1205,137,15366,6,365,2374,0,0,0,0
243,0,1,1,ACCEPT,40.4564,8.9194,2765,1,0,0.8311,133.91,285.50,54.10,80.80,30.00,222.00,48.00,14.00,0.0000,121.77,1,0,2.9485,ACCEPT,0,1431,133,13942,6,365,2765,0,0,0,0
244,0,1,1,ACCEPT,40.7470,9.1420,2898,1,0,0.8747,135.59,285.50,54.10,80.80,28.00,223.50,52.00,13.00,0.0000,124.18,1,0,2.9758,ACCEPT,0,1494,123,13225,6,365,2898,0,0,0,0
245,0,1,1,ACCEPT,41.8972,9.8640,3265,1,-1,0.8723,137.28,282.97,54.10,80.80,28.50,223.50,51.00,13.00,0.0000,123.98,1,0,2.7955,ACCEPT,0,1665,146,12745,6,365,3265,0,0,0,0
246,0,1,1,ACCEPT,43.6397,10.0854,3308,1,0,0.8032,138.97,282.97,54.10,80.80,31.00,222.50,48.00,15.00,0.0000,123.75,1,0,2.9307,ACCEPT,0,1665,158,9388,6,365,3308,0,0,0,0
247,0,1,1,ACCEPT,41.9271,8.7090,3083,1,0,0.8498,140.66,282.97,54.10,80.80,28.00,222.00,52.00,14.00,0.0000,128.10,1,0,2.9624,ACCEPT,0,1548,163,12154,6,365,3083,0,0,0,0
248,0,1,1,ACCEPT,41.5666,8.9317,2224,1,0,0.8772,142.34,282.97,54.10,80.80,32.50,224.00,49.00,20.00,0.0000,124.67,1,0,2.8644,ACCEPT,0,1106,154,18052,6,365,2224,0,0,0,0
249,0,1,1,ACCEPT,40.3291,7.5224,2520,2,0,0.7782,145.72,282.97,54.10,80.80,33.50,224.50,51.00,19.00,0.0000,126.54,1,0,2.7720,ACCEPT,0,1288,115,16298,6,365,2520,0,0,0,0
250,0,1,1,ACCEPT,42.0288,8.1107,2271,0,0,1.0000,145.72,282.97,54.10,80.80,35.00,226.00,52.00,22.00,0.0000,124.52,1,0,2.7424,ACCEPT,0,1169,112,18936,6,365,2271,0,0,0,0
251,0,1,1,ACCEPT,42.6802,8.4583,2639,1,0,0.8427,147.41,282.97,54.10,80.80,35.50,227.00,45.00,26.00,0.0000,125.12,1,0,2.6579,ACCEPT,0,1317,108,13763,6,365,2639,0,0,0,0
252,0,1,1,ACCEPT,41.5453,8.4936,1996,2,-1,0.7605,150.78,280.44,54.10,80.80,37.50,227.00,51.00,24.00,0.0000,125.25,1,0,2.7051,ACCEPT,0,1020,92,10174,6,365,1996,0,0,0,0
253,0,1,1,ACCEPT,42.6294,9.2229,1448,0,1,0.9952,150.78,282.97,54.10,80.80,43.00,225.50,42.00,23.00,0.0000,122.15,1,0,2.4936,ACCEPT,0,749,108,16148,6,365,1448,0,0,0,0
254,0,1,1,ACCEPT,45.7661,10.8458,2321,1,-1,0.8152,152.47,280.44,56.26,84.03,44.50,227.00,43.00,26.00,0.0000,120.47,1,1,2.6486,ACCEPT,0,1089,98,13207,6,365,2321,0,0,0,0
255,0,1,1,ACCEPT,47.8942,11.7446,2161,2,0,0.6798,156.00,280.44,56.26,84.03,45.50,227.50,41.00,25.00,0.0000,122.53,1,0,2.8068,ACCEPT,0,984,109,13507,6,365,2161,0,0,0,0
256,0,1,1,ACCEPT,47.2452,10.4747,2273,1,0,0.9287,157.77,280.44,56.26,84.03,47.00,227.00,42.00,24.00,0.0000,122.98,1,0,2.8266,ACCEPT,0,1047,133,10107,6,365,2273,0,0,0,0
257,0,1,1,ACCEPT,47.9931,11.0000,2079,1,1,0.8831,159.53,283.06,56.26,84.03,48.00,230.50,42.00,29.00,0.0000,123.30,1,0,2.5977,ACCEPT,0,950,125,10201,6,365,2079,0,0,0,0
258,0,1,1,ACCEPT,50.3797,11.4951,2345,1,0,0.9284,161.30,283.06,56.26,84.03,50.00,230.00,42.00,30.00,0.0000,123.30,1,0,2.7160,ACCEPT,0,1035,134,7585,6,365,2345,0,0,0,0
259,0,1,1,ACCEPT,42.3720,8.4737,1932,1,0,0.8131,163.06,283.06,56.26,84.03,48.00,233.00,36.00,34.00,0.0000,125.48,1,0,2.7456,ACCEPT,0,990,108,4140,6,365,1932,0,0,0,0
260,0,1,1,ACCEPT,43.4881,9.0726,1125,2,1,0.7618,166.59,285.69,56.26,84.03,49.50,235.00,37.00,34.00,0.0000,127.59,1,0,2.6778,ACCEPT,0,569,97,3515,6,365,1125,0,0,0,0
261,0,1,1,ACCEPT,44.7802,8.1654,1037,1,0,0.9614,168.36,285.69,56.26,84.03,54.50,238.00,39.00,40.00,0.0000,123.44,1,0,2.7629,ACCEPT,0,503,135,3679,6,365,1037,0,0,0,0
262,0,1,1,ACCEPT,44.8805,9.0902,1209,1,0,0.8081,170.12,285.69,56.26,84.03,56.50,238.00,41.00,36.00,0.0000,123.23,1,0,2.7116,ACCEPT,0,594,111,3171,6,365,1209,0,0,0,0
263,0,1,1,ACCEPT,45.9211,9.9901,1009,1,1,0.7730,171.89,288.31,56.26,84.03,57.00,240.00,44.00,40.00,0.0000,124.64,1,0,2.7107,ACCEPT,0,484,117,2371,6,365,1009,0,0,0,0
264,0,1,1,ACCEPT,44.7369,9.2500,814,1,0,0.8206,173.66,288.31,56.26,84.03,59.00,239.00,42.00,38.00,0.0000,124.81,1,0,2.7508,ACCEPT,0,416,119,2179,6,365,814,0,0,0,0
265,0,1,1,ACCEPT,45.9392,9.7895,744,1,1,0.8306,175.42,290.94,56.26,84.03,60.50,239.00,41.00,44.00,0.0000,126.11,1,0,2.5917,ACCEPT,0,358,119,1739,6,365,744,0,0,0,0
266,0,1,1,ACCEPT,46.1039,9.9143,694,2,0,0.8026,178.95,290.94,56.26,84.03,60.50,240.00,43.00,40.00,0.0000,128.94,1,0,2.6288,ACCEPT,0,329,134,1429,6,365,694,0,0,0,0
267,0,1,1,ACCEPT,47.4491,10.0845,716,0,0,1.0000,178.95,290.94,56.26,84.03,61.50,240.50,41.00,37.00,0.0000,127.82,1,0,2.7773,ACCEPT,0,331,126,2084,6,365,716,0,0,0,0
268,0,1,1,ACCEPT,48.9870,10.0753,937,1,0,0.9157,180.72,290.94,56.26,84.03,63.00,241.50,40.00,35.00,0.0000,127.68,1,0,2.7860,ACCEPT,0,425,156,1762,6,365,937,0,0,0,0
269,0,1,1,ACCEPT,49.5622,10.6800,801,1,0,0.9825,182.48,290.94,56.26,84.03,63.50,241.00,41.00,32.00,0.0000,129.04,1,0,2.7910,ACCEPT,0,365,140,1703,6,365,801,0,0,0,0
270,0,1,1,ACCEPT,50.6012,11.1831,794,1,0,0.9118,184.25,290.94,56.26,84.03,63.50,241.00,43.00,32.00,0.0000,130.67,1,0,2.8134,ACCEPT,0,352,155,1401,6,365,794,0,0,0,0
271,0,1,1,ACCEPT,42.8421,9.4833,569,0,0,1.0000,184.25,290.94,56.26,84.03,64.00,240.00,44.00,32.00,0.0000,130.59,1,0,2.8199,ACCEPT,0,298,126,965,6,365,569,0,0,0,0
272,0,1,1,ACCEPT,42.0535,9.9773,439,1,0,0.8542,186.02,290.94,56.26,84.03,65.50,240.00,43.00,34.00,0.0000,130.84,1,0,2.7021,ACCEPT,0,230,104,909,6,365,439,0,0,0,0
273,0,1,1,ACCEPT,42.5802,9.4500,378,1,-1,0.8651,187.78,288.31,56.26,84.03,67.00,241.50,42.00,37.00,0.0000,129.54,1,0,2.7712,ACCEPT,0,202,125,850,6,365,378,0,0,0,0
274,0,1,1,ACCEPT,42.0020,9.6154,375,0,0,1.0000,187.78,288.31,56.26,84.03,68.00,243.00,40.00,36.00,0.0000,128.07,1,0,2.8382,ACCEPT,0,196,107,903,6,365,375,0,0,0,0
275,0,1,1,ACCEPT,44.0934,10.3590,404,1,-1,0.9406,189.55,285.69,56.26,84.03,68.00,241.50,40.00,33.00,0.0000,129.33,1,0,2.7795,ACCEPT,0,208,102,995,6,365,404,0,0,0,0
276,0,1,1,ACCEPT,44.0417,11.2500,360,0,0,1.0000,189.55,285.69,56.26,84.03,68.50,241.00,41.00,32.00,0.0000,129.03,1,0,2.8658,ACCEPT,0,183,110,1126,6,365,360,0,0,0,0
277,0,1,1,ACCEPT,44.9720,11.5152,380,0,-1,0.9132,189.55,283.06,56.26,84.03,68.00,241.00,42.00,36.00,0.0000,128.62,1,0,2.8018,ACCEPT,0,189,112,1124,6,365,380,0,0,0,0
278,0,1,1,ACCEPT,46.8594,11.1935,347,1,0,0.9452,191.31,283.06,56.26,84.03,69.50,240.00,39.00,36.00,0.0000,129.20,1,0,2.8529,ACCEPT,0,170,119,993,6,365,347,0,0,0,0
279,0,1,1,ACCEPT,46.8466,11.5185,311,1,-1,0.8585,193.08,280.44,56.26,84.03,69.50,239.00,39.00,36.00,0.0000,130.34,1,0,2.7516,ACCEPT,0,155,136,1020,6,365,311,0,0,0,0
280,0,1,1,ACCEPT,45.3502,10.8846,283,0,-1,0.9965,193.08,277.81,56.26,84.03,68.50,237.00,41.00,36.00,0.0000,131.09,1,0,2.8393,ACCEPT,0,150,112,958,6,365,283,0,0,0,0
281,0,1,1,ACCEPT,48.0024,10.8846,283,0,-1,0.9788,193.08,275.19,56.26,84.03,69.00,236.00,42.00,36.00,0.0000,130.12,1,0,2.8227,ACCEPT,0,142,115,971,6,365,283,0,0,0,0
282,0,1,1,ACCEPT,48.6496,9.6296,260,0,0,1.0000,193.08,275.19,56.26,84.03,70.00,234.00,40.00,36.00,0.0000,129.79,1,0,2.9685,ACCEPT,0,127,162,908,6,365,260,0,0,0,0
283,0,1,1,ACCEPT,39.7966,9.2500,222,1,-1,0.8964,194.84,272.56,56.26,84.03,69.50,233.50,41.00,35.00,0.0000,131.29,1,0,2.8252,ACCEPT,0,123,122,1168,6,365,222,0,0,0,0
284,0,1,1,ACCEPT,43.5241,9.8750,316,0,-1,0.8861,194.84,269.94,56.26,84.03,70.50,232.50,39.00,35.00,0.0000,129.86,1,0,2.8885,ACCEPT,0,168,117,1557,6,365,316,0,0,0,0
285,0,1,1,ACCEPT,44.9816,10.1250,405,0,-1,0.9827,194.84,267.31,56.26,84.03,70.50,231.50,39.00,35.00,0.0000,129.40,1,0,2.7945,ACCEPT,0,205,88,1727,6,365,405,0,0,0,0
286,0,1,1,ACCEPT,48.5357,11.3659,466,0,0,1.0000,194.84,267.31,56.26,84.03,71.00,230.50,38.00,35.00,0.0000,129.20,1,0,2.9413,ACCEPT,0,233,98,1374,6,365,466,0,0,0,0
287,0,1,1,ACCEPT,47.7237,11.0000,352,0,-1,0.9375,194.84,264.69,56.26,84.03,71.00,231.00,38.00,38.00,0.0000,128.34,1,0,2.8938,ACCEPT,0,179,109,1615,6,365,352,0,0,0,0
288,0,1,1,ACCEPT,48.5450,10.6905,449,0,-1,0.9933,194.84,262.06,58.51,87.39,70.50,230.00,39.00,38.00,0.0000,128.41,1,1,2.7027,ACCEPT,0,220,118,1374,6,365,449,0,0,0,0
289,0,1,1,ACCEPT,48.2137,12.2647,417,0,0,1.0000,194.84,262.06,58.51,87.39,69.50,229.50,43.00,39.00,0.0000,129.50,1,0,3.0543,ACCEPT,0,208,141,1278,6,365,417,0,0,0,0
290,0,1,1,ACCEPT,48.9116,11.1316,423,0,-1,0.9527,194.84,259.33,58.51,87.39,70.00,230.00,42.00,40.00,0.0000,128.24,1,0,2.9266,ACCEPT,0,213,159,976,6,365,423,0,0,0,0
291,0,1,1,ACCEPT,48.9568,11.9615,311,0,0,1.0000,194.84,259.33,58.51,87.39,70.00,230.50,42.00,43.00,0.0000,128.13,1,0,3.0745,ACCEPT,0,157,133,1251,6,365,311,0,0,0,0
292,0,1,1,ACCEPT,50.0625,12.1290,376,0,-1,0.9495,194.84,256.59,58.51,87.39,68.00,229.00,42.00,42.00,0.0000,129.81,1,0,3.0258,ACCEPT,0,185,153,1207,6,365,376,0,0,0,0
293,0,1,1,ACCEPT,48.9367,11.6000,290,0,-1,0.9931,194.84,253.86,58.51,87.39,69.00,227.00,44.00,40.00,0.0000,128.68,1,0,2.8178,ACCEPT,0,152,175,1511,6,365,290,0,0,0,0
294,0,1,1,ACCEPT,51.1589,13.0417,313,0,0,1.0000,194.84,253.86,58.51,87.39,68.50,228.00,45.00,44.00,0.0000,128.96,1,0,2.9984,ACCEPT,0,149,200,2262,6,365,313,0,0,0,0
295,0,1,1,ACCEPT,42.8934,10.5625,338,0,0,1.0000,194.84,253.86,58.51,87.39,68.50,227.50,41.00,47.00,0.0000,129.06,1,0,2.9318,ACCEPT,0,173,113,1181,6,365,338,0,0,0,0
296,0,1,1,ACCEPT,42.9251,11.5000,230,0,-1,0.9391,194.84,251.12,58.51,87.39,68.50,229.00,41.00,50.00,0.0000,128.27,1,0,2.8212,ACCEPT,0,128,112,967,6,365,230,0,0,0,0
297,0,1,1,ACCEPT,44.1489,11.9167,286,1,0,0.9615,196.67,251.12,58.51,87.39,68.50,230.00,45.00,50.00,0.0000,129.90,1,0,3.0041,ACCEPT,0,153,124,901,6,365,286,0,0,0,0
298,0,1,1,ACCEPT,45.1488,11.8636,261,0,-1,0.9847,196.67,248.39,58.51,87.39,69.00,227.00,44.00,46.00,0.0000,129.45,1,0,2.9052,ACCEPT,0,140,122,1133,6,365,261,0,0,0,0
299,0,1,1,ACCEPT,47.6516,11.3846,296,0,0,1.0000,196.67,248.39,58.51,87.39,68.50,228.00,43.00,50.00,0.0000,129.78,1,0,2.8882,ACCEPT,0,149,112,1079,6,365,296,0,0,0,0
300,0,1,1,ACCEPT,44.6378,10.6786,299,1,0,0.9967,198.50,248.39,58.51,87.39,68.50,228.50,43.00,51.00,0.0000,131.51,1,0,2.9219,ACCEPT,0,158,114,957,6,365,299,0,0,0,0
301,0,1,1,ACCEPT,44.0183,10.8333,260,0,-1,0.9308,198.50,245.66,58.51,87.39,68.50,228.00,43.00,52.00,0.0000,131.19,1,0,2.9565,ACCEPT,0,140,117,827,6,365,260,0,0,0,0
302,0,1,1,ACCEPT,44.2872,10.4783,241,0,-1,0.9876,198.50,242.92,58.51,87.39,69.00,226.50,40.00,49.00,0.0000,130.54,1,0,2.8729,ACCEPT,0,123,102,852,6,365,241,0,0,0,0
303,0,1,1,ACCEPT,46.5157,11.0000,253,0,0,1.0000,198.50,242.92,58.51,87.39,70.00,224.50,40.00,49.00,0.0000,129.81,1,0,2.8541,ACCEPT,0,127,120,920,6,365,253,0,0,0,0
304,0,1,1,ACCEPT,44.4229,9.8333,236,1,-1,0.9364,200.33,240.19,58.51,87.39,71.00,223.50,38.00,49.00,0.0000,130.40,1,0,2.9231,ACCEPT,0,122,110,877,6,365,236,0,0,0,0
305,0,1,1,ACCEPT,45.9961,10.3200,258,1,0,0.9729,202.16,240.19,58.51,87.39,71.50,222.50,39.00,49.00,0.0000,131.85,1,0,2.8917,ACCEPT,0,130,119,794,6,365,258,0,0,0,0
306,0,1,1,ACCEPT,44.8999,11.0000,253,0,-1,0.8735,202.16,237.45,58.51,87.39,72.50,221.50,39.00,51.00,0.0000,130.63,1,0,2.8775,ACCEPT,0,131,140,861,6,365,253,0,0,0,0
307,0,1,1,ACCEPT,39.2490,8.0690,234,1,-1,0.9103,203.98,234.72,58.51,87.39,73.00,224.50,40.00,59.00,0.0000,131.38,1,0,2.8375,ACCEPT,0,139,124,877,6,365,234,0,0,0,0
308,0,1,1,ACCEPT,40.2200,8.7037,235,0,-1,0.9277,203.98,231.98,58.51,87.39,72.50,222.00,43.00,60.00,0.0000,131.86,1,0,2.8277,ACCEPT,0,140,99,1133,6,365,235,0,0,0,0
309,0,1,1,ACCEPT,41.1568,9.8077,255,0,-1,0.9608,203.98,229.25,58.51,87.39,72.50,220.50,43.00,61.00,0.0000,131.78,1,0,2.8045,ACCEPT,0,146,119,1273,6,365,255,0,0,0,0
310,0,1,1,ACCEPT,41.3815,9.8333,236,1,0,0.9364,205.81,229.25,58.51,87.39,73.00,218.00,42.00,60.00,0.0000,133.29,1,0,2.8614,ACCEPT,0,135,112,1731,6,365,236,0,0,0,0
311,0,1,1,ACCEPT,41.6351,10.4400,261,0,-1,0.8467,205.81,226.52,58.51,87.39,73.00,219.00,40.00,60.00,0.0000,133.02,1,0,2.8923,ACCEPT,0,150,133,1566,6,365,261,0,0,0,0
312,0,1,1,ACCEPT,41.9442,9.7778,264,1,-1,0.8068,207.64,223.78,58.51,87.39,75.50,215.00,39.00,60.00,0.0000,132.43,1,0,2.7921,ACCEPT,0,150,111,2208,6,365,264,0,0,0,0
313,0,1,1,ACCEPT,43.9672,11.4286,320,0,-1,0.8938,207.64,221.05,58.51,87.39,75.50,214.00,37.00,62.00,0.0000,132.33,1,0,2.8371,ACCEPT,0,179,127,2469,6,365,320,0,0,0,0
314,0,1,1,ACCEPT,43.9549,10.5312,337,0,-1,0.9525,207.64,218.31,58.51,87.39,75.50,212.50,37.00,61.00,0.0000,132.27,1,0,2.8311,ACCEPT,0,189,121,2815,6,365,337,0,0,0,0
315,0,1,1,ACCEPT,43.9751,9.7027,359,0,0,1.0000,207.64,218.31,58.51,87.39,75.50,212.00,35.00,60.00,0.0000,132.29,1,0,2.8346,ACCEPT,0,191,127,3485,6,365,359,0,0,0,0
316,0,1,1,ACCEPT,45.6693,10.8333,390,1,-1,0.8051,209.47,215.58,58.51,87.39,75.50,213.50,37.00,65.00,0.0000,133.98,1,0,2.8615,ACCEPT,0,207,113,3797,6,365,390,0,0,0,0
317,0,1,1,ACCEPT,47.1888,10.8537,445,1,-1,0.8202,211.30,212.84,58.51,87.39,75.50,211.50,37.00,65.00,0.0000,135.80,1,0,2.6136,ACCEPT,0,229,134,4820,6,365,445,0,0,0,0
318,0,1,1,ACCEPT,48.7735,10.9362,514,0,-1,0.8794,211.30,210.11,58.51,87.39,75.50,209.50,37.00,63.00,0.0000,135.80,1,0,2.6916,ACCEPT,0,254,140,5545,6,365,514,0,0,0,0
319,0,1,1,ACCEPT,44.6001,10.0303,662,0,-1,0.9350,211.30,207.38,58.51,87.39,75.50,212.00,35.00,68.00,0.0000,135.88,1,0,2.8038,ACCEPT,0,340,147,2581,6,365,662,0,0,0,0
320,0,1,1,ACCEPT,42.3853,9.2941,316,0,-1,0.9968,211.30,204.64,58.51,87.39,74.50,213.00,35.00,70.00,0.0000,137.05,1,0,2.7649,ACCEPT,0,175,149,3315,6,365,316,0,0,0,0
321,0,1,1,ACCEPT,44.1399,10.8462,423,0,-1,0.9645,211.30,201.91,58.51,87.39,75.00,211.50,36.00,71.00,0.0000,136.63,1,0,2.7351,ACCEPT,0,228,142,3510,6,365,423,0,0,0,0
322,0,1,1,ACCEPT,44.5447,10.5238,442,0,0,1.0000,211.30,201.91,58.51,87.39,75.50,212.00,35.00,74.00,0.0000,136.17,1,0,2.9645,ACCEPT,0,234,117,3883,6,365,442,0,0,0,0
323,0,1,1,ACCEPT,45.1352,9.8750,474,0,-1,0.8544,211.30,199.17,58.51,87.39,75.50,207.50,35.00,67.00,0.0000,136.05,1,0,2.9757,ACCEPT,0,250,103,3932,6,365,474,0,0,0,0
324,0,1,1,ACCEPT,44.8245,9.9773,439,0,-1,0.9339,211.30,196.44,58.51,87.39,74.50,209.50,35.00,71.00,0.0000,137.42,1,0,2.9269,ACCEPT,0,228,121,3861,6,365,439,0,0,0,0
325,0,1,1,ACCEPT,46.2185,11.4889,517,0,0,1.0000,211.30,196.44,58.51,87.39,74.50,208.50,35.00,71.00,0.0000,137.33,1,0,2.9742,ACCEPT,0,270,138,3505,6,365,517,0,0,0,0
326,0,1,1,ACCEPT,47.5139,10.7255,547,1,-1,0.8464,213.12,193.70,58.51,87.39,76.00,209.50,34.00,73.00,0.0000,138.03,1,0,2.9726,ACCEPT,0,280,130,3646,6,365,547,0,0,0,0
327,0,1,1,ACCEPT,48.9712,10.0667,604,0,-1,0.8576,213.12,190.97,58.51,87.39,76.00,206.50,34.00,69.00,0.0000,138.00,1,0,2.9935,ACCEPT,0,309,114,4395,6,365,604,0,0,0,0
328,0,1,1,ACCEPT,48.8322,10.4098,635,0,-1,0.9213,213.12,188.23,58.51,87.39,77.00,205.50,34.00,67.00,0.0000,137.22,1,0,2.9564,ACCEPT,0,318,134,4396,6,365,635,0,0,0,0
329,0,1,1,ACCEPT,47.5241,11.4394,755,0,-1,0.9907,213.12,185.50,58.51,87.39,77.50,204.50,35.00,67.00,0.0000,136.95,1,0,2.8900,ACCEPT,0,390,145,4054,6,365,755,0,0,0,0
330,0,1,1,ACCEPT,48.5829,11.6167,697,0,-1,0.9785,213.12,182.77,58.51,87.39,75.50,204.50,37.00,67.00,0.0000,139.33,1,0,2.7811,ACCEPT,0,347,167,2735,6,365,697,0,0,0,0
331,0,1,1,ACCEPT,42.8505,10.0870,696,1,0,0.9598,214.95,182.77,58.51,87.39,76.00,205.50,32.00,69.00,0.0000,140.80,1,0,2.9785,ACCEPT,0,379,118,2676,6,365,696,0,0,0,0
332,0,1,1,ACCEPT,42.0296,8.3934,512,0,-1,0.8945,214.95,180.03,58.51,87.39,76.00,207.00,32.00,72.00,0.0000,141.55,1,0,2.9228,ACCEPT,0,277,127,4496,6,365,512,0,0,0,0
333,0,1,1,ACCEPT,43.2323,9.1143,638,0,-1,0.9906,214.95,177.30,58.51,87.39,75.50,206.00,33.00,70.00,0.0000,142.38,1,0,2.8832,ACCEPT,0,334,110,5159,6,365,638,0,0,0,0
334,0,1,1,ACCEPT,46.4225,8.5823,678,0,0,1.0000,214.95,177.30,58.51,87.39,76.50,207.50,33.00,67.00,0.0000,141.71,1,0,2.9433,ACCEPT,0,331,102,6985,6,365,678,0,0,0,0
335,0,1,1,ACCEPT,47.0143,8.6623,667,0,-1,0.9475,214.95,174.56,58.51,87.39,76.00,208.00,32.00,68.00,0.0000,142.92,1,0,2.9398,ACCEPT,0,347,139,5039,6,365,667,0,0,0,0
336,0,1,1,ACCEPT,46.1186,8.7538,569,0,-1,0.9613,214.95,171.83,58.51,87.39,75.50,208.50,33.00,67.00,0.0000,144.19,1,0,2.8421,ACCEPT,0,298,119,5884,6,365,569,0,0,0,0
337,0,1,1,ACCEPT,47.4345,10.5789,603,0,0,1.0000,214.95,171.83,58.51,87.39,75.50,208.50,33.00,69.00,0.0000,144.19,1,0,2.9124,ACCEPT,0,317,110,8160,6,365,603,0,0,0,0
338,0,1,1,ACCEPT,48.7178,9.5125,761,0,-1,0.9750,214.95,169.09,58.51,87.39,74.00,209.00,36.00,70.00,0.0000,146.49,1,0,2.8680,ACCEPT,0,395,132,7618,6,365,761,0,0,0,0
339,0,1,1,ACCEPT,49.9265,10.3590,808,0,0,1.0000,214.95,169.09,58.51,87.39,73.00,209.50,36.00,67.00,0.0000,147.59,1,0,2.8964,ACCEPT,0,398,121,8570,6,365,808,0,0,0,0
340,0,1,1,ACCEPT,51.4630,11.2099,908,0,-1,0.9769,214.95,166.36,58.51,87.39,72.50,208.00,37.00,64.00,0.0000,148.41,1,0,2.9065,ACCEPT,0,441,126,7268,6,365,908,0,0,0,0
341,0,1,1,ACCEPT,50.6761,10.0118,851,0,0,1.0000,214.95,166.36,58.51,87.39,70.50,208.50,33.00,65.00,0.0000,150.47,1,0,2.9317,ACCEPT,0,414,138,6547,6,365,851,0,0,0,0
342,0,1,1,ACCEPT,50.4780,11.1667,804,-1,0,0.9764,213.12,166.36,58.51,87.39,70.00,207.50,36.00,65.00,0.0000,148.92,1,0,2.7277,ACCEPT,0,401,129,4742,6,365,804,0,0,0,0
343,0,1,1,ACCEPT,43.6638,9.8082,716,0,-1,0.9302,213.12,163.62,58.51,87.39,68.50,207.50,35.00,63.00,0.0000,151.13,1,0,2.8286,ACCEPT,0,402,115,2895,6,365,716,0,0,0,0
344,0,1,1,ACCEPT,42.9676,10.2791,442,0,-1,0.9864,213.12,160.89,58.51,87.39,67.00,207.00,34.00,62.00,0.0000,153.23,1,0,2.8244,ACCEPT,0,239,127,2596,6,365,442,0,0,0,0
345,0,1,1,ACCEPT,46.3081,12.4737,474,0,0,1.0000,213.12,160.89,58.51,87.39,65.00,205.00,32.00,64.00,0.0000,154.55,1,0,2.8561,ACCEPT,0,246,119,3223,6,365,474,0,0,0,0
346,0,1,1,ACCEPT,45.2885,10.9333,492,0,-1,0.9695,213.12,158.16,58.51,87.39,63.50,209.00,31.00,68.00,0.0000,158.03,1,0,2.8481,ACCEPT,0,267,123,3105,6,365,492,0,0,0,0
347,0,1,1,ACCEPT,47.6976,12.7000,508,0,0,1.0000,213.12,158.16,58.51,87.39,62.50,210.50,31.00,67.00,0.0000,159.46,1,0,2.8410,ACCEPT,0,270,126,3245,6,365,508,0,0,0,0
348,0,1,1,ACCEPT,45.0086,10.6800,534,0,-1,0.9532,213.12,155.42,58.51,87.39,60.00,209.50,34.00,69.00,0.0000,162.39,1,0,2.8161,ACCEPT,0,303,148,3171,6,365,534,0,0,0,0
349,0,1,1,ACCEPT,46.9672,11.7660,553,0,0,1.0000,213.12,155.42,58.51,87.39,60.00,208.00,34.00,66.00,0.0000,161.90,1,0,3.1516,ACCEPT,0,292,138,3195,6,365,553,0,0,0,0
350,0,1,1,ACCEPT,47.9422,11.9167,572,-1,-1,0.8986,211.30,152.69,58.51,87.39,57.50,209.50,33.00,69.00,0.0000,163.95,1,0,2.8273,ACCEPT,0,312,122,2903,6,365,572,0,0,0,0
351,0,1,1,ACCEPT,47.0637,10.3265,506,0,-1,0.9486,211.30,149.95,58.51,87.39,56.50,209.00,33.00,64.00,0.0000,165.68,1,0,2.8067,ACCEPT,0,266,121,3677,6,365,506,0,0,0,0
352,0,1,1,ACCEPT,47.7860,10.7200,536,0,0,1.0000,211.30,149.95,58.51,87.39,55.50,209.00,33.00,64.00,0.0000,166.61,1,0,2.8577,ACCEPT,0,274,131,3367,6,365,536,0,0,0,0
353,0,1,1,ACCEPT,46.1098,10.0769,524,0,-1,0.9637,211.30,147.22,58.51,87.39,54.00,210.50,32.00,65.00,0.0000,169.55,1,0,2.9244,ACCEPT,0,289,141,1795,6,365,524,0,0,0,0
354,0,1,1,ACCEPT,47.7433,11.1224,545,-1,0,0.9853,209.47,147.22,58.51,87.39,53.50,208.00,33.00,64.00,0.0000,167.39,1,0,2.7363,ACCEPT,0,284,203,1143,6,365,545,0,0,0,0
355,0,1,1,ACCEPT,39.6396,8.7193,497,0,0,1.0000,209.47,147.22,58.51,87.39,51.00,209.00,30.00,60.00,0.0000,170.09,1,0,2.7443,ACCEPT,0,280,114,946,6,365,497,0,0,0,0
356,0,1,1,ACCEPT,42.7076,10.0278,361,0,-1,0.8892,209.47,144.48,58.51,87.39,50.00,210.00,30.00,62.00,0.0000,172.40,1,0,2.9653,ACCEPT,0,192,118,856,6,365,361,0,0,0,0
357,0,1,1,ACCEPT,40.9798,8.6667,338,0,0,1.0000,209.47,144.48,58.51,87.39,48.00,209.50,32.00,63.00,0.0000,174.07,1,0,2.9630,ACCEPT,0,183,101,1703,6,365,338,0,0,0,0
358,0,1,1,ACCEPT,41.3177,7.7200,386,-1,-1,0.9016,207.64,141.75,58.51,87.39,45.50,210.50,33.00,61.00,0.0000,176.11,1,0,2.9613,ACCEPT,0,209,145,1013,6,365,386,0,0,0,0
359,0,1,1,ACCEPT,40.4545,7.2444,326,0,0,1.0000,207.64,141.75,58.51,87.39,46.00,211.00,32.00,60.00,0.0000,175.85,1,0,3.0377,ACCEPT,0,172,114,1270,6,365,326,0,0,0,0
360,0,1,1,ACCEPT,44.0152,8.3250,333,-1,-1,0.9159,205.81,139.02,58.51,87.39,45.50,211.50,35.00,59.00,0.0000,175.94,1,0,2.8059,ACCEPT,0,174,177,898,6,365,333,0,0,0,0
361,0,1,1,ACCEPT,46.2705,8.8367,433,0,0,1.0000,205.81,139.02,58.51,87.39,43.50,212.00,33.00,60.00,0.0000,177.97,1,0,3.0448,ACCEPT,0,203,140,959,6,365,433,0,0,0,0
362,0,1,1,ACCEPT,42.7217,8.1296,439,-1,-1,0.9886,203.98,136.28,58.51,87.39,42.00,210.50,34.00,63.00,0.0000,178.18,1,0,2.8134,ACCEPT,0,217,130,944,6,365,439,0,0,0,0
363,0,1,1,ACCEPT,44.9598,10.0000,530,0,0,1.0000,203.98,136.28,58.51,87.39,40.50,211.50,33.00,63.00,0.0000,179.96,1,0,3.0773,ACCEPT,0,253,167,1058,6,365,530,0,0,0,0
364,0,1,1,ACCEPT,43.9928,9.1200,456,0,-1,0.9978,203.98,133.55,58.51,87.39,40.00,212.00,34.00,60.00,0.0000,181.78,1,0,2.8582,ACCEPT,0,226,125,1537,6,365,456,0,0,0,0
365,0,1,1,ACCEPT,45.1908,8.9138,517,-1,0,0.9516,202.16,133.55,58.51,87.39,37.50,213.50,37.00,61.00,0.0000,183.04,1,0,3.0446,ACCEPT,0,247,124,1451,6,365,517,0,0,0,0
