frame,occluded,evaluated,accept,reason,psr_bolme,psr_ratio,peak,dr_bin,dc_bin,resp00_over_peak,est_row,est_col,est_h,est_w,truth_row,truth_col,truth_h,truth_w,iou,centre_err,published,scale_idx,scale_conf,scale_reason,rails,accum_max,fch0_max,h_max,job,anchor,resp_max,rails_fch,rails_accum,rails_resp,rails_h
0,0,0,0,ZERO_RESPONSE,0.0000,0.0000,0,0,0,0.0000,67.00,233.00,78.00,90.00,67.00,233.00,78.00,90.00,1.0000,0.00,1,0,0.0000,NOT_RUN,0,0,1455,23795,0,0,0,0,0,0,0
1,0,1,1,ACCEPT,59.7624,14.2626,3965,0,0,1.0000,67.00,233.00,78.00,90.00,67.50,233.50,79.00,91.00,0.9765,0.71,1,0,3.2638,ACCEPT,0,1877,1254,24496,0,0,3965,0,0,0,0
2,0,1,1,ACCEPT,59.1164,15.1241,4023,0,0,1.0000,67.00,233.00,78.00,90.00,67.50,233.00,79.00,90.00,0.9873,0.50,1,0,3.1600,ACCEPT,0,1958,1130,23403,0,0,4023,0,0,0,0
3,0,1,1,ACCEPT,59.7244,13.9410,4252,0,0,1.0000,67.00,233.00,78.00,90.00,67.50,233.50,79.00,89.00,0.9765,0.71,1,0,3.1735,ACCEPT,0,2044,999,23510,0,0,4252,0,0,0,0
4,0,1,1,ACCEPT,61.4358,14.0066,4216,0,0,1.0000,67.00,233.00,78.00,90.00,67.50,233.00,79.00,90.00,0.9873,0.50,1,0,3.2330,ACCEPT,0,1949,815,25474,0,0,4216,0,0,0,0
5,0,1,1,ACCEPT,58.6807,12.2493,4128,0,0,1.0000,67.00,233.00,78.00,90.00,68.00,231.50,80.00,91.00,0.9435,1.80,1,0,3.1237,ACCEPT,0,2053,657,26669,0,0,4128,0,0,0,0
6,0,1,1,ACCEPT,56.6479,11.5718,4108,0,0,1.0000,67.00,233.00,78.00,90.00,68.00,232.00,78.00,92.00,0.9538,1.41,1,0,3.0077,ACCEPT,0,1953,599,24900,0,0,4108,0,0,0,0
7,0,1,1,ACCEPT,54.9467,12.1880,4278,0,0,1.0000,67.00,233.00,78.00,90.00,68.00,232.00,78.00,92.00,0.9538,1.41,1,0,2.9433,ACCEPT,0,2036,567,24318,0,0,4278,0,0,0,0
8,0,1,1,ACCEPT,49.2439,9.9759,4140,0,0,1.0000,67.00,233.00,78.00,90.00,69.50,230.50,79.00,91.00,0.8892,3.54,1,0,2.9113,ACCEPT,0,1953,465,24542,0,0,4140,0,0,0,0
9,0,1,1,ACCEPT,41.8272,8.2567,4310,1,-1,0.9812,69.44,230.19,78.00,90.00,70.50,229.50,79.00,91.00,0.9587,1.27,1,0,2.6882,ACCEPT,0,2165,398,25345,0,0,4310,0,0,0,0
10,0,1,1,ACCEPT,38.5074,8.0109,4390,0,0,1.0000,69.44,230.19,78.00,90.00,71.50,228.00,79.00,90.00,0.9049,3.01,1,0,2.4092,ACCEPT,0,2150,276,22322,0,0,4390,0,0,0,0
11,0,1,1,ACCEPT,31.5739,5.7624,3832,0,0,1.0000,69.44,230.19,75.00,86.54,73.50,228.00,77.00,92.00,0.8471,4.61,1,-1,2.3146,ACCEPT,0,2082,245,18651,0,0,3832,0,0,0,0
12,0,1,1,ACCEPT,23.8922,4.1100,2914,1,0,0.9211,71.78,230.19,72.12,83.21,75.00,226.50,78.00,89.00,0.8432,4.89,1,-1,2.4235,ACCEPT,0,1873,218,17169,0,0,2914,0,0,0,0
13,0,1,1,ACCEPT,19.7191,3.8123,2417,0,0,1.0000,71.78,230.19,72.12,83.21,77.00,225.50,76.00,89.00,0.7828,7.01,1,0,2.7068,ACCEPT,0,1730,241,17459,0,0,2417,0,0,0,0
14,0,1,1,ACCEPT,20.0662,3.7563,2667,1,0,0.9546,74.03,230.19,72.12,83.21,78.50,224.50,77.00,91.00,0.7816,7.23,1,0,2.5327,ACCEPT,0,1957,247,15087,0,0,2667,0,0,0,0
15,0,1,1,ACCEPT,21.8843,4.3472,2917,0,0,1.0000,74.03,230.19,72.12,83.21,80.00,223.50,76.00,89.00,0.7350,8.96,1,0,2.7540,ACCEPT,0,2165,262,17976,0,0,2917,0,0,0,0
16,0,1,1,ACCEPT,22.8417,4.5968,3751,1,-1,0.9424,76.28,227.59,72.12,83.21,81.00,223.00,76.00,90.00,0.7949,6.59,1,0,2.2328,ACCEPT,0,2757,270,16016,0,0,3751,0,0,0,0
17,0,1,1,ACCEPT,24.5793,4.4673,3958,1,0,0.9803,78.53,227.59,72.12,83.21,83.00,222.50,76.00,89.00,0.7910,6.78,1,0,2.3012,ACCEPT,0,3065,205,16429,0,0,3958,0,0,0,0
18,0,1,1,ACCEPT,25.4543,4.6808,4428,0,0,1.0000,78.53,227.59,72.12,83.21,84.00,221.50,76.00,87.00,0.7534,8.19,1,0,2.4472,ACCEPT,0,3351,207,15303,0,0,4428,0,0,0,0
19,0,1,1,ACCEPT,24.6940,4.8402,4574,0,0,1.0000,78.53,227.59,69.34,80.01,84.50,221.00,77.00,88.00,0.7305,8.89,1,-1,2.4277,ACCEPT,0,3394,182,15709,0,0,4574,0,0,0,0
20,0,1,1,ACCEPT,23.5148,3.9628,4256,1,0,0.9276,80.70,227.59,69.34,80.01,86.50,219.50,77.00,87.00,0.7090,9.96,1,0,2.5589,ACCEPT,0,3019,228,15657,0,0,4256,0,0,0,0
21,0,1,1,ACCEPT,23.5148,3.4364,4079,1,-1,0.9010,82.88,225.09,69.34,80.01,89.00,219.00,74.00,88.00,0.7344,8.64,1,0,2.1209,ACCEPT,0,3006,232,15673,0,0,4079,0,0,0,0
22,0,1,1,ACCEPT,23.9087,3.7651,4040,1,0,0.9245,85.05,225.09,69.34,80.01,90.50,217.50,75.00,87.00,0.7227,9.35,1,0,2.4103,ACCEPT,0,3110,222,15947,0,0,4040,0,0,0,0
23,0,1,1,ACCEPT,24.4323,4.1414,4365,0,0,1.0000,85.05,225.09,69.34,80.01,91.50,217.50,75.00,87.00,0.7042,9.97,1,0,2.5351,ACCEPT,0,3501,203,15966,0,0,4365,0,0,0,0
24,0,1,1,ACCEPT,26.0574,4.4236,4605,1,0,0.9759,87.22,225.09,66.67,76.93,92.50,217.50,75.00,87.00,0.7192,9.25,1,-1,2.5922,ACCEPT,0,3522,194,15796,0,0,4605,0,0,0,0
25,0,1,1,ACCEPT,27.3486,5.5993,4933,0,0,1.0000,87.22,225.09,66.67,76.93,93.50,217.00,75.00,86.00,0.6922,10.25,1,0,2.8179,ACCEPT,0,3817,248,15864,0,0,4933,0,0,0,0
26,0,1,1,ACCEPT,30.5317,6.4048,5111,0,0,1.0000,87.22,225.09,66.67,76.93,94.00,217.00,76.00,86.00,0.6836,10.56,1,0,2.8169,ACCEPT,0,3477,220,16410,0,0,5111,0,0,0,0
27,0,1,1,ACCEPT,32.9999,7.0809,5516,0,0,1.0000,87.22,225.09,66.67,76.93,94.00,217.00,76.00,86.00,0.6836,10.56,1,0,2.5096,ACCEPT,0,3451,235,14260,0,0,5516,0,0,0,0
28,0,1,1,ACCEPT,34.9124,8.0016,4905,0,1,0.9969,87.22,227.50,66.67,76.93,94.00,218.00,76.00,86.00,0.6618,11.67,1,0,2.7768,ACCEPT,0,3052,247,14541,0,0,4905,0,0,0,0
29,0,1,1,ACCEPT,37.3392,7.8093,5365,0,0,1.0000,87.22,227.50,66.67,76.93,93.50,218.50,77.00,85.00,0.6782,10.98,1,0,2.5008,ACCEPT,0,3082,222,15073,0,0,5365,0,0,0,0
30,0,1,1,ACCEPT,38.2042,7.7160,5054,0,0,1.0000,87.22,227.50,66.67,76.93,94.00,219.50,78.00,85.00,0.6857,10.49,1,0,2.3242,ACCEPT,0,2896,204,15770,0,0,5054,0,0,0,0
31,0,1,1,ACCEPT,39.3831,7.1247,5201,0,0,1.0000,87.22,227.50,66.67,76.93,94.00,219.50,78.00,85.00,0.6857,10.49,1,0,2.3007,ACCEPT,0,2932,198,16757,0,0,5201,0,0,0,0
32,0,1,1,ACCEPT,40.1400,7.4264,5451,0,0,1.0000,87.22,227.50,66.67,76.93,94.00,220.00,78.00,86.00,0.6938,10.11,1,0,2.2358,ACCEPT,0,3001,217,15371,0,0,5451,0,0,0,0
33,0,1,1,ACCEPT,38.5604,6.6257,4797,0,0,1.0000,87.22,227.50,66.67,76.93,94.00,221.00,78.00,86.00,0.7099,9.39,1,0,2.0941,ACCEPT,0,2566,220,14048,0,0,4797,0,0,0,0
34,0,1,1,ACCEPT,34.9022,6.6819,3655,0,1,0.9584,87.22,229.91,66.67,76.93,91.50,221.50,77.00,85.00,0.7077,9.43,1,0,2.3079,ACCEPT,0,1996,226,13806,0,0,3655,0,0,0,0
35,0,1,1,ACCEPT,29.3449,4.7386,3118,0,0,1.0000,87.22,229.91,66.67,76.93,92.00,223.50,78.00,81.00,0.7320,7.99,1,0,2.4326,ACCEPT,0,1899,234,14560,0,0,3118,0,0,0,0
36,0,1,1,ACCEPT,27.3921,4.4876,3065,0,1,0.9827,87.22,232.31,66.67,76.93,91.50,225.50,79.00,83.00,0.7163,8.05,1,0,2.5271,ACCEPT,0,1978,218,14524,0,0,3065,0,0,0,0
37,0,1,1,ACCEPT,26.6570,4.0811,3322,0,0,1.0000,87.22,232.31,66.67,76.93,89.50,226.00,77.00,78.00,0.7423,6.71,1,0,2.6189,ACCEPT,0,2116,222,13513,0,0,3322,0,0,0,0
38,0,1,1,ACCEPT,25.9093,4.5566,3381,0,1,0.9746,87.22,234.72,66.67,76.93,89.00,229.00,78.00,78.00,0.7440,5.99,1,0,2.6999,ACCEPT,0,2176,227,14430,0,0,3381,0,0,0,0
39,0,1,1,ACCEPT,24.6772,4.0382,4018,0,0,1.0000,87.22,234.72,64.11,73.97,89.00,230.00,82.00,80.00,0.6947,5.04,1,-1,2.4047,ACCEPT,0,2651,212,14689,0,0,4018,0,0,0,0
40,0,1,1,ACCEPT,20.6840,3.6491,3671,1,1,0.9036,89.22,237.03,61.64,71.13,91.50,231.00,83.00,72.00,0.6391,6.45,1,-1,2.3593,ACCEPT,0,2770,221,13583,0,0,3671,0,0,0,0
41,0,1,1,ACCEPT,17.9837,4.1738,3435,0,1,0.8838,89.22,239.25,59.27,68.39,92.50,233.00,83.00,76.00,0.6057,7.06,1,-1,2.2334,ACCEPT,0,2836,216,17250,0,0,3435,0,0,0,0
42,0,1,1,ACCEPT,17.4196,4.0988,3484,0,1,0.9216,89.22,241.39,59.27,68.39,93.50,233.50,89.00,73.00,0.5452,8.98,1,0,2.4830,ACCEPT,0,3082,226,16247,0,0,3484,0,0,0,0
43,0,1,1,ACCEPT,16.4613,2.9651,3484,-1,1,0.9231,87.36,243.53,59.27,68.39,94.00,235.50,86.00,69.00,0.5625,10.42,1,0,2.1929,ACCEPT,0,3150,246,17044,0,0,3484,0,0,0,0
44,0,1,1,ACCEPT,15.1175,2.6674,3417,0,1,0.9772,87.36,245.67,59.27,68.39,91.50,236.00,91.00,68.00,0.5122,10.52,1,0,2.4148,ACCEPT,0,3737,230,14311,0,0,3417,0,0,0,0
45,0,1,1,ACCEPT,15.5726,2.7693,2869,0,0,1.0000,87.36,245.67,59.27,68.39,90.50,238.00,87.00,64.00,0.5638,8.29,1,0,2.5511,ACCEPT,0,3244,208,12240,0,0,2869,0,0,0,0
46,0,1,1,ACCEPT,19.5597,3.3556,3265,0,0,1.0000,87.36,245.67,59.27,68.39,91.00,238.00,88.00,64.00,0.5580,8.49,1,0,2.7608,ACCEPT,0,3031,209,11701,0,0,3265,0,0,0,0
47,0,1,1,ACCEPT,24.0408,4.1785,4003,0,0,1.0000,87.36,245.67,59.27,68.39,90.50,236.00,91.00,66.00,0.5127,10.17,1,0,2.6953,ACCEPT,0,3194,221,12460,0,0,4003,0,0,0,0
48,0,1,1,ACCEPT,27.0814,4.6002,4752,0,-1,0.9821,87.36,243.53,59.27,68.39,90.50,235.00,91.00,68.00,0.5274,9.09,1,0,2.7371,ACCEPT,0,3438,208,12516,0,0,4752,0,0,0,0
49,0,1,1,ACCEPT,31.3811,5.0229,5490,0,0,1.0000,87.36,243.53,59.27,68.39,90.00,235.50,90.00,67.00,0.5402,8.45,1,0,2.7690,ACCEPT,0,3567,207,14293,0,0,5490,0,0,0,0
50,0,1,1,ACCEPT,31.1480,5.0480,5573,-1,0,0.9639,85.50,243.53,59.27,68.39,91.00,235.00,94.00,68.00,0.5119,10.15,1,0,2.6276,ACCEPT,0,3594,207,14726,0,0,5573,0,0,0,0
51,0,1,1,ACCEPT,31.9904,5.9914,5578,-1,-1,0.8395,83.64,241.39,59.27,68.39,88.00,233.00,94.00,70.00,0.5127,9.46,1,0,2.4618,ACCEPT,0,3388,227,17103,0,0,5578,0,0,0,0
52,0,1,1,ACCEPT,30.2728,6.6825,5493,0,0,1.0000,83.64,241.39,56.99,65.76,86.50,230.50,95.00,67.00,0.4550,11.26,1,-1,2.4248,ACCEPT,0,3431,203,17524,0,0,5493,0,0,0,0
53,0,1,1,ACCEPT,26.0025,5.0508,5768,0,-1,0.9341,83.64,239.33,54.80,63.23,85.00,227.00,98.00,70.00,0.4048,12.40,1,-1,2.5042,ACCEPT,0,4382,191,19316,0,0,5768,0,0,0,0
54,0,1,1,ACCEPT,21.9068,3.5760,5482,0,-1,0.9641,83.64,237.36,54.80,63.23,84.00,225.50,100.00,67.00,0.4027,11.86,1,0,2.4584,ACCEPT,0,4510,165,19358,0,0,5482,0,0,0,0
55,0,1,1,ACCEPT,23.3177,4.5507,6107,0,-1,0.9510,83.64,235.39,54.80,63.23,84.50,223.00,97.00,70.00,0.4080,12.42,1,0,2.4397,ACCEPT,0,4382,171,19700,0,0,6107,0,0,0,0
56,0,1,1,ACCEPT,23.7096,4.4525,6091,0,-1,0.9608,83.64,233.42,54.80,63.23,85.50,220.00,101.00,74.00,0.3822,13.55,1,0,2.4658,ACCEPT,0,4424,148,15057,0,0,6091,0,0,0,0
57,0,1,1,ACCEPT,24.4863,4.2350,5802,1,0,0.9543,85.36,233.42,54.80,63.23,87.50,219.00,103.00,74.00,0.3659,14.58,1,0,2.5784,ACCEPT,0,4287,182,11779,0,0,5802,0,0,0,0
58,0,1,1,ACCEPT,25.6806,5.4649,5290,1,-1,0.8981,87.08,231.45,54.80,63.23,88.00,217.50,100.00,75.00,0.3806,13.98,1,0,2.5704,ACCEPT,0,3712,177,10829,0,0,5290,0,0,0,0
59,0,1,1,ACCEPT,26.4748,5.7801,4757,0,0,1.0000,87.08,231.45,54.80,63.23,88.50,217.50,97.00,73.00,0.3917,14.03,1,0,2.6507,ACCEPT,0,3174,168,10749,0,0,4757,0,0,0,0
60,0,1,1,ACCEPT,26.4880,5.1453,4744,1,-1,0.9564,88.80,229.48,54.80,63.23,90.50,215.50,97.00,73.00,0.3914,14.09,1,0,2.6541,ACCEPT,0,3371,178,10023,0,0,4744,0,0,0,0
61,0,1,1,ACCEPT,26.3737,5.8627,4356,0,0,1.0000,88.80,229.48,54.80,63.23,90.00,213.50,98.00,73.00,0.3680,16.03,1,0,2.6320,ACCEPT,0,2887,167,11298,0,0,4356,0,0,0,0
62,0,1,1,ACCEPT,26.6293,5.2098,4668,0,-1,0.9737,88.80,227.52,56.99,65.76,93.50,213.50,103.00,73.00,0.3890,14.78,1,1,2.6093,ACCEPT,0,3220,179,10413,0,0,4668,0,0,0,0
63,0,1,1,ACCEPT,26.6245,5.2550,4698,1,-1,0.8716,90.58,225.45,56.99,65.76,93.50,210.50,105.00,77.00,0.3732,15.24,1,0,2.5114,ACCEPT,0,3355,231,10883,0,0,4698,0,0,0,0
64,0,1,1,ACCEPT,22.8441,4.0578,4285,0,-1,0.9470,90.58,223.39,56.99,65.76,93.50,210.50,101.00,79.00,0.4067,13.22,1,0,2.3961,ACCEPT,0,3196,255,12857,0,0,4285,0,0,0,0
65,0,1,1,ACCEPT,20.3611,3.4462,4449,0,-1,0.9364,90.58,221.33,56.99,65.76,94.50,206.00,101.00,74.00,0.3832,15.82,1,0,2.5087,ACCEPT,0,3709,261,11374,0,0,4449,0,0,0,0
66,0,1,1,ACCEPT,17.6338,3.1325,4091,1,-1,0.9362,92.36,219.27,59.27,68.39,96.50,204.50,99.00,81.00,0.4169,15.34,1,1,2.3563,ACCEPT,0,3649,294,9934,0,0,4091,0,0,0,0
67,0,1,1,ACCEPT,17.8316,3.4958,4125,0,-1,0.8739,92.36,217.12,61.64,71.13,98.50,202.00,103.00,80.00,0.4187,16.32,1,1,2.1330,ACCEPT,0,3667,295,10945,0,0,4125,0,0,0,0
68,0,1,1,ACCEPT,17.1709,2.9289,3998,0,-1,0.9280,92.36,214.91,61.64,71.13,98.00,197.00,102.00,84.00,0.3965,18.77,1,0,2.0674,ACCEPT,0,3630,302,10521,0,0,3998,0,0,0,0
69,0,1,1,ACCEPT,15.5773,2.8189,3439,0,-1,0.9872,92.36,212.69,61.64,71.13,100.50,198.00,103.00,82.00,0.4231,16.79,1,0,2.5679,ACCEPT,0,3239,297,9100,0,0,3439,0,0,0,0
70,0,1,1,ACCEPT,14.9218,2.7341,3002,0,0,1.0000,92.36,212.69,61.64,71.13,100.50,196.00,103.00,80.00,0.4035,18.57,1,0,2.5755,ACCEPT,0,2827,276,8773,0,0,3002,0,0,0,0
71,0,1,1,ACCEPT,14.7324,2.4934,2825,0,0,1.0000,92.36,212.69,59.27,68.39,102.00,188.00,104.00,88.00,0.3161,26.50,1,-1,2.3603,ACCEPT,0,2827,286,8607,0,0,2825,0,0,0,0
72,0,1,1,ACCEPT,13.1582,2.4021,2491,0,0,1.0000,92.36,212.69,59.27,68.39,103.00,186.00,102.00,92.00,0.3089,28.73,1,0,2.8266,ACCEPT,0,2442,294,7488,0,0,2491,0,0,0,0
73,0,1,1,ACCEPT,16.5000,2.9191,3138,0,0,1.0000,92.36,212.69,59.27,68.39,106.50,181.00,101.00,98.00,0.2801,34.70,1,0,3.0184,ACCEPT,0,3003,291,6610,0,0,3138,0,0,0,0
74,0,1,1,ACCEPT,19.5465,3.5238,3478,0,0,1.0000,92.36,212.69,59.27,68.39,105.50,178.00,103.00,102.00,0.2588,37.09,1,0,3.0487,ACCEPT,0,3138,282,6285,0,0,3478,0,0,0,0
75,0,1,1,ACCEPT,22.7173,4.2522,3810,0,0,1.0000,92.36,212.69,59.27,68.39,108.50,177.50,103.00,95.00,0.2488,38.71,1,0,3.0722,ACCEPT,0,3352,220,6180,0,0,3810,0,0,0,0
76,0,1,1,ACCEPT,25.4682,4.5332,3894,0,0,1.0000,92.36,212.69,59.27,68.39,110.00,173.00,102.00,100.00,0.2271,43.43,1,0,2.9988,ACCEPT,0,2995,232,6059,0,0,3894,0,0,0,0
77,0,1,1,ACCEPT,27.9865,4.8719,3956,0,0,1.0000,92.36,212.69,59.27,68.39,110.50,174.50,103.00,97.00,0.2313,42.28,1,0,3.1345,ACCEPT,0,2797,243,6861,0,0,3956,0,0,0,0
78,0,1,1,ACCEPT,30.1474,5.2076,3963,0,0,1.0000,92.36,212.69,59.27,68.39,112.50,170.50,99.00,101.00,0.2172,46.75,1,0,3.1453,ACCEPT,0,2496,253,6862,0,0,3963,0,0,0,0
79,0,1,1,ACCEPT,30.7636,5.4164,3759,0,0,1.0000,92.36,212.69,59.27,68.39,113.50,168.50,99.00,101.00,0.2007,48.98,1,0,3.1802,ACCEPT,0,2407,240,6603,0,0,3759,0,0,0,0
80,0,1,1,ACCEPT,31.8877,6.5668,3684,0,0,1.0000,92.36,212.69,59.27,68.39,115.00,164.00,102.00,102.00,0.1716,53.69,1,0,3.2046,ACCEPT,0,2326,229,6380,0,0,3684,0,0,0,0
81,0,1,1,ACCEPT,32.6119,6.6399,3725,0,0,1.0000,92.36,212.69,59.27,68.39,116.00,162.00,100.00,106.00,0.1621,55.93,1,0,3.2193,ACCEPT,0,2194,210,7228,0,0,3725,0,0,0,0
82,0,1,1,ACCEPT,33.4975,7.7646,3991,0,0,1.0000,92.36,212.69,59.27,68.39,117.50,161.00,99.00,106.00,0.1518,57.48,1,0,3.2553,ACCEPT,0,2129,204,7582,0,0,3991,0,0,0,0
83,0,1,1,ACCEPT,35.1686,8.4516,3930,0,0,1.0000,92.36,212.69,59.27,68.39,119.50,156.50,99.00,109.00,0.1285,62.40,1,0,3.2506,ACCEPT,0,2047,203,8866,0,0,3930,0,0,0,0
84,0,1,1,ACCEPT,36.8235,8.5173,4429,0,0,1.0000,92.36,212.69,59.27,68.39,122.00,155.00,98.00,108.00,0.1137,64.86,1,0,3.2733,ACCEPT,0,2139,200,9581,0,0,4429,0,0,0,0
85,0,1,1,ACCEPT,40.2231,9.0635,4713,0,0,1.0000,92.36,212.69,59.27,68.39,124.00,152.50,98.00,109.00,0.1000,68.00,1,0,3.2746,ACCEPT,0,2193,189,11565,0,0,4713,0,0,0,0
86,0,1,1,ACCEPT,42.5810,9.9830,5281,0,0,1.0000,92.36,212.69,59.27,68.39,126.50,150.50,97.00,109.00,0.0866,70.94,1,0,3.2761,ACCEPT,0,2313,187,12629,0,0,5281,0,0,0,0
87,0,1,1,ACCEPT,44.2626,9.5373,5503,0,0,1.0000,92.36,212.69,59.27,68.39,128.50,148.00,97.00,114.00,0.0795,74.10,1,0,3.2777,ACCEPT,0,2371,185,13222,0,0,5503,0,0,0,0
88,0,1,1,ACCEPT,45.5381,9.7379,5648,0,0,1.0000,92.36,212.69,59.27,68.39,129.50,145.50,97.00,113.00,0.0686,76.77,1,0,3.2831,ACCEPT,0,2441,169,13331,0,0,5648,0,0,0,0
89,0,1,1,ACCEPT,45.4201,10.0710,5529,0,0,1.0000,92.36,212.69,59.27,68.39,130.50,138.00,101.00,114.00,0.0466,83.86,1,0,3.2931,ACCEPT,0,2344,165,14425,0,0,5529,0,0,0,0
90,0,1,1,ACCEPT,46.9681,10.3234,5874,0,0,1.0000,92.36,212.69,59.27,68.39,134.00,139.50,96.00,115.00,0.0462,84.20,1,0,3.2990,ACCEPT,0,2503,172,14476,0,0,5874,0,0,0,0
91,0,1,1,ACCEPT,48.5720,10.9706,5979,0,0,1.0000,92.36,212.69,59.27,68.39,137.50,135.50,95.00,113.00,0.0301,89.42,1,0,3.3057,ACCEPT,0,2581,179,15266,0,0,5979,0,0,0,0
92,0,1,1,ACCEPT,51.0603,11.3526,6471,0,0,1.0000,92.36,212.69,59.27,68.39,140.50,135.00,95.00,118.00,0.0304,91.39,1,0,3.3103,ACCEPT,0,2672,168,16165,0,0,6471,0,0,0,0
93,0,1,1,ACCEPT,53.6768,11.2064,7004,0,0,1.0000,92.36,212.69,59.27,68.39,143.50,130.50,95.00,121.00,0.0214,96.80,1,0,3.3139,ACCEPT,0,2839,181,16086,0,0,7004,0,0,0,0
94,0,1,1,ACCEPT,55.6620,12.2947,7008,0,0,1.0000,92.36,212.69,59.27,68.39,146.50,129.50,95.00,121.00,0.0173,99.25,1,0,3.3145,ACCEPT,0,2835,176,16008,0,0,7008,0,0,0,0
95,0,1,1,ACCEPT,58.0456,13.7924,6910,0,0,1.0000,92.36,212.69,59.27,68.39,149.00,128.00,94.00,124.00,0.0149,101.88,1,0,3.3182,ACCEPT,0,2914,193,16617,0,0,6910,0,0,0,0
96,0,1,1,ACCEPT,58.2515,14.1479,7272,0,0,1.0000,92.36,212.69,59.27,68.39,151.50,126.00,95.00,122.00,0.0099,104.94,1,0,3.3217,ACCEPT,0,3067,183,16566,0,0,7272,0,0,0,0
97,0,1,1,ACCEPT,59.7407,14.1384,7253,0,0,1.0000,92.36,212.69,59.27,68.39,152.00,125.50,92.00,125.00,0.0099,105.63,1,0,3.3240,ACCEPT,0,3075,190,17090,0,0,7253,0,0,0,0
98,0,1,1,ACCEPT,61.8348,15.2720,7300,0,0,1.0000,92.36,212.69,59.27,68.39,159.50,124.50,97.00,125.00,0.0058,110.84,1,0,3.3247,ACCEPT,0,3136,191,16575,0,0,7300,0,0,0,0
99,0,1,1,ACCEPT,62.2059,14.5932,7282,0,0,1.0000,92.36,212.69,59.27,68.39,159.00,123.00,92.00,126.00,0.0043,111.74,1,0,3.3298,ACCEPT,0,3089,187,16890,0,0,7282,0,0,0,0
100,0,1,1,ACCEPT,63.6218,14.3762,7490,0,0,1.0000,92.36,212.69,59.27,68.39,162.00,123.00,92.00,124.00,0.0025,113.55,1,0,3.3274,ACCEPT,0,3017,182,17092,0,0,7490,0,0,0,0
101,0,1,1,ACCEPT,65.2901,14.6064,7274,0,0,1.0000,92.36,212.69,59.27,68.39,162.50,121.50,89.00,125.00,0.0015,115.04,1,0,3.3313,ACCEPT,0,2963,185,16947,0,0,7274,0,0,0,0
102,0,1,1,ACCEPT,65.6227,15.1781,7331,0,0,1.0000,92.36,212.69,59.27,68.39,164.00,121.50,90.00,125.00,0.0011,115.96,1,0,3.3323,ACCEPT,0,2872,185,16445,0,0,7331,0,0,0,0
103,0,1,1,ACCEPT,65.4336,14.2894,7259,0,0,1.0000,92.36,212.69,59.27,68.39,167.00,122.00,90.00,124.00,0.0000,117.45,1,0,3.3345,ACCEPT,0,2856,182,16183,0,0,7259,0,0,0,0
104,0,1,1,ACCEPT,66.8204,14.8337,6957,0,0,1.0000,92.36,212.69,59.27,68.39,167.50,124.50,89.00,123.00,0.0000,115.86,1,0,3.3378,ACCEPT,0,2757,192,16303,0,0,6957,0,0,0,0
105,0,1,1,ACCEPT,66.2602,14.4483,7123,0,0,1.0000,92.36,212.69,59.27,68.39,170.50,127.50,89.00,121.00,0.0000,115.60,1,0,3.3361,ACCEPT,0,2750,185,16350,0,0,7123,0,0,0,0
106,0,1,1,ACCEPT,67.4768,14.2811,7112,0,0,1.0000,92.36,212.69,59.27,68.39,171.00,130.50,88.00,115.00,0.0000,113.75,1,0,3.3394,ACCEPT,0,2666,186,16171,0,0,7112,0,0,0,0
107,0,1,1,ACCEPT,67.1659,14.7897,6892,0,0,1.0000,92.36,212.69,59.27,68.39,171.50,134.00,89.00,114.00,0.0000,111.60,1,0,3.3377,ACCEPT,0,2591,181,16176,0,0,6892,0,0,0,0
108,0,1,1,ACCEPT,67.1661,14.3064,6910,0,0,1.0000,92.36,212.69,59.27,68.39,171.00,137.50,90.00,111.00,0.0000,108.80,1,0,3.3432,ACCEPT,0,2567,187,16105,0,0,6910,0,0,0,0
109,0,1,1,ACCEPT,67.5404,14.1807,6906,0,0,1.0000,92.36,212.69,59.27,68.39,170.50,140.50,89.00,107.00,0.0000,106.38,1,0,3.3424,ACCEPT,0,2467,177,16026,0,0,6906,0,0,0,0
110,0,1,1,ACCEPT,67.1661,14.7778,6916,0,0,1.0000,92.36,212.69,59.27,68.39,169.00,142.50,88.00,103.00,0.0000,103.92,1,0,3.3430,ACCEPT,0,2450,179,15789,0,0,6916,0,0,0,0
111,0,1,1,ACCEPT,67.7216,15.0593,6852,0,0,1.0000,92.36,212.69,59.27,68.39,168.50,144.50,93.00,95.00,0.0000,102.21,1,0,3.3441,ACCEPT,0,2348,168,15117,0,0,6852,0,0,0,0
112,0,1,1,ACCEPT,66.9873,15.8217,6566,0,0,1.0000,92.36,212.69,59.27,68.39,163.50,150.50,95.00,95.00,0.0090,94.49,1,0,3.3462,ACCEPT,0,2253,179,16486,0,0,6566,0,0,0,0
113,0,1,1,ACCEPT,65.4225,14.1751,6719,0,0,1.0000,92.36,212.69,59.27,68.39,161.50,149.50,95.00,99.00,0.0123,93.66,1,0,3.3453,ACCEPT,0,2320,175,17220,0,0,6719,0,0,0,0
114,0,1,1,ACCEPT,64.3319,13.1440,6480,0,0,1.0000,92.36,212.69,59.27,68.39,158.50,151.50,97.00,95.00,0.0189,90.10,1,0,3.3462,ACCEPT,0,2269,172,18250,0,0,6480,0,0,0,0
115,0,1,1,ACCEPT,62.3523,13.2242,6784,0,0,1.0000,92.36,212.69,59.27,68.39,156.50,153.00,95.00,96.00,0.0227,87.62,1,0,3.3481,ACCEPT,0,2461,177,19031,0,0,6784,0,0,0,0
116,0,1,1,ACCEPT,62.6560,13.1458,6941,0,0,1.0000,92.36,212.69,59.27,68.39,155.00,156.50,94.00,97.00,0.0290,84.15,1,0,3.3487,ACCEPT,0,2525,186,18765,0,0,6941,0,0,0,0
117,0,1,1,ACCEPT,59.2386,11.8978,6639,0,0,1.0000,92.36,212.69,59.27,68.39,153.00,157.50,96.00,97.00,0.0362,81.99,1,0,3.3479,ACCEPT,0,2510,197,19125,0,0,6639,0,0,0,0
118,0,1,1,ACCEPT,52.4772,10.7194,6646,0,0,1.0000,92.36,212.69,59.27,68.39,152.50,162.00,95.00,92.00,0.0408,78.65,1,0,3.3394,ACCEPT,0,2708,230,18942,0,0,6646,0,0,0,0
119,0,1,1,ACCEPT,48.8476,9.7744,6109,0,0,1.0000,92.36,212.69,59.27,68.39,148.00,166.00,100.00,84.00,0.0603,72.63,1,0,3.3282,ACCEPT,0,2584,265,22738,0,0,6109,0,0,0,0
120,0,1,1,ACCEPT,43.1222,10.0681,6212,0,0,1.0000,92.36,212.69,59.27,68.39,143.00,174.00,100.00,86.00,0.0968,63.73,1,0,3.3069,ACCEPT,0,2720,279,25333,0,0,6212,0,0,0,0
121,0,1,1,ACCEPT,39.0821,9.8057,6207,0,0,1.0000,92.36,212.69,59.27,68.39,136.50,180.00,105.00,74.00,0.1412,54.93,1,0,3.3848,ACCEPT,0,3355,282,25718,0,0,6207,0,0,0,0
122,0,1,1,ACCEPT,39.9967,9.3174,5842,0,0,1.0000,92.36,212.69,59.27,68.39,130.50,184.50,105.00,81.00,0.1946,47.43,1,0,3.3800,ACCEPT,0,3019,276,24293,0,0,5842,0,0,0,0
123,0,1,1,ACCEPT,42.0931,10.1696,5695,0,0,1.0000,92.36,212.69,59.27,68.39,125.50,187.00,105.00,78.00,0.2347,41.93,1,0,3.3018,ACCEPT,0,2665,288,21314,0,0,5695,0,0,0,0
124,0,1,1,ACCEPT,31.7613,6.1386,5138,0,0,1.0000,92.36,212.69,59.27,68.39,117.00,193.00,106.00,76.00,0.3360,31.54,1,0,3.5164,ACCEPT,0,2852,286,22731,0,0,5138,0,0,0,0
125,0,1,1,ACCEPT,33.2846,5.3116,5694,0,0,1.0000,92.36,212.69,59.27,68.39,113.00,199.50,108.00,73.00,0.3997,24.49,1,0,3.3311,ACCEPT,0,2881,236,23836,0,0,5694,0,0,0,0
126,0,1,1,ACCEPT,33.6848,5.8690,6139,0,0,1.0000,92.36,212.69,59.27,68.39,107.50,202.50,111.00,69.00,0.4206,18.25,1,0,3.1864,ACCEPT,0,3177,221,23033,0,0,6139,0,0,0,0
127,0,1,1,ACCEPT,26.8291,4.9681,5922,0,0,1.0000,92.36,212.69,59.27,68.39,103.50,206.00,109.00,72.00,0.4626,12.99,1,0,3.4123,ACCEPT,0,3341,209,19134,0,0,5922,0,0,0,0
128,0,1,1,ACCEPT,24.3915,5.1066,6322,0,0,1.0000,92.36,212.69,59.27,68.39,97.50,212.00,107.00,68.00,0.5460,5.19,1,0,3.5567,ACCEPT,0,3656,184,17648,0,0,6322,0,0,0,0
129,0,1,1,ACCEPT,24.5318,4.3845,6397,0,0,1.0000,92.36,212.69,59.27,68.39,98.50,215.00,111.00,64.00,0.5137,6.56,1,0,3.5435,ACCEPT,0,3867,161,16236,0,0,6397,0,0,0,0
130,0,1,1,ACCEPT,24.1144,4.2997,5710,0,0,1.0000,92.36,212.69,59.27,68.39,97.50,216.00,111.00,66.00,0.4987,6.12,1,0,3.4300,ACCEPT,0,3410,154,17481,0,0,5710,0,0,0,0
131,0,1,1,ACCEPT,24.6940,5.0065,6133,0,0,1.0000,92.36,212.69,59.27,68.39,96.50,219.50,111.00,65.00,0.4598,7.97,1,0,3.4059,ACCEPT,0,3905,131,16223,0,0,6133,0,0,0,0
132,0,1,1,ACCEPT,25.2528,5.4343,5380,0,0,1.0000,92.36,212.69,59.27,68.39,95.50,224.50,111.00,61.00,0.4076,12.22,1,0,3.2949,ACCEPT,0,3847,134,14063,0,0,5380,0,0,0,0
133,0,1,1,ACCEPT,25.7307,4.4729,4701,0,0,1.0000,92.36,212.69,59.27,68.39,96.50,233.00,111.00,58.00,0.3197,20.73,1,0,3.2838,ACCEPT,0,3283,141,11686,0,0,4701,0,0,0,0
134,0,1,1,ACCEPT,24.2889,5.6256,4658,0,0,1.0000,92.36,212.69,59.27,68.39,98.50,236.00,111.00,58.00,0.2909,24.11,1,0,3.3488,ACCEPT,0,2831,137,11544,0,0,4658,0,0,0,0
135,0,1,1,ACCEPT,27.7313,7.0744,5136,0,0,1.0000,92.36,212.69,59.27,68.39,99.00,238.50,114.00,55.00,0.2595,26.65,1,0,3.3224,ACCEPT,0,3259,130,11831,0,0,5136,0,0,0,0
136,0,1,1,ACCEPT,30.5361,8.7174,5553,0,0,1.0000,92.36,212.69,59.27,68.39,102.00,240.00,116.00,56.00,0.2438,28.96,1,0,3.3129,ACCEPT,0,3492,137,13229,0,0,5553,0,0,0,0
137,0,1,1,ACCEPT,34.6034,9.5189,6035,0,0,1.0000,92.36,212.69,59.27,68.39,106.00,245.50,116.00,47.00,0.1837,35.53,1,0,3.3406,ACCEPT,0,3636,163,13922,0,0,6035,0,0,0,0
138,0,1,1,ACCEPT,39.4317,10.1301,6696,0,0,1.0000,92.36,212.69,59.27,68.39,108.00,244.50,114.00,53.00,0.2042,35.45,1,0,3.3562,ACCEPT,0,3592,149,15220,0,0,6696,0,0,0,0
139,0,1,1,ACCEPT,43.0802,11.3956,7259,0,0,1.0000,92.36,212.69,59.27,68.39,109.50,248.50,113.00,55.00,0.1756,39.70,1,0,3.3545,ACCEPT,0,3756,152,17168,0,0,7259,0,0,0,0
140,0,1,1,ACCEPT,44.9491,11.2075,8372,0,0,1.0000,92.36,212.69,59.27,68.39,112.50,249.50,113.00,53.00,0.1641,41.96,1,0,3.3605,ACCEPT,0,4183,163,19743,0,0,8372,0,0,0,0
141,0,1,1,ACCEPT,46.3388,12.2497,9224,0,0,1.0000,92.36,212.69,59.27,68.39,115.50,250.50,115.00,55.00,0.1579,44.33,1,0,3.3617,ACCEPT,0,4450,162,19896,0,0,9224,0,0,0,0
142,0,1,1,ACCEPT,49.2337,12.9525,9274,0,0,1.0000,92.36,212.69,59.27,68.39,117.00,252.00,114.00,56.00,0.1494,46.40,1,0,3.3662,ACCEPT,0,4289,167,20176,0,0,9274,0,0,0,0
143,0,1,1,ACCEPT,50.7956,13.8582,9188,0,0,1.0000,92.36,212.69,59.27,68.39,118.50,253.50,111.00,57.00,0.1420,48.47,1,0,3.3665,ACCEPT,0,4138,165,19989,0,0,9188,0,0,0,0
144,0,1,1,ACCEPT,53.0770,14.1855,8795,0,0,1.0000,92.36,212.69,59.27,68.39,119.50,250.50,109.00,53.00,0.1530,46.54,1,0,3.3643,ACCEPT,0,3778,165,20806,0,0,8795,0,0,0,0
145,0,1,1,ACCEPT,54.9263,13.1029,8910,0,0,1.0000,92.36,212.69,59.27,68.39,121.50,247.50,111.00,55.00,0.1740,45.40,1,0,3.3639,ACCEPT,0,3540,167,19976,0,0,8910,0,0,0,0
146,0,1,1,ACCEPT,53.7038,11.5480,8534,0,0,1.0000,92.36,212.69,59.27,68.39,124.00,247.50,108.00,55.00,0.1626,47.04,1,0,3.3628,ACCEPT,0,3493,172,20148,0,0,8534,0,0,0,0
147,0,1,1,ACCEPT,51.0471,11.4137,8138,0,0,1.0000,92.36,212.69,59.27,68.39,126.00,246.50,108.00,59.00,0.1673,47.70,1,0,3.3587,ACCEPT,0,3515,169,20500,0,0,8138,0,0,0,0
148,0,1,1,ACCEPT,49.8829,11.1923,8092,0,0,1.0000,92.36,212.69,59.27,68.39,130.00,246.00,108.00,60.00,0.1559,50.26,1,0,3.3553,ACCEPT,0,3538,177,20570,0,0,8092,0,0,0,0
149,0,1,1,ACCEPT,50.4371,11.1881,7731,0,0,1.0000,92.36,212.69,59.27,68.39,132.00,246.00,106.00,60.00,0.1461,51.78,1,0,3.3548,ACCEPT,0,3347,182,19157,0,0,7731,0,0,0,0
150,0,1,1,ACCEPT,48.7613,10.2825,6951,0,0,1.0000,92.36,212.69,59.27,68.39,134.00,241.00,104.00,56.00,0.1590,50.35,1,0,3.3523,ACCEPT,0,3092,190,19143,0,0,6951,0,0,0,0
151,0,1,1,ACCEPT,48.3641,9.3627,6479,0,0,1.0000,92.36,212.69,59.27,68.39,138.00,238.50,106.00,53.00,0.1540,52.43,1,0,3.3515,ACCEPT,0,3115,190,20232,0,0,6479,0,0,0,0
152,0,1,1,ACCEPT,51.8562,12.7099,6660,0,0,1.0000,92.36,212.69,59.27,68.39,142.50,236.50,101.00,55.00,0.1341,55.51,1,0,3.3482,ACCEPT,0,3255,190,20666,0,0,6660,0,0,0,0
153,0,1,1,ACCEPT,54.9452,12.5549,6742,0,0,1.0000,92.36,212.69,59.27,68.39,146.50,235.00,101.00,52.00,0.1184,58.56,1,0,3.3579,ACCEPT,0,2857,182,19904,0,0,6742,0,0,0,0
154,0,1,1,ACCEPT,57.0196,13.1374,6884,0,0,1.0000,92.36,212.69,59.27,68.39,148.50,233.50,103.00,53.00,0.1171,59.87,1,0,3.3635,ACCEPT,0,2642,166,17840,0,0,6884,0,0,0,0
155,0,1,1,ACCEPT,58.7653,13.1383,6556,0,0,1.0000,92.36,212.69,59.27,68.39,152.50,233.00,97.00,52.00,0.0856,63.48,1,0,3.3620,ACCEPT,0,2450,182,16749,0,0,6556,0,0,0,0
156,0,1,1,ACCEPT,60.5964,12.3743,6447,0,0,1.0000,92.36,212.69,59.27,68.39,156.50,230.00,93.00,54.00,0.0616,66.44,1,0,3.3662,ACCEPT,0,2389,189,17040,0,0,6447,0,0,0,0
157,0,1,1,ACCEPT,61.6848,13.8750,6660,0,0,1.0000,92.36,212.69,59.27,68.39,158.50,230.00,95.00,52.00,0.0553,68.37,1,0,3.3640,ACCEPT,0,2500,187,16578,0,0,6660,0,0,0,0
158,0,1,1,ACCEPT,63.1623,14.4365,6482,0,0,1.0000,92.36,212.69,59.27,68.39,161.50,230.50,95.00,51.00,0.0391,71.40,1,0,3.3612,ACCEPT,0,2388,184,16566,0,0,6482,0,0,0,0
159,0,1,1,ACCEPT,62.8336,13.0504,6473,0,0,1.0000,92.36,212.69,59.27,68.39,161.50,233.50,95.00,53.00,0.0364,72.21,1,0,3.3640,ACCEPT,0,2394,191,16156,0,0,6473,0,0,0,0
160,0,1,1,ACCEPT,64.9256,13.5255,6357,0,0,1.0000,92.36,212.69,59.27,68.39,163.00,231.50,94.00,49.00,0.0284,73.10,1,0,3.3630,ACCEPT,0,2243,185,16488,0,0,6357,0,0,0,0
161,0,1,1,ACCEPT,64.8128,15.0935,6460,0,0,1.0000,92.36,212.69,59.27,68.39,165.00,234.50,96.00,53.00,0.0217,75.84,1,0,3.3607,ACCEPT,0,2281,185,16331,0,0,6460,0,0,0,0
162,0,1,1,ACCEPT,66.1989,13.8780,6370,0,0,1.0000,92.36,212.69,59.27,68.39,166.00,233.00,94.00,54.00,0.0136,76.39,1,0,3.3645,ACCEPT,0,2239,182,17126,0,0,6370,0,0,0,0
163,0,1,1,ACCEPT,66.3584,13.8972,6490,0,0,1.0000,92.36,212.69,59.27,68.39,167.50,230.50,93.00,51.00,0.0048,77.22,1,0,3.3639,ACCEPT,0,2198,191,17576,0,0,6490,0,0,0,0
164,0,1,1,ACCEPT,65.6002,15.7133,6631,0,0,1.0000,92.36,212.69,59.27,68.39,168.00,233.00,92.00,46.00,0.0000,78.32,1,0,3.3620,ACCEPT,0,2321,176,18475,0,0,6631,0,0,0,0
165,0,1,1,ACCEPT,66.3003,14.3138,6842,0,0,1.0000,92.36,212.69,59.27,68.39,168.50,232.00,91.00,50.00,0.0000,78.55,1,0,3.3596,ACCEPT,0,2503,182,17147,0,0,6842,0,0,0,0
166,0,1,1,ACCEPT,66.6278,12.7886,6535,0,0,1.0000,92.36,212.69,59.27,68.39,168.50,234.00,91.00,54.00,0.0000,79.07,1,0,3.3633,ACCEPT,0,2301,180,17581,0,0,6535,0,0,0,0
167,0,1,1,ACCEPT,67.9914,14.2123,6495,0,0,1.0000,92.36,212.69,59.27,68.39,170.00,231.50,92.00,51.00,0.0000,79.89,1,0,3.3623,ACCEPT,0,2208,186,16386,0,0,6495,0,0,0,0
168,0,1,1,ACCEPT,66.4652,13.2979,6250,0,0,1.0000,92.36,212.69,59.27,68.39,172.00,232.00,90.00,50.00,0.0000,81.95,1,0,3.3662,ACCEPT,0,2285,190,17500,0,0,6250,0,0,0,0
169,0,1,1,ACCEPT,67.6051,14.3035,6551,0,0,1.0000,92.36,212.69,59.27,68.39,172.50,232.00,91.00,50.00,0.0000,82.43,1,0,3.3607,ACCEPT,0,2302,189,16777,0,0,6551,0,0,0,0
170,0,1,1,ACCEPT,67.1914,13.2342,6498,0,0,1.0000,92.36,212.69,59.27,68.39,173.50,232.50,91.00,51.00,0.0000,83.52,1,0,3.3623,ACCEPT,0,2341,185,17278,0,0,6498,0,0,0,0
171,0,1,1,ACCEPT,66.6447,13.6915,6435,0,0,1.0000,92.36,212.69,59.27,68.39,173.00,234.50,92.00,47.00,0.0000,83.54,1,0,3.3618,ACCEPT,0,2423,178,16173,0,0,6435,0,0,0,0
172,0,1,1,ACCEPT,66.7869,13.6348,6272,0,0,1.0000,92.36,212.69,59.27,68.39,171.50,234.50,93.00,49.00,0.0000,82.09,1,0,3.3657,ACCEPT,0,2296,185,16872,0,0,6272,0,0,0,0
173,0,1,1,ACCEPT,67.3789,12.8867,6482,0,0,1.0000,92.36,212.69,59.27,68.39,172.00,233.00,90.00,48.00,0.0000,82.19,1,0,3.3631,ACCEPT,0,2379,193,16149,0,0,6482,0,0,0,0
174,0,1,1,ACCEPT,67.0183,13.1729,6323,0,0,1.0000,92.36,212.69,59.27,68.39,169.00,231.00,92.00,50.00,0.0000,78.80,1,0,3.3641,ACCEPT,0,2446,183,16812,0,0,6323,0,0,0,0
175,0,1,1,ACCEPT,67.5838,13.9081,6356,0,0,1.0000,92.36,212.69,59.27,68.39,168.50,227.50,91.00,51.00,0.0000,77.57,1,0,3.3589,ACCEPT,0,2396,188,16398,0,0,6356,0,0,0,0
176,0,1,1,ACCEPT,66.6432,13.7701,6169,0,0,1.0000,92.36,212.69,59.27,68.39,160.00,226.50,108.00,59.00,0.0829,69.04,1,0,3.3609,ACCEPT,0,2276,181,15106,0,0,6169,0,0,0,0
177,0,1,1,ACCEPT,65.3343,13.2979,5625,0,0,1.0000,92.36,212.69,59.27,68.39,161.00,224.00,96.00,50.00,0.0511,69.57,1,0,3.3592,ACCEPT,0,2121,186,14179,0,0,5625,0,0,0,0
178,0,1,1,ACCEPT,63.6087,12.5531,4607,0,0,1.0000,92.36,212.69,59.27,68.39,159.50,218.00,97.00,56.00,0.0694,67.35,1,0,3.3570,ACCEPT,0,1707,184,14504,0,0,4607,0,0,0,0
179,0,1,1,ACCEPT,61.1412,12.0198,4255,0,0,1.0000,92.36,212.69,59.27,68.39,161.00,214.50,92.00,57.00,0.0448,68.66,1,0,3.3490,ACCEPT,0,1586,188,15165,0,0,4255,0,0,0,0
180,0,1,1,ACCEPT,59.5842,13.5377,4305,0,0,1.0000,92.36,212.69,59.27,68.39,162.00,210.50,94.00,59.00,0.0449,69.67,1,0,3.3432,ACCEPT,0,1616,190,15860,0,0,4305,0,0,0,0
181,0,1,1,ACCEPT,57.3972,11.8435,4086,0,0,1.0000,92.36,212.69,59.27,68.39,158.00,206.50,98.00,59.00,0.0822,65.93,1,0,3.3399,ACCEPT,0,1546,195,18983,0,0,4086,0,0,0,0
182,0,1,1,ACCEPT,56.4598,13.1472,4286,0,0,1.0000,92.36,212.69,59.27,68.39,156.00,205.00,98.00,62.00,0.0931,64.10,1,0,3.3306,ACCEPT,0,1647,196,20180,0,0,4286,0,0,0,0
183,0,1,1,ACCEPT,54.5315,10.7857,4228,0,0,1.0000,92.36,212.69,59.27,68.39,156.50,201.00,95.00,64.00,0.0752,65.20,1,0,3.3361,ACCEPT,0,1682,221,25450,0,0,4228,0,0,0,0
184,0,1,1,ACCEPT,54.1322,10.9526,4852,0,0,1.0000,92.36,212.69,59.27,68.39,153.50,196.50,93.00,69.00,0.0813,63.25,1,0,3.3255,ACCEPT,0,1978,246,32305,0,0,4852,0,0,0,0
185,0,1,1,ACCEPT,51.1105,9.6507,5250,0,0,1.0000,92.36,212.69,59.27,68.39,155.50,191.50,97.00,67.00,0.0708,66.60,1,0,3.3185,ACCEPT,0,2180,234,32767,0,0,5250,0,0,0,0
186,0,1,1,ACCEPT,49.8609,9.1614,6074,0,0,1.0000,92.36,212.69,59.27,68.39,154.00,190.50,98.00,69.00,0.0788,65.51,1,0,3.3214,ACCEPT,0,2460,234,30532,0,0,6074,0,0,0,0
187,0,1,1,ACCEPT,48.3549,8.8661,5958,0,0,1.0000,92.36,212.69,59.27,68.39,151.50,189.00,97.00,70.00,0.0866,63.71,1,0,3.3237,ACCEPT,0,2404,229,32398,0,0,5958,0,0,0,0
188,0,1,1,ACCEPT,47.8767,8.8649,6560,0,0,1.0000,92.36,212.69,59.27,68.39,150.00,188.00,98.00,70.00,0.0936,62.70,1,0,3.3384,ACCEPT,0,2653,246,32767,0,0,6560,0,0,0,0
189,0,1,1,ACCEPT,46.8297,8.9291,6295,0,0,1.0000,92.36,212.69,59.27,68.39,145.50,184.00,97.00,68.00,0.1022,60.39,1,0,3.3536,ACCEPT,0,2493,264,32767,0,0,6295,0,0,0,0
190,0,1,1,ACCEPT,45.4008,9.0726,6251,0,0,1.0000,92.36,212.69,59.27,68.39,143.50,183.50,99.00,69.00,0.1131,58.88,1,0,3.3725,ACCEPT,0,2593,281,32767,0,0,6251,0,0,0,0
191,0,1,1,ACCEPT,43.0067,8.2312,6017,0,0,1.0000,92.36,212.69,59.27,68.39,140.00,182.00,102.00,72.00,0.1291,56.67,1,0,3.3818,ACCEPT,0,2764,263,32767,0,0,6017,0,0,0,0
192,0,1,1,ACCEPT,43.1310,8.9107,6086,0,0,1.0000,92.36,212.69,59.27,68.39,135.00,180.00,104.00,74.00,0.1465,53.73,1,0,3.3834,ACCEPT,0,2975,284,29095,0,0,6086,0,0,0,0
193,0,1,1,ACCEPT,46.5525,8.7109,7082,0,0,1.0000,92.36,212.69,59.27,68.39,134.00,175.50,100.00,73.00,0.1263,55.83,1,0,3.3345,ACCEPT,0,3690,276,24327,0,0,7082,0,0,0,0
194,0,1,1,ACCEPT,44.1432,8.0645,7500,0,0,1.0000,92.36,212.69,59.27,68.39,129.00,173.50,104.00,75.00,0.1408,53.65,1,0,3.3023,ACCEPT,0,3979,267,22341,0,0,7500,0,0,0,0
195,0,1,1,ACCEPT,41.3199,7.3718,7276,0,0,1.0000,92.36,212.69,59.27,68.39,126.50,172.00,103.00,78.00,0.1447,53.11,1,0,3.3241,ACCEPT,0,3773,258,21883,0,0,7276,0,0,0,0
196,0,1,1,ACCEPT,42.5048,7.1046,7403,0,0,1.0000,92.36,212.69,59.27,68.39,119.00,171.50,106.00,77.00,0.1688,49.05,1,0,3.3413,ACCEPT,0,3674,279,22514,0,0,7403,0,0,0,0
197,0,1,1,ACCEPT,48.3023,9.6061,7925,0,0,1.0000,92.36,212.69,59.27,68.39,119.50,164.50,103.00,85.00,0.1366,55.31,1,0,3.3473,ACCEPT,0,3568,271,22009,0,0,7925,0,0,0,0
198,0,1,1,ACCEPT,51.7386,11.7807,8058,0,0,1.0000,92.36,212.69,59.27,68.39,115.00,161.00,100.00,84.00,0.1263,56.43,1,0,3.3552,ACCEPT,0,3571,252,19341,0,0,8058,0,0,0,0
199,0,1,1,ACCEPT,52.1354,11.6275,7709,0,0,1.0000,92.36,212.69,59.27,68.39,114.00,157.00,102.00,92.00,0.1206,59.74,1,0,3.3532,ACCEPT,0,3224,240,18889,0,0,7709,0,0,0,0
200,0,1,1,ACCEPT,52.6793,11.0719,7695,0,0,1.0000,92.36,212.69,59.27,68.39,112.50,152.50,105.00,95.00,0.1000,63.47,1,0,3.3332,ACCEPT,0,2910,238,17282,0,0,7695,0,0,0,0
201,0,1,1,ACCEPT,54.4819,11.1047,7529,0,0,1.0000,92.36,212.69,59.27,68.39,112.00,149.00,106.00,98.00,0.0870,66.65,1,0,3.3304,ACCEPT,0,2885,235,14045,0,0,7529,0,0,0,0
202,0,1,1,ACCEPT,55.5661,12.5816,5473,0,0,1.0000,92.36,212.69,59.27,68.39,109.50,144.50,105.00,99.00,0.0679,70.31,1,0,3.3336,ACCEPT,0,2071,230,13414,0,0,5473,0,0,0,0
203,0,1,1,ACCEPT,55.1535,13.2507,4863,0,0,1.0000,92.36,212.69,59.27,68.39,108.50,140.00,103.00,102.00,0.0537,74.46,1,0,3.3311,ACCEPT,0,1902,239,16531,0,0,4863,0,0,0,0
204,0,1,1,ACCEPT,52.8675,12.1790,5444,0,0,1.0000,92.36,212.69,59.27,68.39,106.00,135.50,106.00,105.00,0.0386,78.38,1,0,3.3383,ACCEPT,0,2149,233,15445,0,0,5444,0,0,0,0
205,0,1,1,ACCEPT,52.1200,11.7595,4939,0,0,1.0000,92.36,212.69,59.27,68.39,103.00,131.50,106.00,107.00,0.0257,81.88,1,0,3.3443,ACCEPT,0,1991,246,16092,0,0,4939,0,0,0,0
206,0,1,1,ACCEPT,51.5523,12.0705,4792,0,0,1.0000,92.36,212.69,59.27,68.39,99.50,128.00,103.00,112.00,0.0214,84.99,1,0,3.3461,ACCEPT,0,1969,246,17438,0,0,4792,0,0,0,0
207,0,1,1,ACCEPT,51.6430,10.6941,4930,0,0,1.0000,92.36,212.69,59.27,68.39,95.00,127.00,104.00,110.00,0.0136,85.73,1,0,3.3453,ACCEPT,0,2011,255,16937,0,0,4930,0,0,0,0
208,0,1,1,ACCEPT,51.0035,11.0293,4897,0,0,1.0000,92.36,212.69,59.27,68.39,89.50,124.50,99.00,113.00,0.0099,88.23,1,0,3.3334,ACCEPT,0,2026,244,15402,0,0,4897,0,0,0,0
209,0,1,1,ACCEPT,51.3428,12.5293,4711,0,0,1.0000,92.36,212.69,59.27,68.39,86.50,123.00,105.00,114.00,0.0056,89.88,1,0,3.3305,ACCEPT,0,1925,226,13257,0,0,4711,0,0,0,0
210,0,1,1,ACCEPT,52.4268,14.0063,4454,0,0,1.0000,92.36,212.69,59.27,68.39,85.50,120.50,103.00,117.00,0.0019,92.44,1,0,3.3196,ACCEPT,0,1793,229,12696,0,0,4454,0,0,0,0
211,0,1,1,ACCEPT,54.1477,15.0619,4383,0,0,1.0000,92.36,212.69,59.27,68.39,82.50,120.00,99.00,120.00,0.0056,93.21,1,0,3.3237,ACCEPT,0,1722,233,12461,0,0,4383,0,0,0,0
212,0,1,1,ACCEPT,54.7683,15.2191,4307,0,0,1.0000,92.36,212.69,59.27,68.39,81.00,117.50,102.00,123.00,0.0018,95.86,1,0,3.3158,ACCEPT,0,1674,230,11870,0,0,4307,0,0,0,0
213,0,1,1,ACCEPT,55.3429,14.5035,4148,0,0,1.0000,92.36,212.69,59.27,68.39,79.50,116.50,103.00,121.00,0.0000,97.04,1,0,3.3024,ACCEPT,0,1664,234,11891,0,0,4148,0,0,0,0
214,0,1,1,ACCEPT,56.1806,13.6119,3893,0,0,1.0000,92.36,212.69,59.27,68.39,77.50,112.00,97.00,122.00,0.0000,101.78,1,0,3.3076,ACCEPT,0,1554,231,11974,0,0,3893,0,0,0,0
215,0,1,1,ACCEPT,56.1020,13.3219,3890,0,0,1.0000,92.36,212.69,59.27,68.39,78.00,106.00,94.00,122.00,0.0000,107.65,1,0,3.3184,ACCEPT,0,1586,231,11748,0,0,3890,0,0,0,0
216,0,1,1,ACCEPT,55.6169,13.3804,3693,0,0,1.0000,92.36,212.69,59.27,68.39,79.50,105.50,93.00,129.00,0.0000,107.96,1,0,3.3378,ACCEPT,0,1528,238,11995,0,0,3693,0,0,0,0
217,0,1,1,ACCEPT,56.6787,13.1533,3775,0,0,1.0000,92.36,212.69,59.27,68.39,79.50,100.50,93.00,127.00,0.0000,112.92,1,0,3.3397,ACCEPT,0,1535,224,12275,0,0,3775,0,0,0,0
218,0,1,1,ACCEPT,56.9489,12.5592,3818,0,0,1.0000,92.36,212.69,59.27,68.39,80.00,98.50,92.00,131.00,0.0000,114.85,1,0,3.3352,ACCEPT,0,1571,224,13581,0,0,3818,0,0,0,0
219,0,1,1,ACCEPT,57.9879,12.9096,4286,0,0,1.0000,92.36,212.69,59.27,68.39,82.00,95.50,92.00,129.00,0.0000,117.64,1,0,3.3156,ACCEPT,0,1660,219,14541,0,0,4286,0,0,0,0
220,0,1,1,ACCEPT,58.1239,11.9640,4319,0,0,1.0000,92.36,212.69,59.27,68.39,85.00,93.00,92.00,128.00,0.0000,119.91,1,0,3.3117,ACCEPT,0,1614,219,15485,0,0,4319,0,0,0,0
221,0,1,1,ACCEPT,57.9475,10.8262,4298,0,0,1.0000,92.36,212.69,59.27,68.39,87.00,92.00,92.00,128.00,0.0000,120.81,1,0,3.3076,ACCEPT,0,1552,207,15131,0,0,4298,0,0,0,0
222,0,1,1,ACCEPT,58.2319,11.1918,4085,0,0,1.0000,92.36,212.69,59.27,68.39,88.50,92.50,93.00,131.00,0.0000,120.25,1,0,3.3070,ACCEPT,0,1433,224,16220,0,0,4085,0,0,0,0
223,0,1,1,ACCEPT,57.9758,10.5428,3943,0,0,1.0000,92.36,212.69,59.27,68.39,90.00,93.50,94.00,131.00,0.0000,119.21,1,0,3.3093,ACCEPT,0,1370,229,16585,0,0,3943,0,0,0,0
224,0,1,1,ACCEPT,58.4403,10.7500,3741,0,0,1.0000,92.36,212.69,59.27,68.39,93.50,94.00,91.00,132.00,0.0000,118.69,1,0,3.3096,ACCEPT,0,1283,222,16657,0,0,3741,0,0,0,0
225,0,1,1,ACCEPT,59.5220,11.6505,3600,0,0,1.0000,92.36,212.69,59.27,68.39,94.50,95.00,89.00,130.00,0.0000,117.71,1,0,3.3131,ACCEPT,0,1232,212,16775,0,0,3600,0,0,0,0
226,0,1,1,ACCEPT,60.7339,12.1214,3394,0,0,1.0000,92.36,212.69,59.27,68.39,96.00,97.00,90.00,130.00,0.0000,115.74,1,0,3.3129,ACCEPT,0,1152,222,17414,0,0,3394,0,0,0,0
227,0,1,1,ACCEPT,62.0630,15.2740,3345,0,0,1.0000,92.36,212.69,59.27,68.39,98.00,98.00,90.00,130.00,0.0000,114.83,1,0,3.3188,ACCEPT,0,1158,226,19015,0,0,3345,0,0,0,0
228,0,1,1,ACCEPT,62.3980,15.4131,3283,0,0,1.0000,92.36,212.69,59.27,68.39,102.00,99.00,86.00,126.00,0.0000,114.10,1,0,3.3206,ACCEPT,0,1178,226,19613,0,0,3283,0,0,0,0
229,0,1,1,ACCEPT,63.1806,15.8030,3129,0,0,1.0000,92.36,212.69,59.27,68.39,102.50,98.00,85.00,120.00,0.0000,115.13,1,0,3.3217,ACCEPT,0,1104,222,21518,0,0,3129,0,0,0,0
230,0,1,1,ACCEPT,61.0911,14.9463,3064,0,0,1.0000,92.36,212.69,59.27,68.39,107.50,101.50,87.00,121.00,0.0000,112.21,1,0,3.3234,ACCEPT,0,1119,219,23580,0,0,3064,0,0,0,0
231,0,1,1,ACCEPT,59.4733,15.1414,2998,0,0,1.0000,92.36,212.69,59.27,68.39,108.00,105.50,88.00,121.00,0.0000,108.32,1,0,3.3188,ACCEPT,0,1049,234,25493,0,0,2998,0,0,0,0
232,0,1,1,ACCEPT,58.1110,14.0457,3076,0,0,1.0000,92.36,212.69,59.27,68.39,109.50,110.00,89.00,124.00,0.0000,104.11,1,0,3.3158,ACCEPT,0,1089,232,29268,0,0,3076,0,0,0,0
233,0,1,1,ACCEPT,58.2836,13.7846,3391,0,0,1.0000,92.36,212.69,59.27,68.39,110.00,114.00,88.00,122.00,0.0000,100.25,1,0,3.3104,ACCEPT,0,1207,230,32767,0,0,3391,0,0,0,0
234,0,1,1,ACCEPT,59.4804,14.3654,3735,0,0,1.0000,92.36,212.69,59.27,68.39,111.00,115.50,90.00,119.00,0.0000,98.96,1,0,3.3091,ACCEPT,0,1339,229,32767,0,0,3735,0,0,0,0
235,0,1,1,ACCEPT,60.5329,14.7918,3979,0,0,1.0000,92.36,212.69,59.27,68.39,112.00,118.50,88.00,119.00,0.0000,96.21,1,0,3.3084,ACCEPT,0,1417,232,32767,0,0,3979,0,0,0,0
236,0,1,1,ACCEPT,59.3386,13.6049,4408,0,0,1.0000,92.36,212.69,59.27,68.39,112.50,121.00,85.00,118.00,0.0056,93.87,1,0,3.3047,ACCEPT,0,1670,217,32767,0,0,4408,0,0,0,0
237,0,1,1,ACCEPT,58.0244,11.4963,4633,0,0,1.0000,92.36,212.69,59.27,68.39,112.00,123.50,86.00,117.00,0.0133,91.32,1,0,3.3063,ACCEPT,0,1769,228,32767,0,0,4633,0,0,0,0
238,0,1,1,ACCEPT,54.6893,10.6360,4850,0,0,1.0000,92.36,212.69,59.27,68.39,112.00,126.50,86.00,117.00,0.0250,88.40,1,0,3.3123,ACCEPT,0,1990,198,28425,0,0,4850,0,0,0,0
239,0,1,1,ACCEPT,53.5478,11.9593,5286,0,0,1.0000,92.36,212.69,59.27,68.39,111.00,128.50,84.00,111.00,0.0223,86.23,1,0,3.3145,ACCEPT,0,2152,183,21184,0,0,5286,0,0,0,0
240,0,1,1,ACCEPT,53.1561,11.2711,5613,0,0,1.0000,92.36,212.69,59.27,68.39,112.00,130.00,86.00,112.00,0.0299,84.99,1,0,3.3077,ACCEPT,0,2363,178,19297,0,0,5613,0,0,0,0
241,0,1,1,ACCEPT,52.2748,11.0633,5941,0,0,1.0000,92.36,212.69,59.27,68.39,112.00,130.00,84.00,110.00,0.0261,84.99,1,0,3.3160,ACCEPT,0,2476,178,19949,0,0,5941,0,0,0,0
242,0,1,1,ACCEPT,52.2018,11.4200,6064,0,0,1.0000,92.36,212.69,59.27,68.39,113.00,136.50,86.00,109.00,0.0509,78.93,1,0,3.3117,ACCEPT,0,2468,199,19145,0,0,6064,0,0,0,0
243,0,1,1,ACCEPT,52.7439,12.0894,5815,0,0,1.0000,92.36,212.69,59.27,68.39,113.00,139.00,86.00,110.00,0.0635,76.52,1,0,3.3134,ACCEPT,0,2334,171,19607,0,0,5815,0,0,0,0
244,0,1,1,ACCEPT,54.0840,12.4013,5779,0,0,1.0000,92.36,212.69,59.27,68.39,113.00,142.00,86.00,108.00,0.0732,73.64,1,0,3.3154,ACCEPT,0,2370,177,18469,0,0,5779,0,0,0,0
245,0,1,1,ACCEPT,55.8218,11.9376,5551,0,0,1.0000,92.36,212.69,59.27,68.39,115.00,143.50,88.00,109.00,0.0786,72.80,1,0,3.3157,ACCEPT,0,2329,170,17810,0,0,5551,0,0,0,0
246,0,1,1,ACCEPT,55.3901,11.5288,5407,0,0,1.0000,92.36,212.69,59.27,68.39,116.50,144.50,87.00,109.00,0.0802,72.33,1,0,3.3201,ACCEPT,0,2327,162,18135,0,0,5407,0,0,0,0
247,0,1,1,ACCEPT,57.8657,11.8176,5247,0,0,1.0000,92.36,212.69,59.27,68.39,118.00,146.00,90.00,110.00,0.0858,71.45,1,0,3.3228,ACCEPT,0,2182,168,16971,0,0,5247,0,0,0,0
248,0,1,1,ACCEPT,59.2337,12.2095,4896,0,0,1.0000,92.36,212.69,59.27,68.39,117.50,148.00,91.00,108.00,0.0925,69.40,1,0,3.3223,ACCEPT,0,1917,175,16111,0,0,4896,0,0,0,0
249,0,1,1,ACCEPT,58.9572,12.7035,4713,0,0,1.0000,92.36,212.69,59.27,68.39,117.50,150.00,91.00,112.00,0.1069,67.54,1,0,3.3320,ACCEPT,0,1886,173,16548,0,0,4713,0,0,0,0
250,0,1,1,ACCEPT,58.6991,12.6310,4724,0,0,1.0000,92.36,212.69,59.27,68.39,117.50,151.00,91.00,110.00,0.1084,66.61,1,0,3.3382,ACCEPT,0,1893,192,15671,0,0,4724,0,0,0,0
251,0,1,1,ACCEPT,58.9122,12.4563,4422,0,0,1.0000,92.36,212.69,59.27,68.39,119.00,151.00,92.00,110.00,0.1051,67.19,1,0,3.3504,ACCEPT,0,1761,203,14810,0,0,4422,0,0,0,0
252,0,1,1,ACCEPT,54.4599,10.0643,4227,0,0,1.0000,92.36,212.69,59.27,68.39,119.50,156.50,91.00,111.00,0.1282,62.40,1,0,3.3460,ACCEPT,0,1760,234,14529,0,0,4227,0,0,0,0
253,0,1,1,ACCEPT,51.9527,11.5101,3971,0,0,1.0000,92.36,212.69,59.27,68.39,121.00,162.50,92.00,113.00,0.1517,57.78,1,0,3.3218,ACCEPT,0,1769,242,17956,0,0,3971,0,0,0,0
254,0,1,1,ACCEPT,50.4861,12.8556,4718,0,0,1.0000,92.36,212.69,59.27,68.39,122.50,168.50,93.00,107.00,0.1667,53.49,1,0,3.3117,ACCEPT,0,2049,272,24389,0,0,4718,0,0,0,0
255,0,1,1,ACCEPT,48.3384,12.5431,6397,0,0,1.0000,92.36,212.69,59.27,68.39,122.50,170.00,93.00,114.00,0.1796,52.26,1,0,3.2868,ACCEPT,0,2746,286,21974,0,0,6397,0,0,0,0
256,0,1,1,ACCEPT,46.5513,9.8885,5943,0,0,1.0000,92.36,212.69,59.27,68.39,123.00,173.00,96.00,110.00,0.1894,50.14,1,0,3.2890,ACCEPT,0,2582,281,19619,0,0,5943,0,0,0,0
257,0,1,1,ACCEPT,46.2958,9.8330,5477,0,0,1.0000,92.36,212.69,59.27,68.39,125.00,178.50,96.00,111.00,0.2045,47.27,1,0,3.2633,ACCEPT,0,2450,273,18092,0,0,5477,0,0,0,0
258,0,1,1,ACCEPT,48.9846,10.0245,4912,0,0,1.0000,92.36,212.69,59.27,68.39,126.00,181.00,96.00,114.00,0.2115,46.21,1,0,3.2179,ACCEPT,0,2266,268,19248,0,0,4912,0,0,0,0
259,0,1,1,ACCEPT,50.3276,10.8295,5209,0,0,1.0000,92.36,212.69,59.27,68.39,127.00,181.50,94.00,109.00,0.2032,46.61,1,0,3.2674,ACCEPT,0,2359,255,20649,0,0,5209,0,0,0,0
260,0,1,1,ACCEPT,50.0989,11.6770,5278,0,0,1.0000,92.36,212.69,59.27,68.39,129.00,183.00,92.00,108.00,0.1949,47.16,1,0,3.2663,ACCEPT,0,2277,246,20406,0,0,5278,0,0,0,0
261,0,1,1,ACCEPT,50.1565,10.8765,5460,0,0,1.0000,92.36,212.69,59.27,68.39,133.00,183.00,86.00,112.00,0.1648,50.33,1,0,3.3202,ACCEPT,0,2150,234,19484,0,0,5460,0,0,0,0
262,0,1,1,ACCEPT,50.8859,9.9428,5558,0,0,1.0000,92.36,212.69,59.27,68.39,135.00,184.50,84.00,115.00,0.1551,51.12,1,0,3.3420,ACCEPT,0,2203,215,16466,0,0,5558,0,0,0,0
263,0,1,1,ACCEPT,52.4436,11.3233,4903,0,0,1.0000,92.36,212.69,59.27,68.39,135.50,187.00,83.00,118.00,0.1581,50.21,1,0,3.3479,ACCEPT,0,1977,195,13103,0,0,4903,0,0,0,0
264,0,1,1,ACCEPT,53.5056,11.2958,4315,0,0,1.0000,92.36,212.69,59.27,68.39,136.50,193.50,81.00,115.00,0.1534,48.13,1,0,3.3435,ACCEPT,0,1812,184,11615,0,0,4315,0,0,0,0
265,0,1,1,ACCEPT,54.5720,11.5854,4275,0,0,1.0000,92.36,212.69,59.27,68.39,136.50,198.00,83.00,114.00,0.1582,46.52,1,0,3.3474,ACCEPT,0,1680,200,11398,0,0,4275,0,0,0,0
266,0,1,1,ACCEPT,55.3570,10.0690,4229,0,0,1.0000,92.36,212.69,59.27,68.39,137.50,199.50,81.00,115.00,0.1466,47.03,1,0,3.3486,ACCEPT,0,1535,185,12744,0,0,4229,0,0,0,0
267,0,1,1,ACCEPT,56.8044,10.3188,4984,0,0,1.0000,92.36,212.69,59.27,68.39,139.00,200.50,78.00,115.00,0.1306,48.21,1,0,3.3463,ACCEPT,0,1741,171,15686,0,0,4984,0,0,0,0
268,0,1,1,ACCEPT,57.8002,10.6661,6165,0,0,1.0000,92.36,212.69,59.27,68.39,139.00,203.50,76.00,113.00,0.1281,47.54,1,0,3.3414,ACCEPT,0,2247,178,21141,0,0,6165,0,0,0,0
269,0,1,1,ACCEPT,57.6719,12.4428,8262,0,0,1.0000,92.36,212.69,59.27,68.39,139.50,208.50,75.00,113.00,0.1225,47.33,1,0,3.3428,ACCEPT,0,3124,177,21285,0,0,8262,0,0,0,0
270,0,1,1,ACCEPT,58.9013,13.1813,8436,0,0,1.0000,92.36,212.69,59.27,68.39,142.50,216.00,73.00,118.00,0.0945,50.25,1,0,3.3339,ACCEPT,0,3032,172,21404,0,0,8436,0,0,0,0
271,0,1,1,ACCEPT,59.5257,13.5162,8772,0,0,1.0000,92.36,212.69,59.27,68.39,145.00,219.00,72.00,116.00,0.0772,53.02,1,0,3.3296,ACCEPT,0,3245,183,21219,0,0,8772,0,0,0,0
272,0,1,1,ACCEPT,58.9363,11.6460,8816,0,0,1.0000,92.36,212.69,59.27,68.39,149.00,228.50,64.00,117.00,0.0305,58.81,1,0,3.3338,ACCEPT,0,3297,161,21315,0,0,8816,0,0,0,0
273,0,1,1,ACCEPT,57.1472,13.1568,8473,0,0,1.0000,92.36,212.69,59.27,68.39,151.50,234.00,65.00,118.00,0.0178,62.86,1,0,3.3334,ACCEPT,0,3395,176,20703,0,0,8473,0,0,0,0
274,0,1,1,ACCEPT,57.7817,14.1321,8451,0,0,1.0000,92.36,212.69,59.27,68.39,155.00,240.00,60.00,116.00,0.0000,68.34,1,0,3.3345,ACCEPT,0,3558,184,21138,0,0,8451,0,0,0,0
275,0,1,1,ACCEPT,57.8517,13.7897,8329,0,0,1.0000,92.36,212.69,59.27,68.39,156.00,246.00,58.00,124.00,0.0000,71.83,1,0,3.3355,ACCEPT,0,3425,176,21370,0,0,8329,0,0,0,0
276,0,1,1,ACCEPT,57.8007,13.5320,8241,0,0,1.0000,92.36,212.69,59.27,68.39,159.50,243.50,57.00,115.00,0.0000,73.87,1,0,3.3322,ACCEPT,0,3512,184,21550,0,0,8241,0,0,0,0
277,0,1,1,ACCEPT,60.0273,14.0344,8154,0,0,1.0000,92.36,212.69,59.27,68.39,159.00,249.50,52.00,113.00,0.0000,76.13,1,0,3.3379,ACCEPT,0,3336,189,22015,0,0,8154,0,0,0,0
278,0,1,1,ACCEPT,62.0409,14.6131,8271,0,0,1.0000,92.36,212.69,59.27,68.39,159.00,252.50,54.00,115.00,0.0000,77.63,1,0,3.3393,ACCEPT,0,3261,185,21142,0,0,8271,0,0,0,0
279,0,1,1,ACCEPT,62.7171,13.6441,8050,0,0,1.0000,92.36,212.69,59.27,68.39,162.50,256.00,49.00,116.00,0.0000,82.44,1,0,3.3378,ACCEPT,0,3283,184,21614,0,0,8050,0,0,0,0
280,0,1,1,ACCEPT,62.4569,13.3372,8069,0,0,1.0000,92.36,212.69,59.27,68.39,162.50,260.50,49.00,103.00,0.0000,84.89,1,0,3.3386,ACCEPT,0,3326,184,20773,0,0,8069,0,0,0,0
281,0,1,1,ACCEPT,64.8873,13.1762,7853,0,0,1.0000,92.36,212.69,59.27,68.39,162.50,262.00,49.00,104.00,0.0000,85.74,1,0,3.3411,ACCEPT,0,3064,179,20738,0,0,7853,0,0,0,0
282,0,1,1,ACCEPT,62.9672,12.8791,7882,0,0,1.0000,92.36,212.69,59.27,68.39,163.00,261.50,50.00,91.00,0.0000,85.86,1,0,3.3408,ACCEPT,0,3240,173,20773,0,0,7882,0,0,0,0
283,0,1,1,ACCEPT,65.8471,13.7247,7727,0,0,1.0000,92.36,212.69,59.27,68.39,163.50,271.00,51.00,90.00,0.0000,91.99,1,0,3.3419,ACCEPT,0,3001,176,20250,0,0,7727,0,0,0,0
284,0,1,1,ACCEPT,66.0160,13.7350,7774,0,0,1.0000,92.36,212.69,59.27,68.39,158.50,273.00,61.00,90.00,0.0000,89.51,1,0,3.3432,ACCEPT,0,2941,174,20073,0,0,7774,0,0,0,0
285,0,1,1,ACCEPT,64.4037,12.6329,7845,0,0,1.0000,92.36,212.69,59.27,68.39,154.50,275.50,61.00,85.00,0.0000,88.36,1,0,3.3408,ACCEPT,0,2938,170,20570,0,0,7845,0,0,0,0
286,0,1,1,ACCEPT,65.6378,14.7262,7746,0,0,1.0000,92.36,212.69,59.27,68.39,147.50,273.50,73.00,89.00,0.0190,82.09,1,0,3.3413,ACCEPT,0,2801,185,20769,0,0,7746,0,0,0,0
287,0,1,1,ACCEPT,67.1656,13.1697,7994,0,0,1.0000,92.36,212.69,59.27,68.39,140.00,275.50,82.00,85.00,0.0298,78.84,1,0,3.3421,ACCEPT,0,2813,185,19565,0,0,7994,0,0,0,0
288,0,1,1,ACCEPT,64.7614,12.9261,7691,0,0,1.0000,92.36,212.69,59.27,68.39,136.50,272.50,75.00,91.00,0.0439,74.34,1,0,3.3437,ACCEPT,0,2832,193,18038,0,0,7691,0,0,0,0
289,0,1,1,ACCEPT,60.9807,13.5620,7215,0,0,1.0000,92.36,212.69,59.27,68.39,120.00,268.50,76.00,89.00,0.0924,62.28,1,0,3.3315,ACCEPT,0,2800,193,18278,0,0,7215,0,0,0,0
290,0,1,1,ACCEPT,54.8656,9.5592,6787,0,0,1.0000,92.36,212.69,59.27,68.39,119.00,271.00,74.00,94.00,0.0907,64.11,1,0,3.3247,ACCEPT,0,2754,183,18404,0,0,6787,0,0,0,0
291,0,1,1,ACCEPT,47.1989,10.3971,6519,0,0,1.0000,92.36,212.69,59.27,68.39,111.50,267.50,75.00,87.00,0.1159,58.06,1,0,3.3076,ACCEPT,0,2829,177,17067,0,0,6519,0,0,0,0
292,0,1,1,ACCEPT,37.1137,7.6543,6200,0,0,1.0000,92.36,212.69,59.27,68.39,102.50,261.50,89.00,91.00,0.1773,49.85,1,0,3.3580,ACCEPT,0,2956,189,16811,0,0,6200,0,0,0,0
293,0,1,1,ACCEPT,31.7948,5.8998,6242,0,0,1.0000,92.36,212.69,59.27,68.39,95.00,257.50,94.00,93.00,0.1994,44.89,1,0,3.3853,ACCEPT,0,3240,164,16870,0,0,6242,0,0,0,0
294,0,1,1,ACCEPT,30.7104,6.2609,6455,0,0,1.0000,92.36,212.69,59.27,68.39,92.50,251.00,93.00,88.00,0.2394,38.31,1,0,3.4320,ACCEPT,0,3206,146,15049,0,0,6455,0,0,0,0
295,0,1,1,ACCEPT,22.7255,4.5701,4954,0,0,1.0000,92.36,212.69,59.27,68.39,92.50,242.00,97.00,90.00,0.3009,29.31,1,0,3.3953,ACCEPT,0,2792,152,17163,0,0,4954,0,0,0,0
296,0,1,1,ACCEPT,18.7202,4.1826,5107,0,0,1.0000,92.36,212.69,59.27,68.39,94.50,234.00,101.00,92.00,0.3541,21.42,1,0,3.4071,ACCEPT,0,3377,171,17741,0,0,5107,0,0,0,0
297,0,1,1,ACCEPT,19.3566,3.9962,5255,0,0,1.0000,92.36,212.69,59.27,68.39,93.00,230.00,102.00,90.00,0.3835,17.32,1,0,3.4411,ACCEPT,0,3450,125,16685,0,0,5255,0,0,0,0
298,0,1,1,ACCEPT,20.0517,3.2614,5303,0,-1,0.9693,92.36,210.55,59.27,68.39,93.50,227.50,101.00,93.00,0.3908,16.99,1,0,3.0172,ACCEPT,0,3572,151,14990,0,0,5303,0,0,0,0
299,0,1,1,ACCEPT,17.6919,3.1070,4443,0,0,1.0000,92.36,210.55,59.27,68.39,95.00,225.00,102.00,92.00,0.4084,14.69,1,0,2.9725,ACCEPT,0,3917,153,12850,0,0,4443,0,0,0,0
300,0,1,1,ACCEPT,18.8620,2.9888,4806,0,0,1.0000,92.36,210.55,59.27,68.39,96.50,223.00,105.00,90.00,0.4143,13.12,1,0,2.8759,ACCEPT,0,4031,147,13423,0,0,4806,0,0,0,0
301,0,1,1,ACCEPT,17.1400,2.3781,4466,0,-1,0.9879,92.36,208.41,56.99,65.76,96.50,221.50,105.00,91.00,0.3883,13.73,1,-1,2.6026,ACCEPT,0,4145,151,14325,0,0,4466,0,0,0,0
302,0,1,1,ACCEPT,15.4549,2.1224,4300,0,0,1.0000,92.36,208.41,56.99,65.76,97.50,218.50,107.00,87.00,0.4026,11.33,1,0,3.0198,ACCEPT,0,4067,164,15862,0,0,4300,0,0,0,0
303,0,1,1,ACCEPT,11.7175,1.7539,3222,0,-2,0.9615,92.36,204.28,54.80,63.23,94.00,213.50,104.00,91.00,0.3662,9.36,1,-1,2.5823,ACCEPT,0,3954,186,15559,0,0,3222,0,0,0,0
304,0,1,1,ACCEPT,8.9401,1.5659,2413,0,-2,0.9242,92.36,200.34,54.80,63.23,94.00,207.00,100.00,86.00,0.4029,6.86,1,-1,1.9464,LOW_CONF,0,3603,218,13929,0,0,2413,0,0,0,0
305,0,1,1,ACCEPT,7.0897,1.0132,1914,-1,3,0.5522,90.64,206.25,52.69,60.80,93.50,198.00,99.00,88.00,0.3678,8.73,1,-1,2.4876,ACCEPT,0,3040,238,15008,0,0,1914,0,0,0,0
306,0,1,1,ACCEPT,5.2825,1.0427,1319,3,8,0.6732,95.56,221.50,52.69,60.80,94.00,192.50,108.00,85.00,0.2297,29.04,1,0,3.0010,ACCEPT,0,3018,295,14400,0,0,1319,0,0,0,0
307,0,1,1,ACCEPT,10.1880,2.7652,2403,-1,-2,0.6900,93.92,217.69,50.67,58.46,96.50,186.00,107.00,88.00,0.2049,31.79,1,-1,2.6630,ACCEPT,0,4191,338,14880,0,0,2403,0,0,0,0
308,0,1,1,ACCEPT,9.8289,2.1996,2127,0,0,1.0000,93.92,217.69,48.72,56.21,98.00,181.00,106.00,88.00,0.1669,36.91,1,-1,2.6673,ACCEPT,0,3188,332,16407,0,0,2127,0,0,0,0
309,0,1,1,ACCEPT,9.6421,1.9527,2312,0,0,1.0000,93.92,217.69,48.72,56.21,97.00,172.00,102.00,90.00,0.1262,45.79,1,0,2.6795,ACCEPT,0,3912,293,16418,0,0,2312,0,0,0,0
310,0,1,1,ACCEPT,10.5673,2.1638,2391,0,0,1.0000,93.92,217.69,48.72,56.21,98.00,169.00,104.00,92.00,0.1119,48.86,1,0,2.4885,ACCEPT,0,3939,276,19155,0,0,2391,0,0,0,0
311,0,1,1,ACCEPT,12.0794,2.4987,2801,-1,0,0.9850,92.41,217.69,48.72,56.21,98.00,164.50,106.00,93.00,0.0903,53.48,1,0,2.4394,ACCEPT,0,4431,267,18005,0,0,2801,0,0,0,0
312,0,1,1,ACCEPT,14.8702,3.3312,3108,0,0,1.0000,92.41,217.69,48.72,56.21,97.00,163.00,102.00,96.00,0.0908,54.88,1,0,2.6804,ACCEPT,0,4038,258,17915,0,0,3108,0,0,0,0
313,0,1,1,ACCEPT,17.6253,4.3346,3329,0,0,1.0000,92.41,217.69,46.84,54.05,95.50,159.00,101.00,98.00,0.0699,58.77,1,-1,2.7613,ACCEPT,0,3513,234,17385,0,0,3329,0,0,0,0
314,0,1,1,ACCEPT,17.4445,3.6784,3145,0,0,1.0000,92.41,217.69,46.84,54.05,95.00,157.00,102.00,100.00,0.0640,60.74,1,0,2.9031,ACCEPT,0,3292,217,21929,0,0,3145,0,0,0,0
315,0,1,1,ACCEPT,19.2051,4.0645,3719,0,0,1.0000,92.41,217.69,46.84,54.05,95.50,155.00,105.00,98.00,0.0512,62.76,1,0,2.9133,ACCEPT,0,3576,198,23597,0,0,3719,0,0,0,0
316,0,1,1,ACCEPT,21.5879,4.4410,4552,0,0,1.0000,92.41,217.69,46.84,54.05,95.50,153.00,105.00,100.00,0.0464,64.76,1,0,2.8658,ACCEPT,0,4021,174,24937,0,0,4552,0,0,0,0
317,0,1,1,ACCEPT,24.4239,4.7642,5355,0,0,1.0000,92.41,217.69,46.84,54.05,94.00,154.00,102.00,94.00,0.0416,63.71,1,0,2.9130,ACCEPT,0,4282,160,21978,0,0,5355,0,0,0,0
318,0,1,1,ACCEPT,27.2140,4.7708,5286,0,0,1.0000,92.41,217.69,46.84,54.05,96.00,148.50,106.00,101.00,0.0304,69.28,1,0,2.8751,ACCEPT,0,3907,171,22249,0,0,5286,0,0,0,0
319,0,1,1,ACCEPT,30.1419,5.2192,5642,0,0,1.0000,92.41,217.69,46.84,54.05,94.50,146.50,107.00,103.00,0.0260,71.22,1,0,2.8841,ACCEPT,0,3840,162,22729,0,0,5642,0,0,0,0
320,0,1,1,ACCEPT,31.9016,5.3133,5563,0,0,1.0000,92.41,217.69,46.84,54.05,95.00,146.00,108.00,98.00,0.0157,71.73,1,0,2.9848,ACCEPT,0,3625,163,21239,0,0,5563,0,0,0,0
321,0,1,1,ACCEPT,33.8959,5.8694,5394,0,0,1.0000,92.41,217.69,46.84,54.05,95.00,145.00,108.00,104.00,0.0220,72.73,1,0,3.0427,ACCEPT,0,3303,161,20901,0,0,5394,0,0,0,0
322,0,1,1,ACCEPT,33.3380,5.5512,5096,0,0,1.0000,92.41,217.69,46.84,54.05,93.50,142.00,105.00,106.00,0.0151,75.70,1,0,3.0641,ACCEPT,0,3110,162,14727,0,0,5096,0,0,0,0
323,0,1,1,ACCEPT,35.0422,6.1409,3660,0,0,1.0000,92.41,217.69,46.84,54.05,93.50,142.00,103.00,104.00,0.0119,75.70,1,0,3.0908,ACCEPT,0,2230,162,11768,0,0,3660,0,0,0,0
324,0,1,1,ACCEPT,36.5967,6.5610,3064,0,0,1.0000,92.41,217.69,46.84,54.05,94.00,139.50,102.00,101.00,0.0000,78.20,1,0,3.0954,ACCEPT,0,1784,152,11982,0,0,3064,0,0,0,0
325,0,1,1,ACCEPT,38.2403,7.0404,3133,0,0,1.0000,92.41,217.69,46.84,54.05,93.50,138.50,105.00,103.00,0.0000,79.20,1,0,3.1023,ACCEPT,0,1808,156,12046,0,0,3133,0,0,0,0
0,0,0,0,ZERO_RESPONSE,0.0000,0.0000,0,0,0,0.0000,91.00,235.00,94.00,68.00,91.00,235.00,94.00,68.00,1.0000,0.00,1,0,0.0000,NOT_RUN,0,0,1290,17725,1,50,0,0,0,0,0
1,0,1,1,ACCEPT,59.0589,12.1880,4668,0,0,1.0000,91.00,235.00,94.00,68.00,88.00,233.00,94.00,70.00,0.8868,3.61,1,0,3.1868,ACCEPT,0,1797,1057,18051,1,50,4668,0,0,0,0
2,0,1,1,ACCEPT,45.3632,10.3699,4542,-1,-1,0.9113,88.06,232.88,94.00,68.00,86.50,230.50,95.00,67.00,0.9028,2.84,1,0,2.6176,ACCEPT,0,2090,914,21429,1,50,4542,0,0,0,0
3,0,1,1,ACCEPT,31.8506,6.0874,4109,0,-1,0.9786,88.06,230.75,94.00,68.00,85.00,227.00,98.00,70.00,0.8437,4.84,1,0,2.5775,ACCEPT,0,2245,801,17823,1,50,4109,0,0,0,0
4,0,1,1,ACCEPT,23.0587,4.2345,2998,0,-1,0.9770,88.06,228.62,94.00,68.00,84.00,225.50,100.00,67.00,0.8416,5.13,1,0,2.6363,ACCEPT,0,1998,736,16048,1,50,2998,0,0,0,0
5,0,1,1,ACCEPT,19.7718,3.4608,2869,0,-1,0.9331,88.06,226.50,94.00,68.00,84.50,223.00,97.00,70.00,0.8410,4.99,1,0,2.8128,ACCEPT,0,2153,605,18677,1,50,2869,0,0,0,0
6,0,1,1,ACCEPT,19.0267,3.3763,3508,0,-1,0.9381,88.06,224.38,94.00,68.00,85.50,220.00,101.00,74.00,0.8237,5.07,1,0,2.5586,ACCEPT,0,2895,593,17391,1,50,3508,0,0,0,0
7,0,1,1,ACCEPT,19.6752,3.8059,3863,0,0,1.0000,88.06,224.38,94.00,68.00,87.50,219.00,103.00,74.00,0.7863,5.40,1,0,2.5108,ACCEPT,0,3152,508,15499,1,50,3863,0,0,0,0
8,0,1,1,ACCEPT,20.4905,4.1747,4421,1,0,0.9842,91.00,224.38,90.38,65.38,88.00,217.50,100.00,75.00,0.7445,7.50,1,-1,2.6385,ACCEPT,0,3550,425,14678,1,50,4421,0,0,0,0
9,0,1,1,ACCEPT,20.6779,4.3726,4530,0,-1,0.9751,91.00,222.33,90.38,65.38,88.50,217.50,97.00,73.00,0.8110,5.44,1,0,2.7594,ACCEPT,0,3741,421,11193,1,50,4530,0,0,0,0
10,0,1,1,ACCEPT,22.1789,5.2736,4683,0,0,1.0000,91.00,222.33,90.38,65.38,90.50,215.50,97.00,73.00,0.7665,6.85,1,0,3.0317,ACCEPT,0,3601,354,11277,1,50,4683,0,0,0,0
11,0,1,1,ACCEPT,21.4684,5.2318,5169,0,0,1.0000,91.00,222.33,90.38,65.38,90.00,213.50,98.00,73.00,0.7172,8.88,1,0,2.5728,ACCEPT,0,4417,269,12973,1,50,5169,0,0,0,0
12,0,1,1,ACCEPT,22.5340,5.6076,5787,0,-1,0.9798,91.00,220.28,90.38,65.38,93.50,213.50,103.00,73.00,0.7243,7.23,1,0,2.8440,ACCEPT,0,4791,261,13056,1,50,5787,0,0,0,0
13,0,1,1,ACCEPT,22.4249,6.5459,5852,0,0,1.0000,91.00,220.28,90.38,65.38,93.50,210.50,105.00,77.00,0.6573,10.10,1,0,2.6582,ACCEPT,0,4709,278,15340,1,50,5852,0,0,0,0
14,0,1,1,ACCEPT,19.5231,5.4188,6107,0,-1,0.9388,91.00,218.23,86.91,62.87,93.50,210.50,101.00,79.00,0.6848,8.13,1,-1,2.5881,ACCEPT,0,5896,286,15217,1,50,6107,0,0,0,0
15,0,1,1,ACCEPT,15.9905,3.9760,4795,1,-1,0.9677,93.72,216.27,90.38,65.38,94.50,206.00,101.00,74.00,0.6704,10.30,1,1,2.1579,ACCEPT,0,4843,280,15433,1,50,4795,0,0,0,0
16,0,1,1,ACCEPT,15.0970,2.8593,4389,0,-2,0.8063,93.72,212.17,94.00,68.00,96.50,204.50,99.00,81.00,0.7687,8.16,1,1,2.1104,ACCEPT,0,5481,269,15314,1,50,4389,0,0,0,0
17,0,1,1,ACCEPT,14.2898,3.3852,3893,0,-1,0.9656,93.72,210.05,101.67,73.55,98.50,202.00,103.00,80.00,0.7439,9.36,1,2,2.8857,ACCEPT,0,5247,279,16721,1,50,3893,0,0,0,0
18,0,1,1,ACCEPT,13.0923,2.7273,3960,0,-2,0.7886,93.72,205.45,101.67,73.55,98.00,197.00,102.00,84.00,0.7468,9.48,1,0,2.4847,ACCEPT,0,6154,269,15441,1,50,3960,0,0,0,0
19,0,1,1,ACCEPT,13.2069,3.2943,3851,0,-1,0.9878,93.72,203.16,105.74,76.49,100.50,198.00,103.00,82.00,0.7771,8.52,1,1,2.8279,ACCEPT,0,5059,291,13397,1,50,3851,0,0,0,0
20,0,1,1,ACCEPT,12.8833,3.0938,3892,0,-1,0.9959,93.72,200.77,105.74,76.49,100.50,196.00,103.00,80.00,0.7831,8.29,1,0,2.3811,ACCEPT,0,4928,241,12036,1,50,3892,0,0,0,0
21,0,1,1,ACCEPT,13.4801,3.5435,3990,0,0,1.0000,93.72,200.77,105.74,76.49,102.00,188.00,104.00,88.00,0.6374,15.22,1,10,1.8037,MAX_STEP,0,4693,235,11472,1,50,3990,0,0,0,0
22,0,1,1,ACCEPT,13.2184,3.0233,4024,0,0,1.0000,93.72,200.77,105.74,76.49,103.00,186.00,102.00,92.00,0.6029,17.44,1,11,1.5130,MAX_STEP,0,5253,248,10026,1,50,4024,0,0,0,0
23,0,1,1,ACCEPT,14.9942,3.4745,4496,0,0,1.0000,93.72,200.77,105.74,76.49,106.50,181.00,101.00,98.00,0.5148,23.54,1,11,1.8935,MAX_STEP,0,5258,254,9929,1,50,4496,0,0,0,0
24,0,1,1,ACCEPT,16.7299,3.9177,5426,0,0,1.0000,93.72,200.77,105.74,76.49,105.50,178.00,103.00,102.00,0.4948,25.63,1,0,2.7700,ACCEPT,0,5649,286,11184,1,50,5426,0,0,0,0
25,0,1,1,ACCEPT,18.3494,4.2249,6912,0,0,1.0000,93.72,200.77,105.74,76.49,108.50,177.50,103.00,95.00,0.4560,27.56,1,0,3.1487,ACCEPT,0,6492,284,11905,1,50,6912,0,0,0,0
26,0,1,1,ACCEPT,20.4717,4.8175,7443,0,0,1.0000,93.72,200.77,105.74,76.49,110.00,173.00,102.00,100.00,0.4078,32.19,1,0,2.7951,ACCEPT,0,6401,275,13417,1,50,7443,0,0,0,0
27,0,1,1,ACCEPT,22.1468,5.1817,7757,0,0,1.0000,93.72,200.77,101.67,73.55,110.50,174.50,103.00,97.00,0.4065,31.17,1,-1,2.9369,ACCEPT,0,6420,310,13587,1,50,7757,0,0,0,0
28,0,1,1,ACCEPT,21.8789,5.4106,6866,0,0,1.0000,93.72,200.77,101.67,73.55,112.50,170.50,99.00,101.00,0.3624,35.62,1,0,3.0842,ACCEPT,0,6226,273,16219,1,50,6866,0,0,0,0
29,0,1,1,ACCEPT,22.8916,5.6540,6847,0,0,1.0000,93.72,200.77,101.67,73.55,113.50,168.50,99.00,101.00,0.3397,37.85,1,0,2.9882,ACCEPT,0,6216,248,16490,1,50,6847,0,0,0,0
30,0,1,1,ACCEPT,22.8534,5.3592,6758,0,0,1.0000,93.72,200.77,101.67,73.55,115.00,164.00,102.00,102.00,0.2983,42.48,1,0,3.0775,ACCEPT,0,6124,235,18572,1,50,6758,0,0,0,0
31,0,1,1,ACCEPT,23.7049,6.4823,7338,0,0,1.0000,93.72,200.77,101.67,73.55,116.00,162.00,100.00,106.00,0.2848,44.71,1,0,2.9785,ACCEPT,0,6235,257,20783,1,50,7338,0,0,0,0
32,0,1,1,ACCEPT,24.9540,7.3988,8405,0,0,1.0000,93.72,200.77,101.67,73.55,117.50,161.00,99.00,106.00,0.2707,46.33,1,0,2.8735,ACCEPT,0,6960,230,21162,1,50,8405,0,0,0,0
33,0,1,1,ACCEPT,26.5423,7.5767,8645,0,0,1.0000,93.72,200.77,101.67,73.55,119.50,156.50,99.00,109.00,0.2374,51.23,1,0,3.1087,ACCEPT,0,6350,244,22153,1,50,8645,0,0,0,0
34,0,1,1,ACCEPT,28.2862,7.3439,9055,0,0,1.0000,93.72,200.77,101.67,73.55,122.00,155.00,98.00,108.00,0.2170,53.80,1,0,3.2139,ACCEPT,0,6201,217,23449,1,50,9055,0,0,0,0
35,0,1,1,ACCEPT,30.0279,7.8172,9068,0,0,1.0000,93.72,200.77,101.67,73.55,124.00,152.50,98.00,109.00,0.1972,56.98,1,0,3.1558,ACCEPT,0,5957,203,22375,1,50,9068,0,0,0,0
36,0,1,1,ACCEPT,29.8324,8.1359,8917,0,0,1.0000,93.72,200.77,101.67,73.55,126.50,150.50,97.00,109.00,0.1781,60.01,1,0,3.1061,ACCEPT,0,5747,245,21048,1,50,8917,0,0,0,0
37,0,1,1,ACCEPT,30.1305,7.9309,8946,0,0,1.0000,93.72,200.77,101.67,73.55,128.50,148.00,97.00,114.00,0.1666,63.20,1,0,3.1834,ACCEPT,0,5687,204,23398,1,50,8946,0,0,0,0
38,0,1,1,ACCEPT,30.1403,6.5507,9505,0,0,1.0000,93.72,200.77,101.67,73.55,129.50,145.50,97.00,113.00,0.1508,65.84,1,0,3.1771,ACCEPT,0,5972,222,22649,1,50,9505,0,0,0,0
39,0,1,1,ACCEPT,30.0923,5.9208,10012,0,0,1.0000,93.72,200.77,101.67,73.55,130.50,138.00,101.00,114.00,0.1178,72.75,1,0,3.1865,ACCEPT,0,6006,222,23765,1,50,10012,0,0,0,0
40,0,1,1,ACCEPT,30.1269,5.6797,10746,0,0,1.0000,93.72,200.77,101.67,73.55,134.00,139.50,96.00,115.00,0.1165,73.32,1,0,3.2112,ACCEPT,0,6153,259,21635,1,50,10746,0,0,0,0
41,0,1,1,ACCEPT,30.3766,5.8846,10763,0,0,1.0000,93.72,200.77,101.67,73.55,137.50,135.50,95.00,113.00,0.0916,78.59,1,0,3.2015,ACCEPT,0,6631,268,20749,1,50,10763,0,0,0,0
42,0,1,1,ACCEPT,31.8568,6.7655,11163,0,0,1.0000,93.72,200.77,101.67,73.55,140.50,135.00,95.00,118.00,0.0903,80.71,1,0,3.2062,ACCEPT,0,6746,275,19900,1,50,11163,0,0,0,0
43,0,1,1,ACCEPT,34.3937,8.2472,11810,0,0,1.0000,93.72,200.77,101.67,73.55,143.50,130.50,95.00,121.00,0.0743,86.11,1,0,3.2306,ACCEPT,0,6798,261,19250,1,50,11810,0,0,0,0
44,0,1,1,ACCEPT,36.7946,8.6016,12154,0,0,1.0000,93.72,200.77,101.67,73.55,146.50,129.50,95.00,121.00,0.0666,88.68,1,0,3.2601,ACCEPT,0,6781,249,17591,1,50,12154,0,0,0,0
45,0,1,1,ACCEPT,39.3494,10.8834,11950,0,0,1.0000,93.72,200.77,101.67,73.55,149.00,128.00,94.00,124.00,0.0614,91.38,1,0,3.2809,ACCEPT,0,6180,242,17667,1,50,11950,0,0,0,0
46,0,1,1,ACCEPT,41.2542,12.4693,12407,0,0,1.0000,93.72,200.77,101.67,73.55,151.50,126.00,95.00,122.00,0.0515,94.49,1,0,3.2896,ACCEPT,0,6263,235,19160,1,50,12407,0,0,0,0
47,0,1,1,ACCEPT,42.3099,12.3012,12621,0,0,1.0000,93.72,200.77,101.67,73.55,152.00,125.50,92.00,125.00,0.0513,95.19,1,0,3.2711,ACCEPT,0,6416,212,19489,1,50,12621,0,0,0,0
48,0,1,1,ACCEPT,43.3725,12.5336,12120,0,0,1.0000,93.72,200.77,101.67,73.55,159.50,124.50,97.00,125.00,0.0410,100.72,1,0,3.2721,ACCEPT,0,6224,245,19292,1,50,12120,0,0,0,0
49,0,1,1,ACCEPT,45.7318,13.4439,11992,0,0,1.0000,93.72,200.77,101.67,73.55,159.00,123.00,92.00,126.00,0.0378,101.53,1,0,3.2793,ACCEPT,0,5883,263,19795,1,50,11992,0,0,0,0
50,0,1,1,ACCEPT,48.1470,14.1298,11756,0,0,1.0000,93.72,200.77,101.67,73.55,162.00,123.00,92.00,124.00,0.0328,103.49,1,0,3.2849,ACCEPT,0,5455,256,20778,1,50,11756,0,0,0,0
51,0,1,1,ACCEPT,50.4934,14.7086,11811,0,0,1.0000,93.72,200.77,101.67,73.55,162.50,121.50,89.00,125.00,0.0294,104.95,1,0,3.2877,ACCEPT,0,5484,251,21208,1,50,11811,0,0,0,0
52,0,1,1,ACCEPT,51.9578,14.8114,11701,0,0,1.0000,93.72,200.77,101.67,73.55,164.00,121.50,90.00,125.00,0.0281,105.94,1,0,3.2886,ACCEPT,0,5285,220,22222,1,50,11701,0,0,0,0
53,0,1,1,ACCEPT,52.3284,16.4125,11817,0,0,1.0000,93.72,200.77,101.67,73.55,167.00,122.00,90.00,124.00,0.0248,107.58,1,0,3.2877,ACCEPT,0,5354,236,22976,1,50,11817,0,0,0,0
54,0,1,1,ACCEPT,52.7446,15.0367,11458,0,0,1.0000,93.72,200.77,101.67,73.55,167.50,124.50,89.00,123.00,0.0264,106.11,1,0,3.2941,ACCEPT,0,5161,233,23634,1,50,11458,0,0,0,0
55,0,1,1,ACCEPT,54.7150,14.4902,11824,0,0,1.0000,93.72,200.77,101.67,73.55,170.50,127.50,89.00,121.00,0.0250,106.13,1,0,3.2965,ACCEPT,0,5113,240,23123,1,50,11824,0,0,0,0
56,0,1,1,ACCEPT,55.3905,14.4473,11789,0,0,1.0000,93.72,200.77,101.67,73.55,171.00,130.50,88.00,115.00,0.0245,104.45,1,0,3.2992,ACCEPT,0,4901,230,22965,1,50,11789,0,0,0,0
57,0,1,1,ACCEPT,56.9718,14.7750,11820,0,0,1.0000,93.72,200.77,101.67,73.55,171.50,134.00,89.00,114.00,0.0276,102.51,1,0,3.3030,ACCEPT,0,4830,229,21639,1,50,11820,0,0,0,0
58,0,1,1,ACCEPT,56.8844,14.3764,11343,0,0,1.0000,93.72,200.77,101.67,73.55,171.00,137.50,90.00,111.00,0.0318,99.87,1,0,3.3063,ACCEPT,0,4482,232,20871,1,50,11343,0,0,0,0
59,0,1,1,ACCEPT,56.0027,15.1715,10969,0,0,1.0000,93.72,200.77,101.67,73.55,170.50,140.50,89.00,107.00,0.0339,97.61,1,0,3.3096,ACCEPT,0,4201,248,20953,1,50,10969,0,0,0,0
60,0,1,1,ACCEPT,52.5209,11.5426,10827,0,0,1.0000,93.72,200.77,101.67,73.55,169.00,142.50,88.00,103.00,0.0368,95.20,1,0,3.3171,ACCEPT,0,4431,245,19942,1,50,10827,0,0,0,0
61,0,1,1,ACCEPT,49.8331,10.1047,10519,0,0,1.0000,93.72,200.77,101.67,73.55,168.50,144.50,93.00,95.00,0.0403,93.58,1,0,3.3268,ACCEPT,0,4562,266,20599,1,50,10519,0,0,0,0
62,0,1,1,ACCEPT,49.2252,9.4375,10419,0,0,1.0000,93.72,200.77,101.67,73.55,163.50,150.50,95.00,95.00,0.0625,86.00,1,0,3.3243,ACCEPT,0,4531,285,19819,1,50,10419,0,0,0,0
63,0,1,1,ACCEPT,48.8358,9.0993,9900,0,0,1.0000,93.72,200.77,101.67,73.55,161.50,149.50,95.00,99.00,0.0676,84.99,1,0,3.3086,ACCEPT,0,4273,284,18607,1,50,9900,0,0,0,0
64,0,1,1,ACCEPT,49.7474,8.8162,9451,0,0,1.0000,93.72,200.77,101.67,73.55,158.50,151.50,97.00,95.00,0.0781,81.39,1,0,3.3022,ACCEPT,0,3990,272,18814,1,50,9451,0,0,0,0
65,0,1,1,ACCEPT,49.7317,8.5264,9703,0,0,1.0000,93.72,200.77,101.67,73.55,156.50,153.00,95.00,96.00,0.0861,78.89,1,0,3.3161,ACCEPT,0,4026,276,18303,1,50,9703,0,0,0,0
66,0,1,1,ACCEPT,48.0744,8.4508,9710,0,0,1.0000,93.72,200.77,101.67,73.55,155.00,156.50,94.00,97.00,0.0993,75.60,1,0,3.3230,ACCEPT,0,4132,287,18741,1,50,9710,0,0,0,0
67,0,1,1,ACCEPT,46.2828,7.5906,9883,0,0,1.0000,93.72,200.77,101.67,73.55,153.00,157.50,96.00,97.00,0.1098,73.39,1,0,3.2943,ACCEPT,0,4449,311,17818,1,50,9883,0,0,0,0
68,0,1,1,ACCEPT,41.4408,7.6039,8524,0,0,1.0000,93.72,200.77,101.67,73.55,152.50,162.00,95.00,92.00,0.1202,70.41,1,0,3.2915,ACCEPT,0,4527,342,18541,1,50,8524,0,0,0,0
69,0,1,1,ACCEPT,37.8471,9.2146,9058,0,0,1.0000,93.72,200.77,101.67,73.55,148.00,166.00,100.00,84.00,0.1482,64.46,1,0,3.2784,ACCEPT,0,5107,364,16791,1,50,9058,0,0,0,0
70,0,1,1,ACCEPT,34.0025,8.2541,7635,0,0,1.0000,93.72,200.77,101.67,73.55,143.00,174.00,100.00,86.00,0.2048,56.08,1,0,3.3237,ACCEPT,0,4332,352,17981,1,50,7635,0,0,0,0
71,0,1,1,ACCEPT,29.2635,7.8759,7301,0,0,1.0000,93.72,200.77,101.67,73.55,136.50,180.00,105.00,74.00,0.2666,47.55,1,0,3.3776,ACCEPT,0,4433,346,17992,1,50,7301,0,0,0,0
72,0,1,1,ACCEPT,31.3678,7.6164,7883,0,0,1.0000,93.72,200.77,101.67,73.55,130.50,184.50,105.00,81.00,0.3406,40.22,1,0,3.2407,ACCEPT,0,4618,321,18373,1,50,7883,0,0,0,0
73,0,1,1,ACCEPT,33.2078,9.3949,8803,0,0,1.0000,93.72,200.77,101.67,73.55,125.50,187.00,105.00,78.00,0.3951,34.63,1,0,3.1853,ACCEPT,0,4598,289,19799,1,50,8803,0,0,0,0
74,0,1,1,ACCEPT,28.0185,6.9601,8902,0,0,1.0000,93.72,200.77,101.67,73.55,117.00,193.00,106.00,76.00,0.5325,24.54,1,0,3.2311,ACCEPT,0,5604,306,22246,1,50,8902,0,0,0,0
75,0,1,1,ACCEPT,28.0982,6.4920,10582,0,0,1.0000,93.72,200.77,101.67,73.55,113.00,199.50,108.00,73.00,0.6696,19.32,1,0,3.3018,ACCEPT,0,6947,260,19555,1,50,10582,0,0,0,0
76,0,1,1,ACCEPT,29.7283,6.8340,10784,0,0,1.0000,93.72,200.77,101.67,73.55,107.50,202.50,111.00,69.00,0.7298,13.89,1,0,3.2869,ACCEPT,0,6706,249,16722,1,50,10784,0,0,0,0
77,0,1,1,ACCEPT,28.6061,6.9073,10064,0,0,1.0000,93.72,200.77,101.67,73.55,103.50,206.00,109.00,72.00,0.7274,11.09,1,0,3.2540,ACCEPT,0,6109,224,16405,1,50,10064,0,0,0,0
78,0,1,1,ACCEPT,28.2168,6.0673,9914,0,0,1.0000,93.72,200.77,101.67,73.55,97.50,212.00,107.00,68.00,0.6829,11.85,1,0,3.3191,ACCEPT,0,6046,240,17129,1,50,9914,0,0,0,0
79,0,1,1,ACCEPT,28.4016,5.7493,10320,0,0,1.0000,93.72,200.77,101.67,73.55,98.50,215.00,111.00,64.00,0.6125,15.02,1,0,3.3168,ACCEPT,0,6571,226,17596,1,50,10320,0,0,0,0
80,0,1,1,ACCEPT,29.1922,6.0262,11052,0,0,1.0000,93.72,200.77,101.67,73.55,97.50,216.00,111.00,66.00,0.5989,15.70,1,0,3.3000,ACCEPT,0,7366,205,19050,1,50,11052,0,0,0,0
81,0,1,1,ACCEPT,30.3702,7.5268,11501,0,0,1.0000,93.72,200.77,101.67,73.55,96.50,219.50,111.00,65.00,0.5378,18.94,1,0,3.2477,ACCEPT,0,7981,209,21257,1,50,11501,0,0,0,0
82,0,1,1,ACCEPT,31.9690,8.6300,12410,0,0,1.0000,93.72,200.77,101.67,73.55,95.50,224.50,111.00,61.00,0.4507,23.80,1,0,3.2815,ACCEPT,0,8585,207,19997,1,50,12410,0,0,0,0
83,0,1,1,ACCEPT,36.1696,8.4313,13195,0,0,1.0000,93.72,200.77,101.67,73.55,96.50,233.00,111.00,58.00,0.3246,32.35,1,0,3.3221,ACCEPT,0,8158,223,20964,1,50,13195,0,0,0,0
84,0,1,1,ACCEPT,37.9770,9.1145,14246,0,0,1.0000,93.72,200.77,101.67,73.55,98.50,236.00,111.00,58.00,0.2868,35.56,1,0,3.3050,ACCEPT,0,7844,224,21976,1,50,14246,0,0,0,0
85,0,1,1,ACCEPT,40.9514,10.7959,14337,0,0,1.0000,93.72,200.77,101.67,73.55,99.00,238.50,114.00,55.00,0.2442,38.10,1,0,3.3103,ACCEPT,0,7237,216,21081,1,50,14337,0,0,0,0
86,0,1,1,ACCEPT,43.8759,11.9291,14124,0,0,1.0000,93.72,200.77,101.67,73.55,102.00,240.00,116.00,56.00,0.2252,40.10,1,0,3.3149,ACCEPT,0,6945,218,21752,1,50,14124,0,0,0,0
87,0,1,1,ACCEPT,46.8926,12.2824,14309,0,0,1.0000,93.72,200.77,101.67,73.55,106.00,245.50,116.00,47.00,0.1313,46.39,1,0,3.3315,ACCEPT,0,6771,225,21463,1,50,14309,0,0,0,0
88,0,1,1,ACCEPT,50.0944,12.4579,14202,0,0,1.0000,93.72,200.77,101.67,73.55,108.00,244.50,114.00,53.00,0.1564,46.01,1,0,3.3305,ACCEPT,0,6396,242,22039,1,50,14202,0,0,0,0
89,0,1,1,ACCEPT,52.7852,13.9773,14131,0,0,1.0000,93.72,200.77,101.67,73.55,109.50,248.50,113.00,55.00,0.1243,50.28,1,0,3.3292,ACCEPT,0,6224,244,22777,1,50,14131,0,0,0,0
90,0,1,1,ACCEPT,54.5671,14.9745,14091,0,0,1.0000,93.72,200.77,101.67,73.55,112.50,249.50,113.00,53.00,0.1057,52.23,1,0,3.3348,ACCEPT,0,5986,240,23501,1,50,14091,0,0,0,0
91,0,1,1,ACCEPT,56.2501,15.8093,14007,0,0,1.0000,93.72,200.77,101.67,73.55,115.50,250.50,115.00,55.00,0.1003,54.29,1,0,3.3361,ACCEPT,0,5943,235,24000,1,50,14007,0,0,0,0
92,0,1,1,ACCEPT,58.0806,16.9595,13805,0,0,1.0000,93.72,200.77,101.67,73.55,117.00,252.00,114.00,56.00,0.0900,56.28,1,0,3.3348,ACCEPT,0,5636,233,25050,1,50,13805,0,0,0,0
93,0,1,1,ACCEPT,60.0546,18.5703,14002,0,0,1.0000,93.72,200.77,101.67,73.55,118.50,253.50,111.00,57.00,0.0800,58.27,1,0,3.3350,ACCEPT,0,5615,237,25764,1,50,14002,0,0,0,0
94,0,1,1,ACCEPT,61.0361,18.3944,13851,0,0,1.0000,93.72,200.77,101.67,73.55,119.50,250.50,109.00,53.00,0.0885,56.02,1,0,3.3355,ACCEPT,0,5485,232,26212,1,50,13851,0,0,0,0
95,0,1,1,ACCEPT,62.1032,17.3172,13975,0,0,1.0000,93.72,200.77,101.67,73.55,121.50,247.50,111.00,55.00,0.1129,54.37,1,0,3.3368,ACCEPT,0,5454,239,25721,1,50,13975,0,0,0,0
96,0,1,1,ACCEPT,62.7793,18.4413,13499,0,0,1.0000,93.72,200.77,101.67,73.55,124.00,247.50,108.00,55.00,0.1080,55.69,1,0,3.3347,ACCEPT,0,5148,228,26585,1,50,13499,0,0,0,0
97,0,1,1,ACCEPT,61.8540,17.2768,13355,0,0,1.0000,93.72,200.77,101.67,73.55,126.00,246.50,108.00,59.00,0.1206,55.98,1,0,3.3393,ACCEPT,0,5111,238,26437,1,50,13355,0,0,0,0
98,0,1,1,ACCEPT,62.2229,17.6563,13048,0,0,1.0000,93.72,200.77,101.67,73.55,130.00,246.00,108.00,60.00,0.1183,57.99,1,0,3.3423,ACCEPT,0,4929,223,26221,1,50,13048,0,0,0,0
99,0,1,1,ACCEPT,62.0223,16.8322,12843,0,0,1.0000,93.72,200.77,101.67,73.55,132.00,246.00,106.00,60.00,0.1136,59.26,1,0,3.3442,ACCEPT,0,4747,222,25039,1,50,12843,0,0,0,0
100,0,1,1,ACCEPT,60.8692,17.5442,12509,0,0,1.0000,93.72,200.77,101.67,73.55,134.00,241.00,104.00,56.00,0.1305,56.93,1,0,3.3482,ACCEPT,0,4575,245,24435,1,50,12509,0,0,0,0
101,0,1,1,ACCEPT,61.6247,18.2820,11993,0,0,1.0000,93.72,200.77,101.67,73.55,138.00,238.50,106.00,53.00,0.1314,58.18,1,0,3.3469,ACCEPT,0,4423,224,24689,1,50,11993,0,0,0,0
102,0,1,1,ACCEPT,62.0226,18.6167,11803,0,0,1.0000,93.72,200.77,101.67,73.55,142.50,236.50,101.00,55.00,0.1301,60.47,1,0,3.3489,ACCEPT,0,4374,235,24334,1,50,11803,0,0,0,0
103,0,1,1,ACCEPT,63.3361,19.6137,11729,0,0,1.0000,93.72,200.77,101.67,73.55,146.50,235.00,101.00,52.00,0.1222,62.91,1,0,3.3504,ACCEPT,0,4328,219,24586,1,50,11729,0,0,0,0
104,0,1,1,ACCEPT,63.5180,20.4108,11675,0,0,1.0000,93.72,200.77,101.67,73.55,148.50,233.50,103.00,53.00,0.1265,63.82,1,0,3.3473,ACCEPT,0,4347,235,22977,1,50,11675,0,0,0,0
105,0,1,1,ACCEPT,62.9464,17.7196,11057,0,0,1.0000,93.72,200.77,101.67,73.55,152.50,233.00,97.00,52.00,0.1098,67.04,1,0,3.3489,ACCEPT,0,4056,213,21515,1,50,11057,0,0,0,0
106,0,1,1,ACCEPT,63.5045,19.3237,10686,0,0,1.0000,93.72,200.77,101.67,73.55,156.50,230.00,93.00,54.00,0.1056,69.25,1,0,3.3521,ACCEPT,0,3897,223,20703,1,50,10686,0,0,0,0
107,0,1,1,ACCEPT,63.4513,17.1073,10042,0,0,1.0000,93.72,200.77,101.67,73.55,158.50,230.00,95.00,52.00,0.0997,71.07,1,0,3.3493,ACCEPT,0,3611,224,19249,1,50,10042,0,0,0,0
108,0,1,1,ACCEPT,63.6735,16.9855,9376,0,0,1.0000,93.72,200.77,101.67,73.55,161.50,230.50,95.00,51.00,0.0878,74.02,1,0,3.3522,ACCEPT,0,3287,237,18423,1,50,9376,0,0,0,0
109,0,1,1,ACCEPT,64.8836,17.8924,8982,0,0,1.0000,93.72,200.77,101.67,73.55,161.50,233.50,95.00,53.00,0.0806,75.27,1,0,3.3516,ACCEPT,0,3136,230,17737,1,50,8982,0,0,0,0
110,0,1,1,ACCEPT,66.0133,17.4251,8486,0,0,1.0000,93.72,200.77,101.67,73.55,163.00,231.50,94.00,49.00,0.0778,75.79,1,0,3.3515,ACCEPT,0,2943,230,16601,1,50,8486,0,0,0,0
111,0,1,1,ACCEPT,65.9328,16.0563,7980,0,0,1.0000,93.72,200.77,101.67,73.55,165.00,234.50,96.00,53.00,0.0693,78.86,1,0,3.3543,ACCEPT,0,2734,227,15849,1,50,7980,0,0,0,0
112,0,1,1,ACCEPT,65.5983,17.4465,7659,0,0,1.0000,93.72,200.77,101.67,73.55,166.00,233.00,94.00,54.00,0.0686,79.14,1,0,3.3534,ACCEPT,0,2621,230,15562,1,50,7659,0,0,0,0
113,0,1,1,ACCEPT,66.2971,18.0476,7580,0,0,1.0000,93.72,200.77,101.67,73.55,167.50,230.50,93.00,51.00,0.0669,79.55,1,0,3.3549,ACCEPT,0,2607,229,14874,1,50,7580,0,0,0,0
114,0,1,1,ACCEPT,65.2595,17.5337,7294,0,0,1.0000,93.72,200.77,101.67,73.55,168.00,233.00,92.00,46.00,0.0560,80.97,1,0,3.3538,ACCEPT,0,2541,249,14457,1,50,7294,0,0,0,0
115,0,1,1,ACCEPT,66.2333,17.7463,7134,0,0,1.0000,93.72,200.77,101.67,73.55,168.50,232.00,91.00,50.00,0.0579,81.04,1,0,3.3579,ACCEPT,0,2473,232,13087,1,50,7134,0,0,0,0
116,0,1,1,ACCEPT,67.5104,17.7392,6599,0,0,1.0000,93.72,200.77,101.67,73.55,168.50,234.00,91.00,54.00,0.0561,81.83,1,0,3.3567,ACCEPT,0,2269,229,12726,1,50,6599,0,0,0,0
117,0,1,1,ACCEPT,67.7160,15.4988,6246,0,0,1.0000,93.72,200.77,101.67,73.55,170.00,231.50,92.00,51.00,0.0563,82.24,1,0,3.3553,ACCEPT,0,2162,231,12401,1,50,6246,0,0,0,0
118,0,1,1,ACCEPT,67.3294,17.1289,5978,0,0,1.0000,93.72,200.77,101.67,73.55,172.00,232.00,90.00,50.00,0.0469,84.28,1,0,3.3574,ACCEPT,0,2063,231,12010,1,50,5978,0,0,0,0
119,0,1,1,ACCEPT,66.5744,15.4573,5611,0,0,1.0000,93.72,200.77,101.67,73.55,172.50,232.00,91.00,50.00,0.0467,84.75,1,0,3.3570,ACCEPT,0,1965,231,11241,1,50,5611,0,0,0,0
120,0,1,1,ACCEPT,66.9074,15.7935,5354,0,0,1.0000,93.72,200.77,101.67,73.55,173.50,232.50,91.00,51.00,0.0435,85.86,1,0,3.3548,ACCEPT,0,1857,239,11732,1,50,5354,0,0,0,0
121,0,1,1,ACCEPT,67.2441,16.7468,5292,0,0,1.0000,93.72,200.77,101.67,73.55,173.00,234.50,92.00,47.00,0.0411,86.16,1,0,3.3561,ACCEPT,0,1832,246,11694,1,50,5292,0,0,0,0
122,0,1,1,ACCEPT,68.3239,16.8257,5115,0,0,1.0000,93.72,200.77,101.67,73.55,171.50,234.50,93.00,49.00,0.0468,84.78,1,0,3.3561,ACCEPT,0,1750,247,11343,1,50,5115,0,0,0,0
123,0,1,1,ACCEPT,68.0747,14.8505,4767,0,0,1.0000,93.72,200.77,101.67,73.55,172.00,233.00,90.00,48.00,0.0443,84.66,1,0,3.3559,ACCEPT,0,1603,237,11406,1,50,4767,0,0,0,0
124,0,1,1,ACCEPT,66.8090,16.0517,4655,0,0,1.0000,93.72,200.77,101.67,73.55,169.00,231.00,92.00,50.00,0.0596,81.13,1,0,3.3560,ACCEPT,0,1610,236,11163,1,50,4655,0,0,0,0
125,0,1,1,ACCEPT,65.1794,15.9317,4429,0,0,1.0000,93.72,200.77,101.67,73.55,168.50,227.50,91.00,51.00,0.0675,79.42,1,0,3.3561,ACCEPT,0,1533,233,10346,1,50,4429,0,0,0,0
126,0,1,1,ACCEPT,62.7682,15.6423,4067,0,0,1.0000,93.72,200.77,101.67,73.55,160.00,226.50,108.00,59.00,0.1272,71.10,1,0,3.3570,ACCEPT,0,1536,227,9482,1,50,4067,0,0,0,0
127,0,1,1,ACCEPT,58.7728,13.9803,3551,0,0,1.0000,93.72,200.77,101.67,73.55,161.00,224.00,96.00,50.00,0.1099,71.18,1,0,3.3448,ACCEPT,0,1367,237,8311,1,50,3551,0,0,0,0
128,0,1,1,ACCEPT,54.3577,9.5987,2918,0,0,1.0000,93.72,200.77,101.67,73.55,159.50,218.00,97.00,56.00,0.1410,68.00,1,0,3.3448,ACCEPT,0,1132,228,9143,1,50,2918,0,0,0,0
129,0,1,1,ACCEPT,51.0675,8.3453,2779,0,0,1.0000,93.72,200.77,101.67,73.55,161.00,214.50,92.00,57.00,0.1360,68.67,1,0,3.3454,ACCEPT,0,1142,232,10589,1,50,2779,0,0,0,0
130,0,1,1,ACCEPT,46.4175,7.6972,2771,0,0,1.0000,93.72,200.77,101.67,73.55,162.00,210.50,94.00,59.00,0.1472,68.97,1,0,3.3428,ACCEPT,0,1268,228,13741,1,50,2771,0,0,0,0
131,0,1,1,ACCEPT,40.8865,7.1677,3634,0,0,1.0000,93.72,200.77,101.67,73.55,158.00,206.50,98.00,59.00,0.1879,64.54,1,0,3.3075,ACCEPT,0,1845,241,14836,1,50,3634,0,0,0,0
132,0,1,1,ACCEPT,40.1401,7.1988,4996,0,0,1.0000,93.72,200.77,101.67,73.55,156.00,205.00,98.00,62.00,0.2074,62.43,1,0,3.2920,ACCEPT,0,2571,251,16579,1,50,4996,0,0,0,0
133,0,1,1,ACCEPT,35.6343,6.6009,5855,0,0,1.0000,93.72,200.77,101.67,73.55,156.50,201.00,95.00,64.00,0.2017,62.78,1,0,3.2426,ACCEPT,0,3285,269,19602,1,50,5855,0,0,0,0
134,0,1,1,ACCEPT,34.3409,6.6489,6230,0,0,1.0000,93.72,200.77,101.67,73.55,153.50,196.50,93.00,69.00,0.2212,59.93,1,0,3.2095,ACCEPT,0,3588,294,18201,1,50,6230,0,0,0,0
135,0,1,1,ACCEPT,34.9502,6.9313,6557,0,0,1.0000,93.72,200.77,101.67,73.55,155.50,191.50,97.00,67.00,0.1961,62.47,1,0,3.2005,ACCEPT,0,3584,254,16106,1,50,6557,0,0,0,0
136,0,1,1,ACCEPT,35.5605,7.4343,6505,0,0,1.0000,93.72,200.77,101.67,73.55,154.00,190.50,98.00,69.00,0.2040,61.15,1,0,3.2426,ACCEPT,0,3429,238,14787,1,50,6505,0,0,0,0
137,0,1,1,ACCEPT,36.4021,8.2568,6366,0,0,1.0000,93.72,200.77,101.67,73.55,151.50,189.00,97.00,70.00,0.2118,58.97,1,0,3.2653,ACCEPT,0,3346,254,15474,1,50,6366,0,0,0,0
138,0,1,1,ACCEPT,36.4326,7.7210,6532,0,0,1.0000,93.72,200.77,101.67,73.55,150.00,188.00,98.00,70.00,0.2184,57.71,1,0,3.3432,ACCEPT,0,3373,251,14982,1,50,6532,0,0,0,0
139,0,1,1,ACCEPT,35.1630,7.3671,6262,0,0,1.0000,93.72,200.77,101.67,73.55,145.50,184.00,97.00,68.00,0.2232,54.43,1,0,3.2913,ACCEPT,0,3307,283,15980,1,50,6262,0,0,0,0
140,0,1,1,ACCEPT,33.4871,6.4002,6029,0,0,1.0000,93.72,200.77,101.67,73.55,143.50,183.50,99.00,69.00,0.2358,52.69,1,0,3.3265,ACCEPT,0,3365,276,16188,1,50,6029,0,0,0,0
141,0,1,1,ACCEPT,32.4856,6.0475,5600,0,0,1.0000,93.72,200.77,101.67,73.55,140.00,182.00,102.00,72.00,0.2538,49.94,1,0,3.3427,ACCEPT,0,3592,289,16566,1,50,5600,0,0,0,0
142,0,1,1,ACCEPT,33.4022,6.7407,5615,0,0,1.0000,93.72,200.77,101.67,73.55,135.00,180.00,104.00,74.00,0.2739,46.21,1,0,3.4656,ACCEPT,0,3486,299,17178,1,50,5615,0,0,0,0
143,0,1,1,ACCEPT,33.7867,7.9477,5921,0,0,1.0000,93.72,200.77,101.67,73.55,134.00,175.50,100.00,73.00,0.2449,47.55,1,0,3.3900,ACCEPT,0,3673,287,15835,1,50,5921,0,0,0,0
144,0,1,1,ACCEPT,32.5441,7.1600,5728,0,0,1.0000,93.72,200.77,101.67,73.55,129.00,173.50,104.00,75.00,0.2624,44.59,1,0,3.3743,ACCEPT,0,3559,278,15578,1,50,5728,0,0,0,0
145,0,1,1,ACCEPT,31.0159,5.9700,5570,0,0,1.0000,93.72,200.77,101.67,73.55,126.50,172.00,103.00,78.00,0.2671,43.61,1,0,3.2931,ACCEPT,0,3305,276,16562,1,50,5570,0,0,0,0
146,0,1,1,ACCEPT,32.5206,6.1477,5828,0,0,1.0000,93.72,200.77,101.67,73.55,119.00,171.50,106.00,77.00,0.3005,38.67,1,0,3.2874,ACCEPT,0,3087,268,15655,1,50,5828,0,0,0,0
147,0,1,1,ACCEPT,34.2504,7.7371,5826,0,0,1.0000,93.72,200.77,101.67,73.55,119.50,164.50,103.00,85.00,0.2544,44.50,1,0,3.3187,ACCEPT,0,3069,280,16400,1,50,5826,0,0,0,0
148,0,1,1,ACCEPT,34.0560,8.1597,5622,0,0,1.0000,93.72,200.77,101.67,73.55,115.00,161.00,100.00,84.00,0.2429,45.10,1,0,3.3453,ACCEPT,0,2905,262,16028,1,50,5622,0,0,0,0
149,0,1,1,ACCEPT,34.2544,7.6790,5191,0,0,1.0000,93.72,200.77,101.67,73.55,114.00,157.00,102.00,92.00,0.2325,48.24,1,0,3.3184,ACCEPT,0,2681,228,14783,1,50,5191,0,0,0,0
150,0,1,1,ACCEPT,35.2640,7.3235,4958,0,0,1.0000,93.72,200.77,101.67,73.55,112.50,152.50,105.00,95.00,0.2113,51.79,1,0,3.3724,ACCEPT,0,2522,213,13956,1,50,4958,0,0,0,0
151,0,1,1,ACCEPT,35.3031,7.4492,4842,0,0,1.0000,93.72,200.77,101.67,73.55,112.00,149.00,106.00,98.00,0.1945,54.90,1,0,3.3488,ACCEPT,0,2464,199,11190,1,50,4842,0,0,0,0
152,0,1,1,ACCEPT,36.0348,8.1391,4387,0,0,1.0000,93.72,200.77,101.67,73.55,109.50,144.50,105.00,99.00,0.1723,58.44,1,0,3.3353,ACCEPT,0,2186,203,10157,1,50,4387,0,0,0,0
153,0,1,1,ACCEPT,36.9277,9.2748,4489,0,0,1.0000,93.72,200.77,101.67,73.55,108.50,140.00,103.00,102.00,0.1514,62.54,1,0,3.3204,ACCEPT,0,2218,215,10418,1,50,4489,0,0,0,0
154,0,1,1,ACCEPT,37.5775,11.0887,4624,0,0,1.0000,93.72,200.77,101.67,73.55,106.00,135.50,106.00,105.00,0.1340,66.41,1,0,3.3671,ACCEPT,0,2363,214,10555,1,50,4624,0,0,0,0
155,0,1,1,ACCEPT,38.1192,12.0450,4553,0,0,1.0000,93.72,200.77,101.67,73.55,103.00,131.50,106.00,107.00,0.1180,69.88,1,0,3.3767,ACCEPT,0,2483,245,11455,1,50,4553,0,0,0,0
156,0,1,1,ACCEPT,38.3907,11.8253,4671,0,0,1.0000,93.72,200.77,101.67,73.55,99.50,128.00,103.00,112.00,0.1131,72.99,1,0,3.3613,ACCEPT,0,2579,252,12112,1,50,4671,0,0,0,0
157,0,1,1,ACCEPT,38.5023,12.3316,4723,0,0,1.0000,93.72,200.77,101.67,73.55,95.00,127.00,104.00,110.00,0.1070,73.78,1,0,3.3023,ACCEPT,0,2607,273,13021,1,50,4723,0,0,0,0
158,0,1,1,ACCEPT,38.6940,11.8317,4922,0,0,1.0000,93.72,200.77,101.67,73.55,89.50,124.50,99.00,113.00,0.0960,76.38,1,0,3.3226,ACCEPT,0,2648,242,12022,1,50,4922,0,0,0,0
159,0,1,1,ACCEPT,39.4236,11.5392,5008,0,0,1.0000,93.72,200.77,101.67,73.55,86.50,123.00,105.00,114.00,0.0859,78.10,1,0,3.3688,ACCEPT,0,2628,233,11283,1,50,5008,0,0,0,0
160,0,1,1,ACCEPT,40.8589,11.8962,5270,0,0,1.0000,93.72,200.77,101.67,73.55,85.50,120.50,103.00,117.00,0.0780,80.69,1,0,3.3707,ACCEPT,0,2649,234,10294,1,50,5270,0,0,0,0
161,0,1,1,ACCEPT,41.9489,11.5375,5388,0,0,1.0000,93.72,200.77,101.67,73.55,82.50,120.00,99.00,120.00,0.0796,81.54,1,0,3.3569,ACCEPT,0,2633,269,9658,1,50,5388,0,0,0,0
162,0,1,1,ACCEPT,42.3235,10.6534,5348,0,0,1.0000,93.72,200.77,101.67,73.55,81.00,117.50,102.00,123.00,0.0716,84.23,1,0,3.3297,ACCEPT,0,2589,243,8841,1,50,5348,0,0,0,0
163,0,1,1,ACCEPT,42.8054,10.5750,5425,0,0,1.0000,93.72,200.77,101.67,73.55,79.50,116.50,103.00,121.00,0.0610,85.46,1,0,3.3232,ACCEPT,0,2625,256,8600,1,50,5425,0,0,0,0
164,0,1,1,ACCEPT,42.7021,10.4525,5498,0,0,1.0000,93.72,200.77,101.67,73.55,77.50,112.00,97.00,122.00,0.0403,90.24,1,0,3.3415,ACCEPT,0,2711,232,8828,1,50,5498,0,0,0,0
165,0,1,1,ACCEPT,42.3346,10.4658,5662,0,0,1.0000,93.72,200.77,101.67,73.55,78.00,106.00,94.00,122.00,0.0132,96.06,1,0,3.3382,ACCEPT,0,2787,244,7785,1,50,5662,0,0,0,0
166,0,1,1,ACCEPT,41.1775,11.1328,5199,0,0,1.0000,93.72,200.77,101.67,73.55,79.50,105.50,93.00,129.00,0.0263,96.32,1,0,3.3357,ACCEPT,0,2626,251,7000,1,50,5199,0,0,0,0
167,0,1,1,ACCEPT,39.8838,10.7494,4461,0,0,1.0000,93.72,200.77,101.67,73.55,79.50,100.50,93.00,127.00,0.0000,101.27,1,0,3.3293,ACCEPT,0,2285,255,6272,1,50,4461,0,0,0,0
168,0,1,1,ACCEPT,40.9360,10.1671,4077,0,0,1.0000,93.72,200.77,101.67,73.55,80.00,98.50,92.00,131.00,0.0000,103.18,1,0,3.3323,ACCEPT,0,2087,240,6293,1,50,4077,0,0,0,0
169,0,1,1,ACCEPT,42.7830,10.3038,4070,0,0,1.0000,93.72,200.77,101.67,73.55,82.00,95.50,92.00,129.00,0.0000,105.92,1,0,3.3367,ACCEPT,0,2006,234,6073,1,50,4070,0,0,0,0
170,0,1,1,ACCEPT,45.4296,11.1716,4167,0,0,1.0000,93.72,200.77,101.67,73.55,85.00,93.00,92.00,128.00,0.0000,108.12,1,0,3.3200,ACCEPT,0,1918,245,6321,1,50,4167,0,0,0,0
171,0,1,1,ACCEPT,47.8855,11.2398,4406,0,0,1.0000,93.72,200.77,101.67,73.55,87.00,92.00,92.00,128.00,0.0000,108.97,1,0,3.3079,ACCEPT,0,1941,241,7298,1,50,4406,0,0,0,0
172,0,1,1,ACCEPT,50.2909,11.9153,4921,0,0,1.0000,93.72,200.77,101.67,73.55,88.50,92.50,93.00,131.00,0.0000,108.39,1,0,3.3119,ACCEPT,0,2088,254,8167,1,50,4921,0,0,0,0
173,0,1,1,ACCEPT,52.1872,12.3939,5317,0,0,1.0000,93.72,200.77,101.67,73.55,90.00,93.50,94.00,131.00,0.0000,107.33,1,0,3.3107,ACCEPT,0,2176,234,9033,1,50,5317,0,0,0,0
174,0,1,1,ACCEPT,53.9493,13.2330,5849,0,0,1.0000,93.72,200.77,101.67,73.55,93.50,94.00,91.00,132.00,0.0000,106.77,1,0,3.3074,ACCEPT,0,2311,233,10088,1,50,5849,0,0,0,0
175,0,1,1,ACCEPT,54.8434,13.8394,6117,0,0,1.0000,93.72,200.77,101.67,73.55,94.50,95.00,89.00,130.00,0.0000,105.77,1,0,3.3111,ACCEPT,0,2355,244,9748,1,50,6117,0,0,0,0
176,0,1,1,ACCEPT,54.9181,13.2725,5601,0,0,1.0000,93.72,200.77,101.67,73.55,96.00,97.00,90.00,130.00,0.0000,103.79,1,0,3.3252,ACCEPT,0,2117,245,9862,1,50,5601,0,0,0,0
177,0,1,1,ACCEPT,54.1765,13.0601,5433,0,0,1.0000,93.72,200.77,101.67,73.55,98.00,98.00,90.00,130.00,0.0000,102.85,1,0,3.3360,ACCEPT,0,2129,255,10323,1,50,5433,0,0,0,0
178,0,1,1,ACCEPT,51.4048,11.3937,5412,0,0,1.0000,93.72,200.77,101.67,73.55,102.00,99.00,86.00,126.00,0.0000,102.10,1,0,3.3304,ACCEPT,0,2203,269,11178,1,50,5412,0,0,0,0
179,0,1,1,ACCEPT,48.9630,9.8692,5734,0,0,1.0000,93.72,200.77,101.67,73.55,102.50,98.00,85.00,120.00,0.0000,103.14,1,0,3.3190,ACCEPT,0,2400,270,11618,1,50,5734,0,0,0,0
180,0,1,1,ACCEPT,47.9914,10.0840,5879,0,0,1.0000,93.72,200.77,101.67,73.55,107.50,101.50,87.00,121.00,0.0000,100.22,1,0,3.3199,ACCEPT,0,2494,267,16907,1,50,5879,0,0,0,0
181,0,1,1,ACCEPT,48.4646,10.1371,6062,0,0,1.0000,93.72,200.77,101.67,73.55,108.00,105.50,88.00,121.00,0.0090,96.33,1,0,3.3284,ACCEPT,0,2581,262,20539,1,50,6062,0,0,0,0
182,0,1,1,ACCEPT,48.1210,10.2755,5744,0,0,1.0000,93.72,200.77,101.67,73.55,109.50,110.00,89.00,124.00,0.0356,92.13,1,0,3.3140,ACCEPT,0,2478,265,21222,1,50,5744,0,0,0,0
183,0,1,1,ACCEPT,48.1954,10.2052,5123,0,0,1.0000,93.72,200.77,101.67,73.55,110.00,114.00,88.00,122.00,0.0498,88.28,1,0,3.3074,ACCEPT,0,2230,236,22361,1,50,5123,0,0,0,0
184,0,1,1,ACCEPT,47.6643,10.0375,5360,0,0,1.0000,93.72,200.77,101.67,73.55,111.00,115.50,90.00,119.00,0.0499,87.00,1,0,3.3023,ACCEPT,0,2347,240,22625,1,50,5360,0,0,0,0
185,0,1,1,ACCEPT,46.4044,9.0525,5522,0,0,1.0000,93.72,200.77,101.67,73.55,112.00,118.50,88.00,119.00,0.0635,84.27,1,0,3.2949,ACCEPT,0,2377,258,23016,1,50,5522,0,0,0,0
186,0,1,1,ACCEPT,45.9342,8.0718,5731,0,0,1.0000,93.72,200.77,101.67,73.55,112.50,121.00,85.00,118.00,0.0732,81.95,1,0,3.2991,ACCEPT,0,2454,231,18089,1,50,5731,0,0,0,0
187,0,1,1,ACCEPT,46.0769,7.4388,4679,0,0,1.0000,93.72,200.77,101.67,73.55,112.00,123.50,86.00,117.00,0.0841,79.40,1,0,3.2820,ACCEPT,0,1994,230,15431,1,50,4679,0,0,0,0
188,0,1,1,ACCEPT,43.9765,6.9866,4185,0,0,1.0000,93.72,200.77,101.67,73.55,112.00,126.50,86.00,117.00,0.0995,76.48,1,0,3.2940,ACCEPT,0,1840,272,11870,1,50,4185,0,0,0,0
189,0,1,1,ACCEPT,43.7706,7.2018,3997,0,0,1.0000,93.72,200.77,101.67,73.55,111.00,128.50,84.00,111.00,0.0989,74.30,1,0,3.2954,ACCEPT,0,1748,261,8881,1,50,3997,0,0,0,0
190,0,1,1,ACCEPT,42.5409,7.6896,4360,0,0,1.0000,93.72,200.77,101.67,73.55,112.00,130.00,86.00,112.00,0.1076,73.09,1,0,3.2938,ACCEPT,0,1969,280,8036,1,50,4360,0,0,0,0
191,0,1,1,ACCEPT,42.4466,8.1225,4906,0,0,1.0000,93.72,200.77,101.67,73.55,112.00,130.00,84.00,110.00,0.1034,73.09,1,0,3.3028,ACCEPT,0,2231,283,6962,1,50,4906,0,0,0,0
192,0,1,1,ACCEPT,41.3226,8.1306,4171,0,0,1.0000,93.72,200.77,101.67,73.55,113.00,136.50,86.00,109.00,0.1357,67.10,1,0,3.2915,ACCEPT,0,1860,275,6265,1,50,4171,0,0,0,0
193,0,1,1,ACCEPT,39.5111,8.2397,3815,0,0,1.0000,93.72,200.77,101.67,73.55,113.00,139.00,86.00,110.00,0.1522,64.71,1,0,3.2967,ACCEPT,0,1694,230,5891,1,50,3815,0,0,0,0
194,0,1,1,ACCEPT,39.0135,8.3413,3495,0,0,1.0000,93.72,200.77,101.67,73.55,113.00,142.00,86.00,108.00,0.1660,61.85,1,0,3.3075,ACCEPT,0,1589,241,6285,1,50,3495,0,0,0,0
195,0,1,1,ACCEPT,39.6449,9.1285,3551,0,0,1.0000,93.72,200.77,101.67,73.55,115.00,143.50,88.00,109.00,0.1717,61.09,1,0,3.3101,ACCEPT,0,1667,214,5950,1,50,3551,0,0,0,0
196,0,1,1,ACCEPT,39.4057,10.8862,3636,0,0,1.0000,93.72,200.77,101.67,73.55,116.50,144.50,87.00,109.00,0.1733,60.70,1,0,3.2891,ACCEPT,0,1761,229,7193,1,50,3636,0,0,0,0
197,0,1,1,ACCEPT,42.7496,11.8405,4156,0,0,1.0000,93.72,200.77,101.67,73.55,118.00,146.00,90.00,110.00,0.1798,59.91,1,0,3.2994,ACCEPT,0,1896,234,8302,1,50,4156,0,0,0,0
198,0,1,1,ACCEPT,45.2237,12.6813,4616,0,0,1.0000,93.72,200.77,101.67,73.55,117.50,148.00,91.00,108.00,0.1896,57.88,1,0,3.3093,ACCEPT,0,1954,250,9450,1,50,4616,0,0,0,0
199,0,1,1,ACCEPT,45.9443,13.0769,5100,0,0,1.0000,93.72,200.77,101.67,73.55,117.50,150.00,91.00,112.00,0.2084,56.06,1,0,3.3139,ACCEPT,0,2164,241,10574,1,50,5100,0,0,0,0
200,0,1,1,ACCEPT,46.7698,12.1888,5424,0,0,1.0000,93.72,200.77,101.67,73.55,117.50,151.00,91.00,110.00,0.2111,55.16,1,0,3.3360,ACCEPT,0,2306,257,11092,1,50,5424,0,0,0,0
201,0,1,1,ACCEPT,46.9478,11.7489,5522,0,0,1.0000,93.72,200.77,101.67,73.55,119.00,151.00,92.00,110.00,0.2060,55.82,1,0,3.3420,ACCEPT,0,2334,246,11529,1,50,5522,0,0,0,0
202,0,1,1,ACCEPT,44.9616,10.5155,5752,0,0,1.0000,93.72,200.77,101.67,73.55,119.50,156.50,91.00,111.00,0.2387,51.23,1,0,3.3412,ACCEPT,0,2564,270,11944,1,50,5752,0,0,0,0
203,0,1,1,ACCEPT,40.9754,9.2484,5845,0,0,1.0000,93.72,200.77,101.67,73.55,121.00,162.50,92.00,113.00,0.2724,46.99,1,0,3.3222,ACCEPT,0,2785,303,13674,1,50,5845,0,0,0,0
204,0,1,1,ACCEPT,38.6822,10.0709,6395,0,0,1.0000,93.72,200.77,101.67,73.55,122.50,168.50,93.00,107.00,0.2956,43.24,1,0,3.3098,ACCEPT,0,3318,324,13977,1,50,6395,0,0,0,0
205,0,1,1,ACCEPT,37.3542,9.1261,6443,0,0,1.0000,93.72,200.77,101.67,73.55,122.50,170.00,93.00,114.00,0.3139,42.13,1,0,3.2866,ACCEPT,0,3591,350,14151,1,50,6443,0,0,0,0
206,0,1,1,ACCEPT,36.5675,9.0559,6321,0,0,1.0000,93.72,200.77,101.67,73.55,123.00,173.00,96.00,110.00,0.3277,40.35,1,0,3.3136,ACCEPT,0,3528,321,14305,1,50,6321,0,0,0,0
207,0,1,1,ACCEPT,36.2708,9.9306,6157,0,0,1.0000,93.72,200.77,101.67,73.55,125.00,178.50,96.00,111.00,0.3528,38.40,1,0,3.3088,ACCEPT,0,3425,281,14939,1,50,6157,0,0,0,0
208,0,1,1,ACCEPT,38.2514,9.9129,6374,0,0,1.0000,93.72,200.77,101.67,73.55,126.00,181.00,96.00,114.00,0.3619,37.85,1,0,3.2881,ACCEPT,0,3201,278,15869,1,50,6374,0,0,0,0
209,0,1,1,ACCEPT,40.3628,9.9437,6712,0,0,1.0000,93.72,200.77,101.67,73.55,127.00,181.50,94.00,109.00,0.3555,38.46,1,0,3.2111,ACCEPT,0,3147,267,15906,1,50,6712,0,0,0,0
210,0,1,1,ACCEPT,41.6710,9.6999,6916,0,0,1.0000,93.72,200.77,101.67,73.55,129.00,183.00,92.00,108.00,0.3478,39.50,1,0,3.2173,ACCEPT,0,3180,260,15463,1,50,6916,0,0,0,0
211,0,1,1,ACCEPT,42.8077,9.9004,6960,0,0,1.0000,93.72,200.77,101.67,73.55,133.00,183.00,86.00,112.00,0.3064,43.11,1,0,3.2559,ACCEPT,0,3146,235,16413,1,50,6960,0,0,0,0
212,0,1,1,ACCEPT,43.1688,10.7054,7194,0,0,1.0000,93.72,200.77,101.67,73.55,135.00,184.50,84.00,115.00,0.2841,44.37,1,0,3.2923,ACCEPT,0,3229,209,18005,1,50,7194,0,0,0,0
213,0,1,1,ACCEPT,44.0289,10.0597,7243,0,0,1.0000,93.72,200.77,101.67,73.55,135.50,187.00,83.00,118.00,0.2743,43.99,1,0,3.3189,ACCEPT,0,3210,206,18553,1,50,7243,0,0,0,0
214,0,1,1,ACCEPT,42.9688,8.4458,6782,0,0,1.0000,93.72,200.77,101.67,73.55,136.50,193.50,81.00,115.00,0.2701,43.39,1,0,3.3073,ACCEPT,0,3115,215,16075,1,50,6782,0,0,0,0
215,0,1,1,ACCEPT,41.9148,7.2488,5828,0,0,1.0000,93.72,200.77,101.67,73.55,136.50,198.00,83.00,114.00,0.2741,42.87,1,0,3.2969,ACCEPT,0,2672,218,13069,1,50,5828,0,0,0,0
216,0,1,1,ACCEPT,42.2928,8.1739,4700,0,0,1.0000,93.72,200.77,101.67,73.55,137.50,199.50,81.00,115.00,0.2631,43.80,1,0,3.3052,ACCEPT,0,2131,232,11638,1,50,4700,0,0,0,0
217,0,1,1,ACCEPT,43.4250,11.0827,4289,0,0,1.0000,93.72,200.77,101.67,73.55,139.00,200.50,78.00,115.00,0.2488,45.28,1,0,3.3140,ACCEPT,0,1985,239,11197,1,50,4289,0,0,0,0
218,0,1,1,ACCEPT,43.7035,13.6117,4206,0,0,1.0000,93.72,200.77,101.67,73.55,139.00,203.50,76.00,113.00,0.2490,45.36,1,0,3.3165,ACCEPT,0,2066,240,9922,1,50,4206,0,0,0,0
219,0,1,1,ACCEPT,42.9362,13.2444,4172,0,0,1.0000,93.72,200.77,101.67,73.55,139.50,208.50,75.00,113.00,0.2441,46.43,1,0,3.3227,ACCEPT,0,2044,224,9947,1,50,4172,0,0,0,0
220,0,1,1,ACCEPT,42.7852,12.3597,4845,0,0,1.0000,93.72,200.77,101.67,73.55,142.50,216.00,73.00,118.00,0.2139,51.10,1,0,3.3278,ACCEPT,0,2259,231,11473,1,50,4845,0,0,0,0
221,0,1,1,ACCEPT,41.8847,11.3185,5614,0,0,1.0000,93.72,200.77,101.67,73.55,145.00,219.00,72.00,116.00,0.1979,54.43,1,0,3.3245,ACCEPT,0,2609,228,13821,1,50,5614,0,0,0,0
222,0,1,1,ACCEPT,43.4379,10.9891,7055,0,0,1.0000,93.72,200.77,101.67,73.55,149.00,228.50,64.00,117.00,0.1420,61.85,1,0,3.3258,ACCEPT,0,3313,219,17829,1,50,7055,0,0,0,0
223,0,1,1,ACCEPT,41.4856,10.1834,8941,0,0,1.0000,93.72,200.77,101.67,73.55,151.50,234.00,65.00,118.00,0.1179,66.66,1,0,3.3237,ACCEPT,0,4507,260,18807,1,50,8941,0,0,0,0
224,0,1,1,ACCEPT,40.7284,11.2935,10390,0,0,1.0000,93.72,200.77,101.67,73.55,155.00,240.00,60.00,116.00,0.0813,72.76,1,0,3.3261,ACCEPT,0,5376,251,18502,1,50,10390,0,0,0,0
225,0,1,1,ACCEPT,42.3643,11.7563,10322,0,0,1.0000,93.72,200.77,101.67,73.55,156.00,246.00,58.00,124.00,0.0685,76.97,1,0,3.3241,ACCEPT,0,5146,261,19343,1,50,10322,0,0,0,0
226,0,1,1,ACCEPT,44.0518,11.3351,10587,0,0,1.0000,93.72,200.77,101.67,73.55,159.50,243.50,57.00,115.00,0.0524,78.44,1,0,3.3301,ACCEPT,0,5089,260,20606,1,50,10587,0,0,0,0
227,0,1,1,ACCEPT,45.4973,12.2864,10554,0,0,1.0000,93.72,200.77,101.67,73.55,159.00,249.50,52.00,113.00,0.0401,81.47,1,0,3.3321,ACCEPT,0,5048,252,20887,1,50,10554,0,0,0,0
228,0,1,1,ACCEPT,47.3068,12.5437,10336,0,0,1.0000,93.72,200.77,101.67,73.55,159.00,252.50,54.00,115.00,0.0406,83.30,1,0,3.3300,ACCEPT,0,4838,291,21621,1,50,10336,0,0,0,0
229,0,1,1,ACCEPT,48.4308,12.4478,10842,0,0,1.0000,93.72,200.77,101.67,73.55,162.50,256.00,49.00,116.00,0.0201,88.21,1,0,3.3300,ACCEPT,0,4942,252,22415,1,50,10842,0,0,0,0
230,0,1,1,ACCEPT,47.8829,12.7768,11218,0,0,1.0000,93.72,200.77,101.67,73.55,162.50,260.50,49.00,103.00,0.0152,91.10,1,0,3.3264,ACCEPT,0,5040,273,23372,1,50,11218,0,0,0,0
231,0,1,1,ACCEPT,49.2887,12.7081,11971,0,0,1.0000,93.72,200.77,101.67,73.55,162.50,262.00,49.00,104.00,0.0146,92.09,1,0,3.3259,ACCEPT,0,5184,248,21030,1,50,11971,0,0,0,0
232,0,1,1,ACCEPT,51.0730,14.6144,11370,0,0,1.0000,93.72,200.77,101.67,73.55,163.00,261.50,50.00,91.00,0.0119,92.13,1,0,3.3287,ACCEPT,0,4890,247,20670,1,50,11370,0,0,0,0
233,0,1,1,ACCEPT,53.9241,16.6098,10813,0,0,1.0000,93.72,200.77,101.67,73.55,163.50,271.00,51.00,90.00,0.0063,99.01,1,0,3.3273,ACCEPT,0,4525,251,19915,1,50,10813,0,0,0,0
234,0,1,1,ACCEPT,56.0902,16.3933,10213,0,0,1.0000,93.72,200.77,101.67,73.55,158.50,273.00,61.00,90.00,0.0123,97.03,1,0,3.3278,ACCEPT,0,4121,216,19848,1,50,10213,0,0,0,0
235,0,1,1,ACCEPT,56.7286,16.0680,9689,0,0,1.0000,93.72,200.77,101.67,73.55,154.50,275.50,61.00,85.00,0.0074,96.33,1,0,3.3238,ACCEPT,0,3921,243,19394,1,50,9689,0,0,0,0
236,0,1,1,ACCEPT,57.9883,16.6996,9452,0,0,1.0000,93.72,200.77,101.67,73.55,147.50,273.50,73.00,89.00,0.0209,90.46,1,0,3.3239,ACCEPT,0,3799,218,19545,1,50,9452,0,0,0,0
237,0,1,1,ACCEPT,60.2355,16.8416,9465,0,0,1.0000,93.72,200.77,101.67,73.55,140.00,275.50,82.00,85.00,0.0145,87.90,1,0,3.3247,ACCEPT,0,3700,210,19301,1,50,9465,0,0,0,0
238,0,1,1,ACCEPT,60.4648,15.5186,9156,0,0,1.0000,93.72,200.77,101.67,73.55,136.50,272.50,75.00,91.00,0.0347,83.52,1,0,3.3282,ACCEPT,0,3508,222,17766,1,50,9156,0,0,0,0
239,0,1,1,ACCEPT,60.4948,14.6377,9090,0,0,1.0000,93.72,200.77,101.67,73.55,120.00,268.50,76.00,89.00,0.0632,72.65,1,0,3.3315,ACCEPT,0,3479,211,16578,1,50,9090,0,0,0,0
240,0,1,1,ACCEPT,61.5473,15.3927,8897,0,0,1.0000,93.72,200.77,101.67,73.55,119.00,271.00,74.00,94.00,0.0623,74.65,1,0,3.3299,ACCEPT,0,3387,216,15236,1,50,8897,0,0,0,0
241,0,1,1,ACCEPT,59.9938,14.5561,8559,0,0,1.0000,93.72,200.77,101.67,73.55,111.50,267.50,75.00,87.00,0.0732,69.06,1,0,3.3241,ACCEPT,0,3326,234,15820,1,50,8559,0,0,0,0
242,0,1,1,ACCEPT,55.3646,14.0948,8626,0,0,1.0000,93.72,200.77,101.67,73.55,102.50,261.50,89.00,91.00,0.1360,61.37,1,0,3.3306,ACCEPT,0,3436,215,16311,1,50,8626,0,0,0,0
243,0,1,1,ACCEPT,53.9985,12.7892,8978,0,0,1.0000,93.72,200.77,101.67,73.55,95.00,257.50,94.00,93.00,0.1818,56.75,1,0,3.3578,ACCEPT,0,3656,211,15834,1,50,8978,0,0,0,0
244,0,1,1,ACCEPT,50.3590,11.6995,9500,0,0,1.0000,93.72,200.77,101.67,73.55,92.50,251.00,93.00,88.00,0.2215,50.25,1,0,3.3462,ACCEPT,0,3983,242,16989,1,50,9500,0,0,0,0
245,0,1,1,ACCEPT,41.0090,9.9642,9745,0,0,1.0000,93.72,200.77,101.67,73.55,92.50,242.00,97.00,90.00,0.3203,41.25,1,0,3.3278,ACCEPT,0,4476,252,19568,1,50,9745,0,0,0,0
246,0,1,1,ACCEPT,34.7665,7.8772,10138,0,0,1.0000,93.72,200.77,101.67,73.55,94.50,234.00,101.00,92.00,0.4226,33.24,1,0,3.3109,ACCEPT,0,5233,219,18589,1,50,10138,0,0,0,0
247,0,1,1,ACCEPT,34.6803,7.0619,10042,0,0,1.0000,93.72,200.77,101.67,73.55,93.00,230.00,102.00,90.00,0.4683,29.24,1,0,3.3151,ACCEPT,0,5226,217,18435,1,50,10042,0,0,0,0
248,0,1,1,ACCEPT,33.6469,6.1472,9645,0,0,1.0000,93.72,200.77,101.67,73.55,93.50,227.50,101.00,93.00,0.5117,26.74,1,0,3.2977,ACCEPT,0,5096,231,17748,1,50,9645,0,0,0,0
249,0,1,1,ACCEPT,32.7238,6.3487,9085,0,0,1.0000,93.72,200.77,101.67,73.55,95.00,225.00,102.00,92.00,0.5363,24.27,1,0,3.2615,ACCEPT,0,4851,229,16374,1,50,9085,0,0,0,0
250,0,1,1,ACCEPT,33.1817,6.5697,9329,0,0,1.0000,93.72,200.77,101.67,73.55,96.50,223.00,105.00,90.00,0.5472,22.41,1,0,3.2804,ACCEPT,0,4937,212,15173,1,50,9329,0,0,0,0
251,0,1,1,ACCEPT,31.5006,5.8824,8453,0,-1,0.9999,93.72,198.47,101.67,73.55,96.50,221.50,105.00,91.00,0.5379,23.20,1,0,2.7750,ACCEPT,0,4638,202,14852,1,50,8453,0,0,0,0
252,0,1,1,ACCEPT,29.6502,4.7008,8297,0,0,1.0000,93.72,198.47,101.67,73.55,97.50,218.50,107.00,87.00,0.5646,20.39,1,0,2.8818,ACCEPT,0,4886,243,13207,1,50,8297,0,0,0,0
253,0,1,1,ACCEPT,26.7769,4.1143,6694,0,0,1.0000,93.72,198.47,101.67,73.55,94.00,213.50,104.00,91.00,0.6766,15.03,1,0,2.8827,ACCEPT,0,4370,236,12236,1,50,6694,0,0,0,0
254,0,1,1,ACCEPT,23.8230,3.7627,5693,0,0,1.0000,93.72,198.47,101.67,73.55,94.00,207.00,100.00,86.00,0.7957,8.54,1,0,2.8931,ACCEPT,0,3934,270,11244,1,50,5693,0,0,0,0
255,0,1,1,ACCEPT,22.3084,3.6726,5531,0,0,1.0000,93.72,198.47,101.67,73.55,93.50,198.00,99.00,88.00,0.8174,0.52,1,0,2.7611,ACCEPT,0,4091,297,14931,1,50,5531,0,0,0,0
256,0,1,1,ACCEPT,17.3039,3.2505,4502,0,0,1.0000,93.72,198.47,101.67,73.55,94.00,192.50,108.00,85.00,0.8097,5.98,1,0,2.7274,ACCEPT,0,4356,328,16221,1,50,4502,0,0,0,0
257,0,1,1,ACCEPT,16.9523,4.4614,4100,0,0,1.0000,93.72,198.47,101.67,73.55,96.50,186.00,107.00,88.00,0.6967,12.78,1,0,2.7152,ACCEPT,0,4234,310,15546,1,50,4100,0,0,0,0
258,0,1,1,ACCEPT,18.9268,5.6892,3789,1,0,0.9950,96.89,198.47,105.74,76.49,98.00,181.00,106.00,88.00,0.6384,17.50,1,1,2.4597,ACCEPT,0,3504,301,13388,1,50,3789,0,0,0,0
259,0,1,1,ACCEPT,18.1843,4.8155,3159,0,0,1.0000,96.89,198.47,109.97,79.55,97.00,172.00,102.00,90.00,0.4964,26.47,1,1,2.4230,ACCEPT,0,3090,276,14017,1,50,3159,0,0,0,0
260,0,1,1,ACCEPT,15.1473,3.4632,3529,0,-1,0.9923,96.89,195.98,109.97,79.55,98.00,169.00,104.00,92.00,0.5011,27.01,1,0,2.3048,ACCEPT,0,4181,228,17167,1,50,3529,0,0,0,0
261,0,1,1,ACCEPT,13.8185,3.3423,3974,0,0,1.0000,96.89,195.98,109.97,79.55,98.00,164.50,106.00,93.00,0.4538,31.50,1,0,2.2522,ACCEPT,0,5223,234,17414,1,50,3974,0,0,0,0
262,0,1,1,ACCEPT,13.7272,3.5532,4772,0,0,1.0000,96.89,195.98,109.97,79.55,97.00,163.00,102.00,96.00,0.4315,32.98,1,0,1.8223,LOW_CONF,0,6301,231,17211,1,50,4772,0,0,0,0
263,0,1,1,ACCEPT,15.3809,4.1490,5178,0,0,1.0000,96.89,195.98,109.97,79.55,95.50,159.00,101.00,98.00,0.3899,37.01,1,0,1.8139,LOW_CONF,0,6577,225,16067,1,50,5178,0,0,0,0
264,0,1,1,ACCEPT,18.0158,4.6587,5651,0,0,1.0000,96.89,195.98,109.97,79.55,95.00,157.00,102.00,100.00,0.3763,39.03,1,1,1.8806,LOW_CONF,0,6436,230,16656,1,50,5651,0,0,0,0
265,0,1,1,ACCEPT,19.9652,5.1715,6273,0,0,1.0000,96.89,195.98,109.97,79.55,95.50,155.00,105.00,98.00,0.3579,41.01,1,0,2.0828,ACCEPT,0,6378,247,16459,1,50,6273,0,0,0,0
266,0,1,1,ACCEPT,21.4547,6.0996,6612,0,0,1.0000,96.89,195.98,109.97,79.55,95.50,153.00,105.00,100.00,0.3427,43.01,1,0,2.2002,ACCEPT,0,6127,204,14065,1,50,6612,0,0,0,0
267,0,1,1,ACCEPT,23.2479,6.8989,6892,0,0,1.0000,96.89,195.98,109.97,79.55,94.00,154.00,102.00,94.00,0.3319,42.08,1,0,2.5055,ACCEPT,0,5844,239,14301,1,50,6892,0,0,0,0
268,0,1,1,ACCEPT,24.6304,6.9760,7255,0,0,1.0000,96.89,195.98,109.97,79.55,96.00,148.50,106.00,101.00,0.3040,47.49,1,0,2.6436,ACCEPT,0,5798,223,14487,1,50,7255,0,0,0,0
269,0,1,1,ACCEPT,25.6880,6.5227,7338,0,0,1.0000,96.89,195.98,109.97,79.55,94.50,146.50,107.00,103.00,0.2891,49.54,1,0,2.8236,ACCEPT,0,5498,222,16591,1,50,7338,0,0,0,0
270,0,1,1,ACCEPT,26.9666,6.8286,7689,0,0,1.0000,96.89,195.98,109.97,79.55,95.00,146.00,108.00,98.00,0.2737,50.02,1,0,2.9616,ACCEPT,0,5610,228,19068,1,50,7689,0,0,0,0
271,0,1,1,ACCEPT,28.4009,7.1923,8077,0,0,1.0000,96.89,195.98,109.97,79.55,95.00,145.00,108.00,104.00,0.2798,51.02,1,0,3.0479,ACCEPT,0,5721,215,20261,1,50,8077,0,0,0,0
272,0,1,1,ACCEPT,29.7660,7.5145,8281,0,0,1.0000,96.89,195.98,109.97,79.55,93.50,142.00,105.00,106.00,0.2549,54.09,1,0,2.9893,ACCEPT,0,5627,208,18796,1,50,8281,0,0,0,0
273,0,1,1,ACCEPT,31.7021,8.0472,8007,0,0,1.0000,96.89,195.98,109.97,79.55,93.50,142.00,103.00,104.00,0.2500,54.09,1,0,2.9648,ACCEPT,0,5242,192,17481,1,50,8007,0,0,0,0
274,0,1,1,ACCEPT,34.0073,8.3830,7704,0,0,1.0000,96.89,195.98,109.97,79.55,94.00,139.50,102.00,101.00,0.2209,56.56,1,0,2.9570,ACCEPT,0,4798,217,17290,1,50,7704,0,0,0,0
275,0,1,1,ACCEPT,36.3054,8.9806,7867,0,0,1.0000,96.89,195.98,109.97,79.55,93.50,138.50,105.00,103.00,0.2192,57.58,1,0,3.0010,ACCEPT,0,4678,193,16655,1,50,7867,0,0,0,0
0,0,0,0,ZERO_RESPONSE,0.0000,0.0000,0,0,0,0.0000,162.00,123.00,92.00,124.00,162.00,123.00,92.00,124.00,1.0000,0.00,1,0,0.0000,NOT_RUN,0,0,1230,16526,2,100,0,0,0,0,0
1,0,1,1,ACCEPT,61.1617,13.5862,7880,0,0,1.0000,162.00,123.00,92.00,124.00,162.50,121.50,89.00,125.00,0.9448,1.58,1,0,3.2179,ACCEPT,0,3206,1007,17987,2,100,7880,0,0,0,0
2,0,1,1,ACCEPT,54.5196,10.7078,7806,0,0,1.0000,162.00,123.00,92.00,124.00,164.00,121.50,90.00,125.00,0.9348,2.50,1,0,3.0485,ACCEPT,0,3499,821,17877,2,100,7806,0,0,0,0
3,0,1,1,ACCEPT,49.1217,10.8152,7841,1,0,0.9299,164.88,123.00,92.00,124.00,167.00,122.00,90.00,124.00,0.9394,2.35,1,0,3.0480,ACCEPT,0,3962,625,19362,2,100,7841,0,0,0,0
4,0,1,1,ACCEPT,38.6300,8.8279,7901,0,0,1.0000,164.88,123.00,92.00,124.00,167.50,124.50,89.00,123.00,0.9215,3.02,1,0,2.8208,ACCEPT,0,4842,543,21014,2,100,7901,0,0,0,0
5,0,1,1,ACCEPT,26.8247,4.8210,8509,1,0,0.9981,167.75,123.00,92.00,124.00,170.50,127.50,89.00,121.00,0.8758,5.27,1,0,2.6259,ACCEPT,0,6014,500,18158,2,100,8509,0,0,0,0
6,0,1,1,ACCEPT,28.0886,5.8273,8368,0,1,0.8989,167.75,126.88,92.00,124.00,171.00,130.50,88.00,115.00,0.8636,4.87,1,0,2.5112,ACCEPT,0,5447,431,17473,2,100,8368,0,0,0,0
7,0,1,1,ACCEPT,26.9284,6.1622,7561,0,1,0.9905,167.75,130.75,92.00,124.00,171.50,134.00,89.00,114.00,0.8478,4.96,1,0,2.4455,ACCEPT,0,4656,358,16644,2,100,7561,0,0,0,0
8,0,1,1,ACCEPT,25.5717,5.4516,6820,0,0,1.0000,167.75,130.75,95.68,128.96,171.00,137.50,90.00,111.00,0.8030,7.49,1,1,2.4885,ACCEPT,0,4604,373,15038,2,100,6820,0,0,0,0
9,0,1,1,ACCEPT,24.7981,5.2759,6711,0,1,0.9581,167.75,134.78,95.68,128.96,170.50,140.50,89.00,107.00,0.7718,6.35,1,0,2.5654,ACCEPT,0,4862,254,14439,2,100,6711,0,0,0,0
10,0,1,1,ACCEPT,21.8122,4.4037,5945,0,0,1.0000,167.75,134.78,95.68,128.96,169.00,142.50,88.00,103.00,0.7346,7.82,1,0,2.6491,ACCEPT,0,5417,233,12612,2,100,5945,0,0,0,0
11,0,1,1,ACCEPT,19.4884,3.7098,5932,-1,1,0.9462,164.77,138.81,95.68,128.96,168.50,144.50,93.00,95.00,0.6850,6.80,1,0,2.5875,ACCEPT,0,5455,251,11942,2,100,5932,0,0,0,0
12,0,1,1,ACCEPT,16.1183,3.1375,5566,0,0,1.0000,164.77,138.81,95.68,128.96,163.50,150.50,95.00,95.00,0.7192,11.76,1,0,2.9003,ACCEPT,0,6404,276,13667,2,100,5566,0,0,0,0
13,0,1,1,ACCEPT,14.8870,3.3520,5923,0,0,1.0000,164.77,138.81,95.68,128.96,161.50,149.50,95.00,99.00,0.7218,11.18,1,0,2.4724,ACCEPT,0,7379,321,13177,2,100,5923,0,0,0,0
14,0,1,1,ACCEPT,15.7726,3.0759,6324,0,0,1.0000,164.77,138.81,95.68,128.96,158.50,151.50,97.00,95.00,0.6584,14.15,1,0,2.6666,ACCEPT,0,7424,333,11874,2,100,6324,0,0,0,0
15,0,1,1,ACCEPT,17.5660,3.2629,6702,0,0,1.0000,164.77,138.81,95.68,128.96,156.50,153.00,95.00,96.00,0.6381,16.42,1,0,2.8334,ACCEPT,0,7082,318,12636,2,100,6702,0,0,0,0
16,0,1,1,ACCEPT,19.0315,3.7253,6985,0,0,1.0000,164.77,138.81,99.51,134.12,155.00,156.50,94.00,97.00,0.6016,20.20,1,1,2.6275,ACCEPT,0,6622,316,12768,2,100,6985,0,0,0,0
17,0,1,1,ACCEPT,20.0776,4.0441,7243,0,0,1.0000,164.77,138.81,99.51,134.12,153.00,157.50,96.00,97.00,0.5814,22.08,1,1,1.8296,LOW_CONF,0,6144,279,12632,2,100,7243,0,0,0,0
18,0,1,1,ACCEPT,19.2404,4.2880,6775,0,0,1.0000,164.77,138.81,99.51,134.12,152.50,162.00,95.00,92.00,0.5287,26.23,1,6,1.8984,MAX_STEP,0,5953,262,13473,2,100,6775,0,0,0,0
19,0,1,1,ACCEPT,18.9384,4.4022,7563,0,0,1.0000,164.77,138.81,99.51,134.12,148.00,166.00,100.00,84.00,0.4544,31.94,1,10,2.4445,MAX_STEP,0,6683,259,16900,2,100,7563,0,0,0,0
20,0,1,1,ACCEPT,20.3678,5.2959,9718,0,0,1.0000,164.77,138.81,99.51,134.12,143.00,174.00,100.00,86.00,0.3625,41.38,1,13,2.0259,MAX_STEP,0,7919,269,15959,2,100,9718,0,0,0,0
21,0,1,1,ACCEPT,23.0712,5.9407,10521,0,0,1.0000,164.77,138.81,99.51,134.12,136.50,180.00,105.00,74.00,0.2825,49.95,1,-1,1.6415,LOW_CONF,0,8444,220,16280,2,100,10521,0,0,0,0
22,0,1,1,ACCEPT,25.9158,6.1510,11527,0,0,1.0000,164.77,138.81,95.68,128.96,130.50,184.50,105.00,81.00,0.2315,57.11,1,-1,2.1581,ACCEPT,0,8513,219,16604,2,100,11527,0,0,0,0
23,0,1,1,ACCEPT,26.6816,6.6665,11793,0,0,1.0000,164.77,138.81,95.68,128.96,125.50,187.00,105.00,78.00,0.1969,62.16,1,0,2.5551,ACCEPT,0,8886,247,19439,2,100,11793,0,0,0,0
24,0,1,1,ACCEPT,28.3036,6.8947,12769,0,0,1.0000,164.77,138.81,92.00,124.00,117.00,193.00,106.00,76.00,0.1371,72.23,1,-1,2.6951,ACCEPT,0,9648,252,23490,2,100,12769,0,0,0,0
25,0,1,1,ACCEPT,27.1853,6.2614,13725,0,0,1.0000,164.77,138.81,92.00,124.00,113.00,199.50,108.00,73.00,0.1044,79.77,1,0,2.8200,ACCEPT,0,10597,255,28928,2,100,13725,0,0,0,0
26,0,1,1,ACCEPT,30.3246,6.7611,15111,0,0,1.0000,164.77,138.81,92.00,124.00,107.50,202.50,111.00,69.00,0.0824,85.65,1,0,3.0079,ACCEPT,0,10682,262,27982,2,100,15111,0,0,0,0
27,0,1,1,ACCEPT,34.1521,8.5649,15708,0,0,1.0000,164.77,138.81,92.00,124.00,103.50,206.00,109.00,72.00,0.0670,90.93,1,0,3.1044,ACCEPT,0,10247,272,28040,2,100,15708,0,0,0,0
28,0,1,1,ACCEPT,37.9876,9.4946,16834,0,0,1.0000,164.77,138.81,92.00,124.00,97.50,212.00,107.00,68.00,0.0410,99.40,1,0,3.1472,ACCEPT,0,9859,284,24738,2,100,16834,0,0,0,0
29,0,1,1,ACCEPT,40.5013,10.0631,15950,0,0,1.0000,164.77,138.81,92.00,124.00,98.50,215.00,111.00,64.00,0.0351,100.97,1,0,3.1954,ACCEPT,0,8942,287,23950,2,100,15950,0,0,0,0
30,0,1,1,ACCEPT,43.2058,10.7226,15462,0,0,1.0000,164.77,138.81,92.00,124.00,97.50,216.00,111.00,66.00,0.0336,102.38,1,0,3.2147,ACCEPT,0,8275,278,21787,2,100,15462,0,0,0,0
31,0,1,1,ACCEPT,46.1679,10.9211,15366,0,0,1.0000,164.77,138.81,92.00,124.00,96.50,219.50,111.00,65.00,0.0253,105.69,1,0,3.2375,ACCEPT,0,7733,282,20668,2,100,15366,0,0,0,0
32,0,1,1,ACCEPT,48.5044,11.6621,15289,0,0,1.0000,164.77,138.81,92.00,124.00,95.50,224.50,111.00,61.00,0.0122,110.18,1,0,3.2381,ACCEPT,0,7384,272,19432,2,100,15289,0,0,0,0
33,0,1,1,ACCEPT,51.2933,12.3341,15171,0,0,1.0000,164.77,138.81,92.00,124.00,96.50,233.00,111.00,58.00,0.0000,116.32,1,0,3.2446,ACCEPT,0,7076,275,18025,2,100,15171,0,0,0,0
34,0,1,1,ACCEPT,53.1439,12.6065,14737,0,0,1.0000,164.77,138.81,92.00,124.00,98.50,236.00,111.00,58.00,0.0000,117.63,1,0,3.2722,ACCEPT,0,6665,281,17015,2,100,14737,0,0,0,0
35,0,1,1,ACCEPT,55.3815,13.2160,14683,0,0,1.0000,164.77,138.81,92.00,124.00,99.00,238.50,114.00,55.00,0.0000,119.43,1,0,3.2984,ACCEPT,0,6464,278,17178,2,100,14683,0,0,0,0
36,0,1,1,ACCEPT,56.6065,13.8150,14561,0,0,1.0000,164.77,138.81,92.00,124.00,102.00,240.00,116.00,56.00,0.0000,119.07,1,0,3.3115,ACCEPT,0,6284,287,18707,2,100,14561,0,0,0,0
37,0,1,1,ACCEPT,57.8498,14.9042,14621,0,0,1.0000,164.77,138.81,92.00,124.00,106.00,245.50,116.00,47.00,0.0000,121.80,1,0,3.3282,ACCEPT,0,6215,301,18644,2,100,14621,0,0,0,0
38,0,1,1,ACCEPT,59.1240,15.2801,14348,0,0,1.0000,164.77,138.81,92.00,124.00,108.00,244.50,114.00,53.00,0.0000,119.97,1,0,3.3396,ACCEPT,0,5899,301,18523,2,100,14348,0,0,0,0
39,0,1,1,ACCEPT,60.3728,15.5681,14167,0,0,1.0000,164.77,138.81,92.00,124.00,109.50,248.50,113.00,55.00,0.0000,122.82,1,0,3.3428,ACCEPT,0,5710,281,18313,2,100,14167,0,0,0,0
40,0,1,1,ACCEPT,60.8801,16.4768,13857,0,0,1.0000,164.77,138.81,92.00,124.00,112.50,249.50,113.00,53.00,0.0000,122.41,1,0,3.3351,ACCEPT,0,5495,284,18519,2,100,13857,0,0,0,0
41,0,1,1,ACCEPT,60.9100,16.3225,13613,0,0,1.0000,164.77,138.81,92.00,124.00,115.50,250.50,115.00,55.00,0.0000,122.07,1,0,3.3445,ACCEPT,0,5337,268,17917,2,100,13613,0,0,0,0
42,0,1,1,ACCEPT,62.0535,17.2958,13681,0,0,1.0000,164.77,138.81,92.00,124.00,117.00,252.00,114.00,56.00,0.0000,122.85,1,0,3.3411,ACCEPT,0,5268,277,17847,2,100,13681,0,0,0,0
43,0,1,1,ACCEPT,62.2298,17.3517,13569,0,0,1.0000,164.77,138.81,92.00,124.00,118.50,253.50,111.00,57.00,0.0000,123.67,1,0,3.3343,ACCEPT,0,5217,278,17886,2,100,13569,0,0,0,0
44,0,1,1,ACCEPT,62.5356,17.1283,13480,0,0,1.0000,164.77,138.81,92.00,124.00,119.50,250.50,109.00,53.00,0.0000,120.51,1,0,3.3330,ACCEPT,0,5229,269,17731,2,100,13480,0,0,0,0
45,0,1,1,ACCEPT,63.0094,17.1519,13550,0,0,1.0000,164.77,138.81,92.00,124.00,121.50,247.50,111.00,55.00,0.0000,116.98,1,0,3.3298,ACCEPT,0,5261,278,18112,2,100,13550,0,0,0,0
46,0,1,1,ACCEPT,63.1645,18.6147,13719,0,0,1.0000,164.77,138.81,92.00,124.00,124.00,247.50,108.00,55.00,0.0000,116.08,1,0,3.3297,ACCEPT,0,5353,272,17977,2,100,13719,0,0,0,0
47,0,1,1,ACCEPT,63.1834,18.3159,13279,0,0,1.0000,164.77,138.81,92.00,124.00,126.00,246.50,108.00,59.00,0.0000,114.45,1,0,3.3358,ACCEPT,0,5229,285,18083,2,100,13279,0,0,0,0
48,0,1,1,ACCEPT,63.6759,18.8409,12906,0,0,1.0000,164.77,138.81,92.00,124.00,130.00,246.00,108.00,60.00,0.0000,112.68,1,0,3.3410,ACCEPT,0,5231,261,19287,2,100,12906,0,0,0,0
49,0,1,1,ACCEPT,63.9350,18.4014,13249,0,0,1.0000,164.77,138.81,92.00,124.00,132.00,246.00,106.00,60.00,0.0000,112.08,1,0,3.3540,ACCEPT,0,5332,297,20160,2,100,13249,0,0,0,0
50,0,1,1,ACCEPT,63.4191,17.0984,13200,0,0,1.0000,164.77,138.81,92.00,124.00,134.00,241.00,104.00,56.00,0.0000,106.72,1,0,3.3570,ACCEPT,0,5259,284,21289,2,100,13200,0,0,0,0
51,0,1,1,ACCEPT,63.1229,17.4415,13273,0,0,1.0000,164.77,138.81,92.00,124.00,138.00,238.50,106.00,53.00,0.0000,103.22,1,0,3.3577,ACCEPT,0,5473,295,21927,2,100,13273,0,0,0,0
52,0,1,1,ACCEPT,61.9348,15.5852,13076,0,0,1.0000,164.77,138.81,92.00,124.00,142.50,236.50,101.00,55.00,0.0000,100.19,1,0,3.3494,ACCEPT,0,5443,290,22666,2,100,13076,0,0,0,0
53,0,1,1,ACCEPT,62.9342,17.0220,13124,0,0,1.0000,164.77,138.81,92.00,124.00,146.50,235.00,101.00,52.00,0.0000,97.91,1,0,3.3401,ACCEPT,0,5459,271,23142,2,100,13124,0,0,0,0
54,0,1,1,ACCEPT,62.8655,17.4114,13163,0,0,1.0000,164.77,138.81,92.00,124.00,148.50,233.50,103.00,53.00,0.0000,96.07,1,0,3.3434,ACCEPT,0,5544,277,22430,2,100,13163,0,0,0,0
55,0,1,1,ACCEPT,62.0404,18.0318,13055,0,0,1.0000,164.77,138.81,92.00,124.00,152.50,233.00,97.00,52.00,0.0000,94.98,1,0,3.3388,ACCEPT,0,5537,284,22478,2,100,13055,0,0,0,0
56,0,1,1,ACCEPT,61.7374,17.7752,13047,0,0,1.0000,164.77,138.81,92.00,124.00,156.50,230.00,93.00,54.00,0.0000,91.56,1,0,3.3335,ACCEPT,0,5505,292,22195,2,100,13047,0,0,0,0
57,0,1,1,ACCEPT,61.9805,17.8697,12759,0,0,1.0000,164.77,138.81,92.00,124.00,158.50,230.00,95.00,52.00,0.0000,91.40,1,0,3.3350,ACCEPT,0,5500,291,23373,2,100,12759,0,0,0,0
58,0,1,1,ACCEPT,61.6436,17.2902,13106,0,0,1.0000,164.77,138.81,92.00,124.00,161.50,230.50,95.00,51.00,0.0000,91.75,1,0,3.3238,ACCEPT,0,5621,293,22671,2,100,13106,0,0,0,0
59,0,1,1,ACCEPT,62.5610,17.1142,12733,0,0,1.0000,164.77,138.81,92.00,124.00,161.50,233.50,95.00,53.00,0.0000,94.74,1,0,3.2986,ACCEPT,0,5359,278,23425,2,100,12733,0,0,0,0
60,0,1,1,ACCEPT,62.9743,16.7797,12417,0,0,1.0000,164.77,138.81,92.00,124.00,163.00,231.50,94.00,49.00,0.0000,92.70,1,0,3.2839,ACCEPT,0,5262,269,23669,2,100,12417,0,0,0,0
61,0,1,1,ACCEPT,62.4945,16.6166,12396,0,0,1.0000,164.77,138.81,92.00,124.00,165.00,234.50,96.00,53.00,0.0000,95.69,1,0,3.2748,ACCEPT,0,5248,259,24379,2,100,12396,0,0,0,0
62,0,1,1,ACCEPT,61.5172,16.5878,12275,0,0,1.0000,164.77,138.81,92.00,124.00,166.00,233.00,94.00,54.00,0.0000,94.20,1,0,3.2641,ACCEPT,0,5289,274,23688,2,100,12275,0,0,0,0
63,0,1,1,ACCEPT,62.6034,17.0590,11856,0,0,1.0000,164.77,138.81,92.00,124.00,167.50,230.50,93.00,51.00,0.0000,91.73,1,0,3.2638,ACCEPT,0,5089,271,23461,2,100,11856,0,0,0,0
64,0,1,1,ACCEPT,61.8490,15.7668,11762,0,0,1.0000,164.77,138.81,92.00,124.00,168.00,233.00,92.00,46.00,0.0000,94.24,1,0,3.2700,ACCEPT,0,5095,265,24412,2,100,11762,0,0,0,0
65,0,1,1,ACCEPT,62.7940,17.2730,11832,0,0,1.0000,164.77,138.81,92.00,124.00,168.50,232.00,91.00,50.00,0.0000,93.26,1,0,3.2764,ACCEPT,0,5018,292,24028,2,100,11832,0,0,0,0
66,0,1,1,ACCEPT,63.4539,16.4440,11741,0,0,1.0000,164.77,138.81,92.00,124.00,168.50,234.00,91.00,54.00,0.0000,95.26,1,0,3.2833,ACCEPT,0,4953,281,25354,2,100,11741,0,0,0,0
67,0,1,1,ACCEPT,62.9151,16.5735,11502,0,0,1.0000,164.77,138.81,92.00,124.00,170.00,231.50,92.00,51.00,0.0000,92.84,1,0,3.2941,ACCEPT,0,4872,268,25764,2,100,11502,0,0,0,0
68,0,1,1,ACCEPT,64.1215,16.6938,11502,0,0,1.0000,164.77,138.81,92.00,124.00,172.00,232.00,90.00,50.00,0.0000,93.47,1,0,3.2973,ACCEPT,0,4837,281,25417,2,100,11502,0,0,0,0
69,0,1,1,ACCEPT,63.7871,17.1903,11380,0,0,1.0000,164.77,138.81,92.00,124.00,172.50,232.00,91.00,50.00,0.0000,93.51,1,0,3.3002,ACCEPT,0,4871,259,26078,2,100,11380,0,0,0,0
70,0,1,1,ACCEPT,63.4339,16.0722,11572,0,0,1.0000,164.77,138.81,92.00,124.00,173.50,232.50,91.00,51.00,0.0000,94.09,1,0,3.3015,ACCEPT,0,4867,255,25184,2,100,11572,0,0,0,0
71,0,1,1,ACCEPT,63.6116,16.7500,11189,0,0,1.0000,164.77,138.81,92.00,124.00,173.00,234.50,92.00,47.00,0.0000,96.04,1,0,3.2981,ACCEPT,0,4706,269,23787,2,100,11189,0,0,0,0
72,0,1,1,ACCEPT,63.7134,17.9379,10978,0,0,1.0000,164.77,138.81,92.00,124.00,171.50,234.50,93.00,49.00,0.0000,95.92,1,0,3.2972,ACCEPT,0,4681,263,24863,2,100,10978,0,0,0,0
73,0,1,1,ACCEPT,62.4806,17.4118,11248,0,0,1.0000,164.77,138.81,92.00,124.00,172.00,233.00,90.00,48.00,0.0000,94.46,1,0,3.2954,ACCEPT,0,4938,259,26473,2,100,11248,0,0,0,0
74,0,1,1,ACCEPT,63.0659,15.2843,11127,0,0,1.0000,164.77,138.81,92.00,124.00,169.00,231.00,92.00,50.00,0.0000,92.28,1,0,3.3107,ACCEPT,0,4806,265,27762,2,100,11127,0,0,0,0
75,0,1,1,ACCEPT,62.5878,16.9455,11184,0,0,1.0000,164.77,138.81,92.00,124.00,168.50,227.50,91.00,51.00,0.0000,88.77,1,0,3.3295,ACCEPT,0,4928,282,28558,2,100,11184,0,0,0,0
76,0,1,1,ACCEPT,60.9718,16.7900,10393,0,0,1.0000,164.77,138.81,92.00,124.00,160.00,226.50,108.00,59.00,0.0201,87.82,1,0,3.3354,ACCEPT,0,4707,274,29861,2,100,10393,0,0,0,0
77,0,1,1,ACCEPT,59.1202,16.2614,10326,0,0,1.0000,164.77,138.81,92.00,124.00,161.00,224.00,96.00,50.00,0.0102,85.27,1,0,3.3145,ACCEPT,0,4752,293,29230,2,100,10326,0,0,0,0
78,0,1,1,ACCEPT,56.4715,15.0673,10517,0,0,1.0000,164.77,138.81,92.00,124.00,159.50,218.00,97.00,56.00,0.0608,79.36,1,0,3.2346,ACCEPT,0,5058,286,27288,2,100,10517,0,0,0,0
79,0,1,1,ACCEPT,52.8873,14.3622,10269,0,0,1.0000,164.77,138.81,92.00,124.00,161.00,214.50,92.00,57.00,0.0852,75.78,1,0,3.1526,ACCEPT,0,5128,286,23538,2,100,10269,0,0,0,0
80,0,1,1,ACCEPT,47.7761,12.1402,9955,0,0,1.0000,164.77,138.81,92.00,124.00,162.00,210.50,94.00,59.00,0.1179,71.74,1,0,3.1070,ACCEPT,0,5391,250,20032,2,100,9955,0,0,0,0
81,0,1,1,ACCEPT,44.6874,9.9923,9113,0,-1,0.9930,164.77,134.94,88.46,119.23,158.00,206.50,98.00,59.00,0.1025,71.88,1,-1,2.9714,ACCEPT,0,5122,210,17557,2,100,9113,0,0,0,0
82,0,1,1,ACCEPT,45.7777,9.7583,8275,0,0,1.0000,164.77,134.94,88.46,119.23,156.00,205.00,98.00,62.00,0.1166,70.61,1,0,3.1432,ACCEPT,0,4667,238,13153,2,100,8275,0,0,0,0
83,0,1,1,ACCEPT,42.6193,9.0842,7122,0,0,1.0000,164.77,134.94,88.46,119.23,156.50,201.00,95.00,64.00,0.1471,66.58,1,0,3.1538,ACCEPT,0,4170,226,10262,2,100,7122,0,0,0,0
84,0,1,1,ACCEPT,39.4451,7.9918,5850,0,0,1.0000,164.77,134.94,88.46,119.23,153.50,196.50,93.00,69.00,0.1799,62.58,1,0,3.1265,ACCEPT,0,3569,216,8451,2,100,5850,0,0,0,0
85,0,1,1,ACCEPT,38.8123,8.0155,4657,0,0,1.0000,164.77,134.94,88.46,119.23,155.50,191.50,97.00,67.00,0.2180,57.32,1,0,3.0945,ACCEPT,0,2882,256,7537,2,100,4657,0,0,0,0
86,0,1,1,ACCEPT,38.1839,7.4472,4230,0,0,1.0000,164.77,134.94,88.46,119.23,154.00,190.50,98.00,69.00,0.2250,56.60,1,0,3.0490,ACCEPT,0,2627,263,7987,2,100,4230,0,0,0,0
87,0,1,1,ACCEPT,38.9973,7.5399,4162,0,0,1.0000,164.77,134.94,88.46,119.23,151.50,189.00,97.00,70.00,0.2283,55.67,1,0,3.0579,ACCEPT,0,2534,253,7424,2,100,4162,0,0,0,0
88,0,1,1,ACCEPT,40.0232,8.2742,4013,0,0,1.0000,164.77,134.94,88.46,119.23,150.00,188.00,98.00,70.00,0.2305,55.08,1,0,3.0292,ACCEPT,0,2365,240,7125,2,100,4013,0,0,0,0
89,0,1,1,ACCEPT,41.2401,8.1879,3922,0,0,1.0000,164.77,134.94,88.46,119.23,145.50,184.00,97.00,68.00,0.2360,52.71,1,0,2.9975,ACCEPT,0,2313,249,6206,2,100,3922,0,0,0,0
90,0,1,1,ACCEPT,41.2010,7.2490,3552,0,0,1.0000,164.77,134.94,88.46,119.23,143.50,183.50,99.00,69.00,0.2345,53.01,1,0,3.0049,ACCEPT,0,2104,256,6387,2,100,3552,0,0,0,0
91,0,1,1,ACCEPT,40.0771,7.6579,3492,0,0,1.0000,164.77,134.94,88.46,119.23,140.00,182.00,102.00,72.00,0.2364,53.18,1,0,3.0284,ACCEPT,0,2147,268,6748,2,100,3492,0,0,0,0
92,0,1,1,ACCEPT,38.5268,7.6478,3235,0,0,1.0000,164.77,134.94,88.46,119.23,135.00,180.00,104.00,74.00,0.2313,54.01,1,0,3.0154,ACCEPT,0,2103,269,7277,2,100,3235,0,0,0,0
93,0,1,1,ACCEPT,37.5484,7.6589,2964,0,0,1.0000,164.77,134.94,88.46,119.23,134.00,175.50,100.00,73.00,0.2462,50.91,1,0,3.1713,ACCEPT,0,1913,245,8801,2,100,2964,0,0,0,0
94,0,1,1,ACCEPT,38.3804,8.9174,3023,0,0,1.0000,164.77,134.94,88.46,119.23,129.00,173.50,104.00,75.00,0.2391,52.60,1,0,3.0498,ACCEPT,0,1897,225,11345,2,100,3023,0,0,0,0
95,0,1,1,ACCEPT,39.8456,7.6271,3211,0,0,1.0000,164.77,134.94,88.46,119.23,126.50,172.00,103.00,78.00,0.2351,53.27,1,0,2.9561,ACCEPT,0,1975,204,14998,2,100,3211,0,0,0,0
96,0,1,1,ACCEPT,40.6338,7.6989,3349,0,0,1.0000,164.77,134.94,88.46,119.23,119.00,171.50,106.00,77.00,0.2038,58.58,1,0,2.9362,ACCEPT,0,2005,238,14951,2,100,3349,0,0,0,0
97,0,1,1,ACCEPT,40.6346,10.1713,3265,0,0,1.0000,164.77,134.94,88.46,119.23,119.50,164.50,103.00,85.00,0.2341,54.06,1,0,2.9712,ACCEPT,0,1929,226,17201,2,100,3265,0,0,0,0
98,0,1,1,ACCEPT,40.6166,9.9610,3317,0,0,1.0000,164.77,134.94,88.46,119.23,115.00,161.00,100.00,84.00,0.2155,56.18,1,0,2.9935,ACCEPT,0,1974,234,17525,2,100,3317,0,0,0,0
99,0,1,1,ACCEPT,40.1048,9.3808,3030,0,0,1.0000,164.77,134.94,88.46,119.23,114.00,157.00,102.00,92.00,0.2291,55.35,1,0,2.9535,ACCEPT,0,1807,245,17605,2,100,3030,0,0,0,0
100,0,1,1,ACCEPT,39.1231,8.2668,3067,0,0,1.0000,164.77,134.94,88.46,119.23,112.50,152.50,105.00,95.00,0.2407,55.14,1,0,2.8852,ACCEPT,0,1779,229,16329,2,100,3067,0,0,0,0
101,0,1,1,ACCEPT,38.6814,8.4852,3148,0,0,1.0000,164.77,134.94,88.46,119.23,112.00,149.00,106.00,98.00,0.2513,54.61,1,0,2.9478,ACCEPT,0,1717,240,12173,2,100,3148,0,0,0,0
102,0,1,1,ACCEPT,37.0969,7.7363,3110,0,0,1.0000,164.77,134.94,88.46,119.23,109.50,144.50,105.00,99.00,0.2438,56.09,1,0,2.9056,ACCEPT,0,1715,226,10411,2,100,3110,0,0,0,0
103,0,1,1,ACCEPT,38.2959,7.9907,3452,0,0,1.0000,164.77,134.94,88.46,119.23,108.50,140.00,103.00,102.00,0.2364,56.49,1,0,2.8932,ACCEPT,0,1834,216,9529,2,100,3452,0,0,0,0
104,0,1,1,ACCEPT,36.9929,8.6171,3533,0,0,1.0000,164.77,134.94,88.46,119.23,106.00,135.50,106.00,105.00,0.2290,58.77,1,0,2.8932,ACCEPT,0,1974,209,8922,2,100,3533,0,0,0,0
105,0,1,1,ACCEPT,36.6550,8.6071,3658,0,0,1.0000,164.77,134.94,88.46,119.23,103.00,131.50,106.00,107.00,0.2097,61.86,1,0,2.8118,ACCEPT,0,2054,204,8701,2,100,3658,0,0,0,0
106,0,1,1,ACCEPT,36.3089,9.3151,3754,0,0,1.0000,164.77,134.94,88.46,119.23,99.50,128.00,103.00,112.00,0.1764,65.63,1,0,2.7420,ACCEPT,0,2196,197,8602,2,100,3754,0,0,0,0
107,0,1,1,ACCEPT,37.0999,9.1535,3936,0,0,1.0000,164.77,134.94,88.46,119.23,95.00,127.00,104.00,110.00,0.1473,70.22,1,0,2.8243,ACCEPT,0,2285,178,8919,2,100,3936,0,0,0,0
108,0,1,1,ACCEPT,37.9205,8.4404,4178,0,0,1.0000,164.77,134.94,88.46,119.23,89.50,124.50,99.00,113.00,0.0986,75.99,1,0,2.8696,ACCEPT,0,2375,165,7963,2,100,4178,0,0,0,0
109,0,1,1,ACCEPT,39.3802,8.3864,4319,0,0,1.0000,164.77,134.94,88.46,119.23,86.50,123.00,105.00,114.00,0.0939,79.17,1,0,2.8794,ACCEPT,0,2382,208,6651,2,100,4319,0,0,0,0
110,0,1,1,ACCEPT,41.0795,9.4698,4697,0,0,1.0000,164.77,134.94,88.46,119.23,85.50,120.50,103.00,117.00,0.0817,80.57,1,0,2.9418,ACCEPT,0,2491,230,6123,2,100,4697,0,0,0,0
111,0,1,1,ACCEPT,42.3517,9.7898,4797,0,0,1.0000,164.77,134.94,88.46,119.23,82.50,120.00,99.00,120.00,0.0565,83.61,1,0,2.9946,ACCEPT,0,2487,212,6213,2,100,4797,0,0,0,0
112,0,1,1,ACCEPT,43.6134,10.7455,4814,0,0,1.0000,164.77,134.94,88.46,119.23,81.00,117.50,102.00,123.00,0.0543,85.56,1,0,3.0388,ACCEPT,0,2453,213,6284,2,100,4814,0,0,0,0
113,0,1,1,ACCEPT,44.3248,9.9218,4822,0,0,1.0000,164.77,134.94,88.46,119.23,79.50,116.50,103.00,121.00,0.0485,87.24,1,0,3.0544,ACCEPT,0,2424,216,6474,2,100,4822,0,0,0,0
114,0,1,1,ACCEPT,44.4885,10.4837,4812,0,0,1.0000,164.77,134.94,88.46,119.23,77.50,112.00,97.00,122.00,0.0244,90.23,1,0,3.0683,ACCEPT,0,2445,200,6741,2,100,4812,0,0,0,0
115,0,1,1,ACCEPT,43.9721,10.9910,4880,0,0,1.0000,164.77,134.94,88.46,119.23,78.00,106.00,94.00,122.00,0.0189,91.46,1,0,3.0493,ACCEPT,0,2520,215,7411,2,100,4880,0,0,0,0
116,0,1,1,ACCEPT,43.1269,10.0751,5098,0,0,1.0000,164.77,134.94,88.46,119.23,79.50,105.50,93.00,129.00,0.0235,90.20,1,0,3.0143,ACCEPT,0,2703,218,7225,2,100,5098,0,0,0,0
117,0,1,1,ACCEPT,42.1712,9.8458,4854,0,0,1.0000,164.77,134.94,88.46,119.23,79.50,100.50,93.00,127.00,0.0222,91.96,1,0,3.0254,ACCEPT,0,2598,218,7363,2,100,4854,0,0,0,0
118,0,1,1,ACCEPT,42.2634,9.5696,5225,0,0,1.0000,164.77,134.94,88.46,119.23,80.00,98.50,92.00,131.00,0.0219,92.27,1,0,3.0465,ACCEPT,0,2785,224,7419,2,100,5225,0,0,0,0
119,0,1,1,ACCEPT,42.5936,10.0830,5586,0,0,1.0000,164.77,134.94,88.46,119.23,82.00,95.50,92.00,129.00,0.0290,91.68,1,0,3.0531,ACCEPT,0,2976,210,7491,2,100,5586,0,0,0,0
120,0,1,1,ACCEPT,43.7977,9.6483,6117,0,0,1.0000,164.77,134.94,88.46,119.23,85.00,93.00,92.00,128.00,0.0398,90.12,1,0,3.0637,ACCEPT,0,3139,207,8801,2,100,6117,0,0,0,0
121,0,1,1,ACCEPT,44.6871,9.4451,6791,0,0,1.0000,164.77,134.94,88.46,119.23,87.00,92.00,92.00,128.00,0.0472,88.83,1,0,3.0538,ACCEPT,0,3349,187,10333,2,100,6791,0,0,0,0
122,0,1,1,ACCEPT,46.2819,9.4770,7430,0,0,1.0000,164.77,134.94,88.46,119.23,88.50,92.50,93.00,131.00,0.0555,87.28,1,0,3.0656,ACCEPT,0,3497,201,10807,2,100,7430,0,0,0,0
123,0,1,1,ACCEPT,47.5384,9.4123,7671,0,0,1.0000,164.77,134.94,88.46,119.23,90.00,93.50,94.00,131.00,0.0641,85.48,1,0,3.0736,ACCEPT,0,3483,212,10628,2,100,7671,0,0,0,0
124,0,1,1,ACCEPT,49.2223,10.4828,7946,0,0,1.0000,164.77,134.94,88.46,119.23,93.50,94.00,91.00,132.00,0.0745,82.19,1,0,3.0748,ACCEPT,0,3502,208,11225,2,100,7946,0,0,0,0
125,0,1,1,ACCEPT,50.6817,11.1782,8216,0,0,1.0000,164.77,134.94,88.46,119.23,94.50,95.00,89.00,130.00,0.0761,80.82,1,0,3.0524,ACCEPT,0,3444,186,11495,2,100,8216,0,0,0,0
126,0,1,1,ACCEPT,51.5775,11.2145,7895,0,0,1.0000,164.77,134.94,88.46,119.23,96.00,97.00,90.00,130.00,0.0866,78.54,1,0,2.9962,ACCEPT,0,3370,186,10194,2,100,7895,0,0,0,0
127,0,1,1,ACCEPT,50.5554,12.3950,7375,0,0,1.0000,164.77,134.94,88.46,119.23,98.00,98.00,90.00,130.00,0.0971,76.30,1,0,2.8958,ACCEPT,0,3168,177,11160,2,100,7375,0,0,0,0
128,0,1,1,ACCEPT,47.0766,11.4124,6973,0,0,1.0000,164.77,134.94,88.46,119.23,102.00,99.00,86.00,126.00,0.1101,72.33,1,0,2.8003,ACCEPT,0,3221,193,9612,2,100,6973,0,0,0,0
129,0,1,1,ACCEPT,42.7528,10.6785,6012,0,0,1.0000,164.77,134.94,88.46,119.23,102.50,98.00,85.00,120.00,0.1080,72.40,1,0,2.7279,ACCEPT,0,2977,181,10537,2,100,6012,0,0,0,0
130,0,1,1,ACCEPT,38.7379,8.2879,5843,0,0,1.0000,164.77,134.94,88.46,119.23,107.50,101.50,87.00,121.00,0.1433,66.31,1,0,2.7950,ACCEPT,0,3140,192,10949,2,100,5843,0,0,0,0
131,0,1,1,ACCEPT,36.5518,6.9890,5738,0,0,1.0000,164.77,134.94,88.46,119.23,108.00,105.50,88.00,121.00,0.1556,63.94,1,0,2.9203,ACCEPT,0,3224,190,12928,2,100,5738,0,0,0,0
132,0,1,1,ACCEPT,34.7090,7.1131,6224,0,0,1.0000,164.77,134.94,88.46,119.23,109.50,110.00,89.00,124.00,0.1763,60.63,1,0,3.0111,ACCEPT,0,3505,236,13834,2,100,6224,0,0,0,0
133,0,1,1,ACCEPT,33.0955,5.6359,6966,0,0,1.0000,164.77,134.94,88.46,119.23,110.00,114.00,88.00,122.00,0.1859,58.63,1,0,3.0523,ACCEPT,0,4016,234,16129,2,100,6966,0,0,0,0
134,0,1,1,ACCEPT,32.1133,5.5705,7938,0,0,1.0000,164.77,134.94,88.46,119.23,111.00,115.50,90.00,119.00,0.1995,57.17,1,0,3.0653,ACCEPT,0,4500,259,17823,2,100,7938,0,0,0,0
135,0,1,1,ACCEPT,32.3998,5.5173,9076,0,0,1.0000,164.77,134.94,88.46,119.23,112.00,118.50,88.00,119.00,0.2095,55.27,1,0,3.0674,ACCEPT,0,5160,274,19773,2,100,9076,0,0,0,0
136,0,1,1,ACCEPT,31.6228,5.1717,9490,0,0,1.0000,164.77,134.94,88.46,119.23,112.50,121.00,85.00,118.00,0.2126,54.09,1,0,3.1097,ACCEPT,0,5271,267,20143,2,100,9490,0,0,0,0
137,0,1,1,ACCEPT,31.8181,4.9747,9616,0,0,1.0000,164.77,134.94,88.46,119.23,112.00,123.50,86.00,117.00,0.2171,53.99,1,0,3.1281,ACCEPT,0,5143,280,20459,2,100,9616,0,0,0,0
138,0,1,1,ACCEPT,33.3880,5.1497,9939,0,0,1.0000,164.77,134.94,88.46,119.23,112.00,126.50,86.00,117.00,0.2246,53.44,1,0,3.1122,ACCEPT,0,5424,287,22857,2,100,9939,0,0,0,0
139,0,1,1,ACCEPT,35.4508,5.3343,10706,0,0,1.0000,164.77,134.94,88.46,119.23,111.00,128.50,84.00,111.00,0.2159,54.15,1,0,3.1235,ACCEPT,0,5587,287,21499,2,100,10706,0,0,0,0
140,0,1,1,ACCEPT,36.9872,5.6439,11316,0,0,1.0000,164.77,134.94,88.46,119.23,112.00,130.00,86.00,112.00,0.2331,53.00,1,0,3.1422,ACCEPT,0,5802,312,20102,2,100,11316,0,0,0,0
141,0,1,1,ACCEPT,38.4763,5.9777,11525,0,0,1.0000,164.77,134.94,88.46,119.23,112.00,130.00,84.00,110.00,0.2277,53.00,1,0,3.1477,ACCEPT,0,6086,327,19846,2,100,11525,0,0,0,0
142,0,1,1,ACCEPT,39.3250,6.2769,11832,0,0,1.0000,164.77,134.94,88.46,119.23,113.00,136.50,86.00,109.00,0.2408,51.79,1,0,3.1790,ACCEPT,0,6220,311,18525,2,100,11832,0,0,0,0
143,0,1,1,ACCEPT,38.8737,6.1771,11823,0,0,1.0000,164.77,134.94,88.46,119.23,113.00,139.00,86.00,110.00,0.2422,51.92,1,0,3.2310,ACCEPT,0,6316,317,18426,2,100,11823,0,0,0,0
144,0,1,1,ACCEPT,38.7362,5.9204,11752,0,0,1.0000,164.77,134.94,88.46,119.23,113.00,142.00,86.00,108.00,0.2354,52.25,1,0,3.2783,ACCEPT,0,6213,304,19169,2,100,11752,0,0,0,0
145,0,1,1,ACCEPT,38.0748,5.7236,11619,0,0,1.0000,164.77,134.94,88.46,119.23,115.00,143.50,88.00,109.00,0.2525,50.50,1,0,3.4261,ACCEPT,0,6306,314,17982,2,100,11619,0,0,0,0
146,0,1,1,ACCEPT,38.1670,5.6595,11121,0,0,1.0000,164.77,134.94,88.46,119.23,116.50,144.50,87.00,109.00,0.2594,49.20,1,0,3.4327,ACCEPT,0,6196,288,17870,2,100,11121,0,0,0,0
147,0,1,1,ACCEPT,39.4426,5.8401,10775,0,0,1.0000,164.77,134.94,88.46,119.23,118.00,146.00,90.00,110.00,0.2740,48.06,1,0,3.3922,ACCEPT,0,6030,281,17648,2,100,10775,0,0,0,0
148,0,1,1,ACCEPT,39.3397,5.8445,10561,0,0,1.0000,164.77,134.94,88.46,119.23,117.50,148.00,91.00,108.00,0.2651,49.04,1,0,3.3713,ACCEPT,0,5833,279,17397,2,100,10561,0,0,0,0
149,0,1,1,ACCEPT,39.5222,5.9342,9922,0,0,1.0000,164.77,134.94,88.46,119.23,117.50,150.00,91.00,112.00,0.2593,49.61,1,0,3.3159,ACCEPT,0,5471,265,18090,2,100,9922,0,0,0,0
150,0,1,1,ACCEPT,39.2990,5.8493,9511,0,0,1.0000,164.77,134.94,88.46,119.23,117.50,151.00,91.00,110.00,0.2556,49.92,1,0,3.2588,ACCEPT,0,5219,281,16723,2,100,9511,0,0,0,0
151,0,1,1,ACCEPT,37.4865,5.6432,8826,0,0,1.0000,164.77,134.94,88.46,119.23,119.00,151.00,92.00,110.00,0.2691,48.50,1,0,3.2600,ACCEPT,0,5194,256,16103,2,100,8826,0,0,0,0
152,0,1,1,ACCEPT,35.5670,5.5100,8513,0,0,1.0000,164.77,134.94,88.46,119.23,119.50,156.50,91.00,111.00,0.2523,50.14,1,0,3.3102,ACCEPT,0,5229,253,15953,2,100,8513,0,0,0,0
153,0,1,1,ACCEPT,35.3872,5.3036,8385,0,0,1.0000,164.77,134.94,88.46,119.23,121.00,162.50,92.00,113.00,0.2445,51.72,1,0,3.3750,ACCEPT,0,5154,269,15247,2,100,8385,0,0,0,0
154,0,1,1,ACCEPT,36.5272,5.6982,8120,0,0,1.0000,164.77,134.94,88.46,119.23,122.50,168.50,93.00,107.00,0.2317,53.97,1,0,3.2741,ACCEPT,0,4843,276,13982,2,100,8120,0,0,0,0
155,0,1,1,ACCEPT,38.5775,6.6018,8107,0,0,1.0000,164.77,134.94,88.46,119.23,122.50,170.00,93.00,114.00,0.2298,54.92,1,0,3.0811,ACCEPT,0,4558,282,12537,2,100,8107,0,0,0,0
156,0,1,1,ACCEPT,40.4633,7.9803,8108,0,0,1.0000,164.77,134.94,88.46,119.23,123.00,173.00,96.00,110.00,0.2240,56.51,1,0,3.0850,ACCEPT,0,4513,252,9991,2,100,8108,0,0,0,0
157,0,1,1,ACCEPT,42.1155,8.8287,7266,0,0,1.0000,164.77,134.94,88.46,119.23,125.00,178.50,96.00,111.00,0.2151,58.98,1,0,3.1091,ACCEPT,0,3950,267,8227,2,100,7266,0,0,0,0
158,0,1,1,ACCEPT,43.7156,8.3298,7097,0,0,1.0000,164.77,134.94,88.46,119.23,126.00,181.00,96.00,114.00,0.2129,60.20,1,0,3.1219,ACCEPT,0,3755,299,7790,2,100,7097,0,0,0,0
159,0,1,1,ACCEPT,44.3777,8.3108,7380,0,0,1.0000,164.77,134.94,88.46,119.23,127.00,181.50,94.00,109.00,0.2102,59.95,1,0,3.1273,ACCEPT,0,3811,318,7404,2,100,7380,0,0,0,0
160,0,1,1,ACCEPT,43.6553,8.3647,7386,0,0,1.0000,164.77,134.94,88.46,119.23,129.00,183.00,92.00,108.00,0.2111,59.91,1,0,3.1011,ACCEPT,0,3878,294,7310,2,100,7386,0,0,0,0
161,0,1,1,ACCEPT,42.8488,7.9525,6871,0,0,1.0000,164.77,134.94,88.46,119.23,133.00,183.00,86.00,112.00,0.2280,57.61,1,0,3.0777,ACCEPT,0,3659,268,8356,2,100,6871,0,0,0,0
162,0,1,1,ACCEPT,41.6489,8.1705,6806,0,0,1.0000,164.77,134.94,88.46,119.23,135.00,184.50,84.00,115.00,0.2327,57.81,1,0,3.1608,ACCEPT,0,3760,251,8678,2,100,6806,0,0,0,0
163,0,1,1,ACCEPT,42.1983,8.8377,7079,0,0,1.0000,164.77,134.94,88.46,119.23,135.50,187.00,83.00,118.00,0.2266,59.72,1,0,3.1932,ACCEPT,0,3981,298,8664,2,100,7079,0,0,0,0
164,0,1,1,ACCEPT,42.3941,8.2013,7496,0,0,1.0000,164.77,134.94,88.46,119.23,136.50,193.50,81.00,115.00,0.1997,65.03,1,0,3.2272,ACCEPT,0,4138,299,8630,2,100,7496,0,0,0,0
165,0,1,1,ACCEPT,42.5955,7.8773,7767,0,0,1.0000,164.77,134.94,88.46,119.23,136.50,198.00,83.00,114.00,0.1818,69.11,1,0,3.2483,ACCEPT,0,4169,318,8230,2,100,7767,0,0,0,0
166,0,1,1,ACCEPT,43.9460,9.0619,7757,0,0,1.0000,164.77,134.94,88.46,119.23,137.50,199.50,81.00,115.00,0.1793,70.08,1,0,3.2555,ACCEPT,0,4091,311,8556,2,100,7757,0,0,0,0
167,0,1,1,ACCEPT,44.8404,10.1650,8193,0,0,1.0000,164.77,134.94,88.46,119.23,139.00,200.50,78.00,115.00,0.1790,70.44,1,0,3.2388,ACCEPT,0,4210,283,9252,2,100,8193,0,0,0,0
168,0,1,1,ACCEPT,45.0459,10.1282,8690,0,0,1.0000,164.77,134.94,88.46,119.23,139.00,203.50,76.00,113.00,0.1632,73.24,1,0,3.2500,ACCEPT,0,4355,296,10606,2,100,8690,0,0,0,0
169,0,1,1,ACCEPT,44.6508,9.9682,10018,0,0,1.0000,164.77,134.94,88.46,119.23,139.50,208.50,75.00,113.00,0.1446,77.78,1,0,3.2632,ACCEPT,0,4836,293,13100,2,100,10018,0,0,0,0
170,0,1,1,ACCEPT,43.9849,9.1454,11633,0,0,1.0000,164.77,134.94,88.46,119.23,142.50,216.00,73.00,118.00,0.1294,84.06,1,0,3.2558,ACCEPT,0,5551,265,16911,2,100,11633,0,0,0,0
171,0,1,1,ACCEPT,43.4383,9.4795,14077,0,0,1.0000,164.77,134.94,88.46,119.23,145.00,219.00,72.00,116.00,0.1203,86.35,1,0,3.2457,ACCEPT,0,6803,255,18443,2,100,14077,0,0,0,0
172,0,1,1,ACCEPT,42.8712,10.0920,14583,0,0,1.0000,164.77,134.94,88.46,119.23,149.00,228.50,64.00,117.00,0.0897,94.88,1,0,3.2734,ACCEPT,0,7685,287,17190,2,100,14583,0,0,0,0
173,0,1,1,ACCEPT,41.1786,8.3623,14517,0,0,1.0000,164.77,134.94,88.46,119.23,151.50,234.00,65.00,118.00,0.0731,99.95,1,0,3.3204,ACCEPT,0,7979,288,17379,2,100,14517,0,0,0,0
174,0,1,1,ACCEPT,41.1453,8.5867,14417,0,0,1.0000,164.77,134.94,88.46,119.23,155.00,240.00,60.00,116.00,0.0450,105.52,1,0,3.3268,ACCEPT,0,7769,273,17562,2,100,14417,0,0,0,0
175,0,1,1,ACCEPT,42.2238,10.0297,13841,0,0,1.0000,164.77,134.94,88.46,119.23,156.00,246.00,58.00,124.00,0.0357,111.41,1,0,3.3336,ACCEPT,0,7328,289,16603,2,100,13841,0,0,0,0
176,0,1,1,ACCEPT,44.1188,11.6960,13041,0,0,1.0000,164.77,134.94,88.46,119.23,159.50,243.50,57.00,115.00,0.0293,108.69,1,0,3.3418,ACCEPT,0,6665,264,13642,2,100,13041,0,0,0,0
177,0,1,1,ACCEPT,46.1474,12.7420,11213,0,0,1.0000,164.77,134.94,88.46,119.23,159.00,249.50,52.00,113.00,0.0049,114.71,1,0,3.3394,ACCEPT,0,5502,274,13062,2,100,11213,0,0,0,0
178,0,1,1,ACCEPT,47.5645,12.2562,10810,0,0,1.0000,164.77,134.94,88.46,119.23,159.00,252.50,54.00,115.00,0.0000,117.70,1,0,3.3398,ACCEPT,0,5206,264,12804,2,100,10810,0,0,0,0
179,0,1,1,ACCEPT,49.3955,13.1281,10043,0,0,1.0000,164.77,134.94,88.46,119.23,162.50,256.00,49.00,116.00,0.0000,121.08,1,0,3.3337,ACCEPT,0,4731,255,13015,2,100,10043,0,0,0,0
180,0,1,1,ACCEPT,50.4884,13.3250,9554,0,0,1.0000,164.77,134.94,88.46,119.23,162.50,260.50,49.00,103.00,0.0000,125.58,1,0,3.3292,ACCEPT,0,4380,246,14130,2,100,9554,0,0,0,0
181,0,1,1,ACCEPT,51.4173,13.7822,9303,0,0,1.0000,164.77,134.94,88.46,119.23,162.50,262.00,49.00,104.00,0.0000,127.08,1,0,3.3238,ACCEPT,0,4238,239,15266,2,100,9303,0,0,0,0
182,0,1,1,ACCEPT,52.5925,13.8531,9808,0,0,1.0000,164.77,134.94,88.46,119.23,163.00,261.50,50.00,91.00,0.0000,126.57,1,0,3.3305,ACCEPT,0,4372,255,16409,2,100,9808,0,0,0,0
183,0,1,1,ACCEPT,53.6225,14.0466,10240,0,0,1.0000,164.77,134.94,88.46,119.23,163.50,271.00,51.00,90.00,0.0000,136.07,1,0,3.3307,ACCEPT,0,4485,275,17778,2,100,10240,0,0,0,0
184,0,1,1,ACCEPT,55.2976,14.4418,10297,0,0,1.0000,164.77,134.94,88.46,119.23,158.50,273.00,61.00,90.00,0.0000,138.20,1,0,3.3459,ACCEPT,0,4397,286,18308,2,100,10297,0,0,0,0
185,0,1,1,ACCEPT,55.9773,14.7610,10687,0,0,1.0000,164.77,134.94,88.46,119.23,154.50,275.50,61.00,85.00,0.0000,140.94,1,0,3.3476,ACCEPT,0,4458,301,17563,2,100,10687,0,0,0,0
186,0,1,1,ACCEPT,56.9273,14.6547,10229,0,0,1.0000,164.77,134.94,88.46,119.23,147.50,273.50,73.00,89.00,0.0000,139.63,1,0,3.3437,ACCEPT,0,4151,306,16908,2,100,10229,0,0,0,0
187,0,1,1,ACCEPT,57.9628,14.5838,9742,0,0,1.0000,164.77,134.94,88.46,119.23,140.00,275.50,82.00,85.00,0.0000,142.73,1,0,3.3484,ACCEPT,0,3902,290,17005,2,100,9742,0,0,0,0
188,0,1,1,ACCEPT,59.9368,15.9496,9809,0,0,1.0000,164.77,134.94,88.46,119.23,136.50,272.50,75.00,91.00,0.0000,140.44,1,0,3.3500,ACCEPT,0,3850,270,16784,2,100,9809,0,0,0,0
189,0,1,1,ACCEPT,60.2527,14.6851,9560,0,0,1.0000,164.77,134.94,88.46,119.23,120.00,268.50,76.00,89.00,0.0000,140.86,1,0,3.3391,ACCEPT,0,3776,267,16574,2,100,9560,0,0,0,0
190,0,1,1,ACCEPT,61.2541,15.8779,9495,0,0,1.0000,164.77,134.94,88.46,119.23,119.00,271.00,74.00,94.00,0.0000,143.55,1,0,3.3261,ACCEPT,0,3872,270,17241,2,100,9495,0,0,0,0
191,0,1,1,ACCEPT,61.8204,15.2622,9661,0,0,1.0000,164.77,134.94,88.46,119.23,111.50,267.50,75.00,87.00,0.0000,142.86,1,0,3.3223,ACCEPT,0,3842,241,17233,2,100,9661,0,0,0,0
192,0,1,1,ACCEPT,61.2490,13.4108,9468,0,0,1.0000,164.77,134.94,88.46,119.23,102.50,261.50,89.00,91.00,0.0000,141.05,1,0,3.3135,ACCEPT,0,3868,277,15362,2,100,9468,0,0,0,0
193,0,1,1,ACCEPT,61.4057,14.3499,9514,0,0,1.0000,164.77,134.94,88.46,119.23,95.00,257.50,94.00,93.00,0.0000,141.03,1,0,3.3045,ACCEPT,0,3962,275,16230,2,100,9514,0,0,0,0
194,0,1,1,ACCEPT,61.4575,13.7355,10178,0,0,1.0000,164.77,134.94,88.46,119.23,92.50,251.00,93.00,88.00,0.0000,136.72,1,0,3.3190,ACCEPT,0,4228,282,18247,2,100,10178,0,0,0,0
195,0,1,1,ACCEPT,61.4495,14.7255,11854,0,0,1.0000,164.77,134.94,88.46,119.23,92.50,242.00,97.00,90.00,0.0000,129.17,1,0,3.3309,ACCEPT,0,5091,276,18819,2,100,11854,0,0,0,0
196,0,1,1,ACCEPT,60.5736,14.0118,11868,0,0,1.0000,164.77,134.94,88.46,119.23,94.50,234.00,101.00,92.00,0.0081,121.45,1,0,3.3406,ACCEPT,0,5134,302,19086,2,100,11868,0,0,0,0
197,0,1,1,ACCEPT,60.2205,14.4928,12058,0,0,1.0000,164.77,134.94,88.46,119.23,93.00,230.00,102.00,90.00,0.0115,119.11,1,0,3.3603,ACCEPT,0,5277,309,18547,2,100,12058,0,0,0,0
198,0,1,1,ACCEPT,60.2706,13.3194,11468,0,0,1.0000,164.77,134.94,88.46,119.23,93.50,227.50,101.00,93.00,0.0162,116.82,1,0,3.3715,ACCEPT,0,5000,326,18788,2,100,11468,0,0,0,0
199,0,1,1,ACCEPT,59.4855,15.9175,10999,0,0,1.0000,164.77,134.94,88.46,119.23,95.00,225.00,102.00,92.00,0.0203,113.92,1,0,3.3778,ACCEPT,0,5019,312,19385,2,100,10999,0,0,0,0
200,0,1,1,ACCEPT,59.0058,14.2719,10761,0,0,1.0000,164.77,134.94,88.46,119.23,96.50,223.00,105.00,90.00,0.0241,111.42,1,0,3.3610,ACCEPT,0,4919,287,19789,2,100,10761,0,0,0,0
201,0,1,1,ACCEPT,57.8355,14.1764,10207,0,0,1.0000,164.77,134.94,88.46,119.23,96.50,221.50,105.00,91.00,0.0270,110.24,1,0,3.3502,ACCEPT,0,4662,299,20496,2,100,10207,0,0,0,0
202,0,1,1,ACCEPT,57.3555,14.2118,10332,0,0,1.0000,164.77,134.94,88.46,119.23,97.50,218.50,107.00,87.00,0.0309,107.27,1,0,3.3382,ACCEPT,0,4834,272,20183,2,100,10332,0,0,0,0
203,0,1,1,ACCEPT,56.3167,14.5453,10269,0,0,1.0000,164.77,134.94,88.46,119.23,94.00,213.50,104.00,91.00,0.0350,105.73,1,0,3.3403,ACCEPT,0,4809,281,19265,2,100,10269,0,0,0,0
204,0,1,1,ACCEPT,54.2986,13.2110,10331,0,0,1.0000,164.77,134.94,88.46,119.23,94.00,207.00,100.00,86.00,0.0389,101.00,1,0,3.3311,ACCEPT,0,5056,280,17352,2,100,10331,0,0,0,0
205,0,1,1,ACCEPT,52.0365,11.7644,9588,0,0,1.0000,164.77,134.94,88.46,119.23,93.50,198.00,99.00,88.00,0.0497,95.16,1,0,3.3310,ACCEPT,0,4891,246,15364,2,100,9588,0,0,0,0
206,0,1,1,ACCEPT,48.7525,11.2280,8915,0,0,1.0000,164.77,134.94,88.46,119.23,94.00,192.50,108.00,85.00,0.0661,91.22,1,0,3.3131,ACCEPT,0,4831,241,14605,2,100,8915,0,0,0,0
207,0,1,1,ACCEPT,46.3066,9.2352,8284,0,0,1.0000,164.77,134.94,88.46,119.23,96.50,186.00,107.00,88.00,0.0841,85.25,1,0,3.3018,ACCEPT,0,4694,237,14313,2,100,8284,0,0,0,0
208,0,1,1,ACCEPT,45.2446,8.4246,7818,0,0,1.0000,164.77,134.94,88.46,119.23,98.00,181.00,106.00,88.00,0.0968,81.11,1,0,3.3056,ACCEPT,0,4537,239,14148,2,100,7818,0,0,0,0
209,0,1,1,ACCEPT,44.0581,7.6469,7861,0,0,1.0000,164.77,134.94,88.46,119.23,97.00,172.00,102.00,90.00,0.1038,77.24,1,0,3.3088,ACCEPT,0,4516,265,14990,2,100,7861,0,0,0,0
210,0,1,1,ACCEPT,44.7747,7.8322,8310,0,-1,0.9935,164.77,131.22,85.06,114.64,98.00,169.00,104.00,92.00,0.1040,76.71,1,-1,2.9957,ACCEPT,0,4676,262,14733,2,100,8310,0,0,0,0
211,0,1,1,ACCEPT,47.7897,8.4746,8517,0,0,1.0000,164.77,131.22,85.06,114.64,98.00,164.50,106.00,93.00,0.1154,74.60,1,0,3.1530,ACCEPT,0,4639,271,14974,2,100,8517,0,0,0,0
212,0,1,1,ACCEPT,48.7460,9.8337,8162,0,0,1.0000,164.77,131.22,85.06,114.64,97.00,163.00,102.00,96.00,0.1074,74.85,1,0,3.1675,ACCEPT,0,4194,252,16705,2,100,8162,0,0,0,0
213,0,1,1,ACCEPT,48.3586,11.5773,7861,0,0,1.0000,164.77,131.22,85.06,114.64,95.50,159.00,101.00,98.00,0.1050,74.63,1,0,3.1755,ACCEPT,0,3955,253,17253,2,100,7861,0,0,0,0
214,0,1,1,ACCEPT,47.7752,10.5309,6824,0,0,1.0000,164.77,131.22,85.06,114.64,95.00,157.00,102.00,100.00,0.1076,74.38,1,0,3.1824,ACCEPT,0,3436,263,18038,2,100,6824,0,0,0,0
215,0,1,1,ACCEPT,47.4765,9.5983,6642,0,0,1.0000,164.77,131.22,85.06,114.64,95.50,155.00,105.00,98.00,0.1187,73.23,1,0,3.1951,ACCEPT,0,3251,273,17646,2,100,6642,0,0,0,0
216,0,1,1,ACCEPT,47.2755,8.9058,6243,0,0,1.0000,164.77,131.22,85.06,114.64,95.50,153.00,105.00,100.00,0.1221,72.61,1,0,3.1997,ACCEPT,0,2955,261,18579,2,100,6243,0,0,0,0
217,0,1,1,ACCEPT,48.2047,9.3426,6054,0,0,1.0000,164.77,131.22,85.06,114.64,94.00,154.00,102.00,94.00,0.1062,74.34,1,0,3.1900,ACCEPT,0,2865,253,20864,2,100,6054,0,0,0,0
218,0,1,1,ACCEPT,49.1406,9.7959,6142,0,0,1.0000,164.77,131.22,85.06,114.64,96.00,148.50,106.00,101.00,0.1344,70.90,1,0,3.1910,ACCEPT,0,2828,272,17905,2,100,6142,0,0,0,0
219,0,1,1,ACCEPT,49.0248,10.6181,5617,0,0,1.0000,164.77,131.22,85.06,114.64,94.50,146.50,107.00,103.00,0.1312,71.91,1,0,3.1907,ACCEPT,0,2563,247,20144,2,100,5617,0,0,0,0
220,0,1,1,ACCEPT,49.4202,11.0415,5852,0,0,1.0000,164.77,131.22,85.06,114.64,95.00,146.00,108.00,98.00,0.1370,71.31,1,0,3.2179,ACCEPT,0,2695,246,20241,2,100,5852,0,0,0,0
221,0,1,1,ACCEPT,50.5423,10.5985,5596,0,0,1.0000,164.77,131.22,85.06,114.64,95.00,145.00,108.00,104.00,0.1388,71.11,1,0,3.2151,ACCEPT,0,2533,239,21623,2,100,5596,0,0,0,0
222,0,1,1,ACCEPT,49.4746,9.9545,5256,0,0,1.0000,164.77,131.22,85.06,114.64,93.50,142.00,105.00,106.00,0.1278,72.08,1,0,3.2268,ACCEPT,0,2311,222,16915,2,100,5256,0,0,0,0
223,0,1,1,ACCEPT,51.1723,11.1445,4703,0,0,1.0000,164.77,131.22,85.06,114.64,93.50,142.00,103.00,104.00,0.1231,72.08,1,0,3.2309,ACCEPT,0,2075,244,14162,2,100,4703,0,0,0,0
224,0,1,1,ACCEPT,51.1804,11.3556,4599,0,0,1.0000,164.77,131.22,85.06,114.64,94.00,139.50,102.00,101.00,0.1274,71.25,1,0,3.2431,ACCEPT,0,2057,267,11605,2,100,4599,0,0,0,0
225,0,1,1,ACCEPT,52.1181,11.7541,4972,0,0,1.0000,164.77,131.22,85.06,114.64,93.50,138.50,105.00,103.00,0.1329,71.64,1,0,3.2506,ACCEPT,0,2203,249,10415,2,100,4972,0,0,0,0
0,0,0,0,ZERO_RESPONSE,0.0000,0.0000,0,0,0,0.0000,134.00,241.00,104.00,56.00,134.00,241.00,104.00,56.00,1.0000,0.00,1,0,0.0000,NOT_RUN,0,0,1409,20691,3,150,0,0,0,0,0
1,0,1,1,ACCEPT,45.5841,9.4337,4198,0,0,1.0000,134.00,241.00,104.00,56.00,138.00,238.50,106.00,53.00,0.8485,4.72,1,0,3.2612,ACCEPT,0,2056,1238,21434,3,150,4198,0,0,0,0
2,0,1,1,ACCEPT,31.5896,6.6349,3616,1,-1,0.9889,137.25,239.25,100.00,53.85,142.50,236.50,101.00,55.00,0.8179,5.93,1,-1,2.6592,ACCEPT,0,2235,1145,20965,3,150,3616,0,0,0,0
3,0,1,1,ACCEPT,20.3542,5.0394,2555,0,0,1.0000,137.25,239.25,100.00,53.85,146.50,235.00,101.00,52.00,0.7169,10.18,1,0,2.5077,ACCEPT,0,2148,974,23490,3,150,2555,0,0,0,0
4,0,1,1,ACCEPT,16.0143,2.2999,3006,-1,1,0.9850,134.12,240.94,104.00,56.00,148.50,233.50,103.00,53.00,0.5917,16.19,1,1,3.5055,ACCEPT,0,3154,917,31858,3,150,3006,0,0,0,0
5,0,1,1,ACCEPT,18.5603,3.6128,5589,0,-1,0.9724,134.12,239.19,100.00,53.85,152.50,233.00,97.00,52.00,0.5603,19.39,1,-1,2.8206,ACCEPT,0,5638,932,25777,3,150,5589,0,0,0,0
6,0,1,1,ACCEPT,17.1730,3.8921,5305,0,1,0.9789,134.12,240.88,104.00,56.00,156.50,230.00,93.00,54.00,0.4486,24.88,1,1,3.4901,ACCEPT,0,5142,613,26133,3,150,5305,0,0,0,0
7,0,1,1,ACCEPT,20.0430,4.3834,6505,0,0,1.0000,134.12,240.88,104.00,56.00,158.50,230.00,95.00,52.00,0.4306,26.69,1,0,3.6857,ACCEPT,0,5549,740,24675,3,150,6505,0,0,0,0
8,0,1,1,ACCEPT,22.4543,4.4446,7138,0,0,1.0000,134.12,240.88,104.00,56.00,161.50,230.50,95.00,51.00,0.4115,29.28,1,0,3.7851,ACCEPT,0,5288,682,23945,3,150,7138,0,0,0,0
9,0,1,1,ACCEPT,26.1140,5.4328,7883,0,0,1.0000,134.12,240.88,104.00,56.00,161.50,233.50,95.00,53.00,0.4556,28.35,1,0,3.7923,ACCEPT,0,5483,740,23132,3,150,7883,0,0,0,0
10,0,1,1,ACCEPT,29.3802,6.4722,8375,0,0,1.0000,134.12,240.88,104.00,56.00,163.00,231.50,94.00,49.00,0.4083,30.36,1,0,3.7067,ACCEPT,0,5316,629,22724,3,150,8375,0,0,0,0
11,0,1,1,ACCEPT,31.6785,7.2167,9158,0,0,1.0000,134.12,240.88,104.00,56.00,165.00,234.50,96.00,53.00,0.4386,31.53,1,0,3.5890,ACCEPT,0,5520,605,22115,3,150,9158,0,0,0,0
12,0,1,1,ACCEPT,32.3901,7.0315,9380,0,0,1.0000,134.12,240.88,104.00,56.00,166.00,233.00,94.00,54.00,0.4089,32.83,1,0,3.5624,ACCEPT,0,5482,601,21573,3,150,9380,0,0,0,0
13,0,1,1,ACCEPT,34.3332,7.3643,9581,0,0,1.0000,134.12,240.88,104.00,56.00,167.50,230.50,93.00,51.00,0.3620,34.95,1,0,3.5441,ACCEPT,0,5206,590,20263,3,150,9581,0,0,0,0
14,0,1,1,ACCEPT,37.0302,7.9698,9755,0,0,1.0000,134.12,240.88,104.00,56.00,168.00,233.00,92.00,46.00,0.3793,34.78,1,0,3.5331,ACCEPT,0,4999,578,18578,3,150,9755,0,0,0,0
15,0,1,1,ACCEPT,40.4777,8.2640,10049,0,0,1.0000,134.12,240.88,104.00,56.00,168.50,232.00,91.00,50.00,0.3670,35.50,1,0,3.4824,ACCEPT,0,4946,568,19349,3,150,10049,0,0,0,0
16,0,1,1,ACCEPT,43.8284,9.1625,10546,0,0,1.0000,134.12,240.88,104.00,56.00,168.50,234.00,91.00,54.00,0.3945,35.06,1,0,3.4459,ACCEPT,0,5020,566,20226,3,150,10546,0,0,0,0
17,0,1,1,ACCEPT,45.9735,9.6932,10488,0,0,1.0000,134.12,240.88,104.00,56.00,170.00,231.50,92.00,51.00,0.3526,37.08,1,0,3.4374,ACCEPT,0,4825,551,21691,3,150,10488,0,0,0,0
18,0,1,1,ACCEPT,46.6875,10.1095,10898,0,0,1.0000,134.12,240.88,104.00,56.00,172.00,232.00,90.00,50.00,0.3382,38.90,1,0,3.4438,ACCEPT,0,4768,536,22945,3,150,10898,0,0,0,0
19,0,1,1,ACCEPT,46.4070,10.6392,11235,0,0,1.0000,134.12,240.88,104.00,56.00,172.50,232.00,91.00,50.00,0.3360,39.39,1,0,3.4971,ACCEPT,0,5146,559,26420,3,150,11235,0,0,0,0
20,0,1,1,ACCEPT,46.0926,9.3204,12275,0,0,1.0000,134.12,240.88,104.00,56.00,173.50,232.50,91.00,51.00,0.3345,40.26,1,0,3.5312,ACCEPT,0,5848,541,25718,3,150,12275,0,0,0,0
21,0,1,1,ACCEPT,48.1296,10.3331,12317,0,0,1.0000,134.12,240.88,104.00,56.00,173.00,234.50,92.00,47.00,0.3567,39.39,1,0,3.5651,ACCEPT,0,5879,538,26116,3,150,12317,0,0,0,0
22,0,1,1,ACCEPT,52.4340,12.4066,12419,0,0,1.0000,134.12,240.88,104.00,56.00,171.50,234.50,93.00,49.00,0.3729,37.91,1,0,3.5221,ACCEPT,0,5723,540,24723,3,150,12419,0,0,0,0
23,0,1,1,ACCEPT,56.2662,12.6869,12357,0,0,1.0000,134.12,240.88,104.00,56.00,172.00,233.00,90.00,48.00,0.3462,38.69,1,0,3.4265,ACCEPT,0,5318,566,25199,3,150,12357,0,0,0,0
24,0,1,1,ACCEPT,46.2308,9.0665,11460,0,0,1.0000,134.12,240.88,104.00,56.00,169.00,231.00,92.00,50.00,0.3535,36.25,1,0,3.4480,ACCEPT,0,5864,617,24855,3,150,11460,0,0,0,0
25,0,1,1,ACCEPT,37.6392,7.0744,10548,0,0,1.0000,134.12,240.88,104.00,56.00,168.50,227.50,91.00,51.00,0.3193,36.89,1,0,3.5314,ACCEPT,0,5995,666,24444,3,150,10548,0,0,0,0
26,0,1,1,ACCEPT,34.8543,6.8700,9879,0,0,1.0000,134.12,240.88,104.00,56.00,160.00,226.50,108.00,59.00,0.3953,29.60,1,0,3.4962,ACCEPT,0,5826,665,23363,3,150,9879,0,0,0,0
27,0,1,1,ACCEPT,34.9091,7.0216,9774,0,0,1.0000,134.12,240.88,104.00,56.00,161.00,224.00,96.00,50.00,0.3309,31.73,1,0,3.3740,ACCEPT,0,5787,658,23046,3,150,9774,0,0,0,0
28,0,1,1,ACCEPT,35.5300,6.8536,10109,0,0,1.0000,134.12,240.88,104.00,56.00,159.50,218.00,97.00,56.00,0.2838,34.16,1,0,3.3983,ACCEPT,0,5874,679,20868,3,150,10109,0,0,0,0
29,0,1,1,ACCEPT,37.6229,6.5126,10101,0,0,1.0000,134.12,240.88,104.00,56.00,161.00,214.50,92.00,57.00,0.2401,37.66,1,0,3.3617,ACCEPT,0,5551,676,18127,3,150,10101,0,0,0,0
30,0,1,1,ACCEPT,37.9209,6.1747,9682,0,0,1.0000,134.12,240.88,104.00,56.00,162.00,210.50,94.00,59.00,0.2044,41.23,1,0,3.2125,ACCEPT,0,5075,752,16319,3,150,9682,0,0,0,0
31,0,1,1,ACCEPT,38.0928,6.9131,9630,0,0,1.0000,134.12,240.88,104.00,56.00,158.00,206.50,98.00,59.00,0.1816,41.85,1,0,3.2743,ACCEPT,0,4756,759,15602,3,150,9630,0,0,0,0
32,0,1,1,ACCEPT,38.1867,7.4249,9734,0,0,1.0000,134.12,240.88,104.00,56.00,156.00,205.00,98.00,62.00,0.1817,42.02,1,0,3.3234,ACCEPT,0,4804,765,14965,3,150,9734,0,0,0,0
33,0,1,1,ACCEPT,38.0762,8.9674,9344,0,0,1.0000,134.12,240.88,104.00,56.00,156.50,201.00,95.00,64.00,0.1499,45.72,1,0,3.4232,ACCEPT,0,4651,763,14145,3,150,9344,0,0,0,0
34,0,1,1,ACCEPT,38.7828,8.8273,9251,0,0,1.0000,134.12,240.88,104.00,56.00,153.50,196.50,93.00,69.00,0.1327,48.42,1,0,3.4297,ACCEPT,0,4415,736,13431,3,150,9251,0,0,0,0
35,0,1,1,ACCEPT,38.9597,7.9798,9081,0,0,1.0000,134.12,240.88,104.00,56.00,155.50,191.50,97.00,67.00,0.0844,53.80,1,0,3.4083,ACCEPT,0,4384,715,12961,3,150,9081,0,0,0,0
36,0,1,1,ACCEPT,39.4893,7.3830,8675,0,0,1.0000,134.12,240.88,104.00,56.00,154.00,190.50,98.00,69.00,0.0848,54.15,1,0,3.4018,ACCEPT,0,4204,716,12702,3,150,8675,0,0,0,0
37,0,1,1,ACCEPT,41.5260,8.1328,8572,0,0,1.0000,134.12,240.88,104.00,56.00,151.50,189.00,97.00,70.00,0.0791,54.71,1,0,3.3711,ACCEPT,0,4034,735,12455,3,150,8572,0,0,0,0
38,0,1,1,ACCEPT,42.7956,8.4254,8299,0,0,1.0000,134.12,240.88,104.00,56.00,150.00,188.00,98.00,70.00,0.0729,55.21,1,0,3.3340,ACCEPT,0,3903,731,13210,3,150,8299,0,0,0,0
39,0,1,1,ACCEPT,43.1663,8.2376,8320,0,0,1.0000,134.12,240.88,104.00,56.00,145.50,184.00,97.00,68.00,0.0382,58.00,1,0,3.3578,ACCEPT,0,3901,764,14215,3,150,8320,0,0,0,0
40,0,1,1,ACCEPT,42.4813,8.0146,8239,0,0,1.0000,134.12,240.88,104.00,56.00,143.50,183.50,99.00,69.00,0.0388,58.14,1,0,3.3647,ACCEPT,0,3957,778,14595,3,150,8239,0,0,0,0
41,0,1,1,ACCEPT,43.4042,8.4192,8234,0,0,1.0000,134.12,240.88,104.00,56.00,140.00,182.00,102.00,72.00,0.0393,59.17,1,0,3.3191,ACCEPT,0,4036,782,14278,3,150,8234,0,0,0,0
42,0,1,1,ACCEPT,43.9021,8.0862,8070,0,0,1.0000,134.12,240.88,104.00,56.00,135.00,180.00,104.00,74.00,0.0325,60.88,1,0,3.3159,ACCEPT,0,3965,787,13870,3,150,8070,0,0,0,0
43,0,1,1,ACCEPT,43.8843,8.0236,8489,0,0,1.0000,134.12,240.88,104.00,56.00,134.00,175.50,100.00,73.00,0.0000,65.38,1,0,3.3175,ACCEPT,0,4286,764,13684,3,150,8489,0,0,0,0
44,0,1,1,ACCEPT,43.2345,8.1883,8524,0,0,1.0000,134.12,240.88,104.00,56.00,129.00,173.50,104.00,75.00,0.0000,67.57,1,0,3.3310,ACCEPT,0,4383,758,13551,3,150,8524,0,0,0,0
45,0,1,1,ACCEPT,41.7212,8.0928,8635,0,0,1.0000,134.12,240.88,104.00,56.00,126.50,172.00,103.00,78.00,0.0000,69.30,1,0,3.3211,ACCEPT,0,4527,745,13597,3,150,8635,0,0,0,0
46,0,1,1,ACCEPT,39.9541,8.2151,8708,0,0,1.0000,134.12,240.88,104.00,56.00,119.00,171.50,106.00,77.00,0.0000,71.00,1,0,3.3249,ACCEPT,0,4572,758,14228,3,150,8708,0,0,0,0
47,0,1,1,ACCEPT,38.4685,7.7714,9178,0,0,1.0000,134.12,240.88,104.00,56.00,119.50,164.50,103.00,85.00,0.0000,77.76,1,0,3.3902,ACCEPT,0,4845,737,13503,3,150,9178,0,0,0,0
48,0,1,1,ACCEPT,39.8181,7.9274,9172,0,0,1.0000,134.12,240.88,104.00,56.00,115.00,161.00,100.00,84.00,0.0000,82.13,1,0,3.4194,ACCEPT,0,4584,739,13864,3,150,9172,0,0,0,0
49,0,1,1,ACCEPT,42.6368,8.3548,9491,0,0,1.0000,134.12,240.88,104.00,56.00,114.00,157.00,102.00,92.00,0.0000,86.26,1,0,3.4204,ACCEPT,0,4658,735,13772,3,150,9491,0,0,0,0
50,0,1,1,ACCEPT,44.6246,8.7996,9486,0,0,1.0000,134.12,240.88,104.00,56.00,112.50,152.50,105.00,95.00,0.0000,90.98,1,0,3.4408,ACCEPT,0,4580,706,13788,3,150,9486,0,0,0,0
51,0,1,1,ACCEPT,46.6009,8.8135,9924,0,0,1.0000,134.12,240.88,104.00,56.00,112.00,149.00,106.00,98.00,0.0000,94.50,1,0,3.4646,ACCEPT,0,4712,702,13659,3,150,9924,0,0,0,0
52,0,1,1,ACCEPT,49.2564,10.6214,10016,0,0,1.0000,134.12,240.88,104.00,56.00,109.50,144.50,105.00,99.00,0.0000,99.47,1,0,3.4760,ACCEPT,0,4719,672,14465,3,150,10016,0,0,0,0
53,0,1,1,ACCEPT,52.3145,11.7745,10809,0,0,1.0000,134.12,240.88,104.00,56.00,108.50,140.00,103.00,102.00,0.0000,104.08,1,0,3.4744,ACCEPT,0,4889,656,14161,3,150,10809,0,0,0,0
54,0,1,1,ACCEPT,53.8789,12.4549,10761,0,0,1.0000,134.12,240.88,104.00,56.00,106.00,135.50,106.00,105.00,0.0000,109.06,1,0,3.4953,ACCEPT,0,4754,686,14266,3,150,10761,0,0,0,0
55,0,1,1,ACCEPT,55.3558,13.0364,10755,0,0,1.0000,134.12,240.88,104.00,56.00,103.00,131.50,106.00,107.00,0.0000,113.72,1,0,3.4968,ACCEPT,0,4846,648,14960,3,150,10755,0,0,0,0
56,0,1,1,ACCEPT,56.4104,12.7255,10893,0,0,1.0000,134.12,240.88,104.00,56.00,99.50,128.00,103.00,112.00,0.0000,118.07,1,0,3.4949,ACCEPT,0,4780,643,15305,3,150,10893,0,0,0,0
57,0,1,1,ACCEPT,57.6193,12.5351,11081,0,0,1.0000,134.12,240.88,104.00,56.00,95.00,127.00,104.00,110.00,0.0000,120.41,1,0,3.4979,ACCEPT,0,4944,641,15317,3,150,11081,0,0,0,0
58,0,1,1,ACCEPT,59.4301,13.5437,10835,0,0,1.0000,134.12,240.88,104.00,56.00,89.50,124.50,99.00,113.00,0.0000,124.64,1,0,3.4944,ACCEPT,0,4622,648,15568,3,150,10835,0,0,0,0
59,0,1,1,ACCEPT,60.3927,14.3290,11019,0,0,1.0000,134.12,240.88,104.00,56.00,86.50,123.00,105.00,114.00,0.0000,127.13,1,0,3.4910,ACCEPT,0,4681,621,14992,3,150,11019,0,0,0,0
60,0,1,1,ACCEPT,61.7925,14.6291,10767,0,0,1.0000,134.12,240.88,104.00,56.00,85.50,120.50,103.00,117.00,0.0000,129.83,1,0,3.4873,ACCEPT,0,4452,593,15183,3,150,10767,0,0,0,0
61,0,1,1,ACCEPT,62.3953,14.8179,10906,0,0,1.0000,134.12,240.88,104.00,56.00,82.50,120.00,99.00,120.00,0.0000,131.44,1,0,3.4857,ACCEPT,0,4464,614,15482,3,150,10906,0,0,0,0
62,0,1,1,ACCEPT,63.3664,16.0429,11214,0,0,1.0000,134.12,240.88,104.00,56.00,81.00,117.50,102.00,123.00,0.0000,134.33,1,0,3.4807,ACCEPT,0,4537,612,15530,3,150,11214,0,0,0,0
63,0,1,1,ACCEPT,64.7602,16.1648,11380,0,0,1.0000,134.12,240.88,104.00,56.00,79.50,116.50,103.00,121.00,0.0000,135.84,1,0,3.4807,ACCEPT,0,4498,608,15895,3,150,11380,0,0,0,0
64,0,1,1,ACCEPT,65.3995,17.4030,11660,0,0,1.0000,134.12,240.88,104.00,56.00,77.50,112.00,97.00,122.00,0.0000,140.77,1,0,3.4735,ACCEPT,0,4619,599,15847,3,150,11660,0,0,0,0
65,0,1,1,ACCEPT,64.8262,15.5359,11683,0,0,1.0000,134.12,240.88,104.00,56.00,78.00,106.00,94.00,122.00,0.0000,146.09,1,0,3.4728,ACCEPT,0,4618,611,16027,3,150,11683,0,0,0,0
66,0,1,1,ACCEPT,67.3218,15.9945,11644,0,0,1.0000,134.12,240.88,104.00,56.00,79.50,105.50,93.00,129.00,0.0000,145.98,1,0,3.4693,ACCEPT,0,4355,616,16325,3,150,11644,0,0,0,0
67,0,1,1,ACCEPT,66.9287,15.8289,11840,0,0,1.0000,134.12,240.88,104.00,56.00,79.50,100.50,93.00,127.00,0.0000,150.63,1,0,3.4693,ACCEPT,0,4439,600,16672,3,150,11840,0,0,0,0
68,0,1,1,ACCEPT,67.5842,17.2356,11996,0,0,1.0000,134.12,240.88,104.00,56.00,80.00,98.50,92.00,131.00,0.0000,152.32,1,0,3.4659,ACCEPT,0,4555,610,16834,3,150,11996,0,0,0,0
69,0,1,1,ACCEPT,69.0946,16.3392,11993,0,0,1.0000,134.12,240.88,104.00,56.00,82.00,95.50,92.00,129.00,0.0000,154.44,1,0,3.4632,ACCEPT,0,4402,590,16588,3,150,11993,0,0,0,0
70,0,1,1,ACCEPT,68.7791,16.3232,11818,0,0,1.0000,134.12,240.88,104.00,56.00,85.00,93.00,92.00,128.00,0.0000,155.82,1,0,3.4588,ACCEPT,0,4366,589,16786,3,150,11818,0,0,0,0
71,0,1,1,ACCEPT,69.1239,16.9829,11905,0,0,1.0000,134.12,240.88,104.00,56.00,87.00,92.00,92.00,128.00,0.0000,156.16,1,0,3.4562,ACCEPT,0,4400,616,16567,3,150,11905,0,0,0,0
72,0,1,1,ACCEPT,68.7484,18.1296,11893,0,0,1.0000,134.12,240.88,104.00,56.00,88.50,92.50,93.00,131.00,0.0000,155.23,1,0,3.4558,ACCEPT,0,4279,611,16707,3,150,11893,0,0,0,0
73,0,1,1,ACCEPT,70.0034,17.2269,11387,0,0,1.0000,134.12,240.88,104.00,56.00,90.00,93.50,94.00,131.00,0.0000,153.84,1,0,3.4528,ACCEPT,0,4093,588,16734,3,150,11387,0,0,0,0
74,0,1,1,ACCEPT,68.8620,17.6759,11507,0,0,1.0000,134.12,240.88,104.00,56.00,93.50,94.00,91.00,132.00,0.0000,152.39,1,0,3.4514,ACCEPT,0,4270,587,16400,3,150,11507,0,0,0,0
75,0,1,1,ACCEPT,69.5218,17.8421,11187,0,0,1.0000,134.12,240.88,104.00,56.00,94.50,95.00,89.00,130.00,0.0000,151.16,1,0,3.4508,ACCEPT,0,4008,605,15877,3,150,11187,0,0,0,0
76,0,1,1,ACCEPT,69.7061,17.2321,10839,0,0,1.0000,134.12,240.88,104.00,56.00,96.00,97.00,90.00,130.00,0.0000,148.84,1,0,3.4494,ACCEPT,0,3856,598,16165,3,150,10839,0,0,0,0
77,0,1,1,ACCEPT,67.4216,15.9529,10832,0,0,1.0000,134.12,240.88,104.00,56.00,98.00,98.00,90.00,130.00,0.0000,147.37,1,0,3.4449,ACCEPT,0,3979,591,15505,3,150,10832,0,0,0,0
78,0,1,1,ACCEPT,68.5505,16.1729,10383,0,0,1.0000,134.12,240.88,104.00,56.00,102.00,99.00,86.00,126.00,0.0000,145.47,1,0,3.4453,ACCEPT,0,3768,605,15768,3,150,10383,0,0,0,0
79,0,1,1,ACCEPT,67.0412,16.3150,10670,0,0,1.0000,134.12,240.88,104.00,56.00,102.50,98.00,85.00,120.00,0.0000,146.33,1,0,3.4433,ACCEPT,0,4021,610,14959,3,150,10670,0,0,0,0
80,0,1,1,ACCEPT,66.3460,14.3869,10114,0,0,1.0000,134.12,240.88,104.00,56.00,107.50,101.50,87.00,121.00,0.0000,141.90,1,0,3.4425,ACCEPT,0,3792,641,14256,3,150,10114,0,0,0,0
81,0,1,1,ACCEPT,67.2640,18.5690,9693,0,0,1.0000,134.12,240.88,104.00,56.00,108.00,105.50,88.00,121.00,0.0000,137.87,1,0,3.4344,ACCEPT,0,3577,616,13873,3,150,9693,0,0,0,0
82,0,1,1,ACCEPT,66.0817,17.4375,9486,0,0,1.0000,134.12,240.88,104.00,56.00,109.50,110.00,89.00,124.00,0.0000,133.17,1,0,3.4121,ACCEPT,0,3587,655,13909,3,150,9486,0,0,0,0
83,0,1,1,ACCEPT,64.7254,14.0793,9588,0,0,1.0000,134.12,240.88,104.00,56.00,110.00,114.00,88.00,122.00,0.0000,129.15,1,0,3.3843,ACCEPT,0,3765,676,14459,3,150,9588,0,0,0,0
84,0,1,1,ACCEPT,59.9783,11.6508,9775,0,0,1.0000,134.12,240.88,104.00,56.00,111.00,115.50,90.00,119.00,0.0000,127.49,1,0,3.3572,ACCEPT,0,4060,703,14592,3,150,9775,0,0,0,0
85,0,1,1,ACCEPT,54.0311,9.8755,9362,0,0,1.0000,134.12,240.88,104.00,56.00,112.00,118.50,88.00,119.00,0.0000,124.36,1,0,3.3489,ACCEPT,0,4037,703,13603,3,150,9362,0,0,0,0
86,0,1,1,ACCEPT,49.5113,9.0492,8832,0,0,1.0000,134.12,240.88,104.00,56.00,112.50,121.00,85.00,118.00,0.0000,121.81,1,0,3.3437,ACCEPT,0,3927,726,13409,3,150,8832,0,0,0,0
87,0,1,1,ACCEPT,47.1796,8.5355,8288,0,0,1.0000,134.12,240.88,104.00,56.00,112.00,123.50,86.00,117.00,0.0000,119.44,1,0,3.3152,ACCEPT,0,3850,765,14473,3,150,8288,0,0,0,0
88,0,1,1,ACCEPT,41.9414,7.4073,8148,0,0,1.0000,134.12,240.88,104.00,56.00,112.00,126.50,86.00,117.00,0.0000,116.50,1,0,3.3791,ACCEPT,0,4077,769,15856,3,150,8148,0,0,0,0
89,0,1,1,ACCEPT,40.6736,6.8317,8888,0,0,1.0000,134.12,240.88,104.00,56.00,111.00,128.50,84.00,111.00,0.0000,114.73,1,0,3.4394,ACCEPT,0,4418,780,16618,3,150,8888,0,0,0,0
90,0,1,1,ACCEPT,39.8748,6.4528,8679,0,0,1.0000,134.12,240.88,104.00,56.00,112.00,130.00,86.00,112.00,0.0000,113.06,1,0,3.4857,ACCEPT,0,4431,788,15676,3,150,8679,0,0,0,0
91,0,1,1,ACCEPT,40.3327,6.7020,8163,0,0,1.0000,134.12,240.88,104.00,56.00,112.00,130.00,84.00,110.00,0.0000,113.06,1,0,3.4556,ACCEPT,0,4127,789,16667,3,150,8163,0,0,0,0
92,0,1,1,ACCEPT,41.8020,7.7990,7916,0,0,1.0000,134.12,240.88,104.00,56.00,113.00,136.50,86.00,109.00,0.0000,106.49,1,0,3.4107,ACCEPT,0,3901,796,17162,3,150,7916,0,0,0,0
93,0,1,1,ACCEPT,44.8751,8.3571,8449,0,0,1.0000,134.12,240.88,104.00,56.00,113.00,139.00,86.00,110.00,0.0000,104.04,1,0,3.3604,ACCEPT,0,4126,803,16811,3,150,8449,0,0,0,0
94,0,1,1,ACCEPT,48.2737,6.8103,8976,0,0,1.0000,134.12,240.88,104.00,56.00,113.00,142.00,86.00,108.00,0.0000,101.11,1,0,3.2927,ACCEPT,0,4100,770,15581,3,150,8976,0,0,0,0
95,0,1,1,ACCEPT,50.6955,6.6901,9045,0,0,1.0000,134.12,240.88,104.00,56.00,115.00,143.50,88.00,109.00,0.0000,99.24,1,0,3.2889,ACCEPT,0,3977,742,14743,3,150,9045,0,0,0,0
96,0,1,1,ACCEPT,50.8925,6.2549,8882,0,0,1.0000,134.12,240.88,104.00,56.00,116.50,144.50,87.00,109.00,0.0000,97.97,1,0,3.2996,ACCEPT,0,3787,727,15594,3,150,8882,0,0,0,0
97,0,1,1,ACCEPT,51.8650,6.4557,9916,0,0,1.0000,134.12,240.88,104.00,56.00,118.00,146.00,90.00,110.00,0.0000,96.24,1,0,3.3104,ACCEPT,0,4052,664,13929,3,150,9916,0,0,0,0
98,0,1,1,ACCEPT,51.7491,6.2200,9442,0,0,1.0000,134.12,240.88,104.00,56.00,117.50,148.00,91.00,108.00,0.0000,94.35,1,0,3.3150,ACCEPT,0,3753,648,13830,3,150,9442,0,0,0,0
99,0,1,1,ACCEPT,49.3001,6.2764,9107,0,0,1.0000,134.12,240.88,104.00,56.00,117.50,150.00,91.00,112.00,0.0000,92.38,1,0,3.3363,ACCEPT,0,3615,654,13489,3,150,9107,0,0,0,0
100,0,1,1,ACCEPT,45.4930,6.7728,8317,0,0,1.0000,134.12,240.88,104.00,56.00,117.50,151.00,91.00,110.00,0.0000,91.40,1,0,3.3542,ACCEPT,0,3390,641,13236,3,150,8317,0,0,0,0
101,0,1,1,ACCEPT,43.2019,7.7805,8224,0,0,1.0000,134.12,240.88,104.00,56.00,119.00,151.00,92.00,110.00,0.0000,91.14,1,0,3.3302,ACCEPT,0,3444,630,13457,3,150,8224,0,0,0,0
102,0,1,1,ACCEPT,43.6676,7.3954,8623,0,0,1.0000,134.12,240.88,104.00,56.00,119.50,156.50,91.00,111.00,0.0000,85.63,1,0,3.3401,ACCEPT,0,3879,587,13896,3,150,8623,0,0,0,0
103,0,1,1,ACCEPT,39.0298,6.4828,9251,0,0,1.0000,134.12,240.88,104.00,56.00,121.00,162.50,92.00,113.00,0.0331,79.47,1,0,3.3329,ACCEPT,0,4479,544,11198,3,150,9251,0,0,0,0
104,0,1,1,ACCEPT,42.3356,6.3308,9262,0,0,1.0000,134.12,240.88,104.00,56.00,122.50,168.50,93.00,107.00,0.0529,73.30,1,0,3.3211,ACCEPT,0,4195,532,10599,3,150,9262,0,0,0,0
105,0,1,1,ACCEPT,44.4268,7.1130,9631,0,0,1.0000,134.12,240.88,104.00,56.00,122.50,170.00,93.00,114.00,0.0807,71.82,1,0,3.3212,ACCEPT,0,4566,522,12708,3,150,9631,0,0,0,0
106,0,1,1,ACCEPT,42.7909,6.4787,10800,0,0,1.0000,134.12,240.88,104.00,56.00,123.00,173.00,96.00,110.00,0.0894,68.78,1,0,3.3126,ACCEPT,0,5436,516,12343,3,150,10800,0,0,0,0
107,0,1,1,ACCEPT,41.5661,7.1920,10191,0,0,1.0000,134.12,240.88,104.00,56.00,125.00,178.50,96.00,111.00,0.1318,63.04,1,0,3.2842,ACCEPT,0,5205,556,11465,3,150,10191,0,0,0,0
108,0,1,1,ACCEPT,42.4346,8.4990,8941,0,0,1.0000,134.12,240.88,104.00,56.00,126.00,181.00,96.00,114.00,0.1596,60.42,1,0,3.2819,ACCEPT,0,4450,569,15261,3,150,8941,0,0,0,0
109,0,1,1,ACCEPT,44.5228,10.2965,11007,0,0,1.0000,134.12,240.88,104.00,56.00,127.00,181.50,94.00,109.00,0.1524,59.80,1,0,3.2396,ACCEPT,0,5275,596,15132,3,150,11007,0,0,0,0
110,0,1,1,ACCEPT,46.5268,10.1915,10589,0,0,1.0000,134.12,240.88,104.00,56.00,129.00,183.00,92.00,108.00,0.1639,58.10,1,0,3.2127,ACCEPT,0,4950,593,14523,3,150,10589,0,0,0,0
111,0,1,1,ACCEPT,48.2901,11.2638,9777,0,0,1.0000,134.12,240.88,104.00,56.00,133.00,183.00,86.00,112.00,0.1701,57.89,1,0,3.2304,ACCEPT,0,4397,565,15077,3,150,9777,0,0,0,0
112,0,1,1,ACCEPT,48.8025,12.6455,10167,0,0,1.0000,134.12,240.88,104.00,56.00,135.00,184.50,84.00,115.00,0.1877,56.38,1,0,3.2535,ACCEPT,0,4437,530,17325,3,150,10167,0,0,0,0
113,0,1,1,ACCEPT,43.2413,8.0603,10156,0,0,1.0000,134.12,240.88,104.00,56.00,135.50,187.00,83.00,118.00,0.2136,53.89,1,0,3.2539,ACCEPT,0,5002,494,16447,3,150,10156,0,0,0,0
114,0,1,1,ACCEPT,35.8472,5.0082,8534,1,0,0.9851,137.38,240.88,104.00,56.00,136.50,193.50,81.00,115.00,0.2563,47.38,1,0,2.8323,ACCEPT,0,4767,533,14571,3,150,8534,0,0,0,0
115,0,1,1,ACCEPT,30.5756,4.4725,7639,0,0,1.0000,137.38,240.88,104.00,56.00,136.50,198.00,83.00,114.00,0.2966,42.88,1,0,2.7344,ACCEPT,0,4473,480,16861,3,150,7639,0,0,0,0
116,0,1,1,ACCEPT,29.3346,4.1664,8237,0,0,1.0000,137.38,240.88,108.16,58.24,137.50,199.50,81.00,115.00,0.3067,41.38,1,1,2.7521,ACCEPT,0,4709,462,16548,3,150,8237,0,0,0,0
117,0,1,1,ACCEPT,28.2152,3.7685,8547,0,0,1.0000,137.38,240.88,108.16,58.24,139.00,200.50,78.00,115.00,0.3093,40.41,1,0,2.8449,ACCEPT,0,4764,330,19213,3,150,8547,0,0,0,0
118,0,1,1,ACCEPT,26.0999,4.6018,8679,0,0,1.0000,137.38,240.88,108.16,58.24,139.00,203.50,76.00,113.00,0.3268,37.41,1,0,2.9405,ACCEPT,0,5550,340,19339,3,150,8679,0,0,0,0
119,0,1,1,ACCEPT,21.8307,4.2681,7068,0,0,1.0000,137.38,240.88,108.16,58.24,139.50,208.50,75.00,113.00,0.3704,32.44,1,0,3.0290,ACCEPT,0,5768,348,19337,3,150,7068,0,0,0,0
120,0,1,1,ACCEPT,18.8414,3.7001,6020,0,0,1.0000,137.38,240.88,108.16,58.24,142.50,216.00,73.00,118.00,0.3988,25.40,1,0,3.1436,ACCEPT,0,5685,356,18482,3,150,6020,0,0,0,0
121,0,1,1,ACCEPT,20.7245,4.5796,5784,0,0,1.0000,137.38,240.88,108.16,58.24,145.00,219.00,72.00,116.00,0.4010,23.17,1,0,3.0700,ACCEPT,0,5074,350,16157,3,150,5784,0,0,0,0
122,0,1,1,ACCEPT,21.8597,4.7649,5513,0,0,1.0000,137.38,240.88,108.16,58.24,149.00,228.50,64.00,117.00,0.3705,16.98,1,0,3.1124,ACCEPT,0,4324,322,14841,3,150,5513,0,0,0,0
123,0,1,1,ACCEPT,20.9674,3.7040,5156,-1,0,0.9899,134.00,240.88,104.00,56.00,151.50,234.00,65.00,118.00,0.3694,18.80,1,-1,3.2602,ACCEPT,0,3360,384,12698,3,150,5156,0,0,0,0
124,0,1,1,ACCEPT,26.5917,5.4435,6750,0,0,1.0000,134.00,240.88,104.00,56.00,155.00,240.00,60.00,116.00,0.3565,21.02,1,0,3.3400,ACCEPT,0,4058,464,14737,3,150,6750,0,0,0,0
125,0,1,1,ACCEPT,31.1122,5.7753,8328,0,0,1.0000,134.00,240.88,104.00,56.00,156.00,246.00,58.00,124.00,0.3325,22.59,1,0,3.3431,ACCEPT,0,4385,458,15603,3,150,8328,0,0,0,0
126,0,1,1,ACCEPT,33.2801,6.4865,8147,0,0,1.0000,134.00,240.88,104.00,56.00,159.50,243.50,57.00,115.00,0.3312,25.63,1,0,3.3355,ACCEPT,0,4730,469,15793,3,150,8147,0,0,0,0
127,0,1,1,ACCEPT,30.3269,7.1791,7574,0,0,1.0000,134.00,240.88,104.00,56.00,159.00,249.50,52.00,113.00,0.3314,26.45,1,0,3.3701,ACCEPT,0,5554,408,16894,3,150,7574,0,0,0,0
128,0,1,1,ACCEPT,28.7452,6.1306,7559,0,0,1.0000,134.00,240.88,104.00,56.00,159.00,252.50,54.00,115.00,0.3356,27.57,1,0,3.4386,ACCEPT,0,5813,439,17744,3,150,7559,0,0,0,0
129,0,1,1,ACCEPT,31.4762,5.7427,8637,0,0,1.0000,134.00,240.88,104.00,56.00,162.50,256.00,49.00,116.00,0.3048,32.26,1,0,3.4217,ACCEPT,0,5646,420,16872,3,150,8637,0,0,0,0
130,0,1,1,ACCEPT,30.2474,5.2399,10071,0,0,1.0000,134.00,240.88,104.00,56.00,162.50,260.50,49.00,103.00,0.3285,34.60,1,0,3.3751,ACCEPT,0,5541,461,18901,3,150,10071,0,0,0,0
131,0,1,1,ACCEPT,29.0321,4.9088,11678,0,0,1.0000,134.00,240.88,104.00,56.00,162.50,262.00,49.00,104.00,0.3265,35.48,1,0,3.3292,ACCEPT,0,6209,439,18289,3,150,11678,0,0,0,0
132,0,1,1,ACCEPT,35.8642,5.3812,11871,0,0,1.0000,134.00,240.88,104.00,56.00,163.00,261.50,50.00,91.00,0.3239,35.59,1,0,3.3271,ACCEPT,0,5843,458,15039,3,150,11871,0,0,0,0
133,0,1,1,ACCEPT,40.2951,6.2541,11864,0,0,1.0000,134.00,240.88,104.00,56.00,163.50,271.00,51.00,90.00,0.2463,42.16,1,0,3.3630,ACCEPT,0,5242,431,14033,3,150,11864,0,0,0,0
134,0,1,1,ACCEPT,40.7039,6.5287,11484,0,0,1.0000,134.00,240.88,104.00,56.00,158.50,273.00,61.00,90.00,0.2651,40.40,1,0,3.4281,ACCEPT,0,5294,447,13432,3,150,11484,0,0,0,0
135,0,1,1,ACCEPT,32.7074,5.5944,10221,0,0,1.0000,134.00,240.88,104.00,56.00,154.50,275.50,61.00,85.00,0.2481,40.24,1,0,3.4472,ACCEPT,0,5545,433,14799,3,150,10221,0,0,0,0
136,0,1,1,ACCEPT,32.0739,5.2990,9978,0,0,1.0000,134.00,240.88,104.00,56.00,147.50,273.50,73.00,89.00,0.3093,35.31,1,0,3.5454,ACCEPT,0,5790,327,18236,3,150,9978,0,0,0,0
137,0,1,1,ACCEPT,32.4915,5.0476,10181,0,0,1.0000,134.00,240.88,104.00,56.00,140.00,275.50,82.00,85.00,0.2986,35.14,1,0,3.5917,ACCEPT,0,5840,299,17269,3,150,10181,0,0,0,0
138,0,1,1,ACCEPT,25.8153,3.8221,8034,0,0,1.0000,134.00,240.88,104.00,56.00,136.50,272.50,75.00,91.00,0.3303,31.72,1,0,3.6515,ACCEPT,0,6076,296,19194,3,150,8034,0,0,0,0
139,0,1,1,ACCEPT,23.5256,3.2317,7588,0,0,1.0000,134.00,240.88,104.00,56.00,120.00,268.50,76.00,89.00,0.3716,30.97,1,0,3.4804,ACCEPT,0,7131,338,19718,3,150,7588,0,0,0,0
140,0,1,1,ACCEPT,23.4361,3.5015,8078,0,0,1.0000,134.00,240.88,104.00,56.00,119.00,271.00,74.00,94.00,0.3511,33.65,1,0,3.4887,ACCEPT,0,8099,344,19382,3,150,8078,0,0,0,0
141,0,1,1,ACCEPT,21.3134,3.4927,7181,-1,0,0.9786,130.75,240.88,104.00,56.00,111.50,267.50,75.00,87.00,0.3428,32.86,1,0,2.8659,ACCEPT,0,8233,385,15284,3,150,7181,0,0,0,0
142,0,1,1,ACCEPT,15.5074,2.1776,5285,0,0,1.0000,130.75,240.88,104.00,56.00,102.50,261.50,89.00,91.00,0.3499,34.98,1,0,3.0607,ACCEPT,0,7264,321,19596,3,150,5285,0,0,0,0
143,0,1,1,ACCEPT,15.2000,2.8275,4589,0,0,1.0000,130.75,240.88,104.00,56.00,95.00,257.50,94.00,93.00,0.3213,39.43,1,0,2.7397,ACCEPT,0,5288,310,19032,3,150,4589,0,0,0,0
144,0,1,1,ACCEPT,18.0723,4.8511,5147,0,0,1.0000,130.75,240.88,104.00,56.00,92.50,251.00,93.00,88.00,0.3173,39.57,1,0,2.8658,ACCEPT,0,4212,362,15978,3,150,5147,0,0,0,0
145,0,1,1,ACCEPT,13.8047,2.8115,4043,0,-1,0.8622,130.75,239.12,104.00,56.00,92.50,242.00,97.00,90.00,0.3150,38.36,1,0,2.5736,ACCEPT,0,3846,336,16822,3,150,4043,0,0,0,0
146,0,1,1,ACCEPT,9.9657,2.0986,3001,0,0,1.0000,130.75,239.12,104.00,56.00,94.50,234.00,101.00,92.00,0.3253,36.61,1,0,2.0531,ACCEPT,0,4223,320,12227,3,150,3001,0,0,0,0
147,0,1,1,ACCEPT,10.5976,2.2072,2397,0,0,1.0000,130.75,239.12,104.00,56.00,93.00,230.00,102.00,90.00,0.3219,38.84,1,10,2.1376,MAX_STEP,0,3260,261,9791,3,150,2397,0,0,0,0
148,0,1,1,ACCEPT,10.3210,2.0064,2207,0,0,1.0000,130.75,239.12,108.16,58.24,93.50,227.50,101.00,93.00,0.3331,39.02,1,1,2.2959,ACCEPT,0,2984,295,7990,3,150,2207,0,0,0,0
149,0,1,1,ACCEPT,8.3301,1.7767,1727,0,0,1.0000,130.75,239.12,108.16,58.24,95.00,225.00,102.00,92.00,0.3467,38.44,1,0,2.6344,ACCEPT,0,2706,282,6780,3,150,1727,0,0,0,0
150,0,1,1,ACCEPT,8.8908,2.0586,1793,0,-1,0.9660,130.75,237.31,108.16,58.24,96.50,223.00,105.00,90.00,0.3651,37.12,1,0,2.7283,ACCEPT,0,2534,322,6668,3,150,1793,0,0,0,0
151,0,1,1,ACCEPT,10.4363,2.2993,2028,0,0,1.0000,130.75,237.31,108.16,58.24,96.50,221.50,105.00,91.00,0.3618,37.72,1,0,2.5484,ACCEPT,0,2642,351,6375,3,150,2028,0,0,0,0
152,0,1,1,ACCEPT,11.3673,2.7766,2063,-1,-1,0.9200,127.38,235.50,108.16,58.24,97.50,218.50,107.00,87.00,0.3829,34.37,1,0,2.7489,ACCEPT,0,2708,379,5949,3,150,2063,0,0,0,0
153,0,1,1,ACCEPT,11.2705,2.8628,2087,0,-2,0.8711,127.38,231.88,108.16,58.24,94.00,213.50,104.00,91.00,0.3503,38.10,1,0,2.8995,ACCEPT,0,3206,401,5849,3,150,2087,0,0,0,0
154,0,1,1,ACCEPT,11.0208,2.7890,1983,0,-1,0.9223,127.38,230.06,108.16,58.24,94.00,207.00,100.00,86.00,0.3034,40.57,1,0,2.9284,ACCEPT,0,3309,399,6508,3,150,1983,0,0,0,0
155,0,1,1,ACCEPT,10.6150,2.4989,2244,-1,-1,0.8699,124.00,228.25,112.49,60.57,93.50,198.00,99.00,88.00,0.2713,42.96,1,1,2.7287,ACCEPT,0,3785,461,6839,3,150,2244,0,0,0,0
156,0,1,1,ACCEPT,11.1983,2.7773,2644,0,-2,0.8343,124.00,224.47,116.99,62.99,94.00,192.50,108.00,85.00,0.2650,43.84,1,1,2.7453,ACCEPT,0,4172,516,7962,3,150,2644,0,0,0,0
157,0,1,1,ACCEPT,12.8473,3.1905,3752,0,-1,0.9496,124.00,222.50,116.99,62.99,96.50,186.00,107.00,88.00,0.2442,45.70,1,0,2.7676,ACCEPT,0,4961,467,10873,3,150,3752,0,0,0,0
158,0,1,1,ACCEPT,13.6260,3.1138,5088,-1,-1,0.8251,120.34,220.53,121.67,65.51,98.00,181.00,106.00,88.00,0.2451,45.41,1,1,2.3937,ACCEPT,0,5970,496,11499,3,150,5088,0,0,0,0
159,0,1,1,ACCEPT,16.3378,3.7640,6809,0,-1,0.8603,120.34,218.48,126.53,68.13,97.00,172.00,102.00,90.00,0.1996,52.02,1,1,2.5098,ACCEPT,0,7060,512,12901,3,150,6809,0,0,0,0
160,0,1,1,ACCEPT,18.7866,4.5873,8358,-1,0,0.9687,116.39,218.48,131.59,70.86,98.00,169.00,104.00,92.00,0.2020,52.79,1,1,2.2563,ACCEPT,0,7991,434,14129,3,150,8358,0,0,0,0
161,0,1,1,ACCEPT,21.1487,5.2329,10110,0,-1,0.9137,116.39,216.27,136.86,73.69,98.00,164.50,106.00,93.00,0.1950,54.94,1,1,2.3255,ACCEPT,0,8967,514,15017,3,150,10110,0,0,0,0
162,0,1,1,ACCEPT,21.9097,5.5412,10772,0,-1,0.9177,116.39,213.97,136.86,73.69,97.00,163.00,102.00,96.00,0.2055,54.53,1,0,2.1132,ACCEPT,0,9406,494,16307,3,150,10772,0,0,0,0
163,0,1,1,ACCEPT,24.3112,6.1883,11108,-1,0,0.9972,112.11,213.97,142.33,76.64,95.50,159.00,101.00,98.00,0.1863,57.42,1,1,2.0331,ACCEPT,0,9114,474,17736,3,150,11108,0,0,0,0
164,0,1,1,ACCEPT,25.0569,5.6896,11732,0,-1,0.9371,112.11,211.58,142.33,76.64,95.00,157.00,102.00,100.00,0.1948,57.20,1,0,2.6032,ACCEPT,0,8926,470,19080,3,150,11732,0,0,0,0
165,0,1,1,ACCEPT,27.5000,6.3029,11755,0,0,1.0000,112.11,211.58,142.33,76.64,95.50,155.00,105.00,98.00,0.1796,58.97,1,0,2.7126,ACCEPT,0,8370,443,20498,3,150,11755,0,0,0,0
166,0,1,1,ACCEPT,29.0402,6.6398,11925,0,0,1.0000,112.11,211.58,142.33,76.64,95.50,153.00,105.00,100.00,0.1708,60.89,1,0,2.6029,ACCEPT,0,8012,428,21884,3,150,11925,0,0,0,0
167,0,1,1,ACCEPT,31.0757,7.2048,12385,0,0,1.0000,112.11,211.58,142.33,76.64,94.00,154.00,102.00,94.00,0.1602,60.36,1,0,2.5662,ACCEPT,0,7896,420,22456,3,150,12385,0,0,0,0
168,0,1,1,ACCEPT,33.2843,7.4236,12479,0,0,1.0000,112.11,211.58,142.33,76.64,96.00,148.50,106.00,101.00,0.1445,65.10,1,0,2.5657,ACCEPT,0,7579,426,23122,3,150,12479,0,0,0,0
169,0,1,1,ACCEPT,35.0264,7.6763,12781,0,0,1.0000,112.11,211.58,142.33,76.64,94.50,146.50,107.00,103.00,0.1373,67.42,1,0,2.5517,ACCEPT,0,7363,418,23652,3,150,12781,0,0,0,0
170,0,1,1,ACCEPT,36.5336,8.1468,12538,0,0,1.0000,112.11,211.58,142.33,76.64,95.00,146.00,108.00,98.00,0.1227,67.77,1,0,2.5451,ACCEPT,0,7021,391,24538,3,150,12538,0,0,0,0
171,0,1,1,ACCEPT,37.9291,8.4209,12943,0,0,1.0000,112.11,211.58,142.33,76.64,95.00,145.00,108.00,104.00,0.1310,68.74,1,0,2.6690,ACCEPT,0,6986,384,22914,3,150,12943,0,0,0,0
172,0,1,1,ACCEPT,39.6570,9.3018,12297,0,0,1.0000,112.11,211.58,142.33,76.64,93.50,142.00,105.00,106.00,0.1156,72.02,1,0,2.8433,ACCEPT,0,6397,374,22748,3,150,12297,0,0,0,0
173,0,1,1,ACCEPT,41.5567,9.3254,12580,0,0,1.0000,112.11,211.58,142.33,76.64,93.50,142.00,103.00,104.00,0.1097,72.02,1,0,2.9746,ACCEPT,0,6369,354,21387,3,150,12580,0,0,0,0
174,0,1,1,ACCEPT,43.1321,10.0324,12400,0,0,1.0000,112.11,211.58,142.33,76.64,94.00,139.50,102.00,101.00,0.0876,74.32,1,0,3.0438,ACCEPT,0,6156,352,19155,3,150,12400,0,0,0,0
175,0,1,1,ACCEPT,45.8576,9.9438,12201,0,0,1.0000,112.11,211.58,142.33,76.64,93.50,138.50,105.00,103.00,0.0880,75.41,1,0,3.1118,ACCEPT,0,5773,355,17722,3,150,12201,0,0,0,0
0,0,0,0,ZERO_RESPONSE,0.0000,0.0000,0,0,0,0.0000,112.50,152.50,105.00,95.00,112.50,152.50,105.00,95.00,1.0000,0.00,1,0,0.0000,NOT_RUN,0,0,1331,22301,4,200,0,0,0,0,0
1,0,1,1,ACCEPT,40.4598,11.0714,5115,0,1,0.9222,112.50,155.47,105.00,95.00,114.00,157.00,102.00,92.00,0.9401,2.14,1,0,2.8782,ACCEPT,0,2389,1142,21648,4,200,5115,0,0,0,0
2,0,1,1,ACCEPT,22.6260,5.5745,3668,0,1,0.9553,112.50,158.44,109.20,98.80,115.00,161.00,100.00,84.00,0.7786,3.58,1,1,2.6531,ACCEPT,0,2654,1024,21024,4,200,3668,0,0,0,0
3,0,1,1,ACCEPT,17.6215,3.1921,2908,0,0,1.0000,112.50,158.44,109.20,98.80,119.50,164.50,103.00,85.00,0.7575,9.26,1,0,2.7751,ACCEPT,0,2588,826,20258,4,200,2908,0,0,0,0
4,0,1,1,ACCEPT,18.0082,3.0197,3527,0,0,1.0000,112.50,158.44,109.20,98.80,119.00,171.50,106.00,77.00,0.6646,14.59,1,0,2.8861,ACCEPT,0,3403,807,17016,4,200,3527,0,0,0,0
5,0,1,1,ACCEPT,19.4261,4.3742,3998,0,0,1.0000,112.50,158.44,109.20,98.80,126.50,172.00,103.00,78.00,0.5777,19.49,1,0,3.0563,ACCEPT,0,3739,648,16198,4,200,3998,0,0,0,0
6,0,1,1,ACCEPT,20.0302,5.2703,4290,1,0,0.9834,115.91,158.44,113.57,102.75,129.00,173.50,104.00,75.00,0.5693,19.96,1,1,2.8269,ACCEPT,0,3819,627,16186,4,200,4290,0,0,0,0
7,0,1,1,ACCEPT,19.3219,4.3691,4723,0,0,1.0000,115.91,158.44,113.57,102.75,134.00,175.50,100.00,73.00,0.4950,24.87,1,0,2.9603,ACCEPT,0,4173,556,18388,4,200,4723,0,0,0,0
8,0,1,1,ACCEPT,20.6324,4.4469,6030,0,0,1.0000,115.91,158.44,113.57,102.75,135.00,180.00,104.00,74.00,0.4481,28.80,1,0,2.8455,ACCEPT,0,5084,467,19992,4,200,6030,0,0,0,0
9,0,1,1,ACCEPT,23.3114,5.4036,7538,0,0,1.0000,115.91,158.44,113.57,102.75,140.00,182.00,102.00,72.00,0.3906,33.70,1,0,3.1069,ACCEPT,0,5798,418,21671,4,200,7538,0,0,0,0
10,0,1,1,ACCEPT,26.7862,6.6406,9164,0,0,1.0000,115.91,158.44,113.57,102.75,143.50,183.50,99.00,69.00,0.3489,37.28,1,0,2.7730,ACCEPT,0,6445,402,21095,4,200,9164,0,0,0,0
11,0,1,1,ACCEPT,30.1716,7.8567,10088,0,0,1.0000,115.91,158.44,113.57,102.75,145.50,184.00,97.00,68.00,0.3295,39.11,1,0,3.1504,ACCEPT,0,6321,423,20463,4,200,10088,0,0,0,0
12,0,1,1,ACCEPT,33.0095,7.9241,11062,0,0,1.0000,115.91,158.44,113.57,102.75,150.00,188.00,98.00,70.00,0.2817,45.13,1,0,3.5837,ACCEPT,0,6503,432,19077,4,200,11062,0,0,0,0
13,0,1,1,ACCEPT,35.4166,8.2988,11444,0,0,1.0000,115.91,158.44,113.57,102.75,151.50,189.00,97.00,70.00,0.2670,46.91,1,0,3.1678,ACCEPT,0,6463,353,18572,4,200,11444,0,0,0,0
14,0,1,1,ACCEPT,37.4298,8.9642,12254,0,0,1.0000,115.91,158.44,113.57,102.75,154.00,190.50,98.00,69.00,0.2463,49.79,1,0,3.1593,ACCEPT,0,6710,338,18181,4,200,12254,0,0,0,0
15,0,1,1,ACCEPT,39.8656,9.1375,13021,0,0,1.0000,115.91,158.44,113.57,102.75,155.50,191.50,97.00,67.00,0.2305,51.58,1,0,3.1840,ACCEPT,0,6808,291,17768,4,200,13021,0,0,0,0
16,0,1,1,ACCEPT,40.2275,8.9724,13333,0,0,1.0000,115.91,158.44,113.57,102.75,153.50,196.50,93.00,69.00,0.2102,53.50,1,0,3.2820,ACCEPT,0,6578,236,17303,4,200,13333,0,0,0,0
17,0,1,1,ACCEPT,38.5217,8.9588,13053,0,0,1.0000,115.91,158.44,113.57,102.75,156.50,201.00,95.00,64.00,0.1716,58.82,1,0,3.3155,ACCEPT,0,6875,216,17443,4,200,13053,0,0,0,0
18,0,1,1,ACCEPT,38.0847,8.9255,13058,0,1,0.9995,115.91,161.66,113.57,102.75,156.00,205.00,98.00,62.00,0.1689,59.04,1,0,3.2716,ACCEPT,0,6936,231,16575,4,200,13058,0,0,0,0
19,0,1,1,ACCEPT,38.3345,8.7067,12825,0,0,1.0000,115.91,161.66,113.57,102.75,158.00,206.50,98.00,59.00,0.1514,61.50,1,0,3.3020,ACCEPT,0,6798,214,15443,4,200,12825,0,0,0,0
20,0,1,1,ACCEPT,39.9278,9.9871,13113,0,0,1.0000,115.91,161.66,113.57,102.75,162.00,210.50,94.00,59.00,0.1203,67.16,1,0,3.2952,ACCEPT,0,6909,228,15661,4,200,13113,0,0,0,0
21,0,1,1,ACCEPT,39.5173,10.7625,13550,0,0,1.0000,115.91,161.66,113.57,102.75,161.00,214.50,92.00,57.00,0.1016,69.47,1,0,3.2424,ACCEPT,0,7017,256,16035,4,200,13550,0,0,0,0
22,0,1,1,ACCEPT,40.7304,11.0663,13678,0,0,1.0000,115.91,161.66,113.57,102.75,159.50,218.00,97.00,56.00,0.0906,71.24,1,0,3.2006,ACCEPT,0,7149,286,16289,4,200,13678,0,0,0,0
23,0,1,1,ACCEPT,40.9856,10.6990,12689,0,0,1.0000,115.91,161.66,113.57,102.75,161.00,224.00,96.00,50.00,0.0536,76.94,1,0,3.1582,ACCEPT,0,6723,254,16507,4,200,12689,0,0,0,0
24,0,1,1,ACCEPT,43.1186,11.0458,11808,0,0,1.0000,115.91,161.66,113.57,102.75,160.00,226.50,108.00,59.00,0.0630,78.42,1,0,3.1070,ACCEPT,0,6078,273,16717,4,200,11808,0,0,0,0
25,0,1,1,ACCEPT,44.5316,11.5221,11741,0,0,1.0000,115.91,161.66,113.57,102.75,168.50,227.50,91.00,51.00,0.0348,84.27,1,0,3.0768,ACCEPT,0,5861,291,16194,4,200,11741,0,0,0,0
26,0,1,1,ACCEPT,46.6580,11.2769,11852,0,0,1.0000,115.91,161.66,113.57,102.75,169.00,231.00,92.00,50.00,0.0219,87.34,1,0,3.0666,ACCEPT,0,5822,302,15895,4,200,11852,0,0,0,0
27,0,1,1,ACCEPT,49.4891,12.3656,11871,0,0,1.0000,115.91,161.66,113.57,102.75,172.00,233.00,90.00,48.00,0.0117,90.75,1,0,3.0724,ACCEPT,0,5762,299,15351,4,200,11871,0,0,0,0
28,0,1,1,ACCEPT,52.5887,13.0714,11908,0,0,1.0000,115.91,161.66,113.57,102.75,171.50,234.50,93.00,49.00,0.0090,91.63,1,0,3.1016,ACCEPT,0,5520,282,15577,4,200,11908,0,0,0,0
29,0,1,1,ACCEPT,55.2144,13.9219,11945,0,0,1.0000,115.91,161.66,113.57,102.75,173.00,234.50,92.00,47.00,0.0058,92.55,1,0,3.1387,ACCEPT,0,5404,298,15906,4,200,11945,0,0,0,0
30,0,1,1,ACCEPT,56.8039,14.6765,11976,0,0,1.0000,115.91,161.66,113.57,102.75,173.50,232.50,91.00,51.00,0.0168,91.30,1,0,3.1579,ACCEPT,0,5360,298,15792,4,200,11976,0,0,0,0
31,0,1,1,ACCEPT,58.7911,15.3259,11755,0,0,1.0000,115.91,161.66,113.57,102.75,172.50,232.00,91.00,50.00,0.0173,90.28,1,0,3.1706,ACCEPT,0,5201,289,15379,4,200,11755,0,0,0,0
32,0,1,1,ACCEPT,60.4062,14.5353,11948,0,0,1.0000,115.91,161.66,113.57,102.75,172.00,232.00,90.00,50.00,0.0173,89.97,1,0,3.1885,ACCEPT,0,5031,294,15326,4,200,11948,0,0,0,0
33,0,1,1,ACCEPT,60.7901,15.8990,11654,0,0,1.0000,115.91,161.66,113.57,102.75,170.00,231.50,92.00,51.00,0.0214,88.34,1,0,3.2060,ACCEPT,0,4913,282,14569,4,200,11654,0,0,0,0
34,0,1,1,ACCEPT,62.4939,15.5901,11677,0,0,1.0000,115.91,161.66,113.57,102.75,168.50,234.00,91.00,54.00,0.0184,89.44,1,0,3.2110,ACCEPT,0,4851,296,14246,4,200,11677,0,0,0,0
35,0,1,1,ACCEPT,62.1755,15.9654,11543,0,0,1.0000,115.91,161.66,113.57,102.75,168.50,232.00,91.00,50.00,0.0188,87.83,1,0,3.2127,ACCEPT,0,4760,295,14017,4,200,11543,0,0,0,0
36,0,1,1,ACCEPT,63.7343,15.7603,11442,0,0,1.0000,115.91,161.66,113.57,102.75,168.00,233.00,92.00,46.00,0.0098,88.34,1,0,3.2211,ACCEPT,0,4689,282,13859,4,200,11442,0,0,0,0
37,0,1,1,ACCEPT,64.3128,16.5007,11270,0,0,1.0000,115.91,161.66,113.57,102.75,167.50,230.50,93.00,51.00,0.0260,86.03,1,0,3.2367,ACCEPT,0,4563,267,13802,4,200,11270,0,0,0,0
38,0,1,1,ACCEPT,64.4010,16.3372,11240,0,0,1.0000,115.91,161.66,113.57,102.75,166.00,233.00,94.00,54.00,0.0231,87.17,1,0,3.2461,ACCEPT,0,4492,269,13561,4,200,11240,0,0,0,0
39,0,1,1,ACCEPT,64.8654,16.7812,11042,0,0,1.0000,115.91,161.66,113.57,102.75,165.00,234.50,96.00,53.00,0.0170,87.84,1,0,3.2547,ACCEPT,0,4397,269,13979,4,200,11042,0,0,0,0
40,0,1,1,ACCEPT,65.0271,16.0236,10864,0,0,1.0000,115.91,161.66,113.57,102.75,163.00,231.50,94.00,49.00,0.0215,84.24,1,0,3.2600,ACCEPT,0,4288,278,14017,4,200,10864,0,0,0,0
41,0,1,1,ACCEPT,65.3058,17.8687,11025,0,0,1.0000,115.91,161.66,113.57,102.75,161.50,233.50,95.00,53.00,0.0217,85.09,1,0,3.2647,ACCEPT,0,4310,265,14177,4,200,11025,0,0,0,0
42,0,1,1,ACCEPT,64.7448,17.5778,10951,0,0,1.0000,115.91,161.66,113.57,102.75,161.50,230.50,95.00,51.00,0.0294,82.57,1,0,3.2702,ACCEPT,0,4287,253,14393,4,200,10951,0,0,0,0
43,0,1,1,ACCEPT,65.1317,16.9862,11092,0,0,1.0000,115.91,161.66,113.57,102.75,158.50,230.00,95.00,52.00,0.0347,80.53,1,0,3.2729,ACCEPT,0,4297,254,13965,4,200,11092,0,0,0,0
44,0,1,1,ACCEPT,64.9559,16.7604,11330,0,0,1.0000,115.91,161.66,113.57,102.75,156.50,230.00,93.00,54.00,0.0392,79.49,1,0,3.2733,ACCEPT,0,4342,264,14102,4,200,11330,0,0,0,0
45,0,1,1,ACCEPT,65.4279,16.4279,11286,0,0,1.0000,115.91,161.66,113.57,102.75,152.50,233.00,97.00,52.00,0.0254,80.18,1,0,3.2754,ACCEPT,0,4305,245,14722,4,200,11286,0,0,0,0
46,0,1,1,ACCEPT,65.0790,16.2257,11358,0,0,1.0000,115.91,161.66,113.57,102.75,148.50,233.50,103.00,53.00,0.0274,78.89,1,0,3.2797,ACCEPT,0,4337,230,15532,4,200,11358,0,0,0,0
47,0,1,1,ACCEPT,65.1525,16.7460,11605,0,0,1.0000,115.91,161.66,113.57,102.75,146.50,235.00,101.00,52.00,0.0186,79.47,1,0,3.2834,ACCEPT,0,4461,249,15972,4,200,11605,0,0,0,0
48,0,1,1,ACCEPT,65.1802,16.3560,11531,0,0,1.0000,115.91,161.66,113.57,102.75,142.50,236.50,101.00,55.00,0.0193,79.43,1,0,3.2819,ACCEPT,0,4442,238,16489,4,200,11531,0,0,0,0
49,0,1,1,ACCEPT,65.7025,17.3838,11821,0,0,1.0000,115.91,161.66,113.57,102.75,138.00,238.50,106.00,53.00,0.0053,79.96,1,0,3.2860,ACCEPT,0,4480,258,16431,4,200,11821,0,0,0,0
50,0,1,1,ACCEPT,65.7325,17.3797,11627,0,0,1.0000,115.91,161.66,113.57,102.75,134.00,241.00,104.00,56.00,0.0002,81.38,1,0,3.2788,ACCEPT,0,4425,262,16754,4,200,11627,0,0,0,0
51,0,1,1,ACCEPT,65.5019,16.9912,11554,0,0,1.0000,115.91,161.66,113.57,102.75,132.00,246.00,106.00,60.00,0.0000,85.87,1,0,3.2714,ACCEPT,0,4463,244,16919,4,200,11554,0,0,0,0
52,0,1,1,ACCEPT,65.2451,17.3404,11410,0,0,1.0000,115.91,161.66,113.57,102.75,130.00,246.00,108.00,60.00,0.0000,85.51,1,0,3.2649,ACCEPT,0,4430,251,17157,4,200,11410,0,0,0,0
53,0,1,1,ACCEPT,64.9723,15.2887,11543,0,0,1.0000,115.91,161.66,113.57,102.75,126.00,246.50,108.00,59.00,0.0000,85.44,1,0,3.2621,ACCEPT,0,4438,239,17801,4,200,11543,0,0,0,0
54,0,1,1,ACCEPT,65.7018,17.9969,11752,0,0,1.0000,115.91,161.66,113.57,102.75,124.00,247.50,108.00,55.00,0.0000,86.22,1,0,3.2656,ACCEPT,0,4501,248,17825,4,200,11752,0,0,0,0
55,0,1,1,ACCEPT,65.7899,17.0677,11589,0,0,1.0000,115.91,161.66,113.57,102.75,121.50,247.50,111.00,55.00,0.0000,86.03,1,0,3.2705,ACCEPT,0,4474,271,18164,4,200,11589,0,0,0,0
56,0,1,1,ACCEPT,65.3170,17.2753,11419,0,0,1.0000,115.91,161.66,113.57,102.75,119.50,250.50,109.00,53.00,0.0000,88.92,1,0,3.2764,ACCEPT,0,4365,264,18306,4,200,11419,0,0,0,0
57,0,1,1,ACCEPT,65.9477,16.6189,11251,0,0,1.0000,115.91,161.66,113.57,102.75,118.50,253.50,111.00,57.00,0.0000,91.88,1,0,3.2839,ACCEPT,0,4279,273,18352,4,200,11251,0,0,0,0
58,0,1,1,ACCEPT,65.5655,15.4846,11025,0,0,1.0000,115.91,161.66,113.57,102.75,117.00,252.00,114.00,56.00,0.0000,90.35,1,0,3.2884,ACCEPT,0,4196,250,18419,4,200,11025,0,0,0,0
59,0,1,1,ACCEPT,66.4770,17.3953,11046,0,0,1.0000,115.91,161.66,113.57,102.75,115.50,250.50,115.00,55.00,0.0000,88.84,1,0,3.2951,ACCEPT,0,4159,266,18176,4,200,11046,0,0,0,0
60,0,1,1,ACCEPT,65.8268,16.5030,10991,0,0,1.0000,115.91,161.66,113.57,102.75,112.50,249.50,113.00,53.00,0.0000,87.91,1,0,3.2999,ACCEPT,0,4168,252,17885,4,200,10991,0,0,0,0
61,0,1,1,ACCEPT,66.0594,17.3719,10649,0,0,1.0000,115.91,161.66,113.57,102.75,109.50,248.50,113.00,55.00,0.0000,87.08,1,0,3.3021,ACCEPT,0,4003,254,17230,4,200,10649,0,0,0,0
62,0,1,1,ACCEPT,66.2985,15.9713,10573,0,0,1.0000,115.91,161.66,113.57,102.75,108.00,244.50,114.00,53.00,0.0000,83.22,1,0,3.3043,ACCEPT,0,3946,260,16212,4,200,10573,0,0,0,0
63,0,1,1,ACCEPT,65.8798,15.3889,10249,0,0,1.0000,115.91,161.66,113.57,102.75,106.00,245.50,116.00,47.00,0.0000,84.43,1,0,3.2982,ACCEPT,0,3823,262,15833,4,200,10249,0,0,0,0
64,0,1,1,ACCEPT,65.7667,15.4680,9915,0,0,1.0000,115.91,161.66,113.57,102.75,102.00,240.00,116.00,56.00,0.0058,79.57,1,0,3.2933,ACCEPT,0,3744,265,15477,4,200,9915,0,0,0,0
65,0,1,1,ACCEPT,66.3392,15.1402,9932,0,0,1.0000,115.91,161.66,113.57,102.75,99.00,238.50,114.00,55.00,0.0111,78.68,1,0,3.2890,ACCEPT,0,3721,262,15583,4,200,9932,0,0,0,0
66,0,1,1,ACCEPT,65.4377,15.3679,9774,0,0,1.0000,115.91,161.66,113.57,102.75,98.50,236.00,111.00,58.00,0.0326,76.35,1,0,3.2868,ACCEPT,0,3739,248,16406,4,200,9774,0,0,0,0
67,0,1,1,ACCEPT,64.7844,15.8213,9651,0,0,1.0000,115.91,161.66,113.57,102.75,96.50,233.00,111.00,58.00,0.0486,73.94,1,0,3.2852,ACCEPT,0,3684,254,16039,4,200,9651,0,0,0,0
68,0,1,1,ACCEPT,63.6352,18.1606,9498,0,0,1.0000,115.91,161.66,113.57,102.75,95.50,224.50,111.00,61.00,0.1048,66.07,1,0,3.2916,ACCEPT,0,3678,261,16276,4,200,9498,0,0,0,0
69,0,1,1,ACCEPT,61.4074,15.7345,9362,0,0,1.0000,115.91,161.66,113.57,102.75,96.50,219.50,111.00,65.00,0.1468,61.01,1,0,3.2860,ACCEPT,0,3761,238,16106,4,200,9362,0,0,0,0
70,0,1,1,ACCEPT,59.4871,13.5283,9321,0,0,1.0000,115.91,161.66,113.57,102.75,97.50,216.00,111.00,66.00,0.1743,57.38,1,0,3.2885,ACCEPT,0,3712,256,16060,4,200,9321,0,0,0,0
71,0,1,1,ACCEPT,56.2934,12.5471,9448,0,0,1.0000,115.91,161.66,113.57,102.75,98.50,215.00,111.00,64.00,0.1789,56.11,1,0,3.3124,ACCEPT,0,3839,265,15364,4,200,9448,0,0,0,0
72,0,1,1,ACCEPT,52.1697,11.3557,9482,0,0,1.0000,115.91,161.66,113.57,102.75,97.50,212.00,107.00,68.00,0.2047,53.60,1,0,3.3240,ACCEPT,0,4035,253,15536,4,200,9482,0,0,0,0
73,0,1,1,ACCEPT,48.9484,10.7004,9609,0,0,1.0000,115.91,161.66,113.57,102.75,103.50,206.00,109.00,72.00,0.2788,46.05,1,0,3.3204,ACCEPT,0,4276,236,14874,4,200,9609,0,0,0,0
74,0,1,1,ACCEPT,48.4179,8.7339,9520,0,0,1.0000,115.91,161.66,113.57,102.75,107.50,202.50,111.00,69.00,0.3193,41.70,1,0,3.3191,ACCEPT,0,4144,220,14630,4,200,9520,0,0,0,0
75,0,1,1,ACCEPT,46.6042,8.6803,9557,0,0,1.0000,115.91,161.66,113.57,102.75,113.00,199.50,108.00,73.00,0.3813,37.96,1,0,3.2960,ACCEPT,0,4244,214,15684,4,200,9557,0,0,0,0
76,0,1,1,ACCEPT,41.7631,8.8075,9609,0,0,1.0000,115.91,161.66,113.57,102.75,117.00,193.00,106.00,76.00,0.4532,31.36,1,0,3.3314,ACCEPT,0,4587,240,16927,4,200,9609,0,0,0,0
77,0,1,1,ACCEPT,39.2078,8.1475,10217,0,0,1.0000,115.91,161.66,113.57,102.75,125.50,187.00,105.00,78.00,0.4847,27.10,1,0,3.2792,ACCEPT,0,5299,253,15037,4,200,10217,0,0,0,0
78,0,1,1,ACCEPT,37.0756,7.0827,9682,0,0,1.0000,115.91,161.66,113.57,102.75,130.50,184.50,105.00,81.00,0.4793,27.11,1,0,3.3033,ACCEPT,0,5227,249,12447,4,200,9682,0,0,0,0
79,0,1,1,ACCEPT,34.5270,7.4904,8981,0,0,1.0000,115.91,161.66,113.57,102.75,136.50,180.00,105.00,74.00,0.4695,27.58,1,0,3.2365,ACCEPT,0,5080,264,12043,4,200,8981,0,0,0,0
80,0,1,1,ACCEPT,33.3337,7.0936,8640,0,0,1.0000,115.91,161.66,113.57,102.75,143.00,174.00,100.00,86.00,0.4760,29.77,1,0,3.3723,ACCEPT,0,5137,268,12734,4,200,8640,0,0,0,0
81,0,1,1,ACCEPT,34.5470,6.6641,8490,0,0,1.0000,115.91,161.66,113.57,102.75,148.00,166.00,100.00,84.00,0.4548,32.39,1,0,3.3313,ACCEPT,0,4772,293,13791,4,200,8490,0,0,0,0
82,0,1,1,ACCEPT,35.0199,6.4729,8609,0,0,1.0000,115.91,161.66,113.57,102.75,152.50,162.00,95.00,92.00,0.4391,36.60,1,0,3.2972,ACCEPT,0,4691,268,13705,4,200,8609,0,0,0,0
83,0,1,1,ACCEPT,32.7505,7.2527,8667,0,0,1.0000,115.91,161.66,113.57,102.75,153.00,157.50,96.00,97.00,0.4468,37.33,1,0,3.3409,ACCEPT,0,4388,276,13528,4,200,8667,0,0,0,0
84,0,1,1,ACCEPT,33.0956,7.3872,9138,0,0,1.0000,115.91,161.66,113.57,102.75,155.00,156.50,94.00,97.00,0.4180,39.43,1,0,3.3651,ACCEPT,0,4689,274,13210,4,200,9138,0,0,0,0
85,0,1,1,ACCEPT,35.9678,7.9810,9641,0,0,1.0000,115.91,161.66,113.57,102.75,156.50,153.00,95.00,96.00,0.3849,41.51,1,0,3.3429,ACCEPT,0,4799,310,11464,4,200,9641,0,0,0,0
86,0,1,1,ACCEPT,38.0815,8.6725,9453,0,0,1.0000,115.91,161.66,113.57,102.75,158.50,151.50,97.00,95.00,0.3630,43.79,1,0,3.2651,ACCEPT,0,4512,284,10456,4,200,9453,0,0,0,0
87,0,1,1,ACCEPT,39.5287,8.6258,9083,0,0,1.0000,115.91,161.66,113.57,102.75,161.50,149.50,95.00,99.00,0.3282,47.19,1,0,3.2908,ACCEPT,0,4207,294,9241,4,200,9083,0,0,0,0
88,0,1,1,ACCEPT,36.0294,7.0210,7702,0,0,1.0000,115.91,161.66,113.57,102.75,163.50,150.50,95.00,95.00,0.3163,48.88,1,0,3.2606,ACCEPT,0,3866,275,8732,4,200,7702,0,0,0,0
89,0,1,1,ACCEPT,32.3068,7.4384,7007,0,0,1.0000,115.91,161.66,113.57,102.75,168.50,144.50,93.00,95.00,0.2532,55.32,1,0,3.2493,ACCEPT,0,3798,287,8077,4,200,7007,0,0,0,0
90,0,1,1,ACCEPT,33.4938,8.6994,6281,0,0,1.0000,115.91,161.66,113.57,102.75,169.00,142.50,88.00,103.00,0.2385,56.44,1,0,3.2326,ACCEPT,0,3227,295,7332,4,200,6281,0,0,0,0
91,0,1,1,ACCEPT,35.7300,8.2201,6313,0,0,1.0000,115.91,161.66,113.57,102.75,170.50,140.50,89.00,107.00,0.2262,58.55,1,0,3.2248,ACCEPT,0,3289,273,7594,4,200,6313,0,0,0,0
92,0,1,1,ACCEPT,37.9019,8.3333,6800,0,0,1.0000,115.91,161.66,113.57,102.75,171.00,137.50,90.00,111.00,0.2170,60.16,1,0,3.2299,ACCEPT,0,3631,258,7085,4,200,6800,0,0,0,0
93,0,1,1,ACCEPT,38.3155,8.5687,6358,0,0,1.0000,115.91,161.66,113.57,102.75,171.50,134.00,89.00,114.00,0.2035,62.09,1,0,3.2396,ACCEPT,0,3458,272,7864,4,200,6358,0,0,0,0
94,0,1,1,ACCEPT,39.4329,8.3642,6683,0,0,1.0000,115.91,161.66,113.57,102.75,171.00,130.50,88.00,115.00,0.1947,63.29,1,0,3.2506,ACCEPT,0,3612,246,8607,4,200,6683,0,0,0,0
95,0,1,1,ACCEPT,40.1629,8.3006,7180,0,0,1.0000,115.91,161.66,113.57,102.75,170.50,127.50,89.00,121.00,0.1929,64.40,1,0,3.2412,ACCEPT,0,3738,264,8688,4,200,7180,0,0,0,0
96,0,1,1,ACCEPT,41.0652,8.3507,7549,0,0,1.0000,115.91,161.66,113.57,102.75,167.50,124.50,89.00,123.00,0.1996,63.58,1,0,3.2094,ACCEPT,0,3556,289,9044,4,200,7549,0,0,0,0
97,0,1,1,ACCEPT,40.3719,8.2019,7636,0,0,1.0000,115.91,161.66,113.57,102.75,167.00,122.00,90.00,124.00,0.1957,64.68,1,0,3.2036,ACCEPT,0,3590,292,9405,4,200,7636,0,0,0,0
98,0,1,1,ACCEPT,40.3849,8.3044,7939,0,0,1.0000,115.91,161.66,113.57,102.75,164.00,121.50,90.00,125.00,0.2087,62.65,1,0,3.2092,ACCEPT,0,3898,259,8803,4,200,7939,0,0,0,0
99,0,1,1,ACCEPT,42.2263,8.9910,7966,0,0,1.0000,115.91,161.66,113.57,102.75,162.50,121.50,89.00,125.00,0.2149,61.51,1,0,3.2084,ACCEPT,0,3996,269,8019,4,200,7966,0,0,0,0
100,0,1,1,ACCEPT,43.2673,8.9714,7527,0,0,1.0000,115.91,161.66,113.57,102.75,162.00,123.00,92.00,124.00,0.2248,60.16,1,0,3.2147,ACCEPT,0,3754,296,7233,4,200,7527,0,0,0,0
101,0,1,1,ACCEPT,45.1635,10.0404,7450,0,0,1.0000,115.91,161.66,113.57,102.75,159.00,123.00,92.00,126.00,0.2412,57.89,1,0,3.2128,ACCEPT,0,3671,295,8010,4,200,7450,0,0,0,0
102,0,1,1,ACCEPT,45.7033,10.8752,7319,0,0,1.0000,115.91,161.66,113.57,102.75,159.50,124.50,97.00,125.00,0.2483,57.28,1,0,3.2355,ACCEPT,0,3652,277,8191,4,200,7319,0,0,0,0
103,0,1,1,ACCEPT,44.8390,11.1269,6754,0,0,1.0000,115.91,161.66,113.57,102.75,152.00,125.50,92.00,125.00,0.2882,51.09,1,0,3.2665,ACCEPT,0,3431,320,8582,4,200,6754,0,0,0,0
104,0,1,1,ACCEPT,42.5569,10.3780,6507,0,0,1.0000,115.91,161.66,113.57,102.75,151.50,126.00,95.00,122.00,0.2929,50.38,1,0,3.2653,ACCEPT,0,3435,302,9705,4,200,6507,0,0,0,0
105,0,1,1,ACCEPT,41.2510,10.1315,7244,0,0,1.0000,115.91,161.66,113.57,102.75,149.00,128.00,94.00,124.00,0.3186,47.20,1,0,3.2665,ACCEPT,0,3932,295,10504,4,200,7244,0,0,0,0
106,0,1,1,ACCEPT,41.3703,9.3483,7890,0,0,1.0000,115.91,161.66,113.57,102.75,146.50,129.50,95.00,121.00,0.3398,44.38,1,0,3.2517,ACCEPT,0,4281,254,11754,4,200,7890,0,0,0,0
107,0,1,1,ACCEPT,40.7037,9.1250,8979,0,0,1.0000,115.91,161.66,113.57,102.75,143.50,130.50,95.00,121.00,0.3647,41.62,1,0,3.3061,ACCEPT,0,5044,296,11521,4,200,8979,0,0,0,0
108,0,1,1,ACCEPT,38.0730,8.3664,8517,0,0,1.0000,115.91,161.66,113.57,102.75,140.50,135.00,95.00,118.00,0.4116,36.27,1,0,3.2895,ACCEPT,0,5160,268,12634,4,200,8517,0,0,0,0
109,0,1,1,ACCEPT,35.9096,7.1856,8285,0,0,1.0000,115.91,161.66,113.57,102.75,137.50,135.50,95.00,113.00,0.4319,33.92,1,0,3.3719,ACCEPT,0,5277,277,13545,4,200,8285,0,0,0,0
110,0,1,1,ACCEPT,33.6865,6.7654,7929,0,0,1.0000,115.91,161.66,113.57,102.75,134.00,139.50,96.00,115.00,0.4949,28.61,1,0,3.4187,ACCEPT,0,5385,248,14871,4,200,7929,0,0,0,0
111,0,1,1,ACCEPT,31.7807,6.8485,7999,0,0,1.0000,115.91,161.66,113.57,102.75,130.50,138.00,101.00,114.00,0.5122,27.80,1,0,2.9435,ACCEPT,0,5600,258,16347,4,200,7999,0,0,0,0
112,0,1,1,ACCEPT,29.8560,6.6947,8027,0,0,1.0000,115.91,161.66,113.57,102.75,129.50,145.50,97.00,113.00,0.5914,21.11,1,0,2.9520,ACCEPT,0,5838,298,15591,4,200,8027,0,0,0,0
113,0,1,1,ACCEPT,28.0269,5.9812,7967,0,0,1.0000,115.91,161.66,113.57,102.75,128.50,148.00,97.00,114.00,0.6295,18.58,1,0,2.8665,ACCEPT,0,5978,282,14201,4,200,7967,0,0,0,0
114,0,1,1,ACCEPT,27.0442,5.8154,7560,0,0,1.0000,115.91,161.66,113.57,102.75,126.50,150.50,97.00,109.00,0.6757,15.38,1,0,2.8476,ACCEPT,0,5703,291,14241,4,200,7560,0,0,0,0
115,0,1,1,ACCEPT,25.7460,5.2917,7456,0,0,1.0000,115.91,161.66,113.57,102.75,124.00,152.50,98.00,109.00,0.7323,12.22,1,0,2.8283,ACCEPT,0,5675,324,11655,4,200,7456,0,0,0,0
116,0,1,1,ACCEPT,24.6497,5.0534,7292,0,0,1.0000,115.91,161.66,118.11,106.86,122.00,155.00,98.00,108.00,0.7409,9.02,1,1,2.5532,ACCEPT,0,5424,294,11001,4,200,7292,0,0,0,0
117,0,1,1,ACCEPT,25.1834,6.2118,7069,0,0,1.0000,115.91,161.66,118.11,106.86,119.50,156.50,99.00,109.00,0.7686,6.29,1,0,2.7747,ACCEPT,0,4695,308,9626,4,200,7069,0,0,0,0
118,0,1,1,ACCEPT,26.2622,7.0732,7243,0,1,0.9994,115.91,165.00,118.11,106.86,117.50,161.00,99.00,106.00,0.7816,4.31,1,0,2.6218,ACCEPT,0,4795,304,8553,4,200,7243,0,0,0,0
119,0,1,1,ACCEPT,26.4318,7.0274,6929,0,0,1.0000,115.91,165.00,118.11,106.86,116.00,162.00,100.00,106.00,0.8031,3.00,1,0,2.3364,ACCEPT,0,4611,294,9161,4,200,6929,0,0,0,0
120,0,1,1,ACCEPT,24.9680,6.1363,7247,0,0,1.0000,115.91,165.00,118.11,106.86,115.00,164.00,102.00,102.00,0.8243,1.35,1,0,2.6528,ACCEPT,0,5159,308,9322,4,200,7247,0,0,0,0
121,0,1,1,ACCEPT,22.8498,5.2246,6489,0,1,0.9817,115.91,168.34,118.11,106.86,113.50,168.50,99.00,101.00,0.7922,2.41,1,0,2.5924,ACCEPT,0,5131,330,8454,4,200,6489,0,0,0,0
122,0,1,1,ACCEPT,19.4793,4.1216,5255,0,0,1.0000,115.91,168.34,118.11,106.86,112.50,170.50,99.00,101.00,0.7922,4.03,1,0,2.7749,ACCEPT,0,4590,283,8337,4,200,5255,0,0,0,0
123,0,1,1,ACCEPT,17.6428,3.7677,4461,0,0,1.0000,115.91,168.34,118.11,106.86,110.50,174.50,103.00,97.00,0.7738,8.19,1,0,3.0835,ACCEPT,0,4257,309,7111,4,200,4461,0,0,0,0
124,0,1,1,ACCEPT,17.9567,4.0582,3977,0,0,1.0000,115.91,168.34,118.11,106.86,110.00,173.00,102.00,100.00,0.7904,7.52,1,0,2.9764,ACCEPT,0,3827,310,6595,4,200,3977,0,0,0,0
125,0,1,1,ACCEPT,18.4704,3.8650,3780,0,0,1.0000,115.91,168.34,118.11,106.86,108.50,177.50,103.00,95.00,0.7297,11.78,1,0,3.2265,ACCEPT,0,3558,289,6389,4,200,3780,0,0,0,0
126,0,1,1,ACCEPT,17.7875,4.1665,3529,0,0,1.0000,115.91,168.34,122.84,111.14,105.50,178.00,103.00,102.00,0.6985,14.20,1,1,2.9914,ACCEPT,0,3385,342,5765,4,200,3529,0,0,0,0
127,0,1,1,ACCEPT,17.5765,3.9989,3591,0,0,1.0000,115.91,168.34,122.84,111.14,106.50,181.00,101.00,98.00,0.6507,15.77,1,0,3.0774,ACCEPT,0,3258,343,6239,4,200,3591,0,0,0,0
128,0,1,1,ACCEPT,20.1259,4.2766,4221,0,0,1.0000,115.91,168.34,122.84,111.14,103.00,186.00,102.00,92.00,0.5686,21.87,1,0,3.0324,ACCEPT,0,3335,347,6481,4,200,4221,0,0,0,0
129,0,1,1,ACCEPT,22.4280,5.1129,5527,0,0,1.0000,115.91,168.34,122.84,111.14,102.00,188.00,104.00,88.00,0.5355,24.08,1,0,3.1115,ACCEPT,0,4416,326,8217,4,200,5527,0,0,0,0
130,0,1,1,ACCEPT,25.4431,6.0312,8697,0,0,1.0000,115.91,168.34,122.84,111.14,100.50,196.00,103.00,80.00,0.4337,31.66,1,0,3.1725,ACCEPT,0,6559,363,8703,4,200,8697,0,0,0,0
131,0,1,1,ACCEPT,28.5033,6.8262,11666,0,0,1.0000,115.91,168.34,122.84,111.14,100.50,198.00,103.00,82.00,0.4190,33.42,1,0,3.1959,ACCEPT,0,7992,341,10996,4,200,11666,0,0,0,0
132,0,1,1,ACCEPT,31.4362,7.6918,14476,0,0,1.0000,115.91,168.34,122.84,111.14,98.00,197.00,102.00,84.00,0.4147,33.79,1,0,3.0872,ACCEPT,0,9077,339,12502,4,200,14476,0,0,0,0
133,0,1,1,ACCEPT,34.5090,8.5434,15361,0,0,1.0000,115.91,168.34,122.84,111.14,98.50,202.00,103.00,80.00,0.3701,37.89,1,0,3.0316,ACCEPT,0,8764,331,12191,4,200,15361,0,0,0,0
134,0,1,1,ACCEPT,36.6472,9.0580,15000,0,0,1.0000,115.91,168.34,122.84,111.14,96.50,204.50,99.00,81.00,0.3387,41.04,1,0,3.0553,ACCEPT,0,7979,330,11607,4,200,15000,0,0,0,0
135,0,1,1,ACCEPT,38.3896,9.2616,14513,0,0,1.0000,115.91,168.34,122.84,111.14,94.50,206.00,101.00,74.00,0.3076,43.32,1,0,3.1016,ACCEPT,0,7319,284,12103,4,200,14513,0,0,0,0
136,0,1,1,ACCEPT,39.8584,9.9971,14016,0,0,1.0000,115.91,168.34,122.84,111.14,93.50,210.50,101.00,79.00,0.2803,47.74,1,0,3.1329,ACCEPT,0,6989,295,12172,4,200,14016,0,0,0,0
137,0,1,1,ACCEPT,42.2213,10.0147,13610,0,0,1.0000,115.91,168.34,122.84,111.14,93.50,210.50,105.00,77.00,0.2797,47.74,1,0,3.1221,ACCEPT,0,6712,284,11814,4,200,13610,0,0,0,0
138,0,1,1,ACCEPT,44.5957,10.2240,13148,0,0,1.0000,115.91,168.34,122.84,111.14,93.50,213.50,103.00,73.00,0.2509,50.41,1,0,3.1898,ACCEPT,0,6426,276,11125,4,200,13148,0,0,0,0
139,0,1,1,ACCEPT,46.3889,10.6177,12805,0,0,1.0000,115.91,168.34,122.84,111.14,90.00,213.50,98.00,73.00,0.2354,52.06,1,0,3.2647,ACCEPT,0,6178,268,11640,4,200,12805,0,0,0,0
140,0,1,1,ACCEPT,47.9920,11.4860,12715,0,0,1.0000,115.91,168.34,122.84,111.14,90.50,215.50,97.00,73.00,0.2241,53.56,1,0,3.2406,ACCEPT,0,6028,254,12592,4,200,12715,0,0,0,0
141,0,1,1,ACCEPT,49.6947,11.5821,12555,0,0,1.0000,115.91,168.34,122.84,111.14,88.50,217.50,97.00,73.00,0.2060,56.28,1,0,3.2550,ACCEPT,0,5815,250,13130,4,200,12555,0,0,0,0
142,0,1,1,ACCEPT,50.7675,12.0932,12202,0,0,1.0000,115.91,168.34,122.84,111.14,88.00,217.50,100.00,75.00,0.2097,56.53,1,0,3.2747,ACCEPT,0,5556,250,13363,4,200,12202,0,0,0,0
143,0,1,1,ACCEPT,51.6267,12.9764,12107,0,0,1.0000,115.91,168.34,122.84,111.14,87.50,219.00,103.00,74.00,0.1998,58.08,1,0,3.2205,ACCEPT,0,5458,274,12970,4,200,12107,0,0,0,0
144,0,1,1,ACCEPT,52.6071,13.3315,11825,0,0,1.0000,115.91,168.34,122.84,111.14,85.50,220.00,101.00,74.00,0.1874,59.94,1,0,3.1854,ACCEPT,0,5382,240,13427,4,200,11825,0,0,0,0
145,0,1,1,ACCEPT,53.6005,14.2022,11873,0,0,1.0000,115.91,168.34,122.84,111.14,84.50,223.00,97.00,70.00,0.1600,63.04,1,0,3.1733,ACCEPT,0,5389,262,11887,4,200,11873,0,0,0,0
146,0,1,1,ACCEPT,53.7508,14.5518,11656,0,0,1.0000,115.91,168.34,122.84,111.14,84.00,225.50,100.00,67.00,0.1424,65.46,1,0,3.1685,ACCEPT,0,5230,258,10571,4,200,11656,0,0,0,0
147,0,1,1,ACCEPT,53.6138,13.6212,11183,0,1,0.9883,115.91,171.81,122.84,111.14,85.00,227.00,98.00,70.00,0.1590,63.25,1,0,2.9771,ACCEPT,0,4956,252,9759,4,200,11183,0,0,0,0
148,0,1,1,ACCEPT,51.7772,14.3792,10353,0,0,1.0000,115.91,171.81,122.84,111.14,86.50,230.50,95.00,67.00,0.1372,65.64,1,0,3.0204,ACCEPT,0,4705,239,9581,4,200,10353,0,0,0,0
149,0,1,1,ACCEPT,52.2127,14.1863,10129,0,0,1.0000,115.91,171.81,122.84,111.14,88.00,233.00,94.00,70.00,0.1324,67.25,1,0,3.0500,ACCEPT,0,4516,245,8997,4,200,10129,0,0,0,0
150,0,1,1,ACCEPT,52.1580,14.4640,9850,0,0,1.0000,115.91,171.81,122.84,111.14,91.00,235.00,94.00,68.00,0.1235,67.92,1,0,3.0781,ACCEPT,0,4310,253,8641,4,200,9850,0,0,0,0
151,0,1,1,ACCEPT,53.1609,15.5098,9492,0,0,1.0000,115.91,171.81,122.84,111.14,90.00,235.50,90.00,67.00,0.1159,68.75,1,0,3.0825,ACCEPT,0,4109,281,8109,4,200,9492,0,0,0,0
152,0,1,1,ACCEPT,53.4502,15.3506,9456,0,0,1.0000,115.91,171.81,122.84,111.14,90.50,235.00,91.00,68.00,0.1216,68.10,1,0,3.0811,ACCEPT,0,3998,262,7740,4,200,9456,0,0,0,0
153,0,1,1,ACCEPT,54.5485,15.1928,8903,0,0,1.0000,115.91,171.81,122.84,111.14,90.50,236.00,91.00,66.00,0.1125,69.03,1,0,3.0903,ACCEPT,0,3725,256,7572,4,200,8903,0,0,0,0
154,0,1,1,ACCEPT,54.9390,14.8212,7959,0,0,1.0000,115.91,171.81,122.84,111.14,91.00,238.00,88.00,64.00,0.0980,70.72,1,0,3.1012,ACCEPT,0,3379,254,7045,4,200,7959,0,0,0,0
155,0,1,1,ACCEPT,55.6109,14.6582,7461,0,0,1.0000,115.91,171.81,122.84,111.14,90.50,238.00,87.00,64.00,0.0970,70.90,1,0,3.1081,ACCEPT,0,3140,258,6457,4,200,7461,0,0,0,0
156,0,1,1,ACCEPT,56.3681,15.1601,6913,0,0,1.0000,115.91,171.81,122.84,111.14,91.50,236.00,91.00,68.00,0.1180,68.67,1,0,3.1018,ACCEPT,0,2938,250,6093,4,200,6913,0,0,0,0
157,0,1,1,ACCEPT,57.0708,15.1230,6639,0,0,1.0000,115.91,171.81,122.84,111.14,94.00,235.50,86.00,69.00,0.1250,67.35,1,0,3.1030,ACCEPT,0,2827,266,6520,4,200,6639,0,0,0,0
158,0,1,1,ACCEPT,58.4513,14.5523,6956,0,0,1.0000,115.91,171.81,122.84,111.14,93.50,233.50,89.00,73.00,0.1441,65.63,1,0,3.1191,ACCEPT,0,2912,274,6796,4,200,6956,0,0,0,0
159,0,1,1,ACCEPT,59.1751,14.8544,6937,0,0,1.0000,115.91,171.81,122.84,111.14,92.50,233.00,83.00,76.00,0.1481,65.51,1,0,3.1357,ACCEPT,0,2901,253,7104,4,200,6937,0,0,0,0
160,0,1,1,ACCEPT,59.5159,13.8833,7136,0,0,1.0000,115.91,171.81,122.84,111.14,91.50,231.00,83.00,72.00,0.1488,64.02,1,0,3.1431,ACCEPT,0,2958,259,9097,4,200,7136,0,0,0,0
161,0,1,1,ACCEPT,59.7045,14.8415,8148,0,0,1.0000,115.91,171.81,122.84,111.14,89.00,230.00,82.00,80.00,0.1623,64.11,1,0,3.1593,ACCEPT,0,3327,266,11399,4,200,8148,0,0,0,0
162,0,1,1,ACCEPT,60.2649,12.9246,9422,0,0,1.0000,115.91,171.81,122.84,111.14,89.00,229.00,78.00,78.00,0.1618,63.20,1,0,3.1597,ACCEPT,0,3802,285,12274,4,200,9422,0,0,0,0
163,0,1,1,ACCEPT,60.4554,13.8418,10326,0,0,1.0000,115.91,171.81,122.84,111.14,89.50,226.00,77.00,78.00,0.1779,60.28,1,0,3.1523,ACCEPT,0,4252,261,12495,4,200,10326,0,0,0,0
164,0,1,1,ACCEPT,60.7068,14.7683,9880,0,0,1.0000,115.91,171.81,122.84,111.14,91.50,225.50,79.00,83.00,0.1965,58.97,1,0,3.1590,ACCEPT,0,4032,251,12779,4,200,9880,0,0,0,0
165,0,1,1,ACCEPT,59.6268,16.2761,9196,0,0,1.0000,115.91,171.81,122.84,111.14,92.00,223.50,78.00,81.00,0.2049,56.95,1,0,3.1655,ACCEPT,0,3856,256,12919,4,200,9196,0,0,0,0
166,0,1,1,ACCEPT,58.9457,17.5208,8848,0,0,1.0000,115.91,171.81,122.84,111.14,91.50,221.50,77.00,85.00,0.2208,55.36,1,0,3.1678,ACCEPT,0,3753,268,12351,4,200,8848,0,0,0,0
167,0,1,1,ACCEPT,60.4538,16.5067,8666,0,0,1.0000,115.91,171.81,122.84,111.14,94.00,221.00,78.00,86.00,0.2333,53.85,1,0,3.1701,ACCEPT,0,3515,286,11681,4,200,8666,0,0,0,0
168,0,1,1,ACCEPT,61.8089,17.2955,8371,0,0,1.0000,115.91,171.81,122.84,111.14,94.00,220.00,78.00,86.00,0.2392,52.93,1,0,3.1842,ACCEPT,0,3252,287,11800,4,200,8371,0,0,0,0
169,0,1,1,ACCEPT,63.0478,18.0407,7974,0,0,1.0000,115.91,171.81,122.84,111.14,94.00,219.50,78.00,85.00,0.2403,52.48,1,0,3.2004,ACCEPT,0,3130,279,10976,4,200,7974,0,0,0,0
170,0,1,1,ACCEPT,62.8306,18.1927,6986,0,0,1.0000,115.91,171.81,122.84,111.14,94.00,219.50,78.00,85.00,0.2403,52.48,1,0,3.2130,ACCEPT,0,2774,293,9929,4,200,6986,0,0,0,0
171,0,1,1,ACCEPT,62.6159,19.3376,6072,0,0,1.0000,115.91,171.81,122.84,111.14,93.50,218.50,77.00,85.00,0.2436,51.79,1,0,3.2160,ACCEPT,0,2419,266,9377,4,200,6072,0,0,0,0
172,0,1,1,ACCEPT,61.4519,18.1650,5504,0,0,1.0000,115.91,171.81,122.84,111.14,94.00,218.00,76.00,86.00,0.2456,51.12,1,0,3.1890,ACCEPT,0,2268,261,8516,4,200,5504,0,0,0,0
173,0,1,1,ACCEPT,60.3187,18.2857,4864,0,0,1.0000,115.91,171.81,122.84,111.14,94.00,217.00,76.00,86.00,0.2515,50.22,1,0,3.1775,ACCEPT,0,2025,245,8245,4,200,4864,0,0,0,0
174,0,1,1,ACCEPT,61.8167,18.0147,4918,0,0,1.0000,115.91,171.81,122.84,111.14,94.00,217.00,76.00,86.00,0.2515,50.22,1,0,3.1789,ACCEPT,0,1972,252,8518,4,200,4918,0,0,0,0
175,0,1,1,ACCEPT,62.8038,17.8000,5073,0,0,1.0000,115.91,171.81,122.84,111.14,93.50,217.00,75.00,86.00,0.2487,50.44,1,0,3.1797,ACCEPT,0,2021,261,8533,4,200,5073,0,0,0,0
176,0,1,1,ACCEPT,62.5583,18.3100,4962,0,0,1.0000,115.91,171.81,122.84,111.14,92.50,217.50,75.00,87.00,0.2475,51.33,1,0,3.1761,ACCEPT,0,2021,269,7547,4,200,4962,0,0,0,0
177,0,1,1,ACCEPT,60.0412,15.9709,4392,0,0,1.0000,115.91,171.81,122.84,111.14,91.50,217.50,75.00,87.00,0.2455,51.80,1,0,3.1447,ACCEPT,0,1847,269,6785,4,200,4392,0,0,0,0
178,0,1,1,ACCEPT,62.3946,16.7197,4414,0,0,1.0000,115.91,171.81,122.84,111.14,90.50,217.50,75.00,87.00,0.2414,52.28,1,0,3.1088,ACCEPT,0,1786,262,7200,4,200,4414,0,0,0,0
179,0,1,1,ACCEPT,59.3754,15.5977,4149,0,0,1.0000,115.91,171.81,122.84,111.14,89.00,219.00,74.00,88.00,0.2282,54.32,1,0,3.0814,ACCEPT,0,1803,245,6513,4,200,4149,0,0,0,0
180,0,1,1,ACCEPT,60.2089,16.1653,3815,0,0,1.0000,115.91,171.81,122.84,111.14,86.50,219.50,77.00,87.00,0.2166,56.03,1,0,3.0737,ACCEPT,0,1600,280,7814,4,200,3815,0,0,0,0
181,0,1,1,ACCEPT,57.2989,15.7018,3423,0,0,1.0000,115.91,171.81,122.84,111.14,84.50,221.00,77.00,88.00,0.2033,58.36,1,0,3.0640,ACCEPT,0,1540,288,7049,4,200,3423,0,0,0,0
182,0,1,1,ACCEPT,57.7112,15.9898,3134,0,0,1.0000,115.91,171.81,122.84,111.14,84.00,221.50,76.00,87.00,0.1969,59.05,1,0,3.0528,ACCEPT,0,1375,297,6848,4,200,3134,0,0,0,0
183,0,1,1,ACCEPT,57.7030,15.4503,2951,0,0,1.0000,115.91,171.81,122.84,111.14,83.00,222.50,76.00,89.00,0.1917,60.43,1,0,3.0559,ACCEPT,0,1289,248,7319,4,200,2951,0,0,0,0
184,0,1,1,ACCEPT,58.1523,15.8294,2691,0,0,1.0000,115.91,171.81,122.84,111.14,81.00,223.00,76.00,90.00,0.1841,61.96,1,0,3.0542,ACCEPT,0,1163,243,9374,4,200,2691,0,0,0,0
185,0,1,1,ACCEPT,58.0405,15.5251,2779,0,0,1.0000,115.91,171.81,122.84,111.14,80.00,223.50,76.00,89.00,0.1772,62.94,1,0,3.0587,ACCEPT,0,1187,265,8303,4,200,2779,0,0,0,0
186,0,1,1,ACCEPT,59.6747,15.8963,2607,0,0,1.0000,115.91,171.81,122.84,111.14,78.50,224.50,77.00,91.00,0.1715,64.62,1,0,3.0693,ACCEPT,0,1093,265,9526,4,200,2607,0,0,0,0
187,0,1,1,ACCEPT,59.4746,16.2750,2604,0,0,1.0000,115.91,171.81,122.84,111.14,77.00,225.50,76.00,89.00,0.1594,66.30,1,0,3.0707,ACCEPT,0,1084,258,11386,4,200,2604,0,0,0,0
188,0,1,1,ACCEPT,59.3133,16.0000,2704,0,0,1.0000,115.91,171.81,122.84,111.14,75.00,226.50,78.00,89.00,0.1509,68.29,1,0,3.0698,ACCEPT,0,1137,237,12332,4,200,2704,0,0,0,0
189,0,1,1,ACCEPT,59.1782,16.6824,2836,0,0,1.0000,115.91,171.81,122.84,111.14,73.50,228.00,77.00,92.00,0.1440,70.39,1,0,3.0743,ACCEPT,0,1200,241,13407,4,200,2836,0,0,0,0
190,0,1,1,ACCEPT,59.1195,17.6353,2998,0,0,1.0000,115.91,171.81,122.84,111.14,71.50,228.00,79.00,90.00,0.1374,71.62,1,0,3.0733,ACCEPT,0,1253,261,13539,4,200,2998,0,0,0,0
191,0,1,1,ACCEPT,59.6227,18.4943,3255,0,0,1.0000,115.91,171.81,122.84,111.14,70.50,229.50,79.00,91.00,0.1306,73.41,1,0,3.0716,ACCEPT,0,1367,286,14195,4,200,3255,0,0,0,0
192,0,1,1,ACCEPT,59.9350,17.6165,3629,0,0,1.0000,115.91,171.81,122.84,111.14,69.50,230.50,79.00,91.00,0.1247,74.82,1,0,3.0712,ACCEPT,0,1523,286,14194,4,200,3629,0,0,0,0
193,0,1,1,ACCEPT,60.3454,17.6651,3851,0,0,1.0000,115.91,171.81,122.84,111.14,68.00,232.00,78.00,92.00,0.1165,76.93,1,0,3.0718,ACCEPT,0,1623,278,17360,4,200,3851,0,0,0,0
194,0,1,1,ACCEPT,61.3835,18.1306,4442,0,0,1.0000,115.91,171.81,122.84,111.14,68.00,232.00,78.00,92.00,0.1165,76.93,1,0,3.0773,ACCEPT,0,1865,290,20980,4,200,4442,0,0,0,0
195,0,1,1,ACCEPT,61.7879,18.2036,5097,0,0,1.0000,115.91,171.81,122.84,111.14,68.00,231.50,80.00,91.00,0.1183,76.54,1,0,3.0820,ACCEPT,0,2131,285,24220,4,200,5097,0,0,0,0
196,0,1,1,ACCEPT,62.4362,18.3706,5750,0,0,1.0000,115.91,171.81,122.84,111.14,67.50,233.00,79.00,90.00,0.1106,78.02,1,0,3.0926,ACCEPT,0,2386,313,23080,4,200,5750,0,0,0,0
197,0,1,1,ACCEPT,62.7730,18.4928,5104,0,0,1.0000,115.91,171.81,122.84,111.14,67.50,233.50,79.00,89.00,0.1080,78.41,1,0,3.1018,ACCEPT,0,2090,301,23434,4,200,5104,0,0,0,0
198,0,1,1,ACCEPT,63.7392,18.4397,4739,0,0,1.0000,115.91,171.81,122.84,111.14,67.50,233.00,79.00,90.00,0.1106,78.02,1,0,3.1131,ACCEPT,0,1933,304,22501,4,200,4739,0,0,0,0
199,0,1,1,ACCEPT,63.8383,17.8443,4354,0,0,1.0000,115.91,171.81,122.84,111.14,67.50,233.50,79.00,91.00,0.1102,78.41,1,0,3.1243,ACCEPT,0,1768,302,22588,4,200,4354,0,0,0,0
200,0,1,1,ACCEPT,64.4378,17.6154,4122,0,0,1.0000,115.91,171.81,122.84,111.14,67.00,233.00,78.00,90.00,0.1088,78.33,1,0,3.1270,ACCEPT,0,1675,299,23433,4,200,4122,0,0,0,0
0,0,0,0,ZERO_RESPONSE,0.0000,0.0000,0,0,0,0.0000,117.50,151.00,91.00,110.00,117.50,151.00,91.00,110.00,1.0000,0.00,1,0,0.0000,NOT_RUN,0,0,1400,9923,5,250,0,0,0,0,0
1,0,1,1,ACCEPT,60.9636,12.7948,5924,0,0,1.0000,117.50,151.00,91.00,110.00,117.50,150.00,91.00,112.00,0.9821,1.00,1,0,3.0269,ACCEPT,0,2312,1266,9332,5,250,5924,0,0,0,0
2,0,1,1,ACCEPT,56.0727,11.8515,5748,0,0,1.0000,117.50,151.00,91.00,110.00,117.50,148.00,91.00,108.00,0.9464,3.00,1,0,2.8846,ACCEPT,0,2346,1172,8729,5,250,5748,0,0,0,0
3,0,1,1,ACCEPT,51.3836,11.0885,5766,0,0,1.0000,117.50,151.00,91.00,110.00,118.00,146.00,90.00,110.00,0.9034,5.02,1,0,3.0815,ACCEPT,0,2435,1006,8737,5,250,5766,0,0,0,0
4,0,1,1,ACCEPT,46.1008,9.9220,5854,0,0,1.0000,117.50,151.00,91.00,110.00,116.50,144.50,87.00,109.00,0.8508,6.58,1,0,2.9912,ACCEPT,0,2647,788,9296,5,250,5854,0,0,0,0
5,0,1,1,ACCEPT,42.0910,9.4641,5934,-1,-1,0.9643,114.66,147.56,91.00,110.00,115.00,143.50,88.00,109.00,0.8988,4.08,1,0,2.6420,ACCEPT,0,2863,629,9396,5,250,5934,0,0,0,0
6,0,1,1,ACCEPT,37.0342,9.5452,6443,0,0,1.0000,114.66,147.56,91.00,110.00,113.00,142.00,86.00,108.00,0.8552,5.80,1,0,2.4546,ACCEPT,0,3338,545,9060,5,250,6443,0,0,0,0
7,0,1,1,ACCEPT,32.0096,8.1093,6455,0,0,1.0000,114.66,147.56,91.00,110.00,113.00,139.00,86.00,110.00,0.8118,8.72,1,0,2.6727,ACCEPT,0,3650,527,9970,5,250,6455,0,0,0,0
8,0,1,1,ACCEPT,28.6893,6.9793,7091,0,0,1.0000,114.66,147.56,91.00,110.00,113.00,136.50,86.00,109.00,0.7754,11.19,1,0,2.6515,ACCEPT,0,4258,424,12263,5,250,7091,0,0,0,0
9,0,1,1,ACCEPT,27.4325,6.8791,7739,0,0,1.0000,114.66,147.56,91.00,110.00,112.00,130.00,84.00,110.00,0.6761,17.76,1,0,2.6899,ACCEPT,0,4646,435,12628,5,250,7739,0,0,0,0
10,0,1,1,ACCEPT,27.1888,7.0095,8089,0,0,1.0000,114.66,147.56,91.00,110.00,112.00,130.00,86.00,112.00,0.6902,17.76,1,0,2.8743,ACCEPT,0,4919,442,12796,5,250,8089,0,0,0,0
11,0,1,1,ACCEPT,27.8407,7.0580,8886,0,0,1.0000,114.66,147.56,91.00,110.00,111.00,128.50,84.00,111.00,0.6571,19.41,1,0,2.8508,ACCEPT,0,5472,286,13061,5,250,8886,0,0,0,0
12,0,1,1,ACCEPT,26.9591,7.3708,8727,0,0,1.0000,114.66,147.56,91.00,110.00,112.00,126.50,86.00,117.00,0.6538,21.23,1,0,2.6177,ACCEPT,0,5574,276,11990,5,250,8727,0,0,0,0
13,0,1,1,ACCEPT,26.7969,7.3113,8525,0,0,1.0000,114.66,147.56,91.00,110.00,112.00,123.50,86.00,117.00,0.6194,24.21,1,0,2.8044,ACCEPT,0,5764,281,12455,5,250,8525,0,0,0,0
14,0,1,1,ACCEPT,27.6396,6.5137,8318,0,0,1.0000,114.66,147.56,91.00,110.00,112.50,121.00,85.00,118.00,0.5895,26.65,1,0,2.7903,ACCEPT,0,5764,275,12026,5,250,8318,0,0,0,0
15,0,1,1,ACCEPT,28.2244,5.9943,8386,0,0,1.0000,114.66,147.56,91.00,110.00,112.00,118.50,88.00,119.00,0.5680,29.18,1,0,2.7658,ACCEPT,0,6028,257,12711,5,250,8386,0,0,0,0
16,0,1,1,ACCEPT,28.5076,5.3623,8274,0,0,1.0000,114.66,147.56,91.00,110.00,111.00,115.50,90.00,119.00,0.5279,32.27,1,0,2.8197,ACCEPT,0,6036,233,13827,5,250,8274,0,0,0,0
17,0,1,1,ACCEPT,27.8677,5.2260,8325,0,0,1.0000,114.66,147.56,91.00,110.00,110.00,114.00,88.00,122.00,0.5086,33.88,1,0,2.7278,ACCEPT,0,6329,247,15640,5,250,8325,0,0,0,0
18,0,1,1,ACCEPT,26.6283,4.9608,8607,0,0,1.0000,114.66,147.56,91.00,110.00,109.50,110.00,89.00,124.00,0.4711,37.91,1,0,2.5191,ACCEPT,0,6773,209,17455,5,250,8607,0,0,0,0
19,0,1,1,ACCEPT,25.4015,5.2768,7989,0,0,1.0000,114.66,147.56,91.00,110.00,108.00,105.50,88.00,121.00,0.4174,42.59,1,0,2.3029,ACCEPT,0,6623,215,18751,5,250,7989,0,0,0,0
20,0,1,1,ACCEPT,22.9788,5.5556,6950,0,-1,0.9991,114.66,144.12,91.00,110.00,107.50,101.50,87.00,121.00,0.4093,43.22,1,0,2.0636,ACCEPT,0,6028,196,18859,5,250,6950,0,0,0,0
21,0,1,1,ACCEPT,21.7953,5.7118,6500,0,0,1.0000,114.66,144.12,91.00,110.00,102.50,98.00,85.00,120.00,0.3486,47.70,1,0,2.2374,ACCEPT,0,5786,202,18315,5,250,6500,0,0,0,0
22,0,1,1,ACCEPT,22.5941,5.6158,6548,0,0,1.0000,114.66,144.12,91.00,110.00,102.00,99.00,86.00,126.00,0.3608,46.87,1,0,2.0541,ACCEPT,0,5682,197,16757,5,250,6548,0,0,0,0
23,0,1,1,ACCEPT,23.0203,5.9342,6581,0,0,1.0000,114.66,144.12,91.00,110.00,98.00,98.00,90.00,130.00,0.3356,49.04,1,0,2.1899,ACCEPT,0,5544,174,15330,5,250,6581,0,0,0,0
24,0,1,1,ACCEPT,24.1341,6.5418,6810,0,0,1.0000,114.66,144.12,91.00,110.00,96.00,97.00,90.00,130.00,0.3178,50.68,1,0,2.3116,ACCEPT,0,5367,202,11941,5,250,6810,0,0,0,0
25,0,1,1,ACCEPT,25.6125,6.9106,6800,0,0,1.0000,114.66,144.12,91.00,110.00,94.50,95.00,89.00,130.00,0.2977,53.10,1,0,2.3907,ACCEPT,0,5157,189,11320,5,250,6800,0,0,0,0
26,0,1,1,ACCEPT,27.0196,7.7225,6873,0,0,1.0000,114.66,144.12,91.00,110.00,93.50,94.00,91.00,132.00,0.2900,54.41,1,0,2.5581,ACCEPT,0,4963,208,11587,5,250,6873,0,0,0,0
27,0,1,1,ACCEPT,28.7069,8.4425,6754,0,0,1.0000,114.66,144.12,91.00,110.00,90.00,93.50,94.00,131.00,0.2696,56.31,1,0,2.8008,ACCEPT,0,4601,198,9663,5,250,6754,0,0,0,0
28,0,1,1,ACCEPT,30.4734,9.5688,6258,0,0,1.0000,114.66,144.12,91.00,110.00,88.50,92.50,93.00,131.00,0.2568,57.87,1,0,2.7720,ACCEPT,0,4044,194,9972,5,250,6258,0,0,0,0
29,0,1,1,ACCEPT,31.9601,9.5030,6253,0,0,1.0000,114.66,144.12,91.00,110.00,87.00,92.00,92.00,128.00,0.2437,59.01,1,0,2.6496,ACCEPT,0,3849,210,9043,5,250,6253,0,0,0,0
30,0,1,1,ACCEPT,32.7979,9.1652,6269,0,0,1.0000,114.66,144.12,91.00,110.00,85.00,93.00,92.00,128.00,0.2387,59.10,1,0,2.5938,ACCEPT,0,3695,185,10086,5,250,6269,0,0,0,0
31,0,1,1,ACCEPT,33.3135,8.2642,6413,0,0,1.0000,114.66,144.12,91.00,110.00,82.00,95.50,92.00,129.00,0.2355,58.57,1,0,2.6690,ACCEPT,0,3692,177,10364,5,250,6413,0,0,0,0
32,0,1,1,ACCEPT,33.5225,8.0841,6726,0,0,1.0000,114.66,144.12,91.00,110.00,80.00,98.50,92.00,131.00,0.2390,57.29,1,0,2.7664,ACCEPT,0,3715,221,10251,5,250,6726,0,0,0,0
33,0,1,1,ACCEPT,33.2207,8.3946,6850,0,0,1.0000,114.66,144.12,91.00,110.00,79.50,100.50,93.00,127.00,0.2423,56.03,1,0,2.8301,ACCEPT,0,4023,197,11759,5,250,6850,0,0,0,0
34,0,1,1,ACCEPT,32.1540,7.9742,6810,0,0,1.0000,114.66,144.12,91.00,110.00,79.50,105.50,93.00,129.00,0.2641,52.23,1,0,2.8870,ACCEPT,0,4402,213,12280,5,250,6810,0,0,0,0
35,0,1,1,ACCEPT,31.6353,7.8429,6839,0,0,1.0000,114.66,144.12,91.00,110.00,78.00,106.00,94.00,122.00,0.2539,52.89,1,0,2.7958,ACCEPT,0,4526,204,13631,5,250,6839,0,0,0,0
36,0,1,1,ACCEPT,31.3501,7.3773,7097,0,0,1.0000,114.66,144.12,91.00,110.00,77.50,112.00,97.00,122.00,0.2792,49.12,1,0,2.7568,ACCEPT,0,4518,213,14398,5,250,7097,0,0,0,0
37,0,1,1,ACCEPT,31.4884,7.8131,7024,0,1,0.9897,114.66,147.56,91.00,110.00,79.50,116.50,103.00,121.00,0.3027,46.91,1,0,2.5646,ACCEPT,0,4475,234,15243,5,250,7024,0,0,0,0
38,0,1,1,ACCEPT,32.6904,8.4090,6744,0,0,1.0000,114.66,147.56,91.00,110.00,81.00,117.50,102.00,123.00,0.3172,45.13,1,0,2.6949,ACCEPT,0,4133,206,16682,5,250,6744,0,0,0,0
39,0,1,1,ACCEPT,34.4550,8.8207,7330,0,0,1.0000,114.66,147.56,91.00,110.00,82.50,120.00,99.00,120.00,0.3352,42.35,1,0,2.7533,ACCEPT,0,4116,157,17764,5,250,7330,0,0,0,0
40,0,1,1,ACCEPT,34.4226,8.5633,7844,0,0,1.0000,114.66,147.56,91.00,110.00,85.50,120.50,103.00,117.00,0.3621,39.78,1,0,2.7586,ACCEPT,0,4365,189,16558,5,250,7844,0,0,0,0
41,0,1,1,ACCEPT,34.0998,8.1058,8122,0,0,1.0000,114.66,147.56,91.00,110.00,86.50,123.00,105.00,114.00,0.3847,37.36,1,0,2.7131,ACCEPT,0,4516,200,17571,5,250,8122,0,0,0,0
42,0,1,1,ACCEPT,31.8845,7.3242,8269,0,0,1.0000,114.66,147.56,91.00,110.00,89.50,124.50,99.00,113.00,0.4112,34.13,1,0,2.7060,ACCEPT,0,4894,192,17451,5,250,8269,0,0,0,0
43,0,1,1,ACCEPT,28.6483,6.1270,7769,0,0,1.0000,114.66,147.56,91.00,110.00,95.00,127.00,104.00,110.00,0.4806,28.45,1,0,2.8484,ACCEPT,0,4848,185,16659,5,250,7769,0,0,0,0
44,0,1,1,ACCEPT,26.3576,5.8170,7376,0,0,1.0000,114.66,147.56,91.00,110.00,99.50,128.00,103.00,112.00,0.5322,24.75,1,0,2.9185,ACCEPT,0,4778,191,16512,5,250,7376,0,0,0,0
45,0,1,1,ACCEPT,25.5359,5.9189,6789,0,0,1.0000,114.66,147.56,91.00,110.00,103.00,131.50,106.00,107.00,0.6025,19.85,1,0,3.1431,ACCEPT,0,4424,189,17031,5,250,6789,0,0,0,0
46,0,1,1,ACCEPT,23.6348,5.8941,5953,1,1,0.9822,117.50,151.00,91.00,110.00,106.00,135.50,106.00,105.00,0.6093,19.30,1,0,2.9743,ACCEPT,0,4332,191,18077,5,250,5953,0,0,0,0
47,0,1,1,ACCEPT,21.0811,5.5164,6228,0,0,1.0000,117.50,151.00,91.00,110.00,108.50,140.00,103.00,102.00,0.6877,14.21,1,0,3.2987,ACCEPT,0,5132,169,21629,5,250,6228,0,0,0,0
48,0,1,1,ACCEPT,20.4679,5.2392,6811,0,0,1.0000,117.50,151.00,91.00,110.00,109.50,144.50,105.00,99.00,0.7613,10.31,1,0,2.9707,ACCEPT,0,6074,177,21006,5,250,6811,0,0,0,0
49,0,1,1,ACCEPT,22.1400,5.8932,7337,0,0,1.0000,117.50,151.00,91.00,110.00,112.00,149.00,106.00,98.00,0.7768,5.85,1,0,3.2127,ACCEPT,0,6022,194,20231,5,250,7337,0,0,0,0
50,0,1,1,ACCEPT,21.9330,5.1572,8040,0,0,1.0000,117.50,151.00,91.00,110.00,112.50,152.50,105.00,95.00,0.7623,5.22,1,0,3.3493,ACCEPT,0,6053,219,20918,5,250,8040,0,0,0,0
51,0,1,1,ACCEPT,21.3458,5.9511,8159,0,0,1.0000,117.50,151.00,91.00,110.00,114.00,157.00,102.00,92.00,0.7596,6.95,1,0,3.2519,ACCEPT,0,6612,235,21597,5,250,8159,0,0,0,0
52,0,1,1,ACCEPT,21.0268,5.8456,8406,0,0,1.0000,117.50,151.00,91.00,110.00,115.00,161.00,100.00,84.00,0.7100,10.31,1,0,3.4494,ACCEPT,0,7212,238,22841,5,250,8406,0,0,0,0
53,0,1,1,ACCEPT,22.8271,5.3749,9750,0,0,1.0000,117.50,151.00,91.00,110.00,119.50,164.50,103.00,85.00,0.6873,13.65,1,0,3.4381,ACCEPT,0,7890,248,22106,5,250,9750,0,0,0,0
54,0,1,1,ACCEPT,24.7099,6.1442,11121,0,0,1.0000,117.50,151.00,91.00,110.00,119.00,171.50,106.00,77.00,0.5762,20.55,1,0,3.3006,ACCEPT,0,8754,249,18783,5,250,11121,0,0,0,0
55,0,1,1,ACCEPT,25.0346,6.5658,11779,0,0,1.0000,117.50,151.00,91.00,110.00,126.50,172.00,103.00,78.00,0.5528,22.85,1,0,3.3841,ACCEPT,0,8883,237,15980,5,250,11779,0,0,0,0
56,0,1,1,ACCEPT,25.2617,5.4546,10462,0,0,1.0000,117.50,151.00,91.00,110.00,129.00,173.50,104.00,75.00,0.5106,25.27,1,0,3.3825,ACCEPT,0,7671,203,14798,5,250,10462,0,0,0,0
57,0,1,1,ACCEPT,26.6979,4.9436,10436,0,0,1.0000,117.50,151.00,91.00,110.00,134.00,175.50,100.00,73.00,0.4405,29.54,1,0,2.9597,ACCEPT,0,6631,204,14189,5,250,10436,0,0,0,0
58,0,1,1,ACCEPT,28.9810,5.4194,11760,0,0,1.0000,117.50,151.00,91.00,110.00,135.00,180.00,104.00,74.00,0.3979,33.87,1,0,2.9205,ACCEPT,0,7156,242,14461,5,250,11760,0,0,0,0
59,0,1,1,ACCEPT,31.5303,6.3173,13639,0,0,1.0000,117.50,151.00,91.00,110.00,140.00,182.00,102.00,72.00,0.3438,38.30,1,0,2.9543,ACCEPT,0,8364,224,16631,5,250,13639,0,0,0,0
60,0,1,1,ACCEPT,34.3042,7.6475,15402,0,0,1.0000,117.50,151.00,91.00,110.00,143.50,183.50,99.00,69.00,0.3047,41.62,1,0,3.0071,ACCEPT,0,9107,238,16457,5,250,15402,0,0,0,0
61,0,1,1,ACCEPT,37.3319,8.6151,14973,0,0,1.0000,117.50,151.00,91.00,110.00,145.50,184.00,97.00,68.00,0.2863,43.28,1,0,3.0215,ACCEPT,0,7848,221,17182,5,250,14973,0,0,0,0
62,0,1,1,ACCEPT,40.5487,8.9833,15577,0,0,1.0000,117.50,151.00,91.00,110.00,150.00,188.00,98.00,70.00,0.2419,49.25,1,0,3.0411,ACCEPT,0,7907,212,17221,5,250,15577,0,0,0,0
63,0,1,1,ACCEPT,42.5049,9.5395,15101,0,0,1.0000,117.50,151.00,91.00,110.00,151.50,189.00,97.00,70.00,0.2281,50.99,1,0,3.0528,ACCEPT,0,7600,195,17039,5,250,15101,0,0,0,0
64,0,1,1,ACCEPT,44.6988,10.0827,15245,0,0,1.0000,117.50,151.00,91.00,110.00,154.00,190.50,98.00,69.00,0.2091,53.78,1,0,3.0372,ACCEPT,0,7385,202,16795,5,250,15245,0,0,0,0
65,0,1,1,ACCEPT,46.9080,10.6936,15217,0,0,1.0000,117.50,151.00,91.00,110.00,155.50,191.50,97.00,67.00,0.1945,55.54,1,0,3.0341,ACCEPT,0,7310,206,16124,5,250,15217,0,0,0,0
66,0,1,1,ACCEPT,46.9568,12.0310,14726,0,0,1.0000,117.50,151.00,91.00,110.00,153.50,196.50,93.00,69.00,0.1765,58.02,1,0,3.0457,ACCEPT,0,7124,182,16225,5,250,14726,0,0,0,0
67,0,1,1,ACCEPT,44.1145,11.8950,14393,0,0,1.0000,117.50,151.00,91.00,110.00,156.50,201.00,95.00,64.00,0.1418,63.41,1,0,2.9733,ACCEPT,0,7280,204,15931,5,250,14393,0,0,0,0
68,0,1,1,ACCEPT,42.3982,11.2662,14263,0,0,1.0000,117.50,151.00,91.00,110.00,156.00,205.00,98.00,62.00,0.1254,66.32,1,0,2.8636,ACCEPT,0,7237,226,15766,5,250,14263,0,0,0,0
69,0,1,1,ACCEPT,43.5519,12.3272,14694,0,1,0.9899,117.50,154.44,91.00,110.00,158.00,206.50,98.00,59.00,0.1248,65.96,1,0,2.9087,ACCEPT,0,7258,254,15357,5,250,14694,0,0,0,0
70,0,1,1,ACCEPT,44.4620,12.8934,14879,0,0,1.0000,117.50,154.44,91.00,110.00,162.00,210.50,94.00,59.00,0.0962,71.58,1,0,2.9766,ACCEPT,0,7285,290,15586,5,250,14879,0,0,0,0
71,0,1,1,ACCEPT,43.3365,11.3680,15324,0,0,1.0000,117.50,154.44,91.00,110.00,161.00,214.50,92.00,57.00,0.0796,74.16,1,0,2.9777,ACCEPT,0,7431,255,17172,5,250,15324,0,0,0,0
72,0,1,1,ACCEPT,44.4417,10.3725,15009,0,0,1.0000,117.50,154.44,91.00,110.00,159.50,218.00,97.00,56.00,0.0700,76.19,1,0,2.8764,ACCEPT,0,7206,240,17373,5,250,15009,0,0,0,0
73,0,1,1,ACCEPT,45.1212,10.2342,14768,0,0,1.0000,117.50,154.44,91.00,110.00,161.00,224.00,96.00,50.00,0.0365,82.04,1,0,2.7382,ACCEPT,0,7034,292,16640,5,250,14768,0,0,0,0
74,0,1,1,ACCEPT,46.5225,9.9322,14640,0,0,1.0000,117.50,154.44,91.00,110.00,160.00,226.50,108.00,59.00,0.0452,83.66,1,0,2.6409,ACCEPT,0,7003,310,15512,5,250,14640,0,0,0,0
75,0,1,1,ACCEPT,47.5941,10.1798,13875,0,0,1.0000,117.50,154.44,91.00,110.00,168.50,227.50,91.00,51.00,0.0207,89.10,1,0,2.6006,ACCEPT,0,6529,282,14797,5,250,13875,0,0,0,0
76,0,1,1,ACCEPT,50.0114,10.4015,13678,0,0,1.0000,117.50,154.44,91.00,110.00,169.00,231.00,92.00,50.00,0.0095,92.27,1,0,2.6182,ACCEPT,0,6372,266,14523,5,250,13678,0,0,0,0
77,0,1,1,ACCEPT,52.3539,11.5259,13128,0,0,1.0000,117.50,154.44,91.00,110.00,172.00,233.00,90.00,48.00,0.0011,95.62,1,0,2.6579,ACCEPT,0,6049,266,14762,5,250,13128,0,0,0,0
78,0,1,1,ACCEPT,55.2718,11.4206,13305,0,0,1.0000,117.50,154.44,91.00,110.00,171.50,234.50,93.00,49.00,0.0000,96.57,1,0,2.7127,ACCEPT,0,5879,273,14593,5,250,13305,0,0,0,0
79,0,1,1,ACCEPT,57.5136,12.0202,13114,0,0,1.0000,117.50,154.44,91.00,110.00,173.00,234.50,92.00,47.00,0.0000,97.42,1,0,2.7750,ACCEPT,0,5694,296,14036,5,250,13114,0,0,0,0
80,0,1,1,ACCEPT,58.9616,12.5337,12847,0,0,1.0000,117.50,154.44,91.00,110.00,173.50,232.50,91.00,51.00,0.0059,96.07,1,0,2.8175,ACCEPT,0,5509,288,13964,5,250,12847,0,0,0,0
81,0,1,1,ACCEPT,60.8075,12.7869,12659,0,0,1.0000,117.50,154.44,91.00,110.00,172.50,232.00,91.00,50.00,0.0061,95.08,1,0,2.8503,ACCEPT,0,5313,295,13211,5,250,12659,0,0,0,0
82,0,1,1,ACCEPT,61.9963,12.4248,12549,0,0,1.0000,117.50,154.44,91.00,110.00,172.00,232.00,90.00,50.00,0.0061,94.80,1,0,2.8844,ACCEPT,0,5065,301,12995,5,250,12549,0,0,0,0
83,0,1,1,ACCEPT,62.4365,14.0046,12226,0,0,1.0000,117.50,154.44,91.00,110.00,170.00,231.50,92.00,51.00,0.0092,93.25,1,0,2.9165,ACCEPT,0,4951,304,12627,5,250,12226,0,0,0,0
84,0,1,1,ACCEPT,63.8437,13.8314,11812,0,0,1.0000,117.50,154.44,91.00,110.00,168.50,234.00,91.00,54.00,0.0066,94.50,1,0,2.9377,ACCEPT,0,4671,311,12423,5,250,11812,0,0,0,0
85,0,1,1,ACCEPT,63.5048,13.7704,11333,0,0,1.0000,117.50,154.44,91.00,110.00,168.50,232.00,91.00,50.00,0.0067,92.83,1,0,2.9535,ACCEPT,0,4495,302,12665,5,250,11333,0,0,0,0
86,0,1,1,ACCEPT,64.5112,14.9323,11244,0,0,1.0000,117.50,154.44,91.00,110.00,168.00,233.00,92.00,46.00,0.0000,93.39,1,0,2.9719,ACCEPT,0,4419,309,12720,5,250,11244,0,0,0,0
87,0,1,1,ACCEPT,65.7049,15.5352,11030,0,0,1.0000,117.50,154.44,91.00,110.00,167.50,230.50,93.00,51.00,0.0128,91.02,1,0,3.0010,ACCEPT,0,4224,313,12414,5,250,11030,0,0,0,0
88,0,1,1,ACCEPT,64.8803,15.8166,10692,0,0,1.0000,117.50,154.44,91.00,110.00,166.00,233.00,94.00,54.00,0.0101,92.33,1,0,3.0233,ACCEPT,0,4109,312,12524,5,250,10692,0,0,0,0
89,0,1,1,ACCEPT,65.7532,15.8285,10431,0,0,1.0000,117.50,154.44,91.00,110.00,165.00,234.50,96.00,53.00,0.0044,93.09,1,0,3.0317,ACCEPT,0,3951,310,12582,5,250,10431,0,0,0,0
90,0,1,1,ACCEPT,65.5282,15.3338,10243,0,0,1.0000,117.50,154.44,91.00,110.00,163.00,231.50,94.00,49.00,0.0079,89.49,1,0,3.0440,ACCEPT,0,3879,305,13500,5,250,10243,0,0,0,0
91,0,1,1,ACCEPT,65.5680,16.1186,10058,0,0,1.0000,117.50,154.44,91.00,110.00,161.50,233.50,95.00,53.00,0.0080,90.48,1,0,3.0520,ACCEPT,0,3787,289,13115,5,250,10058,0,0,0,0
92,0,1,1,ACCEPT,64.7452,16.0847,9683,0,0,1.0000,117.50,154.44,91.00,110.00,161.50,230.50,95.00,51.00,0.0149,87.87,1,0,3.0567,ACCEPT,0,3725,295,11935,5,250,9683,0,0,0,0
93,0,1,1,ACCEPT,64.9356,15.9281,9302,0,0,1.0000,117.50,154.44,91.00,110.00,158.50,230.00,95.00,52.00,0.0193,85.97,1,0,3.0588,ACCEPT,0,3523,291,12195,5,250,9302,0,0,0,0
94,0,1,1,ACCEPT,64.9296,16.3061,9376,0,0,1.0000,117.50,154.44,91.00,110.00,156.50,230.00,93.00,54.00,0.0232,85.03,1,0,3.0669,ACCEPT,0,3573,283,12601,5,250,9376,0,0,0,0
95,0,1,1,ACCEPT,64.9915,16.0938,9608,0,0,1.0000,117.50,154.44,91.00,110.00,152.50,233.00,97.00,52.00,0.0096,86.01,1,0,3.0790,ACCEPT,0,3703,258,12775,5,250,9608,0,0,0,0
96,0,1,1,ACCEPT,65.4432,15.7301,9674,0,0,1.0000,117.50,154.44,91.00,110.00,148.50,233.50,103.00,53.00,0.0105,84.92,1,0,3.0903,ACCEPT,0,3721,273,13380,5,250,9674,0,0,0,0
97,0,1,1,ACCEPT,64.9419,15.8869,9691,0,0,1.0000,117.50,154.44,91.00,110.00,146.50,235.00,101.00,52.00,0.0019,85.62,1,0,3.1065,ACCEPT,0,3854,256,13593,5,250,9691,0,0,0,0
98,0,1,1,ACCEPT,64.5483,15.7718,9747,0,0,1.0000,117.50,154.44,91.00,110.00,142.50,236.50,101.00,55.00,0.0020,85.79,1,0,3.1189,ACCEPT,0,3966,272,13235,5,250,9747,0,0,0,0
99,0,1,1,ACCEPT,64.9662,16.0084,9477,0,0,1.0000,117.50,154.44,91.00,110.00,138.00,238.50,106.00,53.00,0.0000,86.53,1,0,3.1316,ACCEPT,0,3857,271,12325,5,250,9477,0,0,0,0
100,0,1,1,ACCEPT,65.1961,16.5793,8986,0,0,1.0000,117.50,154.44,91.00,110.00,134.00,241.00,104.00,56.00,0.0000,88.12,1,0,3.1402,ACCEPT,0,3608,288,11834,5,250,8986,0,0,0,0
101,0,1,1,ACCEPT,64.7724,16.7563,8663,0,0,1.0000,117.50,154.44,91.00,110.00,132.00,246.00,106.00,60.00,0.0000,92.70,1,0,3.1408,ACCEPT,0,3598,298,10959,5,250,8663,0,0,0,0
102,0,1,1,ACCEPT,64.4889,16.6213,7945,0,0,1.0000,117.50,154.44,91.00,110.00,130.00,246.00,108.00,60.00,0.0000,92.41,1,0,3.1428,ACCEPT,0,3270,300,10328,5,250,7945,0,0,0,0
103,0,1,1,ACCEPT,64.5309,15.9268,7613,0,0,1.0000,117.50,154.44,91.00,110.00,126.00,246.50,108.00,59.00,0.0000,92.45,1,0,3.1474,ACCEPT,0,3103,315,12536,5,250,7613,0,0,0,0
104,0,1,1,ACCEPT,65.0354,16.7822,7552,0,0,1.0000,117.50,154.44,91.00,110.00,124.00,247.50,108.00,55.00,0.0000,93.29,1,0,3.1534,ACCEPT,0,3084,296,13517,5,250,7552,0,0,0,0
105,0,1,1,ACCEPT,65.1341,16.3812,7306,0,0,1.0000,117.50,154.44,91.00,110.00,121.50,247.50,111.00,55.00,0.0000,93.15,1,0,3.1594,ACCEPT,0,2924,305,14114,5,250,7306,0,0,0,0
106,0,1,1,ACCEPT,64.9126,16.4266,7162,0,0,1.0000,117.50,154.44,91.00,110.00,119.50,250.50,109.00,53.00,0.0000,96.08,1,0,3.1685,ACCEPT,0,2863,302,13708,5,250,7162,0,0,0,0
107,0,1,1,ACCEPT,65.4870,16.7923,6952,0,0,1.0000,117.50,154.44,91.00,110.00,118.50,253.50,111.00,57.00,0.0000,99.07,1,0,3.1806,ACCEPT,0,2755,288,14084,5,250,6952,0,0,0,0
108,0,1,1,ACCEPT,65.1140,15.6769,7180,0,0,1.0000,117.50,154.44,91.00,110.00,117.00,252.00,114.00,56.00,0.0000,97.56,1,0,3.1851,ACCEPT,0,2850,283,13275,5,250,7180,0,0,0,0
109,0,1,1,ACCEPT,65.7898,16.6154,7128,0,0,1.0000,117.50,154.44,91.00,110.00,115.50,250.50,115.00,55.00,0.0000,96.08,1,0,3.1925,ACCEPT,0,2760,279,12323,5,250,7128,0,0,0,0
110,0,1,1,ACCEPT,65.1119,15.6980,7017,0,0,1.0000,117.50,154.44,91.00,110.00,112.50,249.50,113.00,53.00,0.0000,95.19,1,0,3.1985,ACCEPT,0,2845,288,11143,5,250,7017,0,0,0,0
111,0,1,1,ACCEPT,65.5210,15.9566,6622,0,0,1.0000,117.50,154.44,91.00,110.00,109.50,248.50,113.00,55.00,0.0000,94.40,1,0,3.2029,ACCEPT,0,2641,278,9622,5,250,6622,0,0,0,0
112,0,1,1,ACCEPT,65.4321,15.6382,6224,0,0,1.0000,117.50,154.44,91.00,110.00,108.00,244.50,114.00,53.00,0.0000,90.56,1,0,3.2051,ACCEPT,0,2500,279,9547,5,250,6224,0,0,0,0
113,0,1,1,ACCEPT,65.0036,15.5897,6080,0,0,1.0000,117.50,154.44,91.00,110.00,106.00,245.50,116.00,47.00,0.0000,91.79,1,0,3.2042,ACCEPT,0,2400,282,11116,5,250,6080,0,0,0,0
114,0,1,1,ACCEPT,64.8972,16.1498,6686,0,0,1.0000,117.50,154.44,91.00,110.00,102.00,240.00,116.00,56.00,0.0000,86.96,1,0,3.2068,ACCEPT,0,2691,296,10626,5,250,6686,0,0,0,0
115,0,1,1,ACCEPT,65.4671,15.9435,6489,0,0,1.0000,117.50,154.44,91.00,110.00,99.00,238.50,114.00,55.00,0.0000,86.07,1,0,3.2066,ACCEPT,0,2593,305,10982,5,250,6489,0,0,0,0
116,0,1,1,ACCEPT,65.3389,16.2743,6705,0,0,1.0000,117.50,154.44,91.00,110.00,98.50,236.00,111.00,58.00,0.0123,83.75,1,0,3.2083,ACCEPT,0,2718,308,11194,5,250,6705,0,0,0,0
117,0,1,1,ACCEPT,64.5411,15.9375,6630,0,0,1.0000,117.50,154.44,91.00,110.00,96.50,233.00,111.00,58.00,0.0272,81.32,1,0,3.2076,ACCEPT,0,2742,281,11399,5,250,6630,0,0,0,0
118,0,1,1,ACCEPT,64.1213,16.0223,6457,0,0,1.0000,117.50,154.44,91.00,110.00,95.50,224.50,111.00,61.00,0.0784,73.44,1,0,3.2121,ACCEPT,0,2594,293,12672,5,250,6457,0,0,0,0
119,0,1,1,ACCEPT,62.3952,15.4787,6888,0,0,1.0000,117.50,154.44,91.00,110.00,96.50,219.50,111.00,65.00,0.1163,68.37,1,0,3.2185,ACCEPT,0,2927,281,11860,5,250,6888,0,0,0,0
120,0,1,1,ACCEPT,61.3037,13.2767,6094,0,0,1.0000,117.50,154.44,91.00,110.00,97.50,216.00,111.00,66.00,0.1409,64.73,1,0,3.2291,ACCEPT,0,2600,280,12291,5,250,6094,0,0,0,0
121,0,1,1,ACCEPT,58.3315,12.3139,6120,0,0,1.0000,117.50,154.44,91.00,110.00,98.50,215.00,111.00,64.00,0.1450,63.47,1,0,3.2411,ACCEPT,0,2699,268,13970,5,250,6120,0,0,0,0
122,0,1,1,ACCEPT,54.7510,11.5610,6821,0,0,1.0000,117.50,154.44,91.00,110.00,97.50,212.00,107.00,68.00,0.1678,60.94,1,0,3.2442,ACCEPT,0,3166,234,14311,5,250,6821,0,0,0,0
123,0,1,1,ACCEPT,51.4850,10.4939,6926,0,0,1.0000,117.50,154.44,91.00,110.00,103.50,206.00,109.00,72.00,0.2344,53.43,1,0,3.2231,ACCEPT,0,3194,232,18153,5,250,6926,0,0,0,0
124,0,1,1,ACCEPT,50.5708,7.9415,9101,0,0,1.0000,117.50,154.44,91.00,110.00,107.50,202.50,111.00,69.00,0.2713,49.09,1,0,3.2022,ACCEPT,0,4079,228,19939,5,250,9101,0,0,0,0
125,0,1,1,ACCEPT,48.2879,7.9547,9832,0,0,1.0000,117.50,154.44,91.00,110.00,113.00,199.50,108.00,73.00,0.3092,45.29,1,0,3.1821,ACCEPT,0,4696,207,23922,5,250,9832,0,0,0,0
126,0,1,1,ACCEPT,40.5232,7.5799,9725,0,0,1.0000,117.50,154.44,91.00,110.00,117.00,193.00,106.00,76.00,0.3778,38.57,1,0,3.1667,ACCEPT,0,5598,215,22790,5,250,9725,0,0,0,0
127,0,1,1,ACCEPT,38.4048,8.6510,10312,0,0,1.0000,117.50,154.44,91.00,110.00,125.50,187.00,105.00,78.00,0.4364,33.53,1,0,3.1245,ACCEPT,0,6091,234,17901,5,250,10312,0,0,0,0
128,0,1,1,ACCEPT,37.2085,7.2294,9832,0,0,1.0000,117.50,154.44,91.00,110.00,130.50,184.50,105.00,81.00,0.4294,32.75,1,0,3.1363,ACCEPT,0,5724,261,18230,5,250,9832,0,0,0,0
129,0,1,1,ACCEPT,35.2394,7.6724,8946,0,0,1.0000,117.50,154.44,91.00,110.00,136.50,180.00,105.00,74.00,0.4188,31.85,1,0,3.0981,ACCEPT,0,5401,233,18862,5,250,8946,0,0,0,0
130,0,1,1,ACCEPT,34.2606,9.1018,8938,0,0,1.0000,117.50,154.44,91.00,110.00,143.00,174.00,100.00,86.00,0.4185,32.14,1,0,3.3323,ACCEPT,0,5819,227,19760,5,250,8938,0,0,0,0
131,0,1,1,ACCEPT,34.3106,8.5455,8255,0,0,1.0000,117.50,154.44,91.00,110.00,148.00,166.00,100.00,84.00,0.4216,32.62,1,0,3.1779,ACCEPT,0,4698,257,20958,5,250,8255,0,0,0,0
132,0,1,1,ACCEPT,34.0124,8.0000,7584,0,0,1.0000,117.50,154.44,91.00,110.00,152.50,162.00,95.00,92.00,0.3978,35.81,1,0,3.0163,ACCEPT,0,4194,243,18566,5,250,7584,0,0,0,0
133,0,1,1,ACCEPT,32.7232,7.8164,7238,0,0,1.0000,117.50,154.44,91.00,110.00,153.00,157.50,96.00,97.00,0.4108,35.63,1,0,3.1625,ACCEPT,0,4007,239,14985,5,250,7238,0,0,0,0
134,0,1,1,ACCEPT,33.5746,7.3632,7238,0,0,1.0000,117.50,154.44,91.00,110.00,155.00,156.50,94.00,97.00,0.3868,37.56,1,0,3.1498,ACCEPT,0,3864,250,12673,5,250,7238,0,0,0,0
135,0,1,1,ACCEPT,36.1546,8.0809,7596,0,0,1.0000,117.50,154.44,91.00,110.00,156.50,153.00,95.00,96.00,0.3717,39.03,1,0,3.0725,ACCEPT,0,3845,224,12001,5,250,7596,0,0,0,0
136,0,1,1,ACCEPT,38.4488,8.8361,7440,0,0,1.0000,117.50,154.44,91.00,110.00,158.50,151.50,97.00,95.00,0.3548,41.11,1,0,3.0661,ACCEPT,0,3534,256,11624,5,250,7440,0,0,0,0
137,0,1,1,ACCEPT,39.0645,9.3583,7627,0,0,1.0000,117.50,154.44,91.00,110.00,161.50,149.50,95.00,99.00,0.3331,44.28,1,0,3.0150,ACCEPT,0,3615,250,11672,5,250,7627,0,0,0,0
138,0,1,1,ACCEPT,33.9651,8.7041,6737,0,0,1.0000,117.50,154.44,91.00,110.00,163.50,150.50,95.00,95.00,0.3065,46.17,1,0,2.9334,ACCEPT,0,3343,269,11431,5,250,6737,0,0,0,0
139,0,1,1,ACCEPT,27.7366,7.5146,6455,0,0,1.0000,117.50,154.44,91.00,110.00,168.50,144.50,93.00,95.00,0.2522,51.96,1,0,2.9143,ACCEPT,0,3742,327,10022,5,250,6455,0,0,0,0
140,0,1,1,ACCEPT,28.4537,7.5281,6158,0,0,1.0000,117.50,154.44,91.00,110.00,169.00,142.50,88.00,103.00,0.2321,52.87,1,0,2.9604,ACCEPT,0,3298,365,8100,5,250,6158,0,0,0,0
141,0,1,1,ACCEPT,31.8094,7.4719,5985,0,0,1.0000,117.50,154.44,91.00,110.00,170.50,140.50,89.00,107.00,0.2182,54.80,1,0,2.9677,ACCEPT,0,3017,340,8247,5,250,5985,0,0,0,0
142,0,1,1,ACCEPT,34.9583,7.7362,6305,0,0,1.0000,117.50,154.44,91.00,110.00,171.00,137.50,90.00,111.00,0.2093,56.12,1,0,2.9787,ACCEPT,0,3165,296,7510,5,250,6305,0,0,0,0
143,0,1,1,ACCEPT,36.6495,7.9456,6134,0,0,1.0000,117.50,154.44,91.00,110.00,171.50,134.00,89.00,114.00,0.1955,57.74,1,0,2.9684,ACCEPT,0,3103,335,7358,5,250,6134,0,0,0,0
144,0,1,1,ACCEPT,38.5982,8.3712,6111,0,0,1.0000,117.50,154.44,91.00,110.00,171.00,130.50,88.00,115.00,0.1882,58.61,1,0,2.9366,ACCEPT,0,3094,336,9294,5,250,6111,0,0,0,0
145,0,1,1,ACCEPT,39.1091,8.4693,7309,0,0,1.0000,117.50,154.44,91.00,110.00,170.50,127.50,89.00,121.00,0.1872,59.45,1,0,2.8868,ACCEPT,0,3611,330,10007,5,250,7309,0,0,0,0
146,0,1,1,ACCEPT,39.6134,8.8927,7790,0,0,1.0000,117.50,154.44,91.00,110.00,167.50,124.50,89.00,123.00,0.1979,58.28,1,0,2.8568,ACCEPT,0,4010,343,10522,5,250,7790,0,0,0,0
147,0,1,1,ACCEPT,37.6784,8.9100,8019,0,0,1.0000,117.50,154.44,91.00,110.00,167.00,122.00,90.00,124.00,0.1958,59.18,1,0,2.8497,ACCEPT,0,4279,338,10065,5,250,8019,0,0,0,0
148,0,1,1,ACCEPT,37.8247,8.6071,7514,0,0,1.0000,117.50,154.44,91.00,110.00,164.00,121.50,90.00,125.00,0.2121,56.98,1,0,2.8641,ACCEPT,0,3976,310,9791,5,250,7514,0,0,0,0
149,0,1,1,ACCEPT,39.0306,9.0711,7148,0,0,1.0000,117.50,154.44,91.00,110.00,162.50,121.50,89.00,125.00,0.2196,55.77,1,0,2.8787,ACCEPT,0,3678,292,8948,5,250,7148,0,0,0,0
150,0,1,1,ACCEPT,40.9019,9.0160,6753,0,0,1.0000,117.50,154.44,91.00,110.00,162.00,123.00,92.00,124.00,0.2312,54.48,1,0,2.9106,ACCEPT,0,3266,308,8177,5,250,6753,0,0,0,0
151,0,1,1,ACCEPT,43.0311,8.9325,6753,0,0,1.0000,117.50,154.44,91.00,110.00,159.00,123.00,92.00,126.00,0.2506,52.06,1,0,2.9417,ACCEPT,0,3086,336,7295,5,250,6753,0,0,0,0
152,0,1,1,ACCEPT,43.7520,8.7255,6134,0,0,1.0000,117.50,154.44,91.00,110.00,159.50,124.50,97.00,125.00,0.2590,51.58,1,0,2.9729,ACCEPT,0,2860,341,6845,5,250,6134,0,0,0,0
153,0,1,1,ACCEPT,43.5226,9.0359,5539,0,0,1.0000,117.50,154.44,91.00,110.00,152.00,125.50,92.00,125.00,0.3067,45.03,1,0,2.9878,ACCEPT,0,2593,353,6854,5,250,5539,0,0,0,0
154,0,1,1,ACCEPT,40.8539,7.7923,5439,0,0,1.0000,117.50,154.44,91.00,110.00,151.50,126.00,95.00,122.00,0.3144,44.32,1,0,2.9528,ACCEPT,0,2695,330,7629,5,250,5439,0,0,0,0
155,0,1,1,ACCEPT,38.9278,7.5108,5911,0,0,1.0000,117.50,154.44,91.00,110.00,149.00,128.00,94.00,124.00,0.3422,41.12,1,0,2.9648,ACCEPT,0,3125,308,8378,5,250,5911,0,0,0,0
156,0,1,1,ACCEPT,38.6555,7.1399,6226,0,0,1.0000,117.50,154.44,91.00,110.00,146.50,129.50,95.00,121.00,0.3690,38.25,1,0,3.0422,ACCEPT,0,3382,302,11193,5,250,6226,0,0,0,0
157,0,1,1,ACCEPT,37.6647,7.6908,7860,0,0,1.0000,117.50,154.44,91.00,110.00,143.50,130.50,95.00,121.00,0.3991,35.34,1,0,3.1770,ACCEPT,0,4164,295,13350,5,250,7860,0,0,0,0
158,0,1,1,ACCEPT,34.9155,7.9696,8910,0,0,1.0000,117.50,154.44,91.00,110.00,140.50,135.00,95.00,118.00,0.4534,30.11,1,0,3.3474,ACCEPT,0,4818,264,13156,5,250,8910,0,0,0,0
159,0,1,1,ACCEPT,33.3827,7.7082,8533,0,0,1.0000,117.50,154.44,91.00,110.00,137.50,135.50,95.00,113.00,0.4831,27.54,1,0,3.5702,ACCEPT,0,5000,273,12503,5,250,8533,0,0,0,0
160,0,1,1,ACCEPT,32.0598,7.2556,8032,0,0,1.0000,117.50,154.44,91.00,110.00,134.00,139.50,96.00,115.00,0.5549,22.26,1,0,3.5367,ACCEPT,0,5086,255,12554,5,250,8032,0,0,0,0
161,0,1,1,ACCEPT,29.8804,6.9991,7426,0,0,1.0000,117.50,154.44,91.00,110.00,130.50,138.00,101.00,114.00,0.5835,20.96,1,0,3.0315,ACCEPT,0,4952,240,14073,5,250,7426,0,0,0,0
162,0,1,1,ACCEPT,28.3264,6.5904,6999,0,0,1.0000,117.50,154.44,91.00,110.00,129.50,145.50,97.00,113.00,0.6695,14.96,1,0,2.9443,ACCEPT,0,4970,266,13400,5,250,6999,0,0,0,0
163,0,1,1,ACCEPT,25.6659,6.0619,6759,0,0,1.0000,117.50,154.44,91.00,110.00,128.50,148.00,97.00,114.00,0.7120,12.75,1,0,2.9414,ACCEPT,0,5166,304,13866,5,250,6759,0,0,0,0
164,0,1,1,ACCEPT,24.3484,5.5057,6761,0,0,1.0000,117.50,154.44,91.00,110.00,126.50,150.50,97.00,109.00,0.7728,9.82,1,0,2.9953,ACCEPT,0,5387,294,13705,5,250,6761,0,0,0,0
165,0,1,1,ACCEPT,22.9913,5.0776,6743,0,0,1.0000,117.50,154.44,94.64,114.40,124.00,152.50,98.00,109.00,0.8355,6.78,1,1,3.1484,ACCEPT,0,5414,282,14469,5,250,6743,0,0,0,0
166,0,1,1,ACCEPT,21.7424,4.5866,6935,0,0,1.0000,117.50,154.44,94.64,114.40,122.00,155.00,98.00,108.00,0.8627,4.54,1,0,2.9805,ACCEPT,0,5297,276,15911,5,250,6935,0,0,0,0
167,0,1,1,ACCEPT,22.2667,4.7811,7688,0,0,1.0000,117.50,154.44,94.64,114.40,119.50,156.50,99.00,109.00,0.9127,2.87,1,0,2.6916,ACCEPT,0,5467,254,18276,5,250,7688,0,0,0,0
168,0,1,1,ACCEPT,23.9469,5.3961,8105,0,0,1.0000,117.50,154.44,94.64,114.40,117.50,161.00,99.00,106.00,0.8520,6.56,1,0,2.6026,ACCEPT,0,5504,264,15955,5,250,8105,0,0,0,0
169,0,1,1,ACCEPT,23.7056,5.1092,7536,0,1,0.9878,117.50,158.02,98.43,118.98,116.00,162.00,100.00,106.00,0.8665,4.26,1,1,2.6349,ACCEPT,0,5234,261,12541,5,250,7536,0,0,0,0
170,0,1,1,ACCEPT,24.0618,5.5581,6981,0,0,1.0000,117.50,158.02,98.43,118.98,115.00,164.00,102.00,102.00,0.8205,6.49,1,0,3.0168,ACCEPT,0,4943,270,9014,5,250,6981,0,0,0,0
171,0,1,1,ACCEPT,22.2287,4.8475,6263,0,0,1.0000,117.50,158.02,98.43,118.98,113.50,168.50,99.00,101.00,0.7671,11.22,1,0,3.2774,ACCEPT,0,4846,290,8297,5,250,6263,0,0,0,0
172,0,1,1,ACCEPT,19.9694,4.4201,5640,0,0,1.0000,117.50,158.02,98.43,118.98,112.50,170.50,99.00,101.00,0.7268,13.45,1,0,3.4822,ACCEPT,0,4614,324,8064,5,250,5640,0,0,0,0
173,0,1,1,ACCEPT,19.3087,4.0544,5295,0,0,1.0000,117.50,158.02,98.43,118.98,110.50,174.50,103.00,97.00,0.6533,17.91,1,0,3.4253,ACCEPT,0,4535,330,7965,5,250,5295,0,0,0,0
174,0,1,1,ACCEPT,20.6026,4.2396,5185,0,0,1.0000,117.50,158.02,98.43,118.98,110.00,173.00,102.00,100.00,0.6664,16.76,1,0,3.4981,ACCEPT,0,4243,271,8621,5,250,5185,0,0,0,0
175,0,1,1,ACCEPT,21.8540,4.7244,5315,0,0,1.0000,117.50,158.02,98.43,118.98,108.50,177.50,103.00,95.00,0.5958,21.46,1,0,3.5503,ACCEPT,0,4131,209,9288,5,250,5315,0,0,0,0
176,0,1,1,ACCEPT,23.0329,5.5184,5535,0,0,1.0000,117.50,158.02,98.43,118.98,105.50,178.00,103.00,102.00,0.5659,23.31,1,0,3.4774,ACCEPT,0,4139,298,9659,5,250,5535,0,0,0,0
177,0,1,1,ACCEPT,24.1135,6.9765,5937,0,0,1.0000,117.50,158.02,98.43,118.98,106.50,181.00,101.00,98.00,0.5409,25.48,1,0,3.3456,ACCEPT,0,4133,230,10813,5,250,5937,0,0,0,0
178,0,1,1,ACCEPT,26.1148,6.5047,6869,0,0,1.0000,117.50,158.02,98.43,118.98,103.00,186.00,102.00,92.00,0.4597,31.52,1,0,3.4170,ACCEPT,0,4354,239,13006,5,250,6869,0,0,0,0
179,0,1,1,ACCEPT,26.8182,5.8838,8914,0,0,1.0000,117.50,158.02,98.43,118.98,102.00,188.00,104.00,88.00,0.4326,33.75,1,0,3.3562,ACCEPT,0,5478,220,15987,5,250,8914,0,0,0,0
180,0,1,1,ACCEPT,28.8507,6.1759,11549,0,0,1.0000,117.50,158.02,98.43,118.98,100.50,196.00,103.00,80.00,0.3478,41.62,1,0,3.0926,ACCEPT,0,7359,259,17270,5,250,11549,0,0,0,0
181,0,1,1,ACCEPT,32.2357,8.3498,13318,0,0,1.0000,117.50,158.02,98.43,118.98,100.50,198.00,103.00,82.00,0.3356,43.45,1,0,2.9249,ACCEPT,0,8078,271,18240,5,250,13318,0,0,0,0
182,0,1,1,ACCEPT,34.9251,9.6971,15176,0,0,1.0000,117.50,158.02,98.43,118.98,98.00,197.00,102.00,84.00,0.3312,43.59,1,0,2.8933,ACCEPT,0,8550,256,18949,5,250,15176,0,0,0,0
183,0,1,1,ACCEPT,37.5272,10.6085,15552,0,0,1.0000,117.50,158.02,98.43,118.98,98.50,202.00,103.00,80.00,0.2942,47.91,1,0,2.8621,ACCEPT,0,8354,238,18630,5,250,15552,0,0,0,0
184,0,1,1,ACCEPT,39.5830,11.0934,14965,0,0,1.0000,117.50,158.02,98.43,118.98,96.50,204.50,99.00,81.00,0.2670,51.01,1,0,2.8213,ACCEPT,0,7815,216,18847,5,250,14965,0,0,0,0
185,0,1,1,ACCEPT,41.0436,11.1279,14444,0,0,1.0000,117.50,158.02,98.43,118.98,94.50,206.00,101.00,74.00,0.2406,53.21,1,0,2.8394,ACCEPT,0,7397,217,18374,5,250,14444,0,0,0,0
186,0,1,1,ACCEPT,42.8253,11.6978,14517,0,0,1.0000,117.50,158.02,98.43,118.98,93.50,210.50,101.00,79.00,0.2178,57.71,1,0,2.8617,ACCEPT,0,7161,249,17816,5,250,14517,0,0,0,0
187,0,1,1,ACCEPT,45.0246,11.7080,14635,0,0,1.0000,117.50,158.02,98.43,118.98,93.50,210.50,105.00,77.00,0.2175,57.71,1,0,2.8930,ACCEPT,0,7108,235,17612,5,250,14635,0,0,0,0
188,0,1,1,ACCEPT,47.3955,12.5892,14742,0,0,1.0000,117.50,158.02,98.43,118.98,93.50,213.50,103.00,73.00,0.1927,60.45,1,0,2.9159,ACCEPT,0,7132,256,17369,5,250,14742,0,0,0,0
189,0,1,1,ACCEPT,49.5142,12.7341,14848,0,0,1.0000,117.50,158.02,98.43,118.98,90.00,213.50,98.00,73.00,0.1790,61.93,1,0,2.9038,ACCEPT,0,7035,233,17673,5,250,14848,0,0,0,0
190,0,1,1,ACCEPT,51.2441,12.9329,15041,0,0,1.0000,117.50,158.02,98.43,118.98,90.50,215.50,97.00,73.00,0.1694,63.51,1,0,2.9004,ACCEPT,0,6982,235,16911,5,250,15041,0,0,0,0
191,0,1,1,ACCEPT,52.5290,13.2018,14918,0,0,1.0000,117.50,158.02,98.43,118.98,88.50,217.50,97.00,73.00,0.1540,66.18,1,0,2.8833,ACCEPT,0,6747,270,15846,5,250,14918,0,0,0,0
192,0,1,1,ACCEPT,53.4548,14.1898,14800,0,0,1.0000,117.50,158.02,98.43,118.98,88.00,217.50,100.00,75.00,0.1575,66.40,1,0,2.8497,ACCEPT,0,6628,283,14673,5,250,14800,0,0,0,0
193,0,1,1,ACCEPT,54.2275,14.4409,14542,0,0,1.0000,117.50,158.02,98.43,118.98,87.50,219.00,103.00,74.00,0.1492,67.96,1,0,2.8108,ACCEPT,0,6482,295,13471,5,250,14542,0,0,0,0
194,0,1,1,ACCEPT,54.6323,14.5929,13980,0,0,1.0000,117.50,158.02,98.43,118.98,85.50,220.00,101.00,74.00,0.1387,69.76,1,0,2.7725,ACCEPT,0,6230,292,12794,5,250,13980,0,0,0,0
195,0,1,1,ACCEPT,55.4779,14.4958,13771,0,0,1.0000,117.50,158.02,98.43,118.98,84.50,223.00,97.00,70.00,0.1151,72.88,1,0,2.7537,ACCEPT,0,6126,274,12501,5,250,13771,0,0,0,0
196,0,1,1,ACCEPT,55.7853,14.8956,13838,0,0,1.0000,117.50,158.02,98.43,118.98,84.00,225.50,100.00,67.00,0.1001,75.34,1,0,2.7585,ACCEPT,0,6064,262,12137,5,250,13838,0,0,0,0
197,0,1,1,ACCEPT,55.1661,14.6611,13239,0,0,1.0000,117.50,158.02,98.43,118.98,85.00,227.00,98.00,70.00,0.0992,76.26,1,0,2.7745,ACCEPT,0,5945,263,11850,5,250,13239,0,0,0,0
198,0,1,1,ACCEPT,54.5878,14.5755,12943,0,1,0.9935,117.50,161.73,98.43,118.98,86.50,230.50,95.00,67.00,0.0966,75.43,1,0,2.8366,ACCEPT,0,5777,253,11508,5,250,12943,0,0,0,0
199,0,1,1,ACCEPT,54.0485,15.0197,12932,0,0,1.0000,117.50,161.73,98.43,118.98,88.00,233.00,94.00,70.00,0.0925,77.13,1,0,2.8734,ACCEPT,0,5715,250,11154,5,250,12932,0,0,0,0
200,0,1,1,ACCEPT,54.5783,13.8398,12525,0,0,1.0000,117.50,161.73,98.43,118.98,91.00,235.00,94.00,68.00,0.0845,77.91,1,0,2.8868,ACCEPT,0,5429,259,10396,5,250,12525,0,0,0,0
201,0,1,1,ACCEPT,55.7552,14.5024,12211,0,0,1.0000,117.50,161.73,98.43,118.98,90.00,235.50,90.00,67.00,0.0779,78.72,1,0,2.8754,ACCEPT,0,5263,280,9631,5,250,12211,0,0,0,0
202,0,1,1,ACCEPT,55.9334,13.9759,12159,0,0,1.0000,117.50,161.73,98.43,118.98,90.50,235.00,91.00,68.00,0.0828,78.08,1,0,2.8660,ACCEPT,0,5106,268,8964,5,250,12159,0,0,0,0
203,0,1,1,ACCEPT,56.9803,14.4354,11736,0,0,1.0000,117.50,161.73,98.43,118.98,90.50,236.00,91.00,66.00,0.0749,79.02,1,0,2.8700,ACCEPT,0,4874,234,8774,5,250,11736,0,0,0,0
204,0,1,1,ACCEPT,57.3113,14.3571,11457,0,0,1.0000,117.50,161.73,98.43,118.98,91.00,238.00,88.00,64.00,0.0622,80.74,1,0,2.8780,ACCEPT,0,4731,261,8396,5,250,11457,0,0,0,0
205,0,1,1,ACCEPT,57.3026,14.7921,11168,0,0,1.0000,117.50,161.73,98.43,118.98,90.50,238.00,87.00,64.00,0.0615,80.90,1,0,2.8885,ACCEPT,0,4531,265,8194,5,250,11168,0,0,0,0
206,0,1,1,ACCEPT,57.7772,16.1043,10967,0,0,1.0000,117.50,161.73,98.43,118.98,91.50,236.00,91.00,68.00,0.0797,78.69,1,0,2.9047,ACCEPT,0,4501,261,8420,5,250,10967,0,0,0,0
207,0,1,1,ACCEPT,58.3968,15.4494,11139,0,0,1.0000,117.50,161.73,98.43,118.98,94.00,235.50,86.00,69.00,0.0855,77.42,1,0,2.9183,ACCEPT,0,4535,285,8920,5,250,11139,0,0,0,0
208,0,1,1,ACCEPT,59.7710,15.8058,11965,0,0,1.0000,117.50,161.73,98.43,118.98,93.50,233.50,89.00,73.00,0.1022,75.67,1,0,2.9423,ACCEPT,0,4788,265,10054,5,250,11965,0,0,0,0
209,0,1,1,ACCEPT,60.2631,15.4427,12663,0,0,1.0000,117.50,161.73,98.43,118.98,92.50,233.00,83.00,76.00,0.1057,75.52,1,0,2.9621,ACCEPT,0,5089,287,10768,5,250,12663,0,0,0,0
210,0,1,1,ACCEPT,60.8741,14.6983,13302,0,0,1.0000,117.50,161.73,98.43,118.98,91.50,231.00,83.00,72.00,0.1061,73.98,1,0,2.9754,ACCEPT,0,5343,250,12296,5,250,13302,0,0,0,0
211,0,1,1,ACCEPT,61.3107,16.3127,14763,0,0,1.0000,117.50,161.73,98.43,118.98,89.00,230.00,82.00,80.00,0.1179,73.98,1,0,2.9928,ACCEPT,0,5925,274,13138,5,250,14763,0,0,0,0
212,0,1,1,ACCEPT,61.8234,14.5850,15781,0,0,1.0000,117.50,161.73,98.43,118.98,89.00,229.00,78.00,78.00,0.1170,73.05,1,0,2.9982,ACCEPT,0,6327,263,13267,5,250,15781,0,0,0,0
213,0,1,1,ACCEPT,61.9754,14.3540,15287,0,0,1.0000,117.50,161.73,98.43,118.98,89.50,226.00,77.00,78.00,0.1304,70.10,1,0,3.0068,ACCEPT,0,6247,245,14240,5,250,15287,0,0,0,0
214,0,1,1,ACCEPT,61.9327,15.2774,14483,0,0,1.0000,117.50,161.73,98.43,118.98,91.50,225.50,79.00,83.00,0.1465,68.86,1,0,3.0211,ACCEPT,0,5817,257,13440,5,250,14483,0,0,0,0
215,0,1,1,ACCEPT,60.9246,15.8827,13135,0,0,1.0000,117.50,161.73,98.43,118.98,92.00,223.50,78.00,81.00,0.1533,66.82,1,0,3.0365,ACCEPT,0,5386,267,14532,5,250,13135,0,0,0,0
216,0,1,1,ACCEPT,60.0830,15.9196,12672,0,0,1.0000,117.50,161.73,98.43,118.98,91.50,221.50,77.00,85.00,0.1665,65.18,1,0,3.0491,ACCEPT,0,5205,254,12432,5,250,12672,0,0,0,0
217,0,1,1,ACCEPT,61.8669,16.1398,12121,0,0,1.0000,117.50,161.73,98.43,118.98,94.00,221.00,78.00,86.00,0.1791,63.75,1,0,3.0606,ACCEPT,0,4967,248,11198,5,250,12121,0,0,0,0
218,0,1,1,ACCEPT,63.1877,18.1174,10490,0,0,1.0000,117.50,161.73,98.43,118.98,94.00,220.00,78.00,86.00,0.1840,62.83,1,0,3.0854,ACCEPT,0,4205,270,9487,5,250,10490,0,0,0,0
219,0,1,1,ACCEPT,63.4577,16.9617,9736,0,0,1.0000,117.50,161.73,98.43,118.98,94.00,219.50,78.00,85.00,0.1849,62.36,1,0,3.1029,ACCEPT,0,3915,253,8424,5,250,9736,0,0,0,0
220,0,1,1,ACCEPT,63.6897,17.5912,8778,0,0,1.0000,117.50,161.73,98.43,118.98,94.00,219.50,78.00,85.00,0.1849,62.36,1,0,3.1103,ACCEPT,0,3519,275,7406,5,250,8778,0,0,0,0
221,0,1,1,ACCEPT,63.0246,17.5563,7795,0,0,1.0000,117.50,161.73,98.43,118.98,93.50,218.50,77.00,85.00,0.1874,61.63,1,0,3.1123,ACCEPT,0,3164,253,7171,5,250,7795,0,0,0,0
222,0,1,1,ACCEPT,61.3379,17.2654,7027,0,0,1.0000,117.50,161.73,98.43,118.98,94.00,218.00,76.00,86.00,0.1925,60.98,1,0,3.1024,ACCEPT,0,2988,261,6729,5,250,7027,0,0,0,0
223,0,1,1,ACCEPT,60.2846,17.4401,6261,0,0,1.0000,117.50,161.73,98.43,118.98,94.00,217.00,76.00,86.00,0.1975,60.05,1,0,3.0857,ACCEPT,0,2739,247,6447,5,250,6261,0,0,0,0
224,0,1,1,ACCEPT,61.4484,17.6167,6113,0,0,1.0000,117.50,161.73,98.43,118.98,94.00,217.00,76.00,86.00,0.1975,60.05,1,0,3.0752,ACCEPT,0,2552,249,6735,5,250,6113,0,0,0,0
225,0,1,1,ACCEPT,62.5607,17.1138,6315,0,0,1.0000,117.50,161.73,98.43,118.98,93.50,217.00,75.00,86.00,0.1948,60.25,1,0,3.0748,ACCEPT,0,2619,257,6643,5,250,6315,0,0,0,0
226,0,1,1,ACCEPT,61.9398,17.2936,5949,0,0,1.0000,117.50,161.73,98.43,118.98,92.50,217.50,75.00,87.00,0.1902,61.11,1,0,3.0748,ACCEPT,0,2482,239,6277,5,250,5949,0,0,0,0
227,0,1,1,ACCEPT,59.5983,16.1500,5168,0,0,1.0000,117.50,161.73,98.43,118.98,91.50,217.50,75.00,87.00,0.1866,61.53,1,0,3.0588,ACCEPT,0,2256,233,6125,5,250,5168,0,0,0,0
228,0,1,1,ACCEPT,61.7851,16.8970,5086,0,0,1.0000,117.50,161.73,98.43,118.98,90.50,217.50,75.00,87.00,0.1829,61.96,1,0,3.0387,ACCEPT,0,2108,232,6129,5,250,5086,0,0,0,0
229,0,1,1,ACCEPT,59.1545,16.0729,4629,0,0,1.0000,117.50,161.73,98.43,118.98,89.00,219.00,74.00,88.00,0.1715,63.97,1,0,3.0113,ACCEPT,0,2027,219,6276,5,250,4629,0,0,0,0
230,0,1,1,ACCEPT,60.3276,16.0836,4809,0,0,1.0000,117.50,161.73,98.43,118.98,86.50,219.50,77.00,87.00,0.1619,65.56,1,0,2.9923,ACCEPT,0,2000,198,5675,5,250,4809,0,0,0,0
231,0,1,1,ACCEPT,57.2414,14.8225,4091,0,0,1.0000,117.50,161.73,98.43,118.98,84.50,221.00,77.00,88.00,0.1506,67.83,1,0,2.9896,ACCEPT,0,1824,229,4712,5,250,4091,0,0,0,0
232,0,1,1,ACCEPT,57.7594,14.9309,3673,0,0,1.0000,117.50,161.73,98.43,118.98,84.00,221.50,76.00,87.00,0.1451,68.51,1,0,2.9827,ACCEPT,0,1588,228,4173,5,250,3673,0,0,0,0
233,0,1,1,ACCEPT,57.8437,14.1016,3469,0,0,1.0000,117.50,161.73,98.43,118.98,83.00,222.50,76.00,89.00,0.1407,69.88,1,0,2.9826,ACCEPT,0,1497,223,4047,5,250,3469,0,0,0,0
234,0,1,1,ACCEPT,58.6486,16.6888,3271,0,0,1.0000,117.50,161.73,98.43,118.98,81.00,223.00,76.00,90.00,0.1340,71.31,1,0,2.9816,ACCEPT,0,1439,205,4376,5,250,3271,0,0,0,0
235,0,1,1,ACCEPT,58.7376,16.7929,3325,0,0,1.0000,117.50,161.73,98.43,118.98,80.00,223.50,76.00,89.00,0.1282,72.26,1,0,2.9847,ACCEPT,0,1455,258,4205,5,250,3325,0,0,0,0
236,0,1,1,ACCEPT,60.0495,17.3978,3236,0,0,1.0000,117.50,161.73,98.43,118.98,78.50,224.50,77.00,91.00,0.1235,73.90,1,0,2.9876,ACCEPT,0,1393,242,4481,5,250,3236,0,0,0,0
237,0,1,1,ACCEPT,59.3823,16.7908,3291,0,0,1.0000,117.50,161.73,98.43,118.98,77.00,225.50,76.00,89.00,0.1132,75.54,1,0,2.9800,ACCEPT,0,1444,233,4799,5,250,3291,0,0,0,0
238,0,1,1,ACCEPT,59.7578,17.7423,3442,0,0,1.0000,117.50,161.73,98.43,118.98,75.00,226.50,78.00,89.00,0.1063,77.47,1,0,2.9694,ACCEPT,0,1514,229,5015,5,250,3442,0,0,0,0
239,0,1,1,ACCEPT,59.7965,18.7021,3516,0,0,1.0000,117.50,161.73,98.43,118.98,73.50,228.00,77.00,92.00,0.1004,79.54,1,0,2.9539,ACCEPT,0,1540,215,5279,5,250,3516,0,0,0,0
240,0,1,1,ACCEPT,60.1057,16.6330,3626,0,0,1.0000,117.50,161.73,98.43,118.98,71.50,228.00,79.00,90.00,0.0950,80.67,1,0,2.9408,ACCEPT,0,1557,219,5712,5,250,3626,0,0,0,0
241,0,1,1,ACCEPT,60.5949,17.5586,3898,0,0,1.0000,117.50,161.73,98.43,118.98,70.50,229.50,79.00,91.00,0.0895,82.47,1,0,2.9258,ACCEPT,0,1673,212,6204,5,250,3898,0,0,0,0
242,0,1,1,ACCEPT,61.2401,16.6865,4205,0,0,1.0000,117.50,161.73,98.43,118.98,69.50,230.50,79.00,91.00,0.0846,83.86,1,0,2.9136,ACCEPT,0,1808,209,6180,5,250,4205,0,0,0,0
243,0,1,1,ACCEPT,61.4907,16.1285,4016,0,0,1.0000,117.50,161.73,98.43,118.98,68.00,232.00,78.00,92.00,0.0778,85.95,1,0,2.8950,ACCEPT,0,1724,199,6685,5,250,4016,0,0,0,0
244,0,1,1,ACCEPT,62.4065,18.0085,4250,0,0,1.0000,117.50,161.73,98.43,118.98,68.00,232.00,78.00,92.00,0.0778,85.95,1,0,2.8897,ACCEPT,0,1808,204,7132,5,250,4250,0,0,0,0
245,0,1,1,ACCEPT,62.6112,17.8720,4468,0,0,1.0000,117.50,161.73,98.43,118.98,68.00,231.50,80.00,91.00,0.0795,85.54,1,0,2.8932,ACCEPT,0,1906,204,7476,5,250,4468,0,0,0,0
246,0,1,1,ACCEPT,63.3760,19.0162,4697,0,0,1.0000,117.50,161.73,98.43,118.98,67.50,233.00,79.00,90.00,0.0734,87.06,1,0,2.9095,ACCEPT,0,1965,203,8327,5,250,4697,0,0,0,0
247,0,1,1,ACCEPT,63.5134,18.7244,4756,0,0,1.0000,117.50,161.73,98.43,118.98,67.50,233.50,79.00,89.00,0.0713,87.47,1,0,2.9313,ACCEPT,0,1984,198,8221,5,250,4756,0,0,0,0
248,0,1,1,ACCEPT,64.3826,19.3174,4443,0,0,1.0000,117.50,161.73,98.43,118.98,67.50,233.00,79.00,90.00,0.0734,87.06,1,0,2.9394,ACCEPT,0,1846,202,8199,5,250,4443,0,0,0,0
249,0,1,1,ACCEPT,64.3032,18.2018,4150,0,0,1.0000,117.50,161.73,98.43,118.98,67.50,233.50,79.00,91.00,0.0730,87.47,1,0,2.9438,ACCEPT,0,1713,190,8302,5,250,4150,0,0,0,0
250,0,1,1,ACCEPT,64.8230,18.5253,4020,0,0,1.0000,117.50,161.73,98.43,118.98,67.00,233.00,78.00,90.00,0.0717,87.34,1,0,2.9382,ACCEPT,0,1657,186,7424,5,250,4020,0,0,0,0
0,0,0,0,ZERO_RESPONSE,0.0000,0.0000,0,0,0,0.0000,93.50,138.50,105.00,103.00,93.50,138.50,105.00,103.00,1.0000,0.00,1,0,0.0000,NOT_RUN,0,0,1552,16228,6,325,0,0,0,0,0
1,0,1,1,ACCEPT,59.2185,15.0228,5273,0,0,1.0000,93.50,138.50,105.00,103.00,94.00,139.50,102.00,101.00,0.9526,1.12,1,0,3.2690,ACCEPT,0,2490,1373,16752,6,325,5273,0,0,0,0
2,0,1,1,ACCEPT,54.7734,11.7269,5582,0,0,1.0000,93.50,138.50,105.00,103.00,93.50,142.00,103.00,104.00,0.9174,3.50,1,0,3.1627,ACCEPT,0,2670,1132,19043,6,325,5582,0,0,0,0
3,0,1,1,ACCEPT,44.6504,7.7062,5849,0,0,1.0000,93.50,138.50,105.00,103.00,93.50,142.00,105.00,106.00,0.9352,3.50,1,0,3.1307,ACCEPT,0,3043,923,19878,6,325,5849,0,0,0,0
4,0,1,1,ACCEPT,35.3874,5.7394,6497,0,0,1.0000,93.50,138.50,105.00,103.00,95.00,145.00,108.00,104.00,0.8586,6.67,1,0,3.2608,ACCEPT,0,3637,822,20181,6,325,6497,0,0,0,0
5,0,1,1,ACCEPT,31.0075,4.9835,7854,0,1,0.9950,93.50,141.72,109.20,107.12,95.00,146.00,108.00,98.00,0.8906,4.54,1,1,2.9373,ACCEPT,0,4647,734,19260,6,325,7854,0,0,0,0
6,0,1,1,ACCEPT,28.2235,6.0960,7431,0,0,1.0000,93.50,141.72,113.57,111.40,94.50,146.50,107.00,103.00,0.8620,4.88,1,1,3.0655,ACCEPT,0,4733,479,19415,6,325,7431,0,0,0,0
7,0,1,1,ACCEPT,23.6628,5.6050,7180,0,0,1.0000,93.50,141.72,113.57,111.40,96.00,148.50,106.00,101.00,0.8221,7.23,1,0,3.1096,ACCEPT,0,5290,514,15213,6,325,7180,0,0,0,0
8,0,1,1,ACCEPT,23.0545,5.9850,7170,0,0,1.0000,93.50,141.72,113.57,111.40,94.00,154.00,102.00,94.00,0.7085,12.29,1,0,3.1403,ACCEPT,0,5373,478,14617,6,325,7170,0,0,0,0
9,0,1,1,ACCEPT,22.4936,5.4682,7043,0,0,1.0000,93.50,141.72,113.57,111.40,95.50,153.00,105.00,100.00,0.7489,11.46,1,0,3.1198,ACCEPT,0,5308,503,12959,6,325,7043,0,0,0,0
10,0,1,1,ACCEPT,21.6869,4.3242,7070,0,0,1.0000,93.50,141.72,113.57,111.40,95.50,155.00,105.00,98.00,0.7194,13.43,1,0,3.0986,ACCEPT,0,5485,446,12207,6,325,7070,0,0,0,0
11,0,1,1,ACCEPT,21.3877,4.3226,7223,0,0,1.0000,93.50,141.72,113.57,111.40,95.00,157.00,102.00,100.00,0.6767,15.35,1,0,3.1635,ACCEPT,0,5786,346,12237,6,325,7223,0,0,0,0
12,0,1,1,ACCEPT,21.4874,4.4088,7980,0,0,1.0000,93.50,141.72,113.57,111.40,95.50,159.00,101.00,98.00,0.6435,17.40,1,0,3.1462,ACCEPT,0,6452,311,12917,6,325,7980,0,0,0,0
13,0,1,1,ACCEPT,22.5449,5.0011,9057,0,0,1.0000,93.50,141.72,113.57,111.40,97.00,163.00,102.00,96.00,0.5989,21.57,1,0,3.1323,ACCEPT,0,7008,301,13792,6,325,9057,0,0,0,0
14,0,1,1,ACCEPT,23.9584,5.1146,10352,0,0,1.0000,93.50,141.72,113.57,111.40,98.00,164.50,106.00,93.00,0.5910,23.22,1,0,3.0500,ACCEPT,0,7726,331,11672,6,325,10352,0,0,0,0
15,0,1,1,ACCEPT,23.7271,4.7612,9989,0,0,1.0000,93.50,141.72,113.57,111.40,98.00,169.00,104.00,92.00,0.5345,27.65,1,0,3.0496,ACCEPT,0,7209,337,11511,6,325,9989,0,0,0,0
16,0,1,1,ACCEPT,24.0093,4.5822,10727,0,0,1.0000,93.50,141.72,113.57,111.40,97.00,172.00,102.00,90.00,0.4903,30.48,1,0,2.9901,ACCEPT,0,7304,339,9459,6,325,10727,0,0,0,0
17,0,1,1,ACCEPT,24.6645,5.4862,9952,0,0,1.0000,93.50,141.72,113.57,111.40,98.00,181.00,106.00,88.00,0.4073,39.54,1,0,2.8971,ACCEPT,0,6407,374,9442,6,325,9952,0,0,0,0
18,0,1,1,ACCEPT,26.7089,5.7696,10616,0,0,1.0000,93.50,141.72,109.20,107.12,96.50,186.00,107.00,88.00,0.3609,44.38,1,-1,2.8670,ACCEPT,0,6282,394,10154,6,325,10616,0,0,0,0
19,0,1,1,ACCEPT,28.6371,5.9858,11798,0,0,1.0000,93.50,141.72,109.20,107.12,94.00,192.50,108.00,85.00,0.3059,50.78,1,0,2.9665,ACCEPT,0,6573,463,10619,6,325,11798,0,0,0,0
20,0,1,1,ACCEPT,33.1325,6.1840,11731,0,0,1.0000,93.50,141.72,109.20,107.12,93.50,198.00,99.00,88.00,0.2504,56.28,1,0,2.9700,ACCEPT,0,5929,421,12601,6,325,11731,0,0,0,0
21,0,1,1,ACCEPT,37.0013,7.4541,12590,0,0,1.0000,93.50,141.72,109.20,107.12,94.00,207.00,100.00,86.00,0.1822,65.28,1,0,2.9676,ACCEPT,0,6119,404,13084,6,325,12590,0,0,0,0
22,0,1,1,ACCEPT,40.4652,9.1750,12900,0,0,1.0000,93.50,141.72,109.20,107.12,94.00,213.50,104.00,91.00,0.1548,71.78,1,0,2.9370,ACCEPT,0,5915,388,14459,6,325,12900,0,0,0,0
23,0,1,1,ACCEPT,42.5993,10.4443,14340,0,0,1.0000,93.50,141.72,109.20,107.12,97.50,218.50,107.00,87.00,0.1117,76.89,1,0,2.9270,ACCEPT,0,6390,359,15110,6,325,14340,0,0,0,0
24,0,1,1,ACCEPT,47.4047,11.3778,14996,0,0,1.0000,93.50,141.72,109.20,107.12,96.50,221.50,105.00,91.00,0.1043,79.84,1,0,2.9054,ACCEPT,0,6601,327,15472,6,325,14996,0,0,0,0
25,0,1,1,ACCEPT,48.7216,12.1615,15360,0,0,1.0000,93.50,141.72,109.20,107.12,96.50,223.00,105.00,90.00,0.0930,81.34,1,0,2.8580,ACCEPT,0,6626,311,15215,6,325,15360,0,0,0,0
26,0,1,1,ACCEPT,50.6240,12.0534,14681,0,0,1.0000,93.50,141.72,109.20,107.12,95.00,225.00,102.00,92.00,0.0855,83.29,1,0,2.8059,ACCEPT,0,6260,339,14677,6,325,14681,0,0,0,0
27,0,1,1,ACCEPT,51.8422,12.1147,14683,0,1,0.9958,93.50,145.06,109.20,107.12,93.50,227.50,101.00,93.00,0.0922,82.44,1,0,2.9820,ACCEPT,0,6200,329,15529,6,325,14683,0,0,0,0
28,0,1,1,ACCEPT,53.5346,11.8293,14621,0,0,1.0000,93.50,145.06,109.20,107.12,93.00,230.00,102.00,90.00,0.0713,84.94,1,0,3.0105,ACCEPT,0,5983,299,16205,6,325,14621,0,0,0,0
29,0,1,1,ACCEPT,55.4146,12.2058,14232,0,0,1.0000,93.50,145.06,109.20,107.12,94.50,234.00,101.00,92.00,0.0539,88.94,1,0,3.0223,ACCEPT,0,5726,320,16665,6,325,14232,0,0,0,0
30,0,1,1,ACCEPT,57.3817,11.8834,13856,0,0,1.0000,93.50,145.06,109.20,107.12,92.50,242.00,97.00,90.00,0.0078,96.94,1,0,3.0162,ACCEPT,0,5439,319,16888,6,325,13856,0,0,0,0
31,0,1,1,ACCEPT,58.4172,12.1505,13560,0,0,1.0000,93.50,145.06,109.20,107.12,92.50,251.00,93.00,88.00,0.0000,105.94,1,0,3.0039,ACCEPT,0,5263,306,16959,6,325,13560,0,0,0,0
32,0,1,1,ACCEPT,58.7618,11.9708,13108,0,0,1.0000,93.50,145.06,109.20,107.12,95.00,257.50,94.00,93.00,0.0000,112.45,1,0,2.9738,ACCEPT,0,5076,300,17442,6,325,13108,0,0,0,0
33,0,1,1,ACCEPT,59.6849,12.0045,13217,0,0,1.0000,93.50,145.06,109.20,107.12,102.50,261.50,89.00,91.00,0.0000,116.78,1,0,2.9473,ACCEPT,0,5073,290,17999,6,325,13217,0,0,0,0
34,0,1,1,ACCEPT,59.9903,11.3201,13086,0,0,1.0000,93.50,145.06,109.20,107.12,111.50,267.50,75.00,87.00,0.0000,123.75,1,0,2.9254,ACCEPT,0,5007,302,17319,6,325,13086,0,0,0,0
35,0,1,1,ACCEPT,61.1663,11.8326,13004,0,0,1.0000,93.50,145.06,109.20,107.12,119.00,271.00,74.00,94.00,0.0000,128.49,1,0,2.9070,ACCEPT,0,4963,314,16626,6,325,13004,0,0,0,0
36,0,1,1,ACCEPT,60.7527,11.3362,12980,0,0,1.0000,93.50,145.06,109.20,107.12,120.00,268.50,76.00,89.00,0.0000,126.25,1,0,2.8847,ACCEPT,0,4883,298,15671,6,325,12980,0,0,0,0
37,0,1,1,ACCEPT,60.1106,11.5849,11944,0,0,1.0000,93.50,145.06,109.20,107.12,136.50,272.50,75.00,91.00,0.0000,134.50,1,0,2.8433,ACCEPT,0,4521,305,15393,6,325,11944,0,0,0,0
38,0,1,1,ACCEPT,59.3278,11.5797,11545,0,0,1.0000,93.50,145.06,109.20,107.12,140.00,275.50,82.00,85.00,0.0000,138.48,1,0,2.8105,ACCEPT,0,4591,309,14872,6,325,11545,0,0,0,0
39,0,1,1,ACCEPT,61.0007,12.2574,11522,0,0,1.0000,93.50,145.06,109.20,107.12,147.50,273.50,73.00,89.00,0.0000,139.33,1,0,2.8322,ACCEPT,0,4430,310,14337,6,325,11522,0,0,0,0
40,0,1,1,ACCEPT,62.7706,12.0821,11188,0,0,1.0000,93.50,145.06,109.20,107.12,154.50,275.50,61.00,85.00,0.0000,144.00,1,0,2.8844,ACCEPT,0,4217,286,13716,6,325,11188,0,0,0,0
41,0,1,1,ACCEPT,64.8217,13.2137,11007,0,0,1.0000,93.50,145.06,109.20,107.12,158.50,273.00,61.00,90.00,0.0000,143.50,1,0,2.9335,ACCEPT,0,4016,319,14903,6,325,11007,0,0,0,0
42,0,1,1,ACCEPT,66.5788,13.8244,10783,0,0,1.0000,93.50,145.06,109.20,107.12,163.50,271.00,51.00,90.00,0.0000,144.08,1,0,2.9830,ACCEPT,0,3922,333,15299,6,325,10783,0,0,0,0
43,0,1,1,ACCEPT,66.9295,14.3579,10510,0,0,1.0000,93.50,145.06,109.20,107.12,163.00,261.50,50.00,91.00,0.0000,135.60,1,0,3.0119,ACCEPT,0,3801,330,15401,6,325,10510,0,0,0,0
44,0,1,1,ACCEPT,67.5455,15.6027,10251,0,0,1.0000,93.50,145.06,109.20,107.12,162.50,262.00,49.00,104.00,0.0000,135.78,1,0,3.0291,ACCEPT,0,3754,326,14633,6,325,10251,0,0,0,0
45,0,1,1,ACCEPT,67.0104,15.6594,10022,0,0,1.0000,93.50,145.06,109.20,107.12,162.50,260.50,49.00,103.00,0.0000,134.49,1,0,3.0451,ACCEPT,0,3655,310,14002,6,325,10022,0,0,0,0
46,0,1,1,ACCEPT,66.9210,14.9768,9675,0,0,1.0000,93.50,145.06,109.20,107.12,162.50,256.00,49.00,116.00,0.0004,130.65,1,0,3.0556,ACCEPT,0,3574,313,13120,6,325,9675,0,0,0,0
47,0,1,1,ACCEPT,66.2677,15.6131,9321,0,0,1.0000,93.50,145.06,109.20,107.12,159.00,252.50,54.00,115.00,0.0033,125.83,1,0,3.0678,ACCEPT,0,3412,354,13365,6,325,9321,0,0,0,0
48,0,1,1,ACCEPT,65.2765,15.4365,9123,0,0,1.0000,93.50,145.06,109.20,107.12,159.00,249.50,52.00,113.00,0.0049,123.28,1,0,3.0729,ACCEPT,0,3390,330,13797,6,325,9123,0,0,0,0
49,0,1,1,ACCEPT,65.1637,14.2692,9275,0,0,1.0000,93.50,145.06,109.20,107.12,159.50,243.50,57.00,115.00,0.0120,118.52,1,0,3.0778,ACCEPT,0,3496,322,13500,6,325,9275,0,0,0,0
50,0,1,1,ACCEPT,63.7981,14.5118,9244,0,0,1.0000,93.50,145.06,109.20,107.12,156.00,246.00,58.00,124.00,0.0166,118.72,1,0,3.0797,ACCEPT,0,3489,311,13183,6,325,9244,0,0,0,0
51,0,1,1,ACCEPT,61.7735,15.5474,8862,0,0,1.0000,93.50,145.06,109.20,107.12,155.00,240.00,60.00,116.00,0.0210,113.12,1,0,3.0714,ACCEPT,0,3413,350,12384,6,325,8862,0,0,0,0
52,0,1,1,ACCEPT,59.6296,14.8488,8345,0,0,1.0000,93.50,145.06,109.20,107.12,151.50,234.00,65.00,118.00,0.0368,106.18,1,0,3.0612,ACCEPT,0,3322,331,12279,6,325,8345,0,0,0,0
53,0,1,1,ACCEPT,56.9321,11.6634,8316,0,0,1.0000,93.50,145.06,109.20,107.12,149.00,228.50,64.00,117.00,0.0487,100.21,1,0,3.0529,ACCEPT,0,3482,314,12210,6,325,8316,0,0,0,0
54,0,1,1,ACCEPT,55.3658,10.7165,8241,0,0,1.0000,93.50,145.06,109.20,107.12,145.00,219.00,72.00,116.00,0.0792,90.11,1,0,3.0575,ACCEPT,0,3458,331,11667,6,325,8241,0,0,0,0
55,0,1,1,ACCEPT,55.3178,12.4521,8181,0,0,1.0000,93.50,145.06,109.20,107.12,142.50,216.00,73.00,118.00,0.0944,86.22,1,0,3.0667,ACCEPT,0,3318,321,11495,6,325,8181,0,0,0,0
56,0,1,1,ACCEPT,55.2991,13.7053,7442,0,0,1.0000,93.50,145.06,109.20,107.12,139.50,208.50,75.00,113.00,0.1193,78.36,1,0,3.0833,ACCEPT,0,3036,305,11773,6,325,7442,0,0,0,0
57,0,1,1,ACCEPT,54.5553,14.6445,7044,0,0,1.0000,93.50,145.06,109.20,107.12,139.00,203.50,76.00,113.00,0.1362,74.06,1,0,3.0890,ACCEPT,0,2940,313,12333,6,325,7044,0,0,0,0
58,0,1,1,ACCEPT,53.5417,11.7590,6538,0,0,1.0000,93.50,145.06,109.20,107.12,139.00,200.50,78.00,115.00,0.1487,71.72,1,0,3.1340,ACCEPT,0,2750,309,13447,6,325,6538,0,0,0,0
59,0,1,1,ACCEPT,53.0641,10.5285,6654,0,0,1.0000,93.50,145.06,109.20,107.12,137.50,199.50,81.00,115.00,0.1597,70.00,1,0,3.1377,ACCEPT,0,2825,299,13647,6,325,6654,0,0,0,0
60,0,1,1,ACCEPT,51.0447,10.0868,6627,0,0,1.0000,93.50,145.06,109.20,107.12,136.50,198.00,83.00,114.00,0.1690,68.20,1,0,3.1311,ACCEPT,0,2852,310,13453,6,325,6627,0,0,0,0
61,0,1,1,ACCEPT,47.4964,10.0958,6431,0,0,1.0000,93.50,145.06,109.20,107.12,136.50,193.50,81.00,115.00,0.1838,64.77,1,0,3.1404,ACCEPT,0,2895,295,13194,6,325,6431,0,0,0,0
62,0,1,1,ACCEPT,45.6019,11.3732,6369,0,0,1.0000,93.50,145.06,109.20,107.12,135.50,187.00,83.00,118.00,0.2162,59.35,1,0,3.1619,ACCEPT,0,2967,343,13072,6,325,6369,0,0,0,0
63,0,1,1,ACCEPT,45.8864,11.7668,6460,0,0,1.0000,93.50,145.06,109.20,107.12,135.00,184.50,84.00,115.00,0.2267,57.25,1,0,3.1676,ACCEPT,0,3115,314,13161,6,325,6460,0,0,0,0
64,0,1,1,ACCEPT,47.0328,11.8924,6410,0,0,1.0000,93.50,145.06,109.20,107.12,133.00,183.00,86.00,112.00,0.2424,54.77,1,0,3.1393,ACCEPT,0,3079,310,13013,6,325,6410,0,0,0,0
65,0,1,1,ACCEPT,48.7563,12.6544,6555,0,0,1.0000,93.50,145.06,109.20,107.12,129.00,183.00,92.00,108.00,0.2650,51.96,1,0,3.1309,ACCEPT,0,3024,290,11971,6,325,6555,0,0,0,0
66,0,1,1,ACCEPT,49.1718,12.3199,7047,0,0,1.0000,93.50,145.06,109.20,107.12,127.00,181.50,94.00,109.00,0.2858,49.50,1,0,3.1636,ACCEPT,0,3111,316,11813,6,325,7047,0,0,0,0
67,0,1,1,ACCEPT,46.9733,11.8253,7107,0,0,1.0000,93.50,145.06,109.20,107.12,126.00,181.00,96.00,114.00,0.3005,48.45,1,0,3.0454,ACCEPT,0,3127,362,12987,6,325,7107,0,0,0,0
68,0,1,1,ACCEPT,44.4247,11.4585,7723,0,0,1.0000,93.50,145.06,109.20,107.12,125.00,178.50,96.00,111.00,0.3167,45.94,1,0,2.9304,ACCEPT,0,3465,363,13425,6,325,7723,0,0,0,0
69,0,1,1,ACCEPT,40.5039,8.7298,8014,0,0,1.0000,93.50,145.06,109.20,107.12,123.00,173.00,96.00,110.00,0.3602,40.63,1,0,2.9420,ACCEPT,0,3745,411,11152,6,325,8014,0,0,0,0
70,0,1,1,ACCEPT,40.1248,7.2808,8220,0,0,1.0000,93.50,145.06,109.20,107.12,122.50,170.00,93.00,114.00,0.3828,38.25,1,0,2.9764,ACCEPT,0,3742,480,11520,6,325,8220,0,0,0,0
71,0,1,1,ACCEPT,41.6054,7.8657,8495,0,0,1.0000,93.50,145.06,109.20,107.12,122.50,168.50,93.00,107.00,0.3860,37.29,1,0,3.0857,ACCEPT,0,3807,424,11725,6,325,8495,0,0,0,0
72,0,1,1,ACCEPT,42.4357,8.4757,8357,0,0,1.0000,93.50,145.06,109.20,107.12,121.00,162.50,92.00,113.00,0.4419,32.56,1,0,3.1221,ACCEPT,0,3634,438,11993,6,325,8357,0,0,0,0
73,0,1,1,ACCEPT,43.5096,8.5602,8389,0,0,1.0000,93.50,145.06,109.20,107.12,119.50,156.50,91.00,111.00,0.4967,28.40,1,0,3.0990,ACCEPT,0,3855,435,12571,6,325,8389,0,0,0,0
74,0,1,1,ACCEPT,43.0912,9.5022,8476,0,0,1.0000,93.50,145.06,113.57,111.40,119.00,151.00,92.00,110.00,0.5517,26.18,1,1,3.0001,ACCEPT,0,3985,434,10889,6,325,8476,0,0,0,0
75,0,1,1,ACCEPT,38.4413,8.6833,7129,0,0,1.0000,93.50,145.06,113.57,111.40,117.50,151.00,91.00,110.00,0.5672,24.72,1,0,3.1103,ACCEPT,0,3739,410,10560,6,325,7129,0,0,0,0
76,0,1,1,ACCEPT,38.8577,8.0845,7656,0,0,1.0000,93.50,145.06,113.57,111.40,117.50,150.00,91.00,112.00,0.5770,24.50,1,0,3.0670,ACCEPT,0,3823,413,12667,6,325,7656,0,0,0,0
77,0,1,1,ACCEPT,40.1037,7.9025,8266,0,0,1.0000,93.50,145.06,113.57,111.40,117.50,148.00,91.00,108.00,0.5918,24.18,1,0,3.1108,ACCEPT,0,3974,381,12351,6,325,8266,0,0,0,0
78,0,1,1,ACCEPT,40.0424,7.5194,8700,0,0,1.0000,93.50,145.06,113.57,111.40,118.00,146.00,90.00,110.00,0.6030,24.52,1,0,3.0859,ACCEPT,0,4019,369,13523,6,325,8700,0,0,0,0
79,0,1,1,ACCEPT,41.3958,7.9461,8852,0,0,1.0000,93.50,145.06,113.57,111.40,116.50,144.50,87.00,109.00,0.6144,23.01,1,0,3.0315,ACCEPT,0,3969,414,13756,6,325,8852,0,0,0,0
80,0,1,1,ACCEPT,38.4190,7.1329,7996,0,0,1.0000,93.50,145.06,113.57,111.40,115.00,143.50,88.00,109.00,0.6319,21.56,1,0,2.9535,ACCEPT,0,3782,388,12414,6,325,7996,0,0,0,0
81,0,1,1,ACCEPT,34.6721,6.4417,7176,-1,0,0.9688,89.95,145.06,113.57,111.40,113.00,142.00,86.00,108.00,0.5949,23.25,1,0,2.7535,ACCEPT,0,3596,388,13468,6,325,7176,0,0,0,0
82,0,1,1,ACCEPT,31.7327,5.4467,7511,0,0,1.0000,89.95,145.06,113.57,111.40,113.00,139.00,86.00,110.00,0.5702,23.83,1,0,2.7670,ACCEPT,0,3638,491,10967,6,325,7511,0,0,0,0
83,0,1,1,ACCEPT,30.7134,5.3039,7208,0,0,1.0000,89.95,145.06,113.57,111.40,113.00,136.50,86.00,109.00,0.5482,24.59,1,0,2.7232,ACCEPT,0,3551,430,10817,6,325,7208,0,0,0,0
84,0,1,1,ACCEPT,30.4251,5.2023,7533,0,0,1.0000,89.95,145.06,113.57,111.40,112.00,130.00,84.00,110.00,0.5043,26.70,1,0,2.6339,ACCEPT,0,3806,412,9228,6,325,7533,0,0,0,0
85,0,1,1,ACCEPT,30.6629,4.8040,7768,0,0,1.0000,89.95,145.06,113.57,111.40,112.00,130.00,86.00,112.00,0.5086,26.70,1,0,2.6451,ACCEPT,0,3927,335,9356,6,325,7768,0,0,0,0
86,0,1,1,ACCEPT,31.2242,4.4955,8438,0,0,1.0000,89.95,145.06,113.57,111.40,111.00,128.50,84.00,111.00,0.5033,26.78,1,0,2.7343,ACCEPT,0,4347,343,8838,6,325,8438,0,0,0,0
87,0,1,1,ACCEPT,29.9910,4.3267,8753,0,0,1.0000,89.95,145.06,113.57,111.40,112.00,126.50,86.00,117.00,0.4866,28.82,1,0,2.8892,ACCEPT,0,4968,333,9457,6,325,8753,0,0,0,0
88,0,1,1,ACCEPT,30.7039,4.6751,8719,0,0,1.0000,89.95,145.06,113.57,111.40,112.00,123.50,86.00,117.00,0.4642,30.84,1,0,2.8663,ACCEPT,0,5232,332,10120,6,325,8719,0,0,0,0
89,0,1,1,ACCEPT,31.3501,4.9155,8730,0,0,1.0000,89.95,145.06,113.57,111.40,112.50,121.00,85.00,118.00,0.4423,32.98,1,0,2.9026,ACCEPT,0,5418,312,10785,6,325,8730,0,0,0,0
90,0,1,1,ACCEPT,31.9315,5.2804,8644,0,0,1.0000,89.95,145.06,113.57,111.40,112.00,118.50,88.00,119.00,0.4323,34.52,1,0,2.8801,ACCEPT,0,5544,331,11346,6,325,8644,0,0,0,0
91,0,1,1,ACCEPT,32.1970,5.7279,8042,0,0,1.0000,89.95,145.06,113.57,111.40,111.00,115.50,90.00,119.00,0.4204,36.29,1,0,2.8695,ACCEPT,0,5230,334,11545,6,325,8042,0,0,0,0
92,0,1,1,ACCEPT,31.7275,5.9329,7339,0,0,1.0000,89.95,145.06,113.57,111.40,110.00,114.00,88.00,122.00,0.4197,36.97,1,0,2.8528,ACCEPT,0,4860,326,11507,6,325,7339,0,0,0,0
93,0,1,1,ACCEPT,31.1172,6.2030,6724,0,0,1.0000,89.95,145.06,113.57,111.40,109.50,110.00,89.00,124.00,0.3989,40.14,1,0,2.8467,ACCEPT,0,4483,297,11841,6,325,6724,0,0,0,0
94,0,1,1,ACCEPT,30.2968,6.8724,6192,0,0,1.0000,89.95,145.06,113.57,111.40,108.00,105.50,88.00,121.00,0.3739,43.48,1,0,2.8536,ACCEPT,0,4123,305,12914,6,325,6192,0,0,0,0
95,0,1,1,ACCEPT,28.7166,7.3001,5935,0,0,1.0000,89.95,145.06,113.57,111.40,107.50,101.50,87.00,121.00,0.3501,46.96,1,0,2.8720,ACCEPT,0,4060,344,14901,6,325,5935,0,0,0,0
96,0,1,1,ACCEPT,28.0055,7.2183,6150,0,0,1.0000,89.95,145.06,109.20,107.12,102.50,98.00,85.00,120.00,0.3455,48.71,1,-1,2.9138,ACCEPT,0,4498,342,17439,6,325,6150,0,0,0,0
97,0,1,1,ACCEPT,25.9358,6.5480,6273,0,0,1.0000,89.95,145.06,109.20,107.12,102.00,99.00,86.00,126.00,0.3655,47.61,1,0,2.9888,ACCEPT,0,5208,308,20368,6,325,6273,0,0,0,0
98,0,1,1,ACCEPT,26.4352,6.9370,7263,0,0,1.0000,89.95,145.06,109.20,107.12,98.00,98.00,90.00,130.00,0.3793,47.75,1,0,2.9428,ACCEPT,0,5883,286,19862,6,325,7263,0,0,0,0
99,0,1,1,ACCEPT,27.2776,7.1283,7392,0,0,1.0000,89.95,145.06,109.20,107.12,96.00,97.00,90.00,130.00,0.3721,48.44,1,0,2.9722,ACCEPT,0,5829,240,19557,6,325,7392,0,0,0,0
100,0,1,1,ACCEPT,28.3362,7.1544,7412,0,0,1.0000,89.95,145.06,109.20,107.12,94.50,95.00,89.00,130.00,0.3550,50.27,1,0,2.9916,ACCEPT,0,5720,278,17674,6,325,7412,0,0,0,0
101,0,1,1,ACCEPT,30.2883,7.7415,7726,0,0,1.0000,89.95,145.06,109.20,107.12,93.50,94.00,91.00,132.00,0.3567,51.19,1,0,3.0257,ACCEPT,0,5680,271,16258,6,325,7726,0,0,0,0
102,0,1,1,ACCEPT,32.1398,8.2410,7763,0,0,1.0000,89.95,145.06,109.20,107.12,90.00,93.50,94.00,131.00,0.3591,51.56,1,0,3.0727,ACCEPT,0,5419,284,14587,6,325,7763,0,0,0,0
103,0,1,1,ACCEPT,33.8890,8.9284,7857,0,0,1.0000,89.95,145.06,109.20,107.12,88.50,92.50,93.00,131.00,0.3495,52.58,1,0,3.1319,ACCEPT,0,5167,273,12601,6,325,7857,0,0,0,0
104,0,1,1,ACCEPT,35.2796,8.7262,7775,0,0,1.0000,89.95,145.06,109.20,107.12,87.00,92.00,92.00,128.00,0.3383,53.14,1,0,3.1570,ACCEPT,0,4870,263,10963,6,325,7775,0,0,0,0
105,0,1,1,ACCEPT,35.5423,8.4578,7722,0,0,1.0000,89.95,145.06,109.20,107.12,85.00,93.00,92.00,128.00,0.3454,52.30,1,0,3.0850,ACCEPT,0,4663,255,9639,6,325,7722,0,0,0,0
106,0,1,1,ACCEPT,35.3464,7.3967,7700,0,0,1.0000,89.95,145.06,109.20,107.12,82.00,95.50,92.00,129.00,0.3650,50.20,1,0,2.9984,ACCEPT,0,4473,287,10240,6,325,7700,0,0,0,0
107,0,1,1,ACCEPT,34.3784,6.3165,7264,0,0,1.0000,89.95,145.06,109.20,107.12,80.00,98.50,92.00,131.00,0.3826,47.61,1,0,2.9952,ACCEPT,0,4148,239,12057,6,325,7264,0,0,0,0
108,0,1,1,ACCEPT,33.2356,6.2553,7081,0,0,1.0000,89.95,145.06,109.20,107.12,79.50,100.50,93.00,127.00,0.3880,45.77,1,0,3.0980,ACCEPT,0,4166,230,12846,6,325,7081,0,0,0,0
109,0,1,1,ACCEPT,31.4293,6.3729,6870,0,0,1.0000,89.95,145.06,109.20,107.12,79.50,105.50,93.00,129.00,0.4292,40.92,1,0,3.0774,ACCEPT,0,4496,230,13678,6,325,6870,0,0,0,0
110,0,1,1,ACCEPT,30.0581,5.7072,6529,0,0,1.0000,89.95,145.06,109.20,107.12,78.00,106.00,94.00,122.00,0.4128,40.85,1,0,2.9986,ACCEPT,0,4531,207,14054,6,325,6529,0,0,0,0
111,0,1,1,ACCEPT,29.4555,5.4272,6073,0,0,1.0000,89.95,145.06,109.20,107.12,77.50,112.00,97.00,122.00,0.4576,35.33,1,0,2.9102,ACCEPT,0,4049,207,15146,6,325,6073,0,0,0,0
112,0,1,1,ACCEPT,30.0206,5.9947,5647,0,1,0.9823,89.95,148.41,109.20,107.12,79.50,116.50,103.00,121.00,0.4820,33.57,1,0,2.5472,ACCEPT,0,3625,199,13739,6,325,5647,0,0,0,0
113,0,1,1,ACCEPT,31.8809,6.1879,5402,0,0,1.0000,89.95,148.41,109.20,107.12,81.00,117.50,102.00,123.00,0.5048,32.18,1,0,2.5661,ACCEPT,0,3211,206,13029,6,325,5402,0,0,0,0
114,0,1,1,ACCEPT,33.6026,6.6072,5332,0,0,1.0000,89.95,148.41,105.00,103.00,82.50,120.00,99.00,120.00,0.5294,29.37,1,-1,2.5649,ACCEPT,0,2944,195,12799,6,325,5332,0,0,0,0
115,0,1,1,ACCEPT,30.0060,6.4789,5209,0,0,1.0000,89.95,148.41,105.00,103.00,85.50,120.50,103.00,117.00,0.5562,28.26,1,0,2.8423,ACCEPT,0,3009,203,12776,6,325,5209,0,0,0,0
116,0,1,1,ACCEPT,30.4982,6.5043,5327,0,0,1.0000,89.95,148.41,105.00,103.00,86.50,123.00,105.00,114.00,0.5881,25.64,1,0,2.8938,ACCEPT,0,3040,190,13574,6,325,5327,0,0,0,0
117,0,1,1,ACCEPT,29.5774,5.7081,5143,0,0,1.0000,89.95,148.41,105.00,103.00,89.50,124.50,99.00,113.00,0.6087,23.91,1,0,2.9082,ACCEPT,0,2980,247,16558,6,325,5143,0,0,0,0
118,0,1,1,ACCEPT,27.4646,4.7488,4972,0,0,1.0000,89.95,148.41,105.00,103.00,95.00,127.00,104.00,110.00,0.6136,21.99,1,0,3.0483,ACCEPT,0,3086,266,19007,6,325,4972,0,0,0,0
119,0,1,1,ACCEPT,24.4918,4.4129,5119,0,0,1.0000,89.95,148.41,105.00,103.00,99.50,128.00,103.00,112.00,0.5824,22.53,1,0,3.1952,ACCEPT,0,3326,284,17451,6,325,5119,0,0,0,0
120,0,1,1,ACCEPT,21.4061,4.2588,4476,0,0,1.0000,89.95,148.41,105.00,103.00,103.00,131.50,106.00,107.00,0.5812,21.36,1,0,3.3271,ACCEPT,0,2951,308,15949,6,325,4476,0,0,0,0
121,0,1,1,ACCEPT,17.7436,3.1477,3752,0,0,1.0000,89.95,148.41,105.00,103.00,106.00,135.50,106.00,105.00,0.5906,20.59,1,0,3.0196,ACCEPT,0,2950,351,15017,6,325,3752,0,0,0,0
122,0,1,1,ACCEPT,16.2945,3.1414,3622,0,0,1.0000,89.95,148.41,105.00,103.00,108.50,140.00,103.00,102.00,0.6054,20.36,1,0,2.9090,ACCEPT,0,2656,358,14162,6,325,3622,0,0,0,0
123,0,1,1,ACCEPT,17.3936,3.3916,3802,0,0,1.0000,89.95,148.41,105.00,103.00,109.50,144.50,105.00,99.00,0.6425,19.93,1,0,2.8314,ACCEPT,0,2634,346,11237,6,325,3802,0,0,0,0
124,0,1,1,ACCEPT,18.9669,3.9589,3951,0,0,1.0000,89.95,148.41,109.20,107.12,112.00,149.00,106.00,98.00,0.6119,22.05,1,1,2.8888,ACCEPT,0,2819,376,9729,6,325,3951,0,0,0,0
125,0,1,1,ACCEPT,18.9880,5.0384,4333,0,0,1.0000,89.95,148.41,109.20,107.12,112.50,152.50,105.00,95.00,0.5889,22.92,1,0,3.0640,ACCEPT,0,3702,315,11793,6,325,4333,0,0,0,0
126,0,1,1,ACCEPT,19.7317,4.7414,5628,0,0,1.0000,89.95,148.41,109.20,107.12,114.00,157.00,102.00,92.00,0.5430,25.54,1,0,3.1288,ACCEPT,0,4691,331,11679,6,325,5628,0,0,0,0
127,0,1,1,ACCEPT,21.8655,4.7542,7155,0,0,1.0000,89.95,148.41,109.20,107.12,115.00,161.00,100.00,84.00,0.4890,28.03,1,0,3.0849,ACCEPT,0,5155,345,10890,6,325,7155,0,0,0,0
128,0,1,1,ACCEPT,25.0487,5.1573,8886,0,0,1.0000,89.95,148.41,109.20,107.12,119.50,164.50,103.00,85.00,0.4272,33.65,1,0,2.9108,ACCEPT,0,6219,360,14874,6,325,8886,0,0,0,0
129,0,1,1,ACCEPT,26.3127,5.1668,12669,0,0,1.0000,89.95,148.41,109.20,107.12,119.00,171.50,106.00,77.00,0.3751,37.11,1,0,2.9133,ACCEPT,0,9112,391,14201,6,325,12669,0,0,0,0
130,0,1,1,ACCEPT,26.5142,5.0639,13794,0,0,1.0000,89.95,148.41,109.20,107.12,126.50,172.00,103.00,78.00,0.3212,43.50,1,0,3.1080,ACCEPT,0,9662,407,15040,6,325,13794,0,0,0,0
131,0,1,1,ACCEPT,28.2235,6.0086,13958,0,0,1.0000,89.95,148.41,109.20,107.12,129.00,173.50,104.00,75.00,0.2963,46.42,1,0,3.1819,ACCEPT,0,8972,410,17056,6,325,13958,0,0,0,0
132,0,1,1,ACCEPT,30.5010,6.0563,15177,0,0,1.0000,89.95,148.41,109.20,107.12,134.00,175.50,100.00,73.00,0.2511,51.71,1,0,3.1718,ACCEPT,0,8632,394,16695,6,325,15177,0,0,0,0
133,0,1,1,ACCEPT,33.5645,6.9677,14667,0,0,1.0000,89.95,148.41,109.20,107.12,135.00,180.00,104.00,74.00,0.2302,55.02,1,0,3.1392,ACCEPT,0,8102,357,15958,6,325,14667,0,0,0,0
134,0,1,1,ACCEPT,36.0681,7.7074,13696,0,0,1.0000,89.95,148.41,109.20,107.12,140.00,182.00,102.00,72.00,0.1951,60.28,1,0,3.0930,ACCEPT,0,7643,347,16775,6,325,13696,0,0,0,0
135,0,1,1,ACCEPT,39.3945,8.7078,14098,0,0,1.0000,89.95,148.41,109.20,107.12,143.50,183.50,99.00,69.00,0.1689,64.02,1,0,3.0879,ACCEPT,0,7549,341,17909,6,325,14098,0,0,0,0
136,0,1,1,ACCEPT,42.7904,9.2367,15259,0,0,1.0000,89.95,148.41,109.20,107.12,145.50,184.00,97.00,68.00,0.1562,65.97,1,0,3.0977,ACCEPT,0,7466,328,19088,6,325,15259,0,0,0,0
137,0,1,1,ACCEPT,46.3778,9.3397,15588,0,0,1.0000,89.95,148.41,109.20,107.12,150.00,188.00,98.00,70.00,0.1298,71.93,1,0,3.1171,ACCEPT,0,7022,316,18953,6,325,15588,0,0,0,0
138,0,1,1,ACCEPT,48.7947,9.5453,15072,0,0,1.0000,89.95,148.41,109.20,107.12,151.50,189.00,97.00,70.00,0.1208,73.73,1,0,3.1230,ACCEPT,0,6600,305,19207,6,325,15072,0,0,0,0
139,0,1,1,ACCEPT,50.6119,10.2890,14631,0,0,1.0000,89.95,148.41,109.20,107.12,154.00,190.50,98.00,69.00,0.1093,76.64,1,0,3.1248,ACCEPT,0,6205,280,19686,6,325,14631,0,0,0,0
140,0,1,1,ACCEPT,53.6004,11.1617,14220,0,0,1.0000,89.95,148.41,109.20,107.12,155.50,191.50,97.00,67.00,0.0998,78.44,1,0,3.1232,ACCEPT,0,5788,274,19438,6,325,14220,0,0,0,0
141,0,1,1,ACCEPT,54.2571,13.1023,13574,0,0,1.0000,89.95,148.41,109.20,107.12,153.50,196.50,93.00,69.00,0.0903,79.69,1,0,3.1086,ACCEPT,0,5421,276,18964,6,325,13574,0,0,0,0
142,0,1,1,ACCEPT,53.0278,12.9396,13289,0,0,1.0000,89.95,148.41,109.20,107.12,156.50,201.00,95.00,64.00,0.0706,84.82,1,0,3.0646,ACCEPT,0,5472,270,18146,6,325,13289,0,0,0,0
143,0,1,1,ACCEPT,52.7904,14.1344,12834,0,0,1.0000,89.95,148.41,109.20,107.12,156.00,205.00,98.00,62.00,0.0628,86.98,1,0,3.0100,ACCEPT,0,5197,309,17854,6,325,12834,0,0,0,0
144,0,1,1,ACCEPT,53.2892,13.7786,12883,0,1,0.9887,89.95,151.75,109.20,107.12,158.00,206.50,98.00,59.00,0.0611,87.34,1,0,2.9917,ACCEPT,0,5188,343,16708,6,325,12883,0,0,0,0
145,0,1,1,ACCEPT,52.6983,13.1845,11932,0,0,1.0000,89.95,151.75,109.20,107.12,162.00,210.50,94.00,59.00,0.0435,92.96,1,0,3.0351,ACCEPT,0,4860,338,17242,6,325,11932,0,0,0,0
146,0,1,1,ACCEPT,52.7123,12.6485,12054,0,0,1.0000,89.95,151.75,109.20,107.12,161.00,214.50,92.00,57.00,0.0349,94.79,1,0,3.0168,ACCEPT,0,4906,302,17484,6,325,12054,0,0,0,0
147,0,1,1,ACCEPT,53.6980,12.8602,11587,0,0,1.0000,89.95,151.75,109.20,107.12,159.50,218.00,97.00,56.00,0.0309,96.05,1,0,2.9705,ACCEPT,0,4865,288,17521,6,325,11587,0,0,0,0
148,0,1,1,ACCEPT,53.2591,11.8521,11378,0,0,1.0000,89.95,151.75,109.20,107.12,161.00,224.00,96.00,50.00,0.0122,101.33,1,0,2.9262,ACCEPT,0,4773,293,16800,6,325,11378,0,0,0,0
149,0,1,1,ACCEPT,53.5390,11.1492,11283,0,0,1.0000,89.95,151.75,109.20,107.12,160.00,226.50,108.00,59.00,0.0181,102.44,1,0,2.8967,ACCEPT,0,4772,319,15208,6,325,11283,0,0,0,0
150,0,1,1,ACCEPT,53.9829,11.1446,10866,0,0,1.0000,89.95,151.75,109.20,107.12,168.50,227.50,91.00,51.00,0.0044,109.12,1,0,2.8849,ACCEPT,0,4555,331,14683,6,325,10866,0,0,0,0
151,0,1,1,ACCEPT,55.6456,11.3917,11312,0,0,1.0000,89.95,151.75,109.20,107.12,169.00,231.00,92.00,50.00,0.0000,111.93,1,0,2.8905,ACCEPT,0,4476,337,14022,6,325,11312,0,0,0,0
152,0,1,1,ACCEPT,57.7048,11.7638,10905,0,0,1.0000,89.95,151.75,109.20,107.12,172.00,233.00,90.00,48.00,0.0000,115.47,1,0,2.9140,ACCEPT,0,4270,322,14080,6,325,10905,0,0,0,0
153,0,1,1,ACCEPT,59.7594,12.7764,11026,0,0,1.0000,89.95,151.75,109.20,107.12,171.50,234.50,93.00,49.00,0.0000,116.18,1,0,2.9478,ACCEPT,0,4201,335,13166,6,325,11026,0,0,0,0
154,0,1,1,ACCEPT,62.1160,13.1885,10353,0,0,1.0000,89.95,151.75,109.20,107.12,173.00,234.50,92.00,47.00,0.0000,117.24,1,0,2.9779,ACCEPT,0,3794,333,11903,6,325,10353,0,0,0,0
155,0,1,1,ACCEPT,62.8817,13.2429,9760,0,0,1.0000,89.95,151.75,109.20,107.12,173.50,232.50,91.00,51.00,0.0000,116.19,1,0,3.0019,ACCEPT,0,3584,327,11764,6,325,9760,0,0,0,0
156,0,1,1,ACCEPT,64.2838,14.2181,9128,0,0,1.0000,89.95,151.75,109.20,107.12,172.50,232.00,91.00,50.00,0.0000,115.13,1,0,3.0204,ACCEPT,0,3355,317,11680,6,325,9128,0,0,0,0
157,0,1,1,ACCEPT,65.1309,14.3323,9187,0,0,1.0000,89.95,151.75,109.20,107.12,172.00,232.00,90.00,50.00,0.0000,114.77,1,0,3.0478,ACCEPT,0,3238,325,11453,6,325,9187,0,0,0,0
158,0,1,1,ACCEPT,65.9989,14.2136,8585,0,0,1.0000,89.95,151.75,109.20,107.12,170.00,231.50,92.00,51.00,0.0000,112.99,1,0,3.0642,ACCEPT,0,3085,327,11746,6,325,8585,0,0,0,0
159,0,1,1,ACCEPT,67.2745,15.6755,8308,0,0,1.0000,89.95,151.75,109.20,107.12,168.50,234.00,91.00,54.00,0.0000,113.73,1,0,3.0789,ACCEPT,0,2908,337,11540,6,325,8308,0,0,0,0
160,0,1,1,ACCEPT,66.3171,14.5207,8059,0,0,1.0000,89.95,151.75,109.20,107.12,168.50,232.00,91.00,50.00,0.0000,112.29,1,0,3.0864,ACCEPT,0,2842,324,12174,6,325,8059,0,0,0,0
161,0,1,1,ACCEPT,67.7946,15.0853,7784,0,0,1.0000,89.95,151.75,109.20,107.12,168.00,233.00,92.00,46.00,0.0000,112.66,1,0,3.0998,ACCEPT,0,2761,326,12723,6,325,7784,0,0,0,0
162,0,1,1,ACCEPT,68.1240,16.6334,7668,0,0,1.0000,89.95,151.75,109.20,107.12,167.50,230.50,93.00,51.00,0.0004,110.52,1,0,3.1109,ACCEPT,0,2707,324,12496,6,325,7668,0,0,0,0
163,0,1,1,ACCEPT,68.3108,16.4904,7701,0,0,1.0000,89.95,151.75,109.20,107.12,166.00,233.00,94.00,54.00,0.0000,111.29,1,0,3.1165,ACCEPT,0,2719,310,11763,6,325,7701,0,0,0,0
164,0,1,1,ACCEPT,69.0921,16.6039,7588,0,0,1.0000,89.95,151.75,109.20,107.12,165.00,234.50,96.00,53.00,0.0000,111.71,1,0,3.1242,ACCEPT,0,2649,304,10586,6,325,7588,0,0,0,0
165,0,1,1,ACCEPT,68.2004,15.7527,7388,0,0,1.0000,89.95,151.75,109.20,107.12,163.00,231.50,94.00,49.00,0.0000,108.15,1,0,3.1285,ACCEPT,0,2611,322,10375,6,325,7388,0,0,0,0
166,0,1,1,ACCEPT,68.5399,16.0559,7466,0,0,1.0000,89.95,151.75,109.20,107.12,161.50,233.50,95.00,53.00,0.0000,108.64,1,0,3.1302,ACCEPT,0,2641,325,10978,6,325,7466,0,0,0,0
167,0,1,1,ACCEPT,67.7002,14.4611,7621,0,0,1.0000,89.95,151.75,109.20,107.12,161.50,230.50,95.00,51.00,0.0006,106.40,1,0,3.1217,ACCEPT,0,2703,320,11363,6,325,7621,0,0,0,0
168,0,1,1,ACCEPT,67.7317,15.0000,7845,0,0,1.0000,89.95,151.75,109.20,107.12,158.50,230.00,95.00,52.00,0.0026,104.03,1,0,3.1161,ACCEPT,0,2765,317,12120,6,325,7845,0,0,0,0
169,0,1,1,ACCEPT,67.7013,15.7361,8466,0,0,1.0000,89.95,151.75,109.20,107.12,156.50,230.00,93.00,54.00,0.0048,102.72,1,0,3.1177,ACCEPT,0,2986,328,13707,6,325,8466,0,0,0,0
170,0,1,1,ACCEPT,67.9781,15.5743,9438,0,0,1.0000,89.95,151.75,109.20,107.12,152.50,233.00,97.00,52.00,0.0000,102.54,1,0,3.1206,ACCEPT,0,3308,318,15735,6,325,9438,0,0,0,0
171,0,1,1,ACCEPT,67.5750,15.8760,10367,0,0,1.0000,89.95,151.75,109.20,107.12,148.50,233.50,103.00,53.00,0.0000,100.55,1,0,3.1306,ACCEPT,0,3645,317,14359,6,325,10367,0,0,0,0
172,0,1,1,ACCEPT,67.7789,15.6200,9700,0,0,1.0000,89.95,151.75,109.20,107.12,146.50,235.00,101.00,52.00,0.0000,100.64,1,0,3.1388,ACCEPT,0,3424,335,19133,6,325,9700,0,0,0,0
173,0,1,1,ACCEPT,68.0493,15.3306,9183,0,0,1.0000,89.95,151.75,109.20,107.12,142.50,236.50,101.00,55.00,0.0000,99.72,1,0,3.1501,ACCEPT,0,3239,345,22206,6,325,9183,0,0,0,0
174,0,1,1,ACCEPT,67.9028,16.2897,8715,0,0,1.0000,89.95,151.75,109.20,107.12,138.00,238.50,106.00,53.00,0.0000,99.17,1,0,3.1605,ACCEPT,0,3049,358,21667,6,325,8715,0,0,0,0
175,0,1,1,ACCEPT,67.8783,14.7758,8171,0,0,1.0000,89.95,151.75,109.20,107.12,134.00,241.00,104.00,56.00,0.0000,99.53,1,0,3.1709,ACCEPT,0,2907,337,24824,6,325,8171,0,0,0,0
176,0,1,1,ACCEPT,68.3909,16.1764,8897,0,0,1.0000,89.95,151.75,109.20,107.12,132.00,246.00,106.00,60.00,0.0000,103.20,1,0,3.1726,ACCEPT,0,3131,328,27972,6,325,8897,0,0,0,0
177,0,1,1,ACCEPT,67.4758,14.9835,8166,0,0,1.0000,89.95,151.75,109.20,107.12,130.00,246.00,108.00,60.00,0.0000,102.41,1,0,3.1809,ACCEPT,0,2985,308,32767,6,325,8166,0,0,0,0
178,0,1,1,ACCEPT,67.8476,14.5770,7857,0,0,1.0000,89.95,151.75,109.20,107.12,126.00,246.50,108.00,59.00,0.0000,101.38,1,0,3.1872,ACCEPT,0,2738,330,32767,6,325,7857,0,0,0,0
179,0,1,1,ACCEPT,68.2134,15.3995,6514,0,0,1.0000,89.95,151.75,109.20,107.12,124.00,247.50,108.00,55.00,0.0000,101.62,1,0,3.1940,ACCEPT,0,2314,334,32767,6,325,6514,0,0,0,0
180,0,1,1,ACCEPT,68.1590,15.1444,5558,0,0,1.0000,89.95,151.75,109.20,107.12,121.50,247.50,111.00,55.00,0.0000,100.81,1,0,3.1966,ACCEPT,0,2014,337,32767,6,325,5558,0,0,0,0
181,0,1,1,ACCEPT,67.7990,15.7195,5156,0,0,1.0000,89.95,151.75,109.20,107.12,119.50,250.50,109.00,53.00,0.0000,103.08,1,0,3.2000,ACCEPT,0,1793,331,32767,6,325,5156,0,0,0,0
182,0,1,1,ACCEPT,68.2890,15.2581,4257,0,0,1.0000,89.95,151.75,109.20,107.12,118.50,253.50,111.00,57.00,0.0000,105.68,1,0,3.2065,ACCEPT,0,1526,341,32767,6,325,4257,0,0,0,0
183,0,1,1,ACCEPT,67.5571,13.5853,4062,0,0,1.0000,89.95,151.75,109.20,107.12,117.00,252.00,114.00,56.00,0.0000,103.83,1,0,3.2115,ACCEPT,0,1473,343,32767,6,325,4062,0,0,0,0
184,0,1,1,ACCEPT,67.7532,15.1255,3494,0,0,1.0000,89.95,151.75,109.20,107.12,115.50,250.50,115.00,55.00,0.0000,102.00,1,0,3.2168,ACCEPT,0,1265,345,32767,6,325,3494,0,0,0,0
185,0,1,1,ACCEPT,67.9546,15.7696,3217,0,0,1.0000,89.95,151.75,109.20,107.12,112.50,249.50,113.00,53.00,0.0000,100.32,1,0,3.2162,ACCEPT,0,1125,360,32767,6,325,3217,0,0,0,0
186,0,1,1,ACCEPT,68.0310,14.1659,3074,0,0,1.0000,89.95,151.75,109.20,107.12,109.50,248.50,113.00,55.00,0.0000,98.70,1,0,3.2179,ACCEPT,0,1118,366,32767,6,325,3074,0,0,0,0
187,0,1,1,ACCEPT,67.9921,15.9641,3113,0,0,1.0000,89.95,151.75,109.20,107.12,108.00,244.50,114.00,53.00,0.0000,94.49,1,0,3.2179,ACCEPT,0,1108,363,31347,6,325,3113,0,0,0,0
188,0,1,1,ACCEPT,67.4017,14.8952,3411,0,0,1.0000,89.95,151.75,109.20,107.12,106.00,245.50,116.00,47.00,0.0000,95.11,1,0,3.2182,ACCEPT,0,1264,368,30068,6,325,3411,0,0,0,0
189,0,1,1,ACCEPT,67.8258,14.8417,3844,0,0,1.0000,89.95,151.75,109.20,107.12,102.00,240.00,116.00,56.00,0.0000,89.07,1,0,3.2279,ACCEPT,0,1459,360,25369,6,325,3844,0,0,0,0
190,0,1,1,ACCEPT,68.3899,14.6096,3667,0,0,1.0000,89.95,151.75,109.20,107.12,99.00,238.50,114.00,55.00,0.0000,87.22,1,0,3.2319,ACCEPT,0,1385,352,24049,6,325,3667,0,0,0,0
191,0,1,1,ACCEPT,67.8280,14.2853,4457,0,0,1.0000,89.95,151.75,109.20,107.12,98.50,236.00,111.00,58.00,0.0000,84.68,1,0,3.2317,ACCEPT,0,1693,364,22654,6,325,4457,0,0,0,0
192,0,1,1,ACCEPT,67.6575,15.1391,5117,0,0,1.0000,89.95,151.75,109.20,107.12,96.50,233.00,111.00,58.00,0.0075,81.51,1,0,3.2328,ACCEPT,0,1896,354,19034,6,325,5117,0,0,0,0
193,0,1,1,ACCEPT,66.5945,15.5825,4628,0,0,1.0000,89.95,151.75,109.20,107.12,95.50,224.50,111.00,61.00,0.0684,72.96,1,0,3.2326,ACCEPT,0,1796,345,19309,6,325,4628,0,0,0,0
194,0,1,1,ACCEPT,65.2406,15.3732,4243,0,0,1.0000,89.95,151.75,109.20,107.12,96.50,219.50,111.00,65.00,0.1114,68.07,1,0,3.2303,ACCEPT,0,1644,353,16388,6,325,4243,0,0,0,0
195,0,1,1,ACCEPT,64.6172,15.6256,3422,0,0,1.0000,89.95,151.75,109.20,107.12,97.50,216.00,111.00,66.00,0.1367,64.69,1,0,3.2363,ACCEPT,0,1318,330,15761,6,325,3422,0,0,0,0
196,0,1,1,ACCEPT,63.1267,14.9733,3369,0,0,1.0000,89.95,151.75,109.20,107.12,98.50,215.00,111.00,64.00,0.1370,63.82,1,0,3.2543,ACCEPT,0,1241,335,12462,6,325,3369,0,0,0,0
197,0,1,1,ACCEPT,61.8393,13.7511,3204,0,0,1.0000,89.95,151.75,109.20,107.12,97.50,212.00,107.00,68.00,0.1692,60.72,1,0,3.2581,ACCEPT,0,1167,328,11329,6,325,3204,0,0,0,0
198,0,1,1,ACCEPT,60.3995,13.3273,2932,0,0,1.0000,89.95,151.75,109.20,107.12,103.50,206.00,109.00,72.00,0.2086,55.92,1,0,3.2416,ACCEPT,0,1129,317,11089,6,325,2932,0,0,0,0
199,0,1,1,ACCEPT,60.0477,11.5364,3011,0,0,1.0000,89.95,151.75,109.20,107.12,107.50,202.50,111.00,69.00,0.2171,53.70,1,0,3.2172,ACCEPT,0,1207,304,12043,6,325,3011,0,0,0,0
200,0,1,1,ACCEPT,57.3046,12.6735,3105,0,0,1.0000,89.95,151.75,109.20,107.12,113.00,199.50,108.00,73.00,0.2268,53.02,1,0,3.2024,ACCEPT,0,1250,294,14182,6,325,3105,0,0,0,0
201,0,1,1,ACCEPT,53.2952,12.0403,2986,0,0,1.0000,89.95,151.75,109.20,107.12,117.00,193.00,106.00,76.00,0.2581,49.33,1,0,3.1705,ACCEPT,0,1202,325,15131,6,325,2986,0,0,0,0
202,0,1,1,ACCEPT,54.2900,11.3219,3623,0,0,1.0000,89.95,151.75,109.20,107.12,125.50,187.00,105.00,78.00,0.2598,50.06,1,0,3.1793,ACCEPT,0,1481,316,14127,6,325,3623,0,0,0,0
203,0,1,1,ACCEPT,52.4016,11.1171,3702,0,0,1.0000,89.95,151.75,109.20,107.12,130.50,184.50,105.00,81.00,0.2531,52.12,1,0,3.2063,ACCEPT,0,1539,289,12080,6,325,3702,0,0,0,0
204,0,1,1,ACCEPT,49.0244,9.1111,4018,0,0,1.0000,89.95,151.75,109.20,107.12,136.50,180.00,105.00,74.00,0.2404,54.45,1,0,3.3003,ACCEPT,0,1711,347,10826,6,325,4018,0,0,0,0
205,0,1,1,ACCEPT,50.2796,10.7703,5439,0,0,1.0000,89.95,151.75,109.20,107.12,143.00,174.00,100.00,86.00,0.2326,57.52,1,0,3.2429,ACCEPT,0,2416,371,13852,6,325,5439,0,0,0,0
206,0,1,1,ACCEPT,53.4667,12.4417,6930,0,0,1.0000,89.95,151.75,109.20,107.12,148.00,166.00,100.00,84.00,0.2320,59.77,1,0,3.1416,ACCEPT,0,2839,373,14391,6,325,6930,0,0,0,0
207,0,1,1,ACCEPT,54.5943,13.4444,6897,0,0,1.0000,89.95,151.75,109.20,107.12,152.50,162.00,95.00,92.00,0.2090,63.38,1,0,3.1308,ACCEPT,0,2731,321,14696,6,325,6897,0,0,0,0
208,0,1,1,ACCEPT,53.3711,15.0451,7011,0,0,1.0000,89.95,151.75,109.20,107.12,153.00,157.50,96.00,97.00,0.2215,63.31,1,0,3.1436,ACCEPT,0,2747,318,13801,6,325,7011,0,0,0,0
209,0,1,1,ACCEPT,53.5744,13.8038,6612,0,0,1.0000,89.95,151.75,109.20,107.12,155.00,156.50,94.00,97.00,0.2053,65.22,1,0,3.1463,ACCEPT,0,2528,315,13263,6,325,6612,0,0,0,0
210,0,1,1,ACCEPT,55.6736,14.5758,6632,0,0,1.0000,89.95,151.75,109.20,107.12,156.50,153.00,95.00,96.00,0.1961,66.56,1,0,3.1468,ACCEPT,0,2479,299,11468,6,325,6632,0,0,0,0
211,0,1,1,ACCEPT,56.5466,15.6056,6133,0,0,1.0000,89.95,151.75,109.20,107.12,158.50,151.50,97.00,95.00,0.1862,68.55,1,0,3.1425,ACCEPT,0,2276,318,10325,6,325,6133,0,0,0,0
212,0,1,1,ACCEPT,57.4786,14.7181,6005,0,0,1.0000,89.95,151.75,109.20,107.12,161.50,149.50,95.00,99.00,0.1673,71.58,1,0,3.1399,ACCEPT,0,2211,321,10227,6,325,6005,0,0,0,0
213,0,1,1,ACCEPT,53.5939,12.7241,5395,0,0,1.0000,89.95,151.75,109.20,107.12,163.50,150.50,95.00,95.00,0.1506,73.56,1,0,3.1290,ACCEPT,0,2036,309,10669,6,325,5395,0,0,0,0
214,0,1,1,ACCEPT,48.8697,10.7339,5163,0,0,1.0000,89.95,151.75,109.20,107.12,168.50,144.50,93.00,95.00,0.1149,78.88,1,0,3.1359,ACCEPT,0,2046,333,9342,6,325,5163,0,0,0,0
215,0,1,1,ACCEPT,49.6701,10.9274,4666,0,0,1.0000,89.95,151.75,109.20,107.12,169.00,142.50,88.00,103.00,0.0992,79.59,1,0,3.1323,ACCEPT,0,1812,335,7927,6,325,4666,0,0,0,0
216,0,1,1,ACCEPT,51.3902,11.3542,4712,0,0,1.0000,89.95,151.75,109.20,107.12,170.50,140.50,89.00,107.00,0.0914,81.33,1,0,3.1234,ACCEPT,0,1930,335,8366,6,325,4712,0,0,0,0
217,0,1,1,ACCEPT,53.7213,12.2069,4956,0,0,1.0000,89.95,151.75,109.20,107.12,171.00,137.50,90.00,111.00,0.0883,82.29,1,0,3.1186,ACCEPT,0,2172,369,8559,6,325,4956,0,0,0,0
218,0,1,1,ACCEPT,54.5080,13.2078,5085,0,0,1.0000,89.95,151.75,109.20,107.12,171.50,134.00,89.00,114.00,0.0806,83.46,1,0,3.1224,ACCEPT,0,2283,350,8864,6,325,5085,0,0,0,0
219,0,1,1,ACCEPT,55.0943,12.6482,5034,0,0,1.0000,89.95,151.75,109.20,107.12,171.00,130.50,88.00,115.00,0.0779,83.79,1,0,3.1182,ACCEPT,0,2364,335,9515,6,325,5034,0,0,0,0
220,0,1,1,ACCEPT,55.3973,12.7809,5483,0,0,1.0000,89.95,151.75,109.20,107.12,170.50,127.50,89.00,121.00,0.0801,84.12,1,0,3.1150,ACCEPT,0,2518,312,10180,6,325,5483,0,0,0,0
221,0,1,1,ACCEPT,57.2232,11.7067,5748,0,0,1.0000,89.95,151.75,109.20,107.12,167.50,124.50,89.00,123.00,0.0912,82.20,1,0,3.1060,ACCEPT,0,2498,316,10313,6,325,5748,0,0,0,0
222,0,1,1,ACCEPT,56.0239,13.1293,5790,0,0,1.0000,89.95,151.75,109.20,107.12,167.00,122.00,90.00,124.00,0.0925,82.59,1,0,3.1051,ACCEPT,0,2370,338,10553,6,325,5790,0,0,0,0
223,0,1,1,ACCEPT,56.3629,13.0023,5630,0,0,1.0000,89.95,151.75,109.20,107.12,164.00,121.50,90.00,125.00,0.1056,79.99,1,0,3.1072,ACCEPT,0,2260,348,10473,6,325,5630,0,0,0,0
224,0,1,1,ACCEPT,57.4982,12.9761,5424,0,0,1.0000,89.95,151.75,109.20,107.12,162.50,121.50,89.00,125.00,0.1109,78.60,1,0,3.1178,ACCEPT,0,2164,385,9643,6,325,5424,0,0,0,0
225,0,1,1,ACCEPT,58.0716,13.5670,4762,0,0,1.0000,89.95,151.75,109.20,107.12,162.00,123.00,92.00,124.00,0.1202,77.57,1,0,3.1253,ACCEPT,0,1915,382,9273,6,325,4762,0,0,0,0
226,0,1,1,ACCEPT,59.2427,12.4857,4807,0,0,1.0000,89.95,151.75,109.20,107.12,159.00,123.00,92.00,126.00,0.1350,74.79,1,0,3.1320,ACCEPT,0,1928,373,8960,6,325,4807,0,0,0,0
227,0,1,1,ACCEPT,59.5024,13.0437,4474,0,0,1.0000,89.95,151.75,109.20,107.12,159.50,124.50,97.00,125.00,0.1430,74.69,1,0,3.1312,ACCEPT,0,1815,366,8489,6,325,4474,0,0,0,0
228,0,1,1,ACCEPT,58.7373,14.6857,4112,0,0,1.0000,89.95,151.75,109.20,107.12,152.00,125.50,92.00,125.00,0.1754,67.37,1,0,3.1149,ACCEPT,0,1680,401,7355,6,325,4112,0,0,0,0
229,0,1,1,ACCEPT,56.2637,12.0297,3645,0,0,1.0000,89.95,151.75,109.20,107.12,151.50,126.00,95.00,122.00,0.1829,66.72,1,0,3.1247,ACCEPT,0,1563,445,6664,6,325,3645,0,0,0,0
230,0,1,1,ACCEPT,54.9391,12.3031,3531,0,0,1.0000,89.95,151.75,109.20,107.12,149.00,128.00,94.00,124.00,0.2009,63.64,1,0,3.1146,ACCEPT,0,1534,438,6102,6,325,3531,0,0,0,0
231,0,1,1,ACCEPT,54.9707,11.4832,3422,0,0,1.0000,89.95,151.75,109.20,107.12,146.50,129.50,95.00,121.00,0.2200,60.77,1,0,3.1594,ACCEPT,0,1468,449,5528,6,325,3422,0,0,0,0
232,0,1,1,ACCEPT,53.2160,11.4369,3534,0,0,1.0000,89.95,151.75,109.20,107.12,143.50,130.50,95.00,121.00,0.2412,57.61,1,0,3.2390,ACCEPT,0,1443,445,7308,6,325,3534,0,0,0,0
233,0,1,1,ACCEPT,50.6277,10.4049,3829,0,0,1.0000,89.95,151.75,109.20,107.12,140.50,135.00,95.00,118.00,0.2749,53.25,1,0,3.3229,ACCEPT,0,1565,445,10043,6,325,3829,0,0,0,0
234,0,1,1,ACCEPT,49.2807,8.6467,4185,0,0,1.0000,89.95,151.75,109.20,107.12,137.50,135.50,95.00,113.00,0.2956,50.25,1,0,3.3784,ACCEPT,0,1706,437,11595,6,325,4185,0,0,0,0
235,0,1,1,ACCEPT,46.3161,7.0431,5071,0,0,1.0000,89.95,151.75,109.20,107.12,134.00,139.50,96.00,115.00,0.3413,45.72,1,0,3.3697,ACCEPT,0,2164,451,10455,6,325,5071,0,0,0,0
236,0,1,1,ACCEPT,43.9933,6.3922,5216,0,0,1.0000,89.95,151.75,109.20,107.12,130.50,138.00,101.00,114.00,0.3684,42.81,1,0,3.2746,ACCEPT,0,2280,425,12331,6,325,5216,0,0,0,0
237,0,1,1,ACCEPT,41.9875,6.3699,6147,0,0,1.0000,89.95,151.75,109.20,107.12,129.50,145.50,97.00,113.00,0.4108,40.04,1,0,3.2754,ACCEPT,0,2747,444,8420,6,325,6147,0,0,0,0
238,0,1,1,ACCEPT,40.2135,7.3333,6182,0,0,1.0000,89.95,151.75,109.20,107.12,128.50,148.00,97.00,114.00,0.4347,38.73,1,0,3.2813,ACCEPT,0,2822,386,7896,6,325,6182,0,0,0,0
239,0,1,1,ACCEPT,38.9441,7.7358,5856,0,0,1.0000,89.95,151.75,109.20,107.12,126.50,150.50,97.00,109.00,0.4688,36.57,1,0,3.2395,ACCEPT,0,2670,461,7605,6,325,5856,0,0,0,0
240,0,1,1,ACCEPT,36.9993,7.5039,5793,0,0,1.0000,89.95,151.75,109.20,107.12,124.00,152.50,98.00,109.00,0.4991,34.06,1,0,3.2528,ACCEPT,0,2665,433,7150,6,325,5793,0,0,0,0
241,0,1,1,ACCEPT,34.1662,6.9800,5577,0,0,1.0000,89.95,151.75,109.20,107.12,122.00,155.00,98.00,108.00,0.5037,32.21,1,0,3.2174,ACCEPT,0,2746,438,7694,6,325,5577,0,0,0,0
242,0,1,1,ACCEPT,34.0180,5.7030,6068,0,0,1.0000,89.95,151.75,109.20,107.12,119.50,156.50,99.00,109.00,0.5209,29.93,1,0,3.2687,ACCEPT,0,3093,421,9601,6,325,6068,0,0,0,0
243,0,1,1,ACCEPT,34.5925,5.2005,6563,0,0,1.0000,89.95,151.75,109.20,107.12,117.50,161.00,99.00,106.00,0.5053,29.06,1,0,3.3237,ACCEPT,0,3103,403,10508,6,325,6563,0,0,0,0
244,0,1,1,ACCEPT,31.8315,4.5090,6989,0,0,1.0000,89.95,151.75,109.20,107.12,116.00,162.00,100.00,106.00,0.5135,27.99,1,0,3.3571,ACCEPT,0,3414,374,11599,6,325,6989,0,0,0,0
245,0,1,1,ACCEPT,27.3993,4.0034,8207,0,0,1.0000,89.95,151.75,109.20,107.12,115.00,164.00,102.00,102.00,0.5070,27.88,1,0,3.3718,ACCEPT,0,4533,362,10841,6,325,8207,0,0,0,0
246,0,1,1,ACCEPT,25.1619,3.3287,7373,0,0,1.0000,89.95,151.75,109.20,107.12,113.50,168.50,99.00,101.00,0.4796,28.90,1,0,3.3610,ACCEPT,0,4342,373,11048,6,325,7373,0,0,0,0
247,0,1,1,ACCEPT,23.1258,3.4299,6822,0,0,1.0000,89.95,151.75,109.20,107.12,112.50,170.50,99.00,101.00,0.4720,29.32,1,0,3.2959,ACCEPT,0,4147,388,10054,6,325,6822,0,0,0,0
248,0,1,1,ACCEPT,22.5507,3.8040,6231,0,0,1.0000,89.95,151.75,109.20,107.12,110.50,174.50,103.00,97.00,0.4553,30.66,1,0,3.3329,ACCEPT,0,3580,380,8549,6,325,6231,0,0,0,0
249,0,1,1,ACCEPT,24.2710,4.1297,5984,0,0,1.0000,89.95,151.75,109.20,107.12,110.00,173.00,102.00,100.00,0.4740,29.21,1,0,3.2965,ACCEPT,0,3294,360,7298,6,325,5984,0,0,0,0
250,0,1,1,ACCEPT,25.2185,4.6786,5633,0,0,1.0000,89.95,151.75,109.20,107.12,108.50,177.50,103.00,95.00,0.4429,31.73,1,0,3.2685,ACCEPT,0,3309,363,6481,6,325,5633,0,0,0,0
251,0,1,1,ACCEPT,23.0019,4.9914,5236,0,0,1.0000,89.95,151.75,109.20,107.12,105.50,178.00,103.00,102.00,0.4692,30.51,1,0,3.2022,ACCEPT,0,3210,370,6574,6,325,5236,0,0,0,0
252,0,1,1,ACCEPT,23.4605,4.9373,5747,0,0,1.0000,89.95,151.75,109.20,107.12,106.50,181.00,101.00,98.00,0.4298,33.61,1,0,3.2823,ACCEPT,0,3494,366,7765,6,325,5747,0,0,0,0
253,0,1,1,ACCEPT,27.2881,5.5040,6803,0,0,1.0000,89.95,151.75,109.20,107.12,103.00,186.00,102.00,92.00,0.4020,36.65,1,0,3.3226,ACCEPT,0,3946,305,9652,6,325,6803,0,0,0,0
254,0,1,1,ACCEPT,30.0704,6.0639,8538,0,0,1.0000,89.95,151.75,109.20,107.12,102.00,188.00,104.00,88.00,0.3851,38.20,1,0,3.0680,ACCEPT,0,4998,321,17476,6,325,8538,0,0,0,0
255,0,1,1,ACCEPT,32.9863,7.2114,13204,0,0,1.0000,89.95,151.75,109.20,107.12,100.50,196.00,103.00,80.00,0.3095,45.49,1,0,3.1979,ACCEPT,0,7102,260,17013,6,325,13204,0,0,0,0
256,0,1,1,ACCEPT,36.1052,7.8931,14626,0,0,1.0000,89.95,151.75,109.20,107.12,100.50,198.00,103.00,82.00,0.2973,47.44,1,0,3.1972,ACCEPT,0,7362,297,19840,6,325,14626,0,0,0,0
257,0,1,1,ACCEPT,38.2059,8.5791,15940,0,0,1.0000,89.95,151.75,109.20,107.12,98.00,197.00,102.00,84.00,0.3196,45.96,1,0,3.1716,ACCEPT,0,7663,335,18652,6,325,15940,0,0,0,0
258,0,1,1,ACCEPT,40.9729,9.1194,15740,0,0,1.0000,89.95,151.75,109.20,107.12,98.50,202.00,103.00,80.00,0.2689,50.97,1,0,3.1603,ACCEPT,0,7346,353,17440,6,325,15740,0,0,0,0
259,0,1,1,ACCEPT,42.9060,10.0565,15306,0,0,1.0000,89.95,151.75,109.20,107.12,96.50,204.50,99.00,81.00,0.2569,53.15,1,0,3.1471,ACCEPT,0,6945,329,16390,6,325,15306,0,0,0,0
260,0,1,1,ACCEPT,44.5475,10.6788,15228,0,0,1.0000,89.95,151.75,109.20,107.12,94.50,206.00,101.00,74.00,0.2352,54.44,1,0,3.1359,ACCEPT,0,6682,345,15626,6,325,15228,0,0,0,0
261,0,1,1,ACCEPT,46.3700,11.3627,14726,0,0,1.0000,89.95,151.75,109.20,107.12,93.50,210.50,101.00,79.00,0.2138,58.86,1,0,3.1286,ACCEPT,0,6233,349,14798,6,325,14726,0,0,0,0
262,0,1,1,ACCEPT,48.7947,11.3021,14964,0,0,1.0000,89.95,151.75,109.20,107.12,93.50,210.50,105.00,77.00,0.2112,58.86,1,0,3.1298,ACCEPT,0,6233,335,13789,6,325,14964,0,0,0,0
263,0,1,1,ACCEPT,51.1266,12.6312,14008,0,0,1.0000,89.95,151.75,109.20,107.12,93.50,213.50,103.00,73.00,0.1780,61.85,1,0,3.1442,ACCEPT,0,5777,320,13037,6,325,14008,0,0,0,0
264,0,1,1,ACCEPT,53.3008,13.3379,13738,0,0,1.0000,89.95,151.75,109.20,107.12,90.00,213.50,98.00,73.00,0.1726,61.75,1,0,3.1530,ACCEPT,0,5542,309,13895,6,325,13738,0,0,0,0
265,0,1,1,ACCEPT,55.0799,13.8693,13689,0,0,1.0000,89.95,151.75,109.20,107.12,90.50,215.50,97.00,73.00,0.1573,63.75,1,0,3.1435,ACCEPT,0,5458,294,13167,6,325,13689,0,0,0,0
266,0,1,1,ACCEPT,56.2644,14.0471,13415,0,0,1.0000,89.95,151.75,109.20,107.12,88.50,217.50,97.00,73.00,0.1436,65.77,1,0,3.1224,ACCEPT,0,5246,279,13984,6,325,13415,0,0,0,0
267,0,1,1,ACCEPT,56.8778,14.7377,13146,0,0,1.0000,89.95,151.75,109.20,107.12,88.00,217.50,100.00,75.00,0.1519,65.78,1,0,3.0942,ACCEPT,0,5101,251,15152,6,325,13146,0,0,0,0
268,0,1,1,ACCEPT,57.2592,15.1011,13138,0,0,1.0000,89.95,151.75,109.20,107.12,87.50,219.00,103.00,74.00,0.1419,67.29,1,0,3.0536,ACCEPT,0,5157,317,15781,6,325,13138,0,0,0,0
269,0,1,1,ACCEPT,57.9502,15.6298,13004,0,0,1.0000,89.95,151.75,109.20,107.12,85.50,220.00,101.00,74.00,0.1327,68.40,1,0,3.0181,ACCEPT,0,5185,331,16802,6,325,13004,0,0,0,0
270,0,1,1,ACCEPT,58.1617,14.0119,12919,0,1,0.9901,89.95,155.09,109.20,107.12,84.50,223.00,97.00,70.00,0.1215,68.12,1,0,2.9258,ACCEPT,0,5103,337,15384,6,325,12919,0,0,0,0
271,0,1,1,ACCEPT,59.8466,14.6500,12892,0,0,1.0000,89.95,155.09,109.20,107.12,84.00,225.50,100.00,67.00,0.0981,70.66,1,0,2.9807,ACCEPT,0,4873,344,15169,6,325,12892,0,0,0,0
272,0,1,1,ACCEPT,60.5756,15.1579,12672,0,0,1.0000,89.95,155.09,109.20,107.12,85.00,227.00,98.00,70.00,0.0964,72.08,1,0,3.0242,ACCEPT,0,4790,305,14690,6,325,12672,0,0,0,0
273,0,1,1,ACCEPT,60.2224,15.7616,12956,0,0,1.0000,89.95,155.09,109.20,107.12,86.50,230.50,95.00,67.00,0.0653,75.49,1,0,3.0370,ACCEPT,0,5095,326,14899,6,325,12956,0,0,0,0
274,0,1,1,ACCEPT,59.8767,13.9582,13023,0,0,1.0000,89.95,155.09,109.20,107.12,88.00,233.00,94.00,70.00,0.0580,77.93,1,0,3.0300,ACCEPT,0,5187,310,15215,6,325,13023,0,0,0,0
275,0,1,1,ACCEPT,58.8973,13.6543,13231,0,0,1.0000,89.95,155.09,109.20,107.12,91.00,235.00,94.00,68.00,0.0414,79.91,1,0,3.0195,ACCEPT,0,5381,335,13475,6,325,13231,0,0,0,0
276,0,1,1,ACCEPT,59.0599,13.2764,11962,0,0,1.0000,89.95,155.09,109.20,107.12,90.00,235.50,90.00,67.00,0.0350,80.41,1,0,3.0057,ACCEPT,0,4920,335,12656,6,325,11962,0,0,0,0
277,0,1,1,ACCEPT,58.2686,14.1355,11054,0,0,1.0000,89.95,155.09,109.20,107.12,90.50,235.00,91.00,68.00,0.0405,79.91,1,0,2.9784,ACCEPT,0,4617,348,11582,6,325,11054,0,0,0,0
278,0,1,1,ACCEPT,57.7248,13.2191,10258,0,1,0.9994,89.95,158.44,109.20,107.12,90.50,236.00,91.00,66.00,0.0485,77.56,1,0,2.9966,ACCEPT,0,4329,328,11257,6,325,10258,0,0,0,0
279,0,1,1,ACCEPT,58.9163,12.9390,9329,0,0,1.0000,89.95,158.44,109.20,107.12,91.00,238.00,88.00,64.00,0.0314,79.57,1,0,3.0473,ACCEPT,0,3897,290,11143,6,325,9329,0,0,0,0
280,0,1,1,ACCEPT,59.3370,12.8511,9407,0,0,1.0000,89.95,158.44,109.20,107.12,90.50,238.00,87.00,64.00,0.0312,79.56,1,0,3.0770,ACCEPT,0,3905,319,10969,6,325,9407,0,0,0,0
281,0,1,1,ACCEPT,60.0509,12.6983,9219,0,0,1.0000,89.95,158.44,109.20,107.12,91.50,236.00,91.00,68.00,0.0536,77.58,1,0,3.0945,ACCEPT,0,3751,329,10920,6,325,9219,0,0,0,0
282,0,1,1,ACCEPT,61.0177,13.6721,9174,0,0,1.0000,89.95,158.44,109.20,107.12,94.00,235.50,86.00,69.00,0.0567,77.17,1,0,3.1052,ACCEPT,0,3719,303,11247,6,325,9174,0,0,0,0
283,0,1,1,ACCEPT,61.9606,13.0000,9516,0,0,1.0000,89.95,158.44,109.20,107.12,93.50,233.50,89.00,73.00,0.0792,75.15,1,0,3.1123,ACCEPT,0,3767,295,12142,6,325,9516,0,0,0,0
284,0,1,1,ACCEPT,61.5938,13.5633,9752,0,0,1.0000,89.95,158.44,109.20,107.12,92.50,233.00,83.00,76.00,0.0850,74.61,1,0,3.1244,ACCEPT,0,3931,300,12238,6,325,9752,0,0,0,0
285,0,1,1,ACCEPT,62.6741,14.1633,9801,0,0,1.0000,89.95,158.44,109.20,107.12,91.50,231.00,83.00,72.00,0.0868,72.58,1,0,3.1322,ACCEPT,0,3790,293,17985,6,325,9801,0,0,0,0
286,0,1,1,ACCEPT,63.6343,13.6663,10974,0,0,1.0000,89.95,158.44,109.20,107.12,89.00,230.00,82.00,80.00,0.1096,71.57,1,0,3.1412,ACCEPT,0,4058,285,25772,6,325,10974,0,0,0,0
287,0,1,1,ACCEPT,64.4858,15.4015,12121,0,0,1.0000,89.95,158.44,109.20,107.12,89.00,229.00,78.00,78.00,0.1068,70.57,1,0,3.1518,ACCEPT,0,4485,281,32767,6,325,12121,0,0,0,0
288,0,1,1,ACCEPT,65.0304,15.4275,12558,0,0,1.0000,89.95,158.44,109.20,107.12,89.50,226.00,77.00,78.00,0.1220,67.56,1,0,3.1639,ACCEPT,0,4575,268,32767,6,325,12558,0,0,0,0
289,0,1,1,ACCEPT,64.7628,15.3981,11256,0,0,1.0000,89.95,158.44,109.20,107.12,91.50,225.50,79.00,83.00,0.1379,67.08,1,0,3.1722,ACCEPT,0,4205,265,32299,6,325,11256,0,0,0,0
290,0,1,1,ACCEPT,63.8603,15.3583,11488,0,0,1.0000,89.95,158.44,109.20,107.12,92.00,223.50,78.00,81.00,0.1436,65.09,1,0,3.1782,ACCEPT,0,4373,266,23325,6,325,11488,0,0,0,0
291,0,1,1,ACCEPT,62.7721,15.0403,7836,0,0,1.0000,89.95,158.44,109.20,107.12,91.50,221.50,77.00,85.00,0.1618,63.08,1,0,3.1636,ACCEPT,0,3103,256,18137,6,325,7836,0,0,0,0
292,0,1,1,ACCEPT,65.0158,14.9849,6953,0,0,1.0000,89.95,158.44,109.20,107.12,94.00,221.00,78.00,86.00,0.1683,62.69,1,0,3.1527,ACCEPT,0,2569,271,18737,6,325,6953,0,0,0,0
293,0,1,1,ACCEPT,65.7165,13.8445,8279,0,0,1.0000,89.95,158.44,109.20,107.12,94.00,220.00,78.00,86.00,0.1741,61.70,1,0,3.1633,ACCEPT,0,2976,276,23257,6,325,8279,0,0,0,0
294,0,1,1,ACCEPT,67.4169,16.7898,10225,0,0,1.0000,89.95,158.44,109.20,107.12,94.00,219.50,78.00,85.00,0.1750,61.20,1,0,3.1757,ACCEPT,0,3633,275,22376,6,325,10225,0,0,0,0
295,0,1,1,ACCEPT,68.2202,16.4959,10112,0,0,1.0000,89.95,158.44,109.20,107.12,94.00,219.50,78.00,85.00,0.1750,61.20,1,0,3.1847,ACCEPT,0,3646,274,16395,6,325,10112,0,0,0,0
296,0,1,1,ACCEPT,67.0790,16.3036,7304,0,0,1.0000,89.95,158.44,109.20,107.12,93.50,218.50,77.00,85.00,0.1792,60.17,1,0,3.1883,ACCEPT,0,2645,255,12856,6,325,7304,0,0,0,0
297,0,1,1,ACCEPT,65.4797,16.4373,5638,0,0,1.0000,89.95,158.44,109.20,107.12,94.00,218.00,76.00,86.00,0.1823,59.70,1,0,3.1734,ACCEPT,0,2122,266,9494,6,325,5638,0,0,0,0
298,0,1,1,ACCEPT,64.9116,15.1586,4684,0,0,1.0000,89.95,158.44,109.20,107.12,94.00,217.00,76.00,86.00,0.1882,58.70,1,0,3.1541,ACCEPT,0,1780,242,7039,6,325,4684,0,0,0,0
299,0,1,1,ACCEPT,65.0220,15.4516,4311,0,0,1.0000,89.95,158.44,109.20,107.12,94.00,217.00,76.00,86.00,0.1882,58.70,1,0,3.1376,ACCEPT,0,1603,256,7172,6,325,4311,0,0,0,0
300,0,1,1,ACCEPT,66.2238,15.9963,4319,0,0,1.0000,89.95,158.44,109.20,107.12,93.50,217.00,75.00,86.00,0.1863,58.67,1,0,3.1282,ACCEPT,0,1562,266,7850,6,325,4319,0,0,0,0
301,0,1,1,ACCEPT,66.6645,15.7260,4592,0,0,1.0000,89.95,158.44,109.20,107.12,92.50,217.50,75.00,87.00,0.1854,59.12,1,0,3.1162,ACCEPT,0,1682,266,6532,6,325,4592,0,0,0,0
302,0,1,1,ACCEPT,63.4194,13.8244,3857,0,0,1.0000,89.95,158.44,109.20,107.12,91.50,217.50,75.00,87.00,0.1854,59.08,1,0,3.0890,ACCEPT,0,1455,244,6831,6,325,3857,0,0,0,0
303,0,1,1,ACCEPT,66.0966,16.3625,4107,0,0,1.0000,89.95,158.44,109.20,107.12,90.50,217.50,75.00,87.00,0.1854,59.07,1,0,3.0599,ACCEPT,0,1522,246,6312,6,325,4107,0,0,0,0
304,0,1,1,ACCEPT,62.9497,14.6042,3505,0,0,1.0000,89.95,158.44,109.20,107.12,89.00,219.00,74.00,88.00,0.1770,60.57,1,0,3.0482,ACCEPT,0,1359,249,6846,6,325,3505,0,0,0,0
305,0,1,1,ACCEPT,62.2201,13.8817,3873,0,0,1.0000,89.95,158.44,109.20,107.12,86.50,219.50,77.00,87.00,0.1774,61.16,1,0,3.0376,ACCEPT,0,1524,236,6570,6,325,3873,0,0,0,0
306,0,1,1,ACCEPT,60.2031,13.5113,3594,0,0,1.0000,89.95,158.44,109.20,107.12,84.50,221.00,77.00,88.00,0.1708,62.80,1,0,3.0249,ACCEPT,0,1492,232,7260,6,325,3594,0,0,0,0
307,0,1,1,ACCEPT,60.0310,12.6281,3599,0,0,1.0000,89.95,158.44,109.20,107.12,84.00,221.50,76.00,87.00,0.1643,63.34,1,0,3.0233,ACCEPT,0,1468,230,8571,6,325,3599,0,0,0,0
308,0,1,1,ACCEPT,60.0639,12.7980,3865,0,0,1.0000,89.95,158.44,109.20,107.12,83.00,222.50,76.00,89.00,0.1627,64.44,1,0,3.0222,ACCEPT,0,1567,254,10349,6,325,3865,0,0,0,0
309,0,1,1,ACCEPT,61.0889,13.0244,4272,0,0,1.0000,89.95,158.44,109.20,107.12,81.00,223.00,76.00,90.00,0.1620,65.18,1,0,3.0136,ACCEPT,0,1708,241,12080,6,325,4272,0,0,0,0
310,0,1,1,ACCEPT,60.4601,12.6844,4300,0,0,1.0000,89.95,158.44,109.20,107.12,80.00,223.50,76.00,89.00,0.1572,65.82,1,0,3.0201,ACCEPT,0,1700,264,12900,6,325,4300,0,0,0,0
311,0,1,1,ACCEPT,62.2503,14.0850,4141,0,0,1.0000,89.95,158.44,109.20,107.12,78.50,224.50,77.00,91.00,0.1572,67.05,1,0,3.0195,ACCEPT,0,1631,245,13877,6,325,4141,0,0,0,0
312,0,1,1,ACCEPT,61.9160,13.3265,3878,0,0,1.0000,89.95,158.44,109.20,107.12,77.00,225.50,76.00,89.00,0.1463,68.30,1,0,3.0256,ACCEPT,0,1506,237,14831,6,325,3878,0,0,0,0
313,0,1,1,ACCEPT,61.3845,13.8379,4013,0,0,1.0000,89.95,158.44,109.20,107.12,75.00,226.50,78.00,89.00,0.1435,69.69,1,0,3.0397,ACCEPT,0,1542,238,16766,6,325,4013,0,0,0,0
314,0,1,1,ACCEPT,62.0086,14.2562,4006,0,0,1.0000,89.95,158.44,109.20,107.12,73.50,228.00,77.00,92.00,0.1395,71.48,1,0,3.0375,ACCEPT,0,1565,249,16337,6,325,4006,0,0,0,0
315,0,1,1,ACCEPT,61.8156,13.9078,3922,0,0,1.0000,89.95,158.44,109.20,107.12,71.50,228.00,79.00,90.00,0.1320,71.97,1,0,3.0446,ACCEPT,0,1525,247,17258,6,325,3922,0,0,0,0
316,0,1,1,ACCEPT,61.6138,14.0034,4061,0,0,1.0000,89.95,158.44,109.20,107.12,70.50,229.50,79.00,91.00,0.1244,73.68,1,0,3.0431,ACCEPT,0,1603,247,17135,6,325,4061,0,0,0,0
317,0,1,1,ACCEPT,62.6367,14.6069,4236,0,0,1.0000,89.95,158.44,109.20,107.12,69.50,230.50,79.00,91.00,0.1177,74.91,1,0,3.0308,ACCEPT,0,1670,238,17569,6,325,4236,0,0,0,0
318,0,1,1,ACCEPT,62.1465,13.2557,4043,0,0,1.0000,89.95,158.44,109.20,107.12,68.00,232.00,78.00,92.00,0.1095,76.77,1,0,3.0197,ACCEPT,0,1598,249,19522,6,325,4043,0,0,0,0
319,0,1,1,ACCEPT,63.4575,14.9053,4248,0,0,1.0000,89.95,158.44,109.20,107.12,68.00,232.00,78.00,92.00,0.1095,76.77,1,0,3.0199,ACCEPT,0,1700,219,22899,6,325,4248,0,0,0,0
320,0,1,1,ACCEPT,63.7533,15.2158,4230,0,0,1.0000,89.95,158.44,109.20,107.12,68.00,231.50,80.00,91.00,0.1105,76.29,1,0,3.0219,ACCEPT,0,1680,225,23489,6,325,4230,0,0,0,0
321,0,1,1,ACCEPT,64.4940,15.7222,4245,0,0,1.0000,89.95,158.44,109.20,107.12,67.50,233.00,79.00,90.00,0.1006,77.87,1,0,3.0362,ACCEPT,0,1671,227,24603,6,325,4245,0,0,0,0
322,0,1,1,ACCEPT,64.6586,15.2847,4188,0,0,1.0000,89.95,158.44,109.20,107.12,67.50,233.50,79.00,89.00,0.0965,78.35,1,0,3.0513,ACCEPT,0,1643,222,27322,6,325,4188,0,0,0,0
323,0,1,1,ACCEPT,65.5035,16.4048,4134,0,0,1.0000,89.95,158.44,109.20,107.12,67.50,233.00,79.00,90.00,0.1006,77.87,1,0,3.0558,ACCEPT,0,1622,219,28588,6,325,4134,0,0,0,0
324,0,1,1,ACCEPT,66.0050,15.2639,4106,0,0,1.0000,89.95,158.44,109.20,107.12,67.50,233.50,79.00,91.00,0.1002,78.35,1,0,3.0560,ACCEPT,0,1596,223,28812,6,325,4106,0,0,0,0
325,0,1,1,ACCEPT,66.2237,16.0041,3857,0,0,1.0000,89.95,158.44,109.20,107.12,67.00,233.00,78.00,90.00,0.0996,78.02,1,0,3.0587,ACCEPT,0,1500,210,29893,6,325,3857,0,0,0,0
