frame,occluded,evaluated,accept,reason,psr_bolme,psr_ratio,peak,dr_bin,dc_bin,resp00_over_peak,est_row,est_col,est_h,est_w,truth_row,truth_col,truth_h,truth_w,iou,centre_err,published,scale_idx,scale_conf,scale_reason,rails,accum_max,fch0_max,h_max,job,anchor,resp_max,rails_fch,rails_accum,rails_resp,rails_h
0,0,0,0,ZERO_RESPONSE,0.0000,0.0000,0,0,0,0.0000,207.50,550.50,25.00,29.00,207.50,550.50,25.00,29.00,1.0000,0.00,1,0,0.0000,NOT_RUN,0,0,720,10399,0,0,0,0,0,0,0
1,0,1,1,ACCEPT,31.2018,6.3807,1391,8,-2,0.0884,213.75,548.69,25.00,29.00,213.50,548.00,27.00,30.00,0.8842,0.73,1,0,3.2235,ACCEPT,0,1074,616,8642,0,0,1391,0,0,0,0
2,0,1,1,ACCEPT,24.4590,3.8041,1107,9,-3,0.1391,220.78,545.97,25.00,29.00,220.00,546.00,26.00,30.00,0.9095,0.78,1,0,3.2082,ACCEPT,0,779,648,5461,0,0,1107,0,0,0,0
3,0,1,1,ACCEPT,22.5109,4.2233,870,10,-2,0.2172,228.59,544.16,25.00,29.00,227.50,543.00,29.00,32.00,0.7812,1.59,1,0,3.2212,ACCEPT,0,579,557,6444,0,0,870,0,0,0,0
4,0,1,1,ACCEPT,21.5409,3.9620,1252,9,-1,0.2181,235.62,543.25,25.00,29.00,235.00,541.50,26.00,29.00,0.8461,1.86,1,0,3.2381,ACCEPT,0,773,473,7657,0,0,1252,0,0,0,0
5,0,1,1,ACCEPT,20.3127,3.3568,1336,9,-2,0.1984,242.66,541.44,25.00,29.00,242.00,540.00,26.00,28.00,0.8612,1.58,1,0,3.1878,ACCEPT,0,871,432,6522,0,0,1336,0,0,0,0
6,0,1,1,ACCEPT,20.5513,3.2973,1098,9,-1,0.2678,249.69,540.53,25.00,29.00,249.50,539.00,25.00,28.00,0.8853,1.54,1,0,3.2339,ACCEPT,0,804,388,5053,0,0,1098,0,0,0,0
7,0,1,1,ACCEPT,21.6470,3.6000,936,8,-1,0.2212,255.94,539.62,25.00,29.00,255.50,539.00,25.00,28.00,0.9248,0.76,1,0,2.9381,ACCEPT,0,725,367,5337,0,0,936,0,0,0,0
8,0,1,1,ACCEPT,21.2997,3.4629,1167,7,2,0.0874,261.41,541.44,25.00,29.00,261.00,540.00,26.00,32.00,0.8714,1.49,1,0,2.7698,ACCEPT,0,1016,321,7344,0,0,1167,0,0,0,0
9,0,1,1,ACCEPT,22.0312,2.8955,1691,5,3,0.0934,265.31,544.16,25.00,29.00,263.50,542.50,25.00,29.00,0.7770,2.46,1,0,3.2392,ACCEPT,0,1277,287,9045,0,0,1691,0,0,0,0
10,0,1,1,ACCEPT,22.3356,2.2190,2077,4,4,0.1021,268.44,547.78,25.00,29.00,266.50,545.50,25.00,29.00,0.7390,2.99,1,0,2.9635,ACCEPT,0,1298,251,9381,0,0,2077,0,0,0,0
11,0,1,1,ACCEPT,21.1441,1.8840,2193,3,6,0.0301,270.78,553.22,25.00,29.00,270.00,551.50,24.00,29.00,0.8361,1.89,1,0,2.9182,ACCEPT,0,1303,229,9305,0,0,2193,0,0,0,0
12,0,1,1,ACCEPT,21.2776,1.9810,1775,2,9,0.0935,272.34,561.38,25.00,29.00,272.00,560.00,24.00,28.00,0.8727,1.42,1,0,3.0825,ACCEPT,0,971,212,6167,0,0,1775,0,0,0,0
13,0,1,1,ACCEPT,20.2725,1.7957,1266,3,10,0.0900,274.69,570.44,25.00,29.00,275.00,569.00,24.00,30.00,0.8730,1.47,1,0,3.1731,ACCEPT,0,694,171,6303,0,0,1266,0,0,0,0
14,0,1,1,ACCEPT,19.1891,1.7562,922,3,10,0.1182,277.03,579.50,25.00,29.00,277.50,577.00,25.00,28.00,0.8102,2.54,1,0,3.0857,ACCEPT,0,586,135,4649,0,0,922,0,0,0,0
15,0,1,1,ACCEPT,17.8181,1.4521,591,4,11,0.1286,280.16,589.47,25.00,29.00,280.00,587.50,24.00,27.00,0.8349,1.97,1,0,3.1312,ACCEPT,0,370,94,4002,0,0,591,0,0,0,0
16,0,1,1,ACCEPT,18.3892,1.6115,448,1,13,0.0045,280.94,601.25,25.00,29.00,280.00,598.50,22.00,27.00,0.7276,2.91,1,0,3.1321,ACCEPT,0,276,89,3363,0,0,448,0,0,0,0
17,0,1,1,ACCEPT,17.3083,1.5605,490,1,12,0.0653,281.72,612.12,25.00,29.00,281.50,610.00,23.00,28.00,0.7957,2.14,1,0,3.0559,ACCEPT,0,334,71,5461,0,0,490,0,0,0,0
18,0,1,1,ACCEPT,14.4042,1.3745,668,2,12,0.0434,283.28,623.00,25.00,29.00,282.50,622.00,21.00,28.00,0.7852,1.27,1,0,3.0442,ACCEPT,0,651,61,6297,0,0,668,0,0,0,0
19,0,1,1,ACCEPT,14.8258,1.4810,819,3,11,0.0049,285.62,632.97,25.00,29.00,284.50,631.00,19.00,26.00,0.6610,2.27,1,0,2.9824,ACCEPT,0,847,54,5153,0,0,819,0,0,0,0
20,0,1,1,ACCEPT,11.3943,1.2393,725,3,10,0.0317,287.97,642.03,25.00,29.00,286.50,640.00,19.00,28.00,0.6669,2.51,1,0,2.9852,ACCEPT,0,966,79,7709,0,0,725,0,0,0,0
21,0,1,1,ACCEPT,11.5850,1.2929,1214,4,10,0.1063,291.09,651.09,25.00,29.00,290.00,649.00,18.00,28.00,0.6306,2.36,1,0,3.3368,ACCEPT,0,1328,81,5755,0,0,1214,0,0,0,0
22,0,1,1,ACCEPT,12.3273,1.4038,1029,3,9,0.0049,293.44,659.25,25.00,29.00,291.00,656.00,18.00,30.00,0.5962,4.06,1,0,2.8650,ACCEPT,0,1232,62,4474,0,0,1029,0,0,0,0
23,0,1,1,ACCEPT,14.5097,1.8606,988,3,7,0.1083,295.78,665.59,25.00,29.00,291.50,661.50,13.00,29.00,0.4161,5.92,1,0,3.2153,ACCEPT,0,1232,56,4683,0,0,988,0,0,0,0
24,0,1,1,ACCEPT,8.0753,1.1733,528,0,6,0.3712,295.78,671.03,26.00,30.16,294.50,668.50,13.00,27.00,0.4251,2.84,1,1,2.6273,ACCEPT,0,1035,84,1829,0,0,528,0,0,0,0
25,0,1,1,ACCEPT,9.8182,2.2267,334,2,6,0.3413,297.41,676.66,26.00,30.16,294.00,673.00,14.00,30.00,0.4434,5.00,1,0,3.3142,ACCEPT,0,457,87,1524,0,0,334,0,0,0,0
26,0,1,1,ACCEPT,6.3698,1.3791,211,1,5,0.1280,298.22,681.34,26.00,30.16,294.00,679.50,12.00,31.00,0.4250,4.60,1,0,2.7791,ACCEPT,0,567,104,1359,0,0,211,0,0,0,0
27,0,1,1,ACCEPT,9.0487,1.2035,343,1,4,0.1603,299.03,685.09,26.00,30.16,294.00,683.00,12.00,32.00,0.4240,5.45,1,0,2.5329,ACCEPT,0,674,99,4020,0,0,343,0,0,0,0
28,0,1,1,ACCEPT,11.7295,1.5328,1867,0,5,0.2400,299.03,689.78,26.00,30.16,295.50,689.50,9.00,27.00,0.3099,3.54,1,0,3.0051,ACCEPT,0,2994,105,11029,0,0,1867,0,0,0,0
29,0,1,1,ACCEPT,12.8831,1.8165,4545,0,4,0.3193,299.03,693.53,26.00,30.16,295.00,693.50,10.00,27.00,0.3443,4.03,1,0,3.3595,ACCEPT,0,5820,135,9674,0,0,4545,0,0,0,0
30,0,1,1,ACCEPT,15.8214,2.2574,5192,-1,4,0.2279,298.22,697.28,26.00,30.16,294.50,697.50,11.00,27.00,0.3787,3.73,1,0,3.4147,ACCEPT,0,4854,190,8498,0,0,5192,0,0,0,0
31,0,1,1,ACCEPT,15.0577,2.0730,5025,-1,5,0.2579,297.41,701.97,26.00,30.16,294.00,701.50,10.00,27.00,0.3443,3.44,1,0,2.6564,ACCEPT,0,5407,239,8125,0,0,5025,0,0,0,0
32,0,1,1,ACCEPT,18.0241,2.5043,4996,-1,3,0.4602,296.59,704.78,26.00,30.16,292.50,704.00,11.00,26.00,0.3647,4.17,1,0,3.2688,ACCEPT,0,4471,276,9619,0,0,4996,0,0,0,0
33,0,1,1,ACCEPT,20.6815,2.8034,5660,-4,3,0.3009,293.34,707.59,26.00,30.16,290.50,707.50,11.00,23.00,0.3226,2.85,1,0,3.4749,ACCEPT,0,4614,317,7096,0,0,5660,0,0,0,0
34,0,1,1,ACCEPT,18.8285,2.6153,4493,-2,3,0.3977,291.72,710.41,26.00,30.16,288.00,712.50,10.00,21.00,0.2678,4.27,1,0,3.3874,ACCEPT,0,3415,306,6662,0,0,4493,0,0,0,0
35,0,1,1,ACCEPT,23.4525,3.1076,4130,-3,5,0.1383,289.28,715.09,26.00,30.16,286.00,716.50,10.00,21.00,0.2678,3.57,1,0,3.3812,ACCEPT,0,3545,322,5798,0,0,4130,0,0,0,0
36,0,1,1,ACCEPT,21.8471,3.0727,3721,-3,5,0.2376,286.84,719.78,26.00,30.16,283.00,720.50,12.00,25.00,0.3826,3.91,1,0,3.0944,ACCEPT,0,2898,296,6253,0,0,3721,0,0,0,0
37,0,1,1,ACCEPT,19.5189,2.7297,2787,-5,5,0.1410,282.78,724.47,26.00,30.16,278.50,726.00,13.00,24.00,0.3979,4.55,1,0,3.2866,ACCEPT,0,2377,328,6654,0,0,2787,0,0,0,0
38,0,1,1,ACCEPT,18.3664,2.5733,2316,-5,8,0.1494,278.72,731.97,26.00,30.16,274.50,732.00,11.00,20.00,0.2806,4.22,1,0,3.1370,ACCEPT,0,2047,316,6904,0,0,2316,0,0,0,0
39,0,1,1,ACCEPT,17.3583,2.9870,2303,-6,7,0.0343,273.84,738.53,26.00,30.16,269.50,739.00,11.00,22.00,0.3086,4.37,1,0,3.1625,ACCEPT,0,2228,354,6772,0,0,2303,0,0,0,0
40,0,1,1,ACCEPT,14.6605,2.3124,1806,-7,10,0.2270,268.16,747.91,26.00,30.16,264.50,749.50,11.00,21.00,0.2946,3.99,1,0,3.1929,ACCEPT,0,1826,306,6450,0,0,1806,0,0,0,0
41,0,1,1,ACCEPT,16.8554,3.0560,2130,-4,10,0.0028,264.91,757.28,26.00,30.16,260.00,759.00,12.00,20.00,0.3061,5.20,1,0,3.2038,ACCEPT,0,1842,291,6471,0,0,2130,0,0,0,0
42,0,1,1,ACCEPT,15.6548,2.3772,1752,-6,12,0.2129,260.03,768.53,26.00,30.16,254.50,770.00,13.00,24.00,0.3979,5.72,1,0,3.2540,ACCEPT,0,1617,261,7506,0,0,1752,0,0,0,0
43,0,1,1,ACCEPT,20.8466,3.2726,2317,-6,13,0.0488,255.16,780.72,26.00,30.16,248.50,785.00,13.00,24.00,0.3645,7.91,1,0,3.3072,ACCEPT,0,1584,151,7989,0,0,2317,0,0,0,0
44,0,1,1,ACCEPT,17.7728,3.0309,2255,-6,15,0.0501,250.28,794.78,26.00,30.16,244.00,795.50,12.00,19.00,0.2908,6.32,1,0,3.3623,ACCEPT,0,1911,113,8574,0,0,2255,0,0,0,0
45,0,1,1,ACCEPT,18.7653,3.1404,2550,-6,16,0.0231,245.41,809.78,26.00,30.16,240.50,809.00,13.00,16.00,0.2653,4.97,1,0,3.3478,ACCEPT,0,2079,75,8611,0,0,2550,0,0,0,0
46,0,1,1,ACCEPT,18.1124,2.9937,2862,-5,15,0.0080,241.34,823.84,26.00,30.16,236.00,823.00,14.00,16.00,0.2857,5.41,1,0,3.3613,ACCEPT,0,2600,84,8782,0,0,2862,0,0,0,0
47,0,1,1,ACCEPT,15.2928,1.9898,2330,-5,17,0.0382,237.28,839.78,26.00,30.16,232.00,839.00,14.00,18.00,0.3214,5.34,1,0,3.3193,ACCEPT,0,2328,89,8564,0,0,2330,0,0,0,0
48,0,1,1,ACCEPT,14.6497,2.4676,2781,-4,16,0.0309,234.03,854.78,26.00,30.16,227.50,854.00,15.00,18.00,0.3132,6.58,1,0,3.1981,ACCEPT,0,2953,105,8164,0,0,2781,0,0,0,0
49,0,1,1,ACCEPT,16.2503,2.6719,2565,-4,17,0.0604,230.78,870.72,26.00,30.16,225.00,869.50,14.00,17.00,0.3035,5.91,1,0,3.3336,ACCEPT,0,2747,132,7626,0,0,2565,0,0,0,0
50,0,1,1,ACCEPT,17.3510,2.6801,2589,-5,16,0.0811,226.72,885.72,26.00,30.16,221.50,884.50,13.00,17.00,0.2818,5.36,1,0,3.2908,ACCEPT,0,2542,123,7222,0,0,2589,0,0,0,0
51,0,1,1,ACCEPT,18.6598,2.8550,2638,-4,17,0.1198,223.47,901.66,26.00,30.16,218.00,900.50,12.00,17.00,0.2602,5.59,1,0,3.2992,ACCEPT,0,2331,96,7124,0,0,2638,0,0,0,0
52,0,1,1,ACCEPT,20.2759,3.1566,3507,-5,16,0.0074,219.41,916.66,26.00,30.16,213.50,915.00,13.00,18.00,0.2984,6.13,1,0,3.2701,ACCEPT,0,2965,98,9403,0,0,3507,0,0,0,0
53,0,1,1,ACCEPT,22.1929,3.0198,3971,-6,15,0.0997,214.53,930.72,26.00,30.16,208.50,930.50,13.00,17.00,0.2818,6.04,1,0,3.2986,ACCEPT,0,2969,127,10030,0,0,3971,0,0,0,0
54,0,1,1,ACCEPT,22.6711,3.1848,3844,-7,17,0.1236,208.84,946.66,26.00,30.16,203.00,945.50,14.00,23.00,0.4106,5.96,1,0,3.3001,ACCEPT,0,2892,124,7844,0,0,3844,0,0,0,0
55,0,1,1,ACCEPT,25.7309,4.1196,3514,-7,15,0.1269,203.16,960.72,26.00,30.16,197.50,959.00,13.00,18.00,0.2984,5.91,1,0,3.2752,ACCEPT,0,2683,105,9622,0,0,3514,0,0,0,0
56,0,1,1,ACCEPT,27.4835,4.0287,3513,-8,14,0.0470,196.66,973.84,26.00,30.16,191.00,972.50,12.00,17.00,0.2602,5.81,1,0,3.1635,ACCEPT,0,2558,49,9258,0,0,3513,0,0,0,0
57,0,1,1,ACCEPT,29.2248,4.2424,3220,-10,13,0.0037,188.53,986.03,26.00,30.16,183.50,984.50,13.00,17.00,0.2818,5.26,1,0,3.2785,ACCEPT,0,2153,72,6678,0,0,3220,0,0,0,0
58,0,1,1,ACCEPT,29.7306,4.5367,3094,-7,13,0.1012,182.84,998.22,26.00,30.16,178.50,996.00,13.00,16.00,0.2653,4.88,1,0,3.2855,ACCEPT,0,2135,63,8589,0,0,3094,0,0,0,0
59,0,1,1,ACCEPT,31.4672,4.2960,3686,-5,13,0.1251,178.78,1010.41,26.00,30.16,173.00,1008.50,14.00,17.00,0.3035,6.09,1,0,3.1175,ACCEPT,0,2138,68,8871,0,0,3686,0,0,0,0
60,0,1,1,ACCEPT,32.1511,5.3548,4150,-3,12,0.0913,176.34,1021.66,26.00,30.16,170.50,1019.00,13.00,16.00,0.2653,6.42,1,0,3.0340,ACCEPT,0,2500,64,15596,0,0,4150,0,0,0,0
61,0,1,1,ACCEPT,32.4789,4.8985,7000,-2,11,0.0804,174.72,1031.97,26.00,30.16,168.50,1031.00,13.00,16.00,0.2653,6.29,1,0,3.2299,ACCEPT,0,4061,65,12883,0,0,7000,0,0,0,0
62,0,1,1,ACCEPT,35.6553,6.4508,6496,-3,12,0.1045,172.28,1043.22,26.00,30.16,166.00,1041.50,14.00,15.00,0.2610,6.51,1,0,3.1988,ACCEPT,0,3264,106,14142,0,0,6496,0,0,0,0
63,0,1,1,ACCEPT,34.7538,5.8102,7716,2,11,0.0255,173.91,1053.53,26.00,30.16,168.50,1053.00,17.00,20.00,0.4012,5.43,1,0,3.1491,ACCEPT,0,4124,97,16433,0,0,7716,0,0,0,0
64,0,1,1,ACCEPT,26.5472,2.6303,6439,7,9,0.0261,179.59,1061.97,26.00,30.16,174.50,1060.50,13.00,15.00,0.2487,5.30,1,0,3.2566,ACCEPT,0,4126,85,13873,0,0,6439,0,0,0,0
65,0,1,1,ACCEPT,27.7192,2.6854,6206,7,9,0.0032,185.28,1070.41,26.00,30.16,179.50,1067.50,13.00,15.00,0.2487,6.47,1,0,3.1884,ACCEPT,0,3385,99,14115,0,0,6206,0,0,0,0
66,0,1,1,ACCEPT,31.2397,4.0480,7505,0,7,0.0953,185.28,1076.97,27.04,31.37,179.00,1074.50,14.00,15.00,0.2476,6.75,1,1,2.8020,ACCEPT,0,3560,120,15693,0,0,7505,0,0,0,0
67,0,1,1,ACCEPT,29.3057,4.8639,6109,-6,4,0.0061,180.22,1080.91,27.04,31.37,173.50,1078.50,15.00,15.00,0.2498,7.14,1,0,3.0130,ACCEPT,0,2868,134,13237,0,0,6109,0,0,0,0
68,0,1,1,ACCEPT,25.7250,3.6056,4608,-10,3,0.0339,171.78,1083.86,27.04,31.37,165.50,1083.50,15.00,15.00,0.2595,6.29,1,0,3.1884,ACCEPT,0,2630,124,12366,0,0,4608,0,0,0,0
69,0,1,1,ACCEPT,26.0630,3.9940,4002,-11,4,0.0532,162.50,1087.80,27.04,31.37,157.00,1086.00,14.00,14.00,0.2311,5.79,1,0,3.1275,ACCEPT,0,2117,123,10851,0,0,4002,0,0,0,0
70,0,1,1,ACCEPT,28.3198,5.0228,4415,-8,2,0.0276,155.75,1089.77,27.04,31.37,150.50,1088.00,13.00,14.00,0.2146,5.54,1,0,2.9633,ACCEPT,0,2447,135,12185,0,0,4415,0,0,0,0
71,0,1,1,ACCEPT,31.5733,5.7449,4550,-7,2,0.0684,149.84,1091.73,27.04,31.37,144.00,1090.50,14.00,15.00,0.2476,5.97,1,0,3.0937,ACCEPT,0,2263,177,12539,0,0,4550,0,0,0,0
72,0,1,1,ACCEPT,32.5614,5.6299,4853,-5,3,0.0870,145.62,1094.69,27.04,31.37,139.50,1093.50,15.00,15.00,0.2629,6.24,1,0,3.2003,ACCEPT,0,2274,184,13369,0,0,4853,0,0,0,0
73,0,1,1,ACCEPT,29.4574,5.4697,4146,-7,2,0.0724,139.72,1096.66,27.04,31.37,134.00,1094.50,14.00,15.00,0.2476,6.11,1,0,3.1618,ACCEPT,0,2376,202,14873,0,0,4146,0,0,0,0
74,0,1,1,ACCEPT,29.4457,4.9071,4544,-6,1,0.0242,134.66,1097.64,27.04,31.37,129.00,1096.00,14.00,14.00,0.2311,5.89,1,0,3.0999,ACCEPT,0,2507,206,16404,0,0,4544,0,0,0,0
75,0,1,1,ACCEPT,29.7470,5.1234,5441,-4,2,0.1079,131.28,1099.61,27.04,31.37,125.50,1098.50,15.00,15.00,0.2653,5.89,1,0,3.1852,ACCEPT,0,2650,230,17039,0,0,5441,0,0,0,0
76,0,1,1,ACCEPT,27.2991,4.0251,5128,-1,2,0.4468,130.44,1101.58,27.04,31.37,124.00,1101.00,14.00,14.00,0.2311,6.46,1,0,3.2203,ACCEPT,0,2777,300,18711,0,0,5128,0,0,0,0
77,0,1,1,ACCEPT,26.2777,3.8385,4610,-4,3,0.2156,127.06,1104.53,27.04,31.37,121.00,1104.50,14.00,13.00,0.2146,6.06,1,0,3.3236,ACCEPT,0,2579,258,15385,0,0,4610,0,0,0,0
78,0,1,1,ACCEPT,20.4807,3.7364,3288,-9,3,0.0666,119.47,1107.48,27.04,31.37,114.00,1106.00,12.00,16.00,0.2264,5.67,1,0,3.3000,ACCEPT,0,2244,183,6813,0,0,3288,0,0,0,0
79,0,1,1,ACCEPT,18.3378,3.8259,1033,-13,3,0.1452,108.50,1110.44,28.12,32.62,102.50,1107.00,11.00,12.00,0.1439,6.91,1,1,2.9671,ACCEPT,0,797,187,5818,0,0,1033,0,0,0,0
80,0,1,1,ACCEPT,13.0318,2.0988,680,-16,1,0.0471,94.50,1111.45,28.12,32.62,90.50,1108.00,11.00,12.00,0.1439,5.28,1,0,3.2605,ACCEPT,0,778,230,6389,0,0,680,0,0,0,0
81,0,1,1,ACCEPT,25.3562,3.5589,1783,-7,2,0.0589,88.38,1113.48,28.12,32.62,82.50,1110.50,11.00,11.00,0.1319,6.59,1,0,3.2794,ACCEPT,0,1142,206,16752,0,0,1783,0,0,0,0
82,0,1,1,ACCEPT,25.1922,3.9504,3820,-2,4,0.1301,86.62,1117.55,28.12,32.62,81.50,1115.50,15.00,15.00,0.2453,5.52,1,0,3.1618,ACCEPT,0,2473,253,18970,0,0,3820,0,0,0,0
83,0,1,1,ACCEPT,28.7516,3.9837,3920,-6,3,0.0334,81.38,1120.59,28.12,32.62,76.50,1120.00,13.00,16.00,0.2267,4.91,1,0,3.0834,ACCEPT,0,2250,175,17311,0,0,3920,0,0,0,0
84,0,1,1,ACCEPT,27.9161,3.7034,3759,-8,4,0.0096,74.38,1124.66,28.12,32.62,70.50,1123.00,17.00,12.00,0.2224,4.21,1,0,3.2445,ACCEPT,0,2343,150,17069,0,0,3759,0,0,0,0
85,0,1,1,ACCEPT,29.8041,3.9466,3548,-7,6,0.0730,68.25,1130.75,28.12,32.62,63.00,1128.50,12.00,13.00,0.1701,5.71,1,0,3.2549,ACCEPT,0,1976,164,18014,0,0,3548,0,0,0,0
86,0,1,1,ACCEPT,30.6956,4.2591,3880,-5,6,0.0778,63.88,1136.84,28.12,32.62,59.00,1134.50,12.00,13.00,0.1701,5.41,1,0,3.2087,ACCEPT,0,2132,176,16697,0,0,3880,0,0,0,0
87,0,1,1,ACCEPT,29.9110,4.0852,3501,-2,6,0.0471,62.12,1142.94,28.12,32.62,57.00,1140.50,12.00,13.00,0.1701,5.68,1,0,3.2631,ACCEPT,0,1855,166,15342,0,0,3501,0,0,0,0
88,0,1,1,ACCEPT,31.2654,3.7487,3490,-4,5,0.0862,58.62,1148.02,28.12,32.62,54.00,1145.00,12.00,12.00,0.1570,5.52,1,0,3.2944,ACCEPT,0,1758,122,15772,0,0,3490,0,0,0,0
89,0,1,1,ACCEPT,31.4576,3.9496,3685,-5,6,0.0510,54.25,1154.11,28.12,32.62,49.50,1152.00,13.00,12.00,0.1701,5.20,1,0,3.1643,ACCEPT,0,1881,117,15687,0,0,3685,0,0,0,0
90,0,1,1,ACCEPT,27.9608,3.8947,3439,1,7,0.2463,55.12,1161.22,28.12,32.62,49.50,1158.50,13.00,13.00,0.1842,6.25,1,0,3.0057,ACCEPT,0,1941,168,12904,0,0,3439,0,0,0,0
91,0,1,1,ACCEPT,30.3750,4.3678,3848,-1,6,0.1515,54.25,1167.31,28.12,32.62,49.00,1164.50,12.00,13.00,0.1701,5.96,1,0,3.2203,ACCEPT,0,2014,108,11991,0,0,3848,0,0,0,0
92,0,1,1,ACCEPT,31.6821,4.7232,4095,-1,5,0.1028,53.38,1172.39,28.12,32.62,47.50,1170.50,15.00,17.00,0.2780,6.17,1,0,3.2419,ACCEPT,0,2210,85,12514,0,0,4095,0,0,0,0
93,0,1,1,ACCEPT,31.4605,5.0232,4114,-2,6,0.1164,51.62,1178.48,29.25,33.93,44.50,1175.50,15.00,17.00,0.2570,7.72,1,1,2.9885,ACCEPT,0,2100,107,15055,0,0,4114,0,0,0,0
94,0,1,1,ACCEPT,26.5557,3.9838,4418,-3,5,0.1195,48.91,1183.80,29.25,33.93,42.00,1180.50,14.00,15.00,0.2116,7.65,1,0,3.1697,ACCEPT,0,2421,130,14924,0,0,4418,0,0,0,0
95,0,1,1,ACCEPT,27.1764,4.6295,4361,2,5,0.1392,50.72,1189.11,29.25,33.93,44.50,1186.50,13.00,15.00,0.1965,6.74,1,0,3.0102,ACCEPT,0,2406,108,14612,0,0,4361,0,0,0,0
96,0,1,1,ACCEPT,24.8391,3.5062,4530,3,6,0.1241,53.44,1195.48,30.42,35.28,45.50,1194.00,11.00,16.00,0.1640,8.08,1,1,2.8951,ACCEPT,0,2692,129,14076,0,0,4530,0,0,0,0
97,0,1,1,ACCEPT,23.8973,3.7033,3607,4,6,0.1134,57.25,1202.14,31.63,36.69,50.00,1199.50,10.00,15.00,0.1292,7.72,1,1,2.8157,ACCEPT,0,2416,105,13809,0,0,3607,0,0,0,0
98,0,1,1,ACCEPT,23.8225,3.7976,3114,5,5,0.1301,62.17,1207.84,31.63,36.69,55.00,1206.50,12.00,15.00,0.1551,7.30,1,0,2.9772,ACCEPT,0,2076,100,16022,0,0,3114,0,0,0,0
99,0,1,1,ACCEPT,22.5580,3.7237,2871,7,5,0.1407,69.06,1213.55,31.63,36.69,61.50,1213.50,11.00,15.00,0.1421,7.56,1,0,2.7304,ACCEPT,0,1860,99,16169,0,0,2871,0,0,0,0
100,0,1,1,ACCEPT,20.1224,2.9712,3096,11,5,0.0174,79.89,1219.25,30.42,35.28,73.50,1219.50,15.00,17.00,0.2376,6.40,1,-1,2.2867,ACCEPT,0,2263,88,17955,0,0,3096,0,0,0,0
101,0,1,1,ACCEPT,20.4870,3.0908,3437,15,6,0.0480,94.19,1225.91,29.25,33.93,88.00,1225.50,10.00,15.00,0.1512,6.20,1,-1,2.5144,ACCEPT,0,2564,107,13283,0,0,3437,0,0,0,0
102,0,1,1,ACCEPT,17.9586,2.0616,3649,17,6,0.0096,109.59,1232.28,30.42,35.28,102.50,1231.50,11.00,19.00,0.1947,7.14,1,1,2.4063,ACCEPT,0,2932,106,11363,0,0,3649,0,0,0,0
103,0,1,1,ACCEPT,18.3749,2.0423,3474,14,4,0.0818,122.94,1236.72,30.42,35.28,116.50,1236.50,9.00,15.00,0.1258,6.44,1,0,2.5677,ACCEPT,0,2708,147,7290,0,0,3474,0,0,0,0
104,0,1,1,ACCEPT,21.7643,3.2355,3242,16,4,0.0342,138.19,1241.16,30.42,35.28,131.00,1241.50,8.00,17.00,0.1267,7.20,1,0,2.5908,ACCEPT,0,2366,155,6440,0,0,3242,0,0,0,0
105,0,1,1,ACCEPT,19.0433,2.3033,2734,17,4,0.0066,154.39,1245.59,30.42,35.28,147.00,1246.50,8.00,19.00,0.1416,7.45,1,0,2.6944,ACCEPT,0,2190,182,5698,0,0,2734,0,0,0,0
106,0,1,1,ACCEPT,19.6841,2.5019,2602,17,3,0.0161,170.59,1248.92,30.42,35.28,163.50,1251.00,7.00,20.00,0.1305,7.39,1,0,2.7301,ACCEPT,0,2044,174,4830,0,0,2602,0,0,0,0
107,0,1,1,ACCEPT,24.6761,4.0777,2781,15,4,0.0690,184.89,1253.36,30.42,35.28,179.00,1253.50,6.00,19.00,0.1062,5.89,1,0,2.7861,ACCEPT,0,1940,193,3578,0,0,2781,0,0,0,0
108,0,1,1,ACCEPT,27.6509,4.1205,2188,16,4,0.0233,200.14,1257.80,30.42,35.28,194.00,1257.50,6.00,19.00,0.1062,6.15,1,0,2.8003,ACCEPT,0,1360,229,4070,0,0,2188,0,0,0,0
109,0,1,1,ACCEPT,20.7949,2.3795,2270,18,2,0.0062,217.30,1260.02,30.42,35.28,211.00,1260.50,6.00,19.00,0.1062,6.32,1,0,2.7713,ACCEPT,0,2019,215,3462,0,0,2270,0,0,0,0
110,0,1,1,ACCEPT,21.1253,3.0229,1321,21,4,0.0454,237.31,1264.45,30.42,35.28,231.00,1264.00,6.00,18.00,0.1006,6.33,1,0,2.8903,ACCEPT,0,1060,131,5239,0,0,1321,0,0,0,0
111,0,1,1,ACCEPT,22.6877,3.3881,2104,21,2,0.0204,257.33,1266.67,30.42,35.28,251.00,1265.50,6.00,19.00,0.1062,6.44,1,0,2.7564,ACCEPT,0,1636,139,5882,0,0,2104,0,0,0,0
112,0,1,1,ACCEPT,20.7151,2.2948,2047,19,1,0.0405,275.44,1267.78,31.63,36.69,269.00,1268.50,6.00,21.00,0.1086,6.48,1,1,2.5212,ACCEPT,0,1812,229,3398,0,0,2047,0,0,0,0
113,0,1,1,ACCEPT,20.2836,2.2249,1751,16,0,0.0440,291.19,1267.78,31.63,36.69,284.50,1269.00,5.00,20.00,0.0862,6.80,1,0,2.7261,ACCEPT,0,1546,149,3557,0,0,1751,0,0,0,0
114,0,1,1,ACCEPT,20.2118,2.5428,1902,13,0,0.0678,303.98,1267.78,31.63,36.69,296.50,1268.50,5.00,21.00,0.0905,7.52,1,0,2.4401,ACCEPT,0,1617,275,5110,0,0,1902,0,0,0,0
115,0,1,1,ACCEPT,20.5812,2.8074,4621,8,-2,0.0145,311.86,1265.50,31.63,36.69,305.50,1268.00,5.00,22.00,0.0948,6.83,1,0,2.7162,ACCEPT,0,3658,213,8866,0,0,4621,0,0,0,0
116,0,1,1,ACCEPT,22.3760,3.1345,6341,5,-2,0.2061,316.78,1263.22,31.63,36.69,310.50,1265.50,5.00,19.00,0.0818,6.68,1,0,2.8853,ACCEPT,0,4907,332,9429,0,0,6341,0,0,0,0
117,0,1,1,ACCEPT,25.5584,4.3362,8113,3,-1,0.3573,319.73,1262.08,31.63,36.69,314.00,1262.00,6.00,18.00,0.0930,5.73,1,0,2.9112,ACCEPT,0,4984,241,15235,0,0,8113,0,0,0,0
118,0,1,1,ACCEPT,24.1740,4.5380,9026,3,-3,0.3247,322.69,1258.66,31.63,36.69,317.00,1259.00,6.00,22.00,0.1137,5.70,1,0,2.8030,ACCEPT,0,6557,321,11297,0,0,9026,0,0,0,0
119,0,1,1,ACCEPT,21.3227,2.8343,9475,3,-4,0.2236,325.64,1254.09,31.63,36.69,319.00,1254.00,6.00,22.00,0.1137,6.64,1,0,2.6866,ACCEPT,0,7081,232,19738,0,0,9475,0,0,0,0
120,0,1,1,ACCEPT,25.2494,3.7516,11101,3,-4,0.1623,328.59,1249.53,31.63,36.69,323.50,1249.50,7.00,21.00,0.1266,5.09,1,0,2.9074,ACCEPT,0,7622,234,17861,0,0,11101,0,0,0,0
121,0,1,1,ACCEPT,25.8843,3.6489,11173,5,-5,0.0171,333.52,1243.83,31.63,36.69,327.00,1243.50,6.00,23.00,0.1189,6.52,1,0,2.8512,ACCEPT,0,7258,156,20726,0,0,11173,0,0,0,0
122,0,1,1,ACCEPT,24.2337,2.5281,9584,6,-6,0.1179,339.42,1236.98,31.63,36.69,333.50,1237.00,7.00,20.00,0.1206,5.92,1,0,2.8578,ACCEPT,0,6460,166,18917,0,0,9584,0,0,0,0
123,0,1,1,ACCEPT,25.0413,2.7543,9315,9,-7,0.1267,348.28,1229.00,32.90,38.16,342.00,1230.00,8.00,22.00,0.1402,6.36,1,1,2.4662,ACCEPT,0,6077,162,19548,0,0,9315,0,0,0,0
124,0,1,1,ACCEPT,28.9500,5.1006,9181,9,-6,0.1364,357.56,1221.88,34.21,39.69,350.00,1221.50,8.00,23.00,0.1355,7.57,1,1,2.2627,ACCEPT,0,5922,312,10286,0,0,9181,0,0,0,0
125,0,1,1,ACCEPT,27.4610,4.4017,9600,7,-7,0.1373,365.00,1213.23,34.21,39.69,359.00,1212.50,8.00,21.00,0.1237,6.04,1,0,2.8892,ACCEPT,0,6352,302,10297,0,0,9600,0,0,0,0
126,0,1,1,ACCEPT,26.3665,3.4377,9182,11,-7,0.0741,376.69,1204.59,35.58,41.28,369.50,1203.50,9.00,23.00,0.1409,7.27,1,1,2.6818,ACCEPT,0,5961,235,13967,0,0,9182,0,0,0,0
127,0,1,1,ACCEPT,32.1164,5.7130,9495,8,-8,0.0791,385.56,1194.22,35.58,41.28,378.50,1195.00,9.00,22.00,0.1348,7.11,1,0,2.9303,ACCEPT,0,5289,175,14284,0,0,9495,0,0,0,0
128,0,1,1,ACCEPT,32.8241,4.9606,10204,7,-6,0.0920,393.33,1186.44,35.58,41.28,387.00,1186.50,8.00,23.00,0.1253,6.33,1,0,2.9795,ACCEPT,0,5892,180,14260,0,0,10204,0,0,0,0
129,0,1,1,ACCEPT,29.2316,5.4331,8644,9,-6,0.0632,403.31,1178.66,35.58,41.28,396.50,1176.50,9.00,25.00,0.1532,7.15,1,0,2.9901,ACCEPT,0,5374,228,8946,0,0,8644,0,0,0,0
130,0,1,1,ACCEPT,27.1142,4.1629,7464,10,-8,0.0552,414.41,1168.28,35.58,41.28,406.50,1169.00,9.00,22.00,0.1348,7.94,1,0,2.7606,ACCEPT,0,4635,179,14614,0,0,7464,0,0,0,0
131,0,1,1,ACCEPT,31.0851,5.1455,8202,11,-7,0.0486,426.61,1159.20,35.58,41.28,418.50,1159.00,9.00,22.00,0.1348,8.11,1,0,2.7671,ACCEPT,0,4918,143,17184,0,0,8202,0,0,0,0
132,0,1,1,ACCEPT,26.4033,4.1136,7787,11,-8,0.0673,438.81,1148.83,35.58,41.28,431.50,1149.50,9.00,21.00,0.1287,7.34,1,0,2.8170,ACCEPT,0,5053,178,13144,0,0,7787,0,0,0,0
133,0,1,1,ACCEPT,26.0004,4.4086,8557,9,-6,0.0517,448.80,1141.05,35.58,41.28,442.00,1141.50,10.00,21.00,0.1430,6.81,1,0,2.8801,ACCEPT,0,5256,150,16205,0,0,8557,0,0,0,0
134,0,1,1,ACCEPT,30.0429,4.3272,8399,6,-5,0.0112,455.45,1134.56,35.58,41.28,448.00,1134.50,10.00,21.00,0.1430,7.45,1,0,2.9433,ACCEPT,0,5006,155,16404,0,0,8399,0,0,0,0
135,0,1,1,ACCEPT,25.2162,4.3884,6938,4,-4,0.1348,459.89,1129.38,37.01,42.93,451.50,1130.50,11.00,25.00,0.1731,8.47,1,1,2.6301,ACCEPT,0,5166,169,12626,0,0,6938,0,0,0,0
136,0,1,1,ACCEPT,23.5347,3.5008,6193,4,-3,0.1511,464.52,1125.34,37.01,42.93,457.00,1125.00,12.00,22.00,0.1662,7.52,1,0,3.0824,ACCEPT,0,4303,155,13911,0,0,6193,0,0,0,0
137,0,1,1,ACCEPT,26.2377,4.4842,5964,4,-4,0.0781,469.14,1119.97,37.01,42.93,461.50,1120.00,11.00,22.00,0.1523,7.64,1,0,3.0186,ACCEPT,0,4130,179,11174,0,0,5964,0,0,0,0
138,0,1,1,ACCEPT,25.1045,4.7218,5992,4,-4,0.0668,473.77,1114.59,37.01,42.93,466.00,1115.00,12.00,22.00,0.1662,7.78,1,0,2.9780,ACCEPT,0,4247,198,11842,0,0,5992,0,0,0,0
139,0,1,1,ACCEPT,23.0895,4.1299,5278,4,-3,0.1859,478.39,1110.56,37.01,42.93,470.00,1110.00,12.00,20.00,0.1511,8.41,1,0,3.0394,ACCEPT,0,4338,189,13341,0,0,5278,0,0,0,0
140,0,1,1,ACCEPT,25.4708,4.4943,5964,3,-3,0.1749,481.86,1106.53,38.49,44.64,473.00,1106.50,12.00,21.00,0.1467,8.86,1,1,2.8727,ACCEPT,0,5188,205,14466,0,0,5964,0,0,0,0
141,0,1,1,ACCEPT,19.4900,3.4831,5061,0,-3,0.4363,481.86,1102.36,38.49,44.64,473.50,1104.50,11.00,21.00,0.1344,8.63,1,0,2.9208,ACCEPT,0,5697,244,14164,0,0,5061,0,0,0,0
142,0,1,1,ACCEPT,17.8062,3.3086,4589,-1,0,0.8662,480.66,1102.36,38.49,44.64,473.00,1102.00,14.00,20.00,0.1630,7.66,1,0,3.1370,ACCEPT,0,5378,259,16297,0,0,4589,0,0,0,0
143,0,1,1,ACCEPT,19.6784,3.1382,4974,-3,-1,0.3906,477.05,1100.97,38.49,44.64,470.00,1100.50,12.00,21.00,0.1467,7.06,1,0,2.8448,ACCEPT,0,5560,269,12597,0,0,4974,0,0,0,0
144,0,1,1,ACCEPT,17.7330,3.5857,4665,-2,-1,0.5220,474.64,1099.58,38.49,44.64,466.50,1099.50,11.00,21.00,0.1344,8.14,1,0,3.1867,ACCEPT,0,5536,271,11406,0,0,4665,0,0,0,0
145,0,1,1,ACCEPT,15.4534,3.2925,4412,-4,-2,0.3139,469.83,1096.80,38.49,44.64,462.00,1096.00,10.00,18.00,0.1048,7.87,1,0,2.8096,ACCEPT,0,6046,296,8466,0,0,4412,0,0,0,0
146,0,1,1,ACCEPT,18.7722,3.0779,4940,-3,-1,0.3180,466.22,1095.41,38.49,44.64,458.00,1095.50,12.00,19.00,0.1327,8.22,1,0,3.0163,ACCEPT,0,5415,269,8811,0,0,4940,0,0,0,0
147,0,1,1,ACCEPT,19.7976,3.8303,5416,-1,-2,0.6697,465.02,1092.62,38.49,44.64,456.50,1093.50,11.00,19.00,0.1216,8.56,1,0,2.9400,ACCEPT,0,5928,284,8989,0,0,5416,0,0,0,0
148,0,1,1,ACCEPT,16.5435,3.0847,4297,-1,-3,0.3563,463.81,1088.45,38.49,44.64,456.50,1089.00,11.00,18.00,0.1152,7.33,1,0,3.1298,ACCEPT,0,5351,254,8340,0,0,4297,0,0,0,0
149,0,1,1,ACCEPT,14.0451,3.0291,3644,-1,-2,0.6507,462.61,1085.67,37.01,42.93,454.00,1084.50,12.00,21.00,0.1586,8.69,1,-1,2.8131,ACCEPT,0,5381,292,8901,0,0,3644,0,0,0,0
150,0,1,1,ACCEPT,16.4375,3.3012,4011,-1,-4,0.1159,461.45,1080.30,37.01,42.93,453.50,1079.50,13.00,21.00,0.1719,7.99,1,0,3.1446,ACCEPT,0,5066,279,8571,0,0,4011,0,0,0,0
151,0,1,1,ACCEPT,16.1857,2.7697,3836,-2,-3,0.3097,459.14,1076.27,37.01,42.93,451.50,1074.50,11.00,21.00,0.1454,7.84,1,0,3.1858,ACCEPT,0,4826,278,8199,0,0,3836,0,0,0,0
152,0,1,1,ACCEPT,16.7016,3.7252,3647,1,-5,0.2122,460.30,1069.55,37.01,42.93,453.00,1067.00,12.00,22.00,0.1662,7.73,1,0,3.2722,ACCEPT,0,4287,322,9493,0,0,3647,0,0,0,0
153,0,1,1,ACCEPT,17.8580,2.9562,5197,1,-5,0.0119,461.45,1062.83,38.49,44.64,453.00,1061.50,14.00,21.00,0.1711,8.56,1,1,2.9245,ACCEPT,0,5637,311,9544,0,0,5197,0,0,0,0
154,0,1,1,ACCEPT,14.8808,3.2718,4057,-1,-5,0.0279,460.25,1055.88,38.49,44.64,452.50,1056.00,13.00,16.00,0.1211,7.75,1,0,3.0202,ACCEPT,0,5183,305,10558,0,0,4057,0,0,0,0
155,0,1,1,ACCEPT,17.7282,4.5530,5286,-1,-4,0.1090,459.05,1050.31,38.49,44.64,451.50,1051.50,11.00,19.00,0.1216,7.64,1,0,2.9438,ACCEPT,0,5546,273,11942,0,0,5286,0,0,0,0
156,0,1,1,ACCEPT,14.7088,3.1901,5235,0,-3,0.2588,459.05,1046.14,38.49,44.64,450.50,1045.50,13.00,21.00,0.1589,8.57,1,0,3.0538,ACCEPT,0,5945,275,11457,0,0,5235,0,0,0,0
157,0,1,1,ACCEPT,10.6601,2.2285,4310,-2,-4,0.3074,456.64,1040.58,37.01,42.93,449.00,1039.00,10.00,20.00,0.1259,7.80,1,-1,2.7367,ACCEPT,0,6262,250,11149,0,0,4310,0,0,0,0
158,0,1,1,ACCEPT,9.6866,1.8235,4008,-3,-5,0.5631,453.17,1033.86,38.49,44.64,446.00,1034.50,12.00,21.00,0.1467,7.20,1,1,2.6324,ACCEPT,0,6531,215,8696,0,0,4008,0,0,0,0
159,0,1,1,ACCEPT,11.9136,2.6092,4741,-4,-3,0.1803,448.36,1029.69,38.49,44.64,442.50,1031.50,11.00,23.00,0.1472,6.13,1,0,2.8345,ACCEPT,0,6718,182,7580,0,0,4741,0,0,0,0
160,0,1,1,ACCEPT,13.3038,2.8121,4713,-3,-3,0.4443,444.75,1025.52,38.49,44.64,438.00,1027.00,12.00,24.00,0.1676,6.91,1,0,2.8737,ACCEPT,0,6027,282,7201,0,0,4713,0,0,0,0
161,0,1,1,ACCEPT,12.7844,2.3277,4979,-2,-3,0.5049,442.34,1021.34,38.49,44.64,435.50,1020.50,13.00,21.00,0.1589,6.90,1,0,2.8990,ACCEPT,0,6570,187,9519,0,0,4979,0,0,0,0
162,0,1,1,ACCEPT,11.4254,2.0469,4493,-2,-3,0.6178,439.94,1017.17,38.49,44.64,433.00,1016.00,12.00,20.00,0.1397,7.04,1,0,2.8789,ACCEPT,0,6260,181,11901,0,0,4493,0,0,0,0
163,0,1,1,ACCEPT,12.6969,3.0635,5116,-3,-4,0.3086,436.33,1011.61,38.49,44.64,430.00,1012.50,14.00,23.00,0.1874,6.39,1,0,2.8168,ACCEPT,0,6381,221,10270,0,0,5116,0,0,0,0
164,0,1,1,ACCEPT,18.3448,3.3855,6683,-2,-4,0.1893,433.92,1006.05,38.49,44.64,425.50,1006.00,11.00,20.00,0.1280,8.42,1,0,2.8500,ACCEPT,0,5750,186,13332,0,0,6683,0,0,0,0
165,0,1,1,ACCEPT,19.6315,3.6213,7163,-1,-2,0.6140,432.72,1003.27,38.49,44.64,425.00,1002.50,14.00,21.00,0.1711,7.76,1,0,2.9070,ACCEPT,0,5761,185,7219,0,0,7163,0,0,0,0
166,0,1,1,ACCEPT,19.6717,4.1480,4932,-1,-4,0.2090,431.52,997.70,37.01,42.93,426.50,998.00,13.00,24.00,0.1964,5.02,1,-1,2.3555,ACCEPT,0,3950,188,10122,0,0,4932,0,0,0,0
167,0,1,1,ACCEPT,20.5337,3.9366,7389,0,-4,0.0780,431.52,992.33,37.01,42.93,425.00,994.00,12.00,20.00,0.1511,6.73,1,0,2.4951,ACCEPT,0,5592,176,12093,0,0,7389,0,0,0,0
168,0,1,1,ACCEPT,22.6444,4.3166,8508,1,-3,0.2358,432.67,988.30,37.01,42.93,425.50,988.50,13.00,23.00,0.1882,7.17,1,0,2.8385,ACCEPT,0,6087,179,5019,0,0,8508,0,0,0,0
169,0,1,1,ACCEPT,22.0906,3.9420,3871,0,-3,0.3270,432.67,984.27,35.58,41.28,426.50,985.00,9.00,20.00,0.1226,6.22,1,-1,2.5188,ACCEPT,0,2693,154,7375,0,0,3871,0,0,0,0
170,0,1,1,ACCEPT,21.8904,3.7462,5181,0,-3,0.3588,432.67,980.38,35.58,41.28,426.00,979.50,12.00,23.00,0.1879,6.73,1,0,2.6790,ACCEPT,0,4070,156,5509,0,0,5181,0,0,0,0
171,0,1,1,ACCEPT,25.2831,4.6418,4549,-1,-3,0.4003,431.56,976.48,34.21,39.69,425.00,977.00,12.00,22.00,0.1944,6.58,1,-1,2.4692,ACCEPT,0,3118,161,9013,0,0,4549,0,0,0,0
172,0,1,1,ACCEPT,22.0059,3.4989,6452,-1,-3,0.4811,430.50,972.78,34.21,39.69,425.50,973.00,11.00,22.00,0.1782,5.00,1,0,2.8836,ACCEPT,0,5265,144,7678,0,0,6452,0,0,0,0
173,0,1,1,ACCEPT,25.7775,3.8640,4432,-4,-3,0.2744,426.25,969.08,34.21,39.69,421.00,970.00,8.00,20.00,0.1178,5.33,1,0,2.6860,ACCEPT,0,3359,160,12577,0,0,4432,0,0,0,0
174,0,1,1,ACCEPT,21.7520,2.6350,6374,-3,-3,0.3525,423.06,965.38,34.21,39.69,416.50,966.00,9.00,24.00,0.1591,6.59,1,0,2.5897,ACCEPT,0,5368,159,10465,0,0,6374,0,0,0,0
175,0,1,1,ACCEPT,21.2372,3.2386,5347,-3,-2,0.2542,419.88,962.91,35.58,41.28,413.50,963.00,11.00,26.00,0.1947,6.38,1,1,2.5013,ACCEPT,0,4577,144,9016,0,0,5347,0,0,0,0
176,0,1,1,ACCEPT,21.3945,4.3503,4868,-4,-2,0.1311,415.44,960.31,35.58,41.28,409.50,960.50,11.00,25.00,0.1872,5.94,1,0,2.9187,ACCEPT,0,4299,135,2887,0,0,4868,0,0,0,0
177,0,1,1,ACCEPT,18.8343,2.9037,1507,-4,-2,0.1108,411.00,957.72,35.58,41.28,404.00,958.00,12.00,26.00,0.2124,7.01,1,0,2.8521,ACCEPT,0,1417,136,8616,0,0,1507,0,0,0,0
178,0,1,1,ACCEPT,16.5873,2.3508,4979,-5,-2,0.0173,405.45,955.12,35.58,41.28,400.50,956.50,11.00,25.00,0.1872,5.14,1,0,2.8878,ACCEPT,0,5446,149,3819,0,0,4979,0,0,0,0
179,0,1,1,ACCEPT,11.6626,1.3433,1800,-5,0,0.2394,399.91,955.12,35.58,41.28,394.00,954.00,12.00,28.00,0.2288,6.01,1,0,3.1279,ACCEPT,0,2374,124,6131,0,0,1800,0,0,0,0
180,0,1,1,ACCEPT,10.5288,1.0640,1995,-7,-2,0.0421,392.14,952.53,34.21,39.69,386.50,955.00,9.00,22.00,0.1458,6.16,1,-1,2.7162,ACCEPT,0,3107,100,3182,0,0,1995,0,0,0,0
181,0,1,1,ACCEPT,18.8469,2.2440,1876,-6,-2,0.0805,385.77,950.06,34.21,39.69,379.00,949.50,10.00,19.00,0.1399,6.79,1,0,2.9011,ACCEPT,0,1877,136,12038,0,0,1876,0,0,0,0
182,0,1,1,ACCEPT,19.3112,2.7602,5664,-6,0,0.0487,379.39,950.06,34.21,39.69,373.00,950.00,12.00,24.00,0.2121,6.39,1,0,2.9114,ACCEPT,0,5807,114,11350,0,0,5664,0,0,0,0
183,0,1,1,ACCEPT,13.4850,1.7028,4480,-2,2,0.4136,377.27,952.53,34.21,39.69,370.00,947.50,8.00,23.00,0.1355,8.84,1,0,2.8060,ACCEPT,0,6574,171,14513,0,0,4480,0,0,0,0
184,0,1,1,ACCEPT,17.3789,2.2020,6062,-4,1,0.1109,373.02,953.77,34.21,39.69,365.00,945.50,10.00,23.00,0.1694,11.51,1,0,2.7971,ACCEPT,0,6672,127,9764,0,0,6062,0,0,0,0
185,0,1,1,ACCEPT,14.5623,1.9279,3638,-4,2,0.0335,368.77,956.23,34.21,39.69,360.00,942.00,12.00,26.00,0.1544,16.72,1,0,2.8374,ACCEPT,0,4811,113,8293,0,0,3638,0,0,0,0
186,0,1,1,ACCEPT,17.1034,2.4761,3313,-5,0,0.0148,363.45,956.23,34.21,39.69,355.50,938.00,13.00,24.00,0.1185,19.89,1,0,3.0321,ACCEPT,0,3783,122,6968,0,0,3313,0,0,0,0
187,0,1,1,ACCEPT,19.4202,3.4187,3658,-1,0,0.9634,362.39,956.23,34.21,39.69,355.50,933.00,11.00,22.00,0.0552,24.23,1,0,2.9747,ACCEPT,0,3605,209,8176,0,0,3658,0,0,0,0
188,0,1,1,ACCEPT,23.4239,4.0345,5261,0,0,1.0000,362.39,956.23,34.21,39.69,355.50,929.00,9.00,26.00,0.0328,28.09,1,0,3.0556,ACCEPT,0,4249,222,6300,0,0,5261,0,0,0,0
189,0,1,1,ACCEPT,25.8237,4.9183,4574,0,0,1.0000,362.39,956.23,34.21,39.69,353.00,924.00,12.00,28.00,0.0115,33.57,1,0,3.0539,ACCEPT,0,3431,213,7121,0,0,4574,0,0,0,0
190,0,1,1,ACCEPT,28.8696,5.2846,4698,-4,0,0.2448,358.14,956.23,34.21,39.69,349.50,920.50,9.00,23.00,0.0000,36.76,1,0,2.9597,ACCEPT,0,3344,164,6450,0,0,4698,0,0,0,0
191,0,1,1,ACCEPT,26.5175,5.3657,3375,-5,2,0.0599,352.83,958.70,34.21,39.69,344.50,918.00,9.00,24.00,0.0000,41.55,1,0,3.0525,ACCEPT,0,2711,149,8245,0,0,3375,0,0,0,0
192,0,1,1,ACCEPT,30.7204,5.6786,5088,-6,1,0.0403,346.45,959.94,34.21,39.69,339.50,913.00,9.00,20.00,0.0000,47.45,1,0,2.9984,ACCEPT,0,3704,152,7122,0,0,5088,0,0,0,0
193,0,1,1,ACCEPT,31.4059,5.2338,4522,-3,1,0.3187,343.27,961.17,34.21,39.69,336.50,909.50,9.00,21.00,0.0000,52.11,1,0,2.7642,ACCEPT,0,3170,190,10422,0,0,4522,0,0,0,0
194,0,1,1,ACCEPT,31.4461,4.4013,6756,-4,1,0.2222,339.02,962.41,34.21,39.69,335.00,907.50,8.00,23.00,0.0000,55.05,1,0,3.0815,ACCEPT,0,4525,178,15084,0,0,6756,0,0,0,0
195,0,1,1,ACCEPT,31.2168,4.4576,9401,-3,1,0.3267,335.83,963.64,34.21,39.69,332.50,901.50,7.00,23.00,0.0000,62.23,1,0,3.1029,ACCEPT,0,6460,187,12858,0,0,9401,0,0,0,0
196,0,1,1,ACCEPT,32.2565,4.5959,7620,-4,-1,0.2496,331.58,962.41,34.21,39.69,331.00,896.50,8.00,25.00,0.0000,65.91,1,0,2.6106,ACCEPT,0,5236,151,7302,0,0,7620,0,0,0,0
197,0,1,1,ACCEPT,32.2601,4.4161,4765,-4,1,0.1547,327.33,963.64,34.21,39.69,330.50,891.50,7.00,23.00,0.0000,72.21,1,0,3.0037,ACCEPT,0,3175,177,12192,0,0,4765,0,0,0,0
198,0,1,1,ACCEPT,34.3759,4.9643,8201,-2,-1,0.7044,325.20,962.41,34.21,39.69,331.00,885.50,8.00,27.00,0.0000,77.12,1,0,2.7632,ACCEPT,0,5236,200,6131,0,0,8201,0,0,0,0
199,0,1,1,ACCEPT,33.1705,4.8656,4418,-1,1,0.8771,324.14,963.64,34.21,39.69,332.50,881.50,7.00,27.00,0.0000,82.56,1,0,3.0340,ACCEPT,0,2751,207,6601,0,0,4418,0,0,0,0
200,0,1,1,ACCEPT,35.6008,5.0223,4731,-1,-2,0.6506,323.08,961.17,34.21,39.69,334.50,873.50,9.00,27.00,0.0000,88.41,1,0,2.9272,ACCEPT,0,2911,202,11778,0,0,4731,0,0,0,0
201,0,1,1,ACCEPT,37.6617,6.0343,9148,-1,0,0.9293,322.02,961.17,34.21,39.69,336.00,865.00,8.00,28.00,0.0000,97.18,1,0,3.0510,ACCEPT,0,5203,217,6914,0,0,9148,0,0,0,0
202,0,1,1,ACCEPT,36.2595,5.4701,4934,-2,0,0.5632,319.89,961.17,34.21,39.69,335.50,861.00,7.00,26.00,0.0000,101.38,1,0,3.0650,ACCEPT,0,2824,176,9672,0,0,4934,0,0,0,0
203,0,1,1,ACCEPT,37.4899,6.0875,6398,-3,-1,0.3140,316.70,959.94,34.21,39.69,335.50,853.50,9.00,27.00,0.0000,108.08,1,0,2.9772,ACCEPT,0,3534,167,5894,0,0,6398,0,0,0,0
204,0,1,1,ACCEPT,33.7211,5.8964,3815,-4,0,0.1119,312.45,959.94,34.21,39.69,333.00,846.00,10.00,28.00,0.0000,115.78,1,0,2.9088,ACCEPT,0,2608,163,9428,0,0,3815,0,0,0,0
205,0,1,1,ACCEPT,37.9524,6.3556,6095,-3,-1,0.2379,309.27,958.70,34.21,39.69,331.50,839.50,9.00,27.00,0.0000,121.26,1,0,2.7741,ACCEPT,0,3450,156,8695,0,0,6095,0,0,0,0
206,0,1,1,ACCEPT,38.9665,6.4357,5702,-4,-1,0.1163,305.02,957.47,34.21,39.69,332.50,831.50,7.00,25.00,0.0000,128.93,1,0,2.8594,ACCEPT,0,3414,162,5588,0,0,5702,0,0,0,0
207,0,1,1,ACCEPT,38.8916,6.0134,4053,0,0,1.0000,305.02,957.47,34.21,39.69,335.00,824.00,8.00,26.00,0.0000,136.80,1,0,2.8225,ACCEPT,0,2143,231,4527,0,0,4053,0,0,0,0
208,0,1,1,ACCEPT,40.6652,6.0598,3648,1,-1,0.7725,306.08,956.23,34.21,39.69,338.00,816.00,8.00,26.00,0.0000,143.82,1,0,2.8242,ACCEPT,0,1784,251,4605,0,0,3648,0,0,0,0
209,0,1,1,ACCEPT,40.1076,6.0159,3790,1,0,0.9847,307.14,956.23,34.21,39.69,341.50,808.50,9.00,25.00,0.0000,151.68,1,0,3.0940,ACCEPT,0,1875,245,6599,0,0,3790,0,0,0,0
210,0,1,1,ACCEPT,42.4498,6.1175,5310,0,0,1.0000,307.14,956.23,34.21,39.69,343.00,801.00,10.00,26.00,0.0000,159.32,1,0,3.0367,ACCEPT,0,2470,228,6696,0,0,5310,0,0,0,0
211,0,1,1,ACCEPT,42.6829,6.2021,4726,-1,0,0.8457,306.08,956.23,34.21,39.69,344.50,793.50,9.00,29.00,0.0000,167.21,1,0,3.0641,ACCEPT,0,2212,214,4592,0,0,4726,0,0,0,0
212,0,1,1,ACCEPT,40.2571,6.2509,3338,-1,0,0.8502,305.02,956.23,34.21,39.69,344.50,789.00,9.00,24.00,0.0000,171.83,1,0,3.0058,ACCEPT,0,1649,203,4905,0,0,3338,0,0,0,0
213,0,1,1,ACCEPT,38.5905,5.7635,3095,-1,1,0.7528,303.95,957.47,34.21,39.69,342.50,781.00,11.00,28.00,0.0000,180.63,1,0,3.1219,ACCEPT,0,1563,209,6386,0,0,3095,0,0,0,0
214,0,1,1,ACCEPT,40.2892,5.6819,3983,-2,1,0.6977,301.83,958.70,34.21,39.69,341.50,774.50,11.00,29.00,0.0000,188.43,1,0,2.7577,ACCEPT,0,1810,216,8227,0,0,3983,0,0,0,0
215,0,1,1,ACCEPT,40.4744,6.9067,5332,-2,1,0.6163,299.70,959.94,34.21,39.69,338.50,769.00,11.00,26.00,0.0000,194.84,1,0,2.9438,ACCEPT,0,2468,214,5963,0,0,5332,0,0,0,0
216,0,1,1,ACCEPT,36.0279,6.3528,3475,-3,2,0.2017,296.52,962.41,34.21,39.69,334.00,763.50,12.00,25.00,0.0000,202.41,1,0,2.9334,ACCEPT,0,1697,204,4708,0,0,3475,0,0,0,0
217,0,1,1,ACCEPT,34.1698,4.9492,2534,-4,2,0.0249,292.27,964.88,34.21,39.69,328.50,757.50,9.00,23.00,0.0000,210.52,1,0,2.8552,ACCEPT,0,1348,197,4453,0,0,2534,0,0,0,0
218,0,1,1,ACCEPT,35.7647,5.9322,2450,-3,2,0.1914,289.08,967.34,34.21,39.69,322.50,754.00,13.00,26.00,0.0000,215.95,1,0,2.9206,ACCEPT,0,1243,218,4188,0,0,2450,0,0,0,0
219,0,1,1,ACCEPT,37.5580,6.3632,2418,-4,3,0.0103,284.83,971.05,34.21,39.69,317.50,749.50,11.00,25.00,0.0000,223.94,1,0,3.0826,ACCEPT,0,1124,209,4284,0,0,2418,0,0,0,0
220,0,1,1,ACCEPT,34.6564,5.2057,2176,-4,3,0.0193,280.58,974.75,34.21,39.69,310.50,745.00,13.00,30.00,0.0000,231.69,1,0,3.0106,ACCEPT,0,1102,193,4249,0,0,2176,0,0,0,0
221,0,1,1,ACCEPT,36.3170,5.8715,2102,-5,2,0.0614,275.27,977.22,34.21,39.69,303.00,742.50,12.00,25.00,0.0000,236.35,1,0,2.9548,ACCEPT,0,1063,183,4175,0,0,2102,0,0,0,0
222,0,1,1,ACCEPT,36.1016,5.3855,2235,-3,3,0.0488,272.08,980.92,34.21,39.69,295.00,737.00,14.00,26.00,0.0000,245.00,1,0,3.0869,ACCEPT,0,1111,216,3911,0,0,2235,0,0,0,0
223,0,1,1,ACCEPT,39.4420,6.3547,2186,-2,2,0.1995,269.95,983.39,34.21,39.69,287.50,732.00,13.00,24.00,0.0000,252.00,1,0,2.7528,ACCEPT,0,1045,219,4283,0,0,2186,0,0,0,0
224,0,1,1,ACCEPT,37.7814,6.6116,2400,-1,3,0.2179,268.89,987.09,34.21,39.69,280.00,725.00,16.00,26.00,0.0000,262.33,1,0,2.9754,ACCEPT,0,1155,224,3355,0,0,2400,0,0,0,0
225,0,1,1,ACCEPT,40.1046,7.8007,2114,-1,2,0.3780,267.83,989.56,34.21,39.69,276.00,722.00,16.00,26.00,0.0000,267.69,1,0,2.9710,ACCEPT,0,971,225,3366,0,0,2114,0,0,0,0
226,0,1,1,ACCEPT,38.1351,6.3344,2027,0,2,0.4499,267.83,992.03,35.58,41.28,270.50,718.00,15.00,24.00,0.0000,274.04,1,1,2.6774,ACCEPT,0,975,238,3177,0,0,2027,0,0,0,0
227,0,1,1,ACCEPT,32.1327,3.9794,1739,-1,3,0.2634,266.72,995.92,35.58,41.28,266.00,714.00,18.00,22.00,0.0000,281.92,1,0,2.7244,ACCEPT,0,923,244,2931,0,0,1739,0,0,0,0
228,0,1,1,ACCEPT,33.1568,4.0297,1765,0,3,0.3371,266.72,999.81,34.21,39.69,261.50,710.00,17.00,20.00,0.0000,289.86,1,-1,2.6393,ACCEPT,0,921,253,2970,0,0,1765,0,0,0,0
229,0,1,1,ACCEPT,36.1076,4.8989,1793,1,3,0.2928,267.78,1003.52,34.21,39.69,257.50,707.00,17.00,20.00,0.0000,296.69,1,0,2.9694,ACCEPT,0,881,242,2904,0,0,1793,0,0,0,0
230,0,1,1,ACCEPT,36.8509,4.9775,1772,0,3,0.3708,267.78,1007.22,34.21,39.69,254.00,702.00,18.00,20.00,0.0000,305.53,1,0,3.0000,ACCEPT,0,877,247,3012,0,0,1772,0,0,0,0
231,0,1,1,ACCEPT,34.2022,3.9333,1770,0,3,0.1893,267.78,1010.92,34.21,39.69,252.00,700.00,20.00,20.00,0.0000,311.32,1,0,2.9614,ACCEPT,0,883,222,2889,0,0,1770,0,0,0,0
232,0,1,1,ACCEPT,35.0964,3.9718,1692,0,3,0.2015,267.78,1014.62,34.21,39.69,248.50,697.00,19.00,20.00,0.0000,318.21,1,0,2.9675,ACCEPT,0,805,242,2894,0,0,1692,0,0,0,0
233,0,1,1,ACCEPT,37.8443,4.5863,1674,0,3,0.2354,267.78,1018.33,34.21,39.69,246.00,693.50,20.00,19.00,0.0000,325.56,1,0,2.9680,ACCEPT,0,768,239,2900,0,0,1674,0,0,0,0
234,0,1,1,ACCEPT,35.6441,3.8206,1555,0,4,0.0688,267.78,1023.27,34.21,39.69,244.00,689.50,20.00,21.00,0.0000,334.61,1,0,2.8959,ACCEPT,0,745,240,3012,0,0,1555,0,0,0,0
235,0,1,1,ACCEPT,36.0070,4.1049,1605,1,4,0.1408,268.84,1028.20,34.21,39.69,242.00,687.00,20.00,20.00,0.0000,342.26,1,0,2.8012,ACCEPT,0,830,253,4026,0,0,1605,0,0,0,0
236,0,1,1,ACCEPT,36.5786,4.8139,2147,0,3,0.2925,268.84,1031.91,34.21,39.69,240.00,684.50,20.00,21.00,0.0000,348.60,1,0,2.8352,ACCEPT,0,1095,246,3058,0,0,2147,0,0,0,0
237,0,1,1,ACCEPT,36.4822,4.3218,1504,0,3,0.3491,268.84,1035.61,34.21,39.69,237.50,680.00,19.00,20.00,0.0000,356.99,1,0,2.9505,ACCEPT,0,740,245,2983,0,0,1504,0,0,0,0
238,0,1,1,ACCEPT,37.2787,4.8464,1420,-1,3,0.2845,267.78,1039.31,34.21,39.69,235.00,676.50,18.00,21.00,0.0000,364.29,1,0,3.1017,ACCEPT,0,628,225,7737,0,0,1420,0,0,0,0
239,0,1,1,ACCEPT,35.6030,5.1904,3135,-3,3,0.0332,264.59,1043.02,34.21,39.69,232.50,672.50,17.00,21.00,0.0000,371.90,1,0,3.0421,ACCEPT,0,1480,195,4927,0,0,3135,0,0,0,0
240,0,1,1,ACCEPT,37.1115,4.9381,2074,-5,2,0.0728,259.28,1045.48,34.21,39.69,230.00,667.00,18.00,22.00,0.0000,379.62,1,0,2.9589,ACCEPT,0,1078,184,3982,0,0,2074,0,0,0,0
241,0,1,1,ACCEPT,41.5540,6.6255,1769,-4,3,0.0153,255.03,1049.19,34.21,39.69,228.00,662.00,18.00,22.00,0.0000,388.13,1,0,2.9135,ACCEPT,0,786,199,8307,0,0,1769,0,0,0,0
242,0,1,1,ACCEPT,39.6377,6.8612,3657,-5,1,0.0167,249.72,1050.42,34.21,39.69,226.50,656.00,17.00,20.00,0.0000,395.10,1,0,2.9760,ACCEPT,0,1797,211,3788,0,0,3657,0,0,0,0
243,0,1,1,ACCEPT,39.9181,7.6640,1893,-3,2,0.1965,246.53,1052.89,34.21,39.69,226.00,649.50,18.00,19.00,0.0000,403.91,1,0,2.9570,ACCEPT,0,878,217,4363,0,0,1893,0,0,0,0
244,0,1,1,ACCEPT,43.3237,7.5348,2057,-2,1,0.6621,244.41,1054.12,34.21,39.69,225.50,643.00,19.00,22.00,0.0000,411.56,1,0,2.8726,ACCEPT,0,881,224,3752,0,0,2057,0,0,0,0
245,0,1,1,ACCEPT,42.2921,7.8136,1844,-1,1,0.8107,243.34,1055.36,34.21,39.69,225.50,637.00,19.00,22.00,0.0000,418.74,1,0,3.0961,ACCEPT,0,817,226,4603,0,0,1844,0,0,0,0
246,0,1,1,ACCEPT,46.6011,8.7184,2136,-4,1,0.0801,239.09,1056.59,34.21,39.69,226.00,630.00,18.00,22.00,0.0000,426.79,1,0,3.0952,ACCEPT,0,905,197,3797,0,0,2136,0,0,0,0
247,0,1,1,ACCEPT,44.7534,8.2409,1813,-3,0,0.3447,235.91,1056.59,34.21,39.69,226.00,622.50,18.00,21.00,0.0000,434.21,1,0,3.0763,ACCEPT,0,847,199,3277,0,0,1813,0,0,0,0
248,0,1,1,ACCEPT,44.8592,7.9231,1751,-2,0,0.5483,233.78,1056.59,34.21,39.69,225.00,614.50,18.00,21.00,0.0000,442.18,1,0,2.8402,ACCEPT,0,752,221,3124,0,0,1751,0,0,0,0
249,0,1,1,ACCEPT,42.8018,6.9688,1561,-4,0,0.0910,229.53,1056.59,34.21,39.69,224.50,606.50,19.00,21.00,0.0000,450.12,1,0,2.8202,ACCEPT,0,709,206,4982,0,0,1561,0,0,0,0
250,0,1,1,ACCEPT,41.2606,6.4911,2194,-6,0,0.0447,223.16,1056.59,34.21,39.69,223.00,598.00,18.00,22.00,0.0000,458.59,1,0,2.9609,ACCEPT,0,952,194,3993,0,0,2194,0,0,0,0
251,0,1,1,ACCEPT,43.3308,7.0280,2010,-5,0,0.0010,217.84,1056.59,34.21,39.69,222.50,591.00,17.00,22.00,0.0000,465.62,1,0,2.7993,ACCEPT,0,856,193,9106,0,0,2010,0,0,0,0
252,0,1,1,ACCEPT,40.6634,6.4272,3972,-7,0,0.0652,210.41,1056.59,34.21,39.69,222.50,582.50,17.00,21.00,0.0000,474.25,1,0,2.8182,ACCEPT,0,1887,169,12751,0,0,3972,0,0,0,0
253,0,1,1,ACCEPT,43.9969,6.5627,6648,-6,0,0.0366,204.03,1056.59,34.21,39.69,220.50,574.50,17.00,19.00,0.0000,482.37,1,0,2.8566,ACCEPT,0,3045,180,8850,0,0,6648,0,0,0,0
254,0,1,1,ACCEPT,42.3734,6.7732,4091,-6,0,0.0403,197.66,1056.59,34.21,39.69,220.50,567.00,17.00,20.00,0.0000,490.13,1,0,2.9234,ACCEPT,0,1971,187,6358,0,0,4091,0,0,0,0
255,0,1,1,ACCEPT,45.0429,6.7002,2794,-6,0,0.0444,191.28,1056.59,34.21,39.69,219.50,559.50,19.00,23.00,0.0000,497.89,1,0,2.9965,ACCEPT,0,1328,193,8311,0,0,2794,0,0,0,0
256,0,1,1,ACCEPT,47.7789,8.3367,4110,-4,1,0.0701,187.03,1057.83,34.21,39.69,219.00,552.00,18.00,22.00,0.0000,506.84,1,0,3.0039,ACCEPT,0,1908,202,4140,0,0,4110,0,0,0,0
257,0,1,1,ACCEPT,45.9963,6.6930,2289,-4,1,0.0760,182.78,1059.06,34.21,39.69,219.50,545.00,19.00,20.00,0.0000,515.37,1,0,3.0725,ACCEPT,0,1228,193,4248,0,0,2289,0,0,0,0
258,0,1,1,ACCEPT,46.0072,7.0430,1965,-5,1,0.0412,177.47,1060.30,34.21,39.69,221.50,539.50,19.00,21.00,0.0000,522.65,1,0,2.9910,ACCEPT,0,1008,194,11896,0,0,1965,0,0,0,0
259,0,1,1,ACCEPT,43.7383,7.4074,6400,-4,1,0.1184,173.22,1061.53,34.21,39.69,222.00,533.50,20.00,21.00,0.0000,530.28,1,0,3.1002,ACCEPT,0,2978,202,3571,0,0,6400,0,0,0,0
260,0,1,1,ACCEPT,43.1437,7.2706,1854,-3,1,0.1834,170.03,1062.77,35.58,41.28,221.00,526.50,20.00,19.00,0.0000,538.68,1,1,2.5349,ACCEPT,0,916,218,4506,0,0,1854,0,0,0,0
261,0,1,1,ACCEPT,39.1289,6.4540,2246,-4,2,0.0472,165.59,1065.36,35.58,41.28,223.00,521.50,18.00,19.00,0.0000,546.88,1,0,3.0303,ACCEPT,0,1045,216,2990,0,0,2246,0,0,0,0
262,0,1,1,ACCEPT,38.8513,6.1524,1655,-3,3,0.1227,162.27,1069.25,34.21,39.69,223.00,517.00,18.00,18.00,0.0000,555.58,1,-1,2.3526,ACCEPT,0,808,215,2859,0,0,1655,0,0,0,0
263,0,1,1,ACCEPT,46.3041,7.7746,1897,-1,2,0.3969,161.20,1071.72,34.21,39.69,224.00,512.50,18.00,17.00,0.0000,562.73,1,0,3.0153,ACCEPT,0,812,242,5431,0,0,1897,0,0,0,0
264,0,1,1,ACCEPT,45.2842,7.6234,2935,-3,3,0.1513,158.02,1075.42,34.21,39.69,224.50,508.50,19.00,19.00,0.0000,570.81,1,0,2.9853,ACCEPT,0,1369,217,3383,0,0,2935,0,0,0,0
265,0,1,1,ACCEPT,48.3369,9.0307,2059,-2,3,0.1559,155.89,1079.12,34.21,39.69,225.50,504.50,17.00,17.00,0.0000,578.83,1,0,2.9056,ACCEPT,0,880,220,2716,0,0,2059,0,0,0,0
266,0,1,1,ACCEPT,46.6555,8.9378,1725,-2,3,0.1757,153.77,1082.83,34.21,39.69,226.00,501.00,18.00,18.00,0.0000,586.29,1,0,3.0283,ACCEPT,0,773,218,2600,0,0,1725,0,0,0,0
267,0,1,1,ACCEPT,47.0492,9.3652,1667,-3,2,0.0546,150.58,1085.30,34.21,39.69,226.00,496.50,20.00,19.00,0.0000,593.61,1,0,3.0209,ACCEPT,0,824,208,2577,0,0,1667,0,0,0,0
268,0,1,1,ACCEPT,46.1369,8.3719,1666,-3,3,0.0282,147.39,1089.00,34.21,39.69,229.00,493.00,20.00,20.00,0.0000,601.56,1,0,3.0898,ACCEPT,0,814,213,2447,0,0,1666,0,0,0,0
269,0,1,1,ACCEPT,46.6534,8.0769,1575,-3,3,0.1130,144.20,1092.70,34.21,39.69,231.00,491.50,22.00,19.00,0.0000,607.44,1,0,3.0518,ACCEPT,0,805,218,2620,0,0,1575,0,0,0,0
270,0,1,1,ACCEPT,45.3836,8.0187,1716,-4,2,0.0501,139.95,1095.17,34.21,39.69,233.50,486.50,21.00,17.00,0.0000,615.82,1,0,3.1162,ACCEPT,0,904,221,2240,0,0,1716,0,0,0,0
271,0,1,1,ACCEPT,48.1626,8.6919,1495,-4,3,0.0187,135.70,1098.88,34.21,39.69,236.50,486.00,19.00,18.00,0.0000,621.11,1,0,2.9115,ACCEPT,0,600,201,2170,0,0,1495,0,0,0,0
272,0,1,1,ACCEPT,45.1445,8.0833,1358,-4,2,0.0405,131.45,1101.34,34.21,39.69,240.50,483.50,19.00,19.00,0.0000,627.39,1,0,3.2099,ACCEPT,0,612,212,2662,0,0,1358,0,0,0,0
273,0,1,1,ACCEPT,47.2566,10.1638,1799,-3,3,0.0050,128.27,1105.05,34.21,39.69,243.00,481.00,20.00,20.00,0.0000,634.51,1,0,3.1919,ACCEPT,0,767,226,3443,0,0,1799,0,0,0,0
274,0,1,1,ACCEPT,44.7415,8.7059,2072,-4,2,0.0555,124.02,1107.52,34.21,39.69,247.00,478.50,20.00,19.00,0.0000,640.93,1,0,3.0666,ACCEPT,0,891,210,2223,0,0,2072,0,0,0,0
275,0,1,1,ACCEPT,42.7886,9.1667,1210,-5,3,0.0793,118.70,1111.22,34.21,39.69,250.50,476.50,19.00,19.00,0.0000,648.26,1,0,3.1807,ACCEPT,0,499,216,2841,0,0,1210,0,0,0,0
276,0,1,1,ACCEPT,44.1569,9.5951,1564,-5,3,0.0665,113.39,1114.92,34.21,39.69,253.50,475.00,19.00,20.00,0.0000,655.08,1,0,3.0778,ACCEPT,0,648,198,4025,0,0,1564,0,0,0,0
277,0,1,1,ACCEPT,42.4727,7.9416,2311,-5,2,0.0710,108.08,1117.39,34.21,39.69,257.50,473.00,19.00,18.00,0.0000,661.49,1,0,3.0888,ACCEPT,0,1102,196,3111,0,0,2311,0,0,0,0
278,0,1,1,ACCEPT,38.0898,7.2233,1488,-7,3,0.0208,100.64,1121.09,34.21,39.69,262.50,472.00,19.00,20.00,0.0000,668.97,1,0,3.0573,ACCEPT,0,774,188,2221,0,0,1488,0,0,0,0
279,0,1,1,ACCEPT,35.7013,5.4760,1369,-7,2,0.0380,93.20,1123.56,32.90,38.16,265.50,469.50,19.00,19.00,0.0000,676.38,1,-1,2.9219,ACCEPT,0,716,192,2519,0,0,1369,0,0,0,0
280,0,1,1,ACCEPT,45.8881,10.0637,1580,-3,3,0.0494,90.11,1127.12,32.90,38.16,268.50,469.00,19.00,20.00,0.0000,681.87,1,0,3.1880,ACCEPT,0,773,226,2322,0,0,1580,0,0,0,0
281,0,1,1,ACCEPT,43.6822,9.4493,1304,-1,5,0.0138,89.08,1133.06,32.90,38.16,270.00,468.00,20.00,20.00,0.0000,689.23,1,0,3.0568,ACCEPT,0,607,251,4345,0,0,1304,0,0,0,0
282,0,1,1,ACCEPT,49.5024,8.2385,3213,1,5,0.0246,90.11,1139.00,32.90,38.16,271.50,467.00,19.00,20.00,0.0000,696.05,1,0,3.0106,ACCEPT,0,1405,259,8741,0,0,3213,0,0,0,0
283,0,1,1,ACCEPT,47.4392,8.3848,5861,2,5,0.0010,92.17,1144.94,32.90,38.16,274.50,466.50,19.00,21.00,0.0000,702.51,1,0,3.1511,ACCEPT,0,2673,263,8084,0,0,5861,0,0,0,0
284,0,1,1,ACCEPT,47.0000,7.1554,5388,2,5,0.0098,94.23,1150.88,32.90,38.16,278.00,467.00,18.00,20.00,0.0000,708.13,1,0,3.1380,ACCEPT,0,2335,276,11730,0,0,5388,0,0,0,0
285,0,1,1,ACCEPT,44.6950,7.3641,7423,1,5,0.0008,95.27,1156.81,32.90,38.16,281.50,467.00,19.00,20.00,0.0000,714.51,1,0,3.1837,ACCEPT,0,3215,264,12045,0,0,7423,0,0,0,0
286,0,1,1,ACCEPT,44.2746,6.9454,7376,2,5,0.0258,97.33,1162.75,32.90,38.16,286.00,468.00,18.00,18.00,0.0000,719.91,1,0,3.1738,ACCEPT,0,3292,267,10812,0,0,7376,0,0,0,0
287,0,1,1,ACCEPT,40.0119,6.4064,6637,3,6,0.0539,100.42,1169.88,32.90,38.16,290.00,468.50,18.00,21.00,0.0000,726.54,1,0,3.1331,ACCEPT,0,3129,281,6537,0,0,6637,0,0,0,0
288,0,1,1,ACCEPT,38.1322,5.6435,3973,3,6,0.0503,103.52,1177.00,32.90,38.16,294.00,469.00,18.00,20.00,0.0000,733.18,1,0,2.9769,ACCEPT,0,1980,273,8000,0,0,3973,0,0,0,0
289,0,1,1,ACCEPT,39.1206,6.1563,4057,1,7,0.1476,104.55,1185.31,32.90,38.16,296.00,472.00,16.00,20.00,0.0000,738.56,1,0,3.1629,ACCEPT,0,1935,259,9716,0,0,4057,0,0,0,0
290,0,1,1,ACCEPT,37.7801,6.1436,5007,3,7,0.0551,107.64,1193.62,32.90,38.16,299.50,472.50,19.00,23.00,0.0000,746.21,1,0,3.1504,ACCEPT,0,2453,262,8601,0,0,5007,0,0,0,0
291,0,1,1,ACCEPT,36.6321,6.4838,4208,4,7,0.0190,111.77,1201.94,32.90,38.16,299.50,474.00,15.00,20.00,0.0000,751.76,1,0,3.1297,ACCEPT,0,2027,281,7984,0,0,4208,0,0,0,0
292,0,1,1,ACCEPT,29.6628,3.8941,3127,3,8,0.0182,114.86,1211.44,31.63,36.69,303.00,476.00,14.00,20.00,0.0000,759.12,1,-1,2.8566,ACCEPT,0,1878,277,6935,0,0,3127,0,0,0,0
293,0,1,1,ACCEPT,34.0398,5.5927,3529,2,7,0.1499,116.83,1219.42,31.63,36.69,305.50,477.50,13.00,19.00,0.0000,765.54,1,0,3.1186,ACCEPT,0,1970,286,8432,0,0,3529,0,0,0,0
294,0,1,1,ACCEPT,33.1678,5.4235,3227,2,8,0.1271,118.80,1228.55,30.42,35.28,308.00,479.50,14.00,21.00,0.0000,772.57,1,-1,2.9311,ACCEPT,0,1676,286,8359,0,0,3227,0,0,0,0
295,0,1,1,ACCEPT,33.3231,7.1088,3462,1,6,0.0907,119.75,1235.20,30.42,35.28,310.50,481.50,15.00,19.00,0.0000,777.47,1,0,2.6880,ACCEPT,0,1858,278,7308,0,0,3462,0,0,0,0
296,0,1,1,ACCEPT,33.6967,6.8252,3201,0,8,0.0303,119.75,1244.08,30.42,35.28,311.50,483.00,15.00,20.00,0.0000,784.86,1,0,3.1971,ACCEPT,0,1744,273,6887,0,0,3201,0,0,0,0
297,0,1,1,ACCEPT,33.1744,6.2876,3345,-1,7,0.0759,118.80,1251.84,30.42,35.28,314.00,484.00,16.00,20.00,0.0000,792.27,1,0,3.1837,ACCEPT,0,1597,262,6459,0,0,3345,0,0,0,0
298,0,1,1,ACCEPT,31.6667,6.5472,3051,-3,5,0.0993,115.94,1257.39,30.42,35.28,315.50,485.00,15.00,20.00,0.0000,797.75,1,0,3.2182,ACCEPT,0,1713,241,6746,0,0,3051,0,0,0,0
299,0,1,1,ACCEPT,36.6336,7.2955,3086,-7,5,0.0609,109.27,1262.94,30.42,35.28,319.00,486.50,16.00,21.00,0.0000,804.27,1,0,3.1933,ACCEPT,0,1545,167,7268,0,0,3086,0,0,0,0
300,0,1,1,ACCEPT,36.3858,5.9463,3657,-9,3,0.0295,100.69,1266.27,30.42,35.28,323.00,485.50,14.00,19.00,0.0000,811.80,1,0,3.1615,ACCEPT,0,1909,135,8821,0,0,3657,0,0,0,0
301,0,1,1,ACCEPT,34.9597,5.9897,4630,-10,3,0.0197,91.16,1269.59,30.42,35.28,326.50,486.00,17.00,22.00,0.0000,818.17,1,0,3.1795,ACCEPT,0,2544,129,7809,0,0,4630,0,0,0,0
302,0,1,1,ACCEPT,20.1700,2.7562,3696,-7,2,0.1228,84.48,1271.81,30.42,35.28,329.00,486.00,20.00,22.00,0.0000,822.98,1,0,3.3170,ACCEPT,0,3287,149,7207,0,0,3696,0,0,0,0
303,0,1,1,ACCEPT,21.3382,3.4590,3120,-8,2,0.1093,76.86,1274.03,30.42,35.28,331.00,482.50,20.00,21.00,0.0000,831.33,1,0,3.3106,ACCEPT,0,2832,166,3223,0,0,3120,0,0,0,0
304,0,1,1,ACCEPT,14.1152,2.1922,1015,-10,3,0.1882,67.33,1277.36,30.42,35.28,330.00,480.00,12.00,16.00,0.0000,839.51,1,0,3.4297,ACCEPT,0,1473,156,2390,0,0,1015,0,0,0,0
305,0,1,1,ACCEPT,9.5074,1.3412,452,-8,4,0.2965,59.70,1281.80,30.42,35.28,332.50,480.00,13.00,20.00,0.0000,846.93,1,0,3.2930,ACCEPT,0,943,149,1819,0,0,452,0,0,0,0
306,0,1,1,ACCEPT,9.0987,1.3435,309,-8,2,0.3819,52.08,1284.02,30.42,35.28,331.00,478.00,20.00,20.00,0.0000,852.91,1,0,3.3707,ACCEPT,0,659,136,2108,0,0,309,0,0,0,0
307,0,1,1,ACCEPT,8.8135,1.4204,321,-6,3,0.0436,46.36,1287.34,30.42,35.28,330.00,475.50,16.00,23.00,0.0000,859.97,1,0,3.4581,ACCEPT,0,686,173,2130,0,0,321,0,0,0,0
308,0,1,1,ACCEPT,8.4475,1.5241,285,-6,4,0.0246,40.64,1291.78,30.42,35.28,330.50,471.00,15.00,24.00,0.0000,870.46,1,0,2.8348,ACCEPT,0,621,146,3272,0,0,285,0,0,0,0
309,0,1,1,ACCEPT,7.6375,1.1833,355,-4,3,0.1380,36.83,1295.11,30.42,35.28,330.50,470.00,13.00,22.00,0.0000,875.81,1,0,3.2873,ACCEPT,0,789,152,1588,0,0,355,0,0,0,0
310,0,1,1,ACCEPT,5.5261,1.1271,133,-4,4,0.0677,33.02,1299.55,30.42,35.28,330.00,467.50,14.00,19.00,0.0000,883.46,1,0,3.0262,ACCEPT,0,548,164,1799,0,0,133,0,0,0,0
311,0,1,1,ACCEPT,8.1790,1.0773,237,0,3,0.9536,33.02,1302.88,30.42,35.28,330.50,465.00,15.00,22.00,0.0000,889.12,1,0,3.2171,ACCEPT,0,543,251,1498,0,0,237,0,0,0,0
312,0,1,1,ACCEPT,5.2415,1.1493,77,-2,2,0.3636,31.11,1305.09,30.42,35.28,332.50,463.00,11.00,20.00,0.0000,894.40,1,0,3.2122,ACCEPT,0,358,208,1444,0,0,77,0,0,0,0
313,0,1,1,ACCEPT,5.6147,1.1136,98,8,2,0.3776,38.73,1307.31,29.25,33.93,332.50,460.00,13.00,22.00,0.0000,896.79,1,-1,2.8584,ACCEPT,0,329,135,1475,0,0,98,0,0,0,0
314,0,1,0,NEGATIVE_PEAK,-5.2960,1.0390,-80,9,0,0.2875,38.73,1307.31,29.25,33.93,334.00,457.50,14.00,19.00,0.0000,899.65,0,0,0.0000,NOT_RUN,0,303,145,0,0,0,80,0,0,0,0
315,0,1,0,NEGATIVE_PEAK,-4.2593,1.0517,-61,-12,1,0.4918,38.73,1307.31,29.25,33.93,335.00,454.50,14.00,21.00,0.0000,902.81,0,0,0.0000,NOT_RUN,0,373,141,0,0,0,61,0,0,0,0
316,0,1,0,NEGATIVE_PEAK,-5.9564,1.0172,-59,0,0,1.0000,38.73,1307.31,29.25,33.93,334.00,452.00,14.00,22.00,0.0000,904.84,0,0,0.0000,NOT_RUN,0,250,130,0,0,0,59,0,0,0,0
317,0,1,0,NEGATIVE_PEAK,-6.8217,1.0400,-78,12,1,0.2821,38.73,1307.31,29.25,33.93,336.00,451.00,12.00,22.00,0.0000,906.44,0,0,0.0000,NOT_RUN,0,214,166,0,0,0,78,0,0,0,0
318,0,1,0,LOW_PSR,4.0357,1.1053,21,15,2,0.2381,38.73,1307.31,29.25,33.93,335.50,449.00,13.00,20.00,0.0000,908.17,0,0,0.0000,NOT_RUN,0,123,169,0,0,0,21,0,0,0,0
319,0,1,1,ACCEPT,5.7137,1.0690,62,-2,2,0.6129,36.92,1309.44,29.25,33.93,337.00,450.00,14.00,22.00,0.0000,910.32,1,0,3.1122,ACCEPT,0,235,146,1830,0,0,62,0,0,0,0
320,0,1,0,LOW_PSR,4.0144,1.0286,36,14,4,0.1389,36.92,1309.44,29.25,33.93,337.50,448.50,13.00,21.00,0.0000,911.90,0,0,0.0000,NOT_RUN,0,181,127,0,0,0,36,0,0,0,0
321,0,1,0,NEGATIVE_PEAK,-4.2196,1.0735,-73,-17,1,0.5068,36.92,1309.44,29.25,33.93,337.00,449.50,14.00,21.00,0.0000,910.79,0,0,0.0000,NOT_RUN,0,354,329,0,0,0,73,0,0,0,0
322,0,1,0,NEGATIVE_PEAK,-5.9089,1.0494,-170,-3,1,0.4412,36.92,1309.44,29.25,33.93,337.50,450.00,15.00,20.00,0.0000,910.48,0,0,0.0000,NOT_RUN,0,663,293,0,0,0,170,0,0,0,0
323,0,1,0,NEGATIVE_PEAK,-5.0353,1.0292,-141,8,1,0.5461,36.92,1309.44,29.25,33.93,338.50,451.00,15.00,20.00,0.0000,909.87,0,0,0.0000,NOT_RUN,0,529,394,0,0,0,141,0,0,0,0
324,0,1,0,NEGATIVE_PEAK,-6.3885,1.0471,-89,14,1,0.1124,36.92,1309.44,29.25,33.93,338.00,452.50,12.00,17.00,0.0000,908.29,0,0,0.0000,NOT_RUN,0,236,327,0,0,0,89,0,0,0,0
325,0,1,1,ACCEPT,6.0130,1.0938,210,12,2,0.0286,47.80,1311.56,29.25,33.93,339.00,454.50,12.00,17.00,0.0000,905.18,1,0,3.4786,ACCEPT,0,696,321,1225,0,0,210,0,0,0,0
326,0,1,1,ACCEPT,5.8833,1.1071,93,1,2,0.8817,48.70,1313.69,29.25,33.93,339.50,455.50,11.00,17.00,0.0000,906.12,1,0,3.2039,ACCEPT,0,325,138,1728,0,0,93,0,0,0,0
327,0,1,0,NEGATIVE_PEAK,-6.8372,1.0735,-146,9,1,0.2466,48.70,1313.69,29.25,33.93,340.00,457.00,10.00,16.00,0.0000,904.86,0,0,0.0000,NOT_RUN,0,421,301,0,0,0,146,0,0,0,0
328,0,1,0,NEGATIVE_PEAK,-5.3043,1.0548,-77,8,1,0.0130,48.70,1313.69,29.25,33.93,342.00,458.50,12.00,17.00,0.0000,904.08,0,0,0.0000,NOT_RUN,0,389,186,0,0,0,77,0,0,0,0
329,0,1,1,ACCEPT,6.5320,1.1068,114,-2,3,0.0614,46.89,1316.88,28.12,32.62,342.00,458.00,14.00,16.00,0.0000,908.16,1,-1,3.0380,ACCEPT,0,312,209,5321,0,0,114,0,0,0,0
330,0,1,1,ACCEPT,5.0257,1.0936,292,-4,3,0.6438,43.39,1319.92,28.12,32.62,343.00,457.50,12.00,15.00,0.0000,912.98,1,0,2.5328,ACCEPT,0,1192,265,2324,0,0,292,0,0,0,0
331,0,1,1,ACCEPT,6.1956,1.1111,150,-14,3,0.3867,31.14,1322.97,28.12,32.62,343.50,456.00,11.00,16.00,0.0000,921.52,1,0,3.5608,ACCEPT,0,476,151,2780,0,0,150,0,0,0,0
332,0,1,0,NEGATIVE_PEAK,-4.6057,1.0667,-64,4,1,0.0156,31.14,1322.97,28.12,32.62,345.50,454.00,11.00,16.00,0.0000,924.08,0,0,0.0000,NOT_RUN,0,283,122,0,0,0,64,0,0,0,0
333,0,1,0,NEGATIVE_PEAK,-6.2383,1.0526,-100,-3,0,0.1700,31.14,1322.97,28.12,32.62,347.00,449.50,10.00,17.00,0.0000,928.82,0,0,0.0000,NOT_RUN,0,267,124,0,0,0,100,0,0,0,0
334,0,1,1,ACCEPT,5.6970,1.1045,74,-15,3,0.1351,18.02,1326.02,28.12,32.62,347.00,445.50,10.00,15.00,0.0000,939.97,1,0,2.7536,ACCEPT,0,283,91,2850,0,0,74,0,0,0,0
335,0,1,0,NEGATIVE_PEAK,-6.5204,1.0561,-113,-1,0,0.8673,18.02,1326.02,28.12,32.62,345.50,440.50,15.00,17.00,0.0000,944.13,0,0,0.0000,NOT_RUN,0,337,168,0,0,0,113,0,0,0,0
336,0,1,0,NEGATIVE_PEAK,-6.2768,1.0588,-90,-5,0,0.0778,18.02,1326.02,28.12,32.62,346.50,434.50,9.00,15.00,0.0000,950.11,0,0,0.0000,NOT_RUN,0,278,112,0,0,0,90,0,0,0,0
337,0,1,0,NEGATIVE_PEAK,-5.6623,1.0139,-73,-7,0,0.0000,18.02,1326.02,28.12,32.62,345.00,429.50,10.00,15.00,0.0000,954.28,0,0,0.0000,NOT_RUN,0,236,92,0,0,0,73,0,0,0,0
338,0,1,0,NEGATIVE_PEAK,-4.8930,1.0702,-61,-5,0,0.2787,18.02,1326.02,28.12,32.62,345.50,423.00,13.00,16.00,0.0000,960.56,0,0,0.0000,NOT_RUN,0,247,227,0,0,0,61,0,0,0,0
339,0,1,0,NEGATIVE_PEAK,-6.2018,1.0729,-103,-1,1,0.7767,18.02,1326.02,28.12,32.62,341.50,417.50,11.00,15.00,0.0000,964.39,0,0,0.0000,NOT_RUN,0,303,217,0,0,0,103,0,0,0,0
340,0,1,0,NEGATIVE_PEAK,-5.4227,1.0341,-91,3,0,0.4176,18.02,1326.02,28.12,32.62,339.00,413.00,12.00,14.00,0.0000,967.80,0,0,0.0000,NOT_RUN,0,323,138,0,0,0,91,0,0,0,0
341,0,1,0,NEGATIVE_PEAK,-5.8182,1.0648,-115,-9,1,0.1478,18.02,1326.02,28.12,32.62,335.00,407.00,12.00,14.00,0.0000,972.15,0,0,0.0000,NOT_RUN,0,387,234,0,0,0,115,0,0,0,0
342,0,1,0,LOW_PSR,3.4116,1.0889,49,-11,3,0.1224,18.02,1326.02,28.12,32.62,331.50,401.00,11.00,14.00,0.0000,976.69,0,0,0.0000,NOT_RUN,0,387,315,0,0,0,49,0,0,0,0
343,0,1,0,NEGATIVE_PEAK,-6.2383,1.0816,-212,5,1,0.5566,18.02,1326.02,28.12,32.62,328.50,395.50,9.00,15.00,0.0000,980.95,0,0,0.0000,NOT_RUN,0,686,331,0,0,0,212,0,0,0,0
344,0,1,0,LOW_PSR,4.0138,1.0753,100,7,3,0.4500,18.02,1326.02,28.12,32.62,325.00,389.50,10.00,15.00,0.0000,985.55,0,0,0.0000,NOT_RUN,0,661,266,0,0,0,100,0,0,0,0
345,0,1,0,LOW_PSR,4.0608,1.0735,146,9,3,0.4795,18.02,1326.02,28.12,32.62,322.00,385.00,10.00,14.00,0.0000,988.90,0,0,0.0000,NOT_RUN,0,751,237,0,0,0,146,0,0,0,0
346,0,1,0,NEGATIVE_PEAK,-5.0097,1.0856,-203,5,1,0.6010,18.02,1326.02,28.12,32.62,319.00,380.50,10.00,13.00,0.0000,992.27,0,0,0.0000,NOT_RUN,0,843,269,0,0,0,203,0,0,0,0
347,0,1,0,NEGATIVE_PEAK,-4.9418,1.0828,-157,-10,2,0.2930,18.02,1326.02,28.12,32.62,316.00,377.00,10.00,14.00,0.0000,994.70,0,0,0.0000,NOT_RUN,0,571,243,0,0,0,157,0,0,0,0
348,0,1,0,NEGATIVE_PEAK,-6.2271,1.0535,-197,-7,1,0.0863,18.02,1326.02,28.12,32.62,313.50,373.00,11.00,14.00,0.0000,997.77,0,0,0.0000,NOT_RUN,0,649,270,0,0,0,197,0,0,0,0
349,0,1,1,ACCEPT,6.5794,1.1126,247,-3,2,0.0567,15.39,1328.05,28.12,32.62,310.00,370.50,10.00,15.00,0.0000,1001.84,1,0,3.1337,ACCEPT,0,878,323,6217,0,0,247,0,0,0,0
350,0,1,1,ACCEPT,7.9255,1.0991,1031,-1,3,0.8671,14.52,1331.09,28.12,32.62,307.50,368.00,11.00,14.00,0.0000,1006.67,1,0,3.3302,ACCEPT,0,2424,301,8753,0,0,1031,0,0,0,0
351,0,1,0,NEGATIVE_PEAK,-4.6136,1.0754,-328,2,1,0.0823,14.52,1331.09,28.12,32.62,305.00,366.50,12.00,13.00,0.0000,1007.38,0,0,0.0000,NOT_RUN,0,1444,222,0,0,0,328,0,0,0,0
352,0,1,0,NEGATIVE_PEAK,-5.4780,1.0722,-594,3,2,0.2306,14.52,1331.09,28.12,32.62,302.00,365.00,10.00,14.00,0.0000,1007.96,0,0,0.0000,NOT_RUN,0,1891,204,0,0,0,594,0,0,0,0
353,0,1,1,ACCEPT,6.1477,1.1173,419,-12,3,0.0048,4.02,1334.14,28.12,32.62,300.50,362.00,9.00,14.00,0.0000,1016.35,1,0,3.5270,ACCEPT,0,1270,276,3604,0,0,419,0,0,0,0
354,0,1,0,NEGATIVE_PEAK,-6.7767,1.0505,-229,3,1,0.2882,4.02,1334.14,28.12,32.62,298.00,360.50,10.00,13.00,0.0000,1017.06,0,0,0.0000,NOT_RUN,0,699,262,0,0,0,229,0,0,0,0
0,0,0,0,ZERO_RESPONSE,0.0000,0.0000,0,0,0,0.0000,221.50,884.50,13.00,17.00,221.50,884.50,13.00,17.00,1.0000,0.00,1,0,0.0000,NOT_RUN,0,0,359,12232,1,50,0,0,0,0,0
1,0,1,1,ACCEPT,9.2663,1.3957,589,5,-3,0.3294,223.53,882.91,12.50,16.35,218.00,900.50,12.00,17.00,0.0000,18.44,1,-1,2.5474,ACCEPT,0,733,480,2460,1,50,589,0,0,0,0
2,0,1,1,ACCEPT,7.5495,1.3821,170,-5,-15,0.5294,221.58,875.17,12.02,15.72,213.50,915.00,13.00,18.00,0.0000,40.64,1,-1,2.1409,ACCEPT,0,437,529,1538,1,50,170,0,0,0,0
3,0,1,0,NEGATIVE_PEAK,-5.8606,1.2581,-39,-1,2,0.3846,221.58,875.17,12.02,15.72,208.50,930.50,13.00,17.00,0.0000,56.85,0,0,0.0000,NOT_RUN,0,94,178,0,1,50,39,0,0,0,0
4,0,1,0,NEGATIVE_PEAK,-4.6052,1.1579,-22,-5,-1,0.7273,221.58,875.17,12.02,15.72,203.00,945.50,14.00,23.00,0.0000,72.74,0,0,0.0000,NOT_RUN,0,137,482,0,1,50,22,0,0,0,0
5,0,1,0,LOW_PSR,4.2454,1.0000,11,2,21,0.0909,221.58,875.17,12.02,15.72,197.50,959.00,13.00,18.00,0.0000,87.22,0,0,0.0000,NOT_RUN,0,54,731,0,1,50,11,0,0,0,0
6,0,1,0,NEGATIVE_PEAK,-6.3610,1.2500,-10,9,6,0.2000,221.58,875.17,12.02,15.72,191.00,972.50,12.00,17.00,0.0000,102.02,0,0,0.0000,NOT_RUN,0,29,646,0,1,50,10,0,0,0,0
7,0,1,0,NEGATIVE_PEAK,-7.3290,1.3000,-13,-1,0,0.8462,221.58,875.17,12.02,15.72,183.50,984.50,13.00,17.00,0.0000,115.77,0,0,0.0000,NOT_RUN,0,32,554,0,1,50,13,0,0,0,0
8,0,1,0,NEGATIVE_PEAK,-6.7616,1.3750,-11,11,-10,0.3636,221.58,875.17,12.02,15.72,178.50,996.00,13.00,16.00,0.0000,128.28,0,0,0.0000,NOT_RUN,0,26,503,0,1,50,11,0,0,0,0
9,0,1,0,NEGATIVE_PEAK,-7.3583,1.5714,-11,0,0,1.0000,221.58,875.17,12.02,15.72,173.00,1008.50,14.00,17.00,0.0000,141.90,0,0,0.0000,NOT_RUN,0,24,425,0,1,50,12,0,0,0,0
10,0,1,0,NEGATIVE_PEAK,-5.9445,1.1250,-9,4,-1,0.3333,221.58,875.17,12.02,15.72,170.50,1019.00,13.00,16.00,0.0000,152.63,0,0,0.0000,NOT_RUN,0,25,375,0,1,50,9,0,0,0,0
11,0,1,0,NEGATIVE_PEAK,-4.9676,1.0000,-10,4,-1,0.6000,221.58,875.17,12.02,15.72,168.50,1031.00,13.00,16.00,0.0000,164.62,0,0,0.0000,NOT_RUN,0,38,300,0,1,50,10,0,0,0,0
12,0,1,0,NEGATIVE_PEAK,-5.7837,1.1111,-10,9,-6,0.3000,221.58,875.17,12.02,15.72,166.00,1041.50,14.00,15.00,0.0000,175.37,0,0,0.0000,NOT_RUN,0,24,244,0,1,50,10,0,0,0,0
13,0,1,1,ACCEPT,9.7477,1.4286,30,13,-24,0.0000,226.45,863.55,12.02,15.72,168.50,1053.00,17.00,20.00,0.0000,198.12,1,0,2.8723,ACCEPT,0,45,261,889,1,50,30,0,0,0,0
14,0,1,1,ACCEPT,7.1741,1.0444,47,10,11,0.1489,230.20,868.88,12.02,15.72,174.50,1060.50,13.00,15.00,0.0000,199.56,1,0,2.9468,ACCEPT,0,93,248,905,1,50,47,0,0,0,0
15,0,1,1,ACCEPT,7.8459,1.0862,63,21,1,0.0952,238.08,869.36,12.02,15.72,179.50,1067.50,13.00,15.00,0.0000,206.62,1,0,3.0094,ACCEPT,0,98,173,1589,1,50,63,0,0,0,0
16,0,1,1,ACCEPT,10.2895,1.7368,66,1,9,0.2121,238.45,873.72,12.02,15.72,179.00,1074.50,14.00,15.00,0.0000,209.40,1,0,2.8324,ACCEPT,0,110,157,1959,1,50,66,0,0,0,0
17,0,1,1,ACCEPT,12.0169,2.1053,120,-12,5,0.0500,233.95,876.14,12.50,16.35,173.50,1078.50,15.00,15.00,0.0000,211.20,1,1,2.4080,ACCEPT,0,211,154,1948,1,50,120,0,0,0,0
18,0,1,1,ACCEPT,10.7953,1.4231,74,-16,6,0.1757,227.70,879.23,12.50,16.35,165.50,1083.50,15.00,15.00,0.0000,213.53,1,0,2.9624,ACCEPT,0,112,134,1745,1,50,74,0,0,0,0
19,0,1,1,ACCEPT,14.9038,2.4444,110,-14,5,0.1182,222.23,881.81,12.50,16.35,157.00,1086.00,14.00,14.00,0.0000,214.35,1,0,2.9616,ACCEPT,0,125,149,1485,1,50,110,0,0,0,0
20,0,1,1,ACCEPT,16.0533,2.3210,188,-10,3,0.1223,218.33,883.36,13.00,17.00,150.50,1088.00,13.00,14.00,0.0000,215.59,1,1,2.7456,ACCEPT,0,227,119,1860,1,50,188,0,0,0,0
21,0,1,1,ACCEPT,16.9192,2.4810,196,-9,5,0.1684,214.67,886.02,13.00,17.00,144.00,1090.50,14.00,15.00,0.0000,216.35,1,0,2.8441,ACCEPT,0,188,128,1675,1,50,196,0,0,0,0
22,0,1,1,ACCEPT,15.7625,2.0614,235,-7,4,0.2766,211.83,888.14,13.00,17.00,139.50,1093.50,15.00,15.00,0.0000,217.72,1,0,2.8679,ACCEPT,0,265,97,2287,1,50,235,0,0,0,0
23,0,1,1,ACCEPT,18.0113,2.3742,368,-7,2,0.1957,208.98,889.20,13.00,17.00,134.00,1094.50,14.00,15.00,0.0000,218.56,1,0,2.9436,ACCEPT,0,355,100,2131,1,50,368,0,0,0,0
24,0,1,1,ACCEPT,18.6291,2.3401,344,-7,3,0.2936,206.14,890.80,13.00,17.00,129.00,1096.00,14.00,14.00,0.0000,219.22,1,0,2.8822,ACCEPT,0,314,84,2260,1,50,344,0,0,0,0
25,0,1,1,ACCEPT,15.4051,2.0851,294,-4,2,0.3741,204.52,891.86,13.52,17.68,125.50,1098.50,15.00,15.00,0.0000,221.23,1,1,2.4540,ACCEPT,0,383,95,1131,1,50,294,0,0,0,0
26,0,1,1,ACCEPT,14.8940,1.8632,177,-8,2,0.3785,201.14,892.95,13.52,17.68,124.00,1101.00,14.00,14.00,0.0000,221.89,1,0,2.9252,ACCEPT,0,246,114,1036,1,50,177,0,0,0,0
27,0,1,1,ACCEPT,14.5199,1.8795,156,-5,4,0.5833,199.03,895.14,13.52,17.68,121.00,1104.50,14.00,13.00,0.0000,223.43,1,0,2.9534,ACCEPT,0,187,82,1756,1,50,156,0,0,0,0
28,0,1,1,ACCEPT,15.5790,2.6333,158,-13,5,0.0443,193.55,897.88,13.52,17.68,114.00,1106.00,12.00,16.00,0.0000,222.81,1,0,2.9176,ACCEPT,0,191,106,868,1,50,158,0,0,0,0
29,0,1,1,ACCEPT,7.4008,1.3333,28,-10,11,0.2857,189.33,903.89,13.52,17.68,102.50,1107.00,11.00,12.00,0.0000,220.89,1,0,2.4815,ACCEPT,0,60,105,691,1,50,28,0,0,0,0
30,0,1,0,NEGATIVE_PEAK,-6.3500,1.3333,-24,-7,-1,0.1667,189.33,903.89,13.52,17.68,90.50,1108.00,11.00,12.00,0.0000,226.78,0,0,0.0000,NOT_RUN,0,57,96,0,1,50,24,0,0,0,0
31,0,1,1,ACCEPT,6.7321,1.5000,18,3,-2,0.5000,190.59,902.80,13.52,17.68,82.50,1110.50,11.00,11.00,0.0000,234.15,1,0,3.1566,ACCEPT,0,48,77,859,1,50,18,0,0,0,0
32,0,1,1,ACCEPT,7.0674,1.4545,16,9,2,0.0000,194.39,903.89,13.52,17.68,81.50,1115.50,15.00,15.00,0.0000,239.84,1,0,3.2901,ACCEPT,0,44,63,965,1,50,16,0,0,0,0
33,0,1,0,NEGATIVE_PEAK,-4.4688,1.0833,-13,0,1,0.8462,194.39,903.89,13.52,17.68,76.50,1120.00,13.00,16.00,0.0000,246.17,0,0,0.0000,NOT_RUN,0,50,112,0,1,50,14,0,0,0,0
34,0,1,1,ACCEPT,5.5376,1.1429,32,16,-15,0.1875,201.14,895.69,13.52,17.68,70.50,1123.00,17.00,12.00,0.0000,262.18,1,-6,1.1956,MAX_STEP,0,72,156,1280,1,50,32,0,0,0,0
35,0,1,1,ACCEPT,7.1501,1.0874,112,-1,-3,0.5089,200.72,894.05,13.52,17.68,63.00,1128.50,12.00,13.00,0.0000,271.91,1,-6,0.8888,MAX_STEP,0,285,351,642,1,50,112,0,0,0,0
36,0,1,1,ACCEPT,10.1392,1.7143,60,2,-7,0.2833,201.56,890.22,13.52,17.68,59.00,1134.50,12.00,13.00,0.0000,282.84,1,7,0.7134,MAX_STEP,0,84,295,665,1,50,60,0,0,0,0
37,0,1,1,ACCEPT,6.5922,1.3810,29,9,-10,0.4828,205.36,884.75,13.52,17.68,57.00,1140.50,12.00,13.00,0.0000,295.67,1,7,1.0390,MAX_STEP,0,66,162,1289,1,50,29,0,0,0,0
38,0,1,1,ACCEPT,5.5188,1.1579,44,3,-18,0.4773,206.62,874.91,13.52,17.68,54.00,1145.00,12.00,12.00,0.0000,310.23,1,-7,0.8073,MAX_STEP,0,110,130,1479,1,50,44,0,0,0,0
39,0,1,1,ACCEPT,10.8994,1.6533,124,6,-16,0.1935,209.16,866.16,13.52,17.68,49.50,1152.00,13.00,12.00,0.0000,327.41,1,-7,0.9940,MAX_STEP,0,185,150,1312,1,50,124,0,0,0,0
40,0,1,1,ACCEPT,14.7691,2.0159,127,12,-13,0.0945,214.22,859.05,13.52,17.68,49.50,1158.50,13.00,13.00,0.0000,341.77,1,8,0.6333,MAX_STEP,0,133,219,975,1,50,127,0,0,0,0
41,0,1,1,ACCEPT,11.0901,1.9057,101,4,-9,0.2772,215.91,854.12,13.52,17.68,49.00,1164.50,12.00,13.00,0.0000,352.41,1,-7,0.5940,MAX_STEP,0,121,180,1087,1,50,101,0,0,0,0
42,0,1,1,ACCEPT,6.4459,1.0000,57,3,-10,0.1579,217.17,848.66,13.52,17.68,47.50,1170.50,15.00,17.00,0.0000,363.83,1,7,1.1242,MAX_STEP,0,103,142,1949,1,50,57,0,0,0,0
43,0,1,1,ACCEPT,16.9130,1.9707,471,-2,-11,0.0531,216.33,842.64,13.52,17.68,44.50,1175.50,15.00,17.00,0.0000,374.59,1,-11,0.7603,MAX_STEP,0,429,174,2715,1,50,471,0,0,0,0
44,0,1,1,ACCEPT,11.4307,1.1328,273,-2,-7,0.0440,215.48,838.81,13.52,17.68,42.00,1180.50,14.00,15.00,0.0000,383.21,1,8,0.6890,MAX_STEP,0,351,149,2646,1,50,273,0,0,0,0
45,0,1,1,ACCEPT,10.5585,1.3716,251,4,-11,0.1753,217.17,832.80,13.52,17.68,44.50,1186.50,13.00,15.00,0.0000,393.60,1,8,0.6318,MAX_STEP,0,325,167,3643,1,50,251,0,0,0,0
46,0,1,1,ACCEPT,8.8981,1.1759,341,2,-9,0.3109,218.02,827.88,13.52,17.68,45.50,1194.00,11.00,16.00,0.0000,404.73,1,-14,0.6803,MAX_STEP,0,567,211,3460,1,50,341,0,0,0,0
47,0,1,1,ACCEPT,11.4884,1.2716,426,9,-26,0.2230,221.81,813.66,13.52,17.68,50.00,1199.50,10.00,15.00,0.0000,422.37,1,0,2.8838,ACCEPT,0,422,194,4222,1,50,426,0,0,0,0
48,0,1,1,ACCEPT,9.9336,1.4264,1037,1,-16,0.5342,222.23,804.91,13.52,17.68,55.00,1206.50,12.00,15.00,0.0000,435.02,1,12,1.4426,MAX_STEP,0,1377,505,3099,1,50,1037,0,0,0,0
49,0,1,1,ACCEPT,9.0182,1.2700,635,-2,-17,0.1937,221.39,795.61,13.52,17.68,61.50,1213.50,11.00,15.00,0.0000,447.43,1,-5,1.7762,MAX_STEP,0,1308,282,3027,1,50,635,0,0,0,0
50,0,1,0,LOW_PSR,4.9890,1.0488,430,3,-10,0.7744,221.39,795.61,13.52,17.68,73.50,1219.50,15.00,17.00,0.0000,448.95,0,0,0.0000,NOT_RUN,0,1783,348,0,1,50,430,0,0,0,0
51,0,1,1,ACCEPT,6.3746,1.1924,440,2,1,0.5477,222.23,796.16,13.52,17.68,88.00,1225.50,10.00,15.00,0.0000,449.84,1,0,2.0161,ACCEPT,0,977,338,2824,1,50,440,0,0,0,0
52,0,1,1,ACCEPT,8.4081,1.7184,543,0,-18,0.0755,222.23,786.31,13.52,17.68,102.50,1231.50,11.00,19.00,0.0000,461.01,1,-5,2.3263,MAX_STEP,0,876,329,3355,1,50,543,0,0,0,0
53,0,1,1,ACCEPT,8.1816,1.5418,609,14,-3,0.2020,228.14,784.67,13.00,17.00,116.50,1236.50,9.00,15.00,0.0000,465.42,1,-1,2.6764,ACCEPT,0,1013,258,4340,1,50,609,0,0,0,0
54,0,1,1,ACCEPT,10.2469,1.9133,706,9,-1,0.1176,231.80,784.14,13.00,17.00,131.00,1241.50,8.00,17.00,0.0000,468.33,1,0,2.7997,ACCEPT,0,1070,370,5046,1,50,706,0,0,0,0
55,0,1,1,ACCEPT,8.9306,1.4220,556,18,-6,0.2032,239.11,780.95,12.02,15.72,147.00,1246.50,8.00,19.00,0.0000,474.57,1,-2,2.2995,ACCEPT,0,849,286,4263,1,50,556,0,0,0,0
56,0,1,1,ACCEPT,10.4356,1.6926,523,9,4,0.0306,242.48,782.89,11.56,15.11,163.50,1251.00,7.00,20.00,0.0000,474.73,1,-1,2.9237,ACCEPT,0,663,467,4943,1,50,523,0,0,0,0
57,0,1,1,ACCEPT,7.1082,1.1204,484,19,-10,0.0475,249.31,778.20,11.11,14.53,179.00,1253.50,6.00,19.00,0.0000,480.47,1,-1,3.1406,ACCEPT,0,1205,368,5393,1,50,484,0,0,0,0
58,0,1,1,ACCEPT,11.2847,1.5872,992,5,2,0.0867,251.03,779.11,10.69,13.97,194.00,1257.50,6.00,19.00,0.0000,481.78,1,-1,2.9666,ACCEPT,0,1564,305,6876,1,50,992,0,0,0,0
59,0,1,1,ACCEPT,6.4661,1.2395,740,12,-6,0.1243,254.97,776.48,9.88,12.92,211.00,1260.50,6.00,19.00,0.0000,486.01,1,-2,2.9879,ACCEPT,0,1884,283,2781,1,50,740,0,0,0,0
60,0,1,1,ACCEPT,5.2551,1.2151,226,16,-3,0.2876,259.97,775.27,9.50,12.42,231.00,1264.00,6.00,18.00,0.0000,489.59,1,-1,2.8948,ACCEPT,0,700,76,3978,1,50,226,0,0,0,0
61,0,1,1,ACCEPT,7.1429,1.3174,660,16,-20,0.1470,264.72,767.45,9.13,11.94,251.00,1265.50,6.00,19.00,0.0000,498.24,1,-1,2.9972,ACCEPT,0,1172,289,1886,1,50,660,0,0,0,0
62,0,1,1,ACCEPT,14.3782,2.5121,623,9,6,0.1766,267.25,769.70,9.13,11.94,269.00,1268.50,6.00,21.00,0.0000,498.80,1,0,3.0917,ACCEPT,0,808,373,6134,1,50,623,0,0,0,0
63,0,1,1,ACCEPT,7.3828,1.5610,896,12,-1,0.2824,270.62,769.33,9.13,11.94,284.50,1269.00,5.00,20.00,0.0000,499.86,1,-5,1.8904,MAX_STEP,0,2453,223,6394,1,50,896,0,0,0,0
64,0,1,1,ACCEPT,7.5482,1.0811,1066,0,-17,0.1670,270.62,762.95,9.13,11.94,296.50,1268.50,5.00,21.00,0.0000,506.21,1,-3,2.7335,MAX_STEP,0,2910,231,3505,1,50,1066,0,0,0,0
65,0,1,1,ACCEPT,16.0868,2.3138,789,-5,-2,0.1394,269.22,762.20,9.13,11.94,305.50,1268.00,5.00,22.00,0.0000,507.10,1,-3,2.4056,MAX_STEP,0,781,116,5476,1,50,789,0,0,0,0
66,0,1,1,ACCEPT,11.2601,1.8208,508,10,-21,0.1043,272.03,754.33,8.78,11.48,310.50,1265.50,5.00,19.00,0.0000,512.62,1,-1,2.5300,ACCEPT,0,618,129,6245,1,50,508,0,0,0,0
67,0,1,1,ACCEPT,12.2953,1.6848,1208,-9,-10,0.0439,269.50,750.73,8.12,10.62,314.00,1262.00,6.00,18.00,0.0000,513.20,1,-2,2.6444,ACCEPT,0,1912,241,2455,1,50,1208,0,0,0,0
68,0,1,0,LOW_PSR,4.9173,1.0421,99,-12,11,0.5354,269.50,750.73,8.12,10.62,317.00,1259.00,6.00,22.00,0.0000,510.48,0,0,0.0000,NOT_RUN,0,410,181,0,1,50,99,0,0,0,0
69,0,1,1,ACCEPT,5.7427,1.0246,125,7,-27,0.2560,271.25,741.88,8.12,10.62,319.00,1254.00,6.00,22.00,0.0000,514.35,1,0,2.9294,ACCEPT,0,388,171,7483,1,50,125,0,0,0,0
70,0,1,1,ACCEPT,7.1339,1.4212,830,3,-17,0.1759,272.00,736.30,8.12,10.62,323.50,1249.50,7.00,21.00,0.0000,515.78,1,0,3.0057,ACCEPT,0,2277,459,1894,1,50,830,0,0,0,0
71,0,1,1,ACCEPT,7.5167,1.0798,257,10,2,0.2062,274.50,736.95,8.12,10.62,327.00,1243.50,6.00,23.00,0.0000,509.26,1,0,2.8556,ACCEPT,0,641,310,2093,1,50,257,0,0,0,0
72,0,1,1,ACCEPT,8.2486,1.1991,271,-3,3,0.2325,273.75,737.94,8.44,11.04,333.50,1237.00,7.00,20.00,0.0000,502.63,1,1,2.8238,ACCEPT,0,785,186,2683,1,50,271,0,0,0,0
73,0,1,1,ACCEPT,7.8874,1.1892,308,-13,-10,0.2175,270.30,734.50,8.44,11.04,342.00,1230.00,8.00,22.00,0.0000,500.66,1,-4,2.0741,MAX_STEP,0,675,183,2067,1,50,308,0,0,0,0
74,0,1,1,ACCEPT,6.8979,1.0302,273,9,-3,0.2234,272.69,733.47,8.44,11.04,350.00,1221.50,8.00,23.00,0.0000,494.12,1,7,1.4227,MAX_STEP,0,655,418,1951,1,50,273,0,0,0,0
75,0,1,1,ACCEPT,8.1256,1.1463,329,5,3,0.1307,274.02,734.50,8.44,11.04,359.00,1212.50,8.00,21.00,0.0000,485.50,1,-3,2.3298,MAX_STEP,0,680,307,3055,1,50,329,0,0,0,0
76,0,1,1,ACCEPT,9.8529,1.4138,574,11,-4,0.0453,276.94,733.12,8.44,11.04,369.50,1203.50,9.00,23.00,0.0000,479.40,1,5,2.1458,MAX_STEP,0,1046,399,3250,1,50,574,0,0,0,0
77,0,1,1,ACCEPT,10.1724,1.0622,666,7,2,0.1081,278.80,733.81,8.44,11.04,378.50,1195.00,9.00,22.00,0.0000,471.84,1,-5,2.2330,MAX_STEP,0,908,328,3541,1,50,666,0,0,0,0
78,0,1,1,ACCEPT,13.1689,2.0361,733,7,-1,0.0286,280.66,733.47,8.44,11.04,387.00,1186.50,8.00,23.00,0.0000,465.35,1,-5,1.7577,MAX_STEP,0,1116,338,2911,1,50,733,0,0,0,0
79,0,1,1,ACCEPT,10.0630,1.1496,484,10,4,0.0331,283.31,734.84,8.44,11.04,396.50,1176.50,9.00,25.00,0.0000,455.93,1,-5,2.1735,MAX_STEP,0,693,275,2399,1,50,484,0,0,0,0
80,0,1,1,ACCEPT,10.3414,1.5022,347,11,2,0.0807,286.23,735.53,8.44,11.04,406.50,1169.00,9.00,22.00,0.0000,449.84,1,-5,2.1367,MAX_STEP,0,488,291,3607,1,50,347,0,0,0,0
81,0,1,1,ACCEPT,12.4077,1.8226,791,10,0,0.1783,288.89,735.53,8.44,11.04,418.50,1159.00,9.00,22.00,0.0000,442.86,1,-5,1.5499,MAX_STEP,0,919,304,4891,1,50,791,0,0,0,0
82,0,1,1,ACCEPT,12.4601,1.6264,997,7,3,0.1204,290.75,736.56,8.44,11.04,431.50,1149.50,9.00,21.00,0.0000,436.27,1,6,0.7904,MAX_STEP,0,1052,326,4027,1,50,997,0,0,0,0
83,0,1,1,ACCEPT,11.1537,1.4235,726,3,5,0.1240,291.55,738.28,8.44,11.04,442.00,1141.50,10.00,21.00,0.0000,430.37,1,7,0.9654,MAX_STEP,0,923,254,3839,1,50,726,0,0,0,0
84,0,1,1,ACCEPT,8.8137,1.5314,415,6,10,0.0072,293.14,741.72,8.44,11.04,448.00,1134.50,10.00,21.00,0.0000,422.21,1,-6,1.2993,MAX_STEP,0,583,260,3483,1,50,415,0,0,0,0
85,0,1,1,ACCEPT,9.0418,1.2075,419,5,10,0.3675,294.47,745.16,8.44,11.04,451.50,1130.50,11.00,25.00,0.0000,416.11,1,-5,0.9818,MAX_STEP,0,653,218,2749,1,50,419,0,0,0,0
86,0,1,1,ACCEPT,7.1817,1.0085,236,-5,3,0.2076,293.14,746.19,8.44,11.04,457.00,1125.00,12.00,22.00,0.0000,412.73,1,-7,1.3011,MAX_STEP,0,440,263,2939,1,50,236,0,0,0,0
87,0,1,1,ACCEPT,11.1652,1.5435,426,-7,-8,0.1197,291.28,743.44,8.44,11.04,461.50,1120.00,11.00,22.00,0.0000,413.25,1,-6,1.5557,MAX_STEP,0,681,183,3293,1,50,426,0,0,0,0
88,0,1,0,LOW_PSR,4.6827,1.1647,99,8,6,0.0404,291.28,743.44,8.44,11.04,466.00,1115.00,12.00,22.00,0.0000,410.59,0,0,0.0000,NOT_RUN,0,336,225,0,1,50,99,0,0,0,0
89,0,1,1,ACCEPT,5.0770,1.1053,84,-17,-4,0.3214,286.77,742.06,8.44,11.04,470.00,1110.00,12.00,20.00,0.0000,411.04,1,-6,1.6881,MAX_STEP,0,318,296,3859,1,50,84,0,0,0,0
90,0,1,1,ACCEPT,9.2964,1.5664,448,-1,0,0.8951,286.50,742.06,8.44,11.04,473.00,1106.50,12.00,21.00,0.0000,409.39,1,-5,1.9074,MAX_STEP,0,929,279,3338,1,50,448,0,0,0,0
91,0,1,1,ACCEPT,11.9311,1.5608,398,-1,2,0.5879,286.23,742.75,8.44,11.04,473.50,1104.50,11.00,21.00,0.0000,407.35,1,-3,1.5579,MAX_STEP,0,463,461,4766,1,50,398,0,0,0,0
92,0,1,0,NEGATIVE_PEAK,-8.8362,1.1763,-507,-15,-2,0.4694,286.23,742.75,8.44,11.04,473.00,1102.00,14.00,20.00,0.0000,404.90,0,0,0.0000,NOT_RUN,0,822,496,0,1,50,507,0,0,0,0
93,0,1,1,ACCEPT,9.3225,1.1046,644,-12,-4,0.3525,283.05,741.38,8.78,11.48,470.00,1100.50,12.00,21.00,0.0000,404.87,1,1,2.5512,ACCEPT,0,952,480,6942,1,50,644,0,0,0,0
94,0,1,1,ACCEPT,11.1537,1.3626,1984,1,-2,0.2969,283.33,740.66,9.13,11.94,466.50,1099.50,11.00,21.00,0.0000,402.89,1,1,2.8571,ACCEPT,0,2962,307,15201,1,50,1984,0,0,0,0
95,0,1,1,ACCEPT,15.7107,2.1024,3286,1,-1,0.6351,283.61,740.28,9.50,12.42,462.00,1096.00,10.00,18.00,0.0000,397.94,1,1,3.0295,ACCEPT,0,3497,295,7713,1,50,3286,0,0,0,0
96,0,1,1,ACCEPT,13.5214,1.7492,1102,-5,0,0.0318,282.12,740.28,9.50,12.42,458.00,1095.50,12.00,19.00,0.0000,396.37,1,0,1.9771,LOW_CONF,0,1336,303,13329,1,50,1102,0,0,0,0
97,0,1,1,ACCEPT,10.3807,1.5330,2393,4,-1,0.2704,283.31,739.89,9.50,12.42,456.50,1093.50,11.00,19.00,0.0000,393.74,1,0,2.7977,ACCEPT,0,4279,237,17477,1,50,2393,0,0,0,0
98,0,1,1,ACCEPT,16.3575,2.2108,3880,-1,-4,0.2982,283.02,738.33,9.88,12.92,456.50,1089.00,11.00,18.00,0.0000,391.24,1,1,2.9729,ACCEPT,0,3526,219,18845,1,50,3880,0,0,0,0
99,0,1,1,ACCEPT,13.3339,1.5787,3601,3,1,0.3616,283.95,738.73,9.88,12.92,454.00,1084.50,12.00,21.00,0.0000,385.32,1,0,2.6745,ACCEPT,0,4175,194,19823,1,50,3601,0,0,0,0
100,0,1,1,ACCEPT,19.8265,2.0263,4002,1,-4,0.1767,284.27,737.11,9.88,12.92,453.50,1079.50,13.00,21.00,0.0000,381.93,1,0,3.0158,ACCEPT,0,3847,198,21180,1,50,4002,0,0,0,0
101,0,1,1,ACCEPT,22.9187,2.5055,3405,1,-2,0.4358,284.58,736.30,9.88,12.92,451.50,1074.50,11.00,21.00,0.0000,377.15,1,0,2.9941,ACCEPT,0,2818,241,24713,1,50,3405,0,0,0,0
102,0,1,1,ACCEPT,21.4895,2.8262,2911,1,-6,0.2085,284.89,733.86,9.50,12.42,453.00,1067.00,12.00,22.00,0.0000,373.15,1,-1,2.4000,ACCEPT,0,2309,202,19823,1,50,2911,0,0,0,0
103,0,1,1,ACCEPT,9.8402,1.2038,1323,3,-10,0.4482,285.78,729.95,9.50,12.42,453.00,1061.50,14.00,21.00,0.0000,371.33,1,0,2.9787,ACCEPT,0,2232,152,10714,1,50,1323,0,0,0,0
104,0,1,1,ACCEPT,11.1111,1.1066,1422,2,-5,0.5464,286.38,728.00,9.50,12.42,452.50,1056.00,13.00,16.00,0.0000,367.67,1,0,3.2122,ACCEPT,0,2366,238,11183,1,50,1422,0,0,0,0
105,0,1,1,ACCEPT,13.8205,1.6459,1641,6,-3,0.0713,288.16,726.83,9.50,12.42,451.50,1051.50,11.00,19.00,0.0000,363.45,1,0,3.2354,ACCEPT,0,2292,179,14396,1,50,1641,0,0,0,0
106,0,1,1,ACCEPT,10.3773,1.4893,1324,3,-1,0.4396,289.05,726.44,9.50,12.42,450.50,1045.50,13.00,21.00,0.0000,357.59,1,0,3.2818,ACCEPT,0,2558,170,9122,1,50,1324,0,0,0,0
107,0,1,1,ACCEPT,10.4008,1.6040,802,1,3,0.1858,289.34,727.61,9.50,12.42,449.00,1039.00,10.00,20.00,0.0000,349.93,1,0,3.4014,ACCEPT,0,1267,163,7418,1,50,802,0,0,0,0
108,0,1,1,ACCEPT,12.8781,1.8112,777,-1,-4,0.2960,289.05,726.05,9.50,12.42,446.00,1034.50,12.00,21.00,0.0000,346.09,1,0,3.3206,ACCEPT,0,1037,151,7903,1,50,777,0,0,0,0
109,0,1,1,ACCEPT,9.0035,1.2415,658,-7,4,0.2781,286.97,727.61,9.50,12.42,442.50,1031.50,11.00,23.00,0.0000,341.38,1,0,3.5107,ACCEPT,0,1035,136,5748,1,50,658,0,0,0,0
110,0,1,1,ACCEPT,10.4563,1.5331,555,-6,2,0.0450,285.19,728.39,9.50,12.42,438.00,1027.00,12.00,24.00,0.0000,335.44,1,0,3.5989,ACCEPT,0,941,148,4879,1,50,555,0,0,0,0
111,0,1,1,ACCEPT,9.1391,1.2083,522,4,-13,0.3467,286.38,723.31,9.50,12.42,435.50,1020.50,13.00,21.00,0.0000,332.50,1,0,2.8274,ACCEPT,0,1045,176,6468,1,50,522,0,0,0,0
112,0,1,1,ACCEPT,9.8470,1.0495,657,-2,3,0.5175,285.78,724.48,9.50,12.42,433.00,1016.00,12.00,20.00,0.0000,326.58,1,0,3.1612,ACCEPT,0,1120,149,5665,1,50,657,0,0,0,0
113,0,1,1,ACCEPT,8.9372,1.0596,427,-4,1,0.0164,284.59,724.88,9.50,12.42,430.00,1012.50,14.00,23.00,0.0000,322.29,1,0,3.1772,ACCEPT,0,768,130,5728,1,50,427,0,0,0,0
114,0,1,1,ACCEPT,15.7385,2.4073,662,-1,-3,0.4532,284.30,723.70,9.50,12.42,425.50,1006.00,11.00,20.00,0.0000,315.64,1,0,3.2707,ACCEPT,0,882,124,12835,1,50,662,0,0,0,0
115,0,1,1,ACCEPT,9.9587,1.0750,1061,2,4,0.4053,284.89,725.27,9.50,12.42,425.00,1002.50,14.00,21.00,0.0000,310.63,1,0,3.2496,ACCEPT,0,2024,164,4076,1,50,1061,0,0,0,0
116,0,1,1,ACCEPT,11.4242,1.6193,353,2,5,0.3059,285.48,727.22,9.50,12.42,426.50,998.00,13.00,24.00,0.0000,305.30,1,0,3.3338,ACCEPT,0,613,131,4064,1,50,353,0,0,0,0
117,0,1,1,ACCEPT,16.3641,2.0160,504,3,1,0.0198,286.38,727.61,9.50,12.42,425.00,994.00,12.00,20.00,0.0000,300.30,1,0,3.3350,ACCEPT,0,676,130,5194,1,50,504,0,0,0,0
118,0,1,1,ACCEPT,11.2444,1.4654,466,2,3,0.6266,286.97,728.78,9.50,12.42,425.50,988.50,13.00,23.00,0.0000,294.35,1,0,3.3354,ACCEPT,0,780,121,4719,1,50,466,0,0,0,0
119,0,1,1,ACCEPT,11.3923,1.4297,366,1,3,0.7295,287.27,729.95,9.50,12.42,426.50,985.00,9.00,20.00,0.0000,290.58,1,0,3.3497,ACCEPT,0,650,101,9728,1,50,366,0,0,0,0
120,0,1,1,ACCEPT,13.9669,1.8184,831,1,7,0.3899,287.56,732.69,9.50,12.42,426.00,979.50,12.00,23.00,0.0000,282.99,1,0,3.3439,ACCEPT,0,1066,123,9669,1,50,831,0,0,0,0
121,0,1,1,ACCEPT,13.8964,1.4217,890,-2,6,0.4652,286.97,735.03,9.50,12.42,425.00,977.00,12.00,22.00,0.0000,278.57,1,0,3.2563,ACCEPT,0,1192,107,12471,1,50,890,0,0,0,0
122,0,1,1,ACCEPT,10.8880,1.1748,1176,-4,8,0.1718,285.78,738.16,9.50,12.42,425.50,973.00,11.00,22.00,0.0000,273.26,1,0,3.3184,ACCEPT,0,1558,128,14780,1,50,1176,0,0,0,0
123,0,1,1,ACCEPT,12.0390,2.0731,1333,-9,6,0.0105,283.11,740.50,9.50,12.42,421.00,970.00,8.00,20.00,0.0000,267.74,1,0,3.3286,ACCEPT,0,1764,123,10464,1,50,1333,0,0,0,0
124,0,1,1,ACCEPT,11.0035,2.5000,680,-12,6,0.0176,279.55,742.84,9.50,12.42,416.50,966.00,9.00,24.00,0.0000,261.83,1,0,3.3362,ACCEPT,0,1031,145,14272,1,50,680,0,0,0,0
125,0,1,1,ACCEPT,8.1873,1.3933,999,-13,8,0.2232,275.69,745.97,9.50,12.42,413.50,963.00,11.00,26.00,0.0000,257.09,1,0,3.2859,ACCEPT,0,1626,163,4364,1,50,999,0,0,0,0
126,0,1,1,ACCEPT,7.4155,1.4453,185,-14,9,0.4162,271.53,749.48,9.50,12.42,409.50,960.50,11.00,25.00,0.0000,252.12,1,0,3.2519,ACCEPT,0,402,156,5336,1,50,185,0,0,0,0
127,0,1,1,ACCEPT,5.7669,1.2167,219,-15,12,0.1233,267.08,754.17,9.50,12.42,404.00,958.00,12.00,26.00,0.0000,245.55,1,0,3.3242,ACCEPT,0,639,126,6405,1,50,219,0,0,0,0
128,0,1,1,ACCEPT,9.2149,2.3417,281,-15,10,0.2954,262.62,758.08,9.50,12.42,400.50,956.50,11.00,25.00,0.0000,241.62,1,0,3.3402,ACCEPT,0,617,132,15261,1,50,281,0,0,0,0
129,0,1,0,NEGATIVE_PEAK,-5.0794,1.0213,-527,9,-4,0.4042,262.62,758.08,9.50,12.42,394.00,954.00,12.00,28.00,0.0000,235.89,0,0,0.0000,NOT_RUN,0,1797,151,0,1,50,527,0,0,0,0
130,0,1,1,ACCEPT,5.6563,1.0675,427,-8,-17,0.0726,260.25,751.44,9.50,12.42,386.50,955.00,9.00,22.00,0.0000,239.53,1,5,1.6486,MAX_STEP,0,1098,245,11816,1,50,427,0,0,0,0
131,0,1,0,LOW_PSR,4.1616,1.0020,503,16,-11,0.7535,260.25,751.44,9.50,12.42,379.00,949.50,10.00,19.00,0.0000,230.93,0,0,0.0000,NOT_RUN,0,1612,270,0,1,50,503,0,0,0,0
132,0,1,1,ACCEPT,6.1622,1.3736,728,1,-2,0.5632,260.55,750.66,9.50,12.42,373.00,950.00,12.00,24.00,0.0000,228.87,1,0,3.1281,ACCEPT,0,1933,237,12182,1,50,728,0,0,0,0
133,0,1,1,ACCEPT,11.5433,2.4723,670,14,-1,0.1910,264.70,750.27,9.88,12.92,370.00,947.50,8.00,23.00,0.0000,223.58,1,1,2.7611,ACCEPT,0,757,188,16694,1,50,670,0,0,0,0
134,0,1,1,ACCEPT,11.4281,1.3512,2601,6,-20,0.1499,266.58,742.14,9.88,12.92,365.00,945.50,10.00,23.00,0.0000,225.92,1,0,2.5929,ACCEPT,0,2865,179,14187,1,50,2601,0,0,0,0
135,0,1,1,ACCEPT,10.1453,1.8791,1197,-11,7,0.0159,263.14,744.98,10.27,13.44,360.00,942.00,12.00,26.00,0.0000,219.54,1,1,2.7705,ACCEPT,0,1533,100,17521,1,50,1197,0,0,0,0
136,0,1,1,ACCEPT,17.8270,3.8279,2113,-9,4,0.0700,260.19,746.67,10.69,13.97,355.50,938.00,13.00,24.00,0.0000,213.75,1,1,2.8039,ACCEPT,0,1907,102,20629,1,50,2113,0,0,0,0
137,0,1,1,ACCEPT,23.4654,3.9955,3580,-4,5,0.2008,258.88,748.86,11.11,14.53,355.50,933.00,11.00,22.00,0.0000,207.95,1,1,2.5907,ACCEPT,0,2722,92,18799,1,50,3580,0,0,0,0
138,0,1,1,ACCEPT,28.2151,4.2348,3625,-3,3,0.0979,257.84,750.22,11.56,15.11,355.50,929.00,9.00,26.00,0.0000,203.71,1,1,2.5814,ACCEPT,0,2346,92,16642,1,50,3625,0,0,0,0
139,0,1,1,ACCEPT,28.3860,4.7843,3282,-3,6,0.2051,256.77,753.03,11.56,15.11,353.00,924.00,12.00,28.00,0.0000,196.19,1,0,2.7381,ACCEPT,0,1961,118,18082,1,50,3282,0,0,0,0
140,0,1,1,ACCEPT,31.7543,4.9188,5150,-5,4,0.1381,254.97,754.91,11.56,15.11,349.50,920.50,9.00,23.00,0.0000,190.68,1,0,2.8085,ACCEPT,0,2976,127,15546,1,50,5150,0,0,0,0
141,0,1,1,ACCEPT,26.0949,3.4588,3649,-8,5,0.0603,252.09,757.25,12.02,15.72,344.50,918.00,9.00,24.00,0.0000,185.42,1,1,2.8047,ACCEPT,0,2252,124,14474,1,50,3649,0,0,0,0
142,0,1,1,ACCEPT,36.4143,5.2643,4801,-4,4,0.1383,250.59,759.19,12.50,16.35,339.50,913.00,9.00,20.00,0.0000,177.66,1,1,2.8440,ACCEPT,0,2534,102,16238,1,50,4801,0,0,0,0
143,0,1,1,ACCEPT,35.7490,4.8348,4946,-5,4,0.1035,248.64,761.25,13.00,17.00,336.50,909.50,9.00,21.00,0.0000,172.33,1,1,2.7418,ACCEPT,0,2356,112,18508,1,50,4946,0,0,0,0
144,0,1,1,ACCEPT,35.4002,5.2634,5874,-1,4,0.1602,248.23,763.38,13.00,17.00,335.00,907.50,8.00,23.00,0.0000,168.23,1,0,2.8590,ACCEPT,0,2597,102,18990,1,50,5874,0,0,0,0
145,0,1,1,ACCEPT,37.7144,5.2686,6786,-1,3,0.0594,247.83,764.97,13.00,17.00,332.50,901.50,7.00,23.00,0.0000,160.66,1,0,2.9373,ACCEPT,0,3218,105,15680,1,50,6786,0,0,0,0
146,0,1,1,ACCEPT,36.6649,5.8544,5228,-3,1,0.2096,246.61,765.50,13.52,17.68,331.00,896.50,8.00,25.00,0.0000,155.83,1,1,2.9489,ACCEPT,0,2667,110,9669,1,50,5228,0,0,0,0
147,0,1,1,ACCEPT,31.5348,4.8859,3469,-5,1,0.0551,244.50,766.05,14.06,18.39,330.50,891.50,7.00,23.00,0.0000,152.10,1,1,2.9958,ACCEPT,0,1794,130,6644,1,50,3469,0,0,0,0
148,0,1,1,ACCEPT,35.0185,5.4162,2876,-1,2,0.5163,244.06,767.20,14.62,19.12,331.00,885.50,8.00,27.00,0.0000,146.81,1,1,2.9520,ACCEPT,0,1576,114,16771,1,50,2876,0,0,0,0
149,0,1,1,ACCEPT,35.4036,5.7014,7064,-1,2,0.3880,243.61,768.39,14.62,19.12,332.50,881.50,7.00,27.00,0.0000,143.86,1,0,2.8405,ACCEPT,0,3407,109,9357,1,50,7064,0,0,0,0
150,0,1,1,ACCEPT,29.7947,5.8275,3310,-2,3,0.0801,242.70,770.17,14.62,19.12,334.50,873.50,9.00,27.00,0.0000,138.21,1,0,2.7743,ACCEPT,0,1695,126,12570,1,50,3310,0,0,0,0
151,0,1,1,ACCEPT,27.1097,3.4202,4607,-4,2,0.0653,240.89,771.36,14.62,19.12,336.00,865.00,8.00,28.00,0.0000,133.47,1,0,2.9012,ACCEPT,0,2649,147,14269,1,50,4607,0,0,0,0
152,0,1,1,ACCEPT,29.2349,4.1916,5491,-5,2,0.0714,238.62,772.55,14.62,19.12,335.50,861.00,7.00,26.00,0.0000,131.18,1,0,2.8405,ACCEPT,0,2914,142,12326,1,50,5491,0,0,0,0
153,0,1,1,ACCEPT,27.9676,4.0364,5211,-8,1,0.0516,235.00,773.14,15.21,19.89,335.50,853.50,9.00,27.00,0.0000,128.68,1,1,2.9842,ACCEPT,0,2747,136,8903,1,50,5211,0,0,0,0
154,0,1,1,ACCEPT,32.5574,5.7781,4062,-6,2,0.0623,232.19,774.39,15.82,20.68,333.00,846.00,10.00,28.00,0.0000,123.66,1,1,2.9467,ACCEPT,0,1986,134,10905,1,50,4062,0,0,0,0
155,0,1,1,ACCEPT,25.6383,3.4813,3725,-8,2,0.0510,228.19,775.67,15.82,20.68,331.50,839.50,9.00,27.00,0.0000,121.44,1,0,2.9545,ACCEPT,0,1791,129,9146,1,50,3725,0,0,0,0
156,0,1,1,ACCEPT,36.2805,6.6678,5821,-5,0,0.0551,225.69,775.67,16.45,21.51,332.50,831.50,7.00,25.00,0.0000,120.52,1,1,2.9968,ACCEPT,0,2625,115,3491,1,50,5821,0,0,0,0
157,0,1,1,ACCEPT,33.5506,6.8421,2210,-2,1,0.2588,224.66,776.34,17.11,22.37,335.00,824.00,8.00,26.00,0.0000,120.20,1,1,3.0276,ACCEPT,0,1121,95,11387,1,50,2210,0,0,0,0
158,0,1,1,ACCEPT,28.6782,5.2956,6217,3,3,0.1575,226.25,778.45,17.11,22.37,338.00,816.00,8.00,26.00,0.0000,117.89,1,0,2.9197,ACCEPT,0,3488,68,9196,1,50,6217,0,0,0,0
159,0,1,1,ACCEPT,32.8174,5.8746,4917,3,2,0.2455,227.84,779.86,17.11,22.37,341.50,808.50,9.00,25.00,0.0000,117.21,1,0,2.9246,ACCEPT,0,2582,87,13640,1,50,4917,0,0,0,0
160,0,1,1,ACCEPT,36.0322,6.8573,6823,1,1,0.7132,228.38,780.56,17.79,23.27,343.00,801.00,10.00,26.00,0.0000,116.43,1,1,3.0045,ACCEPT,0,3422,92,8103,1,50,6823,0,0,0,0
161,0,1,1,ACCEPT,29.9898,6.2841,3783,-1,2,0.2403,227.81,782.03,18.50,24.20,344.50,793.50,9.00,29.00,0.0000,117.25,1,1,3.0542,ACCEPT,0,2175,115,11103,1,50,3783,0,0,0,0
162,0,1,1,ACCEPT,27.0529,5.4614,5800,-4,5,0.1110,225.50,785.78,18.50,24.20,344.50,789.00,9.00,24.00,0.0000,119.04,1,0,2.7760,ACCEPT,0,3449,119,9841,1,50,5800,0,0,0,0
163,0,1,1,ACCEPT,28.5562,5.5466,6068,-4,3,0.1460,223.19,788.03,18.50,24.20,342.50,781.00,11.00,28.00,0.0000,119.52,1,0,2.8620,ACCEPT,0,3306,133,8940,1,50,6068,0,0,0,0
164,0,1,1,ACCEPT,31.8186,7.6279,5576,-3,5,0.1180,221.45,791.78,18.50,24.20,341.50,774.50,11.00,29.00,0.0000,121.28,1,0,2.9094,ACCEPT,0,2811,112,9812,1,50,5576,0,0,0,0
165,0,1,1,ACCEPT,30.1218,7.3338,5185,-5,5,0.0719,218.56,795.53,18.50,24.20,338.50,769.00,11.00,26.00,0.0000,122.84,1,0,3.0026,ACCEPT,0,2704,111,7230,1,50,5185,0,0,0,0
166,0,1,1,ACCEPT,22.3521,3.4154,3511,-8,5,0.0293,213.94,799.28,18.50,24.20,334.00,763.50,12.00,25.00,0.0000,125.28,1,0,2.9689,ACCEPT,0,2184,139,4967,1,50,3511,0,0,0,0
167,0,1,1,ACCEPT,24.3973,4.4248,2708,-7,7,0.0369,209.89,804.53,18.50,24.20,328.50,757.50,9.00,23.00,0.0000,127.59,1,0,2.9561,ACCEPT,0,1505,114,10152,1,50,2708,0,0,0,0
168,0,1,1,ACCEPT,23.2208,3.8767,5249,-9,6,0.0307,204.69,809.03,18.50,24.20,322.50,754.00,13.00,26.00,0.0000,130.03,1,0,2.9221,ACCEPT,0,3267,131,7814,1,50,5249,0,0,0,0
169,0,1,1,ACCEPT,23.9155,3.8576,4525,-9,7,0.0303,199.48,814.28,18.50,24.20,317.50,749.50,11.00,25.00,0.0000,134.63,1,0,2.9652,ACCEPT,0,2414,128,9068,1,50,4525,0,0,0,0
170,0,1,1,ACCEPT,22.2036,4.6625,3385,-9,8,0.0582,194.28,820.28,18.50,24.20,310.50,745.00,13.00,30.00,0.0000,138.47,1,0,2.9510,ACCEPT,0,1920,102,9524,1,50,3385,0,0,0,0
171,0,1,1,ACCEPT,10.1647,2.2500,1674,-10,7,0.0514,188.50,825.53,18.50,24.20,303.00,742.50,12.00,25.00,0.0000,141.44,1,0,3.1484,ACCEPT,0,1987,135,8253,1,50,1674,0,0,0,0
172,0,1,1,ACCEPT,6.1743,1.3781,1108,-6,-2,0.0912,185.03,824.03,19.24,25.16,295.00,737.00,14.00,26.00,0.0000,140.24,1,1,3.1621,ACCEPT,0,2599,189,5798,1,50,1108,0,0,0,0
173,0,1,1,ACCEPT,9.9047,2.1772,1794,0,-6,0.0936,185.03,819.34,20.01,26.17,287.50,732.00,13.00,24.00,0.0000,134.64,1,1,3.2737,ACCEPT,0,4214,455,3442,1,50,1794,0,0,0,0
174,0,1,1,ACCEPT,8.1188,1.6640,1025,1,1,0.8732,185.66,820.16,20.81,27.22,280.00,725.00,16.00,26.00,0.0000,134.00,1,1,3.3243,ACCEPT,0,2479,345,2386,1,50,1025,0,0,0,0
175,0,1,1,ACCEPT,9.3797,1.6950,717,-1,-3,0.8020,185.00,817.62,20.81,27.22,276.00,722.00,16.00,26.00,0.0000,132.00,1,0,3.2414,ACCEPT,0,1260,269,2526,1,50,717,0,0,0,0
176,0,1,1,ACCEPT,9.2057,1.6156,601,1,1,0.8003,185.66,818.47,20.81,27.22,270.50,718.00,15.00,24.00,0.0000,131.50,1,0,3.4286,ACCEPT,0,1086,290,3034,1,50,601,0,0,0,0
177,0,1,1,ACCEPT,7.0002,1.4681,552,-1,2,0.7174,185.00,820.16,20.81,27.22,266.00,714.00,18.00,22.00,0.0000,133.53,1,0,3.3703,ACCEPT,0,1192,218,3507,1,50,552,0,0,0,0
178,0,1,1,ACCEPT,7.5117,1.5352,588,1,3,0.8384,185.66,822.69,20.81,27.22,261.50,710.00,17.00,20.00,0.0000,135.83,1,0,3.4786,ACCEPT,0,1188,262,3169,1,50,588,0,0,0,0
179,0,1,1,ACCEPT,7.6932,1.3113,674,0,5,0.6899,185.66,826.91,20.81,27.22,257.50,707.00,17.00,20.00,0.0000,139.78,1,0,3.4219,ACCEPT,0,1270,225,3392,1,50,674,0,0,0,0
180,0,1,1,ACCEPT,7.8511,1.2907,626,0,1,0.9808,185.66,827.75,20.81,27.22,254.00,702.00,18.00,20.00,0.0000,143.12,1,0,3.4620,ACCEPT,0,1234,229,3730,1,50,626,0,0,0,0
181,0,1,1,ACCEPT,8.5888,1.1282,757,1,4,0.8877,186.31,831.12,20.81,27.22,252.00,700.00,20.00,20.00,0.0000,146.66,1,0,3.3738,ACCEPT,0,1292,242,4741,1,50,757,0,0,0,0
182,0,1,1,ACCEPT,5.6063,1.0700,627,1,0,0.8628,186.97,831.12,20.81,27.22,248.50,697.00,19.00,20.00,0.0000,147.57,1,0,3.3169,ACCEPT,0,1455,242,5861,1,50,627,0,0,0,0
183,0,1,1,ACCEPT,5.5647,1.0435,672,1,11,0.7753,187.62,840.41,20.81,27.22,246.00,693.50,20.00,19.00,0.0000,158.08,1,0,3.4685,ACCEPT,0,1514,248,9182,1,50,672,0,0,0,0
184,0,1,1,ACCEPT,5.3372,1.1201,1259,0,7,0.6497,187.62,846.31,20.81,27.22,244.00,689.50,20.00,21.00,0.0000,166.64,1,0,3.4733,ACCEPT,0,2976,214,7341,1,50,1259,0,0,0,0
185,0,1,1,ACCEPT,8.7053,1.6710,1290,0,1,0.9093,187.62,847.16,20.81,27.22,242.00,687.00,20.00,20.00,0.0000,169.14,1,0,3.4896,ACCEPT,0,2142,208,10871,1,50,1290,0,0,0,0
186,0,1,1,ACCEPT,5.2182,1.0433,1061,1,5,0.8680,188.28,851.38,20.81,27.22,240.00,684.50,20.00,21.00,0.0000,174.71,1,0,3.3561,ACCEPT,0,2836,275,10351,1,50,1061,0,0,0,0
187,0,1,1,ACCEPT,6.3653,1.3373,1471,1,5,0.5676,188.94,855.59,20.81,27.22,237.50,680.00,19.00,20.00,0.0000,182.19,1,0,3.3018,ACCEPT,0,3066,259,11601,1,50,1471,0,0,0,0
188,0,1,1,ACCEPT,6.9083,1.3856,1581,-1,-3,0.7331,188.28,853.06,20.81,27.22,235.00,676.50,18.00,21.00,0.0000,182.64,1,0,3.4276,ACCEPT,0,2710,275,10691,1,50,1581,0,0,0,0
189,0,1,1,ACCEPT,7.5597,1.2253,1974,1,2,0.8592,188.94,854.75,20.81,27.22,232.50,672.50,17.00,21.00,0.0000,187.38,1,0,3.2651,ACCEPT,0,3450,300,13335,1,50,1974,0,0,0,0
190,0,1,1,ACCEPT,8.0671,1.5605,1921,-1,-2,0.7834,188.28,853.06,20.81,27.22,230.00,667.00,18.00,22.00,0.0000,190.68,1,0,3.3829,ACCEPT,0,3106,332,9448,1,50,1921,0,0,0,0
191,0,1,1,ACCEPT,9.2954,1.3215,1969,1,1,0.8984,188.94,853.91,21.65,28.31,228.00,662.00,18.00,22.00,0.0000,195.84,1,1,3.2286,ACCEPT,0,3316,306,9703,1,50,1969,0,0,0,0
192,0,1,1,ACCEPT,9.3566,1.8239,1481,-1,-3,0.5098,188.27,851.23,21.65,28.31,226.50,656.00,17.00,20.00,0.0000,198.94,1,0,3.4485,ACCEPT,0,2714,332,6624,1,50,1481,0,0,0,0
193,0,1,1,ACCEPT,9.9488,1.6066,1311,0,2,0.9420,188.27,853.02,21.65,28.31,226.00,649.50,18.00,19.00,0.0000,206.98,1,0,3.3355,ACCEPT,0,2394,315,6974,1,50,1311,0,0,0,0
194,0,1,1,ACCEPT,10.3259,2.1373,1977,0,1,0.9879,188.27,853.91,21.65,28.31,225.50,643.00,19.00,22.00,0.0000,214.17,1,0,3.3627,ACCEPT,0,3482,309,6444,1,50,1977,0,0,0,0
195,0,1,1,ACCEPT,8.6585,1.4452,1795,0,-2,0.8301,188.27,852.12,21.65,28.31,225.50,637.00,19.00,22.00,0.0000,218.32,1,0,3.2320,ACCEPT,0,3558,304,6264,1,50,1795,0,0,0,0
196,0,1,1,ACCEPT,10.0214,1.3878,1596,0,0,1.0000,188.27,852.12,21.65,28.31,226.00,630.00,18.00,22.00,0.0000,225.31,1,0,3.5067,ACCEPT,0,2705,288,5635,1,50,1596,0,0,0,0
197,0,1,1,ACCEPT,12.0771,1.6480,1676,0,-3,0.8490,188.27,849.45,21.65,28.31,226.00,622.50,18.00,21.00,0.0000,230.07,1,0,3.5102,ACCEPT,0,2703,296,4463,1,50,1676,0,0,0,0
198,0,1,1,ACCEPT,12.7805,1.7099,1556,0,1,0.9884,188.27,850.34,21.65,28.31,225.00,614.50,18.00,21.00,0.0000,238.69,1,0,3.5338,ACCEPT,0,2298,278,4569,1,50,1556,0,0,0,0
199,0,1,1,ACCEPT,12.2464,1.6516,1503,0,-3,0.7924,188.27,847.67,21.65,28.31,224.50,606.50,19.00,21.00,0.0000,243.88,1,0,3.5385,ACCEPT,0,2389,310,4713,1,50,1503,0,0,0,0
200,0,1,1,ACCEPT,9.3104,1.4289,1266,0,2,0.8594,188.27,849.45,21.65,28.31,223.00,598.00,18.00,22.00,0.0000,253.84,1,0,3.5345,ACCEPT,0,2145,309,4858,1,50,1266,0,0,0,0
201,0,1,1,ACCEPT,15.2274,2.4219,1814,0,-1,0.9542,188.27,848.56,21.65,28.31,222.50,591.00,17.00,22.00,0.0000,259.83,1,0,3.4181,ACCEPT,0,2320,300,5105,1,50,1814,0,0,0,0
202,0,1,1,ACCEPT,11.6034,1.3525,1784,0,1,0.9804,188.27,849.45,21.65,28.31,222.50,582.50,17.00,21.00,0.0000,269.14,1,0,3.4581,ACCEPT,0,2749,323,5740,1,50,1784,0,0,0,0
203,0,1,1,ACCEPT,14.3836,2.5409,1771,0,1,0.9977,188.27,850.34,21.65,28.31,220.50,574.50,17.00,19.00,0.0000,277.72,1,0,3.4812,ACCEPT,0,2277,317,6312,1,50,1771,0,0,0,0
204,0,1,1,ACCEPT,15.1488,2.2002,2132,0,-5,0.4475,188.27,845.89,21.65,28.31,220.50,567.00,17.00,20.00,0.0000,280.75,1,0,3.4659,ACCEPT,0,2444,297,6466,1,50,2132,0,0,0,0
205,0,1,1,ACCEPT,16.8047,2.3527,2108,0,0,1.0000,188.27,845.89,21.65,28.31,219.50,559.50,19.00,23.00,0.0000,288.09,1,0,3.5358,ACCEPT,0,2440,301,5734,1,50,2108,0,0,0,0
206,0,1,1,ACCEPT,13.7126,2.1717,2087,0,-5,0.5232,188.27,841.44,21.65,28.31,219.00,552.00,18.00,22.00,0.0000,291.06,1,0,3.5436,ACCEPT,0,2636,318,6067,1,50,2087,0,0,0,0
207,0,1,1,ACCEPT,14.8905,1.6215,1722,0,2,0.8351,188.27,843.22,21.65,28.31,219.50,545.00,19.00,20.00,0.0000,299.85,1,0,3.5114,ACCEPT,0,2210,292,6522,1,50,1722,0,0,0,0
208,0,1,1,ACCEPT,12.5826,1.6051,1642,0,-1,0.9775,188.27,842.33,21.65,28.31,221.50,539.50,19.00,21.00,0.0000,304.65,1,0,3.5151,ACCEPT,0,2003,276,7415,1,50,1642,0,0,0,0
209,0,1,1,ACCEPT,11.1197,1.4409,1791,0,1,0.9626,188.27,843.22,21.65,28.31,222.00,533.50,20.00,21.00,0.0000,311.55,1,0,3.5471,ACCEPT,0,2365,312,6603,1,50,1791,0,0,0,0
210,0,1,1,ACCEPT,13.2749,1.7717,1692,0,-2,0.8050,188.27,841.44,21.65,28.31,221.00,526.50,20.00,19.00,0.0000,316.63,1,0,3.5408,ACCEPT,0,2152,315,7080,1,50,1692,0,0,0,0
211,0,1,1,ACCEPT,12.8231,1.3262,1683,0,1,0.9632,188.27,842.33,21.65,28.31,223.00,521.50,18.00,19.00,0.0000,322.70,1,0,3.5399,ACCEPT,0,2323,324,7083,1,50,1683,0,0,0,0
212,0,1,1,ACCEPT,15.2495,1.6253,1822,0,0,1.0000,188.27,842.33,21.65,28.31,223.00,517.00,18.00,18.00,0.0000,327.18,1,0,3.5275,ACCEPT,0,2182,319,7941,1,50,1822,0,0,0,0
213,0,1,1,ACCEPT,15.3817,1.9737,1952,0,-2,0.7853,188.27,840.55,21.65,28.31,224.00,512.50,18.00,17.00,0.0000,329.99,1,0,3.5190,ACCEPT,0,2187,277,8108,1,50,1952,0,0,0,0
214,0,1,1,ACCEPT,8.9352,1.0762,1228,0,6,0.6629,188.27,845.89,21.65,28.31,224.50,508.50,19.00,19.00,0.0000,339.33,1,0,3.5234,ACCEPT,0,1940,305,9044,1,50,1228,0,0,0,0
215,0,1,1,ACCEPT,14.0964,2.0023,1712,0,-5,0.5549,188.27,841.44,21.65,28.31,225.50,504.50,17.00,17.00,0.0000,338.99,1,0,3.5205,ACCEPT,0,1929,298,8764,1,50,1712,0,0,0,0
216,0,1,1,ACCEPT,13.6741,1.5926,1755,0,4,0.5590,188.27,845.00,21.65,28.31,226.00,501.00,18.00,18.00,0.0000,346.06,1,0,3.5311,ACCEPT,0,2007,340,9225,1,50,1755,0,0,0,0
217,0,1,1,ACCEPT,15.6293,2.0170,2017,0,0,1.0000,188.27,845.00,21.65,28.31,226.00,496.50,20.00,19.00,0.0000,350.54,1,0,3.5168,ACCEPT,0,2349,339,10169,1,50,2017,0,0,0,0
218,0,1,1,ACCEPT,13.7122,1.4928,1878,0,-3,0.8365,188.27,842.33,21.65,28.31,229.00,493.00,20.00,20.00,0.0000,351.70,1,0,3.5117,ACCEPT,0,2442,297,8945,1,50,1878,0,0,0,0
219,0,1,1,ACCEPT,11.2048,1.6319,1627,0,7,0.3325,188.27,848.56,21.65,28.31,231.00,491.50,22.00,19.00,0.0000,359.61,1,0,3.4682,ACCEPT,0,2169,347,11827,1,50,1627,0,0,0,0
220,0,1,1,ACCEPT,12.8479,2.0218,1854,0,-1,0.9881,188.27,847.67,21.65,28.31,233.50,486.50,21.00,17.00,0.0000,363.99,1,0,3.4758,ACCEPT,0,2238,295,8059,1,50,1854,0,0,0,0
221,0,1,1,ACCEPT,12.4843,1.7007,1597,0,2,0.9080,188.27,849.45,21.65,28.31,236.50,486.00,19.00,18.00,0.0000,366.64,1,0,3.4496,ACCEPT,0,2107,312,7555,1,50,1597,0,0,0,0
222,0,1,1,ACCEPT,14.1988,1.9842,1637,0,-1,0.9817,188.27,848.56,21.65,28.31,240.50,483.50,19.00,19.00,0.0000,368.78,1,0,3.4251,ACCEPT,0,2058,285,7137,1,50,1637,0,0,0,0
223,0,1,1,ACCEPT,13.1470,1.4357,1753,0,2,0.9390,188.27,850.34,21.65,28.31,243.00,481.00,20.00,20.00,0.0000,373.38,1,0,3.4449,ACCEPT,0,2319,321,7162,1,50,1753,0,0,0,0
224,0,1,1,ACCEPT,15.0231,1.6487,1840,0,0,1.0000,188.27,850.34,21.65,28.31,247.00,478.50,20.00,19.00,0.0000,376.45,1,0,3.4206,ACCEPT,0,2075,324,6989,1,50,1840,0,0,0,0
225,0,1,1,ACCEPT,15.3868,1.4974,2035,0,-4,0.6899,188.27,846.78,21.65,28.31,250.50,476.50,19.00,19.00,0.0000,375.47,1,0,3.4257,ACCEPT,0,2213,327,6474,1,50,2035,0,0,0,0
226,0,1,1,ACCEPT,13.2825,1.4742,1458,0,5,0.7174,188.27,851.23,21.65,28.31,253.50,475.00,19.00,20.00,0.0000,381.85,1,0,3.4764,ACCEPT,0,2002,299,7168,1,50,1458,0,0,0,0
227,0,1,1,ACCEPT,15.3151,1.6232,1990,0,-4,0.7387,188.27,847.67,21.65,28.31,257.50,473.00,19.00,18.00,0.0000,381.01,1,0,3.4378,ACCEPT,0,2104,338,8198,1,50,1990,0,0,0,0
228,0,1,1,ACCEPT,16.0601,1.7753,1983,0,1,0.9864,188.27,848.56,21.65,28.31,262.50,472.00,19.00,20.00,0.0000,383.81,1,0,3.4710,ACCEPT,0,2194,326,7045,1,50,1983,0,0,0,0
229,0,1,1,ACCEPT,19.2026,2.2794,1860,0,-2,0.8548,188.27,846.78,21.65,28.31,265.50,469.50,19.00,19.00,0.0000,385.11,1,0,3.4517,ACCEPT,0,1773,334,6824,1,50,1860,0,0,0,0
230,0,1,1,ACCEPT,19.9718,2.2797,1744,0,-1,0.9163,188.27,845.89,21.65,28.31,268.50,469.00,19.00,20.00,0.0000,385.34,1,0,3.4486,ACCEPT,0,1719,314,6841,1,50,1744,0,0,0,0
231,0,1,1,ACCEPT,21.0017,2.6623,1813,0,0,1.0000,188.27,845.89,21.65,28.31,270.00,468.00,20.00,20.00,0.0000,386.63,1,0,3.4565,ACCEPT,0,1664,301,7196,1,50,1813,0,0,0,0
232,0,1,1,ACCEPT,18.4245,2.1202,1694,0,0,1.0000,188.27,845.89,21.65,28.31,271.50,467.00,19.00,20.00,0.0000,387.93,1,0,3.4708,ACCEPT,0,1723,288,6192,1,50,1694,0,0,0,0
233,0,1,1,ACCEPT,21.5073,3.0833,1591,0,1,0.9535,188.27,846.78,21.65,28.31,274.50,466.50,19.00,21.00,0.0000,389.94,1,0,3.4558,ACCEPT,0,1528,262,7392,1,50,1591,0,0,0,0
234,0,1,1,ACCEPT,13.4233,1.4241,1669,0,-7,0.6806,188.27,840.55,21.65,28.31,278.00,467.00,18.00,20.00,0.0000,384.17,1,0,3.4857,ACCEPT,0,1970,295,10472,1,50,1669,0,0,0,0
235,0,1,1,ACCEPT,15.8521,2.1538,1751,0,1,0.9852,188.27,841.44,21.65,28.31,281.50,467.00,19.00,20.00,0.0000,385.87,1,0,3.4654,ACCEPT,0,1944,276,9646,1,50,1751,0,0,0,0
236,0,1,1,ACCEPT,10.9980,1.4502,1501,0,0,1.0000,188.27,841.44,21.65,28.31,286.00,468.00,18.00,18.00,0.0000,386.01,1,0,3.3981,ACCEPT,0,1712,307,10963,1,50,1501,0,0,0,0
237,0,1,1,ACCEPT,13.7185,1.8094,1737,0,0,1.0000,188.27,841.44,21.65,28.31,290.00,468.50,18.00,21.00,0.0000,386.56,1,0,3.3592,ACCEPT,0,2069,268,11061,1,50,1737,0,0,0,0
238,0,1,1,ACCEPT,13.5139,1.5700,1581,0,3,0.7774,188.27,844.11,21.65,28.31,294.00,469.00,18.00,20.00,0.0000,389.73,1,0,3.3527,ACCEPT,0,2072,242,9299,1,50,1581,0,0,0,0
239,0,1,1,ACCEPT,14.4165,2.0593,1388,0,-1,0.9135,188.27,843.22,21.65,28.31,296.00,472.00,16.00,20.00,0.0000,386.54,1,0,3.4025,ACCEPT,0,1656,249,8918,1,50,1388,0,0,0,0
240,0,1,1,ACCEPT,13.1327,1.6581,1038,0,1,0.9788,188.27,844.11,21.65,28.31,299.50,472.50,19.00,23.00,0.0000,387.90,1,0,3.4632,ACCEPT,0,1543,244,8029,1,50,1038,0,0,0,0
241,0,1,1,ACCEPT,15.0621,1.9815,1181,0,1,0.9196,188.27,845.00,21.65,28.31,299.50,474.00,15.00,20.00,0.0000,387.32,1,0,3.4369,ACCEPT,0,1567,244,8792,1,50,1181,0,0,0,0
242,0,1,1,ACCEPT,14.2449,2.0874,1313,0,-4,0.5423,188.27,841.44,21.65,28.31,303.00,476.00,14.00,20.00,0.0000,383.03,1,0,3.3959,ACCEPT,0,1800,261,9198,1,50,1313,0,0,0,0
243,0,1,1,ACCEPT,14.2638,1.7280,1156,0,3,0.8365,188.27,844.11,21.65,28.31,305.50,477.50,13.00,19.00,0.0000,384.90,1,0,3.3766,ACCEPT,0,1618,249,9265,1,50,1156,0,0,0,0
244,0,1,1,ACCEPT,16.3881,2.1091,1160,0,1,0.9431,188.27,845.00,21.65,28.31,308.00,479.50,14.00,21.00,0.0000,384.61,1,0,3.3597,ACCEPT,0,1499,231,9024,1,50,1160,0,0,0,0
245,0,1,1,ACCEPT,16.9733,2.6100,1258,0,-2,0.8307,188.27,843.22,21.65,28.31,310.50,481.50,15.00,19.00,0.0000,381.81,1,0,3.3392,ACCEPT,0,1518,243,10022,1,50,1258,0,0,0,0
246,0,1,1,ACCEPT,10.2096,1.0513,923,0,6,0.9512,188.27,848.56,21.65,28.31,311.50,483.00,15.00,20.00,0.0000,385.78,1,0,3.3681,ACCEPT,0,1270,261,11432,1,50,923,0,0,0,0
247,0,1,1,ACCEPT,14.2735,2.1462,1380,0,-5,0.4065,188.27,844.11,21.65,28.31,314.00,484.00,16.00,20.00,0.0000,381.43,1,0,3.3308,ACCEPT,0,1702,231,10576,1,50,1380,0,0,0,0
248,0,1,1,ACCEPT,13.2202,1.6702,947,0,1,0.9884,188.27,845.00,21.65,28.31,315.50,485.00,15.00,20.00,0.0000,381.82,1,0,3.4737,ACCEPT,0,1293,250,10423,1,50,947,0,0,0,0
249,0,1,1,ACCEPT,14.4251,1.6771,1018,0,-1,0.9921,188.27,844.11,21.65,28.31,319.00,486.50,16.00,21.00,0.0000,380.76,1,0,3.4823,ACCEPT,0,1307,252,9814,1,50,1018,0,0,0,0
250,0,1,1,ACCEPT,10.6658,1.1874,830,0,7,0.8036,188.27,850.34,21.65,28.31,323.00,485.50,14.00,19.00,0.0000,388.93,1,0,3.4286,ACCEPT,0,1224,270,7735,1,50,830,0,0,0,0
251,0,1,1,ACCEPT,11.0970,1.1516,813,0,-2,0.8020,188.27,848.56,21.65,28.31,326.50,486.00,17.00,22.00,0.0000,388.02,1,0,3.3121,ACCEPT,0,1052,313,6189,1,50,813,0,0,0,0
252,0,1,1,ACCEPT,13.9380,2.5312,853,0,-4,0.5064,188.27,845.00,21.65,28.31,329.00,486.00,20.00,22.00,0.0000,385.60,1,0,3.4016,ACCEPT,0,833,298,6215,1,50,853,0,0,0,0
253,0,1,1,ACCEPT,17.1966,2.3245,881,0,-1,0.9489,188.27,844.11,21.65,28.31,331.00,482.50,20.00,21.00,0.0000,388.76,1,0,3.4432,ACCEPT,0,904,309,12411,1,50,881,0,0,0,0
254,0,1,1,ACCEPT,18.5667,2.5411,1578,0,1,0.9956,188.27,845.00,21.65,28.31,330.00,480.00,12.00,16.00,0.0000,391.55,1,0,3.4127,ACCEPT,0,1821,272,13522,1,50,1578,0,0,0,0
255,0,1,1,ACCEPT,17.8877,2.1889,1692,0,2,0.8830,188.27,846.78,21.65,28.31,332.50,480.00,13.00,20.00,0.0000,394.12,1,0,3.4209,ACCEPT,0,1630,289,12139,1,50,1692,0,0,0,0
256,0,1,1,ACCEPT,21.5782,1.9842,1633,0,-1,0.9149,188.27,845.89,21.65,28.31,331.00,478.00,20.00,20.00,0.0000,394.61,1,0,3.3975,ACCEPT,0,1365,301,15013,1,50,1633,0,0,0,0
257,0,1,1,ACCEPT,16.3533,1.4832,1636,0,-1,0.9914,188.27,845.00,21.65,28.31,330.00,475.50,16.00,23.00,0.0000,395.75,1,0,3.3732,ACCEPT,0,1663,282,12363,1,50,1636,0,0,0,0
258,0,1,1,ACCEPT,19.8764,2.0330,1480,0,1,0.9419,188.27,845.89,21.65,28.31,330.50,471.00,15.00,24.00,0.0000,400.97,1,0,3.3677,ACCEPT,0,1457,269,13552,1,50,1480,0,0,0,0
259,0,1,1,ACCEPT,15.6430,1.7059,1479,0,-5,0.6673,188.27,841.44,21.65,28.31,330.50,470.00,13.00,22.00,0.0000,397.74,1,0,3.3972,ACCEPT,0,1464,250,12394,1,50,1479,0,0,0,0
260,0,1,1,ACCEPT,18.8101,2.8000,1638,0,5,0.4231,188.27,845.89,21.65,28.31,330.00,467.50,14.00,19.00,0.0000,404.06,1,0,3.3852,ACCEPT,0,1800,237,12521,1,50,1638,0,0,0,0
261,0,1,1,ACCEPT,12.5050,1.7821,1153,0,-4,0.8153,188.27,842.33,21.65,28.31,330.50,465.00,15.00,22.00,0.0000,403.25,1,0,3.3745,ACCEPT,0,1235,201,12012,1,50,1153,0,0,0,0
262,0,1,1,ACCEPT,17.5426,2.3258,1542,0,0,1.0000,188.27,842.33,21.65,28.31,332.50,463.00,11.00,20.00,0.0000,405.82,1,0,3.4197,ACCEPT,0,1516,194,11267,1,50,1542,0,0,0,0
263,0,1,1,ACCEPT,18.3876,2.8840,1442,0,1,0.9882,188.27,843.22,21.65,28.31,332.50,460.00,13.00,22.00,0.0000,409.46,1,0,3.4034,ACCEPT,0,1379,203,10546,1,50,1442,0,0,0,0
264,0,1,1,ACCEPT,16.4906,2.9341,1602,0,-1,0.9831,188.27,842.33,21.65,28.31,334.00,457.50,14.00,19.00,0.0000,411.50,1,0,3.3583,ACCEPT,0,1617,197,8887,1,50,1602,0,0,0,0
265,0,1,1,ACCEPT,17.3434,3.2688,1435,0,0,1.0000,188.27,842.33,21.65,28.31,335.00,454.50,14.00,21.00,0.0000,414.66,1,0,3.3133,ACCEPT,0,1425,198,8393,1,50,1435,0,0,0,0
266,0,1,1,ACCEPT,19.0342,3.1100,1499,0,-1,0.9460,188.27,841.44,21.65,28.31,334.00,452.00,14.00,22.00,0.0000,415.81,1,0,3.3538,ACCEPT,0,1471,229,8623,1,50,1499,0,0,0,0
267,0,1,1,ACCEPT,16.6170,3.4698,1551,1,0,0.9942,188.94,841.44,21.65,28.31,336.00,451.00,12.00,22.00,0.0000,417.22,1,0,3.1726,ACCEPT,0,1427,238,9068,1,50,1551,0,0,0,0
268,0,1,1,ACCEPT,19.0127,2.9200,1314,-1,0,0.9117,188.27,841.44,21.65,28.31,335.50,449.00,13.00,20.00,0.0000,419.15,1,0,3.1874,ACCEPT,0,1266,317,8305,1,50,1314,0,0,0,0
269,0,1,1,ACCEPT,22.1177,4.4916,1343,1,0,0.9486,188.94,841.44,21.65,28.31,337.00,450.00,14.00,22.00,0.0000,418.50,1,0,3.0133,ACCEPT,0,1110,280,7337,1,50,1343,0,0,0,0
270,0,1,1,ACCEPT,19.2706,3.5945,913,-1,1,0.9310,188.27,842.33,21.65,28.31,337.50,448.50,13.00,21.00,0.0000,421.15,1,0,3.1434,ACCEPT,0,902,341,8269,1,50,913,0,0,0,0
271,0,1,1,ACCEPT,22.3894,4.1187,1145,1,0,0.9301,188.94,842.33,21.65,28.31,337.00,449.50,14.00,21.00,0.0000,419.81,1,0,3.0558,ACCEPT,0,1067,283,6149,1,50,1145,0,0,0,0
272,0,1,1,ACCEPT,11.0341,1.3168,503,-1,-4,0.7972,188.27,838.77,21.65,28.31,337.50,450.00,15.00,20.00,0.0000,416.42,1,0,3.2694,ACCEPT,0,739,317,7225,1,50,503,0,0,0,0
273,0,1,1,ACCEPT,16.3713,3.0096,936,0,6,0.3152,188.27,844.11,21.65,28.31,338.50,451.00,15.00,20.00,0.0000,420.84,1,0,3.0558,ACCEPT,0,812,271,8417,1,50,936,0,0,0,0
274,0,1,1,ACCEPT,15.9361,3.4272,1107,1,-2,0.8672,188.94,842.33,21.65,28.31,338.00,452.50,12.00,17.00,0.0000,417.36,1,0,3.2215,ACCEPT,0,930,288,6112,1,50,1107,0,0,0,0
275,0,1,1,ACCEPT,16.5925,4.1055,817,-1,3,0.5214,188.27,845.00,21.65,28.31,339.00,454.50,12.00,17.00,0.0000,418.58,1,0,3.5110,ACCEPT,0,704,327,9955,1,50,817,0,0,0,0
276,0,1,1,ACCEPT,12.1265,1.9136,1284,0,-4,0.5717,188.27,841.44,21.65,28.31,339.50,455.50,11.00,17.00,0.0000,414.51,1,0,3.1963,ACCEPT,0,1746,310,7284,1,50,1284,0,0,0,0
277,0,1,1,ACCEPT,12.5621,1.7445,1270,0,6,0.1220,188.27,846.78,21.65,28.31,340.00,457.00,10.00,16.00,0.0000,418.27,1,0,3.1647,ACCEPT,0,1600,341,7417,1,50,1270,0,0,0,0
278,0,1,1,ACCEPT,18.1406,3.7322,1366,0,-1,0.9392,188.27,845.89,21.65,28.31,342.00,458.50,12.00,17.00,0.0000,416.78,1,0,3.1904,ACCEPT,0,1392,329,7501,1,50,1366,0,0,0,0
279,0,1,1,ACCEPT,12.2767,2.2474,1081,0,3,0.6864,188.27,848.56,21.65,28.31,342.00,458.00,14.00,16.00,0.0000,419.73,1,0,3.3331,ACCEPT,0,1268,339,7076,1,50,1081,0,0,0,0
280,0,1,1,ACCEPT,7.8198,1.0710,860,0,-7,0.2407,188.27,842.33,21.65,28.31,343.00,457.50,12.00,15.00,0.0000,414.77,1,0,3.0775,ACCEPT,0,1377,355,7994,1,50,860,0,0,0,0
281,0,1,1,ACCEPT,10.6875,1.6371,979,0,0,1.0000,188.27,842.33,21.65,28.31,343.50,456.00,11.00,16.00,0.0000,416.35,1,0,3.0771,ACCEPT,0,1231,360,6662,1,50,979,0,0,0,0
282,0,1,1,ACCEPT,7.6241,1.0833,559,0,12,0.6834,188.27,853.02,21.65,28.31,345.50,454.00,11.00,16.00,0.0000,428.88,1,0,3.2700,ACCEPT,0,1065,292,7439,1,50,559,0,0,0,0
283,0,1,1,ACCEPT,13.1434,2.1683,902,0,-7,0.3947,188.27,846.78,21.65,28.31,347.00,449.50,10.00,17.00,0.0000,427.82,1,0,3.4658,ACCEPT,0,1124,307,6826,1,50,902,0,0,0,0
284,0,1,1,ACCEPT,11.2936,1.4977,665,0,-2,0.8586,188.27,845.00,21.65,28.31,347.00,445.50,10.00,15.00,0.0000,429.88,1,0,3.3669,ACCEPT,0,909,317,7227,1,50,665,0,0,0,0
285,0,1,1,ACCEPT,13.0468,1.6529,681,0,0,1.0000,188.27,845.00,21.65,28.31,345.50,440.50,15.00,17.00,0.0000,433.98,1,0,3.2751,ACCEPT,0,887,313,7445,1,50,681,0,0,0,0
286,0,1,1,ACCEPT,18.9426,2.5659,934,0,1,0.9807,188.27,845.89,21.65,28.31,346.50,434.50,9.00,15.00,0.0000,440.77,1,0,3.2540,ACCEPT,0,918,329,7608,1,50,934,0,0,0,0
287,0,1,1,ACCEPT,19.0191,3.3356,964,0,-1,0.9813,188.27,845.00,21.65,28.31,345.00,429.50,10.00,15.00,0.0000,444.08,1,0,3.2624,ACCEPT,0,900,333,7272,1,50,964,0,0,0,0
288,0,1,1,ACCEPT,21.8463,3.8648,943,0,-1,0.9714,188.27,844.11,21.65,28.31,345.50,423.00,13.00,16.00,0.0000,449.51,1,0,3.2811,ACCEPT,0,869,318,7238,1,50,943,0,0,0,0
289,0,1,1,ACCEPT,23.7638,3.3763,996,0,-1,0.9890,188.27,843.22,21.65,28.31,341.50,417.50,11.00,15.00,0.0000,452.46,1,0,3.2607,ACCEPT,0,844,315,7372,1,50,996,0,0,0,0
290,0,1,1,ACCEPT,17.1324,2.5245,876,0,4,0.5936,188.27,846.78,21.65,28.31,339.00,413.00,12.00,14.00,0.0000,459.22,1,0,3.3108,ACCEPT,0,790,323,7659,1,50,876,0,0,0,0
291,0,1,1,ACCEPT,18.7053,3.2346,1048,1,-5,0.3626,188.94,842.33,21.65,28.31,335.00,407.00,12.00,14.00,0.0000,459.18,1,0,3.1579,ACCEPT,0,897,350,7016,1,50,1048,0,0,0,0
292,0,1,1,ACCEPT,10.5109,1.3765,574,-1,5,0.4739,188.27,846.78,21.65,28.31,331.50,401.00,11.00,14.00,0.0000,468.23,1,0,3.2918,ACCEPT,0,768,390,9404,1,50,574,0,0,0,0
293,0,1,1,ACCEPT,17.1386,2.7812,1335,0,-1,0.9378,188.27,845.89,21.65,28.31,328.50,395.50,9.00,15.00,0.0000,471.72,1,0,3.2206,ACCEPT,0,1136,351,6208,1,50,1335,0,0,0,0
294,0,1,1,ACCEPT,20.8473,2.8208,897,0,0,1.0000,188.27,845.89,21.65,28.31,325.00,389.50,10.00,15.00,0.0000,476.43,1,0,3.2426,ACCEPT,0,749,328,6241,1,50,897,0,0,0,0
295,0,1,1,ACCEPT,20.5760,3.2904,997,0,-1,0.9900,188.27,845.00,21.65,28.31,322.00,385.00,10.00,14.00,0.0000,479.05,1,0,3.2968,ACCEPT,0,771,324,5928,1,50,997,0,0,0,0
296,0,1,1,ACCEPT,18.9199,3.0936,925,0,2,0.8649,188.27,846.78,21.65,28.31,319.00,380.50,10.00,13.00,0.0000,484.26,1,0,3.3483,ACCEPT,0,795,310,8202,1,50,925,0,0,0,0
297,0,1,1,ACCEPT,26.2662,4.8085,1582,0,-2,0.7882,188.27,845.00,21.65,28.31,316.00,377.00,10.00,14.00,0.0000,485.12,1,0,3.5121,ACCEPT,0,998,298,6772,1,50,1582,0,0,0,0
298,0,1,1,ACCEPT,22.5775,4.2379,1051,0,0,1.0000,188.27,845.00,21.65,28.31,313.50,373.00,11.00,14.00,0.0000,488.33,1,0,3.4766,ACCEPT,0,813,292,7734,1,50,1051,0,0,0,0
299,0,1,1,ACCEPT,15.3621,1.9780,1080,0,0,1.0000,188.27,845.00,21.65,28.31,310.00,370.50,10.00,15.00,0.0000,489.87,1,0,3.5345,ACCEPT,0,964,294,8336,1,50,1080,0,0,0,0
300,0,1,1,ACCEPT,17.2014,2.9016,1120,0,0,1.0000,188.27,845.00,21.65,28.31,307.50,368.00,11.00,14.00,0.0000,491.68,1,0,3.5263,ACCEPT,0,995,315,7521,1,50,1120,0,0,0,0
301,0,1,1,ACCEPT,13.6777,1.9444,1188,0,0,1.0000,188.27,845.00,21.65,28.31,305.00,366.50,12.00,13.00,0.0000,492.53,1,0,3.4842,ACCEPT,0,1472,295,7691,1,50,1188,0,0,0,0
302,0,1,1,ACCEPT,18.9215,2.7266,1167,0,2,0.7661,188.27,846.78,21.65,28.31,302.00,365.00,10.00,14.00,0.0000,495.02,1,0,3.4895,ACCEPT,0,975,281,8048,1,50,1167,0,0,0,0
303,0,1,1,ACCEPT,18.8547,2.7734,1420,0,-1,0.9859,188.27,845.89,21.65,28.31,300.50,362.00,9.00,14.00,0.0000,496.74,1,0,3.4977,ACCEPT,0,1244,297,6742,1,50,1420,0,0,0,0
304,0,1,1,ACCEPT,23.0168,3.3900,1156,0,-1,0.9853,188.27,845.00,21.65,28.31,298.00,360.50,10.00,13.00,0.0000,496.77,1,0,3.4840,ACCEPT,0,808,307,7147,1,50,1156,0,0,0,0
0,0,0,0,ZERO_RESPONSE,0.0000,0.0000,0,0,0,0.0000,73.50,1219.50,15.00,17.00,73.50,1219.50,15.00,17.00,1.0000,0.00,1,0,0.0000,NOT_RUN,0,0,239,16240,2,100,0,0,0,0,0
1,0,1,0,NEGATIVE_PEAK,-4.7052,1.0615,-69,11,10,0.1014,73.50,1219.50,15.00,17.00,88.00,1225.50,10.00,15.00,0.0000,15.69,0,0,0.0000,NOT_RUN,0,296,98,0,2,100,69,0,0,0,0
2,0,1,1,ACCEPT,5.0215,1.0943,58,-13,-6,0.3793,67.41,1216.31,15.00,17.00,102.50,1231.50,11.00,19.00,0.0000,38.24,1,-7,1.0000,MAX_STEP,0,265,57,1709,2,100,58,0,0,0,0
3,0,1,1,ACCEPT,5.1434,1.4211,54,-15,-7,0.5185,60.38,1212.59,15.00,17.00,116.50,1236.50,9.00,15.00,0.0000,61.00,1,0,3.4841,ACCEPT,0,407,221,2292,2,100,54,0,0,0,0
4,0,1,0,LOW_PSR,4.0116,1.0769,14,-2,-7,0.2857,60.38,1212.59,15.00,17.00,131.00,1241.50,8.00,17.00,0.0000,76.31,0,0,0.0000,NOT_RUN,0,108,1091,0,2,100,14,0,0,0,0
5,0,1,1,ACCEPT,6.0278,1.1765,40,-6,-5,0.1250,57.56,1209.94,15.00,17.00,147.00,1246.50,8.00,19.00,0.0000,96.62,1,0,3.2430,ACCEPT,0,98,286,6967,2,100,40,0,0,0,0
6,0,1,1,ACCEPT,6.5649,1.3231,258,3,-9,0.0233,58.97,1205.16,15.00,17.00,163.50,1251.00,7.00,20.00,0.0000,114.14,1,0,2.8052,ACCEPT,0,653,184,4203,2,100,258,0,0,0,0
7,0,1,0,NEGATIVE_PEAK,-4.7992,1.0526,-40,-2,0,0.6500,58.97,1205.16,15.00,17.00,179.00,1253.50,6.00,19.00,0.0000,129.40,0,0,0.0000,NOT_RUN,0,117,102,0,2,100,40,0,0,0,0
8,0,1,1,ACCEPT,5.8187,1.0995,210,2,-5,0.4619,59.91,1202.50,15.00,17.00,194.00,1257.50,6.00,19.00,0.0000,144.93,1,-5,1.4540,MAX_STEP,0,830,647,3131,2,100,210,0,0,0,0
9,0,1,1,ACCEPT,11.6466,2.5930,223,-13,-9,0.0269,53.81,1197.72,15.00,17.00,211.00,1260.50,6.00,19.00,0.0000,169.26,1,0,2.7584,ACCEPT,0,301,131,5823,2,100,223,0,0,0,0
10,0,1,1,ACCEPT,5.6804,1.2686,222,4,-6,0.3153,55.69,1194.53,15.00,17.00,231.00,1264.00,6.00,18.00,0.0000,188.57,1,0,2.8232,ACCEPT,0,494,149,17959,2,100,222,0,0,0,0
11,0,1,1,ACCEPT,5.7032,1.0448,303,-3,5,0.4323,54.28,1197.19,15.00,17.00,251.00,1265.50,6.00,19.00,0.0000,208.24,1,0,2.6887,ACCEPT,0,945,235,8306,2,100,303,0,0,0,0
12,0,1,1,ACCEPT,6.9274,1.0968,170,-5,-2,0.5412,51.94,1196.12,15.00,17.00,269.00,1268.50,6.00,21.00,0.0000,228.81,1,5,1.7405,MAX_STEP,0,546,109,11380,2,100,170,0,0,0,0
13,0,1,0,NEGATIVE_PEAK,-4.4056,1.2500,-10,-3,5,0.3000,51.94,1196.12,15.00,17.00,284.50,1269.00,5.00,20.00,0.0000,243.71,0,0,0.0000,NOT_RUN,0,47,238,0,2,100,10,0,0,0,0
14,0,1,0,NEGATIVE_PEAK,-4.6774,1.3571,-19,1,-1,0.8421,51.94,1196.12,15.00,17.00,296.50,1268.50,5.00,21.00,0.0000,255.05,0,0,0.0000,NOT_RUN,0,77,375,0,2,100,19,0,0,0,0
15,0,1,0,NEGATIVE_PEAK,-3.0068,1.0000,-12,0,-1,0.9167,51.94,1196.12,15.00,17.00,305.50,1268.00,5.00,22.00,0.0000,263.55,0,0,0.0000,NOT_RUN,0,98,356,0,2,100,13,0,0,0,0
16,0,1,1,ACCEPT,5.3500,1.0000,19,-7,9,0.3684,48.66,1200.91,15.00,17.00,310.50,1265.50,5.00,19.00,0.0000,269.69,1,-8,1.3532,MAX_STEP,0,74,259,3409,2,100,19,0,0,0,0
17,0,1,1,ACCEPT,5.7368,1.1739,27,2,1,0.7407,49.59,1201.44,15.00,17.00,314.00,1262.00,6.00,18.00,0.0000,271.25,1,-6,1.1184,MAX_STEP,0,70,256,3058,2,100,27,0,0,0,0
18,0,1,1,ACCEPT,5.7131,1.3571,19,2,0,0.3684,50.53,1201.44,15.00,17.00,317.00,1259.00,6.00,22.00,0.0000,272.62,1,3,1.7810,MAX_STEP,0,75,205,3383,2,100,19,0,0,0,0
19,0,1,1,ACCEPT,7.5442,1.4118,24,0,-3,0.3750,50.53,1199.84,15.00,17.00,319.00,1254.00,6.00,22.00,0.0000,273.88,1,-6,1.5126,MAX_STEP,0,77,227,3184,2,100,24,0,0,0,0
20,0,1,0,NEGATIVE_PEAK,-5.4469,1.0800,-27,7,-9,0.7778,50.53,1199.84,15.00,17.00,323.50,1249.50,7.00,21.00,0.0000,277.45,0,0,0.0000,NOT_RUN,0,89,153,0,2,100,27,0,0,0,0
21,0,1,0,LOW_PSR,4.5473,1.0667,16,-1,-4,0.6250,50.53,1199.84,15.00,17.00,327.00,1243.50,6.00,23.00,0.0000,279.89,0,0,0.0000,NOT_RUN,0,68,327,0,2,100,16,0,0,0,0
22,0,1,0,NEGATIVE_PEAK,-5.1374,1.3333,-4,30,-1,0.5000,50.53,1199.84,15.00,17.00,333.50,1237.00,7.00,20.00,0.0000,285.40,0,0,0.0000,NOT_RUN,0,11,341,0,2,100,4,0,0,0,0
23,0,1,0,NEGATIVE_PEAK,-2.5098,1.0000,-2,0,0,1.0000,50.53,1199.84,15.00,17.00,342.00,1230.00,8.00,22.00,0.0000,293.02,0,0,0.0000,NOT_RUN,0,9,351,0,2,100,3,0,0,0,0
24,0,1,0,NEGATIVE_PEAK,-2.4581,1.0000,-2,0,0,1.0000,50.53,1199.84,15.00,17.00,350.00,1221.50,8.00,23.00,0.0000,300.25,0,0,0.0000,NOT_RUN,0,9,303,0,2,100,3,0,0,0,0
25,0,1,0,NEGATIVE_PEAK,-4.1689,1.0000,-3,5,-1,0.6667,50.53,1199.84,15.00,17.00,359.00,1212.50,8.00,21.00,0.0000,308.73,0,0,0.0000,NOT_RUN,0,9,271,0,2,100,4,0,0,0,0
26,0,1,0,NEGATIVE_PEAK,-2.5405,1.0000,-2,0,0,1.0000,50.53,1199.84,15.00,17.00,369.50,1203.50,9.00,23.00,0.0000,318.99,0,0,0.0000,NOT_RUN,0,9,239,0,2,100,3,0,0,0,0
27,0,1,0,NEGATIVE_PEAK,-4.1950,1.5000,-3,-14,-1,0.3333,50.53,1199.84,15.00,17.00,378.50,1195.00,9.00,22.00,0.0000,328.00,0,0,0.0000,NOT_RUN,0,9,207,0,2,100,4,0,0,0,0
28,0,1,0,NEGATIVE_PEAK,-4.1177,1.5000,-3,-30,-1,0.6667,50.53,1199.84,15.00,17.00,387.00,1186.50,8.00,23.00,0.0000,336.73,0,0,0.0000,NOT_RUN,0,9,190,0,2,100,3,0,0,0,0
29,0,1,0,NEGATIVE_PEAK,-4.3058,1.0000,-3,1,-1,0.6667,50.53,1199.84,15.00,17.00,396.50,1176.50,9.00,25.00,0.0000,346.76,0,0,0.0000,NOT_RUN,0,9,175,0,2,100,4,0,0,0,0
30,0,1,0,NEGATIVE_PEAK,-5.8180,1.0000,-12,-13,1,0.3333,50.53,1199.84,15.00,17.00,406.50,1169.00,9.00,22.00,0.0000,357.30,0,0,0.0000,NOT_RUN,0,29,95,0,2,100,12,0,0,0,0
31,0,1,1,ACCEPT,6.9425,1.1579,22,-6,-10,0.1364,47.72,1194.53,15.00,17.00,418.50,1159.00,9.00,22.00,0.0000,372.48,1,0,3.4055,ACCEPT,0,42,156,3753,2,100,22,0,0,0,0
32,0,1,0,NEGATIVE_PEAK,-4.9545,1.5238,-32,9,11,0.1562,47.72,1194.53,15.00,17.00,431.50,1149.50,9.00,21.00,0.0000,386.41,0,0,0.0000,NOT_RUN,0,194,168,0,2,100,32,0,0,0,0
33,0,1,0,NEGATIVE_PEAK,-5.6242,1.1905,-25,1,10,0.5600,47.72,1194.53,15.00,17.00,442.00,1141.50,10.00,21.00,0.0000,397.83,0,0,0.0000,NOT_RUN,0,118,162,0,2,100,25,0,0,0,0
34,0,1,0,NEGATIVE_PEAK,-6.4645,1.3077,-17,0,10,0.5294,47.72,1194.53,15.00,17.00,448.00,1134.50,10.00,21.00,0.0000,404.76,0,0,0.0000,NOT_RUN,0,52,168,0,2,100,17,0,0,0,0
35,0,1,0,NEGATIVE_PEAK,-4.7155,1.1667,-7,4,-1,0.8571,47.72,1194.53,15.00,17.00,451.50,1130.50,11.00,25.00,0.0000,408.83,0,0,0.0000,NOT_RUN,0,41,164,0,2,100,8,0,0,0,0
36,0,1,1,ACCEPT,6.1382,1.3750,11,6,9,0.2727,50.53,1199.31,15.00,17.00,457.00,1125.00,12.00,22.00,0.0000,413.21,1,0,3.6440,ACCEPT,0,34,148,4437,2,100,11,0,0,0,0
37,0,1,0,NEGATIVE_PEAK,-4.0223,1.0000,-3,21,-1,0.6667,50.53,1199.31,15.00,17.00,461.50,1120.00,11.00,22.00,0.0000,418.55,0,0,0.0000,NOT_RUN,0,10,138,0,2,100,4,0,0,0,0
38,0,1,0,NEGATIVE_PEAK,-3.6831,1.0000,-3,0,-1,0.6667,50.53,1199.31,15.00,17.00,466.00,1115.00,12.00,22.00,0.0000,423.94,0,0,0.0000,NOT_RUN,0,11,126,0,2,100,4,0,0,0,0
39,0,1,0,NEGATIVE_PEAK,-3.6320,1.0000,-3,0,-1,0.6667,50.53,1199.31,15.00,17.00,470.00,1110.00,12.00,20.00,0.0000,428.87,0,0,0.0000,NOT_RUN,0,10,110,0,2,100,4,0,0,0,0
40,0,1,0,NEGATIVE_PEAK,-4.2009,1.0000,-4,1,-3,0.2500,50.53,1199.31,15.00,17.00,473.00,1106.50,12.00,21.00,0.0000,432.54,0,0,0.0000,NOT_RUN,0,16,93,0,2,100,4,0,0,0,0
41,0,1,0,NEGATIVE_PEAK,-3.6625,1.0000,-3,0,-1,0.6667,50.53,1199.31,15.00,17.00,473.50,1104.50,11.00,21.00,0.0000,433.47,0,0,0.0000,NOT_RUN,0,10,78,0,2,100,4,0,0,0,0
42,0,1,0,NEGATIVE_PEAK,-4.0705,1.5000,-3,-22,-1,0.6667,50.53,1199.31,15.00,17.00,473.00,1102.00,14.00,20.00,0.0000,433.53,0,0,0.0000,NOT_RUN,0,9,78,0,2,100,3,0,0,0,0
43,0,1,0,NEGATIVE_PEAK,-4.1638,1.0000,-3,30,-1,0.6667,50.53,1199.31,15.00,17.00,470.00,1100.50,12.00,21.00,0.0000,430.95,0,0,0.0000,NOT_RUN,0,9,78,0,2,100,4,0,0,0,0
44,0,1,0,NEGATIVE_PEAK,-4.0289,1.0000,-3,30,-1,0.6667,50.53,1199.31,15.00,17.00,466.50,1099.50,11.00,21.00,0.0000,427.78,0,0,0.0000,NOT_RUN,0,13,78,0,2,100,4,0,0,0,0
45,0,1,0,NEGATIVE_PEAK,-3.8241,1.0000,-3,0,-1,0.6667,50.53,1199.31,15.00,17.00,462.00,1096.00,10.00,18.00,0.0000,424.24,0,0,0.0000,NOT_RUN,0,9,78,0,2,100,4,0,0,0,0
46,0,1,0,NEGATIVE_PEAK,-4.6581,1.0000,-4,0,-1,0.7500,50.53,1199.31,15.00,17.00,458.00,1095.50,12.00,19.00,0.0000,420.49,0,0,0.0000,NOT_RUN,0,12,76,0,2,100,5,0,0,0,0
47,0,1,0,NEGATIVE_PEAK,-4.7992,1.2500,-5,5,-3,0.0000,50.53,1199.31,15.00,17.00,456.50,1093.50,11.00,19.00,0.0000,419.53,0,0,0.0000,NOT_RUN,0,22,77,0,2,100,5,0,0,0,0
48,0,1,0,NEGATIVE_PEAK,-4.7534,1.2500,-5,5,-4,0.0000,50.53,1199.31,15.00,17.00,456.50,1089.00,11.00,18.00,0.0000,420.69,0,0,0.0000,NOT_RUN,0,22,77,0,2,100,5,0,0,0,0
49,0,1,0,NEGATIVE_PEAK,-4.1764,1.3333,-4,9,-5,0.2500,50.53,1199.31,15.00,17.00,454.00,1084.50,12.00,21.00,0.0000,419.49,0,0,0.0000,NOT_RUN,0,19,76,0,2,100,4,0,0,0,0
50,0,1,0,NEGATIVE_PEAK,-4.8817,1.3333,-4,-1,-1,0.5000,50.53,1199.31,15.00,17.00,453.50,1079.50,13.00,21.00,0.0000,420.40,0,0,0.0000,NOT_RUN,0,16,77,0,2,100,4,0,0,0,0
51,0,1,0,NEGATIVE_PEAK,-3.4233,1.0000,-3,0,0,1.0000,50.53,1199.31,15.00,17.00,451.50,1074.50,11.00,21.00,0.0000,419.95,0,0,0.0000,NOT_RUN,0,15,72,0,2,100,4,0,0,0,0
52,0,1,0,NEGATIVE_PEAK,-3.8105,1.0000,-3,0,-1,0.6667,50.53,1199.31,15.00,17.00,453.00,1067.00,12.00,22.00,0.0000,423.66,0,0,0.0000,NOT_RUN,0,15,74,0,2,100,4,0,0,0,0
53,0,1,0,NEGATIVE_PEAK,-4.1383,1.0000,-3,4,-1,0.6667,50.53,1199.31,15.00,17.00,453.00,1061.50,14.00,21.00,0.0000,425.41,0,0,0.0000,NOT_RUN,0,10,73,0,2,100,4,0,0,0,0
54,0,1,0,NEGATIVE_PEAK,-4.2458,1.0000,-3,3,-1,0.3333,50.53,1199.31,15.00,17.00,452.50,1056.00,13.00,16.00,0.0000,426.75,0,0,0.0000,NOT_RUN,0,11,73,0,2,100,4,0,0,0,0
55,0,1,0,NEGATIVE_PEAK,-4.1121,1.0000,-3,0,-1,0.6667,50.53,1199.31,15.00,17.00,451.50,1051.50,11.00,19.00,0.0000,427.35,0,0,0.0000,NOT_RUN,0,9,74,0,2,100,4,0,0,0,0
56,0,1,0,NEGATIVE_PEAK,-5.5345,1.3333,-4,-1,-1,0.5000,50.53,1199.31,15.00,17.00,450.50,1045.50,13.00,21.00,0.0000,428.52,0,0,0.0000,NOT_RUN,0,9,65,0,2,100,4,0,0,0,0
57,0,1,0,NEGATIVE_PEAK,-3.9876,1.0000,-3,0,-1,0.6667,50.53,1199.31,15.00,17.00,449.00,1039.00,10.00,20.00,0.0000,429.51,0,0,0.0000,NOT_RUN,0,10,65,0,2,100,4,0,0,0,0
58,0,1,0,NEGATIVE_PEAK,-3.7434,1.0000,-3,1,-1,0.6667,50.53,1199.31,15.00,17.00,446.00,1034.50,12.00,21.00,0.0000,428.44,0,0,0.0000,NOT_RUN,0,10,51,0,2,100,4,0,0,0,0
59,0,1,0,NEGATIVE_PEAK,-4.3298,1.0000,-5,8,-1,0.6000,50.53,1199.31,15.00,17.00,442.50,1031.50,11.00,23.00,0.0000,426.38,0,0,0.0000,NOT_RUN,0,18,35,0,2,100,6,0,0,0,0
60,0,1,0,NEGATIVE_PEAK,-4.3754,1.0000,-7,10,3,0.2857,50.53,1199.31,15.00,17.00,438.00,1027.00,12.00,24.00,0.0000,424.06,0,0,0.0000,NOT_RUN,0,33,32,0,2,100,7,0,0,0,0
61,0,1,0,NEGATIVE_PEAK,-7.2947,1.4211,-27,15,4,0.2593,50.53,1199.31,15.00,17.00,435.50,1020.50,13.00,21.00,0.0000,424.47,0,0,0.0000,NOT_RUN,0,68,48,0,2,100,27,0,0,0,0
62,0,1,0,NEGATIVE_PEAK,-5.8293,1.1429,-16,11,4,0.6875,50.53,1199.31,15.00,17.00,433.00,1016.00,12.00,20.00,0.0000,424.13,0,0,0.0000,NOT_RUN,0,46,41,0,2,100,16,0,0,0,0
63,0,1,1,ACCEPT,6.4353,1.1875,38,19,1,0.2105,59.44,1199.84,15.00,17.00,430.00,1012.50,14.00,23.00,0.0000,415.23,1,0,3.4783,ACCEPT,0,132,51,878,2,100,38,0,0,0,0
64,0,1,0,NEGATIVE_PEAK,-7.7300,1.3913,-32,9,-5,0.1875,59.44,1199.84,15.00,17.00,425.50,1006.00,11.00,20.00,0.0000,414.22,0,0,0.0000,NOT_RUN,0,77,61,0,2,100,32,0,0,0,0
65,0,1,1,ACCEPT,5.4474,1.1957,55,12,-7,0.4545,65.06,1196.12,15.00,17.00,425.00,1002.50,14.00,21.00,0.0000,408.71,1,0,2.2979,ACCEPT,0,197,206,4354,2,100,55,0,0,0,0
66,0,1,1,ACCEPT,5.5074,1.4865,55,-2,7,0.5636,64.12,1199.84,15.00,17.00,426.50,998.00,13.00,24.00,0.0000,414.80,1,-14,2.1096,MAX_STEP,0,236,131,3731,2,100,55,0,0,0,0
67,0,1,0,NEGATIVE_PEAK,-7.0951,1.2500,-50,1,-9,0.1000,64.12,1199.84,15.00,17.00,425.00,994.00,12.00,20.00,0.0000,415.45,0,0,0.0000,NOT_RUN,0,172,222,0,2,100,50,0,0,0,0
68,0,1,1,ACCEPT,7.2605,1.1111,50,6,-11,0.0800,66.94,1194.00,14.42,16.35,425.50,988.50,13.00,23.00,0.0000,413.28,1,-1,2.2640,ACCEPT,0,172,195,3000,2,100,50,0,0,0,0
69,0,1,0,NEGATIVE_PEAK,-3.8183,1.0526,-20,-6,0,0.6500,66.94,1194.00,14.42,16.35,426.50,985.00,9.00,20.00,0.0000,415.89,0,0,0.0000,NOT_RUN,0,112,75,0,2,100,20,0,0,0,0
70,0,1,0,LOW_PSR,4.7237,1.1316,86,-1,-1,0.7907,66.94,1194.00,14.42,16.35,426.00,979.50,12.00,23.00,0.0000,418.25,0,0,0.0000,NOT_RUN,0,411,205,0,2,100,86,0,0,0,0
71,0,1,0,LOW_PSR,4.8618,1.1053,21,-14,11,0.7143,66.94,1194.00,14.42,16.35,425.00,977.00,12.00,22.00,0.0000,418.69,0,0,0.0000,NOT_RUN,0,78,103,0,2,100,21,0,0,0,0
72,0,1,1,ACCEPT,5.4018,1.3333,36,-7,11,0.7222,63.77,1199.67,14.42,16.35,425.50,973.00,11.00,22.00,0.0000,426.89,1,0,2.7345,ACCEPT,0,114,55,4471,2,100,36,0,0,0,0
73,0,1,0,NEGATIVE_PEAK,-5.4524,1.2414,-36,-16,0,0.5278,63.77,1199.67,14.42,16.35,421.00,970.00,8.00,20.00,0.0000,424.69,0,0,0.0000,NOT_RUN,0,122,113,0,2,100,36,0,0,0,0
74,0,1,0,NEGATIVE_PEAK,-5.4507,1.2857,-36,-16,0,0.5278,63.77,1199.67,14.42,16.35,416.50,966.00,9.00,24.00,0.0000,423.11,0,0,0.0000,NOT_RUN,0,120,95,0,2,100,36,0,0,0,0
75,0,1,1,ACCEPT,5.5881,1.0727,59,-7,1,0.3051,60.59,1200.19,14.42,16.35,413.50,963.00,11.00,26.00,0.0000,425.21,1,-8,1.3453,MAX_STEP,0,213,110,3221,2,100,59,0,0,0,0
76,0,1,1,ACCEPT,5.3789,1.2581,39,-20,1,0.4872,51.53,1200.70,14.42,16.35,409.50,960.50,11.00,25.00,0.0000,431.09,1,0,3.3257,ACCEPT,0,139,71,4379,2,100,39,0,0,0,0
77,0,1,1,ACCEPT,5.4472,1.0625,102,14,-3,0.3922,57.88,1199.16,14.42,16.35,404.00,958.00,12.00,26.00,0.0000,421.85,1,0,3.2382,ACCEPT,0,381,62,4159,2,100,102,0,0,0,0
78,0,1,1,ACCEPT,8.4996,1.3548,42,2,2,0.6190,58.78,1200.19,14.42,16.35,400.50,956.50,11.00,25.00,0.0000,419.71,1,0,2.7576,ACCEPT,0,97,38,4802,2,100,42,0,0,0,0
79,0,1,0,NEGATIVE_PEAK,-5.5639,1.1039,-85,12,2,0.6941,58.78,1200.19,14.42,16.35,394.00,954.00,12.00,28.00,0.0000,415.91,0,0,0.0000,NOT_RUN,0,316,332,0,2,100,85,0,0,0,0
80,0,1,0,NEGATIVE_PEAK,-5.1249,1.0000,-39,3,-7,0.1026,58.78,1200.19,14.42,16.35,386.50,955.00,9.00,22.00,0.0000,409.29,0,0,0.0000,NOT_RUN,0,167,204,0,2,100,39,0,0,0,0
81,0,1,1,ACCEPT,5.5069,1.1053,42,-12,0,0.5714,53.34,1200.19,14.42,16.35,379.00,949.50,10.00,19.00,0.0000,410.97,1,14,0.8448,MAX_STEP,0,147,531,1274,2,100,42,0,0,0,0
82,0,1,1,ACCEPT,6.1028,1.0909,12,-13,1,0.1667,47.45,1200.70,14.42,16.35,373.00,950.00,12.00,24.00,0.0000,410.89,1,3,1.9298,MAX_STEP,0,42,467,1230,2,100,12,0,0,0,0
83,0,1,1,ACCEPT,8.6587,1.7692,23,-9,-3,0.0000,43.38,1199.16,14.42,16.35,370.00,947.50,8.00,23.00,0.0000,412.33,1,5,1.2474,MAX_STEP,0,57,446,1108,2,100,23,0,0,0,0
84,0,1,1,ACCEPT,5.5201,1.2500,10,-3,2,0.3000,42.02,1200.19,14.42,16.35,365.00,945.50,10.00,23.00,0.0000,411.32,1,-9,1.4302,MAX_STEP,0,43,533,946,2,100,10,0,0,0,0
85,0,1,0,NEGATIVE_PEAK,-5.7240,1.2222,-11,-11,0,0.1818,42.02,1200.19,14.42,16.35,360.00,942.00,12.00,26.00,0.0000,409.60,0,0,0.0000,NOT_RUN,0,31,331,0,2,100,11,0,0,0,0
86,0,1,0,NEGATIVE_PEAK,-5.4194,1.1250,-9,-19,0,0.0000,42.02,1200.19,14.42,16.35,355.50,938.00,13.00,24.00,0.0000,408.67,0,0,0.0000,NOT_RUN,0,28,368,0,2,100,9,0,0,0,0
87,0,1,0,NEGATIVE_PEAK,-5.2853,1.4000,-7,-5,-10,0.0000,42.02,1200.19,14.42,16.35,355.50,933.00,11.00,22.00,0.0000,411.90,0,0,0.0000,NOT_RUN,0,23,365,0,2,100,7,0,0,0,0
88,0,1,0,NEGATIVE_PEAK,-5.4887,1.3333,-8,-5,-10,0.0000,42.02,1200.19,14.42,16.35,355.50,929.00,9.00,26.00,0.0000,414.51,0,0,0.0000,NOT_RUN,0,25,303,0,2,100,8,0,0,0,0
89,0,1,0,NEGATIVE_PEAK,-4.4820,1.4000,-7,-9,-13,0.0000,42.02,1200.19,14.42,16.35,353.00,924.00,12.00,28.00,0.0000,415.92,0,0,0.0000,NOT_RUN,0,28,346,0,2,100,7,0,0,0,0
90,0,1,0,NEGATIVE_PEAK,-6.1229,1.2857,-9,-7,0,0.2222,42.02,1200.19,14.42,16.35,349.50,920.50,9.00,23.00,0.0000,415.66,0,0,0.0000,NOT_RUN,0,21,387,0,2,100,9,0,0,0,0
91,0,1,0,NEGATIVE_PEAK,-3.6326,1.0000,-5,0,-1,0.8000,42.02,1200.19,14.42,16.35,344.50,918.00,9.00,24.00,0.0000,413.67,0,0,0.0000,NOT_RUN,0,30,297,0,2,100,5,0,0,0,0
92,0,1,0,NEGATIVE_PEAK,-4.6355,1.3333,-4,-6,-1,0.5000,42.02,1200.19,14.42,16.35,339.50,913.00,9.00,20.00,0.0000,413.49,0,0,0.0000,NOT_RUN,0,16,269,0,2,100,4,0,0,0,0
93,0,1,0,NEGATIVE_PEAK,-4.7533,1.0000,-9,-9,11,0.5556,42.02,1200.19,14.42,16.35,336.50,909.50,9.00,21.00,0.0000,413.79,0,0,0.0000,NOT_RUN,0,45,178,0,2,100,9,0,0,0,0
94,0,1,1,ACCEPT,7.1772,1.3000,13,-7,1,0.3846,38.84,1200.70,14.42,16.35,335.00,907.50,8.00,23.00,0.0000,416.75,1,-6,1.9901,MAX_STEP,0,38,118,1142,2,100,13,0,0,0,0
95,0,1,1,ACCEPT,7.1236,1.2143,17,24,14,0.1765,49.72,1207.92,14.42,16.35,332.50,901.50,7.00,23.00,0.0000,416.96,1,6,1.1481,MAX_STEP,0,45,416,1027,2,100,17,0,0,0,0
96,0,1,1,ACCEPT,6.5824,1.3284,89,-15,1,0.1011,42.92,1208.44,14.42,16.35,331.00,896.50,8.00,25.00,0.0000,424.61,1,6,1.2024,MAX_STEP,0,278,609,3279,2,100,89,0,0,0,0
97,0,1,1,ACCEPT,5.1676,1.0164,62,6,3,0.0323,45.64,1209.98,14.42,16.35,330.50,891.50,7.00,23.00,0.0000,427.29,1,0,2.5753,ACCEPT,0,167,554,3520,2,100,62,0,0,0,0
98,0,1,0,NEGATIVE_PEAK,-7.4839,1.1973,-176,7,6,0.3920,45.64,1209.98,14.42,16.35,331.00,885.50,8.00,27.00,0.0000,432.11,0,0,0.0000,NOT_RUN,0,398,339,0,2,100,176,0,0,0,0
99,0,1,1,ACCEPT,6.4513,1.1875,152,-2,14,0.1184,44.73,1217.20,14.42,16.35,332.50,881.50,7.00,27.00,0.0000,442.16,1,0,2.6913,ACCEPT,0,401,243,3259,2,100,152,0,0,0,0
100,0,1,0,NEGATIVE_PEAK,-7.3967,1.0065,-155,3,-1,0.5484,44.73,1217.20,14.42,16.35,334.50,873.50,9.00,27.00,0.0000,449.55,0,0,0.0000,NOT_RUN,0,467,185,0,2,100,155,0,0,0,0
101,0,1,1,ACCEPT,8.5780,1.2340,174,1,9,0.4483,45.19,1221.84,14.42,16.35,336.00,865.00,8.00,28.00,0.0000,460.34,1,0,3.3272,ACCEPT,0,384,187,3198,2,100,174,0,0,0,0
102,0,1,1,ACCEPT,8.7481,1.1751,208,-2,4,0.2740,44.28,1223.91,14.42,16.35,335.50,861.00,7.00,26.00,0.0000,465.31,1,0,3.4548,ACCEPT,0,492,138,2253,2,100,208,0,0,0,0
103,0,1,1,ACCEPT,11.4632,1.7561,216,-6,3,0.1852,41.56,1225.45,14.42,16.35,335.50,853.50,9.00,27.00,0.0000,474.08,1,0,3.3625,ACCEPT,0,247,103,1746,2,100,216,0,0,0,0
104,0,1,1,ACCEPT,12.9914,2.1531,211,-8,6,0.4028,37.94,1228.55,14.42,16.35,333.00,846.00,10.00,28.00,0.0000,483.12,1,0,3.4101,ACCEPT,0,250,120,1545,2,100,211,0,0,0,0
105,0,1,1,ACCEPT,13.1399,1.8440,201,-9,1,0.1791,33.86,1229.06,14.42,16.35,331.50,839.50,9.00,27.00,0.0000,490.25,1,0,3.1260,ACCEPT,0,264,107,1450,2,100,201,0,0,0,0
106,0,1,1,ACCEPT,14.7558,2.1951,180,-9,2,0.1556,29.78,1230.09,14.42,16.35,332.50,831.50,7.00,25.00,0.0000,500.52,1,0,3.3373,ACCEPT,0,189,106,1417,2,100,180,0,0,0,0
107,0,1,1,ACCEPT,16.8330,2.6143,183,0,4,0.2732,29.78,1232.16,14.42,16.35,335.00,824.00,8.00,26.00,0.0000,509.66,1,0,3.4003,ACCEPT,0,215,166,1792,2,100,183,0,0,0,0
108,0,1,1,ACCEPT,10.9073,2.0854,171,6,3,0.0819,32.50,1233.70,14.42,16.35,338.00,816.00,8.00,26.00,0.0000,517.50,1,0,3.4371,ACCEPT,0,299,204,3192,2,100,171,0,0,0,0
109,0,1,1,ACCEPT,15.3829,2.8869,485,-4,-1,0.2371,30.69,1233.19,14.42,16.35,341.50,808.50,9.00,25.00,0.0000,526.27,1,0,3.3073,ACCEPT,0,526,99,2902,2,100,485,0,0,0,0
110,0,1,1,ACCEPT,14.8252,2.6178,411,0,3,0.5207,30.69,1234.73,14.42,16.35,343.00,801.00,10.00,26.00,0.0000,534.48,1,0,3.4360,ACCEPT,0,601,153,2005,2,100,411,0,0,0,0
111,0,1,1,ACCEPT,17.5252,3.1210,387,-4,4,0.1395,28.88,1236.80,14.42,16.35,344.50,793.50,9.00,29.00,0.0000,544.18,1,0,3.1705,ACCEPT,0,399,99,3594,2,100,387,0,0,0,0
112,0,1,1,ACCEPT,18.2255,3.0441,621,-1,6,0.0757,28.42,1239.89,14.42,16.35,344.50,789.00,9.00,24.00,0.0000,550.64,1,0,3.5022,ACCEPT,0,673,114,2905,2,100,621,0,0,0,0
113,0,1,1,ACCEPT,15.0415,2.8705,399,1,9,0.2005,28.88,1244.53,14.42,16.35,342.50,781.00,11.00,28.00,0.0000,559.66,1,0,3.3825,ACCEPT,0,471,129,5097,2,100,399,0,0,0,0
114,0,1,1,ACCEPT,13.8175,2.9259,632,1,11,0.0633,29.33,1250.20,14.42,16.35,341.50,774.50,11.00,29.00,0.0000,568.99,1,0,3.2076,ACCEPT,0,833,130,2951,2,100,632,0,0,0,0
115,0,1,1,ACCEPT,14.8592,2.8480,487,0,9,0.0965,29.33,1254.84,14.42,16.35,338.50,769.00,11.00,26.00,0.0000,575.87,1,0,3.2951,ACCEPT,0,619,113,1725,2,100,487,0,0,0,0
116,0,1,1,ACCEPT,15.7884,2.9913,344,-5,12,0.0407,27.06,1261.03,14.42,16.35,334.00,763.50,12.00,25.00,0.0000,584.59,1,0,3.2133,ACCEPT,0,414,95,2338,2,100,344,0,0,0,0
117,0,1,1,ACCEPT,17.9257,3.6336,476,-5,12,0.0294,24.80,1267.22,14.42,16.35,328.50,757.50,9.00,23.00,0.0000,593.34,1,0,3.2569,ACCEPT,0,504,94,2727,2,100,476,0,0,0,0
118,0,1,1,ACCEPT,11.1667,2.6163,450,-6,15,0.1600,22.08,1274.95,14.42,16.35,322.50,754.00,13.00,26.00,0.0000,601.37,1,0,3.3908,ACCEPT,0,758,104,3868,2,100,450,0,0,0,0
119,0,1,1,ACCEPT,9.5725,1.5187,691,-4,12,0.0232,20.27,1281.14,14.42,16.35,317.50,749.50,11.00,25.00,0.0000,609.09,1,0,3.3070,ACCEPT,0,1915,145,8841,2,100,691,0,0,0,0
120,0,1,0,NEGATIVE_PEAK,-4.6487,1.0559,-453,8,8,0.3753,20.27,1281.14,14.42,16.35,310.50,745.00,13.00,30.00,0.0000,609.66,0,0,0.0000,NOT_RUN,0,2105,162,0,2,100,453,0,0,0,0
121,0,1,0,LOW_PSR,4.8545,1.0705,501,-3,4,0.2315,20.27,1281.14,14.42,16.35,303.00,742.50,12.00,25.00,0.0000,608.34,0,0,0.0000,NOT_RUN,0,2346,119,0,2,100,501,0,0,0,0
122,0,1,0,LOW_PSR,4.4438,1.1357,318,-4,5,0.3711,20.27,1281.14,14.42,16.35,295.00,737.00,14.00,26.00,0.0000,609.56,0,0,0.0000,NOT_RUN,0,1472,103,0,2,100,318,0,0,0,0
123,0,1,0,NEGATIVE_PEAK,-4.4126,1.1535,-293,12,9,0.0546,20.27,1281.14,14.42,16.35,287.50,732.00,13.00,24.00,0.0000,610.71,0,0,0.0000,NOT_RUN,0,1683,144,0,2,100,293,0,0,0,0
124,0,1,0,NEGATIVE_PEAK,-3.8582,1.0252,-122,3,5,0.2377,20.27,1281.14,14.42,16.35,280.00,725.00,16.00,26.00,0.0000,613.80,0,0,0.0000,NOT_RUN,0,887,193,0,2,100,122,0,0,0,0
125,0,1,0,LOW_PSR,4.1265,1.0647,148,-17,12,0.2027,20.27,1281.14,14.42,16.35,276.00,722.00,16.00,26.00,0.0000,614.85,0,0,0.0000,NOT_RUN,0,826,222,0,2,100,148,0,0,0,0
126,0,1,0,LOW_PSR,4.0375,1.1304,104,-11,5,0.2692,20.27,1281.14,14.42,16.35,270.50,718.00,15.00,24.00,0.0000,616.23,0,0,0.0000,NOT_RUN,0,753,193,0,2,100,104,0,0,0,0
127,0,1,0,LOW_PSR,3.5340,1.0465,90,-4,11,0.4444,20.27,1281.14,14.42,16.35,266.00,714.00,18.00,22.00,0.0000,618.09,0,0,0.0000,NOT_RUN,0,873,278,0,2,100,90,0,0,0,0
128,0,1,0,LOW_PSR,3.0447,1.0625,102,-13,-7,0.2255,20.27,1281.14,14.42,16.35,261.50,710.00,17.00,20.00,0.0000,620.00,0,0,0.0000,NOT_RUN,0,775,230,0,2,100,102,0,0,0,0
129,0,1,0,LOW_PSR,3.4382,1.0649,164,-9,-6,0.0244,20.27,1281.14,14.42,16.35,257.50,707.00,17.00,20.00,0.0000,621.22,0,0,0.0000,NOT_RUN,0,992,169,0,2,100,164,0,0,0,0
130,0,1,0,LOW_PSR,4.3038,1.1863,242,-12,11,0.4959,20.27,1281.14,14.42,16.35,254.00,702.00,18.00,20.00,0.0000,624.53,0,0,0.0000,NOT_RUN,0,1430,134,0,2,100,242,0,0,0,0
131,0,1,0,LOW_PSR,3.6235,1.0225,182,-10,14,0.5989,20.27,1281.14,14.42,16.35,252.00,700.00,20.00,20.00,0.0000,625.64,0,0,0.0000,NOT_RUN,0,1211,130,0,2,100,182,0,0,0,0
132,0,1,0,LOW_PSR,4.3837,1.2295,225,-10,11,0.4044,20.27,1281.14,14.42,16.35,248.50,697.00,19.00,20.00,0.0000,627.15,0,0,0.0000,NOT_RUN,0,1251,122,0,2,100,225,0,0,0,0
133,0,1,0,LOW_PSR,4.8129,1.2511,274,-9,10,0.0985,20.27,1281.14,14.42,16.35,246.00,693.50,20.00,19.00,0.0000,629.51,0,0,0.0000,NOT_RUN,0,1556,107,0,2,100,274,0,0,0,0
134,0,1,0,LOW_PSR,4.2716,1.2136,267,-8,11,0.2959,20.27,1281.14,14.42,16.35,244.00,689.50,20.00,21.00,0.0000,632.53,0,0,0.0000,NOT_RUN,0,1664,115,0,2,100,267,0,0,0,0
135,0,1,0,LOW_PSR,4.6921,1.0316,294,-6,9,0.2347,20.27,1281.14,14.42,16.35,242.00,687.00,20.00,20.00,0.0000,634.17,0,0,0.0000,NOT_RUN,0,1674,113,0,2,100,294,0,0,0,0
136,0,1,1,ACCEPT,5.8309,1.2163,343,-2,11,0.0496,19.36,1286.81,14.42,16.35,240.00,684.50,20.00,21.00,0.0000,641.45,1,0,3.0357,ACCEPT,0,1539,122,4807,2,100,343,0,0,0,0
137,0,1,1,ACCEPT,6.0331,1.0882,111,2,8,0.5946,20.27,1290.94,14.42,16.35,237.50,680.00,19.00,20.00,0.0000,648.41,1,0,3.2275,ACCEPT,0,446,119,4395,2,100,111,0,0,0,0
138,0,1,1,ACCEPT,5.8032,1.0803,148,-1,8,0.4797,19.81,1295.06,14.42,16.35,235.00,676.50,18.00,21.00,0.0000,654.92,1,0,3.2865,ACCEPT,0,631,121,4388,2,100,148,0,0,0,0
139,0,1,1,ACCEPT,5.2754,1.0841,116,-7,7,0.0431,16.64,1298.67,14.42,16.35,232.50,672.50,17.00,21.00,0.0000,662.33,1,0,3.3774,ACCEPT,0,625,92,4314,2,100,116,0,0,0,0
140,0,1,0,LOW_PSR,4.8327,1.1000,77,-15,7,0.1169,16.64,1298.67,14.42,16.35,230.00,667.00,18.00,22.00,0.0000,666.73,0,0,0.0000,NOT_RUN,0,456,49,0,2,100,77,0,0,0,0
141,0,1,1,ACCEPT,5.8466,1.0755,57,-9,7,0.2982,12.56,1302.28,14.42,16.35,228.00,662.00,18.00,22.00,0.0000,675.55,1,-3,2.5357,MAX_STEP,0,216,62,4534,2,100,57,0,0,0,0
142,0,1,1,ACCEPT,5.4928,1.0602,88,-15,8,0.3523,5.77,1306.41,14.42,16.35,226.50,656.00,17.00,20.00,0.0000,686.84,1,-6,1.9947,MAX_STEP,0,416,88,10095,2,100,88,0,0,0,0
143,0,1,1,ACCEPT,5.1881,1.0774,376,-10,8,0.4069,1.23,1310.53,14.42,16.35,226.00,649.50,18.00,19.00,0.0000,698.20,1,0,3.4606,ACCEPT,0,2295,109,9176,2,100,376,0,0,0,0
144,0,1,1,ACCEPT,5.1607,1.0900,339,-4,9,0.2979,-0.58,1315.17,14.42,16.35,225.50,643.00,19.00,22.00,0.0000,709.17,1,0,3.4268,ACCEPT,0,1688,201,7039,2,100,339,0,0,0,0
145,0,1,1,ACCEPT,5.5349,1.1016,141,-4,8,0.5674,-2.39,1319.30,14.42,16.35,225.50,637.00,19.00,22.00,0.0000,719.35,1,0,3.0777,ACCEPT,0,624,277,4698,2,100,141,0,0,0,0
146,0,1,1,ACCEPT,5.6833,1.0744,332,4,7,0.0934,-0.58,1322.91,14.42,16.35,226.00,630.00,18.00,22.00,0.0000,729.01,1,0,3.1653,ACCEPT,0,1413,576,3652,2,100,332,0,0,0,0
147,0,1,0,LOW_PSR,3.4822,1.0486,151,-4,7,0.3113,-0.58,1322.91,14.42,16.35,226.00,622.50,18.00,21.00,0.0000,736.14,0,0,0.0000,NOT_RUN,0,982,234,0,2,100,151,0,0,0,0
148,0,1,0,LOW_PSR,4.2943,1.0808,321,17,3,0.6760,-0.58,1322.91,14.42,16.35,225.00,614.50,18.00,21.00,0.0000,743.45,0,0,0.0000,NOT_RUN,0,1784,401,0,2,100,321,0,0,0,0
149,0,1,1,ACCEPT,5.2472,1.0686,436,9,7,0.4014,3.50,1326.52,14.42,16.35,224.50,606.50,19.00,21.00,0.0000,753.17,1,0,2.9654,ACCEPT,0,1803,74,7113,2,100,436,0,0,0,0
150,0,1,0,LOW_PSR,4.9941,1.0783,620,-15,8,0.1306,3.50,1326.52,14.42,16.35,223.00,598.00,18.00,22.00,0.0000,760.86,0,0,0.0000,NOT_RUN,0,2621,147,0,2,100,620,0,0,0,0
151,0,1,1,ACCEPT,5.4754,1.0967,760,-1,8,0.5250,3.05,1330.64,14.42,16.35,222.50,591.00,17.00,22.00,0.0000,771.51,1,0,3.3406,ACCEPT,0,3181,179,5307,2,100,760,0,0,0,0
152,0,1,0,NEGATIVE_PEAK,-4.1845,1.0385,-108,-1,11,0.5185,3.05,1330.64,14.42,16.35,222.50,582.50,17.00,21.00,0.0000,779.66,0,0,0.0000,NOT_RUN,0,614,308,0,2,100,108,0,0,0,0
153,0,1,0,NEGATIVE_PEAK,-4.5219,1.0053,-188,8,5,0.1330,3.05,1330.64,14.42,16.35,220.50,574.50,17.00,19.00,0.0000,786.79,0,0,0.0000,NOT_RUN,0,1125,237,0,2,100,188,0,0,0,0
154,0,1,0,NEGATIVE_PEAK,-3.8117,1.0642,-116,-6,5,0.4741,3.05,1330.64,14.42,16.35,220.50,567.00,17.00,20.00,0.0000,794.00,0,0,0.0000,NOT_RUN,0,791,301,0,2,100,116,0,0,0,0
155,0,1,0,NEGATIVE_PEAK,-5.1854,1.0693,-108,-13,9,0.0370,3.05,1330.64,14.42,16.35,219.50,559.50,19.00,23.00,0.0000,800.94,0,0,0.0000,NOT_RUN,0,572,120,0,2,100,108,0,0,0,0
156,0,1,0,NEGATIVE_PEAK,-3.9381,1.0294,-35,-12,5,0.0000,3.05,1330.64,14.42,16.35,219.00,552.00,18.00,22.00,0.0000,808.03,0,0,0.0000,NOT_RUN,0,270,442,0,2,100,35,0,0,0,0
157,0,1,0,LOW_PSR,4.9629,1.0854,89,-2,7,0.4831,3.05,1330.64,14.42,16.35,219.50,545.00,19.00,20.00,0.0000,814.91,0,0,0.0000,NOT_RUN,0,456,525,0,2,100,89,0,0,0,0
158,0,1,0,NEGATIVE_PEAK,-3.6225,1.0349,-89,4,6,0.2809,3.05,1330.64,14.42,16.35,221.50,539.50,19.00,21.00,0.0000,820.75,0,0,0.0000,NOT_RUN,0,780,262,0,2,100,89,0,0,0,0
159,0,1,0,LOW_PSR,3.7298,1.0870,75,-15,8,0.2933,3.05,1330.64,14.42,16.35,222.00,533.50,20.00,21.00,0.0000,826.66,0,0,0.0000,NOT_RUN,0,635,175,0,2,100,75,0,0,0,0
160,0,1,0,LOW_PSR,4.7242,1.0920,95,8,7,0.1684,3.05,1330.64,14.42,16.35,221.00,526.50,20.00,19.00,0.0000,833.15,0,0,0.0000,NOT_RUN,0,584,256,0,2,100,95,0,0,0,0
161,0,1,0,NEGATIVE_PEAK,-4.8548,1.0892,-342,-7,5,0.0556,3.05,1330.64,14.42,16.35,223.00,521.50,18.00,19.00,0.0000,838.50,0,0,0.0000,NOT_RUN,0,1827,272,0,2,100,342,0,0,0,0
162,0,1,0,NEGATIVE_PEAK,-3.6611,1.0375,-166,-7,10,0.8313,3.05,1330.64,14.42,16.35,223.00,517.00,18.00,18.00,0.0000,842.85,0,0,0.0000,NOT_RUN,0,1108,125,0,2,100,166,0,0,0,0
163,0,1,1,ACCEPT,5.9073,1.0772,307,2,8,0.7296,3.95,1334.77,14.42,16.35,224.00,512.50,18.00,17.00,0.0000,851.20,1,0,3.3305,ACCEPT,0,1210,231,2198,2,100,307,0,0,0,0
164,0,1,1,ACCEPT,5.7066,1.0988,189,0,7,0.8201,3.95,1338.38,14.42,16.35,224.50,508.50,19.00,19.00,0.0000,858.68,1,0,3.4288,ACCEPT,0,810,199,3093,2,100,189,0,0,0,0
165,0,1,1,ACCEPT,5.5836,1.1059,188,-4,7,0.2234,2.14,1341.98,14.42,16.35,225.50,504.50,17.00,17.00,0.0000,866.76,1,0,3.3829,ACCEPT,0,779,227,3447,2,100,188,0,0,0,0
166,0,1,0,NEGATIVE_PEAK,-4.2960,1.0342,-121,9,5,0.4380,2.14,1341.98,14.42,16.35,226.00,501.00,18.00,18.00,0.0000,870.27,0,0,0.0000,NOT_RUN,0,801,278,0,2,100,121,0,0,0,0
167,0,1,0,NEGATIVE_PEAK,-3.6532,1.0366,-85,5,5,0.4471,2.14,1341.98,14.42,16.35,226.00,496.50,20.00,19.00,0.0000,874.62,0,0,0.0000,NOT_RUN,0,629,250,0,2,100,85,0,0,0,0
168,0,1,1,ACCEPT,5.5932,1.1242,172,-8,7,0.5000,-1.48,1345.59,14.42,16.35,229.00,493.00,20.00,20.00,0.0000,883.20,1,0,3.3408,ACCEPT,0,777,439,2105,2,100,172,0,0,0,0
169,0,1,0,NEGATIVE_PEAK,-4.2965,1.0800,-54,4,10,0.7593,-1.48,1345.59,14.42,16.35,231.00,491.50,22.00,19.00,0.0000,885.17,0,0,0.0000,NOT_RUN,0,303,290,0,2,100,54,0,0,0,0
170,0,1,0,NEGATIVE_PEAK,-5.5490,1.0800,-27,3,10,0.5556,-1.48,1345.59,14.42,16.35,233.50,486.50,21.00,17.00,0.0000,890.65,0,0,0.0000,NOT_RUN,0,97,549,0,2,100,27,0,0,0,0
171,0,1,1,ACCEPT,5.5357,1.2778,23,2,7,0.4783,-0.58,1349.20,14.42,16.35,236.50,486.00,19.00,18.00,0.0000,895.17,1,0,3.0383,ACCEPT,0,119,271,3165,2,100,23,0,0,0,0
172,0,1,1,ACCEPT,5.9859,1.2308,16,-6,7,0.1875,-3.30,1352.81,14.42,16.35,240.50,483.50,19.00,19.00,0.0000,902.85,1,0,3.3870,ACCEPT,0,72,323,3646,2,100,16,0,0,0,0
173,0,1,0,NEGATIVE_PEAK,-4.1527,1.0545,-58,6,10,0.5172,-3.30,1352.81,14.42,16.35,243.00,481.00,20.00,20.00,0.0000,905.94,0,0,0.0000,NOT_RUN,0,354,210,0,2,100,58,0,0,0,0
174,0,1,1,ACCEPT,5.3651,1.2000,24,7,7,0.0417,-0.12,1356.42,14.42,16.35,247.00,478.50,20.00,19.00,0.0000,912.04,1,0,3.1631,ACCEPT,0,124,181,7637,2,100,24,0,0,0,0
175,0,1,0,NEGATIVE_PEAK,-4.4483,1.0000,-21,16,4,0.1905,-0.12,1356.42,14.42,16.35,250.50,476.50,19.00,19.00,0.0000,914.92,0,0,0.0000,NOT_RUN,0,125,164,0,2,100,21,0,0,0,0
176,0,1,1,ACCEPT,6.2232,1.1585,95,-4,7,0.0842,-1.94,1360.03,14.42,16.35,253.50,475.00,19.00,20.00,0.0000,921.16,1,0,3.3320,ACCEPT,0,420,176,6117,2,100,95,0,0,0,0
177,0,1,1,ACCEPT,5.7674,1.2857,18,17,7,0.2778,5.77,1363.64,14.42,16.35,257.50,473.00,19.00,18.00,0.0000,925.53,1,-7,1.5748,MAX_STEP,0,81,226,6314,2,100,18,0,0,0,0
178,0,1,0,LOW_PSR,4.7062,1.0000,30,1,7,0.5667,5.77,1363.64,14.42,16.35,262.50,472.00,19.00,20.00,0.0000,927.87,0,0,0.0000,NOT_RUN,0,187,54,0,2,100,30,0,0,0,0
179,0,1,1,ACCEPT,5.6939,1.1731,61,4,7,0.3934,7.58,1367.25,14.42,16.35,265.50,469.50,19.00,19.00,0.0000,934.07,1,0,3.3506,ACCEPT,0,240,81,8163,2,100,61,0,0,0,0
180,0,1,1,ACCEPT,5.4347,1.1341,93,-6,7,0.2258,4.86,1370.86,14.42,16.35,268.50,469.00,19.00,20.00,0.0000,939.60,1,0,3.3118,ACCEPT,0,500,185,5908,2,100,93,0,0,0,0
181,0,1,1,ACCEPT,6.1288,1.1525,68,2,7,0.5147,5.77,1374.47,14.42,16.35,270.00,468.00,20.00,20.00,0.0000,944.20,1,0,3.2791,ACCEPT,0,289,80,9235,2,100,68,0,0,0,0
182,0,1,1,ACCEPT,5.7426,1.2368,47,4,7,0.2766,7.58,1378.08,14.42,16.35,271.50,467.00,19.00,20.00,0.0000,948.53,1,0,3.3840,ACCEPT,0,244,90,10197,2,100,47,0,0,0,0
183,0,1,1,ACCEPT,5.2231,1.0476,22,8,7,0.7273,11.20,1381.69,15.00,17.00,274.50,466.50,19.00,21.00,0.0000,952.31,1,1,3.1725,ACCEPT,0,96,42,13906,2,100,22,0,0,0,0
184,0,1,0,NEGATIVE_PEAK,-4.0957,1.0000,-26,19,4,0.6154,11.20,1381.69,15.00,17.00,278.00,467.00,18.00,20.00,0.0000,952.80,0,0,0.0000,NOT_RUN,0,126,77,0,2,100,26,0,0,0,0
185,0,1,0,NEGATIVE_PEAK,-4.1427,1.0526,-20,25,10,0.4000,11.20,1381.69,15.00,17.00,281.50,467.00,19.00,20.00,0.0000,953.79,0,0,0.0000,NOT_RUN,0,127,82,0,2,100,20,0,0,0,0
186,0,1,0,LOW_PSR,4.0783,1.0476,22,12,7,0.6818,11.20,1381.69,15.00,17.00,286.00,468.00,18.00,18.00,0.0000,954.12,0,0,0.0000,NOT_RUN,0,156,99,0,2,100,22,0,0,0,0
187,0,1,0,NEGATIVE_PEAK,-4.2150,1.0000,-23,3,10,0.3913,11.20,1381.69,15.00,17.00,290.00,468.50,18.00,21.00,0.0000,954.80,0,0,0.0000,NOT_RUN,0,154,134,0,2,100,23,0,0,0,0
188,0,1,0,LOW_PSR,4.3100,1.1250,27,-10,7,0.5926,11.20,1381.69,15.00,17.00,294.00,469.00,18.00,20.00,0.0000,955.50,0,0,0.0000,NOT_RUN,0,194,74,0,2,100,27,0,0,0,0
189,0,1,0,LOW_PSR,4.7035,1.1290,35,-11,7,0.5143,11.20,1381.69,15.00,17.00,296.00,472.00,16.00,20.00,0.0000,953.23,0,0,0.0000,NOT_RUN,0,201,54,0,2,100,35,0,0,0,0
190,0,1,1,ACCEPT,5.0319,1.0714,45,3,7,0.3778,12.61,1385.41,15.00,17.00,299.50,472.50,19.00,23.00,0.0000,956.92,1,0,3.3689,ACCEPT,0,208,82,7575,2,100,45,0,0,0,0
191,0,1,0,LOW_PSR,4.5132,1.0370,28,13,7,0.7143,12.61,1385.41,15.00,17.00,299.50,474.00,15.00,20.00,0.0000,955.49,0,0,0.0000,NOT_RUN,0,116,115,0,2,100,28,0,0,0,0
192,0,1,1,ACCEPT,5.2128,1.1429,32,-31,7,0.1250,-1.92,1389.12,13.87,15.72,303.00,476.00,14.00,20.00,0.0000,962.69,1,-2,2.5768,ACCEPT,0,149,127,8553,2,100,32,0,0,0,0
193,0,1,1,ACCEPT,5.5988,1.3030,43,14,7,0.4884,4.20,1392.52,13.33,15.11,305.50,477.50,13.00,19.00,0.0000,963.34,1,-1,2.7974,ACCEPT,0,184,138,6551,2,100,43,0,0,0,0
194,0,1,0,LOW_PSR,3.6066,1.0213,48,8,7,0.5000,4.20,1392.52,13.33,15.11,308.00,479.50,14.00,21.00,0.0000,962.23,0,0,0.0000,NOT_RUN,0,385,195,0,2,100,48,0,0,0,0
195,0,1,0,NEGATIVE_PEAK,-5.9490,1.0340,-152,0,10,0.8289,4.20,1392.52,13.33,15.11,310.50,481.50,15.00,19.00,0.0000,961.13,0,0,0.0000,NOT_RUN,0,632,282,0,2,100,152,0,0,0,0
196,0,1,0,NEGATIVE_PEAK,-4.1237,1.0143,-71,-4,4,0.4789,4.20,1392.52,13.33,15.11,311.50,483.00,15.00,20.00,0.0000,960.03,0,0,0.0000,NOT_RUN,0,466,288,0,2,100,71,0,0,0,0
197,0,1,1,ACCEPT,5.3522,1.1152,242,-10,7,0.5620,-0.02,1395.80,13.33,15.11,314.00,484.00,16.00,20.00,0.0000,964.35,1,0,3.3641,ACCEPT,0,1100,387,2163,2,100,242,0,0,0,0
198,0,1,1,ACCEPT,5.4552,1.1176,38,-4,6,0.0789,-1.70,1398.61,13.33,15.11,315.50,485.00,15.00,20.00,0.0000,967.11,1,0,3.3738,ACCEPT,0,152,378,2614,2,100,38,0,0,0,0
199,0,1,0,NEGATIVE_PEAK,-4.4464,1.0000,-20,0,5,0.9000,-1.70,1398.61,13.33,15.11,319.00,486.50,16.00,21.00,0.0000,966.85,0,0,0.0000,NOT_RUN,0,105,211,0,2,100,20,0,0,0,0
200,0,1,0,LOW_PSR,4.7094,1.0000,9,1,7,0.3333,-1.70,1398.61,13.33,15.11,323.00,485.50,14.00,19.00,0.0000,969.12,0,0,0.0000,NOT_RUN,0,55,185,0,2,100,9,0,0,0,0
201,0,1,1,ACCEPT,6.2886,1.2857,9,13,7,0.7778,3.78,1401.89,13.87,15.72,326.50,486.00,17.00,22.00,0.0000,971.08,1,1,3.1850,ACCEPT,0,33,157,7302,2,100,9,0,0,0,0
202,0,1,1,ACCEPT,5.1722,1.1800,59,-4,7,0.0000,2.03,1405.28,13.87,15.72,329.00,486.00,20.00,22.00,0.0000,975.70,1,0,3.3213,ACCEPT,0,330,238,4676,2,100,59,0,0,0,0
203,0,1,1,ACCEPT,6.0754,1.3333,28,-10,7,0.4643,-2.34,1408.67,13.87,15.72,331.00,482.50,20.00,21.00,0.0000,984.33,1,0,3.1138,ACCEPT,0,103,269,4668,2,100,28,0,0,0,0
204,0,1,1,ACCEPT,5.9421,1.0870,25,8,7,0.6800,1.16,1412.06,13.87,15.72,330.00,480.00,12.00,16.00,0.0000,988.37,1,0,3.1956,ACCEPT,0,77,65,8512,2,100,25,0,0,0,0
205,0,1,1,ACCEPT,6.8440,1.5333,23,-7,7,0.2174,-1.91,1415.45,13.87,15.72,332.50,480.00,13.00,20.00,0.0000,993.43,1,0,3.1498,ACCEPT,0,81,114,7070,2,100,23,0,0,0,0
206,0,1,0,NEGATIVE_PEAK,-5.4642,1.0588,-18,2,10,0.7222,-1.91,1415.45,13.87,15.72,331.00,478.00,20.00,20.00,0.0000,994.81,0,0,0.0000,NOT_RUN,0,70,109,0,2,100,18,0,0,0,0
207,0,1,1,ACCEPT,7.1992,1.3750,11,9,7,0.3636,2.03,1418.84,13.87,15.72,330.00,475.50,16.00,23.00,0.0000,998.73,1,0,3.3607,ACCEPT,0,57,51,16887,2,100,11,0,0,0,0
208,0,1,1,ACCEPT,6.4248,1.3548,42,-7,7,0.2857,-1.03,1422.23,13.87,15.72,330.50,471.00,15.00,24.00,0.0000,1007.35,1,0,3.3020,ACCEPT,0,155,87,7734,2,100,42,0,0,0,0
209,0,1,1,ACCEPT,6.3677,1.0769,14,13,7,0.5714,4.66,1425.62,13.33,15.11,330.50,470.00,13.00,22.00,0.0000,1009.65,1,-1,2.9620,ACCEPT,0,61,55,15409,2,100,14,0,0,0,0
210,0,1,0,LOW_PSR,4.1108,1.0303,68,14,7,0.7059,4.66,1425.62,13.33,15.11,330.00,467.50,14.00,19.00,0.0000,1011.86,0,0,0.0000,NOT_RUN,0,384,224,0,2,100,68,0,0,0,0
211,0,1,1,ACCEPT,7.0412,1.1818,169,-11,7,0.1006,0.02,1428.91,13.33,15.11,330.50,465.00,15.00,22.00,0.0000,1018.99,1,0,3.0788,ACCEPT,0,455,178,4987,2,100,169,0,0,0,0
212,0,1,1,ACCEPT,6.1434,1.0000,7,4,7,0.4286,1.70,1432.19,13.87,15.72,332.50,463.00,11.00,20.00,0.0000,1024.09,1,1,2.8728,ACCEPT,0,30,84,11473,2,100,7,0,0,0,0
213,0,1,1,ACCEPT,8.7909,1.5714,22,5,7,0.2727,3.89,1435.58,13.87,15.72,332.50,460.00,13.00,22.00,0.0000,1029.44,1,0,3.2319,ACCEPT,0,59,96,10442,2,100,22,0,0,0,0
214,0,1,0,NEGATIVE_PEAK,-5.1537,1.0476,-22,2,10,0.6818,3.89,1435.58,13.87,15.72,334.00,457.50,14.00,19.00,0.0000,1032.28,0,0,0.0000,NOT_RUN,0,98,102,0,2,100,22,0,0,0,0
215,0,1,1,ACCEPT,5.8612,1.0000,10,0,7,0.0000,3.89,1438.97,13.33,15.11,335.00,454.50,14.00,21.00,0.0000,1038.66,1,-1,3.0235,ACCEPT,0,60,49,15212,2,100,10,0,0,0,0
216,0,1,1,ACCEPT,5.5869,1.0968,34,-16,7,0.2647,-2.86,1442.25,13.33,15.11,334.00,452.00,14.00,22.00,0.0000,1045.98,1,0,3.1289,ACCEPT,0,155,92,9156,2,100,34,0,0,0,0
217,0,1,1,ACCEPT,5.1579,1.0000,9,0,7,0.2222,-2.86,1445.53,13.33,15.11,336.00,451.00,12.00,22.00,0.0000,1050.68,1,1,0.6255,LOW_CONF,0,74,25,32767,2,100,9,0,0,0,0
218,0,1,1,ACCEPT,5.8300,1.0769,14,6,7,0.1429,-0.33,1448.81,13.33,15.11,335.50,449.00,13.00,20.00,0.0000,1054.71,1,0,3.2375,ACCEPT,0,99,50,17169,2,100,14,0,0,0,0
219,0,1,0,NEGATIVE_PEAK,-4.2752,1.0206,-99,-1,4,0.8485,-0.33,1448.81,13.33,15.11,337.00,450.00,14.00,22.00,0.0000,1054.24,0,0,0.0000,NOT_RUN,0,628,430,0,2,100,99,0,0,0,0
220,0,1,0,LOW_PSR,4.9678,1.0581,91,-1,7,0.6484,-0.33,1448.81,13.33,15.11,337.50,448.50,13.00,21.00,0.0000,1055.82,0,0,0.0000,NOT_RUN,0,352,132,0,2,100,91,0,0,0,0
221,0,1,0,NEGATIVE_PEAK,-4.5279,1.0114,-178,-7,4,0.0393,-0.33,1448.81,13.33,15.11,337.00,449.50,14.00,21.00,0.0000,1054.71,0,0,0.0000,NOT_RUN,0,1004,621,0,2,100,178,0,0,0,0
222,0,1,1,ACCEPT,5.1060,1.1774,146,-2,7,0.5890,-1.17,1452.09,13.33,15.11,337.50,450.00,15.00,20.00,0.0000,1057.78,1,0,3.2506,ACCEPT,0,783,648,3883,2,100,146,0,0,0,0
223,0,1,1,ACCEPT,7.1091,1.5000,9,4,7,0.3333,0.52,1455.38,13.33,15.11,338.50,451.00,15.00,20.00,0.0000,1059.72,1,0,3.0965,ACCEPT,0,30,710,4753,2,100,9,0,0,0,0
224,0,1,0,NEGATIVE_PEAK,-5.0685,1.0323,-32,-6,10,0.6562,0.52,1455.38,13.33,15.11,338.00,452.50,12.00,17.00,0.0000,1058.14,0,0,0.0000,NOT_RUN,0,123,384,0,2,100,32,0,0,0,0
225,0,1,1,ACCEPT,6.2805,1.2143,17,15,7,0.1176,6.84,1458.66,13.33,15.11,339.00,454.50,12.00,17.00,0.0000,1057.67,1,3,1.6241,MAX_STEP,0,56,113,7243,2,100,17,0,0,0,0
226,0,1,0,NEGATIVE_PEAK,-5.1246,1.0952,-23,-2,10,0.6087,6.84,1458.66,13.33,15.11,339.50,455.50,11.00,17.00,0.0000,1056.87,0,0,0.0000,NOT_RUN,0,88,126,0,2,100,23,0,0,0,0
227,0,1,1,ACCEPT,5.0853,1.0333,31,9,7,0.8065,10.64,1461.94,13.33,15.11,340.00,457.00,10.00,16.00,0.0000,1057.53,1,0,3.0760,ACCEPT,0,122,364,3542,2,100,31,0,0,0,0
228,0,1,1,ACCEPT,5.3931,1.1429,8,-18,7,0.0000,3.05,1465.22,13.33,15.11,342.00,458.50,12.00,17.00,0.0000,1062.25,1,0,2.9594,ACCEPT,0,32,288,5417,2,100,8,0,0,0,0
229,0,1,1,ACCEPT,6.1878,1.1667,14,4,6,0.0000,4.73,1468.03,13.33,15.11,342.00,458.00,14.00,16.00,0.0000,1064.85,1,0,3.0647,ACCEPT,0,53,376,4743,2,100,14,0,0,0,0
230,0,1,1,ACCEPT,6.9281,1.2059,41,-5,7,0.0732,2.62,1471.31,13.33,15.11,343.00,457.50,12.00,15.00,0.0000,1069.43,1,0,3.1302,ACCEPT,0,127,286,3346,2,100,41,0,0,0,0
231,0,1,0,NEGATIVE_PEAK,-5.2209,1.0000,-9,-10,0,0.2222,2.62,1471.31,13.33,15.11,343.50,456.00,11.00,16.00,0.0000,1071.01,0,0,0.0000,NOT_RUN,0,40,365,0,2,100,9,0,0,0,0
232,0,1,1,ACCEPT,6.4503,1.2500,5,-3,7,0.0000,1.36,1474.59,13.33,15.11,345.50,454.00,11.00,16.00,0.0000,1077.05,1,0,3.1100,ACCEPT,0,21,306,5532,2,100,5,0,0,0,0
233,0,1,1,ACCEPT,5.9804,1.2222,11,-7,7,0.7273,-1.59,1477.88,13.33,15.11,347.00,449.50,10.00,17.00,0.0000,1085.85,1,0,3.0678,ACCEPT,0,42,211,6335,2,100,11,0,0,0,0
234,0,1,0,NEGATIVE_PEAK,-5.7899,1.1250,-9,12,10,0.1111,-1.59,1477.88,13.33,15.11,347.00,445.50,10.00,15.00,0.0000,1089.64,0,0,0.0000,NOT_RUN,0,30,150,0,2,100,9,0,0,0,0
235,0,1,1,ACCEPT,6.7736,1.1429,8,5,7,0.5000,0.52,1481.16,12.82,14.53,345.50,440.50,15.00,17.00,0.0000,1096.35,1,-1,2.6139,ACCEPT,0,33,302,5967,2,100,8,0,0,0,0
236,0,1,1,ACCEPT,6.8629,1.3333,16,8,7,0.3750,3.77,1484.33,12.82,14.53,346.50,434.50,9.00,15.00,0.0000,1104.36,1,0,2.9912,ACCEPT,0,44,290,4736,2,100,16,0,0,0,0
237,0,1,1,ACCEPT,6.9802,1.2941,22,-5,7,0.1364,1.73,1487.50,12.82,14.53,345.00,429.50,10.00,15.00,0.0000,1112.29,1,0,3.0984,ACCEPT,0,70,175,5589,2,100,22,0,0,0,0
238,0,1,1,ACCEPT,5.7964,1.0833,13,1,7,0.4615,2.14,1490.67,12.82,14.53,345.50,423.00,13.00,16.00,0.0000,1121.53,1,0,3.1105,ACCEPT,0,43,332,4442,2,100,13,0,0,0,0
239,0,1,0,NEGATIVE_PEAK,-5.6395,1.0000,-10,1,10,0.8000,2.14,1490.67,12.82,14.53,341.50,417.50,11.00,15.00,0.0000,1125.55,0,0,0.0000,NOT_RUN,0,33,253,0,2,100,10,0,0,0,0
240,0,1,1,ACCEPT,7.0218,1.3846,18,3,7,0.0000,3.36,1493.84,12.82,14.53,339.00,413.00,12.00,14.00,0.0000,1131.76,1,0,2.9274,ACCEPT,0,49,200,4365,2,100,18,0,0,0,0
241,0,1,1,ACCEPT,6.0920,1.2000,6,13,7,0.5000,8.64,1497.02,13.33,15.11,335.00,407.00,12.00,14.00,0.0000,1137.82,1,1,2.8512,ACCEPT,0,32,240,5475,2,100,6,0,0,0,0
242,0,1,1,ACCEPT,5.3226,1.0000,6,10,7,0.5000,12.86,1500.30,13.33,15.11,331.50,401.00,11.00,14.00,0.0000,1144.55,1,0,3.0424,ACCEPT,0,37,431,2821,2,100,6,0,0,0,0
243,0,1,1,ACCEPT,6.5576,1.1765,20,3,7,0.0500,14.12,1503.58,13.33,15.11,328.50,395.50,9.00,15.00,0.0000,1151.81,1,0,2.8942,ACCEPT,0,52,197,4618,2,100,20,0,0,0,0
244,0,1,0,NEGATIVE_PEAK,-5.3748,1.1667,-7,-18,10,0.1429,14.12,1503.58,13.33,15.11,325.00,389.50,10.00,15.00,0.0000,1156.64,0,0,0.0000,NOT_RUN,0,22,361,0,2,100,7,0,0,0,0
245,0,1,0,NEGATIVE_PEAK,-4.6384,1.0000,-5,-9,0,0.0000,14.12,1503.58,13.33,15.11,322.00,385.00,10.00,14.00,0.0000,1160.17,0,0,0.0000,NOT_RUN,0,22,617,0,2,100,5,0,0,0,0
246,0,1,0,NEGATIVE_PEAK,-4.7436,1.0000,-9,7,4,0.1111,14.12,1503.58,13.33,15.11,319.00,380.50,10.00,13.00,0.0000,1163.72,0,0,0.0000,NOT_RUN,0,42,436,0,2,100,9,0,0,0,0
247,0,1,0,NEGATIVE_PEAK,-3.5736,1.0000,-5,10,10,0.6000,14.12,1503.58,13.33,15.11,316.00,377.00,10.00,14.00,0.0000,1166.32,0,0,0.0000,NOT_RUN,0,26,577,0,2,100,5,0,0,0,0
248,0,1,0,NEGATIVE_PEAK,-5.7003,1.1111,-10,-17,10,0.1000,14.12,1503.58,13.33,15.11,313.50,373.00,11.00,14.00,0.0000,1169.54,0,0,0.0000,NOT_RUN,0,35,412,0,2,100,10,0,0,0,0
249,0,1,1,ACCEPT,6.9226,1.2667,19,-9,7,0.1579,10.33,1506.86,13.33,15.11,310.00,370.50,10.00,15.00,0.0000,1175.21,1,0,3.0124,ACCEPT,0,51,409,30338,2,100,19,0,0,0,0
250,0,1,1,ACCEPT,7.3083,1.2000,78,-2,7,0.2949,9.48,1510.14,13.33,15.11,307.50,368.00,11.00,14.00,0.0000,1180.38,1,0,3.0944,ACCEPT,0,192,312,18045,2,100,78,0,0,0,0
251,0,1,0,NEGATIVE_PEAK,-5.2994,1.0000,-19,6,3,0.3684,9.48,1510.14,13.33,15.11,305.00,366.50,12.00,13.00,0.0000,1181.20,0,0,0.0000,NOT_RUN,0,68,166,0,2,100,19,0,0,0,0
252,0,1,0,NEGATIVE_PEAK,-5.3416,1.0588,-18,5,10,0.1111,9.48,1510.14,13.33,15.11,302.00,365.00,10.00,14.00,0.0000,1181.91,0,0,0.0000,NOT_RUN,0,75,240,0,2,100,18,0,0,0,0
253,0,1,1,ACCEPT,7.6314,1.3846,18,-21,7,0.2222,0.62,1513.42,12.82,14.53,300.50,362.00,9.00,14.00,0.0000,1189.83,1,-1,2.6564,ACCEPT,0,50,188,13215,2,100,18,0,0,0,0
254,0,1,0,NEGATIVE_PEAK,-4.9427,1.0000,-13,0,11,0.7692,0.62,1513.42,12.82,14.53,298.00,360.50,10.00,13.00,0.0000,1190.66,0,0,0.0000,NOT_RUN,0,46,244,0,2,100,13,0,0,0,0
0,0,0,0,ZERO_RESPONSE,0.0000,0.0000,0,0,0,0.0000,453.50,1079.50,13.00,21.00,453.50,1079.50,13.00,21.00,1.0000,0.00,1,0,0.0000,NOT_RUN,0,0,387,6449,3,150,0,0,0,0,0
1,0,1,1,ACCEPT,21.9941,4.3870,1009,-5,-7,0.0050,451.47,1074.91,13.00,21.00,451.50,1074.50,11.00,21.00,0.8164,0.41,1,0,3.2746,ACCEPT,0,981,422,1716,3,150,1009,0,0,0,0
2,0,1,1,ACCEPT,13.3290,2.8857,202,5,-9,0.1139,453.50,1069.00,13.00,21.00,453.00,1067.00,12.00,22.00,0.7723,2.06,1,0,3.2563,ACCEPT,0,334,284,993,3,150,202,0,0,0,0
3,0,1,1,ACCEPT,14.8889,2.3387,145,-1,-10,0.0069,453.09,1062.44,13.00,21.00,453.00,1061.50,14.00,21.00,0.8518,0.94,1,0,3.1633,ACCEPT,0,173,339,7968,3,150,145,0,0,0,0
4,0,1,1,ACCEPT,19.1360,3.3929,1442,0,-8,0.0603,453.09,1057.19,13.00,21.00,452.50,1056.00,13.00,16.00,0.7027,1.33,1,0,3.2206,ACCEPT,0,1241,277,2009,3,150,1442,0,0,0,0
5,0,1,1,ACCEPT,23.6232,3.6077,469,-3,-8,0.0469,451.88,1051.94,13.00,21.00,451.50,1051.50,11.00,19.00,0.7656,0.58,1,0,3.2172,ACCEPT,0,443,303,7083,3,150,469,0,0,0,0
6,0,1,1,ACCEPT,23.1109,2.8840,2013,-2,-9,0.0725,451.06,1046.03,13.00,21.00,450.50,1045.50,13.00,21.00,0.8736,0.77,1,0,3.1264,ACCEPT,0,1238,306,14296,3,150,2013,0,0,0,0
7,0,1,1,ACCEPT,14.7487,2.4092,2997,-4,-9,0.0140,449.44,1040.12,13.00,21.00,449.00,1039.00,10.00,20.00,0.6938,1.21,1,0,3.2498,ACCEPT,0,2744,249,3104,3,150,2997,0,0,0,0
8,0,1,1,ACCEPT,14.0820,1.6852,1001,-7,-7,0.0879,446.59,1035.53,13.00,21.00,446.00,1034.50,12.00,21.00,0.8277,1.19,1,0,3.4309,ACCEPT,0,1418,297,10114,3,150,1001,0,0,0,0
9,0,1,1,ACCEPT,8.2915,1.1474,2421,-14,-7,0.5878,440.91,1030.94,13.00,21.00,442.50,1031.50,11.00,23.00,0.7107,1.69,1,0,2.8377,ACCEPT,0,4435,371,2091,3,150,2421,0,0,0,0
10,0,1,1,ACCEPT,10.6530,1.0339,610,-8,-7,0.0557,437.66,1026.34,13.00,21.00,438.00,1027.00,12.00,24.00,0.8155,0.74,1,0,3.2171,ACCEPT,0,740,286,11833,3,150,610,0,0,0,0
11,0,1,1,ACCEPT,12.8526,1.4963,4239,-7,-7,0.0359,434.81,1021.75,13.00,21.00,435.50,1020.50,13.00,21.00,0.8030,1.43,1,0,2.9205,ACCEPT,0,3533,256,11869,3,150,4239,0,0,0,0
12,0,1,1,ACCEPT,14.1092,2.3646,3885,-8,-8,0.0286,431.56,1016.50,13.00,21.00,433.00,1016.00,12.00,20.00,0.7584,1.52,1,0,3.2067,ACCEPT,0,3411,245,13884,3,150,3885,0,0,0,0
13,0,1,1,ACCEPT,15.2345,2.9496,4678,-6,-6,0.3181,429.12,1012.56,13.00,21.00,430.00,1012.50,14.00,23.00,0.8037,0.88,1,0,3.1977,ACCEPT,0,3645,250,5246,3,150,4678,0,0,0,0
14,0,1,1,ACCEPT,23.2594,3.9656,2189,-5,-8,0.0512,427.09,1007.31,13.00,21.00,425.50,1006.00,11.00,20.00,0.6807,2.06,1,0,3.3844,ACCEPT,0,1427,239,8379,3,150,2189,0,0,0,0
15,0,1,1,ACCEPT,28.2976,4.4007,3921,-4,-6,0.0995,425.47,1003.38,13.00,21.00,425.00,1002.50,14.00,21.00,0.8567,0.99,1,0,3.3018,ACCEPT,0,2290,244,3101,3,150,3921,0,0,0,0
16,0,1,1,ACCEPT,23.6875,4.3367,1275,0,-8,0.0714,425.47,998.12,13.00,21.00,426.50,998.00,13.00,24.00,0.7533,1.04,1,0,3.2509,ACCEPT,0,835,208,3775,3,150,1275,0,0,0,0
17,0,1,1,ACCEPT,30.1287,4.4485,1726,1,-7,0.1367,425.88,993.53,13.00,21.00,425.00,994.00,12.00,20.00,0.8289,0.99,1,0,3.3460,ACCEPT,0,833,205,10944,3,150,1726,0,0,0,0
18,0,1,1,ACCEPT,22.8707,4.3414,4133,-1,-9,0.0448,425.47,987.62,13.00,21.00,425.50,988.50,13.00,23.00,0.9089,0.88,1,0,3.3661,ACCEPT,0,2723,216,4006,3,150,4133,0,0,0,0
19,0,1,1,ACCEPT,18.0943,2.8098,1315,3,-6,0.1065,426.69,983.69,13.00,21.00,426.50,985.00,9.00,20.00,0.6161,1.33,1,0,3.3666,ACCEPT,0,986,207,4825,3,150,1315,0,0,0,0
20,0,1,1,ACCEPT,21.5004,3.9498,1888,-2,-6,0.0964,425.88,979.75,13.00,21.00,426.00,979.50,12.00,23.00,0.8485,0.28,1,0,3.2708,ACCEPT,0,1399,209,5599,3,150,1888,0,0,0,0
21,0,1,1,ACCEPT,25.7208,4.0390,2484,-2,-6,0.0672,425.06,975.81,13.00,21.00,425.00,977.00,12.00,22.00,0.8312,1.19,1,0,3.3458,ACCEPT,0,1635,216,15747,3,150,2484,0,0,0,0
22,0,1,1,ACCEPT,17.5186,2.3055,4883,-4,-6,0.1872,423.44,971.88,13.00,21.00,425.50,973.00,11.00,22.00,0.6479,2.35,1,0,3.3683,ACCEPT,0,4676,247,6155,3,150,4883,0,0,0,0
23,0,1,1,ACCEPT,21.5937,2.5414,2577,-7,-4,0.3357,420.59,969.25,13.00,21.00,421.00,970.00,8.00,20.00,0.5745,0.85,1,0,3.3422,ACCEPT,0,1730,283,5363,3,150,2577,0,0,0,0
24,0,1,1,ACCEPT,18.0079,2.5644,1931,-13,-4,0.0870,415.31,966.62,13.00,21.00,416.50,966.00,9.00,24.00,0.6300,1.34,1,1,1.7343,LOW_CONF,0,1736,226,11071,3,150,1931,0,0,0,0
25,0,1,1,ACCEPT,17.2578,3.8171,3443,-7,-6,0.0160,412.47,962.69,13.00,21.00,413.50,963.00,11.00,26.00,0.7009,1.08,1,0,3.3778,ACCEPT,0,3025,234,11136,3,150,3443,0,0,0,0
26,0,1,1,ACCEPT,16.5678,3.6206,3273,-9,-4,0.1014,408.81,960.06,13.00,21.00,409.50,960.50,11.00,25.00,0.7287,0.81,1,0,3.2724,ACCEPT,0,3559,257,10588,3,150,3273,0,0,0,0
27,0,1,1,ACCEPT,18.2728,2.8431,3787,-12,-3,0.0071,403.94,958.09,13.00,21.00,404.00,958.00,12.00,26.00,0.7568,0.11,1,0,3.3783,ACCEPT,0,3866,237,8089,3,150,3787,0,0,0,0
28,0,1,1,ACCEPT,17.1654,3.4152,2780,-12,-3,0.0658,399.06,956.12,13.00,21.00,400.50,956.50,11.00,25.00,0.6800,1.49,1,0,3.3600,ACCEPT,0,2992,253,9407,3,150,2780,0,0,0,0
29,0,1,1,ACCEPT,7.6420,1.0718,1732,-16,-3,0.0745,392.56,954.16,13.00,21.00,394.00,954.00,12.00,28.00,0.6167,1.45,1,0,3.4880,ACCEPT,0,3242,238,10618,3,150,1732,0,0,0,0
30,0,1,1,ACCEPT,8.1682,1.4341,1949,-18,-1,0.0487,385.25,953.50,13.00,21.00,386.50,955.00,9.00,22.00,0.6186,1.95,1,0,3.3037,ACCEPT,0,3294,209,11491,3,150,1949,0,0,0,0
31,0,1,1,ACCEPT,11.9694,1.7311,3168,-15,-3,0.0511,379.16,951.53,13.00,21.00,379.00,949.50,10.00,19.00,0.6342,2.04,1,0,3.3514,ACCEPT,0,4502,256,13266,3,150,3168,0,0,0,0
32,0,1,1,ACCEPT,11.1328,2.1861,3124,-15,-3,0.0346,373.06,949.56,13.00,21.00,373.00,950.00,12.00,24.00,0.8155,0.44,1,0,3.3687,ACCEPT,0,4075,237,11008,3,150,3124,0,0,0,0
33,0,1,1,ACCEPT,7.0956,1.2081,1817,-11,-4,0.2102,368.59,946.94,13.00,21.00,370.00,947.50,8.00,23.00,0.5813,1.51,1,0,3.1232,ACCEPT,0,4367,244,16013,3,150,1817,0,0,0,0
34,0,1,1,ACCEPT,10.1484,1.7136,3482,-12,-4,0.0985,363.72,944.31,13.00,21.00,365.00,945.50,10.00,23.00,0.7058,1.75,1,0,3.4382,ACCEPT,0,5622,229,9726,3,150,3482,0,0,0,0
35,0,1,1,ACCEPT,15.4053,2.6009,2783,-11,-3,0.0331,359.25,942.34,13.00,21.00,360.00,942.00,12.00,26.00,0.7295,0.83,1,0,3.0462,ACCEPT,0,3271,222,10137,3,150,2783,0,0,0,0
36,0,1,1,ACCEPT,14.3153,2.1557,2839,-8,-6,0.4424,356.00,938.41,13.00,21.00,355.50,938.00,13.00,24.00,0.8140,0.64,1,0,3.3869,ACCEPT,0,2966,231,10631,3,150,2839,0,0,0,0
37,0,1,1,ACCEPT,15.9198,2.8571,3340,-5,-6,0.0231,353.97,934.47,13.52,21.84,355.50,933.00,11.00,22.00,0.6903,2.12,1,1,2.3729,ACCEPT,0,2659,244,12385,3,150,3340,0,0,0,0
38,0,1,1,ACCEPT,12.9305,2.5961,3419,-4,-9,0.0892,352.28,928.28,13.52,21.84,355.50,929.00,9.00,26.00,0.4966,3.30,1,0,2.9264,ACCEPT,0,4664,248,14581,3,150,3419,0,0,0,0
39,0,1,1,ACCEPT,16.9423,2.3333,5691,-2,-6,0.0039,351.44,924.16,13.52,21.84,353.00,924.00,12.00,28.00,0.6324,1.57,1,0,3.4327,ACCEPT,0,4705,159,17051,3,150,5691,0,0,0,0
40,0,1,1,ACCEPT,15.5648,2.9850,6746,-9,-6,0.2086,347.64,920.03,13.52,21.84,349.50,920.50,9.00,23.00,0.6429,1.92,1,0,3.4548,ACCEPT,0,6596,147,15696,3,150,6746,0,0,0,0
41,0,1,1,ACCEPT,7.6508,1.5304,3145,-13,-5,0.1447,342.16,916.59,13.52,21.84,344.50,918.00,9.00,24.00,0.6005,2.73,1,0,3.4973,ACCEPT,0,4883,144,16291,3,150,3145,0,0,0,0
42,0,1,1,ACCEPT,18.1624,2.7695,7558,-11,-5,0.0615,337.52,913.16,13.52,21.84,339.50,913.00,9.00,20.00,0.6096,1.99,1,0,3.4426,ACCEPT,0,5874,137,20252,3,150,7558,0,0,0,0
43,0,1,1,ACCEPT,17.5101,2.8224,9681,-7,-4,0.0359,334.56,910.41,13.52,21.84,336.50,909.50,9.00,21.00,0.6161,2.14,1,0,3.2487,ACCEPT,0,7836,106,18960,3,150,9681,0,0,0,0
44,0,1,1,ACCEPT,19.7577,3.4710,9160,-5,-6,0.2461,332.45,906.28,13.52,21.84,335.00,907.50,8.00,23.00,0.5477,2.82,1,0,3.2368,ACCEPT,0,6193,75,14814,3,150,9160,0,0,0,0
45,0,1,1,ACCEPT,19.5746,3.5228,9589,-2,-6,0.0363,331.61,902.16,13.52,21.84,332.50,901.50,7.00,23.00,0.5013,1.11,1,0,3.2310,ACCEPT,0,6165,128,10586,3,150,9589,0,0,0,0
46,0,1,1,ACCEPT,11.0642,2.1551,4780,-5,-8,0.0607,329.50,896.66,13.52,21.84,331.00,896.50,8.00,25.00,0.5451,1.51,1,0,3.2037,ACCEPT,0,5785,170,12584,3,150,4780,0,0,0,0
47,0,1,1,ACCEPT,17.0431,2.5855,7229,-2,-8,0.0243,328.66,891.16,13.52,21.84,330.50,891.50,7.00,23.00,0.5039,1.88,1,0,3.2659,ACCEPT,0,5847,200,12666,3,150,7229,0,0,0,0
48,0,1,1,ACCEPT,16.6725,2.6045,7949,1,-8,0.3609,329.08,885.66,13.52,21.84,331.00,885.50,8.00,27.00,0.5191,1.93,1,0,3.1940,ACCEPT,0,6776,167,10173,3,150,7949,0,0,0,0
49,0,1,1,ACCEPT,14.8362,2.9062,4894,5,-9,0.1588,331.19,879.47,13.52,21.84,332.50,881.50,7.00,27.00,0.4613,2.42,1,0,3.3076,ACCEPT,0,4819,176,4462,3,150,4894,0,0,0,0
50,0,1,1,ACCEPT,15.3086,2.5557,2594,5,-9,0.0790,333.30,873.28,13.52,21.84,334.50,873.50,9.00,27.00,0.5752,1.22,1,0,3.0823,ACCEPT,0,2535,173,3982,3,150,2594,0,0,0,0
51,0,1,1,ACCEPT,17.9897,3.3310,2375,5,-10,0.0501,335.41,866.41,13.52,21.84,336.00,865.00,8.00,28.00,0.5071,1.53,1,0,3.1844,ACCEPT,0,2246,132,4516,3,150,2375,0,0,0,0
52,0,1,1,ACCEPT,22.0297,4.1267,2670,0,-9,0.1449,335.41,860.22,13.52,21.84,335.50,861.00,7.00,26.00,0.4713,0.79,1,0,3.1406,ACCEPT,0,2161,145,5084,3,150,2670,0,0,0,0
53,0,1,1,ACCEPT,20.7803,4.2948,2710,-1,-11,0.1129,334.98,852.66,13.52,21.84,335.50,853.50,9.00,27.00,0.5752,0.99,1,0,3.2158,ACCEPT,0,2163,128,5702,3,150,2710,0,0,0,0
54,0,1,1,ACCEPT,22.3661,3.9064,3047,-4,-10,0.1031,333.30,845.78,13.52,21.84,333.00,846.00,10.00,28.00,0.6120,0.37,1,0,3.0749,ACCEPT,0,2267,157,10145,3,150,3047,0,0,0,0
55,0,1,1,ACCEPT,21.4260,4.3808,5235,-3,-11,0.0600,332.03,838.22,13.52,21.84,331.50,839.50,9.00,27.00,0.5752,1.39,1,0,3.3214,ACCEPT,0,4641,140,6862,3,150,5235,0,0,0,0
56,0,1,1,ACCEPT,21.7127,4.1385,3795,-1,-10,0.0053,331.61,831.34,13.52,21.84,332.50,831.50,7.00,25.00,0.4817,0.90,1,0,3.1167,ACCEPT,0,2785,131,8866,3,150,3795,0,0,0,0
57,0,1,1,ACCEPT,17.2614,2.9679,3790,6,-11,0.2121,334.14,823.78,13.52,21.84,335.00,824.00,8.00,26.00,0.5318,0.89,1,0,2.8987,ACCEPT,0,3674,224,6781,3,150,3790,0,0,0,0
58,0,1,1,ACCEPT,14.2553,2.1398,2219,9,-12,0.2136,337.94,815.53,13.52,21.84,338.00,816.00,8.00,26.00,0.5318,0.47,1,0,3.2452,ACCEPT,0,2146,229,4997,3,150,2219,0,0,0,0
59,0,1,1,ACCEPT,17.8806,3.0404,2335,8,-11,0.2013,341.31,807.97,13.52,21.84,341.50,808.50,9.00,25.00,0.6072,0.56,1,0,3.4157,ACCEPT,0,1703,184,8327,3,150,2335,0,0,0,0
60,0,1,1,ACCEPT,17.0800,2.7538,3657,7,-10,0.1490,344.27,801.09,13.52,21.84,343.00,801.00,10.00,26.00,0.6483,1.27,1,0,3.3827,ACCEPT,0,3006,167,8852,3,150,3657,0,0,0,0
61,0,1,1,ACCEPT,17.7231,3.1014,3762,1,-9,0.0649,344.69,794.91,13.52,21.84,344.50,793.50,9.00,29.00,0.5464,1.42,1,0,3.3331,ACCEPT,0,3324,200,4155,3,150,3762,0,0,0,0
62,0,1,1,ACCEPT,18.2041,2.5688,1662,-2,-10,0.0517,343.84,788.03,13.52,21.84,344.50,789.00,9.00,24.00,0.6246,1.17,1,0,3.3707,ACCEPT,0,1481,201,4478,3,150,1662,0,0,0,0
63,0,1,1,ACCEPT,19.7251,4.2134,1698,-2,-10,0.1154,343.00,781.16,13.52,21.84,342.50,781.00,11.00,28.00,0.6618,0.52,1,0,3.2995,ACCEPT,0,1608,232,10286,3,150,1698,0,0,0,0
64,0,1,1,ACCEPT,15.4290,3.2357,3514,-4,-9,0.2043,341.31,774.97,13.52,21.84,341.50,774.50,11.00,29.00,0.6423,0.50,1,0,3.3797,ACCEPT,0,3475,221,5615,3,150,3514,0,0,0,0
65,0,1,1,ACCEPT,17.6294,2.6606,2900,-8,-9,0.1000,337.94,768.78,13.52,21.84,338.50,769.00,11.00,26.00,0.7044,0.60,1,0,3.3263,ACCEPT,0,2634,184,10450,3,150,2900,0,0,0,0
66,0,1,1,ACCEPT,9.3882,1.6260,3756,-11,-8,0.2093,333.30,763.28,13.52,21.84,334.00,763.50,12.00,25.00,0.7866,0.74,1,0,3.4153,ACCEPT,0,5811,192,3274,3,150,3756,0,0,0,0
67,0,1,1,ACCEPT,8.4039,1.6107,1382,-13,-7,0.0166,327.81,758.47,13.52,21.84,328.50,757.50,9.00,23.00,0.6244,1.19,1,0,3.3397,ACCEPT,0,2135,178,5455,3,150,1382,0,0,0,0
68,0,1,1,ACCEPT,11.0411,2.5439,2605,-13,-6,0.3052,322.33,754.34,13.52,21.84,322.50,754.00,13.00,26.00,0.8127,0.38,1,0,3.3167,ACCEPT,0,3782,155,3419,3,150,2605,0,0,0,0
69,0,1,1,ACCEPT,11.9650,2.4342,1609,-15,-7,0.0926,316.00,749.53,13.52,21.84,317.50,749.50,11.00,25.00,0.7009,1.50,1,0,3.4603,ACCEPT,0,2168,105,4346,3,150,1609,0,0,0,0
70,0,1,1,ACCEPT,12.4996,2.1377,1413,-18,-8,0.2300,308.41,744.03,13.52,21.84,310.50,745.00,13.00,30.00,0.5525,2.31,1,0,3.4827,ACCEPT,0,2216,83,5871,3,150,1413,0,0,0,0
71,0,1,1,ACCEPT,13.6484,2.4832,2143,-18,-6,0.2510,300.81,739.91,13.52,21.84,303.00,742.50,12.00,25.00,0.5870,3.39,1,0,3.4475,ACCEPT,0,3058,196,4237,3,150,2143,0,0,0,0
72,0,1,1,ACCEPT,13.2464,2.6012,1735,-18,-6,0.2455,293.22,735.78,13.52,21.84,295.00,737.00,14.00,26.00,0.6579,2.16,1,0,3.4679,ACCEPT,0,2481,250,1933,3,150,1735,0,0,0,0
73,0,1,1,ACCEPT,13.9289,2.3008,1109,-15,-7,0.0009,286.89,730.97,13.52,21.84,287.50,732.00,13.00,24.00,0.8347,1.20,1,0,3.4655,ACCEPT,0,1576,206,2777,3,150,1109,0,0,0,0
74,0,1,1,ACCEPT,14.8099,2.5528,1524,-15,-7,0.0072,280.56,726.16,13.52,21.84,280.00,725.00,16.00,26.00,0.7098,1.29,1,0,3.4332,ACCEPT,0,1893,119,4218,3,150,1524,0,0,0,0
75,0,1,1,ACCEPT,14.6667,2.6469,2369,-14,-6,0.0245,274.66,722.03,13.52,21.84,276.00,722.00,16.00,26.00,0.7005,1.34,1,0,3.3895,ACCEPT,0,3092,81,4835,3,150,2369,0,0,0,0
76,0,1,1,ACCEPT,13.3023,1.8100,2467,-11,-7,0.0839,270.02,717.22,13.52,21.84,270.50,718.00,15.00,24.00,0.8202,0.92,1,0,3.4133,ACCEPT,0,3235,80,6719,3,150,2467,0,0,0,0
77,0,1,1,ACCEPT,11.4907,2.3287,2664,-10,-6,0.0488,265.80,713.09,13.52,21.84,266.00,714.00,18.00,22.00,0.6978,0.93,1,0,3.3421,ACCEPT,0,4311,81,11289,3,150,2664,0,0,0,0
78,0,1,1,ACCEPT,10.5588,1.7574,4722,-10,-5,0.1550,261.58,709.66,13.52,21.84,261.50,710.00,17.00,20.00,0.7411,0.35,1,0,3.2815,ACCEPT,0,7643,116,6724,3,150,4722,0,0,0,0
79,0,1,1,ACCEPT,12.6907,2.0824,3538,-9,-6,0.0116,257.78,705.53,13.52,21.84,257.50,707.00,17.00,20.00,0.7064,1.50,1,0,3.4080,ACCEPT,0,4822,109,8074,3,150,3538,0,0,0,0
80,0,1,1,ACCEPT,15.3898,2.7991,4137,-8,-6,0.1334,254.41,701.41,13.52,21.84,254.00,702.00,18.00,20.00,0.7026,0.72,1,0,3.5566,ACCEPT,0,5170,148,9937,3,150,4137,0,0,0,0
81,0,1,1,ACCEPT,12.5472,1.3776,4250,-5,-3,0.2960,252.30,699.34,14.06,22.71,252.00,700.00,20.00,20.00,0.6418,0.72,1,1,2.6573,ACCEPT,0,5704,138,11806,3,150,4250,0,0,0,0
82,0,1,1,ACCEPT,16.3623,2.0423,5843,-5,-5,0.1061,250.11,695.83,14.06,22.71,248.50,697.00,19.00,20.00,0.6725,1.99,1,0,3.2187,ACCEPT,0,6358,110,11968,3,150,5843,0,0,0,0
83,0,1,1,ACCEPT,14.5020,2.6755,5252,-6,-6,0.1013,247.48,691.61,14.06,22.71,246.00,693.50,20.00,19.00,0.6163,2.40,1,0,3.5773,ACCEPT,0,6455,141,11719,3,150,5252,0,0,0,0
84,0,1,1,ACCEPT,13.7218,2.3834,6247,-4,-4,0.1396,245.73,688.80,14.06,22.71,244.00,689.50,20.00,21.00,0.6649,1.87,1,0,3.4710,ACCEPT,0,7027,165,13554,3,150,6247,0,0,0,0
85,0,1,1,ACCEPT,12.4453,2.0838,9225,-6,-5,0.1311,243.11,685.28,14.06,22.71,242.00,687.00,20.00,20.00,0.6230,2.05,1,0,3.5953,ACCEPT,0,11070,139,16755,3,150,9225,0,0,0,0
86,0,1,1,ACCEPT,13.5681,2.4746,12581,-3,-4,0.1418,241.80,682.47,14.06,22.71,240.00,684.50,20.00,21.00,0.6052,2.71,1,0,3.2655,ACCEPT,0,15124,149,19656,3,150,12581,0,0,0,0
87,0,1,1,ACCEPT,15.6634,2.6826,14556,-6,-5,0.1983,239.17,678.95,14.62,23.62,237.50,680.00,19.00,20.00,0.6755,1.97,1,1,3.0119,ACCEPT,0,13661,162,18182,3,150,14556,0,0,0,0
88,0,1,1,ACCEPT,13.5270,2.1459,9294,-6,-6,0.1051,236.45,674.55,14.62,23.62,235.00,676.50,18.00,21.00,0.6993,2.43,1,0,3.2939,ACCEPT,0,12044,245,14707,3,150,9294,0,0,0,0
89,0,1,1,ACCEPT,14.7739,2.4713,9139,-4,-7,0.1189,234.64,669.41,14.62,23.62,232.50,672.50,17.00,21.00,0.5975,3.76,1,0,3.4514,ACCEPT,0,9375,266,17211,3,150,9139,0,0,0,0
90,0,1,1,ACCEPT,12.2918,2.1708,7650,-7,-6,0.2018,231.47,665.00,14.62,23.62,230.00,667.00,18.00,22.00,0.6962,2.48,1,0,3.1852,ACCEPT,0,10721,191,14858,3,150,7650,0,0,0,0
91,0,1,1,ACCEPT,13.7308,3.3351,7057,-3,-7,0.2267,230.11,659.86,14.62,23.62,228.00,662.00,18.00,22.00,0.6555,3.01,1,0,3.2531,ACCEPT,0,8589,196,15779,3,150,7057,0,0,0,0
92,0,1,1,ACCEPT,13.1456,2.8438,9794,-4,-9,0.1384,228.30,653.25,14.62,23.62,226.50,656.00,17.00,20.00,0.6386,3.29,1,0,3.4541,ACCEPT,0,9879,124,15835,3,150,9794,0,0,0,0
93,0,1,1,ACCEPT,14.1803,3.4312,12675,-2,-8,0.2009,227.39,647.38,14.62,23.62,226.00,649.50,18.00,19.00,0.6783,2.54,1,0,3.3861,ACCEPT,0,13792,111,16686,3,150,12675,0,0,0,0
94,0,1,1,ACCEPT,14.2092,2.8803,13134,-1,-8,0.1651,226.94,641.50,14.62,23.62,225.50,643.00,19.00,22.00,0.6898,2.08,1,0,3.0554,ACCEPT,0,13441,127,15662,3,150,13134,0,0,0,0
95,0,1,1,ACCEPT,14.2298,2.4967,12129,0,-10,0.2266,226.94,634.16,14.62,23.62,225.50,637.00,19.00,22.00,0.6193,3.19,1,0,3.2969,ACCEPT,0,11726,148,13584,3,150,12129,0,0,0,0
96,0,1,1,ACCEPT,14.2606,3.0034,10659,-1,-9,0.2699,226.48,627.55,15.21,24.57,226.00,630.00,18.00,22.00,0.6996,2.50,1,1,2.9058,ACCEPT,0,11844,155,12569,3,150,10659,0,0,0,0
97,0,1,1,ACCEPT,14.2341,2.3683,7775,2,-10,0.0889,227.42,619.89,15.21,24.57,226.00,622.50,18.00,21.00,0.6878,2.97,1,0,3.3271,ACCEPT,0,7579,163,9735,3,150,7775,0,0,0,0
98,0,1,1,ACCEPT,12.0182,1.8005,6235,-3,-11,0.1934,226.02,611.47,15.21,24.57,225.00,614.50,18.00,21.00,0.6657,3.20,1,0,3.4856,ACCEPT,0,7625,146,8489,3,150,6235,0,0,0,0
99,0,1,1,ACCEPT,14.9981,2.0053,6441,-4,-9,0.2593,224.14,604.58,15.21,24.57,224.50,606.50,19.00,21.00,0.6968,1.96,1,0,3.3647,ACCEPT,0,6271,119,11241,3,150,6441,0,0,0,0
100,0,1,1,ACCEPT,13.4589,2.7217,7490,-2,-12,0.0324,223.20,595.39,15.21,24.57,223.00,598.00,18.00,22.00,0.6907,2.62,1,0,3.4087,ACCEPT,0,8809,176,8180,3,150,7490,0,0,0,0
101,0,1,1,ACCEPT,10.2953,2.2838,4821,-1,-10,0.0058,222.73,587.73,15.21,24.57,222.50,591.00,17.00,22.00,0.6869,3.27,1,0,3.2457,ACCEPT,0,7183,172,11437,3,150,4821,0,0,0,0
102,0,1,1,ACCEPT,15.8821,3.2947,8955,-4,-11,0.0255,220.86,579.31,15.21,24.57,222.50,582.50,17.00,21.00,0.6338,3.58,1,0,3.3643,ACCEPT,0,7186,141,14149,3,150,8955,0,0,0,0
103,0,1,1,ACCEPT,16.2380,3.8240,9950,-1,-10,0.0403,220.39,571.66,15.21,24.57,220.50,574.50,17.00,19.00,0.7050,2.85,1,0,3.3763,ACCEPT,0,10521,185,14516,3,150,9950,0,0,0,0
104,0,1,1,ACCEPT,16.8831,3.6562,9868,0,-11,0.0689,220.39,563.23,15.21,24.57,220.50,567.00,17.00,20.00,0.6519,3.77,1,0,3.2821,ACCEPT,0,10324,134,17788,3,150,9868,0,0,0,0
105,0,1,1,ACCEPT,14.2303,2.1631,12546,-2,-9,0.0265,219.45,556.34,15.21,24.57,219.50,559.50,19.00,23.00,0.6313,3.16,1,0,3.3561,ACCEPT,0,13070,156,15105,3,150,12546,0,0,0,0
106,0,1,1,ACCEPT,13.9887,2.5167,10477,0,-10,0.2099,219.45,548.69,15.21,24.57,219.00,552.00,18.00,22.00,0.6519,3.34,1,0,3.2938,ACCEPT,0,10227,144,13842,3,150,10477,0,0,0,0
107,0,1,1,ACCEPT,18.1243,3.1062,9328,1,-10,0.1164,219.92,541.03,15.21,24.57,219.50,545.00,19.00,20.00,0.5863,3.99,1,0,3.4061,ACCEPT,0,8286,141,16782,3,150,9328,0,0,0,0
108,0,1,1,ACCEPT,17.3131,2.9452,9728,-1,-8,0.2410,219.45,534.91,15.21,24.57,221.50,539.50,19.00,21.00,0.5492,5.03,1,0,3.3927,ACCEPT,0,8267,145,14133,3,150,9728,0,0,0,0
109,0,1,1,ACCEPT,21.2028,4.7368,9450,3,-8,0.0899,220.86,528.78,15.21,24.57,222.00,533.50,20.00,21.00,0.5295,4.85,1,0,3.3814,ACCEPT,0,6269,153,13922,3,150,9450,0,0,0,0
110,0,1,1,ACCEPT,23.5765,4.7564,10602,0,-8,0.2028,220.86,522.66,15.21,24.57,221.00,526.50,20.00,19.00,0.5675,3.85,1,0,3.2863,ACCEPT,0,7066,166,9471,3,150,10602,0,0,0,0
111,0,1,1,ACCEPT,18.5906,3.3283,6214,1,-7,0.1160,221.33,517.30,15.21,24.57,223.00,521.50,18.00,19.00,0.5794,4.52,1,0,3.2421,ACCEPT,0,5393,144,13609,3,150,6214,0,0,0,0
112,0,1,1,ACCEPT,17.4933,3.1758,8219,2,-5,0.0217,222.27,513.47,15.21,24.57,223.00,517.00,18.00,18.00,0.6313,3.61,1,0,3.4063,ACCEPT,0,6517,147,14089,3,150,8219,0,0,0,0
113,0,1,1,ACCEPT,16.3982,2.9837,6764,2,-6,0.0763,223.20,508.88,15.21,24.57,224.00,512.50,18.00,17.00,0.6140,3.71,1,0,3.3964,ACCEPT,0,6700,129,12073,3,150,6764,0,0,0,0
114,0,1,1,ACCEPT,13.1681,2.7273,5111,0,-7,0.0783,223.20,503.52,15.21,24.57,224.50,508.50,19.00,19.00,0.5332,5.15,1,0,3.3839,ACCEPT,0,5256,149,12698,3,150,5111,0,0,0,0
115,0,1,1,ACCEPT,17.7633,2.8328,7742,1,-5,0.1507,223.67,499.69,15.21,24.57,225.50,504.50,17.00,17.00,0.5246,5.15,1,0,3.3317,ACCEPT,0,7368,123,11012,3,150,7742,0,0,0,0
116,0,1,1,ACCEPT,16.8063,2.7000,6642,1,-5,0.0590,224.14,495.86,15.21,24.57,226.00,501.00,18.00,18.00,0.5179,5.47,1,0,3.4161,ACCEPT,0,6265,109,11514,3,150,6642,0,0,0,0
117,0,1,1,ACCEPT,15.9657,2.9168,6452,3,-4,0.0598,225.55,492.80,15.21,24.57,226.00,496.50,20.00,19.00,0.5745,3.73,1,0,3.3812,ACCEPT,0,6978,117,11520,3,150,6452,0,0,0,0
118,0,1,1,ACCEPT,18.5847,3.5121,6399,2,-4,0.0759,226.48,489.73,15.21,24.57,229.00,493.00,20.00,20.00,0.5896,4.12,1,0,3.1232,ACCEPT,0,6400,114,12323,3,150,6399,0,0,0,0
119,0,1,1,ACCEPT,16.6537,2.5058,6069,7,-4,0.0918,229.77,486.67,15.21,24.57,231.00,491.50,22.00,19.00,0.4831,4.98,1,0,3.3742,ACCEPT,0,6320,131,12026,3,150,6069,0,0,0,0
120,0,1,1,ACCEPT,10.7421,1.8431,4276,4,-4,0.0311,231.64,483.61,15.21,24.57,233.50,486.50,21.00,17.00,0.5477,3.44,1,0,3.2492,ACCEPT,0,5910,97,10172,3,150,4276,0,0,0,0
121,0,1,1,ACCEPT,10.5520,1.6358,3674,6,-4,0.1173,234.45,480.55,15.21,24.57,236.50,486.00,19.00,18.00,0.4994,5.82,1,0,3.0525,ACCEPT,0,4372,99,11226,3,150,3674,0,0,0,0
122,0,1,1,ACCEPT,11.2377,1.5036,5043,9,-4,0.0307,238.67,477.48,15.21,24.57,240.50,483.50,19.00,19.00,0.4846,6.29,1,0,3.0804,ACCEPT,0,5787,175,12865,3,150,5043,0,0,0,0
123,0,1,1,ACCEPT,12.3519,2.0750,5810,6,-2,0.0941,241.48,475.95,15.21,24.57,243.00,481.00,20.00,20.00,0.5125,5.27,1,0,3.0305,ACCEPT,0,7328,157,14241,3,150,5810,0,0,0,0
124,0,1,1,ACCEPT,16.6707,2.9303,9128,9,-3,0.0592,245.70,473.66,15.21,24.57,247.00,478.50,20.00,19.00,0.5194,5.01,1,0,3.2319,ACCEPT,0,8395,147,12407,3,150,9128,0,0,0,0
125,0,1,1,ACCEPT,17.1881,3.2982,6547,6,-3,0.0883,248.52,471.36,15.21,24.57,250.50,476.50,19.00,19.00,0.5210,5.51,1,0,3.0211,ACCEPT,0,6287,118,12583,3,150,6547,0,0,0,0
126,0,1,1,ACCEPT,13.0212,2.2107,6137,8,-1,0.1080,252.27,470.59,15.21,24.57,253.50,475.00,19.00,20.00,0.5644,4.58,1,0,3.2248,ACCEPT,0,6280,82,12436,3,150,6137,0,0,0,0
127,0,1,1,ACCEPT,14.5069,2.3982,5806,10,-3,0.0417,256.95,468.30,15.21,24.57,257.50,473.00,19.00,18.00,0.5441,4.73,1,0,3.0631,ACCEPT,0,5825,102,12740,3,150,5806,0,0,0,0
128,0,1,1,ACCEPT,14.1255,2.4025,6256,8,-1,0.0986,260.70,467.53,15.21,24.57,262.50,472.00,19.00,20.00,0.5613,4.82,1,0,3.1283,ACCEPT,0,6434,81,14612,3,150,6256,0,0,0,0
129,0,1,1,ACCEPT,12.9915,2.5814,6345,7,-2,0.0277,263.98,466.00,15.21,24.57,265.50,469.50,19.00,19.00,0.6090,3.81,1,0,2.9811,ACCEPT,0,7854,109,7139,3,150,6345,0,0,0,0
130,0,1,1,ACCEPT,16.6053,3.4318,4355,7,-1,0.0308,267.27,465.23,15.21,24.57,268.50,469.00,19.00,20.00,0.5967,3.96,1,0,3.1788,ACCEPT,0,4035,115,7136,3,150,4355,0,0,0,0
131,0,1,1,ACCEPT,15.9079,4.1948,3876,5,-1,0.1883,269.61,464.47,15.21,24.57,270.00,468.00,20.00,20.00,0.5839,3.55,1,0,3.1433,ACCEPT,0,4351,119,6528,3,150,3876,0,0,0,0
132,0,1,1,ACCEPT,17.1164,3.5447,3963,3,0,0.5834,271.02,464.47,15.21,24.57,271.50,467.00,19.00,20.00,0.6628,2.58,1,0,3.2398,ACCEPT,0,4324,126,4328,3,150,3963,0,0,0,0
133,0,1,1,ACCEPT,17.0990,3.7759,2915,6,0,0.0202,273.83,464.47,15.21,24.57,274.50,466.50,19.00,21.00,0.6906,2.14,1,0,3.3866,ACCEPT,0,2711,134,4656,3,150,2915,0,0,0,0
134,0,1,1,ACCEPT,17.5454,3.8011,2828,6,-1,0.0074,276.64,463.70,15.21,24.57,278.00,467.00,18.00,20.00,0.6491,3.57,1,0,3.1842,ACCEPT,0,2794,150,5581,3,150,2828,0,0,0,0
135,0,1,1,ACCEPT,15.3626,3.8009,2596,8,-1,0.0516,280.39,462.94,15.21,24.57,281.50,467.00,19.00,20.00,0.5815,4.21,1,0,3.1226,ACCEPT,0,2809,116,6556,3,150,2596,0,0,0,0
136,0,1,1,ACCEPT,15.8193,2.7234,3358,9,1,0.0471,284.61,463.70,15.21,24.57,286.00,468.00,18.00,18.00,0.5881,4.52,1,0,3.0814,ACCEPT,0,3251,98,13497,3,150,3358,0,0,0,0
137,0,1,1,ACCEPT,17.2370,3.5201,8825,6,1,0.0349,287.42,464.47,15.21,24.57,290.00,468.50,18.00,21.00,0.5383,4.79,1,0,3.1081,ACCEPT,0,8912,92,12461,3,150,8825,0,0,0,0
138,0,1,1,ACCEPT,15.1781,2.1446,8274,10,3,0.0562,292.11,466.77,15.21,24.57,294.00,469.00,18.00,20.00,0.6698,2.93,1,0,3.2627,ACCEPT,0,7826,139,14700,3,150,8274,0,0,0,0
139,0,1,1,ACCEPT,16.6074,2.5112,9344,6,1,0.0327,294.92,467.53,15.21,24.57,296.00,472.00,16.00,20.00,0.5951,4.60,1,0,3.1287,ACCEPT,0,8260,127,5949,3,150,9344,0,0,0,0
140,0,1,1,ACCEPT,17.1268,3.8512,3701,6,1,0.0494,297.73,468.30,15.21,24.57,299.50,472.50,19.00,23.00,0.5807,4.56,1,0,3.1005,ACCEPT,0,3777,150,5763,3,150,3701,0,0,0,0
141,0,1,1,ACCEPT,14.1443,3.1113,3298,4,3,0.2192,299.61,470.59,15.21,24.57,299.50,474.00,15.00,20.00,0.7248,3.41,1,0,3.2111,ACCEPT,0,3777,179,3699,3,150,3298,0,0,0,0
142,0,1,1,ACCEPT,15.1272,3.4653,2197,5,1,0.1730,301.95,471.36,15.21,24.57,303.00,476.00,14.00,20.00,0.5771,4.76,1,0,3.1409,ACCEPT,0,2450,168,6152,3,150,2197,0,0,0,0
143,0,1,1,ACCEPT,13.3415,2.3887,2759,7,4,0.2066,305.23,474.42,15.21,24.57,305.50,477.50,13.00,19.00,0.6442,3.09,1,0,3.2301,ACCEPT,0,3234,171,6174,3,150,2759,0,0,0,0
144,0,1,1,ACCEPT,16.6790,2.8569,3334,6,3,0.0348,308.05,476.72,15.21,24.57,308.00,479.50,14.00,21.00,0.7225,2.78,1,0,3.3415,ACCEPT,0,3802,162,5020,3,150,3334,0,0,0,0
145,0,1,1,ACCEPT,12.6291,2.4281,3261,3,1,0.3781,309.45,477.48,15.21,24.57,310.50,481.50,15.00,19.00,0.6109,4.15,1,0,3.2564,ACCEPT,0,3915,202,9863,3,150,3261,0,0,0,0
146,0,1,1,ACCEPT,14.5540,3.2799,5589,4,2,0.0896,311.33,479.02,15.21,24.57,311.50,483.00,15.00,20.00,0.6825,3.99,1,0,3.1580,ACCEPT,0,6528,224,4684,3,150,5589,0,0,0,0
147,0,1,1,ACCEPT,16.9176,4.3505,3724,4,1,0.1533,313.20,479.78,15.21,24.57,314.00,484.00,16.00,20.00,0.6277,4.29,1,0,3.1819,ACCEPT,0,3927,220,5631,3,150,3724,0,0,0,0
148,0,1,1,ACCEPT,13.4965,3.2272,3324,5,1,0.1267,315.55,480.55,15.21,24.57,315.50,485.00,15.00,20.00,0.6585,4.45,1,0,3.1175,ACCEPT,0,3262,214,6847,3,150,3324,0,0,0,0
149,0,1,1,ACCEPT,8.5755,1.8071,2613,5,1,0.3127,317.89,481.31,15.21,24.57,319.00,486.50,16.00,21.00,0.5611,5.30,1,0,3.0140,ACCEPT,0,5354,150,5446,3,150,2613,0,0,0,0
150,0,1,1,ACCEPT,7.0860,1.3394,1689,9,-1,0.2718,322.11,480.55,15.21,24.57,323.00,485.50,14.00,19.00,0.5646,5.03,1,0,2.8786,ACCEPT,0,3079,176,10040,3,150,1689,0,0,0,0
151,0,1,1,ACCEPT,6.7953,1.1571,4611,8,-2,0.3865,325.86,479.02,15.21,24.57,326.50,486.00,17.00,22.00,0.4960,7.01,1,0,3.2006,ACCEPT,0,9370,208,8418,3,150,4611,0,0,0,0
152,0,1,1,ACCEPT,7.9685,1.0371,4831,8,0,0.0023,329.61,479.02,15.21,24.57,329.00,486.00,20.00,22.00,0.4382,7.01,1,0,3.0243,ACCEPT,0,7532,249,8579,3,150,4831,0,0,0,0
153,0,1,1,ACCEPT,10.1135,2.4716,5099,2,-1,0.8488,330.55,478.25,15.21,24.57,331.00,482.50,20.00,21.00,0.5508,4.27,1,0,3.0051,ACCEPT,0,7878,228,11426,3,150,5099,0,0,0,0
154,0,1,0,LOW_PSR,4.6231,1.1062,1927,2,-9,0.3140,330.55,478.25,15.21,24.57,330.00,480.00,12.00,16.00,0.5139,1.83,0,0,0.0000,NOT_RUN,0,6384,312,0,3,150,1927,0,0,0,0
155,0,1,1,ACCEPT,8.2996,1.7295,4476,1,-3,0.3557,331.02,475.95,15.21,24.57,332.50,480.00,13.00,20.00,0.5704,4.31,1,0,3.0039,ACCEPT,0,9080,164,9463,3,150,4476,0,0,0,0
156,0,1,1,ACCEPT,8.1647,1.5540,2718,2,-4,0.4058,331.95,472.89,15.21,24.57,331.00,478.00,20.00,20.00,0.5097,5.20,1,0,3.2182,ACCEPT,0,5152,159,13077,3,150,2718,0,0,0,0
157,0,1,1,ACCEPT,7.8260,1.3131,4668,-1,-4,0.1170,331.48,469.83,15.21,24.57,330.00,475.50,16.00,23.00,0.5263,5.86,1,0,3.0231,ACCEPT,0,8526,136,11722,3,150,4668,0,0,0,0
158,0,1,1,ACCEPT,6.8094,1.2632,3009,1,-3,0.3998,331.95,467.53,15.21,24.57,330.50,471.00,15.00,24.00,0.6322,3.76,1,0,3.2339,ACCEPT,0,7776,134,12710,3,150,3009,0,0,0,0
159,0,1,1,ACCEPT,6.8051,1.1725,3732,-1,-4,0.1056,331.48,464.47,15.21,24.57,330.50,470.00,13.00,22.00,0.5381,5.62,1,0,3.0084,ACCEPT,0,6384,96,10962,3,150,3732,0,0,0,0
160,0,1,1,ACCEPT,11.1510,2.4524,4093,2,-2,0.6672,332.42,462.94,15.21,24.57,330.00,467.50,14.00,19.00,0.4881,5.17,1,0,3.0259,ACCEPT,0,4990,88,11348,3,150,4093,0,0,0,0
161,0,1,1,ACCEPT,9.2730,1.7975,3649,-1,-3,0.2916,331.95,460.64,15.21,24.57,330.50,465.00,15.00,22.00,0.5801,4.60,1,0,3.4927,ACCEPT,0,6101,108,12061,3,150,3649,0,0,0,0
162,0,1,1,ACCEPT,9.8596,2.3340,3669,1,-5,0.0128,332.42,456.81,15.21,24.57,332.50,463.00,11.00,20.00,0.4250,6.19,1,0,3.0645,ACCEPT,0,6243,151,16384,3,150,3669,0,0,0,0
163,0,1,1,ACCEPT,10.5241,2.3098,5167,4,-2,0.1995,334.30,455.28,15.21,24.57,332.50,460.00,13.00,22.00,0.5299,5.05,1,0,3.3679,ACCEPT,0,7071,174,16868,3,150,5167,0,0,0,0
164,0,1,1,ACCEPT,13.3138,2.7294,7061,4,-3,0.2449,336.17,452.98,15.21,24.57,334.00,457.50,14.00,19.00,0.5052,5.01,1,0,3.3102,ACCEPT,0,7432,178,15929,3,150,7061,0,0,0,0
165,0,1,1,ACCEPT,13.8164,3.0063,7603,1,-3,0.5001,336.64,450.69,15.21,24.57,335.00,454.50,14.00,21.00,0.5832,4.15,1,0,3.3171,ACCEPT,0,9588,120,15091,3,150,7603,0,0,0,0
166,0,1,1,ACCEPT,14.3299,2.8530,6248,0,-4,0.2162,336.64,447.62,15.21,24.57,334.00,452.00,14.00,22.00,0.4967,5.11,1,0,3.1232,ACCEPT,0,7183,160,17070,3,150,6248,0,0,0,0
167,0,1,1,ACCEPT,12.9255,2.3003,5507,2,-2,0.4580,337.58,446.09,15.21,24.57,336.00,451.00,12.00,22.00,0.5287,5.15,1,0,3.2708,ACCEPT,0,7375,187,16139,3,150,5507,0,0,0,0
168,0,1,1,ACCEPT,13.0211,2.7731,5255,1,-2,0.7503,338.05,444.56,15.21,24.57,335.50,449.00,13.00,20.00,0.4826,5.12,1,0,3.3355,ACCEPT,0,7565,139,18270,3,150,5255,0,0,0,0
169,0,1,1,ACCEPT,18.6396,4.0374,6052,2,-1,0.6702,338.98,443.80,15.21,24.57,337.00,450.00,14.00,22.00,0.4625,6.51,1,0,3.3420,ACCEPT,0,6058,131,18384,3,150,6052,0,0,0,0
170,0,1,1,ACCEPT,17.9611,4.8297,6211,2,0,0.6736,339.92,443.80,15.21,24.57,337.50,448.50,13.00,21.00,0.4851,5.29,1,0,3.2961,ACCEPT,0,6273,94,19659,3,150,6211,0,0,0,0
171,0,1,1,ACCEPT,18.4368,3.2590,8203,-1,0,0.9761,339.45,443.80,15.21,24.57,337.00,449.50,14.00,21.00,0.4511,6.21,1,0,3.2242,ACCEPT,0,7659,106,14403,3,150,8203,0,0,0,0
172,0,1,1,ACCEPT,16.9500,2.8286,7162,0,0,1.0000,339.45,443.80,15.21,24.57,337.50,450.00,15.00,20.00,0.4576,6.50,1,0,3.2122,ACCEPT,0,7429,67,13416,3,150,7162,0,0,0,0
173,0,1,1,ACCEPT,18.0771,4.0210,6510,0,2,0.7585,339.45,445.33,15.21,24.57,338.50,451.00,15.00,20.00,0.5360,5.75,1,0,3.3478,ACCEPT,0,6654,87,10211,3,150,6510,0,0,0,0
174,0,1,1,ACCEPT,17.6293,3.1955,4806,1,2,0.4900,339.92,446.86,15.21,24.57,338.00,452.50,12.00,17.00,0.4415,5.96,1,0,3.3790,ACCEPT,0,4884,100,8644,3,150,4806,0,0,0,0
175,0,1,1,ACCEPT,18.0791,3.1436,4005,0,1,0.8499,339.92,447.62,15.21,24.57,339.00,454.50,12.00,17.00,0.4064,6.94,1,0,3.3195,ACCEPT,0,4140,72,17007,3,150,4005,0,0,0,0
176,0,1,1,ACCEPT,15.6520,3.3428,6455,3,3,0.1032,341.33,449.92,15.21,24.57,339.50,455.50,11.00,17.00,0.4252,5.87,1,0,3.1796,ACCEPT,0,7202,103,13335,3,150,6455,0,0,0,0
177,0,1,1,ACCEPT,15.4106,3.1643,7879,2,2,0.5069,342.27,451.45,15.21,24.57,340.00,457.00,10.00,16.00,0.3815,5.99,1,0,3.3395,ACCEPT,0,8712,64,14244,3,150,7879,0,0,0,0
178,0,1,1,ACCEPT,15.8345,3.1589,6264,0,2,0.7628,342.27,452.98,15.21,24.57,342.00,458.50,12.00,17.00,0.4645,5.52,1,0,3.3553,ACCEPT,0,6573,75,14706,3,150,6264,0,0,0,0
179,0,1,1,ACCEPT,18.4182,3.6200,7059,0,-1,0.9102,342.27,452.22,15.21,24.57,342.00,458.00,14.00,16.00,0.5145,5.79,1,0,3.1827,ACCEPT,0,7520,75,14374,3,150,7059,0,0,0,0
180,0,1,1,ACCEPT,15.9990,3.1828,5293,2,0,0.6184,343.20,452.22,15.21,24.57,343.00,457.50,12.00,15.00,0.4585,5.29,1,0,3.1844,ACCEPT,0,6682,90,11660,3,150,5293,0,0,0,0
181,0,1,1,ACCEPT,11.0889,2.1566,3291,5,-2,0.0811,345.55,450.69,15.21,24.57,343.50,456.00,11.00,16.00,0.4278,5.69,1,0,3.0803,ACCEPT,0,5247,105,11888,3,150,3291,0,0,0,0
182,0,1,1,ACCEPT,10.9273,2.5825,3507,2,-4,0.3929,346.48,447.62,15.21,24.57,345.50,454.00,11.00,16.00,0.3857,6.45,1,0,3.4943,ACCEPT,0,6230,109,10175,3,150,3507,0,0,0,0
183,0,1,1,ACCEPT,8.6523,1.9667,2720,3,-5,0.3533,347.89,443.80,15.21,24.57,347.00,449.50,10.00,17.00,0.3839,5.77,1,0,3.4747,ACCEPT,0,6089,152,9408,3,150,2720,0,0,0,0
184,0,1,1,ACCEPT,15.4408,2.8991,3821,-2,-5,0.1664,346.95,439.97,15.21,24.57,347.00,445.50,10.00,15.00,0.3740,5.53,1,0,3.4473,ACCEPT,0,5608,124,11364,3,150,3821,0,0,0,0
185,0,1,1,ACCEPT,19.6158,3.3573,5469,0,-7,0.1026,346.95,434.61,15.21,24.57,345.50,440.50,15.00,17.00,0.4780,6.07,1,0,3.3190,ACCEPT,0,5154,141,12686,3,150,5469,0,0,0,0
186,0,1,1,ACCEPT,14.4900,2.7567,5279,0,-7,0.0923,346.95,429.25,15.21,24.57,346.50,434.50,9.00,15.00,0.3462,5.27,1,0,3.4077,ACCEPT,0,6146,166,14877,3,150,5279,0,0,0,0
187,0,1,1,ACCEPT,16.0861,3.2925,7023,-2,-7,0.0995,346.02,423.89,15.21,24.57,345.00,429.50,10.00,15.00,0.3712,5.70,1,0,3.4472,ACCEPT,0,7078,155,6955,3,150,7023,0,0,0,0
188,0,1,1,ACCEPT,15.0384,2.2883,4183,-3,-7,0.3464,344.61,418.53,15.21,24.57,345.50,423.00,13.00,16.00,0.5467,4.56,1,0,3.3923,ACCEPT,0,4355,130,9865,3,150,4183,0,0,0,0
189,0,1,1,ACCEPT,12.8653,2.2172,5574,-5,-8,0.3414,342.27,412.41,15.21,24.57,341.50,417.50,11.00,15.00,0.4286,5.15,1,0,3.4354,ACCEPT,0,6771,224,7342,3,150,5574,0,0,0,0
190,0,1,1,ACCEPT,13.9444,2.4526,5663,-4,-6,0.1197,340.39,407.81,15.21,24.57,339.00,413.00,12.00,14.00,0.4497,5.37,1,0,3.4002,ACCEPT,0,6169,171,11544,3,150,5663,0,0,0,0
191,0,1,1,ACCEPT,16.3869,3.7073,7092,-8,-8,0.0114,336.64,401.69,15.21,24.57,335.00,407.00,12.00,14.00,0.4463,5.56,1,0,3.3656,ACCEPT,0,8203,150,12422,3,150,7092,0,0,0,0
192,0,1,1,ACCEPT,13.9536,3.0986,5466,-10,-8,0.0842,331.95,395.56,15.21,24.57,331.50,401.00,11.00,14.00,0.4058,5.46,1,0,3.4599,ACCEPT,0,6556,157,13691,3,150,5466,0,0,0,0
193,0,1,1,ACCEPT,16.3191,2.7897,6871,-6,-8,0.1652,329.14,389.44,15.21,24.57,328.50,395.50,9.00,15.00,0.3206,6.10,1,0,3.4421,ACCEPT,0,7200,101,17313,3,150,6871,0,0,0,0
194,0,1,1,ACCEPT,15.5098,3.1191,7832,-7,-7,0.0370,325.86,384.08,15.21,24.57,325.00,389.50,10.00,15.00,0.3779,5.49,1,0,3.4554,ACCEPT,0,8491,73,17358,3,150,7832,0,0,0,0
195,0,1,1,ACCEPT,9.1539,1.7020,6105,-8,-6,0.0603,322.11,379.48,15.21,24.57,322.00,385.00,10.00,14.00,0.3662,5.52,1,0,3.4824,ACCEPT,0,11313,124,14784,3,150,6105,0,0,0,0
196,0,1,1,ACCEPT,11.5882,2.4415,7742,-5,-6,0.1319,319.77,374.89,15.21,24.57,319.00,380.50,10.00,13.00,0.3479,5.66,1,0,3.4818,ACCEPT,0,9349,148,11093,3,150,7742,0,0,0,0
197,0,1,1,ACCEPT,13.5913,2.6549,6417,-7,-6,0.0567,316.48,370.30,15.21,24.57,316.00,377.00,10.00,14.00,0.3244,6.72,1,0,3.4571,ACCEPT,0,8493,137,14353,3,150,6417,0,0,0,0
198,0,1,1,ACCEPT,14.7172,2.5729,7644,-5,-4,0.0080,314.14,367.23,15.21,24.57,313.50,373.00,11.00,14.00,0.3924,5.80,1,0,3.5129,ACCEPT,0,8803,84,16484,3,150,7644,0,0,0,0
199,0,1,1,ACCEPT,15.1119,3.1134,8783,-7,-4,0.0212,310.86,364.17,15.21,24.57,310.00,370.50,10.00,15.00,0.3458,6.39,1,0,3.4083,ACCEPT,0,8981,88,13762,3,150,8783,0,0,0,0
200,0,1,1,ACCEPT,19.4320,3.4350,9508,-7,-3,0.1888,307.58,361.88,15.21,24.57,307.50,368.00,11.00,14.00,0.3780,6.13,1,0,3.4096,ACCEPT,0,7471,108,12984,3,150,9508,0,0,0,0
201,0,1,1,ACCEPT,20.0961,4.0694,9734,-5,-3,0.1474,305.23,359.58,15.21,24.57,305.00,366.50,12.00,13.00,0.3675,6.93,1,0,3.4035,ACCEPT,0,6996,124,10278,3,150,9734,0,0,0,0
202,0,1,1,ACCEPT,18.1417,4.0461,5968,-5,-3,0.0905,302.89,357.28,15.21,24.57,302.00,365.00,10.00,14.00,0.2906,7.77,1,0,3.4067,ACCEPT,0,5672,146,12348,3,150,5968,0,0,0,0
203,0,1,1,ACCEPT,16.7199,3.3984,6022,-6,-2,0.0988,300.08,355.75,15.21,24.57,300.50,362.00,9.00,14.00,0.3068,6.26,1,0,3.3985,ACCEPT,0,6062,122,7711,3,150,6022,0,0,0,0
204,0,1,1,ACCEPT,19.7009,4.3383,3783,-4,-2,0.0745,298.20,354.22,15.21,24.57,298.00,360.50,10.00,13.00,0.3302,6.28,1,0,3.4644,ACCEPT,0,3483,186,13316,3,150,3783,0,0,0,0
0,0,0,0,ZERO_RESPONSE,0.0000,0.0000,0,0,0,0.0000,334.50,873.50,9.00,27.00,334.50,873.50,9.00,27.00,1.0000,0.00,1,0,0.0000,NOT_RUN,0,0,502,12345,4,200,0,0,0,0,0
1,0,1,1,ACCEPT,28.3799,6.0492,1597,-7,8,0.0163,332.53,880.25,9.00,27.00,332.50,881.50,7.00,27.00,0.7160,1.25,1,0,3.2403,ACCEPT,0,1320,558,6154,4,200,1597,0,0,0,0
2,0,1,1,ACCEPT,20.9286,2.9820,1157,-7,8,0.0078,330.56,887.00,9.00,27.00,331.00,885.50,8.00,27.00,0.8000,1.56,1,0,3.2144,ACCEPT,0,708,425,9167,4,200,1157,0,0,0,0
3,0,1,1,ACCEPT,24.9965,4.5358,1837,0,7,0.0452,330.56,892.91,9.00,27.00,330.50,891.50,7.00,23.00,0.6626,1.41,1,0,3.2190,ACCEPT,0,1050,249,14324,4,200,1837,0,0,0,0
4,0,1,1,ACCEPT,25.2596,3.8980,2331,1,5,0.0849,330.84,897.12,9.00,27.00,331.00,896.50,8.00,25.00,0.8230,0.64,1,0,3.3189,ACCEPT,0,1318,154,15504,4,200,2331,0,0,0,0
5,0,1,1,ACCEPT,21.9762,5.0165,2433,7,6,0.0226,332.81,902.19,8.65,25.96,332.50,901.50,7.00,23.00,0.7166,0.76,1,-1,2.9256,ACCEPT,0,1636,142,18962,4,200,2433,0,0,0,0
6,0,1,1,ACCEPT,14.4491,1.9800,2481,3,6,0.2612,333.61,907.06,8.65,25.96,335.00,907.50,8.00,23.00,0.6404,1.46,1,0,3.3283,ACCEPT,0,1718,173,18942,4,200,2481,0,0,0,0
7,0,1,1,ACCEPT,20.0235,3.6253,3183,6,5,0.0126,335.20,911.12,8.65,25.96,336.50,909.50,9.00,21.00,0.6188,2.08,1,0,3.2861,ACCEPT,0,2206,128,14936,4,200,3183,0,0,0,0
8,0,1,1,ACCEPT,15.5279,2.2943,1957,12,5,0.1221,338.39,915.19,8.65,25.96,339.50,913.00,9.00,20.00,0.6166,2.45,1,0,3.1362,ACCEPT,0,1655,165,14023,4,200,1957,0,0,0,0
9,0,1,1,ACCEPT,11.5013,1.9543,1669,17,3,0.0485,342.91,917.62,8.65,25.96,344.50,918.00,9.00,24.00,0.6500,1.64,1,0,3.3516,ACCEPT,0,1780,162,10700,4,200,1669,0,0,0,0
10,0,1,1,ACCEPT,9.4140,1.1002,944,21,4,0.1801,348.48,920.88,8.65,25.96,349.50,920.50,9.00,23.00,0.7129,1.08,1,0,3.3243,ACCEPT,0,934,199,10532,4,200,944,0,0,0,0
11,0,1,1,ACCEPT,9.6282,1.0985,1405,16,5,0.3110,352.73,924.94,8.65,25.96,353.00,924.00,12.00,28.00,0.6687,0.97,1,0,3.1403,ACCEPT,0,1816,176,12490,4,200,1405,0,0,0,0
12,0,1,1,ACCEPT,9.2827,1.6755,2029,-1,5,0.2341,352.47,929.00,8.65,25.96,355.50,929.00,9.00,26.00,0.4882,3.03,1,0,3.1315,ACCEPT,0,4062,84,11511,4,200,2029,0,0,0,0
13,0,1,1,ACCEPT,11.8571,2.4833,1783,3,7,0.2675,353.27,934.69,8.65,25.96,355.50,933.00,11.00,22.00,0.5575,2.80,1,0,3.0491,ACCEPT,0,1996,120,10539,4,200,1783,0,0,0,0
14,0,1,1,ACCEPT,17.0363,2.8030,2419,6,5,0.0761,354.86,938.75,8.65,25.96,355.50,938.00,13.00,24.00,0.6313,0.99,1,0,3.2630,ACCEPT,0,2002,141,9478,4,200,2419,0,0,0,0
15,0,1,1,ACCEPT,8.8500,1.8616,1197,13,5,0.1855,358.31,942.81,8.65,25.96,360.00,942.00,12.00,26.00,0.6811,1.87,1,0,2.6964,ACCEPT,0,1879,86,10332,4,200,1197,0,0,0,0
16,0,1,1,ACCEPT,5.8600,1.2541,760,16,2,0.3316,362.56,944.44,8.65,25.96,365.00,945.50,10.00,23.00,0.5349,2.66,1,0,3.2515,ACCEPT,0,1844,100,11452,4,200,760,0,0,0,0
17,0,1,1,ACCEPT,8.3618,1.4433,1348,20,6,0.0601,367.88,949.31,8.65,25.96,370.00,947.50,8.00,23.00,0.5244,2.79,1,7,1.2744,MAX_STEP,0,2399,75,16559,4,200,1348,0,0,0,0
18,0,1,1,ACCEPT,10.7406,1.9943,2096,13,2,0.0697,371.33,950.94,8.65,25.96,373.00,950.00,12.00,24.00,0.6810,1.92,1,0,3.0967,ACCEPT,0,2748,79,17141,4,200,2096,0,0,0,0
19,0,1,1,ACCEPT,5.7107,1.1673,1165,14,-5,0.5107,375.05,946.88,8.65,25.96,379.00,949.50,10.00,19.00,0.3267,4.75,1,-1,1.9149,LOW_CONF,0,3316,106,14927,4,200,1165,0,0,0,0
20,0,1,1,ACCEPT,7.0554,1.3141,1255,10,-6,0.1681,377.70,942.00,8.65,25.96,386.50,955.00,9.00,22.00,0.0008,15.70,1,0,3.3765,ACCEPT,0,3178,168,9568,4,200,1255,0,0,0,0
21,0,1,0,LOW_PSR,4.9639,1.0076,397,-2,7,0.1234,377.70,942.00,8.65,25.96,394.00,954.00,12.00,28.00,0.0000,20.24,0,0,0.0000,NOT_RUN,0,1028,265,0,4,200,397,0,0,0,0
22,0,1,1,ACCEPT,6.9170,1.1751,443,1,3,0.4379,377.97,944.44,8.65,25.96,400.50,956.50,11.00,25.00,0.0000,25.56,1,0,2.9653,ACCEPT,0,978,243,5718,4,200,443,0,0,0,0
23,0,1,1,ACCEPT,7.6778,1.3102,735,-8,-4,0.3347,375.84,941.19,8.65,25.96,404.00,958.00,12.00,26.00,0.0000,32.79,1,0,3.0777,ACCEPT,0,1543,174,6160,4,200,735,0,0,0,0
24,0,1,1,ACCEPT,6.6455,1.2629,879,-4,-8,0.5950,374.78,934.69,8.65,25.96,409.50,960.50,11.00,25.00,0.0000,43.26,1,0,3.0613,ACCEPT,0,2577,75,7280,4,200,879,0,0,0,0
25,0,1,1,ACCEPT,8.2678,1.4684,511,11,-3,0.3366,377.70,932.25,8.65,25.96,413.50,963.00,11.00,26.00,0.0000,47.19,1,0,3.1996,ACCEPT,0,957,176,8366,4,200,511,0,0,0,0
26,0,1,1,ACCEPT,7.3909,1.4137,475,11,-1,0.0442,380.62,931.44,8.65,25.96,416.50,966.00,9.00,24.00,0.0000,49.82,1,0,3.2680,ACCEPT,0,972,201,5842,4,200,475,0,0,0,0
27,0,1,1,ACCEPT,6.9510,1.2727,308,14,-2,0.1948,384.34,929.81,8.65,25.96,421.00,970.00,8.00,20.00,0.0000,54.39,1,0,3.4586,ACCEPT,0,756,213,4882,4,200,308,0,0,0,0
28,0,1,1,ACCEPT,8.4187,1.5240,349,14,-2,0.0831,388.06,928.19,8.65,25.96,425.50,973.00,11.00,22.00,0.0000,58.39,1,0,3.5085,ACCEPT,0,786,213,4320,4,200,349,0,0,0,0
29,0,1,1,ACCEPT,9.3393,1.3324,465,12,1,0.1032,391.25,929.00,8.65,25.96,425.00,977.00,12.00,22.00,0.0000,58.68,1,0,3.3457,ACCEPT,0,818,158,4224,4,200,465,0,0,0,0
30,0,1,1,ACCEPT,9.3391,1.4833,534,8,0,0.4532,393.38,929.00,8.65,25.96,426.00,979.50,12.00,23.00,0.0000,60.12,1,0,3.2465,ACCEPT,0,1068,113,4901,4,200,534,0,0,0,0
31,0,1,1,ACCEPT,8.5870,1.2792,536,4,0,0.7593,394.44,929.00,8.65,25.96,426.50,985.00,9.00,20.00,0.0000,64.53,1,0,3.3511,ACCEPT,0,1115,73,4376,4,200,536,0,0,0,0
32,0,1,1,ACCEPT,8.2499,1.1667,385,1,0,0.9896,394.70,929.00,8.65,25.96,425.50,988.50,13.00,23.00,0.0000,67.00,1,0,3.4150,ACCEPT,0,877,58,5701,4,200,385,0,0,0,0
33,0,1,1,ACCEPT,7.9547,1.1897,602,7,3,0.7409,396.56,931.44,8.65,25.96,425.00,994.00,12.00,20.00,0.0000,68.72,1,0,3.0138,ACCEPT,0,1304,83,5052,4,200,602,0,0,0,0
34,0,1,1,ACCEPT,8.2449,1.1661,716,3,1,0.9134,397.36,932.25,8.65,25.96,426.50,998.00,13.00,24.00,0.0000,71.92,1,0,3.0598,ACCEPT,0,1504,74,6772,4,200,716,0,0,0,0
35,0,1,1,ACCEPT,9.2745,1.3566,856,6,1,0.6974,398.95,933.06,8.65,25.96,425.00,1002.50,14.00,21.00,0.0000,74.16,1,0,3.0092,ACCEPT,0,1743,94,8574,4,200,856,0,0,0,0
36,0,1,1,ACCEPT,9.3343,1.3333,1028,6,0,0.6119,400.55,933.06,8.65,25.96,425.50,1006.00,11.00,20.00,0.0000,77.09,1,0,3.1512,ACCEPT,0,2164,82,7259,4,200,1028,0,0,0,0
37,0,1,1,ACCEPT,8.8180,1.3301,818,8,1,0.5489,402.67,933.88,9.00,27.00,430.00,1012.50,14.00,23.00,0.0000,83.24,1,1,2.3120,ACCEPT,0,1865,96,4976,4,200,818,0,0,0,0
38,0,1,1,ACCEPT,8.3316,1.2723,514,9,-1,0.0895,405.20,933.03,9.00,27.00,433.00,1016.00,12.00,20.00,0.0000,87.50,1,0,3.2139,ACCEPT,0,1253,88,9646,4,200,514,0,0,0,0
39,0,1,1,ACCEPT,7.4779,1.0254,928,14,2,0.0916,409.14,934.72,9.00,27.00,435.50,1020.50,13.00,21.00,0.0000,89.74,1,0,3.0451,ACCEPT,0,2250,97,9289,4,200,928,0,0,0,0
40,0,1,1,ACCEPT,8.4993,1.4382,1093,10,0,0.0741,411.95,934.72,9.00,27.00,438.00,1027.00,12.00,24.00,0.0000,95.89,1,0,3.6210,ACCEPT,0,2530,115,10931,4,200,1093,0,0,0,0
41,0,1,1,ACCEPT,7.9969,1.2212,1220,11,0,0.1574,415.05,934.72,9.00,27.00,442.50,1031.50,11.00,23.00,0.0000,100.60,1,0,3.4527,ACCEPT,0,3041,109,10874,4,200,1220,0,0,0,0
42,0,1,1,ACCEPT,7.7871,1.2731,1063,14,0,0.3001,418.98,934.72,9.00,27.00,446.00,1034.50,12.00,21.00,0.0000,103.37,1,0,3.3327,ACCEPT,0,2475,110,13264,4,200,1063,0,0,0,0
43,0,1,1,ACCEPT,7.5865,1.3010,1193,14,1,0.2414,422.92,935.56,9.00,27.00,449.00,1039.00,10.00,20.00,0.0000,106.67,1,0,3.4371,ACCEPT,0,2900,101,13690,4,200,1193,0,0,0,0
44,0,1,1,ACCEPT,8.8109,1.2611,1589,8,2,0.3751,425.17,937.25,9.00,27.00,450.50,1045.50,13.00,21.00,0.0000,111.17,1,0,3.4059,ACCEPT,0,3464,101,13981,4,200,1589,0,0,0,0
45,0,1,1,ACCEPT,8.9895,1.4092,1567,7,2,0.5909,427.14,938.94,9.00,27.00,451.50,1051.50,11.00,19.00,0.0000,115.17,1,0,3.2746,ACCEPT,0,3295,94,12628,4,200,1567,0,0,0,0
46,0,1,1,ACCEPT,7.5721,1.2043,1238,2,0,0.9257,427.70,938.94,9.00,27.00,452.50,1056.00,13.00,16.00,0.0000,119.66,1,0,3.1800,ACCEPT,0,2930,114,12493,4,200,1238,0,0,0,0
47,0,1,1,ACCEPT,9.1146,1.4108,1432,0,1,0.7661,427.70,939.78,9.00,27.00,453.00,1061.50,14.00,21.00,0.0000,124.32,1,0,3.1649,ACCEPT,0,2644,95,12516,4,200,1432,0,0,0,0
48,0,1,1,ACCEPT,10.2828,1.6142,1406,0,2,0.5462,427.70,941.47,9.00,27.00,453.00,1067.00,12.00,22.00,0.0000,128.05,1,0,3.3394,ACCEPT,0,2451,123,11882,4,200,1406,0,0,0,0
49,0,1,1,ACCEPT,10.6947,1.9738,1283,-2,3,0.0694,427.14,944.00,9.36,28.08,451.50,1074.50,11.00,21.00,0.0000,132.75,1,1,2.4573,ACCEPT,0,2138,112,14175,4,200,1283,0,0,0,0
50,0,1,1,ACCEPT,11.6833,1.8713,1963,5,-1,0.2399,428.62,943.12,9.36,28.08,453.50,1079.50,13.00,21.00,0.0000,138.63,1,0,3.2442,ACCEPT,0,3255,118,13755,4,200,1963,0,0,0,0
51,0,1,1,ACCEPT,11.1809,1.7608,1914,1,0,0.9744,428.92,943.12,9.36,28.08,454.00,1084.50,12.00,21.00,0.0000,143.58,1,0,3.2846,ACCEPT,0,3221,122,13075,4,200,1914,0,0,0,0
52,0,1,1,ACCEPT,12.5406,1.9927,2182,7,0,0.2328,431.00,943.12,9.36,28.08,456.50,1089.00,11.00,18.00,0.0000,148.09,1,0,3.0546,ACCEPT,0,3297,99,14532,4,200,2182,0,0,0,0
53,0,1,1,ACCEPT,13.6023,2.0976,1934,6,-1,0.0838,432.78,942.25,9.36,28.08,456.50,1093.50,11.00,19.00,0.0000,153.10,1,0,3.1140,ACCEPT,0,2636,113,16136,4,200,1934,0,0,0,0
54,0,1,1,ACCEPT,12.4949,1.6514,1729,6,-2,0.0694,434.56,940.50,9.36,28.08,458.00,1095.50,12.00,19.00,0.0000,156.76,1,0,3.0357,ACCEPT,0,2529,82,13200,4,200,1729,0,0,0,0
55,0,1,1,ACCEPT,9.0426,1.0515,1144,12,-3,0.1827,438.12,937.88,9.73,29.20,462.00,1096.00,10.00,18.00,0.0000,159.92,1,1,3.0028,ACCEPT,0,2267,89,15242,4,200,1144,0,0,0,0
56,0,1,1,ACCEPT,9.8304,1.3532,1314,9,-4,0.1963,440.80,934.25,9.73,29.20,466.50,1099.50,11.00,21.00,0.0000,167.24,1,0,3.2700,ACCEPT,0,2588,111,12585,4,200,1314,0,0,0,0
57,0,1,1,ACCEPT,12.5785,1.8338,1346,8,-3,0.1464,443.17,931.53,10.12,30.37,470.00,1100.50,12.00,21.00,0.0000,171.09,1,1,2.8988,ACCEPT,0,2244,92,12475,4,200,1346,0,0,0,0
58,0,1,1,ACCEPT,10.0744,1.4246,1218,11,-5,0.0591,446.61,926.77,10.12,30.37,473.00,1102.00,14.00,20.00,0.0000,177.21,1,0,3.2293,ACCEPT,0,2500,144,11357,4,200,1218,0,0,0,0
59,0,1,1,ACCEPT,9.0410,1.0012,1611,1,-4,0.1601,446.92,922.95,10.12,30.37,473.50,1104.50,11.00,21.00,0.0000,183.48,1,0,3.3695,ACCEPT,0,3190,110,12530,4,200,1611,0,0,0,0
60,0,1,1,ACCEPT,11.7653,1.8023,1550,5,-1,0.0477,448.48,922.00,10.12,30.37,473.00,1106.50,12.00,21.00,0.0000,186.12,1,0,3.3382,ACCEPT,0,2662,76,14835,4,200,1550,0,0,0,0
61,0,1,1,ACCEPT,12.4050,1.4659,1463,-2,-2,0.4416,447.86,920.09,10.12,30.37,470.00,1110.00,12.00,20.00,0.0000,191.19,1,0,3.4650,ACCEPT,0,2171,66,12503,4,200,1463,0,0,0,0
62,0,1,1,ACCEPT,10.2795,1.1530,1055,-3,0,0.7782,446.92,920.09,10.12,30.37,466.00,1115.00,12.00,22.00,0.0000,195.84,1,0,3.5018,ACCEPT,0,1885,59,10383,4,200,1055,0,0,0,0
63,0,1,1,ACCEPT,9.4658,1.0338,704,0,0,1.0000,446.92,920.09,10.12,30.37,461.50,1120.00,11.00,22.00,0.0000,200.44,1,0,3.5441,ACCEPT,0,1284,46,8514,4,200,704,0,0,0,0
64,0,1,1,ACCEPT,10.0336,2.0852,465,-8,-1,0.0215,444.42,919.14,10.12,30.37,457.00,1125.00,12.00,22.00,0.0000,206.24,1,0,3.6237,ACCEPT,0,840,49,5248,4,200,465,0,0,0,0
65,0,1,1,ACCEPT,11.4851,1.4472,411,-3,0,0.6642,443.48,919.14,10.12,30.37,451.50,1130.50,11.00,25.00,0.0000,211.51,1,0,3.5640,ACCEPT,0,677,58,5052,4,200,411,0,0,0,0
66,0,1,1,ACCEPT,11.6918,1.5859,360,-2,0,0.9306,442.86,919.14,10.12,30.37,448.00,1134.50,10.00,21.00,0.0000,215.42,1,0,3.5809,ACCEPT,0,566,54,5277,4,200,360,0,0,0,0
67,0,1,1,ACCEPT,11.4981,2.2520,286,-9,1,0.2937,440.05,920.09,10.12,30.37,442.00,1141.50,10.00,21.00,0.0000,221.41,1,0,3.5752,ACCEPT,0,395,58,3696,4,200,286,0,0,0,0
68,0,1,1,ACCEPT,10.8259,1.7679,198,-12,3,0.1566,436.30,922.95,10.12,30.37,431.50,1149.50,9.00,21.00,0.0000,226.60,1,0,3.5111,ACCEPT,0,294,48,5008,4,200,198,0,0,0,0
69,0,1,1,ACCEPT,8.2861,1.3426,145,-18,4,0.0552,430.67,926.77,10.12,30.37,418.50,1159.00,9.00,22.00,0.0000,232.55,1,0,3.5166,ACCEPT,0,266,33,6585,4,200,145,0,0,0,0
70,0,1,1,ACCEPT,7.1037,1.0240,256,-18,5,0.1797,425.05,931.53,10.12,30.37,406.50,1169.00,9.00,22.00,0.0000,238.19,1,0,3.4256,ACCEPT,0,574,230,3906,4,200,256,0,0,0,0
71,0,1,1,ACCEPT,10.6461,1.2622,337,-6,-16,0.0920,423.17,916.28,10.12,30.37,396.50,1176.50,9.00,25.00,0.0000,261.58,1,0,3.4544,ACCEPT,0,505,121,6053,4,200,337,0,0,0,0
72,0,1,1,ACCEPT,9.1251,1.0766,520,-3,-16,0.0404,422.23,901.03,10.12,30.37,387.00,1186.50,8.00,23.00,0.0000,287.63,1,0,3.3687,ACCEPT,0,987,195,5964,4,200,520,0,0,0,0
73,0,1,1,ACCEPT,11.1763,1.5338,658,-7,4,0.0927,420.05,904.84,10.12,30.37,378.50,1195.00,9.00,22.00,0.0000,293.12,1,0,3.3415,ACCEPT,0,1218,92,6084,4,200,658,0,0,0,0
74,0,1,1,ACCEPT,9.9099,1.1161,298,-13,4,0.0705,415.98,908.66,10.12,30.37,369.50,1203.50,9.00,23.00,0.0000,298.49,1,0,3.3226,ACCEPT,0,555,102,6225,4,200,298,0,0,0,0
75,0,1,1,ACCEPT,8.7124,1.0541,331,-11,6,0.2024,412.55,914.38,10.12,30.37,359.00,1212.50,8.00,21.00,0.0000,302.90,1,0,3.3736,ACCEPT,0,708,65,8576,4,200,331,0,0,0,0
76,0,1,1,ACCEPT,9.7455,1.2821,359,-15,3,0.1838,407.86,917.23,10.12,30.37,350.00,1221.50,8.00,23.00,0.0000,309.72,1,0,3.4110,ACCEPT,0,666,63,9522,4,200,359,0,0,0,0
77,0,1,1,ACCEPT,10.7719,1.4612,583,-10,4,0.0669,404.73,921.05,10.12,30.37,342.00,1230.00,8.00,22.00,0.0000,315.26,1,0,3.4637,ACCEPT,0,1059,56,9987,4,200,583,0,0,0,0
78,0,1,1,ACCEPT,13.1425,1.9877,648,-7,3,0.0586,402.55,923.91,10.12,30.37,333.50,1237.00,7.00,20.00,0.0000,320.62,1,0,3.4880,ACCEPT,0,1032,85,9259,4,200,648,0,0,0,0
79,0,1,1,ACCEPT,11.8132,1.6534,792,-5,3,0.1338,400.98,926.77,10.12,30.37,327.00,1243.50,6.00,23.00,0.0000,325.26,1,0,3.3757,ACCEPT,0,1364,43,11266,4,200,792,0,0,0,0
80,0,1,1,ACCEPT,12.5795,1.3160,1570,2,1,0.7382,401.61,927.72,10.12,30.37,323.50,1249.50,7.00,21.00,0.0000,331.13,1,0,3.1831,ACCEPT,0,2655,69,16183,4,200,1570,0,0,0,0
81,0,1,1,ACCEPT,15.5188,2.1556,1718,1,0,0.9674,401.92,927.72,10.12,30.37,319.00,1254.00,6.00,22.00,0.0000,336.65,1,0,3.2766,ACCEPT,0,2655,63,16377,4,200,1718,0,0,0,0
82,0,1,1,ACCEPT,13.4257,1.4479,1807,6,0,0.1223,403.80,927.72,10.12,30.37,317.00,1259.00,6.00,22.00,0.0000,342.46,1,0,3.3748,ACCEPT,0,3032,123,15423,4,200,1807,0,0,0,0
83,0,1,1,ACCEPT,16.9571,2.7264,1734,4,-1,0.2566,405.05,926.77,10.12,30.37,314.00,1262.00,6.00,18.00,0.0000,347.38,1,0,3.4117,ACCEPT,0,2399,96,17766,4,200,1734,0,0,0,0
84,0,1,1,ACCEPT,13.5987,1.5455,1768,8,-2,0.2008,407.55,924.86,10.12,30.37,310.50,1265.50,5.00,19.00,0.0000,354.20,1,0,3.1210,ACCEPT,0,2836,108,23459,4,200,1768,0,0,0,0
85,0,1,1,ACCEPT,13.6826,1.9459,2481,9,0,0.3196,410.36,924.86,10.12,30.37,305.50,1268.00,5.00,22.00,0.0000,358.80,1,0,3.1402,ACCEPT,0,3785,140,16633,4,200,2481,0,0,0,0
86,0,1,1,ACCEPT,12.8597,1.6830,1683,7,-1,0.2537,412.55,923.91,10.12,30.37,296.50,1268.50,5.00,21.00,0.0000,363.61,1,0,2.7425,ACCEPT,0,2560,99,12617,4,200,1683,0,0,0,0
87,0,1,1,ACCEPT,16.6913,2.0835,1273,0,1,0.9772,412.55,924.86,10.12,30.37,284.50,1269.00,5.00,20.00,0.0000,367.19,1,0,3.0499,ACCEPT,0,1590,79,13901,4,200,1273,0,0,0,0
88,0,1,1,ACCEPT,18.3767,2.8531,1224,-7,-1,0.0482,410.36,923.91,10.12,30.37,269.00,1268.50,6.00,21.00,0.0000,372.46,1,0,3.0755,ACCEPT,0,1130,77,14875,4,200,1224,0,0,0,0
89,0,1,1,ACCEPT,19.6239,3.2262,1455,-7,1,0.1127,408.17,924.86,10.12,30.37,251.00,1265.50,6.00,19.00,0.0000,375.15,1,0,3.2433,ACCEPT,0,1399,56,18271,4,200,1455,0,0,0,0
90,0,1,1,ACCEPT,14.9773,1.9496,889,-16,-2,0.0686,403.17,922.95,10.12,30.37,231.00,1264.00,6.00,18.00,0.0000,382.04,1,0,3.2585,ACCEPT,0,1058,39,12552,4,200,889,0,0,0,0
91,0,1,1,ACCEPT,18.3291,2.3833,1287,-13,1,0.0715,399.11,923.91,10.12,30.37,211.00,1260.50,6.00,19.00,0.0000,385.59,1,0,3.3255,ACCEPT,0,1337,37,16218,4,200,1287,0,0,0,0
92,0,1,1,ACCEPT,19.2528,2.0837,1717,-11,-1,0.1241,395.67,922.95,10.12,30.37,194.00,1257.50,6.00,19.00,0.0000,390.63,1,0,3.1596,ACCEPT,0,1591,32,11488,4,200,1717,0,0,0,0
93,0,1,1,ACCEPT,22.7598,2.8036,1699,-9,-1,0.1001,392.86,922.00,10.12,30.37,179.00,1253.50,6.00,19.00,0.0000,394.50,1,0,3.1384,ACCEPT,0,1357,44,19384,4,200,1699,0,0,0,0
94,0,1,1,ACCEPT,20.0683,2.3836,3287,-6,-1,0.0727,390.98,921.05,10.12,30.37,163.50,1251.00,7.00,20.00,0.0000,400.77,1,0,3.2637,ACCEPT,0,2972,48,19230,4,200,3287,0,0,0,0
95,0,1,1,ACCEPT,21.8038,2.3347,2846,-10,0,0.1174,387.86,921.05,10.12,30.37,147.00,1246.50,8.00,19.00,0.0000,404.89,1,0,3.2371,ACCEPT,0,2250,40,14422,4,200,2846,0,0,0,0
96,0,1,1,ACCEPT,23.9459,2.7695,2379,-10,0,0.1383,384.73,921.05,10.12,30.37,131.00,1241.50,8.00,17.00,0.0000,408.74,1,0,3.1711,ACCEPT,0,1825,35,14853,4,200,2379,0,0,0,0
97,0,1,1,ACCEPT,23.6694,2.7593,3176,-7,2,0.0630,382.55,922.95,10.12,30.37,116.50,1236.50,9.00,15.00,0.0000,411.21,1,0,3.1048,ACCEPT,0,2531,43,24819,4,200,3176,0,0,0,0
98,0,1,1,ACCEPT,23.9670,2.2703,3553,-7,-1,0.0754,380.36,922.00,10.12,30.37,102.50,1231.50,11.00,19.00,0.0000,415.93,1,0,3.1213,ACCEPT,0,2588,65,18176,4,200,3553,0,0,0,0
99,0,1,1,ACCEPT,25.3561,2.7298,3677,-4,0,0.0454,379.11,922.00,10.12,30.37,88.00,1225.50,10.00,15.00,0.0000,420.54,1,0,3.0022,ACCEPT,0,2727,48,17122,4,200,3677,0,0,0,0
100,0,1,1,ACCEPT,22.5805,2.6017,2175,-11,1,0.1264,375.67,922.95,10.12,30.37,73.50,1219.50,15.00,17.00,0.0000,423.38,1,0,3.1933,ACCEPT,0,1817,52,13719,4,200,2175,0,0,0,0
101,0,1,1,ACCEPT,24.1450,2.1891,3925,-8,-1,0.0721,373.17,922.00,10.12,30.37,61.50,1213.50,11.00,15.00,0.0000,426.75,1,0,3.3678,ACCEPT,0,3132,48,16394,4,200,3925,0,0,0,0
102,0,1,1,ACCEPT,19.6480,2.0985,3857,4,-2,0.1514,374.42,920.09,10.12,30.37,55.00,1206.50,12.00,15.00,0.0000,429.02,1,0,3.3091,ACCEPT,0,3754,66,11667,4,200,3857,0,0,0,0
103,0,1,1,ACCEPT,22.1823,2.7684,2749,10,-3,0.1499,377.55,917.23,10.12,30.37,50.00,1199.50,10.00,15.00,0.0000,432.39,1,0,3.2683,ACCEPT,0,2181,51,13200,4,200,2749,0,0,0,0
104,0,1,1,ACCEPT,24.4214,2.9060,3618,5,-2,0.0111,379.11,915.33,10.12,30.37,45.50,1194.00,11.00,16.00,0.0000,434.69,1,0,3.2905,ACCEPT,0,2640,72,12363,4,200,3618,0,0,0,0
105,0,1,1,ACCEPT,14.7198,1.9669,1725,12,-3,0.1583,382.86,912.47,10.12,30.37,44.50,1186.50,13.00,15.00,0.0000,435.41,1,0,3.2643,ACCEPT,0,1932,65,6564,4,200,1725,0,0,0,0
106,0,1,1,ACCEPT,15.9335,2.4176,1100,11,-3,0.1782,386.30,909.61,10.12,30.37,42.00,1180.50,14.00,15.00,0.0000,438.09,1,0,3.3047,ACCEPT,0,1183,72,7742,4,200,1100,0,0,0,0
107,0,1,1,ACCEPT,13.4579,2.0741,616,21,-4,0.0795,392.86,905.80,10.12,30.37,44.50,1175.50,15.00,17.00,0.0000,440.56,1,0,3.1695,ACCEPT,0,635,49,10136,4,200,616,0,0,0,0
108,0,1,1,ACCEPT,12.9900,1.4369,1082,18,-4,0.0989,398.48,901.98,10.12,30.37,47.50,1170.50,15.00,17.00,0.0000,441.92,1,0,3.3577,ACCEPT,0,1355,56,11472,4,200,1082,0,0,0,0
109,0,1,1,ACCEPT,17.3199,2.2561,1762,18,-4,0.0959,404.11,898.17,10.12,30.37,49.00,1164.50,12.00,13.00,0.0000,443.88,1,0,3.3138,ACCEPT,0,1825,121,10786,4,200,1762,0,0,0,0
110,0,1,1,ACCEPT,19.0597,2.3780,2202,15,-3,0.0363,408.80,895.31,10.12,30.37,49.50,1158.50,13.00,13.00,0.0000,445.38,1,0,3.2741,ACCEPT,0,2036,64,7438,4,200,2202,0,0,0,0
111,0,1,1,ACCEPT,23.0518,2.6167,2164,12,-5,0.0231,412.55,890.55,10.12,30.37,49.50,1152.00,13.00,12.00,0.0000,447.39,1,0,3.2711,ACCEPT,0,1775,92,12602,4,200,2164,0,0,0,0
112,0,1,1,ACCEPT,17.0990,1.9892,1844,15,-7,0.0016,417.23,883.88,10.12,30.37,54.00,1145.00,12.00,12.00,0.0000,447.35,1,0,3.2442,ACCEPT,0,1916,69,7179,4,200,1844,0,0,0,0
113,0,1,1,ACCEPT,16.1056,2.0340,958,20,-5,0.0063,423.48,879.11,10.12,30.37,57.00,1140.50,12.00,13.00,0.0000,450.15,1,0,3.3695,ACCEPT,0,1016,51,6669,4,200,958,0,0,0,0
114,0,1,1,ACCEPT,16.5491,1.9282,1637,14,-5,0.0751,427.86,874.34,10.12,30.37,59.00,1134.50,12.00,13.00,0.0000,451.37,1,0,3.2706,ACCEPT,0,1759,74,9093,4,200,1637,0,0,0,0
115,0,1,1,ACCEPT,24.0539,3.0768,1843,15,-5,0.0564,432.55,869.58,10.12,30.37,63.00,1128.50,12.00,13.00,0.0000,451.23,1,0,3.2323,ACCEPT,0,1457,56,5866,4,200,1843,0,0,0,0
116,0,1,1,ACCEPT,22.4066,2.9690,1054,20,-7,0.0446,438.80,862.91,10.12,30.37,70.50,1123.00,17.00,12.00,0.0000,450.88,1,0,3.2409,ACCEPT,0,921,45,9084,4,200,1054,0,0,0,0
117,0,1,1,ACCEPT,17.6236,2.7282,843,26,-7,0.1471,446.92,856.23,10.12,30.37,76.50,1120.00,13.00,16.00,0.0000,454.74,1,0,3.3062,ACCEPT,0,837,68,5971,4,200,843,0,0,0,0
118,0,1,1,ACCEPT,21.8325,3.0642,1765,20,-5,0.0340,453.17,851.47,10.12,30.37,81.50,1115.50,15.00,15.00,0.0000,455.91,1,0,3.2918,ACCEPT,0,1600,47,8418,4,200,1765,0,0,0,0
119,0,1,1,ACCEPT,22.9081,3.3686,2102,17,-4,0.0514,458.48,847.66,10.12,30.37,82.50,1110.50,11.00,11.00,0.0000,458.75,1,0,3.3263,ACCEPT,0,1949,80,4170,4,200,2102,0,0,0,0
120,0,1,1,ACCEPT,22.0458,3.3882,864,17,-3,0.0347,463.80,844.80,10.12,30.37,90.50,1108.00,11.00,12.00,0.0000,456.76,1,0,3.3032,ACCEPT,0,719,65,3641,4,200,864,0,0,0,0
121,0,1,1,ACCEPT,9.9099,2.0000,114,29,-7,0.0965,472.86,838.12,10.12,30.37,102.50,1107.00,11.00,12.00,0.0000,457.67,1,0,3.2917,ACCEPT,0,150,47,5690,4,200,114,0,0,0,0
122,0,1,1,ACCEPT,6.6663,1.0397,131,-7,-4,0.1603,470.67,834.31,10.53,31.59,114.00,1106.00,12.00,16.00,0.0000,448.36,1,1,2.7902,ACCEPT,0,252,34,6708,4,200,131,0,0,0,0
123,0,1,1,ACCEPT,11.2418,1.4161,3267,-5,10,0.1561,469.03,844.16,10.53,31.59,121.00,1104.50,14.00,13.00,0.0000,434.63,1,0,3.3000,ACCEPT,0,4934,82,12208,4,200,3267,0,0,0,0
124,0,1,1,ACCEPT,28.8797,2.7434,1978,18,-2,0.0263,474.94,842.19,10.53,31.59,124.00,1101.00,14.00,14.00,0.0000,436.05,1,0,3.2645,ACCEPT,0,1242,46,16652,4,200,1978,0,0,0,0
125,0,1,1,ACCEPT,26.4024,4.3417,3964,10,0,0.1703,478.22,842.19,10.53,31.59,125.50,1098.50,15.00,15.00,0.0000,436.01,1,0,3.2255,ACCEPT,0,3093,88,5137,4,200,3964,0,0,0,0
126,0,1,1,ACCEPT,33.0608,3.8022,1019,12,-3,0.0834,482.16,839.23,10.53,31.59,129.00,1096.00,14.00,14.00,0.0000,436.63,1,0,3.2624,ACCEPT,0,680,62,6599,4,200,1019,0,0,0,0
127,0,1,1,ACCEPT,25.8385,3.7793,1130,13,-3,0.0204,486.42,836.28,10.53,31.59,134.00,1094.50,14.00,15.00,0.0000,436.90,1,0,3.1847,ACCEPT,0,722,55,17156,4,200,1130,0,0,0,0
128,0,1,1,ACCEPT,29.8537,3.8264,3394,16,-4,0.0085,491.67,832.34,10.53,31.59,139.50,1093.50,15.00,15.00,0.0000,438.44,1,0,3.2514,ACCEPT,0,2026,42,11889,4,200,3394,0,0,0,0
129,0,1,1,ACCEPT,36.1769,3.3014,3209,10,-3,0.0262,494.95,829.39,10.53,31.59,144.00,1090.50,14.00,15.00,0.0000,437.43,1,0,3.1437,ACCEPT,0,1716,55,4822,4,200,3209,0,0,0,0
130,0,1,1,ACCEPT,31.2254,5.2372,817,18,-3,0.0318,500.86,826.44,10.53,31.59,150.50,1088.00,13.00,14.00,0.0000,437.23,1,0,3.1822,ACCEPT,0,511,55,9384,4,200,817,0,0,0,0
131,0,1,1,ACCEPT,34.0789,4.8579,1846,18,-5,0.0173,506.77,821.52,10.53,31.59,157.00,1086.00,14.00,14.00,0.0000,438.51,1,0,3.1596,ACCEPT,0,1026,52,12955,4,200,1846,0,0,0,0
132,0,1,1,ACCEPT,30.6197,5.4204,1702,21,-6,0.0082,513.66,815.61,10.53,31.59,165.50,1083.50,15.00,15.00,0.0000,439.29,1,0,3.1699,ACCEPT,0,1073,48,9640,4,200,1702,0,0,0,0
133,0,1,1,ACCEPT,28.6756,4.0285,1555,21,-6,0.0116,520.55,809.70,10.53,31.59,173.50,1078.50,15.00,15.00,0.0000,438.97,1,0,3.0820,ACCEPT,0,772,35,12641,4,200,1555,0,0,0,0
134,0,1,1,ACCEPT,27.6307,3.3610,2551,19,-4,0.0059,526.78,805.77,10.53,31.59,179.00,1074.50,14.00,15.00,0.0000,439.51,1,0,3.1368,ACCEPT,0,1512,65,10510,4,200,2551,0,0,0,0
135,0,1,1,ACCEPT,31.0549,4.0743,3292,13,-3,0.0270,531.05,802.81,10.53,31.59,179.50,1067.50,13.00,15.00,0.0000,440.05,1,0,3.2638,ACCEPT,0,1887,103,12899,4,200,3292,0,0,0,0
136,0,1,1,ACCEPT,25.9640,3.3219,3787,6,1,0.2263,533.02,803.80,10.53,31.59,174.50,1060.50,13.00,15.00,0.0000,440.94,1,0,3.2388,ACCEPT,0,2481,127,14594,4,200,3787,0,0,0,0
137,0,1,1,ACCEPT,29.6003,3.9962,4192,2,0,0.7319,533.67,803.80,10.53,31.59,168.50,1053.00,17.00,20.00,0.0000,442.10,1,0,3.1962,ACCEPT,0,2424,108,11728,4,200,4192,0,0,0,0
138,0,1,1,ACCEPT,30.7373,4.7298,3273,6,-2,0.0122,535.64,801.83,10.53,31.59,166.00,1041.50,14.00,15.00,0.0000,440.54,1,0,3.1628,ACCEPT,0,1730,114,12265,4,200,3273,0,0,0,0
139,0,1,1,ACCEPT,37.1647,3.8415,4218,10,-6,0.0367,538.92,795.92,10.53,31.59,168.50,1031.00,13.00,16.00,0.0000,438.72,1,0,3.0539,ACCEPT,0,2072,52,13335,4,200,4218,0,0,0,0
140,0,1,1,ACCEPT,27.2563,4.5114,2576,14,-7,0.0214,543.52,789.03,10.53,31.59,170.50,1019.00,13.00,16.00,0.0000,438.21,1,0,3.1313,ACCEPT,0,2037,56,7002,4,200,2576,0,0,0,0
141,0,1,1,ACCEPT,32.1999,5.7396,1521,13,-8,0.0651,547.78,781.16,10.53,31.59,173.00,1008.50,14.00,17.00,0.0000,438.34,1,0,3.0695,ACCEPT,0,955,55,4417,4,200,1521,0,0,0,0
142,0,1,1,ACCEPT,40.2906,5.2541,972,17,-9,0.0195,553.36,772.30,10.53,31.59,178.50,996.00,13.00,16.00,0.0000,436.53,1,0,3.0505,ACCEPT,0,516,51,4903,4,200,972,0,0,0,0
143,0,1,1,ACCEPT,36.3119,4.7054,1134,17,-10,0.0600,558.94,762.45,10.53,31.59,183.50,984.50,13.00,17.00,0.0000,436.19,1,0,3.2374,ACCEPT,0,626,50,4301,4,200,1134,0,0,0,0
144,0,1,1,ACCEPT,34.3510,3.9091,860,17,-11,0.0360,564.52,751.62,10.53,31.59,191.00,972.50,12.00,17.00,0.0000,433.94,1,0,3.0910,ACCEPT,0,526,47,5588,4,200,860,0,0,0,0
145,0,1,1,ACCEPT,32.9039,4.5244,742,19,-15,0.0539,570.75,736.86,10.53,31.59,197.50,959.00,13.00,18.00,0.0000,434.35,1,0,3.0717,ACCEPT,0,504,36,7270,4,200,742,0,0,0,0
146,0,1,1,ACCEPT,34.6603,4.1394,1188,19,-12,0.0101,576.98,725.05,10.53,31.59,203.00,945.50,14.00,23.00,0.0000,434.12,1,0,3.1165,ACCEPT,0,747,47,5379,4,200,1188,0,0,0,0
147,0,1,1,ACCEPT,32.3799,4.5071,951,19,-12,0.0273,583.22,713.23,10.53,31.59,208.50,930.50,13.00,17.00,0.0000,433.15,1,0,3.1405,ACCEPT,0,636,31,6781,4,200,951,0,0,0,0
148,0,1,1,ACCEPT,32.5216,4.5393,867,22,-11,0.0277,590.44,702.41,10.53,31.59,213.50,915.00,13.00,18.00,0.0000,432.76,1,0,3.1488,ACCEPT,0,538,34,5629,4,200,867,0,0,0,0
149,0,1,1,ACCEPT,36.2780,5.0474,1065,22,-10,0.0300,597.66,692.56,10.53,31.59,218.00,900.50,12.00,17.00,0.0000,432.87,1,0,3.1726,ACCEPT,0,646,50,4214,4,200,1065,0,0,0,0
150,0,1,1,ACCEPT,36.6413,6.1273,1011,17,-9,0.0326,603.23,683.70,10.53,31.59,221.50,884.50,13.00,17.00,0.0000,431.32,1,0,3.1470,ACCEPT,0,603,59,4426,4,200,1011,0,0,0,0
151,0,1,1,ACCEPT,37.5512,4.7431,683,21,-9,0.0161,610.12,674.84,10.53,31.59,225.00,869.50,14.00,17.00,0.0000,431.52,1,0,3.1735,ACCEPT,0,391,58,3664,4,200,683,0,0,0,0
152,0,1,1,ACCEPT,37.0813,5.1273,564,21,-7,0.0089,617.02,667.95,10.53,31.59,227.50,854.00,15.00,18.00,0.0000,431.67,1,0,3.2301,ACCEPT,0,299,95,4101,4,200,564,0,0,0,0
153,0,1,1,ACCEPT,35.8768,4.3400,651,24,-5,0.0261,624.89,663.03,10.53,31.59,232.00,839.00,14.00,18.00,0.0000,430.50,1,0,3.1493,ACCEPT,0,392,85,2689,4,200,651,0,0,0,0
154,0,1,1,ACCEPT,34.9514,4.9186,423,24,-6,0.0000,632.77,657.12,10.53,31.59,236.00,823.00,14.00,16.00,0.0000,430.04,1,0,3.0347,ACCEPT,0,236,99,2583,4,200,423,0,0,0,0
155,0,1,1,ACCEPT,31.2101,4.0959,299,26,-3,0.0401,641.30,654.17,10.53,31.59,240.50,809.00,13.00,16.00,0.0000,429.66,1,0,2.9462,ACCEPT,0,184,80,1885,4,200,299,0,0,0,0
156,0,1,1,ACCEPT,18.9420,2.8333,136,29,-3,0.0147,650.81,651.22,10.53,31.59,244.00,795.50,12.00,19.00,0.0000,431.64,1,0,3.0593,ACCEPT,0,102,114,3671,4,200,136,0,0,0,0
157,0,1,1,ACCEPT,18.9388,2.7967,344,27,-2,0.0756,659.67,649.25,10.53,31.59,248.50,785.00,13.00,24.00,0.0000,433.00,1,0,2.9355,ACCEPT,0,284,114,1978,4,200,344,0,0,0,0
158,0,1,1,ACCEPT,19.8437,1.6282,254,27,2,0.0827,668.53,651.22,10.53,31.59,254.50,770.00,13.00,24.00,0.0000,430.73,1,0,2.6856,ACCEPT,0,194,42,8456,4,200,254,0,0,0,0
159,0,1,1,ACCEPT,24.9674,2.5717,1291,27,1,0.0000,677.39,652.20,10.53,31.59,260.00,759.00,12.00,20.00,0.0000,430.84,1,0,2.8188,ACCEPT,0,885,36,8960,4,200,1291,0,0,0,0
160,0,1,1,ACCEPT,17.1952,1.7336,924,28,4,0.0595,686.58,656.14,10.53,31.59,264.50,749.50,11.00,21.00,0.0000,432.28,1,0,3.0122,ACCEPT,0,800,30,8108,4,200,924,0,0,0,0
161,0,1,1,ACCEPT,19.2627,1.7199,2953,19,1,0.0051,692.81,657.12,10.53,31.59,269.50,739.00,11.00,22.00,0.0000,431.16,1,0,2.9282,ACCEPT,0,2800,93,15501,4,200,2953,0,0,0,0
162,0,1,1,ACCEPT,22.7332,2.2774,2118,23,0,0.0170,700.36,657.12,10.53,31.59,274.50,732.00,11.00,20.00,0.0000,432.39,1,0,2.8912,ACCEPT,0,1654,48,10780,4,200,2118,0,0,0,0
163,0,1,1,ACCEPT,27.0030,2.8556,2373,22,0,0.0105,707.58,657.12,10.53,31.59,278.50,726.00,13.00,24.00,0.0000,434.57,1,0,2.9976,ACCEPT,0,1625,57,12144,4,200,2373,0,0,0,0
164,0,1,1,ACCEPT,27.2399,3.1840,4222,16,0,0.0417,712.83,657.12,10.53,31.59,283.00,720.50,12.00,25.00,0.0000,434.48,1,0,3.0910,ACCEPT,0,3184,76,15486,4,200,4222,0,0,0,0
165,0,1,1,ACCEPT,19.3074,2.2132,2574,15,1,0.0221,717.75,658.11,10.53,31.59,286.00,716.50,10.00,21.00,0.0000,435.68,1,0,2.9955,ACCEPT,0,2153,151,6119,4,200,2574,0,0,0,0
166,0,1,1,ACCEPT,6.1137,1.0484,130,2,1,0.9308,718.41,659.09,10.53,31.59,288.00,712.50,10.00,21.00,0.0000,433.71,1,0,2.9804,ACCEPT,0,501,344,3101,4,200,130,0,0,0,0
167,0,1,0,NEGATIVE_PEAK,-6.8159,1.0909,-216,0,-8,0.1157,718.41,659.09,10.53,31.59,290.50,707.50,11.00,23.00,0.0000,430.64,0,0,0.0000,NOT_RUN,0,790,395,0,4,200,216,0,0,0,0
168,0,1,0,NEGATIVE_PEAK,-5.1860,1.0385,-135,2,5,0.1778,718.41,659.09,10.53,31.59,292.50,704.00,11.00,26.00,0.0000,428.27,0,0,0.0000,NOT_RUN,0,696,282,0,4,200,135,0,0,0,0
169,0,1,0,NEGATIVE_PEAK,-5.7860,1.0761,-198,4,0,0.9798,718.41,659.09,10.53,31.59,294.00,701.50,10.00,27.00,0.0000,426.52,0,0,0.0000,NOT_RUN,0,712,244,0,4,200,198,0,0,0,0
170,0,1,0,NEGATIVE_PEAK,-6.1446,1.0789,-123,2,-3,0.0976,718.41,659.09,10.53,31.59,294.50,697.50,11.00,27.00,0.0000,425.64,0,0,0.0000,NOT_RUN,0,559,231,0,4,200,123,0,0,0,0
171,0,1,0,NEGATIVE_PEAK,-5.1912,1.0097,-104,-1,-9,0.1635,718.41,659.09,10.53,31.59,295.00,693.50,10.00,27.00,0.0000,424.80,0,0,0.0000,NOT_RUN,0,486,229,0,4,200,104,0,0,0,0
172,0,1,0,NEGATIVE_PEAK,-5.9738,1.0138,-293,-1,0,0.9625,718.41,659.09,10.53,31.59,295.50,689.50,9.00,27.00,0.0000,424.00,0,0,0.0000,NOT_RUN,0,1107,208,0,4,200,293,0,0,0,0
173,0,1,1,ACCEPT,5.8184,1.0769,56,3,-11,0.1429,719.39,648.27,10.95,32.85,294.00,683.00,12.00,32.00,0.0000,426.81,1,1,2.5327,ACCEPT,0,242,83,4001,4,200,56,0,0,0,0
174,0,1,1,ACCEPT,5.6539,1.0667,32,2,-7,0.4375,720.08,641.05,10.95,32.85,294.00,679.50,12.00,31.00,0.0000,427.81,1,0,2.9458,ACCEPT,0,150,68,3688,4,200,32,0,0,0,0
175,0,1,0,NEGATIVE_PEAK,-5.1724,1.0667,-80,1,-8,0.2750,720.08,641.05,10.95,32.85,294.00,673.00,14.00,30.00,0.0000,427.27,0,0,0.0000,NOT_RUN,0,379,57,0,4,200,80,0,0,0,0
176,0,1,0,LOW_PSR,4.7568,1.0476,44,2,-6,0.4091,720.08,641.05,10.95,32.85,294.50,668.50,13.00,27.00,0.0000,426.46,0,0,0.0000,NOT_RUN,0,200,39,0,4,200,44,0,0,0,0
177,0,1,1,ACCEPT,5.9479,1.0213,48,1,-15,0.2708,720.42,625.58,10.95,32.85,291.50,661.50,13.00,29.00,0.0000,430.42,1,0,2.8242,ACCEPT,0,205,27,4829,4,200,48,0,0,0,0
178,0,1,1,ACCEPT,5.4183,1.0800,81,4,-8,0.6914,721.80,617.33,10.95,32.85,291.00,656.00,18.00,30.00,0.0000,432.53,1,0,2.7505,ACCEPT,0,420,34,3605,4,200,81,0,0,0,0
179,0,1,1,ACCEPT,6.2730,1.0000,67,5,-8,0.1493,723.52,609.08,10.95,32.85,290.00,649.00,18.00,28.00,0.0000,435.35,1,0,2.5967,ACCEPT,0,273,59,2780,4,200,67,0,0,0,0
180,0,1,1,ACCEPT,6.6776,1.0463,113,2,-7,0.3363,724.20,601.86,10.95,32.85,286.50,640.00,19.00,28.00,0.0000,439.36,1,0,2.8827,ACCEPT,0,414,82,2076,4,200,113,0,0,0,0
181,0,1,1,ACCEPT,7.2908,1.1000,55,2,-5,0.2545,724.89,596.70,10.95,32.85,284.50,631.00,19.00,26.00,0.0000,441.72,1,0,2.9740,ACCEPT,0,167,81,2422,4,200,55,0,0,0,0
182,0,1,0,NEGATIVE_PEAK,-4.8128,1.0000,-22,0,-24,0.3636,724.89,596.70,10.95,32.85,282.50,622.00,21.00,28.00,0.0000,443.11,0,0,0.0000,NOT_RUN,0,96,109,0,4,200,22,0,0,0,0
183,0,1,1,ACCEPT,5.9616,1.0000,12,0,5,0.5000,724.89,601.86,11.39,34.16,281.50,610.00,23.00,28.00,0.0000,443.47,1,1,2.4517,ACCEPT,0,50,124,1769,4,200,12,0,0,0,0
184,0,1,1,ACCEPT,5.1201,1.0921,83,3,3,0.2048,725.97,605.05,11.39,34.16,280.00,598.50,22.00,27.00,0.0000,446.02,1,0,2.9455,ACCEPT,0,359,79,1731,4,200,83,0,0,0,0
185,0,1,1,ACCEPT,5.9301,1.0714,60,2,1,0.7000,726.69,606.11,11.39,34.16,280.00,587.50,24.00,27.00,0.0000,447.07,1,0,2.6861,ACCEPT,0,287,81,1333,4,200,60,0,0,0,0
186,0,1,1,ACCEPT,5.7514,1.0727,177,3,7,0.5424,727.77,613.55,11.39,34.16,277.50,577.00,25.00,28.00,0.0000,451.75,1,0,2.9325,ACCEPT,0,712,195,1376,4,200,177,0,0,0,0
187,0,1,1,ACCEPT,6.1275,1.0769,112,3,-17,0.0179,728.84,595.48,11.39,34.16,275.00,569.00,24.00,30.00,0.0000,454.62,1,0,2.9330,ACCEPT,0,484,92,744,4,200,112,0,0,0,0
188,0,1,1,ACCEPT,6.5361,1.0714,45,2,-19,0.2667,729.56,575.30,11.39,34.16,272.00,560.00,24.00,28.00,0.0000,457.82,1,0,3.2202,ACCEPT,0,189,85,840,4,200,45,0,0,0,0
189,0,1,1,ACCEPT,7.4459,1.0794,68,2,-18,0.0147,730.28,556.17,11.39,34.16,270.00,551.50,24.00,29.00,0.0000,460.30,1,0,2.8402,ACCEPT,0,167,123,629,4,200,68,0,0,0,0
190,0,1,0,NEGATIVE_PEAK,-6.7529,1.0476,-22,0,-16,0.0909,730.28,556.17,11.39,34.16,266.50,545.50,25.00,29.00,0.0000,463.90,0,0,0.0000,NOT_RUN,0,64,172,0,4,200,22,0,0,0,0
191,0,1,0,NEGATIVE_PEAK,-6.3241,1.1000,-11,0,-1,0.8182,730.28,556.17,11.39,34.16,263.50,542.50,25.00,29.00,0.0000,466.98,0,0,0.0000,NOT_RUN,0,36,66,0,4,200,11,0,0,0,0
192,0,1,0,NEGATIVE_PEAK,-3.9631,1.0000,-4,0,-21,0.2500,730.28,556.17,11.39,34.16,261.00,540.00,26.00,32.00,0.0000,469.56,0,0,0.0000,NOT_RUN,0,21,59,0,4,200,4,0,0,0,0
193,0,1,0,NEGATIVE_PEAK,-5.0740,1.3333,-4,-1,-1,0.5000,730.28,556.17,11.39,34.16,255.50,539.00,25.00,28.00,0.0000,475.09,0,0,0.0000,NOT_RUN,0,11,57,0,4,200,4,0,0,0,0
194,0,1,0,NEGATIVE_PEAK,-4.4203,1.2500,-5,-1,-1,0.8000,730.28,556.17,11.39,34.16,249.50,539.00,25.00,28.00,0.0000,481.09,0,0,0.0000,NOT_RUN,0,18,61,0,4,200,5,0,0,0,0
195,0,1,0,NEGATIVE_PEAK,-3.4958,1.0000,-3,1,-20,0.3333,730.28,556.17,11.39,34.16,242.00,540.00,26.00,28.00,0.0000,488.55,0,0,0.0000,NOT_RUN,0,19,82,0,4,200,4,0,0,0,0
196,0,1,0,NEGATIVE_PEAK,-3.3022,1.0000,-3,0,-23,0.3333,730.28,556.17,11.39,34.16,235.00,541.50,26.00,29.00,0.0000,495.50,0,0,0.0000,NOT_RUN,0,16,82,0,4,200,4,0,0,0,0
197,0,1,0,NEGATIVE_PEAK,-2.5109,1.0000,-2,0,-23,0.5000,730.28,556.17,11.39,34.16,227.50,543.00,29.00,32.00,0.0000,502.95,0,0,0.0000,NOT_RUN,0,9,80,0,4,200,3,0,0,0,0
198,0,1,0,NEGATIVE_PEAK,-3.6622,1.0000,-3,0,-15,0.6667,730.28,556.17,11.39,34.16,220.00,546.00,26.00,30.00,0.0000,510.38,0,0,0.0000,NOT_RUN,0,11,26,0,4,200,4,0,0,0,0
199,0,1,1,ACCEPT,5.6588,1.0000,3,1,-13,0.6667,730.64,542.36,11.39,34.16,213.50,548.00,27.00,30.00,0.0000,517.17,1,0,3.1887,ACCEPT,0,10,44,1625,4,200,4,0,0,0,0
200,0,1,1,ACCEPT,5.2439,1.0370,28,1,1,0.8214,731.00,543.42,11.39,34.16,207.50,550.50,25.00,29.00,0.0000,523.55,1,0,3.1479,ACCEPT,0,132,67,1352,4,200,28,0,0,0,0
0,0,0,0,ZERO_RESPONSE,0.0000,0.0000,0,0,0,0.0000,223.00,598.00,18.00,22.00,223.00,598.00,18.00,22.00,1.0000,0.00,1,0,0.0000,NOT_RUN,0,0,517,14690,5,250,0,0,0,0,0
1,0,1,1,ACCEPT,10.0248,2.0451,1904,1,11,0.0005,223.56,605.56,18.00,22.00,224.50,606.50,19.00,21.00,0.8323,1.33,1,0,3.2025,ACCEPT,0,2790,454,14960,5,250,1904,0,0,0,0
2,0,1,1,ACCEPT,9.7323,2.4994,1997,1,11,0.0095,224.12,613.12,18.00,22.00,225.00,614.50,18.00,21.00,0.8027,1.63,1,0,3.2305,ACCEPT,0,2771,377,19044,5,250,1997,0,0,0,0
3,0,1,1,ACCEPT,5.9150,1.2751,2123,5,-5,0.0170,226.94,609.69,18.72,22.88,226.00,622.50,18.00,21.00,0.2457,12.85,1,1,2.3075,ACCEPT,0,3796,390,19185,5,250,2123,0,0,0,0
4,0,1,1,ACCEPT,7.7175,1.4879,3571,2,-6,0.5139,228.09,605.38,18.72,22.88,226.00,630.00,18.00,22.00,0.0000,24.71,1,0,2.9402,ACCEPT,0,7347,419,10299,5,250,3571,0,0,0,0
5,0,1,1,ACCEPT,8.6080,1.4441,2533,2,-2,0.7462,229.25,603.94,18.72,22.88,225.50,637.00,19.00,22.00,0.0000,33.27,1,0,2.7177,ACCEPT,0,4507,401,6461,5,250,2533,0,0,0,0
6,0,1,1,ACCEPT,10.1117,2.0743,1983,1,-5,0.3152,229.83,600.34,18.72,22.88,225.50,643.00,19.00,22.00,0.0000,42.88,1,0,2.9653,ACCEPT,0,2890,387,3601,5,250,1983,0,0,0,0
7,0,1,1,ACCEPT,11.9308,2.2337,1367,1,-4,0.4792,230.41,597.47,18.72,22.88,226.00,649.50,18.00,19.00,0.0000,52.22,1,0,2.7345,ACCEPT,0,1728,292,7458,5,250,1367,0,0,0,0
8,0,1,1,ACCEPT,13.5249,2.6994,3493,3,-5,0.3252,232.14,593.88,18.72,22.88,226.50,656.00,17.00,20.00,0.0000,62.38,1,0,2.9635,ACCEPT,0,3944,283,6402,5,250,3493,0,0,0,0
9,0,1,1,ACCEPT,13.1202,2.7048,2959,2,-7,0.1653,233.30,588.84,18.72,22.88,228.00,662.00,18.00,22.00,0.0000,73.35,1,0,2.9321,ACCEPT,0,3223,224,10019,5,250,2959,0,0,0,0
10,0,1,1,ACCEPT,14.6138,2.9562,4594,3,-7,0.1805,235.03,583.81,18.72,22.88,230.00,667.00,18.00,22.00,0.0000,83.34,1,0,3.0929,ACCEPT,0,4585,206,10941,5,250,4594,0,0,0,0
11,0,1,1,ACCEPT,16.3324,2.8585,4928,2,-6,0.2054,236.19,579.50,18.72,22.88,232.50,672.50,17.00,21.00,0.0000,93.07,1,0,3.0272,ACCEPT,0,4345,172,11501,5,250,4928,0,0,0,0
12,0,1,1,ACCEPT,17.1397,3.2312,6023,3,-8,0.1041,237.92,573.75,18.72,22.88,235.00,676.50,18.00,21.00,0.0000,102.79,1,0,3.0954,ACCEPT,0,5153,139,13196,5,250,6023,0,0,0,0
13,0,1,1,ACCEPT,17.9813,3.2103,6732,3,-8,0.1013,239.66,568.00,18.72,22.88,237.50,680.00,19.00,20.00,0.0000,112.02,1,0,3.0721,ACCEPT,0,5776,121,10682,5,250,6732,0,0,0,0
14,0,1,1,ACCEPT,19.9701,3.7919,6431,2,-8,0.1116,240.81,562.25,18.72,22.88,240.00,684.50,20.00,21.00,0.0000,122.25,1,0,3.0921,ACCEPT,0,4901,112,12237,5,250,6431,0,0,0,0
15,0,1,1,ACCEPT,21.7174,4.3594,7751,3,-8,0.0102,242.55,556.50,18.72,22.88,242.00,687.00,20.00,20.00,0.0000,130.50,1,0,3.0037,ACCEPT,0,5211,113,11764,5,250,7751,0,0,0,0
16,0,1,1,ACCEPT,21.9183,4.3267,7204,1,-10,0.0527,243.12,549.31,18.72,22.88,244.00,689.50,20.00,21.00,0.0000,140.19,1,0,3.0869,ACCEPT,0,5128,106,9242,5,250,7204,0,0,0,0
17,0,1,1,ACCEPT,23.5577,5.0778,6327,3,-8,0.0093,244.86,543.56,18.72,22.88,246.00,693.50,20.00,19.00,0.0000,149.94,1,0,3.1225,ACCEPT,0,4334,98,12441,5,250,6327,0,0,0,0
18,0,1,1,ACCEPT,24.2337,5.0222,8161,0,-9,0.0554,244.86,537.09,18.72,22.88,248.50,697.00,19.00,20.00,0.0000,159.95,1,0,3.0557,ACCEPT,0,5390,93,10653,5,250,8161,0,0,0,0
19,0,1,1,ACCEPT,25.7029,4.8359,7249,1,-8,0.0730,245.44,531.34,18.72,22.88,252.00,700.00,20.00,20.00,0.0000,168.78,1,0,2.9857,ACCEPT,0,4553,92,12970,5,250,7249,0,0,0,0
20,0,1,1,ACCEPT,27.3306,5.1683,8998,4,-8,0.0383,247.75,525.59,18.72,22.88,254.00,702.00,18.00,20.00,0.0000,176.52,1,0,3.1696,ACCEPT,0,5286,112,11463,5,250,8998,0,0,0,0
21,0,1,1,ACCEPT,27.9143,5.3698,8785,2,-9,0.0106,248.91,519.12,18.72,22.88,257.50,707.00,17.00,20.00,0.0000,188.07,1,0,3.0730,ACCEPT,0,5576,104,11152,5,250,8785,0,0,0,0
22,0,1,1,ACCEPT,29.0549,5.2317,8716,4,-7,0.0052,251.22,514.09,18.72,22.88,261.50,710.00,17.00,20.00,0.0000,196.18,1,0,3.0541,ACCEPT,0,4736,113,11151,5,250,8716,0,0,0,0
23,0,1,1,ACCEPT,28.3424,4.9485,9229,7,-8,0.0362,255.27,508.34,18.72,22.88,266.00,714.00,18.00,22.00,0.0000,205.94,1,0,3.1386,ACCEPT,0,5044,95,12954,5,250,9229,0,0,0,0
24,0,1,1,ACCEPT,27.9513,5.6162,10491,7,-7,0.0099,259.31,503.31,18.72,22.88,270.50,718.00,15.00,24.00,0.0000,214.98,1,0,3.0813,ACCEPT,0,5731,99,9822,5,250,10491,0,0,0,0
25,0,1,1,ACCEPT,27.7931,5.2890,7394,8,-8,0.0269,263.94,497.56,18.72,22.88,276.00,722.00,16.00,26.00,0.0000,224.76,1,0,3.1475,ACCEPT,0,4435,102,11408,5,250,7394,0,0,0,0
26,0,1,1,ACCEPT,27.9951,5.4713,9345,9,-8,0.0286,269.14,491.81,18.72,22.88,280.00,725.00,16.00,26.00,0.0000,233.44,1,0,3.1242,ACCEPT,0,5343,91,13171,5,250,9345,0,0,0,0
27,0,1,1,ACCEPT,26.2505,4.5886,9012,11,-6,0.0495,275.50,487.50,18.72,22.88,287.50,732.00,13.00,24.00,0.0000,244.79,1,0,3.0891,ACCEPT,0,5622,91,11644,5,250,9012,0,0,0,0
28,0,1,1,ACCEPT,26.0673,3.9250,8266,12,-8,0.0837,282.44,481.75,18.72,22.88,295.00,737.00,14.00,26.00,0.0000,255.56,1,0,3.2107,ACCEPT,0,4909,95,12041,5,250,8266,0,0,0,0
29,0,1,1,ACCEPT,24.2585,3.7209,7907,15,-6,0.0235,291.11,477.44,18.72,22.88,303.00,742.50,12.00,25.00,0.0000,265.33,1,0,3.1413,ACCEPT,0,5095,95,10255,5,250,7907,0,0,0,0
30,0,1,1,ACCEPT,26.2402,4.6164,7617,12,-6,0.0504,298.05,473.12,18.72,22.88,310.50,745.00,13.00,30.00,0.0000,272.16,1,0,3.0476,ACCEPT,0,4635,102,11547,5,250,7617,0,0,0,0
31,0,1,1,ACCEPT,26.8131,4.8447,8391,12,-8,0.0723,304.98,467.38,18.72,22.88,317.50,749.50,11.00,25.00,0.0000,282.40,1,0,3.0866,ACCEPT,0,5060,101,10411,5,250,8391,0,0,0,0
32,0,1,1,ACCEPT,29.6494,6.0570,7862,11,-7,0.0336,311.34,462.34,18.72,22.88,322.50,754.00,13.00,26.00,0.0000,291.87,1,0,3.0813,ACCEPT,0,4577,98,14193,5,250,7862,0,0,0,0
33,0,1,1,ACCEPT,30.0930,6.2686,10876,11,-7,0.0405,317.70,457.31,18.72,22.88,328.50,757.50,9.00,23.00,0.0000,300.38,1,0,3.1141,ACCEPT,0,6075,104,12222,5,250,10876,0,0,0,0
34,0,1,1,ACCEPT,32.2361,6.3393,9997,9,-7,0.0319,322.91,452.28,18.72,22.88,334.00,763.50,12.00,25.00,0.0000,311.42,1,0,3.2044,ACCEPT,0,5440,95,14933,5,250,9997,0,0,0,0
35,0,1,1,ACCEPT,32.6799,7.0603,11360,9,-6,0.0217,328.11,447.97,18.72,22.88,338.50,769.00,11.00,26.00,0.0000,321.20,1,0,3.1689,ACCEPT,0,6077,90,15601,5,250,11360,0,0,0,0
36,0,1,1,ACCEPT,32.2917,6.7715,11437,8,-6,0.0307,332.73,443.66,18.72,22.88,341.50,774.50,11.00,29.00,0.0000,330.96,1,0,3.1796,ACCEPT,0,6132,103,14646,5,250,11437,0,0,0,0
37,0,1,1,ACCEPT,30.9642,6.9144,10586,8,-5,0.0301,337.36,440.06,18.72,22.88,342.50,781.00,11.00,28.00,0.0000,340.98,1,0,3.1928,ACCEPT,0,5845,91,13922,5,250,10586,0,0,0,0
38,0,1,1,ACCEPT,33.9740,7.0582,10312,7,-3,0.0364,341.41,437.91,18.72,22.88,344.50,789.00,9.00,24.00,0.0000,351.11,1,0,3.1850,ACCEPT,0,5653,97,16065,5,250,10312,0,0,0,0
39,0,1,1,ACCEPT,33.3956,7.0389,11769,4,-4,0.0139,343.72,435.03,18.72,22.88,344.50,793.50,9.00,29.00,0.0000,358.47,1,0,3.1760,ACCEPT,0,6802,97,15377,5,250,11769,0,0,0,0
40,0,1,1,ACCEPT,29.4782,5.0236,10228,0,-3,0.2213,343.72,432.88,18.72,22.88,343.00,801.00,10.00,26.00,0.0000,368.13,1,0,3.1845,ACCEPT,0,5905,105,14752,5,250,10228,0,0,0,0
41,0,1,1,ACCEPT,29.9129,5.7626,10096,-1,-4,0.0491,343.14,430.00,18.72,22.88,341.50,808.50,9.00,25.00,0.0000,378.50,1,0,3.2251,ACCEPT,0,6076,102,14540,5,250,10096,0,0,0,0
42,0,1,1,ACCEPT,27.5263,5.2232,9501,-3,-3,0.0187,341.41,427.84,18.72,22.88,338.00,816.00,8.00,26.00,0.0000,388.17,1,0,3.2030,ACCEPT,0,5819,125,15784,5,250,9501,0,0,0,0
43,0,1,1,ACCEPT,32.0367,6.1856,11963,0,-2,0.4741,341.41,426.41,18.72,22.88,335.00,824.00,8.00,26.00,0.0000,397.65,1,0,3.1845,ACCEPT,0,6184,96,17560,5,250,11963,0,0,0,0
44,0,1,1,ACCEPT,29.8203,6.1652,11905,3,-1,0.4677,343.14,425.69,18.72,22.88,332.50,831.50,7.00,25.00,0.0000,405.95,1,0,3.2084,ACCEPT,0,6504,79,18886,5,250,11905,0,0,0,0
45,0,1,1,ACCEPT,36.7620,7.6167,14487,2,-3,0.1782,344.30,423.53,18.72,22.88,331.50,839.50,9.00,27.00,0.0000,416.17,1,0,3.2030,ACCEPT,0,6521,82,19313,5,250,14487,0,0,0,0
46,0,1,1,ACCEPT,37.2475,7.4953,13694,4,-2,0.0245,346.61,422.09,18.72,22.88,333.00,846.00,10.00,28.00,0.0000,424.12,1,0,3.2485,ACCEPT,0,6584,91,19062,5,250,13694,0,0,0,0
47,0,1,1,ACCEPT,38.8872,8.5000,13328,5,-2,0.0204,349.50,420.66,18.72,22.88,335.50,853.50,9.00,27.00,0.0000,433.07,1,0,3.1952,ACCEPT,0,6125,87,19641,5,250,13328,0,0,0,0
48,0,1,1,ACCEPT,40.0201,8.4099,13481,6,-3,0.0425,352.97,418.50,18.72,22.88,335.50,861.00,7.00,26.00,0.0000,442.84,1,0,3.2527,ACCEPT,0,6376,88,18885,5,250,13481,0,0,0,0
49,0,1,1,ACCEPT,39.2994,8.6032,13464,6,-3,0.0335,356.44,416.34,18.72,22.88,336.00,865.00,8.00,28.00,0.0000,449.12,1,0,3.2071,ACCEPT,0,6124,93,20056,5,250,13464,0,0,0,0
50,0,1,1,ACCEPT,38.6927,7.9139,13976,6,-1,0.0643,359.91,415.62,18.72,22.88,334.50,873.50,9.00,27.00,0.0000,458.58,1,0,3.2438,ACCEPT,0,6805,87,19382,5,250,13976,0,0,0,0
51,0,1,1,ACCEPT,42.5233,8.8082,14190,2,-3,0.2234,361.06,413.47,18.72,22.88,332.50,881.50,7.00,27.00,0.0000,468.90,1,0,3.2577,ACCEPT,0,6433,86,17937,5,250,14190,0,0,0,0
52,0,1,1,ACCEPT,36.3619,7.2209,12326,0,-2,0.7118,361.06,412.03,18.72,22.88,331.00,885.50,8.00,27.00,0.0000,474.42,1,0,3.2564,ACCEPT,0,5616,80,17722,5,250,12326,0,0,0,0
53,0,1,1,ACCEPT,31.8205,5.8495,10921,-4,-3,0.0421,358.75,409.88,18.72,22.88,330.50,891.50,7.00,23.00,0.0000,482.45,1,0,3.2524,ACCEPT,0,5311,112,16213,5,250,10921,0,0,0,0
54,0,1,1,ACCEPT,29.6948,7.3567,8725,-5,-4,0.0983,355.86,407.00,18.72,22.88,331.00,896.50,8.00,25.00,0.0000,490.13,1,0,3.2481,ACCEPT,0,4999,116,12266,5,250,8725,0,0,0,0
55,0,1,1,ACCEPT,30.8288,8.0456,7410,-7,-5,0.0964,351.81,403.41,18.72,22.88,332.50,901.50,7.00,23.00,0.0000,498.47,1,0,3.2352,ACCEPT,0,3914,114,8910,5,250,7410,0,0,0,0
56,0,1,1,ACCEPT,30.0849,6.2818,6018,-6,-4,0.1215,348.34,400.53,18.72,22.88,335.00,907.50,8.00,23.00,0.0000,507.14,1,0,3.1918,ACCEPT,0,3017,115,14228,5,250,6018,0,0,0,0
57,0,1,1,ACCEPT,29.0818,6.6133,9338,-6,-6,0.1178,344.88,396.22,18.72,22.88,336.50,909.50,9.00,21.00,0.0000,513.35,1,0,3.1718,ACCEPT,0,5324,122,12746,5,250,9338,0,0,0,0
58,0,1,1,ACCEPT,26.3240,5.8650,7953,-8,-4,0.1470,340.25,393.34,18.72,22.88,339.50,913.00,9.00,20.00,0.0000,519.66,1,0,3.1920,ACCEPT,0,4797,120,12367,5,250,7953,0,0,0,0
59,0,1,1,ACCEPT,27.8056,5.6644,9131,-5,-6,0.1170,337.36,389.03,18.72,22.88,344.50,918.00,9.00,24.00,0.0000,529.02,1,0,3.1818,ACCEPT,0,4932,110,10256,5,250,9131,0,0,0,0
60,0,1,1,ACCEPT,29.2249,6.4868,7862,-4,-6,0.1112,335.05,384.72,18.72,22.88,349.50,920.50,9.00,23.00,0.0000,535.98,1,0,3.2060,ACCEPT,0,4256,110,15230,5,250,7862,0,0,0,0
61,0,1,1,ACCEPT,27.6959,5.7100,10986,-2,-4,0.0155,333.89,381.84,18.72,22.88,353.00,924.00,12.00,28.00,0.0000,542.49,1,0,3.2637,ACCEPT,0,6487,112,14124,5,250,10986,0,0,0,0
62,0,1,1,ACCEPT,28.9338,7.6808,11383,4,-3,0.0260,336.20,379.69,18.72,22.88,355.50,929.00,9.00,26.00,0.0000,549.65,1,0,3.2256,ACCEPT,0,6515,105,18158,5,250,11383,0,0,0,0
63,0,1,1,ACCEPT,30.2234,7.6000,13870,5,-3,0.0642,339.09,377.53,18.72,22.88,355.50,933.00,11.00,22.00,0.0000,555.71,1,0,3.2580,ACCEPT,0,7775,95,18239,5,250,13870,0,0,0,0
64,0,1,1,ACCEPT,31.4755,6.9502,12844,4,-4,0.0028,341.41,374.66,18.72,22.88,355.50,938.00,13.00,24.00,0.0000,563.52,1,0,3.2119,ACCEPT,0,6721,88,16616,5,250,12844,0,0,0,0
65,0,1,1,ACCEPT,34.0462,7.7280,12674,3,-4,0.0166,343.14,371.78,18.72,22.88,360.00,942.00,12.00,26.00,0.0000,570.47,1,0,3.2224,ACCEPT,0,6393,89,18260,5,250,12674,0,0,0,0
66,0,1,1,ACCEPT,32.9496,7.2598,12741,2,-5,0.0240,344.30,368.19,18.72,22.88,365.00,945.50,10.00,23.00,0.0000,577.68,1,0,3.2214,ACCEPT,0,6732,87,18144,5,250,12741,0,0,0,0
67,0,1,1,ACCEPT,31.8920,8.0728,12198,3,-5,0.0013,346.03,364.59,18.72,22.88,370.00,947.50,8.00,23.00,0.0000,583.40,1,0,3.2353,ACCEPT,0,6450,89,17188,5,250,12198,0,0,0,0
68,0,1,1,ACCEPT,30.9614,7.6506,11407,3,-7,0.0203,347.77,359.56,18.72,22.88,373.00,950.00,12.00,24.00,0.0000,590.98,1,0,3.2292,ACCEPT,0,6392,91,18222,5,250,11407,0,0,0,0
69,0,1,1,ACCEPT,31.6305,7.7647,11779,2,-6,0.0046,348.92,355.25,18.72,22.88,379.00,949.50,10.00,19.00,0.0000,595.01,1,0,3.2393,ACCEPT,0,6197,101,18374,5,250,11779,0,0,0,0
70,0,1,1,ACCEPT,28.9830,5.9490,11083,3,-6,0.0044,350.66,350.94,18.72,22.88,386.50,955.00,9.00,22.00,0.0000,605.13,1,0,3.2267,ACCEPT,0,6236,103,20233,5,250,11083,0,0,0,0
71,0,1,1,ACCEPT,27.4321,5.7411,11086,4,-8,0.0032,352.97,345.19,18.72,22.88,394.00,954.00,12.00,28.00,0.0000,610.19,1,0,3.2387,ACCEPT,0,6445,96,13052,5,250,11086,0,0,0,0
72,0,1,1,ACCEPT,26.7272,5.2564,7585,7,-6,0.0767,357.02,340.88,18.72,22.88,400.50,956.50,11.00,25.00,0.0000,617.16,1,0,3.2142,ACCEPT,0,4456,101,19444,5,250,7585,0,0,0,0
73,0,1,1,ACCEPT,25.7109,4.8348,10830,8,-7,0.0959,361.64,335.84,18.72,22.88,404.00,958.00,12.00,26.00,0.0000,623.60,1,0,3.2173,ACCEPT,0,7217,115,13039,5,250,10830,0,0,0,0
74,0,1,1,ACCEPT,29.4452,6.9053,8535,8,-6,0.0991,366.27,331.53,18.72,22.88,409.50,960.50,11.00,25.00,0.0000,630.45,1,0,3.2171,ACCEPT,0,4734,125,20745,5,250,8535,0,0,0,0
75,0,1,1,ACCEPT,31.1988,7.2638,12145,8,-6,0.0739,370.89,327.22,18.72,22.88,413.50,963.00,11.00,26.00,0.0000,637.21,1,0,3.2286,ACCEPT,0,6784,125,19851,5,250,12145,0,0,0,0
76,0,1,1,ACCEPT,33.2979,6.4772,11795,6,-4,0.0896,374.36,324.34,18.72,22.88,416.50,966.00,9.00,24.00,0.0000,643.04,1,0,3.1908,ACCEPT,0,5932,126,18989,5,250,11795,0,0,0,0
77,0,1,1,ACCEPT,33.3046,6.8339,11850,7,-4,0.0734,378.41,321.47,18.72,22.88,421.00,970.00,8.00,20.00,0.0000,649.93,1,0,3.2516,ACCEPT,0,6165,120,20388,5,250,11850,0,0,0,0
78,0,1,1,ACCEPT,33.7916,6.7703,11523,4,-5,0.0213,380.72,317.88,18.72,22.88,425.50,973.00,11.00,22.00,0.0000,656.65,1,0,3.2290,ACCEPT,0,5835,120,21487,5,250,11523,0,0,0,0
79,0,1,1,ACCEPT,31.4586,6.3443,11331,1,-4,0.0304,381.30,315.00,18.72,22.88,425.00,977.00,12.00,22.00,0.0000,663.44,1,0,3.2640,ACCEPT,0,5741,93,21783,5,250,11331,0,0,0,0
80,0,1,1,ACCEPT,30.6729,6.4025,10833,0,-5,0.0120,381.30,311.41,18.72,22.88,426.00,979.50,12.00,23.00,0.0000,669.59,1,0,3.2512,ACCEPT,0,5370,85,21206,5,250,10833,0,0,0,0
81,0,1,1,ACCEPT,30.4521,5.8692,10811,0,-3,0.3884,381.30,309.25,18.72,22.88,426.50,985.00,9.00,20.00,0.0000,677.26,1,0,3.2608,ACCEPT,0,5418,77,22680,5,250,10811,0,0,0,0
82,0,1,1,ACCEPT,29.3106,5.6991,10834,-1,-3,0.2397,380.72,307.09,18.72,22.88,425.50,988.50,13.00,23.00,0.0000,682.88,1,0,3.2396,ACCEPT,0,5517,76,22316,5,250,10834,0,0,0,0
83,0,1,1,ACCEPT,29.0776,5.8548,9473,-3,-3,0.0889,378.98,304.94,18.72,22.88,425.00,994.00,12.00,20.00,0.0000,690.60,1,0,3.2775,ACCEPT,0,4895,103,19780,5,250,9473,0,0,0,0
84,0,1,1,ACCEPT,29.3181,5.8254,8639,-2,-3,0.2173,377.83,302.78,18.72,22.88,426.50,998.00,13.00,24.00,0.0000,696.92,1,0,3.2604,ACCEPT,0,4493,100,19990,5,250,8639,0,0,0,0
85,0,1,1,ACCEPT,27.3718,5.7822,7991,-4,-2,0.0533,375.52,301.34,18.72,22.88,425.00,1002.50,14.00,21.00,0.0000,702.90,1,0,3.2562,ACCEPT,0,4295,93,21873,5,250,7991,0,0,0,0
86,0,1,1,ACCEPT,27.5662,5.8760,9096,-5,-2,0.0349,372.62,299.91,18.72,22.88,425.50,1006.00,11.00,20.00,0.0000,708.07,1,0,3.2266,ACCEPT,0,4767,87,21484,5,250,9096,0,0,0,0
87,0,1,1,ACCEPT,29.1299,6.2269,9222,-4,-4,0.0284,370.31,297.03,18.72,22.88,430.00,1012.50,14.00,23.00,0.0000,717.95,1,0,3.2348,ACCEPT,0,4964,83,22288,5,250,9222,0,0,0,0
88,0,1,1,ACCEPT,30.7266,6.6486,10199,-2,-2,0.3477,369.16,295.59,18.72,22.88,433.00,1016.00,12.00,20.00,0.0000,723.23,1,0,3.2048,ACCEPT,0,5306,84,23245,5,250,10199,0,0,0,0
89,0,1,1,ACCEPT,29.0537,5.6404,9239,-4,-3,0.0068,366.84,293.44,18.72,22.88,435.50,1020.50,13.00,21.00,0.0000,730.30,1,0,3.1689,ACCEPT,0,4836,98,20618,5,250,9239,0,0,0,0
90,0,1,1,ACCEPT,27.4066,5.3779,7997,-4,-1,0.1541,364.53,292.72,18.72,22.88,438.00,1027.00,12.00,24.00,0.0000,737.95,1,0,3.2066,ACCEPT,0,4450,88,20743,5,250,7997,0,0,0,0
91,0,1,1,ACCEPT,26.0270,5.6228,7484,-5,-4,0.0711,361.64,289.84,18.72,22.88,442.50,1031.50,11.00,23.00,0.0000,746.05,1,0,3.2412,ACCEPT,0,4605,100,20172,5,250,7484,0,0,0,0
92,0,1,1,ACCEPT,26.9307,5.7826,7367,-4,-2,0.0369,359.33,288.41,18.72,22.88,446.00,1034.50,12.00,21.00,0.0000,751.11,1,0,3.2274,ACCEPT,0,4285,96,20055,5,250,7367,0,0,0,0
93,0,1,1,ACCEPT,26.2581,5.5365,7048,-3,-1,0.2340,357.59,287.69,18.72,22.88,449.00,1039.00,10.00,20.00,0.0000,756.85,1,0,3.2440,ACCEPT,0,4336,104,21203,5,250,7048,0,0,0,0
94,0,1,1,ACCEPT,25.0222,5.2884,6859,-5,-3,0.0181,354.70,285.53,18.72,22.88,450.50,1045.50,13.00,21.00,0.0000,765.98,1,0,3.2200,ACCEPT,0,4691,93,22651,5,250,6859,0,0,0,0
95,0,1,1,ACCEPT,23.6066,4.9444,7560,-6,-1,0.0275,351.23,284.81,18.72,22.88,451.50,1051.50,11.00,19.00,0.0000,773.22,1,0,3.2395,ACCEPT,0,5203,104,20365,5,250,7560,0,0,0,0
96,0,1,1,ACCEPT,25.1193,5.4976,6740,-6,-1,0.0331,347.77,284.09,18.72,22.88,452.50,1056.00,13.00,16.00,0.0000,778.98,1,0,3.2453,ACCEPT,0,4360,112,18019,5,250,6740,0,0,0,0
97,0,1,1,ACCEPT,24.7029,5.3315,5694,-7,-1,0.0804,343.72,283.38,18.72,22.88,453.00,1061.50,14.00,21.00,0.0000,785.76,1,0,3.2121,ACCEPT,0,3787,112,21024,5,250,5694,0,0,0,0
98,0,1,1,ACCEPT,26.0495,5.5617,6891,-5,-1,0.0402,340.83,282.66,18.72,22.88,453.00,1067.00,12.00,22.00,0.0000,792.32,1,0,3.2732,ACCEPT,0,4221,103,20232,5,250,6891,0,0,0,0
99,0,1,1,ACCEPT,25.7906,5.3888,7000,-4,-2,0.1436,338.52,281.22,18.72,22.88,451.50,1074.50,11.00,21.00,0.0000,801.29,1,0,3.2155,ACCEPT,0,4339,110,14698,5,250,7000,0,0,0,0
100,0,1,1,ACCEPT,24.0177,5.2343,4737,-6,-1,0.0646,335.05,280.50,18.72,22.88,453.50,1079.50,13.00,21.00,0.0000,807.73,1,0,3.2927,ACCEPT,0,3414,125,12427,5,250,4737,0,0,0,0
101,0,1,1,ACCEPT,27.2343,6.0735,5041,-5,-4,0.0327,332.16,277.62,18.72,22.88,454.00,1084.50,12.00,21.00,0.0000,816.02,1,0,3.1896,ACCEPT,0,3243,116,15700,5,250,5041,0,0,0,0
102,0,1,1,ACCEPT,26.7472,5.8397,5974,-5,-3,0.0137,329.27,275.47,18.72,22.88,456.50,1089.00,11.00,18.00,0.0000,823.42,1,0,3.2573,ACCEPT,0,3748,123,10666,5,250,5974,0,0,0,0
103,0,1,1,ACCEPT,24.8122,4.7141,3545,-4,-3,0.0150,326.95,273.31,18.72,22.88,456.50,1093.50,11.00,19.00,0.0000,830.36,1,0,3.3224,ACCEPT,0,2381,122,16276,5,250,3545,0,0,0,0
104,0,1,1,ACCEPT,21.3547,4.1210,5176,-8,-6,0.0272,322.33,269.00,18.72,22.88,458.00,1095.50,12.00,19.00,0.0000,837.56,1,0,3.2612,ACCEPT,0,4487,115,7511,5,250,5176,0,0,0,0
105,0,1,1,ACCEPT,20.6023,4.0397,2238,-9,-6,0.0550,317.12,264.69,18.72,22.88,462.00,1096.00,10.00,18.00,0.0000,843.84,1,0,3.2566,ACCEPT,0,1947,146,11500,5,250,2238,0,0,0,0
106,0,1,1,ACCEPT,19.5425,4.1841,3364,-10,-6,0.0137,311.34,260.38,18.72,22.88,466.50,1099.50,11.00,21.00,0.0000,853.35,1,0,3.2719,ACCEPT,0,2808,136,8762,5,250,3364,0,0,0,0
107,0,1,1,ACCEPT,20.4915,4.4205,2723,-9,-6,0.0650,306.14,256.06,18.72,22.88,470.00,1100.50,12.00,21.00,0.0000,860.19,1,0,3.2934,ACCEPT,0,2416,130,10100,5,250,2723,0,0,0,0
108,0,1,1,ACCEPT,20.9669,4.6470,3462,-8,-7,0.0786,301.52,251.03,18.72,22.88,473.00,1102.00,14.00,20.00,0.0000,868.08,1,0,3.2719,ACCEPT,0,2933,122,14969,5,250,3462,0,0,0,0
109,0,1,1,ACCEPT,21.1525,4.4503,5732,-6,-7,0.1071,298.05,246.00,18.72,22.88,473.50,1104.50,11.00,21.00,0.0000,876.25,1,0,3.2928,ACCEPT,0,4385,122,15426,5,250,5732,0,0,0,0
110,0,1,1,ACCEPT,23.1105,4.2922,8108,0,-7,0.0453,298.05,240.97,18.72,22.88,473.00,1106.50,12.00,21.00,0.0000,883.04,1,0,3.2907,ACCEPT,0,5682,102,19255,5,250,8108,0,0,0,0
111,0,1,1,ACCEPT,23.3911,4.7108,10849,2,-7,0.0101,299.20,235.94,18.72,22.88,470.00,1110.00,12.00,20.00,0.0000,890.59,1,0,3.2886,ACCEPT,0,7779,99,18721,5,250,10849,0,0,0,0
112,0,1,1,ACCEPT,25.2127,4.6172,11880,5,-6,0.0933,302.09,231.62,18.72,22.88,466.00,1115.00,12.00,22.00,0.0000,898.45,1,0,3.2858,ACCEPT,0,8143,121,18129,5,250,11880,0,0,0,0
113,0,1,1,ACCEPT,26.1568,4.7797,11653,5,-7,0.0602,304.98,226.59,18.72,22.88,461.50,1120.00,11.00,22.00,0.0000,907.01,1,0,3.2972,ACCEPT,0,7519,121,16668,5,250,11653,0,0,0,0
114,0,1,1,ACCEPT,29.6740,6.1667,11914,5,-6,0.0889,307.88,222.28,18.72,22.88,457.00,1125.00,12.00,22.00,0.0000,914.95,1,0,3.2949,ACCEPT,0,6865,116,18285,5,250,11914,0,0,0,0
115,0,1,1,ACCEPT,29.0686,6.0850,11665,7,-5,0.1094,311.92,218.69,18.72,22.88,451.50,1130.50,11.00,25.00,0.0000,922.43,1,0,3.3204,ACCEPT,0,7035,129,16051,5,250,11665,0,0,0,0
116,0,1,1,ACCEPT,31.6402,5.4022,12009,4,-7,0.0804,314.23,213.66,18.72,22.88,448.00,1134.50,10.00,21.00,0.0000,930.51,1,0,3.2486,ACCEPT,0,6443,109,16006,5,250,12009,0,0,0,0
117,0,1,1,ACCEPT,28.8539,5.5511,11624,11,-5,0.0389,320.59,210.06,18.72,22.88,442.00,1141.50,10.00,21.00,0.0000,939.32,1,0,3.3045,ACCEPT,0,6859,111,14329,5,250,11624,0,0,0,0
118,0,1,1,ACCEPT,26.9774,5.8460,9108,14,-2,0.0071,328.69,208.62,18.72,22.88,431.50,1149.50,9.00,21.00,0.0000,946.48,1,0,3.2817,ACCEPT,0,6208,94,11979,5,250,9108,0,0,0,0
119,0,1,1,ACCEPT,22.8960,4.2110,6447,18,-2,0.0186,339.09,207.19,18.72,22.88,418.50,1159.00,9.00,22.00,0.0000,955.12,1,0,3.2991,ACCEPT,0,5304,91,10915,5,250,6447,0,0,0,0
120,0,1,1,ACCEPT,23.7965,5.1709,6474,17,0,0.0496,348.92,207.19,18.72,22.88,406.50,1169.00,9.00,22.00,0.0000,963.53,1,0,3.3338,ACCEPT,0,4933,83,11839,5,250,6474,0,0,0,0
121,0,1,1,ACCEPT,28.7763,6.3431,9502,12,0,0.0126,355.86,207.19,18.72,22.88,396.50,1176.50,9.00,25.00,0.0000,970.16,1,0,3.2866,ACCEPT,0,6252,104,12648,5,250,9502,0,0,0,0
122,0,1,1,ACCEPT,30.0911,6.3358,10397,9,0,0.0727,361.06,207.19,18.72,22.88,387.00,1186.50,8.00,23.00,0.0000,979.66,1,0,3.2962,ACCEPT,0,6642,125,12701,5,250,10397,0,0,0,0
123,0,1,1,ACCEPT,27.1997,5.6916,11036,9,0,0.0892,366.27,207.19,18.72,22.88,378.50,1195.00,9.00,22.00,0.0000,987.89,1,0,3.2734,ACCEPT,0,7597,129,12221,5,250,11036,0,0,0,0
124,0,1,1,ACCEPT,29.2225,5.5917,11793,8,0,0.0629,370.89,207.19,18.72,22.88,369.50,1203.50,9.00,23.00,0.0000,996.31,1,0,3.3073,ACCEPT,0,7744,117,13407,5,250,11793,0,0,0,0
125,0,1,1,ACCEPT,27.1241,4.7738,11271,9,2,0.0580,376.09,208.62,18.72,22.88,359.00,1212.50,8.00,21.00,0.0000,1004.02,1,0,3.2829,ACCEPT,0,7477,114,12006,5,250,11271,0,0,0,0
126,0,1,1,ACCEPT,28.2823,5.0358,11522,9,0,0.0829,381.30,208.62,18.72,22.88,350.00,1221.50,8.00,23.00,0.0000,1013.36,1,0,3.3044,ACCEPT,0,7339,127,11703,5,250,11522,0,0,0,0
127,0,1,1,ACCEPT,29.8231,5.3426,12678,8,0,0.0579,385.92,208.62,18.72,22.88,342.00,1230.00,8.00,22.00,0.0000,1022.32,1,0,3.2753,ACCEPT,0,8431,136,12057,5,250,12678,0,0,0,0
128,0,1,1,ACCEPT,28.4190,5.1197,12364,8,0,0.0404,390.55,208.62,18.72,22.88,333.50,1237.00,7.00,20.00,0.0000,1029.96,1,0,3.3416,ACCEPT,0,8078,143,11339,5,250,12364,0,0,0,0
129,0,1,1,ACCEPT,26.5818,5.8325,10446,8,-1,0.0387,395.17,207.91,18.72,22.88,327.00,1243.50,6.00,23.00,0.0000,1037.84,1,0,3.3252,ACCEPT,0,7152,110,12253,5,250,10446,0,0,0,0
130,0,1,1,ACCEPT,26.0846,5.1010,10610,8,-2,0.0858,399.80,206.47,18.72,22.88,323.50,1249.50,7.00,21.00,0.0000,1045.82,1,0,3.3176,ACCEPT,0,7433,115,11625,5,250,10610,0,0,0,0
131,0,1,1,ACCEPT,27.0301,4.9023,10491,9,-2,0.1005,405.00,205.03,18.72,22.88,319.00,1254.00,6.00,22.00,0.0000,1052.49,1,0,3.2615,ACCEPT,0,6967,137,10765,5,250,10491,0,0,0,0
132,0,1,1,ACCEPT,24.6583,5.6009,11129,9,-6,0.1409,410.20,200.72,18.72,22.88,317.00,1259.00,6.00,22.00,0.0000,1062.38,1,0,3.2716,ACCEPT,0,7850,138,10218,5,250,11129,0,0,0,0
133,0,1,1,ACCEPT,25.5157,5.7461,10366,10,-6,0.1548,415.98,196.41,18.72,22.88,314.00,1262.00,6.00,18.00,0.0000,1070.46,1,0,3.3081,ACCEPT,0,6949,125,9800,5,250,10366,0,0,0,0
134,0,1,1,ACCEPT,24.3043,4.7186,9003,11,-6,0.0991,422.34,192.09,18.72,22.88,310.50,1265.50,5.00,19.00,0.0000,1079.22,1,0,3.2793,ACCEPT,0,6294,120,11159,5,250,9003,0,0,0,0
135,0,1,1,ACCEPT,18.4249,2.8453,7284,19,-6,0.0761,433.33,187.78,18.72,22.88,305.50,1268.00,5.00,22.00,0.0000,1087.76,1,0,3.3038,ACCEPT,0,5680,109,11836,5,250,7284,0,0,0,0
136,0,1,1,ACCEPT,14.6588,2.3379,4954,23,-6,0.0065,446.62,183.47,18.72,22.88,296.50,1268.50,5.00,21.00,0.0000,1095.37,1,0,3.3246,ACCEPT,0,5267,128,12298,5,250,4954,0,0,0,0
137,0,1,1,ACCEPT,12.8745,2.5644,3562,26,-4,0.0663,461.66,180.59,18.72,22.88,284.50,1269.00,5.00,20.00,0.0000,1102.73,1,0,3.3913,ACCEPT,0,4235,144,10438,5,250,3562,0,0,0,0
138,0,1,1,ACCEPT,7.6580,1.6833,1961,31,-4,0.1494,479.58,177.72,18.72,22.88,269.00,1268.50,6.00,21.00,0.0000,1110.92,1,0,3.3983,ACCEPT,0,3535,154,6780,5,250,1961,0,0,0,0
139,0,1,1,ACCEPT,7.0508,1.5927,1048,-31,-3,0.2653,461.66,175.56,18.72,22.88,251.00,1265.50,6.00,19.00,0.0000,1110.11,1,-6,1.3086,MAX_STEP,0,2319,147,7023,5,250,1048,0,0,0,0
140,0,1,0,NEGATIVE_PEAK,-4.1407,1.1471,-195,8,-21,0.1128,461.66,175.56,18.72,22.88,231.00,1264.00,6.00,18.00,0.0000,1112.61,0,0,0.0000,NOT_RUN,0,809,87,0,5,250,195,0,0,0,0
141,0,1,0,NEGATIVE_PEAK,-3.6810,1.0390,-213,12,8,0.5915,461.66,175.56,18.72,22.88,211.00,1260.50,6.00,19.00,0.0000,1113.52,0,0,0.0000,NOT_RUN,0,1338,151,0,5,250,213,0,0,0,0
142,0,1,0,NEGATIVE_PEAK,-3.5128,1.0826,-131,1,-16,0.3893,461.66,175.56,18.72,22.88,194.00,1257.50,6.00,19.00,0.0000,1114.55,0,0,0.0000,NOT_RUN,0,1093,108,0,5,250,131,0,0,0,0
143,0,1,0,NEGATIVE_PEAK,-5.5729,1.1416,-129,-3,-1,0.5814,461.66,175.56,18.72,22.88,179.00,1253.50,6.00,19.00,0.0000,1114.38,0,0,0.0000,NOT_RUN,0,474,334,0,5,250,129,0,0,0,0
144,0,1,0,LOW_PSR,4.6515,1.0594,107,9,-7,0.2523,461.66,175.56,18.72,22.88,163.50,1251.00,7.00,20.00,0.0000,1116.00,0,0,0.0000,NOT_RUN,0,660,455,0,5,250,107,0,0,0,0
145,0,1,1,ACCEPT,5.4518,1.3378,99,7,-7,0.5051,465.70,170.53,18.72,22.88,147.00,1246.50,8.00,19.00,0.0000,1122.18,1,-4,1.4814,MAX_STEP,0,389,467,1975,5,250,99,0,0,0,0
146,0,1,0,NEGATIVE_PEAK,-4.8843,1.1333,-17,10,-10,0.0588,465.70,170.53,18.72,22.88,131.00,1241.50,8.00,17.00,0.0000,1122.05,0,0,0.0000,NOT_RUN,0,118,426,0,5,250,17,0,0,0,0
147,0,1,0,LOW_PSR,4.1042,1.0000,12,2,3,0.3333,465.70,170.53,18.72,22.88,116.50,1236.50,9.00,15.00,0.0000,1121.71,0,0,0.0000,NOT_RUN,0,60,386,0,5,250,12,0,0,0,0
148,0,1,0,NEGATIVE_PEAK,-3.2599,1.0000,-11,1,-6,0.1818,465.70,170.53,18.72,22.88,102.50,1231.50,11.00,19.00,0.0000,1121.41,0,0,0.0000,NOT_RUN,0,109,344,0,5,250,11,0,0,0,0
149,0,1,0,NEGATIVE_PEAK,-4.1636,1.3000,-13,-2,-10,0.3077,465.70,170.53,18.72,22.88,88.00,1225.50,10.00,15.00,0.0000,1120.54,0,0,0.0000,NOT_RUN,0,97,299,0,5,250,13,0,0,0,0
150,0,1,0,NEGATIVE_PEAK,-4.2413,1.3333,-8,11,-1,0.3750,465.70,170.53,18.72,22.88,73.50,1219.50,15.00,17.00,0.0000,1119.89,0,0,0.0000,NOT_RUN,0,40,269,0,5,250,8,0,0,0,0
151,0,1,0,LOW_PSR,3.9324,1.0000,8,2,4,0.2500,465.70,170.53,18.72,22.88,61.50,1213.50,11.00,15.00,0.0000,1118.55,0,0,0.0000,NOT_RUN,0,73,237,0,5,250,8,0,0,0,0
152,0,1,0,LOW_PSR,4.3034,1.1429,8,3,2,0.0000,465.70,170.53,18.72,22.88,55.00,1206.50,12.00,15.00,0.0000,1114.41,0,0,0.0000,NOT_RUN,0,74,205,0,5,250,8,0,0,0,0
153,0,1,0,NEGATIVE_PEAK,-5.1150,1.1818,-13,9,-6,0.0769,465.70,170.53,18.72,22.88,50.00,1199.50,10.00,15.00,0.0000,1109.77,0,0,0.0000,NOT_RUN,0,75,189,0,5,250,13,0,0,0,0
154,0,1,0,NEGATIVE_PEAK,-3.0867,1.1250,-9,1,-15,0.2222,465.70,170.53,18.72,22.88,45.50,1194.00,11.00,16.00,0.0000,1106.37,0,0,0.0000,NOT_RUN,0,110,174,0,5,250,9,0,0,0,0
155,0,1,0,NEGATIVE_PEAK,-3.4177,1.1429,-8,-7,-9,0.2500,465.70,170.53,18.72,22.88,44.50,1186.50,13.00,15.00,0.0000,1099.82,0,0,0.0000,NOT_RUN,0,77,159,0,5,250,8,0,0,0,0
156,0,1,0,NEGATIVE_PEAK,-4.1229,1.2857,-9,-5,-9,0.3333,465.70,170.53,18.72,22.88,42.00,1180.50,14.00,15.00,0.0000,1095.24,0,0,0.0000,NOT_RUN,0,64,142,0,5,250,9,0,0,0,0
157,0,1,0,NEGATIVE_PEAK,-3.9913,1.0000,-7,21,-1,0.4286,465.70,170.53,18.72,22.88,44.50,1175.50,15.00,17.00,0.0000,1089.67,0,0,0.0000,NOT_RUN,0,49,127,0,5,250,7,0,0,0,0
158,0,1,0,LOW_PSR,4.6551,1.1667,7,1,3,0.0000,465.70,170.53,18.72,22.88,47.50,1170.50,15.00,17.00,0.0000,1083.90,0,0,0.0000,NOT_RUN,0,50,108,0,5,250,7,0,0,0,0
159,0,1,0,NEGATIVE_PEAK,-3.8928,1.2000,-6,14,0,0.3333,465.70,170.53,18.72,22.88,49.00,1164.50,12.00,13.00,0.0000,1077.78,0,0,0.0000,NOT_RUN,0,37,94,0,5,250,7,0,0,0,0
160,0,1,0,NEGATIVE_PEAK,-3.7024,1.2000,-6,-5,-1,0.6667,465.70,170.53,18.72,22.88,49.50,1158.50,13.00,13.00,0.0000,1072.06,0,0,0.0000,NOT_RUN,0,35,77,0,5,250,6,0,0,0,0
161,0,1,0,NEGATIVE_PEAK,-2.9878,1.0000,-8,2,5,0.2500,465.70,170.53,18.72,22.88,49.50,1152.00,13.00,12.00,0.0000,1066.07,0,0,0.0000,NOT_RUN,0,94,78,0,5,250,8,0,0,0,0
162,0,1,0,LOW_PSR,4.0096,1.0000,7,1,-5,0.2857,465.70,170.53,18.72,22.88,54.00,1145.00,12.00,12.00,0.0000,1057.87,0,0,0.0000,NOT_RUN,0,75,78,0,5,250,7,0,0,0,0
163,0,1,0,NEGATIVE_PEAK,-3.1245,1.0000,-6,-15,15,0.1667,465.70,170.53,18.72,22.88,57.00,1140.50,12.00,13.00,0.0000,1052.56,0,0,0.0000,NOT_RUN,0,73,78,0,5,250,6,0,0,0,0
164,0,1,0,NEGATIVE_PEAK,-5.9820,1.5714,-11,7,-1,0.2727,465.70,170.53,18.72,22.88,59.00,1134.50,12.00,13.00,0.0000,1046.25,0,0,0.0000,NOT_RUN,0,38,78,0,5,250,11,0,0,0,0
165,0,1,0,NEGATIVE_PEAK,-5.1109,1.2857,-9,2,-9,0.0000,465.70,170.53,18.72,22.88,63.00,1128.50,12.00,13.00,0.0000,1039.17,0,0,0.0000,NOT_RUN,0,38,78,0,5,250,9,0,0,0,0
166,0,1,0,NEGATIVE_PEAK,-3.7418,1.0000,-8,3,15,0.5000,465.70,170.53,18.72,22.88,70.50,1123.00,17.00,12.00,0.0000,1031.20,0,0,0.0000,NOT_RUN,0,51,78,0,5,250,8,0,0,0,0
167,0,1,0,NEGATIVE_PEAK,-2.6604,1.1429,-8,0,-15,0.3750,465.70,170.53,18.72,22.88,76.50,1120.00,13.00,16.00,0.0000,1026.14,0,0,0.0000,NOT_RUN,0,100,77,0,5,250,8,0,0,0,0
168,0,1,0,NEGATIVE_PEAK,-3.3023,1.0000,-9,0,-18,0.1111,465.70,170.53,18.72,22.88,81.50,1115.50,15.00,15.00,0.0000,1020.09,0,0,0.0000,NOT_RUN,0,92,78,0,5,250,9,0,0,0,0
169,0,1,0,LOW_PSR,4.5343,1.0000,10,1,2,0.2000,465.70,170.53,18.72,22.88,82.50,1110.50,11.00,11.00,0.0000,1015.08,0,0,0.0000,NOT_RUN,0,49,77,0,5,250,10,0,0,0,0
170,0,1,0,NEGATIVE_PEAK,-3.9212,1.3333,-8,-8,-11,0.0000,465.70,170.53,18.72,22.88,90.50,1108.00,11.00,12.00,0.0000,1009.76,0,0,0.0000,NOT_RUN,0,49,78,0,5,250,8,0,0,0,0
171,0,1,0,NEGATIVE_PEAK,-5.6701,1.5714,-11,1,-1,0.7273,465.70,170.53,18.72,22.88,102.50,1107.00,11.00,12.00,0.0000,1004.44,0,0,0.0000,NOT_RUN,0,36,77,0,5,250,12,0,0,0,0
172,0,1,0,NEGATIVE_PEAK,-3.5777,1.1429,-8,0,-14,0.3750,465.70,170.53,18.72,22.88,114.00,1106.00,12.00,16.00,0.0000,999.40,0,0,0.0000,NOT_RUN,0,54,76,0,5,250,8,0,0,0,0
173,0,1,0,NEGATIVE_PEAK,-2.8048,1.0000,-6,4,-8,0.1667,465.70,170.53,18.72,22.88,121.00,1104.50,14.00,13.00,0.0000,995.55,0,0,0.0000,NOT_RUN,0,58,74,0,5,250,6,0,0,0,0
174,0,1,0,LOW_PSR,4.7277,1.1250,9,9,3,0.5556,465.70,170.53,18.72,22.88,124.00,1101.00,14.00,14.00,0.0000,991.23,0,0,0.0000,NOT_RUN,0,30,74,0,5,250,9,0,0,0,0
175,0,1,0,NEGATIVE_PEAK,-4.0066,1.0000,-8,1,-5,0.5000,465.70,170.53,18.72,22.88,125.50,1098.50,15.00,15.00,0.0000,988.36,0,0,0.0000,NOT_RUN,0,55,77,0,5,250,9,0,0,0,0
176,0,1,0,NEGATIVE_PEAK,-4.6241,1.2222,-11,-1,-10,0.0909,465.70,170.53,18.72,22.88,129.00,1096.00,14.00,14.00,0.0000,984.82,0,0,0.0000,NOT_RUN,0,79,74,0,5,250,11,0,0,0,0
177,0,1,0,NEGATIVE_PEAK,-3.2616,1.0000,-9,-7,-10,0.0000,465.70,170.53,18.72,22.88,134.00,1094.50,14.00,15.00,0.0000,981.71,0,0,0.0000,NOT_RUN,0,97,75,0,5,250,9,0,0,0,0
178,0,1,0,NEGATIVE_PEAK,-3.1860,1.1667,-7,-6,16,0.4286,465.70,170.53,18.72,22.88,139.50,1093.50,15.00,15.00,0.0000,978.92,0,0,0.0000,NOT_RUN,0,81,74,0,5,250,7,0,0,0,0
179,0,1,0,NEGATIVE_PEAK,-5.2009,1.4286,-10,0,-2,0.5000,465.70,170.53,18.72,22.88,144.00,1090.50,14.00,15.00,0.0000,974.59,0,0,0.0000,NOT_RUN,0,47,69,0,5,250,10,0,0,0,0
180,0,1,0,NEGATIVE_PEAK,-3.3064,1.0000,-7,0,-6,0.5714,465.70,170.53,18.72,22.88,150.50,1088.00,13.00,14.00,0.0000,970.10,0,0,0.0000,NOT_RUN,0,57,66,0,5,250,7,0,0,0,0
181,0,1,0,NEGATIVE_PEAK,-5.4569,1.5714,-11,5,-5,0.3636,465.70,170.53,18.72,22.88,157.00,1086.00,14.00,14.00,0.0000,966.12,0,0,0.0000,NOT_RUN,0,41,65,0,5,250,11,0,0,0,0
182,0,1,0,NEGATIVE_PEAK,-4.1114,1.2222,-11,-2,-11,0.0000,465.70,170.53,18.72,22.88,165.50,1083.50,15.00,15.00,0.0000,961.06,0,0,0.0000,NOT_RUN,0,88,55,0,5,250,11,0,0,0,0
183,0,1,0,NEGATIVE_PEAK,-4.3792,1.1818,-13,5,-9,0.2308,465.70,170.53,18.72,22.88,173.50,1078.50,15.00,15.00,0.0000,953.83,0,0,0.0000,NOT_RUN,0,89,55,0,5,250,13,0,0,0,0
184,0,1,0,LOW_PSR,2.5017,1.0000,11,2,11,0.0909,465.70,170.53,18.72,22.88,179.00,1074.50,14.00,15.00,0.0000,948.34,0,0,0.0000,NOT_RUN,0,185,52,0,5,250,11,0,0,0,0
185,0,1,0,LOW_PSR,3.4136,1.0909,12,2,2,0.2500,465.70,170.53,18.72,22.88,179.50,1067.50,13.00,15.00,0.0000,941.52,0,0,0.0000,NOT_RUN,0,159,54,0,5,250,12,0,0,0,0
186,0,1,0,LOW_PSR,3.9771,1.0000,7,22,3,0.0000,465.70,170.53,18.72,22.88,174.50,1060.50,13.00,15.00,0.0000,936.40,0,0,0.0000,NOT_RUN,0,78,56,0,5,250,7,0,0,0,0
187,0,1,0,LOW_PSR,4.5200,1.4167,17,1,-7,0.2353,465.70,170.53,18.72,22.88,168.50,1053.00,17.00,20.00,0.0000,931.17,0,0,0.0000,NOT_RUN,0,138,54,0,5,250,17,0,0,0,0
188,0,1,0,NEGATIVE_PEAK,-2.5143,1.1429,-8,5,-7,0.1250,465.70,170.53,18.72,22.88,166.00,1041.50,14.00,15.00,0.0000,921.09,0,0,0.0000,NOT_RUN,0,132,59,0,5,250,8,0,0,0,0
189,0,1,0,NEGATIVE_PEAK,-2.5327,1.0000,-10,13,-9,0.0000,465.70,170.53,18.72,22.88,168.50,1031.00,13.00,16.00,0.0000,910.35,0,0,0.0000,NOT_RUN,0,164,56,0,5,250,10,0,0,0,0
190,0,1,0,LOW_PSR,4.1738,1.1667,7,1,2,0.1429,465.70,170.53,18.72,22.88,170.50,1019.00,13.00,16.00,0.0000,898.36,0,0,0.0000,NOT_RUN,0,64,63,0,5,250,7,0,0,0,0
191,0,1,0,LOW_PSR,4.8944,1.3750,11,0,-5,0.4545,465.70,170.53,18.72,22.88,173.00,1008.50,14.00,17.00,0.0000,887.62,0,0,0.0000,NOT_RUN,0,100,60,0,5,250,11,0,0,0,0
192,0,1,0,NEGATIVE_PEAK,-3.3274,1.2000,-12,-3,-5,0.7500,465.70,170.53,18.72,22.88,178.50,996.00,13.00,16.00,0.0000,874.00,0,0,0.0000,NOT_RUN,0,135,59,0,5,250,12,0,0,0,0
193,0,1,0,NEGATIVE_PEAK,-3.3717,1.2727,-14,-4,-7,0.2143,465.70,170.53,18.72,22.88,183.50,984.50,13.00,17.00,0.0000,861.50,0,0,0.0000,NOT_RUN,0,163,55,0,5,250,14,0,0,0,0
194,0,1,0,NEGATIVE_PEAK,-3.3565,1.2500,-5,15,-10,0.4000,465.70,170.53,18.72,22.88,191.00,972.50,12.00,17.00,0.0000,847.71,0,0,0.0000,NOT_RUN,0,44,56,0,5,250,5,0,0,0,0
195,0,1,0,NEGATIVE_PEAK,-4.9553,1.4167,-17,7,-4,0.1765,465.70,170.53,18.72,22.88,197.50,959.00,13.00,18.00,0.0000,832.84,0,0,0.0000,NOT_RUN,0,59,64,0,5,250,17,0,0,0,0
196,0,1,0,LOW_PSR,3.9138,1.1250,18,19,9,0.2222,465.70,170.53,18.72,22.88,203.00,945.50,14.00,23.00,0.0000,818.28,0,0,0.0000,NOT_RUN,0,119,144,0,5,250,18,0,0,0,0
197,0,1,0,LOW_PSR,2.8866,1.1000,33,-14,-6,0.0000,465.70,170.53,18.72,22.88,208.50,930.50,13.00,17.00,0.0000,802.31,0,0,0.0000,NOT_RUN,0,336,610,0,5,250,33,0,0,0,0
198,0,1,0,NEGATIVE_PEAK,-3.3650,1.1613,-36,7,12,0.3333,465.70,170.53,18.72,22.88,213.50,915.00,13.00,18.00,0.0000,786.03,0,0,0.0000,NOT_RUN,0,329,616,0,5,250,36,0,0,0,0
199,0,1,0,LOW_PSR,4.1124,1.4035,80,-13,-5,0.1875,465.70,170.53,18.72,22.88,218.00,900.50,12.00,17.00,0.0000,770.85,0,0,0.0000,NOT_RUN,0,674,858,0,5,250,80,0,0,0,0
200,0,1,0,NEGATIVE_PEAK,-2.5016,1.0270,-38,16,6,0.3947,465.70,170.53,18.72,22.88,221.50,884.50,13.00,17.00,0.0000,754.58,0,0,0.0000,NOT_RUN,0,526,556,0,5,250,38,0,0,0,0
201,0,1,0,NEGATIVE_PEAK,-5.5254,1.4255,-67,2,-1,0.6567,465.70,170.53,18.72,22.88,225.00,869.50,14.00,17.00,0.0000,739.25,0,0,0.0000,NOT_RUN,0,293,713,0,5,250,67,0,0,0,0
202,0,1,0,NEGATIVE_PEAK,-6.4275,1.6111,-87,1,-6,0.0000,465.70,170.53,18.72,22.88,227.50,854.00,15.00,18.00,0.0000,723.79,0,0,0.0000,NOT_RUN,0,318,448,0,5,250,87,0,0,0,0
203,0,1,0,NEGATIVE_PEAK,-4.8121,1.1250,-90,3,-4,0.0222,465.70,170.53,18.72,22.88,232.00,839.00,14.00,18.00,0.0000,708.14,0,0,0.0000,NOT_RUN,0,486,383,0,5,250,90,0,0,0,0
204,0,1,0,NEGATIVE_PEAK,-3.8359,1.0392,-53,3,-1,0.4717,465.70,170.53,18.72,22.88,236.00,823.00,14.00,16.00,0.0000,691.72,0,0,0.0000,NOT_RUN,0,333,228,0,5,250,53,0,0,0,0
205,0,1,0,LOW_PSR,4.9198,1.2747,116,-6,-5,0.3879,465.70,170.53,18.72,22.88,240.50,809.00,13.00,16.00,0.0000,677.02,0,0,0.0000,NOT_RUN,0,549,274,0,5,250,116,0,0,0,0
206,0,1,0,NEGATIVE_PEAK,-5.1672,1.2192,-89,2,-1,0.5281,465.70,170.53,18.72,22.88,244.00,795.50,12.00,19.00,0.0000,663.13,0,0,0.0000,NOT_RUN,0,365,280,0,5,250,89,0,0,0,0
207,0,1,0,LOW_PSR,4.4164,1.2692,132,3,-7,0.0909,465.70,170.53,18.72,22.88,248.50,785.00,13.00,24.00,0.0000,651.73,0,0,0.0000,NOT_RUN,0,1185,541,0,5,250,132,0,0,0,0
208,0,1,0,NEGATIVE_PEAK,-7.6909,1.2857,-9,31,5,0.3333,465.70,170.53,18.72,22.88,254.50,770.00,13.00,24.00,0.0000,635.59,0,0,0.0000,NOT_RUN,0,23,572,0,5,250,9,0,0,0,0
209,0,1,0,NEGATIVE_PEAK,-4.2998,1.5000,-3,-1,-1,0.6667,465.70,170.53,18.72,22.88,260.00,759.00,12.00,20.00,0.0000,623.39,0,0,0.0000,NOT_RUN,0,18,511,0,5,250,3,0,0,0,0
210,0,1,0,NEGATIVE_PEAK,-4.2598,1.0000,-3,0,-1,0.6667,465.70,170.53,18.72,22.88,264.50,749.50,11.00,21.00,0.0000,612.93,0,0,0.0000,NOT_RUN,0,16,447,0,5,250,4,0,0,0,0
211,0,1,0,NEGATIVE_PEAK,-2.3297,1.0000,-2,0,0,1.0000,465.70,170.53,18.72,22.88,269.50,739.00,11.00,22.00,0.0000,601.38,0,0,0.0000,NOT_RUN,0,15,399,0,5,250,3,0,0,0,0
212,0,1,0,NEGATIVE_PEAK,-2.5672,1.0000,-2,0,0,1.0000,465.70,170.53,18.72,22.88,274.50,732.00,11.00,20.00,0.0000,593.13,0,0,0.0000,NOT_RUN,0,14,351,0,5,250,3,0,0,0,0
213,0,1,0,NEGATIVE_PEAK,-3.1072,1.0000,-3,0,-1,0.6667,465.70,170.53,18.72,22.88,278.50,726.00,13.00,24.00,0.0000,586.17,0,0,0.0000,NOT_RUN,0,28,207,0,5,250,4,0,0,0,0
214,0,1,0,NEGATIVE_PEAK,-3.2467,1.0000,-3,-26,-1,0.6667,465.70,170.53,18.72,22.88,283.00,720.50,12.00,25.00,0.0000,579.52,0,0,0.0000,NOT_RUN,0,28,190,0,5,250,4,0,0,0,0
215,0,1,0,NEGATIVE_PEAK,-4.1991,1.5000,-3,-1,-1,0.6667,465.70,170.53,18.72,22.88,286.00,716.50,10.00,21.00,0.0000,574.78,0,0,0.0000,NOT_RUN,0,16,271,0,5,250,3,0,0,0,0
216,0,1,0,NEGATIVE_PEAK,-4.1918,1.5000,-3,-5,-1,0.6667,465.70,170.53,18.72,22.88,288.00,712.50,10.00,21.00,0.0000,570.36,0,0,0.0000,NOT_RUN,0,17,239,0,5,250,3,0,0,0,0
217,0,1,0,NEGATIVE_PEAK,-2.9932,1.0000,-3,0,-1,0.6667,465.70,170.53,18.72,22.88,290.50,707.50,11.00,23.00,0.0000,564.83,0,0,0.0000,NOT_RUN,0,28,207,0,5,250,4,0,0,0,0
218,0,1,0,NEGATIVE_PEAK,-2.9614,1.0000,-3,0,-1,0.6667,465.70,170.53,18.72,22.88,292.50,704.00,11.00,26.00,0.0000,560.88,0,0,0.0000,NOT_RUN,0,32,190,0,5,250,4,0,0,0,0
219,0,1,1,ACCEPT,6.6842,1.2941,66,9,4,0.0455,470.91,173.41,18.72,22.88,294.00,701.50,10.00,27.00,0.0000,556.94,1,0,2.8904,ACCEPT,0,278,143,3120,5,250,66,0,0,0,0
220,0,1,0,NEGATIVE_PEAK,-3.9175,1.2333,-111,7,2,0.5946,470.91,173.41,18.72,22.88,294.50,697.50,11.00,27.00,0.0000,552.99,0,0,0.0000,NOT_RUN,0,806,167,0,5,250,111,0,0,0,0
221,0,1,0,NEGATIVE_PEAK,-4.7798,1.2589,-355,16,9,0.2366,470.91,173.41,18.72,22.88,295.00,693.50,10.00,27.00,0.0000,549.04,0,0,0.0000,NOT_RUN,0,1579,90,0,5,250,355,0,0,0,0
222,0,1,0,NEGATIVE_PEAK,-3.4399,1.1292,-778,-6,-5,0.2763,470.91,173.41,18.72,22.88,295.50,689.50,9.00,27.00,0.0000,545.09,0,0,0.0000,NOT_RUN,0,7968,170,0,5,250,778,0,0,0,0
223,0,1,0,NEGATIVE_PEAK,-4.3815,1.0028,-1080,15,5,0.0056,470.91,173.41,18.72,22.88,294.00,683.00,12.00,32.00,0.0000,539.43,0,0,0.0000,NOT_RUN,0,8070,128,0,5,250,1080,0,0,0,0
224,0,1,0,NEGATIVE_PEAK,-5.0784,1.1426,-1314,0,1,0.9239,470.91,173.41,18.72,22.88,294.00,679.50,12.00,31.00,0.0000,536.12,0,0,0.0000,NOT_RUN,0,5578,150,0,5,250,1314,0,0,0,0
225,0,1,0,NEGATIVE_PEAK,-3.7314,1.0431,-605,17,4,0.0661,470.91,173.41,18.72,22.88,294.00,673.00,14.00,30.00,0.0000,529.99,0,0,0.0000,NOT_RUN,0,4549,264,0,5,250,605,0,0,0,0
226,0,1,1,ACCEPT,7.5401,1.9806,1634,2,-8,0.3562,472.06,167.66,18.72,22.88,294.50,668.50,13.00,27.00,0.0000,531.39,1,0,3.1065,ACCEPT,0,3553,646,5878,5,250,1634,0,0,0,0
227,0,1,1,ACCEPT,7.2231,1.7059,2001,10,-6,0.0305,477.84,163.34,19.47,23.80,291.50,661.50,13.00,29.00,0.0000,531.87,1,1,3.0865,ACCEPT,0,5770,466,4780,5,250,2001,0,0,0,0
228,0,1,1,ACCEPT,7.5145,1.8037,781,0,-24,0.2778,477.84,145.34,19.47,23.80,291.00,656.00,18.00,30.00,0.0000,543.77,1,0,3.4225,ACCEPT,0,2362,239,8188,5,250,781,0,0,0,0
229,0,1,1,ACCEPT,5.1549,1.2577,903,-12,-11,0.1163,470.53,137.09,19.47,23.80,290.00,649.00,18.00,28.00,0.0000,542.81,1,0,3.6746,ACCEPT,0,3333,433,3946,5,250,903,0,0,0,0
230,0,1,1,ACCEPT,5.9548,1.6304,838,-12,-11,0.0167,463.22,128.84,19.47,23.80,286.50,640.00,19.00,28.00,0.0000,540.84,1,0,3.4528,ACCEPT,0,2622,343,4268,5,250,838,0,0,0,0
231,0,1,1,ACCEPT,10.1127,2.3976,1628,-8,-12,0.1468,458.34,119.84,19.47,23.80,284.50,631.00,19.00,26.00,0.0000,539.91,1,0,3.4877,ACCEPT,0,3148,191,7514,5,250,1628,0,0,0,0
232,0,1,1,ACCEPT,10.0151,2.6350,2137,-8,-12,0.1156,453.47,110.84,19.47,23.80,282.50,622.00,21.00,28.00,0.0000,538.99,1,0,3.5868,ACCEPT,0,4074,159,7259,5,250,2137,0,0,0,0
233,0,1,1,ACCEPT,10.2955,2.8071,1965,-9,-14,0.0377,447.98,100.34,19.47,23.80,281.50,610.00,23.00,28.00,0.0000,536.16,1,0,3.5422,ACCEPT,0,3861,161,6817,5,250,1965,0,0,0,0
234,0,1,1,ACCEPT,11.7878,2.7866,2207,-7,-14,0.1482,443.72,89.84,19.47,23.80,280.00,598.50,22.00,27.00,0.0000,534.35,1,0,3.4431,ACCEPT,0,3845,83,8794,5,250,2207,0,0,0,0
235,0,1,1,ACCEPT,14.5612,2.7140,3520,-2,-15,0.0318,442.50,78.59,19.47,23.80,280.00,587.50,24.00,27.00,0.0000,534.22,1,0,3.2912,ACCEPT,0,4799,84,9273,5,250,3520,0,0,0,0
236,0,1,1,ACCEPT,15.4353,2.6356,4694,3,-12,0.1700,444.33,69.59,19.47,23.80,277.50,577.00,25.00,28.00,0.0000,534.13,1,0,3.3409,ACCEPT,0,5495,120,6686,5,250,4694,0,0,0,0
237,0,1,1,ACCEPT,15.2058,2.7371,4601,12,-8,0.1958,451.64,63.59,19.47,23.80,275.00,569.00,24.00,30.00,0.0000,535.39,1,0,3.4266,ACCEPT,0,5230,186,6271,5,250,4601,0,0,0,0
238,0,1,1,ACCEPT,17.6400,2.9024,4934,8,-8,0.0126,456.52,57.59,19.47,23.80,272.00,560.00,24.00,28.00,0.0000,535.22,1,0,3.3517,ACCEPT,0,4721,153,6365,5,250,4934,0,0,0,0
239,0,1,1,ACCEPT,19.1692,3.5243,4356,3,-10,0.1545,458.34,50.09,19.47,23.80,270.00,551.50,24.00,29.00,0.0000,535.61,1,0,3.3465,ACCEPT,0,4231,128,5676,5,250,4356,0,0,0,0
240,0,1,1,ACCEPT,19.9940,3.7426,3896,2,-7,0.0429,459.56,44.84,19.47,23.80,266.50,545.50,25.00,29.00,0.0000,536.59,1,0,3.3773,ACCEPT,0,3538,123,5172,5,250,3896,0,0,0,0
241,0,1,1,ACCEPT,21.3637,4.0296,3405,1,-5,0.0620,460.17,41.09,19.47,23.80,263.50,542.50,25.00,29.00,0.0000,538.60,1,0,3.3314,ACCEPT,0,2949,118,5753,5,250,3405,0,0,0,0
242,0,1,1,ACCEPT,20.5554,3.7994,3522,1,-3,0.3120,460.78,38.84,19.47,23.80,261.00,540.00,26.00,32.00,0.0000,539.51,1,0,3.3968,ACCEPT,0,3223,118,4416,5,250,3522,0,0,0,0
243,0,1,1,ACCEPT,19.3076,3.0883,2029,-5,-3,0.2050,457.73,36.59,19.47,23.80,255.50,539.00,25.00,28.00,0.0000,541.58,1,0,3.3718,ACCEPT,0,2103,109,5671,5,250,2029,0,0,0,0
244,0,1,1,ACCEPT,17.7768,2.7403,2110,-7,-4,0.1569,453.47,33.59,19.47,23.80,249.50,539.00,25.00,28.00,0.0000,545.01,1,0,3.3688,ACCEPT,0,2309,87,6064,5,250,2110,0,0,0,0
245,0,1,1,ACCEPT,10.5090,1.5489,1346,-12,-3,0.0958,446.16,31.34,19.47,23.80,242.00,540.00,26.00,28.00,0.0000,548.10,1,0,3.3313,ACCEPT,0,2376,142,3847,5,250,1346,0,0,0,0
246,0,1,1,ACCEPT,11.3869,1.6192,1182,-11,-1,0.0034,439.45,30.59,19.47,23.80,235.00,541.50,26.00,29.00,0.0000,550.30,1,0,3.4295,ACCEPT,0,1998,130,3615,5,250,1182,0,0,0,0
247,0,1,1,ACCEPT,12.7756,1.8350,1090,-12,-3,0.1211,432.14,28.34,19.47,23.80,227.50,543.00,29.00,32.00,0.0000,553.85,1,0,3.4176,ACCEPT,0,1614,120,3407,5,250,1090,0,0,0,0
248,0,1,1,ACCEPT,9.9540,1.3480,887,-14,-2,0.2356,423.61,26.84,19.47,23.80,220.00,546.00,26.00,30.00,0.0000,557.66,1,0,3.4165,ACCEPT,0,1643,133,2977,5,250,887,0,0,0,0
249,0,1,1,ACCEPT,12.0134,2.3651,745,-12,-3,0.1678,416.30,24.59,19.47,23.80,213.50,548.00,27.00,30.00,0.0000,561.32,1,0,3.3216,ACCEPT,0,1314,123,3774,5,250,745,0,0,0,0
250,0,1,1,ACCEPT,18.3443,3.9944,1414,-8,-4,0.0898,411.42,21.59,19.47,23.80,207.50,550.50,25.00,29.00,0.0000,566.86,1,0,3.4112,ACCEPT,0,1689,82,6628,5,250,1414,0,0,0,0
0,0,0,0,ZERO_RESPONSE,0.0000,0.0000,0,0,0,0.0000,323.00,485.50,14.00,19.00,323.00,485.50,14.00,19.00,1.0000,0.00,1,0,0.0000,NOT_RUN,0,0,401,12876,6,300,0,0,0,0,0
1,0,1,1,ACCEPT,6.4060,1.6494,701,-7,0,0.4322,319.94,485.50,14.00,19.00,319.00,486.50,16.00,21.00,0.7917,1.37,1,0,2.9889,ACCEPT,0,1393,296,2427,6,300,701,0,0,0,0
2,0,1,1,ACCEPT,5.0271,1.3120,164,-9,-1,0.0244,316.00,484.91,14.00,19.00,315.50,485.00,15.00,20.00,0.8867,0.51,1,0,3.2125,ACCEPT,0,448,280,6546,6,300,164,0,0,0,0
3,0,1,1,ACCEPT,8.8114,1.9126,744,-4,-1,0.0847,314.25,484.31,14.00,19.00,314.00,484.00,16.00,20.00,0.8313,0.40,1,0,3.2182,ACCEPT,0,1287,292,2664,6,300,744,0,0,0,0
4,0,1,1,ACCEPT,7.6020,1.5271,197,-5,-1,0.1523,312.06,483.72,14.00,19.00,311.50,483.00,15.00,20.00,0.8604,0.91,1,0,3.1761,ACCEPT,0,325,172,2300,6,300,197,0,0,0,0
5,0,1,1,ACCEPT,8.2505,1.3405,374,-2,-3,0.4893,311.19,481.94,14.00,19.00,310.50,481.50,15.00,19.00,0.8703,0.81,1,0,3.1940,ACCEPT,0,684,259,8990,6,300,374,0,0,0,0
6,0,1,1,ACCEPT,9.9837,2.2834,1555,-4,-3,0.2965,309.44,480.16,14.00,19.00,308.00,479.50,14.00,21.00,0.7429,1.58,1,0,3.1917,ACCEPT,0,2450,293,9891,6,300,1555,0,0,0,0
7,0,1,1,ACCEPT,11.2266,3.0529,1615,-6,-3,0.1319,306.81,478.38,14.00,19.00,305.50,477.50,13.00,19.00,0.7562,1.58,1,0,3.0982,ACCEPT,0,2129,112,9958,6,300,1615,0,0,0,0
8,0,1,1,ACCEPT,10.3084,2.6878,1610,-7,-3,0.0130,303.75,476.59,14.00,19.00,303.00,476.00,14.00,20.00,0.8478,0.96,1,0,3.0244,ACCEPT,0,2738,188,4871,6,300,1610,0,0,0,0
9,0,1,1,ACCEPT,10.6803,1.8901,894,-6,-5,0.1376,301.12,473.62,14.00,19.00,299.50,474.00,15.00,20.00,0.7612,1.67,1,0,3.2783,ACCEPT,0,1095,223,4750,6,300,894,0,0,0,0
10,0,1,1,ACCEPT,12.5460,2.5460,830,-3,-2,0.3542,299.81,472.44,14.00,19.00,299.50,472.50,19.00,23.00,0.6087,0.32,1,0,3.1749,ACCEPT,0,1097,165,3478,6,300,830,0,0,0,0
11,0,1,1,ACCEPT,10.1219,2.2148,629,-6,0,0.0254,297.19,472.44,14.00,19.00,296.00,472.00,16.00,20.00,0.8111,1.27,1,0,3.0877,ACCEPT,0,952,210,8224,6,300,629,0,0,0,0
12,0,1,1,ACCEPT,10.6270,3.1136,1918,-7,-4,0.1058,294.12,470.06,14.00,19.00,294.00,469.00,18.00,20.00,0.7017,1.07,1,0,3.0941,ACCEPT,0,2613,224,3778,6,300,1918,0,0,0,0
13,0,1,1,ACCEPT,11.7924,2.4153,855,-9,-3,0.0737,290.19,468.28,14.00,19.00,290.00,468.50,18.00,21.00,0.7037,0.29,1,0,3.1026,ACCEPT,0,1040,163,4689,6,300,855,0,0,0,0
14,0,1,1,ACCEPT,13.8798,3.0927,1401,-8,-1,0.1335,286.69,467.69,14.00,19.00,286.00,468.00,18.00,18.00,0.7456,0.76,1,0,3.1365,ACCEPT,0,1290,140,2480,6,300,1401,0,0,0,0
15,0,1,1,ACCEPT,10.9744,1.6196,745,-8,-2,0.3248,283.19,466.50,14.00,19.00,281.50,467.00,19.00,20.00,0.7000,1.76,1,0,3.0625,ACCEPT,0,808,227,4085,6,300,745,0,0,0,0
16,0,1,1,ACCEPT,11.2649,2.8729,1198,-8,-1,0.0225,279.69,465.91,14.00,19.00,278.00,467.00,18.00,20.00,0.6996,2.01,1,0,2.9759,ACCEPT,0,1511,128,4228,6,300,1198,0,0,0,0
17,0,1,1,ACCEPT,13.9841,2.9060,1514,-8,1,0.0396,276.19,466.50,14.00,19.00,274.50,466.50,19.00,21.00,0.6667,1.69,1,0,3.0782,ACCEPT,0,1762,185,1410,6,300,1514,0,0,0,0
18,0,1,1,ACCEPT,17.1178,4.4109,569,-5,0,0.1494,274.00,466.50,14.00,19.00,271.50,467.00,19.00,20.00,0.7000,2.55,1,0,3.0359,ACCEPT,0,520,189,1228,6,300,569,0,0,0,0
19,0,1,1,ACCEPT,14.0228,2.9860,427,-5,1,0.2201,271.81,467.09,14.00,19.00,270.00,468.00,20.00,20.00,0.6417,2.03,1,0,3.0569,ACCEPT,0,502,172,1449,6,300,427,0,0,0,0
20,0,1,1,ACCEPT,10.7288,2.7550,416,-4,2,0.1322,270.06,468.28,14.00,19.00,268.50,469.00,19.00,20.00,0.6864,1.72,1,0,2.9745,ACCEPT,0,582,151,1468,6,300,416,0,0,0,0
21,0,1,1,ACCEPT,8.2418,1.5409,339,-6,2,0.1386,267.44,469.47,14.00,19.00,265.50,469.50,19.00,19.00,0.7347,1.94,1,0,2.9477,ACCEPT,0,546,169,1467,6,300,339,0,0,0,0
22,0,1,1,ACCEPT,6.9399,1.6701,324,-7,2,0.0679,264.38,470.66,14.00,19.00,262.50,472.00,19.00,20.00,0.6487,2.31,1,0,3.1579,ACCEPT,0,587,189,1378,6,300,324,0,0,0,0
23,0,1,1,ACCEPT,6.3053,1.1838,277,-10,0,0.3574,260.00,470.66,14.00,19.00,257.50,473.00,19.00,18.00,0.5924,3.43,1,0,2.7575,ACCEPT,0,542,187,1651,6,300,277,0,0,0,0
24,0,1,1,ACCEPT,7.7407,1.6635,351,-11,2,0.0085,255.19,471.84,14.00,19.00,253.50,475.00,19.00,20.00,0.5485,3.58,1,0,2.9381,ACCEPT,0,493,167,7972,6,300,351,0,0,0,0
25,0,1,1,ACCEPT,10.3965,2.2565,2076,-8,3,0.1797,251.69,473.62,14.00,19.00,250.50,476.50,19.00,19.00,0.5626,3.11,1,0,2.8941,ACCEPT,0,3111,139,3602,6,300,2076,0,0,0,0
26,0,1,1,ACCEPT,10.7038,2.5567,1015,-10,2,0.1823,247.31,474.81,14.00,19.00,247.00,478.50,20.00,19.00,0.4967,3.70,1,0,3.0926,ACCEPT,0,1215,114,7408,6,300,1015,0,0,0,0
27,0,1,1,ACCEPT,10.0796,1.9130,1846,-5,3,0.0065,245.12,476.59,14.00,19.00,243.00,481.00,20.00,20.00,0.4647,4.89,1,0,3.0525,ACCEPT,0,3240,118,6292,6,300,1846,0,0,0,0
28,0,1,1,ACCEPT,7.6638,1.5665,1142,-6,3,0.2364,242.50,478.38,14.56,19.76,240.50,483.50,19.00,19.00,0.4705,5.50,1,1,2.1640,ACCEPT,0,2132,121,10686,6,300,1142,0,0,0,0
29,0,1,1,ACCEPT,6.3853,1.1047,2090,9,-5,0.0517,246.58,475.25,14.56,19.76,236.50,486.00,19.00,18.00,0.0947,14.74,1,0,3.2184,ACCEPT,0,3852,194,6361,6,300,2090,0,0,0,0
30,0,1,1,ACCEPT,11.2798,2.2772,2703,6,-9,0.0163,249.30,469.62,14.56,19.76,233.50,486.50,21.00,17.00,0.0047,23.12,1,0,3.2079,ACCEPT,0,3667,245,3095,6,300,2703,0,0,0,0
31,0,1,1,ACCEPT,14.7133,2.7035,1687,7,-10,0.1156,252.47,463.38,14.56,19.76,231.00,491.50,22.00,19.00,0.0000,35.38,1,0,3.2394,ACCEPT,0,1768,234,2561,6,300,1687,0,0,0,0
32,0,1,1,ACCEPT,15.4006,3.1317,1284,7,-7,0.0888,255.64,459.00,14.00,19.00,229.00,493.00,20.00,20.00,0.0000,43.19,1,-1,2.8127,ACCEPT,0,1435,233,3594,6,300,1284,0,0,0,0
33,0,1,1,ACCEPT,17.7650,4.0775,2104,7,-9,0.0442,258.70,453.66,14.00,19.00,226.00,496.50,20.00,19.00,0.0000,53.90,1,0,2.9935,ACCEPT,0,1977,217,2894,6,300,2104,0,0,0,0
34,0,1,1,ACCEPT,18.3351,3.8391,1455,10,-9,0.1010,263.08,448.31,14.00,19.00,226.00,501.00,18.00,18.00,0.0000,64.43,1,0,3.0306,ACCEPT,0,1495,211,3494,6,300,1455,0,0,0,0
35,0,1,1,ACCEPT,19.9751,4.1913,1840,11,-7,0.0554,267.89,444.16,13.46,18.27,225.50,504.50,17.00,17.00,0.0000,73.75,1,-1,2.8236,ACCEPT,0,1674,209,3502,6,300,1840,0,0,0,0
36,0,1,1,ACCEPT,20.1245,4.0082,1960,10,-10,0.0051,272.11,438.38,13.46,18.27,224.50,508.50,19.00,19.00,0.0000,84.76,1,0,3.2440,ACCEPT,0,1674,208,3432,6,300,1960,0,0,0,0
37,0,1,1,ACCEPT,23.4551,4.2531,2067,12,-8,0.0053,277.17,433.75,13.46,18.27,224.00,512.50,18.00,17.00,0.0000,95.02,1,0,3.0656,ACCEPT,0,1582,200,3480,6,300,2067,0,0,0,0
38,0,1,1,ACCEPT,24.1696,5.0616,2055,11,-9,0.0783,281.81,428.55,13.46,18.27,223.00,517.00,18.00,18.00,0.0000,106.22,1,0,3.2765,ACCEPT,0,1581,208,3360,6,300,2055,0,0,0,0
39,0,1,1,ACCEPT,26.2081,5.1197,2309,11,-8,0.0576,286.45,423.92,13.46,18.27,223.00,521.50,18.00,19.00,0.0000,116.39,1,0,3.2867,ACCEPT,0,1625,199,3979,6,300,2309,0,0,0,0
40,0,1,1,ACCEPT,25.3025,4.6306,2394,12,-7,0.0564,291.52,419.88,13.46,18.27,221.00,526.50,20.00,19.00,0.0000,127.83,1,0,3.3051,ACCEPT,0,1707,209,5009,6,300,2394,0,0,0,0
41,0,1,1,ACCEPT,27.2980,5.1435,3477,8,-7,0.0000,294.89,415.83,13.46,18.27,222.00,533.50,20.00,21.00,0.0000,138.42,1,0,3.1817,ACCEPT,0,2240,210,5595,6,300,3477,0,0,0,0
42,0,1,1,ACCEPT,28.7783,5.3001,3938,10,-6,0.0274,299.11,412.36,13.46,18.27,221.50,539.50,19.00,21.00,0.0000,148.96,1,0,3.2521,ACCEPT,0,2467,201,4795,6,300,3938,0,0,0,0
43,0,1,1,ACCEPT,27.6998,5.5465,3339,9,-5,0.0012,302.91,409.47,13.46,18.27,219.50,545.00,19.00,20.00,0.0000,159.14,1,0,3.0610,ACCEPT,0,2249,224,6060,6,300,3339,0,0,0,0
44,0,1,1,ACCEPT,25.5585,4.4336,4141,8,-6,0.0155,306.28,406.00,13.46,18.27,219.00,552.00,18.00,22.00,0.0000,170.10,1,0,3.2909,ACCEPT,0,3075,206,5381,6,300,4141,0,0,0,0
45,0,1,1,ACCEPT,27.8611,5.6406,3830,11,-5,0.0389,310.92,403.11,13.46,18.27,219.50,559.50,19.00,23.00,0.0000,181.15,1,0,3.2664,ACCEPT,0,2379,172,6150,6,300,3830,0,0,0,0
46,0,1,1,ACCEPT,27.5200,4.8823,4355,8,-5,0.0971,314.30,400.22,13.46,18.27,220.50,567.00,17.00,20.00,0.0000,191.35,1,0,3.2832,ACCEPT,0,2780,195,5745,6,300,4355,0,0,0,0
47,0,1,1,ACCEPT,29.1150,5.1009,4147,8,-4,0.1059,317.67,397.91,13.46,18.27,220.50,574.50,17.00,19.00,0.0000,201.56,1,0,3.2825,ACCEPT,0,2488,197,6496,6,300,4147,0,0,0,0
48,0,1,1,ACCEPT,31.6459,6.2924,4971,6,-5,0.0402,320.20,395.02,13.46,18.27,222.50,582.50,17.00,21.00,0.0000,211.41,1,0,3.3446,ACCEPT,0,2787,223,6372,6,300,4971,0,0,0,0
49,0,1,1,ACCEPT,35.3109,6.4035,5110,7,-5,0.0487,323.16,392.12,13.46,18.27,222.50,591.00,17.00,22.00,0.0000,222.90,1,0,3.1476,ACCEPT,0,2473,205,6647,6,300,5110,0,0,0,0
50,0,1,1,ACCEPT,29.3849,4.5182,4952,5,-5,0.0624,325.27,389.23,13.46,18.27,223.00,598.00,18.00,22.00,0.0000,232.47,1,0,3.2192,ACCEPT,0,2769,214,7547,6,300,4952,0,0,0,0
51,0,1,1,ACCEPT,30.6522,5.2234,5401,6,-4,0.1198,327.80,386.92,13.46,18.27,224.50,606.50,19.00,21.00,0.0000,242.66,1,0,3.2776,ACCEPT,0,2787,207,9129,6,300,5401,0,0,0,0
52,0,1,1,ACCEPT,31.0419,4.9671,6040,5,-5,0.0283,329.91,384.03,13.46,18.27,225.00,614.50,18.00,21.00,0.0000,253.22,1,0,3.3369,ACCEPT,0,3301,209,10615,6,300,6040,0,0,0,0
53,0,1,1,ACCEPT,30.6717,5.3428,5861,6,-5,0.0319,332.44,381.14,13.46,18.27,226.00,622.50,18.00,21.00,0.0000,263.79,1,0,3.2703,ACCEPT,0,3211,196,13208,6,300,5861,0,0,0,0
54,0,1,1,ACCEPT,33.9464,5.4892,7652,3,-5,0.0299,333.70,378.25,13.46,18.27,226.00,630.00,18.00,22.00,0.0000,273.82,1,0,3.2572,ACCEPT,0,3514,226,12440,6,300,7652,0,0,0,0
55,0,1,1,ACCEPT,23.7885,3.4966,6717,-3,-7,0.0283,332.44,374.20,13.46,18.27,225.50,637.00,19.00,22.00,0.0000,283.72,1,0,3.2796,ACCEPT,0,3447,239,9781,6,300,6717,0,0,0,0
56,0,1,1,ACCEPT,29.1668,4.7602,6193,1,-6,0.0648,332.86,370.73,13.46,18.27,225.50,643.00,19.00,22.00,0.0000,292.67,1,0,3.3149,ACCEPT,0,3363,237,9360,6,300,6193,0,0,0,0
57,0,1,1,ACCEPT,34.1429,5.9981,6484,0,-7,0.0213,332.86,366.69,13.46,18.27,226.00,649.50,18.00,19.00,0.0000,302.33,1,0,3.2728,ACCEPT,0,3060,243,12755,6,300,6484,0,0,0,0
58,0,1,1,ACCEPT,31.8211,5.2586,9355,0,-8,0.0466,332.86,362.06,13.46,18.27,226.50,656.00,17.00,20.00,0.0000,312.59,1,0,3.3054,ACCEPT,0,5347,235,13697,6,300,9355,0,0,0,0
59,0,1,1,ACCEPT,24.0431,3.6650,7132,-2,-8,0.0004,332.02,357.44,13.46,18.27,228.00,662.00,18.00,22.00,0.0000,321.83,1,0,3.3426,ACCEPT,0,4761,248,11829,6,300,7132,0,0,0,0
60,0,1,1,ACCEPT,28.5964,3.9482,7470,0,-9,0.2036,332.02,352.23,13.46,18.27,230.00,667.00,18.00,22.00,0.0000,330.88,1,0,3.2917,ACCEPT,0,3983,260,12683,6,300,7470,0,0,0,0
61,0,1,1,ACCEPT,26.1177,3.6831,6335,-1,-10,0.1394,331.59,346.45,13.46,18.27,232.50,672.50,17.00,21.00,0.0000,340.77,1,0,3.3106,ACCEPT,0,3892,222,11730,6,300,6335,0,0,0,0
62,0,1,1,ACCEPT,27.1230,3.5898,6397,2,-10,0.2326,332.44,340.67,13.46,18.27,235.00,676.50,18.00,21.00,0.0000,349.68,1,0,3.2706,ACCEPT,0,3636,231,16547,6,300,6397,0,0,0,0
63,0,1,1,ACCEPT,23.0630,3.1821,7497,5,-12,0.1325,334.55,333.73,13.46,18.27,237.50,680.00,19.00,20.00,0.0000,359.61,1,0,3.2827,ACCEPT,0,5255,224,13525,6,300,7497,0,0,0,0
64,0,1,1,ACCEPT,30.1891,3.9377,8718,4,-10,0.0685,336.23,327.95,13.46,18.27,240.00,684.50,20.00,21.00,0.0000,369.31,1,0,3.3932,ACCEPT,0,4514,238,17425,6,300,8718,0,0,0,0
65,0,1,1,ACCEPT,29.8478,3.9345,10635,7,-10,0.0199,339.19,322.17,13.46,18.27,242.00,687.00,20.00,20.00,0.0000,377.55,1,0,3.2220,ACCEPT,0,5770,230,16512,6,300,10635,0,0,0,0
66,0,1,1,ACCEPT,30.8543,3.9080,10575,4,-10,0.0383,340.88,316.39,13.46,18.27,244.00,689.50,20.00,21.00,0.0000,385.48,1,0,3.2526,ACCEPT,0,5772,254,15271,6,300,10575,0,0,0,0
67,0,1,1,ACCEPT,31.2469,4.8255,11335,3,-11,0.0531,342.14,310.03,13.46,18.27,246.00,693.50,20.00,19.00,0.0000,395.34,1,0,3.2664,ACCEPT,0,6507,258,13502,6,300,11335,0,0,0,0
68,0,1,1,ACCEPT,29.2614,3.6886,10070,3,-11,0.1632,343.41,303.67,13.46,18.27,248.50,697.00,19.00,20.00,0.0000,404.62,1,0,3.2719,ACCEPT,0,6088,245,14300,6,300,10070,0,0,0,0
69,0,1,1,ACCEPT,29.7238,4.3127,10191,4,-12,0.0705,345.09,296.73,13.46,18.27,252.00,700.00,20.00,20.00,0.0000,413.87,1,0,3.2141,ACCEPT,0,6016,257,13779,6,300,10191,0,0,0,0
70,0,1,1,ACCEPT,33.6754,5.6591,9960,4,-10,0.0147,346.78,290.95,13.46,18.27,254.00,702.00,18.00,20.00,0.0000,421.39,1,0,3.2601,ACCEPT,0,5490,259,13896,6,300,9960,0,0,0,0
71,0,1,1,ACCEPT,36.3211,6.0381,10132,6,-10,0.0533,349.31,285.17,13.46,18.27,257.50,707.00,17.00,20.00,0.0000,431.70,1,0,3.3128,ACCEPT,0,4947,247,14528,6,300,10132,0,0,0,0
72,0,1,1,ACCEPT,35.5474,6.4233,10547,9,-9,0.0163,353.11,279.97,13.46,18.27,261.50,710.00,17.00,20.00,0.0000,439.68,1,0,3.2302,ACCEPT,0,5451,243,12279,6,300,10547,0,0,0,0
73,0,1,1,ACCEPT,28.4621,5.4161,6261,11,-9,0.0521,357.75,274.77,13.46,18.27,266.00,714.00,18.00,22.00,0.0000,448.71,1,0,3.2811,ACCEPT,0,3881,241,11877,6,300,6261,0,0,0,0
74,0,1,1,ACCEPT,29.5250,4.4550,6629,13,-8,0.0213,363.23,270.14,13.46,18.27,270.50,718.00,15.00,24.00,0.0000,457.36,1,0,3.3609,ACCEPT,0,3800,216,13814,6,300,6629,0,0,0,0
75,0,1,1,ACCEPT,24.6209,5.3022,6071,16,-8,0.0959,369.98,265.52,13.46,18.27,276.00,722.00,16.00,26.00,0.0000,466.06,1,0,3.2546,ACCEPT,0,4260,180,13626,6,300,6071,0,0,0,0
76,0,1,1,ACCEPT,22.8230,4.7679,5340,16,-8,0.0948,376.73,260.89,13.46,18.27,280.00,725.00,16.00,26.00,0.0000,474.08,1,0,3.3401,ACCEPT,0,3894,180,12657,6,300,5340,0,0,0,0
77,0,1,1,ACCEPT,18.4010,4.5038,3522,20,-7,0.0454,385.17,256.84,13.46,18.27,287.50,732.00,13.00,24.00,0.0000,485.09,1,0,3.3465,ACCEPT,0,3151,172,10873,6,300,3522,0,0,0,0
78,0,1,1,ACCEPT,13.2909,3.4295,2140,23,-7,0.0696,394.88,252.80,13.46,18.27,295.00,737.00,14.00,26.00,0.0000,494.40,1,0,3.2980,ACCEPT,0,2442,165,10371,6,300,2140,0,0,0,0
79,0,1,1,ACCEPT,20.3965,4.6997,3083,20,-8,0.0409,403.31,248.17,13.46,18.27,303.00,742.50,12.00,25.00,0.0000,504.40,1,0,3.3867,ACCEPT,0,2366,150,12103,6,300,3083,0,0,0,0
80,0,1,1,ACCEPT,18.1583,2.5121,3620,20,-8,0.0801,411.75,243.55,13.46,18.27,310.50,745.00,13.00,30.00,0.0000,511.57,1,0,3.3391,ACCEPT,0,3010,148,12720,6,300,3620,0,0,0,0
81,0,1,1,ACCEPT,21.8885,3.4430,5316,16,-10,0.0331,418.50,237.77,13.46,18.27,317.50,749.50,11.00,25.00,0.0000,521.61,1,0,3.3208,ACCEPT,0,3991,168,13842,6,300,5316,0,0,0,0
82,0,1,1,ACCEPT,21.7622,3.1503,5346,17,-9,0.0513,425.67,232.56,13.46,18.27,322.50,754.00,13.00,26.00,0.0000,531.55,1,0,3.3974,ACCEPT,0,3957,170,13331,6,300,5346,0,0,0,0
83,0,1,1,ACCEPT,26.0811,3.7174,6301,15,-9,0.0152,432.00,227.36,13.46,18.27,328.50,757.50,9.00,23.00,0.0000,540.15,1,0,3.4204,ACCEPT,0,4009,179,13682,6,300,6301,0,0,0,0
84,0,1,1,ACCEPT,27.4113,5.6258,6104,14,-7,0.0041,437.91,223.31,13.46,18.27,334.00,763.50,12.00,25.00,0.0000,550.09,1,0,3.3275,ACCEPT,0,4067,184,15116,6,300,6104,0,0,0,0
85,0,1,1,ACCEPT,28.9891,4.7081,7274,13,-7,0.0410,443.39,219.27,13.46,18.27,338.50,769.00,11.00,26.00,0.0000,559.65,1,0,3.3158,ACCEPT,0,4332,204,12635,6,300,7274,0,0,0,0
86,0,1,1,ACCEPT,31.7997,6.0396,6559,14,-7,0.0110,449.30,215.22,13.46,18.27,341.50,774.50,11.00,29.00,0.0000,569.58,1,0,3.2107,ACCEPT,0,3533,188,14506,6,300,6559,0,0,0,0
87,0,1,1,ACCEPT,27.8961,4.2804,6442,14,-5,0.0298,455.20,212.33,13.46,18.27,342.50,781.00,11.00,28.00,0.0000,579.73,1,0,3.2136,ACCEPT,0,3800,161,13575,6,300,6442,0,0,0,0
88,0,1,1,ACCEPT,24.9820,4.3889,6263,10,-4,0.0664,459.42,210.02,13.46,18.27,344.50,789.00,9.00,24.00,0.0000,590.28,1,0,3.3173,ACCEPT,0,4262,183,13407,6,300,6263,0,0,0,0
89,0,1,1,ACCEPT,27.0518,5.3295,7344,9,-6,0.0560,463.22,206.55,13.46,18.27,344.50,793.50,9.00,29.00,0.0000,598.84,1,0,3.1527,ACCEPT,0,4089,210,13610,6,300,7344,0,0,0,0
90,0,1,1,ACCEPT,22.8324,4.6955,8156,0,-6,0.1161,463.22,203.08,13.46,18.27,343.00,801.00,10.00,26.00,0.0000,609.89,1,0,3.2239,ACCEPT,0,5004,260,9559,6,300,8156,0,0,0,0
91,0,1,1,ACCEPT,18.4131,3.2479,5109,-1,-3,0.2306,462.80,201.34,13.46,18.27,341.50,808.50,9.00,25.00,0.0000,619.15,1,0,3.2762,ACCEPT,0,4080,246,10448,6,300,5109,0,0,0,0
92,0,1,1,ACCEPT,11.8481,1.7260,3949,-7,-5,0.1259,459.84,198.45,13.46,18.27,338.00,816.00,8.00,26.00,0.0000,629.45,1,0,3.2963,ACCEPT,0,4160,268,10142,6,300,3949,0,0,0,0
93,0,1,1,ACCEPT,17.4566,2.8689,4903,0,-2,0.6315,459.84,197.30,13.46,18.27,335.00,824.00,8.00,26.00,0.0000,639.02,1,0,3.2647,ACCEPT,0,3661,232,10807,6,300,4903,0,0,0,0
94,0,1,1,ACCEPT,25.0566,3.8605,6779,6,-1,0.0881,462.38,196.72,13.46,18.27,332.50,831.50,7.00,25.00,0.0000,647.93,1,0,3.2637,ACCEPT,0,3798,201,12479,6,300,6779,0,0,0,0
95,0,1,1,ACCEPT,25.3142,3.5776,8801,2,-4,0.0906,463.22,194.41,13.46,18.27,331.50,839.50,9.00,27.00,0.0000,658.40,1,0,3.2373,ACCEPT,0,5304,228,10755,6,300,8801,0,0,0,0
96,0,1,1,ACCEPT,22.9857,2.9800,6404,4,-4,0.0431,464.91,192.09,13.46,18.27,333.00,846.00,10.00,28.00,0.0000,667.08,1,0,3.2109,ACCEPT,0,3983,241,10606,6,300,6404,0,0,0,0
97,0,1,1,ACCEPT,22.9075,3.4431,6838,5,-4,0.0863,467.02,189.78,13.46,18.27,335.50,853.50,9.00,27.00,0.0000,676.62,1,0,3.2230,ACCEPT,0,4575,225,9118,6,300,6838,0,0,0,0
98,0,1,1,ACCEPT,22.0980,3.5524,5254,8,-4,0.0697,470.39,187.47,13.46,18.27,335.50,861.00,7.00,26.00,0.0000,686.91,1,0,3.2742,ACCEPT,0,3508,162,10551,6,300,5254,0,0,0,0
99,0,1,1,ACCEPT,23.6363,4.1632,5408,7,-1,0.0767,473.34,186.89,13.46,18.27,336.00,865.00,8.00,28.00,0.0000,691.88,1,0,3.2813,ACCEPT,0,3313,146,11505,6,300,5408,0,0,0,0
100,0,1,1,ACCEPT,25.7586,4.2658,6484,8,-4,0.0216,476.72,184.58,13.46,18.27,334.50,873.50,9.00,27.00,0.0000,703.45,1,0,3.3107,ACCEPT,0,3746,134,10367,6,300,6484,0,0,0,0
101,0,1,1,ACCEPT,31.4899,6.1129,6822,4,-3,0.0258,478.41,182.84,13.46,18.27,332.50,881.50,7.00,27.00,0.0000,713.73,1,0,3.3943,ACCEPT,0,3167,208,8453,6,300,6822,0,0,0,0
102,0,1,1,ACCEPT,22.5967,5.3907,4388,1,-4,0.2894,478.83,180.53,13.46,18.27,331.00,885.50,8.00,27.00,0.0000,720.30,1,0,3.2994,ACCEPT,0,2591,200,9531,6,300,4388,0,0,0,0
103,0,1,1,ACCEPT,10.6298,1.5042,3389,-10,-5,0.0575,474.61,177.64,13.46,18.27,330.50,891.50,7.00,23.00,0.0000,728.26,1,0,3.3143,ACCEPT,0,3693,251,7563,6,300,3389,0,0,0,0
104,0,1,1,ACCEPT,7.9482,1.0847,2331,-13,-8,0.5315,469.12,173.02,13.46,18.27,331.00,896.50,8.00,25.00,0.0000,736.55,1,0,3.3658,ACCEPT,0,3555,222,7093,6,300,2331,0,0,0,0
105,0,1,1,ACCEPT,8.0480,1.0984,2546,1,-1,0.7859,469.55,172.44,13.46,18.27,332.50,901.50,7.00,23.00,0.0000,741.83,1,0,3.2895,ACCEPT,0,4117,231,5739,6,300,2546,0,0,0,0
106,0,1,0,LOW_PSR,4.8589,1.0651,1522,-8,-16,0.0940,469.55,172.44,13.46,18.27,335.00,907.50,8.00,23.00,0.0000,747.27,0,0,0.0000,NOT_RUN,0,4330,184,0,6,300,1522,0,0,0,0
107,0,1,1,ACCEPT,8.2893,1.8507,2058,4,-13,0.2391,471.23,164.92,13.46,18.27,336.50,909.50,9.00,21.00,0.0000,756.67,1,0,3.0729,ACCEPT,0,5263,83,5590,6,300,2058,0,0,0,0
108,0,1,1,ACCEPT,6.3704,1.1844,1394,-13,-11,0.0782,465.75,158.56,13.46,18.27,339.50,913.00,9.00,20.00,0.0000,764.93,1,0,3.0217,ACCEPT,0,3664,116,4703,6,300,1394,0,0,0,0
109,0,1,1,ACCEPT,5.3004,1.0460,1045,14,-10,0.4316,471.66,152.78,13.46,18.27,344.50,918.00,9.00,24.00,0.0000,775.71,1,0,3.1934,ACCEPT,0,3722,155,3684,6,300,1045,0,0,0,0
110,0,1,1,ACCEPT,5.9759,1.3299,1161,-11,-11,0.2360,467.02,146.42,13.46,18.27,349.50,920.50,9.00,23.00,0.0000,782.95,1,0,3.1020,ACCEPT,0,2578,268,5907,6,300,1161,0,0,0,0
111,0,1,1,ACCEPT,9.8958,1.3855,2541,-4,-8,0.3625,465.33,141.80,13.46,18.27,353.00,924.00,12.00,28.00,0.0000,790.23,1,0,3.0340,ACCEPT,0,3317,270,6019,6,300,2541,0,0,0,0
112,0,1,1,ACCEPT,11.9787,2.0140,2582,6,-5,0.1398,467.86,138.91,13.46,18.27,355.50,929.00,9.00,26.00,0.0000,798.04,1,0,3.1746,ACCEPT,0,3308,249,3521,6,300,2582,0,0,0,0
113,0,1,1,ACCEPT,12.1083,2.3981,1542,10,-3,0.0856,472.08,137.17,13.46,18.27,355.50,933.00,11.00,22.00,0.0000,804.32,1,0,3.2452,ACCEPT,0,1960,209,3765,6,300,1542,0,0,0,0
114,0,1,1,ACCEPT,13.4230,2.8968,1712,8,-4,0.0397,475.45,134.86,13.46,18.27,355.50,938.00,13.00,24.00,0.0000,812.05,1,0,3.1698,ACCEPT,0,2296,178,3611,6,300,1712,0,0,0,0
115,0,1,1,ACCEPT,17.2884,3.1126,2129,4,-9,0.1287,477.14,129.66,13.46,18.27,360.00,942.00,12.00,26.00,0.0000,820.75,1,0,3.2009,ACCEPT,0,1862,208,4751,6,300,2129,0,0,0,0
116,0,1,1,ACCEPT,16.9538,3.5033,2666,-1,-9,0.1155,476.72,124.45,13.46,18.27,365.00,945.50,10.00,23.00,0.0000,828.61,1,0,3.2289,ACCEPT,0,2352,276,7349,6,300,2666,0,0,0,0
117,0,1,1,ACCEPT,18.8487,3.5004,4008,0,-8,0.0080,476.72,119.83,13.46,18.27,370.00,947.50,8.00,23.00,0.0000,834.52,1,0,3.2269,ACCEPT,0,3111,251,7121,6,300,4008,0,0,0,0
118,0,1,1,ACCEPT,15.4487,2.6804,3439,3,-10,0.1579,477.98,114.05,13.46,18.27,373.00,950.00,12.00,24.00,0.0000,842.52,1,0,3.2556,ACCEPT,0,3668,251,7237,6,300,3439,0,0,0,0
119,0,1,1,ACCEPT,17.1147,2.8521,3451,1,-10,0.2159,478.41,108.27,13.46,18.27,379.00,949.50,10.00,19.00,0.0000,847.09,1,0,3.2087,ACCEPT,0,3299,243,8046,6,300,3451,0,0,0,0
120,0,1,1,ACCEPT,19.8669,3.6937,4015,-2,-12,0.1056,477.56,101.33,13.46,18.27,386.50,955.00,9.00,22.00,0.0000,858.52,1,0,3.2380,ACCEPT,0,3076,292,9503,6,300,4015,0,0,0,0
121,0,1,1,ACCEPT,21.6731,3.8922,5056,0,-13,0.1491,477.56,93.81,13.46,18.27,394.00,954.00,12.00,28.00,0.0000,864.24,1,0,3.2648,ACCEPT,0,3671,257,9709,6,300,5056,0,0,0,0
122,0,1,1,ACCEPT,17.3514,2.3824,4131,6,-12,0.0976,480.09,86.88,13.46,18.27,400.50,956.50,11.00,25.00,0.0000,873.26,1,0,3.2717,ACCEPT,0,3710,208,6414,6,300,4131,0,0,0,0
123,0,1,1,ACCEPT,15.3882,2.2422,2435,11,-10,0.4460,484.73,81.09,13.46,18.27,404.00,958.00,12.00,26.00,0.0000,880.61,1,0,3.2771,ACCEPT,0,2315,178,5835,6,300,2435,0,0,0,0
124,0,1,1,ACCEPT,17.2725,2.5461,2513,11,-10,0.2396,489.38,75.31,13.46,18.27,409.50,960.50,11.00,25.00,0.0000,888.78,1,0,3.3225,ACCEPT,0,2087,194,5396,6,300,2513,0,0,0,0
125,0,1,1,ACCEPT,16.0370,1.9195,1979,10,-6,0.0121,493.59,71.84,13.46,18.27,413.50,963.00,11.00,26.00,0.0000,894.75,1,0,3.2560,ACCEPT,0,1620,194,4911,6,300,1979,0,0,0,0
126,0,1,1,ACCEPT,19.0935,2.1880,2107,9,-9,0.0508,497.39,66.64,13.46,18.27,416.50,966.00,9.00,24.00,0.0000,902.99,1,0,3.2408,ACCEPT,0,1632,219,4666,6,300,2107,0,0,0,0
127,0,1,1,ACCEPT,19.5746,3.4912,1784,8,-8,0.1429,500.77,62.02,13.46,18.27,421.00,970.00,8.00,20.00,0.0000,911.48,1,0,3.2529,ACCEPT,0,1520,235,4371,6,300,1784,0,0,0,0
128,0,1,1,ACCEPT,22.6695,4.0323,1996,3,-7,0.1593,502.03,57.97,13.46,18.27,425.50,973.00,11.00,22.00,0.0000,918.23,1,0,3.2762,ACCEPT,0,1844,205,7010,6,300,1996,0,0,0,0
129,0,1,1,ACCEPT,21.6730,4.1397,2608,5,-7,0.2255,504.14,53.92,13.46,18.27,425.00,977.00,12.00,22.00,0.0000,926.46,1,0,3.3039,ACCEPT,0,2051,244,5931,6,300,2608,0,0,0,0
130,0,1,1,ACCEPT,21.3599,3.6416,2327,1,-6,0.1100,504.56,50.45,13.46,18.27,426.00,979.50,12.00,23.00,0.0000,932.36,1,0,3.3251,ACCEPT,0,2108,174,11043,6,300,2327,0,0,0,0
131,0,1,1,ACCEPT,24.9699,5.1575,4126,-1,-5,0.0191,504.14,47.56,13.46,18.27,426.50,985.00,9.00,20.00,0.0000,940.65,1,0,3.3183,ACCEPT,0,3175,244,9971,6,300,4126,0,0,0,0
132,0,1,1,ACCEPT,21.7508,3.9231,3366,0,-6,0.1821,504.14,44.09,13.46,18.27,425.50,988.50,13.00,23.00,0.0000,947.67,1,0,3.3498,ACCEPT,0,2497,225,10677,6,300,3366,0,0,0,0
133,0,1,1,ACCEPT,21.4465,4.1895,3582,0,-4,0.1142,504.14,41.78,13.46,18.27,425.00,994.00,12.00,20.00,0.0000,955.50,1,0,3.3444,ACCEPT,0,2978,216,10002,6,300,3582,0,0,0,0
134,0,1,1,ACCEPT,21.4977,3.5720,2929,-4,-6,0.0007,502.45,38.31,13.46,18.27,426.50,998.00,13.00,24.00,0.0000,962.69,1,0,3.3302,ACCEPT,0,2560,217,8073,6,300,2929,0,0,0,0
135,0,1,1,ACCEPT,22.6178,4.0092,2622,-3,-4,0.2681,501.19,36.00,13.46,18.27,425.00,1002.50,14.00,21.00,0.0000,969.50,1,0,3.2866,ACCEPT,0,2259,208,9953,6,300,2622,0,0,0,0
136,0,1,1,ACCEPT,19.4049,3.4634,2982,-9,-6,0.0966,497.39,32.53,13.46,18.27,425.50,1006.00,11.00,20.00,0.0000,976.12,1,0,3.3121,ACCEPT,0,3192,270,9548,6,300,2982,0,0,0,0
137,0,1,1,ACCEPT,19.6845,3.3966,2989,-8,-7,0.0495,494.02,28.48,13.46,18.27,430.00,1012.50,14.00,23.00,0.0000,986.10,1,0,3.3541,ACCEPT,0,2856,279,8856,6,300,2989,0,0,0,0
138,0,1,1,ACCEPT,18.5543,3.1744,2603,-10,-4,0.1287,489.80,26.17,13.46,18.27,433.00,1016.00,12.00,20.00,0.0000,991.46,1,0,3.3231,ACCEPT,0,2599,262,7550,6,300,2603,0,0,0,0
139,0,1,1,ACCEPT,13.5674,2.3722,2116,-9,-6,0.0775,486.00,22.70,13.46,18.27,435.50,1020.50,13.00,21.00,0.0000,999.07,1,0,3.3001,ACCEPT,0,2284,273,6278,6,300,2116,0,0,0,0
140,0,1,1,ACCEPT,15.2972,2.2411,1636,-7,-6,0.1919,483.05,19.23,13.46,18.27,438.00,1027.00,12.00,24.00,0.0000,1008.77,1,0,3.3587,ACCEPT,0,1636,299,4634,6,300,1636,0,0,0,0
141,0,1,1,ACCEPT,18.1442,3.0513,1486,-10,-5,0.0296,478.83,16.34,13.46,18.27,442.50,1031.50,11.00,23.00,0.0000,1015.81,1,0,3.3187,ACCEPT,0,1272,293,5688,6,300,1486,0,0,0,0
142,0,1,1,ACCEPT,17.8682,3.1189,1993,-12,-7,0.0171,473.77,12.30,13.46,18.27,446.00,1034.50,12.00,21.00,0.0000,1022.58,1,0,3.3147,ACCEPT,0,1855,332,5138,6,300,1993,0,0,0,0
143,0,1,1,ACCEPT,17.5394,2.6743,1872,-11,-5,0.0694,469.12,9.41,13.46,18.27,449.00,1039.00,10.00,20.00,0.0000,1029.79,1,0,3.3267,ACCEPT,0,1785,315,5038,6,300,1872,0,0,0,0
144,0,1,1,ACCEPT,22.6168,3.5074,2364,-7,-3,0.1062,466.17,7.67,13.46,18.27,450.50,1045.50,13.00,21.00,0.0000,1037.95,1,0,3.3160,ACCEPT,0,1702,323,5571,6,300,2364,0,0,0,0
145,0,1,1,ACCEPT,20.4885,2.6642,2190,-8,-4,0.0014,462.80,5.36,13.46,18.27,451.50,1051.50,11.00,19.00,0.0000,1046.20,1,0,3.3420,ACCEPT,0,1670,271,7132,6,300,2190,0,0,0,0
146,0,1,1,ACCEPT,16.9077,2.5919,1931,-14,-4,0.0699,456.89,3.05,13.46,18.27,452.50,1056.00,13.00,16.00,0.0000,1052.96,1,0,3.3335,ACCEPT,0,2207,260,3475,6,300,1931,0,0,0,0
147,0,1,1,ACCEPT,20.2506,2.9650,1017,-10,-4,0.1003,452.67,0.73,13.46,18.27,453.00,1061.50,14.00,21.00,0.0000,1060.77,1,0,3.3127,ACCEPT,0,916,271,6165,6,300,1017,0,0,0,0
148,0,1,1,ACCEPT,16.5103,3.1268,1554,-6,-3,0.2259,450.14,-1.00,13.46,18.27,453.00,1067.00,12.00,22.00,0.0000,1068.00,1,0,3.2846,ACCEPT,0,2285,239,7736,6,300,1554,0,0,0,0
149,0,1,1,ACCEPT,6.7011,1.1579,792,-8,0,0.1364,446.77,-1.00,13.46,18.27,451.50,1074.50,11.00,21.00,0.0000,1075.51,1,0,3.3850,ACCEPT,0,2055,223,6021,6,300,792,0,0,0,0
150,0,1,1,ACCEPT,10.0728,2.0642,611,-13,-2,0.1178,441.28,-2.16,13.46,18.27,453.50,1079.50,13.00,21.00,0.0000,1081.73,1,0,3.2937,ACCEPT,0,1383,419,6212,6,300,611,0,0,0,0
151,0,1,1,ACCEPT,6.7162,1.4305,525,-11,2,0.3124,436.64,-1.00,13.46,18.27,454.00,1084.50,12.00,21.00,0.0000,1085.64,1,0,3.1922,ACCEPT,0,1638,352,4934,6,300,525,0,0,0,0
152,0,1,1,ACCEPT,7.7789,1.5522,416,-10,-4,0.1106,432.42,-3.31,13.46,18.27,456.50,1089.00,11.00,18.00,0.0000,1092.58,1,0,3.1185,ACCEPT,0,1092,335,7243,6,300,416,0,0,0,0
153,0,1,1,ACCEPT,5.2084,1.1801,426,-10,-1,0.0446,428.20,-3.89,12.94,17.57,456.50,1093.50,11.00,19.00,0.0000,1097.76,1,-1,2.5546,ACCEPT,0,1555,298,5546,6,300,426,0,0,0,0
154,0,1,0,NEGATIVE_PEAK,-6.8042,1.1864,-522,-13,1,0.0211,428.20,-3.89,12.94,17.57,458.00,1095.50,12.00,19.00,0.0000,1099.79,0,0,0.0000,NOT_RUN,0,1516,244,0,6,300,522,0,0,0,0
155,0,1,0,NEGATIVE_PEAK,-4.1564,1.0844,-167,-31,-5,0.2156,428.20,-3.89,12.94,17.57,462.00,1096.00,10.00,18.00,0.0000,1100.41,0,0,0.0000,NOT_RUN,0,927,243,0,6,300,167,0,0,0,0
156,0,1,1,ACCEPT,7.1962,1.3429,282,-13,2,0.2021,422.92,-2.80,12.94,17.57,466.50,1099.50,11.00,21.00,0.0000,1103.16,1,0,3.0116,ACCEPT,0,814,191,4755,6,300,282,0,0,0,0
157,0,1,0,LOW_PSR,4.9343,1.0476,88,-16,-8,0.5114,422.92,-2.80,12.94,17.57,470.00,1100.50,12.00,21.00,0.0000,1104.30,0,0,0.0000,NOT_RUN,0,411,158,0,6,300,88,0,0,0,0
158,0,1,0,NEGATIVE_PEAK,-4.8978,1.2152,-96,-17,0,0.2188,422.92,-2.80,12.94,17.57,473.00,1102.00,14.00,20.00,0.0000,1105.93,0,0,0.0000,NOT_RUN,0,506,169,0,6,300,96,0,0,0,0
159,0,1,0,NEGATIVE_PEAK,-5.1728,1.1014,-76,-14,0,0.3026,422.92,-2.80,12.94,17.57,473.50,1104.50,11.00,21.00,0.0000,1108.45,0,0,0.0000,NOT_RUN,0,340,245,0,6,300,76,0,0,0,0
160,0,1,0,NEGATIVE_PEAK,-4.7192,1.0656,-65,-20,0,0.4769,422.92,-2.80,12.94,17.57,473.00,1106.50,12.00,21.00,0.0000,1110.43,0,0,0.0000,NOT_RUN,0,317,206,0,6,300,65,0,0,0,0
161,0,1,0,NEGATIVE_PEAK,-4.3762,1.0779,-83,-13,0,0.2410,422.92,-2.80,12.94,17.57,470.00,1110.00,12.00,20.00,0.0000,1113.79,0,0,0.0000,NOT_RUN,0,524,220,0,6,300,83,0,0,0,0
162,0,1,0,NEGATIVE_PEAK,-4.2866,1.1489,-54,-19,1,0.1667,422.92,-2.80,12.94,17.57,466.00,1115.00,12.00,22.00,0.0000,1118.63,0,0,0.0000,NOT_RUN,0,293,151,0,6,300,54,0,0,0,0
163,0,1,0,LOW_PSR,4.4280,1.1143,78,-1,1,0.8590,422.92,-2.80,12.94,17.57,461.50,1120.00,11.00,22.00,0.0000,1123.46,0,0,0.0000,NOT_RUN,0,378,75,0,6,300,78,0,0,0,0
164,0,1,1,ACCEPT,5.3682,1.0392,106,-25,-3,0.2075,412.77,-4.44,12.45,16.89,457.00,1125.00,12.00,22.00,0.0000,1130.30,1,-1,2.7405,ACCEPT,0,472,359,1721,6,300,106,0,0,0,0
165,0,1,1,ACCEPT,7.1787,1.2262,309,0,2,0.9094,412.77,-3.38,12.45,16.89,451.50,1130.50,11.00,25.00,0.0000,1134.54,1,0,2.9674,ACCEPT,0,817,314,3221,6,300,309,0,0,0,0
166,0,1,1,ACCEPT,5.8161,1.1635,121,4,5,0.4876,414.33,-0.72,12.45,16.89,448.00,1134.50,10.00,21.00,0.0000,1135.72,1,0,2.7993,ACCEPT,0,343,264,4231,6,300,121,0,0,0,0
167,0,1,1,ACCEPT,7.9427,1.5259,177,6,-2,0.0452,416.67,-1.78,12.45,16.89,442.00,1141.50,10.00,21.00,0.0000,1143.56,1,0,2.9559,ACCEPT,0,387,131,4859,6,300,177,0,0,0,0
168,0,1,1,ACCEPT,7.8667,1.4225,202,5,1,0.0594,418.62,-1.25,12.45,16.89,431.50,1149.50,9.00,21.00,0.0000,1150.82,1,0,3.2022,ACCEPT,0,286,381,4348,6,300,202,0,0,0,0
169,0,1,1,ACCEPT,10.7268,1.8263,820,2,10,0.1061,419.41,4.06,12.45,16.89,418.50,1159.00,9.00,22.00,0.0000,1154.94,1,0,3.3426,ACCEPT,0,1055,242,6413,6,300,820,0,0,0,0
170,0,1,0,NEGATIVE_PEAK,-4.7244,1.0084,-361,-7,12,0.1579,419.41,4.06,12.45,16.89,406.50,1169.00,9.00,22.00,0.0000,1165.01,0,0,0.0000,NOT_RUN,0,1327,208,0,6,300,361,0,0,0,0
171,0,1,1,ACCEPT,8.8437,1.5779,912,5,-3,0.0537,421.36,2.47,12.45,16.89,396.50,1176.50,9.00,25.00,0.0000,1174.29,1,0,3.1040,ACCEPT,0,1300,246,5584,6,300,912,0,0,0,0
172,0,1,1,ACCEPT,7.7449,1.2674,493,7,3,0.4118,424.09,4.06,11.97,16.24,387.00,1186.50,8.00,23.00,0.0000,1183.02,1,-1,2.6000,ACCEPT,0,667,156,5362,6,300,493,0,0,0,0
173,0,1,0,LOW_PSR,4.2035,1.1591,102,21,0,0.3039,424.09,4.06,11.97,16.24,378.50,1195.00,9.00,22.00,0.0000,1191.81,0,0,0.0000,NOT_RUN,0,402,187,0,6,300,102,0,0,0,0
174,0,1,1,ACCEPT,5.7652,1.0082,123,10,-3,0.2683,427.84,2.56,11.97,16.24,369.50,1203.50,9.00,23.00,0.0000,1202.35,1,0,3.2454,ACCEPT,0,420,351,3464,6,300,123,0,0,0,0
175,0,1,1,ACCEPT,6.4150,1.2424,41,18,2,0.4146,434.59,3.56,11.97,16.24,359.00,1212.50,8.00,21.00,0.0000,1211.30,1,0,3.2123,ACCEPT,0,140,421,3420,6,300,41,0,0,0,0
176,0,1,1,ACCEPT,6.0724,1.4571,51,18,3,0.2157,441.34,5.06,12.45,16.89,350.00,1221.50,8.00,23.00,0.0000,1219.86,1,1,2.8798,ACCEPT,0,162,385,3356,6,300,51,0,0,0,0
177,0,1,1,ACCEPT,7.2294,1.6341,67,18,3,0.1642,448.38,6.66,12.45,16.89,342.00,1230.00,8.00,22.00,0.0000,1227.96,1,0,3.2426,ACCEPT,0,191,337,3414,6,300,67,0,0,0,0
178,0,1,1,ACCEPT,6.0962,1.2045,53,19,2,0.2264,455.80,7.72,12.45,16.89,333.50,1237.00,7.00,20.00,0.0000,1235.35,1,0,3.1940,ACCEPT,0,158,321,3399,6,300,53,0,0,0,0
179,0,1,1,ACCEPT,6.3722,1.0519,81,6,7,0.3333,458.14,11.44,12.45,16.89,327.00,1243.50,6.00,23.00,0.0000,1239.02,1,0,3.2248,ACCEPT,0,196,256,3591,6,300,81,0,0,0,0
180,0,1,1,ACCEPT,9.3708,1.1222,101,14,-1,0.1881,463.61,10.91,12.45,16.89,323.50,1249.50,7.00,21.00,0.0000,1246.49,1,0,3.1901,ACCEPT,0,177,238,3613,6,300,101,0,0,0,0
181,0,1,1,ACCEPT,7.5137,1.1020,108,10,4,0.3519,467.52,13.03,12.45,16.89,319.00,1254.00,6.00,22.00,0.0000,1249.82,1,0,3.0427,ACCEPT,0,213,188,3571,6,300,108,0,0,0,0
182,0,1,1,ACCEPT,7.1350,1.2206,166,4,1,0.2048,469.08,13.56,12.45,16.89,317.00,1259.00,6.00,22.00,0.0000,1254.69,1,0,3.2632,ACCEPT,0,432,144,3743,6,300,166,0,0,0,0
183,0,1,1,ACCEPT,7.9193,1.0863,151,13,4,0.0066,474.16,15.69,12.45,16.89,314.00,1262.00,6.00,18.00,0.0000,1256.56,1,0,3.1682,ACCEPT,0,280,147,3777,6,300,151,0,0,0,0
184,0,1,1,ACCEPT,5.5370,1.1282,88,18,7,0.0682,481.19,19.41,12.45,16.89,310.50,1265.50,5.00,19.00,0.0000,1257.73,1,0,3.1805,ACCEPT,0,214,159,4114,6,300,88,0,0,0,0
185,0,1,1,ACCEPT,7.6830,1.4741,171,14,4,0.1170,486.66,21.53,12.45,16.89,305.50,1268.00,5.00,22.00,0.0000,1259.56,1,0,3.2385,ACCEPT,0,320,160,5972,6,300,171,0,0,0,0
186,0,1,1,ACCEPT,9.5171,1.6889,76,19,10,0.1579,494.08,26.84,12.94,17.57,296.50,1268.50,5.00,21.00,0.0000,1257.28,1,1,2.7622,ACCEPT,0,140,81,6328,6,300,76,0,0,0,0
187,0,1,1,ACCEPT,7.0507,1.7183,122,1,0,0.8852,494.48,26.84,12.94,17.57,284.50,1269.00,5.00,20.00,0.0000,1259.78,1,0,3.1821,ACCEPT,0,317,324,2414,6,300,122,0,0,0,0
188,0,1,1,ACCEPT,7.3148,1.3115,320,6,0,0.4656,496.92,26.84,12.94,17.57,269.00,1268.50,6.00,21.00,0.0000,1262.40,1,0,3.2536,ACCEPT,0,919,397,3439,6,300,320,0,0,0,0
189,0,1,0,LOW_PSR,4.8485,1.1081,41,-15,7,0.7073,496.92,26.84,12.94,17.57,251.00,1265.50,6.00,19.00,0.0000,1262.83,0,0,0.0000,NOT_RUN,0,155,96,0,6,300,41,0,0,0,0
190,0,1,1,ACCEPT,5.2299,1.0667,32,-16,0,0.1875,490.42,26.84,12.94,17.57,231.00,1264.00,6.00,18.00,0.0000,1264.06,1,-6,1.3678,MAX_STEP,0,144,287,5249,6,300,32,0,0,0,0
191,0,1,1,ACCEPT,5.6292,1.1111,10,-2,-22,0.0000,489.61,14.81,12.94,17.57,211.00,1260.50,6.00,19.00,0.0000,1276.46,1,-5,1.1752,MAX_STEP,0,58,393,4223,6,300,10,0,0,0,0
192,0,1,1,ACCEPT,6.7500,1.0000,25,-10,-7,0.0800,485.55,10.98,12.94,17.57,194.00,1257.50,6.00,19.00,0.0000,1280.16,1,-7,0.8930,MAX_STEP,0,102,350,4397,6,300,25,0,0,0,0
193,0,1,1,ACCEPT,6.4891,1.2308,16,1,1,0.7500,485.95,11.53,12.94,17.57,179.00,1253.50,6.00,19.00,0.0000,1279.34,1,-6,0.6900,MAX_STEP,0,58,300,4626,6,300,17,0,0,0,0
194,0,1,0,NEGATIVE_PEAK,-5.2861,1.0667,-16,-5,-9,0.1250,485.95,11.53,12.94,17.57,163.50,1251.00,7.00,20.00,0.0000,1280.73,0,0,0.0000,NOT_RUN,0,50,269,0,6,300,16,0,0,0,0
195,0,1,0,NEGATIVE_PEAK,-5.3806,1.3333,-12,2,3,0.0833,485.95,11.53,12.94,17.57,147.00,1246.50,8.00,19.00,0.0000,1280.64,0,0,0.0000,NOT_RUN,0,58,238,0,6,300,12,0,0,0,0
196,0,1,0,NEGATIVE_PEAK,-5.7575,1.3000,-13,-1,0,0.9231,485.95,11.53,12.94,17.57,131.00,1241.50,8.00,17.00,0.0000,1280.16,0,0,0.0000,NOT_RUN,0,32,206,0,6,300,13,0,0,0,0
197,0,1,0,NEGATIVE_PEAK,-4.4514,1.0000,-7,4,-1,0.5714,485.95,11.53,12.94,17.57,116.50,1236.50,9.00,15.00,0.0000,1279.47,0,0,0.0000,NOT_RUN,0,34,190,0,6,300,8,0,0,0,0
198,0,1,0,NEGATIVE_PEAK,-7.2059,1.5000,-9,3,-1,0.7778,485.95,11.53,12.94,17.57,102.50,1231.50,11.00,19.00,0.0000,1278.81,0,0,0.0000,NOT_RUN,0,24,174,0,6,300,9,0,0,0,0
199,0,1,0,NEGATIVE_PEAK,-6.8143,1.2000,-12,5,-1,0.5000,485.95,11.53,12.94,17.57,88.00,1225.50,10.00,15.00,0.0000,1277.53,0,0,0.0000,NOT_RUN,0,36,159,0,6,300,12,0,0,0,0
200,0,1,0,NEGATIVE_PEAK,-3.6835,1.0000,-6,4,5,0.3333,485.95,11.53,12.94,17.57,73.50,1219.50,15.00,17.00,0.0000,1276.44,0,0,0.0000,NOT_RUN,0,23,143,0,6,300,6,0,0,0,0
201,0,1,0,NEGATIVE_PEAK,-5.3290,1.1429,-8,2,-6,0.5000,485.95,11.53,12.94,17.57,61.50,1213.50,11.00,15.00,0.0000,1274.71,0,0,0.0000,NOT_RUN,0,34,127,0,6,300,8,0,0,0,0
202,0,1,0,NEGATIVE_PEAK,-4.1114,1.0000,-6,0,0,1.0000,485.95,11.53,12.94,17.57,55.00,1206.50,12.00,15.00,0.0000,1270.30,0,0,0.0000,NOT_RUN,0,26,110,0,6,300,7,0,0,0,0
203,0,1,0,NEGATIVE_PEAK,-4.5103,1.2500,-5,12,-1,0.6000,485.95,11.53,12.94,17.57,50.00,1199.50,10.00,15.00,0.0000,1265.43,0,0,0.0000,NOT_RUN,0,21,95,0,6,300,6,0,0,0,0
204,0,1,0,NEGATIVE_PEAK,-6.3783,1.0000,-8,0,-1,0.7500,485.95,11.53,12.94,17.57,45.50,1194.00,11.00,16.00,0.0000,1261.84,0,0,0.0000,NOT_RUN,0,21,79,0,6,300,9,0,0,0,0
205,0,1,0,NEGATIVE_PEAK,-4.4639,1.0000,-6,0,-1,0.8333,485.95,11.53,12.94,17.57,44.50,1186.50,13.00,15.00,0.0000,1255.16,0,0,0.0000,NOT_RUN,0,31,79,0,6,300,7,0,0,0,0
206,0,1,0,NEGATIVE_PEAK,-4.4315,1.2000,-6,0,-1,0.8333,485.95,11.53,12.94,17.57,42.00,1180.50,14.00,15.00,0.0000,1250.43,0,0,0.0000,NOT_RUN,0,32,79,0,6,300,7,0,0,0,0
207,0,1,0,NEGATIVE_PEAK,-4.4628,1.2000,-6,0,-1,0.8333,485.95,11.53,12.94,17.57,44.50,1175.50,15.00,17.00,0.0000,1244.87,0,0,0.0000,NOT_RUN,0,32,79,0,6,300,7,0,0,0,0
208,0,1,0,NEGATIVE_PEAK,-4.7999,1.2000,-6,3,-1,0.5000,485.95,11.53,12.94,17.57,47.50,1170.50,15.00,17.00,0.0000,1239.13,0,0,0.0000,NOT_RUN,0,23,79,0,6,300,7,0,0,0,0
209,0,1,0,NEGATIVE_PEAK,-4.8651,1.1667,-7,0,-1,0.8571,485.95,11.53,12.94,17.57,49.00,1164.50,12.00,13.00,0.0000,1232.99,0,0,0.0000,NOT_RUN,0,39,79,0,6,300,8,0,0,0,0
210,0,1,0,NEGATIVE_PEAK,-3.9608,1.0000,-6,2,-5,0.8333,485.95,11.53,12.94,17.57,49.50,1158.50,13.00,13.00,0.0000,1227.20,0,0,0.0000,NOT_RUN,0,38,79,0,6,300,6,0,0,0,0
211,0,1,0,NEGATIVE_PEAK,-7.0835,1.6667,-10,2,-5,0.4000,485.95,11.53,12.94,17.57,49.50,1152.00,13.00,12.00,0.0000,1221.13,0,0,0.0000,NOT_RUN,0,38,79,0,6,300,10,0,0,0,0
212,0,1,0,NEGATIVE_PEAK,-4.4938,1.2000,-6,1,-5,0.3333,485.95,11.53,12.94,17.57,54.00,1145.00,12.00,12.00,0.0000,1212.99,0,0,0.0000,NOT_RUN,0,26,79,0,6,300,6,0,0,0,0
213,0,1,0,NEGATIVE_PEAK,-5.8708,1.5000,-6,1,-1,0.6667,485.95,11.53,12.94,17.57,57.00,1140.50,12.00,13.00,0.0000,1207.71,0,0,0.0000,NOT_RUN,0,22,79,0,6,300,7,0,0,0,0
214,0,1,0,NEGATIVE_PEAK,-6.5214,1.1667,-7,-9,-1,0.2857,485.95,11.53,12.94,17.57,59.00,1134.50,12.00,13.00,0.0000,1201.39,0,0,0.0000,NOT_RUN,0,19,79,0,6,300,8,0,0,0,0
215,0,1,0,NEGATIVE_PEAK,-6.8527,1.0000,-7,5,-1,0.4286,485.95,11.53,12.94,17.57,63.00,1128.50,12.00,13.00,0.0000,1194.37,0,0,0.0000,NOT_RUN,0,20,79,0,6,300,8,0,0,0,0
216,0,1,0,NEGATIVE_PEAK,-5.5646,1.2000,-6,-8,-1,0.5000,485.95,11.53,12.94,17.57,70.50,1123.00,17.00,12.00,0.0000,1186.58,0,0,0.0000,NOT_RUN,0,29,79,0,6,300,7,0,0,0,0
217,0,1,0,NEGATIVE_PEAK,-5.5590,1.2000,-6,9,-1,0.5000,485.95,11.53,12.94,17.57,76.50,1120.00,13.00,16.00,0.0000,1181.67,0,0,0.0000,NOT_RUN,0,28,79,0,6,300,6,0,0,0,0
218,0,1,0,NEGATIVE_PEAK,-4.5900,1.2000,-6,0,0,1.0000,485.95,11.53,12.94,17.57,81.50,1115.50,15.00,15.00,0.0000,1175.73,0,0,0.0000,NOT_RUN,0,20,79,0,6,300,8,0,0,0,0
219,0,1,0,NEGATIVE_PEAK,-7.0087,1.1667,-7,-1,-1,0.7143,485.95,11.53,12.94,17.57,82.50,1110.50,11.00,11.00,0.0000,1170.69,0,0,0.0000,NOT_RUN,0,21,79,0,6,300,7,0,0,0,0
220,0,1,0,NEGATIVE_PEAK,-5.7647,1.1667,-7,-9,-5,0.7143,485.95,11.53,12.94,17.57,90.50,1108.00,11.00,12.00,0.0000,1165.60,0,0,0.0000,NOT_RUN,0,22,79,0,6,300,7,0,0,0,0
221,0,1,0,NEGATIVE_PEAK,-8.1467,1.1818,-13,-7,-1,0.6923,485.95,11.53,12.94,17.57,102.50,1107.00,11.00,12.00,0.0000,1160.64,0,0,0.0000,NOT_RUN,0,31,79,0,6,300,13,0,0,0,0
222,0,1,0,NEGATIVE_PEAK,-4.3273,1.0000,-6,9,-1,0.8333,485.95,11.53,12.94,17.57,114.00,1106.00,12.00,16.00,0.0000,1155.95,0,0,0.0000,NOT_RUN,0,36,79,0,6,300,7,0,0,0,0
223,0,1,0,NEGATIVE_PEAK,-3.7970,1.2000,-6,4,0,0.8333,485.95,11.53,12.94,17.57,121.00,1104.50,14.00,13.00,0.0000,1152.29,0,0,0.0000,NOT_RUN,0,34,78,0,6,300,7,0,0,0,0
224,0,1,0,NEGATIVE_PEAK,-5.2373,1.2857,-9,-9,-1,0.3333,485.95,11.53,12.94,17.57,124.00,1101.00,14.00,14.00,0.0000,1148.02,0,0,0.0000,NOT_RUN,0,33,78,0,6,300,9,0,0,0,0
225,0,1,0,NEGATIVE_PEAK,-5.9438,1.5000,-6,-1,0,0.8333,485.95,11.53,12.94,17.57,125.50,1098.50,15.00,15.00,0.0000,1145.18,0,0,0.0000,NOT_RUN,0,20,78,0,6,300,7,0,0,0,0
226,0,1,0,NEGATIVE_PEAK,-5.1444,1.0000,-7,0,-10,0.7143,485.95,11.53,12.94,17.57,129.00,1096.00,14.00,14.00,0.0000,1141.70,0,0,0.0000,NOT_RUN,0,35,78,0,6,300,8,0,0,0,0
227,0,1,0,NEGATIVE_PEAK,-5.9608,1.4000,-7,10,-1,0.5714,485.95,11.53,12.94,17.57,134.00,1094.50,14.00,15.00,0.0000,1138.72,0,0,0.0000,NOT_RUN,0,24,78,0,6,300,8,0,0,0,0
228,0,1,0,NEGATIVE_PEAK,-6.5794,1.1429,-8,0,-1,0.7500,485.95,11.53,12.94,17.57,139.50,1093.50,15.00,15.00,0.0000,1136.08,0,0,0.0000,NOT_RUN,0,30,78,0,6,300,9,0,0,0,0
229,0,1,0,NEGATIVE_PEAK,-4.9023,1.0000,-8,1,2,0.6250,485.95,11.53,12.94,17.57,144.00,1090.50,14.00,15.00,0.0000,1131.86,0,0,0.0000,NOT_RUN,0,38,78,0,6,300,9,0,0,0,0
230,0,1,0,NEGATIVE_PEAK,-5.2962,1.1667,-7,2,-10,0.4286,485.95,11.53,12.94,17.57,150.50,1088.00,13.00,14.00,0.0000,1127.53,0,0,0.0000,NOT_RUN,0,22,78,0,6,300,7,0,0,0,0
231,0,1,0,NEGATIVE_PEAK,-7.5433,1.2857,-9,-1,0,0.7778,485.95,11.53,12.94,17.57,157.00,1086.00,14.00,14.00,0.0000,1123.70,0,0,0.0000,NOT_RUN,0,28,78,0,6,300,9,0,0,0,0
232,0,1,0,NEGATIVE_PEAK,-8.2186,1.1333,-17,3,-5,0.3529,485.95,11.53,12.94,17.57,165.50,1083.50,15.00,15.00,0.0000,1118.84,0,0,0.0000,NOT_RUN,0,46,78,0,6,300,17,0,0,0,0
233,0,1,0,NEGATIVE_PEAK,-4.1397,1.1250,-9,-3,-7,0.8889,485.95,11.53,12.94,17.57,173.50,1078.50,15.00,15.00,0.0000,1111.78,0,0,0.0000,NOT_RUN,0,44,78,0,6,300,9,0,0,0,0
234,0,1,0,NEGATIVE_PEAK,-3.9714,1.0000,-9,1,-15,0.2222,485.95,11.53,12.94,17.57,179.00,1074.50,14.00,15.00,0.0000,1106.40,0,0,0.0000,NOT_RUN,0,43,78,0,6,300,9,0,0,0,0
235,0,1,0,NEGATIVE_PEAK,-3.7576,1.0000,-9,-7,0,0.8889,485.95,11.53,12.94,17.57,179.50,1067.50,13.00,15.00,0.0000,1099.54,0,0,0.0000,NOT_RUN,0,49,78,0,6,300,9,0,0,0,0
236,0,1,0,NEGATIVE_PEAK,-7.6769,1.1667,-21,3,-5,0.1905,485.95,11.53,12.94,17.57,174.50,1060.50,13.00,15.00,0.0000,1094.23,0,0,0.0000,NOT_RUN,0,67,78,0,6,300,21,0,0,0,0
237,0,1,1,ACCEPT,7.8813,1.0500,21,-3,-2,0.1905,484.73,10.44,12.94,17.57,168.50,1053.00,17.00,20.00,0.0000,1089.47,1,-6,1.1830,MAX_STEP,0,73,78,1663,6,300,21,0,0,0,0
238,0,1,0,NEGATIVE_PEAK,-5.1960,1.0000,-7,5,-1,0.7143,484.73,10.44,12.94,17.57,166.00,1041.50,14.00,15.00,0.0000,1079.20,0,0,0.0000,NOT_RUN,0,37,78,0,6,300,7,0,0,0,0
239,0,1,0,NEGATIVE_PEAK,-4.7105,1.2000,-6,-1,0,0.8333,484.73,10.44,12.94,17.57,168.50,1031.00,13.00,16.00,0.0000,1068.43,0,0,0.0000,NOT_RUN,0,34,78,0,6,300,7,0,0,0,0
240,0,1,0,NEGATIVE_PEAK,-4.2368,1.2500,-5,-30,23,0.6000,484.73,10.44,12.94,17.57,170.50,1019.00,13.00,16.00,0.0000,1056.38,0,0,0.0000,NOT_RUN,0,29,78,0,6,300,6,0,0,0,0
241,0,1,0,NEGATIVE_PEAK,-4.7030,1.2000,-6,-1,0,0.8333,484.73,10.44,12.94,17.57,173.00,1008.50,14.00,17.00,0.0000,1045.61,0,0,0.0000,NOT_RUN,0,34,79,0,6,300,7,0,0,0,0
242,0,1,0,NEGATIVE_PEAK,-3.7469,1.0000,-5,-14,-1,0.8000,484.73,10.44,12.94,17.57,178.50,996.00,13.00,16.00,0.0000,1032.04,0,0,0.0000,NOT_RUN,0,40,78,0,6,300,6,0,0,0,0
243,0,1,0,NEGATIVE_PEAK,-3.9133,1.2500,-5,-31,23,0.6000,484.73,10.44,12.94,17.57,183.50,984.50,13.00,17.00,0.0000,1019.58,0,0,0.0000,NOT_RUN,0,32,78,0,6,300,7,0,0,0,0
244,0,1,0,NEGATIVE_PEAK,-3.9537,1.2500,-5,-13,-1,0.6000,484.73,10.44,12.94,17.57,191.00,972.50,12.00,17.00,0.0000,1005.90,0,0,0.0000,NOT_RUN,0,31,78,0,6,300,6,0,0,0,0
245,0,1,0,NEGATIVE_PEAK,-4.4950,1.0000,-6,5,0,0.8333,484.73,10.44,12.94,17.57,197.50,959.00,13.00,18.00,0.0000,991.10,0,0,0.0000,NOT_RUN,0,34,78,0,6,300,7,0,0,0,0
246,0,1,0,NEGATIVE_PEAK,-4.7478,1.2000,-6,-1,-1,0.8333,484.73,10.44,12.94,17.57,203.00,945.50,14.00,23.00,0.0000,976.58,0,0,0.0000,NOT_RUN,0,29,78,0,6,300,6,0,0,0,0
247,0,1,0,NEGATIVE_PEAK,-3.7602,1.2500,-5,0,0,1.0000,484.73,10.44,12.94,17.57,208.50,930.50,13.00,17.00,0.0000,960.64,0,0,0.0000,NOT_RUN,0,32,78,0,6,300,6,0,0,0,0
248,0,1,0,NEGATIVE_PEAK,-4.0310,1.0000,-5,-31,23,0.8000,484.73,10.44,12.94,17.57,213.50,915.00,13.00,18.00,0.0000,944.35,0,0,0.0000,NOT_RUN,0,30,76,0,6,300,6,0,0,0,0
249,0,1,0,NEGATIVE_PEAK,-3.0320,1.0000,-4,0,0,1.0000,484.73,10.44,12.94,17.57,218.00,900.50,12.00,17.00,0.0000,929.17,0,0,0.0000,NOT_RUN,0,32,77,0,6,300,6,0,0,0,0
250,0,1,0,NEGATIVE_PEAK,-3.6694,1.0000,-5,0,0,1.0000,484.73,10.44,12.94,17.57,221.50,884.50,13.00,17.00,0.0000,912.84,0,0,0.0000,NOT_RUN,0,33,76,0,6,300,6,0,0,0,0
251,0,1,0,NEGATIVE_PEAK,-3.5092,1.0000,-5,0,0,1.0000,484.73,10.44,12.94,17.57,225.00,869.50,14.00,17.00,0.0000,897.47,0,0,0.0000,NOT_RUN,0,36,75,0,6,300,7,0,0,0,0
252,0,1,0,NEGATIVE_PEAK,-3.1770,1.0000,-5,0,-1,0.8000,484.73,10.44,12.94,17.57,227.50,854.00,15.00,18.00,0.0000,881.91,0,0,0.0000,NOT_RUN,0,38,76,0,6,300,6,0,0,0,0
253,0,1,0,NEGATIVE_PEAK,-3.2167,1.0000,-5,32,23,0.8000,484.73,10.44,12.94,17.57,232.00,839.00,14.00,18.00,0.0000,866.25,0,0,0.0000,NOT_RUN,0,34,74,0,6,300,6,0,0,0,0
254,0,1,0,NEGATIVE_PEAK,-3.2495,1.0000,-5,32,23,0.6000,484.73,10.44,12.94,17.57,236.00,823.00,14.00,16.00,0.0000,849.78,0,0,0.0000,NOT_RUN,0,34,74,0,6,300,7,0,0,0,0
255,0,1,0,NEGATIVE_PEAK,-4.6821,1.3333,-8,9,4,0.6250,484.73,10.44,12.94,17.57,240.50,809.00,13.00,16.00,0.0000,835.08,0,0,0.0000,NOT_RUN,0,44,76,0,6,300,8,0,0,0,0
256,0,1,0,NEGATIVE_PEAK,-3.1250,1.0000,-5,9,5,0.8000,484.73,10.44,12.94,17.57,244.00,795.50,12.00,19.00,0.0000,821.14,0,0,0.0000,NOT_RUN,0,33,75,0,6,300,6,0,0,0,0
257,0,1,0,NEGATIVE_PEAK,-3.6164,1.0000,-5,32,23,0.6000,484.73,10.44,12.94,17.57,248.50,785.00,13.00,24.00,0.0000,809.79,0,0,0.0000,NOT_RUN,0,27,76,0,6,300,6,0,0,0,0
258,0,1,0,NEGATIVE_PEAK,-3.7298,1.0000,-5,-30,23,0.8000,484.73,10.44,12.94,17.57,254.50,770.00,13.00,24.00,0.0000,793.69,0,0,0.0000,NOT_RUN,0,30,75,0,6,300,6,0,0,0,0
259,0,1,0,NEGATIVE_PEAK,-3.7323,1.0000,-5,-31,23,0.8000,484.73,10.44,12.94,17.57,260.00,759.00,12.00,20.00,0.0000,781.57,0,0,0.0000,NOT_RUN,0,31,75,0,6,300,6,0,0,0,0
260,0,1,0,NEGATIVE_PEAK,-4.4522,1.2000,-6,-1,-1,0.6667,484.73,10.44,12.94,17.57,264.50,749.50,11.00,21.00,0.0000,771.18,0,0,0.0000,NOT_RUN,0,32,74,0,6,300,6,0,0,0,0
261,0,1,0,NEGATIVE_PEAK,-3.5969,1.2500,-5,-1,0,0.6000,484.73,10.44,12.94,17.57,269.50,739.00,11.00,22.00,0.0000,759.69,0,0,0.0000,NOT_RUN,0,27,73,0,6,300,6,0,0,0,0
262,0,1,0,NEGATIVE_PEAK,-3.6427,1.2500,-5,0,0,1.0000,484.73,10.44,12.94,17.57,274.50,732.00,11.00,20.00,0.0000,751.57,0,0,0.0000,NOT_RUN,0,31,73,0,6,300,6,0,0,0,0
263,0,1,0,NEGATIVE_PEAK,-3.7528,1.0000,-5,-31,23,0.8000,484.73,10.44,12.94,17.57,278.50,726.00,13.00,24.00,0.0000,744.69,0,0,0.0000,NOT_RUN,0,30,75,0,6,300,7,0,0,0,0
264,0,1,0,NEGATIVE_PEAK,-3.4838,1.0000,-5,0,0,1.0000,484.73,10.44,12.94,17.57,283.00,720.50,12.00,25.00,0.0000,738.16,0,0,0.0000,NOT_RUN,0,35,69,0,6,300,6,0,0,0,0
265,0,1,0,NEGATIVE_PEAK,-3.8780,1.2500,-5,-31,23,0.8000,484.73,10.44,12.94,17.57,286.00,716.50,10.00,21.00,0.0000,733.50,0,0,0.0000,NOT_RUN,0,32,73,0,6,300,7,0,0,0,0
266,0,1,0,NEGATIVE_PEAK,-4.5009,1.2000,-6,-1,0,0.8333,484.73,10.44,12.94,17.57,288.00,712.50,10.00,21.00,0.0000,729.11,0,0,0.0000,NOT_RUN,0,35,73,0,6,300,7,0,0,0,0
267,0,1,0,NEGATIVE_PEAK,-4.0790,1.0000,-6,9,0,0.8333,484.73,10.44,12.94,17.57,290.50,707.50,11.00,23.00,0.0000,723.62,0,0,0.0000,NOT_RUN,0,36,67,0,6,300,7,0,0,0,0
268,0,1,0,NEGATIVE_PEAK,-5.0568,1.3333,-8,-1,0,0.8750,484.73,10.44,12.94,17.57,292.50,704.00,11.00,26.00,0.0000,719.71,0,0,0.0000,NOT_RUN,0,43,72,0,6,300,9,0,0,0,0
269,0,1,0,NEGATIVE_PEAK,-3.5704,1.0000,-5,0,0,1.0000,484.73,10.44,12.94,17.57,294.00,701.50,10.00,27.00,0.0000,716.90,0,0,0.0000,NOT_RUN,0,36,73,0,6,300,7,0,0,0,0
270,0,1,0,NEGATIVE_PEAK,-4.9285,1.1667,-7,0,0,1.0000,484.73,10.44,12.94,17.57,294.50,697.50,11.00,27.00,0.0000,712.91,0,0,0.0000,NOT_RUN,0,32,74,0,6,300,8,0,0,0,0
271,0,1,0,NEGATIVE_PEAK,-4.2235,1.2500,-5,-31,23,0.8000,484.73,10.44,12.94,17.57,295.00,693.50,10.00,27.00,0.0000,708.92,0,0,0.0000,NOT_RUN,0,29,77,0,6,300,6,0,0,0,0
272,0,1,0,NEGATIVE_PEAK,-5.5222,1.1250,-9,0,-1,0.7778,484.73,10.44,12.94,17.57,295.50,689.50,9.00,27.00,0.0000,704.94,0,0,0.0000,NOT_RUN,0,40,76,0,6,300,9,0,0,0,0
273,0,1,0,NEGATIVE_PEAK,-5.0390,1.1667,-7,-1,0,0.8571,484.73,10.44,12.94,17.57,294.00,683.00,12.00,32.00,0.0000,699.09,0,0,0.0000,NOT_RUN,0,33,67,0,6,300,8,0,0,0,0
274,0,1,0,LOW_PSR,4.9724,1.2143,391,4,4,0.2967,484.73,10.44,12.94,17.57,294.00,679.50,12.00,31.00,0.0000,695.72,0,0,0.0000,NOT_RUN,0,2236,617,0,6,300,391,0,0,0,0
275,0,1,0,LOW_PSR,3.7778,1.0432,193,-9,2,0.5026,484.73,10.44,12.94,17.57,294.00,673.00,14.00,30.00,0.0000,689.47,0,0,0.0000,NOT_RUN,0,1080,733,0,6,300,193,0,0,0,0
276,0,1,1,ACCEPT,8.2680,1.4505,953,12,6,0.0136,489.61,13.72,12.94,17.57,294.50,668.50,13.00,27.00,0.0000,683.23,1,0,3.3208,ACCEPT,0,2648,110,3798,6,300,953,0,0,0,0
277,0,1,0,NEGATIVE_PEAK,-6.1636,1.1597,-138,7,5,0.2464,489.61,13.72,12.94,17.57,291.50,661.50,13.00,29.00,0.0000,677.40,0,0,0.0000,NOT_RUN,0,520,374,0,6,300,138,0,0,0,0
278,0,1,0,NEGATIVE_PEAK,-5.7953,1.0565,-131,2,-5,0.0534,489.61,13.72,12.94,17.57,291.00,656.00,18.00,30.00,0.0000,672.29,0,0,0.0000,NOT_RUN,0,344,148,0,6,300,131,0,0,0,0
279,0,1,1,ACCEPT,6.4753,1.1376,124,10,7,0.1452,493.67,17.55,12.94,17.57,290.00,649.00,18.00,28.00,0.0000,663.49,1,0,3.2398,ACCEPT,0,318,292,3752,6,300,124,0,0,0,0
280,0,1,0,NEGATIVE_PEAK,-7.6960,1.6071,-630,8,2,0.5746,493.67,17.55,12.94,17.57,286.50,640.00,19.00,28.00,0.0000,656.02,0,0,0.0000,NOT_RUN,0,1728,613,0,6,300,630,0,0,0,0
281,0,1,0,NEGATIVE_PEAK,-8.8171,1.4508,-531,-7,-12,0.0508,493.67,17.55,12.94,17.57,284.50,631.00,19.00,26.00,0.0000,648.13,0,0,0.0000,NOT_RUN,0,951,251,0,6,300,531,0,0,0,0
282,0,1,1,ACCEPT,7.8654,1.8776,276,-6,-19,0.1232,491.23,7.16,12.94,17.57,282.50,622.00,21.00,28.00,0.0000,649.31,1,0,3.2858,ACCEPT,0,596,114,9231,6,300,276,0,0,0,0
283,0,1,1,ACCEPT,6.1305,1.1303,399,-13,-16,0.1429,485.95,-1.59,12.94,17.57,281.50,610.00,23.00,28.00,0.0000,644.86,1,0,3.1894,ACCEPT,0,1232,182,5674,6,300,399,0,0,0,0
284,0,1,1,ACCEPT,5.1534,1.1268,160,-19,3,0.6562,478.23,0.05,12.45,16.89,280.00,598.50,22.00,27.00,0.0000,630.43,1,-1,2.6749,ACCEPT,0,619,406,2761,6,300,160,0,0,0,0
285,0,1,1,ACCEPT,10.6111,2.0366,389,-13,-4,0.0823,473.16,-2.08,12.45,16.89,280.00,587.50,24.00,27.00,0.0000,620.41,1,0,3.1113,ACCEPT,0,745,370,3172,6,300,389,0,0,0,0
286,0,1,0,NEGATIVE_PEAK,-5.2541,1.2318,-186,-9,0,0.4301,473.16,-2.08,12.45,16.89,277.50,577.00,25.00,28.00,0.0000,611.24,0,0,0.0000,NOT_RUN,0,627,179,0,6,300,186,0,0,0,0
287,0,1,1,ACCEPT,7.0312,1.4348,330,2,-1,0.7273,473.94,-2.61,11.97,16.24,275.00,569.00,24.00,30.00,0.0000,605.24,1,-1,2.4845,ACCEPT,0,912,120,8414,6,300,330,0,0,0,0
288,0,1,1,ACCEPT,7.2518,1.0402,932,-8,7,0.7575,470.94,0.89,11.06,15.02,272.00,560.00,24.00,28.00,0.0000,593.45,1,-2,2.0794,ACCEPT,0,1953,444,8473,6,300,932,0,0,0,0
289,0,1,1,ACCEPT,9.6030,1.2401,1684,3,-9,0.0439,471.97,-3.33,10.64,14.44,270.00,551.50,24.00,29.00,0.0000,590.45,1,-1,2.6613,ACCEPT,0,3417,298,7896,6,300,1684,0,0,0,0
290,0,1,1,ACCEPT,11.1944,2.1690,1065,-8,1,0.2009,469.34,-2.88,10.64,14.44,266.50,545.50,25.00,29.00,0.0000,584.69,1,0,3.0865,ACCEPT,0,1975,245,4811,6,300,1065,0,0,0,0
291,0,1,0,NEGATIVE_PEAK,-7.9768,1.1628,-500,-14,0,0.0300,469.34,-2.88,10.64,14.44,263.50,542.50,25.00,29.00,0.0000,582.93,0,0,0.0000,NOT_RUN,0,1086,221,0,6,300,500,0,0,0,0
292,0,1,0,NEGATIVE_PEAK,-8.1036,1.0000,-476,-15,-2,0.3235,469.34,-2.88,10.64,14.44,261.00,540.00,26.00,32.00,0.0000,581.48,0,0,0.0000,NOT_RUN,0,1001,147,0,6,300,476,0,0,0,0
293,0,1,1,ACCEPT,10.2500,1.4590,356,-6,7,0.1798,467.38,0.30,10.23,13.88,255.50,539.00,25.00,28.00,0.0000,578.87,1,-1,2.7276,ACCEPT,0,632,102,7341,6,300,356,0,0,0,0
294,0,1,1,ACCEPT,6.3701,1.1352,487,-15,-3,0.4394,462.69,-1.02,9.46,12.84,249.50,539.00,25.00,28.00,0.0000,580.57,1,-2,2.3782,ACCEPT,0,1107,227,5346,6,300,487,0,0,0,0
295,0,1,1,ACCEPT,5.6795,1.1900,332,2,-3,0.0301,463.28,-2.23,9.46,12.84,242.00,540.00,26.00,28.00,0.0000,585.65,1,-3,2.3787,MAX_STEP,0,969,222,5921,6,300,332,0,0,0,0
296,0,1,1,ACCEPT,8.7882,1.4439,270,-20,-5,0.3037,457.34,-4.27,9.09,12.34,235.00,541.50,26.00,29.00,0.0000,589.32,1,-1,2.7433,ACCEPT,0,477,138,7631,6,300,270,0,0,0,0
297,0,1,0,LOW_PSR,4.6137,1.0855,127,-18,-2,0.0157,457.34,-4.27,9.09,12.34,227.50,543.00,29.00,32.00,0.0000,593.57,0,0,0.0000,NOT_RUN,0,492,168,0,6,300,127,0,0,0,0
298,0,1,0,LOW_PSR,4.9505,1.0430,97,-13,9,0.8247,457.34,-4.27,9.09,12.34,220.00,546.00,26.00,30.00,0.0000,599.27,0,0,0.0000,NOT_RUN,0,380,323,0,6,300,97,0,0,0,0
299,0,1,1,ACCEPT,6.2112,1.4091,31,-7,2,0.2258,455.38,-3.48,8.74,11.87,213.50,548.00,27.00,30.00,0.0000,602.19,1,-1,3.0691,ACCEPT,0,123,280,3150,6,300,31,0,0,0,0
300,0,1,1,ACCEPT,6.2941,1.1364,50,-13,-2,0.0000,451.92,-4.23,8.41,11.41,207.50,550.50,25.00,29.00,0.0000,606.19,1,-1,2.7893,ACCEPT,0,164,245,3210,6,300,50,0,0,0,0
0,0,0,0,ZERO_RESPONSE,0.0000,0.0000,0,0,0,0.0000,298.00,360.50,10.00,13.00,298.00,360.50,10.00,13.00,1.0000,0.00,1,0,0.0000,NOT_RUN,0,0,207,18081,7,354,0,0,0,0,0
1,0,1,1,ACCEPT,28.3932,6.5141,1153,6,4,0.0486,299.88,362.12,10.00,13.00,300.50,362.00,9.00,14.00,0.8204,0.64,1,0,3.3184,ACCEPT,0,702,191,3225,7,354,1153,0,0,0,0
2,0,1,1,ACCEPT,11.4817,2.1224,208,7,6,0.0337,302.06,364.56,10.00,13.00,302.00,365.00,10.00,14.00,0.9174,0.44,1,0,3.3410,ACCEPT,0,244,177,11594,7,354,208,0,0,0,0
3,0,1,1,ACCEPT,12.6360,2.4568,683,10,4,0.1772,305.19,366.19,10.00,13.00,305.00,366.50,12.00,13.00,0.7973,0.36,1,0,3.3055,ACCEPT,0,816,193,8182,7,354,683,0,0,0,0
4,0,1,1,ACCEPT,12.1553,2.3267,1047,8,6,0.0697,307.69,368.62,10.00,13.00,307.50,368.00,11.00,14.00,0.8293,0.65,1,0,3.2724,ACCEPT,0,1085,198,14844,7,354,1047,0,0,0,0
5,0,1,1,ACCEPT,18.0234,3.6345,1621,8,4,0.0487,310.19,370.25,10.00,13.00,310.00,370.50,10.00,15.00,0.8368,0.31,1,0,3.3223,ACCEPT,0,1258,127,6376,7,354,1621,0,0,0,0
6,0,1,1,ACCEPT,11.9267,2.6630,482,12,7,0.1203,313.94,373.09,10.00,13.00,313.50,373.00,11.00,14.00,0.8442,0.45,1,0,3.3184,ACCEPT,0,471,96,14362,7,354,482,0,0,0,0
7,0,1,1,ACCEPT,11.3009,2.5606,1119,7,8,0.0384,316.12,376.34,10.00,13.00,316.00,377.00,10.00,14.00,0.8859,0.67,1,0,3.2622,ACCEPT,0,1175,93,27754,7,354,1119,0,0,0,0
8,0,1,1,ACCEPT,10.6844,1.8522,2469,12,11,0.0814,319.88,380.81,10.00,13.00,319.00,380.50,10.00,13.00,0.8027,0.93,1,0,3.3070,ACCEPT,0,3023,108,20503,7,354,2469,0,0,0,0
9,0,1,1,ACCEPT,10.1651,2.4117,2021,7,8,0.0980,322.06,384.06,10.00,13.00,322.00,385.00,10.00,14.00,0.8600,0.94,1,0,3.3638,ACCEPT,0,2690,87,25972,7,354,2021,0,0,0,0
10,0,1,1,ACCEPT,12.3124,2.3026,2222,11,11,0.0585,325.50,388.53,10.00,13.00,325.00,389.50,10.00,15.00,0.7891,1.09,1,0,3.2747,ACCEPT,0,2460,84,27589,7,354,2222,0,0,0,0
11,0,1,1,ACCEPT,10.8256,2.9047,2042,9,13,0.1944,328.31,393.81,10.00,13.00,328.50,395.50,9.00,15.00,0.7187,1.70,1,0,3.3055,ACCEPT,0,2895,112,20388,7,354,2042,0,0,0,0
12,0,1,1,ACCEPT,11.4510,2.3772,1645,14,16,0.2036,332.69,400.31,10.00,13.00,331.50,401.00,11.00,14.00,0.7245,1.37,1,0,3.4067,ACCEPT,0,2193,147,12955,7,354,1645,0,0,0,0
13,0,1,1,ACCEPT,7.2153,1.3813,1094,11,11,0.5750,336.12,404.78,10.00,13.00,335.00,407.00,12.00,14.00,0.5970,2.49,1,0,3.2675,ACCEPT,0,1836,214,6484,7,354,1094,0,0,0,0
14,0,1,1,ACCEPT,6.6491,1.6752,459,14,17,0.5948,340.50,411.69,10.00,13.00,339.00,413.00,12.00,14.00,0.6354,1.99,1,0,3.3798,ACCEPT,0,816,130,11519,7,354,459,0,0,0,0
15,0,1,1,ACCEPT,6.2188,1.1748,746,5,16,0.1126,342.06,418.19,10.00,13.00,341.50,417.50,11.00,15.00,0.7791,0.89,1,0,3.4104,ACCEPT,0,1558,97,7901,7,354,746,0,0,0,0
16,0,1,1,ACCEPT,8.1336,1.4055,565,12,11,0.2389,345.81,422.66,10.00,13.00,345.50,423.00,13.00,16.00,0.6250,0.46,1,0,3.5156,ACCEPT,0,1097,133,6520,7,354,565,0,0,0,0
17,0,1,1,ACCEPT,8.0728,1.2622,414,3,11,0.3213,346.75,427.12,10.00,13.00,345.00,429.50,10.00,15.00,0.5210,2.95,1,0,3.5773,ACCEPT,0,819,128,4672,7,354,414,0,0,0,0
18,0,1,1,ACCEPT,8.3779,1.4110,515,3,17,0.0777,347.69,434.03,10.00,13.00,346.50,434.50,9.00,15.00,0.6886,1.28,1,0,3.3742,ACCEPT,0,793,229,2911,7,354,515,0,0,0,0
19,0,1,1,ACCEPT,9.9777,2.2083,424,0,11,0.1675,347.69,438.50,10.00,13.00,345.50,440.50,15.00,17.00,0.5098,2.96,1,0,3.3953,ACCEPT,0,599,162,4337,7,354,424,0,0,0,0
20,0,1,1,ACCEPT,6.5458,1.4076,297,-1,10,0.0034,347.38,442.56,10.00,13.00,347.00,445.50,10.00,15.00,0.6136,2.96,1,0,3.4073,ACCEPT,0,590,155,4879,7,354,297,0,0,0,0
21,0,1,1,ACCEPT,6.9195,1.6463,377,2,12,0.3714,348.00,447.44,10.00,13.00,347.00,449.50,10.00,17.00,0.6343,2.29,1,0,3.0433,ACCEPT,0,888,191,5809,7,354,377,0,0,0,0
22,0,1,0,NEGATIVE_PEAK,-5.2040,1.0665,-337,15,13,0.0475,348.00,447.44,10.00,13.00,345.50,454.00,11.00,16.00,0.2619,7.02,0,0,0.0000,NOT_RUN,0,911,116,0,7,354,337,0,0,0,0
23,0,1,0,NEGATIVE_PEAK,-4.7706,1.0492,-320,1,7,0.0344,348.00,447.44,10.00,13.00,343.50,456.00,11.00,16.00,0.1318,9.67,0,0,0.0000,NOT_RUN,0,821,71,0,7,354,320,0,0,0,0
24,0,1,0,LOW_PSR,4.8274,1.1169,430,15,7,0.3791,348.00,447.44,10.00,13.00,343.00,457.50,12.00,15.00,0.0825,11.24,0,0,0.0000,NOT_RUN,0,1134,150,0,7,354,430,0,0,0,0
25,0,1,0,LOW_PSR,4.2341,1.2050,335,4,13,0.0896,348.00,447.44,10.00,13.00,342.00,458.00,14.00,16.00,0.0715,12.15,0,0,0.0000,NOT_RUN,0,992,86,0,7,354,335,0,0,0,0
26,0,1,0,LOW_PSR,3.7654,1.0064,313,-15,22,0.0990,348.00,447.44,10.00,13.00,342.00,458.50,12.00,17.00,0.0626,12.58,0,0,0.0000,NOT_RUN,0,1035,145,0,7,354,313,0,0,0,0
27,0,1,0,LOW_PSR,4.9286,1.3249,469,-10,-5,0.0064,348.00,447.44,10.00,13.00,340.00,457.00,10.00,16.00,0.0353,12.47,0,0,0.0000,NOT_RUN,0,1486,109,0,7,354,469,0,0,0,0
28,0,1,0,LOW_PSR,4.4974,1.0446,351,-2,20,0.1111,348.00,447.44,10.00,13.00,339.50,455.50,11.00,17.00,0.0458,11.72,0,0,0.0000,NOT_RUN,0,900,97,0,7,354,351,0,0,0,0
29,0,1,0,LOW_PSR,4.6038,1.1025,355,19,14,0.5268,348.00,447.44,10.00,13.00,339.00,454.50,12.00,17.00,0.0499,11.44,0,0,0.0000,NOT_RUN,0,1061,120,0,7,354,355,0,0,0,0
30,0,1,1,ACCEPT,5.1088,1.0272,416,1,-3,0.1562,348.31,446.22,10.40,13.52,338.00,452.50,12.00,17.00,0.0237,12.07,1,1,2.3274,ACCEPT,0,947,95,12674,7,354,416,0,0,0,0
31,0,1,1,ACCEPT,6.1926,1.5233,524,-17,6,0.5248,342.73,448.75,10.40,13.52,338.50,451.00,15.00,20.00,0.3509,4.80,1,0,3.3521,ACCEPT,0,880,45,6050,7,354,524,0,0,0,0
32,0,1,1,ACCEPT,8.1492,2.1544,642,-4,-2,0.1355,341.42,447.91,10.40,13.52,337.50,450.00,15.00,20.00,0.3687,4.45,1,0,2.8150,ACCEPT,0,1216,92,13926,7,354,642,0,0,0,0
33,0,1,1,ACCEPT,7.8232,1.7558,1201,3,-1,0.1324,342.41,447.48,10.40,13.52,337.00,449.50,14.00,21.00,0.2680,5.77,1,0,2.7684,ACCEPT,0,2187,121,16039,7,354,1201,0,0,0,0
34,0,1,1,ACCEPT,9.8847,2.2674,1696,1,2,0.7364,342.73,448.33,10.40,13.52,337.50,448.50,13.00,21.00,0.2680,5.24,1,1,1.7413,LOW_CONF,0,2894,132,16229,7,354,1696,0,0,0,0
35,0,1,1,ACCEPT,10.2014,1.9843,1520,-6,-1,0.0539,340.77,447.91,10.40,13.52,337.00,450.00,14.00,22.00,0.3408,4.31,1,0,2.7363,ACCEPT,0,2128,157,13166,7,354,1520,0,0,0,0
36,0,1,1,ACCEPT,10.9372,2.3855,1479,0,1,0.8384,340.77,448.33,10.40,13.52,335.50,449.00,13.00,20.00,0.2774,5.31,1,0,2.9861,ACCEPT,0,2104,175,16215,7,354,1479,0,0,0,0
37,0,1,1,ACCEPT,10.2585,2.1683,2654,-2,5,0.1168,340.11,450.44,10.82,14.06,336.00,451.00,12.00,22.00,0.3274,4.15,1,1,2.2596,ACCEPT,0,2979,99,24603,7,354,2654,0,0,0,0
38,0,1,1,ACCEPT,11.6594,2.0954,3623,-1,5,0.1573,339.77,452.62,11.25,14.62,334.00,452.00,14.00,22.00,0.2695,5.80,1,1,2.4432,ACCEPT,0,4287,76,21504,7,354,3623,0,0,0,0
39,0,1,1,ACCEPT,13.0465,2.4862,4607,-2,3,0.2234,339.08,453.98,11.25,14.62,335.00,454.50,14.00,21.00,0.3747,4.11,1,0,3.3170,ACCEPT,0,4670,64,19751,7,354,4607,0,0,0,0
40,0,1,1,ACCEPT,7.7778,1.4339,4600,-1,5,0.1752,338.73,456.25,11.25,14.62,334.00,457.50,14.00,19.00,0.3661,4.90,1,0,3.4542,ACCEPT,0,6341,118,8821,7,354,4600,0,0,0,0
41,0,1,1,ACCEPT,12.1124,2.4540,2373,-5,6,0.2158,337.02,458.97,11.25,14.62,332.50,460.00,13.00,22.00,0.3280,4.63,1,0,3.2187,ACCEPT,0,3102,51,7570,7,354,2373,0,0,0,0
42,0,1,1,ACCEPT,12.5599,2.2722,1845,-4,5,0.4412,335.64,461.23,11.25,14.62,332.50,463.00,11.00,20.00,0.4360,3.60,1,0,3.0774,ACCEPT,0,2116,151,7927,7,354,1845,0,0,0,0
43,0,1,1,ACCEPT,7.6456,1.4040,1741,-3,7,0.2435,334.61,464.41,11.70,15.21,330.50,465.00,15.00,22.00,0.3825,4.15,1,1,2.3828,ACCEPT,0,3710,187,7331,7,354,1741,0,0,0,0
44,0,1,1,ACCEPT,12.5301,2.5783,3161,-2,7,0.1152,333.89,467.69,12.17,15.82,330.00,467.50,14.00,19.00,0.4645,3.90,1,1,2.0149,ACCEPT,0,3288,277,2439,7,354,3161,0,0,0,0
45,0,1,1,ACCEPT,14.6399,2.4036,1459,1,4,0.2447,334.27,469.69,12.17,15.82,330.50,470.00,13.00,22.00,0.4114,3.78,1,0,2.8755,ACCEPT,0,1484,161,7934,7,354,1459,0,0,0,0
46,0,1,1,ACCEPT,6.7175,1.1255,1848,1,6,0.4085,334.64,472.69,13.16,17.11,330.50,471.00,15.00,24.00,0.4096,4.47,1,2,2.3221,ACCEPT,0,3420,222,5099,7,354,1848,0,0,0,0
47,0,1,1,ACCEPT,8.6549,1.6347,2014,-1,4,0.0516,334.23,474.81,13.69,17.79,330.00,475.50,16.00,23.00,0.4465,4.29,1,1,2.8090,ACCEPT,0,2591,289,1963,7,354,2014,0,0,0,0
48,0,1,1,ACCEPT,10.7791,2.4031,1079,0,5,0.2447,334.23,477.62,14.23,18.50,331.00,478.00,20.00,20.00,0.6319,3.26,1,1,2.5316,ACCEPT,0,1303,116,11467,7,354,1079,0,0,0,0
49,0,1,1,ACCEPT,12.4150,2.7751,4146,2,2,0.3989,335.11,478.78,14.80,19.24,332.50,480.00,13.00,20.00,0.6165,2.88,1,1,3.0225,ACCEPT,0,4700,103,4894,7,354,4146,0,0,0,0
50,0,1,1,ACCEPT,10.0785,1.6077,1635,0,4,0.5853,335.11,481.16,15.39,20.01,330.00,480.00,12.00,16.00,0.3789,5.24,1,1,2.7530,ACCEPT,0,2376,158,4705,7,354,1635,0,0,0,0
51,0,1,1,ACCEPT,9.6560,2.2282,1279,-2,4,0.1775,334.14,483.66,16.01,20.81,331.00,482.50,20.00,21.00,0.6387,3.35,1,1,2.3016,ACCEPT,0,1576,108,12145,7,354,1279,0,0,0,0
52,0,1,1,ACCEPT,6.2207,1.0180,2596,-8,-10,0.0489,330.14,477.09,16.01,20.81,329.00,486.00,20.00,22.00,0.3492,8.98,1,0,2.7128,ACCEPT,0,4787,106,14343,7,354,2596,0,0,0,0
53,0,1,1,ACCEPT,5.9329,1.2193,3013,-6,3,0.5523,327.14,479.06,16.01,20.81,326.50,486.00,17.00,22.00,0.4805,6.97,1,0,3.0991,ACCEPT,0,6327,149,11231,7,354,3013,0,0,0,0
54,0,1,1,ACCEPT,9.2758,1.2436,4227,-8,1,0.3646,323.14,479.72,16.01,20.81,323.00,485.50,14.00,19.00,0.4926,5.78,1,0,2.6341,ACCEPT,0,6749,138,12164,7,354,4227,0,0,0,0
55,0,1,1,ACCEPT,7.8975,1.2606,4716,-1,9,0.2328,322.64,485.62,16.01,20.81,319.00,486.50,16.00,21.00,0.5876,3.74,1,0,2.6619,ACCEPT,0,8397,167,3650,7,354,4716,0,0,0,0
56,0,1,1,ACCEPT,7.4482,1.6040,1612,2,12,0.2035,323.64,493.50,16.01,20.81,315.50,485.00,15.00,20.00,0.1607,11.77,1,0,2.5030,ACCEPT,0,2742,91,8858,7,354,1612,0,0,0,0
57,0,1,1,ACCEPT,5.6888,1.1904,2738,12,12,0.1746,329.64,501.38,16.65,21.65,314.00,484.00,16.00,20.00,0.0035,23.38,1,1,2.7860,ACCEPT,0,6498,262,3226,7,354,2738,0,0,0,0
58,0,1,1,ACCEPT,8.4608,1.3785,1628,-5,14,0.1198,327.06,510.78,16.65,21.65,311.50,483.00,15.00,20.00,0.0000,31.84,1,0,2.1930,ACCEPT,0,2508,291,2500,7,354,1628,0,0,0,0
59,0,1,1,ACCEPT,7.6379,1.5178,598,-2,5,0.2174,326.03,514.14,16.65,21.65,310.50,481.50,15.00,19.00,0.0000,36.15,1,3,2.2025,MAX_STEP,0,886,110,5897,7,354,598,0,0,0,0
60,0,1,1,ACCEPT,9.6179,1.3923,1668,-12,8,0.0258,319.84,519.52,16.65,21.65,308.00,479.50,14.00,21.00,0.0000,41.73,1,2,1.6802,LOW_CONF,0,2216,177,4091,7,354,1668,0,0,0,0
61,0,1,1,ACCEPT,8.0714,1.3100,862,-10,11,0.0336,314.69,526.91,17.32,22.51,305.50,477.50,13.00,19.00,0.0000,50.25,1,1,2.0758,ACCEPT,0,1222,134,6159,7,354,862,0,0,0,0
62,0,1,1,ACCEPT,6.7217,1.2873,1156,-6,-4,0.4273,311.41,524.09,17.32,22.51,303.00,476.00,14.00,20.00,0.0000,48.82,1,3,2.0525,MAX_STEP,0,2364,150,6397,7,354,1156,0,0,0,0
63,0,1,1,ACCEPT,8.8743,1.5981,2135,-1,7,0.1593,310.86,529.02,17.32,22.51,299.50,474.00,15.00,20.00,0.0000,56.18,1,3,2.4277,MAX_STEP,0,2628,169,6336,7,354,2135,0,0,0,0
64,0,1,1,ACCEPT,7.2553,1.0714,1441,-4,-5,0.1138,308.67,525.50,18.01,23.41,299.50,472.50,19.00,23.00,0.0000,53.79,1,1,2.8482,ACCEPT,0,2275,150,6130,7,354,1441,0,0,0,0
65,0,1,1,ACCEPT,5.3800,1.0269,1182,-10,14,0.6658,303.05,535.78,18.01,23.41,296.00,472.00,16.00,20.00,0.0000,64.17,1,3,2.6794,MAX_STEP,0,2446,173,5039,7,354,1182,0,0,0,0
66,0,1,1,ACCEPT,6.0355,1.0996,795,4,-6,0.3799,305.30,531.38,18.73,24.35,294.00,469.00,18.00,20.00,0.0000,63.39,1,1,2.5639,ACCEPT,0,1517,153,4131,7,354,795,0,0,0,0
67,0,1,1,ACCEPT,6.7575,1.1507,817,5,-10,0.1677,308.19,523.72,19.48,25.32,290.00,468.50,18.00,21.00,0.0000,58.14,1,1,2.7723,ACCEPT,0,1617,141,5387,7,354,817,0,0,0,0
68,0,1,1,ACCEPT,8.8753,1.5466,1443,6,-10,0.1767,311.84,515.75,19.48,25.32,286.00,468.00,18.00,18.00,0.0000,54.30,1,1,2.5322,OUT_OF_RANGE,0,2303,171,6520,7,354,1443,0,0,0,0
69,0,1,1,ACCEPT,12.2811,1.9915,2573,5,-9,0.0373,314.89,508.58,19.48,25.32,281.50,467.00,19.00,20.00,0.0000,53.33,1,1,2.3011,OUT_OF_RANGE,0,3297,176,7208,7,354,2573,0,0,0,0
70,0,1,1,ACCEPT,13.4383,2.3569,3071,5,-9,0.0228,317.94,501.41,19.48,25.32,278.00,467.00,18.00,20.00,0.0000,52.71,1,1,1.3844,OUT_OF_RANGE,0,3607,176,7397,7,354,3071,0,0,0,0
71,0,1,1,ACCEPT,17.4735,3.1727,4318,6,-7,0.1000,321.59,495.83,19.48,25.32,274.50,466.50,19.00,21.00,0.0000,55.48,1,1,2.6825,OUT_OF_RANGE,0,3825,180,7071,7,354,4318,0,0,0,0
72,0,1,1,ACCEPT,18.6489,3.1889,4069,6,-9,0.0216,325.25,488.66,19.48,25.32,271.50,467.00,19.00,20.00,0.0000,57.95,1,1,1.6832,OUT_OF_RANGE,0,3553,175,8216,7,354,4069,0,0,0,0
73,0,1,1,ACCEPT,18.4208,3.2309,5247,9,-7,0.2746,330.73,483.08,19.48,25.32,270.00,468.00,20.00,20.00,0.0000,62.58,1,1,2.6779,OUT_OF_RANGE,0,4057,182,7255,7,354,5247,0,0,0,0
74,0,1,1,ACCEPT,21.2931,3.5310,4781,8,-7,0.1134,335.61,477.50,19.48,25.32,268.50,469.00,19.00,20.00,0.0000,67.65,1,1,2.6617,OUT_OF_RANGE,0,3498,172,8082,7,354,4781,0,0,0,0
75,0,1,1,ACCEPT,22.4828,3.9756,4882,6,-9,0.0113,339.27,470.33,19.48,25.32,265.50,469.50,19.00,19.00,0.0000,73.77,1,-9,1.2518,MAX_STEP,0,3683,170,8557,7,354,4882,0,0,0,0
76,0,1,1,ACCEPT,25.3135,4.4822,6172,6,-7,0.0251,342.92,464.75,19.48,25.32,262.50,472.00,19.00,20.00,0.0000,80.75,1,1,2.5634,OUT_OF_RANGE,0,4394,179,9006,7,354,6172,0,0,0,0
77,0,1,1,ACCEPT,25.3059,4.4568,5464,3,-9,0.0179,344.75,457.58,19.48,25.32,257.50,473.00,19.00,18.00,0.0000,88.60,1,1,2.0283,OUT_OF_RANGE,0,4287,169,8847,7,354,5464,0,0,0,0
78,0,1,1,ACCEPT,26.5980,4.8751,5504,3,-9,0.0158,346.58,450.41,19.48,25.32,253.50,475.00,19.00,20.00,0.0000,96.27,1,-7,1.5311,MAX_STEP,0,4093,171,8402,7,354,5504,0,0,0,0
79,0,1,1,ACCEPT,26.5531,5.4400,5897,5,-8,0.1192,349.62,444.03,19.48,25.32,250.50,476.50,19.00,19.00,0.0000,104.31,1,1,2.4090,OUT_OF_RANGE,0,4117,178,9685,7,354,5897,0,0,0,0
80,0,1,1,ACCEPT,29.0019,6.0783,6601,3,-8,0.0818,351.45,437.66,19.48,25.32,247.00,478.50,20.00,19.00,0.0000,112.15,1,2,2.0763,OUT_OF_RANGE,0,3997,150,9167,7,354,6601,0,0,0,0
81,0,1,1,ACCEPT,27.3028,4.1973,6510,6,-9,0.0951,355.11,430.48,19.48,25.32,243.00,481.00,20.00,20.00,0.0000,122.96,1,1,2.8119,OUT_OF_RANGE,0,3893,168,9395,7,354,6510,0,0,0,0
82,0,1,1,ACCEPT,30.0054,5.8631,6766,3,-6,0.0636,356.94,425.70,19.48,25.32,240.50,483.50,19.00,19.00,0.0000,129.99,1,2,2.2863,OUT_OF_RANGE,0,4036,155,12644,7,354,6766,0,0,0,0
83,0,1,1,ACCEPT,29.5234,5.1557,7883,3,-9,0.0290,358.77,418.53,19.48,25.32,236.50,486.00,19.00,18.00,0.0000,139.65,1,-5,1.6011,MAX_STEP,0,4972,157,11443,7,354,7883,0,0,0,0
84,0,1,1,ACCEPT,31.2661,5.2134,7575,4,-8,0.0689,361.20,412.16,19.48,25.32,233.50,486.50,21.00,17.00,0.0000,147.77,1,-5,1.3883,MAX_STEP,0,4153,148,9057,7,354,7575,0,0,0,0
85,0,1,1,ACCEPT,31.9169,5.8535,6035,5,-7,0.1064,364.25,406.58,19.48,25.32,231.00,491.50,22.00,19.00,0.0000,158.01,1,1,2.6278,OUT_OF_RANGE,0,3301,156,10810,7,354,6035,0,0,0,0
86,0,1,1,ACCEPT,31.8513,5.4826,7089,5,-8,0.0545,367.30,400.20,19.48,25.32,229.00,493.00,20.00,20.00,0.0000,166.55,1,1,1.8369,OUT_OF_RANGE,0,3891,164,10081,7,354,7089,0,0,0,0
87,0,1,1,ACCEPT,32.4607,5.5345,7145,6,-6,0.0378,370.95,395.42,19.48,25.32,226.00,496.50,20.00,19.00,0.0000,176.72,1,2,2.3239,OUT_OF_RANGE,0,3464,146,13309,7,354,7145,0,0,0,0
88,0,1,1,ACCEPT,29.0896,4.1040,9033,7,-7,0.0375,375.22,389.84,19.48,25.32,226.00,501.00,18.00,18.00,0.0000,186.07,1,3,1.8601,MAX_STEP,0,4445,152,7762,7,354,9033,0,0,0,0
89,0,1,1,ACCEPT,31.7454,5.0018,5677,9,-7,0.0745,380.70,384.27,19.48,25.32,225.50,504.50,17.00,17.00,0.0000,196.33,1,2,2.4364,OUT_OF_RANGE,0,2700,162,3485,7,354,5677,0,0,0,0
90,0,1,1,ACCEPT,37.2856,8.1836,2897,8,-6,0.0576,385.58,379.48,19.48,25.32,224.50,508.50,19.00,19.00,0.0000,206.38,1,2,2.6658,OUT_OF_RANGE,0,1338,164,6258,7,354,2897,0,0,0,0
91,0,1,1,ACCEPT,37.6338,6.6252,5214,8,-6,0.0368,390.45,374.70,19.48,25.32,224.00,512.50,18.00,17.00,0.0000,216.09,1,3,2.4602,MAX_STEP,0,2395,171,7679,7,354,5214,0,0,0,0
92,0,1,1,ACCEPT,35.6011,5.9134,6280,10,-7,0.0691,396.55,369.12,19.48,25.32,223.00,517.00,18.00,18.00,0.0000,228.00,1,2,1.7162,OUT_OF_RANGE,0,2875,171,3547,7,354,6280,0,0,0,0
93,0,1,1,ACCEPT,37.5155,6.8910,2908,7,-5,0.0829,400.81,365.14,19.48,25.32,223.00,521.50,18.00,19.00,0.0000,236.78,1,-5,1.8175,MAX_STEP,0,1280,150,4462,7,354,2908,0,0,0,0
94,0,1,1,ACCEPT,37.3265,7.8511,3690,9,-6,0.0228,406.30,360.36,19.48,25.32,221.00,526.50,20.00,19.00,0.0000,248.87,1,4,2.1389,MAX_STEP,0,1686,173,5726,7,354,3690,0,0,0,0
95,0,1,1,ACCEPT,41.4079,7.1623,5472,8,-5,0.0786,411.17,356.38,19.48,25.32,222.00,533.50,20.00,21.00,0.0000,259.15,1,2,2.4082,OUT_OF_RANGE,0,2366,176,9042,7,354,5472,0,0,0,0
96,0,1,1,ACCEPT,37.6111,7.0491,7176,6,-6,0.0277,414.83,351.59,19.48,25.32,221.50,539.50,19.00,21.00,0.0000,269.60,1,3,2.0079,MAX_STEP,0,3202,149,5914,7,354,7176,0,0,0,0
97,0,1,1,ACCEPT,36.8588,6.3993,3910,5,-6,0.0266,417.88,346.81,19.48,25.32,219.50,545.00,19.00,20.00,0.0000,280.41,1,-5,2.3623,MAX_STEP,0,1894,157,7651,7,354,3910,0,0,0,0
98,0,1,1,ACCEPT,39.9361,8.4163,5681,7,-5,0.0604,422.14,342.83,19.48,25.32,219.00,552.00,18.00,22.00,0.0000,291.58,1,-5,1.6983,MAX_STEP,0,2580,169,7707,7,354,5681,0,0,0,0
99,0,1,1,ACCEPT,39.9182,8.1907,5283,8,-4,0.0755,427.02,339.64,19.48,25.32,219.50,559.50,19.00,23.00,0.0000,302.33,1,3,1.9019,MAX_STEP,0,2309,178,6799,7,354,5283,0,0,0,0
100,0,1,1,ACCEPT,37.7108,6.6262,4254,5,-5,0.0322,430.06,335.66,19.48,25.32,220.50,567.00,17.00,20.00,0.0000,312.15,1,-4,1.8529,MAX_STEP,0,2039,169,6523,7,354,4254,0,0,0,0
101,0,1,1,ACCEPT,37.0901,7.4368,3882,5,-5,0.0518,433.11,331.67,19.48,25.32,220.50,574.50,17.00,19.00,0.0000,322.75,1,-5,2.0320,MAX_STEP,0,1776,164,8577,7,354,3882,0,0,0,0
102,0,1,1,ACCEPT,39.6633,8.6655,4922,5,-5,0.0616,436.16,327.69,19.48,25.32,222.50,582.50,17.00,21.00,0.0000,332.53,1,-4,2.1509,MAX_STEP,0,2202,155,13518,7,354,4922,0,0,0,0
103,0,1,1,ACCEPT,36.1795,7.0728,7186,4,-5,0.0509,438.59,323.70,19.48,25.32,222.50,591.00,17.00,22.00,0.0000,343.72,1,2,2.1917,OUT_OF_RANGE,0,3765,143,13242,7,354,7186,0,0,0,0
104,0,1,1,ACCEPT,31.9949,6.6306,6120,2,-5,0.0475,439.81,319.72,19.48,25.32,223.00,598.00,18.00,22.00,0.0000,352.77,1,4,1.9951,MAX_STEP,0,3723,134,13559,7,354,6120,0,0,0,0
105,0,1,1,ACCEPT,34.2596,7.0656,6889,4,-5,0.0662,442.25,315.73,19.48,25.32,224.50,606.50,19.00,21.00,0.0000,363.26,1,3,2.1550,MAX_STEP,0,3584,137,12791,7,354,6889,0,0,0,0
106,0,1,1,ACCEPT,33.2728,6.5756,6352,5,-4,0.0800,445.30,312.55,19.48,25.32,225.00,614.50,18.00,21.00,0.0000,373.77,1,3,2.6184,MAX_STEP,0,3313,149,11632,7,354,6352,0,0,0,0
107,0,1,1,ACCEPT,35.5293,7.5830,6256,4,-5,0.0900,447.73,308.56,19.48,25.32,226.00,622.50,18.00,21.00,0.0000,384.35,1,-5,1.9092,MAX_STEP,0,2948,167,11122,7,354,6256,0,0,0,0
108,0,1,1,ACCEPT,30.8346,6.3360,5563,1,-5,0.0002,448.34,304.58,19.48,25.32,226.00,630.00,18.00,22.00,0.0000,394.13,1,-6,2.0608,MAX_STEP,0,3339,167,10822,7,354,5563,0,0,0,0
109,0,1,1,ACCEPT,27.6956,4.8772,4648,0,-6,0.0749,448.34,299.80,19.48,25.32,225.50,637.00,19.00,22.00,0.0000,404.18,1,3,2.4883,MAX_STEP,0,2954,168,13019,7,354,4648,0,0,0,0
110,0,1,1,ACCEPT,29.4113,4.8169,6103,-1,-6,0.0506,447.73,295.02,19.48,25.32,225.50,643.00,19.00,22.00,0.0000,412.89,1,-5,1.8819,MAX_STEP,0,3871,166,13109,7,354,6103,0,0,0,0
111,0,1,1,ACCEPT,30.6454,5.6661,7043,1,-5,0.0537,448.34,291.03,19.48,25.32,226.00,649.50,18.00,19.00,0.0000,421.83,1,-5,1.7888,MAX_STEP,0,3734,163,12845,7,354,7043,0,0,0,0
112,0,1,1,ACCEPT,29.5970,6.0783,6133,0,-7,0.0168,448.34,285.45,19.48,25.32,226.50,656.00,17.00,20.00,0.0000,431.88,1,-5,2.0951,MAX_STEP,0,3648,147,12298,7,354,6133,0,0,0,0
113,0,1,1,ACCEPT,27.2566,5.6846,4650,-1,-8,0.0437,447.73,279.08,19.48,25.32,228.00,662.00,18.00,22.00,0.0000,441.49,1,4,2.0273,MAX_STEP,0,3251,155,13722,7,354,4650,0,0,0,0
114,0,1,1,ACCEPT,26.0409,5.0308,4573,-2,-9,0.0291,446.52,271.91,19.48,25.32,230.00,667.00,18.00,22.00,0.0000,450.53,1,-5,2.2606,MAX_STEP,0,3221,151,13819,7,354,4573,0,0,0,0
115,0,1,1,ACCEPT,26.1509,5.1795,4905,0,-9,0.0438,446.52,264.73,19.48,25.32,232.50,672.50,17.00,21.00,0.0000,460.52,1,5,1.6193,MAX_STEP,0,3308,156,12757,7,354,4905,0,0,0,0
116,0,1,1,ACCEPT,26.7461,5.4254,5165,1,-9,0.0904,447.12,257.56,19.48,25.32,235.00,676.50,18.00,21.00,0.0000,469.58,1,-5,1.8948,MAX_STEP,0,3392,169,12155,7,354,5165,0,0,0,0
117,0,1,1,ACCEPT,28.5117,5.4072,5856,4,-9,0.0692,449.56,250.39,19.48,25.32,237.50,680.00,19.00,20.00,0.0000,479.10,1,3,1.7587,MAX_STEP,0,3241,188,11735,7,354,5856,0,0,0,0
118,0,1,1,ACCEPT,29.5359,5.4026,6213,5,-7,0.0383,452.61,244.81,19.48,25.32,240.00,684.50,20.00,21.00,0.0000,488.39,1,-5,2.0387,MAX_STEP,0,3304,197,11208,7,354,6213,0,0,0,0
119,0,1,1,ACCEPT,29.9114,6.8103,6320,5,-8,0.0017,455.66,238.44,19.48,25.32,242.00,687.00,20.00,20.00,0.0000,496.85,1,-5,1.7511,MAX_STEP,0,3414,179,12448,7,354,6320,0,0,0,0
120,0,1,1,ACCEPT,32.5178,6.1432,6819,5,-8,0.0106,458.70,232.06,19.48,25.32,244.00,689.50,20.00,21.00,0.0000,505.32,1,4,1.8458,MAX_STEP,0,3716,189,10277,7,354,6819,0,0,0,0
121,0,1,1,ACCEPT,33.8708,5.7859,5890,4,-8,0.0031,461.14,225.69,19.48,25.32,246.00,693.50,20.00,19.00,0.0000,514.91,1,5,1.8188,MAX_STEP,0,3032,183,8219,7,354,5890,0,0,0,0
122,0,1,1,ACCEPT,35.3263,6.6837,4565,4,-9,0.0096,463.58,218.52,19.48,25.32,248.50,697.00,19.00,20.00,0.0000,524.60,1,3,2.5571,MAX_STEP,0,2335,188,8052,7,354,4565,0,0,0,0
123,0,1,1,ACCEPT,34.3441,6.6344,4047,2,-9,0.0447,464.80,211.34,19.48,25.32,252.00,700.00,20.00,20.00,0.0000,532.98,1,-5,2.7276,MAX_STEP,0,2166,183,7989,7,354,4047,0,0,0,0
124,0,1,1,ACCEPT,35.7309,7.1695,5076,5,-7,0.0020,467.84,205.77,19.48,25.32,254.00,702.00,18.00,20.00,0.0000,540.35,1,4,1.6048,MAX_STEP,0,2478,203,6706,7,354,5076,0,0,0,0
125,0,1,1,ACCEPT,33.7713,7.2075,4202,6,-8,0.0628,471.50,199.39,19.48,25.32,257.50,707.00,17.00,20.00,0.0000,550.88,1,-5,2.2677,MAX_STEP,0,2280,217,6360,7,354,4202,0,0,0,0
126,0,1,1,ACCEPT,35.6912,7.3355,4482,7,-6,0.0736,475.77,194.61,19.48,25.32,261.50,710.00,17.00,20.00,0.0000,558.16,1,5,1.2704,MAX_STEP,0,2119,215,5207,7,354,4482,0,0,0,0
127,0,1,1,ACCEPT,32.1809,6.4710,4135,10,-8,0.0738,481.86,188.23,19.48,25.32,266.00,714.00,18.00,22.00,0.0000,568.35,1,-4,2.0151,MAX_STEP,0,1970,234,5476,7,354,4135,0,0,0,0
128,0,1,1,ACCEPT,31.1569,4.9889,4929,12,-5,0.0063,489.17,184.25,19.48,25.32,270.50,718.00,15.00,24.00,0.0000,576.81,1,4,1.5131,MAX_STEP,0,2478,231,8412,7,354,4929,0,0,0,0
129,0,1,1,ACCEPT,29.3795,4.5237,6668,12,-6,0.0652,496.48,179.47,19.48,25.32,276.00,722.00,16.00,26.00,0.0000,585.62,1,5,1.2141,MAX_STEP,0,3668,227,5255,7,354,6668,0,0,0,0
130,0,1,1,ACCEPT,28.3628,4.2361,4198,14,-4,0.0017,505.02,176.28,19.48,25.32,280.00,725.00,16.00,26.00,0.0000,593.06,1,5,1.0627,MAX_STEP,0,2450,230,4898,7,354,4198,0,0,0,0
131,0,1,1,ACCEPT,26.8716,3.9242,4089,15,-5,0.0086,514.16,172.30,19.48,25.32,287.50,732.00,13.00,24.00,0.0000,603.85,1,6,0.8042,MAX_STEP,0,2594,227,5499,7,354,4089,0,0,0,0
132,0,1,1,ACCEPT,25.0154,4.0716,4491,18,-5,0.0138,525.12,168.31,19.48,25.32,295.00,737.00,14.00,26.00,0.0000,613.48,1,5,1.0090,MAX_STEP,0,3120,231,7504,7,354,4491,0,0,0,0
133,0,1,1,ACCEPT,27.8797,4.3563,6016,16,-6,0.0266,534.88,163.53,19.48,25.32,303.00,742.50,12.00,25.00,0.0000,623.68,1,5,1.0450,MAX_STEP,0,3478,181,5765,7,354,6016,0,0,0,0
134,0,1,1,ACCEPT,30.9309,5.1242,4166,14,-8,0.0228,543.41,157.16,19.48,25.32,310.50,745.00,13.00,30.00,0.0000,632.30,1,-5,0.9996,MAX_STEP,0,2375,223,5866,7,354,4166,0,0,0,0
135,0,1,1,ACCEPT,32.2576,4.9517,4615,14,-6,0.0325,551.94,152.38,19.48,25.32,317.50,749.50,11.00,25.00,0.0000,641.50,1,-14,0.6755,MAX_STEP,0,2456,216,6740,7,354,4615,0,0,0,0
136,0,1,1,ACCEPT,34.0118,5.5604,4971,12,-7,0.0821,559.25,146.80,19.48,25.32,322.50,754.00,13.00,26.00,0.0000,651.73,1,15,0.9921,MAX_STEP,0,2418,214,5054,7,354,4971,0,0,0,0
137,0,1,1,ACCEPT,33.7133,4.8961,3912,13,-8,0.0102,567.17,140.42,19.48,25.32,328.50,757.50,9.00,23.00,0.0000,661.63,1,12,0.6999,MAX_STEP,0,1937,239,5258,7,354,3912,0,0,0,0
138,0,1,1,ACCEPT,35.0984,5.4934,3741,10,-6,0.0759,573.27,135.64,19.48,25.32,334.00,763.50,12.00,25.00,0.0000,671.90,1,-15,0.8984,MAX_STEP,0,1895,219,4076,7,354,3741,0,0,0,0
139,0,1,1,ACCEPT,33.7110,5.5114,2899,11,-7,0.1118,579.97,130.06,19.48,25.32,338.50,769.00,11.00,26.00,0.0000,683.04,1,15,0.8488,MAX_STEP,0,1514,222,5039,7,354,2899,0,0,0,0
140,0,1,1,ACCEPT,33.5376,6.2130,3529,10,-6,0.0405,586.06,125.28,19.48,25.32,341.50,774.50,11.00,29.00,0.0000,693.75,1,-16,0.8151,AT_SEARCH_RAIL,0,1908,204,4008,7,354,3529,0,0,0,0
141,0,1,1,ACCEPT,34.8118,5.6139,2835,11,-3,0.0166,592.77,122.89,19.48,25.32,342.50,781.00,11.00,28.00,0.0000,704.09,1,14,0.9249,MAX_STEP,0,1448,207,3690,7,354,2835,0,0,0,0
142,0,1,1,ACCEPT,34.9594,6.0833,2628,10,-3,0.0323,598.86,120.50,19.48,25.32,344.50,789.00,9.00,24.00,0.0000,715.26,1,15,0.9742,MAX_STEP,0,1344,219,4396,7,354,2628,0,0,0,0
143,0,1,1,ACCEPT,33.0796,6.4510,2503,6,-5,0.1199,602.52,116.52,19.48,25.32,344.50,793.50,9.00,29.00,0.0000,724.49,1,13,0.8199,MAX_STEP,0,1206,205,4170,7,354,2503,0,0,0,0
144,0,1,1,ACCEPT,24.2696,4.2559,1813,2,-5,0.0723,603.73,112.53,19.48,25.32,343.00,801.00,10.00,26.00,0.0000,736.19,1,-16,0.8744,AT_SEARCH_RAIL,0,1040,201,5061,7,354,1813,0,0,0,0
145,0,1,1,ACCEPT,23.0286,3.5966,2122,1,-4,0.0057,604.34,109.34,19.48,25.32,341.50,808.50,9.00,25.00,0.0000,746.93,1,-15,0.6931,MAX_STEP,0,1261,202,5329,7,354,2122,0,0,0,0
146,0,1,1,ACCEPT,17.3678,2.9720,1700,-2,-4,0.1165,603.12,106.16,19.48,25.32,338.00,816.00,8.00,26.00,0.0000,757.74,1,10,0.6542,MAX_STEP,0,1328,181,6058,7,354,1700,0,0,0,0
147,0,1,1,ACCEPT,22.2427,3.8448,2353,0,-3,0.3438,603.12,103.77,19.48,25.32,335.00,824.00,8.00,26.00,0.0000,768.52,1,-15,0.7703,MAX_STEP,0,1368,173,6128,7,354,2353,0,0,0,0
148,0,1,1,ACCEPT,30.9612,5.0596,3395,6,-1,0.1426,606.78,102.97,19.48,25.32,332.50,831.50,7.00,25.00,0.0000,778.45,1,16,0.9316,AT_SEARCH_RAIL,0,1831,178,5952,7,354,3395,0,0,0,0
149,0,1,1,ACCEPT,24.7475,3.0552,2713,2,-4,0.0358,608.00,99.78,19.48,25.32,331.50,839.50,9.00,27.00,0.0000,789.71,1,16,0.9733,AT_SEARCH_RAIL,0,1555,165,5793,7,354,2713,0,0,0,0
150,0,1,1,ACCEPT,30.2745,5.5467,2790,3,-5,0.0634,609.83,95.80,19.48,25.32,333.00,846.00,10.00,28.00,0.0000,799.65,1,-6,0.7951,MAX_STEP,0,1488,173,6118,7,354,2790,0,0,0,0
151,0,1,1,ACCEPT,33.9849,5.7169,3150,4,-5,0.1229,612.27,91.81,19.48,25.32,335.50,853.50,9.00,27.00,0.0000,810.41,1,-6,1.0671,MAX_STEP,0,1532,182,5342,7,354,3150,0,0,0,0
152,0,1,1,ACCEPT,33.4743,6.3139,2917,6,-3,0.1419,615.92,89.42,19.48,25.32,335.50,861.00,7.00,26.00,0.0000,820.96,1,-16,1.1439,AT_SEARCH_RAIL,0,1528,185,5436,7,354,2917,0,0,0,0
153,0,1,1,ACCEPT,35.4400,6.4617,2869,6,-3,0.1143,619.58,87.03,19.48,25.32,336.00,865.00,8.00,28.00,0.0000,828.04,1,-15,1.0925,MAX_STEP,0,1424,182,5039,7,354,2869,0,0,0,0
154,0,1,1,ACCEPT,33.4937,6.0688,2646,6,-3,0.1240,623.23,84.64,19.48,25.32,334.50,873.50,9.00,27.00,0.0000,840.04,1,-14,1.2295,MAX_STEP,0,1304,188,4843,7,354,2646,0,0,0,0
155,0,1,1,ACCEPT,36.7517,6.9444,2750,7,-3,0.0971,627.50,82.25,19.48,25.32,332.50,881.50,7.00,27.00,0.0000,851.95,1,-6,1.2966,MAX_STEP,0,1322,183,5132,7,354,2750,0,0,0,0
156,0,1,1,ACCEPT,25.1439,3.6053,1918,0,-4,0.1011,627.50,79.06,19.48,25.32,331.00,885.50,8.00,27.00,0.0000,859.22,1,-6,1.0220,MAX_STEP,0,1133,160,5731,7,354,1918,0,0,0,0
157,0,1,1,ACCEPT,15.9223,2.4257,1322,-5,-6,0.0696,624.45,74.28,19.48,25.32,330.50,891.50,7.00,23.00,0.0000,868.48,1,-6,1.0478,MAX_STEP,0,1184,146,7554,7,354,1322,0,0,0,0
158,0,1,1,ACCEPT,11.3995,1.9807,1131,-8,-8,0.0805,619.58,67.91,19.48,25.32,331.00,896.50,8.00,25.00,0.0000,877.41,1,-6,1.2176,MAX_STEP,0,1535,179,5899,7,354,1131,0,0,0,0
159,0,1,1,ACCEPT,7.0656,1.3824,582,-13,-11,0.3505,611.66,59.14,19.48,25.32,332.50,901.50,7.00,23.00,0.0000,887.41,1,-6,1.0356,MAX_STEP,0,1217,221,4589,7,354,582,0,0,0,0
160,0,1,1,ACCEPT,8.9411,1.7707,664,-11,-9,0.2410,604.95,51.97,19.48,25.32,335.00,907.50,8.00,23.00,0.0000,897.11,1,-5,1.1370,MAX_STEP,0,1155,212,5571,7,354,664,0,0,0,0
161,0,1,1,ACCEPT,9.4425,1.8254,763,-11,-10,0.2896,598.25,44.00,19.48,25.32,336.50,909.50,9.00,21.00,0.0000,904.21,1,-5,1.2924,MAX_STEP,0,1330,199,4710,7,354,763,0,0,0,0
162,0,1,1,ACCEPT,9.3441,1.9384,661,-12,-10,0.2466,590.94,36.03,19.48,25.32,339.50,913.00,9.00,20.00,0.0000,912.30,1,-5,1.4871,MAX_STEP,0,1147,208,4737,7,354,661,0,0,0,0
163,0,1,1,ACCEPT,8.7962,1.9028,607,-13,-11,0.2026,583.02,27.27,19.48,25.32,344.50,918.00,9.00,24.00,0.0000,922.12,1,-5,1.3966,MAX_STEP,0,1197,195,4558,7,354,607,0,0,0,0
164,0,1,1,ACCEPT,8.9460,1.9968,615,-12,-11,0.2943,575.70,18.50,19.48,25.32,349.50,920.50,9.00,23.00,0.0000,929.93,1,-8,1.4368,MAX_STEP,0,1195,193,5219,7,354,615,0,0,0,0
165,0,1,1,ACCEPT,14.4645,3.0802,1075,-5,-8,0.0726,572.66,12.12,19.48,25.32,353.00,924.00,12.00,28.00,0.0000,937.96,1,-9,1.6351,MAX_STEP,0,1287,172,6930,7,354,1075,0,0,0,0
166,0,1,1,ACCEPT,19.9472,3.0547,2682,4,-3,0.0951,575.09,9.73,19.48,25.32,355.50,929.00,9.00,26.00,0.0000,945.13,1,-14,1.1207,MAX_STEP,0,1958,188,12277,7,354,2682,0,0,0,0
167,0,1,1,ACCEPT,21.6366,2.8850,5144,10,-2,0.1213,581.19,8.14,19.48,25.32,355.50,933.00,11.00,22.00,0.0000,952.00,1,-7,1.3750,MAX_STEP,0,3813,167,11119,7,354,5144,0,0,0,0
168,0,1,1,ACCEPT,20.3712,3.0856,4181,6,-4,0.1028,584.84,4.95,19.48,25.32,355.50,938.00,13.00,24.00,0.0000,960.82,1,-6,1.2269,MAX_STEP,0,3577,153,13161,7,354,4181,0,0,0,0
169,0,1,1,ACCEPT,16.6461,3.2216,3315,2,-6,0.0808,586.06,0.17,19.48,25.32,360.00,942.00,12.00,26.00,0.0000,968.58,1,-15,0.7236,MAX_STEP,0,3470,143,16327,7,354,3315,0,0,0,0
170,0,1,1,ACCEPT,6.8589,1.6763,1450,-1,-8,0.0407,585.45,-6.20,19.48,25.32,365.00,945.50,10.00,23.00,0.0000,976.90,1,-6,2.3688,MAX_STEP,0,4324,139,10282,7,354,1450,0,0,0,0
171,0,1,0,NEGATIVE_PEAK,-4.3324,1.0280,-551,13,-3,0.2305,585.45,-6.20,19.48,25.32,370.00,947.50,8.00,23.00,0.0000,977.74,0,0,0.0000,NOT_RUN,0,2631,95,0,7,354,551,0,0,0,0
172,0,1,1,ACCEPT,5.5569,1.3188,728,-5,0,0.6868,582.41,-6.20,19.48,25.32,373.00,950.00,12.00,24.00,0.0000,978.86,1,-5,1.6482,MAX_STEP,0,2480,141,9746,7,354,728,0,0,0,0
173,0,1,0,NEGATIVE_PEAK,-5.2760,1.0192,-584,9,-5,0.1096,582.41,-6.20,19.48,25.32,379.00,949.50,10.00,19.00,0.0000,977.11,0,0,0.0000,NOT_RUN,0,2283,184,0,7,354,584,0,0,0,0
174,0,1,0,NEGATIVE_PEAK,-4.6063,1.2989,-226,-3,-1,0.2788,582.41,-6.20,19.48,25.32,386.50,955.00,9.00,22.00,0.0000,980.96,0,0,0.0000,NOT_RUN,0,1241,401,0,7,354,226,0,0,0,0
175,0,1,0,LOW_PSR,3.9495,1.0472,222,21,-7,0.0000,582.41,-6.20,19.48,25.32,394.00,954.00,12.00,28.00,0.0000,978.51,0,0,0.0000,NOT_RUN,0,1391,162,0,7,354,222,0,0,0,0
176,0,1,0,NEGATIVE_PEAK,-4.6671,1.0478,-219,30,-5,0.2785,582.41,-6.20,19.48,25.32,400.50,956.50,11.00,25.00,0.0000,979.74,0,0,0.0000,NOT_RUN,0,794,220,0,7,354,219,0,0,0,0
177,0,1,0,NEGATIVE_PEAK,-5.1981,1.1048,-232,30,-3,0.2414,582.41,-6.20,19.48,25.32,404.00,958.00,12.00,26.00,0.0000,980.57,0,0,0.0000,NOT_RUN,0,855,159,0,7,354,232,0,0,0,0
178,0,1,0,LOW_PSR,4.1999,1.0000,151,28,5,0.2384,582.41,-6.20,19.48,25.32,409.50,960.50,11.00,25.00,0.0000,982.04,0,0,0.0000,NOT_RUN,0,689,151,0,7,354,151,0,0,0,0
179,0,1,0,NEGATIVE_PEAK,-4.8544,1.1775,-199,-6,-2,0.3166,582.41,-6.20,19.48,25.32,413.50,963.00,11.00,26.00,0.0000,983.81,0,0,0.0000,NOT_RUN,0,916,103,0,7,354,199,0,0,0,0
180,0,1,0,NEGATIVE_PEAK,-4.6901,1.1188,-292,-1,0,0.9897,582.41,-6.20,19.48,25.32,416.50,966.00,9.00,24.00,0.0000,986.26,0,0,0.0000,NOT_RUN,0,1319,132,0,7,354,292,0,0,0,0
181,0,1,0,NEGATIVE_PEAK,-4.7940,1.1460,-314,0,-1,0.9936,582.41,-6.20,19.48,25.32,421.00,970.00,8.00,20.00,0.0000,989.46,0,0,0.0000,NOT_RUN,0,1590,151,0,7,354,314,0,0,0,0
182,0,1,0,NEGATIVE_PEAK,-4.6114,1.0800,-243,0,0,1.0000,582.41,-6.20,19.48,25.32,425.50,973.00,11.00,22.00,0.0000,991.69,0,0,0.0000,NOT_RUN,0,1160,85,0,7,354,243,0,0,0,0
183,0,1,0,NEGATIVE_PEAK,-5.6164,1.1039,-308,0,2,0.9838,582.41,-6.20,19.48,25.32,425.00,977.00,12.00,22.00,0.0000,995.72,0,0,0.0000,NOT_RUN,0,1180,97,0,7,354,308,0,0,0,0
184,0,1,0,NEGATIVE_PEAK,-6.7431,1.1866,-337,-1,-1,0.7656,582.41,-6.20,19.48,25.32,426.00,979.50,12.00,23.00,0.0000,998.03,0,0,0.0000,NOT_RUN,0,1064,54,0,7,354,337,0,0,0,0
185,0,1,0,NEGATIVE_PEAK,-4.5673,1.1676,-209,13,-1,0.0861,582.41,-6.20,19.48,25.32,426.50,985.00,9.00,20.00,0.0000,1003.39,0,0,0.0000,NOT_RUN,0,1189,50,0,7,354,209,0,0,0,0
186,0,1,0,NEGATIVE_PEAK,-5.1521,1.0667,-224,12,1,0.2455,582.41,-6.20,19.48,25.32,425.50,988.50,13.00,23.00,0.0000,1007.00,0,0,0.0000,NOT_RUN,0,1036,43,0,7,354,224,0,0,0,0
187,0,1,0,NEGATIVE_PEAK,-3.8455,1.0000,-149,12,0,0.5302,582.41,-6.20,19.48,25.32,425.00,994.00,12.00,20.00,0.0000,1012.51,0,0,0.0000,NOT_RUN,0,972,41,0,7,354,149,0,0,0,0
188,0,1,0,LOW_PSR,3.8175,1.0897,170,23,7,0.1176,582.41,-6.20,19.48,25.32,426.50,998.00,13.00,24.00,0.0000,1016.23,0,0,0.0000,NOT_RUN,0,1002,55,0,7,354,170,0,0,0,0
189,0,1,0,NEGATIVE_PEAK,-4.9779,1.1287,-193,27,1,0.2124,582.41,-6.20,19.48,25.32,425.00,1002.50,14.00,21.00,0.0000,1020.91,0,0,0.0000,NOT_RUN,0,828,108,0,7,354,193,0,0,0,0
190,0,1,0,LOW_PSR,3.8738,1.0238,215,28,-3,0.0977,582.41,-6.20,19.48,25.32,425.50,1006.00,11.00,20.00,0.0000,1024.29,0,0,0.0000,NOT_RUN,0,1581,113,0,7,354,215,0,0,0,0
191,0,1,0,NEGATIVE_PEAK,-4.5502,1.0620,-291,14,0,0.4536,582.41,-6.20,19.48,25.32,430.00,1012.50,14.00,23.00,0.0000,1030.04,0,0,0.0000,NOT_RUN,0,1739,136,0,7,354,291,0,0,0,0
192,0,1,0,NEGATIVE_PEAK,-4.5766,1.0443,-283,7,0,0.1343,582.41,-6.20,19.48,25.32,433.00,1016.00,12.00,20.00,0.0000,1033.06,0,0,0.0000,NOT_RUN,0,1600,150,0,7,354,283,0,0,0,0
193,0,1,0,NEGATIVE_PEAK,-5.2023,1.0773,-237,1,1,0.9958,582.41,-6.20,19.48,25.32,435.50,1020.50,13.00,21.00,0.0000,1037.16,0,0,0.0000,NOT_RUN,0,1187,162,0,7,354,237,0,0,0,0
194,0,1,0,NEGATIVE_PEAK,-5.7861,1.1011,-196,-4,0,0.1327,582.41,-6.20,19.48,25.32,438.00,1027.00,12.00,24.00,0.0000,1043.25,0,0,0.0000,NOT_RUN,0,942,126,0,7,354,196,0,0,0,0
195,0,1,0,NEGATIVE_PEAK,-3.5044,1.1296,-61,-11,-1,0.1311,582.41,-6.20,19.48,25.32,442.50,1031.50,11.00,23.00,0.0000,1047.09,0,0,0.0000,NOT_RUN,0,460,92,0,7,354,61,0,0,0,0
196,0,1,0,LOW_PSR,3.7251,1.0000,61,14,-5,0.4754,582.41,-6.20,19.48,25.32,446.00,1034.50,12.00,21.00,0.0000,1049.60,0,0,0.0000,NOT_RUN,0,380,55,0,7,354,61,0,0,0,0
197,0,1,0,NEGATIVE_PEAK,-4.8120,1.1719,-75,6,-5,0.4800,582.41,-6.20,19.48,25.32,449.00,1039.00,10.00,20.00,0.0000,1053.68,0,0,0.0000,NOT_RUN,0,393,85,0,7,354,75,0,0,0,0
198,0,1,1,ACCEPT,6.0810,1.3429,141,21,15,0.0638,595.20,5.75,19.48,25.32,450.50,1045.50,13.00,21.00,0.0000,1049.77,1,16,1.0478,AT_SEARCH_RAIL,0,397,118,1927,7,354,141,0,0,0,0
199,0,1,0,LOW_PSR,4.1172,1.1111,50,28,10,0.2600,595.20,5.75,19.48,25.32,451.50,1051.50,11.00,19.00,0.0000,1055.58,0,0,0.0000,NOT_RUN,0,204,161,0,7,354,50,0,0,0,0
200,0,1,1,ACCEPT,5.3265,1.0690,124,26,-1,0.1371,611.05,4.95,19.48,25.32,452.50,1056.00,13.00,16.00,0.0000,1062.94,1,12,1.0162,MAX_STEP,0,414,158,1492,7,354,124,0,0,0,0
201,0,1,1,ACCEPT,8.8484,1.5234,163,-2,-10,0.2761,609.83,-3.02,19.48,25.32,453.00,1061.50,14.00,21.00,0.0000,1076.01,1,-5,1.4354,MAX_STEP,0,280,42,1158,7,354,163,0,0,0,0
202,0,1,1,ACCEPT,8.2859,1.3636,60,-4,-2,0.2667,607.39,-4.61,19.48,25.32,453.00,1067.00,12.00,22.00,0.0000,1082.67,1,-6,1.3041,MAX_STEP,0,141,66,1425,7,354,60,0,0,0,0
203,0,1,1,ACCEPT,7.9845,1.2083,87,-3,1,0.0805,605.56,-3.81,19.48,25.32,451.50,1074.50,11.00,21.00,0.0000,1089.26,1,-6,1.5448,MAX_STEP,0,218,79,4408,7,354,87,0,0,0,0
204,0,1,1,ACCEPT,5.1255,1.1754,134,-9,-2,0.3134,600.08,-5.41,19.48,25.32,453.50,1079.50,13.00,21.00,0.0000,1094.76,1,-5,1.0368,MAX_STEP,0,608,78,1256,7,354,134,0,0,0,0
205,0,1,1,ACCEPT,6.7779,1.1667,63,-8,3,0.2222,595.20,-3.02,19.48,25.32,454.00,1084.50,12.00,21.00,0.0000,1096.64,1,-6,0.9465,MAX_STEP,0,195,75,1325,7,354,63,0,0,0,0
206,0,1,1,ACCEPT,7.4798,1.2600,63,-6,0,0.4286,591.55,-3.02,19.48,25.32,456.50,1089.00,11.00,18.00,0.0000,1100.33,1,-6,1.1465,MAX_STEP,0,211,66,1272,7,354,63,0,0,0,0
207,0,1,1,ACCEPT,5.7900,1.1282,44,-8,1,0.2273,586.67,-2.22,19.48,25.32,456.50,1093.50,11.00,19.00,0.0000,1103.42,1,-10,0.7855,MAX_STEP,0,175,87,1116,7,354,44,0,0,0,0
208,0,1,0,LOW_PSR,4.9301,1.0690,31,-10,-5,0.2258,586.67,-2.22,19.48,25.32,458.00,1095.50,12.00,19.00,0.0000,1105.23,0,0,0.0000,NOT_RUN,0,143,66,0,7,354,31,0,0,0,0
209,0,1,0,NEGATIVE_PEAK,-4.8834,1.1304,-26,-1,-7,0.6923,586.67,-2.22,19.48,25.32,462.00,1096.00,10.00,18.00,0.0000,1105.27,0,0,0.0000,NOT_RUN,0,90,59,0,7,354,26,0,0,0,0
210,0,1,1,ACCEPT,6.7855,1.4762,31,17,3,0.0000,597.03,0.17,19.48,25.32,466.50,1099.50,11.00,21.00,0.0000,1107.05,1,-8,0.8839,MAX_STEP,0,81,74,1455,7,354,31,0,0,0,0
211,0,1,0,NEGATIVE_PEAK,-4.9607,1.0208,-49,14,4,0.0204,597.03,0.17,19.48,25.32,470.00,1100.50,12.00,21.00,0.0000,1107.64,0,0,0.0000,NOT_RUN,0,130,112,0,7,354,49,0,0,0,0
212,0,1,0,NEGATIVE_PEAK,-4.9018,1.2115,-63,5,-7,0.2381,597.03,0.17,19.48,25.32,473.00,1102.00,14.00,20.00,0.0000,1108.79,0,0,0.0000,NOT_RUN,0,204,151,0,7,354,63,0,0,0,0
213,0,1,0,NEGATIVE_PEAK,-4.3011,1.0270,-38,18,-2,0.3158,597.03,0.17,19.48,25.32,473.50,1104.50,11.00,21.00,0.0000,1111.22,0,0,0.0000,NOT_RUN,0,126,92,0,7,354,38,0,0,0,0
214,0,1,0,LOW_PSR,4.8210,1.0294,35,26,-3,0.7714,597.03,0.17,19.48,25.32,473.00,1106.50,12.00,21.00,0.0000,1113.26,0,0,0.0000,NOT_RUN,0,152,92,0,7,354,35,0,0,0,0
215,0,1,0,NEGATIVE_PEAK,-5.3609,1.1136,-49,28,-1,0.2449,597.03,0.17,19.48,25.32,470.00,1110.00,12.00,20.00,0.0000,1117.07,0,0,0.0000,NOT_RUN,0,108,114,0,7,354,49,0,0,0,0
216,0,1,1,ACCEPT,5.6913,1.0659,97,20,11,0.2268,609.22,8.94,19.48,25.32,466.00,1115.00,12.00,22.00,0.0000,1115.30,1,-13,1.1441,MAX_STEP,0,265,115,1152,7,354,97,0,0,0,0
217,0,1,1,ACCEPT,7.6696,1.6164,118,14,-3,0.0593,617.75,6.55,19.48,25.32,461.50,1120.00,11.00,22.00,0.0000,1124.36,1,1,1.9073,OUT_OF_RANGE,0,384,76,1275,7,354,118,0,0,0,0
218,0,1,0,LOW_PSR,4.4199,1.0577,55,14,-8,0.1091,617.75,6.55,19.48,25.32,457.00,1125.00,12.00,22.00,0.0000,1129.95,0,0,0.0000,NOT_RUN,0,245,82,0,7,354,55,0,0,0,0
219,0,1,0,NEGATIVE_PEAK,-6.3653,1.4082,-69,22,-1,0.2899,617.75,6.55,19.48,25.32,451.50,1130.50,11.00,25.00,0.0000,1136.18,0,0,0.0000,NOT_RUN,0,239,77,0,7,354,69,0,0,0,0
220,0,1,0,LOW_PSR,3.8522,1.0345,30,29,8,0.3000,617.75,6.55,19.48,25.32,448.00,1134.50,10.00,21.00,0.0000,1140.65,0,0,0.0000,NOT_RUN,0,169,102,0,7,354,30,0,0,0,0
221,0,1,1,ACCEPT,6.3524,1.1316,43,23,1,0.2326,631.77,7.34,18.73,24.35,442.00,1141.50,10.00,21.00,0.0000,1149.92,1,-1,2.0949,ACCEPT,0,128,160,930,7,354,43,0,0,0,0
222,0,1,1,ACCEPT,5.1662,1.0698,46,25,2,0.3696,646.22,8.88,18.73,24.35,431.50,1149.50,9.00,21.00,0.0000,1160.66,1,-2,1.8259,LOW_CONF,0,179,160,914,7,354,46,0,0,0,0
223,0,1,0,NEGATIVE_PEAK,-4.8063,1.0465,-45,21,13,0.0000,646.22,8.88,18.73,24.35,418.50,1159.00,9.00,22.00,0.0000,1172.45,0,0,0.0000,NOT_RUN,0,191,146,0,7,354,45,0,0,0,0
224,0,1,1,ACCEPT,5.9390,1.1667,77,12,2,0.7922,653.16,10.41,18.73,24.35,406.50,1169.00,9.00,22.00,0.0000,1184.56,1,2,2.7765,OUT_OF_RANGE,0,258,71,1173,7,354,77,0,0,0,0
225,0,1,0,NEGATIVE_PEAK,-5.1960,1.0737,-102,7,0,0.0588,653.16,10.41,18.73,24.35,396.50,1176.50,9.00,25.00,0.0000,1194.00,0,0,0.0000,NOT_RUN,0,409,128,0,7,354,102,0,0,0,0
226,0,1,0,NEGATIVE_PEAK,-4.8589,1.1268,-80,20,-8,0.2875,653.16,10.41,18.73,24.35,387.00,1186.50,8.00,23.00,0.0000,1205.83,0,0,0.0000,NOT_RUN,0,273,130,0,7,354,80,0,0,0,0
227,0,1,1,ACCEPT,5.1931,1.0448,70,26,4,0.1714,668.19,13.47,18.73,24.35,378.50,1195.00,9.00,22.00,0.0000,1216.53,1,4,2.0849,MAX_STEP,0,263,162,1253,7,354,70,0,0,0,0
228,0,1,1,ACCEPT,5.0630,1.0746,72,20,1,0.0833,679.75,14.23,18.73,24.35,369.50,1203.50,9.00,23.00,0.0000,1229.07,1,12,0.9788,MAX_STEP,0,285,121,1344,7,354,72,0,0,0,0
229,0,1,0,NEGATIVE_PEAK,-3.9071,1.0370,-56,16,-2,0.3393,679.75,14.23,18.73,24.35,359.00,1212.50,8.00,21.00,0.0000,1240.45,0,0,0.0000,NOT_RUN,0,250,144,0,7,354,56,0,0,0,0
230,0,1,0,LOW_PSR,4.7285,1.0179,57,19,-7,0.1754,679.75,14.23,18.73,24.35,350.00,1221.50,8.00,23.00,0.0000,1251.49,0,0,0.0000,NOT_RUN,0,260,69,0,7,354,57,0,0,0,0
231,0,1,0,LOW_PSR,4.7470,1.0714,30,6,-2,0.3000,679.75,14.23,18.73,24.35,342.00,1230.00,8.00,22.00,0.0000,1261.81,0,0,0.0000,NOT_RUN,0,120,111,0,7,354,30,0,0,0,0
232,0,1,1,ACCEPT,5.2483,1.0500,42,19,0,0.0714,690.73,14.23,18.73,24.35,333.50,1237.00,7.00,20.00,0.0000,1273.88,1,5,1.5370,MAX_STEP,0,174,74,1555,7,354,42,0,0,0,0
233,0,1,1,ACCEPT,7.0001,1.2500,45,18,2,0.2667,701.14,15.77,18.73,24.35,327.00,1243.50,6.00,23.00,0.0000,1283.48,1,-3,1.3295,MAX_STEP,0,108,115,1565,7,354,45,0,0,0,0
234,0,1,0,LOW_PSR,4.9860,1.0286,36,30,-4,0.0556,701.14,15.77,18.73,24.35,323.50,1249.50,7.00,21.00,0.0000,1290.24,0,0,0.0000,NOT_RUN,0,123,104,0,7,354,36,0,0,0,0
235,0,1,1,ACCEPT,5.4842,1.2400,31,5,-3,0.0000,704.03,13.47,18.73,24.35,319.00,1254.00,6.00,22.00,0.0000,1298.91,1,5,1.0042,MAX_STEP,0,104,126,1509,7,354,31,0,0,0,0
236,0,1,0,NEGATIVE_PEAK,-4.8003,1.0400,-26,22,0,0.7308,704.03,13.47,18.73,24.35,317.00,1259.00,6.00,22.00,0.0000,1304.28,0,0,0.0000,NOT_RUN,0,81,131,0,7,354,26,0,0,0,0
237,0,1,0,NEGATIVE_PEAK,-4.5930,1.0476,-22,19,1,0.4545,704.03,13.47,18.73,24.35,314.00,1262.00,6.00,18.00,0.0000,1308.03,0,0,0.0000,NOT_RUN,0,83,55,0,7,354,22,0,0,0,0
238,0,1,0,NEGATIVE_PEAK,-5.5414,1.0208,-49,14,0,0.0408,704.03,13.47,18.73,24.35,310.50,1265.50,5.00,19.00,0.0000,1312.42,0,0,0.0000,NOT_RUN,0,152,59,0,7,354,49,0,0,0,0
239,0,1,0,NEGATIVE_PEAK,-4.9033,1.0204,-50,11,0,0.1400,704.03,13.47,18.73,24.35,305.50,1268.00,5.00,22.00,0.0000,1316.31,0,0,0.0000,NOT_RUN,0,226,63,0,7,354,50,0,0,0,0
240,0,1,0,LOW_PSR,4.4692,1.1111,20,9,-11,0.6000,704.03,13.47,18.73,24.35,296.50,1268.50,5.00,21.00,0.0000,1319.54,0,0,0.0000,NOT_RUN,0,62,38,0,7,354,20,0,0,0,0
241,0,1,1,ACCEPT,5.3214,1.0204,50,22,0,0.1000,716.75,13.47,18.73,24.35,284.50,1269.00,5.00,20.00,0.0000,1327.85,1,0,3.5060,ACCEPT,0,190,98,1358,7,354,50,0,0,0,0
242,0,1,0,LOW_PSR,4.9698,1.1034,32,0,9,0.4688,716.75,13.47,18.73,24.35,269.00,1268.50,6.00,21.00,0.0000,1332.51,0,0,0.0000,NOT_RUN,0,186,59,0,7,354,32,0,0,0,0
243,0,1,1,ACCEPT,5.9000,1.1034,32,20,0,0.1562,728.31,13.47,18.73,24.35,251.00,1265.50,6.00,19.00,0.0000,1339.93,1,-10,1.1593,MAX_STEP,0,143,79,2623,7,354,32,0,0,0,0
244,0,1,0,LOW_PSR,4.6916,1.0139,73,18,-6,0.1918,728.31,13.47,18.73,24.35,231.00,1264.00,6.00,18.00,0.0000,1345.79,0,0,0.0000,NOT_RUN,0,410,151,0,7,354,73,0,0,0,0
245,0,1,1,ACCEPT,6.5840,1.0772,363,20,-6,0.0716,739.88,8.88,19.48,25.32,211.00,1260.50,6.00,19.00,0.0000,1358.78,1,1,2.7965,ACCEPT,0,1516,210,746,7,354,363,0,0,0,0
246,0,1,0,LOW_PSR,4.4643,1.0909,300,6,-4,0.1500,739.88,8.88,19.48,25.32,194.00,1257.50,6.00,19.00,0.0000,1362.73,0,0,0.0000,NOT_RUN,0,1770,589,0,7,354,300,0,0,0,0
247,0,1,1,ACCEPT,5.7862,1.0833,39,18,7,0.2308,750.84,14.45,19.48,25.32,179.00,1253.50,6.00,19.00,0.0000,1364.64,1,6,1.2914,MAX_STEP,0,156,128,3779,7,354,39,0,0,0,0
248,0,1,1,ACCEPT,6.6907,1.0676,79,18,5,0.1899,761.81,18.44,19.48,25.32,163.50,1251.00,7.00,20.00,0.0000,1370.11,1,1,2.8966,OUT_OF_RANGE,0,247,352,2466,7,354,79,0,0,0,0
249,0,1,1,ACCEPT,5.4762,1.0955,172,19,12,0.1337,773.39,28.00,19.48,25.32,147.00,1246.50,8.00,19.00,0.0000,1370.08,1,4,1.6479,MAX_STEP,0,690,625,3938,7,354,172,0,0,0,0
250,0,1,1,ACCEPT,5.8022,1.0746,72,17,21,0.0556,783.75,44.73,19.48,25.32,131.00,1241.50,8.00,17.00,0.0000,1363.21,1,1,3.2909,OUT_OF_RANGE,0,319,614,3582,7,354,72,0,0,0,0
251,0,1,1,ACCEPT,6.7531,1.0787,288,19,7,0.0521,795.33,50.31,19.48,25.32,116.50,1236.50,9.00,15.00,0.0000,1366.69,1,1,3.2925,OUT_OF_RANGE,0,817,85,14344,7,354,288,0,0,0,0
252,0,1,1,ACCEPT,5.8317,1.0931,411,19,1,0.2409,806.91,51.11,18.73,24.35,102.50,1231.50,11.00,19.00,0.0000,1374.59,1,-1,3.0572,ACCEPT,0,1567,226,5877,7,354,411,0,0,0,0
253,0,1,0,NEGATIVE_PEAK,-5.1969,1.0250,-41,15,-4,0.0244,806.91,51.11,18.73,24.35,88.00,1225.50,10.00,15.00,0.0000,1376.96,0,0,0.0000,NOT_RUN,0,143,122,0,7,354,41,0,0,0,0
254,0,1,0,NEGATIVE_PEAK,-4.1035,1.0000,-16,13,-4,0.2500,806.91,51.11,18.73,24.35,73.50,1219.50,15.00,17.00,0.0000,1379.50,0,0,0.0000,NOT_RUN,0,74,620,0,7,354,16,0,0,0,0
255,0,1,0,NEGATIVE_PEAK,-3.5525,1.0000,-10,18,9,0.3000,806.91,51.11,18.73,24.35,61.50,1213.50,11.00,15.00,0.0000,1380.86,0,0,0.0000,NOT_RUN,0,45,553,0,7,354,10,0,0,0,0
256,0,1,0,NEGATIVE_PEAK,-3.5593,1.0000,-8,13,-10,0.2500,806.91,51.11,18.73,24.35,55.00,1206.50,12.00,15.00,0.0000,1378.51,0,0,0.0000,NOT_RUN,0,36,494,0,7,354,8,0,0,0,0
257,0,1,0,NEGATIVE_PEAK,-7.6677,1.0588,-18,17,0,0.3889,806.91,51.11,18.73,24.35,50.00,1199.50,10.00,15.00,0.0000,1375.39,0,0,0.0000,NOT_RUN,0,47,431,0,7,354,18,0,0,0,0
258,0,1,0,NEGATIVE_PEAK,-5.1829,1.0833,-13,20,2,0.3077,806.91,51.11,18.73,24.35,45.50,1194.00,11.00,16.00,0.0000,1373.29,0,0,0.0000,NOT_RUN,0,44,383,0,7,354,13,0,0,0,0
259,0,1,0,NEGATIVE_PEAK,-5.2908,1.1250,-9,19,10,0.3333,806.91,51.11,18.73,24.35,44.50,1186.50,13.00,15.00,0.0000,1367.62,0,0,0.0000,NOT_RUN,0,31,334,0,7,354,9,0,0,0,0
260,0,1,0,NEGATIVE_PEAK,-3.0654,1.0000,-3,9,5,0.3333,806.91,51.11,18.73,24.35,42.00,1180.50,14.00,15.00,0.0000,1364.04,0,0,0.0000,NOT_RUN,0,20,303,0,7,354,4,0,0,0,0
261,0,1,0,NEGATIVE_PEAK,-3.7301,1.0000,-4,15,9,0.2500,806.91,51.11,18.73,24.35,44.50,1175.50,15.00,17.00,0.0000,1358.50,0,0,0.0000,NOT_RUN,0,26,271,0,7,354,4,0,0,0,0
262,0,1,0,NEGATIVE_PEAK,-5.3941,1.0000,-5,17,-1,0.6000,806.91,51.11,18.73,24.35,47.50,1170.50,15.00,17.00,0.0000,1352.68,0,0,0.0000,NOT_RUN,0,13,239,0,7,354,5,0,0,0,0
263,0,1,0,NEGATIVE_PEAK,-3.7014,1.0000,-4,11,9,0.5000,806.91,51.11,18.73,24.35,49.00,1164.50,12.00,13.00,0.0000,1346.87,0,0,0.0000,NOT_RUN,0,17,207,0,7,354,4,0,0,0,0
264,0,1,1,ACCEPT,5.1218,1.0000,4,12,15,0.5000,813.84,62.59,18.73,24.35,49.50,1158.50,13.00,13.00,0.0000,1336.13,1,-6,1.9616,MAX_STEP,0,18,190,5852,7,354,4,0,0,0,0
265,0,1,1,ACCEPT,6.8940,1.0588,18,15,0,0.1667,822.52,62.59,18.73,24.35,49.50,1152.00,13.00,12.00,0.0000,1335.80,1,-6,1.9616,MAX_STEP,0,64,175,7160,7,354,18,0,0,0,0
266,0,1,1,ACCEPT,6.7951,1.0952,23,18,0,0.1739,832.92,62.59,18.73,24.35,54.00,1145.00,12.00,12.00,0.0000,1333.54,1,-8,1.0517,MAX_STEP,0,102,159,7698,7,354,23,0,0,0,0
267,0,1,0,NEGATIVE_PEAK,-4.9603,1.1176,-19,19,-11,0.1579,832.92,62.59,18.73,24.35,57.00,1140.50,12.00,13.00,0.0000,1328.13,0,0,0.0000,NOT_RUN,0,79,142,0,7,354,19,0,0,0,0
268,0,1,0,NEGATIVE_PEAK,-5.0364,1.1176,-19,17,1,0.5263,832.92,62.59,18.73,24.35,59.00,1134.50,12.00,13.00,0.0000,1322.10,0,0,0.0000,NOT_RUN,0,56,127,0,7,354,19,0,0,0,0
269,0,1,1,ACCEPT,5.7313,1.0385,27,16,-8,0.3704,842.17,56.47,18.73,24.35,63.00,1128.50,12.00,13.00,0.0000,1325.28,1,6,1.6505,MAX_STEP,0,117,111,7624,7,354,27,0,0,0,0
270,0,1,0,NEGATIVE_PEAK,-3.9847,1.0000,-9,13,10,0.2222,842.17,56.47,18.73,24.35,70.50,1123.00,17.00,12.00,0.0000,1316.42,0,0,0.0000,NOT_RUN,0,58,95,0,7,354,9,0,0,0,0
271,0,1,0,NEGATIVE_PEAK,-3.9760,1.0667,-16,17,12,0.3125,842.17,56.47,18.73,24.35,76.50,1120.00,13.00,16.00,0.0000,1310.48,0,0,0.0000,NOT_RUN,0,109,78,0,7,354,16,0,0,0,0
272,0,1,1,ACCEPT,6.4335,1.1071,31,17,7,0.1935,852.00,61.83,18.73,24.35,81.50,1115.50,15.00,15.00,0.0000,1305.33,1,-8,2.0267,MAX_STEP,0,100,78,7061,7,354,31,0,0,0,0
273,0,1,0,NEGATIVE_PEAK,-5.3505,1.0000,-12,15,-6,0.0833,852.00,61.83,18.73,24.35,82.50,1110.50,11.00,11.00,0.0000,1300.71,0,0,0.0000,NOT_RUN,0,55,78,0,7,354,12,0,0,0,0
274,0,1,0,NEGATIVE_PEAK,-3.4971,1.0000,-8,11,7,0.2500,852.00,61.83,18.73,24.35,90.50,1108.00,11.00,12.00,0.0000,1293.97,0,0,0.0000,NOT_RUN,0,47,78,0,7,354,8,0,0,0,0
275,0,1,1,ACCEPT,5.6729,1.0000,14,15,11,0.1429,860.67,70.25,18.73,24.35,102.50,1107.00,11.00,12.00,0.0000,1284.40,1,-16,1.8840,AT_SEARCH_RAIL,0,65,75,5150,7,354,14,0,0,0,0
276,0,1,0,NEGATIVE_PEAK,-6.8718,1.0667,-16,17,0,0.3750,860.67,70.25,18.73,24.35,114.00,1106.00,12.00,16.00,0.0000,1276.83,0,0,0.0000,NOT_RUN,0,48,66,0,7,354,16,0,0,0,0
277,0,1,0,NEGATIVE_PEAK,-5.7704,1.1200,-28,17,0,0.3929,860.67,70.25,18.73,24.35,121.00,1104.50,14.00,13.00,0.0000,1271.53,0,0,0.0000,NOT_RUN,0,89,157,0,7,354,28,0,0,0,0
278,0,1,0,LOW_PSR,4.1419,1.0600,53,18,19,0.0943,860.67,70.25,18.73,24.35,124.00,1101.00,14.00,14.00,0.0000,1266.94,0,0,0.0000,NOT_RUN,0,309,139,0,7,354,53,0,0,0,0
279,0,1,1,ACCEPT,6.6027,1.0840,142,18,16,0.0634,871.08,82.50,18.73,24.35,125.50,1098.50,15.00,15.00,0.0000,1260.22,1,7,1.6744,MAX_STEP,0,480,150,1054,7,354,142,0,0,0,0
280,0,1,0,NEGATIVE_PEAK,-5.3512,1.0702,-61,18,-7,0.0984,871.08,82.50,18.73,24.35,129.00,1096.00,14.00,14.00,0.0000,1256.13,0,0,0.0000,NOT_RUN,0,275,480,0,7,354,61,0,0,0,0
281,0,1,0,LOW_PSR,4.0922,1.0244,42,17,3,0.0476,871.08,82.50,18.73,24.35,134.00,1094.50,14.00,15.00,0.0000,1251.97,0,0,0.0000,NOT_RUN,0,209,425,0,7,354,42,0,0,0,0
282,0,1,0,LOW_PSR,3.9335,1.0588,54,19,14,0.1852,871.08,82.50,18.73,24.35,139.50,1093.50,15.00,15.00,0.0000,1247.93,0,0,0.0000,NOT_RUN,0,347,496,0,7,354,54,0,0,0,0
283,0,1,1,ACCEPT,5.1201,1.0920,95,19,8,0.0526,882.06,88.62,19.48,25.32,144.00,1090.50,14.00,15.00,0.0000,1244.38,1,1,3.1980,ACCEPT,0,534,305,1313,7,354,95,0,0,0,0
284,0,1,1,ACCEPT,7.3264,1.1176,57,18,14,0.0526,893.03,99.78,19.48,25.32,150.50,1088.00,13.00,14.00,0.0000,1236.09,1,1,3.2215,OUT_OF_RANGE,0,165,276,5890,7,354,57,0,0,0,0
285,0,1,0,NEGATIVE_PEAK,-6.1292,1.0769,-280,18,-1,0.2286,893.03,99.78,19.48,25.32,157.00,1086.00,14.00,14.00,0.0000,1230.60,0,0,0.0000,NOT_RUN,0,862,145,0,7,354,280,0,0,0,0
286,0,1,1,ACCEPT,5.5873,1.1041,297,19,1,0.1515,904.61,100.58,19.48,25.32,165.50,1083.50,15.00,15.00,0.0000,1229.80,1,1,2.9151,OUT_OF_RANGE,0,1083,198,10537,7,354,297,0,0,0,0
287,0,1,0,NEGATIVE_PEAK,-5.7752,1.0890,-208,18,-2,0.1346,904.61,100.58,19.48,25.32,173.50,1078.50,15.00,15.00,0.0000,1221.00,0,0,0.0000,NOT_RUN,0,662,378,0,7,354,208,0,0,0,0
288,0,1,1,ACCEPT,7.4247,1.1014,554,19,12,0.0289,916.19,110.14,18.73,24.35,179.00,1074.50,14.00,15.00,0.0000,1213.85,1,-1,3.4725,ACCEPT,0,1256,415,1641,7,354,554,0,0,0,0
289,0,1,1,ACCEPT,5.7771,1.1096,162,19,-4,0.0556,927.17,107.08,18.01,23.41,179.50,1067.50,13.00,15.00,0.0000,1217.14,1,-1,2.2959,ACCEPT,0,454,395,6366,7,354,162,0,0,0,0
290,0,1,0,NEGATIVE_PEAK,-4.3829,1.1095,-223,18,-12,0.0538,927.17,107.08,18.01,23.41,174.50,1060.50,13.00,15.00,0.0000,1214.71,0,0,0.0000,NOT_RUN,0,1232,385,0,7,354,223,0,0,0,0
291,0,1,0,LOW_PSR,4.4385,1.0351,590,19,-8,0.0678,927.17,107.08,18.01,23.41,168.50,1053.00,17.00,20.00,0.0000,1212.58,0,0,0.0000,NOT_RUN,0,2805,307,0,7,354,590,0,0,0,0
292,0,1,0,LOW_PSR,4.1548,1.0932,340,18,4,0.0265,927.17,107.08,18.01,23.41,166.00,1041.50,14.00,15.00,0.0000,1205.21,0,0,0.0000,NOT_RUN,0,1919,186,0,7,354,340,0,0,0,0
293,0,1,1,ACCEPT,6.2512,1.0917,476,18,6,0.1113,937.30,111.48,18.01,23.41,168.50,1031.00,13.00,16.00,0.0000,1198.56,1,-1,1.9796,LOW_CONF,0,1329,182,5295,7,354,476,0,0,0,0
294,0,1,1,ACCEPT,6.4143,1.1148,369,19,-8,0.1057,947.98,105.61,18.01,23.41,170.50,1019.00,13.00,16.00,0.0000,1199.49,1,-10,2.0384,MAX_STEP,0,1156,231,1568,7,354,369,0,0,0,0
295,0,1,0,LOW_PSR,4.3400,1.0500,42,17,-1,0.1190,947.98,105.61,18.01,23.41,173.00,1008.50,14.00,17.00,0.0000,1189.88,0,0,0.0000,NOT_RUN,0,176,193,0,7,354,42,0,0,0,0
296,0,1,1,ACCEPT,6.2328,1.0600,106,17,11,0.0566,957.55,113.69,17.32,22.51,178.50,996.00,13.00,16.00,0.0000,1177.03,1,-1,2.6480,ACCEPT,0,325,148,1748,7,354,106,0,0,0,0
297,0,1,0,LOW_PSR,4.8823,1.0971,113,18,3,0.0354,957.55,113.69,17.32,22.51,183.50,984.50,13.00,17.00,0.0000,1165.10,0,0,0.0000,NOT_RUN,0,543,208,0,7,354,113,0,0,0,0
298,0,1,0,NEGATIVE_PEAK,-3.8969,1.0111,-91,17,-7,0.0220,957.55,113.69,17.32,22.51,191.00,972.50,12.00,17.00,0.0000,1151.15,0,0,0.0000,NOT_RUN,0,532,208,0,7,354,91,0,0,0,0
299,0,1,0,NEGATIVE_PEAK,-4.9765,1.1236,-100,18,-11,0.0500,957.55,113.69,17.32,22.51,197.50,959.00,13.00,18.00,0.0000,1136.76,0,0,0.0000,NOT_RUN,0,400,126,0,7,354,100,0,0,0,0
300,0,1,0,LOW_PSR,4.1214,1.1463,47,18,-3,0.1277,957.55,113.69,17.32,22.51,203.00,945.50,14.00,23.00,0.0000,1123.06,0,0,0.0000,NOT_RUN,0,186,241,0,7,354,47,0,0,0,0
301,0,1,1,ACCEPT,5.3628,1.0962,57,18,-16,0.0702,967.39,102.44,16.65,21.65,208.50,930.50,13.00,17.00,0.0000,1123.21,1,-1,2.4683,ACCEPT,0,259,171,7385,7,354,57,0,0,0,0
302,0,1,1,ACCEPT,6.3742,1.1149,495,19,-6,0.1657,977.19,98.41,16.65,21.65,213.50,915.00,13.00,18.00,0.0000,1118.05,1,2,1.7650,LOW_CONF,0,1483,180,7239,7,354,495,0,0,0,0
303,0,1,0,LOW_PSR,4.6533,1.0118,342,18,-9,0.2164,977.19,98.41,16.65,21.65,218.00,900.50,12.00,17.00,0.0000,1104.41,0,0,0.0000,NOT_RUN,0,1672,130,0,7,354,342,0,0,0,0
304,0,1,0,NEGATIVE_PEAK,-5.6317,1.1024,-366,18,-9,0.1311,977.19,98.41,16.65,21.65,221.50,884.50,13.00,17.00,0.0000,1090.42,0,0,0.0000,NOT_RUN,0,1268,140,0,7,354,366,0,0,0,0
305,0,1,0,LOW_PSR,4.3290,1.0548,77,18,13,0.1558,977.19,98.41,16.65,21.65,225.00,869.50,14.00,17.00,0.0000,1077.21,0,0,0.0000,NOT_RUN,0,284,210,0,7,354,77,0,0,0,0
306,0,1,0,LOW_PSR,4.1948,1.1084,92,19,13,0.0217,977.19,98.41,16.65,21.65,227.50,854.00,15.00,18.00,0.0000,1064.40,0,0,0.0000,NOT_RUN,0,395,235,0,7,354,92,0,0,0,0
307,0,1,0,NEGATIVE_PEAK,-3.8688,1.0800,-135,18,-15,0.0815,977.19,98.41,16.65,21.65,232.00,839.00,14.00,18.00,0.0000,1050.61,0,0,0.0000,NOT_RUN,0,669,259,0,7,354,135,0,0,0,0
308,0,1,1,ACCEPT,6.1217,1.1085,327,18,-4,0.0917,986.47,95.72,16.65,21.65,236.00,823.00,14.00,16.00,0.0000,1045.06,1,-2,1.8520,LOW_CONF,0,890,192,7270,7,354,327,0,0,0,0
309,0,1,1,ACCEPT,5.9732,1.1170,487,18,-11,0.0575,995.75,88.33,16.65,21.65,240.50,809.00,13.00,16.00,0.0000,1043.92,1,0,2.9931,ACCEPT,0,1836,233,12041,7,354,487,0,0,0,0
310,0,1,0,NEGATIVE_PEAK,-4.7286,1.0714,-165,17,-4,0.0606,995.75,88.33,16.65,21.65,244.00,795.50,12.00,19.00,0.0000,1032.10,0,0,0.0000,NOT_RUN,0,629,342,0,7,354,165,0,0,0,0
311,0,1,0,LOW_PSR,4.1708,1.1063,281,18,-15,0.0463,995.75,88.33,16.65,21.65,248.50,785.00,13.00,24.00,0.0000,1021.63,0,0,0.0000,NOT_RUN,0,1417,274,0,7,354,281,0,0,0,0
312,0,1,1,ACCEPT,5.7925,1.1128,444,18,2,0.1104,1005.03,89.67,16.65,21.65,254.50,770.00,13.00,24.00,0.0000,1012.99,1,-2,1.7249,LOW_CONF,0,1353,230,11205,7,354,444,0,0,0,0
313,0,1,0,LOW_PSR,4.8494,1.0965,125,18,18,0.1360,1005.03,89.67,16.65,21.65,260.00,759.00,12.00,20.00,0.0000,1001.53,0,0,0.0000,NOT_RUN,0,598,422,0,7,354,125,0,0,0,0
314,0,1,0,NEGATIVE_PEAK,-4.7014,1.1088,-377,18,1,0.1936,1005.03,89.67,16.65,21.65,264.50,749.50,11.00,21.00,0.0000,991.85,0,0,0.0000,NOT_RUN,0,1718,199,0,7,354,377,0,0,0,0
315,0,1,0,LOW_PSR,4.6393,1.1123,307,18,-2,0.1466,1005.03,89.67,16.65,21.65,269.50,739.00,11.00,22.00,0.0000,981.14,0,0,0.0000,NOT_RUN,0,1255,261,0,7,354,307,0,0,0,0
316,0,1,1,ACCEPT,7.1828,1.1034,683,19,1,0.1245,1014.83,90.34,17.32,22.51,274.50,732.00,11.00,20.00,0.0000,979.70,1,1,2.5676,ACCEPT,0,1991,367,4128,7,354,683,0,0,0,0
317,0,1,1,ACCEPT,6.9760,1.0962,285,18,-3,0.0035,1024.67,88.23,18.01,23.41,278.50,726.00,13.00,24.00,0.0000,981.59,1,1,2.9818,ACCEPT,0,893,391,4042,7,354,285,0,0,0,0
318,0,1,1,ACCEPT,6.4018,1.1027,290,18,-2,0.1241,1034.80,86.77,18.73,24.35,283.00,720.50,12.00,25.00,0.0000,983.27,1,1,2.5135,ACCEPT,0,1000,430,4811,7,354,290,0,0,0,0
319,0,1,1,ACCEPT,6.2177,1.1050,379,19,3,0.0317,1045.78,89.06,19.48,25.32,286.00,716.50,10.00,21.00,0.0000,985.37,1,1,2.3034,ACCEPT,0,1032,312,7643,7,354,379,0,0,0,0
320,0,1,1,ACCEPT,6.2693,1.1057,450,19,1,0.1600,1057.36,89.86,19.48,25.32,288.00,712.50,10.00,21.00,0.0000,989.75,1,0,2.5036,ACCEPT,0,1202,322,7099,7,354,450,0,0,0,0
321,0,1,1,ACCEPT,5.7041,1.1048,369,18,-8,0.0407,1068.33,83.48,19.48,25.32,290.50,707.50,11.00,23.00,0.0000,997.20,1,1,3.1890,OUT_OF_RANGE,0,1384,273,6224,7,354,369,0,0,0,0
322,0,1,0,LOW_PSR,4.6830,1.1214,157,18,-14,0.1656,1068.33,83.48,19.48,25.32,292.50,704.00,11.00,26.00,0.0000,993.45,0,0,0.0000,NOT_RUN,0,751,382,0,7,354,157,0,0,0,0
323,0,1,1,ACCEPT,7.3996,1.1050,221,18,3,0.0136,1079.30,85.88,19.48,25.32,294.00,701.50,10.00,27.00,0.0000,997.84,1,1,2.6978,OUT_OF_RANGE,0,526,253,8167,7,354,221,0,0,0,0
324,0,1,1,ACCEPT,5.1801,1.1033,203,19,2,0.0640,1090.88,87.47,18.73,24.35,294.50,697.50,11.00,27.00,0.0000,1003.17,1,-1,3.2689,ACCEPT,0,825,150,10525,7,354,203,0,0,0,0
325,0,1,1,ACCEPT,6.3496,1.1075,340,18,2,0.0765,1101.28,89.00,19.48,25.32,295.00,693.50,10.00,27.00,0.0000,1007.73,1,1,3.1634,ACCEPT,0,1240,412,5163,7,354,340,0,0,0,0
326,0,1,0,NEGATIVE_PEAK,-5.1332,1.1047,-211,18,9,0.1043,1101.28,89.00,19.48,25.32,295.50,689.50,9.00,27.00,0.0000,1004.93,0,0,0.0000,NOT_RUN,0,716,310,0,7,354,211,0,0,0,0
327,0,1,0,LOW_PSR,4.3232,1.1286,79,18,-1,0.1392,1101.28,89.00,19.48,25.32,294.00,683.00,12.00,32.00,0.0000,1002.27,0,0,0.0000,NOT_RUN,0,472,545,0,7,354,79,0,0,0,0
328,0,1,0,NEGATIVE_PEAK,-5.1030,1.1000,-77,18,-14,0.0779,1101.28,89.00,19.48,25.32,294.00,679.50,12.00,31.00,0.0000,1000.20,0,0,0.0000,NOT_RUN,0,304,192,0,7,354,77,0,0,0,0
329,0,1,1,ACCEPT,6.9744,1.1152,184,18,-14,0.0217,1112.25,77.84,19.48,25.32,294.00,673.00,14.00,30.00,0.0000,1011.80,1,0,2.6166,ACCEPT,0,458,126,6287,7,354,184,0,0,0,0
330,0,1,0,NEGATIVE_PEAK,-4.6658,1.0968,-68,18,3,0.0000,1112.25,77.84,19.48,25.32,294.50,668.50,13.00,27.00,0.0000,1008.76,0,0,0.0000,NOT_RUN,0,274,194,0,7,354,68,0,0,0,0
331,0,1,0,NEGATIVE_PEAK,-5.3827,1.1026,-43,18,21,0.0930,1112.25,77.84,19.48,25.32,291.50,661.50,13.00,29.00,0.0000,1007.12,0,0,0.0000,NOT_RUN,0,152,358,0,7,354,43,0,0,0,0
332,0,1,0,LOW_PSR,4.0854,1.1020,54,18,-13,0.1296,1112.25,77.84,19.48,25.32,291.00,656.00,18.00,30.00,0.0000,1004.35,0,0,0.0000,NOT_RUN,0,313,275,0,7,354,54,0,0,0,0
333,0,1,0,NEGATIVE_PEAK,-5.4850,1.1364,-50,18,-3,0.1600,1112.25,77.84,19.48,25.32,290.00,649.00,18.00,28.00,0.0000,1001.16,0,0,0.0000,NOT_RUN,0,188,208,0,7,354,50,0,0,0,0
334,0,1,0,NEGATIVE_PEAK,-4.7178,1.0545,-58,17,-14,0.1034,1112.25,77.84,19.48,25.32,286.50,640.00,19.00,28.00,0.0000,998.94,0,0,0.0000,NOT_RUN,0,251,252,0,7,354,58,0,0,0,0
335,0,1,0,NEGATIVE_PEAK,-4.3148,1.0600,-53,17,-1,0.2075,1112.25,77.84,19.48,25.32,284.50,631.00,19.00,26.00,0.0000,995.57,0,0,0.0000,NOT_RUN,0,274,161,0,7,354,53,0,0,0,0
336,0,1,0,NEGATIVE_PEAK,-4.0487,1.0200,-51,16,-20,0.0196,1112.25,77.84,19.48,25.32,282.50,622.00,21.00,28.00,0.0000,992.27,0,0,0.0000,NOT_RUN,0,270,191,0,7,354,51,0,0,0,0
337,0,1,0,NEGATIVE_PEAK,-3.6317,1.1111,-20,17,-27,0.2500,1112.25,77.84,19.48,25.32,281.50,610.00,23.00,28.00,0.0000,986.58,0,0,0.0000,NOT_RUN,0,88,221,0,7,354,20,0,0,0,0
338,0,1,0,NEGATIVE_PEAK,-5.2715,1.1111,-40,18,13,0.0750,1112.25,77.84,19.48,25.32,280.00,598.50,22.00,27.00,0.0000,981.69,0,0,0.0000,NOT_RUN,0,122,111,0,7,354,40,0,0,0,0
339,0,1,0,LOW_PSR,4.8180,1.1154,58,18,-13,0.0345,1112.25,77.84,19.48,25.32,280.00,587.50,24.00,27.00,0.0000,975.90,0,0,0.0000,NOT_RUN,0,248,113,0,7,354,58,0,0,0,0
340,0,1,0,NEGATIVE_PEAK,-4.1650,1.0588,-54,17,0,0.2222,1112.25,77.84,19.48,25.32,277.50,577.00,25.00,28.00,0.0000,972.61,0,0,0.0000,NOT_RUN,0,277,48,0,7,354,54,0,0,0,0
341,0,1,0,LOW_PSR,4.9753,1.0513,41,17,-6,0.0976,1112.25,77.84,19.48,25.32,275.00,569.00,24.00,30.00,0.0000,970.68,0,0,0.0000,NOT_RUN,0,121,64,0,7,354,41,0,0,0,0
342,0,1,0,NEGATIVE_PEAK,-5.1378,1.0635,-67,17,9,0.1343,1112.25,77.84,19.48,25.32,272.00,560.00,24.00,28.00,0.0000,968.76,0,0,0.0000,NOT_RUN,0,236,98,0,7,354,67,0,0,0,0
343,0,1,0,NEGATIVE_PEAK,-6.1536,1.1081,-123,18,4,0.0650,1112.25,77.84,19.48,25.32,270.00,551.50,24.00,29.00,0.0000,966.30,0,0,0.0000,NOT_RUN,0,443,113,0,7,354,123,0,0,0,0
344,0,1,1,ACCEPT,7.4329,1.1094,142,18,5,0.1338,1123.22,81.83,19.48,25.32,266.50,545.50,25.00,29.00,0.0000,974.15,1,0,2.6127,ACCEPT,0,356,126,2368,7,354,142,0,0,0,0
345,0,1,0,NEGATIVE_PEAK,-5.7800,1.0641,-83,17,-7,0.0843,1123.22,81.83,19.48,25.32,263.50,542.50,25.00,29.00,0.0000,975.36,0,0,0.0000,NOT_RUN,0,255,89,0,7,354,83,0,0,0,0
346,0,1,0,NEGATIVE_PEAK,-5.1278,1.0588,-54,17,-11,0.0185,1123.22,81.83,19.48,25.32,261.00,540.00,26.00,32.00,0.0000,976.39,0,0,0.0000,NOT_RUN,0,221,98,0,7,354,54,0,0,0,0
347,0,1,0,NEGATIVE_PEAK,-5.0467,1.0833,-26,17,-19,0.0385,1123.22,81.83,19.48,25.32,255.50,539.00,25.00,28.00,0.0000,980.79,0,0,0.0000,NOT_RUN,0,116,72,0,7,354,26,0,0,0,0
348,0,1,0,NEGATIVE_PEAK,-5.4882,1.0455,-23,17,-3,0.1739,1123.22,81.83,19.48,25.32,249.50,539.00,25.00,28.00,0.0000,986.10,0,0,0.0000,NOT_RUN,0,84,76,0,7,354,23,0,0,0,0
349,0,1,1,ACCEPT,5.5111,1.0000,24,15,1,0.0417,1132.36,82.62,19.48,25.32,242.00,540.00,26.00,28.00,0.0000,1000.97,1,0,2.9952,ACCEPT,0,110,126,2517,7,354,24,0,0,0,0
350,0,1,1,ACCEPT,5.9236,1.1395,49,18,-7,0.0204,1143.33,77.05,19.48,25.32,235.00,541.50,26.00,29.00,0.0000,1020.18,1,1,2.7072,OUT_OF_RANGE,0,164,136,2281,7,354,49,0,0,0,0
351,0,1,0,NEGATIVE_PEAK,-5.2718,1.0000,-23,14,6,0.0435,1143.33,77.05,19.48,25.32,227.50,543.00,29.00,32.00,0.0000,1027.55,0,0,0.0000,NOT_RUN,0,91,72,0,7,354,23,0,0,0,0
352,0,1,0,NEGATIVE_PEAK,-4.1960,1.0455,-23,17,-6,0.0435,1143.33,77.05,19.48,25.32,220.00,546.00,26.00,30.00,0.0000,1035.59,0,0,0.0000,NOT_RUN,0,126,52,0,7,354,23,0,0,0,0
353,0,1,1,ACCEPT,5.5774,1.1111,10,17,-13,0.3000,1153.69,66.69,19.48,25.32,213.50,548.00,27.00,30.00,0.0000,1056.23,1,-3,1.5342,MAX_STEP,0,38,117,2578,7,354,10,0,0,0,0
354,0,1,0,NEGATIVE_PEAK,-4.2308,1.0000,-25,15,-8,0.2000,1153.69,66.69,19.48,25.32,207.50,550.50,25.00,29.00,0.0000,1062.71,0,0,0.0000,NOT_RUN,0,120,46,0,7,354,25,0,0,0,0
