frame,occluded,evaluated,accept,reason,psr_bolme,psr_ratio,peak,dr_bin,dc_bin,resp00_over_peak,est_row,est_col,est_h,est_w,truth_row,truth_col,truth_h,truth_w,iou,centre_err,published,scale_idx,scale_conf,scale_reason,rails,accum_max,fch0_max,h_max,job,anchor,resp_max,rails_fch,rails_accum,rails_resp,rails_h
0,0,0,0,ZERO_RESPONSE,0.0000,0.0000,0,0,0,0.0000,131.50,350.00,25.00,18.00,131.50,350.00,25.00,18.00,1.0000,0.00,1,0,0.0000,NOT_RUN,0,0,5582,4468,0,0,0,0,0,0,0
1,0,1,1,ACCEPT,11.2023,2.0000,12,1,-21,0.3333,131.89,344.09,25.00,18.00,129.00,344.50,24.00,19.00,0.7523,2.92,1,0,3.1907,ACCEPT,0,87,3656,2086,0,0,12,0,0,0,0
2,0,1,1,ACCEPT,11.3390,1.7143,12,-3,-21,0.2500,130.72,338.19,25.00,18.00,129.00,339.50,22.00,19.00,0.7584,2.16,1,0,3.2391,ACCEPT,0,47,3729,2127,0,0,12,0,0,0,0
3,0,1,1,ACCEPT,9.1315,1.7500,14,0,-21,0.1429,130.72,332.28,25.00,18.00,130.00,336.00,24.00,18.00,0.6262,3.79,1,0,3.1941,ACCEPT,0,69,3681,2101,0,0,14,0,0,0,0
4,0,1,1,ACCEPT,9.7259,1.7000,17,-3,-17,0.0588,129.55,327.50,25.00,18.00,129.00,330.50,26.00,19.00,0.6941,3.05,1,0,3.0056,ACCEPT,0,74,4135,2002,0,0,17,0,0,0,0
5,0,1,1,ACCEPT,9.8388,1.6154,21,0,-17,0.1429,129.55,322.72,25.00,18.00,129.00,326.50,26.00,19.00,0.6368,3.82,1,0,2.9057,ACCEPT,0,91,3473,2164,0,0,21,0,0,0,0
6,0,1,1,ACCEPT,7.8003,1.4167,17,-2,-14,0.0588,128.77,318.78,25.00,18.00,129.00,322.50,24.00,17.00,0.6273,3.73,1,0,2.8929,ACCEPT,0,74,3482,2068,0,0,17,0,0,0,0
7,0,1,1,ACCEPT,8.1150,1.4167,17,0,-12,0.1176,128.77,315.41,25.00,18.00,128.50,318.50,25.00,17.00,0.6870,3.11,1,0,2.6333,ACCEPT,0,78,3149,1815,0,0,17,0,0,0,0
8,0,1,1,ACCEPT,6.0338,1.0909,12,-3,-11,0.2500,127.59,312.31,24.04,17.31,128.00,315.00,26.00,18.00,0.6862,2.72,1,-1,2.5053,ACCEPT,0,68,3287,1990,0,0,12,0,0,0,0
9,0,1,1,ACCEPT,5.2760,1.0000,12,0,-13,0.1667,127.59,308.76,23.11,16.64,128.50,312.00,25.00,16.00,0.6267,3.37,1,-1,2.6094,ACCEPT,0,87,2633,1655,0,0,12,0,0,0,0
10,0,1,1,ACCEPT,5.4601,1.2500,10,-5,-14,0.1000,125.80,305.15,23.11,16.64,127.50,308.50,25.00,17.00,0.5920,3.76,1,-2,1.8647,LOW_CONF,0,79,2982,1368,0,0,10,0,0,0,0
11,0,1,1,ACCEPT,5.5271,1.1818,13,1,-11,0.3846,126.16,302.31,21.37,15.39,127.50,306.50,27.00,15.00,0.4717,4.40,1,-2,2.1330,ACCEPT,0,100,2477,1561,0,0,13,0,0,0,0
12,0,1,1,ACCEPT,6.9694,1.5000,15,-3,-13,0.2000,125.15,299.16,21.37,15.39,127.50,303.50,25.00,17.00,0.4874,4.93,1,0,2.5854,ACCEPT,0,95,2784,1330,0,0,15,0,0,0,0
13,0,1,1,ACCEPT,7.0781,1.3636,15,-1,-9,0.0667,124.81,296.98,21.37,15.39,128.00,301.00,26.00,18.00,0.4840,5.13,1,-3,1.7915,MAX_STEP,0,88,2075,1424,0,0,15,0,0,0,0
14,0,1,1,ACCEPT,7.2612,1.3077,17,-2,-17,0.2353,124.14,292.87,21.37,15.39,128.00,297.00,26.00,18.00,0.4546,5.65,1,-4,2.1509,MAX_STEP,0,109,2324,1545,0,0,17,0,0,0,0
15,0,1,1,ACCEPT,6.7727,1.3750,22,4,-13,0.0455,125.48,289.72,21.37,15.39,127.50,293.50,23.00,17.00,0.5332,4.28,1,-3,1.8270,MAX_STEP,0,105,1822,1693,0,0,22,0,0,0,0
16,0,1,1,ACCEPT,7.4776,1.4000,21,0,-13,0.4286,125.48,286.57,21.37,15.39,127.50,290.00,25.00,14.00,0.5415,3.98,1,0,2.2400,ACCEPT,0,118,2567,1333,0,0,21,0,0,0,0
17,0,1,1,ACCEPT,10.3072,1.9286,27,2,-9,0.2593,126.16,284.39,20.55,14.79,129.00,287.00,26.00,14.00,0.5638,3.86,1,-1,2.5524,ACCEPT,0,107,2236,1419,0,0,27,0,0,0,0
18,0,1,1,ACCEPT,9.8744,1.8824,32,-3,-7,0.0312,125.20,282.75,20.55,14.79,128.00,283.50,26.00,15.00,0.7161,2.90,1,-3,2.1515,MAX_STEP,0,114,3135,1416,0,0,32,0,0,0,0
19,0,1,1,ACCEPT,8.9872,1.7619,37,1,-12,0.4324,125.52,279.94,20.55,14.79,128.00,281.00,26.00,14.00,0.6955,2.70,1,-4,2.0496,MAX_STEP,0,167,2017,1370,0,0,37,0,0,0,0
20,0,1,1,ACCEPT,11.0209,1.9474,37,-2,-11,0.4595,124.88,277.36,20.55,14.79,127.00,277.50,26.00,15.00,0.7759,2.13,1,-4,1.4749,MAX_STEP,0,155,2325,1354,0,0,37,0,0,0,0
21,0,1,1,ACCEPT,9.9342,1.7600,44,3,-12,0.4773,125.84,274.55,20.55,14.79,127.50,274.00,27.00,16.00,0.7037,1.75,1,-1,1.8215,LOW_CONF,0,200,2313,1298,0,0,44,0,0,0,0
22,0,1,1,ACCEPT,7.9171,1.2273,27,-2,-19,0.6667,125.20,270.09,19.76,14.23,128.00,269.50,28.00,15.00,0.6531,2.87,1,-1,2.3761,ACCEPT,0,208,1915,1338,0,0,27,0,0,0,0
23,0,1,1,ACCEPT,8.4397,1.2400,31,5,-14,0.3871,126.76,267.03,19.76,14.23,128.00,267.50,24.00,15.00,0.7728,1.33,1,0,2.9231,ACCEPT,0,186,1895,1533,0,0,31,0,0,0,0
24,0,1,1,ACCEPT,7.3705,1.3125,21,-5,-19,0.5714,125.20,262.88,19.76,14.23,127.50,267.00,27.00,12.00,0.4154,4.73,1,0,2.7925,ACCEPT,0,147,1582,1610,0,0,21,0,0,0,0
25,0,1,1,ACCEPT,8.6354,1.3043,30,2,-20,0.4000,125.82,258.50,19.76,14.23,127.50,259.00,23.00,12.00,0.7372,1.75,1,0,3.0136,ACCEPT,0,160,1961,1486,0,0,30,0,0,0,0
26,0,1,1,ACCEPT,8.0932,1.4000,21,-5,-23,0.3810,124.26,253.47,19.00,13.68,128.00,254.50,24.00,13.00,0.6186,3.88,1,-1,2.6296,ACCEPT,0,123,1407,1893,0,0,21,0,0,0,0
27,0,1,1,ACCEPT,10.3021,1.4000,35,1,-22,0.2571,124.55,248.83,18.27,13.15,127.00,249.00,22.00,14.00,0.7371,2.45,1,-1,2.7777,ACCEPT,0,160,1775,1708,0,0,35,0,0,0,0
28,0,1,1,ACCEPT,10.7365,1.7500,35,-7,-19,0.2286,122.53,244.97,17.56,12.65,124.50,244.00,21.00,14.00,0.7077,2.19,1,-1,2.2254,ACCEPT,0,175,1645,1591,0,0,35,0,0,0,0
29,0,1,1,ACCEPT,8.7349,1.1250,27,0,-27,0.2963,122.53,239.70,17.56,12.65,125.00,238.00,22.00,14.00,0.6123,2.99,1,-2,1.8098,LOW_CONF,0,196,1366,1763,0,0,27,0,0,0,0
30,0,1,1,ACCEPT,9.0446,1.2778,23,0,-27,0.0435,122.53,234.42,17.56,12.65,125.00,234.50,24.00,13.00,0.7120,2.47,1,-2,1.8961,LOW_CONF,0,145,1533,1595,0,0,23,0,0,0,0
31,0,1,1,ACCEPT,13.0872,1.7333,26,2,-23,0.2308,123.08,229.93,16.89,12.16,126.00,229.50,24.00,15.00,0.5705,2.95,1,-1,2.1917,ACCEPT,0,98,1546,2045,0,0,26,0,0,0,0
32,0,1,1,ACCEPT,11.3172,1.3333,32,5,-26,0.2500,124.41,225.05,16.89,12.16,125.00,224.00,22.00,14.00,0.6546,1.21,1,0,2.8048,ACCEPT,0,154,1103,2235,0,0,32,0,0,0,0
33,0,1,1,ACCEPT,11.1767,1.4211,27,2,-22,0.1852,124.94,220.93,16.89,12.16,127.50,219.50,15.00,13.00,0.5941,2.93,1,0,2.6367,ACCEPT,0,126,1544,1679,0,0,27,0,0,0,0
34,0,1,1,ACCEPT,8.3391,1.5385,20,-2,-27,0.2500,124.41,215.87,16.89,12.16,129.50,215.00,19.00,14.00,0.4959,5.17,1,0,2.5563,ACCEPT,0,132,1353,1764,0,0,20,0,0,0,0
35,0,1,1,ACCEPT,9.0532,1.1905,25,4,-22,0.4400,125.47,211.74,16.89,12.16,130.00,210.00,18.00,16.00,0.4669,4.85,1,0,2.3211,ACCEPT,0,146,1562,1533,0,0,25,0,0,0,0
36,0,1,1,ACCEPT,8.2753,1.1667,21,1,-17,0.2857,125.73,208.55,16.89,12.16,128.00,205.50,16.00,13.00,0.4853,3.80,1,2,1.9854,LOW_CONF,0,137,1450,1567,0,0,21,0,0,0,0
37,0,1,1,ACCEPT,7.7042,1.2222,22,0,-26,0.5000,125.73,203.68,16.89,12.16,130.50,202.00,19.00,16.00,0.4590,5.05,1,0,2.3609,ACCEPT,0,152,1379,1800,0,0,22,0,0,0,0
38,0,1,1,ACCEPT,8.7155,1.1818,26,15,-7,0.2692,129.72,202.37,16.89,12.16,131.50,198.00,19.00,16.00,0.4455,4.72,1,0,2.2535,ACCEPT,0,152,1287,1570,0,0,26,0,0,0,0
39,0,1,1,ACCEPT,9.2406,1.7692,23,4,-22,0.4783,130.78,198.24,17.56,12.65,131.00,194.50,18.00,17.00,0.5836,3.75,1,1,2.3480,ACCEPT,0,145,1131,1808,0,0,23,0,0,0,0
40,0,1,0,NEGATIVE_PEAK,-6.4564,1.0526,-20,-11,-1,0.4500,130.78,198.24,17.56,12.65,130.00,189.50,18.00,17.00,0.2434,8.78,0,0,0.0000,NOT_RUN,0,146,1098,0,0,0,20,0,0,0,0
41,0,1,1,ACCEPT,5.5234,1.0500,21,2,-50,0.0476,131.33,188.48,18.27,13.15,129.50,184.00,19.00,16.00,0.4532,4.84,1,1,2.5230,ACCEPT,0,262,1122,2911,0,0,21,0,0,0,0
42,0,1,1,ACCEPT,13.9869,1.5349,66,2,-21,0.3030,131.91,184.21,18.27,13.15,131.50,180.50,17.00,17.00,0.5749,3.73,1,0,2.9080,ACCEPT,0,239,888,3084,0,0,66,0,0,0,0
43,0,1,1,ACCEPT,13.2708,1.9643,55,1,-25,0.2909,132.20,179.13,18.27,13.15,132.50,177.50,19.00,15.00,0.7629,1.66,1,0,3.0349,ACCEPT,0,225,838,3331,0,0,55,0,0,0,0
44,0,1,1,ACCEPT,11.1666,1.1887,63,1,-21,0.3651,132.48,174.87,18.27,13.15,132.50,171.50,19.00,15.00,0.5935,3.37,1,0,3.1907,ACCEPT,0,238,958,2793,0,0,63,0,0,0,0
45,0,1,1,ACCEPT,8.2021,1.0833,52,17,-26,0.3846,137.40,169.59,18.27,13.15,133.00,169.50,22.00,13.00,0.6351,4.40,1,0,3.2417,ACCEPT,0,219,917,2760,0,0,52,0,0,0,0
46,0,1,1,ACCEPT,8.6587,1.4545,48,-5,-16,0.2083,135.95,166.34,18.27,13.15,133.50,165.50,23.00,13.00,0.7026,2.59,1,0,3.3369,ACCEPT,0,218,603,3586,0,0,48,0,0,0,0
47,0,1,1,ACCEPT,6.5062,1.1111,50,1,-11,0.4600,136.24,164.10,18.27,13.15,131.00,164.50,18.00,15.00,0.4977,5.26,1,0,2.9895,ACCEPT,0,260,811,4035,0,0,50,0,0,0,0
48,0,1,1,ACCEPT,8.4384,1.1111,80,18,8,0.1750,141.45,165.73,19.00,13.68,131.50,162.50,21.00,17.00,0.2460,10.46,1,1,2.5779,ACCEPT,0,321,720,3473,0,0,80,0,0,0,0
49,0,1,1,ACCEPT,8.7583,1.2308,80,4,5,0.1625,142.63,166.78,19.76,14.23,133.50,159.50,21.00,15.00,0.1605,11.68,1,1,2.1454,ACCEPT,0,297,988,3663,0,0,80,0,0,0,0
50,0,1,1,ACCEPT,12.2146,1.9195,167,-5,-11,0.0299,141.07,164.38,19.76,14.23,134.00,158.00,24.00,16.00,0.2416,9.52,1,0,2.5656,ACCEPT,0,759,1494,6110,0,0,167,0,0,0,0
51,0,1,1,ACCEPT,13.4390,1.2154,299,2,-7,0.0535,141.70,162.84,19.76,14.23,134.50,158.50,21.00,15.00,0.2939,8.40,1,0,2.9910,ACCEPT,0,1035,1368,8419,0,0,299,0,0,0,0
52,0,1,1,ACCEPT,14.3839,1.8647,317,-3,-7,0.1514,140.76,161.31,19.76,14.23,134.50,158.50,21.00,15.00,0.3880,6.86,1,0,3.1135,ACCEPT,0,1012,1600,5208,0,0,317,0,0,0,0
53,0,1,1,ACCEPT,16.8973,2.5321,276,2,-2,0.1341,141.38,160.88,19.76,14.23,136.00,158.00,22.00,14.00,0.4197,6.10,1,0,3.2911,ACCEPT,0,610,1315,8369,0,0,276,0,0,0,0
54,0,1,1,ACCEPT,15.7334,2.7045,357,3,-7,0.2213,142.32,159.34,20.55,14.79,136.50,158.50,21.00,13.00,0.5081,5.88,1,1,2.4713,ACCEPT,0,871,1649,7543,0,0,357,0,0,0,0
55,0,1,1,ACCEPT,13.5779,1.9532,334,2,-4,0.0958,142.96,158.41,20.55,14.79,134.50,158.00,19.00,10.00,0.2970,8.47,1,0,3.0851,ACCEPT,0,868,1624,7238,0,0,334,0,0,0,0
56,0,1,1,ACCEPT,12.3310,1.6647,278,-3,-3,0.5360,142.00,157.70,20.55,14.79,131.00,158.50,8.00,7.00,0.0680,11.03,1,0,3.1905,ACCEPT,0,1024,1692,7461,0,0,278,0,0,0,0
57,0,1,1,ACCEPT,10.6010,1.3333,260,2,-3,0.1577,142.64,157.00,20.55,14.79,130.50,163.00,11.00,12.00,0.0657,13.54,1,0,3.2136,ACCEPT,0,1014,1375,11102,0,0,260,0,0,0,0
58,0,1,1,ACCEPT,14.4844,1.7783,393,-1,-3,0.7176,142.32,156.30,20.55,14.79,130.00,164.50,10.00,11.00,0.0347,14.80,1,0,3.0328,ACCEPT,0,877,1533,10206,0,0,393,0,0,0,0
59,0,1,1,ACCEPT,15.7472,2.0769,459,5,1,0.1176,143.92,156.53,20.55,14.79,130.50,167.00,9.00,6.00,0.0000,17.02,1,0,3.1311,ACCEPT,0,975,1899,11727,0,0,459,0,0,0,0
60,0,1,1,ACCEPT,17.9499,2.5677,588,-1,-7,0.0442,143.60,154.89,20.55,14.79,130.00,166.50,8.00,7.00,0.0000,17.88,1,0,3.1896,ACCEPT,0,1288,1799,10153,0,0,588,0,0,0,0
61,0,1,1,ACCEPT,14.3835,1.7472,463,3,1,0.6177,144.56,155.12,20.55,14.79,134.50,169.50,7.00,11.00,0.0000,17.55,1,0,3.0992,ACCEPT,0,1382,1285,11887,0,0,463,0,0,0,0
62,0,1,1,ACCEPT,13.8079,1.4349,386,2,1,0.8057,145.20,155.36,20.55,14.79,136.00,172.00,10.00,10.00,0.0000,19.02,1,0,3.1294,ACCEPT,0,1247,1351,11221,0,0,386,0,0,0,0
63,0,1,1,ACCEPT,16.4564,2.5341,446,6,-3,0.0291,147.12,154.66,20.55,14.79,137.50,173.00,13.00,14.00,0.0000,20.72,1,0,3.0854,ACCEPT,0,890,1371,11994,0,0,446,0,0,0,0
64,0,1,1,ACCEPT,22.9247,3.6250,667,2,-3,0.4468,147.77,153.95,20.55,14.79,142.50,176.00,21.00,16.00,0.0000,22.67,1,0,2.9840,ACCEPT,0,1300,1168,12301,0,0,667,0,0,0,0
65,0,1,1,ACCEPT,20.1519,3.3469,492,4,4,0.2459,149.05,154.89,20.55,14.79,144.00,179.00,20.00,18.00,0.0000,24.63,1,0,3.0956,ACCEPT,0,890,1264,15372,0,0,492,0,0,0,0
66,0,1,1,ACCEPT,18.4851,2.8606,595,2,2,0.7513,149.69,155.36,20.55,14.79,145.00,180.00,22.00,16.00,0.0000,25.08,1,0,3.0899,ACCEPT,0,1250,1154,10652,0,0,595,0,0,0,0
67,0,1,1,ACCEPT,17.8504,2.4684,469,1,5,0.1578,150.01,156.53,20.55,14.79,146.50,183.50,21.00,13.00,0.0000,27.20,1,0,3.2339,ACCEPT,0,952,1426,13920,0,0,469,0,0,0,0
68,0,1,1,ACCEPT,18.0494,3.3512,563,2,6,0.2593,150.65,157.94,20.55,14.79,145.50,184.50,21.00,11.00,0.0000,27.06,1,0,2.9027,ACCEPT,0,1564,1223,7824,0,0,563,0,0,0,0
69,0,1,1,ACCEPT,12.3149,1.7410,242,1,10,0.1405,150.97,160.28,20.55,14.79,145.00,187.00,18.00,10.00,0.0000,27.38,1,0,2.9305,ACCEPT,0,967,2247,5195,0,0,242,0,0,0,0
70,0,1,1,ACCEPT,11.0746,1.8902,155,1,13,0.0968,151.29,163.33,20.55,14.79,146.00,191.00,18.00,12.00,0.0000,28.17,1,0,3.2437,ACCEPT,0,738,2544,4018,0,0,155,0,0,0,0
71,0,1,1,ACCEPT,10.0410,1.5604,142,5,15,0.0352,152.89,166.84,20.55,14.79,148.50,195.00,21.00,14.00,0.0000,28.50,1,0,3.2270,ACCEPT,0,640,2577,3798,0,0,142,0,0,0,0
72,0,1,1,ACCEPT,12.2087,1.8049,148,-2,10,0.1486,152.25,169.19,20.55,14.79,148.50,202.00,21.00,14.00,0.0000,33.03,1,0,3.3289,ACCEPT,0,562,2014,4635,0,0,148,0,0,0,0
73,0,1,1,ACCEPT,9.0898,1.4483,126,5,15,0.1349,153.85,172.70,20.55,14.79,150.50,206.00,23.00,16.00,0.0000,33.47,1,0,2.9915,ACCEPT,0,587,1560,5538,0,0,126,0,0,0,0
74,0,1,1,ACCEPT,7.0589,1.0260,79,12,18,0.4051,157.70,176.92,20.55,14.79,150.50,210.00,23.00,14.00,0.0000,33.85,1,0,2.8899,ACCEPT,0,385,1293,6716,0,0,79,0,0,0,0
75,0,1,1,ACCEPT,8.0015,1.3485,89,3,18,0.3933,158.66,181.14,20.55,14.79,150.50,217.00,23.00,20.00,0.0000,36.78,1,0,2.6999,ACCEPT,0,438,1035,7470,0,0,89,0,0,0,0
76,0,1,1,ACCEPT,7.5840,1.3478,62,0,18,0.2419,158.66,185.36,20.55,14.79,150.50,224.50,21.00,21.00,0.0000,39.98,1,0,2.9287,ACCEPT,0,311,858,7939,0,0,62,0,0,0,0
77,0,1,1,ACCEPT,8.9826,1.7209,74,4,22,0.3378,159.94,190.52,20.55,14.79,151.50,231.00,21.00,18.00,0.0000,41.35,1,0,2.6199,ACCEPT,0,262,907,7672,0,0,74,0,0,0,0
78,0,1,1,ACCEPT,8.5988,1.3091,72,1,10,0.1667,160.26,192.86,20.55,14.79,151.00,236.00,20.00,16.00,0.0000,44.12,1,0,3.3192,ACCEPT,0,342,1176,6443,0,0,72,0,0,0,0
79,0,1,1,ACCEPT,7.1961,1.3548,42,4,22,0.3571,161.54,198.02,20.55,14.79,153.50,240.00,21.00,20.00,0.0000,42.75,1,0,3.4231,ACCEPT,0,271,1332,5872,0,0,42,0,0,0,0
80,0,1,1,ACCEPT,7.4998,1.1000,44,12,22,0.0227,165.38,203.17,19.76,14.23,151.50,247.50,17.00,17.00,0.0000,46.45,1,-1,2.8130,ACCEPT,0,237,956,7304,0,0,44,0,0,0,0
81,0,1,1,ACCEPT,6.4602,1.0769,42,-7,16,0.2857,163.20,206.67,19.76,14.23,154.00,252.00,22.00,18.00,0.0000,46.25,1,0,3.3264,ACCEPT,0,335,727,6850,0,0,42,0,0,0,0
82,0,1,1,ACCEPT,9.7076,1.7857,50,-2,21,0.0600,162.57,211.27,19.76,14.23,155.00,259.50,22.00,17.00,0.0000,48.82,1,0,3.4934,ACCEPT,0,288,1094,6509,0,0,50,0,0,0,0
83,0,1,1,ACCEPT,7.6946,1.5517,45,2,25,0.0889,163.20,216.73,19.76,14.23,156.00,265.50,22.00,17.00,0.0000,49.29,1,0,3.2796,ACCEPT,0,337,928,7444,0,0,45,0,0,0,0
84,0,1,1,ACCEPT,10.7459,1.8049,74,2,17,0.1081,163.82,220.45,19.76,14.23,155.00,270.00,22.00,16.00,0.0000,50.33,1,0,3.2603,ACCEPT,0,405,1033,6417,0,0,74,0,0,0,0
85,0,1,1,ACCEPT,8.4564,1.2941,66,2,21,0.1061,164.45,225.05,19.76,14.23,156.00,275.00,22.00,16.00,0.0000,50.66,1,0,3.1260,ACCEPT,0,422,1222,7921,0,0,66,0,0,0,0
86,0,1,1,ACCEPT,9.6112,1.7059,87,4,17,0.0115,165.70,228.77,19.76,14.23,156.50,280.50,21.00,17.00,0.0000,52.55,1,0,3.2099,ACCEPT,0,463,1062,7384,0,0,87,0,0,0,0
87,0,1,1,ACCEPT,10.8022,1.6615,108,3,16,0.0926,166.63,232.27,19.76,14.23,157.00,284.50,26.00,17.00,0.0000,53.12,1,0,3.2167,ACCEPT,0,472,941,8917,0,0,108,0,0,0,0
88,0,1,1,ACCEPT,11.8581,1.4828,129,-2,17,0.1550,166.01,235.98,19.76,14.23,159.00,288.50,26.00,17.00,0.0000,52.98,1,0,3.0772,ACCEPT,0,503,869,8921,0,0,129,0,0,0,0
89,0,1,1,ACCEPT,13.5163,1.9135,199,9,17,0.0452,168.82,239.70,19.76,14.23,157.50,293.00,23.00,16.00,0.0000,54.49,1,0,3.0552,ACCEPT,0,592,797,7866,0,0,199,0,0,0,0
90,0,1,1,ACCEPT,12.4517,1.7679,198,-1,11,0.2020,168.51,242.11,19.76,14.23,158.50,294.50,25.00,19.00,0.0000,53.34,1,0,3.2091,ACCEPT,0,579,541,9424,0,0,198,0,0,0,0
91,0,1,1,ACCEPT,14.2937,1.8583,236,0,12,0.0763,168.51,244.73,19.76,14.23,158.00,296.50,26.00,19.00,0.0000,52.82,1,0,2.8368,ACCEPT,0,691,617,14695,0,0,236,0,0,0,0
92,0,1,1,ACCEPT,12.9406,1.8010,344,-3,6,0.1860,167.57,246.05,19.76,14.23,157.00,298.50,26.00,19.00,0.0000,53.51,1,0,3.0351,ACCEPT,0,858,750,16524,0,0,344,0,0,0,0
93,0,1,1,ACCEPT,17.0057,2.0253,480,0,5,0.1021,167.57,247.14,19.76,14.23,156.00,300.00,20.00,20.00,0.0000,54.11,1,0,3.0892,ACCEPT,0,1081,820,14350,0,0,480,0,0,0,0
94,0,1,1,ACCEPT,21.5609,3.5035,501,-5,4,0.0838,166.01,248.02,19.76,14.23,157.50,300.50,23.00,19.00,0.0000,53.17,1,0,3.0475,ACCEPT,0,920,680,15371,0,0,501,0,0,0,0
95,0,1,1,ACCEPT,17.3284,2.5638,482,2,2,0.7884,166.63,248.45,19.76,14.23,154.00,302.00,22.00,20.00,0.0000,55.02,1,0,3.1343,ACCEPT,0,1029,815,11668,0,0,482,0,0,0,0
96,0,1,1,ACCEPT,23.0941,3.0448,679,-4,3,0.1826,165.38,249.11,19.76,14.23,154.00,303.00,20.00,20.00,0.0000,55.08,1,0,2.7152,ACCEPT,0,1232,771,10124,0,0,679,0,0,0,0
97,0,1,1,ACCEPT,24.3835,2.2458,667,2,-1,0.7511,166.01,248.89,19.76,14.23,153.50,304.00,19.00,18.00,0.0000,56.51,1,0,3.1023,ACCEPT,0,1226,870,11978,0,0,667,0,0,0,0
98,0,1,1,ACCEPT,21.4096,1.8388,616,-3,-1,0.6948,165.07,248.67,19.76,14.23,155.50,305.00,25.00,18.00,0.0000,57.14,1,0,3.1589,ACCEPT,0,1196,1056,11789,0,0,616,0,0,0,0
99,0,1,1,ACCEPT,21.6427,2.0594,659,1,-1,0.9788,165.38,248.45,19.76,14.23,155.50,305.00,25.00,18.00,0.0000,57.40,1,0,3.2351,ACCEPT,0,1268,1165,11099,0,0,659,0,0,0,0
100,0,1,1,ACCEPT,20.6982,1.8678,551,-3,4,0.0744,164.45,249.33,19.76,14.23,155.50,306.00,23.00,18.00,0.0000,57.37,1,0,3.1812,ACCEPT,0,1149,945,10926,0,0,551,0,0,0,0
101,0,1,1,ACCEPT,15.4098,1.4664,393,1,0,0.9847,164.76,249.33,19.76,14.23,156.50,306.50,21.00,17.00,0.0000,57.77,1,0,3.1909,ACCEPT,0,855,1160,9657,0,0,393,0,0,0,0
102,0,1,1,ACCEPT,22.4159,1.8788,558,-6,1,0.5323,162.88,249.55,19.76,14.23,155.50,306.50,23.00,19.00,0.0000,57.43,1,0,3.2070,ACCEPT,0,991,684,13765,0,0,558,0,0,0,0
103,0,1,1,ACCEPT,26.4800,2.0231,876,1,-5,0.1084,163.20,248.45,19.76,14.23,155.50,306.50,23.00,17.00,0.0000,58.55,1,0,3.3027,ACCEPT,0,1335,1320,11566,0,0,876,0,0,0,0
104,0,1,1,ACCEPT,21.5475,1.8767,548,-2,2,0.8412,162.57,248.89,19.76,14.23,153.50,307.50,21.00,15.00,0.0000,59.31,1,0,3.2051,ACCEPT,0,1150,966,13580,0,0,548,0,0,0,0
105,0,1,1,ACCEPT,28.8448,2.7227,923,-1,-5,0.0206,162.26,247.80,19.76,14.23,153.50,306.50,21.00,17.00,0.0000,59.35,1,0,3.2328,ACCEPT,0,1220,1376,11532,0,0,923,0,0,0,0
106,0,1,1,ACCEPT,22.7191,1.9340,762,0,-1,0.8701,162.26,247.58,19.76,14.23,152.50,308.50,21.00,15.00,0.0000,61.70,1,0,3.2933,ACCEPT,0,1305,806,11743,0,0,762,0,0,0,0
107,0,1,1,ACCEPT,22.9141,2.2186,619,2,-3,0.5574,162.88,246.92,19.76,14.23,152.50,308.00,19.00,18.00,0.0000,61.95,1,0,3.3285,ACCEPT,0,1052,1371,9651,0,0,619,0,0,0,0
108,0,1,1,ACCEPT,26.4525,2.3376,734,-3,3,0.3079,161.95,247.58,19.76,14.23,152.00,309.00,24.00,16.00,0.0000,62.22,1,0,3.2773,ACCEPT,0,1217,787,12897,0,0,734,0,0,0,0
109,0,1,1,ACCEPT,24.7643,2.4193,854,2,0,0.8232,162.57,247.58,19.76,14.23,151.50,309.00,25.00,16.00,0.0000,62.41,1,0,3.3291,ACCEPT,0,1205,1302,8729,0,0,854,0,0,0,0
110,0,1,1,ACCEPT,22.8805,1.9902,609,-2,3,0.4007,161.95,248.23,19.76,14.23,150.00,309.50,24.00,17.00,0.0000,62.42,1,0,3.2851,ACCEPT,0,1116,679,10716,0,0,609,0,0,0,0
111,0,1,1,ACCEPT,18.9159,2.0122,662,2,4,0.1858,162.57,249.11,19.76,14.23,151.00,311.00,24.00,18.00,0.0000,62.96,1,0,3.1181,ACCEPT,0,1608,1127,10443,0,0,662,0,0,0,0
112,0,1,1,ACCEPT,16.6090,2.2601,730,-2,4,0.4247,161.95,249.98,19.76,14.23,150.00,310.00,26.00,20.00,0.0000,61.19,1,0,3.1850,ACCEPT,0,1936,899,11158,0,0,730,0,0,0,0
113,0,1,1,ACCEPT,16.4913,2.2483,661,2,1,0.6445,162.57,250.20,19.76,14.23,149.00,311.00,26.00,22.00,0.0000,62.29,1,0,3.2143,ACCEPT,0,1585,1830,8200,0,0,661,0,0,0,0
114,0,1,1,ACCEPT,11.1387,2.3880,437,-3,5,0.3410,161.63,251.30,19.76,14.23,149.50,312.50,23.00,19.00,0.0000,62.39,1,0,3.1056,ACCEPT,0,1624,1386,8584,0,0,437,0,0,0,0
115,0,1,1,ACCEPT,13.7241,2.6232,543,2,1,0.7606,162.26,251.52,19.76,14.23,150.50,313.00,25.00,18.00,0.0000,62.60,1,0,3.0706,ACCEPT,0,1792,1982,7168,0,0,543,0,0,0,0
116,0,1,1,ACCEPT,12.2755,1.8675,437,1,-5,0.4897,162.57,250.42,19.76,14.23,149.00,313.00,24.00,20.00,0.0000,64.03,1,0,3.2894,ACCEPT,0,1311,1208,10448,0,0,437,0,0,0,0
117,0,1,1,ACCEPT,8.4433,1.4752,357,-1,4,0.4426,162.26,251.30,19.76,14.23,149.00,312.00,24.00,20.00,0.0000,62.13,1,0,3.0459,ACCEPT,0,1574,2446,5284,0,0,357,0,0,0,0
118,0,1,1,ACCEPT,7.6335,1.1401,236,-1,3,0.7076,161.95,251.95,19.76,14.23,149.50,315.50,23.00,17.00,0.0000,64.75,1,0,2.9239,ACCEPT,0,1154,1387,6150,0,0,236,0,0,0,0
119,0,1,1,ACCEPT,8.0392,1.0810,227,2,-18,0.5903,162.57,248.02,19.76,14.23,149.00,314.50,24.00,19.00,0.0000,67.86,1,0,2.2759,ACCEPT,0,1047,1914,7575,0,0,227,0,0,0,0
120,0,1,1,ACCEPT,7.3713,1.1562,259,-3,0,0.2741,161.63,248.02,19.76,14.23,147.50,314.50,25.00,19.00,0.0000,67.97,1,0,2.6088,ACCEPT,0,1291,1321,9396,0,0,259,0,0,0,0
121,0,1,1,ACCEPT,8.7930,1.1729,346,1,0,0.9769,161.95,248.02,19.76,14.23,149.50,315.00,23.00,18.00,0.0000,68.13,1,0,2.9167,ACCEPT,0,1421,1885,8701,0,0,346,0,0,0,0
122,0,1,1,ACCEPT,8.4640,1.2593,374,-1,4,0.8075,161.63,248.89,19.76,14.23,148.50,314.50,23.00,17.00,0.0000,66.91,1,0,2.9189,ACCEPT,0,1589,1118,7876,0,0,374,0,0,0,0
123,0,1,1,ACCEPT,11.6563,1.6654,423,1,-1,0.6950,161.95,248.67,19.76,14.23,148.50,314.50,23.00,17.00,0.0000,67.19,1,0,2.9480,ACCEPT,0,1499,2004,7037,0,0,423,0,0,0,0
124,0,1,1,ACCEPT,11.8145,1.7450,438,-1,-2,0.8699,161.63,248.23,19.76,14.23,148.00,315.00,26.00,16.00,0.0000,68.14,1,0,2.7868,ACCEPT,0,1260,1131,9683,0,0,438,0,0,0,0
125,0,1,1,ACCEPT,12.9828,2.0219,554,2,4,0.3791,162.26,249.11,19.76,14.23,148.00,315.50,24.00,17.00,0.0000,67.90,1,0,3.1145,ACCEPT,0,1348,1691,11435,0,0,554,0,0,0,0
126,0,1,1,ACCEPT,12.3161,1.9276,692,5,3,0.3858,163.82,249.77,19.76,14.23,148.00,317.00,24.00,16.00,0.0000,69.07,1,0,2.4618,ACCEPT,0,2014,2039,6771,0,0,692,0,0,0,0
127,0,1,1,ACCEPT,11.8657,1.7336,501,-2,-1,0.6387,163.20,249.55,19.76,14.23,146.50,317.50,23.00,15.00,0.0000,69.97,1,0,3.0346,ACCEPT,0,1400,1644,8842,0,0,501,0,0,0,0
128,0,1,1,ACCEPT,13.2162,1.8723,616,4,-1,0.5032,164.45,249.33,19.76,14.23,147.50,317.00,23.00,16.00,0.0000,69.76,1,0,2.7316,ACCEPT,0,1555,1724,9176,0,0,616,0,0,0,0
129,0,1,1,ACCEPT,15.3377,2.2527,633,0,3,0.5545,164.45,249.98,19.76,14.23,147.00,317.50,22.00,17.00,0.0000,69.73,1,0,3.2005,ACCEPT,0,1516,1550,8390,0,0,633,0,0,0,0
130,0,1,1,ACCEPT,9.6906,1.1558,371,3,-1,0.5957,165.38,249.77,19.76,14.23,148.00,317.00,24.00,18.00,0.0000,69.45,1,0,3.1798,ACCEPT,0,1259,1615,9419,0,0,371,0,0,0,0
131,0,1,1,ACCEPT,12.7396,1.8031,467,-3,-5,0.6210,164.45,248.67,19.76,14.23,146.50,318.50,23.00,15.00,0.0000,72.10,1,0,3.0576,ACCEPT,0,1517,1285,8245,0,0,467,0,0,0,0
132,0,1,1,ACCEPT,12.9938,1.9215,465,2,-1,0.6172,165.07,248.45,19.00,13.68,147.50,321.00,23.00,12.00,0.0000,74.64,1,-1,2.5784,ACCEPT,0,1308,1784,8178,0,0,465,0,0,0,0
133,0,1,1,ACCEPT,10.0668,1.2552,359,-4,-4,0.0084,163.88,247.61,19.00,13.68,146.00,319.50,20.00,11.00,0.0000,74.08,1,0,2.9260,ACCEPT,0,1393,1310,9199,0,0,359,0,0,0,0
134,0,1,1,ACCEPT,12.2924,2.1421,392,-1,-9,0.1607,163.59,245.71,19.00,13.68,146.00,319.50,24.00,13.00,0.0000,75.86,1,0,2.7249,ACCEPT,0,1045,1243,9577,0,0,392,0,0,0,0
135,0,1,1,ACCEPT,16.5539,2.2954,544,-4,-4,0.0423,162.40,244.87,19.00,13.68,145.00,321.00,26.00,12.00,0.0000,78.10,1,0,2.8153,ACCEPT,0,1152,1205,9804,0,0,544,0,0,0,0
136,0,1,1,ACCEPT,16.5672,2.5762,541,2,-7,0.1405,162.99,243.39,19.00,13.68,147.00,321.50,24.00,11.00,0.0000,79.73,1,0,2.6780,ACCEPT,0,1416,1477,9071,0,0,541,0,0,0,0
137,0,1,1,ACCEPT,17.9241,2.7327,552,-5,-4,0.0326,161.51,242.55,19.00,13.68,144.00,321.50,18.00,11.00,0.0000,80.87,1,0,2.8603,ACCEPT,0,1364,1129,9882,0,0,552,0,0,0,0
138,0,1,1,ACCEPT,17.8948,1.5464,617,-2,-13,0.0113,160.91,239.80,19.00,13.68,146.50,322.00,23.00,12.00,0.0000,83.45,1,0,3.0997,ACCEPT,0,1544,1662,9358,0,0,617,0,0,0,0
139,0,1,1,ACCEPT,13.2744,1.9231,450,-1,-4,0.3822,160.62,238.96,19.00,13.68,146.00,322.00,24.00,12.00,0.0000,84.32,1,0,2.7194,ACCEPT,0,1315,1061,10415,0,0,450,0,0,0,0
140,0,1,1,ACCEPT,16.3969,2.0283,501,-1,-8,0.0439,160.32,237.27,19.00,13.68,146.00,322.50,24.00,13.00,0.0000,86.42,1,0,2.8424,ACCEPT,0,1205,1106,10438,0,0,501,0,0,0,0
141,0,1,1,ACCEPT,14.5792,2.2634,421,2,-4,0.1710,160.91,236.43,19.00,13.68,144.50,322.00,27.00,16.00,0.0000,87.13,1,0,2.5127,ACCEPT,0,1230,903,9769,0,0,421,0,0,0,0
142,0,1,1,ACCEPT,16.9454,2.0261,466,-1,-8,0.1180,160.62,234.74,19.00,13.68,146.50,322.00,27.00,16.00,0.0000,88.39,1,0,2.6322,ACCEPT,0,1049,1291,10583,0,0,466,0,0,0,0
143,0,1,1,ACCEPT,14.7363,1.8137,477,-5,-12,0.0860,159.13,232.21,18.27,13.15,144.00,321.00,24.00,18.00,0.0000,90.07,1,-1,2.6452,ACCEPT,0,1440,909,10428,0,0,477,0,0,0,0
144,0,1,1,ACCEPT,16.4623,2.8588,486,2,-1,0.8066,159.71,232.01,18.27,13.15,145.50,321.50,27.00,17.00,0.0000,90.61,1,0,2.8069,ACCEPT,0,1097,1365,9289,0,0,486,0,0,0,0
145,0,1,1,ACCEPT,17.1726,2.7577,535,-6,-6,0.1327,157.98,230.79,18.27,13.15,145.50,323.50,27.00,13.00,0.0000,93.55,1,0,3.3935,ACCEPT,0,1381,1048,9183,0,0,535,0,0,0,0
146,0,1,1,ACCEPT,14.2141,1.7778,400,1,-8,0.0100,158.27,229.16,18.27,13.15,143.00,323.00,24.00,14.00,0.0000,95.07,1,0,2.8676,ACCEPT,0,1212,1102,9510,0,0,400,0,0,0,0
147,0,1,1,ACCEPT,18.9667,2.0507,445,-4,-6,0.0921,157.11,227.95,18.27,13.15,143.00,322.50,22.00,15.00,0.0000,95.60,1,0,2.8327,ACCEPT,0,1150,995,8743,0,0,445,0,0,0,0
148,0,1,1,ACCEPT,21.4270,3.0126,479,-1,-6,0.2025,156.82,226.73,18.27,13.15,142.50,322.00,23.00,14.00,0.0000,96.34,1,0,3.0387,ACCEPT,0,1114,1495,7979,0,0,479,0,0,0,0
149,0,1,1,ACCEPT,19.5117,2.3553,464,-5,-7,0.0043,155.38,225.30,18.27,13.15,142.50,322.50,25.00,15.00,0.0000,98.04,1,0,2.8633,ACCEPT,0,1103,705,11300,0,0,464,0,0,0,0
150,0,1,1,ACCEPT,15.7063,1.9899,396,1,-3,0.4419,155.66,224.70,18.27,13.15,142.00,323.50,24.00,15.00,0.0000,99.75,1,0,3.1421,ACCEPT,0,938,1645,10184,0,0,396,0,0,0,0
151,0,1,1,ACCEPT,15.2493,2.0714,493,-6,-11,0.0751,153.93,222.46,18.27,13.15,140.50,323.50,25.00,15.00,0.0000,101.93,1,0,2.8831,ACCEPT,0,1536,1500,7121,0,0,493,0,0,0,0
152,0,1,1,ACCEPT,12.6627,1.6300,326,-1,-6,0.4724,153.64,221.24,18.27,13.15,140.50,323.50,25.00,15.00,0.0000,103.10,1,0,3.0316,ACCEPT,0,1318,1937,6132,0,0,326,0,0,0,0
153,0,1,1,ACCEPT,14.4492,1.9650,393,-5,-7,0.1552,152.20,219.82,18.27,13.15,140.00,324.00,26.00,16.00,0.0000,104.89,1,0,2.8458,ACCEPT,0,1296,1013,9125,0,0,393,0,0,0,0
154,0,1,1,ACCEPT,13.7593,1.8300,366,2,-11,0.0683,152.77,217.59,18.27,13.15,139.50,323.50,27.00,15.00,0.0000,106.74,1,0,2.8267,ACCEPT,0,1426,1318,8058,0,0,366,0,0,0,0
155,0,1,1,ACCEPT,11.5801,1.5730,291,-6,-11,0.0653,151.04,215.35,17.56,12.65,139.50,324.50,25.00,13.00,0.0000,109.76,1,-1,2.6005,ACCEPT,0,1398,897,10332,0,0,291,0,0,0,0
156,0,1,1,ACCEPT,8.9185,1.3568,270,1,-8,0.5889,151.31,213.79,16.89,12.16,140.00,325.00,26.00,12.00,0.0000,111.78,1,-1,2.7160,ACCEPT,0,1464,943,9966,0,0,270,0,0,0,0
157,0,1,1,ACCEPT,10.7496,1.6768,275,1,-6,0.2255,151.58,212.66,16.89,12.16,139.00,325.50,26.00,11.00,0.0000,113.53,1,-1,1.9795,LOW_CONF,0,1039,1231,9350,0,0,275,0,0,0,0
158,0,1,1,ACCEPT,9.4110,1.7440,293,-2,-11,0.0341,151.05,210.60,16.89,12.16,138.50,325.00,27.00,12.00,0.0000,115.08,1,0,2.0994,ACCEPT,0,1157,1791,7627,0,0,293,0,0,0,0
159,0,1,1,ACCEPT,5.2916,1.0413,126,2,-11,0.0873,151.58,208.54,16.89,12.16,138.00,324.50,28.00,13.00,0.0000,116.75,1,0,2.4350,ACCEPT,0,1262,1019,8030,0,0,126,0,0,0,0
160,0,1,1,ACCEPT,5.3845,1.0080,126,11,-5,0.3730,154.50,207.60,16.89,12.16,140.00,324.50,24.00,13.00,0.0000,117.79,1,0,2.5554,ACCEPT,0,1210,1327,6293,0,0,126,0,0,0,0
161,0,1,1,ACCEPT,6.7168,1.1182,123,1,-11,0.0163,154.77,205.54,16.89,12.16,139.50,324.00,23.00,12.00,0.0000,119.44,1,0,1.6551,LOW_CONF,0,1264,1715,5826,0,0,123,0,0,0,0
162,0,1,1,ACCEPT,9.9625,1.9469,220,-2,-16,0.1591,154.23,202.54,16.24,11.69,138.50,322.50,25.00,13.00,0.0000,120.99,1,-1,2.1921,ACCEPT,0,1213,1643,9491,0,0,220,0,0,0,0
163,0,1,1,ACCEPT,7.8330,1.0365,199,13,-8,0.1508,157.48,201.10,16.24,11.69,137.00,322.00,26.00,12.00,0.0000,122.62,1,0,3.5006,ACCEPT,0,1464,1408,6523,0,0,199,0,0,0,0
164,0,1,1,ACCEPT,8.4210,1.0584,163,-14,-18,0.1534,153.98,197.87,16.24,11.69,137.50,322.50,25.00,11.00,0.0000,125.72,1,-14,1.3189,MAX_STEP,0,821,1453,8561,0,0,163,0,0,0,0
165,0,1,1,ACCEPT,9.4987,1.4810,234,-9,-12,0.0812,151.73,195.71,16.24,11.69,136.00,322.50,26.00,11.00,0.0000,127.76,1,-11,1.1280,MAX_STEP,0,967,2594,7228,0,0,234,0,0,0,0
166,0,1,1,ACCEPT,10.5752,1.2658,200,9,-7,0.0100,153.98,194.45,16.24,11.69,136.50,321.50,27.00,13.00,0.0000,128.24,1,0,3.6500,ACCEPT,0,711,1222,11847,0,0,200,0,0,0,0
167,0,1,1,ACCEPT,7.1171,1.2083,145,-4,3,0.0414,152.98,194.99,16.24,11.69,136.00,321.00,28.00,14.00,0.0000,127.15,1,0,2.9010,ACCEPT,0,937,1962,9670,0,0,145,0,0,0,0
168,0,1,1,ACCEPT,7.3135,1.0657,146,-13,25,0.0753,149.73,199.48,16.24,11.69,136.50,321.00,27.00,14.00,0.0000,122.23,1,-4,2.4712,MAX_STEP,0,649,1959,11825,0,0,146,0,0,0,0
169,0,1,1,ACCEPT,8.1379,1.4181,251,-6,-7,0.5737,148.23,198.23,16.24,11.69,137.00,321.50,26.00,13.00,0.0000,123.78,1,4,1.5429,MAX_STEP,0,1220,2462,10498,0,0,251,0,0,0,0
170,0,1,1,ACCEPT,6.0622,1.1462,196,2,-13,0.1480,148.73,195.89,16.24,11.69,137.00,322.50,26.00,11.00,0.0000,127.15,1,-6,1.4801,MAX_STEP,0,1359,1527,9736,0,0,196,0,0,0,0
171,0,1,1,ACCEPT,12.0988,1.9257,285,-5,-7,0.2105,147.48,194.63,16.24,11.69,137.00,322.00,26.00,12.00,0.0000,127.80,1,6,1.8315,MAX_STEP,0,851,3801,5408,0,0,285,0,0,0,0
172,0,1,1,ACCEPT,10.3825,1.3410,232,4,-8,0.3448,148.48,193.20,16.24,11.69,137.00,322.00,24.00,10.00,0.0000,129.32,1,-8,1.3283,MAX_STEP,0,924,4447,4024,0,0,232,0,0,0,0
173,0,1,1,ACCEPT,12.1226,1.9256,233,-2,-7,0.3090,147.98,191.94,16.24,11.69,136.00,321.00,26.00,12.00,0.0000,129.62,1,-6,1.3992,MAX_STEP,0,696,3258,5462,0,0,233,0,0,0,0
174,0,1,1,ACCEPT,9.8579,1.0976,225,-1,-7,0.0756,147.73,190.68,16.24,11.69,138.00,321.50,26.00,13.00,0.0000,131.18,1,5,1.8793,MAX_STEP,0,896,2805,6073,0,0,225,0,0,0,0
175,0,1,1,ACCEPT,12.0401,2.0089,225,-2,-13,0.0444,147.23,188.34,16.24,11.69,137.00,320.50,26.00,13.00,0.0000,132.55,1,5,1.4830,MAX_STEP,0,617,2374,5980,0,0,225,0,0,0,0
176,0,1,1,ACCEPT,11.8741,1.2794,261,4,-7,0.0728,148.23,187.09,16.24,11.69,136.50,322.00,27.00,10.00,0.0000,135.42,1,-8,1.5050,MAX_STEP,0,872,3708,5060,0,0,261,0,0,0,0
177,0,1,1,ACCEPT,15.9031,2.7938,271,-2,-7,0.1255,147.73,185.83,16.24,11.69,136.00,321.50,26.00,11.00,0.0000,136.18,1,6,0.9026,MAX_STEP,0,605,3153,5323,0,0,271,0,0,0,0
178,0,1,1,ACCEPT,17.4210,2.0580,284,1,-13,0.2359,147.98,183.49,16.24,11.69,133.50,320.00,21.00,14.00,0.0000,137.27,1,5,1.8124,MAX_STEP,0,552,1867,6502,0,0,284,0,0,0,0
179,0,1,1,ACCEPT,14.5358,1.4311,239,1,-7,0.5188,148.23,182.23,16.24,11.69,135.00,320.00,26.00,14.00,0.0000,138.40,1,5,1.1779,MAX_STEP,0,616,3015,4036,0,0,239,0,0,0,0
180,0,1,1,ACCEPT,12.8793,1.4640,183,4,-7,0.0710,149.23,180.98,16.24,11.69,136.00,319.00,26.00,16.00,0.0000,138.66,1,5,1.8569,MAX_STEP,0,430,1623,5067,0,0,183,0,0,0,0
181,0,1,1,ACCEPT,12.2784,1.8900,189,-3,-12,0.0847,148.48,178.82,16.24,11.69,135.00,318.50,26.00,17.00,0.0000,140.33,1,-4,1.9928,MAX_STEP,0,550,1675,4111,0,0,189,0,0,0,0
182,0,1,1,ACCEPT,10.0307,1.1655,162,4,-12,0.0185,149.48,176.66,16.24,11.69,135.00,318.00,26.00,18.00,0.0000,142.08,1,-5,1.6300,MAX_STEP,0,601,1665,3471,0,0,162,0,0,0,0
183,0,1,1,ACCEPT,13.4414,2.0588,175,-3,-7,0.0457,148.73,175.41,16.24,11.69,134.50,318.00,25.00,16.00,0.0000,143.30,1,-5,1.6854,MAX_STEP,0,625,1093,4737,0,0,175,0,0,0,0
184,0,1,1,ACCEPT,12.8212,2.0652,190,-2,-7,0.2421,148.23,174.15,16.24,11.69,135.00,319.50,26.00,13.00,0.0000,145.95,1,0,2.6353,ACCEPT,0,510,1284,5904,0,0,190,0,0,0,0
185,0,1,1,ACCEPT,11.8940,1.4935,230,1,-18,0.1957,148.48,170.91,16.24,11.69,134.00,318.50,26.00,15.00,0.0000,148.29,1,5,1.3173,MAX_STEP,0,568,1403,3929,0,0,230,0,0,0,0
186,0,1,1,ACCEPT,12.6388,1.1728,190,-3,-12,0.3316,147.73,168.76,16.24,11.69,135.50,318.50,25.00,15.00,0.0000,150.24,1,12,0.8054,MAX_STEP,0,521,1126,4770,0,0,190,0,0,0,0
187,0,1,1,ACCEPT,18.9088,1.6264,283,-1,-7,0.4912,147.48,167.50,16.24,11.69,135.00,318.00,24.00,14.00,0.0000,151.02,1,6,1.3032,MAX_STEP,0,634,857,5412,0,0,283,0,0,0,0
188,0,1,1,ACCEPT,19.7667,1.3785,295,1,-7,0.5797,147.73,166.24,16.24,11.69,135.00,317.50,26.00,15.00,0.0000,151.79,1,-6,1.2055,MAX_STEP,0,578,1189,5344,0,0,295,0,0,0,0
189,0,1,1,ACCEPT,21.2033,1.5316,363,-3,4,0.3939,146.98,166.96,16.24,11.69,135.00,318.50,28.00,17.00,0.0000,152.01,1,5,1.6195,MAX_STEP,0,909,2182,3685,0,0,363,0,0,0,0
190,0,1,1,ACCEPT,21.0604,2.6400,330,-3,-7,0.0121,146.23,165.70,16.24,11.69,134.50,318.50,29.00,13.00,0.0000,153.25,1,5,1.2208,MAX_STEP,0,627,4241,2899,0,0,330,0,0,0,0
191,0,1,1,ACCEPT,16.7333,1.7561,360,-1,-7,0.4250,145.98,164.45,16.24,11.69,133.50,319.00,25.00,14.00,0.0000,155.06,1,5,0.7837,MAX_STEP,0,850,4406,3916,0,0,360,0,0,0,0
192,0,1,1,ACCEPT,16.8301,1.4678,342,-7,-2,0.3392,144.23,164.09,16.24,11.69,135.50,319.00,21.00,14.00,0.0000,155.16,1,4,1.8872,MAX_STEP,0,758,2677,7641,0,0,342,0,0,0,0
193,0,1,1,ACCEPT,12.1079,1.2743,302,0,-7,0.5894,144.23,162.83,16.24,11.69,135.00,318.50,22.00,13.00,0.0000,155.95,1,5,2.0807,MAX_STEP,0,968,2174,5697,0,0,302,0,0,0,0
194,0,1,1,ACCEPT,16.5294,1.5220,277,-3,-7,0.1336,143.48,161.57,16.24,11.69,134.50,319.00,23.00,14.00,0.0000,157.69,1,5,1.6738,MAX_STEP,0,706,2643,6051,0,0,277,0,0,0,0
195,0,1,1,ACCEPT,12.6243,1.1973,267,3,-7,0.2846,144.23,160.31,16.24,11.69,135.50,319.50,23.00,15.00,0.0000,159.43,1,-16,0.7886,AT_SEARCH_RAIL,0,883,2201,4665,0,0,267,0,0,0,0
196,0,1,1,ACCEPT,13.4714,1.1214,231,-3,4,0.1385,143.48,161.03,16.24,11.69,133.50,319.50,27.00,13.00,0.0000,158.78,1,2,1.3831,LOW_CONF,0,626,3216,5812,0,0,231,0,0,0,0
197,0,1,1,ACCEPT,12.7658,1.0933,328,4,-13,0.2683,144.48,158.70,16.24,11.69,133.50,320.00,29.00,14.00,0.0000,161.68,1,-6,0.8944,MAX_STEP,0,1031,1611,9165,0,0,328,0,0,0,0
198,0,1,1,ACCEPT,17.6739,1.6425,340,-1,-7,0.2647,144.23,157.44,16.24,11.69,133.50,320.00,27.00,12.00,0.0000,162.92,1,-9,1.1017,MAX_STEP,0,751,1800,6673,0,0,340,0,0,0,0
199,0,1,1,ACCEPT,21.9941,2.7721,377,2,-2,0.4854,144.73,157.08,16.24,11.69,133.50,321.00,23.00,10.00,0.0000,164.31,1,6,1.4086,MAX_STEP,0,806,1806,7337,0,0,377,0,0,0,0
200,0,1,1,ACCEPT,20.1671,2.5077,326,-2,-7,0.1258,144.23,155.82,16.24,11.69,131.50,322.50,21.00,9.00,0.0000,167.17,1,4,1.8155,MAX_STEP,0,690,1949,6752,0,0,326,0,0,0,0
201,0,1,1,ACCEPT,15.6257,1.1004,307,7,-7,0.1042,145.98,154.56,16.24,11.69,130.00,321.00,24.00,12.00,0.0000,167.20,1,-5,1.6168,MAX_STEP,0,889,756,7562,0,0,307,0,0,0,0
202,0,1,1,ACCEPT,19.1600,1.5333,276,1,-13,0.0906,146.23,152.23,16.24,11.69,130.00,320.50,28.00,13.00,0.0000,169.05,1,-5,1.7487,MAX_STEP,0,585,1257,6206,0,0,276,0,0,0,0
203,0,1,1,ACCEPT,16.6254,1.3850,259,6,-2,0.1506,147.73,151.87,16.24,11.69,131.00,318.50,28.00,15.00,0.0000,167.47,1,-3,1.4210,MAX_STEP,0,713,1156,4596,0,0,259,0,0,0,0
204,0,1,1,ACCEPT,19.5849,1.5756,271,-1,-13,0.1218,147.48,149.53,16.24,11.69,126.00,320.00,18.00,12.00,0.0000,171.82,1,-4,2.7206,MAX_STEP,0,580,1259,5069,0,0,271,0,0,0,0
205,0,1,1,ACCEPT,18.2127,1.2624,279,5,-13,0.0502,148.73,147.20,16.24,11.69,124.50,319.00,19.00,14.00,0.0000,173.51,1,-5,1.2961,MAX_STEP,0,610,1454,4104,0,0,279,0,0,0,0
206,0,1,1,ACCEPT,20.4444,1.6272,275,-5,-7,0.0655,147.48,145.94,16.24,11.69,123.00,319.00,16.00,14.00,0.0000,174.79,1,-3,1.6904,MAX_STEP,0,518,1156,3511,0,0,275,0,0,0,0
207,0,1,1,ACCEPT,19.3612,1.9412,264,3,-13,0.0947,148.23,143.60,16.24,11.69,123.00,320.50,16.00,13.00,0.0000,178.69,1,-4,1.7101,MAX_STEP,0,571,1492,3344,0,0,264,0,0,0,0
208,0,1,1,ACCEPT,14.4748,1.3696,189,-3,-13,0.0317,147.48,141.27,16.24,11.69,122.50,319.50,13.00,11.00,0.0000,179.98,1,-5,1.4186,MAX_STEP,0,519,1577,3255,0,0,189,0,0,0,0
209,0,1,1,ACCEPT,16.9075,1.2955,171,0,-7,0.3509,147.48,140.01,16.24,11.69,121.50,320.00,11.00,10.00,0.0000,181.86,1,-5,1.1350,MAX_STEP,0,396,2030,2363,0,0,171,0,0,0,0
210,0,1,1,ACCEPT,15.6607,1.6916,181,-4,-13,0.0221,146.48,137.67,16.24,11.69,120.00,320.00,12.00,8.00,0.0000,184.24,1,-6,1.1581,MAX_STEP,0,501,1519,2644,0,0,181,0,0,0,0
211,0,1,1,ACCEPT,18.8211,2.2340,210,-1,-13,0.1762,146.23,135.34,16.24,11.69,0.00,0.00,0.00,0.00,0.0000,199.25,1,-6,1.2753,MAX_STEP,0,467,1319,3809,0,0,210,0,0,0,0
212,0,1,1,ACCEPT,18.1069,1.6258,265,-6,-7,0.0189,144.73,134.08,16.24,11.69,0.00,0.00,0.00,0.00,0.0000,197.29,1,-5,1.1294,MAX_STEP,0,595,2200,3317,0,0,265,0,0,0,0
213,0,1,1,ACCEPT,17.6535,1.6299,251,-4,-7,0.2550,143.73,132.82,16.24,11.69,0.00,0.00,0.00,0.00,0.0000,195.71,1,5,1.7641,MAX_STEP,0,562,2118,2758,0,0,251,0,0,0,0
214,0,1,1,ACCEPT,18.3645,1.4632,199,-4,-13,0.0101,142.73,130.48,16.24,11.69,119.00,315.50,8.00,5.00,0.0000,186.53,1,5,0.8805,MAX_STEP,0,475,2440,2490,0,0,199,0,0,0,0
215,0,1,1,ACCEPT,24.4420,2.3984,295,-3,-2,0.2814,141.98,130.12,16.24,11.69,122.50,316.00,15.00,6.00,0.0000,186.89,1,4,1.6079,MAX_STEP,0,397,3052,3154,0,0,295,0,0,0,0
216,0,1,1,ACCEPT,19.8952,1.6836,298,-3,-13,0.1309,141.23,127.79,16.24,11.69,123.00,317.50,18.00,7.00,0.0000,190.59,1,-5,1.3957,MAX_STEP,0,685,3227,2372,0,0,298,0,0,0,0
217,0,1,1,ACCEPT,20.9697,1.7482,243,1,-7,0.1029,141.48,126.53,16.24,11.69,126.50,316.50,27.00,11.00,0.0000,190.56,1,5,1.5679,MAX_STEP,0,467,3310,2359,0,0,243,0,0,0,0
218,0,1,1,ACCEPT,16.8016,1.2432,230,-3,-13,0.1652,140.73,124.20,16.24,11.69,126.50,314.50,27.00,13.00,0.0000,190.84,1,-5,2.3657,MAX_STEP,0,656,3995,1744,0,0,230,0,0,0,0
219,0,1,1,ACCEPT,21.1089,1.5856,287,-3,-2,0.2509,139.98,123.84,16.24,11.69,127.00,314.00,28.00,12.00,0.0000,190.61,1,5,2.0138,MAX_STEP,0,429,5052,2611,0,0,287,0,0,0,0
220,0,1,1,ACCEPT,23.7434,2.1000,315,-2,-7,0.2667,139.48,122.58,16.24,11.69,126.50,315.00,27.00,10.00,0.0000,192.86,1,-5,1.2546,MAX_STEP,0,683,4138,2493,0,0,315,0,0,0,0
221,0,1,1,ACCEPT,14.8961,1.0355,204,4,-7,0.0490,140.48,121.32,16.24,11.69,127.00,316.00,26.00,10.00,0.0000,195.15,1,-6,1.2923,MAX_STEP,0,537,4901,2147,0,0,204,0,0,0,0
222,0,1,1,ACCEPT,30.5033,1.9495,386,-2,-7,0.0959,139.98,120.06,16.24,11.69,124.00,313.50,24.00,11.00,0.0000,194.10,1,5,0.9126,MAX_STEP,0,554,4021,3296,0,0,386,0,0,0,0
223,0,1,1,ACCEPT,22.6107,2.2662,349,1,-13,0.0000,140.23,117.73,16.24,11.69,122.50,314.50,21.00,9.00,0.0000,197.57,1,-4,1.4220,MAX_STEP,0,662,4228,2370,0,0,349,0,0,0,0
224,0,1,1,ACCEPT,21.7554,2.0252,241,0,-13,0.0124,140.23,115.39,16.24,11.69,119.50,313.50,17.00,9.00,0.0000,199.19,1,-5,1.2936,MAX_STEP,0,463,3873,2642,0,0,241,0,0,0,0
225,0,1,1,ACCEPT,24.6782,2.2677,288,5,-7,0.0833,141.48,114.13,16.24,11.69,123.00,313.00,18.00,8.00,0.0000,199.72,1,-5,1.4961,MAX_STEP,0,423,5452,2806,0,0,288,0,0,0,0
226,0,1,1,ACCEPT,20.5506,2.1032,265,1,-13,0.0189,141.73,111.80,16.24,11.69,122.00,312.50,20.00,9.00,0.0000,201.67,1,-5,1.5021,MAX_STEP,0,545,4777,2236,0,0,265,0,0,0,0
227,0,1,1,ACCEPT,17.0415,1.6569,169,2,-13,0.0296,142.23,109.46,16.24,11.69,122.00,311.00,22.00,10.00,0.0000,202.55,1,6,1.2036,MAX_STEP,0,442,5261,1951,0,0,169,0,0,0,0
228,0,1,1,ACCEPT,19.5252,1.6744,216,3,-7,0.0000,142.98,108.20,16.24,11.69,120.00,308.50,22.00,9.00,0.0000,201.61,1,9,1.5376,MAX_STEP,0,383,5184,2636,0,0,216,0,0,0,0
229,0,1,1,ACCEPT,11.8208,1.7065,157,4,-13,0.0828,143.98,105.87,16.24,11.69,120.00,306.50,18.00,9.00,0.0000,202.06,1,5,1.6324,MAX_STEP,0,471,5523,1929,0,0,157,0,0,0,0
230,0,1,1,ACCEPT,12.0057,1.3258,118,1,-13,0.1525,144.23,103.53,16.24,11.69,121.00,305.50,18.00,7.00,0.0000,203.30,1,6,1.7025,MAX_STEP,0,417,5357,2181,0,0,118,0,0,0,0
231,0,1,1,ACCEPT,11.0769,1.6765,114,3,-13,0.2281,144.98,101.20,16.24,11.69,121.00,305.50,18.00,9.00,0.0000,205.71,1,-4,2.1542,MAX_STEP,0,415,4258,3184,0,0,114,0,0,0,0
232,0,1,1,ACCEPT,20.5349,2.3043,212,-3,-7,0.0000,144.23,99.94,16.24,11.69,119.00,303.50,16.00,11.00,0.0000,205.12,1,5,1.4710,MAX_STEP,0,431,4608,3165,0,0,212,0,0,0,0
233,0,1,1,ACCEPT,15.9753,1.8598,199,1,-7,0.0553,144.48,98.68,16.24,11.69,121.00,302.00,18.00,10.00,0.0000,204.67,1,6,1.0138,MAX_STEP,0,410,4752,3373,0,0,199,0,0,0,0
234,0,1,1,ACCEPT,17.3222,1.3082,208,-3,-7,0.0240,143.73,97.42,16.24,11.69,122.00,301.00,20.00,12.00,0.0000,204.74,1,-6,0.8677,MAX_STEP,0,482,4665,3392,0,0,208,0,0,0,0
235,0,1,1,ACCEPT,21.6787,1.6707,279,-4,-2,0.3190,142.73,97.06,16.24,11.69,121.50,300.50,21.00,9.00,0.0000,204.54,1,9,1.1810,MAX_STEP,0,478,5663,3017,0,0,279,0,0,0,0
236,0,1,1,ACCEPT,21.0440,1.8406,254,-5,-7,0.1063,141.48,95.80,16.24,11.69,119.00,298.50,16.00,9.00,0.0000,203.94,1,5,1.6846,MAX_STEP,0,555,4839,3341,0,0,254,0,0,0,0
237,0,1,1,ACCEPT,18.5801,2.2245,218,1,-2,0.2844,141.73,95.45,16.24,11.69,119.50,298.00,15.00,10.00,0.0000,203.77,1,6,1.0847,MAX_STEP,0,435,5522,3401,0,0,218,0,0,0,0
238,0,1,1,ACCEPT,20.0823,2.6200,262,-7,-1,0.0229,139.98,95.27,16.24,11.69,119.00,297.00,16.00,10.00,0.0000,202.82,1,2,1.6411,LOW_CONF,0,498,5005,3023,0,0,262,0,0,0,0
239,0,1,1,ACCEPT,15.5010,1.6569,169,1,-7,0.2899,140.23,94.01,16.24,11.69,116.00,294.50,12.00,7.00,0.0000,201.95,1,5,1.7091,MAX_STEP,0,374,5704,3034,0,0,169,0,0,0,0
240,0,1,1,ACCEPT,14.4858,1.8119,183,-3,-6,0.1530,139.48,92.93,16.24,11.69,119.50,293.00,15.00,8.00,0.0000,201.07,1,5,0.8850,MAX_STEP,0,431,5217,3227,0,0,183,0,0,0,0
241,0,1,1,ACCEPT,14.5762,1.2909,213,2,-6,0.2347,139.98,91.85,16.24,11.69,115.00,290.00,10.00,10.00,0.0000,199.72,1,16,0.9698,AT_SEARCH_RAIL,0,518,6124,2703,0,0,213,0,0,0,0
242,0,1,1,ACCEPT,11.4930,1.2903,160,-4,-6,0.2875,138.98,90.77,16.24,11.69,116.50,287.50,9.00,11.00,0.0000,198.01,1,7,0.9771,MAX_STEP,0,476,4642,3956,0,0,160,0,0,0,0
243,0,1,1,ACCEPT,21.3278,2.0131,308,1,-2,0.5097,139.23,90.41,16.24,11.69,117.00,287.00,10.00,10.00,0.0000,197.84,1,5,1.8897,MAX_STEP,0,671,4781,3000,0,0,308,0,0,0,0
244,0,1,1,ACCEPT,15.1187,1.4444,208,0,-2,0.6635,139.23,90.05,16.24,11.69,116.00,286.00,6.00,10.00,0.0000,197.32,1,3,1.4500,MAX_STEP,0,499,5221,2874,0,0,208,0,0,0,0
245,0,1,1,ACCEPT,18.9020,2.0465,264,3,-7,0.0530,139.98,88.80,16.24,11.69,117.00,284.00,14.00,12.00,0.0000,196.55,1,5,2.1606,MAX_STEP,0,576,5394,3216,0,0,264,0,0,0,0
246,0,1,1,ACCEPT,16.7572,1.5161,235,-2,-7,0.3787,139.48,87.54,16.24,11.69,115.00,284.50,10.00,11.00,0.0000,198.48,1,5,1.2014,MAX_STEP,0,595,5054,2796,0,0,235,0,0,0,0
247,0,1,1,ACCEPT,10.9956,1.0657,146,5,-2,0.4315,140.73,87.18,16.24,11.69,123.00,281.00,26.00,8.00,0.0000,194.63,1,4,2.2608,MAX_STEP,0,425,5019,3625,0,0,146,0,0,0,0
248,0,1,1,ACCEPT,13.3543,1.1355,243,-17,4,0.2181,136.48,87.90,16.24,11.69,122.50,279.00,23.00,12.00,0.0000,191.61,1,-14,2.0115,MAX_STEP,0,579,4129,4279,0,0,243,0,0,0,0
249,0,1,1,ACCEPT,6.0413,1.0449,93,4,-2,0.1398,137.48,87.54,16.24,11.69,122.50,276.00,25.00,10.00,0.0000,189.06,1,-14,1.4635,MAX_STEP,0,523,5222,2205,0,0,93,0,0,0,0
250,0,1,1,ACCEPT,8.7938,1.0086,117,-16,37,0.4188,133.48,94.19,16.24,11.69,122.00,277.50,26.00,9.00,0.0000,183.67,1,4,1.8833,MAX_STEP,0,462,5866,2082,0,0,117,0,0,0,0
251,0,1,1,ACCEPT,7.7719,1.2667,76,14,27,0.1316,136.98,99.04,15.61,11.24,121.00,276.00,24.00,14.00,0.0000,177.68,1,-1,2.1541,ACCEPT,0,397,4904,2088,0,0,76,0,0,0,0
252,0,1,1,ACCEPT,10.5469,1.5345,89,-7,18,0.3371,135.29,102.13,15.61,11.24,121.00,275.50,26.00,13.00,0.0000,173.96,1,15,1.5137,MAX_STEP,0,287,2259,3031,0,0,89,0,0,0,0
253,0,1,1,ACCEPT,12.5483,1.0619,120,4,-6,0.3083,136.26,101.10,15.61,11.24,121.00,273.50,26.00,15.00,0.0000,173.07,1,0,2.7088,ACCEPT,0,329,3250,3303,0,0,120,0,0,0,0
254,0,1,1,ACCEPT,18.8152,2.1842,166,-3,-5,0.0241,135.53,100.24,15.61,11.24,121.00,271.50,28.00,17.00,0.0000,171.87,1,0,2.6546,ACCEPT,0,383,2784,3054,0,0,166,0,0,0,0
255,0,1,1,ACCEPT,19.0694,1.9733,148,-5,-5,0.0270,134.32,99.38,15.61,11.24,121.00,268.00,26.00,12.00,0.0000,169.14,1,13,1.2789,MAX_STEP,0,283,3418,2595,0,0,148,0,0,0,0
256,0,1,1,ACCEPT,13.2902,1.3053,124,1,-5,0.5565,134.56,98.52,15.61,11.24,120.50,267.00,27.00,12.00,0.0000,169.06,1,0,3.0899,ACCEPT,0,380,2811,3277,0,0,124,0,0,0,0
257,0,1,1,ACCEPT,16.2554,1.5048,158,-7,-11,0.0696,132.87,96.63,15.61,11.24,121.00,266.00,28.00,12.00,0.0000,169.78,1,11,0.9964,MAX_STEP,0,390,2281,4129,0,0,158,0,0,0,0
258,0,1,1,ACCEPT,17.9872,1.6038,170,0,-5,0.4588,132.87,95.77,15.61,11.24,120.50,265.50,25.00,11.00,0.0000,170.18,1,16,1.2398,AT_SEARCH_RAIL,0,386,2487,2956,0,0,170,0,0,0,0
259,0,1,1,ACCEPT,19.1721,1.6020,157,4,1,0.4331,133.84,95.95,15.61,11.24,121.50,264.50,27.00,11.00,0.0000,169.01,1,16,1.6024,AT_SEARCH_RAIL,0,343,2711,3674,0,0,157,0,0,0,0
260,0,1,1,ACCEPT,19.8311,2.2143,186,0,-5,0.2903,133.84,95.09,15.61,11.24,121.50,263.00,27.00,10.00,0.0000,168.37,1,0,2.9515,ACCEPT,0,369,2488,3870,0,0,186,0,0,0,0
261,0,1,1,ACCEPT,16.9848,1.3966,162,0,-5,0.6049,133.84,94.23,15.61,11.24,121.50,262.50,27.00,11.00,0.0000,168.72,1,13,1.2860,MAX_STEP,0,342,2535,3788,0,0,162,0,0,0,0
262,0,1,1,ACCEPT,17.3118,1.5273,168,0,1,0.9643,133.84,94.40,15.61,11.24,123.00,261.00,26.00,10.00,0.0000,166.95,1,0,3.2243,ACCEPT,0,297,2755,4119,0,0,168,0,0,0,0
263,0,1,1,ACCEPT,33.6275,2.7521,322,0,-5,0.1460,133.84,93.54,15.61,11.24,123.50,260.00,27.00,12.00,0.0000,166.78,1,0,3.1492,ACCEPT,0,333,2566,4966,0,0,322,0,0,0,0
264,0,1,1,ACCEPT,18.7834,1.1737,196,-3,-11,0.2347,133.11,91.65,15.61,11.24,121.50,259.00,23.00,12.00,0.0000,167.75,1,-4,0.8715,MAX_STEP,0,395,2200,3803,0,0,196,0,0,0,0
265,0,1,1,ACCEPT,19.7845,1.7527,163,3,-5,0.2393,133.84,90.79,15.01,10.81,123.00,259.00,24.00,10.00,0.0000,168.56,1,-1,2.6846,ACCEPT,0,344,2578,3627,0,0,163,0,0,0,0
266,0,1,1,ACCEPT,11.6302,1.2025,95,1,1,0.8000,134.07,90.96,15.01,10.81,125.00,257.00,24.00,10.00,0.0000,166.29,1,0,3.1125,ACCEPT,0,362,2228,3776,0,0,95,0,0,0,0
267,0,1,1,ACCEPT,13.4191,1.3789,131,3,-5,0.1221,134.77,90.10,15.61,11.24,125.00,256.00,24.00,14.00,0.0000,166.19,1,1,2.7561,ACCEPT,0,377,2788,3779,0,0,131,0,0,0,0
268,0,1,1,ACCEPT,14.7854,1.5000,132,-6,-5,0.1591,133.32,89.24,15.61,11.24,124.50,255.50,25.00,13.00,0.0000,166.49,1,0,3.3099,ACCEPT,0,360,2336,3680,0,0,132,0,0,0,0
269,0,1,1,ACCEPT,15.3628,2.1639,132,4,-5,0.1212,134.29,88.38,15.61,11.24,124.50,255.00,25.00,12.00,0.0000,166.90,1,0,3.3515,ACCEPT,0,286,2831,4044,0,0,132,0,0,0,0
270,0,1,1,ACCEPT,10.6081,1.0286,108,21,1,0.6852,139.38,88.55,15.61,11.24,124.50,253.50,25.00,11.00,0.0000,165.61,1,6,1.7058,MAX_STEP,0,339,2915,4269,0,0,108,0,0,0,0
271,0,1,1,ACCEPT,12.5344,1.6567,111,-7,12,0.0811,137.68,90.62,15.61,11.24,123.00,252.50,22.00,13.00,0.0000,162.55,1,-4,2.8107,MAX_STEP,0,298,1675,4797,0,0,111,0,0,0,0
272,0,1,1,ACCEPT,11.1824,1.4386,82,-8,1,0.5244,135.74,90.79,15.61,11.24,123.00,253.00,24.00,10.00,0.0000,162.71,1,0,3.4297,ACCEPT,0,382,1890,4046,0,0,82,0,0,0,0
273,0,1,1,ACCEPT,12.0146,1.6604,88,2,7,0.0455,136.23,91.99,15.61,11.24,123.50,252.00,25.00,10.00,0.0000,160.51,1,0,3.0222,ACCEPT,0,324,2556,3343,0,0,88,0,0,0,0
274,0,1,1,ACCEPT,8.8234,1.0179,57,3,1,0.6316,136.95,92.16,15.61,11.24,122.50,251.50,25.00,9.00,0.0000,159.99,1,0,3.2883,ACCEPT,0,362,3718,2556,0,0,57,0,0,0,0
275,0,1,1,ACCEPT,11.8378,1.5484,96,-21,-5,0.1875,131.87,91.30,15.61,11.24,120.50,252.50,23.00,7.00,0.0000,161.60,1,5,1.7454,MAX_STEP,0,323,3062,4300,0,0,96,0,0,0,0
276,0,1,1,ACCEPT,10.3637,1.4366,102,-1,7,0.0686,131.62,92.51,15.61,11.24,119.00,253.00,24.00,10.00,0.0000,160.99,1,5,1.7805,MAX_STEP,0,458,4726,2358,0,0,102,0,0,0,0
277,0,1,1,ACCEPT,20.3790,1.9540,170,1,7,0.1412,131.87,93.71,15.61,11.24,120.50,252.50,21.00,9.00,0.0000,159.20,1,4,2.1222,MAX_STEP,0,287,4891,2736,0,0,170,0,0,0,0
278,0,1,1,ACCEPT,16.3089,1.9103,149,-1,7,0.0671,131.62,94.91,15.61,11.24,120.00,253.00,18.00,10.00,0.0000,158.51,1,4,1.6885,MAX_STEP,0,374,7130,1568,0,0,149,0,0,0,0
279,0,1,1,ACCEPT,14.0771,1.0593,143,2,7,0.0909,132.11,96.12,15.61,11.24,120.50,251.50,19.00,11.00,0.0000,155.82,1,4,2.0151,MAX_STEP,0,380,5101,2892,0,0,143,0,0,0,0
280,0,1,1,ACCEPT,9.3408,1.0426,98,-11,19,0.2653,129.45,99.38,15.61,11.24,120.50,252.50,17.00,11.00,0.0000,153.38,1,5,1.4401,MAX_STEP,0,342,6543,2036,0,0,98,0,0,0,0
281,0,1,1,ACCEPT,12.6731,1.3250,106,6,1,0.3491,130.90,99.55,15.61,11.24,121.00,253.00,16.00,8.00,0.0000,153.76,1,4,1.6101,MAX_STEP,0,335,6922,1962,0,0,106,0,0,0,0
282,0,1,1,ACCEPT,15.3462,1.8611,134,-2,1,0.6493,130.41,99.73,15.61,11.24,120.00,251.50,16.00,7.00,0.0000,152.13,1,5,1.7318,MAX_STEP,0,400,6410,2177,0,0,134,0,0,0,0
283,0,1,1,ACCEPT,7.9987,1.0299,69,-9,24,0.3333,128.23,103.85,15.61,11.24,121.50,252.00,15.00,10.00,0.0000,148.30,1,-6,1.4971,MAX_STEP,0,306,5304,2314,0,0,69,0,0,0,0
284,0,1,1,ACCEPT,13.1293,1.2209,105,-13,12,0.0667,125.09,105.91,15.61,11.24,121.50,252.00,13.00,10.00,0.0000,146.13,1,0,3.3185,ACCEPT,0,228,6388,2073,0,0,105,0,0,0,0
285,0,1,1,ACCEPT,14.8915,1.3333,140,3,1,0.5286,125.81,106.09,15.61,11.24,121.50,249.50,15.00,7.00,0.0000,143.48,1,0,3.4551,ACCEPT,0,472,5504,2383,0,0,140,0,0,0,0
286,0,1,1,ACCEPT,12.4946,1.0980,112,-11,12,0.0804,123.15,108.15,15.61,11.24,122.00,248.50,14.00,7.00,0.0000,140.36,1,0,3.1260,ACCEPT,0,290,4137,2646,0,0,112,0,0,0,0
287,0,1,1,ACCEPT,13.3112,1.3091,72,15,1,0.1389,126.78,108.32,15.61,11.24,122.50,247.50,13.00,5.00,0.0000,139.25,1,-5,1.7036,MAX_STEP,0,194,3635,2448,0,0,72,0,0,0,0
288,0,1,1,ACCEPT,18.6364,2.0145,139,-10,13,0.2302,124.36,110.55,15.61,11.24,121.50,245.50,15.00,7.00,0.0000,134.98,1,0,2.8172,ACCEPT,0,227,3416,2903,0,0,139,0,0,0,0
289,0,1,1,ACCEPT,10.9852,1.3265,65,11,1,0.1231,127.02,110.73,15.61,11.24,119.00,243.50,8.00,7.00,0.0000,133.02,1,-4,2.0768,MAX_STEP,0,199,2552,2962,0,0,65,0,0,0,0
290,0,1,1,ACCEPT,10.0767,1.1096,81,-9,12,0.2222,124.84,112.79,15.61,11.24,120.50,242.50,7.00,7.00,0.0000,129.78,1,-6,1.0307,MAX_STEP,0,219,3899,2260,0,0,81,0,0,0,0
291,0,1,1,ACCEPT,9.1289,1.0862,63,12,6,0.0317,127.75,113.82,15.61,11.24,119.50,242.00,9.00,6.00,0.0000,128.44,1,-5,2.0562,MAX_STEP,0,236,2448,3251,0,0,63,0,0,0,0
292,0,1,1,ACCEPT,12.6771,1.2174,112,-3,12,0.0714,127.02,115.88,15.61,11.24,121.00,241.00,10.00,6.00,0.0000,125.26,1,-4,2.7323,MAX_STEP,0,315,2566,2852,0,0,112,0,0,0,0
293,0,1,1,ACCEPT,9.2548,1.1400,57,6,6,0.0351,128.48,116.91,15.61,11.24,121.00,241.00,12.00,8.00,0.0000,124.31,1,-4,2.1630,MAX_STEP,0,248,2671,2517,0,0,57,0,0,0,0
294,0,1,1,ACCEPT,10.7521,1.1549,82,17,-5,0.0732,132.59,116.05,16.89,12.16,120.00,238.50,12.00,7.00,0.0000,123.09,1,2,2.1034,ACCEPT,0,246,3078,2394,0,0,82,0,0,0,0
295,0,1,1,ACCEPT,9.5298,1.0263,78,-9,23,0.0897,130.20,120.37,16.89,12.16,120.50,237.50,9.00,7.00,0.0000,117.53,1,4,1.5756,MAX_STEP,0,309,1406,3501,0,0,78,0,0,0,0
296,0,1,1,ACCEPT,10.6279,1.1373,58,3,7,0.0690,131.00,121.68,16.89,12.16,120.50,237.00,11.00,8.00,0.0000,115.80,1,3,2.0216,MAX_STEP,0,180,2195,2481,0,0,58,0,0,0,0
297,0,1,1,ACCEPT,7.5163,1.0278,37,14,12,0.0541,134.72,123.93,16.89,12.16,120.00,237.00,10.00,10.00,0.0000,114.02,1,0,3.4473,ACCEPT,0,201,1487,2952,0,0,37,0,0,0,0
298,0,1,1,ACCEPT,11.5033,1.3871,43,-2,-8,0.1163,134.19,122.43,16.89,12.16,120.00,239.00,12.00,12.00,0.0000,117.43,1,0,3.5468,ACCEPT,0,163,1787,2273,0,0,43,0,0,0,0
299,0,1,1,ACCEPT,16.6089,1.6216,60,2,7,0.2167,134.72,123.74,16.89,12.16,120.00,236.50,12.00,13.00,0.0000,113.71,1,0,3.5613,ACCEPT,0,164,1655,2622,0,0,60,0,0,0,0
300,0,1,1,ACCEPT,11.8009,1.0196,52,-4,-4,0.4808,133.66,122.99,16.89,12.16,120.00,235.00,12.00,14.00,0.0000,112.84,1,0,3.4886,ACCEPT,0,154,1971,1924,0,0,52,0,0,0,0
301,0,1,1,ACCEPT,9.8679,1.1316,43,2,2,0.3721,134.19,123.37,16.89,12.16,120.00,234.00,10.00,14.00,0.0000,111.54,1,0,3.6131,ACCEPT,0,160,1794,1937,0,0,43,0,0,0,0
302,0,1,1,ACCEPT,10.3209,1.3611,49,1,8,0.3878,134.45,124.87,16.89,12.16,120.00,234.00,12.00,16.00,0.0000,110.09,1,0,3.2812,ACCEPT,0,171,1721,1567,0,0,49,0,0,0,0
303,0,1,1,ACCEPT,8.7471,1.1143,39,1,-3,0.1795,134.72,124.30,16.89,12.16,119.00,233.50,14.00,13.00,0.0000,110.32,1,0,3.3277,ACCEPT,0,158,1393,2144,0,0,39,0,0,0,0
304,0,1,1,ACCEPT,9.9720,1.3191,62,-6,2,0.1774,133.12,124.68,16.89,12.16,117.00,232.00,10.00,14.00,0.0000,108.52,1,0,3.4250,ACCEPT,0,210,1599,2170,0,0,62,0,0,0,0
305,0,1,1,ACCEPT,8.2122,1.1702,55,1,-3,0.0727,133.39,124.12,16.89,12.16,121.50,232.50,15.00,13.00,0.0000,109.03,1,0,2.9422,ACCEPT,0,241,1786,2093,0,0,55,0,0,0,0
306,0,1,1,ACCEPT,10.1420,1.4468,68,-6,-3,0.0294,131.80,123.55,17.56,12.65,119.50,230.00,15.00,10.00,0.0000,107.15,1,1,3.0139,ACCEPT,0,249,1716,1996,0,0,68,0,0,0,0
307,0,1,1,ACCEPT,10.6856,1.2759,74,-4,-5,0.1892,130.70,122.58,17.56,12.65,120.00,229.50,16.00,9.00,0.0000,107.46,1,0,3.1238,ACCEPT,0,259,1822,2660,0,0,74,0,0,0,0
308,0,1,1,ACCEPT,12.9507,1.2222,110,-4,0,0.1909,129.61,122.58,17.56,12.65,119.00,228.50,16.00,9.00,0.0000,106.45,1,0,3.1032,ACCEPT,0,292,2413,2527,0,0,110,0,0,0,0
309,0,1,1,ACCEPT,11.6429,1.0312,99,-1,0,0.9596,129.34,122.58,18.27,13.15,121.00,227.50,16.00,9.00,0.0000,105.25,1,1,3.0076,ACCEPT,0,317,2055,2719,0,0,99,0,0,0,0
310,0,1,1,ACCEPT,10.7242,1.0109,93,-13,8,0.6022,125.58,124.20,18.27,13.15,121.00,222.00,14.00,14.00,0.0000,97.90,1,-6,2.0919,MAX_STEP,0,299,3087,1757,0,0,93,0,0,0,0
311,0,1,1,ACCEPT,11.6132,1.2321,69,13,-7,0.3623,129.34,122.78,19.00,13.68,124.50,219.00,17.00,14.00,0.0000,96.34,1,1,2.6236,ACCEPT,0,187,2287,1934,0,0,69,0,0,0,0
312,0,1,1,ACCEPT,13.3667,1.3871,86,1,-8,0.1395,129.63,121.09,19.76,14.23,126.50,219.00,19.00,14.00,0.0000,97.96,1,1,3.1339,ACCEPT,0,245,3063,1479,0,0,86,0,0,0,0
313,0,1,1,ACCEPT,12.1483,1.3396,71,0,-1,0.8732,129.63,120.88,20.55,14.79,127.00,215.50,18.00,11.00,0.0000,94.66,1,1,3.1777,ACCEPT,0,223,1796,2065,0,0,71,0,0,0,0
314,0,1,1,ACCEPT,11.8052,1.1515,76,-5,-4,0.4605,128.03,119.94,22.22,16.00,127.00,213.00,18.00,16.00,0.0000,93.07,1,2,2.5472,ACCEPT,0,223,2270,1879,0,0,76,0,0,0,0
315,0,1,1,ACCEPT,12.7558,1.3148,71,5,-8,0.0000,129.75,117.94,23.11,16.64,127.00,210.00,22.00,16.00,0.0000,92.10,1,1,3.2865,ACCEPT,0,192,1526,2730,0,0,71,0,0,0,0
316,0,1,1,ACCEPT,15.4680,1.4940,124,-4,-6,0.2419,128.31,116.39,24.04,17.31,127.50,207.50,19.00,13.00,0.0000,91.11,1,1,3.0641,ACCEPT,0,273,1843,2591,0,0,124,0,0,0,0
317,0,1,1,ACCEPT,15.4768,1.8704,101,3,-6,0.3762,129.44,114.75,25.00,18.00,127.50,203.50,17.00,11.00,0.0000,88.77,1,1,3.3314,ACCEPT,0,240,1371,2955,0,0,101,0,0,0,0
318,0,1,1,ACCEPT,18.5440,2.2982,131,-2,-8,0.0763,128.66,112.50,26.00,18.72,127.50,203.00,19.00,14.00,0.0000,90.51,1,1,3.3126,ACCEPT,0,267,1490,2400,0,0,131,0,0,0,0
319,0,1,1,ACCEPT,17.5512,2.3704,128,0,-10,0.0938,128.66,109.61,27.04,19.47,127.50,198.00,19.00,12.00,0.0000,88.40,1,1,3.2149,ACCEPT,0,265,1135,3222,0,0,128,0,0,0,0
320,0,1,1,ACCEPT,16.7784,1.6364,126,-2,-10,0.2619,127.81,106.56,28.12,20.25,128.50,195.00,21.00,12.00,0.0000,88.44,1,1,3.2335,ACCEPT,0,263,1249,2776,0,0,126,0,0,0,0
321,0,1,1,ACCEPT,15.8358,1.6420,133,2,-8,0.3985,128.69,104.06,29.25,21.06,125.50,192.50,13.00,13.00,0.0000,88.49,1,1,3.2792,ACCEPT,0,277,1465,2590,0,0,133,0,0,0,0
322,0,1,1,ACCEPT,12.9278,1.1504,153,-3,-12,0.0327,127.33,100.12,30.42,21.90,124.50,190.50,17.00,13.00,0.0000,90.42,1,1,3.1837,ACCEPT,0,322,1402,2783,0,0,153,0,0,0,0
323,0,1,1,ACCEPT,14.7582,1.5700,157,1,-8,0.5669,127.80,97.38,31.63,22.78,125.00,188.00,16.00,12.00,0.0000,90.67,1,1,3.2140,ACCEPT,0,318,1469,3356,0,0,157,0,0,0,0
324,0,1,1,ACCEPT,12.7352,1.4752,149,-2,-6,0.1544,126.82,95.22,32.90,23.69,124.00,185.50,14.00,15.00,0.0000,90.33,1,1,3.2165,ACCEPT,0,336,1232,3950,0,0,149,0,0,0,0
325,0,1,1,ACCEPT,14.7950,1.7009,199,1,-10,0.3920,127.34,91.55,34.21,24.63,125.00,183.50,12.00,15.00,0.0000,91.98,1,1,3.2025,ACCEPT,0,379,1531,3882,0,0,199,0,0,0,0
326,0,1,1,ACCEPT,15.6955,2.0761,191,0,-8,0.1623,127.34,88.48,35.58,25.62,123.00,179.00,14.00,12.00,0.0000,90.62,1,1,3.2542,ACCEPT,0,409,1381,4171,0,0,191,0,0,0,0
327,0,1,1,ACCEPT,15.7191,2.4057,255,-1,-4,0.2157,126.78,86.89,37.01,26.64,124.00,176.50,16.00,13.00,0.0000,89.65,1,1,3.1763,ACCEPT,0,491,1383,6203,0,0,255,0,0,0,0
328,0,1,1,ACCEPT,15.3011,2.5403,315,-2,-6,0.1111,125.62,84.41,38.49,27.71,125.00,176.50,14.00,9.00,0.0000,92.10,1,1,3.2459,ACCEPT,0,632,1592,5167,0,0,315,0,0,0,0
329,0,1,1,ACCEPT,13.5460,1.8846,294,-1,-4,0.5306,125.02,82.69,40.03,28.82,124.00,172.50,16.00,13.00,0.0000,89.82,1,1,3.2206,ACCEPT,0,619,1375,7883,0,0,294,0,0,0,0
330,0,1,1,ACCEPT,14.3148,2.1634,437,0,-3,0.4394,125.02,81.33,41.63,29.97,122.50,170.50,19.00,15.00,0.0000,89.21,1,1,3.1566,ACCEPT,0,848,1432,9625,0,0,437,0,0,0,0
331,0,1,1,ACCEPT,16.1844,2.0153,528,-1,-3,0.3598,124.38,79.92,43.29,31.17,122.50,169.00,21.00,14.00,0.0000,89.10,1,1,2.9691,ACCEPT,0,931,1254,10603,0,0,528,0,0,0,0
332,0,1,1,ACCEPT,15.8318,2.3009,520,-2,-4,0.0654,123.02,77.98,43.29,31.17,122.00,167.50,22.00,13.00,0.0000,89.52,1,0,2.7630,ACCEPT,0,863,1693,11901,0,0,520,0,0,0,0
333,0,1,1,ACCEPT,23.1899,3.9448,714,-1,-4,0.0182,122.34,76.05,43.29,31.17,122.00,165.00,22.00,14.00,0.0000,88.95,1,0,2.8954,ACCEPT,0,886,1180,17196,0,0,714,0,0,0,0
334,0,1,1,ACCEPT,24.6901,3.1667,855,-2,-4,0.0304,120.98,74.11,43.29,31.17,120.00,162.50,20.00,15.00,0.0000,88.40,1,0,2.9807,ACCEPT,0,948,1712,16484,0,0,855,0,0,0,0
335,0,1,1,ACCEPT,26.0537,3.8873,828,-1,-3,0.1135,120.30,72.66,43.29,31.17,119.00,160.00,18.00,16.00,0.0000,87.35,1,0,3.0507,ACCEPT,0,923,1580,14652,0,0,828,0,0,0,0
336,0,1,1,ACCEPT,22.0901,2.9703,600,-2,-11,0.1217,118.94,67.33,41.63,29.97,119.00,156.50,16.00,13.00,0.0000,89.17,1,-1,2.6987,ACCEPT,0,776,1639,11380,0,0,600,0,0,0,0
337,0,1,1,ACCEPT,26.3736,3.8790,609,-2,-3,0.1264,117.64,65.92,41.63,29.97,119.50,155.50,17.00,11.00,0.0000,89.60,1,0,2.7547,ACCEPT,0,780,1604,10425,0,0,609,0,0,0,0
338,0,1,1,ACCEPT,29.0663,4.0139,578,1,-7,0.2491,118.29,62.64,40.03,28.82,120.00,154.00,18.00,12.00,0.0000,91.38,1,-1,2.8083,ACCEPT,0,644,1510,7827,0,0,578,0,0,0,0
339,0,1,1,ACCEPT,29.2066,4.9808,518,1,-7,0.2008,118.91,59.47,38.49,27.71,121.00,151.50,18.00,13.00,0.0000,92.05,1,-1,2.7936,ACCEPT,0,619,1474,10530,0,0,518,0,0,0,0
340,0,1,1,ACCEPT,33.8139,5.3217,612,0,-5,0.0719,118.91,57.32,38.49,27.71,119.50,151.00,23.00,18.00,0.0000,93.68,1,0,2.9357,ACCEPT,0,688,1414,8414,0,0,612,0,0,0,0
341,0,1,1,ACCEPT,32.5536,3.9404,595,-1,-7,0.0857,118.31,54.31,38.49,27.71,118.00,149.00,22.00,18.00,0.0000,94.69,1,0,2.9721,ACCEPT,0,608,1534,9864,0,0,595,0,0,0,0
342,0,1,1,ACCEPT,34.1944,4.8070,548,2,-6,0.0712,119.52,51.73,38.49,27.71,118.50,145.50,23.00,15.00,0.0000,93.77,1,0,3.0048,ACCEPT,0,570,1458,8275,0,0,548,0,0,0,0
343,0,1,1,ACCEPT,28.1992,4.1263,392,-2,-8,0.0230,118.31,48.30,38.49,27.71,118.50,146.00,19.00,16.00,0.0000,97.70,1,0,2.8863,ACCEPT,0,479,1501,8800,0,0,392,0,0,0,0
344,0,1,1,ACCEPT,27.6172,4.6190,388,3,-6,0.0851,120.12,45.72,38.49,27.71,118.50,144.00,19.00,16.00,0.0000,98.29,1,0,3.0754,ACCEPT,0,443,1670,6062,0,0,388,0,0,0,0
345,0,1,1,ACCEPT,24.6731,3.7500,345,-1,-9,0.0580,119.52,41.85,38.49,27.71,116.50,140.00,17.00,16.00,0.0000,98.19,1,0,3.0959,ACCEPT,0,453,1711,7503,0,0,345,0,0,0,0
346,0,1,1,ACCEPT,22.0119,3.6022,335,-1,-6,0.0239,118.91,39.27,38.49,27.71,117.00,136.50,16.00,15.00,0.0000,97.25,1,0,2.8592,ACCEPT,0,457,1794,7003,0,0,335,0,0,0,0
347,0,1,1,ACCEPT,21.0659,2.4262,296,-1,-6,0.0507,118.31,36.70,38.49,27.71,118.00,133.00,18.00,18.00,0.0000,96.31,1,0,2.9953,ACCEPT,0,491,1752,6122,0,0,296,0,0,0,0
348,0,1,1,ACCEPT,21.7048,1.8750,240,1,-9,0.0375,118.91,32.83,38.49,27.71,117.50,133.00,17.00,12.00,0.0000,100.18,1,0,2.9504,ACCEPT,0,370,1474,5846,0,0,240,0,0,0,0
349,0,1,1,ACCEPT,18.1890,1.8818,207,-2,-9,0.0193,117.71,28.96,38.49,27.71,118.00,129.00,14.00,12.00,0.0000,100.04,1,0,2.8479,ACCEPT,0,387,1688,6383,0,0,207,0,0,0,0
350,0,1,1,ACCEPT,18.0212,1.6750,201,0,-10,0.0149,117.71,24.66,38.49,27.71,117.50,128.00,9.00,6.00,0.0000,103.34,1,0,2.7952,ACCEPT,0,409,1664,5347,0,0,201,0,0,0,0
351,0,1,1,ACCEPT,19.7029,1.9038,198,-1,-12,0.0859,117.11,19.51,38.49,27.71,115.00,122.00,6.00,8.00,0.0000,102.51,1,0,2.7810,ACCEPT,0,369,1602,5875,0,0,198,0,0,0,0
352,0,1,1,ACCEPT,17.8365,1.8544,191,2,-12,0.1047,118.31,14.35,37.01,26.64,122.50,119.50,31.00,15.00,0.0000,105.23,1,-1,2.8314,ACCEPT,0,336,1557,5411,0,0,191,0,0,0,0
353,0,1,1,ACCEPT,18.3240,2.0093,217,0,-11,0.0968,118.31,9.80,37.01,26.64,119.00,115.00,16.00,12.00,0.0000,105.21,1,0,2.7869,ACCEPT,0,374,1532,6879,0,0,217,0,0,0,0
354,0,1,1,ACCEPT,16.2806,2.1321,226,1,-10,0.0973,118.89,5.66,37.01,26.64,121.00,112.50,12.00,9.00,0.0000,106.86,1,0,2.8185,ACCEPT,0,479,1470,6864,0,0,226,0,0,0,0
355,0,1,1,ACCEPT,9.1562,1.4444,143,-2,-11,0.0210,117.73,1.10,37.01,26.64,119.50,108.50,13.00,13.00,0.0000,107.41,1,0,2.8733,ACCEPT,0,692,1197,7257,0,0,143,0,0,0,0
356,0,1,1,ACCEPT,8.2721,1.0103,98,2,-10,0.8061,118.89,-3.04,35.58,25.62,119.00,104.50,14.00,13.00,0.0000,107.54,1,-1,2.8977,ACCEPT,0,579,1682,4248,0,0,98,0,0,0,0
357,0,1,0,NEGATIVE_PEAK,-6.1566,1.0179,-57,-22,19,0.6140,118.89,-3.04,35.58,25.62,120.50,103.50,15.00,9.00,0.0000,106.55,0,0,0.0000,NOT_RUN,0,416,1338,0,0,0,57,0,0,0,0
358,0,1,1,ACCEPT,7.6541,1.3191,62,-3,10,0.5645,117.23,0.95,34.21,24.63,121.50,100.50,15.00,13.00,0.0000,99.65,1,-1,2.5800,ACCEPT,0,316,1502,4543,0,0,62,0,0,0,0
359,0,1,1,ACCEPT,8.3629,1.2754,88,1,1,0.9318,117.76,1.33,34.21,24.63,121.50,96.50,15.00,13.00,0.0000,95.25,1,0,3.1632,ACCEPT,0,399,1451,5254,0,0,88,0,0,0,0
360,0,1,1,ACCEPT,9.9459,1.2391,114,0,1,0.9298,117.76,1.71,34.21,24.63,120.50,92.50,19.00,15.00,0.0000,90.83,1,0,2.9982,ACCEPT,0,532,1001,6563,0,0,114,0,0,0,0
361,0,1,1,ACCEPT,9.4468,1.5823,125,0,-2,0.4000,117.76,0.95,34.21,24.63,124.00,89.00,26.00,18.00,0.0000,88.28,1,0,3.0947,ACCEPT,0,420,2717,4778,0,0,125,0,0,0,0
362,0,1,1,ACCEPT,9.7221,1.3613,162,1,1,0.8580,118.29,1.33,34.21,24.63,124.50,85.50,25.00,17.00,0.0000,84.40,1,0,3.2017,ACCEPT,0,494,3272,3201,0,0,162,0,0,0,0
363,0,1,1,ACCEPT,7.7910,1.0592,161,-1,1,0.8385,117.76,1.71,34.21,24.63,125.00,80.50,28.00,19.00,0.0000,79.12,1,2,1.5272,LOW_CONF,0,658,1953,8237,0,0,161,0,0,0,0
364,0,1,1,ACCEPT,8.3183,1.1176,171,12,-2,0.3684,124.13,0.95,34.21,24.63,124.00,76.00,30.00,20.00,0.0000,75.05,1,0,2.7466,ACCEPT,0,636,1256,6518,0,0,171,0,0,0,0
365,0,1,1,ACCEPT,7.9352,1.2264,130,-13,1,0.4846,117.23,1.33,34.21,24.63,126.00,71.00,22.00,20.00,0.0000,70.22,1,2,1.7070,LOW_CONF,0,463,1279,6293,0,0,130,0,0,0,0
366,0,1,1,ACCEPT,12.1681,1.7239,231,0,1,0.9221,117.23,1.71,34.21,24.63,125.00,66.00,26.00,20.00,0.0000,64.76,1,0,2.6886,ACCEPT,0,629,833,11471,0,0,231,0,0,0,0
367,0,1,1,ACCEPT,8.4915,1.0977,191,9,-2,0.2042,122.01,0.95,34.21,24.63,124.50,61.50,27.00,23.00,0.0000,60.61,1,-16,1.5196,AT_SEARCH_RAIL,0,852,1435,8022,0,0,191,0,0,0,0
368,0,1,1,ACCEPT,8.1360,1.2642,244,11,1,0.4590,127.85,1.33,34.21,24.63,124.00,56.50,28.00,23.00,0.0000,55.31,1,-5,2.0004,MAX_STEP,0,1104,1106,14120,0,0,244,0,0,0,0
369,0,1,1,ACCEPT,8.3010,1.2514,219,7,1,0.5890,131.57,1.71,34.21,24.63,126.50,52.00,27.00,22.00,0.0000,50.54,1,0,2.4606,ACCEPT,0,798,1199,7695,0,0,219,0,0,0,0
370,0,1,1,ACCEPT,9.0809,1.0914,203,17,-2,0.1921,140.60,0.95,32.90,23.69,124.50,49.00,25.00,20.00,0.0000,50.68,1,-1,2.2885,ACCEPT,0,711,1573,6612,0,0,203,0,0,0,0
371,0,1,1,ACCEPT,10.3044,1.2803,169,18,1,0.5503,149.88,1.31,32.90,23.69,124.50,44.50,23.00,19.00,0.0000,50.09,1,-12,2.2029,MAX_STEP,0,523,2968,2986,0,0,169,0,0,0,0
372,0,1,1,ACCEPT,12.9883,1.1064,156,7,1,0.6090,153.49,1.68,31.63,22.78,125.50,40.50,25.00,21.00,0.0000,47.86,1,-1,2.3687,ACCEPT,0,511,4818,2871,0,0,156,0,0,0,0
373,0,1,1,ACCEPT,9.7900,1.2657,181,-2,-1,0.8564,152.51,1.32,31.63,22.78,123.50,37.00,25.00,16.00,0.0000,45.98,1,0,2.6280,ACCEPT,0,1053,5057,3435,0,0,181,0,0,0,0
374,0,1,1,ACCEPT,8.3957,1.1609,202,-15,29,0.1683,145.12,11.74,32.90,23.69,125.50,33.00,29.00,18.00,0.0000,28.93,1,1,2.0340,ACCEPT,0,1130,5243,4068,0,0,202,0,0,0,0
375,0,1,1,ACCEPT,6.8433,1.1379,231,1,-14,0.3117,145.64,6.60,34.21,24.63,124.50,28.50,27.00,19.00,0.0000,30.44,1,1,2.7276,ACCEPT,0,1260,5120,4097,0,0,231,0,0,0,0
376,0,1,1,ACCEPT,8.2756,1.2031,154,4,-15,0.3052,147.77,0.86,34.21,24.63,125.50,26.00,27.00,20.00,0.0000,33.58,1,3,1.8419,MAX_STEP,0,580,2499,7039,0,0,154,0,0,0,0
0,0,0,0,ZERO_RESPONSE,0.0000,0.0000,0,0,0,0.0000,146.00,191.00,18.00,12.00,146.00,191.00,18.00,12.00,1.0000,0.00,1,0,0.0000,NOT_RUN,0,0,5709,1090,1,70,0,0,0,0,0
1,0,1,1,ACCEPT,8.1859,1.4000,7,5,21,0.2857,147.41,194.94,18.00,12.00,148.50,195.00,21.00,14.00,0.7347,1.10,1,0,3.2801,ACCEPT,0,49,4599,1209,1,70,7,0,0,0,0
2,0,1,1,ACCEPT,9.5817,2.0000,6,3,21,0.3333,148.25,198.88,18.00,12.00,148.50,202.00,21.00,14.00,0.5350,3.13,1,0,3.2142,ACCEPT,0,30,4540,1226,1,70,6,0,0,0,0
3,0,1,1,ACCEPT,6.4646,1.0000,5,4,21,0.8000,149.38,202.81,18.00,12.00,150.50,206.00,23.00,16.00,0.4998,3.38,1,0,3.1410,ACCEPT,0,36,4184,1264,1,70,6,0,0,0,0
4,0,1,1,ACCEPT,7.6506,1.2000,6,1,26,0.5000,149.66,207.69,18.00,12.00,150.50,210.00,23.00,14.00,0.5566,2.46,1,0,2.9245,ACCEPT,0,32,4464,1235,1,70,6,0,0,0,0
5,0,1,1,ACCEPT,7.7057,1.0000,6,1,15,0.3333,149.94,210.50,18.00,12.00,150.50,217.00,23.00,20.00,0.3386,6.52,1,0,3.1868,ACCEPT,0,31,4141,1221,1,70,6,0,0,0,0
6,0,1,1,ACCEPT,7.5618,1.2500,5,2,37,0.4000,150.50,217.44,18.00,12.00,150.50,224.50,21.00,21.00,0.3487,7.06,1,0,2.9799,ACCEPT,0,25,2903,1602,1,70,5,0,0,0,0
7,0,1,1,ACCEPT,7.8943,1.2000,6,0,31,0.3333,150.50,223.25,18.00,12.00,151.50,231.00,21.00,18.00,0.2816,7.81,1,0,3.1599,ACCEPT,0,28,3088,1778,1,70,6,0,0,0,0
8,0,1,1,ACCEPT,9.4014,1.1667,7,1,21,0.4286,150.78,227.19,18.00,12.00,151.00,236.00,20.00,16.00,0.2110,8.82,1,0,3.3777,ACCEPT,0,30,3348,1479,1,70,7,0,0,0,0
9,0,1,1,ACCEPT,9.2834,1.1667,7,4,36,0.0000,151.91,233.94,18.00,12.00,153.50,240.00,21.00,20.00,0.3885,6.27,1,0,3.3283,ACCEPT,0,32,2272,1821,1,70,7,0,0,0,0
10,0,1,1,ACCEPT,10.3729,1.7500,7,0,31,0.4286,151.91,239.75,18.00,12.00,151.50,247.50,17.00,17.00,0.2940,7.76,1,0,3.3915,ACCEPT,0,24,2503,1681,1,70,7,0,0,0,0
11,0,1,1,ACCEPT,13.2987,2.2000,11,3,31,0.3636,152.75,245.56,18.00,12.00,154.00,252.00,22.00,18.00,0.3366,6.56,1,0,3.4207,ACCEPT,0,31,2141,1859,1,70,11,0,0,0,0
12,0,1,1,ACCEPT,8.6906,1.2000,6,-3,31,0.6667,151.91,251.38,18.00,12.00,155.00,259.50,22.00,17.00,0.2235,8.69,1,0,3.1271,ACCEPT,0,30,2108,1864,1,70,6,0,0,0,0
13,0,1,1,ACCEPT,8.8758,1.0000,8,4,31,0.1250,153.03,257.19,18.00,12.00,156.00,265.50,22.00,17.00,0.2175,8.83,1,0,3.2366,ACCEPT,0,39,2021,1831,1,70,8,0,0,0,0
14,0,1,1,ACCEPT,13.8285,1.8750,15,0,31,0.1333,153.03,263.00,18.00,12.00,155.00,270.00,22.00,16.00,0.2851,7.27,1,0,3.4352,ACCEPT,0,63,2297,1529,1,70,15,0,0,0,0
15,0,1,1,ACCEPT,9.9370,1.0000,11,2,31,0.4545,153.59,268.81,18.00,12.00,156.00,275.00,22.00,16.00,0.3192,6.64,1,0,3.2711,ACCEPT,0,49,1861,1817,1,70,11,0,0,0,0
16,0,1,1,ACCEPT,15.1755,1.5455,17,-2,26,0.2353,153.03,273.69,18.00,12.00,156.50,280.50,21.00,17.00,0.2740,7.64,1,0,3.3089,ACCEPT,0,51,2058,1426,1,70,17,0,0,0,0
17,0,1,1,ACCEPT,13.6444,1.1875,19,5,21,0.1579,154.44,277.62,18.00,12.00,157.00,284.50,26.00,17.00,0.2636,7.34,1,0,3.2769,ACCEPT,0,72,2112,1387,1,70,19,0,0,0,0
18,0,1,1,ACCEPT,12.6299,1.4167,17,1,25,0.1176,154.72,282.31,18.00,12.00,159.00,288.50,26.00,17.00,0.2884,7.52,1,0,3.0684,ACCEPT,0,63,1908,1651,1,70,17,0,0,0,0
19,0,1,1,ACCEPT,13.4933,1.7333,26,0,26,0.1154,154.72,287.19,18.00,12.00,157.50,293.00,23.00,16.00,0.3305,6.44,1,0,3.2758,ACCEPT,0,67,1914,1726,1,70,26,0,0,0,0
20,0,1,1,ACCEPT,9.6669,1.1905,25,-2,20,0.3600,154.16,290.94,18.00,12.00,158.50,294.50,25.00,19.00,0.4212,5.62,1,0,3.3285,ACCEPT,0,111,1966,1886,1,70,25,0,0,0,0
21,0,1,1,ACCEPT,11.0057,1.2222,33,3,21,0.1212,155.00,294.88,18.00,12.00,158.00,296.50,26.00,19.00,0.4372,3.41,1,0,3.4209,ACCEPT,0,121,2058,1383,1,70,33,0,0,0,0
22,0,1,1,ACCEPT,9.2551,1.4211,27,-3,11,0.0370,154.16,296.94,18.00,12.00,157.00,298.50,26.00,19.00,0.4372,3.24,1,0,3.4581,ACCEPT,0,114,2170,1221,1,70,27,0,0,0,0
23,0,1,1,ACCEPT,12.8845,2.3125,37,1,10,0.0541,154.44,298.81,18.00,12.00,156.00,300.00,20.00,20.00,0.5144,1.96,1,0,3.2929,ACCEPT,0,133,2134,1381,1,70,37,0,0,0,0
24,0,1,1,ACCEPT,10.8135,2.0000,30,-3,5,0.0667,153.59,299.75,18.00,12.00,157.50,300.50,23.00,19.00,0.4387,3.98,1,0,3.3143,ACCEPT,0,120,1939,1534,1,70,30,0,0,0,0
25,0,1,1,ACCEPT,15.8015,2.5714,54,-3,5,0.0370,152.75,300.69,18.00,12.00,154.00,302.00,22.00,20.00,0.4909,1.81,1,0,3.4880,ACCEPT,0,123,2237,1454,1,70,54,0,0,0,0
26,0,1,1,ACCEPT,12.1635,1.7037,46,-2,5,0.1739,152.19,301.62,18.00,12.00,154.00,303.00,20.00,20.00,0.5034,2.28,1,0,3.3778,ACCEPT,0,138,1973,1587,1,70,46,0,0,0,0
27,0,1,1,ACCEPT,14.6496,2.6087,60,3,5,0.1667,153.03,302.56,18.00,12.00,153.50,304.00,19.00,18.00,0.6316,1.51,1,0,3.2377,ACCEPT,0,211,2325,1501,1,70,60,0,0,0,0
28,0,1,1,ACCEPT,12.1743,1.1905,50,-3,5,0.6400,152.19,303.50,18.00,12.00,155.50,305.00,25.00,18.00,0.4800,3.64,1,0,3.4417,ACCEPT,0,183,1786,1491,1,70,50,0,0,0,0
29,0,1,1,ACCEPT,14.8899,2.2500,63,3,0,0.6508,153.03,303.50,18.00,12.00,155.50,305.00,25.00,18.00,0.4800,2.89,1,0,3.3373,ACCEPT,0,171,1821,1753,1,70,63,0,0,0,0
30,0,1,1,ACCEPT,15.1400,2.0571,72,-5,5,0.2500,151.62,304.44,18.00,12.00,155.50,306.00,23.00,18.00,0.4634,4.18,1,0,3.4645,ACCEPT,0,201,1886,1930,1,70,72,0,0,0,0
31,0,1,1,ACCEPT,15.9591,1.7547,93,-1,5,0.0538,151.34,305.38,18.00,12.00,156.50,306.50,21.00,17.00,0.4294,5.28,1,0,3.3814,ACCEPT,0,243,1911,1770,1,70,93,0,0,0,0
32,0,1,1,ACCEPT,13.2960,1.3019,69,-1,0,0.8841,151.06,305.38,18.00,12.00,155.50,306.50,23.00,19.00,0.4188,4.58,1,0,3.2853,ACCEPT,0,264,1696,1741,1,70,69,0,0,0,0
33,0,1,1,ACCEPT,15.3555,2.5667,77,-1,0,0.8701,150.78,305.38,18.00,12.00,155.50,306.50,23.00,17.00,0.4535,4.85,1,0,3.1404,ACCEPT,0,223,1733,1630,1,70,77,0,0,0,0
34,0,1,1,ACCEPT,17.4046,2.6774,83,-5,0,0.1084,149.38,305.38,18.00,12.00,153.50,307.50,21.00,15.00,0.4911,4.64,1,0,3.4246,ACCEPT,0,226,1519,1849,1,70,83,0,0,0,0
35,0,1,1,ACCEPT,20.3076,2.7647,94,3,0,0.6702,150.22,305.38,18.00,12.00,153.50,306.50,21.00,17.00,0.5144,3.47,1,0,2.7220,ACCEPT,0,210,1599,2024,1,70,94,0,0,0,0
36,0,1,1,ACCEPT,20.1354,3.2143,90,-4,0,0.4111,149.09,305.38,18.00,12.00,152.50,308.50,21.00,15.00,0.4587,4.62,1,0,3.2660,ACCEPT,0,218,1327,2214,1,70,90,0,0,0,0
37,0,1,1,ACCEPT,17.2723,2.5714,90,1,0,0.9111,149.38,305.38,18.00,12.00,152.50,308.00,19.00,18.00,0.4940,4.08,1,0,3.3353,ACCEPT,0,232,1468,2214,1,70,90,0,0,0,0
38,0,1,1,ACCEPT,14.8927,2.2222,80,-1,1,0.9500,149.09,305.56,18.00,12.00,152.00,309.00,24.00,16.00,0.4639,4.50,1,0,3.2077,ACCEPT,0,316,1682,2011,1,70,80,0,0,0,0
39,0,1,1,ACCEPT,12.6010,1.9737,75,1,0,0.8933,149.38,305.56,18.00,12.00,151.50,309.00,25.00,16.00,0.4464,4.04,1,0,3.3241,ACCEPT,0,329,1670,1909,1,70,75,0,0,0,0
40,0,1,1,ACCEPT,15.4494,2.6061,86,-1,5,0.1628,149.09,306.50,18.00,12.00,150.00,309.50,24.00,17.00,0.4964,3.13,1,0,3.4061,ACCEPT,0,273,1934,1648,1,70,86,0,0,0,0
41,0,1,1,ACCEPT,10.7625,1.6364,54,1,1,0.7222,149.38,306.69,18.00,12.00,151.00,311.00,24.00,18.00,0.4222,4.61,1,0,3.4828,ACCEPT,0,223,2076,1556,1,70,54,0,0,0,0
42,0,1,1,ACCEPT,10.5290,1.7000,51,-1,6,0.2157,149.09,307.81,18.00,12.00,150.00,310.00,26.00,20.00,0.4154,2.37,1,0,3.2881,ACCEPT,0,232,2000,1600,1,70,51,0,0,0,0
43,0,1,1,ACCEPT,13.9211,2.2759,66,3,6,0.1515,149.94,308.94,18.00,12.00,149.00,311.00,26.00,22.00,0.3776,2.27,1,0,3.2461,ACCEPT,0,198,2156,1498,1,70,66,0,0,0,0
44,0,1,1,ACCEPT,12.2039,1.8333,77,-5,5,0.1558,148.53,309.88,18.00,12.00,149.50,312.50,23.00,19.00,0.4943,2.80,1,0,3.1383,ACCEPT,0,232,1908,1779,1,70,77,0,0,0,0
45,0,1,1,ACCEPT,9.5806,1.2093,52,0,5,0.8846,148.53,310.81,18.00,12.00,150.50,313.00,25.00,18.00,0.4800,2.94,1,0,3.1357,ACCEPT,0,225,1776,1786,1,70,52,0,0,0,0
46,0,1,1,ACCEPT,16.0322,2.5333,76,-2,0,0.8421,147.97,310.81,18.00,12.00,149.00,313.00,24.00,20.00,0.4500,2.42,1,0,3.2226,ACCEPT,0,163,1716,1899,1,70,76,0,0,0,0
47,0,1,1,ACCEPT,18.0549,2.4359,95,3,0,0.7368,148.81,310.81,18.00,12.00,149.00,312.00,24.00,20.00,0.4500,1.20,1,0,3.1208,ACCEPT,0,242,1818,1789,1,70,95,0,0,0,0
48,0,1,1,ACCEPT,15.8951,2.6429,74,-4,0,0.6216,147.69,310.81,18.00,12.00,149.50,315.50,23.00,17.00,0.4104,5.03,1,0,3.4669,ACCEPT,0,208,1704,1662,1,70,74,0,0,0,0
49,0,1,1,ACCEPT,16.6361,2.6207,76,0,1,0.9737,147.69,311.00,18.00,12.00,149.00,314.50,24.00,19.00,0.4737,3.74,1,0,3.4729,ACCEPT,0,213,1682,1564,1,70,76,0,0,0,0
50,0,1,1,ACCEPT,17.2374,2.2564,88,-4,5,0.3636,146.56,311.94,18.00,12.00,147.50,314.50,25.00,19.00,0.4547,2.73,1,0,3.4496,ACCEPT,0,226,2103,1409,1,70,88,0,0,0,0
51,0,1,1,ACCEPT,17.7511,1.6429,92,1,1,0.9022,146.84,312.12,18.00,12.00,149.50,315.00,23.00,18.00,0.5149,3.91,1,0,3.4750,ACCEPT,0,247,1588,1840,1,70,92,0,0,0,0
52,0,1,1,ACCEPT,22.4658,2.3729,140,-4,5,0.1071,145.72,313.06,18.00,12.00,148.50,314.50,23.00,17.00,0.5391,3.13,1,0,3.4407,ACCEPT,0,334,1697,1723,1,70,140,0,0,0,0
53,0,1,1,ACCEPT,19.9032,2.9149,137,1,0,0.9051,146.00,313.06,18.00,12.00,148.50,314.50,23.00,17.00,0.5524,2.88,1,0,3.4918,ACCEPT,0,326,1522,2335,1,70,137,0,0,0,0
54,0,1,1,ACCEPT,22.8974,3.6136,159,-1,1,0.9057,145.72,313.25,18.00,12.00,148.00,315.00,26.00,16.00,0.5192,2.88,1,0,3.4512,ACCEPT,0,323,1378,2337,1,70,159,0,0,0,0
55,0,1,1,ACCEPT,23.1994,3.1091,171,0,5,0.0643,145.72,314.19,18.00,12.00,148.00,315.50,24.00,17.00,0.5294,2.63,1,0,3.4249,ACCEPT,0,310,1557,2773,1,70,171,0,0,0,0
56,0,1,1,ACCEPT,22.2761,2.2289,185,1,5,0.1622,146.00,315.12,18.00,12.00,148.00,317.00,24.00,16.00,0.5625,2.74,1,0,3.4740,ACCEPT,0,374,1427,2824,1,70,185,0,0,0,0
57,0,1,1,ACCEPT,17.7265,1.7907,154,-2,5,0.7792,145.44,316.06,18.00,12.00,146.50,317.50,23.00,15.00,0.6261,1.79,1,0,3.3995,ACCEPT,0,385,1336,2844,1,70,154,0,0,0,0
58,0,1,1,ACCEPT,24.7016,2.4157,215,4,0,0.4930,146.56,316.06,18.00,12.00,147.50,317.00,23.00,16.00,0.5870,1.33,1,0,3.4343,ACCEPT,0,326,1030,3930,1,70,215,0,0,0,0
59,0,1,1,ACCEPT,18.3405,1.3684,182,-4,0,0.4505,145.44,316.06,18.00,12.00,147.00,317.50,22.00,17.00,0.5775,2.12,1,0,3.4871,ACCEPT,0,437,977,2963,1,70,182,0,0,0,0
60,0,1,1,ACCEPT,23.6040,2.9167,175,4,5,0.1714,146.56,317.00,18.00,12.00,148.00,317.00,24.00,18.00,0.5000,1.44,1,0,3.4353,ACCEPT,0,366,902,3348,1,70,175,0,0,0,0
61,0,1,1,ACCEPT,18.2617,2.5156,161,-5,0,0.4907,145.16,317.00,18.00,12.00,146.50,318.50,23.00,15.00,0.6261,2.01,1,0,3.4842,ACCEPT,0,360,984,3837,1,70,161,0,0,0,0
62,0,1,1,ACCEPT,11.0272,1.2376,125,2,5,0.5600,145.72,317.94,18.00,12.00,147.50,321.00,23.00,12.00,0.4858,3.54,1,0,3.4145,ACCEPT,0,435,1135,3474,1,70,125,0,0,0,0
63,0,1,1,ACCEPT,12.5022,1.9444,105,-2,0,0.8571,145.16,317.94,18.00,12.00,146.00,319.50,20.00,11.00,0.6957,1.78,1,0,3.4061,ACCEPT,0,315,860,3986,1,70,105,0,0,0,0
64,0,1,1,ACCEPT,11.3244,1.2841,113,1,5,0.5044,145.44,318.88,18.00,12.00,146.00,319.50,24.00,13.00,0.6802,0.84,1,0,3.4158,ACCEPT,0,388,1131,3655,1,70,113,0,0,0,0
65,0,1,1,ACCEPT,7.6906,1.4906,79,-2,0,0.8987,144.88,318.88,18.00,12.00,145.00,321.00,26.00,12.00,0.5075,2.13,1,0,3.4035,ACCEPT,0,407,934,3712,1,70,79,0,0,0,0
66,0,1,1,ACCEPT,8.8665,1.5536,87,1,5,0.5862,145.16,319.81,18.00,12.00,147.00,321.50,24.00,11.00,0.5822,2.50,1,0,3.4708,ACCEPT,0,331,1167,3389,1,70,87,0,0,0,0
67,0,1,1,ACCEPT,10.0139,1.7143,96,-1,0,0.9479,144.88,319.81,18.00,12.00,144.00,321.50,18.00,11.00,0.6832,1.90,1,0,3.3992,ACCEPT,0,401,1060,3468,1,70,96,0,0,0,0
68,0,1,1,ACCEPT,10.1995,1.5161,94,1,0,0.9574,145.16,319.81,18.00,12.00,146.50,322.00,23.00,12.00,0.5600,2.57,1,0,3.5206,ACCEPT,0,409,1199,3932,1,70,94,0,0,0,0
69,0,1,1,ACCEPT,9.7199,1.1264,98,-1,1,0.7755,144.88,320.00,18.00,12.00,146.00,322.00,24.00,12.00,0.5556,2.29,1,0,3.3019,ACCEPT,0,402,1134,4415,1,70,98,0,0,0,0
70,0,1,1,ACCEPT,10.0666,1.1057,136,-1,5,0.7500,144.59,320.94,18.00,12.00,146.00,322.50,24.00,13.00,0.5946,2.10,1,0,3.5098,ACCEPT,0,599,1318,3606,1,70,136,0,0,0,0
71,0,1,1,ACCEPT,13.5578,2.0143,141,-4,0,0.2553,143.47,320.94,18.00,12.00,144.50,322.00,27.00,16.00,0.5000,1.48,1,0,3.5928,ACCEPT,0,413,1296,4113,1,70,141,0,0,0,0
72,0,1,1,ACCEPT,12.0023,1.5699,146,4,0,0.3699,144.59,320.94,18.00,12.00,146.50,322.00,27.00,16.00,0.5000,2.18,1,0,3.1558,ACCEPT,0,537,1698,4007,1,70,146,0,0,0,0
73,0,1,1,ACCEPT,12.3772,1.3673,134,-6,0,0.0000,142.91,320.94,18.00,12.00,144.00,321.00,24.00,18.00,0.5000,1.10,1,0,3.5237,ACCEPT,0,499,1668,3472,1,70,134,0,0,0,0
74,0,1,1,ACCEPT,12.2997,1.3333,120,3,0,0.8250,143.75,320.94,18.00,12.00,145.50,321.50,27.00,17.00,0.4706,1.84,1,0,3.4102,ACCEPT,0,495,1949,3146,1,70,120,0,0,0,0
75,0,1,1,ACCEPT,12.7367,1.5190,120,-4,0,0.2667,142.62,320.94,18.00,12.00,145.50,323.50,27.00,13.00,0.4609,3.85,1,0,3.4052,ACCEPT,0,371,1807,3130,1,70,120,0,0,0,0
76,0,1,1,ACCEPT,14.9167,1.8947,144,0,0,1.0000,142.62,320.94,18.00,12.00,143.00,323.00,24.00,14.00,0.5544,2.10,1,0,3.3577,ACCEPT,0,347,1782,2878,1,70,144,0,0,0,0
77,0,1,1,ACCEPT,17.3289,2.4340,129,-3,0,0.4031,141.78,320.94,18.00,12.00,143.00,322.50,22.00,15.00,0.6489,1.98,1,0,3.3170,ACCEPT,0,271,1585,3569,1,70,129,0,0,0,0
78,0,1,1,ACCEPT,13.2760,1.5882,135,0,5,0.6444,141.78,321.88,18.00,12.00,142.50,322.00,23.00,14.00,0.6708,0.73,1,0,3.3545,ACCEPT,0,334,2037,3254,1,70,135,0,0,0,0
79,0,1,1,ACCEPT,15.8868,1.9000,171,-3,-1,0.4327,140.94,321.69,18.00,12.00,142.50,322.50,25.00,15.00,0.5760,1.76,1,0,3.4362,ACCEPT,0,525,1825,2518,1,70,171,0,0,0,0
80,0,1,1,ACCEPT,16.7516,1.4216,145,1,0,0.9310,141.22,321.69,18.00,12.00,142.00,323.50,24.00,15.00,0.5754,1.97,1,0,3.3867,ACCEPT,0,443,1723,2835,1,70,145,0,0,0,0
81,0,1,1,ACCEPT,18.6275,1.5632,136,-2,0,0.7574,140.66,321.69,18.00,12.00,140.50,323.50,25.00,15.00,0.5527,1.82,1,0,3.4000,ACCEPT,0,324,1718,2682,1,70,136,0,0,0,0
82,0,1,1,ACCEPT,19.2231,2.1818,144,1,0,0.9375,140.94,321.69,18.00,12.00,140.50,323.50,25.00,15.00,0.5527,1.86,1,0,3.3370,ACCEPT,0,281,1926,2250,1,70,144,0,0,0,0
83,0,1,1,ACCEPT,22.4817,2.2295,136,-3,0,0.5809,140.09,321.69,18.00,12.00,140.00,324.00,26.00,16.00,0.4990,2.31,1,0,3.3667,ACCEPT,0,250,1699,2379,1,70,136,0,0,0,0
84,0,1,1,ACCEPT,19.8073,1.8750,135,3,0,0.7111,140.94,321.69,18.00,12.00,139.50,323.50,27.00,15.00,0.5123,2.31,1,0,3.4048,ACCEPT,0,267,1826,2542,1,70,135,0,0,0,0
85,0,1,1,ACCEPT,23.2680,1.6275,166,-4,0,0.4699,139.81,321.69,18.00,12.00,139.50,324.50,25.00,13.00,0.4756,2.83,1,0,3.3211,ACCEPT,0,315,1451,2937,1,70,166,0,0,0,0
86,0,1,1,ACCEPT,22.4504,2.0519,158,1,0,0.8671,140.09,321.69,18.00,12.00,140.00,325.00,26.00,12.00,0.4208,3.31,1,0,3.3718,ACCEPT,0,265,1483,3061,1,70,158,0,0,0,0
87,0,1,1,ACCEPT,25.4274,2.7797,164,-1,0,0.8963,139.81,321.69,18.00,12.00,139.00,325.50,26.00,11.00,0.3805,3.90,1,0,3.3297,ACCEPT,0,299,1503,2478,1,70,164,0,0,0,0
88,0,1,1,ACCEPT,21.9276,1.5402,134,-1,0,0.9478,139.53,321.69,18.00,12.00,138.50,325.00,27.00,12.00,0.4076,3.47,1,0,3.3091,ACCEPT,0,228,1313,2942,1,70,134,0,0,0,0
89,0,1,1,ACCEPT,20.0309,1.2700,127,-3,-5,0.3622,138.69,320.75,18.00,12.00,138.00,324.50,28.00,13.00,0.3728,3.81,1,0,3.3125,ACCEPT,0,280,1303,3055,1,70,127,0,0,0,0
90,0,1,1,ACCEPT,21.3501,2.2459,137,1,0,0.8467,138.97,320.75,18.00,12.00,140.00,324.50,24.00,13.00,0.4251,3.89,1,0,3.2581,ACCEPT,0,267,994,4098,1,70,137,0,0,0,0
91,0,1,1,ACCEPT,21.8126,1.5119,127,-2,0,0.7480,138.41,320.75,18.00,12.00,139.50,324.00,23.00,12.00,0.4709,3.43,1,0,3.1719,ACCEPT,0,230,945,3796,1,70,127,0,0,0,0
92,0,1,1,ACCEPT,23.8407,3.6829,151,3,-5,0.1854,139.25,319.81,18.00,12.00,138.50,322.50,25.00,13.00,0.4847,2.79,1,0,3.0931,ACCEPT,0,230,998,4068,1,70,151,0,0,0,0
93,0,1,1,ACCEPT,14.8721,1.9556,88,-5,-1,0.1364,137.84,319.62,18.00,12.00,137.00,322.00,26.00,12.00,0.4884,2.52,1,0,3.1652,ACCEPT,0,270,831,4739,1,70,88,0,0,0,0
94,0,1,1,ACCEPT,11.5792,1.7600,88,1,-4,0.8295,138.12,318.88,18.00,12.00,137.50,322.50,25.00,11.00,0.4059,3.68,1,0,2.9918,ACCEPT,0,326,848,4612,1,70,88,0,0,0,0
95,0,1,1,ACCEPT,10.7804,1.5870,73,-4,1,0.3973,137.00,319.06,18.72,12.48,136.00,322.50,26.00,11.00,0.4267,3.58,1,1,2.9560,ACCEPT,0,310,696,4195,1,70,73,0,0,0,0
96,0,1,1,ACCEPT,10.5674,1.4909,82,-1,-1,0.9634,136.71,318.87,18.72,12.48,136.50,321.50,27.00,13.00,0.4785,2.64,1,0,2.9667,ACCEPT,0,390,899,5326,1,70,82,0,0,0,0
97,0,1,1,ACCEPT,14.5845,2.4561,140,-3,-1,0.5571,135.84,318.67,18.72,12.48,136.00,321.00,28.00,14.00,0.4848,2.33,1,0,3.2844,ACCEPT,0,459,1093,3635,1,70,140,0,0,0,0
98,0,1,1,ACCEPT,15.4050,2.3509,134,1,-1,0.7537,136.13,318.48,18.72,12.48,136.50,321.00,27.00,14.00,0.4881,2.55,1,0,3.4303,ACCEPT,0,402,1180,3402,1,70,134,0,0,0,0
99,0,1,1,ACCEPT,17.1052,2.5556,184,0,4,0.3370,136.13,319.26,18.72,12.48,137.00,321.50,26.00,13.00,0.5239,2.40,1,0,3.3319,ACCEPT,0,434,1484,3370,1,70,184,0,0,0,0
100,0,1,1,ACCEPT,20.6363,2.9506,239,2,-1,0.6820,136.71,319.06,18.72,12.48,137.00,322.50,26.00,11.00,0.4267,3.45,1,0,3.2789,ACCEPT,0,518,1549,3619,1,70,239,0,0,0,0
101,0,1,1,ACCEPT,19.0782,2.3626,215,-3,-1,0.6605,135.84,318.87,18.72,12.48,137.00,322.00,26.00,12.00,0.4545,3.34,1,0,3.4158,ACCEPT,0,501,1456,3907,1,70,215,0,0,0,0
102,0,1,1,ACCEPT,18.7597,2.2959,225,3,-1,0.5956,136.71,318.67,18.72,12.48,137.00,322.00,24.00,10.00,0.4550,3.34,1,0,3.4082,ACCEPT,0,615,1510,3112,1,70,225,0,0,0,0
103,0,1,1,ACCEPT,19.4935,2.3038,182,-2,-1,0.7473,136.13,318.48,18.72,12.48,136.00,321.00,26.00,12.00,0.5001,2.53,1,0,3.4551,ACCEPT,0,469,1501,3008,1,70,182,0,0,0,0
104,0,1,1,ACCEPT,20.8863,2.2737,216,2,4,0.2731,136.71,319.26,18.72,12.48,138.00,321.50,26.00,13.00,0.5239,2.59,1,0,3.3636,ACCEPT,0,458,1633,3045,1,70,216,0,0,0,0
105,0,1,1,ACCEPT,18.1435,2.0886,165,-4,-2,0.5333,135.55,318.87,18.72,12.48,137.00,320.50,26.00,13.00,0.5717,2.18,1,0,3.3789,ACCEPT,0,434,1535,3359,1,70,165,0,0,0,0
106,0,1,1,ACCEPT,19.9623,2.4400,244,1,-2,0.6393,135.84,318.48,18.72,12.48,136.50,322.00,27.00,10.00,0.4022,3.58,1,0,3.3966,ACCEPT,0,566,1487,3496,1,70,244,0,0,0,0
107,0,1,1,ACCEPT,19.9002,2.5114,221,-1,-1,0.8100,135.55,318.28,18.72,12.48,136.00,321.50,26.00,11.00,0.4430,3.25,1,0,3.3044,ACCEPT,0,530,1515,2802,1,70,221,0,0,0,0
108,0,1,1,ACCEPT,16.9666,2.1724,189,-1,-2,0.7831,135.27,317.89,18.72,12.48,133.50,320.00,21.00,14.00,0.6174,2.75,1,0,3.3860,ACCEPT,0,424,1391,3414,1,70,189,0,0,0,0
109,0,1,1,ACCEPT,16.2912,1.5396,214,1,-2,0.5794,135.55,317.50,18.72,12.48,135.00,320.00,26.00,14.00,0.5070,2.56,1,0,3.3600,ACCEPT,0,547,1202,3188,1,70,214,0,0,0,0
110,0,1,1,ACCEPT,16.0400,1.6111,174,-4,-6,0.5517,134.40,316.33,18.72,12.48,136.00,319.00,26.00,16.00,0.5000,3.12,1,0,3.4199,ACCEPT,0,443,1279,2937,1,70,174,0,0,0,0
111,0,1,1,ACCEPT,16.6289,1.8085,170,0,4,0.6588,134.40,317.11,18.72,12.48,135.00,318.50,26.00,17.00,0.5286,1.52,1,0,3.2510,ACCEPT,0,446,1322,2568,1,70,170,0,0,0,0
112,0,1,1,ACCEPT,14.5901,1.6277,153,1,-2,0.6144,134.69,316.72,18.72,12.48,135.00,318.00,26.00,18.00,0.4992,1.32,1,0,3.2720,ACCEPT,0,457,1475,3072,1,70,153,0,0,0,0
113,0,1,1,ACCEPT,14.0314,1.6505,170,-6,-2,0.3529,132.95,316.33,18.72,12.48,134.50,318.00,25.00,16.00,0.5841,2.28,1,0,3.3831,ACCEPT,0,535,1072,3233,1,70,170,0,0,0,0
114,0,1,1,ACCEPT,13.5740,1.4906,158,1,-1,0.8291,133.24,316.13,18.72,12.48,135.00,319.50,26.00,13.00,0.4429,3.80,1,0,3.3272,ACCEPT,0,486,1302,3112,1,70,158,0,0,0,0
115,0,1,1,ACCEPT,10.7439,1.3529,115,0,-2,0.8783,133.24,315.74,18.72,12.48,134.00,318.50,26.00,15.00,0.4918,2.86,1,0,3.2590,ACCEPT,0,471,1177,3185,1,70,115,0,0,0,0
116,0,1,1,ACCEPT,14.1034,1.8219,133,-4,-2,0.4211,132.09,315.35,18.72,12.48,135.50,318.50,25.00,15.00,0.4728,4.64,1,0,3.1835,ACCEPT,0,427,957,3691,1,70,133,0,0,0,0
117,0,1,1,ACCEPT,12.5513,1.3305,157,0,4,0.4140,132.09,316.13,18.72,12.48,135.00,318.00,24.00,14.00,0.5830,3.46,1,0,3.0810,ACCEPT,0,481,883,3905,1,70,157,0,0,0,0
118,0,1,1,ACCEPT,13.6898,1.3712,181,-1,-2,0.8508,131.80,315.74,18.72,12.48,135.00,317.50,26.00,15.00,0.5617,3.65,1,0,3.0752,ACCEPT,0,508,903,3719,1,70,181,0,0,0,0
119,0,1,1,ACCEPT,15.8239,2.1829,179,0,-1,0.8883,131.80,315.55,18.72,12.48,135.00,318.50,28.00,17.00,0.4513,4.36,1,0,3.1759,ACCEPT,0,432,902,4415,1,70,179,0,0,0,0
120,0,1,1,ACCEPT,12.4250,2.0423,145,-3,-1,0.6621,130.93,315.35,18.72,12.48,134.50,318.50,29.00,13.00,0.4165,4.76,1,0,3.3501,ACCEPT,0,436,733,4877,1,70,145,0,0,0,0
121,0,1,1,ACCEPT,10.7238,1.2212,127,3,8,0.1811,131.80,316.91,18.72,12.48,133.50,319.00,25.00,14.00,0.5571,2.69,1,0,3.3770,ACCEPT,0,453,1292,4934,1,70,127,0,0,0,0
122,0,1,1,ACCEPT,13.1912,1.7474,166,-4,-6,0.2952,130.64,315.74,18.72,12.48,135.50,319.00,21.00,14.00,0.3963,5.85,1,0,3.2441,ACCEPT,0,476,804,4807,1,70,166,0,0,0,0
123,0,1,1,ACCEPT,15.5003,1.8058,186,1,-1,0.9355,130.93,315.55,18.72,12.48,135.00,318.50,22.00,13.00,0.4426,5.03,1,0,3.4173,ACCEPT,0,621,1048,4361,1,70,186,0,0,0,0
124,0,1,1,ACCEPT,16.2799,2.3537,193,-1,3,0.5492,130.64,316.13,18.72,12.48,134.50,319.00,23.00,14.00,0.4649,4.81,1,0,3.4643,ACCEPT,0,592,936,4188,1,70,193,0,0,0,0
125,0,1,1,ACCEPT,10.2935,1.2880,161,1,3,0.7081,130.93,316.72,18.72,12.48,135.50,319.50,23.00,15.00,0.4462,5.35,1,0,3.4742,ACCEPT,0,837,897,3961,1,70,161,0,0,0,0
126,0,1,1,ACCEPT,11.4801,1.6186,157,-2,-1,0.7261,130.35,316.52,18.72,12.48,133.50,319.50,27.00,13.00,0.4548,4.33,1,0,3.3493,ACCEPT,0,582,1466,3372,1,70,157,0,0,0,0
127,0,1,1,ACCEPT,11.1476,1.6016,197,2,-1,0.6751,130.93,316.33,18.72,12.48,133.50,320.00,29.00,14.00,0.3889,4.48,1,0,3.2942,ACCEPT,0,830,1486,2714,1,70,197,0,0,0,0
128,0,1,1,ACCEPT,6.6856,1.0396,105,-3,3,0.2190,130.06,316.91,18.72,12.48,133.50,320.00,27.00,12.00,0.4436,4.62,1,0,3.2052,ACCEPT,0,689,1680,3751,1,70,105,0,0,0,0
129,0,1,1,ACCEPT,9.7471,1.7373,205,1,-2,0.7415,130.35,316.52,18.72,12.48,133.50,321.00,23.00,10.00,0.3484,5.47,1,0,2.8374,ACCEPT,0,904,1606,2774,1,70,205,0,0,0,0
130,0,1,1,ACCEPT,9.9997,1.5729,151,-2,-2,0.6954,129.77,316.13,20.25,13.50,131.50,322.50,21.00,9.00,0.2493,6.60,1,2,2.0493,ACCEPT,0,564,1693,3577,1,70,151,0,0,0,0
131,0,1,1,ACCEPT,6.3110,1.0631,118,4,1,0.5424,131.02,316.34,20.25,13.50,130.00,321.00,24.00,12.00,0.4123,4.77,1,0,2.5411,ACCEPT,0,769,2114,4386,1,70,118,0,0,0,0
132,0,1,1,ACCEPT,6.4498,1.1138,137,-5,-2,0.8759,129.46,315.92,21.06,14.04,130.00,320.50,28.00,13.00,0.3995,4.61,1,1,2.8804,ACCEPT,0,764,1566,6461,1,70,137,0,0,0,0
133,0,1,1,ACCEPT,10.4315,1.3441,250,4,1,0.3360,130.77,316.14,22.78,15.18,131.00,318.50,28.00,15.00,0.6094,2.37,1,2,2.3649,ACCEPT,0,894,1523,6385,1,70,250,0,0,0,0
134,0,1,1,ACCEPT,7.5920,1.1330,213,-3,0,0.4601,129.70,316.14,22.78,15.18,126.00,320.00,18.00,12.00,0.4068,5.34,1,0,2.1290,ACCEPT,0,1007,1584,7863,1,70,213,0,0,0,0
135,0,1,1,ACCEPT,5.9776,1.0196,208,-9,-24,0.5192,126.46,310.52,22.78,15.18,124.50,319.00,19.00,14.00,0.2330,8.71,1,0,2.9417,ACCEPT,0,1144,1599,7428,1,70,208,0,0,0,0
136,0,1,1,ACCEPT,8.1101,1.0640,266,8,14,0.7218,129.34,313.80,22.78,15.18,123.00,319.00,16.00,14.00,0.2740,8.20,1,0,2.8728,ACCEPT,0,1408,1568,6188,1,70,266,0,0,0,0
137,0,1,1,ACCEPT,9.5732,1.5224,306,0,2,0.7745,129.34,314.27,23.69,15.79,123.00,320.50,16.00,13.00,0.2336,8.89,1,1,2.4072,ACCEPT,0,1271,1464,9650,1,70,306,0,0,0,0
138,0,1,1,ACCEPT,11.5785,2.0405,453,-4,2,0.2318,127.87,314.77,23.69,15.79,122.50,319.50,13.00,11.00,0.2777,7.16,1,0,2.6178,ACCEPT,0,1747,1001,10643,1,70,453,0,0,0,0
139,0,1,1,ACCEPT,9.4974,1.6980,416,-2,-2,0.3702,127.13,314.27,24.63,16.42,121.50,320.00,11.00,10.00,0.1902,8.04,1,1,2.3890,ACCEPT,0,1437,1119,13158,1,70,416,0,0,0,0
140,0,1,1,ACCEPT,9.2564,1.5766,432,-4,2,0.0625,125.60,314.78,25.62,17.08,120.00,320.00,12.00,8.00,0.1971,7.66,1,1,2.5938,ACCEPT,0,1743,1090,12415,1,70,432,0,0,0,0
141,0,1,1,ACCEPT,10.4034,1.9614,457,-2,1,0.6761,124.80,315.05,26.64,17.76,0.00,0.00,0.00,0.00,0.0000,338.87,1,1,2.7646,ACCEPT,0,1621,920,14081,1,70,457,0,0,0,0
142,0,1,1,ACCEPT,10.9786,2.1039,486,-2,4,0.3498,123.98,316.17,27.71,18.47,0.00,0.00,0.00,0.00,0.0000,339.61,1,1,2.7381,ACCEPT,0,1642,1124,14816,1,70,486,0,0,0,0
143,0,1,1,ACCEPT,12.9841,2.6151,625,0,0,1.0000,123.98,316.17,28.82,19.21,0.00,0.00,0.00,0.00,0.0000,339.61,1,1,2.3469,ACCEPT,0,1767,1433,13092,1,70,625,0,0,0,0
144,0,1,1,ACCEPT,12.0440,2.1824,646,-1,2,0.6718,123.52,316.77,29.97,19.98,119.00,315.50,8.00,5.00,0.0668,4.70,1,1,2.7957,ACCEPT,0,2197,985,13766,1,70,646,0,0,0,0
145,0,1,1,ACCEPT,11.5539,2.0918,615,-2,-1,0.6114,122.59,316.45,31.17,20.78,122.50,316.00,15.00,6.00,0.1389,0.46,1,1,2.5498,ACCEPT,0,1951,1234,13453,1,70,615,0,0,0,0
146,0,1,1,ACCEPT,10.6760,1.7994,637,-3,1,0.6703,121.13,316.78,32.42,21.61,123.00,317.50,18.00,7.00,0.1799,2.00,1,1,2.9840,ACCEPT,0,2016,1063,10347,1,70,637,0,0,0,0
147,0,1,1,ACCEPT,11.6288,1.9659,576,0,-5,0.2396,121.13,315.10,32.42,21.61,126.50,316.50,27.00,11.00,0.3669,5.55,1,2,1.9299,LOW_CONF,0,1560,1796,8266,1,70,576,0,0,0,0
148,0,1,1,ACCEPT,13.2708,2.4315,586,-2,1,0.6024,120.12,315.44,35.06,23.37,126.50,314.50,27.00,13.00,0.3769,6.45,1,2,2.0580,ACCEPT,0,1505,1443,8402,1,70,586,0,0,0,0
149,0,1,1,ACCEPT,10.4982,1.6789,502,0,0,1.0000,120.12,315.44,35.06,23.37,127.00,314.00,28.00,12.00,0.3440,7.03,1,2,2.4347,OUT_OF_RANGE,0,1642,1223,13403,1,70,502,0,0,0,0
150,0,1,1,ACCEPT,13.2869,1.9973,747,-2,0,0.6894,119.02,315.44,35.06,23.37,126.50,315.00,27.00,10.00,0.2758,7.49,1,2,2.4787,OUT_OF_RANGE,0,1781,1011,12440,1,70,747,0,0,0,0
151,0,1,1,ACCEPT,14.9003,2.5616,748,0,-1,0.9746,119.02,315.07,35.06,23.37,127.00,316.00,26.00,10.00,0.2641,8.03,1,2,2.4987,OUT_OF_RANGE,0,1832,1023,15332,1,70,748,0,0,0,0
152,0,1,1,ACCEPT,16.0488,3.1628,952,-2,-1,0.5998,117.93,314.70,35.06,23.37,124.00,313.50,24.00,11.00,0.3126,6.19,1,2,2.3983,OUT_OF_RANGE,0,2343,1392,11808,1,70,952,0,0,0,0
153,0,1,1,ACCEPT,17.6063,3.3003,967,1,-2,0.7342,118.48,313.97,35.06,23.37,122.50,314.50,21.00,9.00,0.2306,4.06,1,3,2.0798,MAX_STEP,0,2142,1585,12081,1,70,967,0,0,0,0
154,0,1,1,ACCEPT,18.8082,3.6629,967,-1,-2,0.9007,117.93,313.23,35.06,23.37,119.50,313.50,17.00,9.00,0.1867,1.59,1,3,1.9759,MAX_STEP,0,1936,945,14730,1,70,967,0,0,0,0
155,0,1,1,ACCEPT,20.6024,4.0909,1080,1,1,0.9565,118.48,313.60,35.06,23.37,123.00,313.00,18.00,8.00,0.1757,4.56,1,1,2.8610,OUT_OF_RANGE,0,1955,1199,13215,1,70,1080,0,0,0,0
156,0,1,1,ACCEPT,21.3781,4.0794,1130,0,-4,0.2991,118.48,312.13,35.06,23.37,122.00,312.50,20.00,9.00,0.2196,3.54,1,3,1.3865,MAX_STEP,0,1984,1334,13352,1,70,1130,0,0,0,0
157,0,1,1,ACCEPT,22.6747,4.5119,1137,1,-1,0.8206,119.02,311.77,35.06,23.37,122.00,311.00,22.00,10.00,0.2684,3.07,1,2,2.1451,OUT_OF_RANGE,0,1681,1573,12107,1,70,1137,0,0,0,0
158,0,1,1,ACCEPT,21.3091,4.3184,1058,-1,-4,0.1267,118.48,310.30,35.06,23.37,120.00,308.50,22.00,9.00,0.2416,2.36,1,2,1.7735,OUT_OF_RANGE,0,1727,1319,11539,1,70,1058,0,0,0,0
159,0,1,1,ACCEPT,18.4323,3.0247,856,2,-4,0.4276,119.57,308.83,35.06,23.37,120.00,306.50,18.00,9.00,0.1977,2.37,1,2,2.1693,OUT_OF_RANGE,0,1556,1363,11624,1,70,856,0,0,0,0
160,0,1,1,ACCEPT,18.9533,3.2692,935,-2,-5,0.0235,118.48,306.99,35.06,23.37,121.00,305.50,18.00,7.00,0.1537,2.93,1,2,2.3085,OUT_OF_RANGE,0,1676,1368,11381,1,70,935,0,0,0,0
161,0,1,1,ACCEPT,18.5635,3.3709,927,3,-4,0.3053,120.12,305.52,35.06,23.37,121.00,305.50,18.00,9.00,0.1977,0.88,1,2,2.3172,OUT_OF_RANGE,0,1759,1553,11122,1,70,927,0,0,0,0
162,0,1,1,ACCEPT,17.6347,3.4353,955,-1,-6,0.0262,119.57,303.32,35.06,23.37,119.00,303.50,16.00,11.00,0.2147,0.60,1,9,1.4012,MAX_STEP,0,1652,1276,12350,1,70,955,0,0,0,0
163,0,1,1,ACCEPT,18.9390,3.7959,1116,0,-1,0.8647,119.57,302.95,35.06,23.37,121.00,302.00,18.00,10.00,0.2196,1.72,1,1,3.3565,OUT_OF_RANGE,0,2119,1379,13133,1,70,1116,0,0,0,0
164,0,1,1,ACCEPT,21.3811,3.3451,1134,0,-4,0.2205,119.57,301.48,35.06,23.37,122.00,301.00,20.00,12.00,0.2928,2.48,1,1,1.7567,OUT_OF_RANGE,0,1862,1328,12874,1,70,1134,0,0,0,0
165,0,1,1,ACCEPT,18.1475,3.3392,955,1,-1,0.7529,120.12,301.12,35.06,23.37,121.50,300.50,21.00,9.00,0.2306,1.51,1,0,3.1939,ACCEPT,0,1827,1410,13450,1,70,955,0,0,0,0
166,0,1,1,ACCEPT,16.5822,3.2201,995,1,-4,0.3296,120.66,299.65,35.06,23.37,119.00,298.50,16.00,9.00,0.1757,2.02,1,1,2.7416,OUT_OF_RANGE,0,1901,1160,12298,1,70,995,0,0,0,0
167,0,1,1,ACCEPT,16.4932,2.9817,975,1,-4,0.3128,121.21,298.18,35.06,23.37,119.50,298.00,15.00,10.00,0.1830,1.72,1,2,2.6052,OUT_OF_RANGE,0,2061,962,13314,1,70,975,0,0,0,0
168,0,1,1,ACCEPT,14.4128,2.4764,946,1,-1,0.8879,121.76,297.81,35.06,23.37,119.00,297.00,16.00,10.00,0.1952,2.88,1,1,3.1534,OUT_OF_RANGE,0,2130,793,15442,1,70,946,0,0,0,0
169,0,1,1,ACCEPT,12.9497,2.1765,962,1,-4,0.3067,122.30,296.34,35.06,23.37,116.00,294.50,12.00,7.00,0.1025,6.57,1,2,3.0233,OUT_OF_RANGE,0,2544,840,15230,1,70,962,0,0,0,0
170,0,1,1,ACCEPT,12.5653,1.7514,951,1,-2,0.8370,122.85,295.61,35.06,23.37,119.50,293.00,15.00,8.00,0.1464,4.25,1,1,3.2858,OUT_OF_RANGE,0,2737,1099,11080,1,70,951,0,0,0,0
171,0,1,1,ACCEPT,15.0743,2.4009,1054,1,-5,0.0512,123.40,293.77,35.06,23.37,115.00,290.00,10.00,10.00,0.1220,9.21,1,2,2.7079,OUT_OF_RANGE,0,2799,1457,10433,1,70,1054,0,0,0,0
172,0,1,1,ACCEPT,14.1590,1.6919,939,0,-3,0.5431,123.40,292.67,35.06,23.37,116.50,287.50,9.00,11.00,0.1208,8.62,1,1,2.0907,OUT_OF_RANGE,0,2703,1875,9074,1,70,939,0,0,0,0
173,0,1,1,ACCEPT,14.7362,1.7955,957,1,-3,0.5037,123.95,291.57,35.06,23.37,117.00,287.00,10.00,10.00,0.1220,8.31,1,2,2.2331,OUT_OF_RANGE,0,2697,1420,10301,1,70,957,0,0,0,0
174,0,1,1,ACCEPT,16.7290,2.5176,1075,-1,-2,0.6437,123.40,290.84,35.06,23.37,116.00,286.00,6.00,10.00,0.0732,8.84,1,2,2.3838,OUT_OF_RANGE,0,2771,1691,11057,1,70,1075,0,0,0,0
175,0,1,1,ACCEPT,15.7585,2.5256,1086,1,-1,0.7560,123.95,290.47,35.06,23.37,117.00,284.00,14.00,12.00,0.1891,9.49,1,1,2.7750,OUT_OF_RANGE,0,2844,1590,10282,1,70,1086,0,0,0,0
176,0,1,1,ACCEPT,20.4945,3.2797,1325,-2,0,0.7381,122.85,290.47,35.06,23.37,115.00,284.50,10.00,11.00,0.1342,9.86,1,1,2.9363,OUT_OF_RANGE,0,2600,1130,13679,1,70,1325,0,0,0,0
177,0,1,1,ACCEPT,18.4325,3.1030,1235,1,-3,0.5927,123.40,289.37,35.06,23.37,123.00,281.00,26.00,8.00,0.2273,8.38,1,1,1.5639,OUT_OF_RANGE,0,2433,1212,13512,1,70,1235,0,0,0,0
178,0,1,1,ACCEPT,18.3785,3.1398,1303,-1,-3,0.5679,122.85,288.27,35.06,23.37,122.50,279.00,23.00,12.00,0.2148,9.27,1,12,1.4462,MAX_STEP,0,2519,1025,14970,1,70,1303,0,0,0,0
179,0,1,1,ACCEPT,15.5668,2.7792,1120,1,-3,0.3795,123.40,287.16,35.06,23.37,122.50,276.00,25.00,10.00,0.1482,11.20,1,12,1.7312,MAX_STEP,0,2586,1153,15863,1,70,1120,0,0,0,0
180,0,1,1,ACCEPT,16.5729,2.9284,1186,0,-4,0.4949,123.40,285.70,35.06,23.37,122.00,277.50,26.00,9.00,0.2457,8.31,1,12,1.5720,MAX_STEP,0,2576,892,14880,1,70,1186,0,0,0,0
181,0,1,1,ACCEPT,15.3481,3.0638,1057,0,-5,0.2138,123.40,283.86,35.06,23.37,121.00,276.00,24.00,14.00,0.2901,8.22,1,13,1.5946,MAX_STEP,0,2393,704,17132,1,70,1057,0,0,0,0
182,0,1,1,ACCEPT,15.7416,3.0856,1117,0,-3,0.6625,123.40,282.76,35.06,23.37,121.00,275.50,26.00,13.00,0.3254,7.64,1,14,1.5262,MAX_STEP,0,2875,992,13983,1,70,1117,0,0,0,0
183,0,1,1,ACCEPT,16.3987,2.8806,1086,0,-5,0.3204,123.40,280.92,35.06,23.37,121.00,273.50,26.00,15.00,0.3385,7.80,1,14,1.5660,MAX_STEP,0,2860,1162,14847,1,70,1086,0,0,0,0
184,0,1,1,ACCEPT,19.5193,3.5478,1373,-1,-2,0.7495,122.85,280.19,35.06,23.37,121.00,271.50,28.00,17.00,0.3307,8.88,1,14,1.6056,MAX_STEP,0,3360,941,14747,1,70,1373,0,0,0,0
185,0,1,1,ACCEPT,18.7872,2.7094,1268,0,-2,0.7894,122.85,279.45,35.06,23.37,121.00,268.00,26.00,12.00,0.1672,11.60,1,14,1.6227,MAX_STEP,0,2960,810,15155,1,70,1268,0,0,0,0
186,0,1,1,ACCEPT,21.1822,3.4015,1398,-2,-2,0.6280,121.76,278.72,35.06,23.37,120.50,267.00,27.00,12.00,0.1640,11.79,1,14,1.7395,MAX_STEP,0,2426,820,12377,1,70,1398,0,0,0,0
187,0,1,1,ACCEPT,20.9033,3.5276,1277,1,-5,0.2326,122.30,276.88,35.06,23.37,121.00,266.00,28.00,12.00,0.1974,10.96,1,16,1.8448,AT_SEARCH_RAIL,0,2610,1267,10248,1,70,1277,0,0,0,0
188,0,1,1,ACCEPT,23.7065,4.1987,1289,0,-2,0.8348,122.30,276.15,35.06,23.37,120.50,265.50,25.00,11.00,0.1756,10.80,1,-16,1.4117,AT_SEARCH_RAIL,0,2553,1074,11900,1,70,1289,0,0,0,0
189,0,1,1,ACCEPT,23.5989,4.1161,1276,1,-2,0.6176,122.85,275.41,35.06,23.37,121.50,264.50,27.00,11.00,0.1788,11.00,1,16,1.9779,AT_SEARCH_RAIL,0,2180,832,13822,1,70,1276,0,0,0,0
190,0,1,1,ACCEPT,24.0181,3.4015,1364,-1,-1,0.8416,122.30,275.05,35.06,23.37,121.50,263.00,27.00,10.00,0.1299,12.07,1,15,1.7150,MAX_STEP,0,2427,1016,11465,1,70,1364,0,0,0,0
191,0,1,1,ACCEPT,22.9546,2.8581,1349,2,-4,0.3188,123.40,273.58,35.06,23.37,121.50,262.50,27.00,11.00,0.1733,11.24,1,1,1.8894,OUT_OF_RANGE,0,2215,848,13106,1,70,1349,0,0,0,0
192,0,1,1,ACCEPT,23.6932,2.9548,1306,-1,-4,0.5689,122.85,272.11,35.06,23.37,123.00,261.00,26.00,10.00,0.1552,11.11,1,1,3.0773,OUT_OF_RANGE,0,2216,825,13719,1,70,1306,0,0,0,0
193,0,1,1,ACCEPT,23.9554,3.6518,1311,0,0,1.0000,122.85,272.11,35.06,23.37,123.50,260.00,27.00,12.00,0.1517,12.13,1,15,1.4319,MAX_STEP,0,2112,1269,11633,1,70,1311,0,0,0,0
194,0,1,1,ACCEPT,24.1101,3.5806,1289,-2,-3,0.4158,121.76,271.01,35.06,23.37,121.50,259.00,23.00,12.00,0.1354,12.01,1,-12,1.6772,MAX_STEP,0,1939,829,14949,1,70,1289,0,0,0,0
195,0,1,1,ACCEPT,22.6610,3.5109,1292,0,-4,0.4118,121.76,269.54,35.06,23.37,123.00,259.00,24.00,10.00,0.1618,10.61,1,-12,1.4051,MAX_STEP,0,2023,1235,11643,1,70,1292,0,0,0,0
196,0,1,1,ACCEPT,24.0275,3.8400,1344,-1,-5,0.2984,121.21,267.70,35.06,23.37,125.00,257.00,24.00,10.00,0.1568,11.35,1,-8,2.0087,MAX_STEP,0,1960,1662,10272,1,70,1344,0,0,0,0
197,0,1,1,ACCEPT,23.9908,3.9684,1381,1,-2,0.5272,121.76,266.97,35.06,23.37,125.00,256.00,24.00,14.00,0.1909,11.44,1,-14,1.5231,MAX_STEP,0,2112,1568,11174,1,70,1381,0,0,0,0
198,0,1,1,ACCEPT,26.9452,4.2367,1593,-1,-2,0.7332,121.21,266.23,35.06,23.37,124.50,255.50,25.00,13.00,0.1944,11.23,1,-16,1.5983,AT_SEARCH_RAIL,0,2120,1720,11874,1,70,1593,0,0,0,0
199,0,1,1,ACCEPT,26.5952,4.1247,1786,1,-1,0.7296,121.76,265.87,35.06,23.37,124.50,255.00,25.00,12.00,0.1797,11.21,1,15,1.4564,MAX_STEP,0,2467,1701,12411,1,70,1786,0,0,0,0
200,0,1,1,ACCEPT,26.4951,4.1418,1607,-1,-3,0.5520,121.21,264.77,35.06,23.37,124.50,253.50,25.00,11.00,0.1564,11.74,1,12,1.5829,MAX_STEP,0,2066,1485,12028,1,70,1607,0,0,0,0
201,0,1,1,ACCEPT,26.0451,4.5947,1383,2,-3,0.4563,122.30,263.66,35.06,23.37,123.00,252.50,22.00,13.00,0.1625,11.19,1,13,1.8930,MAX_STEP,0,1729,1577,12480,1,70,1383,0,0,0,0
202,0,1,1,ACCEPT,28.7003,4.9703,1675,-1,-2,0.6197,121.76,262.93,35.06,23.37,123.00,253.00,24.00,10.00,0.1807,10.01,1,14,1.3451,MAX_STEP,0,2078,1761,12212,1,70,1675,0,0,0,0
203,0,1,1,ACCEPT,28.0875,4.3309,1780,0,-1,0.8809,121.76,262.56,35.06,23.37,123.50,252.00,25.00,10.00,0.1671,10.71,1,11,1.5747,MAX_STEP,0,2323,1569,13779,1,70,1780,0,0,0,0
204,0,1,1,ACCEPT,27.9491,4.0995,1648,-1,-2,0.6572,121.21,261.83,35.06,23.37,122.50,251.50,25.00,9.00,0.1631,10.41,1,13,1.8115,MAX_STEP,0,2084,1144,13515,1,70,1648,0,0,0,0
205,0,1,1,ACCEPT,27.8546,4.4169,1621,2,0,0.6490,122.30,261.83,35.06,23.37,120.50,252.50,23.00,7.00,0.1593,9.50,1,13,1.8963,MAX_STEP,0,1904,1225,12867,1,70,1621,0,0,0,0
206,0,1,1,ACCEPT,30.6310,5.1882,1847,-1,-1,0.9096,121.76,261.46,35.06,23.37,119.00,253.00,24.00,10.00,0.2290,8.90,1,13,1.6446,MAX_STEP,0,2011,1355,12012,1,70,1847,0,0,0,0
207,0,1,1,ACCEPT,28.2495,5.3565,1698,0,1,0.8958,121.76,261.83,35.06,23.37,120.50,252.50,21.00,9.00,0.1666,9.41,1,9,1.3714,MAX_STEP,0,1968,1671,11517,1,70,1698,0,0,0,0
208,0,1,1,ACCEPT,28.1226,4.9075,1644,-1,-2,0.6715,121.21,261.09,35.06,23.37,120.00,253.00,18.00,10.00,0.1831,8.18,1,11,1.7946,MAX_STEP,0,2153,1572,12008,1,70,1644,0,0,0,0
209,0,1,1,ACCEPT,24.6105,3.0449,1425,1,-2,0.6884,121.76,260.36,35.06,23.37,120.50,251.50,19.00,11.00,0.1818,8.95,1,12,1.6699,MAX_STEP,0,2287,1817,12879,1,70,1425,0,0,0,0
210,0,1,1,ACCEPT,30.0699,3.2993,1841,-2,-1,0.7621,120.66,259.99,35.06,23.37,120.50,252.50,17.00,11.00,0.1958,7.49,1,12,1.6733,MAX_STEP,0,2785,1555,13739,1,70,1841,0,0,0,0
211,0,1,1,ACCEPT,31.1626,3.4289,1735,1,-2,0.5988,121.21,259.26,35.06,23.37,121.00,253.00,16.00,8.00,0.1562,6.26,1,11,1.6710,MAX_STEP,0,2275,1979,11546,1,70,1735,0,0,0,0
212,0,1,1,ACCEPT,29.5497,3.7485,1818,0,0,1.0000,121.21,259.26,35.06,23.37,120.00,251.50,16.00,7.00,0.1367,7.85,1,13,1.8060,MAX_STEP,0,2356,1765,11879,1,70,1818,0,0,0,0
213,0,1,1,ACCEPT,29.1164,3.4122,1515,1,-1,0.9175,121.76,258.89,35.06,23.37,121.50,252.00,15.00,10.00,0.1786,6.90,1,14,1.7114,MAX_STEP,0,1928,2037,10254,1,70,1515,0,0,0,0
214,0,1,1,ACCEPT,28.0842,3.0604,1521,-2,-2,0.5911,120.66,258.16,35.06,23.37,121.50,252.00,13.00,10.00,0.1586,6.21,1,16,1.6396,AT_SEARCH_RAIL,0,2230,1528,13945,1,70,1521,0,0,0,0
215,0,1,1,ACCEPT,27.0796,3.8782,1528,1,0,0.9823,121.21,258.16,35.06,23.37,121.50,249.50,15.00,7.00,0.1185,8.66,1,14,1.6271,MAX_STEP,0,2230,1770,13793,1,70,1528,0,0,0,0
216,0,1,1,ACCEPT,23.5655,1.9472,1365,0,-3,0.8095,121.21,257.05,35.06,23.37,122.00,248.50,14.00,7.00,0.1126,8.59,1,-2,1.3154,LOW_CONF,0,2302,2489,7690,1,70,1365,0,0,0,0
217,0,1,1,ACCEPT,23.0536,2.0377,1243,1,-2,0.7514,121.76,256.32,35.06,23.37,122.50,247.50,13.00,5.00,0.0793,8.85,1,-1,1.2760,LOW_CONF,0,2286,1934,11086,1,70,1243,0,0,0,0
218,0,1,1,ACCEPT,24.4301,3.4256,1336,-2,-2,0.5838,120.66,255.59,35.06,23.37,121.50,245.50,15.00,7.00,0.0902,10.12,1,-6,1.7532,MAX_STEP,0,2046,1835,11908,1,70,1336,0,0,0,0
219,0,1,1,ACCEPT,21.8160,2.5494,1239,1,-5,0.3866,121.21,253.75,35.06,23.37,119.00,243.50,8.00,7.00,0.0472,10.49,1,0,2.0256,ACCEPT,0,2123,2041,10979,1,70,1239,0,0,0,0
220,0,1,1,ACCEPT,20.6538,2.5513,1143,1,-2,0.7752,121.76,253.02,35.06,23.37,120.50,242.50,7.00,7.00,0.0391,10.59,1,1,2.5771,OUT_OF_RANGE,0,2028,2103,10310,1,70,1143,0,0,0,0
221,0,1,1,ACCEPT,20.4398,3.3186,1125,1,0,0.9662,122.30,253.02,35.06,23.37,119.50,242.00,9.00,6.00,0.0393,11.37,1,2,2.4269,OUT_OF_RANGE,0,2096,1645,10934,1,70,1125,0,0,0,0
222,0,1,1,ACCEPT,21.2054,3.2575,974,0,-2,0.7926,122.30,252.28,35.06,23.37,121.00,241.00,10.00,6.00,0.0403,11.36,1,3,1.9422,MAX_STEP,0,1761,1399,13258,1,70,974,0,0,0,0
223,0,1,1,ACCEPT,21.0425,3.0692,1065,1,-1,0.7934,122.85,251.91,35.06,23.37,121.00,241.00,12.00,8.00,0.0667,11.07,1,3,1.7251,MAX_STEP,0,1974,1510,12019,1,70,1065,0,0,0,0
224,0,1,1,ACCEPT,22.1051,2.9907,960,-1,-3,0.3583,122.30,250.81,35.06,23.37,120.00,238.50,12.00,7.00,0.0397,12.53,1,4,1.7393,MAX_STEP,0,1695,1373,11301,1,70,960,0,0,0,0
225,0,1,1,ACCEPT,22.3674,3.8490,943,2,-3,0.5143,123.40,249.71,35.06,23.37,120.50,237.50,9.00,7.00,0.0313,12.55,1,4,2.0285,MAX_STEP,0,1597,1333,11101,1,70,943,0,0,0,0
226,0,1,1,ACCEPT,24.0990,3.6902,941,-1,-2,0.6589,122.85,248.98,35.06,23.37,120.50,237.00,11.00,8.00,0.0471,12.21,1,5,1.8654,MAX_STEP,0,1419,1317,12248,1,70,941,0,0,0,0
227,0,1,1,ACCEPT,23.7051,3.4822,1076,0,-2,0.8569,122.85,248.24,35.06,23.37,120.00,237.00,10.00,10.00,0.0629,11.60,1,5,2.3004,MAX_STEP,0,1852,1256,12999,1,70,1076,0,0,0,0
228,0,1,1,ACCEPT,23.2178,2.1210,999,-2,-2,0.5766,121.76,247.51,35.06,23.37,120.00,239.00,12.00,12.00,0.1291,8.69,1,4,2.2560,MAX_STEP,0,1711,1620,10741,1,70,999,0,0,0,0
229,0,1,1,ACCEPT,19.1273,1.6378,814,1,-4,0.7789,122.30,246.04,35.06,23.37,120.00,236.50,12.00,13.00,0.1190,9.81,1,6,2.2079,MAX_STEP,0,1674,1188,11381,1,70,814,0,0,0,0
230,0,1,1,ACCEPT,21.5892,2.0072,835,-1,-2,0.7078,121.76,245.30,35.06,23.37,120.00,235.00,12.00,14.00,0.1134,10.45,1,6,2.1284,MAX_STEP,0,1588,1510,10829,1,70,835,0,0,0,0
231,0,1,1,ACCEPT,23.4211,2.2392,983,0,-3,0.6175,121.76,244.20,35.06,23.37,120.00,234.00,10.00,14.00,0.0970,10.35,1,7,2.2185,MAX_STEP,0,1766,1497,11752,1,70,983,0,0,0,0
232,0,1,1,ACCEPT,21.9202,2.5582,857,-1,-4,0.5146,121.21,242.73,35.06,23.37,120.00,234.00,12.00,16.00,0.1493,8.82,1,9,1.6875,MAX_STEP,0,1595,1596,12011,1,70,857,0,0,0,0
233,0,1,1,ACCEPT,22.6300,2.7834,874,1,-5,0.2986,121.76,240.90,35.06,23.37,119.00,233.50,14.00,13.00,0.1776,7.90,1,-1,1.5986,LOW_CONF,0,1569,1352,13623,1,70,874,0,0,0,0
234,0,1,1,ACCEPT,24.0710,3.2633,1041,-2,-2,0.3987,120.66,240.16,35.06,23.37,117.00,232.00,10.00,14.00,0.1232,8.95,1,15,1.2562,MAX_STEP,0,1651,1703,11397,1,70,1041,0,0,0,0
235,0,1,1,ACCEPT,22.1679,2.9542,904,0,-3,0.5476,120.66,239.06,35.06,23.37,121.50,232.50,15.00,13.00,0.2075,6.62,1,9,1.2087,MAX_STEP,0,1587,1533,12807,1,70,904,0,0,0,0
236,0,1,1,ACCEPT,24.1354,3.1381,1045,-1,-4,0.3579,120.12,237.59,35.06,23.37,119.50,230.00,15.00,10.00,0.1637,7.62,1,12,1.3254,MAX_STEP,0,1626,1596,11534,1,70,1045,0,0,0,0
237,0,1,1,ACCEPT,21.8558,3.6850,936,1,-5,0.1891,120.66,235.76,35.06,23.37,120.00,229.50,16.00,9.00,0.1757,6.29,1,-2,1.1304,LOW_CONF,0,1684,1513,11173,1,70,936,0,0,0,0
238,0,1,1,ACCEPT,20.7411,3.4980,885,-3,-4,0.4384,119.02,234.29,35.06,23.37,119.00,228.50,16.00,9.00,0.1757,5.79,1,-2,1.0335,LOW_CONF,0,1511,1605,12248,1,70,885,0,0,0,0
239,0,1,1,ACCEPT,22.4852,3.5425,1084,1,-2,0.5424,119.57,233.55,35.06,23.37,121.00,227.50,16.00,9.00,0.1757,6.22,1,8,1.1789,MAX_STEP,0,1710,1380,13558,1,70,1084,0,0,0,0
240,0,1,1,ACCEPT,23.2939,4.2206,1186,-2,-6,0.2083,118.48,231.35,35.06,23.37,121.00,222.00,14.00,14.00,0.1477,9.69,1,-4,1.1265,MAX_STEP,0,2042,1478,14045,1,70,1186,0,0,0,0
241,0,1,1,ACCEPT,21.6403,2.4118,1148,3,-2,0.3389,120.12,230.62,35.06,23.37,124.50,219.00,17.00,14.00,0.1282,12.42,1,11,1.1187,MAX_STEP,0,1918,1232,16163,1,70,1148,0,0,0,0
242,0,1,1,ACCEPT,22.2450,2.2827,1066,-1,-7,0.2486,119.57,228.05,35.06,23.37,126.50,219.00,19.00,14.00,0.2030,11.40,1,-16,1.0676,AT_SEARCH_RAIL,0,1821,1212,15727,1,70,1066,0,0,0,0
243,0,1,1,ACCEPT,22.7719,2.9204,990,0,-4,0.4758,119.57,226.58,35.06,23.37,127.00,215.50,18.00,11.00,0.1212,13.34,1,10,1.0707,MAX_STEP,0,1680,1138,16355,1,70,990,0,0,0,0
244,0,1,1,ACCEPT,22.8010,2.1691,898,0,-8,0.1682,119.57,223.64,35.06,23.37,127.00,213.00,18.00,16.00,0.1724,12.98,1,-15,1.1638,MAX_STEP,0,1718,1326,11899,1,70,898,0,0,0,0
245,0,1,1,ACCEPT,19.8579,1.7742,715,2,-7,0.3231,120.66,221.07,35.06,23.37,127.00,210.00,22.00,16.00,0.1931,12.76,1,-15,1.1678,MAX_STEP,0,1392,1116,13594,1,70,715,0,0,0,0
246,0,1,1,ACCEPT,21.5244,1.8438,826,0,-6,0.4818,120.66,218.87,35.06,23.37,127.50,207.50,19.00,13.00,0.1383,13.26,1,-14,1.6921,MAX_STEP,0,1489,1299,11795,1,70,826,0,0,0,0
247,0,1,1,ACCEPT,20.0853,1.8857,858,2,-8,0.2459,121.76,215.93,35.06,23.37,127.50,203.50,17.00,11.00,0.0874,13.69,1,-12,1.5362,MAX_STEP,0,1652,1117,12928,1,70,858,0,0,0,0
248,0,1,1,ACCEPT,13.7519,1.1434,638,2,-11,0.3699,122.85,211.89,35.06,23.37,127.50,203.00,19.00,14.00,0.2070,10.03,1,0,3.0192,ACCEPT,0,1681,1016,13179,1,70,638,0,0,0,0
249,0,1,1,ACCEPT,11.9275,1.5405,647,2,-9,0.1824,123.95,208.59,35.06,23.37,127.50,198.00,19.00,12.00,0.1478,11.17,1,0,3.1938,ACCEPT,0,1751,1156,10329,1,70,647,0,0,0,0
250,0,1,1,ACCEPT,9.1652,1.2446,402,0,-10,0.0771,123.95,204.91,35.06,23.37,128.50,195.00,21.00,12.00,0.1797,10.91,1,0,3.0103,ACCEPT,0,1425,1080,10546,1,70,402,0,0,0,0
251,0,1,1,ACCEPT,8.0967,1.3489,317,1,-10,0.0063,124.49,201.24,35.06,23.37,125.50,192.50,13.00,13.00,0.1418,8.80,1,0,3.0418,ACCEPT,0,1356,859,9527,1,70,317,0,0,0,0
252,0,1,1,ACCEPT,9.1415,1.1964,329,1,-9,0.0638,125.04,197.94,35.06,23.37,124.50,190.50,17.00,13.00,0.2130,7.46,1,1,2.9955,OUT_OF_RANGE,0,1225,915,9523,1,70,329,0,0,0,0
253,0,1,1,ACCEPT,10.7037,1.4013,440,1,-13,0.1341,125.59,193.16,35.06,23.37,125.00,188.00,16.00,12.00,0.2343,5.20,1,0,3.0604,ACCEPT,0,1423,750,10889,1,70,440,0,0,0,0
254,0,1,1,ACCEPT,16.0058,2.1869,702,-2,-9,0.0299,124.49,189.86,35.06,23.37,124.00,185.50,14.00,15.00,0.2526,4.39,1,0,3.0751,ACCEPT,0,1498,1035,12051,1,70,702,0,0,0,0
255,0,1,1,ACCEPT,16.4084,2.5090,833,2,-11,0.0216,125.59,185.82,35.06,23.37,125.00,183.50,12.00,15.00,0.2196,2.39,1,0,2.9423,ACCEPT,0,2015,996,12119,1,70,833,0,0,0,0
256,0,1,1,ACCEPT,19.2913,2.9531,945,-3,-9,0.0508,123.95,182.52,35.06,23.37,123.00,179.00,14.00,12.00,0.2050,3.64,1,0,2.7251,ACCEPT,0,2013,870,11325,1,70,945,0,0,0,0
257,0,1,1,ACCEPT,18.2169,2.9708,915,2,-9,0.1126,125.04,179.21,35.06,23.37,124.00,176.50,16.00,13.00,0.2538,2.90,1,0,2.9965,ACCEPT,0,2242,965,11340,1,70,915,0,0,0,0
258,0,1,1,ACCEPT,18.3827,1.7353,918,-1,-7,0.4139,124.49,176.64,35.06,23.37,125.00,176.50,14.00,9.00,0.1537,0.53,1,0,3.0590,ACCEPT,0,2056,942,12317,1,70,918,0,0,0,0
259,0,1,1,ACCEPT,17.8117,2.2321,904,3,-8,0.0520,126.13,173.70,35.06,23.37,124.00,172.50,16.00,13.00,0.2538,2.45,1,0,3.2511,ACCEPT,0,1938,926,12912,1,70,904,0,0,0,0
260,0,1,1,ACCEPT,21.7911,2.1597,1028,-1,-6,0.4630,125.59,171.50,35.06,23.37,122.50,170.50,19.00,15.00,0.3477,3.24,1,0,3.2735,ACCEPT,0,1897,1072,13459,1,70,1028,0,0,0,0
261,0,1,1,ACCEPT,16.8592,2.0800,780,0,-6,0.3577,125.59,169.30,35.06,23.37,122.50,169.00,21.00,14.00,0.3587,3.10,1,0,3.1530,ACCEPT,0,1841,1092,12434,1,70,780,0,0,0,0
262,0,1,1,ACCEPT,16.8674,2.3214,780,-1,-3,0.7231,125.04,168.20,35.06,23.37,122.00,167.50,22.00,13.00,0.3490,3.12,1,1,2.9082,OUT_OF_RANGE,0,1839,935,13269,1,70,780,0,0,0,0
263,0,1,1,ACCEPT,15.8945,1.8849,688,2,-5,0.1250,126.13,166.36,35.06,23.37,122.00,165.00,22.00,14.00,0.3758,4.35,1,1,2.8639,OUT_OF_RANGE,0,1441,951,13214,1,70,688,0,0,0,0
264,0,1,1,ACCEPT,17.1588,1.8754,662,-1,-4,0.6133,125.59,164.89,35.06,23.37,120.00,162.50,20.00,15.00,0.3660,6.08,1,0,2.7952,ACCEPT,0,1370,1031,14832,1,70,662,0,0,0,0
265,0,1,1,ACCEPT,17.4462,1.8674,704,0,-5,0.4062,125.59,163.05,35.06,23.37,119.00,160.00,18.00,16.00,0.3514,7.26,1,0,2.9192,ACCEPT,0,1454,913,13647,1,70,704,0,0,0,0
266,0,1,1,ACCEPT,15.8367,1.6250,624,0,-7,0.2548,125.59,160.48,35.06,23.37,119.00,156.50,16.00,13.00,0.2538,7.70,1,0,3.3438,ACCEPT,0,1537,950,13705,1,70,624,0,0,0,0
267,0,1,1,ACCEPT,17.0424,2.0031,637,-2,-5,0.5589,124.49,158.65,35.06,23.37,119.50,155.50,17.00,11.00,0.2282,5.90,1,0,3.4247,ACCEPT,0,1451,1036,14518,1,70,637,0,0,0,0
268,0,1,1,ACCEPT,17.5801,2.3010,688,2,-8,0.0480,125.59,155.71,35.06,23.37,120.00,154.00,18.00,12.00,0.2636,5.84,1,0,3.4332,ACCEPT,0,1716,892,13061,1,70,688,0,0,0,0
269,0,1,1,ACCEPT,20.4732,3.4040,674,-3,-6,0.2003,123.95,153.51,35.06,23.37,121.00,151.50,18.00,13.00,0.2855,3.56,1,0,3.2332,ACCEPT,0,1383,1185,11795,1,70,674,0,0,0,0
270,0,1,1,ACCEPT,18.9713,2.6906,748,2,-5,0.1898,125.04,151.67,35.06,23.37,119.50,151.00,23.00,18.00,0.5051,5.58,1,0,3.4126,ACCEPT,0,1904,1138,11623,1,70,748,0,0,0,0
271,0,1,1,ACCEPT,20.1493,2.6952,725,-1,-6,0.3255,124.49,149.47,35.06,23.37,118.00,149.00,22.00,18.00,0.4832,6.51,1,0,3.3693,ACCEPT,0,1683,1216,11016,1,70,725,0,0,0,0
272,0,1,1,ACCEPT,16.5583,2.3811,581,1,-3,0.6781,125.04,148.37,35.06,23.37,118.50,145.50,23.00,15.00,0.4079,7.14,1,0,3.3519,ACCEPT,0,1730,1503,9998,1,70,581,0,0,0,0
273,0,1,1,ACCEPT,16.6065,1.8924,545,-3,-7,0.3798,123.40,145.80,35.06,23.37,118.50,146.00,19.00,16.00,0.3709,4.90,1,0,3.0612,ACCEPT,0,1599,1485,9749,1,70,545,0,0,0,0
274,0,1,1,ACCEPT,16.5037,1.7683,557,1,-7,0.0700,123.95,143.23,35.06,23.37,118.50,144.00,19.00,16.00,0.3709,5.50,1,0,2.9964,ACCEPT,0,1461,1548,10030,1,70,557,0,0,0,0
275,0,1,1,ACCEPT,17.2395,2.0575,644,-2,-7,0.2919,122.85,140.66,35.06,23.37,116.50,140.00,17.00,16.00,0.3319,6.39,1,0,3.0790,ACCEPT,0,1827,1452,10405,1,70,644,0,0,0,0
276,0,1,1,ACCEPT,17.8109,2.5317,638,-1,-10,0.1552,122.30,136.98,35.06,23.37,117.00,136.50,16.00,15.00,0.2928,5.33,1,0,3.2521,ACCEPT,0,1774,1450,9894,1,70,638,0,0,0,0
277,0,1,1,ACCEPT,18.6247,2.7195,601,-1,-7,0.2246,121.76,134.41,35.06,23.37,118.00,133.00,18.00,18.00,0.3953,4.02,1,0,3.2151,ACCEPT,0,1455,1467,9509,1,70,601,0,0,0,0
278,0,1,1,ACCEPT,19.3005,2.6379,612,-1,-9,0.2729,121.21,131.11,35.06,23.37,117.50,133.00,17.00,12.00,0.2489,4.16,1,0,3.0512,ACCEPT,0,1314,1509,8296,1,70,612,0,0,0,0
279,0,1,1,ACCEPT,18.3031,2.0301,540,-1,-12,0.0037,120.66,126.70,35.06,23.37,118.00,129.00,14.00,12.00,0.2050,3.52,1,0,3.3607,ACCEPT,0,1212,1510,8020,1,70,540,0,0,0,0
280,0,1,1,ACCEPT,17.7193,2.1080,527,0,-12,0.0911,120.66,122.30,35.06,23.37,117.50,128.00,9.00,6.00,0.0659,6.52,1,0,3.2462,ACCEPT,0,1250,1416,7876,1,70,527,0,0,0,0
281,0,1,1,ACCEPT,17.1000,1.7452,452,-1,-11,0.0819,120.12,118.26,35.06,23.37,115.00,122.00,6.00,8.00,0.0586,6.34,1,0,3.0059,ACCEPT,0,1052,1441,8072,1,70,452,0,0,0,0
282,0,1,1,ACCEPT,16.3906,1.8870,451,2,-14,0.0222,121.21,113.12,35.06,23.37,122.50,119.50,31.00,15.00,0.4472,6.51,1,0,3.2911,ACCEPT,0,1072,1501,8622,1,70,451,0,0,0,0
283,0,1,1,ACCEPT,16.7186,1.7375,450,-2,-12,0.1244,120.12,108.71,35.06,23.37,119.00,115.00,16.00,12.00,0.2199,6.39,1,0,2.8393,ACCEPT,0,1132,1464,9433,1,70,450,0,0,0,0
284,0,1,1,ACCEPT,17.1026,1.8696,473,2,-13,0.0190,121.21,103.94,35.06,23.37,121.00,112.50,12.00,9.00,0.1094,8.57,1,0,3.1717,ACCEPT,0,1112,1381,8444,1,70,473,0,0,0,0
285,0,1,1,ACCEPT,14.4893,1.2906,413,0,-12,0.2324,121.21,99.53,35.06,23.37,119.50,108.50,13.00,13.00,0.1380,9.13,1,0,3.3299,ACCEPT,0,1064,1513,8527,1,70,413,0,0,0,0
286,0,1,1,ACCEPT,15.0189,1.6215,407,1,-11,0.0025,121.76,95.49,35.06,23.37,119.00,104.50,14.00,13.00,0.1472,9.42,1,0,3.2228,ACCEPT,0,1052,1673,7703,1,70,407,0,0,0,0
287,0,1,1,ACCEPT,15.2450,1.6682,367,-1,-8,0.3270,121.21,92.55,35.06,23.37,120.50,103.50,15.00,9.00,0.0898,10.97,1,0,3.0546,ACCEPT,0,1074,1341,7259,1,70,367,0,0,0,0
288,0,1,1,ACCEPT,13.0257,1.3821,293,4,-15,0.1229,123.40,87.05,35.06,23.37,121.50,100.50,15.00,13.00,0.0753,13.59,1,0,3.2945,ACCEPT,0,836,1621,8303,1,70,293,0,0,0,0
289,0,1,1,ACCEPT,19.0431,2.1021,494,0,-10,0.0628,123.40,83.38,35.06,23.37,121.50,96.50,15.00,13.00,0.0809,13.26,1,0,3.3216,ACCEPT,0,1168,1447,7357,1,70,494,0,0,0,0
290,0,1,1,ACCEPT,15.9792,1.3033,391,2,-9,0.0588,124.49,80.07,35.06,23.37,120.50,92.50,19.00,15.00,0.1315,13.06,1,0,3.3383,ACCEPT,0,1050,1507,6499,1,70,391,0,0,0,0
291,0,1,1,ACCEPT,17.1669,1.3646,393,0,-12,0.0891,124.49,75.66,35.06,23.37,124.00,89.00,26.00,18.00,0.1743,13.35,1,0,3.3938,ACCEPT,0,801,1225,6584,1,70,393,0,0,0,0
292,0,1,1,ACCEPT,15.7884,1.2138,369,2,-13,0.1599,125.59,70.89,35.06,23.37,124.50,85.50,25.00,17.00,0.1262,14.65,1,0,3.3217,ACCEPT,0,914,1528,5428,1,70,369,0,0,0,0
293,0,1,1,ACCEPT,16.7404,1.5319,360,-2,-11,0.0556,124.49,66.85,35.06,23.37,125.00,80.50,28.00,19.00,0.1851,13.66,1,0,3.3179,ACCEPT,0,783,1491,6198,1,70,360,0,0,0,0
294,0,1,1,ACCEPT,14.4067,1.1889,321,3,-13,0.1402,126.13,62.08,35.06,23.37,124.00,76.00,30.00,20.00,0.1963,14.08,1,0,3.1781,ACCEPT,0,898,1610,5212,1,70,321,0,0,0,0
295,0,1,1,ACCEPT,15.8462,1.6139,326,-2,-14,0.0429,125.04,56.94,35.06,23.37,126.00,71.00,22.00,20.00,0.1536,14.10,1,0,3.3061,ACCEPT,0,828,1400,5366,1,70,326,0,0,0,0
296,0,1,1,ACCEPT,17.8762,1.7283,318,1,-13,0.1006,125.59,52.16,35.06,23.37,125.00,66.00,26.00,20.00,0.1798,13.85,1,0,3.2963,ACCEPT,0,813,1551,5403,1,70,318,0,0,0,0
297,0,1,1,ACCEPT,18.9678,2.1657,366,-2,-13,0.1940,124.49,47.39,35.06,23.37,124.50,61.50,27.00,23.00,0.2050,14.11,1,1,3.1091,OUT_OF_RANGE,0,817,1574,5705,1,70,366,0,0,0,0
298,0,1,1,ACCEPT,14.9541,1.6938,271,3,-12,0.2030,126.13,42.98,35.06,23.37,124.00,56.50,28.00,23.00,0.2270,13.68,1,0,2.9699,ACCEPT,0,792,1441,4915,1,70,271,0,0,0,0
299,0,1,1,ACCEPT,13.9131,1.9541,213,-2,-15,0.0563,125.04,37.48,35.06,23.37,126.50,52.00,27.00,22.00,0.1847,14.60,1,1,3.0207,OUT_OF_RANGE,0,653,1472,5302,1,70,213,0,0,0,0
300,0,1,1,ACCEPT,12.7644,1.5290,211,1,-10,0.2180,125.59,33.80,35.06,23.37,124.50,49.00,25.00,20.00,0.1402,15.23,1,2,2.6590,OUT_OF_RANGE,0,662,1547,5598,1,70,211,0,0,0,0
301,0,1,1,ACCEPT,14.9748,2.1545,265,-1,-15,0.1547,125.04,28.30,35.06,23.37,124.50,44.50,23.00,19.00,0.1004,16.21,1,2,2.5533,OUT_OF_RANGE,0,643,1460,7072,1,70,265,0,0,0,0
302,0,1,1,ACCEPT,15.3437,2.1716,291,2,-11,0.2062,126.13,24.26,35.06,23.37,125.50,40.50,25.00,21.00,0.1243,16.25,1,2,2.4538,OUT_OF_RANGE,0,769,1474,5740,1,70,291,0,0,0,0
303,0,1,1,ACCEPT,16.6473,2.4154,314,-1,-11,0.1146,125.59,20.22,35.06,23.37,123.50,37.00,25.00,16.00,0.0633,16.91,1,2,2.5907,OUT_OF_RANGE,0,668,1486,6751,1,70,314,0,0,0,0
304,0,1,1,ACCEPT,19.2688,2.9021,415,1,-10,0.2602,126.13,16.55,35.06,23.37,125.50,33.00,29.00,18.00,0.1008,16.47,1,2,2.7700,OUT_OF_RANGE,0,851,1563,5698,1,70,415,0,0,0,0
305,0,1,1,ACCEPT,19.1963,2.5187,403,0,-13,0.0720,126.13,11.77,35.06,23.37,124.50,28.50,27.00,19.00,0.0994,16.81,1,2,2.6993,OUT_OF_RANGE,0,749,1671,6382,1,70,403,0,0,0,0
306,0,1,1,ACCEPT,20.0961,2.3018,389,1,-9,0.2211,126.68,8.47,35.06,23.37,125.50,26.00,27.00,20.00,0.0900,17.57,1,1,3.0729,OUT_OF_RANGE,0,869,1444,6329,1,70,389,0,0,0,0
0,0,0,0,ZERO_RESPONSE,0.0000,0.0000,0,0,0,0.0000,155.50,306.00,23.00,18.00,155.50,306.00,23.00,18.00,1.0000,0.00,1,0,0.0000,NOT_RUN,0,0,6534,4316,2,100,0,0,0,0,0
1,0,1,1,ACCEPT,16.1646,2.8333,34,0,3,0.6765,155.50,306.84,23.00,18.00,156.50,306.50,21.00,17.00,0.8623,1.06,1,0,3.2680,ACCEPT,0,232,6083,2975,2,100,34,0,0,0,0
2,0,1,1,ACCEPT,21.0003,4.2857,60,-3,0,0.5333,154.42,306.84,23.00,18.00,155.50,306.50,23.00,19.00,0.8646,1.13,1,0,3.3027,ACCEPT,0,156,5755,3250,2,100,60,0,0,0,0
3,0,1,1,ACCEPT,19.4065,3.7778,68,3,0,0.5588,155.50,306.84,23.00,18.00,155.50,306.50,23.00,17.00,0.9444,0.34,1,0,3.2709,ACCEPT,0,201,5188,3910,2,100,68,0,0,0,0
4,0,1,1,ACCEPT,17.9373,3.1905,67,-5,-1,0.0448,153.70,306.56,23.00,18.00,153.50,307.50,21.00,15.00,0.7609,0.96,1,0,3.2103,ACCEPT,0,222,5383,2102,2,100,67,0,0,0,0
5,0,1,1,ACCEPT,18.2526,3.1667,76,0,-2,0.8421,153.70,306.00,23.00,18.00,153.50,306.50,21.00,17.00,0.8623,0.54,1,0,3.1962,ACCEPT,0,270,4855,2479,2,100,76,0,0,0,0
6,0,1,1,ACCEPT,18.4778,3.0000,105,-2,2,0.6000,152.98,306.56,23.00,18.00,152.50,308.50,21.00,15.00,0.7226,2.00,1,0,3.1461,ACCEPT,0,252,4890,1817,2,100,105,0,0,0,0
7,0,1,1,ACCEPT,17.6505,3.4828,101,1,-1,0.7327,153.34,306.28,23.00,18.00,152.50,308.00,19.00,18.00,0.6926,1.91,1,0,3.1916,ACCEPT,0,232,4249,2613,2,100,101,0,0,0,0
8,0,1,1,ACCEPT,16.7389,3.9444,142,-1,3,0.4155,152.98,307.12,23.00,18.00,152.00,309.00,24.00,16.00,0.7444,2.12,1,0,3.1216,ACCEPT,0,376,4618,1871,2,100,142,0,0,0,0
9,0,1,1,ACCEPT,16.4790,2.6094,167,1,2,0.7365,153.34,307.69,23.00,18.00,151.50,309.00,25.00,16.00,0.7452,2.26,1,0,3.3326,ACCEPT,0,400,4360,2477,2,100,167,0,0,0,0
10,0,1,1,ACCEPT,16.8093,3.1061,205,-1,2,0.8244,152.98,308.25,23.00,18.00,150.00,309.50,24.00,17.00,0.6823,3.24,1,0,3.2190,ACCEPT,0,488,4216,2405,2,100,205,0,0,0,0
11,0,1,1,ACCEPT,14.9281,2.9844,191,1,3,0.4607,153.34,309.09,23.00,18.00,151.00,311.00,24.00,18.00,0.6735,3.02,1,0,3.3290,ACCEPT,0,449,4120,2330,2,100,191,0,0,0,0
12,0,1,1,ACCEPT,15.6183,3.1159,215,-1,3,0.5860,152.98,309.94,23.00,18.00,150.00,310.00,26.00,20.00,0.7084,2.99,1,0,3.2628,ACCEPT,0,538,3872,2721,2,100,215,0,0,0,0
13,0,1,1,ACCEPT,15.2136,2.9167,245,1,3,0.5714,153.34,310.78,23.00,18.00,149.00,311.00,26.00,22.00,0.5822,4.35,1,0,3.2007,ACCEPT,0,613,3669,3109,2,100,245,0,0,0,0
14,0,1,1,ACCEPT,16.4606,3.1034,360,-1,2,0.7528,152.98,311.34,23.00,18.00,149.50,312.50,23.00,19.00,0.6604,3.67,1,0,3.2317,ACCEPT,0,697,3490,4075,2,100,360,0,0,0,0
15,0,1,1,ACCEPT,15.7657,2.6912,366,0,4,0.5874,152.98,312.47,23.00,18.00,150.50,313.00,25.00,18.00,0.7700,2.54,1,0,3.1468,ACCEPT,0,801,3254,3922,2,100,366,0,0,0,0
16,0,1,1,ACCEPT,20.2470,3.9060,457,-1,1,0.7702,152.62,312.75,23.00,18.00,149.00,313.00,24.00,20.00,0.6671,3.63,1,0,3.2047,ACCEPT,0,888,3326,4465,2,100,457,0,0,0,0
17,0,1,1,ACCEPT,19.5806,3.7630,508,-1,-1,0.9016,152.27,312.47,23.00,18.00,149.00,312.00,24.00,20.00,0.6875,3.30,1,0,3.0527,ACCEPT,0,953,2616,4712,2,100,508,0,0,0,0
18,0,1,1,ACCEPT,19.5762,3.6977,477,0,2,0.6981,152.27,313.03,23.00,18.00,149.50,315.50,23.00,17.00,0.6073,3.71,1,0,3.2128,ACCEPT,0,1203,2519,5813,2,100,477,0,0,0,0
19,0,1,1,ACCEPT,19.8291,3.8046,662,0,-1,0.9637,152.27,312.75,23.00,18.00,149.00,314.50,24.00,19.00,0.6382,3.70,1,0,3.2012,ACCEPT,0,1348,1961,5835,2,100,662,0,0,0,0
20,0,1,1,ACCEPT,19.2753,3.5376,612,-2,1,0.6667,151.55,313.03,23.00,18.00,147.50,314.50,25.00,19.00,0.6188,4.31,1,0,3.1174,ACCEPT,0,1365,2640,5414,2,100,612,0,0,0,0
21,0,1,1,ACCEPT,19.4974,3.3394,738,-2,3,0.4539,150.83,313.88,23.00,18.00,149.50,315.00,23.00,18.00,0.7911,1.74,1,0,2.9356,ACCEPT,0,1373,2618,7622,2,100,738,0,0,0,0
22,0,1,1,ACCEPT,23.1585,2.5026,946,-3,2,0.6416,149.75,314.44,23.00,18.00,148.50,314.50,23.00,17.00,0.8495,1.25,1,0,2.9787,ACCEPT,0,1631,2182,7137,2,100,946,0,0,0,0
23,0,1,1,ACCEPT,21.5187,3.4274,826,1,2,0.5569,150.11,315.00,23.00,18.00,148.50,314.50,23.00,17.00,0.8239,1.69,1,0,3.0553,ACCEPT,0,1245,1809,8729,2,100,826,0,0,0,0
24,0,1,1,ACCEPT,24.9453,5.2899,894,0,-1,0.9866,150.11,314.72,23.00,18.00,148.00,315.00,26.00,16.00,0.7594,2.13,1,0,3.1570,ACCEPT,0,1186,1977,8814,2,100,894,0,0,0,0
25,0,1,1,ACCEPT,24.8756,4.1498,859,1,2,0.6997,150.47,315.28,23.00,18.00,148.00,315.50,24.00,17.00,0.7698,2.48,1,0,3.1560,ACCEPT,0,1339,1649,10031,2,100,859,0,0,0,0
26,0,1,1,ACCEPT,24.0556,4.4394,879,1,6,0.0751,150.83,316.97,23.00,18.00,148.00,317.00,24.00,16.00,0.7079,2.83,1,0,3.1796,ACCEPT,0,1304,1695,10015,2,100,879,0,0,0,0
27,0,1,1,ACCEPT,21.2420,3.8224,818,-3,0,0.4853,149.75,316.97,23.00,18.00,146.50,317.50,23.00,15.00,0.6402,3.29,1,0,3.2470,ACCEPT,0,1270,1735,9403,2,100,818,0,0,0,0
28,0,1,1,ACCEPT,26.0664,3.9864,881,1,2,0.5766,150.11,317.53,23.00,18.00,147.50,317.00,23.00,16.00,0.7159,2.66,1,0,3.2509,ACCEPT,0,1189,1296,12583,2,100,881,0,0,0,0
29,0,1,1,ACCEPT,24.4216,3.8095,880,0,-1,0.9409,150.11,317.25,23.00,18.00,147.00,317.50,22.00,17.00,0.7192,3.12,1,0,3.1440,ACCEPT,0,1269,1128,12320,2,100,880,0,0,0,0
30,0,1,1,ACCEPT,23.2027,2.6800,804,1,4,0.2264,150.47,318.38,23.00,18.00,148.00,317.00,24.00,18.00,0.7044,2.83,1,0,3.1467,ACCEPT,0,1233,1241,15266,2,100,804,0,0,0,0
31,0,1,1,ACCEPT,20.4193,2.8382,877,-1,2,0.7742,150.11,318.94,23.00,18.00,146.50,318.50,23.00,15.00,0.6213,3.64,1,0,3.1617,ACCEPT,0,1410,1176,15781,2,100,877,0,0,0,0
32,0,1,1,ACCEPT,18.6093,3.2961,1091,1,0,0.9918,150.47,318.94,23.00,18.00,147.50,321.00,23.00,12.00,0.5346,3.61,1,0,3.1166,ACCEPT,0,1959,1209,12865,2,100,1091,0,0,0,0
33,0,1,1,ACCEPT,18.1448,3.1391,835,-1,1,0.8922,150.11,319.22,23.00,18.00,146.00,319.50,20.00,11.00,0.4321,4.12,1,0,3.0976,ACCEPT,0,1821,1096,12915,2,100,835,0,0,0,0
34,0,1,1,ACCEPT,17.2779,3.6535,833,0,2,0.7215,150.11,319.78,23.00,18.00,146.00,319.50,24.00,13.00,0.5319,4.12,1,0,2.9257,ACCEPT,0,1608,1213,15180,2,100,833,0,0,0,0
35,0,1,1,ACCEPT,15.8523,3.1438,918,-2,0,0.8671,149.39,319.78,23.00,18.00,145.00,321.00,26.00,12.00,0.4979,4.56,1,0,2.7429,ACCEPT,0,2117,1011,15305,2,100,918,0,0,0,0
36,0,1,1,ACCEPT,14.9180,2.8154,839,3,1,0.5876,150.47,320.06,23.00,18.00,147.00,321.50,24.00,11.00,0.4815,3.75,1,0,2.8481,ACCEPT,0,1864,1261,16496,2,100,839,0,0,0,0
37,0,1,1,ACCEPT,16.2547,2.8623,1039,-2,3,0.4466,149.75,320.91,23.00,18.00,144.00,321.50,18.00,11.00,0.3608,5.78,1,0,3.1201,ACCEPT,0,2009,1331,13851,2,100,1039,0,0,0,0
38,0,1,1,ACCEPT,13.4265,2.4503,838,-1,0,0.8819,149.39,320.91,23.00,18.00,146.50,322.00,23.00,12.00,0.5378,3.09,1,0,2.9565,ACCEPT,0,1982,1016,14814,2,100,838,0,0,0,0
39,0,1,1,ACCEPT,14.8766,1.7750,939,-1,2,0.8062,149.03,321.47,23.00,18.00,146.00,322.00,24.00,12.00,0.5382,3.08,1,0,2.8674,ACCEPT,0,2253,1127,13210,2,100,939,0,0,0,0
40,0,1,1,ACCEPT,15.3777,1.8245,1029,0,3,0.5024,149.03,322.31,23.00,18.00,146.00,322.50,24.00,13.00,0.5786,3.04,1,0,2.9345,ACCEPT,0,2400,1359,11429,2,100,1029,0,0,0,0
41,0,1,1,ACCEPT,17.1363,2.7877,998,-2,0,0.6072,148.31,322.31,23.00,18.00,144.50,322.00,27.00,16.00,0.6686,3.83,1,0,2.9483,ACCEPT,0,2069,1176,12081,2,100,998,0,0,0,0
42,0,1,1,ACCEPT,19.2866,2.6023,1119,1,0,0.8838,148.67,322.31,23.00,18.00,146.50,322.00,27.00,16.00,0.7598,2.19,1,0,3.2407,ACCEPT,0,1969,1424,10945,2,100,1119,0,0,0,0
43,0,1,1,ACCEPT,18.5384,3.4169,1049,-5,0,0.0867,146.88,322.31,23.00,18.00,144.00,321.00,24.00,18.00,0.6859,3.16,1,0,3.0574,ACCEPT,0,2139,1492,11515,2,100,1049,0,0,0,0
44,0,1,1,ACCEPT,17.9335,2.0586,1089,2,1,0.8200,147.59,322.59,23.00,18.00,145.50,321.50,27.00,17.00,0.7559,2.36,1,0,3.2809,ACCEPT,0,2228,1543,9645,2,100,1089,0,0,0,0
45,0,1,1,ACCEPT,18.6002,2.8534,993,-3,-2,0.2749,146.52,322.03,23.00,18.00,145.50,323.50,27.00,13.00,0.6416,1.79,1,0,3.1663,ACCEPT,0,1846,1275,11391,2,100,993,0,0,0,0
46,0,1,1,ACCEPT,20.6674,2.3968,1184,0,1,0.8784,146.52,322.31,23.00,18.00,143.00,323.00,24.00,14.00,0.5950,3.58,1,0,3.2254,ACCEPT,0,1827,1505,10538,2,100,1184,0,0,0,0
47,0,1,1,ACCEPT,22.4287,3.0811,1140,-3,2,0.5088,145.44,322.88,23.00,18.00,143.00,322.50,22.00,15.00,0.6792,2.47,1,0,3.1671,ACCEPT,0,1720,1229,10095,2,100,1140,0,0,0,0
48,0,1,1,ACCEPT,19.0493,3.5000,994,3,-1,0.4155,146.52,322.59,23.00,18.00,142.50,322.00,23.00,14.00,0.5652,4.06,1,0,3.1745,ACCEPT,0,1781,1664,10757,2,100,994,0,0,0,0
49,0,1,1,ACCEPT,21.0874,3.3570,1279,-5,-1,0.0837,144.72,322.31,23.00,18.00,142.50,322.50,25.00,15.00,0.7068,2.23,1,0,3.1526,ACCEPT,0,2018,1351,8921,2,100,1279,0,0,0,0
50,0,1,1,ACCEPT,21.2725,3.7045,1241,1,2,0.4811,145.08,322.88,23.00,18.00,142.00,323.50,24.00,15.00,0.6550,3.14,1,0,3.0714,ACCEPT,0,2040,1323,11259,2,100,1241,0,0,0,0
51,0,1,1,ACCEPT,24.5123,5.2281,1375,-1,-1,0.7993,144.72,322.59,23.00,18.00,140.50,323.50,25.00,15.00,0.6027,4.31,1,0,3.1399,ACCEPT,0,1999,1348,10156,2,100,1375,0,0,0,0
52,0,1,1,ACCEPT,21.2167,3.9113,1103,1,-1,0.9701,145.08,322.31,23.00,18.00,140.50,323.50,25.00,15.00,0.5854,4.73,1,0,3.1879,ACCEPT,0,1940,1429,11309,2,100,1103,0,0,0,0
53,0,1,1,ACCEPT,25.6183,4.2485,1436,-2,3,0.5383,144.36,323.16,23.00,18.00,140.00,324.00,26.00,16.00,0.6347,4.44,1,0,3.1539,ACCEPT,0,2139,1288,11212,2,100,1436,0,0,0,0
54,0,1,1,ACCEPT,25.9425,4.4583,1498,2,-1,0.6796,145.08,322.88,23.00,18.00,139.50,323.50,27.00,15.00,0.5521,5.61,1,0,3.0950,ACCEPT,0,2164,1508,11411,2,100,1498,0,0,0,0
55,0,1,1,ACCEPT,30.8408,5.0150,1670,-2,-1,0.4904,144.36,322.59,23.00,18.00,139.50,324.50,25.00,13.00,0.5076,5.22,1,0,3.1708,ACCEPT,0,2304,1233,13159,2,100,1670,0,0,0,0
56,0,1,1,ACCEPT,28.3528,5.1553,1593,1,-1,0.8073,144.72,322.31,23.00,18.00,140.00,325.00,26.00,12.00,0.4858,5.43,1,0,3.1761,ACCEPT,0,1909,1413,14211,2,100,1593,0,0,0,0
57,0,1,1,ACCEPT,28.4881,4.5581,1609,-4,3,0.4282,143.28,323.16,23.00,18.00,139.00,325.50,26.00,11.00,0.4657,4.88,1,0,3.0945,ACCEPT,0,2214,1195,12999,2,100,1609,0,0,0,0
58,0,1,1,ACCEPT,29.0193,4.8709,1622,3,-2,0.4581,144.36,322.59,23.00,18.00,138.50,325.00,27.00,12.00,0.4519,6.33,1,0,3.0709,ACCEPT,0,2179,1320,14124,2,100,1622,0,0,0,0
59,0,1,1,ACCEPT,28.2320,4.9795,1454,-2,-3,0.4464,143.64,321.75,23.00,18.00,138.00,324.50,28.00,13.00,0.4825,6.28,1,0,3.2015,ACCEPT,0,2061,1183,15091,2,100,1454,0,0,0,0
60,0,1,1,ACCEPT,25.3506,4.2529,1446,-1,0,0.9357,143.28,321.75,23.00,18.00,140.00,324.50,24.00,13.00,0.5506,4.28,1,0,3.1937,ACCEPT,0,2212,987,18184,2,100,1446,0,0,0,0
61,0,1,1,ACCEPT,26.3784,4.7464,1329,-1,-2,0.6885,142.92,321.19,23.00,18.00,139.50,324.00,23.00,12.00,0.5163,4.43,1,0,3.2028,ACCEPT,0,1745,817,18297,2,100,1329,0,0,0,0
62,0,1,1,ACCEPT,24.5443,4.0187,1290,0,-1,0.9558,142.92,320.91,23.00,18.00,138.50,322.50,25.00,13.00,0.5253,4.70,1,0,3.1096,ACCEPT,0,1728,836,20825,2,100,1290,0,0,0,0
63,0,1,1,ACCEPT,19.7830,3.6326,1137,-3,-3,0.2401,141.84,320.06,23.00,18.00,137.00,322.00,26.00,12.00,0.4813,5.22,1,0,3.1609,ACCEPT,0,2269,704,18519,2,100,1137,0,0,0,0
64,0,1,1,ACCEPT,16.4455,3.1084,889,0,0,1.0000,141.84,320.06,23.00,18.00,137.50,322.50,25.00,11.00,0.4573,4.98,1,0,3.1479,ACCEPT,0,1997,851,18492,2,100,889,0,0,0,0
65,0,1,1,ACCEPT,16.2531,2.4180,914,-3,0,0.6915,140.77,320.06,23.00,18.00,136.00,322.50,26.00,11.00,0.4495,5.35,1,0,3.1923,ACCEPT,0,2109,733,16914,2,100,914,0,0,0,0
66,0,1,1,ACCEPT,16.5963,2.7575,921,1,0,0.9283,141.12,320.06,23.00,18.00,136.50,321.50,27.00,13.00,0.5296,4.84,1,0,3.2025,ACCEPT,0,2336,755,15542,2,100,921,0,0,0,0
67,0,1,1,ACCEPT,17.9704,3.6270,885,-1,0,0.9718,140.77,320.06,23.00,18.00,136.00,321.00,28.00,14.00,0.5629,4.86,1,0,3.3733,ACCEPT,0,1851,886,12074,2,100,885,0,0,0,0
68,0,1,1,ACCEPT,19.0979,3.3176,846,1,1,0.9882,141.12,320.34,23.00,18.00,136.50,321.00,27.00,14.00,0.5629,4.67,1,0,3.5168,ACCEPT,0,1764,790,12607,2,100,846,0,0,0,0
69,0,1,1,ACCEPT,17.6847,3.5851,864,-1,0,0.9456,140.77,320.34,23.00,18.00,137.00,321.50,26.00,13.00,0.5587,3.94,1,0,3.4351,ACCEPT,0,2116,1015,10764,2,100,864,0,0,0,0
70,0,1,1,ACCEPT,19.3492,3.4167,902,1,0,0.9634,141.12,320.34,23.00,18.00,137.00,322.50,26.00,11.00,0.4710,4.65,1,0,3.4502,ACCEPT,0,1960,1078,8702,2,100,902,0,0,0,0
71,0,1,1,ACCEPT,19.3393,3.2735,730,0,0,1.0000,141.12,320.34,23.00,18.00,137.00,322.00,26.00,12.00,0.5078,4.45,1,0,3.4477,ACCEPT,0,1619,1093,8717,2,100,730,0,0,0,0
72,0,1,1,ACCEPT,17.7024,3.3113,702,1,0,0.8832,141.48,320.34,23.00,18.00,137.00,322.00,24.00,10.00,0.4100,4.78,1,0,3.2831,ACCEPT,0,1757,1195,7396,2,100,702,0,0,0,0
73,0,1,1,ACCEPT,19.8218,3.2680,634,0,0,1.0000,141.48,320.34,23.00,18.00,136.00,321.00,26.00,12.00,0.4584,5.52,1,0,3.3255,ACCEPT,0,1479,1072,6726,2,100,634,0,0,0,0
74,0,1,1,ACCEPT,18.7960,3.0833,629,1,-1,0.8617,141.84,320.06,23.00,18.00,138.00,321.50,26.00,13.00,0.5554,4.10,1,0,3.2494,ACCEPT,0,1366,1127,7177,2,100,629,0,0,0,0
75,0,1,1,ACCEPT,19.0084,2.2446,624,-3,-2,0.4359,140.77,319.50,23.00,18.00,137.00,320.50,26.00,13.00,0.5587,3.90,1,0,3.1715,ACCEPT,0,1407,1151,6803,2,100,624,0,0,0,0
76,0,1,1,ACCEPT,20.2570,3.5784,730,0,-2,0.7918,140.77,318.94,23.00,18.00,136.50,322.00,27.00,10.00,0.4350,5.25,1,0,3.1638,ACCEPT,0,1427,1172,8861,2,100,730,0,0,0,0
77,0,1,1,ACCEPT,20.1489,3.3407,755,-2,0,0.8252,140.05,318.94,23.00,18.00,136.00,321.50,26.00,11.00,0.4736,4.79,1,0,3.1867,ACCEPT,0,1651,1193,6568,2,100,755,0,0,0,0
78,0,1,1,ACCEPT,18.0716,2.2852,601,2,-1,0.7388,140.77,318.66,23.00,18.00,133.50,320.00,21.00,14.00,0.4111,7.39,1,0,3.1983,ACCEPT,0,1416,1066,8884,2,100,601,0,0,0,0
79,0,1,1,ACCEPT,19.7017,2.8741,845,-3,-2,0.4864,139.69,318.09,23.00,18.00,135.00,320.00,26.00,14.00,0.5541,5.06,1,0,3.2231,ACCEPT,0,1821,1073,8039,2,100,845,0,0,0,0
80,0,1,1,ACCEPT,21.1483,2.8954,692,0,1,0.9769,139.69,318.38,23.00,18.00,136.00,319.00,26.00,16.00,0.6700,3.74,1,0,3.1867,ACCEPT,0,1340,1053,8934,2,100,692,0,0,0,0
81,0,1,1,ACCEPT,19.9398,2.6426,769,-3,0,0.5709,138.61,318.38,23.00,18.00,135.00,318.50,26.00,17.00,0.7091,3.61,1,0,3.2069,ACCEPT,0,1525,988,7701,2,100,769,0,0,0,0
82,0,1,1,ACCEPT,19.0948,2.1525,607,0,-1,0.9292,138.61,318.09,23.00,18.00,135.00,318.00,26.00,18.00,0.7365,3.61,1,0,3.2254,ACCEPT,0,1264,1016,7654,2,100,607,0,0,0,0
83,0,1,1,ACCEPT,17.2167,2.0356,629,-2,-2,0.7536,137.89,317.53,23.00,18.00,134.50,318.00,25.00,16.00,0.6809,3.42,1,0,3.3043,ACCEPT,0,1426,920,8530,2,100,629,0,0,0,0
84,0,1,1,ACCEPT,15.1598,1.4485,549,1,-3,0.6922,138.25,316.69,23.00,18.00,135.00,319.50,26.00,13.00,0.5589,4.30,1,0,3.3799,ACCEPT,0,1403,916,8884,2,100,549,0,0,0,0
85,0,1,1,ACCEPT,13.9653,1.6060,538,0,-1,0.9981,138.25,316.41,23.00,18.00,134.00,318.50,26.00,15.00,0.5695,4.74,1,0,3.3210,ACCEPT,0,1506,789,10267,2,100,538,0,0,0,0
86,0,1,1,ACCEPT,14.6154,2.0205,590,-3,2,0.4814,137.17,316.97,23.00,18.00,135.50,318.50,25.00,15.00,0.7349,2.27,1,0,3.3547,ACCEPT,0,1475,814,10200,2,100,590,0,0,0,0
87,0,1,1,ACCEPT,15.6059,1.9379,686,1,0,0.9213,137.53,316.97,23.00,18.00,135.00,318.00,24.00,14.00,0.6432,2.73,1,0,3.3256,ACCEPT,0,1508,803,9061,2,100,686,0,0,0,0
88,0,1,1,ACCEPT,15.8680,2.2399,663,-3,0,0.3906,136.45,316.97,23.00,18.00,135.00,317.50,26.00,15.00,0.7516,1.55,1,0,3.2274,ACCEPT,0,1378,675,8286,2,100,663,0,0,0,0
89,0,1,1,ACCEPT,18.1939,2.6707,665,3,0,0.5609,137.53,316.97,23.00,18.00,135.00,318.50,28.00,17.00,0.7010,2.96,1,0,3.2713,ACCEPT,0,1369,910,8620,2,100,665,0,0,0,0
90,0,1,1,ACCEPT,16.0600,2.6030,518,-5,0,0.2143,135.73,316.97,23.00,18.00,134.50,318.50,29.00,13.00,0.6077,1.97,1,0,3.0549,ACCEPT,0,1089,707,9375,2,100,518,0,0,0,0
91,0,1,1,ACCEPT,16.9565,2.7511,608,2,2,0.7336,136.45,317.53,23.00,18.00,133.50,319.00,25.00,14.00,0.6278,3.30,1,0,3.2382,ACCEPT,0,1461,1061,9331,2,100,608,0,0,0,0
92,0,1,1,ACCEPT,18.4891,3.3838,626,0,-2,0.7987,136.45,316.97,23.00,18.00,135.50,319.00,21.00,14.00,0.7074,2.24,1,0,3.2735,ACCEPT,0,1227,843,9546,2,100,626,0,0,0,0
93,0,1,1,ACCEPT,18.7424,3.6465,784,1,1,0.8929,136.81,317.25,23.00,18.00,135.00,318.50,22.00,13.00,0.6239,2.20,1,0,3.3237,ACCEPT,0,1725,834,8309,2,100,784,0,0,0,0
94,0,1,1,ACCEPT,16.5979,2.6016,653,-4,3,0.2175,135.38,318.09,23.00,18.00,134.50,319.00,23.00,14.00,0.7267,1.26,1,0,3.2706,ACCEPT,0,1913,1078,11703,2,100,653,0,0,0,0
95,0,1,1,ACCEPT,13.7287,2.0929,879,3,-1,0.6189,136.45,317.81,23.00,18.00,135.50,319.50,23.00,15.00,0.7552,1.94,1,0,3.3866,ACCEPT,0,2535,848,11405,2,100,879,0,0,0,0
96,0,1,1,ACCEPT,13.1308,1.8834,727,-2,0,0.8116,135.73,317.81,23.00,18.00,133.50,319.50,27.00,13.00,0.6310,2.80,1,0,3.3603,ACCEPT,0,2534,1387,10275,2,100,727,0,0,0,0
97,0,1,1,ACCEPT,11.4278,2.0849,761,-1,1,0.9290,135.38,318.09,23.00,18.00,133.50,320.00,29.00,14.00,0.6466,2.67,1,0,3.2138,ACCEPT,0,2968,1302,10134,2,100,761,0,0,0,0
98,0,1,1,ACCEPT,9.1755,1.4289,673,0,-1,0.9866,135.38,317.81,23.00,18.00,133.50,320.00,27.00,12.00,0.5974,2.88,1,0,2.8628,ACCEPT,0,3042,1451,9404,2,100,673,0,0,0,0
99,0,1,1,ACCEPT,10.0811,1.7923,742,1,0,0.9717,135.73,317.81,23.00,18.00,133.50,321.00,23.00,10.00,0.4759,3.89,1,0,3.3489,ACCEPT,0,2931,1306,7288,2,100,742,0,0,0,0
100,0,1,1,ACCEPT,8.8030,1.6950,539,-3,0,0.5807,134.66,317.81,23.00,18.00,131.50,322.50,21.00,9.00,0.3801,5.65,1,0,3.4031,ACCEPT,0,2688,1466,8990,2,100,539,0,0,0,0
101,0,1,1,ACCEPT,9.0943,1.5448,655,2,1,0.8076,135.38,318.09,23.00,18.00,130.00,321.00,24.00,12.00,0.4489,6.11,1,0,3.1494,ACCEPT,0,2779,1444,7214,2,100,655,0,0,0,0
102,0,1,1,ACCEPT,7.8795,1.2149,407,3,5,0.5283,136.45,319.50,23.00,18.00,130.00,320.50,28.00,13.00,0.4668,6.53,1,0,2.8340,ACCEPT,0,1928,1233,9870,2,100,407,0,0,0,0
103,0,1,1,ACCEPT,7.5059,1.1721,429,4,0,0.6434,137.89,319.50,22.12,17.31,131.00,318.50,28.00,15.00,0.5139,6.96,1,-1,2.7558,ACCEPT,0,2342,1286,7392,2,100,429,0,0,0,0
104,0,1,1,ACCEPT,8.0634,1.3092,398,-3,2,0.2688,136.86,320.05,21.26,16.64,126.00,320.00,18.00,12.00,0.2266,10.86,1,-1,2.9355,ACCEPT,0,1873,1148,10466,2,100,398,0,0,0,0
105,0,1,1,ACCEPT,8.3675,1.3816,496,1,6,0.4415,137.20,321.59,20.45,16.00,124.50,319.00,19.00,14.00,0.1723,12.96,1,-1,2.7769,ACCEPT,0,2275,1077,9892,2,100,496,0,0,0,0
106,0,1,1,ACCEPT,9.6915,1.5147,565,-3,2,0.3168,136.23,322.09,19.66,15.39,123.00,319.00,16.00,14.00,0.1127,13.59,1,-1,3.3978,ACCEPT,0,1961,1164,11519,2,100,565,0,0,0,0
107,0,1,1,ACCEPT,10.3494,1.7989,653,-1,2,0.6340,135.93,322.58,18.90,14.79,123.00,320.50,16.00,13.00,0.1231,13.10,1,-1,3.5821,ACCEPT,0,2316,1557,14419,2,100,653,0,0,0,0
108,0,1,1,ACCEPT,7.7744,1.3585,629,-3,4,0.0652,135.04,323.52,18.18,14.23,122.50,319.50,13.00,11.00,0.0698,13.17,1,-1,3.5557,ACCEPT,0,3166,1296,11733,2,100,629,0,0,0,0
109,0,1,1,ACCEPT,7.1694,1.0747,417,0,-1,0.9400,135.04,323.30,17.48,13.68,121.50,320.00,11.00,10.00,0.0174,13.93,1,-1,2.9703,ACCEPT,0,2466,1279,11674,2,100,417,0,0,0,0
110,0,1,1,ACCEPT,8.6071,1.4822,458,-4,6,0.3996,133.95,324.56,16.81,13.15,120.00,320.00,12.00,8.00,0.0088,14.67,1,-1,3.0561,ACCEPT,0,2011,1412,11718,2,100,458,0,0,0,0
111,0,1,0,NEGATIVE_PEAK,-7.9261,1.1317,-404,9,-5,0.5767,133.95,324.56,16.81,13.15,0.00,0.00,0.00,0.00,0.0000,351.12,0,0,0.0000,NOT_RUN,0,1877,1432,0,2,100,404,0,0,0,0
112,0,1,0,NEGATIVE_PEAK,-7.0085,1.2042,-342,3,-4,0.2924,133.95,324.56,16.81,13.15,0.00,0.00,0.00,0.00,0.0000,351.12,0,0,0.0000,NOT_RUN,0,1894,1301,0,2,100,342,0,0,0,0
113,0,1,1,ACCEPT,6.0960,1.0066,303,-7,-1,0.0792,132.09,324.36,16.16,12.65,0.00,0.00,0.00,0.00,0.0000,350.22,1,-1,3.4220,ACCEPT,0,2102,1579,11671,2,100,303,0,0,0,0
114,0,1,1,ACCEPT,7.9691,1.6453,385,-7,1,0.1896,130.34,324.55,15.54,12.16,119.00,315.50,8.00,5.00,0.0000,14.51,1,-1,3.4944,ACCEPT,0,2301,1320,13210,2,100,385,0,0,0,0
115,0,1,1,ACCEPT,12.5093,1.9338,526,-3,-1,0.8327,129.61,324.37,14.94,11.69,122.50,316.00,15.00,6.00,0.0144,10.98,1,-1,3.5341,ACCEPT,0,2018,3260,8653,2,100,526,0,0,0,0
116,0,1,1,ACCEPT,9.4812,1.3916,366,-6,2,0.0273,128.20,324.73,14.37,11.24,123.00,317.50,18.00,7.00,0.0780,8.90,1,-1,3.5483,ACCEPT,0,2024,1684,9162,2,100,366,0,0,0,0
117,0,1,1,ACCEPT,11.6086,2.1127,431,-1,-2,0.7657,127.98,324.38,13.81,10.81,126.50,316.50,27.00,11.00,0.1032,8.02,1,-1,3.3777,ACCEPT,0,1906,3055,7936,2,100,431,0,0,0,0
118,0,1,1,ACCEPT,16.0451,3.1503,545,-4,4,0.0018,127.10,325.07,13.28,10.39,126.50,314.50,27.00,13.00,0.0316,10.59,1,-1,3.4869,ACCEPT,0,1641,3338,7457,2,100,545,0,0,0,0
119,0,1,1,ACCEPT,15.5870,2.3139,516,-2,-5,0.1550,126.68,324.25,13.28,10.39,127.00,314.00,28.00,12.00,0.0273,10.26,1,0,3.2250,ACCEPT,0,1600,2062,10196,2,100,516,0,0,0,0
120,0,1,1,ACCEPT,10.8914,1.3962,370,-7,1,0.0054,125.20,324.41,12.77,9.99,126.50,315.00,27.00,10.00,0.0191,9.50,1,-1,3.4999,ACCEPT,0,1805,1073,10471,2,100,370,0,0,0,0
121,0,1,1,ACCEPT,12.3716,1.6038,417,5,5,0.5204,126.22,325.20,12.28,9.61,127.00,316.00,26.00,10.00,0.0202,9.23,1,-1,3.4797,ACCEPT,0,1556,1985,8784,2,100,417,0,0,0,0
122,0,1,1,ACCEPT,12.0982,1.7225,360,-7,-6,0.0528,124.85,324.30,11.81,9.24,124.00,313.50,24.00,11.00,0.0000,10.84,1,-1,3.3836,ACCEPT,0,1428,4899,3933,2,100,360,0,0,0,0
123,0,1,1,ACCEPT,11.6162,1.1745,276,1,-2,0.6304,125.04,324.02,11.81,9.24,122.50,314.50,21.00,9.00,0.0000,9.86,1,-1,3.5186,OUT_OF_RANGE,0,1083,2293,9363,2,100,276,0,0,0,0
124,0,1,1,ACCEPT,13.2984,1.4667,396,-3,-8,0.2626,124.48,322.90,11.81,9.24,119.50,313.50,17.00,9.00,0.0000,10.63,1,0,3.0276,ACCEPT,0,1501,1063,10360,2,100,396,0,0,0,0
125,0,1,1,ACCEPT,15.7509,1.3780,463,6,-2,0.2570,125.60,322.62,11.81,9.24,123.00,313.00,18.00,8.00,0.0000,9.96,1,-1,3.4422,OUT_OF_RANGE,0,1324,1313,13601,2,100,463,0,0,0,0
126,0,1,1,ACCEPT,11.8783,1.0846,436,-9,-9,0.4404,123.91,321.35,12.77,9.99,122.00,312.50,20.00,9.00,0.0275,9.06,1,2,2.2250,ACCEPT,0,2028,1411,7075,2,100,436,0,0,0,0
127,0,1,1,ACCEPT,17.6384,1.3806,428,9,4,0.0187,125.74,321.98,12.28,9.61,122.00,311.00,22.00,10.00,0.0000,11.60,1,-1,3.5155,ACCEPT,0,990,1431,11549,2,100,428,0,0,0,0
128,0,1,1,ACCEPT,12.1294,1.2561,363,-7,-19,0.0248,124.38,319.16,12.28,9.61,120.00,308.50,22.00,9.00,0.0000,11.52,1,0,3.0024,ACCEPT,0,1712,1473,6672,2,100,363,0,0,0,0
129,0,1,1,ACCEPT,17.3665,1.3806,341,13,-6,0.0205,126.91,318.27,11.81,9.24,120.00,306.50,18.00,9.00,0.0000,13.65,1,-1,3.3075,ACCEPT,0,997,1937,7629,2,100,341,0,0,0,0
130,0,1,1,ACCEPT,20.9097,2.1261,472,0,-9,0.1822,126.91,317.00,11.81,9.24,121.00,305.50,18.00,7.00,0.0000,12.93,1,-1,3.4250,OUT_OF_RANGE,0,1269,1343,7897,2,100,472,0,0,0,0
131,0,1,1,ACCEPT,15.2506,1.1085,327,6,-10,0.0214,128.04,315.59,11.81,9.24,121.00,305.50,18.00,9.00,0.0000,12.31,1,-1,3.4844,OUT_OF_RANGE,0,1013,914,7099,2,100,327,0,0,0,0
132,0,1,1,ACCEPT,18.1585,1.5889,402,0,-16,0.1269,128.04,313.34,11.81,9.24,119.00,303.50,16.00,11.00,0.0047,13.36,1,0,3.2730,ACCEPT,0,921,1113,7866,2,100,402,0,0,0,0
133,0,1,1,ACCEPT,20.2551,1.6983,394,7,-3,0.0431,129.35,312.92,11.81,9.24,121.00,302.00,18.00,10.00,0.0000,13.75,1,-1,3.3575,OUT_OF_RANGE,0,902,1135,7926,2,100,394,0,0,0,0
134,0,1,1,ACCEPT,11.0374,1.0135,226,1,-10,0.0265,129.54,311.52,11.81,9.24,122.00,301.00,20.00,12.00,0.0025,12.94,1,-1,3.3881,OUT_OF_RANGE,0,973,1672,8083,2,100,226,0,0,0,0
135,0,1,1,ACCEPT,10.0627,1.0000,190,-4,-16,0.2474,128.79,309.27,12.28,9.61,121.50,300.50,21.00,9.00,0.0167,11.40,1,1,2.7020,ACCEPT,0,716,1039,7764,2,100,190,0,0,0,0
136,0,1,1,ACCEPT,9.5603,1.0914,215,3,-5,0.8884,129.38,308.52,12.28,9.61,119.00,298.50,16.00,9.00,0.0000,14.43,1,0,3.1811,ACCEPT,0,1039,1452,5912,2,100,215,0,0,0,0
137,0,1,1,ACCEPT,9.3617,1.2896,236,-2,-12,0.0805,128.98,306.74,12.28,9.61,119.50,298.00,15.00,10.00,0.0168,12.90,1,3,2.0366,MAX_STEP,0,1226,1436,5467,2,100,236,0,0,0,0
138,0,1,1,ACCEPT,9.4563,1.1587,219,-2,-6,0.3288,128.59,305.85,13.28,10.39,119.00,297.00,16.00,10.00,0.0233,13.05,1,2,2.2124,ACCEPT,0,938,1641,5810,2,100,219,0,0,0,0
139,0,1,1,ACCEPT,11.4246,1.6690,242,-1,-11,0.0868,128.38,304.05,13.28,10.39,116.00,294.50,12.00,7.00,0.0000,15.64,1,0,3.2963,ACCEPT,0,1189,1436,6485,2,100,242,0,0,0,0
140,0,1,1,ACCEPT,10.3200,1.2250,196,2,-5,0.2806,128.80,303.23,13.28,10.39,119.50,293.00,15.00,8.00,0.0000,13.83,1,0,3.2516,ACCEPT,0,985,1261,6508,2,100,196,0,0,0,0
141,0,1,1,ACCEPT,12.3139,1.0780,221,0,-11,0.1448,128.80,301.42,12.77,9.99,115.00,290.00,10.00,10.00,0.0000,17.92,1,-1,3.3574,ACCEPT,0,882,1604,5193,2,100,221,0,0,0,0
142,0,1,1,ACCEPT,13.7647,1.6286,228,1,-2,0.4956,129.01,301.11,12.28,9.61,116.50,287.50,9.00,11.00,0.0000,18.48,1,-1,3.4015,ACCEPT,0,731,3536,3292,2,100,228,0,0,0,0
143,0,1,1,ACCEPT,9.9484,1.3644,161,2,-13,0.0932,129.40,299.18,11.81,9.24,117.00,287.00,10.00,10.00,0.0000,17.38,1,-1,3.3007,ACCEPT,0,770,1259,7103,2,100,161,0,0,0,0
144,0,1,1,ACCEPT,8.1524,1.0400,104,-1,-10,0.5962,129.21,297.77,11.81,9.24,116.00,286.00,6.00,10.00,0.0000,17.70,1,-1,3.3560,OUT_OF_RANGE,0,618,2024,4993,2,100,104,0,0,0,0
145,0,1,1,ACCEPT,13.9324,1.7381,146,1,-10,0.0342,129.40,296.37,11.81,9.24,117.00,284.00,14.00,12.00,0.0000,17.51,1,-1,3.1900,OUT_OF_RANGE,0,581,1409,5410,2,100,146,0,0,0,0
146,0,1,1,ACCEPT,13.5967,1.6271,192,-1,-3,0.2344,129.21,295.95,11.81,9.24,115.00,284.50,10.00,11.00,0.0000,18.25,1,-1,3.2951,OUT_OF_RANGE,0,699,1708,4625,2,100,192,0,0,0,0
147,0,1,1,ACCEPT,14.3925,1.7391,240,0,-10,0.1417,129.21,294.54,11.81,9.24,123.00,281.00,26.00,8.00,0.0000,14.90,1,-1,3.2343,OUT_OF_RANGE,0,706,1089,7015,2,100,240,0,0,0,0
148,0,1,1,ACCEPT,11.5177,1.2771,212,-6,-17,0.2217,128.09,292.15,11.81,9.24,122.50,279.00,23.00,12.00,0.0000,14.29,1,0,3.1548,ACCEPT,0,952,1888,4989,2,100,212,0,0,0,0
149,0,1,1,ACCEPT,16.1976,1.2527,233,-1,-10,0.1159,127.90,290.74,11.81,9.24,122.50,276.00,25.00,10.00,0.0000,15.70,1,0,3.0583,ACCEPT,0,708,1598,6410,2,100,233,0,0,0,0
150,0,1,1,ACCEPT,15.6714,1.8214,255,-7,-17,0.1647,126.59,288.35,11.81,9.24,122.00,277.50,26.00,9.00,0.0000,11.78,1,0,3.0813,ACCEPT,0,830,1365,7836,2,100,255,0,0,0,0
151,0,1,1,ACCEPT,14.5163,1.4610,225,1,-3,0.1956,126.77,287.93,11.81,9.24,121.00,276.00,24.00,14.00,0.0000,13.25,1,0,3.3481,ACCEPT,0,704,932,7288,2,100,225,0,0,0,0
152,0,1,1,ACCEPT,13.7721,1.2754,213,-5,-17,0.0235,125.84,285.54,11.81,9.24,121.00,275.50,26.00,13.00,0.0294,11.14,1,0,3.4158,ACCEPT,0,871,1491,5922,2,100,213,0,0,0,0
153,0,1,1,ACCEPT,13.7387,1.5172,220,-1,-17,0.0500,125.65,283.15,12.28,9.61,121.00,273.50,26.00,15.00,0.0686,10.71,1,1,2.9088,ACCEPT,0,779,1733,6092,2,100,220,0,0,0,0
154,0,1,1,ACCEPT,12.7991,1.0210,243,-3,0,0.5761,125.06,283.15,12.28,9.61,121.00,271.50,28.00,17.00,0.0355,12.34,1,0,3.4892,ACCEPT,0,871,2125,5491,2,100,243,0,0,0,0
155,0,1,1,ACCEPT,11.8856,1.0280,220,3,-6,0.0227,125.65,282.26,12.28,9.61,121.00,268.00,26.00,12.00,0.0000,15.00,1,0,3.4782,ACCEPT,0,640,2750,5995,2,100,220,0,0,0,0
156,0,1,1,ACCEPT,10.9985,1.2924,221,-20,-6,0.3348,121.74,281.37,11.81,9.24,120.50,267.00,27.00,12.00,0.0000,14.42,1,-1,3.3872,ACCEPT,0,863,2062,5172,2,100,221,0,0,0,0
157,0,1,1,ACCEPT,15.2903,1.2712,225,11,-3,0.0044,123.80,280.95,11.81,9.24,121.00,266.00,28.00,12.00,0.0000,15.21,1,0,3.4692,ACCEPT,0,700,3504,4605,2,100,225,0,0,0,0
158,0,1,1,ACCEPT,15.1288,1.3679,290,1,-3,0.2586,123.99,280.52,11.81,9.24,120.50,265.50,25.00,11.00,0.0000,15.42,1,0,3.6241,ACCEPT,0,927,2949,6102,2,100,290,0,0,0,0
159,0,1,1,ACCEPT,14.4924,1.3353,231,0,-10,0.1126,123.99,279.12,11.81,9.24,121.50,264.50,27.00,11.00,0.0000,14.83,1,0,3.4113,ACCEPT,0,763,1431,8903,2,100,231,0,0,0,0
160,0,1,1,ACCEPT,20.5804,1.1598,254,0,4,0.0394,123.99,279.68,11.81,9.24,121.50,263.00,27.00,10.00,0.0000,16.86,1,-1,3.4069,OUT_OF_RANGE,0,556,3241,5233,2,100,254,0,0,0,0
161,0,1,1,ACCEPT,11.4877,1.2303,203,-6,-3,0.2217,122.87,279.26,11.81,9.24,121.50,262.50,27.00,11.00,0.0000,16.81,1,0,3.3183,ACCEPT,0,717,1670,9744,2,100,203,0,0,0,0
162,0,1,1,ACCEPT,18.0495,1.1626,336,1,-3,0.0060,123.05,278.84,11.81,9.24,123.00,261.00,26.00,10.00,0.0000,17.84,1,-1,3.3343,OUT_OF_RANGE,0,672,3428,5159,2,100,336,0,0,0,0
163,0,1,1,ACCEPT,13.5658,1.2571,220,-4,-10,0.0591,122.30,277.43,11.81,9.24,123.50,260.00,27.00,12.00,0.0000,17.47,1,0,3.2979,ACCEPT,0,546,2734,4144,2,100,220,0,0,0,0
164,0,1,1,ACCEPT,27.2235,1.9327,431,0,-3,0.0835,122.30,277.01,11.81,9.24,121.50,259.00,23.00,12.00,0.0000,18.03,1,-1,3.3017,OUT_OF_RANGE,0,686,2909,6024,2,100,431,0,0,0,0
165,0,1,1,ACCEPT,13.1053,1.4162,262,0,-17,0.0649,122.30,274.62,11.81,9.24,123.00,259.00,24.00,10.00,0.0000,15.63,1,0,3.3367,ACCEPT,0,849,6060,3978,2,100,262,0,0,0,0
166,0,1,1,ACCEPT,15.4996,1.2757,310,-5,-10,0.0710,121.37,273.21,11.81,9.24,125.00,257.00,24.00,10.00,0.0000,16.61,1,0,3.3736,ACCEPT,0,825,7607,3511,2,100,310,0,0,0,0
167,0,1,1,ACCEPT,13.9881,1.4566,252,0,-10,0.0397,121.37,271.80,11.81,9.24,125.00,256.00,24.00,14.00,0.0000,16.22,1,0,3.2720,ACCEPT,0,622,5706,4734,2,100,252,0,0,0,0
168,0,1,1,ACCEPT,15.1531,1.3364,290,1,-10,0.0621,121.55,270.40,11.81,9.24,124.50,255.50,25.00,13.00,0.0000,15.19,1,0,3.3396,ACCEPT,0,671,6128,4253,2,100,290,0,0,0,0
169,0,1,1,ACCEPT,16.3396,1.1844,334,0,-9,0.0240,121.55,269.13,11.81,9.24,124.50,255.00,25.00,12.00,0.0000,14.44,1,-1,3.3660,OUT_OF_RANGE,0,645,3723,6321,2,100,334,0,0,0,0
170,0,1,1,ACCEPT,15.1623,1.5141,215,5,-10,0.1116,122.49,267.73,11.81,9.24,124.50,253.50,25.00,11.00,0.0000,14.37,1,0,3.3508,ACCEPT,0,601,1392,7921,2,100,215,0,0,0,0
171,0,1,1,ACCEPT,21.1022,1.1807,281,6,-10,0.0142,123.62,266.32,11.81,9.24,123.00,252.50,22.00,13.00,0.0000,13.83,1,0,3.3023,ACCEPT,0,411,2833,6070,2,100,281,0,0,0,0
172,0,1,1,ACCEPT,25.0453,2.0872,311,-5,-3,0.2154,122.68,265.90,11.81,9.24,123.00,253.00,24.00,10.00,0.0000,12.90,1,0,3.3950,ACCEPT,0,624,2224,7243,2,100,311,0,0,0,0
173,0,1,1,ACCEPT,23.1896,1.5753,345,6,-3,0.0928,123.80,265.48,11.81,9.24,123.50,252.00,25.00,10.00,0.0000,13.48,1,0,3.2565,ACCEPT,0,575,1968,6321,2,100,345,0,0,0,0
174,0,1,1,ACCEPT,20.4562,1.1615,302,-5,-3,0.2682,122.87,265.05,11.81,9.24,122.50,251.50,25.00,9.00,0.0000,13.56,1,0,3.3483,ACCEPT,0,573,2326,9950,2,100,302,0,0,0,0
175,0,1,1,ACCEPT,25.5937,2.1538,392,5,-3,0.0051,123.80,264.63,11.81,9.24,120.50,252.50,23.00,7.00,0.0000,12.57,1,0,3.2529,ACCEPT,0,603,3420,4536,2,100,392,0,0,0,0
176,0,1,1,ACCEPT,19.2336,1.0602,229,-5,-3,0.0044,122.87,264.21,11.81,9.24,119.00,253.00,24.00,10.00,0.0000,11.86,1,0,3.4445,ACCEPT,0,423,2712,5552,2,100,229,0,0,0,0
177,0,1,1,ACCEPT,19.5585,1.3939,184,1,4,0.0489,123.05,264.77,11.81,9.24,120.50,252.50,21.00,9.00,0.0000,12.54,1,0,3.3723,ACCEPT,0,362,4650,3119,2,100,184,0,0,0,0
178,0,1,1,ACCEPT,23.9447,1.8382,250,-5,-3,0.1040,122.12,264.35,11.81,9.24,120.00,253.00,18.00,10.00,0.0000,11.55,1,0,3.3623,ACCEPT,0,374,2985,5764,2,100,250,0,0,0,0
179,0,1,1,ACCEPT,16.4068,1.0678,189,5,4,0.1799,123.05,264.91,11.81,9.24,120.50,251.50,19.00,11.00,0.0000,13.66,1,0,3.2510,ACCEPT,0,398,5432,3413,2,100,189,0,0,0,0
180,0,1,1,ACCEPT,11.4379,1.0242,127,-5,-3,0.0079,122.12,264.49,11.81,9.24,120.50,252.50,17.00,11.00,0.0000,12.10,1,0,3.4391,ACCEPT,0,495,3234,4145,2,100,127,0,0,0,0
181,0,1,1,ACCEPT,11.0672,1.0330,94,-4,-10,0.1596,121.37,263.09,11.81,9.24,121.00,253.00,16.00,8.00,0.0000,10.09,1,0,3.3603,ACCEPT,0,292,6880,1890,2,100,94,0,0,0,0
182,0,1,1,ACCEPT,12.0545,1.3857,97,-5,-3,0.1443,120.43,262.66,11.81,9.24,120.00,251.50,16.00,7.00,0.0000,11.17,1,0,3.3014,ACCEPT,0,341,4459,2862,2,100,97,0,0,0,0
183,0,1,1,ACCEPT,13.7613,1.3919,103,15,11,0.0000,123.24,264.21,11.81,9.24,121.50,252.00,15.00,10.00,0.0000,12.33,1,0,3.3299,ACCEPT,0,273,5768,2636,2,100,103,0,0,0,0
184,0,1,1,ACCEPT,18.8138,1.2993,178,0,4,0.1180,123.24,264.77,11.81,9.24,121.50,252.00,13.00,10.00,0.0000,12.89,1,0,3.5162,ACCEPT,0,376,2951,6164,2,100,178,0,0,0,0
185,0,1,1,ACCEPT,17.3262,1.3088,178,0,-10,0.0674,123.24,263.37,11.81,9.24,121.50,249.50,15.00,7.00,0.0000,13.98,1,0,3.3954,ACCEPT,0,360,4993,4261,2,100,178,0,0,0,0
186,0,1,1,ACCEPT,16.1438,1.0643,149,1,11,0.1007,123.43,264.91,11.81,9.24,122.00,248.50,14.00,7.00,0.0000,16.48,1,0,3.5909,ACCEPT,0,389,8809,1869,2,100,149,0,0,0,0
187,0,1,1,ACCEPT,17.0074,1.0989,200,0,-10,0.0050,123.43,263.51,11.81,9.24,122.50,247.50,13.00,5.00,0.0000,16.03,1,0,3.4713,ACCEPT,0,383,4513,3496,2,100,200,0,0,0,0
188,0,1,1,ACCEPT,19.3919,1.4310,166,0,-3,0.1265,123.43,263.09,11.81,9.24,121.50,245.50,15.00,7.00,0.0000,17.69,1,0,3.4915,ACCEPT,0,331,2940,4541,2,100,166,0,0,0,0
189,0,1,1,ACCEPT,19.6695,1.1438,175,6,4,0.1371,124.55,263.65,11.81,9.24,119.00,243.50,8.00,7.00,0.0000,20.90,1,0,3.4743,ACCEPT,0,310,3633,3807,2,100,175,0,0,0,0
190,0,1,1,ACCEPT,19.2341,1.0645,132,-5,-3,0.1894,123.62,263.23,11.81,9.24,120.50,242.50,7.00,7.00,0.0000,20.96,1,0,3.4416,ACCEPT,0,234,3380,4066,2,100,132,0,0,0,0
191,0,1,1,ACCEPT,13.6864,1.1786,99,-1,4,0.0707,123.43,263.79,11.81,9.24,119.50,242.00,9.00,6.00,0.0000,22.14,1,0,3.2744,ACCEPT,0,304,2144,6526,2,100,99,0,0,0,0
192,0,1,1,ACCEPT,15.6854,1.1204,121,0,-3,0.0826,123.43,263.37,11.81,9.24,121.00,241.00,10.00,6.00,0.0000,22.50,1,0,3.4703,ACCEPT,0,264,1360,8375,2,100,121,0,0,0,0
193,0,1,1,ACCEPT,16.8172,1.4598,127,6,11,0.0709,124.55,264.91,11.81,9.24,121.00,241.00,12.00,8.00,0.0000,24.18,1,0,3.5618,ACCEPT,0,278,669,18564,2,100,127,0,0,0,0
194,0,1,1,ACCEPT,25.8837,2.2474,218,-10,-3,0.1239,122.68,264.49,11.81,9.24,120.00,238.50,12.00,7.00,0.0000,26.13,1,0,3.4992,ACCEPT,0,331,1386,9328,2,100,218,0,0,0,0
195,0,1,1,ACCEPT,14.3235,1.1652,134,1,11,0.1493,122.87,266.04,11.81,9.24,120.50,237.50,9.00,7.00,0.0000,28.64,1,-1,3.1691,OUT_OF_RANGE,0,322,1792,8202,2,100,134,0,0,0,0
196,0,1,1,ACCEPT,7.8576,1.0122,83,11,-16,0.0482,124.93,263.79,11.81,9.24,120.50,237.00,11.00,8.00,0.0000,27.15,1,-14,1.2236,MAX_STEP,0,326,4124,5416,2,100,83,0,0,0,0
197,0,1,1,ACCEPT,8.2133,1.1014,76,27,-10,0.4605,129.99,262.38,11.81,9.24,120.00,237.00,10.00,10.00,0.0000,27.28,1,-1,2.9655,OUT_OF_RANGE,0,338,3210,4555,2,100,76,0,0,0,0
198,0,1,1,ACCEPT,7.6157,1.0769,56,15,19,0.4107,132.80,265.05,11.81,9.24,120.00,239.00,12.00,12.00,0.0000,29.03,1,12,1.7963,MAX_STEP,0,284,3952,4172,2,100,56,0,0,0,0
199,0,1,1,ACCEPT,16.3794,1.6392,159,27,11,0.1195,137.87,266.60,11.81,9.24,120.00,236.50,12.00,13.00,0.0000,35.00,1,0,3.5262,ACCEPT,0,484,2015,7409,2,100,159,0,0,0,0
200,0,1,1,ACCEPT,12.1312,1.3678,119,-5,-3,0.1261,136.93,266.18,11.81,9.24,120.00,235.00,12.00,14.00,0.0000,35.48,1,0,3.6239,ACCEPT,0,634,2747,7861,2,100,119,0,0,0,0
201,0,1,1,ACCEPT,14.6486,1.6863,172,6,-3,0.1221,138.05,265.76,11.81,9.24,120.00,234.00,10.00,14.00,0.0000,36.53,1,0,3.6351,ACCEPT,0,536,2159,6498,2,100,172,0,0,0,0
202,0,1,1,ACCEPT,13.8071,1.1977,103,1,-10,0.1068,138.24,264.35,11.81,9.24,120.00,234.00,12.00,16.00,0.0000,35.41,1,0,3.4159,ACCEPT,0,303,1355,8830,2,100,103,0,0,0,0
203,0,1,1,ACCEPT,21.5315,2.4091,159,1,4,0.0252,138.43,264.91,11.81,9.24,119.00,233.50,14.00,13.00,0.0000,36.94,1,0,3.6129,ACCEPT,0,333,935,11613,2,100,159,0,0,0,0
204,0,1,1,ACCEPT,15.4409,1.2805,105,-5,-3,0.0857,137.49,264.49,11.81,9.24,117.00,232.00,10.00,14.00,0.0000,38.41,1,0,3.5608,ACCEPT,0,298,2382,7166,2,100,105,0,0,0,0
205,0,1,1,ACCEPT,17.3789,1.6809,158,1,-3,0.0380,137.68,264.07,11.81,9.24,121.50,232.50,15.00,13.00,0.0000,35.47,1,0,3.5076,ACCEPT,0,408,1226,7315,2,100,158,0,0,0,0
206,0,1,1,ACCEPT,12.5139,1.2222,55,-31,5,0.0545,131.87,264.77,11.81,9.24,119.50,230.00,15.00,10.00,0.0000,36.91,1,-1,2.2440,OUT_OF_RANGE,0,201,2378,5085,2,100,55,0,0,0,0
207,0,1,1,ACCEPT,11.6043,1.0000,103,0,-10,0.0971,131.87,263.37,11.81,9.24,120.00,229.50,16.00,9.00,0.0000,35.89,1,-1,1.9892,OUT_OF_RANGE,0,250,1267,6299,2,100,103,0,0,0,0
208,0,1,1,ACCEPT,8.1112,1.0169,60,-6,26,0.2167,130.74,267.02,11.81,9.24,119.00,228.50,16.00,9.00,0.0000,40.27,1,-15,1.2573,MAX_STEP,0,285,1987,4718,2,100,60,0,0,0,0
209,0,1,1,ACCEPT,18.6948,1.3125,168,-22,-3,0.0357,126.62,266.60,11.81,9.24,121.00,227.50,16.00,9.00,0.0000,39.50,1,0,3.3880,ACCEPT,0,323,6571,2948,2,100,168,0,0,0,0
210,0,1,1,ACCEPT,18.4692,1.4830,218,-4,-10,0.0780,125.87,265.20,11.81,9.24,121.00,222.00,14.00,14.00,0.0000,43.47,1,0,3.5006,ACCEPT,0,419,6295,3153,2,100,218,0,0,0,0
211,0,1,1,ACCEPT,17.9291,1.2408,237,0,-3,0.3207,125.87,264.77,11.81,9.24,124.50,219.00,17.00,14.00,0.0000,45.79,1,0,3.5424,ACCEPT,0,443,2382,4290,2,100,237,0,0,0,0
212,0,1,1,ACCEPT,9.0170,1.0986,78,14,4,0.0641,128.49,265.34,11.81,9.24,126.50,219.00,19.00,14.00,0.0000,46.38,1,0,3.4573,ACCEPT,0,328,2997,3427,2,100,78,0,0,0,0
213,0,1,1,ACCEPT,9.4379,1.0349,89,27,19,0.1573,133.55,268.01,11.81,9.24,127.00,215.50,18.00,11.00,0.0000,52.92,1,-1,1.5438,OUT_OF_RANGE,0,301,3537,4400,2,100,89,0,0,0,0
214,0,1,1,ACCEPT,12.3503,1.1593,131,14,12,0.0916,136.18,269.70,11.81,9.24,127.00,213.00,18.00,16.00,0.0000,57.43,1,0,3.3610,ACCEPT,0,320,5682,2986,2,100,131,0,0,0,0
215,0,1,1,ACCEPT,14.1220,1.1696,131,-3,-10,0.1985,135.62,268.29,12.28,9.61,127.00,210.00,22.00,16.00,0.0000,58.92,1,1,2.2761,ACCEPT,0,261,6129,2907,2,100,131,0,0,0,0
216,0,1,1,ACCEPT,10.6210,1.0089,113,-16,7,0.5044,132.49,269.33,11.81,9.24,127.50,207.50,19.00,13.00,0.0000,62.03,1,-1,2.9227,ACCEPT,0,330,4865,2705,2,100,113,0,0,0,0
217,0,1,1,ACCEPT,16.8689,2.1852,118,6,-2,0.0424,133.62,269.05,11.81,9.24,127.50,203.50,17.00,11.00,0.0000,65.83,1,0,3.3248,ACCEPT,0,247,3717,2854,2,100,118,0,0,0,0
218,0,1,1,ACCEPT,14.5004,1.0865,113,4,-10,0.1150,134.37,267.64,11.81,9.24,127.50,203.00,19.00,14.00,0.0000,65.00,1,0,3.1867,ACCEPT,0,265,2399,3371,2,100,113,0,0,0,0
219,0,1,1,ACCEPT,14.0627,1.3939,92,10,-17,0.0978,136.24,265.25,11.81,9.24,127.50,198.00,19.00,12.00,0.0000,67.82,1,0,2.9696,ACCEPT,0,212,1526,3225,2,100,92,0,0,0,0
220,0,1,1,ACCEPT,14.4140,1.4600,73,-1,-10,0.1507,136.05,263.84,11.81,9.24,128.50,195.00,21.00,12.00,0.0000,69.26,1,0,3.2495,ACCEPT,0,187,2057,3151,2,100,73,0,0,0,0
221,0,1,1,ACCEPT,17.2666,1.9459,72,1,-24,0.0000,136.24,260.47,11.81,9.24,125.50,192.50,13.00,13.00,0.0000,68.81,1,0,3.1865,ACCEPT,0,167,949,4354,2,100,72,0,0,0,0
222,0,1,1,ACCEPT,14.9242,1.5319,72,-6,-17,0.0833,135.12,258.08,11.81,9.24,124.50,190.50,17.00,13.00,0.0000,68.41,1,0,3.2718,ACCEPT,0,212,1495,3801,2,100,72,0,0,0,0
223,0,1,1,ACCEPT,7.2201,1.1667,28,-19,-31,0.1786,131.55,253.72,11.81,9.24,125.00,188.00,16.00,12.00,0.0000,66.04,1,0,3.3934,ACCEPT,0,197,845,4541,2,100,28,0,0,0,0
224,0,1,1,ACCEPT,18.1525,1.4127,89,-5,-18,0.1124,130.62,251.19,11.81,9.24,124.00,185.50,14.00,15.00,0.0000,66.02,1,0,3.4959,ACCEPT,0,192,1432,4129,2,100,89,0,0,0,0
225,0,1,1,ACCEPT,12.2317,1.2308,80,21,-24,0.2125,134.55,247.81,11.81,9.24,125.00,183.50,12.00,15.00,0.0000,65.02,1,-1,1.6294,OUT_OF_RANGE,0,237,1495,3770,2,100,80,0,0,0,0
226,0,1,1,ACCEPT,14.8103,1.2105,69,-2,-24,0.2174,134.18,244.44,11.81,9.24,123.00,179.00,14.00,12.00,0.0000,66.39,1,0,3.3049,ACCEPT,0,207,888,5067,2,100,69,0,0,0,0
227,0,1,1,ACCEPT,19.2562,1.3000,143,7,-10,0.0699,135.49,243.03,11.81,9.24,124.00,176.50,16.00,13.00,0.0000,67.52,1,0,3.2340,ACCEPT,0,238,1245,6638,2,100,143,0,0,0,0
228,0,1,1,ACCEPT,17.3891,1.8852,115,-9,-17,0.1043,133.80,240.64,11.81,9.24,125.00,176.50,14.00,9.00,0.0000,64.74,1,0,3.1051,ACCEPT,0,301,676,5250,2,100,115,0,0,0,0
229,0,1,1,ACCEPT,17.3719,1.0952,115,3,-10,0.1739,134.37,239.23,11.81,9.24,124.00,172.50,16.00,13.00,0.0000,67.53,1,0,3.1233,ACCEPT,0,242,1880,4399,2,100,115,0,0,0,0
230,0,1,1,ACCEPT,17.5845,1.5063,119,1,-10,0.1176,134.55,237.83,11.81,9.24,122.50,170.50,19.00,15.00,0.0000,68.40,1,0,3.4900,ACCEPT,0,258,920,5381,2,100,119,0,0,0,0
231,0,1,1,ACCEPT,16.9203,1.2478,141,1,-10,0.2979,134.74,236.42,11.81,9.24,122.50,169.00,21.00,14.00,0.0000,68.52,1,0,3.5889,ACCEPT,0,263,1849,5074,2,100,141,0,0,0,0
232,0,1,1,ACCEPT,12.9066,1.0000,111,2,-3,0.0360,135.12,236.00,11.81,9.24,122.00,167.50,22.00,13.00,0.0000,69.74,1,0,3.3488,ACCEPT,0,295,1919,4273,2,100,111,0,0,0,0
233,0,1,1,ACCEPT,22.8773,1.7981,187,7,-10,0.1123,136.43,234.59,11.81,9.24,122.00,165.00,22.00,14.00,0.0000,71.07,1,0,3.4641,ACCEPT,0,300,1452,6177,2,100,187,0,0,0,0
234,0,1,1,ACCEPT,12.5972,1.1236,100,19,-24,0.0800,139.99,231.22,11.81,9.24,120.00,162.50,20.00,15.00,0.0000,71.57,1,0,2.9870,ACCEPT,0,304,2364,3308,2,100,100,0,0,0,0
235,0,1,1,ACCEPT,11.1664,1.2800,96,3,-2,0.0104,140.55,230.94,11.81,9.24,119.00,160.00,18.00,16.00,0.0000,74.14,1,-8,1.4035,MAX_STEP,0,272,4045,3305,2,100,96,0,0,0,0
236,0,1,1,ACCEPT,10.9517,1.2857,63,22,-23,0.1429,144.68,227.70,11.81,9.24,119.00,156.50,16.00,13.00,0.0000,75.69,1,-15,0.9705,MAX_STEP,0,209,8812,1409,2,100,63,0,0,0,0
237,0,1,1,ACCEPT,8.8397,1.0172,59,23,5,0.1695,148.99,228.41,11.81,9.24,119.50,155.50,17.00,11.00,0.0000,78.65,1,-1,1.9916,OUT_OF_RANGE,0,215,11814,1539,2,100,59,0,0,0,0
238,0,1,1,ACCEPT,12.2254,1.1395,49,0,-3,0.2041,148.99,227.98,11.81,9.24,120.00,154.00,18.00,12.00,0.0000,79.46,1,0,3.3819,ACCEPT,0,137,10683,1333,2,100,49,0,0,0,0
239,0,1,1,ACCEPT,13.0371,1.1509,61,33,12,0.1311,155.18,229.67,11.81,9.24,121.00,151.50,18.00,13.00,0.0000,85.32,1,-2,2.1525,OUT_OF_RANGE,0,144,10715,1616,2,100,61,0,0,0,0
240,0,1,1,ACCEPT,7.9814,1.0769,28,1,11,0.2857,155.37,231.22,11.81,9.24,119.50,151.00,23.00,18.00,0.0000,87.87,1,-9,1.4135,MAX_STEP,0,105,9643,1235,2,100,28,0,0,0,0
241,0,1,1,ACCEPT,10.3870,1.1087,51,7,25,0.3529,156.68,234.73,11.81,9.24,118.00,149.00,22.00,18.00,0.0000,94.06,1,-4,2.2569,MAX_STEP,0,175,7918,1818,2,100,51,0,0,0,0
242,0,1,1,ACCEPT,10.9704,1.1228,64,1,-25,0.4219,156.87,231.22,11.81,9.24,118.50,145.50,23.00,15.00,0.0000,93.91,1,0,2.5955,ACCEPT,0,273,3326,3735,2,100,64,0,0,0,0
243,0,1,1,ACCEPT,10.8854,1.0606,70,8,-11,0.0714,158.37,229.67,11.81,9.24,118.50,146.00,19.00,16.00,0.0000,92.68,1,0,3.2231,ACCEPT,0,301,3509,3360,2,100,70,0,0,0,0
244,0,1,1,ACCEPT,13.4044,1.2571,88,11,-25,0.2273,160.43,226.16,11.81,9.24,118.50,144.00,19.00,16.00,0.0000,92.24,1,0,3.5031,ACCEPT,0,281,3093,4457,2,100,88,0,0,0,0
245,0,1,1,ACCEPT,19.3742,1.4878,122,12,-18,0.0410,162.68,223.62,11.81,9.24,116.50,140.00,17.00,16.00,0.0000,95.53,1,0,3.5588,ACCEPT,0,344,3707,3531,2,100,122,0,0,0,0
246,0,1,1,ACCEPT,10.6382,1.0893,61,2,-18,0.2787,163.05,221.09,11.81,9.24,117.00,136.50,16.00,15.00,0.0000,96.32,1,0,3.5356,ACCEPT,0,232,2384,3939,2,100,61,0,0,0,0
247,0,1,1,ACCEPT,10.3891,1.0227,45,1,-17,0.1556,163.24,218.70,12.28,9.61,118.00,133.00,18.00,18.00,0.0000,96.91,1,1,3.0782,ACCEPT,0,181,2375,3586,2,100,45,0,0,0,0
248,0,1,1,ACCEPT,9.8147,1.1071,31,1,-27,0.0645,163.44,214.70,12.77,9.99,117.50,133.00,17.00,12.00,0.0000,93.73,1,1,2.9409,ACCEPT,0,148,2293,3079,2,100,31,0,0,0,0
249,0,1,1,ACCEPT,10.2759,1.1379,33,-3,-22,0.2424,162.83,211.26,13.28,10.39,118.00,129.00,14.00,12.00,0.0000,93.68,1,1,2.9885,ACCEPT,0,125,2141,3357,2,100,33,0,0,0,0
250,0,1,1,ACCEPT,13.7400,1.6923,44,-1,-23,0.2727,162.62,207.48,13.81,10.81,117.50,128.00,9.00,6.00,0.0000,91.40,1,1,2.9037,ACCEPT,0,138,2201,3030,2,100,44,0,0,0,0
251,0,1,1,ACCEPT,10.5675,1.0357,29,1,-19,0.3103,162.84,204.22,14.37,11.24,115.00,122.00,6.00,8.00,0.0000,95.12,1,1,3.1728,ACCEPT,0,157,2247,2949,2,100,29,0,0,0,0
252,0,1,1,ACCEPT,7.8410,1.0500,21,-3,-25,0.4762,162.16,199.92,14.94,11.69,122.50,119.50,31.00,15.00,0.0000,89.67,1,1,2.7437,ACCEPT,0,130,2402,2384,2,100,21,0,0,0,0
253,0,1,1,ACCEPT,11.8208,1.0741,29,11,-27,0.4483,164.73,195.07,14.94,11.69,119.00,115.00,16.00,12.00,0.0000,92.21,1,0,3.2990,ACCEPT,0,100,2230,2644,2,100,29,0,0,0,0
254,0,1,1,ACCEPT,9.2563,1.0370,28,-25,-27,0.3929,158.88,190.22,14.94,11.69,121.00,112.50,12.00,9.00,0.0000,86.46,1,4,1.3726,MAX_STEP,0,134,1929,3214,2,100,28,0,0,0,0
255,0,1,1,ACCEPT,12.5047,1.1452,71,25,-16,0.2676,164.73,187.34,14.94,11.69,119.50,108.50,13.00,13.00,0.0000,90.90,1,0,3.5552,ACCEPT,0,183,2508,4149,2,100,71,0,0,0,0
256,0,1,1,ACCEPT,14.5604,1.5333,92,3,-21,0.0870,165.44,183.57,14.94,11.69,119.00,104.50,14.00,13.00,0.0000,91.70,1,0,3.4781,ACCEPT,0,241,1925,4543,2,100,92,0,0,0,0
257,0,1,1,ACCEPT,22.8436,2.1000,168,1,-16,0.0476,165.67,180.70,14.94,11.69,120.50,103.50,15.00,9.00,0.0000,89.44,1,0,3.0588,ACCEPT,0,282,1692,5468,2,100,168,0,0,0,0
258,0,1,1,ACCEPT,18.7879,1.3047,167,6,-10,0.0240,167.08,178.90,14.94,11.69,121.50,100.50,15.00,13.00,0.0000,90.68,1,0,3.2347,ACCEPT,0,294,1448,6784,2,100,167,0,0,0,0
259,0,1,1,ACCEPT,14.5732,1.2429,87,-11,-21,0.1839,164.50,175.12,14.94,11.69,121.50,96.50,15.00,13.00,0.0000,89.62,1,0,3.5201,ACCEPT,0,250,1603,4738,2,100,87,0,0,0,0
260,0,1,1,ACCEPT,17.8930,1.7391,80,1,-16,0.0125,164.73,172.25,14.94,11.69,120.50,92.50,19.00,15.00,0.0000,91.20,1,0,3.4690,ACCEPT,0,191,1984,5176,2,100,80,0,0,0,0
261,0,1,1,ACCEPT,24.5757,2.0390,157,-7,-16,0.0000,163.09,169.38,14.37,11.24,124.00,89.00,26.00,18.00,0.0000,89.38,1,-1,2.1740,ACCEPT,0,261,2988,6760,2,100,157,0,0,0,0
262,0,1,1,ACCEPT,13.8422,1.1008,131,6,-14,0.2137,164.45,166.97,14.37,11.24,124.50,85.50,25.00,17.00,0.0000,90.74,1,0,3.3515,ACCEPT,0,396,1496,5786,2,100,131,0,0,0,0
263,0,1,1,ACCEPT,11.1615,1.1250,72,1,-25,0.1806,164.68,162.67,14.37,11.24,125.00,80.50,28.00,19.00,0.0000,91.25,1,0,3.3451,ACCEPT,0,318,1257,5246,2,100,72,0,0,0,0
264,0,1,1,ACCEPT,25.8239,1.6533,124,1,-20,0.1048,164.91,159.23,14.37,11.24,124.00,76.00,30.00,20.00,0.0000,92.74,1,0,3.3646,ACCEPT,0,209,1443,4977,2,100,124,0,0,0,0
265,0,1,1,ACCEPT,18.9475,1.0690,93,-4,-19,0.0753,164.00,155.97,14.37,11.24,126.00,71.00,22.00,20.00,0.0000,93.08,1,0,3.4969,ACCEPT,0,224,1871,4851,2,100,93,0,0,0,0
266,0,1,1,ACCEPT,19.7181,1.2581,78,11,-19,0.2308,166.49,152.70,14.37,11.24,125.00,66.00,26.00,20.00,0.0000,96.12,1,0,3.5238,ACCEPT,0,203,1621,4573,2,100,78,0,0,0,0
267,0,1,1,ACCEPT,17.1076,1.3333,68,3,-19,0.0294,167.17,149.44,14.37,11.24,124.50,61.50,27.00,23.00,0.0000,97.74,1,0,3.4941,ACCEPT,0,165,1747,4331,2,100,68,0,0,0,0
268,0,1,1,ACCEPT,14.4096,1.3333,52,1,-19,0.1538,167.40,146.17,14.37,11.24,124.00,56.50,28.00,23.00,0.0000,99.62,1,0,3.4380,ACCEPT,0,169,1310,4257,2,100,52,0,0,0,0
269,0,1,1,ACCEPT,10.9322,1.0909,36,0,-25,0.0278,167.40,141.88,14.37,11.24,126.50,52.00,27.00,22.00,0.0000,98.74,1,0,3.4792,ACCEPT,0,168,1617,3964,2,100,36,0,0,0,0
270,0,1,1,ACCEPT,18.7789,1.7027,63,0,-25,0.1429,167.40,137.58,14.37,11.24,124.50,49.00,25.00,20.00,0.0000,98.42,1,0,2.9234,ACCEPT,0,157,1421,4353,2,100,63,0,0,0,0
271,0,1,1,ACCEPT,11.9924,1.0000,44,2,-19,0.1136,167.85,134.31,14.37,11.24,124.50,44.50,23.00,19.00,0.0000,99.73,1,0,3.4357,ACCEPT,0,189,1725,3926,2,100,44,0,0,0,0
272,0,1,1,ACCEPT,11.0072,1.0000,49,0,-14,0.1020,167.85,131.91,14.37,11.24,125.50,40.50,25.00,21.00,0.0000,100.74,1,0,3.4230,ACCEPT,0,143,1250,6317,2,100,49,0,0,0,0
273,0,1,1,ACCEPT,10.4155,1.1579,66,-20,-7,0.1061,163.32,130.70,13.81,10.81,123.50,37.00,25.00,16.00,0.0000,101.81,1,-1,2.8731,ACCEPT,0,230,1473,5543,2,100,66,0,0,0,0
274,0,1,1,ACCEPT,17.0336,1.3939,138,7,-2,0.0435,164.85,130.36,13.28,10.39,125.50,33.00,29.00,18.00,0.0000,105.01,1,-1,2.9088,ACCEPT,0,410,1457,8786,2,100,138,0,0,0,0
275,0,1,1,ACCEPT,17.0670,1.4180,173,-4,1,0.4509,164.01,130.52,13.28,10.39,124.50,28.50,27.00,19.00,0.0000,109.41,1,0,3.2086,ACCEPT,0,431,1413,8071,2,100,173,0,0,0,0
276,0,1,1,ACCEPT,12.6607,1.2143,136,1,-5,0.1691,164.22,129.70,13.28,10.39,125.50,26.00,27.00,20.00,0.0000,110.70,1,0,3.3021,ACCEPT,0,415,1376,7660,2,100,136,0,0,0,0
0,0,0,0,ZERO_RESPONSE,0.0000,0.0000,0,0,0,0.0000,142.00,323.50,24.00,15.00,142.00,323.50,24.00,15.00,1.0000,0.00,1,0,0.0000,NOT_RUN,0,0,7136,3965,3,150,0,0,0,0,0
1,0,1,1,ACCEPT,38.8904,6.2500,100,-2,0,0.7000,141.25,323.50,24.00,15.00,140.50,323.50,25.00,15.00,0.9406,0.75,1,0,3.2769,ACCEPT,0,97,6816,2969,3,150,100,0,0,0,0
2,0,1,1,ACCEPT,30.1280,5.7143,80,2,1,0.6125,142.00,323.73,24.00,15.00,140.50,323.50,25.00,15.00,0.8589,1.52,1,0,3.2393,ACCEPT,0,112,6390,2622,3,150,80,0,0,0,0
3,0,1,1,ACCEPT,33.0232,6.1429,86,-3,1,0.4651,140.88,323.97,24.00,15.00,140.00,324.00,26.00,16.00,0.8654,0.88,1,0,3.2515,ACCEPT,0,95,6412,2698,3,150,86,0,0,0,0
4,0,1,1,ACCEPT,30.9654,5.3889,97,1,1,0.8969,141.25,324.20,24.00,15.00,139.50,323.50,27.00,15.00,0.7981,1.89,1,0,3.2714,ACCEPT,0,99,5608,3475,3,150,97,0,0,0,0
5,0,1,1,ACCEPT,37.6785,7.3000,146,-1,0,0.9452,140.88,324.20,24.00,15.00,139.50,324.50,25.00,13.00,0.7821,1.41,1,0,3.2617,ACCEPT,0,175,5222,3373,3,150,146,0,0,0,0
6,0,1,1,ACCEPT,29.4277,4.7857,134,0,0,1.0000,140.88,324.20,24.00,15.00,140.00,325.00,26.00,12.00,0.7500,1.18,1,0,3.3186,ACCEPT,0,146,4565,3565,3,150,134,0,0,0,0
7,0,1,1,ACCEPT,33.3795,5.4815,148,-2,1,0.8108,140.12,324.44,24.00,15.00,139.00,325.50,26.00,11.00,0.6850,1.55,1,0,3.3085,ACCEPT,0,160,4823,2793,3,150,148,0,0,0,0
8,0,1,1,ACCEPT,26.7721,5.2917,127,1,0,0.8504,140.50,324.44,24.00,15.00,138.50,325.00,27.00,12.00,0.7015,2.08,1,0,3.2897,ACCEPT,0,180,3983,3078,3,150,127,0,0,0,0
9,0,1,1,ACCEPT,25.6102,4.6400,116,-4,-1,0.2931,139.00,324.20,24.00,15.00,138.00,324.50,28.00,13.00,0.7573,1.04,1,0,3.3787,ACCEPT,0,151,4139,3099,3,150,116,0,0,0,0
10,0,1,1,ACCEPT,22.7262,4.0333,121,3,-3,0.4463,140.12,323.50,24.00,15.00,140.00,324.50,24.00,13.00,0.8583,1.01,1,0,3.2607,ACCEPT,0,208,3083,4796,3,150,121,0,0,0,0
11,0,1,1,ACCEPT,24.4169,4.9630,134,-2,-4,0.0373,139.38,322.56,24.00,15.00,139.50,324.00,23.00,12.00,0.7667,1.44,1,0,3.1682,ACCEPT,0,188,3484,3937,3,150,134,0,0,0,0
12,0,1,1,ACCEPT,22.0412,4.4516,138,1,-3,0.5435,139.75,321.86,24.00,15.00,138.50,322.50,25.00,13.00,0.7897,1.40,1,0,3.1505,ACCEPT,0,198,2689,4801,3,150,138,0,0,0,0
13,0,1,1,ACCEPT,17.8095,3.5429,124,-5,-1,0.1613,137.88,321.62,24.00,15.00,137.00,322.00,26.00,12.00,0.7500,0.95,1,0,3.2813,ACCEPT,0,235,2841,4106,3,150,124,0,0,0,0
14,0,1,1,ACCEPT,14.3916,2.5217,116,1,-1,0.8534,138.25,321.39,24.00,15.00,137.50,322.50,25.00,11.00,0.6990,1.34,1,0,3.1606,ACCEPT,0,240,2309,5038,3,150,116,0,0,0,0
15,0,1,1,ACCEPT,13.8756,2.7727,122,-2,4,0.4590,137.50,322.33,24.00,15.00,136.00,322.50,26.00,11.00,0.6671,1.51,1,0,3.2441,ACCEPT,0,261,2883,4125,3,150,122,0,0,0,0
16,0,1,1,ACCEPT,13.6671,2.3818,131,0,-1,0.9847,137.50,322.09,24.00,15.00,136.50,321.50,27.00,13.00,0.7820,1.16,1,0,3.4968,ACCEPT,0,338,2041,6143,3,150,131,0,0,0,0
17,0,1,1,ACCEPT,14.7029,2.2794,155,-2,-1,0.6645,136.75,321.86,24.00,15.00,136.00,321.00,28.00,14.00,0.7710,1.14,1,0,3.5332,ACCEPT,0,315,2613,4312,3,150,155,0,0,0,0
18,0,1,1,ACCEPT,15.8965,2.1970,145,2,-1,0.6966,137.50,321.62,24.00,15.00,136.50,321.00,27.00,14.00,0.8222,1.18,1,0,3.1954,ACCEPT,0,280,1787,5703,3,150,145,0,0,0,0
19,0,1,1,ACCEPT,13.9008,2.1622,160,-3,-2,0.5000,136.38,321.16,24.00,15.00,137.00,321.50,26.00,13.00,0.8083,0.71,1,0,3.2009,ACCEPT,0,352,2706,5815,3,150,160,0,0,0,0
20,0,1,1,ACCEPT,19.1852,3.5429,248,4,1,0.3145,137.88,321.39,24.00,15.00,137.00,322.50,26.00,11.00,0.6911,1.41,1,0,3.3298,ACCEPT,0,517,1807,6566,3,150,248,0,0,0,0
21,0,1,1,ACCEPT,18.7353,2.4112,258,-2,1,0.6279,137.12,321.62,24.00,15.00,137.00,322.00,26.00,12.00,0.7500,0.40,1,0,3.4208,ACCEPT,0,597,2057,6314,3,150,258,0,0,0,0
22,0,1,1,ACCEPT,18.8084,2.0075,269,2,-2,0.4424,137.88,321.16,24.00,15.00,137.00,322.00,24.00,10.00,0.6271,1.22,1,0,3.1347,ACCEPT,0,553,1780,7789,3,150,269,0,0,0,0
23,0,1,1,ACCEPT,19.9642,2.8137,287,-1,2,0.6969,137.50,321.62,24.00,15.00,136.00,321.00,26.00,12.00,0.7231,1.62,1,0,3.4461,ACCEPT,0,573,2082,6180,3,150,287,0,0,0,0
24,0,1,1,ACCEPT,20.7935,3.3407,304,0,-3,0.5132,137.50,320.92,24.00,15.00,138.00,321.50,26.00,13.00,0.8083,0.76,1,0,3.1784,ACCEPT,0,522,1511,8433,3,150,304,0,0,0,0
25,0,1,1,ACCEPT,18.9879,2.2826,315,-3,0,0.6286,136.38,320.92,24.00,15.00,137.00,320.50,26.00,13.00,0.8083,0.75,1,0,3.1721,ACCEPT,0,594,2073,6697,3,150,315,0,0,0,0
26,0,1,1,ACCEPT,21.3684,3.9263,373,3,0,0.4236,137.50,320.92,24.00,15.00,136.50,322.00,27.00,10.00,0.6154,1.47,1,0,3.2346,ACCEPT,0,615,1655,7322,3,150,373,0,0,0,0
27,0,1,1,ACCEPT,19.6518,2.7842,387,-3,-2,0.4987,136.38,320.45,24.00,15.00,136.00,321.50,26.00,11.00,0.6911,1.11,1,0,3.2075,ACCEPT,0,762,1387,6412,3,150,387,0,0,0,0
28,0,1,1,ACCEPT,16.5233,2.8774,305,3,1,0.6852,137.50,320.69,24.00,15.00,133.50,320.00,21.00,14.00,0.6413,4.06,1,0,3.3155,ACCEPT,0,668,1436,8166,3,150,305,0,0,0,0
29,0,1,1,ACCEPT,16.8047,2.3500,423,-5,-4,0.4137,135.62,319.75,24.00,15.00,135.00,320.00,26.00,14.00,0.8660,0.67,1,0,3.0639,ACCEPT,0,853,1210,9139,3,150,423,0,0,0,0
30,0,1,1,ACCEPT,18.4015,2.1133,429,1,-1,0.8135,136.00,319.52,24.00,15.00,136.00,319.00,26.00,16.00,0.8637,0.52,1,0,3.1273,ACCEPT,0,926,1414,8216,3,150,429,0,0,0,0
31,0,1,1,ACCEPT,18.0497,1.7633,432,-1,-1,0.9120,135.62,319.28,24.00,15.00,135.00,318.50,26.00,17.00,0.8145,1.00,1,0,3.1476,ACCEPT,0,886,1252,6877,3,150,432,0,0,0,0
32,0,1,1,ACCEPT,15.2933,1.3305,310,0,3,0.8194,135.62,319.98,24.00,15.00,135.00,318.00,26.00,18.00,0.7263,2.08,1,0,3.2456,ACCEPT,0,693,1491,7739,3,150,310,0,0,0,0
33,0,1,1,ACCEPT,16.1858,1.9268,474,-3,-2,0.6203,134.50,319.52,24.00,15.00,134.50,318.00,25.00,16.00,0.7909,1.52,1,0,3.2386,ACCEPT,0,1115,1304,7494,3,150,474,0,0,0,0
34,0,1,1,ACCEPT,16.6322,1.4844,380,1,-1,0.8605,134.88,319.28,24.00,15.00,135.00,319.50,26.00,13.00,0.8083,0.25,1,0,3.2173,ACCEPT,0,813,1377,8299,3,150,380,0,0,0,0
35,0,1,1,ACCEPT,16.1520,1.7281,394,-1,0,0.8756,134.50,319.28,24.00,15.00,134.00,318.50,26.00,15.00,0.8349,0.93,1,0,3.3330,ACCEPT,0,956,1250,7786,3,150,394,0,0,0,0
36,0,1,1,ACCEPT,15.5256,1.6520,337,-4,-1,0.2967,133.00,319.05,24.00,15.00,135.50,318.50,25.00,15.00,0.7625,2.56,1,0,3.3023,ACCEPT,0,719,1158,7772,3,150,337,0,0,0,0
37,0,1,1,ACCEPT,16.2130,1.9158,364,3,0,0.6896,134.12,319.05,24.00,15.00,135.00,318.00,24.00,14.00,0.8083,1.36,1,0,3.3140,ACCEPT,0,799,1388,7055,3,150,364,0,0,0,0
38,0,1,1,ACCEPT,17.5288,2.8397,372,-2,0,0.7581,133.38,319.05,24.00,15.00,135.00,317.50,26.00,15.00,0.7220,2.24,1,0,3.3283,ACCEPT,0,689,1301,6498,3,150,372,0,0,0,0
39,0,1,1,ACCEPT,19.4509,2.7047,403,1,0,0.8412,133.75,319.05,24.00,15.00,135.00,318.50,28.00,17.00,0.7563,1.36,1,0,3.1707,ACCEPT,0,813,965,8458,3,150,403,0,0,0,0
40,0,1,1,ACCEPT,17.8787,2.6154,374,-3,0,0.5909,132.62,319.05,24.00,15.00,134.50,318.50,29.00,13.00,0.7341,1.95,1,0,3.2333,ACCEPT,0,903,932,6681,3,150,374,0,0,0,0
41,0,1,1,ACCEPT,19.8128,2.9821,334,1,2,0.8862,133.00,319.52,24.00,15.00,133.50,319.00,25.00,14.00,0.8965,0.72,1,0,3.2709,ACCEPT,0,620,779,7084,3,150,334,0,0,0,0
42,0,1,1,ACCEPT,17.9802,2.6202,338,-1,-3,0.7722,132.62,318.81,24.00,15.00,135.50,319.00,21.00,14.00,0.7245,2.88,1,0,3.0904,ACCEPT,0,689,781,7916,3,150,338,0,0,0,0
43,0,1,1,ACCEPT,21.3936,4.1892,465,-1,1,0.8968,132.25,319.05,24.00,15.00,135.00,318.50,22.00,13.00,0.6878,2.80,1,0,3.1820,ACCEPT,0,956,619,7987,3,150,465,0,0,0,0
44,0,1,1,ACCEPT,20.3498,2.5385,429,1,3,0.8275,132.62,319.75,24.00,15.00,134.50,319.00,23.00,14.00,0.7730,2.02,1,0,3.1912,ACCEPT,0,828,837,7369,3,150,429,0,0,0,0
45,0,1,1,ACCEPT,16.7393,2.4833,447,-1,-1,0.8926,132.25,319.52,24.00,15.00,135.50,319.50,23.00,15.00,0.7556,3.25,1,0,3.2139,ACCEPT,0,1051,859,7671,3,150,447,0,0,0,0
46,0,1,1,ACCEPT,15.3743,1.7881,422,-1,-1,0.9976,131.88,319.28,24.00,15.00,133.50,319.50,27.00,13.00,0.7747,1.64,1,0,3.0368,ACCEPT,0,1283,1188,6109,3,150,422,0,0,0,0
47,0,1,1,ACCEPT,14.0671,1.9826,456,0,3,0.5504,131.88,319.98,24.00,15.00,133.50,320.00,29.00,14.00,0.7814,1.63,1,0,3.2415,ACCEPT,0,1589,1411,5410,3,150,456,0,0,0,0
48,0,1,1,ACCEPT,13.4146,2.5474,484,-2,-2,0.7479,131.12,319.52,24.00,15.00,133.50,320.00,27.00,12.00,0.6827,2.42,1,0,3.3001,ACCEPT,0,1719,1524,5889,3,150,484,0,0,0,0
49,0,1,1,ACCEPT,14.8946,2.7424,543,1,-2,0.6722,131.50,319.05,24.00,15.00,133.50,321.00,23.00,10.00,0.5733,2.80,1,0,3.0709,ACCEPT,0,1615,1469,5858,3,150,543,0,0,0,0
50,0,1,1,ACCEPT,11.2869,1.7826,451,-2,4,0.1863,130.75,319.98,24.00,15.00,131.50,322.50,21.00,9.00,0.5250,2.63,1,0,3.3933,ACCEPT,0,1825,1779,7675,3,150,451,0,0,0,0
51,0,1,1,ACCEPT,12.7200,2.2034,650,2,-1,0.7646,131.50,319.75,24.00,15.00,130.00,321.00,24.00,12.00,0.7143,1.95,1,0,3.4195,ACCEPT,0,2044,1841,7127,3,150,650,0,0,0,0
52,0,1,1,ACCEPT,8.0515,1.3466,338,-2,-2,0.7544,130.75,319.28,24.00,15.00,130.00,320.50,28.00,13.00,0.7352,1.43,1,0,3.2013,ACCEPT,0,1670,1491,8040,3,150,338,0,0,0,0
53,0,1,1,ACCEPT,11.7068,1.8264,526,1,1,0.8745,131.12,319.52,24.00,15.00,131.00,318.50,28.00,15.00,0.7553,1.02,1,0,3.1317,ACCEPT,0,1752,1587,9125,3,150,526,0,0,0,0
54,0,1,1,ACCEPT,9.9512,1.7077,485,-1,-4,0.6124,130.75,318.58,24.00,15.00,126.00,320.00,18.00,12.00,0.5118,4.96,1,0,2.8809,ACCEPT,0,1870,1479,10677,3,150,485,0,0,0,0
55,0,1,1,ACCEPT,5.8648,1.0239,300,-1,-14,0.7867,130.38,315.30,25.96,16.22,124.50,319.00,19.00,14.00,0.3806,6.94,1,2,2.0341,ACCEPT,0,1754,1443,12183,3,150,300,0,0,0,0
56,0,1,1,ACCEPT,6.8188,1.2521,447,-1,9,0.7204,129.97,317.55,25.96,16.22,123.00,319.00,16.00,14.00,0.4217,7.12,1,0,2.6219,ACCEPT,0,2513,1415,11524,3,150,447,0,0,0,0
57,0,1,1,ACCEPT,8.9538,1.6425,611,-1,-2,0.8691,129.56,317.05,25.96,16.22,123.00,320.50,16.00,13.00,0.3435,7.42,1,0,2.9814,ACCEPT,0,2567,1619,15011,3,150,611,0,0,0,0
58,0,1,1,ACCEPT,12.2972,2.0876,1025,-4,2,0.2039,127.94,317.55,25.96,16.22,122.50,319.50,13.00,11.00,0.3395,5.78,1,0,3.0629,ACCEPT,0,3057,1056,14796,3,150,1025,0,0,0,0
59,0,1,1,ACCEPT,9.4549,1.5257,653,0,-2,0.8070,127.94,317.05,25.96,16.22,121.50,320.00,11.00,10.00,0.2612,7.08,1,0,3.0370,ACCEPT,0,2267,1176,17518,3,150,653,0,0,0,0
60,0,1,1,ACCEPT,6.9795,1.2393,523,-4,6,0.1663,126.31,318.55,24.96,15.60,120.00,320.00,12.00,8.00,0.2465,6.48,1,-1,2.4362,ACCEPT,0,2819,1203,15840,3,150,523,0,0,0,0
61,0,1,1,ACCEPT,7.8564,1.2940,559,-1,-2,0.8569,125.92,318.06,25.96,16.22,0.00,0.00,0.00,0.00,0.0000,342.08,1,1,2.5328,ACCEPT,0,2561,1047,16521,3,150,559,0,0,0,0
62,0,1,1,ACCEPT,6.7728,1.1439,469,-5,9,0.0469,123.89,320.31,25.96,16.22,0.00,0.00,0.00,0.00,0.0000,343.44,1,0,2.0596,ACCEPT,0,2625,951,17415,3,150,469,0,0,0,0
63,0,1,1,ACCEPT,8.2174,1.4144,529,0,2,0.7297,123.89,320.81,27.00,16.87,0.00,0.00,0.00,0.00,0.0000,343.90,1,1,2.3652,ACCEPT,0,2161,1508,15201,3,150,529,0,0,0,0
64,0,1,1,ACCEPT,7.5433,1.4205,500,-1,0,0.9620,123.47,320.81,29.20,18.25,119.00,315.50,8.00,5.00,0.0751,6.94,1,2,2.4319,ACCEPT,0,2326,1094,15290,3,150,500,0,0,0,0
65,0,1,1,ACCEPT,7.5454,1.1394,425,-1,0,0.9788,123.02,320.81,30.37,18.98,122.50,316.00,15.00,6.00,0.1561,4.84,1,1,2.9171,ACCEPT,0,1989,1415,14249,3,150,425,0,0,0,0
66,0,1,1,ACCEPT,8.0822,1.3779,474,-2,1,0.8629,122.06,321.11,31.58,19.74,123.00,317.50,18.00,7.00,0.2021,3.73,1,1,2.8011,ACCEPT,0,2437,1046,16149,3,150,474,0,0,0,0
67,0,1,1,ACCEPT,9.7199,1.6538,516,0,-2,0.7636,122.06,320.50,32.85,20.53,126.50,316.50,27.00,11.00,0.4057,5.97,1,1,2.8880,ACCEPT,0,2010,1865,14352,3,150,516,0,0,0,0
68,0,1,1,ACCEPT,9.7712,1.5132,516,-2,-2,0.6318,121.03,319.86,34.16,21.35,126.50,314.50,27.00,13.00,0.3786,7.66,1,1,2.5996,ACCEPT,0,1866,1659,15047,3,150,516,0,0,0,0
69,0,1,1,ACCEPT,10.9984,1.6711,625,-1,1,0.8976,120.50,320.20,35.53,22.20,127.00,314.00,28.00,12.00,0.3244,8.98,1,1,2.6444,ACCEPT,0,1954,1079,19960,3,150,625,0,0,0,0
70,0,1,1,ACCEPT,13.0673,1.8551,781,-4,2,0.2650,118.28,320.88,36.95,23.09,126.50,315.00,27.00,10.00,0.2682,10.11,1,1,2.5581,ACCEPT,0,1972,790,17930,3,150,781,0,0,0,0
71,0,1,1,ACCEPT,13.3533,2.1042,808,2,-1,0.7017,119.44,320.52,38.42,24.02,127.00,316.00,26.00,10.00,0.2633,8.81,1,1,2.6365,ACCEPT,0,2106,1030,17967,3,150,808,0,0,0,0
72,0,1,1,ACCEPT,14.7337,2.5932,918,-2,-2,0.4357,118.23,319.77,39.96,24.98,124.00,313.50,24.00,11.00,0.2645,8.52,1,1,2.7611,ACCEPT,0,2454,1675,13652,3,150,918,0,0,0,0
73,0,1,1,ACCEPT,15.3564,2.5101,999,1,0,0.9680,118.86,319.77,41.56,25.98,122.50,314.50,21.00,9.00,0.1751,6.41,1,1,2.7531,ACCEPT,0,2900,1401,13668,3,150,999,0,0,0,0
74,0,1,1,ACCEPT,15.5552,2.3349,1004,-3,-2,0.6245,116.91,318.96,41.56,25.98,119.50,313.50,17.00,9.00,0.1417,6.04,1,0,2.8461,ACCEPT,0,2489,913,16098,3,150,1004,0,0,0,0
75,0,1,1,ACCEPT,20.1040,3.7855,1306,1,-1,0.8691,117.56,318.55,41.56,25.98,123.00,313.00,18.00,8.00,0.1334,7.77,1,0,3.0847,ACCEPT,0,2615,1048,18010,3,150,1306,0,0,0,0
76,0,1,1,ACCEPT,23.6457,4.4111,1588,-1,-2,0.5730,116.91,317.74,43.22,27.01,122.00,312.50,20.00,9.00,0.1542,7.30,1,1,3.0258,ACCEPT,0,2496,1248,15500,3,150,1588,0,0,0,0
77,0,1,1,ACCEPT,22.0877,3.5707,1389,2,-2,0.3744,118.26,316.90,43.22,27.01,122.00,311.00,22.00,10.00,0.1884,6.99,1,0,2.8581,ACCEPT,0,2140,1401,17469,3,150,1389,0,0,0,0
78,0,1,1,ACCEPT,24.9549,4.2090,1591,0,-3,0.4708,118.26,315.63,43.22,27.01,120.00,308.50,22.00,9.00,0.1696,7.34,1,0,2.8786,ACCEPT,0,2068,1171,15896,3,150,1591,0,0,0,0
79,0,1,1,ACCEPT,23.6110,4.4448,1369,2,-5,0.1768,119.60,313.52,43.22,27.01,120.00,306.50,18.00,9.00,0.1387,7.03,1,0,2.8249,ACCEPT,0,1995,1239,14199,3,150,1369,0,0,0,0
80,0,1,1,ACCEPT,26.0637,4.3698,1477,-2,-4,0.1638,118.26,311.84,43.22,27.01,121.00,305.50,18.00,7.00,0.1079,6.90,1,0,2.9065,ACCEPT,0,2050,1277,12652,3,150,1477,0,0,0,0
81,0,1,1,ACCEPT,26.2125,4.0629,1422,3,-3,0.3179,120.27,310.57,43.22,27.01,121.00,305.50,18.00,9.00,0.1387,5.12,1,0,2.9290,ACCEPT,0,1788,1264,13144,3,150,1422,0,0,0,0
82,0,1,1,ACCEPT,26.6526,4.1597,1485,-1,-4,0.1535,119.60,308.88,43.22,27.01,119.00,303.50,16.00,11.00,0.1507,5.42,1,0,2.9164,ACCEPT,0,1834,1181,13919,3,150,1485,0,0,0,0
83,0,1,1,ACCEPT,26.0485,4.4731,1579,0,-3,0.4535,119.60,307.62,43.22,27.01,121.00,302.00,18.00,10.00,0.1542,5.79,1,0,2.9918,ACCEPT,0,2330,1185,14144,3,150,1579,0,0,0,0
84,0,1,1,ACCEPT,26.7233,4.9422,1626,0,-3,0.4151,119.60,306.35,43.22,27.01,122.00,301.00,20.00,12.00,0.2055,5.86,1,0,3.0871,ACCEPT,0,2363,1185,12913,3,150,1626,0,0,0,0
85,0,1,1,ACCEPT,24.6385,4.4928,1568,1,-1,0.8450,120.27,305.93,43.22,27.01,121.50,300.50,21.00,9.00,0.1619,5.57,1,0,2.9879,ACCEPT,0,2186,1190,13308,3,150,1568,0,0,0,0
86,0,1,1,ACCEPT,21.8543,4.0000,1508,1,-3,0.3130,120.95,304.66,43.22,27.01,119.00,298.50,16.00,9.00,0.1233,6.46,1,0,2.9558,ACCEPT,0,2305,1030,12592,3,150,1508,0,0,0,0
87,0,1,1,ACCEPT,20.3143,3.4228,1352,1,-3,0.4112,121.62,303.40,43.22,27.01,119.50,298.00,15.00,10.00,0.1285,5.80,1,0,2.9269,ACCEPT,0,2070,815,15315,3,150,1352,0,0,0,0
88,0,1,1,ACCEPT,17.8135,2.8129,1353,-1,-1,0.8869,120.95,302.98,43.22,27.01,119.00,297.00,16.00,10.00,0.1370,6.29,1,0,2.2883,ACCEPT,0,2426,781,16827,3,150,1353,0,0,0,0
89,0,1,1,ACCEPT,16.0723,2.3612,1242,2,-3,0.3494,122.29,301.71,43.22,27.01,116.00,294.50,12.00,7.00,0.0719,9.57,1,0,2.8412,ACCEPT,0,2399,791,19593,3,150,1242,0,0,0,0
90,0,1,1,ACCEPT,15.4652,2.0065,1236,0,-4,0.3916,122.29,300.02,43.22,27.01,119.50,293.00,15.00,8.00,0.1028,7.56,1,0,2.8546,ACCEPT,0,2515,1012,15371,3,150,1236,0,0,0,0
91,0,1,1,ACCEPT,18.7153,2.1975,1435,1,-2,0.6383,122.96,299.18,43.22,27.01,115.00,290.00,10.00,10.00,0.0794,12.15,1,0,2.7696,ACCEPT,0,3081,1302,13691,3,150,1435,0,0,0,0
92,0,1,1,ACCEPT,18.1242,1.8625,1341,-1,-2,0.5951,122.29,298.34,41.56,25.98,116.50,287.50,9.00,11.00,0.0621,12.29,1,-1,2.8587,ACCEPT,0,2589,1814,11539,3,150,1341,0,0,0,0
93,0,1,1,ACCEPT,18.6650,1.8690,1355,1,-2,0.6627,122.94,297.52,41.56,25.98,117.00,287.00,10.00,10.00,0.0676,12.08,1,0,2.9802,ACCEPT,0,2597,1349,15125,3,150,1355,0,0,0,0
94,0,1,1,ACCEPT,20.6854,2.5887,1517,-1,-4,0.2175,122.29,295.90,39.96,24.98,116.00,286.00,6.00,10.00,0.0450,11.73,1,-1,3.0290,ACCEPT,0,2961,1621,14885,3,150,1517,0,0,0,0
95,0,1,1,ACCEPT,19.7768,2.3229,1482,2,-1,0.6727,123.54,295.51,39.96,24.98,117.00,284.00,14.00,12.00,0.0915,13.24,1,0,3.1620,ACCEPT,0,2578,1477,12352,3,150,1482,0,0,0,0
96,0,1,1,ACCEPT,23.7660,3.7884,1629,-2,-3,0.3143,122.29,294.34,39.96,24.98,115.00,284.50,10.00,11.00,0.0794,12.24,1,0,3.0460,ACCEPT,0,2827,1174,14574,3,150,1629,0,0,0,0
97,0,1,1,ACCEPT,19.9585,3.2629,1266,2,0,0.8096,123.54,294.34,39.96,24.98,123.00,281.00,26.00,8.00,0.0729,13.35,1,0,3.1032,ACCEPT,0,2150,1125,13256,3,150,1266,0,0,0,0
98,0,1,1,ACCEPT,18.5282,3.3215,1312,-3,-3,0.3354,121.66,293.16,39.96,24.98,122.50,279.00,23.00,12.00,0.0847,14.19,1,0,3.0892,ACCEPT,0,2241,1152,11873,3,150,1312,0,0,0,0
99,0,1,1,ACCEPT,15.6200,2.3645,960,1,-4,0.3385,122.29,291.60,39.96,24.98,122.50,276.00,25.00,10.00,0.0393,15.60,1,0,3.2920,ACCEPT,0,2039,1110,12470,3,150,960,0,0,0,0
100,0,1,1,ACCEPT,15.4668,2.7070,961,-1,-5,0.3174,121.66,289.65,39.96,24.98,122.00,277.50,26.00,9.00,0.1137,12.15,1,0,3.2310,ACCEPT,0,2118,1008,13353,3,150,961,0,0,0,0
101,0,1,1,ACCEPT,14.9713,2.2755,958,0,-3,0.5219,121.66,288.48,39.96,24.98,121.00,276.00,24.00,14.00,0.1443,12.49,1,0,3.0940,ACCEPT,0,2157,684,14805,3,150,958,0,0,0,0
102,0,1,1,ACCEPT,12.9807,2.2527,820,-2,-2,0.8171,120.41,287.70,39.96,24.98,121.00,275.50,26.00,13.00,0.1523,12.21,1,0,3.2129,ACCEPT,0,2105,909,12048,3,150,820,0,0,0,0
103,0,1,1,ACCEPT,14.7426,2.5200,882,2,-5,0.1542,121.66,285.74,41.56,25.98,121.00,273.50,26.00,15.00,0.1708,12.26,1,1,2.7551,ACCEPT,0,2145,1181,12451,3,150,882,0,0,0,0
104,0,1,1,ACCEPT,16.5074,2.7139,1072,-3,-3,0.5616,119.72,284.52,41.56,25.98,121.00,271.50,28.00,17.00,0.1797,13.09,1,0,2.8010,ACCEPT,0,2617,1021,13375,3,150,1072,0,0,0,0
105,0,1,1,ACCEPT,16.3739,2.3675,1108,0,-3,0.5415,119.72,283.30,41.56,25.98,121.00,268.00,26.00,12.00,0.0739,15.36,1,0,2.8575,ACCEPT,0,2318,815,13805,3,150,1108,0,0,0,0
106,0,1,1,ACCEPT,17.8006,2.5184,1166,-1,0,0.9614,119.07,283.30,41.56,25.98,120.50,267.00,27.00,12.00,0.0544,16.37,1,0,2.9133,ACCEPT,0,2225,870,12178,3,150,1166,0,0,0,0
107,0,1,1,ACCEPT,16.8838,2.9203,1063,1,-3,0.3565,119.72,282.09,41.56,25.98,121.00,266.00,28.00,12.00,0.0609,16.14,1,0,3.1478,ACCEPT,0,2008,1220,11108,3,150,1063,0,0,0,0
108,0,1,1,ACCEPT,19.0071,3.5097,1088,-1,-3,0.6333,119.07,280.87,41.56,25.98,120.50,265.50,25.00,11.00,0.0611,15.43,1,0,2.9862,ACCEPT,0,2129,1159,13705,3,150,1088,0,0,0,0
109,0,1,1,ACCEPT,19.8789,3.5897,1260,2,-3,0.4206,120.37,279.65,41.56,25.98,121.50,264.50,27.00,11.00,0.0701,15.19,1,0,2.8594,ACCEPT,0,2282,1241,13697,3,150,1260,0,0,0,0
110,0,1,1,ACCEPT,20.0143,3.5303,1225,0,-2,0.7192,120.37,278.84,41.56,25.98,121.50,263.00,27.00,10.00,0.0450,15.88,1,0,2.8173,ACCEPT,0,2036,1056,12908,3,150,1225,0,0,0,0
111,0,1,1,ACCEPT,19.2565,3.3902,1312,1,-2,0.6692,121.02,278.02,41.56,25.98,121.50,262.50,27.00,11.00,0.0617,15.53,1,0,2.7767,ACCEPT,0,2370,949,14803,3,150,1312,0,0,0,0
112,0,1,1,ACCEPT,20.8176,3.6508,1453,-2,-2,0.6607,119.72,277.21,41.56,25.98,123.00,261.00,26.00,10.00,0.0357,16.54,1,0,2.7723,ACCEPT,0,2504,1288,14394,3,150,1453,0,0,0,0
113,0,1,1,ACCEPT,21.5417,3.9726,1593,0,-1,0.8606,119.72,276.80,41.56,25.98,123.50,260.00,27.00,12.00,0.0438,17.22,1,0,2.7251,ACCEPT,0,2611,951,14675,3,150,1593,0,0,0,0
114,0,1,1,ACCEPT,21.4562,2.8054,1658,-1,-4,0.3522,119.07,275.18,41.56,25.98,121.50,259.00,23.00,12.00,0.0500,16.36,1,0,2.7493,ACCEPT,0,2545,1276,14631,3,150,1658,0,0,0,0
115,0,1,1,ACCEPT,21.5378,2.8120,1645,1,-2,0.6456,119.72,274.37,41.56,25.98,123.00,259.00,24.00,10.00,0.0500,15.71,1,0,2.8030,ACCEPT,0,2583,1547,12667,3,150,1645,0,0,0,0
116,0,1,1,ACCEPT,20.9660,3.4969,1682,-2,-3,0.5262,118.42,273.15,41.56,25.98,125.00,257.00,24.00,10.00,0.0346,17.44,1,0,2.9218,ACCEPT,0,2917,1826,10078,3,150,1682,0,0,0,0
117,0,1,1,ACCEPT,20.3786,3.1125,1494,2,-3,0.3701,119.72,271.93,41.56,25.98,125.00,256.00,24.00,14.00,0.0739,16.78,1,0,2.9378,ACCEPT,0,2460,1751,10225,3,150,1494,0,0,0,0
118,0,1,1,ACCEPT,22.4479,3.4989,1641,-2,-3,0.5040,118.42,270.71,41.56,25.98,124.50,255.50,25.00,13.00,0.0824,16.38,1,0,3.1655,ACCEPT,0,2575,1715,10135,3,150,1641,0,0,0,0
119,0,1,1,ACCEPT,23.2000,3.9768,1889,2,-2,0.4082,119.72,269.90,41.56,25.98,124.50,255.00,25.00,12.00,0.0800,15.65,1,0,3.1228,ACCEPT,0,3042,1753,11723,3,150,1889,0,0,0,0
120,0,1,1,ACCEPT,22.3811,3.8411,1813,-2,-1,0.6663,118.42,269.49,41.56,25.98,124.50,253.50,25.00,11.00,0.0483,17.11,1,0,3.1406,ACCEPT,0,2672,1446,10944,3,150,1813,0,0,0,0
121,0,1,1,ACCEPT,21.1431,3.3452,1502,2,-1,0.5619,119.72,269.09,41.56,25.98,123.00,252.50,22.00,13.00,0.0490,16.91,1,0,3.0848,ACCEPT,0,2536,1371,11170,3,150,1502,0,0,0,0
122,0,1,1,ACCEPT,23.2972,4.4474,1650,-2,-3,0.4461,118.42,267.87,41.56,25.98,123.00,253.00,24.00,10.00,0.0602,15.56,1,0,3.1922,ACCEPT,0,2612,1685,11457,3,150,1650,0,0,0,0
123,0,1,1,ACCEPT,23.0486,3.8756,1651,2,-2,0.2471,119.72,267.05,41.56,25.98,123.50,252.00,25.00,10.00,0.0584,15.52,1,0,3.2678,ACCEPT,0,2581,1425,14955,3,150,1651,0,0,0,0
124,0,1,1,ACCEPT,24.2470,4.2595,1674,-2,-1,0.7843,118.42,266.65,41.56,25.98,122.50,251.50,25.00,9.00,0.0469,15.69,1,0,3.1815,ACCEPT,0,2495,1143,16097,3,150,1674,0,0,0,0
125,0,1,1,ACCEPT,23.7662,4.6236,1609,2,-2,0.3418,119.72,265.84,41.56,25.98,120.50,252.50,23.00,7.00,0.0621,13.36,1,0,3.2334,ACCEPT,0,2509,1041,15184,3,150,1609,0,0,0,0
126,0,1,1,ACCEPT,28.2690,5.6602,1749,-2,1,0.7010,118.42,266.24,41.56,25.98,119.00,253.00,24.00,10.00,0.0945,13.25,1,0,3.1719,ACCEPT,0,2173,1097,16271,3,150,1749,0,0,0,0
127,0,1,1,ACCEPT,24.5001,4.5273,1657,2,0,0.6524,119.72,266.24,41.56,25.98,120.50,252.50,21.00,9.00,0.0661,13.76,1,0,3.2158,ACCEPT,0,2288,1393,16717,3,150,1657,0,0,0,0
128,0,1,1,ACCEPT,24.2663,3.8198,1696,-2,-1,0.7877,118.42,265.84,41.56,25.98,120.00,253.00,18.00,10.00,0.0795,12.93,1,0,3.2144,ACCEPT,0,2348,1310,17456,3,150,1696,0,0,0,0
129,0,1,1,ACCEPT,21.7534,2.8514,1497,2,-2,0.4937,119.72,265.02,41.56,25.98,120.50,251.50,19.00,11.00,0.0790,13.55,1,0,3.1676,ACCEPT,0,2233,1475,15879,3,150,1497,0,0,0,0
130,0,1,1,ACCEPT,27.5856,4.4692,1743,-2,-1,0.5881,118.42,264.62,41.56,25.98,120.50,252.50,17.00,11.00,0.0935,12.29,1,0,3.3087,ACCEPT,0,2089,1372,17057,3,150,1743,0,0,0,0
131,0,1,1,ACCEPT,25.4116,3.0617,1687,2,-3,0.4102,119.72,263.40,39.96,24.98,121.00,253.00,16.00,8.00,0.0947,10.48,1,-1,3.0163,ACCEPT,0,2309,1666,12490,3,150,1687,0,0,0,0
132,0,1,1,ACCEPT,27.7342,4.3875,1619,-1,2,0.6924,119.09,264.18,39.96,24.98,120.00,251.50,16.00,7.00,0.0501,12.71,1,0,3.2209,ACCEPT,0,2373,1646,13708,3,150,1619,0,0,0,0
133,0,1,1,ACCEPT,26.4549,2.5272,1486,1,-2,0.6830,119.72,263.40,39.96,24.98,121.50,252.00,15.00,10.00,0.0864,11.54,1,0,3.1445,ACCEPT,0,2028,1941,12147,3,150,1486,0,0,0,0
134,0,1,1,ACCEPT,26.5385,2.5484,1422,-2,0,0.8045,118.47,263.40,39.96,24.98,121.50,252.00,13.00,10.00,0.0755,11.79,1,0,3.2782,ACCEPT,0,2365,1485,15344,3,150,1422,0,0,0,0
135,0,1,1,ACCEPT,27.3775,3.1139,1504,3,-1,0.4016,120.34,263.01,39.96,24.98,121.50,249.50,15.00,7.00,0.0349,13.56,1,0,2.9891,ACCEPT,0,1967,1753,13641,3,150,1504,0,0,0,0
136,0,1,1,ACCEPT,24.8622,2.2432,1310,-2,-3,0.7260,119.09,261.84,39.96,24.98,122.00,248.50,14.00,7.00,0.0351,13.65,1,0,3.1028,ACCEPT,0,2202,2363,8248,3,150,1310,0,0,0,0
137,0,1,1,ACCEPT,22.8200,1.8728,1266,1,-2,0.7046,119.72,261.05,39.96,24.98,122.50,247.50,13.00,5.00,0.0178,13.84,1,0,3.1209,ACCEPT,0,2500,1905,11408,3,150,1266,0,0,0,0
138,0,1,1,ACCEPT,21.3767,2.0597,1242,-1,-3,0.6280,119.09,259.88,39.96,24.98,121.50,245.50,15.00,7.00,0.0223,14.58,1,0,3.0068,ACCEPT,0,2224,1674,12189,3,150,1242,0,0,0,0
139,0,1,1,ACCEPT,20.9136,2.0696,1219,1,-2,0.6957,119.72,259.10,39.96,24.98,119.00,243.50,8.00,7.00,0.0029,15.62,1,0,2.9251,ACCEPT,0,2308,1901,10832,3,150,1219,0,0,0,0
140,0,1,1,ACCEPT,18.5657,1.8830,1030,0,-2,0.8010,119.72,258.32,38.42,24.02,120.50,242.50,7.00,7.00,0.0000,15.84,1,-1,2.8384,ACCEPT,0,2305,2076,10150,3,150,1030,0,0,0,0
141,0,1,1,ACCEPT,15.1997,1.7310,843,1,-1,0.9170,120.32,257.95,38.42,24.02,119.50,242.00,9.00,6.00,0.0000,15.97,1,0,2.8126,ACCEPT,0,2099,1678,12475,3,150,843,0,0,0,0
142,0,1,1,ACCEPT,13.0972,1.5505,721,0,-2,0.7809,120.32,257.20,38.42,24.02,121.00,241.00,10.00,6.00,0.0000,16.21,1,0,2.7958,ACCEPT,0,2027,1352,11722,3,150,721,0,0,0,0
143,0,1,1,ACCEPT,12.8198,1.6277,669,1,-2,0.8655,120.92,256.45,38.42,24.02,121.00,241.00,12.00,8.00,0.0067,15.45,1,0,2.6438,ACCEPT,0,2077,1493,11798,3,150,669,0,0,0,0
144,0,1,1,ACCEPT,15.6754,1.7873,790,-1,-1,0.8190,120.32,256.07,39.96,24.98,120.00,238.50,12.00,7.00,0.0000,17.57,1,1,2.9433,ACCEPT,0,1900,1257,11628,3,150,790,0,0,0,0
145,0,1,1,ACCEPT,16.7828,2.2861,839,2,-3,0.5662,121.57,254.90,39.96,24.98,120.50,237.50,9.00,7.00,0.0000,17.43,1,0,3.1681,ACCEPT,0,1936,1375,11596,3,150,839,0,0,0,0
146,0,1,1,ACCEPT,18.5620,2.8930,865,-2,-2,0.4266,120.32,254.12,41.56,25.98,120.50,237.00,11.00,8.00,0.0000,17.12,1,1,3.1641,ACCEPT,0,1908,1040,11853,3,150,865,0,0,0,0
147,0,1,1,ACCEPT,19.3787,2.9562,878,1,-2,0.8759,120.97,253.30,41.56,25.98,120.00,237.00,10.00,10.00,0.0145,16.33,1,0,3.2987,ACCEPT,0,1942,907,12376,3,150,878,0,0,0,0
148,0,1,1,ACCEPT,20.0185,2.7867,836,-2,-1,0.4390,119.67,252.90,41.56,25.98,120.00,239.00,12.00,12.00,0.0525,13.90,1,0,3.2234,ACCEPT,0,1713,1338,11997,3,150,836,0,0,0,0
149,0,1,1,ACCEPT,17.7342,2.1811,831,0,-3,0.7665,119.67,251.68,41.56,25.98,120.00,236.50,12.00,13.00,0.0437,15.18,1,0,3.0538,ACCEPT,0,1961,1018,12310,3,150,831,0,0,0,0
150,0,1,1,ACCEPT,18.1982,2.0187,755,-1,-4,0.5576,119.02,250.05,41.56,25.98,120.00,235.00,12.00,14.00,0.0498,15.09,1,0,3.1081,ACCEPT,0,1780,1350,11656,3,150,755,0,0,0,0
151,0,1,1,ACCEPT,18.2873,1.7980,881,1,-2,0.8150,119.67,249.24,41.56,25.98,120.00,234.00,10.00,14.00,0.0405,15.25,1,0,3.1344,ACCEPT,0,2213,1296,12245,3,150,881,0,0,0,0
152,0,1,1,ACCEPT,18.6644,2.1323,838,-2,-2,0.6301,118.38,248.43,41.56,25.98,120.00,234.00,12.00,16.00,0.0660,14.52,1,0,3.1174,ACCEPT,0,1910,1450,11988,3,150,838,0,0,0,0
153,0,1,1,ACCEPT,19.0504,1.9061,812,2,-3,0.5197,119.67,247.21,41.56,25.98,119.00,233.50,14.00,13.00,0.0685,13.73,1,0,3.2757,ACCEPT,0,2051,1185,11234,3,150,812,0,0,0,0
154,0,1,1,ACCEPT,18.5738,2.2079,786,-2,-4,0.4440,118.38,245.59,41.56,25.98,117.00,232.00,10.00,14.00,0.0554,13.66,1,0,3.0772,ACCEPT,0,1822,1406,9858,3,150,786,0,0,0,0
155,0,1,1,ACCEPT,20.0497,2.2193,830,1,-4,0.3614,119.02,243.96,39.96,24.98,121.50,232.50,15.00,13.00,0.1045,11.73,1,-1,3.0921,ACCEPT,0,2054,1345,9728,3,150,830,0,0,0,0
156,0,1,1,ACCEPT,22.3414,2.7726,829,0,-3,0.6948,119.02,242.79,39.96,24.98,119.50,230.00,15.00,10.00,0.0654,12.80,1,0,3.1393,ACCEPT,0,1716,1344,10178,3,150,829,0,0,0,0
157,0,1,1,ACCEPT,21.7187,2.1654,851,0,-4,0.5840,119.02,241.23,39.96,24.98,120.00,229.50,16.00,9.00,0.0796,11.77,1,0,3.2247,ACCEPT,0,1846,1393,10241,3,150,851,0,0,0,0
158,0,1,1,ACCEPT,23.1156,3.1920,881,-1,-2,0.8014,118.40,240.45,39.96,24.98,119.00,228.50,16.00,9.00,0.0760,11.96,1,0,3.1947,ACCEPT,0,1720,1363,10373,3,150,881,0,0,0,0
159,0,1,1,ACCEPT,23.5654,3.2500,871,1,-3,0.3881,119.02,239.27,39.96,24.98,121.00,227.50,16.00,9.00,0.0788,11.94,1,0,3.1699,ACCEPT,0,1721,1298,11587,3,150,871,0,0,0,0
160,0,1,1,ACCEPT,24.2781,3.3310,946,-1,-4,0.3774,118.40,237.71,39.96,24.98,121.00,222.00,14.00,14.00,0.0463,15.92,1,0,3.1379,ACCEPT,0,1676,1275,11962,3,150,946,0,0,0,0
161,0,1,1,ACCEPT,25.8257,3.1960,962,1,-5,0.1954,119.02,235.76,39.96,24.98,124.50,219.00,17.00,14.00,0.0390,17.63,1,0,3.1525,ACCEPT,0,1698,1189,10995,3,150,962,0,0,0,0
162,0,1,1,ACCEPT,25.5277,2.5489,887,-1,-5,0.2886,118.40,233.80,39.96,24.98,126.50,219.00,19.00,14.00,0.0757,16.88,1,0,3.1813,ACCEPT,0,1431,1040,12133,3,150,887,0,0,0,0
163,0,1,1,ACCEPT,23.7816,2.3920,775,1,-5,0.2194,119.02,231.85,39.96,24.98,127.00,215.50,18.00,11.00,0.0252,18.19,1,0,3.3276,ACCEPT,0,1326,972,11382,3,150,775,0,0,0,0
164,0,1,1,ACCEPT,25.1135,1.9918,727,-1,-6,0.2710,118.40,229.51,39.96,24.98,127.00,213.00,18.00,16.00,0.0590,18.61,1,0,3.3286,ACCEPT,0,1354,1124,8245,3,150,727,0,0,0,0
165,0,1,1,ACCEPT,21.4889,1.8877,538,3,-8,0.1673,120.27,226.38,39.96,24.98,127.00,210.00,22.00,16.00,0.0717,17.71,1,0,2.8763,ACCEPT,0,1225,971,9233,3,150,538,0,0,0,0
166,0,1,1,ACCEPT,21.9067,1.3967,588,0,-6,0.5323,120.27,224.04,39.96,24.98,127.50,207.50,19.00,13.00,0.0388,18.05,1,0,2.8689,ACCEPT,0,1138,1177,9482,3,150,588,0,0,0,0
167,0,1,1,ACCEPT,19.5598,1.4147,655,1,-8,0.4855,120.90,220.91,39.96,24.98,127.50,203.50,17.00,11.00,0.0083,18.62,1,0,2.8506,ACCEPT,0,1500,974,10609,3,150,655,0,0,0,0
168,0,1,1,ACCEPT,13.9158,1.1805,484,0,-8,0.2851,120.90,217.79,39.96,24.98,127.50,203.00,19.00,14.00,0.0760,16.20,1,0,2.8423,ACCEPT,0,1345,1080,11697,3,150,484,0,0,0,0
169,0,1,1,ACCEPT,10.7172,1.1455,496,2,-9,0.5282,122.15,214.27,41.56,25.98,127.50,198.00,19.00,12.00,0.0411,17.13,1,1,2.7727,ACCEPT,0,1746,1064,10721,3,150,496,0,0,0,0
170,0,1,1,ACCEPT,10.3114,1.3161,433,-1,-7,0.0439,121.50,211.43,43.22,27.01,128.50,195.00,21.00,12.00,0.0477,17.86,1,1,2.8711,ACCEPT,0,1611,1000,11255,3,150,433,0,0,0,0
171,0,1,1,ACCEPT,8.9808,1.1994,397,0,-8,0.3955,121.50,208.05,43.22,27.01,125.50,192.50,13.00,13.00,0.0453,16.06,1,0,2.7703,ACCEPT,0,1941,904,10512,3,150,397,0,0,0,0
172,0,1,1,ACCEPT,8.5168,1.0445,352,-6,-4,0.1648,117.47,206.37,41.56,25.98,124.50,190.50,17.00,13.00,0.0497,17.36,1,-1,2.2865,ACCEPT,0,1743,934,9938,3,150,352,0,0,0,0
173,0,1,1,ACCEPT,11.4823,1.2646,478,2,-7,0.3703,118.77,203.52,39.96,24.98,125.00,188.00,16.00,12.00,0.0415,16.73,1,-1,2.8417,ACCEPT,0,1676,917,9869,3,150,478,0,0,0,0
174,0,1,1,ACCEPT,11.4285,1.1377,438,-1,2,0.7306,118.14,204.30,39.96,24.98,124.00,185.50,14.00,15.00,0.0139,19.70,1,0,2.8953,ACCEPT,0,1303,1105,8151,3,150,438,0,0,0,0
175,0,1,1,ACCEPT,11.5080,1.2958,403,1,-7,0.6352,118.77,201.57,38.42,24.02,125.00,183.50,12.00,15.00,0.0159,19.12,1,-1,2.5966,ACCEPT,0,1396,1196,7835,3,150,403,0,0,0,0
176,0,1,1,ACCEPT,8.9322,1.4456,279,-3,-10,0.0323,116.96,197.82,38.42,24.02,123.00,179.00,14.00,12.00,0.0000,19.77,1,0,3.0970,ACCEPT,0,1451,1218,8142,3,150,279,0,0,0,0
177,0,1,1,ACCEPT,10.3463,2.0811,385,1,-7,0.1818,117.56,195.20,38.42,24.02,124.00,176.50,16.00,13.00,0.0000,19.77,1,0,3.0315,ACCEPT,0,1502,1271,9072,3,150,385,0,0,0,0
178,0,1,1,ACCEPT,12.5358,2.2123,469,-1,-6,0.3241,116.96,192.95,38.42,24.02,125.00,176.50,14.00,9.00,0.0008,18.31,1,0,2.9761,ACCEPT,0,1559,1230,8898,3,150,469,0,0,0,0
179,0,1,1,ACCEPT,13.7482,2.1577,479,1,-6,0.2630,117.56,190.70,38.42,24.02,124.00,172.50,16.00,13.00,0.0044,19.30,1,0,3.1346,ACCEPT,0,1257,1164,8829,3,150,479,0,0,0,0
180,0,1,1,ACCEPT,13.8439,1.6745,499,0,-7,0.3327,117.56,188.07,38.42,24.02,122.50,170.50,19.00,15.00,0.0314,18.25,1,0,3.2439,ACCEPT,0,1447,1058,11010,3,150,499,0,0,0,0
181,0,1,1,ACCEPT,14.8488,1.9665,645,1,-4,0.5039,118.16,186.57,38.42,24.02,122.50,169.00,21.00,14.00,0.0254,18.10,1,0,3.0135,ACCEPT,0,2014,1104,12399,3,150,645,0,0,0,0
182,0,1,1,ACCEPT,18.4249,2.1682,915,0,-6,0.3923,118.16,184.32,38.42,24.02,122.00,167.50,22.00,13.00,0.0317,17.25,1,0,2.9228,ACCEPT,0,2449,995,11811,3,150,915,0,0,0,0
183,0,1,1,ACCEPT,16.7964,1.9204,651,1,-2,0.8295,118.77,183.57,38.42,24.02,122.00,165.00,22.00,14.00,0.0079,18.85,1,0,2.8248,ACCEPT,0,1564,918,13416,3,150,651,0,0,0,0
184,0,1,1,ACCEPT,15.6474,1.7416,620,-2,-5,0.3419,117.56,181.70,38.42,24.02,120.00,162.50,20.00,15.00,0.0051,19.35,1,0,2.8356,ACCEPT,0,1698,1198,11366,3,150,620,0,0,0,0
185,0,1,1,ACCEPT,15.9072,1.5755,605,0,-3,0.6893,117.56,180.57,38.42,24.02,119.00,160.00,18.00,16.00,0.0000,20.62,1,0,2.8536,ACCEPT,0,1563,880,12331,3,150,605,0,0,0,0
186,0,1,1,ACCEPT,14.6548,1.7638,575,0,-11,0.0783,117.56,176.45,38.42,24.02,119.00,156.50,16.00,13.00,0.0000,20.00,1,0,2.9619,ACCEPT,0,1625,957,10065,3,150,575,0,0,0,0
187,0,1,1,ACCEPT,16.0557,1.7176,517,-1,-4,0.7195,116.96,174.95,38.42,24.02,119.50,155.50,17.00,11.00,0.0000,19.61,1,0,3.0023,ACCEPT,0,1461,1028,9575,3,150,517,0,0,0,0
188,0,1,1,ACCEPT,16.2749,1.8266,495,2,-7,0.3778,118.16,172.32,38.42,24.02,120.00,154.00,18.00,12.00,0.0000,18.41,1,0,3.0658,ACCEPT,0,1601,1403,6243,3,150,495,0,0,0,0
189,0,1,1,ACCEPT,18.0086,2.0794,445,-1,-4,0.3888,117.56,170.82,38.42,24.02,121.00,151.50,18.00,13.00,0.0000,19.62,1,0,3.1727,ACCEPT,0,1213,1549,5722,3,150,445,0,0,0,0
190,0,1,1,ACCEPT,16.3380,2.0749,471,0,-7,0.3503,117.56,168.20,38.42,24.02,119.50,151.00,23.00,18.00,0.0702,17.30,1,0,3.3372,ACCEPT,0,1438,1643,5673,3,150,471,0,0,0,0
191,0,1,1,ACCEPT,12.6709,1.6045,353,-1,-4,0.6317,116.96,166.70,38.42,24.02,118.00,149.00,22.00,18.00,0.0585,17.73,1,0,3.1020,ACCEPT,0,1237,1528,6100,3,150,353,0,0,0,0
192,0,1,1,ACCEPT,12.4203,2.0000,348,2,-8,0.2931,118.16,163.70,38.42,24.02,118.50,145.50,23.00,15.00,0.0244,18.20,1,0,3.0860,ACCEPT,0,1301,1715,6415,3,150,348,0,0,0,0
193,0,1,1,ACCEPT,12.2935,1.7389,313,0,-7,0.3706,118.16,161.07,38.42,24.02,118.50,146.00,19.00,16.00,0.0828,15.07,1,0,2.9861,ACCEPT,0,1044,1484,5910,3,150,313,0,0,0,0
194,0,1,1,ACCEPT,11.7071,1.6807,279,0,-4,0.4803,118.16,159.57,38.42,24.02,118.50,144.00,19.00,16.00,0.0738,15.57,1,0,3.0182,ACCEPT,0,991,1759,6622,3,150,279,0,0,0,0
195,0,1,1,ACCEPT,12.7750,1.4766,347,-2,-8,0.1988,116.96,156.57,38.42,24.02,116.50,140.00,17.00,16.00,0.0514,16.58,1,0,3.1799,ACCEPT,0,1047,1450,6094,3,150,347,0,0,0,0
196,0,1,1,ACCEPT,13.2235,1.5972,337,1,-7,0.3769,117.56,153.95,38.42,24.02,117.00,136.50,16.00,15.00,0.0292,17.45,1,0,3.1875,ACCEPT,0,1004,1619,6245,3,150,337,0,0,0,0
197,0,1,1,ACCEPT,13.3119,1.2836,344,-2,-7,0.1744,116.36,151.32,38.42,24.02,118.00,133.00,18.00,18.00,0.0404,18.39,1,0,3.2240,ACCEPT,0,1100,1393,5621,3,150,344,0,0,0,0
198,0,1,1,ACCEPT,12.5537,1.2810,269,2,-12,0.3457,117.56,146.82,38.42,24.02,117.50,133.00,17.00,12.00,0.0674,13.82,1,0,3.1231,ACCEPT,0,968,1244,5577,3,150,269,0,0,0,0
199,0,1,1,ACCEPT,14.7387,1.5699,303,-2,-13,0.1683,116.36,141.95,38.42,24.02,118.00,129.00,14.00,12.00,0.0695,13.05,1,0,3.1403,ACCEPT,0,821,1344,4724,3,150,303,0,0,0,0
200,0,1,1,ACCEPT,16.8676,1.5632,297,2,-12,0.3333,117.56,137.45,38.42,24.02,117.50,128.00,9.00,6.00,0.0540,9.45,1,0,3.1111,ACCEPT,0,872,1336,4417,3,150,297,0,0,0,0
201,0,1,1,ACCEPT,16.7503,1.6154,273,-2,-13,0.1612,116.36,132.57,38.42,24.02,115.00,122.00,6.00,8.00,0.0348,10.66,1,0,3.1291,ACCEPT,0,710,1231,4815,3,150,273,0,0,0,0
202,0,1,1,ACCEPT,17.0034,1.5440,298,2,-15,0.2349,117.56,126.95,38.42,24.02,122.50,119.50,31.00,15.00,0.3492,8.93,1,0,3.1626,ACCEPT,0,854,1277,4909,3,150,298,0,0,0,0
203,0,1,1,ACCEPT,16.8683,1.5421,293,-2,-12,0.1126,116.36,122.45,38.42,24.02,119.00,115.00,16.00,12.00,0.1787,7.90,1,0,3.2200,ACCEPT,0,749,1130,5826,3,150,293,0,0,0,0
204,0,1,1,ACCEPT,18.3053,1.6111,348,2,-10,0.3103,117.56,118.70,38.42,24.02,121.00,112.50,12.00,9.00,0.1170,7.09,1,0,3.1355,ACCEPT,0,884,1280,5755,3,150,348,0,0,0,0
205,0,1,1,ACCEPT,19.1204,1.7570,376,-3,-13,0.0638,115.76,113.82,38.42,24.02,119.50,108.50,13.00,13.00,0.1831,6.50,1,0,2.9363,ACCEPT,0,866,1109,5768,3,150,376,0,0,0,0
206,0,1,1,ACCEPT,16.4667,1.6471,336,2,-8,0.2768,116.96,110.82,38.42,24.02,119.00,104.50,14.00,13.00,0.1826,6.64,1,0,3.0540,ACCEPT,0,930,1194,6471,3,150,336,0,0,0,0
207,0,1,1,ACCEPT,14.3477,1.1044,328,-1,-6,0.5213,116.36,108.57,38.42,24.02,120.50,103.50,15.00,9.00,0.1463,6.55,1,0,3.1192,ACCEPT,0,879,918,5740,3,150,328,0,0,0,0
208,0,1,1,ACCEPT,15.7178,1.8772,321,2,-10,0.2586,117.56,104.82,38.42,24.02,121.50,100.50,15.00,13.00,0.2113,5.85,1,0,3.0739,ACCEPT,0,820,896,6085,3,150,321,0,0,0,0
209,0,1,1,ACCEPT,15.1897,1.9176,326,-2,-9,0.0337,116.36,101.45,38.42,24.02,121.50,96.50,15.00,13.00,0.2113,7.13,1,0,3.1286,ACCEPT,0,818,789,6830,3,150,326,0,0,0,0
210,0,1,1,ACCEPT,15.9834,1.9091,336,3,-8,0.2024,118.16,98.45,38.42,24.02,120.50,92.50,19.00,15.00,0.2712,6.39,1,0,2.8777,ACCEPT,0,841,813,7525,3,150,336,0,0,0,0
211,0,1,1,ACCEPT,16.9793,2.2123,396,-2,-10,0.0177,116.96,94.70,38.42,24.02,124.00,89.00,26.00,18.00,0.3834,9.05,1,0,3.0301,ACCEPT,0,926,833,7992,3,150,396,0,0,0,0
212,0,1,1,ACCEPT,17.4789,3.0340,446,1,-12,0.2085,117.56,90.20,38.42,24.02,124.50,85.50,25.00,17.00,0.4098,8.38,1,0,3.1572,ACCEPT,0,1170,986,6274,3,150,446,0,0,0,0
213,0,1,1,ACCEPT,18.9994,2.5679,416,-2,-10,0.0096,116.36,86.45,38.42,24.02,125.00,80.50,28.00,19.00,0.3566,10.49,1,0,3.0813,ACCEPT,0,1013,826,7625,3,150,416,0,0,0,0
214,0,1,1,ACCEPT,14.8262,2.0815,383,2,-12,0.0757,117.56,81.95,38.42,24.02,124.00,76.00,30.00,20.00,0.4144,8.76,1,0,3.2134,ACCEPT,0,1216,1067,5827,3,150,383,0,0,0,0
215,0,1,1,ACCEPT,14.1713,1.7053,324,-2,-13,0.1883,116.36,77.07,36.95,23.09,126.00,71.00,22.00,20.00,0.3112,11.39,1,-1,3.1717,ACCEPT,0,1265,940,5558,3,150,324,0,0,0,0
216,0,1,1,ACCEPT,14.5458,1.9353,329,2,-14,0.0851,117.52,72.04,36.95,23.09,125.00,66.00,26.00,20.00,0.3716,9.62,1,0,3.0972,ACCEPT,0,1016,1151,4118,3,150,329,0,0,0,0
217,0,1,1,ACCEPT,15.4664,2.0949,287,-2,-15,0.0592,116.36,66.65,36.95,23.09,124.50,61.50,27.00,23.00,0.4072,9.63,1,0,3.3767,ACCEPT,0,985,1242,4197,3,150,287,0,0,0,0
218,0,1,1,ACCEPT,13.5962,1.0854,267,3,-19,0.0524,118.09,59.82,38.42,24.02,124.00,56.50,28.00,23.00,0.5428,6.78,1,1,2.6690,ACCEPT,0,975,1261,3687,3,150,267,0,0,0,0
219,0,1,1,ACCEPT,15.1087,1.4765,251,-2,-12,0.0637,116.89,55.32,38.42,24.02,126.50,52.00,27.00,22.00,0.4283,10.17,1,0,3.1786,ACCEPT,0,838,1475,3570,3,150,251,0,0,0,0
220,0,1,1,ACCEPT,16.4495,1.8408,289,0,-11,0.0277,116.89,51.20,38.42,24.02,124.50,49.00,25.00,20.00,0.5052,7.92,1,0,3.1025,ACCEPT,0,790,1396,4521,3,150,289,0,0,0,0
221,0,1,1,ACCEPT,15.1174,1.6722,301,-1,-12,0.0764,116.29,46.70,36.95,23.09,124.50,44.50,23.00,19.00,0.4662,8.50,1,-1,3.1005,ACCEPT,0,857,1275,4053,3,150,301,0,0,0,0
222,0,1,1,ACCEPT,13.1373,1.3333,232,3,-11,0.0129,118.02,42.74,38.42,24.02,125.50,40.50,25.00,21.00,0.5134,7.81,1,1,3.0394,ACCEPT,0,769,1334,4285,3,150,232,0,0,0,0
223,0,1,1,ACCEPT,15.1815,1.8082,264,-2,-10,0.0530,116.82,38.99,38.42,24.02,123.50,37.00,25.00,16.00,0.4335,6.97,1,0,3.2597,ACCEPT,0,551,1216,6111,3,150,264,0,0,0,0
224,0,1,1,ACCEPT,11.3552,1.5190,240,1,-7,0.1292,117.42,36.37,38.42,24.02,125.50,33.00,29.00,18.00,0.4556,8.75,1,0,3.1209,ACCEPT,0,750,997,7158,3,150,240,0,0,0,0
225,0,1,1,ACCEPT,13.4504,1.6770,270,0,-9,0.1333,117.42,32.99,39.96,24.98,124.50,28.50,27.00,19.00,0.4403,8.38,1,1,2.9452,ACCEPT,0,688,1097,6162,3,150,270,0,0,0,0
226,0,1,1,ACCEPT,12.9097,1.8188,271,2,-11,0.0295,118.67,28.70,39.96,24.98,125.50,26.00,27.00,20.00,0.5220,7.34,1,0,3.0179,ACCEPT,0,859,857,7529,3,150,271,0,0,0,0
0,0,0,0,ZERO_RESPONSE,0.0000,0.0000,0,0,0,0.0000,125.50,26.00,27.00,20.00,125.50,26.00,27.00,20.00,1.0000,0.00,1,0,0.0000,NOT_RUN,0,0,6035,1238,4,376,0,0,0,0,0
1,0,1,1,ACCEPT,18.3960,3.0000,18,-2,11,0.1111,124.66,29.44,27.00,20.00,124.50,28.50,27.00,19.00,0.8983,0.95,1,0,3.1817,ACCEPT,0,78,5495,1271,4,376,18,0,0,0,0
2,0,1,1,ACCEPT,17.0704,2.8000,14,1,13,0.3571,125.08,33.50,27.00,20.00,125.50,33.00,29.00,18.00,0.8438,0.65,1,0,3.0900,ACCEPT,0,34,4884,1418,4,376,14,0,0,0,0
3,0,1,1,ACCEPT,19.0692,3.1667,19,0,9,0.2105,125.08,36.31,27.00,20.00,123.50,37.00,25.00,16.00,0.7114,1.72,1,0,2.9938,ACCEPT,0,38,4868,1310,4,376,19,0,0,0,0
4,0,1,1,ACCEPT,17.3017,3.0000,21,1,15,0.1905,125.50,41.00,27.00,20.00,125.50,40.50,25.00,21.00,0.8850,0.50,1,0,2.7887,ACCEPT,0,47,4057,1318,4,376,21,0,0,0,0
5,0,1,1,ACCEPT,14.8876,2.5714,18,-3,13,0.2222,124.23,45.06,27.00,20.00,124.50,44.50,23.00,19.00,0.8045,0.62,1,0,3.1364,ACCEPT,0,49,4231,1250,4,376,18,0,0,0,0
6,0,1,1,ACCEPT,10.7603,1.7500,14,3,15,0.4286,125.50,49.75,27.00,20.00,124.50,49.00,25.00,20.00,0.8613,1.25,1,0,2.8779,ACCEPT,0,51,3532,1340,4,376,14,0,0,0,0
7,0,1,1,ACCEPT,12.6007,2.2222,20,-3,17,0.0500,124.23,55.06,27.00,20.00,126.50,52.00,27.00,22.00,0.6427,3.81,1,0,3.3330,ACCEPT,0,65,3559,1485,4,376,20,0,0,0,0
8,0,1,1,ACCEPT,10.8016,1.9091,21,4,16,0.2381,125.92,60.06,27.00,20.00,124.00,56.50,28.00,23.00,0.6327,4.05,1,0,2.9636,ACCEPT,0,83,2820,1672,4,376,21,0,0,0,0
9,0,1,1,ACCEPT,11.0373,1.7692,23,0,16,0.0870,125.92,65.06,27.00,20.00,124.50,61.50,27.00,23.00,0.6534,3.84,1,0,3.0155,ACCEPT,0,91,2867,1786,4,376,23,0,0,0,0
10,0,1,1,ACCEPT,10.4371,1.7692,23,1,17,0.3043,126.34,70.38,27.00,20.00,125.00,66.00,26.00,20.00,0.5894,4.58,1,0,3.2577,ACCEPT,0,108,2547,1842,4,376,23,0,0,0,0
11,0,1,1,ACCEPT,11.3423,2.2308,29,1,18,0.3103,126.77,76.00,27.00,20.00,126.00,71.00,22.00,20.00,0.5077,5.06,1,0,3.0638,ACCEPT,0,103,2246,2276,4,376,29,0,0,0,0
12,0,1,1,ACCEPT,9.2601,1.3200,33,0,17,0.0303,126.77,81.31,27.00,20.00,124.00,76.00,30.00,20.00,0.4960,5.99,1,0,3.1381,ACCEPT,0,141,2114,2899,4,376,33,0,0,0,0
13,0,1,1,ACCEPT,7.9542,1.2258,38,1,10,0.1316,127.19,84.44,25.96,19.23,125.00,80.50,28.00,19.00,0.5746,4.50,1,-1,2.4957,ACCEPT,0,164,2034,2785,4,376,38,0,0,0,0
14,0,1,1,ACCEPT,12.3566,2.1333,64,1,17,0.1250,127.59,89.48,25.96,19.23,124.50,85.50,25.00,17.00,0.5204,5.04,1,0,2.3986,ACCEPT,0,188,2134,2463,4,376,64,0,0,0,0
15,0,1,1,ACCEPT,12.4175,1.5957,75,-1,11,0.3200,127.19,92.75,25.96,19.23,124.00,89.00,26.00,18.00,0.5392,4.92,1,0,2.3835,ACCEPT,0,211,2642,2169,4,376,75,0,0,0,0
16,0,1,1,ACCEPT,8.4204,1.0196,52,1,8,0.2115,127.59,95.12,25.96,19.23,120.50,92.50,19.00,15.00,0.3972,7.56,1,0,2.4656,ACCEPT,0,211,2166,2052,4,376,52,0,0,0,0
17,0,1,1,ACCEPT,9.2226,1.5000,66,-4,15,0.2879,125.97,99.58,24.96,18.49,121.50,96.50,15.00,13.00,0.4072,5.43,1,-1,2.1552,ACCEPT,0,281,2386,2747,4,376,66,0,0,0,0
18,0,1,1,ACCEPT,8.6718,1.1429,72,2,7,0.0278,126.75,101.60,24.96,18.49,121.50,100.50,15.00,13.00,0.4118,5.36,1,0,2.4666,ACCEPT,0,291,2211,2406,4,376,72,0,0,0,0
19,0,1,1,ACCEPT,9.7100,1.8095,76,-2,12,0.2368,125.97,105.07,24.96,18.49,120.50,103.50,15.00,9.00,0.2803,5.69,1,0,2.2247,ACCEPT,0,315,2427,1946,4,376,76,0,0,0,0
20,0,1,1,ACCEPT,6.5784,1.0476,44,3,15,0.1591,127.14,109.41,24.96,18.49,119.00,104.50,14.00,13.00,0.2361,9.50,1,0,1.9230,LOW_CONF,0,278,2612,1906,4,376,44,0,0,0,0
21,0,1,1,ACCEPT,6.8077,1.1087,51,-3,13,0.2353,125.97,113.16,24.96,18.49,119.50,108.50,13.00,13.00,0.2819,7.97,1,-1,1.5472,LOW_CONF,0,260,2361,2821,4,376,51,0,0,0,0
22,0,1,1,ACCEPT,7.5821,1.2568,93,-3,16,0.5161,124.80,117.79,24.96,18.49,121.00,112.50,12.00,9.00,0.2168,6.51,1,0,3.2901,ACCEPT,0,434,2123,2684,4,376,93,0,0,0,0
23,0,1,1,ACCEPT,8.6117,1.4815,80,-1,13,0.2250,124.41,121.55,24.96,18.49,119.00,115.00,16.00,12.00,0.2510,8.49,1,0,3.1281,ACCEPT,0,340,1942,5530,4,376,80,0,0,0,0
24,0,1,1,ACCEPT,10.0653,1.2137,159,3,15,0.0503,125.58,125.88,25.96,19.23,122.50,119.50,31.00,15.00,0.3942,7.09,1,1,2.8909,ACCEPT,0,521,1958,4380,4,376,159,0,0,0,0
25,0,1,1,ACCEPT,11.0517,1.4831,132,-3,20,0.0985,124.36,131.82,25.96,19.23,115.00,122.00,6.00,8.00,0.0434,13.57,1,0,2.9382,ACCEPT,0,482,1830,5530,4,376,132,0,0,0,0
26,0,1,1,ACCEPT,14.1500,2.1064,198,3,16,0.0505,125.58,136.57,25.96,19.23,117.50,128.00,9.00,6.00,0.0704,11.78,1,0,3.3222,ACCEPT,0,486,1985,5826,4,376,198,0,0,0,0
27,0,1,1,ACCEPT,13.8940,1.7103,248,-2,13,0.1734,124.77,140.43,25.96,19.23,118.00,129.00,14.00,12.00,0.0904,13.28,1,0,3.0009,ACCEPT,0,863,2109,5736,4,376,248,0,0,0,0
28,0,1,1,ACCEPT,14.6165,2.0680,304,1,17,0.1776,125.17,145.48,25.96,19.23,117.50,133.00,17.00,12.00,0.0657,14.65,1,0,3.0855,ACCEPT,0,1184,1901,4759,4,376,304,0,0,0,0
29,0,1,1,ACCEPT,13.1268,1.6614,211,-1,14,0.1564,124.77,149.63,25.96,19.23,118.00,133.00,18.00,18.00,0.0380,17.96,1,0,3.0002,ACCEPT,0,770,1826,4978,4,376,211,0,0,0,0
30,0,1,1,ACCEPT,11.3913,1.1238,227,0,11,0.1630,124.77,152.90,24.96,18.49,117.00,136.50,16.00,15.00,0.0063,18.14,1,-1,2.2236,ACCEPT,0,906,2063,6216,4,376,227,0,0,0,0
31,0,1,1,ACCEPT,10.4468,1.2264,260,-1,10,0.0462,124.38,155.79,24.00,17.78,116.50,140.00,17.00,16.00,0.0203,17.64,1,-1,2.2833,ACCEPT,0,1243,1966,5667,4,376,260,0,0,0,0
32,0,1,1,ACCEPT,10.2545,1.1750,235,3,9,0.2128,125.50,158.32,24.00,17.78,118.50,144.00,19.00,16.00,0.0537,15.94,1,-3,1.6133,MAX_STEP,0,979,2553,4932,4,376,235,0,0,0,0
33,0,1,1,ACCEPT,9.9331,1.4000,266,-1,9,0.1842,125.12,160.85,24.00,17.78,118.50,146.00,19.00,16.00,0.0433,16.26,1,0,2.6439,ACCEPT,0,1175,2371,4845,4,376,266,0,0,0,0
34,0,1,1,ACCEPT,9.5605,1.2033,219,3,10,0.1918,126.25,163.66,24.00,17.78,118.50,145.50,23.00,15.00,0.0000,19.75,1,0,3.5493,ACCEPT,0,919,2522,4949,4,376,219,0,0,0,0
35,0,1,1,ACCEPT,9.3024,1.3766,212,-3,5,0.3113,125.12,165.07,24.00,17.78,118.00,149.00,22.00,18.00,0.0364,17.58,1,0,3.2452,ACCEPT,0,813,2115,5858,4,376,212,0,0,0,0
36,0,1,1,ACCEPT,9.2628,1.0172,236,3,6,0.2373,126.25,166.76,24.00,17.78,119.50,151.00,23.00,18.00,0.0444,17.14,1,0,3.1624,ACCEPT,0,889,1735,5416,4,376,236,0,0,0,0
37,0,1,1,ACCEPT,9.8064,1.1778,212,-4,15,0.0472,124.75,170.98,23.08,17.10,121.00,151.50,18.00,13.00,0.0000,19.83,1,-1,2.6874,ACCEPT,0,865,1934,6732,4,376,212,0,0,0,0
38,0,1,1,ACCEPT,10.2073,1.3627,263,1,2,0.7110,125.11,171.51,22.19,16.44,120.00,154.00,18.00,12.00,0.0000,18.24,1,-1,2.7958,ACCEPT,0,1074,1418,6580,4,376,263,0,0,0,0
39,0,1,1,ACCEPT,8.1988,1.0979,157,-2,9,0.4204,124.42,173.83,21.34,15.81,119.50,155.50,17.00,11.00,0.0000,18.98,1,-1,2.8721,ACCEPT,0,675,1182,9412,4,376,157,0,0,0,0
40,0,1,1,ACCEPT,6.1609,1.0274,150,3,10,0.2000,125.43,176.33,21.34,15.81,119.00,156.50,16.00,13.00,0.0000,20.84,1,0,3.4333,ACCEPT,0,830,1074,8190,4,376,150,0,0,0,0
41,0,1,1,ACCEPT,8.6677,1.3419,208,-11,19,0.0769,121.73,181.08,21.34,15.81,119.00,160.00,18.00,16.00,0.0000,21.25,1,0,2.4717,ACCEPT,0,963,1093,8686,4,376,208,0,0,0,0
42,0,1,1,ACCEPT,7.4013,1.0291,212,7,3,0.4953,124.09,181.83,20.52,15.20,120.00,162.50,20.00,15.00,0.0000,19.76,1,-1,3.1314,ACCEPT,0,937,1741,7409,4,376,212,0,0,0,0
43,0,1,1,ACCEPT,7.9731,1.0270,228,4,10,0.5044,125.37,184.17,20.52,15.20,122.00,165.00,22.00,14.00,0.0000,19.47,1,0,3.2366,ACCEPT,0,1127,1204,7770,4,376,228,0,0,0,0
44,0,1,1,ACCEPT,12.1757,1.5297,335,0,2,0.8090,125.37,184.64,20.52,15.20,122.00,167.50,22.00,13.00,0.0000,17.47,1,0,3.0801,ACCEPT,0,1113,1241,5903,4,376,335,0,0,0,0
45,0,1,1,ACCEPT,10.2300,1.2343,216,-14,2,0.3287,120.88,185.11,19.73,14.61,122.50,169.00,21.00,14.00,0.0000,16.19,1,-1,2.5851,ACCEPT,0,753,1670,6120,4,376,216,0,0,0,0
46,0,1,1,ACCEPT,9.2178,1.1179,237,12,7,0.1139,124.54,186.70,19.73,14.61,122.50,170.50,19.00,15.00,0.0000,16.32,1,0,3.1065,ACCEPT,0,997,1099,6209,4,376,237,0,0,0,0
47,0,1,1,ACCEPT,9.6379,1.0784,165,-24,8,0.0606,117.23,188.51,19.73,14.61,124.00,172.50,16.00,13.00,0.0000,17.38,1,0,3.1076,ACCEPT,0,552,1667,6148,4,376,165,0,0,0,0
48,0,1,1,ACCEPT,9.7911,1.0990,222,12,12,0.0766,120.88,191.23,19.73,14.61,125.00,176.50,14.00,9.00,0.0000,15.29,1,-1,1.7681,LOW_CONF,0,1040,1307,8461,4,376,222,0,0,0,0
49,0,1,1,ACCEPT,9.1291,1.0864,239,-5,13,0.0167,119.36,194.17,19.73,14.61,124.00,176.50,16.00,13.00,0.0000,18.27,1,0,3.0549,ACCEPT,0,1179,1619,7726,4,376,239,0,0,0,0
50,0,1,1,ACCEPT,10.2267,1.1256,242,0,13,0.0124,119.36,197.12,19.73,14.61,123.00,179.00,14.00,12.00,0.0000,18.48,1,0,2.7998,ACCEPT,0,979,1270,7597,4,376,242,0,0,0,0
51,0,1,1,ACCEPT,11.0674,1.2952,215,1,14,0.0140,119.66,200.29,19.73,14.61,125.00,183.50,12.00,15.00,0.0000,17.62,1,0,3.3200,ACCEPT,0,908,1536,8490,4,376,215,0,0,0,0
52,0,1,1,ACCEPT,8.7355,1.0292,176,7,22,0.0284,121.80,205.27,19.73,14.61,124.00,185.50,14.00,15.00,0.0000,19.90,1,-4,1.5898,MAX_STEP,0,826,1759,6646,4,376,176,0,0,0,0
53,0,1,1,ACCEPT,10.6229,1.6422,179,-4,5,0.2514,120.58,206.41,18.97,14.05,125.00,188.00,16.00,12.00,0.0000,18.93,1,-1,3.2562,ACCEPT,0,1028,1326,7943,4,376,179,0,0,0,0
54,0,1,1,ACCEPT,10.6085,1.3577,186,2,16,0.1183,121.17,209.91,18.24,13.51,124.50,190.50,17.00,13.00,0.0000,19.69,1,-1,3.0876,ACCEPT,0,939,1651,6712,4,376,186,0,0,0,0
55,0,1,1,ACCEPT,10.8693,1.3197,161,11,13,0.1491,124.27,212.65,18.24,13.51,125.50,192.50,13.00,13.00,0.0000,20.19,1,0,3.1548,ACCEPT,0,853,1347,6922,4,376,161,0,0,0,0
56,0,1,1,ACCEPT,12.2981,1.2059,164,4,13,0.0305,125.39,215.39,18.24,13.51,128.50,195.00,21.00,12.00,0.0000,20.63,1,0,3.1687,ACCEPT,0,644,1379,7244,4,376,164,0,0,0,0
57,0,1,1,ACCEPT,9.2248,1.0600,159,-5,17,0.0189,123.98,218.98,18.24,13.51,127.50,198.00,19.00,12.00,0.0000,21.27,1,0,2.8629,ACCEPT,0,838,1877,5518,4,376,159,0,0,0,0
58,0,1,1,ACCEPT,10.2445,1.0779,166,11,9,0.5542,127.08,220.88,18.24,13.51,127.50,203.00,19.00,14.00,0.0000,17.88,1,2,1.4011,LOW_CONF,0,571,1486,10611,4,376,166,0,0,0,0
59,0,1,1,ACCEPT,7.7872,1.0231,133,-4,9,0.6241,125.95,222.77,17.54,12.99,127.50,203.50,17.00,11.00,0.0000,19.34,1,-1,2.4811,ACCEPT,0,798,1262,7194,4,376,133,0,0,0,0
60,0,1,1,ACCEPT,12.2406,1.2727,168,-15,0,0.6369,121.85,222.77,17.54,12.99,127.50,207.50,19.00,13.00,0.0000,16.28,1,0,2.5777,ACCEPT,0,647,1525,7147,4,376,168,0,0,0,0
61,0,1,1,ACCEPT,12.0114,1.9011,173,0,10,0.0058,121.85,224.80,17.54,12.99,127.00,210.00,22.00,16.00,0.0000,15.67,1,0,2.7984,ACCEPT,0,537,1157,8601,4,376,173,0,0,0,0
62,0,1,1,ACCEPT,10.7220,1.6591,146,-2,10,0.0137,121.30,226.84,17.54,12.99,127.00,213.00,18.00,16.00,0.0157,14.96,1,0,3.1887,ACCEPT,0,549,1062,8798,4,376,146,0,0,0,0
63,0,1,1,ACCEPT,9.7163,1.0671,175,-33,11,0.3143,112.28,229.07,17.54,12.99,127.00,215.50,18.00,11.00,0.0000,20.02,1,0,3.3440,ACCEPT,0,587,934,12947,4,376,175,0,0,0,0
64,0,1,1,ACCEPT,10.0335,1.0670,223,-14,5,0.1166,108.45,230.09,16.86,12.49,126.50,219.00,19.00,14.00,0.0000,21.18,1,-1,2.6674,ACCEPT,0,966,1565,11132,4,376,223,0,0,0,0
65,0,1,1,ACCEPT,12.3253,1.1609,202,10,8,0.1287,111.11,231.65,16.22,12.01,124.50,219.00,17.00,14.00,0.0027,18.42,1,-1,3.2353,ACCEPT,0,762,1378,7929,4,376,202,0,0,0,0
66,0,1,1,ACCEPT,18.0108,1.3262,248,-5,5,0.1290,109.86,232.59,15.59,11.55,121.00,222.00,14.00,14.00,0.0217,15.37,1,-1,3.1957,ACCEPT,0,673,1708,8667,4,376,248,0,0,0,0
67,0,1,1,ACCEPT,15.9312,1.0357,290,7,7,0.2793,111.55,233.84,14.99,11.11,121.00,227.50,16.00,9.00,0.0779,11.38,1,-1,3.0929,ACCEPT,0,805,1283,10002,4,376,290,0,0,0,0
68,0,1,1,ACCEPT,16.3749,1.4456,279,-3,10,0.1613,110.85,235.56,14.99,11.11,119.00,228.50,16.00,9.00,0.0761,10.78,1,0,3.3552,ACCEPT,0,934,1385,11551,4,376,279,0,0,0,0
69,0,1,1,ACCEPT,21.8162,1.7928,398,1,4,0.0704,111.09,236.25,14.42,10.68,120.00,229.50,16.00,9.00,0.0698,11.18,1,-1,3.2180,ACCEPT,0,914,1785,7943,4,376,398,0,0,0,0
70,0,1,1,ACCEPT,19.3073,1.3941,329,-3,7,0.0456,110.41,237.40,14.42,10.68,119.50,230.00,15.00,10.00,0.0574,11.72,1,0,3.2691,ACCEPT,0,824,1805,8169,4,376,329,0,0,0,0
71,0,1,1,ACCEPT,23.1094,1.8698,402,3,7,0.0821,111.09,238.55,14.42,10.68,121.50,232.50,15.00,13.00,0.0767,12.04,1,0,3.3308,ACCEPT,0,866,1379,8157,4,376,402,0,0,0,0
72,0,1,1,ACCEPT,26.3339,2.0960,371,-4,1,0.4825,110.18,238.71,13.86,10.27,117.00,232.00,10.00,14.00,0.1088,9.57,1,-1,3.2157,ACCEPT,0,751,1452,6808,4,376,371,0,0,0,0
73,0,1,1,ACCEPT,26.1204,1.9293,355,7,7,0.2197,111.71,239.86,13.86,10.27,119.00,233.50,14.00,13.00,0.1211,9.67,1,0,3.1197,ACCEPT,0,672,1183,7905,4,376,355,0,0,0,0
74,0,1,1,ACCEPT,20.1540,1.4949,296,-4,7,0.0507,110.84,241.01,13.86,10.27,120.00,234.00,12.00,16.00,0.0741,11.54,1,0,3.2237,ACCEPT,0,699,1622,6755,4,376,296,0,0,0,0
75,0,1,1,ACCEPT,19.2913,1.1843,302,-1,1,0.7020,110.62,241.17,13.86,10.27,120.00,234.00,10.00,14.00,0.0469,11.81,1,-1,3.2208,OUT_OF_RANGE,0,664,842,7282,4,376,302,0,0,0,0
76,0,1,1,ACCEPT,24.9978,1.5574,366,-2,7,0.0000,110.18,242.32,13.86,10.27,120.00,235.00,12.00,14.00,0.0507,12.25,1,0,3.2331,ACCEPT,0,659,629,8103,4,376,366,0,0,0,0
77,0,1,1,ACCEPT,19.9283,1.1352,277,2,1,0.8484,110.62,242.48,13.86,10.27,120.00,236.50,12.00,13.00,0.0720,11.13,1,0,3.2255,ACCEPT,0,641,1134,6071,4,376,277,0,0,0,0
78,0,1,1,ACCEPT,21.8744,1.4494,229,1,7,0.1965,110.84,243.63,13.86,10.27,120.00,239.00,12.00,12.00,0.0935,10.27,1,0,2.8970,ACCEPT,0,452,1098,5550,4,376,229,0,0,0,0
79,0,1,1,ACCEPT,20.8150,1.4146,174,5,-5,0.0747,111.93,242.81,13.86,10.27,120.00,237.00,10.00,10.00,0.0739,9.95,1,0,3.0471,ACCEPT,0,364,1058,4668,4,376,174,0,0,0,0
80,0,1,1,ACCEPT,20.7699,1.3869,190,-5,1,0.4789,110.84,242.98,13.86,10.27,120.50,237.00,11.00,8.00,0.0394,11.36,1,-1,3.1174,OUT_OF_RANGE,0,333,815,6024,4,376,190,0,0,0,0
81,0,1,1,ACCEPT,22.4198,1.4148,249,0,1,0.7871,110.84,243.14,13.86,10.27,120.50,237.50,9.00,7.00,0.0264,11.19,1,-1,3.1697,OUT_OF_RANGE,0,486,1063,5101,4,376,249,0,0,0,0
82,0,1,1,ACCEPT,22.5866,1.4765,251,-1,1,0.7131,110.62,243.30,13.86,10.27,120.00,238.50,12.00,7.00,0.0639,10.54,1,-1,3.0994,OUT_OF_RANGE,0,445,468,5472,4,376,251,0,0,0,0
83,0,1,1,ACCEPT,16.9219,1.0781,207,6,7,0.7053,111.93,244.45,13.86,10.27,121.00,241.00,12.00,8.00,0.1013,9.71,1,0,3.2228,ACCEPT,0,495,1130,4618,4,376,207,0,0,0,0
84,0,1,1,ACCEPT,16.3248,1.0517,183,-1,1,0.8579,111.71,244.62,13.86,10.27,121.00,241.00,10.00,6.00,0.0627,9.97,1,0,3.2108,ACCEPT,0,388,559,6297,4,376,183,0,0,0,0
85,0,1,1,ACCEPT,17.5303,1.3350,263,1,-5,0.0989,111.93,243.80,13.86,10.27,119.50,242.00,9.00,6.00,0.1338,7.78,1,-1,2.8708,OUT_OF_RANGE,0,519,928,6447,4,376,263,0,0,0,0
86,0,1,1,ACCEPT,24.2419,2.3295,403,-2,1,0.6799,111.49,243.96,13.86,10.27,120.50,242.50,7.00,7.00,0.0549,9.13,1,-1,3.0524,OUT_OF_RANGE,0,683,463,8698,4,376,403,0,0,0,0
87,0,1,1,ACCEPT,16.7430,1.4696,338,1,1,0.7870,111.71,244.12,13.86,10.27,119.00,243.50,8.00,7.00,0.1475,7.32,1,-1,3.0686,OUT_OF_RANGE,0,795,1163,6235,4,376,338,0,0,0,0
88,0,1,1,ACCEPT,20.4900,1.6107,393,-1,7,0.0458,111.49,245.27,13.86,10.27,121.50,245.50,15.00,7.00,0.1431,10.01,1,0,3.3140,ACCEPT,0,870,1348,5723,4,376,393,0,0,0,0
89,0,1,1,ACCEPT,19.7398,1.6996,396,1,1,0.8510,111.71,245.44,13.86,10.27,122.50,247.50,13.00,5.00,0.0680,10.98,1,0,3.3313,ACCEPT,0,918,1138,5864,4,376,396,0,0,0,0
90,0,1,1,ACCEPT,17.4438,1.2243,322,-1,7,0.0435,111.49,246.59,13.86,10.27,122.00,248.50,14.00,7.00,0.1058,10.68,1,0,3.1133,ACCEPT,0,785,994,4827,4,376,322,0,0,0,0
91,0,1,1,ACCEPT,19.8735,1.3849,349,2,-5,0.0201,111.93,245.77,13.86,10.27,121.50,249.50,15.00,7.00,0.1065,10.27,1,0,3.1077,ACCEPT,0,791,1081,4850,4,376,349,0,0,0,0
92,0,1,1,ACCEPT,19.8963,1.2964,363,-7,1,0.1047,110.40,245.93,13.86,10.27,121.50,252.00,13.00,10.00,0.0360,12.65,1,-1,3.1069,OUT_OF_RANGE,0,771,782,5667,4,376,363,0,0,0,0
93,0,1,1,ACCEPT,22.8403,1.5794,398,4,1,0.5854,111.27,246.09,13.86,10.27,121.50,252.00,15.00,10.00,0.0647,11.81,1,-1,3.0905,OUT_OF_RANGE,0,779,906,7030,4,376,398,0,0,0,0
94,0,1,1,ACCEPT,23.7258,1.4801,410,-4,1,0.5537,110.40,246.26,13.86,10.27,120.00,251.50,16.00,7.00,0.0765,10.94,1,-1,3.1498,OUT_OF_RANGE,0,763,927,7509,4,376,410,0,0,0,0
95,0,1,1,ACCEPT,21.4135,1.4843,426,5,1,0.6338,111.49,246.42,13.86,10.27,121.00,253.00,16.00,8.00,0.0540,11.56,1,0,3.1454,ACCEPT,0,860,829,6646,4,376,426,0,0,0,0
96,0,1,1,ACCEPT,28.1240,2.5587,458,0,7,0.0721,111.49,247.57,13.86,10.27,120.50,252.50,17.00,11.00,0.1252,10.27,1,0,2.9778,ACCEPT,0,689,809,6756,4,376,458,0,0,0,0
97,0,1,1,ACCEPT,25.0878,2.1451,414,1,-5,0.0072,111.71,246.75,13.86,10.27,120.50,251.50,19.00,11.00,0.1468,9.99,1,-1,2.8757,OUT_OF_RANGE,0,627,612,7905,4,376,414,0,0,0,0
98,0,1,1,ACCEPT,24.9004,1.9795,483,-8,1,0.0393,109.96,246.91,13.86,10.27,120.00,253.00,18.00,10.00,0.0799,11.74,1,-1,2.9161,OUT_OF_RANGE,0,834,750,9653,4,376,483,0,0,0,0
99,0,1,1,ACCEPT,16.5503,1.0880,309,7,7,0.6408,111.49,248.06,13.86,10.27,120.50,252.50,21.00,9.00,0.1522,10.04,1,0,3.1352,ACCEPT,0,688,924,7138,4,376,309,0,0,0,0
100,0,1,1,ACCEPT,20.5566,1.4464,324,-1,1,0.8426,111.27,248.23,13.86,10.27,119.00,253.00,24.00,10.00,0.1864,9.08,1,0,3.1897,ACCEPT,0,605,783,7787,4,376,324,0,0,0,0
101,0,1,1,ACCEPT,23.7484,2.2335,373,1,1,0.8874,111.49,248.39,13.86,10.27,120.50,252.50,23.00,7.00,0.1635,9.90,1,0,3.2415,ACCEPT,0,647,1081,6687,4,376,373,0,0,0,0
102,0,1,1,ACCEPT,28.3656,2.2570,404,-3,1,0.5792,110.84,248.55,13.86,10.27,122.50,251.50,25.00,9.00,0.1647,12.03,1,0,3.2370,ACCEPT,0,559,1055,5338,4,376,404,0,0,0,0
103,0,1,1,ACCEPT,24.3272,2.2649,419,-4,-5,0.3413,109.96,247.73,13.86,10.27,123.50,252.00,25.00,10.00,0.0966,14.20,1,-1,2.7867,OUT_OF_RANGE,0,630,1086,6435,4,376,419,0,0,0,0
104,0,1,1,ACCEPT,29.8250,2.2442,579,1,7,0.0622,110.18,248.88,13.86,10.27,123.00,253.00,24.00,10.00,0.1064,13.47,1,0,3.1174,ACCEPT,0,736,1102,5807,4,376,579,0,0,0,0
105,0,1,1,ACCEPT,21.4520,1.3458,397,5,7,0.3249,111.27,250.03,13.86,10.27,123.00,252.50,22.00,13.00,0.1531,11.98,1,0,3.0894,ACCEPT,0,621,1167,8923,4,376,397,0,0,0,0
106,0,1,1,ACCEPT,22.5243,1.6899,436,-8,1,0.0229,109.52,250.20,13.86,10.27,124.50,253.50,25.00,11.00,0.0849,15.34,1,0,3.1917,ACCEPT,0,812,979,5927,4,376,436,0,0,0,0
107,0,1,1,ACCEPT,31.0096,1.7253,402,1,7,0.1045,109.74,251.34,13.86,10.27,124.50,255.00,25.00,12.00,0.0858,15.20,1,0,3.2837,ACCEPT,0,544,1043,9725,4,376,402,0,0,0,0
108,0,1,1,ACCEPT,16.3089,1.0281,256,0,7,0.3945,109.74,252.49,13.86,10.27,124.50,255.50,25.00,13.00,0.0944,15.06,1,0,2.8711,ACCEPT,0,546,793,8888,4,376,256,0,0,0,0
109,0,1,1,ACCEPT,24.2525,1.5354,390,0,1,0.7615,109.74,252.66,13.86,10.27,125.00,256.00,24.00,14.00,0.0724,15.62,1,0,3.2935,ACCEPT,0,613,1090,8222,4,376,390,0,0,0,0
110,0,1,1,ACCEPT,27.3151,1.9839,494,-1,1,0.7753,109.52,252.82,13.86,10.27,125.00,257.00,24.00,10.00,0.0568,16.03,1,0,3.1390,ACCEPT,0,704,744,7582,4,376,494,0,0,0,0
111,0,1,1,ACCEPT,37.5275,2.7005,505,2,7,0.0218,109.96,253.97,13.86,10.27,123.00,259.00,24.00,10.00,0.0853,13.98,1,0,3.2262,ACCEPT,0,569,811,10876,4,376,505,0,0,0,0
112,0,1,1,ACCEPT,39.1350,2.7624,500,1,7,0.0200,110.18,255.12,13.86,10.27,121.50,259.00,23.00,12.00,0.1406,11.97,1,0,3.2619,ACCEPT,0,568,872,9409,4,376,500,0,0,0,0
113,0,1,1,ACCEPT,37.9918,2.7381,575,6,7,0.1009,111.49,256.27,13.86,10.27,123.50,260.00,27.00,12.00,0.1543,12.58,1,0,3.2725,ACCEPT,0,658,850,11321,4,376,575,0,0,0,0
114,0,1,1,ACCEPT,19.9624,1.3323,413,1,7,0.2518,111.71,257.41,13.86,10.27,123.00,261.00,26.00,10.00,0.1637,11.84,1,0,3.2038,ACCEPT,0,744,480,11609,4,376,413,0,0,0,0
115,0,1,1,ACCEPT,17.8770,1.0171,297,1,7,0.4444,111.93,258.56,14.42,10.68,121.50,262.50,27.00,11.00,0.2055,10.35,1,1,2.8330,ACCEPT,0,642,663,10286,4,376,297,0,0,0,0
116,0,1,1,ACCEPT,19.6814,1.4792,284,-9,-5,0.4085,109.89,257.74,13.86,10.27,121.50,263.00,27.00,10.00,0.1165,12.74,1,-1,2.7292,ACCEPT,0,547,563,9855,4,376,284,0,0,0,0
117,0,1,1,ACCEPT,23.8228,1.5941,322,6,7,0.3323,111.20,258.89,13.86,10.27,121.50,264.50,27.00,11.00,0.1311,11.73,1,0,3.2557,ACCEPT,0,520,866,11560,4,376,322,0,0,0,0
118,0,1,1,ACCEPT,24.6007,1.9438,311,-3,1,0.5563,110.55,259.05,13.86,10.27,120.50,265.50,25.00,11.00,0.1051,11.86,1,0,3.0672,ACCEPT,0,489,669,10657,4,376,311,0,0,0,0
119,0,1,1,ACCEPT,35.2917,3.0892,485,0,7,0.1485,110.55,260.20,13.86,10.27,121.00,266.00,28.00,12.00,0.1324,11.95,1,0,3.2193,ACCEPT,0,564,854,15591,4,376,485,0,0,0,0
120,0,1,1,ACCEPT,34.5489,2.4958,589,-2,7,0.0238,110.11,261.35,13.86,10.27,120.50,267.00,27.00,12.00,0.1339,11.83,1,0,3.3011,ACCEPT,0,717,779,12375,4,376,589,0,0,0,0
121,0,1,1,ACCEPT,26.8061,1.6480,412,8,7,0.4733,111.86,262.50,13.86,10.27,121.00,268.00,26.00,12.00,0.1545,10.67,1,0,3.0455,ACCEPT,0,578,673,14617,4,376,412,0,0,0,0
122,0,1,1,ACCEPT,19.6481,1.1811,287,-2,1,0.7875,111.42,262.66,13.86,10.27,121.00,271.50,28.00,17.00,0.0966,13.03,1,0,3.2943,ACCEPT,0,602,561,12204,4,376,287,0,0,0,0
123,0,1,1,ACCEPT,28.3557,1.6941,371,1,1,0.6631,111.64,262.83,13.86,10.27,121.00,273.50,26.00,15.00,0.0405,14.19,1,-1,2.9135,OUT_OF_RANGE,0,514,1173,15489,4,376,371,0,0,0,0
124,0,1,1,ACCEPT,24.3918,1.5166,411,-1,13,0.0462,111.42,264.96,13.86,10.27,121.00,275.50,26.00,13.00,0.0242,14.24,1,0,3.2567,ACCEPT,0,566,635,13344,4,376,411,0,0,0,0
125,0,1,1,ACCEPT,32.3870,2.4947,474,4,7,0.2300,112.30,266.11,13.86,10.27,121.00,276.00,24.00,14.00,0.0504,13.17,1,0,3.2387,ACCEPT,0,601,814,16378,4,376,474,0,0,0,0
126,0,1,1,ACCEPT,39.0228,2.4946,459,-3,7,0.0087,111.64,267.26,13.86,10.27,122.00,277.50,26.00,9.00,0.0000,14.57,1,0,3.2818,ACCEPT,0,505,549,15408,4,376,459,0,0,0,0
127,0,1,1,ACCEPT,39.7559,2.9181,499,-1,7,0.1283,111.42,268.41,13.86,10.27,122.50,276.00,25.00,10.00,0.0572,13.43,1,0,3.2536,ACCEPT,0,482,806,16267,4,376,499,0,0,0,0
128,0,1,1,ACCEPT,38.5181,2.6476,556,3,7,0.0450,112.08,269.55,13.86,10.27,122.50,279.00,23.00,12.00,0.0334,14.07,1,0,3.2282,ACCEPT,0,562,659,13205,4,376,556,0,0,0,0
129,0,1,1,ACCEPT,29.0118,2.0585,387,1,1,0.8915,112.30,269.72,13.86,10.27,123.00,281.00,26.00,8.00,0.0000,15.55,1,0,3.2872,ACCEPT,0,532,1446,8351,4,376,387,0,0,0,0
130,0,1,1,ACCEPT,29.8305,1.8941,322,-3,1,0.4720,111.64,269.88,13.86,10.27,115.00,284.50,10.00,11.00,0.0000,15.00,1,0,3.0278,ACCEPT,0,388,1140,10993,4,376,322,0,0,0,0
131,0,1,1,ACCEPT,26.1465,1.5248,369,3,7,0.3360,112.30,271.03,13.86,10.27,117.00,284.00,14.00,12.00,0.0000,13.80,1,0,3.2818,ACCEPT,0,481,1311,9841,4,376,369,0,0,0,0
132,0,1,1,ACCEPT,36.6023,2.9452,430,-3,1,0.5279,111.64,271.20,13.86,10.27,116.00,286.00,6.00,10.00,0.0000,15.43,1,0,3.2406,ACCEPT,0,472,916,12469,4,376,430,0,0,0,0
133,0,1,1,ACCEPT,33.0080,1.8873,402,2,7,0.1493,112.08,272.34,13.86,10.27,117.00,287.00,10.00,10.00,0.0000,15.46,1,0,3.3062,ACCEPT,0,467,1489,7497,4,376,402,0,0,0,0
134,0,1,1,ACCEPT,30.1102,2.1726,365,-3,1,0.4493,111.42,272.51,13.86,10.27,116.50,287.50,9.00,11.00,0.0000,15.83,1,0,3.3070,ACCEPT,0,433,1124,10442,4,376,365,0,0,0,0
135,0,1,1,ACCEPT,35.4882,2.3384,463,3,1,0.6048,112.08,272.67,13.86,10.27,115.00,290.00,10.00,10.00,0.0000,17.57,1,0,3.0769,ACCEPT,0,503,794,11805,4,376,463,0,0,0,0
136,0,1,1,ACCEPT,33.9520,2.2054,408,-3,7,0.0049,111.42,273.82,13.86,10.27,119.50,293.00,15.00,8.00,0.0000,20.81,1,0,3.2328,ACCEPT,0,421,915,13189,4,376,408,0,0,0,0
137,0,1,1,ACCEPT,23.8810,1.4200,355,4,7,0.4535,112.30,274.97,13.86,10.27,116.00,294.50,12.00,7.00,0.0000,19.88,1,0,3.2487,ACCEPT,0,512,534,14683,4,376,355,0,0,0,0
138,0,1,1,ACCEPT,33.5910,2.5366,416,-5,1,0.2067,111.20,275.13,13.86,10.27,119.00,297.00,16.00,10.00,0.0000,23.22,1,0,3.2663,ACCEPT,0,429,1470,7835,4,376,416,0,0,0,0
139,0,1,1,ACCEPT,27.2002,1.5785,352,3,7,0.4659,111.86,276.28,13.86,10.27,119.50,298.00,15.00,10.00,0.0000,23.02,1,0,3.2258,ACCEPT,0,481,833,10870,4,376,352,0,0,0,0
140,0,1,1,ACCEPT,37.1395,2.6220,333,-5,1,0.1441,110.77,276.45,13.86,10.27,119.00,298.50,16.00,9.00,0.0000,23.54,1,0,3.3352,ACCEPT,0,368,640,13578,4,376,333,0,0,0,0
141,0,1,1,ACCEPT,23.2798,1.2060,322,3,7,0.5683,111.42,277.59,14.42,10.68,121.50,300.50,21.00,9.00,0.0000,25.03,1,1,2.8256,ACCEPT,0,448,1219,7692,4,376,322,0,0,0,0
142,0,1,1,ACCEPT,31.6921,2.6500,265,-5,-5,0.2717,110.29,276.77,14.42,10.68,122.00,301.00,20.00,12.00,0.0000,26.91,1,0,3.0236,ACCEPT,0,362,984,8156,4,376,265,0,0,0,0
143,0,1,1,ACCEPT,24.5948,1.4812,237,4,7,0.4557,111.20,277.92,14.42,10.68,121.00,302.00,18.00,10.00,0.0000,26.00,1,0,3.2813,ACCEPT,0,328,1147,11092,4,376,237,0,0,0,0
144,0,1,1,ACCEPT,23.7356,1.4890,338,-3,7,0.0680,110.52,279.07,14.42,10.68,119.00,303.50,16.00,11.00,0.0000,25.86,1,0,3.2569,ACCEPT,0,467,1078,10849,4,376,338,0,0,0,0
145,0,1,1,ACCEPT,22.5975,1.1067,332,0,6,0.3554,110.52,280.05,14.42,10.68,121.00,305.50,18.00,9.00,0.0000,27.52,1,0,3.2606,ACCEPT,0,485,511,10948,4,376,332,0,0,0,0
146,0,1,1,ACCEPT,33.1326,2.3729,420,-4,7,0.0476,109.61,281.20,14.42,10.68,121.00,305.50,18.00,7.00,0.0000,26.83,1,0,3.2427,ACCEPT,0,430,756,11157,4,376,420,0,0,0,0
147,0,1,1,ACCEPT,38.8711,3.6975,440,2,7,0.1295,110.06,282.35,14.42,10.68,120.00,306.50,18.00,9.00,0.0000,26.11,1,0,3.2856,ACCEPT,0,425,634,13947,4,376,440,0,0,0,0
148,0,1,1,ACCEPT,25.2307,1.3294,339,1,13,0.0383,110.29,284.48,14.42,10.68,120.00,308.50,22.00,9.00,0.0000,25.90,1,0,3.0509,ACCEPT,0,443,994,11501,4,376,339,0,0,0,0
149,0,1,1,ACCEPT,26.5437,1.2054,311,3,7,0.5016,110.97,285.63,14.42,10.68,122.00,311.00,22.00,10.00,0.0000,27.66,1,0,2.9395,ACCEPT,0,386,407,13163,4,376,311,0,0,0,0
150,0,1,1,ACCEPT,27.5792,1.3794,349,-2,1,0.7163,110.52,285.80,14.42,10.68,122.00,312.50,20.00,9.00,0.0000,29.07,1,0,3.3166,ACCEPT,0,438,579,12117,4,376,349,0,0,0,0
151,0,1,1,ACCEPT,37.3668,2.6260,344,-2,1,0.6715,110.06,285.96,14.42,10.68,123.00,313.00,18.00,8.00,0.0000,29.97,1,0,3.1317,ACCEPT,0,351,862,13074,4,376,344,0,0,0,0
152,0,1,1,ACCEPT,25.7468,1.1464,321,-1,1,0.7539,109.84,286.12,14.42,10.68,119.50,313.50,17.00,9.00,0.0000,29.03,1,0,3.0370,ACCEPT,0,412,497,10874,4,376,321,0,0,0,0
153,0,1,1,ACCEPT,40.4491,2.8808,435,4,7,0.0184,110.74,287.27,14.42,10.68,122.50,314.50,21.00,9.00,0.0000,29.66,1,0,3.2527,ACCEPT,0,417,543,12528,4,376,435,0,0,0,0
154,0,1,1,ACCEPT,24.2477,1.1000,286,-3,1,0.6014,110.06,287.44,14.42,10.68,124.00,313.50,24.00,11.00,0.0000,29.56,1,0,3.3243,ACCEPT,0,421,1129,6214,4,376,286,0,0,0,0
155,0,1,1,ACCEPT,27.7474,1.5491,268,6,7,0.2687,111.42,288.59,14.42,10.68,127.00,316.00,26.00,10.00,0.0000,31.53,1,0,3.0811,ACCEPT,0,365,793,10439,4,376,268,0,0,0,0
156,0,1,1,ACCEPT,38.4177,2.8776,282,0,-5,0.1418,111.42,287.77,14.42,10.68,126.50,315.00,27.00,10.00,0.0000,31.13,1,0,3.2366,ACCEPT,0,333,937,7499,4,376,282,0,0,0,0
157,0,1,1,ACCEPT,37.6831,3.0612,300,3,1,0.6900,112.10,287.93,14.42,10.68,127.00,314.00,28.00,12.00,0.0000,30.03,1,0,3.2259,ACCEPT,0,291,1059,7717,4,376,300,0,0,0,0
158,0,1,1,ACCEPT,44.5875,2.7639,398,-4,1,0.4799,111.20,288.09,14.42,10.68,126.50,314.50,27.00,13.00,0.0000,30.52,1,0,3.1967,ACCEPT,0,360,837,9545,4,376,398,0,0,0,0
159,0,1,1,ACCEPT,37.4715,2.6838,365,3,1,0.6110,111.88,288.26,14.42,10.68,126.50,316.50,27.00,11.00,0.0000,31.80,1,0,3.2740,ACCEPT,0,403,687,11886,4,376,365,0,0,0,0
160,0,1,1,ACCEPT,25.5657,1.2303,406,-4,1,0.2759,110.97,288.42,14.42,10.68,123.00,317.50,18.00,7.00,0.0000,31.47,1,0,3.2827,ACCEPT,0,500,465,17357,4,376,406,0,0,0,0
161,0,1,1,ACCEPT,22.5075,1.0712,316,3,1,0.5601,111.65,288.59,14.42,10.68,122.50,316.00,15.00,6.00,0.0000,29.48,1,0,3.2974,ACCEPT,0,574,901,10269,4,376,316,0,0,0,0
162,0,1,1,ACCEPT,25.0134,1.1974,279,1,1,0.8674,111.88,288.75,14.42,10.68,119.00,315.50,8.00,5.00,0.0000,27.68,1,0,3.3127,ACCEPT,0,353,859,8060,4,376,279,0,0,0,0
163,0,1,1,ACCEPT,25.5691,1.1780,278,4,1,0.4928,112.78,288.91,14.42,10.68,0.00,0.00,0.00,0.00,0.0000,310.15,1,0,3.2788,ACCEPT,0,357,732,10068,4,376,278,0,0,0,0
164,0,1,1,ACCEPT,24.9947,1.1299,261,-5,-5,0.7548,111.65,288.09,14.42,10.68,0.00,0.00,0.00,0.00,0.0000,308.97,1,0,2.9484,ACCEPT,0,375,943,9205,4,376,261,0,0,0,0
165,0,1,1,ACCEPT,31.0382,1.7136,341,3,1,0.5308,112.33,288.26,14.42,10.68,0.00,0.00,0.00,0.00,0.0000,309.37,1,0,3.2055,ACCEPT,0,410,597,12189,4,376,341,0,0,0,0
166,0,1,1,ACCEPT,41.2502,2.8333,374,4,1,0.5187,113.23,288.42,14.42,10.68,120.00,320.00,12.00,8.00,0.0000,32.29,1,0,3.3341,ACCEPT,0,400,1041,7587,4,376,374,0,0,0,0
167,0,1,1,ACCEPT,41.3678,2.8507,382,3,1,0.6675,113.91,288.59,14.42,10.68,121.50,320.00,11.00,10.00,0.0000,32.32,1,0,3.3013,ACCEPT,0,353,726,7567,4,376,382,0,0,0,0
168,0,1,1,ACCEPT,35.5491,2.9231,266,-2,-5,0.1654,113.46,287.77,14.42,10.68,122.50,319.50,13.00,11.00,0.0000,33.00,1,0,3.0251,ACCEPT,0,273,1085,6831,4,376,266,0,0,0,0
169,0,1,1,ACCEPT,35.1997,2.1597,311,6,1,0.1125,114.82,287.93,14.42,10.68,123.00,320.50,16.00,13.00,0.0000,33.58,1,0,3.2045,ACCEPT,0,348,1044,7255,4,376,311,0,0,0,0
170,0,1,1,ACCEPT,37.3289,2.8165,307,-3,1,0.6287,114.14,288.09,14.42,10.68,123.00,319.00,16.00,14.00,0.0000,32.15,1,0,3.2754,ACCEPT,0,306,698,10549,4,376,307,0,0,0,0
171,0,1,1,ACCEPT,29.4622,1.8545,306,7,1,0.0490,115.73,288.26,14.42,10.68,124.50,319.00,19.00,14.00,0.0000,31.97,1,0,3.2087,ACCEPT,0,433,758,9094,4,376,306,0,0,0,0
172,0,1,1,ACCEPT,22.9985,1.0755,228,-2,1,0.7368,115.27,288.42,14.42,10.68,126.00,320.00,18.00,12.00,0.0000,33.35,1,0,3.1581,ACCEPT,0,314,574,10427,4,376,228,0,0,0,0
173,0,1,1,ACCEPT,31.7731,2.2650,265,2,-5,0.1509,115.73,287.60,14.42,10.68,131.00,318.50,28.00,15.00,0.0000,34.47,1,0,3.3281,ACCEPT,0,355,510,11831,4,376,265,0,0,0,0
174,0,1,1,ACCEPT,35.2341,2.5556,276,-5,-5,0.2210,114.59,286.78,14.42,10.68,130.00,320.50,28.00,13.00,0.0000,37.07,1,0,3.0157,ACCEPT,0,299,1062,5554,4,376,276,0,0,0,0
175,0,1,1,ACCEPT,43.2526,3.7766,355,3,1,0.5972,115.27,286.95,14.42,10.68,130.00,321.00,24.00,12.00,0.0000,37.10,1,0,3.2567,ACCEPT,0,351,918,7084,4,376,355,0,0,0,0
176,0,1,1,ACCEPT,32.3673,2.1097,327,3,1,0.7278,115.95,287.11,14.42,10.68,131.50,322.50,21.00,9.00,0.0000,38.65,1,0,3.3183,ACCEPT,0,354,391,8633,4,376,327,0,0,0,0
177,0,1,1,ACCEPT,26.2500,1.4434,319,-2,-5,0.3981,115.50,286.29,14.42,10.68,133.50,321.00,23.00,10.00,0.0000,39.10,1,0,3.1860,ACCEPT,0,373,927,8601,4,376,319,0,0,0,0
178,0,1,1,ACCEPT,37.3068,3.7500,360,-3,1,0.5500,114.82,286.45,14.42,10.68,133.50,320.00,27.00,12.00,0.0000,38.40,1,0,3.3981,ACCEPT,0,336,838,9123,4,376,360,0,0,0,0
179,0,1,1,ACCEPT,35.4834,2.5507,352,6,1,0.1562,116.18,286.62,14.42,10.68,133.50,320.00,29.00,14.00,0.0000,37.61,1,0,3.2670,ACCEPT,0,434,874,10179,4,376,352,0,0,0,0
180,0,1,1,ACCEPT,25.2732,1.8678,226,2,-6,0.0708,116.63,285.63,14.42,10.68,133.50,319.50,27.00,13.00,0.0000,37.84,1,0,3.3138,ACCEPT,0,381,594,10441,4,376,226,0,0,0,0
181,0,1,1,ACCEPT,36.2730,2.7500,275,-1,-5,0.1564,116.41,284.81,14.42,10.68,135.50,319.50,23.00,15.00,0.0000,39.60,1,0,3.0788,ACCEPT,0,318,763,8593,4,376,275,0,0,0,0
182,0,1,1,ACCEPT,26.1381,1.3471,229,5,1,0.3188,117.54,284.98,14.42,10.68,134.50,319.00,23.00,14.00,0.0000,38.02,1,0,3.2618,ACCEPT,0,335,606,9723,4,376,229,0,0,0,0
183,0,1,1,ACCEPT,32.7702,2.0154,262,-4,-5,0.3511,116.63,284.16,14.42,10.68,135.00,318.50,22.00,13.00,0.0000,38.95,1,0,3.2290,ACCEPT,0,270,928,6035,4,376,262,0,0,0,0
184,0,1,1,ACCEPT,39.6808,3.2828,325,2,1,0.7600,117.09,284.32,14.42,10.68,135.50,319.00,21.00,14.00,0.0000,39.27,1,0,3.3382,ACCEPT,0,320,1212,5509,4,376,325,0,0,0,0
185,0,1,1,ACCEPT,27.8428,1.5960,241,7,1,0.0788,118.67,284.48,14.42,10.68,133.50,319.00,25.00,14.00,0.0000,37.57,1,0,3.1309,ACCEPT,0,358,1116,5977,4,376,241,0,0,0,0
186,0,1,1,ACCEPT,34.6950,2.5135,279,-7,-5,0.2581,117.09,283.66,14.42,10.68,134.50,318.50,29.00,13.00,0.0000,38.95,1,0,3.3862,ACCEPT,0,312,888,7211,4,376,279,0,0,0,0
187,0,1,1,ACCEPT,40.9602,4.0227,354,7,-5,0.0678,118.67,282.84,14.42,10.68,135.00,318.50,28.00,17.00,0.0000,39.22,1,0,3.2206,ACCEPT,0,468,913,6217,4,376,354,0,0,0,0
188,0,1,1,ACCEPT,23.1064,1.4662,217,-2,0,0.7834,118.22,282.84,14.42,10.68,135.00,317.50,26.00,15.00,0.0000,38.51,1,0,3.3028,ACCEPT,0,316,509,10235,4,376,217,0,0,0,0
189,0,1,1,ACCEPT,35.9805,2.9213,371,3,-5,0.0485,118.90,282.02,14.42,10.68,135.00,318.00,24.00,14.00,0.0000,39.42,1,0,3.1738,ACCEPT,0,428,1159,5283,4,376,371,0,0,0,0
190,0,1,1,ACCEPT,45.7590,2.9147,376,-2,1,0.7074,118.45,282.19,14.42,10.68,135.50,318.50,25.00,15.00,0.0000,40.12,1,0,3.2654,ACCEPT,0,326,723,8847,4,376,376,0,0,0,0
191,0,1,1,ACCEPT,32.2537,2.0299,339,8,1,0.0472,120.26,282.35,14.42,10.68,134.00,318.50,26.00,15.00,0.0000,38.67,1,0,3.1883,ACCEPT,0,435,754,6329,4,376,339,0,0,0,0
192,0,1,1,ACCEPT,32.6157,2.0946,310,1,1,0.8387,120.48,282.52,14.42,10.68,135.00,319.50,26.00,13.00,0.0000,39.73,1,0,3.1649,ACCEPT,0,294,748,8364,4,376,310,0,0,0,0
193,0,1,1,ACCEPT,38.3450,2.8871,358,1,-5,0.0503,120.71,281.70,14.42,10.68,134.50,318.00,25.00,16.00,0.0000,38.84,1,0,3.2890,ACCEPT,0,349,839,7195,4,376,358,0,0,0,0
194,0,1,1,ACCEPT,45.8028,4.5465,391,0,1,0.8747,120.71,281.86,14.42,10.68,135.00,318.00,26.00,18.00,0.0000,38.86,1,0,3.2405,ACCEPT,0,338,830,6956,4,376,391,0,0,0,0
195,0,1,1,ACCEPT,42.3199,5.1354,493,-1,1,0.7708,120.48,282.02,14.42,10.68,135.00,318.50,26.00,17.00,0.0000,39.26,1,0,3.2310,ACCEPT,0,435,615,10024,4,376,493,0,0,0,0
196,0,1,1,ACCEPT,42.0033,3.7838,420,6,1,0.1286,121.84,282.19,14.42,10.68,136.00,319.00,26.00,16.00,0.0000,39.44,1,0,3.2844,ACCEPT,0,437,1363,4851,4,376,420,0,0,0,0
197,0,1,1,ACCEPT,36.7597,3.5581,306,-3,1,0.4739,121.16,282.35,14.42,10.68,135.00,320.00,26.00,14.00,0.0000,40.11,1,0,3.3146,ACCEPT,0,316,651,7831,4,376,306,0,0,0,0
198,0,1,1,ACCEPT,31.4354,2.7885,290,3,1,0.6069,121.84,282.52,14.42,10.68,133.50,320.00,21.00,14.00,0.0000,39.25,1,0,3.3507,ACCEPT,0,325,798,6252,4,376,290,0,0,0,0
199,0,1,1,ACCEPT,24.4548,1.8293,225,0,1,0.9067,121.84,282.68,14.42,10.68,136.00,321.50,26.00,11.00,0.0000,41.32,1,0,3.3324,ACCEPT,0,409,1063,6737,4,376,225,0,0,0,0
200,0,1,1,ACCEPT,35.1560,3.2667,294,3,1,0.6565,122.52,282.84,14.42,10.68,136.50,322.00,27.00,10.00,0.0000,41.58,1,0,3.2768,ACCEPT,0,329,1179,6124,4,376,294,0,0,0,0
201,0,1,1,ACCEPT,22.2722,2.2018,251,-3,1,0.7331,121.84,283.01,14.42,10.68,137.00,320.50,26.00,13.00,0.0000,40.44,1,0,3.3124,ACCEPT,0,445,898,7953,4,376,251,0,0,0,0
202,0,1,1,ACCEPT,28.9132,2.9670,270,4,1,0.4407,122.75,283.17,14.42,10.68,138.00,321.50,26.00,13.00,0.0000,41.25,1,0,3.2781,ACCEPT,0,405,489,7688,4,376,270,0,0,0,0
203,0,1,1,ACCEPT,29.8961,3.5395,269,-3,1,0.5762,122.07,283.34,14.42,10.68,136.00,321.00,26.00,12.00,0.0000,40.16,1,0,3.3077,ACCEPT,0,344,856,6977,4,376,269,0,0,0,0
204,0,1,1,ACCEPT,32.2988,2.6941,229,4,1,0.3843,122.98,283.50,14.42,10.68,137.00,322.00,24.00,10.00,0.0000,40.97,1,0,3.2317,ACCEPT,0,285,1110,4777,4,376,229,0,0,0,0
205,0,1,1,ACCEPT,14.4360,1.0521,101,-10,-11,0.2475,120.71,281.70,13.86,10.27,137.00,322.00,26.00,12.00,0.0000,43.47,1,-1,2.6783,ACCEPT,0,210,814,5857,4,376,101,0,0,0,0
206,0,1,1,ACCEPT,17.7420,1.7473,159,6,1,0.4591,122.02,281.86,13.86,10.27,137.00,322.50,26.00,11.00,0.0000,43.31,1,0,3.0980,ACCEPT,0,296,1220,3204,4,376,159,0,0,0,0
207,0,1,1,ACCEPT,23.7024,2.4306,175,1,1,0.7486,122.24,282.02,13.86,10.27,137.00,321.50,26.00,13.00,0.0000,42.14,1,0,3.3428,ACCEPT,0,257,1039,4214,4,376,175,0,0,0,0
208,0,1,1,ACCEPT,25.2389,2.2472,200,1,1,0.7100,122.46,282.19,13.86,10.27,136.50,321.00,27.00,14.00,0.0000,41.27,1,0,3.3178,ACCEPT,0,245,711,4511,4,376,200,0,0,0,0
209,0,1,1,ACCEPT,29.2078,2.3253,193,1,1,0.8135,122.68,282.35,13.86,10.27,136.00,321.00,28.00,14.00,0.0000,40.88,1,0,3.2607,ACCEPT,0,261,929,3471,4,376,193,0,0,0,0
210,0,1,1,ACCEPT,28.4041,2.1087,194,-1,1,0.7629,122.46,282.52,13.86,10.27,136.50,321.50,27.00,13.00,0.0000,41.44,1,0,3.1587,ACCEPT,0,278,635,4311,4,376,194,0,0,0,0
211,0,1,1,ACCEPT,22.4821,1.8841,130,2,-5,0.1154,122.90,281.70,13.86,10.27,136.00,322.50,26.00,11.00,0.0000,42.86,1,0,3.3831,ACCEPT,0,239,660,5125,4,376,130,0,0,0,0
212,0,1,1,ACCEPT,24.7051,1.5133,171,3,1,0.7193,123.55,281.86,13.86,10.27,137.50,322.50,25.00,11.00,0.0000,42.97,1,0,3.2381,ACCEPT,0,223,744,4790,4,376,171,0,0,0,0
213,0,1,1,ACCEPT,36.0654,2.8953,249,-3,1,0.5582,122.90,282.02,13.86,10.27,137.00,322.00,26.00,12.00,0.0000,42.39,1,0,3.2916,ACCEPT,0,265,500,5000,4,376,249,0,0,0,0
214,0,1,1,ACCEPT,35.0482,2.6800,201,3,1,0.6716,123.55,282.19,13.86,10.27,138.50,322.50,25.00,13.00,0.0000,42.99,1,0,3.2975,ACCEPT,0,231,1910,1936,4,376,201,0,0,0,0
215,0,1,1,ACCEPT,40.9858,3.3443,204,1,7,0.1225,123.77,283.34,13.86,10.27,139.50,324.00,23.00,12.00,0.0000,43.60,1,0,3.2264,ACCEPT,0,223,921,4650,4,376,204,0,0,0,0
216,0,1,1,ACCEPT,22.5306,1.2697,193,3,1,0.6373,124.43,283.50,13.86,10.27,140.00,324.50,24.00,13.00,0.0000,43.86,1,0,3.3152,ACCEPT,0,243,764,7654,4,376,193,0,0,0,0
217,0,1,1,ACCEPT,28.2657,1.7907,231,4,1,0.4762,125.30,283.66,13.86,10.27,138.00,324.50,28.00,13.00,0.0000,42.76,1,0,3.3839,ACCEPT,0,291,870,6017,4,376,231,0,0,0,0
218,0,1,1,ACCEPT,43.6523,3.6375,291,3,1,0.6220,125.96,283.83,13.86,10.27,138.50,325.00,27.00,12.00,0.0000,43.04,1,0,3.3173,ACCEPT,0,237,1004,5704,4,376,291,0,0,0,0
219,0,1,1,ACCEPT,34.2234,3.7586,218,-3,1,0.5092,125.30,283.99,13.86,10.27,139.00,325.50,26.00,11.00,0.0000,43.71,1,0,3.3151,ACCEPT,0,286,1143,5170,4,376,218,0,0,0,0
220,0,1,1,ACCEPT,39.5104,3.0111,271,3,1,0.6052,125.96,284.16,13.86,10.27,140.00,325.00,26.00,12.00,0.0000,43.19,1,0,3.3061,ACCEPT,0,289,1307,3660,4,376,271,0,0,0,0
221,0,1,1,ACCEPT,47.9272,3.6418,244,-1,1,0.7008,125.74,284.32,13.86,10.27,139.50,324.50,25.00,13.00,0.0000,42.47,1,0,3.2737,ACCEPT,0,215,1509,2908,4,376,244,0,0,0,0
222,0,1,1,ACCEPT,35.2249,3.1690,225,1,1,0.7422,125.96,284.48,13.86,10.27,139.50,323.50,27.00,15.00,0.0000,41.30,1,0,3.3122,ACCEPT,0,225,1034,4236,4,376,225,0,0,0,0
223,0,1,1,ACCEPT,25.4324,1.2814,214,-2,1,0.5514,125.52,284.65,13.86,10.27,140.00,324.00,26.00,16.00,0.0000,41.93,1,0,3.2923,ACCEPT,0,248,1369,3477,4,376,214,0,0,0,0
224,0,1,1,ACCEPT,25.7262,1.5000,147,1,-5,0.1905,125.74,283.83,13.86,10.27,140.50,323.50,25.00,15.00,0.0000,42.33,1,0,2.8577,ACCEPT,0,215,1139,4691,4,376,147,0,0,0,0
225,0,1,1,ACCEPT,35.9516,2.7436,214,1,1,0.7850,125.96,283.99,13.86,10.27,140.50,323.50,25.00,15.00,0.0000,42.10,1,0,3.2427,ACCEPT,0,237,1020,5259,4,376,214,0,0,0,0
226,0,1,1,ACCEPT,35.0002,2.5934,236,3,1,0.6568,126.62,284.16,13.86,10.27,142.00,323.50,24.00,15.00,0.0000,42.24,1,0,3.2615,ACCEPT,0,222,921,3978,4,376,236,0,0,0,0
227,0,1,1,ACCEPT,35.1909,2.0777,214,-2,1,0.5701,126.18,284.32,13.86,10.27,142.50,322.50,25.00,15.00,0.0000,41.52,1,0,3.2968,ACCEPT,0,210,903,5512,4,376,214,0,0,0,0
228,0,1,1,ACCEPT,39.2401,3.4848,230,6,1,0.2652,127.49,284.48,13.86,10.27,142.50,322.00,23.00,14.00,0.0000,40.41,1,0,3.3131,ACCEPT,0,272,833,4029,4,376,230,0,0,0,0
229,0,1,1,ACCEPT,39.5114,2.9315,214,1,1,0.7570,127.71,284.65,13.86,10.27,143.00,322.50,22.00,15.00,0.0000,40.82,1,0,3.3251,ACCEPT,0,205,1019,4142,4,376,214,0,0,0,0
230,0,1,1,ACCEPT,42.7181,2.6400,198,1,-5,0.0657,127.93,283.83,13.86,10.27,143.00,323.00,24.00,14.00,0.0000,41.97,1,0,3.1863,ACCEPT,0,179,942,4037,4,376,198,0,0,0,0
231,0,1,1,ACCEPT,40.8071,3.4872,272,0,1,0.7757,127.93,283.99,13.86,10.27,145.50,323.50,27.00,13.00,0.0000,43.24,1,0,3.1867,ACCEPT,0,254,875,5371,4,376,272,0,0,0,0
232,0,1,1,ACCEPT,39.9401,3.9500,237,4,1,0.4557,128.80,284.16,13.86,10.27,145.50,321.50,27.00,17.00,0.0000,40.91,1,0,3.3070,ACCEPT,0,238,814,4649,4,376,237,0,0,0,0
233,0,1,1,ACCEPT,44.6502,4.6491,265,-2,1,0.6226,128.37,284.32,13.86,10.27,144.00,321.00,24.00,18.00,0.0000,39.87,1,0,3.3077,ACCEPT,0,225,611,6562,4,376,265,0,0,0,0
234,0,1,1,ACCEPT,41.4843,3.4000,306,6,1,0.1340,129.68,284.48,13.86,10.27,146.50,322.00,27.00,16.00,0.0000,41.11,1,0,3.3296,ACCEPT,0,271,1226,3986,4,376,306,0,0,0,0
235,0,1,1,ACCEPT,38.8288,2.8081,278,-5,1,0.2338,128.59,284.65,13.86,10.27,144.50,322.00,27.00,16.00,0.0000,40.60,1,0,3.3426,ACCEPT,0,272,748,5776,4,376,278,0,0,0,0
236,0,1,1,ACCEPT,31.9571,2.7000,216,2,-5,0.0648,129.02,283.83,13.86,10.27,146.00,322.50,24.00,13.00,0.0000,42.23,1,0,2.9244,ACCEPT,0,286,1247,3228,4,376,216,0,0,0,0
237,0,1,1,ACCEPT,40.7546,3.2967,300,1,1,0.7533,129.24,283.99,13.86,10.27,146.00,322.00,24.00,12.00,0.0000,41.54,1,0,3.1789,ACCEPT,0,266,582,4498,4,376,300,0,0,0,0
238,0,1,1,ACCEPT,46.4520,3.7342,295,5,1,0.3153,130.34,284.16,13.86,10.27,146.50,322.00,23.00,12.00,0.0000,41.15,1,0,3.2936,ACCEPT,0,257,1172,3680,4,376,295,0,0,0,0
239,0,1,1,ACCEPT,46.3261,3.8730,244,-1,1,0.7172,130.12,284.32,13.86,10.27,144.00,321.50,18.00,11.00,0.0000,39.69,1,0,3.3161,ACCEPT,0,183,1292,3379,4,376,244,0,0,0,0
240,0,1,1,ACCEPT,44.3210,3.6264,330,2,1,0.7424,130.55,284.48,13.86,10.27,147.00,321.50,24.00,11.00,0.0000,40.50,1,0,3.2694,ACCEPT,0,267,1219,4309,4,376,330,0,0,0,0
241,0,1,1,ACCEPT,25.4248,1.3661,250,-2,1,0.7240,130.12,284.65,13.86,10.27,145.00,321.00,26.00,12.00,0.0000,39.28,1,0,3.0027,ACCEPT,0,290,1510,2822,4,376,250,0,0,0,0
242,0,1,1,ACCEPT,25.8996,1.7889,161,1,-11,0.0248,130.34,282.84,13.86,10.27,146.00,319.50,24.00,13.00,0.0000,39.86,1,0,2.9213,ACCEPT,0,241,974,4284,4,376,161,0,0,0,0
243,0,1,1,ACCEPT,52.7163,3.1386,317,1,1,0.7539,130.55,283.01,13.86,10.27,146.00,319.50,20.00,11.00,0.0000,39.63,1,0,3.2424,ACCEPT,0,242,659,6847,4,376,317,0,0,0,0
244,0,1,1,ACCEPT,43.5589,2.7767,286,1,1,0.7727,130.77,283.17,13.86,10.27,147.50,321.00,23.00,12.00,0.0000,41.36,1,0,3.2952,ACCEPT,0,271,645,5066,4,376,286,0,0,0,0
245,0,1,1,ACCEPT,26.2761,1.5038,197,2,1,0.8020,131.21,283.34,13.86,10.27,146.50,318.50,23.00,15.00,0.0000,38.34,1,0,3.1019,ACCEPT,0,232,558,6950,4,376,197,0,0,0,0
246,0,1,1,ACCEPT,26.3206,1.4098,172,1,-5,0.1163,131.43,282.52,13.86,10.27,148.00,317.00,24.00,18.00,0.0000,38.26,1,0,3.3349,ACCEPT,0,223,958,5053,4,376,172,0,0,0,0
247,0,1,1,ACCEPT,37.9795,2.2549,230,1,-5,0.1348,131.65,281.70,13.86,10.27,147.00,317.50,22.00,17.00,0.0000,38.96,1,0,3.0855,ACCEPT,0,212,953,5930,4,376,230,0,0,0,0
248,0,1,1,ACCEPT,37.2390,2.6400,264,-1,1,0.7765,131.43,281.86,13.86,10.27,147.50,317.00,23.00,16.00,0.0000,38.64,1,0,3.1165,ACCEPT,0,289,704,4270,4,376,264,0,0,0,0
249,0,1,1,ACCEPT,47.0031,5.4138,314,2,1,0.7038,131.87,282.02,13.86,10.27,146.50,317.50,23.00,15.00,0.0000,38.38,1,0,3.3103,ACCEPT,0,246,777,4752,4,376,314,0,0,0,0
250,0,1,1,ACCEPT,41.0859,3.3951,275,1,1,0.8218,132.09,282.19,13.86,10.27,148.00,317.00,24.00,16.00,0.0000,38.28,1,0,3.3214,ACCEPT,0,240,733,6306,4,376,275,0,0,0,0
251,0,1,1,ACCEPT,39.4771,3.5556,224,1,-5,0.0938,132.30,281.37,13.86,10.27,148.00,315.50,24.00,17.00,0.0000,37.57,1,0,3.3509,ACCEPT,0,212,1082,4862,4,376,224,0,0,0,0
252,0,1,1,ACCEPT,26.1853,1.3106,211,-1,1,0.8815,132.09,281.53,13.86,10.27,148.00,315.00,26.00,16.00,0.0000,37.06,1,0,3.0416,ACCEPT,0,239,1231,4551,4,376,211,0,0,0,0
253,0,1,1,ACCEPT,20.9689,1.0000,146,3,-6,0.0205,132.74,280.55,13.86,10.27,148.50,314.50,23.00,17.00,0.0000,37.43,1,0,3.3033,ACCEPT,0,251,955,5469,4,376,146,0,0,0,0
254,0,1,1,ACCEPT,23.9402,1.2830,204,-8,-5,0.4363,130.99,279.73,13.86,10.27,148.50,314.50,23.00,17.00,0.0000,38.93,1,-1,2.6402,OUT_OF_RANGE,0,263,783,6052,4,376,204,0,0,0,0
255,0,1,1,ACCEPT,40.5932,3.1538,287,6,1,0.2648,132.30,279.89,13.86,10.27,149.50,315.00,23.00,18.00,0.0000,39.09,1,0,3.0689,ACCEPT,0,298,891,4826,4,376,287,0,0,0,0
256,0,1,1,ACCEPT,48.4049,3.4239,315,1,1,0.7778,132.52,280.05,13.86,10.27,147.50,314.50,25.00,19.00,0.0000,37.56,1,0,3.2976,ACCEPT,0,244,907,5784,4,376,315,0,0,0,0
257,0,1,1,ACCEPT,22.7279,1.0750,215,-3,-5,0.7581,131.87,279.23,13.86,10.27,149.00,314.50,24.00,19.00,0.0000,39.21,1,0,3.1378,ACCEPT,0,278,1045,4954,4,376,215,0,0,0,0
258,0,1,1,ACCEPT,28.6392,1.4651,252,1,1,0.6865,132.09,279.40,13.86,10.27,149.50,315.50,23.00,17.00,0.0000,40.08,1,0,3.2570,ACCEPT,0,271,1054,5432,4,376,252,0,0,0,0
259,0,1,1,ACCEPT,23.4121,1.3012,216,8,7,0.5093,133.84,280.55,13.86,10.27,149.00,312.00,24.00,20.00,0.0000,34.92,1,0,2.9323,ACCEPT,0,309,681,6982,4,376,216,0,0,0,0
260,0,1,1,ACCEPT,20.8502,1.2066,146,-8,-11,0.0959,132.09,278.74,13.86,10.27,149.00,313.00,24.00,20.00,0.0000,38.21,1,-1,2.7480,OUT_OF_RANGE,0,217,767,6472,4,376,146,0,0,0,0
261,0,1,1,ACCEPT,38.9049,2.1550,278,5,1,0.4209,133.18,278.91,13.86,10.27,150.50,313.00,25.00,18.00,0.0000,38.24,1,0,3.0181,ACCEPT,0,289,1121,5111,4,376,278,0,0,0,0
262,0,1,1,ACCEPT,27.8600,1.3107,232,1,1,0.7974,133.40,279.07,13.86,10.27,149.50,312.50,23.00,19.00,0.0000,37.11,1,0,3.2674,ACCEPT,0,260,991,6105,4,376,232,0,0,0,0
263,0,1,1,ACCEPT,46.0113,3.0680,316,1,-5,0.0791,133.62,278.25,13.86,10.27,149.00,311.00,26.00,22.00,0.0000,36.18,1,0,3.2923,ACCEPT,0,325,994,4970,4,376,316,0,0,0,0
264,0,1,1,ACCEPT,32.3277,2.8382,193,-4,-5,0.0518,132.74,277.43,13.86,10.27,150.00,310.00,26.00,20.00,0.0000,36.86,1,0,3.3392,ACCEPT,0,223,538,6223,4,376,193,0,0,0,0
265,0,1,1,ACCEPT,40.6686,3.0556,275,1,-5,0.0545,132.96,276.61,13.86,10.27,151.00,311.00,24.00,18.00,0.0000,38.83,1,0,3.3616,ACCEPT,0,263,822,5842,4,376,275,0,0,0,0
266,0,1,1,ACCEPT,23.7494,1.1858,134,2,-5,0.0075,133.40,275.79,13.86,10.27,150.00,309.50,24.00,17.00,0.0000,37.58,1,0,3.2813,ACCEPT,0,220,1034,4357,4,376,134,0,0,0,0
267,0,1,1,ACCEPT,44.4355,4.3396,230,4,-5,0.0217,134.27,274.97,13.86,10.27,151.50,309.00,25.00,16.00,0.0000,38.14,1,0,3.2469,ACCEPT,0,250,1154,3941,4,376,230,0,0,0,0
268,0,1,1,ACCEPT,26.3438,1.2467,187,-4,-5,0.6952,133.40,274.15,13.86,10.27,152.00,309.00,24.00,16.00,0.0000,39.51,1,0,3.1504,ACCEPT,0,241,1148,5057,4,376,187,0,0,0,0
269,0,1,1,ACCEPT,39.3444,2.3704,320,5,1,0.4813,134.49,274.31,13.86,10.27,152.50,308.00,19.00,18.00,0.0000,38.20,1,0,3.2829,ACCEPT,0,307,1668,3826,4,376,320,0,0,0,0
270,0,1,1,ACCEPT,39.8027,4.0513,316,-1,1,0.7848,134.27,274.48,13.86,10.27,152.50,308.50,21.00,15.00,0.0000,38.60,1,0,3.3530,ACCEPT,0,290,729,6181,4,376,316,0,0,0,0
271,0,1,1,ACCEPT,28.8792,1.8408,289,2,1,0.6540,134.71,274.64,13.86,10.27,153.50,306.50,21.00,17.00,0.0000,36.99,1,0,3.2998,ACCEPT,0,382,844,7341,4,376,289,0,0,0,0
272,0,1,1,ACCEPT,26.9181,1.8675,310,-1,1,0.8742,134.49,274.80,13.86,10.27,153.50,307.50,21.00,15.00,0.0000,37.82,1,0,3.2857,ACCEPT,0,502,1017,6038,4,376,310,0,0,0,0
273,0,1,1,ACCEPT,34.6110,3.5000,364,7,1,0.0275,136.02,274.97,13.86,10.27,155.50,306.50,23.00,17.00,0.0000,37.06,1,0,3.0609,ACCEPT,0,495,1646,4447,4,376,364,0,0,0,0
274,0,1,1,ACCEPT,20.4304,1.2111,241,-2,1,0.5934,135.59,275.13,13.86,10.27,155.50,306.50,23.00,19.00,0.0000,37.15,1,0,3.0593,ACCEPT,0,549,1230,4602,4,376,241,0,0,0,0
275,0,1,1,ACCEPT,15.4610,1.3878,204,2,7,0.3725,136.02,276.28,13.86,10.27,156.50,306.50,21.00,17.00,0.0000,36.50,1,0,3.2856,ACCEPT,0,446,2025,4883,4,376,204,0,0,0,0
276,0,1,1,ACCEPT,14.2444,1.1534,203,5,1,0.4236,137.12,276.45,13.86,10.27,155.50,306.00,23.00,18.00,0.0000,34.81,1,0,3.4995,ACCEPT,0,520,2448,3957,4,376,203,0,0,0,0
277,0,1,1,ACCEPT,16.2984,2.1895,208,2,-5,0.1058,137.55,275.62,13.86,10.27,155.50,305.00,25.00,18.00,0.0000,34.42,1,0,3.3572,ACCEPT,0,467,2315,5589,4,376,208,0,0,0,0
278,0,1,1,ACCEPT,16.6293,2.4918,304,-4,-5,0.0724,136.68,274.80,13.86,10.27,155.50,305.00,25.00,18.00,0.0000,35.58,1,0,3.0931,ACCEPT,0,805,3408,4705,4,376,304,0,0,0,0
279,0,1,1,ACCEPT,17.5839,2.1366,391,4,1,0.4194,137.55,274.97,13.86,10.27,153.50,304.00,19.00,18.00,0.0000,33.12,1,0,3.2882,ACCEPT,0,820,2288,5144,4,376,391,0,0,0,0
280,0,1,1,ACCEPT,12.5196,1.6966,246,-6,1,0.1341,136.24,275.13,13.86,10.27,154.00,303.00,20.00,20.00,0.0000,33.04,1,0,3.2461,ACCEPT,0,900,3058,3787,4,376,246,0,0,0,0
281,0,1,1,ACCEPT,13.2619,1.8558,193,8,1,0.2798,137.99,275.30,13.86,10.27,154.00,302.00,22.00,20.00,0.0000,31.13,1,0,3.4422,ACCEPT,0,529,2269,5674,4,376,193,0,0,0,0
282,0,1,1,ACCEPT,16.5917,2.3678,206,0,-5,0.0243,137.99,274.48,13.86,10.27,157.50,300.50,23.00,19.00,0.0000,32.52,1,0,3.4517,ACCEPT,0,407,2370,4468,4,376,206,0,0,0,0
283,0,1,1,ACCEPT,14.9774,1.8608,147,5,-5,0.0680,139.09,273.66,13.86,10.27,156.00,300.00,20.00,20.00,0.0000,31.31,1,0,3.3701,ACCEPT,0,374,1443,4949,4,376,147,0,0,0,0
284,0,1,1,ACCEPT,5.2464,1.0000,33,0,-10,0.2424,139.09,272.02,13.86,10.27,157.00,298.50,26.00,19.00,0.0000,31.97,1,0,3.5967,ACCEPT,0,298,1408,3497,4,376,33,0,0,0,0
285,0,1,1,ACCEPT,8.8311,1.3125,42,-31,1,0.5000,132.30,272.18,13.86,10.27,158.00,296.50,26.00,19.00,0.0000,35.38,1,0,3.0851,ACCEPT,0,210,1074,3656,4,376,42,0,0,0,0
286,0,1,1,ACCEPT,5.4428,1.1250,27,-2,9,0.2222,131.87,273.66,14.42,10.68,158.50,294.50,25.00,19.00,0.0000,33.82,1,1,2.6323,ACCEPT,0,370,950,3016,4,376,27,0,0,0,0
287,0,1,0,LOW_PSR,3.9717,1.0000,9,1,25,0.3333,131.87,273.66,14.42,10.68,157.50,293.00,23.00,16.00,0.0000,32.11,0,0,0.0000,NOT_RUN,0,167,1278,0,4,376,9,0,0,0,0
288,0,1,0,NEGATIVE_PEAK,-3.9330,1.0000,-10,6,0,0.5000,131.87,273.66,14.42,10.68,159.00,288.50,26.00,17.00,0.0000,30.93,0,0,0.0000,NOT_RUN,0,163,1143,0,4,376,10,0,0,0,0
289,0,1,0,LOW_PSR,4.6513,1.0000,10,-37,13,0.5000,131.87,273.66,14.42,10.68,157.00,284.50,26.00,17.00,0.0000,27.37,0,0,0.0000,NOT_RUN,0,148,1467,0,4,376,10,0,0,0,0
290,0,1,0,NEGATIVE_PEAK,-5.2253,1.3333,-12,2,0,0.9167,131.87,273.66,14.42,10.68,156.50,280.50,21.00,17.00,0.0000,25.57,0,0,0.0000,NOT_RUN,0,140,1803,0,4,376,13,0,0,0,0
291,0,1,1,ACCEPT,5.6542,1.1000,11,-43,22,0.6364,122.12,277.27,14.42,10.68,156.00,275.00,22.00,16.00,0.0000,33.95,1,0,3.2561,ACCEPT,0,123,1854,1375,4,376,11,0,0,0,0
292,0,1,0,NEGATIVE_PEAK,-5.5949,1.0000,-13,-20,23,0.6154,122.12,277.27,14.42,10.68,155.00,270.00,22.00,16.00,0.0000,33.67,0,0,0.0000,NOT_RUN,0,182,880,0,4,376,13,0,0,0,0
293,0,1,1,ACCEPT,5.7367,1.1000,11,-4,27,0.2727,121.22,281.70,14.42,10.68,156.00,265.50,22.00,17.00,0.0000,38.37,1,0,3.2296,ACCEPT,0,163,1458,1658,4,376,11,0,0,0,0
294,0,1,0,NEGATIVE_PEAK,-4.7429,1.1429,-8,2,0,0.7500,121.22,281.70,14.42,10.68,155.00,259.50,22.00,17.00,0.0000,40.42,0,0,0.0000,NOT_RUN,0,120,1090,0,4,376,9,0,0,0,0
295,0,1,1,ACCEPT,5.9504,1.1000,11,21,8,0.7273,125.98,283.01,14.42,10.68,154.00,252.00,22.00,18.00,0.0000,41.79,1,0,3.2736,ACCEPT,0,103,2072,2195,4,376,11,0,0,0,0
296,0,1,1,ACCEPT,7.6037,1.4375,23,-7,33,0.4348,124.39,288.42,14.42,10.68,151.50,247.50,17.00,17.00,0.0000,49.09,1,0,2.9896,ACCEPT,0,159,883,3254,4,376,23,0,0,0,0
297,0,1,0,NEGATIVE_PEAK,-6.8873,1.3333,-12,10,-1,0.6667,124.39,288.42,14.42,10.68,153.50,240.00,21.00,20.00,0.0000,56.50,0,0,0.0000,NOT_RUN,0,75,1172,0,4,376,12,0,0,0,0
298,0,1,1,ACCEPT,5.4682,1.0000,9,18,25,0.3333,128.47,292.52,14.42,10.68,151.00,236.00,20.00,16.00,0.0000,60.85,1,0,2.5688,ACCEPT,0,74,2386,1056,4,376,9,0,0,0,0
299,0,1,1,ACCEPT,6.5335,1.1250,18,-21,7,0.0556,123.71,293.67,14.42,10.68,151.50,231.00,21.00,18.00,0.0000,68.56,1,0,3.5488,ACCEPT,0,277,878,5426,4,376,18,0,0,0,0
300,0,1,1,ACCEPT,7.1062,1.0588,18,11,38,0.4444,126.20,299.91,14.42,10.68,150.50,224.50,21.00,21.00,0.0000,79.22,1,0,3.2316,ACCEPT,0,246,407,5785,4,376,18,0,0,0,0
301,0,1,1,ACCEPT,5.2217,1.0588,18,13,13,0.0556,129.15,302.04,14.99,11.11,150.50,217.00,23.00,20.00,0.0000,87.68,1,1,2.5812,ACCEPT,0,216,1723,2495,4,376,18,0,0,0,0
302,0,1,0,NEGATIVE_PEAK,-5.0208,1.1000,-11,7,-11,0.4545,129.15,302.04,14.99,11.11,150.50,210.00,23.00,14.00,0.0000,94.48,0,0,0.0000,NOT_RUN,0,116,1756,0,4,376,11,0,0,0,0
303,0,1,1,ACCEPT,9.2771,1.3125,21,-31,33,0.1429,121.88,307.71,14.99,11.11,150.50,206.00,23.00,16.00,0.0000,105.66,1,0,3.5455,ACCEPT,0,112,1762,1851,4,376,21,0,0,0,0
304,0,1,1,ACCEPT,8.8921,1.2692,33,9,4,0.1515,123.99,308.40,14.42,10.68,148.50,202.00,21.00,14.00,0.0000,109.18,1,-1,3.0584,ACCEPT,0,175,1381,3438,4,376,33,0,0,0,0
305,0,1,1,ACCEPT,6.0388,1.2632,24,12,8,0.0000,126.71,309.71,14.42,10.68,148.50,195.00,21.00,14.00,0.0000,116.76,1,0,2.8734,ACCEPT,0,168,621,4360,4,376,24,0,0,0,0
306,0,1,1,ACCEPT,6.0564,1.0769,14,-20,25,0.7143,122.18,313.81,14.42,10.68,146.00,191.00,18.00,12.00,0.0000,125.10,1,0,2.8464,ACCEPT,0,128,1798,2019,4,376,14,0,0,0,0
307,0,1,1,ACCEPT,7.8602,1.0345,30,5,13,0.1000,123.31,315.95,14.42,10.68,145.00,187.00,18.00,10.00,0.0000,130.76,1,0,3.3928,ACCEPT,0,188,2205,3383,4,376,30,0,0,0,0
308,0,1,1,ACCEPT,8.0855,1.0714,30,9,-17,0.2667,125.35,313.16,14.42,10.68,145.50,184.50,21.00,11.00,0.0000,130.22,1,0,3.1875,ACCEPT,0,139,2555,2100,4,376,30,0,0,0,0
309,0,1,1,ACCEPT,9.9927,1.1111,30,0,-11,0.2333,125.35,311.35,14.42,10.68,146.50,183.50,21.00,13.00,0.0000,129.59,1,0,3.1811,ACCEPT,0,109,1901,2836,4,376,30,0,0,0,0
310,0,1,1,ACCEPT,11.9187,1.4000,42,-9,-11,0.2143,123.31,309.55,14.42,10.68,145.00,180.00,22.00,16.00,0.0000,131.35,1,0,3.0931,ACCEPT,0,136,2591,2219,4,376,42,0,0,0,0
311,0,1,1,ACCEPT,10.0379,1.0000,49,-7,-12,0.1837,121.73,307.58,14.42,10.68,144.00,179.00,20.00,18.00,0.0000,130.49,1,0,3.4685,ACCEPT,0,218,2924,2382,4,376,49,0,0,0,0
312,0,1,1,ACCEPT,14.1025,1.4231,74,-4,-5,0.1081,120.82,306.76,14.42,10.68,142.50,176.00,21.00,16.00,0.0000,132.54,1,0,3.4903,ACCEPT,0,221,2437,2861,4,376,74,0,0,0,0
313,0,1,1,ACCEPT,13.9763,1.1905,75,-5,-6,0.1867,119.69,305.77,14.42,10.68,137.50,173.00,13.00,14.00,0.0000,133.96,1,0,3.4070,ACCEPT,0,246,2339,3193,4,376,75,0,0,0,0
314,0,1,1,ACCEPT,15.8241,1.4333,86,-4,-5,0.1395,118.78,304.95,14.42,10.68,136.00,172.00,10.00,10.00,0.0000,134.06,1,0,3.4256,ACCEPT,0,235,2554,3055,4,376,86,0,0,0,0
315,0,1,1,ACCEPT,17.7850,1.2766,120,-1,1,0.8167,118.55,305.12,14.42,10.68,134.50,169.50,7.00,11.00,0.0000,136.55,1,0,3.3683,ACCEPT,0,342,1374,5444,4,376,120,0,0,0,0
316,0,1,1,ACCEPT,19.6300,1.6053,122,-7,1,0.2459,116.97,305.28,14.42,10.68,130.00,166.50,8.00,7.00,0.0000,139.39,1,0,3.2809,ACCEPT,0,274,1960,3394,4,376,122,0,0,0,0
317,0,1,1,ACCEPT,23.2267,1.6296,132,1,1,0.8182,117.20,305.45,14.42,10.68,130.50,167.00,9.00,6.00,0.0000,139.08,1,0,3.2488,ACCEPT,0,261,1435,3823,4,376,132,0,0,0,0
318,0,1,1,ACCEPT,22.3751,1.5600,156,-1,1,0.6859,116.97,305.61,14.42,10.68,130.00,164.50,10.00,11.00,0.0000,141.71,1,0,3.2845,ACCEPT,0,296,1529,4141,4,376,156,0,0,0,0
319,0,1,1,ACCEPT,22.5690,1.7727,117,-1,-5,0.0769,116.74,304.79,14.42,10.68,130.50,163.00,11.00,12.00,0.0000,142.45,1,0,3.3830,ACCEPT,0,209,1055,5083,4,376,117,0,0,0,0
320,0,1,1,ACCEPT,28.1884,1.9176,163,-5,1,0.2331,115.61,304.95,14.42,10.68,131.00,158.50,8.00,7.00,0.0000,147.26,1,0,3.3545,ACCEPT,0,297,1690,3907,4,376,163,0,0,0,0
321,0,1,1,ACCEPT,17.6225,1.6714,117,2,7,0.4017,116.06,306.10,14.42,10.68,134.50,158.00,19.00,10.00,0.0000,149.24,1,0,3.2759,ACCEPT,0,290,940,5404,4,376,117,0,0,0,0
322,0,1,1,ACCEPT,14.4539,1.2090,81,-4,1,0.2963,115.16,306.27,14.42,10.68,136.50,158.50,21.00,13.00,0.0000,149.30,1,0,3.3540,ACCEPT,0,232,1399,4296,4,376,81,0,0,0,0
323,0,1,1,ACCEPT,18.7246,1.5978,147,0,13,0.1293,115.16,308.40,14.42,10.68,136.00,158.00,22.00,14.00,0.0000,151.84,1,0,2.9951,ACCEPT,0,293,640,6820,4,376,147,0,0,0,0
324,0,1,1,ACCEPT,16.5458,1.1681,132,-3,7,0.0455,114.48,309.55,14.42,10.68,134.50,158.50,21.00,15.00,0.0000,152.37,1,0,2.8334,ACCEPT,0,322,1701,3645,4,376,132,0,0,0,0
325,0,1,1,ACCEPT,15.6093,1.1649,113,3,1,0.5310,115.16,309.71,14.42,10.68,134.50,158.50,21.00,15.00,0.0000,152.44,1,0,3.4140,ACCEPT,0,257,723,5050,4,376,113,0,0,0,0
326,0,1,1,ACCEPT,21.9403,1.4353,122,-7,7,0.1967,113.57,310.86,14.42,10.68,134.00,158.00,24.00,16.00,0.0000,154.22,1,0,3.3732,ACCEPT,0,243,735,5297,4,376,122,0,0,0,0
327,0,1,1,ACCEPT,14.8303,1.3077,102,-1,14,0.0196,113.34,313.16,14.42,10.68,133.50,159.50,21.00,15.00,0.0000,154.97,1,0,3.3849,ACCEPT,0,340,798,5314,4,376,102,0,0,0,0
328,0,1,1,ACCEPT,17.5466,1.9057,101,0,25,0.1485,113.34,317.26,14.42,10.68,131.50,162.50,21.00,17.00,0.0000,155.82,1,0,3.4641,ACCEPT,0,258,1167,3002,4,376,101,0,0,0,0
329,0,1,1,ACCEPT,14.2013,1.6585,68,0,26,0.2794,113.34,321.52,14.42,10.68,131.00,164.50,18.00,15.00,0.0000,158.01,1,0,3.4790,ACCEPT,0,173,807,3585,4,376,68,0,0,0,0
330,0,1,1,ACCEPT,16.0282,1.9062,61,-3,26,0.1311,112.66,325.79,14.42,10.68,133.50,165.50,23.00,13.00,0.0000,161.64,1,0,3.3158,ACCEPT,0,167,768,3288,4,376,61,0,0,0,0
331,0,1,1,ACCEPT,10.7397,1.0244,42,-4,32,0.2143,111.76,331.04,14.42,10.68,133.00,169.50,22.00,13.00,0.0000,162.93,1,0,3.4599,ACCEPT,0,160,836,3445,4,376,42,0,0,0,0
332,0,1,1,ACCEPT,15.9803,2.1818,48,-4,38,0.1667,110.85,337.27,14.42,10.68,132.50,171.50,19.00,15.00,0.0000,167.18,1,0,3.4525,ACCEPT,0,167,724,2723,4,376,48,0,0,0,0
333,0,1,1,ACCEPT,15.6993,1.8571,52,0,38,0.3077,110.85,343.51,14.42,10.68,132.50,177.50,19.00,15.00,0.0000,167.41,1,0,3.5208,ACCEPT,0,141,946,3079,4,376,52,0,0,0,0
334,0,1,1,ACCEPT,18.4276,1.9565,45,-5,38,0.1556,109.72,349.74,14.42,10.68,131.50,180.50,17.00,17.00,0.0000,170.64,1,0,3.5595,ACCEPT,0,134,585,3377,4,376,45,0,0,0,0
335,0,1,1,ACCEPT,15.4480,2.1111,38,0,38,0.2105,109.72,355.98,14.42,10.68,129.50,184.00,19.00,16.00,0.0000,173.11,1,0,3.5172,ACCEPT,0,137,677,3147,4,376,38,0,0,0,0
336,0,1,1,ACCEPT,14.3230,1.7778,32,-6,38,0.2188,108.36,362.21,14.42,10.68,130.00,189.50,18.00,17.00,0.0000,174.06,1,0,3.4618,ACCEPT,0,127,762,2832,4,376,32,0,0,0,0
337,0,1,1,ACCEPT,10.1321,1.3043,30,8,44,0.1667,110.17,369.43,14.42,10.68,131.00,194.50,18.00,17.00,0.0000,176.17,1,0,3.5323,ACCEPT,0,169,1103,2740,4,376,30,0,0,0,0
338,0,1,1,ACCEPT,13.3028,1.8421,35,-5,43,0.1714,109.04,376.48,14.42,10.68,131.50,198.00,19.00,16.00,0.0000,179.89,1,0,3.4635,ACCEPT,0,133,1032,2210,4,376,35,0,0,0,0
339,0,1,1,ACCEPT,7.9773,1.1154,29,1,38,0.2759,109.27,382.72,14.42,10.68,130.50,202.00,19.00,16.00,0.0000,181.96,1,0,3.1899,ACCEPT,0,160,762,3129,4,376,29,0,0,0,0
340,0,1,0,NEGATIVE_PEAK,-11.6704,1.3191,-62,-3,10,0.1290,109.27,382.72,14.42,10.68,128.00,205.50,16.00,13.00,0.0000,178.21,0,0,0.0000,NOT_RUN,0,185,688,0,4,376,62,0,0,0,0
341,0,1,0,NEGATIVE_PEAK,-11.0106,1.3902,-57,3,11,0.0702,109.27,382.72,14.42,10.68,130.00,210.00,18.00,16.00,0.0000,173.96,0,0,0.0000,NOT_RUN,0,240,1482,0,4,376,57,0,0,0,0
342,0,1,0,NEGATIVE_PEAK,-8.5544,1.0882,-37,-7,10,0.1081,109.27,382.72,14.42,10.68,129.50,215.00,19.00,14.00,0.0000,168.93,0,0,0.0000,NOT_RUN,0,159,909,0,4,376,37,0,0,0,0
343,0,1,0,NEGATIVE_PEAK,-7.7212,1.0345,-30,0,10,0.2333,109.27,382.72,14.42,10.68,127.50,219.50,15.00,13.00,0.0000,164.23,0,0,0.0000,NOT_RUN,0,179,1640,0,4,376,30,0,0,0,0
344,0,1,0,NEGATIVE_PEAK,-8.8008,1.2424,-41,-15,11,0.1463,109.27,382.72,14.42,10.68,125.00,224.00,22.00,14.00,0.0000,159.50,0,0,0.0000,NOT_RUN,0,206,969,0,4,376,41,0,0,0,0
345,0,1,0,NEGATIVE_PEAK,-9.4426,1.0811,-40,0,10,0.2750,109.27,382.72,14.42,10.68,126.00,229.50,24.00,15.00,0.0000,154.13,0,0,0.0000,NOT_RUN,0,170,776,0,4,376,40,0,0,0,0
346,0,1,0,NEGATIVE_PEAK,-9.9469,1.0270,-38,15,9,0.2895,109.27,382.72,14.42,10.68,125.00,234.50,24.00,13.00,0.0000,149.05,0,0,0.0000,NOT_RUN,0,212,1756,0,4,376,38,0,0,0,0
347,0,1,0,NEGATIVE_PEAK,-10.2163,1.0938,-35,6,9,0.2000,109.27,382.72,14.42,10.68,125.00,238.00,22.00,14.00,0.0000,145.57,0,0,0.0000,NOT_RUN,0,124,2031,0,4,376,35,0,0,0,0
348,0,1,0,NEGATIVE_PEAK,-14.6453,1.6286,-57,5,10,0.1930,109.27,382.72,14.42,10.68,124.50,244.00,21.00,14.00,0.0000,139.55,0,0,0.0000,NOT_RUN,0,216,1134,0,4,376,57,0,0,0,0
349,0,1,0,NEGATIVE_PEAK,-11.2086,1.2400,-62,9,11,0.1613,109.27,382.72,14.42,10.68,127.00,249.00,22.00,14.00,0.0000,134.89,0,0,0.0000,NOT_RUN,0,266,1612,0,4,376,62,0,0,0,0
350,0,1,0,NEGATIVE_PEAK,-9.3540,1.2857,-36,9,10,0.1111,109.27,382.72,14.42,10.68,128.00,254.50,24.00,13.00,0.0000,129.58,0,0,0.0000,NOT_RUN,0,184,2627,0,4,376,36,0,0,0,0
351,0,1,0,NEGATIVE_PEAK,-9.2032,1.2800,-32,7,10,0.2500,109.27,382.72,14.42,10.68,127.50,259.00,23.00,12.00,0.0000,125.06,0,0,0.0000,NOT_RUN,0,207,1641,0,4,376,32,0,0,0,0
352,0,1,0,NEGATIVE_PEAK,-6.2434,1.2105,-23,11,9,0.3478,109.27,382.72,14.42,10.68,127.50,267.00,27.00,12.00,0.0000,117.15,0,0,0.0000,NOT_RUN,0,231,1525,0,4,376,23,0,0,0,0
353,0,1,0,NEGATIVE_PEAK,-8.5727,1.0250,-41,19,10,0.0488,109.27,382.72,14.42,10.68,128.00,267.50,24.00,15.00,0.0000,116.73,0,0,0.0000,NOT_RUN,0,218,1424,0,4,376,41,0,0,0,0
354,0,1,0,NEGATIVE_PEAK,-5.5666,1.0667,-16,-7,9,0.5000,109.27,382.72,14.42,10.68,128.00,269.50,28.00,15.00,0.0000,114.76,0,0,0.0000,NOT_RUN,0,148,2637,0,4,376,16,0,0,0,0
355,0,1,0,NEGATIVE_PEAK,-6.5681,1.1333,-17,11,9,0.4118,109.27,382.72,14.42,10.68,127.50,274.00,27.00,16.00,0.0000,110.24,0,0,0.0000,NOT_RUN,0,130,2650,0,4,376,17,0,0,0,0
356,0,1,0,NEGATIVE_PEAK,-6.7402,1.2143,-17,11,9,0.4118,109.27,382.72,14.42,10.68,127.00,277.50,26.00,15.00,0.0000,106.70,0,0,0.0000,NOT_RUN,0,122,3121,0,4,376,17,0,0,0,0
357,0,1,0,NEGATIVE_PEAK,-6.5818,1.2143,-17,4,9,0.4118,109.27,382.72,14.42,10.68,128.00,281.00,26.00,14.00,0.0000,103.43,0,0,0.0000,NOT_RUN,0,103,1793,0,4,376,17,0,0,0,0
358,0,1,0,NEGATIVE_PEAK,-7.1030,1.1333,-17,3,9,0.4118,109.27,382.72,14.42,10.68,128.00,283.50,26.00,15.00,0.0000,100.97,0,0,0.0000,NOT_RUN,0,137,2081,0,4,376,17,0,0,0,0
359,0,1,1,ACCEPT,8.5506,1.3333,20,35,-5,0.3000,117.20,381.90,13.86,10.27,129.00,287.00,26.00,14.00,0.0000,95.63,1,-1,2.2519,ACCEPT,0,127,1412,3265,4,376,20,0,0,0,0
360,0,1,1,ACCEPT,8.7984,1.1389,41,-12,-11,0.2439,114.57,380.09,13.86,10.27,127.50,290.00,25.00,14.00,0.0000,91.02,1,-4,1.7555,MAX_STEP,0,204,642,5061,4,376,41,0,0,0,0
361,0,1,1,ACCEPT,11.3591,1.6552,96,1,20,0.2812,114.79,383.38,13.86,10.27,127.50,293.50,23.00,17.00,0.0000,90.77,1,-5,1.0454,MAX_STEP,0,447,1384,3517,4,376,96,0,0,0,0
362,0,1,1,ACCEPT,9.2409,1.4857,52,-6,-17,0.2692,113.48,380.59,13.86,10.27,128.00,297.00,26.00,18.00,0.0000,84.84,1,0,2.7610,ACCEPT,0,298,2013,2459,4,376,52,0,0,0,0
363,0,1,1,ACCEPT,9.5907,1.0862,63,1,9,0.3016,113.70,382.06,13.86,10.27,128.00,301.00,26.00,18.00,0.0000,82.31,1,-5,1.5096,MAX_STEP,0,222,828,3794,4,376,63,0,0,0,0
364,0,1,1,ACCEPT,13.0825,2.2632,43,20,-17,0.0930,118.07,379.27,13.86,10.27,127.50,303.50,25.00,17.00,0.0000,76.36,1,0,3.1828,ACCEPT,0,143,1491,3341,4,376,43,0,0,0,0
365,0,1,1,ACCEPT,12.8758,1.3000,78,6,26,0.0897,119.38,383.54,13.86,10.27,127.50,306.50,27.00,15.00,0.0000,77.47,1,-9,1.1562,MAX_STEP,0,284,1493,3069,4,376,78,0,0,0,0
366,0,1,0,NEGATIVE_PEAK,-8.1941,1.1000,-22,37,4,0.4091,119.38,383.54,13.86,10.27,127.50,308.50,25.00,17.00,0.0000,75.48,0,0,0.0000,NOT_RUN,0,128,539,0,4,376,22,0,0,0,0
367,0,1,1,ACCEPT,8.3266,1.2353,21,-35,3,0.3810,111.73,384.03,13.86,10.27,128.50,312.00,25.00,16.00,0.0000,73.96,1,-2,1.7724,OUT_OF_RANGE,0,146,788,3373,4,376,21,0,0,0,0
368,0,1,0,NEGATIVE_PEAK,-5.4580,1.0000,-11,1,3,0.8182,111.73,384.03,13.86,10.27,128.00,315.00,26.00,18.00,0.0000,70.92,0,0,0.0000,NOT_RUN,0,96,672,0,4,376,11,0,0,0,0
369,0,1,0,NEGATIVE_PEAK,-5.9523,1.0000,-12,-7,4,0.7500,111.73,384.03,13.86,10.27,128.50,318.50,25.00,17.00,0.0000,67.64,0,0,0.0000,NOT_RUN,0,99,833,0,4,376,12,0,0,0,0
370,0,1,0,NEGATIVE_PEAK,-10.2092,1.2941,-22,-25,5,0.3182,111.73,384.03,13.86,10.27,129.00,322.50,24.00,17.00,0.0000,63.91,0,0,0.0000,NOT_RUN,0,117,1312,0,4,376,22,0,0,0,0
371,0,1,0,NEGATIVE_PEAK,-10.7538,1.3750,-22,-15,4,0.4091,111.73,384.03,13.86,10.27,129.00,326.50,26.00,19.00,0.0000,60.07,0,0,0.0000,NOT_RUN,0,101,1465,0,4,376,22,0,0,0,0
372,0,1,1,ACCEPT,7.7923,1.0000,14,-17,8,0.6429,108.01,385.34,13.86,10.27,129.00,330.50,26.00,19.00,0.0000,58.72,1,-1,2.4527,OUT_OF_RANGE,0,105,890,3184,4,376,14,0,0,0,0
373,0,1,0,NEGATIVE_PEAK,-10.6839,1.2727,-28,-5,-2,0.4286,108.01,385.34,13.86,10.27,130.00,336.00,24.00,18.00,0.0000,54.02,0,0,0.0000,NOT_RUN,0,139,484,0,4,376,28,0,0,0,0
374,0,1,0,NEGATIVE_PEAK,-12.0924,1.6154,-42,2,-1,0.4524,108.01,385.34,13.86,10.27,129.00,339.50,22.00,19.00,0.0000,50.42,0,0,0.0000,NOT_RUN,0,216,1702,0,4,376,42,0,0,0,0
375,0,1,0,NEGATIVE_PEAK,-14.4906,1.4186,-61,14,-1,0.0820,108.01,385.34,13.86,10.27,129.00,344.50,24.00,19.00,0.0000,45.92,0,0,0.0000,NOT_RUN,0,271,1658,0,4,376,61,0,0,0,0
376,0,1,0,NEGATIVE_PEAK,-13.7866,1.7857,-50,7,-1,0.1600,108.01,385.34,13.86,10.27,131.50,350.00,25.00,18.00,0.0000,42.44,0,0,0.0000,NOT_RUN,0,206,949,0,4,376,50,0,0,0,0
